age,appearance,Goals_per90_min,Assists_per90_min,Goal Conceded_per90_min,minutes played,days_injured,games_injured,award,current_value,highest_value,position_encoded,team_encoded
32.0,104,0.0,0.0,1.207667731629393,9390,42,5,13,15000000,70000000,1,24865625.0
30.0,15,0.0,0.0,1.1733128834355828,1304,510,58,1,1500000,22000000,1,24865625.0
37.0,4,0.0,0.0,0.3082191780821918,292,697,84,4,600000,6000000,1,24865625.0
25.0,82,0.028089887640449437,0.042134831460674156,0.0,6408,175,22,9,50000000,50000000,2,24865625.0
30.0,63,0.017889087656529516,0.017889087656529516,0.0,5031,238,51,21,40000000,80000000,2,24865625.0
30.0,68,0.01889962200755985,0.0,0.0,4762,148,27,1,25000000,70000000,2,24865625.0
28.0,70,0.0,0.016450374702979345,0.0,5471,95,19,10,15000000,35000000,2,24865625.0
31.0,8,0.0,0.0,0.0,416,932,169,7,2000000,20000000,2,24865625.0
21.0,34,0.0,0.0,0.0,2758,47,13,0,2000000,2000000,2,24865625.0
27.0,74,0.0,0.1691151349504612,0.0,5854,443,70,4,35000000,42000000,2,24865625.0
23.0,89,0.0,0.0630959057767807,0.0,7132,182,15,3,22000000,22000000,2,24865625.0
22.0,34,0.0,0.03350707371556218,0.0,2686,175,28,1,10000000,12000000,2,24865625.0
24.0,72,0.03229278794402583,0.04843918191603875,0.0,5574,328,49,3,35000000,35000000,2,24865625.0
25.0,60,0.0,0.0,0.0,4783,126,20,1,22000000,40000000,2,24865625.0
31.0,101,0.07946518668012109,0.12487386478304743,0.0,7928,174,31,23,50000000,80000000,3,24865625.0
26.0,76,0.07680819287390656,0.01920204821847664,0.0,4687,249,53,2,25000000,35000000,3,24865625.0
31.0,55,0.04480955937266617,0.31366691560866317,0.0,4017,0,0,10,25000000,100000000,3,24865625.0
29.0,74,0.1440460947503201,0.08642765685019206,0.0,3124,280,35,8,20000000,42000000,3,24865625.0
30.0,92,0.18484288354898337,0.2033271719038817,0.0,4869,45,10,11,20000000,50000000,3,24865625.0
26.0,31,0.07778738115816768,0.0,0.0,1157,378,65,6,17000000,55000000,3,24865625.0
20.0,39,0.1291248206599713,0.032281205164992825,0.0,2788,0,0,1,800000,800000,3,24865625.0
18.0,51,0.12813211845102507,0.10250569476082004,0.0,3512,0,0,1,800000,800000,3,24865625.0
28.0,105,0.2293628808864266,0.28919667590027703,0.0,9025,14,2,11,75000000,90000000,3,24865625.0
25.0,88,0.5136813832466006,0.19640758771193553,0.0,5957,319,35,9,80000000,85000000,4,24865625.0
23.0,79,0.21978021978021978,0.10989010989010989,0.0,4914,173,32,5,55000000,130000000,4,24865625.0
21.0,63,0.20669291338582677,0.17716535433070865,0.0,3048,0,0,1,25000000,25000000,4,24865625.0
18.0,72,0.5257301808066759,0.2753824756606398,0.0,3595,50,11,2,25000000,25000000,4,24865625.0
23.0,80,0.3352522858110396,0.22858110396207246,0.0,5906,196,22,5,70000000,75000000,4,24865625.0
21.0,34,0.0,0.08737864077669903,0.0,1030,90,15,1,3000000,7000000,4,24865625.0
21.0,24,0.3176470588235294,0.10588235294117647,0.0,1700,135,12,0,0,50000000,4,24865625.0
27.0,52,0.36275695284159615,0.10882708585247884,0.0,2481,408,70,6,15000000,65000000,4,24865625.0
30.0,93,0.2706359945872801,0.13531799729364005,0.0,6651,46,7,4,14000000,30000000,4,24865625.0
30.0,41,0.0,0.0,0.8985024958402662,3606,34,4,16,8000000,17500000,1,20522727.272727273
38.0,75,0.0,0.0,1.3181337762343348,6623,554,99,4,1000000,9000000,1,20522727.272727273
27.0,70,0.08697052665485586,0.02899017555161862,0.0,6209,286,49,4,32000000,32000000,2,20522727.272727273
28.0,65,0.03337041156840934,0.01668520578420467,0.0,5394,624,68,9,28000000,35000000,2,20522727.272727273
26.0,72,0.03709810387469085,0.03709810387469085,0.0,4852,317,49,12,18000000,35000000,2,20522727.272727273
35.0,42,0.027059530968129887,0.0,0.0,3326,664,87,5,1000000,13000000,2,20522727.272727273
28.0,71,0.03434459072696051,0.05151688609044076,0.0,5241,289,37,7,12000000,30000000,2,20522727.272727273
33.0,80,0.028033016664071018,0.12614857498831958,0.0,6421,226,31,1,2500000,12000000,2,20522727.272727273
23.0,64,0.019543973941368076,0.019543973941368076,0.0,4605,7,1,1,12000000,12000000,2,20522727.272727273
30.0,72,0.0,0.078397212543554,0.0,5740,122,25,5,9000000,12000000,2,20522727.272727273
24.0,100,0.10501750291715285,0.073512252042007,0.0,8570,13,1,1,80000000,80000000,3,20522727.272727273
28.0,101,0.08944099378881988,0.0782608695652174,0.0,8050,9,1,9,35000000,45000000,3,20522727.272727273
24.0,74,0.0,0.01987632508833922,0.0,4528,0,0,1,8000000,8000000,3,20522727.272727273
25.0,87,0.21090454616466178,0.18278394000937354,0.0,6401,21,4,2,45000000,45000000,3,20522727.272727273
27.0,104,0.1930056087099967,0.13361926756845927,0.0,6062,18,3,2,25000000,30000000,3,20522727.272727273
30.0,69,0.22010271460014674,0.0880410858400587,0.0,4089,555,72,3,8000000,20000000,3,20522727.272727273
27.0,100,0.350076103500761,0.167427701674277,0.0,5913,14,2,1,22000000,25000000,4,20522727.272727273
26.0,51,0.2759678037562284,0.20697585281717132,0.0,2609,71,23,1,15000000,18000000,4,20522727.272727273
26.0,105,0.3239352129574085,0.2375524895020996,0.0,8335,2,0,1,38000000,42000000,4,20522727.272727273
24.0,65,0.5916187345932621,0.024650780608052588,0.0,3651,217,38,5,27000000,30000000,4,20522727.272727273
30.0,74,0.38961038961038963,0.20626432391138275,0.0,3927,721,116,2,16000000,22000000,4,20522727.272727273
33.0,95,0.36021345982804626,0.20011858879335903,0.0,6746,578,65,3,9000000,18000000,4,20522727.272727273
29.0,33,0.0,0.0,1.696969696969697,2970,127,29,2,8000000,10000000,1,16411111.111111112
25.0,65,0.0,0.0,1.257883074825294,5867,0,0,0,2000000,2000000,1,16411111.111111112
33.0,31,0.0,0.0,1.4838709677419355,2790,89,14,0,600000,3500000,1,16411111.111111112
25.0,78,0.06424900057110222,0.012849800114220445,0.0,7004,14,2,2,20000000,20000000,2,16411111.111111112
27.0,50,0.020925366193908394,0.0,0.0,4301,299,54,2,15000000,45000000,2,16411111.111111112
24.0,40,0.026362038664323375,0.026362038664323375,0.0,3414,339,48,0,15000000,15000000,2,16411111.111111112
28.0,64,0.0,0.0,0.0,5110,760,95,6,15000000,15000000,2,16411111.111111112
30.0,25,0.0,0.0,0.0,1465,241,35,0,5000000,20000000,2,16411111.111111112
35.0,41,0.027700831024930747,0.0,0.0,3249,438,67,12,3000000,15000000,2,16411111.111111112
20.0,71,0.0,0.08284241531664212,0.0,5432,90,10,1,12000000,12000000,2,16411111.111111112
21.0,57,0.0,0.02073255010366275,0.0,4341,0,0,2,10000000,12000000,2,16411111.111111112
33.0,12,0.0,0.0,0.0,812,872,129,4,1000000,20000000,2,16411111.111111112
27.0,78,0.04247286455875413,0.04247286455875413,0.0,6357,235,30,1,28000000,28000000,2,16411111.111111112
25.0,35,0.03235082674335011,0.03235082674335011,0.0,2782,535,79,2,25000000,25000000,2,16411111.111111112
29.0,35,0.12993262752646775,0.12993262752646775,0.0,2078,587,79,4,12000000,40000000,2,16411111.111111112
26.0,61,0.04054054054054054,0.0,0.0,4440,234,44,2,32000000,60000000,3,16411111.111111112
24.0,59,0.0,0.0,0.0,3545,0,0,2,20000000,28000000,3,16411111.111111112
30.0,42,0.0389779125162408,0.0389779125162408,0.0,2309,459,62,2,3500000,12000000,3,16411111.111111112
26.0,87,0.14296028880866427,0.0779783393501805,0.0,6925,133,27,7,30000000,55000000,3,16411111.111111112
24.0,78,0.0794912559618442,0.0794912559618442,0.0,5661,4,1,1,25000000,25000000,3,16411111.111111112
29.0,51,0.07142857142857142,0.07142857142857142,0.0,2520,383,74,9,8000000,25000000,3,16411111.111111112
26.0,85,0.4062550378848944,0.29018216991778173,0.0,6203,246,30,2,55000000,60000000,3,16411111.111111112
25.0,88,0.321029776674938,0.22332506203473945,0.0,6448,122,16,2,32000000,35000000,4,16411111.111111112
23.0,72,0.3810160427807487,0.22058823529411764,0.0,4488,0,0,4,25000000,28000000,4,16411111.111111112
24.0,74,0.3971756398940865,0.2118270079435128,0.0,3399,58,13,13,20000000,22000000,4,16411111.111111112
26.0,78,0.37016726076227036,0.3208116259939676,0.0,3647,17,3,4,17000000,20000000,4,16411111.111111112
36.0,75,0.4659014179608373,0.14179608372721134,0.0,4443,198,37,8,4000000,20000000,4,16411111.111111112
30.0,74,0.0,0.0,1.1935975609756098,6560,9,1,8,28000000,35000000,1,19000000.0
33.0,18,0.0,0.0,1.9883040935672514,1539,84,14,7,2000000,10000000,1,19000000.0
30.0,8,0.0,0.0,0.6987577639751553,644,718,84,1,600000,2000000,1,19000000.0
21.0,17,0.0,0.0,1.411764705882353,1530,42,10,0,400000,400000,1,19000000.0
30.0,48,0.06596628389934034,0.0,0.0,4093,258,36,2,30000000,50000000,2,19000000.0
30.0,74,0.013742556115437472,0.06871278057718735,0.0,6549,635,86,0,25000000,32000000,2,19000000.0
25.0,70,0.030176026823134954,0.0,0.0,5965,85,5,1,22000000,25000000,2,19000000.0
28.0,33,0.09911894273127753,0.0,0.0,1816,458,66,2,8000000,18000000,2,19000000.0
29.0,83,0.058612829697167045,0.16118528166720938,0.0,6142,72,12,2,20000000,20000000,2,19000000.0
29.0,62,0.06540697674418605,0.06540697674418605,0.0,4128,245,36,12,17000000,35000000,2,19000000.0
25.0,68,0.049514028974876216,0.0825233816247937,0.0,5453,120,19,1,22000000,25000000,2,19000000.0
37.0,57,0.02536640360766629,0.02536640360766629,0.0,3548,510,73,8,1000000,27000000,2,19000000.0
23.0,74,0.0,0.03139169863969306,0.0,5734,188,33,0,25000000,37000000,3,19000000.0
28.0,60,0.08091099790230746,0.10788133053640996,0.0,3337,114,18,6,17000000,32000000,3,19000000.0
25.0,75,0.13482023968042608,0.13482023968042608,0.0,6008,64,7,1,35000000,38000000,3,19000000.0
22.0,73,0.20335153455093202,0.15251365091319902,0.0,5311,46,4,0,32000000,32000000,3,19000000.0
28.0,72,0.04454710443821152,0.1039432436891602,0.0,6061,327,37,3,27000000,32000000,3,19000000.0
25.0,54,0.15641293013555788,0.15641293013555788,0.0,2877,153,22,0,25000000,45000000,4,19000000.0
30.0,57,0.22012578616352202,0.09433962264150944,0.0,2862,564,91,15,14000000,150000000,4,19000000.0
26.0,78,0.15775635407537247,0.15775635407537247,0.0,4564,176,24,3,28000000,35000000,4,19000000.0
27.0,36,0.30201342281879195,0.06040268456375839,0.0,1490,254,33,1,14000000,20000000,4,19000000.0
27.0,76,0.38207547169811323,0.09905660377358491,0.0,6360,0,0,1,32000000,35000000,4,19000000.0
19.0,12,0.0,0.0,0.0,124,0,0,0,12000000,12000000,4,19000000.0
30.0,76,0.0,0.0,1.2847682119205297,6795,151,5,6,18000000,18000000,1,14239285.714285715
29.0,55,0.0,0.0,1.4917127071823204,4887,4,1,0,1800000,4000000,1,14239285.714285715
21.0,60,0.0,0.0,1.1967213114754098,5490,9,2,1,200000,200000,1,14239285.714285715
26.0,75,0.013398838767306834,0.0,0.0,6717,39,6,0,25000000,25000000,2,14239285.714285715
22.0,53,0.04287756074321105,0.0,0.0,4198,66,11,0,22000000,22000000,2,14239285.714285715
33.0,80,0.08103241296518607,0.013505402160864346,0.0,6664,85,15,1,2500000,8000000,2,14239285.714285715
24.0,47,0.05132591958939264,0.0,0.0,3507,0,0,0,2500000,2500000,2,14239285.714285715
21.0,54,0.04938271604938271,0.14814814814814814,0.0,3645,210,28,0,22000000,22000000,2,14239285.714285715
29.0,36,0.10301411674933232,0.0,0.0,2621,617,69,1,17000000,20000000,2,14239285.714285715
20.0,46,0.08305136880959704,0.24915410642879113,0.0,3251,13,0,0,200000,200000,2,14239285.714285715
29.0,70,0.0,0.03362600410984495,0.0,5353,282,38,11,15000000,40000000,2,14239285.714285715
26.0,77,0.1278812756551942,0.04262709188506473,0.0,6334,83,10,2,40000000,50000000,3,14239285.714285715
29.0,77,0.05447941888619855,0.03631961259079903,0.0,4956,304,51,5,10000000,15000000,3,14239285.714285715
21.0,43,0.07272727272727272,0.07272727272727272,0.0,2475,148,24,0,5000000,5000000,3,14239285.714285715
20.0,38,0.1485148514851485,0.07425742574257425,0.0,2424,0,0,2,500000,500000,3,14239285.714285715
24.0,91,0.08143568089277635,0.08143568089277635,0.0,6631,20,4,4,45000000,45000000,3,14239285.714285715
22.0,11,0.1382488479262673,0.0,0.0,651,0,0,5,15000000,15000000,3,14239285.714285715
36.0,75,0.017045454545454544,0.05113636363636364,0.0,5280,146,24,16,2000000,30000000,3,14239285.714285715
27.0,67,0.28931154567372086,0.09643718189124029,0.0,3733,394,59,3,20000000,25000000,4,14239285.714285715
23.0,32,0.16728624535315986,0.5576208178438662,0.0,1614,327,44,2,2500000,3000000,4,14239285.714285715
23.0,34,0.05806451612903226,0.0,0.0,1550,498,68,2,32000000,38000000,4,14239285.714285715
31.0,79,0.43345008756567427,0.17732049036777583,0.0,4568,93,18,11,16000000,40000000,4,14239285.714285715
27.0,80,0.07165605095541401,0.14331210191082802,0.0,3768,200,25,2,12000000,40000000,4,14239285.714285715
24.0,75,0.2502606882168926,0.28154327424400416,0.0,2877,150,18,2,30000000,32000000,4,14239285.714285715
25.0,19,0.3597601598934044,0.23984010659560293,0.0,1501,1088,119,0,18000000,25000000,4,14239285.714285715
27.0,66,0.2381652455160247,0.10585122022934432,0.0,3401,418,56,8,12000000,16000000,4,14239285.714285715
32.0,56,0.21011673151750973,0.11673151750972763,0.0,3855,415,63,11,9000000,50000000,4,14239285.714285715
34.0,25,0.06746626686656672,0.0,0.0,1334,310,60,14,3500000,60000000,4,14239285.714285715
21.0,83,0.0,0.0,1.3734939759036144,7470,0,0,0,18000000,18000000,1,13233333.333333334
33.0,29,0.0,0.0,1.7045454545454546,2640,647,96,1,2000000,6500000,1,13233333.333333334
41.0,5,0.0,0.0,1.5,480,296,32,9,200000,5000000,1,13233333.333333334
21.0,52,0.0,0.021728633510381457,0.0,4142,93,16,1,20000000,20000000,2,13233333.333333334
24.0,65,0.0,0.0,0.0,5681,224,37,0,18000000,18000000,2,13233333.333333334
26.0,58,0.0785683107813182,0.01964207769532955,0.0,4582,26,3,7,14000000,25000000,2,13233333.333333334
27.0,61,0.055090797796368086,0.0,0.0,4901,0,0,2,14000000,25000000,2,13233333.333333334
26.0,48,0.0,0.029605263157894735,0.0,3040,516,69,0,4000000,8000000,2,13233333.333333334
25.0,59,0.10531242686637023,0.04212497074654809,0.0,4273,0,0,0,12000000,12000000,2,13233333.333333334
19.0,24,0.0,0.05976095617529881,0.0,1506,206,32,3,7000000,7000000,2,13233333.333333334
26.0,75,0.04441519986839941,0.04441519986839941,0.0,6079,147,22,1,25000000,25000000,2,13233333.333333334
20.0,35,0.036115569823434994,0.07223113964686999,0.0,2492,381,47,0,25000000,25000000,2,13233333.333333334
25.0,83,0.02452316076294278,0.1226158038147139,0.0,7340,43,8,1,3000000,3000000,2,13233333.333333334
19.0,65,0.03562240253314863,0.05343360379972294,0.0,5053,55,8,4,25000000,25000000,3,13233333.333333334
24.0,56,0.031446540880503145,0.06289308176100629,0.0,2862,76,13,0,8000000,15000000,3,13233333.333333334
28.0,87,0.2446918694976696,0.13982392542723976,0.0,7724,95,11,0,38000000,38000000,3,13233333.333333334
20.0,21,0.21445591739475775,0.14297061159650518,0.0,1259,27,6,1,12000000,12000000,3,13233333.333333334
31.0,65,0.13329383886255924,0.0533175355450237,0.0,3376,259,39,8,6000000,8000000,3,13233333.333333334
25.0,50,0.0,0.06234845860755109,0.0,2887,97,17,7,8000000,18000000,3,13233333.333333334
26.0,85,0.1624015748031496,0.1328740157480315,0.0,6096,124,23,2,15000000,15000000,3,13233333.333333334
21.0,66,0.21545827633378933,0.18467852257181944,0.0,2924,90,18,0,22000000,22000000,4,13233333.333333334
28.0,71,0.1699181875393329,0.11327879169288861,0.0,4767,102,19,8,12000000,15000000,4,13233333.333333334
24.0,40,0.051605504587155966,0.15481651376146788,0.0,1744,148,21,1,10000000,13000000,4,13233333.333333334
30.0,82,0.46951418324095207,0.19074013694163677,0.0,6134,16,3,7,7000000,12000000,4,13233333.333333334
20.0,45,0.10436799381523,0.10436799381523,0.0,2587,0,0,4,7000000,7000000,4,13233333.333333334
34.0,37,0.24549918166939444,0.09819967266775777,0.0,1833,605,92,5,1800000,28000000,4,13233333.333333334
26.0,68,0.3390957446808511,0.09973404255319149,0.0,4512,19,1,1,22000000,22000000,4,13233333.333333334
29.0,76,0.7109004739336493,0.0533175355450237,0.0,5064,125,19,6,17000000,22000000,4,13233333.333333334
26.0,68,0.09508716323296355,0.07131537242472266,0.0,3786,26,5,3,12000000,18000000,4,13233333.333333334
20.0,58,0.542713567839196,0.18090452261306533,0.0,1990,0,0,0,12000000,12000000,4,13233333.333333334
25.0,63,0.0,0.0,1.168421052631579,5700,0,0,0,32000000,32000000,1,14348000.0
32.0,25,0.0,0.0,1.2,2250,158,25,0,1000000,1500000,1,14348000.0
23.0,23,0.0,0.0,1.391304347826087,2070,0,0,0,200000,200000,1,14348000.0
28.0,57,0.06873727087576374,0.022912423625254582,0.0,3928,447,63,0,22000000,22000000,2,14348000.0
31.0,73,0.04180213655364608,0.0,0.0,6459,78,12,1,18000000,27000000,2,14348000.0
20.0,56,0.040277466994853434,0.08055493398970687,0.0,4469,97,16,0,16000000,16000000,2,14348000.0
22.0,47,0.025996533795493933,0.025996533795493933,0.0,3462,0,0,0,4000000,5000000,2,14348000.0
25.0,82,0.0166358595194085,0.14972273567467653,0.0,5410,191,30,1,20000000,20000000,2,14348000.0
22.0,58,0.0,0.10231148162182645,0.0,2639,383,53,1,15000000,18000000,2,14348000.0
31.0,72,0.016474464579901153,0.016474464579901153,0.0,5463,584,76,7,10000000,10000000,2,14348000.0
21.0,69,0.06484149855907781,0.06484149855907781,0.0,5552,26,8,2,55000000,55000000,3,14348000.0
24.0,76,0.25383395029085143,0.09518773135906927,0.0,5673,38,4,3,42000000,42000000,3,14348000.0
24.0,32,0.0897308075772682,0.1345962113659023,0.0,2006,377,44,0,12000000,12000000,3,14348000.0
21.0,45,0.0,0.13100436681222707,0.0,2748,169,25,2,9000000,15000000,3,14348000.0
31.0,77,0.15870471304905417,0.20198781660788714,0.0,6238,149,20,3,8000000,12000000,3,14348000.0
19.0,13,0.0,0.0,0.0,670,0,0,0,4000000,4000000,3,14348000.0
18.0,14,0.14285714285714285,0.14285714285714285,0.0,630,10,1,0,9000000,9000000,3,14348000.0
20.0,27,0.11124845488257108,0.22249690976514216,0.0,809,211,37,0,5000000,5000000,3,14348000.0
35.0,43,0.07380073800738007,0.03690036900369004,0.0,2439,506,83,5,1500000,25000000,3,14348000.0
26.0,70,0.3288907996560619,0.23215821152192606,0.0,4652,37,6,3,22000000,22000000,4,14348000.0
28.0,72,0.13918422578774406,0.15658225401121206,0.0,5173,264,34,0,18000000,18000000,4,14348000.0
19.0,30,0.43121149897330596,0.2464065708418891,0.0,1461,143,18,2,11000000,11000000,4,14348000.0
18.0,58,0.6408430646539447,0.15380233551694675,0.0,3511,0,0,0,10000000,10000000,4,14348000.0
32.0,64,0.2924451665312754,0.17059301380991065,0.0,3693,1060,168,11,8000000,18000000,4,14348000.0
26.0,71,0.7168866636322258,0.26627218934911245,0.0,4394,96,14,3,6000000,8000000,4,14348000.0
29.0,75,0.0,0.0,1.64,6750,116,22,2,25000000,40000000,1,14116000.0
35.0,10,0.0,0.0,1.5483870967741935,930,42,7,5,1000000,13000000,1,14116000.0
39.0,0,,,,0,255,32,3,200000,700000,1,14116000.0
30.0,77,0.01319067858713176,0.03957203576139528,0.0,6823,169,17,1,22000000,28000000,2,14116000.0
30.0,67,0.07628411595185625,0.0,0.0,5899,18,1,2,18000000,25000000,2,14116000.0
25.0,42,0.0,0.0,0.0,3328,146,22,2,15000000,25000000,2,14116000.0
26.0,38,0.05895840157222404,0.02947920078611202,0.0,3053,178,24,2,12000000,20000000,2,14116000.0
28.0,22,0.1678060907395898,0.0,0.0,1609,614,96,5,12000000,30000000,2,14116000.0
30.0,52,0.081008100810081,0.081008100810081,0.0,4444,47,8,2,10000000,30000000,2,14116000.0
24.0,72,0.0,0.030711482682136155,0.0,5861,125,22,4,22000000,22000000,2,14116000.0
24.0,22,0.0,0.08411214953271028,0.0,1070,109,19,5,5000000,10000000,2,14116000.0
21.0,36,0.0,0.07898200965335674,0.0,2279,121,19,1,14000000,14000000,2,14116000.0
34.0,60,0.018556701030927835,0.0,0.0,4850,732,92,0,1200000,19000000,2,14116000.0
21.0,77,0.08080808080808081,0.06060606060606061,0.0,4455,28,5,0,42000000,42000000,3,14116000.0
22.0,67,0.05453443748737629,0.1817814582912543,0.0,4951,100,9,0,14000000,14000000,3,14116000.0
30.0,61,0.12151215121512152,0.10126012601260126,0.0,4444,405,49,0,12000000,25000000,3,14116000.0
24.0,28,0.0897308075772682,0.0897308075772682,0.0,1003,235,33,1,12000000,18000000,3,14116000.0
33.0,67,0.0761743546339399,0.019043588658484975,0.0,4726,141,28,10,8000000,30000000,3,14116000.0
27.0,73,0.062122519413287315,0.17083692838654013,0.0,5795,87,13,3,25000000,32000000,3,14116000.0
26.0,75,0.20134228187919462,0.10067114093959731,0.0,5364,31,4,1,20000000,22000000,4,14116000.0
23.0,79,0.091324200913242,0.060882800608828,0.0,5913,41,4,0,18000000,25000000,4,14116000.0
31.0,28,0.2903225806451613,0.14516129032258066,0.0,1860,587,69,1,2500000,15000000,4,14116000.0
26.0,36,0.21369212504946578,0.10684606252473289,0.0,2527,383,48,4,25000000,45000000,4,14116000.0
26.0,64,0.2150252190071675,0.04778338200159278,0.0,3767,316,38,0,13000000,22000000,4,14116000.0
22.0,54,0.38555691554467564,0.11015911872705018,0.0,3268,40,8,2,4000000,4000000,4,14116000.0
26.0,25,0.0,0.0,1.5943312666076173,2258,197,3,2,22000000,22000000,1,9504285.714285715
36.0,45,0.0,0.0,1.254355400696864,4018,161,28,26,5000000,20000000,1,9504285.714285715
36.0,12,0.0,0.0,1.7272727272727273,990,370,50,2,500000,5500000,1,9504285.714285715
27.0,47,0.06782215523737754,0.0,0.0,3981,237,35,0,18000000,18000000,2,9504285.714285715
26.0,75,0.013994713108381279,0.027989426216762557,0.0,6431,372,40,0,10000000,10000000,2,9504285.714285715
26.0,80,0.026682478505781204,0.0,0.0,6746,267,51,0,8000000,10000000,2,9504285.714285715
32.0,26,0.0,0.0,0.0,2008,348,62,2,4000000,18000000,2,9504285.714285715
32.0,38,0.0,0.0,0.0,3128,233,24,2,3000000,12000000,2,9504285.714285715
34.0,55,0.04677754677754678,0.04677754677754678,0.0,3848,89,7,7,3000000,32000000,2,9504285.714285715
25.0,74,0.0827966881324747,0.10349586016559338,0.0,4348,21,5,2,20000000,50000000,2,9504285.714285715
25.0,17,0.0,0.0,0.0,575,356,46,2,7000000,7000000,2,9504285.714285715
27.0,69,0.08668849932575612,0.156039298786361,0.0,5191,12,3,1,3500000,3500000,2,9504285.714285715
22.0,59,0.0700570835495589,0.1167618059159315,0.0,3854,105,17,4,18000000,18000000,2,9504285.714285715
23.0,38,0.0,0.07089405277668373,0.0,2539,277,31,0,7000000,8000000,2,9504285.714285715
30.0,52,0.026905829596412557,0.026905829596412557,0.0,3345,219,51,13,6000000,20000000,2,9504285.714285715
22.0,17,0.21176470588235294,0.1411764705882353,0.0,1275,8,3,5,25000000,25000000,3,9504285.714285715
33.0,53,0.027598896044158234,0.0,0.0,3261,360,49,7,3000000,12000000,3,9504285.714285715
33.0,62,0.08185538881309687,0.0,0.0,4398,172,29,1,800000,7500000,3,9504285.714285715
25.0,61,0.02330398757120663,0.11651993785603314,0.0,3862,273,25,1,12000000,22000000,3,9504285.714285715
31.0,76,0.014732362088721558,0.08839417253232935,0.0,6109,18,5,0,10000000,25000000,3,9504285.714285715
25.0,82,0.13681970203709334,0.054727880814837336,0.0,6578,86,15,0,8000000,8000000,3,9504285.714285715
31.0,39,0.03180212014134275,0.0636042402826855,0.0,2830,419,55,2,7000000,18000000,3,9504285.714285715
33.0,16,0.0,0.0,0.0,1080,371,39,1,600000,7000000,3,9504285.714285715
30.0,23,0.0,0.2702702702702703,0.0,666,75,12,5,600000,2500000,3,9504285.714285715
23.0,80,0.23487872275099786,0.23487872275099786,0.0,6514,253,35,2,30000000,30000000,3,9504285.714285715
22.0,97,0.32032540994025677,0.13728231854582432,0.0,7867,0,0,0,30000000,30000000,3,9504285.714285715
30.0,42,0.1624548736462094,0.1624548736462094,0.0,1662,342,56,5,12000000,40000000,3,9504285.714285715
29.0,12,0.0,0.0,0.0,695,40,9,6,12000000,12000000,3,9504285.714285715
33.0,50,0.6187693365417669,0.061876933654176694,0.0,2909,320,51,10,2200000,18000000,4,9504285.714285715
21.0,49,0.2834008097165992,0.08097165991902834,0.0,2223,55,10,0,600000,600000,4,9504285.714285715
25.0,73,0.6051098162259076,0.10085163603765128,0.0,4462,261,26,3,20000000,20000000,4,9504285.714285715
25.0,62,0.2810304449648712,0.2107728337236534,0.0,3843,117,5,3,10000000,17000000,4,9504285.714285715
31.0,67,0.20579268292682926,0.0,0.0,3936,278,38,8,10000000,18000000,4,9504285.714285715
24.0,75,0.5464895635673624,0.17077798861480076,0.0,2635,56,0,0,3500000,3500000,4,9504285.714285715
33.0,34,0.3826169107227208,0.042512990080302314,0.0,2117,23,5,0,350000,1800000,4,9504285.714285715
23.0,80,0.0,0.0,1.9344033496161899,7165,22,2,1,22000000,22000000,1,13250000.0
22.0,32,0.0,0.0,2.134513274336283,2825,28,6,0,2000000,2000000,1,13250000.0
32.0,11,0.0,0.0,1.6764705882352942,1020,0,0,6,1200000,7500000,1,13250000.0
26.0,60,0.0,0.0,0.0,5050,295,49,0,18000000,18000000,2,13250000.0
25.0,76,0.11954175659970115,0.08965631744977585,0.0,6023,274,28,10,12000000,12000000,2,13250000.0
31.0,42,0.05283240387437629,0.026416201937188143,0.0,3407,234,37,3,5000000,7000000,2,13250000.0
23.0,64,0.07659574468085106,0.0,0.0,4700,44,6,2,20000000,20000000,2,13250000.0
26.0,54,0.022466300549176237,0.06739890164752871,0.0,4006,373,51,2,12000000,25000000,2,13250000.0
25.0,75,0.17515407071034705,0.11676938047356471,0.0,6166,171,17,11,15000000,15000000,2,13250000.0
31.0,62,0.07553503986571548,0.07553503986571548,0.0,4766,253,41,3,2000000,5000000,2,13250000.0
32.0,37,0.028607755880483154,0.028607755880483154,0.0,3146,549,77,1,2000000,4000000,2,13250000.0
24.0,63,0.0,0.02069441250862267,0.0,4349,255,36,5,20000000,20000000,3,13250000.0
26.0,49,0.0,0.05870841487279843,0.0,3066,112,17,6,15000000,30000000,3,13250000.0
24.0,70,0.10797840431913618,0.035992801439712056,0.0,5001,313,50,4,21000000,25000000,3,13250000.0
31.0,42,0.0,0.0,0.0,2422,761,77,2,1800000,5000000,3,13250000.0
22.0,82,0.1109936575052854,0.19027484143763213,0.0,5676,35,4,6,30000000,30000000,3,13250000.0
21.0,56,0.3450679679330777,0.3450679679330777,0.0,2869,0,0,0,4000000,4000000,3,13250000.0
26.0,78,0.22777121646701534,0.16703222540914459,0.0,5927,94,13,1,22000000,28000000,4,13250000.0
23.0,71,0.5170364500792393,0.26743264659271,0.0,5048,470,38,0,22000000,25000000,4,13250000.0
19.0,81,0.3138804929086259,0.20925366193908393,0.0,4301,7,1,4,18000000,18000000,4,13250000.0
21.0,56,0.3474903474903475,0.18954018954018953,0.0,2849,7,1,1,12000000,12000000,4,13250000.0
21.0,69,0.27754415475189237,0.20185029436501262,0.0,3567,58,2,0,22000000,22000000,4,13250000.0
29.0,43,0.37267080745341613,0.2236024844720497,0.0,2415,383,53,2,10000000,22000000,4,13250000.0
32.0,69,0.39551746868820037,0.03955174686882004,0.0,4551,416,63,7,9000000,50000000,4,13250000.0
30.0,47,0.0,0.0,0.8936170212765957,4230,74,22,6,4000000,12000000,1,12398000.0
36.0,58,0.0,0.0,1.2,5175,182,34,0,1500000,10000000,1,12398000.0
19.0,36,0.0,0.0,1.761467889908257,3270,0,0,0,250000,250000,1,12398000.0
22.0,82,0.06111639277468423,0.012223278554936847,0.0,7363,10,3,3,35000000,35000000,2,12398000.0
26.0,72,0.0,0.04328310355883296,0.0,6238,83,12,0,32000000,32000000,2,12398000.0
23.0,34,0.0,0.0,0.0,2122,332,21,8,10000000,12000000,2,12398000.0
22.0,8,0.0,0.0,0.0,466,697,82,0,2000000,4500000,2,12398000.0
34.0,16,0.17110266159695817,0.0,0.0,1052,771,78,0,1000000,8000000,2,12398000.0
23.0,79,0.0,0.04176980198019802,0.0,6464,224,5,0,28000000,28000000,2,12398000.0
32.0,47,0.0,0.02469813391877058,0.0,3644,675,108,1,3000000,21000000,2,12398000.0
33.0,62,0.0,0.0,0.0,5260,160,25,0,2000000,5000000,2,12398000.0
23.0,72,0.0,0.10382333553065261,0.0,6068,24,4,0,30000000,30000000,3,12398000.0
26.0,14,0.0,0.0,0.0,380,153,19,3,4000000,8000000,3,12398000.0
32.0,41,0.05555555555555555,0.0,0.0,1620,88,15,7,2500000,25000000,3,12398000.0
23.0,48,0.0,0.0,0.0,2903,265,31,0,15000000,16000000,3,12398000.0
21.0,33,0.049153468050245765,0.09830693610049153,0.0,1831,196,18,0,10000000,10000000,3,12398000.0
28.0,51,0.037267080745341616,0.037267080745341616,0.0,2415,490,85,0,5000000,18000000,3,12398000.0
35.0,27,0.0,0.22698612862547288,0.0,1586,240,33,1,700000,7000000,3,12398000.0
30.0,73,0.13141426783479349,0.056320400500625784,0.0,4794,445,59,2,8000000,12000000,3,12398000.0
24.0,59,0.26506024096385544,0.12048192771084337,0.0,3735,166,12,0,30000000,30000000,3,12398000.0
30.0,65,0.3596077006901562,0.08172902288412641,0.0,5506,231,30,2,27000000,55000000,4,12398000.0
21.0,72,0.11831726555652936,0.37467134092900967,0.0,4564,14,3,0,27000000,27000000,4,12398000.0
25.0,79,0.3401039206424185,0.12753897024090693,0.0,4234,130,28,16,17000000,17000000,4,12398000.0
25.0,61,0.3481624758220503,0.03481624758220503,0.0,2585,132,15,0,9000000,22000000,4,12398000.0
31.0,75,0.123094958968347,0.123094958968347,0.0,5118,20,2,6,6000000,10000000,4,12398000.0
31.0,45,0.0,0.0,1.4222222222222223,4050,126,15,5,10000000,35000000,1,10562500.0
26.0,42,0.0,0.0,0.7857142857142857,3780,55,9,1,3500000,6000000,1,10562500.0
26.0,55,0.020613834173156206,0.06184150251946862,0.0,4366,129,19,1,18000000,35000000,2,10562500.0
25.0,73,0.028368794326241134,0.014184397163120567,0.0,6345,0,0,2,15000000,18000000,2,10562500.0
31.0,27,0.04896626768226333,0.04896626768226333,0.0,1838,173,27,3,2500000,12000000,2,10562500.0
35.0,82,0.024858444966164895,0.024858444966164895,0.0,7241,99,19,2,1000000,4000000,2,10562500.0
25.0,75,0.028503562945368172,0.057007125890736345,0.0,6315,238,38,3,12000000,12000000,2,10562500.0
30.0,7,0.45,0.225,0.0,400,396,60,18,4000000,23000000,2,10562500.0
27.0,56,0.04310344827586207,0.12931034482758622,0.0,4176,325,53,5,12000000,12000000,2,10562500.0
31.0,38,0.03982300884955752,0.11946902654867257,0.0,2260,347,57,4,4000000,15000000,2,10562500.0
27.0,79,0.08695652173913043,0.0,0.0,6210,33,10,5,35000000,35000000,3,10562500.0
28.0,84,0.045188284518828455,0.07531380753138076,0.0,5975,190,41,1,15000000,15000000,3,10562500.0
26.0,68,0.14263074484944532,0.08914421553090333,0.0,5048,90,18,2,13000000,15000000,3,10562500.0
32.0,66,0.15458605290278254,0.09275163174166953,0.0,2911,524,85,1,2000000,18000000,3,10562500.0
22.0,25,0.0,0.0,0.0,1715,87,17,1,500000,500000,3,10562500.0
27.0,38,0.14497422680412372,0.14497422680412372,0.0,3104,104,20,6,16000000,20000000,3,10562500.0
30.0,85,0.19838354151359294,0.11572373254959588,0.0,5444,28,5,2,7000000,10000000,3,10562500.0
23.0,50,0.3134523291249456,0.0391815411406182,0.0,2297,424,47,4,18000000,20000000,4,10562500.0
31.0,61,0.19113352800637112,0.2150252190071675,0.0,3767,354,54,1,3000000,5000000,4,10562500.0
34.0,30,0.16042780748663102,0.20053475935828877,0.0,2244,150,25,20,3000000,50000000,4,10562500.0
26.0,76,0.23381294964028776,0.44964028776978415,0.0,5004,152,28,1,13000000,25000000,4,10562500.0
25.0,66,0.14357883541611274,0.14357883541611274,0.0,3761,79,15,0,13000000,28000000,4,10562500.0
28.0,74,0.843568196509373,0.15998707175177762,0.0,6188,158,33,13,28000000,28000000,4,10562500.0
28.0,71,0.37409075164530653,0.2805680637339799,0.0,2887,146,14,4,5000000,20000000,4,10562500.0
33.0,32,0.0,0.0,1.4285714285714286,2835,263,33,7,2500000,18000000,1,9025925.925925925
24.0,61,0.0,0.0,1.2564290962527553,5444,0,0,0,2000000,2500000,1,9025925.925925925
36.0,0,,,,0,103,18,1,500000,4500000,1,9025925.925925925
20.0,53,0.0,0.0,0.0,4600,66,7,3,18000000,18000000,2,9025925.925925925
26.0,84,0.06567425569176882,0.02626970227670753,0.0,6852,50,7,0,17000000,20000000,2,9025925.925925925
24.0,66,0.0,0.04655975168132437,0.0,5799,401,42,0,15000000,15000000,2,9025925.925925925
25.0,52,0.0,0.02513264451270595,0.0,3581,222,18,0,6000000,13000000,2,9025925.925925925
29.0,35,0.0,0.0,0.0,2715,110,15,0,5000000,8000000,2,9025925.925925925
25.0,56,0.03153468815697267,0.03153468815697267,0.0,2854,106,26,7,6000000,12000000,2,9025925.925925925
23.0,56,0.05845421086815328,0.03896947391210219,0.0,4619,0,0,0,4000000,4000000,2,9025925.925925925
27.0,41,0.0,0.03287070854638422,0.0,2738,67,15,1,3000000,4000000,2,9025925.925925925
30.0,28,0.0,0.0,0.0,1300,452,58,0,2000000,7000000,2,9025925.925925925
32.0,60,0.0,0.09124087591240876,0.0,4932,368,51,2,1500000,9000000,2,9025925.925925925
28.0,71,0.08830744071954211,0.029435813573180702,0.0,6115,220,26,1,15000000,25000000,3,9025925.925925925
26.0,80,0.2535211267605634,0.14084507042253522,0.0,6390,215,31,0,18000000,18000000,3,9025925.925925925
26.0,60,0.02138783269961977,0.08555133079847908,0.0,4208,610,74,2,10000000,20000000,3,9025925.925925925
28.0,65,0.06061966771441401,0.22227211495285137,0.0,4454,28,5,3,3500000,3500000,3,9025925.925925925
24.0,71,0.13466334164588528,0.13466334164588528,0.0,6015,0,0,0,15000000,15000000,3,9025925.925925925
23.0,50,0.2517482517482518,0.1888111888111888,0.0,2860,167,17,1,22000000,22000000,3,9025925.925925925
28.0,84,0.09164969450101833,0.1680244399185336,0.0,5892,216,34,8,9000000,9000000,3,9025925.925925925
23.0,82,0.21176470588235294,0.1411764705882353,0.0,5100,0,0,0,5000000,6000000,4,9025925.925925925
33.0,13,0.27692307692307694,0.8307692307692308,0.0,325,756,79,1,700000,4500000,4,9025925.925925925
21.0,66,0.20584498094027953,0.22871664548919948,0.0,3935,7,0,0,20000000,20000000,4,9025925.925925925
25.0,15,0.21660649819494585,0.0,0.0,831,991,136,2,12000000,30000000,4,9025925.925925925
25.0,83,0.44763746891406464,0.17408123791102514,0.0,7238,242,35,7,18000000,18000000,4,9025925.925925925
23.0,70,0.38471209454362587,0.3168217249182801,0.0,3977,0,0,0,9000000,9000000,4,9025925.925925925
30.0,57,0.34894991922455576,0.11631663974151858,0.0,3095,171,31,0,4000000,5000000,4,9025925.925925925
27.0,64,0.0,0.0,1.21875,5760,102,17,0,25000000,25000000,1,12744000.0
28.0,33,0.0,0.0,1.0909090909090908,2970,256,30,6,4000000,25000000,1,12744000.0
20.0,0,,,,0,0,0,0,500000,500000,1,12744000.0
25.0,38,0.0,0.05771080474511061,0.0,3119,174,32,9,16000000,18000000,2,12744000.0
30.0,66,0.04689942678478374,0.0,0.0,5757,0,0,0,12000000,12000000,2,12744000.0
32.0,51,0.08522727272727272,0.02130681818181818,0.0,4224,154,33,3,5000000,7000000,2,12744000.0
33.0,62,0.09868421052631579,0.03289473684210526,0.0,5472,404,56,1,1800000,10000000,2,12744000.0
33.0,30,0.04554655870445344,0.0,0.0,1976,259,30,11,1500000,5000000,2,12744000.0
25.0,76,0.028685258964143426,0.028685258964143426,0.0,6275,608,117,0,22000000,22000000,2,12744000.0
20.0,62,0.07556675062972293,0.018891687657430732,0.0,4764,244,37,0,18000000,18000000,2,12744000.0
23.0,49,0.0,0.03129346314325452,0.0,2876,91,19,1,2200000,2500000,2,12744000.0
20.0,10,0.0,0.0,0.0,283,0,0,0,400000,400000,2,12744000.0
25.0,72,0.12815296989422295,0.018307567127746133,0.0,4916,233,22,3,16000000,16000000,3,12744000.0
29.0,61,0.07177033492822966,0.14354066985645933,0.0,5016,387,63,1,14000000,14000000,3,12744000.0
27.0,74,0.09217533797623925,0.1474805407619828,0.0,4882,212,27,0,14000000,14000000,3,12744000.0
24.0,49,0.20134228187919462,0.10067114093959731,0.0,1788,341,44,1,9000000,10000000,3,12744000.0
25.0,47,0.0,0.08306414397784956,0.0,2167,0,0,5,9000000,10000000,3,12744000.0
25.0,49,0.05235602094240838,0.10471204188481675,0.0,1719,503,88,0,3000000,3000000,3,12744000.0
29.0,41,0.0,0.28776978417266186,0.0,1251,86,13,1,2200000,5000000,3,12744000.0
26.0,74,0.464339908952959,0.10925644916540213,0.0,3295,0,0,0,15000000,15000000,4,12744000.0
22.0,61,0.24034511092851274,0.07395234182415776,0.0,4868,113,18,1,15000000,17000000,4,12744000.0
22.0,41,0.0,0.0,0.0,1826,189,29,0,15000000,20000000,4,12744000.0
23.0,77,0.2402803270482229,0.225262806607709,0.0,5993,6,1,0,28000000,28000000,4,12744000.0
21.0,56,0.3383458646616541,0.16917293233082706,0.0,2128,262,31,1,20000000,20000000,4,12744000.0
27.0,72,0.4949053857350801,0.14556040756914118,0.0,6183,60,8,5,50000000,50000000,4,12744000.0
30.0,101,0.0,0.0,0.9769736842105263,9120,216,28,7,45000000,90000000,1,29300000.0
24.0,13,0.0,0.0,1.125,1200,115,12,5,8000000,8000000,1,29300000.0
36.0,2,0.0,0.0,0.5,180,40,11,6,1000000,9000000,1,29300000.0
31.0,92,0.0544464609800363,0.0544464609800363,0.0,8265,700,98,13,45000000,100000000,2,29300000.0
24.0,53,0.03941318151959711,0.019706590759798553,0.0,4567,424,58,3,35000000,45000000,2,29300000.0
26.0,52,0.0,0.05698005698005698,0.0,3159,827,141,8,30000000,42000000,2,29300000.0
31.0,64,0.06782215523737754,0.03391107761868877,0.0,5308,549,103,9,16000000,40000000,2,29300000.0
26.0,29,0.0,0.0,0.0,2211,56,12,1,6000000,8000000,2,29300000.0
22.0,39,0.062154696132596686,0.031077348066298343,0.0,2896,50,10,0,3000000,5000000,2,29300000.0
29.0,90,0.024553266948574546,0.3069158368571818,0.0,7331,111,12,7,48000000,80000000,2,29300000.0
27.0,54,0.0,0.33011003667889294,0.0,2999,101,18,6,18000000,18000000,2,29300000.0
24.0,94,0.0674241478336871,0.31464602322387314,0.0,8009,183,23,7,65000000,110000000,2,29300000.0
19.0,40,0.06851922344880092,0.3083365055196041,0.0,2627,169,30,0,5000000,5000000,2,29300000.0
29.0,97,0.08712487899322362,0.03733923385423869,0.0,7231,140,29,8,45000000,70000000,3,29300000.0
18.0,48,0.11135168574079803,0.05567584287039901,0.0,3233,237,27,0,13000000,13000000,3,29300000.0
32.0,67,0.02069441250862267,0.10347206254311336,0.0,4349,371,78,35,18000000,70000000,3,29300000.0
28.0,53,0.13996889580093314,0.10497667185069985,0.0,2572,376,73,13,17000000,65000000,3,29300000.0
22.0,51,0.13095671153146599,0.13095671153146599,0.0,2749,103,21,5,17000000,30000000,3,29300000.0
26.0,35,0.0,0.0,0.0,1789,375,62,7,15000000,70000000,3,29300000.0
32.0,100,0.027976375505129002,0.13988187752564502,0.0,6434,417,59,10,10000000,35000000,3,29300000.0
29.0,42,0.1338621715418939,0.1338621715418939,0.0,2017,868,130,12,10000000,40000000,3,29300000.0
37.0,82,0.0,0.13559322033898305,0.0,2655,202,37,12,2000000,21000000,3,29300000.0
20.0,59,0.15306122448979592,0.09183673469387756,0.0,2940,140,30,6,35000000,35000000,3,29300000.0
20.0,60,0.33689839572192515,0.1925133689839572,0.0,3740,89,15,2,20000000,20000000,3,29300000.0
26.0,75,0.45685279187817257,0.23688663282571912,0.0,5319,227,39,11,75000000,75000000,4,29300000.0
24.0,97,0.4984768762115757,0.4361672666851288,0.0,7222,141,28,5,60000000,60000000,4,29300000.0
26.0,83,0.5074506645187273,0.27184857027788967,0.0,4966,408,78,4,55000000,60000000,4,29300000.0
30.0,102,0.6602525556223692,0.33553818400481056,0.0,8315,137,15,22,70000000,150000000,4,29300000.0
23.0,83,0.850366370998843,0.13883532587736214,0.0,5186,202,25,5,70000000,70000000,4,29300000.0
31.0,70,0.6146841206602163,0.25611838360842343,0.0,3514,276,54,8,22000000,90000000,4,29300000.0
31.0,81,0.0,0.0,1.0343395181390196,7222,266,35,0,18000000,18000000,1,14389655.172413792
34.0,32,0.0,0.0,1.2920168067226891,2856,237,23,5,2500000,7500000,1,14389655.172413792
29.0,1,0.0,0.0,2.0,90,138,14,0,1500000,12000000,1,14389655.172413792
31.0,3,0.0,0.0,2.0,270,268,50,0,300000,500000,1,14389655.172413792
23.0,76,0.041158536585365856,0.0,0.0,6560,118,19,4,0,0,2,14389655.172413792
31.0,67,0.030451700219928945,0.07612925054982236,0.0,5911,285,30,3,0,0,2,14389655.172413792
29.0,38,0.0689919509390571,0.0,0.0,2609,418,57,2,0,0,2,14389655.172413792
27.0,54,0.023746701846965697,0.023746701846965697,0.0,3790,380,66,0,0,0,2,14389655.172413792
31.0,76,0.02835092140494566,0.01417546070247283,0.0,6349,117,18,1,12000000,12000000,2,14389655.172413792
25.0,10,0.0,0.0,0.0,475,286,19,1,8000000,17000000,2,14389655.172413792
31.0,4,0.0,0.0,0.0,288,995,121,2,1200000,7000000,2,14389655.172413792
32.0,71,0.03207412687099073,0.1443335709194583,0.0,5612,226,36,1,13000000,35000000,2,14389655.172413792
28.0,24,0.0,0.04843918191603875,0.0,1858,607,70,0,4000000,5000000,2,14389655.172413792
29.0,27,0.05859375,0.1171875,0.0,1536,218,37,3,3000000,6000000,2,14389655.172413792
21.0,37,0.091432441584829,0.2133423636979343,0.0,2953,30,5,1,1000000,1000000,2,14389655.172413792
25.0,82,0.1469387755102041,0.1763265306122449,0.0,6125,32,5,3,60000000,60000000,3,14389655.172413792
23.0,74,0.08900316455696203,0.08900316455696203,0.0,5056,70,8,3,30000000,30000000,3,14389655.172413792
25.0,67,0.07588532883642496,0.07588532883642496,0.0,4744,200,24,0,22000000,22000000,3,14389655.172413792
23.0,33,0.22462562396006655,0.07487520798668885,0.0,2404,370,19,0,1500000,5000000,3,14389655.172413792
33.0,29,0.0,0.05541871921182266,0.0,1624,345,38,5,1800000,12000000,3,14389655.172413792
26.0,77,0.1784534038334435,0.059484467944481166,0.0,6052,166,20,1,38000000,38000000,3,14389655.172413792
20.0,56,0.39,0.18,0.0,3000,14,1,0,3500000,3500000,3,14389655.172413792
22.0,74,0.1455637707948244,0.041589648798521256,0.0,4328,22,2,1,40000000,40000000,4,14389655.172413792
26.0,68,0.1049195616693868,0.18885521100489625,0.0,4289,306,47,0,35000000,40000000,4,14389655.172413792
29.0,38,0.08806262230919765,0.1761252446183953,0.0,2044,258,31,1,8000000,30000000,4,14389655.172413792
29.0,73,0.23003194888178913,0.05750798722044728,0.0,4695,177,19,2,35000000,35000000,4,14389655.172413792
28.0,77,0.12096774193548387,0.12096774193548387,0.0,2976,0,0,0,10000000,10000000,4,14389655.172413792
23.0,70,0.4114061819764911,0.0979538528515455,0.0,4594,228,36,4,50000000,50000000,4,14389655.172413792
31.0,54,0.6171146461876028,0.09873834339001646,0.0,3646,850,110,2,18000000,30000000,4,14389655.172413792
29.0,97,0.0,0.0,0.8175232838909969,8697,77,10,20,45000000,70000000,1,43802083.333333336
30.0,49,0.0,0.0,1.3310580204778157,4395,108,12,6,6000000,6000000,1,43802083.333333336
37.0,1,0.0,0.0,0.0,17,91,23,9,250000,6000000,1,43802083.333333336
26.0,83,0.02664298401420959,0.05328596802841918,0.0,6756,101,21,11,75000000,75000000,2,43802083.333333336
28.0,68,0.11663066954643629,0.0,0.0,4630,266,55,14,35000000,40000000,2,43802083.333333336
29.0,61,0.0926497838171711,0.03705991352686844,0.0,4857,306,64,14,30000000,60000000,2,43802083.333333336
29.0,68,0.06407974368102527,0.016019935920256318,0.0,5618,593,83,15,30000000,75000000,2,43802083.333333336
27.0,84,0.013159818686942536,0.013159818686942536,0.0,6839,569,85,8,30000000,40000000,2,43802083.333333336
22.0,73,0.12169209967162449,0.27815337067799883,0.0,5177,33,2,8,15000000,15000000,2,43802083.333333336
28.0,2,0.0,0.0,0.0,169,696,121,13,0,45000000,2,43802083.333333336
33.0,70,0.0,0.03326557013491037,0.0,5411,409,65,15,15000000,50000000,2,43802083.333333336
18.0,64,0.11460101867572156,0.038200339558573854,0.0,4712,0,0,7,15000000,15000000,2,43802083.333333336
26.0,102,0.10709186101856259,0.09638267491670632,0.0,8404,19,5,10,80000000,80000000,3,43802083.333333336
27.0,44,0.0,0.0,0.0,2458,216,37,4,35000000,50000000,3,43802083.333333336
20.0,2,0.0,0.0,0.0,20,52,13,3,10000000,10000000,3,43802083.333333336
32.0,94,0.27482914061363967,0.1570452232077941,0.0,6877,527,69,19,25000000,50000000,3,43802083.333333336
31.0,94,0.35887211620620907,0.5639418968954714,0.0,7022,256,47,26,80000000,150000000,3,43802083.333333336
28.0,105,0.2384421777718903,0.16690952444032323,0.0,7549,128,13,20,80000000,100000000,3,43802083.333333336
21.0,45,0.5386533665835411,0.314214463840399,0.0,2005,112,18,7,15000000,15000000,3,43802083.333333336
23.0,93,0.446611909650924,0.2926078028747433,0.0,5844,121,23,15,110000000,110000000,4,43802083.333333336
27.0,89,0.14478764478764478,0.20270270270270271,0.0,6216,371,58,4,70000000,100000000,4,43802083.333333336
32.0,94,0.5700950158359727,0.31505250875145857,0.0,5999,23,1,20,30000000,60000000,4,43802083.333333336
22.0,83,1.1044638748274276,0.2208927749654855,0.0,6519,204,36,17,170000000,170000000,4,43802083.333333336
23.0,49,0.6061806656101426,0.14263074484944532,0.0,2524,0,0,14,50000000,50000000,4,43802083.333333336
25.0,80,0.0,0.0,1.095435684647303,7230,11,1,2,38000000,38000000,1,38695652.17391305
28.0,7,0.0,0.0,0.42857142857142855,630,83,12,2,5000000,5000000,1,38695652.17391305
22.0,85,0.03605287755374549,0.012017625851248498,0.0,7489,282,36,1,55000000,55000000,2,38695652.17391305
25.0,87,0.09674818597151304,0.0,0.0,7442,122,11,1,50000000,50000000,2,38695652.17391305
23.0,63,0.034782608695652174,0.0,0.0,5175,22,3,0,20000000,20000000,2,38695652.17391305
27.0,45,0.09875640087783467,0.0,0.0,2734,342,54,4,10000000,18000000,2,38695652.17391305
26.0,61,0.021156558533145273,0.14809590973201692,0.0,4254,302,59,12,40000000,40000000,2,38695652.17391305
25.0,61,0.024916943521594685,0.12458471760797342,0.0,3612,535,90,13,25000000,32000000,2,38695652.17391305
25.0,83,0.026678523788350377,0.053357047576700754,0.0,6747,0,0,1,50000000,50000000,2,38695652.17391305
24.0,55,0.0,0.05901639344262295,0.0,3050,366,39,0,25000000,25000000,2,38695652.17391305
29.0,66,0.0937109537692628,0.018742190753852563,0.0,4802,289,44,3,38000000,50000000,3,38695652.17391305
31.0,88,0.17118402282453637,0.05706134094151213,0.0,6309,17,5,9,35000000,65000000,3,38695652.17391305
30.0,25,0.0,0.0641025641025641,0.0,1404,282,55,7,9000000,11000000,3,38695652.17391305
30.0,77,0.14615134784020786,0.11692107827216629,0.0,6158,204,35,10,28000000,50000000,3,38695652.17391305
24.0,85,0.3041007525725695,0.16587313776685608,0.0,6511,246,25,5,80000000,80000000,3,38695652.17391305
22.0,52,0.4097682119205298,0.1490066225165563,0.0,2416,344,55,3,38000000,40000000,3,38695652.17391305
22.0,72,0.23802527181898325,0.5553923009109609,0.0,3403,23,3,4,27000000,30000000,3,38695652.17391305
21.0,82,0.3274995667995148,0.18714260959972276,0.0,5771,215,41,2,70000000,70000000,4,38695652.17391305
28.0,74,0.2718006795016987,0.2718006795016987,0.0,5298,270,38,2,30000000,30000000,4,38695652.17391305
21.0,91,0.3294382655216106,0.21540194284105307,0.0,7103,27,2,2,110000000,110000000,4,38695652.17391305
23.0,51,0.2912621359223301,0.4160887656033287,0.0,2163,357,64,4,7000000,17000000,4,38695652.17391305
26.0,74,0.42098840756558875,0.34777303233679074,0.0,4917,352,61,16,75000000,80000000,4,38695652.17391305
23.0,67,0.544066178810054,0.08590518612790328,0.0,3143,42,7,4,25000000,25000000,4,38695652.17391305
36.0,74,0.0,0.0,1.2325056433408579,6645,318,53,5,4000000,30000000,1,27212000.0
35.0,44,0.0,0.0,1.620182555780933,3944,321,38,9,1500000,15000000,1,27212000.0
24.0,2,0.0,0.0,1.5,180,0,0,0,500000,1000000,1,27212000.0
24.0,1,0.0,0.0,0.0,90,0,0,0,300000,300000,1,27212000.0
25.0,64,0.0,0.0,0.0,5516,204,37,3,60000000,60000000,2,27212000.0
29.0,82,0.01265466816647919,0.0,0.0,7112,267,45,0,25000000,40000000,2,27212000.0
26.0,56,0.050097411633732256,0.0,0.0,3593,89,20,1,20000000,60000000,2,27212000.0
27.0,62,0.0,0.04553503668100177,0.0,3953,56,9,4,12000000,60000000,2,27212000.0
24.0,26,0.0,0.05235602094240838,0.0,1719,282,45,0,9000000,15000000,2,27212000.0
30.0,83,0.027153416804947955,0.027153416804947955,0.0,6629,372,63,1,20000000,25000000,2,27212000.0
23.0,78,0.1601993592025632,0.3203987184051264,0.0,5618,221,21,3,35000000,35000000,2,27212000.0
24.0,80,0.033917467495760314,0.016958733747880157,0.0,5307,37,4,0,25000000,30000000,2,27212000.0
22.0,59,0.023118417672745955,0.0,0.0,3893,212,29,1,15000000,20000000,3,27212000.0
27.0,92,0.0799593857088463,0.11422769386978043,0.0,7879,98,14,9,45000000,45000000,3,27212000.0
25.0,70,0.08840864440078586,0.15913555992141454,0.0,5090,338,40,10,40000000,50000000,3,27212000.0
26.0,56,0.05135520684736091,0.05135520684736091,0.0,3505,229,27,0,25000000,35000000,3,27212000.0
20.0,51,0.0,0.1258741258741259,0.0,2860,7,1,1,15000000,20000000,3,27212000.0
23.0,45,0.03372049456725365,0.10116148370176097,0.0,2669,404,74,2,22000000,35000000,3,27212000.0
34.0,93,0.13196480938416422,0.27712609970674484,0.0,6820,283,40,13,10000000,45000000,3,27212000.0
30.0,92,0.4552912223133716,0.19688269073010664,0.0,7314,358,42,13,60000000,90000000,4,27212000.0
26.0,63,0.6362297496318114,0.10603829160530191,0.0,3395,558,86,2,27000000,50000000,4,27212000.0
23.0,84,0.15053313819778383,0.3386995609450136,0.0,4783,72,14,3,55000000,55000000,4,27212000.0
30.0,68,0.2888318356867779,0.23106546854942234,0.0,3116,175,36,21,9000000,40000000,4,27212000.0
29.0,99,0.6103835360149673,0.14733395696913001,0.0,8552,361,67,11,90000000,150000000,4,27212000.0
26.0,68,0.2774484230495613,0.17073749110742234,0.0,4217,208,27,3,55000000,65000000,4,27212000.0
31.0,61,0.0,0.0,0.9011264080100125,5593,183,25,5,18000000,32000000,1,31734375.0
28.0,54,0.0,0.0,1.0608658379768539,4666,200,38,5,15000000,60000000,1,31734375.0
19.0,8,0.0,0.0,1.625,720,0,0,0,8000000,8000000,1,31734375.0
31.0,2,0.0,0.0,1.5,180,343,51,1,2000000,4000000,1,31734375.0
22.0,34,0.09537265983751325,0.0,0.0,2831,468,82,1,65000000,65000000,2,31734375.0
22.0,61,0.07358953393295176,0.0,0.0,4892,130,25,0,40000000,40000000,2,31734375.0
31.0,66,0.0644468313641246,0.04833512352309345,0.0,5586,263,50,6,25000000,75000000,2,31734375.0
23.0,65,0.05839100346020761,0.019463667820069204,0.0,4624,79,11,5,22000000,22000000,2,31734375.0
38.0,83,0.02582496413199426,0.03873744619799139,0.0,6970,311,58,33,2500000,40000000,2,31734375.0
24.0,72,0.0,0.04936014625228519,0.0,5470,122,8,1,40000000,55000000,2,31734375.0
26.0,44,0.12422360248447205,0.12422360248447205,0.0,2898,554,84,4,35000000,50000000,2,31734375.0
18.0,76,0.20214236351071183,0.23324118866620594,0.0,5788,0,0,0,8000000,8000000,2,31734375.0
23.0,63,0.13130471029595664,0.2063359733222176,0.0,4798,297,59,6,70000000,70000000,2,31734375.0
33.0,79,0.032954961552544855,0.032954961552544855,0.0,5462,249,41,14,8000000,40000000,2,31734375.0
22.0,51,0.0618840247536099,0.1650240660096264,0.0,4363,0,0,5,85000000,85000000,3,31734375.0
32.0,51,0.052972336668628606,0.13243084167157151,0.0,3398,510,76,13,20000000,100000000,3,31734375.0
26.0,44,0.1171875,0.05859375,0.0,3072,487,59,0,20000000,45000000,3,31734375.0
29.0,81,0.05030743432084964,0.11738401341531582,0.0,5367,272,36,18,40000000,45000000,3,31734375.0
23.0,84,0.1720183486238532,0.0860091743119266,0.0,5232,0,0,4,32000000,32000000,3,31734375.0
27.0,73,0.0,0.15471512770137524,0.0,4072,599,81,7,25000000,30000000,3,31734375.0
19.0,39,0.11605415860735009,0.17408123791102514,0.0,1551,44,4,0,15000000,15000000,3,31734375.0
24.0,88,0.2260549229738781,0.31647689216342934,0.0,5972,121,20,6,65000000,75000000,3,31734375.0
23.0,94,0.304662255731651,0.0830897061086321,0.0,6499,110,19,5,60000000,90000000,3,31734375.0
22.0,54,0.35467980295566504,0.5615763546798029,0.0,3045,0,0,2,60000000,60000000,4,31734375.0
28.0,85,0.4142326075411577,0.20711630377057885,0.0,5649,284,34,13,60000000,160000000,4,31734375.0
24.0,68,0.22367194780987884,0.16775396085740912,0.0,3219,449,61,9,32000000,60000000,4,31734375.0
21.0,56,0.33210332103321033,0.1509560550150956,0.0,2981,276,54,2,28000000,28000000,4,31734375.0
30.0,68,0.18437225636523266,0.2370500438981563,0.0,3417,193,33,9,18000000,50000000,4,31734375.0
23.0,75,0.39215686274509803,0.17429193899782136,0.0,4131,345,35,3,50000000,100000000,4,31734375.0
21.0,56,0.3209700427960057,0.06419400855920114,0.0,2804,242,34,1,30000000,30000000,4,31734375.0
20.0,18,0.4205607476635514,0.08411214953271028,0.0,1070,0,0,2,10000000,10000000,4,31734375.0
33.0,60,0.5503057254030017,0.07504168982768204,0.0,3598,145,28,10,7000000,75000000,4,31734375.0
29.0,59,0.0,0.0,1.4713896457765667,5138,373,40,1,7000000,8000000,1,8260185.185185186
21.0,32,0.0,0.0,1.40625,2880,54,10,0,500000,500000,1,8260185.185185186
35.0,8,0.0,0.0,1.863905325443787,676,220,26,2,400000,3000000,1,8260185.185185186
26.0,65,0.0630583289542827,0.0,0.0,5709,142,19,0,20000000,35000000,2,8260185.185185186
26.0,57,0.05588904988615193,0.03725936659076796,0.0,4831,125,19,2,12000000,12000000,2,8260185.185185186
27.0,54,0.0,0.0,0.0,3907,202,27,1,5000000,10000000,2,8260185.185185186
33.0,11,0.0,0.0,0.0,321,265,35,1,800000,9000000,2,8260185.185185186
25.0,14,0.0,0.0,0.0,786,1570,201,1,75000,500000,2,8260185.185185186
28.0,54,0.25,0.057692307692307696,0.0,4680,246,36,2,20000000,22000000,2,8260185.185185186
20.0,50,0.0750625521267723,0.3002502085070892,0.0,2398,226,10,0,6500000,6500000,2,8260185.185185186
20.0,63,0.019986675549633577,0.019986675549633577,0.0,4503,14,1,0,12000000,12000000,2,8260185.185185186
30.0,41,0.03648155654641265,0.10944466963923793,0.0,2467,212,31,9,3500000,18000000,2,8260185.185185186
18.0,27,0.1686182669789227,0.08430913348946135,0.0,2135,122,10,0,50000,50000,2,8260185.185185186
27.0,75,0.05909389363099146,0.07386736703873933,0.0,6092,206,24,2,15000000,30000000,3,8260185.185185186
32.0,49,0.0,0.0,0.0,3147,191,25,1,2500000,14000000,3,8260185.185185186
22.0,60,0.05308690523004326,0.017695635076681086,0.0,5086,160,16,0,30000000,30000000,3,8260185.185185186
26.0,56,0.11773940345368916,0.09419152276295134,0.0,3822,314,35,1,15000000,38000000,3,8260185.185185186
19.0,57,0.2556818181818182,0.3409090909090909,0.0,4224,3,1,2,2000000,2000000,3,8260185.185185186
34.0,60,0.3378016085790885,0.36193029490616624,0.0,3730,670,71,2,2500000,18000000,3,8260185.185185186
22.0,39,0.22491967154587647,0.03213138164941092,0.0,2801,7,2,0,700000,700000,3,8260185.185185186
30.0,67,0.2410518626734843,0.4601899196493791,0.0,4107,415,59,0,10000000,38000000,4,8260185.185185186
24.0,45,0.11335012594458438,0.11335012594458438,0.0,2382,370,65,8,4000000,12000000,4,8260185.185185186
19.0,39,0.27439024390243905,0.27439024390243905,0.0,2624,146,9,0,1500000,1500000,4,8260185.185185186
30.0,61,0.47101449275362317,0.32608695652173914,0.0,4968,438,59,4,13000000,16000000,4,8260185.185185186
23.0,59,0.20743301642178047,0.07778738115816768,0.0,3471,0,0,0,5000000,7000000,4,8260185.185185186
32.0,49,0.08620689655172414,0.43103448275862066,0.0,1044,380,49,0,2000000,12000000,4,8260185.185185186
25.0,55,0.45819935691318325,0.16881028938906753,0.0,3732,241,19,2,32000000,40000000,4,8260185.185185186
30.0,70,0.0,0.0,1.4,6300,455,58,3,8000000,14000000,1,8028000.0
35.0,8,0.0,0.0,2.25,720,125,20,4,400000,800000,1,8028000.0
20.0,18,0.0,0.0,1.690909090909091,1650,0,0,0,200000,200000,1,8028000.0
27.0,0,,,,0,132,24,3,100000,100000,1,8028000.0
23.0,62,0.01840867253016977,0.0,0.0,4889,75,6,0,20000000,28000000,2,8028000.0
22.0,41,0.0,0.05249343832020997,0.0,3429,180,23,0,18000000,18000000,2,8028000.0
24.0,59,0.041589648798521256,0.041589648798521256,0.0,4328,295,26,0,8500000,14000000,2,8028000.0
28.0,38,0.0,0.1956521739130435,0.0,2760,618,63,1,6500000,8000000,2,8028000.0
24.0,61,0.06109979633401222,0.04073319755600815,0.0,4419,197,19,1,5000000,5000000,2,8028000.0
25.0,77,0.15509219369291746,0.12407375495433397,0.0,5803,67,10,2,13000000,25000000,2,8028000.0
22.0,32,0.0,0.11152416356877323,0.0,1614,464,22,1,2000000,2000000,2,8028000.0
23.0,46,0.028116213683223992,0.11246485473289597,0.0,3201,83,8,4,4000000,6500000,3,8028000.0
32.0,62,0.04462072384729797,0.022310361923648984,0.0,4034,442,55,4,3000000,14000000,3,8028000.0
29.0,75,0.11066707654472795,0.11066707654472795,0.0,6506,141,15,6,17000000,19000000,3,8028000.0
24.0,72,0.1549053356282272,0.17426850258175558,0.0,4648,63,5,2,15000000,15000000,3,8028000.0
29.0,64,0.16596417281348788,0.2608008429926238,0.0,3796,320,39,4,7000000,12000000,3,8028000.0
20.0,26,0.0,0.3345724907063197,0.0,538,139,14,0,5000000,5000000,3,8028000.0
22.0,50,0.08082622361921868,0.2828917826672654,0.0,2227,132,13,3,8000000,8000000,3,8028000.0
20.0,69,0.2333931777378815,0.17953321364452424,0.0,5013,6,1,3,10000000,10000000,4,8028000.0
21.0,61,0.15613382899628253,0.40148698884758366,0.0,4035,126,16,0,12000000,12000000,4,8028000.0
27.0,39,0.39081885856079407,0.05583126550868486,0.0,1612,275,38,2,3000000,20000000,4,8028000.0
24.0,49,0.4147465437788018,0.05924950625411455,0.0,3038,261,27,6,14000000,18000000,4,8028000.0
24.0,68,0.4228058936579116,0.13452914798206278,0.0,4683,412,67,2,14000000,14000000,4,8028000.0
24.0,59,0.22052067381316998,0.13782542113323124,0.0,3265,43,7,1,6000000,6000000,4,8028000.0
18.0,36,0.5007418397626113,0.16691394658753708,0.0,2696,0,0,1,1000000,1000000,4,8028000.0
32.0,72,0.0,0.0,1.6866359447004609,6510,114,13,2,4500000,10000000,1,4988709.677419355
38.0,3,0.0,0.0,1.8,300,285,30,5,300000,400000,1,4988709.677419355
22.0,25,0.0,0.0,1.52,2250,65,6,0,300000,300000,1,4988709.677419355
20.0,54,0.018742190753852563,0.0,1.2744689712619741,4802,0,0,0,250000,250000,1,4988709.677419355
23.0,46,0.07323026851098453,0.07323026851098453,0.0,3687,272,24,1,10000000,32000000,2,4988709.677419355
24.0,63,0.018518518518518517,0.0,0.0,4860,67,12,5,8500000,12000000,2,4988709.677419355
28.0,59,0.023665527215356297,0.09466210886142519,0.0,3803,452,43,3,4000000,12000000,2,4988709.677419355
31.0,57,0.0,0.018579686209744012,0.0,4844,163,27,0,3500000,17000000,2,4988709.677419355
30.0,57,0.0,0.0,0.0,4709,319,47,2,3000000,15000000,2,4988709.677419355
21.0,40,0.038135593220338986,0.038135593220338986,0.0,2360,29,4,2,3000000,7000000,2,4988709.677419355
33.0,12,0.0,0.0,0.0,366,828,118,0,1000000,4000000,2,4988709.677419355
26.0,80,0.05583126550868486,0.3349875930521092,0.0,6448,62,10,4,14000000,35000000,2,4988709.677419355
31.0,47,0.08958195089581951,0.08958195089581951,0.0,3014,274,48,2,4000000,20000000,2,4988709.677419355
19.0,27,0.05415162454873646,0.05415162454873646,0.0,1662,63,10,0,2000000,3000000,2,4988709.677419355
22.0,52,0.09660107334525939,0.09660107334525939,0.0,2795,140,16,1,6000000,7000000,3,4988709.677419355
33.0,47,0.15160022459292533,0.15160022459292533,0.0,1781,127,21,4,1500000,15000000,3,4988709.677419355
24.0,50,0.07527181488709228,0.15054362977418456,0.0,3587,376,53,0,9000000,13000000,3,4988709.677419355
28.0,60,0.18753907063971662,0.03750781412794332,0.0,4799,566,60,1,7500000,7500000,3,4988709.677419355
31.0,56,0.030864197530864196,0.030864197530864196,0.0,2916,331,47,11,3000000,27000000,3,4988709.677419355
22.0,46,0.11254689453939141,0.18757815756565235,0.0,2399,92,10,0,1000000,2500000,3,4988709.677419355
18.0,55,0.5172413793103449,0.36637931034482757,0.0,4176,2,1,0,1000000,1000000,3,4988709.677419355
27.0,39,0.18386108273748722,0.32175689479060265,0.0,1958,269,39,2,9000000,14000000,3,4988709.677419355
23.0,67,0.25646244657032363,0.1648687156523509,0.0,4913,142,20,2,20000000,22000000,3,4988709.677419355
17.0,40,0.46465448768864176,0.46465448768864176,0.0,2518,14,2,0,3500000,3500000,3,4988709.677419355
19.0,41,0.34303534303534305,0.498960498960499,0.0,2886,92,4,0,1000000,1000000,3,4988709.677419355
24.0,43,0.3191489361702128,0.06382978723404255,0.0,1410,568,64,6,4000000,20000000,4,4988709.677419355
25.0,52,0.3383458646616541,0.11278195488721804,0.0,2394,331,41,5,9000000,23000000,4,4988709.677419355
31.0,69,0.3125,0.23026315789473684,0.0,5472,253,34,9,9000000,38000000,4,4988709.677419355
29.0,49,0.31630170316301703,0.09732360097323602,0.0,3699,928,97,1,7000000,16000000,4,4988709.677419355
31.0,54,0.4486196319018405,0.27607361963190186,0.0,2608,235,14,13,4000000,15000000,4,4988709.677419355
20.0,38,0.5890052356020943,0.31413612565445026,0.0,2292,275,41,0,800000,800000,4,4988709.677419355
30.0,54,0.0,0.0,0.8676923076923077,4875,231,31,1,3500000,3500000,1,4670370.37037037
24.0,9,0.0,0.0,1.7670157068062826,764,42,3,4,1000000,1500000,1,4670370.37037037
29.0,0,,,,0,134,22,2,250000,800000,1,4670370.37037037
24.0,74,0.0,0.0,0.0,5994,15,4,6,12000000,12000000,2,4670370.37037037
24.0,82,0.11024908125765619,0.02449979583503471,0.0,7347,53,14,2,12000000,12000000,2,4670370.37037037
24.0,53,0.02150023889154324,0.0,0.0,4186,107,15,2,5500000,7500000,2,4670370.37037037
31.0,92,0.08647609896709103,0.0540475618544319,0.0,8326,100,17,4,5000000,12000000,2,4670370.37037037
27.0,43,0.0,0.04938271604938271,0.0,3645,344,45,2,3500000,15000000,2,4670370.37037037
30.0,57,0.0,0.026139994191112403,0.0,3443,280,46,0,3000000,20000000,2,4670370.37037037
31.0,73,0.043342162292318805,0.17336864916927522,0.0,4153,115,16,1,2000000,4000000,2,4670370.37037037
27.0,80,0.15151515151515152,0.09641873278236915,0.0,6534,0,0,4,9000000,9000000,2,4670370.37037037
36.0,73,0.04875406283856988,0.16251354279523295,0.0,5538,152,20,0,800000,1200000,2,4670370.37037037
29.0,91,0.011359333585762969,0.011359333585762969,0.0,7923,194,20,0,8000000,10000000,3,4670370.37037037
27.0,72,0.1027866605756053,0.02055733211512106,0.0,4378,113,18,2,7000000,7000000,3,4670370.37037037
29.0,75,0.17769002961500494,0.022211253701875617,0.0,4052,258,24,2,7000000,10000000,3,4670370.37037037
24.0,52,0.0837468982630273,0.13957816377171217,0.0,3224,246,34,1,5000000,5000000,3,4670370.37037037
26.0,84,0.1066170248773058,0.18277204264680996,0.0,5909,21,4,5,4000000,4000000,3,4670370.37037037
28.0,51,0.02875399361022364,0.17252396166134185,0.0,3130,186,28,4,3000000,3000000,3,4670370.37037037
27.0,26,0.0,0.1021566401816118,0.0,881,190,24,3,1500000,6500000,3,4670370.37037037
29.0,22,0.0,0.0,0.0,584,638,67,0,700000,4000000,3,4670370.37037037
26.0,46,0.3964757709251101,0.0881057268722467,0.0,2043,235,28,4,1800000,2200000,3,4670370.37037037
22.0,17,0.0,0.1382488479262673,0.0,651,175,18,0,350000,350000,4,4670370.37037037
28.0,88,0.2631578947368421,0.2777777777777778,0.0,6156,421,55,2,15000000,15000000,4,4670370.37037037
22.0,59,0.22949426264343392,0.11474713132171696,0.0,2353,83,4,0,3500000,4500000,4,4670370.37037037
27.0,87,0.5451348182883939,0.123094958968347,0.0,5118,167,27,4,9000000,10000000,4,4670370.37037037
32.0,80,0.4962095106822881,0.21709166092350105,0.0,2902,133,16,4,1500000,1500000,4,4670370.37037037
32.0,64,0.7192494788047255,0.3127171646977067,0.0,2878,391,63,4,1200000,1250000,4,4670370.37037037
35.0,60,0.0,0.0,1.6574585635359116,5430,101,14,3,1200000,1500000,1,3660937.5
30.0,12,0.0,0.0,2.25,1080,66,9,1,1000000,7000000,1,3660937.5
22.0,20,0.0,0.0,1.973456433929602,1733,372,15,0,300000,300000,1,3660937.5
24.0,10,0.0,0.0,0.8,900,58,11,2,150000,300000,1,3660937.5
25.0,35,0.0,0.03663003663003663,0.0,2457,437,55,0,10000000,16000000,2,3660937.5
24.0,35,0.06034193764666443,0.06034193764666443,0.0,2983,519,67,0,9000000,12000000,2,3660937.5
31.0,64,0.03171806167400881,0.015859030837004406,0.0,5675,367,44,0,3500000,12000000,2,3660937.5
23.0,56,0.0,0.023523261892315735,0.0,3826,72,12,0,3500000,3500000,2,3660937.5
26.0,54,0.021671081146159402,0.17336864916927522,0.0,4153,405,43,0,5500000,6500000,2,3660937.5
26.0,58,0.05441354292623942,0.0,0.0,3308,237,31,0,2500000,2500000,2,3660937.5
22.0,62,0.034924330616996506,0.034924330616996506,0.0,2577,8,1,2,1500000,1500000,2,3660937.5
18.0,46,0.11801730920535011,0.6136900078678206,0.0,3813,0,0,0,300000,300000,2,3660937.5
24.0,60,0.020129724893759787,0.04025944978751957,0.0,4471,414,47,1,3500000,5000000,2,3660937.5
25.0,43,0.03091721058055651,0.03091721058055651,0.0,2911,460,49,5,8000000,10000000,3,3660937.5
19.0,53,0.06665020982473463,0.0,0.0,4051,0,0,0,1000000,1000000,3,3660937.5
33.0,6,0.0,0.0,0.0,444,1290,143,1,700000,8000000,3,3660937.5
35.0,24,0.0,0.0,0.0,652,471,68,1,600000,6000000,3,3660937.5
24.0,62,0.13271073973949374,0.1990661096092406,0.0,4069,252,29,3,5500000,24000000,3,3660937.5
25.0,69,0.0,0.04769475357710652,0.0,5661,26,5,1,3500000,8000000,3,3660937.5
19.0,45,0.1060695344725987,0.37124337065409546,0.0,3394,0,0,0,3500000,3500000,3,3660937.5
25.0,37,0.22443890274314215,0.2805486284289277,0.0,1604,540,71,0,2500000,3000000,3,3660937.5
17.0,46,0.24443237370994025,0.2688756110809343,0.0,3682,0,0,0,0,0,3,3660937.5
24.0,54,0.11039558417663294,0.22079116835326587,0.0,3261,282,32,0,6000000,13000000,4,3660937.5
21.0,43,0.10044642857142858,0.0,0.0,1792,6,1,0,4000000,9000000,4,3660937.5
32.0,42,0.26373626373626374,0.13186813186813187,0.0,2730,652,87,1,2000000,8000000,4,3660937.5
26.0,22,0.5529953917050692,0.2764976958525346,0.0,651,876,97,0,800000,1500000,4,3660937.5
35.0,44,0.14663951120162932,0.07331975560081466,0.0,2455,243,32,3,600000,7500000,4,3660937.5
25.0,69,0.2726521619388598,0.24786560176259984,0.0,3631,0,0,0,12000000,12000000,4,3660937.5
25.0,58,0.5001543686322939,0.19450447669033652,0.0,3239,279,39,11,12000000,12000000,4,3660937.5
21.0,74,0.5425772418990203,0.1356443104747551,0.0,5308,0,0,1,6500000,6500000,4,3660937.5
23.0,72,0.35894708854028184,0.31108747673491094,0.0,3761,46,5,1,3500000,5500000,4,3660937.5
25.0,57,0.19911504424778761,0.11946902654867257,0.0,2260,274,46,1,2500000,8000000,4,3660937.5
25.0,52,0.0,0.0,1.6730769230769231,4680,271,22,0,1500000,10000000,1,3865000.0
28.0,25,0.0,0.0,1.4,2250,46,7,2,1500000,1500000,1,3865000.0
22.0,33,0.0,0.0,1.2121212121212122,2970,126,7,1,200000,200000,1,3865000.0
17.0,42,0.0,0.0,0.8868175765645806,3755,5,1,1,0,0,1,3865000.0
25.0,67,0.1290785227680172,0.0322696306920043,0.0,5578,359,60,0,15000000,17000000,2,3865000.0
24.0,68,0.03147403392201434,0.04721105088302151,0.0,5719,27,4,0,7500000,7500000,2,3865000.0
26.0,70,0.029845796716962362,0.029845796716962362,0.0,6031,124,13,1,4500000,15000000,2,3865000.0
23.0,42,0.0,0.0,0.0,2726,663,92,2,3500000,35000000,2,3865000.0
22.0,28,0.0,0.0,0.0,1887,0,0,1,350000,500000,2,3865000.0
25.0,60,0.05357142857142857,0.375,0.0,5040,186,22,5,15000000,23000000,2,3865000.0
22.0,46,0.15817223198594024,0.15817223198594024,0.0,2845,580,69,1,5000000,5000000,2,3865000.0
27.0,32,0.06622516556291391,0.06622516556291391,0.0,1359,164,20,1,1500000,6500000,2,3865000.0
30.0,74,0.13814274750575595,0.08288564850345356,0.0,6515,254,30,3,6500000,10000000,3,3865000.0
26.0,60,0.0,0.020049008687903765,0.0,4489,72,10,0,4500000,4500000,3,3865000.0
20.0,37,0.26200873362445415,0.13100436681222707,0.0,1374,118,17,0,2500000,2500000,3,3865000.0
23.0,22,0.0,0.0,0.0,1080,362,44,2,1800000,1800000,3,3865000.0
32.0,74,0.0429902077860043,0.15046572725101504,0.0,4187,122,13,1,2000000,4500000,3,3865000.0
20.0,37,0.0,0.24861878453038674,0.0,1448,396,43,1,1500000,1500000,3,3865000.0
19.0,9,0.0,0.0,0.0,148,7,0,0,700000,1000000,3,3865000.0
18.0,43,0.3736825295432769,0.25870328968380707,0.0,3131,60,9,1,500000,500000,3,3865000.0
24.0,43,0.21394611727416799,0.03565768621236133,0.0,2524,456,42,0,10000000,25000000,4,3865000.0
25.0,66,0.15014299332697809,0.10724499523355577,0.0,4196,149,12,2,4000000,4000000,4,3865000.0
22.0,38,0.17635532331809275,0.11757021554539517,0.0,1531,229,24,0,2000000,5000000,4,3865000.0
26.0,28,0.2170418006430868,0.14469453376205788,0.0,1244,85,18,0,2000000,4000000,4,3865000.0
27.0,77,0.6498194945848376,0.09997222993612885,0.0,3601,483,54,1,10000000,15000000,4,3865000.0
20.0,71,0.2738059020383328,0.10952236081533313,0.0,3287,88,17,4,7000000,7000000,4,3865000.0
23.0,52,0.2621613748907661,0.10486454995630644,0.0,3433,21,3,1,2400000,2400000,4,3865000.0
26.0,57,0.5242182709993869,0.22072348252605764,0.0,3262,314,3,1,2000000,2800000,4,3865000.0
20.0,52,0.881153113951591,0.19581180310035354,0.0,3677,43,6,2,700000,700000,4,3865000.0
21.0,34,0.3151575787893947,0.0,0.0,1999,0,0,0,300000,400000,4,3865000.0
28.0,62,0.0,0.0,1.3882978723404256,5640,363,43,1,5000000,5000000,1,4211111.111111111
25.0,12,0.0,0.0,1.9166666666666667,1080,0,0,1,1000000,2000000,1,4211111.111111111
21.0,45,0.0,0.0,0.9643658111138799,4013,0,0,0,200000,200000,1,4211111.111111111
25.0,34,0.03251445086705202,0.0,0.0,2768,760,78,2,3500000,5000000,2,4211111.111111111
26.0,86,0.013210039630118891,0.052840158520475564,0.0,6813,81,12,1,3500000,4000000,2,4211111.111111111
31.0,67,0.032,0.0,0.0,5625,355,42,1,2500000,6000000,2,4211111.111111111
29.0,52,0.10008340283569642,0.025020850708924104,0.0,3597,264,23,0,2500000,3000000,2,4211111.111111111
18.0,45,0.12032085561497326,0.0,0.0,3740,0,0,1,300000,300000,2,4211111.111111111
25.0,71,0.038338658146964855,0.07667731629392971,0.0,4695,66,12,1,8500000,8500000,2,4211111.111111111
26.0,62,0.09909711517286941,0.05945826910372165,0.0,4541,17,2,2,7000000,20000000,2,4211111.111111111
30.0,64,0.08932115919015482,0.12504962286621676,0.0,5038,229,38,1,5000000,9000000,2,4211111.111111111
29.0,39,0.0,0.0789127575624726,0.0,2281,546,69,3,2000000,15000000,2,4211111.111111111
24.0,65,0.020876826722338204,0.25052192066805845,0.0,4311,175,22,2,15000000,15000000,3,4211111.111111111
23.0,68,0.10536174198080075,0.14750643877312106,0.0,4271,54,8,0,10000000,11000000,3,4211111.111111111
29.0,57,0.06214039125431531,0.04142692750287687,0.0,4345,140,16,1,4000000,8500000,3,4211111.111111111
27.0,56,0.04677754677754678,0.11694386694386695,0.0,3848,487,63,1,3000000,8000000,3,4211111.111111111
25.0,34,0.08797653958944282,0.08797653958944282,0.0,1023,282,30,3,1500000,3500000,3,4211111.111111111
20.0,51,0.08746355685131195,0.08746355685131195,0.0,4116,0,0,0,200000,200000,3,4211111.111111111
30.0,66,0.2720527617477329,0.1731244847485573,0.0,3639,137,11,8,4000000,4000000,3,4211111.111111111
24.0,36,0.39722572509457754,0.0,0.0,1586,161,7,0,2000000,2000000,4,4211111.111111111
18.0,36,0.564042303172738,0.24676850763807284,0.0,2553,28,4,1,500000,500000,4,4211111.111111111
22.0,49,0.3907380607814761,0.13024602026049203,0.0,3455,518,39,1,12000000,17000000,4,4211111.111111111
29.0,69,0.3481270358306189,0.1465798045602606,0.0,4912,0,0,1,9000000,16000000,4,4211111.111111111
27.0,63,0.7009952401557767,0.0,0.0,2311,315,38,2,4500000,4500000,4,4211111.111111111
31.0,67,0.27386839102320276,0.25675161658425255,0.0,5258,291,36,3,3500000,4500000,4,4211111.111111111
18.0,43,1.1460912628227804,0.1273434736469756,0.0,2827,0,0,2,2500000,2500000,4,4211111.111111111
22.0,39,0.2772429726607624,0.1732768579129765,0.0,2597,208,24,1,1000000,1000000,4,4211111.111111111
28.0,66,0.0,0.0,1.41,6000,39,6,3,5000000,5000000,1,2996323.529411765
30.0,14,0.0,0.0,1.6046511627906976,1290,226,28,2,1500000,12000000,1,2996323.529411765
22.0,30,0.0,0.0,1.2666666666666666,2700,22,4,0,100000,100000,1,2996323.529411765
26.0,1,0.0,0.0,2.0,90,0,0,0,25000,100000,1,2996323.529411765
26.0,61,0.06653114026982074,0.0,0.0,5411,1071,119,0,7500000,7500000,2,2996323.529411765
23.0,54,0.022399203583872575,0.022399203583872575,0.0,4018,212,30,1,4500000,4500000,2,2996323.529411765
25.0,40,0.0,0.06435466571326422,0.0,2797,130,24,1,3500000,3500000,2,2996323.529411765
22.0,50,0.04126547455295736,0.0,0.0,4362,0,0,0,1500000,1800000,2,2996323.529411765
19.0,37,0.029335071707953065,0.0,0.0,3068,126,10,0,150000,200000,2,2996323.529411765
19.0,33,0.031045187995860642,0.062090375991721285,0.0,2899,0,0,1,0,0,2,2996323.529411765
33.0,72,0.0,0.1174934725848564,0.0,6128,314,47,3,3500000,20000000,2,2996323.529411765
28.0,52,0.02138783269961977,0.04277566539923954,0.0,4208,111,15,0,1500000,5000000,2,2996323.529411765
28.0,69,0.016623568526043592,0.08311784263021796,0.0,5414,77,11,7,3000000,3000000,2,2996323.529411765
28.0,63,0.21618625277161863,0.03325942350332594,0.0,5412,90,11,1,13000000,13000000,3,2996323.529411765
25.0,65,0.22879593251675526,0.0623988906863878,0.0,4327,279,40,0,10000000,10000000,3,2996323.529411765
21.0,69,0.04892190614241711,0.04892190614241711,0.0,5519,3,0,0,6500000,6500000,3,2996323.529411765
22.0,33,0.0,0.0,0.0,2411,257,29,0,200000,200000,3,2996323.529411765
21.0,68,0.26327632763276326,0.081008100810081,0.0,4444,20,4,1,5000000,5000000,3,2996323.529411765
22.0,47,0.0911238609517381,0.0,0.0,2963,63,13,0,1200000,1200000,3,2996323.529411765
29.0,55,0.09004502251125562,0.18009004502251125,0.0,1999,112,16,2,1000000,3000000,3,2996323.529411765
21.0,53,0.3395311236863379,0.21827000808407437,0.0,3711,80,14,1,200000,200000,3,2996323.529411765
30.0,74,0.16750418760469013,0.3015075376884422,0.0,5373,351,50,2,4000000,4500000,4,2996323.529411765
21.0,61,0.1749611197511664,0.27993779160186627,0.0,2572,234,24,1,7500000,9000000,4,2996323.529411765
23.0,72,0.18181818181818182,0.2222222222222222,0.0,4455,383,45,0,4500000,9000000,4,2996323.529411765
25.0,43,0.2573266619013581,0.12866333095067906,0.0,2798,238,52,3,2000000,4500000,4,2996323.529411765
18.0,34,0.802547770700637,0.1910828025477707,0.0,2355,0,0,1,500000,500000,4,2996323.529411765
24.0,59,0.4463336875664187,0.06376195536663125,0.0,2823,174,18,5,3500000,3500000,4,2996323.529411765
31.0,38,0.18115942028985507,0.32608695652173914,0.0,2484,557,63,1,3000000,23000000,4,2996323.529411765
30.0,62,0.321285140562249,0.20080321285140562,0.0,2241,268,29,3,2000000,5000000,4,2996323.529411765
21.0,43,0.47368421052631576,0.11842105263157894,0.0,1520,100,13,0,2000000,2000000,4,2996323.529411765
28.0,59,0.45037531276063386,0.0,0.0,2398,211,24,3,1800000,20000000,4,2996323.529411765
31.0,30,0.12016021361815754,0.06008010680907877,0.0,1498,516,64,0,1000000,7000000,4,2996323.529411765
24.0,37,0.6360424028268551,0.0,0.0,2264,983,92,2,1000000,1000000,4,2996323.529411765
20.0,52,0.46343975283213185,0.09268795056642637,0.0,3884,52,1,1,200000,200000,4,2996323.529411765
24.0,47,0.0,0.0,1.793594306049822,4215,71,13,0,4500000,4500000,1,3184482.7586206896
20.0,26,0.0,0.0,0.7307692307692307,2340,11,1,0,400000,400000,1,3184482.7586206896
38.0,0,,,,0,415,45,2,300000,2500000,1,3184482.7586206896
28.0,60,0.053275453827940016,0.017758484609313337,0.0,5068,365,43,3,4500000,8000000,2,3184482.7586206896
21.0,31,0.04833512352309345,0.04833512352309345,0.0,1862,158,23,0,4000000,6000000,2,3184482.7586206896
25.0,20,0.0,0.06338028169014084,0.0,1420,114,16,1,3000000,4500000,2,3184482.7586206896
26.0,46,0.0,0.0,0.0,3622,77,13,4,2000000,7000000,2,3184482.7586206896
26.0,43,0.0,0.14314115308151093,0.0,2515,153,21,2,2000000,14000000,2,3184482.7586206896
31.0,57,0.019942388654996677,0.1794814978949701,0.0,4513,198,26,2,2000000,17000000,2,3184482.7586206896
19.0,42,0.1986206896551724,0.1489655172413793,0.0,3625,10,1,0,750000,750000,2,3184482.7586206896
26.0,51,0.0,0.09513742071881606,0.0,3784,119,15,5,4000000,12000000,2,3184482.7586206896
36.0,36,0.0,0.0,0.0,2756,513,42,3,500000,3500000,2,3184482.7586206896
19.0,48,0.06718089076884798,0.1567554117939786,0.0,4019,0,0,0,350000,350000,2,3184482.7586206896
26.0,69,0.13455428891795926,0.050457858344234725,0.0,5351,15,3,1,11000000,25000000,3,3184482.7586206896
26.0,63,0.04132231404958678,0.02066115702479339,0.0,4356,0,0,3,4000000,6000000,3,3184482.7586206896
31.0,60,0.03836317135549872,0.07672634271099744,0.0,4692,591,139,3,1500000,4500000,3,3184482.7586206896
26.0,68,0.1532567049808429,0.05747126436781609,0.0,4698,348,40,1,6500000,25000000,3,3184482.7586206896
29.0,57,0.02932551319648094,0.11730205278592376,0.0,3069,387,55,8,2000000,6000000,3,3184482.7586206896
36.0,38,0.0,0.0,0.0,1382,147,24,7,700000,23000000,3,3184482.7586206896
25.0,53,0.1290785227680172,0.2581570455360344,0.0,2789,100,13,0,7500000,9000000,4,3184482.7586206896
25.0,62,0.29824114198317614,0.16059138414478716,0.0,3923,70,7,0,12000000,21000000,4,3184482.7586206896
25.0,62,0.27115858668857845,0.14790468364831552,0.0,3651,105,11,1,6000000,10000000,4,3184482.7586206896
21.0,30,0.09922822491730982,0.0,0.0,1814,693,67,0,1200000,1200000,4,3184482.7586206896
22.0,25,0.35913806863527536,0.14365522745411013,0.0,1253,420,54,2,3500000,3500000,4,3184482.7586206896
25.0,68,0.5079006772009029,0.12697516930022573,0.0,3544,160,22,0,3000000,4000000,4,3184482.7586206896
32.0,59,0.3540983606557377,0.2360655737704918,0.0,3050,459,50,5,2200000,10000000,4,3184482.7586206896
33.0,40,0.40268456375838924,0.1610738255033557,0.0,2235,834,103,7,2000000,30000000,4,3184482.7586206896
20.0,56,0.6058158319870759,0.24232633279483037,0.0,3714,48,8,0,700000,700000,4,3184482.7586206896
17.0,44,0.5281325509147394,0.37279944770452195,0.0,2897,0,0,0,250000,250000,4,3184482.7586206896
30.0,53,0.0,0.0,2.259656652360515,4660,251,35,4,900000,9000000,1,1886718.75
34.0,20,0.0,0.0,1.1855670103092784,1746,291,40,3,400000,13000000,1,1886718.75
22.0,52,0.0,0.0,1.0,4680,143,19,0,225000,250000,1,1886718.75
38.0,2,0.0,0.0,1.5,180,223,26,5,50000,750000,1,1886718.75
24.0,50,0.06484149855907781,0.0,0.0,4164,88,13,2,5500000,5500000,2,1886718.75
21.0,60,0.05188316679477325,0.017294388931591083,0.0,5204,244,26,2,5000000,5000000,2,1886718.75
21.0,35,0.03303964757709251,0.0,0.0,2724,383,43,0,1500000,2500000,2,1886718.75
34.0,57,0.03953437294091808,0.03953437294091808,0.0,4553,485,52,1,1500000,7000000,2,1886718.75
31.0,42,0.09753454348415064,0.07315090761311298,0.0,3691,495,62,5,1000000,3500000,2,1886718.75
23.0,43,0.0,0.0,0.0,2975,0,0,1,1000000,1000000,2,1886718.75
31.0,34,0.031424581005586594,0.09427374301675978,0.0,2864,94,8,5,700000,7000000,2,1886718.75
22.0,19,0.278853601859024,0.0,0.0,1291,65,9,0,200000,200000,2,1886718.75
26.0,49,0.07460624481901078,0.2486874827300359,0.0,3619,379,39,1,2500000,3000000,2,1886718.75
28.0,35,0.04554655870445344,0.04554655870445344,0.0,1976,197,30,3,1000000,3500000,2,1886718.75
29.0,57,0.0,0.019263698630136987,0.0,4672,328,37,3,2500000,3200000,2,1886718.75
21.0,42,0.0,0.0,0.0,1859,114,10,1,2000000,2000000,2,1886718.75
25.0,44,0.0,0.0591910555738244,0.0,3041,71,8,3,5500000,10000000,3,1886718.75
30.0,57,0.09218163195629908,0.03072721065209969,0.0,2929,280,43,11,3000000,6500000,3,1886718.75
22.0,21,0.08093525179856115,0.0,0.0,1112,63,9,0,1500000,1500000,3,1886718.75
21.0,66,0.09247842170160296,0.055487053020961775,0.0,4866,7,1,0,6000000,6000000,3,1886718.75
33.0,37,0.05434782608695652,0.0,0.0,1656,456,40,3,600000,5000000,3,1886718.75
23.0,17,0.0,0.0,0.0,486,185,22,1,400000,1500000,3,1886718.75
22.0,30,0.5780632411067194,0.3557312252964427,0.0,2024,0,0,0,600000,600000,3,1886718.75
27.0,54,0.19988895058300943,0.34980566352026654,0.0,3602,324,34,0,1800000,1800000,3,1886718.75
23.0,55,0.1978565539983512,0.2967848309975268,0.0,3639,124,11,1,3500000,3500000,3,1886718.75
33.0,53,0.24816176470588236,0.24816176470588236,0.0,3264,279,36,4,900000,4000000,3,1886718.75
30.0,69,0.391156462585034,0.22108843537414966,0.0,5292,38,5,2,2500000,3000000,4,1886718.75
26.0,34,0.2926829268292683,0.04878048780487805,0.0,1845,252,30,0,1000000,1000000,4,1886718.75
28.0,84,0.5535268114549299,0.10378627714779935,0.0,5203,531,71,3,3000000,5000000,4,1886718.75
32.0,57,0.3273719308881479,0.13640497120339498,0.0,3299,536,58,0,1700000,2250000,4,1886718.75
29.0,57,0.10127531882970743,0.10127531882970743,0.0,2666,231,28,2,1400000,3500000,4,1886718.75
35.0,65,0.6621943302315516,0.11685782298203852,0.0,4621,497,45,8,1000000,4000000,4,1886718.75
34.0,72,0.0,0.0,1.7020616958611068,6451,374,30,2,1200000,1200000,1,1705357.142857143
24.0,7,0.0,0.0,0.5714285714285714,630,0,0,3,500000,900000,1,1705357.142857143
35.0,4,0.0,0.0,2.082262210796915,389,282,31,0,400000,2000000,1,1705357.142857143
22.0,0,,,,0,365,44,1,100000,100000,1,1705357.142857143
24.0,54,0.06679861454725383,0.0,0.0,4042,28,5,2,5000000,5000000,2,1705357.142857143
30.0,52,0.0,0.0,0.0,4353,361,49,7,3500000,5000000,2,1705357.142857143
26.0,33,0.1274787535410765,0.0,0.0,1412,93,12,1,3000000,7500000,2,1705357.142857143
29.0,22,0.0,0.0,0.0,1535,244,23,0,1500000,10000000,2,1705357.142857143
33.0,31,0.0,0.0,0.0,1973,500,72,4,500000,1000000,2,1705357.142857143
18.0,25,0.04429133858267716,0.0,0.0,2032,26,4,0,200000,200000,2,1705357.142857143
31.0,59,0.0,0.0,0.0,4827,0,0,2,2200000,2200000,2,1705357.142857143
29.0,45,0.0,0.17090770983668818,0.0,2633,491,72,0,1800000,4500000,2,1705357.142857143
24.0,42,0.046680497925311204,0.0,0.0,1928,0,0,1,1500000,1500000,2,1705357.142857143
27.0,39,0.0,0.0,0.0,2015,236,42,6,1000000,3000000,2,1705357.142857143
33.0,48,0.0240064017071219,0.0,0.0,3749,271,33,14,700000,2000000,2,1705357.142857143
30.0,8,0.0,0.0,0.0,432,678,80,4,1000000,3000000,3,1705357.142857143
37.0,71,0.07055503292568203,0.04233301975540922,0.0,6378,43,4,1,500000,900000,3,1705357.142857143
23.0,40,0.0,0.0501952035694367,0.0,1793,763,95,3,2000000,2000000,3,1705357.142857143
27.0,52,0.0,0.0,0.0,2171,95,15,1,2000000,10000000,3,1705357.142857143
29.0,60,0.15933903806432576,0.07966951903216288,0.0,3389,695,64,0,2500000,6000000,3,1705357.142857143
28.0,50,0.16974726518294983,0.3055450773293097,0.0,2651,170,15,1,2500000,3500000,3,1705357.142857143
28.0,59,0.13715330691862238,0.2194452910697958,0.0,3281,283,37,1,3500000,4500000,4,1705357.142857143
29.0,59,0.07890122735242548,0.28930450029222676,0.0,3422,15,3,1,1800000,2000000,4,1705357.142857143
28.0,58,0.170316301703163,0.12165450121654502,0.0,3699,225,32,5,4000000,4000000,4,1705357.142857143
30.0,74,0.4371053909664886,0.11656143759106362,0.0,6177,26,3,1,2500000,2500000,4,1705357.142857143
31.0,39,0.3209986625055729,0.24074899687917967,0.0,2243,528,72,4,1100000,3000000,4,1705357.142857143
26.0,31,0.0,0.0,0.0,502,32,6,1,750000,2500000,4,1705357.142857143
22.0,37,0.32171581769436997,0.0,0.0,1119,428,51,3,500000,500000,4,1705357.142857143
31.0,58,0.0,0.0,1.5436500289073039,5189,115,10,1,3000000,12000000,1,3098076.923076923
27.0,14,0.0,0.0,1.6084484159220147,1231,778,76,2,500000,800000,1,3098076.923076923
19.0,46,0.0,0.0,1.5539568345323742,4170,0,0,0,300000,300000,1,3098076.923076923
24.0,8,0.0,0.0,1.8600953895071541,629,247,23,0,200000,300000,1,3098076.923076923
19.0,41,0.0,0.0,1.3902439024390243,3690,180,13,0,150000,150000,1,3098076.923076923
25.0,59,0.06990291262135923,0.03495145631067961,0.0,5150,138,18,3,6500000,7500000,2,3098076.923076923
25.0,60,0.018919487071683835,0.0,0.0,4757,61,9,5,6000000,7000000,2,3098076.923076923
28.0,58,0.0,0.0,0.0,4404,209,25,2,5500000,20000000,2,3098076.923076923
27.0,57,0.03765690376569038,0.056485355648535567,0.0,4780,222,25,2,5000000,12000000,2,3098076.923076923
17.0,24,0.0,0.0,0.0,1761,14,2,0,1000000,1000000,2,3098076.923076923
22.0,55,0.030874785591766724,0.030874785591766724,0.0,2915,26,6,1,3500000,3500000,2,3098076.923076923
31.0,66,0.0690846286701209,0.10362694300518134,0.0,5211,105,10,2,1500000,1500000,2,3098076.923076923
29.0,57,0.13109978150036417,0.28404952658412236,0.0,4119,323,42,11,5500000,14000000,2,3098076.923076923
23.0,30,0.0,0.10244735344336937,0.0,1757,383,46,1,1000000,2500000,2,3098076.923076923
23.0,58,0.03115264797507788,0.0,0.0,2889,24,3,0,3000000,3000000,3,3098076.923076923
34.0,54,0.022244191794364803,0.044488383588729606,0.0,4046,461,62,2,500000,500000,3,3098076.923076923
19.0,21,0.11104256631708821,0.0,0.0,1621,155,23,0,200000,200000,3,3098076.923076923
26.0,70,0.21285745001075038,0.07740270909481832,0.0,4651,196,19,1,3500000,4000000,3,3098076.923076923
23.0,24,0.0,0.0,0.0,1296,677,71,0,1000000,3000000,3,3098076.923076923
23.0,63,0.10845986984815618,0.21691973969631237,0.0,4149,67,7,2,4500000,5000000,3,3098076.923076923
29.0,49,0.13558300692979813,0.1898162097017174,0.0,3319,319,45,0,3500000,7000000,3,3098076.923076923
25.0,51,0.14428857715430862,0.21643286573146292,0.0,2495,124,15,2,2500000,2500000,3,3098076.923076923
29.0,43,0.10746268656716418,0.16119402985074627,0.0,1675,280,44,3,2000000,20000000,4,3098076.923076923
30.0,64,0.5964779397841318,0.23859117591365273,0.0,5281,783,91,2,13000000,15000000,4,3098076.923076923
29.0,69,0.5283461925528347,0.2868165045286816,0.0,5962,0,0,4,6500000,6500000,4,3098076.923076923
21.0,42,0.15873015873015872,0.15873015873015872,0.0,1134,115,12,1,700000,700000,4,3098076.923076923
32.0,94,0.0,0.0,1.3943661971830985,8520,316,47,17,8500000,12000000,1,9498387.096774194
21.0,5,0.0,0.0,1.2,450,382,52,1,750000,750000,1,9498387.096774194
34.0,2,0.0,0.0,1.0,180,443,45,2,200000,750000,1,9498387.096774194
18.0,41,0.0,0.0,0.9512195121951219,3690,46,8,0,200000,250000,1,9498387.096774194
23.0,88,0.06900076667518527,0.057500638895987735,0.0,7826,89,11,1,32000000,32000000,2,9498387.096774194
23.0,82,0.07793332371193534,0.0,0.0,6929,37,4,1,15000000,15000000,2,9498387.096774194
22.0,42,0.05895840157222404,0.02947920078611202,0.0,3053,203,28,2,5000000,5000000,2,9498387.096774194
27.0,27,0.054119061936259774,0.054119061936259774,0.0,1663,575,70,2,2500000,8000000,2,9498387.096774194
39.0,53,0.0,0.0,0.0,3657,226,36,10,800000,5000000,2,9498387.096774194
20.0,52,0.020756457564575646,0.06226937269372694,0.0,4336,0,0,0,0,0,2,9498387.096774194
29.0,88,0.013412816691505217,0.10730253353204174,0.0,6710,161,27,4,6000000,20000000,2,9498387.096774194
28.0,52,0.0,0.10550996483001172,0.0,2559,500,72,3,5000000,5000000,2,9498387.096774194
20.0,38,0.0,0.2102803738317757,0.0,2996,158,20,0,200000,200000,2,9498387.096774194
26.0,45,0.08631713554987212,0.20140664961636828,0.0,3128,661,101,1,6000000,6000000,2,9498387.096774194
33.0,30,0.0,0.05392450569203116,0.0,1669,526,73,2,1200000,5000000,2,9498387.096774194
26.0,86,0.06022080963532954,0.03011040481766477,0.0,5978,268,30,4,9000000,9000000,3,9498387.096774194
26.0,91,0.07170362501659806,0.05975302084716505,0.0,7531,275,42,3,22000000,22000000,3,9498387.096774194
32.0,67,0.10853180584865843,0.054265902924329215,0.0,3317,172,30,7,2500000,10000000,3,9498387.096774194
19.0,55,0.3649000868809731,0.23457862728062553,0.0,3453,76,6,0,800000,800000,3,9498387.096774194
19.0,60,0.2709677419354839,0.4838709677419355,0.0,4650,10,2,0,300000,300000,3,9498387.096774194
22.0,43,0.13853258081067213,0.09235505387378143,0.0,1949,74,14,2,7500000,7500000,3,9498387.096774194
26.0,93,0.33112582781456956,0.13245033112582782,0.0,6795,85,11,2,30000000,30000000,3,9498387.096774194
23.0,77,0.2333931777378815,0.2333931777378815,0.0,5013,89,16,2,28000000,28000000,3,9498387.096774194
30.0,98,0.16932145992725448,0.22576194656967263,0.0,7973,184,39,18,13000000,55000000,3,9498387.096774194
19.0,9,0.0,0.8450704225352113,0.0,213,0,0,0,4500000,4500000,3,9498387.096774194
21.0,55,0.12167643082469581,0.32447048219918884,0.0,2219,9,1,0,2500000,2500000,4,9498387.096774194
21.0,69,0.09228402973596514,0.09228402973596514,0.0,3901,56,7,3,10000000,10000000,4,9498387.096774194
24.0,87,0.44776119402985076,0.2942430703624733,0.0,7035,4,1,2,65000000,65000000,4,9498387.096774194
27.0,92,0.25626423690205014,0.20501138952164008,0.0,5268,35,9,10,12000000,20000000,4,9498387.096774194
30.0,59,0.5765124555160143,0.0,0.0,1405,179,19,5,4000000,20000000,4,9498387.096774194
18.0,50,0.8855098389982111,0.3756708407871199,0.0,3354,217,22,0,0,0,4,9498387.096774194
29.0,81,0.0,0.0,1.1951219512195121,7380,498,69,3,7000000,7000000,1,6309615.384615385
21.0,59,0.0,0.0,0.9775280898876404,5340,17,4,2,3500000,3500000,1,6309615.384615385
29.0,6,0.0,0.0,1.4210526315789473,570,20,4,3,500000,600000,1,6309615.384615385
26.0,77,0.079587324981577,0.0,0.0,6785,317,42,3,20000000,20000000,2,6309615.384615385
29.0,78,0.06573181419807186,0.03943908851884312,0.0,6846,197,29,6,20000000,35000000,2,6309615.384615385
32.0,43,0.0,0.0,0.0,2340,712,81,2,1700000,4000000,2,6309615.384615385
20.0,56,0.0,0.0,0.0,4487,10,2,1,750000,750000,2,6309615.384615385
30.0,86,0.035545023696682464,0.1895734597156398,0.0,7596,32,4,3,10000000,12000000,2,6309615.384615385
21.0,31,0.0,0.0,0.0,1868,431,53,1,500000,500000,2,6309615.384615385
21.0,63,0.0,0.04190919674039581,0.0,4295,18,4,1,12000000,12000000,2,6309615.384615385
30.0,67,0.10442854380197254,0.0,0.0,5171,1006,99,2,3000000,3000000,2,6309615.384615385
32.0,21,0.2777777777777778,0.09259259259259259,0.0,972,266,45,1,1200000,5000000,2,6309615.384615385
23.0,45,0.0,0.10465116279069768,0.0,1720,255,33,2,4000000,4000000,3,6309615.384615385
33.0,79,0.06405693950177936,0.08967971530249111,0.0,7025,247,29,3,2500000,4500000,3,6309615.384615385
26.0,83,0.05707038681039949,0.07133798351299937,0.0,6308,24,3,1,8000000,30000000,3,6309615.384615385
20.0,49,0.05421686746987952,0.16265060240963855,0.0,3320,31,4,0,2000000,2000000,3,6309615.384615385
19.0,56,0.07991120976692564,0.07991120976692564,0.0,4505,7,1,0,1400000,1400000,3,6309615.384615385
27.0,51,0.38699274388605215,0.2902445579145391,0.0,3721,494,66,1,8000000,8000000,3,6309615.384615385
30.0,86,0.4079166037165735,0.20395830185828676,0.0,6619,222,26,1,12000000,12000000,4,6309615.384615385
21.0,52,0.14539579967689822,0.14539579967689822,0.0,1857,80,11,1,2500000,2500000,4,6309615.384615385
24.0,84,0.2928416485900217,0.16268980477223427,0.0,5532,50,8,1,15000000,15000000,4,6309615.384615385
26.0,63,0.19743027264180507,0.36665622062049513,0.0,3191,325,49,1,10000000,16000000,4,6309615.384615385
23.0,71,0.20147105852254557,0.1439078989446754,0.0,3127,155,18,5,4000000,5500000,4,6309615.384615385
29.0,70,0.4703476482617587,0.12269938650306748,0.0,4401,160,26,1,8000000,20000000,4,6309615.384615385
28.0,73,0.21454112038140644,0.1966626936829559,0.0,5034,111,14,0,5000000,6500000,4,6309615.384615385
34.0,65,0.531496062992126,0.05905511811023622,0.0,1524,269,30,3,1500000,12000000,4,6309615.384615385
25.0,75,0.0,0.0,1.3108108108108107,6660,135,18,1,35000000,35000000,1,16592424.242424242
22.0,48,0.0,0.0,1.4219330855018588,4304,28,4,0,1500000,1500000,1,16592424.242424242
32.0,44,0.0,0.0,1.3919878296146044,3944,841,97,2,1000000,1000000,1,16592424.242424242
22.0,28,0.0,0.0,1.3214285714285714,2520,315,45,4,650000,1500000,1,16592424.242424242
23.0,77,0.09764414135151891,0.08369497830130192,0.0,6452,160,21,2,40000000,40000000,2,16592424.242424242
27.0,79,0.04804270462633452,0.0800711743772242,0.0,5620,360,53,15,35000000,60000000,2,16592424.242424242
34.0,70,0.03559422582558829,0.03559422582558829,0.0,5057,227,22,17,6500000,60000000,2,16592424.242424242
19.0,31,0.0,0.0,0.0,2273,297,23,0,1000000,1000000,2,16592424.242424242
23.0,59,0.01939655172413793,0.03879310344827586,0.0,4640,0,0,0,600000,600000,2,16592424.242424242
29.0,64,0.18994627782041443,0.3108211818879509,0.0,5212,158,32,5,20000000,40000000,2,16592424.242424242
18.0,58,0.10426320667284522,0.3753475440222428,0.0,4316,69,5,1,3500000,3500000,2,16592424.242424242
30.0,24,0.0,0.20270270270270271,0.0,1332,517,73,4,2000000,25000000,2,16592424.242424242
25.0,77,0.0736949846468782,0.0,0.0,4885,45,8,0,10000000,10000000,2,16592424.242424242
28.0,67,0.10344827586206896,0.10344827586206896,0.0,3480,253,23,3,9000000,10000000,2,16592424.242424242
31.0,44,0.054512416717141125,0.1362810417928528,0.0,3302,280,51,16,6500000,35000000,2,16592424.242424242
23.0,1,0.0,0.0,0.0,45,1183,111,3,1500000,7000000,2,16592424.242424242
25.0,22,0.08704061895551257,0.2611218568665377,0.0,1034,45,5,10,1500000,3000000,2,16592424.242424242
25.0,70,0.036607687614399025,0.036607687614399025,0.0,4917,63,6,4,17000000,17000000,3,16592424.242424242
29.0,66,0.13467293715262932,0.01923899102180419,0.0,4678,278,48,9,14000000,40000000,3,16592424.242424242
18.0,59,0.07338950801848329,0.12231584669747214,0.0,3679,168,15,1,1000000,1000000,3,16592424.242424242
19.0,86,0.24479804161566707,0.25703794369645044,0.0,7353,19,4,2,120000000,120000000,3,16592424.242424242
27.0,40,0.06797583081570997,0.23791540785498488,0.0,2648,319,50,4,12000000,18000000,3,16592424.242424242
27.0,82,0.2912621359223301,0.2912621359223301,0.0,5871,154,25,5,40000000,50000000,3,16592424.242424242
20.0,43,0.4334738109572547,0.27092113184828415,0.0,1661,314,45,2,28000000,42000000,3,16592424.242424242
33.0,72,0.35993144163016566,0.4456294039230623,0.0,5251,395,37,10,9000000,50000000,3,16592424.242424242
20.0,54,0.09685230024213075,0.36319612590799033,0.0,3717,46,5,1,300000,300000,3,16592424.242424242
21.0,76,0.5744286596664607,0.25941939468807906,0.0,4857,165,21,9,35000000,35000000,4,16592424.242424242
18.0,42,0.5592734225621415,0.21510516252390058,0.0,2092,274,39,2,14000000,14000000,4,16592424.242424242
24.0,73,0.3597601598934044,0.2798134576948701,0.0,4503,398,30,1,16000000,30000000,4,16592424.242424242
17.0,16,0.28526148969889065,0.0,0.0,631,178,42,0,5000000,5000000,4,16592424.242424242
28.0,65,0.7658022690437601,0.23703403565640194,0.0,4936,287,40,6,30000000,45000000,4,16592424.242424242
18.0,59,0.4329004329004329,0.30303030303030304,0.0,2079,247,37,8,30000000,30000000,4,16592424.242424242
35.0,64,0.531888697365181,0.08864811622753016,0.0,4061,291,17,1,1000000,20000000,4,16592424.242424242
33.0,89,0.0,0.0,1.3544776119402986,8040,101,10,7,2500000,12000000,1,15624074.074074075
26.0,43,0.0,0.0,1.2923076923076924,3900,158,17,1,1500000,2500000,1,15624074.074074075
31.0,3,0.0,0.0,1.0,270,517,89,4,1500000,10500000,1,15624074.074074075
29.0,0,,,,0,65,10,1,250000,400000,1,15624074.074074075
24.0,76,0.04258675078864353,0.014195583596214511,0.0,6340,107,14,0,30000000,40000000,2,15624074.074074075
21.0,76,0.030816640986132512,0.030816640986132512,0.0,5841,24,1,1,25000000,25000000,2,15624074.074074075
27.0,89,0.024473147518694765,0.024473147518694765,0.0,7355,227,28,0,20000000,40000000,2,15624074.074074075
22.0,69,0.0,0.060066740823136816,0.0,4495,99,5,3,20000000,23000000,2,15624074.074074075
22.0,70,0.07525083612040134,0.112876254180602,0.0,4784,59,11,11,9000000,14000000,2,15624074.074074075
27.0,30,0.0,0.09268795056642637,0.0,971,890,118,2,3000000,9000000,2,15624074.074074075
22.0,82,0.14858171994597028,0.25664115263394865,0.0,6663,55,8,3,35000000,35000000,2,15624074.074074075
25.0,23,0.0,0.0,0.0,406,814,124,4,3000000,7000000,2,15624074.074074075
28.0,74,0.15573628655476726,0.0622945146219069,0.0,5779,139,15,3,11000000,13000000,3,15624074.074074075
18.0,34,0.1670792079207921,0.0,0.0,1616,0,0,4,3000000,5000000,3,15624074.074074075
22.0,33,0.0,0.0,0.0,1812,33,4,0,400000,400000,3,15624074.074074075
20.0,25,0.04221388367729831,0.0,0.0,2132,0,0,0,200000,200000,3,15624074.074074075
24.0,66,0.18794048551292092,0.09397024275646046,0.0,3831,322,56,7,15000000,25000000,3,15624074.074074075
29.0,72,0.15309376993408463,0.1722304911758452,0.0,4703,247,35,1,9000000,32000000,3,15624074.074074075
26.0,69,0.16722408026755853,0.16722408026755853,0.0,2691,289,37,2,6000000,22000000,3,15624074.074074075
20.0,56,0.28247223563495893,0.45630130371801064,0.0,4142,403,54,2,85000000,85000000,3,15624074.074074075
22.0,49,0.09152542372881356,0.18305084745762712,0.0,2950,353,49,8,17000000,35000000,4,15624074.074074075
23.0,73,0.2627388535031847,0.21496815286624205,0.0,3768,179,16,0,15000000,15000000,4,15624074.074074075
23.0,90,0.36168787675820496,0.3014065639651708,0.0,7465,18,2,3,50000000,60000000,4,15624074.074074075
33.0,32,0.3438395415472779,0.4297994269340974,0.0,1047,404,60,3,2500000,22000000,4,15624074.074074075
27.0,54,0.6461047593725073,0.11964902951342728,0.0,3761,420,67,6,30000000,50000000,4,15624074.074074075
20.0,91,0.26825633383010433,0.31296572280178836,0.0,6039,191,26,2,15000000,20000000,4,15624074.074074075
28.0,65,0.4562352145995269,0.2737411287597161,0.0,2959,242,38,9,12000000,25000000,4,15624074.074074075
37.0,55,0.0,0.0,0.9471766848816029,4941,724,109,36,7000000,45000000,1,36285185.18518519
34.0,72,0.0,0.0,1.5039825081992815,6403,84,11,11,5000000,13000000,1,36285185.18518519
34.0,16,0.0,0.0,1.125,1440,244,33,20,900000,6000000,1,36285185.18518519
20.0,36,0.0,0.0,1.3333333333333333,3240,129,10,1,300000,300000,1,36285185.18518519
23.0,85,0.06355034599632821,0.01271006919926564,0.0,7081,211,35,12,75000000,75000000,2,36285185.18518519
24.0,81,0.028125,0.1125,0.0,6400,268,37,10,60000000,60000000,2,36285185.18518519
27.0,45,0.02548131370328426,0.05096262740656852,0.0,3532,694,72,14,50000000,70000000,2,36285185.18518519
22.0,69,0.03453568687643899,0.22448196469685341,0.0,5212,280,38,16,70000000,80000000,2,36285185.18518519
33.0,70,0.016930022573363433,0.08465011286681716,0.0,5316,320,52,17,6000000,25000000,2,36285185.18518519
29.0,99,0.05781832198381087,0.2312732879352435,0.0,7783,181,23,17,60000000,70000000,2,36285185.18518519
27.0,79,0.09990485252140818,0.028544243577545196,0.0,6306,174,21,13,35000000,45000000,2,36285185.18518519
25.0,61,0.10347206254311336,0.1448608875603587,0.0,4349,284,52,11,28000000,28000000,2,36285185.18518519
23.0,40,0.0,0.0,0.0,1779,525,50,7,12000000,12000000,2,36285185.18518519
31.0,13,0.32608695652173914,0.0,0.0,276,309,47,6,2500000,9000000,2,36285185.18518519
28.0,86,0.12070815450643776,0.2655579399141631,0.0,7456,160,28,22,80000000,90000000,3,36285185.18518519
28.0,67,0.1572052401746725,0.1572052401746725,0.0,4580,281,44,14,65000000,70000000,3,36285185.18518519
21.0,75,0.08697753080454217,0.1522106789079488,0.0,4139,88,9,9,30000000,35000000,3,36285185.18518519
20.0,87,0.4136690647482014,0.3776978417266187,0.0,5004,66,6,11,110000000,110000000,3,36285185.18518519
17.0,43,0.1662971175166297,0.36585365853658536,0.0,2706,83,15,2,3000000,3000000,3,36285185.18518519
17.0,53,0.675603217158177,0.579088471849866,0.0,3730,14,2,1,1000000,1000000,3,36285185.18518519
26.0,67,0.3384253819036428,0.27497062279670975,0.0,4255,164,25,29,65000000,65000000,4,36285185.18518519
31.0,89,0.5128622598502116,0.16118528166720938,0.0,6142,325,44,16,45000000,150000000,4,36285185.18518519
27.0,89,0.4231974921630094,0.39184952978056425,0.0,5742,447,75,15,70000000,100000000,4,36285185.18518519
27.0,92,0.575187969924812,0.35526315789473684,0.0,5320,116,22,20,55000000,90000000,4,36285185.18518519
33.0,85,0.30529172320217096,0.5647896879240163,0.0,5896,147,25,36,18000000,75000000,4,36285185.18518519
18.0,46,0.9006433166547534,0.0,0.0,1399,15,4,2,20000000,20000000,4,36285185.18518519
34.0,56,1.015625,0.3515625,0.0,2304,228,39,10,6000000,10000000,4,36285185.18518519
33.0,59,0.0,0.0,1.317490494296578,5260,340,53,7,6000000,13000000,1,18048148.14814815
32.0,59,0.0,0.0,1.1893524636586748,5297,689,95,4,2000000,2000000,1,18048148.14814815
32.0,16,0.0,0.0,1.5625,1440,303,42,6,600000,3000000,1,18048148.14814815
19.0,37,0.0,0.0,1.5554231227651967,3356,0,0,1,200000,200000,1,18048148.14814815
17.0,27,0.0,0.0,1.2962962962962963,2430,124,7,0,200000,200000,1,18048148.14814815
19.0,0,,,,0,0,0,0,0,0,1,18048148.14814815
21.0,87,0.055274067250115154,0.027637033625057577,0.0,6513,63,9,5,75000000,75000000,2,18048148.14814815
23.0,78,0.06568144499178982,0.13136288998357964,0.0,5481,509,36,2,28000000,28000000,2,18048148.14814815
27.0,31,0.0,0.0,0.0,2015,343,45,11,15000000,35000000,2,18048148.14814815
30.0,92,0.09942310052780165,0.011047011169755738,0.0,8147,281,37,2,10000000,20000000,2,18048148.14814815
25.0,75,0.04900181488203267,0.22867513611615245,0.0,5510,22,4,3,20000000,26000000,2,18048148.14814815
31.0,55,0.09796806966618288,0.13062409288824384,0.0,2756,569,82,3,4000000,22000000,2,18048148.14814815
19.0,30,0.2112676056338028,0.04225352112676056,0.0,2130,152,10,1,500000,500000,2,18048148.14814815
26.0,81,0.12572340850129715,0.12572340850129715,0.0,5011,200,33,4,15000000,20000000,2,18048148.14814815
26.0,59,0.0,0.023094688221709007,0.0,3897,549,86,3,12000000,38000000,2,18048148.14814815
26.0,72,0.1560130010834236,0.13651137594799567,0.0,4615,487,82,12,28000000,30000000,3,18048148.14814815
25.0,48,0.0,0.07880910683012259,0.0,3426,464,72,12,22000000,27000000,3,18048148.14814815
25.0,72,0.1447721179624665,0.07238605898123325,0.0,3730,170,29,8,17000000,24000000,3,18048148.14814815
32.0,80,0.01876172607879925,0.05628517823639775,0.0,4797,260,37,9,5000000,22000000,3,18048148.14814815
25.0,62,0.2294455066921606,0.43021032504780116,0.0,3138,179,36,13,40000000,50000000,3,18048148.14814815
22.0,91,0.2930591259640103,0.3393316195372751,0.0,5835,222,58,12,40000000,40000000,3,18048148.14814815
31.0,89,0.39430449069003287,0.21686746987951808,0.0,4565,277,43,6,9000000,28000000,3,18048148.14814815
20.0,0,,,,0,73,13,1,2800000,3500000,3,18048148.14814815
25.0,88,0.7453948307868057,0.3598457803798372,0.0,7003,181,20,15,80000000,80000000,4,18048148.14814815
27.0,77,0.4827175208581645,0.1966626936829559,0.0,5034,192,34,8,25000000,80000000,4,18048148.14814815
27.0,95,0.4033787278055508,0.26374762971901394,0.0,5801,221,15,4,20000000,45000000,4,18048148.14814815
28.0,65,0.4329004329004329,0.17316017316017315,0.0,2079,255,39,2,10000000,35000000,4,18048148.14814815
28.0,92,0.0,0.0,0.8586956521739131,8280,37,7,2,25000000,25000000,1,13429629.629629629
26.0,22,0.0,0.0,1.2268266085059978,1834,0,0,0,300000,300000,1,13429629.629629629
26.0,89,0.011587485515643106,0.011587485515643106,0.0,7767,40,8,1,35000000,35000000,2,13429629.629629629
26.0,73,0.01665741254858412,0.04997223764575236,0.0,5403,189,14,2,15000000,30000000,2,13429629.629629629
29.0,76,0.07006617360840794,0.03503308680420397,0.0,5138,230,35,1,14000000,20000000,2,13429629.629629629
22.0,43,0.0,0.033358042994810974,0.0,2698,59,9,0,6000000,6000000,2,13429629.629629629
25.0,58,0.02116650987770461,0.04233301975540922,0.0,4252,87,13,1,6000000,7500000,2,13429629.629629629
30.0,57,0.020375820692777904,0.020375820692777904,0.0,4417,271,43,0,3000000,10000000,2,13429629.629629629
26.0,75,0.0,0.0560514843263442,0.0,4817,191,30,1,9000000,10000000,2,13429629.629629629
23.0,34,0.10526315789473684,0.10526315789473684,0.0,1710,397,51,0,3000000,3000000,2,13429629.629629629
24.0,91,0.03817873303167421,0.06363122171945701,0.0,7072,35,3,1,40000000,40000000,3,13429629.629629629
33.0,41,0.04639175257731959,0.04639175257731959,0.0,1940,690,111,7,2000000,25000000,3,13429629.629629629
26.0,86,0.07884362680683311,0.15768725361366623,0.0,6849,182,29,4,50000000,50000000,3,13429629.629629629
25.0,40,0.04221388367729831,0.0,0.0,2132,186,27,1,2500000,7500000,3,13429629.629629629
21.0,46,0.0,0.03768844221105527,0.0,2388,39,6,0,2000000,3000000,3,13429629.629629629
26.0,87,0.2088490099009901,0.19492574257425743,0.0,6464,80,11,0,25000000,30000000,3,13429629.629629629
21.0,57,0.19327129563350035,0.12884753042233357,0.0,2794,33,0,0,3000000,4000000,3,13429629.629629629
37.0,66,0.10096477451200359,0.2625084137312093,0.0,4457,250,53,20,4000000,50000000,3,13429629.629629629
19.0,62,0.23955283470854405,0.04791056694170881,0.0,3757,0,0,0,1000000,1000000,3,13429629.629629629
26.0,61,0.40439340988517225,0.11233150274588118,0.0,4006,377,51,2,40000000,70000000,4,13429629.629629629
21.0,41,0.215311004784689,0.16148325358851676,0.0,1672,413,65,2,6000000,15000000,4,13429629.629629629
27.0,4,0.0,0.0,0.0,177,1144,23,0,800000,2000000,4,13429629.629629629
21.0,75,0.21135781383432964,0.23057216054654142,0.0,4684,73,11,0,25000000,30000000,4,13429629.629629629
26.0,44,0.5612244897959183,0.30612244897959184,0.0,3528,424,63,2,18000000,18000000,4,13429629.629629629
19.0,56,0.17195261750095528,0.10317157050057317,0.0,2617,124,21,0,12000000,15000000,4,13429629.629629629
27.0,91,0.4,0.06666666666666667,0.0,5400,78,10,4,12000000,20000000,4,13429629.629629629
27.0,30,0.10935601458080195,0.0,0.0,823,929,124,5,3000000,10000000,4,13429629.629629629
21.0,38,0.0,0.0,1.110776640577965,3322,0,0,0,1500000,1500000,1,12095652.173913043
40.0,49,0.0,0.0,1.4093959731543624,4470,204,36,9,700000,22000000,1,12095652.173913043
26.0,86,0.08406725380304243,0.01200960768614892,0.0,7494,41,8,1,45000000,50000000,2,12095652.173913043
23.0,55,0.02086714583816369,0.0,0.0,4313,132,12,1,5000000,8000000,2,12095652.173913043
31.0,57,0.02092050209205021,0.0,0.0,4302,95,14,1,3000000,20000000,2,12095652.173913043
37.0,70,0.0,0.0,0.0,5940,219,43,12,2500000,18000000,2,12095652.173913043
27.0,70,0.10964912280701754,0.21929824561403508,0.0,4104,147,22,3,15000000,22000000,2,12095652.173913043
30.0,64,0.03838771593090211,0.11516314779270634,0.0,4689,337,53,0,3000000,5000000,2,12095652.173913043
30.0,63,0.13469021251122418,0.13469021251122418,0.0,3341,617,99,4,3000000,15000000,2,12095652.173913043
25.0,68,0.01693958215697346,0.03387916431394692,0.0,5313,427,61,3,25000000,25000000,2,12095652.173913043
32.0,56,0.0,0.0954653937947494,0.0,3771,215,34,1,2500000,6000000,2,12095652.173913043
32.0,53,0.17129805862200229,0.06851922344880092,0.0,2627,693,90,7,3000000,24000000,3,12095652.173913043
34.0,81,0.14016265789929053,0.10901540058833709,0.0,5779,301,46,1,3000000,13000000,3,12095652.173913043
22.0,53,0.03213138164941092,0.03213138164941092,0.0,2801,105,17,0,4000000,4000000,3,12095652.173913043
27.0,70,0.06948018528049409,0.13896037056098817,0.0,3886,286,51,10,14000000,50000000,3,12095652.173913043
34.0,96,0.0705697856769472,0.2234709879769995,0.0,7652,82,18,4,6000000,35000000,3,12095652.173913043
31.0,77,0.1791936286709806,0.11199601791936287,0.0,4018,154,15,1,4000000,20000000,3,12095652.173913043
21.0,93,0.2457831325301205,0.17349397590361446,0.0,6225,7,0,1,20000000,20000000,4,12095652.173913043
20.0,86,0.19347273793238226,0.19347273793238226,0.0,5117,124,14,1,40000000,40000000,4,12095652.173913043
24.0,88,0.35799522673031026,0.25059665871121717,0.0,5028,561,72,2,25000000,30000000,4,12095652.173913043
31.0,56,0.5953693495038589,0.29768467475192945,0.0,3628,253,48,2,20000000,40000000,4,12095652.173913043
21.0,74,0.40632054176072235,0.26410835214446954,0.0,4430,134,14,0,30000000,30000000,4,12095652.173913043
35.0,78,0.532319391634981,0.20912547528517111,0.0,4734,45,9,2,3000000,10000000,4,12095652.173913043
29.0,60,0.0,0.0,1.1290020595394121,5341,11,3,1,15000000,15000000,1,8669230.76923077
24.0,28,0.0,0.0,1.4285714285714286,2520,240,37,1,1500000,5000000,1,8669230.76923077
40.0,44,0.0,0.0,1.1139176559737307,3959,579,108,22,1000000,15000000,1,8669230.76923077
26.0,70,0.0,0.015712290502793297,0.0,5728,318,49,3,15000000,22000000,2,8669230.76923077
26.0,66,0.018014411529223378,0.018014411529223378,0.0,4996,0,0,1,9000000,10000000,2,8669230.76923077
31.0,74,0.0,0.0,0.0,6344,122,15,8,5000000,20000000,2,8669230.76923077
34.0,37,0.0,0.034403669724770644,0.0,2616,257,51,2,1200000,14000000,2,8669230.76923077
23.0,16,0.0,0.0,0.0,742,16,4,2,7000000,8000000,2,8669230.76923077
23.0,54,0.07315090761311298,0.14630181522622596,0.0,3691,59,7,5,7000000,7000000,2,8669230.76923077
30.0,45,0.025899280575539568,0.0776978417266187,0.0,3475,262,35,2,5000000,10000000,2,8669230.76923077
27.0,70,0.06559766763848396,0.06559766763848396,0.0,4116,11,3,1,5000000,5000000,2,8669230.76923077
32.0,16,0.0,0.0,0.0,1258,367,57,9,1200000,15000000,2,8669230.76923077
29.0,91,0.04926108374384237,0.03694581280788178,0.0,7308,16,4,8,28000000,28000000,3,8669230.76923077
31.0,92,0.10595358224016145,0.09081735620585267,0.0,5946,433,58,7,14000000,30000000,3,8669230.76923077
25.0,29,0.0,0.0,0.0,1559,37,6,1,3500000,5000000,3,8669230.76923077
36.0,70,0.05138452754781616,0.05138452754781616,0.0,3503,267,41,9,1500000,12000000,3,8669230.76923077
29.0,67,0.28229758870809646,0.22936679082532838,0.0,5101,565,80,3,20000000,70000000,3,8669230.76923077
32.0,90,0.1830065359477124,0.1830065359477124,0.0,6885,813,101,3,15000000,25000000,3,8669230.76923077
23.0,67,0.08093525179856115,0.29676258992805754,0.0,3336,0,0,1,8000000,8000000,3,8669230.76923077
30.0,73,0.5259313367421475,0.1095690284879474,0.0,4107,417,49,3,12000000,15000000,4,8669230.76923077
22.0,43,0.10922330097087378,0.25485436893203883,0.0,2472,0,0,0,15000000,15000000,4,8669230.76923077
23.0,44,0.28892455858747995,0.0,0.0,2492,145,19,0,2000000,2000000,4,8669230.76923077
41.0,66,0.12599160055996267,0.2099860009332711,0.0,2143,264,44,4,1500000,28000000,4,8669230.76923077
29.0,59,0.20428015564202334,0.20428015564202334,0.0,3084,13,0,3,6000000,30000000,4,8669230.76923077
30.0,94,0.547566371681416,0.08296460176991151,0.0,5424,40,3,2,20000000,28000000,4,8669230.76923077
31.0,83,0.4276131917272219,0.1509223029625489,0.0,3578,170,25,4,6000000,30000000,4,8669230.76923077
25.0,67,0.0,0.0,1.0676691729323309,5985,99,11,3,25000000,30000000,1,8728000.0
22.0,51,0.0,0.0,1.0165073848827106,4604,86,9,0,5000000,5000000,1,8728000.0
24.0,10,0.0,0.0,1.3,900,0,0,0,100000,100000,1,8728000.0
32.0,52,0.09694097371822491,0.0,0.0,4642,355,50,2,10000000,32000000,2,8728000.0
28.0,60,0.017892644135188866,0.0,0.0,5030,236,35,1,15000000,30000000,2,8728000.0
23.0,63,0.03472892147404978,0.01736446073702489,0.0,5183,95,13,0,14000000,15000000,2,8728000.0
23.0,47,0.05070422535211268,0.02535211267605634,0.0,3550,31,3,0,1000000,1000000,2,8728000.0
33.0,56,0.04022346368715084,0.060335195530726256,0.0,4475,408,50,4,2000000,20000000,2,8728000.0
35.0,35,0.0,0.0,0.0,2344,452,58,2,500000,5000000,2,8728000.0
30.0,52,0.0,0.07405375754251234,0.0,3646,362,48,2,3000000,7500000,2,8728000.0
31.0,8,0.0,0.0,0.0,106,186,27,2,1800000,7500000,2,8728000.0
34.0,69,0.04997223764575236,0.11660188784008883,0.0,5403,439,61,2,1800000,10000000,2,8728000.0
30.0,82,0.10592389172224402,0.12357787367595136,0.0,5098,45,6,1,6000000,6000000,3,8728000.0
22.0,46,0.0,0.03425961172440046,0.0,2627,46,10,1,9000000,20000000,3,8728000.0
24.0,67,0.03711340206185567,0.0,0.0,2425,23,4,0,3000000,3500000,3,8728000.0
33.0,48,0.10830324909747292,0.07220216606498195,0.0,2493,325,54,12,2500000,30000000,3,8728000.0
33.0,68,0.0,0.04130335016062414,0.0,4358,115,15,2,2000000,6000000,3,8728000.0
23.0,74,0.3128394525309581,0.11731479469910927,0.0,4603,262,37,1,30000000,30000000,3,8728000.0
30.0,77,0.11608623548922056,0.29850746268656714,0.0,5427,553,91,4,9000000,22000000,3,8728000.0
27.0,84,0.18679245283018867,0.18679245283018867,0.0,5300,107,12,1,15000000,15000000,4,8728000.0
24.0,28,0.0,0.5294117647058824,0.0,340,107,18,1,3000000,5000000,4,8728000.0
20.0,83,0.22341745966073645,0.11170872983036823,0.0,4834,36,7,0,30000000,30000000,4,8728000.0
28.0,86,0.24808575803981622,0.13782542113323124,0.0,6530,115,26,2,25000000,50000000,4,8728000.0
36.0,84,0.2557544757033248,0.1278772378516624,0.0,3519,235,31,7,2500000,16000000,4,8728000.0
26.0,75,0.40473372781065087,0.04260355029585799,0.0,4225,183,14,0,2000000,2000000,4,8728000.0
22.0,65,0.0,0.0,1.113936927772126,5898,0,0,0,25000000,25000000,1,7496296.296296297
32.0,9,0.0,0.0,0.7664233576642335,822,238,34,1,1000000,7500000,1,7496296.296296297
35.0,14,0.0,0.0,1.8274111675126903,1182,91,11,1,500000,4000000,1,7496296.296296297
25.0,3,0.0,0.0,2.0,270,0,0,0,200000,300000,1,7496296.296296297
26.0,67,0.03480278422273782,0.01740139211136891,0.0,5172,183,26,1,6000000,30000000,2,7496296.296296297
25.0,53,0.02358490566037736,0.0,0.0,3816,321,45,4,3500000,4000000,2,7496296.296296297
32.0,44,0.07751937984496124,0.0,0.0,3483,370,48,4,2500000,22000000,2,7496296.296296297
22.0,55,0.019063757678457954,0.019063757678457954,0.0,4721,11,3,0,5000000,5000000,2,7496296.296296297
18.0,21,0.0,0.0,0.0,1347,0,0,0,1000000,1000000,2,7496296.296296297
28.0,65,0.033082154015805915,0.13232861606322366,0.0,5441,225,36,1,30000000,50000000,2,7496296.296296297
20.0,29,0.0,0.0,0.0,1390,0,0,1,3000000,5000000,2,7496296.296296297
25.0,43,0.04878048780487805,0.0975609756097561,0.0,1845,133,31,1,2500000,8000000,2,7496296.296296297
24.0,50,0.0,0.023948908994145823,0.0,3758,115,17,2,8000000,14000000,2,7496296.296296297
30.0,71,0.0,0.0721876879887708,0.0,4987,282,32,1,2500000,4000000,2,7496296.296296297
23.0,66,0.05878510777269758,0.07838014369693011,0.0,4593,0,0,2,14000000,25000000,3,7496296.296296297
20.0,73,0.04420432220039293,0.04420432220039293,0.0,4072,31,2,1,18000000,25000000,3,7496296.296296297
22.0,80,0.016794178018286993,0.11755924612800896,0.0,5359,43,6,1,20000000,20000000,3,7496296.296296297
21.0,65,0.05504587155963303,0.05504587155963303,0.0,3270,113,18,0,10000000,25000000,3,7496296.296296297
20.0,52,0.03731343283582089,0.11194029850746269,0.0,2412,84,5,2,4000000,25000000,3,7496296.296296297
20.0,36,0.03252620166245031,0.03252620166245031,0.0,2767,0,0,0,50000,50000,3,7496296.296296297
23.0,79,0.31508593252705286,0.11457670273711013,0.0,6284,13,1,0,16000000,16000000,4,7496296.296296297
24.0,60,0.3056426332288401,0.164576802507837,0.0,3828,170,26,1,14000000,25000000,4,7496296.296296297
28.0,31,0.17453135100193923,0.058177117000646414,0.0,1547,234,48,1,6000000,18000000,4,7496296.296296297
20.0,19,0.33962264150943394,0.0,0.0,795,0,0,0,150000,150000,4,7496296.296296297
23.0,71,0.272452068617558,0.11352169525731584,0.0,3964,0,0,0,4000000,10000000,4,7496296.296296297
36.0,48,0.31105990783410137,0.10368663594470046,0.0,2604,380,64,33,3000000,60000000,4,7496296.296296297
26.0,55,0.19189765458422176,0.1439232409381663,0.0,1876,123,20,0,2500000,8500000,4,7496296.296296297
32.0,77,0.0,0.0,1.1989574283231972,6906,66,14,2,12000000,18000000,1,8395833.333333334
31.0,34,0.0,0.0,0.6617647058823529,2992,141,17,2,4000000,12000000,1,8395833.333333334
23.0,49,0.06976744186046512,0.046511627906976744,0.0,3870,125,22,1,12000000,17000000,2,8395833.333333334
26.0,50,0.02165022853019004,0.02165022853019004,0.0,4157,274,52,4,7500000,15000000,2,8395833.333333334
20.0,52,0.08617938078518991,0.0,0.0,3133,218,48,8,7500000,12000000,2,8395833.333333334
28.0,48,0.0,0.05893909626719057,0.0,3054,404,62,5,4000000,15000000,2,8395833.333333334
30.0,64,0.02161902474177276,0.12971414845063656,0.0,4163,261,35,10,7500000,40000000,2,8395833.333333334
31.0,86,0.05870841487279843,0.11741682974559686,0.0,6132,119,22,7,10000000,18000000,2,8395833.333333334
26.0,71,0.022449488650536295,0.13469693190321777,0.0,4009,140,25,12,12000000,17000000,2,8395833.333333334
37.0,82,0.0,0.1311236568930978,0.0,5491,333,61,14,3000000,30000000,2,8395833.333333334
24.0,77,0.06495068559057013,0.1082511426509502,0.0,4157,0,0,1,10000000,12000000,3,8395833.333333334
31.0,81,0.059880239520958084,0.014970059880239521,0.0,6012,142,20,5,4000000,7000000,3,8395833.333333334
35.0,68,0.017198547678196063,0.017198547678196063,0.0,5233,516,75,19,3000000,17500000,3,8395833.333333334
28.0,88,0.03064873148305806,0.03064873148305806,0.0,5873,83,16,2,9000000,30000000,3,8395833.333333334
28.0,82,0.0967741935483871,0.13548387096774195,0.0,4650,181,34,7,9000000,17000000,3,8395833.333333334
35.0,97,0.12552301255230125,0.16736401673640167,0.0,6453,242,24,18,4000000,70000000,3,8395833.333333334
28.0,77,0.25485436893203883,0.14563106796116504,0.0,4944,142,23,2,12000000,50000000,4,8395833.333333334
22.0,72,0.025488530161427356,0.15293118096856415,0.0,3531,68,12,2,15000000,30000000,4,8395833.333333334
35.0,67,0.13853258081067213,0.09235505387378143,0.0,3898,225,42,6,3000000,18000000,4,8395833.333333334
30.0,44,0.07870572802798426,0.1574114560559685,0.0,2287,263,48,13,8000000,30000000,4,8395833.333333334
31.0,73,0.3002309468822171,0.11547344110854503,0.0,3897,992,162,2,9000000,30000000,4,8395833.333333334
29.0,55,0.11245314452311538,0.1874219075385256,0.0,2401,319,61,3,6000000,50000000,4,8395833.333333334
25.0,77,0.46433378196500674,0.1009421265141319,0.0,4458,90,19,2,20000000,40000000,4,8395833.333333334
25.0,83,0.42836744407425037,0.0,0.0,4202,0,0,4,10000000,16000000,4,8395833.333333334
35.0,30,0.0,0.0,1.2613636363636365,2640,354,27,13,2000000,9000000,1,5913043.478260869
25.0,33,0.0,0.0,1.41,3000,70,11,0,2000000,2500000,1,5913043.478260869
27.0,69,0.04521855635571931,0.0,0.0,5971,32,6,1,8000000,8000000,2,5913043.478260869
26.0,48,0.0,0.0,0.0,4070,47,7,2,6000000,20000000,2,5913043.478260869
24.0,50,0.0,0.03252620166245031,0.0,2767,128,16,2,2500000,15000000,2,5913043.478260869
22.0,49,0.0,0.0,0.0,3727,0,0,0,1000000,1500000,2,5913043.478260869
28.0,79,0.013335308934656986,0.09334716254259891,0.0,6749,0,0,1,12000000,12000000,2,5913043.478260869
31.0,51,0.021281626862142352,0.042563253724284704,0.0,4229,355,43,0,3000000,15000000,2,5913043.478260869
30.0,31,0.04739336492890995,0.04739336492890995,0.0,1899,156,20,0,1000000,2000000,2,5913043.478260869
27.0,61,0.0,0.029296875,0.0,3072,289,32,5,6000000,20000000,3,5913043.478260869
24.0,78,0.0,0.03091721058055651,0.0,5822,32,7,1,15000000,18000000,3,5913043.478260869
25.0,66,0.01935483870967742,0.07741935483870968,0.0,4650,30,5,0,3000000,3000000,3,5913043.478260869
21.0,81,0.34777303233679074,0.07321537522879805,0.0,4917,0,0,0,30000000,30000000,3,5913043.478260869
24.0,69,0.076163610719323,0.076163610719323,0.0,3545,56,12,1,8000000,15000000,3,5913043.478260869
19.0,18,0.0,0.0,0.0,635,0,0,0,3000000,5000000,3,5913043.478260869
29.0,75,0.15365853658536585,0.24146341463414633,0.0,4100,10,2,5,3000000,18000000,4,5913043.478260869
25.0,66,0.18523963540135255,0.15877683034401646,0.0,3401,223,28,2,5000000,10000000,4,5913043.478260869
31.0,39,0.08653846153846154,0.08653846153846154,0.0,1040,409,48,4,1500000,6000000,4,5913043.478260869
23.0,74,0.4125859554073765,0.16878516357574494,0.0,4799,45,6,0,11000000,11000000,4,5913043.478260869
35.0,77,0.4441519986839941,0.13324559960519822,0.0,6079,231,32,1,6000000,25000000,4,5913043.478260869
31.0,46,0.39803439803439805,0.1769041769041769,0.0,2035,293,46,11,4000000,18000000,4,5913043.478260869
28.0,53,0.4150197628458498,0.05928853754940711,0.0,1518,624,90,5,2000000,15000000,4,5913043.478260869
20.0,68,0.4147465437788018,0.08731506184816881,0.0,4123,0,0,1,1000000,1000000,4,5913043.478260869
29.0,61,0.0,0.0,1.2834224598930482,5610,285,27,1,8000000,8000000,1,6618181.818181818
32.0,36,0.0,0.0,1.4049586776859504,3267,274,32,0,3000000,10000000,1,6618181.818181818
29.0,75,0.09505129752564877,0.0,0.0,6628,147,16,1,20000000,20000000,2,6618181.818181818
31.0,42,0.0,0.0,0.0,3438,279,31,1,2500000,2500000,2,6618181.818181818
34.0,47,0.0,0.04904632152588556,0.0,3670,257,30,1,1000000,4000000,2,6618181.818181818
22.0,70,0.0,0.11207970112079702,0.0,4818,12,4,1,10000000,10000000,2,6618181.818181818
30.0,58,0.0,0.0,0.0,4652,91,5,0,2500000,2500000,2,6618181.818181818
28.0,59,0.020988805970149255,0.020988805970149255,0.0,4288,154,24,1,5000000,5000000,2,6618181.818181818
31.0,35,0.0,0.0,0.0,1773,357,42,1,2500000,10000000,2,6618181.818181818
21.0,63,0.041666666666666664,0.0625,0.0,4320,0,0,0,800000,800000,2,6618181.818181818
28.0,71,0.04725236261813091,0.0,0.0,5714,367,53,0,8000000,8000000,3,6618181.818181818
25.0,82,0.0451505016722408,0.12040133779264214,0.0,5980,84,6,1,12000000,12000000,3,6618181.818181818
31.0,68,0.06928406466512702,0.06928406466512702,0.0,3897,395,68,7,2000000,4000000,3,6618181.818181818
24.0,65,0.19185220274751302,0.0,0.0,4222,0,0,0,1500000,1500000,3,6618181.818181818
21.0,70,0.22366660294398777,0.10323073982030205,0.0,5231,42,6,1,15000000,15000000,3,6618181.818181818
28.0,76,0.11839508879631659,0.11839508879631659,0.0,4561,87,13,1,10000000,10000000,4,6618181.818181818
21.0,67,0.22233201581027667,0.17786561264822134,0.0,4048,0,0,0,15000000,15000000,4,6618181.818181818
29.0,75,0.08950770760815514,0.1790154152163103,0.0,4022,256,34,2,6000000,10000000,4,6618181.818181818
26.0,59,0.13318534961154274,0.23307436182019978,0.0,2703,289,35,1,4000000,4000000,4,6618181.818181818
29.0,74,0.35546778573191806,0.06665020982473463,0.0,4051,470,55,0,9000000,15000000,4,6618181.818181818
31.0,67,0.3594608087868198,0.06739890164752871,0.0,4006,204,29,0,6000000,15000000,4,6618181.818181818
33.0,79,0.3369815668202765,0.05184331797235023,0.0,3472,381,59,1,1800000,3000000,4,6618181.818181818
31.0,43,0.0,0.0,1.3153846153846154,3900,19,2,1,3000000,4000000,1,5256000.0
35.0,55,0.0,0.0,1.1385542168674698,4980,54,7,0,300000,1000000,1,5256000.0
22.0,24,0.0,0.0,1.356164383561644,2190,0,0,4,300000,300000,1,5256000.0
24.0,75,0.013908205841446454,0.04172461752433936,0.0,6471,119,13,1,8000000,8000000,2,5256000.0
33.0,38,0.07515657620041753,0.0,0.0,2395,247,34,2,2000000,15000000,2,5256000.0
31.0,12,0.0,0.0,0.0,609,32,4,2,1800000,2200000,2,5256000.0
33.0,66,0.08589425462874595,0.034357701851498376,0.0,5239,266,7,0,1500000,7000000,2,5256000.0
32.0,64,0.05106865897484396,0.03404577264989597,0.0,5287,238,35,0,1500000,7500000,2,5256000.0
21.0,56,0.08608321377331421,0.2797704447632712,0.0,4182,54,9,4,10000000,10000000,2,5256000.0
25.0,67,0.07517226978492378,0.07517226978492378,0.0,4789,0,0,0,2500000,2500000,2,5256000.0
20.0,77,0.06860801951517,0.123494435127306,0.0,6559,0,0,0,15000000,15000000,2,5256000.0
20.0,68,0.021781219748305904,0.10890609874152953,0.0,4132,10,1,1,4000000,6000000,2,5256000.0
31.0,78,0.05583992554676594,0.02791996277338297,0.0,6447,347,72,4,5000000,12000000,3,5256000.0
22.0,30,0.07081038552321008,0.0,0.0,1271,403,48,0,500000,600000,3,5256000.0
25.0,77,0.02981613384131191,0.14908066920655955,0.0,6037,14,2,0,10000000,10000000,3,5256000.0
25.0,43,0.06885998469778118,0.06885998469778118,0.0,2614,0,0,0,5000000,18000000,3,5256000.0
21.0,38,0.1761252446183953,0.0,0.0,1022,58,15,5,2000000,25000000,3,5256000.0
24.0,53,0.057233704292527825,0.14308426073131955,0.0,3145,0,0,0,3000000,3000000,3,5256000.0
32.0,41,0.06545454545454546,0.06545454545454546,0.0,2750,212,25,0,1000000,8000000,3,5256000.0
23.0,74,0.23275862068965517,0.3103448275862069,0.0,4640,0,0,0,12000000,12000000,4,5256000.0
28.0,68,0.13154048523823444,0.15784858228588133,0.0,3421,59,8,0,2500000,6000000,4,5256000.0
25.0,67,0.35131298793470545,0.255500354861604,0.0,5636,152,20,7,22000000,25000000,4,5256000.0
23.0,56,0.038200339558573854,0.11460101867572156,0.0,2356,312,50,0,1500000,5000000,4,5256000.0
24.0,43,0.4943545926151968,0.1098565761367104,0.0,3277,27,4,3,15000000,15000000,4,5256000.0
36.0,76,0.737527114967462,0.04338394793926247,0.0,4149,188,33,3,2000000,10000000,4,5256000.0
29.0,70,0.0,0.0,1.2619502868068833,6276,12,0,0,4000000,4000000,1,4032000.0
22.0,16,0.0,0.0,1.346938775510204,1470,0,0,0,600000,600000,1,4032000.0
41.0,43,0.0,0.0,1.379857256145916,3783,269,41,4,300000,16000000,1,4032000.0
28.0,77,0.026026604973973393,0.026026604973973393,0.0,6916,0,0,0,8000000,8000000,2,4032000.0
32.0,63,0.04955037621581942,0.0,0.0,5449,546,64,0,4000000,8000000,2,4032000.0
24.0,50,0.0,0.0,0.0,3863,47,6,0,1500000,3000000,2,4032000.0
32.0,25,0.0,0.0,0.0,1844,58,8,1,500000,1000000,2,4032000.0
36.0,25,0.0,0.0,0.0,1567,142,24,8,300000,10000000,2,4032000.0
23.0,79,0.03911342894393742,0.05215123859191656,0.0,6903,132,3,0,12000000,12000000,2,4032000.0
25.0,58,0.0,0.022912423625254582,0.0,3928,9,2,0,1500000,1500000,2,4032000.0
31.0,77,0.013290017720023627,0.026580035440047254,0.0,6772,10,1,0,4000000,4000000,2,4032000.0
24.0,18,0.08419083255378859,0.0,0.0,1069,0,0,0,600000,800000,2,4032000.0
26.0,79,0.06310254163014899,0.06310254163014899,0.0,5705,0,0,1,7500000,7500000,3,4032000.0
27.0,66,0.0,0.10313216195569137,0.0,2618,33,6,1,3500000,12000000,3,4032000.0
29.0,69,0.10285714285714286,0.0,0.0,2625,0,0,0,3000000,4000000,3,4032000.0
28.0,78,0.0,0.0,0.0,5813,0,0,0,5000000,5000000,3,4032000.0
35.0,75,0.11543394613082514,0.2501068832834545,0.0,4678,70,12,1,3000000,4000000,3,4032000.0
27.0,25,0.4326923076923077,0.08653846153846154,0.0,1040,216,12,0,1000000,3000000,3,4032000.0
30.0,77,0.18559644670050762,0.14276649746192893,0.0,6304,111,16,0,6000000,6000000,4,4032000.0
28.0,80,0.15611448395490027,0.14050303555941024,0.0,5765,0,0,0,12000000,12000000,4,4032000.0
32.0,50,0.08853910477127398,0.0,0.0,2033,37,5,0,1500000,2800000,4,4032000.0
22.0,78,0.3583710407239819,0.14660633484162897,0.0,5525,0,0,0,10000000,10000000,4,4032000.0
28.0,55,0.4623683534549191,0.04623683534549191,0.0,3893,74,15,4,8000000,25000000,4,4032000.0
37.0,57,0.43010752688172044,0.0,0.0,1674,396,70,14,2000000,60000000,4,4032000.0
23.0,41,0.1896067415730337,0.06320224719101124,0.0,1424,21,3,0,1000000,2500000,4,4032000.0
27.0,74,0.0,0.0,1.1216216216216217,6660,4,2,6,10000000,10000000,1,4237500.0
26.0,6,0.0,0.0,1.05,600,66,7,5,1500000,2000000,1,4237500.0
22.0,7,0.0,0.0,1.0,630,0,0,0,300000,300000,1,4237500.0
27.0,71,0.0,0.0,0.0,6227,26,3,0,4500000,5000000,2,4237500.0
31.0,50,0.06093432633716994,0.1015572105619499,0.0,4431,170,24,0,4000000,4000000,2,4237500.0
24.0,33,0.0,0.0,0.0,2647,14,3,3,3000000,3500000,2,4237500.0
23.0,61,0.035978412952228665,0.035978412952228665,0.0,5003,0,0,0,3500000,3500000,2,4237500.0
30.0,24,0.0,0.0,0.0,1599,371,49,2,1500000,22000000,2,4237500.0
29.0,36,0.0,0.0,0.0,1661,328,46,7,2500000,12000000,2,4237500.0
35.0,61,0.0,0.09467704607616242,0.0,4753,201,43,1,1200000,9000000,2,4237500.0
25.0,73,0.029639387452659312,0.11855754981063725,0.0,6073,208,29,1,8000000,10000000,2,4237500.0
28.0,29,0.0,0.11056511056511056,0.0,1628,157,26,3,2000000,2000000,2,4237500.0
24.0,57,0.061496412709258624,0.0,0.0,2927,323,27,0,4000000,5000000,3,4237500.0
27.0,56,0.023809523809523808,0.0,0.0,3780,0,0,0,3000000,3500000,3,4237500.0
29.0,58,0.0,0.04250295159386069,0.0,4235,902,100,0,3000000,3000000,3,4237500.0
26.0,67,0.029830957905203844,0.0,0.0,3017,0,0,0,2500000,2500000,3,4237500.0
32.0,29,0.09297520661157024,0.0,0.0,968,587,87,4,800000,12000000,3,4237500.0
22.0,73,0.11673151750972763,0.17509727626459143,0.0,4626,51,9,1,22000000,22000000,3,4237500.0
34.0,79,0.11636497968230514,0.21610639083856667,0.0,5414,0,0,0,1200000,1500000,3,4237500.0
26.0,52,0.03847798204360838,0.03847798204360838,0.0,2339,445,61,0,2000000,5000000,4,4237500.0
29.0,69,0.37906137184115524,0.1263537906137184,0.0,4986,113,16,2,15000000,17000000,4,4237500.0
27.0,39,0.12931034482758622,0.0,0.0,1392,260,47,2,4000000,14000000,4,4237500.0
30.0,56,0.49586776859504134,0.06198347107438017,0.0,1452,52,5,0,1200000,2000000,4,4237500.0
36.0,54,0.3867640739149119,0.19338203695745596,0.0,2327,95,12,2,1000000,7500000,4,4237500.0
32.0,79,0.0,0.0,1.2065031374786082,7012,0,0,1,2000000,2000000,1,3384615.3846153845
33.0,57,0.0,0.0,1.172239502332815,5144,72,9,2,300000,2500000,1,3384615.3846153845
25.0,4,0.0,0.0,0.8571428571428571,420,0,0,0,200000,250000,1,3384615.3846153845
19.0,14,0.0,0.0,0.0,668,72,16,0,3000000,8000000,2,3384615.3846153845
27.0,77,0.040632054176072234,0.0,0.0,6645,61,12,7,3500000,3500000,2,3384615.3846153845
29.0,48,0.06526468455402465,0.021754894851341553,0.0,4137,636,91,1,3000000,6000000,2,3384615.3846153845
24.0,49,0.022953328232593728,0.0,0.0,3921,164,13,2,2000000,2500000,2,3384615.3846153845
25.0,61,0.03741425898981501,0.03741425898981501,0.0,4811,24,0,2,7500000,9000000,2,3384615.3846153845
23.0,39,0.032667876588021776,0.09800362976406533,0.0,2755,0,0,1,1500000,5000000,2,3384615.3846153845
24.0,71,0.03546099290780142,0.10638297872340426,0.0,5076,25,4,2,3000000,5000000,2,3384615.3846153845
25.0,51,0.0,0.042897998093422304,0.0,4196,254,26,0,2000000,3000000,2,3384615.3846153845
22.0,73,0.0,0.0509433962264151,0.0,5300,16,2,1,5000000,6000000,3,3384615.3846153845
31.0,61,0.08455997494519261,0.05637331663012841,0.0,3193,0,0,1,1200000,1200000,3,3384615.3846153845
26.0,64,0.09453781512605042,0.18907563025210083,0.0,4760,71,12,1,7000000,8000000,3,3384615.3846153845
29.0,60,0.260938323668951,0.11860832894043226,0.0,3794,210,31,0,4000000,7500000,3,3384615.3846153845
22.0,57,0.19911504424778761,0.11946902654867257,0.0,2260,9,0,1,2000000,2000000,3,3384615.3846153845
31.0,68,0.0,0.0,0.0,4874,0,0,1,1200000,1200000,3,3384615.3846153845
22.0,67,0.27115858668857845,0.07395234182415776,0.0,3651,35,7,1,6000000,10000000,4,3384615.3846153845
21.0,20,0.7068062827225131,0.0,0.0,764,0,0,5,6000000,7000000,4,3384615.3846153845
31.0,65,0.07407407407407407,0.09876543209876543,0.0,3645,87,11,2,2500000,8000000,4,3384615.3846153845
32.0,68,0.10365678088108264,0.23322775698243595,0.0,3473,15,1,2,1500000,4000000,4,3384615.3846153845
30.0,28,0.20654044750430292,0.10327022375215146,0.0,1743,396,60,1,1800000,7000000,4,3384615.3846153845
21.0,47,0.3013392857142857,0.16741071428571427,0.0,2688,100,15,1,12000000,12000000,4,3384615.3846153845
25.0,70,0.26348808030112925,0.18820577164366373,0.0,4782,56,11,0,8000000,10000000,4,3384615.3846153845
19.0,42,0.6013363028953229,0.15033407572383073,0.0,1796,0,0,0,1000000,1200000,4,3384615.3846153845
33.0,47,0.3810330228619814,0.3810330228619814,0.0,1181,188,25,2,800000,12000000,4,3384615.3846153845
33.0,20,0.0,0.0,1.6229508196721312,1830,1070,113,6,1000000,12000000,1,3195833.3333333335
34.0,53,0.0,0.0,1.1727616645649432,4758,125,20,8,1000000,6000000,1,3195833.3333333335
26.0,62,0.03893575600259572,0.0,0.0,4623,255,37,0,3000000,3000000,2,3195833.3333333335
26.0,55,0.0,0.0,0.0,4428,245,34,0,3000000,3000000,2,3195833.3333333335
31.0,50,0.07725321888412018,0.02575107296137339,0.0,3495,167,28,3,2000000,2000000,2,3195833.3333333335
28.0,42,0.03197158081705151,0.03197158081705151,0.0,2815,163,21,0,2500000,6000000,2,3195833.3333333335
33.0,53,0.11711125569290826,0.05855562784645413,0.0,3074,403,80,4,1500000,7500000,2,3195833.3333333335
18.0,34,0.0,0.0,0.0,2606,37,6,0,15000000,15000000,2,3195833.3333333335
28.0,57,0.02094484524086572,0.06283453572259716,0.0,4297,151,19,0,1500000,1500000,2,3195833.3333333335
23.0,45,0.0340780007572889,0.10223400227186671,0.0,2641,224,18,1,1000000,1000000,2,3195833.3333333335
25.0,46,0.033544539694371975,0.0,0.0,2683,74,13,1,3000000,5000000,3,3195833.3333333335
23.0,66,0.09750812567713976,0.14626218851570963,0.0,3692,49,5,1,5000000,5000000,3,3195833.3333333335
26.0,68,0.1257685858021241,0.1257685858021241,0.0,3578,144,11,0,4500000,4500000,3,3195833.3333333335
27.0,77,0.09185548071034905,0.09185548071034905,0.0,4899,11,0,0,3000000,3000000,3,3195833.3333333335
33.0,73,0.09166836422896721,0.16500305561214096,0.0,4909,22,4,0,2500000,12000000,3,3195833.3333333335
28.0,40,0.3157894736842105,0.06315789473684211,0.0,1425,320,41,0,900000,1500000,3,3195833.3333333335
26.0,36,0.33155955792058944,0.14735980352026198,0.0,2443,185,33,0,3000000,7000000,3,3195833.3333333335
30.0,50,0.20059435364041606,0.1337295690936107,0.0,2692,138,18,1,3000000,10000000,4,3195833.3333333335
27.0,16,0.0,0.43373493975903615,0.0,415,417,58,3,1500000,12000000,4,3195833.3333333335
22.0,67,0.14496088357109987,0.2485043718361712,0.0,4346,104,8,3,5000000,6000000,4,3195833.3333333335
32.0,71,0.06056527590847914,0.12113055181695828,0.0,4458,135,12,0,3000000,4000000,4,3195833.3333333335
30.0,43,0.16981132075471697,0.0,0.0,2120,145,12,0,800000,1200000,4,3195833.3333333335
28.0,70,0.3662915968398372,0.06463969355997128,0.0,4177,85,10,5,8000000,11500000,4,3195833.3333333335
34.0,64,0.41058394160583944,0.13686131386861314,0.0,3288,8,2,2,2000000,5000000,4,3195833.3333333335
30.0,72,0.0,0.0,1.375,6480,0,0,0,8000000,10000000,1,1931034.4827586208
29.0,10,0.0,0.0,0.8709677419354839,930,0,0,0,700000,800000,1,1931034.4827586208
23.0,43,0.02830188679245283,0.0,0.0,3180,0,0,3,2500000,3000000,2,1931034.4827586208
29.0,56,0.0,0.04780876494023904,0.0,3765,49,7,0,2500000,3000000,2,1931034.4827586208
26.0,35,0.0,0.0,0.0,2249,92,17,3,1200000,10000000,2,1931034.4827586208
34.0,80,0.012818686796752599,0.0,0.0,7021,125,17,1,1000000,3500000,2,1931034.4827586208
33.0,19,0.0,0.0,0.0,1255,0,0,2,600000,2000000,2,1931034.4827586208
24.0,27,0.10221465076660988,0.0,0.0,1761,0,0,0,700000,700000,2,1931034.4827586208
31.0,77,0.01367573317125057,0.06837866585625285,0.0,6581,38,9,2,3500000,6000000,2,1931034.4827586208
25.0,30,0.0,0.0,0.0,1327,47,8,1,1200000,5000000,2,1931034.4827586208
30.0,45,0.0,0.1021180030257186,0.0,2644,576,77,1,2500000,15000000,2,1931034.4827586208
30.0,55,0.0,0.07060669456066945,0.0,3824,86,13,0,1500000,2000000,2,1931034.4827586208
23.0,58,0.06537530266343826,0.0,0.0,4130,16,2,0,300000,300000,2,1931034.4827586208
35.0,30,0.0,0.0,0.0,813,453,63,0,400000,800000,3,1931034.4827586208
33.0,13,0.0,0.0,0.0,381,503,65,0,300000,800000,3,1931034.4827586208
32.0,62,0.11832763607678148,0.0709965816460689,0.0,3803,175,11,0,2000000,10000000,3,1931034.4827586208
30.0,42,0.26003210272873195,0.08667736757624397,0.0,3115,197,32,0,2000000,5000000,3,1931034.4827586208
26.0,64,0.0,0.0,0.0,3282,172,14,0,2000000,5000000,3,1931034.4827586208
25.0,30,0.0,0.052478134110787174,0.0,1715,872,85,1,900000,1000000,3,1931034.4827586208
30.0,63,0.11898466419883659,0.047593865679534636,0.0,3782,0,0,1,4000000,7500000,3,1931034.4827586208
23.0,19,0.0,0.0,0.0,1140,211,33,4,2000000,4000000,4,1931034.4827586208
27.0,75,0.2997502081598668,0.1311407160699417,0.0,4804,17,4,2,4000000,11000000,4,1931034.4827586208
28.0,56,0.06888633754305395,0.17221584385763491,0.0,2613,63,9,0,1200000,4000000,4,1931034.4827586208
30.0,59,0.20237712817218118,0.144555091551558,0.0,3113,111,13,2,2500000,4000000,4,1931034.4827586208
32.0,59,0.22338665195808052,0.12410369553226697,0.0,3626,393,54,1,2000000,10000000,4,1931034.4827586208
32.0,70,0.31133581692389567,0.047897817988291645,0.0,3758,0,0,0,2000000,7500000,4,1931034.4827586208
30.0,71,0.13639315869235766,0.05845421086815328,0.0,4619,134,22,1,2000000,5000000,4,1931034.4827586208
26.0,80,0.22066549912434325,0.07880910683012259,0.0,5710,21,3,0,1500000,1500000,4,1931034.4827586208
37.0,61,0.33343624575486264,0.19450447669033652,0.0,3239,207,34,7,1000000,27000000,4,1931034.4827586208
31.0,62,0.0,0.0,1.596774193548387,5580,0,0,1,3000000,4000000,1,2288461.5384615385
27.0,5,0.0,0.0,1.3125,480,0,0,2,800000,1500000,1,2288461.5384615385
29.0,47,0.0,0.0,0.0,3219,221,34,6,1800000,6000000,2,2288461.5384615385
30.0,55,0.02029769959404601,0.0,0.0,4434,106,19,1,1500000,3000000,2,2288461.5384615385
28.0,49,0.0,0.0,0.0,3107,77,10,0,1500000,2000000,2,2288461.5384615385
33.0,48,0.0,0.04908644668666485,0.0,3667,364,47,0,1000000,5000000,2,2288461.5384615385
34.0,41,0.07094994087504927,0.0,0.0,2537,0,0,0,700000,800000,2,2288461.5384615385
22.0,20,0.0,0.0,0.0,1477,227,14,0,1000000,1000000,2,2288461.5384615385
24.0,18,0.0,0.09533898305084745,0.0,944,0,0,0,2800000,4500000,2,2288461.5384615385
23.0,19,0.0,0.15254237288135594,0.0,590,0,0,0,2000000,2500000,2,2288461.5384615385
31.0,53,0.0,0.0,0.0,4270,71,9,1,1500000,3000000,2,2288461.5384615385
21.0,43,0.06637168141592921,0.033185840707964605,0.0,2712,0,0,0,4000000,5000000,2,2288461.5384615385
25.0,64,0.027497708524289642,0.027497708524289642,0.0,3273,139,16,2,2000000,13000000,2,2288461.5384615385
29.0,54,0.0,0.0,0.0,4108,0,0,1,1200000,1500000,2,2288461.5384615385
30.0,62,0.0,0.0,0.0,5067,704,70,1,3000000,14000000,3,2288461.5384615385
28.0,75,0.0,0.22075471698113208,0.0,5300,0,0,5,3500000,3500000,3,2288461.5384615385
26.0,66,0.0,0.0,0.0,3230,205,22,0,2500000,5000000,3,2288461.5384615385
25.0,17,0.0,0.0,0.0,436,0,0,1,900000,7000000,3,2288461.5384615385
25.0,65,0.06823351023502654,0.03411675511751327,0.0,2638,25,5,0,1800000,4000000,3,2288461.5384615385
30.0,69,0.322663252240717,0.09218950064020487,0.0,3905,30,6,0,3000000,3000000,4,2288461.5384615385
26.0,69,0.15897047691143074,0.045420136260408785,0.0,3963,0,0,0,2500000,3000000,4,2288461.5384615385
33.0,65,0.14726507713884993,0.14726507713884993,0.0,4278,81,13,1,1000000,3000000,4,2288461.5384615385
24.0,34,0.10072747621712368,0.05036373810856184,0.0,1787,218,19,3,3000000,5000000,4,2288461.5384615385
33.0,62,0.0695517774343122,0.20865533230293662,0.0,2588,80,13,0,1000000,1000000,4,2288461.5384615385
27.0,61,0.27184014869888473,0.14637546468401488,0.0,4304,158,30,2,10000000,15000000,4,2288461.5384615385
26.0,61,0.3282275711159737,0.03282275711159737,0.0,2742,247,40,1,2500000,7000000,4,2288461.5384615385
31.0,51,0.0,0.0,1.8455497382198953,4584,290,39,3,2500000,18000000,1,3929629.6296296297
25.0,28,0.0,0.0,1.6428571428571428,2520,0,0,1,2500000,4000000,1,3929629.6296296297
22.0,8,0.0,0.0,1.4623338257016247,677,182,0,1,400000,400000,1,3929629.6296296297
26.0,67,0.08632265490120852,0.017264530980241704,0.0,5213,152,30,6,8000000,8000000,2,3929629.6296296297
31.0,76,0.01354198013842913,0.0,0.0,6646,141,21,2,2500000,10000000,2,3929629.6296296297
27.0,47,0.0,0.030252100840336135,0.0,2975,32,8,1,2000000,10000000,2,3929629.6296296297
31.0,65,0.01661436219309581,0.01661436219309581,0.0,5417,50,10,4,2000000,10000000,2,3929629.6296296297
18.0,30,0.0,0.0,0.0,2151,0,0,1,500000,500000,2,3929629.6296296297
29.0,65,0.017159199237368923,0.13727359389895138,0.0,5245,87,14,0,6000000,6000000,2,3929629.6296296297
25.0,40,0.05698005698005698,0.05698005698005698,0.0,3159,375,51,1,5000000,10000000,2,3929629.6296296297
24.0,54,0.025034770514603615,0.025034770514603615,0.0,3595,257,45,0,3500000,6000000,2,3929629.6296296297
25.0,60,0.0,0.058682895022821126,0.0,4601,0,0,1,3000000,3000000,2,3929629.6296296297
19.0,50,0.0,0.0,0.0,3557,0,0,1,500000,500000,2,3929629.6296296297
22.0,55,0.08016627078384798,0.08016627078384798,0.0,3368,0,0,1,700000,700000,2,3929629.6296296297
23.0,72,0.03194321206743567,0.015971606033717833,0.0,5635,0,0,3,6000000,7000000,3,3929629.6296296297
29.0,80,0.1323918799646955,0.1853486319505737,0.0,6798,11,2,1,16000000,16000000,3,3929629.6296296297
26.0,77,0.19484353473725644,0.14170438889982287,0.0,5081,10,1,0,4000000,6000000,3,3929629.6296296297
25.0,48,0.0387263339070568,0.11617900172117039,0.0,2324,305,40,1,3000000,4000000,3,3929629.6296296297
23.0,68,0.08185538881309687,0.0,0.0,4398,0,0,0,2500000,3000000,3,3929629.6296296297
29.0,58,0.09020295665246805,0.1353044349787021,0.0,3991,353,40,8,5000000,18000000,3,3929629.6296296297
25.0,74,0.2484717018339578,0.03549595740485111,0.0,5071,47,11,1,8000000,8000000,4,3929629.6296296297
22.0,69,0.09915534337128168,0.09915534337128168,0.0,2723,0,0,1,6000000,7500000,4,3929629.6296296297
27.0,48,0.26913875598086123,0.26913875598086123,0.0,1672,46,7,1,2500000,3500000,4,3929629.6296296297
33.0,62,0.055163959546429664,0.0827459393196445,0.0,3263,272,57,7,1500000,10000000,4,3929629.6296296297
33.0,76,0.4373726289387051,0.1128703558551497,0.0,6379,167,22,0,6000000,8000000,4,3929629.6296296297
31.0,38,0.3827072997873848,0.0956768249468462,0.0,2822,297,51,2,5000000,12000000,4,3929629.6296296297
24.0,39,0.5504587155963303,0.13761467889908258,0.0,1308,26,2,0,1500000,2500000,4,3929629.6296296297
30.0,77,0.0,0.0,1.1176895306859205,6925,129,20,2,8000000,18000000,1,4724000.0
36.0,18,0.0,0.0,1.2,1650,31,3,11,300000,7500000,1,4724000.0
24.0,1,0.0,0.0,0.0,5,0,0,0,300000,400000,1,4724000.0
28.0,55,0.0193756727664155,0.038751345532831,0.0,4645,3,1,0,5000000,12000000,2,4724000.0
31.0,71,0.0,0.014434643143544507,0.0,6235,5,1,0,5000000,30000000,2,4724000.0
23.0,25,0.0546448087431694,0.0,0.0,1647,251,8,0,5000000,5000000,2,4724000.0
26.0,62,0.035218156916454704,0.0,0.0,5111,74,13,0,4000000,10000000,2,4724000.0
33.0,54,0.0,0.0,0.0,4350,176,22,1,2000000,3500000,2,4724000.0
29.0,15,0.0,0.0,0.0,581,122,20,4,2000000,4300000,2,4724000.0
29.0,19,0.0,0.0,0.0,958,399,60,0,2000000,16000000,2,4724000.0
24.0,57,0.02764127764127764,0.08292383292383293,0.0,3256,0,0,0,3500000,3500000,2,4724000.0
35.0,63,0.019255455712451863,0.07702182284980745,0.0,4674,78,13,1,1000000,4000000,2,4724000.0
23.0,30,0.0,0.0,0.0,1424,0,0,0,1500000,1500000,3,4724000.0
27.0,44,0.0,0.12271611671666212,0.0,3667,396,50,0,9000000,25000000,3,4724000.0
25.0,71,0.0385686736661667,0.0771373473323334,0.0,4667,132,3,3,9000000,30000000,3,4724000.0
28.0,64,0.0,0.017967658215212616,0.0,5009,24,3,5,6000000,25000000,3,4724000.0
28.0,66,0.0535077288941736,0.1248513674197384,0.0,5046,209,32,0,4000000,6000000,3,4724000.0
25.0,48,0.0,0.0,0.0,1708,121,19,1,2800000,15000000,3,4724000.0
26.0,59,0.34463894967177244,0.07385120350109409,0.0,3656,0,0,2,2500000,4000000,3,4724000.0
31.0,86,0.043134435657800146,0.1509705248023005,0.0,4173,41,5,1,3500000,20000000,4,4724000.0
26.0,75,0.44731610337972166,0.08946322067594434,0.0,6036,392,14,0,25000000,25000000,4,4724000.0
26.0,67,0.322272618763428,0.06445452375268561,0.0,4189,6,1,9,9000000,14000000,4,4724000.0
27.0,56,0.33707865168539325,0.03745318352059925,0.0,2403,18,4,14,3500000,12000000,4,4724000.0
34.0,44,0.277992277992278,0.0,0.0,1295,61,9,1,1200000,10000000,4,4724000.0
22.0,52,0.45902754165249915,0.0,0.0,2941,0,0,2,3000000,3000000,4,4724000.0
30.0,89,0.0,0.0,0.9882705265784877,8014,87,20,12,35000000,100000000,1,19795454.545454547
27.0,42,0.0,0.0,1.2178956089478046,3621,0,0,1,3500000,7000000,1,19795454.545454547
28.0,69,0.030970406056434963,0.015485203028217482,0.0,5812,213,36,5,35000000,70000000,2,19795454.545454547
27.0,68,0.08688936088047886,0.05213361652828732,0.0,5179,101,25,1,20000000,35000000,2,19795454.545454547
32.0,62,0.0,0.0,0.0,5431,467,71,12,6000000,40000000,2,19795454.545454547
29.0,81,0.013736263736263736,0.0,0.0,6552,204,17,2,25000000,25000000,2,19795454.545454547
26.0,43,0.0346553715825953,0.1039661147477859,0.0,2597,242,52,2,10000000,28000000,2,19795454.545454547
25.0,80,0.15198035001535154,0.1105311636475284,0.0,6514,0,0,3,35000000,35000000,2,19795454.545454547
31.0,44,0.0706713780918728,0.10600706713780919,0.0,2547,194,21,2,5000000,20000000,2,19795454.545454547
30.0,66,0.022556390977443608,0.09022556390977443,0.0,3990,273,50,4,14000000,30000000,3,19795454.545454547
34.0,84,0.015482539136418373,0.0,0.0,5813,244,41,13,5000000,40000000,3,19795454.545454547
29.0,86,0.11880067886102207,0.16971525551574582,0.0,5303,0,0,3,40000000,40000000,3,19795454.545454547
28.0,69,0.04921618665694495,0.08202697776157492,0.0,5486,443,36,6,35000000,80000000,3,19795454.545454547
31.0,85,0.0,0.06924142175719342,0.0,6499,246,44,9,16000000,70000000,3,19795454.545454547
28.0,64,0.09510390982740402,0.06340260655160268,0.0,2839,109,17,9,10000000,90000000,3,19795454.545454547
19.0,48,0.12852552659764369,0.03213138164941092,0.0,2801,0,0,0,5000000,5000000,3,19795454.545454547
27.0,67,0.10075566750629723,0.22670025188916876,0.0,3573,260,46,4,22000000,70000000,3,19795454.545454547
29.0,88,0.21908471275559882,0.16066212268743915,0.0,6162,141,32,2,25000000,40000000,4,19795454.545454547
28.0,94,0.45496323529411764,0.20680147058823528,0.0,4352,236,31,7,30000000,45000000,4,19795454.545454547
32.0,87,0.3367496339677892,0.36603221083455345,0.0,6147,108,18,11,25000000,150000000,4,19795454.545454547
30.0,93,0.42639059484120023,0.17371468678715565,0.0,5699,165,34,20,20000000,65000000,4,19795454.545454547
29.0,51,0.5373134328358209,0.05970149253731343,0.0,3015,447,68,11,14000000,55000000,4,19795454.545454547
31.0,101,0.0,0.0,0.9155844155844156,9240,183,24,18,45000000,75000000,1,36270833.333333336
24.0,16,0.0,0.0,1.0408163265306123,1470,28,4,7,5000000,8500000,1,36270833.333333336
25.0,101,0.0825120330048132,0.0412560165024066,0.0,8726,96,18,9,70000000,70000000,2,36270833.333333336
30.0,85,0.05091937765205092,0.0891089108910891,0.0,7070,123,26,43,40000000,65000000,2,36270833.333333336
30.0,107,0.07110609480812641,0.030474040632054177,0.0,8860,466,66,9,32000000,50000000,2,36270833.333333336
33.0,86,0.051753881541115584,0.017251293847038527,0.0,5217,232,44,25,6000000,35000000,2,36270833.333333336
26.0,12,0.0,0.0,0.0,441,321,66,12,2000000,15000000,2,36270833.333333336
27.0,63,0.036885245901639344,0.11065573770491803,0.0,4880,398,60,9,25000000,50000000,2,36270833.333333336
31.0,81,0.0,0.13922310072189756,0.0,5818,465,72,24,12000000,60000000,2,36270833.333333336
31.0,71,0.15706806282722513,0.04487658937920718,0.0,4011,303,48,18,8000000,25000000,2,36270833.333333336
27.0,33,0.045965270684371805,0.045965270684371805,0.0,1958,279,43,7,5000000,30000000,2,36270833.333333336
23.0,100,0.05091937765205092,0.0891089108910891,0.0,7070,41,11,4,85000000,90000000,3,36270833.333333336
24.0,102,0.1487193610575599,0.11153952079316992,0.0,7262,201,37,10,100000000,100000000,3,36270833.333333336
20.0,105,0.01653499908138894,0.04960499724416682,0.0,5443,49,6,8,85000000,85000000,3,36270833.333333336
33.0,97,0.06241331484049931,0.11234396671289876,0.0,7210,212,40,33,15000000,80000000,3,36270833.333333336
26.0,64,0.039525691699604744,0.3952569169960474,0.0,2277,295,53,14,12000000,45000000,3,36270833.333333336
37.0,97,0.10914051841746249,0.23192360163710776,0.0,6597,154,32,38,10000000,55000000,3,36270833.333333336
22.0,107,0.4483560278977084,0.40850215875124546,0.0,9033,70,12,12,150000000,150000000,4,36270833.333333336
32.0,33,0.138996138996139,0.277992277992278,0.0,1295,400,59,19,5000000,150000000,4,36270833.333333336
22.0,106,0.40089086859688194,0.28635062042634424,0.0,6286,140,25,8,100000000,100000000,4,36270833.333333336
27.0,93,0.504140282513395,0.1972722844617633,0.0,4106,388,63,18,25000000,90000000,4,36270833.333333336
35.0,89,0.8821192052980132,0.2503311258278146,0.0,7550,156,26,53,25000000,60000000,4,36270833.333333336
18.0,53,0.3416149068322981,0.18633540372670807,0.0,2898,0,0,1,6000000,6000000,4,36270833.333333336
29.0,22,0.0,0.0,0.0,552,280,42,13,2500000,22000000,4,36270833.333333336
31.0,99,0.0,0.0,0.9576612903225806,8928,301,24,19,35000000,90000000,1,36318181.81818182
24.0,22,0.0,0.0,1.2309310889005787,1901,167,7,4,4000000,4200000,1,36318181.81818182
21.0,48,0.0,0.0,1.0,4320,38,5,4,2000000,2000000,1,36318181.81818182
24.0,74,0.06130790190735695,0.030653950953678476,0.0,5872,258,45,3,70000000,70000000,2,36318181.81818182
24.0,84,0.049986114968064425,0.07497917245209663,0.0,7202,49,10,4,60000000,60000000,2,36318181.81818182
27.0,66,0.036607687614399025,0.036607687614399025,0.0,4917,195,44,10,40000000,40000000,2,36318181.81818182
22.0,68,0.0,0.01947209000432713,0.0,4622,123,23,9,10000000,20000000,2,36318181.81818182
19.0,66,0.0,0.16110986797941373,0.0,4469,202,14,3,50000000,50000000,2,36318181.81818182
32.0,83,0.12917115177610333,0.0968783638320775,0.0,5574,345,52,8,5000000,45000000,2,36318181.81818182
34.0,74,0.06194081211286993,0.27873365450791465,0.0,5812,207,41,19,5000000,70000000,2,36318181.81818182
31.0,45,0.18442622950819673,0.14754098360655737,0.0,2440,553,99,22,5000000,60000000,2,36318181.81818182
34.0,93,0.035046728971962614,0.05841121495327103,0.0,7704,131,18,34,5000000,80000000,3,36318181.81818182
20.0,57,0.2441781596201673,0.04069635993669455,0.0,4423,278,47,3,100000000,100000000,3,36318181.81818182
18.0,97,0.054062171497221805,0.1621865144916654,0.0,6659,44,2,2,90000000,90000000,3,36318181.81818182
26.0,90,0.06607929515418502,0.10572687224669604,0.0,6810,438,42,5,75000000,90000000,3,36318181.81818182
26.0,82,0.17245050031935277,0.07664466680860124,0.0,4697,87,7,3,25000000,55000000,3,36318181.81818182
20.0,50,0.3063308373042886,0.36759700476514634,0.0,2938,44,1,1,3000000,3000000,3,36318181.81818182
20.0,66,0.6007509386733417,0.15018773466833543,0.0,2397,521,86,3,35000000,80000000,4,36318181.81818182
23.0,78,0.3426651735722284,0.18141097424412095,0.0,4465,111,11,8,30000000,50000000,4,36318181.81818182
26.0,67,0.19698443579766536,0.48151750972762647,0.0,4112,784,119,10,60000000,120000000,4,36318181.81818182
26.0,86,0.30560271646859083,0.21392190152801357,0.0,5890,119,19,4,60000000,60000000,4,36318181.81818182
34.0,92,0.9271356783919598,0.16959798994974876,0.0,7960,139,22,65,30000000,90000000,4,36318181.81818182
35.0,105,0.0,0.0,0.9936908517350158,9510,75,9,8,5000000,20000000,1,11326785.714285715
23.0,17,0.0,0.0,1.2352941176470589,1530,62,11,3,1800000,2500000,1,11326785.714285715
21.0,4,0.0,0.0,1.0,360,40,1,1,150000,150000,1,11326785.714285715
24.0,99,0.07549430796884361,0.0,0.0,8345,59,16,1,30000000,30000000,2,11326785.714285715
27.0,97,0.021595680863827234,0.04319136172765447,0.0,8335,37,8,1,18000000,30000000,2,11326785.714285715
29.0,56,0.06404174573055028,0.0,0.0,4216,379,60,1,12000000,25000000,2,11326785.714285715
23.0,40,0.07957559681697612,0.0,0.0,2262,294,41,1,9000000,27000000,2,11326785.714285715
33.0,85,0.07818155494425945,0.0,0.0,6907,333,74,9,8000000,20000000,2,11326785.714285715
23.0,26,0.0,0.0,0.0,2238,201,24,0,300000,2000000,2,11326785.714285715
30.0,44,0.06566946369937979,0.16417365924844948,0.0,2741,694,112,5,15000000,26000000,2,11326785.714285715
26.0,74,0.033296337402885685,0.06659267480577137,0.0,5406,77,16,2,10000000,20000000,2,11326785.714285715
28.0,69,0.0,0.10655090765588003,0.0,5068,643,107,4,9000000,15000000,2,11326785.714285715
28.0,103,0.033128834355828224,0.05521472392638037,0.0,8150,205,34,7,20000000,25000000,3,11326785.714285715
34.0,82,0.018836333193804938,0.11301799916282963,0.0,4778,194,29,12,4000000,40000000,3,11326785.714285715
21.0,5,0.0,0.0,0.0,229,275,45,1,2000000,2000000,3,11326785.714285715
32.0,61,0.1458670988654781,0.08752025931928688,0.0,3085,537,98,11,12000000,50000000,3,11326785.714285715
26.0,69,0.0439453125,0.06591796875,0.0,4096,44,12,4,11000000,15000000,3,11326785.714285715
21.0,46,0.12802275960170698,0.0,0.0,1406,0,0,1,3000000,3000000,3,11326785.714285715
20.0,55,0.05523166615526235,0.08284749923289353,0.0,3259,0,0,1,1000000,1000000,3,11326785.714285715
21.0,71,0.020510483135824976,0.04102096627164995,0.0,4388,21,3,2,15000000,15000000,3,11326785.714285715
26.0,89,0.2794636556104446,0.20324629498941427,0.0,7085,151,29,1,35000000,45000000,3,11326785.714285715
19.0,49,0.45112781954887216,0.1611170784103115,0.0,2793,0,0,1,3000000,3000000,3,11326785.714285715
26.0,23,0.1048951048951049,0.2097902097902098,0.0,858,167,31,10,400000,10000000,3,11326785.714285715
30.0,78,0.3881401617250674,0.12129380053908356,0.0,3710,212,44,6,5000000,30000000,4,11326785.714285715
24.0,35,0.3207126948775056,0.24053452115812918,0.0,2245,158,33,2,3500000,3500000,4,11326785.714285715
29.0,77,0.5804182137971468,0.22864959937463358,0.0,5117,308,57,17,30000000,110000000,4,11326785.714285715
25.0,107,0.43536683687180866,0.14512227895726956,0.0,7442,224,29,5,45000000,50000000,4,11326785.714285715
29.0,69,0.3161592505854801,0.07903981264637003,0.0,3416,308,44,2,9000000,40000000,4,11326785.714285715
29.0,76,0.0,0.0,1.2566137566137565,6804,154,23,1,12000000,12000000,1,10544230.76923077
24.0,41,0.0,0.0,1.4277762315613693,3593,33,2,4,8000000,12000000,1,10544230.76923077
26.0,0,,,,0,0,0,0,150000,200000,1,10544230.76923077
28.0,68,0.049723756906077346,0.016574585635359115,0.0,5430,358,51,3,18000000,50000000,2,10544230.76923077
25.0,74,0.0,0.049650606840750275,0.0,5438,57,10,1,17000000,17000000,2,10544230.76923077
30.0,56,0.04361521686455052,0.04361521686455052,0.0,4127,158,25,3,6000000,9000000,2,10544230.76923077
22.0,46,0.02536640360766629,0.02536640360766629,0.0,3548,30,6,1,3000000,3000000,2,10544230.76923077
24.0,43,0.0,0.04005340453938585,0.0,2247,0,0,4,9000000,15000000,2,10544230.76923077
36.0,15,0.0,0.0,0.0,748,225,51,9,400000,10000000,2,10544230.76923077
29.0,76,0.05884917175239756,0.05884917175239756,0.0,4588,195,29,4,15000000,23000000,2,10544230.76923077
30.0,85,0.0,0.013321492007104795,0.0,6756,217,39,3,7500000,10000000,2,10544230.76923077
29.0,81,0.016716196136701337,0.0,0.0,5384,96,25,1,4000000,25000000,2,10544230.76923077
28.0,81,0.0192348792477025,0.07693951699081,0.0,4679,259,40,3,7000000,7000000,3,10544230.76923077
20.0,43,0.29110512129380056,0.2183288409703504,0.0,3710,38,10,0,100000,100000,3,10544230.76923077
28.0,94,0.2644230769230769,0.2283653846153846,0.0,7488,148,28,6,60000000,90000000,3,10544230.76923077
30.0,88,0.1619234543670265,0.2944062806673209,0.0,6114,106,28,3,18000000,55000000,3,10544230.76923077
22.0,50,0.11484474691620587,0.07656316461080391,0.0,2351,10,2,5,8000000,8000000,3,10544230.76923077
26.0,72,0.03571428571428571,0.07142857142857142,0.0,2520,8,3,0,7000000,10000000,3,10544230.76923077
31.0,67,0.1267605633802817,0.03169014084507042,0.0,2840,340,60,4,4500000,25000000,3,10544230.76923077
27.0,9,0.15358361774744028,0.15358361774744028,0.0,586,782,103,1,3000000,7000000,3,10544230.76923077
27.0,84,0.23139964647276234,0.23139964647276234,0.0,6223,314,47,1,25000000,25000000,4,10544230.76923077
30.0,98,0.2155401809473124,0.19159127195316658,0.0,7516,358,62,4,15000000,45000000,4,10544230.76923077
21.0,44,0.182370820668693,0.0,0.0,987,43,7,1,5000000,5000000,4,10544230.76923077
35.0,87,0.28863499699338546,0.1803968731208659,0.0,4989,191,38,26,2500000,30000000,4,10544230.76923077
18.0,25,0.1329394387001477,0.0,0.0,677,6,1,0,1000000,1000000,4,10544230.76923077
33.0,78,0.67969134789033,0.16253488753899195,0.0,6091,190,32,18,18000000,50000000,4,10544230.76923077
33.0,80,0.0,0.0,1.2258512856150103,7195,264,48,1,2000000,2000000,1,9088461.538461538
36.0,39,0.0,0.0,1.5384615384615385,3510,211,38,14,600000,21500000,1,9088461.538461538
24.0,6,0.0,0.0,1.0,540,338,52,0,300000,700000,1,9088461.538461538
25.0,81,0.06736526946107785,0.02694610778443114,0.0,6680,56,11,3,20000000,35000000,2,9088461.538461538
25.0,77,0.0,0.01557632398753894,0.0,5778,107,14,4,11000000,14000000,2,9088461.538461538
27.0,61,0.01935483870967742,0.03870967741935484,0.0,4650,42,10,6,10000000,15000000,2,9088461.538461538
24.0,46,0.0,0.0,0.0,3354,61,10,0,2300000,2500000,2,9088461.538461538
30.0,94,0.08240680183126227,0.17658600392413343,0.0,7645,59,4,1,6500000,12000000,2,9088461.538461538
23.0,47,0.046012269938650305,0.23006134969325154,0.0,1956,106,19,2,1500000,2000000,2,9088461.538461538
24.0,76,0.0,0.12180680087971578,0.0,5911,35,5,3,17000000,20000000,2,9088461.538461538
28.0,52,0.026208503203261502,0.026208503203261502,0.0,3434,0,0,0,2500000,3000000,2,9088461.538461538
26.0,74,0.0,0.0,0.0,4548,478,33,5,25000000,25000000,3,9088461.538461538
25.0,73,0.09336099585062241,0.11203319502074689,0.0,4820,730,113,2,9000000,15000000,3,9088461.538461538
26.0,53,0.16175413371675054,0.06470165348670022,0.0,2782,427,57,1,10000000,25000000,3,9088461.538461538
30.0,67,0.052972336668628606,0.052972336668628606,0.0,3398,323,53,1,5000000,18000000,3,9088461.538461538
33.0,84,0.17122103078519543,0.23348322379799377,0.0,5782,535,87,2,2500000,24000000,3,9088461.538461538
20.0,47,0.055248618784530384,0.19337016574585636,0.0,3258,2,1,4,600000,600000,3,9088461.538461538
28.0,78,0.33674675068924775,0.08861756597085467,0.0,5078,347,43,1,12000000,20000000,3,9088461.538461538
31.0,73,0.24382901866345574,0.27092113184828415,0.0,3322,218,38,0,2000000,15000000,3,9088461.538461538
25.0,81,0.35254616675993283,0.23503077783995524,0.0,5361,333,45,2,28000000,28000000,4,9088461.538461538
23.0,55,0.17188693659281895,0.17188693659281895,0.0,2618,298,53,1,9000000,9000000,4,9088461.538461538
24.0,53,0.2010852218321098,0.11490584104691988,0.0,3133,91,14,3,6500000,15000000,4,9088461.538461538
25.0,97,0.15185601799775028,0.20247469066366705,0.0,5334,25,4,5,16000000,40000000,4,9088461.538461538
25.0,95,0.6803292457584411,0.16630270451873005,0.0,5953,105,10,3,14000000,15000000,4,9088461.538461538
25.0,79,0.2788408966648442,0.2788408966648442,0.0,5487,366,35,1,13000000,22000000,4,9088461.538461538
25.0,69,0.3986371379897785,0.2453151618398637,0.0,2935,192,36,10,10000000,60000000,4,9088461.538461538
36.0,73,0.0,0.0,1.6455889075118086,6563,79,15,1,1500000,8000000,1,6592307.692307692
22.0,5,0.0,0.0,2.2857142857142856,315,18,3,0,500000,750000,1,6592307.692307692
42.0,5,0.0,0.0,1.6,450,376,50,0,100000,2000000,1,6592307.692307692
25.0,60,0.053518334985133795,0.017839444995044598,0.0,5045,205,35,0,5500000,5500000,2,6592307.692307692
31.0,72,0.032068412613575625,0.0,0.0,5613,71,13,0,5000000,14000000,2,6592307.692307692
23.0,35,0.0,0.0,0.0,2101,0,0,1,4500000,5000000,2,6592307.692307692
26.0,6,0.0,0.0,0.0,359,957,106,7,800000,7000000,2,6592307.692307692
25.0,61,0.0,0.09253547193090685,0.0,4863,175,24,0,5800000,10000000,2,6592307.692307692
25.0,32,0.0,0.04754358161648178,0.0,1893,175,24,5,1800000,2000000,2,6592307.692307692
24.0,36,0.0,0.0,0.0,2237,260,34,0,5000000,10000000,2,6592307.692307692
28.0,51,0.0,0.022118456623248954,0.0,4069,282,49,3,4500000,6000000,2,6592307.692307692
23.0,49,0.0783289817232376,0.1174934725848564,0.0,2298,52,7,1,2000000,2000000,2,6592307.692307692
25.0,68,0.01662663957140218,0.01662663957140218,0.0,5413,29,3,0,15000000,17000000,3,6592307.692307692
23.0,75,0.16811003565970453,0.04584819154355578,0.0,5889,7,2,2,22000000,22000000,3,6592307.692307692
25.0,57,0.08732212160413971,0.05821474773609314,0.0,3092,98,11,1,8500000,22000000,3,6592307.692307692
25.0,49,0.133630289532294,0.0,0.0,1347,68,11,0,3000000,3500000,3,6592307.692307692
31.0,17,0.0,0.0,0.0,879,739,92,0,900000,10000000,3,6592307.692307692
24.0,77,0.18463642580351036,0.08206063369044905,0.0,4387,206,7,2,8500000,8500000,3,6592307.692307692
24.0,76,0.24070021881838075,0.19693654266958424,0.0,4113,72,11,1,8000000,10000000,3,6592307.692307692
24.0,67,0.23246572620703357,0.14305583151202067,0.0,5033,70,9,1,18000000,18000000,4,6592307.692307692
21.0,33,0.10044642857142858,0.3013392857142857,0.0,896,10,2,3,2500000,2500000,4,6592307.692307692
28.0,61,0.5003088326127239,0.42618900555898703,0.0,4857,247,38,3,18000000,35000000,4,6592307.692307692
18.0,60,0.1672473867595819,0.2926829268292683,0.0,4305,0,0,0,2500000,2500000,4,6592307.692307692
24.0,69,0.31833366083709963,0.03537040675967774,0.0,5089,209,29,3,17000000,20000000,4,6592307.692307692
22.0,24,0.17578125,0.17578125,0.0,512,220,9,3,8500000,8500000,4,6592307.692307692
31.0,68,0.10223400227186671,0.0681560015145778,0.0,2641,427,63,0,2000000,12000000,4,6592307.692307692
26.0,70,0.0,0.0,1.0613207547169812,6360,63,15,2,3500000,4500000,1,6054464.285714285
34.0,11,0.0,0.0,0.8181818181818182,990,209,33,2,600000,7000000,1,6054464.285714285
22.0,1,0.0,0.0,0.0,90,0,0,2,300000,300000,1,6054464.285714285
19.0,9,0.0,0.0,1.8888888888888888,810,321,13,0,25000,25000,1,6054464.285714285
23.0,66,0.021525950729490553,0.08610380291796221,0.0,4181,143,14,6,20000000,20000000,2,6054464.285714285
23.0,63,0.0,0.08033920999776835,0.0,4481,81,14,1,8000000,8000000,2,6054464.285714285
22.0,38,0.0,0.0,0.0,2346,183,29,3,5500000,7500000,2,6054464.285714285
25.0,49,0.0,0.0,0.0,3763,15,2,2,5000000,7000000,2,6054464.285714285
30.0,74,0.0,0.016271921894774905,0.0,5531,240,29,4,3500000,28000000,2,6054464.285714285
30.0,62,0.0,0.0,0.0,4433,206,32,0,3000000,5000000,2,6054464.285714285
22.0,71,0.07078254030672435,0.1238694455367676,0.0,5086,201,15,0,14000000,15000000,2,6054464.285714285
27.0,54,0.0,0.19327129563350035,0.0,2794,533,77,10,6500000,19000000,2,6054464.285714285
28.0,62,0.0,0.20584498094027953,0.0,3935,95,14,1,5000000,5500000,2,6054464.285714285
26.0,44,0.03419452887537994,0.03419452887537994,0.0,2632,179,26,4,3500000,10000000,2,6054464.285714285
22.0,34,0.0,0.35311427170181464,0.0,2039,42,3,0,700000,700000,2,6054464.285714285
21.0,68,0.03712871287128713,0.03712871287128713,0.0,4848,92,9,1,15000000,15000000,3,6054464.285714285
22.0,61,0.07625503071383181,0.15251006142766363,0.0,4721,102,15,0,15000000,15000000,3,6054464.285714285
28.0,53,0.0,0.05913272010512484,0.0,3044,281,45,2,3500000,15000000,3,6054464.285714285
24.0,34,0.0,0.0,0.0,1433,520,79,0,3000000,7000000,3,6054464.285714285
19.0,51,0.296229802513465,0.05385996409335727,0.0,3342,0,0,2,500000,500000,3,6054464.285714285
22.0,48,0.10684606252473289,0.0,0.0,2527,221,19,2,400000,400000,3,6054464.285714285
25.0,73,0.09746588693957114,0.1949317738791423,0.0,4617,84,15,1,20000000,30000000,3,6054464.285714285
27.0,56,0.13988187752564502,0.307740130556419,0.0,3217,209,36,6,12000000,18000000,3,6054464.285714285
27.0,42,0.18386108273748722,0.09193054136874361,0.0,1958,199,31,1,4000000,10000000,4,6054464.285714285
24.0,58,0.28662420382165604,0.07165605095541401,0.0,2512,227,36,0,3000000,10000000,4,6054464.285714285
22.0,47,0.0,0.04983388704318937,0.0,1806,9,2,0,3000000,3000000,4,6054464.285714285
27.0,65,0.36072144288577157,0.16032064128256512,0.0,4491,472,62,1,7000000,10000000,4,6054464.285714285
22.0,36,0.37656903765690375,0.0,0.0,956,0,0,1,4000000,8000000,4,6054464.285714285
32.0,76,0.0,0.0,1.3231441048034935,6870,22,3,0,5000000,10000000,1,5298148.148148148
37.0,5,0.0,0.0,2.2,450,41,8,1,300000,2000000,1,5298148.148148148
19.0,21,0.0,0.0,1.3170731707317074,1845,37,4,0,50000,50000,1,5298148.148148148
24.0,63,0.050157904514211406,0.08359650752368568,0.0,5383,60,11,1,10000000,10000000,2,5298148.148148148
27.0,64,0.04704652378463147,0.015682174594877155,0.0,5739,108,15,1,10000000,10000000,2,5298148.148148148
22.0,58,0.07348438456827924,0.0,0.0,4899,48,5,0,8000000,8000000,2,5298148.148148148
24.0,50,0.0,0.0,0.0,3077,337,46,0,4500000,4500000,2,5298148.148148148
18.0,40,0.07672634271099744,0.02557544757033248,0.0,3519,0,0,0,300000,300000,2,5298148.148148148
19.0,15,0.0,0.0,0.0,1233,0,0,1,200000,200000,2,5298148.148148148
20.0,71,0.11563876651982379,0.11563876651982379,0.0,5448,136,15,0,22000000,22000000,2,5298148.148148148
29.0,31,0.0881057268722467,0.0,0.0,2043,298,46,1,2500000,7000000,2,5298148.148148148
20.0,25,0.11015911872705018,0.11015911872705018,0.0,1634,194,12,0,2000000,2000000,2,5298148.148148148
32.0,23,0.0,0.0,0.0,1201,13,1,1,400000,4000000,2,5298148.148148148
20.0,55,0.07352941176470588,0.11029411764705882,0.0,2448,13,2,1,3500000,3500000,2,5298148.148148148
28.0,49,0.03572846367606193,0.03572846367606193,0.0,2519,133,7,0,2300000,2500000,2,5298148.148148148
28.0,75,0.014170996693434105,0.014170996693434105,0.0,6351,101,13,2,7000000,14000000,3,5298148.148148148
25.0,78,0.15517241379310345,0.20172413793103447,0.0,5800,129,21,2,7000000,7000000,3,5298148.148148148
32.0,61,0.16860949208992507,0.2622814321398834,0.0,4804,534,85,5,6500000,17000000,3,5298148.148148148
32.0,70,0.058919803600654665,0.058919803600654665,0.0,3055,457,58,3,2000000,7500000,3,5298148.148148148
21.0,63,0.2441860465116279,0.2441860465116279,0.0,2580,227,21,1,7500000,7500000,3,5298148.148148148
17.0,36,0.36768043576940534,0.53109396277803,0.0,2203,126,11,0,3500000,3500000,3,5298148.148148148
30.0,53,0.246189917936694,0.1406799531066823,0.0,2559,369,59,2,7500000,50000000,4,5298148.148148148
25.0,68,0.4122423485321674,0.018738288569643973,0.0,4803,72,14,0,13000000,13000000,4,5298148.148148148
29.0,53,0.3613550815558344,0.24843161856963614,0.0,3985,779,83,6,13000000,25000000,4,5298148.148148148
27.0,56,0.12020033388981637,0.48080133555926546,0.0,2995,813,118,1,4000000,5000000,4,5298148.148148148
33.0,32,0.19629225736095965,0.19629225736095965,0.0,917,325,37,3,600000,5000000,4,5298148.148148148
18.0,29,0.16605166051660517,0.0,0.0,2168,0,0,0,400000,400000,4,5298148.148148148
32.0,76,0.0,0.0,1.4210526315789473,6840,209,23,0,3000000,7000000,1,4390322.580645162
31.0,4,0.0,0.0,0.25139664804469275,358,131,21,1,500000,9000000,1,4390322.580645162
23.0,33,0.0,0.0,1.11,3000,20,3,0,450000,500000,1,4390322.580645162
19.0,54,0.0,0.0,1.405664306538942,4802,92,14,0,200000,200000,1,4390322.580645162
24.0,74,0.0,0.029411764705882353,0.0,6120,50,11,3,9000000,13000000,2,4390322.580645162
30.0,55,0.0,0.0,0.0,4452,552,35,0,3500000,10000000,2,4390322.580645162
27.0,38,0.0,0.0,0.0,2378,376,51,3,3300000,7000000,2,4390322.580645162
21.0,11,0.0,0.0,0.0,775,0,0,1,3000000,3000000,2,4390322.580645162
17.0,53,0.04341534008683068,0.0,0.0,4146,16,0,1,700000,700000,2,4390322.580645162
23.0,62,0.0,0.12875536480686695,0.0,4194,0,0,1,6500000,6500000,2,4390322.580645162
27.0,56,0.0,0.19448946515397084,0.0,3702,24,4,0,5000000,5000000,2,4390322.580645162
29.0,54,0.0821917808219178,0.0,0.0,3285,211,33,4,1500000,2500000,2,4390322.580645162
26.0,64,0.12197483059051308,0.03484995159728945,0.0,5165,241,30,0,10000000,14000000,2,4390322.580645162
35.0,48,0.11707317073170732,0.02926829268292683,0.0,3075,241,39,1,600000,6000000,2,4390322.580645162
26.0,54,0.02138783269961977,0.08555133079847908,0.0,4208,232,35,0,8500000,9000000,3,4390322.580645162
25.0,68,0.05947136563876652,0.17841409691629956,0.0,4540,199,30,6,7000000,9000000,3,4390322.580645162
35.0,65,0.0,0.020202020202020204,0.0,4455,393,60,3,1000000,13000000,3,4390322.580645162
18.0,65,0.18108651911468812,0.1267605633802817,0.0,4970,0,0,1,250000,250000,3,4390322.580645162
24.0,63,0.07849978194505015,0.07849978194505015,0.0,4586,163,23,1,15000000,17500000,3,4390322.580645162
23.0,78,0.32898919262555626,0.014303877940241577,0.0,6292,82,14,0,9000000,9000000,3,4390322.580645162
26.0,74,0.1101052116466846,0.1981893809640323,0.0,4087,174,18,5,3500000,5500000,3,4390322.580645162
19.0,52,0.12274959083469722,0.1718494271685761,0.0,3666,89,13,0,500000,500000,3,4390322.580645162
23.0,16,0.0,0.0,0.0,782,331,35,1,400000,1000000,3,4390322.580645162
32.0,66,0.021413276231263382,0.14989293361884368,0.0,4203,181,29,0,3500000,16000000,3,4390322.580645162
24.0,70,0.1672473867595819,0.2926829268292683,0.0,4305,71,7,1,12000000,20000000,4,4390322.580645162
31.0,47,0.3547297297297297,0.40540540540540543,0.0,1776,354,62,1,1500000,16000000,4,4390322.580645162
26.0,64,0.3723533706497931,0.17522511559990264,0.0,4109,120,13,2,10000000,25000000,4,4390322.580645162
25.0,21,0.41832669322709165,0.05976095617529881,0.0,1506,143,22,2,0,2000000,4,4390322.580645162
22.0,68,0.45237496858507165,0.31666247800955016,0.0,3979,171,24,9,9000000,11000000,4,4390322.580645162
34.0,57,0.5044843049327354,0.020179372197309416,0.0,4460,228,34,4,7000000,35000000,4,4390322.580645162
19.0,69,0.4907860097781121,0.08461827754795036,0.0,5318,0,0,0,700000,700000,4,4390322.580645162
25.0,79,0.0,0.0,1.184873949579832,7140,0,0,3,7000000,7000000,1,3730000.0
28.0,40,0.0,0.0,1.825,3600,274,39,2,4000000,20000000,1,3730000.0
21.0,32,0.0,0.0,1.0607142857142857,2800,8,2,1,500000,500000,1,3730000.0
33.0,2,0.0,0.0,1.0,180,213,21,2,100000,2500000,1,3730000.0
27.0,52,0.0,0.0,0.0,3593,191,25,2,7500000,10000000,2,3730000.0
29.0,49,0.06443914081145585,0.0,0.0,4190,349,57,3,5000000,7000000,2,3730000.0
32.0,59,0.01950162513542795,0.0,0.0,4615,439,60,2,1000000,4000000,2,3730000.0
22.0,27,0.0,0.060851926977687626,0.0,1479,0,0,0,800000,2000000,2,3730000.0
33.0,25,0.045477513895907026,0.09095502779181405,0.0,1979,400,67,11,300000,7000000,2,3730000.0
31.0,44,0.02875399361022364,0.02875399361022364,0.0,3130,242,43,1,0,25000000,2,3730000.0
24.0,74,0.12644395878863565,0.0842959725257571,0.0,6406,19,3,0,8000000,8000000,2,3730000.0
20.0,53,0.026034133641886028,0.26034133641886026,0.0,3457,0,0,1,1000000,1000000,2,3730000.0
23.0,74,0.019271948608137045,0.11563169164882227,0.0,4670,0,0,0,2300000,2500000,2,3730000.0
33.0,39,0.0,0.0,0.0,2758,82,12,2,500000,5000000,2,3730000.0
21.0,52,0.026501766784452298,0.15901060070671377,0.0,3396,170,28,0,12000000,12000000,3,3730000.0
29.0,50,0.026239067055393587,0.026239067055393587,0.0,3430,67,10,0,900000,2000000,3,3730000.0
26.0,73,0.1278149726110773,0.054777845404747415,0.0,4929,124,17,1,14000000,20000000,3,3730000.0
27.0,53,0.13740458015267176,0.03435114503816794,0.0,2620,371,57,3,8000000,30000000,3,3730000.0
24.0,67,0.248790601243953,0.1243953006219765,0.0,2894,17,3,2,2500000,2500000,3,3730000.0
22.0,48,0.028966849050531058,0.08690054715159318,0.0,3107,111,16,2,1800000,1800000,3,3730000.0
29.0,50,0.41033434650455924,0.13677811550151975,0.0,2632,163,24,0,1700000,2500000,3,3730000.0
26.0,57,0.12195121951219512,0.1524390243902439,0.0,2952,51,8,2,1500000,2600000,3,3730000.0
19.0,20,0.17077798861480076,0.17077798861480076,0.0,527,0,0,0,600000,600000,3,3730000.0
28.0,76,0.2056501869547154,0.2617366015787287,0.0,4814,18,5,2,3500000,3500000,4,3730000.0
32.0,47,0.08003557136505113,0.16007114273010226,0.0,2249,362,60,0,900000,2500000,4,3730000.0
29.0,74,0.28900642236494145,0.1360030222893842,0.0,5294,323,48,3,9000000,10000000,4,3730000.0
27.0,64,0.26755852842809363,0.4013377926421405,0.0,2691,237,34,1,10000000,20000000,4,3730000.0
25.0,62,0.34662437698232895,0.16311735387403714,0.0,4414,57,11,3,5500000,6000000,4,3730000.0
33.0,62,0.5797101449275363,0.0,0.0,2484,75,13,7,1000000,3000000,4,3730000.0
28.0,37,0.30560271646859083,0.12224108658743633,0.0,2945,0,0,3,1000000,4500000,4,3730000.0
26.0,71,0.0,0.0,1.5715622076707203,6414,96,9,2,16000000,16000000,1,3443333.3333333335
25.0,40,0.0,0.0,1.7809364548494984,3588,0,0,0,700000,1300000,1,3443333.3333333335
34.0,2,0.0,0.0,3.75,96,127,20,3,200000,3500000,1,3443333.3333333335
18.0,19,0.0,0.0,1.3432835820895523,1675,0,0,0,200000,200000,1,3443333.3333333335
20.0,48,0.05100595069424766,0.0,0.0,3529,180,20,0,4000000,4000000,2,3443333.3333333335
26.0,48,0.0,0.0,0.0,3601,116,16,0,3500000,3500000,2,3443333.3333333335
23.0,20,0.0,0.0,0.0,1055,231,37,2,3000000,10000000,2,3443333.3333333335
26.0,62,0.017110266159695818,0.017110266159695818,0.0,5260,110,19,3,3000000,5000000,2,3443333.3333333335
33.0,16,0.0,0.0,0.0,928,631,86,0,800000,8500000,2,3443333.3333333335
19.0,42,0.10909090909090909,0.0,0.0,3300,0,0,0,200000,200000,2,3443333.3333333335
22.0,59,0.020320614134116052,0.040641228268232105,0.0,4429,37,6,2,10000000,10000000,2,3443333.3333333335
22.0,45,0.0,0.0,0.0,2527,16,0,1,2500000,2500000,2,3443333.3333333335
27.0,65,0.0,0.03826530612244898,0.0,4704,8,2,15,2800000,3000000,2,3443333.3333333335
27.0,46,0.02824858757062147,0.0847457627118644,0.0,3186,490,80,1,2000000,2000000,2,3443333.3333333335
20.0,54,0.3092075125973431,0.06184150251946862,0.0,4366,0,0,1,500000,500000,3,3443333.3333333335
27.0,71,0.04884225759768451,0.14652677279305354,0.0,5528,67,9,3,8000000,15000000,3,3443333.3333333335
28.0,74,0.06002667852378835,0.06002667852378835,0.0,4498,121,22,1,3500000,3500000,3,3443333.3333333335
27.0,66,0.056890012642225034,0.14222503160556257,0.0,3164,0,0,11,3000000,3000000,3,3443333.3333333335
27.0,43,0.07679180887372014,0.15358361774744028,0.0,2344,296,34,1,2500000,3500000,3,3443333.3333333335
28.0,56,0.0,0.05283240387437629,0.0,3407,482,74,0,2000000,7000000,3,3443333.3333333335
30.0,37,0.05067567567567568,0.05067567567567568,0.0,1776,730,82,1,1400000,3500000,3,3443333.3333333335
20.0,58,0.09426551453260015,0.09426551453260015,0.0,3819,0,0,1,1000000,1000000,3,3443333.3333333335
20.0,55,0.28343023255813954,0.06540697674418605,0.0,4128,102,15,1,10000000,10000000,3,3443333.3333333335
22.0,66,0.2817919075144509,0.13005780346820808,0.0,4152,60,9,3,3000000,3000000,4,3443333.3333333335
28.0,43,0.10221465076660988,0.0,0.0,1761,643,85,11,2200000,18000000,4,3443333.3333333335
22.0,39,0.09336099585062241,0.18672199170124482,0.0,964,28,4,0,2800000,6000000,4,3443333.3333333335
22.0,55,0.1761252446183953,0.05870841487279843,0.0,3066,48,4,1,8000000,8000000,4,3443333.3333333335
22.0,38,0.2383053839364519,0.0,0.0,1133,235,22,5,3500000,4000000,4,3443333.3333333335
35.0,78,0.2691924227318046,0.16450648055832504,0.0,6018,93,15,4,1500000,7500000,4,3443333.3333333335
32.0,48,0.31802120141342755,0.0,0.0,2547,411,54,2,1500000,17000000,4,3443333.3333333335
28.0,51,0.0,0.0,1.3183209444687363,4574,7,1,0,5000000,5000000,1,3036290.3225806453
27.0,7,0.0,0.0,0.7214428857715431,499,43,10,1,200000,300000,1,3036290.3225806453
21.0,0,,,,0,0,0,2,200000,500000,1,3036290.3225806453
19.0,16,0.0,0.0,1.4375,1440,0,0,0,75000,75000,1,3036290.3225806453
26.0,70,0.1171003717472119,0.016728624535315983,0.0,5380,6,2,0,8000000,8000000,2,3036290.3225806453
25.0,32,0.0,0.0,0.0,1873,520,73,5,6000000,10000000,2,3036290.3225806453
29.0,26,0.0,0.0,0.0,2206,527,92,11,4000000,70000000,2,3036290.3225806453
27.0,58,0.05325443786982249,0.03550295857988166,0.0,5070,0,0,2,2000000,2500000,2,3036290.3225806453
33.0,36,0.036028823058446756,0.0,0.0,2498,176,32,6,750000,1900000,2,3036290.3225806453
32.0,27,0.04267425320056899,0.0,0.0,2109,218,37,4,700000,900000,2,3036290.3225806453
31.0,19,0.06622516556291391,0.0,0.0,1359,423,61,1,600000,1500000,2,3036290.3225806453
25.0,45,0.0,0.1623083859332732,0.0,2218,188,33,0,3000000,6000000,2,3036290.3225806453
23.0,60,0.0,0.0401965163019205,0.0,4478,53,9,2,2000000,2000000,2,3036290.3225806453
22.0,71,0.0,0.08205689277899343,0.0,5484,22,2,1,4000000,4000000,2,3036290.3225806453
23.0,47,0.024875621890547265,0.024875621890547265,0.0,3618,85,12,2,900000,900000,2,3036290.3225806453
21.0,36,0.1488095238095238,0.08928571428571429,0.0,3024,0,0,0,100000,100000,2,3036290.3225806453
23.0,74,0.0,0.11281729865246004,0.0,6382,29,3,1,12000000,12000000,3,3036290.3225806453
19.0,71,0.057034220532319393,0.13307984790874525,0.0,4734,18,3,3,2000000,2200000,3,3036290.3225806453
26.0,65,0.02440347071583514,0.02440347071583514,0.0,3688,51,3,1,2000000,8000000,3,3036290.3225806453
21.0,68,0.1640008098805426,0.0911115610447459,0.0,4939,0,0,0,6000000,6000000,3,3036290.3225806453
24.0,62,0.10584084672677381,0.14112112896903176,0.0,2551,140,23,0,4500000,5000000,3,3036290.3225806453
22.0,43,0.0,0.0,0.0,1675,40,8,0,2000000,2000000,3,3036290.3225806453
22.0,42,0.059366754617414245,0.059366754617414245,0.0,1516,0,0,1,900000,900000,3,3036290.3225806453
19.0,74,0.23520627216725778,0.06720179204778794,0.0,5357,7,1,1,100000,100000,3,3036290.3225806453
22.0,70,0.1986754966887417,0.039735099337748346,0.0,4530,38,4,0,3000000,3000000,4,3036290.3225806453
28.0,65,0.14697876973326074,0.14697876973326074,0.0,3674,257,36,0,1500000,5000000,4,3036290.3225806453
26.0,72,0.36947191640231386,0.15114760216458295,0.0,5359,27,6,2,10000000,10000000,4,3036290.3225806453
26.0,64,0.17704918032786884,0.14754098360655737,0.0,3050,0,0,0,4000000,11000000,4,3036290.3225806453
21.0,69,0.28969957081545067,0.07242489270386267,0.0,3728,102,13,0,5000000,5000000,4,3036290.3225806453
29.0,71,0.5438675022381378,0.18128916741271262,0.0,4468,171,18,1,3000000,3000000,4,3036290.3225806453
20.0,42,0.5161818926669398,0.22122081114297418,0.0,2441,102,15,0,600000,600000,4,3036290.3225806453
25.0,44,0.0,0.0,1.616621983914209,3730,298,39,0,4500000,16000000,1,2975862.0689655175
32.0,16,0.0,0.0,1.903323262839879,1324,269,49,5,500000,12500000,1,2975862.0689655175
21.0,7,0.0,0.0,1.9600725952813067,551,53,9,0,100000,100000,1,2975862.0689655175
40.0,2,0.0,0.0,1.8243243243243243,148,348,53,2,50000,13000000,1,2975862.0689655175
22.0,65,0.0,0.0676056338028169,0.0,5325,370,46,3,9000000,15000000,2,2975862.0689655175
24.0,76,0.013774104683195593,0.0,0.0,6534,0,0,2,3800000,4000000,2,2975862.0689655175
24.0,71,0.0,0.0,0.0,5913,0,0,0,3000000,3000000,2,2975862.0689655175
29.0,55,0.0,0.04204625087596356,0.0,4281,478,73,0,2500000,25000000,2,2975862.0689655175
27.0,58,0.0,0.10999755560987534,0.0,4091,311,40,0,3000000,4000000,2,2975862.0689655175
25.0,5,0.0,0.0,0.0,145,440,52,1,1500000,1500000,2,2975862.0689655175
23.0,49,0.07315090761311298,0.07315090761311298,0.0,3691,0,0,0,5000000,5000000,2,2975862.0689655175
25.0,65,0.0,0.03489048265167668,0.0,5159,231,23,0,3500000,7000000,2,2975862.0689655175
25.0,37,0.0,0.0916030534351145,0.0,1965,160,17,0,1000000,1300000,2,2975862.0689655175
22.0,72,0.0854052002277472,0.06832416018219777,0.0,5269,40,4,2,3500000,3500000,3,2975862.0689655175
31.0,48,0.027339003645200487,0.08201701093560146,0.0,3292,306,44,2,1300000,4000000,3,2975862.0689655175
33.0,60,0.05066141289051506,0.05066141289051506,0.0,3553,264,34,1,800000,5000000,3,2975862.0689655175
26.0,52,0.12441249654409732,0.22394249377937517,0.0,3617,175,29,0,7500000,7500000,3,2975862.0689655175
25.0,52,0.18274111675126903,0.09137055837563451,0.0,2955,102,22,1,4500000,7000000,3,2975862.0689655175
31.0,27,0.0782608695652174,0.0782608695652174,0.0,1150,278,44,0,500000,2500000,3,2975862.0689655175
20.0,54,0.1388888888888889,0.034722222222222224,0.0,2592,0,0,1,500000,500000,3,2975862.0689655175
18.0,20,0.0,0.0,0.0,1424,56,9,0,250000,250000,3,2975862.0689655175
24.0,61,0.05049088359046283,0.05049088359046283,0.0,3565,88,14,0,3500000,3500000,3,2975862.0689655175
27.0,47,0.0,0.17535314174378958,0.0,2053,249,33,11,2000000,6000000,3,2975862.0689655175
21.0,33,0.3050847457627119,0.0,0.0,885,174,31,2,2000000,2000000,3,2975862.0689655175
29.0,73,0.12058281694858483,0.0,0.0,5971,106,12,0,2500000,2500000,4,2975862.0689655175
26.0,63,0.38054968287526425,0.16309272123225613,0.0,3311,197,31,0,4000000,5000000,4,2975862.0689655175
27.0,64,0.28187919463087246,0.28187919463087246,0.0,2235,35,6,1,7000000,14000000,4,2975862.0689655175
26.0,56,0.37861915367483295,0.08908685968819599,0.0,4041,120,23,0,6500000,6500000,4,2975862.0689655175
21.0,10,0.17475728155339806,0.17475728155339806,0.0,515,0,0,2,2500000,2500000,4,2975862.0689655175
27.0,73,0.0,0.0,1.5616438356164384,6570,16,3,3,4000000,4500000,1,2925862.0689655175
28.0,3,0.0,0.0,0.782608695652174,230,13,3,0,200000,300000,1,2925862.0689655175
32.0,1,0.0,0.0,3.0,90,129,22,1,50000,200000,1,2925862.0689655175
24.0,41,0.026362038664323375,0.0,0.0,3414,22,3,0,6000000,6000000,2,2925862.0689655175
28.0,44,0.0,0.0,0.0,3100,423,61,0,3500000,5000000,2,2925862.0689655175
31.0,58,0.06917755572636433,0.0,0.0,3903,108,15,0,3000000,4000000,2,2925862.0689655175
27.0,46,0.0,0.0,0.0,2512,214,29,0,3000000,5000000,2,2925862.0689655175
19.0,39,0.0,0.0,0.0,2774,142,16,0,3000000,3000000,2,2925862.0689655175
22.0,12,0.0,0.0,0.0,467,74,18,1,2500000,2500000,2,2925862.0689655175
21.0,64,0.03907946157186279,0.13677811550151975,0.0,4606,66,14,0,10000000,10000000,2,2925862.0689655175
31.0,57,0.14985727878211227,0.17126546146527116,0.0,4204,518,58,1,3500000,7000000,2,2925862.0689655175
26.0,61,0.0818677986658581,0.1091570648878108,0.0,3298,157,18,0,3000000,5000000,2,2925862.0689655175
25.0,21,0.0,0.0,0.0,1048,53,7,3,1500000,5000000,2,2925862.0689655175
29.0,79,0.061601642710472276,0.015400410677618069,0.0,5844,13,3,0,8000000,10000000,3,2925862.0689655175
26.0,44,0.033345683586513526,0.10003705075954057,0.0,2699,119,17,2,5000000,7500000,3,2925862.0689655175
20.0,35,0.0,0.12987012987012986,0.0,2079,57,9,0,1500000,1500000,3,2925862.0689655175
37.0,46,0.0,0.10116148370176097,0.0,2669,444,68,9,700000,11500000,3,2925862.0689655175
20.0,56,0.0,0.07814761215629522,0.0,3455,7,1,0,1000000,1000000,3,2925862.0689655175
32.0,67,0.0854052002277472,0.23913456063769217,0.0,5269,403,49,2,2500000,5000000,3,2925862.0689655175
30.0,44,0.4400977995110024,0.0,0.0,2045,255,47,1,4500000,25000000,3,2925862.0689655175
28.0,67,0.07152317880794702,0.02384105960264901,0.0,3775,381,70,6,4000000,17000000,3,2925862.0689655175
26.0,34,0.07081038552321008,0.0,0.0,1271,334,40,1,1800000,3000000,3,2925862.0689655175
21.0,44,0.047593865679534636,0.19037546271813854,0.0,1891,0,0,0,1500000,2000000,4,2925862.0689655175
23.0,62,0.39244186046511625,0.1308139534883721,0.0,3440,78,11,0,1300000,1400000,4,2925862.0689655175
28.0,55,0.32320441988950277,0.09944751381215469,0.0,3620,159,22,0,4000000,5000000,4,2925862.0689655175
30.0,56,0.12465373961218837,0.15581717451523547,0.0,2888,226,30,1,2000000,8000000,4,2925862.0689655175
24.0,57,0.2242152466367713,0.26905829596412556,0.0,2007,50,10,1,1800000,12000000,4,2925862.0689655175
33.0,65,0.14251781472684086,0.166270783847981,0.0,3789,249,43,1,1000000,1500000,4,2925862.0689655175
20.0,13,0.0,0.0,0.0,552,0,0,2,1000000,3000000,4,2925862.0689655175
26.0,56,0.0,0.0,1.6048887998397114,4991,136,18,6,6000000,15000000,1,2463793.103448276
19.0,27,0.0,0.0,1.0740740740740742,2430,3,1,1,300000,500000,1,2463793.103448276
34.0,10,0.0,0.0,2.6535626535626538,814,78,12,3,100000,500000,1,2463793.103448276
28.0,55,0.020708697653014266,0.020708697653014266,0.0,4346,554,80,6,4500000,5000000,2,2463793.103448276
21.0,46,0.02510460251046025,0.02510460251046025,0.0,3585,87,1,1,2700000,2700000,2,2463793.103448276
33.0,56,0.02180232558139535,0.02180232558139535,0.0,4128,376,59,5,2000000,5000000,2,2463793.103448276
31.0,45,0.0,0.0,0.0,2642,272,50,2,2000000,18000000,2,2463793.103448276
30.0,19,0.0,0.0,0.0,712,97,14,1,300000,2500000,2,2463793.103448276
28.0,78,0.031071983428275506,0.12428793371310203,0.0,5793,7,1,0,2500000,4000000,2,2463793.103448276
28.0,45,0.043816942551119765,0.0,0.0,2054,219,34,1,1600000,7000000,2,2463793.103448276
22.0,40,0.04180213655364608,0.04180213655364608,0.0,2153,24,7,0,5000000,5000000,2,2463793.103448276
29.0,11,0.40358744394618834,0.0,0.0,446,853,124,3,600000,18000000,2,2463793.103448276
27.0,50,0.0,0.02635431918008785,0.0,3415,470,58,0,12000000,40000000,3,2463793.103448276
35.0,64,0.0,0.020761245674740483,0.0,4335,245,22,2,800000,9000000,3,2463793.103448276
20.0,55,0.0438489646772229,0.06577344701583435,0.0,4105,0,0,0,800000,800000,3,2463793.103448276
20.0,37,0.14687882496940025,0.03671970624235006,0.0,2451,48,8,0,500000,500000,3,2463793.103448276
18.0,41,0.37224264705882354,0.08272058823529412,0.0,2176,69,10,1,4500000,4500000,3,2463793.103448276
23.0,40,0.07604562737642585,0.07604562737642585,0.0,2367,115,19,6,3500000,12000000,3,2463793.103448276
25.0,71,0.03418803418803419,0.10256410256410256,0.0,5265,69,13,1,2200000,2500000,3,2463793.103448276
19.0,55,0.22338665195808052,0.22338665195808052,0.0,3626,190,17,0,250000,250000,3,2463793.103448276
26.0,46,0.27254374158815614,0.0908479138627187,0.0,2972,338,39,0,3000000,4000000,3,2463793.103448276
31.0,46,0.14866204162537167,0.0,0.0,3027,323,48,5,2500000,10000000,3,2463793.103448276
30.0,68,0.38221333999500373,0.20234823882088435,0.0,4003,281,43,15,2000000,15000000,4,2463793.103448276
27.0,37,0.33088235294117646,0.16544117647058823,0.0,1632,437,58,0,2500000,10000000,4,2463793.103448276
31.0,57,0.3179347826086957,0.14673913043478262,0.0,3680,467,60,0,3000000,18000000,4,2463793.103448276
24.0,37,0.33923859781379573,0.1017715793441387,0.0,2653,241,32,0,2500000,3000000,4,2463793.103448276
26.0,58,0.09447165850244926,0.06298110566829951,0.0,2858,242,41,2,2400000,9000000,4,2463793.103448276
40.0,60,0.2033132530120482,0.1355421686746988,0.0,2656,192,38,7,1000000,17500000,4,2463793.103448276
20.0,65,0.5134957208689928,0.21724818959842002,0.0,4557,0,0,0,400000,400000,4,2463793.103448276
22.0,65,0.0,0.0,1.339835728952772,5844,213,17,0,13000000,13000000,1,2496153.846153846
26.0,9,0.0,0.0,0.9926470588235294,816,14,2,0,250000,250000,1,2496153.846153846
22.0,8,0.0,0.0,2.0,720,0,0,0,200000,275000,1,2496153.846153846
22.0,1,0.0,0.0,2.0,90,0,0,2,100000,100000,1,2496153.846153846
24.0,59,0.03811944091486658,0.0,0.0,4722,7,1,3,3600000,6000000,2,2496153.846153846
22.0,72,0.04689942678478374,0.031266284523189164,0.0,5757,115,13,1,3500000,3500000,2,2496153.846153846
28.0,56,0.022449488650536295,0.022449488650536295,0.0,4009,398,47,0,1500000,2500000,2,2496153.846153846
25.0,64,0.03665241295051924,0.03665241295051924,0.0,4911,278,28,1,1500000,1500000,2,2496153.846153846
33.0,46,0.0,0.0,0.0,3378,488,69,4,1300000,11000000,2,2496153.846153846
30.0,56,0.01877346683354193,0.01877346683354193,0.0,4794,512,59,0,800000,1400000,2,2496153.846153846
24.0,72,0.08317929759704251,0.04990757855822551,0.0,5410,30,4,1,3500000,3500000,2,2496153.846153846
23.0,56,0.04770739464617016,0.07156109196925524,0.0,3773,49,7,0,2000000,2000000,2,2496153.846153846
25.0,71,0.048552418629742855,0.048552418629742855,0.0,5561,106,15,0,1900000,1900000,2,2496153.846153846
26.0,34,0.054945054945054944,0.10989010989010989,0.0,1638,227,28,1,1600000,4000000,2,2496153.846153846
26.0,75,0.045112781954887216,0.03007518796992481,0.0,5985,116,10,2,3800000,3800000,3,2496153.846153846
26.0,41,0.0,0.042512990080302314,0.0,2117,44,6,0,2000000,3100000,3,2496153.846153846
33.0,64,0.0,0.11233150274588118,0.0,4006,90,13,4,700000,1000000,3,2496153.846153846
29.0,62,0.0,0.02188183807439825,0.0,4113,34,9,1,4000000,13000000,3,2496153.846153846
28.0,40,0.0,0.0,0.0,1803,426,113,2,1500000,20000000,3,2496153.846153846
20.0,38,0.07395234182415776,0.0,0.0,2434,67,11,0,150000,150000,3,2496153.846153846
30.0,64,0.2742044685172647,0.15233581584292485,0.0,2954,81,7,0,800000,1000000,4,2496153.846153846
28.0,79,0.6803218727139722,0.19751280175566935,0.0,4101,196,29,3,6000000,6000000,4,2496153.846153846
20.0,55,0.3629032258064516,0.04032258064516129,0.0,2232,26,6,1,5500000,6000000,4,2496153.846153846
25.0,72,0.28511087645195354,0.057022175290390706,0.0,4735,66,12,4,4300000,11000000,4,2496153.846153846
23.0,58,0.19845644983461963,0.07442116868798236,0.0,3628,57,10,0,1200000,1200000,4,2496153.846153846
37.0,72,0.48484848484848486,0.0,0.0,2970,198,25,1,200000,1500000,4,2496153.846153846
37.0,77,0.0,0.0,1.1688311688311688,6930,47,9,7,1200000,8000000,1,3691666.6666666665
32.0,34,0.0,0.0,1.5826144658261447,3014,153,13,0,1000000,6000000,1,3691666.6666666665
33.0,3,0.0,0.0,2.6666666666666665,270,123,17,2,300000,800000,1,3691666.6666666665
22.0,56,0.0,0.04783417486048366,0.0,3763,182,20,2,8000000,8000000,2,3691666.6666666665
23.0,40,0.0,0.03759398496240601,0.0,2394,295,41,0,6500000,7000000,2,3691666.6666666665
27.0,54,0.0,0.021301775147928994,0.0,4225,82,11,0,3000000,7000000,2,3691666.6666666665
29.0,44,0.02820432466311501,0.0,0.0,3191,103,15,0,3000000,5000000,2,3691666.6666666665
21.0,41,0.03205128205128205,0.0,0.0,2808,107,13,2,3000000,3000000,2,3691666.6666666665
30.0,61,0.0,0.0,0.0,4427,437,55,0,1000000,1200000,2,3691666.6666666665
36.0,31,0.03461538461538462,0.0,0.0,2600,257,48,6,600000,13000000,2,3691666.6666666665
23.0,48,0.0,0.06736526946107785,0.0,2672,16,2,2,5000000,6500000,2,3691666.6666666665
27.0,62,0.03905402473421567,0.09763506183553916,0.0,4609,140,12,0,5000000,5000000,2,3691666.6666666665
26.0,55,0.0,0.0,0.0,2402,19,0,0,3500000,6500000,2,3691666.6666666665
25.0,52,0.02358490566037736,0.09433962264150944,0.0,3816,172,24,0,7500000,8500000,3,3691666.6666666665
24.0,46,0.09268795056642637,0.0,0.0,1942,106,18,0,4000000,4000000,3,3691666.6666666665
27.0,69,0.05,0.05,0.0,5400,141,23,0,4000000,4000000,3,3691666.6666666665
28.0,65,0.1439342015078821,0.0411240575736806,0.0,4377,90,14,9,3400000,14000000,3,3691666.6666666665
22.0,37,0.11573081868838406,0.03857693956279468,0.0,2333,446,69,1,2000000,2000000,3,3691666.6666666665
27.0,62,0.18677734954046843,0.026682478505781204,0.0,3373,363,50,1,1500000,2000000,3,3691666.6666666665
25.0,58,0.09754335260115607,0.09754335260115607,0.0,2768,255,25,2,1300000,1500000,3,3691666.6666666665
20.0,31,0.06888633754305395,0.0,0.0,2613,0,0,0,75000,75000,3,3691666.6666666665
36.0,75,0.20774938169826876,0.2671063478977741,0.0,6065,125,24,1,1500000,27000000,3,3691666.6666666665
26.0,68,0.47436511739338766,0.23718255869669383,0.0,4174,324,51,1,14000000,14000000,4,3691666.6666666665
27.0,61,0.261172373766686,0.130586186883343,0.0,3446,150,9,1,8500000,40000000,4,3691666.6666666665
26.0,58,0.3783958602846054,0.05821474773609314,0.0,3092,99,14,3,4500000,5000000,4,3691666.6666666665
23.0,43,0.3356643356643357,0.3776223776223776,0.0,2145,0,0,5,3800000,4000000,4,3691666.6666666665
23.0,13,0.0,0.0,0.0,263,96,14,7,2500000,2500000,4,3691666.6666666665
29.0,73,0.0,0.0,1.297473259959696,6451,110,12,1,14000000,20000000,1,13180000.0
31.0,20,0.0,0.0,1.2576858580212409,1789,40,8,0,1500000,10000000,1,13180000.0
32.0,2,0.0,0.0,2.3076923076923075,39,42,6,0,100000,175000,1,13180000.0
19.0,64,0.12937230474365116,0.04312410158121706,0.0,4174,31,7,1,30000000,30000000,2,13180000.0
25.0,70,0.05989352262644188,0.05989352262644188,0.0,4508,335,41,3,25000000,30000000,2,13180000.0
30.0,67,0.05500101853738032,0.03666734569158688,0.0,4909,228,35,2,13000000,22000000,2,13180000.0
21.0,45,0.0,0.026034133641886028,0.0,3457,45,4,3,10000000,10000000,2,13180000.0
32.0,62,0.054064877853424106,0.03604325190228274,0.0,4994,319,52,3,8000000,16000000,2,13180000.0
33.0,61,0.04104903078677309,0.0,0.0,4385,163,29,1,3500000,10000000,2,13180000.0
26.0,71,0.10017809439002671,0.08014247551202137,0.0,4492,62,11,2,14000000,19000000,2,13180000.0
20.0,30,0.0,0.11327879169288861,0.0,1589,265,42,2,2000000,2000000,2,13180000.0
21.0,48,0.0,0.14925373134328357,0.0,1809,73,9,0,10000000,10000000,2,13180000.0
30.0,66,0.115929583512237,0.19321597252039502,0.0,4658,582,84,5,7000000,20000000,2,13180000.0
29.0,49,0.04943696786597089,0.024718483932985445,0.0,3641,463,62,1,6000000,18000000,2,13180000.0
25.0,82,0.2014388489208633,0.11510791366906475,0.0,6255,77,11,0,30000000,30000000,3,13180000.0
32.0,81,0.06651884700665188,0.05321507760532151,0.0,6765,143,20,1,12000000,24000000,3,13180000.0
23.0,52,0.05235602094240838,0.05235602094240838,0.0,3438,16,2,0,20000000,20000000,3,13180000.0
25.0,3,0.0,0.0,0.0,101,663,74,4,300000,500000,3,13180000.0
28.0,81,0.3919321567728627,0.22690809076323631,0.0,4363,273,23,1,25000000,28000000,3,13180000.0
26.0,59,0.10207939508506617,0.2722117202268431,0.0,2645,281,41,2,15000000,25000000,4,13180000.0
21.0,15,0.3379224030037547,0.0,0.0,799,458,55,2,100000,100000,4,13180000.0
25.0,75,0.47109207708779444,0.2569593147751606,0.0,4203,145,21,1,30000000,30000000,4,13180000.0
20.0,83,0.5815831987075929,0.14539579967689822,0.0,4333,9,2,2,35000000,35000000,4,13180000.0
32.0,59,0.3295840962594821,0.28250065393669893,0.0,3823,461,73,3,10000000,45000000,4,13180000.0
32.0,70,0.4824976348155156,0.3973509933774834,0.0,3171,0,0,0,8000000,30000000,4,13180000.0
26.0,60,0.0,0.0,0.9326424870466321,5404,423,48,4,18000000,40000000,1,23296296.296296295
28.0,23,0.0,0.0,1.0,2070,106,10,2,5000000,17000000,1,23296296.296296295
21.0,32,0.0,0.0,1.46875,2880,0,0,1,150000,150000,1,23296296.296296295
23.0,1,0.0,0.0,0.0,10,6,1,1,50000,100000,1,23296296.296296295
26.0,85,0.03731343283582089,0.024875621890547265,0.0,7236,203,17,5,50000000,50000000,2,23296296.296296295
29.0,77,0.06839945280437756,0.013679890560875513,0.0,6579,122,21,5,25000000,25000000,2,23296296.296296295
23.0,42,0.0818677986658581,0.0,0.0,3298,26,5,1,7000000,7000000,2,23296296.296296295
31.0,47,0.08979048885932824,0.0,0.0,3007,184,35,4,4000000,14000000,2,23296296.296296295
25.0,71,0.03549595740485111,0.1242358509169789,0.0,5071,215,29,3,18000000,18000000,2,23296296.296296295
32.0,67,0.0,0.21444281524926687,0.0,5456,236,45,3,8000000,15000000,2,23296296.296296295
29.0,89,0.05725190839694656,0.14885496183206107,0.0,7860,37,5,4,25000000,25000000,2,23296296.296296295
30.0,57,0.0,0.07636826474331777,0.0,4714,351,50,9,2000000,12000000,2,23296296.296296295
28.0,75,0.015192437542201216,0.015192437542201216,0.0,5924,162,32,5,38000000,38000000,3,23296296.296296295
31.0,32,0.0,0.0,0.0,1180,212,29,3,4000000,17000000,3,23296296.296296295
29.0,90,0.24232633279483037,0.25848142164781907,0.0,5571,67,9,2,40000000,50000000,3,23296296.296296295
27.0,78,0.0587179905398793,0.13211547871472842,0.0,6131,163,26,1,40000000,40000000,3,23296296.296296295
23.0,93,0.2710215427380125,0.18763029881862406,0.0,4317,39,5,2,26000000,26000000,3,23296296.296296295
26.0,71,0.14222503160556257,0.08533501896333755,0.0,3164,131,20,1,25000000,65000000,3,23296296.296296295
22.0,15,0.0,0.0,0.0,460,80,4,1,300000,400000,3,23296296.296296295
23.0,49,0.2407336645013374,0.17195261750095528,0.0,2617,9,3,1,4500000,4500000,3,23296296.296296295
22.0,65,0.2917341977309562,0.4011345218800648,0.0,4936,135,19,7,85000000,85000000,4,23296296.296296295
24.0,46,0.2937576499388005,0.14687882496940025,0.0,2451,110,17,2,4000000,4000000,4,23296296.296296295
27.0,78,0.19891944990176819,0.19891944990176819,0.0,4072,283,33,7,28000000,45000000,4,23296296.296296295
29.0,76,0.20385050962627407,0.28029445073612685,0.0,3532,193,23,4,20000000,30000000,4,23296296.296296295
23.0,73,0.3362129348587439,0.23114639271538642,0.0,4283,85,13,2,35000000,35000000,4,23296296.296296295
24.0,71,0.8097469540768509,0.16869728209934395,0.0,5335,0,0,6,100000000,100000000,4,23296296.296296295
27.0,70,0.6540697674418605,0.18313953488372092,0.0,3440,46,11,7,17000000,25000000,4,23296296.296296295
27.0,51,0.0,0.0,0.9155844155844156,4620,86,11,8,20000000,45000000,1,19794444.444444444
38.0,66,0.0,0.0,0.8887029288702929,5975,87,17,8,1000000,24000000,1,19794444.444444444
40.0,1,0.0,0.0,0.0,25,45,8,7,300000,1000000,1,19794444.444444444
28.0,79,0.05305821665438467,0.0,0.0,6785,159,27,11,60000000,65000000,2,19794444.444444444
24.0,90,0.0,0.1047882404307961,0.0,6871,124,20,7,55000000,60000000,2,19794444.444444444
31.0,79,0.015387245683022738,0.015387245683022738,0.0,5849,173,32,7,10000000,60000000,2,19794444.444444444
35.0,85,0.05214368482039398,0.03910776361529548,0.0,6904,299,50,5,4000000,15000000,2,19794444.444444444
34.0,51,0.0,0.0724929520741039,0.0,2483,300,49,5,2000000,13000000,2,19794444.444444444
20.0,63,0.017208413001912046,0.0,0.0,5230,28,8,1,300000,300000,2,19794444.444444444
25.0,92,0.12445673646779928,0.26669300671671275,0.0,5062,250,39,6,25000000,25000000,2,19794444.444444444
29.0,31,0.0,0.07819287576020852,0.0,2302,433,72,0,2000000,12000000,2,19794444.444444444
23.0,53,0.0,0.08555133079847908,0.0,3156,46,8,3,5000000,7000000,2,19794444.444444444
33.0,84,0.06682754780025989,0.08353443475032486,0.0,5387,264,45,9,4000000,15000000,2,19794444.444444444
20.0,44,0.0,0.07631430186546072,0.0,3538,85,11,1,350000,350000,2,19794444.444444444
30.0,88,0.06817148916830783,0.1227086805029541,0.0,6601,228,43,8,28000000,60000000,3,19794444.444444444
21.0,63,0.08698453608247422,0.05798969072164949,0.0,3104,0,0,3,12000000,12000000,3,19794444.444444444
26.0,100,0.13562727615220393,0.24865000627904058,0.0,7963,142,18,7,70000000,70000000,3,19794444.444444444
29.0,95,0.14433590902463916,0.27555037177431113,0.0,6859,134,26,7,35000000,35000000,3,19794444.444444444
29.0,53,0.04936917169500823,0.04936917169500823,0.0,1823,233,36,5,6500000,20000000,3,19794444.444444444
27.0,96,0.10014306151645208,0.1859799713876967,0.0,6291,24,4,5,28000000,28000000,3,19794444.444444444
28.0,66,0.21060842433697347,0.035101404056162244,0.0,2564,262,44,3,18000000,35000000,3,19794444.444444444
34.0,93,0.12098581030619865,0.14787154592979837,0.0,6695,322,66,37,6000000,37000000,3,19794444.444444444
18.0,55,0.30045523520485584,0.2731411229135053,0.0,3295,0,0,2,4000000,4000000,3,19794444.444444444
28.0,77,0.29724770642201837,0.1651376146788991,0.0,2725,247,45,7,14000000,38000000,4,19794444.444444444
25.0,106,0.631578947368421,0.18218623481781376,0.0,7410,175,20,9,80000000,80000000,4,19794444.444444444
30.0,81,0.551097972972973,0.15202702702702703,0.0,4736,266,46,13,40000000,100000000,4,19794444.444444444
37.0,101,0.4454022988505747,0.20114942528735633,0.0,6264,210,30,17,4000000,32000000,4,19794444.444444444
27.0,68,0.0,0.0,0.8635550496015613,6149,312,51,3,35000000,35000000,1,18241666.666666668
37.0,32,0.0,0.0,1.2989690721649485,2910,38,11,6,600000,5000000,1,18241666.666666668
25.0,2,0.0,0.0,3.0,180,0,0,0,350000,400000,1,18241666.666666668
39.0,1,0.0,0.0,0.0,1,266,47,2,300000,6000000,1,18241666.666666668
25.0,85,0.012573344509639563,0.012573344509639563,0.0,7158,97,22,4,45000000,50000000,2,18241666.666666668
22.0,83,0.015123508654007729,0.04537052596202319,0.0,5951,17,3,1,35000000,35000000,2,18241666.666666668
21.0,59,0.019995556542990445,0.0,0.0,4501,41,5,2,15000000,15000000,2,18241666.666666668
23.0,27,0.05736137667304015,0.0,0.0,1569,110,22,1,7000000,9000000,2,18241666.666666668
34.0,38,0.0,0.0,0.0,2654,384,66,3,5000000,13000000,2,18241666.666666668
25.0,86,0.10932649480361722,0.18221082467269537,0.0,7409,139,23,6,60000000,60000000,2,18241666.666666668
26.0,26,0.07601351351351351,0.0,0.0,1184,82,16,2,3500000,12000000,2,18241666.666666668
26.0,66,0.055350553505535055,0.12915129151291513,0.0,4878,381,57,3,20000000,25000000,2,18241666.666666668
22.0,45,0.0,0.06731488406881077,0.0,2674,164,34,6,12000000,30000000,2,18241666.666666668
32.0,36,0.11124845488257108,0.0,0.0,1618,363,64,5,2500000,30000000,2,18241666.666666668
23.0,93,0.07573632538569425,0.1640953716690042,0.0,7130,66,12,4,50000000,50000000,3,18241666.666666668
25.0,80,0.07450331125827815,0.037251655629139076,0.0,4832,360,42,3,40000000,40000000,3,18241666.666666668
28.0,21,0.0,0.0,0.0,646,291,47,3,2500000,40000000,3,18241666.666666668
23.0,61,0.16143497757847533,0.08071748878923767,0.0,3345,133,15,0,15000000,18000000,3,18241666.666666668
29.0,69,0.0,0.02096924510717614,0.0,4292,223,41,2,9000000,9000000,3,18241666.666666668
20.0,39,0.1001669449081803,0.0,0.0,1797,54,3,0,8500000,10000000,3,18241666.666666668
22.0,89,0.28835884656461375,0.1601993592025632,0.0,5618,31,7,5,27000000,30000000,3,18241666.666666668
23.0,85,0.17571261226083562,0.17571261226083562,0.0,5122,107,14,7,20000000,25000000,3,18241666.666666668
22.0,42,0.037484381507705125,0.26239067055393583,0.0,2401,0,0,2,9000000,9000000,3,18241666.666666668
23.0,90,0.40370813397129185,0.3633373205741627,0.0,6688,237,34,6,80000000,85000000,4,18241666.666666668
29.0,60,0.23156089193825044,0.15437392795883362,0.0,2332,177,43,2,10000000,40000000,4,18241666.666666668
23.0,85,0.10399815114397966,0.10399815114397966,0.0,4327,151,25,1,15000000,20000000,4,18241666.666666668
32.0,68,0.26865671641791045,0.09769335142469471,0.0,3685,173,27,1,6000000,6500000,4,18241666.666666668
28.0,54,0.40358744394618834,0.20179372197309417,0.0,1784,257,50,6,8000000,20000000,4,18241666.666666668
36.0,85,0.4869959853377553,0.15709547914121139,0.0,5729,210,45,17,4000000,27000000,4,18241666.666666668
41.0,31,0.5491990846681922,0.20594965675057209,0.0,1311,701,100,57,2000000,46000000,4,18241666.666666668
33.0,80,0.0,0.0,0.9962168978562421,7137,248,38,10,13000000,40000000,1,15025000.0
30.0,30,0.0,0.0,0.9931506849315068,2628,734,74,7,4000000,18000000,1,15025000.0
33.0,1,0.0,0.0,0.0,44,16,4,10,300000,1000000,1,15025000.0
26.0,76,0.1072066706372841,0.026801667659321026,0.0,6716,80,11,0,40000000,40000000,2,15025000.0
24.0,63,0.10078387458006718,0.0335946248600224,0.0,5358,7,1,0,5000000,5000000,2,15025000.0
36.0,60,0.14539579967689822,0.0,0.0,4333,239,45,22,2500000,45000000,2,15025000.0
28.0,29,0.04488778054862843,0.0,0.0,2005,216,41,14,2500000,22000000,2,15025000.0
32.0,77,0.016638935108153077,0.04991680532445923,0.0,5409,233,42,17,4500000,50000000,2,15025000.0
31.0,85,0.06188969880346582,0.074267638564159,0.0,7271,280,50,18,12000000,25000000,2,15025000.0
30.0,54,0.0,0.05519779208831647,0.0,3261,567,76,8,4500000,14000000,2,15025000.0
25.0,92,0.026913875598086126,0.09419856459330143,0.0,6688,90,18,2,30000000,35000000,3,15025000.0
28.0,61,0.06315789473684211,0.09473684210526316,0.0,2850,354,49,12,12000000,40000000,3,15025000.0
22.0,49,0.1549053356282272,0.05163511187607573,0.0,3486,308,56,0,900000,900000,3,15025000.0
28.0,93,0.1187961985216473,0.09503695881731784,0.0,7576,175,34,24,30000000,50000000,3,15025000.0
30.0,37,0.04632012352032939,0.4168811116829645,0.0,1943,851,134,15,20000000,100000000,3,15025000.0
22.0,70,0.12348502172421678,0.22638920649439745,0.0,4373,188,19,4,20000000,20000000,3,15025000.0
19.0,81,0.11020408163265306,0.12857142857142856,0.0,4900,45,8,0,15000000,15000000,3,15025000.0
35.0,92,0.0818926296633303,0.15013648771610555,0.0,6594,330,62,13,5000000,32000000,3,15025000.0
30.0,99,0.12043356081894821,0.31312725812926534,0.0,7473,175,20,2,24000000,40000000,3,15025000.0
21.0,6,0.9782608695652174,0.32608695652173914,0.0,276,0,0,3,0,22000000,3,15025000.0
25.0,51,0.23446222553033122,0.3014514328247116,0.0,2687,423,67,5,50000000,70000000,4,15025000.0
19.0,69,0.324032403240324,0.28352835283528355,0.0,4444,73,4,0,3500000,3500000,4,15025000.0
35.0,71,0.2811148486304661,0.32436328688130706,0.0,4162,200,40,33,10000000,65000000,4,15025000.0
20.0,67,0.1600609756097561,0.1600609756097561,0.0,3936,52,7,0,4000000,4000000,4,15025000.0
23.0,87,0.570566037735849,0.13584905660377358,0.0,6625,145,14,6,75000000,85000000,4,15025000.0
23.0,84,0.4387186629526462,0.06267409470752089,0.0,2872,243,37,8,20000000,40000000,4,15025000.0
29.0,78,0.5707413076754866,0.03936146949486114,0.0,4573,675,103,3,10000000,40000000,4,15025000.0
21.0,13,0.37656903765690375,0.0,0.0,239,564,91,1,3000000,12000000,4,15025000.0
26.0,97,0.0,0.0,1.2857142857142858,8820,51,11,5,10000000,16000000,1,12007407.407407407
27.0,30,0.0,0.0,1.2666666666666666,2700,197,6,0,1200000,5000000,1,12007407.407407407
20.0,11,0.0,0.0,1.5454545454545454,990,0,0,0,200000,200000,1,12007407.407407407
25.0,94,0.08935219657483247,0.03350707371556218,0.0,8058,13,2,0,25000000,25000000,2,12007407.407407407
29.0,70,0.0662739322533137,0.0,0.0,5432,158,24,3,13000000,15000000,2,12007407.407407407
24.0,39,0.0,0.0,0.0,2700,133,19,1,8000000,18000000,2,12007407.407407407
21.0,31,0.0,0.06844106463878327,0.0,1315,17,4,0,4000000,6000000,2,12007407.407407407
20.0,17,0.23920265780730898,0.0,0.0,1505,30,0,0,300000,300000,2,12007407.407407407
25.0,94,0.035484294913917726,0.2602181627020633,0.0,7609,54,7,0,20000000,20000000,2,12007407.407407407
23.0,80,0.0,0.176759410801964,0.0,3055,196,24,1,7000000,7000000,2,12007407.407407407
21.0,61,0.06413301662707839,0.171021377672209,0.0,4210,59,13,0,18000000,18000000,2,12007407.407407407
30.0,62,0.0,0.042243604787608545,0.0,4261,131,27,1,10000000,12000000,2,12007407.407407407
23.0,74,0.015982951518380393,0.11188066062866275,0.0,5631,68,10,7,28000000,28000000,3,12007407.407407407
19.0,25,0.0,0.0,0.0,1931,0,0,0,500000,500000,3,12007407.407407407
24.0,93,0.02542732024297217,0.07628196072891652,0.0,7079,65,13,1,25000000,25000000,3,12007407.407407407
24.0,49,0.07012076353720297,0.07012076353720297,0.0,2567,7,1,0,7000000,8000000,3,12007407.407407407
21.0,57,0.032502708559046585,0.032502708559046585,0.0,2769,36,7,0,7000000,8000000,3,12007407.407407407
27.0,85,0.19889502762430938,0.24861878453038674,0.0,5430,256,39,3,25000000,30000000,3,12007407.407407407
18.0,24,0.20946470131885184,0.13964313421256788,0.0,1289,14,2,0,18000000,18000000,3,12007407.407407407
21.0,33,0.1782178217821782,0.1782178217821782,0.0,1515,2,1,0,6000000,6000000,3,12007407.407407407
28.0,49,0.43103448275862066,0.1724137931034483,0.0,2088,117,21,14,8000000,12500000,4,12007407.407407407
24.0,55,0.1921903599755949,0.13727882855399634,0.0,3278,372,59,4,15000000,21000000,4,12007407.407407407
28.0,62,0.14159848961611077,0.14159848961611077,0.0,3178,178,32,3,8000000,35000000,4,12007407.407407407
26.0,73,0.4984492689410722,0.1993797075764289,0.0,4514,884,119,3,22000000,22000000,4,12007407.407407407
32.0,95,0.7793412710685016,0.1948353177671254,0.0,6467,25,4,3,20000000,50000000,4,12007407.407407407
30.0,75,0.4,0.3047619047619048,0.0,4725,314,38,0,10000000,35000000,4,12007407.407407407
22.0,58,0.38982133188955065,0.09745533297238766,0.0,1847,610,94,0,8000000,20000000,4,12007407.407407407
20.0,26,0.0,0.0,1.254646840148699,2152,14,4,0,4000000,4000000,1,11439285.714285715
38.0,62,0.0,0.0,0.8793197032748327,5527,355,44,8,1500000,17000000,1,11439285.714285715
38.0,5,0.0,0.0,0.9137055837563451,394,205,32,3,300000,2200000,1,11439285.714285715
20.0,19,0.0,0.0,1.631578947368421,1710,0,0,0,200000,200000,1,11439285.714285715
23.0,76,0.09759876065065841,0.013942680092951201,0.0,6455,4,1,0,20000000,20000000,2,11439285.714285715
25.0,32,0.03640776699029126,0.0,0.0,2472,189,36,0,8000000,10000000,2,11439285.714285715
23.0,58,0.018625827814569538,0.0,0.0,4832,138,21,0,8000000,8000000,2,11439285.714285715
21.0,38,0.061245321537938074,0.061245321537938074,0.0,2939,19,4,0,6000000,6000000,2,11439285.714285715
18.0,29,0.0,0.0,0.0,2334,2,1,1,4000000,4000000,2,11439285.714285715
21.0,79,0.037075180226570546,0.16683831101956745,0.0,4855,101,12,0,18000000,18000000,2,11439285.714285715
28.0,72,0.0,0.11892177589852009,0.0,3784,145,21,4,5000000,7000000,2,11439285.714285715
22.0,66,0.0519530498364441,0.0692707331152588,0.0,5197,34,4,0,13000000,13000000,2,11439285.714285715
31.0,78,0.054078413699864804,0.1892744479495268,0.0,6657,39,8,1,10000000,10000000,2,11439285.714285715
22.0,46,0.1159047005795235,0.17385705086928527,0.0,1553,120,20,0,4000000,4000000,2,11439285.714285715
20.0,17,0.0,0.0,0.0,1202,0,0,0,300000,300000,2,11439285.714285715
28.0,77,0.08205689277899343,0.016411378555798686,0.0,5484,132,19,0,15000000,16000000,3,11439285.714285715
19.0,58,0.034482758620689655,0.034482758620689655,0.0,2610,48,7,0,8000000,8000000,3,11439285.714285715
28.0,40,0.10003705075954057,0.033345683586513526,0.0,2699,299,35,2,9000000,10000000,3,11439285.714285715
30.0,77,0.1603960396039604,0.0891089108910891,0.0,5050,110,20,0,7000000,9000000,3,11439285.714285715
29.0,94,0.22110162916989914,0.33747090768037236,0.0,7734,64,8,1,18000000,18000000,3,11439285.714285715
25.0,91,0.2258469259723965,0.3226384656748521,0.0,5579,45,11,5,20000000,22000000,3,11439285.714285715
17.0,47,0.19624945486262538,0.07849978194505015,0.0,2293,54,3,1,15000000,15000000,3,11439285.714285715
26.0,68,0.5818965517241379,0.1939655172413793,0.0,5104,382,42,0,35000000,35000000,4,11439285.714285715
30.0,78,0.44710211591536336,0.18215271389144433,0.0,5435,25,2,2,10000000,18000000,4,11439285.714285715
21.0,38,0.34951456310679613,0.0,0.0,1545,0,0,0,3000000,3000000,4,11439285.714285715
21.0,53,0.34989200863930886,0.19438444924406048,0.0,2315,217,41,0,18000000,26000000,4,11439285.714285715
23.0,90,0.3793466807165437,0.23031762757790156,0.0,6643,226,42,1,35000000,50000000,4,11439285.714285715
21.0,76,0.38851715950787824,0.09712928987696956,0.0,4633,58,11,5,25000000,25000000,4,11439285.714285715
28.0,78,0.0,0.0,1.1179326099371787,7004,207,12,0,14000000,24000000,1,11781818.181818182
27.0,9,0.0,0.0,0.6792452830188679,795,589,74,0,4000000,10000000,1,11781818.181818182
20.0,24,0.0,0.0,1.4733395696913003,2138,24,1,0,400000,400000,1,11781818.181818182
28.0,92,0.0924380536654256,0.0115547567081782,0.0,7789,152,24,10,20000000,20000000,2,11781818.181818182
29.0,71,0.04868373602596466,0.03245582401730977,0.0,5546,338,47,1,10000000,11000000,2,11781818.181818182
24.0,68,0.019263698630136987,0.019263698630136987,0.0,4672,136,17,0,10000000,15000000,2,11781818.181818182
29.0,30,0.0,0.0,0.0,1342,484,76,4,8000000,35000000,2,11781818.181818182
23.0,67,0.11899515204936095,0.03966505068312032,0.0,4538,42,10,1,18000000,18000000,2,11781818.181818182
29.0,63,0.10235996588001137,0.05117998294000568,0.0,3517,389,56,4,5000000,20000000,2,11781818.181818182
30.0,82,0.08231707317073171,0.3018292682926829,0.0,6560,43,7,1,15000000,15000000,2,11781818.181818182
22.0,61,0.025423728813559324,0.05084745762711865,0.0,3540,34,6,0,5000000,5000000,2,11781818.181818182
30.0,98,0.10577346848832085,0.18510356985456147,0.0,6807,97,21,3,14000000,35000000,3,11781818.181818182
20.0,16,0.3810330228619814,0.0,0.0,1181,0,0,2,300000,300000,3,11781818.181818182
24.0,99,0.10687425781765404,0.21374851563530808,0.0,7579,0,0,2,25000000,50000000,3,11781818.181818182
28.0,92,0.025405786873676783,0.05081157374735357,0.0,7085,380,59,0,18000000,20000000,3,11781818.181818182
23.0,57,0.09103169251517194,0.030343897505057317,0.0,2966,81,10,0,15000000,15000000,3,11781818.181818182
30.0,79,0.26977173161171314,0.20751671662439475,0.0,4337,341,58,1,18000000,30000000,3,11781818.181818182
25.0,50,0.17408123791102514,0.20889748549323017,0.0,2585,412,49,1,14000000,30000000,3,11781818.181818182
36.0,73,0.38371349392453635,0.28778512044340226,0.0,4691,259,38,0,2000000,30000000,3,11781818.181818182
25.0,93,0.24499599679743794,0.17293835068054444,0.0,6245,233,42,1,17000000,35000000,4,11781818.181818182
23.0,81,0.5616224648985959,0.20057945174949854,0.0,4487,25,2,2,22000000,22000000,4,11781818.181818182
34.0,83,0.4882119757980388,0.13144168579177967,0.0,4793,349,54,19,4500000,70000000,4,11781818.181818182
36.0,99,0.0,0.0,1.2642140468227425,8970,156,30,5,2500000,12000000,1,8725925.925925925
23.0,12,0.0,0.0,0.75,1080,171,21,6,2000000,2000000,1,8725925.925925925
22.0,2,0.0,0.0,1.5,180,0,0,0,150000,150000,1,8725925.925925925
23.0,86,0.01202726179339837,0.0,0.0,7483,241,29,1,30000000,30000000,2,8725925.925925925
24.0,72,0.12322437104227281,0.061612185521136405,0.0,5843,152,23,0,12000000,12000000,2,8725925.925925925
21.0,34,0.03679476696647588,0.0,0.0,2446,11,2,1,10000000,10000000,2,8725925.925925925
39.0,87,0.01173096976016684,0.02346193952033368,0.0,7672,630,70,14,700000,17000000,2,8725925.925925925
22.0,81,0.01463176719232645,0.01463176719232645,0.0,6151,0,0,0,8000000,9000000,2,8725925.925925925
29.0,30,0.04689942678478374,0.09379885356956748,0.0,1919,209,22,3,3000000,7000000,2,8725925.925925925
19.0,36,0.10285714285714286,0.0,0.0,2625,0,0,0,2500000,2500000,2,8725925.925925925
27.0,43,0.07188498402555911,0.07188498402555911,0.0,2504,544,77,1,10000000,25000000,2,8725925.925925925
24.0,74,0.0,0.05495623855078364,0.0,4913,443,54,4,6000000,7000000,2,8725925.925925925
19.0,25,0.05813953488372093,0.05813953488372093,0.0,1548,0,0,0,1000000,1000000,2,8725925.925925925
22.0,89,0.08946322067594434,0.16401590457256462,0.0,6036,0,0,0,32000000,32000000,3,8725925.925925925
26.0,80,0.0,0.05211349160393746,0.0,5181,52,9,1,7000000,13000000,3,8725925.925925925
22.0,50,0.033482142857142856,0.10044642857142858,0.0,2688,30,4,0,6000000,7000000,3,8725925.925925925
18.0,25,0.10279840091376356,0.0,0.0,1751,0,0,0,150000,150000,3,8725925.925925925
29.0,42,0.31315240083507306,0.06263048016701461,0.0,1437,395,76,4,9000000,30000000,3,8725925.925925925
23.0,68,0.06147540983606557,0.06147540983606557,0.0,4392,183,24,1,7000000,7000000,3,8725925.925925925
32.0,52,0.06331340133661625,0.1266268026732325,0.0,2843,342,38,9,3000000,45000000,3,8725925.925925925
16.0,13,0.0,0.0,0.0,836,0,0,0,100000,100000,3,8725925.925925925
22.0,76,0.251865671641791,0.23087686567164178,0.0,4288,46,8,0,18000000,20000000,4,8725925.925925925
23.0,62,0.21226415094339623,0.16981132075471697,0.0,2120,0,0,0,7000000,7000000,4,8725925.925925925
28.0,51,0.31976744186046513,0.1744186046511628,0.0,3096,60,12,1,22000000,75000000,4,8725925.925925925
18.0,34,0.272452068617558,0.3632694248234107,0.0,1982,0,0,0,2500000,2500000,4,8725925.925925925
24.0,76,0.4326923076923077,0.10817307692307693,0.0,5824,0,0,0,20000000,20000000,4,8725925.925925925
29.0,95,0.4539258451472192,0.13495092693565977,0.0,7336,91,13,0,14000000,18000000,4,8725925.925925925
29.0,82,0.0,0.0,0.8021607022282242,7405,0,0,0,10000000,10000000,1,6136666.666666667
25.0,15,0.0,0.0,1.1223694466095089,1283,396,43,0,4000000,5000000,1,6136666.666666667
37.0,33,0.0,0.0,1.324456902592852,2854,194,26,0,300000,1300000,1,6136666.666666667
22.0,33,0.0,0.0,1.2727272727272727,2970,14,2,0,200000,200000,1,6136666.666666667
24.0,76,0.02755242614419103,0.06888106536047757,0.0,6533,130,9,0,16000000,16000000,2,6136666.666666667
24.0,69,0.06292606187729417,0.06292606187729417,0.0,5721,59,10,0,16000000,16000000,2,6136666.666666667
30.0,74,0.0,0.02832415420928403,0.0,6355,125,19,0,4500000,4500000,2,6136666.666666667
31.0,23,0.048283261802575105,0.0,0.0,1864,366,46,0,500000,1000000,2,6136666.666666667
23.0,28,0.07314099959366112,0.0,0.0,2461,263,15,0,100000,100000,2,6136666.666666667
29.0,58,0.1243953006219765,0.1243953006219765,0.0,2894,104,14,0,3000000,3000000,2,6136666.666666667
30.0,60,0.0,0.0899400399733511,0.0,3002,859,115,1,3000000,3000000,2,6136666.666666667
22.0,36,0.0,0.0,0.0,1939,14,3,0,1200000,1500000,2,6136666.666666667
25.0,59,0.06338028169014084,0.06338028169014084,0.0,4260,43,6,0,2500000,2500000,2,6136666.666666667
23.0,68,0.01572052401746725,0.0,0.0,5725,3,1,0,13000000,13000000,3,6136666.666666667
23.0,49,0.06269592476489028,0.06269592476489028,0.0,2871,0,0,0,4000000,5000000,3,6136666.666666667
23.0,45,0.032005689900426744,0.12802275960170698,0.0,2812,9,2,0,2500000,2500000,3,6136666.666666667
28.0,80,0.24686011260285837,0.0909484625378952,0.0,6927,215,29,0,30000000,30000000,3,6136666.666666667
20.0,26,0.12552301255230125,0.0,0.0,1434,216,26,0,250000,250000,3,6136666.666666667
18.0,10,0.15901060070671377,0.0,0.0,566,96,7,0,150000,150000,3,6136666.666666667
28.0,81,0.1768804716812578,0.11256030016080043,0.0,5597,22,3,0,7000000,8000000,3,6136666.666666667
29.0,35,0.0,0.25009924573243353,0.0,2519,425,55,0,4000000,5000000,3,6136666.666666667
22.0,72,0.10882708585247884,0.21765417170495768,0.0,3308,10,2,0,10000000,10000000,3,6136666.666666667
26.0,73,0.11910013233348037,0.11910013233348037,0.0,4534,0,0,0,9000000,12000000,3,6136666.666666667
24.0,36,0.4186046511627907,0.4186046511627907,0.0,1075,222,24,0,5000000,12000000,3,6136666.666666667
29.0,72,0.23177496038034864,0.21394611727416799,0.0,5048,65,7,1,4000000,9000000,3,6136666.666666667
23.0,92,0.5751633986928104,0.11764705882352941,0.0,6885,0,0,2,20000000,20000000,4,6136666.666666667
26.0,11,0.8035714285714286,0.26785714285714285,0.0,336,300,47,1,7000000,9000000,4,6136666.666666667
32.0,80,0.21337849280270957,0.19813717188823032,0.0,5905,18,3,0,4000000,4000000,4,6136666.666666667
28.0,45,0.6918238993710691,0.12578616352201258,0.0,1431,613,82,0,2500000,8000000,4,6136666.666666667
20.0,53,0.407503234152652,0.05821474773609314,0.0,3092,0,0,0,400000,400000,4,6136666.666666667
24.0,87,0.0,0.0,1.4544055405925356,7797,16,2,1,20000000,20000000,1,4585185.185185186
26.0,17,0.0,0.0,0.8982035928143712,1503,47,6,7,800000,1200000,1,4585185.185185186
35.0,5,0.0,0.0,0.4,450,0,0,1,200000,1500000,1,4585185.185185186
24.0,19,0.0,0.0,0.0,1227,78,13,0,8000000,8000000,2,4585185.185185186
31.0,89,0.08102893890675242,0.01157556270096463,0.0,7775,0,0,2,4000000,5000000,2,4585185.185185186
28.0,77,0.0,0.0,0.0,6550,0,0,2,4000000,5000000,2,4585185.185185186
35.0,73,0.014962593516209476,0.014962593516209476,0.0,6015,288,49,1,1000000,3500000,2,4585185.185185186
21.0,47,0.044676098287416234,0.022338049143708117,0.0,4029,0,0,0,150000,150000,2,4585185.185185186
21.0,65,0.0567703952901598,0.07569386038687972,0.0,4756,65,15,1,7000000,7000000,2,4585185.185185186
20.0,56,0.0,0.05741626794258373,0.0,3135,0,0,0,800000,1000000,2,4585185.185185186
31.0,35,0.0,0.0,0.0,1645,229,27,1,800000,3000000,2,4585185.185185186
27.0,52,0.06719761075161772,0.06719761075161772,0.0,4018,129,18,0,5000000,8000000,2,4585185.185185186
32.0,66,0.0,0.15358361774744028,0.0,2930,481,59,2,1200000,7500000,2,4585185.185185186
26.0,72,0.03152364273204904,0.03152364273204904,0.0,5710,59,12,1,6000000,7000000,3,4585185.185185186
20.0,49,0.02936378466557912,0.0,0.0,3065,0,0,1,800000,800000,3,4585185.185185186
26.0,84,0.017509727626459144,0.05252918287937743,0.0,5140,36,4,1,4500000,5000000,3,4585185.185185186
33.0,82,0.04348526332742793,0.01449508777580931,0.0,6209,155,29,1,3500000,25000000,3,4585185.185185186
25.0,92,0.31715912171320143,0.15857956085660072,0.0,7378,0,0,2,18000000,18000000,3,4585185.185185186
31.0,75,0.1481176712610574,0.0740588356305287,0.0,4861,25,3,0,2000000,9000000,3,4585185.185185186
21.0,30,0.20809248554913296,0.20809248554913296,0.0,1730,4,1,1,400000,400000,3,4585185.185185186
20.0,14,0.1761252446183953,0.1761252446183953,0.0,511,0,0,0,150000,150000,3,4585185.185185186
27.0,80,0.17640769779044904,0.17640769779044904,0.0,5612,185,21,6,9000000,10000000,4,4585185.185185186
26.0,65,0.08185538881309687,0.0,0.0,2199,235,35,1,1500000,3000000,4,4585185.185185186
31.0,75,0.5384774087064164,0.09284093253558902,0.0,4847,57,4,4,10000000,16000000,4,4585185.185185186
25.0,92,0.37238675958188155,0.1763937282229965,0.0,4592,40,7,5,6000000,6500000,4,4585185.185185186
21.0,69,0.17758484609313338,0.1420678768745067,0.0,2534,0,0,0,5000000,5000000,4,4585185.185185186
24.0,72,0.3012781497261108,0.13694461351186854,0.0,3286,101,14,0,4000000,8000000,4,4585185.185185186
32.0,29,0.0,0.0,1.206896551724138,2610,242,30,0,4000000,17000000,1,4121428.5714285714
24.0,18,0.0,0.0,1.6016427104722792,1461,207,26,1,1500000,1500000,1,4121428.5714285714
26.0,17,0.0,0.0,1.598360655737705,1464,0,0,1,800000,2500000,1,4121428.5714285714
24.0,29,0.0,0.0,1.1578947368421053,2565,0,0,0,300000,300000,1,4121428.5714285714
21.0,48,0.0,0.0,0.0,3590,91,14,0,5000000,5000000,2,4121428.5714285714
26.0,61,0.0,0.0,0.0,5059,0,0,0,3500000,6000000,2,4121428.5714285714
30.0,31,0.0,0.033185840707964605,0.0,2712,507,86,5,3500000,6500000,2,4121428.5714285714
33.0,48,0.0,0.0,0.0,3699,987,122,3,3500000,19000000,2,4121428.5714285714
32.0,6,0.0,0.0,0.0,327,638,76,0,3000000,7000000,2,4121428.5714285714
20.0,42,0.0,0.0605245460659045,0.0,2974,22,3,0,3000000,3000000,2,4121428.5714285714
24.0,43,0.19539730785931395,0.19539730785931395,0.0,2303,84,12,3,5000000,13000000,2,4121428.5714285714
29.0,59,0.0,0.09471690170490422,0.0,4751,42,4,1,2000000,3500000,2,4121428.5714285714
24.0,38,0.06162273194111605,0.09243409791167409,0.0,2921,312,41,0,2000000,2000000,2,4121428.5714285714
22.0,16,0.0,0.0,0.0,1232,224,32,0,200000,200000,2,4121428.5714285714
28.0,64,0.03870135454740916,0.058052031821113736,0.0,4651,128,20,0,4000000,4000000,2,4121428.5714285714
26.0,9,0.0,0.0,0.0,753,174,11,0,400000,1500000,2,4121428.5714285714
21.0,74,0.01585065163790067,0.09510390982740402,0.0,5678,0,0,0,9000000,10000000,3,4121428.5714285714
31.0,72,0.030170968823332214,0.10559839088166276,0.0,5966,104,15,1,5000000,7500000,3,4121428.5714285714
18.0,40,0.0448654037886341,0.1345962113659023,0.0,2006,0,0,0,2500000,2500000,3,4121428.5714285714
23.0,57,0.07689021785561725,0.0,0.0,2341,31,4,0,1200000,1800000,3,4121428.5714285714
31.0,61,0.3499222395023328,0.19245723172628304,0.0,5144,98,13,0,12000000,12000000,3,4121428.5714285714
24.0,58,0.270935960591133,0.09852216748768473,0.0,3654,242,42,2,8000000,10000000,4,4121428.5714285714
20.0,39,0.0,0.0,0.0,961,0,0,0,800000,1000000,4,4121428.5714285714
24.0,78,0.268370607028754,0.19169329073482427,0.0,4695,5,1,0,5000000,5000000,4,4121428.5714285714
20.0,69,0.5850706119704102,0.16139878950907868,0.0,4461,0,0,0,25000000,25000000,4,4121428.5714285714
32.0,61,0.28322440087145967,0.04357298474945534,0.0,4131,166,25,1,3000000,16000000,4,4121428.5714285714
33.0,68,0.21837088388214904,0.09358752166377816,0.0,2885,19,3,1,2000000,10000000,4,4121428.5714285714
22.0,33,0.23910733262486716,0.1434643995749203,0.0,1882,0,0,0,200000,250000,4,4121428.5714285714
28.0,32,0.0,0.0,1.3485551195148056,2803,219,30,2,3500000,4500000,1,3361538.4615384615
28.0,9,0.0,0.0,1.2784090909090908,704,227,23,1,600000,3000000,1,3361538.4615384615
35.0,22,0.0,0.0,1.235383833248602,1967,94,13,0,300000,3500000,1,3361538.4615384615
25.0,11,0.0,0.0,0.7272727272727273,990,0,0,0,150000,150000,1,3361538.4615384615
25.0,68,0.0,0.014858841010401188,0.0,6057,127,20,2,5000000,5000000,2,3361538.4615384615
29.0,53,0.01978891820580475,0.0,0.0,4548,145,25,0,3000000,3000000,2,3361538.4615384615
21.0,43,0.0,0.0,0.0,3323,0,0,0,1500000,1500000,2,3361538.4615384615
25.0,39,0.05235602094240838,0.0,0.0,3438,0,0,0,150000,150000,2,3361538.4615384615
33.0,72,0.014058106841611996,0.014058106841611996,0.0,6402,0,0,0,1200000,2000000,2,3361538.4615384615
22.0,48,0.0,0.0,0.0,3577,0,0,0,1000000,1200000,2,3361538.4615384615
25.0,63,0.0,0.07174172977281786,0.0,5018,0,0,0,5000000,5000000,2,3361538.4615384615
26.0,38,0.0,0.0,0.0,2298,183,21,0,2000000,2500000,2,3361538.4615384615
30.0,66,0.0,0.03278091422327445,0.0,5491,0,0,0,3000000,3000000,3,3361538.4615384615
27.0,52,0.0,0.02922077922077922,0.0,3080,21,5,4,2000000,2000000,3,3361538.4615384615
24.0,69,0.019706590759798553,0.05911977227939567,0.0,4567,64,4,1,10000000,10000000,3,3361538.4615384615
18.0,19,0.0,0.21809369951534732,0.0,1238,0,0,0,500000,500000,3,3361538.4615384615
24.0,67,0.2906350914962325,0.193756727664155,0.0,4645,22,3,0,8000000,15000000,3,3361538.4615384615
23.0,74,0.11492156147391464,0.11492156147391464,0.0,5482,0,0,0,15000000,15000000,3,3361538.4615384615
20.0,56,0.04926108374384237,0.39408866995073893,0.0,1827,60,7,4,3000000,10000000,3,3361538.4615384615
22.0,75,0.0777369898510041,0.11660548477650616,0.0,4631,132,22,0,2500000,2500000,3,3361538.4615384615
20.0,50,0.11988011988011989,0.14985014985014986,0.0,3003,9,2,0,2000000,2000000,3,3361538.4615384615
20.0,59,0.17667844522968199,0.0353356890459364,0.0,2547,0,0,0,2500000,2500000,4,3361538.4615384615
24.0,46,0.10279840091376356,0.0,0.0,1751,0,0,0,3000000,3000000,4,3361538.4615384615
23.0,64,0.40253447633246364,0.1341781587774879,0.0,2683,19,2,1,8000000,10000000,4,3361538.4615384615
23.0,56,0.47483766233766234,0.036525974025974024,0.0,2464,0,0,0,4000000,4500000,4,3361538.4615384615
21.0,42,0.35097493036211697,0.25069637883008355,0.0,1795,72,5,0,500000,500000,4,3361538.4615384615
30.0,76,0.0,0.0,1.1710526315789473,6840,0,0,2,2000000,2000000,1,3032692.3076923075
24.0,7,0.0,0.0,0.5714285714285714,630,33,2,1,400000,400000,1,3032692.3076923075
22.0,15,0.0,0.0,0.8666666666666667,1350,0,0,0,150000,150000,1,3032692.3076923075
22.0,68,0.07643961270596229,0.015287922541192458,0.0,5887,78,11,1,8000000,8000000,2,3032692.3076923075
26.0,81,0.03941030506495402,0.03941030506495402,0.0,6851,156,23,6,5000000,5000000,2,3032692.3076923075
22.0,30,0.11416490486257928,0.0,0.0,2365,0,0,1,400000,500000,2,3032692.3076923075
19.0,30,0.04407443682664055,0.0,0.0,2042,0,0,1,400000,400000,2,3032692.3076923075
25.0,22,0.0,0.055658627087198514,0.0,1617,24,6,10,2000000,2000000,2,3032692.3076923075
21.0,17,0.0,0.16806722689075632,0.0,1071,0,0,1,1200000,1200000,2,3032692.3076923075
22.0,56,0.0,0.0641025641025641,0.0,2808,0,0,1,800000,800000,2,3032692.3076923075
28.0,72,0.014866204162537165,0.10406342913776016,0.0,6054,105,17,1,2500000,2500000,2,3032692.3076923075
22.0,15,0.0,0.10477299185098952,0.0,859,0,0,1,1000000,1000000,2,3032692.3076923075
27.0,79,0.05599626691553897,0.12599160055996267,0.0,6429,18,2,2,4000000,4000000,3,3032692.3076923075
27.0,81,0.24107142857142858,0.46875,0.0,6720,54,7,6,9000000,9000000,3,3032692.3076923075
32.0,65,0.13429495150460086,0.11191245958716738,0.0,4021,322,40,3,1800000,4000000,3,3032692.3076923075
22.0,36,0.0,0.03697617091207888,0.0,2434,0,0,3,1800000,1800000,3,3032692.3076923075
27.0,87,0.20156774916013437,0.040313549832026875,0.0,4465,475,58,4,1200000,3000000,3,3032692.3076923075
24.0,60,0.061245321537938074,0.09186798230690711,0.0,2939,0,0,1,1200000,1200000,3,3032692.3076923075
20.0,58,0.17299375300336375,0.19461797212878423,0.0,4162,13,2,1,10000000,10000000,4,3032692.3076923075
25.0,57,0.5732484076433121,0.21496815286624205,0.0,2512,0,0,3,3500000,4000000,4,3032692.3076923075
27.0,73,0.46919431279620855,0.17061611374407584,0.0,4220,92,16,7,2500000,2500000,4,3032692.3076923075
23.0,88,0.46841731724627395,0.10645848119233499,0.0,4227,7,2,2,7000000,7000000,4,3032692.3076923075
22.0,86,0.7175549977853241,0.1461686106599734,0.0,6773,0,0,3,7000000,7000000,4,3032692.3076923075
28.0,43,0.7024092297251442,0.12215812690872073,0.0,2947,688,103,1,3000000,3000000,4,3032692.3076923075
27.0,80,0.29854554733350347,0.11482521051288594,0.0,3919,0,0,2,1500000,1500000,4,3032692.3076923075
22.0,30,0.5501222493887531,0.2200488997555012,0.0,1636,0,0,1,1500000,1500000,4,3032692.3076923075
30.0,61,0.0,0.0,1.8138512275558814,5458,0,0,0,2000000,2500000,1,2862962.962962963
26.0,47,0.0,0.0,1.4676258992805755,4170,0,0,0,1000000,1100000,1,2862962.962962963
37.0,8,0.0,0.0,1.2035661218424962,673,0,0,1,250000,1000000,1,2862962.962962963
22.0,51,0.021372595582996912,0.021372595582996912,0.0,4211,31,4,1,3500000,3500000,2,2862962.962962963
26.0,60,0.0,0.0,0.0,5049,66,6,4,3000000,3000000,2,2862962.962962963
30.0,63,0.016914113888366847,0.016914113888366847,0.0,5321,0,0,0,2000000,2000000,2,2862962.962962963
20.0,28,0.0,0.0,0.0,1906,0,0,0,300000,400000,2,2862962.962962963
37.0,40,0.05909389363099146,0.02954694681549573,0.0,3046,338,51,4,300000,14000000,2,2862962.962962963
18.0,21,0.0,0.05454545454545454,0.0,1650,0,0,0,300000,400000,2,2862962.962962963
22.0,47,0.03598560575769692,0.07197121151539385,0.0,2501,126,17,0,3500000,3500000,2,2862962.962962963
25.0,56,0.020594965675057208,0.08237986270022883,0.0,4370,192,21,0,2500000,3000000,2,2862962.962962963
20.0,62,0.0,0.018738288569643973,0.0,4803,0,0,0,4000000,4000000,2,2862962.962962963
24.0,69,0.03746877601998335,0.05620316402997502,0.0,4804,36,7,2,2000000,2000000,2,2862962.962962963
21.0,45,0.0,0.028790786948176585,0.0,3126,68,10,0,7000000,7000000,3,2862962.962962963
26.0,66,0.015943312666076175,0.047829937998228524,0.0,5645,140,22,0,5000000,5000000,3,2862962.962962963
31.0,46,0.14582770726438024,0.04860923575479341,0.0,3703,168,20,0,2500000,3000000,3,2862962.962962963
32.0,72,0.13274336283185842,0.049778761061946904,0.0,5424,0,0,0,1800000,5000000,3,2862962.962962963
23.0,37,0.031880977683315624,0.06376195536663125,0.0,2823,117,14,0,800000,5000000,3,2862962.962962963
25.0,33,0.0,0.2097902097902098,0.0,858,603,70,2,7000000,25000000,3,2862962.962962963
19.0,52,0.24930747922437674,0.22160664819944598,0.0,3249,0,0,1,2500000,2500000,4,2862962.962962963
23.0,37,0.0,0.18467852257181944,0.0,1462,0,0,0,1800000,3000000,4,2862962.962962963
24.0,18,0.0,0.0,0.0,602,0,0,0,250000,700000,4,2862962.962962963
18.0,39,0.30317613089509143,0.08662175168431184,0.0,2078,0,0,0,5000000,5000000,4,2862962.962962963
27.0,59,0.2877906976744186,0.20930232558139536,0.0,3440,233,42,4,4000000,28000000,4,2862962.962962963
30.0,55,0.16304347826086957,0.08152173913043478,0.0,3312,167,22,0,3000000,5000000,4,2862962.962962963
27.0,66,0.3010704727921499,0.16057091882247992,0.0,4484,12,2,1,8000000,8000000,4,2862962.962962963
24.0,65,0.43237250554323725,0.03325942350332594,0.0,2706,0,0,4,4000000,5000000,4,2862962.962962963
32.0,75,0.0,0.0,1.48,6750,85,18,1,4000000,7000000,1,2653846.153846154
22.0,3,0.0,0.0,1.0,270,0,0,0,500000,500000,1,2653846.153846154
24.0,18,0.0,0.0,1.3888888888888888,1620,0,0,0,200000,200000,1,2653846.153846154
28.0,65,0.049586776859504134,0.0,0.0,5445,38,12,0,5000000,5000000,2,2653846.153846154
23.0,72,0.015522593997930321,0.0,0.0,5798,0,0,0,4000000,4000000,2,2653846.153846154
24.0,59,0.10789210789210789,0.017982017982017984,0.0,5005,277,20,4,2500000,2500000,2,2653846.153846154
30.0,40,0.0,0.0,0.0,3087,123,13,0,2500000,9000000,2,2653846.153846154
20.0,42,0.09854913769504517,0.0,0.0,3653,0,0,0,250000,250000,2,2653846.153846154
25.0,76,0.015095605501509561,0.0754780275075478,0.0,5962,232,25,0,4000000,4000000,2,2653846.153846154
21.0,54,0.030181086519114688,0.030181086519114688,0.0,2982,0,0,0,3000000,3500000,2,2653846.153846154
31.0,59,0.0,0.09664948453608248,0.0,4656,20,5,3,1500000,14000000,2,2653846.153846154
23.0,58,0.021408182683158895,0.0,0.0,4204,77,6,0,1000000,1000000,2,2653846.153846154
30.0,71,0.09752573595810006,0.09752573595810006,0.0,5537,0,0,0,4000000,10000000,3,2653846.153846154
29.0,72,0.01717557251908397,0.0,0.0,5240,0,0,0,3000000,4000000,3,2653846.153846154
24.0,77,0.07767995857068877,0.06214396685655101,0.0,5793,0,0,0,3000000,6000000,3,2653846.153846154
25.0,63,0.0,0.08125188083057479,0.0,3323,0,0,0,1800000,2000000,3,2653846.153846154
19.0,35,0.09468700683850605,0.09468700683850605,0.0,1901,0,0,0,700000,700000,3,2653846.153846154
27.0,51,0.21301775147928995,0.46153846153846156,0.0,2535,70,13,1,3000000,6000000,3,2653846.153846154
26.0,49,0.2254697286012526,0.18789144050104384,0.0,2395,0,0,0,2500000,3500000,3,2653846.153846154
25.0,69,0.38845427569463176,0.16994874561640141,0.0,3707,53,9,0,3000000,3000000,4,2653846.153846154
26.0,72,0.25074003134250394,0.18805502350687794,0.0,5743,4,1,0,9000000,10000000,4,2653846.153846154
27.0,50,0.33345683586513525,0.10003705075954057,0.0,2699,23,2,2,3500000,6500000,4,2653846.153846154
20.0,19,0.0,0.0,0.0,257,230,49,2,500000,500000,4,2653846.153846154
19.0,31,0.07462686567164178,0.0,0.0,1206,0,0,0,400000,400000,4,2653846.153846154
28.0,63,0.33629145259224663,0.04203643157403083,0.0,4282,119,18,0,6000000,10000000,4,2653846.153846154
36.0,11,0.0,0.0,0.0,379,395,61,10,150000,19000000,4,2653846.153846154
26.0,67,0.0,0.0,1.8177339901477831,6090,79,10,1,3000000,10000000,1,1683870.9677419355
22.0,46,0.0,0.0,1.1882640586797066,4090,99,14,0,2500000,2500000,1,1683870.9677419355
21.0,10,0.0,0.0,0.9,900,0,0,0,100000,100000,1,1683870.9677419355
20.0,43,0.0,0.0,1.1162790697674418,3870,0,0,0,100000,100000,1,1683870.9677419355
29.0,61,0.01707455890722823,0.0,0.0,5271,459,50,0,3000000,3000000,2,1683870.9677419355
30.0,70,0.04462072384729797,0.0,0.0,6051,0,0,7,2000000,2000000,2,1683870.9677419355
20.0,49,0.0,0.0,0.0,3709,0,0,0,2000000,2000000,2,1683870.9677419355
26.0,54,0.0,0.0,0.0,4200,94,7,1,3000000,3000000,2,1683870.9677419355
32.0,24,0.0,0.0,0.0,996,705,101,5,1000000,25000000,2,1683870.9677419355
28.0,26,0.05184331797235023,0.05184331797235023,0.0,1736,142,3,6,500000,750000,2,1683870.9677419355
24.0,45,0.0,0.02481389578163772,0.0,3627,123,23,0,2500000,7000000,2,1683870.9677419355
23.0,51,0.10428736964078796,0.05214368482039398,0.0,3452,228,34,6,800000,800000,2,1683870.9677419355
33.0,37,0.0,0.07761966364812418,0.0,2319,0,0,3,400000,3000000,2,1683870.9677419355
25.0,19,0.0,0.0,0.0,1447,0,0,0,100000,100000,2,1683870.9677419355
23.0,73,0.0,0.0,0.0,5626,0,0,0,3000000,3000000,3,1683870.9677419355
23.0,19,0.0,0.0,0.0,1129,0,0,0,250000,250000,3,1683870.9677419355
28.0,51,0.10426320667284522,0.06255792400370713,0.0,4316,470,66,0,7000000,20000000,3,1683870.9677419355
21.0,37,0.03047748052827633,0.091432441584829,0.0,2953,0,0,0,100000,100000,3,1683870.9677419355
36.0,58,0.0,0.13062409288824384,0.0,2756,204,27,0,300000,2000000,3,1683870.9677419355
23.0,61,0.08577555396711938,0.08577555396711938,0.0,4197,0,0,0,1200000,1800000,3,1683870.9677419355
21.0,38,0.0,0.22670025188916876,0.0,1985,0,0,0,500000,600000,3,1683870.9677419355
18.0,21,0.5067567567567568,0.20270270270270271,0.0,888,0,0,0,100000,100000,3,1683870.9677419355
25.0,40,0.048283261802575105,0.09656652360515021,0.0,1864,146,22,0,700000,2000000,4,1683870.9677419355
23.0,34,0.298879202988792,0.074719800747198,0.0,2409,123,13,0,200000,200000,4,1683870.9677419355
21.0,52,0.32017075773745995,0.064034151547492,0.0,2811,209,40,2,7000000,11000000,4,1683870.9677419355
27.0,53,0.0,0.1127348643006263,0.0,2395,20,4,0,1500000,5500000,4,1683870.9677419355
24.0,58,0.1651376146788991,0.023591087811271297,0.0,3815,182,29,0,3500000,9000000,4,1683870.9677419355
29.0,37,0.1148936170212766,0.07659574468085106,0.0,2350,99,14,1,2800000,6000000,4,1683870.9677419355
22.0,39,0.08964143426294821,0.044820717131474105,0.0,2008,31,4,0,1800000,1800000,4,1683870.9677419355
30.0,28,0.2708803611738149,0.20316027088036118,0.0,1329,267,30,1,1000000,6000000,4,1683870.9677419355
22.0,9,0.4,0.4,0.0,225,0,0,1,250000,300000,4,1683870.9677419355
26.0,29,0.0,0.0,1.5,2640,351,54,6,3500000,15000000,1,1512121.2121212122
30.0,46,0.0,0.0,1.0285714285714285,4200,0,0,0,600000,1200000,1,1512121.2121212122
22.0,31,0.0,0.0,1.1612903225806452,2790,0,0,0,150000,200000,1,1512121.2121212122
21.0,6,0.0,0.0,1.0,540,0,0,0,100000,150000,1,1512121.2121212122
20.0,42,0.0,0.0,0.0,2761,129,1,0,5000000,5000000,2,1512121.2121212122
29.0,81,0.06244796003330558,0.012489592006661115,0.0,7206,257,6,0,2000000,2000000,2,1512121.2121212122
29.0,42,0.0,0.0,0.0,3662,395,52,0,1200000,2000000,2,1512121.2121212122
31.0,25,0.04529441368897836,0.0,0.0,1987,272,50,0,800000,2500000,2,1512121.2121212122
29.0,5,0.0,0.0,0.0,395,252,32,0,800000,2500000,2,1512121.2121212122
24.0,50,0.0,0.025884383088869714,0.0,3477,138,14,1,2000000,3000000,2,1512121.2121212122
27.0,50,0.0,0.06270320483046911,0.0,4306,0,0,0,500000,1500000,2,1512121.2121212122
28.0,69,0.0,0.032985156679494226,0.0,5457,0,0,0,2500000,4000000,2,1512121.2121212122
25.0,51,0.0,0.0,0.0,2748,193,35,1,2500000,7500000,3,1512121.2121212122
30.0,81,0.0377253038982814,0.0,0.0,7157,0,0,0,1500000,2000000,3,1512121.2121212122
26.0,37,0.1339784145887607,0.033494603647190174,0.0,2687,0,0,0,1500000,2000000,3,1512121.2121212122
24.0,17,0.05996002664890073,0.0,0.0,1501,267,33,0,150000,250000,3,1512121.2121212122
21.0,53,0.0,0.0,0.0,4127,0,0,0,100000,100000,3,1512121.2121212122
21.0,66,0.0,0.08082622361921868,0.0,4454,28,7,0,4000000,8000000,3,1512121.2121212122
20.0,13,0.0,0.18072289156626506,0.0,498,57,6,0,1000000,3000000,3,1512121.2121212122
26.0,79,0.27348066298342544,0.09944751381215469,0.0,3620,0,0,0,1200000,1300000,3,1512121.2121212122
26.0,66,0.11477151965993623,0.11477151965993623,0.0,4705,89,9,0,2000000,2000000,3,1512121.2121212122
32.0,64,0.18590773467982558,0.330502639430801,0.0,4357,0,0,0,1000000,1500000,3,1512121.2121212122
32.0,64,0.16382252559726962,0.16382252559726962,0.0,4395,0,0,0,1000000,2500000,3,1512121.2121212122
18.0,37,0.067618332081142,0.0,0.0,2662,0,0,0,100000,100000,3,1512121.2121212122
26.0,59,0.17763157894736842,0.11842105263157894,0.0,3040,56,8,0,2500000,2800000,4,1512121.2121212122
36.0,41,0.3194321206743567,0.23957409050576753,0.0,1127,0,0,0,300000,900000,4,1512121.2121212122
26.0,78,0.2226450999048525,0.1027592768791627,0.0,5255,0,0,0,2500000,3000000,4,1512121.2121212122
23.0,72,0.12517385257301808,0.17524339360222532,0.0,3595,0,0,0,1200000,1500000,4,1512121.2121212122
20.0,65,0.4125528913963329,0.22214386459802538,0.0,2836,0,0,0,4000000,4000000,4,1512121.2121212122
28.0,55,0.4881101376720901,0.03754693366708386,0.0,2397,390,59,2,3000000,15000000,4,1512121.2121212122
32.0,62,0.3485838779956427,0.2178649237472767,0.0,4131,19,6,1,1000000,5000000,4,1512121.2121212122
21.0,31,0.21293375394321767,0.0,0.0,1268,0,0,0,100000,100000,4,1512121.2121212122
21.0,52,0.569764497341099,0.06837173968093188,0.0,3949,0,0,0,100000,100000,4,1512121.2121212122
29.0,65,0.0,0.0,1.5846153846153845,5850,34,5,4,1500000,1500000,1,1488000.0
25.0,28,0.0,0.0,1.437125748502994,2505,0,0,0,600000,1800000,1,1488000.0
22.0,33,0.0,0.0,1.6666666666666667,2970,0,0,0,150000,150000,1,1488000.0
22.0,54,0.0,0.020988805970149255,0.0,4288,45,6,0,5000000,5000000,2,1488000.0
26.0,86,0.04691164972634871,0.04691164972634871,0.0,7674,0,0,5,3000000,3000000,2,1488000.0
26.0,58,0.019823788546255508,0.019823788546255508,0.0,4540,114,5,1,1800000,1800000,2,1488000.0
19.0,11,0.0,0.0,0.0,750,0,0,0,1000000,1000000,2,1488000.0
34.0,57,0.0211864406779661,0.0211864406779661,0.0,4248,0,0,0,500000,800000,2,1488000.0
20.0,25,0.0,0.0,0.0,1908,0,0,0,100000,100000,2,1488000.0
26.0,69,0.08201202843083652,0.11481683980317113,0.0,5487,12,2,2,2000000,2000000,2,1488000.0
21.0,46,0.09003001000333445,0.09003001000333445,0.0,2999,0,0,0,250000,400000,2,1488000.0
31.0,43,0.0347758887171561,0.0347758887171561,0.0,2588,58,13,3,500000,2000000,2,1488000.0
20.0,27,0.0,0.04247286455875413,0.0,2119,0,0,0,100000,100000,2,1488000.0
25.0,68,0.0,0.0,0.0,4558,167,14,0,2000000,2000000,3,1488000.0
34.0,50,0.0,0.05970149253731343,0.0,3015,314,67,2,1000000,16000000,3,1488000.0
35.0,64,0.04955037621581942,0.04955037621581942,0.0,5449,0,0,0,800000,1000000,3,1488000.0
20.0,26,0.0,0.12684989429175475,0.0,1419,0,0,0,100000,100000,3,1488000.0
28.0,67,0.047581284694686754,0.07137192704203013,0.0,3783,0,0,0,2000000,2500000,3,1488000.0
22.0,70,0.40298507462686567,0.326226012793177,0.0,4690,0,0,2,5000000,5000000,3,1488000.0
28.0,58,0.23825281270681667,0.1786896095301125,0.0,3022,22,5,0,1500000,5000000,3,1488000.0
18.0,34,0.35809018567639256,0.07957559681697612,0.0,2262,0,0,0,500000,500000,3,1488000.0
30.0,63,0.22172949002217296,0.11086474501108648,0.0,4059,70,9,4,2000000,2500000,4,1488000.0
30.0,51,0.08704061895551257,0.17408123791102514,0.0,3102,55,4,0,1800000,3000000,4,1488000.0
27.0,68,0.34058656575212864,0.1986754966887417,0.0,3171,28,4,3,2000000,2000000,4,1488000.0
27.0,72,0.34623707622024524,0.1514787208463573,0.0,4159,179,8,0,2000000,2500000,4,1488000.0
34.0,64,0.0,0.0,1.2337662337662338,5544,20,4,0,600000,1250000,1,905000.0
29.0,21,0.0,0.0,1.0731707317073171,1845,11,3,0,300000,300000,1,905000.0
20.0,19,0.0,0.0,0.8465608465608465,1701,0,0,0,200000,200000,1,905000.0
25.0,66,0.03290074940595869,0.0,0.0,5471,11,3,0,2500000,2500000,2,905000.0
22.0,61,0.0,0.0,0.0,4197,0,0,1,2000000,2000000,2,905000.0
27.0,32,0.0,0.0,0.0,2476,260,34,0,700000,800000,2,905000.0
36.0,54,0.02116650987770461,0.0,0.0,4252,0,0,0,300000,700000,2,905000.0
27.0,36,0.0,0.0,0.0,2019,465,88,0,1800000,9000000,2,905000.0
26.0,54,0.0,0.02066115702479339,0.0,4356,32,5,0,1500000,1500000,2,905000.0
31.0,3,0.0,0.0,0.0,183,202,29,0,200000,1250000,2,905000.0
33.0,63,0.0,0.0,0.0,4301,23,4,1,300000,900000,2,905000.0
35.0,59,0.0,0.0,0.0,4645,60,11,0,200000,500000,2,905000.0
25.0,57,0.0,0.060906835100383486,0.0,4433,53,8,0,3000000,3000000,3,905000.0
36.0,61,0.1739850869925435,0.04971002485501243,0.0,3621,56,9,1,600000,3500000,3,905000.0
37.0,53,0.0,0.02247191011235955,0.0,4005,631,93,0,250000,5000000,3,905000.0
31.0,35,0.12256014525646845,0.0,0.0,2203,0,0,0,200000,600000,3,905000.0
21.0,44,0.10317157050057317,0.10317157050057317,0.0,2617,2,1,0,1500000,2000000,3,905000.0
32.0,45,0.06888633754305395,0.06888633754305395,0.0,2613,162,23,0,500000,1000000,3,905000.0
25.0,27,0.0,0.0,0.0,1308,14,2,0,250000,300000,3,905000.0
31.0,44,0.35832780358327804,0.17916390179163902,0.0,3014,165,26,10,1800000,3000000,4,905000.0
26.0,61,0.4596100278551532,0.12534818941504178,0.0,4308,581,50,0,800000,800000,4,905000.0
20.0,25,0.2286198137171888,0.0,0.0,1181,28,5,0,500000,900000,4,905000.0
27.0,56,0.050293378038558254,0.050293378038558254,0.0,3579,0,0,2,1000000,1000000,4,905000.0
37.0,74,0.19340974212034384,0.10744985673352435,0.0,4188,2,1,0,250000,700000,4,905000.0
24.0,7,0.7407407407407407,0.0,0.0,243,0,0,0,100000,100000,4,905000.0
23.0,6,0.0,0.0,0.0,132,60,8,0,2000000,2000000,4,905000.0
24.0,60,0.1895734597156398,0.04739336492890995,0.0,3798,11,1,0,1800000,1800000,4,905000.0
17.0,27,0.2868525896414343,0.0,0.0,1255,0,0,0,900000,900000,4,905000.0
36.0,42,0.1761252446183953,0.1761252446183953,0.0,2044,430,70,1,600000,7000000,4,905000.0
36.0,40,0.18471010774756286,0.0,0.0,1949,262,38,0,500000,1750000,4,905000.0
32.0,79,0.0,0.0,1.2135991966719266,6971,46,7,2,9000000,25000000,1,10078260.869565217
35.0,40,0.0,0.0,1.097872340425532,3525,198,3,0,400000,4000000,1,10078260.869565217
21.0,15,0.0,0.0,1.2666666666666666,1350,0,0,0,200000,250000,1,10078260.869565217
20.0,70,0.04405286343612335,0.0,0.0,6129,6,1,0,20000000,20000000,2,10078260.869565217
22.0,46,0.0,0.0,0.0,3309,158,28,0,7000000,7000000,2,10078260.869565217
33.0,56,0.01891153603698256,0.0,0.0,4759,458,66,13,3000000,20000000,2,10078260.869565217
34.0,35,0.0,0.03992901508429459,0.0,2254,201,22,30,1000000,45000000,2,10078260.869565217
30.0,68,0.07898200965335674,0.17770952172005267,0.0,4558,91,15,9,9000000,35000000,2,10078260.869565217
29.0,33,0.0,0.045871559633027525,0.0,1962,39,7,0,1200000,1500000,2,10078260.869565217
20.0,60,0.022244191794364803,0.13346515076618884,0.0,4046,110,18,0,25000000,25000000,2,10078260.869565217
18.0,44,0.0,0.08637236084452975,0.0,3126,0,0,1,8000000,8000000,2,10078260.869565217
20.0,69,0.018,0.054,0.0,5000,10,1,0,10000000,10000000,3,10078260.869565217
31.0,71,0.018572018159306643,0.018572018159306643,0.0,4846,65,11,1,6000000,25000000,3,10078260.869565217
23.0,79,0.061037639877924724,0.12207527975584945,0.0,5898,63,9,0,25000000,25000000,3,10078260.869565217
24.0,63,0.22234422179522373,0.12352456766401318,0.0,3643,100,19,1,15000000,55000000,3,10078260.869565217
28.0,56,0.08009492732126965,0.13349154553544942,0.0,3371,379,58,16,14000000,45000000,3,10078260.869565217
19.0,33,0.28885832187070154,0.12379642365887207,0.0,2181,0,0,0,2000000,2000000,3,10078260.869565217
19.0,61,0.19855026788528207,0.2836432398361172,0.0,3173,89,17,0,27000000,27000000,3,10078260.869565217
23.0,11,0.18072289156626506,0.18072289156626506,0.0,498,0,0,0,6000000,6000000,4,10078260.869565217
26.0,64,0.6,0.144,0.0,3750,300,47,10,15000000,50000000,4,10078260.869565217
32.0,75,0.6284204566899415,0.2207963766748443,0.0,5299,221,35,8,12000000,70000000,4,10078260.869565217
22.0,51,0.27153044432254525,0.1974766867800329,0.0,3646,0,0,2,9000000,9000000,4,10078260.869565217
20.0,62,0.22926691197282761,0.3821115199547127,0.0,3533,0,0,0,7000000,7000000,4,10078260.869565217
21.0,67,0.0,0.0,1.0746268656716418,6030,67,8,1,10000000,10000000,1,9604347.826086957
35.0,44,0.0,0.0,2.340909090909091,3960,61,10,2,1500000,8000000,1,9604347.826086957
26.0,4,0.0,0.0,2.0,360,0,0,0,400000,1200000,1,9604347.826086957
23.0,64,0.0343380389164441,0.0343380389164441,0.0,5242,98,11,3,16000000,16000000,2,9604347.826086957
17.0,33,0.0,0.041077133728890915,0.0,2191,0,0,0,8000000,8000000,2,9604347.826086957
23.0,57,0.11292346298619825,0.0,0.0,4782,0,0,0,2500000,2500000,2,9604347.826086957
39.0,82,0.012612107623318386,0.012612107623318386,0.0,7136,145,26,5,700000,7000000,2,9604347.826086957
24.0,58,0.0,0.0,0.0,2824,285,36,0,5000000,6000000,2,9604347.826086957
33.0,46,0.056214865708931916,0.1967520299812617,0.0,3202,509,73,14,3000000,19000000,2,9604347.826086957
22.0,64,0.07065750736015702,0.0,0.0,5095,147,22,0,8000000,8000000,2,9604347.826086957
32.0,79,0.026869682042095836,0.026869682042095836,0.0,6699,6,1,3,10000000,15000000,3,9604347.826086957
33.0,48,0.033112582781456956,0.033112582781456956,0.0,2718,321,49,1,1800000,5000000,3,9604347.826086957
29.0,46,0.10135135135135136,0.10135135135135136,0.0,2664,513,69,9,14000000,30000000,3,9604347.826086957
19.0,34,0.0,0.05151688609044076,0.0,1747,0,0,0,3000000,3000000,3,9604347.826086957
22.0,69,0.10693916349809886,0.17110266159695817,0.0,4208,25,3,2,13000000,13000000,3,9604347.826086957
33.0,58,0.21753460777851022,0.35596572181938035,0.0,4551,630,80,1,5000000,14000000,3,9604347.826086957
27.0,74,0.10575793184488837,0.16619103575625316,0.0,5957,74,6,2,20000000,25000000,4,9604347.826086957
20.0,59,0.513405590416429,0.0513405590416429,0.0,1753,0,0,0,4000000,4000000,4,9604347.826086957
23.0,67,0.047021943573667714,0.164576802507837,0.0,3828,488,57,8,12000000,15000000,4,9604347.826086957
26.0,45,0.16959798994974876,0.16959798994974876,0.0,1592,214,35,1,8000000,10000000,4,9604347.826086957
24.0,54,0.3253012048192771,0.43373493975903615,0.0,2490,180,40,1,7000000,7000000,4,9604347.826086957
23.0,88,0.5724381625441696,0.03816254416961131,0.0,7075,13,3,4,60000000,60000000,4,9604347.826086957
24.0,62,0.5375668028921723,0.16975793775542283,0.0,3181,0,0,1,8000000,12000000,4,9604347.826086957
23.0,43,0.0,0.0,1.0,3870,0,0,0,5000000,5000000,1,3804000.0
27.0,44,0.0,0.0,1.1264367816091954,3915,148,16,0,700000,700000,1,3804000.0
42.0,0,,,,0,206,28,0,150000,2800000,1,3804000.0
22.0,30,0.0,0.0,1.5,2700,101,10,0,100000,100000,1,3804000.0
25.0,69,0.07880910683012259,0.047285464098073555,0.0,5710,0,0,1,6000000,6000000,2,3804000.0
20.0,22,0.0,0.0,0.0,1731,0,0,0,1500000,1500000,2,3804000.0
35.0,77,0.03961848862802641,0.02641232575201761,0.0,6815,22,4,0,800000,2500000,2,3804000.0
24.0,51,0.0,0.024330900243309004,0.0,3699,113,16,0,2500000,2500000,2,3804000.0
28.0,55,0.020552637588490522,0.020552637588490522,0.0,4379,261,31,2,4500000,6000000,2,3804000.0
23.0,49,0.03091721058055651,0.03091721058055651,0.0,2911,60,10,0,3000000,5000000,2,3804000.0
25.0,64,0.0,0.0,0.0,5411,280,37,3,6000000,7000000,3,3804000.0
26.0,60,0.227033844860206,0.09459743535841918,0.0,4757,64,8,0,5000000,5000000,3,3804000.0
23.0,52,0.216,0.036,0.0,2500,150,26,4,4500000,7000000,3,3804000.0
21.0,60,0.0,0.026817640047675805,0.0,3356,0,0,0,3000000,3000000,3,3804000.0
17.0,29,0.0,0.04843918191603875,0.0,1858,0,0,1,150000,150000,3,3804000.0
20.0,53,0.3184303634609199,0.17368928916050178,0.0,3109,25,3,0,2500000,2500000,3,3804000.0
18.0,46,0.02555366269165247,0.02555366269165247,0.0,3522,0,0,0,150000,150000,3,3804000.0
28.0,36,0.11180124223602485,0.391304347826087,0.0,1610,568,72,3,4000000,6000000,4,3804000.0
24.0,33,0.2073732718894009,0.06912442396313365,0.0,1302,465,58,0,1750000,9000000,4,3804000.0
23.0,54,0.0,0.11558219178082192,0.0,2336,36,6,1,1500000,4000000,4,3804000.0
30.0,86,0.18054162487462388,0.33529158905287293,0.0,6979,43,8,3,10000000,10000000,4,3804000.0
23.0,65,0.17568321249302846,0.2509760178471835,0.0,3586,0,0,0,5000000,5000000,4,3804000.0
21.0,77,0.6574141709276844,0.13148283418553688,0.0,5476,10,2,0,25000000,25000000,4,3804000.0
25.0,39,0.27993779160186627,0.18662519440124417,0.0,1929,465,55,5,1500000,3000000,4,3804000.0
22.0,14,0.3711340206185567,0.0,0.0,485,35,8,0,800000,800000,4,3804000.0
31.0,77,0.0,0.0,1.331896551724138,6960,189,20,5,8000000,8000000,1,3790384.6153846155
40.0,2,0.0,0.0,0.0,180,35,7,2,200000,3000000,1,3790384.6153846155
22.0,14,0.0,0.0,0.9300476947535771,1258,0,0,0,100000,150000,1,3790384.6153846155
18.0,11,0.0,0.0,1.0,990,0,0,0,100000,100000,1,3790384.6153846155
28.0,64,0.016195789094835343,0.016195789094835343,0.0,5557,355,44,1,8000000,10000000,2,3790384.6153846155
26.0,56,0.018860016764459347,0.037720033528918694,0.0,4772,186,30,1,6500000,7500000,2,3790384.6153846155
24.0,60,0.020107238605898123,0.020107238605898123,0.0,4476,0,0,0,3500000,5000000,2,3790384.6153846155
19.0,43,0.05577936163619461,0.027889680818097305,0.0,3227,68,9,0,3000000,3000000,2,3790384.6153846155
33.0,39,0.03072721065209969,0.03072721065209969,0.0,2929,478,64,0,1200000,5000000,2,3790384.6153846155
19.0,23,0.0,0.0,0.0,1888,0,0,0,250000,250000,2,3790384.6153846155
28.0,65,0.04665629860031104,0.1166407465007776,0.0,3858,46,7,8,3000000,4000000,2,3790384.6153846155
31.0,46,0.0,0.10616337363609554,0.0,3391,0,0,0,1500000,2000000,2,3790384.6153846155
24.0,27,0.0,0.06726457399103139,0.0,1338,218,33,9,5000000,18000000,2,3790384.6153846155
28.0,57,0.019929140832595216,0.1195748449955713,0.0,4516,170,18,0,5000000,9000000,2,3790384.6153846155
25.0,63,0.04792332268370607,0.19169329073482427,0.0,3756,0,0,1,8000000,8000000,3,3790384.6153846155
19.0,44,0.16981132075471697,0.06792452830188679,0.0,2650,0,0,0,4000000,4000000,3,3790384.6153846155
29.0,56,0.15177065767284992,0.07588532883642496,0.0,2372,110,22,0,3000000,10000000,3,3790384.6153846155
24.0,69,0.07377049180327869,0.2028688524590164,0.0,4880,58,8,0,10000000,10000000,3,3790384.6153846155
28.0,33,0.09249743062692703,0.13874614594039056,0.0,1946,337,42,0,6000000,28000000,3,3790384.6153846155
29.0,64,0.02195121951219512,0.02195121951219512,0.0,4100,370,46,1,3500000,4000000,3,3790384.6153846155
35.0,64,0.02340702210663199,0.07022106631989597,0.0,3845,21,3,1,600000,2000000,3,3790384.6153846155
21.0,4,1.1538461538461537,0.0,0.0,78,63,10,0,700000,700000,3,3790384.6153846155
21.0,18,0.13595166163141995,0.4078549848942598,0.0,662,0,0,0,400000,400000,3,3790384.6153846155
27.0,71,0.6168344399228957,0.05782822874277147,0.0,4669,0,0,1,14000000,15000000,4,3790384.6153846155
36.0,72,0.3806301543666737,0.09515753859166842,0.0,4729,242,38,6,1500000,25000000,4,3790384.6153846155
27.0,37,0.3287671232876712,0.0,0.0,1095,333,40,1,1500000,7000000,4,3790384.6153846155
24.0,72,0.0,0.0,1.0432766615146831,6470,115,14,6,50000000,65000000,1,32687037.037037037
29.0,16,0.0,0.0,2.0335276967930027,1372,35,7,10,4000000,20000000,1,32687037.037037037
32.0,2,0.0,0.0,0.0,17,307,53,5,400000,1500000,1,32687037.037037037
20.0,20,0.0,0.0,0.9644670050761421,1773,0,0,0,150000,150000,1,32687037.037037037
29.0,84,0.08718516468308884,0.012455023526155549,0.0,7226,163,34,31,70000000,75000000,2,32687037.037037037
27.0,56,0.019955654101995565,0.0,0.0,4510,486,62,24,35000000,40000000,2,32687037.037037037
18.0,28,0.059366754617414245,0.0,0.0,1516,0,0,3,7000000,7000000,2,32687037.037037037
37.0,58,0.09909711517286941,0.0,0.0,4541,454,74,29,6000000,50000000,2,32687037.037037037
20.0,72,0.03745318352059925,0.18726591760299627,0.0,4806,194,25,6,65000000,65000000,2,32687037.037037037
30.0,52,0.029517874713020663,0.14758937356510332,0.0,3049,592,103,18,12000000,20000000,2,32687037.037037037
17.0,0,,,,0,0,0,0,0,0,2,32687037.037037037
24.0,80,0.11758941695247428,0.16168544830965212,0.0,6123,116,15,11,70000000,70000000,2,32687037.037037037
25.0,63,0.04704652378463147,0.16466283324621014,0.0,3826,172,25,3,20000000,25000000,2,32687037.037037037
20.0,34,0.09513742071881606,0.09513742071881606,0.0,1892,275,45,3,5000000,7000000,2,32687037.037037037
31.0,81,0.11140583554376658,0.0,0.0,5655,354,48,10,12000000,30000000,3,32687037.037037037
30.0,70,0.03210272873194221,0.03210272873194221,0.0,5607,230,39,33,50000000,75000000,3,32687037.037037037
23.0,95,0.08150943396226415,0.12226415094339622,0.0,6625,33,4,8,42000000,45000000,3,32687037.037037037
27.0,75,0.1594488188976378,0.12401574803149606,0.0,5080,195,34,4,38000000,60000000,3,32687037.037037037
26.0,76,0.3623649078194533,0.15257469802924348,0.0,4719,181,30,3,30000000,50000000,3,32687037.037037037
25.0,59,0.08648302370275464,0.1441383728379244,0.0,3122,342,58,16,20000000,30000000,3,32687037.037037037
17.0,41,0.13782542113323124,0.045941807044410414,0.0,1959,0,0,2,18000000,18000000,3,32687037.037037037
19.0,26,0.5650224215246636,0.16143497757847533,0.0,1115,15,0,2,5000000,5000000,3,32687037.037037037
31.0,57,0.5756929637526652,0.4605543710021322,0.0,4690,419,67,35,70000000,180000000,4,32687037.037037037
35.0,75,0.4286372714702719,0.4701182977415886,0.0,6509,167,30,92,45000000,180000000,4,32687037.037037037
24.0,89,0.9630818619582665,0.4333868378812199,0.0,7476,139,23,37,180000000,200000000,4,32687037.037037037
20.0,59,0.4410220511025551,0.28351417570878545,0.0,2857,68,10,1,25000000,28000000,4,32687037.037037037
18.0,9,0.9618320610687023,0.2748091603053435,0.0,655,0,0,1,3000000,3000000,4,32687037.037037037
31.0,45,0.0,0.0,1.1304347826086956,4140,241,30,3,4000000,10000000,1,3737931.0344827585
30.0,41,0.0,0.0,0.9512195121951219,3690,16,0,0,650000,650000,1,3737931.0344827585
20.0,36,0.0,0.0,1.3055555555555556,3240,152,28,0,500000,500000,1,3737931.0344827585
18.0,49,0.0,0.0,0.9860762383017576,4381,0,0,2,300000,300000,1,3737931.0344827585
23.0,24,0.0,0.0,0.0,1446,863,113,3,6000000,18000000,2,3737931.0344827585
26.0,94,0.0,0.0713813615333774,0.0,7565,370,31,0,3500000,3500000,2,3737931.0344827585
24.0,81,0.06574141709276844,0.0,0.0,5476,160,28,0,3000000,3000000,2,3737931.0344827585
31.0,59,0.017188693659281894,0.017188693659281894,0.0,5236,425,67,1,2200000,11500000,2,3737931.0344827585
19.0,73,0.0664819944598338,0.04986149584487535,0.0,5415,78,15,1,1500000,1500000,2,3737931.0344827585
18.0,78,0.026865671641791045,0.04029850746268657,0.0,6700,0,0,2,1300000,1300000,2,3737931.0344827585
19.0,85,0.05453719133464627,0.1227086805029541,0.0,6601,0,0,0,10000000,10000000,2,3737931.0344827585
25.0,66,0.1605231866825208,0.0,0.0,3364,51,9,2,1500000,1500000,2,3737931.0344827585
22.0,97,0.060630557801131774,0.206143896523848,0.0,7422,62,4,0,6000000,6000000,2,3737931.0344827585
31.0,99,0.05369287674501849,0.0966471781410333,0.0,8381,328,53,3,3000000,11000000,3,3737931.0344827585
24.0,101,0.17035527082119978,0.17035527082119978,0.0,6868,11,1,0,8000000,8000000,3,3737931.0344827585
26.0,70,0.02271580010095911,0.06814740030287733,0.0,3962,253,39,1,3500000,15000000,3,3737931.0344827585
20.0,71,0.22595596755504055,0.06952491309385864,0.0,5178,0,0,0,550000,550000,3,3737931.0344827585
24.0,24,0.09814612868047982,0.09814612868047982,0.0,917,347,39,1,6000000,6000000,3,3737931.0344827585
25.0,83,0.32364399160922985,0.10788133053640996,0.0,6674,209,40,6,4000000,4000000,3,3737931.0344827585
23.0,75,0.16605166051660517,0.1992619926199262,0.0,5420,0,0,0,3500000,3500000,3,3737931.0344827585
19.0,78,0.16076648262422866,0.08769080870412471,0.0,6158,0,0,2,650000,650000,3,3737931.0344827585
24.0,84,0.440668202764977,0.31105990783410137,0.0,6944,155,28,1,16000000,16000000,4,3737931.0344827585
19.0,83,0.2112262859378056,0.2112262859378056,0.0,5113,0,0,1,2000000,2000000,4,3737931.0344827585
24.0,78,0.32961544864324954,0.17979024471449975,0.0,6007,99,6,2,6000000,6000000,4,3737931.0344827585
20.0,50,0.3356121814791796,0.05593536357986327,0.0,1609,0,0,1,1300000,1300000,4,3737931.0344827585
24.0,91,0.5905848787446505,0.26961483594864477,0.0,7010,107,19,0,12000000,12000000,4,3737931.0344827585
20.0,59,0.4806786050895382,0.08482563619227144,0.0,3183,125,22,0,650000,650000,4,3737931.0344827585
19.0,72,0.7950116913484022,0.1636788776305534,0.0,3849,0,0,3,500000,500000,4,3737931.0344827585
19.0,82,0.4785415875427269,0.17090770983668818,0.0,5266,0,0,2,300000,300000,4,3737931.0344827585
32.0,78,0.0,0.0,0.8808510638297873,7050,238,38,1,2500000,3500000,1,1826041.6666666667
36.0,1,0.0,0.0,0.0,90,302,26,3,300000,5000000,1,1826041.6666666667
23.0,5,0.0,0.0,1.6875,480,0,0,2,75000,100000,1,1826041.6666666667
20.0,22,0.0,0.0,1.5,1980,0,0,0,25000,25000,1,1826041.6666666667
22.0,61,0.04215456674473068,0.0,0.0,4270,169,20,0,4500000,4500000,2,1826041.6666666667
29.0,75,0.1119751166407465,0.041990668740279936,0.0,6430,441,50,0,2000000,2000000,2,1826041.6666666667
26.0,56,0.027906976744186046,0.027906976744186046,0.0,3225,309,34,0,1100000,1300000,2,1826041.6666666667
20.0,24,0.0,0.0,0.0,1427,14,1,0,300000,300000,2,1826041.6666666667
25.0,71,0.045902754165249915,0.22951377082624957,0.0,5882,126,12,0,4000000,4000000,2,1826041.6666666667
21.0,39,0.040017785682525564,0.040017785682525564,0.0,2249,581,68,4,500000,500000,2,1826041.6666666667
29.0,64,0.2348925918490263,0.12648062638024493,0.0,4981,99,5,5,3000000,5000000,2,1826041.6666666667
25.0,49,0.04943696786597089,0.12359241966492722,0.0,3641,0,0,2,1500000,1500000,2,1826041.6666666667
25.0,75,0.08438818565400844,0.08438818565400844,0.0,6399,23,2,0,7000000,7000000,3,1826041.6666666667
23.0,53,0.04184100418410042,0.08368200836820083,0.0,4302,318,42,1,4000000,4000000,3,1826041.6666666667
36.0,23,0.0,0.0,0.0,947,767,86,5,200000,5500000,3,1826041.6666666667
21.0,65,0.02156205079060853,0.1509343555342597,0.0,4174,67,9,1,1200000,1200000,3,1826041.6666666667
25.0,77,0.16706886950064972,0.10024132170038982,0.0,5387,21,4,5,2000000,8000000,3,1826041.6666666667
21.0,80,0.43156843156843155,0.14385614385614387,0.0,5005,61,6,0,925000,925000,3,1826041.6666666667
29.0,71,0.24971098265895952,0.20809248554913296,0.0,4325,698,71,9,2000000,6000000,4,1826041.6666666667
25.0,61,0.40689460299519636,0.3560327776207968,0.0,3539,707,78,5,4000000,4000000,4,1826041.6666666667
21.0,59,0.16310257339615802,0.13048205871692642,0.0,2759,122,10,0,700000,1000000,4,1826041.6666666667
21.0,33,0.0,0.19438444924406048,0.0,463,45,5,0,400000,1000000,4,1826041.6666666667
34.0,79,0.39755351681957185,0.22935779816513763,0.0,5886,560,80,3,800000,10500000,4,1826041.6666666667
21.0,59,0.5258033106134372,0.21908471275559882,0.0,2054,37,5,2,800000,1100000,4,1826041.6666666667
23.0,39,0.0,0.0,1.2625250501002003,3493,78,9,2,2000000,2800000,1,1416964.2857142857
24.0,34,0.0,0.0,1.3879369431117203,2918,196,24,4,600000,2000000,1,1416964.2857142857
21.0,21,0.0,0.0,1.471251409244645,1774,203,31,4,350000,350000,1,1416964.2857142857
27.0,32,0.0,0.0,1.8319763138415988,2702,72,7,2,300000,600000,1,1416964.2857142857
19.0,14,0.0,0.0,1.5,1260,0,0,0,25000,25000,1,1416964.2857142857
20.0,69,0.24169184290030213,0.015105740181268883,0.0,5958,0,0,0,2000000,2000000,2,1416964.2857142857
23.0,70,0.044902710793281224,0.044902710793281224,0.0,6013,27,3,0,1800000,1800000,2,1416964.2857142857
22.0,63,0.08514664143803216,0.0,0.0,3171,10,3,3,600000,600000,2,1416964.2857142857
20.0,41,0.03374578177727784,0.0,0.0,2667,23,4,0,600000,600000,2,1416964.2857142857
31.0,41,0.0,0.0,0.0,1721,56,5,2,400000,1700000,2,1416964.2857142857
31.0,16,0.0,0.0,0.0,1144,31,5,5,400000,4500000,2,1416964.2857142857
27.0,73,0.11143785791673115,0.2228757158334623,0.0,6461,285,30,0,2000000,2500000,2,1416964.2857142857
30.0,23,0.0,0.18255578093306288,0.0,986,419,67,4,2000000,5000000,2,1416964.2857142857
26.0,66,0.03297307199120718,0.11540575196922513,0.0,5459,0,0,0,1800000,1800000,2,1416964.2857142857
22.0,37,0.0,0.07544006705783739,0.0,1193,16,3,0,250000,250000,2,1416964.2857142857
19.0,59,0.12486126526082131,0.24972253052164262,0.0,3604,208,18,1,8000000,10000000,3,1416964.2857142857
27.0,77,0.13406822583047817,0.10725458066438254,0.0,6713,243,29,4,2500000,3000000,3,1416964.2857142857
27.0,81,0.083929126515387,0.013988187752564501,0.0,6434,81,14,0,2000000,2000000,3,1416964.2857142857
30.0,55,0.12770485987938984,0.15963107484923733,0.0,2819,1456,191,7,1400000,12000000,3,1416964.2857142857
24.0,37,0.0,0.04411764705882353,0.0,2040,39,8,1,1200000,2000000,3,1416964.2857142857
31.0,18,0.14705882352941177,0.14705882352941177,0.0,612,449,47,4,700000,17000000,3,1416964.2857142857
19.0,62,0.5439435910350038,0.22664316293125158,0.0,3971,4,1,1,3000000,3000000,3,1416964.2857142857
19.0,40,0.12036108324974924,0.0,0.0,2991,0,0,0,100000,100000,4,1416964.2857142857
21.0,58,0.24046635899927132,0.24046635899927132,0.0,4117,70,13,0,1800000,1800000,4,1416964.2857142857
19.0,42,0.30861551650235747,0.03857693956279468,0.0,2333,0,0,0,25000,25000,4,1416964.2857142857
21.0,38,0.2461706783369803,0.04923413566739606,0.0,1828,258,28,0,3000000,5000000,4,1416964.2857142857
19.0,26,0.36108324974924777,0.18054162487462388,0.0,997,339,37,1,800000,1000000,4,1416964.2857142857
21.0,43,0.7721345229924502,0.03088538091969801,0.0,2914,0,0,0,25000,25000,4,1416964.2857142857
26.0,30,0.0,0.0,2.0,2700,244,25,2,800000,1500000,1,1177586.2068965517
29.0,44,0.0,0.0,1.6050659085034893,3869,377,51,5,500000,600000,1,1177586.2068965517
23.0,16,0.0,0.0,2.001482579688658,1349,43,6,2,25000,25000,1,1177586.2068965517
24.0,32,0.0,0.0,0.0,2252,370,48,0,4000000,5000000,2,1177586.2068965517
24.0,33,0.0,0.0,0.0,2783,616,70,0,1300000,1300000,2,1177586.2068965517
18.0,48,0.02324380165289256,0.06973140495867769,0.0,3872,111,10,0,1000000,1000000,2,1177586.2068965517
25.0,34,0.0,0.0,0.0,2554,92,18,1,600000,600000,2,1177586.2068965517
21.0,41,0.0,0.02862595419847328,0.0,3144,175,21,3,500000,500000,2,1177586.2068965517
18.0,49,0.04399902224395014,0.0,0.0,4091,54,5,1,0,0,2,1177586.2068965517
29.0,33,0.0,0.0,0.0,2149,859,87,8,800000,10000000,2,1177586.2068965517
21.0,34,0.0,0.032246506628448586,0.0,2791,0,0,0,600000,800000,2,1177586.2068965517
22.0,49,0.058045791680103195,0.0,0.0,3101,277,36,5,600000,700000,2,1177586.2068965517
26.0,48,0.07177033492822966,0.14354066985645933,0.0,2508,80,11,4,500000,1000000,2,1177586.2068965517
26.0,57,0.06020066889632107,0.0802675585284281,0.0,4485,136,17,0,1500000,1500000,3,1177586.2068965517
30.0,43,0.03787878787878788,0.0,0.0,2376,24,5,0,450000,1500000,3,1177586.2068965517
21.0,38,0.0,0.0,0.0,1642,85,6,0,350000,350000,3,1177586.2068965517
22.0,18,0.12219959266802444,0.12219959266802444,0.0,1473,0,0,0,2300000,2300000,3,1177586.2068965517
20.0,12,0.0,0.0,0.0,431,179,22,1,1000000,1200000,3,1177586.2068965517
18.0,54,0.12445263885687946,0.0,0.0,4339,0,0,0,25000,25000,3,1177586.2068965517
20.0,63,0.03722084367245657,0.13027295285359802,0.0,4836,66,9,1,2500000,3000000,3,1177586.2068965517
24.0,37,0.048701298701298704,0.2435064935064935,0.0,1848,163,20,1,1000000,2000000,3,1177586.2068965517
19.0,42,0.20970873786407768,0.06990291262135923,0.0,2575,26,5,1,400000,400000,3,1177586.2068965517
20.0,41,0.0,0.12628624883068287,0.0,2138,225,25,0,1200000,2000000,4,1177586.2068965517
25.0,59,0.0,0.127208480565371,0.0,4245,120,15,1,550000,550000,4,1177586.2068965517
21.0,58,0.2994011976047904,0.08982035928143713,0.0,3006,28,4,0,700000,1000000,4,1177586.2068965517
20.0,47,0.33550792171481825,0.05591798695246971,0.0,3219,2,1,2,9000000,10000000,4,1177586.2068965517
24.0,57,0.17723513194170934,0.17723513194170934,0.0,2539,282,25,2,1200000,4000000,4,1177586.2068965517
29.0,62,0.44450900639163277,0.1568855316676351,0.0,3442,121,23,3,600000,2000000,4,1177586.2068965517
19.0,51,0.7457827759692217,0.053270198283515834,0.0,3379,0,0,0,150000,150000,4,1177586.2068965517
23.0,36,0.0,0.0,1.6944444444444444,3240,135,14,2,1500000,1500000,1,866346.1538461539
26.0,38,0.0,0.0,2.0526315789473686,3420,546,58,1,600000,750000,1,866346.1538461539
21.0,0,,,,0,0,0,0,50000,50000,1,866346.1538461539
22.0,59,0.05443548387096774,0.0,0.0,4960,0,0,4,2000000,2000000,2,866346.1538461539
22.0,39,0.0,0.0,0.0,3099,0,0,0,800000,1200000,2,866346.1538461539
34.0,36,0.061601642710472276,0.0,0.0,2922,415,58,6,450000,6000000,2,866346.1538461539
32.0,23,0.0,0.0,0.0,1405,227,24,1,300000,350000,2,866346.1538461539
25.0,56,0.059800664451827246,0.03986710963455149,0.0,4515,96,12,0,900000,1000000,2,866346.1538461539
22.0,50,0.029201817001946788,0.0,0.0,3082,76,9,1,800000,1200000,2,866346.1538461539
33.0,34,0.0,0.0,0.0,2648,434,54,0,700000,3000000,2,866346.1538461539
33.0,54,0.0,0.06635536986974687,0.0,4069,111,16,8,500000,4000000,2,866346.1538461539
24.0,30,0.04838709677419355,0.04838709677419355,0.0,1860,62,7,0,175000,225000,2,866346.1538461539
26.0,62,0.0,0.02225519287833828,0.0,4044,460,50,2,1100000,1100000,3,866346.1538461539
25.0,53,0.0803810657933909,0.0803810657933909,0.0,3359,124,17,1,2600000,3500000,3,866346.1538461539
30.0,40,0.11088295687885011,0.03696098562628337,0.0,2435,214,37,5,1000000,14000000,3,866346.1538461539
23.0,60,0.042563253724284704,0.06384488058642705,0.0,4229,52,11,0,750000,1500000,3,866346.1538461539
25.0,44,0.03657049979683056,0.03657049979683056,0.0,2461,366,44,3,650000,650000,3,866346.1538461539
22.0,14,0.0,0.0,0.0,516,7,1,0,200000,225000,3,866346.1538461539
26.0,67,0.30490235153447587,0.10761259465922679,0.0,5018,121,5,0,2500000,5000000,4,866346.1538461539
21.0,20,0.0,0.0,0.0,454,0,0,1,800000,1000000,4,866346.1538461539
22.0,59,0.16338174273858921,0.32676348547717843,0.0,3856,163,17,2,1500000,1500000,4,866346.1538461539
23.0,57,0.17899761336515513,0.03579952267303103,0.0,2514,14,3,0,450000,450000,4,866346.1538461539
21.0,11,0.0,0.5202312138728323,0.0,173,0,0,0,50000,100000,4,866346.1538461539
37.0,67,0.27939464493597205,0.15715948777648428,0.0,5154,222,36,17,1000000,18000000,4,866346.1538461539
22.0,65,0.2032520325203252,0.0,0.0,2214,164,9,0,700000,2500000,4,866346.1538461539
31.0,39,0.43541364296081275,0.08708272859216255,0.0,2067,129,18,0,450000,1000000,4,866346.1538461539
34.0,49,0.0,0.0,1.4937759336099585,4338,387,62,9,3000000,20000000,1,802777.7777777778
29.0,39,0.0,0.0,1.5254237288135593,3540,279,28,1,600000,900000,1,802777.7777777778
20.0,21,0.0,0.0,1.6666666666666667,1890,152,22,0,75000,75000,1,802777.7777777778
21.0,25,0.0,0.0,1.72,2250,0,0,0,25000,25000,1,802777.7777777778
26.0,27,0.0,0.09863013698630137,0.0,1825,1056,143,4,2000000,4500000,2,802777.7777777778
28.0,67,0.045871559633027525,0.01529051987767584,0.0,5886,4,1,1,850000,850000,2,802777.7777777778
26.0,54,0.04649961250322914,0.06974941875484371,0.0,3871,97,9,1,650000,650000,2,802777.7777777778
20.0,44,0.0,0.0,0.0,3851,0,0,0,25000,25000,2,802777.7777777778
22.0,69,0.046217048955837045,0.06162273194111605,0.0,5842,19,1,0,1400000,1400000,2,802777.7777777778
26.0,47,0.07223113964686999,0.10834670947030497,0.0,2492,132,19,3,800000,2000000,2,802777.7777777778
22.0,71,0.0,0.014231499051233396,0.0,6324,4,1,0,900000,900000,2,802777.7777777778
26.0,21,0.0,0.0,0.0,596,32,6,0,250000,350000,2,802777.7777777778
26.0,26,0.0,0.0,0.0,886,42,2,4,150000,250000,2,802777.7777777778
37.0,69,0.044605980505534444,0.044605980505534444,0.0,6053,145,19,8,300000,7000000,3,802777.7777777778
21.0,61,0.0191042241562301,0.0191042241562301,0.0,4711,56,11,1,2000000,2000000,3,802777.7777777778
21.0,23,0.0,0.13062409288824384,0.0,689,90,8,3,500000,1000000,3,802777.7777777778
21.0,11,0.0,0.0,0.0,419,617,86,0,125000,125000,3,802777.7777777778
17.0,40,0.0812274368231047,0.0,0.0,3324,0,0,0,50000,50000,3,802777.7777777778
29.0,40,0.2141400407885792,0.36709721278042146,0.0,2942,465,62,1,950000,4000000,3,802777.7777777778
26.0,50,0.28560095200317337,0.10710035700119,0.0,2521,155,25,3,700000,800000,3,802777.7777777778
19.0,37,0.10452961672473868,0.0,0.0,2583,19,1,0,25000,25000,3,802777.7777777778
24.0,56,0.18740239458615304,0.07027589796980739,0.0,3842,675,64,0,650000,700000,4,802777.7777777778
20.0,54,0.24277456647398843,0.10404624277456648,0.0,2595,36,1,0,500000,500000,4,802777.7777777778
22.0,69,0.1905311778290993,0.10392609699769054,0.0,5196,31,5,1,1600000,1800000,4,802777.7777777778
22.0,63,0.15866020273248127,0.03966505068312032,0.0,2269,101,5,0,900000,2500000,4,802777.7777777778
25.0,51,0.28311779098217404,0.06291506466270534,0.0,2861,560,54,1,2000000,8000000,4,802777.7777777778
25.0,47,0.6320224719101124,0.25280898876404495,0.0,1424,69,10,0,650000,900000,4,802777.7777777778
27.0,81,0.0,0.0,1.1755102040816328,7350,131,4,1,2000000,2000000,1,755208.3333333334
31.0,24,0.0,0.0,1.6901408450704225,2130,0,0,2,225000,225000,1,755208.3333333334
32.0,4,0.0,0.0,1.5,360,841,74,0,200000,250000,1,755208.3333333334
23.0,19,0.0,0.0,1.894736842105263,1710,106,18,0,100000,100000,1,755208.3333333334
32.0,69,0.06166495375128469,0.0,0.0,5838,355,49,0,400000,550000,2,755208.3333333334
22.0,63,0.0,0.06460875807609476,0.0,2786,44,8,0,400000,400000,2,755208.3333333334
21.0,54,0.0,0.0,0.0,4122,31,4,0,300000,300000,2,755208.3333333334
36.0,66,0.058733956928431585,0.01957798564281053,0.0,4597,125,20,1,200000,850000,2,755208.3333333334
29.0,61,0.05915863277826468,0.13803680981595093,0.0,4564,266,36,0,800000,800000,2,755208.3333333334
35.0,35,0.0,0.048179871520342615,0.0,1868,209,27,2,250000,1000000,2,755208.3333333334
21.0,37,0.03068530514831231,0.0,0.0,2933,623,77,2,700000,700000,2,755208.3333333334
25.0,65,0.019880715705765408,0.019880715705765408,0.0,4527,0,0,0,450000,500000,2,755208.3333333334
24.0,59,0.0,0.0,0.0,3195,0,0,0,200000,200000,3,755208.3333333334
21.0,39,0.11505273250239693,0.028763183125599234,0.0,3129,3,0,0,3000000,3000000,3,755208.3333333334
35.0,50,0.028222013170272814,0.08466603951081844,0.0,3189,377,51,4,300000,10000000,3,755208.3333333334
26.0,67,0.22657795360546665,0.14565725588922857,0.0,5561,49,6,0,2000000,2000000,3,755208.3333333334
28.0,44,0.06864988558352403,0.2745995423340961,0.0,2622,532,61,2,1200000,3000000,3,755208.3333333334
21.0,19,0.09090909090909091,0.09090909090909091,0.0,990,0,0,0,100000,100000,3,755208.3333333334
21.0,54,0.290869916509561,0.16967411796391058,0.0,3713,156,21,0,1300000,1300000,4,755208.3333333334
27.0,75,0.3358805757952728,0.23991469699662343,0.0,5627,79,13,1,1500000,1500000,4,755208.3333333334
22.0,50,0.20774557578866376,0.3462426263144396,0.0,3899,0,0,0,50000,50000,4,755208.3333333334
25.0,40,0.366919044845661,0.1310425160163075,0.0,3434,112,16,0,2000000,2000000,4,755208.3333333334
20.0,34,0.10588235294117647,0.10588235294117647,0.0,1700,20,4,1,400000,400000,4,755208.3333333334
22.0,53,0.4421397379912664,0.12281659388646288,0.0,3664,0,0,0,50000,50000,4,755208.3333333334
23.0,26,0.0,0.0,1.3525118076427651,2329,59,0,4,700000,1000000,1,557500.0
36.0,18,0.0,0.0,2.2777777777777777,1620,645,74,0,350000,3000000,1,557500.0
21.0,3,0.0,0.0,1.0,270,0,0,1,25000,25000,1,557500.0
26.0,63,0.03361972357116175,0.016809861785580874,0.0,5354,33,4,3,550000,550000,2,557500.0
25.0,54,0.0811298076923077,0.0,0.0,3328,192,24,0,550000,555000,2,557500.0
20.0,24,0.0,0.0,0.0,1846,0,0,0,300000,300000,2,557500.0
33.0,47,0.0,0.0,0.0,3454,338,37,1,250000,400000,2,557500.0
21.0,14,0.0,0.0,0.0,550,8,2,0,100000,100000,2,557500.0
23.0,59,0.07071302298173247,0.07071302298173247,0.0,5091,76,6,1,900000,900000,2,557500.0
22.0,10,0.0,0.0,0.0,332,471,48,0,350000,500000,2,557500.0
24.0,19,0.06864988558352403,0.06864988558352403,0.0,1311,37,6,0,200000,250000,2,557500.0
28.0,33,0.0,0.0,0.0,1991,322,33,0,550000,900000,2,557500.0
31.0,59,0.0,0.0,0.0,4490,799,86,4,300000,700000,2,557500.0
25.0,60,0.09497678345293373,0.018995356690586745,0.0,4738,57,8,1,900000,1000000,3,557500.0
22.0,53,0.028391167192429023,0.028391167192429023,0.0,3170,10,2,0,700000,2200000,3,557500.0
25.0,59,0.17701601573475695,0.10115200899128969,0.0,3559,128,22,1,600000,900000,3,557500.0
32.0,33,0.07588532883642496,0.07588532883642496,0.0,2372,158,18,1,300000,2750000,3,557500.0
21.0,4,0.0,0.0,0.0,70,0,0,0,50000,50000,3,557500.0
26.0,39,0.14734774066797643,0.206286836935167,0.0,3054,0,0,1,750000,750000,3,557500.0
30.0,63,0.10186757215619695,0.07640067911714771,0.0,3534,375,50,1,500000,500000,3,557500.0
31.0,43,0.0754084625052367,0.11311269375785504,0.0,2387,89,12,2,500000,1750000,3,557500.0
22.0,48,0.18442622950819673,0.4610655737704918,0.0,1952,95,24,4,3000000,5000000,4,557500.0
29.0,37,0.30612244897959184,0.3673469387755102,0.0,1470,435,34,1,1000000,4500000,4,557500.0
26.0,24,0.14251781472684086,0.0,0.0,1263,325,42,1,800000,1000000,4,557500.0
26.0,62,0.08659397049390635,0.11545862732520847,0.0,3118,92,16,1,450000,500000,4,557500.0
27.0,43,0.26049204052098407,0.06512301013024602,0.0,1382,125,17,1,400000,400000,4,557500.0
22.0,65,0.12461059190031153,0.21806853582554517,0.0,2889,73,9,0,400000,400000,4,557500.0
25.0,55,0.25673534072900156,0.05705229793977813,0.0,3155,171,18,0,600000,1000000,4,557500.0
31.0,13,0.30786773090079816,0.0,0.0,877,188,29,2,500000,3500000,4,557500.0
20.0,23,0.6420927467300832,0.1070154577883472,0.0,841,0,0,0,150000,175000,4,557500.0
26.0,78,0.0,0.0,1.7531636570453577,7033,26,3,0,850000,850000,1,524107.14285714284
28.0,42,0.0,0.0,1.6511500547645126,3652,1169,139,1,275000,300000,1,524107.14285714284
19.0,16,0.0,0.0,1.2857142857142858,1400,0,0,0,125000,175000,1,524107.14285714284
22.0,25,0.04627249357326478,0.04627249357326478,0.0,1945,495,57,3,1000000,4000000,2,524107.14285714284
27.0,75,0.10603829160530191,0.026509572901325478,0.0,6790,60,9,0,700000,700000,2,524107.14285714284
30.0,63,0.0,0.0,0.0,5135,293,33,4,375000,400000,2,524107.14285714284
25.0,36,0.04203643157403083,0.12610929472209248,0.0,2141,635,65,3,375000,1250000,2,524107.14285714284
21.0,41,0.03753127606338615,0.0,0.0,2398,0,0,0,300000,300000,2,524107.14285714284
21.0,32,0.047443331576172906,0.0,0.0,1897,135,11,0,800000,7000000,2,524107.14285714284
21.0,46,0.027124773960216998,0.027124773960216998,0.0,3318,253,40,0,500000,500000,2,524107.14285714284
24.0,80,0.03859899928520372,0.07719799857040743,0.0,6995,196,22,0,500000,500000,2,524107.14285714284
24.0,46,0.0,0.1067193675889328,0.0,2530,142,19,1,300000,300000,2,524107.14285714284
24.0,19,0.0,0.0,0.0,894,333,48,4,600000,5500000,3,524107.14285714284
23.0,71,0.0193631669535284,0.11617900172117039,0.0,4648,21,4,0,600000,700000,3,524107.14285714284
21.0,54,0.0,0.05710659898477157,0.0,3152,76,6,0,400000,400000,3,524107.14285714284
21.0,83,0.08041458184417441,0.2573266619013581,0.0,5596,20,3,0,600000,600000,3,524107.14285714284
29.0,19,0.0,0.0,0.0,949,431,50,2,400000,5500000,3,524107.14285714284
21.0,72,0.09085402786190187,0.054512416717141125,0.0,4953,0,0,1,900000,1700000,3,524107.14285714284
21.0,42,0.2150170648464164,0.09215017064846416,0.0,2930,0,0,0,400000,400000,3,524107.14285714284
25.0,61,0.23746701846965698,0.09498680738786279,0.0,3790,27,2,1,700000,2000000,4,524107.14285714284
21.0,74,0.27607361963190186,0.17568321249302846,0.0,3586,0,0,0,450000,450000,4,524107.14285714284
24.0,40,0.17928286852589642,0.14342629482071714,0.0,2510,217,31,0,325000,325000,4,524107.14285714284
21.0,66,0.3089465779875563,0.3668740613602231,0.0,4661,171,19,0,1500000,1500000,4,524107.14285714284
22.0,69,0.2510460251046025,0.21518230723251644,0.0,5019,107,13,0,600000,600000,4,524107.14285714284
27.0,57,0.3397391901166781,0.12354152367879204,0.0,2914,435,33,2,450000,450000,4,524107.14285714284
31.0,52,0.0,0.0,0.0,2008,364,47,0,300000,2000000,4,524107.14285714284
23.0,56,0.4537121906507791,0.04124656278643447,0.0,2182,284,23,0,250000,250000,4,524107.14285714284
20.0,30,0.11443102352193261,0.0,0.0,1573,0,0,0,100000,100000,4,524107.14285714284
21.0,64,0.0,0.0,1.793018335684062,5672,56,7,3,1000000,1000000,1,446875.0
23.0,28,0.0,0.0,1.9019138755980862,2508,14,2,0,175000,175000,1,446875.0
19.0,39,0.0,0.0,1.8717948717948718,3510,0,0,0,50000,50000,1,446875.0
21.0,58,0.10744130521289295,0.017906884202148827,0.0,5026,160,15,0,1300000,1300000,2,446875.0
26.0,43,0.029469548133595286,0.0,0.0,3054,122,6,0,600000,600000,2,446875.0
27.0,72,0.08574150523975865,0.028580501746586218,0.0,6298,0,0,2,550000,550000,2,446875.0
22.0,33,0.043625787687833255,0.043625787687833255,0.0,2063,63,8,1,300000,300000,2,446875.0
17.0,42,0.0,0.0,0.0,3105,0,0,0,125000,125000,2,446875.0
23.0,40,0.0,0.18020594965675057,0.0,3496,322,42,0,700000,700000,2,446875.0
23.0,39,0.0,0.0,0.0,2490,94,11,0,250000,250000,2,446875.0
23.0,50,0.0,0.0,0.0,3924,130,18,0,400000,400000,2,446875.0
25.0,24,0.06993006993006994,0.06993006993006994,0.0,1287,345,46,1,250000,500000,2,446875.0
20.0,50,0.0,0.06405693950177936,0.0,2810,0,0,0,0,0,2,446875.0
20.0,51,0.049764998617638924,0.07464749792645839,0.0,3617,213,16,0,450000,450000,3,446875.0
25.0,61,0.05859375,0.25390625,0.0,4608,394,63,7,2500000,5000000,3,446875.0
20.0,47,0.0537795040334628,0.29578727218404544,0.0,3347,0,0,0,600000,600000,3,446875.0
23.0,65,0.09557522123893805,0.06371681415929203,0.0,2825,5,0,0,300000,300000,3,446875.0
17.0,43,0.156589821661592,0.156589821661592,0.0,2299,0,0,0,75000,75000,3,446875.0
19.0,50,0.17219387755102042,0.17219387755102042,0.0,3136,0,0,0,75000,75000,3,446875.0
23.0,39,0.1679888007466169,0.1679888007466169,0.0,2143,286,40,0,1000000,2000000,3,446875.0
20.0,62,0.17578125,0.087890625,0.0,4096,68,12,2,700000,700000,3,446875.0
21.0,14,0.0,0.08426966292134831,0.0,1068,0,0,0,75000,75000,3,446875.0
18.0,15,0.27892561983471076,0.09297520661157024,0.0,968,0,0,0,25000,25000,3,446875.0
21.0,46,0.25653206650831356,0.25653206650831356,0.0,2105,21,4,0,350000,350000,4,446875.0
23.0,31,0.25069637883008355,0.10027855153203342,0.0,1795,251,15,0,200000,200000,4,446875.0
23.0,25,0.3032855939342881,0.0,0.0,1187,120,14,0,75000,150000,4,446875.0
33.0,69,0.3192747339377217,0.33701221915648405,0.0,5074,219,31,0,500000,600000,4,446875.0
25.0,34,0.17391304347826086,0.08695652173913043,0.0,2070,55,7,0,350000,1500000,4,446875.0
20.0,58,0.10797840431913618,0.10797840431913618,0.0,3334,0,0,0,25000,25000,4,446875.0
34.0,67,0.5955624756714675,0.2452316076294278,0.0,5138,40,5,5,600000,900000,4,446875.0
32.0,63,0.31758957654723124,0.0,0.0,3684,475,45,3,500000,1500000,4,446875.0
18.0,48,0.35734543391945545,0.05104934770277935,0.0,1763,121,15,0,200000,200000,4,446875.0
27.0,63,0.0,0.0,1.5714285714285714,5670,123,16,0,800000,800000,1,488392.85714285716
26.0,5,0.0,0.0,2.8,450,216,29,2,300000,1000000,1,488392.85714285716
26.0,0,,,,0,0,0,0,100000,150000,1,488392.85714285716
22.0,2,0.0,0.0,2.0,180,0,0,0,25000,25000,1,488392.85714285716
22.0,58,0.0,0.036923076923076927,0.0,4875,0,0,0,900000,900000,2,488392.85714285716
27.0,47,0.08269525267993874,0.0,0.0,3265,245,27,1,550000,900000,2,488392.85714285716
29.0,66,0.016381507098653075,0.0,0.0,5494,21,1,1,450000,500000,2,488392.85714285716
28.0,19,0.0,0.0,0.0,1128,77,10,0,175000,300000,2,488392.85714285716
36.0,12,0.0,0.0,0.0,356,180,23,1,125000,500000,2,488392.85714285716
22.0,46,0.05687203791469194,0.05687203791469194,0.0,3165,47,6,0,550000,550000,2,488392.85714285716
23.0,28,0.0,0.0,0.0,1043,126,14,0,250000,250000,2,488392.85714285716
25.0,75,0.028445006321112517,0.09955752212389381,0.0,6328,8,2,1,700000,700000,2,488392.85714285716
28.0,61,0.053763440860215055,0.10752688172043011,0.0,3348,9,1,0,400000,550000,2,488392.85714285716
34.0,68,0.0322754168908015,0.0322754168908015,0.0,5577,111,23,8,350000,8500000,3,488392.85714285716
23.0,41,0.032490974729241874,0.0,0.0,2770,43,6,0,350000,425000,3,488392.85714285716
27.0,54,0.04691164972634871,0.07036747458952307,0.0,3837,189,30,2,700000,1000000,3,488392.85714285716
23.0,50,0.05398920215956809,0.0,0.0,1667,123,15,0,450000,450000,3,488392.85714285716
22.0,57,0.08706868752015479,0.08706868752015479,0.0,3101,20,3,0,450000,450000,3,488392.85714285716
23.0,13,0.0,0.0,0.0,428,143,18,0,75000,75000,3,488392.85714285716
30.0,46,0.18292682926829268,0.18292682926829268,0.0,2460,0,0,0,500000,3000000,3,488392.85714285716
18.0,12,0.45685279187817257,0.30456852791878175,0.0,591,0,0,0,400000,400000,3,488392.85714285716
27.0,19,0.37267080745341613,0.0,0.0,483,1058,131,0,350000,4000000,4,488392.85714285716
32.0,56,0.2625,0.2625,0.0,2400,334,40,5,500000,3000000,4,488392.85714285716
23.0,49,0.532302092811647,0.0818926296633303,0.0,2198,44,8,0,350000,350000,4,488392.85714285716
22.0,67,0.20270270270270271,0.11583011583011583,0.0,3108,19,2,0,1700000,5000000,4,488392.85714285716
31.0,65,0.22896601853534435,0.22896601853534435,0.0,5503,104,14,0,1200000,3000000,4,488392.85714285716
20.0,39,0.45313710302091403,0.139426800929512,0.0,2582,102,14,0,600000,600000,4,488392.85714285716
34.0,59,0.4808362369337979,0.1254355400696864,0.0,4305,142,16,4,375000,3000000,4,488392.85714285716
28.0,51,0.0,0.0,1.3141592920353982,4520,263,36,5,600000,850000,1,452500.0
27.0,16,0.0,0.0,1.9578947368421054,1425,204,27,3,500000,750000,1,452500.0
23.0,3,0.0,0.0,2.0,270,86,7,2,50000,50000,1,452500.0
21.0,36,0.0,0.0,2.3333333333333335,3240,0,0,0,25000,25000,1,452500.0
28.0,69,0.0887865833607366,0.0443932916803683,0.0,6082,24,4,4,750000,900000,2,452500.0
30.0,64,0.0,0.0,0.0,5255,166,21,0,500000,1500000,2,452500.0
20.0,34,0.0,0.0,0.0,1930,0,0,1,400000,400000,2,452500.0
34.0,67,0.06488824801730353,0.0,0.0,5548,350,47,1,350000,600000,2,452500.0
29.0,32,0.0,0.0,0.0,1517,0,0,3,275000,1500000,2,452500.0
21.0,62,0.0,0.0,0.0,5086,0,0,2,350000,350000,2,452500.0
28.0,19,0.0,0.08530805687203792,0.0,1055,1222,137,1,325000,500000,2,452500.0
32.0,55,0.06396588486140725,0.021321961620469083,0.0,4221,326,46,4,275000,1000000,2,452500.0
22.0,34,0.07659574468085106,0.07659574468085106,0.0,2350,6,1,0,500000,500000,2,452500.0
26.0,56,0.019430051813471502,0.07772020725388601,0.0,4632,39,5,1,450000,600000,2,452500.0
23.0,32,0.0,0.04896626768226333,0.0,1838,0,0,1,200000,300000,2,452500.0
22.0,64,0.02502780867630701,0.17519466073414905,0.0,3596,89,14,1,750000,750000,3,452500.0
27.0,52,0.11245314452311538,0.037484381507705125,0.0,2401,150,21,0,675000,1500000,3,452500.0
32.0,30,0.0,0.0,0.0,2031,734,96,1,400000,2000000,3,452500.0
24.0,78,0.10146561443066517,0.13528748590755355,0.0,5322,83,6,1,500000,700000,3,452500.0
29.0,59,0.07875738350470357,0.17720411288558302,0.0,4571,162,25,1,1500000,2000000,3,452500.0
24.0,39,0.2803738317757009,0.16822429906542055,0.0,1605,17,3,2,275000,300000,3,452500.0
21.0,42,0.2741812642802742,0.06854531607006854,0.0,1313,0,0,1,150000,150000,3,452500.0
24.0,74,0.23698069046225864,0.23698069046225864,0.0,3418,4,1,1,350000,350000,4,452500.0
21.0,56,0.14281180577594416,0.02856236115518883,0.0,3151,108,15,1,300000,300000,4,452500.0
23.0,58,0.3474114441416894,0.18392370572207084,0.0,4404,210,29,1,700000,700000,4,452500.0
22.0,64,0.3249097472924188,0.08664259927797834,0.0,4155,97,8,1,750000,750000,4,452500.0
29.0,46,0.18860016764459347,0.18860016764459347,0.0,2386,380,44,2,700000,1000000,4,452500.0
26.0,52,0.1841566793335282,0.0,0.0,3421,60,10,2,400000,4000000,4,452500.0
24.0,10,0.7258064516129032,0.0,0.0,248,524,79,2,300000,500000,4,452500.0
33.0,24,0.3268765133171913,0.0,0.0,826,794,91,3,275000,600000,4,452500.0
25.0,38,0.0,0.0,1.605263157894737,3420,0,0,3,650000,650000,1,452777.77777777775
34.0,22,0.0,0.0,1.627906976744186,1935,430,46,2,300000,3000000,1,452777.77777777775
23.0,9,0.0,0.0,0.7777777777777778,810,253,42,0,225000,550000,1,452777.77777777775
18.0,19,0.0,0.0,0.8947368421052632,1710,0,0,0,50000,50000,1,452777.77777777775
23.0,36,0.0966183574879227,0.0966183574879227,0.0,1863,54,6,0,800000,1000000,2,452777.77777777775
22.0,60,0.03631961259079903,0.0,0.0,4956,79,13,0,600000,600000,2,452777.77777777775
24.0,77,0.0,0.014188869620053602,0.0,6343,71,9,2,550000,550000,2,452777.77777777775
31.0,52,0.0,0.0,0.0,3678,170,20,4,500000,850000,2,452777.77777777775
28.0,57,0.0379746835443038,0.056962025316455694,0.0,4740,170,23,3,700000,700000,2,452777.77777777775
20.0,42,0.0,0.07089405277668373,0.0,2539,277,36,3,600000,600000,2,452777.77777777775
20.0,29,0.08298755186721991,0.0,0.0,2169,6,1,0,75000,75000,2,452777.77777777775
25.0,72,0.04677754677754678,0.07796257796257797,0.0,5772,246,31,0,500000,500000,2,452777.77777777775
19.0,32,0.04039497307001795,0.0,0.0,2228,0,0,0,25000,25000,2,452777.77777777775
22.0,47,0.027829313543599257,0.027829313543599257,0.0,3234,95,13,6,550000,550000,3,452777.77777777775
20.0,24,0.0,0.10638297872340426,0.0,1692,0,0,0,250000,250000,3,452777.77777777775
24.0,35,0.25760286225402507,0.06440071556350627,0.0,2795,181,26,3,900000,900000,3,452777.77777777775
25.0,69,0.09472022452201369,0.12629363269601823,0.0,5701,134,17,0,800000,800000,3,452777.77777777775
23.0,33,0.05235602094240838,0.05235602094240838,0.0,1719,97,17,0,600000,900000,3,452777.77777777775
18.0,35,0.15668523676880222,0.0,0.0,2872,0,0,0,25000,25000,3,452777.77777777775
24.0,30,0.2984367598294647,0.04263382283278067,0.0,2111,32,7,0,800000,800000,4,452777.77777777775
26.0,50,0.3268765133171913,0.0,0.0,1652,38,7,1,300000,550000,4,452777.77777777775
20.0,8,0.3358208955223881,0.0,0.0,268,0,0,0,25000,25000,4,452777.77777777775
24.0,37,0.19539730785931395,0.11723838471558837,0.0,2303,197,24,1,800000,800000,4,452777.77777777775
24.0,58,0.10146561443066517,0.20293122886133033,0.0,3548,23,3,1,300000,300000,4,452777.77777777775
20.0,30,0.36627906976744184,0.0,0.0,1720,23,3,0,100000,100000,4,452777.77777777775
24.0,72,0.2238377654486321,0.12052802754926344,0.0,5227,39,5,0,750000,750000,4,452777.77777777775
27.0,56,0.34142640364188165,0.23899848254931716,0.0,2636,79,11,1,450000,600000,4,452777.77777777775
29.0,40,0.0,0.0,1.4508196721311475,3660,153,27,2,3000000,5000000,1,1694166.6666666667
23.0,44,0.0,0.0,1.3615384615384616,3900,294,34,0,800000,900000,1,1694166.6666666667
24.0,28,0.0,0.0,2.25,2520,4,1,1,200000,250000,1,1694166.6666666667
21.0,24,0.0,0.0,1.9402253797158255,2041,13,2,3,200000,200000,1,1694166.6666666667
24.0,58,0.03801478352692714,0.01900739176346357,0.0,4735,79,10,1,3000000,4500000,2,1694166.6666666667
30.0,65,0.04997223764575236,0.04997223764575236,0.0,5403,92,15,2,1500000,3500000,2,1694166.6666666667
23.0,15,0.0,0.0,0.0,1101,493,57,0,800000,1200000,2,1694166.6666666667
21.0,24,0.06671608598962195,0.0,0.0,1349,360,59,1,800000,800000,2,1694166.6666666667
33.0,49,0.08708272859216255,0.0,0.0,4134,470,60,2,800000,4000000,2,1694166.6666666667
33.0,62,0.0,0.0,0.0,4696,185,27,0,400000,1500000,2,1694166.6666666667
22.0,45,0.0,0.0,0.0,2409,0,0,0,300000,300000,2,1694166.6666666667
27.0,34,0.0,0.0400355871886121,0.0,2248,415,48,2,1000000,1250000,2,1694166.6666666667
28.0,33,0.03476245654692932,0.17381228273464658,0.0,2589,596,85,3,2800000,5000000,2,1694166.6666666667
26.0,55,0.026392961876832845,0.07917888563049853,0.0,3410,333,23,0,1500000,2000000,2,1694166.6666666667
25.0,67,0.15907305577376277,0.08837391987431265,0.0,5092,475,48,0,1500000,1500000,3,1694166.6666666667
34.0,84,0.10674347678752966,0.24398508980006778,0.0,5902,118,20,5,1000000,7500000,3,1694166.6666666667
21.0,56,0.11615900877645845,0.2323180175529169,0.0,3874,268,34,1,6000000,6000000,3,1694166.6666666667
22.0,57,0.026124818577648767,0.1567489114658926,0.0,3445,113,21,1,4000000,4300000,3,1694166.6666666667
19.0,44,0.03260869565217391,0.13043478260869565,0.0,2760,0,0,2,250000,250000,3,1694166.6666666667
26.0,40,0.3081019399011031,0.06846709775580069,0.0,2629,423,48,1,3800000,7000000,3,1694166.6666666667
30.0,10,0.3,0.0,0.0,300,382,63,6,2500000,6000000,3,1694166.6666666667
30.0,66,0.3378229189666593,0.07948774563921396,0.0,4529,202,28,1,1400000,3000000,3,1694166.6666666667
23.0,29,0.16822429906542055,0.16822429906542055,0.0,1605,164,19,4,1000000,1000000,3,1694166.6666666667
29.0,21,0.08522727272727272,0.08522727272727272,0.0,1056,182,36,3,1500000,10000000,4,1694166.6666666667
23.0,68,0.08202323991797676,0.28708133971291866,0.0,4389,12,2,0,1400000,1400000,4,1694166.6666666667
28.0,16,0.21844660194174756,0.0,0.0,412,336,44,1,900000,1200000,4,1694166.6666666667
22.0,63,0.22466300549176235,0.06739890164752871,0.0,4006,0,0,0,275000,275000,4,1694166.6666666667
23.0,75,0.5308219178082192,0.11986301369863013,0.0,5256,5,1,1,6000000,6000000,4,1694166.6666666667
33.0,59,0.7335223245924876,0.06378454996456413,0.0,2822,295,49,12,1800000,22000000,4,1694166.6666666667
19.0,35,0.30848329048843187,0.07712082262210797,0.0,1167,34,4,0,400000,400000,4,1694166.6666666667
29.0,40,0.0,0.0,1.1,3600,507,27,0,5000000,5000000,1,1392307.6923076923
27.0,39,0.0,0.0,1.5455065827132226,3494,304,43,2,450000,800000,1,1392307.6923076923
27.0,1,,,,0,0,0,3,50000,75000,1,1392307.6923076923
27.0,37,0.056022408963585436,0.0,0.0,3213,356,42,0,2500000,2500000,2,1392307.6923076923
28.0,50,0.020751671662439474,0.0,0.0,4337,977,139,5,1000000,5500000,2,1392307.6923076923
29.0,21,0.06593406593406594,0.0,0.0,1365,724,91,2,750000,2500000,2,1392307.6923076923
31.0,40,0.0,0.0,0.0,3081,534,66,7,450000,10000000,2,1392307.6923076923
21.0,31,0.0448654037886341,0.0448654037886341,0.0,2006,17,3,1,350000,350000,2,1392307.6923076923
19.0,23,0.11457670273711013,0.0,0.0,1571,0,0,0,100000,100000,2,1392307.6923076923
25.0,71,0.07809788267962513,0.046858729607775075,0.0,5762,69,11,1,1200000,1500000,2,1392307.6923076923
26.0,52,0.0,0.08872822872165625,0.0,3043,36,5,0,700000,700000,2,1392307.6923076923
22.0,78,0.07747489239598278,0.03873744619799139,0.0,6970,42,6,0,5000000,5000000,2,1392307.6923076923
21.0,9,0.0,0.0,0.0,303,0,0,0,300000,500000,2,1392307.6923076923
28.0,76,0.13556258472661545,0.21690013556258472,0.0,6639,38,6,2,2000000,2000000,3,1392307.6923076923
25.0,50,0.0,0.05110732538330494,0.0,3522,179,19,0,1500000,1500000,3,1392307.6923076923
28.0,63,0.039070978945083566,0.19535489472541784,0.0,4607,0,0,1,900000,900000,3,1392307.6923076923
21.0,24,0.19856591285162714,0.0,0.0,1813,0,0,0,50000,50000,3,1392307.6923076923
27.0,57,0.23901496861419605,0.021728633510381457,0.0,4142,61,11,5,1500000,2000000,3,1392307.6923076923
28.0,57,0.12022441891530858,0.04808976756612343,0.0,3743,94,15,3,900000,1500000,3,1392307.6923076923
21.0,46,0.2057142857142857,0.10285714285714286,0.0,1750,21,2,0,600000,600000,3,1392307.6923076923
21.0,21,0.056818181818181816,0.3409090909090909,0.0,1584,0,0,0,3500000,3500000,4,1392307.6923076923
22.0,50,0.11534764498558155,0.2018583787247677,0.0,3121,141,15,0,750000,1500000,4,1392307.6923076923
24.0,49,0.1651376146788991,0.027522935779816515,0.0,3270,0,0,4,700000,1250000,4,1392307.6923076923
23.0,59,0.5452003727865797,0.02096924510717614,0.0,4292,51,10,0,3000000,3000000,4,1392307.6923076923
20.0,21,0.0,0.14354066985645933,0.0,627,0,0,0,2500000,2500000,4,1392307.6923076923
22.0,29,0.1461038961038961,0.07305194805194805,0.0,1232,155,2,0,450000,2500000,4,1392307.6923076923
31.0,85,0.0,0.0,0.9531903765690377,7648,125,19,3,10000000,14000000,1,10755769.23076923
39.0,50,0.0,0.0,0.96,4500,198,17,6,250000,1250000,1,10755769.23076923
40.0,8,0.0,0.0,0.625,720,723,123,11,100000,11000000,1,10755769.23076923
21.0,90,0.046620046620046623,0.046620046620046623,0.0,7722,109,17,8,42000000,45000000,2,10755769.23076923
23.0,89,0.0,0.12571588210643944,0.0,7159,9,2,2,18000000,18000000,2,10755769.23076923
20.0,22,0.11421319796954314,0.05710659898477157,0.0,1576,266,40,4,5000000,5000000,2,10755769.23076923
17.0,65,0.055762081784386616,0.01858736059479554,0.0,4842,0,0,0,2500000,2500000,2,10755769.23076923
18.0,67,0.032834731849689894,0.032834731849689894,0.0,5482,0,0,0,800000,800000,2,10755769.23076923
23.0,71,0.016319129646418858,0.2774252039891206,0.0,5515,137,15,0,10000000,17500000,2,10755769.23076923
20.0,43,0.031723651744800845,0.15861825872400423,0.0,2837,163,22,0,700000,700000,2,10755769.23076923
20.0,70,0.06226937269372694,0.06226937269372694,0.0,4336,116,18,6,8000000,10000000,2,10755769.23076923
25.0,61,0.06108597285067873,0.08144796380090498,0.0,4420,33,7,4,6000000,6000000,2,10755769.23076923
25.0,85,0.1055563700337194,0.03958363876264477,0.0,6821,9,2,6,35000000,35000000,3,10755769.23076923
27.0,36,0.0,0.0,0.0,2115,224,38,3,8000000,25000000,3,10755769.23076923
21.0,74,0.3157894736842105,0.15789473684210525,0.0,5130,40,7,6,14000000,14000000,3,10755769.23076923
19.0,59,0.12250453720508167,0.24500907441016334,0.0,4408,62,8,4,1500000,2400000,3,10755769.23076923
19.0,68,0.03472892147404978,0.156280146633224,0.0,5183,133,15,0,1300000,1300000,3,10755769.23076923
22.0,67,0.5967137503603344,0.18160853271836264,0.0,3469,291,47,3,30000000,30000000,3,10755769.23076923
31.0,88,0.30745341614906835,0.34937888198757766,0.0,6440,168,25,9,14000000,15000000,3,10755769.23076923
30.0,90,0.36856474258970356,0.10530421216848673,0.0,5128,155,18,11,12000000,22000000,3,10755769.23076923
25.0,77,0.41341295360587965,0.14469453376205788,0.0,4354,282,29,4,24000000,35000000,4,10755769.23076923
34.0,92,0.31480324797001874,0.4722048719550281,0.0,8005,157,14,12,7000000,25000000,4,10755769.23076923
19.0,48,0.5229180116204003,0.3776630083925113,0.0,3098,129,13,4,2500000,6000000,4,10755769.23076923
20.0,68,0.3562592775853538,0.31172686788718457,0.0,2021,61,11,2,8000000,8000000,4,10755769.23076923
21.0,73,0.6725543478260869,0.2139945652173913,0.0,2944,331,37,10,13000000,14000000,4,10755769.23076923
22.0,65,0.35135135135135137,0.1891891891891892,0.0,3330,83,8,1,6000000,6500000,4,10755769.23076923
30.0,79,0.0,0.0,1.0588235294117647,7140,112,19,2,12000000,14000000,1,8400000.0
26.0,58,0.0,0.0,1.08,5250,76,7,5,3000000,4500000,1,8400000.0
19.0,30,0.0,0.0,1.5316315205327413,2703,292,47,1,300000,300000,1,8400000.0
39.0,11,0.0,0.0,1.5454545454545454,990,42,7,8,100000,3000000,1,8400000.0
25.0,54,0.08776206728425158,0.021940516821062895,0.0,4102,386,53,4,8000000,8000000,2,8400000.0
20.0,49,0.12773204655123474,0.0510928186204939,0.0,3523,123,16,1,7000000,7000000,2,8400000.0
24.0,61,0.08565310492505353,0.021413276231263382,0.0,4203,334,57,6,4500000,5500000,2,8400000.0
31.0,82,0.028208744710860368,0.04231311706629055,0.0,6381,0,0,17,3500000,4500000,2,8400000.0
24.0,51,0.026682478505781204,0.18677734954046843,0.0,3373,353,49,4,6000000,6000000,2,8400000.0
32.0,83,0.05460336720764447,0.09555589261337782,0.0,6593,316,41,4,3200000,12000000,2,8400000.0
23.0,91,0.0,0.1291248206599713,0.0,6273,39,6,6,6000000,9000000,2,8400000.0
29.0,73,0.051457975986277875,0.0686106346483705,0.0,5247,625,76,4,3000000,3000000,2,8400000.0
25.0,94,0.13626040878122633,0.06813020439061317,0.0,7926,98,17,4,35000000,35000000,3,8400000.0
24.0,94,0.22197862428062484,0.33296793642093725,0.0,7298,261,41,3,14000000,14000000,3,8400000.0
27.0,83,0.10404624277456648,0.10404624277456648,0.0,5190,219,33,6,7000000,7500000,3,8400000.0
20.0,64,0.475988999365348,0.3617516395176645,0.0,4727,0,0,5,30000000,30000000,3,8400000.0
25.0,95,0.4446773469082198,0.12127564006587813,0.0,6679,84,16,3,7000000,12000000,3,8400000.0
22.0,59,0.13005780346820808,0.26011560693641617,0.0,3460,266,33,3,3000000,3000000,3,8400000.0
30.0,64,0.26096411743385284,0.032620514679231605,0.0,2759,337,60,4,9000000,45000000,4,8400000.0
20.0,75,0.4680936187237448,0.32406481296259254,0.0,4999,0,0,3,9000000,9000000,4,8400000.0
28.0,46,0.5002315886984715,0.20842982862436313,0.0,2159,127,23,2,8000000,13000000,4,8400000.0
19.0,17,0.24896265560165975,0.37344398340248963,0.0,723,110,19,5,6000000,6000000,4,8400000.0
20.0,79,0.35059578368469296,0.1856095325389551,0.0,4364,13,1,4,13000000,25000000,4,8400000.0
32.0,68,0.5666316894018888,0.25970619097586567,0.0,3812,312,49,13,4000000,13000000,4,8400000.0
25.0,69,0.0,0.0,0.9487302347867753,6261,560,87,5,13000000,13000000,1,6777777.777777778
27.0,46,0.0,0.0,1.5755395683453237,4170,96,12,2,1000000,1300000,1,6777777.777777778
33.0,20,0.0,0.0,1.2048894062863795,1718,181,32,2,500000,500000,1,6777777.777777778
21.0,20,0.0,0.0,1.4,1800,84,7,2,100000,100000,1,6777777.777777778
25.0,94,0.1391035548686244,0.11770300796575912,0.0,8411,229,26,4,20000000,20000000,2,6777777.777777778
31.0,78,0.0,0.02718622564567286,0.0,6621,282,30,3,5000000,5000000,2,6777777.777777778
26.0,51,0.023076923076923078,0.046153846153846156,0.0,3900,187,25,7,3500000,4000000,2,6777777.777777778
21.0,59,0.03936146949486114,0.01968073474743057,0.0,4573,192,20,5,2500000,2500000,2,6777777.777777778
21.0,40,0.030560271646859084,0.12224108658743633,0.0,2945,474,26,1,6500000,6500000,2,6777777.777777778
23.0,28,0.0,0.07263922518159806,0.0,1239,18,2,2,2500000,2500000,2,6777777.777777778
22.0,84,0.08478568064060292,0.04239284032030146,0.0,6369,193,23,3,18000000,18000000,2,6777777.777777778
22.0,87,0.015233581584292485,0.09140148950575491,0.0,5908,66,7,1,6500000,6500000,2,6777777.777777778
19.0,37,0.1405152224824356,0.1405152224824356,0.0,2562,169,18,1,700000,700000,2,6777777.777777778
23.0,79,0.11787819253438114,0.22102161100196463,0.0,6108,85,7,2,7000000,7000000,3,6777777.777777778
22.0,97,0.2188715953307393,0.15321011673151752,0.0,8224,108,13,3,30000000,30000000,3,6777777.777777778
21.0,64,0.07567794828673534,0.13243640950178684,0.0,4757,243,38,5,8500000,8500000,3,6777777.777777778
18.0,43,0.09006004002668445,0.09006004002668445,0.0,2998,25,3,1,1000000,1000000,3,6777777.777777778
24.0,72,0.2714420358152686,0.2714420358152686,0.0,5305,98,15,5,14000000,14000000,3,6777777.777777778
22.0,18,0.6593406593406593,0.4945054945054945,0.0,546,0,0,1,4500000,4500000,3,6777777.777777778
21.0,46,0.13546056592414207,0.08127633955448525,0.0,3322,19,6,2,700000,3000000,3,6777777.777777778
22.0,37,0.44776119402985076,0.3358208955223881,0.0,1608,0,0,1,6000000,6000000,4,6777777.777777778
27.0,58,0.21358647285671908,0.24028478196380895,0.0,3371,172,33,4,4000000,15000000,4,6777777.777777778
24.0,80,0.17681728880157171,0.3143418467583497,0.0,4581,320,36,1,6000000,18000000,4,6777777.777777778
21.0,39,0.1956521739130435,0.1956521739130435,0.0,1380,140,20,1,4500000,4500000,4,6777777.777777778
29.0,83,0.31373460376481527,0.2928189635138276,0.0,4303,229,38,3,3000000,18000000,4,6777777.777777778
22.0,92,0.6163177460379573,0.07043631383290941,0.0,5111,3,1,4,9000000,9000000,4,6777777.777777778
24.0,74,0.7789799072642968,0.250386398763524,0.0,3235,219,22,4,5000000,5000000,4,6777777.777777778
23.0,10,0.0,0.0,1.3,900,0,0,1,7000000,7000000,1,2833870.9677419355
19.0,7,0.0,0.0,1.4285714285714286,630,0,0,1,1000000,1000000,1,2833870.9677419355
22.0,0,,,,0,0,0,0,300000,300000,1,2833870.9677419355
20.0,0,,,,0,0,0,0,200000,200000,1,2833870.9677419355
26.0,6,0.0,0.0,0.0,448,65,14,3,3000000,3000000,2,2833870.9677419355
27.0,4,0.0,0.2535211267605634,0.0,355,0,0,2,3000000,3000000,2,2833870.9677419355
24.0,3,0.0,0.0,0.0,92,0,0,0,1200000,1200000,2,2833870.9677419355
22.0,0,,,,0,0,0,0,1000000,1000000,2,2833870.9677419355
34.0,9,0.0,0.0,0.0,720,128,4,4,800000,4000000,2,2833870.9677419355
23.0,5,0.0,0.4235294117647059,0.0,425,0,0,0,450000,450000,2,2833870.9677419355
22.0,7,0.0,0.0,0.0,459,0,0,1,7000000,7000000,2,2833870.9677419355
31.0,7,0.0,0.0,0.0,509,18,3,0,700000,1750000,2,2833870.9677419355
25.0,9,0.1549053356282272,0.1549053356282272,0.0,581,0,0,1,3000000,3000000,3,2833870.9677419355
25.0,8,0.0,0.0,0.0,518,68,3,3,1500000,1500000,3,2833870.9677419355
38.0,37,0.08941877794336811,0.17883755588673622,0.0,2013,221,36,33,800000,32000000,3,2833870.9677419355
22.0,8,0.5532786885245902,0.0,0.0,488,0,0,1,6500000,6500000,3,2833870.9677419355
29.0,3,0.0,0.0,0.0,119,112,15,2,2000000,2000000,3,2833870.9677419355
28.0,49,0.25367992483557783,0.05637331663012841,0.0,3193,382,90,3,2000000,2000000,3,2833870.9677419355
28.0,6,0.0,0.0,0.0,361,30,8,3,6000000,6000000,3,2833870.9677419355
28.0,7,0.0,0.2452316076294278,0.0,367,0,0,0,1300000,5000000,3,2833870.9677419355
22.0,13,0.17408123791102514,0.3481624758220503,0.0,517,0,0,2,5000000,5000000,4,2833870.9677419355
23.0,5,0.0,0.0,0.0,259,30,3,0,3000000,3000000,4,2833870.9677419355
24.0,8,0.0,0.0,0.0,366,145,24,5,4000000,4000000,4,2833870.9677419355
31.0,0,,,,0,305,57,2,800000,5000000,4,2833870.9677419355
18.0,0,,,,0,0,0,0,400000,400000,4,2833870.9677419355
18.0,10,0.5365126676602087,0.26825633383010433,0.0,671,0,0,3,18000000,18000000,4,2833870.9677419355
25.0,32,0.5121951219512195,0.0,0.0,2460,176,41,1,3500000,3500000,4,2833870.9677419355
21.0,4,0.72,0.72,0.0,125,21,6,0,2000000,2000000,4,2833870.9677419355
21.0,0,,,,0,0,0,3,1000000,1000000,4,2833870.9677419355
30.0,8,0.18218623481781376,0.3643724696356275,0.0,494,0,0,2,1000000,4500000,4,2833870.9677419355
36.0,5,0.9090909090909091,0.0,0.0,99,204,18,8,400000,5000000,4,2833870.9677419355
25.0,6,0.0,0.0,1.0207939508506616,529,0,0,0,4500000,5500000,1,2506060.606060606
22.0,4,0.0,0.0,2.0,360,0,0,2,1500000,1500000,1,2506060.606060606
24.0,0,,,,0,0,0,0,100000,100000,1,2506060.606060606
27.0,22,0.046826222684703434,0.046826222684703434,0.0,1922,242,37,1,6000000,7500000,2,2506060.606060606
22.0,6,0.0,0.0,0.0,495,0,0,1,5500000,5500000,2,2506060.606060606
26.0,61,0.050523952095808386,0.0,0.0,5344,239,36,0,2500000,2500000,2,2506060.606060606
21.0,0,,,,0,0,0,1,1500000,1500000,2,2506060.606060606
22.0,6,0.0,0.0,0.0,439,100,13,1,1000000,1000000,2,2506060.606060606
25.0,59,0.0,0.0550122249388753,0.0,4908,65,12,2,900000,900000,2,2506060.606060606
21.0,2,0.0,0.6666666666666666,0.0,135,0,0,2,700000,700000,2,2506060.606060606
22.0,5,0.0,0.7407407407407407,0.0,243,95,17,0,6000000,6000000,2,2506060.606060606
25.0,9,0.23255813953488372,0.11627906976744186,0.0,774,0,0,0,1300000,1300000,2,2506060.606060606
21.0,7,0.0,0.0,0.0,543,130,12,2,1500000,1500000,2,2506060.606060606
32.0,6,0.0,0.2727272727272727,0.0,330,0,0,1,800000,1000000,2,2506060.606060606
22.0,9,0.0,0.0,0.0,370,0,0,0,3000000,3000000,3,2506060.606060606
26.0,4,0.0,0.0,0.0,254,123,23,0,2000000,2000000,3,2506060.606060606
24.0,5,0.0,0.0,0.0,380,58,10,2,1500000,4000000,3,2506060.606060606
21.0,0,,,,0,104,10,0,6500000,6500000,3,2506060.606060606
22.0,7,0.0,0.0,0.0,487,289,41,0,4000000,4000000,3,2506060.606060606
28.0,9,0.0,0.40298507462686567,0.0,670,168,28,0,3500000,5000000,3,2506060.606060606
20.0,3,0.0,0.0,0.0,191,8,1,0,2500000,2500000,3,2506060.606060606
19.0,5,0.0,0.0,0.0,144,0,0,0,400000,400000,3,2506060.606060606
24.0,20,0.375,0.0,0.0,960,2,0,0,5000000,5000000,4,2506060.606060606
21.0,9,0.0,0.234375,0.0,384,0,0,0,1500000,1500000,4,2506060.606060606
22.0,5,0.0,0.0,0.0,93,0,0,0,1500000,1500000,4,2506060.606060606
21.0,1,0.0,0.0,0.0,45,0,0,0,0,0,4,2506060.606060606
23.0,9,0.1859504132231405,0.0,0.0,484,155,19,0,6000000,6000000,4,2506060.606060606
24.0,3,0.0,0.0,0.0,210,50,8,2,1000000,1000000,4,2506060.606060606
20.0,0,,,,0,0,0,0,300000,300000,4,2506060.606060606
23.0,3,0.0,0.0,0.0,96,88,18,1,4000000,4000000,4,2506060.606060606
21.0,8,1.651376146788991,0.0,0.0,218,0,0,1,4000000,4000000,4,2506060.606060606
31.0,10,0.5049088359046283,0.25245441795231416,0.0,713,68,11,4,1800000,5500000,4,2506060.606060606
21.0,0,,,,0,0,0,0,400000,400000,4,2506060.606060606
27.0,10,0.0,0.0,0.8,900,0,0,0,7000000,7000000,1,2028750.0
33.0,0,,,,0,89,5,0,200000,800000,1,2028750.0
22.0,0,,,,0,0,0,0,100000,100000,1,2028750.0
22.0,0,,,,0,0,0,0,100000,100000,1,2028750.0
27.0,3,0.0,0.0,0.0,270,5,1,0,3000000,3000000,2,2028750.0
29.0,0,,,,0,0,0,0,800000,2000000,2,2028750.0
28.0,10,0.0,0.0,0.0,855,107,7,1,800000,800000,2,2028750.0
24.0,7,0.0,0.0,0.0,630,0,0,0,700000,700000,2,2028750.0
24.0,26,0.0,0.0,0.0,2068,211,33,0,600000,600000,2,2028750.0
34.0,1,0.0,0.0,0.0,44,149,25,14,500000,10000000,2,2028750.0
25.0,2,0.0,0.0,0.0,104,143,23,0,2500000,4000000,2,2028750.0
22.0,7,0.0,0.0,0.0,502,4,0,0,2000000,2000000,2,2028750.0
28.0,9,0.0,0.0,0.0,617,0,0,0,100000,100000,2,2028750.0
21.0,41,0.028883183568677792,0.028883183568677792,0.0,3116,0,0,0,3000000,3000000,2,2028750.0
25.0,3,0.0,0.0,0.0,92,18,3,5,2000000,2500000,2,2028750.0
21.0,8,0.0,0.28125,0.0,640,0,0,0,100000,100000,2,2028750.0
20.0,0,,,,0,287,73,1,4000000,4000000,3,2028750.0
27.0,9,0.0,0.0,0.0,549,0,0,0,1100000,1500000,3,2028750.0
24.0,0,,,,0,0,0,0,1000000,1500000,3,2028750.0
27.0,9,0.0,0.0,0.0,801,0,0,0,700000,1000000,3,2028750.0
30.0,24,0.0,0.0,0.0,1697,262,34,0,600000,2500000,3,2028750.0
33.0,5,0.0,0.0,0.0,282,0,0,4,300000,1000000,3,2028750.0
21.0,3,0.0,0.0,0.0,90,0,0,0,1000000,1000000,3,2028750.0
22.0,1,,,,0,0,0,0,500000,500000,3,2028750.0
24.0,11,0.0,0.0,0.0,580,0,0,0,300000,300000,3,2028750.0
20.0,6,0.782608695652174,0.0,0.0,230,210,9,0,100000,100000,3,2028750.0
21.0,9,0.0,0.0,0.0,240,0,0,0,4500000,4500000,3,2028750.0
32.0,10,0.10501750291715285,0.2100350058343057,0.0,857,23,5,5,1000000,11000000,3,2028750.0
25.0,1,0.0,0.0,0.0,18,39,11,0,750000,750000,3,2028750.0
19.0,2,0.0,0.0,0.0,13,0,0,0,100000,100000,3,2028750.0
25.0,24,0.0949367088607595,0.2848101265822785,0.0,948,157,21,0,6000000,10000000,4,2028750.0
26.0,4,0.0,0.0,0.0,231,70,3,0,2000000,2000000,4,2028750.0
30.0,5,0.2452316076294278,0.2452316076294278,0.0,367,146,11,3,1500000,4500000,4,2028750.0
18.0,10,0.18947368421052632,0.0,0.0,475,0,0,0,13000000,13000000,4,2028750.0
19.0,5,0.24064171122994651,0.0,0.0,374,586,20,0,2500000,2500000,4,2028750.0
22.0,3,0.0,0.0,0.0,97,0,0,0,1000000,1000000,4,2028750.0
24.0,2,0.0,0.0,0.0,103,0,0,0,400000,750000,4,2028750.0
20.0,5,0.20454545454545456,0.20454545454545456,0.0,440,0,0,0,15000000,15000000,4,2028750.0
34.0,5,0.0,0.0,0.0,75,63,11,4,300000,2300000,4,2028750.0
17.0,3,0.0,0.0,0.0,182,0,0,0,0,0,4,2028750.0
28.0,37,0.0,0.0,1.5405405405405406,3330,0,0,3,3000000,4000000,1,2302941.1764705884
25.0,4,0.0,0.0,1.25,360,65,14,1,1800000,2500000,1,2302941.1764705884
23.0,0,,,,0,0,0,0,200000,200000,1,2302941.1764705884
27.0,10,0.0,0.0,0.0,900,21,4,0,3500000,3500000,2,2302941.1764705884
27.0,4,0.0,0.0,0.0,218,0,0,0,2500000,2500000,2,2302941.1764705884
25.0,8,0.0,0.0,0.0,665,74,4,0,2500000,6000000,2,2302941.1764705884
23.0,2,0.0,0.0,0.0,107,17,5,0,600000,1200000,2,2302941.1764705884
20.0,0,,,,0,0,0,0,250000,250000,2,2302941.1764705884
22.0,10,0.0,0.10112359550561797,0.0,890,51,2,0,6000000,6000000,2,2302941.1764705884
22.0,1,0.0,0.0,0.0,10,17,3,0,2200000,2200000,2,2302941.1764705884
20.0,6,0.0,0.0,0.0,248,316,42,0,1500000,1500000,2,2302941.1764705884
26.0,9,0.0,0.0,0.0,806,32,3,2,3000000,3000000,2,2302941.1764705884
29.0,14,0.0,0.0,0.0,941,305,39,1,750000,800000,2,2302941.1764705884
18.0,0,,,,0,0,0,0,500000,500000,2,2302941.1764705884
26.0,2,0.0,0.0,0.0,94,0,0,0,300000,300000,2,2302941.1764705884
28.0,10,0.1056338028169014,0.0,0.0,852,0,0,3,5500000,5500000,3,2302941.1764705884
23.0,4,0.0,0.0,0.0,161,244,37,0,1800000,1800000,3,2302941.1764705884
24.0,2,0.0,0.0,0.0,93,0,0,0,1500000,2000000,3,2302941.1764705884
20.0,8,0.0,0.0,0.0,349,0,0,2,1500000,1500000,3,2302941.1764705884
21.0,3,0.0,0.0,0.0,151,0,0,0,0,0,3,2302941.1764705884
19.0,5,0.2694610778443114,0.0,0.0,334,0,0,2,15000000,15000000,3,2302941.1764705884
21.0,8,0.0,0.0,0.0,353,0,0,0,1000000,1000000,3,2302941.1764705884
19.0,6,0.0,0.0,0.0,211,0,0,0,500000,500000,3,2302941.1764705884
19.0,5,0.0,0.0,0.0,202,0,0,1,2000000,2000000,3,2302941.1764705884
33.0,41,0.15611448395490027,0.15611448395490027,0.0,2306,114,21,20,1500000,30000000,3,2302941.1764705884
32.0,2,0.0,0.0,0.0,44,0,0,0,600000,2000000,3,2302941.1764705884
21.0,8,0.0,0.0,0.0,337,0,0,0,1700000,1700000,4,2302941.1764705884
19.0,5,0.9782608695652174,0.0,0.0,92,0,0,0,1000000,1000000,4,2302941.1764705884
18.0,2,0.0,0.0,0.0,39,0,0,0,600000,600000,4,2302941.1764705884
23.0,7,0.0,0.0,0.0,148,0,0,0,5000000,8000000,4,2302941.1764705884
22.0,10,0.2803738317757009,0.14018691588785046,0.0,642,0,0,0,2200000,2200000,4,2302941.1764705884
22.0,1,0.0,0.0,0.0,25,0,0,0,800000,950000,4,2302941.1764705884
26.0,16,0.28169014084507044,0.0,0.0,1278,0,0,0,6000000,6000000,4,2302941.1764705884
22.0,2,0.0,0.0,0.0,32,0,0,0,1500000,1500000,4,2302941.1764705884
22.0,0,,,,0,0,0,0,550000,550000,1,2146666.6666666665
42.0,10,0.0,0.0,1.1,900,244,20,6,200000,3500000,1,2146666.6666666665
24.0,24,0.0,0.0,1.2916666666666667,2160,0,0,1,100000,100000,1,2146666.6666666665
26.0,10,0.10428736964078796,0.0,0.0,863,10,1,1,7000000,7000000,2,2146666.6666666665
24.0,2,0.0,0.0,0.0,107,0,0,0,450000,450000,2,2146666.6666666665
33.0,6,0.0,0.0,0.0,286,9,3,3,400000,5500000,2,2146666.6666666665
36.0,5,0.0,0.0,0.0,59,0,0,1,200000,3000000,2,2146666.6666666665
22.0,0,,,,0,0,0,0,100000,100000,2,2146666.6666666665
35.0,30,0.14516129032258066,0.07258064516129033,0.0,1240,260,47,26,2000000,70000000,2,2146666.6666666665
27.0,4,0.0,0.0,0.0,276,443,45,4,1300000,15000000,2,2146666.6666666665
24.0,9,0.0,0.0,0.0,704,15,3,3,4000000,7000000,2,2146666.6666666665
32.0,4,0.0,0.0,0.0,354,7,2,0,700000,2000000,2,2146666.6666666665
21.0,9,0.0,0.0,0.0,796,0,0,0,14000000,14000000,3,2146666.6666666665
19.0,5,0.0,0.0,0.0,405,21,6,1,1200000,1200000,3,2146666.6666666665
24.0,27,0.0,0.0,0.0,1561,208,0,0,1000000,1000000,3,2146666.6666666665
33.0,7,0.0,0.0,0.0,151,0,0,2,400000,1500000,3,2146666.6666666665
39.0,4,0.0,0.0,0.0,277,189,40,15,150000,19000000,3,2146666.6666666665
21.0,4,0.0,0.0,0.0,264,67,19,0,5000000,5000000,3,2146666.6666666665
21.0,6,0.0,0.0,0.0,228,0,0,0,3500000,4500000,3,2146666.6666666665
26.0,10,0.3187721369539551,0.10625737898465171,0.0,847,0,0,1,1500000,1500000,3,2146666.6666666665
33.0,4,0.0,0.25862068965517243,0.0,348,215,28,4,700000,18000000,3,2146666.6666666665
25.0,9,0.0,0.11780104712041885,0.0,764,0,0,0,8000000,8000000,4,2146666.6666666665
33.0,4,0.0,0.0,0.0,140,52,13,4,1500000,5000000,4,2146666.6666666665
24.0,14,0.0,0.42452830188679247,0.0,424,24,5,3,2000000,4000000,4,2146666.6666666665
21.0,31,0.20014825796886582,0.2668643439584878,0.0,1349,47,6,0,700000,900000,4,2146666.6666666665
21.0,8,0.5070422535211268,0.2535211267605634,0.0,355,0,0,0,4000000,4000000,4,2146666.6666666665
35.0,10,0.34005037783375314,0.0,0.0,794,15,3,7,2000000,3300000,4,2146666.6666666665
25.0,10,0.0,0.0,0.0,319,0,0,0,1200000,1200000,4,2146666.6666666665
33.0,1,2.0,0.0,0.0,45,728,88,18,400000,8000000,4,2146666.6666666665
21.0,1,0.0,0.0,0.0,11,0,0,0,150000,150000,4,2146666.6666666665
26.0,6,0.0,0.0,1.6666666666666667,540,0,0,0,1500000,1500000,1,2059677.4193548388
27.0,4,0.0,0.0,0.5,360,127,30,0,1000000,1000000,1,2059677.4193548388
21.0,0,,,,0,0,0,0,300000,300000,1,2059677.4193548388
23.0,0,,,,0,0,0,0,100000,100000,1,2059677.4193548388
23.0,23,0.0,0.0,0.0,1744,53,8,2,7000000,7000000,2,2059677.4193548388
25.0,5,0.0,0.27439024390243905,0.0,328,0,0,1,800000,850000,2,2059677.4193548388
35.0,6,0.0,0.0,0.0,387,881,171,0,500000,6000000,2,2059677.4193548388
36.0,4,0.0,0.0,0.0,331,214,20,5,250000,6000000,2,2059677.4193548388
22.0,7,0.0,0.0,0.0,286,427,49,0,200000,200000,2,2059677.4193548388
19.0,5,0.0,0.0,0.0,288,0,0,0,1000000,1000000,2,2059677.4193548388
30.0,8,0.0,0.0,0.0,629,96,22,6,900000,3000000,2,2059677.4193548388
27.0,6,0.0,0.0,0.0,435,33,4,1,6500000,12500000,2,2059677.4193548388
21.0,4,0.0,0.0,0.0,277,17,5,0,3500000,3500000,3,2059677.4193548388
30.0,26,0.0,0.0,0.0,2142,425,60,3,2500000,4500000,3,2059677.4193548388
31.0,56,0.0,0.024337479718766902,0.0,3698,278,32,4,1200000,2000000,3,2059677.4193548388
22.0,1,,,,0,0,0,0,1100000,1100000,3,2059677.4193548388
21.0,4,0.0,0.0,0.0,130,0,0,0,500000,500000,3,2059677.4193548388
23.0,6,0.20785219399538107,0.0,0.0,433,0,0,0,200000,200000,3,2059677.4193548388
31.0,28,0.1761252446183953,0.1761252446183953,0.0,1533,102,11,7,4000000,4000000,3,2059677.4193548388
34.0,47,0.13029315960912052,0.13029315960912052,0.0,2763,622,64,9,3500000,15000000,3,2059677.4193548388
24.0,5,0.0,0.0,0.0,234,0,0,1,700000,800000,3,2059677.4193548388
21.0,5,0.30405405405405406,0.0,0.0,296,14,2,0,6000000,6000000,3,2059677.4193548388
32.0,29,0.12610929472209248,0.33629145259224663,0.0,2141,60,9,14,5000000,8000000,3,2059677.4193548388
21.0,1,0.0,0.0,0.0,10,0,0,0,300000,300000,3,2059677.4193548388
28.0,9,0.4753521126760563,0.0,0.0,568,522,73,2,9000000,11000000,4,2059677.4193548388
32.0,6,0.0,0.8737864077669902,0.0,103,0,0,0,0,0,4,2059677.4193548388
32.0,39,0.21897810218978103,0.09384775808133472,0.0,2877,332,55,7,2000000,3000000,4,2059677.4193548388
21.0,1,0.0,0.0,0.0,31,0,0,0,200000,200000,4,2059677.4193548388
25.0,6,0.0,0.0,0.0,274,0,0,0,3000000,3000000,4,2059677.4193548388
20.0,8,0.0,0.0,0.0,102,0,0,0,700000,700000,4,2059677.4193548388
36.0,47,0.22641509433962265,0.14150943396226415,0.0,3180,140,30,23,400000,10000000,4,2059677.4193548388
27.0,10,0.0,0.0,1.6,900,0,0,0,1500000,2000000,1,1764516.1290322582
28.0,0,,,,0,35,13,0,700000,1000000,1,1764516.1290322582
35.0,0,,,,0,259,43,5,400000,3000000,1,1764516.1290322582
32.0,73,0.06155950752393981,0.015389876880984952,0.0,5848,178,27,6,4500000,9000000,2,1764516.1290322582
26.0,8,0.0,0.0,0.0,707,0,0,0,3500000,3500000,2,1764516.1290322582
24.0,5,0.0,0.0,0.0,405,79,17,0,3500000,3500000,2,1764516.1290322582
28.0,8,0.13062409288824384,0.0,0.0,689,0,0,0,1000000,1500000,2,1764516.1290322582
21.0,5,0.0,0.0,0.0,405,56,12,0,250000,250000,2,1764516.1290322582
22.0,4,0.0,0.0,0.0,289,0,0,0,200000,200000,2,1764516.1290322582
21.0,6,0.0,0.0,0.0,358,54,5,3,2000000,2000000,2,1764516.1290322582
23.0,3,0.0,0.0,0.0,168,74,14,0,1500000,2500000,2,1764516.1290322582
21.0,5,0.0,0.0,0.0,374,0,0,0,500000,500000,2,1764516.1290322582
19.0,0,,,,0,0,0,1,600000,600000,2,1764516.1290322582
34.0,65,0.03909643788010426,0.11728931364031277,0.0,4604,113,10,11,300000,3500000,2,1764516.1290322582
24.0,13,0.0,0.0,0.0,772,53,8,3,5000000,5000000,3,1764516.1290322582
28.0,8,0.0,0.0,0.0,659,0,0,0,750000,750000,3,1764516.1290322582
28.0,5,0.0,0.0,0.0,199,14,3,0,2500000,2500000,3,1764516.1290322582
20.0,39,0.08506616257088846,0.08506616257088846,0.0,2116,0,0,1,2000000,2000000,3,1764516.1290322582
27.0,3,0.0,0.0,0.0,57,0,0,0,1400000,2000000,3,1764516.1290322582
28.0,40,0.09930121368150055,0.09930121368150055,0.0,2719,14,2,0,800000,900000,3,1764516.1290322582
27.0,70,0.25480283114256824,0.16380182002022245,0.0,4945,218,34,6,2500000,2500000,3,1764516.1290322582
18.0,0,,,,0,0,0,0,400000,400000,3,1764516.1290322582
31.0,2,0.0,0.0,0.0,8,10,2,0,300000,2500000,3,1764516.1290322582
22.0,6,0.38054968287526425,0.38054968287526425,0.0,473,75,0,0,2500000,2500000,4,1764516.1290322582
23.0,6,0.40358744394618834,0.40358744394618834,0.0,446,245,57,0,1400000,1400000,4,1764516.1290322582
19.0,33,0.3788334335538184,0.2164762477450391,0.0,1663,23,3,2,9000000,14000000,4,1764516.1290322582
28.0,9,0.162748643761302,0.0,0.0,553,0,0,1,3500000,4500000,4,1764516.1290322582
31.0,8,0.288,0.0,0.0,625,90,20,1,800000,1500000,4,1764516.1290322582
23.0,4,0.0,0.0,0.0,54,0,0,0,700000,900000,4,1764516.1290322582
20.0,42,0.36511156186612576,0.04563894523326572,0.0,1972,0,0,0,500000,600000,4,1764516.1290322582
21.0,0,,,,0,0,0,0,200000,200000,4,1764516.1290322582
24.0,0,,,,0,8,1,1,3500000,6000000,1,1502777.7777777778
23.0,8,0.0,0.0,1.75,720,0,0,0,2500000,7000000,1,1502777.7777777778
22.0,2,0.0,0.0,0.5,180,0,0,0,1200000,1200000,1,1502777.7777777778
23.0,0,,,,0,0,0,0,100000,100000,1,1502777.7777777778
32.0,8,0.0,0.13677811550151975,0.0,658,97,18,5,1000000,6000000,2,1502777.7777777778
32.0,10,0.0,0.0,0.0,855,0,0,0,800000,2000000,2,1502777.7777777778
31.0,7,0.16363636363636364,0.0,0.0,550,6,1,3,500000,3000000,2,1502777.7777777778
21.0,0,,,,0,0,0,0,400000,400000,2,1502777.7777777778
37.0,34,0.0,0.0,0.0,2961,289,47,4,300000,8000000,2,1502777.7777777778
20.0,5,0.0,0.0,0.0,174,0,0,0,100000,100000,2,1502777.7777777778
30.0,6,0.0,0.0,0.0,384,0,0,3,1000000,4500000,2,1502777.7777777778
33.0,5,0.2,0.2,0.0,450,43,10,0,1000000,4000000,2,1502777.7777777778
20.0,3,0.4945054945054945,0.0,0.0,182,0,0,0,400000,400000,2,1502777.7777777778
32.0,43,0.0,0.18836333193804938,0.0,2389,542,79,5,1200000,8000000,2,1502777.7777777778
28.0,23,0.0,0.0,0.0,1667,0,0,0,800000,800000,2,1502777.7777777778
26.0,5,0.33088235294117646,0.0,0.0,272,69,19,2,600000,3000000,2,1502777.7777777778
21.0,6,0.0,0.0,0.0,311,0,0,0,100000,100000,2,1502777.7777777778
26.0,7,0.15384615384615385,0.0,0.0,585,0,0,2,4000000,5000000,3,1502777.7777777778
25.0,1,0.0,0.0,0.0,44,0,0,0,1500000,3000000,3,1502777.7777777778
30.0,4,0.0,0.0,0.0,223,176,26,4,1000000,13000000,3,1502777.7777777778
20.0,0,,,,0,0,0,1,500000,500000,3,1502777.7777777778
23.0,9,0.23225806451612904,0.0,0.0,775,0,0,0,3500000,3500000,3,1502777.7777777778
26.0,4,0.0,0.0,0.0,317,215,39,6,3000000,3000000,3,1502777.7777777778
25.0,3,0.0,0.0,0.0,167,55,0,3,1800000,1800000,3,1502777.7777777778
26.0,9,0.14705882352941177,0.14705882352941177,0.0,612,13,2,1,7000000,7000000,3,1502777.7777777778
27.0,7,0.0,0.0,0.0,182,119,11,3,2500000,3000000,3,1502777.7777777778
32.0,10,0.17077798861480076,0.0,0.0,527,50,10,0,1200000,2000000,3,1502777.7777777778
21.0,1,0.0,0.0,0.0,4,0,0,0,800000,800000,3,1502777.7777777778
25.0,2,0.0,0.0,0.0,76,200,27,0,5000000,9000000,4,1502777.7777777778
20.0,6,0.0,0.0,0.0,202,0,0,0,400000,400000,4,1502777.7777777778
23.0,2,0.0,0.0,0.0,24,489,81,0,1000000,1000000,4,1502777.7777777778
26.0,10,0.5769230769230769,0.0,0.0,312,0,0,0,600000,600000,4,1502777.7777777778
22.0,2,0.0,0.0,0.0,47,0,0,0,350000,500000,4,1502777.7777777778
36.0,53,0.42014004668222743,0.15005001667222406,0.0,2999,292,34,28,4000000,90000000,4,1502777.7777777778
37.0,1,0.0,0.0,0.0,21,108,20,5,300000,7000000,4,1502777.7777777778
21.0,5,0.0,0.0,0.0,43,0,0,0,150000,150000,4,1502777.7777777778
30.0,42,0.0,0.0,1.085499865987671,3731,73,11,6,1200000,2800000,1,1118571.4285714286
30.0,1,0.0,0.0,2.0,90,0,0,0,400000,600000,1,1118571.4285714286
23.0,0,,,,0,0,0,0,100000,100000,1,1118571.4285714286
20.0,0,,,,0,0,0,0,100000,100000,1,1118571.4285714286
28.0,10,0.0,0.0,0.0,840,9,2,4,1800000,7000000,2,1118571.4285714286
27.0,5,0.0,0.0,0.0,450,217,28,13,1200000,1700000,2,1118571.4285714286
19.0,1,0.0,0.0,0.0,90,0,0,1,700000,700000,2,1118571.4285714286
31.0,25,0.043373493975903614,0.043373493975903614,0.0,2075,75,10,0,500000,1800000,2,1118571.4285714286
23.0,1,0.0,0.0,0.0,90,0,0,0,250000,250000,2,1118571.4285714286
36.0,7,0.0,0.0,0.0,625,82,13,3,200000,10000000,2,1118571.4285714286
20.0,2,0.0,0.0,0.0,124,20,3,0,0,0,2,1118571.4285714286
29.0,7,0.0,0.0,0.0,409,0,0,4,1200000,2000000,2,1118571.4285714286
24.0,10,0.0,0.0,0.0,742,0,0,0,1000000,1000000,2,1118571.4285714286
21.0,9,0.0,0.0,0.0,775,0,0,0,2500000,2500000,2,1118571.4285714286
26.0,3,0.0,0.0,0.0,125,39,8,0,0,175000,2,1118571.4285714286
19.0,0,,,,0,0,0,0,0,0,2,1118571.4285714286
29.0,14,0.0,0.0,0.0,308,16,2,1,1200000,1200000,3,1118571.4285714286
22.0,2,0.0,0.0,0.0,49,0,0,0,200000,200000,3,1118571.4285714286
33.0,3,0.0,0.0,0.0,199,261,47,2,200000,2000000,3,1118571.4285714286
25.0,8,0.0,0.0,0.0,562,57,5,0,3000000,4000000,3,1118571.4285714286
25.0,5,0.0,0.0,0.0,124,281,44,0,2500000,5000000,3,1118571.4285714286
22.0,10,0.0,0.0,0.0,764,0,0,0,2000000,4000000,3,1118571.4285714286
25.0,4,0.0,0.0,0.0,48,0,0,0,700000,700000,3,1118571.4285714286
34.0,6,0.0,0.0,0.0,295,39,7,3,700000,3250000,3,1118571.4285714286
27.0,6,0.3125,0.0,0.0,288,4,0,0,5000000,8000000,3,1118571.4285714286
27.0,7,0.0,0.0,0.0,282,637,112,2,2000000,10000000,3,1118571.4285714286
20.0,0,,,,0,0,0,0,1000000,1000000,3,1118571.4285714286
28.0,6,0.0,0.19313304721030042,0.0,466,0,0,0,2000000,2000000,4,1118571.4285714286
29.0,18,0.0,0.3988183161004431,0.0,1354,67,0,1,1700000,3500000,4,1118571.4285714286
19.0,9,0.0,0.0,0.0,290,0,0,0,700000,700000,4,1118571.4285714286
20.0,1,0.0,0.0,0.0,50,0,0,0,100000,100000,4,1118571.4285714286
32.0,17,0.5202312138728323,0.17341040462427745,0.0,519,458,80,0,2000000,2500000,4,1118571.4285714286
29.0,7,0.0,0.0,0.0,333,131,0,1,1500000,1500000,4,1118571.4285714286
32.0,9,0.45454545454545453,0.0,0.0,594,0,0,0,1000000,1500000,4,1118571.4285714286
20.0,1,0.0,0.0,0.0,7,0,0,0,500000,500000,4,1118571.4285714286
34.0,6,0.0,0.0,0.6666666666666666,540,61,18,2,350000,900000,1,1278333.3333333333
31.0,1,0.0,0.0,0.0,90,0,0,0,350000,600000,1,1278333.3333333333
38.0,7,0.0,0.0,1.0,630,195,39,0,200000,1250000,1,1278333.3333333333
27.0,3,0.0,0.0,0.0,180,35,8,0,2500000,2500000,2,1278333.3333333333
29.0,11,0.0,0.09268795056642637,0.0,971,0,0,1,1000000,1200000,2,1278333.3333333333
22.0,7,0.0,0.0,0.0,526,0,0,0,1000000,1000000,2,1278333.3333333333
24.0,0,,,,0,0,0,0,750000,750000,2,1278333.3333333333
35.0,13,0.0,0.0,0.0,1170,0,0,1,250000,2300000,2,1278333.3333333333
22.0,2,0.0,0.0,0.0,162,46,14,4,1500000,1500000,2,1278333.3333333333
31.0,12,0.0,0.18274111675126903,0.0,985,28,5,0,700000,1000000,2,1278333.3333333333
30.0,14,0.2132701421800948,0.0,0.0,422,11,1,0,1400000,2500000,2,1278333.3333333333
26.0,1,0.0,0.0,0.0,90,19,6,0,1300000,1300000,2,1278333.3333333333
31.0,13,0.0,0.07880910683012259,0.0,1142,0,0,2,900000,2500000,2,1278333.3333333333
28.0,5,0.0,0.0,0.0,138,0,0,0,800000,1000000,3,1278333.3333333333
33.0,45,0.10221465076660988,0.02555366269165247,0.0,3522,36,9,4,750000,2000000,3,1278333.3333333333
22.0,6,0.0,0.0,0.0,75,0,0,0,3000000,3000000,3,1278333.3333333333
24.0,14,0.2341717259323504,0.07805724197745013,0.0,1153,284,33,1,2500000,3500000,3,1278333.3333333333
22.0,12,0.13043478260869565,0.0,0.0,690,0,0,0,1500000,1500000,3,1278333.3333333333
28.0,4,0.0,0.0,0.0,266,7,2,1,2500000,2500000,3,1278333.3333333333
23.0,14,0.20954598370197905,0.0,0.0,859,0,0,3,2500000,2500000,3,1278333.3333333333
27.0,14,0.12016021361815754,0.0,0.0,749,9,2,1,2000000,5300000,3,1278333.3333333333
21.0,2,0.0,0.0,0.0,99,0,0,0,100000,100000,3,1278333.3333333333
28.0,4,0.0,0.0,0.0,124,257,54,6,1800000,6000000,4,1278333.3333333333
26.0,8,0.3448275862068966,0.0,0.0,522,74,21,0,1300000,1500000,4,1278333.3333333333
29.0,10,0.0,0.0,0.0,301,0,0,1,1300000,1300000,4,1278333.3333333333
28.0,37,0.23221525985993366,0.16586804275709546,0.0,2713,7,1,1,800000,1500000,4,1278333.3333333333
27.0,13,0.4730617608409987,0.11826544021024968,0.0,761,13,2,1,1800000,4000000,4,1278333.3333333333
33.0,45,0.13513513513513514,0.09009009009009009,0.0,1998,36,8,0,1500000,2500000,4,1278333.3333333333
31.0,10,0.38081805359661497,0.12693935119887165,0.0,709,13,1,2,1200000,2400000,4,1278333.3333333333
34.0,11,0.9407665505226481,0.0,0.0,287,19,4,2,800000,4000000,4,1278333.3333333333
33.0,17,0.0,0.0,1.6470588235294117,1530,152,21,6,600000,4000000,1,1154687.5
24.0,0,,,,0,0,0,1,400000,400000,1,1154687.5
25.0,0,,,,0,0,0,0,200000,250000,1,1154687.5
27.0,8,0.125,0.0,0.0,720,0,0,1,2000000,2000000,2,1154687.5
26.0,1,0.0,0.0,0.0,9,0,0,0,1000000,1000000,2,1154687.5
30.0,28,0.0,0.0,0.0,2429,21,4,0,700000,2000000,2,1154687.5
33.0,10,0.0,0.0,0.0,879,0,0,0,300000,900000,2,1154687.5
26.0,25,0.04259346900141978,0.08518693800283957,0.0,2113,101,11,1,2000000,3800000,2,1154687.5
20.0,0,,,,0,0,0,2,700000,700000,2,1154687.5
28.0,10,0.0,0.0,0.0,802,0,0,1,2000000,14000000,2,1154687.5
23.0,31,0.0818926296633303,0.04094631483166515,0.0,2198,0,0,5,1500000,1500000,2,1154687.5
24.0,3,0.0,0.9183673469387755,0.0,98,81,0,0,200000,200000,2,1154687.5
29.0,4,0.0,0.0,0.0,346,12,2,1,1500000,1500000,3,1154687.5
27.0,15,0.19693654266958424,0.0,0.0,914,0,0,0,1200000,1200000,3,1154687.5
25.0,7,0.0,0.0,0.0,260,0,0,0,500000,500000,3,1154687.5
27.0,10,0.0,0.3185840707964602,0.0,565,59,4,1,400000,400000,3,1154687.5
30.0,36,0.06020066889632107,0.1806020066889632,0.0,2990,225,36,2,1500000,5000000,3,1154687.5
21.0,1,0.0,0.0,0.0,11,134,22,0,1200000,1500000,3,1154687.5
26.0,8,0.0,0.0,0.0,359,97,7,2,800000,1250000,3,1154687.5
20.0,0,,,,0,0,0,0,100000,100000,3,1154687.5
25.0,48,0.07761966364812418,0.07761966364812418,0.0,2319,102,22,1,2500000,3500000,3,1154687.5
30.0,5,0.0,0.0,0.0,183,155,32,3,2500000,4000000,3,1154687.5
21.0,3,0.0,0.0,0.0,14,0,0,1,1400000,1400000,3,1154687.5
22.0,1,0.0,0.0,0.0,67,0,0,0,400000,400000,3,1154687.5
24.0,10,0.30405405405405406,0.0,0.0,592,105,31,5,6000000,7000000,4,1154687.5
26.0,50,0.26801667659321027,0.16081000595592615,0.0,3358,0,0,1,1500000,1500000,4,1154687.5
22.0,0,,,,0,0,0,1,100000,100000,4,1154687.5
20.0,36,0.27583187390542907,0.15761821366024517,0.0,2284,114,8,2,1000000,1000000,4,1154687.5
24.0,4,0.0,0.0,0.0,84,28,5,0,250000,250000,4,1154687.5
23.0,4,0.0,0.0,0.0,45,0,0,0,1500000,1500000,4,1154687.5
33.0,38,0.43313853557923687,0.24750773461670678,0.0,2909,18,3,0,1000000,1400000,4,1154687.5
33.0,7,0.0,0.0,0.0,260,220,19,1,0,4000000,4,1154687.5
31.0,7,0.0,0.0,1.4285714285714286,630,18,5,0,2000000,2000000,1,654411.7647058824
35.0,3,0.0,0.0,2.6666666666666665,270,0,0,0,150000,600000,1,654411.7647058824
28.0,0,,,,0,0,0,0,100000,100000,1,654411.7647058824
23.0,7,0.1549053356282272,0.0,0.0,581,0,0,1,3000000,5000000,2,654411.7647058824
30.0,9,0.1111111111111111,0.0,0.0,810,0,0,1,600000,750000,2,654411.7647058824
22.0,2,0.0,0.0,0.0,92,0,0,0,500000,500000,2,654411.7647058824
30.0,5,0.0,0.0,0.0,319,127,21,0,300000,300000,2,654411.7647058824
25.0,1,0.0,0.0,0.0,22,114,24,0,500000,500000,2,654411.7647058824
32.0,10,0.0,0.20501138952164008,0.0,878,113,19,0,250000,1500000,2,654411.7647058824
30.0,49,0.11450381679389313,0.11450381679389313,0.0,3930,55,8,1,700000,1000000,2,654411.7647058824
31.0,4,0.25,0.0,0.0,360,0,0,2,400000,400000,2,654411.7647058824
36.0,6,0.45,0.0,0.0,200,0,0,0,200000,2250000,2,654411.7647058824
29.0,2,0.0,0.0,0.0,54,0,0,1,1200000,1200000,3,654411.7647058824
30.0,7,0.0,0.0,0.0,449,109,18,3,550000,550000,3,654411.7647058824
24.0,9,0.0,0.0,0.0,761,0,0,0,500000,500000,3,654411.7647058824
22.0,0,,,,0,0,0,0,100000,100000,3,654411.7647058824
27.0,9,0.0,0.12448132780082988,0.0,723,0,0,0,1000000,1000000,3,654411.7647058824
25.0,6,0.0,0.0,0.0,490,0,0,0,400000,400000,3,654411.7647058824
23.0,2,0.0,0.0,0.0,15,0,0,0,400000,800000,3,654411.7647058824
33.0,1,0.0,0.0,0.0,35,16,5,2,200000,1750000,3,654411.7647058824
32.0,5,0.0,0.0,0.0,111,295,51,8,1200000,4000000,3,654411.7647058824
24.0,9,0.0,0.0,0.0,714,0,0,0,600000,700000,3,654411.7647058824
24.0,2,0.0,0.0,0.0,13,0,0,0,400000,400000,3,654411.7647058824
24.0,3,0.0,0.0,0.0,49,207,33,0,100000,100000,3,654411.7647058824
29.0,6,0.0,0.0,0.0,459,90,7,1,1500000,1500000,4,654411.7647058824
28.0,6,0.0,0.0,0.0,161,0,0,0,500000,500000,4,654411.7647058824
22.0,0,,,,0,247,39,1,150000,150000,4,654411.7647058824
24.0,7,0.3409090909090909,0.0,0.0,264,0,0,0,550000,550000,4,654411.7647058824
19.0,1,0.0,0.0,0.0,6,0,0,0,500000,500000,4,654411.7647058824
27.0,28,0.6728232189973615,0.079155672823219,0.0,2274,0,0,2,1500000,1500000,4,654411.7647058824
24.0,3,0.0,0.0,0.0,94,14,2,0,1400000,1400000,4,654411.7647058824
23.0,3,0.0,0.0,0.0,61,7,1,0,600000,600000,4,654411.7647058824
21.0,0,,,,0,0,0,0,100000,100000,4,654411.7647058824
24.0,3,0.0,0.0,0.0,95,0,0,0,100000,100000,4,654411.7647058824
35.0,10,0.0,0.0,1.4,900,154,13,2,250000,1500000,1,595689.6551724138
35.0,0,,,,0,0,0,0,200000,1000000,1,595689.6551724138
24.0,0,,,,0,0,0,0,100000,100000,1,595689.6551724138
29.0,8,0.0,0.125,0.0,720,137,22,6,900000,1000000,2,595689.6551724138
31.0,9,0.0,0.0,0.0,810,0,0,1,500000,800000,2,595689.6551724138
32.0,50,0.0,0.0,0.0,4106,141,20,0,125000,400000,2,595689.6551724138
22.0,1,0.0,0.0,0.0,11,0,0,0,100000,100000,2,595689.6551724138
20.0,0,,,,0,0,0,0,100000,100000,2,595689.6551724138
34.0,16,0.0680786686838124,0.0680786686838124,0.0,1322,314,49,1,300000,3000000,2,595689.6551724138
19.0,4,0.0,0.0,0.0,333,0,0,0,250000,250000,2,595689.6551724138
21.0,0,,,,0,0,0,0,150000,150000,2,595689.6551724138
28.0,6,0.0,0.0,0.0,371,0,0,0,0,100000,2,595689.6551724138
24.0,5,0.2073732718894009,0.0,0.0,434,0,0,0,700000,700000,2,595689.6551724138
24.0,9,0.0,0.0,0.0,662,0,0,0,600000,600000,2,595689.6551724138
26.0,9,0.0,0.0,0.0,672,69,3,0,1000000,1000000,3,595689.6551724138
25.0,9,0.2912621359223301,0.0,0.0,309,0,0,0,800000,800000,3,595689.6551724138
29.0,16,0.07778738115816768,0.0,0.0,1157,312,50,4,700000,2000000,3,595689.6551724138
20.0,1,0.0,0.0,0.0,7,0,0,0,200000,200000,3,595689.6551724138
28.0,7,0.18828451882845187,0.18828451882845187,0.0,478,0,0,0,2000000,2000000,3,595689.6551724138
31.0,10,0.0,0.0,0.0,467,72,6,3,800000,3000000,3,595689.6551724138
22.0,7,0.0,0.0,0.0,425,0,0,0,400000,400000,3,595689.6551724138
23.0,13,0.23376623376623376,0.0,0.0,385,24,6,0,1500000,1500000,4,595689.6551724138
22.0,7,0.0,0.0,0.0,424,0,0,0,400000,400000,4,595689.6551724138
20.0,5,0.0,0.0,0.0,144,0,0,0,100000,100000,4,595689.6551724138
31.0,9,0.0,0.17307692307692307,0.0,520,0,0,4,450000,10000000,4,595689.6551724138
30.0,9,0.0,0.0,0.0,496,183,35,1,450000,2000000,4,595689.6551724138
23.0,25,0.17578125,0.0,0.0,1024,0,0,1,2500000,2500000,4,595689.6551724138
32.0,12,0.354796320630749,0.0,0.0,761,36,4,3,1000000,5000000,4,595689.6551724138
27.0,5,0.0,0.0,0.0,215,8,1,0,700000,700000,4,595689.6551724138
25.0,10,0.0,0.0,0.7,900,0,0,0,2000000,2000000,1,1742105.2631578948
35.0,0,,,,0,134,14,0,600000,3000000,1,1742105.2631578948
33.0,0,,,,0,0,0,0,150000,150000,1,1742105.2631578948
21.0,0,,,,0,0,0,0,100000,100000,1,1742105.2631578948
25.0,35,0.03067484662576687,0.03067484662576687,0.0,2934,44,3,0,3000000,3000000,2,1742105.2631578948
25.0,2,0.0,0.0,0.0,95,0,0,3,1500000,1500000,2,1742105.2631578948
34.0,9,0.0,0.0,0.0,810,10,3,1,1500000,4500000,2,1742105.2631578948
28.0,21,0.11235955056179775,0.0,0.0,1602,326,23,0,600000,1700000,2,1742105.2631578948
21.0,1,0.0,0.0,0.0,90,0,0,0,400000,400000,2,1742105.2631578948
36.0,0,,,,0,5,2,0,200000,1000000,2,1742105.2631578948
20.0,0,,,,0,0,0,0,0,0,2,1742105.2631578948
21.0,3,0.0,0.0,0.0,270,0,0,0,1500000,1500000,2,1742105.2631578948
34.0,23,0.0,0.10392609699769054,0.0,1732,376,51,0,1200000,8000000,2,1742105.2631578948
32.0,6,0.0,0.0,0.0,288,443,83,9,900000,15000000,2,1742105.2631578948
30.0,1,0.0,0.0,0.0,44,37,6,0,800000,800000,2,1742105.2631578948
29.0,10,0.0,0.12362637362637363,0.0,728,256,38,0,500000,3000000,2,1742105.2631578948
28.0,9,0.0,0.0,0.0,584,0,0,0,2700000,2700000,3,1742105.2631578948
27.0,3,0.0,0.0,0.0,224,161,30,3,2500000,10000000,3,1742105.2631578948
22.0,0,,,,0,333,57,0,1500000,1500000,3,1742105.2631578948
22.0,0,,,,0,332,57,0,1000000,1000000,3,1742105.2631578948
23.0,7,0.0,0.0,0.0,351,96,24,4,5000000,16000000,3,1742105.2631578948
29.0,31,0.1658069270449521,0.2984524686809138,0.0,2714,372,52,3,4500000,15000000,3,1742105.2631578948
25.0,38,0.0448654037886341,0.1345962113659023,0.0,2006,484,68,0,2000000,2200000,3,1742105.2631578948
30.0,10,0.0,0.0,0.0,603,0,0,6,1800000,5000000,3,1742105.2631578948
21.0,2,0.0,0.0,0.0,58,0,0,0,0,0,3,1742105.2631578948
20.0,5,0.0,1.1538461538461537,0.0,78,20,6,1,2000000,2000000,3,1742105.2631578948
29.0,16,0.0,0.0,0.0,597,215,32,2,2000000,7500000,3,1742105.2631578948
33.0,35,0.2617230098146129,0.13086150490730644,0.0,2751,262,36,10,1500000,6000000,3,1742105.2631578948
24.0,13,0.36585365853658536,0.0,0.0,246,0,0,0,150000,150000,3,1742105.2631578948
21.0,35,0.1431980906921241,0.0,0.0,1257,21,5,0,6000000,8000000,4,1742105.2631578948
22.0,13,0.345821325648415,0.1729106628242075,0.0,1041,0,0,0,2000000,2000000,4,1742105.2631578948
29.0,35,0.1569995638901003,0.19624945486262538,0.0,2293,29,6,3,2000000,4500000,4,1742105.2631578948
30.0,33,0.32339202299676606,0.19403521379805966,0.0,2783,69,2,2,2500000,2500000,4,1742105.2631578948
28.0,11,0.12362637362637363,0.0,0.0,728,0,0,3,600000,900000,4,1742105.2631578948
21.0,1,0.0,0.0,0.0,20,0,0,0,500000,500000,4,1742105.2631578948
19.0,2,0.0,0.0,0.0,73,0,0,0,7000000,7000000,4,1742105.2631578948
32.0,60,0.5553923009109609,0.05289450484866295,0.0,3403,184,29,5,4000000,12000000,4,1742105.2631578948
24.0,2,0.0,0.0,0.0,89,0,0,0,0,0,4,1742105.2631578948
32.0,10,0.0,0.0,0.8,900,0,0,4,2500000,3500000,1,3408333.3333333335
24.0,0,,,,0,0,0,2,250000,250000,1,3408333.3333333335
20.0,0,,,,0,0,0,0,100000,100000,1,3408333.3333333335
26.0,4,0.0,0.0,0.0,360,37,8,2,6000000,7500000,2,3408333.3333333335
28.0,0,,,,0,267,42,3,3000000,3500000,2,3408333.3333333335
30.0,25,0.0,0.04451038575667656,0.0,2022,53,12,4,2000000,18000000,2,3408333.3333333335
24.0,24,0.0,0.0,0.0,1126,390,49,3,1800000,4500000,2,3408333.3333333335
27.0,28,0.04620123203285421,0.0,0.0,1948,149,20,0,500000,10000000,2,3408333.3333333335
38.0,2,0.0,0.0,0.0,11,144,34,8,200000,5500000,2,3408333.3333333335
26.0,1,0.0,0.0,0.0,22,245,39,6,12000000,14000000,2,3408333.3333333335
31.0,1,0.0,0.0,0.0,60,558,58,3,800000,7000000,2,3408333.3333333335
29.0,6,0.0,0.0,0.0,384,0,0,3,2500000,5000000,2,3408333.3333333335
36.0,7,0.0,0.0,0.0,432,110,20,10,300000,8000000,2,3408333.3333333335
26.0,4,0.0,0.0,0.0,280,166,12,4,7000000,7000000,3,3408333.3333333335
29.0,22,0.0,0.0,0.0,1498,181,19,1,6000000,8000000,3,3408333.3333333335
31.0,57,0.0,0.0,0.0,2878,387,57,2,1500000,10000000,3,3408333.3333333335
24.0,5,0.0,0.5325443786982249,0.0,169,0,0,0,5500000,8500000,3,3408333.3333333335
30.0,10,0.0,0.0,0.0,352,11,4,0,3000000,4500000,3,3408333.3333333335
33.0,9,0.0,0.0,0.0,408,0,0,4,2000000,4000000,3,3408333.3333333335
25.0,9,0.0,0.0,0.0,719,103,19,4,12000000,17500000,3,3408333.3333333335
21.0,10,0.0,0.0,0.0,691,0,0,1,4000000,4000000,3,3408333.3333333335
30.0,7,0.0,0.0,0.0,204,75,2,4,3000000,3000000,3,3408333.3333333335
22.0,47,0.2515974440894569,0.07188498402555911,0.0,2504,458,55,2,7500000,25000000,4,3408333.3333333335
27.0,9,0.17307692307692307,0.34615384615384615,0.0,520,179,26,6,4000000,20000000,4,3408333.3333333335
25.0,24,0.22542266750156542,0.16906700062617408,0.0,1597,207,33,2,10000000,17000000,4,3408333.3333333335
36.0,7,0.42857142857142855,0.2857142857142857,0.0,630,216,31,32,2500000,48000000,4,3408333.3333333335
33.0,6,0.0,0.0,0.0,335,221,24,19,1800000,11000000,4,3408333.3333333335
34.0,12,0.7346938775510204,0.0,0.0,245,455,80,5,500000,4500000,4,3408333.3333333335
19.0,6,0.52734375,0.0,0.0,512,0,0,0,0,0,4,3408333.3333333335
19.0,1,0.0,0.0,0.0,10,0,0,0,0,0,4,3408333.3333333335
30.0,0,,,,0,68,20,0,700000,2000000,1,2271621.621621622
33.0,10,0.0,0.0,1.1,900,0,0,7,400000,1250000,1,2271621.621621622
35.0,0,,,,0,0,0,1,350000,750000,1,2271621.621621622
23.0,4,0.0,0.0,0.0,270,157,22,0,4000000,4000000,2,2271621.621621622
26.0,4,0.0,0.0,0.0,347,87,10,1,3000000,7500000,2,2271621.621621622
19.0,8,0.125,0.0,0.0,720,0,0,0,2500000,2500000,2,2271621.621621622
31.0,6,0.0,0.0,0.0,540,186,43,0,1800000,2500000,2,2271621.621621622
24.0,28,0.0,0.0,0.0,2341,131,27,0,1500000,1500000,2,2271621.621621622
20.0,1,0.0,0.0,0.0,44,0,0,0,200000,200000,2,2271621.621621622
22.0,1,0.0,0.0,0.0,120,151,28,0,3000000,3000000,2,2271621.621621622
20.0,2,0.0,0.0,0.0,137,0,0,2,1500000,1500000,2,2271621.621621622
26.0,2,0.0,0.0,0.0,89,223,45,0,3000000,3500000,2,2271621.621621622
19.0,5,0.0,0.30927835051546393,0.0,291,266,46,0,2000000,2000000,2,2271621.621621622
27.0,0,,,,0,18,4,1,1000000,1700000,2,2271621.621621622
20.0,1,0.0,0.0,0.0,44,0,0,0,600000,600000,2,2271621.621621622
29.0,17,0.0,0.0,0.0,1094,0,0,0,300000,300000,2,2271621.621621622
37.0,8,0.0,0.0,0.0,588,246,40,24,200000,12000000,2,2271621.621621622
21.0,10,0.23106546854942234,0.0,0.0,779,0,0,0,6000000,6000000,3,2271621.621621622
24.0,5,0.0,0.0,0.0,203,57,17,0,4000000,5000000,3,2271621.621621622
26.0,2,0.0,0.0,0.0,66,63,13,3,2500000,2500000,3,2271621.621621622
25.0,9,0.0,0.0,0.0,403,283,45,3,1500000,1500000,3,2271621.621621622
22.0,7,0.1814516129032258,0.0,0.0,496,0,0,1,7000000,7000000,3,2271621.621621622
20.0,3,0.0,0.0,0.0,41,130,29,1,2000000,2000000,3,2271621.621621622
23.0,1,0.0,0.0,0.0,18,276,30,0,8000000,8000000,3,2271621.621621622
26.0,38,0.45968624589565854,0.09850419554906968,0.0,2741,100,17,0,2000000,3000000,3,2271621.621621622
23.0,14,0.0,0.0,0.0,263,294,60,1,1000000,2000000,3,2271621.621621622
30.0,9,0.0,0.21951219512195122,0.0,410,0,0,0,1000000,1000000,3,2271621.621621622
22.0,47,0.20689655172413793,0.08275862068965517,0.0,2175,15,0,0,4000000,11000000,4,2271621.621621622
27.0,4,0.0,0.0,0.0,47,61,16,1,1700000,2000000,4,2271621.621621622
19.0,3,1.0,1.0,0.0,90,263,51,0,1000000,1000000,4,2271621.621621622
25.0,10,0.0,0.11795543905635648,0.0,763,0,0,0,3000000,4000000,2,2271621.621621622
29.0,10,0.0,0.17013232514177692,0.0,529,327,46,4,600000,4000000,4,2271621.621621622
29.0,9,0.38243626062322944,0.1274787535410765,0.0,706,0,0,2,4500000,10000000,4,2271621.621621622
24.0,16,0.2928416485900217,0.0,0.0,922,75,19,0,3500000,4000000,4,2271621.621621622
30.0,10,0.13043478260869565,0.13043478260869565,0.0,690,0,0,3,3000000,5500000,4,2271621.621621622
21.0,5,0.0,0.0,0.0,102,0,0,0,1000000,1000000,4,2271621.621621622
33.0,22,0.1507537688442211,0.3015075376884422,0.0,1194,0,0,8,700000,35000000,4,2271621.621621622
27.0,0,,,,0,0,0,0,300000,300000,1,894117.6470588235
30.0,33,0.0,0.0,1.696969696969697,2970,57,4,1,250000,1000000,1,894117.6470588235
36.0,5,0.0,0.0,2.6057906458797326,449,127,21,0,200000,200000,1,894117.6470588235
22.0,0,,,,0,0,0,0,150000,150000,1,894117.6470588235
27.0,10,0.0,0.0,0.0,699,0,0,0,2500000,2500000,2,894117.6470588235
28.0,5,0.0,0.0,0.0,450,0,0,0,1500000,1500000,2,894117.6470588235
32.0,4,0.0,0.0,0.0,360,0,0,0,300000,1750000,2,894117.6470588235
30.0,3,0.0,0.0,0.0,204,22,4,1,300000,350000,2,894117.6470588235
26.0,3,0.0,0.0,0.0,181,0,0,1,2000000,2000000,2,894117.6470588235
29.0,6,0.0,0.16885553470919323,0.0,533,0,0,0,700000,700000,2,894117.6470588235
33.0,7,0.2054794520547945,0.0,0.0,438,981,60,1,300000,2500000,2,894117.6470588235
20.0,1,0.0,0.0,0.0,90,0,0,1,5000000,5000000,2,894117.6470588235
27.0,7,0.0,0.0,0.0,489,0,0,1,1000000,3500000,2,894117.6470588235
27.0,7,0.0,0.0,0.0,463,46,8,0,2000000,2000000,3,894117.6470588235
35.0,10,0.0,0.0,0.0,744,0,0,1,400000,800000,3,894117.6470588235
19.0,4,0.0,0.0,0.0,280,0,0,0,150000,150000,3,894117.6470588235
19.0,2,0.0,0.0,0.0,12,0,0,0,500000,500000,3,894117.6470588235
32.0,8,0.0,0.0,0.0,456,0,0,0,400000,500000,3,894117.6470588235
20.0,1,0.0,0.0,0.0,80,0,0,0,150000,150000,3,894117.6470588235
28.0,3,0.46153846153846156,1.3846153846153846,0.0,195,0,0,1,2000000,6500000,3,894117.6470588235
28.0,9,0.0,0.20689655172413793,0.0,435,153,21,1,1200000,2000000,3,894117.6470588235
25.0,18,0.08395522388059702,0.0,0.0,1072,389,43,1,1200000,1200000,3,894117.6470588235
29.0,8,0.0,0.0,0.0,564,0,0,0,1000000,1250000,4,894117.6470588235
21.0,1,0.0,0.0,0.0,9,0,0,0,500000,500000,4,894117.6470588235
28.0,1,0.0,0.0,0.0,24,0,0,2,400000,1000000,4,894117.6470588235
36.0,10,0.15544041450777202,0.0,0.0,579,0,0,1,200000,2000000,4,894117.6470588235
26.0,0,,,,0,58,17,0,1200000,1200000,4,894117.6470588235
17.0,2,0.0,0.0,0.0,55,25,7,0,800000,800000,4,894117.6470588235
20.0,12,0.14469453376205788,0.0,0.0,622,0,0,0,500000,500000,4,894117.6470588235
24.0,10,0.0,0.0,0.0,215,0,0,0,1500000,2000000,4,894117.6470588235
30.0,2,0.0,0.0,0.0,93,37,1,0,900000,1500000,4,894117.6470588235
32.0,3,0.0,0.0,0.0,94,419,26,3,450000,2250000,4,894117.6470588235
34.0,9,0.47451669595782076,0.15817223198594024,0.0,569,0,0,3,250000,4000000,4,894117.6470588235
40.0,4,0.9278350515463918,0.0,0.0,97,9,1,1,200000,3000000,4,894117.6470588235
35.0,12,0.0,0.0,0.8108108108108109,1110,0,0,16,3000000,6000000,1,5138333.333333333
29.0,0,,,,0,100,8,6,400000,400000,1,5138333.333333333
36.0,0,,,,0,0,0,4,300000,3250000,1,5138333.333333333
30.0,6,0.47368421052631576,0.15789473684210525,0.0,570,8,1,9,9000000,9000000,2,5138333.333333333
26.0,10,0.0,0.15228426395939088,0.0,591,135,25,5,8500000,8500000,2,5138333.333333333
30.0,9,0.0,0.0,0.0,840,0,0,7,2500000,3750000,2,5138333.333333333
21.0,2,0.0,0.0,0.0,102,0,0,1,300000,300000,2,5138333.333333333
24.0,9,0.0,0.21428571428571427,0.0,840,94,20,3,8000000,8000000,2,5138333.333333333
20.0,3,0.0,0.0,0.0,270,0,0,3,2500000,2500000,2,5138333.333333333
34.0,4,0.0,0.0,0.0,378,135,27,9,1200000,6000000,2,5138333.333333333
30.0,8,0.15151515151515152,0.15151515151515152,0.0,594,70,15,8,1000000,5500000,2,5138333.333333333
21.0,3,0.0,0.0,0.0,136,0,0,3,700000,700000,2,5138333.333333333
27.0,3,0.0,0.0,0.0,103,261,49,5,2000000,5500000,3,5138333.333333333
21.0,7,0.0,0.0,0.0,154,0,0,2,1500000,1500000,3,5138333.333333333
22.0,10,0.12113055181695828,0.12113055181695828,0.0,743,9,2,6,8000000,15000000,3,5138333.333333333
29.0,11,0.0,0.0,0.0,897,0,0,5,5000000,5000000,3,5138333.333333333
25.0,8,0.29605263157894735,0.0,0.0,304,141,32,4,2500000,5500000,3,5138333.333333333
22.0,19,0.0,0.0,0.0,558,0,0,3,1000000,1000000,3,5138333.333333333
27.0,9,0.7758620689655172,0.25862068965517243,0.0,696,173,31,8,14000000,14000000,3,5138333.333333333
26.0,35,0.43478260869565216,0.17391304347826086,0.0,1035,233,37,6,3000000,4000000,3,5138333.333333333
17.0,0,,,,0,0,0,1,3000000,3000000,3,5138333.333333333
20.0,5,0.0,0.0,0.0,74,0,0,1,750000,750000,3,5138333.333333333
31.0,12,0.18386108273748722,0.27579162410623087,0.0,979,0,0,14,11000000,15000000,4,5138333.333333333
27.0,7,0.0,0.0,0.0,108,60,24,5,2000000,2500000,4,5138333.333333333
19.0,1,0.0,0.0,0.0,5,178,41,3,10000000,10000000,4,5138333.333333333
25.0,10,0.44063647490820074,0.11015911872705018,0.0,817,0,0,2,9000000,10000000,4,5138333.333333333
16.0,8,1.3170731707317074,0.0,0.0,205,0,0,4,20000000,20000000,4,5138333.333333333
28.0,10,0.12379642365887207,0.0,0.0,727,23,7,7,13000000,13000000,4,5138333.333333333
22.0,4,0.72,0.0,0.0,125,0,0,1,7000000,8000000,4,5138333.333333333
23.0,4,0.0,0.0,0.0,141,0,0,2,4000000,5000000,4,5138333.333333333
33.0,8,0.0,0.0,1.7462686567164178,670,16,4,6,2500000,3500000,1,4972580.645161291
24.0,0,,,,0,0,0,5,2000000,4000000,1,4972580.645161291
22.0,6,0.0,0.0,0.4400977995110024,409,0,0,1,450000,450000,1,4972580.645161291
27.0,10,0.23904382470119523,0.0,0.0,753,0,0,7,4000000,5000000,2,4972580.645161291
27.0,12,0.0,0.08704061895551257,0.0,1034,0,0,2,3500000,3500000,2,4972580.645161291
31.0,18,0.0,0.0,0.0,1300,268,23,4,3000000,10000000,2,4972580.645161291
29.0,1,,,,0,507,91,10,2000000,9000000,2,4972580.645161291
21.0,2,0.0,0.0,0.0,91,342,62,3,2000000,2000000,2,4972580.645161291
36.0,8,0.15789473684210525,0.15789473684210525,0.0,570,249,54,25,600000,30000000,2,4972580.645161291
20.0,0,,,,0,0,0,1,150000,150000,2,4972580.645161291
25.0,42,0.07612066535100084,0.025373555117000283,0.0,3547,41,6,3,7000000,7000000,2,4972580.645161291
37.0,1,0.0,0.0,0.0,10,424,79,18,350000,25000000,2,4972580.645161291
22.0,2,0.0,0.5232558139534884,0.0,172,79,19,5,6500000,8000000,2,4972580.645161291
30.0,32,0.0,0.12113055181695828,0.0,2229,389,54,9,2000000,2500000,2,4972580.645161291
19.0,10,0.0,0.0,0.0,813,0,0,1,150000,150000,2,4972580.645161291
26.0,10,0.0,0.0,0.0,768,319,70,7,6000000,9000000,3,4972580.645161291
29.0,28,0.0,0.0,0.0,1622,164,21,2,5000000,15000000,3,4972580.645161291
20.0,0,,,,0,0,0,1,150000,150000,3,4972580.645161291
26.0,68,0.2729636048526863,0.2534662045060659,0.0,4616,31,6,6,16000000,22000000,3,4972580.645161291
36.0,49,0.05211349160393746,0.1563404748118124,0.0,1727,250,41,27,1200000,45000000,3,4972580.645161291
28.0,7,0.0,0.36,0.0,500,189,51,10,19000000,19000000,3,4972580.645161291
19.0,4,0.9375,0.0,0.0,96,0,0,2,5000000,5000000,3,4972580.645161291
34.0,8,0.0,0.0,0.0,541,10,3,13,3500000,17000000,3,4972580.645161291
19.0,9,0.0,0.0,0.0,377,0,0,2,3000000,3000000,3,4972580.645161291
27.0,58,0.21364985163204747,0.26706231454005935,0.0,3370,27,6,7,11000000,40000000,4,4972580.645161291
32.0,5,0.5056179775280899,0.0,0.0,178,439,70,9,3000000,6500000,4,4972580.645161291
33.0,4,0.0,0.0,0.0,78,9,4,4,1500000,4000000,4,4972580.645161291
17.0,2,0.0,0.0,0.0,14,0,0,0,150000,150000,4,4972580.645161291
25.0,10,0.9797822706065319,0.0,0.0,643,253,32,7,22000000,22000000,4,4972580.645161291
26.0,10,0.535077288941736,0.1070154577883472,0.0,841,0,0,16,21000000,26000000,4,4972580.645161291
19.0,6,0.4534005037783375,0.0,0.0,397,0,0,1,450000,450000,4,4972580.645161291
21.0,0,,,,0,0,0,1,2500000,2500000,1,3006250.0
35.0,10,0.0,0.0,1.5,900,8,3,8,1000000,5000000,1,3006250.0
24.0,0,,,,0,0,0,0,1000000,1000000,1,3006250.0
23.0,7,0.0,0.0,0.0,449,208,18,0,5000000,5000000,2,3006250.0
31.0,33,0.09090909090909091,0.0,0.0,2970,96,18,1,4000000,12000000,2,3006250.0
23.0,1,0.0,0.0,0.0,90,31,4,0,1500000,1500000,2,3006250.0
35.0,9,0.0,0.0,0.0,810,0,0,2,1000000,7500000,2,3006250.0
20.0,8,0.0,0.0,0.0,716,0,0,0,500000,500000,2,3006250.0
24.0,7,0.0,0.0,0.0,564,0,0,1,1500000,1500000,2,3006250.0
37.0,5,0.0,0.0,0.0,324,41,10,8,200000,3500000,2,3006250.0
33.0,9,0.0,0.1761252446183953,0.0,511,9,2,6,1200000,7000000,2,3006250.0
28.0,32,0.0,0.1405700898086685,0.0,2561,278,29,1,800000,800000,2,3006250.0
23.0,9,0.0,0.2643171806167401,0.0,681,0,0,0,8000000,11000000,3,3006250.0
24.0,7,0.0,0.0,0.0,454,0,0,0,4000000,4000000,3,3006250.0
29.0,2,0.0,0.0,0.0,89,0,0,2,1500000,3500000,3,3006250.0
25.0,34,0.0,0.07214428857715431,0.0,2495,306,53,5,6000000,8000000,3,3006250.0
23.0,3,0.0,0.0,0.0,90,0,0,0,6000000,6000000,3,3006250.0
35.0,3,0.0,0.0,0.0,62,418,55,6,2000000,15000000,3,3006250.0
34.0,8,0.45,0.0,0.0,400,276,57,15,1200000,40000000,3,3006250.0
22.0,9,0.0,0.0,0.0,551,86,8,0,6000000,6000000,3,3006250.0
33.0,3,0.0,0.0,0.0,213,104,25,5,2000000,14000000,3,3006250.0
21.0,2,0.0,0.0,0.0,50,0,0,1,1000000,1000000,3,3006250.0
30.0,8,0.0,0.0,0.0,451,0,0,4,900000,20000000,3,3006250.0
26.0,10,0.6,0.0,0.0,900,0,0,2,8500000,11000000,4,3006250.0
30.0,41,0.16973125884016974,0.08486562942008487,0.0,2121,0,0,3,2000000,6000000,4,3006250.0
17.0,4,0.0,0.0,0.0,154,0,0,1,2000000,2000000,4,3006250.0
25.0,22,0.2383053839364519,0.2383053839364519,0.0,1133,217,34,0,4000000,4000000,4,3006250.0
21.0,3,0.0,0.0,0.0,127,0,0,0,1000000,1000000,4,3006250.0
19.0,2,0.0,0.0,0.0,117,0,0,1,750000,750000,4,3006250.0
22.0,25,0.3774715398442181,0.21569802276812464,0.0,1669,0,0,2,18000000,18000000,4,3006250.0
19.0,1,0.0,0.0,0.0,21,0,0,1,750000,750000,4,3006250.0
36.0,1,6.0,0.0,0.0,15,599,84,8,400000,5000000,4,3006250.0
31.0,90,0.0,0.0,1.000733137829912,8184,236,37,3,6000000,6000000,1,4452000.0
20.0,16,0.0,0.0,0.7722308892355694,1282,0,0,0,2000000,2000000,1,4452000.0
28.0,14,0.0,0.0,1.328125,1152,91,18,2,800000,4000000,1,4452000.0
27.0,76,0.01474442988204456,0.01474442988204456,0.0,6104,331,46,2,4000000,4000000,2,4452000.0
31.0,79,0.04347126066655933,0.0,0.0,6211,60,7,3,3500000,8500000,2,4452000.0
23.0,50,0.046753246753246755,0.0,0.0,3850,89,13,0,3000000,3000000,2,4452000.0
20.0,26,0.05113636363636364,0.05113636363636364,0.0,1760,18,4,3,1500000,1600000,2,4452000.0
32.0,52,0.0,0.1150600869342879,0.0,3911,478,68,2,2500000,5000000,2,4452000.0
30.0,56,0.02336448598130841,0.07009345794392523,0.0,3852,120,20,4,2000000,3500000,2,4452000.0
23.0,76,0.0,0.1664145234493192,0.0,5949,42,8,2,4000000,4000000,2,4452000.0
20.0,20,0.1340282948622487,0.1340282948622487,0.0,1343,0,0,0,1500000,1500000,2,4452000.0
27.0,87,0.08529650690495533,0.036555645816409424,0.0,7386,94,17,1,16000000,16000000,3,4452000.0
25.0,72,0.11285266457680251,0.0,0.0,3190,0,0,3,6500000,10000000,3,4452000.0
20.0,30,0.087890625,0.0,0.0,1024,42,9,0,500000,500000,3,4452000.0
26.0,93,0.03289473684210526,0.18092105263157895,0.0,5472,146,27,6,5000000,6000000,3,4452000.0
35.0,72,0.029135642602784072,0.08740692780835221,0.0,3089,228,40,7,400000,5750000,3,4452000.0
22.0,29,0.04203643157403083,0.04203643157403083,0.0,2141,0,0,0,0,0,3,4452000.0
33.0,77,0.25280898876404495,0.3476123595505618,0.0,2848,31,4,15,3000000,27000000,3,4452000.0
28.0,94,0.432905772076961,0.21090281203749384,0.0,8108,48,8,3,20000000,20000000,4,4452000.0
28.0,72,0.36688617121354655,0.3104421448730009,0.0,3189,299,48,10,3600000,12500000,4,4452000.0
23.0,41,0.3712871287128713,0.3712871287128713,0.0,1212,0,0,0,1500000,1500000,4,4452000.0
28.0,82,0.32890940565493365,0.32890940565493365,0.0,5199,0,0,3,6000000,6000000,4,4452000.0
19.0,45,0.04529441368897836,0.04529441368897836,0.0,1987,0,0,1,3000000,3000000,4,4452000.0
23.0,94,0.2729857819905213,0.17061611374407584,0.0,5275,98,11,5,8000000,8000000,4,4452000.0
26.0,84,0.5479183032207384,0.300471327572663,0.0,5092,247,33,0,7000000,7000000,4,4452000.0
22.0,79,0.0,0.0,1.3125,7200,0,0,0,4000000,4000000,1,1320000.0
26.0,7,0.0,0.0,1.1428571428571428,630,13,3,2,300000,1500000,1,1320000.0
18.0,4,0.0,0.0,1.0,360,0,0,0,0,0,1,1320000.0
21.0,70,0.0891089108910891,0.01485148514851485,0.0,6060,0,0,0,3000000,3000000,2,1320000.0
24.0,67,0.03035413153456998,0.0,0.0,5930,32,4,0,2000000,2000000,2,1320000.0
24.0,57,0.0,0.018979333614508646,0.0,4742,202,37,1,1500000,1500000,2,1320000.0
24.0,12,0.12448132780082988,0.0,0.0,723,72,8,3,500000,4000000,2,1320000.0
21.0,17,0.0,0.0,0.0,1319,0,0,2,100000,100000,2,1320000.0
23.0,79,0.07157057654075547,0.08946322067594434,0.0,5030,365,57,1,3000000,4000000,2,1320000.0
33.0,36,0.03961267605633803,0.0,0.0,2272,216,23,2,200000,2000000,2,1320000.0
27.0,46,0.0,0.0755984880302394,0.0,2381,123,17,1,2000000,7500000,2,1320000.0
23.0,45,0.041666666666666664,0.041666666666666664,0.0,2160,84,13,0,3000000,8000000,3,1320000.0
26.0,78,0.12234494477485132,0.13763806287170774,0.0,5885,25,2,2,3000000,3000000,3,1320000.0
31.0,16,0.0,0.0,0.0,702,0,0,0,800000,8000000,3,1320000.0
33.0,37,0.04704652378463147,0.0,0.0,1913,47,7,3,300000,4000000,3,1320000.0
23.0,78,0.07401315789473684,0.03700657894736842,0.0,4864,150,9,0,3000000,8000000,3,1320000.0
22.0,58,0.24379232505643342,0.16252821670428894,0.0,4430,257,24,0,1500000,1500000,3,1320000.0
20.0,30,0.056568196103079824,0.28284098051539913,0.0,1591,6,1,1,1500000,2000000,3,1320000.0
18.0,24,0.0,0.1925133689839572,0.0,935,0,0,0,1000000,1000000,3,1320000.0
24.0,24,0.0,0.0,0.0,848,683,71,0,300000,800000,3,1320000.0
24.0,49,0.13953488372093023,0.16744186046511628,0.0,3225,467,31,0,1500000,1500000,4,1320000.0
24.0,59,0.31715912171320143,0.17077798861480076,0.0,3689,0,0,0,1200000,1500000,4,1320000.0
28.0,65,0.08739561079821324,0.29714507671392504,0.0,5149,112,16,1,1500000,2000000,4,1320000.0
20.0,41,0.24064171122994651,0.040106951871657755,0.0,2244,0,0,0,600000,600000,4,1320000.0
23.0,51,0.33436532507739936,0.16718266253869968,0.0,1615,0,0,0,400000,400000,4,1320000.0
22.0,8,0.6360424028268551,0.0,0.0,283,0,0,0,200000,200000,4,1320000.0
27.0,48,0.3841676367869616,0.13969732246798602,0.0,2577,165,18,0,1500000,3000000,4,1320000.0
33.0,47,0.22877478393492628,0.045754956786985254,0.0,1967,1012,138,4,600000,6000000,4,1320000.0
27.0,52,0.27756360832690824,0.0,0.0,2594,14,2,0,600000,1300000,4,1320000.0
19.0,60,0.31431897555296856,0.0,0.0,3436,10,0,0,500000,500000,4,1320000.0
28.0,61,0.0,0.0,1.0491803278688525,5490,230,27,6,4000000,8000000,1,1362068.9655172413
22.0,10,0.0,0.0,1.7419354838709677,930,46,7,1,500000,500000,1,1362068.9655172413
19.0,12,0.0,0.0,1.4166666666666667,1080,0,0,0,0,0,1,1362068.9655172413
20.0,41,0.025452488687782805,0.025452488687782805,0.0,3536,0,0,0,5000000,5000000,2,1362068.9655172413
21.0,42,0.0,0.0,0.0,3203,27,3,0,5000000,5000000,2,1362068.9655172413
30.0,63,0.016800448011946984,0.016800448011946984,0.0,5357,113,18,0,1500000,1500000,2,1362068.9655172413
26.0,24,0.0,0.0,0.0,1747,267,29,2,1500000,3000000,2,1362068.9655172413
21.0,21,0.0,0.0,0.0,1663,0,0,0,400000,400000,2,1362068.9655172413
23.0,31,0.03857693956279468,0.03857693956279468,0.0,2333,126,18,0,1000000,1000000,2,1362068.9655172413
26.0,14,0.0,0.09977827050997783,0.0,902,153,19,1,700000,900000,2,1362068.9655172413
20.0,31,0.0,0.04005340453938585,0.0,2247,0,0,0,600000,800000,2,1362068.9655172413
20.0,43,0.025217147660409077,0.10086859064163631,0.0,3569,105,14,0,2000000,2000000,2,1362068.9655172413
21.0,44,0.031723651744800845,0.06344730348960169,0.0,2837,123,16,0,1000000,1000000,2,1362068.9655172413
30.0,9,0.0,0.2608695652173913,0.0,345,155,24,4,500000,4500000,2,1362068.9655172413
22.0,30,0.1490066225165563,0.0,0.0,1812,361,42,0,2500000,3000000,3,1362068.9655172413
21.0,36,0.08317929759704251,0.08317929759704251,0.0,2164,0,0,0,600000,600000,3,1362068.9655172413
23.0,48,0.0,0.0,0.0,3423,0,0,1,500000,500000,3,1362068.9655172413
23.0,40,0.0,0.0,0.0,2207,0,0,0,1000000,1000000,3,1362068.9655172413
33.0,55,0.09309542280837858,0.023273855702094646,0.0,3867,500,72,2,800000,8500000,3,1362068.9655172413
24.0,65,0.21018215787015412,0.04203643157403083,0.0,2141,9,1,2,800000,1000000,3,1362068.9655172413
19.0,42,0.02881844380403458,0.02881844380403458,0.0,3123,0,0,0,300000,300000,3,1362068.9655172413
29.0,68,0.1450735442272819,0.07253677211364094,0.0,4963,117,19,2,1500000,2000000,3,1362068.9655172413
23.0,79,0.33318815331010454,0.13719512195121952,0.0,4592,0,0,0,1000000,1000000,4,1362068.9655172413
25.0,49,0.31016657093624356,0.0,0.0,1741,16,0,0,1000000,1000000,4,1362068.9655172413
24.0,51,0.07922535211267606,0.19806338028169015,0.0,2272,588,78,11,800000,1200000,4,1362068.9655172413
28.0,57,0.10952236081533313,0.10952236081533313,0.0,3287,44,4,1,1000000,2000000,4,1362068.9655172413
25.0,66,0.2805923616523772,0.10522213561964147,0.0,5132,74,10,0,2000000,2000000,4,1362068.9655172413
25.0,39,0.3701527614571093,0.052878965922444184,0.0,1702,98,12,0,1500000,2500000,4,1362068.9655172413
28.0,58,0.4294478527607362,0.03067484662576687,0.0,2934,49,5,0,500000,500000,4,1362068.9655172413
24.0,29,0.0,0.0,1.8620689655172413,2610,0,0,4,500000,1000000,1,754838.7096774194
28.0,16,0.0,0.0,2.0104244229337302,1343,0,0,1,200000,300000,1,754838.7096774194
36.0,42,0.0,0.0,1.2682926829268293,3690,367,40,1,200000,500000,1,754838.7096774194
37.0,0,,,,0,0,0,3,100000,2000000,1,754838.7096774194
28.0,24,0.04782146652497343,0.0,0.0,1882,38,6,1,900000,900000,2,754838.7096774194
26.0,60,0.05291005291005291,0.0,0.0,5103,118,16,2,800000,800000,2,754838.7096774194
21.0,11,0.0,0.0,0.0,747,0,0,0,700000,900000,2,754838.7096774194
21.0,14,0.0,0.0,0.0,1206,0,0,0,300000,300000,2,754838.7096774194
26.0,35,0.038200339558573854,0.038200339558573854,0.0,2356,114,17,2,1000000,5000000,2,754838.7096774194
26.0,50,0.0,0.029940119760479042,0.0,3006,379,45,1,400000,475000,2,754838.7096774194
29.0,13,0.0,0.1214574898785425,0.0,741,34,8,0,1500000,3000000,2,754838.7096774194
24.0,36,0.0,0.15065282892534315,0.0,2987,305,41,0,500000,500000,2,754838.7096774194
24.0,50,0.0,0.053763440860215055,0.0,3348,219,17,0,300000,400000,2,754838.7096774194
32.0,49,0.0,0.05234079674323931,0.0,3439,194,18,1,250000,800000,2,754838.7096774194
27.0,17,0.0,0.0,0.0,1051,140,19,3,1600000,1800000,3,754838.7096774194
23.0,28,0.0,0.04792332268370607,0.0,1878,0,0,1,1000000,1000000,3,754838.7096774194
23.0,35,0.0,0.0,0.0,2391,0,0,1,600000,600000,3,754838.7096774194
24.0,27,0.12016021361815754,0.06008010680907877,0.0,1498,472,61,1,1600000,2500000,3,754838.7096774194
23.0,27,0.43478260869565216,0.08695652173913043,0.0,1035,0,0,0,1000000,1200000,3,754838.7096774194
26.0,59,0.2510460251046025,0.16736401673640167,0.0,4302,32,4,2,450000,450000,3,754838.7096774194
22.0,23,0.0,0.0,0.0,1381,21,2,0,450000,450000,3,754838.7096774194
30.0,20,0.0899100899100899,0.0,0.0,1001,541,67,0,400000,1500000,3,754838.7096774194
20.0,33,0.15358361774744028,0.15358361774744028,0.0,1172,58,7,1,2000000,8000000,4,754838.7096774194
24.0,73,0.14751075599262448,0.11063306699446834,0.0,4881,0,0,0,800000,1000000,4,754838.7096774194
28.0,48,0.10646687697160884,0.21293375394321767,0.0,2536,0,0,0,400000,1500000,4,754838.7096774194
21.0,35,0.19338203695745596,0.07735281478298238,0.0,2327,8,0,2,2500000,2500000,4,754838.7096774194
26.0,59,0.18874519398811604,0.09437259699405802,0.0,2861,0,0,1,200000,250000,4,754838.7096774194
25.0,1,0.0,0.0,0.0,7,57,6,1,100000,100000,4,754838.7096774194
25.0,31,0.2697841726618705,0.0539568345323741,0.0,1668,217,50,1,1500000,3500000,4,754838.7096774194
24.0,42,0.35019455252918286,0.0,0.0,1799,114,21,0,800000,1000000,4,754838.7096774194
28.0,6,0.0,0.0,0.0,397,0,0,1,350000,1250000,4,754838.7096774194
24.0,59,0.0,0.0,1.191827468785471,5286,0,0,1,1500000,1500000,1,773275.8620689656
26.0,28,0.0,0.0,1.6517128874388254,2452,140,13,0,400000,650000,1,773275.8620689656
20.0,35,0.0,0.0,1.1037735849056605,3180,0,0,2,200000,200000,1,773275.8620689656
23.0,61,0.01834862385321101,0.0,0.0,4905,333,41,1,900000,900000,2,773275.8620689656
22.0,51,0.021251475796930343,0.0,0.0,4235,0,0,3,800000,800000,2,773275.8620689656
28.0,21,0.0,0.0,0.0,1681,420,48,0,400000,500000,2,773275.8620689656
34.0,33,0.0,0.0,0.0,2395,208,31,1,300000,6000000,2,773275.8620689656
33.0,68,0.015360983102918587,0.1382488479262673,0.0,5859,0,0,1,200000,2500000,2,773275.8620689656
20.0,61,0.0,0.17303532804614274,0.0,4161,0,0,1,1000000,1000000,2,773275.8620689656
23.0,52,0.0,0.07228915662650602,0.0,3735,0,0,0,500000,800000,2,773275.8620689656
24.0,55,0.04491017964071856,0.04491017964071856,0.0,4008,0,0,1,1000000,1000000,3,773275.8620689656
22.0,64,0.06224066390041494,0.0,0.0,4338,0,0,1,850000,850000,3,773275.8620689656
26.0,57,0.0,0.0,0.0,3675,15,1,1,500000,1500000,3,773275.8620689656
22.0,48,0.09302325581395349,0.09302325581395349,0.0,1935,0,0,1,200000,200000,3,773275.8620689656
26.0,38,0.2595529920692141,0.0,0.0,1387,96,15,1,1500000,6500000,3,773275.8620689656
21.0,23,0.21809369951534732,0.14539579967689822,0.0,1238,0,0,1,300000,300000,3,773275.8620689656
26.0,61,0.12851023322227512,0.08567348881485007,0.0,4202,0,0,1,2000000,10000000,3,773275.8620689656
24.0,49,0.17475728155339806,0.14563106796116504,0.0,3090,441,65,0,1500000,5000000,3,773275.8620689656
28.0,65,0.14563106796116504,0.16990291262135923,0.0,3708,102,19,1,700000,4000000,3,773275.8620689656
21.0,61,0.356234096692112,0.10178117048346055,0.0,3537,0,0,2,300000,300000,3,773275.8620689656
19.0,49,0.1046207497820401,0.15693112467306017,0.0,3441,0,0,2,275000,325000,3,773275.8620689656
24.0,72,0.12970969734403953,0.11117974058060531,0.0,4857,0,0,0,700000,700000,4,773275.8620689656
22.0,67,0.2546569205376091,0.12732846026880454,0.0,4241,0,0,1,700000,700000,4,773275.8620689656
22.0,48,0.04843918191603875,0.04843918191603875,0.0,1858,82,7,0,350000,600000,4,773275.8620689656
21.0,58,0.2898550724637681,0.18633540372670807,0.0,4347,0,0,0,2500000,2500000,4,773275.8620689656
26.0,13,0.24861878453038674,0.0,0.0,724,0,0,1,1500000,4000000,4,773275.8620689656
28.0,60,0.5266237565827969,0.0526623756582797,0.0,3418,42,5,2,650000,650000,4,773275.8620689656
22.0,51,0.6218332565637955,0.0,0.0,2171,120,10,3,500000,800000,4,773275.8620689656
33.0,45,0.3264417845484222,0.06528835690968444,0.0,2757,28,3,1,200000,500000,4,773275.8620689656
31.0,6,0.0,0.0,1.6666666666666667,540,0,0,7,200000,900000,1,730357.1428571428
42.0,61,0.0,0.0,1.438280675973549,5444,102,10,3,100000,2900000,1,730357.1428571428
22.0,4,0.0,0.0,1.0,360,0,0,0,100000,100000,1,730357.1428571428
29.0,62,0.0,0.06661732050333087,0.0,5404,37,5,0,800000,800000,2,730357.1428571428
32.0,59,0.09043408360128617,0.0,0.0,4976,217,31,1,500000,2500000,2,730357.1428571428
23.0,8,0.0,0.0,0.0,183,0,0,0,150000,150000,2,730357.1428571428
25.0,63,0.13144168579177967,0.03755476736907991,0.0,4793,22,4,1,1000000,1800000,2,730357.1428571428
24.0,64,0.06540697674418605,0.016351744186046513,0.0,5504,0,0,0,1000000,1000000,2,730357.1428571428
32.0,34,0.0,0.045871559633027525,0.0,1962,322,41,1,300000,1250000,2,730357.1428571428
19.0,3,0.0,0.0,0.0,10,0,0,0,100000,100000,2,730357.1428571428
24.0,56,0.0,0.0,0.0,4457,123,15,2,4000000,4000000,2,730357.1428571428
22.0,54,0.0,0.1055594651653765,0.0,4263,65,10,0,1000000,1000000,2,730357.1428571428
24.0,62,0.0,0.2272010097822657,0.0,3169,55,7,1,600000,800000,3,730357.1428571428
24.0,39,0.0,0.0,0.0,1544,0,0,0,400000,500000,3,730357.1428571428
25.0,72,0.04631217838765009,0.16981132075471697,0.0,5830,0,0,0,2000000,2000000,3,730357.1428571428
30.0,70,0.04788082993438553,0.015960276644795178,0.0,5639,0,0,7,1500000,2000000,3,730357.1428571428
24.0,9,0.0,0.0,0.0,93,181,29,0,200000,500000,3,730357.1428571428
20.0,10,0.0,0.0,0.0,118,0,0,0,100000,100000,3,730357.1428571428
23.0,18,0.0,0.0,0.0,606,0,0,1,600000,700000,3,730357.1428571428
19.0,2,0.0,0.0,0.0,59,0,0,0,100000,100000,3,730357.1428571428
28.0,65,0.13188745603751464,0.3429073856975381,0.0,3412,7,1,1,800000,800000,4,730357.1428571428
26.0,19,0.23255813953488372,0.11627906976744186,0.0,774,495,73,0,600000,4000000,4,730357.1428571428
31.0,75,0.15854374633000587,0.19377568995889607,0.0,5109,8,1,2,500000,3000000,4,730357.1428571428
25.0,64,0.1505016722408027,0.10033444816053512,0.0,3588,7,1,2,600000,600000,4,730357.1428571428
23.0,29,0.16129032258064516,0.0,0.0,1116,0,0,1,300000,500000,4,730357.1428571428
29.0,63,0.4326923076923077,0.08653846153846154,0.0,4160,369,42,2,1500000,1500000,4,730357.1428571428
23.0,54,0.22658610271903323,0.045317220543806644,0.0,1986,103,20,0,1000000,3500000,4,730357.1428571428
19.0,23,0.23255813953488372,0.23255813953488372,0.0,387,61,6,0,400000,400000,4,730357.1428571428
28.0,38,0.0,0.0,1.368421052631579,3420,499,66,1,600000,1500000,1,617187.5
25.0,0,,,,0,0,0,0,100000,100000,1,617187.5
21.0,7,0.0,0.0,2.0,630,0,0,1,100000,100000,1,617187.5
23.0,66,0.0,0.051233396584440226,0.0,5270,0,0,0,2000000,2000000,2,617187.5
26.0,64,0.031746031746031744,0.0,0.0,5670,14,2,1,1500000,1500000,2,617187.5
28.0,14,0.0,0.07487520798668885,0.0,1202,77,8,4,800000,900000,2,617187.5
30.0,55,0.05655634687892752,0.018852115626309174,0.0,4774,383,52,1,700000,1500000,2,617187.5
21.0,3,0.0,0.0,0.0,171,0,0,1,700000,700000,2,617187.5
27.0,68,0.016219138583528563,0.08109569291764282,0.0,5549,37,9,4,600000,600000,2,617187.5
23.0,13,0.0,0.0,0.0,465,0,0,1,200000,200000,2,617187.5
27.0,70,0.029145077720207253,0.07286269430051813,0.0,6176,49,7,0,1500000,1500000,2,617187.5
26.0,61,0.0700025926886181,0.0700025926886181,0.0,3857,0,0,0,500000,550000,2,617187.5
23.0,42,0.033345683586513526,0.0,0.0,2699,28,3,0,300000,300000,2,617187.5
29.0,39,0.0400890868596882,0.0400890868596882,0.0,2245,252,33,1,700000,2000000,3,617187.5
25.0,13,0.0,0.0,0.0,565,0,0,0,700000,700000,3,617187.5
21.0,32,0.0,0.0,0.0,1599,0,0,2,400000,400000,3,617187.5
26.0,41,0.0,0.0,0.0,1768,273,35,1,400000,800000,3,617187.5
34.0,53,0.24887659868648462,0.062219149671621156,0.0,2893,225,23,6,300000,6500000,3,617187.5
24.0,53,0.07269789983844911,0.048465266558966075,0.0,3714,0,0,1,500000,500000,3,617187.5
23.0,27,0.10695187165775401,0.10695187165775401,0.0,1683,0,0,1,200000,200000,3,617187.5
23.0,27,0.05154639175257732,0.05154639175257732,0.0,1746,0,0,0,100000,100000,3,617187.5
28.0,46,0.05384385282680227,0.10768770565360454,0.0,3343,347,35,1,1000000,1500000,3,617187.5
22.0,47,0.0857551214864221,0.1715102429728442,0.0,2099,15,1,0,700000,1000000,3,617187.5
24.0,32,0.11194029850746269,0.0,0.0,1608,65,8,0,500000,700000,4,617187.5
25.0,66,0.15868351454598884,0.1851307669703203,0.0,3403,0,0,0,500000,500000,4,617187.5
23.0,6,0.0,0.0,0.0,363,0,0,0,1100000,1100000,4,617187.5
29.0,36,0.34114403859407305,0.0,0.0,2902,33,4,0,900000,900000,4,617187.5
28.0,16,0.0,0.09287925696594428,0.0,969,0,0,1,700000,3000000,4,617187.5
20.0,18,0.13626040878122633,0.0,0.0,1321,0,0,1,100000,100000,4,617187.5
28.0,53,0.4875717017208413,0.14340344168260039,0.0,3138,53,7,2,550000,700000,4,617187.5
23.0,29,0.11399620012666245,0.056998100063331225,0.0,1579,25,3,0,500000,500000,4,617187.5
23.0,28,0.47451669595782076,0.0,0.0,1138,42,5,0,300000,300000,4,617187.5
33.0,17,0.0,0.0,1.4773473407747866,1523,107,16,2,700000,1500000,1,577586.2068965518
24.0,19,0.0,0.0,1.0650887573964498,1690,42,8,0,700000,2000000,1,577586.2068965518
33.0,16,0.0,0.0,1.5918367346938775,1470,0,0,0,250000,250000,1,577586.2068965518
21.0,5,0.0,0.0,0.6,450,267,24,0,100000,100000,1,577586.2068965518
28.0,48,0.10413653456754411,0.0,0.0,3457,83,9,1,500000,600000,2,577586.2068965518
22.0,28,0.0,0.0,0.0,2162,67,8,0,300000,300000,2,577586.2068965518
31.0,43,0.025380710659898477,0.025380710659898477,0.0,3546,43,7,3,300000,900000,2,577586.2068965518
22.0,20,0.0,0.0,0.0,1427,64,13,0,300000,3000000,2,577586.2068965518
34.0,63,0.0,0.0,0.0,5555,113,17,0,200000,2000000,2,577586.2068965518
28.0,66,0.01591793420587195,0.047753802617615845,0.0,5654,22,3,0,600000,750000,2,577586.2068965518
30.0,22,0.0,0.0,0.0,1105,230,38,0,300000,600000,2,577586.2068965518
29.0,71,0.16105941302791696,0.09663564781675017,0.0,5588,91,22,2,700000,1000000,2,577586.2068965518
31.0,49,0.023734177215189875,0.07120253164556962,0.0,3792,21,2,1,300000,1500000,2,577586.2068965518
21.0,44,0.0,0.0,0.0,3085,57,7,1,700000,850000,3,577586.2068965518
25.0,54,0.0,0.0,0.0,3589,102,13,0,500000,600000,3,577586.2068965518
26.0,20,0.0,0.0,0.0,1300,0,0,0,450000,450000,3,577586.2068965518
28.0,33,0.0,0.0,0.0,1757,403,45,0,400000,500000,3,577586.2068965518
26.0,12,0.0,0.0,0.0,619,0,0,0,100000,100000,3,577586.2068965518
25.0,65,0.17134697762970014,0.17134697762970014,0.0,4202,172,26,1,1500000,7500000,3,577586.2068965518
22.0,36,0.05905511811023622,0.11811023622047244,0.0,1524,181,0,2,1200000,2000000,4,577586.2068965518
24.0,73,0.13043478260869565,0.03260869565217391,0.0,5520,0,0,2,1000000,1000000,4,577586.2068965518
22.0,22,0.1258741258741259,0.3776223776223776,0.0,715,164,18,0,800000,800000,4,577586.2068965518
22.0,10,0.0,0.0,0.0,533,0,0,0,1500000,1500000,4,577586.2068965518
36.0,50,0.046826222684703434,0.09365244536940687,0.0,1922,172,21,1,100000,1500000,4,577586.2068965518
30.0,42,0.0,0.07089405277668373,0.0,2539,0,0,4,500000,600000,4,577586.2068965518
21.0,40,0.06797583081570997,0.13595166163141995,0.0,1324,84,9,1,1000000,1000000,4,577586.2068965518
28.0,50,0.3070507960576194,0.2047005307050796,0.0,2638,69,13,1,700000,1000000,4,577586.2068965518
25.0,70,0.3425774877650897,0.024469820554649267,0.0,3678,0,0,0,600000,800000,4,577586.2068965518
23.0,15,0.15228426395939088,0.15228426395939088,0.0,591,25,6,2,450000,500000,4,577586.2068965518
25.0,9,0.0,0.0,1.5555555555555556,810,0,0,1,200000,200000,1,558928.5714285715
25.0,5,0.0,0.0,1.0,450,0,0,0,100000,100000,1,558928.5714285715
36.0,67,0.0,0.0,0.8613861386138614,6060,42,5,0,100000,1000000,1,558928.5714285715
27.0,60,0.06179903868162051,0.02059967956054017,0.0,4369,85,12,1,700000,800000,2,558928.5714285715
29.0,72,0.0,0.016357688113413305,0.0,5502,127,18,5,500000,500000,2,558928.5714285715
24.0,36,0.0681560015145778,0.0,0.0,2641,227,35,1,400000,500000,2,558928.5714285715
24.0,52,0.1325478645066274,0.0,0.0,4074,0,0,0,300000,500000,2,558928.5714285715
35.0,53,0.042563253724284704,0.0,0.0,4229,145,17,10,300000,4000000,2,558928.5714285715
36.0,70,0.031109574835810578,0.0,0.0,5786,45,7,0,100000,1900000,2,558928.5714285715
19.0,0,,,,0,0,0,0,100000,100000,2,558928.5714285715
23.0,71,0.10545698024774021,0.12052226314027452,0.0,5974,326,9,0,1500000,1500000,2,558928.5714285715
29.0,50,0.140625,0.03515625,0.0,2560,0,0,0,200000,400000,2,558928.5714285715
25.0,66,0.05486689697216013,0.10973379394432026,0.0,4921,0,0,0,600000,600000,2,558928.5714285715
22.0,6,0.0,0.0,0.0,319,0,0,2,400000,400000,2,558928.5714285715
30.0,69,0.0,0.020183897734918143,0.0,4459,116,16,1,600000,1000000,3,558928.5714285715
32.0,34,0.0,0.31431897555296856,0.0,859,0,0,0,100000,350000,3,558928.5714285715
23.0,41,0.0,0.10078387458006718,0.0,1786,300,44,5,2500000,9000000,3,558928.5714285715
21.0,51,0.0,0.0528169014084507,0.0,3408,0,0,1,525000,525000,3,558928.5714285715
31.0,66,0.061601642710472276,0.1026694045174538,0.0,4383,22,4,1,250000,1000000,3,558928.5714285715
25.0,29,0.05897771952817824,0.05897771952817824,0.0,1526,237,32,4,1000000,1000000,3,558928.5714285715
23.0,57,0.379746835443038,0.054249547920433995,0.0,3318,0,0,0,300000,500000,3,558928.5714285715
26.0,68,0.2539981185324553,0.10159924741298212,0.0,5315,37,7,1,1500000,1500000,4,558928.5714285715
26.0,19,0.07020280811232449,0.07020280811232449,0.0,1282,12,2,3,1200000,1200000,4,558928.5714285715
26.0,33,0.24193548387096775,0.16129032258064516,0.0,2232,79,3,1,400000,1400000,4,558928.5714285715
25.0,62,0.15111537538978173,0.1295274646198129,0.0,4169,0,0,0,525000,525000,4,558928.5714285715
24.0,34,0.2591792656587473,0.0,0.0,1389,0,0,0,600000,600000,4,558928.5714285715
24.0,11,0.7100591715976331,0.0,0.0,507,60,12,0,450000,900000,4,558928.5714285715
34.0,71,0.3074295473953886,0.019214346712211786,0.0,4684,82,14,1,200000,2000000,4,558928.5714285715
25.0,22,0.0,0.0,1.2396694214876034,1815,0,0,0,300000,300000,1,549107.1428571428
21.0,4,0.0,0.0,2.5,360,0,0,0,200000,200000,1,549107.1428571428
36.0,37,0.0,0.0,1.4124962984897838,3377,447,61,2,125000,2500000,1,549107.1428571428
24.0,35,0.0,0.035685963521015066,0.0,2522,5,1,2,800000,1000000,2,549107.1428571428
29.0,49,0.0,0.0,0.0,4208,43,7,0,700000,1000000,2,549107.1428571428
22.0,47,0.02286004572009144,0.0,0.0,3937,0,0,0,500000,500000,2,549107.1428571428
29.0,23,0.045317220543806644,0.0,0.0,1986,161,20,0,400000,900000,2,549107.1428571428
23.0,19,0.0,0.0,0.0,1441,0,0,1,300000,400000,2,549107.1428571428
19.0,1,0.0,0.0,0.0,90,0,0,0,100000,100000,2,549107.1428571428
36.0,68,0.0630583289542827,0.1261166579085654,0.0,5709,328,38,7,200000,6000000,2,549107.1428571428
21.0,20,0.0,0.0,0.0,1176,8,1,0,200000,200000,2,549107.1428571428
27.0,3,0.0,0.0,0.0,151,660,83,1,200000,500000,2,549107.1428571428
27.0,34,0.0,0.051165434906196704,0.0,1759,539,56,0,400000,550000,2,549107.1428571428
25.0,61,0.0,0.0,0.0,4297,212,12,0,700000,1000000,3,549107.1428571428
21.0,58,0.11406844106463879,0.11406844106463879,0.0,3156,154,15,0,3000000,5000000,3,549107.1428571428
23.0,62,0.1077414205905826,0.07182761372705507,0.0,5012,0,0,0,500000,500000,3,549107.1428571428
21.0,40,0.14737991266375547,0.14737991266375547,0.0,1832,0,0,0,200000,250000,3,549107.1428571428
37.0,60,0.0,0.06496631376323388,0.0,4156,100,15,3,100000,3500000,3,549107.1428571428
20.0,53,0.03615910004017678,0.0,0.0,2489,0,0,0,1500000,2000000,3,549107.1428571428
35.0,35,0.15852047556142668,0.15852047556142668,0.0,2271,307,54,15,300000,30000000,3,549107.1428571428
22.0,61,0.1856763925729443,0.07957559681697612,0.0,3393,83,12,3,700000,700000,4,549107.1428571428
17.0,8,0.0,0.0,0.0,214,0,0,0,100000,100000,4,549107.1428571428
30.0,74,0.016762898118830322,0.033525796237660645,0.0,5369,0,0,1,1000000,1800000,4,549107.1428571428
30.0,74,0.06958762886597938,0.06958762886597938,0.0,3880,11,2,1,600000,600000,4,549107.1428571428
22.0,19,0.1232876712328767,0.0,0.0,730,0,0,0,500000,500000,4,549107.1428571428
26.0,9,0.0,0.0,0.0,263,25,6,0,1000000,1500000,4,549107.1428571428
24.0,60,0.38848920863309355,0.025899280575539568,0.0,3475,0,0,0,400000,400000,4,549107.1428571428
29.0,27,0.0,0.1521555367709214,0.0,1183,142,17,4,350000,2500000,4,549107.1428571428
26.0,32,0.0,0.0,1.035203903799233,2869,12,4,0,700000,700000,1,566666.6666666666
26.0,16,0.0,0.0,1.5,1440,0,0,1,200000,300000,1,566666.6666666666
23.0,10,0.0,0.0,0.993103448275862,725,0,0,0,100000,350000,1,566666.6666666666
26.0,77,0.09448110377924415,0.013497300539892022,0.0,6668,0,0,0,800000,800000,2,566666.6666666666
24.0,58,0.0,0.06040268456375839,0.0,4470,0,0,0,700000,700000,2,566666.6666666666
30.0,54,0.0,0.022871664548919948,0.0,3935,88,12,1,700000,1100000,2,566666.6666666666
32.0,10,0.0,0.0,0.0,522,393,38,0,200000,1000000,2,566666.6666666666
20.0,17,0.0,0.0,0.0,1383,0,0,0,200000,200000,2,566666.6666666666
22.0,6,0.0,0.0,0.0,142,0,0,1,900000,900000,2,566666.6666666666
26.0,75,0.01502755050926699,0.04508265152780097,0.0,5989,14,2,0,800000,800000,2,566666.6666666666
27.0,56,0.0,0.06733167082294264,0.0,4010,0,0,0,700000,1000000,2,566666.6666666666
25.0,52,0.04919376878928669,0.0,0.0,3659,146,9,0,500000,600000,2,566666.6666666666
24.0,41,0.0,0.0,0.0,1844,347,36,2,500000,2500000,3,566666.6666666666
25.0,49,0.0,0.0,0.0,2476,66,19,4,500000,1200000,3,566666.6666666666
23.0,10,0.0,0.36585365853658536,0.0,246,0,0,1,400000,1000000,3,566666.6666666666
33.0,54,0.02086230876216968,0.14603616133518776,0.0,4314,70,4,2,250000,2500000,3,566666.6666666666
24.0,15,0.0,0.0,0.0,371,426,43,0,200000,200000,3,566666.6666666666
34.0,36,0.0,0.0,0.0,2066,45,7,0,100000,1500000,3,566666.6666666666
29.0,49,0.12149028077753779,0.12149028077753779,0.0,3704,91,10,1,700000,7000000,3,566666.6666666666
25.0,13,0.0,0.6360424028268551,0.0,283,0,0,1,1500000,1500000,4,566666.6666666666
25.0,71,0.06907137375287797,0.22448196469685341,0.0,5212,0,0,1,800000,800000,4,566666.6666666666
21.0,63,0.19256485691361327,0.04814121422840332,0.0,3739,0,0,0,400000,400000,4,566666.6666666666
33.0,72,0.049355634768302716,0.1727447216890595,0.0,3647,0,0,2,250000,1700000,4,566666.6666666666
24.0,49,0.10233086981239341,0.10233086981239341,0.0,3518,0,0,0,700000,700000,4,566666.6666666666
24.0,45,0.6256206554121152,0.044687189672293945,0.0,2014,51,7,9,1500000,1500000,4,566666.6666666666
24.0,49,0.47565118912797283,0.03397508493771234,0.0,2649,408,53,1,600000,600000,4,566666.6666666666
24.0,34,0.4981549815498155,0.0,0.0,542,0,0,0,400000,700000,4,566666.6666666666
26.0,55,0.0,0.0,1.4805675508945095,4863,4,2,0,800000,800000,1,571153.8461538461
26.0,40,0.0,0.0,1.412719891745602,3695,30,4,0,300000,700000,1,571153.8461538461
20.0,32,0.0,0.0,1.4686058886129834,2819,0,0,0,100000,100000,1,571153.8461538461
26.0,48,0.06665020982473463,0.02221673660824488,0.0,4051,129,15,1,900000,1500000,2,571153.8461538461
27.0,42,0.0,0.0,0.0,3326,131,23,0,800000,1200000,2,571153.8461538461
28.0,49,0.061461415888914184,0.0,0.0,4393,0,0,0,800000,800000,2,571153.8461538461
26.0,29,0.0,0.0,0.0,1964,41,5,0,400000,500000,2,571153.8461538461
28.0,61,0.0,0.07692307692307693,0.0,4680,91,11,0,600000,600000,2,571153.8461538461
22.0,21,0.09836065573770492,0.09836065573770492,0.0,915,0,0,0,400000,400000,2,571153.8461538461
28.0,39,0.0,0.08749189889825017,0.0,3086,0,0,1,500000,900000,2,571153.8461538461
35.0,52,0.0,0.02418054809242343,0.0,3722,133,24,8,200000,3250000,3,571153.8461538461
28.0,63,0.09249743062692703,0.13874614594039056,0.0,3892,183,24,0,700000,1500000,3,571153.8461538461
31.0,50,0.03966505068312032,0.03966505068312032,0.0,2269,162,22,1,600000,2000000,3,571153.8461538461
23.0,47,0.04257332071901608,0.08514664143803216,0.0,2114,0,0,1,500000,500000,3,571153.8461538461
19.0,29,0.10112359550561797,0.05056179775280899,0.0,1780,0,0,0,300000,300000,3,571153.8461538461
22.0,32,0.0,0.0,0.0,1798,182,23,0,150000,150000,3,571153.8461538461
27.0,71,0.09295920123945602,0.13943880185918403,0.0,5809,11,1,0,1000000,1000000,3,571153.8461538461
22.0,64,0.10588235294117647,0.026470588235294117,0.0,3400,89,11,0,800000,800000,3,571153.8461538461
19.0,22,0.3527106466361855,0.05878510777269758,0.0,1531,0,0,0,100000,100000,3,571153.8461538461
27.0,75,0.1469387755102041,0.1469387755102041,0.0,6125,0,0,0,900000,1000000,4,571153.8461538461
26.0,57,0.0916030534351145,0.22900763358778625,0.0,1965,36,4,1,800000,2000000,4,571153.8461538461
23.0,67,0.04332129963898917,0.1299638989169675,0.0,4155,0,0,0,700000,700000,4,571153.8461538461
20.0,40,0.07620660457239628,0.07620660457239628,0.0,1181,0,0,0,300000,350000,4,571153.8461538461
23.0,64,0.3948522959929804,0.0,0.0,3419,0,0,2,1500000,1500000,4,571153.8461538461
25.0,47,0.18018018018018017,0.09009009009009009,0.0,1998,399,49,3,400000,1000000,4,571153.8461538461
21.0,50,0.7178841309823678,0.1889168765743073,0.0,2382,0,0,1,300000,300000,4,571153.8461538461
32.0,71,0.0,0.0,1.028169014084507,6390,385,56,1,800000,1000000,1,536458.3333333334
23.0,32,0.0,0.0,1.5463917525773196,2910,0,0,0,100000,100000,1,536458.3333333334
25.0,48,0.02501389660922735,0.02501389660922735,0.0,3598,48,5,0,700000,2000000,2,536458.3333333334
30.0,40,0.08662175168431184,0.08662175168431184,0.0,3117,90,17,2,700000,2500000,2,536458.3333333334
25.0,59,0.017543859649122806,0.0,0.0,5130,0,0,1,475000,475000,2,536458.3333333334
23.0,37,0.041879944160074456,0.041879944160074456,0.0,2149,0,0,0,300000,300000,2,536458.3333333334
34.0,71,0.08730800323362975,0.014551333872271624,0.0,6185,10,2,2,300000,7500000,2,536458.3333333334
28.0,29,0.0,0.23270846800258566,0.0,1547,0,0,1,250000,400000,2,536458.3333333334
23.0,74,0.0754780275075478,0.10566923851056692,0.0,5962,0,0,1,1500000,1500000,2,536458.3333333334
33.0,47,0.0,0.0,0.0,2620,220,30,9,400000,9000000,3,536458.3333333334
30.0,44,0.0,0.0,0.0,2156,0,0,1,350000,1000000,3,536458.3333333334
35.0,59,0.05097706032285471,0.0,0.0,3531,21,2,3,100000,1500000,3,536458.3333333334
27.0,44,0.0,0.04269449715370019,0.0,2108,0,0,2,400000,800000,3,536458.3333333334
25.0,76,0.05389221556886228,0.10778443113772455,0.0,6680,674,71,2,2000000,2000000,3,536458.3333333334
23.0,40,0.0,0.10309278350515463,0.0,1746,0,0,1,1000000,2500000,3,536458.3333333334
22.0,20,0.23984010659560293,0.0,0.0,1501,0,0,0,150000,325000,3,536458.3333333334
22.0,57,0.09371745921555015,0.12495661228740021,0.0,2881,0,0,1,800000,800000,4,536458.3333333334
27.0,31,0.25800286669851885,0.0,0.0,2093,67,5,1,700000,4000000,4,536458.3333333334
23.0,61,0.19365250134480905,0.09682625067240452,0.0,3718,0,0,0,300000,400000,4,536458.3333333334
27.0,46,0.09036144578313253,0.12048192771084337,0.0,2988,449,61,1,450000,700000,4,536458.3333333334
31.0,29,0.19480519480519481,0.0,0.0,924,198,23,3,300000,4000000,4,536458.3333333334
35.0,46,0.0,0.16260162601626016,0.0,1107,49,7,5,100000,4000000,4,536458.3333333334
27.0,54,0.4315605928509154,0.0,0.0,2294,0,0,1,400000,800000,4,536458.3333333334
28.0,28,0.16,0.24,0.0,1125,432,55,3,300000,3000000,4,536458.3333333334
34.0,66,0.0,0.0,1.0757575757575757,5940,0,0,0,200000,400000,1,437962.962962963
27.0,28,0.0,0.0,1.4078998826750098,2557,0,0,0,200000,275000,1,437962.962962963
23.0,2,0.0,0.0,2.0,90,0,0,0,100000,100000,1,437962.962962963
27.0,42,0.0,0.02673002673002673,0.0,3367,244,27,0,800000,2000000,2,437962.962962963
28.0,44,0.0,0.025118615685180017,0.0,3583,25,5,2,400000,1700000,2,437962.962962963
21.0,5,0.0,0.0,0.0,119,0,0,0,200000,200000,2,437962.962962963
25.0,13,0.0,0.0,0.0,845,60,9,0,150000,1500000,2,437962.962962963
36.0,53,0.20552637588490522,0.0,0.0,4379,93,15,5,100000,3800000,2,437962.962962963
22.0,3,0.0,0.0,0.0,16,0,0,0,100000,100000,2,437962.962962963
25.0,62,0.0,0.035545023696682464,0.0,5064,53,6,0,700000,700000,2,437962.962962963
28.0,59,0.10746268656716418,0.16119402985074627,0.0,3350,54,7,0,600000,650000,2,437962.962962963
22.0,44,0.0,0.11834319526627218,0.0,3042,77,6,0,400000,650000,2,437962.962962963
26.0,56,0.06951596292481978,0.09268795056642637,0.0,3884,77,12,0,750000,750000,2,437962.962962963
24.0,15,0.0,0.0,0.0,1107,0,0,0,100000,100000,2,437962.962962963
26.0,21,0.08946322067594434,0.0,0.0,1006,166,23,0,700000,2000000,3,437962.962962963
27.0,56,0.054628224582701064,0.0819423368740516,0.0,3295,98,12,0,400000,475000,3,437962.962962963
31.0,41,0.03125,0.0,0.0,2880,733,101,1,175000,1000000,3,437962.962962963
30.0,49,0.2568676418123439,0.03210845522654299,0.0,2803,7,1,0,600000,1500000,3,437962.962962963
29.0,67,0.211420310805927,0.19515720997470185,0.0,5534,312,44,1,750000,1000000,3,437962.962962963
28.0,59,0.09419152276295134,0.09419152276295134,0.0,3822,0,0,1,500000,500000,3,437962.962962963
25.0,35,0.0,0.07985803016858918,0.0,1127,453,13,1,1000000,3000000,4,437962.962962963
24.0,64,0.29783393501805056,0.0812274368231047,0.0,3324,122,12,2,600000,1500000,4,437962.962962963
26.0,62,0.12096774193548387,0.0,0.0,2976,0,0,0,500000,500000,4,437962.962962963
21.0,21,0.0,0.1005586592178771,0.0,895,138,19,0,400000,400000,4,437962.962962963
23.0,31,0.0,0.2656826568265683,0.0,1355,0,0,1,300000,300000,4,437962.962962963
27.0,57,0.5775669642857143,0.0,0.0,3584,138,18,0,800000,800000,4,437962.962962963
28.0,56,0.27660391855551286,0.03457548981943911,0.0,2603,0,0,0,300000,375000,4,437962.962962963
21.0,39,0.0,0.0,1.1896551724137931,3480,32,6,0,2000000,2000000,1,1142000.0
32.0,32,0.0,0.0,1.2765957446808511,2820,806,92,2,1500000,5000000,1,1142000.0
23.0,4,0.0,0.0,1.25,360,0,0,0,200000,200000,1,1142000.0
21.0,62,0.07130124777183601,0.053475935828877004,0.0,5049,0,0,1,3000000,3000000,2,1142000.0
23.0,56,0.0,0.0,0.0,4495,0,0,0,500000,500000,2,1142000.0
23.0,10,0.0,0.0,0.0,839,0,0,0,400000,400000,2,1142000.0
37.0,69,0.014942719574962644,0.0,0.0,6023,35,4,0,100000,2000000,2,1142000.0
26.0,70,0.04664017965106236,0.01554672655035412,0.0,5789,317,40,0,1500000,1500000,2,1142000.0
27.0,22,0.07217321571772253,0.07217321571772253,0.0,1247,219,22,0,300000,700000,2,1142000.0
23.0,43,0.0,0.054844606946983544,0.0,3282,219,43,0,250000,250000,2,1142000.0
24.0,47,0.0,0.079155672823219,0.0,3411,0,0,1,800000,1500000,2,1142000.0
30.0,63,0.0,0.09166836422896721,0.0,4909,25,5,1,800000,1000000,2,1142000.0
26.0,73,0.07620660457239628,0.015241320914479255,0.0,5905,101,4,0,1500000,1500000,3,1142000.0
28.0,63,0.061496412709258624,0.09224461906388794,0.0,2927,191,29,0,800000,1000000,3,1142000.0
34.0,60,0.03038487508440243,0.0,0.0,2962,5,1,1,300000,4000000,3,1142000.0
21.0,50,0.0,0.11926848661542538,0.0,3773,0,0,0,250000,250000,3,1142000.0
23.0,79,0.06001000166694449,0.10501750291715285,0.0,5999,252,16,0,2000000,2000000,3,1142000.0
22.0,60,0.03515625,0.03515625,0.0,2560,0,0,0,1000000,1000000,4,1142000.0
25.0,10,0.0,0.0,0.0,373,0,0,0,350000,350000,4,1142000.0
29.0,55,0.050933786078098474,0.15280135823429541,0.0,1767,57,6,0,300000,600000,4,1142000.0
28.0,50,0.17791584298220842,0.12708274498729172,0.0,3541,233,26,2,800000,1500000,4,1142000.0
23.0,63,0.3562432529686938,0.09715725080964376,0.0,2779,55,5,0,500000,500000,4,1142000.0
25.0,78,0.5121501076591818,0.027683789603199015,0.0,6502,2,0,0,8000000,8000000,4,1142000.0
27.0,60,0.4121169425854174,0.09510390982740402,0.0,2839,147,19,9,1200000,1500000,4,1142000.0
23.0,10,0.0,0.23076923076923078,0.0,390,0,0,0,200000,200000,4,1142000.0
23.0,84,0.0,0.0,0.8103813559322034,7552,92,10,10,45000000,45000000,1,9975000.0
31.0,16,0.0,0.0,0.2450646698434309,1469,105,8,5,1500000,2000000,1,9975000.0
29.0,35,0.0,0.0,1.0857142857142856,3150,16,3,1,1500000,1500000,1,9975000.0
23.0,38,0.028409090909090908,0.0,0.0,3168,361,53,3,16000000,20000000,2,9975000.0
29.0,51,0.047021943573667714,0.0,0.0,3828,94,14,3,4000000,4000000,2,9975000.0
40.0,69,0.0,0.031413612565445025,0.0,5730,280,52,32,1000000,30000000,2,9975000.0
35.0,53,0.13858336999560053,0.0,0.0,4546,579,92,11,500000,8000000,2,9975000.0
25.0,71,0.07428807263722657,0.0,0.0,4846,144,23,5,10000000,10000000,2,9975000.0
29.0,72,0.04043126684636118,0.12129380053908356,0.0,4452,160,19,4,5000000,25000000,2,9975000.0
23.0,72,0.0176678445229682,0.19434628975265017,0.0,5094,131,24,8,16000000,16000000,2,9975000.0
28.0,28,0.0,0.050590219224283306,0.0,1779,262,15,7,3000000,7000000,2,9975000.0
23.0,50,0.0,0.1705352913311227,0.0,2111,0,0,2,1500000,1500000,2,9975000.0
32.0,89,0.11456859971711457,0.05091937765205092,0.0,7070,128,19,14,10000000,16000000,3,9975000.0
27.0,75,0.047556142668428,0.047556142668428,0.0,3785,277,44,8,9000000,20000000,3,9975000.0
26.0,77,0.13404255319148936,0.1148936170212766,0.0,4700,265,37,4,10000000,10000000,3,9975000.0
26.0,49,0.09365244536940687,0.15608740894901144,0.0,2883,40,7,6,2000000,2500000,3,9975000.0
21.0,64,0.10428736964078796,0.14600231749710313,0.0,4315,0,0,2,1000000,1000000,3,9975000.0
28.0,93,0.1306930693069307,0.3089108910891089,0.0,7575,299,61,8,30000000,30000000,3,9975000.0
25.0,63,0.3290676416819013,0.16453382084095064,0.0,3829,28,6,2,3500000,3500000,3,9975000.0
26.0,97,0.14113219382154618,0.21169829073231927,0.0,6377,19,2,4,22000000,22000000,4,9975000.0
25.0,94,0.3928072625698324,0.17283519553072627,0.0,5728,92,17,7,20000000,20000000,4,9975000.0
30.0,4,0.4411764705882353,0.0,0.0,204,306,38,1,800000,4000000,4,9975000.0
20.0,27,0.0,0.5232558139534884,0.0,688,163,48,7,12000000,25000000,4,9975000.0
22.0,67,0.2348643006263048,0.1174321503131524,0.0,3832,0,0,5,2000000,2000000,4,9975000.0
23.0,87,0.5207328833172613,0.24300867888138863,0.0,5185,99,18,5,22000000,22000000,4,9975000.0
30.0,99,0.6914678528103518,0.3760614638091387,0.0,7419,26,4,13,20000000,20000000,4,9975000.0
25.0,87,0.6064690026954178,0.21226415094339623,0.0,2968,0,0,5,7000000,7000000,4,9975000.0
22.0,69,0.5322444381864263,0.20275978597578148,0.0,3551,0,0,4,3000000,3000000,4,9975000.0
36.0,91,0.0,0.0,0.9272660370415798,8153,64,9,10,1500000,8000000,1,7106060.606060606
23.0,47,0.0,0.0,0.9990552668871044,4234,121,20,0,1000000,1000000,1,7106060.606060606
26.0,1,0.0,0.0,0.0,11,0,0,3,100000,100000,1,7106060.606060606
21.0,97,0.10392609699769054,0.06928406466512702,0.0,7794,36,7,4,25000000,25000000,2,7106060.606060606
26.0,41,0.03996447602131439,0.0,0.0,2252,555,71,3,13000000,16000000,2,7106060.606060606
32.0,85,0.08537742241496138,0.012196774630708769,0.0,7379,423,35,12,6000000,15000000,2,7106060.606060606
19.0,52,0.09271182075714654,0.0,0.0,3883,0,0,0,4000000,4000000,2,7106060.606060606
35.0,42,0.0,0.0,0.0,2624,0,0,9,800000,6000000,2,7106060.606060606
30.0,16,0.09857612267250822,0.0,0.0,913,331,40,1,600000,7000000,2,7106060.606060606
28.0,95,0.03813020759779692,0.01271006919926564,0.0,7081,0,0,3,8000000,8000000,2,7106060.606060606
19.0,27,0.05389221556886228,0.0,0.0,1670,0,0,0,1000000,1000000,2,7106060.606060606
28.0,52,0.0,0.10058675607711651,0.0,3579,430,71,8,8000000,40000000,2,7106060.606060606
30.0,82,0.0,0.19982238010657194,0.0,4504,28,6,5,3500000,6000000,2,7106060.606060606
19.0,32,0.0,0.0,0.0,2131,0,0,1,2500000,3000000,2,7106060.606060606
22.0,86,0.0,0.04933308971313722,0.0,5473,31,5,1,25000000,25000000,3,7106060.606060606
28.0,79,0.10588235294117647,0.06050420168067227,0.0,5950,181,22,5,10000000,10000000,3,7106060.606060606
19.0,14,0.0,0.0,0.0,219,0,0,0,2500000,2500000,3,7106060.606060606
18.0,33,0.0,0.04267425320056899,0.0,2109,38,6,1,2000000,2000000,3,7106060.606060606
28.0,30,0.0,0.0,0.0,2594,6,1,0,1500000,3000000,3,7106060.606060606
24.0,36,0.07223113964686999,0.0,0.0,1246,337,55,3,5000000,8000000,3,7106060.606060606
21.0,52,0.03754693366708386,0.07509386733416772,0.0,2397,0,0,1,3000000,4000000,3,7106060.606060606
18.0,48,0.14373170082512643,0.23955283470854405,0.0,3757,0,0,0,1500000,1500000,3,7106060.606060606
24.0,92,0.4271953092279771,0.3643724696356275,0.0,7163,74,14,6,30000000,38000000,4,7106060.606060606
28.0,100,0.2610797743755036,0.2610797743755036,0.0,6205,490,65,5,12000000,12000000,4,7106060.606060606
24.0,71,0.17128874388254486,0.22022838499184338,0.0,3678,0,0,0,4000000,4000000,4,7106060.606060606
24.0,31,0.24793388429752067,0.08264462809917356,0.0,1089,412,74,6,3500000,10000000,4,7106060.606060606
28.0,56,0.2133423636979343,0.2133423636979343,0.0,2953,0,0,1,2500000,3500000,4,7106060.606060606
24.0,90,0.3383458646616541,0.30758714969241285,0.0,5852,120,10,1,25000000,25000000,4,7106060.606060606
23.0,82,0.30638297872340425,0.09574468085106383,0.0,4700,72,8,4,15000000,30000000,4,7106060.606060606
19.0,33,0.45988758303525806,0.09197751660705161,0.0,1957,0,0,1,3000000,3000000,4,7106060.606060606
30.0,84,0.43133366385721367,0.2825979176995538,0.0,6051,199,36,7,8000000,15000000,4,7106060.606060606
19.0,37,0.22590361445783133,0.09036144578313253,0.0,1992,0,0,0,3000000,3000000,4,7106060.606060606
18.0,51,0.397601767118965,0.028400126222783213,0.0,3169,0,0,0,3000000,3000000,4,7106060.606060606
29.0,102,0.0,0.0,0.8698957428323197,9208,54,8,4,16000000,18000000,1,12580000.0
20.0,47,0.0,0.0,1.1244487996080352,4082,6,1,2,2000000,2000000,1,12580000.0
18.0,41,0.0,0.0,1.172956828672278,3683,0,0,1,2000000,2000000,1,12580000.0
19.0,78,0.11578044596912522,0.012864493996569469,0.0,6996,0,0,2,25000000,25000000,2,12580000.0
21.0,49,0.024122219244170465,0.0,0.0,3731,69,13,1,15000000,15000000,2,12580000.0
27.0,26,0.15517241379310345,0.10344827586206896,0.0,1740,334,49,1,8000000,10000000,2,12580000.0
35.0,89,0.022488755622188907,0.022488755622188907,0.0,8004,69,11,22,3000000,35000000,2,12580000.0
27.0,102,0.14251781472684086,0.2544960977265015,0.0,8841,718,98,10,25000000,35000000,2,12580000.0
27.0,41,0.08314087759815242,0.12471131639722864,0.0,2165,79,15,2,3500000,3500000,2,12580000.0
25.0,84,0.09750812567713976,0.2646649125522365,0.0,6461,183,26,4,8000000,8000000,2,12580000.0
30.0,70,0.15544041450777202,0.11102886750555144,0.0,4053,49,11,2,6000000,6000000,2,12580000.0
23.0,78,0.0,0.07240547063555913,0.0,4972,47,9,5,20000000,20000000,3,12580000.0
27.0,94,0.03736507057846665,0.11209521173539995,0.0,7226,40,5,4,16000000,16000000,3,12580000.0
30.0,96,0.3377814845704754,0.27522935779816515,0.0,7194,98,20,7,14000000,35000000,3,12580000.0
18.0,57,0.033607169529499624,0.16803584764749813,0.0,2678,0,0,2,2500000,2500000,3,12580000.0
18.0,74,0.13677811550151975,0.03419452887537994,0.0,5264,12,2,2,1500000,1500000,3,12580000.0
27.0,72,0.1353044349787021,0.1353044349787021,0.0,3991,75,10,2,6000000,9000000,3,12580000.0
18.0,47,0.42070116861435725,0.06010016694490818,0.0,2995,0,0,1,9000000,9000000,4,12580000.0
29.0,42,0.22208513263417642,0.055521283158544106,0.0,1621,531,70,20,8000000,40000000,4,12580000.0
26.0,70,0.35780545984627615,0.3816591571693613,0.0,3773,415,49,7,22000000,45000000,4,12580000.0
26.0,75,0.31697116442879153,0.11886418666079683,0.0,4543,254,46,14,28000000,40000000,4,12580000.0
30.0,92,0.31987489337503555,0.3966448677850441,0.0,7034,283,52,8,23000000,30000000,4,12580000.0
21.0,93,0.5317353139770425,0.24307900067521945,0.0,5924,35,8,4,40000000,40000000,4,12580000.0
22.0,39,0.5470016207455429,0.2188006482982172,0.0,2468,18,3,5,6000000,6000000,4,12580000.0
25.0,76,0.5390625,0.140625,0.0,3840,54,11,5,5000000,5000000,4,12580000.0
27.0,69,0.014492753623188406,0.0,1.434782608695652,6210,35,5,1,5000000,5000000,1,2264000.0
29.0,20,0.0,0.0,1.55,1800,0,0,1,500000,1500000,1,2264000.0
22.0,29,0.0,0.0,1.3458588957055215,2608,0,0,0,200000,200000,1,2264000.0
26.0,69,0.09588068181818182,0.0,0.0,5632,18,5,0,6000000,6000000,2,2264000.0
28.0,56,0.07682458386683738,0.0,0.0,4686,69,13,0,4500000,8000000,2,2264000.0
32.0,48,0.024691358024691357,0.0,0.0,3645,0,0,1,1000000,1500000,2,2264000.0
28.0,46,0.0,0.0,0.0,3733,30,5,0,300000,500000,2,2264000.0
20.0,70,0.030313236780060628,0.10609632873021219,0.0,5938,0,0,0,5000000,5000000,2,2264000.0
24.0,33,0.22900763358778625,0.15267175572519084,0.0,1179,0,0,0,400000,600000,2,2264000.0
30.0,60,0.08314087759815242,0.04157043879907621,0.0,4330,0,0,2,2000000,2500000,2,2264000.0
25.0,70,0.0,0.017747978702425556,0.0,5071,57,10,1,5000000,5000000,3,2264000.0
23.0,61,0.06341005166744951,0.021136683889149837,0.0,4258,0,0,0,1500000,1500000,3,2264000.0
20.0,65,0.13835511145272866,0.0,0.0,5204,0,0,0,0,0,3,2264000.0
22.0,14,0.0,0.0,0.0,472,49,5,0,1500000,1800000,3,2264000.0
26.0,32,0.0,0.0,0.0,1909,69,10,0,1200000,1500000,3,2264000.0
22.0,11,0.18218623481781376,0.0,0.0,494,118,21,0,2500000,2500000,3,2264000.0
25.0,27,0.3971756398940865,0.0794351279788173,0.0,1133,0,0,0,400000,600000,3,2264000.0
26.0,63,0.2449535041959628,0.28577908822862325,0.0,4409,41,6,0,5500000,5500000,4,2264000.0
28.0,19,0.3050847457627119,0.15254237288135594,0.0,590,0,0,2,2000000,6000000,4,2264000.0
22.0,61,0.25405786873676783,0.09527170077628794,0.0,2834,0,0,0,600000,600000,4,2264000.0
28.0,55,0.4405594405594406,0.14685314685314685,0.0,4290,0,0,2,5000000,5000000,4,2264000.0
24.0,54,0.22765598650927488,0.07588532883642496,0.0,3558,89,13,0,2800000,2800000,4,2264000.0
30.0,38,0.512577123872805,0.0,0.0,2107,39,6,0,2300000,4000000,4,2264000.0
20.0,17,0.12228260869565218,0.12228260869565218,0.0,736,0,0,1,1000000,1500000,4,2264000.0
30.0,40,0.30612244897959184,0.1360544217687075,0.0,2646,0,0,1,400000,600000,4,2264000.0
35.0,83,0.0,0.0,1.128,7500,0,0,9,1200000,2800000,1,1823076.923076923
35.0,9,0.0,0.0,0.6666666666666666,810,0,0,3,500000,1500000,1,1823076.923076923
25.0,21,0.0,0.0,0.0,1762,0,0,2,4500000,4500000,2,1823076.923076923
28.0,76,0.014335775724753107,0.014335775724753107,0.0,6278,155,18,2,3000000,4000000,2,1823076.923076923
25.0,68,0.06836308393467527,0.0,0.0,5266,0,0,0,1200000,1500000,2,1823076.923076923
33.0,50,0.04157043879907621,0.04157043879907621,0.0,4330,0,0,3,1000000,3000000,2,1823076.923076923
22.0,18,0.0,0.0,0.0,1218,0,0,1,300000,300000,2,1823076.923076923
28.0,60,0.17781541066892464,0.17781541066892464,0.0,3543,97,13,1,4500000,8500000,2,1823076.923076923
26.0,69,0.0169045830202855,0.0845229151014275,0.0,5324,240,34,3,3200000,3500000,2,1823076.923076923
22.0,57,0.022681451612903226,0.0,0.0,3968,0,0,2,300000,300000,2,1823076.923076923
24.0,29,0.04784688995215311,0.19138755980861244,0.0,1881,242,12,2,2800000,2800000,2,1823076.923076923
27.0,44,0.0,0.035629453681710214,0.0,2526,60,4,4,1500000,2500000,2,1823076.923076923
24.0,40,0.2073732718894009,0.0,0.0,1736,0,0,2,400000,400000,3,1823076.923076923
29.0,24,0.0,0.09719222462203024,0.0,1852,38,10,3,3200000,4000000,3,1823076.923076923
26.0,64,0.0,0.0,0.0,4858,0,0,2,2500000,3000000,3,1823076.923076923
20.0,72,0.08366256100395074,0.0,0.0,4303,0,0,2,2000000,2000000,3,1823076.923076923
24.0,30,0.32009484291641965,0.0,0.0,1687,0,0,0,200000,500000,3,1823076.923076923
26.0,55,0.13448894202032277,0.10759115361625822,0.0,3346,120,12,0,2000000,4500000,3,1823076.923076923
30.0,74,0.12142471667566108,0.19427954668105774,0.0,3706,273,39,8,2000000,8000000,4,1823076.923076923
35.0,72,0.346353665576294,0.173176832788147,0.0,5197,115,15,7,1200000,3000000,4,1823076.923076923
25.0,69,0.08339124391938846,0.1459346768589298,0.0,4317,0,0,2,800000,800000,4,1823076.923076923
35.0,65,0.2716297786720322,0.030181086519114688,0.0,2982,119,11,8,800000,3500000,4,1823076.923076923
25.0,81,0.39082855653986454,0.12506513809275666,0.0,5757,281,24,3,4500000,5000000,4,1823076.923076923
26.0,40,0.3785488958990536,0.0946372239747634,0.0,2853,0,0,0,2500000,2500000,4,1823076.923076923
26.0,67,0.2481902792140641,0.15511892450879008,0.0,2901,0,0,1,700000,700000,4,1823076.923076923
23.0,67,0.2669303015323777,0.044488383588729606,0.0,2023,0,0,3,600000,600000,4,1823076.923076923
40.0,73,0.0,0.0,1.2876712328767124,6570,0,0,3,800000,2000000,1,1332758.6206896552
34.0,13,0.0,0.0,1.4393226716839134,1063,0,0,2,400000,1800000,1,1332758.6206896552
26.0,40,0.0,0.0,1.175,3600,32,4,0,250000,300000,1,1332758.6206896552
29.0,48,0.06378454996456413,0.0,0.0,4233,0,0,7,4000000,10000000,2,1332758.6206896552
29.0,9,0.0,0.0,0.0,753,712,78,2,1000000,4000000,2,1332758.6206896552
30.0,21,0.0,0.0,0.0,1248,81,16,6,800000,3000000,2,1332758.6206896552
25.0,20,0.0,0.0,0.0,1047,0,0,1,500000,2000000,2,1332758.6206896552
34.0,49,0.02440347071583514,0.0,0.0,3688,111,19,1,500000,4000000,2,1332758.6206896552
31.0,63,0.06494677972217211,0.11365686451380119,0.0,5543,0,0,5,1500000,1500000,2,1332758.6206896552
35.0,35,0.0,0.0,0.0,2204,0,0,7,400000,1100000,2,1332758.6206896552
29.0,40,0.0,0.0,0.0,1761,0,0,2,1000000,2500000,2,1332758.6206896552
32.0,47,0.0,0.0,0.0,3252,0,0,11,1000000,3500000,2,1332758.6206896552
22.0,39,0.0,0.0,0.0,2701,0,0,0,600000,600000,2,1332758.6206896552
29.0,60,0.0,0.0,0.0,4990,99,9,1,2500000,2500000,3,1332758.6206896552
34.0,62,0.06543868153174988,0.17450315075133302,0.0,4126,0,0,11,1200000,4000000,3,1332758.6206896552
19.0,49,0.050237231370360035,0.0,0.0,3583,0,0,0,700000,700000,3,1332758.6206896552
24.0,8,0.0,0.0,0.0,329,22,7,0,2800000,3000000,3,1332758.6206896552
26.0,55,0.10291595197255575,0.025728987993138937,0.0,3498,0,0,1,2000000,2500000,3,1332758.6206896552
34.0,30,0.16343825665859565,0.05447941888619855,0.0,1652,0,0,2,400000,1800000,3,1332758.6206896552
27.0,27,0.04120879120879121,0.16483516483516483,0.0,2184,167,0,0,3500000,3500000,3,1332758.6206896552
26.0,13,0.0,0.0,0.0,525,149,16,1,700000,1600000,3,1332758.6206896552
23.0,11,0.0,0.1910828025477707,0.0,471,0,0,0,4000000,10000000,4,1332758.6206896552
27.0,54,0.04136029411764706,0.08272058823529412,0.0,2176,0,0,0,1800000,2500000,4,1332758.6206896552
19.0,5,0.0,0.0,0.0,322,0,0,1,600000,600000,4,1332758.6206896552
25.0,57,0.17519466073414905,0.10011123470522804,0.0,3596,27,5,0,1000000,1000000,4,1332758.6206896552
29.0,47,0.297029702970297,0.09900990099009901,0.0,3636,749,81,4,2000000,3000000,4,1332758.6206896552
28.0,13,0.32066508313539194,0.0,0.0,842,41,2,0,1000000,1000000,4,1332758.6206896552
29.0,48,0.11842105263157894,0.0,0.0,1520,31,5,1,1000000,4000000,4,1332758.6206896552
28.0,21,0.4090909090909091,0.0,0.0,880,22,3,1,700000,1000000,4,1332758.6206896552
30.0,36,0.0,0.0,1.6666666666666667,3240,0,0,4,1500000,2000000,1,1196000.0
37.0,44,0.0,0.0,1.5813953488372092,3870,178,12,9,800000,3000000,1,1196000.0
27.0,25,0.0,0.0,1.2049861495844876,2166,0,0,0,400000,400000,1,1196000.0
33.0,40,0.18677734954046843,0.0,0.0,3373,255,39,14,1800000,7000000,2,1196000.0
30.0,49,0.08710379869344302,0.04355189934672151,0.0,4133,0,0,3,900000,900000,2,1196000.0
26.0,47,0.025295109612141653,0.0,0.0,3558,0,0,0,200000,200000,2,1196000.0
24.0,60,0.017949740725967292,0.035899481451934584,0.0,5014,0,0,1,3000000,3000000,2,1196000.0
24.0,50,0.0,0.0,0.0,3475,10,4,3,800000,800000,2,1196000.0
26.0,40,0.0,0.0,0.0,3266,0,0,0,1500000,2000000,2,1196000.0
22.0,49,0.0,0.0,0.0,3947,0,0,0,400000,500000,2,1196000.0
19.0,30,0.0,0.0,0.0,2396,0,0,0,200000,200000,2,1196000.0
32.0,30,0.06784771956275915,0.0,0.0,2653,0,0,2,1700000,2000000,3,1196000.0
35.0,61,0.0,0.0,0.0,4382,4,1,7,800000,3000000,3,1196000.0
29.0,71,0.0199203187250996,0.1593625498007968,0.0,4518,0,0,1,1800000,1800000,3,1196000.0
21.0,55,0.2361429977041653,0.0,0.0,3049,0,0,0,600000,600000,3,1196000.0
24.0,34,0.0,0.0,0.0,1217,0,0,0,400000,400000,3,1196000.0
25.0,14,0.0,0.0,0.0,779,0,0,0,1200000,1200000,3,1196000.0
23.0,43,0.12300683371298406,0.12300683371298406,0.0,2195,0,0,0,1000000,1200000,3,1196000.0
23.0,29,0.0,0.0,0.0,935,22,2,5,300000,600000,3,1196000.0
26.0,56,0.2145922746781116,0.17167381974248927,0.0,4194,0,0,0,2800000,3800000,4,1196000.0
26.0,15,0.09297520661157024,0.09297520661157024,0.0,968,15,2,0,500000,1500000,4,1196000.0
27.0,41,0.20343580470162748,0.1220614828209765,0.0,2212,0,0,0,1500000,1800000,4,1196000.0
30.0,12,0.25,0.25,0.0,720,59,11,2,2000000,4500000,4,1196000.0
31.0,13,0.125,0.0,0.0,720,65,10,5,2000000,5500000,4,1196000.0
31.0,61,0.215311004784689,0.08971291866028708,0.0,5016,0,0,1,1800000,4000000,4,1196000.0
39.0,67,0.0,0.0,1.3506753376688345,5997,0,0,8,300000,4000000,1,1088461.5384615385
25.0,24,0.0,0.0,1.6981132075471699,1961,0,0,0,300000,500000,1,1088461.5384615385
29.0,53,0.1172129368352507,0.0,0.0,4607,239,20,0,2500000,3500000,2,1088461.5384615385
22.0,49,0.0714663843303335,0.0,0.0,3778,0,0,0,1000000,1000000,2,1088461.5384615385
25.0,33,0.03536345776031434,0.0,0.0,2545,175,19,0,900000,900000,2,1088461.5384615385
28.0,41,0.02830188679245283,0.0,0.0,3180,164,23,0,900000,900000,2,1088461.5384615385
27.0,41,0.0,0.0,0.0,3464,0,0,1,800000,1000000,2,1088461.5384615385
21.0,55,0.08466603951081844,0.0,0.0,4252,0,0,0,100000,100000,2,1088461.5384615385
25.0,33,0.0,0.03991130820399113,0.0,2255,164,12,0,1200000,2000000,2,1088461.5384615385
29.0,26,0.0,0.0,0.0,970,0,0,1,800000,1200000,2,1088461.5384615385
28.0,70,0.03011040481766477,0.13549682167949148,0.0,5978,0,0,2,1800000,1800000,2,1088461.5384615385
24.0,39,0.0,0.0,0.0,3144,0,0,0,600000,700000,2,1088461.5384615385
28.0,31,0.0,0.03674969375255206,0.0,2449,0,0,2,3000000,6000000,3,1088461.5384615385
31.0,73,0.030518819938962362,0.061037639877924724,0.0,5898,208,30,2,1500000,2300000,3,1088461.5384615385
27.0,40,0.0,0.0,0.0,2382,0,0,0,800000,2500000,3,1088461.5384615385
23.0,70,0.05182341650671785,0.15547024952015356,0.0,5210,25,5,0,3000000,3000000,3,1088461.5384615385
31.0,51,0.05447941888619855,0.1089588377723971,0.0,3304,24,5,2,1000000,1800000,3,1088461.5384615385
31.0,47,0.0,0.0,0.0,1149,0,0,0,600000,800000,3,1088461.5384615385
22.0,45,0.09040683073832245,0.22601707684580613,0.0,1991,46,5,1,1000000,5000000,3,1088461.5384615385
21.0,64,0.30026690391459077,0.0,0.0,4496,0,0,0,100000,100000,4,1088461.5384615385
27.0,74,0.158203125,0.17578125,0.0,5120,45,5,0,2000000,2000000,4,1088461.5384615385
22.0,35,0.15228426395939088,0.0,0.0,1773,0,0,0,1000000,1000000,4,1088461.5384615385
29.0,62,0.3337453646477132,0.02781211372064277,0.0,3236,131,18,8,1500000,2500000,4,1088461.5384615385
29.0,46,0.4243743199129489,0.19586507072905332,0.0,2757,110,10,6,1000000,5000000,4,1088461.5384615385
31.0,56,0.1377551020408163,0.0,0.0,1960,164,26,1,500000,3000000,4,1088461.5384615385
20.0,58,0.5611696409374328,0.0,0.0,4651,0,0,0,100000,100000,4,1088461.5384615385
27.0,25,0.0,0.0,1.0564334085778782,2215,2,1,2,1000000,2500000,1,1110416.6666666667
32.0,46,0.0,0.0,1.4384066879763955,4067,19,4,9,800000,2500000,1,1110416.6666666667
30.0,56,0.0,0.0,1.1978221415607986,4959,0,0,1,400000,500000,1,1110416.6666666667
27.0,58,0.0,0.0,0.0,4867,0,0,3,2500000,2500000,2,1110416.6666666667
30.0,46,0.047593865679534636,0.047593865679534636,0.0,3782,152,17,4,1500000,1500000,2,1110416.6666666667
34.0,63,0.017892644135188866,0.03578528827037773,0.0,5030,0,0,0,800000,800000,2,1110416.6666666667
22.0,33,0.13641530882910194,0.0,0.0,2639,0,0,0,200000,750000,2,1110416.6666666667
24.0,58,0.03579952267303103,0.0,0.0,5028,0,0,1,3000000,3000000,2,1110416.6666666667
25.0,72,0.12297181895815543,0.07685738684884715,0.0,5855,0,0,0,900000,900000,2,1110416.6666666667
30.0,17,0.0,0.06414825374198146,0.0,1403,0,0,0,1500000,2300000,2,1110416.6666666667
21.0,31,0.21969080553295361,0.0,0.0,2458,0,0,0,500000,500000,3,1110416.6666666667
25.0,62,0.0,0.01799280287884846,0.0,5002,0,0,1,2500000,2500000,3,1110416.6666666667
31.0,65,0.021525950729490553,0.08610380291796221,0.0,4181,0,0,0,1000000,1500000,3,1110416.6666666667
20.0,52,0.0,0.029644268774703556,0.0,3036,0,0,0,1000000,1000000,3,1110416.6666666667
19.0,28,0.06414825374198146,0.0,0.0,1403,0,0,0,0,0,3,1110416.6666666667
18.0,44,0.047593865679534636,0.047593865679534636,0.0,1891,0,0,0,1000000,1000000,4,1110416.6666666667
21.0,28,0.17866004962779156,0.0,0.0,2015,0,0,0,200000,200000,4,1110416.6666666667
26.0,17,0.09433962264150944,0.0,0.0,954,23,4,0,1500000,4500000,4,1110416.6666666667
33.0,58,0.19090909090909092,0.0,0.0,3300,65,12,3,1000000,3000000,4,1110416.6666666667
27.0,44,0.07528230865746549,0.11292346298619825,0.0,2391,0,0,2,1000000,3500000,4,1110416.6666666667
24.0,74,0.18668326073428748,0.07467330429371499,0.0,4821,0,0,0,850000,850000,4,1110416.6666666667
24.0,48,0.3562005277044855,0.0,0.0,2274,6,1,0,2000000,2000000,4,1110416.6666666667
25.0,38,0.04285714285714286,0.12857142857142856,0.0,2100,0,0,2,800000,1000000,4,1110416.6666666667
22.0,54,0.26649746192893403,0.19035532994923857,0.0,2364,0,0,0,700000,700000,4,1110416.6666666667
39.0,71,0.0,0.0,1.5352112676056338,6390,0,0,0,500000,900000,1,912500.0
30.0,14,0.0,0.0,1.0,1260,0,0,1,300000,400000,1,912500.0
22.0,33,0.0,0.0,1.7878787878787878,2970,0,0,0,50000,50000,1,912500.0
25.0,52,0.04346776141028737,0.0,0.0,4141,10,2,1,3000000,3000000,2,912500.0
30.0,60,0.07567264573991031,0.07567264573991031,0.0,3568,0,0,0,1200000,1500000,2,912500.0
29.0,65,0.017591868647380767,0.0527756059421423,0.0,5116,255,36,1,1500000,2500000,2,912500.0
22.0,47,0.0,0.04079782411604715,0.0,2206,0,0,0,500000,600000,2,912500.0
32.0,43,0.07487520798668885,0.11231281198003328,0.0,2404,153,20,1,600000,1800000,2,912500.0
20.0,47,0.05734310289901243,0.0,0.0,3139,0,0,0,0,0,2,912500.0
26.0,37,0.182648401826484,0.0,0.0,1971,0,0,0,1000000,1200000,3,912500.0
25.0,28,0.0,0.0,0.0,1186,0,0,0,400000,600000,3,912500.0
22.0,45,0.14453961456102785,0.0,0.0,1868,0,0,0,200000,200000,3,912500.0
31.0,74,0.06153846153846154,0.03076923076923077,0.0,5850,0,0,1,1200000,1500000,3,912500.0
34.0,55,0.10504201680672269,0.23109243697478993,0.0,4284,0,0,2,1000000,7500000,3,912500.0
30.0,23,0.0,0.0,0.0,1393,0,0,2,500000,1500000,3,912500.0
22.0,43,0.3802404939876503,0.0,0.0,3077,0,0,0,200000,300000,3,912500.0
27.0,71,0.05182341650671785,0.12092130518234165,0.0,5210,119,7,0,2000000,2000000,3,912500.0
26.0,62,0.0785683107813182,0.0785683107813182,0.0,4582,580,82,1,2500000,2500000,3,912500.0
28.0,49,0.23026315789473684,0.0,0.0,2736,25,4,0,600000,800000,3,912500.0
26.0,61,0.1261918115535614,0.07571508693213685,0.0,3566,0,0,0,600000,600000,3,912500.0
30.0,64,0.11067388096409247,0.08853910477127398,0.0,4066,0,0,4,2300000,3500000,4,912500.0
29.0,28,0.0,0.12345679012345678,0.0,1458,78,14,2,800000,1750000,4,912500.0
30.0,49,0.15796401930671347,0.2369460289600702,0.0,2279,0,0,0,800000,1000000,4,912500.0
28.0,62,0.1226158038147139,0.16348773841961853,0.0,2202,0,0,2,800000,1000000,4,912500.0
31.0,68,0.4337847142529263,0.041312829928850124,0.0,4357,0,0,2,1500000,1500000,4,912500.0
28.0,63,0.5625,0.10546875,0.0,2560,0,0,2,700000,800000,4,912500.0
21.0,53,0.40484429065743943,0.031141868512110725,0.0,2890,0,0,0,700000,700000,4,912500.0
19.0,33,0.35696579077838375,0.0,0.0,2017,0,0,0,100000,100000,4,912500.0
39.0,57,0.0,0.0,1.5575221238938053,5085,0,0,0,500000,1000000,1,881481.4814814815
25.0,18,0.0,0.0,2.1156289707750955,1574,0,0,0,200000,200000,1,881481.4814814815
22.0,17,0.0,0.0,1.9225634178905207,1498,0,0,0,100000,100000,1,881481.4814814815
24.0,14,0.0,0.0,0.0,1114,0,0,0,1000000,1000000,2,881481.4814814815
34.0,62,0.03356956359567326,0.01678478179783663,0.0,5362,39,7,1,800000,1300000,2,881481.4814814815
34.0,33,0.13493253373313344,0.0,0.0,2668,152,26,7,800000,2500000,2,881481.4814814815
27.0,36,0.0,0.0,0.0,2756,0,0,0,400000,600000,2,881481.4814814815
31.0,13,0.10067114093959731,0.0,0.0,894,4,1,0,400000,2000000,2,881481.4814814815
24.0,35,0.08538899430740038,0.0,0.0,2108,0,0,3,400000,1000000,2,881481.4814814815
23.0,28,0.0,0.0,0.0,1295,0,0,1,300000,600000,2,881481.4814814815
27.0,58,0.09711356892365794,0.0,0.0,3707,22,4,1,1200000,1200000,2,881481.4814814815
29.0,49,0.0,0.05560704355885079,0.0,3237,0,0,0,800000,900000,2,881481.4814814815
26.0,58,0.03598560575769692,0.01799280287884846,0.0,5002,179,16,1,2500000,2500000,3,881481.4814814815
23.0,63,0.07735281478298238,0.019338203695745595,0.0,4654,219,26,0,1500000,1500000,3,881481.4814814815
24.0,36,0.08587786259541985,0.0,0.0,2096,0,0,0,600000,600000,3,881481.4814814815
28.0,42,0.1888772298006296,0.0,0.0,1906,0,0,3,800000,800000,3,881481.4814814815
26.0,55,0.19661387220098306,0.1474604041507373,0.0,3662,285,24,2,3500000,4000000,3,881481.4814814815
33.0,30,0.05714285714285714,0.22857142857142856,0.0,1575,293,41,5,700000,7000000,3,881481.4814814815
23.0,50,0.23004828173814257,0.0,0.0,3521,0,0,0,500000,600000,3,881481.4814814815
21.0,62,0.4239727819942423,0.0,0.0,3821,0,0,0,100000,100000,4,881481.4814814815
24.0,26,0.0,0.08712487899322362,0.0,1033,14,2,1,1000000,1000000,4,881481.4814814815
29.0,55,0.05353955978584176,0.21415823914336704,0.0,3362,46,8,0,1000000,1500000,4,881481.4814814815
27.0,35,0.24298056155507558,0.0,0.0,1852,85,3,0,1000000,1000000,4,881481.4814814815
21.0,59,0.4535809018567639,0.0,0.0,3770,0,0,0,300000,300000,4,881481.4814814815
25.0,12,0.11673151750972763,0.11673151750972763,0.0,771,62,3,2,2500000,4500000,4,881481.4814814815
32.0,48,0.34329307056579783,0.05721551176096631,0.0,1573,0,0,1,500000,1000000,4,881481.4814814815
35.0,30,0.4020421186981493,0.0,0.0,1567,290,39,3,400000,2500000,4,881481.4814814815
30.0,41,0.0,0.0,1.3680781758957654,3684,0,0,0,800000,2000000,1,662962.9629629629
30.0,41,0.0,0.0,1.3678581480439065,3553,0,0,2,800000,1800000,1,662962.9629629629
22.0,14,0.0,0.0,1.5378356387306753,1229,0,0,0,200000,300000,1,662962.9629629629
25.0,10,0.0,0.0,1.5,900,0,0,0,100000,400000,1,662962.9629629629
29.0,22,0.10632014176018902,0.05316007088009451,0.0,1693,184,13,0,1000000,2500000,2,662962.9629629629
22.0,37,0.0,0.0,0.0,2978,0,0,0,500000,500000,2,662962.9629629629
32.0,30,0.0,0.0,0.0,1910,0,0,0,300000,700000,2,662962.9629629629
31.0,39,0.030612244897959183,0.0,0.0,2940,0,0,1,600000,800000,2,662962.9629629629
29.0,53,0.04908644668666485,0.07362967002999728,0.0,3667,359,47,2,800000,2000000,2,662962.9629629629
34.0,57,0.0,0.020823692734844978,0.0,4322,0,0,0,700000,1500000,2,662962.9629629629
33.0,31,0.0,0.13881748071979436,0.0,1945,0,0,5,400000,1500000,2,662962.9629629629
26.0,50,0.0,0.0,0.0,3971,0,0,0,1000000,2000000,3,662962.9629629629
29.0,57,0.04357298474945534,0.04357298474945534,0.0,4131,0,0,1,800000,1000000,3,662962.9629629629
33.0,51,0.0,0.0,0.0,3305,0,0,2,600000,3500000,3,662962.9629629629
27.0,61,0.03937007874015748,0.0,0.0,4572,0,0,0,1500000,2500000,3,662962.9629629629
21.0,43,0.14297061159650518,0.0,0.0,2518,0,0,0,700000,700000,3,662962.9629629629
28.0,23,0.13274336283185842,0.26548672566371684,0.0,678,92,16,0,600000,3000000,3,662962.9629629629
21.0,10,0.0,0.21686746987951808,0.0,415,0,0,0,800000,1000000,3,662962.9629629629
25.0,13,0.0,0.0989010989010989,0.0,910,0,0,0,700000,1200000,4,662962.9629629629
29.0,21,0.3197158081705151,0.0,0.0,1126,0,0,0,200000,1200000,4,662962.9629629629
32.0,56,0.2511415525114155,0.091324200913242,0.0,3942,0,0,1,1000000,1500000,4,662962.9629629629
35.0,68,0.06544264679149246,0.16360661697873113,0.0,5501,183,26,6,800000,3500000,4,662962.9629629629
26.0,14,0.15358361774744028,0.15358361774744028,0.0,586,0,0,0,1200000,1500000,4,662962.9629629629
28.0,69,0.43346414555833035,0.09632536567962897,0.0,5606,0,0,0,800000,800000,4,662962.9629629629
25.0,41,0.3436426116838488,0.20618556701030927,0.0,2619,0,0,2,500000,500000,4,662962.9629629629
22.0,41,0.41947177628171933,0.0,0.0,1931,0,0,0,300000,300000,4,662962.9629629629
24.0,18,0.5383848454636092,0.0,0.0,1003,0,0,0,200000,200000,4,662962.9629629629
26.0,62,0.0,0.0,1.1993428258488499,5478,49,7,0,3500000,3500000,1,3454545.4545454546
34.0,30,0.0,0.0,0.9,2700,0,0,3,400000,800000,1,3454545.4545454546
23.0,74,0.07231238952273823,0.0,0.0,6223,0,0,0,4500000,4500000,2,3454545.4545454546
23.0,58,0.03700657894736842,0.0,0.0,4864,100,11,0,4000000,6000000,2,3454545.4545454546
31.0,63,0.0,0.037251655629139076,0.0,4832,51,9,7,2500000,9000000,2,3454545.4545454546
25.0,65,0.13702106064450648,0.09134737376300431,0.0,3941,0,0,0,3500000,3500000,2,3454545.4545454546
36.0,64,0.0,0.05784061696658098,0.0,4668,0,0,3,600000,2000000,2,3454545.4545454546
21.0,54,0.0211864406779661,0.0847457627118644,0.0,4248,0,0,1,3500000,3500000,2,3454545.4545454546
34.0,55,0.0,0.26491838373026494,0.0,3737,77,9,8,1200000,10000000,2,3454545.4545454546
28.0,59,0.0,0.031880977683315624,0.0,2823,204,24,4,3500000,7500000,3,3454545.4545454546
26.0,80,0.11614776576867236,0.11614776576867236,0.0,6199,0,0,0,7000000,7000000,3,3454545.4545454546
27.0,71,0.11031664964249234,0.11031664964249234,0.0,4895,17,3,2,6000000,7500000,3,3454545.4545454546
33.0,39,0.0,0.0,0.0,1046,431,72,14,1000000,8000000,3,3454545.4545454546
29.0,77,0.3883172917358115,0.32857616993030203,0.0,6026,10,0,0,6000000,6000000,3,3454545.4545454546
23.0,22,0.28938906752411575,0.09646302250803858,0.0,933,65,11,3,4000000,12000000,4,3454545.4545454546
28.0,56,0.2770296267795306,0.06925740669488265,0.0,2599,136,25,3,2000000,5000000,4,3454545.4545454546
25.0,71,0.3698630136986301,0.10567514677103718,0.0,5110,362,43,2,5000000,5000000,4,3454545.4545454546
27.0,56,0.3698630136986301,0.18493150684931506,0.0,2920,440,41,1,3000000,3000000,4,3454545.4545454546
30.0,10,0.0,0.0,0.0,266,99,14,7,1000000,4000000,4,3454545.4545454546
29.0,60,0.36108324974924777,0.06770310932798396,0.0,3988,126,8,8,6000000,8000000,4,3454545.4545454546
30.0,76,0.6151615575807788,0.2796188898094449,0.0,4828,169,18,3,6000000,6000000,4,3454545.4545454546
24.0,63,0.24226110363391656,0.040376850605652756,0.0,2229,40,6,0,1800000,4500000,4,3454545.4545454546
32.0,71,0.0,0.0,0.8368794326241135,6345,161,28,5,3000000,10000000,1,2962500.0
29.0,16,0.0,0.0,1.032258064516129,1395,45,7,4,600000,600000,1,2962500.0
22.0,42,0.0,0.0,1.25,3744,0,0,0,200000,200000,1,2962500.0
21.0,59,0.018572018159306643,0.0,0.0,4846,0,0,1,5000000,5000000,2,2962500.0
26.0,67,0.03963011889035667,0.0,0.0,4542,0,0,2,4500000,6000000,2,2962500.0
35.0,61,0.02085747392815759,0.0,0.0,4315,326,38,7,1200000,8000000,2,2962500.0
23.0,38,0.058900523560209424,0.0,0.0,3056,0,0,2,400000,400000,2,2962500.0
22.0,30,0.0,0.0,0.0,2373,0,0,3,300000,400000,2,2962500.0
26.0,57,0.04769475357710652,0.07154213036565978,0.0,3774,37,8,2,4500000,6000000,2,2962500.0
28.0,77,0.13395348837209303,0.06697674418604652,0.0,5375,9,2,5,4000000,6000000,2,2962500.0
30.0,71,0.06176016469377252,0.04632012352032939,0.0,5829,25,4,11,3200000,4000000,2,2962500.0
27.0,20,0.0,0.0,0.0,939,139,23,4,700000,800000,2,2962500.0
27.0,68,0.08317929759704251,0.14972273567467653,0.0,5410,0,0,2,6500000,10000000,3,2962500.0
34.0,73,0.0,0.05431502715751358,0.0,4971,354,44,6,1500000,3000000,3,2962500.0
24.0,20,0.0,0.0,0.0,929,63,14,5,1000000,6500000,3,2962500.0
27.0,35,0.05341246290801187,0.26706231454005935,0.0,1685,97,13,1,500000,2500000,3,2962500.0
28.0,80,0.24570982839313574,0.3159126365054602,0.0,5128,304,53,5,7000000,7000000,4,2962500.0
26.0,35,0.36378334680679064,0.0,0.0,1237,174,22,3,3000000,4500000,4,2962500.0
25.0,9,0.0,0.6666666666666666,0.0,135,468,58,1,2000000,2000000,4,2962500.0
30.0,78,0.17110266159695817,0.21776702385067404,0.0,5786,7,0,5,6000000,14000000,4,2962500.0
26.0,66,0.1723037651563497,0.1148691767708998,0.0,3134,0,0,1,2500000,2500000,4,2962500.0
24.0,76,0.39428849586240466,0.13142949862080155,0.0,6163,0,0,1,5500000,5500000,4,2962500.0
28.0,69,0.36853448275862066,0.15517241379310345,0.0,4640,334,44,1,4500000,4500000,4,2962500.0
32.0,57,0.5686871050783993,0.04212497074654809,0.0,4273,151,22,8,3500000,8000000,4,2962500.0
34.0,82,0.0,0.0,0.9828009828009828,7326,0,0,6,2000000,2500000,1,1680769.2307692308
26.0,19,0.0,0.0,1.4294117647058824,1700,0,0,2,400000,1000000,1,1680769.2307692308
23.0,31,0.0,0.0,1.2258064516129032,2790,0,0,0,100000,100000,1,1680769.2307692308
32.0,84,0.048302696900576945,0.0,0.0,7453,37,8,3,2000000,4200000,2,1680769.2307692308
31.0,71,0.016411378555798686,0.016411378555798686,0.0,5484,196,12,2,2000000,2800000,2,1680769.2307692308
27.0,46,0.029382957884427033,0.029382957884427033,0.0,3063,0,0,2,600000,800000,2,1680769.2307692308
21.0,40,0.1942046855733662,0.027743526510480888,0.0,3244,0,0,3,400000,400000,2,1680769.2307692308
22.0,39,0.16875,0.028125,0.0,3200,0,0,1,250000,300000,2,1680769.2307692308
32.0,79,0.0681405208964264,0.12265293761356753,0.0,6604,7,0,5,2000000,2500000,2,1680769.2307692308
27.0,48,0.044009779951100246,0.08801955990220049,0.0,2045,97,16,3,1200000,2000000,2,1680769.2307692308
26.0,66,0.06277609858172518,0.06277609858172518,0.0,4301,0,0,2,1800000,2500000,2,1680769.2307692308
29.0,53,0.0,0.07409440175631174,0.0,3644,0,0,5,1500000,3000000,2,1680769.2307692308
22.0,24,0.0,0.0,0.0,1706,0,0,0,1000000,2500000,2,1680769.2307692308
30.0,72,0.07281553398058252,0.02912621359223301,0.0,6180,31,7,4,3500000,4000000,3,1680769.2307692308
26.0,77,0.0,0.06801007556675064,0.0,3970,242,28,2,2000000,2500000,3,1680769.2307692308
22.0,75,0.05821474773609314,0.09702457956015524,0.0,4638,0,0,2,4000000,4000000,3,1680769.2307692308
26.0,18,0.11306532663316583,0.0,0.0,796,0,0,2,500000,500000,3,1680769.2307692308
22.0,53,0.12369433754810336,0.07421660252886202,0.0,3638,0,0,2,150000,150000,3,1680769.2307692308
29.0,57,0.3481624758220503,0.07460624481901078,0.0,3619,460,53,3,4000000,7500000,4,1680769.2307692308
29.0,23,0.0,0.10428736964078796,0.0,863,148,25,1,1800000,4000000,4,1680769.2307692308
22.0,67,0.17681728880157171,0.17681728880157171,0.0,3563,19,4,2,2000000,2000000,4,1680769.2307692308
26.0,81,0.43770562151337433,0.14161064225432698,0.0,6991,330,40,5,6000000,6000000,4,1680769.2307692308
33.0,75,0.3356501101881675,0.1525682319037125,0.0,5899,102,15,4,1500000,6000000,4,1680769.2307692308
27.0,39,0.16223524109959442,0.12167643082469581,0.0,2219,243,28,1,1500000,4000000,4,1680769.2307692308
24.0,49,0.15463917525773196,0.10309278350515463,0.0,1746,0,0,0,1000000,1000000,4,1680769.2307692308
23.0,66,0.26548672566371684,0.0,0.0,1356,0,0,2,500000,500000,4,1680769.2307692308
32.0,50,0.02,0.0,1.46,4500,10,2,4,800000,800000,1,1187500.0
36.0,12,0.0,0.0,2.0,1080,107,14,8,800000,2500000,1,1187500.0
29.0,73,0.013972985561248253,0.013972985561248253,0.0,6441,0,0,1,2500000,2800000,2,1187500.0
30.0,68,0.0754780275075478,0.015095605501509561,0.0,5962,41,4,2,1500000,1800000,2,1187500.0
29.0,67,0.04772004241781548,0.0,0.0,5658,0,0,1,800000,800000,2,1187500.0
25.0,50,0.0,0.0,0.0,3398,4,1,0,500000,500000,2,1187500.0
34.0,46,0.0,0.05066141289051506,0.0,3553,17,4,9,800000,2000000,2,1187500.0
23.0,61,0.0,0.05760614465542991,0.0,4687,0,0,0,800000,1000000,2,1187500.0
20.0,37,0.0,0.10550996483001172,0.0,1706,0,0,0,400000,400000,2,1187500.0
28.0,67,0.019573727707699,0.078294910830796,0.0,4598,15,3,0,1800000,1800000,3,1187500.0
27.0,31,0.05379557680812911,0.0,0.0,1673,277,30,4,1200000,3500000,3,1187500.0
35.0,30,0.0,0.0,0.0,1905,211,30,5,700000,3000000,3,1187500.0
26.0,61,0.10684606252473289,0.07123070834982193,0.0,5054,0,0,0,600000,600000,3,1187500.0
23.0,45,0.09287925696594428,0.0,0.0,1938,85,16,0,400000,400000,3,1187500.0
21.0,50,0.22134776192818495,0.0,0.0,2033,0,0,0,600000,600000,4,1187500.0
20.0,46,0.0,0.036511156186612576,0.0,2465,0,0,0,400000,400000,4,1187500.0
32.0,27,0.3298213467704993,0.08245533669262482,0.0,2183,517,95,21,2500000,22000000,4,1187500.0
24.0,28,0.0734094616639478,0.0734094616639478,0.0,1226,84,13,0,800000,1800000,4,1187500.0
24.0,68,0.12159423553253772,0.02026570592208962,0.0,4441,0,0,0,600000,1000000,4,1187500.0
20.0,36,0.11842105263157894,0.0,0.0,2280,0,0,0,100000,100000,4,1187500.0
28.0,78,0.46956521739130436,0.09960474308300395,0.0,6325,0,0,1,4500000,5000000,4,1187500.0
26.0,32,0.18172640080767288,0.13629480060575466,0.0,1981,12,2,0,3000000,3800000,4,1187500.0
26.0,68,0.3027754415475189,0.07569386038687972,0.0,3567,0,0,0,1200000,1200000,4,1187500.0
22.0,50,0.1448692152917505,0.07243460764587525,0.0,2485,0,0,1,1200000,1500000,4,1187500.0
32.0,41,0.0975609756097561,0.0,1.4146341463414633,3690,0,0,2,2200000,4000000,1,2275000.0
30.0,28,0.0,0.0,1.3781369629944704,2351,0,0,0,600000,1500000,1,2275000.0
26.0,25,0.0,0.0,1.2189616252821671,2215,0,0,0,100000,100000,1,2275000.0
29.0,54,0.07648183556405354,0.019120458891013385,0.0,4707,7,3,8,3000000,3000000,2,2275000.0
33.0,80,0.027485112230874943,0.027485112230874943,0.0,6549,158,14,3,1800000,2500000,2,2275000.0
23.0,43,0.1047425080011638,0.0523712540005819,0.0,3437,70,11,2,1500000,3000000,2,2275000.0
33.0,72,0.033638572229489815,0.08409643057372454,0.0,5351,546,58,2,1500000,2000000,2,2275000.0
21.0,54,0.0272975432211101,0.0,0.0,3297,0,0,0,600000,700000,2,2275000.0
35.0,31,0.057034220532319393,0.0,0.0,1578,0,0,12,400000,3500000,2,2275000.0
25.0,69,0.04777070063694268,0.06369426751592357,0.0,5652,0,0,0,2500000,2500000,2,2275000.0
32.0,57,0.04462072384729797,0.1338621715418939,0.0,4034,0,0,3,1500000,1800000,2,2275000.0
29.0,71,0.0,0.061994144997416914,0.0,5807,46,6,6,5500000,5500000,3,2275000.0
28.0,68,0.0,0.0,0.0,5050,0,0,0,700000,700000,3,2275000.0
22.0,67,0.11219613546644504,0.05609806773322252,0.0,4813,0,0,0,5000000,5000000,3,2275000.0
34.0,67,0.0591910555738244,0.3255508056560342,0.0,3041,181,20,6,1200000,2000000,3,2275000.0
27.0,47,0.10613207547169812,0.05306603773584906,0.0,1696,0,0,0,300000,300000,3,2275000.0
24.0,66,0.38714574898785425,0.4326923076923077,0.0,3952,67,8,2,8000000,8000000,3,2275000.0
23.0,75,0.1722488038277512,0.14354066985645933,0.0,6270,59,10,0,7000000,7000000,4,2275000.0
30.0,82,0.1676261429055198,0.182864883169658,0.0,5906,0,0,2,5000000,5000000,4,2275000.0
26.0,57,0.21036229061160888,0.10518114530580444,0.0,2567,0,0,3,600000,1000000,4,2275000.0
30.0,78,0.3597601598934044,0.1798800799467022,0.0,4503,7,1,1,3000000,5000000,4,2275000.0
34.0,68,0.5606644912488876,0.13349154553544942,0.0,3371,171,30,5,1200000,3000000,4,2275000.0
24.0,48,0.3468950749464668,0.03854389721627409,0.0,2335,0,0,0,1000000,1000000,4,2275000.0
22.0,49,0.07940008822232025,0.0,0.0,2267,0,0,0,400000,400000,4,2275000.0
37.0,91,0.0,0.0,0.9467889908256881,8175,0,0,10,1000000,3000000,1,3022727.272727273
28.0,29,0.10344827586206896,0.0,1.0,2610,0,0,5,200000,200000,1,3022727.272727273
28.0,69,0.015587114651887772,0.046761343955663316,0.0,5774,410,42,1,7000000,7000000,2,3022727.272727273
29.0,68,0.017045454545454544,0.017045454545454544,0.0,5280,42,10,9,3500000,3500000,2,3022727.272727273
30.0,63,0.03587086488640893,0.0,0.0,5018,345,32,7,2200000,7000000,2,3022727.272727273
27.0,33,0.0,0.0,0.0,2185,0,0,3,600000,800000,2,3022727.272727273
25.0,86,0.012340600575894693,0.061703002879473466,0.0,7293,95,12,3,7000000,7000000,2,3022727.272727273
24.0,40,0.059721300597213006,0.0,0.0,3014,61,10,1,2000000,2500000,2,3022727.272727273
22.0,65,0.09392121054004696,0.02348030263501174,0.0,3833,0,0,2,1500000,1500000,2,3022727.272727273
33.0,81,0.06515129578688288,0.013030259157376574,0.0,6907,7,2,9,2000000,15000000,3,3022727.272727273
28.0,80,0.18705035971223022,0.14388489208633093,0.0,6255,107,19,2,9000000,9000000,3,3022727.272727273
33.0,88,0.0,0.058027079303675046,0.0,6204,35,7,7,1800000,6000000,3,3022727.272727273
31.0,85,0.24171888988361684,0.06042972247090421,0.0,4468,0,0,1,1500000,3000000,3,3022727.272727273
23.0,23,0.0,0.0,0.0,930,195,32,0,200000,200000,3,3022727.272727273
25.0,73,0.33264033264033266,0.14553014553014554,0.0,4329,0,0,4,4500000,7000000,3,3022727.272727273
23.0,52,0.12069736253911488,0.16092981671881984,0.0,2237,36,3,2,2500000,2500000,4,3022727.272727273
33.0,80,0.0,0.10827067669172932,0.0,6650,62,11,11,2000000,5000000,4,3022727.272727273
22.0,49,0.18877818563188253,0.18877818563188253,0.0,1907,168,20,3,2500000,14000000,4,3022727.272727273
31.0,82,0.18455228981544772,0.2768284347231716,0.0,5852,0,0,5,2500000,4500000,4,3022727.272727273
28.0,86,0.5709173715029278,0.043916720884840596,0.0,6148,0,0,3,7500000,7500000,4,3022727.272727273
29.0,62,0.4393305439330544,0.2196652719665272,0.0,2868,208,32,6,4000000,8000000,4,3022727.272727273
37.0,77,0.5221660220172568,0.1338887235941684,0.0,6722,276,54,18,1500000,15000000,4,3022727.272727273
33.0,54,0.0,0.0,0.9493278179937953,4835,0,0,3,1200000,1200000,1,2373076.923076923
23.0,33,0.0,0.0,1.1818181818181819,2970,0,0,0,400000,450000,1,2373076.923076923
21.0,72,0.04331087584215592,0.04331087584215592,0.0,6234,0,0,0,4000000,4000000,2,2373076.923076923
24.0,66,0.04923413566739606,0.0,0.0,5484,0,0,0,3000000,3000000,2,2373076.923076923
23.0,45,0.04973749654600718,0.0,0.0,3619,33,4,1,3000000,3000000,2,2373076.923076923
29.0,38,0.0,0.0,0.0,2464,113,17,2,1200000,2500000,2,2373076.923076923
33.0,30,0.0,0.0,0.0,2114,309,55,7,700000,2500000,2,2373076.923076923
26.0,62,0.09863013698630137,0.07397260273972603,0.0,3650,12,2,0,2000000,4000000,2,2373076.923076923
26.0,49,0.07089405277668373,0.0,0.0,2539,87,14,1,1500000,2800000,2,2373076.923076923
26.0,78,0.014502094747019014,0.20302932645826618,0.0,6206,0,0,0,3000000,4000000,2,2373076.923076923
33.0,33,0.0,0.0,0.0,1670,236,34,5,800000,2300000,2,2373076.923076923
28.0,53,0.026300409117475162,0.026300409117475162,0.0,3422,104,11,1,2000000,3000000,3,2373076.923076923
29.0,70,0.0,0.0,0.0,4725,0,0,3,1800000,2500000,3,2373076.923076923
23.0,56,0.035685963521015066,0.035685963521015066,0.0,2522,0,0,0,1000000,2500000,3,2373076.923076923
25.0,68,0.09295600082627556,0.11154720099153068,0.0,4841,9,2,1,5500000,5500000,3,2373076.923076923
28.0,81,0.2987943386335838,0.2201642495194828,0.0,5723,213,26,3,6500000,7500000,3,2373076.923076923
19.0,63,0.2595019659239843,0.0,0.0,3815,0,0,0,1000000,1000000,3,2373076.923076923
22.0,34,0.3294289897510981,0.0,0.0,1366,0,0,0,400000,500000,3,2373076.923076923
25.0,58,0.21217316759537078,0.30861551650235747,0.0,4666,110,20,1,8000000,8000000,4,2373076.923076923
29.0,69,0.09589770911028236,0.16782099094299413,0.0,3754,803,71,3,1200000,1500000,4,2373076.923076923
24.0,66,0.09297520661157024,0.030991735537190084,0.0,2904,0,0,0,1000000,1000000,4,2373076.923076923
24.0,73,0.16363636363636364,0.18,0.0,5500,0,0,7,5000000,7500000,4,2373076.923076923
32.0,57,0.11235955056179775,0.08426966292134831,0.0,3204,181,30,6,1800000,4000000,4,2373076.923076923
23.0,19,0.5660377358490566,0.0,0.0,636,562,51,2,3000000,10000000,4,2373076.923076923
26.0,33,0.267538644470868,0.0535077288941736,0.0,1682,0,0,3,1500000,1500000,4,2373076.923076923
28.0,14,0.0,0.0,0.0,544,116,9,1,1200000,2000000,4,2373076.923076923
42.0,48,0.0,0.0,1.25,4320,92,15,9,800000,2500000,1,1880769.2307692308
25.0,42,0.0,0.0,1.180722891566265,3735,48,8,1,800000,3500000,1,1880769.2307692308
26.0,42,0.0,0.0,0.9285714285714286,3780,0,0,2,600000,700000,1,1880769.2307692308
32.0,48,0.0,0.0,0.0,3883,412,61,5,1500000,12000000,2,1880769.2307692308
35.0,71,0.0,0.0,0.0,5880,0,0,7,1000000,2200000,2,1880769.2307692308
28.0,35,0.03648155654641265,0.03648155654641265,0.0,2467,0,0,1,1000000,1000000,2,1880769.2307692308
20.0,46,0.0,0.0,0.0,3441,0,0,0,500000,500000,2,1880769.2307692308
24.0,42,0.0,0.03091721058055651,0.0,2911,0,0,3,1500000,1800000,2,1880769.2307692308
30.0,49,0.1978021978021978,0.11868131868131868,0.0,2275,92,21,4,1000000,2300000,2,1880769.2307692308
28.0,27,0.04589495155532891,0.04589495155532891,0.0,1961,0,0,2,300000,300000,2,1880769.2307692308
27.0,70,0.08153651023736184,0.06522920818988948,0.0,5519,40,7,4,5000000,5000000,2,1880769.2307692308
36.0,39,0.0,0.0546448087431694,0.0,1647,0,0,4,500000,1000000,2,1880769.2307692308
23.0,82,0.0,0.028310789556464298,0.0,6358,0,0,0,4500000,4500000,3,1880769.2307692308
33.0,63,0.04769475357710652,0.04769475357710652,0.0,3774,0,0,6,800000,3000000,3,1880769.2307692308
26.0,71,0.10163749294184077,0.13551665725578768,0.0,5313,58,8,5,8000000,10000000,3,1880769.2307692308
23.0,47,0.03391107761868877,0.03391107761868877,0.0,2654,0,0,3,500000,500000,3,1880769.2307692308
29.0,10,0.0,0.0,0.0,267,0,0,0,2000000,3400000,3,1880769.2307692308
31.0,77,0.05555555555555555,0.05555555555555555,0.0,6480,23,2,2,3500000,3500000,3,1880769.2307692308
26.0,32,0.12016021361815754,0.04005340453938585,0.0,2247,31,5,1,3500000,3500000,4,1880769.2307692308
25.0,75,0.1761252446183953,0.12809108699519658,0.0,5621,0,0,1,4000000,5000000,4,1880769.2307692308
29.0,59,0.28957528957528955,0.02895752895752896,0.0,3108,16,3,1,1500000,1800000,4,1880769.2307692308
19.0,64,0.2457002457002457,0.12285012285012285,0.0,3663,0,0,1,800000,800000,4,1880769.2307692308
26.0,16,0.28213166144200624,0.14106583072100312,0.0,638,6,1,0,1800000,1800000,4,1880769.2307692308
27.0,40,0.17578125,0.05859375,0.0,1536,245,23,1,2000000,3000000,4,1880769.2307692308
27.0,24,0.23255813953488372,0.07751937984496124,0.0,1161,304,31,0,1000000,1250000,4,1880769.2307692308
23.0,37,0.16129032258064516,0.16129032258064516,0.0,1116,338,28,3,500000,800000,4,1880769.2307692308
36.0,78,0.0,0.0,1.1096774193548387,6975,768,93,3,1000000,7000000,1,1968965.5172413792
25.0,23,0.0,0.0,0.8751279426816786,1954,0,0,1,200000,200000,1,1968965.5172413792
19.0,37,0.0,0.0,1.3243243243243243,3330,0,0,0,100000,100000,1,1968965.5172413792
35.0,49,0.0,0.04784688995215311,0.0,3762,91,9,7,1200000,2500000,2,1968965.5172413792
37.0,76,0.0942690408499177,0.013467005835702529,0.0,6683,11,2,2,1000000,6000000,2,1968965.5172413792
25.0,30,0.034482758620689655,0.0,0.0,2610,0,0,1,800000,900000,2,1968965.5172413792
34.0,19,0.0,0.0,0.0,1261,0,0,2,400000,1800000,2,1968965.5172413792
22.0,60,0.059880239520958084,0.03992015968063872,0.0,4509,0,0,2,4000000,4000000,2,1968965.5172413792
21.0,44,0.0598404255319149,0.0,0.0,3008,0,0,1,400000,400000,2,1968965.5172413792
24.0,76,0.053563457818776965,0.13390864454694243,0.0,6721,0,0,1,7000000,7000000,2,1968965.5172413792
23.0,34,0.18117765475591344,0.0,0.0,1987,0,0,0,200000,200000,3,1968965.5172413792
27.0,77,0.11267605633802817,0.08450704225352113,0.0,6390,0,0,1,8000000,8000000,3,1968965.5172413792
23.0,33,0.0,0.0,0.0,2026,0,0,1,600000,600000,3,1968965.5172413792
23.0,79,0.09322284699615271,0.10654039656703167,0.0,6758,0,0,2,8000000,8000000,3,1968965.5172413792
21.0,33,0.0736196319018405,0.0,0.0,2445,0,0,1,200000,200000,3,1968965.5172413792
28.0,34,0.4930006086427267,0.21911138161898966,0.0,1643,0,0,6,5000000,5000000,3,1968965.5172413792
21.0,62,0.17221584385763491,0.0,0.0,2613,0,0,2,1000000,1000000,3,1968965.5172413792
28.0,53,0.24831391784181484,0.13795217657878603,0.0,3262,353,48,1,1800000,1800000,4,1968965.5172413792
20.0,32,0.09857612267250822,0.19715224534501644,0.0,913,34,3,1,1000000,1000000,4,1968965.5172413792
21.0,47,0.26717557251908397,0.07633587786259542,0.0,2358,0,0,1,1000000,1000000,4,1968965.5172413792
20.0,47,0.25609756097560976,0.036585365853658534,0.0,2460,0,0,2,400000,500000,4,1968965.5172413792
25.0,66,0.1836734693877551,0.13119533527696792,0.0,3430,42,8,3,1500000,1500000,4,1968965.5172413792
19.0,10,0.0,0.0,0.0,703,0,0,3,1500000,1500000,4,1968965.5172413792
36.0,79,0.15615962984384038,0.242914979757085,0.0,5187,300,46,7,1000000,4000000,4,1968965.5172413792
23.0,34,0.0,0.17880794701986755,0.0,1510,0,0,1,500000,1000000,4,1968965.5172413792
28.0,13,0.569620253164557,0.2848101265822785,0.0,632,0,0,3,7000000,7000000,4,1968965.5172413792
23.0,62,0.26392961876832843,0.06598240469208211,0.0,2728,0,0,2,1500000,1500000,4,1968965.5172413792
23.0,49,0.5025125628140703,0.0,0.0,1791,0,0,1,600000,600000,4,1968965.5172413792
20.0,44,0.33781670315921175,0.0,0.0,3197,0,0,0,200000,200000,4,1968965.5172413792
36.0,52,0.0,0.0,1.3461538461538463,4680,223,18,1,600000,6500000,1,3158695.652173913
27.0,24,0.0,0.0,1.25,2160,14,2,0,600000,800000,1,3158695.652173913
21.0,35,0.0,0.0,1.4857142857142858,3150,0,0,0,250000,300000,1,3158695.652173913
22.0,26,0.0820419325432999,0.0,0.0,2194,54,8,0,3000000,3000000,2,3158695.652173913
22.0,17,0.0,0.0,0.0,1261,48,6,2,2500000,3000000,2,3158695.652173913
21.0,48,0.0705697856769472,0.023523261892315735,0.0,3826,10,2,1,2500000,2500000,2,3158695.652173913
18.0,33,0.035530990919857876,0.0,0.0,2533,19,3,0,1000000,1000000,2,3158695.652173913
26.0,71,0.03795066413662239,0.11385199240986717,0.0,4743,70,11,0,3000000,4500000,2,3158695.652173913
30.0,30,0.0,0.0,0.0,2019,274,35,1,2500000,18000000,2,3158695.652173913
30.0,76,0.014539579967689823,0.21809369951534732,0.0,6190,288,46,1,1800000,2000000,2,3158695.652173913
34.0,47,0.033345683586513526,0.10003705075954057,0.0,2699,658,83,0,400000,5000000,2,3158695.652173913
26.0,73,0.24894240156199154,0.1171493654409372,0.0,6146,19,2,0,8000000,9000000,3,3158695.652173913
27.0,46,0.0,0.02956636005256242,0.0,3044,285,37,0,6000000,13000000,3,3158695.652173913
21.0,46,0.030695770804911322,0.061391541609822645,0.0,2932,29,5,1,1000000,1000000,3,3158695.652173913
20.0,42,0.0,0.12652296157450796,0.0,2134,66,11,0,2000000,2000000,3,3158695.652173913
25.0,64,0.260938323668951,0.16605166051660517,0.0,3794,19,2,0,3500000,7000000,3,3158695.652173913
20.0,71,0.20217729393468117,0.27993779160186627,0.0,5787,50,4,1,15000000,15000000,3,3158695.652173913
28.0,81,0.12951969778737182,0.2104695089044792,0.0,5559,64,9,5,3000000,6000000,4,3158695.652173913
24.0,64,0.39195979899497485,0.09045226130653267,0.0,2985,108,6,1,2500000,3500000,4,3158695.652173913
25.0,34,0.0,0.24545454545454545,0.0,1100,169,19,0,2000000,5000000,4,3158695.652173913
20.0,74,0.4569748797434527,0.24051309460181722,0.0,3742,36,6,1,7000000,7000000,4,3158695.652173913
33.0,68,0.47740292807129214,0.1527689369828135,0.0,4713,287,56,9,3000000,16000000,4,3158695.652173913
20.0,55,0.5629691409507923,0.37531276063386154,0.0,2398,0,0,0,1500000,1500000,4,3158695.652173913
19.0,36,0.0,0.0,1.807909604519774,3186,0,0,0,2500000,2500000,1,2601724.1379310344
27.0,62,0.0,0.0,1.4393530997304582,5565,57,2,1,3000000,3000000,1,2601724.1379310344
37.0,29,0.0,0.0,1.1809145129224652,2515,1141,115,6,300000,8000000,1,2601724.1379310344
23.0,7,0.0,0.0,0.7525083612040134,598,0,0,1,200000,250000,1,2601724.1379310344
22.0,3,0.0,0.0,0.0,143,304,36,1,2000000,2500000,2,2601724.1379310344
24.0,36,0.0,0.0,0.0,2940,502,36,3,2500000,2500000,2,2601724.1379310344
28.0,5,0.0,0.2,0.0,450,269,49,1,1800000,5500000,2,2601724.1379310344
22.0,53,0.0,0.03965631196298744,0.0,4539,32,5,0,1200000,1200000,2,2601724.1379310344
19.0,45,0.023358422008824292,0.11679211004412146,0.0,3853,0,0,0,1500000,1500000,2,2601724.1379310344
24.0,60,0.09868421052631579,0.13815789473684212,0.0,4560,16,4,2,2500000,2800000,2,2601724.1379310344
19.0,41,0.0,0.21978021978021978,0.0,2457,0,0,0,1000000,1500000,2,2601724.1379310344
29.0,46,0.0,0.18486819582334818,0.0,2921,97,13,2,1000000,2800000,2,2601724.1379310344
24.0,43,0.0343380389164441,0.0686760778328882,0.0,2621,73,10,0,1500000,1800000,2,2601724.1379310344
34.0,57,0.04069635993669455,0.06104453990504183,0.0,4423,277,39,7,400000,12000000,2,2601724.1379310344
26.0,64,0.032362459546925564,0.11326860841423948,0.0,5562,283,42,8,8000000,12500000,3,2601724.1379310344
20.0,62,0.018951358180669616,0.09475679090334807,0.0,4749,0,0,0,5000000,5000000,3,2601724.1379310344
23.0,57,0.16381507098653075,0.1965780851838369,0.0,2747,18,4,1,1800000,3500000,3,2601724.1379310344
24.0,40,0.0,0.08268259072117592,0.0,2177,93,9,4,1000000,3000000,3,2601724.1379310344
17.0,54,0.02553191489361702,0.17872340425531916,0.0,3525,0,0,1,250000,250000,3,2601724.1379310344
26.0,42,0.31542056074766356,0.31542056074766356,0.0,2568,306,33,5,5000000,7500000,3,2601724.1379310344
27.0,44,0.510879848628193,0.2554399243140965,0.0,2114,408,46,8,5000000,16000000,3,2601724.1379310344
18.0,57,0.3700319780721791,0.2055733211512106,0.0,2189,106,20,1,7000000,7000000,4,2601724.1379310344
27.0,58,0.21366394091268795,0.0949617515167502,0.0,3791,303,38,2,4000000,15000000,4,2601724.1379310344
23.0,19,0.7105263157894737,0.11842105263157894,0.0,760,0,0,0,1800000,2000000,4,2601724.1379310344
22.0,48,0.5334728033472803,0.2196652719665272,0.0,2868,184,23,0,6000000,6000000,4,2601724.1379310344
34.0,57,0.5747460087082729,0.3918722786647315,0.0,3445,145,17,18,3500000,16000000,4,2601724.1379310344
23.0,66,0.4130545639979602,0.27536970933197347,0.0,3922,187,26,1,4000000,4000000,4,2601724.1379310344
24.0,42,0.3301540719002201,0.13206162876008803,0.0,1363,190,31,4,1200000,7500000,4,2601724.1379310344
18.0,57,1.1463345598641381,0.3056892159637702,0.0,3533,0,0,2,500000,500000,4,2601724.1379310344
34.0,65,0.0,0.0,1.5085536547433904,5787,79,16,2,700000,1500000,1,2197916.6666666665
28.0,6,0.0,0.0,0.851063829787234,423,220,23,4,300000,1500000,1,2197916.6666666665
29.0,63,0.14631502890173412,0.0,0.0,5536,12,1,0,5000000,5000000,2,2197916.6666666665
19.0,55,0.02180232558139535,0.02180232558139535,0.0,4128,26,5,0,3500000,3500000,2,2197916.6666666665
22.0,55,0.04803843074459568,0.0,0.0,3747,0,0,4,3000000,3200000,2,2197916.6666666665
30.0,40,0.06273963053328686,0.06273963053328686,0.0,2869,129,21,2,1000000,2800000,2,2197916.6666666665
23.0,16,0.0,0.1329394387001477,0.0,677,468,34,0,350000,900000,2,2197916.6666666665
22.0,60,0.01913265306122449,0.03826530612244898,0.0,4704,87,7,2,5500000,5500000,2,2197916.6666666665
20.0,49,0.06870229007633588,0.03435114503816794,0.0,2620,0,0,0,1800000,1800000,2,2197916.6666666665
30.0,47,0.03811944091486658,0.11435832274459974,0.0,2361,354,35,3,400000,2000000,2,2197916.6666666665
23.0,69,0.11964107676969092,0.14955134596211367,0.0,6018,101,4,0,8000000,8000000,3,2197916.6666666665
31.0,26,0.09355509355509356,0.0,0.0,962,122,13,2,400000,500000,3,2197916.6666666665
23.0,64,0.22245108135942326,0.25952626158599384,0.0,4855,67,13,0,7000000,7000000,3,2197916.6666666665
23.0,62,0.18020594965675057,0.02574370709382151,0.0,3496,56,5,1,1200000,1200000,3,2197916.6666666665
20.0,55,0.31213872832369943,0.24277456647398843,0.0,2595,0,0,0,400000,400000,3,2197916.6666666665
31.0,56,0.044676098287416234,0.1340282948622487,0.0,4029,518,46,0,1500000,3000000,3,2197916.6666666665
21.0,61,0.2172164119066774,0.28962188254223653,0.0,3729,8,1,0,2000000,2000000,3,2197916.6666666665
20.0,27,0.0,0.09698275862068965,0.0,928,0,0,1,400000,700000,3,2197916.6666666665
31.0,58,0.49624060150375937,0.06766917293233082,0.0,3990,27,5,1,2500000,7000000,4,2197916.6666666665
24.0,45,0.189873417721519,0.0949367088607595,0.0,2844,38,4,3,1500000,1500000,4,2197916.6666666665
21.0,45,0.20361990950226244,0.04072398190045249,0.0,2210,0,0,0,250000,350000,4,2197916.6666666665
27.0,62,0.4199720018665422,0.3569762015865609,0.0,4286,24,4,2,5000000,6000000,4,2197916.6666666665
23.0,50,0.45425867507886436,0.22712933753943218,0.0,1585,136,16,1,800000,800000,4,2197916.6666666665
21.0,21,0.7407407407407407,0.09259259259259259,0.0,972,71,10,0,250000,800000,4,2197916.6666666665
24.0,56,0.0,0.0,1.3578756789378394,4971,56,6,2,1500000,2000000,1,1272000.0
24.0,15,0.0,0.0,1.0666666666666667,1350,0,0,1,600000,600000,1,1272000.0
35.0,3,0.0,0.0,0.3614457831325301,249,0,0,1,150000,900000,1,1272000.0
24.0,61,0.01958650707290533,0.01958650707290533,0.0,4595,0,0,0,3000000,4000000,2,1272000.0
26.0,59,0.0,0.017411491584445733,0.0,5169,26,5,2,2500000,2500000,2,1272000.0
25.0,34,0.07738607050730868,0.0,0.0,2326,0,0,0,500000,800000,2,1272000.0
24.0,65,0.017860686644175432,0.125024806509228,0.0,5039,35,7,2,1500000,1700000,2,1272000.0
27.0,61,0.03741425898981501,0.07482851797963001,0.0,4811,189,26,1,1800000,1800000,2,1272000.0
24.0,54,0.08466603951081844,0.10583254938852305,0.0,4252,149,25,3,1200000,1200000,2,1272000.0
25.0,53,0.06517016654598118,0.06517016654598118,0.0,2762,161,19,1,600000,2800000,2,1272000.0
33.0,47,0.0,0.0,0.0,3076,44,6,0,300000,1200000,2,1272000.0
29.0,20,0.0,0.0,0.0,1539,165,27,1,800000,2000000,3,1272000.0
25.0,59,0.0,0.0,0.0,2786,47,4,2,1000000,1000000,3,1272000.0
27.0,35,0.058403634003893576,0.0,0.0,1541,578,61,2,400000,700000,3,1272000.0
19.0,66,0.060240963855421686,0.12048192771084337,0.0,4482,33,5,0,2800000,2800000,3,1272000.0
20.0,46,0.0,0.0,0.0,2178,0,0,0,1000000,1000000,3,1272000.0
29.0,68,0.2524937655860349,0.05610972568578554,0.0,3208,67,11,5,2000000,2800000,3,1272000.0
22.0,18,0.13740458015267176,0.06870229007633588,0.0,1310,0,0,0,3000000,3000000,4,1272000.0
26.0,49,0.03197158081705151,0.06394316163410302,0.0,2815,84,13,3,900000,2000000,4,1272000.0
21.0,41,0.33488372093023255,0.04186046511627907,0.0,2150,255,47,1,500000,600000,4,1272000.0
25.0,57,0.07708779443254818,0.15417558886509636,0.0,4670,80,15,2,2000000,2000000,4,1272000.0
27.0,69,0.6467926537130689,0.14373170082512643,0.0,3757,0,0,0,2000000,2500000,4,1272000.0
23.0,55,0.40071237756010686,0.08014247551202137,0.0,2246,87,9,2,900000,900000,4,1272000.0
20.0,64,0.3674540682414698,0.15748031496062992,0.0,3429,0,0,1,700000,700000,4,1272000.0
23.0,32,0.17430600387346676,0.11620400258231117,0.0,1549,3,1,0,150000,350000,4,1272000.0
25.0,36,0.0,0.0,1.4424890006285356,3182,26,5,0,900000,1000000,1,990000.0
36.0,27,0.0,0.0,1.6327433628318584,2260,565,46,0,300000,3500000,1,990000.0
33.0,16,0.0,0.0,1.214392803598201,1334,33,3,0,300000,1200000,1,990000.0
23.0,63,0.06676557863501484,0.01669139465875371,0.0,5392,0,0,2,3000000,3000000,2,990000.0
29.0,46,0.024278392230914485,0.0,0.0,3707,0,0,1,800000,1000000,2,990000.0
27.0,61,0.035523978685612786,0.0,0.0,5067,275,31,0,800000,1000000,2,990000.0
22.0,37,0.0785683107813182,0.0,0.0,2291,63,1,0,500000,1200000,2,990000.0
28.0,27,0.0,0.0,0.0,1373,50,7,0,600000,1800000,2,990000.0
27.0,70,0.06353688669255206,0.11118955171196611,0.0,5666,0,0,0,2500000,2500000,2,990000.0
32.0,61,0.052478134110787174,0.12244897959183673,0.0,5145,17,2,0,1000000,2000000,2,990000.0
30.0,65,0.019964507542147295,0.13975155279503104,0.0,4508,30,4,4,1200000,2500000,2,990000.0
30.0,49,0.06417112299465241,0.06417112299465241,0.0,2805,517,59,1,900000,1500000,2,990000.0
32.0,53,0.0,0.04201680672268908,0.0,4284,112,20,0,1000000,3200000,3,990000.0
20.0,57,0.058900523560209424,0.058900523560209424,0.0,3056,3,1,4,1000000,1000000,3,990000.0
26.0,36,0.05344418052256532,0.16033254156769597,0.0,1684,278,29,0,2000000,4000000,3,990000.0
33.0,60,0.21873619089703933,0.1391957578435705,0.0,4526,209,22,3,1200000,6000000,3,990000.0
38.0,56,0.39020160416215044,0.19510080208107522,0.0,4613,283,36,5,1200000,10000000,3,990000.0
20.0,2,0.0,0.0,0.0,71,0,0,0,1500000,3500000,3,990000.0
19.0,43,0.2369460289600702,0.03949100482667837,0.0,2279,17,2,0,300000,300000,3,990000.0
21.0,26,0.32967032967032966,0.10989010989010989,0.0,819,0,0,0,200000,200000,3,990000.0
34.0,49,0.2777777777777778,0.18518518518518517,0.0,1944,236,25,2,400000,12000000,4,990000.0
33.0,56,0.029211295034079845,0.3213242453748783,0.0,3081,93,14,1,250000,1500000,4,990000.0
25.0,62,0.32160527762506874,0.12369433754810336,0.0,3638,0,0,2,1500000,1800000,4,990000.0
26.0,45,0.26328620185275475,0.13164310092637738,0.0,2051,156,25,2,800000,1500000,4,990000.0
28.0,44,0.35485460818137016,0.1330704780680138,0.0,2029,383,37,1,600000,4000000,4,990000.0
34.0,50,0.0,0.0,1.1809954751131222,4420,30,5,0,500000,850000,1,956666.6666666666
30.0,41,0.0,0.0,1.3391353172375071,3562,31,7,1,400000,400000,1,956666.6666666666
19.0,16,0.0,0.0,1.6953316953316953,1221,0,0,0,50000,50000,1,956666.6666666666
27.0,14,0.0,0.0,0.0,1092,245,29,1,800000,800000,2,956666.6666666666
34.0,51,0.0,0.0,0.0,4193,0,0,0,700000,4500000,2,956666.6666666666
33.0,33,0.0,0.0,0.0,2390,367,40,1,400000,2500000,2,956666.6666666666
21.0,43,0.13337285121517486,0.026674570243034972,0.0,3374,0,0,0,100000,150000,2,956666.6666666666
26.0,54,0.0,0.13560051657339647,0.0,4646,56,7,3,3500000,3500000,2,956666.6666666666
30.0,51,0.0,0.0,0.0,4061,70,8,0,1000000,1000000,2,956666.6666666666
26.0,33,0.0,0.11479591836734694,0.0,2352,222,35,2,1200000,1200000,2,956666.6666666666
35.0,33,0.0,0.0,0.0,2334,598,64,0,150000,4000000,2,956666.6666666666
29.0,58,0.17074198988195616,0.01897133220910624,0.0,4744,319,40,2,2800000,2800000,3,956666.6666666666
30.0,50,0.024650780608052588,0.024650780608052588,0.0,3651,248,34,0,2500000,3000000,3,956666.6666666666
27.0,52,0.16806722689075632,0.16806722689075632,0.0,3213,81,7,1,800000,1500000,3,956666.6666666666
18.0,42,0.07089405277668373,0.0,0.0,2539,0,0,0,50000,50000,3,956666.6666666666
27.0,63,0.12851023322227512,0.06425511661113756,0.0,4202,0,0,0,800000,1000000,3,956666.6666666666
22.0,29,0.08641382621219396,0.08641382621219396,0.0,2083,29,4,0,300000,300000,3,956666.6666666666
24.0,21,0.06392045454545454,0.19176136363636365,0.0,1408,0,0,1,100000,250000,3,956666.6666666666
23.0,1,0.0,0.0,0.0,1,0,0,0,50000,100000,3,956666.6666666666
23.0,47,0.18181818181818182,0.18181818181818182,0.0,2475,185,5,0,2000000,2000000,3,956666.6666666666
27.0,59,0.11188463451019394,0.13426156141223272,0.0,4022,0,0,7,1800000,1800000,3,956666.6666666666
31.0,40,0.20293122886133033,0.13528748590755355,0.0,2661,222,28,3,1200000,3000000,4,956666.6666666666
24.0,66,0.536779324055666,0.39363817097415504,0.0,5030,84,14,2,1200000,1200000,4,956666.6666666666
23.0,59,0.10085917071348524,0.23533806499813223,0.0,2677,0,0,1,700000,700000,4,956666.6666666666
21.0,47,0.17162471395881007,0.20594965675057209,0.0,2622,13,2,0,400000,400000,4,956666.6666666666
21.0,13,0.0,0.0,0.0,306,0,0,0,300000,300000,4,956666.6666666666
22.0,62,0.5870075658752935,0.09392121054004696,0.0,3833,20,4,2,2000000,6000000,4,956666.6666666666
25.0,55,0.6272817789578493,0.05974112180550946,0.0,3013,35,4,0,2000000,2000000,4,956666.6666666666
31.0,58,0.3373594335693461,0.037484381507705125,0.0,2401,45,7,0,700000,2200000,4,956666.6666666666
21.0,32,0.7131537242472267,0.03565768621236133,0.0,2524,0,0,0,200000,250000,4,956666.6666666666
26.0,66,0.0,0.0,1.2878787878787878,5940,362,30,2,2000000,2000000,1,696428.5714285715
28.0,19,0.0,0.0,0.8947368421052632,1710,532,69,0,200000,350000,1,696428.5714285715
21.0,30,0.0,0.0,1.641670044588569,2467,0,0,0,100000,100000,1,696428.5714285715
29.0,46,0.022871664548919948,0.022871664548919948,0.0,3935,470,51,0,1500000,2500000,2,696428.5714285715
27.0,69,0.031331592689295036,0.031331592689295036,0.0,5745,15,2,0,1200000,1200000,2,696428.5714285715
35.0,29,0.03889369057908384,0.03889369057908384,0.0,2314,264,46,13,300000,2000000,2,696428.5714285715
25.0,36,0.0,0.06458557588805167,0.0,2787,0,0,0,400000,600000,2,696428.5714285715
26.0,62,0.021266540642722116,0.021266540642722116,0.0,4232,0,0,0,600000,600000,2,696428.5714285715
22.0,43,0.029239766081871343,0.2046783625730994,0.0,3078,0,0,0,250000,300000,2,696428.5714285715
27.0,75,0.0,0.062445793581960105,0.0,5765,0,0,0,1000000,1000000,2,696428.5714285715
37.0,48,0.0,0.09130103981739791,0.0,3943,202,21,2,100000,2500000,2,696428.5714285715
29.0,61,0.0,0.0,0.0,4850,310,36,0,900000,2200000,3,696428.5714285715
21.0,67,0.021131721061281993,0.042263442122563985,0.0,4259,0,0,1,600000,600000,3,696428.5714285715
33.0,37,0.18875838926174496,0.11325503355704698,0.0,2384,434,54,0,800000,10000000,3,696428.5714285715
29.0,58,0.10114632501685772,0.020229265003371546,0.0,4449,245,25,2,1200000,1500000,3,696428.5714285715
26.0,33,0.13062409288824384,0.0,0.0,2067,347,41,0,700000,3000000,3,696428.5714285715
30.0,63,0.07371007371007371,0.128992628992629,0.0,4884,27,5,0,800000,1000000,3,696428.5714285715
20.0,45,0.18659295093296477,0.0,0.0,1447,0,0,0,400000,400000,3,696428.5714285715
35.0,66,0.31403940886699505,0.07389162561576355,0.0,4872,113,14,2,600000,3500000,3,696428.5714285715
30.0,43,0.0,0.1951219512195122,0.0,1845,373,39,0,400000,2500000,3,696428.5714285715
32.0,20,0.07588532883642496,0.22765598650927488,0.0,1186,590,83,7,300000,14000000,3,696428.5714285715
19.0,2,0.0,0.0,0.0,58,239,27,0,100000,100000,3,696428.5714285715
28.0,69,0.6205184776613348,0.19856591285162714,0.0,3626,0,0,2,900000,900000,4,696428.5714285715
25.0,74,0.17204301075268819,0.17204301075268819,0.0,4185,9,3,3,2000000,2500000,4,696428.5714285715
27.0,67,0.48804535370963764,0.3327581957111166,0.0,4057,0,0,0,900000,900000,4,696428.5714285715
28.0,40,0.34822370735138936,0.0,0.0,2843,305,21,5,800000,1300000,4,696428.5714285715
23.0,37,0.1786896095301125,0.0,0.0,1511,159,10,1,200000,300000,4,696428.5714285715
24.0,49,0.3633916554508748,0.06056527590847914,0.0,2972,0,0,0,250000,250000,4,696428.5714285715
24.0,34,0.0,0.0,1.3134328358208955,3015,120,18,0,600000,800000,1,803846.1538461539
25.0,31,0.0,0.0,1.4098360655737705,2745,0,0,0,400000,400000,1,803846.1538461539
24.0,13,0.0,0.0,1.6153846153846154,1170,0,0,0,700000,700000,1,803846.1538461539
24.0,10,0.0,0.10078387458006718,0.0,893,0,0,0,1200000,1200000,2,803846.1538461539
27.0,58,0.056925996204933584,0.056925996204933584,0.0,4743,35,5,2,1200000,1200000,2,803846.1538461539
20.0,40,0.0,0.029211295034079845,0.0,3081,0,0,2,600000,600000,2,803846.1538461539
35.0,54,0.06192660550458716,0.020642201834862386,0.0,4360,46,7,9,250000,1400000,2,803846.1538461539
26.0,34,0.0,0.20215633423180593,0.0,2226,14,0,1,700000,800000,2,803846.1538461539
24.0,38,0.0,0.17314351673720663,0.0,2599,194,25,0,700000,700000,2,803846.1538461539
27.0,68,0.08783915674409526,0.10540698809291431,0.0,5123,13,3,0,1000000,1000000,2,803846.1538461539
34.0,48,0.08944099378881988,0.08944099378881988,0.0,4025,51,11,0,200000,1000000,2,803846.1538461539
33.0,43,0.0881057268722467,0.0,0.0,2043,152,23,1,200000,1000000,2,803846.1538461539
29.0,61,0.07531380753138076,0.056485355648535567,0.0,4780,111,12,0,1000000,1000000,3,803846.1538461539
23.0,52,0.07173219978746015,0.07173219978746015,0.0,3764,60,13,0,1000000,1000000,3,803846.1538461539
26.0,30,0.07352941176470588,0.22058823529411764,0.0,2448,0,0,0,3000000,3000000,3,803846.1538461539
22.0,58,0.06206896551724138,0.09310344827586207,0.0,2900,0,0,1,350000,450000,3,803846.1538461539
30.0,57,0.20944148936170212,0.17952127659574468,0.0,3008,20,3,2,500000,1000000,3,803846.1538461539
24.0,24,0.09321595028482652,0.3262558259968928,0.0,1931,0,0,0,2500000,2500000,3,803846.1538461539
21.0,48,0.20621931260229132,0.265139116202946,0.0,3055,73,10,3,800000,800000,3,803846.1538461539
18.0,30,0.08767657087189479,0.17535314174378958,0.0,2053,0,0,0,100000,100000,3,803846.1538461539
25.0,74,0.36869340232858994,0.3298835705045278,0.0,4638,53,6,5,900000,1000000,4,803846.1538461539
26.0,25,0.21390374331550802,0.37433155080213903,0.0,1683,22,2,1,1200000,3000000,4,803846.1538461539
21.0,59,0.1806322127446061,0.2483692925238334,0.0,3986,0,0,0,500000,550000,4,803846.1538461539
25.0,39,0.4227336777829967,0.2959135744480977,0.0,2129,100,15,0,900000,900000,4,803846.1538461539
31.0,23,0.5147058823529411,0.07352941176470588,0.0,1224,23,5,2,350000,1000000,4,803846.1538461539
20.0,22,0.45454545454545453,0.0,0.0,792,0,0,0,50000,50000,4,803846.1538461539
24.0,23,0.0,0.0,1.1896288764616167,1967,0,0,0,600000,600000,1,684615.3846153846
32.0,50,0.0,0.0,1.4,4500,22,5,0,600000,1200000,1,684615.3846153846
30.0,3,0.0,0.0,2.4,225,112,11,0,200000,600000,1,684615.3846153846
28.0,53,0.0,0.0,0.0,4328,91,4,2,900000,1000000,2,684615.3846153846
30.0,62,0.08492168333647858,0.033968673334591436,0.0,5299,0,0,0,1000000,1000000,2,684615.3846153846
21.0,32,0.1770956316410862,0.0,0.0,2541,0,0,0,900000,900000,2,684615.3846153846
27.0,13,0.09259259259259259,0.09259259259259259,0.0,972,534,32,2,500000,1300000,2,684615.3846153846
22.0,57,0.0782608695652174,0.0782608695652174,0.0,3450,20,4,2,900000,900000,2,684615.3846153846
21.0,41,0.13095671153146599,0.032739177882866496,0.0,2749,25,5,0,400000,500000,2,684615.3846153846
33.0,52,0.07323026851098453,0.07323026851098453,0.0,3687,431,51,0,400000,3500000,2,684615.3846153846
29.0,59,0.23371564596407704,0.19476303830339753,0.0,4621,54,9,0,1500000,1500000,3,684615.3846153846
28.0,57,0.020412792016330235,0.020412792016330235,0.0,4409,138,18,0,900000,900000,3,684615.3846153846
23.0,52,0.022511255627813906,0.022511255627813906,0.0,3998,38,6,0,900000,900000,3,684615.3846153846
20.0,49,0.055401662049861494,0.16620498614958448,0.0,3249,19,3,3,800000,800000,3,684615.3846153846
36.0,59,0.24373730534867977,0.06093432633716994,0.0,4431,195,34,2,400000,10000000,3,684615.3846153846
27.0,35,0.0,0.1329394387001477,0.0,1354,53,9,1,500000,1000000,3,684615.3846153846
30.0,46,0.03392385978137957,0.0,0.0,2653,62,5,0,300000,500000,3,684615.3846153846
24.0,59,0.05813953488372093,0.11627906976744186,0.0,3096,0,0,4,1500000,2800000,3,684615.3846153846
20.0,40,0.0,0.10440835266821345,0.0,1724,104,22,1,800000,800000,3,684615.3846153846
21.0,51,0.30612244897959184,0.08348794063079777,0.0,3234,0,0,0,400000,500000,3,684615.3846153846
23.0,33,0.16959798994974876,0.0,0.0,1592,0,0,0,300000,500000,3,684615.3846153846
21.0,29,0.06896551724137931,0.0,0.0,1305,65,6,0,500000,700000,4,684615.3846153846
23.0,62,0.2762854950115119,0.06907137375287797,0.0,3909,68,4,1,1000000,1000000,4,684615.3846153846
25.0,56,0.41548295454545453,0.1278409090909091,0.0,2816,64,13,2,600000,1200000,4,684615.3846153846
30.0,57,0.026587887740029542,0.1329394387001477,0.0,3385,410,9,1,500000,800000,4,684615.3846153846
21.0,51,0.33407572383073497,0.40089086859688194,0.0,1347,39,6,3,500000,500000,4,684615.3846153846
28.0,25,0.0,0.0,1.9192377495462796,2204,173,21,0,400000,800000,1,520370.3703703704
27.0,18,0.0,0.0,2.1666666666666665,1620,616,69,2,700000,2250000,1,520370.3703703704
25.0,47,0.0,0.0,0.0,3589,0,0,0,600000,800000,2,520370.3703703704
26.0,44,0.02802865151043289,0.0,0.0,3211,270,43,1,400000,650000,2,520370.3703703704
27.0,23,0.05181347150259067,0.0,0.0,1737,549,52,1,400000,650000,2,520370.3703703704
22.0,27,0.0,0.0,0.0,1647,0,0,1,250000,400000,2,520370.3703703704
31.0,23,0.04833512352309345,0.0,0.0,1862,90,3,2,150000,200000,2,520370.3703703704
19.0,52,0.04127493694106856,0.0,0.0,4361,0,0,1,250000,250000,2,520370.3703703704
29.0,20,0.0,0.0,0.0,1710,40,5,4,900000,1600000,2,520370.3703703704
31.0,49,0.0,0.022681451612903226,0.0,3968,98,11,2,600000,1500000,2,520370.3703703704
28.0,12,0.0,0.0,0.0,1052,0,0,1,400000,700000,2,520370.3703703704
23.0,8,0.0,0.0,0.0,595,0,0,1,350000,350000,2,520370.3703703704
22.0,50,0.05178365937859609,0.025891829689298044,0.0,3476,0,0,0,700000,1000000,3,520370.3703703704
25.0,48,0.09104704097116843,0.06828528072837632,0.0,3954,175,18,0,500000,600000,3,520370.3703703704
23.0,44,0.357773851590106,0.4372791519434629,0.0,2264,61,9,0,300000,500000,3,520370.3703703704
22.0,23,0.0,0.059880239520958084,0.0,1503,509,42,0,100000,200000,3,520370.3703703704
27.0,30,0.0,0.0,0.0,2102,74,11,0,800000,2500000,3,520370.3703703704
26.0,47,0.0,0.028142589118198873,0.0,3198,273,32,1,500000,3000000,3,520370.3703703704
26.0,55,0.030758714969241284,0.12303485987696514,0.0,2926,0,0,1,400000,1000000,3,520370.3703703704
25.0,66,0.17456896551724138,0.17456896551724138,0.0,4640,47,6,0,800000,800000,3,520370.3703703704
27.0,10,0.20785219399538107,0.0,0.0,433,0,0,0,1200000,5500000,4,520370.3703703704
29.0,54,0.21634615384615385,0.10817307692307693,0.0,3328,251,26,1,1000000,2800000,4,520370.3703703704
24.0,44,0.19271948608137046,0.06423982869379015,0.0,2802,192,27,1,900000,900000,4,520370.3703703704
22.0,57,0.2745995423340961,0.17162471395881007,0.0,2622,0,0,0,450000,500000,4,520370.3703703704
24.0,46,0.3711340206185567,0.27835051546391754,0.0,1940,210,12,1,600000,600000,4,520370.3703703704
24.0,52,0.6455469216975493,0.18828451882845187,0.0,3346,0,0,0,250000,275000,4,520370.3703703704
22.0,37,0.1601423487544484,0.0,0.0,1124,0,0,1,150000,200000,4,520370.3703703704
29.0,28,0.0,0.0,2.142857142857143,2520,234,25,1,500000,1500000,1,424137.9310344828
22.0,41,0.0,0.0,0.9796260117220207,3583,154,20,1,300000,600000,1,424137.9310344828
36.0,17,0.0,0.0,1.1126373626373627,1456,20,4,1,100000,800000,1,424137.9310344828
26.0,51,0.06586972432300561,0.043913149548670406,0.0,4099,25,3,0,800000,1000000,2,424137.9310344828
26.0,45,0.04962779156327544,0.0,0.0,3627,0,0,0,500000,1600000,2,424137.9310344828
29.0,22,0.0,0.0,0.0,1447,377,56,4,500000,5000000,2,424137.9310344828
28.0,64,0.0,0.0,0.0,5285,55,12,1,500000,800000,2,424137.9310344828
24.0,45,0.07038581856100104,0.0,0.0,3836,88,9,1,250000,600000,2,424137.9310344828
22.0,60,0.0,0.17770952172005267,0.0,4558,0,0,2,600000,800000,2,424137.9310344828
24.0,31,0.0,0.0,0.0,1536,52,7,1,300000,300000,2,424137.9310344828
34.0,67,0.03300935264991748,0.0,0.0,5453,27,7,3,150000,350000,2,424137.9310344828
25.0,20,0.0,0.12465373961218837,0.0,1444,18,1,4,700000,750000,2,424137.9310344828
31.0,54,0.0,0.04219409282700422,0.0,4266,0,0,0,300000,800000,2,424137.9310344828
24.0,64,0.16081000595592615,0.0357355568790947,0.0,5037,4,1,1,700000,1300000,3,424137.9310344828
22.0,65,0.10748407643312102,0.035828025477707005,0.0,5024,0,0,2,500000,700000,3,424137.9310344828
29.0,60,0.02160345655304849,0.10801728276524244,0.0,4166,62,8,3,500000,600000,3,424137.9310344828
30.0,64,0.01856052794390596,0.07424211177562384,0.0,4849,0,0,3,400000,600000,3,424137.9310344828
24.0,45,0.05728835136855506,0.02864417568427753,0.0,3142,110,9,2,400000,400000,3,424137.9310344828
21.0,40,0.06385242993969492,0.12770485987938984,0.0,2819,0,0,2,250000,250000,3,424137.9310344828
36.0,43,0.05306603773584906,0.05306603773584906,0.0,1696,584,72,9,50000,6500000,3,424137.9310344828
22.0,7,0.0,0.0,0.0,138,0,0,1,600000,1000000,4,424137.9310344828
22.0,31,0.048833423765599564,0.09766684753119913,0.0,1843,37,5,5,500000,500000,4,424137.9310344828
32.0,51,0.23944130362487528,0.20951114067176588,0.0,3007,23,3,0,450000,800000,4,424137.9310344828
26.0,66,0.40683073832245104,0.0,0.0,3982,0,0,0,700000,700000,4,424137.9310344828
28.0,74,0.3270084779975777,0.12716996366572467,0.0,4954,5,1,1,600000,600000,4,424137.9310344828
29.0,12,0.10465116279069768,0.20930232558139536,0.0,860,426,56,4,500000,1500000,4,424137.9310344828
32.0,5,0.3643724696356275,0.0,0.0,247,31,5,4,300000,5000000,4,424137.9310344828
21.0,51,0.5186323472915866,0.20745293891663466,0.0,2603,0,0,1,300000,350000,4,424137.9310344828
40.0,66,0.25293817066939195,0.09197751660705161,0.0,3914,21,2,3,50000,2300000,4,424137.9310344828
22.0,54,0.0,0.0,1.2075471698113207,4770,0,0,1,800000,800000,1,504000.0
29.0,24,0.0,0.0,1.375,2160,69,8,0,400000,400000,1,504000.0
28.0,33,0.063875088715401,0.09581263307310149,0.0,2818,0,0,1,900000,900000,2,504000.0
22.0,58,0.1642668829851957,0.03650375177448793,0.0,4931,50,5,0,1000000,1000000,2,504000.0
30.0,25,0.0,0.0,0.0,1811,200,27,1,300000,1300000,2,504000.0
31.0,47,0.024725274725274724,0.024725274725274724,0.0,3640,86,10,0,300000,400000,2,504000.0
32.0,15,0.0,0.0,0.0,1109,99,14,0,100000,400000,2,504000.0
27.0,37,0.0,0.10085917071348524,0.0,2677,92,4,0,900000,900000,2,504000.0
27.0,68,0.019442644199611146,0.11665586519766688,0.0,4629,61,5,0,500000,500000,2,504000.0
31.0,70,0.03834682573498083,0.07669365146996165,0.0,4694,12,3,0,400000,500000,2,504000.0
27.0,50,0.0,0.13493253373313344,0.0,2668,36,6,1,300000,500000,2,504000.0
28.0,66,0.07841428882596384,0.0,0.0,4591,5,1,0,600000,600000,3,504000.0
25.0,60,0.0,0.04211511464670098,0.0,4274,0,0,0,700000,700000,3,504000.0
33.0,67,0.05012066085019491,0.06682754780025989,0.0,5387,0,0,2,300000,400000,3,504000.0
28.0,59,0.03962139555359894,0.03962139555359894,0.0,4543,64,6,0,400000,400000,3,504000.0
22.0,36,0.10465116279069768,0.06976744186046512,0.0,2580,0,0,0,150000,200000,3,504000.0
22.0,33,0.0949367088607595,0.189873417721519,0.0,948,91,15,0,100000,200000,3,504000.0
31.0,70,0.25581808491739205,0.20785219399538107,0.0,5629,0,0,0,800000,800000,3,504000.0
24.0,65,0.0982961992136304,0.17693315858453473,0.0,4578,19,0,0,600000,600000,4,504000.0
29.0,65,0.10173323285606632,0.1356443104747551,0.0,5308,31,6,1,700000,700000,4,504000.0
27.0,71,0.6079559669752315,0.06755066299724793,0.0,3997,0,0,1,500000,600000,4,504000.0
28.0,41,0.18623900672529747,0.18623900672529747,0.0,1933,24,6,1,500000,1500000,4,504000.0
27.0,72,0.45226130653266333,0.09521290663845544,0.0,3781,54,6,1,900000,900000,4,504000.0
33.0,72,0.14977810650887574,0.2496301775147929,0.0,5408,4,1,0,300000,700000,4,504000.0
19.0,30,0.36585365853658536,0.0,0.0,984,0,0,1,150000,150000,4,504000.0
29.0,46,0.0,0.0,1.2826086956521738,4140,641,65,3,3000000,5800000,1,3415384.6153846155
25.0,39,0.0,0.0,1.2307692307692308,3510,0,0,1,1800000,13000000,1,3415384.6153846155
23.0,2,0.0,0.0,0.5,180,0,0,1,100000,250000,1,3415384.6153846155
29.0,70,0.0,0.04589495155532891,0.0,5883,277,30,3,7500000,10000000,2,3415384.6153846155
23.0,8,0.0,0.0,0.0,552,0,0,2,3000000,4000000,2,3415384.6153846155
27.0,56,0.046583850931677016,0.0,0.0,3864,98,14,5,2000000,2500000,2,3415384.6153846155
23.0,27,0.07086614173228346,0.07086614173228346,0.0,1270,550,66,1,1000000,2000000,2,3415384.6153846155
23.0,41,0.0,0.18248175182481752,0.0,2466,57,1,3,500000,700000,2,3415384.6153846155
33.0,38,0.0,0.10485436893203884,0.0,2575,415,61,8,300000,5000000,2,3415384.6153846155
20.0,69,0.0,0.07523510971786834,0.0,4785,0,0,1,4000000,4000000,2,3415384.6153846155
22.0,46,0.0565149136577708,0.1978021978021978,0.0,3185,232,58,1,3000000,8000000,2,3415384.6153846155
26.0,63,0.08001778172927317,0.14003111802622806,0.0,4499,524,74,4,4500000,5000000,3,3415384.6153846155
21.0,65,0.11154720099153068,0.09295600082627556,0.0,4841,32,8,1,5000000,5000000,3,3415384.6153846155
22.0,41,0.031023784901758014,0.0,0.0,2901,381,42,2,2500000,4000000,3,3415384.6153846155
29.0,74,0.13026958567034558,0.06513479283517279,0.0,5527,303,38,2,6000000,14000000,3,3415384.6153846155
23.0,66,0.021760154738878143,0.10880077369439071,0.0,4136,0,0,3,3500000,3500000,3,3415384.6153846155
22.0,65,0.0914820085383208,0.14637121366131328,0.0,4919,175,13,1,5000000,5000000,3,3415384.6153846155
32.0,45,0.12044161927065908,0.12044161927065908,0.0,2989,542,83,7,2000000,20000000,3,3415384.6153846155
23.0,67,0.07883211678832117,0.26277372262773724,0.0,3425,95,11,1,2500000,2500000,3,3415384.6153846155
31.0,68,0.5952599669300018,0.23148998713944516,0.0,5443,235,41,7,11000000,24000000,4,3415384.6153846155
27.0,69,0.13024602026049203,0.3907380607814761,0.0,4146,24,4,3,4000000,4000000,4,3415384.6153846155
26.0,68,0.5727619855748833,0.28638099278744167,0.0,4714,86,7,2,9000000,11000000,4,3415384.6153846155
26.0,61,0.6297376093294461,0.2099125364431487,0.0,3430,10,1,1,4500000,7500000,4,3415384.6153846155
28.0,42,0.3286384976525822,0.09389671361502347,0.0,1917,239,42,4,2500000,30000000,4,3415384.6153846155
19.0,59,1.0106820049301561,0.14790468364831552,0.0,3651,0,0,1,500000,500000,4,3415384.6153846155
21.0,31,0.6173780487804879,0.13719512195121952,0.0,1312,22,3,0,100000,250000,4,3415384.6153846155
37.0,66,0.0,0.0,0.9242424242424242,5940,437,59,25,2000000,20000000,1,3465384.6153846155
19.0,25,0.0,0.0,0.9610027855153204,2154,27,3,3,500000,500000,1,3465384.6153846155
23.0,56,0.11259382819015847,0.0,0.0,4796,262,32,1,7500000,7500000,2,3465384.6153846155
28.0,68,0.09157198575546888,0.09157198575546888,0.0,5897,188,24,1,7000000,7000000,2,3465384.6153846155
22.0,35,0.0,0.0,0.0,2814,63,5,1,1000000,1000000,2,3465384.6153846155
20.0,36,0.03150157507875394,0.03150157507875394,0.0,2857,111,20,3,200000,1500000,2,3465384.6153846155
19.0,30,0.1893740136770121,0.0,0.0,1901,0,0,3,250000,250000,2,3465384.6153846155
28.0,36,0.0,0.06004002668445631,0.0,2998,0,0,2,5000000,5000000,2,3465384.6153846155
32.0,22,0.0,0.0,0.0,1498,582,78,10,400000,6000000,2,3465384.6153846155
20.0,40,0.11868131868131868,0.1978021978021978,0.0,2275,19,4,2,250000,250000,2,3465384.6153846155
32.0,30,0.10127531882970743,0.03375843960990248,0.0,2666,232,31,7,3000000,30000000,2,3465384.6153846155
27.0,85,0.02912621359223301,0.23300970873786409,0.0,6180,163,30,8,4000000,4000000,2,3465384.6153846155
36.0,51,0.02694610778443114,0.0,0.0,3340,395,61,9,100000,3500000,2,3465384.6153846155
28.0,91,0.0,0.09791921664626684,0.0,7353,48,9,5,4000000,4000000,3,3465384.6153846155
23.0,38,0.0,0.0,0.0,2694,0,0,1,5000000,5000000,3,3465384.6153846155
21.0,53,0.028409090909090908,0.08522727272727272,0.0,3168,34,3,2,2500000,4000000,3,3465384.6153846155
25.0,47,0.1888772298006296,0.1888772298006296,0.0,2859,327,4,6,7000000,9000000,3,3465384.6153846155
24.0,73,0.12756909992912827,0.2232459248759745,0.0,5644,36,6,1,10000000,10000000,3,3465384.6153846155
25.0,53,0.12393280088129992,0.09914624070503994,0.0,3631,288,33,2,6000000,6000000,3,3465384.6153846155
25.0,48,0.1340782122905028,0.2346368715083799,0.0,2685,451,53,1,3000000,5000000,3,3465384.6153846155
20.0,54,0.36303630363036304,0.09900990099009901,0.0,2727,0,0,3,700000,700000,3,3465384.6153846155
26.0,45,0.3271735837624962,0.24538018782187215,0.0,3301,46,7,2,7000000,7000000,4,3465384.6153846155
20.0,25,0.2039274924471299,0.2039274924471299,0.0,1324,377,25,3,400000,500000,4,3465384.6153846155
17.0,40,0.44930875576036866,0.38018433179723504,0.0,2604,64,5,1,300000,300000,4,3465384.6153846155
25.0,76,0.5618203785743052,0.21747885622231172,0.0,4966,41,8,3,12000000,16000000,4,3465384.6153846155
31.0,62,0.22823330515638207,0.17751479289940827,0.0,3549,191,34,3,1000000,2500000,4,3465384.6153846155
24.0,63,0.0,0.0,1.253968253968254,5670,168,17,0,16000000,16000000,1,3523913.0434782607
21.0,37,0.0,0.0,1.0295003010234798,3322,0,0,0,1000000,1000000,1,3523913.0434782607
30.0,19,0.05263157894736842,0.0,0.0,1710,54,0,4,7000000,7000000,2,3523913.0434782607
27.0,44,0.0,0.0,0.0,3448,82,9,0,2000000,3000000,2,3523913.0434782607
27.0,39,0.0,0.08866995073891626,0.0,3045,89,17,0,1500000,4000000,2,3523913.0434782607
22.0,65,0.07198560287942411,0.0,0.0,5001,0,0,0,1200000,1200000,2,3523913.0434782607
28.0,52,0.04292869067493441,0.10732172668733604,0.0,4193,272,33,4,5000000,7500000,2,3523913.0434782607
23.0,63,0.03515625,0.0703125,0.0,5120,55,2,0,350000,600000,2,3523913.0434782607
20.0,69,0.037641154328732745,0.13174404015056462,0.0,4782,47,7,0,2000000,2000000,2,3523913.0434782607
32.0,45,0.030560271646859084,0.030560271646859084,0.0,2945,715,90,0,700000,6000000,2,3523913.0434782607
23.0,46,0.08495909376966645,0.056639395846444306,0.0,3178,315,46,0,2500000,2500000,3,3523913.0434782607
26.0,61,0.024704913532802634,0.024704913532802634,0.0,3643,3,1,0,1500000,1500000,3,3523913.0434782607
23.0,79,0.16468435498627632,0.26349496797804206,0.0,5465,0,0,0,2000000,2000000,3,3523913.0434782607
22.0,68,0.3415251174557282,0.29273581496205275,0.0,5534,24,4,3,12000000,12000000,3,3523913.0434782607
25.0,62,0.15306122448979592,0.24489795918367346,0.0,2940,213,28,1,3000000,8000000,3,3523913.0434782607
27.0,86,0.44276812069530996,0.41325024598228927,0.0,6098,71,11,3,3000000,3000000,3,3523913.0434782607
20.0,54,0.3044280442804428,0.13837638376383765,0.0,3252,35,8,0,2800000,2800000,3,3523913.0434782607
21.0,63,0.25245441795231416,0.10518934081346423,0.0,4278,92,6,0,2000000,2000000,4,3523913.0434782607
34.0,63,0.19457122267595484,0.12971414845063656,0.0,4163,88,7,5,1200000,7000000,4,3523913.0434782607
25.0,64,0.22692889561270801,0.22692889561270801,0.0,3966,191,23,0,2000000,2000000,4,3523913.0434782607
20.0,46,0.4979712283290299,0.09959424566580598,0.0,2711,0,0,0,1000000,1000000,4,3523913.0434782607
30.0,53,0.612553566927149,0.2949331988908495,0.0,3967,455,47,2,11000000,17000000,4,3523913.0434782607
19.0,23,0.05909389363099146,0.05909389363099146,0.0,1523,0,0,0,300000,300000,4,3523913.0434782607
20.0,17,0.0,0.0,0.9115462525320729,1481,152,25,7,900000,1200000,1,7391304.347826087
36.0,52,0.0,0.0,0.7959447799827437,4636,123,6,11,500000,2000000,1,7391304.347826087
28.0,7,0.0,0.0,1.1428571428571428,630,233,26,5,400000,700000,1,7391304.347826087
19.0,10,0.0,0.0,0.0,897,0,0,2,9000000,9000000,2,7391304.347826087
27.0,57,0.0736045798405234,0.01840114496013085,0.0,4891,264,26,2,6000000,6000000,2,7391304.347826087
29.0,60,0.020031159581571333,0.020031159581571333,0.0,4493,107,13,5,2500000,4000000,2,7391304.347826087
23.0,38,0.0,0.0,0.0,2803,30,6,6,1200000,1700000,2,7391304.347826087
29.0,73,0.0,0.1758098648868631,0.0,6143,45,9,11,18000000,18000000,2,7391304.347826087
25.0,63,0.033936651583710405,0.20361990950226244,0.0,2652,262,23,6,2500000,3000000,2,7391304.347826087
28.0,54,0.0,0.13409485969704496,0.0,4027,183,25,10,6000000,7000000,2,7391304.347826087
23.0,39,0.03987594151528578,0.03987594151528578,0.0,2257,0,0,3,1000000,1500000,2,7391304.347826087
29.0,68,0.0157260178228202,0.0314520356456404,0.0,5723,22,4,10,18000000,20000000,3,7391304.347826087
25.0,68,0.21566820276497695,0.16589861751152074,0.0,5425,126,17,8,24000000,24000000,3,7391304.347826087
30.0,64,0.13493253373313344,0.30841721996144783,0.0,4669,261,33,8,10000000,11000000,3,7391304.347826087
26.0,61,0.28945111492281306,0.3280445969125214,0.0,4664,29,5,8,20000000,20000000,3,7391304.347826087
33.0,67,0.5472636815920398,0.14925373134328357,0.0,1809,217,24,13,700000,7500000,3,7391304.347826087
25.0,75,0.40467625899280574,0.18884892086330934,0.0,3336,16,1,7,3500000,3500000,4,7391304.347826087
21.0,29,0.48859934853420195,0.39087947882736157,0.0,921,0,0,1,3000000,3000000,4,7391304.347826087
26.0,68,0.5733558178752108,0.2866779089376054,0.0,5337,301,46,12,30000000,45000000,4,7391304.347826087
26.0,62,0.169045830202855,0.304282494365139,0.0,2662,62,9,4,2500000,10000000,4,7391304.347826087
29.0,52,0.1910828025477707,0.03821656050955414,0.0,2355,0,0,7,1800000,3500000,4,7391304.347826087
26.0,60,0.4101703046294075,0.30223075077956346,0.0,4169,30,5,3,3500000,5000000,4,7391304.347826087
28.0,69,0.6157894736842106,0.35526315789473684,0.0,3800,44,3,9,5000000,5000000,4,7391304.347826087
21.0,74,0.0,0.0,1.337837837837838,6660,0,0,1,1500000,1500000,1,2292000.0
26.0,35,0.0,0.0,1.2285714285714286,3150,0,0,0,900000,900000,1,2292000.0
34.0,29,0.0,0.0,1.5,2640,41,5,0,250000,2000000,1,2292000.0
24.0,57,0.056086414624013294,0.018695471541337765,0.0,4814,171,27,0,5000000,5000000,2,2292000.0
29.0,56,0.06427041180671268,0.021423470602237562,0.0,4201,56,10,0,2500000,6000000,2,2292000.0
32.0,57,0.08023178069979942,0.0,0.0,4487,598,94,2,600000,4000000,2,2292000.0
26.0,6,0.0,0.0,0.0,183,678,94,0,600000,2000000,2,2292000.0
34.0,51,0.0,0.0,0.0,3967,573,83,4,350000,7000000,2,2292000.0
30.0,92,0.022912423625254582,0.045824847250509164,0.0,7856,91,15,0,2000000,2500000,2,2292000.0
27.0,83,0.026045434814064534,0.05209086962812907,0.0,6911,42,6,1,3500000,5000000,2,2292000.0
21.0,62,0.05117998294000568,0.10235996588001137,0.0,3517,0,0,0,1500000,1500000,2,2292000.0
29.0,61,0.07303218826075196,0.0,0.0,3697,159,22,1,3000000,12000000,3,2292000.0
28.0,41,0.0,0.04923413566739606,0.0,1828,546,66,4,1800000,7000000,3,2292000.0
33.0,60,0.0410865099292399,0.06162976489385985,0.0,4381,20,3,0,500000,9000000,3,2292000.0
27.0,86,0.23234624145785876,0.30068337129840544,0.0,6585,416,65,1,5000000,7000000,3,2292000.0
23.0,80,0.07314099959366112,0.07314099959366112,0.0,4922,0,0,1,3200000,3200000,3,2292000.0
33.0,59,0.11889035667107001,0.11889035667107001,0.0,3028,249,34,3,1000000,10000000,3,2292000.0
30.0,59,0.029116790682626983,0.058233581365253966,0.0,3091,0,0,0,1000000,4500000,3,2292000.0
30.0,73,0.2035048049745619,0.30525720746184287,0.0,3538,586,106,18,800000,3000000,3,2292000.0
25.0,77,0.10975609756097561,0.06585365853658537,0.0,4100,70,14,0,4500000,12000000,4,2292000.0
29.0,89,0.14890390183372398,0.2481731697228733,0.0,7253,0,0,0,4500000,7000000,4,2292000.0
32.0,57,0.11940298507462686,0.08955223880597014,0.0,3015,420,62,0,800000,9000000,4,2292000.0
22.0,28,0.4446012702893437,0.0,0.0,1417,222,41,1,7000000,10000000,4,2292000.0
25.0,80,0.3655834564254062,0.1329394387001477,0.0,5416,31,4,0,4500000,10000000,4,2292000.0
24.0,85,0.401122482667547,0.07428194123473093,0.0,6058,0,0,1,1000000,1000000,4,2292000.0
23.0,87,0.0,0.0,1.160919540229885,7830,0,0,1,7000000,7000000,1,3003846.153846154
25.0,33,0.0,0.0,1.1515151515151516,2970,0,0,2,250000,250000,1,3003846.153846154
23.0,55,0.0,0.0,0.0,4628,641,56,1,2500000,2500000,2,3003846.153846154
22.0,51,0.044226044226044224,0.022113022113022112,0.0,4070,179,25,0,1200000,1200000,2,3003846.153846154
32.0,68,0.0,0.0,0.0,5833,0,0,2,700000,4000000,2,3003846.153846154
22.0,43,0.026905829596412557,0.026905829596412557,0.0,3345,0,0,0,200000,200000,2,3003846.153846154
21.0,71,0.0676056338028169,0.03380281690140845,0.0,5325,142,25,0,2200000,2200000,2,3003846.153846154
21.0,63,0.06911115377231715,0.06911115377231715,0.0,5209,0,0,1,1800000,1800000,2,3003846.153846154
22.0,12,0.0,0.0,0.0,730,43,10,0,200000,200000,2,3003846.153846154
28.0,82,0.08411214953271028,0.014018691588785047,0.0,6420,100,21,1,1200000,1200000,3,3003846.153846154
21.0,58,0.15475313190862197,0.06632277081798084,0.0,4071,0,0,0,500000,500000,3,3003846.153846154
21.0,96,0.07421660252886202,0.1360637713029137,0.0,7276,0,0,1,4500000,4500000,3,3003846.153846154
20.0,46,0.14675907052588666,0.036689767631471665,0.0,2453,20,1,2,2500000,3000000,3,3003846.153846154
19.0,64,0.03608660785886127,0.1082598235765838,0.0,2494,0,0,0,2000000,2000000,3,3003846.153846154
32.0,64,0.0387263339070568,0.0387263339070568,0.0,4648,471,66,1,300000,1250000,3,3003846.153846154
30.0,90,0.1291248206599713,0.32281205164992827,0.0,5576,344,32,0,1800000,10000000,3,3003846.153846154
24.0,72,0.2280212819863187,0.2280212819863187,0.0,3947,229,38,1,1200000,1200000,3,3003846.153846154
22.0,89,0.19410496046010065,0.2717469446441409,0.0,6955,0,0,1,12000000,12000000,4,3003846.153846154
18.0,58,0.2258469259723965,0.30112923462986196,0.0,2391,66,10,1,1200000,1200000,4,3003846.153846154
23.0,88,0.27439024390243905,0.16213968957871397,0.0,7216,0,0,1,450000,450000,4,3003846.153846154
20.0,59,0.42045159615883726,0.09343368803529717,0.0,3853,48,10,4,18000000,18000000,4,3003846.153846154
26.0,69,0.1483400047092065,0.16953143395337886,0.0,4247,235,46,9,3200000,7500000,4,3003846.153846154
21.0,38,0.12219959266802444,0.3054989816700611,0.0,1473,27,4,2,1200000,4000000,4,3003846.153846154
27.0,77,0.0,0.11952191235059761,0.0,6024,134,14,1,1200000,1200000,4,3003846.153846154
21.0,75,0.36175710594315247,0.3359173126614987,0.0,3483,0,0,0,8000000,8000000,4,3003846.153846154
26.0,68,0.5740609496810772,0.12756909992912827,0.0,5644,280,46,2,2800000,3500000,4,3003846.153846154
32.0,21,0.0,0.0,1.4285714285714286,1890,350,47,1,1000000,4500000,1,2105357.1428571427
29.0,56,0.0,0.0,1.273669523619693,5017,0,0,1,1000000,1000000,1,2105357.1428571427
24.0,30,0.0,0.0,1.3846153846153846,2730,121,17,2,400000,600000,1,2105357.1428571427
20.0,20,0.0,0.0,0.8,1800,0,0,0,500000,800000,1,2105357.1428571427
27.0,66,0.0,0.04184100418410042,0.0,4302,0,0,1,800000,800000,2,2105357.1428571427
22.0,93,0.0340393343419062,0.0226928895612708,0.0,7932,0,0,1,11000000,11000000,2,2105357.1428571427
29.0,52,0.0,0.0,0.0,3790,162,37,3,1500000,3200000,2,2105357.1428571427
25.0,64,0.01670998886000743,0.0,0.0,5386,0,0,1,2500000,2500000,2,2105357.1428571427
26.0,62,0.0,0.051753881541115584,0.0,5217,0,0,2,1000000,1000000,2,2105357.1428571427
28.0,59,0.0,0.08926357550210762,0.0,4033,15,4,2,800000,1000000,2,2105357.1428571427
30.0,53,0.10533707865168539,0.12640449438202248,0.0,4272,95,16,0,1000000,3500000,2,2105357.1428571427
23.0,62,0.07433409043981004,0.07433409043981004,0.0,4843,0,0,1,3500000,3500000,3,2105357.1428571427
29.0,60,0.0,0.06830255502150266,0.0,3953,0,0,0,1500000,5000000,3,2105357.1428571427
20.0,46,0.029459901800327332,0.058919803600654665,0.0,3055,0,0,0,500000,500000,3,2105357.1428571427
28.0,62,0.2177858439201452,0.0,0.0,3306,128,18,0,3200000,11000000,3,2105357.1428571427
31.0,71,0.035678889990089196,0.14271555996035679,0.0,5045,37,10,2,1500000,35000000,3,2105357.1428571427
26.0,77,0.0,0.036525974025974024,0.0,4928,102,18,1,900000,1200000,3,2105357.1428571427
22.0,24,0.059880239520958084,0.0,0.0,1503,0,0,1,150000,150000,3,2105357.1428571427
22.0,73,0.1571072319201995,0.08977556109725686,0.0,4010,0,0,0,2500000,2500000,3,2105357.1428571427
27.0,30,0.041997200186654225,0.2099860009332711,0.0,2143,1045,167,1,3000000,10000000,3,2105357.1428571427
29.0,59,0.24609375,0.03515625,0.0,2560,306,63,4,2800000,7000000,3,2105357.1428571427
19.0,39,0.11049723756906077,0.16574585635359115,0.0,1629,0,0,0,400000,400000,3,2105357.1428571427
21.0,56,0.2688026065707304,0.14661960358403475,0.0,3683,297,50,0,3800000,4000000,4,2105357.1428571427
19.0,49,0.32232391563867885,0.07162753680859531,0.0,2513,0,0,0,3000000,3000000,4,2105357.1428571427
19.0,7,0.0,0.0,0.0,183,233,38,0,200000,300000,4,2105357.1428571427
26.0,70,0.5222088835534213,0.07202881152460984,0.0,4998,78,11,1,5000000,6000000,4,2105357.1428571427
23.0,38,0.25127966496044674,0.0,0.0,2149,164,25,2,4000000,7000000,4,2105357.1428571427
25.0,44,0.25043478260869567,0.25043478260869567,0.0,2875,221,38,2,1500000,4500000,4,2105357.1428571427
26.0,55,0.0,0.0,1.4,4950,98,14,2,6000000,10000000,1,2333333.3333333335
32.0,33,0.0,0.0,1.7878787878787878,2970,0,0,1,250000,500000,1,2333333.3333333335
25.0,88,0.047556142668428,0.011889035667107,0.0,7570,0,0,0,3800000,3800000,2,2333333.3333333335
27.0,56,0.0,0.03866809881847476,0.0,4655,55,7,0,1500000,2500000,2,2333333.3333333335
30.0,45,0.024910047052311098,0.0,0.0,3613,434,75,1,600000,2200000,2,2333333.3333333335
25.0,25,0.0,0.0,0.0,1473,0,0,0,300000,600000,2,2333333.3333333335
20.0,74,0.06381847190214501,0.19145541570643504,0.0,5641,20,6,0,7000000,7000000,2,2333333.3333333335
30.0,76,0.04242614707730987,0.014142049025769956,0.0,6364,486,72,0,1000000,1500000,2,2333333.3333333335
32.0,50,0.023784355179704016,0.09513742071881606,0.0,3784,1365,206,2,300000,4000000,2,2333333.3333333335
25.0,3,0.0,0.0,0.0,181,408,82,0,250000,400000,2,2333333.3333333335
26.0,87,0.0883962396520275,0.10102427388803142,0.0,7127,0,0,1,3500000,3500000,3,2333333.3333333335
28.0,80,0.0885100803147025,0.07375840026225208,0.0,6101,0,0,0,3200000,4000000,3,2333333.3333333335
23.0,75,0.05521472392638037,0.018404907975460124,0.0,4890,0,0,2,2800000,2800000,3,2333333.3333333335
26.0,37,0.0,0.20164301717699776,0.0,1339,382,46,3,1500000,6000000,3,2333333.3333333335
25.0,71,0.02271580010095911,0.06814740030287733,0.0,3962,0,0,2,1500000,2000000,3,2333333.3333333335
28.0,81,0.07914175167077031,0.04748505100246219,0.0,5686,0,0,0,1800000,1800000,3,2333333.3333333335
31.0,43,0.0,0.225,0.0,2400,163,25,2,600000,10000000,3,2333333.3333333335
30.0,83,0.13855627779678412,0.13855627779678412,0.0,5846,0,0,0,900000,4000000,3,2333333.3333333335
23.0,72,0.15090543259557343,0.15090543259557343,0.0,2982,155,35,1,1000000,5000000,3,2333333.3333333335
20.0,53,0.34567039106145253,0.031424581005586594,0.0,2864,0,0,9,5000000,7000000,4,2333333.3333333335
21.0,81,0.22788931090613132,0.09766684753119913,0.0,5529,212,28,0,4000000,5000000,4,2333333.3333333335
24.0,75,0.4363001745200698,0.10471204188481675,0.0,5157,0,0,0,4000000,4500000,4,2333333.3333333335
20.0,65,0.5063291139240507,0.07233273056057866,0.0,4977,0,0,0,5000000,5000000,4,2333333.3333333335
34.0,52,0.35019455252918286,0.0636717368234878,0.0,2827,58,7,0,200000,1200000,4,2333333.3333333335
25.0,37,0.0,0.0,1.0316742081447965,3315,246,67,1,2000000,2000000,1,2122916.6666666665
29.0,45,0.0,0.0,1.078921078921079,4004,0,0,0,500000,500000,1,2122916.6666666665
35.0,2,0.0,0.0,1.0,180,400,51,2,200000,1000000,1,2122916.6666666665
21.0,23,0.0,0.0,1.608695652173913,2070,0,0,0,150000,150000,1,2122916.6666666665
25.0,18,0.0,0.0,0.0,1145,566,102,3,4500000,10000000,2,2122916.6666666665
23.0,80,0.05344418052256532,0.05344418052256532,0.0,6736,99,9,0,6000000,6000000,2,2122916.6666666665
21.0,68,0.03296703296703297,0.0,0.0,5460,0,0,0,1200000,1500000,2,2122916.6666666665
40.0,71,0.028580501746586218,0.014290250873293109,0.0,6298,674,99,1,200000,12000000,2,2122916.6666666665
24.0,80,0.05849853753656158,0.14624634384140398,0.0,6154,29,8,0,3000000,3000000,2,2122916.6666666665
29.0,58,0.0,0.03962139555359894,0.0,4543,0,0,0,700000,1200000,2,2122916.6666666665
21.0,39,0.16092981671881984,0.20116227089852481,0.0,2237,0,0,4,3500000,7000000,2,2122916.6666666665
24.0,15,0.0,0.0,0.0,1128,29,2,0,1200000,3000000,2,2122916.6666666665
23.0,53,0.0,0.0,0.0,4324,70,9,5,2800000,2800000,2,2122916.6666666665
28.0,83,0.28672032193158953,0.15090543259557343,0.0,5964,14,2,5,3000000,5500000,3,2122916.6666666665
28.0,49,0.0,0.06588579795021962,0.0,2732,23,7,4,2200000,3000000,3,2122916.6666666665
23.0,58,0.04524886877828054,0.11312217194570136,0.0,3978,345,46,0,3500000,3500000,3,2122916.6666666665
28.0,78,0.09650735294117647,0.09650735294117647,0.0,6528,26,5,0,2000000,2200000,3,2122916.6666666665
26.0,62,0.0,0.02452316076294278,0.0,3670,0,0,1,900000,1000000,3,2122916.6666666665
32.0,45,0.11189390799834231,0.11189390799834231,0.0,2413,31,6,0,400000,8000000,3,2122916.6666666665
26.0,62,0.14725934005999455,0.14725934005999455,0.0,3667,123,11,0,2500000,5000000,3,2122916.6666666665
29.0,48,0.3458877786318217,0.06917755572636433,0.0,2602,138,27,6,900000,5000000,3,2122916.6666666665
25.0,94,0.29747596153846156,0.0811298076923077,0.0,6656,43,8,0,6000000,6000000,4,2122916.6666666665
23.0,77,0.3146853146853147,0.1888111888111888,0.0,4290,313,47,0,3000000,6000000,4,2122916.6666666665
33.0,46,0.07020280811232449,0.14040561622464898,0.0,2564,351,47,1,600000,15000000,4,2122916.6666666665
28.0,78,0.012903225806451613,0.0,1.3806451612903226,6975,0,0,1,1200000,1500000,1,2136538.4615384615
30.0,3,0.0,0.0,0.6,300,0,0,0,250000,500000,1,2136538.4615384615
21.0,19,0.0,0.0,1.7894736842105263,1710,0,0,0,100000,100000,1,2136538.4615384615
25.0,85,0.0497581202487906,0.0,0.0,7235,116,9,1,4000000,4000000,2,2136538.4615384615
27.0,84,0.06250868176135574,0.0,0.0,7199,99,15,1,3000000,3000000,2,2136538.4615384615
25.0,47,0.0,0.0,0.0,3636,278,42,3,2000000,3500000,2,2136538.4615384615
34.0,53,0.04708344232278316,0.0,0.0,3823,392,49,2,250000,2000000,2,2136538.4615384615
25.0,66,0.0,0.05221427190098627,0.0,5171,142,16,1,2800000,2800000,2,2136538.4615384615
21.0,60,0.01981069777679947,0.11886418666079683,0.0,4543,0,0,0,8000000,8000000,2,2136538.4615384615
25.0,40,0.0,0.04149377593360996,0.0,2169,0,0,0,400000,600000,2,2136538.4615384615
25.0,77,0.027514521553041883,0.027514521553041883,0.0,6542,0,0,0,3500000,3500000,3,2136538.4615384615
26.0,54,0.18427518427518427,0.0,0.0,2442,243,42,0,500000,1500000,3,2136538.4615384615
25.0,3,0.0,0.0,0.0,91,540,73,0,100000,100000,3,2136538.4615384615
19.0,56,0.04364694471387003,0.0,0.0,4124,0,0,0,5000000,5000000,3,2136538.4615384615
24.0,71,0.0,0.02346193952033368,0.0,3836,298,48,1,1200000,1200000,3,2136538.4615384615
32.0,67,0.057754010695187166,0.21176470588235294,0.0,4675,103,17,8,800000,4500000,3,2136538.4615384615
22.0,27,0.0,0.0,0.0,710,49,11,1,400000,400000,3,2136538.4615384615
22.0,16,0.43010752688172044,0.0,0.0,837,0,0,2,300000,300000,3,2136538.4615384615
25.0,85,0.18337942075389319,0.2226750109154417,0.0,6871,3,1,0,10000000,10000000,3,2136538.4615384615
25.0,67,0.226890756302521,0.226890756302521,0.0,4760,0,0,0,2800000,6000000,4,2136538.4615384615
28.0,66,0.28855402372555305,0.14427701186277653,0.0,3119,0,0,2,1500000,2000000,4,2136538.4615384615
35.0,78,0.09130103981739791,0.09130103981739791,0.0,3943,0,0,0,250000,5000000,4,2136538.4615384615
24.0,47,0.18633540372670807,0.037267080745341616,0.0,2415,97,13,1,3000000,8000000,4,2136538.4615384615
27.0,77,0.26383859286083805,0.0775995861355406,0.0,5799,41,5,0,3000000,4000000,4,2136538.4615384615
19.0,35,0.2805923616523772,0.0,0.0,1283,97,15,0,900000,900000,4,2136538.4615384615
34.0,81,0.27267866690429515,0.08019960791302798,0.0,5611,66,13,2,300000,4500000,4,2136538.4615384615
33.0,36,0.0,0.0,1.6656384947563232,3242,184,19,0,500000,8000000,1,2092307.6923076923
36.0,50,0.0,0.0,1.267605633802817,4402,140,24,1,300000,5000000,1,2092307.6923076923
24.0,50,0.08,0.04,0.0,4500,0,0,0,10000000,10000000,2,2092307.6923076923
23.0,63,0.03392385978137957,0.016961929890689786,0.0,5306,0,0,0,4000000,4000000,2,2092307.6923076923
32.0,65,0.03462204270051933,0.03462204270051933,0.0,5199,0,0,1,600000,3000000,2,2092307.6923076923
31.0,40,0.0,0.0,0.0,3073,2,1,0,600000,3000000,2,2092307.6923076923
32.0,28,0.07782101167315175,0.0,0.0,2313,448,56,2,500000,2500000,2,2092307.6923076923
21.0,15,0.0,0.0,0.0,1274,0,0,0,300000,400000,2,2092307.6923076923
22.0,48,0.023316062176165803,0.13989637305699482,0.0,3860,0,0,0,1000000,1000000,2,2092307.6923076923
35.0,24,0.0,0.0,0.0,1576,463,63,1,150000,1500000,2,2092307.6923076923
31.0,82,0.025510204081632654,0.05102040816326531,0.0,7056,73,12,0,1200000,3500000,2,2092307.6923076923
20.0,27,0.13012048192771083,0.0,0.0,2075,0,0,0,350000,500000,2,2092307.6923076923
25.0,53,0.021791767554479417,0.021791767554479417,0.0,4130,634,78,0,2800000,6000000,3,2092307.6923076923
20.0,32,0.0,0.0,0.0,2056,0,0,0,500000,500000,3,2092307.6923076923
25.0,75,0.0768409818569904,0.2305229455709712,0.0,4685,50,5,2,5000000,5500000,3,2092307.6923076923
18.0,70,0.05202312138728324,0.02601156069364162,0.0,3460,0,0,0,3000000,3000000,3,2092307.6923076923
18.0,53,0.2132701421800948,0.12186865267433988,0.0,2954,0,0,0,2800000,2800000,3,2092307.6923076923
30.0,47,0.19038984587488667,0.0,0.0,3309,482,74,0,600000,2000000,3,2092307.6923076923
20.0,56,0.02702702702702703,0.24324324324324326,0.0,3330,2,0,0,8000000,8000000,3,2092307.6923076923
17.0,51,0.1343784994400896,0.0335946248600224,0.0,2679,0,0,0,5000000,5000000,3,2092307.6923076923
21.0,60,0.2996005326231691,0.17976031957390146,0.0,3004,241,22,2,1400000,1400000,3,2092307.6923076923
23.0,63,0.09619495510902094,0.15391192817443353,0.0,4678,412,39,1,3200000,7000000,4,2092307.6923076923
28.0,58,0.0,0.15486091195870375,0.0,3487,0,0,1,350000,500000,4,2092307.6923076923
31.0,77,0.3372049456725365,0.05058074185088048,0.0,5338,708,98,0,1400000,7000000,4,2092307.6923076923
34.0,58,0.2535211267605634,0.10140845070422536,0.0,3550,310,43,0,400000,11000000,4,2092307.6923076923
34.0,83,0.18828451882845187,0.07060669456066945,0.0,3824,26,3,1,450000,3000000,4,2092307.6923076923
30.0,77,0.0,0.0,1.251646903820817,6831,44,7,2,900000,900000,1,1560714.2857142857
29.0,46,0.0,0.0,1.294490492442711,4102,113,5,0,400000,450000,1,1560714.2857142857
22.0,78,0.04144282425172678,0.0,0.0,6515,0,0,0,4000000,4000000,2,1560714.2857142857
26.0,60,0.06901840490797546,0.0,0.0,5216,0,0,0,2200000,2200000,2,1560714.2857142857
26.0,28,0.0,0.05341246290801187,0.0,1685,0,0,2,700000,1500000,2,1560714.2857142857
21.0,8,0.0,0.0,0.0,641,0,0,0,150000,200000,2,1560714.2857142857
28.0,25,0.04689942678478374,0.09379885356956748,0.0,1919,300,46,1,800000,3000000,2,1560714.2857142857
21.0,32,0.10676156583629894,0.03558718861209965,0.0,2529,301,37,0,500000,600000,2,1560714.2857142857
27.0,86,0.012134286099501146,0.048537144398004585,0.0,7417,0,0,0,3800000,3800000,2,1560714.2857142857
27.0,77,0.0,0.10317720275139207,0.0,6106,60,4,1,2000000,2000000,2,1560714.2857142857
22.0,30,0.0,0.04143646408839779,0.0,2172,0,0,1,500000,800000,2,1560714.2857142857
23.0,25,0.0,0.0,0.0,1498,0,0,1,250000,400000,2,1560714.2857142857
25.0,91,0.01173862005999739,0.035215860179992176,0.0,7667,11,4,0,3800000,3800000,3,1560714.2857142857
26.0,62,0.0,0.08573469873779471,0.0,4199,231,27,0,2200000,3000000,3,1560714.2857142857
29.0,72,0.01855287569573284,0.14842300556586271,0.0,4851,125,15,1,1800000,5000000,3,1560714.2857142857
27.0,41,0.05243227497815322,0.0,0.0,3433,6,2,1,200000,200000,3,1560714.2857142857
28.0,61,0.08051889957503915,0.060389174681279356,0.0,4471,153,31,0,2500000,3000000,3,1560714.2857142857
21.0,60,0.21978021978021978,0.03663003663003663,0.0,2457,0,0,0,1200000,1500000,3,1560714.2857142857
31.0,68,0.12781065088757396,0.08520710059171598,0.0,4225,0,0,0,1000000,4000000,3,1560714.2857142857
21.0,60,0.3302286198137172,0.07620660457239628,0.0,3543,0,0,0,2800000,3000000,4,1560714.2857142857
25.0,60,0.08086253369272237,0.05390835579514825,0.0,3339,185,28,1,1800000,3000000,4,1560714.2857142857
27.0,55,0.06191950464396285,0.34055727554179566,0.0,2907,0,0,4,500000,2000000,4,1560714.2857142857
21.0,42,0.16090584028605484,0.10727056019070322,0.0,1678,0,0,0,800000,1000000,4,1560714.2857142857
28.0,73,0.29398040130657954,0.3149790013999067,0.0,4286,251,34,0,3800000,8000000,4,1560714.2857142857
27.0,73,0.4363406408094435,0.17074198988195616,0.0,4744,27,2,1,2800000,3000000,4,1560714.2857142857
24.0,75,0.17761488581900198,0.0,0.0,3547,0,0,0,800000,1200000,4,1560714.2857142857
21.0,67,0.3014686936356609,0.11594949755217727,0.0,3881,0,0,0,1000000,1000000,4,1560714.2857142857
30.0,49,0.4044943820224719,0.04044943820224719,0.0,2225,1179,171,1,500000,9000000,4,1560714.2857142857
29.0,41,0.0,0.0,1.0731707317073171,3690,0,0,2,600000,750000,1,1668000.0
35.0,57,0.0,0.0,1.0526315789473684,5130,123,12,1,250000,2000000,1,1668000.0
27.0,6,0.0,0.0,0.9574468085106383,470,0,0,0,200000,250000,1,1668000.0
24.0,18,0.0,0.0,1.2,1575,0,0,0,150000,150000,1,1668000.0
20.0,51,0.125,0.025,0.0,3600,62,7,0,5000000,5000000,2,1668000.0
28.0,94,0.06698920729438035,0.033494603647190174,0.0,8061,0,0,0,3500000,4000000,2,1668000.0
32.0,62,0.0,0.01858352260995251,0.0,4843,124,21,0,700000,2000000,2,1668000.0
30.0,83,0.06219765031098825,0.0,0.0,7235,0,0,1,1500000,1500000,2,1668000.0
32.0,75,0.03783102143757881,0.15132408575031525,0.0,4758,0,0,0,700000,3500000,2,1668000.0
24.0,82,0.013229457592238718,0.039688372776716156,0.0,6803,0,0,0,3500000,3500000,2,1668000.0
22.0,81,0.0,0.0,0.0,6427,159,29,0,4500000,4500000,3,1668000.0
28.0,38,0.06004002668445631,0.06004002668445631,0.0,1499,25,6,1,350000,1200000,3,1668000.0
23.0,76,0.063503263362145,0.04762744752160875,0.0,5669,127,3,0,3500000,3500000,3,1668000.0
29.0,84,0.06956252898438707,0.02782501159375483,0.0,6469,0,0,2,2500000,7000000,3,1668000.0
23.0,56,0.0,0.0,0.0,2710,37,4,1,2000000,3000000,3,1668000.0
31.0,39,0.0,0.15810276679841898,0.0,2277,127,22,0,300000,1000000,3,1668000.0
24.0,72,0.3953147877013177,0.08784773060029283,0.0,6147,23,4,3,4200000,4200000,3,1668000.0
28.0,76,0.10018552875695733,0.11688311688311688,0.0,5390,0,0,1,1200000,1500000,3,1668000.0
26.0,53,0.12735849056603774,0.0,0.0,2120,83,19,1,700000,2500000,4,1668000.0
19.0,11,0.8132530120481928,0.5421686746987951,0.0,332,0,0,2,250000,250000,4,1668000.0
29.0,83,0.36764705882352944,0.14705882352941177,0.0,3672,841,122,1,1000000,3000000,4,1668000.0
26.0,54,0.24896265560165975,0.16597510373443983,0.0,2169,122,16,2,2500000,12000000,4,1668000.0
31.0,88,0.19297775395336372,0.19297775395336372,0.0,3731,252,23,2,800000,2500000,4,1668000.0
30.0,71,0.46826222684703434,0.09365244536940687,0.0,4805,18,0,0,900000,1500000,4,1668000.0
22.0,51,0.25,0.041666666666666664,0.0,2160,0,0,0,900000,900000,4,1668000.0
28.0,81,0.0,0.0,1.2615088635426688,7277,0,0,0,800000,1000000,1,1416666.6666666667
32.0,61,0.0,0.0,1.2128017967434026,5343,0,0,1,250000,400000,1,1416666.6666666667
23.0,79,0.014182161991805862,0.0,0.0,6346,65,12,0,5000000,5000000,2,1416666.6666666667
24.0,62,0.07132950267485635,0.01783237566871409,0.0,5047,532,52,0,1800000,2000000,2,1416666.6666666667
29.0,50,0.09328841668826121,0.0,0.0,3859,0,0,2,1000000,2500000,2,1416666.6666666667
30.0,26,0.04529441368897836,0.04529441368897836,0.0,1987,32,6,1,800000,7000000,2,1416666.6666666667
21.0,52,0.05167958656330749,0.0,0.0,3483,0,0,0,800000,800000,2,1416666.6666666667
36.0,32,0.09197751660705161,0.0,0.0,1957,659,84,1,200000,5000000,2,1416666.6666666667
28.0,49,0.0,0.022675736961451247,0.0,3969,1081,65,2,1200000,15000000,2,1416666.6666666667
23.0,65,0.021469465648854963,0.08587786259541985,0.0,4192,0,0,0,400000,400000,2,1416666.6666666667
31.0,80,0.01283147989734816,0.03849443969204448,0.0,7014,229,38,0,800000,4000000,2,1416666.6666666667
19.0,34,0.08563273073263558,0.0,0.0,2102,0,0,0,200000,200000,2,1416666.6666666667
26.0,64,0.0594059405940594,0.0,0.0,4545,47,7,3,2500000,5000000,3,1416666.6666666667
20.0,13,0.0,0.0,0.0,685,150,27,0,250000,400000,3,1416666.6666666667
33.0,43,0.02572163475278651,0.05144326950557302,0.0,3499,74,17,2,250000,2000000,3,1416666.6666666667
20.0,68,0.3737964885784406,0.10194449688502927,0.0,5297,0,0,3,12000000,12000000,3,1416666.6666666667
31.0,61,0.07260992335619201,0.018152480839048003,0.0,4958,177,29,0,1500000,11000000,3,1416666.6666666667
23.0,69,0.05791505791505792,0.05791505791505792,0.0,4662,0,0,0,800000,800000,3,1416666.6666666667
25.0,34,0.07598142676234698,0.0,0.0,2369,184,32,1,2000000,4000000,3,1416666.6666666667
19.0,34,0.12687969924812031,0.042293233082706765,0.0,2128,0,0,0,200000,200000,3,1416666.6666666667
27.0,43,0.17964071856287425,0.17964071856287425,0.0,2004,262,39,1,1500000,3000000,4,1416666.6666666667
32.0,62,0.0618840247536099,0.0412560165024066,0.0,4363,146,26,0,400000,9000000,4,1416666.6666666667
31.0,69,0.2659279778393352,0.1329639889196676,0.0,5415,16,2,0,1500000,10000000,4,1416666.6666666667
21.0,35,0.06818181818181818,0.06818181818181818,0.0,1320,154,28,0,350000,350000,4,1416666.6666666667
29.0,60,0.39060505488894565,0.1148838396732193,0.0,3917,224,42,0,1200000,5500000,4,1416666.6666666667
34.0,55,0.32054794520547947,0.07397260273972603,0.0,3650,1268,130,2,300000,20000000,4,1416666.6666666667
36.0,51,0.16682113067655235,0.04170528266913809,0.0,2158,275,38,2,250000,10000000,4,1416666.6666666667
25.0,47,0.0,0.0,1.2115384615384615,4160,62,12,1,500000,800000,1,1258333.3333333333
32.0,52,0.0,0.0,1.5932642487046633,4632,192,30,0,250000,500000,1,1258333.3333333333
28.0,3,0.0,0.0,1.7307692307692308,208,0,0,0,100000,100000,1,1258333.3333333333
30.0,63,0.0,0.0,0.0,5248,212,40,0,1000000,4000000,2,1258333.3333333333
27.0,69,0.10588235294117647,0.0,0.0,5950,0,0,0,1500000,1800000,2,1258333.3333333333
27.0,13,0.0,0.0,0.0,922,0,0,0,600000,1000000,2,1258333.3333333333
26.0,72,0.015881418740074114,0.03176283748014823,0.0,5667,0,0,1,600000,700000,2,1258333.3333333333
22.0,52,0.0,0.023615848858567306,0.0,3811,0,0,0,1500000,1800000,2,1258333.3333333333
29.0,65,0.0,0.036180904522613064,0.0,4975,269,34,2,600000,1000000,2,1258333.3333333333
30.0,27,0.0,0.0,0.0,2061,44,8,1,300000,2000000,2,1258333.3333333333
24.0,46,0.0,0.05325443786982249,0.0,3380,0,0,0,1000000,1000000,2,1258333.3333333333
22.0,40,0.16085790884718498,0.05361930294906166,0.0,3357,0,0,1,1500000,1500000,2,1258333.3333333333
25.0,76,0.044768695075443544,0.029845796716962362,0.0,6031,0,0,2,1200000,2000000,3,1258333.3333333333
30.0,81,0.05850804485616772,0.11701608971233544,0.0,6153,22,6,1,700000,800000,3,1258333.3333333333
30.0,37,0.10731319554848967,0.0,0.0,2516,554,73,3,500000,4000000,3,1258333.3333333333
29.0,12,0.0,0.20524515393386544,0.0,877,49,9,1,300000,4500000,3,1258333.3333333333
34.0,19,0.0,0.06583760058522312,0.0,1367,83,17,1,200000,4500000,3,1258333.3333333333
19.0,58,0.10686297791498456,0.10686297791498456,0.0,4211,41,8,0,12000000,12000000,3,1258333.3333333333
21.0,58,0.1220614828209765,0.1220614828209765,0.0,4424,0,1,0,1800000,1800000,3,1258333.3333333333
22.0,53,0.08335906143871566,0.02778635381290522,0.0,3239,0,0,0,900000,900000,3,1258333.3333333333
20.0,39,0.0539568345323741,0.0539568345323741,0.0,1668,0,0,1,1800000,1800000,4,1258333.3333333333
28.0,69,0.09711356892365794,0.19422713784731588,0.0,3707,0,0,0,500000,500000,4,1258333.3333333333
28.0,44,0.14418455623197693,0.2018583787247677,0.0,3121,495,96,1,300000,600000,4,1258333.3333333333
25.0,27,0.0820419325432999,0.0820419325432999,0.0,1097,40,4,0,100000,150000,4,1258333.3333333333
24.0,78,0.21151586368977673,0.0881316098707403,0.0,5106,0,0,1,1800000,2000000,4,1258333.3333333333
23.0,36,0.17121116043119847,0.17121116043119847,0.0,1577,183,33,3,900000,2000000,4,1258333.3333333333
26.0,85,0.3701716738197425,0.12875536480686695,0.0,5592,0,0,1,4000000,4000000,4,1258333.3333333333
24.0,70,0.3064699205448354,0.0510783200908059,0.0,3524,45,6,6,800000,900000,4,1258333.3333333333
32.0,62,0.27089604075017365,0.08335262792313035,0.0,4319,70,10,1,250000,5000000,4,1258333.3333333333
26.0,38,0.40752351097178685,0.06269592476489028,0.0,2871,0,0,1,250000,400000,4,1258333.3333333333
26.0,48,0.0,0.0,1.323225361819435,4353,0,0,0,1200000,1200000,1,1868750.0
21.0,9,0.0,0.0,1.0,810,0,0,0,150000,150000,1,1868750.0
24.0,66,0.08341056533827618,0.033364226135310475,0.0,5395,0,0,0,2500000,2500000,2,1868750.0
26.0,73,0.014303877940241577,0.04291163382072473,0.0,6292,23,3,0,2500000,2500000,2,1868750.0
30.0,46,0.0,0.0,0.0,3684,404,58,1,900000,6000000,2,1868750.0
31.0,75,0.056355666875391355,0.15497808390732623,0.0,6388,0,0,1,900000,1000000,2,1868750.0
20.0,11,0.16129032258064516,0.0,0.0,558,0,0,0,100000,100000,2,1868750.0
25.0,75,0.016280752532561504,0.08140376266280752,0.0,5528,27,6,3,2200000,4500000,2,1868750.0
25.0,71,0.016791044776119403,0.10074626865671642,0.0,5360,0,0,0,1000000,1000000,2,1868750.0
23.0,55,0.06034868126955744,0.28162717925793473,0.0,4474,0,0,2,300000,350000,2,1868750.0
23.0,51,0.0,0.0,0.0,3991,0,0,0,1000000,1000000,2,1868750.0
19.0,9,0.0,0.0,0.0,215,0,0,0,100000,100000,3,1868750.0
19.0,88,0.06765899864682003,0.08119079837618404,0.0,6651,0,0,1,20000000,20000000,3,1868750.0
26.0,61,0.051457975986277875,0.10291595197255575,0.0,3498,398,18,2,1200000,1200000,3,1868750.0
31.0,72,0.0,0.04389530157697935,0.0,6151,1232,144,3,800000,2500000,3,1868750.0
34.0,46,0.0,0.10909090909090909,0.0,2475,111,20,3,200000,3500000,3,1868750.0
19.0,12,0.0,0.0,0.0,682,0,0,0,200000,300000,3,1868750.0
25.0,87,0.18030513176144244,0.12482662968099861,0.0,6489,0,0,0,1200000,1200000,3,1868750.0
22.0,83,0.2940046118370484,0.13835511145272866,0.0,5204,0,0,0,1200000,1500000,3,1868750.0
31.0,94,0.3515151515151515,0.19393939393939394,0.0,7425,507,59,0,2200000,5500000,3,1868750.0
20.0,44,0.4956402019274897,0.2065167508031207,0.0,2179,0,0,0,2200000,2200000,4,1868750.0
32.0,86,0.2545691906005222,0.1762402088772846,0.0,4596,110,16,0,700000,5000000,4,1868750.0
28.0,83,0.3104161876293401,0.2276385375948494,0.0,4349,12,3,1,1200000,1200000,4,1868750.0
21.0,39,0.33140452393477116,0.09468700683850605,0.0,1901,0,0,0,900000,900000,4,1868750.0
34.0,70,0.0,0.0,1.018707750353718,6361,307,57,9,1200000,18000000,1,782352.9411764706
30.0,77,0.0,0.0,1.0603448275862069,6960,147,22,1,900000,900000,1,782352.9411764706
28.0,4,0.0,0.0,1.5,360,0,0,0,250000,300000,1,782352.9411764706
20.0,10,0.0,0.0,2.0275344180225283,799,0,0,0,250000,250000,1,782352.9411764706
27.0,77,0.026296566837107377,0.026296566837107377,0.0,6845,108,12,1,3000000,3000000,2,782352.9411764706
29.0,60,0.16135458167330677,0.017928286852589643,0.0,5020,166,26,1,1800000,2500000,2,782352.9411764706
26.0,47,0.08979795460214518,0.06734846595160889,0.0,4009,302,46,0,1500000,1800000,2,782352.9411764706
32.0,91,0.08024455483377914,0.01146350783339702,0.0,7851,0,0,0,900000,4500000,2,782352.9411764706
24.0,55,0.06373937677053824,0.06373937677053824,0.0,4236,94,19,2,500000,600000,2,782352.9411764706
27.0,51,0.07275666936135812,0.04850444624090541,0.0,3711,0,0,1,250000,250000,2,782352.9411764706
29.0,44,0.09048257372654156,0.0,0.0,2984,0,0,0,400000,400000,2,782352.9411764706
22.0,35,0.0391644908616188,0.0391644908616188,0.0,2298,0,0,0,300000,300000,2,782352.9411764706
21.0,36,0.06498194945848375,0.06498194945848375,0.0,2770,0,0,0,300000,300000,2,782352.9411764706
30.0,62,0.0,0.022404779686333084,0.0,4017,315,42,1,800000,1500000,2,782352.9411764706
33.0,38,0.0,0.06576543660942638,0.0,2737,277,21,1,250000,5000000,2,782352.9411764706
20.0,22,0.0,0.0,0.0,1421,0,0,0,500000,500000,3,782352.9411764706
21.0,97,0.15294117647058825,0.1411764705882353,0.0,7650,0,0,0,3000000,3000000,3,782352.9411764706
22.0,49,0.0,0.0,0.0,2720,0,0,0,900000,900000,3,782352.9411764706
23.0,62,0.0,0.0696594427244582,0.0,3876,0,0,0,900000,900000,3,782352.9411764706
34.0,67,0.03294289897510981,0.03294289897510981,0.0,5464,177,22,0,250000,3500000,3,782352.9411764706
19.0,34,0.0544464609800363,0.2177858439201452,0.0,1653,79,0,0,300000,300000,3,782352.9411764706
21.0,26,0.39344262295081966,0.09836065573770492,0.0,915,73,8,2,1000000,3000000,3,782352.9411764706
28.0,74,0.156589821661592,0.019573727707699,0.0,4598,19,5,0,1800000,3500000,3,782352.9411764706
27.0,4,0.0,0.0,0.0,58,671,84,1,250000,1000000,4,782352.9411764706
31.0,23,0.09211873080859775,0.1842374616171955,0.0,977,372,58,3,900000,8000000,4,782352.9411764706
23.0,56,0.2961608775137112,0.16453382084095064,0.0,2735,0,0,0,500000,500000,4,782352.9411764706
26.0,21,0.0,0.0,0.0,662,0,0,0,300000,800000,4,782352.9411764706
24.0,82,0.2856495125821809,0.12242121967807754,0.0,4411,0,0,0,1200000,2000000,4,782352.9411764706
32.0,83,0.29744303357105584,0.10958427552617847,0.0,5749,299,49,0,700000,1750000,4,782352.9411764706
28.0,45,0.3525954946131244,0.04407443682664055,0.0,2042,183,20,0,400000,1000000,4,782352.9411764706
33.0,63,0.31505250875145857,0.10501750291715285,0.0,2571,0,0,3,300000,10000000,4,782352.9411764706
23.0,70,0.282950423216445,0.06529625151148731,0.0,4135,0,0,0,300000,300000,4,782352.9411764706
21.0,40,0.33771106941838647,0.10131332082551595,0.0,2665,293,37,0,250000,300000,4,782352.9411764706
33.0,55,0.07996446023989338,0.07996446023989338,0.0,2251,190,34,4,250000,5000000,4,782352.9411764706
24.0,77,0.0,0.0,1.1508620689655173,6960,0,0,2,3000000,3000000,1,981481.4814814815
27.0,30,0.0,0.0,0.6368715083798883,2685,0,0,3,300000,400000,1,981481.4814814815
21.0,3,0.0,0.0,2.4107142857142856,224,0,0,0,200000,200000,1,981481.4814814815
32.0,21,0.10392609699769054,0.0,0.0,1732,324,26,1,900000,5000000,2,981481.4814814815
19.0,35,0.0,0.0,0.0,2538,0,0,0,1500000,1500000,2,981481.4814814815
31.0,29,0.0,0.0,0.0,2228,529,62,0,500000,1500000,2,981481.4814814815
24.0,68,0.0,0.0,0.0,5491,30,4,1,1500000,1500000,2,981481.4814814815
30.0,71,0.03683241252302026,0.0,0.0,4887,0,0,1,700000,1500000,2,981481.4814814815
37.0,75,0.06357054564718347,0.06357054564718347,0.0,5663,0,0,1,150000,1000000,2,981481.4814814815
29.0,6,0.0,0.0,0.0,317,84,17,3,1000000,2000000,2,981481.4814814815
27.0,78,0.03416856492027335,0.0683371298405467,0.0,5268,0,0,0,600000,600000,2,981481.4814814815
26.0,92,0.02567027952082145,0.07701083856246435,0.0,7012,0,0,1,1200000,1200000,2,981481.4814814815
23.0,50,0.061496412709258624,0.09224461906388794,0.0,2927,0,0,0,250000,300000,2,981481.4814814815
36.0,62,0.02059967956054017,0.0,0.0,4369,179,22,0,200000,1500000,2,981481.4814814815
23.0,60,0.06248553575561213,0.06248553575561213,0.0,4321,0,0,1,1800000,1800000,3,981481.4814814815
25.0,48,0.19296740994854203,0.0,0.0,2332,96,13,1,500000,500000,3,981481.4814814815
24.0,80,0.16880275085964364,0.09846827133479212,0.0,6398,0,0,1,2200000,2200000,3,981481.4814814815
23.0,40,0.078125,0.0,0.0,2304,184,14,2,1800000,5000000,3,981481.4814814815
26.0,93,0.07698887938408897,0.08982035928143713,0.0,7014,0,0,1,1500000,1500000,3,981481.4814814815
27.0,74,0.06837173968093188,0.02279057989364396,0.0,3949,31,5,2,700000,800000,3,981481.4814814815
31.0,73,0.09056603773584905,0.2037735849056604,0.0,3975,0,0,1,300000,1500000,3,981481.4814814815
27.0,42,0.0,0.06423982869379015,0.0,2802,0,0,0,1800000,2500000,4,981481.4814814815
26.0,95,0.1619825557247681,0.18690294891319395,0.0,7223,154,29,2,2000000,2000000,4,981481.4814814815
30.0,67,0.2185526954832443,0.06556580864497329,0.0,4118,394,7,1,700000,8000000,4,981481.4814814815
31.0,75,0.3339153208206024,0.0392841553906591,0.0,4582,119,20,0,500000,2000000,4,981481.4814814815
31.0,54,0.21613832853025935,0.1729106628242075,0.0,2082,0,0,1,350000,600000,4,981481.4814814815
26.0,38,0.511000709723208,0.063875088715401,0.0,1409,0,0,7,350000,400000,4,981481.4814814815
33.0,79,0.0,0.0,1.0559796437659033,7074,90,17,8,300000,1000000,1,611111.1111111111
34.0,30,0.0,0.0,1.345291479820628,2676,0,0,2,150000,200000,1,611111.1111111111
31.0,43,0.08127633955448525,0.0,0.0,3322,119,22,0,900000,9000000,2,611111.1111111111
26.0,89,0.035479632063074903,0.023653088042049936,0.0,7610,0,0,2,1200000,1200000,2,611111.1111111111
26.0,58,0.04196782466775472,0.04196782466775472,0.0,4289,214,31,3,1000000,1200000,2,611111.1111111111
21.0,34,0.0,0.0,0.0,2151,35,5,1,600000,1000000,2,611111.1111111111
31.0,52,0.04134129536058796,0.02067064768029398,0.0,4354,0,0,1,300000,400000,2,611111.1111111111
33.0,30,0.04864864864864865,0.04864864864864865,0.0,1850,194,31,1,300000,3000000,2,611111.1111111111
25.0,41,0.0,0.27913159060700043,0.0,2257,69,11,1,250000,300000,2,611111.1111111111
25.0,65,0.0,0.0,0.0,4953,0,0,0,1200000,2500000,2,611111.1111111111
31.0,90,0.012512164604476574,0.07507298762685945,0.0,7193,0,0,5,450000,1500000,2,611111.1111111111
33.0,13,0.0,0.0,0.0,1035,589,98,1,300000,5000000,2,611111.1111111111
24.0,77,0.047812998052063044,0.015937666017354347,0.0,5647,0,0,1,1000000,1000000,3,611111.1111111111
31.0,86,0.09819201995012469,0.08416458852867831,0.0,6416,0,0,3,450000,800000,3,611111.1111111111
29.0,101,0.050687091687316964,0.18247353007434106,0.0,8878,0,0,4,1000000,1000000,3,611111.1111111111
20.0,37,0.13412816691505217,0.03353204172876304,0.0,2684,0,0,0,600000,800000,3,611111.1111111111
29.0,30,0.0,0.0,0.0,2091,305,59,1,300000,1500000,3,611111.1111111111
22.0,18,0.0,0.0,0.0,1281,0,0,1,150000,150000,3,611111.1111111111
34.0,85,0.1529961750956226,0.19124521886952825,0.0,7059,31,3,1,500000,6000000,3,611111.1111111111
21.0,58,0.1848808545603944,0.11092851273623665,0.0,2434,0,0,1,700000,700000,3,611111.1111111111
24.0,52,0.4115115653577192,0.19365250134480905,0.0,3718,0,0,0,250000,500000,4,611111.1111111111
26.0,76,0.16382252559726962,0.16382252559726962,0.0,4395,39,8,5,1000000,1500000,4,611111.1111111111
24.0,86,0.23781561949500882,0.19817968291250734,0.0,6812,31,6,1,1200000,1500000,4,611111.1111111111
30.0,95,0.45660881174899864,0.12016021361815754,0.0,7490,1106,68,7,1000000,1500000,4,611111.1111111111
27.0,34,0.16970458830923948,0.0,0.0,1591,132,26,3,800000,5000000,4,611111.1111111111
30.0,35,0.23275862068965517,0.15517241379310345,0.0,2320,214,35,2,300000,400000,4,611111.1111111111
32.0,75,0.1113034875092753,0.022260697501855057,0.0,4043,78,11,3,300000,750000,4,611111.1111111111
28.0,54,0.0,0.0,1.2037037037037037,4860,346,35,6,3500000,10000000,1,3556000.0
28.0,56,0.0,0.0,1.0178571428571428,5040,0,0,0,300000,300000,1,3556000.0
35.0,14,0.0,0.0,1.5,1260,174,5,0,150000,400000,1,3556000.0
25.0,68,0.0,0.016169601149838304,0.0,5566,61,10,2,4500000,7000000,2,3556000.0
28.0,80,0.06712410501193318,0.02684964200477327,0.0,6704,403,58,3,4500000,6000000,2,3556000.0
26.0,41,0.026865671641791045,0.0,0.0,3350,212,36,2,3500000,4000000,2,3556000.0
29.0,86,0.023936170212765957,0.03590425531914894,0.0,7520,151,30,1,4000000,4000000,2,3556000.0
23.0,80,0.0,0.3015993907083016,0.0,6565,0,0,1,9000000,9000000,2,3556000.0
25.0,54,0.03058103975535168,0.03058103975535168,0.0,2943,0,0,0,1500000,1800000,2,3556000.0
26.0,60,0.0,0.06199770378874857,0.0,4355,0,0,0,2000000,2500000,2,3556000.0
31.0,75,0.014785608674223755,0.10349926071956629,0.0,6087,37,9,0,700000,3000000,2,3556000.0
29.0,1,,,,0,109,14,2,300000,800000,2,3556000.0
28.0,67,0.06279069767441861,0.06279069767441861,0.0,4300,0,0,0,3500000,10000000,3,3556000.0
26.0,95,0.15397775876817793,0.20530367835757057,0.0,7014,0,0,2,2000000,2000000,3,3556000.0
20.0,80,0.06127659574468085,0.1225531914893617,0.0,5875,0,0,0,2500000,2500000,3,3556000.0
35.0,94,0.011042944785276074,0.06625766871165645,0.0,8150,0,0,0,250000,5000000,3,3556000.0
24.0,73,0.1750291715285881,0.08751458576429405,0.0,5142,0,0,2,4000000,4000000,3,3556000.0
20.0,55,0.3657392935292279,0.22507033447952485,0.0,3199,0,0,0,5000000,5000000,3,3556000.0
29.0,84,0.28501055594651653,0.14250527797325827,0.0,5684,60,9,0,1500000,1500000,3,3556000.0
23.0,84,0.058130146940093656,0.18892297755530438,0.0,6193,0,0,0,3500000,3500000,4,3556000.0
22.0,14,0.2179176755447942,0.2179176755447942,0.0,826,0,0,0,200000,250000,4,3556000.0
21.0,63,0.6737503018594543,0.23907268775658053,0.0,4141,0,0,1,12000000,12000000,4,3556000.0
27.0,95,0.5508474576271186,0.07062146892655367,0.0,6372,110,25,6,12000000,12000000,4,3556000.0
22.0,45,0.3479381443298969,0.0,0.0,1552,8,3,3,5000000,5000000,4,3556000.0
23.0,65,0.45141065830721006,0.1974921630094044,0.0,3190,327,55,1,3500000,4500000,4,3556000.0
30.0,54,0.018404907975460124,0.0,0.9386503067484663,4890,0,0,1,900000,900000,1,2370000.0
33.0,46,0.0,0.0,1.4244604316546763,4170,111,17,1,300000,500000,1,2370000.0
19.0,90,0.012658227848101266,0.0379746835443038,0.0,7110,0,0,2,10000000,10000000,2,2370000.0
22.0,46,0.02575844304522038,0.0,0.0,3494,234,19,3,3000000,5000000,2,2370000.0
23.0,61,0.07006617360840794,0.0,0.0,5138,0,0,1,2200000,2200000,2,2370000.0
27.0,58,0.061898211829436035,0.04126547455295736,0.0,4362,0,0,1,500000,500000,2,2370000.0
36.0,76,0.055848588271796465,0.0,0.0,6446,0,0,1,500000,500000,2,2370000.0
30.0,86,0.0400890868596882,0.0801781737193764,0.0,6735,0,0,0,2000000,2000000,2,2370000.0
20.0,45,0.06128702757916241,0.09193054136874361,0.0,2937,0,0,5,1500000,1500000,2,2370000.0
19.0,73,0.018101367658889783,0.05430410297666935,0.0,4972,61,9,1,2000000,2000000,2,2370000.0
27.0,61,0.0,0.06401137980085349,0.0,4218,153,22,2,900000,1000000,2,2370000.0
25.0,86,0.17976886859751748,0.24397203595377373,0.0,7009,13,1,3,8000000,8000000,3,2370000.0
25.0,75,0.07169029791301577,0.07169029791301577,0.0,6277,42,8,0,3800000,3800000,3,2370000.0
28.0,83,0.10618574077195347,0.04550817461655149,0.0,5933,0,0,1,1200000,1200000,3,2370000.0
23.0,45,0.0,0.030498136225008472,0.0,2951,0,0,1,2000000,2000000,3,2370000.0
33.0,30,0.0,0.05772931366260423,0.0,1559,30,4,2,600000,750000,3,2370000.0
22.0,32,0.0,0.0,0.0,1355,0,0,1,350000,350000,3,2370000.0
25.0,58,0.0793475865109103,0.2182058629050033,0.0,4537,0,0,1,3500000,4000000,3,2370000.0
26.0,40,0.20785219399538107,0.12471131639722864,0.0,2165,190,32,3,1200000,3000000,3,2370000.0
20.0,11,0.27607361963190186,0.0,0.0,652,0,0,1,100000,100000,4,2370000.0
24.0,97,0.4334938866246758,0.18895887365690997,0.0,8097,0,0,1,13000000,13000000,4,2370000.0
29.0,48,0.04269449715370019,0.08538899430740038,0.0,2108,121,24,8,600000,1500000,4,2370000.0
31.0,58,0.4476439790575916,0.14136125654450263,0.0,3820,0,0,1,500000,900000,4,2370000.0
26.0,54,0.19047619047619047,0.0,0.0,1890,56,12,0,300000,1000000,4,2370000.0
22.0,18,0.2912621359223301,0.0,0.0,309,0,0,0,300000,300000,4,2370000.0
27.0,62,0.0,0.0,0.9456521739130435,5520,0,0,7,1500000,2000000,1,1550000.0
25.0,19,0.0,0.0,1.9405594405594406,1716,0,0,0,400000,600000,1,1550000.0
31.0,22,0.0,0.0,0.8837209302325582,1935,0,1,1,200000,300000,1,1550000.0
28.0,79,0.08147254073627037,0.02715751357875679,0.0,6628,250,41,0,3000000,3000000,2,1550000.0
26.0,57,0.0859393650035808,0.0,0.0,4189,0,0,1,1800000,3000000,2,1550000.0
29.0,40,0.0,0.0,0.0,3105,158,24,1,1000000,1200000,2,1550000.0
31.0,44,0.0828983727356463,0.0,0.0,3257,0,0,1,600000,1500000,2,1550000.0
24.0,61,0.06241331484049931,0.0,0.0,4326,137,20,0,600000,600000,2,1550000.0
29.0,97,0.02135991456034176,0.032039871840512636,0.0,8427,21,4,0,2000000,2000000,2,1550000.0
21.0,69,0.0,0.14631502890173412,0.0,5536,0,0,1,3500000,3500000,2,1550000.0
29.0,39,0.0,0.0,0.0,2868,126,17,2,4000000,10000000,3,1550000.0
29.0,72,0.05043900616476742,0.03362600410984495,0.0,5353,0,0,1,1000000,1800000,3,1550000.0
24.0,86,0.0851063829787234,0.05673758865248227,0.0,6345,42,5,0,3000000,3000000,3,1550000.0
29.0,72,0.0975609756097561,0.0975609756097561,0.0,5535,0,0,1,900000,900000,3,1550000.0
30.0,42,0.5278592375366569,0.10557184750733138,0.0,1705,0,0,1,400000,800000,3,1550000.0
32.0,48,0.033682634730538924,0.033682634730538924,0.0,2672,111,23,0,300000,3000000,3,1550000.0
21.0,30,0.0,0.0,0.0,2280,0,0,0,250000,400000,3,1550000.0
22.0,13,0.0,0.0,0.0,363,0,0,0,250000,300000,3,1550000.0
23.0,61,0.07139079851930195,0.21417239555790588,0.0,3782,0,0,0,2200000,2200000,3,1550000.0
31.0,35,0.13062409288824384,0.0,0.0,1378,56,0,2,600000,5000000,3,1550000.0
26.0,52,0.11120263591433278,0.22240527182866557,0.0,2428,0,0,0,500000,800000,3,1550000.0
25.0,91,0.333287614867645,0.09875188588670965,0.0,7291,0,0,0,6000000,6000000,4,1550000.0
27.0,81,0.4062550378848944,0.14509108495889086,0.0,6203,6,2,0,6000000,6000000,4,1550000.0
28.0,61,0.1826086956521739,0.02608695652173913,0.0,3450,85,15,0,1200000,3500000,4,1550000.0
24.0,40,0.20454545454545456,0.08181818181818182,0.0,2200,0,0,1,300000,400000,4,1550000.0
20.0,26,0.16363636363636364,0.0,0.0,550,0,0,0,250000,250000,4,1550000.0
20.0,15,0.0,0.41284403669724773,0.0,436,0,0,1,100000,100000,4,1550000.0
25.0,72,0.0,0.0,1.4446673869424294,6479,0,0,0,1000000,1000000,1,2640909.090909091
24.0,41,0.0,0.0,1.4750068287353182,3661,228,39,1,400000,400000,1,2640909.090909091
22.0,17,0.0,0.0,1.411764705882353,1530,0,0,0,300000,300000,1,2640909.090909091
23.0,85,0.03746357707784099,0.0,0.0,7207,66,9,1,13000000,13000000,2,2640909.090909091
23.0,82,0.18758374274229567,0.026797677534613668,0.0,6717,0,0,0,1800000,1800000,2,2640909.090909091
21.0,54,0.0,0.058913375518219506,0.0,4583,6,2,0,5000000,5000000,2,2640909.090909091
23.0,69,0.035942492012779555,0.035942492012779555,0.0,5008,302,23,1,1000000,1000000,2,2640909.090909091
26.0,88,0.07577883805781645,0.17681728880157171,0.0,7126,109,12,0,2500000,3000000,2,2640909.090909091
22.0,47,0.08375988832014891,0.08375988832014891,0.0,2149,0,0,0,1000000,1000000,2,2640909.090909091
34.0,67,0.0,0.0,0.0,5131,82,15,0,300000,6000000,2,2640909.090909091
27.0,94,0.010710460549803642,0.09639414494823277,0.0,8403,0,0,0,7000000,7000000,3,2640909.090909091
27.0,82,0.26150121065375304,0.1089588377723971,0.0,4130,143,28,9,3000000,5000000,3,2640909.090909091
29.0,62,0.09326424870466321,0.0,0.0,3860,53,6,2,1200000,3500000,3,2640909.090909091
33.0,72,0.01756440281030445,0.0351288056206089,0.0,5124,705,95,2,900000,18000000,3,2640909.090909091
21.0,62,0.22091310751104565,0.19882179675994108,0.0,4074,0,0,0,3000000,3000000,3,2640909.090909091
25.0,17,0.0,0.0,0.0,716,577,96,2,300000,1000000,3,2640909.090909091
19.0,19,0.0,0.0,0.0,512,0,0,0,400000,400000,3,2640909.090909091
23.0,79,0.12331180270111568,0.21139166177334115,0.0,5109,0,0,0,3200000,3200000,3,2640909.090909091
22.0,75,0.3558967201674808,0.1465457083042568,0.0,4299,0,0,2,1000000,1000000,4,2640909.090909091
31.0,61,0.18471010774756286,0.23088763468445356,0.0,3898,14,4,0,600000,2500000,4,2640909.090909091
23.0,92,0.5056179775280899,0.09406846093545858,0.0,7654,19,5,2,10000000,10000000,4,2640909.090909091
24.0,66,0.25978191148171903,0.08659397049390635,0.0,3118,82,19,0,1200000,1200000,4,2640909.090909091
24.0,73,0.0,0.0,0.9575944487278335,6485,26,8,4,12000000,12000000,1,7144230.769230769
26.0,63,0.0,0.0,1.0630565146283846,5503,38,5,1,1000000,1500000,1,7144230.769230769
20.0,9,0.0,0.0,1.0,810,0,0,3,250000,250000,1,7144230.769230769
21.0,78,0.0,0.07040050062578222,0.0,6392,0,0,4,20000000,20000000,2,7144230.769230769
23.0,53,0.0,0.040992940104759734,0.0,4391,265,36,1,16000000,16000000,2,7144230.769230769
24.0,23,0.04782146652497343,0.04782146652497343,0.0,1882,0,0,1,8000000,8000000,2,7144230.769230769
21.0,54,0.0,0.0,0.0,4193,0,0,1,6000000,6000000,2,7144230.769230769
21.0,84,0.07942344462420944,0.07942344462420944,0.0,6799,30,5,3,12000000,12000000,2,7144230.769230769
29.0,73,0.0,0.08958789567987259,0.0,5023,191,22,1,3500000,7000000,2,7144230.769230769
27.0,73,0.09237085186452275,0.12316113581936367,0.0,5846,128,14,1,8000000,8000000,2,7144230.769230769
23.0,74,0.05786540934419203,0.05786540934419203,0.0,4666,0,0,1,4000000,4000000,2,7144230.769230769
33.0,68,0.018995356690586745,0.018995356690586745,0.0,4738,357,49,1,1000000,15000000,3,7144230.769230769
27.0,86,0.10062893081761007,0.16352201257861634,0.0,7155,140,19,2,18000000,18000000,3,7144230.769230769
27.0,100,0.020261143628995948,0.030391715443493922,0.0,8884,56,13,1,13000000,13000000,3,7144230.769230769
26.0,54,0.09632536567962897,0.03210845522654299,0.0,2803,74,13,1,1800000,7000000,3,7144230.769230769
23.0,68,0.38991729027176053,0.24812918471839307,0.0,5078,133,22,3,2800000,2800000,3,7144230.769230769
22.0,83,0.29532403609515995,0.1292042657916325,0.0,4876,0,0,1,12000000,12000000,4,7144230.769230769
22.0,39,0.19845644983461963,0.29768467475192945,0.0,1814,218,29,3,2200000,3000000,4,7144230.769230769
23.0,65,0.4665514687731424,0.17773389286595903,0.0,4051,127,23,1,18000000,18000000,4,7144230.769230769
26.0,82,0.39014373716632444,0.2669404517453799,0.0,4383,121,18,4,7000000,7000000,4,7144230.769230769
32.0,63,0.10221465076660988,0.20442930153321975,0.0,3522,631,68,2,1200000,10000000,4,7144230.769230769
22.0,62,0.3287242368901644,0.21132272371510566,0.0,3833,93,6,2,9000000,9000000,4,7144230.769230769
22.0,67,0.43208133295679185,0.12708274498729172,0.0,3541,355,56,1,5000000,5000000,4,7144230.769230769
23.0,45,0.2275025278058645,0.0455005055611729,0.0,1978,17,5,1,2000000,4300000,4,7144230.769230769
33.0,62,0.4297752808988764,0.10112359550561797,0.0,3560,805,102,1,1000000,13000000,4,7144230.769230769
33.0,70,0.2289348171701113,0.14308426073131955,0.0,3145,806,80,3,1000000,10000000,4,7144230.769230769
28.0,58,0.0,0.0,1.4310344827586208,5220,0,0,1,2500000,3000000,1,4533333.333333333
23.0,33,0.0,0.0,1.3636363636363635,2904,133,16,1,2000000,3500000,1,4533333.333333333
35.0,24,0.0,0.0,1.273972602739726,2190,267,36,1,200000,750000,1,4533333.333333333
27.0,12,0.11764705882352941,0.0,0.0,765,312,48,1,2200000,8000000,2,4533333.333333333
24.0,83,0.07465781833264205,0.04977187888842804,0.0,7233,315,41,0,2500000,2500000,2,4533333.333333333
29.0,88,0.05894681687188892,0.0,0.0,7634,64,9,2,2000000,15000000,2,4533333.333333333
32.0,42,0.0,0.0,0.0,3137,85,14,2,1000000,9000000,2,4533333.333333333
26.0,28,0.0,0.0,0.0,2228,116,17,1,1200000,2000000,2,4533333.333333333
34.0,61,0.0,0.037383177570093455,0.0,4815,324,47,0,600000,5000000,2,4533333.333333333
29.0,62,0.0,0.03759398496240601,0.0,4788,81,10,0,8000000,8000000,2,4533333.333333333
22.0,33,0.0,0.0,0.0,1968,0,0,0,2200000,4000000,2,4533333.333333333
32.0,51,0.0,0.0,0.0,2857,172,33,1,1000000,20000000,2,4533333.333333333
22.0,35,0.09018036072144289,0.09018036072144289,0.0,1996,10,1,1,400000,1000000,2,4533333.333333333
25.0,49,0.0,0.0,0.0,3616,0,0,2,5000000,10000000,3,4533333.333333333
24.0,54,0.06348459910651305,0.02116153303550435,0.0,4253,0,0,0,5000000,5000000,3,4533333.333333333
24.0,43,0.11944260119442601,0.08958195089581951,0.0,3014,152,17,0,9000000,12000000,3,4533333.333333333
20.0,20,0.06686478454680535,0.06686478454680535,0.0,1346,0,0,0,10000000,10000000,3,4533333.333333333
23.0,45,0.12482662968099861,0.12482662968099861,0.0,2884,296,47,1,1500000,2500000,3,4533333.333333333
31.0,30,0.0,0.0,0.0,1833,174,30,0,900000,3000000,3,4533333.333333333
33.0,34,0.04636785162287481,0.04636785162287481,0.0,1941,806,126,5,400000,14000000,3,4533333.333333333
33.0,24,0.0,0.0,0.0,1242,864,121,1,400000,3500000,3,4533333.333333333
29.0,62,0.0855106888361045,0.171021377672209,0.0,4210,27,5,1,2500000,5000000,3,4533333.333333333
19.0,39,0.054282267792521106,0.10856453558504221,0.0,1658,0,0,0,4500000,4500000,3,4533333.333333333
19.0,6,0.0,0.0,0.0,357,0,0,0,7000000,7000000,4,4533333.333333333
25.0,61,0.267591674925669,0.14271555996035679,0.0,5045,244,34,2,20000000,30000000,4,4533333.333333333
25.0,25,0.11421319796954314,0.11421319796954314,0.0,788,114,6,2,2500000,10000000,4,4533333.333333333
21.0,64,0.3,0.1,0.0,4500,74,15,0,32000000,32000000,4,4533333.333333333
21.0,63,0.614418350628072,0.19661387220098306,0.0,3662,0,0,2,4500000,5000000,4,4533333.333333333
25.0,60,0.3302348336594912,0.11007827788649706,0.0,4088,221,37,0,3000000,3000000,4,4533333.333333333
30.0,65,0.6759294029290274,0.06759294029290275,0.0,2663,449,63,1,2000000,12000000,4,4533333.333333333
32.0,80,0.0,0.0,0.8565430370888734,7145,17,3,3,700000,700000,1,4316666.666666667
30.0,25,0.0,0.0,0.9278350515463918,2231,88,17,1,500000,750000,1,4316666.666666667
24.0,67,0.10969876371234547,0.047013755876719486,0.0,5743,7,2,2,20000000,20000000,2,4316666.666666667
30.0,99,0.04070096099491238,0.030525720746184284,0.0,8845,22,1,1,6000000,13000000,2,4316666.666666667
29.0,2,0.0,0.0,0.0,180,1000,150,1,1200000,12000000,2,4316666.666666667
33.0,25,0.05036373810856184,0.0,0.0,1787,541,61,1,600000,6000000,2,4316666.666666667
34.0,68,0.0,0.05644992682416893,0.0,4783,104,19,1,300000,3000000,2,4316666.666666667
26.0,55,0.043041606886657105,0.23672883787661406,0.0,4182,146,24,0,3000000,3500000,2,4316666.666666667
24.0,41,0.0,0.02676977989292088,0.0,3362,121,20,0,3000000,3000000,2,4316666.666666667
32.0,37,0.030664395229982964,0.12265758091993186,0.0,2935,251,43,3,600000,7000000,2,4316666.666666667
29.0,64,0.10078387458006718,0.0335946248600224,0.0,5358,687,140,1,700000,2500000,2,4316666.666666667
30.0,67,0.0340780007572889,0.08519500189322227,0.0,5282,54,9,0,3500000,6500000,2,4316666.666666667
22.0,46,0.13184881336067975,0.0527395253442719,0.0,3413,229,31,0,3800000,7000000,2,4316666.666666667
20.0,10,0.0,0.0,0.0,674,0,0,0,100000,100000,2,4316666.666666667
25.0,77,0.18646408839779005,0.13984806629834254,0.0,5792,532,80,2,20000000,22000000,3,4316666.666666667
20.0,77,0.5865580448065173,0.219959266802444,0.0,4910,0,0,4,12000000,12000000,3,4316666.666666667
21.0,65,0.1395709485655208,0.23261824760920136,0.0,3869,57,5,6,7000000,7000000,3,4316666.666666667
32.0,100,0.04580735462527039,0.10306654790685837,0.0,7859,0,0,1,2000000,9000000,3,4316666.666666667
31.0,68,0.043478260869565216,0.08695652173913043,0.0,4140,118,13,7,1000000,8000000,3,4316666.666666667
22.0,27,0.0,0.0706436420722135,0.0,1274,98,14,0,1000000,3000000,3,4316666.666666667
28.0,63,0.07495835646862854,0.09994447529150471,0.0,3602,24,5,0,1000000,3000000,3,4316666.666666667
23.0,87,0.3170028818443804,0.2017291066282421,0.0,6246,0,0,0,18000000,18000000,4,4316666.666666667
23.0,33,0.22655758338577722,0.056639395846444306,0.0,1589,887,90,4,4000000,15000000,4,4316666.666666667
26.0,71,0.38006756756756754,0.07601351351351351,0.0,3552,253,28,0,5000000,15000000,4,4316666.666666667
19.0,53,0.37006578947368424,0.03700657894736842,0.0,2432,0,0,0,1000000,1000000,4,4316666.666666667
37.0,87,0.352327098738582,0.156589821661592,0.0,4598,0,0,7,300000,4500000,4,4316666.666666667
19.0,28,0.5434782608695652,0.0,0.0,828,0,0,0,250000,250000,4,4316666.666666667
30.0,75,0.0,0.0,1.2194758784991067,6716,15,4,7,2200000,3000000,1,3044444.4444444445
25.0,32,0.0,0.0,1.1983181499649616,2854,0,0,0,900000,1000000,1,3044444.4444444445
23.0,27,0.0,0.0,1.1481481481481481,2430,0,0,1,150000,150000,1,3044444.4444444445
27.0,90,0.04649961250322914,0.011624903125807285,0.0,7742,8,3,1,5000000,5000000,2,3044444.4444444445
17.0,33,0.08144796380090498,0.04072398190045249,0.0,2210,0,0,0,2000000,3000000,2,3044444.4444444445
32.0,49,0.09980593290823399,0.0,0.0,3607,457,31,0,700000,4000000,2,3044444.4444444445
25.0,62,0.07303712720632989,0.0,0.0,4929,0,0,1,1800000,1800000,2,3044444.4444444445
22.0,22,0.0,0.0,0.0,1398,353,41,1,500000,1200000,2,3044444.4444444445
23.0,72,0.03173483779971791,0.0,0.0,5672,0,0,0,2000000,2000000,2,3044444.4444444445
24.0,79,0.03963011889035667,0.052840158520475564,0.0,6813,0,0,0,4800000,4800000,2,3044444.4444444445
25.0,45,0.0,0.20626432391138275,0.0,2618,0,0,1,450000,1000000,2,3044444.4444444445
25.0,68,0.0,0.05591219714226548,0.0,4829,21,3,0,2000000,2000000,2,3044444.4444444445
23.0,52,0.06893030380393159,0.06893030380393159,0.0,3917,240,30,0,1200000,1300000,2,3044444.4444444445
25.0,96,0.021996822681168277,0.021996822681168277,0.0,8183,122,24,0,5000000,5000000,3,3044444.4444444445
20.0,39,0.0,0.15549412577747063,0.0,2894,0,0,0,450000,450000,3,3044444.4444444445
20.0,82,0.0147977638934561,0.147977638934561,0.0,6082,0,0,2,7000000,7000000,3,3044444.4444444445
18.0,56,0.11233150274588118,0.15726410384423364,0.0,4006,0,0,0,3500000,3500000,3,3044444.4444444445
23.0,75,0.05086661642803316,0.15259984928409948,0.0,5308,0,0,0,3000000,3000000,3,3044444.4444444445
29.0,47,0.35309503051438534,0.1961639058413252,0.0,2294,689,89,3,1800000,8000000,3,3044444.4444444445
27.0,82,0.2383654937570942,0.0851305334846765,0.0,5286,166,27,0,2000000,2000000,3,3044444.4444444445
24.0,89,0.4782547895399245,0.07551391413788282,0.0,7151,41,8,3,16000000,16000000,4,3044444.4444444445
21.0,85,0.21748681898066785,0.1977152899824253,0.0,4552,0,0,0,8000000,8000000,4,3044444.4444444445
24.0,93,0.025806451612903226,0.2967741935483871,0.0,6975,0,0,0,6000000,6000000,4,3044444.4444444445
27.0,82,0.16148325358851676,0.17942583732057416,0.0,5016,124,20,0,1500000,1500000,4,3044444.4444444445
27.0,78,0.2770296267795306,0.08657175836860331,0.0,5198,249,39,0,3500000,3500000,4,3044444.4444444445
22.0,53,0.5348299768900627,0.17827665896335423,0.0,3029,0,0,0,600000,600000,4,3044444.4444444445
19.0,51,0.6900328587075575,0.17250821467688937,0.0,3652,0,0,0,150000,150000,4,3044444.4444444445
27.0,45,0.0,0.0,1.511111111111111,4050,72,16,0,2500000,10000000,1,4002000.0
35.0,48,0.0,0.0,1.7291666666666667,4320,795,76,5,600000,9000000,1,4002000.0
38.0,2,0.0,0.0,1.5,180,96,20,4,150000,500000,1,4002000.0
20.0,42,0.02802865151043289,0.0,0.0,3211,0,0,1,6000000,6000000,2,4002000.0
31.0,77,0.013235294117647059,0.0,0.0,6800,254,30,3,2000000,4500000,2,4002000.0
30.0,55,0.0,0.0,0.0,4623,277,25,2,2000000,15000000,2,4002000.0
27.0,49,0.0,0.05710659898477157,0.0,3152,94,18,4,3500000,7000000,2,4002000.0
22.0,46,0.03313696612665685,0.03313696612665685,0.0,2716,0,0,1,2500000,3500000,2,4002000.0
23.0,83,0.012968299711815562,0.05187319884726225,0.0,6940,16,2,2,16000000,22000000,2,4002000.0
29.0,35,0.03643724696356275,0.0,0.0,2470,922,118,0,1000000,4500000,2,4002000.0
28.0,28,0.0,0.0,0.0,1814,504,74,1,3500000,10000000,3,4002000.0
25.0,33,0.04316546762589928,0.04316546762589928,0.0,2085,0,0,2,1500000,2500000,3,4002000.0
23.0,43,0.1773981603153745,0.08869908015768725,0.0,3044,123,12,0,12000000,12000000,3,4002000.0
23.0,40,0.16223524109959442,0.08111762054979721,0.0,2219,76,17,4,5000000,6000000,3,4002000.0
31.0,73,0.0585270687693058,0.0585270687693058,0.0,6151,567,60,3,1200000,4500000,3,4002000.0
20.0,62,0.022271714922048998,0.133630289532294,0.0,4041,0,0,0,2800000,2800000,3,4002000.0
25.0,49,0.19421665947345707,0.15537332757876565,0.0,2317,91,18,4,2000000,3000000,3,4002000.0
20.0,38,0.43520309477756286,0.2611218568665377,0.0,2068,0,0,0,500000,800000,3,4002000.0
21.0,49,0.27075812274368233,0.1624548736462094,0.0,1662,113,8,3,5000000,12000000,4,4002000.0
25.0,19,0.08317929759704251,0.0,0.0,1082,330,8,1,1800000,2500000,4,4002000.0
30.0,82,0.11516314779270634,0.15355086372360843,0.0,4689,552,79,5,1000000,4000000,4,4002000.0
20.0,22,0.3617363344051447,0.28938906752411575,0.0,1244,0,0,0,12000000,12000000,4,4002000.0
23.0,72,0.3146853146853147,0.06993006993006994,0.0,5148,125,14,1,12000000,12000000,4,4002000.0
33.0,84,0.27842227378190254,0.1531322505800464,0.0,6465,65,9,10,1500000,10000000,4,4002000.0
22.0,49,0.21286660359508042,0.08514664143803216,0.0,2114,481,73,3,2000000,3000000,4,4002000.0
27.0,87,0.0,0.0,1.238216560509554,7850,119,22,4,12000000,19000000,1,3583333.3333333335
22.0,6,0.0,0.0,1.6910229645093946,479,118,18,2,200000,300000,1,3583333.3333333335
20.0,25,0.0,0.0,1.2,2250,54,12,3,75000,125000,1,3583333.3333333335
20.0,21,0.0,0.0,0.95,1800,10,2,2,50000,75000,1,3583333.3333333335
32.0,72,0.09066487575554064,0.01511081262592344,0.0,5956,233,44,15,3700000,22000000,2,3583333.3333333335
30.0,57,0.0,0.04524886877828054,0.0,3978,184,29,14,3700000,6000000,2,3583333.3333333335
19.0,18,0.0,0.0,0.0,1142,0,0,2,850000,1100000,2,3583333.3333333335
25.0,33,0.040376850605652756,0.040376850605652756,0.0,2229,208,37,4,900000,3500000,2,3583333.3333333335
22.0,82,0.014122077514514357,0.0988545426016005,0.0,6373,47,8,1,3600000,4200000,2,3583333.3333333335
19.0,60,0.07291877658497063,0.14583755316994126,0.0,4937,8,4,1,475000,475000,2,3583333.3333333335
32.0,57,0.06504456757407853,0.021681522524692846,0.0,4151,337,48,1,1700000,4000000,2,3583333.3333333335
24.0,21,0.0,0.0,0.0,805,390,54,4,500000,3000000,2,3583333.3333333335
27.0,42,0.07317073170731707,0.10975609756097561,0.0,2460,769,108,0,4800000,30000000,3,3583333.3333333335
29.0,78,0.0,0.01843506759524785,0.0,4882,151,28,2,5500000,5500000,3,3583333.3333333335
23.0,60,0.02553916004540295,0.02553916004540295,0.0,3524,10,2,2,2400000,2500000,3,3583333.3333333335
20.0,57,0.13119533527696792,0.03279883381924198,0.0,2744,42,10,1,75000,75000,3,3583333.3333333335
27.0,41,0.03252620166245031,0.03252620166245031,0.0,2767,834,122,4,5000000,7000000,3,3583333.3333333335
35.0,65,0.12875536480686695,0.12875536480686695,0.0,4194,260,37,13,1200000,40000000,3,3583333.3333333335
28.0,34,0.10557184750733138,0.10557184750733138,0.0,1705,316,41,3,950000,4000000,3,3583333.3333333335
26.0,58,0.5202312138728323,0.17341040462427745,0.0,2595,261,37,3,9000000,20000000,3,3583333.3333333335
29.0,84,0.31162407254740315,0.2671063478977741,0.0,6065,60,9,3,10000000,11000000,3,3583333.3333333335
23.0,79,0.18251875887243968,0.12776313121070776,0.0,4931,230,37,4,8000000,15000000,3,3583333.3333333335
27.0,74,0.2122085407388001,0.04715745349751113,0.0,3817,135,21,1,4700000,20000000,3,3583333.3333333335
20.0,54,0.6235565819861432,0.5311778290993071,0.0,3897,69,15,2,225000,225000,3,3583333.3333333335
28.0,56,0.4081145584725537,0.27923627684964203,0.0,4190,460,60,8,11000000,11000000,4,3583333.3333333335
33.0,55,0.2544769085768143,0.42412818096135724,0.0,4244,347,69,6,3000000,13000000,4,3583333.3333333335
29.0,70,0.234375,0.3046875,0.0,3840,502,78,6,2000000,20000000,4,3583333.3333333335
22.0,31,0.3105590062111801,0.2484472049689441,0.0,1449,30,6,0,700000,850000,4,3583333.3333333335
26.0,69,0.23804275953273088,0.138858276394093,0.0,4537,241,25,0,7000000,40000000,4,3583333.3333333335
26.0,78,0.6047265987025023,0.2293790546802595,0.0,4316,25,1,3,4200000,6000000,4,3583333.3333333335
22.0,52,0.0,0.0,1.335483870967742,4650,44,2,4,5000000,10000000,1,3712068.9655172415
34.0,29,0.0,0.0,1.1931818181818181,2640,365,53,8,1300000,5000000,1,3712068.9655172415
19.0,13,0.0,0.0,1.2307692307692308,1170,0,0,3,150000,175000,1,3712068.9655172415
25.0,2,0.0,0.0,0.0,180,25,4,3,50000,800000,1,3712068.9655172415
33.0,58,0.05578512396694215,0.0371900826446281,0.0,4840,95,11,1,5000000,10000000,2,3712068.9655172415
23.0,54,0.0843684087180689,0.021092102179517225,0.0,4267,227,14,1,4800000,5000000,2,3712068.9655172415
30.0,61,0.017198547678196063,0.0,0.0,5233,131,10,0,3000000,8000000,2,3712068.9655172415
32.0,55,0.0,0.0,0.0,2847,183,33,7,500000,5500000,2,3712068.9655172415
34.0,45,0.0,0.0,0.0,3264,182,30,4,325000,2000000,2,3712068.9655172415
29.0,56,0.0683371298405467,0.15945330296127563,0.0,3951,348,54,3,6000000,10000000,2,3712068.9655172415
27.0,50,0.0,0.03276301419730615,0.0,2747,281,30,1,1000000,2500000,2,3712068.9655172415
26.0,68,0.03153468815697267,0.14190609670637702,0.0,5708,547,62,3,6000000,8000000,2,3712068.9655172415
29.0,72,0.04438599375308236,0.17754397501232944,0.0,6083,145,21,0,3500000,3500000,2,3712068.9655172415
26.0,72,0.11485085340564684,0.14356356675705853,0.0,6269,256,38,4,7500000,7500000,3,3712068.9655172415
20.0,32,0.03815175922000848,0.0,0.0,2359,69,10,0,550000,650000,3,3712068.9655172415
40.0,41,0.183206106870229,0.0916030534351145,0.0,1965,311,50,21,100000,3500000,3,3712068.9655172415
24.0,51,0.1167618059159315,0.233523611831863,0.0,3854,96,14,2,12000000,22000000,3,3712068.9655172415
29.0,57,0.08533501896333755,0.22756005056890014,0.0,3164,158,31,3,4700000,5500000,3,3712068.9655172415
22.0,39,0.15552995391705068,0.15552995391705068,0.0,1736,623,71,1,2000000,3000000,3,3712068.9655172415
30.0,68,0.16827672172016203,0.30850732315363044,0.0,3209,118,22,0,1700000,2100000,3,3712068.9655172415
27.0,46,0.2009825815096025,0.0,0.0,2239,364,66,0,8000000,100000000,3,3712068.9655172415
32.0,70,0.3460872909055951,0.3114785618150356,0.0,5201,106,16,1,2800000,7000000,3,3712068.9655172415
28.0,39,0.39603960396039606,0.0,0.0,1818,424,73,3,3300000,8000000,4,3712068.9655172415
29.0,61,0.2065272819989801,0.25242223355430904,0.0,3922,224,18,1,10000000,20000000,4,3712068.9655172415
31.0,54,0.15993907083015993,0.2284843869002285,0.0,3939,242,38,5,5000000,12000000,4,3712068.9655172415
31.0,52,0.5610972568578554,0.1571072319201995,0.0,4010,328,71,9,6000000,18000000,4,3712068.9655172415
23.0,67,0.5068994649394537,0.20275978597578148,0.0,3551,54,10,3,4000000,6000000,4,3712068.9655172415
31.0,37,0.7677725118483413,0.2985781990521327,0.0,2110,733,106,5,3200000,23000000,4,3712068.9655172415
17.0,65,0.6935270805812418,0.11889035667107001,0.0,4542,0,0,1,175000,175000,4,3712068.9655172415
26.0,29,0.0,0.0,1.1123595505617978,2670,234,42,1,1200000,1200000,1,1506896.551724138
34.0,63,0.0,0.0,0.9315789473684211,5700,46,6,5,350000,8000000,1,1506896.551724138
17.0,1,0.0,0.0,1.0,90,0,0,1,50000,50000,1,1506896.551724138
17.0,41,0.0,0.0,1.4523809523809523,3780,0,0,1,50000,50000,1,1506896.551724138
26.0,78,0.0,0.0,0.0,6787,260,43,3,3400000,8000000,2,1506896.551724138
25.0,68,0.016181229773462782,0.016181229773462782,0.0,5562,134,20,1,3300000,3300000,2,1506896.551724138
29.0,26,0.0,0.0,0.0,2172,662,86,2,2400000,7500000,2,1506896.551724138
23.0,3,0.0,0.0,0.0,101,102,0,1,450000,450000,2,1506896.551724138
17.0,31,0.0,0.036115569823434994,0.0,2492,4,0,1,200000,200000,2,1506896.551724138
31.0,72,0.0,0.10344827586206896,0.0,5220,0,0,0,1900000,7500000,2,1506896.551724138
34.0,53,0.0,0.24116930572472595,0.0,4105,295,51,10,375000,13000000,2,1506896.551724138
31.0,66,0.0,0.08733624454148471,0.0,4122,196,35,2,1100000,5250000,2,1506896.551724138
18.0,33,0.11568123393316196,0.0,0.0,2334,0,0,0,325000,325000,2,1506896.551724138
33.0,29,0.0,0.0,0.0,1369,255,50,1,50000,6000000,2,1506896.551724138
23.0,50,0.09183673469387756,0.02295918367346939,0.0,3920,249,44,2,2300000,2400000,3,1506896.551724138
37.0,79,0.02990529988370161,0.07476324970925403,0.0,6019,329,65,11,500000,20000000,3,1506896.551724138
35.0,66,0.053978408636545384,0.01799280287884846,0.0,5002,266,49,2,300000,4500000,3,1506896.551724138
25.0,89,0.12078510317060896,0.0754906894816306,0.0,5961,139,21,2,4400000,5000000,3,1506896.551724138
19.0,21,0.21809369951534732,0.0,0.0,1238,0,0,0,175000,175000,3,1506896.551724138
30.0,83,0.2660098522167488,0.12413793103448276,0.0,5075,137,25,0,2700000,6000000,3,1506896.551724138
32.0,83,0.3939592908732764,0.0984898227183191,0.0,4569,190,38,4,2000000,3400000,3,1506896.551724138
31.0,87,0.28614176173555267,0.28614176173555267,0.0,5347,0,0,0,2300000,3500000,4,1506896.551724138
28.0,67,0.20966802562609202,0.1310425160163075,0.0,3434,323,47,8,6000000,15000000,4,1506896.551724138
25.0,76,0.4205607476635514,0.2336448598130841,0.0,3852,29,7,0,1500000,1500000,4,1506896.551724138
27.0,80,0.34442595673876875,0.16472545757071547,0.0,6010,10,2,0,2800000,3200000,4,1506896.551724138
24.0,67,0.3956501619620546,0.16658954187875982,0.0,4322,0,0,0,2000000,2000000,4,1506896.551724138
33.0,72,0.32149235959515776,0.125024806509228,0.0,5039,518,90,1,1300000,7000000,4,1506896.551724138
18.0,57,0.5745102355271847,0.059432093330398415,0.0,4543,0,0,2,200000,200000,4,1506896.551724138
22.0,44,0.5197010869565217,0.09171195652173914,0.0,2944,31,5,3,75000,200000,4,1506896.551724138
32.0,25,0.0,0.0,1.3636363636363635,2310,216,21,1,1300000,7000000,1,1249193.5483870967
29.0,50,0.0,0.0,1.1433028749721417,4487,0,0,2,325000,600000,1,1249193.5483870967
23.0,3,0.0,0.0,0.8071748878923767,223,18,3,0,300000,650000,1,1249193.5483870967
22.0,39,0.03484320557491289,0.10452961672473868,0.0,2583,100,17,0,1600000,2000000,2,1249193.5483870967
20.0,37,0.0,0.031163434903047092,0.0,2888,0,0,0,1000000,1500000,2,1249193.5483870967
29.0,41,0.0,0.0,0.0,3009,301,39,5,800000,7500000,2,1249193.5483870967
33.0,46,0.026423957721667644,0.0,0.0,3406,412,50,5,850000,20000000,2,1249193.5483870967
34.0,70,0.0622514265951928,0.04668856994639461,0.0,5783,96,21,3,500000,5750000,2,1249193.5483870967
21.0,33,0.03162333099086437,0.0,0.0,2846,0,0,0,225000,250000,2,1249193.5483870967
36.0,48,0.025020850708924104,0.0,0.0,3597,264,25,0,150000,3500000,2,1249193.5483870967
23.0,51,0.0,0.028635062042634427,0.0,3143,42,10,0,1000000,1000000,2,1249193.5483870967
34.0,72,0.07037847982483578,0.15483265561463871,0.0,6394,312,53,1,550000,3750000,2,1249193.5483870967
20.0,11,0.0,0.0,0.0,823,0,0,0,100000,125000,2,1249193.5483870967
23.0,73,0.015300918055083304,0.10710642638558314,0.0,5882,37,7,0,4000000,4000000,2,1249193.5483870967
24.0,37,0.0,0.0,0.0,1948,72,11,1,800000,1000000,2,1249193.5483870967
31.0,49,0.17311853811012262,0.12983890358259198,0.0,4159,163,21,5,2100000,15000000,3,1249193.5483870967
25.0,37,0.0,0.0,0.0,2146,347,62,2,1200000,1400000,3,1249193.5483870967
27.0,47,0.06517016654598118,0.0,0.0,2762,14,2,7,1300000,1500000,3,1249193.5483870967
33.0,67,0.19751280175566935,0.1755669348939283,0.0,4101,251,34,1,800000,1500000,3,1249193.5483870967
19.0,46,0.3337828725556305,0.030343897505057317,0.0,2966,0,0,0,175000,175000,3,1249193.5483870967
18.0,20,0.2569593147751606,0.0,0.0,1401,69,8,0,100000,200000,3,1249193.5483870967
28.0,41,0.06593406593406594,0.16483516483516483,0.0,2730,0,0,2,1600000,25000000,3,1249193.5483870967
22.0,43,0.23215821152192606,0.23215821152192606,0.0,2326,0,0,0,325000,400000,3,1249193.5483870967
24.0,60,0.15185601799775028,0.22778402699662542,0.0,3556,302,49,0,3500000,4000000,4,1249193.5483870967
30.0,33,0.11563169164882227,0.15417558886509636,0.0,2335,211,27,4,1800000,7000000,4,1249193.5483870967
27.0,65,0.09663564781675017,0.19327129563350035,0.0,2794,92,18,0,1000000,1100000,4,1249193.5483870967
26.0,55,0.16796267496111975,0.05598755832037325,0.0,3215,108,14,0,2200000,4500000,4,1249193.5483870967
29.0,23,0.0,0.0,0.0,728,326,67,9,200000,3500000,4,1249193.5483870967
32.0,23,0.1,0.0,0.0,900,468,55,1,225000,10000000,4,1249193.5483870967
25.0,64,0.615350683722982,0.07940008822232025,0.0,4534,160,26,0,6000000,6000000,4,1249193.5483870967
20.0,49,0.5287206266318538,0.1762402088772846,0.0,1532,0,0,0,2700000,2700000,4,1249193.5483870967
33.0,62,0.0,0.0,1.4724919093851132,5562,141,24,0,750000,750000,1,1357142.857142857
26.0,23,0.0,0.0,0.782608695652174,2070,165,21,1,125000,1000000,1,1357142.857142857
25.0,8,0.0,0.0,0.6,750,0,0,1,50000,100000,1,1357142.857142857
26.0,27,0.0,0.0,0.0,1839,204,37,0,1200000,4000000,2,1357142.857142857
28.0,50,0.0,0.028346456692913385,0.0,3175,49,9,1,1300000,1300000,2,1357142.857142857
22.0,45,0.05070422535211268,0.02535211267605634,0.0,3550,0,0,0,550000,600000,2,1357142.857142857
29.0,51,0.05061867266591676,0.1265466816647919,0.0,3556,242,38,1,2300000,5000000,2,1357142.857142857
24.0,40,0.0,0.031413612565445025,0.0,2865,144,24,1,350000,500000,2,1357142.857142857
30.0,64,0.0,0.0957786449095424,0.0,5638,150,30,4,3000000,5500000,2,1357142.857142857
22.0,13,0.0,0.2878464818763326,0.0,938,233,22,0,425000,500000,2,1357142.857142857
25.0,12,0.09922822491730982,0.09922822491730982,0.0,907,0,0,0,3000000,3800000,3,1357142.857142857
32.0,67,0.03766478342749529,0.1694915254237288,0.0,4779,551,73,6,1200000,12000000,3,1357142.857142857
38.0,65,0.08224185196466646,0.10965580261955528,0.0,3283,90,15,9,175000,18000000,3,1357142.857142857
32.0,68,0.21251475796930341,0.14167650531286896,0.0,5082,137,18,4,1500000,15000000,3,1357142.857142857
27.0,57,0.1104633323105247,0.3037741638539429,0.0,3259,147,25,0,1200000,1400000,3,1357142.857142857
20.0,22,0.15397775876817793,0.0,0.0,1169,0,0,4,175000,300000,3,1357142.857142857
33.0,54,0.37006578947368424,0.17269736842105263,0.0,3648,193,35,9,2000000,14000000,3,1357142.857142857
30.0,73,0.35766576030119224,0.16942062330056473,0.0,4781,510,69,3,1800000,5500000,3,1357142.857142857
32.0,38,0.3245192307692308,0.10817307692307693,0.0,1664,0,0,0,150000,750000,3,1357142.857142857
25.0,57,0.20361990950226244,0.10180995475113122,0.0,3536,256,37,4,5500000,13000000,4,1357142.857142857
30.0,45,0.08329477093937991,0.08329477093937991,0.0,2161,328,58,2,475000,6250000,4,1357142.857142857
24.0,65,0.34126163391933817,0.2171664943123061,0.0,2901,290,34,3,3800000,3800000,4,1357142.857142857
27.0,59,0.25273010920436817,0.0842433697347894,0.0,3205,68,10,1,2400000,2600000,4,1357142.857142857
21.0,33,0.5450141299959629,0.10900282599919257,0.0,2477,104,19,1,100000,125000,4,1357142.857142857
19.0,14,0.28391167192429023,0.0,0.0,951,0,0,0,75000,75000,4,1357142.857142857
30.0,54,0.2971931755641167,0.2971931755641167,0.0,1817,276,51,10,1600000,4000000,4,1357142.857142857
27.0,45,0.5576208178438662,0.11152416356877323,0.0,3228,32,7,0,2200000,2200000,4,1357142.857142857
25.0,35,0.26548672566371684,0.13274336283185842,0.0,2034,112,16,0,600000,800000,4,1357142.857142857
28.0,52,0.0,0.0,1.7570498915401302,4610,199,16,1,1500000,4500000,1,1276666.6666666667
23.0,11,0.0,0.0,1.6963350785340314,955,12,3,0,75000,100000,1,1276666.6666666667
25.0,3,0.0,0.0,1.6666666666666667,270,0,0,0,25000,50000,1,1276666.6666666667
26.0,3,0.0,0.0,1.062992125984252,254,0,0,0,50000,75000,1,1276666.6666666667
25.0,65,0.0,0.017971246006389777,0.0,5008,29,6,0,3200000,3800000,2,1276666.6666666667
23.0,55,0.0,0.0,0.0,4427,0,0,0,2800000,2800000,2,1276666.6666666667
33.0,41,0.0,0.032005689900426744,0.0,2812,404,53,4,1300000,6000000,2,1276666.6666666667
27.0,41,0.0,0.0,0.0,2719,131,23,1,900000,1600000,2,1276666.6666666667
19.0,39,0.03112033195020747,0.0,0.0,2892,0,0,0,50000,50000,2,1276666.6666666667
28.0,64,0.08678881388621022,0.08678881388621022,0.0,4148,30,5,1,2200000,2600000,2,1276666.6666666667
22.0,42,0.08988015978695073,0.05992010652463382,0.0,3004,44,9,0,1600000,1600000,2,1276666.6666666667
20.0,11,0.0,0.0,0.0,469,136,27,0,250000,400000,2,1276666.6666666667
25.0,63,0.0,0.15532544378698224,0.0,4056,59,11,1,2000000,2300000,2,1276666.6666666667
20.0,17,0.0,0.12016021361815754,0.0,749,4,1,0,200000,250000,2,1276666.6666666667
20.0,34,0.0,0.0,0.0,2561,0,0,0,100000,150000,2,1276666.6666666667
25.0,49,0.09287925696594428,0.0,0.0,2907,21,2,2,1700000,4500000,3,1276666.6666666667
33.0,61,0.025648332858364205,0.05129666571672841,0.0,3509,614,89,3,400000,8500000,3,1276666.6666666667
23.0,66,0.07735281478298238,0.019338203695745595,0.0,4654,20,4,1,2600000,2800000,3,1276666.6666666667
27.0,63,0.19898926089703095,0.11370814908401769,0.0,3166,147,23,1,2400000,2400000,3,1276666.6666666667
26.0,70,0.07648183556405354,0.1338432122370937,0.0,4707,0,0,0,1900000,3000000,3,1276666.6666666667
20.0,16,0.0,0.0,0.0,881,194,30,0,100000,175000,3,1276666.6666666667
29.0,46,0.2418054809242343,0.2418054809242343,0.0,1861,275,49,6,2200000,12000000,4,1276666.6666666667
22.0,57,0.40687160940325495,0.081374321880651,0.0,2212,9,1,0,2200000,2200000,4,1276666.6666666667
32.0,44,0.43373493975903615,0.08674698795180723,0.0,2075,373,64,4,700000,6000000,4,1276666.6666666667
30.0,39,0.04345726702076291,0.13037180106228874,0.0,2071,289,37,3,2300000,8000000,4,1276666.6666666667
33.0,70,0.17408123791102514,0.33233690873922983,0.0,5687,153,29,0,1000000,2000000,4,1276666.6666666667
35.0,71,0.1226158038147139,0.3188010899182561,0.0,3670,62,13,2,200000,3000000,4,1276666.6666666667
30.0,66,0.4903995848469123,0.1167618059159315,0.0,3854,275,51,5,2600000,5000000,4,1276666.6666666667
27.0,59,0.42475091767173573,0.07079181961195595,0.0,3814,0,0,3,1200000,5000000,4,1276666.6666666667
21.0,33,0.9032846715328468,0.16423357664233576,0.0,1096,59,10,1,550000,550000,4,1276666.6666666667
31.0,68,0.0,0.0,1.3654159869494291,6130,192,20,1,2000000,2800000,1,1059090.9090909092
22.0,17,0.0,0.0,1.92,1500,10,2,0,450000,450000,1,1059090.9090909092
33.0,47,0.0,0.0,1.5353195579048535,4162,237,38,1,100000,2800000,1,1059090.9090909092
20.0,27,0.0,0.0,1.2140287769784173,2224,10,0,0,50000,50000,1,1059090.9090909092
22.0,29,0.0,0.0,0.8048211508553654,2572,0,0,0,50000,50000,1,1059090.9090909092
29.0,58,0.0,0.03741425898981501,0.0,4811,14,1,5,700000,1600000,2,1059090.9090909092
34.0,65,0.1271860095389507,0.01589825119236884,0.0,5661,34,5,0,850000,6500000,2,1059090.9090909092
24.0,53,0.1694516356789833,0.042362908919745826,0.0,4249,249,32,4,700000,750000,2,1059090.9090909092
17.0,26,0.04997223764575236,0.04997223764575236,0.0,1801,2,1,0,2100000,2100000,2,1059090.9090909092
29.0,43,0.08737864077669903,0.02912621359223301,0.0,3090,454,61,0,600000,2000000,2,1059090.9090909092
30.0,37,0.0,0.0,0.0,3080,513,67,0,225000,1500000,2,1059090.9090909092
37.0,53,0.04157043879907621,0.04157043879907621,0.0,4330,286,36,7,200000,4500000,2,1059090.9090909092
28.0,57,0.19185220274751302,0.25580293699668405,0.0,4222,77,12,0,1500000,1500000,2,1059090.9090909092
23.0,66,0.0,0.01938819474364498,0.0,4642,0,0,0,3000000,3500000,2,1059090.9090909092
28.0,61,0.0687416459805232,0.0687416459805232,0.0,5237,108,23,0,3100000,7000000,2,1059090.9090909092
27.0,19,0.0,0.0,0.0,1012,0,0,0,75000,275000,2,1059090.9090909092
27.0,43,0.08053691275167785,0.1610738255033557,0.0,2235,51,7,0,1500000,5000000,3,1059090.9090909092
30.0,54,0.17695635076681085,0.03539127015336217,0.0,2543,353,39,0,850000,3500000,3,1059090.9090909092
29.0,59,0.0,0.040160642570281124,0.0,4482,183,25,0,650000,1000000,3,1059090.9090909092
27.0,37,0.26548672566371684,0.06637168141592921,0.0,2712,10,3,1,300000,1000000,3,1059090.9090909092
29.0,74,0.0664819944598338,0.18282548476454294,0.0,5415,35,6,4,2500000,3300000,3,1059090.9090909092
31.0,66,0.1603960396039604,0.2851485148514851,0.0,5050,160,27,0,1500000,7000000,3,1059090.9090909092
31.0,21,0.0,0.0,0.0,472,120,12,2,150000,13000000,3,1059090.9090909092
24.0,73,0.1491300745650373,0.24233637116818557,0.0,4828,81,11,0,3200000,9000000,4,1059090.9090909092
26.0,63,0.26548672566371684,0.17699115044247787,0.0,2034,112,15,2,800000,1100000,4,1059090.9090909092
20.0,40,0.3259393390674513,0.0,0.0,2209,14,3,0,425000,450000,4,1059090.9090909092
27.0,62,0.22295623451692817,0.17341040462427745,0.0,3633,101,12,0,1800000,4000000,4,1059090.9090909092
31.0,67,0.23462958939821854,0.13686726048229417,0.0,4603,18,2,0,1700000,2000000,4,1059090.9090909092
26.0,54,0.11094674556213018,0.04437869822485207,0.0,4056,140,22,0,1400000,1500000,4,1059090.9090909092
33.0,36,0.0,0.20066889632107024,0.0,897,367,67,0,100000,4250000,4,1059090.9090909092
31.0,57,0.22475918658580094,0.12843382090617195,0.0,2803,354,55,1,2000000,8000000,4,1059090.9090909092
20.0,27,0.72,0.0,0.0,1625,0,0,0,250000,250000,4,1059090.9090909092
32.0,36,0.3231597845601436,0.0807899461400359,0.0,1114,252,45,2,125000,1200000,4,1059090.9090909092
34.0,70,0.0,0.0,1.1430385775519925,6299,104,20,10,1200000,1500000,1,1181896.551724138
28.0,28,0.0,0.0,1.5348837209302326,2580,86,11,0,300000,750000,1,1181896.551724138
18.0,21,0.0,0.0,1.1057692307692308,1872,0,0,0,50000,50000,1,1181896.551724138
18.0,39,0.0,0.0,1.0392609699769053,3464,0,0,0,50000,50000,1,1181896.551724138
25.0,65,0.0,0.0,0.0,4654,74,15,0,2300000,2700000,2,1181896.551724138
30.0,37,0.10746268656716418,0.0,0.0,3350,29,7,3,1700000,1700000,2,1181896.551724138
24.0,44,0.029634507737899243,0.029634507737899243,0.0,3037,64,9,0,900000,900000,2,1181896.551724138
24.0,50,0.07084754657570191,0.04723169771713461,0.0,3811,11,3,0,400000,500000,2,1181896.551724138
29.0,34,0.04191895668374476,0.0,0.0,2147,19,2,0,175000,500000,2,1181896.551724138
33.0,78,0.090595340811044,0.181190681622088,0.0,6954,26,7,5,1200000,2200000,2,1181896.551724138
27.0,21,0.07512520868113523,0.07512520868113523,0.0,1198,77,18,0,125000,600000,2,1181896.551724138
30.0,71,0.015889830508474576,0.04766949152542373,0.0,5664,130,25,1,1200000,1600000,2,1181896.551724138
28.0,52,0.0,0.16468435498627632,0.0,3279,142,20,0,550000,1000000,2,1181896.551724138
19.0,44,0.0,0.0636717368234878,0.0,2827,0,0,0,1000000,1500000,3,1181896.551724138
25.0,44,0.18493150684931506,0.06164383561643835,0.0,1460,269,48,0,700000,1000000,3,1181896.551724138
25.0,58,0.08637236084452975,0.11516314779270634,0.0,3126,280,28,0,900000,900000,3,1181896.551724138
30.0,68,0.06539113586824898,0.04359409057883265,0.0,4129,171,31,8,3000000,5000000,3,1181896.551724138
29.0,75,0.13095671153146599,0.08184794470716625,0.0,5498,11,3,0,2600000,2800000,3,1181896.551724138
29.0,51,0.14075695964967155,0.1970597435095402,0.0,3197,2,1,8,850000,2250000,3,1181896.551724138
26.0,62,0.18171329679838477,0.12979521199884628,0.0,3467,196,19,7,3200000,5000000,3,1181896.551724138
31.0,12,0.3312883435582822,0.3312883435582822,0.0,815,340,39,3,2800000,12000000,3,1181896.551724138
26.0,50,0.058365758754863814,0.058365758754863814,0.0,3084,30,6,1,950000,1000000,4,1181896.551724138
19.0,43,0.13367991088005943,0.03341997772001486,0.0,2693,0,0,0,325000,325000,4,1181896.551724138
27.0,71,0.3200218818380744,0.34463894967177244,0.0,3656,229,40,5,2700000,3500000,4,1181896.551724138
25.0,69,0.09920088178561587,0.1488013226784238,0.0,3629,87,15,5,1700000,1700000,4,1181896.551724138
31.0,59,0.27171388759869947,0.04180213655364608,0.0,4306,304,43,2,1000000,5000000,4,1181896.551724138
25.0,68,0.43135043698900477,0.025373555117000283,0.0,3547,191,30,9,1200000,2000000,4,1181896.551724138
28.0,52,0.3427265803503427,0.06854531607006854,0.0,1313,270,40,0,600000,800000,4,1181896.551724138
35.0,66,0.4085843995047462,0.09286009079653322,0.0,4846,347,39,1,600000,11000000,4,1181896.551724138
28.0,52,0.0,0.0,1.6867729426971134,4642,169,28,1,1600000,3200000,1,980645.1612903225
27.0,26,0.0,0.0,1.1677078327727055,2081,11,2,1,200000,300000,1,980645.1612903225
23.0,3,0.0,0.0,2.0,270,0,0,0,100000,100000,1,980645.1612903225
19.0,25,0.0,0.0,1.7269076305220883,2241,0,0,0,75000,75000,1,980645.1612903225
29.0,43,0.024115755627009645,0.024115755627009645,0.0,3732,114,22,0,1300000,1300000,2,980645.1612903225
25.0,61,0.0,0.0,0.0,5410,38,8,6,1400000,1400000,2,980645.1612903225
24.0,51,0.0,0.0,0.0,3402,76,14,0,1300000,1500000,2,980645.1612903225
24.0,43,0.03165670066830813,0.03165670066830813,0.0,2843,100,15,0,700000,1300000,2,980645.1612903225
16.0,5,0.0,0.0,0.0,250,0,0,0,150000,150000,2,980645.1612903225
29.0,70,0.0,0.08175872093023256,0.0,5504,52,8,1,800000,900000,2,980645.1612903225
33.0,43,0.0,0.11049723756906077,0.0,3258,264,47,4,200000,6000000,2,980645.1612903225
28.0,9,0.0,0.0,0.0,204,37,6,1,25000,100000,2,980645.1612903225
26.0,29,0.045,0.0,0.0,2000,60,10,1,1800000,5000000,2,980645.1612903225
29.0,68,0.03309431880860452,0.11583011583011583,0.0,5439,137,30,3,900000,1500000,2,980645.1612903225
31.0,37,0.0,0.14569000404694454,0.0,2471,526,78,1,700000,16000000,2,980645.1612903225
23.0,45,0.05849853753656158,0.05849853753656158,0.0,3077,119,15,0,300000,375000,2,980645.1612903225
22.0,71,0.033345683586513526,0.016672841793256763,0.0,5398,12,0,9,1200000,1500000,3,980645.1612903225
22.0,67,0.10744985673352435,0.04297994269340974,0.0,4188,31,3,0,1700000,1700000,3,980645.1612903225
28.0,75,0.03337041156840934,0.08342602892102335,0.0,5394,132,18,1,2300000,6000000,3,980645.1612903225
30.0,67,0.0,0.2929051855066175,0.0,4609,43,7,2,1000000,1500000,3,980645.1612903225
28.0,64,0.18122325698464636,0.15857034986156557,0.0,3973,11,3,3,1500000,2000000,3,980645.1612903225
26.0,65,0.30174340634778724,0.20116227089852481,0.0,4474,0,0,2,2000000,2000000,4,980645.1612903225
23.0,44,0.24346257889990983,0.1623083859332732,0.0,2218,5,2,0,900000,900000,4,980645.1612903225
28.0,44,0.12949640287769784,0.17266187050359713,0.0,2085,14,2,1,225000,600000,4,980645.1612903225
28.0,71,0.15977681968044635,0.15977681968044635,0.0,3943,114,18,2,2800000,6500000,4,980645.1612903225
26.0,63,0.15817223198594024,0.1977152899824253,0.0,2276,17,4,1,1500000,2000000,4,980645.1612903225
31.0,26,0.1565217391304348,0.0,0.0,575,239,45,4,150000,15000000,4,980645.1612903225
24.0,5,0.0,0.0,0.0,103,0,0,1,25000,50000,4,980645.1612903225
28.0,55,0.4221179955566527,0.08886694643297952,0.0,4051,65,8,1,3000000,3000000,4,980645.1612903225
28.0,41,0.19148936170212766,0.0,0.0,1410,222,25,0,500000,800000,4,980645.1612903225
21.0,4,0.0,0.0,0.0,44,330,55,1,50000,50000,4,980645.1612903225
32.0,76,0.0,0.0,1.4442013129102844,6855,255,39,2,325000,800000,1,751612.9032258064
32.0,24,0.0,0.0,1.4474929044465468,2114,174,31,1,100000,1500000,1,751612.9032258064
20.0,45,0.0,0.0,1.1111111111111112,4050,0,0,0,75000,75000,1,751612.9032258064
26.0,3,0.0,0.0,1.0,270,13,2,1,50000,175000,1,751612.9032258064
29.0,84,0.06510416666666667,0.0390625,0.0,6912,33,9,1,2700000,3000000,2,751612.9032258064
31.0,35,0.03350707371556218,0.03350707371556218,0.0,2686,436,74,1,750000,1800000,2,751612.9032258064
30.0,36,0.0,0.0,0.0,2198,196,36,1,300000,1600000,2,751612.9032258064
35.0,77,0.05518087063151441,0.0,0.0,6524,281,49,3,300000,1500000,2,751612.9032258064
19.0,46,0.0,0.0,0.0,3324,0,0,0,50000,50000,2,751612.9032258064
31.0,81,0.0,0.20417422867513613,0.0,6612,107,25,1,2100000,2750000,2,751612.9032258064
35.0,45,0.0,0.0,0.0,2267,257,51,2,100000,4000000,2,751612.9032258064
28.0,52,0.0,0.0224271118863693,0.0,4013,118,24,0,800000,1300000,2,751612.9032258064
27.0,39,0.0,0.03975265017667844,0.0,2264,102,17,0,350000,400000,2,751612.9032258064
29.0,56,0.0,0.061601642710472276,0.0,2922,297,44,1,800000,2000000,3,751612.9032258064
22.0,41,0.0,0.0,0.0,2512,38,9,1,550000,900000,3,751612.9032258064
31.0,56,0.05122367672168469,0.05122367672168469,0.0,3514,71,17,2,400000,3000000,3,751612.9032258064
30.0,61,0.08737864077669903,0.10922330097087378,0.0,4120,138,28,5,1200000,2000000,3,751612.9032258064
28.0,61,0.020756457564575646,0.020756457564575646,0.0,4336,432,46,1,1000000,1200000,3,751612.9032258064
34.0,83,0.06887315859957911,0.017218289649894778,0.0,5227,245,40,3,375000,2500000,3,751612.9032258064
22.0,15,0.30638297872340425,0.0,0.0,1175,195,4,2,100000,900000,3,751612.9032258064
35.0,83,0.2197466809095071,0.28841751869372806,0.0,6553,502,70,4,1600000,9000000,4,751612.9032258064
32.0,68,0.22733013387218995,0.2727961606466279,0.0,3959,10,1,0,900000,3500000,4,751612.9032258064
30.0,61,0.13683010262257697,0.03420752565564424,0.0,2631,70,14,11,1500000,18000000,4,751612.9032258064
29.0,81,0.09283135636926251,0.07735946364105209,0.0,5817,196,41,5,1800000,2000000,4,751612.9032258064
29.0,63,0.13318534961154274,0.13318534961154274,0.0,2703,258,49,1,1200000,15000000,4,751612.9032258064
22.0,35,0.22590361445783133,0.0,0.0,1992,65,15,0,75000,75000,4,751612.9032258064
17.0,4,0.0,0.0,0.0,108,0,0,0,250000,250000,4,751612.9032258064
25.0,79,0.46117461568782026,0.017737485218762318,0.0,5074,0,0,3,2000000,2000000,4,751612.9032258064
27.0,58,0.5759514988211519,0.060626473560121255,0.0,2969,137,9,0,1200000,2000000,4,751612.9032258064
30.0,40,0.5312868949232585,0.0,0.0,1694,708,90,2,200000,1200000,4,751612.9032258064
37.0,82,0.4253643166601024,0.08861756597085467,0.0,5078,385,67,4,150000,3000000,4,751612.9032258064
24.0,38,0.0,0.0,1.620679639848969,3443,13,4,1,1700000,1700000,1,888392.8571428572
18.0,17,0.0,0.0,1.8235294117647058,1530,0,0,0,75000,75000,1,888392.8571428572
35.0,14,0.0,0.0,1.1940298507462686,1206,276,53,3,50000,5000000,1,888392.8571428572
19.0,9,0.0,0.0,1.1764705882352942,765,84,14,0,50000,50000,1,888392.8571428572
26.0,63,0.08490566037735849,0.033962264150943396,0.0,5300,225,35,3,3000000,3500000,2,888392.8571428572
31.0,56,0.01858736059479554,0.0,0.0,4842,73,15,1,700000,1250000,2,888392.8571428572
19.0,34,0.06528835690968444,0.0,0.0,2757,66,12,0,800000,800000,2,888392.8571428572
32.0,62,0.0,0.08511443162473993,0.0,5287,189,36,4,1100000,3500000,2,888392.8571428572
18.0,32,0.0338855421686747,0.0,0.0,2656,0,0,0,100000,100000,2,888392.8571428572
19.0,53,0.0,0.0,0.0,2374,0,0,0,50000,50000,2,888392.8571428572
29.0,46,0.0576,0.0288,0.0,3125,130,18,0,600000,2250000,3,888392.8571428572
23.0,45,0.0,0.0,0.0,2765,6,1,0,450000,900000,3,888392.8571428572
24.0,43,0.09926470588235294,0.0,0.0,2720,12,3,0,500000,750000,3,888392.8571428572
26.0,60,0.09006755066299725,0.09006755066299725,0.0,3997,78,12,0,2000000,2000000,3,888392.8571428572
29.0,25,0.06756756756756757,0.0,0.0,1332,303,57,1,550000,700000,3,888392.8571428572
28.0,37,0.22122081114297418,0.1843506759524785,0.0,2441,413,64,2,2400000,5000000,3,888392.8571428572
17.0,24,0.0,0.0,0.0,1606,0,0,0,150000,150000,3,888392.8571428572
30.0,57,0.38435603506405935,0.14160485502360082,0.0,4449,217,41,4,2400000,3000000,4,888392.8571428572
29.0,67,0.17235876157037983,0.17235876157037983,0.0,3133,477,53,6,1800000,8000000,4,888392.8571428572
28.0,64,0.15512783682849757,0.15512783682849757,0.0,3481,161,23,0,750000,800000,4,888392.8571428572
20.0,11,0.0,0.0,0.0,523,658,78,0,75000,750000,4,888392.8571428572
28.0,69,0.2939118264520644,0.16794961511546536,0.0,4287,76,13,0,2700000,2700000,4,888392.8571428572
31.0,66,0.233341975628727,0.2800103707544724,0.0,3857,115,18,1,1100000,4600000,4,888392.8571428572
27.0,63,0.12609457092819615,0.18914185639229422,0.0,2855,6,2,0,850000,1200000,4,888392.8571428572
19.0,52,0.5503057254030017,0.0,0.0,3598,0,0,0,50000,50000,4,888392.8571428572
33.0,60,0.43135043698900477,0.05074711023400057,0.0,3547,440,71,13,750000,3000000,4,888392.8571428572
36.0,57,0.2725620835857056,0.2180496668685645,0.0,1651,290,46,1,75000,4250000,4,888392.8571428572
19.0,42,0.8621960206337509,0.0,0.0,2714,0,0,0,50000,50000,4,888392.8571428572
28.0,31,0.0,0.0,1.7713853141559424,2642,0,0,0,450000,800000,1,590000.0
34.0,23,0.0,0.0,1.592920353982301,1921,21,3,0,50000,800000,1,590000.0
20.0,4,0.0,0.0,3.5,360,0,0,0,50000,50000,1,590000.0
25.0,4,0.0,0.0,2.4489795918367347,294,0,0,0,25000,25000,1,590000.0
29.0,61,0.034266133637921185,0.017133066818960593,0.0,5253,289,34,0,1300000,2000000,2,590000.0
30.0,33,0.0,0.032039871840512636,0.0,2809,155,16,6,600000,1100000,2,590000.0
20.0,41,0.10250569476082004,0.0,0.0,2634,29,3,0,350000,350000,2,590000.0
29.0,51,0.08784773060029283,0.021961932650073207,0.0,4098,94,15,1,100000,300000,2,590000.0
18.0,9,0.0,0.0,0.0,708,212,6,0,50000,50000,2,590000.0
32.0,50,0.05808325266214908,0.05808325266214908,0.0,3099,365,58,1,350000,1300000,2,590000.0
23.0,33,0.04926108374384237,0.04926108374384237,0.0,1827,95,12,2,200000,275000,2,590000.0
19.0,44,0.11545862732520847,0.0,0.0,3118,0,0,0,50000,50000,2,590000.0
28.0,57,0.020713463751438434,0.12428078250863062,0.0,4345,41,6,0,1000000,1300000,2,590000.0
22.0,12,0.0,0.0,0.0,471,0,0,0,125000,150000,2,590000.0
27.0,27,0.042512990080302314,0.0,0.0,2117,62,15,6,1500000,3500000,3,590000.0
22.0,32,0.0,0.0,0.0,2379,23,5,0,900000,900000,3,590000.0
29.0,46,0.13579781214635986,0.0,0.0,2651,183,26,5,650000,750000,3,590000.0
24.0,37,0.07531380753138076,0.07531380753138076,0.0,1195,0,0,1,350000,375000,3,590000.0
25.0,54,0.08147254073627037,0.08147254073627037,0.0,3314,73,10,3,600000,700000,3,590000.0
25.0,57,0.3250270855904659,0.09750812567713976,0.0,2769,0,0,0,425000,750000,3,590000.0
22.0,69,0.2620380739081747,0.10078387458006718,0.0,4465,0,0,0,2200000,2500000,4,590000.0
28.0,68,0.11866641552081371,0.15257110566961762,0.0,5309,61,12,0,1300000,1500000,4,590000.0
30.0,76,0.12185215272136475,0.26807473598700243,0.0,3693,33,5,2,550000,4500000,4,590000.0
29.0,65,0.36576619650968206,0.17212526894573274,0.0,4183,47,9,3,1500000,5000000,4,590000.0
20.0,10,0.0,0.4891304347826087,0.0,184,0,0,0,75000,75000,4,590000.0
31.0,59,0.0,0.0,1.4576271186440677,5310,53,8,2,400000,2500000,1,474264.70588235295
27.0,35,0.0,0.0,0.8386889460154242,3112,0,0,0,75000,200000,1,474264.70588235295
25.0,7,0.0,0.0,1.4285714285714286,630,0,0,1,50000,50000,1,474264.70588235295
18.0,28,0.0,0.0,1.2934131736526946,2505,0,0,0,25000,50000,1,474264.70588235295
26.0,51,0.045489006823351025,0.0,0.0,3957,104,23,0,750000,3000000,2,474264.70588235295
25.0,61,0.07712082262210797,0.05784061696658098,0.0,4668,0,0,0,1000000,1000000,2,474264.70588235295
31.0,29,0.0,0.042796005706134094,0.0,2103,171,40,8,600000,7000000,2,474264.70588235295
24.0,49,0.025810151993117293,0.07743045597935187,0.0,3487,0,0,0,800000,800000,2,474264.70588235295
20.0,35,0.0,0.0,0.0,2643,0,0,0,500000,850000,2,474264.70588235295
31.0,37,0.036555645816409424,0.0,0.0,2462,40,5,1,100000,500000,2,474264.70588235295
25.0,46,0.0,0.0,0.0,3146,118,18,0,700000,700000,2,474264.70588235295
28.0,60,0.019629225736095966,0.03925845147219193,0.0,4585,8,0,0,425000,575000,2,474264.70588235295
20.0,1,0.0,3.4615384615384617,0.0,26,2,1,0,50000,100000,2,474264.70588235295
24.0,36,0.029173419773095625,0.0,0.0,3085,84,2,0,325000,325000,2,474264.70588235295
31.0,55,0.0,0.020910780669144983,0.0,4304,335,24,0,50000,900000,2,474264.70588235295
30.0,56,0.04632012352032939,0.0,0.0,3886,89,14,0,850000,1500000,3,474264.70588235295
26.0,47,0.08704061895551257,0.17408123791102514,0.0,2068,0,0,1,500000,600000,3,474264.70588235295
23.0,38,0.0636717368234878,0.0,0.0,2827,62,9,0,475000,475000,3,474264.70588235295
25.0,71,0.14709315900070044,0.12607985057202895,0.0,4283,19,5,0,500000,500000,3,474264.70588235295
25.0,29,0.056890012642225034,0.3413400758533502,0.0,1582,664,51,0,300000,675000,3,474264.70588235295
29.0,48,0.2722689075630252,0.24201680672268908,0.0,2975,132,16,1,400000,825000,3,474264.70588235295
20.0,22,0.17769002961500494,0.08884501480750247,0.0,1013,0,0,2,400000,450000,3,474264.70588235295
20.0,19,0.17857142857142858,0.17857142857142858,0.0,504,172,28,0,75000,75000,3,474264.70588235295
25.0,72,0.32540437678401524,0.2226450999048525,0.0,5255,24,3,1,2000000,2000000,4,474264.70588235295
22.0,58,0.26595744680851063,0.4521276595744681,0.0,3384,0,0,2,550000,600000,4,474264.70588235295
22.0,26,0.0,0.0,0.0,596,31,6,1,200000,225000,4,474264.70588235295
20.0,22,0.787746170678337,0.0,0.0,1828,0,0,0,75000,100000,4,474264.70588235295
24.0,25,0.19856591285162714,0.0,0.0,1813,0,0,0,50000,50000,4,474264.70588235295
25.0,61,0.3246753246753247,0.19480519480519481,0.0,4158,13,3,0,900000,950000,4,474264.70588235295
24.0,53,0.20648121594493835,0.23229136793805563,0.0,3487,4,1,0,700000,700000,4,474264.70588235295
26.0,63,0.43128234617596317,0.13801035077630822,0.0,5217,178,25,1,1100000,1100000,4,474264.70588235295
22.0,63,0.20242914979757085,0.32388663967611336,0.0,2223,0,0,1,800000,800000,4,474264.70588235295
21.0,38,0.6364172068355922,0.0,0.0,1697,0,0,0,250000,400000,4,474264.70588235295
29.0,44,0.37556904400606983,0.06828528072837632,0.0,2636,0,0,1,150000,700000,4,474264.70588235295
29.0,25,0.0,0.0,1.699677567941041,2171,64,13,3,400000,550000,1,450000.0
24.0,2,0.0,0.0,0.0,119,69,12,0,50000,50000,1,450000.0
26.0,38,0.030874785591766724,0.030874785591766724,0.0,2915,29,5,0,450000,900000,2,450000.0
33.0,38,0.08346213292117466,0.0,0.0,3235,124,14,1,250000,2500000,2,450000.0
27.0,20,0.0,0.0,0.0,1575,95,14,0,400000,450000,2,450000.0
31.0,25,0.0,0.0,0.0,1785,95,19,1,100000,4000000,2,450000.0
31.0,48,0.0,0.06678209250556517,0.0,4043,280,44,2,400000,2400000,2,450000.0
31.0,58,0.02368421052631579,0.07105263157894737,0.0,3800,8,2,1,600000,1500000,3,450000.0
35.0,51,0.023237800154918668,0.11618900077459333,0.0,3873,68,11,1,200000,2500000,3,450000.0
27.0,36,0.11421319796954314,0.1713197969543147,0.0,1576,215,29,1,750000,2500000,3,450000.0
28.0,47,0.17013232514177692,0.2551984877126654,0.0,2116,0,0,1,1200000,2500000,4,450000.0
32.0,26,0.23295944779982744,0.0,0.0,1159,516,79,6,600000,10000000,4,450000.0
29.0,3,0.0,0.0,1.2,225,389,42,3,50000,300000,1,220833.33333333334
29.0,59,0.08104457451598379,0.020261143628995948,0.0,4442,77,18,4,850000,2100000,3,220833.33333333334
19.0,47,0.06468615237182558,0.0,0.0,4174,0,0,0,50000,50000,3,220833.33333333334
19.0,20,0.21251475796930341,0.10625737898465171,0.0,847,273,34,0,250000,400000,3,220833.33333333334
20.0,13,0.09836065573770492,0.0,0.0,915,0,0,0,50000,100000,3,220833.33333333334
22.0,10,0.5793991416309013,0.0,0.0,466,88,14,0,75000,100000,4,220833.33333333334
24.0,54,0.0,0.0,1.6329509906152242,4795,4,1,4,800000,800000,1,1134166.6666666667
37.0,58,0.0,0.0,1.5254237288135593,5251,540,49,0,100000,12000000,1,1134166.6666666667
23.0,4,0.0,0.0,0.0,274,0,0,0,50000,75000,1,1134166.6666666667
21.0,30,0.04983388704318937,0.0,0.0,1806,0,0,1,1600000,2000000,2,1134166.6666666667
26.0,67,0.016166696604993713,0.0,0.0,5567,0,0,0,1500000,1500000,2,1134166.6666666667
28.0,64,0.017706079087153256,0.017706079087153256,0.0,5083,303,55,0,1300000,4500000,2,1134166.6666666667
24.0,33,0.03323485967503693,0.0,0.0,2708,0,0,0,2700000,2700000,2,1134166.6666666667
22.0,54,0.059622391520370986,0.059622391520370986,0.0,3019,48,7,0,2500000,2500000,2,1134166.6666666667
19.0,35,0.26049204052098407,0.16280752532561504,0.0,2764,209,27,1,150000,175000,2,1134166.6666666667
31.0,40,0.16136261766024204,0.08068130883012102,0.0,2231,746,88,2,200000,3500000,2,1134166.6666666667
19.0,33,0.09022556390977443,0.045112781954887216,0.0,1995,159,22,0,75000,75000,2,1134166.6666666667
29.0,50,0.049723756906077346,0.19889502762430938,0.0,3620,114,20,2,2200000,3500000,3,1134166.6666666667
26.0,64,0.07003891050583658,0.07003891050583658,0.0,5140,14,3,0,2500000,4000000,3,1134166.6666666667
30.0,50,0.16744186046511628,0.16744186046511628,0.0,3225,204,25,7,2200000,7000000,3,1134166.6666666667
32.0,52,0.25,0.16666666666666666,0.0,3240,356,50,2,1300000,15000000,3,1134166.6666666667
22.0,49,0.0,0.06338028169014084,0.0,2840,39,5,0,500000,500000,3,1134166.6666666667
21.0,40,0.0,0.0,0.0,1657,109,12,0,350000,500000,3,1134166.6666666667
20.0,16,0.0,0.14195583596214512,0.0,634,336,41,0,300000,850000,3,1134166.6666666667
21.0,14,0.0,0.0,0.0,755,0,0,0,50000,50000,3,1134166.6666666667
31.0,9,0.0,0.0,0.0,95,180,34,5,500000,15000000,3,1134166.6666666667
20.0,17,0.32967032967032966,0.0,0.0,273,77,5,0,375000,500000,3,1134166.6666666667
28.0,71,0.186838281087814,0.280257421631721,0.0,4817,47,11,4,2800000,4500000,4,1134166.6666666667
32.0,55,0.6016340678385739,0.2673929190393662,0.0,4039,376,51,4,2800000,12000000,4,1134166.6666666667
29.0,31,0.2782071097372488,0.0,0.0,1294,311,47,3,300000,5000000,4,1134166.6666666667
28.0,19,0.15332197614991483,0.0,0.0,1174,420,15,1,100000,1000000,4,1134166.6666666667
23.0,43,0.08466603951081844,0.4233301975540922,0.0,2126,160,27,3,3000000,4000000,4,1134166.6666666667
23.0,24,0.16333938294010888,0.32667876588021777,0.0,551,93,18,0,900000,2000000,4,1134166.6666666667
33.0,39,0.2452316076294278,0.2452316076294278,0.0,1835,161,35,7,500000,18000000,4,1134166.6666666667
31.0,58,0.666314119513485,0.19037546271813854,0.0,3782,177,30,6,2200000,9000000,4,1134166.6666666667
36.0,44,0.2553191489361702,0.19148936170212766,0.0,1410,195,32,9,175000,5000000,4,1134166.6666666667
23.0,26,0.0,0.0,1.4914958569559529,2293,83,13,0,1200000,3500000,1,429347.82608695654
28.0,28,0.0,0.0,1.539424280350438,2397,0,0,0,600000,600000,1,429347.82608695654
38.0,30,0.0,0.0,1.4726027397260273,2628,258,39,5,25000,1800000,1,429347.82608695654
26.0,3,0.0,0.0,2.0,270,0,0,0,50000,50000,1,429347.82608695654
21.0,29,0.0,0.0,0.0,2098,0,0,0,250000,250000,2,429347.82608695654
32.0,61,0.03355704697986577,0.03355704697986577,0.0,5364,225,22,0,200000,1000000,2,429347.82608695654
36.0,40,0.0,0.0,0.0,3012,544,66,13,100000,4800000,2,429347.82608695654
33.0,51,0.0,0.2806361085126286,0.0,3207,194,24,0,175000,1500000,2,429347.82608695654
28.0,49,0.04577822990844354,0.04577822990844354,0.0,3932,162,25,0,225000,550000,2,429347.82608695654
32.0,45,0.0,0.048833423765599564,0.0,3686,78,11,3,225000,2000000,2,429347.82608695654
24.0,27,0.0,0.0,0.0,2176,215,32,2,175000,1200000,2,429347.82608695654
22.0,61,0.02041742286751361,0.1837568058076225,0.0,4408,49,9,1,1200000,1200000,3,429347.82608695654
29.0,61,0.0,0.022026431718061675,0.0,4086,386,49,1,500000,1250000,3,429347.82608695654
30.0,66,0.08553100498930863,0.17106200997861726,0.0,4209,42,7,0,300000,425000,3,429347.82608695654
30.0,64,0.04451038575667656,0.02225519287833828,0.0,4044,6,1,0,225000,500000,3,429347.82608695654
20.0,32,0.43016463090812534,0.0,0.0,1883,29,5,0,225000,275000,3,429347.82608695654
35.0,66,0.48533872598584427,0.06066734074823053,0.0,2967,101,9,1,100000,850000,3,429347.82608695654
22.0,20,0.22959183673469388,0.0,0.0,784,0,0,0,50000,75000,3,429347.82608695654
26.0,58,0.2830188679245283,0.14150943396226415,0.0,2544,14,2,0,550000,1100000,4,429347.82608695654
26.0,46,0.195907705703091,0.0783630822812364,0.0,2297,0,0,1,500000,1200000,4,429347.82608695654
33.0,67,0.24596273291925466,0.1341614906832298,0.0,4025,438,61,3,200000,1000000,4,429347.82608695654
30.0,55,0.30120481927710846,0.09036144578313253,0.0,2988,169,28,5,1300000,4000000,4,429347.82608695654
29.0,67,0.5215711526078558,0.07726980038634901,0.0,4659,86,13,1,1500000,1500000,4,429347.82608695654
25.0,71,0.0,0.0,1.0965323336457358,6402,240,42,1,11000000,16000000,1,5944642.857142857
24.0,46,0.0,0.0,1.4244604316546763,4170,56,8,2,1900000,3500000,1,5944642.857142857
20.0,11,0.0,0.0,1.0939226519337018,905,0,0,1,150000,150000,1,5944642.857142857
25.0,95,0.0345577883015487,0.0345577883015487,0.0,7813,41,7,2,14000000,15000000,2,5944642.857142857
28.0,70,0.016450374702979345,0.06580149881191738,0.0,5471,184,28,1,5000000,7000000,2,5944642.857142857
29.0,75,0.05403782647853497,0.0,0.0,6662,27,7,2,4200000,4200000,2,5944642.857142857
30.0,23,0.10244735344336937,0.05122367672168469,0.0,1757,354,46,6,1800000,3500000,2,5944642.857142857
32.0,51,0.048582995951417005,0.048582995951417005,0.0,3705,145,29,4,1700000,5000000,2,5944642.857142857
24.0,79,0.14359156177982627,0.28718312355965253,0.0,5641,269,26,3,5500000,6000000,2,5944642.857142857
22.0,44,0.0,0.0,0.0,3061,75,13,1,5000000,5500000,2,5944642.857142857
31.0,56,0.15321011673151752,0.24075875486381323,0.0,4112,34,6,2,4000000,7500000,2,5944642.857142857
23.0,86,0.07631430186546072,0.08903335217637083,0.0,7076,155,30,1,17000000,17000000,2,5944642.857142857
25.0,81,0.03240907454087144,0.09722722362261434,0.0,5554,51,11,1,7000000,9000000,2,5944642.857142857
29.0,29,0.05504587155963303,0.1651376146788991,0.0,1635,434,73,2,500000,2700000,2,5944642.857142857
31.0,45,0.0,0.10925644916540213,0.0,3295,16,4,13,6000000,7000000,3,5944642.857142857
26.0,67,0.1261977097452676,0.1261977097452676,0.0,4279,67,7,2,8000000,10000000,3,5944642.857142857
28.0,75,0.2766798418972332,0.09881422924901186,0.0,4554,95,19,3,6000000,6000000,3,5944642.857142857
24.0,62,0.09997222993612885,0.049986114968064425,0.0,3601,104,21,2,4000000,4800000,3,5944642.857142857
28.0,57,0.063875088715401,0.4151880766501065,0.0,2818,294,47,2,2000000,3500000,3,5944642.857142857
18.0,59,0.4510408635312259,0.6245181187355435,0.0,2594,130,12,2,15000000,15000000,3,5944642.857142857
25.0,90,0.18075918859208676,0.34344245832496484,0.0,4979,63,9,7,9500000,20000000,4,5944642.857142857
27.0,71,0.23033969288040948,0.25127966496044674,0.0,4298,212,44,2,6500000,11500000,4,5944642.857142857
25.0,70,0.28587929540860524,0.18192318798729426,0.0,3463,270,38,5,4200000,5000000,4,5944642.857142857
29.0,74,0.6101694915254238,0.12562313060817548,0.0,5015,141,25,7,10000000,40000000,4,5944642.857142857
31.0,67,0.34271207954305055,0.0951977998730696,0.0,4727,323,44,2,6000000,18000000,4,5944642.857142857
31.0,60,0.2620434092112229,0.142932768660667,0.0,3778,263,48,5,5000000,20000000,4,5944642.857142857
33.0,81,0.8147254073627037,0.21726010863005432,0.0,4971,287,44,11,3800000,11000000,4,5944642.857142857
31.0,63,0.6040268456375839,0.28611797951253976,0.0,2831,79,14,2,1700000,3500000,4,5944642.857142857
36.0,71,0.0,0.0,1.0215986126438594,6343,423,60,18,1600000,18000000,1,6269827.586206896
27.0,37,0.0,0.0,1.1093990755007703,3245,97,13,2,850000,1300000,1,6269827.586206896
18.0,42,0.0,0.0,1.08637339055794,3728,0,0,2,225000,225000,1,6269827.586206896
24.0,84,0.012155591572123177,0.012155591572123177,0.0,7404,9,2,1,18000000,18000000,2,6269827.586206896
28.0,67,0.10920436817472699,0.093603744149766,0.0,5769,59,5,3,6500000,6500000,2,6269827.586206896
28.0,41,0.12162162162162163,0.0,0.0,2220,245,26,3,3700000,9000000,2,6269827.586206896
22.0,40,0.08875739644970414,0.0,0.0,3042,100,13,1,1500000,2000000,2,6269827.586206896
20.0,43,0.028391167192429023,0.0,0.0,3170,0,0,1,1200000,1400000,2,6269827.586206896
28.0,64,0.0,0.05074234166510055,0.0,5321,144,23,2,2500000,2500000,2,6269827.586206896
20.0,38,0.0,0.03570011900039667,0.0,2521,64,14,1,2300000,2300000,2,6269827.586206896
27.0,31,0.2172164119066774,0.28962188254223653,0.0,1243,282,41,4,250000,3000000,2,6269827.586206896
22.0,52,0.04073319755600815,0.06109979633401222,0.0,4419,134,25,2,16000000,16000000,2,6269827.586206896
28.0,53,0.0,0.16129032258064516,0.0,3348,148,28,2,5500000,16000000,2,6269827.586206896
27.0,69,0.070298769771529,0.0351493848857645,0.0,5121,214,21,4,15000000,55000000,3,6269827.586206896
20.0,58,0.24883028498511273,0.09570395576350489,0.0,4702,0,0,2,100000,100000,3,6269827.586206896
30.0,80,0.20798319327731093,0.1134453781512605,0.0,4760,204,31,13,7000000,19000000,3,6269827.586206896
29.0,69,0.021536252692031587,0.1722900215362527,0.0,4179,121,18,7,5000000,10000000,3,6269827.586206896
25.0,76,0.017758484609313337,0.07103393843725335,0.0,5068,6,1,1,4000000,5500000,3,6269827.586206896
18.0,46,0.41334966319657074,0.24800979791794245,0.0,3266,0,0,2,450000,450000,3,6269827.586206896
23.0,70,0.280561122244489,0.24048096192384769,0.0,4491,385,76,3,27000000,55000000,3,6269827.586206896
35.0,30,0.29966703662597116,0.09988901220865705,0.0,901,95,24,14,1000000,45000000,3,6269827.586206896
24.0,90,0.2940739640576266,0.36090895588890537,0.0,6733,32,6,4,15000000,16500000,4,6269827.586206896
23.0,55,0.369284876905041,0.2637749120750293,0.0,1706,20,5,1,4000000,4000000,4,6269827.586206896
22.0,67,0.2003958436417615,0.4675903018307768,0.0,4042,36,5,6,7000000,8500000,4,6269827.586206896
26.0,70,0.1337295690936107,0.19104224156230099,0.0,4711,188,24,3,8500000,35000000,4,6269827.586206896
19.0,34,0.06298110566829951,0.06298110566829951,0.0,1429,282,37,1,5000000,12000000,4,6269827.586206896
36.0,70,0.45090180360721444,0.11272545090180361,0.0,3992,272,41,6,3000000,32000000,4,6269827.586206896
30.0,56,0.7610993657505285,0.21745696164300815,0.0,3311,257,43,12,19000000,100000000,4,6269827.586206896
37.0,63,0.8075772681954138,0.0897308075772682,0.0,3009,56,9,17,650000,14000000,4,6269827.586206896
21.0,51,0.0,0.0,1.2467532467532467,4620,0,0,1,2000000,2000000,1,1875000.0
33.0,69,0.0,0.0,1.1971153846153846,6240,124,17,3,400000,1500000,1,1875000.0
20.0,48,0.0,0.0,1.2216241516498947,4273,0,0,2,250000,250000,1,1875000.0
26.0,2,0.0,0.0,0.5,180,44,3,2,250000,250000,1,1875000.0
28.0,80,0.05370729524093689,0.05370729524093689,0.0,6703,578,80,4,3000000,3000000,2,1875000.0
22.0,81,0.09542562859739473,0.0545289306270827,0.0,6602,12,0,6,3000000,3000000,2,1875000.0
23.0,35,0.039525691699604744,0.039525691699604744,0.0,2277,630,93,2,1000000,1000000,2,1875000.0
23.0,38,0.0,0.0,0.0,1692,331,36,1,500000,800000,2,1875000.0
22.0,54,0.09322560596643878,0.018645121193287758,0.0,4827,0,0,1,200000,200000,2,1875000.0
22.0,74,0.0,0.05154639175257732,0.0,5238,0,0,2,2500000,2500000,2,1875000.0
24.0,61,0.10707911957168352,0.10707911957168352,0.0,3362,58,6,1,1800000,1800000,2,1875000.0
23.0,79,0.028346456692913385,0.04251968503937008,0.0,6350,277,29,3,4000000,4000000,2,1875000.0
26.0,23,0.05187319884726225,0.05187319884726225,0.0,1735,499,66,6,300000,1000000,2,1875000.0
22.0,58,0.11363636363636363,0.03787878787878788,0.0,4752,0,0,1,225000,225000,2,1875000.0
27.0,84,0.0776978417266187,0.03884892086330935,0.0,6950,380,53,1,4000000,4000000,3,1875000.0
26.0,64,0.10007412898443291,0.10007412898443291,0.0,2698,146,19,2,600000,1500000,3,1875000.0
32.0,67,0.0,0.03687768899815612,0.0,4881,354,55,6,700000,1500000,3,1875000.0
20.0,53,0.22964065490112695,0.0956836062088029,0.0,4703,0,0,1,250000,250000,3,1875000.0
22.0,83,0.029781601588352084,0.25314361350099274,0.0,6044,61,2,5,7500000,7500000,3,1875000.0
27.0,49,0.35081502480510274,0.2232459248759745,0.0,2822,439,58,4,2000000,3000000,3,1875000.0
24.0,96,0.2062150937992267,0.1675497637118717,0.0,6983,0,0,3,2000000,2000000,3,1875000.0
18.0,51,0.35272836900813986,0.35272836900813986,0.0,3317,99,11,1,400000,400000,3,1875000.0
21.0,46,0.6376021798365122,0.34332425068119893,0.0,1835,0,0,2,700000,700000,4,1875000.0
20.0,68,0.19301470588235295,0.11029411764705882,0.0,3264,139,10,3,3000000,3000000,4,1875000.0
26.0,40,0.37124337065409546,0.05303476723629935,0.0,1697,294,52,7,1700000,7000000,4,1875000.0
26.0,82,0.5486725663716814,0.336283185840708,0.0,5085,12,3,2,2500000,2500000,4,1875000.0
20.0,60,0.3046153846153846,0.11076923076923077,0.0,3250,32,5,1,8000000,8000000,4,1875000.0
22.0,58,0.2001111728738188,0.4752640355753196,0.0,3598,6,1,2,1200000,1200000,4,1875000.0
34.0,55,0.5436424041075204,0.6251887647236485,0.0,3311,0,0,9,400000,4000000,4,1875000.0
27.0,78,0.0,0.0,1.1617021276595745,7050,126,13,3,1000000,4500000,1,1141964.2857142857
22.0,15,0.0,0.0,1.6666666666666667,1350,268,44,0,500000,500000,1,1141964.2857142857
19.0,32,0.0,0.0,1.5483870967741935,2790,0,0,0,100000,175000,1,1141964.2857142857
40.0,1,0.0,0.0,0.0,90,186,20,2,75000,1000000,1,1141964.2857142857
30.0,59,0.018075918859208676,0.0,0.0,4979,1006,100,1,1000000,1300000,2,1141964.2857142857
23.0,39,0.0,0.11703511053315994,0.0,3076,270,34,1,600000,1000000,2,1141964.2857142857
27.0,30,0.04413928396272683,0.0,0.0,2039,104,17,0,400000,1000000,2,1141964.2857142857
29.0,60,0.019015423621381786,0.019015423621381786,0.0,4733,137,18,3,700000,700000,2,1141964.2857142857
29.0,26,0.13903192584963955,0.0,0.0,1942,877,106,3,300000,2000000,2,1141964.2857142857
24.0,19,0.0,0.13533834586466165,0.0,665,551,70,0,200000,1500000,2,1141964.2857142857
29.0,79,0.05439709882139619,0.06799637352674524,0.0,6618,278,26,1,800000,1000000,2,1141964.2857142857
30.0,72,0.05856515373352855,0.08784773060029283,0.0,6147,197,33,5,1500000,3000000,2,1141964.2857142857
29.0,59,0.05061867266591676,0.1265466816647919,0.0,3556,354,44,1,600000,1500000,2,1141964.2857142857
22.0,61,0.02295918367346939,0.02295918367346939,0.0,3920,36,5,0,1000000,1000000,2,1141964.2857142857
30.0,57,0.04710808688824915,0.0,0.0,3821,379,65,4,800000,2000000,3,1141964.2857142857
24.0,26,0.0,0.0,0.0,694,99,15,0,300000,1000000,3,1141964.2857142857
28.0,77,0.13224489795918368,0.23510204081632652,0.0,6125,15,4,1,1500000,3000000,3,1141964.2857142857
21.0,39,0.4370860927152318,0.0,0.0,2265,0,0,0,200000,200000,3,1141964.2857142857
27.0,74,0.24,0.264,0.0,3750,7,2,0,700000,900000,3,1141964.2857142857
31.0,56,0.34934497816593885,0.3056768558951965,0.0,4122,141,27,6,1700000,2500000,3,1141964.2857142857
26.0,79,0.2593220338983051,0.15254237288135594,0.0,5900,152,29,2,1800000,1800000,3,1141964.2857142857
22.0,73,0.5341792877609497,0.16577977896029472,0.0,4886,0,0,0,8000000,8000000,4,1141964.2857142857
21.0,21,0.0,0.11811023622047244,0.0,762,42,7,0,400000,400000,4,1141964.2857142857
21.0,55,0.4023383768913342,0.15474552957359008,0.0,2908,0,0,1,2000000,2000000,4,1141964.2857142857
30.0,74,0.3323758719737382,0.25851456709068527,0.0,4874,335,29,0,800000,3500000,4,1141964.2857142857
21.0,70,0.5831533477321814,0.12149028077753779,0.0,3704,13,2,1,3500000,3500000,4,1141964.2857142857
22.0,73,0.2795031055900621,0.25800286669851885,0.0,4186,0,0,1,1200000,1200000,4,1141964.2857142857
23.0,8,0.0,0.3146853146853147,0.0,572,692,77,4,300000,600000,4,1141964.2857142857
21.0,10,0.0,0.0,1.4,900,35,4,0,300000,400000,1,362931.0344827586
27.0,55,0.0,0.0,1.6012939749292356,4946,124,14,1,350000,500000,1,362931.0344827586
21.0,17,0.0,0.0,1.5294117647058822,1530,141,13,0,150000,200000,1,362931.0344827586
22.0,47,0.0510928186204939,0.0,0.0,3523,89,14,4,450000,450000,2,362931.0344827586
32.0,53,0.02042205582028591,0.0,0.0,4407,556,70,1,250000,600000,2,362931.0344827586
21.0,45,0.026564344746162927,0.0,0.0,3388,44,7,1,250000,250000,2,362931.0344827586
28.0,57,0.04714510214772132,0.0,0.0,3818,106,11,3,300000,800000,2,362931.0344827586
25.0,39,0.0,0.0,0.0,3054,20,2,0,250000,900000,2,362931.0344827586
26.0,51,0.0,0.0684931506849315,0.0,3942,308,33,1,350000,350000,2,362931.0344827586
20.0,70,0.053349140486069944,0.17783046828689983,0.0,5061,18,4,0,400000,400000,2,362931.0344827586
24.0,46,0.028580501746586218,0.22864401397268974,0.0,3149,260,37,1,450000,500000,2,362931.0344827586
19.0,37,0.0,0.0,0.0,2334,0,0,0,150000,300000,2,362931.0344827586
19.0,40,0.026635099141757917,0.0,0.0,3379,2,1,0,75000,75000,2,362931.0344827586
29.0,70,0.021849963583394028,0.021849963583394028,0.0,4119,50,2,1,450000,800000,3,362931.0344827586
28.0,60,0.042492917847025496,0.06373937677053824,0.0,4236,34,6,1,400000,400000,3,362931.0344827586
22.0,44,0.0,0.0,0.0,1927,35,5,4,350000,500000,3,362931.0344827586
27.0,19,0.0,0.0,0.0,1257,724,97,0,250000,800000,3,362931.0344827586
22.0,57,0.2282525995434948,0.18260207963479583,0.0,3943,7,1,0,450000,450000,3,362931.0344827586
34.0,44,0.07234726688102894,0.07234726688102894,0.0,2488,202,27,2,200000,400000,3,362931.0344827586
23.0,43,0.09287925696594428,0.09287925696594428,0.0,1938,69,8,0,300000,500000,3,362931.0344827586
27.0,62,0.19444444444444445,0.08333333333333333,0.0,3240,679,62,2,500000,2000000,4,362931.0344827586
25.0,35,0.1509223029625489,0.0,0.0,1789,517,63,2,300000,600000,4,362931.0344827586
21.0,51,0.0,0.08884501480750247,0.0,2026,202,21,2,300000,500000,4,362931.0344827586
21.0,47,0.0,0.06276150627615062,0.0,2868,54,7,0,150000,150000,4,362931.0344827586
19.0,46,0.5618615209988649,0.0,0.0,1762,42,8,7,2000000,3000000,4,362931.0344827586
33.0,63,0.36072144288577157,0.10020040080160321,0.0,4491,3,1,0,300000,800000,4,362931.0344827586
20.0,53,0.2568167406467977,0.05707038681039949,0.0,3154,109,8,0,450000,450000,4,362931.0344827586
22.0,43,0.5393527766679984,0.1797842588893328,0.0,2503,61,5,1,350000,350000,4,362931.0344827586
18.0,46,0.8616780045351474,0.0,0.0,3969,0,0,0,50000,50000,4,362931.0344827586
28.0,64,0.0,0.0,1.2746113989637307,5790,35,4,5,400000,400000,1,406730.76923076925
24.0,6,0.0,0.0,2.0,540,0,0,0,200000,300000,1,406730.76923076925
18.0,36,0.0,0.0,1.9589905362776026,3170,0,0,0,25000,25000,1,406730.76923076925
23.0,65,0.031419095828242274,0.0,0.0,5729,0,0,1,700000,700000,2,406730.76923076925
31.0,57,0.01877346683354193,0.01877346683354193,0.0,4794,390,27,3,350000,400000,2,406730.76923076925
24.0,43,0.09054325955734406,0.030181086519114688,0.0,2982,242,27,0,350000,350000,2,406730.76923076925
20.0,49,0.022567703109327986,0.0,0.0,3988,0,0,1,25000,25000,2,406730.76923076925
23.0,62,0.02028854824165915,0.22317403065825067,0.0,4436,99,15,1,500000,500000,2,406730.76923076925
21.0,47,0.0,0.0,0.0,1627,210,15,5,250000,250000,2,406730.76923076925
25.0,55,0.14536225196123673,0.2076603599446239,0.0,4334,14,2,1,700000,700000,2,406730.76923076925
26.0,60,0.0,0.13924703455389376,0.0,3878,115,10,2,400000,400000,2,406730.76923076925
19.0,49,0.25634939473059576,0.0,0.0,4213,0,0,0,25000,50000,3,406730.76923076925
26.0,46,0.09350649350649351,0.0,0.0,1925,97,7,1,300000,300000,3,406730.76923076925
20.0,49,0.0,0.273972602739726,0.0,2628,210,28,1,600000,2000000,3,406730.76923076925
21.0,61,0.03548895899053628,0.03548895899053628,0.0,2536,2,1,1,500000,500000,3,406730.76923076925
29.0,62,0.03534956794972506,0.01767478397486253,0.0,5092,176,23,1,350000,350000,3,406730.76923076925
20.0,30,0.18547140649149924,0.18547140649149924,0.0,1941,0,0,0,150000,200000,3,406730.76923076925
23.0,24,0.1125,0.05625,0.0,1600,617,58,1,300000,300000,3,406730.76923076925
23.0,38,0.1526070368800339,0.4578211106401017,0.0,2359,0,0,0,200000,200000,3,406730.76923076925
24.0,69,0.22994379151762903,0.12263668880940215,0.0,5871,15,3,1,800000,800000,3,406730.76923076925
22.0,43,0.25019857029388404,0.14297061159650518,0.0,2518,0,0,0,550000,550000,3,406730.76923076925
20.0,64,0.6470588235294118,0.3235294117647059,0.0,3060,0,0,4,1000000,1200000,4,406730.76923076925
26.0,52,0.3235294117647059,0.2647058823529412,0.0,3060,31,4,1,400000,400000,4,406730.76923076925
20.0,13,1.5038560411311055,0.11568123393316196,0.0,778,35,8,3,400000,1200000,4,406730.76923076925
24.0,60,0.41546451240623195,0.15579919215233698,0.0,3466,50,3,1,400000,450000,4,406730.76923076925
25.0,54,0.45056320400500627,0.19712140175219023,0.0,3196,169,18,4,700000,700000,4,406730.76923076925
30.0,64,0.0,0.0,1.5495652173913044,5750,412,44,0,600000,700000,1,276612.9032258064
30.0,19,0.0,0.0,1.1764705882352942,1683,384,57,2,200000,4000000,1,276612.9032258064
22.0,24,0.0,0.0,1.2916666666666667,2160,116,6,0,250000,250000,1,276612.9032258064
20.0,49,0.0,0.0,1.8681569343065694,4384,0,0,0,25000,25000,1,276612.9032258064
25.0,69,0.05981059976740322,0.04485794982555242,0.0,6019,18,4,0,550000,550000,2,276612.9032258064
23.0,61,0.024390243902439025,0.07317073170731707,0.0,3690,7,1,0,350000,350000,2,276612.9032258064
21.0,50,0.06637168141592921,0.04424778761061947,0.0,4068,53,6,1,250000,300000,2,276612.9032258064
32.0,52,0.0,0.0,0.0,3343,81,12,1,200000,700000,2,276612.9032258064
20.0,41,0.0,0.0,0.0,3010,2,1,0,150000,150000,2,276612.9032258064
21.0,42,0.0,0.14204545454545456,0.0,3168,0,0,0,350000,350000,2,276612.9032258064
24.0,50,0.02096924510717614,0.0,0.0,4292,0,0,1,50000,50000,2,276612.9032258064
25.0,37,0.08438818565400844,0.29535864978902954,0.0,2133,65,9,2,175000,300000,2,276612.9032258064
21.0,25,0.11673151750972763,0.0,0.0,1542,308,38,1,250000,250000,2,276612.9032258064
30.0,49,0.07055134570159394,0.023517115233864645,0.0,3827,672,80,2,300000,700000,3,276612.9032258064
23.0,42,0.0,0.027280994240678993,0.0,3299,602,50,2,300000,450000,3,276612.9032258064
22.0,47,0.06572541382667965,0.06572541382667965,0.0,4108,27,3,0,400000,400000,3,276612.9032258064
17.0,42,0.0899400399733511,0.0,0.0,3002,0,0,0,250000,250000,3,276612.9032258064
25.0,68,0.05917159763313609,0.05917159763313609,0.0,3042,278,25,0,400000,1000000,3,276612.9032258064
30.0,59,0.17155110793423875,0.04288777698355969,0.0,4197,460,45,3,200000,800000,3,276612.9032258064
20.0,40,0.19189765458422176,0.04797441364605544,0.0,1876,0,0,0,175000,175000,3,276612.9032258064
25.0,68,0.0686760778328882,0.10301411674933232,0.0,5242,132,19,1,400000,500000,3,276612.9032258064
26.0,66,0.2636976267213595,0.1054790506885438,0.0,3413,60,8,0,250000,300000,4,276612.9032258064
31.0,62,0.20958664855424025,0.3842421890161071,0.0,5153,169,30,3,500000,750000,3,276612.9032258064
21.0,40,0.2984524686809138,0.13264554163596168,0.0,2714,105,16,3,250000,300000,3,276612.9032258064
21.0,50,0.03998223011994669,0.03998223011994669,0.0,2251,30,2,1,300000,600000,4,276612.9032258064
18.0,48,0.33823989978077046,0.08455997494519261,0.0,3193,10,2,0,250000,250000,4,276612.9032258064
21.0,66,0.5529614155812239,0.13271073973949374,0.0,4069,0,0,2,500000,500000,4,276612.9032258064
30.0,57,0.34688156972669937,0.12613875262789068,0.0,2854,252,33,1,250000,2000000,4,276612.9032258064
29.0,56,0.4420794105607859,0.14735980352026198,0.0,2443,92,11,1,300000,500000,4,276612.9032258064
18.0,24,0.3337453646477132,0.11124845488257108,0.0,809,288,29,1,75000,75000,4,276612.9032258064
24.0,40,0.7570659488559892,0.06056527590847914,0.0,2972,283,29,0,75000,125000,4,276612.9032258064
27.0,28,0.0,0.0,1.4354066985645932,2508,0,0,1,400000,400000,1,286363.63636363635
24.0,48,0.0,0.0,1.5038291947087492,4309,38,4,0,200000,350000,1,286363.63636363635
34.0,3,0.0,0.0,0.4945054945054945,182,0,0,1,100000,200000,1,286363.63636363635
21.0,0,,,,0,0,0,0,25000,25000,1,286363.63636363635
23.0,53,0.0,0.0,0.0,3753,12,3,2,350000,350000,2,286363.63636363635
31.0,42,0.0632688927943761,0.0632688927943761,0.0,2845,0,0,1,250000,400000,2,286363.63636363635
32.0,38,0.0379746835443038,0.0379746835443038,0.0,2370,176,15,2,150000,350000,2,286363.63636363635
36.0,47,0.04646360351058337,0.023231801755291687,0.0,3874,363,48,1,150000,1100000,2,286363.63636363635
25.0,38,0.0,0.0,0.0,3075,0,0,1,200000,250000,2,286363.63636363635
23.0,54,0.0,0.02281947261663286,0.0,3944,30,6,1,450000,450000,2,286363.63636363635
32.0,32,0.0,0.07441091360066143,0.0,2419,504,70,2,150000,800000,2,286363.63636363635
30.0,43,0.0,0.12113055181695828,0.0,2972,560,69,8,200000,1500000,2,286363.63636363635
22.0,9,0.0,0.0,0.0,305,14,2,2,100000,275000,2,286363.63636363635
22.0,31,0.045408678102926335,0.0,0.0,1982,2349,339,1,500000,1000000,3,286363.63636363635
24.0,55,0.08471917163476624,0.05647944775651083,0.0,3187,11,3,0,400000,550000,3,286363.63636363635
30.0,70,0.01652285661832201,0.09913713970993207,0.0,5447,100,12,2,400000,650000,3,286363.63636363635
29.0,23,0.0,0.0,0.0,555,99,13,3,100000,350000,3,286363.63636363635
20.0,23,0.0821917808219178,0.1643835616438356,0.0,1095,127,15,3,150000,150000,3,286363.63636363635
21.0,12,0.13953488372093023,0.0,0.0,645,0,0,0,50000,50000,3,286363.63636363635
26.0,65,0.11578753905532072,0.14886969307112663,0.0,5441,0,0,1,650000,650000,3,286363.63636363635
19.0,0,,,,0,0,0,0,50000,50000,3,286363.63636363635
33.0,34,0.33689839572192515,0.3850267379679144,0.0,1870,196,20,3,175000,300000,3,286363.63636363635
22.0,57,0.1549942594718714,0.12916188289322617,0.0,3484,0,0,0,350000,350000,3,286363.63636363635
20.0,56,0.16203703703703703,0.09259259259259259,0.0,3888,0,0,1,600000,600000,3,286363.63636363635
25.0,45,0.17399710004833252,0.17399710004833252,0.0,2069,262,48,1,450000,2000000,3,286363.63636363635
24.0,23,0.3337453646477132,0.22249690976514216,0.0,809,218,29,4,150000,200000,3,286363.63636363635
26.0,54,0.37108301264431004,0.17317207256734468,0.0,3638,372,52,2,800000,3000000,4,286363.63636363635
21.0,26,0.3103448275862069,0.18620689655172415,0.0,1450,61,12,1,600000,600000,4,286363.63636363635
29.0,57,0.07383100902378999,0.12305168170631665,0.0,3657,4,2,0,600000,1750000,4,286363.63636363635
33.0,62,0.45840407470288624,0.17463012369633762,0.0,4123,496,50,4,250000,800000,4,286363.63636363635
24.0,59,0.5886016817190907,0.08408595453129866,0.0,3211,0,0,0,300000,400000,4,286363.63636363635
20.0,19,0.0,0.0,0.0,374,0,0,1,100000,200000,4,286363.63636363635
20.0,0,,,,0,0,0,0,50000,50000,4,286363.63636363635
32.0,57,0.0,0.0,1.7982370225269344,5105,132,28,4,300000,400000,1,315178.5714285714
23.0,21,0.0,0.0,1.3265306122448979,1764,5,1,0,300000,400000,1,315178.5714285714
19.0,29,0.0,0.0,2.0344827586206895,2610,0,0,0,50000,50000,1,315178.5714285714
24.0,9,0.0,0.0,2.235294117647059,765,0,0,1,25000,25000,1,315178.5714285714
26.0,70,0.05856515373352855,0.029282576866764276,0.0,6147,0,0,1,500000,600000,2,315178.5714285714
22.0,57,0.0,0.02130681818181818,0.0,4224,56,7,1,400000,400000,2,315178.5714285714
24.0,42,0.028116213683223992,0.028116213683223992,0.0,3201,679,51,4,300000,350000,2,315178.5714285714
29.0,50,0.06405693950177936,0.06405693950177936,0.0,2810,510,76,2,200000,250000,2,315178.5714285714
33.0,46,0.09259259259259259,0.11574074074074074,0.0,3888,137,22,0,300000,700000,2,315178.5714285714
24.0,58,0.23316062176165803,0.038860103626943004,0.0,2316,0,0,1,300000,300000,2,315178.5714285714
20.0,29,0.08093525179856115,0.0,0.0,2224,0,0,0,100000,100000,2,315178.5714285714
20.0,24,0.06172839506172839,0.0,0.0,1458,337,35,0,50000,50000,3,315178.5714285714
24.0,66,0.11392405063291139,0.0949367088607595,0.0,4740,148,16,0,500000,600000,3,315178.5714285714
31.0,60,0.03744539213646765,0.16850426461410442,0.0,4807,73,10,0,450000,600000,3,315178.5714285714
23.0,62,0.037815126050420166,0.037815126050420166,0.0,2380,0,0,0,300000,400000,3,315178.5714285714
21.0,47,0.10575793184488837,0.026439482961222092,0.0,3404,0,0,0,100000,200000,3,315178.5714285714
22.0,51,0.06496631376323388,0.0,0.0,4156,0,0,0,100000,100000,3,315178.5714285714
23.0,52,0.02218387971407444,0.1109193985703722,0.0,4057,63,12,1,700000,700000,3,315178.5714285714
23.0,66,0.0843684087180689,0.14764471525662057,0.0,4267,17,2,0,550000,800000,3,315178.5714285714
22.0,40,0.04782146652497343,0.4303931987247609,0.0,1882,205,24,0,350000,400000,3,315178.5714285714
24.0,55,0.23587652882935353,0.20966802562609202,0.0,3434,76,11,1,450000,450000,3,315178.5714285714
26.0,35,0.09513742071881606,0.0,0.0,1892,0,0,2,300000,350000,3,315178.5714285714
20.0,39,0.2795031055900621,0.0,0.0,2898,0,0,0,50000,50000,4,315178.5714285714
22.0,57,0.2943396226415094,0.13584905660377358,0.0,3975,153,22,0,800000,800000,4,315178.5714285714
21.0,68,0.23692003948667326,0.2073050345508391,0.0,3039,0,0,1,700000,1000000,4,315178.5714285714
20.0,63,0.9105279797660449,0.0,0.0,3163,0,0,1,300000,300000,4,315178.5714285714
29.0,18,0.5775401069518716,0.0,0.0,935,0,0,0,150000,1600000,4,315178.5714285714
25.0,53,0.4325032765399738,0.15727391874180865,0.0,2289,0,0,0,200000,200000,4,315178.5714285714
22.0,60,0.0,0.0,1.205283434232251,5451,23,6,0,1800000,1800000,1,820967.7419354839
26.0,32,0.0,0.0,1.3593256059009484,2847,309,66,0,350000,500000,1,820967.7419354839
24.0,3,0.0,0.0,4.81283422459893,187,122,14,2,100000,150000,1,820967.7419354839
19.0,54,0.021231422505307854,0.0,0.0,4239,53,10,0,1800000,1800000,2,820967.7419354839
30.0,50,0.046620046620046623,0.0,0.0,3861,158,21,3,500000,12000000,2,820967.7419354839
29.0,37,0.03171247357293869,0.0,0.0,2838,650,85,1,500000,1000000,2,820967.7419354839
33.0,67,0.01531654186521443,0.0,0.0,5876,46,8,1,500000,1000000,2,820967.7419354839
21.0,39,0.05721551176096631,0.028607755880483154,0.0,3146,261,35,0,250000,300000,2,820967.7419354839
32.0,14,0.0,0.0,0.0,889,1193,158,2,150000,1000000,2,820967.7419354839
22.0,72,0.0,0.2687713310580205,0.0,4688,34,4,0,1800000,1800000,2,820967.7419354839
22.0,62,0.02044989775051125,0.02044989775051125,0.0,4401,434,35,0,700000,800000,2,820967.7419354839
20.0,48,0.11015911872705018,0.13769889840881272,0.0,3268,61,10,0,1700000,2000000,2,820967.7419354839
28.0,54,0.0,0.047961630695443645,0.0,3753,123,12,1,600000,700000,2,820967.7419354839
33.0,80,0.0,0.2616279069767442,0.0,4472,481,61,2,500000,1500000,2,820967.7419354839
19.0,48,0.061876933654176694,0.18563080096253007,0.0,2909,328,38,0,250000,300000,2,820967.7419354839
23.0,39,0.0,0.0,0.0,3039,21,3,1,800000,800000,3,820967.7419354839
22.0,18,0.0,0.0,0.0,1101,701,99,1,250000,500000,3,820967.7419354839
18.0,25,0.12337217272104181,0.0,0.0,1459,11,2,0,250000,250000,3,820967.7419354839
26.0,72,0.14530776992936428,0.21796165489404642,0.0,4955,35,5,3,900000,1000000,3,820967.7419354839
29.0,66,0.22824814670308233,0.07023019898556379,0.0,5126,263,19,1,750000,750000,3,820967.7419354839
25.0,38,0.0,0.03926701570680628,0.0,2292,351,50,0,500000,2000000,3,820967.7419354839
21.0,50,0.030070163715335784,0.12028065486134314,0.0,2993,41,8,0,500000,500000,3,820967.7419354839
31.0,61,0.21098459477561957,0.21098459477561957,0.0,2986,158,11,3,400000,2000000,3,820967.7419354839
24.0,93,0.29512228446509087,0.23363847520153028,0.0,7319,14,2,1,3500000,5000000,4,820967.7419354839
22.0,41,0.093603744149766,0.32761310452418096,0.0,1923,70,12,0,200000,300000,4,820967.7419354839
23.0,56,0.1514301738642737,0.1514301738642737,0.0,3566,367,50,3,1500000,1500000,4,820967.7419354839
27.0,65,0.272108843537415,0.22675736961451248,0.0,3969,322,46,2,750000,750000,4,820967.7419354839
25.0,59,0.49348869088416725,0.15421521590130227,0.0,2918,219,31,1,1000000,2000000,4,820967.7419354839
21.0,64,0.47493403693931396,0.14841688654353563,0.0,3032,0,0,0,1000000,1200000,4,820967.7419354839
34.0,78,0.5902519004322552,0.22805187062155313,0.0,6709,479,54,2,1000000,13000000,4,820967.7419354839
22.0,44,0.3844328429046037,0.0854295206454675,0.0,2107,244,37,1,650000,650000,4,820967.7419354839
23.0,52,0.0,0.0,1.640316205533597,4554,301,30,11,1200000,1200000,1,795833.3333333334
26.0,13,0.0,0.0,1.8416370106761566,1124,17,2,0,200000,300000,1,795833.3333333334
27.0,6,0.0,0.0,2.0,540,456,50,1,75000,200000,1,795833.3333333334
26.0,63,0.0,0.0,0.0,5476,245,26,1,1500000,4500000,2,795833.3333333334
31.0,49,0.0,0.0,0.0,4093,719,77,0,400000,2500000,2,795833.3333333334
28.0,56,0.038910505836575876,0.11673151750972763,0.0,4626,404,43,0,700000,700000,2,795833.3333333334
25.0,44,0.0,0.0,0.0,3287,180,29,1,500000,800000,2,795833.3333333334
22.0,56,0.0,0.0,0.0,4560,328,19,4,400000,400000,2,795833.3333333334
21.0,38,0.060240963855421686,0.15060240963855423,0.0,2988,159,16,0,1500000,1500000,2,795833.3333333334
19.0,16,0.0,0.09316770186335403,0.0,966,536,56,0,250000,400000,2,795833.3333333334
27.0,47,0.08651073373918616,0.0,0.0,3121,127,29,4,350000,500000,2,795833.3333333334
31.0,60,0.05515832482124617,0.11031664964249234,0.0,4895,83,8,2,600000,1500000,2,795833.3333333334
32.0,45,0.12064343163538874,0.0,0.0,2238,255,26,5,300000,900000,2,795833.3333333334
34.0,63,0.0,0.08664259927797834,0.0,4155,181,27,1,300000,1500000,3,795833.3333333334
19.0,22,0.0,0.12129380053908356,0.0,1484,408,51,0,250000,250000,3,795833.3333333334
21.0,74,0.06814310051107325,0.15332197614991483,0.0,5283,10,1,0,3000000,3500000,3,795833.3333333334
22.0,69,0.2989269289729177,0.09197751660705161,0.0,3914,66,12,0,1100000,1300000,3,795833.3333333334
20.0,42,0.14675907052588666,0.036689767631471665,0.0,2453,491,50,0,250000,250000,3,795833.3333333334
20.0,45,0.10659297275957363,0.07106198183971575,0.0,2533,0,0,0,300000,350000,3,795833.3333333334
23.0,62,0.3029574416927146,0.4544361625390719,0.0,4159,309,34,0,2500000,2500000,3,795833.3333333334
27.0,80,0.19288469781397344,0.11573081868838406,0.0,6999,95,7,0,1200000,1200000,3,795833.3333333334
21.0,55,0.28352835283528355,0.162016201620162,0.0,2222,37,4,0,600000,700000,4,795833.3333333334
20.0,67,0.1457321304649549,0.16655100624566274,0.0,4323,0,0,0,600000,600000,4,795833.3333333334
27.0,54,0.4733009708737864,0.5097087378640777,0.0,2472,428,59,0,1200000,2000000,4,795833.3333333334
21.0,38,0.42775665399239543,0.08555133079847908,0.0,2104,446,41,0,500000,500000,4,795833.3333333334
28.0,56,0.23854600530102235,0.30670200681560017,0.0,2641,143,23,3,600000,2500000,4,795833.3333333334
28.0,64,0.9471516815374056,0.16472203157172272,0.0,4371,728,86,2,2200000,2200000,4,795833.3333333334
20.0,32,0.09513742071881606,0.23784355179704017,0.0,1892,430,44,0,700000,800000,4,795833.3333333334
24.0,13,0.18329938900203666,0.3665987780040733,0.0,491,919,81,1,200000,2500000,4,795833.3333333334
20.0,47,0.26881720430107525,0.0,0.0,1674,4,1,0,400000,400000,4,795833.3333333334
24.0,61,0.0,0.0,1.8330275229357798,5450,14,1,3,700000,700000,1,350862.0689655172
36.0,26,0.0,0.0,1.6148796498905909,2285,214,25,1,150000,600000,1,350862.0689655172
21.0,26,0.0,0.0,1.3076923076923077,2340,3,1,0,75000,75000,1,350862.0689655172
19.0,20,0.0,0.0,3.4,1800,0,0,0,25000,25000,1,350862.0689655172
28.0,59,0.05627344726969571,0.09378907878282618,0.0,4798,651,50,1,800000,800000,2,350862.0689655172
33.0,61,0.06891271056661562,0.05168453292496172,0.0,5224,74,9,1,400000,500000,2,350862.0689655172
28.0,44,0.0,0.05782203662062319,0.0,3113,310,35,0,350000,400000,2,350862.0689655172
25.0,51,0.0,0.14701878573373264,0.0,3673,160,18,2,400000,400000,2,350862.0689655172
19.0,39,0.07512520868113523,0.18781302170283806,0.0,2396,7,0,2,500000,750000,2,350862.0689655172
24.0,32,0.07531380753138076,0.11297071129707113,0.0,2390,293,27,0,350000,350000,2,350862.0689655172
33.0,64,0.05099150141643059,0.2804532577903683,0.0,3530,51,7,2,350000,650000,2,350862.0689655172
28.0,39,0.035629453681710214,0.035629453681710214,0.0,2526,88,16,2,250000,400000,2,350862.0689655172
23.0,46,0.0,0.07006617360840794,0.0,2569,442,68,2,600000,900000,3,350862.0689655172
30.0,50,0.09468700683850605,0.02367175170962651,0.0,3802,175,20,0,400000,400000,3,350862.0689655172
23.0,61,0.14380825565912117,0.21571238348868177,0.0,3755,69,3,0,800000,800000,3,350862.0689655172
26.0,69,0.10969876371234547,0.14104126763015845,0.0,5743,242,33,0,750000,750000,3,350862.0689655172
31.0,50,0.0,0.0,0.0,2456,235,20,3,350000,800000,3,350862.0689655172
20.0,61,0.18229166666666666,0.15625,0.0,3456,5,1,0,175000,250000,3,350862.0689655172
26.0,10,0.0,0.0,0.0,487,688,66,0,100000,1250000,3,350862.0689655172
19.0,38,0.225140712945591,0.08442776735459662,0.0,3198,0,0,0,75000,75000,3,350862.0689655172
19.0,10,0.0,0.0,0.0,780,0,0,0,50000,50000,3,350862.0689655172
29.0,15,0.0,0.0,0.0,392,621,75,4,200000,250000,3,350862.0689655172
27.0,50,0.22153846153846155,0.22153846153846155,0.0,3250,42,5,1,500000,700000,4,350862.0689655172
25.0,46,0.14139827179890024,0.2827965435978005,0.0,2546,159,21,0,500000,500000,4,350862.0689655172
24.0,40,0.30927835051546393,0.23195876288659795,0.0,2328,97,15,0,300000,500000,4,350862.0689655172
26.0,56,0.6542056074766355,0.4205607476635514,0.0,1926,175,18,2,350000,450000,4,350862.0689655172
22.0,35,0.2650957290132548,0.0,0.0,1358,45,3,0,350000,550000,4,350862.0689655172
21.0,53,0.3473684210526316,0.25263157894736843,0.0,2850,155,19,1,300000,300000,4,350862.0689655172
24.0,12,0.24096385542168675,0.12048192771084337,0.0,747,248,39,1,25000,25000,4,350862.0689655172
29.0,72,0.0,0.0,1.423963133640553,6510,508,74,4,350000,400000,1,628000.0
22.0,34,0.0,0.0,0.7788461538461539,3120,103,14,0,300000,450000,1,628000.0
21.0,42,0.0,0.0,1.5307775377969763,3704,0,0,0,125000,125000,1,628000.0
26.0,58,0.07269789983844911,0.036348949919224556,0.0,4952,941,116,2,750000,1500000,2,628000.0
19.0,37,0.0,0.0,0.0,3192,0,0,0,800000,800000,2,628000.0
23.0,56,0.06048387096774194,0.0,0.0,4464,0,0,0,350000,600000,2,628000.0
26.0,40,0.04025044722719141,0.0,0.0,2236,58,7,2,300000,700000,2,628000.0
31.0,77,0.05567584287039901,0.06959480358799876,0.0,6466,653,69,3,400000,750000,2,628000.0
22.0,23,0.0,0.0,0.0,1303,240,27,0,250000,300000,2,628000.0
22.0,65,0.0,0.10068991236248369,0.0,5363,283,49,0,250000,400000,2,628000.0
27.0,32,0.0,0.07672634271099744,0.0,2346,847,90,0,400000,600000,2,628000.0
20.0,59,0.12320328542094455,0.16427104722792607,0.0,4383,56,7,0,1500000,2000000,2,628000.0
32.0,44,0.0,0.1717557251908397,0.0,2620,505,58,3,350000,800000,2,628000.0
21.0,51,0.020022246941045607,0.0,0.0,4495,14,1,0,75000,100000,2,628000.0
20.0,70,0.0,0.03714403631861329,0.0,4846,147,18,2,700000,700000,3,628000.0
34.0,61,0.017892644135188866,0.017892644135188866,0.0,5030,283,40,2,300000,650000,3,628000.0
22.0,68,0.09286009079653322,0.1300041271151465,0.0,4846,0,0,1,1000000,2000000,3,628000.0
20.0,68,0.19304099142040038,0.06434699714013346,0.0,4196,0,0,0,750000,750000,3,628000.0
30.0,39,0.12,0.12,0.0,2250,25,3,0,400000,1500000,3,628000.0
20.0,45,0.10510948905109489,0.0,0.0,3425,0,0,0,150000,150000,3,628000.0
21.0,57,0.35131298793470545,0.09581263307310149,0.0,2818,18,2,1,750000,1000000,3,628000.0
22.0,40,0.3855306996668253,0.17134697762970014,0.0,2101,126,13,0,600000,600000,3,628000.0
25.0,73,0.6291328169280181,0.11902512752692235,0.0,5293,64,9,0,2500000,2500000,4,628000.0
22.0,51,0.31181102362204727,0.31181102362204727,0.0,3175,0,0,2,1800000,1800000,4,628000.0
31.0,69,0.2628086010087603,0.4061587470135386,0.0,3767,241,31,2,550000,1500000,4,628000.0
25.0,83,0.0,0.0,0.8163265306122449,7497,307,11,3,4500000,4500000,1,7626612.903225807
21.0,27,0.0,0.0,1.4074074074074074,2430,0,0,2,325000,325000,1,7626612.903225807
19.0,46,0.0,0.0,1.6263736263736264,4095,0,0,3,300000,300000,1,7626612.903225807
39.0,2,0.0,0.0,0.0,123,361,50,19,100000,1500000,1,7626612.903225807
22.0,55,0.04221388367729831,0.06332082551594746,0.0,4264,7,1,2,25000000,25000000,2,7626612.903225807
23.0,66,0.0333889816360601,0.05008347245409015,0.0,5391,335,27,4,17000000,17000000,2,7626612.903225807
25.0,18,0.1299638989169675,0.0,0.0,1385,248,48,10,2000000,5000000,2,7626612.903225807
28.0,52,0.0,0.05734310289901243,0.0,3139,395,53,9,2500000,9000000,2,7626612.903225807
20.0,24,0.052972336668628606,0.0,0.0,1699,483,58,2,1000000,1500000,2,7626612.903225807
19.0,65,0.017917579135974516,0.0,0.0,5023,0,0,2,1000000,1000000,2,7626612.903225807
20.0,35,0.14452027298273787,0.14452027298273787,0.0,2491,208,32,2,1200000,1500000,2,7626612.903225807
37.0,72,0.01710376282782212,0.13683010262257697,0.0,5262,206,27,25,400000,1300000,2,7626612.903225807
20.0,75,0.08117859290438965,0.054119061936259774,0.0,6652,0,0,5,15000000,15000000,2,7626612.903225807
21.0,44,0.0,0.05382775119617225,0.0,1672,53,9,6,3000000,3000000,2,7626612.903225807
19.0,68,0.0,0.0,0.0,4054,84,6,1,12000000,12000000,3,7626612.903225807
21.0,21,0.0,0.0,0.0,1328,412,53,2,800000,1500000,3,7626612.903225807
22.0,90,0.06176228383200659,0.16058193796321713,0.0,7286,30,1,9,20000000,20000000,3,7626612.903225807
19.0,68,0.18638363965829666,0.3028734144447321,0.0,3863,77,9,4,13000000,15000000,3,7626612.903225807
24.0,71,0.20811435778852216,0.17027538364515452,0.0,4757,150,15,6,8000000,8000000,3,7626612.903225807
19.0,52,0.05016722408026756,0.10033444816053512,0.0,3588,0,0,1,1000000,1000000,3,7626612.903225807
19.0,27,0.04805125467164976,0.19220501868659903,0.0,1873,311,63,2,800000,800000,3,7626612.903225807
20.0,69,0.211042421658495,0.15348539756981455,0.0,4691,145,23,8,18000000,20000000,3,7626612.903225807
19.0,50,0.32444124008651765,0.2919971160778659,0.0,2774,4,1,1,8000000,8000000,3,7626612.903225807
19.0,55,0.16038016038016037,0.21384021384021384,0.0,3367,87,17,3,4000000,4000000,3,7626612.903225807
20.0,50,0.16538037486218302,0.33076074972436603,0.0,2721,0,0,3,2500000,2500000,3,7626612.903225807
23.0,66,0.6108597285067874,0.38178733031674206,0.0,3536,250,40,8,20000000,25000000,4,7626612.903225807
20.0,78,0.6298262548262549,0.2388996138996139,0.0,4144,58,11,6,24000000,24000000,4,7626612.903225807
24.0,27,0.7043949428055388,0.3792895845875978,0.0,1661,469,75,4,10000000,10000000,4,7626612.903225807
21.0,83,0.5433070866141733,0.25984251968503935,0.0,3810,107,14,8,8000000,8000000,4,7626612.903225807
23.0,30,0.493730407523511,0.35266457680250785,0.0,1276,629,89,7,7000000,12500000,4,7626612.903225807
19.0,46,0.9090909090909091,0.13774104683195593,0.0,3267,2,1,1,6000000,6000000,4,7626612.903225807
32.0,20,0.0,0.0,0.9294320137693631,1743,171,21,1,2500000,3000000,1,1832407.4074074074
34.0,4,0.0,0.0,1.3761467889908257,327,57,7,1,150000,850000,1,1832407.4074074074
23.0,5,0.0,0.0,2.1176470588235294,510,0,0,0,50000,50000,1,1832407.4074074074
29.0,22,0.0,0.0,0.0,1980,27,1,1,4000000,4000000,2,1832407.4074074074
27.0,20,0.0,0.05,0.0,1800,49,5,1,3000000,3000000,2,1832407.4074074074
30.0,14,0.18054162487462388,0.0,0.0,997,36,7,0,600000,600000,2,1832407.4074074074
19.0,0,,,,0,0,0,0,200000,300000,2,1832407.4074074074
26.0,19,0.0,0.05405405405405406,0.0,1665,176,12,2,5000000,5000000,2,1832407.4074074074
23.0,9,0.0,0.0,0.0,369,40,4,1,300000,600000,2,1832407.4074074074
20.0,12,0.0,0.0,0.0,831,0,0,0,150000,150000,2,1832407.4074074074
25.0,17,0.0,0.07234726688102894,0.0,1244,56,8,1,1500000,1500000,2,1832407.4074074074
22.0,16,0.0,0.0,0.0,1058,0,0,0,600000,600000,2,1832407.4074074074
22.0,9,0.7058823529411765,0.0,0.0,255,0,0,1,2500000,3000000,3,1832407.4074074074
28.0,18,0.0,0.0,0.0,1361,0,0,1,2000000,2000000,3,1832407.4074074074
24.0,13,0.0,0.0,0.0,348,0,0,0,300000,300000,3,1832407.4074074074
22.0,27,0.0,0.0,0.0,1574,0,0,2,300000,300000,3,1832407.4074074074
22.0,20,0.0,0.0,0.0,1397,61,4,0,3500000,3500000,3,1832407.4074074074
19.0,16,0.0,0.09211873080859775,0.0,977,0,0,0,3000000,3000000,3,1832407.4074074074
36.0,18,0.0,0.0641025641025641,0.0,1404,170,20,3,300000,2500000,3,1832407.4074074074
27.0,22,0.4912663755458515,0.24563318777292575,0.0,1832,0,0,2,6000000,6000000,3,1832407.4074074074
19.0,15,0.0,0.0,0.0,354,27,1,0,2000000,2000000,3,1832407.4074074074
23.0,0,,,,0,0,0,0,175000,175000,3,1832407.4074074074
26.0,16,0.0,0.23285899094437257,0.0,773,0,0,1,2000000,2000000,4,1832407.4074074074
23.0,22,0.5036373810856184,0.2518186905428092,0.0,1787,203,10,0,5000000,6000000,4,1832407.4074074074
28.0,47,0.5593536357986327,0.19577377252952144,0.0,3218,28,6,2,4000000,4000000,4,1832407.4074074074
22.0,11,0.0,0.0,0.0,299,0,0,0,300000,300000,4,1832407.4074074074
18.0,13,0.19480519480519481,0.38961038961038963,0.0,924,0,0,0,50000,50000,4,1832407.4074074074
22.0,17,0.0,0.0,0.9411764705882353,1530,0,0,0,500000,500000,1,1676851.851851852
27.0,0,,,,0,0,0,2,275000,275000,1,1676851.851851852
32.0,0,,,,0,279,14,4,150000,450000,1,1676851.851851852
19.0,7,0.0,0.0,2.4782608695652173,690,0,0,0,25000,25000,1,1676851.851851852
22.0,26,0.1275992438563327,0.0,0.0,2116,169,24,0,3000000,3000000,2,1676851.851851852
27.0,29,0.0,0.0,0.0,2451,105,23,7,2000000,3000000,2,1676851.851851852
30.0,3,0.0,0.0,0.0,196,233,41,4,1000000,1000000,2,1676851.851851852
23.0,8,0.0,0.0,0.0,423,0,0,0,1000000,1000000,2,1676851.851851852
21.0,8,0.0,0.0,0.0,715,0,0,0,25000,25000,2,1676851.851851852
19.0,11,0.0,0.0,0.0,1048,0,0,0,400000,400000,2,1676851.851851852
31.0,26,0.07964601769911504,0.07964601769911504,0.0,1130,654,51,6,3000000,20000000,2,1676851.851851852
28.0,14,0.0,0.0,0.0,433,312,43,1,500000,800000,2,1676851.851851852
33.0,17,0.0,0.0,0.0,794,0,0,1,150000,950000,2,1676851.851851852
21.0,12,0.0,0.0,0.0,336,0,0,2,2800000,2800000,3,1676851.851851852
26.0,46,0.0,0.045489006823351025,0.0,3957,30,6,3,2500000,2500000,3,1676851.851851852
29.0,16,0.1361573373676248,0.0680786686838124,0.0,1322,113,12,0,1500000,1500000,3,1676851.851851852
20.0,13,0.0,0.0,0.0,222,0,0,0,150000,150000,3,1676851.851851852
15.0,9,0.0,0.0,0.0,660,0,0,0,0,0,3,1676851.851851852
29.0,16,0.5764611689351481,0.07205764611689351,0.0,1249,42,5,0,4500000,6000000,3,1676851.851851852
29.0,11,0.0,0.0,0.0,338,117,22,0,500000,5000000,3,1676851.851851852
18.0,10,0.22443890274314215,0.0,0.0,802,0,0,0,0,0,3,1676851.851851852
22.0,17,0.06076975016880486,0.24307900067521945,0.0,1481,0,0,0,3500000,3500000,4,1676851.851851852
23.0,8,0.0,0.0,0.0,537,26,6,2,8000000,9000000,4,1676851.851851852
24.0,17,0.18723994452149792,0.06241331484049931,0.0,1442,120,13,2,7000000,7000000,4,1676851.851851852
28.0,12,0.8071748878923767,0.20179372197309417,0.0,446,132,18,1,1800000,2000000,4,1676851.851851852
30.0,13,0.0,0.7860262008733624,0.0,458,111,15,0,600000,1250000,4,1676851.851851852
19.0,4,0.0,0.0,0.0,120,0,0,0,400000,400000,4,1676851.851851852
25.0,34,0.0,0.0,1.2058823529411764,3060,248,26,0,1200000,1500000,1,1727884.6153846155
34.0,3,0.0,0.0,1.0,270,18,3,7,300000,500000,1,1727884.6153846155
19.0,6,0.0,0.0,1.6666666666666667,540,0,0,0,25000,25000,1,1727884.6153846155
30.0,14,0.0,0.0,0.0,1084,261,31,0,1500000,1500000,2,1727884.6153846155
26.0,15,0.07481296758104738,0.07481296758104738,0.0,1203,16,2,0,600000,600000,2,1727884.6153846155
31.0,16,0.0,0.0,0.0,1094,0,0,2,500000,600000,2,1727884.6153846155
22.0,30,0.1053864168618267,0.0,0.0,2562,0,0,0,250000,350000,2,1727884.6153846155
24.0,18,0.06020066889632107,0.12040133779264214,0.0,1495,54,7,1,2000000,2000000,2,1727884.6153846155
26.0,11,0.0,0.0,0.0,246,75,8,0,400000,500000,2,1727884.6153846155
18.0,2,0.0,0.0,0.0,136,0,0,0,25000,25000,2,1727884.6153846155
21.0,14,0.0,0.13313609467455623,0.0,676,27,5,1,1500000,1500000,2,1727884.6153846155
26.0,13,0.0,0.0,0.0,818,0,0,0,1000000,1000000,2,1727884.6153846155
21.0,4,0.0,0.0,0.0,76,0,0,0,25000,25000,2,1727884.6153846155
30.0,17,0.0,0.0,0.0,1083,62,9,1,2000000,3000000,3,1727884.6153846155
22.0,14,0.0,0.0,0.0,941,0,0,2,2000000,2000000,3,1727884.6153846155
30.0,13,0.0,0.0,0.0,935,386,50,2,2000000,2500000,3,1727884.6153846155
23.0,12,0.0,0.0,0.0,938,249,37,0,4000000,4000000,3,1727884.6153846155
25.0,10,0.0,0.6642066420664207,0.0,271,5,1,0,600000,600000,3,1727884.6153846155
20.0,15,0.1491300745650373,0.0,0.0,1207,32,5,1,8000000,12000000,4,1727884.6153846155
18.0,1,0.0,0.0,0.0,75,102,16,0,50000,50000,4,1727884.6153846155
28.0,12,0.0,0.1021566401816118,0.0,881,384,43,2,4000000,4000000,4,1727884.6153846155
28.0,16,0.0897308075772682,0.0897308075772682,0.0,1003,11,1,0,1500000,1500000,4,1727884.6153846155
21.0,7,0.0,0.0,0.0,99,0,0,0,300000,300000,4,1727884.6153846155
22.0,18,0.5859375,0.0,0.0,1536,115,7,0,8000000,8000000,4,1727884.6153846155
29.0,34,0.36160714285714285,0.24107142857142858,0.0,2240,6,2,1,3000000,3000000,4,1727884.6153846155
20.0,4,0.0,0.0,0.0,37,0,0,0,150000,150000,4,1727884.6153846155
33.0,17,0.0,0.0,1.0,1530,120,21,2,2000000,3000000,1,1501724.1379310344
25.0,1,0.0,0.0,1.0,90,0,0,1,175000,175000,1,1501724.1379310344
31.0,0,,,,0,28,4,3,150000,150000,1,1501724.1379310344
26.0,13,0.0,0.0,0.0,957,0,0,2,2000000,2000000,2,1501724.1379310344
30.0,11,0.0,0.0,0.0,865,94,16,3,2000000,2000000,2,1501724.1379310344
31.0,18,0.0,0.0,0.0,1528,28,2,2,750000,750000,2,1501724.1379310344
18.0,7,0.0,0.0,0.0,519,0,0,1,300000,300000,2,1501724.1379310344
22.0,7,0.16822429906542055,0.0,0.0,535,13,2,0,250000,250000,2,1501724.1379310344
22.0,3,0.0,0.4326923076923077,0.0,208,59,12,1,1200000,1200000,2,1501724.1379310344
25.0,10,0.15706806282722513,0.0,0.0,573,0,0,2,350000,350000,2,1501724.1379310344
31.0,15,0.09155645981688708,0.0,0.0,983,0,0,3,800000,800000,2,1501724.1379310344
20.0,10,0.0,0.12448132780082988,0.0,723,41,5,1,200000,200000,2,1501724.1379310344
18.0,11,0.1900739176346357,0.1900739176346357,0.0,947,0,0,1,100000,100000,2,1501724.1379310344
22.0,19,0.0,0.05791505791505792,0.0,1554,6,2,1,2000000,2000000,3,1501724.1379310344
28.0,37,0.0,0.06632277081798084,0.0,2714,0,0,1,2000000,2500000,3,1501724.1379310344
32.0,8,0.0,0.0,0.0,225,267,19,3,500000,900000,3,1501724.1379310344
23.0,21,0.0,0.1111111111111111,0.0,810,0,0,1,500000,500000,3,1501724.1379310344
33.0,15,0.0,0.08780487804878048,0.0,1025,93,18,3,1800000,7000000,3,1501724.1379310344
18.0,11,0.16363636363636364,0.16363636363636364,0.0,550,46,7,0,50000,50000,3,1501724.1379310344
19.0,10,0.4195804195804196,0.0,0.0,429,0,0,0,50000,50000,4,1501724.1379310344
24.0,18,0.25,0.25,0.0,1080,0,0,0,6500000,8000000,4,1501724.1379310344
21.0,14,0.0,0.2786377708978328,0.0,646,314,33,0,2000000,3200000,4,1501724.1379310344
24.0,54,0.08926357550210762,0.06694768162658071,0.0,4033,0,0,1,800000,1000000,4,1501724.1379310344
23.0,17,0.26392961876832843,0.06598240469208211,0.0,1364,45,4,2,10000000,10000000,4,1501724.1379310344
27.0,44,0.5299039355438487,0.11155872327238922,0.0,3227,47,7,5,3500000,3500000,4,1501724.1379310344
22.0,14,0.18255578093306288,0.0,0.0,493,0,0,0,3000000,3000000,4,1501724.1379310344
22.0,13,0.7012987012987013,0.4675324675324675,0.0,385,7,1,0,250000,250000,4,1501724.1379310344
23.0,12,0.7012987012987013,0.0,0.0,770,24,5,3,200000,200000,4,1501724.1379310344
19.0,9,0.0,0.3358208955223881,0.0,268,0,0,0,125000,125000,4,1501724.1379310344
30.0,9,0.0,0.0,1.691275167785235,745,50,7,0,800000,800000,1,1488793.103448276
21.0,34,0.0,0.0,1.2100840336134453,2975,0,0,0,700000,700000,1,1488793.103448276
26.0,8,0.0,0.0,1.5539568345323742,695,229,30,0,200000,300000,1,1488793.103448276
26.0,3,0.0,0.0,0.0,87,68,13,0,1000000,1000000,2,1488793.103448276
32.0,7,0.0,0.0,0.0,225,225,38,6,600000,5000000,2,1488793.103448276
36.0,39,0.03281079110462997,0.0,0.0,2743,443,48,14,500000,10000000,2,1488793.103448276
30.0,6,0.0,0.0,0.0,160,45,6,6,300000,850000,2,1488793.103448276
20.0,5,0.0,0.0,0.0,480,0,0,0,250000,250000,2,1488793.103448276
19.0,16,0.0,0.0,0.0,1289,0,0,0,175000,175000,2,1488793.103448276
20.0,10,0.0,0.0,0.0,731,0,0,1,3500000,3500000,2,1488793.103448276
27.0,13,0.0,0.0,0.0,736,63,10,4,1000000,1000000,2,1488793.103448276
21.0,13,0.0,0.07819287576020852,0.0,1151,64,4,0,5000000,5000000,2,1488793.103448276
20.0,23,0.0,0.1334321719792439,0.0,1349,16,5,0,250000,300000,2,1488793.103448276
32.0,7,0.0,0.0,0.0,253,182,29,4,250000,2500000,2,1488793.103448276
30.0,50,0.0912316269640142,0.1368474404460213,0.0,3946,289,37,0,2000000,2800000,3,1488793.103448276
30.0,6,0.0,0.0,0.0,100,247,33,2,450000,2000000,3,1488793.103448276
23.0,33,0.09503695881731784,0.0,0.0,1894,4,1,3,8000000,25000000,3,1488793.103448276
28.0,16,0.0,0.0,0.0,1375,162,4,5,1000000,1000000,3,1488793.103448276
21.0,11,0.0,0.0,0.0,1047,116,17,0,500000,600000,3,1488793.103448276
23.0,11,0.0,0.0,0.0,259,0,0,0,300000,300000,3,1488793.103448276
27.0,11,0.13761467889908258,0.13761467889908258,0.0,654,0,0,1,1500000,1500000,3,1488793.103448276
20.0,9,0.0,0.0,0.0,348,132,2,1,6000000,6000000,3,1488793.103448276
28.0,46,0.09736747205192932,0.06491164803461955,0.0,2773,90,17,0,425000,2300000,4,1488793.103448276
20.0,7,0.0,0.0,0.0,589,0,0,0,175000,175000,4,1488793.103448276
22.0,3,0.0,0.0,0.0,80,0,0,0,0,0,4,1488793.103448276
32.0,5,0.0,0.45685279187817257,0.0,197,0,0,23,2000000,55000000,4,1488793.103448276
23.0,15,0.10321100917431193,0.0,0.0,872,0,0,2,4000000,4000000,4,1488793.103448276
35.0,3,0.0,0.0,0.0,153,396,54,11,2000000,25000000,4,1488793.103448276
24.0,10,0.3409090909090909,0.0,0.0,264,0,0,0,300000,300000,4,1488793.103448276
23.0,44,0.0,0.0,1.0454545454545454,3960,0,0,0,3500000,3500000,1,1399137.9310344828
23.0,4,0.0,0.0,2.076923076923077,390,290,26,0,150000,150000,1,1399137.9310344828
31.0,2,0.0,0.0,1.5,180,14,0,0,125000,200000,1,1399137.9310344828
24.0,7,0.15384615384615385,0.0,0.0,585,118,23,2,2500000,2500000,2,1399137.9310344828
29.0,17,0.0,0.0,0.0,1530,0,0,0,1500000,1500000,2,1399137.9310344828
23.0,7,0.0,0.0,0.0,475,0,0,0,1500000,1500000,2,1399137.9310344828
31.0,13,0.0,0.0,0.0,1034,59,6,1,1000000,1000000,2,1399137.9310344828
34.0,5,0.0,0.0,0.0,275,185,34,9,250000,2500000,2,1399137.9310344828
25.0,18,0.05555555555555555,0.05555555555555555,0.0,1620,5,1,1,3500000,3500000,2,1399137.9310344828
31.0,1,0.0,0.0,0.0,16,270,2,0,500000,950000,2,1399137.9310344828
27.0,15,0.06666666666666667,0.06666666666666667,0.0,1350,9,3,1,3000000,3000000,2,1399137.9310344828
21.0,9,0.0,0.0,0.0,532,0,0,0,50000,50000,2,1399137.9310344828
29.0,18,0.0,0.11235955056179775,0.0,1602,424,73,1,1000000,1000000,3,1399137.9310344828
23.0,16,0.0,0.0,0.0,680,103,18,1,600000,600000,3,1399137.9310344828
18.0,15,0.07778738115816768,0.0,0.0,1157,0,0,0,500000,500000,3,1399137.9310344828
20.0,7,0.6545454545454545,0.4909090909090909,0.0,550,0,0,1,500000,500000,3,1399137.9310344828
29.0,16,0.0,0.10830324909747292,0.0,831,0,0,2,300000,875000,3,1399137.9310344828
30.0,18,0.33063923585598826,0.33063923585598826,0.0,1361,529,56,3,5500000,7000000,3,1399137.9310344828
26.0,12,0.0,0.0,0.0,825,36,5,6,3000000,4000000,3,1399137.9310344828
18.0,5,0.425531914893617,0.0,0.0,423,9,1,0,100000,100000,3,1399137.9310344828
21.0,8,0.1744186046511628,0.0,0.0,516,35,8,3,3500000,3500000,4,1399137.9310344828
32.0,35,0.10609037328094302,0.07072691552062868,0.0,2545,347,18,1,400000,850000,4,1399137.9310344828
27.0,28,0.0,0.0,0.0,1355,229,39,0,300000,800000,4,1399137.9310344828
18.0,5,1.171875,0.0,0.0,384,0,0,0,400000,400000,4,1399137.9310344828
33.0,10,0.2706766917293233,0.13533834586466165,0.0,665,156,26,3,3000000,6000000,4,1399137.9310344828
24.0,44,0.7232704402515723,0.12578616352201258,0.0,2862,184,31,2,2500000,3500000,4,1399137.9310344828
24.0,11,0.0,0.0,0.0,273,19,3,1,500000,500000,4,1399137.9310344828
33.0,18,0.5750798722044729,0.0,0.0,313,475,61,9,500000,9000000,4,1399137.9310344828
30.0,15,0.581270182992465,0.193756727664155,0.0,929,455,28,0,400000,4500000,4,1399137.9310344828
30.0,18,0.0,0.0,1.2777777777777777,1620,212,24,2,800000,1300000,1,1288709.677419355
29.0,0,,,,0,175,7,6,500000,1500000,1,1288709.677419355
24.0,0,,,,0,0,0,0,150000,150000,1,1288709.677419355
25.0,13,0.23076923076923078,0.0,0.0,1170,286,20,0,1500000,1500000,2,1288709.677419355
28.0,1,0.0,0.0,0.0,1,243,42,0,800000,800000,2,1288709.677419355
32.0,12,0.09355509355509356,0.0,0.0,962,248,23,0,800000,1700000,2,1288709.677419355
30.0,12,0.0,0.0,0.0,900,660,80,2,600000,800000,2,1288709.677419355
16.0,2,0.0,0.0,0.0,143,0,0,0,500000,500000,2,1288709.677419355
21.0,3,0.0,0.0,0.0,110,0,0,0,200000,200000,2,1288709.677419355
26.0,19,0.061224489795918366,0.30612244897959184,0.0,1470,0,0,1,1200000,1800000,2,1288709.677419355
20.0,11,0.1875,0.0,0.0,480,52,2,0,200000,200000,2,1288709.677419355
25.0,4,0.0,0.0,0.0,292,0,0,0,150000,150000,2,1288709.677419355
28.0,9,0.0,0.2830188679245283,0.0,636,57,7,1,2000000,2000000,2,1288709.677419355
30.0,8,0.0,0.0,0.0,507,906,113,3,600000,6000000,2,1288709.677419355
23.0,44,0.0,0.0690978886756238,0.0,2605,31,6,0,1200000,1200000,3,1288709.677419355
32.0,46,0.0,0.10256410256410256,0.0,3510,405,46,2,400000,1000000,3,1288709.677419355
24.0,78,0.05932762030323006,0.044495715227422544,0.0,6068,0,0,0,8000000,8000000,3,1288709.677419355
32.0,73,0.07957559681697612,0.09946949602122016,0.0,4524,60,7,2,2000000,4000000,3,1288709.677419355
27.0,14,0.0,0.0,0.0,1159,278,39,1,1000000,1000000,3,1288709.677419355
21.0,16,0.2843601895734597,0.14218009478672985,0.0,633,18,2,0,2000000,2000000,3,1288709.677419355
30.0,52,0.18202831551574689,0.07801213522103438,0.0,3461,54,7,1,500000,4000000,3,1288709.677419355
29.0,11,0.0,0.0,0.0,422,8,2,5,2000000,4000000,4,1288709.677419355
17.0,6,0.0,0.0,0.0,31,0,0,0,1000000,1000000,4,1288709.677419355
28.0,10,0.0,0.0,0.0,162,17,4,0,800000,2800000,4,1288709.677419355
28.0,45,0.05626758361988121,0.05626758361988121,0.0,3199,417,70,3,500000,3000000,4,1288709.677419355
35.0,12,0.0,0.0,0.0,872,203,23,4,500000,4000000,4,1288709.677419355
27.0,43,0.42988741044012285,0.12282497441146366,0.0,2931,374,51,2,5000000,5000000,4,1288709.677419355
32.0,48,0.39215686274509803,0.09803921568627451,0.0,2754,538,74,1,3000000,35000000,4,1288709.677419355
25.0,4,0.0,0.0,0.0,203,357,59,1,1000000,1500000,4,1288709.677419355
18.0,4,0.0,0.3202846975088968,0.0,281,0,0,0,800000,800000,4,1288709.677419355
32.0,1,0.0,0.0,0.0,67,245,41,1,250000,650000,4,1288709.677419355
26.0,17,0.0,0.0,0.9411764705882353,1530,0,0,5,600000,600000,1,1298333.3333333333
32.0,0,,,,0,386,41,3,150000,300000,1,1298333.3333333333
23.0,10,0.0,0.0,0.8181818181818182,990,0,0,0,150000,150000,1,1298333.3333333333
26.0,16,0.0,0.0,0.0,1440,0,0,0,2000000,2000000,2,1298333.3333333333
23.0,15,0.14342629482071714,0.0,0.0,1255,136,23,0,1000000,1000000,2,1298333.3333333333
24.0,6,0.0,0.0,0.0,601,0,0,1,200000,350000,2,1298333.3333333333
23.0,3,0.0,0.0,0.0,221,0,0,0,100000,100000,2,1298333.3333333333
20.0,15,0.0,0.26666666666666666,0.0,1350,11,2,0,2500000,2500000,2,1298333.3333333333
17.0,6,0.0,0.0,0.0,395,0,0,0,150000,150000,2,1298333.3333333333
21.0,11,0.0,0.11056511056511056,0.0,814,0,0,0,25000,25000,2,1298333.3333333333
25.0,16,0.0,0.0,0.0,1100,349,41,1,1500000,2000000,2,1298333.3333333333
24.0,13,0.0,0.0,0.0,898,0,0,0,1000000,1000000,2,1298333.3333333333
18.0,6,0.2158273381294964,0.0,0.0,417,0,0,0,0,0,3,1298333.3333333333
20.0,7,0.0,0.0,0.0,560,0,0,0,1000000,1000000,3,1298333.3333333333
23.0,15,0.0,0.06901840490797546,0.0,1304,45,5,1,3500000,3500000,3,1298333.3333333333
23.0,9,0.0,0.0,0.0,457,36,4,0,1500000,1500000,3,1298333.3333333333
20.0,0,,,,0,0,0,0,200000,200000,3,1298333.3333333333
17.0,7,0.0,0.0,0.0,415,0,0,0,100000,100000,3,1298333.3333333333
21.0,10,0.0,0.0,0.0,566,0,0,0,75000,75000,3,1298333.3333333333
26.0,40,0.12195121951219512,0.03048780487804878,0.0,2952,50,10,3,3500000,3500000,3,1298333.3333333333
22.0,9,0.0,0.0,0.0,699,14,0,0,2000000,2000000,3,1298333.3333333333
20.0,10,0.0,0.0,0.0,466,67,9,0,600000,800000,3,1298333.3333333333
26.0,5,0.0,0.0,0.0,297,138,26,2,6000000,6000000,4,1298333.3333333333
24.0,14,0.11904761904761904,0.0,0.0,756,0,0,1,1500000,1500000,4,1298333.3333333333
17.0,1,0.0,0.0,0.0,19,169,29,0,1000000,1000000,4,1298333.3333333333
21.0,15,0.0,0.0,0.0,1145,0,0,0,600000,600000,4,1298333.3333333333
25.0,74,0.43385109801821103,0.17675415104445635,0.0,5601,332,55,4,5000000,5500000,4,1298333.3333333333
21.0,14,0.0,0.0,0.0,659,0,0,0,1500000,1500000,4,1298333.3333333333
31.0,16,0.20785219399538107,0.0,0.0,866,69,2,1,1000000,1000000,4,1298333.3333333333
27.0,17,0.26049204052098407,0.0,0.0,691,18,2,0,500000,500000,4,1298333.3333333333
29.0,12,0.0,0.0,1.5,1080,216,29,3,500000,500000,1,1380357.142857143
33.0,5,0.0,0.0,1.0,450,40,7,1,150000,600000,1,1380357.142857143
21.0,0,,,,0,0,0,0,100000,100000,1,1380357.142857143
31.0,15,0.06666666666666667,0.0,0.0,1350,52,3,5,1500000,1750000,2,1380357.142857143
25.0,16,0.0,0.0,0.0,1426,0,0,1,500000,500000,2,1380357.142857143
35.0,11,0.0,0.0,0.0,487,122,16,2,300000,4000000,2,1380357.142857143
26.0,13,0.09155645981688708,0.09155645981688708,0.0,983,0,0,0,2000000,3000000,2,1380357.142857143
24.0,6,0.0,0.0,0.0,333,0,0,0,250000,250000,2,1380357.142857143
20.0,15,0.1366742596810934,0.1366742596810934,0.0,1317,0,0,0,2000000,2000000,2,1380357.142857143
23.0,3,0.0,0.0,0.0,105,20,5,1,800000,1000000,2,1380357.142857143
30.0,9,0.0,0.0,0.0,501,125,17,1,400000,750000,2,1380357.142857143
20.0,4,0.0,0.0,0.0,162,344,32,1,3000000,3000000,3,1380357.142857143
24.0,80,0.3767379279413963,0.24218866796232622,0.0,6689,83,15,3,9000000,9000000,3,1380357.142857143
25.0,6,0.0,0.16981132075471697,0.0,530,501,54,2,2500000,2500000,3,1380357.142857143
25.0,13,0.11363636363636363,0.11363636363636363,0.0,792,105,15,1,1800000,1800000,3,1380357.142857143
37.0,17,0.0,0.0,0.0,1530,80,12,2,200000,900000,3,1380357.142857143
22.0,0,,,,0,0,0,0,0,0,3,1380357.142857143
35.0,3,0.0,0.0,0.0,20,509,56,3,1000000,6000000,3,1380357.142857143
23.0,17,0.0,0.1420678768745067,0.0,1267,0,0,0,3000000,3000000,4,1380357.142857143
31.0,11,0.2694610778443114,0.1347305389221557,0.0,668,393,53,1,1500000,1500000,4,1380357.142857143
32.0,7,0.0,0.35856573705179284,0.0,251,55,8,3,1000000,4500000,4,1380357.142857143
26.0,12,0.0,0.0,0.0,474,103,18,3,1000000,1000000,4,1380357.142857143
28.0,16,0.0,0.0,0.0,532,588,80,6,3000000,4500000,4,1380357.142857143
29.0,7,0.0,0.0,0.0,76,597,67,2,2000000,4000000,4,1380357.142857143
29.0,61,0.5717916137229987,0.11435832274459974,0.0,3148,0,0,6,500000,1100000,4,1380357.142857143
23.0,12,0.20270270270270271,0.20270270270270271,0.0,444,0,0,0,400000,400000,4,1380357.142857143
19.0,6,0.6870229007633588,0.0,0.0,262,77,11,0,150000,150000,4,1380357.142857143
24.0,7,0.0,0.0,0.0,229,123,20,0,100000,100000,4,1380357.142857143
34.0,3,0.0,0.0,1.0,270,85,16,4,600000,4500000,1,1379464.2857142857
37.0,0,,,,0,12,2,4,150000,700000,1,1379464.2857142857
23.0,7,0.0,0.0,1.3636363636363635,660,0,0,1,125000,125000,1,1379464.2857142857
22.0,14,0.0,0.0,1.5,1260,0,0,0,75000,75000,1,1379464.2857142857
29.0,24,0.0,0.10882708585247884,0.0,1654,357,39,7,2000000,4000000,2,1379464.2857142857
24.0,10,0.0,0.0,0.0,836,74,8,2,800000,800000,2,1379464.2857142857
23.0,12,0.0,0.0,0.0,937,0,0,0,300000,300000,2,1379464.2857142857
35.0,23,0.0,0.0,0.0,1419,555,76,3,300000,650000,2,1379464.2857142857
22.0,4,0.0,0.0,0.0,360,0,0,0,75000,75000,2,1379464.2857142857
25.0,13,0.08763388510223953,0.0,0.0,1027,64,1,5,2500000,2500000,2,1379464.2857142857
29.0,9,0.9782608695652174,0.0,0.0,92,728,63,4,1200000,1500000,2,1379464.2857142857
22.0,7,0.0,0.18442622950819673,0.0,488,8,1,0,75000,75000,2,1379464.2857142857
24.0,5,0.0,0.2179176755447942,0.0,413,38,4,0,75000,75000,2,1379464.2857142857
28.0,17,0.0,0.06016042780748663,0.0,1496,0,0,0,1500000,2000000,2,1379464.2857142857
23.0,16,0.0,0.1956521739130435,0.0,1380,0,0,0,400000,400000,2,1379464.2857142857
32.0,17,0.0,0.0,0.0,1427,204,32,7,2500000,3500000,3,1379464.2857142857
21.0,17,0.18,0.12,0.0,1500,258,37,2,1500000,1500000,3,1379464.2857142857
23.0,3,0.0,0.0,0.0,4,0,0,1,250000,250000,3,1379464.2857142857
23.0,14,0.2179176755447942,0.0,0.0,413,0,0,0,150000,150000,3,1379464.2857142857
24.0,2,0.0,0.0,0.0,90,149,21,2,2000000,2000000,3,1379464.2857142857
30.0,15,0.5,0.42857142857142855,0.0,1260,53,5,9,7000000,10000000,3,1379464.2857142857
23.0,21,0.0,0.33962264150943394,0.0,1325,118,3,4,1000000,1500000,4,1379464.2857142857
26.0,37,0.2949610815239656,0.1474805407619828,0.0,2441,44,5,0,1800000,1800000,4,1379464.2857142857
32.0,3,0.0,0.0,0.0,13,1075,121,4,500000,2000000,4,1379464.2857142857
22.0,4,0.8823529411764706,0.8823529411764706,0.0,102,0,0,0,150000,150000,4,1379464.2857142857
24.0,39,0.33976510067114096,0.30201342281879195,0.0,2384,0,0,1,10000000,12000000,4,1379464.2857142857
20.0,15,0.5294117647058824,0.0,0.0,340,0,0,1,1000000,1000000,4,1379464.2857142857
32.0,73,0.4246153846153846,0.11076923076923077,0.0,4875,73,8,3,600000,1300000,4,1379464.2857142857
30.0,32,0.0,0.0,1.2061855670103092,2910,87,7,3,1500000,1800000,1,1133823.5294117648
27.0,3,0.0,0.0,2.0,270,261,21,1,400000,800000,1,1133823.5294117648
23.0,7,0.0,0.0,1.5714285714285714,630,23,6,0,75000,75000,1,1133823.5294117648
22.0,7,0.0,0.0,1.3636363636363635,660,0,0,0,25000,25000,1,1133823.5294117648
28.0,13,0.0,0.0,0.0,1074,75,2,3,2500000,2500000,2,1133823.5294117648
26.0,1,0.0,0.0,0.0,30,648,76,4,1000000,1000000,2,1133823.5294117648
21.0,52,0.0,0.0,0.0,4179,0,0,0,1000000,1000000,2,1133823.5294117648
24.0,17,0.0734094616639478,0.0,0.0,1226,0,0,0,250000,350000,2,1133823.5294117648
18.0,12,0.0,0.0,0.0,1048,0,0,0,25000,25000,2,1133823.5294117648
30.0,4,0.0,0.0,0.0,190,106,21,3,800000,800000,2,1133823.5294117648
20.0,6,0.0,0.20689655172413793,0.0,435,0,0,0,100000,100000,2,1133823.5294117648
23.0,11,0.0,0.0,0.0,673,123,17,0,1500000,1500000,2,1133823.5294117648
30.0,57,0.0,0.05474452554744526,0.0,4932,0,0,1,1000000,1500000,2,1133823.5294117648
36.0,13,0.0,0.10078387458006718,0.0,893,172,30,8,100000,1100000,2,1133823.5294117648
22.0,4,0.0,0.0,0.0,365,0,0,0,25000,25000,3,1133823.5294117648
21.0,9,1.4173228346456692,0.0,0.0,127,0,0,0,25000,25000,3,1133823.5294117648
33.0,42,0.025231286795626577,0.17661900756938603,0.0,3567,389,58,0,1000000,7000000,3,1133823.5294117648
21.0,5,0.0,0.0,0.0,67,99,0,0,250000,250000,3,1133823.5294117648
27.0,17,0.0,0.0,0.0,1453,0,0,0,1500000,1500000,3,1133823.5294117648
26.0,16,0.0,0.0,0.0,1311,13,2,0,500000,600000,3,1133823.5294117648
22.0,9,0.2452316076294278,0.2452316076294278,0.0,367,19,5,0,2500000,2500000,3,1133823.5294117648
24.0,39,0.22686352178610011,0.09722722362261434,0.0,2777,27,3,1,2500000,2500000,3,1133823.5294117648
25.0,6,0.0,0.0,0.0,209,0,0,0,3000000,3000000,4,1133823.5294117648
25.0,29,0.05067567567567568,0.20270270270270271,0.0,1776,22,6,1,2500000,4000000,4,1133823.5294117648
34.0,9,0.27565084226646247,0.5513016845329249,0.0,653,0,0,2,450000,2500000,4,1133823.5294117648
15.0,1,0.0,0.0,0.0,65,0,0,0,25000,25000,4,1133823.5294117648
21.0,9,0.10344827586206896,0.10344827586206896,0.0,870,0,0,0,25000,25000,4,1133823.5294117648
25.0,11,0.0,0.19148936170212766,0.0,470,33,9,0,600000,600000,4,1133823.5294117648
17.0,11,0.0,0.23136246786632392,0.0,389,0,0,0,150000,150000,4,1133823.5294117648
27.0,13,0.23642732049036777,0.0,0.0,1142,61,3,2,6000000,6000000,4,1133823.5294117648
26.0,45,0.26578073089701,0.16611295681063123,0.0,2709,3,1,3,5000000,6000000,4,1133823.5294117648
20.0,7,0.27993779160186627,0.27993779160186627,0.0,643,341,42,0,1200000,1500000,4,1133823.5294117648
21.0,47,0.27153871940998997,0.030170968823332214,0.0,2983,0,0,0,1000000,1000000,4,1133823.5294117648
22.0,4,1.0,0.0,0.0,90,0,0,0,25000,25000,4,1133823.5294117648
22.0,5,0.0,0.0,1.4,450,0,0,0,500000,500000,1,1215000.0
37.0,7,0.0,0.0,1.1822660098522169,609,358,35,2,250000,1000000,1,1215000.0
29.0,7,0.0,0.0,1.2834224598930482,561,123,16,1,200000,250000,1,1215000.0
22.0,36,0.05834683954619125,0.0,0.0,3085,0,0,0,1500000,1500000,2,1215000.0
29.0,11,0.09345794392523364,0.0,0.0,963,0,0,0,1000000,1200000,2,1215000.0
33.0,14,0.0,0.0,0.0,1145,984,110,8,600000,4000000,2,1215000.0
27.0,14,0.0,0.0,0.0,802,910,90,0,600000,600000,2,1215000.0
25.0,7,0.19189765458422176,0.0,0.0,469,0,0,0,200000,200000,2,1215000.0
21.0,1,0.0,0.0,0.0,4,0,0,0,50000,50000,2,1215000.0
23.0,21,0.0,0.0,0.0,1706,256,37,0,2000000,2000000,2,1215000.0
29.0,25,0.0,0.121049092131809,0.0,1487,693,75,0,1000000,4000000,2,1215000.0
20.0,1,0.0,0.0,0.0,4,0,0,0,1500000,1500000,2,1215000.0
36.0,14,0.0,0.10416666666666667,0.0,864,119,17,5,200000,750000,2,1215000.0
30.0,30,0.0,0.0,0.0,1957,288,33,1,1500000,8000000,3,1215000.0
28.0,17,0.0,0.12379642365887207,0.0,1454,47,5,0,1800000,3500000,3,1215000.0
24.0,11,0.0,0.0,0.0,313,0,0,1,1500000,1500000,3,1215000.0
22.0,4,0.0,0.0,0.0,132,0,0,0,1000000,1000000,3,1215000.0
36.0,13,0.0,0.0,0.0,589,345,41,4,0,0,3,1215000.0
21.0,10,0.0,0.0,0.0,634,0,0,0,200000,200000,3,1215000.0
21.0,1,0.0,0.0,0.0,6,0,0,0,50000,50000,3,1215000.0
29.0,8,0.5660377358490566,0.5660377358490566,0.0,318,638,61,0,4000000,4000000,3,1215000.0
28.0,30,0.1053864168618267,0.1053864168618267,0.0,1708,383,45,0,1800000,6000000,3,1215000.0
19.0,10,0.27993779160186627,0.0,0.0,643,0,0,0,200000,200000,3,1215000.0
26.0,18,0.22712933753943218,0.11356466876971609,0.0,1585,39,6,1,5000000,7500000,4,1215000.0
21.0,37,0.0846262341325811,0.0846262341325811,0.0,2127,32,0,2,1500000,1500000,4,1215000.0
33.0,10,0.23468057366362452,0.11734028683181226,0.0,767,202,29,0,2000000,2000000,4,1215000.0
32.0,13,0.2818371607515658,0.0,0.0,958,549,63,7,3000000,9000000,4,1215000.0
23.0,40,0.2689243027888446,0.0,0.0,3012,84,18,0,2500000,2500000,4,1215000.0
29.0,13,0.0,0.0,0.0,466,346,52,0,800000,1000000,4,1215000.0
22.0,1,,,,0,0,0,0,0,0,4,1215000.0
25.0,52,0.0,0.0,1.5192307692307692,4680,16,2,0,1500000,1600000,1,1118750.0
34.0,17,0.0,0.0,1.2941176470588236,1530,0,0,2,650000,2000000,1,1118750.0
20.0,3,0.0,0.0,0.42857142857142855,210,0,0,0,175000,175000,1,1118750.0
29.0,67,0.030933150025777626,0.0,0.0,5819,60,11,2,2000000,2500000,2,1118750.0
28.0,20,0.11583011583011583,0.0,0.0,1554,29,2,0,1500000,1500000,2,1118750.0
23.0,2,0.0,0.0,0.0,39,467,55,2,1000000,1000000,2,1118750.0
31.0,19,0.0,0.0,0.0,1616,224,23,5,800000,2000000,2,1118750.0
22.0,0,,,,0,0,0,1,125000,125000,2,1118750.0
23.0,5,0.0,0.0,0.0,210,63,10,0,50000,50000,2,1118750.0
26.0,53,0.0,0.04356243949661181,0.0,4132,0,0,6,600000,700000,2,1118750.0
23.0,9,0.0,0.0,0.0,331,0,0,0,100000,100000,2,1118750.0
19.0,8,0.0,0.4400977995110024,0.0,409,213,0,0,50000,50000,2,1118750.0
29.0,17,0.0,0.0,0.0,1505,35,6,0,1500000,1500000,2,1118750.0
20.0,6,0.0,0.0,0.0,570,69,8,0,250000,350000,2,1118750.0
36.0,7,0.0,0.0,0.0,384,198,25,7,150000,800000,2,1118750.0
20.0,11,0.0,0.0,0.0,393,103,12,2,2500000,2500000,3,1118750.0
20.0,13,0.0,0.0,0.0,376,138,0,1,1000000,1000000,3,1118750.0
30.0,4,0.0,0.0,0.0,217,171,31,2,2500000,2500000,3,1118750.0
29.0,13,0.0,0.0,0.0,888,203,7,0,2000000,2000000,3,1118750.0
25.0,55,0.20440608675902794,0.14308426073131955,0.0,4403,119,8,1,800000,800000,3,1118750.0
34.0,19,0.13043478260869565,0.0,0.0,690,61,13,2,175000,550000,3,1118750.0
21.0,12,0.16997167138810199,0.33994334277620397,0.0,1059,306,32,0,125000,125000,3,1118750.0
28.0,55,0.1588502269288956,0.11346444780635401,0.0,3966,343,31,0,550000,775000,3,1118750.0
21.0,30,0.3438395415472779,0.0,0.0,1047,17,2,0,2000000,6000000,3,1118750.0
22.0,4,0.8530805687203792,0.0,0.0,211,0,0,0,1000000,1000000,3,1118750.0
23.0,15,0.12362637362637363,0.0,0.0,728,0,0,0,3500000,4500000,4,1118750.0
25.0,18,0.09814612868047982,0.0,0.0,917,18,2,2,1500000,1500000,4,1118750.0
23.0,3,0.0,1.0344827586206897,0.0,87,106,16,0,200000,200000,4,1118750.0
32.0,17,0.12569832402234637,0.12569832402234637,0.0,716,25,3,2,1500000,2000000,4,1118750.0
22.0,8,0.0,0.0,0.0,175,416,50,0,1200000,1200000,4,1118750.0
30.0,10,0.0,0.23076923076923078,0.0,780,369,24,1,4000000,4000000,4,1118750.0
18.0,11,0.0,0.15817223198594024,0.0,569,0,0,0,800000,800000,4,1118750.0
27.0,25,0.0,0.0,1.08,2250,8,2,2,1000000,1000000,1,1371153.8461538462
23.0,4,0.0,0.0,1.4713896457765667,367,509,43,2,500000,500000,1,1371153.8461538462
21.0,0,,,,0,0,0,2,400000,400000,1,1371153.8461538462
18.0,5,0.0,0.0,1.5,480,0,0,0,100000,100000,1,1371153.8461538462
24.0,19,0.0,0.056355666875391355,0.0,1597,169,15,3,1200000,1700000,2,1371153.8461538462
24.0,18,0.0,0.13313609467455623,0.0,1352,0,0,2,1000000,1000000,2,1371153.8461538462
23.0,15,0.0,0.0,0.0,985,28,4,5,750000,750000,2,1371153.8461538462
18.0,9,0.12362637362637363,0.0,0.0,728,0,0,0,400000,400000,2,1371153.8461538462
22.0,3,0.0,0.0,0.0,101,0,0,2,350000,350000,2,1371153.8461538462
30.0,15,0.0,0.0,0.0,1170,181,28,3,400000,1500000,2,1371153.8461538462
22.0,5,0.3157894736842105,0.0,0.0,285,0,0,1,250000,250000,3,1371153.8461538462
26.0,19,0.05806451612903226,0.0,0.0,1550,52,9,3,2000000,2000000,2,1371153.8461538462
27.0,41,0.02773497688751926,0.11093990755007704,0.0,3245,72,10,4,4000000,4000000,3,1371153.8461538462
30.0,7,0.0,0.0,0.0,276,200,23,3,600000,1000000,3,1371153.8461538462
23.0,5,0.0,0.0,0.0,178,0,0,1,150000,150000,3,1371153.8461538462
21.0,21,0.1998519615099926,0.0,0.0,1351,0,0,3,3000000,3000000,3,1371153.8461538462
22.0,17,0.0,0.26239067055393583,0.0,686,49,10,3,600000,600000,3,1371153.8461538462
29.0,20,0.18255578093306288,0.36511156186612576,0.0,1479,3,1,5,2500000,4500000,3,1371153.8461538462
29.0,45,0.05416792055371652,0.08125188083057479,0.0,3323,391,45,3,2000000,7500000,3,1371153.8461538462
24.0,13,0.0,0.0,0.0,682,0,0,2,1500000,1500000,3,1371153.8461538462
27.0,18,0.12829650748396293,0.25659301496792586,0.0,1403,190,30,3,6500000,6500000,3,1371153.8461538462
19.0,12,0.32066508313539194,0.0,0.0,842,0,0,0,200000,200000,4,1371153.8461538462
23.0,11,0.0,0.0,0.0,181,251,20,2,2500000,3000000,4,1371153.8461538462
27.0,20,0.5106382978723404,0.0,0.0,1410,55,8,3,2000000,3000000,4,1371153.8461538462
25.0,27,0.0,0.09211873080859775,0.0,977,356,41,1,1500000,2000000,4,1371153.8461538462
23.0,14,0.7331975560081466,0.0,0.0,491,0,0,1,250000,250000,4,1371153.8461538462
19.0,14,0.0,0.0,1.725,1200,18,1,0,1500000,1500000,1,1178333.3333333333
30.0,2,0.0,0.0,3.0,180,0,0,0,350000,350000,1,1178333.3333333333
31.0,4,0.0,0.0,1.0909090909090908,330,92,12,1,200000,800000,1,1178333.3333333333
22.0,10,0.0,0.0,0.0,755,114,15,0,1000000,1000000,2,1178333.3333333333
25.0,13,0.0,0.0,0.0,766,18,4,0,850000,850000,2,1178333.3333333333
33.0,35,0.06380716058135413,0.0,0.0,2821,128,11,2,800000,2200000,2,1178333.3333333333
27.0,4,0.0,0.0,0.0,291,261,20,0,300000,300000,2,1178333.3333333333
23.0,9,0.0,0.0,0.0,553,41,5,0,100000,100000,2,1178333.3333333333
22.0,55,0.0,0.0,0.0,4242,0,0,0,1200000,1500000,2,1178333.3333333333
24.0,12,0.0,0.17408123791102514,0.0,1034,36,6,0,800000,800000,2,1178333.3333333333
31.0,65,0.0,0.10932944606413994,0.0,4116,0,0,0,2000000,5000000,2,1178333.3333333333
26.0,9,0.0,0.0,0.0,466,0,0,0,275000,275000,2,1178333.3333333333
19.0,10,0.10882708585247884,0.10882708585247884,0.0,827,0,0,0,50000,50000,2,1178333.3333333333
23.0,10,0.0,0.0,0.0,642,45,6,0,4000000,5000000,3,1178333.3333333333
31.0,16,0.0,0.0,0.0,1077,200,9,0,2000000,4500000,3,1178333.3333333333
19.0,0,,,,0,0,0,0,100000,100000,3,1178333.3333333333
18.0,7,0.0,0.0,0.0,446,0,0,0,125000,125000,3,1178333.3333333333
20.0,5,0.0,0.0,0.0,249,0,0,0,100000,100000,3,1178333.3333333333
19.0,16,0.0,0.24171888988361684,0.0,1117,0,0,0,2000000,2000000,3,1178333.3333333333
24.0,74,0.3308012741975006,0.19848076451850036,0.0,4081,10,0,2,600000,600000,3,1178333.3333333333
31.0,29,0.14055179593961478,0.18740239458615304,0.0,1921,512,60,20,4000000,25000000,3,1178333.3333333333
22.0,46,0.08520037866834963,0.11360050489113285,0.0,3169,258,19,3,5000000,5000000,4,1178333.3333333333
26.0,25,0.1884159106769016,0.0628053035589672,0.0,1433,6,2,0,2500000,3500000,4,1178333.3333333333
29.0,15,0.0,0.0,0.0,831,163,14,0,800000,1000000,4,1178333.3333333333
20.0,8,0.0,0.0,0.0,459,0,0,0,200000,200000,4,1178333.3333333333
30.0,15,0.36193029490616624,0.12064343163538874,0.0,746,645,67,3,2000000,3000000,4,1178333.3333333333
19.0,59,0.5869565217391305,0.03260869565217391,0.0,2760,21,5,2,2000000,2000000,4,1178333.3333333333
23.0,4,0.0,0.0,0.0,159,90,16,0,250000,250000,4,1178333.3333333333
38.0,17,0.3161592505854801,0.1053864168618267,0.0,854,18,3,1,150000,1000000,4,1178333.3333333333
20.0,8,0.0,0.0,0.0,522,56,7,0,100000,100000,4,1178333.3333333333
25.0,17,0.0,0.0,1.411764705882353,1530,0,0,0,800000,800000,1,1146666.6666666667
32.0,0,,,,0,235,29,1,600000,2500000,1,1146666.6666666667
22.0,0,,,,0,0,0,0,150000,150000,1,1146666.6666666667
22.0,2,0.0,0.0,3.0,180,0,0,0,25000,25000,1,1146666.6666666667
26.0,8,0.0,0.0,0.0,692,0,0,1,4000000,4000000,2,1146666.6666666667
32.0,39,0.0,0.03214285714285714,0.0,2800,476,61,19,2000000,5000000,2,1146666.6666666667
24.0,6,0.0,0.0,0.0,258,0,0,0,600000,600000,2,1146666.6666666667
20.0,6,0.4147465437788018,0.0,0.0,217,804,84,0,75000,100000,2,1146666.6666666667
28.0,4,0.2786377708978328,0.2786377708978328,0.0,323,0,0,0,800000,800000,2,1146666.6666666667
26.0,20,0.0,0.0,0.0,1519,194,20,0,600000,600000,2,1146666.6666666667
19.0,3,0.0,0.0,0.0,109,59,7,0,400000,400000,2,1146666.6666666667
29.0,40,0.0,0.027141133896260553,0.0,3316,337,37,4,2000000,8000000,2,1146666.6666666667
20.0,2,0.0,1.0,0.0,90,0,0,0,300000,300000,2,1146666.6666666667
29.0,3,0.0,0.0,0.0,253,82,15,0,2500000,2500000,3,1146666.6666666667
31.0,9,0.0,0.0,0.0,761,0,0,1,900000,1000000,3,1146666.6666666667
31.0,6,0.0,0.0,0.0,130,122,15,2,400000,800000,3,1146666.6666666667
19.0,8,0.20454545454545456,0.20454545454545456,0.0,440,0,0,0,250000,250000,3,1146666.6666666667
29.0,9,0.0,0.3345724907063197,0.0,807,34,9,0,1500000,2000000,3,1146666.6666666667
18.0,13,0.0,0.12295081967213115,0.0,732,0,0,0,1500000,1500000,3,1146666.6666666667
29.0,41,0.04065040650406504,0.12195121951219512,0.0,2214,77,13,7,3500000,10000000,3,1146666.6666666667
28.0,14,0.0,0.0,0.0,606,20,2,0,800000,800000,4,1146666.6666666667
24.0,1,0.0,0.0,0.0,12,408,45,0,500000,600000,4,1146666.6666666667
19.0,2,0.0,0.0,0.0,15,57,6,0,400000,400000,4,1146666.6666666667
22.0,1,0.0,0.0,0.0,11,0,0,0,300000,300000,4,1146666.6666666667
18.0,0,,,,0,0,0,0,100000,125000,4,1146666.6666666667
30.0,15,0.27720739219712526,0.0,0.0,974,521,56,5,4000000,17500000,4,1146666.6666666667
22.0,26,0.3683492496589359,0.061391541609822645,0.0,1466,139,21,2,3000000,3000000,4,1146666.6666666667
28.0,27,0.144617032672737,0.048205677557579006,0.0,1867,0,0,1,1200000,2000000,4,1146666.6666666667
27.0,36,0.27842227378190254,0.0,0.0,1293,489,51,1,1000000,4000000,4,1146666.6666666667
21.0,9,0.6870229007633588,0.0,0.0,131,0,0,0,200000,200000,4,1146666.6666666667
26.0,16,0.0,0.0,1.3125,1440,8,2,0,1500000,1500000,1,1209821.4285714286
28.0,0,,,,0,0,0,0,175000,175000,1,1209821.4285714286
34.0,1,0.0,0.0,1.0,90,98,7,5,150000,600000,1,1209821.4285714286
19.0,12,0.0,0.0,2.3846153846153846,1170,0,0,0,100000,100000,1,1209821.4285714286
26.0,55,0.0,0.0,0.0,4616,134,16,1,2000000,2000000,2,1209821.4285714286
33.0,26,0.03987594151528578,0.0,0.0,2257,607,59,0,750000,4000000,2,1209821.4285714286
30.0,1,0.0,0.0,0.0,72,0,0,3,500000,800000,2,1209821.4285714286
32.0,5,0.0,0.0,0.0,165,23,2,1,300000,700000,2,1209821.4285714286
34.0,16,0.0625,0.0,0.0,1440,35,6,4,300000,650000,2,1209821.4285714286
21.0,3,0.0,0.0,0.0,180,60,11,0,250000,250000,2,1209821.4285714286
30.0,13,0.0,0.0,0.0,1104,133,25,2,500000,2000000,2,1209821.4285714286
22.0,1,0.0,0.0,0.0,116,102,18,0,125000,125000,2,1209821.4285714286
20.0,2,0.0,0.0,0.0,47,0,0,0,75000,75000,2,1209821.4285714286
25.0,15,0.0,0.0,0.0,1329,0,0,0,600000,600000,2,1209821.4285714286
31.0,9,0.0,0.16129032258064516,0.0,558,227,34,0,350000,750000,2,1209821.4285714286
30.0,14,0.0,0.0,0.0,1110,212,32,0,1500000,3000000,3,1209821.4285714286
25.0,24,0.2054794520547945,0.0,0.0,1752,32,6,0,1000000,1000000,3,1209821.4285714286
25.0,17,0.0,0.08419083255378859,0.0,1069,253,30,0,3000000,3000000,3,1209821.4285714286
22.0,11,0.0,0.0,0.0,609,0,0,2,750000,750000,3,1209821.4285714286
30.0,10,0.0,0.10011123470522804,0.0,899,128,20,7,3500000,3500000,3,1209821.4285714286
27.0,2,0.0,0.0,0.0,69,55,7,3,7500000,10000000,3,1209821.4285714286
30.0,17,0.0,0.08419083255378859,0.0,1069,54,9,0,2000000,2800000,4,1209821.4285714286
20.0,2,0.0,0.0,0.0,89,0,0,0,400000,400000,4,1209821.4285714286
19.0,1,0.0,0.0,0.0,16,313,38,0,50000,50000,4,1209821.4285714286
21.0,30,0.1361573373676248,0.0,0.0,1322,130,19,0,2000000,2000000,4,1209821.4285714286
27.0,13,0.12129380053908356,0.0,0.0,742,0,0,1,1500000,2000000,4,1209821.4285714286
22.0,32,0.16286644951140064,0.03257328990228013,0.0,2763,37,5,0,1500000,1500000,4,1209821.4285714286
24.0,16,0.141287284144427,0.0,0.0,637,0,0,0,1500000,1500000,4,1209821.4285714286
37.0,16,0.0,0.0,1.3125,1440,45,10,1,200000,900000,1,1129166.6666666667
29.0,0,,,,0,0,0,1,150000,500000,1,1129166.6666666667
19.0,7,0.0,0.0,1.1428571428571428,630,0,0,0,50000,50000,1,1129166.6666666667
27.0,1,0.0,0.0,0.0,90,218,28,0,2000000,2000000,2,1129166.6666666667
31.0,70,0.15047371354263422,0.050157904514211406,0.0,5383,629,89,12,1500000,2750000,2,1129166.6666666667
32.0,13,0.0,0.08264462809917356,0.0,1089,47,9,0,500000,1000000,2,1129166.6666666667
23.0,16,0.0,0.0,0.0,1362,152,22,0,300000,300000,2,1129166.6666666667
22.0,8,0.0,0.0,0.0,660,0,0,2,175000,175000,2,1129166.6666666667
27.0,3,0.0,0.0,0.0,168,125,20,0,2500000,3000000,2,1129166.6666666667
29.0,5,0.0,0.0,0.0,101,895,62,1,1000000,2000000,2,1129166.6666666667
22.0,49,0.023622047244094488,0.0,0.0,3810,0,0,0,850000,850000,2,1129166.6666666667
26.0,5,0.0,0.0,0.0,398,83,17,1,600000,600000,2,1129166.6666666667
28.0,13,0.0,0.0,0.0,1026,190,29,5,500000,850000,2,1129166.6666666667
24.0,6,0.0,0.0,0.0,143,0,0,0,450000,450000,2,1129166.6666666667
22.0,9,0.0,0.0,0.0,818,0,0,0,50000,50000,2,1129166.6666666667
27.0,16,0.0,0.0,0.0,1356,300,43,2,3500000,4000000,3,1129166.6666666667
27.0,11,0.0,0.0,0.0,360,465,43,1,450000,950000,3,1129166.6666666667
18.0,2,0.0,0.0,0.0,139,0,0,0,150000,150000,3,1129166.6666666667
33.0,41,0.11445527766002543,0.1526070368800339,0.0,2359,189,37,6,2800000,22000000,3,1129166.6666666667
24.0,15,0.0,0.20346646571213264,0.0,1327,0,0,2,2500000,2500000,3,1129166.6666666667
18.0,4,0.0,0.0,0.0,301,0,0,0,400000,400000,3,1129166.6666666667
23.0,7,0.0,0.0,0.0,615,0,0,0,50000,50000,3,1129166.6666666667
25.0,45,0.2871729419272495,0.14358647096362476,0.0,3134,11,1,0,1500000,2000000,3,1129166.6666666667
22.0,10,0.3345724907063197,0.0,0.0,269,0,0,0,1500000,1500000,3,1129166.6666666667
23.0,14,0.1274787535410765,0.1274787535410765,0.0,706,130,26,2,1500000,6000000,4,1129166.6666666667
20.0,11,0.28125,0.28125,0.0,320,0,0,0,300000,300000,4,1129166.6666666667
25.0,9,0.0,0.0,0.0,276,0,0,3,4500000,4500000,4,1129166.6666666667
27.0,16,0.078397212543554,0.23519163763066203,0.0,1148,38,7,0,1500000,1600000,4,1129166.6666666667
21.0,70,0.22887323943661972,0.12323943661971831,0.0,5112,0,0,0,2000000,2000000,4,1129166.6666666667
25.0,15,0.0,0.0,0.0,368,492,59,1,400000,400000,4,1129166.6666666667
32.0,17,0.0,0.0,1.0,1530,122,19,4,1500000,14000000,1,1035714.2857142857
27.0,0,,,,0,0,0,1,200000,200000,1,1035714.2857142857
25.0,2,0.0,0.0,1.125,240,0,0,0,50000,50000,1,1035714.2857142857
29.0,32,0.09544008483563096,0.0,0.0,2829,202,22,1,3500000,3500000,2,1035714.2857142857
25.0,14,0.14285714285714285,0.0,0.0,1260,0,0,0,1500000,1500000,2,1035714.2857142857
30.0,14,0.0,0.0,0.0,1260,0,0,2,1500000,1800000,2,1035714.2857142857
25.0,2,0.0,0.0,0.0,90,0,0,1,400000,400000,2,1035714.2857142857
29.0,3,0.0,0.0,0.0,16,134,15,0,300000,350000,2,1035714.2857142857
25.0,10,0.0,0.11464968152866242,0.0,785,0,0,0,125000,125000,2,1035714.2857142857
24.0,14,0.0,0.0,0.0,1043,243,12,2,800000,800000,2,1035714.2857142857
25.0,36,0.0,0.06217616580310881,0.0,2895,274,39,7,350000,700000,2,1035714.2857142857
28.0,16,0.0,0.0,0.0,1368,0,0,1,500000,700000,2,1035714.2857142857
23.0,5,0.6683168316831684,0.0,0.0,404,0,0,0,150000,150000,2,1035714.2857142857
21.0,9,0.0,0.0,0.0,681,0,0,0,50000,50000,3,1035714.2857142857
23.0,52,0.0,0.10750119445771619,0.0,4186,24,4,0,1000000,1000000,3,1035714.2857142857
22.0,12,0.0,0.0,0.0,1110,0,0,0,0,0,3,1035714.2857142857
26.0,44,0.2171664943123061,0.18614270941054809,0.0,2901,280,41,1,3000000,7000000,3,1035714.2857142857
18.0,11,0.0,0.0,0.0,419,0,0,0,2000000,2000000,3,1035714.2857142857
23.0,26,0.26392961876832843,0.4398826979472141,0.0,1023,0,0,0,1500000,1500000,3,1035714.2857142857
22.0,21,0.23076923076923078,0.23076923076923078,0.0,1560,4,0,1,1000000,1000000,3,1035714.2857142857
21.0,7,0.0,1.1538461538461537,0.0,78,0,0,0,175000,175000,3,1035714.2857142857
19.0,41,0.10465116279069768,0.10465116279069768,0.0,1720,32,4,0,1200000,1200000,4,1035714.2857142857
26.0,13,0.3172737955346651,0.3172737955346651,0.0,851,0,0,0,800000,800000,4,1035714.2857142857
23.0,14,0.1559792027729636,0.0,0.0,577,0,0,0,300000,300000,4,1035714.2857142857
27.0,23,0.3762541806020067,0.07525083612040134,0.0,1196,258,8,0,1500000,1700000,4,1035714.2857142857
26.0,40,0.2891824348446983,0.22491967154587647,0.0,2801,53,7,3,4000000,4500000,4,1035714.2857142857
22.0,54,0.3119584055459272,0.1559792027729636,0.0,2308,0,0,2,1200000,2000000,4,1035714.2857142857
16.0,9,0.33519553072625696,0.0,0.0,537,0,0,0,400000,400000,4,1035714.2857142857
26.0,2,0.0,0.0,2.0809248554913293,173,513,13,2,400000,400000,1,966071.4285714285
21.0,16,0.0,0.0,1.4591009579955785,1357,0,0,0,200000,200000,1,966071.4285714285
29.0,0,,,,0,0,0,0,125000,175000,1,966071.4285714285
27.0,16,0.06802721088435375,0.0,0.0,1323,17,2,3,2500000,2500000,2,966071.4285714285
21.0,10,0.0,0.15177065767284992,0.0,593,100,9,0,1000000,1000000,2,966071.4285714285
32.0,18,0.06414825374198146,0.0,0.0,1403,179,10,2,600000,900000,2,966071.4285714285
23.0,13,0.0,0.0,0.0,979,0,0,1,500000,800000,2,966071.4285714285
21.0,10,0.0,0.0,0.0,268,0,0,0,300000,300000,2,966071.4285714285
25.0,15,0.0,0.07666098807495741,0.0,1174,23,2,0,2000000,2000000,2,966071.4285714285
24.0,16,0.15228426395939088,0.0,0.0,591,16,3,2,1000000,1000000,2,966071.4285714285
22.0,1,0.0,0.0,0.0,9,0,0,0,25000,25000,3,966071.4285714285
31.0,20,0.0,0.0,0.0,1716,306,60,4,3500000,30000000,3,966071.4285714285
28.0,3,0.0,0.0,0.0,172,184,30,2,2500000,2500000,3,966071.4285714285
22.0,40,0.0689391037916507,0.03446955189582535,0.0,2611,0,0,0,250000,250000,3,966071.4285714285
22.0,10,0.1388888888888889,0.1388888888888889,0.0,648,24,3,0,1800000,1800000,3,966071.4285714285
19.0,11,0.0,0.0,0.0,481,0,0,0,250000,250000,3,966071.4285714285
24.0,1,0.0,0.0,0.0,13,0,0,0,200000,200000,3,966071.4285714285
24.0,18,0.11711125569290826,0.17566688353936238,0.0,1537,307,32,2,1500000,1500000,3,966071.4285714285
25.0,2,0.0,0.0,0.0,92,59,11,3,400000,500000,3,966071.4285714285
21.0,14,0.0,0.0,0.0,672,0,0,0,350000,350000,3,966071.4285714285
24.0,16,0.09090909090909091,0.0,0.0,990,250,19,5,1500000,1500000,4,966071.4285714285
22.0,7,0.0,0.0,0.0,129,86,11,1,1000000,1500000,4,966071.4285714285
28.0,10,0.1329394387001477,0.1329394387001477,0.0,677,61,12,0,600000,600000,4,966071.4285714285
31.0,10,0.4918032786885246,0.12295081967213115,0.0,732,143,18,4,2000000,2500000,4,966071.4285714285
24.0,5,0.410958904109589,0.0,0.0,219,353,56,1,1500000,1500000,4,966071.4285714285
23.0,32,0.23076923076923078,0.0,0.0,1560,0,0,0,600000,600000,4,966071.4285714285
20.0,14,0.0,0.0,0.0,603,34,6,2,400000,600000,4,966071.4285714285
20.0,11,0.0,0.0,0.0,396,0,0,0,50000,50000,4,966071.4285714285
31.0,14,0.0,0.0,1.3333333333333333,1215,30,5,0,300000,675000,1,856451.6129032258
30.0,0,,,,0,89,8,0,175000,200000,1,856451.6129032258
18.0,4,0.0,0.0,2.2929936305732483,314,0,0,0,75000,75000,1,856451.6129032258
26.0,16,0.12987012987012986,0.0,0.0,1386,58,8,1,2000000,2000000,2,856451.6129032258
26.0,2,0.0,0.0,0.0,53,54,6,1,400000,450000,2,856451.6129032258
34.0,10,0.0,0.0,0.0,900,226,27,1,300000,1000000,2,856451.6129032258
22.0,0,,,,0,0,0,1,50000,50000,2,856451.6129032258
15.0,7,0.0,0.0,0.0,472,0,0,0,50000,50000,2,856451.6129032258
28.0,14,0.0,0.0,0.0,1092,84,16,2,800000,800000,2,856451.6129032258
24.0,4,0.0,0.0,0.0,238,0,0,1,750000,750000,2,856451.6129032258
33.0,7,0.0,0.0,0.0,433,587,73,7,200000,4500000,2,856451.6129032258
20.0,1,0.0,0.0,0.0,16,250,40,0,100000,100000,2,856451.6129032258
21.0,9,0.0,0.0,0.0,563,0,0,0,400000,400000,2,856451.6129032258
24.0,11,0.0,0.0,0.0,503,0,0,0,50000,50000,2,856451.6129032258
19.0,8,0.12,0.12,0.0,750,113,15,0,800000,1000000,3,856451.6129032258
24.0,11,0.3050847457627119,0.0,0.0,885,0,0,1,2000000,2000000,3,856451.6129032258
22.0,20,0.0,0.0,0.0,1406,0,0,1,1500000,1500000,3,856451.6129032258
25.0,10,0.0,0.0,0.0,680,109,18,0,1500000,1500000,3,856451.6129032258
34.0,14,0.13432835820895522,0.0,0.0,670,295,35,0,1200000,2000000,3,856451.6129032258
32.0,4,0.0,0.0,0.0,175,0,0,1,450000,800000,3,856451.6129032258
17.0,5,0.0,0.0,0.0,346,0,0,0,350000,350000,3,856451.6129032258
32.0,12,0.0,0.35502958579881655,0.0,507,0,0,2,600000,600000,3,856451.6129032258
19.0,6,0.0,0.0,0.0,150,0,0,0,1000000,1000000,3,856451.6129032258
26.0,14,0.30874785591766724,0.15437392795883362,0.0,1166,16,1,3,5000000,8000000,4,856451.6129032258
20.0,17,0.0,0.20594965675057209,0.0,874,0,0,0,3500000,3500000,4,856451.6129032258
27.0,14,0.13677811550151975,0.0,0.0,658,68,11,1,1200000,2500000,4,856451.6129032258
22.0,4,0.0,0.0,0.0,390,0,0,0,25000,25000,4,856451.6129032258
27.0,13,0.18218623481781376,0.0,0.0,988,178,26,0,1200000,1500000,4,856451.6129032258
27.0,13,0.3125,0.3125,0.0,576,7,1,0,500000,500000,4,856451.6129032258
20.0,5,0.5625,0.1875,0.0,480,0,0,0,75000,75000,4,856451.6129032258
15.0,1,0.0,0.0,0.0,44,103,18,0,0,0,4,856451.6129032258
34.0,17,0.0,0.0,0.7058823529411765,1530,28,3,2,450000,550000,1,1303333.3333333333
26.0,0,,,,0,0,0,0,150000,150000,1,1303333.3333333333
20.0,7,0.0,0.0,2.1818181818181817,660,0,0,0,50000,50000,1,1303333.3333333333
30.0,12,0.09719222462203024,0.09719222462203024,0.0,926,70,13,3,3500000,3500000,2,1303333.3333333333
23.0,17,0.0,0.0,0.0,1530,0,0,0,2000000,2000000,2,1303333.3333333333
28.0,6,0.2,0.0,0.0,450,0,0,2,1500000,1500000,2,1303333.3333333333
28.0,18,0.0,0.0,0.0,1289,137,18,0,500000,500000,2,1303333.3333333333
26.0,2,0.0,0.5,0.0,180,0,0,1,200000,200000,2,1303333.3333333333
24.0,3,0.0,0.0,0.0,106,0,0,0,100000,100000,2,1303333.3333333333
23.0,7,0.0,0.0,0.0,557,0,0,0,75000,75000,2,1303333.3333333333
31.0,17,0.0,0.11764705882352941,0.0,1530,242,29,2,1000000,1000000,2,1303333.3333333333
29.0,11,0.0,0.0,0.0,177,0,0,0,400000,400000,2,1303333.3333333333
20.0,10,0.0,0.0,0.0,470,0,0,0,25000,25000,2,1303333.3333333333
26.0,46,0.0,0.11586739620212423,0.0,3107,9,1,1,1500000,1500000,2,1303333.3333333333
33.0,14,0.0,0.0,0.0,956,70,10,0,300000,800000,3,1303333.3333333333
30.0,15,0.0,0.08687258687258688,0.0,1036,32,6,4,2000000,2000000,3,1303333.3333333333
32.0,9,0.0,0.0,0.0,94,100,14,2,1500000,3000000,3,1303333.3333333333
26.0,6,0.0,0.0,0.0,94,55,7,0,800000,800000,3,1303333.3333333333
36.0,14,0.0,0.10112359550561797,0.0,890,90,17,3,150000,1750000,3,1303333.3333333333
28.0,17,0.5748757984386089,0.319375443577005,0.0,1409,67,10,9,12000000,12000000,3,1303333.3333333333
22.0,11,0.5042016806722689,0.12605042016806722,0.0,714,0,0,0,25000,25000,4,1303333.3333333333
26.0,5,0.5732484076433121,0.0,0.0,157,68,7,1,4000000,4000000,4,1303333.3333333333
23.0,16,0.22528160200250313,0.11264080100125157,0.0,799,20,2,1,2500000,2500000,4,1303333.3333333333
32.0,17,0.2591170825335892,0.08637236084452975,0.0,1042,51,9,1,1000000,1000000,4,1303333.3333333333
25.0,3,0.0,0.0,0.0,171,0,0,0,1000000,1000000,4,1303333.3333333333
20.0,11,0.0,0.22842639593908629,0.0,394,0,0,0,200000,200000,4,1303333.3333333333
23.0,3,0.0,0.0,0.0,89,0,0,0,175000,250000,4,1303333.3333333333
27.0,15,0.0,0.0,0.0,991,17,2,3,1200000,1200000,4,1303333.3333333333
33.0,17,0.16853932584269662,0.08426966292134831,0.0,1068,205,14,2,500000,1250000,4,1303333.3333333333
25.0,4,0.0,0.0,0.0,35,0,0,0,300000,450000,4,1303333.3333333333
29.0,6,0.0,0.0,0.6666666666666666,540,52,9,0,2000000,4000000,1,1410000.0
26.0,11,0.0,0.0,1.3636363636363635,990,0,0,0,900000,1000000,1,1410000.0
18.0,8,0.0,0.0,1.1538461538461537,780,0,0,0,100000,100000,1,1410000.0
28.0,26,0.07922535211267606,0.0,0.0,2272,456,46,0,1500000,1500000,2,1410000.0
25.0,17,0.0,0.06008010680907877,0.0,1498,0,0,0,1500000,1800000,2,1410000.0
26.0,12,0.0,0.2200488997555012,0.0,409,0,0,0,1000000,1000000,2,1410000.0
32.0,14,0.0,0.0,0.0,1173,203,36,2,800000,1750000,2,1410000.0
20.0,4,0.0,0.0,0.0,315,0,0,0,150000,150000,2,1410000.0
30.0,35,0.0749375520399667,0.0,0.0,2402,7,1,3,1800000,2000000,2,1410000.0
23.0,7,0.0,0.0,0.0,668,0,0,0,50000,50000,2,1410000.0
22.0,11,0.08902077151335312,0.0,0.0,1011,0,0,0,25000,25000,2,1410000.0
28.0,17,0.0,0.0,0.0,1232,0,0,0,1000000,1000000,2,1410000.0
27.0,10,0.0,0.0,0.0,211,72,11,0,1000000,1000000,2,1410000.0
30.0,39,0.0,0.0,0.0,2832,578,77,0,1000000,1200000,2,1410000.0
17.0,8,0.0,0.0,0.0,808,0,0,0,0,0,2,1410000.0
28.0,48,0.0,0.054265902924329215,0.0,3317,318,37,3,3000000,6000000,3,1410000.0
30.0,10,0.0,0.0,0.0,183,49,6,0,700000,1000000,3,1410000.0
23.0,1,0.0,0.0,0.0,67,112,16,1,500000,600000,3,1410000.0
26.0,17,0.06147540983606557,0.0,0.0,1464,0,0,2,4000000,4000000,3,1410000.0
29.0,15,0.0,0.1391035548686244,0.0,1294,26,4,1,4000000,4000000,3,1410000.0
17.0,1,0.0,0.0,0.0,67,73,11,0,1000000,1000000,3,1410000.0
25.0,4,0.0,0.30303030303030304,0.0,297,0,0,0,250000,250000,3,1410000.0
22.0,11,0.0,0.0,0.0,1071,0,0,0,25000,25000,3,1410000.0
16.0,11,0.0,0.1497504159733777,0.0,601,0,0,0,350000,350000,3,1410000.0
19.0,12,0.0,0.19672131147540983,0.0,915,0,0,0,5000000,5000000,4,1410000.0
23.0,16,0.15,0.0,0.0,600,0,0,0,2500000,2500000,4,1410000.0
23.0,3,0.3543307086614173,0.0,0.0,254,63,8,0,400000,400000,4,1410000.0
28.0,17,0.4721311475409836,0.1180327868852459,0.0,1525,0,0,3,3500000,7000000,4,1410000.0
23.0,8,0.38461538461538464,0.0,0.0,702,0,0,0,250000,250000,4,1410000.0
26.0,17,0.4150197628458498,0.05928853754940711,0.0,1518,40,6,1,4000000,4000000,4,1410000.0
37.0,27,0.0,0.0,0.8518518518518519,2430,346,59,8,400000,1000000,1,1763888.888888889
29.0,0,,,,0,0,0,1,400000,400000,1,1763888.888888889
24.0,9,0.0,0.0,1.3,900,139,19,0,50000,50000,1,1763888.888888889
23.0,1,0.0,0.0,0.75,120,0,0,0,50000,50000,1,1763888.888888889
30.0,23,0.0,0.0,0.0,2070,0,0,1,4000000,4000000,2,1763888.888888889
28.0,15,0.0,0.09503695881731784,0.0,947,74,13,3,2000000,2000000,2,1763888.888888889
24.0,24,0.0,0.0,0.0,1856,124,0,1,1000000,1000000,2,1763888.888888889
23.0,9,0.3673469387755102,0.0,0.0,735,0,0,1,600000,600000,2,1763888.888888889
25.0,21,0.0,0.0,0.0,1400,125,22,2,3000000,3000000,2,1763888.888888889
26.0,25,0.0,0.04172461752433936,0.0,2157,0,0,2,3000000,3000000,2,1763888.888888889
19.0,7,0.0,0.0,0.0,434,0,0,0,50000,50000,2,1763888.888888889
21.0,13,0.0,0.0,0.0,544,141,21,0,1500000,1500000,3,1763888.888888889
20.0,18,0.0,0.0,0.0,1357,0,0,0,125000,125000,3,1763888.888888889
27.0,18,0.12072434607645875,0.36217303822937624,0.0,1491,118,23,5,6000000,6000000,3,1763888.888888889
32.0,23,0.0,0.10416666666666667,0.0,1728,387,50,1,2500000,2500000,3,1763888.888888889
17.0,14,0.0,0.12113055181695828,0.0,743,266,24,1,2000000,2000000,3,1763888.888888889
31.0,15,0.12178619756427606,0.0,0.0,739,123,21,3,600000,950000,3,1763888.888888889
18.0,4,0.0,0.0,0.0,307,0,0,1,500000,500000,3,1763888.888888889
23.0,10,0.0,0.0,0.0,345,19,3,0,250000,250000,3,1763888.888888889
20.0,4,0.0,0.0,0.0,257,79,6,0,500000,500000,3,1763888.888888889
28.0,26,0.03950834064969271,0.03950834064969271,0.0,2278,30,5,2,3000000,3000000,3,1763888.888888889
34.0,24,0.21812893843916625,0.17450315075133302,0.0,2063,577,78,9,1800000,5500000,3,1763888.888888889
28.0,25,0.5158936946326211,0.04689942678478374,0.0,1919,696,87,5,5500000,5500000,4,1763888.888888889
23.0,18,0.18442622950819673,0.5532786885245902,0.0,976,0,0,1,2500000,2500000,4,1763888.888888889
32.0,16,0.6589958158995816,0.0,0.0,956,152,30,7,4000000,8000000,4,1763888.888888889
31.0,20,0.21226415094339623,0.0,0.0,848,387,41,5,2000000,3800000,4,1763888.888888889
35.0,21,0.4945054945054945,0.32967032967032966,0.0,546,68,14,10,300000,11000000,4,1763888.888888889
29.0,2,0.0,0.0,2.014925373134328,134,30,4,1,200000,500000,1,2148214.285714286
37.0,6,0.0,0.0,1.6363636363636365,495,73,14,1,150000,600000,1,2148214.285714286
38.0,11,0.0,0.0,1.3636363636363635,990,337,38,6,100000,5000000,1,2148214.285714286
26.0,17,0.0,0.0,0.0,1467,534,34,4,5000000,5000000,2,2148214.285714286
27.0,54,0.05252407353370295,0.0,0.0,3427,16,2,3,4000000,8500000,2,2148214.285714286
25.0,37,0.03377110694183865,0.0,0.0,2665,0,0,3,1000000,1000000,2,2148214.285714286
17.0,9,0.0,0.0,0.0,812,0,0,0,300000,300000,2,2148214.285714286
19.0,10,0.1,0.0,0.0,900,0,0,0,125000,125000,2,2148214.285714286
18.0,14,0.1842374616171955,0.1842374616171955,0.0,977,43,5,0,4000000,4000000,2,2148214.285714286
26.0,15,0.1498751040799334,0.0749375520399667,0.0,1201,72,10,0,800000,800000,2,2148214.285714286
25.0,17,0.0,0.29411764705882354,0.0,1530,50,9,1,1000000,1000000,2,2148214.285714286
25.0,4,0.0,0.0,0.0,257,62,9,0,300000,400000,2,2148214.285714286
24.0,10,0.0,0.0,0.0,905,0,0,0,175000,175000,2,2148214.285714286
20.0,13,0.0,0.0,0.0,755,0,0,0,100000,100000,2,2148214.285714286
24.0,12,0.0,0.0,0.0,647,79,12,2,5000000,7500000,3,2148214.285714286
22.0,14,0.0,0.0,0.0,1054,109,18,0,2000000,2500000,3,2148214.285714286
26.0,12,0.0,0.0,0.0,572,19,4,1,750000,750000,3,2148214.285714286
37.0,1,0.0,0.0,0.0,6,745,85,6,100000,800000,3,2148214.285714286
26.0,15,0.0,0.09404388714733543,0.0,957,67,11,2,800000,3000000,3,2148214.285714286
20.0,6,0.0,0.0,0.0,128,0,0,0,100000,100000,3,2148214.285714286
22.0,16,0.38054968287526425,0.4439746300211416,0.0,1419,10,1,1,20000000,20000000,3,2148214.285714286
26.0,17,0.0,0.09814612868047982,0.0,917,26,3,5,1500000,1500000,4,2148214.285714286
26.0,17,0.13206162876008803,0.13206162876008803,0.0,1363,59,7,2,6000000,10000000,4,2148214.285714286
24.0,12,0.0,0.0,0.0,260,141,20,0,200000,200000,4,2148214.285714286
20.0,13,1.3170731707317074,0.0,0.0,205,16,2,0,150000,200000,4,2148214.285714286
28.0,71,0.9391771019677997,0.05366726296958855,0.0,3354,346,52,6,5000000,5000000,4,2148214.285714286
21.0,4,0.46153846153846156,0.46153846153846156,0.0,390,39,8,1,800000,2500000,4,2148214.285714286
25.0,16,0.15358361774744028,0.0,0.0,586,0,0,1,500000,500000,4,2148214.285714286
26.0,16,0.0,0.0,1.1875,1440,0,0,2,300000,300000,1,1783035.7142857143
24.0,1,0.0,0.0,3.0,90,83,11,1,200000,200000,1,1783035.7142857143
31.0,0,,,,0,0,0,2,100000,275000,1,1783035.7142857143
28.0,19,0.0,0.0,0.0,1600,118,5,5,3500000,3500000,2,1783035.7142857143
22.0,57,0.023112480739599383,0.0,0.0,3894,109,13,4,2500000,4000000,2,1783035.7142857143
33.0,18,0.11278195488721804,0.0,0.0,1596,413,58,2,800000,1500000,2,1783035.7142857143
29.0,4,0.0,0.0,0.0,213,8,2,1,600000,600000,2,1783035.7142857143
22.0,10,0.10180995475113122,0.10180995475113122,0.0,884,0,0,0,175000,175000,2,1783035.7142857143
21.0,0,,,,0,0,0,0,50000,50000,2,1783035.7142857143
26.0,49,0.0,0.0842170929507174,0.0,3206,0,0,0,1200000,5000000,2,1783035.7142857143
24.0,10,0.0,0.0,0.0,442,0,0,3,100000,100000,2,1783035.7142857143
16.0,7,0.0,0.0,0.0,418,0,0,0,50000,50000,2,1783035.7142857143
20.0,15,0.0,0.0,0.0,965,24,4,2,1500000,1500000,2,1783035.7142857143
18.0,48,0.0755879059350504,0.10078387458006718,0.0,3572,11,3,0,1000000,1000000,2,1783035.7142857143
25.0,5,0.0,0.0,0.0,258,0,0,0,0,0,2,1783035.7142857143
25.0,23,0.054380664652567974,0.0,0.0,1655,122,19,2,4000000,4000000,3,1783035.7142857143
21.0,5,0.0,0.0,0.0,287,0,0,2,2500000,2500000,3,1783035.7142857143
33.0,17,0.0,0.0,0.0,897,180,26,5,800000,3500000,3,1783035.7142857143
16.0,1,0.0,0.0,0.0,34,0,0,0,0,0,3,1783035.7142857143
23.0,20,0.2737226277372263,0.05474452554744526,0.0,1644,71,12,3,5000000,5000000,3,1783035.7142857143
22.0,42,0.05102040816326531,0.25510204081632654,0.0,1764,412,58,2,850000,850000,3,1783035.7142857143
15.0,4,0.0,0.0,0.0,295,0,0,0,0,0,3,1783035.7142857143
20.0,22,0.3128621089223638,0.05214368482039398,0.0,1726,274,19,2,15000000,15000000,4,1783035.7142857143
23.0,12,0.0,0.0,0.0,666,18,3,1,3500000,7500000,4,1783035.7142857143
21.0,13,0.0,0.0,0.0,477,0,0,2,1000000,1000000,4,1783035.7142857143
22.0,10,0.2903225806451613,0.0967741935483871,0.0,930,0,0,0,150000,150000,4,1783035.7142857143
21.0,17,0.28731045490822027,0.14365522745411013,0.0,1253,9,1,1,5000000,5000000,4,1783035.7142857143
22.0,18,0.09221311475409837,0.09221311475409837,0.0,976,0,0,0,50000,50000,4,1783035.7142857143
32.0,19,0.0,0.0,1.5263157894736843,1710,62,10,0,800000,800000,1,1702586.2068965517
30.0,0,,,,0,0,0,0,150000,200000,1,1702586.2068965517
21.0,15,0.0,0.0,0.5625,1440,82,10,1,50000,50000,1,1702586.2068965517
25.0,15,0.07281553398058252,0.0,0.0,1236,177,11,0,2500000,2500000,2,1702586.2068965517
29.0,8,0.144,0.144,0.0,625,65,10,2,2000000,2000000,2,1702586.2068965517
29.0,44,0.0,0.024965325936199722,0.0,3605,225,32,0,550000,1400000,2,1702586.2068965517
22.0,13,0.0,0.0,0.0,1093,0,0,0,250000,250000,2,1702586.2068965517
31.0,33,0.0,0.0,0.0,2218,190,31,0,200000,700000,2,1702586.2068965517
29.0,17,0.0,0.1196808510638298,0.0,752,0,0,2,1000000,1000000,2,1702586.2068965517
23.0,7,0.0,0.0,0.0,490,54,11,1,1000000,1000000,2,1702586.2068965517
23.0,13,0.0,0.0,0.0,882,0,0,0,75000,75000,2,1702586.2068965517
28.0,18,0.0,0.08086253369272237,0.0,1113,0,0,0,2500000,2500000,2,1702586.2068965517
27.0,19,0.3160112359550562,0.0,0.0,1424,23,0,0,1000000,1000000,2,1702586.2068965517
34.0,2,0.0,0.0,0.0,100,63,8,4,200000,600000,2,1702586.2068965517
26.0,12,0.0,0.0,0.0,643,56,10,0,1200000,1500000,3,1702586.2068965517
22.0,18,0.0,0.0,0.0,1594,0,0,0,2000000,2000000,3,1702586.2068965517
32.0,17,0.0,0.0650759219088937,0.0,1383,199,29,3,2000000,2500000,3,1702586.2068965517
18.0,12,0.11421319796954314,0.22842639593908629,0.0,788,0,0,0,1000000,1000000,3,1702586.2068965517
24.0,7,0.0,0.0,0.0,378,0,0,0,750000,750000,3,1702586.2068965517
27.0,14,0.47161572052401746,0.0,0.0,1145,185,26,13,15000000,16000000,3,1702586.2068965517
28.0,15,0.0,0.125,0.0,720,25,4,0,5000000,5000000,4,1702586.2068965517
30.0,19,0.0,0.12977649603460706,0.0,1387,10,4,6,3500000,8000000,4,1702586.2068965517
23.0,9,0.0,0.20270270270270271,0.0,444,0,0,0,1000000,2800000,4,1702586.2068965517
32.0,19,0.0,0.0,0.0,833,300,38,0,850000,1500000,4,1702586.2068965517
31.0,17,0.28125,0.09375,0.0,960,290,26,5,2000000,3500000,4,1702586.2068965517
32.0,16,0.12362637362637363,0.0,0.0,728,12,2,4,2000000,2000000,4,1702586.2068965517
33.0,14,0.0,0.0,0.0,127,344,21,3,400000,950000,4,1702586.2068965517
21.0,24,0.15088013411567477,0.07544006705783739,0.0,1193,0,0,1,400000,400000,4,1702586.2068965517
19.0,13,0.12064343163538874,0.0,0.0,746,32,0,0,0,25000,4,1702586.2068965517
29.0,3,0.0,0.0,0.9121621621621622,296,497,57,4,3000000,3000000,1,2119230.769230769
30.0,20,0.0,0.0,0.95,1800,24,2,2,350000,350000,1,2119230.769230769
25.0,5,0.0,0.0,0.7741935483870968,465,0,0,0,225000,225000,1,2119230.769230769
38.0,2,0.0,0.0,0.5,180,0,0,2,200000,1500000,1,2119230.769230769
30.0,7,0.0,0.0,0.0,588,272,38,4,3000000,3500000,2,2119230.769230769
29.0,16,0.0,0.0,0.0,1182,29,7,2,2500000,2500000,2,2119230.769230769
38.0,35,0.04072398190045249,0.0,0.0,2210,277,60,27,1000000,28500000,2,2119230.769230769
25.0,58,0.036518563603164945,0.0,0.0,4929,0,0,3,450000,600000,2,2119230.769230769
19.0,3,0.0,0.0,0.0,70,59,14,2,175000,175000,2,2119230.769230769
23.0,21,0.0,0.0,0.0,1822,26,2,4,4000000,4000000,2,2119230.769230769
32.0,20,0.06797583081570997,0.13595166163141995,0.0,1324,120,13,4,1500000,1500000,2,2119230.769230769
27.0,50,0.0,0.024972253052164262,0.0,3604,292,34,1,2000000,6000000,2,2119230.769230769
18.0,12,0.0,0.0,0.0,435,465,59,0,250000,250000,2,2119230.769230769
20.0,8,0.0,0.0,0.0,663,25,3,1,150000,150000,2,2119230.769230769
27.0,7,0.0,0.0,0.0,537,95,14,8,3000000,3000000,3,2119230.769230769
32.0,22,0.0,0.10483401281304601,0.0,1717,141,12,3,800000,1250000,3,2119230.769230769
26.0,4,0.0,0.0,0.0,175,0,0,0,300000,300000,3,2119230.769230769
24.0,20,0.0,0.1935483870967742,0.0,1395,14,1,3,12000000,12000000,3,2119230.769230769
24.0,54,0.051753881541115584,0.07763082231167337,0.0,3478,166,30,2,1200000,1800000,3,2119230.769230769
21.0,58,0.19681349578256796,0.19681349578256796,0.0,3201,181,0,1,1000000,1500000,3,2119230.769230769
20.0,77,0.10514018691588785,0.10514018691588785,0.0,4280,0,0,2,6500000,6500000,4,2119230.769230769
28.0,60,0.5111402359108781,0.25557011795543905,0.0,4578,0,0,2,6000000,12000000,4,2119230.769230769
20.0,6,0.19693654266958424,0.0,0.0,457,0,0,0,350000,350000,4,2119230.769230769
34.0,22,0.37552155771905427,0.37552155771905427,0.0,1438,275,47,9,2500000,20000000,4,2119230.769230769
21.0,22,0.20285499624342598,0.067618332081142,0.0,1331,231,30,2,2500000,2500000,4,2119230.769230769
19.0,6,0.0,0.0,0.0,499,0,0,0,150000,150000,4,2119230.769230769
34.0,24,0.0,0.0,1.25,2160,93,12,5,1500000,1800000,1,1698214.2857142857
29.0,1,0.0,0.0,0.75,120,0,0,2,150000,300000,1,1698214.2857142857
22.0,0,,,,0,0,0,2,150000,150000,1,1698214.2857142857
33.0,12,0.0,0.0,0.0,1002,90,15,3,1000000,1800000,2,1698214.2857142857
28.0,65,0.01833367284579344,0.03666734569158688,0.0,4909,35,8,1,1000000,2200000,2,1698214.2857142857
29.0,2,0.0,0.0,0.0,113,158,26,0,500000,500000,2,1698214.2857142857
24.0,8,0.0,0.0,0.0,651,0,0,0,400000,400000,2,1698214.2857142857
26.0,0,,,,0,153,33,3,600000,1200000,2,1698214.2857142857
26.0,47,0.08317929759704251,0.08317929759704251,0.0,3246,300,47,3,400000,2500000,2,1698214.2857142857
21.0,6,0.0,0.15,0.0,600,32,4,1,200000,200000,2,1698214.2857142857
18.0,10,0.0,0.1497504159733777,0.0,601,61,12,0,2500000,3000000,2,1698214.2857142857
28.0,22,0.10989010989010989,0.21978021978021978,0.0,1638,12,3,0,2500000,3500000,2,1698214.2857142857
20.0,12,0.0,0.0,0.0,903,0,0,0,200000,200000,2,1698214.2857142857
23.0,1,0.0,0.0,0.0,22,24,6,0,0,0,3,1698214.2857142857
30.0,9,0.0,0.2222222222222222,0.0,810,207,31,5,3500000,6000000,3,1698214.2857142857
28.0,18,0.11335012594458438,0.0,0.0,1588,160,16,2,3000000,6000000,3,1698214.2857142857
24.0,18,0.0,0.0,0.0,1132,247,12,2,1500000,1500000,3,1698214.2857142857
35.0,7,0.14285714285714285,0.14285714285714285,0.0,630,481,48,8,300000,6500000,3,1698214.2857142857
20.0,10,0.0,0.0,0.0,422,0,0,1,1500000,1500000,3,1698214.2857142857
36.0,4,0.0,0.0,0.0,93,234,42,8,200000,4000000,3,1698214.2857142857
31.0,48,0.41131105398457585,0.2827763496143959,0.0,3501,182,27,7,12000000,75000000,4,1698214.2857142857
29.0,53,0.13069997095556202,0.20911995352889923,0.0,3443,250,46,9,8000000,45000000,4,1698214.2857142857
20.0,11,0.30927835051546393,0.0,0.0,582,4,1,1,2000000,2000000,4,1698214.2857142857
23.0,9,0.0,0.0,0.0,322,332,39,2,3000000,5000000,4,1698214.2857142857
18.0,5,0.6235565819861432,0.0,0.0,433,0,0,0,500000,500000,4,1698214.2857142857
34.0,9,0.0,0.0,0.0,692,43,8,1,400000,1750000,4,1698214.2857142857
33.0,26,0.34201954397394135,0.09771986970684039,0.0,1842,294,38,3,350000,2500000,4,1698214.2857142857
22.0,3,0.0,0.0,0.0,94,24,5,1,200000,250000,4,1698214.2857142857
27.0,8,0.0,0.0,1.0682492581602374,674,265,25,1,1500000,2000000,1,2171875.0
39.0,12,0.0,0.0,0.8695652173913043,1035,25,5,4,325000,1100000,1,2171875.0
19.0,7,0.0,0.0,0.0,444,0,0,0,4500000,4500000,2,2171875.0
29.0,11,0.0,0.09090909090909091,0.0,990,647,90,0,3800000,5000000,2,2171875.0
26.0,15,0.0,0.0,0.0,1301,0,0,0,800000,800000,2,2171875.0
37.0,22,0.0,0.10078387458006718,0.0,1786,309,61,10,500000,40000000,2,2171875.0
22.0,7,0.0,0.0,0.0,369,0,0,0,100000,100000,2,2171875.0
24.0,18,0.05610972568578554,0.0,0.0,1604,0,0,0,4000000,4200000,2,2171875.0
27.0,16,0.0,0.0,0.0,1258,0,0,0,2500000,3500000,2,2171875.0
32.0,6,0.0,0.0,0.0,244,49,10,3,475000,3500000,2,2171875.0
26.0,15,0.0,0.0,0.0,725,359,50,0,2500000,10000000,3,2171875.0
19.0,11,0.0,0.0,0.0,283,0,0,0,800000,800000,3,2171875.0
26.0,6,0.0,0.0,0.0,325,76,13,0,3000000,3000000,3,2171875.0
23.0,5,0.0,0.0,0.0,415,104,17,0,2800000,2800000,3,2171875.0
26.0,14,0.0,0.0,0.0,1102,0,0,0,1800000,1800000,3,2171875.0
18.0,14,0.0,0.21226415094339623,0.0,848,0,0,0,25000,25000,3,2171875.0
20.0,16,0.0,0.21251475796930341,0.0,847,0,0,0,200000,200000,3,2171875.0
28.0,16,0.32114183764495985,0.0,0.0,1121,11,1,1,5000000,5500000,4,2171875.0
17.0,15,0.11015911872705018,0.0,0.0,817,0,0,0,5000000,5000000,4,2171875.0
19.0,15,0.375,0.0,0.0,480,0,0,0,4800000,4800000,4,2171875.0
34.0,19,0.21844660194174756,0.07281553398058252,0.0,1236,0,0,7,400000,8000000,4,2171875.0
29.0,11,0.3050847457627119,0.15254237288135594,0.0,590,24,5,5,3800000,5000000,4,2171875.0
20.0,18,0.1761252446183953,0.0,0.0,1022,8,1,0,2500000,2500000,4,2171875.0
18.0,15,0.0,0.2903225806451613,0.0,310,0,0,0,1000000,1000000,4,2171875.0
27.0,0,,,,0,12,2,1,2200000,2200000,1,1555172.4137931035
27.0,5,0.0,0.0,1.0,450,14,3,7,2000000,3000000,1,1555172.4137931035
22.0,0,,,,0,0,0,0,100000,100000,1,1555172.4137931035
24.0,4,0.26239067055393583,0.0,0.0,343,123,19,0,4500000,4500000,2,1555172.4137931035
25.0,4,0.0,0.0,0.0,360,0,0,0,3200000,3200000,2,1555172.4137931035
33.0,5,0.0,0.0,0.0,450,60,9,2,2000000,3200000,2,1555172.4137931035
21.0,2,0.0,0.0,0.0,180,0,0,1,1200000,2500000,2,1555172.4137931035
32.0,23,0.0,0.0,0.0,1754,20,4,1,375000,1800000,2,1555172.4137931035
22.0,7,0.0,0.0,0.0,555,205,21,0,100000,100000,2,1555172.4137931035
21.0,0,,,,0,0,0,0,75000,100000,2,1555172.4137931035
20.0,0,,,,0,0,0,0,250000,250000,2,1555172.4137931035
19.0,4,0.0,0.0,0.0,243,0,0,0,4000000,4000000,2,1555172.4137931035
22.0,4,0.0,0.0,0.0,177,78,0,0,700000,700000,2,1555172.4137931035
22.0,0,,,,0,0,0,0,500000,800000,3,1555172.4137931035
37.0,2,0.0,0.0,0.0,97,302,50,0,300000,6000000,3,1555172.4137931035
18.0,6,0.0,0.0,0.0,100,0,0,0,25000,25000,3,1555172.4137931035
27.0,5,0.0,0.2,0.0,450,25,3,0,2500000,2500000,3,1555172.4137931035
24.0,0,,,,0,0,0,0,525000,1500000,3,1555172.4137931035
22.0,2,0.0,0.0,0.0,135,0,0,0,100000,100000,3,1555172.4137931035
26.0,5,0.0,0.0,0.0,450,24,2,0,3000000,3000000,3,1555172.4137931035
23.0,3,0.0,0.0,0.0,99,32,8,0,2000000,2200000,3,1555172.4137931035
24.0,14,0.4891304347826087,0.0,0.0,368,85,12,6,1200000,5000000,3,1555172.4137931035
25.0,4,0.0,0.28391167192429023,0.0,317,13,2,0,3500000,3500000,4,1555172.4137931035
20.0,5,0.0,0.0,0.0,225,0,0,0,1800000,1800000,4,1555172.4137931035
31.0,3,0.0,0.0,0.0,57,80,13,2,800000,4500000,4,1555172.4137931035
26.0,15,0.20477815699658702,0.0,0.0,879,70,12,1,5000000,5000000,4,1555172.4137931035
28.0,30,0.054512416717141125,0.054512416717141125,0.0,1651,49,9,3,2200000,2200000,4,1555172.4137931035
25.0,1,0.0,0.0,0.0,18,21,0,0,700000,1300000,4,1555172.4137931035
33.0,3,0.0,0.0,0.0,98,103,18,5,250000,6000000,4,1555172.4137931035
23.0,2,0.0,0.0,0.5202312138728323,173,0,0,0,3500000,3500000,1,1236111.111111111
28.0,17,0.0,0.0,0.8910891089108911,1515,306,0,0,400000,500000,1,1236111.111111111
33.0,18,0.0,0.0,0.0,1505,51,10,0,1500000,4500000,2,1236111.111111111
30.0,8,0.0,0.0,0.0,545,134,31,4,1000000,2000000,2,1236111.111111111
26.0,13,0.07867132867132867,0.07867132867132867,0.0,1144,0,0,2,750000,750000,2,1236111.111111111
36.0,4,0.0,0.0,0.0,277,332,39,1,175000,1700000,2,1236111.111111111
33.0,9,0.0,0.16423357664233576,0.0,548,9,2,1,350000,4500000,2,1236111.111111111
22.0,14,0.0,0.0,0.0,1086,0,0,0,2800000,3000000,2,1236111.111111111
23.0,14,0.0,0.14285714285714285,0.0,1260,0,0,2,600000,1400000,2,1236111.111111111
20.0,3,0.0,0.0,0.0,44,0,0,0,400000,400000,2,1236111.111111111
19.0,1,,,,0,0,0,0,1200000,1200000,3,1236111.111111111
28.0,16,0.09966777408637874,0.0,0.0,903,214,9,2,700000,1500000,3,1236111.111111111
28.0,14,0.0,0.0,0.0,492,38,9,1,600000,750000,3,1236111.111111111
20.0,0,,,,0,0,0,0,200000,200000,3,1236111.111111111
25.0,18,0.05555555555555555,0.0,0.0,1620,0,0,0,4500000,6000000,3,1236111.111111111
24.0,18,0.10344827586206896,0.0,0.0,870,0,0,0,2800000,2800000,3,1236111.111111111
23.0,7,0.0,0.0,0.0,130,0,0,0,600000,750000,3,1236111.111111111
24.0,5,0.0,0.0,0.0,254,0,0,0,400000,500000,3,1236111.111111111
24.0,16,0.0,0.18311291963377416,0.0,983,0,0,0,1000000,1000000,3,1236111.111111111
21.0,15,0.23047375160051217,0.11523687580025609,0.0,781,0,0,1,1800000,3000000,4,1236111.111111111
35.0,16,0.0,0.0,0.0,761,207,36,5,800000,6000000,4,1236111.111111111
19.0,2,0.0,0.0,0.0,16,0,0,0,150000,150000,4,1236111.111111111
22.0,17,0.20579268292682926,0.13719512195121952,0.0,1312,310,57,0,4000000,10000000,4,1236111.111111111
30.0,17,0.6298110566829951,0.06298110566829951,0.0,1429,5,1,0,1500000,1600000,4,1236111.111111111
26.0,37,0.1488833746898263,0.1488833746898263,0.0,1209,0,0,2,1000000,1750000,4,1236111.111111111
28.0,4,0.0,0.0,0.0,60,0,0,0,550000,550000,4,1236111.111111111
42.0,6,4.090909090909091,0.0,0.0,44,0,0,3,100000,4500000,4,1236111.111111111
28.0,5,0.0,0.0,1.4,450,45,5,2,4000000,4000000,1,1091071.4285714286
41.0,0,,,,0,190,24,11,75000,1300000,1,1091071.4285714286
24.0,4,0.0,0.0,0.0,247,0,0,0,1700000,1700000,2,1091071.4285714286
27.0,5,0.0,0.0,0.0,450,0,0,0,375000,4000000,2,1091071.4285714286
21.0,39,0.0891089108910891,0.0,0.0,3030,96,9,0,250000,500000,2,1091071.4285714286
19.0,0,,,,0,0,0,0,250000,250000,2,1091071.4285714286
29.0,5,0.2,0.4,0.0,450,0,0,2,1500000,2800000,2,1091071.4285714286
25.0,2,0.0,0.0,0.0,1,0,0,0,200000,200000,2,1091071.4285714286
27.0,3,0.0,0.0,0.0,79,0,0,1,2000000,2000000,2,1091071.4285714286
25.0,5,0.4,0.0,0.0,450,65,10,4,700000,700000,2,1091071.4285714286
22.0,5,0.0,0.0,0.0,204,0,0,0,550000,1000000,2,1091071.4285714286
25.0,5,0.0,0.0,0.0,448,0,0,0,5500000,5500000,3,1091071.4285714286
27.0,0,,,,0,0,0,0,700000,1000000,3,1091071.4285714286
23.0,5,0.4931506849315068,0.0,0.0,365,246,0,1,500000,500000,3,1091071.4285714286
35.0,0,,,,0,0,0,3,350000,1250000,3,1091071.4285714286
23.0,4,0.0,0.0,0.0,67,0,0,2,100000,125000,3,1091071.4285714286
29.0,5,0.0,0.0,0.0,276,0,0,0,1300000,1300000,3,1091071.4285714286
26.0,0,,,,0,0,0,2,750000,1200000,3,1091071.4285714286
23.0,11,0.0,0.0,0.0,500,0,0,0,50000,50000,3,1091071.4285714286
25.0,5,0.7012987012987013,0.4675324675324675,0.0,385,620,39,1,2000000,2500000,4,1091071.4285714286
28.0,38,0.0,0.08853910477127398,0.0,2033,0,0,1,1500000,4000000,4,1091071.4285714286
21.0,5,0.0,0.0,0.0,118,0,0,0,800000,800000,4,1091071.4285714286
25.0,5,0.43478260869565216,0.43478260869565216,0.0,207,0,0,0,800000,800000,4,1091071.4285714286
21.0,1,0.0,0.0,0.0,15,0,0,0,100000,100000,4,1091071.4285714286
21.0,1,0.0,0.0,0.0,60,0,0,0,50000,50000,4,1091071.4285714286
27.0,5,0.41284403669724773,0.41284403669724773,0.0,436,16,3,0,3500000,7000000,4,1091071.4285714286
24.0,3,0.0,0.0,0.0,14,0,0,0,650000,650000,4,1091071.4285714286
33.0,0,,,,0,0,0,2,300000,2200000,4,1091071.4285714286
39.0,4,0.0,0.0,0.0,352,71,1,2,700000,4500000,1,1136538.4615384615
28.0,2,0.0,0.0,0.0,94,0,0,0,500000,750000,1,1136538.4615384615
21.0,0,,,,0,0,0,0,25000,25000,1,1136538.4615384615
23.0,5,0.0,0.0,0.0,450,14,2,0,700000,700000,2,1136538.4615384615
22.0,3,0.0,0.0,0.0,104,0,0,1,325000,325000,2,1136538.4615384615
36.0,3,0.0,0.0,0.0,206,629,94,2,275000,3500000,2,1136538.4615384615
32.0,0,,,,0,960,148,1,150000,6500000,2,1136538.4615384615
23.0,5,0.2631578947368421,0.0,0.0,342,0,0,0,50000,50000,2,1136538.4615384615
34.0,2,0.0,0.0,0.0,72,6,0,7,700000,4500000,2,1136538.4615384615
22.0,5,0.0,0.0,0.0,407,0,0,0,75000,75000,2,1136538.4615384615
28.0,5,0.2132701421800948,0.0,0.0,422,184,17,0,3500000,3500000,2,1136538.4615384615
24.0,3,0.0,0.0,0.0,46,0,0,1,225000,300000,2,1136538.4615384615
26.0,48,0.0,0.07590666291818948,0.0,3557,195,26,0,6500000,25000000,3,1136538.4615384615
27.0,5,0.0,0.0,0.0,450,14,3,0,3500000,3500000,3,1136538.4615384615
22.0,2,0.0,0.0,0.0,26,0,0,0,175000,175000,3,1136538.4615384615
31.0,5,0.0,0.22277227722772278,0.0,404,16,4,1,2000000,3000000,3,1136538.4615384615
37.0,30,0.0,0.049641478212906785,0.0,1813,212,39,12,200000,10000000,3,1136538.4615384615
22.0,1,0.0,0.0,0.0,3,0,0,0,3000000,3000000,3,1136538.4615384615
20.0,0,,,,0,0,0,0,300000,300000,3,1136538.4615384615
34.0,20,0.10404624277456648,0.20809248554913296,0.0,865,621,70,0,700000,9000000,4,1136538.4615384615
23.0,4,0.0,0.0,0.0,340,269,13,3,1500000,1500000,4,1136538.4615384615
21.0,4,0.0,0.0,0.0,137,0,0,1,2500000,2500000,4,1136538.4615384615
32.0,35,0.28994845360824745,0.0,0.0,1552,0,0,1,1000000,18000000,4,1136538.4615384615
24.0,3,0.0,0.0,0.0,76,0,0,1,600000,700000,4,1136538.4615384615
38.0,5,0.23017902813299232,0.0,0.0,391,99,29,11,250000,7500000,4,1136538.4615384615
21.0,1,0.0,0.0,0.0,10,0,0,0,100000,100000,4,1136538.4615384615
34.0,20,0.0,0.0,0.8,1800,0,0,0,600000,1000000,1,969166.6666666666
24.0,0,,,,0,0,0,0,250000,250000,1,969166.6666666666
25.0,4,0.0,0.0,0.0,360,0,0,1,4000000,4000000,2,969166.6666666666
32.0,29,0.07284500202347227,0.0,0.0,2471,0,0,0,1800000,2500000,2,969166.6666666666
30.0,9,0.0,0.0,0.0,621,0,0,0,750000,2750000,2,969166.6666666666
24.0,13,0.10817307692307693,0.0,0.0,832,0,0,0,200000,325000,2,969166.6666666666
24.0,8,0.0,0.0,0.0,371,205,14,0,1500000,2500000,2,969166.6666666666
19.0,21,0.0,0.0,0.0,1596,0,0,0,500000,500000,2,969166.6666666666
30.0,18,0.07075471698113207,0.14150943396226415,0.0,1272,24,4,0,500000,3000000,2,969166.6666666666
36.0,0,,,,0,216,26,10,200000,4000000,2,969166.6666666666
23.0,15,0.07081038552321008,0.0,0.0,1271,0,0,1,800000,800000,2,969166.6666666666
27.0,5,0.0,0.0,0.0,450,156,28,1,750000,750000,2,969166.6666666666
19.0,0,,,,0,0,0,0,125000,125000,2,969166.6666666666
21.0,18,0.0,0.0,0.0,1585,6,1,1,3500000,3500000,3,969166.6666666666
26.0,18,0.0,0.0,0.0,1532,0,0,0,1800000,2000000,3,969166.6666666666
23.0,15,0.08249312557286893,0.0,0.0,1091,77,14,3,750000,12500000,3,969166.6666666666
22.0,1,0.0,0.0,0.0,22,322,46,0,700000,1000000,3,969166.6666666666
20.0,2,0.0,0.0,0.0,27,0,0,0,250000,250000,3,969166.6666666666
37.0,2,0.0,0.0,0.0,94,256,45,3,200000,2100000,3,969166.6666666666
23.0,11,0.0,0.0,0.0,497,25,0,0,100000,100000,3,969166.6666666666
21.0,2,0.0,0.0,0.0,87,0,0,0,300000,300000,3,969166.6666666666
22.0,19,0.1992619926199262,0.06642066420664207,0.0,1355,0,0,0,2200000,2200000,4,969166.6666666666
20.0,14,0.10843373493975904,0.3253012048192771,0.0,830,29,7,0,2000000,2000000,4,969166.6666666666
29.0,7,0.0,0.0,0.0,374,0,0,0,1500000,3500000,4,969166.6666666666
22.0,2,0.0,0.0,0.0,158,211,31,0,1200000,1200000,4,969166.6666666666
24.0,3,0.0,0.0,0.0,70,0,0,1,1000000,1000000,4,969166.6666666666
31.0,18,0.20721412125863392,0.0,0.0,1303,0,0,3,700000,2000000,4,969166.6666666666
24.0,14,0.0,0.0,0.0,528,471,34,1,500000,700000,4,969166.6666666666
21.0,1,0.0,0.0,0.0,58,0,0,0,200000,200000,4,969166.6666666666
22.0,2,0.0,0.0,0.0,33,0,0,0,200000,200000,4,969166.6666666666
26.0,19,0.0,0.0,1.0526315789473684,1710,0,0,1,1500000,1500000,1,1075000.0
36.0,0,,,,0,0,0,1,75000,850000,1,1075000.0
23.0,19,0.0,0.0,0.0,1710,0,0,1,4500000,4500000,2,1075000.0
31.0,6,0.0,0.0,0.0,184,0,0,1,200000,500000,2,1075000.0
38.0,16,0.0,0.0,0.0,1417,176,35,8,175000,1800000,2,1075000.0
23.0,9,0.0,0.0,0.0,587,0,0,0,175000,175000,2,1075000.0
33.0,14,0.0,0.07246376811594203,0.0,1242,0,0,3,800000,2000000,2,1075000.0
24.0,10,0.23076923076923078,0.23076923076923078,0.0,390,0,0,0,500000,875000,2,1075000.0
24.0,17,0.07097791798107256,0.14195583596214512,0.0,1268,59,13,1,2200000,2500000,2,1075000.0
23.0,6,0.0,0.0,0.0,243,0,0,0,600000,1000000,2,1075000.0
25.0,16,0.0,0.0,0.0,925,0,0,1,425000,1000000,3,1075000.0
29.0,9,0.2073732718894009,0.0,0.0,434,0,0,0,400000,1000000,3,1075000.0
30.0,16,0.06559766763848396,0.06559766763848396,0.0,1372,102,18,3,1000000,1750000,3,1075000.0
24.0,7,0.0,0.0,0.0,272,0,0,0,450000,450000,3,1075000.0
20.0,2,0.0,0.0,0.0,29,249,26,1,6000000,13000000,3,1075000.0
25.0,14,0.0,0.10843373493975904,0.0,830,0,0,0,800000,1200000,3,1075000.0
23.0,9,0.0,0.0,0.0,300,14,0,2,400000,400000,3,1075000.0
26.0,7,0.1986754966887417,0.0,0.0,453,0,0,1,200000,225000,4,1075000.0
22.0,19,0.056144728633811605,0.0,0.0,1603,0,0,2,1700000,2000000,4,1075000.0
27.0,17,0.0,0.0,0.0,1193,12,2,0,1000000,2500000,4,1075000.0
33.0,18,0.46672428694900603,0.15557476231633535,0.0,1157,224,38,6,1600000,7000000,4,1075000.0
23.0,8,0.0,0.0,0.0,374,73,7,0,550000,550000,4,1075000.0
30.0,9,0.19148936170212766,0.0,0.0,470,0,0,4,300000,3250000,4,1075000.0
28.0,7,0.0,0.4326923076923077,0.0,208,19,2,0,250000,6000000,4,1075000.0
31.0,4,0.0,0.0,1.5,360,0,0,0,1000000,1000000,1,842241.3793103448
37.0,16,0.0,0.0,1.0625,1440,0,0,2,150000,1300000,1,842241.3793103448
26.0,15,0.0,0.0,0.0,789,128,24,1,1200000,4500000,2,842241.3793103448
28.0,19,0.05263157894736842,0.0,0.0,1710,15,2,0,525000,550000,2,842241.3793103448
28.0,2,0.0,0.0,0.0,15,0,0,0,450000,550000,2,842241.3793103448
35.0,19,0.056144728633811605,0.0,0.0,1603,60,7,1,125000,1500000,2,842241.3793103448
22.0,19,0.055350553505535055,0.2767527675276753,0.0,1626,0,0,2,1500000,2000000,2,842241.3793103448
29.0,6,0.0,0.0,0.0,195,47,9,1,300000,1250000,2,842241.3793103448
22.0,0,,,,0,0,0,0,50000,50000,2,842241.3793103448
33.0,17,0.12219959266802444,0.0,0.0,1473,0,0,0,700000,1750000,2,842241.3793103448
19.0,0,,,,0,0,0,0,500000,500000,2,842241.3793103448
22.0,8,0.0,0.0,0.0,324,16,3,0,200000,200000,2,842241.3793103448
22.0,18,0.0,0.06028131279303416,0.0,1493,0,0,0,1700000,1700000,3,842241.3793103448
27.0,13,0.10989010989010989,0.10989010989010989,0.0,819,35,4,0,450000,1800000,3,842241.3793103448
23.0,6,0.0,0.0,0.0,233,0,0,0,175000,175000,3,842241.3793103448
20.0,12,0.0,0.0,0.0,596,0,0,0,3000000,3000000,3,842241.3793103448
19.0,0,,,,0,0,0,0,100000,100000,3,842241.3793103448
23.0,17,0.138996138996139,0.138996138996139,0.0,1295,37,6,1,3000000,4500000,3,842241.3793103448
22.0,14,0.425531914893617,0.425531914893617,0.0,846,0,0,0,275000,275000,3,842241.3793103448
23.0,3,0.0,0.0,0.0,61,270,43,0,225000,350000,3,842241.3793103448
21.0,5,0.0,0.0,0.0,41,0,0,1,800000,1500000,4,842241.3793103448
35.0,19,0.22959183673469388,0.34438775510204084,0.0,1568,0,0,0,600000,3000000,4,842241.3793103448
24.0,0,,,,0,0,0,0,500000,2000000,4,842241.3793103448
29.0,28,0.0,0.0,0.0,1459,184,23,4,800000,5000000,4,842241.3793103448
19.0,16,0.44481054365733114,0.07413509060955518,0.0,1214,0,0,0,4000000,4000000,4,842241.3793103448
27.0,9,0.0,0.0,0.0,212,0,0,0,800000,800000,4,842241.3793103448
28.0,11,0.16129032258064516,0.16129032258064516,0.0,558,260,30,0,750000,1200000,4,842241.3793103448
21.0,8,0.0,0.0,0.0,142,210,36,0,450000,700000,4,842241.3793103448
19.0,2,0.0,0.0,0.0,117,0,0,0,100000,100000,4,842241.3793103448
26.0,20,0.0,0.0,1.3,1800,0,0,0,2000000,2000000,1,756896.551724138
22.0,0,,,,0,15,0,0,25000,25000,1,756896.551724138
21.0,12,0.11029411764705882,0.0,0.0,816,0,0,0,100000,100000,2,756896.551724138
26.0,15,0.0,0.0,0.0,1220,0,0,0,1200000,1200000,2,756896.551724138
33.0,16,0.0,0.066815144766147,0.0,1347,7,2,3,900000,1800000,2,756896.551724138
25.0,5,0.0,0.0,0.0,442,465,70,0,750000,2100000,2,756896.551724138
28.0,4,0.0,0.0,0.0,357,16,1,0,600000,650000,2,756896.551724138
32.0,3,0.0,0.0,0.0,203,0,0,0,225000,750000,2,756896.551724138
23.0,1,0.0,0.0,0.0,90,12,0,0,175000,175000,2,756896.551724138
23.0,7,0.0,0.0,0.0,532,0,0,0,350000,350000,2,756896.551724138
32.0,15,0.0,0.0,0.0,1155,49,6,0,300000,2000000,2,756896.551724138
26.0,14,0.0,0.0,0.0,1181,21,3,0,2500000,2500000,2,756896.551724138
26.0,1,0.0,0.0,0.0,78,0,0,0,275000,375000,2,756896.551724138
27.0,18,0.0,0.0,0.0,1234,10,1,2,2000000,2500000,3,756896.551724138
30.0,17,0.0,0.0,0.0,1396,210,25,0,1000000,1000000,3,756896.551724138
22.0,6,0.0,0.0,0.0,132,14,0,0,250000,300000,3,756896.551724138
21.0,0,,,,0,193,19,0,1700000,1700000,3,756896.551724138
27.0,9,0.0,0.0,0.0,685,0,0,0,300000,500000,3,756896.551724138
33.0,19,0.0,0.13274336283185842,0.0,1356,74,9,0,1300000,3500000,3,756896.551724138
21.0,16,0.0,0.13100436681222707,0.0,687,0,0,0,75000,75000,3,756896.551724138
20.0,5,0.0,0.0,0.0,160,0,0,1,250000,300000,4,756896.551724138
27.0,6,0.0,0.0,0.0,131,0,0,0,175000,500000,4,756896.551724138
37.0,7,0.0,0.0,0.0,181,6,1,5,50000,3500000,4,756896.551724138
21.0,19,0.1875,0.0,0.0,1440,0,0,0,750000,750000,4,756896.551724138
26.0,54,0.3418054338299737,0.05258545135845749,0.0,3423,12,1,0,1700000,2000000,4,756896.551724138
29.0,17,0.10650887573964497,0.0,0.0,845,154,17,1,1300000,1600000,4,756896.551724138
27.0,32,0.0,0.0,0.0,1336,30,4,1,600000,800000,4,756896.551724138
23.0,2,0.0,0.0,0.0,154,12,2,0,600000,1300000,4,756896.551724138
32.0,29,0.0,0.0,0.0,1282,29,3,1,500000,5000000,4,756896.551724138
24.0,4,0.0,0.0,0.75,360,0,0,0,800000,800000,1,595967.7419354839
28.0,1,0.0,0.0,2.0,90,0,0,0,50000,75000,1,595967.7419354839
32.0,4,0.0,0.0,0.0,343,22,5,0,1200000,1200000,2,595967.7419354839
25.0,8,0.0,0.0,0.0,576,0,0,0,525000,600000,2,595967.7419354839
19.0,18,0.0,0.05610972568578554,0.0,1604,0,0,0,400000,400000,2,595967.7419354839
22.0,1,0.0,0.0,0.0,44,0,0,0,25000,25000,2,595967.7419354839
24.0,1,0.0,0.0,0.0,16,0,0,0,25000,50000,2,595967.7419354839
24.0,4,0.0,0.0,0.0,349,44,6,0,1500000,2100000,2,595967.7419354839
32.0,3,0.0,0.703125,0.0,128,0,0,2,225000,2400000,2,595967.7419354839
23.0,3,0.0,0.0,0.0,259,0,0,0,2000000,2000000,2,595967.7419354839
20.0,0,,,,0,0,0,0,50000,50000,2,595967.7419354839
23.0,10,0.11138613861386139,0.0,0.0,808,0,0,0,25000,25000,2,595967.7419354839
19.0,4,0.0,0.0,0.0,280,0,0,0,3000000,3000000,3,595967.7419354839
27.0,2,0.0,0.0,0.0,153,0,0,0,225000,225000,3,595967.7419354839
21.0,9,0.0,0.0,0.0,331,0,0,0,400000,400000,3,595967.7419354839
23.0,13,0.0,0.0,0.0,288,240,28,0,350000,450000,3,595967.7419354839
24.0,18,0.0,0.0,0.0,893,109,0,0,75000,75000,3,595967.7419354839
21.0,4,0.43478260869565216,0.0,0.0,207,0,0,0,50000,50000,3,595967.7419354839
20.0,2,0.0,0.0,0.0,158,0,0,0,125000,125000,3,595967.7419354839
22.0,12,0.0,0.0,0.0,475,254,30,0,250000,250000,3,595967.7419354839
19.0,1,0.0,0.0,0.0,21,62,0,0,1800000,1800000,4,595967.7419354839
20.0,12,0.0,0.0,0.0,494,0,0,0,800000,800000,4,595967.7419354839
26.0,2,0.0,0.0,0.0,88,216,14,0,1500000,1500000,4,595967.7419354839
29.0,4,0.0,0.0,0.0,197,36,7,1,475000,475000,4,595967.7419354839
24.0,3,0.5660377358490566,0.0,0.0,159,0,0,0,75000,75000,4,595967.7419354839
32.0,4,0.0,0.0,0.0,334,0,0,0,1000000,1600000,4,595967.7419354839
28.0,21,0.09146341463414634,0.0,0.0,984,61,10,3,600000,5000000,4,595967.7419354839
27.0,6,0.4205607476635514,0.0,0.0,214,284,36,0,400000,800000,4,595967.7419354839
24.0,4,0.0,0.0,0.0,275,0,0,0,375000,375000,4,595967.7419354839
23.0,2,0.0,0.0,0.0,18,0,0,0,150000,300000,4,595967.7419354839
20.0,3,0.0,0.0,0.0,128,0,0,0,0,0,4,595967.7419354839
27.0,19,0.0,0.0,1.1578947368421053,1710,0,0,0,500000,500000,1,736458.3333333334
33.0,0,,,,0,0,0,0,200000,800000,1,736458.3333333334
31.0,10,0.0,0.0,0.0,475,0,0,0,600000,1200000,2,736458.3333333334
34.0,17,0.0,0.0,0.0,1530,20,3,2,425000,750000,2,736458.3333333334
19.0,14,0.0,0.0,0.0,1185,0,0,0,200000,200000,2,736458.3333333334
31.0,18,0.0,0.0,0.0,1519,0,0,0,400000,400000,2,736458.3333333334
26.0,3,0.0,0.0,0.0,150,0,0,1,225000,250000,2,736458.3333333334
26.0,44,0.0,0.03787878787878788,0.0,2376,0,0,0,1000000,1800000,2,736458.3333333334
29.0,8,0.0,0.0,0.0,675,0,0,0,600000,1500000,2,736458.3333333334
21.0,0,,,,0,0,0,0,175000,200000,2,736458.3333333334
24.0,18,0.05603985056039851,0.16811955168119552,0.0,1606,0,0,1,3500000,3500000,3,736458.3333333334
24.0,15,0.11278195488721804,0.11278195488721804,0.0,798,0,0,0,500000,500000,3,736458.3333333334
34.0,17,0.0,0.07364975450081833,0.0,1222,0,0,0,500000,1000000,3,736458.3333333334
22.0,13,0.0,0.0,0.0,993,0,0,0,200000,225000,3,736458.3333333334
27.0,6,0.0,0.0,0.0,243,64,11,0,700000,1000000,3,736458.3333333334
24.0,19,0.2591792656587473,0.12958963282937366,0.0,1389,0,0,0,1800000,1800000,3,736458.3333333334
28.0,30,0.0,0.0,0.0,1254,0,0,0,450000,600000,3,736458.3333333334
22.0,1,,,,0,0,0,0,225000,350000,4,736458.3333333334
26.0,18,0.0,0.0,0.0,1081,0,0,0,650000,700000,4,736458.3333333334
23.0,15,0.1125,0.1125,0.0,800,0,0,0,2500000,2500000,4,736458.3333333334
19.0,11,0.0,0.0,0.0,254,0,0,0,1800000,1800000,4,736458.3333333334
28.0,17,0.24635036496350365,0.24635036496350365,0.0,1096,13,3,2,250000,250000,4,736458.3333333334
35.0,14,0.0,0.25787965616045844,0.0,349,0,0,0,200000,1900000,4,736458.3333333334
25.0,13,0.0,0.0,0.0,206,0,0,0,75000,75000,4,736458.3333333334
29.0,0,,,,0,99,16,0,300000,300000,1,621739.1304347826
33.0,27,0.03773584905660377,0.0,1.0943396226415094,2385,0,0,0,300000,2800000,1,621739.1304347826
25.0,3,0.0,0.0,0.0,224,212,25,0,1500000,2500000,2,621739.1304347826
24.0,13,0.0,0.0,0.0,694,0,0,0,400000,500000,2,621739.1304347826
24.0,8,0.2777777777777778,0.0,0.0,324,0,0,0,300000,600000,2,621739.1304347826
31.0,18,0.0,0.0,0.0,1620,0,0,0,175000,200000,2,621739.1304347826
25.0,19,0.0,0.05909389363099146,0.0,1523,0,0,0,600000,600000,2,621739.1304347826
32.0,17,0.0,0.0,0.0,1455,0,0,0,300000,500000,2,621739.1304347826
22.0,16,0.0,0.0,0.0,963,0,0,0,50000,50000,3,621739.1304347826
25.0,18,0.06396588486140725,0.06396588486140725,0.0,1407,35,0,1,400000,400000,3,621739.1304347826
28.0,8,0.0,0.0,0.0,427,249,39,0,375000,1000000,3,621739.1304347826
25.0,12,0.0,0.0,0.0,244,0,0,0,300000,350000,3,621739.1304347826
21.0,16,0.0,0.0,0.0,1046,0,0,0,100000,100000,3,621739.1304347826
23.0,19,0.11450381679389313,0.0,0.0,1572,0,0,0,2500000,2500000,3,621739.1304347826
21.0,6,0.0,0.0,0.0,125,0,0,0,100000,100000,3,621739.1304347826
24.0,12,0.0,0.0,0.0,414,0,0,0,275000,275000,4,621739.1304347826
22.0,14,0.0,0.182370820668693,0.0,987,273,35,0,350000,350000,4,621739.1304347826
22.0,8,0.0,0.0,0.0,120,0,0,0,50000,100000,4,621739.1304347826
25.0,16,0.19889502762430938,0.09944751381215469,0.0,905,0,0,1,500000,2500000,4,621739.1304347826
23.0,19,0.20673813169984687,0.06891271056661562,0.0,1306,0,0,0,3500000,3500000,4,621739.1304347826
24.0,18,0.278853601859024,0.0,0.0,1291,0,0,0,1500000,1500000,4,621739.1304347826
22.0,12,0.0,0.0,0.0,189,29,3,0,400000,400000,4,621739.1304347826
21.0,5,1.0,0.0,0.0,90,216,0,0,25000,25000,4,621739.1304347826
25.0,16,0.0,0.0,0.9375,1440,50,9,1,1200000,1200000,1,565000.0
32.0,3,0.0,0.0,2.6666666666666665,270,0,0,0,550000,750000,1,565000.0
18.0,8,0.0,0.0,0.0,346,0,0,0,25000,25000,2,565000.0
25.0,16,0.0,0.0,0.0,1431,0,0,0,750000,750000,2,565000.0
33.0,10,0.11124845488257108,0.0,0.0,809,0,0,0,275000,400000,2,565000.0
20.0,5,0.0,0.0,0.0,195,0,0,0,25000,25000,2,565000.0
21.0,12,0.0,0.0,0.0,1034,0,0,0,1000000,1000000,2,565000.0
34.0,17,0.0,0.0,0.0,1506,0,0,0,300000,1000000,2,565000.0
23.0,11,0.0,0.0,0.0,421,0,0,0,450000,600000,2,565000.0
25.0,16,0.0,0.13986013986013987,0.0,1287,0,0,0,325000,350000,2,565000.0
30.0,15,0.08395522388059702,0.0,0.0,1072,69,18,2,900000,2000000,3,565000.0
23.0,14,0.0,0.0,0.0,538,244,34,0,700000,1300000,3,565000.0
36.0,15,0.09036144578313253,0.0,0.0,996,463,58,8,375000,1400000,3,565000.0
22.0,16,0.0,0.0,0.0,833,0,0,1,225000,225000,3,565000.0
24.0,2,0.0,0.0,0.0,67,258,0,0,100000,150000,3,565000.0
24.0,9,0.5357142857142857,0.0,0.0,168,230,46,0,1000000,1000000,4,565000.0
21.0,15,0.09336099585062241,0.0,0.0,964,0,0,0,700000,700000,4,565000.0
23.0,17,0.06284916201117319,0.0,0.0,1432,0,0,0,2000000,2000000,4,565000.0
24.0,17,0.15544041450777202,0.15544041450777202,0.0,1158,274,27,0,725000,725000,4,565000.0
21.0,13,0.0,0.0,0.0,624,0,0,0,600000,600000,4,565000.0
19.0,1,0.0,0.0,0.0,29,0,0,0,25000,25000,4,565000.0
17.0,13,0.17408123791102514,0.17408123791102514,0.0,517,0,0,0,25000,25000,4,565000.0
24.0,11,0.0,0.20454545454545456,0.0,440,73,12,3,1000000,1000000,4,565000.0
25.0,15,0.0,0.0,0.0,502,18,4,0,500000,500000,4,565000.0
20.0,7,0.4,0.0,0.0,225,0,0,0,350000,350000,4,565000.0
26.0,15,0.0,0.0,0.8666666666666667,1350,231,45,0,850000,850000,1,482142.85714285716
31.0,1,0.0,0.0,0.0,90,0,0,0,500000,500000,1,482142.85714285716
36.0,0,,,,0,0,0,0,75000,600000,1,482142.85714285716
22.0,0,,,,0,0,0,0,25000,25000,1,482142.85714285716
28.0,9,0.0,0.13062409288824384,0.0,689,0,0,0,600000,600000,2,482142.85714285716
32.0,11,0.0,0.0,0.0,828,0,0,0,500000,500000,2,482142.85714285716
25.0,15,0.0,0.09249743062692703,0.0,973,0,0,0,450000,450000,2,482142.85714285716
21.0,5,0.0,0.0,0.0,217,0,0,0,400000,400000,2,482142.85714285716
20.0,12,0.0,0.0,0.0,1076,0,0,0,25000,25000,2,482142.85714285716
27.0,8,0.0,0.18181818181818182,0.0,495,0,0,0,300000,475000,2,482142.85714285716
25.0,16,0.0,0.0,0.0,1324,0,0,0,250000,250000,2,482142.85714285716
22.0,7,0.4,0.0,0.0,225,0,0,0,25000,25000,2,482142.85714285716
28.0,15,0.0,0.0,0.0,1328,6,1,0,800000,800000,2,482142.85714285716
27.0,6,0.0,0.0,0.0,434,9,1,0,125000,350000,2,482142.85714285716
29.0,40,0.0,0.0,0.0,2678,8,1,3,450000,2000000,3,482142.85714285716
25.0,21,0.0,0.0,0.0,1374,0,0,0,500000,2500000,3,482142.85714285716
22.0,17,0.0,0.0,0.0,831,0,0,0,275000,300000,3,482142.85714285716
24.0,17,0.0,0.0,0.0,979,0,0,0,250000,550000,3,482142.85714285716
21.0,20,0.12048192771084337,0.18072289156626506,0.0,1494,0,0,1,2000000,2000000,3,482142.85714285716
21.0,6,0.0,0.0,0.0,151,0,0,0,500000,800000,3,482142.85714285716
33.0,19,0.18181818181818182,0.06060606060606061,0.0,1485,0,0,1,350000,400000,4,482142.85714285716
22.0,13,0.0,0.22556390977443608,0.0,399,0,0,0,1800000,1800000,4,482142.85714285716
22.0,12,0.24861878453038674,0.0,0.0,362,0,0,1,100000,100000,4,482142.85714285716
27.0,16,0.1986754966887417,0.1986754966887417,0.0,906,0,0,1,400000,400000,4,482142.85714285716
27.0,20,0.4078549848942598,0.06797583081570997,0.0,1324,0,0,0,1200000,1200000,4,482142.85714285716
33.0,29,0.0,0.0,0.0,1124,261,38,1,700000,3500000,4,482142.85714285716
22.0,7,0.0,0.0,0.0,228,0,0,0,25000,25000,4,482142.85714285716
23.0,6,0.0,0.0,0.0,97,0,0,0,25000,50000,4,482142.85714285716
23.0,4,0.0,0.0,1.9708029197080292,274,0,0,0,625000,3000000,1,444655.1724137931
33.0,0,,,,0,0,0,0,100000,150000,1,444655.1724137931
42.0,17,0.0,0.0,1.1818778726198294,1523,0,0,0,25000,300000,1,444655.1724137931
23.0,1,0.0,0.0,0.0,5,0,0,0,25000,25000,1,444655.1724137931
28.0,19,0.0,0.05263157894736842,0.0,1710,0,0,0,850000,850000,2,444655.1724137931
26.0,18,0.0,0.0,0.0,1537,24,6,2,500000,500000,2,444655.1724137931
24.0,5,0.7725321888412017,0.0,0.0,233,0,0,0,400000,400000,2,444655.1724137931
33.0,4,0.0,0.0,0.0,161,0,0,0,250000,400000,2,444655.1724137931
30.0,6,0.0,0.0,0.0,336,0,0,0,400000,500000,2,444655.1724137931
27.0,18,0.0,0.060810810810810814,0.0,1480,0,0,0,300000,300000,2,444655.1724137931
24.0,16,0.0,0.0,0.0,1180,0,0,0,750000,750000,2,444655.1724137931
25.0,7,0.0,0.0,0.0,170,0,0,0,250000,250000,2,444655.1724137931
31.0,8,0.0,0.0,0.0,578,0,0,0,200000,400000,2,444655.1724137931
27.0,19,0.06540697674418605,0.0,0.0,1376,14,0,0,250000,400000,3,444655.1724137931
25.0,4,0.0,0.0,0.0,17,0,0,0,200000,200000,3,444655.1724137931
35.0,12,0.12032085561497326,0.0,0.0,748,0,0,0,50000,50000,3,444655.1724137931
25.0,20,0.0,0.0,0.0,1724,0,0,1,1500000,2000000,3,444655.1724137931
29.0,19,0.1382488479262673,0.1382488479262673,0.0,1302,0,0,0,800000,1250000,3,444655.1724137931
25.0,19,0.0,0.0,0.0,942,11,2,0,225000,350000,3,444655.1724137931
21.0,0,,,,0,0,0,0,175000,175000,3,444655.1724137931
21.0,15,0.0,0.0,0.0,721,0,0,0,1000000,1000000,3,444655.1724137931
28.0,5,0.0,1.7307692307692308,0.0,52,0,0,0,500000,500000,3,444655.1724137931
23.0,5,0.0,0.0,0.0,87,0,0,0,10000,10000,3,444655.1724137931
25.0,20,0.13533834586466165,0.13533834586466165,0.0,1330,32,1,0,1500000,1500000,4,444655.1724137931
23.0,4,0.0,0.0,0.0,186,0,0,0,10000,10000,4,444655.1724137931
30.0,19,0.3239352129574085,0.0,0.0,1667,0,0,2,1000000,1000000,4,444655.1724137931
26.0,12,0.0,0.0,0.0,411,0,0,1,600000,600000,4,444655.1724137931
32.0,11,0.0,0.0,0.0,209,152,15,1,300000,4000000,4,444655.1724137931
23.0,6,0.0,0.0,0.0,52,0,0,0,100000,100000,4,444655.1724137931
23.0,20,0.0,0.0,0.85,1800,0,0,0,1500000,1500000,1,409677.4193548387
27.0,0,,,,0,26,3,1,1000000,1500000,1,409677.4193548387
21.0,0,,,,0,0,0,0,25000,25000,1,409677.4193548387
25.0,7,0.0,0.18255578093306288,0.0,493,20,3,0,600000,600000,2,409677.4193548387
38.0,17,0.0,0.0,0.0,1516,138,15,3,375000,3000000,2,409677.4193548387
36.0,14,0.0,0.0,0.0,867,176,24,2,300000,2000000,2,409677.4193548387
34.0,9,0.0,0.0,0.0,785,0,0,0,125000,450000,2,409677.4193548387
26.0,5,0.0,0.0,0.0,57,74,13,1,400000,750000,2,409677.4193548387
24.0,10,0.0,0.0,0.0,552,14,0,0,225000,250000,2,409677.4193548387
30.0,17,0.06155950752393981,0.0,0.0,1462,0,0,0,375000,1000000,2,409677.4193548387
26.0,10,0.0,0.0,0.0,517,0,0,1,300000,400000,2,409677.4193548387
40.0,1,0.0,0.0,0.0,3,261,29,0,25000,175000,2,409677.4193548387
23.0,16,0.0,0.0,0.0,1190,0,0,0,700000,700000,3,409677.4193548387
29.0,19,0.0,0.06612784717119764,0.0,1361,0,0,0,300000,500000,3,409677.4193548387
31.0,7,0.0,0.0,0.0,135,0,0,0,225000,600000,3,409677.4193548387
34.0,19,0.0,0.0,0.0,1541,0,0,0,200000,325000,3,409677.4193548387
27.0,2,0.0,0.0,0.0,104,192,31,1,500000,6000000,3,409677.4193548387
21.0,3,0.0,0.0,0.0,96,211,27,0,300000,375000,3,409677.4193548387
26.0,22,0.3698630136986301,0.06164383561643835,0.0,1460,0,0,0,125000,175000,3,409677.4193548387
28.0,14,0.0,0.12482662968099861,0.0,721,0,0,0,350000,450000,3,409677.4193548387
21.0,16,0.0,0.0,0.0,802,0,0,0,25000,25000,3,409677.4193548387
25.0,2,0.0,0.0,0.0,115,242,25,0,450000,450000,4,409677.4193548387
26.0,6,0.0,0.0,0.0,202,0,0,0,275000,425000,4,409677.4193548387
23.0,1,0.0,0.0,0.0,5,15,3,1,100000,100000,4,409677.4193548387
28.0,1,0.0,0.0,0.0,36,251,26,0,500000,500000,4,409677.4193548387
30.0,17,0.46471600688468157,0.1549053356282272,0.0,581,40,9,2,300000,2500000,4,409677.4193548387
25.0,0,,,,0,0,0,0,25000,25000,4,409677.4193548387
21.0,20,0.3638814016172507,0.12129380053908356,0.0,1484,0,0,0,2500000,2500000,4,409677.4193548387
28.0,7,0.0,0.0,0.0,80,0,0,2,275000,2000000,4,409677.4193548387
40.0,19,0.16333938294010888,0.0,0.0,1102,43,5,13,200000,23000000,4,409677.4193548387
37.0,20,0.2777777777777778,0.1388888888888889,0.0,1296,0,0,0,100000,1000000,4,409677.4193548387
26.0,18,0.0,0.0,1.1666666666666667,1620,0,0,2,1800000,1800000,1,375000.0
27.0,1,0.0,0.0,0.0,90,0,0,1,225000,250000,1,375000.0
24.0,12,0.0,0.09911894273127753,0.0,908,0,0,1,550000,600000,2,375000.0
33.0,18,0.0,0.0,0.0,1620,23,5,0,400000,500000,2,375000.0
29.0,17,0.0,0.0,0.0,1530,58,11,0,375000,500000,2,375000.0
27.0,17,0.0,0.0,0.0,1453,0,0,0,225000,450000,2,375000.0
22.0,8,0.0,0.0,0.0,258,0,0,0,175000,300000,2,375000.0
27.0,0,,,,0,0,0,0,150000,150000,2,375000.0
30.0,0,,,,0,0,0,1,350000,600000,2,375000.0
32.0,15,0.08419083255378859,0.0,0.0,1069,0,0,2,350000,1500000,2,375000.0
29.0,8,0.0,0.0,0.0,384,0,0,0,175000,400000,2,375000.0
23.0,0,,,,0,0,0,0,75000,75000,2,375000.0
28.0,18,0.0,0.06177076183939602,0.0,1457,0,0,0,1500000,3000000,3,375000.0
27.0,16,0.3358208955223881,0.08395522388059702,0.0,1072,0,0,1,500000,650000,3,375000.0
31.0,13,0.0,0.0,0.0,1056,243,35,0,275000,750000,3,375000.0
23.0,0,,,,0,72,11,0,125000,125000,3,375000.0
34.0,15,0.18789144050104384,0.0,0.0,479,0,0,0,325000,400000,3,375000.0
36.0,9,0.0,0.0,0.0,526,134,17,5,125000,1200000,3,375000.0
32.0,9,0.0,0.0,0.0,254,0,0,0,300000,400000,3,375000.0
25.0,18,0.0,0.07194244604316546,0.0,1251,0,0,0,300000,400000,3,375000.0
28.0,4,0.0,0.0,0.0,62,0,0,0,500000,500000,4,375000.0
20.0,16,0.2795031055900621,0.18633540372670807,0.0,966,0,0,0,250000,250000,4,375000.0
28.0,17,0.10477299185098952,0.20954598370197905,0.0,859,0,0,0,275000,275000,4,375000.0
34.0,17,0.081008100810081,0.162016201620162,0.0,1111,0,0,2,200000,1000000,4,375000.0
23.0,16,0.0,0.0,0.0,673,0,0,0,125000,125000,4,375000.0
38.0,9,0.0,0.0,0.0,216,132,16,4,350000,2000000,4,375000.0
35.0,18,0.1615798922800718,0.3231597845601436,0.0,1114,0,0,0,300000,2000000,4,375000.0
28.0,0,,,,0,0,0,3,200000,2000000,4,375000.0
19.0,0,,,,0,0,0,0,250000,250000,1,343965.5172413793
33.0,17,0.0,0.0,1.1176470588235294,1530,0,0,0,150000,150000,1,343965.5172413793
29.0,0,,,,0,0,0,0,100000,100000,1,343965.5172413793
25.0,3,0.0,0.0,2.0,270,0,0,0,50000,125000,1,343965.5172413793
22.0,14,0.0,0.0,0.0,606,0,0,1,650000,650000,2,343965.5172413793
25.0,16,0.0,0.0,0.0,1139,0,0,0,500000,500000,2,343965.5172413793
23.0,19,0.05454545454545454,0.0,0.0,1650,52,11,1,475000,500000,2,343965.5172413793
24.0,1,0.0,0.0,0.0,90,0,0,0,375000,375000,2,343965.5172413793
25.0,13,0.07705479452054795,0.0,0.0,1168,0,0,0,50000,50000,2,343965.5172413793
25.0,16,0.0,0.0,0.0,889,0,0,0,300000,300000,2,343965.5172413793
25.0,9,0.0,0.0,0.0,776,0,0,0,250000,250000,2,343965.5172413793
22.0,7,0.0,0.0,0.0,419,0,0,1,125000,125000,2,343965.5172413793
22.0,3,0.0,0.0,0.0,111,0,0,0,25000,25000,2,343965.5172413793
24.0,15,0.0,0.0,0.0,1175,0,0,0,300000,300000,2,343965.5172413793
35.0,11,0.0,0.0,0.0,399,0,0,0,50000,100000,2,343965.5172413793
32.0,17,0.0,0.0,0.0,1239,0,0,0,50000,50000,3,343965.5172413793
21.0,12,0.0,0.0,0.0,570,0,0,0,25000,25000,3,343965.5172413793
22.0,5,0.0,0.0,0.0,165,0,0,0,25000,25000,3,343965.5172413793
25.0,2,0.0,0.0,0.0,78,0,0,0,25000,50000,3,343965.5172413793
24.0,20,0.1507537688442211,0.1507537688442211,0.0,1791,0,0,0,2500000,2500000,3,343965.5172413793
24.0,18,0.1816958277254374,0.1816958277254374,0.0,1486,0,0,0,1200000,1200000,3,343965.5172413793
29.0,12,0.0,0.12113055181695828,0.0,743,0,0,0,450000,450000,4,343965.5172413793
30.0,10,0.0,0.16071428571428573,0.0,560,90,12,3,250000,5000000,4,343965.5172413793
30.0,19,0.22113022113022113,0.0,0.0,1628,0,0,0,800000,800000,4,343965.5172413793
21.0,3,0.0,0.0,0.0,79,0,0,0,500000,500000,4,343965.5172413793
24.0,13,0.0,0.20689655172413793,0.0,435,0,0,0,200000,200000,4,343965.5172413793
20.0,3,0.0,0.0,0.0,36,0,0,0,150000,150000,4,343965.5172413793
26.0,10,0.0,0.0,0.0,445,250,29,0,125000,350000,4,343965.5172413793
20.0,3,0.0,0.0,0.0,41,0,0,0,25000,25000,4,343965.5172413793
36.0,20,0.0,0.0,1.35,1800,0,0,0,175000,250000,1,240178.57142857142
24.0,0,,,,0,0,0,0,75000,75000,1,240178.57142857142
25.0,8,0.0,0.0,0.0,554,0,0,0,400000,400000,2,240178.57142857142
24.0,17,0.0,0.0,0.0,1309,0,0,0,375000,1000000,2,240178.57142857142
28.0,21,0.0,0.0,0.0,1773,0,0,1,300000,900000,2,240178.57142857142
22.0,14,0.07712082262210797,0.0,0.0,1167,0,0,0,75000,75000,2,240178.57142857142
27.0,37,0.0,0.0,0.0,2425,60,11,0,250000,1250000,2,240178.57142857142
26.0,3,0.0,0.0,0.0,147,0,0,0,75000,75000,2,240178.57142857142
27.0,14,0.0,0.08356545961002786,0.0,1077,0,0,3,500000,700000,2,240178.57142857142
24.0,16,0.0,0.0,0.0,1339,0,0,0,125000,125000,2,240178.57142857142
22.0,20,0.0,0.06048387096774194,0.0,1488,334,0,1,700000,750000,3,240178.57142857142
23.0,13,0.09287925696594428,0.18575851393188855,0.0,969,0,0,1,275000,400000,3,240178.57142857142
27.0,11,0.0,0.0,0.0,597,61,0,0,275000,500000,3,240178.57142857142
24.0,0,,,,0,0,0,0,50000,50000,3,240178.57142857142
21.0,21,0.13313609467455623,0.0,0.0,676,0,0,1,25000,25000,3,240178.57142857142
23.0,12,0.0,0.0,0.0,595,0,0,0,25000,25000,3,240178.57142857142
21.0,8,0.0,0.0,0.0,342,0,0,0,375000,500000,3,240178.57142857142
20.0,17,0.22369511184755592,0.0,0.0,1207,0,0,0,150000,150000,3,240178.57142857142
19.0,6,0.0,0.0,0.0,96,0,0,0,25000,25000,3,240178.57142857142
23.0,20,0.059602649006622516,0.17880794701986755,0.0,1510,0,0,0,1000000,1000000,4,240178.57142857142
24.0,14,0.0,0.43548387096774194,0.0,620,0,0,0,375000,450000,4,240178.57142857142
22.0,5,0.0,0.0,0.0,42,0,0,0,325000,500000,4,240178.57142857142
27.0,11,0.0,0.0,0.0,649,0,0,0,250000,650000,4,240178.57142857142
24.0,8,0.0,0.0,0.0,240,44,6,0,250000,750000,4,240178.57142857142
36.0,16,0.2158273381294964,0.0,0.0,834,0,0,1,100000,2300000,4,240178.57142857142
21.0,3,0.0,1.0227272727272727,0.0,88,0,0,0,75000,100000,4,240178.57142857142
21.0,5,0.0,0.0,0.0,36,0,0,0,50000,50000,4,240178.57142857142
22.0,15,0.1465798045602606,0.0,0.0,614,90,0,0,50000,50000,4,240178.57142857142
31.0,20,0.0,0.0,0.85,1800,0,0,0,1800000,3000000,1,1655357.142857143
32.0,0,,,,0,78,11,0,300000,1500000,1,1655357.142857143
30.0,30,0.07659574468085106,0.07659574468085106,0.0,2350,0,0,0,1800000,2000000,2,1655357.142857143
29.0,11,0.0,0.0,0.0,958,0,0,2,800000,800000,2,1655357.142857143
24.0,2,0.0,0.0,0.0,41,66,14,1,600000,600000,2,1655357.142857143
28.0,1,0.0,0.0,0.0,23,0,0,0,500000,750000,2,1655357.142857143
32.0,8,0.0,0.0,0.0,599,0,0,2,400000,2800000,2,1655357.142857143
19.0,0,,,,0,0,0,0,25000,25000,2,1655357.142857143
27.0,20,0.0,0.1,0.0,1800,65,10,0,700000,700000,2,1655357.142857143
34.0,28,0.0,0.0,0.0,1781,200,21,7,450000,3000000,2,1655357.142857143
22.0,20,0.0,0.0,0.0,1719,0,0,0,6500000,6500000,3,1655357.142857143
23.0,13,0.0,0.0,0.0,895,0,0,0,1700000,1700000,3,1655357.142857143
27.0,15,0.0,0.0,0.0,293,118,27,0,1000000,5000000,3,1655357.142857143
26.0,9,0.0,0.0,0.0,417,0,0,0,1000000,1200000,3,1655357.142857143
24.0,18,0.0,0.0,0.0,991,13,4,3,3000000,3000000,3,1655357.142857143
25.0,20,0.17263427109974425,0.17263427109974425,0.0,1564,0,0,0,4500000,4500000,3,1655357.142857143
30.0,45,0.06440071556350627,0.09660107334525939,0.0,2795,15,4,0,1000000,1500000,3,1655357.142857143
19.0,5,0.0,0.0,0.0,109,0,0,0,425000,425000,3,1655357.142857143
20.0,4,0.0,0.0,0.0,60,0,0,0,200000,300000,3,1655357.142857143
29.0,19,0.2616279069767442,0.2616279069767442,0.0,1032,361,44,2,3000000,3000000,4,1655357.142857143
22.0,10,0.0,0.0,0.0,306,11,3,0,600000,600000,4,1655357.142857143
21.0,1,0.0,0.0,0.0,16,0,0,0,200000,200000,4,1655357.142857143
26.0,17,0.0827966881324747,0.49678012879484823,0.0,1087,16,3,0,5000000,6000000,4,1655357.142857143
23.0,16,0.23746701846965698,0.316622691292876,0.0,1137,0,0,0,4000000,4000000,4,1655357.142857143
24.0,59,0.7162921348314607,0.08426966292134831,0.0,2136,0,0,0,3000000,7500000,4,1655357.142857143
23.0,0,,,,0,240,32,3,2500000,4000000,4,1655357.142857143
30.0,20,0.6918641896220371,0.23062139654067906,0.0,1561,211,36,0,1200000,4000000,4,1655357.142857143
20.0,1,0.0,0.0,0.0,44,0,0,0,150000,150000,4,1655357.142857143
30.0,18,0.0,0.0,0.743801652892562,1573,0,0,1,750000,750000,1,543965.5172413794
32.0,2,0.0,0.0,0.6666666666666666,135,0,0,1,300000,450000,1,543965.5172413794
23.0,0,,,,0,0,0,1,25000,25000,1,543965.5172413794
29.0,13,0.0,0.07692307692307693,0.0,1170,195,25,1,900000,1500000,2,543965.5172413794
22.0,14,0.0,0.0,0.0,1153,0,0,1,800000,800000,2,543965.5172413794
28.0,4,0.0,0.0,0.0,101,0,0,1,225000,300000,2,543965.5172413794
38.0,6,0.0,0.0,0.0,198,90,19,2,150000,3000000,2,543965.5172413794
34.0,16,0.0,0.0,0.0,1354,0,0,1,150000,450000,2,543965.5172413794
29.0,16,0.11421319796954314,0.0,0.0,788,0,0,0,500000,1600000,2,543965.5172413794
24.0,9,0.0,0.0,0.0,622,14,4,0,450000,650000,2,543965.5172413794
22.0,12,0.0,0.0,0.0,836,232,21,1,425000,425000,2,543965.5172413794
31.0,17,0.0,0.09544008483563096,0.0,943,0,0,1,350000,375000,2,543965.5172413794
25.0,19,0.0,0.0,0.0,1705,0,0,1,1500000,1500000,3,543965.5172413794
33.0,7,0.0,0.0,0.0,133,83,11,1,100000,150000,3,543965.5172413794
23.0,4,0.0,0.0,0.0,49,0,0,1,100000,100000,3,543965.5172413794
37.0,15,0.0,0.20594965675057209,0.0,874,0,0,7,75000,2000000,3,543965.5172413794
29.0,9,0.4918032786885246,0.0,0.0,183,0,0,1,200000,250000,3,543965.5172413794
29.0,10,0.0,0.0,0.0,271,218,23,1,350000,425000,3,543965.5172413794
29.0,3,0.0,0.0,0.0,23,225,20,1,350000,425000,3,543965.5172413794
18.0,0,,,,0,0,0,1,75000,75000,3,543965.5172413794
31.0,53,0.04523749685850716,0.04523749685850716,0.0,3979,0,0,0,1200000,1500000,4,543965.5172413794
28.0,9,0.0,0.0,0.0,365,0,0,1,250000,300000,4,543965.5172413794
24.0,19,0.11726384364820847,0.11726384364820847,0.0,1535,0,0,1,600000,600000,4,543965.5172413794
22.0,8,0.4078549848942598,0.0,0.0,662,0,0,0,450000,450000,4,543965.5172413794
36.0,7,0.0,0.0,0.0,127,12,2,1,125000,1600000,4,543965.5172413794
21.0,18,0.0,0.06923076923076923,0.0,1300,0,0,1,4000000,4000000,4,543965.5172413794
34.0,12,0.0,0.0,0.0,584,18,2,8,600000,5500000,4,543965.5172413794
34.0,19,0.593881223755249,0.0,0.0,1667,0,0,1,450000,1500000,4,543965.5172413794
32.0,9,0.0,0.0,0.0,161,0,0,1,325000,500000,4,543965.5172413794
30.0,7,0.0,0.0,0.5714285714285714,630,0,0,0,700000,1500000,1,815000.0
30.0,13,0.0,0.0,0.8461538461538461,1170,227,19,0,650000,650000,1,815000.0
21.0,0,,,,0,0,0,0,25000,25000,1,815000.0
25.0,5,0.0,0.0,0.0,450,140,0,0,3200000,3200000,2,815000.0
28.0,18,0.0,0.05555555555555555,0.0,1620,14,0,0,1500000,2500000,2,815000.0
34.0,12,0.0,0.08695652173913043,0.0,1035,27,6,0,475000,750000,2,815000.0
21.0,9,0.0,0.0,0.0,731,0,0,0,300000,350000,2,815000.0
22.0,2,0.0,0.0,0.0,98,0,0,0,125000,125000,2,815000.0
22.0,5,0.0,0.2073732718894009,0.0,434,0,0,0,350000,350000,2,815000.0
29.0,5,0.0,0.0,0.0,280,0,0,0,325000,550000,2,815000.0
33.0,2,0.0,0.0,0.0,127,67,9,0,250000,1200000,2,815000.0
29.0,12,0.0,0.0,0.0,625,0,0,0,275000,275000,2,815000.0
35.0,3,0.0,0.0,0.0,161,0,0,1,100000,450000,2,815000.0
27.0,6,0.0,0.0,0.0,350,0,0,0,1300000,1800000,3,815000.0
20.0,15,0.10650887573964497,0.10650887573964497,0.0,845,0,0,0,1000000,1000000,3,815000.0
25.0,17,0.0,0.07481296758104738,0.0,1203,0,0,0,1500000,1700000,3,815000.0
23.0,12,0.0,0.0,0.0,836,0,0,0,1300000,1300000,3,815000.0
24.0,16,0.0,0.2731411229135053,0.0,659,75,16,0,800000,1200000,3,815000.0
26.0,19,0.145748987854251,0.145748987854251,0.0,1235,0,0,0,1500000,1500000,3,815000.0
27.0,13,0.75,0.0,0.0,480,0,0,0,800000,1750000,3,815000.0
22.0,16,0.0,0.0,0.0,639,0,0,0,1500000,1500000,4,815000.0
23.0,2,0.0,0.0,0.0,170,257,32,0,650000,650000,4,815000.0
22.0,13,0.0,0.0,0.0,701,0,0,0,1200000,1200000,4,815000.0
31.0,16,0.0,0.15267175572519084,0.0,1179,200,20,0,500000,600000,4,815000.0
20.0,8,0.0,0.0,0.0,195,0,0,0,250000,250000,4,815000.0
21.0,0,,,,0,0,0,0,25000,25000,4,815000.0
22.0,19,0.0,0.0,0.0,1031,0,0,0,1800000,1800000,4,815000.0
32.0,18,0.5773857257417803,0.07217321571772253,0.0,1247,0,0,0,1200000,1200000,4,815000.0
32.0,14,0.1391035548686244,0.0,0.0,647,149,25,8,600000,9000000,4,815000.0
20.0,0,,,,0,0,0,0,250000,250000,4,815000.0
32.0,20,0.0,0.0,1.15,1800,0,0,3,1800000,1800000,1,713541.6666666666
23.0,0,,,,0,0,0,0,25000,25000,1,713541.6666666666
24.0,14,0.0,0.0,0.0,1166,0,0,0,2700000,3000000,2,713541.6666666666
23.0,10,0.0,0.0,0.0,711,28,5,2,500000,700000,2,713541.6666666666
33.0,16,0.0,0.0,0.0,1395,0,0,2,500000,1000000,2,713541.6666666666
32.0,11,0.0,0.0,0.0,836,0,0,0,375000,1000000,2,713541.6666666666
23.0,6,0.0,0.0,0.0,237,9,0,0,100000,125000,2,713541.6666666666
23.0,17,0.0,0.0,0.0,1530,0,0,0,475000,475000,2,713541.6666666666
34.0,7,0.0,0.0,0.0,432,0,0,1,300000,2000000,2,713541.6666666666
27.0,10,0.0,0.18,0.0,500,31,5,0,250000,1500000,2,713541.6666666666
32.0,37,0.0,0.0,0.0,2078,25,3,5,1500000,7500000,3,713541.6666666666
23.0,10,0.0,0.0,0.0,563,58,8,0,600000,1100000,3,713541.6666666666
21.0,13,0.0,0.0,0.0,584,0,0,0,600000,600000,3,713541.6666666666
22.0,5,0.0,0.0,0.0,193,254,23,0,1200000,1500000,3,713541.6666666666
31.0,14,0.0,0.0,0.0,658,88,15,0,1000000,6000000,3,713541.6666666666
22.0,19,0.07731958762886598,0.07731958762886598,0.0,1164,138,20,0,800000,800000,3,713541.6666666666
25.0,10,0.0,0.25862068965517243,0.0,348,0,0,0,500000,900000,3,713541.6666666666
23.0,10,0.0,0.17110266159695817,0.0,526,0,0,0,400000,425000,4,713541.6666666666
21.0,6,0.0,0.0,0.0,266,228,21,0,200000,200000,4,713541.6666666666
19.0,16,0.0,0.0,0.0,1049,0,0,0,700000,700000,4,713541.6666666666
30.0,10,0.0,0.0,0.0,357,293,46,0,550000,3500000,4,713541.6666666666
24.0,19,0.2750190985485103,0.20626432391138275,0.0,1309,0,0,0,1200000,1200000,4,713541.6666666666
36.0,20,0.6436931079323797,0.11703511053315994,0.0,1538,192,26,7,500000,4000000,4,713541.6666666666
18.0,9,0.0,0.0,0.0,133,0,0,0,350000,350000,4,713541.6666666666
27.0,0,,,,0,0,0,0,1000000,1000000,1,1660185.1851851852
34.0,20,0.0,0.0,1.15,1800,165,19,2,325000,350000,1,1660185.1851851852
19.0,0,,,,0,0,0,0,300000,300000,1,1660185.1851851852
33.0,52,0.022031823745410038,0.0,0.0,4085,42,3,5,1200000,2500000,2,1660185.1851851852
30.0,10,0.0,0.0,0.0,839,168,27,1,550000,600000,2,1660185.1851851852
30.0,18,0.05992010652463382,0.05992010652463382,0.0,1502,96,13,0,450000,475000,2,1660185.1851851852
30.0,3,0.0,0.0,0.0,229,0,0,0,800000,800000,2,1660185.1851851852
28.0,8,0.0,0.0,0.0,435,0,0,0,250000,375000,2,1660185.1851851852
26.0,14,0.0,0.09054325955734406,0.0,994,72,3,0,3200000,3200000,2,1660185.1851851852
23.0,10,0.0,0.14263074484944532,0.0,631,0,0,0,325000,350000,2,1660185.1851851852
36.0,13,0.0,0.0,0.0,757,0,0,2,150000,2200000,3,1660185.1851851852
21.0,0,,,,0,0,0,0,150000,150000,3,1660185.1851851852
26.0,17,0.0,0.0,0.0,993,0,0,1,2000000,2000000,3,1660185.1851851852
28.0,19,0.0,0.0,0.0,1308,0,0,2,2000000,2500000,3,1660185.1851851852
30.0,19,0.0,0.0,0.0,1145,0,0,1,1200000,3000000,3,1660185.1851851852
25.0,18,0.0,0.0,0.0,881,0,0,0,750000,800000,3,1660185.1851851852
23.0,1,0.0,0.0,0.0,2,0,0,1,1200000,1200000,3,1660185.1851851852
22.0,15,0.0,0.140625,0.0,640,98,7,4,2500000,4000000,3,1660185.1851851852
20.0,1,0.0,0.0,0.0,7,0,0,0,50000,50000,3,1660185.1851851852
23.0,23,0.15293118096856415,0.0,0.0,1177,0,0,0,2500000,2500000,4,1660185.1851851852
23.0,4,0.0,0.0,0.0,60,179,30,3,500000,3500000,4,1660185.1851851852
23.0,8,0.0,0.2452316076294278,0.0,367,0,0,0,1500000,1500000,4,1660185.1851851852
24.0,0,,,,0,0,0,2,400000,650000,4,1660185.1851851852
24.0,16,0.6022304832713755,0.0,0.0,1345,14,4,1,16000000,16000000,4,1660185.1851851852
23.0,20,0.05671077504725898,0.05671077504725898,0.0,1587,0,0,3,3800000,3800000,4,1660185.1851851852
23.0,12,0.0,0.0,0.0,476,0,0,0,1200000,3500000,4,1660185.1851851852
28.0,1,0.0,0.0,0.0,3,237,30,0,525000,700000,4,1660185.1851851852
36.0,19,0.0,0.0,0.5789473684210527,1710,57,10,17,3000000,7500000,1,3024193.5483870967
26.0,0,,,,0,0,0,0,750000,750000,1,3024193.5483870967
24.0,1,0.0,0.0,0.0,90,14,1,0,50000,100000,1,3024193.5483870967
28.0,9,0.0,0.0,0.0,690,228,31,5,4500000,8000000,2,3024193.5483870967
27.0,10,0.0,0.0,0.0,492,718,81,7,4500000,12000000,2,3024193.5483870967
27.0,10,0.14195583596214512,0.0,0.0,634,296,58,5,4000000,5300000,2,3024193.5483870967
25.0,0,,,,0,225,40,4,4000000,6500000,2,3024193.5483870967
31.0,14,0.0,0.0,0.0,1260,19,1,3,1000000,2600000,2,3024193.5483870967
37.0,5,0.0,0.0,0.0,364,433,57,14,125000,4000000,2,3024193.5483870967
27.0,3,0.0,0.0,0.0,187,7,2,0,4000000,4500000,2,3024193.5483870967
28.0,2,0.0,0.0,0.0,176,34,1,0,1500000,3500000,2,3024193.5483870967
35.0,17,0.0,0.1900070372976777,0.0,1421,153,27,10,1200000,3500000,2,3024193.5483870967
24.0,8,0.0,0.1814516129032258,0.0,496,135,11,0,2300000,5000000,2,3024193.5483870967
30.0,57,0.0,0.06040268456375839,0.0,2980,141,37,9,3000000,8000000,3,3024193.5483870967
30.0,1,0.0,0.0,0.0,14,385,58,8,1800000,4000000,3,3024193.5483870967
37.0,4,0.0,0.0,0.0,284,230,40,15,1500000,25000000,3,3024193.5483870967
26.0,10,0.0,0.0,0.0,686,264,38,9,11000000,18000000,3,3024193.5483870967
24.0,17,0.2097902097902098,0.1048951048951049,0.0,858,21,4,3,3500000,3500000,3,3024193.5483870967
32.0,15,0.0,0.0,0.0,1094,96,12,1,2000000,2500000,3,3024193.5483870967
22.0,0,,,,0,8,0,0,150000,150000,3,3024193.5483870967
26.0,16,0.0,0.0,0.0,473,56,7,3,4000000,6000000,3,3024193.5483870967
33.0,18,0.1859504132231405,0.06198347107438017,0.0,1452,43,8,10,3500000,8000000,3,3024193.5483870967
24.0,19,0.36108324974924777,0.18054162487462388,0.0,997,172,24,4,6000000,10500000,4,3024193.5483870967
22.0,14,0.32806804374240583,0.5467800729040098,0.0,823,4,1,3,6000000,6500000,4,3024193.5483870967
20.0,6,0.0,0.0,0.0,162,56,8,3,5500000,6000000,4,3024193.5483870967
21.0,3,0.0,0.0,0.0,34,6,1,0,25000,25000,4,3024193.5483870967
22.0,18,0.7308584686774942,0.10440835266821345,0.0,862,12,1,1,6000000,6000000,4,3024193.5483870967
30.0,3,0.0,0.0,0.0,62,55,27,10,5000000,5000000,4,3024193.5483870967
33.0,45,0.2459016393442623,0.04918032786885246,0.0,1830,129,22,3,2000000,17000000,4,3024193.5483870967
35.0,9,0.5325443786982249,0.5325443786982249,0.0,169,661,108,12,1500000,10000000,4,3024193.5483870967
26.0,10,0.0,0.0,0.0,405,19,5,3,350000,2200000,4,3024193.5483870967
36.0,33,0.0,0.0,1.4545454545454546,2970,394,48,10,400000,7000000,1,2287121.212121212
20.0,0,,,,0,0,0,1,200000,200000,1,2287121.212121212
36.0,5,0.0,0.0,1.0,450,35,8,9,75000,900000,1,2287121.212121212
29.0,6,0.0,0.16666666666666666,0.0,540,121,26,4,4000000,6000000,2,2287121.212121212
30.0,52,0.04524886877828054,0.04524886877828054,0.0,3978,283,43,4,3000000,6000000,2,2287121.212121212
33.0,11,0.3,0.0,0.0,900,834,141,11,2800000,19000000,2,2287121.212121212
22.0,9,0.0,0.0,0.0,555,0,0,1,750000,750000,2,2287121.212121212
22.0,0,,,,0,6,0,3,350000,350000,2,2287121.212121212
36.0,31,0.03861003861003861,0.0,0.0,2331,206,28,4,250000,6000000,2,2287121.212121212
32.0,5,0.0,0.2,0.0,450,310,43,10,1500000,6000000,2,2287121.212121212
18.0,5,0.0,0.0,0.0,376,10,0,0,1500000,1500000,2,2287121.212121212
22.0,1,0.0,0.0,0.0,90,7,2,4,1000000,1500000,2,2287121.212121212
23.0,3,0.5357142857142857,0.5357142857142857,0.0,168,200,32,5,1500000,2500000,2,2287121.212121212
33.0,7,0.1541095890410959,0.0,0.0,584,58,11,6,1200000,3000000,2,2287121.212121212
21.0,20,0.0,0.0,0.0,1372,7,2,5,10000000,10000000,3,2287121.212121212
20.0,17,0.0,0.0,0.0,842,0,0,2,5000000,5000000,3,2287121.212121212
28.0,3,0.0,0.0,0.0,47,23,4,4,450000,1000000,3,2287121.212121212
21.0,17,0.0,0.0,0.0,711,21,5,6,4500000,6000000,3,2287121.212121212
24.0,27,0.34142640364188165,0.06828528072837632,0.0,1318,19,3,2,4000000,5000000,3,2287121.212121212
31.0,32,0.07317073170731707,0.07317073170731707,0.0,2460,21,6,11,2200000,6000000,3,2287121.212121212
30.0,14,0.0,0.0,0.0,580,93,19,4,2200000,4300000,3,2287121.212121212
23.0,2,0.0,0.0,0.0,10,210,37,6,2000000,15000000,3,2287121.212121212
35.0,1,0.0,0.0,0.0,13,527,74,9,150000,2500000,3,2287121.212121212
30.0,15,0.17874875868917578,0.17874875868917578,0.0,1007,9,2,6,3500000,8000000,3,2287121.212121212
21.0,4,0.0,0.0,0.0,52,283,45,6,6500000,6500000,4,2287121.212121212
27.0,20,0.0,0.05897771952817824,0.0,1526,67,15,8,0,10000000,4,2287121.212121212
21.0,4,0.0,0.0,0.0,145,43,9,2,6000000,6000000,4,2287121.212121212
27.0,5,0.0,0.0,0.0,198,113,29,4,750000,2000000,4,2287121.212121212
27.0,6,0.0,0.0,0.0,96,0,0,4,2500000,2500000,4,2287121.212121212
22.0,9,0.0,0.0,0.0,222,112,8,4,2500000,5000000,4,2287121.212121212
23.0,13,0.0,0.0,0.0,488,126,16,1,2000000,7000000,4,2287121.212121212
33.0,30,0.3356121814791796,0.1678060907395898,0.0,1609,392,54,12,2000000,15000000,4,2287121.212121212
28.0,4,0.0,0.0,0.0,204,201,40,4,700000,2000000,4,2287121.212121212
27.0,5,0.0,0.0,1.2,450,106,16,0,4000000,4000000,1,1295535.7142857143
26.0,0,,,,0,0,0,0,350000,400000,1,1295535.7142857143
31.0,0,,,,0,0,0,0,75000,75000,1,1295535.7142857143
27.0,1,0.0,1.0,0.0,90,167,17,0,4500000,4500000,2,1295535.7142857143
33.0,3,0.0,0.0,0.0,207,811,89,2,450000,1200000,2,1295535.7142857143
25.0,3,0.0,0.0,0.0,243,0,0,0,450000,700000,2,1295535.7142857143
33.0,4,0.0,0.0,0.0,344,0,0,5,250000,2200000,2,1295535.7142857143
22.0,3,0.0,0.0,0.0,132,0,0,0,250000,250000,2,1295535.7142857143
23.0,1,0.0,0.0,0.0,90,199,25,0,500000,800000,2,1295535.7142857143
29.0,4,0.0,0.25,0.0,360,0,0,0,400000,800000,2,1295535.7142857143
26.0,2,0.0,0.0,0.0,101,0,0,0,200000,250000,2,1295535.7142857143
29.0,4,0.0,0.0,0.0,285,136,17,1,1500000,1500000,2,1295535.7142857143
31.0,1,0.0,0.0,0.0,75,98,11,0,150000,500000,2,1295535.7142857143
21.0,5,0.40358744394618834,0.0,0.0,446,0,0,0,8000000,8000000,3,1295535.7142857143
30.0,4,0.0,0.0,0.0,322,0,0,0,1500000,1500000,3,1295535.7142857143
21.0,2,0.0,0.0,0.0,121,0,0,0,400000,400000,3,1295535.7142857143
33.0,1,0.0,0.0,0.0,90,6,1,1,75000,800000,3,1295535.7142857143
22.0,2,0.0,0.0,0.0,62,0,0,0,550000,1500000,3,1295535.7142857143
34.0,19,0.0,0.0,0.0,897,383,63,0,400000,7500000,3,1295535.7142857143
26.0,1,0.0,0.0,0.0,31,0,0,1,1500000,1500000,4,1295535.7142857143
18.0,4,0.0,0.0,0.0,358,0,0,0,3000000,3000000,4,1295535.7142857143
30.0,9,0.0,0.0,0.0,260,0,0,0,600000,3500000,4,1295535.7142857143
26.0,2,0.0,0.0,0.0,107,0,0,0,500000,550000,4,1295535.7142857143
31.0,4,0.0,0.0,0.0,154,0,0,1,400000,2500000,4,1295535.7142857143
25.0,5,0.0,0.0,0.0,174,21,4,0,4000000,4000000,4,1295535.7142857143
30.0,2,0.0,0.0,0.0,70,182,17,0,1200000,1200000,4,1295535.7142857143
24.0,5,0.0,0.3629032258064516,0.0,248,0,0,0,1000000,1000000,4,1295535.7142857143
20.0,2,0.0,0.0,0.0,23,0,0,0,75000,75000,4,1295535.7142857143
35.0,6,0.0,0.0,1.1666666666666667,540,292,43,4,2800000,5000000,1,1869230.7692307692
25.0,1,0.0,0.0,1.0,90,0,0,2,200000,200000,1,1869230.7692307692
36.0,6,0.0,0.0,0.0,503,127,17,10,1200000,3000000,2,1869230.7692307692
34.0,13,0.0,0.09814612868047982,0.0,917,109,14,5,750000,10000000,2,1869230.7692307692
30.0,8,0.0,0.1618705035971223,0.0,556,373,40,2,650000,1500000,2,1869230.7692307692
19.0,8,0.0,0.0,0.0,375,0,0,0,300000,300000,2,1869230.7692307692
28.0,12,0.17733990147783252,0.0,0.0,1015,74,14,3,1800000,1800000,2,1869230.7692307692
25.0,31,0.0,0.13719512195121952,0.0,2624,95,17,0,1200000,1800000,2,1869230.7692307692
24.0,16,0.07487520798668885,0.1497504159733777,0.0,1202,0,0,3,3500000,3500000,2,1869230.7692307692
32.0,7,0.0,0.0,0.0,434,499,55,8,800000,1500000,2,1869230.7692307692
37.0,9,0.20361990950226244,0.20361990950226244,0.0,442,74,4,6,100000,2000000,2,1869230.7692307692
24.0,13,0.07957559681697612,0.07957559681697612,0.0,1131,22,6,2,8000000,8000000,3,1869230.7692307692
20.0,19,0.0,0.0,0.0,1375,0,0,1,6000000,6000000,3,1869230.7692307692
29.0,1,0.0,0.0,0.0,39,281,38,1,2000000,3000000,3,1869230.7692307692
27.0,2,1.1538461538461537,0.0,0.0,156,142,24,2,5000000,8000000,3,1869230.7692307692
30.0,1,0.0,0.0,0.0,19,243,39,7,1200000,6000000,3,1869230.7692307692
34.0,14,0.2192448233861145,0.438489646772229,0.0,821,348,50,1,750000,1800000,3,1869230.7692307692
33.0,18,0.0,0.0,0.0,1017,21,4,2,600000,1500000,3,1869230.7692307692
29.0,35,0.25127966496044674,0.0,0.0,2149,17,3,2,500000,800000,3,1869230.7692307692
36.0,17,0.20594965675057209,0.20594965675057209,0.0,874,137,25,3,400000,6000000,3,1869230.7692307692
23.0,8,0.0,0.0,0.0,543,238,33,2,5000000,5000000,4,1869230.7692307692
28.0,5,0.0,0.0,0.0,123,6,2,1,800000,2750000,4,1869230.7692307692
24.0,37,0.336,0.24,0.0,1875,726,120,3,2800000,7500000,4,1869230.7692307692
28.0,6,0.4326923076923077,0.0,0.0,208,0,0,2,1700000,3500000,4,1869230.7692307692
36.0,19,0.25738798856053385,0.25738798856053385,0.0,1049,62,14,3,350000,3500000,4,1869230.7692307692
39.0,5,0.38961038961038963,0.38961038961038963,0.0,231,661,111,13,200000,8000000,4,1869230.7692307692
33.0,8,0.0,0.0,0.75,720,0,0,2,500000,700000,1,550735.2941176471
38.0,14,0.0,0.0,1.1428571428571428,1260,92,17,10,225000,1650000,1,550735.2941176471
32.0,0,,,,0,53,9,6,50000,400000,1,550735.2941176471
24.0,0,,,,0,0,0,0,50000,50000,1,550735.2941176471
29.0,2,0.0,0.0,0.0,143,412,65,5,1000000,1200000,2,550735.2941176471
25.0,15,0.0,0.0,0.0,1042,21,1,1,900000,900000,2,550735.2941176471
31.0,16,0.15319148936170213,0.07659574468085106,0.0,1175,199,38,8,900000,2000000,2,550735.2941176471
33.0,11,0.0,0.0,0.0,473,450,61,9,450000,1300000,2,550735.2941176471
18.0,2,0.0,0.0,0.0,122,0,0,0,50000,50000,2,550735.2941176471
32.0,11,0.09955752212389381,0.0,0.0,904,353,60,7,800000,800000,2,550735.2941176471
23.0,5,0.0,0.0,0.0,418,0,0,0,400000,400000,2,550735.2941176471
18.0,2,0.0,0.0,0.0,78,0,0,0,50000,50000,2,550735.2941176471
29.0,20,0.05,0.1,0.0,1800,0,0,7,1700000,1700000,2,550735.2941176471
21.0,4,0.0,0.0,0.0,251,153,23,1,200000,200000,2,550735.2941176471
25.0,7,0.0,0.0,0.0,484,0,0,2,1000000,1000000,3,550735.2941176471
30.0,18,0.0,0.0,0.0,1084,67,13,3,800000,1400000,3,550735.2941176471
18.0,0,,,,0,0,0,0,50000,50000,3,550735.2941176471
22.0,1,0.0,0.0,0.0,114,0,0,0,0,0,3,550735.2941176471
17.0,7,0.0,0.0,0.0,624,0,0,0,0,0,3,550735.2941176471
30.0,12,0.0,0.16853932584269662,0.0,534,620,102,7,850000,1600000,3,550735.2941176471
25.0,13,0.12195121951219512,0.12195121951219512,0.0,738,0,0,0,450000,600000,3,550735.2941176471
18.0,0,,,,0,0,0,0,0,0,3,550735.2941176471
27.0,18,0.3069053708439898,0.1534526854219949,0.0,1173,0,0,7,1200000,1200000,3,550735.2941176471
29.0,4,0.6870229007633588,0.0,0.0,262,322,68,7,1200000,2400000,3,550735.2941176471
28.0,7,0.0,0.0,0.0,291,49,11,2,500000,1000000,3,550735.2941176471
28.0,13,0.0,0.0,0.0,834,127,20,2,1000000,1000000,4,550735.2941176471
36.0,20,0.057766367137355584,0.23106546854942234,0.0,1558,184,31,17,500000,2000000,4,550735.2941176471
20.0,1,0.0,0.0,0.0,22,0,0,0,50000,50000,4,550735.2941176471
24.0,19,0.0,0.0,0.0,981,0,0,5,700000,700000,4,550735.2941176471
33.0,6,0.26548672566371684,0.26548672566371684,0.0,339,152,16,12,1300000,25000000,4,550735.2941176471
23.0,16,0.22900763358778625,0.0,0.0,1179,0,0,3,800000,800000,4,550735.2941176471
29.0,10,0.4326923076923077,0.0,0.0,208,116,17,1,600000,1100000,4,550735.2941176471
35.0,14,0.9036144578313253,0.18072289156626506,0.0,498,393,45,13,400000,2700000,4,550735.2941176471
23.0,5,0.0,0.0,0.0,286,0,0,0,50000,50000,4,550735.2941176471
31.0,14,0.0,0.0,1.2857142857142858,1260,469,71,1,250000,600000,1,484459.45945945947
25.0,2,0.0,0.0,0.5,180,0,0,3,200000,300000,1,484459.45945945947
26.0,0,,,,0,0,0,2,175000,175000,1,484459.45945945947
37.0,4,0.0,0.0,0.8823529411764706,306,211,34,3,100000,750000,1,484459.45945945947
21.0,1,0.0,0.0,0.0,44,0,0,0,0,0,2,484459.45945945947
27.0,22,0.0,0.0,0.0,1880,183,13,4,850000,1300000,2,484459.45945945947
30.0,12,0.0,0.20361990950226244,0.0,884,283,33,4,800000,925000,2,484459.45945945947
26.0,11,0.0,0.0,0.0,270,34,4,2,600000,700000,2,484459.45945945947
23.0,15,0.0,0.0,0.0,1088,92,14,2,400000,400000,2,484459.45945945947
34.0,5,0.24193548387096775,0.0,0.0,372,193,15,1,150000,650000,2,484459.45945945947
18.0,7,0.0,0.0,0.0,630,0,0,0,50000,50000,2,484459.45945945947
28.0,21,0.0,0.10262257696693272,0.0,1754,203,26,2,900000,1000000,2,484459.45945945947
26.0,3,0.0,0.0,0.0,161,61,10,1,250000,350000,2,484459.45945945947
18.0,8,0.0,0.125,0.0,720,0,0,0,0,0,2,484459.45945945947
27.0,6,0.0,0.0,0.0,495,270,40,3,1000000,1250000,2,484459.45945945947
30.0,14,0.09202453987730061,0.09202453987730061,0.0,978,152,28,2,650000,1000000,2,484459.45945945947
18.0,8,0.0,0.0,0.0,709,0,0,0,0,0,2,484459.45945945947
23.0,1,0.0,0.0,0.0,90,0,0,0,50000,50000,3,484459.45945945947
28.0,23,0.0,0.0,0.0,1799,226,35,4,1200000,1300000,3,484459.45945945947
21.0,20,0.1601423487544484,0.1601423487544484,0.0,562,0,0,3,850000,850000,3,484459.45945945947
19.0,9,0.0,0.0,0.0,504,0,0,2,200000,200000,3,484459.45945945947
22.0,1,0.0,0.0,0.0,90,0,0,0,50000,50000,3,484459.45945945947
16.0,6,0.0,0.2179176755447942,0.0,413,0,0,0,0,0,3,484459.45945945947
24.0,4,0.0,0.6818181818181818,0.0,132,130,16,1,500000,700000,3,484459.45945945947
24.0,1,0.0,0.0,0.0,76,0,0,0,350000,350000,3,484459.45945945947
30.0,21,0.45226130653266333,0.1507537688442211,0.0,597,10,2,5,1400000,2500000,3,484459.45945945947
24.0,20,0.059366754617414245,0.0,0.0,1516,27,3,3,750000,750000,3,484459.45945945947
22.0,1,0.0,0.0,0.0,28,0,0,0,50000,50000,4,484459.45945945947
16.0,0,,,,0,0,0,0,0,0,4,484459.45945945947
31.0,22,0.22167487684729065,0.33251231527093594,0.0,1624,70,16,4,1300000,2750000,4,484459.45945945947
33.0,24,0.10676156583629894,0.9608540925266904,0.0,843,91,18,6,850000,1300000,4,484459.45945945947
24.0,53,0.41815582558970693,0.38598999285203717,0.0,2798,55,8,2,600000,800000,4,484459.45945945947
30.0,7,0.0,0.0,0.0,320,1555,155,4,350000,3000000,4,484459.45945945947
26.0,23,0.31098825155494125,0.1243953006219765,0.0,1447,80,16,3,1000000,1200000,4,484459.45945945947
29.0,21,0.8475573866980577,0.052972336668628606,0.0,1699,104,18,2,1300000,1300000,4,484459.45945945947
30.0,6,0.0,0.0,0.0,64,137,12,4,450000,2300000,4,484459.45945945947
21.0,1,0.0,0.0,0.0,44,37,7,1,300000,300000,4,484459.45945945947
31.0,2,0.0,0.0,0.0,134,0,0,1,600000,1200000,1,449324.3243243243
35.0,14,0.0,0.0,0.9629629629629629,1215,247,39,4,300000,1250000,1,449324.3243243243
34.0,2,0.0,0.0,2.0,180,0,0,0,125000,500000,1,449324.3243243243
24.0,0,,,,0,0,0,0,50000,50000,1,449324.3243243243
17.0,4,0.0,0.0,4.205607476635514,107,0,0,0,0,0,1,449324.3243243243
18.0,18,0.06056527590847914,0.06056527590847914,0.0,1486,0,0,0,0,0,2,449324.3243243243
32.0,12,0.0,0.0,0.0,1080,64,9,4,1000000,1900000,2,449324.3243243243
22.0,5,0.0,0.0,0.0,202,0,0,0,800000,800000,2,449324.3243243243
26.0,12,0.0,0.0,0.0,500,276,50,1,600000,1900000,2,449324.3243243243
28.0,15,0.0,0.0,0.0,1328,61,8,0,450000,450000,2,449324.3243243243
35.0,1,0.0,0.0,0.0,83,102,18,4,75000,850000,2,449324.3243243243
30.0,15,0.0,0.21176470588235294,0.0,1275,271,37,3,800000,1300000,2,449324.3243243243
25.0,6,0.0,0.3543307086614173,0.0,254,57,15,2,250000,400000,2,449324.3243243243
31.0,5,0.0,0.0,0.0,372,45,6,3,1000000,1500000,2,449324.3243243243
25.0,16,0.06502890173410404,0.06502890173410404,0.0,1384,0,0,0,900000,900000,2,449324.3243243243
22.0,1,0.0,0.0,0.0,44,0,0,0,0,0,2,449324.3243243243
17.0,20,0.05163511187607573,0.25817555938037867,0.0,1743,0,0,0,0,0,3,449324.3243243243
26.0,12,0.0,0.0,0.0,600,0,0,1,600000,600000,3,449324.3243243243
22.0,4,0.0,0.0,0.0,129,248,42,1,175000,250000,3,449324.3243243243
19.0,5,0.7068062827225131,0.0,0.0,382,0,0,0,150000,250000,3,449324.3243243243
18.0,1,1.0,0.0,0.0,90,0,0,0,50000,50000,3,449324.3243243243
29.0,1,0.0,4.0,0.0,90,268,27,0,700000,775000,3,449324.3243243243
33.0,17,0.17798286090969018,0.11865524060646011,0.0,1517,48,11,0,600000,1000000,3,449324.3243243243
18.0,1,0.0,0.0,0.0,30,0,0,0,0,0,3,449324.3243243243
26.0,12,0.0,0.0,0.0,262,0,0,0,600000,600000,3,449324.3243243243
17.0,17,0.7290132547864506,0.2650957290132548,0.0,1358,0,0,0,0,0,3,449324.3243243243
26.0,11,0.2727272727272727,0.2727272727272727,0.0,330,0,0,1,700000,850000,3,449324.3243243243
29.0,16,0.16791044776119404,0.08395522388059702,0.0,1072,292,35,0,400000,600000,3,449324.3243243243
33.0,24,0.11865524060646011,0.17798286090969018,0.0,1517,538,89,4,1200000,10000000,3,449324.3243243243
34.0,39,0.11703511053315994,0.03901170351105332,0.0,2307,354,46,9,800000,22000000,3,449324.3243243243
26.0,10,0.0,0.5769230769230769,0.0,312,0,0,0,700000,700000,4,449324.3243243243
29.0,11,0.14354066985645933,0.14354066985645933,0.0,627,112,29,1,850000,850000,4,449324.3243243243
19.0,1,1.5,0.0,0.0,60,0,0,0,0,0,4,449324.3243243243
28.0,21,0.39424280350438046,0.056320400500625784,0.0,1598,0,0,1,1000000,1000000,4,449324.3243243243
25.0,13,0.38054968287526425,0.0,0.0,473,0,0,0,800000,800000,4,449324.3243243243
18.0,4,0.0,0.0,0.0,105,0,0,0,300000,300000,4,449324.3243243243
19.0,19,0.8869908015768725,0.2956636005256242,0.0,1522,0,0,1,50000,50000,4,449324.3243243243
30.0,25,0.0,0.0,1.72,2250,645,84,3,900000,2500000,1,412162.1621621622
23.0,14,0.0,0.0,1.5,1260,47,8,0,350000,550000,1,412162.1621621622
24.0,14,0.0,0.0,2.1185064935064934,1232,137,10,2,300000,500000,1,412162.1621621622
32.0,3,0.0,0.0,2.0,270,0,0,0,50000,50000,1,412162.1621621622
18.0,1,0.0,0.0,0.0,53,0,0,0,50000,50000,2,412162.1621621622
24.0,17,0.0,0.0,0.0,1514,0,0,0,600000,600000,2,412162.1621621622
26.0,17,0.0,0.0625,0.0,1440,0,0,0,500000,500000,2,412162.1621621622
32.0,2,0.0,0.0,0.0,34,0,0,3,450000,900000,2,412162.1621621622
24.0,10,0.0,0.0,0.0,367,162,19,0,400000,400000,2,412162.1621621622
24.0,1,0.0,0.0,0.0,120,0,0,0,350000,350000,2,412162.1621621622
17.0,1,0.0,0.0,0.0,90,0,0,0,0,0,2,412162.1621621622
17.0,0,,,,0,0,0,0,0,0,2,412162.1621621622
29.0,16,0.0,0.0661764705882353,0.0,1360,24,6,1,600000,600000,2,412162.1621621622
28.0,6,0.0,0.0,0.0,367,235,27,0,350000,450000,2,412162.1621621622
22.0,1,0.0,0.0,0.0,67,0,0,0,0,50000,2,412162.1621621622
20.0,1,0.0,0.0,0.0,11,0,0,1,0,0,3,412162.1621621622
24.0,9,0.0,0.0,0.0,273,77,15,2,500000,650000,3,412162.1621621622
21.0,17,0.061601642710472276,0.0,0.0,1461,21,5,0,900000,900000,3,412162.1621621622
22.0,15,0.0,0.0,0.0,891,19,4,0,900000,950000,3,412162.1621621622
29.0,5,0.0,0.26706231454005935,0.0,337,150,24,0,650000,650000,3,412162.1621621622
27.0,5,0.0,0.0,0.0,231,285,45,0,300000,400000,3,412162.1621621622
23.0,13,0.0,0.0,0.0,1049,0,0,0,150000,150000,3,412162.1621621622
26.0,6,0.0,0.225,0.0,400,14,2,2,1000000,1000000,3,412162.1621621622
29.0,1,0.0,0.0,0.0,67,153,14,0,300000,350000,3,412162.1621621622
27.0,1,0.0,0.0,0.0,57,0,0,2,700000,700000,3,412162.1621621622
26.0,2,0.0,0.0,0.0,52,47,3,0,500000,850000,3,412162.1621621622
21.0,1,0.0,1.0,0.0,90,0,0,0,400000,400000,3,412162.1621621622
18.0,3,0.6870229007633588,0.6870229007633588,0.0,131,0,0,0,50000,50000,4,412162.1621621622
24.0,7,0.0,0.0,0.0,161,0,0,0,1000000,1200000,4,412162.1621621622
21.0,9,0.18,0.36,0.0,500,0,0,0,225000,225000,4,412162.1621621622
25.0,10,0.0,0.20408163265306123,0.0,441,0,0,0,600000,1200000,4,412162.1621621622
28.0,13,0.4675324675324675,0.11688311688311688,0.0,770,127,29,1,550000,1700000,4,412162.1621621622
28.0,12,0.22528160200250313,0.0,0.0,799,136,21,1,500000,500000,4,412162.1621621622
30.0,11,0.1978021978021978,0.0,0.0,455,80,15,1,400000,800000,4,412162.1621621622
30.0,0,,,,0,258,44,0,400000,600000,4,412162.1621621622
35.0,16,0.5831533477321814,0.09719222462203024,0.0,926,225,25,5,200000,1600000,4,412162.1621621622
22.0,7,0.0,0.0,0.0,253,0,0,0,125000,125000,4,412162.1621621622
31.0,17,0.0,0.0,1.6470588235294117,1530,55,8,0,900000,900000,1,403378.3783783784
20.0,0,,,,0,0,0,1,200000,200000,1,403378.3783783784
35.0,1,0.0,0.0,1.0,90,0,0,1,50000,400000,1,403378.3783783784
17.0,8,0.0,0.0,1.75,720,0,0,0,0,0,1,403378.3783783784
17.0,0,,,,0,0,0,0,0,0,1,403378.3783783784
29.0,15,0.0,0.0,0.0,1348,48,7,3,700000,700000,2,403378.3783783784
26.0,10,0.0,0.0,0.0,685,343,38,0,350000,350000,2,403378.3783783784
36.0,14,0.0,0.0,0.0,1054,287,39,4,250000,2000000,2,403378.3783783784
21.0,3,0.0,0.0,0.0,270,0,0,0,175000,175000,2,403378.3783783784
18.0,1,0.0,0.0,0.0,1,0,0,0,50000,50000,2,403378.3783783784
18.0,1,0.0,0.0,0.0,90,0,0,0,50000,50000,2,403378.3783783784
36.0,15,0.0,0.10526315789473684,0.0,855,581,44,7,400000,14000000,2,403378.3783783784
27.0,12,0.0967741935483871,0.0967741935483871,0.0,930,48,7,1,400000,600000,2,403378.3783783784
21.0,1,0.0,0.0,0.0,24,291,37,0,325000,325000,2,403378.3783783784
25.0,7,0.0,0.3409090909090909,0.0,528,317,55,1,400000,400000,2,403378.3783783784
27.0,1,0.0,0.0,0.0,90,56,7,1,200000,350000,2,403378.3783783784
25.0,12,0.2066590126291619,0.2066590126291619,0.0,871,90,15,1,900000,900000,3,403378.3783783784
28.0,17,0.0,0.0,0.0,1422,134,18,0,750000,750000,3,403378.3783783784
33.0,5,0.0,0.0,0.0,196,295,34,3,400000,1100000,3,403378.3783783784
17.0,7,0.0,0.0,0.0,563,0,0,0,0,0,3,403378.3783783784
20.0,1,1.0,0.0,0.0,90,0,0,0,700000,700000,3,403378.3783783784
28.0,15,0.13043478260869565,0.13043478260869565,0.0,690,111,23,2,350000,400000,3,403378.3783783784
23.0,1,0.0,0.0,0.0,15,0,0,0,50000,50000,3,403378.3783783784
20.0,2,0.0,0.0,0.0,180,0,0,0,0,0,3,403378.3783783784
16.0,8,0.5438066465256798,0.8157099697885196,0.0,662,0,0,0,0,0,3,403378.3783783784
26.0,13,0.09977827050997783,0.09977827050997783,0.0,902,185,37,0,700000,700000,3,403378.3783783784
18.0,0,,,,0,0,0,0,50000,50000,3,403378.3783783784
19.0,12,0.0,0.0,0.0,301,0,0,0,50000,50000,3,403378.3783783784
22.0,1,0.0,0.0,0.0,23,0,0,0,50000,50000,3,403378.3783783784
32.0,15,0.0,0.0,0.0,908,211,40,1,500000,1500000,3,403378.3783783784
19.0,0,,,,0,0,0,0,25000,50000,4,403378.3783783784
30.0,1,0.0,0.0,0.0,90,311,59,5,800000,1500000,4,403378.3783783784
30.0,22,0.2569593147751606,0.1284796573875803,0.0,1401,176,25,6,1400000,2800000,4,403378.3783783784
25.0,8,0.0,0.0,0.0,114,0,0,2,1700000,1800000,4,403378.3783783784
32.0,17,0.39244186046511625,0.06540697674418605,0.0,1376,187,11,2,1100000,2200000,4,403378.3783783784
32.0,16,0.144,0.288,0.0,625,438,71,1,900000,1000000,4,403378.3783783784
18.0,1,0.0,0.0,0.0,15,0,0,1,50000,50000,4,403378.3783783784
34.0,17,0.0,0.0,0.8235294117647058,1530,261,29,10,600000,2500000,1,416000.0
29.0,0,,,,0,103,16,2,200000,200000,1,416000.0
35.0,0,,,,0,35,7,1,50000,200000,1,416000.0
22.0,0,,,,0,0,0,0,10000,50000,1,416000.0
17.0,1,0.0,0.0,0.0,90,0,0,0,0,0,2,416000.0
27.0,17,0.0,0.0,0.0,1530,0,0,2,1300000,1300000,2,416000.0
32.0,16,0.0,0.0,0.0,1010,0,0,1,700000,1400000,2,416000.0
22.0,17,0.0,0.11772400261608895,0.0,1529,0,0,1,550000,550000,2,416000.0
33.0,12,0.0,0.0,0.0,680,463,52,1,500000,1100000,2,416000.0
17.0,1,0.0,0.0,0.0,6,0,0,0,50000,50000,2,416000.0
18.0,1,0.0,0.0,0.0,19,97,19,0,0,0,2,416000.0
29.0,0,,,,0,189,24,0,250000,700000,2,416000.0
17.0,1,0.0,0.0,0.0,19,0,0,0,50000,50000,3,416000.0
22.0,1,0.0,0.0,0.0,71,0,0,0,0,50000,3,416000.0
21.0,1,0.0,0.0,0.0,71,0,0,0,0,50000,3,416000.0
31.0,17,0.05897771952817824,0.05897771952817824,0.0,1526,150,8,1,1300000,1300000,3,416000.0
32.0,16,0.0,0.0,0.0,1291,931,133,4,600000,1000000,3,416000.0
25.0,3,0.0,0.0,0.0,140,0,0,1,500000,500000,3,416000.0
20.0,0,,,,0,0,0,0,50000,50000,3,416000.0
31.0,9,0.0,0.0,0.0,184,527,57,4,450000,1200000,3,416000.0
28.0,2,0.0,0.0,0.0,19,199,41,0,350000,400000,3,416000.0
21.0,2,0.0,0.0,0.0,1,170,32,1,175000,175000,3,416000.0
21.0,1,0.0,0.0,0.0,81,58,12,0,150000,150000,3,416000.0
29.0,13,0.10368663594470046,0.10368663594470046,0.0,868,178,38,0,700000,800000,3,416000.0
26.0,17,0.061016949152542375,0.2440677966101695,0.0,1475,91,0,1,700000,700000,3,416000.0
30.0,1,0.0,0.0,0.0,51,263,50,0,400000,500000,3,416000.0
18.0,1,0.0,0.0,0.0,45,0,0,0,50000,50000,3,416000.0
24.0,15,0.0,0.0,0.0,802,351,44,1,350000,350000,3,416000.0
19.0,1,0.0,0.0,0.0,9,97,19,0,125000,125000,3,416000.0
20.0,0,,,,0,0,0,0,50000,50000,4,416000.0
28.0,17,0.24193548387096775,0.12096774193548387,0.0,1488,41,9,3,1700000,1700000,4,416000.0
29.0,23,0.7400379506641366,0.056925996204933584,0.0,1581,126,21,4,1600000,2000000,4,416000.0
34.0,17,0.2286198137171888,0.2286198137171888,0.0,1181,227,13,2,500000,1400000,4,416000.0
30.0,1,0.0,0.0,0.0,39,0,0,0,500000,550000,4,416000.0
17.0,4,0.0,0.0,0.0,21,0,0,0,50000,50000,4,416000.0
21.0,3,0.0,0.0,1.0,270,0,0,1,350000,350000,1,370945.9459459459
32.0,3,0.0,0.0,2.0,270,14,3,1,150000,600000,1,370945.9459459459
24.0,0,,,,0,0,0,0,50000,50000,1,370945.9459459459
18.0,7,0.0,0.0,1.7142857142857142,630,0,0,0,50000,50000,1,370945.9459459459
26.0,11,0.0,0.0,1.4545454545454546,990,91,4,0,50000,50000,1,370945.9459459459
24.0,17,0.0,0.0,0.0,1530,28,5,1,1000000,1000000,2,370945.9459459459
24.0,14,0.0,0.0,0.0,1247,6,1,0,500000,800000,2,370945.9459459459
27.0,1,0.0,0.0,0.0,21,406,61,4,250000,600000,2,370945.9459459459
19.0,1,0.0,0.0,0.0,90,0,0,0,100000,100000,2,370945.9459459459
27.0,32,0.03303964757709251,0.09911894273127753,0.0,2724,237,36,1,650000,900000,2,370945.9459459459
29.0,17,0.0,0.07685738684884715,0.0,1171,0,0,0,600000,600000,2,370945.9459459459
31.0,14,0.0,0.15293118096856415,0.0,1177,103,20,1,450000,500000,2,370945.9459459459
24.0,1,0.0,0.0,0.0,90,95,11,1,175000,225000,2,370945.9459459459
29.0,9,0.0,0.0,0.0,585,0,0,1,275000,500000,2,370945.9459459459
20.0,1,0.0,0.0,0.0,90,0,0,0,0,0,2,370945.9459459459
24.0,1,0.0,0.0,0.0,5,0,0,0,50000,50000,3,370945.9459459459
18.0,3,0.0,0.0,0.0,162,0,0,0,50000,50000,3,370945.9459459459
25.0,17,0.0,0.0,0.0,1084,50,14,0,750000,750000,3,370945.9459459459
25.0,16,0.0,0.0,0.0,963,110,17,0,700000,700000,3,370945.9459459459
24.0,1,0.0,1.25,0.0,72,0,0,0,125000,125000,3,370945.9459459459
19.0,7,0.0,0.0,0.0,417,0,0,0,75000,75000,3,370945.9459459459
27.0,12,0.09698275862068965,0.0,0.0,928,265,42,0,500000,500000,3,370945.9459459459
34.0,1,0.0,0.0,0.0,30,0,0,2,150000,650000,3,370945.9459459459
26.0,15,0.1507537688442211,0.1507537688442211,0.0,1194,0,0,1,1000000,1000000,3,370945.9459459459
23.0,1,0.0,0.0,0.0,30,0,0,0,850000,850000,3,370945.9459459459
28.0,16,0.0,0.0,0.0,1086,182,28,0,800000,800000,3,370945.9459459459
28.0,11,0.0,0.0,0.0,714,0,0,0,800000,800000,3,370945.9459459459
29.0,3,0.0,0.0,0.0,57,253,15,0,350000,650000,3,370945.9459459459
22.0,1,0.0,0.0,0.0,18,0,0,0,0,0,3,370945.9459459459
18.0,1,1.0,1.0,0.0,90,0,0,0,50000,50000,4,370945.9459459459
34.0,9,0.38961038961038963,0.0,0.0,231,319,34,4,350000,1600000,4,370945.9459459459
19.0,1,1.5,0.0,0.0,60,0,0,0,150000,150000,4,370945.9459459459
25.0,60,0.34623707622024524,0.06491945179129599,0.0,4159,0,0,0,1000000,1250000,4,370945.9459459459
21.0,17,0.259927797833935,0.0,0.0,1385,0,0,2,800000,800000,4,370945.9459459459
35.0,5,0.0,0.0,0.0,64,374,47,4,400000,1800000,4,370945.9459459459
19.0,1,4.5,0.0,0.0,60,0,0,0,125000,125000,4,370945.9459459459
19.0,1,0.0,0.0,0.0,30,0,0,0,0,0,4,370945.9459459459
26.0,9,0.0,0.0,1.3333333333333333,810,236,33,0,500000,500000,1,356081.08108108107
28.0,5,0.0,0.0,2.158273381294964,417,56,11,0,125000,300000,1,356081.08108108107
36.0,0,,,,0,306,47,1,125000,1000000,1,356081.08108108107
24.0,2,0.0,0.0,2.0,180,0,0,0,100000,100000,1,356081.08108108107
22.0,14,0.0,0.0,0.0,1121,0,0,0,0,0,2,356081.08108108107
28.0,2,0.0,0.0,0.0,135,132,28,2,800000,3000000,2,356081.08108108107
27.0,13,0.07692307692307693,0.0,0.0,1170,0,0,0,450000,450000,2,356081.08108108107
28.0,12,0.0,0.0,0.0,1080,403,41,1,400000,700000,2,356081.08108108107
22.0,5,0.0,0.0,0.0,364,0,0,0,200000,250000,2,356081.08108108107
19.0,1,0.0,0.0,0.0,90,0,0,0,25000,25000,2,356081.08108108107
23.0,3,0.0,0.0,0.0,120,0,0,0,25000,50000,2,356081.08108108107
23.0,4,0.0,0.0,0.0,176,0,0,0,350000,350000,2,356081.08108108107
34.0,1,0.0,0.0,0.0,70,164,30,1,100000,350000,2,356081.08108108107
22.0,10,0.0,0.0,0.0,710,41,6,1,450000,450000,2,356081.08108108107
26.0,12,0.0,0.0,0.0,1027,0,0,0,450000,450000,2,356081.08108108107
18.0,5,0.0,0.0,0.0,124,0,0,0,25000,25000,3,356081.08108108107
18.0,2,0.0,0.0,0.0,7,0,0,0,25000,25000,3,356081.08108108107
29.0,12,0.0,0.0,0.0,733,0,0,0,1000000,1000000,3,356081.08108108107
32.0,12,0.0,0.0,0.0,751,63,12,2,350000,850000,3,356081.08108108107
18.0,2,0.0,0.5,0.0,180,0,0,0,0,0,3,356081.08108108107
32.0,17,0.0,0.0,0.0,1085,19,3,2,450000,1450000,3,356081.08108108107
24.0,14,0.0,0.0,0.0,728,152,14,1,450000,450000,3,356081.08108108107
22.0,14,0.1056338028169014,0.2112676056338028,0.0,852,0,0,0,75000,75000,3,356081.08108108107
29.0,10,0.0,0.19189765458422176,0.0,469,295,50,7,800000,900000,3,356081.08108108107
25.0,21,0.1402961808261886,0.1402961808261886,0.0,1283,0,0,0,350000,500000,3,356081.08108108107
28.0,2,0.0,0.0,0.0,12,29,0,0,600000,600000,4,356081.08108108107
26.0,17,0.11450381679389313,0.0,0.0,786,0,0,0,350000,350000,4,356081.08108108107
25.0,17,0.11583011583011583,0.0,0.0,777,0,0,0,700000,700000,4,356081.08108108107
25.0,11,0.0,0.17964071856287425,0.0,501,0,0,0,400000,400000,4,356081.08108108107
30.0,33,0.04936917169500823,0.04936917169500823,0.0,1823,52,9,2,375000,800000,4,356081.08108108107
28.0,7,0.0,0.17857142857142858,0.0,504,26,5,1,275000,300000,4,356081.08108108107
25.0,15,0.351288056206089,0.0,0.0,1281,321,48,3,1200000,1200000,4,356081.08108108107
20.0,7,0.4326923076923077,0.0,0.0,208,0,0,0,450000,500000,4,356081.08108108107
25.0,1,0.0,0.0,0.0,18,212,18,0,400000,400000,4,356081.08108108107
24.0,7,0.0,0.2795031055900621,0.0,322,21,3,0,400000,400000,4,356081.08108108107
34.0,9,0.0,0.4,0.0,225,358,62,1,275000,1400000,4,356081.08108108107
23.0,0,,,,0,92,3,0,125000,200000,4,356081.08108108107
30.0,7,0.0,0.0,1.4285714285714286,630,42,8,0,600000,600000,1,373437.5
27.0,10,0.0,0.0,1.2,900,358,82,0,150000,150000,1,373437.5
28.0,0,,,,0,0,0,4,125000,125000,1,373437.5
24.0,1,0.0,0.0,0.0,90,0,0,0,50000,50000,1,373437.5
21.0,1,0.0,0.0,2.25,120,0,0,0,0,0,1,373437.5
27.0,7,0.0,0.0,0.0,563,0,0,0,700000,700000,2,373437.5
33.0,15,0.0,0.0,0.0,1279,50,7,0,650000,1000000,2,373437.5
29.0,17,0.0,0.0,0.0,1530,467,60,4,600000,1000000,2,373437.5
22.0,14,0.0,0.0,0.0,437,0,0,0,250000,350000,2,373437.5
23.0,0,,,,0,0,0,0,50000,50000,2,373437.5
30.0,1,0.0,0.0,0.0,84,277,53,1,450000,600000,2,373437.5
24.0,15,0.07269789983844911,0.0,0.0,1238,278,34,1,300000,400000,2,373437.5
25.0,16,0.0,0.11627906976744186,0.0,774,32,3,0,450000,450000,2,373437.5
29.0,11,0.0,0.0,0.0,814,273,30,0,400000,400000,2,373437.5
21.0,5,0.0,0.0,0.0,381,0,0,0,0,0,3,373437.5
18.0,2,0.0,0.0,0.0,90,0,0,0,0,0,3,373437.5
27.0,17,0.0,0.0,0.0,1473,115,25,1,1000000,1000000,3,373437.5
27.0,1,0.0,0.0,0.0,15,0,0,0,200000,250000,3,373437.5
21.0,1,0.0,0.0,0.0,90,184,29,0,50000,50000,3,373437.5
29.0,11,0.0,0.3276699029126214,0.0,824,94,22,0,750000,900000,3,373437.5
26.0,11,0.0,0.0,0.0,315,452,75,7,750000,1000000,3,373437.5
33.0,4,0.0,0.0,0.0,157,154,19,3,300000,450000,3,373437.5
30.0,4,0.0,0.0,0.0,123,0,0,1,600000,700000,3,373437.5
16.0,1,0.0,0.0,0.0,3,0,0,0,0,0,4,373437.5
25.0,14,0.078125,0.15625,0.0,1152,218,43,1,400000,400000,4,373437.5
29.0,11,0.0,0.0,0.0,535,64,12,2,450000,500000,4,373437.5
29.0,17,0.37552155771905427,0.0,0.0,1438,92,4,0,900000,900000,4,373437.5
24.0,15,0.2,0.2,0.0,450,0,0,0,850000,850000,4,373437.5
31.0,17,0.12491325468424705,0.0,0.0,1441,65,13,2,650000,850000,4,373437.5
35.0,13,0.0,0.0,0.0,187,70,9,3,200000,2500000,4,373437.5
22.0,4,0.8910891089108911,0.0,0.0,202,0,0,0,50000,50000,4,373437.5
37.0,4,0.0,0.0,0.0,17,286,29,0,25000,600000,4,373437.5
33.0,17,0.0,0.0,1.2352941176470589,1530,127,18,2,650000,750000,1,271875.0
29.0,0,,,,0,92,12,1,200000,200000,1,271875.0
20.0,0,,,,0,122,15,0,50000,50000,1,271875.0
21.0,0,,,,0,0,0,0,0,0,1,271875.0
40.0,1,0.0,0.0,1.0,90,0,0,2,0,400000,1,271875.0
18.0,0,,,,0,0,0,1,50000,50000,2,271875.0
27.0,17,0.0,0.0,0.0,1530,0,0,0,600000,600000,2,271875.0
30.0,15,0.0,0.0,0.0,1142,0,0,0,450000,450000,2,271875.0
33.0,4,0.0,0.0,0.0,97,295,51,6,350000,850000,2,271875.0
22.0,2,0.0,0.0,0.0,178,0,0,0,50000,50000,2,271875.0
20.0,1,0.0,1.2,0.0,75,0,0,0,25000,25000,2,271875.0
19.0,4,0.0,0.33088235294117646,0.0,272,0,0,1,450000,500000,2,271875.0
26.0,14,0.0,0.07556675062972293,0.0,1191,21,4,0,400000,400000,2,271875.0
21.0,2,0.0,0.6,0.0,150,0,0,0,0,0,2,271875.0
19.0,1,0.0,0.0,0.0,90,0,0,1,50000,50000,3,271875.0
25.0,17,0.0,0.0,0.0,1530,0,0,1,650000,650000,3,271875.0
27.0,7,0.23255813953488372,0.6976744186046512,0.0,387,288,39,1,350000,450000,3,271875.0
33.0,1,0.0,0.0,0.0,90,185,29,0,250000,450000,3,271875.0
30.0,11,0.0,0.0,0.0,387,0,0,0,200000,250000,3,271875.0
17.0,0,,,,0,0,0,1,0,0,3,271875.0
31.0,9,0.0,0.0,0.0,609,335,53,0,500000,700000,3,271875.0
35.0,10,0.0,0.0,0.0,363,185,32,0,200000,1000000,3,271875.0
34.0,10,0.0,0.0,0.0,572,69,11,2,100000,600000,3,271875.0
26.0,15,0.29654036243822074,0.07413509060955518,0.0,1214,130,12,0,400000,500000,3,271875.0
18.0,6,0.0,0.0,0.0,525,0,0,1,0,0,3,271875.0
20.0,2,0.0,0.0,0.0,118,0,0,0,250000,250000,3,271875.0
22.0,12,0.31542056074766356,0.0,0.0,856,103,13,0,600000,600000,3,271875.0
30.0,17,0.3925845147219193,0.09814612868047982,0.0,917,640,106,0,450000,1500000,3,271875.0
30.0,14,0.0,0.0,0.0,597,21,3,1,450000,500000,3,271875.0
24.0,16,0.0,0.0,0.0,1166,0,0,0,400000,400000,3,271875.0
20.0,1,0.0,0.0,0.0,21,0,0,0,0,0,3,271875.0
19.0,3,0.0,0.0,0.0,178,0,0,1,50000,50000,4,271875.0
22.0,1,0.0,0.0,0.0,9,0,0,0,0,0,4,271875.0
16.0,7,0.30874785591766724,0.0,0.0,583,0,0,1,0,0,4,271875.0
24.0,15,0.0,0.15943312666076173,0.0,1129,0,0,1,650000,650000,4,271875.0
21.0,12,0.0,0.0,0.0,435,30,7,1,300000,300000,4,271875.0
30.0,12,0.49586776859504134,0.0,0.0,363,106,21,8,600000,700000,4,271875.0
29.0,5,0.0,0.0,0.0,230,105,23,0,600000,600000,4,271875.0
20.0,2,0.0,0.0,0.0,61,84,17,0,400000,400000,4,271875.0
24.0,3,0.0,0.0,0.0,41,70,7,0,150000,150000,4,271875.0
24.0,2,0.0,0.0,3.5,180,0,0,0,800000,800000,1,497435.89743589744
28.0,22,0.0,0.0,0.8955223880597015,2010,0,0,2,300000,400000,1,497435.89743589744
23.0,0,,,,0,0,0,0,75000,75000,1,497435.89743589744
33.0,0,,,,0,0,0,3,50000,175000,1,497435.89743589744
15.0,5,0.0,0.0,1.0,450,0,0,0,0,0,1,497435.89743589744
16.0,6,0.0,0.0,0.0,460,0,0,0,0,0,2,497435.89743589744
24.0,29,0.0,0.0,0.0,1623,0,0,5,1600000,2000000,2,497435.89743589744
26.0,6,0.0,0.2631578947368421,0.0,342,294,44,0,650000,650000,2,497435.89743589744
31.0,16,0.0,0.0,0.0,828,0,0,2,400000,550000,2,497435.89743589744
31.0,4,0.0,0.0,0.0,360,39,6,0,350000,750000,2,497435.89743589744
32.0,16,0.0,0.0,0.0,1237,239,11,0,250000,700000,2,497435.89743589744
19.0,4,0.0,0.0,0.0,125,0,0,0,50000,50000,2,497435.89743589744
16.0,8,0.0,0.0,0.0,720,0,0,0,0,0,2,497435.89743589744
32.0,18,0.11029411764705882,0.11029411764705882,0.0,1632,79,2,2,1000000,4000000,2,497435.89743589744
25.0,20,0.05316007088009451,0.15948021264028353,0.0,1693,32,7,0,400000,600000,2,497435.89743589744
18.0,4,0.0,0.0,0.0,360,0,0,0,50000,50000,2,497435.89743589744
26.0,6,0.0,0.0,0.0,255,110,9,0,800000,800000,2,497435.89743589744
25.0,19,0.0,0.056144728633811605,0.0,1603,0,0,0,450000,450000,2,497435.89743589744
17.0,6,0.0,0.0,0.0,540,0,0,0,0,0,2,497435.89743589744
18.0,4,0.0,0.0,0.0,158,0,0,0,50000,50000,3,497435.89743589744
19.0,2,0.0,0.0,0.0,21,0,0,0,0,0,3,497435.89743589744
32.0,23,0.08759124087591241,0.17518248175182483,0.0,2055,335,45,5,1000000,2000000,3,497435.89743589744
28.0,1,0.0,0.0,0.0,22,701,117,9,700000,5000000,3,497435.89743589744
31.0,5,0.0,0.0,0.0,332,92,13,1,600000,1400000,3,497435.89743589744
39.0,4,0.0,0.0,0.0,153,315,51,42,1200000,70000000,3,497435.89743589744
24.0,17,0.0,0.0,0.0,1313,153,12,2,750000,1000000,3,497435.89743589744
21.0,1,0.0,0.0,0.0,74,0,0,1,0,50000,3,497435.89743589744
23.0,16,0.47493403693931396,0.0,0.0,758,79,17,0,400000,400000,3,497435.89743589744
25.0,10,0.0,0.0,0.0,554,25,5,1,300000,400000,3,497435.89743589744
29.0,11,0.0,0.0,0.0,519,253,28,0,225000,400000,3,497435.89743589744
18.0,2,0.0,0.0,0.0,88,0,0,0,50000,50000,4,497435.89743589744
27.0,22,0.3038487508440243,0.36461850101282917,0.0,1481,0,0,1,850000,850000,4,497435.89743589744
26.0,38,0.18867924528301888,0.12578616352201258,0.0,1431,22,4,0,500000,500000,4,497435.89743589744
22.0,5,0.0,0.0,0.0,351,0,0,0,50000,75000,4,497435.89743589744
22.0,23,0.12129380053908356,0.0,0.0,1484,0,0,0,300000,300000,4,497435.89743589744
30.0,19,0.35809018567639256,0.35809018567639256,0.0,1508,412,64,0,1800000,10000000,4,497435.89743589744
22.0,7,1.1688311688311688,0.0,0.0,154,160,31,7,1700000,6000000,4,497435.89743589744
33.0,24,0.5933062880324543,0.13691683569979715,0.0,1972,203,27,8,900000,6000000,4,497435.89743589744
31.0,4,0.0,0.0,0.0,246,115,24,2,800000,1000000,4,497435.89743589744
28.0,8,0.0,0.0,2.25,720,171,12,4,700000,1400000,1,395454.54545454547
34.0,0,,,,0,77,13,2,100000,500000,1,395454.54545454547
30.0,0,,,,0,0,0,0,75000,200000,1,395454.54545454547
39.0,9,0.0,0.0,1.5555555555555556,810,104,21,6,50000,1200000,1,395454.54545454547
21.0,3,0.0,0.0,0.0,175,0,0,0,0,0,2,395454.54545454547
30.0,17,0.0,0.0,0.0,1201,226,33,1,1000000,1700000,2,395454.54545454547
26.0,17,0.1798800799467022,0.05996002664890073,0.0,1501,31,7,0,800000,800000,2,395454.54545454547
26.0,17,0.0,0.0,0.0,1520,23,3,0,500000,500000,2,395454.54545454547
21.0,12,0.0,0.0,0.0,274,0,0,0,350000,350000,2,395454.54545454547
22.0,15,0.0,0.0,0.0,626,0,0,1,200000,200000,2,395454.54545454547
19.0,0,,,,0,0,0,0,50000,50000,2,395454.54545454547
35.0,1,0.0,0.0,0.0,63,312,24,11,200000,1650000,2,395454.54545454547
20.0,0,,,,0,0,0,0,0,50000,3,395454.54545454547
16.0,1,0.0,0.0,0.0,13,0,0,0,0,0,3,395454.54545454547
28.0,3,0.0,0.0,0.0,21,930,105,1,600000,1200000,3,395454.54545454547
30.0,16,0.13062409288824384,0.0,0.0,1378,476,50,1,500000,800000,3,395454.54545454547
31.0,10,0.2158273381294964,0.0,0.0,417,46,7,1,500000,3000000,3,395454.54545454547
33.0,15,0.0,0.21608643457382953,0.0,833,281,34,1,450000,1000000,3,395454.54545454547
29.0,8,0.0,0.7803468208092486,0.0,346,97,19,0,900000,1000000,3,395454.54545454547
24.0,1,0.0,0.0,0.0,90,18,4,1,1000000,1300000,3,395454.54545454547
24.0,1,0.0,0.0,0.0,90,0,0,0,50000,50000,3,395454.54545454547
25.0,43,0.274297324754487,0.2133423636979343,0.0,2953,237,36,10,900000,1000000,3,395454.54545454547
27.0,2,0.0,0.0,0.0,56,579,70,0,650000,650000,3,395454.54545454547
26.0,17,0.5642633228840125,0.14106583072100312,0.0,1276,0,0,1,650000,900000,3,395454.54545454547
30.0,10,0.11920529801324503,0.11920529801324503,0.0,755,515,60,2,600000,750000,3,395454.54545454547
43.0,1,0.0,0.0,0.0,3,351,54,7,25000,5600000,3,395454.54545454547
17.0,0,,,,0,0,0,0,0,0,4,395454.54545454547
25.0,17,0.412303664921466,0.17670157068062828,0.0,1528,56,9,0,850000,850000,4,395454.54545454547
24.0,12,0.40770101925254815,0.40770101925254815,0.0,883,208,43,0,500000,550000,4,395454.54545454547
28.0,8,0.20408163265306123,0.0,0.0,441,198,33,1,400000,450000,4,395454.54545454547
20.0,1,0.0,0.0,0.0,27,0,0,0,250000,250000,4,395454.54545454547
26.0,9,0.0,0.0,0.0,41,0,0,0,200000,500000,4,395454.54545454547
22.0,2,0.6040268456375839,0.0,0.0,149,65,14,0,0,0,4,395454.54545454547
25.0,16,0.0,0.0,1.6875,1440,14,3,7,1100000,1100000,1,336029.4117647059
33.0,2,0.0,0.0,1.5,180,50,10,1,100000,200000,1,336029.4117647059
28.0,0,,,,0,0,0,0,50000,50000,1,336029.4117647059
26.0,0,,,,0,62,8,0,50000,50000,1,336029.4117647059
22.0,1,0.0,0.0,0.0,18,0,0,0,0,0,2,336029.4117647059
22.0,1,0.0,0.0,0.0,6,0,0,0,0,0,2,336029.4117647059
25.0,12,0.0,0.0,0.0,911,0,0,0,500000,500000,2,336029.4117647059
33.0,15,0.0,0.0,0.0,1350,126,20,0,250000,1000000,2,336029.4117647059
33.0,5,0.0,0.0,0.0,188,98,16,1,200000,600000,2,336029.4117647059
19.0,3,0.0,0.4,0.0,225,0,0,0,50000,50000,2,336029.4117647059
22.0,2,0.0,0.0,0.0,131,0,0,0,0,25000,2,336029.4117647059
24.0,1,0.0,0.0,0.0,90,0,0,3,650000,1000000,2,336029.4117647059
38.0,3,0.0,0.0,0.0,270,240,42,6,25000,850000,2,336029.4117647059
24.0,16,0.0,0.0,0.0,1357,0,0,2,700000,700000,2,336029.4117647059
30.0,10,0.0,0.0,0.0,313,252,31,2,500000,650000,2,336029.4117647059
30.0,16,0.0,0.0,0.0,1117,555,81,3,500000,3000000,3,336029.4117647059
23.0,10,0.0,0.18789144050104384,0.0,479,0,0,0,450000,450000,3,336029.4117647059
34.0,14,0.0,0.11857707509881422,0.0,759,64,12,5,350000,1500000,3,336029.4117647059
19.0,1,0.0,0.0,0.0,72,0,0,0,50000,50000,3,336029.4117647059
32.0,6,0.0,0.0,0.0,379,28,5,5,500000,1000000,3,336029.4117647059
30.0,11,0.2967032967032967,0.0989010989010989,0.0,910,90,16,0,650000,900000,3,336029.4117647059
21.0,13,0.0,0.0,0.0,883,67,13,0,450000,450000,3,336029.4117647059
30.0,9,0.0,0.45226130653266333,0.0,398,257,28,0,400000,750000,3,336029.4117647059
33.0,15,0.0,0.11936339522546419,0.0,754,281,53,11,450000,2000000,3,336029.4117647059
23.0,2,0.0,0.0,0.0,91,68,13,0,350000,350000,3,336029.4117647059
32.0,9,0.0,0.0,0.0,221,657,85,2,250000,1100000,3,336029.4117647059
20.0,4,0.0,0.0,0.0,174,0,0,0,200000,200000,3,336029.4117647059
17.0,2,0.0,0.0,0.0,3,0,0,0,50000,50000,4,336029.4117647059
23.0,16,0.5259313367421475,0.13148283418553688,0.0,1369,0,0,2,1200000,1200000,4,336029.4117647059
27.0,5,0.0,0.0,0.0,38,0,0,0,600000,800000,4,336029.4117647059
26.0,5,0.8766233766233766,0.0,0.0,308,569,67,0,350000,350000,4,336029.4117647059
35.0,13,0.12875536480686695,0.0,0.0,699,337,50,5,250000,4500000,4,336029.4117647059
21.0,12,0.27149321266968324,0.0,0.0,663,0,0,0,125000,500000,4,336029.4117647059
19.0,12,0.0,0.0,0.0,297,0,0,0,75000,75000,4,336029.4117647059
26.0,13,0.0,0.0,1.6153846153846154,1170,195,26,1,450000,450000,1,375000.0
25.0,4,0.0,0.0,1.5,360,0,0,1,225000,350000,1,375000.0
34.0,0,,,,0,31,5,1,25000,50000,1,375000.0
20.0,0,,,,0,0,0,1,25000,25000,1,375000.0
16.0,1,0.0,0.0,0.0,44,0,0,0,0,0,1,375000.0
26.0,11,0.0,0.0,0.0,781,438,66,4,600000,900000,2,375000.0
29.0,6,0.0,0.0,0.0,388,0,0,2,350000,500000,2,375000.0
29.0,1,0.0,0.0,0.0,90,930,91,1,250000,250000,2,375000.0
34.0,12,0.0,0.0,0.0,1026,256,43,3,150000,600000,2,375000.0
37.0,9,0.12552301255230125,0.0,0.0,717,114,22,7,0,1200000,2,375000.0
28.0,11,0.0,0.0,0.0,899,153,26,2,600000,600000,2,375000.0
24.0,8,0.0,0.15625,0.0,576,100,15,1,350000,500000,2,375000.0
27.0,10,0.0,0.0,0.0,812,54,10,2,600000,600000,2,375000.0
26.0,10,0.0,0.0,0.0,646,133,8,0,500000,500000,2,375000.0
24.0,1,0.0,0.0,0.0,90,562,51,1,300000,600000,2,375000.0
17.0,1,0.0,0.0,0.0,4,0,0,0,25000,25000,3,375000.0
25.0,15,0.0,0.0,0.0,1280,0,0,1,800000,800000,3,375000.0
30.0,5,0.0,0.0,0.0,224,21,3,1,450000,800000,3,375000.0
32.0,16,0.0,0.0,0.0,921,0,0,1,450000,500000,3,375000.0
20.0,4,0.0,0.0,0.0,223,0,0,1,50000,50000,3,375000.0
22.0,12,0.0,0.0,0.0,607,0,0,1,250000,250000,3,375000.0
23.0,3,0.0,0.0,0.0,24,0,0,1,100000,100000,3,375000.0
20.0,15,0.0,0.0,0.0,1090,63,10,2,500000,500000,3,375000.0
25.0,17,0.4601899196493791,0.19722425127830534,0.0,1369,10,1,2,850000,850000,3,375000.0
30.0,7,0.0,0.26785714285714285,0.0,336,346,35,1,800000,800000,3,375000.0
24.0,10,0.0,0.26239067055393583,0.0,343,0,0,0,500000,600000,4,375000.0
20.0,14,0.0,0.0,0.0,656,0,0,1,300000,300000,4,375000.0
27.0,4,0.0,0.8490566037735849,0.0,106,0,0,0,800000,800000,4,375000.0
22.0,1,0.0,0.0,0.0,90,0,0,1,500000,500000,4,375000.0
27.0,13,0.5075187969924813,0.0,0.0,532,0,0,2,800000,800000,4,375000.0
33.0,13,0.0,0.0,0.0,779,0,0,2,300000,700000,4,375000.0
23.0,1,0.0,0.0,0.0,16,0,0,0,100000,100000,4,375000.0
23.0,0,,,,0,0,0,0,450000,650000,1,571969.696969697
24.0,17,0.0,0.0,0.9411764705882353,1530,0,0,0,125000,125000,1,571969.696969697
38.0,2,0.0,0.0,0.5,180,183,38,7,50000,1000000,1,571969.696969697
19.0,0,,,,0,0,0,0,0,25000,1,571969.696969697
30.0,10,0.0,0.0,0.0,431,616,83,7,900000,3800000,2,571969.696969697
29.0,1,1.0,0.0,0.0,90,0,0,1,700000,1000000,2,571969.696969697
22.0,13,0.07692307692307693,0.0,0.0,1170,0,0,0,650000,650000,2,571969.696969697
28.0,49,0.0,0.0,0.0,4057,38,8,4,500000,1500000,2,571969.696969697
19.0,0,,,,0,0,0,0,0,0,2,571969.696969697
28.0,16,0.0,0.26258205689277897,0.0,1371,130,17,1,750000,1500000,2,571969.696969697
19.0,1,0.0,0.0,0.0,90,0,0,0,50000,50000,2,571969.696969697
24.0,14,0.0,0.0,0.0,838,49,8,0,650000,650000,2,571969.696969697
27.0,13,0.0,0.11764705882352941,0.0,765,441,63,1,400000,600000,2,571969.696969697
22.0,11,0.0,0.0,0.0,768,200,34,0,750000,750000,3,571969.696969697
25.0,1,0.0,1.0,0.0,90,0,0,0,300000,350000,3,571969.696969697
21.0,0,,,,0,0,0,0,50000,50000,3,571969.696969697
30.0,16,0.06583760058522312,0.0,0.0,1367,0,0,0,1700000,2400000,3,571969.696969697
20.0,1,0.0,0.0,0.0,90,0,0,0,175000,175000,3,571969.696969697
26.0,17,0.0,0.3345724907063197,0.0,1345,0,0,0,1200000,1200000,3,571969.696969697
22.0,3,0.5056179775280899,0.0,0.0,178,42,7,0,450000,450000,3,571969.696969697
24.0,12,0.0,0.0,0.0,606,0,0,1,750000,750000,3,571969.696969697
31.0,1,0.0,0.0,0.0,55,53,13,0,500000,900000,3,571969.696969697
20.0,15,0.0,0.0,0.0,349,0,0,0,100000,100000,3,571969.696969697
21.0,5,0.0,0.0,0.0,198,125,24,1,800000,950000,3,571969.696969697
27.0,9,0.0,0.0,0.0,513,298,24,0,275000,400000,3,571969.696969697
22.0,1,0.0,0.0,0.0,28,0,0,0,0,0,4,571969.696969697
30.0,1,0.0,0.0,0.0,56,0,0,0,1200000,2750000,4,571969.696969697
31.0,13,0.41284403669724773,0.0,0.0,436,223,21,6,1000000,2300000,4,571969.696969697
27.0,28,0.37815126050420167,0.18907563025210083,0.0,2380,287,16,5,2000000,3500000,4,571969.696969697
25.0,15,0.141287284144427,0.0,0.0,637,0,0,2,900000,900000,4,571969.696969697
28.0,20,0.4878048780487805,0.0,0.0,1107,28,6,5,700000,1300000,4,571969.696969697
27.0,30,0.3715170278637771,0.09287925696594428,0.0,1938,127,16,1,500000,4000000,4,571969.696969697
21.0,4,0.0,0.0,0.0,74,0,0,0,300000,300000,4,571969.696969697
23.0,17,0.0,0.0,0.9411764705882353,1530,0,0,2,1000000,1000000,1,458593.75
27.0,0,,,,0,0,0,1,350000,350000,1,458593.75
32.0,0,,,,0,0,0,1,50000,100000,1,458593.75
40.0,0,,,,0,153,26,5,0,1000000,1,458593.75
26.0,17,0.0,0.0,0.0,1523,100,1,2,1000000,1000000,2,458593.75
34.0,13,0.15384615384615385,0.0,0.0,1170,64,9,8,850000,2500000,2,458593.75
33.0,17,0.0,0.0,0.0,1530,629,83,5,800000,1300000,2,458593.75
25.0,4,0.0,0.0,0.0,354,97,0,1,300000,350000,2,458593.75
22.0,5,0.0,0.0,0.0,14,0,0,0,50000,50000,2,458593.75
22.0,1,1.0,0.0,0.0,90,0,0,0,50000,50000,2,458593.75
29.0,1,0.0,0.0,0.0,90,0,0,1,700000,700000,2,458593.75
17.0,5,0.5625,0.5625,0.0,160,0,0,0,0,0,3,458593.75
28.0,16,0.0,0.0734094616639478,0.0,1226,102,16,6,900000,1000000,3,458593.75
24.0,9,0.0,0.0,0.0,371,0,0,1,500000,700000,3,458593.75
22.0,1,3.4615384615384617,0.0,0.0,26,42,8,0,450000,450000,3,458593.75
37.0,1,0.0,0.0,0.0,44,626,76,11,125000,1600000,3,458593.75
16.0,2,0.0,0.0,0.0,23,0,0,0,0,0,3,458593.75
31.0,4,0.36885245901639346,0.0,0.0,244,70,4,3,300000,450000,3,458593.75
22.0,17,0.06917755572636433,0.06917755572636433,0.0,1301,99,20,1,650000,800000,3,458593.75
35.0,3,0.0,0.0,0.0,150,119,19,4,300000,1500000,3,458593.75
19.0,9,0.0,0.16635859519408502,0.0,541,0,0,0,50000,50000,3,458593.75
26.0,16,0.06891271056661562,0.0,0.0,1306,127,10,2,1400000,1400000,3,458593.75
23.0,17,0.17916390179163902,0.059721300597213006,0.0,1507,166,28,1,600000,600000,3,458593.75
38.0,3,0.0,0.0,0.0,26,171,26,4,0,900000,3,458593.75
19.0,2,0.0,0.0,0.0,90,0,0,1,75000,75000,4,458593.75
23.0,11,0.09879253567508232,0.09879253567508232,0.0,911,26,5,2,850000,850000,4,458593.75
17.0,7,0.2857142857142857,0.14285714285714285,0.0,630,0,0,0,0,0,4,458593.75
31.0,22,0.1391035548686244,0.0,0.0,1294,279,32,6,500000,2500000,4,458593.75
25.0,14,0.0,0.4981549815498155,0.0,542,122,26,1,400000,900000,4,458593.75
21.0,1,0.0,0.0,0.0,90,336,43,1,250000,250000,4,458593.75
30.0,57,0.6393054459352802,0.1420678768745067,0.0,3801,48,12,10,1900000,2500000,4,458593.75
35.0,12,0.8411214953271028,0.0,0.0,535,272,36,1,275000,700000,4,458593.75
36.0,23,0.0,0.0,0.6515444015444015,2072,91,13,11,300000,2000000,1,705645.1612903225
20.0,4,0.0,0.0,0.5,360,0,0,4,275000,300000,1,705645.1612903225
29.0,1,0.0,0.0,0.0,28,247,23,1,250000,350000,1,705645.1612903225
26.0,0,,,,0,77,18,0,175000,200000,1,705645.1612903225
30.0,26,0.15483870967741936,0.0,0.0,2325,86,8,10,2200000,4500000,2,705645.1612903225
28.0,10,0.12517385257301808,0.12517385257301808,0.0,719,152,18,4,1100000,1600000,2,705645.1612903225
28.0,49,0.046583850931677016,0.0,0.0,3864,0,0,3,800000,800000,2,705645.1612903225
30.0,1,0.0,0.0,0.0,98,496,90,3,700000,1500000,2,705645.1612903225
25.0,2,1.0,0.0,0.0,180,187,30,2,350000,400000,2,705645.1612903225
23.0,16,0.0,0.1497504159733777,0.0,601,0,0,2,650000,650000,2,705645.1612903225
22.0,7,0.0,0.0,0.0,485,115,7,1,600000,600000,2,705645.1612903225
33.0,19,0.10856453558504221,0.10856453558504221,0.0,1658,239,34,6,1700000,8000000,2,705645.1612903225
31.0,7,0.0,0.0,0.0,329,120,11,4,400000,600000,2,705645.1612903225
18.0,1,0.0,0.0,0.0,4,0,0,0,0,0,3,705645.1612903225
24.0,25,0.08941877794336811,0.13412816691505217,0.0,2013,0,0,3,850000,850000,3,705645.1612903225
27.0,9,0.0,0.0,0.0,379,0,0,4,650000,650000,3,705645.1612903225
27.0,5,0.0,0.0,0.0,141,52,12,3,450000,500000,3,705645.1612903225
23.0,20,0.2795031055900621,0.0,0.0,966,0,0,2,150000,150000,3,705645.1612903225
35.0,25,0.0,0.0,0.0,2033,412,49,4,300000,700000,3,705645.1612903225
25.0,6,0.0,0.0,0.0,207,0,0,2,500000,600000,3,705645.1612903225
25.0,27,0.13353115727002968,0.04451038575667656,0.0,2022,45,6,3,800000,800000,3,705645.1612903225
28.0,27,0.0,0.3345724907063197,0.0,1614,171,23,4,700000,1300000,3,705645.1612903225
26.0,21,0.06691449814126393,0.06691449814126393,0.0,1345,0,0,2,900000,900000,3,705645.1612903225
17.0,4,0.0,0.0,0.0,32,0,0,1,50000,50000,4,705645.1612903225
29.0,30,0.5736137667304015,0.2294455066921606,0.0,1569,157,17,2,1800000,2200000,4,705645.1612903225
24.0,24,0.055762081784386616,0.055762081784386616,0.0,1614,0,0,2,450000,450000,4,705645.1612903225
32.0,64,0.4300168634064081,0.2782462057335582,0.0,3558,142,29,0,1800000,4000000,4,705645.1612903225
32.0,15,0.25069637883008355,0.08356545961002786,0.0,1077,84,14,4,1500000,1500000,4,705645.1612903225
25.0,1,0.0,0.0,0.0,13,67,4,2,700000,700000,4,705645.1612903225
30.0,31,0.6433166547533953,0.0,0.0,1399,690,58,3,600000,1000000,4,705645.1612903225
36.0,18,0.24280575539568344,0.0,0.0,1112,328,40,14,175000,2000000,4,705645.1612903225
22.0,10,0.0,0.0,2.1,900,139,26,1,850000,850000,1,473484.8484848485
37.0,7,0.0,0.0,1.5714285714285714,630,678,92,5,200000,1450000,1,473484.8484848485
30.0,0,,,,0,0,0,0,100000,100000,1,473484.8484848485
18.0,6,0.0,0.0,1.1666666666666667,540,0,0,0,0,0,1,473484.8484848485
22.0,0,,,,0,0,0,0,0,50000,2,473484.8484848485
28.0,15,0.0,0.0,0.0,1093,129,22,0,800000,1400000,2,473484.8484848485
31.0,1,0.0,0.0,0.0,17,6,0,5,800000,1100000,2,473484.8484848485
22.0,4,0.0,0.0,0.0,318,306,45,0,600000,600000,2,473484.8484848485
27.0,10,0.0,0.0,0.0,692,103,17,1,300000,400000,2,473484.8484848485
24.0,4,0.0,0.0,0.0,354,0,0,0,200000,200000,2,473484.8484848485
26.0,17,0.0,0.0,0.0,1441,0,0,0,600000,600000,2,473484.8484848485
34.0,1,0.0,0.0,0.0,90,172,33,6,250000,1150000,2,473484.8484848485
21.0,16,0.06859756097560976,0.06859756097560976,0.0,1312,0,0,1,650000,650000,2,473484.8484848485
26.0,1,0.0,0.0,0.0,90,87,20,0,500000,600000,2,473484.8484848485
26.0,1,,,,0,80,12,0,300000,350000,2,473484.8484848485
17.0,7,0.0,0.0,0.0,410,0,0,0,0,0,3,473484.8484848485
21.0,2,0.0,0.0,0.0,173,0,0,0,0,0,3,473484.8484848485
26.0,73,0.03800675675675676,0.03800675675675676,0.0,4736,183,31,4,1800000,1800000,3,473484.8484848485
26.0,17,0.14814814814814814,0.2222222222222222,0.0,1215,0,0,0,1000000,1000000,3,473484.8484848485
21.0,10,0.0,0.0,0.0,236,77,20,0,600000,700000,3,473484.8484848485
25.0,9,0.0,0.0,0.0,480,70,12,0,600000,600000,3,473484.8484848485
26.0,16,0.20270270270270271,0.20270270270270271,0.0,1332,11,3,0,700000,700000,3,473484.8484848485
24.0,1,0.0,0.0,0.0,45,0,0,1,600000,600000,3,473484.8484848485
28.0,10,0.39215686274509803,0.39215686274509803,0.0,459,739,109,0,400000,1000000,3,473484.8484848485
24.0,8,0.0,0.0,0.0,307,119,20,0,550000,600000,3,473484.8484848485
34.0,7,0.2795031055900621,0.0,0.0,322,229,34,11,400000,1450000,3,473484.8484848485
24.0,22,0.1490066225165563,0.0,0.0,604,0,0,0,350000,500000,4,473484.8484848485
19.0,1,0.0,0.0,0.0,72,0,0,0,250000,250000,4,473484.8484848485
31.0,59,0.3711742999782939,0.19535489472541784,0.0,4607,71,8,4,500000,1000000,4,473484.8484848485
23.0,9,0.0,0.0,0.0,244,0,0,0,350000,350000,4,473484.8484848485
31.0,13,0.23047375160051217,0.11523687580025609,0.0,781,385,65,11,800000,2500000,4,473484.8484848485
29.0,30,0.0,0.0,0.0,1550,359,58,1,450000,2000000,4,473484.8484848485
21.0,8,0.0,0.23376623376623376,0.0,385,273,49,0,125000,250000,4,473484.8484848485
32.0,33,0.0,0.0,1.08,3000,74,12,4,900000,1250000,1,1197142.857142857
26.0,1,0.0,0.0,0.0,90,0,0,0,150000,550000,1,1197142.857142857
31.0,36,0.0,0.0,1.039650327817671,3203,179,13,3,175000,850000,1,1197142.857142857
34.0,3,0.0,0.0,0.0,156,0,0,2,75000,550000,1,1197142.857142857
22.0,0,,,,0,0,0,0,0,25000,2,1197142.857142857
31.0,64,0.06329113924050633,0.03164556962025317,0.0,5688,18,3,0,1500000,1500000,2,1197142.857142857
24.0,41,0.0,0.0,0.0,3519,0,0,1,2000000,2000000,2,1197142.857142857
29.0,35,0.0,0.0,0.0,2425,0,0,1,150000,750000,2,1197142.857142857
27.0,24,0.0,0.0,0.0,988,0,0,0,150000,150000,2,1197142.857142857
18.0,0,,,,0,0,0,0,0,0,2,1197142.857142857
21.0,14,0.0,0.3383458646616541,0.0,266,0,0,0,200000,200000,2,1197142.857142857
23.0,65,0.04741000877963126,0.15803336259877085,0.0,5695,0,0,1,750000,750000,2,1197142.857142857
27.0,71,0.0,0.20153550863723607,0.0,6252,0,0,0,1000000,1000000,2,1197142.857142857
35.0,7,0.0,0.6428571428571429,0.0,140,183,25,3,25000,350000,2,1197142.857142857
20.0,0,,,,0,0,0,0,25000,25000,2,1197142.857142857
33.0,57,0.18181818181818182,0.10909090909090909,0.0,4950,104,27,7,5000000,30000000,3,1197142.857142857
30.0,52,0.050097411633732256,0.0,0.0,3593,0,0,0,400000,400000,3,1197142.857142857
30.0,40,0.1605231866825208,0.0,0.0,1682,0,0,0,100000,450000,3,1197142.857142857
21.0,0,,,,0,0,0,0,50000,50000,3,1197142.857142857
34.0,61,0.21984216459977451,0.16910935738444194,0.0,5322,274,51,7,1800000,20000000,3,1197142.857142857
28.0,66,0.0900720576461169,0.05404323458767014,0.0,4996,0,0,0,500000,500000,3,1197142.857142857
26.0,8,0.0,0.0,0.0,354,236,27,2,50000,500000,3,1197142.857142857
30.0,6,0.0,0.0,0.0,62,0,0,0,50000,350000,3,1197142.857142857
30.0,64,0.385834109972041,0.18452935694315004,0.0,5365,0,0,2,6000000,6000000,3,1197142.857142857
33.0,30,0.06651884700665188,0.3991130820399113,0.0,1353,274,36,14,250000,1800000,3,1197142.857142857
21.0,5,0.0,0.0,0.0,50,0,0,0,0,25000,4,1197142.857142857
20.0,4,0.0,0.0,0.0,47,0,0,0,0,25000,4,1197142.857142857
20.0,2,0.0,0.0,0.0,22,0,0,0,0,25000,4,1197142.857142857
30.0,61,0.2840610205155181,0.33140452393477116,0.0,3802,4,0,6,800000,1200000,4,1197142.857142857
27.0,62,0.7214076246334311,0.10557184750733138,0.0,5115,0,0,1,6500000,6500000,4,1197142.857142857
23.0,45,0.23316062176165803,0.0,0.0,1544,0,0,1,750000,1200000,4,1197142.857142857
28.0,37,0.17751479289940827,0.23668639053254437,0.0,1521,35,3,3,350000,2900000,4,1197142.857142857
26.0,36,0.6256517205422315,0.21897810218978103,0.0,2877,52,5,1,8000000,8500000,4,1197142.857142857
27.0,65,0.2575107296137339,0.16554261189454322,0.0,4893,143,17,1,4000000,30000000,4,1197142.857142857
26.0,26,0.0,0.0,0.0,297,0,0,0,200000,200000,4,1197142.857142857
32.0,3,0.0,0.0,1.0,270,0,0,2,75000,250000,1,852500.0
36.0,61,0.0,0.0,1.278688524590164,5490,15,4,4,100000,4500000,1,852500.0
35.0,0,,,,0,0,0,0,50000,250000,1,852500.0
27.0,0,,,,0,0,0,0,0,0,1,852500.0
18.0,0,,,,0,0,0,0,0,25000,1,852500.0
30.0,57,0.0,0.019342359767891684,0.0,4653,304,39,1,2800000,7500000,2,852500.0
27.0,48,0.02367175170962651,0.02367175170962651,0.0,3802,482,92,7,2000000,2300000,2,852500.0
20.0,20,0.0,0.0,0.0,1637,0,0,0,300000,300000,2,852500.0
28.0,45,0.0,0.0,0.0,3375,0,0,0,175000,175000,2,852500.0
30.0,16,0.0,0.13761467889908258,0.0,654,0,0,2,125000,975000,2,852500.0
21.0,0,,,,0,31,0,0,25000,150000,2,852500.0
29.0,10,0.0,0.0,0.0,431,0,0,1,75000,400000,2,852500.0
24.0,49,0.08985024958402663,0.0,0.0,3005,0,0,0,150000,150000,2,852500.0
32.0,56,0.0,0.14577849767159343,0.0,4939,42,5,0,200000,550000,2,852500.0
27.0,6,0.0,0.0,0.0,96,0,0,0,0,225000,2,852500.0
25.0,71,0.02066115702479339,0.0,0.0,4356,43,9,3,4500000,7000000,3,852500.0
23.0,46,0.0,0.0,0.0,2742,0,0,1,400000,600000,3,852500.0
21.0,26,0.0,0.07223113964686999,0.0,1246,0,0,0,300000,300000,3,852500.0
30.0,4,0.0,0.0,0.0,47,0,0,3,0,250000,3,852500.0
29.0,51,0.0,0.06889512630773156,0.0,3919,0,0,0,250000,275000,3,852500.0
24.0,43,0.12756909992912827,0.25513819985825653,0.0,1411,0,0,1,275000,400000,3,852500.0
22.0,3,0.0,0.0,0.0,24,0,0,0,50000,50000,4,852500.0
21.0,0,,,,0,0,0,0,25000,25000,4,852500.0
30.0,35,0.3643724696356275,0.0728744939271255,0.0,2470,53,10,0,4500000,8000000,4,852500.0
29.0,28,0.09734991887506761,0.09734991887506761,0.0,1849,84,17,10,3000000,8000000,4,852500.0
21.0,38,0.0,0.0,0.0,1071,0,0,1,225000,225000,4,852500.0
28.0,42,0.11204481792717087,0.16806722689075632,0.0,3213,0,0,0,550000,1100000,4,852500.0
29.0,49,0.32076032076032074,0.05346005346005346,0.0,3367,86,13,1,4500000,13000000,4,852500.0
30.0,43,0.41817243159525036,0.04646360351058337,0.0,1937,0,0,1,800000,2400000,4,852500.0
30.0,42,0.220949263502455,0.07364975450081833,0.0,1222,0,0,1,125000,875000,4,852500.0
26.0,29,0.0,0.0,1.2514484356894553,2589,76,9,0,3000000,3000000,1,597972.972972973
26.0,3,0.0,0.0,0.38961038961038963,231,0,0,0,100000,100000,1,597972.972972973
27.0,0,,,,0,0,0,0,0,75000,1,597972.972972973
23.0,2,0.0,0.0,0.5,180,0,0,0,25000,25000,1,597972.972972973
28.0,31,0.0,0.0,0.0,1991,0,0,1,750000,1800000,2,597972.972972973
34.0,66,0.08428544671286758,0.033714178685147034,0.0,5339,181,32,1,450000,4500000,2,597972.972972973
31.0,14,0.0,0.0,0.0,686,404,55,4,75000,1400000,2,597972.972972973
24.0,31,0.0,0.0,0.0,2142,0,0,0,200000,200000,2,597972.972972973
30.0,37,0.11176653213287799,0.0,0.0,3221,246,32,5,200000,550000,2,597972.972972973
20.0,15,0.0,0.0,0.0,998,0,0,0,100000,100000,2,597972.972972973
23.0,54,0.0,0.08440797186400938,0.0,4265,0,0,1,300000,300000,2,597972.972972973
27.0,30,0.05053340819764177,0.15160022459292533,0.0,1781,0,0,0,50000,300000,2,597972.972972973
27.0,52,0.0,0.1095890410958904,0.0,3285,270,38,1,175000,175000,2,597972.972972973
29.0,21,0.0,0.07425742574257425,0.0,1212,0,0,0,200000,200000,2,597972.972972973
31.0,8,0.0,0.0,0.0,167,0,0,6,25000,300000,2,597972.972972973
26.0,0,,,,0,0,0,0,25000,25000,3,597972.972972973
22.0,0,,,,0,0,0,0,25000,25000,3,597972.972972973
20.0,1,0.0,0.0,0.0,4,0,0,0,0,25000,3,597972.972972973
20.0,2,0.0,0.0,0.0,5,0,0,0,25000,25000,3,597972.972972973
20.0,1,0.0,0.0,0.0,1,0,0,0,50000,50000,3,597972.972972973
27.0,63,0.03190358029067707,0.0,0.0,5642,266,30,2,1800000,1800000,3,597972.972972973
29.0,47,0.15224746254229096,0.0652489125181247,0.0,4138,0,0,1,4000000,4000000,3,597972.972972973
27.0,47,0.022466300549176237,0.06739890164752871,0.0,4006,241,24,1,1600000,2000000,3,597972.972972973
28.0,43,0.3144853875476493,0.5146124523506989,0.0,3148,181,23,2,5000000,5000000,3,597972.972972973
22.0,23,0.16333938294010888,0.32667876588021777,0.0,1102,0,0,1,250000,250000,3,597972.972972973
19.0,30,0.0,0.18461538461538463,0.0,975,214,22,0,200000,200000,3,597972.972972973
22.0,5,0.0,0.0,0.0,34,0,0,0,25000,25000,3,597972.972972973
24.0,0,,,,0,0,0,0,25000,25000,4,597972.972972973
21.0,2,0.0,0.0,0.0,11,0,0,0,0,25000,4,597972.972972973
27.0,63,0.20854788877445932,0.09268795056642637,0.0,3884,0,0,0,1200000,1200000,4,597972.972972973
22.0,14,0.0,0.0,0.0,126,0,0,0,150000,300000,4,597972.972972973
29.0,55,0.0783289817232376,0.0391644908616188,0.0,2298,0,0,0,150000,400000,4,597972.972972973
22.0,5,0.0,0.0,0.0,106,0,0,0,25000,25000,4,597972.972972973
26.0,61,0.1838342573679603,0.07878611030055442,0.0,3427,0,0,1,400000,400000,4,597972.972972973
33.0,68,0.4973208305425318,0.09042196918955124,0.0,5972,0,0,4,1200000,4500000,4,597972.972972973
20.0,19,0.2542372881355932,0.0,0.0,354,0,0,2,175000,175000,4,597972.972972973
22.0,16,0.26011560693641617,0.26011560693641617,0.0,346,0,0,0,150000,150000,4,597972.972972973
34.0,60,0.0,0.0,1.3259668508287292,5430,0,0,0,1000000,1600000,1,302857.14285714284
26.0,9,0.0,0.0,1.6666666666666667,810,0,0,0,150000,150000,1,302857.14285714284
33.0,0,,,,0,0,0,1,25000,150000,1,302857.14285714284
34.0,7,0.14285714285714285,0.0,0.0,630,263,45,7,500000,6000000,2,302857.14285714284
33.0,56,0.07601351351351351,0.0,0.0,4736,600,66,3,500000,4000000,2,302857.14285714284
24.0,18,0.0,0.0,0.0,1130,0,0,0,150000,150000,2,302857.14285714284
28.0,5,0.0,0.0,0.0,282,0,0,0,75000,75000,2,302857.14285714284
30.0,33,0.0,0.0,0.0,2421,229,17,7,200000,750000,2,302857.14285714284
28.0,18,0.0,0.0,0.0,1272,0,0,0,125000,200000,2,302857.14285714284
27.0,1,0.0,0.0,0.0,2,0,0,0,50000,50000,2,302857.14285714284
21.0,24,0.05504587155963303,0.0,0.0,1635,0,0,0,300000,300000,2,302857.14285714284
30.0,19,0.0,0.0,0.0,1157,0,0,0,150000,150000,2,302857.14285714284
31.0,19,0.0,0.0,0.0,1282,0,0,9,125000,500000,2,302857.14285714284
24.0,15,0.0,0.0,0.0,587,0,0,0,100000,100000,3,302857.14285714284
21.0,0,,,,0,0,0,0,25000,25000,3,302857.14285714284
21.0,0,,,,0,0,0,0,25000,25000,3,302857.14285714284
34.0,53,0.10623229461756374,0.042492917847025496,0.0,4236,44,7,1,300000,2000000,3,302857.14285714284
33.0,31,0.0,0.0,0.0,2618,214,18,4,300000,975000,3,302857.14285714284
33.0,32,0.0,0.037894736842105266,0.0,2375,0,0,6,25000,75000,3,302857.14285714284
26.0,15,0.0,0.0,0.0,382,41,2,1,50000,175000,3,302857.14285714284
34.0,70,0.13428381962864722,0.22380636604774537,0.0,6032,41,10,1,1300000,4500000,3,302857.14285714284
27.0,27,0.09235505387378143,0.09235505387378143,0.0,1949,0,0,0,150000,150000,3,302857.14285714284
30.0,19,0.10752688172043011,0.0,0.0,837,0,0,1,125000,525000,3,302857.14285714284
34.0,5,0.0,0.0,0.0,450,0,0,0,0,0,3,302857.14285714284
30.0,15,0.0,0.1782178217821782,0.0,505,0,0,0,75000,250000,3,302857.14285714284
21.0,3,0.0,0.0,0.0,43,0,0,0,50000,50000,4,302857.14285714284
27.0,36,0.17071320182094082,0.06828528072837632,0.0,2636,50,8,5,1700000,3000000,4,302857.14285714284
22.0,38,0.04646360351058337,0.13939081053175012,0.0,1937,0,0,1,100000,450000,4,302857.14285714284
22.0,11,0.0,0.5202312138728323,0.0,173,0,0,0,50000,50000,4,302857.14285714284
34.0,28,0.16453382084095064,0.12340036563071298,0.0,2188,1097,122,2,50000,2500000,4,302857.14285714284
24.0,20,0.0,0.0,0.0,613,0,0,0,100000,100000,4,302857.14285714284
20.0,1,0.0,0.0,0.0,45,0,0,0,50000,50000,4,302857.14285714284
31.0,58,0.5476190476190477,0.07142857142857142,0.0,3780,117,18,3,2500000,3000000,4,302857.14285714284
25.0,0,,,,0,0,0,0,25000,100000,4,302857.14285714284
22.0,21,0.10309278350515463,0.0,0.0,873,0,0,0,150000,150000,4,302857.14285714284
32.0,54,0.018518518518518517,0.0,1.3888888888888888,4860,54,6,1,600000,875000,1,340000.0
24.0,7,0.0,0.0,2.142857142857143,630,0,0,0,50000,75000,1,340000.0
25.0,0,,,,0,0,0,7,0,0,1,340000.0
22.0,0,,,,0,0,0,0,25000,25000,1,340000.0
26.0,1,0.0,0.0,3.0,90,0,0,0,75000,75000,1,340000.0
31.0,40,0.026587887740029542,0.0,0.0,3385,137,21,7,600000,900000,2,340000.0
32.0,52,0.0581270182992465,0.0968783638320775,0.0,4645,101,13,4,250000,700000,2,340000.0
31.0,36,0.0,0.0,0.0,2417,0,0,0,125000,125000,2,340000.0
29.0,56,0.07523510971786834,0.13166144200626959,0.0,4785,0,0,0,750000,750000,2,340000.0
27.0,40,0.0,0.0,0.0,2341,0,0,0,150000,150000,2,340000.0
26.0,28,0.0,0.0,0.0,1475,0,0,0,275000,275000,2,340000.0
23.0,12,0.0,0.0,0.0,286,0,0,0,75000,75000,3,340000.0
29.0,64,0.016319129646418858,0.11423390752493201,0.0,5515,46,7,6,3000000,9000000,3,340000.0
28.0,39,0.0,0.0,0.0,1545,14,2,2,75000,750000,3,340000.0
26.0,45,0.03550295857988166,0.0,0.0,2535,0,0,0,125000,125000,3,340000.0
23.0,28,0.0,0.0,0.0,1449,0,0,0,100000,100000,3,340000.0
29.0,4,0.0,0.0,0.0,94,0,0,0,50000,50000,3,340000.0
27.0,43,0.0,0.0,0.0,2395,0,0,0,75000,150000,3,340000.0
30.0,52,0.13021461297323367,0.17361948396431154,0.0,4147,53,7,8,750000,1000000,3,340000.0
32.0,39,0.05555555555555555,0.08333333333333333,0.0,3240,53,3,15,700000,2500000,3,340000.0
28.0,34,0.0,0.0,0.0,1138,0,0,0,50000,100000,3,340000.0
26.0,27,0.0,0.0,0.0,568,0,0,2,100000,550000,3,340000.0
24.0,38,0.045871559633027525,0.0,0.0,1962,0,0,0,150000,150000,3,340000.0
28.0,20,0.15358361774744028,0.0,0.0,586,0,0,0,125000,125000,3,340000.0
21.0,19,0.23255813953488372,0.0,0.0,774,0,0,0,150000,150000,4,340000.0
35.0,45,0.340512223515716,0.07857974388824214,0.0,3436,656,88,14,250000,6000000,4,340000.0
21.0,9,0.0,0.0,0.0,148,0,0,0,50000,50000,4,340000.0
31.0,57,0.10578279266572638,0.021156558533145273,0.0,4254,0,0,0,150000,400000,4,340000.0
27.0,56,0.4318936877076412,0.09966777408637874,0.0,2709,25,4,0,1300000,2500000,4,340000.0
22.0,4,0.0,2.6470588235294117,0.0,34,0,0,0,25000,25000,4,340000.0
31.0,58,0.0,0.0,1.4890342439399769,5198,0,0,0,700000,700000,1,351515.1515151515
23.0,6,0.0,0.0,2.231404958677686,484,0,0,0,0,50000,1,351515.1515151515
25.0,7,0.0,0.0,2.142857142857143,630,0,0,0,75000,75000,1,351515.1515151515
21.0,0,,,,0,0,0,0,0,0,1,351515.1515151515
29.0,9,0.0,0.0,0.0,743,0,0,0,300000,400000,2,351515.1515151515
22.0,35,0.0,0.0,0.0,2560,0,0,0,300000,300000,2,351515.1515151515
28.0,4,0.0,0.0,0.0,293,0,0,0,75000,100000,2,351515.1515151515
21.0,0,,,,0,0,0,0,0,0,2,351515.1515151515
25.0,56,0.0,0.04191895668374476,0.0,4294,0,0,0,250000,250000,2,351515.1515151515
21.0,0,,,,0,0,0,0,25000,25000,2,351515.1515151515
21.0,0,,,,0,0,0,0,0,0,2,351515.1515151515
30.0,47,0.025438100621820236,0.15262860373092144,0.0,3538,239,29,3,1000000,2000000,2,351515.1515151515
31.0,39,0.0,0.0,0.0,2009,27,0,0,150000,200000,2,351515.1515151515
32.0,43,0.05103487383045081,0.025517436915225403,0.0,3527,0,0,0,125000,125000,2,351515.1515151515
21.0,22,0.0,0.216,0.0,1250,0,0,0,175000,175000,2,351515.1515151515
21.0,6,0.0,0.0,0.0,57,0,0,0,75000,75000,3,351515.1515151515
25.0,64,0.038643194504079006,0.0,0.0,4658,34,5,0,2000000,4000000,3,351515.1515151515
26.0,29,0.067618332081142,0.0,0.0,1331,0,0,0,100000,150000,3,351515.1515151515
25.0,39,0.09054325955734406,0.030181086519114688,0.0,2982,65,11,2,325000,550000,3,351515.1515151515
30.0,26,0.08426966292134831,0.08426966292134831,0.0,1068,0,0,2,100000,550000,3,351515.1515151515
29.0,8,0.0,0.0,0.0,103,0,0,0,75000,350000,3,351515.1515151515
31.0,53,0.14131897711978467,0.0,0.0,4458,557,76,1,900000,1500000,3,351515.1515151515
32.0,48,0.33557046979865773,0.20134228187919462,0.0,4023,131,17,12,800000,1000000,3,351515.1515151515
32.0,55,0.2590460526315789,0.29605263157894735,0.0,4864,104,15,2,700000,2500000,3,351515.1515151515
24.0,7,0.0,0.0,0.0,109,0,0,0,75000,75000,3,351515.1515151515
21.0,0,,,,0,0,0,0,25000,25000,3,351515.1515151515
27.0,38,0.08687258687258688,0.2606177606177606,0.0,1036,0,0,0,200000,850000,4,351515.1515151515
22.0,23,0.0,0.0,0.0,945,0,0,0,200000,200000,4,351515.1515151515
34.0,34,0.13313609467455623,0.04437869822485207,0.0,2028,0,0,0,150000,350000,4,351515.1515151515
21.0,0,,,,0,0,0,0,0,0,4,351515.1515151515
23.0,69,0.4872389791183295,0.13921113689095127,0.0,5172,40,5,3,2500000,2500000,4,351515.1515151515
31.0,29,0.0,0.0,0.0,802,186,15,0,75000,950000,4,351515.1515151515
31.0,24,0.09635974304068523,0.0,0.0,934,0,0,1,125000,375000,4,351515.1515151515
35.0,7,0.0,0.0,1.6007905138339922,506,0,0,1,100000,450000,1,351851.85185185185
39.0,65,0.0,0.0,0.9636301835486064,5884,93,16,11,50000,2000000,1,351851.85185185185
30.0,0,,,,0,0,0,0,25000,600000,1,351851.85185185185
22.0,0,,,,0,0,0,0,25000,50000,2,351851.85185185185
33.0,65,0.03063308373042886,0.0,0.0,5876,0,0,1,250000,275000,2,351851.85185185185
34.0,58,0.0,0.017571261226083563,0.0,5122,0,0,1,200000,550000,2,351851.85185185185
33.0,49,0.0,0.0529567519858782,0.0,3399,0,0,1,200000,200000,2,351851.85185185185
25.0,29,0.0,0.0,0.0,1999,0,0,0,150000,150000,2,351851.85185185185
30.0,29,0.0,0.0,0.0,921,0,0,2,200000,775000,2,351851.85185185185
27.0,60,0.0,0.02088651659317707,0.0,4309,0,0,2,250000,250000,2,351851.85185185185
26.0,38,0.036231884057971016,0.07246376811594203,0.0,2484,0,0,1,125000,750000,2,351851.85185185185
24.0,33,0.0,0.0,0.0,2322,0,0,1,125000,150000,2,351851.85185185185
29.0,59,0.034266133637921185,0.034266133637921185,0.0,5253,0,0,2,900000,1500000,3,351851.85185185185
33.0,41,0.11457670273711013,0.0,0.0,1571,0,0,2,100000,650000,3,351851.85185185185
26.0,60,0.12949640287769784,0.09249743062692703,0.0,4865,0,0,0,1000000,1600000,3,351851.85185185185
23.0,39,0.05870841487279843,0.0,0.0,1533,0,0,0,175000,175000,3,351851.85185185185
31.0,43,0.09302325581395349,0.13953488372093023,0.0,1935,0,0,1,250000,800000,3,351851.85185185185
29.0,69,0.1755907218729677,0.2731411229135053,0.0,4613,63,7,0,700000,1000000,3,351851.85185185185
31.0,7,0.0,0.0,0.0,233,0,0,1,75000,1100000,3,351851.85185185185
29.0,50,0.0,0.05710659898477157,0.0,3152,0,0,1,150000,200000,3,351851.85185185185
34.0,64,0.4149128081779916,0.23451593505712567,0.0,4989,131,29,9,2200000,5500000,4,351851.85185185185
30.0,48,0.17814726840855108,0.17814726840855108,0.0,2526,165,21,1,450000,2000000,4,351851.85185185185
28.0,64,0.15403422982885084,0.08801955990220049,0.0,4090,0,0,2,500000,900000,4,351851.85185185185
31.0,31,0.0,0.07114624505928854,0.0,1265,0,0,5,150000,1000000,4,351851.85185185185
32.0,31,0.0,0.0,0.0,685,34,5,0,75000,400000,4,351851.85185185185
29.0,76,0.4623683534549191,0.3005394297456974,0.0,3893,68,15,7,1000000,4500000,4,351851.85185185185
25.0,27,0.47318611987381703,0.1892744479495268,0.0,951,0,0,1,75000,150000,4,351851.85185185185
30.0,54,0.0,0.0,1.4723926380368098,4890,16,5,0,800000,800000,1,277777.77777777775
28.0,1,0.0,0.0,0.0,44,0,0,0,25000,250000,1,277777.77777777775
31.0,8,0.0,0.0,1.7391304347826086,621,0,0,0,50000,175000,1,277777.77777777775
37.0,0,,,,0,0,0,1,25000,475000,1,277777.77777777775
30.0,54,0.055865921787709494,0.037243947858473,0.0,4833,42,7,4,500000,1000000,2,277777.77777777775
33.0,26,0.04754358161648178,0.0,0.0,1893,133,2,4,300000,600000,2,277777.77777777775
35.0,36,0.06484149855907781,0.0,0.0,2776,0,0,15,25000,1500000,2,277777.77777777775
30.0,1,0.0,0.0,0.0,75,0,0,0,25000,200000,2,277777.77777777775
22.0,44,0.0,0.08880118401578688,0.0,2027,0,0,0,175000,175000,2,277777.77777777775
34.0,39,0.0,0.0,0.0,2618,28,3,0,100000,150000,2,277777.77777777775
27.0,38,0.0,0.032679738562091505,0.0,2754,0,0,0,150000,150000,2,277777.77777777775
32.0,10,0.0,0.0,0.0,667,0,0,0,0,275000,2,277777.77777777775
24.0,0,,,,0,0,0,0,25000,25000,3,277777.77777777775
26.04190334,1,0.0,0.0,0.0,11,0,0,0,25000,25000,3,277777.77777777775
26.0,60,0.05884917175239756,0.01961639058413252,0.0,4588,76,12,0,550000,800000,3,277777.77777777775
25.0,19,0.0,0.0,0.0,186,0,0,0,250000,450000,3,277777.77777777775
30.0,52,0.06134969325153374,0.02044989775051125,0.0,4401,0,0,1,300000,450000,3,277777.77777777775
32.0,18,0.0,0.0783289817232376,0.0,1149,0,0,0,25000,325000,3,277777.77777777775
28.0,5,0.0,0.0,0.0,61,0,0,0,25000,125000,3,277777.77777777775
23.0,1,,,,0,0,0,0,0,25000,3,277777.77777777775
23.0,2,0.0,0.0,0.0,93,0,0,0,25000,25000,3,277777.77777777775
33.0,58,0.05364593681700775,0.05364593681700775,0.0,5033,3,1,2,200000,2500000,3,277777.77777777775
25.0,30,0.21634615384615385,0.0,0.0,832,0,0,0,125000,125000,3,277777.77777777775
24.0,0,,,,0,0,0,0,0,25000,3,277777.77777777775
29.0,58,0.2816020025031289,0.16896120150187735,0.0,4794,90,13,7,3000000,3000000,3,277777.77777777775
22.0,22,0.2631578947368421,0.10526315789473684,0.0,1710,0,0,0,550000,550000,3,277777.77777777775
22.0,0,,,,0,0,0,0,25000,25000,4,277777.77777777775
25.0,16,0.19480519480519481,0.0,0.0,462,0,0,0,75000,75000,4,277777.77777777775
21.0,2,0.0,0.0,0.0,104,0,0,0,25000,25000,4,277777.77777777775
29.0,59,0.11163944593756461,0.26049204052098407,0.0,4837,0,0,4,1000000,1000000,4,277777.77777777775
27.0,30,0.0,0.0,0.0,1387,0,0,4,275000,600000,4,277777.77777777775
28.0,47,0.04980630879911455,0.0,0.0,3614,35,6,2,300000,650000,4,277777.77777777775
27.0,30,0.3160112359550562,0.0,0.0,1424,71,15,1,150000,300000,4,277777.77777777775
34.0,37,0.20689655172413793,0.15517241379310345,0.0,1740,222,37,7,600000,10000000,4,277777.77777777775
28.0,33,0.29572836801752467,0.09857612267250822,0.0,1826,182,25,4,250000,700000,4,277777.77777777775
24.0,9,0.0,0.0,0.0,120,0,0,0,25000,25000,4,277777.77777777775
34.0,21,0.0,0.0,1.5714285714285714,1890,0,0,0,275000,1750000,1,295000.0
27.0,11,0.0,0.0,1.3636363636363635,990,0,0,0,200000,200000,1,295000.0
24.0,0,,,,0,0,0,0,25000,25000,1,295000.0
18.0,0,,,,0,0,0,0,50000,50000,1,295000.0
20.0,0,,,,0,0,0,0,25000,25000,2,295000.0
25.0,60,0.0,0.0,0.0,5182,159,16,1,350000,500000,2,295000.0
29.0,52,0.0,0.0,0.0,3714,23,4,0,175000,975000,2,295000.0
24.0,26,0.0,0.0,0.0,1541,0,0,0,100000,100000,2,295000.0
34.0,4,0.0,0.0,0.0,86,0,0,0,25000,50000,2,295000.0
25.0,61,0.03468208092485549,0.17341040462427745,0.0,5190,0,0,1,700000,1100000,2,295000.0
23.0,11,0.0,0.0,0.0,471,0,0,0,75000,125000,2,295000.0
24.0,29,0.0,0.0,0.0,1728,0,0,0,125000,125000,2,295000.0
27.0,22,0.0,0.05917159763313609,0.0,1521,0,0,0,150000,150000,2,295000.0
21.0,4,0.0,0.0,0.0,38,0,0,0,50000,50000,3,295000.0
30.0,60,0.07323026851098453,0.10984540276647681,0.0,4916,313,53,2,1000000,2500000,3,295000.0
26.0,29,0.05521472392638037,0.0,0.0,1630,0,0,3,125000,375000,3,295000.0
26.0,1,0.0,0.0,0.0,2,0,0,0,50000,50000,3,295000.0
32.0,64,0.11115031757233593,0.11115031757233593,0.0,5668,151,18,2,450000,1500000,3,295000.0
31.0,18,0.0,0.0,0.0,397,0,0,0,75000,75000,3,295000.0
24.0,17,0.0,0.0,0.0,608,0,0,0,75000,75000,3,295000.0
23.0,34,0.0,0.0,0.0,1443,0,0,1,100000,100000,3,295000.0
26.04190334,0,,,,0,0,0,0,0,0,3,295000.0
29.0,49,0.3643724696356275,0.11386639676113361,0.0,3952,89,12,0,3000000,9000000,4,295000.0
31.0,48,0.05895840157222404,0.23583360628889616,0.0,3053,0,0,0,325000,750000,4,295000.0
23.0,3,0.0,0.0,0.0,108,0,0,0,50000,50000,4,295000.0
30.0,22,0.1610978520286396,0.21479713603818615,0.0,1676,71,14,1,500000,800000,4,295000.0
31.0,30,0.0,0.13595166163141995,0.0,662,0,0,0,75000,75000,4,295000.0
32.0,69,0.36777583187390545,0.08756567425569177,0.0,5139,171,32,4,600000,2800000,4,295000.0
28.0,35,0.0,0.14705882352941177,0.0,612,0,0,0,75000,450000,4,295000.0
29.0,3,0.0,0.0,0.0,93,245,27,0,25000,50000,4,295000.0
33.0,61,0.0,0.0,1.5978260869565217,5520,229,44,4,300000,2500000,1,287962.962962963
28.0,21,0.0,0.0,1.2857142857142858,1890,0,0,1,125000,400000,1,287962.962962963
24.0,0,,,,0,0,0,0,0,25000,1,287962.962962963
21.0,0,,,,0,0,0,0,25000,25000,1,287962.962962963
31.0,32,0.03272727272727273,0.03272727272727273,0.0,2750,223,33,1,650000,3500000,2,287962.962962963
28.0,47,0.0,0.0,0.0,3219,0,0,0,225000,350000,2,287962.962962963
37.0,58,0.017960486928756736,0.017960486928756736,0.0,5011,11,3,1,25000,800000,2,287962.962962963
19.0,12,0.0,0.0,0.0,984,0,0,0,200000,200000,2,287962.962962963
28.0,27,0.0,0.05772931366260423,0.0,1559,0,0,0,125000,125000,2,287962.962962963
27.0,10,0.0,0.0,0.0,255,0,0,0,100000,150000,2,287962.962962963
23.0,42,0.0,0.08687258687258688,0.0,3108,0,0,0,250000,250000,2,287962.962962963
25.0,22,0.12032085561497326,0.12032085561497326,0.0,748,0,0,0,125000,125000,2,287962.962962963
33.0,11,0.0,0.0,0.0,370,182,25,3,50000,1000000,3,287962.962962963
26.0,53,0.0,0.0,0.0,4255,0,0,0,175000,175000,3,287962.962962963
33.0,61,0.1355081555834379,0.02258469259723965,0.0,3985,117,22,5,300000,2200000,3,287962.962962963
30.0,13,0.0,0.0,0.0,462,0,0,0,75000,425000,3,287962.962962963
25.0,16,0.0,0.0,0.0,416,0,0,0,50000,300000,3,287962.962962963
23.0,34,0.04997223764575236,0.04997223764575236,0.0,1801,0,0,0,175000,175000,3,287962.962962963
34.0,35,0.0,0.06676557863501484,0.0,2696,251,35,5,100000,575000,3,287962.962962963
21.0,0,,,,0,0,0,0,25000,25000,3,287962.962962963
31.0,53,0.2801724137931034,0.1939655172413793,0.0,4176,0,0,2,400000,950000,4,287962.962962963
21.0,1,11.25,0.0,0.0,8,0,0,0,50000,50000,4,287962.962962963
28.0,66,0.2076923076923077,0.06923076923076923,0.0,3900,156,25,1,2500000,7000000,4,287962.962962963
32.0,38,0.0,0.3465982028241335,0.0,779,14,2,5,75000,1600000,4,287962.962962963
27.0,49,0.5198214754528747,0.09451299553688632,0.0,3809,0,0,0,1000000,1800000,4,287962.962962963
34.0,62,0.316198224852071,0.14977810650887574,0.0,5408,22,3,1,500000,5000000,4,287962.962962963
29.0,40,0.3207412687099073,0.06414825374198146,0.0,1403,0,0,1,150000,850000,4,287962.962962963
34.0,54,0.0,0.0,1.5304852758191623,4822,0,0,1,450000,5000000,1,190243.9024390244
28.0,2,0.0,0.0,2.0,180,0,0,0,0,25000,1,190243.9024390244
26.0,10,0.0,0.0,2.26027397260274,876,0,0,0,125000,125000,1,190243.9024390244
17.0,0,,,,0,0,0,0,25000,25000,1,190243.9024390244
19.0,0,,,,0,0,0,0,25000,25000,1,190243.9024390244
20.0,0,,,,0,0,0,0,25000,25000,2,190243.9024390244
30.0,43,0.05238649592549476,0.0,0.0,3436,336,31,2,400000,900000,2,190243.9024390244
31.0,57,0.017878426698450536,0.017878426698450536,0.0,5034,132,12,4,400000,2000000,2,190243.9024390244
29.0,53,0.0,0.021645021645021644,0.0,4158,0,0,0,150000,150000,2,190243.9024390244
20.0,9,0.0,0.0,0.0,191,0,0,0,50000,50000,2,190243.9024390244
26.0,3,0.0,0.0,0.0,90,0,0,0,25000,25000,2,190243.9024390244
25.0,35,0.0,0.0,0.0,2299,0,0,0,125000,125000,2,190243.9024390244
24.0,19,0.0,0.0,0.0,1048,0,0,0,50000,50000,2,190243.9024390244
23.0,3,0.0,0.0,0.0,69,0,0,0,250000,250000,2,190243.9024390244
21.0,33,0.0,0.0,0.0,2544,0,0,0,125000,125000,2,190243.9024390244
20.0,5,0.0,0.0,0.0,62,0,0,0,25000,25000,3,190243.9024390244
21.0,0,,,,0,0,0,0,25000,25000,3,190243.9024390244
19.0,6,0.0,0.2848101265822785,0.0,316,0,0,0,50000,50000,3,190243.9024390244
16.0,1,,,,0,0,0,0,25000,25000,3,190243.9024390244
18.0,0,,,,0,0,0,0,25000,25000,3,190243.9024390244
24.0,18,0.0,0.05909389363099146,0.0,1523,0,0,0,600000,800000,3,190243.9024390244
19.0,9,0.0,0.0,0.0,484,0,0,0,50000,50000,3,190243.9024390244
26.0,65,0.04093700250170571,0.04093700250170571,0.0,4397,0,0,2,400000,450000,3,190243.9024390244
22.0,17,0.11042944785276074,0.0,0.0,815,0,0,0,75000,75000,3,190243.9024390244
25.0,23,0.0,0.27149321266968324,0.0,663,0,0,0,50000,50000,3,190243.9024390244
30.0,0,,,,0,0,0,0,25000,75000,3,190243.9024390244
28.0,17,0.0,0.09054325955734406,0.0,994,0,0,0,75000,75000,3,190243.9024390244
25.0,15,0.0,0.0,0.0,737,0,0,0,75000,75000,3,190243.9024390244
27.0,5,0.0,0.0,0.0,136,0,0,0,25000,25000,3,190243.9024390244
30.0,15,0.18828451882845187,0.0,0.0,956,31,7,1,1200000,3750000,3,190243.9024390244
23.0,36,0.0,0.0,0.0,2756,0,0,0,150000,150000,3,190243.9024390244
24.0,2,0.0,0.0,0.0,17,0,0,0,25000,25000,4,190243.9024390244
21.0,18,0.0,0.0,0.0,1049,0,0,0,100000,100000,4,190243.9024390244
20.0,1,,,,0,0,0,0,25000,25000,4,190243.9024390244
20.0,5,0.0,0.0,0.0,25,0,0,0,25000,25000,4,190243.9024390244
26.04190334,25,0.17952127659574468,0.0598404255319149,0.0,1504,0,0,0,125000,125000,4,190243.9024390244
28.0,73,0.11264080100125157,0.08045771500089398,0.0,5593,0,0,1,650000,700000,4,190243.9024390244
23.0,13,0.0,0.18218623481781376,0.0,988,0,0,0,75000,75000,4,190243.9024390244
24.0,36,0.09049773755656108,0.13574660633484162,0.0,1989,0,0,1,75000,75000,4,190243.9024390244
29.0,18,0.3888888888888889,0.05555555555555555,0.0,1620,0,0,0,1400000,1400000,4,190243.9024390244
25.0,55,0.2803738317757009,0.0,0.0,4173,0,0,0,200000,200000,4,190243.9024390244
35.0,61,0.0,0.0,1.6557377049180328,5490,0,0,4,200000,500000,1,166666.66666666666
27.0,0,,,,0,0,0,0,25000,175000,1,166666.66666666666
28.0,0,,,,0,0,0,1,50000,75000,1,166666.66666666666
29.0,0,,,,0,0,0,0,25000,150000,1,166666.66666666666
24.0,22,0.0,0.0,0.0,1872,0,0,0,150000,150000,2,166666.66666666666
33.0,26,0.0,0.0,0.0,1847,0,0,0,100000,850000,2,166666.66666666666
36.0,52,0.21567217828900073,0.043134435657800146,0.0,4173,289,39,4,125000,400000,2,166666.66666666666
32.0,14,0.0,0.0,0.0,752,0,0,0,75000,225000,2,166666.66666666666
26.0,23,0.0,0.0,0.0,1298,0,0,0,100000,100000,2,166666.66666666666
33.0,4,0.0,0.0,0.0,176,0,0,0,25000,125000,2,166666.66666666666
20.0,25,0.0,0.0,0.0,1784,0,0,0,125000,125000,2,166666.66666666666
26.0,21,0.0,0.16085790884718498,0.0,1119,0,0,1,50000,50000,2,166666.66666666666
25.0,32,0.0,0.08325624421831637,0.0,1081,0,0,0,75000,75000,2,166666.66666666666
27.0,25,0.0,0.0,0.0,1768,0,0,0,125000,150000,2,166666.66666666666
31.0,16,0.0,0.0,0.0,1440,0,0,0,25000,125000,2,166666.66666666666
27.0,0,,,,0,0,0,0,25000,25000,3,166666.66666666666
31.0,14,0.0,0.0,0.0,834,0,0,0,50000,50000,3,166666.66666666666
20.0,0,,,,0,0,0,0,25000,25000,3,166666.66666666666
31.0,18,0.0,0.0,0.0,1395,9,2,0,300000,4500000,3,166666.66666666666
30.0,16,0.0,0.0,0.0,887,0,0,0,150000,300000,3,166666.66666666666
33.0,1,1.0,0.0,0.0,90,0,0,0,0,0,3,166666.66666666666
31.0,19,0.0,0.0,0.0,1048,0,0,0,75000,100000,3,166666.66666666666
28.0,30,0.0,0.0,0.0,987,0,0,0,75000,300000,3,166666.66666666666
29.0,9,0.0,0.30927835051546393,0.0,291,0,0,0,50000,150000,3,166666.66666666666
25.0,74,0.16258530710558008,0.018065034122842234,0.0,4982,5,1,2,800000,2000000,3,166666.66666666666
30.0,27,0.11759581881533102,0.156794425087108,0.0,2296,50,9,7,600000,850000,3,166666.66666666666
21.0,11,0.0,0.0,0.0,68,0,0,0,50000,50000,4,166666.66666666666
26.0,18,0.1624548736462094,0.0,0.0,554,350,0,4,50000,50000,4,166666.66666666666
32.0,20,0.15625,0.10416666666666667,0.0,1728,29,4,4,800000,900000,4,166666.66666666666
30.0,49,0.16129032258064516,0.16129032258064516,0.0,3906,54,4,0,275000,700000,4,166666.66666666666
23.0,5,0.0,0.0,0.0,158,0,0,0,50000,50000,4,166666.66666666666
32.0,20,0.45200892857142855,0.0,0.0,1792,0,0,0,800000,2000000,4,166666.66666666666
29.0,11,0.0,0.2535211267605634,0.0,355,0,0,0,50000,100000,4,166666.66666666666
36.0,66,0.0,0.0,0.680672268907563,5950,0,0,6,500000,5000000,1,908064.5161290322
32.0,1,0.0,0.0,0.0,35,14,2,5,50000,725000,1,908064.5161290322
19.0,0,,,,0,0,0,1,25000,25000,1,908064.5161290322
20.0,0,,,,0,0,0,1,25000,25000,2,908064.5161290322
21.0,0,,,,0,0,0,1,50000,50000,2,908064.5161290322
26.04190334,0,,,,0,0,0,1,25000,25000,2,908064.5161290322
32.0,52,0.1320754716981132,0.018867924528301886,0.0,4770,523,90,6,2500000,8000000,2,908064.5161290322
29.0,57,0.10695187165775401,0.08912655971479501,0.0,5049,0,0,6,900000,900000,2,908064.5161290322
37.0,40,0.03439052350019106,0.0,0.0,2617,0,0,6,50000,950000,2,908064.5161290322
19.0,3,0.0,0.0,0.0,107,0,0,1,0,25000,2,908064.5161290322
26.0,45,0.07903981264637003,0.13173302107728338,0.0,3416,0,0,2,850000,1200000,2,908064.5161290322
27.0,58,0.020814061054579093,0.020814061054579093,0.0,4324,0,0,3,900000,900000,2,908064.5161290322
22.0,21,0.0,0.0,0.0,1075,0,0,2,325000,325000,2,908064.5161290322
24.0,43,0.02735562310030395,0.0547112462006079,0.0,3290,0,0,2,300000,300000,2,908064.5161290322
28.0,44,0.0,0.0,0.0,2807,0,0,9,500000,775000,2,908064.5161290322
21.0,1,0.0,0.0,0.0,1,0,0,1,25000,25000,3,908064.5161290322
34.0,46,0.0,0.0,0.0,3983,31,6,14,500000,1500000,3,908064.5161290322
21.0,37,0.0,0.0,0.0,1104,0,0,3,400000,400000,3,908064.5161290322
33.0,62,0.058340535868625754,0.11668107173725151,0.0,4628,0,0,5,700000,4500000,3,908064.5161290322
30.0,54,0.22117962466487937,0.48257372654155495,0.0,4476,62,9,2,6000000,6500000,3,908064.5161290322
19.0,7,0.0,0.0,0.0,160,0,0,1,100000,100000,3,908064.5161290322
18.0,0,,,,0,0,0,1,25000,25000,3,908064.5161290322
21.0,0,,,,0,0,0,1,25000,25000,4,908064.5161290322
29.0,49,0.06346967559943582,0.06346967559943582,0.0,2836,245,34,5,3200000,15000000,4,908064.5161290322
29.0,51,0.14965081476554706,0.14965081476554706,0.0,3007,0,0,2,1200000,2500000,4,908064.5161290322
27.0,54,0.026208503203261502,0.20966802562609202,0.0,3434,24,2,2,1300000,1500000,4,908064.5161290322
32.0,65,0.5977859778597786,0.24907749077490776,0.0,5420,44,6,6,4200000,6000000,4,908064.5161290322
32.0,52,0.8089887640449438,0.060674157303370786,0.0,4450,407,49,13,3000000,6500000,4,908064.5161290322
25.0,46,0.6554989075018208,0.06554989075018208,0.0,1373,0,0,2,350000,850000,4,908064.5161290322
30.0,30,0.41570438799076215,0.41570438799076215,0.0,433,0,0,3,100000,950000,4,908064.5161290322
27.0,20,0.19693654266958424,0.19693654266958424,0.0,457,0,0,2,25000,475000,4,908064.5161290322
29.0,62,0.0,0.0,1.415549597855228,5595,13,3,1,700000,1000000,1,552000.0
26.0,1,0.0,0.0,9.0,10,0,0,0,50000,50000,1,552000.0
37.0,27,0.0,0.0,1.0031208203299153,2243,0,0,1,25000,575000,1,552000.0
31.0,58,0.0,0.03602161296778067,0.0,4997,139,18,1,800000,1000000,2,552000.0
31.0,49,0.10560901196902135,0.0,0.0,4261,5,2,3,800000,1100000,2,552000.0
27.0,29,0.0,0.0,0.0,2256,0,0,0,175000,250000,2,552000.0
29.0,24,0.0,0.0,0.0,1606,435,33,2,150000,450000,2,552000.0
21.0,21,0.0,0.0,0.0,1126,0,0,0,150000,150000,2,552000.0
35.0,51,0.0,0.051531634697967364,0.0,3493,0,0,0,50000,250000,2,552000.0
20.0,20,0.0,0.11583011583011583,0.0,777,0,0,0,150000,150000,2,552000.0
30.0,27,0.0,0.0,0.0,1707,212,0,3,150000,500000,2,552000.0
24.0,5,0.0,0.0,0.0,176,0,0,0,25000,25000,3,552000.0
34.0,48,0.042796005706134094,0.06419400855920114,0.0,4206,4,1,4,800000,5000000,3,552000.0
33.0,55,0.0,0.0,0.0,3334,0,0,0,150000,325000,3,552000.0
30.0,50,0.17029328287606432,0.21286660359508042,0.0,4228,76,12,0,1500000,1500000,3,552000.0
32.0,42,0.12016021361815754,0.24032042723631508,0.0,1498,0,0,0,500000,2500000,3,552000.0
34.0,30,0.0,0.0966702470461869,0.0,931,0,0,6,200000,1900000,3,552000.0
32.0,25,0.0,0.0,0.0,1146,108,10,0,100000,1600000,3,552000.0
26.0,21,0.0,0.0,0.0,845,0,0,0,100000,100000,3,552000.0
31.0,51,0.31542056074766356,0.24532710280373832,0.0,2568,199,34,7,2700000,12000000,4,552000.0
22.0,51,0.19815059445178335,0.15852047556142668,0.0,2271,14,2,1,600000,1000000,4,552000.0
26.0,30,0.2924451665312754,0.07311129163281885,0.0,1231,0,0,0,250000,750000,4,552000.0
32.0,45,0.3910043444927166,0.2760030667007411,0.0,3913,0,0,2,600000,1800000,4,552000.0
23.0,60,0.5555555555555556,0.1532567049808429,0.0,4698,0,0,3,3000000,3000000,4,552000.0
22.0,17,0.28662420382165604,0.0,0.0,314,0,0,0,75000,75000,4,552000.0
31.0,17,0.0,0.0,1.5757575757575757,1485,155,22,2,550000,2800000,1,1174218.75
36.0,77,0.0,0.0,0.902542372881356,7080,30,5,19,50000,750000,1,1174218.75
26.0,2,0.0,0.0,1.0,180,0,0,3,75000,450000,1,1174218.75
21.0,1,0.0,0.0,4.090909090909091,44,0,0,0,25000,25000,1,1174218.75
31.0,66,0.061224489795918366,0.030612244897959183,0.0,5880,119,25,9,1000000,1800000,2,1174218.75
33.0,65,0.06344730348960169,0.0,0.0,5674,143,26,10,400000,950000,2,1174218.75
26.0,17,0.07323026851098453,0.0,0.0,1229,389,47,6,200000,400000,2,1174218.75
24.0,25,0.0,0.06540697674418605,0.0,1376,0,0,3,225000,275000,2,1174218.75
21.0,0,,,,0,0,0,1,50000,50000,2,1174218.75
32.0,44,0.0,0.07234726688102894,0.0,2488,14,0,15,100000,750000,2,1174218.75
31.0,46,0.0,0.10022271714922049,0.0,3592,246,39,16,1300000,2300000,2,1174218.75
21.0,5,0.0,0.0,0.0,82,0,0,1,50000,50000,2,1174218.75
23.0,70,0.0,0.14969506560709667,0.0,5411,0,0,3,2800000,2800000,2,1174218.75
30.0,48,0.0,0.17346610986186958,0.0,3113,68,12,13,900000,2500000,2,1174218.75
24.0,31,0.0,0.0,0.0,1458,0,0,5,150000,350000,2,1174218.75
30.0,64,0.0,0.03427918491715864,0.0,5251,0,0,7,5000000,5000000,3,1174218.75
30.0,24,0.10089686098654709,0.10089686098654709,0.0,892,439,33,12,300000,1200000,3,1174218.75
28.0,58,0.1471790678659035,0.09811937857726902,0.0,3669,56,8,10,1000000,3500000,3,1174218.75
28.0,19,0.0,0.0,0.0,1177,0,0,1,600000,2000000,3,1174218.75
24.0,51,0.031490552834149754,0.22043386983904828,0.0,2858,0,0,9,650000,700000,3,1174218.75
33.0,48,0.02346193952033368,0.16423357664233576,0.0,3836,200,32,19,500000,1800000,3,1174218.75
19.0,28,0.3358208955223881,0.08395522388059702,0.0,1072,0,0,4,400000,400000,3,1174218.75
21.0,1,0.0,0.0,0.0,60,0,0,0,50000,50000,3,1174218.75
29.0,53,0.38741721854304634,0.1490066225165563,0.0,3020,122,20,8,2500000,20000000,3,1174218.75
27.0,56,0.28604449581045943,0.3120485408841375,0.0,3461,0,0,6,8000000,8500000,4,1174218.75
31.0,56,0.4556460488663879,0.2179176755447942,0.0,4543,14,1,17,1700000,3200000,4,1174218.75
20.0,8,1.2,0.0,0.0,225,0,0,2,150000,150000,4,1174218.75
32.0,71,0.37766830870279144,0.08210180623973727,0.0,5481,84,13,8,4000000,30000000,4,1174218.75
31.0,67,0.13668908656975481,0.15621609893686267,0.0,4609,128,20,14,2200000,12000000,4,1174218.75
33.0,79,0.7487520798668885,0.09529571925578581,0.0,6611,188,24,5,1800000,12000000,4,1174218.75
29.0,53,0.28846153846153844,0.07211538461538461,0.0,1248,186,20,6,650000,1800000,4,1174218.75
23.0,53,0.15748031496062992,0.15748031496062992,0.0,1143,0,0,5,200000,1000000,4,1174218.75
27.0,8,0.0,0.0,1.2857142857142858,630,26,8,7,6000000,7000000,1,2463793.103448276
34.0,47,0.0,0.0,0.7311827956989247,4185,274,47,7,3000000,8000000,1,2463793.103448276
23.0,23,0.0,0.0,0.7391304347826086,2070,0,0,1,600000,600000,1,2463793.103448276
26.0,11,0.0,0.0,1.3846153846153846,780,0,0,0,75000,175000,1,2463793.103448276
37.0,22,0.0,0.0,1.0333515582285402,1829,225,16,7,25000,775000,1,2463793.103448276
33.0,36,0.029970029970029972,0.0,0.0,3003,79,13,1,2300000,9000000,2,2463793.103448276
26.0,51,0.04221388367729831,0.06332082551594746,0.0,4264,0,0,1,1300000,1300000,2,2463793.103448276
29.0,22,0.06044325050369376,0.06044325050369376,0.0,1489,0,0,4,700000,1100000,2,2463793.103448276
27.0,46,0.03063308373042886,0.03063308373042886,0.0,2938,0,0,1,550000,950000,2,2463793.103448276
31.0,11,0.0,0.0,0.0,361,51,12,3,100000,1000000,2,2463793.103448276
20.0,0,,,,0,0,0,0,25000,25000,2,2463793.103448276
27.0,59,0.017513134851138354,0.14010507880910683,0.0,5139,53,7,0,8000000,8000000,2,2463793.103448276
21.0,7,0.0,0.0,0.0,94,0,0,0,0,75000,2,2463793.103448276
29.0,58,0.0380952380952381,0.09523809523809523,0.0,4725,0,0,3,2000000,3500000,2,2463793.103448276
23.0,51,0.0,0.05308168681804777,0.0,3391,0,0,0,400000,500000,2,2463793.103448276
30.0,9,0.0,0.0,0.0,474,0,0,2,50000,1000000,2,2463793.103448276
35.0,60,0.13257575757575757,0.0946969696969697,0.0,4752,324,44,7,800000,22000000,3,2463793.103448276
26.0,47,0.0,0.08454673555659935,0.0,2129,0,0,1,450000,650000,3,2463793.103448276
26.0,57,0.0,0.024213075060532687,0.0,3717,14,2,3,500000,1100000,3,2463793.103448276
29.0,45,0.07867132867132867,0.0,0.0,2288,0,0,4,850000,1200000,3,2463793.103448276
29.0,57,0.7552189930413427,0.07367990176013099,0.0,4886,93,22,11,15000000,28000000,3,2463793.103448276
29.0,29,0.45112781954887216,0.11278195488721804,0.0,1596,553,56,12,7000000,20000000,3,2463793.103448276
26.0,49,0.17537022603273578,0.21044427123928294,0.0,2566,0,0,1,1400000,1500000,3,2463793.103448276
29.0,42,0.043227665706051875,0.3025936599423631,0.0,2082,3,0,6,2000000,3000000,4,2463793.103448276
26.0,61,0.17841409691629956,0.23788546255506607,0.0,4540,14,1,0,2500000,3000000,4,2463793.103448276
22.0,45,0.22994379151762903,0.13796627491057742,0.0,1957,0,0,2,600000,800000,4,2463793.103448276
38.0,74,0.6027122049221497,0.10547463586137619,0.0,5973,168,27,90,15000000,120000000,4,2463793.103448276
22.0,32,0.3964757709251101,0.2643171806167401,0.0,681,0,0,1,200000,200000,4,2463793.103448276
19.0,1,,,,0,0,0,0,25000,25000,4,2463793.103448276
31.0,17,0.0,0.0,1.7058823529411764,1530,45,9,3,450000,500000,1,354605.2631578947
23.0,1,0.0,0.0,0.0,85,0,0,1,100000,150000,1,354605.2631578947
25.0,0,,,,0,0,0,0,100000,100000,1,354605.2631578947
24.0,0,,,,0,0,0,0,75000,75000,1,354605.2631578947
32.0,10,0.0,0.1100244498777506,0.0,818,306,45,1,900000,1250000,2,354605.2631578947
29.0,13,0.0,0.0,0.0,923,4,1,1,600000,600000,2,354605.2631578947
31.0,1,0.0,0.0,0.0,8,163,23,3,600000,650000,2,354605.2631578947
27.0,12,0.0,0.0,0.0,767,61,11,2,400000,425000,2,354605.2631578947
25.0,14,0.0,0.0,0.0,983,0,0,1,375000,500000,2,354605.2631578947
29.0,13,0.18442622950819673,0.0,0.0,976,0,0,2,250000,250000,2,354605.2631578947
22.0,0,,,,0,0,0,0,50000,50000,2,354605.2631578947
22.0,1,0.0,0.0,0.0,45,0,0,0,50000,50000,2,354605.2631578947
31.0,16,0.13677811550151975,0.13677811550151975,0.0,1316,9,3,1,650000,800000,2,354605.2631578947
18.0,0,,,,0,0,0,0,50000,50000,2,354605.2631578947
23.0,10,0.0,0.0,0.0,552,12,2,1,600000,750000,2,354605.2631578947
20.0,7,0.0,0.0,0.0,147,0,0,0,125000,150000,2,354605.2631578947
30.0,4,0.0,0.0,0.0,350,77,12,0,575000,675000,3,354605.2631578947
31.0,1,0.0,0.0,0.0,20,528,73,2,425000,700000,3,354605.2631578947
30.0,13,0.0,0.0,0.0,888,314,45,3,375000,800000,3,354605.2631578947
29.0,11,0.0,0.0,0.0,899,109,23,3,875000,1100000,3,354605.2631578947
22.0,12,0.0,0.0,0.0,572,240,33,0,200000,200000,3,354605.2631578947
33.0,23,0.06224066390041494,0.12448132780082988,0.0,1446,88,12,8,750000,3000000,3,354605.2631578947
23.0,8,0.0,0.0,0.0,444,224,38,2,450000,450000,3,354605.2631578947
25.0,12,0.12080536912751678,0.0,0.0,745,0,0,0,200000,250000,3,354605.2631578947
23.0,2,0.0,0.0,0.0,194,0,0,0,50000,100000,3,354605.2631578947
22.0,1,0.0,0.0,0.0,100,0,0,0,50000,50000,3,354605.2631578947
22.0,1,0.0,0.0,0.0,23,0,0,0,50000,50000,3,354605.2631578947
28.0,0,,,,0,46,8,3,325000,350000,4,354605.2631578947
40.0,1,0.0,2.0,0.0,90,67,6,6,150000,1500000,4,354605.2631578947
18.0,13,0.0,0.3508771929824561,0.0,513,0,0,0,50000,50000,4,354605.2631578947
26.0,9,0.0,0.0,0.0,648,164,17,1,650000,750000,4,354605.2631578947
31.0,9,0.18108651911468812,0.0,0.0,497,249,31,4,650000,1500000,4,354605.2631578947
32.0,6,0.32967032967032966,0.0,0.0,273,56,7,0,400000,550000,4,354605.2631578947
19.0,2,0.0,0.0,0.0,99,0,0,0,50000,50000,4,354605.2631578947
29.0,8,0.0,0.0,0.0,329,69,8,2,375000,650000,4,354605.2631578947
33.0,16,0.2539981185324553,0.0,0.0,1063,32,7,3,700000,800000,4,354605.2631578947
28.0,7,0.3,0.0,0.0,300,205,24,0,700000,750000,4,354605.2631578947
21.0,4,0.0,0.0,0.0,116,0,0,0,50000,50000,4,354605.2631578947
28.0,18,0.0,0.0,1.2777777777777777,1620,661,62,1,600000,600000,1,372656.25
29.0,1,0.0,0.0,3.0,90,0,0,0,200000,400000,1,372656.25
36.0,0,,,,0,0,0,1,100000,250000,1,372656.25
19.0,0,,,,0,0,0,0,75000,75000,1,372656.25
28.0,5,0.0,0.0,0.0,436,121,17,0,475000,650000,2,372656.25
33.0,14,0.0,0.0,0.0,1098,117,19,1,425000,1050000,2,372656.25
33.0,17,0.0,0.0,0.0,1530,28,6,2,425000,600000,2,372656.25
23.0,0,,,,0,264,27,0,400000,550000,2,372656.25
32.0,10,0.12016021361815754,0.0,0.0,749,110,16,1,400000,750000,2,372656.25
29.0,4,0.3409090909090909,0.0,0.0,264,0,0,1,375000,475000,2,372656.25
29.0,4,0.0,0.0,0.0,8,0,0,3,250000,475000,2,372656.25
31.0,11,0.0,0.10752688172043011,0.0,837,259,39,3,175000,450000,2,372656.25
18.0,5,0.0,0.0,0.0,68,0,0,0,50000,50000,2,372656.25
30.0,14,0.0,0.0,0.0,1050,236,41,9,325000,500000,2,372656.25
21.0,1,0.0,0.0,0.0,65,96,17,0,100000,100000,2,372656.25
28.0,16,0.1431980906921241,0.1431980906921241,0.0,1257,120,21,2,650000,800000,2,372656.25
30.0,11,0.162748643761302,0.162748643761302,0.0,553,256,23,1,400000,575000,2,372656.25
18.0,13,0.0,0.0,0.0,177,0,0,0,50000,50000,2,372656.25
31.0,1,0.0,0.0,0.0,52,308,46,4,900000,1000000,3,372656.25
29.0,13,0.0,0.0,0.0,1154,168,14,2,725000,1800000,3,372656.25
34.0,23,0.0,0.05172413793103448,0.0,1740,300,31,2,700000,5500000,3,372656.25
23.0,0,,,,0,5,2,0,550000,550000,3,372656.25
20.0,7,0.0,0.0,0.0,162,0,0,0,250000,250000,3,372656.25
30.0,17,0.2891566265060241,0.2891566265060241,0.0,1245,0,0,1,575000,575000,3,372656.25
26.0,10,0.0,0.0,0.0,447,99,17,0,300000,375000,4,372656.25
31.0,1,0.0,0.0,0.0,45,2,1,2,800000,1300000,4,372656.25
22.0,5,0.0,0.0,0.0,265,0,0,0,225000,225000,4,372656.25
27.0,16,0.0,0.0,0.0,995,0,0,1,450000,450000,4,372656.25
22.0,16,0.345821325648415,0.0,0.0,1041,0,0,2,400000,400000,4,372656.25
29.0,1,0.0,0.0,0.0,24,157,22,2,275000,675000,4,372656.25
24.0,24,0.5670567056705671,0.162016201620162,0.0,1111,105,13,0,250000,250000,4,372656.25
20.0,9,0.0,0.0,0.0,109,0,0,0,50000,50000,4,372656.25
26.0,6,0.0,0.0,2.0,540,35,5,0,450000,450000,1,313157.8947368421
28.0,6,0.0,0.0,1.1666666666666667,540,0,0,0,325000,450000,1,313157.8947368421
23.0,5,0.0,0.0,0.8,450,176,37,0,125000,125000,1,313157.8947368421
22.0,0,,,,0,0,0,0,75000,75000,1,313157.8947368421
31.0,13,0.0,0.0,0.0,1091,4,2,1,650000,650000,2,313157.8947368421
29.0,8,0.0,0.0,0.0,563,248,27,0,425000,425000,2,313157.8947368421
28.0,12,0.0,0.0,0.0,1061,48,6,1,375000,375000,2,313157.8947368421
28.0,14,0.11292346298619825,0.0,0.0,797,173,21,1,350000,375000,2,313157.8947368421
35.0,11,0.09268795056642637,0.0,0.0,971,186,31,0,300000,850000,2,313157.8947368421
35.0,11,0.0,0.0,0.0,872,120,10,2,250000,550000,2,313157.8947368421
30.0,3,0.0,0.0,0.0,25,0,0,1,100000,400000,2,313157.8947368421
21.0,0,,,,0,0,0,0,50000,50000,2,313157.8947368421
20.0,1,0.0,0.0,0.0,90,0,0,0,50000,50000,2,313157.8947368421
29.0,16,0.0,0.0,0.0,691,0,0,1,350000,400000,2,313157.8947368421
33.0,15,0.07317073170731707,0.0,0.0,1230,24,4,6,550000,1200000,3,313157.8947368421
31.0,13,0.0,0.0,0.0,626,0,0,1,550000,550000,3,313157.8947368421
33.0,2,0.0,0.0,0.0,75,252,39,1,450000,650000,3,313157.8947368421
28.0,6,0.0,0.0,0.0,213,0,0,1,350000,400000,3,313157.8947368421
20.0,1,0.0,0.0,0.0,45,0,0,0,75000,75000,3,313157.8947368421
18.0,0,,,,0,0,0,0,50000,50000,3,313157.8947368421
35.0,11,0.10309278350515463,0.0,0.0,873,127,20,1,275000,450000,3,313157.8947368421
30.0,3,0.0,0.0,0.0,164,46,5,1,325000,400000,3,313157.8947368421
21.0,11,0.0,0.1490066225165563,0.0,604,0,0,0,300000,300000,3,313157.8947368421
31.0,39,0.3038487508440243,0.18230925050641458,0.0,1481,90,15,1,1200000,5000000,3,313157.8947368421
34.0,14,0.0,0.0,0.0,1199,256,33,5,725000,725000,3,313157.8947368421
19.0,0,,,,0,0,0,0,50000,50000,3,313157.8947368421
19.0,4,0.3543307086614173,0.0,0.0,254,0,0,0,50000,50000,3,313157.8947368421
18.0,0,,,,0,0,0,0,50000,50000,4,313157.8947368421
32.0,17,0.07323026851098453,0.07323026851098453,0.0,1229,52,9,2,775000,1750000,4,313157.8947368421
23.0,16,0.14184397163120568,0.14184397163120568,0.0,1269,158,17,0,525000,550000,4,313157.8947368421
20.0,7,0.0,0.0,0.0,137,0,0,0,100000,100000,4,313157.8947368421
25.0,15,0.09533898305084745,0.1906779661016949,0.0,944,9,1,1,500000,500000,4,313157.8947368421
29.0,4,0.0,0.0,0.0,120,287,0,1,250000,350000,4,313157.8947368421
19.0,0,,,,0,0,0,0,50000,50000,4,313157.8947368421
22.0,8,0.8490566037735849,0.0,0.0,106,13,4,0,375000,600000,4,313157.8947368421
29.0,7,0.0,0.5555555555555556,0.0,162,0,0,0,350000,400000,4,313157.8947368421
19.0,2,0.0,0.0,0.0,45,0,0,0,50000,50000,4,313157.8947368421
22.0,45,0.15450643776824036,0.15450643776824036,0.0,1165,19,4,0,50000,250000,4,313157.8947368421
34.0,13,0.0,0.0,1.3076923076923077,1170,7,0,2,425000,800000,1,271511.62790697673
25.0,4,0.0,0.0,3.2846715328467155,137,7,0,0,225000,350000,1,271511.62790697673
23.0,4,0.0,0.0,1.0,360,265,32,0,200000,300000,1,271511.62790697673
20.0,12,0.0,0.0,1.6446700507614214,985,0,0,0,50000,50000,1,271511.62790697673
19.0,4,0.0,0.0,0.0,200,0,0,0,50000,50000,2,271511.62790697673
31.0,17,0.0,0.0,0.0,1530,5,1,1,675000,700000,2,271511.62790697673
31.0,11,0.0,0.0,0.0,840,0,0,4,650000,1200000,2,271511.62790697673
26.0,7,0.0,0.0,0.0,397,386,60,1,550000,750000,2,271511.62790697673
22.0,20,0.0,0.06939090208172706,0.0,1297,86,15,0,350000,350000,2,271511.62790697673
34.0,8,0.14754098360655737,0.0,0.0,610,54,7,1,200000,650000,2,271511.62790697673
18.0,8,0.0,0.0,0.0,639,0,0,0,50000,50000,2,271511.62790697673
23.0,12,0.0,0.0,0.0,702,0,0,0,50000,50000,2,271511.62790697673
23.0,10,0.0,0.0,0.0,895,0,0,0,50000,50000,2,271511.62790697673
28.0,11,0.0,0.0,0.0,713,67,10,1,450000,500000,2,271511.62790697673
33.0,16,0.0,0.0,0.0,1437,147,24,0,375000,1500000,2,271511.62790697673
20.0,13,0.0,0.2616279069767442,0.0,688,0,0,0,50000,50000,2,271511.62790697673
23.0,11,0.0,0.0,0.0,881,0,0,0,50000,100000,2,271511.62790697673
23.0,12,0.16423357664233576,0.16423357664233576,0.0,548,0,0,0,350000,350000,2,271511.62790697673
23.0,12,0.18255578093306288,0.36511156186612576,0.0,986,0,0,0,50000,75000,2,271511.62790697673
22.0,11,0.0,0.0,0.0,932,0,0,0,50000,50000,3,271511.62790697673
22.0,11,0.1978021978021978,0.3956043956043956,0.0,455,0,0,0,50000,50000,3,271511.62790697673
20.0,11,0.1487603305785124,0.0,0.0,605,0,0,0,50000,50000,3,271511.62790697673
33.0,17,0.0,0.06559766763848396,0.0,1372,769,76,1,850000,1400000,3,271511.62790697673
25.0,17,0.0,0.0,0.0,1396,0,0,0,500000,500000,3,271511.62790697673
22.0,8,0.0,0.0,0.0,383,0,0,0,300000,350000,3,271511.62790697673
20.0,0,,,,0,0,0,0,50000,50000,3,271511.62790697673
26.0,9,0.0,0.0,0.0,188,34,3,0,375000,400000,3,271511.62790697673
29.0,14,0.0,0.13719512195121952,0.0,656,338,42,5,550000,950000,3,271511.62790697673
21.0,13,0.0,0.0,0.0,853,0,0,0,50000,50000,3,271511.62790697673
19.0,13,0.1643835616438356,0.0,0.0,1095,0,0,0,100000,100000,4,271511.62790697673
19.0,12,0.12465373961218837,0.12465373961218837,0.0,722,0,0,0,50000,50000,4,271511.62790697673
22.0,9,0.1355421686746988,0.1355421686746988,0.0,664,0,0,0,50000,50000,4,271511.62790697673
19.0,16,0.5160550458715596,0.0,0.0,872,0,0,0,50000,50000,4,271511.62790697673
26.0,17,0.0,0.0,0.0,1018,14,3,1,900000,900000,4,271511.62790697673
32.0,17,0.06369426751592357,0.0,0.0,1413,0,0,2,400000,700000,4,271511.62790697673
26.0,26,0.12064343163538874,0.0,0.0,746,132,15,0,175000,200000,4,271511.62790697673
21.0,16,0.072522159548751,0.072522159548751,0.0,1241,13,1,0,700000,700000,4,271511.62790697673
26.0,4,0.0,0.0,0.0,181,306,32,1,325000,350000,4,271511.62790697673
29.0,13,0.32727272727272727,0.0,0.0,825,587,75,1,575000,800000,4,271511.62790697673
31.0,5,0.0,0.0,0.0,184,248,43,3,450000,1000000,4,271511.62790697673
20.0,14,0.33519553072625696,0.0,0.0,537,0,0,0,100000,125000,4,271511.62790697673
22.0,13,0.618860510805501,0.0,0.0,1018,0,0,0,75000,75000,4,271511.62790697673
20.0,11,0.0,0.0,0.0,374,0,0,0,50000,50000,4,271511.62790697673
29.0,18,0.0,0.0,1.6666666666666667,1620,0,0,1,450000,750000,1,250000.0
25.0,0,,,,0,364,2,0,225000,250000,1,250000.0
34.0,0,,,,0,155,2,1,200000,600000,1,250000.0
22.0,1,0.0,0.0,2.0,90,0,0,0,50000,50000,1,250000.0
20.0,7,0.0,0.0,2.4285714285714284,630,0,0,0,50000,50000,1,250000.0
20.0,12,0.0,0.0,0.0,880,0,0,0,25000,25000,2,250000.0
19.0,13,0.0,0.0,0.0,963,0,0,0,25000,25000,2,250000.0
26.0,11,0.1978021978021978,0.0,0.0,910,93,3,1,725000,725000,2,250000.0
26.0,15,0.0,0.0,0.0,1340,33,5,1,600000,600000,2,250000.0
23.0,12,0.0,0.0,0.0,696,0,0,1,400000,400000,2,250000.0
24.0,44,0.09833378858235454,0.04916689429117727,0.0,3661,138,16,1,400000,1000000,2,250000.0
21.0,6,0.0,0.0,0.0,215,0,0,0,225000,225000,2,250000.0
22.0,2,0.0,0.0,0.0,135,0,0,0,150000,150000,2,250000.0
24.0,23,0.057034220532319393,0.0,0.0,1578,0,0,1,125000,400000,2,250000.0
20.0,22,0.0,0.0,0.0,1515,0,0,0,50000,50000,2,250000.0
28.0,13,0.0,0.0,0.0,863,243,33,0,350000,375000,2,250000.0
26.0,6,0.0,0.0,0.0,475,0,0,0,350000,350000,2,250000.0
29.0,11,0.15570934256055363,0.15570934256055363,0.0,578,0,0,0,100000,600000,2,250000.0
19.0,5,0.0,0.5013927576601671,0.0,359,0,0,0,75000,75000,2,250000.0
26.0,9,0.0,0.0,0.0,765,74,15,1,400000,400000,2,250000.0
33.0,14,0.0,0.0,0.0,1190,338,53,7,300000,900000,2,250000.0
22.0,2,0.0,0.0,0.0,153,0,0,0,100000,150000,2,250000.0
22.0,12,0.42293233082706766,0.42293233082706766,0.0,1064,0,0,0,100000,100000,3,250000.0
20.0,9,0.0,0.0,0.0,576,0,0,0,50000,50000,3,250000.0
18.0,11,0.10526315789473684,0.0,0.0,855,0,0,0,50000,50000,3,250000.0
18.0,11,0.0,0.0,0.0,672,0,0,0,50000,50000,3,250000.0
21.0,12,0.0,0.0,0.0,744,0,0,0,50000,50000,3,250000.0
27.0,7,0.0,0.0,0.0,495,0,0,0,325000,400000,3,250000.0
20.0,11,0.0,0.0,0.0,956,0,0,0,75000,75000,3,250000.0
32.0,12,0.0970873786407767,0.0970873786407767,0.0,927,101,15,5,375000,850000,3,250000.0
24.0,9,0.8157099697885196,0.0,0.0,331,0,0,0,400000,400000,3,250000.0
27.0,13,0.18255578093306288,0.0,0.0,986,0,0,0,600000,750000,3,250000.0
25.0,17,0.1967930029154519,0.3935860058309038,0.0,1372,0,0,1,450000,750000,3,250000.0
19.0,7,0.0,0.0,0.0,405,0,0,0,125000,125000,3,250000.0
21.0,3,0.0,0.0,0.0,43,0,0,0,50000,50000,4,250000.0
18.0,1,0.0,0.0,0.0,5,0,0,0,50000,50000,4,250000.0
20.0,12,0.4265402843601896,0.14218009478672985,0.0,633,0,0,0,50000,50000,4,250000.0
28.0,13,0.1174934725848564,0.7049608355091384,0.0,766,20,2,2,600000,650000,4,250000.0
32.0,8,0.0,0.0,0.0,356,31,5,1,400000,850000,4,250000.0
22.0,12,0.24324324324324326,0.0,0.0,370,0,0,0,100000,100000,4,250000.0
20.0,2,0.0,0.0,0.0,51,0,0,0,75000,125000,4,250000.0
23.0,8,0.0,0.0,0.0,253,0,0,0,150000,175000,4,250000.0
28.0,10,0.8,0.2,0.0,450,65,9,0,650000,700000,4,250000.0
29.0,16,0.35545023696682465,0.14218009478672985,0.0,1266,0,0,0,500000,500000,4,250000.0
27.0,11,0.0,0.0,0.0,381,161,0,1,450000,450000,4,250000.0
33.0,10,0.0,0.0,0.0,256,0,0,2,400000,525000,4,250000.0
31.0,14,0.0,0.0,1.0869565217391304,1242,0,0,1,425000,425000,1,311363.63636363635
25.0,5,0.0,0.0,1.6666666666666667,378,0,0,1,250000,275000,1,311363.63636363635
20.0,0,,,,0,0,0,1,75000,75000,1,311363.63636363635
21.0,0,,,,0,0,0,0,50000,50000,1,311363.63636363635
30.0,29,0.0,0.0,0.0,2379,411,65,0,500000,3000000,2,311363.63636363635
33.0,15,0.139426800929512,0.0,0.0,1291,0,0,3,400000,450000,2,311363.63636363635
27.0,19,0.0,0.0,0.0,1015,0,0,3,400000,475000,2,311363.63636363635
29.0,0,,,,0,75,9,1,350000,550000,2,311363.63636363635
26.0,2,0.0,0.0,0.0,134,0,0,3,300000,300000,2,311363.63636363635
25.0,1,0.0,0.0,0.0,90,0,0,2,175000,225000,2,311363.63636363635
33.0,0,,,,0,110,15,3,350000,400000,2,311363.63636363635
30.0,14,0.08712487899322362,0.0,0.0,1033,76,5,1,300000,375000,2,311363.63636363635
27.0,4,0.0,0.0,0.0,130,0,0,2,275000,425000,2,311363.63636363635
22.0,18,0.0,0.0,0.0,1427,0,0,1,325000,325000,3,311363.63636363635
24.0,12,0.22900763358778625,0.0,0.0,393,0,0,0,325000,325000,3,311363.63636363635
28.0,1,0.0,0.0,0.0,16,275,0,2,200000,450000,3,311363.63636363635
25.0,11,0.0,0.0,0.0,363,0,0,2,475000,475000,3,311363.63636363635
29.0,18,0.0,0.0,0.0,1417,0,0,1,400000,400000,3,311363.63636363635
19.0,7,0.0,0.0,0.0,252,0,0,0,50000,50000,3,311363.63636363635
25.0,18,0.07601351351351351,0.0,0.0,1184,19,4,2,225000,275000,3,311363.63636363635
23.0,4,0.0,0.0,0.0,210,0,0,0,225000,350000,3,311363.63636363635
21.0,12,0.11508951406649616,0.11508951406649616,0.0,782,49,10,1,650000,650000,4,311363.63636363635
27.0,13,0.13313609467455623,0.0,0.0,676,0,0,2,400000,400000,4,311363.63636363635
27.0,18,0.06164383561643835,0.2465753424657534,0.0,1460,113,11,2,350000,350000,4,311363.63636363635
30.0,29,0.07413509060955518,0.0,0.0,1214,0,0,0,300000,750000,4,311363.63636363635
20.0,2,0.0,0.0,0.0,135,0,0,0,100000,100000,4,311363.63636363635
19.0,1,0.0,0.0,0.0,15,0,0,0,50000,50000,4,311363.63636363635
28.0,69,0.32077393075356414,0.27494908350305497,0.0,3928,0,0,5,700000,700000,4,311363.63636363635
22.0,17,0.2631578947368421,0.0,0.0,684,0,0,1,575000,600000,4,311363.63636363635
32.0,43,0.3548680618744313,0.2183803457688808,0.0,3297,0,0,1,350000,900000,4,311363.63636363635
25.0,1,0.0,0.0,0.0,90,0,0,1,275000,400000,4,311363.63636363635
30.0,2,0.0,0.0,0.0,169,1,0,0,225000,300000,4,311363.63636363635
25.0,2,0.0,0.0,0.0,134,0,0,1,225000,225000,4,311363.63636363635
34.0,13,0.0,0.0,0.9873417721518988,1185,0,0,1,400000,650000,1,241666.66666666666
27.0,14,0.0,0.0,1.0378912685337727,1214,0,0,1,300000,450000,1,241666.66666666666
29.0,5,0.0,0.0,1.0869565217391304,414,0,0,1,100000,200000,1,241666.66666666666
18.0,11,0.0,0.0,1.0676156583629892,843,0,0,0,50000,50000,1,241666.66666666666
19.0,2,0.0,0.0,0.9782608695652174,92,0,0,0,50000,50000,1,241666.66666666666
18.0,9,0.0,0.0,0.0,423,0,0,0,50000,50000,2,241666.66666666666
18.0,12,0.14308426073131955,0.14308426073131955,0.0,629,0,0,0,50000,50000,2,241666.66666666666
29.0,26,0.0,0.08379888268156424,0.0,2148,175,18,3,775000,800000,2,241666.66666666666
28.0,23,0.0,0.0,0.0,1923,604,76,1,600000,600000,2,241666.66666666666
24.0,8,0.0,0.0,0.0,402,0,0,0,450000,450000,2,241666.66666666666
23.0,22,0.0,0.0,0.0,1927,90,11,0,400000,400000,2,241666.66666666666
20.0,17,0.0,0.0,0.0,1354,0,0,0,125000,125000,2,241666.66666666666
23.0,11,0.0,0.0,0.0,835,0,0,0,50000,50000,2,241666.66666666666
18.0,9,0.0,0.0,0.0,362,0,0,0,50000,50000,2,241666.66666666666
20.0,10,0.0,0.0,0.0,221,0,0,0,50000,50000,2,241666.66666666666
32.0,15,0.0,0.17681728880157171,0.0,1018,197,34,6,500000,1250000,2,241666.66666666666
25.0,38,0.0636717368234878,0.0636717368234878,0.0,2827,0,0,0,300000,300000,2,241666.66666666666
21.0,14,0.0,0.2057142857142857,0.0,875,0,0,0,50000,50000,2,241666.66666666666
20.0,25,0.03994673768308921,0.15978695073235685,0.0,2253,0,0,0,400000,400000,2,241666.66666666666
19.0,12,0.5202312138728323,0.0,0.0,519,0,0,0,50000,50000,2,241666.66666666666
22.0,20,0.0,0.0,0.0,1398,10,4,0,600000,600000,3,241666.66666666666
20.0,15,0.0,0.0,0.0,1257,0,0,0,75000,75000,3,241666.66666666666
21.0,8,0.0,0.0,0.0,388,0,0,0,50000,50000,3,241666.66666666666
29.0,11,0.0,0.0,0.0,294,0,0,0,200000,250000,3,241666.66666666666
37.0,23,0.0,0.0,0.0,1075,111,23,6,150000,1500000,3,241666.66666666666
19.0,15,0.0,0.0,0.0,611,0,0,0,50000,50000,3,241666.66666666666
33.0,14,0.3852739726027397,0.23116438356164384,0.0,1168,180,27,2,1000000,1400000,3,241666.66666666666
24.0,20,0.2742230347349177,0.054844606946983544,0.0,1641,30,5,1,750000,750000,3,241666.66666666666
20.0,16,0.15293118096856415,0.0,0.0,1177,0,0,0,300000,300000,3,241666.66666666666
24.0,34,0.16268980477223427,0.3579175704989154,0.0,2766,228,24,0,650000,750000,4,241666.66666666666
38.0,22,0.23255813953488372,0.11627906976744186,0.0,774,0,0,7,200000,2500000,4,241666.66666666666
21.0,14,0.27993779160186627,0.0,0.0,643,0,0,0,75000,75000,4,241666.66666666666
19.0,12,0.0,0.0,0.0,487,0,0,0,50000,50000,4,241666.66666666666
21.0,12,0.0,0.0,0.0,691,0,0,0,50000,50000,4,241666.66666666666
25.0,17,0.0,0.10273972602739725,0.0,876,89,11,1,375000,400000,4,241666.66666666666
21.0,14,0.1900739176346357,0.1900739176346357,0.0,947,0,0,0,100000,100000,4,241666.66666666666
21.0,13,0.1624548736462094,0.0,0.0,554,0,0,0,75000,75000,4,241666.66666666666
20.0,14,0.0,0.0,0.0,330,0,0,0,50000,50000,4,241666.66666666666
36.0,17,0.34324942791762014,0.06864988558352403,0.0,1311,539,71,6,200000,3800000,4,241666.66666666666
24.0,15,0.12968299711815562,0.0,0.0,694,28,5,0,200000,250000,4,241666.66666666666
23.0,10,0.31990521327014215,0.0,0.0,844,0,0,1,100000,100000,4,241666.66666666666
21.0,14,0.0,0.0,0.0,1169,0,0,0,50000,50000,4,241666.66666666666
31.0,12,0.0,0.0,2.0,1080,93,7,2,325000,600000,1,289583.3333333333
33.0,4,0.0,0.0,2.5,360,62,5,2,275000,450000,1,289583.3333333333
34.0,2,0.0,0.0,1.0,180,212,30,4,200000,600000,1,289583.3333333333
22.0,0,,,,0,0,0,0,50000,50000,1,289583.3333333333
23.0,0,,,,0,0,0,0,50000,50000,2,289583.3333333333
18.0,1,0.0,0.0,0.0,90,0,0,0,50000,50000,2,289583.3333333333
28.0,17,0.0,0.0,0.0,1389,17,2,0,625000,650000,2,289583.3333333333
30.0,7,0.0,0.0,0.0,441,194,38,1,450000,600000,2,289583.3333333333
35.0,9,0.0,0.0,0.0,471,246,51,12,350000,1000000,2,289583.3333333333
32.0,9,0.0,0.0,0.0,649,0,0,1,325000,400000,2,289583.3333333333
34.0,5,0.0,0.0,0.0,411,187,8,6,200000,750000,2,289583.3333333333
36.0,14,0.0,0.0,0.0,827,420,45,9,0,2500000,2,289583.3333333333
23.0,2,0.0,0.0,0.0,111,294,27,0,175000,200000,2,289583.3333333333
32.0,12,0.0,0.0,0.0,975,13,1,2,350000,525000,2,289583.3333333333
36.0,14,0.0,0.0,0.0,1208,212,33,10,350000,1200000,2,289583.3333333333
33.0,14,0.0,0.07880910683012259,0.0,1142,216,20,4,325000,500000,2,289583.3333333333
21.0,7,0.0,0.0,0.0,89,0,0,0,150000,150000,2,289583.3333333333
22.0,1,0.0,0.0,0.0,90,0,0,0,50000,50000,3,289583.3333333333
20.0,0,,,,0,0,0,0,50000,50000,3,289583.3333333333
31.0,13,0.0,0.0,0.0,810,147,15,1,450000,500000,3,289583.3333333333
32.0,6,0.0,0.0,0.0,165,158,24,1,350000,800000,3,289583.3333333333
33.0,16,0.1910828025477707,0.06369426751592357,0.0,1413,15,2,1,850000,1700000,3,289583.3333333333
28.0,15,0.3643724696356275,0.0,0.0,988,118,15,2,700000,800000,3,289583.3333333333
24.0,10,0.23076923076923078,0.0,0.0,390,15,3,0,100000,100000,3,289583.3333333333
20.0,10,0.0,0.0,0.0,201,0,0,0,50000,50000,4,289583.3333333333
20.0,1,0.0,0.0,0.0,16,0,0,0,50000,50000,4,289583.3333333333
25.0,15,0.17357762777242045,0.08678881388621022,0.0,1037,41,2,1,700000,1700000,4,289583.3333333333
27.0,12,0.2612481857764877,0.2612481857764877,0.0,689,471,65,0,400000,500000,4,289583.3333333333
32.0,8,0.0,0.0,0.0,373,356,42,1,350000,650000,4,289583.3333333333
25.0,11,0.0,0.0,0.0,620,0,0,1,200000,200000,4,289583.3333333333
22.0,17,0.0,0.22556390977443608,0.0,399,0,0,0,150000,150000,4,289583.3333333333
27.0,3,0.0,0.0,0.0,130,68,6,0,100000,100000,4,289583.3333333333
26.0,31,0.05603985056039851,0.05603985056039851,0.0,1606,536,28,1,300000,300000,4,289583.3333333333
31.0,17,0.31424581005586594,0.25139664804469275,0.0,1432,54,8,2,750000,2000000,4,289583.3333333333
30.0,1,0.0,0.0,0.0,26,122,8,1,400000,550000,4,289583.3333333333
37.0,1,0.0,0.0,0.0,44,56,13,3,175000,1100000,4,289583.3333333333
31.0,0,,,,0,186,21,2,350000,550000,1,283333.3333333333
29.0,17,0.0,0.0,1.1176470588235294,1530,71,11,1,250000,300000,1,283333.3333333333
25.0,0,,,,0,0,0,0,100000,150000,1,283333.3333333333
20.0,0,,,,0,0,0,1,75000,75000,1,283333.3333333333
23.0,0,,,,0,0,0,0,50000,50000,2,283333.3333333333
27.0,10,0.0,0.0,0.0,733,0,0,2,625000,625000,2,283333.3333333333
29.0,14,0.07601351351351351,0.0,0.0,1184,386,37,0,600000,600000,2,283333.3333333333
28.0,12,0.0,0.0,0.0,936,0,0,1,600000,700000,2,283333.3333333333
26.0,13,0.0,0.0,0.0,1124,50,10,0,450000,450000,2,283333.3333333333
19.0,0,,,,0,0,0,0,50000,50000,2,283333.3333333333
19.0,16,0.0,0.21176470588235294,0.0,850,0,0,0,50000,50000,2,283333.3333333333
30.0,16,0.0,0.06517016654598118,0.0,1381,14,2,3,600000,600000,2,283333.3333333333
30.0,1,0.0,0.0,0.0,90,38,7,1,375000,650000,2,283333.3333333333
36.0,14,0.0,0.0,0.0,511,0,0,6,300000,650000,2,283333.3333333333
21.0,2,0.0,0.0,0.0,46,0,0,0,50000,50000,2,283333.3333333333
18.0,0,,,,0,0,0,0,50000,50000,3,283333.3333333333
27.0,17,0.0,0.0,0.0,1530,0,0,0,100000,100000,3,283333.3333333333
25.0,10,0.0,0.0,0.0,555,291,44,1,650000,675000,3,283333.3333333333
29.0,8,0.0,0.13996889580093314,0.0,643,121,20,3,275000,950000,3,283333.3333333333
20.0,4,0.0,0.0,0.0,125,0,0,1,150000,150000,3,283333.3333333333
24.0,9,0.0,0.0,0.0,373,0,0,0,150000,350000,3,283333.3333333333
21.0,17,0.4147465437788018,0.06912442396313365,0.0,1302,0,0,0,650000,650000,3,283333.3333333333
23.0,1,0.0,0.0,0.0,4,0,0,1,125000,200000,3,283333.3333333333
22.0,0,,,,0,0,0,0,100000,100000,3,283333.3333333333
19.0,8,0.0,0.0,0.0,137,0,0,0,100000,100000,3,283333.3333333333
20.0,0,,,,0,0,0,0,50000,50000,3,283333.3333333333
18.0,0,,,,0,0,0,0,50000,50000,4,283333.3333333333
21.0,3,0.0,0.0,0.0,50,0,0,0,50000,50000,4,283333.3333333333
19.0,7,0.15,0.0,0.0,600,0,0,0,50000,50000,4,283333.3333333333
33.0,14,0.1388888888888889,0.0,0.0,648,20,3,5,600000,1400000,4,283333.3333333333
31.0,16,0.2689243027888446,0.5378486055776892,0.0,1004,21,4,0,525000,800000,4,283333.3333333333
34.0,6,0.0,0.0,0.0,300,35,7,0,300000,900000,4,283333.3333333333
29.0,6,0.26239067055393583,0.0,0.0,343,53,10,2,425000,425000,4,283333.3333333333
26.0,24,0.4657849338700403,0.25876940770557794,0.0,1739,2,1,0,600000,600000,4,283333.3333333333
32.0,16,0.11152416356877323,0.11152416356877323,0.0,807,147,10,6,475000,850000,4,283333.3333333333
22.0,16,1.0613207547169812,0.21226415094339623,0.0,424,0,0,0,200000,250000,4,283333.3333333333
28.0,5,0.0,0.0,0.8,450,0,0,1,425000,425000,1,463333.3333333333
22.0,12,0.0,0.0,1.25,1080,213,27,0,200000,200000,1,463333.3333333333
31.0,0,,,,0,0,0,2,150000,300000,1,463333.3333333333
23.0,0,,,,0,0,0,1,75000,75000,1,463333.3333333333
20.0,4,0.0,0.0,0.0,232,0,0,0,50000,50000,2,463333.3333333333
34.0,15,0.0,0.0,0.0,1249,276,39,6,750000,1250000,2,463333.3333333333
31.0,6,0.0,0.0,0.0,271,0,0,0,675000,700000,2,463333.3333333333
27.0,7,0.0,0.0,0.0,187,433,48,3,600000,850000,2,463333.3333333333
22.0,17,0.058900523560209424,0.058900523560209424,0.0,1528,12,3,1,600000,650000,2,463333.3333333333
20.0,9,0.0,0.12195121951219512,0.0,738,284,29,0,400000,400000,2,463333.3333333333
30.0,2,0.0,0.0,0.0,134,31,6,2,400000,600000,2,463333.3333333333
25.0,6,0.0,0.0,0.0,313,0,0,0,200000,250000,2,463333.3333333333
20.0,1,0.0,0.0,0.0,90,231,4,0,75000,75000,2,463333.3333333333
18.0,0,,,,0,0,0,0,50000,50000,2,463333.3333333333
24.0,17,0.0,0.07908611599297012,0.0,1138,87,13,1,550000,600000,2,463333.3333333333
20.0,17,0.0,0.06993006993006994,0.0,1287,89,11,0,450000,450000,2,463333.3333333333
27.0,15,0.12162162162162163,0.0,0.0,740,81,15,0,425000,425000,2,463333.3333333333
19.0,6,0.0,0.0,0.0,520,0,0,1,50000,50000,2,463333.3333333333
26.0,1,0.0,0.0,0.0,71,7,2,1,400000,400000,2,463333.3333333333
19.0,0,,,,0,0,0,0,50000,50000,2,463333.3333333333
34.0,16,0.0,0.14814814814814814,0.0,1215,630,70,6,750000,10000000,3,463333.3333333333
22.0,1,0.0,0.0,0.0,120,0,0,0,50000,50000,3,463333.3333333333
20.0,3,0.0,0.0,0.0,214,0,0,0,50000,50000,3,463333.3333333333
26.0,4,0.0,0.0,0.0,26,332,39,3,600000,850000,3,463333.3333333333
26.0,8,0.3146853146853147,0.0,0.0,286,240,11,2,375000,600000,3,463333.3333333333
21.0,0,,,,0,0,0,0,300000,350000,3,463333.3333333333
29.0,16,0.24346257889990983,0.0,0.0,1109,36,8,0,850000,1500000,3,463333.3333333333
35.0,2,0.0,0.0,0.0,8,810,93,6,450000,950000,3,463333.3333333333
23.0,0,,,,0,0,0,0,125000,225000,3,463333.3333333333
19.0,0,,,,0,0,0,0,50000,50000,3,463333.3333333333
19.0,1,0.0,0.0,0.0,71,0,0,0,50000,50000,3,463333.3333333333
19.0,0,,,,0,0,0,0,50000,50000,3,463333.3333333333
19.0,1,0.0,0.0,0.0,49,0,0,1,50000,50000,4,463333.3333333333
18.0,1,0.0,0.0,0.0,21,0,0,1,50000,50000,4,463333.3333333333
26.0,17,0.47655068078668683,0.0680786686838124,0.0,1322,64,9,3,900000,900000,4,463333.3333333333
29.0,13,0.4900181488203267,0.0,0.0,551,216,24,1,625000,750000,4,463333.3333333333
34.0,15,0.2535211267605634,0.0,0.0,1065,12,5,2,400000,1000000,4,463333.3333333333
20.0,2,0.0,0.0,0.0,18,0,0,1,500000,500000,4,463333.3333333333
28.0,31,0.12993262752646775,0.12993262752646775,0.0,2078,73,9,1,500000,1000000,4,463333.3333333333
30.0,63,0.2625673249551167,0.10098743267504488,0.0,4456,86,10,3,5000000,7000000,4,463333.3333333333
32.0,14,0.4492512479201331,0.0,0.0,601,11,3,5,1300000,2000000,4,463333.3333333333
28.0,11,0.7803468208092486,0.26011560693641617,0.0,346,3,1,1,400000,500000,4,463333.3333333333
26.0,1,0.0,0.0,0.0,20,0,0,2,325000,325000,4,463333.3333333333
32.0,1,0.0,0.0,0.0,15,777,102,0,300000,2500000,4,463333.3333333333
21.0,12,0.0,0.0,0.0,646,0,0,0,225000,225000,4,463333.3333333333
27.0,3,0.0,0.0,1.0,270,0,0,0,500000,500000,1,457065.2173913043
22.0,14,0.0,0.0,0.7857142857142857,1260,14,3,4,200000,200000,1,457065.2173913043
22.0,0,,,,0,0,0,0,50000,50000,1,457065.2173913043
18.0,7,0.0,0.0,1.1428571428571428,630,0,0,0,50000,50000,1,457065.2173913043
22.0,6,0.0,0.0,1.639676113360324,494,0,0,0,50000,50000,1,457065.2173913043
22.0,11,0.0,0.23076923076923078,0.0,780,0,0,0,50000,50000,2,457065.2173913043
22.0,4,0.0,0.0,0.0,270,0,0,0,50000,50000,2,457065.2173913043
21.0,5,0.0,0.0,0.0,344,0,0,0,50000,50000,2,457065.2173913043
33.0,15,0.0,0.0,0.0,972,668,86,6,1000000,2500000,2,457065.2173913043
26.0,21,0.0,0.0,0.0,1773,40,10,1,800000,800000,2,457065.2173913043
31.0,10,0.0,0.0,0.0,861,17,4,6,400000,750000,2,457065.2173913043
34.0,7,0.0,0.0,0.0,457,506,26,5,300000,750000,2,457065.2173913043
21.0,14,0.0,0.07672634271099744,0.0,1173,0,0,1,75000,75000,2,457065.2173913043
20.0,2,0.0,0.0,0.0,153,0,0,0,50000,50000,2,457065.2173913043
19.0,11,0.215311004784689,0.0,0.0,836,0,0,0,50000,50000,4,457065.2173913043
30.0,17,0.0,0.05750798722044728,0.0,1565,593,92,9,600000,2500000,2,457065.2173913043
30.0,9,0.0,0.0,0.0,666,256,41,2,550000,575000,2,457065.2173913043
27.0,15,0.0,0.0696594427244582,0.0,1292,132,9,2,950000,1000000,2,457065.2173913043
36.0,9,0.0,0.0,0.0,360,73,11,14,250000,800000,2,457065.2173913043
20.0,4,0.0,0.0,0.0,292,0,0,0,50000,50000,2,457065.2173913043
27.0,22,0.0455005055611729,0.0,0.0,1978,18,2,1,700000,700000,3,457065.2173913043
25.0,10,0.0,0.0,0.0,575,0,0,2,700000,700000,3,457065.2173913043
23.0,8,0.0,0.0,0.0,572,0,0,2,550000,550000,3,457065.2173913043
29.0,15,0.0861244019138756,0.1722488038277512,0.0,1045,13,4,3,425000,425000,3,457065.2173913043
19.0,5,0.0,0.0,0.0,450,0,0,0,275000,275000,3,457065.2173913043
21.0,13,0.07692307692307693,0.07692307692307693,0.0,1170,0,0,0,50000,50000,3,457065.2173913043
19.0,13,0.0,0.0,0.0,1012,0,0,0,50000,50000,3,457065.2173913043
26.0,17,0.26392961876832843,0.0,0.0,1364,132,20,2,1000000,1000000,3,457065.2173913043
25.0,14,0.0,0.0,0.0,773,0,0,1,600000,650000,3,457065.2173913043
20.0,4,0.0,0.0,0.0,132,190,16,1,350000,350000,3,457065.2173913043
21.0,11,0.0,0.09750812567713976,0.0,923,0,0,0,50000,50000,3,457065.2173913043
31.0,17,0.2616279069767442,0.2616279069767442,0.0,1032,120,12,2,800000,1500000,3,457065.2173913043
21.0,7,0.37422037422037424,0.18711018711018712,0.0,481,0,0,0,50000,50000,3,457065.2173913043
21.0,11,0.2635431918008785,0.13177159590043924,0.0,683,0,0,0,200000,200000,4,457065.2173913043
23.0,19,0.3740648379052369,0.22443890274314215,0.0,1203,105,18,2,1200000,1500000,4,457065.2173913043
30.0,22,0.5893358278765201,0.08419083255378859,0.0,1069,225,14,5,675000,1000000,4,457065.2173913043
22.0,10,0.5357142857142857,0.26785714285714285,0.0,672,0,0,4,150000,200000,4,457065.2173913043
20.0,6,0.19271948608137046,0.0,0.0,467,0,0,0,75000,75000,4,457065.2173913043
18.0,11,0.4171494785631518,0.10428736964078796,0.0,863,0,0,0,50000,50000,4,457065.2173913043
26.0,11,0.0,0.0,0.0,501,0,0,0,1200000,1200000,4,457065.2173913043
32.0,18,0.4205607476635514,0.2803738317757009,0.0,642,331,56,10,850000,1200000,4,457065.2173913043
26.0,13,0.0,0.0,0.0,563,306,30,2,500000,1300000,4,457065.2173913043
25.0,8,0.28662420382165604,0.0,0.0,628,38,3,6,2500000,2500000,4,457065.2173913043
29.0,20,0.32608695652173914,0.0,0.0,828,30,3,6,1200000,1500000,4,457065.2173913043
31.0,13,0.11306532663316583,0.11306532663316583,0.0,796,351,38,2,700000,3500000,4,457065.2173913043
22.0,7,0.72,0.0,0.0,250,0,0,0,50000,50000,4,457065.2173913043
31.0,24,0.0,0.0,1.125,2160,38,7,6,1300000,1650000,1,650000.0
36.0,1,0.0,0.0,0.0,90,0,0,6,175000,300000,1,650000.0
21.0,0,,,,0,0,0,1,100000,100000,1,650000.0
22.0,0,,,,0,0,0,1,100000,100000,1,650000.0
29.0,12,0.09857612267250822,0.0,0.0,913,100,18,6,950000,1000000,2,650000.0
33.0,20,0.0,0.0,0.0,1734,432,24,15,600000,1500000,2,650000.0
33.0,11,0.0,0.0,0.0,964,201,43,7,500000,1000000,2,650000.0
32.0,6,0.0,0.0,0.0,413,46,8,4,350000,650000,2,650000.0
22.0,1,0.0,0.0,0.0,80,0,0,0,50000,50000,2,650000.0
21.0,16,0.0,0.0,0.0,230,0,0,0,425000,425000,2,650000.0
29.0,18,0.0,0.060240963855421686,0.0,1494,0,0,3,400000,650000,2,650000.0
24.0,23,0.04707112970711297,0.23535564853556484,0.0,1912,0,0,2,1000000,1000000,2,650000.0
33.0,4,0.0,0.0,0.0,390,7,1,7,900000,1000000,2,650000.0
22.0,0,,,,0,0,0,0,50000,50000,3,650000.0
29.0,21,0.0,0.22770398481973433,0.0,1581,0,0,5,1000000,1000000,3,650000.0
28.0,14,0.08144796380090498,0.08144796380090498,0.0,1105,0,0,3,2000000,2000000,3,650000.0
35.0,4,0.0,0.0,0.0,390,262,13,3,175000,600000,3,650000.0
31.0,15,0.09698275862068965,0.5818965517241379,0.0,928,48,4,4,1100000,1600000,3,650000.0
29.0,22,0.0,0.05579665220086795,0.0,1613,0,0,1,750000,800000,3,650000.0
30.0,13,0.0,0.3191489361702128,0.0,564,43,8,1,425000,500000,3,650000.0
21.0,8,0.4147465437788018,0.4147465437788018,0.0,217,0,0,0,150000,175000,3,650000.0
30.0,24,0.5635566687539136,0.056355666875391355,0.0,1597,19,2,2,1500000,3500000,4,650000.0
31.0,8,0.46153846153846156,0.23076923076923078,0.0,390,215,32,6,775000,1500000,4,650000.0
29.0,25,0.4433497536945813,0.22167487684729065,0.0,1624,0,0,1,1500000,1500000,4,650000.0
24.0,25,0.36610169491525424,0.12203389830508475,0.0,1475,213,17,2,1100000,1100000,4,650000.0
34.0,21,0.10638297872340426,0.10638297872340426,0.0,846,623,109,3,500000,7500000,4,650000.0
22.0,11,0.25139664804469275,0.0,0.0,358,431,47,1,150000,150000,4,650000.0
21.0,3,0.0,0.0,0.0,65,0,0,0,50000,50000,4,650000.0
28.0,49,0.9610552763819096,0.1978643216080402,0.0,3184,13,2,2,1000000,1000000,4,650000.0
33.0,17,0.7950530035335689,0.0,0.0,1132,100,11,2,900000,900000,4,650000.0
37.0,5,0.38961038961038963,0.0,0.0,231,243,30,5,175000,7000000,4,650000.0
29.0,34,0.0,0.0,0.8322324966974901,3028,0,0,0,550000,550000,1,319117.64705882355
37.0,24,0.0,0.0,0.7808219178082192,2190,0,0,1,75000,500000,1,319117.64705882355
27.0,3,0.0,0.0,1.4754098360655739,122,0,0,0,50000,50000,1,319117.64705882355
34.0,58,0.018028846153846152,0.0,0.0,4992,0,0,0,500000,900000,2,319117.64705882355
26.0,29,0.08144796380090498,0.04072398190045249,0.0,2210,107,16,2,250000,350000,2,319117.64705882355
32.0,59,0.03420102603078092,0.0,0.0,5263,56,7,0,250000,550000,2,319117.64705882355
35.0,12,0.0,0.0,0.0,830,169,2,0,50000,250000,2,319117.64705882355
24.0,15,0.0,0.0,0.0,999,0,0,0,50000,50000,2,319117.64705882355
30.0,35,0.0,0.0379746835443038,0.0,2370,59,8,0,375000,675000,2,319117.64705882355
30.0,31,0.10975609756097561,0.10975609756097561,0.0,2460,0,0,0,350000,375000,2,319117.64705882355
26.0,33,0.0,0.0,0.0,2651,37,4,0,550000,550000,2,319117.64705882355
28.0,54,0.01914486279514997,0.01914486279514997,0.0,4701,30,2,1,1000000,1000000,2,319117.64705882355
27.0,4,0.0,0.0,0.0,199,0,0,0,100000,100000,2,319117.64705882355
32.0,14,0.0,0.0,0.0,1052,302,10,3,175000,4000000,3,319117.64705882355
28.0,46,0.10131332082551595,0.03377110694183865,0.0,2665,50,10,1,550000,550000,3,319117.64705882355
32.0,46,0.027675276752767528,0.055350553505535055,0.0,3252,0,0,1,300000,475000,3,319117.64705882355
28.0,16,0.18633540372670807,0.0,0.0,483,145,13,0,250000,400000,3,319117.64705882355
26.0,26,0.0,0.0,0.0,1539,0,0,0,200000,200000,3,319117.64705882355
24.0,0,,,,0,0,0,0,25000,25000,3,319117.64705882355
33.0,30,0.08458646616541353,0.0,0.0,1064,349,48,9,475000,1200000,3,319117.64705882355
33.0,28,0.1427061310782241,0.1427061310782241,0.0,1892,0,0,1,100000,350000,3,319117.64705882355
30.0,19,0.1258741258741259,0.0,0.0,715,0,0,1,375000,375000,4,319117.64705882355
27.0,19,0.0,0.0,0.0,837,0,0,0,125000,125000,4,319117.64705882355
32.0,32,0.0,0.0,0.0,1395,0,0,0,50000,100000,4,319117.64705882355
26.0,37,0.0,0.0,0.0,1837,0,0,0,500000,500000,4,319117.64705882355
30.0,41,0.08620689655172414,0.0,0.0,2088,0,0,0,200000,225000,4,319117.64705882355
29.0,54,0.11225444340505145,0.08419083255378859,0.0,3207,0,0,0,350000,350000,4,319117.64705882355
23.0,30,0.05714285714285714,0.05714285714285714,0.0,1575,0,0,0,175000,175000,4,319117.64705882355
28.0,12,0.0,0.0,0.0,365,0,0,0,100000,100000,4,319117.64705882355
30.0,59,0.3850267379679144,0.07700534759358289,0.0,4675,0,0,0,950000,1100000,4,319117.64705882355
26.0,41,0.24549918166939444,0.09819967266775777,0.0,1833,0,0,1,850000,850000,4,319117.64705882355
29.0,36,0.28154327424400416,0.09384775808133472,0.0,959,342,33,0,550000,550000,4,319117.64705882355
26.0,45,0.40423484119345526,0.0,0.0,3117,0,0,0,325000,325000,4,319117.64705882355
26.0,10,0.0,0.0,0.0,417,0,0,0,75000,75000,4,319117.64705882355
27.0,27,0.0,0.0,1.1342894393741851,2301,0,0,2,425000,425000,1,310937.5
32.0,66,0.0,0.0,0.868020304568528,5910,0,0,0,300000,400000,1,310937.5
22.0,0,,,,0,0,0,0,50000,50000,1,310937.5
29.0,47,0.0,0.04923413566739606,0.0,3656,297,36,1,850000,850000,2,310937.5
33.0,41,0.08737864077669903,0.02912621359223301,0.0,3090,273,41,4,250000,850000,2,310937.5
28.0,38,0.0628053035589672,0.0,0.0,2866,0,0,0,350000,350000,2,310937.5
23.0,17,0.0,0.0,0.0,997,0,0,0,150000,200000,2,310937.5
25.0,21,0.0,0.0,0.0,1408,0,0,0,50000,175000,2,310937.5
24.0,9,0.0,0.0,0.0,423,283,13,0,600000,825000,2,310937.5
28.0,61,0.0,0.049099836333878884,0.0,5499,0,0,0,700000,700000,2,310937.5
29.0,59,0.019140791152700978,0.0,0.0,4702,0,0,0,650000,650000,2,310937.5
30.0,62,0.01865284974093264,0.01865284974093264,0.0,4825,0,0,0,300000,300000,2,310937.5
25.0,4,0.0,0.0,0.0,177,0,0,0,100000,100000,2,310937.5
26.0,46,0.0,0.05429864253393665,0.0,3315,74,8,0,450000,450000,3,310937.5
22.0,0,,,,0,0,0,0,25000,25000,3,310937.5
21.0,49,0.03637833468067906,0.03637833468067906,0.0,2474,0,0,0,600000,600000,3,310937.5
34.0,35,0.0,0.24570982839313574,0.0,2564,102,10,7,200000,850000,3,310937.5
31.0,54,0.026627218934911243,0.13313609467455623,0.0,3380,543,36,0,150000,350000,3,310937.5
28.0,30,0.09438909281594127,0.0,0.0,1907,0,0,0,250000,250000,3,310937.5
23.0,14,0.1214574898785425,0.0,0.0,741,0,0,0,100000,125000,3,310937.5
23.0,38,0.13946280991735538,0.09297520661157024,0.0,1936,0,0,0,400000,400000,3,310937.5
32.0,24,0.0,0.0,0.0,1107,0,0,1,50000,500000,3,310937.5
31.0,29,0.04825737265415549,0.1447721179624665,0.0,1865,564,48,0,50000,250000,4,310937.5
31.0,15,0.0,0.0,0.0,667,0,0,0,50000,400000,4,310937.5
28.0,25,0.08695652173913043,0.0,0.0,1035,356,39,0,400000,400000,4,310937.5
27.0,17,0.14285714285714285,0.0,0.0,630,0,0,0,200000,200000,4,310937.5
30.0,30,0.27522935779816515,0.1651376146788991,0.0,1635,80,11,4,700000,825000,4,310937.5
25.0,37,0.2341717259323504,0.07805724197745013,0.0,2306,0,0,0,600000,600000,4,310937.5
32.0,53,0.34142640364188165,0.0,0.0,2636,0,0,0,250000,700000,4,310937.5
29.0,42,0.2924187725631769,0.032490974729241874,0.0,2770,0,0,0,450000,450000,4,310937.5
21.0,9,0.0,0.0,0.0,236,0,0,0,200000,200000,4,310937.5
36.0,36,0.10392609699769054,0.10392609699769054,0.0,1732,57,7,2,50000,450000,4,310937.5
29.0,28,0.0,0.0,0.7217321571772254,2494,0,0,0,550000,550000,1,393518.51851851854
26.0,29,0.0,0.0,0.8734472049689441,2576,0,0,0,550000,550000,1,393518.51851851854
34.0,4,0.0,0.0,1.0,360,93,9,0,75000,450000,1,393518.51851851854
24.0,45,0.022681451612903226,0.0,0.0,3968,0,0,0,500000,500000,2,393518.51851851854
28.0,31,0.03481624758220503,0.03481624758220503,0.0,2585,0,0,0,500000,500000,2,393518.51851851854
29.0,26,0.0,0.0,0.0,1944,0,0,0,225000,225000,2,393518.51851851854
28.0,38,0.031315240083507306,0.09394572025052192,0.0,2874,0,0,3,1000000,1000000,2,393518.51851851854
21.0,38,0.06774557771923222,0.10161836657884833,0.0,2657,0,0,0,350000,350000,2,393518.51851851854
26.0,45,0.0,0.0,0.0,3287,0,0,0,250000,250000,2,393518.51851851854
26.0,42,0.02469813391877058,0.02469813391877058,0.0,3644,0,0,0,350000,350000,2,393518.51851851854
21.0,8,0.0,0.0,0.0,630,0,0,0,50000,50000,2,393518.51851851854
28.0,53,0.06342494714587738,0.0,0.0,4257,0,0,0,350000,350000,3,393518.51851851854
33.0,9,0.0,0.0,0.0,342,205,17,0,100000,425000,3,393518.51851851854
28.0,39,0.0,0.0,0.0,2878,0,0,0,300000,300000,3,393518.51851851854
30.0,60,0.17857142857142858,0.05357142857142857,0.0,5040,0,0,0,900000,900000,3,393518.51851851854
29.0,28,0.048283261802575105,0.0,0.0,1864,0,0,0,350000,350000,3,393518.51851851854
24.0,23,0.0,0.08174386920980926,0.0,1101,0,0,1,250000,250000,3,393518.51851851854
22.0,6,0.0,0.0,0.0,196,0,0,0,50000,50000,3,393518.51851851854
23.0,10,0.0,0.0,0.0,340,0,0,0,75000,75000,3,393518.51851851854
26.0,19,0.0,0.0,0.0,646,0,0,0,75000,125000,4,393518.51851851854
24.0,7,0.6666666666666666,0.6666666666666666,0.0,135,0,0,0,75000,125000,4,393518.51851851854
27.0,56,0.1390677311357198,0.11588977594643317,0.0,3883,0,0,0,900000,900000,4,393518.51851851854
27.0,52,0.12835139760410724,0.07701083856246435,0.0,3506,12,2,0,850000,850000,4,393518.51851851854
24.0,27,0.0,0.0,0.0,1204,0,0,0,250000,250000,4,393518.51851851854
29.0,13,0.0,0.0,0.0,463,324,6,0,200000,200000,4,393518.51851851854
29.0,51,0.3686200378071834,0.14177693761814744,0.0,3174,0,0,0,850000,850000,4,393518.51851851854
26.0,24,0.3290676416819013,0.0,0.0,1094,98,10,0,650000,650000,4,393518.51851851854
32.0,52,0.0,0.0,1.0166112956810631,4515,0,0,1,200000,450000,1,403703.7037037037
36.0,11,0.0,0.0,0.8901098901098901,910,22,2,0,75000,175000,1,403703.7037037037
25.0,0,,,,0,650,66,0,25000,25000,1,403703.7037037037
26.0,1,0.0,0.0,0.0,90,0,0,0,50000,50000,1,403703.7037037037
32.0,21,0.0,0.0,0.0,1008,494,63,2,350000,2000000,2,403703.7037037037
28.0,38,0.0,0.0,0.0,2881,0,0,1,550000,550000,2,403703.7037037037
21.0,18,0.0,0.0,0.0,1494,0,0,0,150000,175000,2,403703.7037037037
19.0,20,0.0,0.0,0.0,1734,0,0,0,450000,450000,2,403703.7037037037
26.0,42,0.0,0.12048192771084337,0.0,2988,0,0,0,750000,750000,2,403703.7037037037
25.0,20,0.10067114093959731,0.0,0.0,894,0,0,0,200000,200000,2,403703.7037037037
26.0,59,0.01741486068111455,0.01741486068111455,0.0,5168,0,0,0,800000,800000,2,403703.7037037037
28.0,42,0.0,0.048846675712347354,0.0,3685,0,0,0,600000,600000,3,403703.7037037037
23.0,12,0.0,0.17928286852589642,0.0,502,0,0,0,100000,100000,3,403703.7037037037
19.0,2,0.0,0.0,0.0,95,0,0,0,100000,100000,3,403703.7037037037
20.0,50,0.04558115978728792,0.06837173968093188,0.0,3949,0,0,0,650000,650000,3,403703.7037037037
27.0,44,0.036585365853658534,0.07317073170731707,0.0,2460,0,0,1,400000,400000,3,403703.7037037037
22.0,54,0.05286343612334802,0.0,0.0,3405,0,0,0,700000,700000,3,403703.7037037037
27.0,40,0.0,0.21226415094339623,0.0,2120,0,0,0,450000,450000,3,403703.7037037037
26.0,41,0.13643254168772107,0.1819100555836281,0.0,1979,0,0,1,450000,450000,3,403703.7037037037
29.0,52,0.24093453394986614,0.2847408128498418,0.0,4109,0,0,0,1000000,1000000,4,403703.7037037037
22.0,21,0.0,0.0,0.0,257,0,0,0,175000,175000,4,403703.7037037037
21.0,39,0.05136986301369863,0.2054794520547945,0.0,1752,0,0,0,450000,450000,4,403703.7037037037
23.0,36,0.2822791427077888,0.09409304756926294,0.0,1913,0,0,0,400000,400000,4,403703.7037037037
27.0,47,0.34567039106145253,0.31424581005586594,0.0,2864,9,2,0,1100000,1100000,4,403703.7037037037
23.0,40,0.3860294117647059,0.05514705882352941,0.0,1632,0,0,0,400000,400000,4,403703.7037037037
26.0,6,0.0,0.0,0.0,101,0,0,0,150000,150000,4,403703.7037037037
22.0,12,0.23076923076923078,0.0,0.0,390,0,0,0,175000,175000,4,403703.7037037037
36.0,20,0.0,0.0,0.6,1800,18,1,0,200000,750000,1,201250.0
27.0,24,0.0,0.0,1.1666666666666667,2160,0,0,0,350000,350000,1,201250.0
25.0,4,0.0,0.0,1.5,360,0,0,0,175000,175000,1,201250.0
34.0,8,0.0,0.0,1.546875,640,277,1,3,25000,275000,1,201250.0
26.04190334,0,,,,0,0,0,0,25000,25000,1,201250.0
26.0,48,0.022670025188916875,0.0,0.0,3970,0,0,0,550000,550000,2,201250.0
29.0,29,0.0,0.0,0.0,1982,17,3,1,450000,500000,2,201250.0
33.0,36,0.029088558500323207,0.0,0.0,3094,483,48,0,450000,500000,2,201250.0
30.0,47,0.0,0.0,0.0,3963,0,0,0,350000,350000,2,201250.0
22.0,23,0.09448818897637795,0.0,0.0,1905,0,0,0,425000,425000,2,201250.0
32.0,22,0.0,0.0,0.0,1308,0,0,0,25000,50000,2,201250.0
25.0,30,0.09113924050632911,0.0,0.0,1975,0,0,0,200000,250000,2,201250.0
33.0,16,0.0,0.15,0.0,1200,0,0,1,125000,400000,2,201250.0
27.0,15,0.0,0.0,0.0,834,0,0,0,150000,150000,2,201250.0
27.0,38,0.0,0.06569343065693431,0.0,2740,0,0,2,700000,700000,2,201250.0
27.0,19,0.06612784717119764,0.0,0.0,1361,0,0,0,400000,400000,2,201250.0
20.0,8,0.0,0.0,0.0,271,0,0,0,50000,50000,3,201250.0
23.0,24,0.0,0.0,0.0,1200,0,0,0,225000,225000,3,201250.0
24.0,19,0.0,0.0,0.0,819,0,0,0,225000,225000,3,201250.0
30.0,28,0.0,0.04081632653061224,0.0,2205,0,0,0,250000,250000,3,201250.0
26.04190334,0,,,,0,0,0,0,25000,25000,3,201250.0
35.0,27,0.0,0.057803468208092484,0.0,1557,12,2,0,125000,750000,3,201250.0
36.0,39,0.12693935119887165,0.0,0.0,2127,0,0,0,25000,125000,3,201250.0
25.0,41,0.07898200965335674,0.15796401930671347,0.0,2279,0,0,0,550000,550000,3,201250.0
26.04190334,9,0.0,0.0,0.0,175,0,0,0,25000,50000,3,201250.0
22.0,7,0.0,0.0,0.0,265,0,0,0,150000,150000,4,201250.0
23.0,4,0.0,0.0,0.0,141,0,0,0,25000,25000,4,201250.0
23.0,11,0.0,0.0,0.0,277,0,0,0,100000,100000,4,201250.0
32.0,46,0.030970406056434963,0.21679284239504473,0.0,2906,0,0,1,150000,300000,4,201250.0
28.0,46,0.18123238018525978,0.0,0.0,2483,0,0,0,350000,350000,4,201250.0
32.0,5,0.0,0.0,0.0,159,0,0,0,50000,450000,4,201250.0
26.04190334,6,0.0,0.0,0.0,159,0,0,0,75000,75000,4,201250.0
23.0,2,0.0,0.0,0.0,31,128,20,0,25000,25000,4,201250.0
32.0,38,0.325497287522604,0.054249547920433995,0.0,1659,0,0,1,275000,1000000,4,201250.0
32.0,45,0.09221311475409837,0.09221311475409837,0.0,1952,0,0,0,200000,275000,4,201250.0
32.0,15,0.0,0.0,0.0,782,34,3,0,150000,800000,4,201250.0
26.0,7,0.0,0.0,0.0,78,0,0,0,150000,150000,4,201250.0
26.0,32,0.0,0.0,0.0,1769,0,0,0,175000,175000,4,201250.0
27.0,1,0.0,0.0,0.0,36,0,0,0,50000,200000,4,201250.0
29.0,1,0.0,0.0,0.0,19,0,0,0,25000,75000,4,201250.0
30.0,24,0.0,0.0,0.9393638170974155,2012,0,0,0,375000,375000,1,215972.22222222222
27.0,4,0.0,0.0,2.0,360,0,0,0,150000,150000,1,215972.22222222222
25.0,15,0.0,0.0,1.0867924528301887,1325,0,0,0,150000,150000,1,215972.22222222222
27.0,47,0.06718089076884798,0.0,0.0,4019,42,4,1,800000,800000,2,215972.22222222222
30.0,49,0.04463178775105381,0.06694768162658071,0.0,4033,25,3,0,350000,350000,2,215972.22222222222
24.0,30,0.0,0.0,0.0,2475,0,0,0,250000,250000,2,215972.22222222222
22.0,26,0.045477513895907026,0.045477513895907026,0.0,1979,0,0,0,200000,200000,2,215972.22222222222
27.0,11,0.0,0.0,0.0,817,0,0,0,125000,125000,2,215972.22222222222
36.0,37,0.09854014598540146,0.0,0.0,2740,0,0,1,50000,500000,2,215972.22222222222
24.0,0,,,,0,0,0,0,25000,25000,2,215972.22222222222
32.0,37,0.03697617091207888,0.11092851273623665,0.0,2434,114,14,3,25000,200000,2,215972.22222222222
31.0,26,0.0,0.0,0.0,1212,0,0,1,175000,425000,2,215972.22222222222
33.0,13,0.0,0.0,0.0,590,177,23,3,75000,250000,2,215972.22222222222
22.0,23,0.0,0.0,0.0,971,0,0,0,125000,125000,2,215972.22222222222
21.0,0,,,,0,0,0,0,25000,25000,2,215972.22222222222
30.0,42,0.0,0.0576,0.0,3125,216,26,1,275000,500000,3,215972.22222222222
24.0,40,0.03355704697986577,0.0,0.0,2682,0,0,0,225000,225000,3,215972.22222222222
22.0,4,0.0,0.0,0.0,77,0,0,0,75000,75000,3,215972.22222222222
22.0,2,0.0,0.0,0.0,34,0,0,0,25000,25000,3,215972.22222222222
20.0,2,0.0,0.0,0.0,45,0,0,0,25000,50000,3,215972.22222222222
29.0,43,0.03103448275862069,0.06206896551724138,0.0,2900,0,0,1,450000,450000,3,215972.22222222222
26.0,19,0.07633587786259542,0.0,0.0,1179,0,0,0,200000,200000,3,215972.22222222222
19.0,1,0.0,0.0,0.0,7,0,0,0,25000,25000,3,215972.22222222222
22.0,49,0.09527170077628794,0.09527170077628794,0.0,2834,0,0,0,600000,600000,3,215972.22222222222
21.0,36,0.0,0.14452027298273787,0.0,2491,0,0,0,425000,425000,3,215972.22222222222
27.0,21,0.0,0.0,0.0,1156,0,0,0,250000,250000,3,215972.22222222222
20.0,1,0.0,0.0,0.0,22,0,0,0,25000,25000,3,215972.22222222222
28.0,10,0.0,0.0,0.0,366,0,0,1,300000,350000,4,215972.22222222222
22.0,1,0.0,0.0,0.0,18,0,0,0,50000,50000,4,215972.22222222222
27.0,34,0.13274336283185842,0.0,0.0,1356,0,0,0,300000,300000,4,215972.22222222222
23.0,11,0.0,0.0,0.0,358,0,0,0,150000,150000,4,215972.22222222222
30.0,48,0.32814053695724227,0.029830957905203844,0.0,3017,0,0,0,350000,350000,4,215972.22222222222
22.0,54,0.28292001397135874,0.0,0.0,2863,0,0,0,600000,600000,4,215972.22222222222
32.0,15,0.23778071334214002,0.0,0.0,757,158,17,3,125000,550000,4,215972.22222222222
28.0,41,0.30366933783213834,0.11387600168705188,0.0,2371,0,0,0,350000,350000,4,215972.22222222222
19.0,1,0.0,0.0,0.0,23,0,0,0,50000,50000,4,215972.22222222222
24.0,7,0.0,0.0,1.2778904665314401,493,230,13,0,150000,150000,1,151875.0
37.0,45,0.0,0.0,0.9718734304369664,3982,84,8,0,0,0,1,151875.0
29.0,17,0.0,0.0,1.5709090909090908,1375,0,0,0,25000,75000,1,151875.0
30.0,32,0.0,0.0,0.0,2571,216,10,0,425000,600000,2,151875.0
36.0,34,0.13761467889908258,0.0,0.0,2616,117,17,6,150000,600000,2,151875.0
30.0,32,0.0,0.0,0.0,2653,77,11,0,275000,275000,2,151875.0
36.0,35,0.03256150506512301,0.03256150506512301,0.0,2764,335,48,7,100000,1000000,2,151875.0
29.0,14,0.0,0.0,0.0,641,0,0,0,50000,50000,2,151875.0
35.0,58,0.0,0.0,0.0,4887,0,0,0,25000,25000,2,151875.0
35.0,57,0.01845018450184502,0.055350553505535055,0.0,4878,115,19,1,100000,750000,2,151875.0
29.0,7,0.0,0.0,0.0,517,0,0,0,75000,150000,2,151875.0
36.0,10,0.0,0.0,0.0,686,0,0,0,25000,125000,2,151875.0
30.0,25,0.0,0.0,0.0,1975,93,12,0,375000,450000,2,151875.0
19.0,2,0.0,0.0,0.0,39,0,0,0,25000,75000,3,151875.0
33.0,36,0.03648155654641265,0.03648155654641265,0.0,2467,145,1,0,125000,500000,3,151875.0
27.0,26,0.0,0.0,0.0,1955,0,0,0,250000,250000,3,151875.0
33.0,2,0.0,0.0,0.0,14,0,0,0,50000,225000,3,151875.0
29.0,7,0.0,0.0,0.0,574,0,0,0,125000,125000,3,151875.0
32.0,17,0.0,0.08071748878923767,0.0,1115,0,0,0,25000,50000,3,151875.0
24.0,9,0.0,0.0,0.0,238,0,0,0,125000,225000,3,151875.0
25.0,25,0.0,0.0,0.0,1438,0,0,0,150000,150000,3,151875.0
22.0,4,0.0,0.0,0.0,319,0,0,0,25000,25000,3,151875.0
30.0,25,0.0,0.12306289881494986,0.0,2194,0,0,0,75000,200000,3,151875.0
23.0,47,0.46875,0.09375,0.0,1920,0,0,0,400000,400000,3,151875.0
34.0,3,0.0,0.0,0.0,116,0,0,1,75000,400000,3,151875.0
32.0,52,0.04338394793926247,0.021691973969631236,0.0,4149,188,19,0,100000,275000,3,151875.0
39.0,33,0.19480519480519481,0.19480519480519481,0.0,1848,48,6,6,25000,500000,3,151875.0
24.0,10,0.0,0.0,0.0,318,0,0,0,50000,75000,3,151875.0
30.0,31,0.0,0.1070154577883472,0.0,841,0,0,0,125000,150000,4,151875.0
24.0,1,0.0,0.0,0.0,34,0,0,0,50000,75000,4,151875.0
26.04190334,32,0.0,0.0,0.0,1527,0,0,0,75000,75000,4,151875.0
27.0,24,0.0741962077493817,0.0741962077493817,0.0,1213,0,0,0,100000,100000,4,151875.0
27.0,48,0.08277130594727161,0.08277130594727161,0.0,3262,0,0,0,600000,600000,4,151875.0
30.0,30,0.158311345646438,0.158311345646438,0.0,1137,33,2,0,425000,450000,4,151875.0
29.0,42,0.06495849873691809,0.1623962468422952,0.0,2771,0,0,1,600000,600000,4,151875.0
28.0,27,0.35467980295566504,0.08866995073891626,0.0,1015,0,0,0,375000,375000,4,151875.0
34.0,51,0.40681502086230875,0.03129346314325452,0.0,2876,0,0,1,150000,350000,4,151875.0
34.0,51,0.25108493490390577,0.027898326100433975,0.0,3226,0,0,0,125000,500000,4,151875.0
31.0,26,0.11435832274459974,0.11435832274459974,0.0,787,0,0,0,25000,150000,4,151875.0
35.0,16,0.2786377708978328,0.0,0.0,646,0,0,0,25000,50000,4,151875.0
25.0,32,0.0,0.0,0.7337823466855725,2821,80,11,0,750000,750000,1,292592.5925925926
28.0,21,0.0,0.0,1.113501882732652,1859,0,0,0,200000,200000,1,292592.5925925926
33.0,4,0.0,0.0,2.25,360,0,0,0,50000,175000,1,292592.5925925926
30.0,49,0.0,0.0,0.0,4191,0,0,0,550000,600000,2,292592.5925925926
26.0,47,0.0851063829787234,0.0,0.0,4230,0,0,0,900000,900000,2,292592.5925925926
21.0,22,0.0,0.0,0.0,1216,0,0,0,250000,250000,2,292592.5925925926
28.0,13,0.0,0.0,0.0,1100,0,0,0,100000,300000,2,292592.5925925926
29.0,38,0.0,0.06020066889632107,0.0,2990,10,2,2,500000,500000,2,292592.5925925926
23.0,39,0.0,0.03164556962025317,0.0,2844,0,0,1,500000,500000,2,292592.5925925926
32.0,46,0.0,0.07152317880794702,0.0,3775,0,0,0,150000,275000,2,292592.5925925926
22.0,12,0.32608695652173914,0.32608695652173914,0.0,276,0,0,0,175000,175000,2,292592.5925925926
39.0,12,0.0,0.0,0.0,879,10,3,0,25000,400000,2,292592.5925925926
28.0,55,0.0,0.0,0.0,4286,0,0,1,650000,650000,3,292592.5925925926
32.0,53,0.0,0.0,0.0,3772,0,0,0,125000,225000,3,292592.5925925926
31.0,53,0.07243460764587525,0.0,0.0,2485,0,0,2,325000,600000,3,292592.5925925926
37.0,50,0.18172640080767288,0.13629480060575466,0.0,3962,75,9,8,100000,1250000,3,292592.5925925926
28.0,1,0.0,0.0,0.0,67,0,0,0,50000,50000,3,292592.5925925926
29.0,44,0.08442776735459662,0.04221388367729831,0.0,2132,0,0,0,475000,475000,4,292592.5925925926
26.0,21,0.0,0.0,0.0,335,0,0,0,150000,150000,4,292592.5925925926
37.0,46,0.0,0.14326647564469913,0.0,3141,0,0,0,200000,250000,4,292592.5925925926
28.0,34,0.1091570648878108,0.1091570648878108,0.0,1649,0,0,0,350000,350000,4,292592.5925925926
19.0,18,0.0,0.09268795056642637,0.0,971,0,0,0,300000,300000,4,292592.5925925926
29.0,38,0.21226415094339623,0.0,0.0,2120,0,0,0,250000,250000,4,292592.5925925926
23.0,17,0.0,0.0,0.0,448,45,6,0,225000,225000,4,292592.5925925926
26.04190334,32,0.06263048016701461,0.18789144050104384,0.0,1437,0,0,0,50000,75000,4,292592.5925925926
24.0,18,0.47297297297297297,0.06756756756756757,0.0,1332,0,0,0,450000,450000,4,292592.5925925926
28.0,12,0.09249743062692703,0.0,0.0,973,0,0,1,50000,50000,4,292592.5925925926
28.0,27,0.0,0.0,0.8011869436201781,2359,0,0,0,650000,650000,1,200757.57575757575
27.0,5,0.0,0.0,1.053864168618267,427,0,0,0,125000,200000,1,200757.57575757575
33.0,2,0.0,0.0,2.5,180,0,0,0,50000,125000,1,200757.57575757575
20.0,0,,,,0,0,0,0,25000,25000,1,200757.57575757575
33.0,50,0.021423470602237562,0.0,0.0,4201,0,0,1,325000,525000,2,200757.57575757575
26.0,15,0.0,0.0,0.0,1252,0,0,0,325000,325000,2,200757.57575757575
32.0,30,0.0,0.0,0.0,2170,0,0,0,150000,275000,2,200757.57575757575
26.0,5,0.0,0.0,0.0,272,0,0,0,50000,75000,2,200757.57575757575
20.0,1,0.0,0.0,0.0,30,0,0,0,50000,75000,2,200757.57575757575
28.0,30,0.03389830508474576,0.0,0.0,2655,0,0,0,325000,325000,2,200757.57575757575
20.0,0,,,,0,0,0,0,25000,25000,2,200757.57575757575
30.0,28,0.03811944091486658,0.0,0.0,2361,0,0,0,200000,200000,2,200757.57575757575
28.0,7,0.0,0.0,0.0,234,0,0,1,50000,50000,2,200757.57575757575
28.0,4,0.0,0.0,0.0,146,0,0,0,25000,125000,2,200757.57575757575
21.0,1,0.0,0.0,0.0,15,0,0,0,25000,25000,3,200757.57575757575
32.0,55,0.02406417112299465,0.0481283422459893,0.0,3740,0,0,2,225000,500000,3,200757.57575757575
22.0,23,0.0,0.0,0.0,1815,0,0,0,325000,325000,3,200757.57575757575
32.0,16,0.30874785591766724,0.0,0.0,583,0,0,1,75000,400000,3,200757.57575757575
25.0,0,,,,0,0,0,0,75000,75000,3,200757.57575757575
22.0,12,0.0,0.0,0.0,806,0,0,0,200000,200000,3,200757.57575757575
21.0,28,0.0,0.0,0.0,1952,0,0,0,350000,350000,3,200757.57575757575
27.0,14,0.13493253373313344,0.0,0.0,667,0,0,1,325000,325000,3,200757.57575757575
23.0,6,0.0,0.0,0.0,72,0,0,0,75000,75000,3,200757.57575757575
21.0,17,0.0,0.0,0.0,415,0,0,0,125000,150000,4,200757.57575757575
23.0,8,0.0,0.0,0.0,136,0,0,0,75000,100000,4,200757.57575757575
26.0,30,0.13803680981595093,0.20705521472392638,0.0,2608,0,0,0,200000,300000,4,200757.57575757575
22.0,4,0.0,0.0,0.0,131,0,0,0,250000,250000,4,200757.57575757575
35.0,58,0.20129224652087474,0.022365805168986085,0.0,4024,137,8,0,500000,500000,4,200757.57575757575
29.0,34,0.29654036243822074,0.04942339373970346,0.0,1821,12,2,0,300000,400000,4,200757.57575757575
26.0,28,0.15803336259877085,0.03950834064969271,0.0,2278,0,0,0,400000,400000,4,200757.57575757575
28.0,13,0.2102803738317757,0.4205607476635514,0.0,428,0,0,0,300000,300000,4,200757.57575757575
21.0,24,0.0967741935483871,0.0,0.0,930,0,0,0,275000,275000,4,200757.57575757575
24.0,16,0.0,0.0,0.0,459,0,0,0,150000,150000,4,200757.57575757575
28.0,14,0.0,0.0,1.2857142857142858,1260,16,4,0,275000,275000,1,141666.66666666666
37.0,65,0.0,0.0,1.0813594232749744,5826,0,0,1,50000,375000,1,141666.66666666666
27.0,2,0.0,0.0,0.9090909090909091,99,0,0,1,25000,50000,1,141666.66666666666
32.0,12,0.0,0.0,0.0,998,0,0,0,75000,325000,2,141666.66666666666
32.0,35,0.0,0.0,0.0,2561,0,0,1,100000,300000,2,141666.66666666666
25.0,7,0.0,0.0,0.0,569,0,0,1,75000,150000,2,141666.66666666666
32.0,41,0.0,0.0,0.0,3184,0,0,1,75000,400000,2,141666.66666666666
36.0,44,0.023517115233864645,0.0,0.0,3827,296,36,1,125000,250000,2,141666.66666666666
25.0,34,0.0,0.0,0.0,2674,0,0,0,25000,50000,2,141666.66666666666
31.0,69,0.0,0.04580152671755725,0.0,5895,0,0,1,50000,125000,2,141666.66666666666
26.0,38,0.0,0.0,0.0,2487,0,0,0,325000,325000,2,141666.66666666666
31.0,15,0.0,0.0,0.0,1196,0,0,1,50000,350000,2,141666.66666666666
34.0,37,0.08949287371561153,0.0,0.0,3017,0,0,0,75000,200000,2,141666.66666666666
27.0,3,0.0,0.0,0.0,192,0,0,0,25000,25000,2,141666.66666666666
32.0,38,0.03938730853391685,0.0,0.0,2285,567,51,1,50000,150000,3,141666.66666666666
26.04190334,3,0.0,0.0,0.0,144,0,0,0,25000,25000,3,141666.66666666666
31.0,34,0.0,0.035545023696682464,0.0,2532,0,0,1,200000,300000,3,141666.66666666666
34.0,30,0.0,0.0,0.0,1472,0,0,1,150000,500000,3,141666.66666666666
22.0,23,0.06224066390041494,0.0,0.0,1446,0,0,0,100000,125000,3,141666.66666666666
32.0,27,0.04491017964071856,0.17964071856287425,0.0,2004,418,55,5,75000,350000,3,141666.66666666666
26.04190334,0,,,,0,0,0,0,25000,25000,3,141666.66666666666
25.0,68,0.12802275960170698,0.08001422475106686,0.0,5624,0,0,1,700000,700000,3,141666.66666666666
30.0,44,0.0501952035694367,0.15058561070831009,0.0,1793,0,0,1,125000,175000,3,141666.66666666666
26.0,72,0.0,0.14162077104642015,0.0,5084,392,21,0,500000,500000,4,141666.66666666666
30.0,23,0.0,0.0,0.0,1290,404,54,3,200000,500000,4,141666.66666666666
28.0,8,0.0,0.0,0.0,225,0,0,2,50000,75000,4,141666.66666666666
33.0,27,0.06787330316742081,0.0,0.0,1326,0,0,0,25000,150000,4,141666.66666666666
26.0,30,0.2085747392815759,0.10428736964078796,0.0,1726,0,0,0,325000,325000,4,141666.66666666666
35.0,40,0.133086876155268,0.033271719038817,0.0,2705,381,52,1,75000,550000,4,141666.66666666666
30.0,3,0.0,0.0,0.0,170,0,0,0,50000,75000,4,141666.66666666666
24.0,5,0.0,0.0,0.0,150,0,0,0,50000,50000,4,141666.66666666666
33.0,15,0.18789144050104384,0.18789144050104384,0.0,479,0,0,0,25000,25000,4,141666.66666666666
22.0,6,0.0,0.0,0.0,104,0,0,0,25000,25000,4,141666.66666666666
29.0,37,0.41731066460587324,0.1391035548686244,0.0,1294,94,4,1,500000,500000,4,141666.66666666666
28.0,43,0.10638297872340426,0.10638297872340426,0.0,1692,0,0,0,250000,250000,4,141666.66666666666
31.0,39,0.14453961456102785,0.0,0.0,1868,0,0,0,150000,175000,4,141666.66666666666
30.0,29,0.7898812596799174,0.0,0.0,1937,0,0,1,400000,400000,4,141666.66666666666
29.0,0,,,,0,0,0,0,50000,75000,4,141666.66666666666
23.0,2,0.0,0.0,0.0,153,0,0,0,50000,50000,4,141666.66666666666
33.0,35,0.0,0.0,0.8773584905660378,3180,292,34,2,175000,1200000,1,428571.4285714286
30.0,0,,,,0,0,0,0,75000,200000,1,428571.4285714286
19.0,0,,,,0,0,0,0,50000,50000,1,428571.4285714286
30.0,67,0.045317220543806644,0.045317220543806644,0.0,5958,82,6,1,1100000,1100000,2,428571.4285714286
24.0,38,0.03139169863969306,0.0,0.0,2867,216,22,0,500000,500000,2,428571.4285714286
25.0,46,0.0,0.03307607497243661,0.0,2721,226,20,1,550000,550000,2,428571.4285714286
29.0,43,0.029801324503311258,0.029801324503311258,0.0,3020,28,3,3,300000,650000,2,428571.4285714286
31.0,63,0.058657397349554635,0.1955246578318488,0.0,4603,7,1,7,750000,900000,2,428571.4285714286
35.0,44,0.0,0.0,0.0,2980,193,19,0,125000,350000,2,428571.4285714286
34.0,63,0.01807955002008839,0.09039775010044195,0.0,4978,10,1,3,475000,1000000,2,428571.4285714286
20.0,7,0.0,0.0,0.0,280,0,0,0,50000,100000,2,428571.4285714286
32.0,60,0.0,0.0,0.0,4420,0,0,3,400000,600000,3,428571.4285714286
28.0,58,0.05361930294906166,0.10723860589812333,0.0,3357,210,18,2,1000000,1000000,3,428571.4285714286
28.0,37,0.0,0.0,0.0,1455,0,0,1,325000,325000,3,428571.4285714286
21.0,41,0.0,0.0,0.0,3298,0,0,0,450000,450000,3,428571.4285714286
23.0,39,0.11292346298619825,0.0,0.0,1594,0,0,0,375000,375000,3,428571.4285714286
17.0,3,0.0,0.0,0.0,55,0,0,0,200000,200000,3,428571.4285714286
21.0,13,0.0,0.0,0.0,175,0,0,0,200000,200000,3,428571.4285714286
28.0,64,0.28695652173913044,0.02608695652173913,0.0,3450,0,0,1,1000000,1200000,3,428571.4285714286
20.0,23,0.0,0.1729106628242075,0.0,1041,0,0,0,350000,350000,3,428571.4285714286
28.0,45,0.17002518891687657,0.05667506297229219,0.0,3176,0,0,1,700000,700000,4,428571.4285714286
19.0,19,0.13043478260869565,0.0,0.0,690,0,0,0,250000,250000,4,428571.4285714286
29.0,13,0.1214574898785425,0.1214574898785425,0.0,741,0,0,0,650000,650000,4,428571.4285714286
24.0,60,0.3825956489122281,0.0900225056264066,0.0,3999,0,0,0,1000000,1000000,4,428571.4285714286
26.0,31,0.38200339558573854,0.07640067911714771,0.0,1178,0,0,0,450000,450000,4,428571.4285714286
26.0,16,0.09836065573770492,0.0,0.0,915,0,0,0,250000,250000,4,428571.4285714286
19.0,9,0.0,0.0,0.0,212,0,0,0,200000,200000,4,428571.4285714286
21.0,0,,,,0,0,0,0,50000,50000,4,428571.4285714286
29.0,32,0.0,0.0,0.6260869565217392,2875,314,48,1,900000,1000000,1,577272.7272727273
26.0,24,0.0,0.0,0.8,2250,0,0,0,400000,400000,1,577272.7272727273
23.0,0,,,,0,0,0,0,25000,50000,1,577272.7272727273
37.0,32,0.0,0.0,0.7964601769911505,2825,82,12,1,25000,300000,1,577272.7272727273
27.0,58,0.06972690296339337,0.034863451481696686,0.0,5163,25,3,0,1200000,1200000,2,577272.7272727273
25.0,46,0.0,0.0,0.0,3649,0,0,1,750000,850000,2,577272.7272727273
28.0,65,0.015937666017354347,0.0,0.0,5647,68,6,0,950000,950000,2,577272.7272727273
26.0,36,0.07191370355573312,0.0,0.0,2503,0,0,0,350000,350000,2,577272.7272727273
30.0,45,0.02786377708978328,0.02786377708978328,0.0,3230,152,16,1,1000000,1000000,2,577272.7272727273
29.0,62,0.018514708907632176,0.018514708907632176,0.0,4861,69,11,1,950000,950000,2,577272.7272727273
23.0,24,0.06982156710628394,0.0,0.0,1289,15,0,1,475000,475000,2,577272.7272727273
31.0,63,0.0,0.033582089552238806,0.0,5360,0,0,1,650000,650000,3,577272.7272727273
33.0,63,0.0,0.0,0.0,5024,89,11,1,125000,300000,3,577272.7272727273
23.0,44,0.07661748013620885,0.07661748013620885,0.0,3524,40,5,1,850000,950000,3,577272.7272727273
32.0,37,0.0,0.04699738903394256,0.0,1915,100,6,3,400000,875000,3,577272.7272727273
33.0,44,0.03063308373042886,0.03063308373042886,0.0,2938,34,5,3,450000,900000,3,577272.7272727273
28.0,69,0.1226715129486597,0.0817810086324398,0.0,4402,41,4,0,800000,850000,3,577272.7272727273
29.0,51,0.08946322067594434,0.02982107355864811,0.0,3018,10,2,1,750000,850000,3,577272.7272727273
30.0,56,0.12207527975584945,0.061037639877924724,0.0,2949,24,3,1,900000,1100000,3,577272.7272727273
27.0,65,0.20713463751438435,0.1812428078250863,0.0,3476,0,0,1,425000,600000,3,577272.7272727273
28.0,63,0.21484375,0.01953125,0.0,4608,0,0,1,750000,750000,3,577272.7272727273
26.0,17,0.2926829268292683,0.2926829268292683,0.0,615,0,0,2,250000,325000,3,577272.7272727273
29.0,39,0.1910828025477707,0.1910828025477707,0.0,2826,427,55,2,800000,1000000,4,577272.7272727273
32.0,78,0.17457238582260623,0.22218303650149884,0.0,5671,14,3,1,650000,1200000,4,577272.7272727273
25.0,57,0.32323232323232326,0.26262626262626265,0.0,4455,0,0,0,1200000,1200000,4,577272.7272727273
31.0,27,0.06405693950177936,0.19217081850533807,0.0,1405,311,44,3,750000,1000000,4,577272.7272727273
26.04190334,2,0.5,0.5,0.0,180,0,0,0,100000,100000,4,577272.7272727273
32.0,40,0.22658610271903323,0.22658610271903323,0.0,1986,232,6,5,350000,1250000,4,577272.7272727273
22.0,18,0.2987551867219917,0.0,0.0,1205,0,0,0,450000,450000,4,577272.7272727273
22.0,33,0.11852502194907814,0.15803336259877085,0.0,2278,0,0,0,400000,450000,4,577272.7272727273
30.0,44,0.3613138686131387,0.0,0.0,2740,10,1,0,300000,450000,4,577272.7272727273
29.0,53,0.3127413127413127,0.03474903474903475,0.0,2590,0,0,1,550000,550000,4,577272.7272727273
36.0,22,0.13996889580093314,0.06998444790046657,0.0,1286,114,4,5,125000,550000,4,577272.7272727273
29.0,26,0.0,0.0,0.758988015978695,2253,0,0,4,650000,650000,1,352419.3548387097
32.0,6,0.0,0.0,0.6666666666666666,540,57,5,1,200000,550000,1,352419.3548387097
33.0,8,0.0,0.0,1.2217194570135748,663,0,0,2,50000,150000,1,352419.3548387097
22.0,0,,,,0,0,0,0,25000,25000,1,352419.3548387097
33.0,37,0.0,0.0,0.0,2944,228,32,3,600000,1300000,2,352419.3548387097
24.0,47,0.06679861454725383,0.0,0.0,4042,0,0,0,600000,700000,2,352419.3548387097
23.0,33,0.0,0.0,0.0,2556,0,0,0,650000,650000,2,352419.3548387097
17.0,5,0.0,0.0,0.0,189,0,0,0,150000,150000,2,352419.3548387097
37.0,55,0.03924989097252508,0.03924989097252508,0.0,4586,205,26,1,25000,350000,2,352419.3548387097
23.0,25,0.0,0.0,0.0,1863,0,0,0,400000,400000,2,352419.3548387097
22.0,42,0.10625737898465171,0.0,0.0,3388,0,0,0,550000,550000,2,352419.3548387097
34.0,45,0.0,0.03046716316858497,0.0,2954,67,11,2,125000,300000,2,352419.3548387097
26.0,36,0.03882657463330457,0.03882657463330457,0.0,2318,0,0,1,950000,950000,3,352419.3548387097
25.0,48,0.08726567550096961,0.08726567550096961,0.0,3094,61,10,1,750000,750000,3,352419.3548387097
24.0,53,0.04292869067493441,0.10732172668733604,0.0,4193,42,5,1,900000,900000,3,352419.3548387097
24.0,41,0.07120253164556962,0.0,0.0,2528,35,2,0,500000,500000,3,352419.3548387097
27.0,22,0.0,0.0,0.0,1522,0,0,1,200000,275000,3,352419.3548387097
23.0,22,0.0,0.0,0.0,1100,0,0,0,175000,175000,3,352419.3548387097
23.0,2,,,,0,0,0,0,50000,50000,3,352419.3548387097
22.0,20,0.09513742071881606,0.0,0.0,946,0,0,0,50000,75000,3,352419.3548387097
25.0,22,0.0,0.18920812894183603,0.0,1427,0,0,0,500000,500000,4,352419.3548387097
20.0,32,0.17866004962779156,0.08933002481389578,0.0,2015,0,0,0,500000,500000,4,352419.3548387097
33.0,26,0.0,0.0,0.0,992,386,65,5,75000,600000,4,352419.3548387097
24.0,57,0.24443237370994025,0.12221618685497013,0.0,3682,31,5,0,900000,900000,4,352419.3548387097
26.0,31,0.15025041736227046,0.07512520868113523,0.0,1198,371,61,2,550000,550000,4,352419.3548387097
35.0,39,0.30591434398368456,0.061182868796736914,0.0,2942,572,72,5,300000,575000,4,352419.3548387097
35.0,57,0.21460506706408347,0.0,0.0,3355,71,8,1,100000,250000,4,352419.3548387097
27.0,21,0.23841059602649006,0.0,0.0,755,0,0,0,200000,200000,4,352419.3548387097
24.0,5,0.0,0.0,0.0,82,0,0,0,125000,125000,4,352419.3548387097
23.0,12,0.0,0.0,0.0,280,0,0,0,50000,50000,4,352419.3548387097
22.0,3,0.0,0.0,0.0,92,0,0,0,25000,25000,4,352419.3548387097
22.0,2,0.0,0.0,3.5294117647058822,153,0,0,0,50000,50000,1,185416.66666666666
26.0,31,0.0,0.0,1.139240506329114,2765,0,0,1,100000,100000,1,185416.66666666666
27.0,0,,,,0,0,0,1,25000,25000,1,185416.66666666666
34.0,32,0.0,0.0,0.9584664536741214,2817,11,1,0,25000,150000,1,185416.66666666666
28.0,15,0.0812274368231047,0.0812274368231047,0.0,1108,0,0,0,175000,450000,2,185416.66666666666
34.0,30,0.08526764566556135,0.0,0.0,2111,0,0,0,75000,300000,2,185416.66666666666
31.0,20,0.0,0.0,0.0,1438,35,6,0,75000,350000,2,185416.66666666666
34.0,53,0.02,0.0,0.0,4500,251,23,1,25000,350000,2,185416.66666666666
26.0,0,,,,0,0,0,0,25000,25000,2,185416.66666666666
28.0,29,0.15132408575031525,0.0,0.0,2379,301,22,0,750000,750000,2,185416.66666666666
24.0,20,0.0,0.12186865267433988,0.0,1477,0,0,0,125000,125000,2,185416.66666666666
21.0,42,0.0,0.0,0.0,3149,0,0,0,300000,300000,2,185416.66666666666
25.0,21,0.07323026851098453,0.07323026851098453,0.0,1229,0,0,0,125000,125000,2,185416.66666666666
29.0,2,0.0,0.0,0.0,112,0,0,0,25000,25000,2,185416.66666666666
24.0,48,0.0,0.0,0.0,3951,0,0,1,500000,500000,3,185416.66666666666
23.0,24,0.0,0.06164383561643835,0.0,1460,0,0,0,150000,150000,3,185416.66666666666
28.0,10,0.0,0.0,0.0,795,248,15,1,150000,150000,3,185416.66666666666
28.0,37,0.03784693019343986,0.2270815811606392,0.0,2378,0,0,0,750000,750000,3,185416.66666666666
22.0,16,0.0,0.0,0.0,684,0,0,0,150000,150000,3,185416.66666666666
31.0,6,0.0,0.0,0.0,363,0,0,1,75000,250000,3,185416.66666666666
20.0,30,0.1563404748118124,0.05211349160393746,0.0,1727,0,0,0,375000,375000,3,185416.66666666666
23.0,27,0.3246167718665464,0.40577096483318303,0.0,1109,0,0,0,450000,450000,3,185416.66666666666
27.0,12,0.0,0.0,0.0,578,3,1,0,200000,250000,3,185416.66666666666
21.0,9,0.5042016806722689,0.0,0.0,357,0,0,0,125000,125000,3,185416.66666666666
23.0,10,0.0,0.4147465437788018,0.0,217,0,0,0,150000,150000,4,185416.66666666666
21.0,11,0.0,0.0,0.0,363,0,0,0,100000,100000,4,185416.66666666666
31.0,1,0.0,0.0,0.0,45,0,0,0,25000,50000,4,185416.66666666666
26.0,4,0.0,0.0,0.0,149,0,0,2,75000,75000,4,185416.66666666666
31.0,47,0.025111607142857144,0.0,0.0,3584,0,0,0,225000,300000,4,185416.66666666666
25.0,6,0.0,0.0,0.0,158,544,52,1,125000,225000,4,185416.66666666666
27.0,23,0.09146341463414634,0.0,0.0,984,0,0,0,75000,75000,4,185416.66666666666
35.0,23,0.0,0.0,0.0,1046,0,0,0,25000,250000,4,185416.66666666666
21.0,27,0.5013927576601671,0.05013927576601671,0.0,1795,0,0,0,650000,650000,4,185416.66666666666
30.0,14,0.0,0.0,0.0,537,0,0,0,225000,225000,4,185416.66666666666
21.0,10,0.0,0.0,0.0,353,0,0,0,150000,150000,4,185416.66666666666
28.0,1,,,,0,0,0,0,25000,25000,4,185416.66666666666
31.0,64,0.0,0.0,0.7816571130797291,5757,252,37,5,1300000,1500000,1,718421.052631579
38.0,28,0.0,0.0,0.4950884086444008,2545,188,36,16,350000,1000000,1,718421.052631579
31.0,11,0.0,0.0,0.729483282674772,987,21,5,12,50000,400000,1,718421.052631579
38.0,11,0.0,0.0,0.7733619763694952,931,31,5,15,25000,550000,1,718421.052631579
27.0,50,0.0,0.0,0.0,4117,61,11,5,1000000,1000000,2,718421.052631579
28.0,52,0.029421379535796013,0.029421379535796013,0.0,3059,33,5,5,850000,850000,2,718421.052631579
30.0,36,0.0,0.0,0.0,2779,76,8,9,600000,800000,2,718421.052631579
30.0,59,0.02025202520252025,0.0,0.0,4444,70,11,7,700000,700000,2,718421.052631579
28.0,31,0.0,0.0,0.0,2294,0,0,5,450000,500000,2,718421.052631579
25.0,20,0.0,0.0,0.0,1566,7,2,3,425000,425000,2,718421.052631579
25.0,7,0.0,0.0,0.0,304,0,0,1,50000,50000,2,718421.052631579
27.0,56,0.07653061224489796,0.17857142857142858,0.0,3528,0,0,7,1300000,1300000,2,718421.052631579
24.0,43,0.05214368482039398,0.10428736964078796,0.0,3452,158,20,2,500000,550000,2,718421.052631579
26.0,21,0.0,0.0,0.0,957,107,13,2,375000,375000,2,718421.052631579
29.0,60,0.2288135593220339,0.2288135593220339,0.0,3540,298,30,10,1500000,1500000,2,718421.052631579
28.0,66,0.05268292682926829,0.0175609756097561,0.0,5125,0,0,5,1000000,1000000,2,718421.052631579
33.0,50,0.02305327868852459,0.02305327868852459,0.0,3904,22,5,13,550000,2000000,3,718421.052631579
26.0,25,0.04685059864653826,0.0,0.0,1921,896,157,9,650000,850000,3,718421.052631579
26.0,66,0.12804878048780488,0.09146341463414634,0.0,4920,37,7,5,2000000,2000000,3,718421.052631579
25.0,39,0.14523937600860679,0.09682625067240452,0.0,1859,0,0,2,800000,850000,3,718421.052631579
30.0,37,0.04805125467164976,0.0,0.0,1873,561,54,5,650000,3500000,3,718421.052631579
27.0,10,0.0,0.0,0.0,267,115,15,2,750000,1500000,3,718421.052631579
24.0,31,0.16981132075471697,0.04245283018867924,0.0,2120,0,0,3,2000000,2000000,3,718421.052631579
27.0,69,0.22528160200250313,0.20275344180225283,0.0,3995,0,0,4,1200000,1200000,3,718421.052631579
27.0,39,0.15254237288135594,0.1906779661016949,0.0,2360,25,3,5,700000,700000,3,718421.052631579
27.0,52,0.06407974368102527,0.032039871840512636,0.0,2809,29,5,8,600000,600000,3,718421.052631579
20.0,1,0.0,0.0,0.0,12,0,0,0,100000,100000,3,718421.052631579
33.0,72,0.2257659917577495,0.17738756495251748,0.0,5581,69,9,13,750000,1500000,4,718421.052631579
23.0,14,0.694980694980695,0.0,0.0,518,93,8,1,650000,650000,4,718421.052631579
35.0,42,0.2179176755447942,0.18159806295399517,0.0,2478,313,9,4,100000,500000,4,718421.052631579
28.0,18,0.0,0.11889035667107001,0.0,757,480,68,7,600000,1000000,4,718421.052631579
32.0,48,0.20197486535008977,0.24236983842010773,0.0,2228,215,37,9,350000,850000,4,718421.052631579
21.0,29,0.7540394973070018,0.1615798922800718,0.0,1671,0,0,1,500000,500000,4,718421.052631579
25.0,0,,,,0,0,0,1,25000,25000,4,718421.052631579
28.0,11,1.0285714285714285,0.0,0.0,175,230,23,3,550000,950000,4,718421.052631579
29.0,73,0.6703367875647669,0.14572538860103626,0.0,6176,81,6,8,2500000,2500000,4,718421.052631579
29.0,33,0.18255578093306288,0.30425963488843816,0.0,1479,256,22,5,500000,600000,4,718421.052631579
28.0,18,0.0,0.4433497536945813,0.0,609,0,0,4,300000,400000,4,718421.052631579
28.0,27,0.0,0.0,0.9406354515050167,2392,443,41,0,450000,450000,1,498437.5
28.0,12,0.0,0.0,1.1666666666666667,1080,0,0,0,350000,350000,1,498437.5
35.0,14,0.0,0.0,1.2066246056782335,1268,674,86,8,75000,1250000,1,498437.5
20.0,0,,,,0,0,0,0,50000,50000,1,498437.5
29.0,52,0.020107238605898123,0.0,0.0,4476,0,0,1,950000,1000000,2,498437.5
25.0,34,0.033607169529499624,0.0,0.0,2678,154,15,0,750000,750000,2,498437.5
28.0,30,0.03696098562628337,0.0,0.0,2435,353,40,1,700000,700000,2,498437.5
33.0,20,0.0,0.0,0.0,1594,234,32,3,350000,950000,2,498437.5
29.0,27,0.0,0.0,0.0,2012,0,0,0,500000,500000,2,498437.5
30.0,17,0.0,0.0,0.0,1108,0,0,1,100000,175000,2,498437.5
19.0,0,,,,0,0,0,0,25000,25000,2,498437.5
33.0,34,0.08934480476505625,0.029781601588352084,0.0,3022,151,13,2,300000,1250000,2,498437.5
25.0,19,0.0,0.0,0.0,663,165,13,0,275000,275000,2,498437.5
25.0,45,0.026509572901325478,0.053019145802650956,0.0,3395,89,11,2,950000,950000,2,498437.5
24.0,51,0.10112359550561797,0.07584269662921349,0.0,3560,30,4,0,600000,600000,2,498437.5
30.0,44,0.0,0.0,0.0,3455,23,3,0,700000,850000,3,498437.5
27.0,58,0.05325443786982249,0.05325443786982249,0.0,5070,0,0,0,900000,900000,3,498437.5
33.0,28,0.04980630879911455,0.0,0.0,1807,105,14,1,275000,750000,3,498437.5
31.0,29,0.04692387904066736,0.0,0.0,1918,0,0,0,300000,425000,3,498437.5
23.0,14,0.0,0.20134228187919462,0.0,447,0,0,0,125000,125000,3,498437.5
21.0,12,0.0,0.0,0.0,705,0,0,0,300000,300000,3,498437.5
23.0,33,0.06194081211286993,0.0,0.0,1453,372,38,0,750000,800000,3,498437.5
24.0,34,0.0,0.0,0.0,2173,157,20,0,425000,425000,3,498437.5
24.0,37,0.0,0.0,0.0,1806,28,5,0,350000,350000,3,498437.5
30.0,55,0.2679184795053813,0.16487291046485,0.0,4367,35,5,3,1400000,1500000,4,498437.5
25.0,46,0.0,0.050476724621424565,0.0,1783,0,0,0,650000,650000,4,498437.5
25.0,57,0.3372365339578454,0.1686182669789227,0.0,4270,0,0,0,1000000,1000000,4,498437.5
32.0,40,0.19540942928039703,0.27915632754342434,0.0,3224,658,84,7,650000,2000000,4,498437.5
19.0,19,0.08771929824561403,0.08771929824561403,0.0,1026,0,0,0,450000,450000,4,498437.5
25.0,19,0.5,0.0,0.0,1080,28,3,0,850000,850000,4,498437.5
23.0,13,0.09404388714733543,0.0,0.0,957,0,0,0,300000,300000,4,498437.5
18.0,5,0.0,0.0,0.0,72,0,0,0,100000,100000,4,498437.5
28.0,48,0.0,0.0,0.8631578947368421,4275,73,11,2,300000,500000,1,365740.74074074073
30.0,9,0.0,0.0,1.7142857142857142,840,64,9,4,200000,250000,1,365740.74074074073
20.0,0,,,,0,0,0,1,50000,50000,1,365740.74074074073
32.0,45,0.04589495155532891,0.04589495155532891,0.0,3922,261,30,3,1200000,2500000,2,365740.74074074073
35.0,42,0.05878510777269758,0.05878510777269758,0.0,3062,11,2,1,500000,5500000,2,365740.74074074073
28.0,33,0.0,0.0,0.0,2374,261,26,0,250000,550000,2,365740.74074074073
25.0,11,0.0,0.0,0.0,869,0,0,1,250000,350000,2,365740.74074074073
22.0,7,0.0,0.0,0.0,356,0,0,0,100000,100000,2,365740.74074074073
28.0,28,0.0,0.0,0.0,2221,0,0,0,500000,800000,2,365740.74074074073
30.0,43,0.048205677557579006,0.048205677557579006,0.0,3734,160,14,1,500000,600000,2,365740.74074074073
26.0,37,0.0,0.0,0.0,1586,0,0,3,350000,400000,2,365740.74074074073
30.0,53,0.10501750291715285,0.06301050175029171,0.0,4285,6,1,3,500000,1000000,3,365740.74074074073
29.0,42,0.0,0.06502890173410404,0.0,2768,46,7,0,300000,300000,3,365740.74074074073
35.0,47,0.0,0.0,0.0,2965,0,0,3,200000,350000,3,365740.74074074073
26.0,17,0.0,0.0,0.0,273,357,35,2,250000,350000,3,365740.74074074073
21.0,10,0.0,0.0,0.0,190,0,0,0,75000,75000,3,365740.74074074073
25.0,47,0.2321382512251741,0.20892442610265669,0.0,3877,95,10,0,650000,650000,3,365740.74074074073
21.0,12,0.0,0.0,0.0,345,0,0,0,100000,100000,3,365740.74074074073
36.0,20,0.0,0.1836734693877551,0.0,980,394,57,17,500000,36500000,4,365740.74074074073
28.0,49,0.10219530658591976,0.17032551097653292,0.0,2642,0,0,5,450000,1250000,4,365740.74074074073
23.0,55,0.09426551453260015,0.09426551453260015,0.0,3819,756,10,0,450000,500000,4,365740.74074074073
28.0,33,0.0,0.16423357664233576,0.0,1096,0,0,1,300000,600000,4,365740.74074074073
22.0,52,0.30591434398368456,0.12236573759347383,0.0,1471,0,0,0,250000,250000,4,365740.74074074073
22.0,21,0.0,1.0344827586206897,0.0,174,0,0,0,100000,100000,4,365740.74074074073
23.0,10,0.3673469387755102,0.0,0.0,490,0,0,1,800000,800000,4,365740.74074074073
35.0,38,0.40763506955677775,0.0,0.0,3091,415,36,4,450000,2000000,4,365740.74074074073
31.0,15,0.7468879668049793,0.0,0.0,241,379,52,2,300000,2500000,4,365740.74074074073
37.0,58,0.0,0.0,1.4005763688760806,5205,0,0,1,300000,500000,1,286111.1111111111
27.0,1,0.0,0.0,0.0,44,0,0,1,200000,250000,1,286111.1111111111
31.0,53,0.058733956928431585,0.01957798564281053,0.0,4597,551,70,2,500000,3500000,2,286111.1111111111
32.0,48,0.0,0.04478726051256531,0.0,4019,36,7,3,400000,500000,2,286111.1111111111
38.0,36,0.03294289897510981,0.06588579795021962,0.0,2732,0,0,2,200000,600000,2,286111.1111111111
23.0,4,0.0,0.0,0.0,192,0,0,1,50000,50000,2,286111.1111111111
22.0,0,,,,0,0,0,0,25000,25000,2,286111.1111111111
27.0,48,0.06277609858172518,0.16740292955126715,0.0,4301,323,44,2,550000,550000,2,286111.1111111111
25.0,23,0.0,0.0,0.0,1191,100,9,0,300000,350000,2,286111.1111111111
30.0,45,0.04723169771713461,0.09446339543426922,0.0,3811,51,9,1,550000,750000,2,286111.1111111111
28.0,28,0.04341534008683068,0.0,0.0,2073,0,0,1,250000,250000,2,286111.1111111111
33.0,20,0.12244897959183673,0.0,0.0,1470,336,39,3,200000,2000000,3,286111.1111111111
37.0,47,0.0,0.13409485969704496,0.0,4027,37,4,1,200000,1500000,3,286111.1111111111
18.0,17,0.0,0.0,0.0,571,100,9,1,100000,100000,3,286111.1111111111
20.0,0,,,,0,0,0,0,25000,25000,3,286111.1111111111
32.0,41,0.11654257041113629,0.029135642602784072,0.0,3089,116,14,5,500000,500000,3,286111.1111111111
23.0,6,0.0,0.0,0.0,257,0,0,1,100000,350000,3,286111.1111111111
34.0,35,0.035685963521015066,0.1070578905630452,0.0,2522,216,28,3,400000,2200000,3,286111.1111111111
29.0,54,0.14989293361884368,0.29978586723768735,0.0,4203,0,0,2,500000,500000,4,286111.1111111111
23.0,34,0.16206482593037214,0.16206482593037214,0.0,1666,0,0,0,350000,350000,4,286111.1111111111
21.0,22,0.17857142857142858,0.17857142857142858,0.0,504,0,0,1,50000,50000,4,286111.1111111111
25.0,58,0.15312632922160782,0.13398553806890684,0.0,4702,0,0,1,550000,600000,4,286111.1111111111
23.0,49,0.17374517374517376,0.08687258687258688,0.0,2072,0,0,1,350000,450000,4,286111.1111111111
33.0,43,0.4637769020915429,0.19096695968475297,0.0,3299,113,12,11,600000,6000000,4,286111.1111111111
21.0,26,0.5405405405405406,0.0,0.0,999,0,0,1,300000,300000,4,286111.1111111111
20.0,35,0.4195804195804196,0.1048951048951049,0.0,858,0,0,1,150000,150000,4,286111.1111111111
18.0,0,,,,0,0,0,0,25000,25000,4,286111.1111111111
30.0,36,0.0,0.0,1.6666666666666667,3240,0,0,0,300000,700000,1,336363.63636363635
26.0,17,0.0,0.0,1.7058823529411764,1530,0,0,0,150000,150000,1,336363.63636363635
22.0,0,,,,0,0,0,0,100000,200000,1,336363.63636363635
33.0,43,0.0,0.0,0.0,3556,0,0,3,350000,1100000,2,336363.63636363635
20.0,25,0.0,0.0,0.0,1559,0,0,0,350000,350000,2,336363.63636363635
22.0,20,0.06896551724137931,0.0,0.0,1305,0,0,0,200000,300000,2,336363.63636363635
31.0,51,0.043657530924084406,0.0,0.0,4123,779,149,2,450000,9000000,2,336363.63636363635
23.0,48,0.0,0.09771986970684039,0.0,3684,0,0,0,400000,450000,2,336363.63636363635
22.0,41,0.0,0.10285714285714286,0.0,2625,0,0,1,350000,350000,2,336363.63636363635
34.0,50,0.06369426751592357,0.09554140127388536,0.0,2826,136,14,1,250000,400000,2,336363.63636363635
23.0,50,0.12744866650932263,0.0,0.0,4237,0,0,0,500000,500000,3,336363.63636363635
22.0,28,0.0,0.10344827586206896,0.0,870,0,0,0,150000,150000,3,336363.63636363635
29.0,27,0.08888888888888889,0.0,0.0,2025,110,14,4,450000,900000,3,336363.63636363635
22.0,44,0.08784773060029283,0.0,0.0,2049,0,0,0,250000,250000,3,336363.63636363635
23.0,35,0.14713896457765668,0.0,0.0,1835,0,0,0,250000,350000,3,336363.63636363635
25.0,41,0.15833919774806474,0.22167487684729065,0.0,2842,79,15,1,550000,550000,4,336363.63636363635
33.0,8,0.22167487684729065,0.22167487684729065,0.0,406,364,54,7,350000,1600000,4,336363.63636363635
25.0,55,0.31319202783929134,0.256248022777602,0.0,3161,0,0,1,450000,450000,4,336363.63636363635
24.0,35,0.19452449567723343,0.06484149855907781,0.0,1388,0,0,0,250000,250000,4,336363.63636363635
25.0,48,0.38904899135446686,0.10806916426512968,0.0,4164,12,3,1,650000,650000,4,336363.63636363635
27.0,45,0.313588850174216,0.18815331010452963,0.0,2870,0,0,1,450000,450000,4,336363.63636363635
18.0,17,1.125,0.0,0.0,320,0,0,0,200000,200000,4,336363.63636363635
21.0,24,0.0,0.0,1.5752128666035952,2114,0,0,0,250000,250000,1,219696.9696969697
41.0,5,0.0,0.0,1.6,450,751,91,9,100000,2000000,1,219696.9696969697
25.0,1,0.0,0.0,2.0,90,0,0,0,0,150000,1,219696.9696969697
33.0,50,0.020348179968347275,0.0,0.0,4423,95,12,2,500000,1500000,2,219696.9696969697
29.0,45,0.07135306553911205,0.0,0.0,3784,181,25,3,450000,750000,2,219696.9696969697
25.0,33,0.03802281368821293,0.03802281368821293,0.0,2367,77,10,0,350000,400000,2,219696.9696969697
33.0,39,0.053003533568904596,0.026501766784452298,0.0,3396,0,0,0,300000,1200000,2,219696.9696969697
21.0,18,0.0,0.06891271056661562,0.0,1306,0,0,0,100000,100000,2,219696.9696969697
20.0,0,,,,0,0,0,0,50000,50000,2,219696.9696969697
19.0,0,,,,0,0,0,0,25000,25000,2,219696.9696969697
23.0,2,0.0,0.0,0.0,44,324,44,0,25000,25000,2,219696.9696969697
31.0,41,0.08149713250830064,0.10866284334440085,0.0,3313,78,5,0,350000,400000,2,219696.9696969697
22.0,19,0.7860262008733624,0.0,0.0,458,0,0,0,200000,300000,2,219696.9696969697
19.0,17,0.0,0.0,0.0,735,0,0,0,100000,100000,2,219696.9696969697
25.0,34,0.038200339558573854,0.11460101867572156,0.0,2356,0,0,0,100000,150000,2,219696.9696969697
23.0,24,0.0,0.06574141709276844,0.0,1369,77,4,0,300000,300000,3,219696.9696969697
28.0,19,0.0,0.0,0.0,1122,0,0,0,150000,300000,3,219696.9696969697
27.0,35,0.2738892270237371,0.10955569080949483,0.0,1643,74,7,3,400000,400000,3,219696.9696969697
30.0,43,0.031746031746031744,0.12698412698412698,0.0,2835,239,25,0,300000,700000,3,219696.9696969697
22.0,36,0.0,0.059602649006622516,0.0,1510,248,32,0,300000,600000,3,219696.9696969697
29.0,60,0.10560901196902135,0.19009622154423844,0.0,4261,0,0,2,350000,500000,3,219696.9696969697
29.0,22,0.3358208955223881,0.0,0.0,1340,508,60,1,300000,1500000,3,219696.9696969697
20.0,22,0.0510783200908059,0.1532349602724177,0.0,1762,0,0,0,200000,200000,3,219696.9696969697
23.0,31,0.17285531370038412,0.0,0.0,1562,0,0,0,200000,200000,3,219696.9696969697
20.0,2,0.0,0.0,0.0,114,0,0,0,0,0,4,219696.9696969697
32.0,16,0.0,0.0,0.0,888,500,39,0,100000,750000,4,219696.9696969697
22.0,17,0.0,0.9278350515463918,0.0,388,0,0,0,75000,75000,4,219696.9696969697
22.0,35,0.12162162162162163,0.12162162162162163,0.0,1480,0,0,2,250000,300000,4,219696.9696969697
21.0,23,0.2857142857142857,0.14285714285714285,0.0,630,0,0,0,75000,75000,4,219696.9696969697
29.0,13,0.5610972568578554,0.0,0.0,802,301,44,2,700000,2250000,4,219696.9696969697
23.0,26,0.1347305389221557,0.1347305389221557,0.0,668,0,0,2,300000,450000,4,219696.9696969697
35.0,33,0.45397225725094575,0.22698612862547288,0.0,1586,230,28,1,250000,700000,4,219696.9696969697
21.0,14,0.3146853146853147,0.0,0.0,572,77,4,0,100000,100000,4,219696.9696969697
31.0,51,0.0,0.0,1.6385435168738898,4504,320,34,2,500000,800000,1,262037.03703703705
23.0,8,0.0,0.0,2.019230769230769,624,0,0,1,200000,250000,1,262037.03703703705
18.0,14,0.0,0.0,2.0,1260,0,0,0,25000,25000,1,262037.03703703705
26.0,40,0.05509641873278237,0.0,0.0,3267,181,1,1,300000,300000,2,262037.03703703705
31.0,49,0.06231248557581352,0.0,0.0,4333,0,0,1,300000,350000,2,262037.03703703705
27.0,25,0.0,0.044977511244377814,0.0,2001,0,0,0,300000,800000,2,262037.03703703705
20.0,6,0.0,0.0,0.0,341,0,0,0,25000,25000,2,262037.03703703705
26.0,31,0.0,0.0,0.0,2663,0,0,1,250000,250000,2,262037.03703703705
20.0,19,0.0,0.0,0.0,1617,0,0,0,25000,25000,2,262037.03703703705
26.0,40,0.11468620579802485,0.05734310289901243,0.0,3139,71,10,0,400000,500000,2,262037.03703703705
29.0,34,0.09018036072144289,0.09018036072144289,0.0,1996,0,0,1,250000,350000,2,262037.03703703705
23.0,41,0.0,0.0,0.0,1494,0,0,2,200000,200000,3,262037.03703703705
31.0,38,0.0,0.03558718861209965,0.0,2529,0,0,1,300000,450000,3,262037.03703703705
25.0,43,0.0,0.038135593220338986,0.0,2360,0,0,1,300000,300000,3,262037.03703703705
19.0,18,0.0,0.11435832274459974,0.0,1574,0,0,0,25000,25000,3,262037.03703703705
22.0,24,0.21969080553295361,0.07323026851098453,0.0,1229,0,0,0,200000,250000,3,262037.03703703705
32.0,39,0.33323048441838937,0.08330762110459734,0.0,3241,131,14,1,700000,1500000,3,262037.03703703705
26.0,34,0.06805293005671077,0.13610586011342155,0.0,2645,205,23,2,450000,750000,3,262037.03703703705
21.0,34,0.09164969450101833,0.09164969450101833,0.0,1964,0,0,1,300000,300000,3,262037.03703703705
24.0,39,0.20116227089852481,0.28162717925793473,0.0,2237,524,87,3,450000,1500000,4,262037.03703703705
35.0,45,0.15426808364758313,0.30853616729516625,0.0,2917,160,14,4,300000,2500000,4,262037.03703703705
19.0,24,0.20270270270270271,0.0,0.0,888,0,0,1,150000,150000,4,262037.03703703705
21.0,18,0.3673469387755102,0.09183673469387756,0.0,980,0,0,0,125000,125000,4,262037.03703703705
24.0,43,0.34668721109399075,0.10400616332819723,0.0,2596,88,13,1,350000,350000,4,262037.03703703705
29.0,43,0.3486870426173052,0.03874300473525613,0.0,2323,65,8,3,300000,500000,4,262037.03703703705
23.0,50,0.33047735618115054,0.2937576499388005,0.0,2451,22,3,2,300000,300000,4,262037.03703703705
28.0,5,0.0,0.0,0.0,297,0,0,0,50000,50000,4,262037.03703703705
26.0,37,0.0,0.0,1.3353941267387945,3235,47,2,0,250000,250000,1,185833.33333333334
24.0,21,0.0,0.0,1.4991939817302526,1861,0,0,0,150000,150000,1,185833.33333333334
18.0,0,,,,0,0,0,0,25000,25000,1,185833.33333333334
26.04190334,0,,,,0,0,0,0,0,0,1,185833.33333333334
32.0,38,0.0,0.0,0.0,3368,0,0,0,450000,500000,2,185833.33333333334
22.0,55,0.0,0.0,0.0,4944,0,0,0,400000,400000,2,185833.33333333334
34.0,51,0.04024144869215292,0.04024144869215292,0.0,4473,184,18,0,250000,500000,2,185833.33333333334
21.0,0,,,,0,0,0,0,25000,25000,2,185833.33333333334
20.0,34,0.0,0.04105839416058394,0.0,2192,0,0,2,300000,300000,2,185833.33333333334
22.0,24,0.1725790987535954,0.1725790987535954,0.0,1043,0,0,0,200000,200000,2,185833.33333333334
19.0,0,,,,0,0,0,0,0,0,2,185833.33333333334
32.0,46,0.0,0.0,0.0,3082,310,21,2,250000,400000,2,185833.33333333334
30.0,25,0.11435832274459974,0.0,0.0,787,38,5,0,200000,250000,2,185833.33333333334
22.0,28,0.0,0.0,0.0,1164,0,0,0,125000,125000,2,185833.33333333334
19.0,1,0.0,0.0,0.0,3,0,0,0,25000,25000,3,185833.33333333334
17.0,0,,,,0,0,0,0,0,0,3,185833.33333333334
26.04190334,0,,,,0,0,0,0,0,0,3,185833.33333333334
21.0,46,0.0,0.035211267605633804,0.0,2556,0,0,2,300000,350000,3,185833.33333333334
22.0,49,0.05853658536585366,0.0,0.0,3075,0,0,0,450000,600000,3,185833.33333333334
34.0,53,0.2476714648602879,0.20956816257408975,0.0,4724,0,0,2,300000,700000,3,185833.33333333334
25.0,24,0.09836065573770492,0.0,0.0,915,399,43,0,150000,300000,3,185833.33333333334
29.0,39,0.28365601080594327,0.12156686177397569,0.0,2221,16,2,3,350000,500000,4,185833.33333333334
23.0,24,0.2231404958677686,0.2975206611570248,0.0,1210,303,28,0,250000,250000,4,185833.33333333334
34.0,12,0.0,0.0,0.0,176,0,0,2,200000,2750000,4,185833.33333333334
23.0,25,0.09307135470527404,0.18614270941054809,0.0,967,0,0,0,150000,150000,4,185833.33333333334
18.0,0,,,,0,0,0,0,25000,25000,4,185833.33333333334
23.0,50,0.1956521739130435,0.1956521739130435,0.0,3220,0,0,0,300000,300000,4,185833.33333333334
26.0,21,0.08035714285714286,0.24107142857142858,0.0,1120,0,0,0,150000,150000,4,185833.33333333334
33.0,58,0.32710280373831774,0.09345794392523364,0.0,3852,306,38,5,250000,2500000,4,185833.33333333334
20.0,4,0.0,0.0,0.0,159,0,0,0,50000,50000,4,185833.33333333334
38.0,33,0.0,0.0,1.2121212121212122,2970,381,38,5,150000,1200000,1,270833.3333333333
26.0,2,0.0,0.0,1.2587412587412588,143,30,3,1,50000,50000,1,270833.3333333333
29.0,25,0.0,0.13190034196384953,0.0,2047,0,0,5,300000,300000,2,270833.3333333333
23.0,46,0.08712487899322362,0.05808325266214908,0.0,3099,0,0,1,250000,250000,2,270833.3333333333
20.0,27,0.0,0.08968609865470852,0.0,2007,0,0,1,250000,250000,2,270833.3333333333
22.0,27,0.10084033613445378,0.0,0.0,1785,0,0,1,100000,100000,2,270833.3333333333
21.0,12,0.0,0.0,0.0,651,0,0,0,25000,25000,2,270833.3333333333
20.0,54,0.06638800098352594,0.08851733464470125,0.0,4067,0,0,1,400000,400000,2,270833.3333333333
25.0,41,0.115929583512237,0.038643194504079006,0.0,2329,0,0,1,300000,400000,2,270833.3333333333
30.0,47,0.03115264797507788,0.24922118380062305,0.0,2889,0,0,1,300000,400000,2,270833.3333333333
22.0,18,0.11306532663316583,0.11306532663316583,0.0,796,0,0,1,50000,50000,2,270833.3333333333
23.0,56,0.0411522633744856,0.0205761316872428,0.0,4374,0,0,1,400000,400000,3,270833.3333333333
22.0,51,0.0,0.10365678088108264,0.0,3473,0,0,1,250000,250000,3,270833.3333333333
20.0,51,0.0,0.0,0.0,2123,0,0,1,200000,200000,3,270833.3333333333
22.0,25,0.06901840490797546,0.13803680981595093,0.0,1304,0,0,1,50000,50000,3,270833.3333333333
22.0,48,0.32608695652173914,0.21739130434782608,0.0,2484,0,0,1,300000,300000,4,270833.3333333333
23.0,21,0.0,0.7468879668049793,0.0,482,30,7,2,200000,250000,4,270833.3333333333
25.0,29,0.390549662487946,0.21697203471552556,0.0,2074,0,0,1,450000,450000,4,270833.3333333333
26.0,53,0.3777544596012592,0.1416579223504722,0.0,3812,0,0,1,400000,400000,4,270833.3333333333
27.0,68,0.6713709677419355,0.23588709677419356,0.0,4960,0,0,6,1200000,1200000,4,270833.3333333333
24.0,35,0.2542372881355932,0.1271186440677966,0.0,1416,283,19,1,300000,300000,4,270833.3333333333
25.0,39,0.3187721369539551,0.10625737898465171,0.0,1694,45,7,2,300000,500000,4,270833.3333333333
26.0,44,0.2551984877126654,0.08506616257088846,0.0,3174,0,0,2,250000,350000,4,270833.3333333333
18.0,17,0.3629032258064516,0.42338709677419356,0.0,1488,0,0,0,25000,25000,4,270833.3333333333
27.0,55,0.0,0.0,1.6758747697974217,4887,46,4,3,700000,700000,1,328260.8695652174
20.0,4,0.0,0.0,2.7027027027027026,333,0,0,1,150000,150000,1,328260.8695652174
29.0,51,0.0,0.020727775218793182,0.0,4342,92,13,7,350000,350000,2,328260.8695652174
31.0,57,0.0552260175905093,0.01840867253016977,0.0,4889,278,55,2,300000,300000,2,328260.8695652174
25.0,40,0.0,0.059366754617414245,0.0,3032,35,2,0,300000,300000,2,328260.8695652174
31.0,4,0.0,0.0,0.0,159,0,0,1,250000,350000,2,328260.8695652174
19.0,20,0.0,0.0,0.0,1223,0,0,0,200000,200000,2,328260.8695652174
19.0,7,0.0,0.0,0.0,562,0,0,0,50000,50000,2,328260.8695652174
21.0,41,0.02936378466557912,0.1761827079934747,0.0,3065,0,0,0,300000,300000,2,328260.8695652174
21.0,30,0.0,0.1388888888888889,0.0,1944,0,0,0,250000,250000,2,328260.8695652174
23.0,42,0.0,0.11741682974559686,0.0,3066,0,0,0,300000,300000,2,328260.8695652174
26.0,34,0.07601351351351351,0.07601351351351351,0.0,2368,270,23,0,450000,600000,3,328260.8695652174
26.0,41,0.0,0.09006004002668445,0.0,2998,95,17,9,450000,450000,3,328260.8695652174
28.0,53,0.06453154875717017,0.06453154875717017,0.0,4184,0,0,0,400000,500000,3,328260.8695652174
24.0,40,0.0,0.04714510214772132,0.0,1909,0,0,0,250000,250000,3,328260.8695652174
25.0,33,0.41570438799076215,0.20785219399538107,0.0,2165,4,1,3,650000,2000000,3,328260.8695652174
25.0,25,0.19040902679830748,0.19040902679830748,0.0,1418,25,6,0,450000,900000,3,328260.8695652174
19.0,7,0.29605263157894735,0.0,0.0,304,0,0,0,100000,125000,4,328260.8695652174
20.0,43,0.05113636363636364,0.05113636363636364,0.0,1760,60,5,0,200000,200000,4,328260.8695652174
21.0,24,0.0,0.0,0.0,370,166,14,0,150000,200000,4,328260.8695652174
33.0,41,0.147239263803681,0.11042944785276074,0.0,2445,180,24,6,500000,800000,4,328260.8695652174
27.0,36,0.5523465703971119,0.032490974729241874,0.0,2770,128,20,8,500000,500000,4,328260.8695652174
33.0,49,0.046153846153846156,0.25384615384615383,0.0,3900,0,0,0,300000,400000,4,328260.8695652174
25.0,64,0.0,0.0,1.1968911917098446,5790,0,0,2,750000,800000,1,467307.6923076923
23.0,2,0.0,0.0,1.5,180,0,0,2,150000,150000,1,467307.6923076923
19.0,0,,,,0,0,0,0,25000,25000,1,467307.6923076923
29.0,61,0.0,0.03771213073538655,0.0,4773,128,15,2,700000,1500000,2,467307.6923076923
30.0,51,0.061224489795918366,0.04081632653061224,0.0,4410,670,114,2,550000,550000,2,467307.6923076923
32.0,49,0.0,0.07442116868798236,0.0,3628,20,3,2,450000,1800000,2,467307.6923076923
20.0,4,0.0,0.0,0.0,263,0,0,2,100000,100000,2,467307.6923076923
25.0,8,0.0,0.0,0.0,324,0,0,1,50000,50000,2,467307.6923076923
20.0,49,0.049600440892807934,0.1488013226784238,0.0,3629,0,0,1,450000,450000,2,467307.6923076923
34.0,54,0.0,0.10271041369472182,0.0,3505,181,21,2,200000,500000,2,467307.6923076923
28.0,39,0.0,0.0,0.0,1730,0,0,3,300000,500000,2,467307.6923076923
22.0,52,0.0,0.07491675915649279,0.0,3604,0,0,0,300000,300000,2,467307.6923076923
19.0,0,,,,0,0,0,0,25000,25000,3,467307.6923076923
24.0,48,0.06517016654598118,0.08689355539464157,0.0,4143,183,15,2,750000,750000,3,467307.6923076923
30.0,44,0.0,0.22128556375131717,0.0,2847,548,77,14,1800000,10000000,3,467307.6923076923
17.0,0,,,,0,0,0,0,25000,25000,3,467307.6923076923
31.0,46,0.33011003667889294,0.24008002667555853,0.0,2999,181,24,0,500000,500000,3,467307.6923076923
34.0,46,0.17774851876234365,0.2369980250164582,0.0,3038,69,14,2,400000,800000,3,467307.6923076923
19.0,1,2.0,0.0,0.0,45,0,0,1,50000,50000,3,467307.6923076923
17.0,6,1.7307692307692308,0.0,0.0,52,0,0,2,50000,50000,3,467307.6923076923
32.0,47,0.38574872756496115,0.24109295472810072,0.0,3733,279,44,2,700000,4000000,4,467307.6923076923
19.0,10,0.3237410071942446,0.0,0.0,278,0,0,2,100000,100000,4,467307.6923076923
21.0,61,0.3944485025566107,0.30679327976625276,0.0,4107,0,0,3,1000000,1000000,4,467307.6923076923
30.0,62,0.20925366193908393,0.3138804929086259,0.0,4301,152,22,4,700000,800000,4,467307.6923076923
29.0,64,0.674879485806106,0.08034279592929834,0.0,5601,0,0,6,2000000,2000000,4,467307.6923076923
18.0,0,,,,0,101,12,0,25000,25000,4,467307.6923076923
34.0,55,0.0,0.0,1.4819277108433735,4980,0,0,6,500000,800000,1,408695.652173913
26.0,10,0.0,0.0,1.8,900,0,0,4,150000,200000,1,408695.652173913
20.0,18,0.0,0.0,1.5555555555555556,1620,0,0,0,100000,100000,1,408695.652173913
30.0,44,0.024200053777897284,0.0,0.0,3719,0,0,3,450000,600000,2,408695.652173913
38.0,52,0.0,0.019836896627727574,0.0,4537,83,8,7,150000,650000,2,408695.652173913
21.0,26,0.0,0.0,0.0,2003,0,0,0,100000,100000,2,408695.652173913
22.0,43,0.0,0.05893909626719057,0.0,3054,0,0,2,500000,750000,2,408695.652173913
29.0,59,0.056508999581414816,0.09418166596902469,0.0,4778,19,2,0,450000,800000,2,408695.652173913
32.0,58,0.05372065260644648,0.10744130521289295,0.0,5026,189,28,4,650000,1000000,2,408695.652173913
33.0,27,0.0,0.07731958762886598,0.0,2328,215,36,4,600000,750000,3,408695.652173913
30.0,59,0.0,0.07194244604316546,0.0,3753,0,0,2,450000,500000,3,408695.652173913
32.0,27,0.15219842164599776,0.0,0.0,1774,421,70,3,350000,16000000,3,408695.652173913
19.0,1,0.0,0.0,0.0,3,0,0,0,0,0,3,408695.652173913
30.0,63,0.13365509560051977,0.16706886950064972,0.0,5387,0,0,3,600000,600000,3,408695.652173913
19.0,15,0.0,0.0,0.0,261,0,0,0,50000,50000,3,408695.652173913
28.0,59,0.13035921205098494,0.23464658169177288,0.0,3452,0,0,0,600000,750000,3,408695.652173913
32.0,52,0.4259634888438134,0.12170385395537525,0.0,2958,104,17,8,700000,5000000,4,408695.652173913
18.0,33,0.338855421686747,0.2033132530120482,0.0,1328,0,0,0,150000,150000,4,408695.652173913
30.0,58,0.16625615763546797,0.16625615763546797,0.0,3248,197,33,0,1800000,8000000,4,408695.652173913
23.0,29,0.2827965435978005,0.21209740769835037,0.0,1273,0,0,0,250000,250000,4,408695.652173913
36.0,51,0.5493895671476138,0.07491675915649279,0.0,3604,61,9,5,400000,4000000,4,408695.652173913
20.0,36,0.4639175257731959,0.0,0.0,970,0,0,0,350000,350000,4,408695.652173913
20.0,16,0.0,0.0,0.0,185,0,0,0,50000,50000,4,408695.652173913
22.0,54,0.0,0.0,1.445336627547869,4857,0,0,0,450000,450000,1,267500.0
23.0,6,0.0,0.0,1.1226611226611227,481,209,25,0,250000,350000,1,267500.0
19.0,0,,,,0,0,0,0,50000,50000,1,267500.0
18.0,3,0.0,0.0,1.2796208530805686,211,0,0,0,50000,50000,1,267500.0
26.0,43,0.05784061696658098,0.05784061696658098,0.0,3112,0,0,2,350000,350000,2,267500.0
29.0,9,0.0,0.0,0.0,432,517,54,1,250000,500000,2,267500.0
20.0,31,0.0,0.06598240469208211,0.0,2728,0,0,0,250000,250000,2,267500.0
28.0,35,0.0645392613840086,0.0322696306920043,0.0,2789,0,0,0,200000,200000,2,267500.0
28.0,58,0.11259382819015847,0.05629691409507923,0.0,4796,0,0,2,400000,450000,2,267500.0
23.0,29,0.0,0.13975155279503104,0.0,1288,102,13,0,250000,350000,2,267500.0
23.0,25,0.0,0.16981132075471697,0.0,1060,176,23,1,250000,250000,2,267500.0
37.0,57,0.01835610850499694,0.0917805425249847,0.0,4903,284,36,0,200000,3000000,2,267500.0
18.0,13,0.0,0.0,0.0,345,0,0,0,75000,75000,2,267500.0
21.0,52,0.09,0.09,0.0,3000,0,0,2,450000,600000,3,267500.0
36.0,53,0.0,0.10103277952402336,0.0,4454,0,0,3,200000,750000,3,267500.0
22.0,14,0.0,0.15625,0.0,576,13,2,0,200000,200000,3,267500.0
36.0,38,0.0,0.0,0.0,2736,206,27,1,200000,3000000,3,267500.0
18.0,7,0.0,0.0,0.0,233,31,3,0,150000,150000,3,267500.0
21.0,3,0.0,0.0,0.0,17,0,0,1,100000,150000,3,267500.0
19.0,22,0.0,0.0,0.0,822,0,0,0,125000,125000,3,267500.0
26.0,1,,,,0,0,0,0,0,0,4,267500.0
31.0,55,0.4303412301673549,0.3129754401217127,0.0,4601,41,1,3,1500000,1500000,4,267500.0
30.0,34,0.09310344827586207,0.15517241379310345,0.0,2900,113,13,2,400000,800000,4,267500.0
17.0,35,0.8087291399229781,0.23106546854942234,0.0,779,0,0,0,350000,350000,4,267500.0
19.0,26,0.15254237288135594,0.15254237288135594,0.0,1180,0,0,0,200000,200000,4,267500.0
28.0,57,0.2096069868995633,0.2096069868995633,0.0,3435,222,27,0,400000,2500000,4,267500.0
32.0,48,0.41120925982333234,0.02741395065488882,0.0,3283,0,0,0,300000,800000,4,267500.0
25.0,39,0.38485033598045204,0.10995723885155773,0.0,1637,66,8,3,300000,350000,4,267500.0
18.0,9,0.5750798722044729,0.0,0.0,313,0,0,0,75000,75000,4,267500.0
21.0,10,0.0,0.7964601769911505,0.0,113,0,0,0,50000,50000,4,267500.0
31.0,51,0.0,0.0,1.411764705882353,4590,0,0,2,500000,1000000,1,345370.3703703704
25.0,14,0.0,0.0,1.2857142857142858,1260,0,0,1,300000,400000,1,345370.3703703704
36.0,47,0.09134737376300431,0.0,0.0,3941,26,2,5,800000,9000000,2,345370.3703703704
32.0,47,0.022533800701051578,0.022533800701051578,0.0,3994,27,5,0,400000,1000000,2,345370.3703703704
34.0,6,0.0,0.0,0.0,528,1307,146,0,150000,2000000,2,345370.3703703704
33.0,50,0.0,0.0,0.0,4226,412,63,4,250000,1500000,2,345370.3703703704
22.0,22,0.0,0.06564551422319474,0.0,1371,0,0,0,200000,350000,2,345370.3703703704
25.0,42,0.0,0.16289592760180996,0.0,3315,66,11,1,400000,400000,2,345370.3703703704
23.0,20,0.0749375520399667,0.0749375520399667,0.0,1201,270,27,0,350000,450000,2,345370.3703703704
33.0,36,0.05369928400954654,0.05369928400954654,0.0,1676,389,42,5,1500000,30000000,3,345370.3703703704
22.0,29,0.14802631578947367,0.07401315789473684,0.0,2432,0,0,0,400000,400000,3,345370.3703703704
27.0,23,0.0,0.05787781350482315,0.0,1555,63,6,0,200000,200000,3,345370.3703703704
20.0,13,0.0,0.10368663594470046,0.0,868,0,0,0,50000,50000,3,345370.3703703704
33.0,44,0.22594142259414227,0.07531380753138076,0.0,3585,41,5,1,500000,2000000,3,345370.3703703704
34.0,33,0.26526315789473687,0.0,0.0,2375,93,10,1,350000,750000,3,345370.3703703704
38.0,47,0.0962223806129722,0.25659301496792586,0.0,2806,51,13,13,250000,5500000,3,345370.3703703704
21.0,40,0.5487804878048781,0.10975609756097561,0.0,820,0,0,1,200000,200000,3,345370.3703703704
19.0,32,0.07097791798107256,0.0,0.0,1268,0,0,0,125000,150000,3,345370.3703703704
27.0,45,0.3316953316953317,0.11056511056511056,0.0,3256,400,61,1,700000,1200000,4,345370.3703703704
30.0,12,0.33210332103321033,0.22140221402214022,0.0,813,69,11,0,500000,1000000,4,345370.3703703704
31.0,35,0.2916666666666667,0.16666666666666666,0.0,2160,0,0,0,500000,3000000,4,345370.3703703704
22.0,32,0.22670025188916876,0.0,0.0,1588,0,0,0,200000,200000,4,345370.3703703704
20.0,16,0.08797653958944282,0.08797653958944282,0.0,1023,0,0,0,75000,75000,4,345370.3703703704
24.0,26,0.3105590062111801,0.18633540372670807,0.0,1449,102,18,0,300000,300000,4,345370.3703703704
19.0,20,0.375,0.0,0.0,960,0,0,0,50000,50000,4,345370.3703703704
20.0,17,0.20809248554913296,0.10404624277456648,0.0,865,0,0,0,50000,50000,4,345370.3703703704
18.0,21,0.0,0.0,0.0,1046,0,0,0,25000,25000,4,345370.3703703704
