match_id,competition,season,home_team,away_team,home_score,away_score,home_shots,away_shots,home_passes,away_passes,home_xg_raw,away_xg_raw,total_goals,outcome,possession,home_attack,home_defense,home_midfield,home_form,home_avg_goals,home_avg_conceded,away_attack,away_defense,away_midfield,away_form,away_avg_goals,away_avg_conceded,exp_home_goals,exp_away_goals
3895302,Germany - 1. Bundesliga,2023/2024,Bayer Leverkusen,Werder Bremen,5,0,20,7,651,521,3.004243277,0.683732782,5,0,55.5,75,74,75,65,1.5,1.5,75,74,75,65,1.5,1.5,1.5,1.5
3895292,Germany - 1. Bundesliga,2023/2024,Union Berlin,Bayer Leverkusen,0,1,9,20,372,708,0.5450826365,2.5635430059999997,1,2,34.4,75,74,75,65,1.5,1.5,75,74,75,65,1.5,1.5,1.5,1.5
3895333,Germany - 1. Bundesliga,2023/2024,Eintracht Frankfurt,Bayer Leverkusen,1,5,17,9,566,441,1.4415343669999998,2.585808739,6,2,56.2,75,74,75,65,1.5,1.5,75,74,75,65,1.5,1.5,1.5,1.5
3895340,Germany - 1. Bundesliga,2023/2024,Bochum,Bayer Leverkusen,0,5,3,29,311,645,0.314100486,4.301661423,5,2,32.5,75,74,75,65,1.5,1.5,75,74,75,65,1.5,1.5,1.5,1.5
3895348,Germany - 1. Bundesliga,2023/2024,Bayer Leverkusen,Augsburg,2,1,20,10,771,417,2.1649204039999996,0.780331769,3,0,64.9,75,74,75,65,1.5,1.5,75,74,75,65,1.5,1.5,1.5,1.5
3895286,Germany - 1. Bundesliga,2023/2024,Bayer Leverkusen,Hoffenheim,2,1,34,6,785,369,2.7699830179999996,0.6492178610000001,3,0,68.0,75,74,75,65,1.5,1.5,75,74,75,65,1.5,1.5,1.5,1.5
3895220,Germany - 1. Bundesliga,2023/2024,Darmstadt 98,Bayer Leverkusen,0,2,8,20,391,803,0.7708953119999999,1.9519170070000003,2,2,32.7,75,74,75,65,1.5,1.5,75,74,75,65,1.5,1.5,1.5,1.5
3895250,Germany - 1. Bundesliga,2023/2024,Bayer Leverkusen,FSV Mainz 05,2,1,17,13,723,364,1.1127182105,1.141172176,3,0,66.5,75,74,75,65,1.5,1.5,75,74,75,65,1.5,1.5,1.5,1.5
3895266,Germany - 1. Bundesliga,2023/2024,Bayer Leverkusen,Wolfsburg,2,0,19,3,940,300,1.7859470585000001,0.226787301,2,0,75.8,75,74,75,65,1.5,1.5,75,74,75,65,1.5,1.5,1.5,1.5
3895275,Germany - 1. Bundesliga,2023/2024,Freiburg,Bayer Leverkusen,2,3,11,19,373,764,0.930620068,2.5961762579999994,5,2,32.8,75,74,75,65,1.5,1.5,75,74,75,65,1.5,1.5,1.5,1.5
3895180,Germany - 1. Bundesliga,2023/2024,Bayer Leverkusen,Eintracht Frankfurt,3,0,14,4,779,494,2.7532404139999995,0.184912791,3,0,61.2,75,74,75,65,1.5,1.5,75,74,75,65,1.5,1.5,1.5,1.5
3895134,Germany - 1. Bundesliga,2023/2024,Hoffenheim,Bayer Leverkusen,2,3,12,10,540,588,1.483510532,1.274476137,5,2,47.9,75,74,75,65,1.5,1.5,75,74,75,65,1.5,1.5,1.5,1.5
3895121,Germany - 1. Bundesliga,2023/2024,Bayer Leverkusen,Freiburg,2,1,18,10,752,329,1.4253422826,0.7682742250000001,3,0,69.6,75,74,75,65,1.5,1.5,75,74,75,65,1.5,1.5,1.5,1.5
3895107,Germany - 1. Bundesliga,2023/2024,Bayer Leverkusen,FC Köln,3,0,23,7,775,436,2.9421685534,1.190464235,3,0,64.0,75,74,75,65,1.5,1.5,75,74,75,65,1.5,1.5,1.5,1.5
3895074,Germany - 1. Bundesliga,2023/2024,Bayern Munich,Bayer Leverkusen,2,2,16,13,637,603,2.209524405,2.218056773,4,1,51.4,90,84,87,81,2.7,0.9,75,74,75,65,1.5,1.5,2.1,1.2
3895139,Germany - 1. Bundesliga,2023/2024,Bayer Leverkusen,Union Berlin,4,0,18,2,855,402,1.883218353,0.038901003,4,0,68.0,75,74,75,65,1.5,1.5,75,74,75,65,1.5,1.5,1.5,1.5
3895086,Germany - 1. Bundesliga,2023/2024,Bayer Leverkusen,FC Heidenheim,4,1,21,2,873,364,3.7083720540000003,0.32678839,5,0,70.6,75,74,75,65,1.5,1.5,75,74,75,65,1.5,1.5,1.5,1.5
3895320,Germany - 1. Bundesliga,2023/2024,Bayer Leverkusen,VfB Stuttgart,2,2,14,11,530,546,1.652524151,1.799442311,4,1,49.3,75,74,75,65,1.5,1.5,75,74,75,65,1.5,1.5,1.5,1.5
3895309,Germany - 1. Bundesliga,2023/2024,Borussia Dortmund,Bayer Leverkusen,1,1,8,13,520,564,0.5548352160000001,1.3641123442,2,1,48.0,83,78,82,72,2.1,1.2,75,74,75,65,1.5,1.5,1.8,1.35
3895258,Germany - 1. Bundesliga,2023/2024,FC Köln,Bayer Leverkusen,0,2,6,17,257,874,0.68641333,1.2933706569999999,2,2,22.7,75,74,75,65,1.5,1.5,75,74,75,65,1.5,1.5,1.5,1.5
3895244,Germany - 1. Bundesliga,2023/2024,FC Heidenheim,Bayer Leverkusen,1,2,6,18,422,662,0.45726218399999996,1.8190613249999998,3,2,38.9,75,74,75,65,1.5,1.5,75,74,75,65,1.5,1.5,1.5,1.5
3895232,Germany - 1. Bundesliga,2023/2024,Bayer Leverkusen,Bayern Munich,3,0,14,9,453,713,1.033846879,0.618117409,3,0,38.9,75,74,75,65,1.5,1.5,90,84,87,81,2.7,0.9,1.2,2.1
3895210,Germany - 1. Bundesliga,2023/2024,Bayer Leverkusen,Borussia Mönchengladbach,0,0,28,4,1002,344,2.5612615059999997,0.18367480600000002,0,1,74.4,75,74,75,65,1.5,1.5,75,74,75,65,1.5,1.5,1.5,1.5
3895202,Germany - 1. Bundesliga,2023/2024,RB Leipzig,Bayer Leverkusen,2,3,10,18,455,675,1.086765495,1.8806014,5,2,40.3,75,74,75,65,1.5,1.5,75,74,75,65,1.5,1.5,1.5,1.5
3895194,Germany - 1. Bundesliga,2023/2024,Augsburg,Bayer Leverkusen,0,1,4,25,280,852,0.315864105,1.5755370919999998,1,2,24.7,75,74,75,65,1.5,1.5,75,74,75,65,1.5,1.5,1.5,1.5
3895182,Germany - 1. Bundesliga,2023/2024,Bayer Leverkusen,Bochum,4,0,16,6,786,351,3.400805163,0.28767202399999997,4,0,69.1,75,74,75,65,1.5,1.5,75,74,75,65,1.5,1.5,1.5,1.5
3895167,Germany - 1. Bundesliga,2023/2024,VfB Stuttgart,Bayer Leverkusen,1,1,22,19,608,564,2.4035395946,1.532379643,2,1,51.9,75,74,75,65,1.5,1.5,75,74,75,65,1.5,1.5,1.5,1.5
3895158,Germany - 1. Bundesliga,2023/2024,Bayer Leverkusen,Borussia Dortmund,1,1,24,6,727,339,2.144726791,0.8077303975999999,2,1,68.2,75,74,75,65,1.5,1.5,83,78,82,72,2.1,1.2,1.35,1.8
3895153,Germany - 1. Bundesliga,2023/2024,Werder Bremen,Bayer Leverkusen,0,3,2,14,537,772,0.185946346,1.0910592730000002,3,2,41.0,75,74,75,65,1.5,1.5,75,74,75,65,1.5,1.5,1.5,1.5
3895113,Germany - 1. Bundesliga,2023/2024,Wolfsburg,Bayer Leverkusen,1,2,18,13,473,654,1.1983493379999999,1.9626719169999998,3,2,42.0,75,74,75,65,1.5,1.5,75,74,75,65,1.5,1.5,1.5,1.5
3895095,Germany - 1. Bundesliga,2023/2024,FSV Mainz 05,Bayer Leverkusen,0,3,10,6,527,635,0.43526502400000006,0.7936648450000001,3,2,45.4,75,74,75,65,1.5,1.5,75,74,75,65,1.5,1.5,1.5,1.5
3895067,Germany - 1. Bundesliga,2023/2024,Bayer Leverkusen,Darmstadt 98,5,1,25,5,820,310,3.304641177,0.5792024480000001,6,0,72.6,75,74,75,65,1.5,1.5,75,74,75,65,1.5,1.5,1.5,1.5
3895060,Germany - 1. Bundesliga,2023/2024,Borussia Mönchengladbach,Bayer Leverkusen,0,3,12,24,502,737,0.7992645627,2.719870674,3,2,40.5,75,74,75,65,1.5,1.5,75,74,75,65,1.5,1.5,1.5,1.5
3895052,Germany - 1. Bundesliga,2023/2024,Bayer Leverkusen,RB Leipzig,3,2,11,14,481,600,1.5233641669999998,1.7221100679999999,5,0,44.5,75,74,75,65,1.5,1.5,75,74,75,65,1.5,1.5,1.5,1.5
3890561,Germany - 1. Bundesliga,2015/2016,Hoffenheim,Schalke 04,1,4,13,12,506,590,1.1688748136999998,1.605703526,5,2,46.2,75,74,75,65,1.5,1.5,75,74,75,65,1.5,1.5,1.5,1.5
3890505,Germany - 1. Bundesliga,2015/2016,Bayern Munich,Eintracht Frankfurt,1,0,20,4,698,316,1.8376637529999997,0.121696462,1,0,68.8,90,84,87,81,2.7,0.9,75,74,75,65,1.5,1.5,2.1,1.2
3890511,Germany - 1. Bundesliga,2015/2016,Hertha Berlin,Hannover 96,2,2,12,12,606,342,1.4961902960000002,0.8005099840000001,4,1,63.9,75,74,75,65,1.5,1.5,75,74,75,65,1.5,1.5,1.5,1.5
3890515,Germany - 1. Bundesliga,2015/2016,Hamburger SV,Darmstadt 98,1,2,10,9,620,280,0.7958294223000001,0.833502029,3,2,68.9,75,74,75,65,1.5,1.5,75,74,75,65,1.5,1.5,1.5,1.5
3890411,Germany - 1. Bundesliga,2015/2016,Hertha Berlin,FSV Mainz 05,2,0,7,5,638,419,1.399013439,0.21639449800000002,2,0,60.4,75,74,75,65,1.5,1.5,75,74,75,65,1.5,1.5,1.5,1.5
3890397,Germany - 1. Bundesliga,2015/2016,Hoffenheim,Hannover 96,1,0,14,19,405,499,1.3787730426,1.456773231,1,0,44.8,75,74,75,65,1.5,1.5,75,74,75,65,1.5,1.5,1.5,1.5
3890401,Germany - 1. Bundesliga,2015/2016,Borussia Dortmund,Eintracht Frankfurt,4,1,24,3,894,278,5.312835326,0.185625018,5,0,76.3,83,78,82,72,2.1,1.2,75,74,75,65,1.5,1.5,1.8,1.35
3890396,Germany - 1. Bundesliga,2015/2016,Wolfsburg,Hamburger SV,1,1,20,5,610,371,1.7809960454999998,0.48342219880000004,2,1,62.2,75,74,75,65,1.5,1.5,75,74,75,65,1.5,1.5,1.5,1.5
3890384,Germany - 1. Bundesliga,2015/2016,Borussia Dortmund,VfB Stuttgart,4,1,14,8,758,323,1.816692262,0.968795345,5,0,70.1,83,78,82,72,2.1,1.2,75,74,75,65,1.5,1.5,1.8,1.35
3890385,Germany - 1. Bundesliga,2015/2016,Schalke 04,Hannover 96,3,1,26,7,491,394,2.7707727579999997,0.4424688625,4,0,55.5,75,74,75,65,1.5,1.5,75,74,75,65,1.5,1.5,1.5,1.5
3890282,Germany - 1. Bundesliga,2015/2016,FSV Mainz 05,Hannover 96,3,0,18,11,436,475,3.88205889,0.7832515040000001,3,0,47.9,75,74,75,65,1.5,1.5,75,74,75,65,1.5,1.5,1.5,1.5
3890287,Germany - 1. Bundesliga,2015/2016,Bayern Munich,Augsburg,2,1,27,3,835,224,3.8242880631,0.157899712,3,0,78.8,90,84,87,81,2.7,0.9,75,74,75,65,1.5,1.5,2.1,1.2
3890269,Germany - 1. Bundesliga,2015/2016,Hamburger SV,VfB Stuttgart,3,2,14,11,484,366,1.411376016,1.7755391123,5,0,56.9,75,74,75,65,1.5,1.5,75,74,75,65,1.5,1.5,1.5,1.5
3890268,Germany - 1. Bundesliga,2015/2016,Hertha Berlin,Werder Bremen,1,1,10,9,502,438,0.874965831,0.82974801,2,1,53.4,75,74,75,65,1.5,1.5,75,74,75,65,1.5,1.5,1.5,1.5
3890402,Germany - 1. Bundesliga,2015/2016,Augsburg,Schalke 04,2,1,22,15,379,511,1.0337153909999999,1.2225421349999999,3,0,42.6,75,74,75,65,1.5,1.5,75,74,75,65,1.5,1.5,1.5,1.5
3890564,Germany - 1. Bundesliga,2015/2016,Augsburg,Hamburger SV,1,3,12,14,480,437,1.40499571,1.7949810039999998,4,2,52.3,75,74,75,65,1.5,1.5,75,74,75,65,1.5,1.5,1.5,1.5
3890563,Germany - 1. Bundesliga,2015/2016,Bayer Leverkusen,Ingolstadt,3,2,10,21,345,438,3.4965765648000002,3.2418109805000004,5,0,44.1,75,74,75,65,1.5,1.5,75,74,75,65,1.5,1.5,1.5,1.5
3890562,Germany - 1. Bundesliga,2015/2016,Borussia Dortmund,FC Köln,2,2,13,6,977,213,1.224463485,1.308468257,4,1,82.1,83,78,82,72,2.1,1.2,75,74,75,65,1.5,1.5,1.8,1.35
3890560,Germany - 1. Bundesliga,2015/2016,Darmstadt 98,Borussia Mönchengladbach,0,2,9,22,326,728,0.6706238409999999,1.6780261755,2,2,30.9,75,74,75,65,1.5,1.5,75,74,75,65,1.5,1.5,1.5,1.5
3890559,Germany - 1. Bundesliga,2015/2016,Bayern Munich,Hannover 96,3,1,20,20,664,352,2.421191398,1.7460605365999997,4,0,65.4,90,84,87,81,2.7,0.9,75,74,75,65,1.5,1.5,2.1,1.2
3890558,Germany - 1. Bundesliga,2015/2016,FSV Mainz 05,Hertha Berlin,0,0,7,11,348,615,1.064920681,0.847503751,0,1,36.1,75,74,75,65,1.5,1.5,75,74,75,65,1.5,1.5,1.5,1.5
3890557,Germany - 1. Bundesliga,2015/2016,Werder Bremen,Eintracht Frankfurt,1,0,16,4,560,305,1.6842142226,0.1681919166,1,0,64.7,75,74,75,65,1.5,1.5,75,74,75,65,1.5,1.5,1.5,1.5
3890556,Germany - 1. Bundesliga,2015/2016,Wolfsburg,VfB Stuttgart,3,1,17,13,567,490,2.2466789147,0.915592377,4,0,53.6,75,74,75,65,1.5,1.5,75,74,75,65,1.5,1.5,1.5,1.5
3890555,Germany - 1. Bundesliga,2015/2016,Hertha Berlin,Darmstadt 98,1,2,17,8,708,226,1.1099404145999998,1.0361670945,3,2,75.8,75,74,75,65,1.5,1.5,75,74,75,65,1.5,1.5,1.5,1.5
3890554,Germany - 1. Bundesliga,2015/2016,FC Köln,Werder Bremen,0,0,9,13,494,365,0.732007374,0.716943899,0,1,57.5,75,74,75,65,1.5,1.5,75,74,75,65,1.5,1.5,1.5,1.5
3890553,Germany - 1. Bundesliga,2015/2016,Eintracht Frankfurt,Borussia Dortmund,1,0,6,13,172,826,0.401769447,1.1912590395000002,1,0,17.2,75,74,75,65,1.5,1.5,83,78,82,72,2.1,1.2,1.35,1.8
3890552,Germany - 1. Bundesliga,2015/2016,VfB Stuttgart,FSV Mainz 05,1,3,7,19,419,380,0.637846558,3.7913009200000003,4,2,52.4,75,74,75,65,1.5,1.5,75,74,75,65,1.5,1.5,1.5,1.5
3890551,Germany - 1. Bundesliga,2015/2016,Hamburger SV,Wolfsburg,0,1,5,12,387,470,0.42770333299999996,1.5161863307999999,1,2,45.2,75,74,75,65,1.5,1.5,75,74,75,65,1.5,1.5,1.5,1.5
3890550,Germany - 1. Bundesliga,2015/2016,Borussia Mönchengladbach,Bayer Leverkusen,2,1,14,16,586,405,0.8709105839999999,2.0131110667000005,3,0,59.1,75,74,75,65,1.5,1.5,75,74,75,65,1.5,1.5,1.5,1.5
3890549,Germany - 1. Bundesliga,2015/2016,Schalke 04,Augsburg,1,1,20,5,589,284,1.777583797,0.3758453006,2,1,67.5,75,74,75,65,1.5,1.5,75,74,75,65,1.5,1.5,1.5,1.5
3890548,Germany - 1. Bundesliga,2015/2016,Ingolstadt,Bayern Munich,1,2,17,12,355,491,2.499539788,1.6419081395000001,3,2,42.0,75,74,75,65,1.5,1.5,90,84,87,81,2.7,0.9,1.2,2.1
3890547,Germany - 1. Bundesliga,2015/2016,Hannover 96,Hoffenheim,1,0,14,16,426,526,0.4388361097,1.599174522,1,0,44.7,75,74,75,65,1.5,1.5,75,74,75,65,1.5,1.5,1.5,1.5
3890546,Germany - 1. Bundesliga,2015/2016,Werder Bremen,VfB Stuttgart,6,2,16,12,368,527,2.7567737424,1.024636154,8,0,41.1,75,74,75,65,1.5,1.5,75,74,75,65,1.5,1.5,1.5,1.5
3890545,Germany - 1. Bundesliga,2015/2016,FSV Mainz 05,Hamburger SV,0,0,12,7,473,374,0.906745919,0.47657353100000005,0,1,55.8,75,74,75,65,1.5,1.5,75,74,75,65,1.5,1.5,1.5,1.5
3890544,Germany - 1. Bundesliga,2015/2016,Hoffenheim,Ingolstadt,2,1,10,15,427,377,1.8430487489999998,1.8401448344999998,3,0,53.1,75,74,75,65,1.5,1.5,75,74,75,65,1.5,1.5,1.5,1.5
3890543,Germany - 1. Bundesliga,2015/2016,Hannover 96,Schalke 04,1,3,21,10,419,451,2.1939584470000004,2.538639329,4,2,48.2,75,74,75,65,1.5,1.5,75,74,75,65,1.5,1.5,1.5,1.5
3890542,Germany - 1. Bundesliga,2015/2016,Borussia Dortmund,Wolfsburg,5,1,19,7,675,392,2.6427036630000003,0.820585369,6,0,63.3,83,78,82,72,2.1,1.2,75,74,75,65,1.5,1.5,1.8,1.35
3890541,Germany - 1. Bundesliga,2015/2016,Bayern Munich,Borussia Mönchengladbach,1,1,8,8,631,497,0.26676514100000004,0.626722924,2,1,55.9,90,84,87,81,2.7,0.9,75,74,75,65,1.5,1.5,2.1,1.2
3890540,Germany - 1. Bundesliga,2015/2016,Bayer Leverkusen,Hertha Berlin,2,1,19,8,505,454,1.710586608,0.49794047399999997,3,0,52.7,75,74,75,65,1.5,1.5,75,74,75,65,1.5,1.5,1.5,1.5
3890539,Germany - 1. Bundesliga,2015/2016,Darmstadt 98,Eintracht Frankfurt,1,2,10,12,281,479,1.360068922,0.823806276,3,2,37.0,75,74,75,65,1.5,1.5,75,74,75,65,1.5,1.5,1.5,1.5
3890538,Germany - 1. Bundesliga,2015/2016,Augsburg,FC Köln,0,0,13,8,599,365,1.196971168,0.18071852160000001,0,1,62.1,75,74,75,65,1.5,1.5,75,74,75,65,1.5,1.5,1.5,1.5
3890537,Germany - 1. Bundesliga,2015/2016,Eintracht Frankfurt,FSV Mainz 05,2,1,8,8,454,363,1.112391386,0.6636268009999999,3,0,55.6,75,74,75,65,1.5,1.5,75,74,75,65,1.5,1.5,1.5,1.5
3890536,Germany - 1. Bundesliga,2015/2016,Borussia Mönchengladbach,Hoffenheim,3,1,24,14,606,463,3.0398398049999997,2.7566951410000007,4,0,56.7,75,74,75,65,1.5,1.5,75,74,75,65,1.5,1.5,1.5,1.5
3890535,Germany - 1. Bundesliga,2015/2016,Wolfsburg,Augsburg,0,2,19,8,776,311,1.167257349,1.3741928739999998,2,2,71.4,75,74,75,65,1.5,1.5,75,74,75,65,1.5,1.5,1.5,1.5
3890534,Germany - 1. Bundesliga,2015/2016,Schalke 04,Bayer Leverkusen,2,3,20,17,565,425,2.6342572890000002,1.631818309,5,2,57.1,75,74,75,65,1.5,1.5,75,74,75,65,1.5,1.5,1.5,1.5
3890533,Germany - 1. Bundesliga,2015/2016,Hertha Berlin,Bayern Munich,0,2,8,6,290,826,0.346317439,0.33838172299999997,2,2,26.0,75,74,75,65,1.5,1.5,90,84,87,81,2.7,0.9,1.2,2.1
3890532,Germany - 1. Bundesliga,2015/2016,Ingolstadt,Hannover 96,2,2,9,13,295,562,0.732632252,0.9216060189999999,4,1,34.4,75,74,75,65,1.5,1.5,75,74,75,65,1.5,1.5,1.5,1.5
3890531,Germany - 1. Bundesliga,2015/2016,FC Köln,Darmstadt 98,4,1,15,15,491,325,2.6873814176999997,0.6730902932999999,5,0,60.2,75,74,75,65,1.5,1.5,75,74,75,65,1.5,1.5,1.5,1.5
3890530,Germany - 1. Bundesliga,2015/2016,VfB Stuttgart,Borussia Dortmund,0,3,8,15,515,596,0.5010954004,3.230173912,3,2,46.4,75,74,75,65,1.5,1.5,83,78,82,72,2.1,1.2,1.35,1.8
3890529,Germany - 1. Bundesliga,2015/2016,Hamburger SV,Werder Bremen,2,1,12,21,400,494,1.6008545476,2.7323496879999993,3,0,44.7,75,74,75,65,1.5,1.5,75,74,75,65,1.5,1.5,1.5,1.5
3890528,Germany - 1. Bundesliga,2015/2016,Borussia Dortmund,Hamburger SV,3,0,14,5,800,317,1.8450969080000004,0.409784034,3,0,71.6,83,78,82,72,2.1,1.2,75,74,75,65,1.5,1.5,1.8,1.35
3890527,Germany - 1. Bundesliga,2015/2016,FSV Mainz 05,FC Köln,2,3,18,12,449,484,1.3619373959999999,1.239822617,5,2,48.1,75,74,75,65,1.5,1.5,75,74,75,65,1.5,1.5,1.5,1.5
3890526,Germany - 1. Bundesliga,2015/2016,Bayern Munich,Schalke 04,3,0,14,7,802,410,1.1368181659999999,0.4457089040000001,3,0,66.2,90,84,87,81,2.7,0.9,75,74,75,65,1.5,1.5,2.1,1.2
3890525,Germany - 1. Bundesliga,2015/2016,Darmstadt 98,Ingolstadt,2,0,6,7,251,466,1.2737191700000001,0.6562168955000001,2,0,35.0,75,74,75,65,1.5,1.5,75,74,75,65,1.5,1.5,1.5,1.5
3890524,Germany - 1. Bundesliga,2015/2016,Hoffenheim,Hertha Berlin,2,1,17,10,559,479,1.3354562533,1.4067066320000001,3,0,53.9,75,74,75,65,1.5,1.5,75,74,75,65,1.5,1.5,1.5,1.5
3890523,Germany - 1. Bundesliga,2015/2016,Werder Bremen,Wolfsburg,3,2,21,8,379,505,3.9076326950000007,0.6421666185,5,0,42.9,75,74,75,65,1.5,1.5,75,74,75,65,1.5,1.5,1.5,1.5
3890522,Germany - 1. Bundesliga,2015/2016,Augsburg,VfB Stuttgart,1,0,12,10,414,426,1.673274452,0.42270761949999996,1,0,49.3,75,74,75,65,1.5,1.5,75,74,75,65,1.5,1.5,1.5,1.5
3890521,Germany - 1. Bundesliga,2015/2016,Bayer Leverkusen,Eintracht Frankfurt,3,0,12,10,526,336,1.106188017,1.0195333039999999,3,0,61.0,75,74,75,65,1.5,1.5,75,74,75,65,1.5,1.5,1.5,1.5
3890520,Germany - 1. Bundesliga,2015/2016,Hannover 96,Borussia Mönchengladbach,2,0,12,8,418,582,1.7330621800000001,0.716077522,2,0,41.8,75,74,75,65,1.5,1.5,75,74,75,65,1.5,1.5,1.5,1.5
3890519,Germany - 1. Bundesliga,2015/2016,FC Köln,Bayer Leverkusen,0,2,17,12,548,501,0.8359122777000001,0.9316171873,2,2,52.2,75,74,75,65,1.5,1.5,75,74,75,65,1.5,1.5,1.5,1.5
3890518,Germany - 1. Bundesliga,2015/2016,Schalke 04,Borussia Dortmund,2,2,10,15,430,412,1.1805544085,1.5151101130000002,4,1,51.1,75,74,75,65,1.5,1.5,83,78,82,72,2.1,1.2,1.35,1.8
3890517,Germany - 1. Bundesliga,2015/2016,Ingolstadt,Borussia Mönchengladbach,1,0,13,5,459,391,1.7983400440000001,0.3222938945,1,0,54.0,75,74,75,65,1.5,1.5,75,74,75,65,1.5,1.5,1.5,1.5
3890516,Germany - 1. Bundesliga,2015/2016,VfB Stuttgart,Bayern Munich,1,3,9,13,247,828,0.974389534,0.7113153135,4,2,23.0,75,74,75,65,1.5,1.5,90,84,87,81,2.7,0.9,1.2,2.1
3890514,Germany - 1. Bundesliga,2015/2016,Werder Bremen,Augsburg,1,2,18,4,474,347,0.977070616,0.5714434669999999,3,2,57.7,75,74,75,65,1.5,1.5,75,74,75,65,1.5,1.5,1.5,1.5
3890513,Germany - 1. Bundesliga,2015/2016,Wolfsburg,FSV Mainz 05,1,1,16,16,469,458,1.061310138,1.83109741,2,1,50.6,75,74,75,65,1.5,1.5,75,74,75,65,1.5,1.5,1.5,1.5
3890512,Germany - 1. Bundesliga,2015/2016,Eintracht Frankfurt,Hoffenheim,0,2,10,7,426,379,0.610633009,1.26470781,2,2,52.9,75,74,75,65,1.5,1.5,75,74,75,65,1.5,1.5,1.5,1.5
3890510,Germany - 1. Bundesliga,2015/2016,Borussia Mönchengladbach,Hertha Berlin,5,0,17,7,540,498,2.45862917,0.739373824,5,0,52.0,75,74,75,65,1.5,1.5,75,74,75,65,1.5,1.5,1.5,1.5
3890509,Germany - 1. Bundesliga,2015/2016,Hoffenheim,FC Köln,1,1,15,8,593,495,1.3699727259999999,0.871820697,2,1,54.5,75,74,75,65,1.5,1.5,75,74,75,65,1.5,1.5,1.5,1.5
3890508,Germany - 1. Bundesliga,2015/2016,Ingolstadt,Schalke 04,3,0,12,9,368,507,1.6742844915000001,0.9837626012999999,3,0,42.1,75,74,75,65,1.5,1.5,75,74,75,65,1.5,1.5,1.5,1.5
3890507,Germany - 1. Bundesliga,2015/2016,Borussia Dortmund,Werder Bremen,3,2,24,7,737,313,2.772864835,0.5124201935,5,0,70.2,83,78,82,72,2.1,1.2,75,74,75,65,1.5,1.5,1.8,1.35
3890506,Germany - 1. Bundesliga,2015/2016,Darmstadt 98,VfB Stuttgart,2,2,15,9,260,383,2.2884486369999997,0.891014128,4,1,40.4,75,74,75,65,1.5,1.5,75,74,75,65,1.5,1.5,1.5,1.5
3890504,Germany - 1. Bundesliga,2015/2016,Hannover 96,Hamburger SV,0,3,16,9,517,434,1.245220073,1.7687808280000001,3,2,54.4,75,74,75,65,1.5,1.5,75,74,75,65,1.5,1.5,1.5,1.5
3890503,Germany - 1. Bundesliga,2015/2016,FSV Mainz 05,Augsburg,4,2,18,14,436,442,3.5347690189999996,0.624416336,6,0,49.7,75,74,75,65,1.5,1.5,75,74,75,65,1.5,1.5,1.5,1.5
3890502,Germany - 1. Bundesliga,2015/2016,Bayer Leverkusen,Wolfsburg,3,0,12,10,438,515,0.7493691390000001,0.889642625,3,0,46.0,75,74,75,65,1.5,1.5,75,74,75,65,1.5,1.5,1.5,1.5
3890501,Germany - 1. Bundesliga,2015/2016,Augsburg,Borussia Dortmund,1,3,7,13,313,950,1.407555056,1.588013701,4,2,24.8,75,74,75,65,1.5,1.5,83,78,82,72,2.1,1.2,1.35,1.8
3890500,Germany - 1. Bundesliga,2015/2016,VfB Stuttgart,Bayer Leverkusen,0,2,13,15,497,411,0.9012751960000001,2.1270926130000003,2,2,54.7,75,74,75,65,1.5,1.5,75,74,75,65,1.5,1.5,1.5,1.5
3890499,Germany - 1. Bundesliga,2015/2016,Hamburger SV,Hoffenheim,1,3,24,14,560,349,2.5997063639999998,1.8950392324999998,4,2,61.6,75,74,75,65,1.5,1.5,75,74,75,65,1.5,1.5,1.5,1.5
3890498,Germany - 1. Bundesliga,2015/2016,Wolfsburg,Darmstadt 98,1,1,19,11,725,243,1.2683810370000002,1.2822282350000003,2,1,74.9,75,74,75,65,1.5,1.5,75,74,75,65,1.5,1.5,1.5,1.5
3890497,Germany - 1. Bundesliga,2015/2016,Eintracht Frankfurt,Hannover 96,1,0,10,7,527,400,1.481242561,0.359659137,1,0,56.9,75,74,75,65,1.5,1.5,75,74,75,65,1.5,1.5,1.5,1.5
3890496,Germany - 1. Bundesliga,2015/2016,Hertha Berlin,Ingolstadt,2,1,7,9,542,461,0.9330038445,0.776075681,3,0,54.0,75,74,75,65,1.5,1.5,75,74,75,65,1.5,1.5,1.5,1.5
3890495,Germany - 1. Bundesliga,2015/2016,FC Köln,Bayern Munich,0,1,6,6,280,888,0.4293660595,0.489157062,1,2,24.0,75,74,75,65,1.5,1.5,90,84,87,81,2.7,0.9,1.2,2.1
3890494,Germany - 1. Bundesliga,2015/2016,Werder Bremen,FSV Mainz 05,1,1,10,8,456,536,1.2595282780000001,0.8265275240000001,2,1,46.0,75,74,75,65,1.5,1.5,75,74,75,65,1.5,1.5,1.5,1.5
3890493,Germany - 1. Bundesliga,2015/2016,Schalke 04,Borussia Mönchengladbach,2,1,6,22,433,714,0.22748701600000004,2.683801602,3,0,37.8,75,74,75,65,1.5,1.5,75,74,75,65,1.5,1.5,1.5,1.5
3890492,Germany - 1. Bundesliga,2015/2016,Bayer Leverkusen,Hamburger SV,1,0,13,10,371,424,1.1164172584,1.283962289,1,0,46.7,75,74,75,65,1.5,1.5,75,74,75,65,1.5,1.5,1.5,1.5
3890491,Germany - 1. Bundesliga,2015/2016,Borussia Dortmund,FSV Mainz 05,2,0,22,4,741,386,3.958714703,0.1466802063,2,0,65.7,83,78,82,72,2.1,1.2,75,74,75,65,1.5,1.5,1.8,1.35
3890490,Germany - 1. Bundesliga,2015/2016,Hannover 96,FC Köln,0,2,17,11,659,427,0.8387661405999999,1.052292939,2,2,60.7,75,74,75,65,1.5,1.5,75,74,75,65,1.5,1.5,1.5,1.5
3890489,Germany - 1. Bundesliga,2015/2016,Bayern Munich,Werder Bremen,5,0,20,2,991,221,1.817325858,0.104096997,5,0,81.8,90,84,87,81,2.7,0.9,75,74,75,65,1.5,1.5,2.1,1.2
3890488,Germany - 1. Bundesliga,2015/2016,Borussia Mönchengladbach,Eintracht Frankfurt,3,0,16,4,744,427,1.5119711815,0.145629654,3,0,63.5,75,74,75,65,1.5,1.5,75,74,75,65,1.5,1.5,1.5,1.5
3890487,Germany - 1. Bundesliga,2015/2016,Darmstadt 98,Augsburg,2,2,11,16,276,505,1.24229091,1.352478891,4,1,35.3,75,74,75,65,1.5,1.5,75,74,75,65,1.5,1.5,1.5,1.5
3890486,Germany - 1. Bundesliga,2015/2016,Hoffenheim,Wolfsburg,1,0,10,15,393,698,1.1995820799999999,0.5780817361999999,1,0,36.0,75,74,75,65,1.5,1.5,75,74,75,65,1.5,1.5,1.5,1.5
3890485,Germany - 1. Bundesliga,2015/2016,Ingolstadt,VfB Stuttgart,3,3,22,15,350,396,1.611316555,2.8000045773,6,1,46.9,75,74,75,65,1.5,1.5,75,74,75,65,1.5,1.5,1.5,1.5
3890484,Germany - 1. Bundesliga,2015/2016,Hertha Berlin,Schalke 04,2,0,17,16,460,536,1.555961233,1.3466242089999998,2,0,46.2,75,74,75,65,1.5,1.5,75,74,75,65,1.5,1.5,1.5,1.5
3890483,Germany - 1. Bundesliga,2015/2016,Hamburger SV,Hertha Berlin,2,0,15,3,591,444,1.016612867,0.25555180099999997,2,0,57.1,75,74,75,65,1.5,1.5,75,74,75,65,1.5,1.5,1.5,1.5
3890482,Germany - 1. Bundesliga,2015/2016,FSV Mainz 05,Darmstadt 98,0,0,11,15,509,311,1.0493091460000001,0.840026658,0,1,62.1,75,74,75,65,1.5,1.5,75,74,75,65,1.5,1.5,1.5,1.5
3890481,Germany - 1. Bundesliga,2015/2016,Borussia Dortmund,Bayern Munich,0,0,11,17,451,730,0.8115406640000001,1.6732908446,0,1,38.2,83,78,82,72,2.1,1.2,90,84,87,81,2.7,0.9,1.5,1.95
3890480,Germany - 1. Bundesliga,2015/2016,FC Köln,Schalke 04,1,3,16,17,485,547,1.81392873,1.995408489,4,2,47.0,75,74,75,65,1.5,1.5,75,74,75,65,1.5,1.5,1.5,1.5
3890479,Germany - 1. Bundesliga,2015/2016,Eintracht Frankfurt,Ingolstadt,1,1,21,12,577,306,2.4790601527000002,1.980252238,2,1,65.3,75,74,75,65,1.5,1.5,75,74,75,65,1.5,1.5,1.5,1.5
3890478,Germany - 1. Bundesliga,2015/2016,Werder Bremen,Hannover 96,4,1,15,15,413,496,2.307219902,1.535277344,5,0,45.4,75,74,75,65,1.5,1.5,75,74,75,65,1.5,1.5,1.5,1.5
3890477,Germany - 1. Bundesliga,2015/2016,Augsburg,Bayer Leverkusen,3,3,10,20,456,609,1.088797371,1.5692638895000002,6,1,42.8,75,74,75,65,1.5,1.5,75,74,75,65,1.5,1.5,1.5,1.5
3890476,Germany - 1. Bundesliga,2015/2016,VfB Stuttgart,Hoffenheim,5,1,22,13,362,577,2.3537407623,0.9577156455,6,0,38.6,75,74,75,65,1.5,1.5,75,74,75,65,1.5,1.5,1.5,1.5
3890475,Germany - 1. Bundesliga,2015/2016,Wolfsburg,Borussia Mönchengladbach,2,1,11,15,540,683,0.678924059,1.3862952630000003,3,0,44.2,75,74,75,65,1.5,1.5,75,74,75,65,1.5,1.5,1.5,1.5
3890474,Germany - 1. Bundesliga,2015/2016,Bayern Munich,FSV Mainz 05,1,2,17,5,945,267,0.9138403377000001,0.822105539,3,2,78.0,90,84,87,81,2.7,0.9,75,74,75,65,1.5,1.5,2.1,1.2
3890473,Germany - 1. Bundesliga,2015/2016,Schalke 04,Hamburger SV,3,2,26,8,632,312,2.1669389104,0.52462178,5,0,66.9,75,74,75,65,1.5,1.5,75,74,75,65,1.5,1.5,1.5,1.5
3890472,Germany - 1. Bundesliga,2015/2016,Bayer Leverkusen,Werder Bremen,1,4,16,11,555,327,0.7845957530000001,1.8090304264999997,5,2,62.9,75,74,75,65,1.5,1.5,75,74,75,65,1.5,1.5,1.5,1.5
3890471,Germany - 1. Bundesliga,2015/2016,Borussia Mönchengladbach,VfB Stuttgart,4,0,14,7,596,459,2.4388732237,0.41135219999999995,4,0,56.5,75,74,75,65,1.5,1.5,75,74,75,65,1.5,1.5,1.5,1.5
3890470,Germany - 1. Bundesliga,2015/2016,Hertha Berlin,Eintracht Frankfurt,2,0,12,11,493,509,1.500296063,0.36756000640000003,2,0,49.2,75,74,75,65,1.5,1.5,75,74,75,65,1.5,1.5,1.5,1.5
3890469,Germany - 1. Bundesliga,2015/2016,Hoffenheim,Augsburg,2,1,14,14,518,486,1.6637475039999998,1.71559913,3,0,51.6,75,74,75,65,1.5,1.5,75,74,75,65,1.5,1.5,1.5,1.5
3890468,Germany - 1. Bundesliga,2015/2016,Darmstadt 98,Borussia Dortmund,0,2,5,13,327,685,0.5215533419999999,2.660476681,2,2,32.3,75,74,75,65,1.5,1.5,83,78,82,72,2.1,1.2,1.35,1.8
3890467,Germany - 1. Bundesliga,2015/2016,Ingolstadt,FC Köln,1,1,14,8,487,401,0.8318088699999999,0.763117738,2,1,54.8,75,74,75,65,1.5,1.5,75,74,75,65,1.5,1.5,1.5,1.5
3890466,Germany - 1. Bundesliga,2015/2016,Hannover 96,Wolfsburg,0,4,6,23,476,829,0.44722426860000003,3.5197936480000007,4,2,36.5,75,74,75,65,1.5,1.5,75,74,75,65,1.5,1.5,1.5,1.5
3890465,Germany - 1. Bundesliga,2015/2016,Eintracht Frankfurt,Schalke 04,0,0,11,6,476,550,0.7363226857,0.217166361,0,1,46.4,75,74,75,65,1.5,1.5,75,74,75,65,1.5,1.5,1.5,1.5
3890464,Germany - 1. Bundesliga,2015/2016,Borussia Dortmund,Hoffenheim,3,1,26,9,871,285,2.8029310845000004,0.947075938,4,0,75.3,83,78,82,72,2.1,1.2,75,74,75,65,1.5,1.5,1.8,1.35
3890463,Germany - 1. Bundesliga,2015/2016,FSV Mainz 05,Bayer Leverkusen,3,1,14,12,373,507,2.314230261,0.8494687785999999,4,0,42.4,75,74,75,65,1.5,1.5,75,74,75,65,1.5,1.5,1.5,1.5
3890462,Germany - 1. Bundesliga,2015/2016,Augsburg,Borussia Mönchengladbach,2,2,24,9,533,587,1.6547861739999998,1.7781866149999999,4,1,47.6,75,74,75,65,1.5,1.5,75,74,75,65,1.5,1.5,1.5,1.5
3890461,Germany - 1. Bundesliga,2015/2016,Hamburger SV,Ingolstadt,1,1,7,12,411,409,0.8815344180000001,0.6712652809999999,2,1,50.1,75,74,75,65,1.5,1.5,75,74,75,65,1.5,1.5,1.5,1.5
3890460,Germany - 1. Bundesliga,2015/2016,VfB Stuttgart,Hannover 96,1,2,22,12,583,402,2.8739785389999994,1.362854015,3,2,59.2,75,74,75,65,1.5,1.5,75,74,75,65,1.5,1.5,1.5,1.5
3890459,Germany - 1. Bundesliga,2015/2016,Werder Bremen,Darmstadt 98,2,2,15,8,470,266,1.8587255087000003,1.338580678,4,1,63.9,75,74,75,65,1.5,1.5,75,74,75,65,1.5,1.5,1.5,1.5
3890458,Germany - 1. Bundesliga,2015/2016,Wolfsburg,Bayern Munich,0,2,12,14,371,767,0.9945158940000001,1.0600785209999999,2,2,32.6,75,74,75,65,1.5,1.5,90,84,87,81,2.7,0.9,1.2,2.1
3890457,Germany - 1. Bundesliga,2015/2016,FC Köln,Hertha Berlin,0,1,14,11,445,524,0.8751792319999999,0.8898247589999999,1,2,45.9,75,74,75,65,1.5,1.5,75,74,75,65,1.5,1.5,1.5,1.5
3890456,Germany - 1. Bundesliga,2015/2016,Bayer Leverkusen,Borussia Dortmund,0,1,9,6,462,433,0.6232203735,1.644813587,1,2,51.6,75,74,75,65,1.5,1.5,83,78,82,72,2.1,1.2,1.35,1.8
3890455,Germany - 1. Bundesliga,2015/2016,Schalke 04,VfB Stuttgart,1,1,15,18,393,489,1.318817094,1.9537566802,2,1,44.6,75,74,75,65,1.5,1.5,75,74,75,65,1.5,1.5,1.5,1.5
3890454,Germany - 1. Bundesliga,2015/2016,Hannover 96,Augsburg,0,1,16,11,492,503,0.5866423350000001,0.825534928,1,2,49.4,75,74,75,65,1.5,1.5,75,74,75,65,1.5,1.5,1.5,1.5
3890453,Germany - 1. Bundesliga,2015/2016,Bayern Munich,Darmstadt 98,3,1,35,6,831,216,3.3639945345,0.43731207299999997,4,0,79.4,90,84,87,81,2.7,0.9,75,74,75,65,1.5,1.5,2.1,1.2
3890452,Germany - 1. Bundesliga,2015/2016,Hoffenheim,FSV Mainz 05,3,2,13,13,467,494,1.615278598,1.1606925650000002,5,0,48.6,75,74,75,65,1.5,1.5,75,74,75,65,1.5,1.5,1.5,1.5
3890451,Germany - 1. Bundesliga,2015/2016,Hertha Berlin,Wolfsburg,1,1,9,13,416,458,0.9771944810000001,0.9988436426999999,2,1,47.6,75,74,75,65,1.5,1.5,75,74,75,65,1.5,1.5,1.5,1.5
3890450,Germany - 1. Bundesliga,2015/2016,Borussia Mönchengladbach,FC Köln,1,0,17,11,580,445,1.1361680695,0.538896528,1,0,56.6,75,74,75,65,1.5,1.5,75,74,75,65,1.5,1.5,1.5,1.5
3890449,Germany - 1. Bundesliga,2015/2016,Ingolstadt,Werder Bremen,2,0,9,12,346,445,2.1108278187,0.7402050722,2,0,43.7,75,74,75,65,1.5,1.5,75,74,75,65,1.5,1.5,1.5,1.5
3890448,Germany - 1. Bundesliga,2015/2016,Eintracht Frankfurt,Hamburger SV,0,0,8,11,464,520,0.386111336,0.935656193,0,1,47.2,75,74,75,65,1.5,1.5,75,74,75,65,1.5,1.5,1.5,1.5
3890447,Germany - 1. Bundesliga,2015/2016,Hamburger SV,Borussia Mönchengladbach,3,2,17,11,439,587,2.153361425,1.524287399,5,0,42.8,75,74,75,65,1.5,1.5,75,74,75,65,1.5,1.5,1.5,1.5
3890446,Germany - 1. Bundesliga,2015/2016,Augsburg,Bayern Munich,1,3,6,24,348,798,0.46570843700000003,1.8235977349999999,4,2,30.4,75,74,75,65,1.5,1.5,90,84,87,81,2.7,0.9,1.2,2.1
3890445,Germany - 1. Bundesliga,2015/2016,Wolfsburg,Ingolstadt,2,0,8,11,441,432,1.514239802,0.6096743439999999,2,0,50.5,75,74,75,65,1.5,1.5,75,74,75,65,1.5,1.5,1.5,1.5
3890444,Germany - 1. Bundesliga,2015/2016,Darmstadt 98,Bayer Leverkusen,1,2,14,13,278,421,1.3372974679999998,1.433295591,3,2,39.8,75,74,75,65,1.5,1.5,75,74,75,65,1.5,1.5,1.5,1.5
3890443,Germany - 1. Bundesliga,2015/2016,Werder Bremen,Hoffenheim,1,1,16,11,466,463,1.621217185,0.5368956266,2,1,50.2,75,74,75,65,1.5,1.5,75,74,75,65,1.5,1.5,1.5,1.5
3890442,Germany - 1. Bundesliga,2015/2016,Borussia Dortmund,Hannover 96,1,0,13,5,843,343,1.182692295,0.250007443,1,0,71.1,83,78,82,72,2.1,1.2,75,74,75,65,1.5,1.5,1.8,1.35
3890441,Germany - 1. Bundesliga,2015/2016,VfB Stuttgart,Hertha Berlin,2,0,15,7,519,526,1.204342209,0.647517208,2,0,49.7,75,74,75,65,1.5,1.5,75,74,75,65,1.5,1.5,1.5,1.5
3890440,Germany - 1. Bundesliga,2015/2016,FC Köln,Eintracht Frankfurt,3,1,11,14,448,558,2.1355946775,0.731285223,4,0,44.5,75,74,75,65,1.5,1.5,75,74,75,65,1.5,1.5,1.5,1.5
3890439,Germany - 1. Bundesliga,2015/2016,FSV Mainz 05,Schalke 04,2,1,11,14,414,542,0.600904138,1.186978927,3,0,43.3,75,74,75,65,1.5,1.5,75,74,75,65,1.5,1.5,1.5,1.5
3890438,Germany - 1. Bundesliga,2015/2016,Hamburger SV,FC Köln,1,1,5,18,543,434,0.26248339,1.0356975935000001,2,1,55.6,75,74,75,65,1.5,1.5,75,74,75,65,1.5,1.5,1.5,1.5
3890437,Germany - 1. Bundesliga,2015/2016,Hoffenheim,Darmstadt 98,0,2,11,9,663,304,0.610539911,1.209874263,2,2,68.6,75,74,75,65,1.5,1.5,75,74,75,65,1.5,1.5,1.5,1.5
3890436,Germany - 1. Bundesliga,2015/2016,Ingolstadt,Augsburg,2,1,24,7,345,453,2.531783054,0.23517972600000003,3,0,43.2,75,74,75,65,1.5,1.5,75,74,75,65,1.5,1.5,1.5,1.5
3890435,Germany - 1. Bundesliga,2015/2016,Hertha Berlin,Borussia Dortmund,0,0,10,10,363,723,0.7045480089999999,0.48554395499999997,0,1,33.4,75,74,75,65,1.5,1.5,83,78,82,72,2.1,1.2,1.35,1.8
3890434,Germany - 1. Bundesliga,2015/2016,Hannover 96,FSV Mainz 05,0,1,8,14,598,461,0.567861826,0.9616333609999999,1,2,56.5,75,74,75,65,1.5,1.5,75,74,75,65,1.5,1.5,1.5,1.5
3890433,Germany - 1. Bundesliga,2015/2016,Eintracht Frankfurt,VfB Stuttgart,2,4,17,16,641,463,1.8477894196,3.4669098995,6,2,58.1,75,74,75,65,1.5,1.5,75,74,75,65,1.5,1.5,1.5,1.5
3890432,Germany - 1. Bundesliga,2015/2016,Schalke 04,Wolfsburg,3,0,15,14,361,522,0.6214519849999999,0.7400580129999998,3,0,40.9,75,74,75,65,1.5,1.5,75,74,75,65,1.5,1.5,1.5,1.5
3890431,Germany - 1. Bundesliga,2015/2016,Bayer Leverkusen,Bayern Munich,0,0,6,9,316,532,0.286842782,0.8604050019999999,0,1,37.3,75,74,75,65,1.5,1.5,90,84,87,81,2.7,0.9,1.2,2.1
3890430,Germany - 1. Bundesliga,2015/2016,Borussia Mönchengladbach,Werder Bremen,5,1,18,15,411,458,3.3578564749999997,1.9581616389999998,6,0,47.3,75,74,75,65,1.5,1.5,75,74,75,65,1.5,1.5,1.5,1.5
3890429,Germany - 1. Bundesliga,2015/2016,Wolfsburg,FC Köln,1,1,17,11,695,339,1.602881947,0.8591617811000001,2,1,67.2,75,74,75,65,1.5,1.5,75,74,75,65,1.5,1.5,1.5,1.5
3890428,Germany - 1. Bundesliga,2015/2016,Bayern Munich,Hoffenheim,2,0,30,5,827,291,2.9537803736,0.57551424,2,0,74.0,90,84,87,81,2.7,0.9,75,74,75,65,1.5,1.5,2.1,1.2
3890427,Germany - 1. Bundesliga,2015/2016,Bayer Leverkusen,Hannover 96,3,0,14,7,503,363,1.907045119,0.203165896,3,0,58.1,75,74,75,65,1.5,1.5,75,74,75,65,1.5,1.5,1.5,1.5
3890426,Germany - 1. Bundesliga,2015/2016,Augsburg,Eintracht Frankfurt,0,0,7,12,435,449,0.579204896,1.304352476,0,1,49.2,75,74,75,65,1.5,1.5,75,74,75,65,1.5,1.5,1.5,1.5
3890425,Germany - 1. Bundesliga,2015/2016,Werder Bremen,Hertha Berlin,3,3,16,11,484,460,2.648970133,0.8333765989999999,6,1,51.3,75,74,75,65,1.5,1.5,75,74,75,65,1.5,1.5,1.5,1.5
3890424,Germany - 1. Bundesliga,2015/2016,Darmstadt 98,Schalke 04,0,2,6,11,286,440,0.15592461999999999,1.181626191,2,2,39.4,75,74,75,65,1.5,1.5,75,74,75,65,1.5,1.5,1.5,1.5
3890423,Germany - 1. Bundesliga,2015/2016,VfB Stuttgart,Hamburger SV,2,1,25,12,411,494,2.3869169290000003,1.3679293600000002,3,0,45.4,75,74,75,65,1.5,1.5,75,74,75,65,1.5,1.5,1.5,1.5
3890422,Germany - 1. Bundesliga,2015/2016,Borussia Dortmund,Ingolstadt,2,0,10,5,588,287,1.813851283,0.181449566,2,0,67.2,83,78,82,72,2.1,1.2,75,74,75,65,1.5,1.5,1.8,1.35
3890421,Germany - 1. Bundesliga,2015/2016,FSV Mainz 05,Borussia Mönchengladbach,1,0,13,13,432,709,0.84416991,1.686870796,1,0,37.9,75,74,75,65,1.5,1.5,75,74,75,65,1.5,1.5,1.5,1.5
3890420,Germany - 1. Bundesliga,2015/2016,Eintracht Frankfurt,Wolfsburg,3,2,12,18,421,565,0.8082339829999999,2.062849559,5,0,42.7,75,74,75,65,1.5,1.5,75,74,75,65,1.5,1.5,1.5,1.5
3890419,Germany - 1. Bundesliga,2015/2016,Schalke 04,Werder Bremen,1,3,19,17,585,365,1.9346213015,1.515445052,4,2,61.6,75,74,75,65,1.5,1.5,75,74,75,65,1.5,1.5,1.5,1.5
3890418,Germany - 1. Bundesliga,2015/2016,Hannover 96,Darmstadt 98,1,2,13,13,588,280,1.0046590089999998,2.3364409453999997,3,2,67.7,75,74,75,65,1.5,1.5,75,74,75,65,1.5,1.5,1.5,1.5
3890417,Germany - 1. Bundesliga,2015/2016,Borussia Mönchengladbach,Borussia Dortmund,1,3,10,12,552,534,0.834728692,1.6060617200000002,4,2,50.8,75,74,75,65,1.5,1.5,83,78,82,72,2.1,1.2,1.35,1.8
3890416,Germany - 1. Bundesliga,2015/2016,Ingolstadt,FSV Mainz 05,1,0,9,6,355,557,1.681270719,0.37698696600000003,1,0,38.9,75,74,75,65,1.5,1.5,75,74,75,65,1.5,1.5,1.5,1.5
3890415,Germany - 1. Bundesliga,2015/2016,Hoffenheim,Bayer Leverkusen,1,1,5,17,360,607,1.155050181,2.01279595,2,1,37.2,75,74,75,65,1.5,1.5,75,74,75,65,1.5,1.5,1.5,1.5
3890414,Germany - 1. Bundesliga,2015/2016,Hertha Berlin,Augsburg,0,0,12,12,643,359,0.766690885,1.028549352,0,1,64.2,75,74,75,65,1.5,1.5,75,74,75,65,1.5,1.5,1.5,1.5
3890413,Germany - 1. Bundesliga,2015/2016,FC Köln,VfB Stuttgart,1,3,15,16,550,474,1.6736286324999998,2.463091034,4,2,53.7,75,74,75,65,1.5,1.5,75,74,75,65,1.5,1.5,1.5,1.5
3890412,Germany - 1. Bundesliga,2015/2016,Hamburger SV,Bayern Munich,1,2,7,19,265,622,0.34646136600000005,2.5020951280000006,3,2,29.9,75,74,75,65,1.5,1.5,90,84,87,81,2.7,0.9,1.2,2.1
3890410,Germany - 1. Bundesliga,2015/2016,Borussia Mönchengladbach,Darmstadt 98,3,2,13,15,507,365,1.0513833644,1.868356351,5,0,58.1,75,74,75,65,1.5,1.5,75,74,75,65,1.5,1.5,1.5,1.5
3890409,Germany - 1. Bundesliga,2015/2016,Ingolstadt,Bayer Leverkusen,0,1,12,9,427,371,0.734314387,0.76858379,1,2,53.5,75,74,75,65,1.5,1.5,75,74,75,65,1.5,1.5,1.5,1.5
3890408,Germany - 1. Bundesliga,2015/2016,VfB Stuttgart,Wolfsburg,3,1,9,17,264,745,1.459546435,1.4277417955,4,0,26.2,75,74,75,65,1.5,1.5,75,74,75,65,1.5,1.5,1.5,1.5
3890407,Germany - 1. Bundesliga,2015/2016,Hannover 96,Bayern Munich,0,1,6,20,235,883,0.3878381913000001,2.7342647326,1,2,21.0,75,74,75,65,1.5,1.5,90,84,87,81,2.7,0.9,1.2,2.1
3890406,Germany - 1. Bundesliga,2015/2016,FC Köln,Borussia Dortmund,2,1,14,14,302,664,0.8817776663,0.5573932084000001,3,0,31.3,75,74,75,65,1.5,1.5,83,78,82,72,2.1,1.2,1.35,1.8
3890405,Germany - 1. Bundesliga,2015/2016,Eintracht Frankfurt,Werder Bremen,2,1,16,11,426,395,2.141788278,1.082900845,3,0,51.9,75,74,75,65,1.5,1.5,75,74,75,65,1.5,1.5,1.5,1.5
3890404,Germany - 1. Bundesliga,2015/2016,Hamburger SV,Augsburg,0,1,14,17,506,407,1.1106708749999998,1.8461758109999997,1,2,55.4,75,74,75,65,1.5,1.5,75,74,75,65,1.5,1.5,1.5,1.5
3890403,Germany - 1. Bundesliga,2015/2016,Schalke 04,Hoffenheim,1,0,16,18,521,537,0.9862425680000001,0.893999794,1,0,49.2,75,74,75,65,1.5,1.5,75,74,75,65,1.5,1.5,1.5,1.5
3890400,Germany - 1. Bundesliga,2015/2016,Werder Bremen,FC Köln,1,1,10,12,416,586,1.4364467506000003,1.2638120099999999,2,1,41.5,75,74,75,65,1.5,1.5,75,74,75,65,1.5,1.5,1.5,1.5
3890399,Germany - 1. Bundesliga,2015/2016,Bayern Munich,Ingolstadt,2,0,14,9,687,339,1.309472143,0.9192830190000001,2,0,67.0,90,84,87,81,2.7,0.9,75,74,75,65,1.5,1.5,2.1,1.2
3890398,Germany - 1. Bundesliga,2015/2016,Darmstadt 98,Hertha Berlin,0,4,10,9,299,586,0.5248886859999999,1.9312101899999998,4,2,33.8,75,74,75,65,1.5,1.5,75,74,75,65,1.5,1.5,1.5,1.5
3890395,Germany - 1. Bundesliga,2015/2016,Bayer Leverkusen,Borussia Mönchengladbach,5,0,14,6,431,504,2.3223654254,0.438206183,5,0,46.1,75,74,75,65,1.5,1.5,75,74,75,65,1.5,1.5,1.5,1.5
3890394,Germany - 1. Bundesliga,2015/2016,FSV Mainz 05,VfB Stuttgart,0,0,6,11,581,466,0.48930428400000003,0.891664884,0,1,55.5,75,74,75,65,1.5,1.5,75,74,75,65,1.5,1.5,1.5,1.5
3890393,Germany - 1. Bundesliga,2015/2016,Eintracht Frankfurt,Darmstadt 98,0,1,15,19,573,272,1.1808396110000001,1.6459937119999999,1,2,67.8,75,74,75,65,1.5,1.5,75,74,75,65,1.5,1.5,1.5,1.5
3890392,Germany - 1. Bundesliga,2015/2016,VfB Stuttgart,Werder Bremen,1,1,11,7,511,356,1.1219057399999999,0.8722311036999999,2,1,58.9,75,74,75,65,1.5,1.5,75,74,75,65,1.5,1.5,1.5,1.5
3890391,Germany - 1. Bundesliga,2015/2016,FC Köln,Augsburg,0,1,22,22,430,408,2.273560491,1.8371664609999998,1,2,51.3,75,74,75,65,1.5,1.5,75,74,75,65,1.5,1.5,1.5,1.5
3890390,Germany - 1. Bundesliga,2015/2016,Hertha Berlin,Bayer Leverkusen,2,1,10,7,643,455,1.0117748467,0.9687379089999999,3,0,58.6,75,74,75,65,1.5,1.5,75,74,75,65,1.5,1.5,1.5,1.5
3890389,Germany - 1. Bundesliga,2015/2016,Ingolstadt,Hoffenheim,1,1,10,6,509,485,0.46192372,0.8490158215000001,2,1,51.2,75,74,75,65,1.5,1.5,75,74,75,65,1.5,1.5,1.5,1.5
3890388,Germany - 1. Bundesliga,2015/2016,Wolfsburg,Borussia Dortmund,1,2,22,14,518,391,1.8650943500000001,2.419492207,3,2,57.0,75,74,75,65,1.5,1.5,83,78,82,72,2.1,1.2,1.35,1.8
3890387,Germany - 1. Bundesliga,2015/2016,Borussia Mönchengladbach,Bayern Munich,3,1,13,22,412,626,1.703955633,2.068263424,4,0,39.7,75,74,75,65,1.5,1.5,90,84,87,81,2.7,0.9,1.2,2.1
3890386,Germany - 1. Bundesliga,2015/2016,Hamburger SV,FSV Mainz 05,1,3,20,11,618,437,1.124661745,0.895213661,4,2,58.6,75,74,75,65,1.5,1.5,75,74,75,65,1.5,1.5,1.5,1.5
3890383,Germany - 1. Bundesliga,2015/2016,Augsburg,Wolfsburg,0,0,13,17,384,563,1.0467867685000003,0.7276681535,0,1,40.5,75,74,75,65,1.5,1.5,75,74,75,65,1.5,1.5,1.5,1.5
3890382,Germany - 1. Bundesliga,2015/2016,Bayer Leverkusen,Schalke 04,1,1,18,9,527,419,1.673915849,0.8509998660000001,2,1,55.7,75,74,75,65,1.5,1.5,75,74,75,65,1.5,1.5,1.5,1.5
3890381,Germany - 1. Bundesliga,2015/2016,FSV Mainz 05,Eintracht Frankfurt,2,1,14,14,525,463,1.7227353834999999,0.8207025142000001,3,0,53.1,75,74,75,65,1.5,1.5,75,74,75,65,1.5,1.5,1.5,1.5
3890380,Germany - 1. Bundesliga,2015/2016,Hannover 96,Ingolstadt,4,0,8,10,409,483,1.057494591,0.3765137204,4,0,45.9,75,74,75,65,1.5,1.5,75,74,75,65,1.5,1.5,1.5,1.5
3890379,Germany - 1. Bundesliga,2015/2016,Werder Bremen,Hamburger SV,1,3,14,13,492,461,1.150027842,1.2854824186000002,4,2,51.6,75,74,75,65,1.5,1.5,75,74,75,65,1.5,1.5,1.5,1.5
3890378,Germany - 1. Bundesliga,2015/2016,Bayern Munich,Hertha Berlin,2,0,24,4,853,363,3.7367588720000002,0.34009863100000004,2,0,70.1,90,84,87,81,2.7,0.9,75,74,75,65,1.5,1.5,2.1,1.2
3890377,Germany - 1. Bundesliga,2015/2016,Hoffenheim,Borussia Mönchengladbach,3,3,18,16,331,713,1.5327231685,1.435138286,6,1,31.7,75,74,75,65,1.5,1.5,75,74,75,65,1.5,1.5,1.5,1.5
3890376,Germany - 1. Bundesliga,2015/2016,Darmstadt 98,FC Köln,0,0,9,12,335,585,0.676632737,1.274576941,0,1,36.4,75,74,75,65,1.5,1.5,75,74,75,65,1.5,1.5,1.5,1.5
3890375,Germany - 1. Bundesliga,2015/2016,Hertha Berlin,Hoffenheim,1,0,1,8,508,605,0.12472461,0.609091322,1,0,45.6,75,74,75,65,1.5,1.5,75,74,75,65,1.5,1.5,1.5,1.5
3890374,Germany - 1. Bundesliga,2015/2016,Ingolstadt,Darmstadt 98,3,1,16,8,405,311,2.1678445902,0.53013099,4,0,56.6,75,74,75,65,1.5,1.5,75,74,75,65,1.5,1.5,1.5,1.5
3890373,Germany - 1. Bundesliga,2015/2016,Borussia Mönchengladbach,Hannover 96,2,1,21,14,669,416,1.9779015792,1.5245743185,3,0,61.7,75,74,75,65,1.5,1.5,75,74,75,65,1.5,1.5,1.5,1.5
3890372,Germany - 1. Bundesliga,2015/2016,VfB Stuttgart,Augsburg,0,4,18,13,604,419,0.8822283510000002,2.023465794,4,2,59.0,75,74,75,65,1.5,1.5,75,74,75,65,1.5,1.5,1.5,1.5
3890371,Germany - 1. Bundesliga,2015/2016,FC Köln,FSV Mainz 05,0,0,14,7,480,537,1.1005900039999998,0.43471519399999997,0,1,47.2,75,74,75,65,1.5,1.5,75,74,75,65,1.5,1.5,1.5,1.5
3890370,Germany - 1. Bundesliga,2015/2016,Eintracht Frankfurt,Bayer Leverkusen,1,3,9,16,373,512,0.8981380320000001,2.0467589950000002,4,2,42.1,75,74,75,65,1.5,1.5,75,74,75,65,1.5,1.5,1.5,1.5
3890369,Germany - 1. Bundesliga,2015/2016,Schalke 04,Bayern Munich,1,3,5,24,343,845,0.323078937,2.075429379,4,2,28.9,75,74,75,65,1.5,1.5,90,84,87,81,2.7,0.9,1.2,2.1
3890368,Germany - 1. Bundesliga,2015/2016,Wolfsburg,Werder Bremen,6,0,21,9,681,370,2.9404911924999997,0.700276865,6,0,64.8,75,74,75,65,1.5,1.5,75,74,75,65,1.5,1.5,1.5,1.5
3890367,Germany - 1. Bundesliga,2015/2016,Hamburger SV,Borussia Dortmund,3,1,7,21,349,699,1.547297761,2.2993067568,4,0,33.3,75,74,75,65,1.5,1.5,83,78,82,72,2.1,1.2,1.35,1.8
3890366,Germany - 1. Bundesliga,2015/2016,Augsburg,Werder Bremen,1,2,18,16,507,330,1.5010340934,0.9428978429999999,3,2,60.6,75,74,75,65,1.5,1.5,75,74,75,65,1.5,1.5,1.5,1.5
3890365,Germany - 1. Bundesliga,2015/2016,Borussia Dortmund,Schalke 04,3,2,14,9,674,419,1.647311706,1.4780999245,5,0,61.7,83,78,82,72,2.1,1.2,75,74,75,65,1.5,1.5,1.8,1.35
3890364,Germany - 1. Bundesliga,2015/2016,Bayern Munich,VfB Stuttgart,4,0,33,5,770,260,5.0847653442,0.42491515,4,0,74.8,90,84,87,81,2.7,0.9,75,74,75,65,1.5,1.5,2.1,1.2
3890363,Germany - 1. Bundesliga,2015/2016,Borussia Mönchengladbach,Ingolstadt,0,0,11,14,510,376,0.9676561403,0.8772207559999999,0,1,57.6,75,74,75,65,1.5,1.5,75,74,75,65,1.5,1.5,1.5,1.5
3890362,Germany - 1. Bundesliga,2015/2016,Hoffenheim,Eintracht Frankfurt,0,0,8,17,614,620,0.717274472,1.5692731297,0,1,49.8,75,74,75,65,1.5,1.5,75,74,75,65,1.5,1.5,1.5,1.5
3890361,Germany - 1. Bundesliga,2015/2016,FSV Mainz 05,Wolfsburg,2,0,12,7,340,579,1.4155778356000002,0.231337605,2,0,37.0,75,74,75,65,1.5,1.5,75,74,75,65,1.5,1.5,1.5,1.5
3890360,Germany - 1. Bundesliga,2015/2016,Darmstadt 98,Hamburger SV,1,1,15,8,340,538,1.1498305989000002,1.3308112159999999,2,1,38.7,75,74,75,65,1.5,1.5,75,74,75,65,1.5,1.5,1.5,1.5
3890359,Germany - 1. Bundesliga,2015/2016,Bayer Leverkusen,FC Köln,1,2,12,16,413,390,0.6675840570000001,1.8212473279999999,3,2,51.4,75,74,75,65,1.5,1.5,75,74,75,65,1.5,1.5,1.5,1.5
3890358,Germany - 1. Bundesliga,2015/2016,Hannover 96,Hertha Berlin,1,3,8,12,520,510,1.273314632,2.2885739689999998,4,2,50.5,75,74,75,65,1.5,1.5,75,74,75,65,1.5,1.5,1.5,1.5
3890357,Germany - 1. Bundesliga,2015/2016,VfB Stuttgart,Darmstadt 98,2,0,18,17,405,294,2.151110377,1.2735283734,2,0,57.9,75,74,75,65,1.5,1.5,75,74,75,65,1.5,1.5,1.5,1.5
3890356,Germany - 1. Bundesliga,2015/2016,Hamburger SV,Hannover 96,1,2,17,5,598,444,2.5975762060000003,0.9391483655,3,2,57.4,75,74,75,65,1.5,1.5,75,74,75,65,1.5,1.5,1.5,1.5
3890355,Germany - 1. Bundesliga,2015/2016,Schalke 04,Ingolstadt,1,1,18,7,586,344,1.073690162,0.28386133899999993,2,1,63.0,75,74,75,65,1.5,1.5,75,74,75,65,1.5,1.5,1.5,1.5
3890354,Germany - 1. Bundesliga,2015/2016,Augsburg,FSV Mainz 05,3,3,25,11,543,307,2.8406530384999997,2.1265768771999998,6,1,63.9,75,74,75,65,1.5,1.5,75,74,75,65,1.5,1.5,1.5,1.5
3890353,Germany - 1. Bundesliga,2015/2016,Werder Bremen,Borussia Dortmund,1,3,8,12,320,817,1.3308466105,3.1254577400000008,4,2,28.1,75,74,75,65,1.5,1.5,83,78,82,72,2.1,1.2,1.35,1.8
3890352,Germany - 1. Bundesliga,2015/2016,FC Köln,Hoffenheim,0,0,13,10,587,493,1.5346432620000001,1.1254412010000001,0,1,54.4,75,74,75,65,1.5,1.5,75,74,75,65,1.5,1.5,1.5,1.5
3890351,Germany - 1. Bundesliga,2015/2016,Hertha Berlin,Borussia Mönchengladbach,1,4,14,11,532,717,2.2044779255,1.2355072969999998,5,2,42.6,75,74,75,65,1.5,1.5,75,74,75,65,1.5,1.5,1.5,1.5
3890350,Germany - 1. Bundesliga,2015/2016,Wolfsburg,Bayer Leverkusen,2,1,13,14,469,483,1.9862431546,1.0155034637,3,0,49.3,75,74,75,65,1.5,1.5,75,74,75,65,1.5,1.5,1.5,1.5
3890349,Germany - 1. Bundesliga,2015/2016,Eintracht Frankfurt,Bayern Munich,0,0,7,10,263,707,0.43722537,1.473892872,0,1,27.1,75,74,75,65,1.5,1.5,90,84,87,81,2.7,0.9,1.2,2.1
3890348,Germany - 1. Bundesliga,2015/2016,Borussia Mönchengladbach,Schalke 04,3,1,17,14,595,374,1.76322411,0.5542684745,4,0,61.4,75,74,75,65,1.5,1.5,75,74,75,65,1.5,1.5,1.5,1.5
3890347,Germany - 1. Bundesliga,2015/2016,Borussia Dortmund,Augsburg,5,1,19,4,611,417,4.028479287000001,0.40094397,6,0,59.4,83,78,82,72,2.1,1.2,75,74,75,65,1.5,1.5,1.8,1.35
3890346,Germany - 1. Bundesliga,2015/2016,Bayer Leverkusen,VfB Stuttgart,4,3,19,12,541,339,2.96329161,1.790840584,7,0,61.5,75,74,75,65,1.5,1.5,75,74,75,65,1.5,1.5,1.5,1.5
3890345,Germany - 1. Bundesliga,2015/2016,Hannover 96,Eintracht Frankfurt,1,2,10,5,488,659,0.650073539,0.7915138656,3,2,42.5,75,74,75,65,1.5,1.5,75,74,75,65,1.5,1.5,1.5,1.5
3890344,Germany - 1. Bundesliga,2015/2016,FSV Mainz 05,Werder Bremen,1,3,16,16,565,382,1.752157965,2.071160215,4,2,59.7,75,74,75,65,1.5,1.5,75,74,75,65,1.5,1.5,1.5,1.5
3890343,Germany - 1. Bundesliga,2015/2016,Ingolstadt,Hertha Berlin,0,1,19,5,557,469,0.8783461479999999,0.869740588,1,2,54.3,75,74,75,65,1.5,1.5,75,74,75,65,1.5,1.5,1.5,1.5
3890342,Germany - 1. Bundesliga,2015/2016,Darmstadt 98,Wolfsburg,0,1,9,19,279,644,0.4633764486,1.2160248103,1,2,30.2,75,74,75,65,1.5,1.5,75,74,75,65,1.5,1.5,1.5,1.5
3890341,Germany - 1. Bundesliga,2015/2016,Bayern Munich,FC Köln,4,0,26,4,860,311,3.6606287130000004,0.182453062,4,0,73.4,90,84,87,81,2.7,0.9,75,74,75,65,1.5,1.5,2.1,1.2
3890340,Germany - 1. Bundesliga,2015/2016,Hoffenheim,Hamburger SV,0,1,12,20,367,412,0.7225691017000001,2.2001780568,1,2,47.1,75,74,75,65,1.5,1.5,75,74,75,65,1.5,1.5,1.5,1.5
3890339,Germany - 1. Bundesliga,2015/2016,FC Köln,Hannover 96,0,1,15,8,617,374,1.4627059089999999,1.14009748,1,2,62.3,75,74,75,65,1.5,1.5,75,74,75,65,1.5,1.5,1.5,1.5
3890338,Germany - 1. Bundesliga,2015/2016,VfB Stuttgart,Ingolstadt,1,0,11,13,431,453,1.3287314925000002,1.8661245007999998,1,0,48.8,75,74,75,65,1.5,1.5,75,74,75,65,1.5,1.5,1.5,1.5
3890337,Germany - 1. Bundesliga,2015/2016,Hamburger SV,Bayer Leverkusen,0,0,8,10,427,478,0.41532530300000003,0.7551200579999999,0,1,47.2,75,74,75,65,1.5,1.5,75,74,75,65,1.5,1.5,1.5,1.5
3890336,Germany - 1. Bundesliga,2015/2016,Schalke 04,Hertha Berlin,2,1,19,9,513,392,1.5938553840000003,0.5204558770000001,3,0,56.7,75,74,75,65,1.5,1.5,75,74,75,65,1.5,1.5,1.5,1.5
3890335,Germany - 1. Bundesliga,2015/2016,Wolfsburg,Hoffenheim,4,2,17,8,520,497,2.4022592715,0.939318307,6,0,51.1,75,74,75,65,1.5,1.5,75,74,75,65,1.5,1.5,1.5,1.5
3890334,Germany - 1. Bundesliga,2015/2016,Eintracht Frankfurt,Borussia Mönchengladbach,1,5,7,16,518,528,1.0062232246999998,3.689561299,6,2,49.5,75,74,75,65,1.5,1.5,75,74,75,65,1.5,1.5,1.5,1.5
3890333,Germany - 1. Bundesliga,2015/2016,Augsburg,Darmstadt 98,0,2,20,12,630,274,1.210735174,1.955174508,2,2,69.7,75,74,75,65,1.5,1.5,75,74,75,65,1.5,1.5,1.5,1.5
3890332,Germany - 1. Bundesliga,2015/2016,Werder Bremen,Bayern Munich,0,1,8,13,245,915,0.8506524039999999,1.8755478380000004,1,2,21.1,75,74,75,65,1.5,1.5,90,84,87,81,2.7,0.9,1.2,2.1
3890331,Germany - 1. Bundesliga,2015/2016,FSV Mainz 05,Borussia Dortmund,0,2,11,16,543,483,1.2351586520000002,3.755273049,2,2,52.9,75,74,75,65,1.5,1.5,83,78,82,72,2.1,1.2,1.35,1.8
3890330,Germany - 1. Bundesliga,2015/2016,Bayer Leverkusen,Augsburg,1,1,22,2,618,350,2.551731347,0.055498986,2,1,63.8,75,74,75,65,1.5,1.5,75,74,75,65,1.5,1.5,1.5,1.5
3890329,Germany - 1. Bundesliga,2015/2016,Bayern Munich,Borussia Dortmund,5,1,15,10,646,448,3.5797219606999997,1.549803499,6,0,59.0,90,84,87,81,2.7,0.9,83,78,82,72,2.1,1.2,1.95,1.5
3890328,Germany - 1. Bundesliga,2015/2016,Schalke 04,FC Köln,0,3,16,12,601,313,0.9159155520000001,1.082642917,3,2,65.8,75,74,75,65,1.5,1.5,75,74,75,65,1.5,1.5,1.5,1.5
3890327,Germany - 1. Bundesliga,2015/2016,Hoffenheim,VfB Stuttgart,2,2,11,18,386,525,1.587110097,1.792167571,4,1,42.4,75,74,75,65,1.5,1.5,75,74,75,65,1.5,1.5,1.5,1.5
3890326,Germany - 1. Bundesliga,2015/2016,Ingolstadt,Eintracht Frankfurt,2,0,14,12,428,595,1.657632332,0.6605919464,2,0,41.8,75,74,75,65,1.5,1.5,75,74,75,65,1.5,1.5,1.5,1.5
3890325,Germany - 1. Bundesliga,2015/2016,Hannover 96,Werder Bremen,1,0,12,18,335,491,0.764178652,1.255979725,1,0,40.6,75,74,75,65,1.5,1.5,75,74,75,65,1.5,1.5,1.5,1.5
3890324,Germany - 1. Bundesliga,2015/2016,Hertha Berlin,Hamburger SV,3,0,14,8,461,581,2.021465219,0.495238156,3,0,44.2,75,74,75,65,1.5,1.5,75,74,75,65,1.5,1.5,1.5,1.5
3890323,Germany - 1. Bundesliga,2015/2016,Borussia Mönchengladbach,Wolfsburg,2,0,10,10,488,524,1.4267923359999999,0.579322601,2,0,48.2,75,74,75,65,1.5,1.5,75,74,75,65,1.5,1.5,1.5,1.5
3890322,Germany - 1. Bundesliga,2015/2016,Darmstadt 98,FSV Mainz 05,2,3,13,14,318,503,1.9649011780000003,1.6343511339999999,5,2,38.7,75,74,75,65,1.5,1.5,75,74,75,65,1.5,1.5,1.5,1.5
3890321,Germany - 1. Bundesliga,2015/2016,Borussia Dortmund,Darmstadt 98,2,2,15,4,809,259,2.4636512555000003,0.3154533003,4,1,75.7,83,78,82,72,2.1,1.2,75,74,75,65,1.5,1.5,1.8,1.35
3890320,Germany - 1. Bundesliga,2015/2016,Eintracht Frankfurt,Hertha Berlin,1,1,12,15,420,547,1.28286821,1.552944702,2,1,43.4,75,74,75,65,1.5,1.5,75,74,75,65,1.5,1.5,1.5,1.5
3890319,Germany - 1. Bundesliga,2015/2016,Wolfsburg,Hannover 96,1,1,23,9,725,350,1.4360242038,0.523992546,2,1,67.4,75,74,75,65,1.5,1.5,75,74,75,65,1.5,1.5,1.5,1.5
3890318,Germany - 1. Bundesliga,2015/2016,VfB Stuttgart,Borussia Mönchengladbach,1,3,23,9,450,421,2.3708388385,0.7868752489999999,4,2,51.7,75,74,75,65,1.5,1.5,75,74,75,65,1.5,1.5,1.5,1.5
3890317,Germany - 1. Bundesliga,2015/2016,Hamburger SV,Schalke 04,0,1,13,11,504,519,0.6483982764999999,1.42432648,1,2,49.3,75,74,75,65,1.5,1.5,75,74,75,65,1.5,1.5,1.5,1.5
3890316,Germany - 1. Bundesliga,2015/2016,FSV Mainz 05,Bayern Munich,0,3,6,17,320,770,0.516536055,3.1481839405999996,3,2,29.4,75,74,75,65,1.5,1.5,90,84,87,81,2.7,0.9,1.2,2.1
3890315,Germany - 1. Bundesliga,2015/2016,Werder Bremen,Bayer Leverkusen,0,3,9,16,326,570,0.459348833,1.0894856128,3,2,36.4,75,74,75,65,1.5,1.5,75,74,75,65,1.5,1.5,1.5,1.5
3890314,Germany - 1. Bundesliga,2015/2016,Augsburg,Hoffenheim,1,3,26,11,600,321,1.7428469777000002,1.515654039,4,2,65.1,75,74,75,65,1.5,1.5,75,74,75,65,1.5,1.5,1.5,1.5
3890313,Germany - 1. Bundesliga,2015/2016,FC Köln,Ingolstadt,1,1,14,16,536,353,1.033753424,0.6016193643000001,2,1,60.3,75,74,75,65,1.5,1.5,75,74,75,65,1.5,1.5,1.5,1.5
3890312,Germany - 1. Bundesliga,2015/2016,Bayer Leverkusen,FSV Mainz 05,1,0,20,3,638,326,1.4943255796000001,0.40785679999999996,1,0,66.2,75,74,75,65,1.5,1.5,75,74,75,65,1.5,1.5,1.5,1.5
3890311,Germany - 1. Bundesliga,2015/2016,Schalke 04,Eintracht Frankfurt,2,0,13,18,499,466,1.5849562984999999,1.6636081315,2,0,51.7,75,74,75,65,1.5,1.5,75,74,75,65,1.5,1.5,1.5,1.5
3890310,Germany - 1. Bundesliga,2015/2016,Hoffenheim,Borussia Dortmund,1,1,10,14,317,720,1.1904629332999999,1.8274852740000003,2,1,30.6,75,74,75,65,1.5,1.5,83,78,82,72,2.1,1.2,1.35,1.8
3890309,Germany - 1. Bundesliga,2015/2016,Hannover 96,VfB Stuttgart,1,3,8,19,493,386,0.888088932,2.082171848,4,2,56.1,75,74,75,65,1.5,1.5,75,74,75,65,1.5,1.5,1.5,1.5
3890308,Germany - 1. Bundesliga,2015/2016,Borussia Mönchengladbach,Augsburg,4,2,21,11,505,516,1.7409304610000005,1.919509311,6,0,49.5,75,74,75,65,1.5,1.5,75,74,75,65,1.5,1.5,1.5,1.5
3890307,Germany - 1. Bundesliga,2015/2016,Darmstadt 98,Werder Bremen,2,1,10,11,302,389,1.6813072399999998,0.9658556139999999,3,0,43.7,75,74,75,65,1.5,1.5,75,74,75,65,1.5,1.5,1.5,1.5
3890306,Germany - 1. Bundesliga,2015/2016,Hertha Berlin,FC Köln,2,0,16,13,523,486,1.631689216,1.2994424990000002,2,0,51.8,75,74,75,65,1.5,1.5,75,74,75,65,1.5,1.5,1.5,1.5
3890305,Germany - 1. Bundesliga,2015/2016,Bayern Munich,Wolfsburg,5,1,18,7,780,460,2.8367248710000004,0.19349049609999996,6,0,62.9,90,84,87,81,2.7,0.9,75,74,75,65,1.5,1.5,2.1,1.2
3890304,Germany - 1. Bundesliga,2015/2016,Ingolstadt,Hamburger SV,0,1,13,8,436,465,0.5903634233999999,1.273011822,1,2,48.4,75,74,75,65,1.5,1.5,75,74,75,65,1.5,1.5,1.5,1.5
3890303,Germany - 1. Bundesliga,2015/2016,VfB Stuttgart,Schalke 04,0,1,26,10,494,420,2.906899026,1.3078554009999999,1,2,54.0,75,74,75,65,1.5,1.5,75,74,75,65,1.5,1.5,1.5,1.5
3890302,Germany - 1. Bundesliga,2015/2016,Augsburg,Hannover 96,2,0,17,16,446,508,1.9617115163999999,0.6814563143000001,2,0,46.8,75,74,75,65,1.5,1.5,75,74,75,65,1.5,1.5,1.5,1.5
3890301,Germany - 1. Bundesliga,2015/2016,Borussia Dortmund,Bayer Leverkusen,3,0,22,8,572,433,3.157727622,0.7846147424000001,3,0,56.9,83,78,82,72,2.1,1.2,75,74,75,65,1.5,1.5,1.8,1.35
3890300,Germany - 1. Bundesliga,2015/2016,Werder Bremen,Ingolstadt,0,1,14,13,406,344,1.4439282310000001,1.3959783386,1,2,54.1,75,74,75,65,1.5,1.5,75,74,75,65,1.5,1.5,1.5,1.5
3890299,Germany - 1. Bundesliga,2015/2016,FC Köln,Borussia Mönchengladbach,1,0,11,8,493,720,0.735951822,0.3764425306,1,0,40.6,75,74,75,65,1.5,1.5,75,74,75,65,1.5,1.5,1.5,1.5
3890298,Germany - 1. Bundesliga,2015/2016,Wolfsburg,Hertha Berlin,2,0,13,9,594,494,2.402847798,0.405547746,2,0,54.6,75,74,75,65,1.5,1.5,75,74,75,65,1.5,1.5,1.5,1.5
3890297,Germany - 1. Bundesliga,2015/2016,Hamburger SV,Eintracht Frankfurt,0,0,10,7,500,490,0.782163522,0.451243199,0,1,50.5,75,74,75,65,1.5,1.5,75,74,75,65,1.5,1.5,1.5,1.5
3890296,Germany - 1. Bundesliga,2015/2016,Darmstadt 98,Bayern Munich,0,3,5,18,207,795,0.346549617,1.702588545,3,2,20.7,75,74,75,65,1.5,1.5,90,84,87,81,2.7,0.9,1.2,2.1
3890295,Germany - 1. Bundesliga,2015/2016,FSV Mainz 05,Hoffenheim,3,1,12,13,506,391,1.278697218,1.3896419276999998,4,0,56.4,75,74,75,65,1.5,1.5,75,74,75,65,1.5,1.5,1.5,1.5
3890294,Germany - 1. Bundesliga,2015/2016,Hoffenheim,Werder Bremen,1,3,10,16,549,354,0.5779428403,1.522135671,4,2,60.8,75,74,75,65,1.5,1.5,75,74,75,65,1.5,1.5,1.5,1.5
3890293,Germany - 1. Bundesliga,2015/2016,Schalke 04,FSV Mainz 05,2,1,24,15,509,334,2.7896980713,2.445661258,3,0,60.4,75,74,75,65,1.5,1.5,75,74,75,65,1.5,1.5,1.5,1.5
3890292,Germany - 1. Bundesliga,2015/2016,Hannover 96,Borussia Dortmund,2,4,5,17,258,659,1.11224378,2.1993450880000003,6,2,28.1,75,74,75,65,1.5,1.5,83,78,82,72,2.1,1.2,1.35,1.8
3890291,Germany - 1. Bundesliga,2015/2016,Ingolstadt,Wolfsburg,0,0,5,17,330,592,0.14025478,1.0379444996999998,0,1,35.8,75,74,75,65,1.5,1.5,75,74,75,65,1.5,1.5,1.5,1.5
3890290,Germany - 1. Bundesliga,2015/2016,Hertha Berlin,VfB Stuttgart,2,1,8,12,439,441,1.153075444,1.0504346390000001,3,0,49.9,75,74,75,65,1.5,1.5,75,74,75,65,1.5,1.5,1.5,1.5
3890289,Germany - 1. Bundesliga,2015/2016,Eintracht Frankfurt,FC Köln,6,2,18,13,494,482,1.9227786930000001,1.0060813453,8,0,50.6,75,74,75,65,1.5,1.5,75,74,75,65,1.5,1.5,1.5,1.5
3890288,Germany - 1. Bundesliga,2015/2016,Bayer Leverkusen,Darmstadt 98,0,1,16,5,637,248,1.4332424060000002,0.33450799740000003,1,2,72.0,75,74,75,65,1.5,1.5,75,74,75,65,1.5,1.5,1.5,1.5
3890286,Germany - 1. Bundesliga,2015/2016,Borussia Mönchengladbach,Hamburger SV,0,3,13,10,655,515,0.4868235786,1.1927194790000002,3,2,56.0,75,74,75,65,1.5,1.5,75,74,75,65,1.5,1.5,1.5,1.5
3890285,Germany - 1. Bundesliga,2015/2016,Werder Bremen,Borussia Mönchengladbach,2,1,19,9,330,559,2.957744398,0.557204219,3,0,37.1,75,74,75,65,1.5,1.5,75,74,75,65,1.5,1.5,1.5,1.5
3890284,Germany - 1. Bundesliga,2015/2016,Borussia Dortmund,Hertha Berlin,3,1,15,4,597,371,2.822856999,1.1850745699999998,4,0,61.7,83,78,82,72,2.1,1.2,75,74,75,65,1.5,1.5,1.8,1.35
3890283,Germany - 1. Bundesliga,2015/2016,Darmstadt 98,Hoffenheim,0,0,5,14,233,525,0.282383901,1.5706040860000001,0,1,30.7,75,74,75,65,1.5,1.5,75,74,75,65,1.5,1.5,1.5,1.5
3890281,Germany - 1. Bundesliga,2015/2016,Augsburg,Ingolstadt,0,1,10,16,535,348,0.8081518462,0.7613422265,1,2,60.6,75,74,75,65,1.5,1.5,75,74,75,65,1.5,1.5,1.5,1.5
3890280,Germany - 1. Bundesliga,2015/2016,FC Köln,Hamburger SV,2,1,6,17,430,437,1.62854302,1.1011210325,3,0,49.6,75,74,75,65,1.5,1.5,75,74,75,65,1.5,1.5,1.5,1.5
3890279,Germany - 1. Bundesliga,2015/2016,VfB Stuttgart,Eintracht Frankfurt,1,4,14,6,451,422,2.4067286649999997,1.8158646,5,2,51.7,75,74,75,65,1.5,1.5,75,74,75,65,1.5,1.5,1.5,1.5
3890278,Germany - 1. Bundesliga,2015/2016,Bayern Munich,Bayer Leverkusen,3,0,14,10,590,315,2.923130628,0.5519747970000001,3,0,65.2,90,84,87,81,2.7,0.9,75,74,75,65,1.5,1.5,2.1,1.2
3890277,Germany - 1. Bundesliga,2015/2016,Wolfsburg,Schalke 04,3,0,9,12,611,484,1.271138875,0.8355335287000001,3,0,55.8,75,74,75,65,1.5,1.5,75,74,75,65,1.5,1.5,1.5,1.5
3890276,Germany - 1. Bundesliga,2015/2016,Borussia Mönchengladbach,FSV Mainz 05,1,2,15,12,817,381,1.2665299605999998,1.3246248443000002,3,2,68.2,75,74,75,65,1.5,1.5,75,74,75,65,1.5,1.5,1.5,1.5
3890275,Germany - 1. Bundesliga,2015/2016,Ingolstadt,Borussia Dortmund,0,4,3,18,326,613,0.076810196,3.209426237,4,2,34.7,75,74,75,65,1.5,1.5,83,78,82,72,2.1,1.2,1.35,1.8
3890274,Germany - 1. Bundesliga,2015/2016,FC Köln,Wolfsburg,1,1,9,15,303,667,1.6088265979999998,2.573894027,2,1,31.2,75,74,75,65,1.5,1.5,75,74,75,65,1.5,1.5,1.5,1.5
3890273,Germany - 1. Bundesliga,2015/2016,Hannover 96,Bayer Leverkusen,0,1,5,11,386,535,0.12731890499999998,0.922819623,1,2,41.9,75,74,75,65,1.5,1.5,75,74,75,65,1.5,1.5,1.5,1.5
3890272,Germany - 1. Bundesliga,2015/2016,Eintracht Frankfurt,Augsburg,1,1,11,14,438,358,1.3066811064000001,1.246389725,2,1,55.0,75,74,75,65,1.5,1.5,75,74,75,65,1.5,1.5,1.5,1.5
3890271,Germany - 1. Bundesliga,2015/2016,Schalke 04,Darmstadt 98,1,1,20,10,651,202,1.4374198065000003,0.9603636580000001,2,1,76.3,75,74,75,65,1.5,1.5,75,74,75,65,1.5,1.5,1.5,1.5
3890270,Germany - 1. Bundesliga,2015/2016,Hoffenheim,Bayern Munich,1,2,8,21,241,632,1.5867891969999999,3.269656093,3,2,27.6,75,74,75,65,1.5,1.5,90,84,87,81,2.7,0.9,1.2,2.1
3890267,Germany - 1. Bundesliga,2015/2016,Wolfsburg,Eintracht Frankfurt,2,1,8,13,631,396,0.91179878,0.964066049,3,0,61.4,75,74,75,65,1.5,1.5,75,74,75,65,1.5,1.5,1.5,1.5
3890266,Germany - 1. Bundesliga,2015/2016,VfB Stuttgart,FC Köln,1,3,28,8,454,351,2.38007908,2.219708284,4,2,56.4,75,74,75,65,1.5,1.5,75,74,75,65,1.5,1.5,1.5,1.5
3890265,Germany - 1. Bundesliga,2015/2016,Augsburg,Hertha Berlin,0,1,20,11,440,460,1.8066898050000002,1.3013268260000002,1,2,48.9,75,74,75,65,1.5,1.5,75,74,75,65,1.5,1.5,1.5,1.5
3890264,Germany - 1. Bundesliga,2015/2016,Werder Bremen,Schalke 04,0,3,15,16,464,372,0.9867010097000001,1.28252846,3,2,55.5,75,74,75,65,1.5,1.5,75,74,75,65,1.5,1.5,1.5,1.5
3890263,Germany - 1. Bundesliga,2015/2016,FSV Mainz 05,Ingolstadt,0,1,11,14,500,406,0.615812916,0.7430165566,1,2,55.2,75,74,75,65,1.5,1.5,75,74,75,65,1.5,1.5,1.5,1.5
3890262,Germany - 1. Bundesliga,2015/2016,Darmstadt 98,Hannover 96,2,2,11,14,275,397,1.77063047,1.654869524,4,1,40.9,75,74,75,65,1.5,1.5,75,74,75,65,1.5,1.5,1.5,1.5
3890261,Germany - 1. Bundesliga,2015/2016,Borussia Dortmund,Borussia Mönchengladbach,4,0,16,5,731,483,1.973242468,0.242150647,4,0,60.2,83,78,82,72,2.1,1.2,75,74,75,65,1.5,1.5,1.8,1.35
3890260,Germany - 1. Bundesliga,2015/2016,Bayer Leverkusen,Hoffenheim,2,1,25,6,465,331,3.4393207250000004,0.523961415,3,0,58.4,75,74,75,65,1.5,1.5,75,74,75,65,1.5,1.5,1.5,1.5
3890259,Germany - 1. Bundesliga,2015/2016,Bayern Munich,Hamburger SV,5,0,22,5,797,240,2.2385948493999996,0.0838352758,5,0,76.9,90,84,87,81,2.7,0.9,75,74,75,65,1.5,1.5,2.1,1.2
3923881,Africa - African Cup of Nations,2023,Nigeria,Côte d'Ivoire,1,2,5,18,272,464,0.25819266500000004,1.4139358625,3,2,37.0,75,74,75,65,1.5,1.5,75,74,75,65,1.5,1.5,1.5,1.5
3923880,Africa - African Cup of Nations,2023,South Africa,Congo DR,0,0,13,20,524,411,5.750652511,7.166134682000001,0,1,56.0,75,74,75,65,1.5,1.5,75,74,75,65,1.5,1.5,1.5,1.5
3922838,Africa - African Cup of Nations,2023,Côte d'Ivoire,Congo DR,1,0,14,7,410,323,0.8495611759999999,0.826083473,1,0,55.9,75,74,75,65,1.5,1.5,75,74,75,65,1.5,1.5,1.5,1.5
3922837,Africa - African Cup of Nations,2023,Nigeria,South Africa,1,1,19,18,426,658,5.4088133766999995,4.896950137,2,1,39.3,75,74,75,65,1.5,1.5,75,74,75,65,1.5,1.5,1.5,1.5
3922242,Africa - African Cup of Nations,2023,Senegal,Côte d'Ivoire,1,1,18,13,475,645,5.235410052300001,5.038094957,2,1,42.4,75,74,75,65,1.5,1.5,75,74,75,65,1.5,1.5,1.5,1.5
3922239,Africa - African Cup of Nations,2023,Equatorial Guinea,Guinea,0,1,5,10,398,379,0.956068984,0.5573152885,1,2,51.2,75,74,75,65,1.5,1.5,75,74,75,65,1.5,1.5,1.5,1.5
3922659,Africa - African Cup of Nations,2023,Mali,Côte d'Ivoire,1,2,11,11,679,427,1.317118139,0.8373889089999998,3,2,61.4,75,74,75,65,1.5,1.5,75,74,75,65,1.5,1.5,1.5,1.5
3922658,Africa - African Cup of Nations,2023,Cape Verde Islands,South Africa,0,0,30,20,540,536,5.4274397822000005,4.2306515743,0,1,50.2,75,74,75,65,1.5,1.5,75,74,75,65,1.5,1.5,1.5,1.5
3922244,Africa - African Cup of Nations,2023,Mali,Burkina Faso,2,1,14,8,466,349,0.6657573702999999,1.4600063336,3,0,57.2,75,74,75,65,1.5,1.5,75,74,75,65,1.5,1.5,1.5,1.5
3922356,Africa - African Cup of Nations,2023,Congo DR,Guinea,3,1,13,7,287,462,1.652631181,1.1352217789999999,4,0,38.3,75,74,75,65,1.5,1.5,75,74,75,65,1.5,1.5,1.5,1.5
3922321,Africa - African Cup of Nations,2023,Nigeria,Angola,1,0,13,10,373,438,1.4616966710000001,0.954992671,1,0,46.0,75,74,75,65,1.5,1.5,75,74,75,65,1.5,1.5,1.5,1.5
3922237,Africa - African Cup of Nations,2023,Angola,Namibia,3,0,11,12,383,387,1.5854788395,0.8707519355,3,0,49.7,75,74,75,65,1.5,1.5,75,74,75,65,1.5,1.5,1.5,1.5
3922243,Africa - African Cup of Nations,2023,Morocco,South Africa,0,2,13,5,489,407,2.090429641,0.240658424,2,2,54.6,75,74,75,65,1.5,1.5,75,74,75,65,1.5,1.5,1.5,1.5
3922241,Africa - African Cup of Nations,2023,Cape Verde Islands,Mauritania,1,0,18,11,523,235,1.5715358579,0.776972687,1,0,69.0,75,74,75,65,1.5,1.5,75,74,75,65,1.5,1.5,1.5,1.5
3922240,Africa - African Cup of Nations,2023,Egypt,Congo DR,1,1,20,21,583,453,8.424148152999999,8.626787165,2,1,56.3,75,74,75,65,1.5,1.5,75,74,75,65,1.5,1.5,1.5,1.5
3922238,Africa - African Cup of Nations,2023,Nigeria,Cameroon,2,0,8,6,314,426,1.3096963099999999,0.300622834,2,0,42.4,75,74,75,65,1.5,1.5,75,74,75,65,1.5,1.5,1.5,1.5
3920396,Africa - African Cup of Nations,2023,Egypt,Ghana,2,2,11,6,479,355,1.2035801499999998,0.425947081,4,1,57.4,75,74,75,65,1.5,1.5,75,74,75,65,1.5,1.5,1.5,1.5
3920386,Africa - African Cup of Nations,2023,Nigeria,Equatorial Guinea,1,1,19,8,380,365,2.6872513775,0.33208500900000004,2,1,51.0,75,74,75,65,1.5,1.5,75,74,75,65,1.5,1.5,1.5,1.5
3920385,Africa - African Cup of Nations,2023,Egypt,Mozambique,2,2,22,6,589,373,1.9291997944000001,0.728198501,4,1,61.2,75,74,75,65,1.5,1.5,75,74,75,65,1.5,1.5,1.5,1.5
3920387,Africa - African Cup of Nations,2023,Ghana,Cape Verde Islands,1,2,11,15,386,417,1.437942942,2.720214145,3,2,48.1,75,74,75,65,1.5,1.5,75,74,75,65,1.5,1.5,1.5,1.5
3920419,Africa - African Cup of Nations,2023,Zambia,Morocco,0,1,11,19,381,520,0.4399758278,2.421491488,1,2,42.3,75,74,75,65,1.5,1.5,75,74,75,65,1.5,1.5,1.5,1.5
3920418,Africa - African Cup of Nations,2023,Tanzania,Congo DR,0,0,4,9,516,496,0.0585539966,0.6590665210000001,0,1,51.0,75,74,75,65,1.5,1.5,75,74,75,65,1.5,1.5,1.5,1.5
3920417,Africa - African Cup of Nations,2023,Namibia,Mali,0,0,5,11,263,485,0.656155824,0.681213131,0,1,35.2,75,74,75,65,1.5,1.5,75,74,75,65,1.5,1.5,1.5,1.5
3920416,Africa - African Cup of Nations,2023,South Africa,Tunisia,0,0,11,11,418,511,0.5204111787,1.0176946654,0,1,45.0,75,74,75,65,1.5,1.5,75,74,75,65,1.5,1.5,1.5,1.5
3920415,Africa - African Cup of Nations,2023,Mauritania,Algeria,1,0,17,16,203,618,1.3282860823,1.1864072147,1,0,24.7,75,74,75,65,1.5,1.5,75,74,75,65,1.5,1.5,1.5,1.5
3920414,Africa - African Cup of Nations,2023,Angola,Burkina Faso,2,0,6,20,405,465,0.8842662024999999,0.9952471892000001,2,0,46.6,75,74,75,65,1.5,1.5,75,74,75,65,1.5,1.5,1.5,1.5
3920413,Africa - African Cup of Nations,2023,Gambia,Cameroon,2,3,15,13,317,384,1.296466914,1.367199652,5,2,45.2,75,74,75,65,1.5,1.5,75,74,75,65,1.5,1.5,1.5,1.5
3920412,Africa - African Cup of Nations,2023,Guinea,Senegal,0,2,4,12,425,412,0.553162426,0.9427711889999999,2,2,50.8,75,74,75,65,1.5,1.5,75,74,75,65,1.5,1.5,1.5,1.5
3920411,Africa - African Cup of Nations,2023,Cape Verde Islands,Egypt,2,2,6,27,426,483,0.406963733,1.7644844204999999,4,1,46.9,75,74,75,65,1.5,1.5,75,74,75,65,1.5,1.5,1.5,1.5
3920410,Africa - African Cup of Nations,2023,Mozambique,Ghana,2,2,14,8,413,269,1.5396220109,1.8431652509999998,4,1,60.6,75,74,75,65,1.5,1.5,75,74,75,65,1.5,1.5,1.5,1.5
3920409,Africa - African Cup of Nations,2023,Guinea-Bissau,Nigeria,0,1,12,11,451,455,0.3514627777,0.970812034,1,2,49.8,75,74,75,65,1.5,1.5,75,74,75,65,1.5,1.5,1.5,1.5
3920408,Africa - African Cup of Nations,2023,Equatorial Guinea,Côte d'Ivoire,4,0,10,22,209,464,1.092679292,2.0694979545,4,0,31.1,75,74,75,65,1.5,1.5,75,74,75,65,1.5,1.5,1.5,1.5
3920407,Africa - African Cup of Nations,2023,South Africa,Namibia,4,0,12,4,403,382,2.2156721920000004,0.5685470403999999,4,0,51.3,75,74,75,65,1.5,1.5,75,74,75,65,1.5,1.5,1.5,1.5
3920406,Africa - African Cup of Nations,2023,Zambia,Tanzania,1,1,11,6,467,550,0.7971692891,0.390369424,2,1,45.9,75,74,75,65,1.5,1.5,75,74,75,65,1.5,1.5,1.5,1.5
3920405,Africa - African Cup of Nations,2023,Morocco,Congo DR,1,1,11,11,416,343,1.0546321737000002,2.31023671,2,1,54.8,75,74,75,65,1.5,1.5,75,74,75,65,1.5,1.5,1.5,1.5
3920404,Africa - African Cup of Nations,2023,Tunisia,Mali,1,1,5,12,340,518,0.5300487537,0.845760372,2,1,39.6,75,74,75,65,1.5,1.5,75,74,75,65,1.5,1.5,1.5,1.5
3920403,Africa - African Cup of Nations,2023,Mauritania,Angola,2,3,14,20,415,344,1.1113399407999998,2.0439582,5,2,54.7,75,74,75,65,1.5,1.5,75,74,75,65,1.5,1.5,1.5,1.5
3920402,Africa - African Cup of Nations,2023,Algeria,Burkina Faso,2,2,15,7,458,266,1.9980459710000003,1.258992304,4,1,63.3,75,74,75,65,1.5,1.5,75,74,75,65,1.5,1.5,1.5,1.5
3920401,Africa - African Cup of Nations,2023,Guinea,Gambia,1,0,16,7,488,390,2.438514768,0.254498846,1,0,55.6,75,74,75,65,1.5,1.5,75,74,75,65,1.5,1.5,1.5,1.5
3920400,Africa - African Cup of Nations,2023,Senegal,Cameroon,3,1,5,5,378,424,1.2311799,0.248547065,4,0,47.1,75,74,75,65,1.5,1.5,75,74,75,65,1.5,1.5,1.5,1.5
3920399,Africa - African Cup of Nations,2023,Cape Verde Islands,Mozambique,3,0,11,8,458,471,0.5990378949,0.3310106096,3,0,49.3,75,74,75,65,1.5,1.5,75,74,75,65,1.5,1.5,1.5,1.5
3920398,Africa - African Cup of Nations,2023,Côte d'Ivoire,Nigeria,0,1,14,11,460,268,0.6072311182,1.575570081,1,2,63.2,75,74,75,65,1.5,1.5,75,74,75,65,1.5,1.5,1.5,1.5
3920397,Africa - African Cup of Nations,2023,Equatorial Guinea,Guinea-Bissau,4,2,8,12,405,387,1.777497407,1.0344140439999998,6,0,51.1,75,74,75,65,1.5,1.5,75,74,75,65,1.5,1.5,1.5,1.5
3920395,Africa - African Cup of Nations,2023,Congo DR,Zambia,1,1,27,3,499,409,2.6822564570000007,0.096432803,2,1,55.0,75,74,75,65,1.5,1.5,75,74,75,65,1.5,1.5,1.5,1.5
3920394,Africa - African Cup of Nations,2023,Morocco,Tanzania,3,0,15,2,520,470,2.3002813489999996,0.011926915,3,0,52.5,75,74,75,65,1.5,1.5,75,74,75,65,1.5,1.5,1.5,1.5
3920393,Africa - African Cup of Nations,2023,Tunisia,Namibia,0,1,9,13,490,325,0.8706826864999999,1.6100867956999996,1,2,60.1,75,74,75,65,1.5,1.5,75,74,75,65,1.5,1.5,1.5,1.5
3920392,Africa - African Cup of Nations,2023,Burkina Faso,Mauritania,1,0,11,9,457,269,1.1366585009999999,0.515656181,1,0,62.9,75,74,75,65,1.5,1.5,75,74,75,65,1.5,1.5,1.5,1.5
3920391,Africa - African Cup of Nations,2023,Mali,South Africa,2,0,16,12,438,531,2.3419830654,1.3898648276,2,0,45.2,75,74,75,65,1.5,1.5,75,74,75,65,1.5,1.5,1.5,1.5
3920390,Africa - African Cup of Nations,2023,Algeria,Angola,1,1,16,7,589,296,0.696929411,1.197465477,2,1,66.6,75,74,75,65,1.5,1.5,75,74,75,65,1.5,1.5,1.5,1.5
3920389,Africa - African Cup of Nations,2023,Cameroon,Guinea,1,1,13,6,510,231,0.8791735999999998,0.7102196794,2,1,68.8,75,74,75,65,1.5,1.5,75,74,75,65,1.5,1.5,1.5,1.5
3920388,Africa - African Cup of Nations,2023,Senegal,Gambia,3,0,14,12,594,291,1.7206512,1.008395458,3,0,67.1,75,74,75,65,1.5,1.5,75,74,75,65,1.5,1.5,1.5,1.5
3920384,Africa - African Cup of Nations,2023,Côte d'Ivoire,Guinea-Bissau,2,0,10,10,598,394,0.706896166,0.5296147163,2,0,60.3,75,74,75,65,1.5,1.5,75,74,75,65,1.5,1.5,1.5,1.5
22912,Europe - Champions League,2018/2019,Tottenham Hotspur,Liverpool,0,2,16,14,564,326,0.9242636489999999,1.2031476561,2,2,63.4,80,75,78,65,1.8,1.4,86,80,85,77,2.3,1.0,1.4,1.85
18245,Europe - Champions League,2017/2018,Real Madrid,Liverpool,3,1,14,14,673,360,1.6771192527000003,1.427066907,4,0,65.2,91,86,89,82,2.6,0.8,86,80,85,77,2.3,1.0,1.8,1.55
18244,Europe - Champions League,2016/2017,Juventus,Real Madrid,1,4,9,18,442,559,0.419174436,1.571721539,5,2,44.2,80,82,79,71,1.8,1.0,91,86,89,82,2.6,0.8,1.3,1.8
18243,Europe - Champions League,2015/2016,Real Madrid,Atlético Madrid,1,1,31,22,640,718,6.5008142376,5.672406926,2,1,47.1,91,86,89,82,2.6,0.8,82,88,81,74,1.9,0.8,1.7,1.35
18242,Europe - Champions League,2014/2015,Juventus,Barcelona,1,3,15,17,377,600,1.3841882210000003,2.2706584710000004,4,2,38.6,80,82,79,71,1.8,1.0,89,83,88,80,2.5,0.9,1.35,1.75
18241,Europe - Champions League,2013/2014,Real Madrid,Atlético Madrid,4,1,20,12,779,472,2.6064781434,1.0645477276,5,0,62.3,91,86,89,82,2.6,0.8,82,88,81,74,1.9,0.8,1.7,1.35
18240,Europe - Champions League,2012/2013,Borussia Dortmund,Bayern Munich,1,2,13,17,411,589,1.5169214700000002,3.076197259,3,2,41.1,83,78,82,72,2.1,1.2,90,84,87,81,2.7,0.9,1.5,1.95
18237,Europe - Champions League,2011/2012,Bayern Munich,Chelsea,1,1,45,14,706,559,7.4038602468,4.2093518415,2,1,55.8,90,84,87,81,2.7,0.9,81,79,80,70,1.9,1.2,1.95,1.4
18236,Europe - Champions League,2010/2011,Barcelona,Manchester United,3,1,22,4,827,395,1.9315356259999998,0.302758088,4,0,67.7,89,83,88,80,2.5,0.9,79,74,76,62,1.7,1.5,2.0,1.3
18235,Europe - Champions League,2009/2010,Bayern Munich,Inter Milan,0,2,22,12,635,298,1.0990973026000004,1.1474298763,2,2,68.1,90,84,87,81,2.7,0.9,85,84,83,76,2.2,0.9,1.8,1.55
3750201,Europe - Champions League,2008/2009,Barcelona,Manchester United,2,0,11,12,518,485,1.1987444355,1.1492295620000001,2,0,51.6,89,83,88,80,2.5,0.9,79,74,76,62,1.7,1.5,2.0,1.3
3750200,Europe - Champions League,2006/2007,AC Milan,Liverpool,2,1,6,14,452,405,0.459324784,0.9253098710000001,3,0,52.7,82,81,80,73,2.0,1.1,86,80,85,77,2.3,1.0,1.5,1.7
2302764,Europe - Champions League,2004/2005,AC Milan,Liverpool,3,3,28,21,684,611,6.2895763215,4.930631157500001,6,1,52.8,82,81,80,73,2.0,1.1,86,80,85,77,2.3,1.0,1.5,1.7
3752619,Europe - Champions League,2003/2004,AS Monaco,FC Porto,0,3,9,4,511,427,0.6826936379999999,0.499919897,3,2,54.5,75,74,75,65,1.5,1.5,75,74,75,65,1.5,1.5,1.5,1.5
3750240,Europe - Champions League,1999/2000,Fiorentina,Manchester United,2,0,14,13,353,682,0.9177297355,0.961947799,2,0,34.1,75,74,75,65,1.5,1.5,79,74,76,62,1.7,1.5,1.5,1.6
3888706,Europe - Champions League,1972/1973,Ajax,Juventus,1,0,31,11,452,366,2.4362320436,0.758452447,1,0,55.3,75,74,75,65,1.5,1.5,80,82,79,71,1.8,1.0,1.25,1.65
3750235,Europe - Champions League,1971/1972,Ajax,Inter Milan,2,0,25,10,471,344,1.6360968415,0.436679478,2,0,57.8,75,74,75,65,1.5,1.5,85,84,83,76,2.2,0.9,1.2,1.85
3888711,Europe - Champions League,1970/1971,Ajax,Panathinaikos,2,0,20,14,442,485,2.084321901,0.7718429139999999,2,0,47.7,75,74,75,65,1.5,1.5,75,74,75,65,1.5,1.5,1.5,1.5
3943077,South America - Copa America,2024,Argentina,Colombia,1,0,11,19,537,659,1.0827015698,0.9881783155999999,1,0,44.9,87,82,85,82,2.2,0.9,75,74,75,65,1.5,1.5,1.85,1.2
3943076,South America - Copa America,2024,Canada,Uruguay,2,2,19,16,378,365,6.205309528,4.650426863,4,1,50.9,75,74,75,65,1.5,1.5,75,74,75,65,1.5,1.5,1.5,1.5
3942852,South America - Copa America,2024,Uruguay,Colombia,0,1,11,11,460,304,0.754563564,1.171960657,1,2,60.2,75,74,75,65,1.5,1.5,75,74,75,65,1.5,1.5,1.5,1.5
3942785,South America - Copa America,2024,Argentina,Canada,2,0,11,9,506,477,1.7562350693999997,0.6771871380000001,2,0,51.5,87,82,85,82,2.2,0.9,75,74,75,65,1.5,1.5,1.85,1.2
3942416,South America - Copa America,2024,Colombia,Panama,5,0,7,14,413,370,2.180404504,0.609951584,5,0,52.7,75,74,75,65,1.5,1.5,75,74,75,65,1.5,1.5,1.5,1.5
3942415,South America - Copa America,2024,Uruguay,Brazil,0,0,17,11,282,425,4.547336302,3.8098747530000003,0,1,39.9,75,74,75,65,1.5,1.5,87,83,86,79,2.4,0.9,1.2,1.95
3939986,South America - Copa America,2024,Argentina,Peru,2,0,12,7,666,251,2.1057768130000003,0.1666223537,2,0,72.6,87,82,85,82,2.2,0.9,75,74,75,65,1.5,1.5,1.85,1.2
3939973,South America - Copa America,2024,Uruguay,Panama,3,1,20,10,450,379,1.3614407430000004,0.540888124,4,0,54.3,75,74,75,65,1.5,1.5,75,74,75,65,1.5,1.5,1.5,1.5
3942229,South America - Copa America,2024,Venezuela,Canada,1,1,21,22,479,382,5.6230584957,6.053594003000001,2,1,55.6,75,74,75,65,1.5,1.5,75,74,75,65,1.5,1.5,1.5,1.5
3942228,South America - Copa America,2024,Argentina,Ecuador,1,1,13,13,401,393,4.77673787,4.522527616,2,1,50.5,87,82,85,82,2.2,0.9,75,74,75,65,1.5,1.5,1.85,1.2
3939985,South America - Copa America,2024,Canada,Chile,0,0,9,8,477,364,0.699493846,0.454009303,0,1,56.7,75,74,75,65,1.5,1.5,75,74,75,65,1.5,1.5,1.5,1.5
3939984,South America - Copa America,2024,Colombia,Costa Rica,3,0,18,5,566,335,2.902314693,0.165297975,3,0,62.8,75,74,75,65,1.5,1.5,75,74,75,65,1.5,1.5,1.5,1.5
3939981,South America - Copa America,2024,Panama,United States,2,1,13,6,596,224,0.730782593,0.914278539,3,0,72.7,75,74,75,65,1.5,1.5,75,74,75,65,1.5,1.5,1.5,1.5
3939992,South America - Copa America,2024,Costa Rica,Paraguay,2,1,2,17,304,569,0.27205455,1.440062704,3,0,34.8,75,74,75,65,1.5,1.5,75,74,75,65,1.5,1.5,1.5,1.5
3939991,South America - Copa America,2024,Brazil,Colombia,1,1,7,13,447,449,0.30581762,1.5030030165000001,2,1,49.9,87,83,86,79,2.4,0.9,75,74,75,65,1.5,1.5,1.95,1.2
3939990,South America - Copa America,2024,United States,Uruguay,0,1,8,12,377,352,0.470996951,1.2715211382000002,1,2,51.7,75,74,75,65,1.5,1.5,75,74,75,65,1.5,1.5,1.5,1.5
3939989,South America - Copa America,2024,Bolivia,Panama,1,3,7,13,480,458,0.7878645950000001,1.3405597112999998,4,2,51.2,75,74,75,65,1.5,1.5,75,74,75,65,1.5,1.5,1.5,1.5
3939988,South America - Copa America,2024,Mexico,Ecuador,0,0,20,9,454,319,0.937626587,0.30584925900000004,0,1,58.7,75,74,75,65,1.5,1.5,75,74,75,65,1.5,1.5,1.5,1.5
3939987,South America - Copa America,2024,Jamaica,Venezuela,0,3,8,17,392,436,0.667584843,1.714409986,3,2,47.3,75,74,75,65,1.5,1.5,75,74,75,65,1.5,1.5,1.5,1.5
3939983,South America - Copa America,2024,Paraguay,Brazil,1,4,15,17,421,500,0.6916759419,3.747689849,5,2,45.7,75,74,75,65,1.5,1.5,87,83,86,79,2.4,0.9,1.2,1.95
3939982,South America - Copa America,2024,Uruguay,Bolivia,5,0,18,4,531,353,2.3209622755,0.0507624025,5,0,60.1,75,74,75,65,1.5,1.5,75,74,75,65,1.5,1.5,1.5,1.5
3939980,South America - Copa America,2024,Ecuador,Jamaica,3,1,23,7,313,377,2.3315944957999997,0.934746927,4,0,45.4,75,74,75,65,1.5,1.5,75,74,75,65,1.5,1.5,1.5,1.5
3939979,South America - Copa America,2024,Venezuela,Mexico,1,0,10,18,359,530,1.138640792,2.384322616,1,0,40.4,75,74,75,65,1.5,1.5,75,74,75,65,1.5,1.5,1.5,1.5
3939978,South America - Copa America,2024,Peru,Canada,0,1,9,5,406,405,0.5764393578000001,0.909048214,1,2,50.1,75,74,75,65,1.5,1.5,75,74,75,65,1.5,1.5,1.5,1.5
3939977,South America - Copa America,2024,Chile,Argentina,0,1,3,22,395,596,0.1309882215,2.784060325,1,2,39.9,75,74,75,65,1.5,1.5,87,82,85,82,2.2,0.9,1.2,1.85
3939976,South America - Copa America,2024,Brazil,Costa Rica,0,0,20,2,748,262,1.621192136,0.036730567000000006,0,1,74.1,87,83,86,79,2.4,0.9,75,74,75,65,1.5,1.5,1.95,1.2
3939975,South America - Copa America,2024,Colombia,Paraguay,2,1,11,11,561,291,0.621920841,0.8275965940000001,3,0,65.8,75,74,75,65,1.5,1.5,75,74,75,65,1.5,1.5,1.5,1.5
3939974,South America - Copa America,2024,United States,Bolivia,2,0,20,6,584,391,2.4046838079999997,0.1496907824,2,0,59.9,75,74,75,65,1.5,1.5,75,74,75,65,1.5,1.5,1.5,1.5
3939972,South America - Copa America,2024,Ecuador,Venezuela,1,2,9,14,298,550,0.7355915667,1.5850185390000002,3,2,35.1,75,74,75,65,1.5,1.5,75,74,75,65,1.5,1.5,1.5,1.5
3939971,South America - Copa America,2024,Mexico,Jamaica,1,0,20,13,565,375,1.136080327,0.5061592739999999,1,0,60.1,75,74,75,65,1.5,1.5,75,74,75,65,1.5,1.5,1.5,1.5
3939970,South America - Copa America,2024,Peru,Chile,0,0,7,11,323,558,0.6772752089999999,1.024763887,0,1,36.7,75,74,75,65,1.5,1.5,75,74,75,65,1.5,1.5,1.5,1.5
3939969,South America - Copa America,2024,Argentina,Canada,2,0,19,10,652,353,3.538291301,0.9772994850000001,2,0,64.9,87,82,85,82,2.2,0.9,75,74,75,65,1.5,1.5,1.85,1.2
3750248,Spain - Copa del Rey,1983/1984,Athletic Club,Barcelona,1,0,8,14,230,438,0.616020179,0.910174906,1,0,34.4,75,74,75,65,1.5,1.5,89,83,88,80,2.5,0.9,1.2,2.0
3888721,Spain - Copa del Rey,1982/1983,Barcelona,Real Madrid,2,1,15,10,302,352,1.8508403467,1.1985407940000004,3,0,46.2,89,83,88,80,2.5,0.9,91,86,89,82,2.6,0.8,1.65,1.75
3888754,Spain - Copa del Rey,1977/1978,Barcelona,Las Palmas,3,1,13,14,348,378,1.4074092677999999,0.5440168902000001,4,0,47.9,89,83,88,80,2.5,0.9,75,74,75,65,1.5,1.5,2.0,1.2
3775648,England - FA Women's Super League,2020/2021,Aston Villa,Arsenal WFC,0,4,5,27,221,809,0.284652541,3.3292469142000005,4,2,21.5,77,76,75,67,1.7,1.3,84,82,83,75,2.2,1.1,1.4,1.75
3775609,England - FA Women's Super League,2020/2021,Arsenal WFC,West Ham United LFC,2,0,15,7,660,313,2.3910744919999996,0.414609262,2,0,67.8,84,82,83,75,2.2,1.1,74,72,73,60,1.5,1.6,1.9,1.3
3775633,England - FA Women's Super League,2020/2021,Aston Villa,Tottenham Hotspur Women,1,0,8,12,259,601,0.216967472,0.448527685,1,0,30.1,77,76,75,67,1.7,1.3,80,75,78,65,1.8,1.4,1.55,1.55
3775570,England - FA Women's Super League,2020/2021,Brighton & Hove Albion WFC,Everton LFC,0,5,6,15,327,659,0.5641603215,3.0969817549999994,5,2,33.2,76,73,77,66,1.6,1.4,75,74,75,65,1.5,1.5,1.55,1.45
3775581,England - FA Women's Super League,2020/2021,Chelsea FCW,Aston Villa,2,0,19,1,669,311,1.8105247369999997,0.007004283,2,0,68.3,81,79,80,70,1.9,1.2,77,76,75,67,1.7,1.3,1.6,1.45
3775579,England - FA Women's Super League,2020/2021,Reading WFC,Brighton & Hove Albion WFC,3,2,17,9,428,534,2.3961760896,0.6439802450000001,5,0,44.5,75,74,75,65,1.5,1.5,76,73,77,66,1.6,1.4,1.45,1.55
3775544,England - FA Women's Super League,2020/2021,Aston Villa,West Ham United LFC,0,0,7,26,289,498,1.2055827399999999,2.783204588,0,1,36.7,77,76,75,67,1.7,1.3,74,72,73,60,1.5,1.6,1.65,1.4
3775622,England - FA Women's Super League,2020/2021,Manchester United,Tottenham Hotspur Women,4,1,18,3,432,415,2.620651556,0.13912280999999999,5,0,51.0,79,74,76,62,1.7,1.5,80,75,78,65,1.8,1.4,1.55,1.65
3775553,England - FA Women's Super League,2020/2021,Birmingham City WFC,West Ham United LFC,1,2,8,13,387,522,0.9172970359999999,1.2774032516999998,3,2,42.6,75,74,75,65,1.5,1.5,74,72,73,60,1.5,1.6,1.55,1.5
3775584,England - FA Women's Super League,2020/2021,Arsenal WFC,Birmingham City WFC,3,0,30,4,677,265,4.297379127999999,0.123861262,3,0,71.9,84,82,83,75,2.2,1.1,75,74,75,65,1.5,1.5,1.85,1.3
3775618,England - FA Women's Super League,2020/2021,Reading WFC,Birmingham City WFC,0,1,21,4,514,328,1.183333674,0.305471523,1,2,61.0,75,74,75,65,1.5,1.5,75,74,75,65,1.5,1.5,1.5,1.5
3775641,England - FA Women's Super League,2020/2021,Aston Villa,Birmingham City WFC,0,1,14,8,504,364,0.8715550940000001,0.36099118529999996,1,2,58.1,77,76,75,67,1.7,1.3,75,74,75,65,1.5,1.5,1.6,1.4
3775636,England - FA Women's Super League,2020/2021,Bristol City WFC,Birmingham City WFC,0,4,8,12,414,492,0.2870614685,1.9386177409999998,4,2,45.7,75,74,75,65,1.5,1.5,75,74,75,65,1.5,1.5,1.5,1.5
3775653,England - FA Women's Super League,2020/2021,Birmingham City WFC,Everton LFC,0,4,6,8,297,728,0.462358038,0.7526448793,4,2,29.0,75,74,75,65,1.5,1.5,75,74,75,65,1.5,1.5,1.5,1.5
3775654,England - FA Women's Super League,2020/2021,Birmingham City WFC,Bristol City WFC,1,1,15,12,408,389,0.6603329560000001,1.1234619764000002,2,1,51.2,75,74,75,65,1.5,1.5,75,74,75,65,1.5,1.5,1.5,1.5
3775643,England - FA Women's Super League,2020/2021,West Ham United LFC,Birmingham City WFC,2,2,15,8,421,393,1.300922275,0.719243401,4,1,51.7,74,72,73,60,1.5,1.6,75,74,75,65,1.5,1.5,1.5,1.55
3764237,England - FA Women's Super League,2020/2021,Birmingham City WFC,Manchester United,2,5,6,25,431,492,0.571429407,3.004775854,7,2,46.7,75,74,75,65,1.5,1.5,79,74,76,62,1.7,1.5,1.5,1.6
3775594,England - FA Women's Super League,2020/2021,Manchester United,Birmingham City WFC,2,0,23,1,652,245,3.20264501,0.03748088,2,0,72.7,79,74,76,62,1.7,1.5,75,74,75,65,1.5,1.5,1.6,1.5
3775560,England - FA Women's Super League,2020/2021,Arsenal WFC,Aston Villa,0,0,19,2,748,200,2.115845209,0.081766618,0,1,78.9,84,82,83,75,2.2,1.1,77,76,75,67,1.7,1.3,1.75,1.4
3775624,England - FA Women's Super League,2020/2021,Manchester United,Manchester City WFC,2,2,14,20,394,461,1.6451984414000003,2.2465784890000005,4,1,46.1,79,74,76,62,1.7,1.5,88,85,87,78,2.4,0.9,1.3,1.95
3764240,England - FA Women's Super League,2020/2021,Bristol City WFC,Everton LFC,0,4,10,14,326,601,0.685200515,2.483701339,4,2,35.2,75,74,75,65,1.5,1.5,75,74,75,65,1.5,1.5,1.5,1.5
3764233,England - FA Women's Super League,2020/2021,Arsenal WFC,Reading WFC,6,1,20,11,524,399,4.451305034999999,1.019777936,7,0,56.8,84,82,83,75,2.2,1.1,75,74,75,65,1.5,1.5,1.85,1.3
3775585,England - FA Women's Super League,2020/2021,Brighton & Hove Albion WFC,Bristol City WFC,3,1,16,9,479,260,1.6893014493,0.8698701560000001,4,0,64.8,76,73,77,66,1.6,1.4,75,74,75,65,1.5,1.5,1.55,1.45
3775593,England - FA Women's Super League,2020/2021,Chelsea FCW,Reading WFC,5,0,16,7,605,418,2.330755275,0.5643405635,5,0,59.1,81,79,80,70,1.9,1.2,75,74,75,65,1.5,1.5,1.7,1.35
3775602,England - FA Women's Super League,2020/2021,West Ham United LFC,Reading WFC,0,1,11,10,433,442,1.7958199909999997,1.0840650235,1,2,49.5,74,72,73,60,1.5,1.6,75,74,75,65,1.5,1.5,1.5,1.55
3775620,England - FA Women's Super League,2020/2021,Everton LFC,West Ham United LFC,3,1,16,9,446,487,2.191244031,0.9782128999999998,4,0,47.8,75,74,75,65,1.5,1.5,74,72,73,60,1.5,1.6,1.55,1.5
3764232,England - FA Women's Super League,2020/2021,Manchester United,Chelsea FCW,1,1,12,16,552,511,1.2584715419999999,2.739734262,2,1,51.9,79,74,76,62,1.7,1.5,81,79,80,70,1.9,1.2,1.45,1.7
3775559,England - FA Women's Super League,2020/2021,Arsenal WFC,Everton LFC,4,0,17,4,660,425,2.990310034,0.277327833,4,0,60.8,84,82,83,75,2.2,1.1,75,74,75,65,1.5,1.5,1.85,1.3
3775606,England - FA Women's Super League,2020/2021,Reading WFC,Chelsea FCW,0,5,6,17,438,515,0.1087011844,2.822025119,5,2,46.0,75,74,75,65,1.5,1.5,81,79,80,70,1.9,1.2,1.35,1.7
3775567,England - FA Women's Super League,2020/2021,Chelsea FCW,Manchester United,2,1,18,5,445,450,2.2244874420000005,0.307653723,3,0,49.7,81,79,80,70,1.9,1.2,79,74,76,62,1.7,1.5,1.7,1.45
3775638,England - FA Women's Super League,2020/2021,Brighton & Hove Albion WFC,Tottenham Hotspur Women,2,0,7,13,377,532,0.727058695,1.464293755,2,0,41.5,76,73,77,66,1.6,1.4,80,75,78,65,1.8,1.4,1.5,1.6
3775607,England - FA Women's Super League,2020/2021,Bristol City WFC,Reading WFC,3,2,11,19,294,488,0.9990110729999999,2.0662802879999997,5,0,37.6,75,74,75,65,1.5,1.5,75,74,75,65,1.5,1.5,1.5,1.5
3764230,England - FA Women's Super League,2020/2021,Tottenham Hotspur Women,West Ham United LFC,1,1,12,8,503,464,0.793853057,0.779882997,2,1,52.0,80,75,78,65,1.8,1.4,74,72,73,60,1.5,1.6,1.7,1.45
3764241,England - FA Women's Super League,2020/2021,Manchester City WFC,Brighton & Hove Albion WFC,0,0,15,7,690,348,1.9036923552000002,0.322644333,0,1,66.5,88,85,87,78,2.4,0.9,76,73,77,66,1.6,1.4,1.9,1.25
3764235,England - FA Women's Super League,2020/2021,Chelsea FCW,Bristol City WFC,9,0,36,1,770,270,6.113784206,0.05846139,9,0,74.0,81,79,80,70,1.9,1.2,75,74,75,65,1.5,1.5,1.7,1.35
3764239,England - FA Women's Super League,2020/2021,Everton LFC,Tottenham Hotspur Women,1,0,8,9,461,450,1.320194248,0.362227538,1,0,50.6,75,74,75,65,1.5,1.5,80,75,78,65,1.8,1.4,1.45,1.65
3764236,England - FA Women's Super League,2020/2021,Reading WFC,Aston Villa,3,1,25,8,383,335,3.1748980581999997,1.2332779189999998,4,0,53.3,75,74,75,65,1.5,1.5,77,76,75,67,1.7,1.3,1.4,1.6
3764231,England - FA Women's Super League,2020/2021,Brighton & Hove Albion WFC,Birmingham City WFC,2,0,17,4,476,408,1.6522350929999998,0.317775043,2,0,53.8,76,73,77,66,1.6,1.4,75,74,75,65,1.5,1.5,1.55,1.45
3764234,England - FA Women's Super League,2020/2021,Aston Villa,Manchester City WFC,0,2,7,17,380,646,0.6288805719999999,4.002514137,2,2,37.0,77,76,75,67,1.7,1.3,88,85,87,78,2.4,0.9,1.3,1.85
3775543,England - FA Women's Super League,2020/2021,Brighton & Hove Albion WFC,Arsenal WFC,0,5,8,15,390,748,0.615871469,2.3236310575,5,2,34.3,76,73,77,66,1.6,1.4,84,82,83,75,2.2,1.1,1.35,1.8
3775551,England - FA Women's Super League,2020/2021,Manchester United,Arsenal WFC,1,0,24,9,441,515,1.7195489890000002,0.35310083600000003,1,0,46.1,79,74,76,62,1.7,1.5,84,82,83,75,2.2,1.1,1.4,1.85
3775540,England - FA Women's Super League,2020/2021,Aston Villa,Bristol City WFC,2,2,13,11,363,437,1.1252363739999998,0.515257816,4,1,45.4,77,76,75,67,1.7,1.3,75,74,75,65,1.5,1.5,1.6,1.4
3775550,England - FA Women's Super League,2020/2021,Everton LFC,Chelsea FCW,0,3,6,20,561,571,0.43707727900000004,3.9252902969999997,3,2,49.6,75,74,75,65,1.5,1.5,81,79,80,70,1.9,1.2,1.35,1.7
3775545,England - FA Women's Super League,2020/2021,Manchester City WFC,Tottenham Hotspur Women,4,1,24,4,623,295,3.038886399,0.35005636500000004,5,0,67.9,88,85,87,78,2.4,0.9,80,75,78,65,1.8,1.4,1.9,1.35
3775556,England - FA Women's Super League,2020/2021,Brighton & Hove Albion WFC,Aston Villa,0,2,11,11,461,410,0.48322478449999995,1.034694404,2,2,52.9,76,73,77,66,1.6,1.4,77,76,75,67,1.7,1.3,1.45,1.55
3775575,England - FA Women's Super League,2020/2021,Aston Villa,Everton LFC,0,6,10,18,492,563,0.6875018669999999,2.7308705009999996,6,2,46.6,77,76,75,67,1.7,1.3,75,74,75,65,1.5,1.5,1.6,1.4
3775562,England - FA Women's Super League,2020/2021,Manchester United,Brighton & Hove Albion WFC,3,0,22,5,428,409,3.6344742759999997,0.26153648860000006,3,0,51.1,79,74,76,62,1.7,1.5,76,73,77,66,1.6,1.4,1.55,1.55
3775561,England - FA Women's Super League,2020/2021,West Ham United LFC,Manchester United,2,4,10,17,520,371,0.547712296,2.645717678,6,2,58.4,74,72,73,60,1.5,1.6,79,74,76,62,1.7,1.5,1.5,1.65
3775582,England - FA Women's Super League,2020/2021,Everton LFC,Brighton & Hove Albion WFC,2,2,18,7,465,366,1.3849709577000002,0.7542921699999999,4,1,56.0,75,74,75,65,1.5,1.5,76,73,77,66,1.6,1.4,1.45,1.55
3775558,England - FA Women's Super League,2020/2021,Reading WFC,Manchester United,1,2,8,16,409,380,0.5025916690000001,1.8072980739999998,3,2,51.8,75,74,75,65,1.5,1.5,79,74,76,62,1.7,1.5,1.5,1.6
3775552,England - FA Women's Super League,2020/2021,Tottenham Hotspur Women,Everton LFC,2,3,10,15,424,502,1.083335871,3.246616757,5,2,45.8,80,75,78,65,1.8,1.4,75,74,75,65,1.5,1.5,1.65,1.45
3775557,England - FA Women's Super League,2020/2021,Arsenal WFC,Brighton & Hove Albion WFC,2,0,18,3,723,292,2.109231243,0.228723277,2,0,71.2,84,82,83,75,2.2,1.1,76,73,77,66,1.6,1.4,1.8,1.35
3775564,England - FA Women's Super League,2020/2021,Manchester City WFC,Reading WFC,1,0,19,3,615,300,2.603015344,0.240574283,1,0,67.2,88,85,87,78,2.4,0.9,75,74,75,65,1.5,1.5,1.95,1.2
3775569,England - FA Women's Super League,2020/2021,Bristol City WFC,Arsenal WFC,0,4,4,28,272,701,0.12728884499999998,5.237738053,4,2,28.0,75,74,75,65,1.5,1.5,84,82,83,75,2.2,1.1,1.3,1.85
3775548,England - FA Women's Super League,2020/2021,Chelsea FCW,Arsenal WFC,3,0,10,7,372,621,1.253427695,0.40432545899999994,3,0,37.5,81,79,80,70,1.9,1.2,84,82,83,75,2.2,1.1,1.5,1.7
3775568,England - FA Women's Super League,2020/2021,Birmingham City WFC,Aston Villa,1,1,6,6,346,314,0.35062850840000004,0.8355168920000001,2,1,52.4,75,74,75,65,1.5,1.5,77,76,75,67,1.7,1.3,1.4,1.6
3775563,England - FA Women's Super League,2020/2021,Manchester United,Everton LFC,2,0,13,13,479,505,1.3169982230000001,1.143805809,2,0,48.7,79,74,76,62,1.7,1.5,75,74,75,65,1.5,1.5,1.6,1.5
3775555,England - FA Women's Super League,2020/2021,Tottenham Hotspur Women,Chelsea FCW,0,2,5,21,392,608,0.25983654500000003,3.230951305,2,2,39.2,80,75,78,65,1.8,1.4,81,79,80,70,1.9,1.2,1.5,1.65
3775549,England - FA Women's Super League,2020/2021,Birmingham City WFC,Tottenham Hotspur Women,0,1,5,10,268,592,0.594182812,0.51785669,1,2,31.2,75,74,75,65,1.5,1.5,80,75,78,65,1.8,1.4,1.45,1.65
3775572,England - FA Women's Super League,2020/2021,Birmingham City WFC,Chelsea FCW,0,1,4,20,306,675,0.212206235,2.341019751,1,2,31.2,75,74,75,65,1.5,1.5,81,79,80,70,1.9,1.2,1.35,1.7
3775577,England - FA Women's Super League,2020/2021,Everton LFC,Arsenal WFC,1,2,5,11,390,657,0.27506880499999997,1.8834720963999998,3,2,37.2,75,74,75,65,1.5,1.5,84,82,83,75,2.2,1.1,1.3,1.85
3775541,England - FA Women's Super League,2020/2021,Manchester United,Aston Villa,3,0,15,0,694,285,1.452543577,0.0,3,0,70.9,79,74,76,62,1.7,1.5,77,76,75,67,1.7,1.3,1.5,1.6
3775588,England - FA Women's Super League,2020/2021,Tottenham Hotspur Women,Brighton & Hove Albion WFC,3,1,17,12,415,391,3.3690080898000003,1.7207559255,4,0,51.5,80,75,78,65,1.8,1.4,76,73,77,66,1.6,1.4,1.6,1.5
3775586,England - FA Women's Super League,2020/2021,Arsenal WFC,Tottenham Hotspur Women,6,1,13,9,713,313,2.571051212,1.650048394,7,0,69.5,84,82,83,75,2.2,1.1,80,75,78,65,1.8,1.4,1.8,1.45
3775592,England - FA Women's Super League,2020/2021,Tottenham Hotspur Women,Reading WFC,1,1,9,11,404,447,1.188718419,1.169752521,2,1,47.5,80,75,78,65,1.8,1.4,75,74,75,65,1.5,1.5,1.65,1.45
3775580,England - FA Women's Super League,2020/2021,Brighton & Hove Albion WFC,Chelsea FCW,0,1,5,14,430,722,0.1751888196,0.8314799335,1,2,37.3,76,73,77,66,1.6,1.4,81,79,80,70,1.9,1.2,1.4,1.65
3775591,England - FA Women's Super League,2020/2021,West Ham United LFC,Chelsea FCW,0,2,7,15,358,543,0.591015619,2.0890843675,2,2,39.7,74,72,73,60,1.5,1.6,81,79,80,70,1.9,1.2,1.35,1.75
3775590,England - FA Women's Super League,2020/2021,Everton LFC,Birmingham City WFC,1,1,13,7,609,260,0.989859761,1.9978616470000001,2,1,70.1,75,74,75,65,1.5,1.5,75,74,75,65,1.5,1.5,1.5,1.5
3775571,England - FA Women's Super League,2020/2021,Aston Villa,Reading WFC,2,2,9,24,308,548,1.4321790499999998,2.393277088,4,1,36.0,77,76,75,67,1.7,1.3,75,74,75,65,1.5,1.5,1.6,1.4
3775589,England - FA Women's Super League,2020/2021,Reading WFC,Arsenal WFC,1,1,5,12,350,478,0.688897027,2.2935373159999997,2,1,42.3,75,74,75,65,1.5,1.5,84,82,83,75,2.2,1.1,1.3,1.85
3775578,England - FA Women's Super League,2020/2021,Reading WFC,Everton LFC,1,1,11,13,343,529,2.1531481400000003,0.8493437770000001,2,1,39.3,75,74,75,65,1.5,1.5,75,74,75,65,1.5,1.5,1.5,1.5
3775596,England - FA Women's Super League,2020/2021,Bristol City WFC,Manchester City WFC,0,3,7,23,299,625,0.35178060800000005,3.69132891,3,2,32.4,75,74,75,65,1.5,1.5,88,85,87,78,2.4,0.9,1.2,1.95
3775576,England - FA Women's Super League,2020/2021,Manchester City WFC,Chelsea FCW,2,2,13,16,565,336,1.4764792799999997,2.1567141850000002,4,1,62.7,88,85,87,78,2.4,0.9,81,79,80,70,1.9,1.2,1.8,1.4
3775574,England - FA Women's Super League,2020/2021,Manchester City WFC,Birmingham City WFC,4,0,26,1,827,179,4.041054271,0.077299304,4,0,82.2,88,85,87,78,2.4,0.9,75,74,75,65,1.5,1.5,1.95,1.2
3775573,England - FA Women's Super League,2020/2021,West Ham United LFC,Manchester City WFC,0,1,2,25,213,657,0.151476985,4.7783094550000005,1,2,24.5,74,72,73,60,1.5,1.6,88,85,87,78,2.4,0.9,1.2,2.0
3775597,England - FA Women's Super League,2020/2021,Arsenal WFC,Manchester United,2,0,9,12,348,544,0.5711191800000001,1.214253685,2,0,39.0,84,82,83,75,2.2,1.1,79,74,76,62,1.7,1.5,1.85,1.4
3775611,England - FA Women's Super League,2020/2021,Chelsea FCW,Manchester City WFC,3,1,18,9,448,557,3.100614768,1.285363087,4,0,44.6,81,79,80,70,1.9,1.2,88,85,87,78,2.4,0.9,1.4,1.8
3775628,England - FA Women's Super League,2020/2021,Manchester United,West Ham United LFC,2,0,18,9,624,222,2.612245938,0.5986920410000001,2,0,73.8,79,74,76,62,1.7,1.5,74,72,73,60,1.5,1.6,1.65,1.5
3775612,England - FA Women's Super League,2020/2021,Birmingham City WFC,Reading WFC,1,1,9,17,288,672,0.725689742,1.071954984,2,1,30.0,75,74,75,65,1.5,1.5,75,74,75,65,1.5,1.5,1.5,1.5
3775627,England - FA Women's Super League,2020/2021,Arsenal WFC,Chelsea FCW,1,1,12,10,510,416,1.8563929030000001,1.381833208,2,1,55.1,84,82,83,75,2.2,1.1,81,79,80,70,1.9,1.2,1.7,1.5
3775644,England - FA Women's Super League,2020/2021,Tottenham Hotspur Women,Manchester United,0,1,4,16,345,395,0.494652207,1.674145984,1,2,46.6,80,75,78,65,1.8,1.4,79,74,76,62,1.7,1.5,1.65,1.55
3775637,England - FA Women's Super League,2020/2021,Bristol City WFC,Aston Villa,0,4,13,12,409,509,1.0500857700000001,2.116871271,4,2,44.6,75,74,75,65,1.5,1.5,77,76,75,67,1.7,1.3,1.4,1.6
3775631,England - FA Women's Super League,2020/2021,Bristol City WFC,Tottenham Hotspur Women,2,2,11,15,239,490,1.8073668539999999,1.1035478695999998,4,1,32.8,75,74,75,65,1.5,1.5,80,75,78,65,1.8,1.4,1.45,1.65
3775621,England - FA Women's Super League,2020/2021,Reading WFC,Bristol City WFC,1,1,33,10,606,250,3.4064515305000005,1.085466554,2,1,70.8,75,74,75,65,1.5,1.5,75,74,75,65,1.5,1.5,1.5,1.5
3775615,England - FA Women's Super League,2020/2021,Tottenham Hotspur Women,Aston Villa,3,1,9,9,521,433,1.59124037,0.36090528399999994,4,0,54.6,80,75,78,65,1.8,1.4,77,76,75,67,1.7,1.3,1.55,1.55
3775610,England - FA Women's Super League,2020/2021,Manchester United,Bristol City WFC,6,1,30,9,682,293,3.0289725475,0.8680671573000001,7,0,69.9,79,74,76,62,1.7,1.5,75,74,75,65,1.5,1.5,1.6,1.5
3775616,England - FA Women's Super League,2020/2021,Bristol City WFC,West Ham United LFC,0,4,8,17,337,537,0.5876111102999999,1.731676854,4,2,38.6,75,74,75,65,1.5,1.5,74,72,73,60,1.5,1.6,1.55,1.5
3775632,England - FA Women's Super League,2020/2021,Everton LFC,Manchester City WFC,0,3,7,21,430,582,0.42113493999999996,1.904112647,3,2,42.5,75,74,75,65,1.5,1.5,88,85,87,78,2.4,0.9,1.2,1.95
3775629,England - FA Women's Super League,2020/2021,Brighton & Hove Albion WFC,Manchester City WFC,1,7,4,19,263,928,0.234217866,3.4189266380000003,8,2,22.1,76,73,77,66,1.6,1.4,88,85,87,78,2.4,0.9,1.25,1.9
3775619,England - FA Women's Super League,2020/2021,Brighton & Hove Albion WFC,Reading WFC,1,3,17,10,449,433,2.2105315180000003,0.96627641,4,2,50.9,76,73,77,66,1.6,1.4,75,74,75,65,1.5,1.5,1.55,1.45
3775600,England - FA Women's Super League,2020/2021,Arsenal WFC,Manchester City WFC,1,2,6,13,526,463,0.677266779,2.210578082,3,2,53.2,84,82,83,75,2.2,1.1,88,85,87,78,2.4,0.9,1.55,1.75
3775605,England - FA Women's Super League,2020/2021,Chelsea FCW,Tottenham Hotspur Women,4,0,22,8,742,366,2.58507644,0.42880680299999996,4,0,67.0,81,79,80,70,1.9,1.2,80,75,78,65,1.8,1.4,1.65,1.5
3775626,England - FA Women's Super League,2020/2021,Manchester City WFC,Aston Villa,7,0,23,4,691,394,3.196621951,0.26927889400000005,7,0,63.7,88,85,87,78,2.4,0.9,77,76,75,67,1.7,1.3,1.85,1.3
3775614,England - FA Women's Super League,2020/2021,Bristol City WFC,Chelsea FCW,0,5,3,25,306,707,0.164920019,3.783944642,5,2,30.2,75,74,75,65,1.5,1.5,81,79,80,70,1.9,1.2,1.35,1.7
3775603,England - FA Women's Super League,2020/2021,Brighton & Hove Albion WFC,West Ham United LFC,1,0,11,7,416,476,1.368911029,0.7906332739999999,1,0,46.6,76,73,77,66,1.6,1.4,74,72,73,60,1.5,1.6,1.6,1.45
3775625,England - FA Women's Super League,2020/2021,Manchester City WFC,Bristol City WFC,8,1,24,2,841,165,3.749365486,0.914082746,9,0,83.6,88,85,87,78,2.4,0.9,75,74,75,65,1.5,1.5,1.95,1.2
3775613,England - FA Women's Super League,2020/2021,Tottenham Hotspur Women,Arsenal WFC,0,3,10,23,392,686,0.8704992296000001,1.6534397829999998,3,2,36.4,80,75,78,65,1.8,1.4,84,82,83,75,2.2,1.1,1.45,1.8
3775598,England - FA Women's Super League,2020/2021,Reading WFC,Tottenham Hotspur Women,0,0,12,11,491,329,1.0895000229999998,1.5449466580000002,0,1,59.9,75,74,75,65,1.5,1.5,80,75,78,65,1.8,1.4,1.45,1.65
3775601,England - FA Women's Super League,2020/2021,Bristol City WFC,Manchester United,0,1,10,17,296,426,0.8270283676,1.2857052379999998,1,2,41.0,75,74,75,65,1.5,1.5,79,74,76,62,1.7,1.5,1.5,1.6
3775630,England - FA Women's Super League,2020/2021,Birmingham City WFC,Arsenal WFC,0,4,1,29,272,725,0.25752044,5.163407901,4,2,27.3,75,74,75,65,1.5,1.5,84,82,83,75,2.2,1.1,1.3,1.85
3775651,England - FA Women's Super League,2020/2021,Manchester City WFC,West Ham United LFC,4,0,24,1,822,275,2.8648827069999996,0.039904,4,0,74.9,88,85,87,78,2.4,0.9,74,72,73,60,1.5,1.6,2.0,1.2
3775635,England - FA Women's Super League,2020/2021,West Ham United LFC,Everton LFC,0,0,13,11,325,519,2.006615321,0.8958974839999999,0,1,38.5,74,72,73,60,1.5,1.6,75,74,75,65,1.5,1.5,1.5,1.55
3775650,England - FA Women's Super League,2020/2021,Chelsea FCW,West Ham United LFC,3,2,25,11,596,365,3.5262796335999997,1.4585063060000003,5,0,62.0,81,79,80,70,1.9,1.2,74,72,73,60,1.5,1.6,1.75,1.35
3775647,England - FA Women's Super League,2020/2021,Birmingham City WFC,Brighton & Hove Albion WFC,0,0,5,20,405,459,0.22159632799999998,1.8552457454999995,0,1,46.9,75,74,75,65,1.5,1.5,76,73,77,66,1.6,1.4,1.45,1.55
3775659,England - FA Women's Super League,2020/2021,Reading WFC,Manchester City WFC,1,1,3,26,323,575,0.226317153,2.5446213240000004,2,1,36.0,75,74,75,65,1.5,1.5,88,85,87,78,2.4,0.9,1.2,1.95
3775657,England - FA Women's Super League,2020/2021,Arsenal WFC,Bristol City WFC,3,1,21,3,930,237,1.7940624059999999,0.19094266,4,0,79.7,84,82,83,75,2.2,1.1,75,74,75,65,1.5,1.5,1.85,1.3
3775649,England - FA Women's Super League,2020/2021,Reading WFC,West Ham United LFC,0,5,12,14,446,315,0.37802475300000005,2.1943350404,5,2,58.6,75,74,75,65,1.5,1.5,74,72,73,60,1.5,1.6,1.55,1.5
3775645,England - FA Women's Super League,2020/2021,Chelsea FCW,Everton LFC,4,0,21,12,602,395,2.6798217779999995,0.933902797,4,0,60.4,81,79,80,70,1.9,1.2,75,74,75,65,1.5,1.5,1.7,1.35
3775639,England - FA Women's Super League,2020/2021,Manchester City WFC,Everton LFC,1,0,13,2,681,411,1.165712353,0.067807403,1,0,62.4,88,85,87,78,2.4,0.9,75,74,75,65,1.5,1.5,1.95,1.2
3775642,England - FA Women's Super League,2020/2021,Aston Villa,Brighton & Hove Albion WFC,0,2,15,12,367,432,0.8252718257,1.931656445,2,2,45.9,77,76,75,67,1.7,1.3,76,73,77,66,1.6,1.4,1.55,1.45
3775646,England - FA Women's Super League,2020/2021,Aston Villa,Chelsea FCW,0,4,3,16,318,747,0.347815372,1.324919,4,2,29.9,77,76,75,67,1.7,1.3,81,79,80,70,1.9,1.2,1.45,1.6
3775655,England - FA Women's Super League,2020/2021,West Ham United LFC,Bristol City WFC,1,1,8,14,397,375,0.645792079,1.1618913845,2,1,51.4,74,72,73,60,1.5,1.6,75,74,75,65,1.5,1.5,1.5,1.55
3775640,England - FA Women's Super League,2020/2021,Manchester United,Reading WFC,0,2,19,10,421,406,1.635994919,1.348444408,2,2,50.9,79,74,76,62,1.7,1.5,75,74,75,65,1.5,1.5,1.6,1.5
3775658,England - FA Women's Super League,2020/2021,Manchester City WFC,Manchester United,3,0,17,9,557,415,1.4848741815000002,0.5200411300000001,3,0,57.3,88,85,87,78,2.4,0.9,79,74,76,62,1.7,1.5,1.95,1.3
3775623,England - FA Women's Super League,2020/2021,West Ham United LFC,Brighton & Hove Albion WFC,0,1,17,7,488,330,1.531456723,0.9223320619999998,1,2,59.7,74,72,73,60,1.5,1.6,76,73,77,66,1.6,1.4,1.45,1.6
3775566,England - FA Women's Super League,2020/2021,Aston Villa,Manchester United,0,2,8,31,382,564,0.982911887,2.556162035,2,2,40.4,77,76,75,67,1.7,1.3,79,74,76,62,1.7,1.5,1.6,1.5
3775546,England - FA Women's Super League,2020/2021,Tottenham Hotspur Women,Bristol City WFC,1,1,20,11,473,340,1.7556747566,0.44233194829999994,2,1,58.2,80,75,78,65,1.8,1.4,75,74,75,65,1.5,1.5,1.65,1.45
3775547,England - FA Women's Super League,2020/2021,Birmingham City WFC,Manchester City WFC,0,4,1,22,199,743,0.07968039,2.1957515834,4,2,21.1,75,74,75,65,1.5,1.5,88,85,87,78,2.4,0.9,1.2,1.95
3775587,England - FA Women's Super League,2020/2021,Everton LFC,Manchester United,0,2,9,9,608,421,0.355755255,1.593714658,2,2,59.1,75,74,75,65,1.5,1.5,79,74,76,62,1.7,1.5,1.5,1.6
3775595,England - FA Women's Super League,2020/2021,Bristol City WFC,Brighton & Hove Albion WFC,3,0,12,14,361,492,1.865401729,0.873370073,3,0,42.3,75,74,75,65,1.5,1.5,76,73,77,66,1.6,1.4,1.45,1.55
3775604,England - FA Women's Super League,2020/2021,Tottenham Hotspur Women,Manchester City WFC,0,3,3,15,423,646,0.168896698,2.9014175170000005,3,2,39.6,80,75,78,65,1.8,1.4,88,85,87,78,2.4,0.9,1.35,1.9
3775634,England - FA Women's Super League,2020/2021,Everton LFC,Aston Villa,3,1,11,6,612,275,2.844437817,0.7729623830000001,4,0,69.0,75,74,75,65,1.5,1.5,77,76,75,67,1.7,1.3,1.4,1.6
3775617,England - FA Women's Super League,2020/2021,Brighton & Hove Albion WFC,Manchester United,1,0,9,17,303,542,1.2978825537,1.525593373,1,0,35.9,76,73,77,66,1.6,1.4,79,74,76,62,1.7,1.5,1.55,1.55
3775565,England - FA Women's Super League,2020/2021,Chelsea FCW,Birmingham City WFC,6,0,24,3,683,287,3.9042977540000003,0.222903135,6,0,70.4,81,79,80,70,1.9,1.2,75,74,75,65,1.5,1.5,1.7,1.35
3775583,England - FA Women's Super League,2020/2021,Manchester City WFC,Arsenal WFC,2,1,17,3,572,409,1.1414491346,0.145555682,3,0,58.3,88,85,87,78,2.4,0.9,84,82,83,75,2.2,1.1,1.75,1.55
3775542,England - FA Women's Super League,2020/2021,Everton LFC,Bristol City WFC,4,0,17,9,603,346,2.6107418449999997,1.028051222,4,0,63.5,75,74,75,65,1.5,1.5,75,74,75,65,1.5,1.5,1.5,1.5
3775608,England - FA Women's Super League,2020/2021,West Ham United LFC,Tottenham Hotspur Women,0,1,14,6,465,469,0.944758925,0.8180287669999999,1,2,49.8,74,72,73,60,1.5,1.6,80,75,78,65,1.8,1.4,1.45,1.7
3775599,England - FA Women's Super League,2020/2021,West Ham United LFC,Aston Villa,0,0,7,2,421,284,0.628997095,0.1099724317,0,1,59.7,74,72,73,60,1.5,1.6,77,76,75,67,1.7,1.3,1.4,1.65
3775554,England - FA Women's Super League,2020/2021,Everton LFC,Reading WFC,1,1,19,8,426,432,1.996218709,0.827192916,2,1,49.7,75,74,75,65,1.5,1.5,75,74,75,65,1.5,1.5,1.5,1.5
3775652,England - FA Women's Super League,2020/2021,Chelsea FCW,Brighton & Hove Albion WFC,1,2,31,4,778,245,2.697117304,0.315351515,3,2,76.1,81,79,80,70,1.9,1.2,76,73,77,66,1.6,1.4,1.65,1.4
3764238,England - FA Women's Super League,2020/2021,West Ham United LFC,Arsenal WFC,1,9,3,25,378,541,0.161334734,5.28509327,10,2,41.1,74,72,73,60,1.5,1.6,84,82,83,75,2.2,1.1,1.3,1.9
2275127,England - FA Women's Super League,2019/2020,Reading WFC,Everton LFC,3,2,16,9,377,316,1.8369519165,2.6587218326,5,0,54.4,75,74,75,65,1.5,1.5,75,74,75,65,1.5,1.5,1.5,1.5
2275136,England - FA Women's Super League,2019/2020,Manchester City WFC,Manchester United,1,0,10,8,598,383,0.364264494,0.6087221030000001,1,0,61.0,88,85,87,78,2.4,0.9,79,74,76,62,1.7,1.5,1.95,1.3
2275154,England - FA Women's Super League,2019/2020,Chelsea FCW,Manchester United,1,0,14,7,451,401,1.608795056,0.5365048419999999,1,0,52.9,81,79,80,70,1.9,1.2,79,74,76,62,1.7,1.5,1.7,1.45
2275150,England - FA Women's Super League,2019/2020,West Ham United LFC,Manchester United,3,2,9,12,296,360,0.538556534,1.191634063,5,0,45.1,74,72,73,60,1.5,1.6,79,74,76,62,1.7,1.5,1.5,1.65
2275146,England - FA Women's Super League,2019/2020,Manchester United,Everton LFC,3,1,15,9,507,434,1.865184164,0.30066558699999996,4,0,53.9,79,74,76,62,1.7,1.5,75,74,75,65,1.5,1.5,1.6,1.5
2275142,England - FA Women's Super League,2019/2020,Manchester United,Bristol City WFC,0,1,25,4,644,237,2.5576877045999997,0.1632819455,1,2,73.1,79,74,76,62,1.7,1.5,75,74,75,65,1.5,1.5,1.6,1.5
2275137,England - FA Women's Super League,2019/2020,Manchester United,Tottenham Hotspur Women,3,0,20,8,549,287,2.4118262989999995,0.785817709,3,0,65.7,79,74,76,62,1.7,1.5,80,75,78,65,1.8,1.4,1.55,1.65
2275153,England - FA Women's Super League,2019/2020,Reading WFC,Manchester United,1,1,6,7,430,326,2.02229358,0.46089295,2,1,56.9,75,74,75,65,1.5,1.5,79,74,76,62,1.7,1.5,1.5,1.6
2275151,England - FA Women's Super League,2019/2020,Brighton & Hove Albion WFC,Manchester United,1,1,9,7,455,517,1.4473923595000002,0.541477575,2,1,46.8,76,73,77,66,1.6,1.4,79,74,76,62,1.7,1.5,1.55,1.55
2275144,England - FA Women's Super League,2019/2020,Everton LFC,Manchester United,2,3,9,7,432,375,1.3038140566,1.0921146034999998,5,2,53.5,75,74,75,65,1.5,1.5,79,74,76,62,1.7,1.5,1.5,1.6
2275088,England - FA Women's Super League,2019/2020,Bristol City WFC,Birmingham City WFC,0,2,9,16,352,440,0.2639848809,0.9886851099999999,2,2,44.4,75,74,75,65,1.5,1.5,75,74,75,65,1.5,1.5,1.5,1.5
2275110,England - FA Women's Super League,2019/2020,Birmingham City WFC,Liverpool WFC,2,0,21,7,548,337,0.8990494392999999,0.501909021,2,0,61.9,75,74,75,65,1.5,1.5,86,80,85,77,2.3,1.0,1.25,1.9
2275044,England - FA Women's Super League,2019/2020,Arsenal WFC,Manchester City WFC,1,0,10,7,646,453,1.1118841953,0.2761905404,1,0,58.8,84,82,83,75,2.2,1.1,88,85,87,78,2.4,0.9,1.55,1.75
2275105,England - FA Women's Super League,2019/2020,Manchester City WFC,Chelsea FCW,3,3,13,15,456,557,2.390646929,2.3367517159999998,6,1,45.0,88,85,87,78,2.4,0.9,81,79,80,70,1.9,1.2,1.8,1.4
2275063,England - FA Women's Super League,2019/2020,Chelsea FCW,Arsenal WFC,2,1,22,7,419,608,1.4264904980000002,0.41049753499999997,3,0,40.8,81,79,80,70,1.9,1.2,84,82,83,75,2.2,1.1,1.5,1.7
2275054,England - FA Women's Super League,2019/2020,Brighton & Hove Albion WFC,Liverpool WFC,1,0,6,15,296,480,0.5261885768000001,1.8927595529999999,1,0,38.1,76,73,77,66,1.6,1.4,86,80,85,77,2.3,1.0,1.3,1.85
2275072,England - FA Women's Super League,2019/2020,Chelsea FCW,Reading WFC,3,1,29,6,583,281,4.802666885,0.6792828909999999,4,0,67.5,81,79,80,70,1.9,1.2,75,74,75,65,1.5,1.5,1.7,1.35
2275085,England - FA Women's Super League,2019/2020,Tottenham Hotspur Women,Manchester City WFC,1,4,9,29,364,633,1.5005125313999998,4.187613223,5,2,36.5,80,75,78,65,1.8,1.4,88,85,87,78,2.4,0.9,1.35,1.9
2275113,England - FA Women's Super League,2019/2020,West Ham United LFC,Brighton & Hove Albion WFC,2,1,10,15,442,383,1.454952386,2.4114400715,3,0,53.6,74,72,73,60,1.5,1.6,76,73,77,66,1.6,1.4,1.45,1.6
2275099,England - FA Women's Super League,2019/2020,Liverpool WFC,Reading WFC,0,1,9,13,404,426,0.819212318,1.166592823,1,2,48.7,86,80,85,77,2.3,1.0,75,74,75,65,1.5,1.5,1.9,1.25
2275057,England - FA Women's Super League,2019/2020,Chelsea FCW,West Ham United LFC,8,0,21,3,411,416,4.4886187744,0.130375607,8,0,49.7,81,79,80,70,1.9,1.2,74,72,73,60,1.5,1.6,1.75,1.35
2275075,England - FA Women's Super League,2019/2020,Reading WFC,Tottenham Hotspur Women,3,1,24,9,433,352,4.2362857991,0.46511407900000007,4,0,55.2,75,74,75,65,1.5,1.5,80,75,78,65,1.8,1.4,1.45,1.65
2275077,England - FA Women's Super League,2019/2020,Tottenham Hotspur Women,West Ham United LFC,2,1,21,9,335,422,2.1700936157,0.73987227,3,0,44.3,80,75,78,65,1.8,1.4,74,72,73,60,1.5,1.6,1.7,1.45
2275036,England - FA Women's Super League,2019/2020,Everton LFC,Reading WFC,3,1,10,7,332,424,1.0133876336,1.082195373,4,0,43.9,75,74,75,65,1.5,1.5,75,74,75,65,1.5,1.5,1.5,1.5
2275117,England - FA Women's Super League,2019/2020,Everton LFC,Arsenal WFC,1,3,8,15,409,708,0.745727209,3.0783704259999998,4,2,36.6,75,74,75,65,1.5,1.5,84,82,83,75,2.2,1.1,1.3,1.85
2275092,England - FA Women's Super League,2019/2020,Birmingham City WFC,Manchester City WFC,0,2,8,17,441,615,0.491428186,2.2397191600000004,2,2,41.8,75,74,75,65,1.5,1.5,88,85,87,78,2.4,0.9,1.2,1.95
2275040,England - FA Women's Super League,2019/2020,Brighton & Hove Albion WFC,West Ham United LFC,1,3,9,10,355,459,0.9499266788,1.9871623026,4,2,43.6,76,73,77,66,1.6,1.4,74,72,73,60,1.5,1.6,1.6,1.45
2275122,England - FA Women's Super League,2019/2020,Reading WFC,Bristol City WFC,3,3,21,9,629,284,2.6955019703,1.601430779,6,1,68.9,75,74,75,65,1.5,1.5,75,74,75,65,1.5,1.5,1.5,1.5
2275045,England - FA Women's Super League,2019/2020,Liverpool WFC,Chelsea FCW,1,1,9,18,294,544,0.47977738700000006,3.1536663344999996,2,1,35.1,86,80,85,77,2.3,1.0,81,79,80,70,1.9,1.2,1.75,1.45
2275093,England - FA Women's Super League,2019/2020,Birmingham City WFC,Chelsea FCW,0,6,8,15,422,552,0.15866767250000002,2.6704476449999994,6,2,43.3,75,74,75,65,1.5,1.5,81,79,80,70,1.9,1.2,1.35,1.7
2275097,England - FA Women's Super League,2019/2020,Manchester City WFC,Brighton & Hove Albion WFC,5,0,26,9,556,401,3.904355618,0.30244669599999996,5,0,58.1,88,85,87,78,2.4,0.9,76,73,77,66,1.6,1.4,1.9,1.25
2275084,England - FA Women's Super League,2019/2020,West Ham United LFC,Chelsea FCW,1,3,14,25,423,485,1.6885878860000003,2.157722691,4,2,46.6,74,72,73,60,1.5,1.6,81,79,80,70,1.9,1.2,1.35,1.75
2275089,England - FA Women's Super League,2019/2020,Arsenal WFC,Birmingham City WFC,2,0,12,6,725,376,2.605578065,0.41633992,2,0,65.8,84,82,83,75,2.2,1.1,75,74,75,65,1.5,1.5,1.85,1.3
2275116,England - FA Women's Super League,2019/2020,Manchester City WFC,Liverpool WFC,1,0,14,12,667,411,1.1855505870000003,0.9188126287,1,0,61.9,88,85,87,78,2.4,0.9,86,80,85,77,2.3,1.0,1.7,1.6
2275104,England - FA Women's Super League,2019/2020,Arsenal WFC,Bristol City WFC,11,1,35,7,788,270,5.763380574000001,2.087735698,12,0,74.5,84,82,83,75,2.2,1.1,75,74,75,65,1.5,1.5,1.85,1.3
2275052,England - FA Women's Super League,2019/2020,Brighton & Hove Albion WFC,Chelsea FCW,1,1,9,15,275,574,0.292810008,1.860313265,2,1,32.4,76,73,77,66,1.6,1.4,81,79,80,70,1.9,1.2,1.4,1.65
2275037,England - FA Women's Super League,2019/2020,Manchester City WFC,Arsenal WFC,2,1,8,15,425,633,0.6663500520000001,1.2274907740000003,3,0,40.2,88,85,87,78,2.4,0.9,84,82,83,75,2.2,1.1,1.75,1.55
2275027,England - FA Women's Super League,2019/2020,Brighton & Hove Albion WFC,Everton LFC,1,0,8,11,353,485,0.89587065,0.4618945420000001,1,0,42.1,76,73,77,66,1.6,1.4,75,74,75,65,1.5,1.5,1.55,1.45
2275078,England - FA Women's Super League,2019/2020,Manchester City WFC,Everton LFC,3,1,24,5,618,506,2.5183509975000002,0.338383309,4,0,55.0,88,85,87,78,2.4,0.9,75,74,75,65,1.5,1.5,1.95,1.2
2275080,England - FA Women's Super League,2019/2020,Chelsea FCW,Bristol City WFC,6,1,28,6,727,263,4.6934146729999995,0.403222319,7,0,73.4,81,79,80,70,1.9,1.2,75,74,75,65,1.5,1.5,1.7,1.35
2275098,England - FA Women's Super League,2019/2020,Brighton & Hove Albion WFC,Arsenal WFC,0,4,3,14,383,740,0.182464575,2.119645105,4,2,34.1,76,73,77,66,1.6,1.4,84,82,83,75,2.2,1.1,1.35,1.8
2275156,England - FA Women's Super League,2019/2020,Manchester United,Arsenal WFC,0,1,7,21,348,664,0.6781118069999998,1.8413457740000003,1,2,34.4,79,74,76,62,1.7,1.5,84,82,83,75,2.2,1.1,1.4,1.85
2275139,England - FA Women's Super League,2019/2020,Tottenham Hotspur Women,Manchester United,0,3,15,25,354,313,0.8069630608999999,1.969412421,3,2,53.1,80,75,78,65,1.8,1.4,79,74,76,62,1.7,1.5,1.65,1.55
2275070,England - FA Women's Super League,2019/2020,Liverpool WFC,Bristol City WFC,1,1,18,7,547,271,1.5690197937,0.2741385083,2,1,66.9,86,80,85,77,2.3,1.0,75,74,75,65,1.5,1.5,1.9,1.25
2275051,England - FA Women's Super League,2019/2020,Everton LFC,Brighton & Hove Albion WFC,2,0,12,15,426,348,0.9086703850000001,1.3807387604999997,2,0,55.0,75,74,75,65,1.5,1.5,76,73,77,66,1.6,1.4,1.45,1.55
2275050,England - FA Women's Super League,2019/2020,Reading WFC,Birmingham City WFC,1,0,16,11,516,384,1.1240207354999998,0.7952491973,1,0,57.3,75,74,75,65,1.5,1.5,75,74,75,65,1.5,1.5,1.5,1.5
2275029,England - FA Women's Super League,2019/2020,Bristol City WFC,Liverpool WFC,0,1,11,15,353,349,1.6086072919999999,1.0476048022,1,2,50.3,75,74,75,65,1.5,1.5,86,80,85,77,2.3,1.0,1.25,1.9
2275090,England - FA Women's Super League,2019/2020,Arsenal WFC,Chelsea FCW,1,4,9,15,526,420,0.503075129,1.741868021,5,2,55.6,84,82,83,75,2.2,1.1,81,79,80,70,1.9,1.2,1.7,1.5
2275042,England - FA Women's Super League,2019/2020,Manchester City WFC,West Ham United LFC,5,0,29,10,441,491,3.0574660929999995,0.480502309,5,0,47.3,88,85,87,78,2.4,0.9,74,72,73,60,1.5,1.6,2.0,1.2
2275157,England - FA Women's Super League,2019/2020,Manchester United,Reading WFC,2,0,7,11,283,396,0.943839431,0.935536414,2,0,41.7,79,74,76,62,1.7,1.5,75,74,75,65,1.5,1.5,1.6,1.5
2275108,England - FA Women's Super League,2019/2020,Bristol City WFC,Chelsea FCW,0,4,1,26,335,600,0.008890767,3.063596832,4,2,35.8,75,74,75,65,1.5,1.5,81,79,80,70,1.9,1.2,1.35,1.7
2275082,England - FA Women's Super League,2019/2020,Tottenham Hotspur Women,Arsenal WFC,0,2,10,19,319,670,0.611161885,1.9361656900000002,2,2,32.3,80,75,78,65,1.8,1.4,84,82,83,75,2.2,1.1,1.45,1.8
2275138,England - FA Women's Super League,2019/2020,Manchester United,Liverpool WFC,2,0,23,7,478,348,3.260431181,0.46936735,2,0,57.9,79,74,76,62,1.7,1.5,86,80,85,77,2.3,1.0,1.35,1.9
2275049,England - FA Women's Super League,2019/2020,West Ham United LFC,Reading WFC,2,3,9,15,388,326,1.0851395480000001,1.6004547750000002,5,2,54.3,74,72,73,60,1.5,1.6,75,74,75,65,1.5,1.5,1.5,1.55
2275132,England - FA Women's Super League,2019/2020,Chelsea FCW,Tottenham Hotspur Women,1,0,21,7,569,346,1.817601179,0.3236008797,1,0,62.2,81,79,80,70,1.9,1.2,80,75,78,65,1.8,1.4,1.65,1.5
2275061,England - FA Women's Super League,2019/2020,Bristol City WFC,Brighton & Hove Albion WFC,0,0,8,21,370,438,0.3787521352,2.1473359065,0,1,45.8,75,74,75,65,1.5,1.5,76,73,77,66,1.6,1.4,1.45,1.55
2275096,England - FA Women's Super League,2019/2020,Arsenal WFC,West Ham United LFC,2,1,17,10,634,361,1.964409191,0.769312692,3,0,63.7,84,82,83,75,2.2,1.1,74,72,73,60,1.5,1.6,1.9,1.3
2275033,England - FA Women's Super League,2019/2020,Bristol City WFC,Tottenham Hotspur Women,1,2,10,22,323,505,0.450684373,2.075573078,3,2,39.0,75,74,75,65,1.5,1.5,80,75,78,65,1.8,1.4,1.45,1.65
2275107,England - FA Women's Super League,2019/2020,Reading WFC,Manchester City WFC,0,2,6,13,449,569,0.2524221706,2.078826247,2,2,44.1,75,74,75,65,1.5,1.5,88,85,87,78,2.4,0.9,1.2,1.95
2275130,England - FA Women's Super League,2019/2020,Chelsea FCW,Manchester City WFC,2,1,27,12,530,439,2.7122891160000004,0.7786608759999999,3,0,54.7,81,79,80,70,1.9,1.2,88,85,87,78,2.4,0.9,1.4,1.8
2275034,England - FA Women's Super League,2019/2020,Tottenham Hotspur Women,Liverpool WFC,1,0,21,6,523,385,1.2910571232999999,0.28481288,1,0,57.6,80,75,78,65,1.8,1.4,86,80,85,77,2.3,1.0,1.4,1.85
2275026,England - FA Women's Super League,2019/2020,Bristol City WFC,Manchester City WFC,0,5,7,17,279,752,1.085590023,1.654245174,5,2,27.1,75,74,75,65,1.5,1.5,88,85,87,78,2.4,0.9,1.2,1.95
2275041,England - FA Women's Super League,2019/2020,Everton LFC,Bristol City WFC,2,0,18,14,563,391,1.089999406,0.696334508,2,0,59.0,75,74,75,65,1.5,1.5,75,74,75,65,1.5,1.5,1.5,1.5
2275094,England - FA Women's Super League,2019/2020,West Ham United LFC,Birmingham City WFC,1,0,12,17,398,414,1.006316802,0.6597670863,1,0,49.0,74,72,73,60,1.5,1.6,75,74,75,65,1.5,1.5,1.5,1.55
2275106,England - FA Women's Super League,2019/2020,Manchester City WFC,Bristol City WFC,1,0,16,4,638,437,1.400627304,0.16175051000000001,1,0,59.3,88,85,87,78,2.4,0.9,75,74,75,65,1.5,1.5,1.95,1.2
2275073,England - FA Women's Super League,2019/2020,Tottenham Hotspur Women,Everton LFC,2,2,8,19,463,533,0.6348796290000001,2.703705038,4,1,46.5,80,75,78,65,1.8,1.4,75,74,75,65,1.5,1.5,1.65,1.45
2275038,England - FA Women's Super League,2019/2020,Reading WFC,West Ham United LFC,2,0,13,0,459,297,2.451031701,0.0,2,0,60.7,75,74,75,65,1.5,1.5,74,72,73,60,1.5,1.6,1.55,1.5
2275131,England - FA Women's Super League,2019/2020,Everton LFC,Manchester City WFC,0,1,16,17,433,613,0.908103756,2.0880018415,1,2,41.4,75,74,75,65,1.5,1.5,88,85,87,78,2.4,0.9,1.2,1.95
2275062,England - FA Women's Super League,2019/2020,Liverpool WFC,Arsenal WFC,2,3,4,10,333,603,0.8320393199999999,1.404009463,5,2,35.6,86,80,85,77,2.3,1.0,84,82,83,75,2.2,1.1,1.7,1.6
2275048,England - FA Women's Super League,2019/2020,West Ham United LFC,Tottenham Hotspur Women,0,2,15,12,399,313,1.939897711,0.635975907,2,2,56.0,74,72,73,60,1.5,1.6,80,75,78,65,1.8,1.4,1.45,1.7
2275121,England - FA Women's Super League,2019/2020,Arsenal WFC,Brighton & Hove Albion WFC,4,0,12,3,918,332,1.585161743,0.083038739,4,0,73.4,84,82,83,75,2.2,1.1,76,73,77,66,1.6,1.4,1.8,1.35
2275065,England - FA Women's Super League,2019/2020,Brighton & Hove Albion WFC,Birmingham City WFC,3,0,14,7,380,509,1.644087216,0.5820787716000001,3,0,42.7,76,73,77,66,1.6,1.4,75,74,75,65,1.5,1.5,1.55,1.45
2275079,England - FA Women's Super League,2019/2020,Arsenal WFC,Liverpool WFC,1,0,18,5,750,315,1.7815126540000001,0.198959115,1,0,70.4,84,82,83,75,2.2,1.1,86,80,85,77,2.3,1.0,1.6,1.7
2275103,England - FA Women's Super League,2019/2020,Liverpool WFC,West Ham United LFC,1,1,14,14,369,431,1.9330564268,1.1375636290000002,2,1,46.1,86,80,85,77,2.3,1.0,74,72,73,60,1.5,1.6,1.95,1.25
2275140,England - FA Women's Super League,2019/2020,Manchester United,Brighton & Hove Albion WFC,4,0,19,2,570,382,3.0478229270000003,0.045471823,4,0,59.9,79,74,76,62,1.7,1.5,76,73,77,66,1.6,1.4,1.55,1.55
2275126,England - FA Women's Super League,2019/2020,Everton LFC,Tottenham Hotspur Women,3,1,22,9,425,413,1.8996967705999996,0.9810662604,4,0,50.7,75,74,75,65,1.5,1.5,80,75,78,65,1.8,1.4,1.45,1.65
2275102,England - FA Women's Super League,2019/2020,Brighton & Hove Albion WFC,Reading WFC,2,2,11,20,324,457,1.2429633189999998,2.164963551,4,1,41.5,76,73,77,66,1.6,1.4,75,74,75,65,1.5,1.5,1.55,1.45
2275109,England - FA Women's Super League,2019/2020,Birmingham City WFC,Tottenham Hotspur Women,1,1,12,13,334,475,0.5037273615,1.6214613369999997,2,1,41.3,75,74,75,65,1.5,1.5,80,75,78,65,1.8,1.4,1.45,1.65
2275091,England - FA Women's Super League,2019/2020,Tottenham Hotspur Women,Brighton & Hove Albion WFC,1,0,10,18,475,441,1.652889349,0.9894012049999998,1,0,51.9,80,75,78,65,1.8,1.4,76,73,77,66,1.6,1.4,1.6,1.5
2275030,England - FA Women's Super League,2019/2020,Brighton & Hove Albion WFC,Tottenham Hotspur Women,0,1,8,10,335,416,0.47685592800000004,1.438875992,1,2,44.6,76,73,77,66,1.6,1.4,80,75,78,65,1.8,1.4,1.5,1.6
2275133,England - FA Women's Super League,2019/2020,West Ham United LFC,Liverpool WFC,4,2,12,15,482,395,2.0651221889999998,1.2599420830999999,6,0,55.0,74,72,73,60,1.5,1.6,86,80,85,77,2.3,1.0,1.25,1.95
2275083,England - FA Women's Super League,2019/2020,Birmingham City WFC,Bristol City WFC,0,1,8,4,515,355,0.774213421,0.538328301,1,2,59.2,75,74,75,65,1.5,1.5,75,74,75,65,1.5,1.5,1.5,1.5
2275120,England - FA Women's Super League,2019/2020,Birmingham City WFC,Everton LFC,0,1,17,10,527,302,0.8300614755,0.906939241,1,2,63.6,75,74,75,65,1.5,1.5,75,74,75,65,1.5,1.5,1.5,1.5
2275028,England - FA Women's Super League,2019/2020,Manchester City WFC,Birmingham City WFC,3,0,13,4,625,448,2.646003531,0.34585453,3,0,58.2,88,85,87,78,2.4,0.9,75,74,75,65,1.5,1.5,1.95,1.2
2275086,England - FA Women's Super League,2019/2020,Reading WFC,Arsenal WFC,0,3,19,12,332,563,1.0677217784000002,1.580883068,3,2,37.1,75,74,75,65,1.5,1.5,84,82,83,75,2.2,1.1,1.3,1.85
2275056,England - FA Women's Super League,2019/2020,Liverpool WFC,Everton LFC,0,1,21,8,509,409,0.9614488529,0.327731298,1,2,55.4,86,80,85,77,2.3,1.0,75,74,75,65,1.5,1.5,1.9,1.25
2275074,England - FA Women's Super League,2019/2020,Chelsea FCW,Birmingham City WFC,2,0,15,4,642,423,1.485549796,0.23631539000000001,2,0,60.3,81,79,80,70,1.9,1.2,75,74,75,65,1.5,1.5,1.7,1.35
19770,England - FA Women's Super League,2018/2019,Manchester City WFC,Arsenal WFC,2,0,10,17,482,482,0.9942718198000001,1.228211736,2,0,50.0,88,85,87,78,2.4,0.9,84,82,83,75,2.2,1.1,1.75,1.55
19820,England - FA Women's Super League,2018/2019,Reading WFC,Chelsea FCW,2,3,13,19,417,476,1.6393578072000001,2.9027972209999997,5,2,46.7,75,74,75,65,1.5,1.5,81,79,80,70,1.9,1.2,1.35,1.7
19772,England - FA Women's Super League,2018/2019,Chelsea FCW,Reading WFC,1,0,19,7,515,378,2.0103886726,0.463081631,1,0,57.7,81,79,80,70,1.9,1.2,75,74,75,65,1.5,1.5,1.7,1.35
19769,England - FA Women's Super League,2018/2019,Brighton & Hove Albion WFC,West Ham United LFC,0,1,14,9,429,426,0.7826352270000001,0.8987843806000001,1,2,50.2,76,73,77,66,1.6,1.4,74,72,73,60,1.5,1.6,1.6,1.45
19746,England - FA Women's Super League,2018/2019,Everton LFC,West Ham United LFC,1,2,11,16,462,394,0.6852590071999999,2.748781716,3,2,54.0,75,74,75,65,1.5,1.5,74,72,73,60,1.5,1.6,1.55,1.5
7298,England - FA Women's Super League,2018/2019,Manchester City WFC,Chelsea FCW,2,2,9,25,479,521,1.1075143010000001,2.972968312,4,1,47.9,88,85,87,78,2.4,0.9,81,79,80,70,1.9,1.2,1.8,1.4
19778,England - FA Women's Super League,2018/2019,Manchester City WFC,Birmingham City WFC,1,0,8,14,511,579,0.7383918604000002,0.4344604875,1,0,46.9,88,85,87,78,2.4,0.9,75,74,75,65,1.5,1.5,1.95,1.2
19771,England - FA Women's Super League,2018/2019,Birmingham City WFC,Yeovil Town LFC,2,1,21,6,676,261,1.357925059,0.714606092,3,0,72.1,75,74,75,65,1.5,1.5,75,74,75,65,1.5,1.5,1.5,1.5
19736,England - FA Women's Super League,2018/2019,Chelsea FCW,Arsenal WFC,0,5,13,12,540,399,0.8518709149999999,1.9831136460000003,5,2,57.5,81,79,80,70,1.9,1.2,84,82,83,75,2.2,1.1,1.5,1.7
19745,England - FA Women's Super League,2018/2019,Brighton & Hove Albion WFC,Yeovil Town LFC,2,1,19,7,402,272,2.5929720516000003,1.362188657,3,0,59.6,76,73,77,66,1.6,1.4,75,74,75,65,1.5,1.5,1.55,1.45
19730,England - FA Women's Super League,2018/2019,Chelsea FCW,Brighton & Hove Albion WFC,2,0,24,14,643,331,2.2230242066,0.8336114490000001,2,0,66.0,81,79,80,70,1.9,1.2,76,73,77,66,1.6,1.4,1.65,1.4
19794,England - FA Women's Super League,2018/2019,Chelsea FCW,Bristol City WFC,6,0,19,3,707,375,2.746930582,0.14799563,6,0,65.3,81,79,80,70,1.9,1.2,75,74,75,65,1.5,1.5,1.7,1.35
19766,England - FA Women's Super League,2018/2019,Arsenal WFC,Brighton & Hove Albion WFC,4,1,30,4,635,298,2.865230117,1.08212675,5,0,68.1,84,82,83,75,2.2,1.1,76,73,77,66,1.6,1.4,1.8,1.35
19734,England - FA Women's Super League,2018/2019,Everton LFC,Brighton & Hove Albion WFC,3,3,12,11,527,530,1.000696729,1.8218273432000003,6,1,49.9,75,74,75,65,1.5,1.5,76,73,77,66,1.6,1.4,1.45,1.55
19717,England - FA Women's Super League,2018/2019,Arsenal WFC,Liverpool WFC,5,0,21,9,629,340,3.316440227,0.5916091880000001,5,0,64.9,84,82,83,75,2.2,1.1,86,80,85,77,2.3,1.0,1.6,1.7
19718,England - FA Women's Super League,2018/2019,Birmingham City WFC,Everton LFC,1,0,18,6,580,388,1.6276351030000002,0.6330055400000001,1,0,59.9,75,74,75,65,1.5,1.5,75,74,75,65,1.5,1.5,1.5,1.5
19810,England - FA Women's Super League,2018/2019,Liverpool WFC,Bristol City WFC,5,2,14,12,396,393,1.911609386,0.5704161710000001,7,0,50.2,86,80,85,77,2.3,1.0,75,74,75,65,1.5,1.5,1.9,1.25
19743,England - FA Women's Super League,2018/2019,Birmingham City WFC,Chelsea FCW,0,0,2,22,550,412,0.052880242,2.7711120580000004,0,1,57.2,75,74,75,65,1.5,1.5,81,79,80,70,1.9,1.2,1.35,1.7
19740,England - FA Women's Super League,2018/2019,West Ham United LFC,Liverpool WFC,0,1,9,11,526,303,0.734988634,2.540729303,1,2,63.4,74,72,73,60,1.5,1.6,86,80,85,77,2.3,1.0,1.25,1.95
19716,England - FA Women's Super League,2018/2019,Reading WFC,Yeovil Town LFC,4,0,29,6,606,293,3.1664399679999997,0.907321075,4,0,67.4,75,74,75,65,1.5,1.5,75,74,75,65,1.5,1.5,1.5,1.5
19800,England - FA Women's Super League,2018/2019,Arsenal WFC,Bristol City WFC,4,0,13,7,676,290,2.150793482,0.888656294,4,0,70.0,84,82,83,75,2.2,1.1,75,74,75,65,1.5,1.5,1.85,1.3
19739,England - FA Women's Super League,2018/2019,Brighton & Hove Albion WFC,Manchester City WFC,0,6,13,22,335,701,1.4240956934000002,3.1836332689999995,6,2,32.3,76,73,77,66,1.6,1.4,88,85,87,78,2.4,0.9,1.25,1.9
19748,England - FA Women's Super League,2018/2019,Chelsea FCW,Liverpool WFC,1,0,22,7,660,299,1.85130672,0.355158506,1,0,68.8,81,79,80,70,1.9,1.2,86,80,85,77,2.3,1.0,1.45,1.75
19822,England - FA Women's Super League,2018/2019,Yeovil Town LFC,Birmingham City WFC,0,2,4,20,299,637,0.175785462,2.1282672639999998,2,2,31.9,75,74,75,65,1.5,1.5,75,74,75,65,1.5,1.5,1.5,1.5
19785,England - FA Women's Super League,2018/2019,Arsenal WFC,Chelsea FCW,1,2,4,14,451,460,1.31181662,1.5063475089999998,3,2,49.5,84,82,83,75,2.2,1.1,81,79,80,70,1.9,1.2,1.7,1.5
19749,England - FA Women's Super League,2018/2019,Arsenal WFC,Birmingham City WFC,3,1,15,5,456,509,2.144092725,0.266117398,4,0,47.3,84,82,83,75,2.2,1.1,75,74,75,65,1.5,1.5,1.85,1.3
19751,England - FA Women's Super League,2018/2019,West Ham United LFC,Chelsea FCW,0,2,6,15,383,515,0.44088352499999994,1.796234234,2,2,42.7,74,72,73,60,1.5,1.6,81,79,80,70,1.9,1.2,1.35,1.75
19764,England - FA Women's Super League,2018/2019,Yeovil Town LFC,Manchester City WFC,0,4,11,35,299,735,1.3260776749999998,4.065870129,4,2,28.9,75,74,75,65,1.5,1.5,88,85,87,78,2.4,0.9,1.2,1.95
19773,England - FA Women's Super League,2018/2019,Everton LFC,Liverpool WFC,2,1,13,14,466,498,0.9233377719999999,2.1828300940000003,3,0,48.3,75,74,75,65,1.5,1.5,86,80,85,77,2.3,1.0,1.25,1.9
19783,England - FA Women's Super League,2018/2019,Chelsea FCW,Everton LFC,3,0,23,9,649,376,2.4991646449999996,0.6501686794000001,3,0,63.3,81,79,80,70,1.9,1.2,75,74,75,65,1.5,1.5,1.7,1.35
19747,England - FA Women's Super League,2018/2019,Manchester City WFC,Reading WFC,1,1,23,22,514,391,1.5200539983999999,1.6635934025,2,1,56.8,88,85,87,78,2.4,0.9,75,74,75,65,1.5,1.5,1.95,1.2
19757,England - FA Women's Super League,2018/2019,Bristol City WFC,Brighton & Hove Albion WFC,0,0,4,14,338,480,0.41566338399999997,1.336967089,0,1,41.3,75,74,75,65,1.5,1.5,76,73,77,66,1.6,1.4,1.45,1.55
19742,England - FA Women's Super League,2018/2019,Yeovil Town LFC,Bristol City WFC,1,2,8,15,260,432,0.5091496289999999,1.4751481023,3,2,37.6,75,74,75,65,1.5,1.5,75,74,75,65,1.5,1.5,1.5,1.5
19777,England - FA Women's Super League,2018/2019,Yeovil Town LFC,West Ham United LFC,0,5,11,20,344,502,0.44007591129999996,3.0621848959999998,5,2,40.7,75,74,75,65,1.5,1.5,74,72,73,60,1.5,1.6,1.55,1.5
19758,England - FA Women's Super League,2018/2019,Yeovil Town LFC,Reading WFC,0,5,11,18,270,570,1.1015555189,2.4556196333,5,2,32.1,75,74,75,65,1.5,1.5,75,74,75,65,1.5,1.5,1.5,1.5
19802,England - FA Women's Super League,2018/2019,Yeovil Town LFC,Brighton & Hove Albion WFC,1,1,8,21,315,371,0.885763652,2.3071666700000004,2,1,45.9,75,74,75,65,1.5,1.5,76,73,77,66,1.6,1.4,1.45,1.55
19803,England - FA Women's Super League,2018/2019,West Ham United LFC,Everton LFC,0,1,7,10,380,390,0.504754863,0.757414354,1,2,49.4,74,72,73,60,1.5,1.6,75,74,75,65,1.5,1.5,1.5,1.55
19811,England - FA Women's Super League,2018/2019,Arsenal WFC,Everton LFC,2,1,11,3,551,387,1.40554348,0.173612569,3,0,58.7,84,82,83,75,2.2,1.1,75,74,75,65,1.5,1.5,1.85,1.3
19805,England - FA Women's Super League,2018/2019,Chelsea FCW,West Ham United LFC,1,1,25,4,475,386,2.6660092449999997,0.37053425399999995,2,1,55.2,81,79,80,70,1.9,1.2,74,72,73,60,1.5,1.6,1.75,1.35
19752,England - FA Women's Super League,2018/2019,Liverpool WFC,Manchester City WFC,0,3,5,17,326,732,0.128974449,2.271032428,3,2,30.8,86,80,85,77,2.3,1.0,88,85,87,78,2.4,0.9,1.6,1.7
19775,England - FA Women's Super League,2018/2019,Reading WFC,Liverpool WFC,2,2,26,7,602,405,0.9501061953000001,1.2878935390000001,4,1,59.8,75,74,75,65,1.5,1.5,86,80,85,77,2.3,1.0,1.25,1.9
19760,England - FA Women's Super League,2018/2019,Chelsea FCW,Yeovil Town LFC,5,0,43,1,655,269,3.8641339705999997,0.07893251,5,0,70.9,81,79,80,70,1.9,1.2,75,74,75,65,1.5,1.5,1.7,1.35
19787,England - FA Women's Super League,2018/2019,Birmingham City WFC,Bristol City WFC,0,1,12,6,566,231,0.6263732572,0.6158582860000001,1,2,71.0,75,74,75,65,1.5,1.5,75,74,75,65,1.5,1.5,1.5,1.5
19733,England - FA Women's Super League,2018/2019,Birmingham City WFC,Manchester City WFC,2,3,9,17,428,598,0.788523085,1.5515442045000003,5,2,41.7,75,74,75,65,1.5,1.5,88,85,87,78,2.4,0.9,1.2,1.95
19765,England - FA Women's Super League,2018/2019,Liverpool WFC,Birmingham City WFC,0,2,7,14,347,711,0.38066462700000003,1.1205109900000003,2,2,32.8,86,80,85,77,2.3,1.0,75,74,75,65,1.5,1.5,1.9,1.25
19792,England - FA Women's Super League,2018/2019,Bristol City WFC,Yeovil Town LFC,2,1,15,5,440,323,1.5328254966,0.559755412,3,0,57.7,75,74,75,65,1.5,1.5,75,74,75,65,1.5,1.5,1.5,1.5
19732,England - FA Women's Super League,2018/2019,Liverpool WFC,Reading WFC,0,1,4,17,316,629,0.17911123499999998,0.957296007,1,2,33.4,86,80,85,77,2.3,1.0,75,74,75,65,1.5,1.5,1.9,1.25
19744,England - FA Women's Super League,2018/2019,Bristol City WFC,Arsenal WFC,0,4,4,25,322,750,0.09798061,4.0274358249999995,4,2,30.0,75,74,75,65,1.5,1.5,84,82,83,75,2.2,1.1,1.3,1.85
19799,England - FA Women's Super League,2018/2019,Liverpool WFC,Chelsea FCW,0,4,1,18,310,878,0.03329184,2.334387064,4,2,26.1,86,80,85,77,2.3,1.0,81,79,80,70,1.9,1.2,1.75,1.45
19753,England - FA Women's Super League,2018/2019,Reading WFC,Bristol City WFC,3,0,14,7,560,347,1.24691526,0.320622882,3,0,61.7,75,74,75,65,1.5,1.5,75,74,75,65,1.5,1.5,1.5,1.5
19735,England - FA Women's Super League,2018/2019,Manchester City WFC,West Ham United LFC,7,1,14,12,673,529,2.8294338074,1.3414481400000002,8,0,56.0,88,85,87,78,2.4,0.9,74,72,73,60,1.5,1.6,2.0,1.2
19720,England - FA Women's Super League,2018/2019,Bristol City WFC,Chelsea FCW,0,0,2,25,259,732,0.038344683000000004,1.9938865049,0,1,26.1,75,74,75,65,1.5,1.5,81,79,80,70,1.9,1.2,1.35,1.7
19719,England - FA Women's Super League,2018/2019,West Ham United LFC,Reading WFC,0,0,9,13,317,372,0.720819024,1.037264216,0,1,46.0,74,72,73,60,1.5,1.6,75,74,75,65,1.5,1.5,1.5,1.55
19715,England - FA Women's Super League,2018/2019,Brighton & Hove Albion WFC,Bristol City WFC,0,1,5,8,417,295,0.8678992910000001,0.39479431470000004,1,2,58.6,76,73,77,66,1.6,1.4,75,74,75,65,1.5,1.5,1.55,1.45
19723,England - FA Women's Super League,2018/2019,Everton LFC,Manchester City WFC,0,4,12,27,394,638,0.6210300073,1.930110864,4,2,38.2,75,74,75,65,1.5,1.5,88,85,87,78,2.4,0.9,1.2,1.95
19722,England - FA Women's Super League,2018/2019,Yeovil Town LFC,Arsenal WFC,0,7,5,24,274,715,0.817028671,2.678432741,7,2,27.7,75,74,75,65,1.5,1.5,84,82,83,75,2.2,1.1,1.3,1.85
19727,England - FA Women's Super League,2018/2019,Reading WFC,Birmingham City WFC,0,1,16,18,459,324,1.781456807,2.0609874635,1,2,58.6,75,74,75,65,1.5,1.5,75,74,75,65,1.5,1.5,1.5,1.5
19731,England - FA Women's Super League,2018/2019,West Ham United LFC,Yeovil Town LFC,2,1,19,10,598,239,2.3587503209999996,1.6526773765000002,3,0,71.4,74,72,73,60,1.5,1.6,75,74,75,65,1.5,1.5,1.5,1.55
19714,England - FA Women's Super League,2018/2019,Chelsea FCW,Manchester City WFC,0,0,15,16,431,516,0.9513358279999998,1.2317235427000002,0,1,45.5,81,79,80,70,1.9,1.2,88,85,87,78,2.4,0.9,1.4,1.8
19728,England - FA Women's Super League,2018/2019,Manchester City WFC,Bristol City WFC,2,2,36,6,696,234,4.2177591341,1.112701903,4,1,74.8,88,85,87,78,2.4,0.9,75,74,75,65,1.5,1.5,1.95,1.2
19726,England - FA Women's Super League,2018/2019,Everton LFC,Chelsea FCW,0,0,8,20,399,589,0.5314083835000001,2.154700379,0,1,40.4,75,74,75,65,1.5,1.5,81,79,80,70,1.9,1.2,1.35,1.7
19725,England - FA Women's Super League,2018/2019,Brighton & Hove Albion WFC,Liverpool WFC,0,1,8,8,516,389,0.569484961,0.4040777403,1,2,57.0,76,73,77,66,1.6,1.4,86,80,85,77,2.3,1.0,1.3,1.85
19738,England - FA Women's Super League,2018/2019,Bristol City WFC,Birmingham City WFC,0,1,0,17,275,763,0.0,2.178180537,1,2,26.5,75,74,75,65,1.5,1.5,75,74,75,65,1.5,1.5,1.5,1.5
19759,England - FA Women's Super League,2018/2019,Everton LFC,Arsenal WFC,0,4,8,22,276,641,1.099531713,3.674676037,4,2,30.1,75,74,75,65,1.5,1.5,84,82,83,75,2.2,1.1,1.3,1.85
19750,England - FA Women's Super League,2018/2019,Yeovil Town LFC,Everton LFC,1,0,7,35,247,495,0.2351919049,2.3322987129999997,1,0,33.3,75,74,75,65,1.5,1.5,75,74,75,65,1.5,1.5,1.5,1.5
19761,England - FA Women's Super League,2018/2019,Bristol City WFC,Liverpool WFC,2,1,9,12,303,431,1.140000204,1.109433669,3,0,41.3,75,74,75,65,1.5,1.5,86,80,85,77,2.3,1.0,1.25,1.9
19762,England - FA Women's Super League,2018/2019,Brighton & Hove Albion WFC,Reading WFC,1,4,3,17,326,562,0.2874503965,1.0216107079999999,5,2,36.7,76,73,77,66,1.6,1.4,75,74,75,65,1.5,1.5,1.55,1.45
19763,England - FA Women's Super League,2018/2019,Birmingham City WFC,West Ham United LFC,3,0,13,12,554,353,1.87761561,1.9956306010000002,3,0,61.1,75,74,75,65,1.5,1.5,74,72,73,60,1.5,1.6,1.55,1.5
19768,England - FA Women's Super League,2018/2019,West Ham United LFC,Bristol City WFC,2,0,14,7,475,406,1.65059145,0.348133625,2,0,53.9,74,72,73,60,1.5,1.6,75,74,75,65,1.5,1.5,1.5,1.55
19767,England - FA Women's Super League,2018/2019,Reading WFC,Everton LFC,2,1,14,11,500,380,1.3541333857,1.0660822699999999,3,0,56.8,75,74,75,65,1.5,1.5,75,74,75,65,1.5,1.5,1.5,1.5
19776,England - FA Women's Super League,2018/2019,Brighton & Hove Albion WFC,Chelsea FCW,0,4,9,22,356,587,0.657682894,2.5992638749999997,4,2,37.8,76,73,77,66,1.6,1.4,81,79,80,70,1.9,1.2,1.4,1.65
19737,England - FA Women's Super League,2018/2019,Liverpool WFC,Yeovil Town LFC,2,1,32,6,532,297,2.616691723,0.2969811575,3,0,64.2,86,80,85,77,2.3,1.0,75,74,75,65,1.5,1.5,1.9,1.25
19790,England - FA Women's Super League,2018/2019,Manchester City WFC,Brighton & Hove Albion WFC,3,0,18,6,667,359,3.0703759479999997,0.6163595150000001,3,0,65.0,88,85,87,78,2.4,0.9,76,73,77,66,1.6,1.4,1.9,1.25
19793,England - FA Women's Super League,2018/2019,Liverpool WFC,West Ham United LFC,1,0,7,15,390,560,0.8158846695,0.770876012,1,0,41.1,86,80,85,77,2.3,1.0,74,72,73,60,1.5,1.6,1.95,1.25
19789,England - FA Women's Super League,2018/2019,Chelsea FCW,Birmingham City WFC,2,3,12,10,567,462,1.1900449499999999,1.1794361656999999,5,2,55.1,81,79,80,70,1.9,1.2,75,74,75,65,1.5,1.5,1.7,1.35
19791,England - FA Women's Super League,2018/2019,Reading WFC,Arsenal WFC,0,3,10,14,424,368,0.37431293379999997,2.020863431,3,2,53.5,75,74,75,65,1.5,1.5,84,82,83,75,2.2,1.1,1.3,1.85
19795,England - FA Women's Super League,2018/2019,Reading WFC,West Ham United LFC,1,2,9,13,418,342,1.3254508553,1.1745976249999996,3,2,55.0,75,74,75,65,1.5,1.5,74,72,73,60,1.5,1.6,1.55,1.5
19797,England - FA Women's Super League,2018/2019,Arsenal WFC,Yeovil Town LFC,3,0,36,2,695,186,3.6041206995999993,0.17058385999999998,3,0,78.9,84,82,83,75,2.2,1.1,75,74,75,65,1.5,1.5,1.85,1.3
19780,England - FA Women's Super League,2018/2019,Liverpool WFC,Brighton & Hove Albion WFC,0,2,6,19,385,481,0.39959595359999994,2.2920227357000003,2,2,44.5,86,80,85,77,2.3,1.0,76,73,77,66,1.6,1.4,1.85,1.3
19781,England - FA Women's Super League,2018/2019,West Ham United LFC,Arsenal WFC,2,4,7,17,316,578,0.41220169500000003,2.1804216060000003,6,2,35.3,74,72,73,60,1.5,1.6,84,82,83,75,2.2,1.1,1.3,1.9
19779,England - FA Women's Super League,2018/2019,Bristol City WFC,Manchester City WFC,1,1,5,23,240,752,0.9696828697000001,2.157944163,2,1,24.2,75,74,75,65,1.5,1.5,88,85,87,78,2.4,0.9,1.2,1.95
19798,England - FA Women's Super League,2018/2019,Manchester City WFC,Everton LFC,3,1,17,12,594,367,2.3512959210000006,1.701780753,4,0,61.8,88,85,87,78,2.4,0.9,75,74,75,65,1.5,1.5,1.95,1.2
19782,England - FA Women's Super League,2018/2019,Birmingham City WFC,Reading WFC,2,1,13,15,360,405,1.446990664,1.325234707,3,0,47.1,75,74,75,65,1.5,1.5,75,74,75,65,1.5,1.5,1.5,1.5
19784,England - FA Women's Super League,2018/2019,Brighton & Hove Albion WFC,Everton LFC,0,0,8,10,379,392,0.26517540900000003,0.49650472320000005,0,1,49.2,76,73,77,66,1.6,1.4,75,74,75,65,1.5,1.5,1.55,1.45
19786,England - FA Women's Super League,2018/2019,West Ham United LFC,Manchester City WFC,1,3,13,15,431,455,1.4328676480000002,2.941993329,4,2,48.6,74,72,73,60,1.5,1.6,88,85,87,78,2.4,0.9,1.2,2.0
19774,England - FA Women's Super League,2018/2019,Everton LFC,Bristol City WFC,0,2,11,15,476,329,0.7129671439999999,0.88637925,2,2,59.1,75,74,75,65,1.5,1.5,75,74,75,65,1.5,1.5,1.5,1.5
19755,England - FA Women's Super League,2018/2019,Manchester City WFC,Chelsea FCW,2,2,15,22,371,543,2.1730267595,2.4992921726,4,1,40.6,88,85,87,78,2.4,0.9,81,79,80,70,1.9,1.2,1.8,1.4
19806,England - FA Women's Super League,2018/2019,Bristol City WFC,Reading WFC,0,1,8,13,321,539,0.6878790320000001,1.9612904460000002,1,2,37.3,75,74,75,65,1.5,1.5,75,74,75,65,1.5,1.5,1.5,1.5
19807,England - FA Women's Super League,2018/2019,Manchester City WFC,Liverpool WFC,2,1,19,6,780,275,1.7131161030000002,1.1387334699999998,3,0,73.9,88,85,87,78,2.4,0.9,86,80,85,77,2.3,1.0,1.7,1.6
19788,England - FA Women's Super League,2018/2019,Yeovil Town LFC,Liverpool WFC,1,2,6,19,302,475,0.542955433,2.0172438345,3,2,38.9,75,74,75,65,1.5,1.5,86,80,85,77,2.3,1.0,1.25,1.9
19808,England - FA Women's Super League,2018/2019,Everton LFC,Yeovil Town LFC,0,1,11,5,564,276,0.7532203675,0.058927929000000004,1,2,67.1,75,74,75,65,1.5,1.5,75,74,75,65,1.5,1.5,1.5,1.5
19804,England - FA Women's Super League,2018/2019,Birmingham City WFC,Arsenal WFC,0,1,9,15,406,412,0.665320905,1.8266417852999999,1,2,49.6,75,74,75,65,1.5,1.5,84,82,83,75,2.2,1.1,1.3,1.85
19813,England - FA Women's Super League,2018/2019,West Ham United LFC,Birmingham City WFC,1,2,2,19,322,571,0.19646836,1.6959755883999998,3,2,36.1,74,72,73,60,1.5,1.6,75,74,75,65,1.5,1.5,1.5,1.55
19816,England - FA Women's Super League,2018/2019,Birmingham City WFC,Liverpool WFC,2,0,18,4,621,299,1.2667731271,0.2799997916,2,0,67.5,75,74,75,65,1.5,1.5,86,80,85,77,2.3,1.0,1.25,1.9
19809,England - FA Women's Super League,2018/2019,Reading WFC,Brighton & Hove Albion WFC,1,0,19,12,434,375,1.2198003271,0.8225900853000001,1,0,53.6,75,74,75,65,1.5,1.5,76,73,77,66,1.6,1.4,1.45,1.55
19815,England - FA Women's Super League,2018/2019,Brighton & Hove Albion WFC,Arsenal WFC,0,4,4,25,268,711,0.17069558099999999,2.045093709,4,2,27.4,76,73,77,66,1.6,1.4,84,82,83,75,2.2,1.1,1.35,1.8
19817,England - FA Women's Super League,2018/2019,Everton LFC,Reading WFC,3,2,14,9,380,539,1.4284900365,1.144057817,5,0,41.3,75,74,75,65,1.5,1.5,75,74,75,65,1.5,1.5,1.5,1.5
19818,England - FA Women's Super League,2018/2019,Manchester City WFC,Yeovil Town LFC,2,1,28,10,676,271,4.52997355,0.37602058639999997,3,0,71.4,88,85,87,78,2.4,0.9,75,74,75,65,1.5,1.5,1.95,1.2
19819,England - FA Women's Super League,2018/2019,West Ham United LFC,Brighton & Hove Albion WFC,0,4,5,14,538,343,0.38381864100000007,1.6341968249999999,4,2,61.1,74,72,73,60,1.5,1.6,76,73,77,66,1.6,1.4,1.45,1.6
19821,England - FA Women's Super League,2018/2019,Arsenal WFC,Manchester City WFC,1,0,12,14,526,500,1.0847618209999998,0.932591856,1,0,51.3,84,82,83,75,2.2,1.1,88,85,87,78,2.4,0.9,1.55,1.75
19801,England - FA Women's Super League,2018/2019,Reading WFC,Manchester City WFC,3,4,10,15,534,422,2.6290250829999997,3.015969268,7,2,55.9,75,74,75,65,1.5,1.5,88,85,87,78,2.4,0.9,1.2,1.95
19741,England - FA Women's Super League,2018/2019,Arsenal WFC,Reading WFC,6,0,22,4,499,384,4.2991669576,0.409592696,6,0,56.5,84,82,83,75,2.2,1.1,75,74,75,65,1.5,1.5,1.85,1.3
19756,England - FA Women's Super League,2018/2019,Everton LFC,Birmingham City WFC,1,3,18,11,357,383,2.168486504,1.183457554,4,2,48.2,75,74,75,65,1.5,1.5,75,74,75,65,1.5,1.5,1.5,1.5
19754,England - FA Women's Super League,2018/2019,Liverpool WFC,Arsenal WFC,1,5,4,13,288,754,1.152696777,1.394986486,6,2,27.6,86,80,85,77,2.3,1.0,84,82,83,75,2.2,1.1,1.7,1.6
19724,England - FA Women's Super League,2018/2019,Arsenal WFC,West Ham United LFC,4,3,25,8,544,406,4.653301396,0.9098995333,7,0,57.3,84,82,83,75,2.2,1.1,74,72,73,60,1.5,1.6,1.9,1.3
19814,England - FA Women's Super League,2018/2019,Bristol City WFC,West Ham United LFC,1,2,9,17,380,481,0.40397112300000004,2.265061135,3,2,44.1,75,74,75,65,1.5,1.5,74,72,73,60,1.5,1.6,1.55,1.5
19729,England - FA Women's Super League,2018/2019,Bristol City WFC,Everton LFC,1,0,11,16,317,501,0.6137079236999999,2.4761836822000003,1,0,38.8,75,74,75,65,1.5,1.5,75,74,75,65,1.5,1.5,1.5,1.5
19796,England - FA Women's Super League,2018/2019,Brighton & Hove Albion WFC,Birmingham City WFC,2,1,9,11,342,689,1.2872721766000002,1.2765651940000002,3,0,33.2,76,73,77,66,1.6,1.4,75,74,75,65,1.5,1.5,1.55,1.45
3888787,International - FIFA U20 World Cup,1979,Argentina U20,Soviet Union U20,3,1,19,11,525,303,1.7264877721,0.44686036800000006,4,0,63.4,87,82,85,82,2.2,0.9,75,74,75,65,1.5,1.5,1.85,1.2
3857256,International - FIFA World Cup,2022,Serbia,Switzerland,2,3,12,14,521,445,1.189003535,3.1035154719999998,5,2,53.9,75,74,75,65,1.5,1.5,75,74,75,65,1.5,1.5,1.5,1.5
3869151,International - FIFA World Cup,2022,Argentina,Australia,2,1,14,5,728,478,1.4815793030000002,0.42611782,3,0,60.4,87,82,85,82,2.2,0.9,75,74,75,65,1.5,1.5,1.85,1.2
3857257,International - FIFA World Cup,2022,Australia,Denmark,1,0,8,14,350,715,0.469723377,0.737154632,1,0,32.9,75,74,75,65,1.5,1.5,75,74,75,65,1.5,1.5,1.5,1.5
3857258,International - FIFA World Cup,2022,Brazil,Serbia,2,0,23,5,618,446,2.1238895187000004,0.16332714399999998,2,0,58.1,87,83,86,79,2.4,0.9,75,74,75,65,1.5,1.5,1.95,1.2
3857288,International - FIFA World Cup,2022,Tunisia,Australia,0,1,14,9,548,404,1.052170345,0.3590377687,1,2,57.6,75,74,75,65,1.5,1.5,75,74,75,65,1.5,1.5,1.5,1.5
3857267,International - FIFA World Cup,2022,Ecuador,Senegal,1,2,9,13,465,311,1.001662787,1.7074647099999998,3,2,59.9,75,74,75,65,1.5,1.5,75,74,75,65,1.5,1.5,1.5,1.5
3869321,International - FIFA World Cup,2022,Netherlands,Argentina,2,2,12,19,691,640,4.487037827,5.856697131000001,4,1,51.9,75,74,75,65,1.5,1.5,87,82,85,82,2.2,0.9,1.2,1.85
3857287,International - FIFA World Cup,2022,Uruguay,South Korea,0,0,10,7,570,463,0.417294332,0.492992523,0,1,55.2,75,74,75,65,1.5,1.5,75,74,75,65,1.5,1.5,1.5,1.5
3869486,International - FIFA World Cup,2022,Morocco,Portugal,1,0,9,12,249,731,0.972022875,0.7441207567,1,0,25.4,75,74,75,65,1.5,1.5,75,74,75,65,1.5,1.5,1.5,1.5
3869685,International - FIFA World Cup,2022,Argentina,France,3,3,24,14,693,570,5.892305926000001,5.406617949,6,1,54.9,87,82,85,82,2.2,0.9,88,85,84,81,2.3,0.8,1.5,1.6
3857260,International - FIFA World Cup,2022,Saudi Arabia,Mexico,1,2,10,26,322,488,1.076111142,2.3221233279,3,2,39.8,75,74,75,65,1.5,1.5,75,74,75,65,1.5,1.5,1.5,1.5
3857264,International - FIFA World Cup,2022,Poland,Argentina,0,2,4,24,337,909,0.197595245,3.0766596990000004,2,2,27.0,75,74,75,65,1.5,1.5,87,82,85,82,2.2,0.9,1.2,1.85
3857266,International - FIFA World Cup,2022,France,Denmark,2,1,21,10,540,567,1.9335694290000003,0.8885438419999999,3,0,48.8,88,85,84,81,2.3,0.8,75,74,75,65,1.5,1.5,1.9,1.15
3857289,International - FIFA World Cup,2022,Argentina,Mexico,2,0,5,4,567,403,0.325204139,0.20639165169999998,2,0,58.5,87,82,85,82,2.2,0.9,75,74,75,65,1.5,1.5,1.85,1.2
3857269,International - FIFA World Cup,2022,Brazil,Switzerland,1,0,13,6,597,513,0.922729946,0.288629175,1,0,53.8,87,83,86,79,2.4,0.9,75,74,75,65,1.5,1.5,1.95,1.2
3857294,International - FIFA World Cup,2022,Netherlands,Qatar,2,0,13,5,832,486,1.7139532729999998,0.143716575,2,0,63.1,75,74,75,65,1.5,1.5,75,74,75,65,1.5,1.5,1.5,1.5
3869254,International - FIFA World Cup,2022,Portugal,Switzerland,6,1,15,10,488,528,2.2842600070000003,1.271827172,7,0,48.0,75,74,75,65,1.5,1.5,75,74,75,65,1.5,1.5,1.5,1.5
3869118,International - FIFA World Cup,2022,England,Senegal,3,0,8,10,626,408,1.020023461,0.972806433,3,0,60.5,82,80,81,75,2.0,1.0,75,74,75,65,1.5,1.5,1.75,1.25
3869684,International - FIFA World Cup,2022,Croatia,Morocco,2,1,12,9,528,512,0.8492689635999999,0.9914571200000001,3,0,50.8,75,74,75,65,1.5,1.5,75,74,75,65,1.5,1.5,1.5,1.5
3869519,International - FIFA World Cup,2022,Argentina,Croatia,3,0,9,12,432,648,1.8643632719999998,0.4100536413,3,0,40.0,87,82,85,82,2.2,0.9,75,74,75,65,1.5,1.5,1.85,1.2
3869354,International - FIFA World Cup,2022,England,France,1,2,16,8,554,412,2.352551477,0.8393620340000001,3,2,57.3,82,80,81,75,2.0,1.0,88,85,84,81,2.3,0.8,1.4,1.65
3869552,International - FIFA World Cup,2022,France,Morocco,2,0,14,13,387,615,2.002449116,1.23036399,2,0,38.6,88,85,84,81,2.3,0.8,75,74,75,65,1.5,1.5,1.9,1.15
3869420,International - FIFA World Cup,2022,Croatia,Brazil,1,1,13,24,737,747,3.766888804,4.9503305555,2,1,49.7,75,74,75,65,1.5,1.5,87,83,86,79,2.4,0.9,1.2,1.95
3869220,International - FIFA World Cup,2022,Morocco,Spain,0,0,10,15,365,1068,3.704374606,2.8454908599,0,1,25.5,75,74,75,65,1.5,1.5,84,83,86,77,2.0,0.8,1.15,1.75
3869219,International - FIFA World Cup,2022,Japan,Croatia,1,1,17,21,582,796,4.202976766,3.988397506,2,1,42.2,75,74,75,65,1.5,1.5,75,74,75,65,1.5,1.5,1.5,1.5
3869253,International - FIFA World Cup,2022,Brazil,South Korea,4,1,18,8,641,555,3.2614240970000004,0.34482727739999997,5,0,53.6,87,83,86,79,2.4,0.9,75,74,75,65,1.5,1.5,1.95,1.2
3869152,International - FIFA World Cup,2022,France,Poland,3,1,16,12,593,488,1.1263744930000001,1.593527124,4,0,54.9,88,85,84,81,2.3,0.8,75,74,75,65,1.5,1.5,1.9,1.15
3869117,International - FIFA World Cup,2022,Netherlands,United States,3,1,11,18,439,618,1.481948115,1.652097544,4,0,41.5,75,74,75,65,1.5,1.5,75,74,75,65,1.5,1.5,1.5,1.5
3857270,International - FIFA World Cup,2022,Portugal,Uruguay,2,0,15,11,626,438,1.2137340055999999,1.216681074,2,0,58.8,75,74,75,65,1.5,1.5,75,74,75,65,1.5,1.5,1.5,1.5
3857263,International - FIFA World Cup,2022,Spain,Germany,1,1,7,11,663,371,0.6395007165,1.1469521137,2,1,64.1,84,83,86,77,2.0,0.8,83,79,82,74,2.1,1.1,1.55,1.45
3857259,International - FIFA World Cup,2022,Cameroon,Serbia,3,3,13,15,395,536,2.0703093487,1.738067283,6,1,42.4,75,74,75,65,1.5,1.5,75,74,75,65,1.5,1.5,1.5,1.5
3857295,International - FIFA World Cup,2022,Japan,Costa Rica,0,1,13,4,619,470,0.773533495,0.199368384,1,2,56.8,75,74,75,65,1.5,1.5,75,74,75,65,1.5,1.5,1.5,1.5
3857283,International - FIFA World Cup,2022,Belgium,Morocco,0,2,10,10,703,347,0.642612082,0.99110855,2,2,67.0,75,74,75,65,1.5,1.5,75,74,75,65,1.5,1.5,1.5,1.5
3857284,International - FIFA World Cup,2022,Germany,Japan,1,2,26,12,826,294,2.7680194209999995,1.249259581,3,2,73.8,83,79,82,74,2.1,1.1,75,74,75,65,1.5,1.5,1.8,1.3
3857282,International - FIFA World Cup,2022,United States,Wales,1,1,6,7,610,443,0.6024987946,1.395336012,2,1,57.9,75,74,75,65,1.5,1.5,75,74,75,65,1.5,1.5,1.5,1.5
3857286,International - FIFA World Cup,2022,Qatar,Ecuador,0,2,5,6,468,519,0.30418895050000005,1.1540112984,2,2,47.4,75,74,75,65,1.5,1.5,75,74,75,65,1.5,1.5,1.5,1.5
3857301,International - FIFA World Cup,2022,Qatar,Senegal,1,3,10,12,452,547,0.9600861730000001,0.9029646219999999,4,2,45.2,75,74,75,65,1.5,1.5,75,74,75,65,1.5,1.5,1.5,1.5
3857300,International - FIFA World Cup,2022,Argentina,Saudi Arabia,1,2,15,3,646,286,2.491633446,0.153461642,3,2,69.3,87,82,85,82,2.2,0.9,75,74,75,65,1.5,1.5,1.85,1.2
3857299,International - FIFA World Cup,2022,South Korea,Ghana,2,3,21,7,605,340,1.3677928149999996,1.1805358279999998,5,2,64.0,75,74,75,65,1.5,1.5,75,74,75,65,1.5,1.5,1.5,1.5
3857298,International - FIFA World Cup,2022,Portugal,Ghana,3,2,11,9,665,415,2.096873393,0.7800233097,5,0,61.6,75,74,75,65,1.5,1.5,75,74,75,65,1.5,1.5,1.5,1.5
3857297,International - FIFA World Cup,2022,Poland,Saudi Arabia,2,0,9,17,337,582,1.7341724849999998,1.971976484,2,0,36.7,75,74,75,65,1.5,1.5,75,74,75,65,1.5,1.5,1.5,1.5
3857296,International - FIFA World Cup,2022,Croatia,Belgium,0,0,11,16,609,630,0.695021896,2.3818400918,0,1,49.2,75,74,75,65,1.5,1.5,75,74,75,65,1.5,1.5,1.5,1.5
3857293,International - FIFA World Cup,2022,Ghana,Uruguay,0,2,9,12,493,469,1.3926941409999998,1.6365584506000002,2,2,51.2,75,74,75,65,1.5,1.5,75,74,75,65,1.5,1.5,1.5,1.5
3857292,International - FIFA World Cup,2022,Costa Rica,Germany,2,4,7,31,374,766,1.0347440669999999,4.316106397,6,2,32.8,75,74,75,65,1.5,1.5,83,79,82,74,2.1,1.1,1.3,1.8
3857291,International - FIFA World Cup,2022,Spain,Costa Rica,7,0,17,0,1090,250,2.761923473,0.0,7,0,81.3,84,83,86,77,2.0,0.8,75,74,75,65,1.5,1.5,1.75,1.15
3857290,International - FIFA World Cup,2022,Switzerland,Cameroon,1,0,7,8,549,533,1.426544536,0.6130733495,1,0,50.7,75,74,75,65,1.5,1.5,75,74,75,65,1.5,1.5,1.5,1.5
3857285,International - FIFA World Cup,2022,Senegal,Netherlands,0,2,15,10,430,491,0.6914927064999999,1.1238838,2,2,46.7,75,74,75,65,1.5,1.5,75,74,75,65,1.5,1.5,1.5,1.5
3857281,International - FIFA World Cup,2022,Croatia,Canada,4,1,13,8,507,529,2.6102110830000003,0.286795181,5,0,48.9,75,74,75,65,1.5,1.5,75,74,75,65,1.5,1.5,1.5,1.5
3857280,International - FIFA World Cup,2022,Cameroon,Brazil,1,0,7,21,333,593,0.38336075199999997,2.378218864,1,0,36.0,75,74,75,65,1.5,1.5,87,83,86,79,2.4,0.9,1.2,1.95
3857279,International - FIFA World Cup,2022,France,Australia,4,1,23,4,763,475,3.170495788,0.32329254,5,0,61.6,88,85,84,81,2.3,0.8,75,74,75,65,1.5,1.5,1.9,1.15
3857278,International - FIFA World Cup,2022,Iran,United States,0,1,4,12,515,517,0.9207899420000001,1.169654601,1,2,49.9,75,74,75,65,1.5,1.5,75,74,75,65,1.5,1.5,1.5,1.5
3857277,International - FIFA World Cup,2022,Morocco,Croatia,0,0,8,5,384,686,0.362638976,0.8498605050000001,0,1,35.9,75,74,75,65,1.5,1.5,75,74,75,65,1.5,1.5,1.5,1.5
3857276,International - FIFA World Cup,2022,Canada,Morocco,1,2,5,7,562,393,1.095618012,0.42640382499999996,3,2,58.8,75,74,75,65,1.5,1.5,75,74,75,65,1.5,1.5,1.5,1.5
3857275,International - FIFA World Cup,2022,Tunisia,France,1,0,5,10,361,661,0.298346986,0.47698937399999997,1,0,35.3,75,74,75,65,1.5,1.5,88,85,84,81,2.3,0.8,1.15,1.9
3857274,International - FIFA World Cup,2022,Netherlands,Ecuador,1,1,2,15,552,463,0.104464025,1.651054305,2,1,54.4,75,74,75,65,1.5,1.5,75,74,75,65,1.5,1.5,1.5,1.5
3857273,International - FIFA World Cup,2022,Wales,Iran,0,2,10,21,559,363,0.6156351910000001,1.4539579476000002,2,2,60.6,75,74,75,65,1.5,1.5,75,74,75,65,1.5,1.5,1.5,1.5
3857272,International - FIFA World Cup,2022,England,United States,0,0,8,10,582,456,0.460638346,0.514287002,0,1,56.1,82,80,81,75,2.0,1.0,75,74,75,65,1.5,1.5,1.75,1.25
3857271,International - FIFA World Cup,2022,England,Iran,6,2,13,8,846,247,1.987157745,1.4556585987,8,0,77.4,82,80,81,75,2.0,1.0,75,74,75,65,1.5,1.5,1.75,1.25
3857268,International - FIFA World Cup,2022,Belgium,Canada,1,0,9,22,534,480,0.6700408539999999,2.5462123360000004,1,0,52.7,75,74,75,65,1.5,1.5,75,74,75,65,1.5,1.5,1.5,1.5
3857265,International - FIFA World Cup,2022,Mexico,Poland,0,0,11,6,544,362,0.5291349314,1.137926228,0,1,60.0,75,74,75,65,1.5,1.5,75,74,75,65,1.5,1.5,1.5,1.5
3857262,International - FIFA World Cup,2022,South Korea,Portugal,2,1,12,13,388,619,1.398982474,0.973722266,3,0,38.5,75,74,75,65,1.5,1.5,75,74,75,65,1.5,1.5,1.5,1.5
3857261,International - FIFA World Cup,2022,Wales,England,0,3,7,18,351,630,0.208009498,2.91548517,3,2,35.8,75,74,75,65,1.5,1.5,82,80,81,75,2.0,1.0,1.25,1.75
3857255,International - FIFA World Cup,2022,Japan,Spain,2,1,6,12,253,1093,1.157800672,0.8577122079999998,3,0,18.8,75,74,75,65,1.5,1.5,84,83,86,77,2.0,0.8,1.15,1.75
3857254,International - FIFA World Cup,2022,Denmark,Tunisia,0,0,11,13,646,417,1.566558758,1.0599351179999998,0,1,60.8,75,74,75,65,1.5,1.5,75,74,75,65,1.5,1.5,1.5,1.5
7585,International - FIFA World Cup,2018,Colombia,England,1,1,19,22,556,605,4.7486502155000005,6.161789848,2,1,47.9,75,74,75,65,1.5,1.5,82,80,81,75,2.0,1.0,1.25,1.75
7570,International - FIFA World Cup,2018,England,Belgium,0,1,12,14,514,569,1.2006863693,0.965334323,1,2,47.5,82,80,81,75,2.0,1.0,75,74,75,65,1.5,1.5,1.75,1.25
7586,International - FIFA World Cup,2018,Sweden,Switzerland,1,0,12,16,304,615,0.910595485,0.5329880485,1,0,33.1,75,74,75,65,1.5,1.5,75,74,75,65,1.5,1.5,1.5,1.5
7557,International - FIFA World Cup,2018,Iran,Portugal,1,1,9,15,239,630,1.5769696039999999,1.5224178248,2,1,27.5,75,74,75,65,1.5,1.5,75,74,75,65,1.5,1.5,1.5,1.5
7542,International - FIFA World Cup,2018,Portugal,Morocco,1,0,12,17,397,519,0.8849862430000001,1.4551028735,1,0,43.3,75,74,75,65,1.5,1.5,75,74,75,65,1.5,1.5,1.5,1.5
8656,International - FIFA World Cup,2018,Croatia,England,2,1,22,11,656,537,2.1413194335,0.5466641000000001,3,0,55.0,75,74,75,65,1.5,1.5,82,80,81,75,2.0,1.0,1.25,1.75
7554,International - FIFA World Cup,2018,England,Panama,6,1,11,8,607,406,3.168321031,1.0800387518,7,0,59.9,82,80,81,75,2.0,1.0,75,74,75,65,1.5,1.5,1.75,1.25
7550,International - FIFA World Cup,2018,Serbia,Switzerland,1,2,12,19,347,554,1.153485278,1.5573086895,3,2,38.5,75,74,75,65,1.5,1.5,75,74,75,65,1.5,1.5,1.5,1.5
7548,International - FIFA World Cup,2018,Brazil,Costa Rica,2,0,23,4,750,294,3.0963627985,0.158693415,2,0,71.8,87,83,86,79,2.4,0.9,75,74,75,65,1.5,1.5,1.95,1.2
7578,International - FIFA World Cup,2018,Egypt,Uruguay,0,1,8,16,469,623,0.36448845500000004,1.9408185930000001,1,2,42.9,75,74,75,65,1.5,1.5,75,74,75,65,1.5,1.5,1.5,1.5
7553,International - FIFA World Cup,2018,South Korea,Mexico,1,2,17,14,360,495,0.8164225119999999,1.8778128299999999,3,2,42.1,75,74,75,65,1.5,1.5,75,74,75,65,1.5,1.5,1.5,1.5
7544,International - FIFA World Cup,2018,Uruguay,Saudi Arabia,1,0,14,8,511,584,1.8068058070000002,0.2734858323,1,0,46.7,75,74,75,65,1.5,1.5,75,74,75,65,1.5,1.5,1.5,1.5
7536,International - FIFA World Cup,2018,Belgium,Panama,3,0,15,7,610,364,1.212055155,0.62535498,3,0,62.6,75,74,75,65,1.5,1.5,75,74,75,65,1.5,1.5,1.5,1.5
7555,International - FIFA World Cup,2018,Poland,Colombia,0,3,11,13,448,548,1.1141978379999997,1.3869427573000002,3,2,45.0,75,74,75,65,1.5,1.5,75,74,75,65,1.5,1.5,1.5,1.5
7546,International - FIFA World Cup,2018,France,Peru,1,0,12,12,435,548,1.863386476,0.625221235,1,0,44.3,88,85,84,81,2.3,0.8,75,74,75,65,1.5,1.5,1.9,1.15
7539,International - FIFA World Cup,2018,Poland,Senegal,1,2,10,7,585,382,1.042323384,1.428427444,3,2,60.5,75,74,75,65,1.5,1.5,75,74,75,65,1.5,1.5,1.5,1.5
7538,International - FIFA World Cup,2018,Sweden,South Korea,1,0,16,5,477,382,2.015124456,0.414372021,1,0,55.5,75,74,75,65,1.5,1.5,75,74,75,65,1.5,1.5,1.5,1.5
7576,International - FIFA World Cup,2018,Portugal,Spain,3,3,10,12,388,780,1.4345957890000003,1.6609466704999998,6,1,33.2,75,74,75,65,1.5,1.5,84,83,86,77,2.0,0.8,1.15,1.75
7565,International - FIFA World Cup,2018,Serbia,Brazil,0,2,11,15,447,653,0.947791672,1.420267842,2,2,40.6,75,74,75,65,1.5,1.5,87,83,86,79,2.4,0.9,1.2,1.95
7551,International - FIFA World Cup,2018,Germany,Sweden,2,1,18,7,718,234,1.318084832,0.8151666949999999,3,0,75.4,83,79,82,74,2.1,1.1,75,74,75,65,1.5,1.5,1.8,1.3
7537,International - FIFA World Cup,2018,Tunisia,England,1,2,6,18,368,570,0.945653212,2.6264497449999995,3,2,39.2,75,74,75,65,1.5,1.5,82,80,81,75,2.0,1.0,1.25,1.75
7580,International - FIFA World Cup,2018,France,Argentina,4,3,9,12,350,535,1.6380270319999999,1.446559447,7,0,39.5,88,85,84,81,2.3,0.8,87,82,85,82,2.2,0.9,1.6,1.5
8650,International - FIFA World Cup,2018,Brazil,Belgium,1,2,25,8,532,385,2.6091956661999998,0.40525613299999996,3,2,58.0,87,83,86,79,2.4,0.9,75,74,75,65,1.5,1.5,1.95,1.2
7581,International - FIFA World Cup,2018,Croatia,Denmark,1,1,26,19,665,581,6.087735598,4.613994755,2,1,53.4,75,74,75,65,1.5,1.5,75,74,75,65,1.5,1.5,1.5,1.5
7549,International - FIFA World Cup,2018,Nigeria,Iceland,2,0,17,10,529,339,1.312159326,1.552161967,2,0,60.9,75,74,75,65,1.5,1.5,75,74,75,65,1.5,1.5,1.5,1.5
7529,International - FIFA World Cup,2018,Croatia,Nigeria,2,0,11,13,503,425,1.6944666339999999,0.7623215977000002,2,0,54.2,75,74,75,65,1.5,1.5,75,74,75,65,1.5,1.5,1.5,1.5
7534,International - FIFA World Cup,2018,Germany,Mexico,0,1,26,12,619,324,2.2992588492,0.9932887669999999,1,2,65.6,83,79,82,74,2.1,1.1,75,74,75,65,1.5,1.5,1.8,1.3
7562,International - FIFA World Cup,2018,Australia,Peru,0,2,16,4,575,431,1.655319275,0.3363750876,2,2,57.2,75,74,75,65,1.5,1.5,75,74,75,65,1.5,1.5,1.5,1.5
7571,International - FIFA World Cup,2018,Senegal,Colombia,0,1,7,4,328,466,0.35991006300000006,0.28486186999999996,1,2,41.3,75,74,75,65,1.5,1.5,75,74,75,65,1.5,1.5,1.5,1.5
7569,International - FIFA World Cup,2018,Panama,Tunisia,1,2,9,15,291,648,0.6907955865,2.852455004,3,2,31.0,75,74,75,65,1.5,1.5,75,74,75,65,1.5,1.5,1.5,1.5
7568,International - FIFA World Cup,2018,Switzerland,Costa Rica,2,2,13,14,595,362,1.1964671297,1.576212685,4,1,62.2,75,74,75,65,1.5,1.5,75,74,75,65,1.5,1.5,1.5,1.5
7530,International - FIFA World Cup,2018,France,Australia,2,1,12,5,549,444,1.561557064,0.980031062,3,0,55.3,88,85,84,81,2.3,0.8,75,74,75,65,1.5,1.5,1.9,1.15
7558,International - FIFA World Cup,2018,Uruguay,Russia,3,0,16,3,526,380,2.4825809298,0.180184531,3,0,58.1,75,74,75,65,1.5,1.5,83,78,82,72,2.1,1.2,1.35,1.8
7583,International - FIFA World Cup,2018,Brazil,Mexico,2,0,19,14,410,429,3.320421268,0.58279982,2,0,48.9,87,83,86,79,2.4,0.9,75,74,75,65,1.5,1.5,1.95,1.2
7547,International - FIFA World Cup,2018,Denmark,Australia,1,1,10,13,478,533,1.014444774,1.412191891,2,1,47.3,75,74,75,65,1.5,1.5,75,74,75,65,1.5,1.5,1.5,1.5
7535,International - FIFA World Cup,2018,Costa Rica,Serbia,0,1,10,12,481,439,0.5960217237,1.9925690040000001,1,2,52.3,75,74,75,65,1.5,1.5,75,74,75,65,1.5,1.5,1.5,1.5
7584,International - FIFA World Cup,2018,Belgium,Japan,3,2,28,12,618,457,2.9178317195,0.6937694522000001,5,0,57.5,75,74,75,65,1.5,1.5,75,74,75,65,1.5,1.5,1.5,1.5
7545,International - FIFA World Cup,2018,Argentina,Croatia,0,3,10,14,535,382,1.2180579430000003,1.8317100519999998,3,2,58.3,87,82,85,82,2.2,0.9,75,74,75,65,1.5,1.5,1.85,1.2
8649,International - FIFA World Cup,2018,Uruguay,France,0,2,10,11,352,567,0.693195278,0.5387829577000001,2,2,38.3,75,74,75,65,1.5,1.5,88,85,84,81,2.3,0.8,1.15,1.9
8658,International - FIFA World Cup,2018,France,Croatia,4,2,8,15,292,554,1.097963608,1.4802876897,6,0,34.5,88,85,84,81,2.3,0.8,75,74,75,65,1.5,1.5,1.9,1.15
7561,International - FIFA World Cup,2018,Iceland,Croatia,1,2,17,13,331,535,2.1326869014999996,0.6739287970000001,3,2,38.2,75,74,75,65,1.5,1.5,75,74,75,65,1.5,1.5,1.5,1.5
7531,International - FIFA World Cup,2018,Argentina,Iceland,1,1,28,9,796,224,2.0805182487,1.0321244945,2,1,78.0,87,82,85,82,2.2,0.9,75,74,75,65,1.5,1.5,1.85,1.2
7582,International - FIFA World Cup,2018,Spain,Russia,1,1,29,12,1157,326,5.358603154,4.5404268089999995,2,1,78.0,84,83,86,77,2.0,0.8,83,78,82,72,2.1,1.2,1.6,1.45
7552,International - FIFA World Cup,2018,Belgium,Tunisia,5,2,23,17,475,467,5.336422204999999,1.1881780826,7,0,50.4,75,74,75,65,1.5,1.5,75,74,75,65,1.5,1.5,1.5,1.5
7532,International - FIFA World Cup,2018,Peru,Denmark,0,1,17,11,435,402,1.926378192,1.1215676380000001,1,2,52.0,75,74,75,65,1.5,1.5,75,74,75,65,1.5,1.5,1.5,1.5
7560,International - FIFA World Cup,2018,Spain,Morocco,2,2,18,8,753,251,2.6044931,1.0717606750000002,4,1,75.0,84,83,86,77,2.0,0.8,75,74,75,65,1.5,1.5,1.75,1.15
7533,International - FIFA World Cup,2018,Brazil,Switzerland,1,1,21,7,555,458,1.8828507489999997,0.4721066513,2,1,54.8,87,83,86,79,2.4,0.9,75,74,75,65,1.5,1.5,1.95,1.2
7564,International - FIFA World Cup,2018,Nigeria,Argentina,1,2,9,8,322,595,1.305345181,0.8505598590000001,3,2,35.1,75,74,75,65,1.5,1.5,87,82,85,82,2.2,0.9,1.2,1.85
7579,International - FIFA World Cup,2018,Uruguay,Portugal,2,1,7,21,291,593,0.47600794099999993,1.0208288981,3,0,32.9,75,74,75,65,1.5,1.5,75,74,75,65,1.5,1.5,1.5,1.5
7572,International - FIFA World Cup,2018,Japan,Poland,0,1,11,11,587,499,0.8823760785000001,1.040714051,1,2,54.1,75,74,75,65,1.5,1.5,75,74,75,65,1.5,1.5,1.5,1.5
7577,International - FIFA World Cup,2018,Morocco,Iran,0,1,14,8,492,267,1.0591950264999999,0.6975558776999999,1,2,64.8,75,74,75,65,1.5,1.5,75,74,75,65,1.5,1.5,1.5,1.5
7543,International - FIFA World Cup,2018,Iran,Spain,0,1,6,18,262,816,0.426459236,2.1969543835000005,1,2,24.3,75,74,75,65,1.5,1.5,84,83,86,77,2.0,0.8,1.15,1.75
7525,International - FIFA World Cup,2018,Russia,Saudi Arabia,5,0,14,6,388,572,1.2816009420000003,0.24880649999999999,5,0,40.4,83,78,82,72,2.1,1.2,75,74,75,65,1.5,1.5,1.8,1.35
7566,International - FIFA World Cup,2018,Mexico,Sweden,0,3,22,15,508,254,1.6107035277000001,2.7904868150000004,3,2,66.7,75,74,75,65,1.5,1.5,75,74,75,65,1.5,1.5,1.5,1.5
8651,International - FIFA World Cup,2018,Sweden,England,0,2,8,12,400,563,0.834186639,0.75823599,2,2,41.5,75,74,75,65,1.5,1.5,82,80,81,75,2.0,1.0,1.25,1.75
7567,International - FIFA World Cup,2018,South Korea,Germany,2,0,12,29,259,734,1.774630282,2.708915636,2,0,26.1,75,74,75,65,1.5,1.5,83,79,82,74,2.1,1.1,1.3,1.8
7541,International - FIFA World Cup,2018,Colombia,Japan,1,2,10,14,422,630,0.8062560289999999,2.3206739599999997,3,2,40.1,75,74,75,65,1.5,1.5,75,74,75,65,1.5,1.5,1.5,1.5
8655,International - FIFA World Cup,2018,France,Belgium,1,0,19,9,367,623,1.681686764,0.5668682939999999,1,0,37.1,88,85,84,81,2.3,0.8,75,74,75,65,1.5,1.5,1.9,1.15
8657,International - FIFA World Cup,2018,Belgium,England,2,0,11,15,499,685,1.32065846,1.335356625,2,0,42.1,75,74,75,65,1.5,1.5,82,80,81,75,2.0,1.0,1.25,1.75
7540,International - FIFA World Cup,2018,Russia,Egypt,3,1,12,15,467,484,0.9811507970000001,1.697518253,4,0,49.1,83,78,82,72,2.1,1.2,75,74,75,65,1.5,1.5,1.8,1.35
8652,International - FIFA World Cup,2018,Russia,Croatia,2,2,18,23,417,771,4.988439122,5.565318296,4,1,35.1,83,78,82,72,2.1,1.2,75,74,75,65,1.5,1.5,1.8,1.35
7563,International - FIFA World Cup,2018,Denmark,France,0,0,5,11,342,699,0.13895808480000002,0.41814049500000006,0,1,32.9,75,74,75,65,1.5,1.5,88,85,84,81,2.3,0.8,1.15,1.9
7556,International - FIFA World Cup,2018,Japan,Senegal,2,2,7,15,476,392,1.012543586,1.8782642930000002,4,1,54.8,75,74,75,65,1.5,1.5,75,74,75,65,1.5,1.5,1.5,1.5
7559,International - FIFA World Cup,2018,Saudi Arabia,Egypt,2,1,21,8,674,379,2.545815476,0.92372594,3,0,64.0,75,74,75,65,1.5,1.5,75,74,75,65,1.5,1.5,1.5,1.5
3793185,International - FIFA World Cup,1990,Brazil,Argentina,0,1,17,6,492,319,1.7768976516000001,1.0229263789999998,1,2,60.7,87,83,86,79,2.4,0.9,87,82,85,82,2.2,0.9,1.65,1.55
3889149,International - FIFA World Cup,1986,Argentina,Germany,3,2,11,11,324,369,1.393760051,1.380577395,5,0,46.8,87,82,85,82,2.2,0.9,83,79,82,74,2.1,1.1,1.65,1.5
3889148,International - FIFA World Cup,1986,Argentina,Belgium,2,0,18,21,452,395,1.8216716500000003,1.0339213911999998,2,0,53.4,87,82,85,82,2.2,0.9,75,74,75,65,1.5,1.5,1.85,1.2
3750191,International - FIFA World Cup,1986,Argentina,England,2,1,15,12,368,353,1.61461724,0.8854242549,3,0,51.0,87,82,85,82,2.2,0.9,82,80,81,75,2.0,1.0,1.6,1.45
3888720,International - FIFA World Cup,1974,Netherlands,Germany,1,2,16,10,471,359,2.0294978199999996,1.4096343580000001,3,2,56.7,75,74,75,65,1.5,1.5,83,79,82,74,2.1,1.1,1.3,1.8
3888719,International - FIFA World Cup,1974,Netherlands,Brazil,2,0,12,14,473,447,0.753889324,0.9625694706000001,2,0,51.4,75,74,75,65,1.5,1.5,87,83,86,79,2.4,0.9,1.2,1.95
3888718,International - FIFA World Cup,1974,German DR,Netherlands,0,2,11,14,347,560,0.2054398838,0.831800125,2,2,38.3,75,74,75,65,1.5,1.5,75,74,75,65,1.5,1.5,1.5,1.5
3888717,International - FIFA World Cup,1974,Netherlands,Argentina,4,0,18,3,539,391,2.4672334126,0.13200836,4,0,58.0,75,74,75,65,1.5,1.5,87,82,85,82,2.2,0.9,1.2,1.85
3888716,International - FIFA World Cup,1974,Netherlands,Sweden,0,0,30,8,492,307,2.572981466,0.686347812,0,1,61.6,75,74,75,65,1.5,1.5,75,74,75,65,1.5,1.5,1.5,1.5
3750180,International - FIFA World Cup,1974,German DR,Germany,1,0,13,28,311,497,1.067245984,1.790322849,1,0,38.5,75,74,75,65,1.5,1.5,83,79,82,74,2.1,1.1,1.3,1.8
3889218,International - FIFA World Cup,1970,Brazil,Peru,4,2,30,19,502,471,3.6555787996000007,0.9219819954,6,0,51.6,87,83,86,79,2.4,0.9,75,74,75,65,1.5,1.5,1.95,1.2
3889217,International - FIFA World Cup,1970,Brazil,Romania,3,2,22,18,479,381,2.2186872282000003,1.1669383839999998,5,0,55.7,87,83,86,79,2.4,0.9,75,74,75,65,1.5,1.5,1.95,1.2
3888702,International - FIFA World Cup,1970,Brazil,Italy,4,1,27,26,471,309,2.7683219039,1.6352145005,5,0,60.4,87,83,86,79,2.4,0.9,75,74,75,65,1.5,1.5,1.95,1.2
3888701,International - FIFA World Cup,1970,Brazil,Uruguay,3,1,23,18,478,359,1.4168333882999997,0.8424569193,4,0,57.1,87,83,86,79,2.4,0.9,75,74,75,65,1.5,1.5,1.95,1.2
3888700,International - FIFA World Cup,1970,Brazil,England,1,0,20,21,491,476,1.0473308131,1.6404728709999998,1,0,50.8,87,83,86,79,2.4,0.9,82,80,81,75,2.0,1.0,1.7,1.45
3888699,International - FIFA World Cup,1970,Brazil,Czechoslovakia,4,1,29,32,487,433,3.8133128680999997,2.4175017337,5,0,52.9,87,83,86,79,2.4,0.9,75,74,75,65,1.5,1.5,1.95,1.2
3888854,International - FIFA World Cup,1962,Brazil,Mexico,2,0,34,9,509,432,2.359789981,0.8955184839999999,2,0,54.1,87,83,86,79,2.4,0.9,75,74,75,65,1.5,1.5,1.95,1.2
3888705,International - FIFA World Cup,1958,Brazil,Sweden,5,2,26,6,508,422,3.3412576326,0.784290558,7,0,54.6,87,83,86,79,2.4,0.9,75,74,75,65,1.5,1.5,1.95,1.2
3888704,International - FIFA World Cup,1958,Brazil,France,5,2,41,15,474,390,4.8153258679999995,1.4712429085,7,0,54.9,87,83,86,79,2.4,0.9,88,85,84,81,2.3,0.8,1.6,1.6
3827767,India - Indian Super league,2021/2022,Hyderabad,Kerala Blasters,1,1,18,20,518,621,3.9990886484,4.3190909153,2,1,45.5,75,74,75,65,1.5,1.5,75,74,75,65,1.5,1.5,1.5,1.5
3827335,India - Indian Super league,2021/2022,Kerala Blasters,Jamshedpur,1,1,11,11,334,399,1.4229634847000001,1.093065523,2,1,45.6,75,74,75,65,1.5,1.5,75,74,75,65,1.5,1.5,1.5,1.5
3827336,India - Indian Super league,2021/2022,ATK Mohun Bagan,Hyderabad,1,0,30,10,465,269,2.5789815369999998,0.641592384,1,0,63.4,75,74,75,65,1.5,1.5,75,74,75,65,1.5,1.5,1.5,1.5
3827338,India - Indian Super league,2021/2022,Hyderabad,ATK Mohun Bagan,3,1,11,13,441,528,0.9427714730000001,1.7168171233000002,4,0,45.5,75,74,75,65,1.5,1.5,75,74,75,65,1.5,1.5,1.5,1.5
3827337,India - Indian Super league,2021/2022,Jamshedpur,Kerala Blasters,0,1,6,6,369,342,0.580244954,0.5551661544000001,1,2,51.9,75,74,75,65,1.5,1.5,75,74,75,65,1.5,1.5,1.5,1.5
3817856,India - Indian Super league,2021/2022,ATK Mohun Bagan,Jamshedpur,0,1,18,8,531,269,0.865703953,0.5652036869999999,1,2,66.4,75,74,75,65,1.5,1.5,75,74,75,65,1.5,1.5,1.5,1.5
3817891,India - Indian Super league,2021/2022,East Bengal,Bengaluru,0,1,17,8,340,546,1.551809716,1.1540791799999999,1,2,38.4,75,74,75,65,1.5,1.5,75,74,75,65,1.5,1.5,1.5,1.5
3817870,India - Indian Super league,2021/2022,Goa,Kerala Blasters,4,4,15,13,547,327,2.3880994540000002,2.9912366340000003,8,1,62.6,75,74,75,65,1.5,1.5,75,74,75,65,1.5,1.5,1.5,1.5
3817899,India - Indian Super league,2021/2022,Jamshedpur,Odisha,5,1,21,4,421,293,3.1450311025000004,0.21991493699999998,6,0,59.0,75,74,75,65,1.5,1.5,75,74,75,65,1.5,1.5,1.5,1.5
3817866,India - Indian Super league,2021/2022,Kerala Blasters,Mumbai City,3,1,16,14,294,424,1.7743665521,1.5865470615,4,0,40.9,75,74,75,65,1.5,1.5,75,74,75,65,1.5,1.5,1.5,1.5
3817889,India - Indian Super league,2021/2022,Chennaiyin,ATK Mohun Bagan,0,1,16,8,467,645,0.7136447670000001,0.264724423,1,2,42.0,75,74,75,65,1.5,1.5,75,74,75,65,1.5,1.5,1.5,1.5
3817887,India - Indian Super league,2021/2022,Hyderabad,Mumbai City,2,1,14,16,360,540,1.5677905914999999,0.924180199,3,0,40.0,75,74,75,65,1.5,1.5,75,74,75,65,1.5,1.5,1.5,1.5
3817872,India - Indian Super league,2021/2022,Bengaluru,Odisha,2,1,11,14,422,392,1.9445402300000003,1.6911040387000003,3,0,51.8,75,74,75,65,1.5,1.5,75,74,75,65,1.5,1.5,1.5,1.5
3817900,India - Indian Super league,2021/2022,Chennaiyin,Jamshedpur,1,4,15,28,467,401,0.8750970877,3.413957046,5,2,53.8,75,74,75,65,1.5,1.5,75,74,75,65,1.5,1.5,1.5,1.5
3817855,India - Indian Super league,2021/2022,Kerala Blasters,ATK Mohun Bagan,2,2,15,14,328,487,0.8798922105,1.5028308,4,1,40.2,75,74,75,65,1.5,1.5,75,74,75,65,1.5,1.5,1.5,1.5
3817863,India - Indian Super league,2021/2022,Hyderabad,Goa,3,2,12,14,321,495,0.597383488,1.0332316733000002,5,0,39.3,75,74,75,65,1.5,1.5,75,74,75,65,1.5,1.5,1.5,1.5
3817877,India - Indian Super league,2021/2022,NorthEast United,Bengaluru,2,1,14,15,303,550,1.933275306,1.603995894,3,0,35.5,75,74,75,65,1.5,1.5,75,74,75,65,1.5,1.5,1.5,1.5
3817901,India - Indian Super league,2021/2022,Jamshedpur,Mumbai City,3,2,10,17,264,546,2.667962343,2.5552190605000002,5,0,32.6,75,74,75,65,1.5,1.5,75,74,75,65,1.5,1.5,1.5,1.5
3817880,India - Indian Super league,2021/2022,Odisha,Chennaiyin,2,2,19,14,359,501,1.9555698390000003,1.5605420540000001,4,1,41.7,75,74,75,65,1.5,1.5,75,74,75,65,1.5,1.5,1.5,1.5
3817902,India - Indian Super league,2021/2022,Kerala Blasters,East Bengal,1,0,15,9,443,436,0.6355544451999999,0.451812963,1,0,50.4,75,74,75,65,1.5,1.5,75,74,75,65,1.5,1.5,1.5,1.5
3817862,India - Indian Super league,2021/2022,Mumbai City,Odisha,4,1,14,15,539,385,0.9208207466,0.5503975069999999,5,0,58.3,75,74,75,65,1.5,1.5,75,74,75,65,1.5,1.5,1.5,1.5
3817873,India - Indian Super league,2021/2022,ATK Mohun Bagan,NorthEast United,3,1,16,24,502,392,2.327378607,1.2593737215,4,0,56.2,75,74,75,65,1.5,1.5,75,74,75,65,1.5,1.5,1.5,1.5
3817869,India - Indian Super league,2021/2022,Bengaluru,Hyderabad,1,2,8,11,475,333,0.992279277,0.5769524988,3,2,58.8,75,74,75,65,1.5,1.5,75,74,75,65,1.5,1.5,1.5,1.5
3817881,India - Indian Super league,2021/2022,Jamshedpur,Kerala Blasters,3,0,12,10,355,339,2.0143007886,0.281247955,3,0,51.2,75,74,75,65,1.5,1.5,75,74,75,65,1.5,1.5,1.5,1.5
3817895,India - Indian Super league,2021/2022,Chennaiyin,Goa,0,5,7,18,401,694,0.48352786999999997,1.869754826,5,2,36.6,75,74,75,65,1.5,1.5,75,74,75,65,1.5,1.5,1.5,1.5
3817884,India - Indian Super league,2021/2022,Hyderabad,ATK Mohun Bagan,1,2,15,17,403,444,1.038915053,2.2775546418999997,3,2,47.6,75,74,75,65,1.5,1.5,75,74,75,65,1.5,1.5,1.5,1.5
3817896,India - Indian Super league,2021/2022,East Bengal,Odisha,1,2,15,8,459,520,0.6189376603000001,1.2972221193,3,2,46.9,75,74,75,65,1.5,1.5,75,74,75,65,1.5,1.5,1.5,1.5
3817852,India - Indian Super league,2021/2022,Chennaiyin,Mumbai City,0,1,9,14,346,465,0.500258871,1.673692186,1,2,42.7,75,74,75,65,1.5,1.5,75,74,75,65,1.5,1.5,1.5,1.5
3817883,India - Indian Super league,2021/2022,Bengaluru,Jamshedpur,3,1,11,13,431,301,1.4108474356000003,1.1547559840000001,4,0,58.9,75,74,75,65,1.5,1.5,75,74,75,65,1.5,1.5,1.5,1.5
3817886,India - Indian Super league,2021/2022,Kerala Blasters,NorthEast United,2,1,16,11,414,374,1.4166016035,0.4784987785,3,0,52.5,75,74,75,65,1.5,1.5,75,74,75,65,1.5,1.5,1.5,1.5
3817864,India - Indian Super league,2021/2022,Mumbai City,ATK Mohun Bagan,1,1,17,19,402,459,1.1267125580000001,1.2541934620000001,2,1,46.7,75,74,75,65,1.5,1.5,75,74,75,65,1.5,1.5,1.5,1.5
3817882,India - Indian Super league,2021/2022,East Bengal,Chennaiyin,2,2,26,7,446,487,1.595427366,0.6851272170000001,4,1,47.8,75,74,75,65,1.5,1.5,75,74,75,65,1.5,1.5,1.5,1.5
3817894,India - Indian Super league,2021/2022,Goa,Odisha,1,1,24,11,520,292,1.7038635594,1.91635457,2,1,64.0,75,74,75,65,1.5,1.5,75,74,75,65,1.5,1.5,1.5,1.5
3817871,India - Indian Super league,2021/2022,NorthEast United,Hyderabad,0,5,9,20,409,385,0.3039607535,3.0334522425,5,2,51.5,75,74,75,65,1.5,1.5,75,74,75,65,1.5,1.5,1.5,1.5
3817861,India - Indian Super league,2021/2022,Kerala Blasters,Bengaluru,0,1,14,18,361,336,0.572325257,1.3665623265,1,2,51.8,75,74,75,65,1.5,1.5,75,74,75,65,1.5,1.5,1.5,1.5
3817888,India - Indian Super league,2021/2022,ATK Mohun Bagan,East Bengal,3,1,31,13,627,254,3.0929017584,1.0753502355,4,0,71.2,75,74,75,65,1.5,1.5,75,74,75,65,1.5,1.5,1.5,1.5
3817875,India - Indian Super league,2021/2022,Jamshedpur,Goa,1,0,5,12,247,557,0.394563515,1.5420202270000003,1,0,30.7,75,74,75,65,1.5,1.5,75,74,75,65,1.5,1.5,1.5,1.5
3817868,India - Indian Super league,2021/2022,Bengaluru,Chennaiyin,3,0,14,15,454,520,3.3818453814999994,1.425446278,3,0,46.6,75,74,75,65,1.5,1.5,75,74,75,65,1.5,1.5,1.5,1.5
3817867,India - Indian Super league,2021/2022,Mumbai City,NorthEast United,1,1,18,11,385,412,2.5336299070000003,0.7985759244000001,2,1,48.3,75,74,75,65,1.5,1.5,75,74,75,65,1.5,1.5,1.5,1.5
3813313,India - Indian Super league,2021/2022,ATK Mohun Bagan,Odisha,0,0,17,13,512,402,2.0428309667,0.6441004680000001,0,1,56.0,75,74,75,65,1.5,1.5,75,74,75,65,1.5,1.5,1.5,1.5
3817890,India - Indian Super league,2021/2022,Goa,NorthEast United,1,1,25,11,523,254,2.2241417541,0.5154618674,2,1,67.3,75,74,75,65,1.5,1.5,75,74,75,65,1.5,1.5,1.5,1.5
3813302,India - Indian Super league,2021/2022,Jamshedpur,NorthEast United,3,2,21,8,420,479,3.337969532,1.543182008,5,0,46.7,75,74,75,65,1.5,1.5,75,74,75,65,1.5,1.5,1.5,1.5
3817857,India - Indian Super league,2021/2022,Hyderabad,Jamshedpur,0,3,9,16,433,306,0.732374168,1.2692107940000001,3,2,58.6,75,74,75,65,1.5,1.5,75,74,75,65,1.5,1.5,1.5,1.5
3817898,India - Indian Super league,2021/2022,Goa,Mumbai City,0,2,16,15,534,264,1.9090928834,0.6448083930000001,2,2,66.9,75,74,75,65,1.5,1.5,75,74,75,65,1.5,1.5,1.5,1.5
3817893,India - Indian Super league,2021/2022,East Bengal,NorthEast United,1,1,18,10,448,417,1.2729810011,0.8710930040000001,2,1,51.8,75,74,75,65,1.5,1.5,75,74,75,65,1.5,1.5,1.5,1.5
3817854,India - Indian Super league,2021/2022,ATK Mohun Bagan,Bengaluru,2,0,10,15,384,471,0.8036303019999999,0.8707380026,2,0,44.9,75,74,75,65,1.5,1.5,75,74,75,65,1.5,1.5,1.5,1.5
3817892,India - Indian Super league,2021/2022,Odisha,ATK Mohun Bagan,1,1,13,17,332,528,1.5513457952999998,1.5756372490000001,2,1,38.6,75,74,75,65,1.5,1.5,75,74,75,65,1.5,1.5,1.5,1.5
3817859,India - Indian Super league,2021/2022,NorthEast United,Jamshedpur,2,3,11,15,426,327,1.788059931,1.593110034,5,2,56.6,75,74,75,65,1.5,1.5,75,74,75,65,1.5,1.5,1.5,1.5
3817858,India - Indian Super league,2021/2022,Kerala Blasters,Chennaiyin,3,0,16,8,536,396,2.6212669379999998,1.321756181,3,0,57.5,75,74,75,65,1.5,1.5,75,74,75,65,1.5,1.5,1.5,1.5
3817897,India - Indian Super league,2021/2022,Hyderabad,Kerala Blasters,2,1,9,18,358,446,1.420572194,1.3841952135,3,0,44.5,75,74,75,65,1.5,1.5,75,74,75,65,1.5,1.5,1.5,1.5
3817885,India - Indian Super league,2021/2022,Mumbai City,East Bengal,1,0,12,13,458,369,1.288960797,1.018564461,1,0,55.4,75,74,75,65,1.5,1.5,75,74,75,65,1.5,1.5,1.5,1.5
3817878,India - Indian Super league,2021/2022,East Bengal,Hyderabad,0,4,12,21,447,412,1.243590206,2.9277315704999998,4,2,52.0,75,74,75,65,1.5,1.5,75,74,75,65,1.5,1.5,1.5,1.5
3817876,India - Indian Super league,2021/2022,Chennaiyin,NorthEast United,2,1,11,28,453,432,0.7160403729999999,3.241692509,3,0,51.2,75,74,75,65,1.5,1.5,75,74,75,65,1.5,1.5,1.5,1.5
3813305,India - Indian Super league,2021/2022,Kerala Blasters,Hyderabad,1,0,12,15,322,435,0.8572790215000001,1.238625855,1,0,42.5,75,74,75,65,1.5,1.5,75,74,75,65,1.5,1.5,1.5,1.5
3813266,India - Indian Super league,2021/2022,Goa,Chennaiyin,1,0,17,4,566,278,1.4266413619999998,0.140748264,1,0,67.1,75,74,75,65,1.5,1.5,75,74,75,65,1.5,1.5,1.5,1.5
3813271,India - Indian Super league,2021/2022,Kerala Blasters,Goa,2,2,10,22,298,522,1.4080179757,1.0124208717,4,1,36.3,75,74,75,65,1.5,1.5,75,74,75,65,1.5,1.5,1.5,1.5
3813311,India - Indian Super league,2021/2022,Jamshedpur,Chennaiyin,0,1,20,7,475,334,1.3085566784999998,0.5061417676,1,2,58.7,75,74,75,65,1.5,1.5,75,74,75,65,1.5,1.5,1.5,1.5
3813303,India - Indian Super league,2021/2022,ATK Mohun Bagan,Goa,2,1,7,15,439,514,0.2457468427,0.9229192069999999,3,0,46.1,75,74,75,65,1.5,1.5,75,74,75,65,1.5,1.5,1.5,1.5
3813304,India - Indian Super league,2021/2022,Hyderabad,East Bengal,1,1,13,7,532,281,0.752695115,0.6350326140000001,2,1,65.4,75,74,75,65,1.5,1.5,75,74,75,65,1.5,1.5,1.5,1.5
3813306,India - Indian Super league,2021/2022,NorthEast United,ATK Mohun Bagan,2,3,18,26,372,506,1.4177418212000001,3.4171702130000003,5,2,42.4,75,74,75,65,1.5,1.5,75,74,75,65,1.5,1.5,1.5,1.5
3813283,India - Indian Super league,2021/2022,Chennaiyin,Bengaluru,2,4,10,14,418,425,0.6843915334,1.9848564319999997,6,2,49.6,75,74,75,65,1.5,1.5,75,74,75,65,1.5,1.5,1.5,1.5
3813275,India - Indian Super league,2021/2022,Kerala Blasters,Jamshedpur,1,1,7,18,384,375,0.8749588075000001,1.193239818,2,1,50.6,75,74,75,65,1.5,1.5,75,74,75,65,1.5,1.5,1.5,1.5
3813278,India - Indian Super league,2021/2022,Chennaiyin,Kerala Blasters,0,3,9,12,440,469,0.6507972579999999,1.485466891,3,2,48.4,75,74,75,65,1.5,1.5,75,74,75,65,1.5,1.5,1.5,1.5
3813295,India - Indian Super league,2021/2022,Hyderabad,Odisha,6,1,11,10,466,364,1.9944206843,0.878551015,7,0,56.1,75,74,75,65,1.5,1.5,75,74,75,65,1.5,1.5,1.5,1.5
3813296,India - Indian Super league,2021/2022,NorthEast United,Kerala Blasters,0,0,7,13,354,417,0.34367648149999996,1.5857595080000002,0,1,45.9,75,74,75,65,1.5,1.5,75,74,75,65,1.5,1.5,1.5,1.5
3813282,India - Indian Super league,2021/2022,Mumbai City,Kerala Blasters,0,3,13,14,478,313,1.405550582,1.45861545,3,2,60.4,75,74,75,65,1.5,1.5,75,74,75,65,1.5,1.5,1.5,1.5
3813269,India - Indian Super league,2021/2022,Odisha,Jamshedpur,0,4,10,19,466,319,0.5713093424,1.5091523940000002,4,2,59.4,75,74,75,65,1.5,1.5,75,74,75,65,1.5,1.5,1.5,1.5
3817879,India - Indian Super league,2021/2022,Chennaiyin,Hyderabad,1,1,11,25,355,448,0.9098908900000001,1.211728161,2,1,44.2,75,74,75,65,1.5,1.5,75,74,75,65,1.5,1.5,1.5,1.5
3817874,India - Indian Super league,2021/2022,Bengaluru,Goa,1,1,12,11,298,399,0.6885039630000002,1.2941624520000001,2,1,42.8,75,74,75,65,1.5,1.5,75,74,75,65,1.5,1.5,1.5,1.5
3817865,India - Indian Super league,2021/2022,NorthEast United,Odisha,0,2,14,16,445,392,0.9533285076000001,1.952608302,2,2,53.2,75,74,75,65,1.5,1.5,75,74,75,65,1.5,1.5,1.5,1.5
3817860,India - Indian Super league,2021/2022,Odisha,Hyderabad,2,3,6,20,442,446,0.47136313789999995,1.898778047,5,2,49.8,75,74,75,65,1.5,1.5,75,74,75,65,1.5,1.5,1.5,1.5
3817853,India - Indian Super league,2021/2022,Goa,East Bengal,1,2,19,4,643,263,1.148652381,0.6369196410000001,3,2,71.0,75,74,75,65,1.5,1.5,75,74,75,65,1.5,1.5,1.5,1.5
3817851,India - Indian Super league,2021/2022,Odisha,Kerala Blasters,0,2,10,16,454,493,0.6623378259999999,0.9342839779999998,2,2,47.9,75,74,75,65,1.5,1.5,75,74,75,65,1.5,1.5,1.5,1.5
3817850,India - Indian Super league,2021/2022,Jamshedpur,East Bengal,1,0,14,7,445,278,1.252599232,0.307031085,1,0,61.5,75,74,75,65,1.5,1.5,75,74,75,65,1.5,1.5,1.5,1.5
3817849,India - Indian Super league,2021/2022,Mumbai City,Bengaluru,0,3,12,19,456,381,0.973305468,1.8377451456,3,2,54.5,75,74,75,65,1.5,1.5,75,74,75,65,1.5,1.5,1.5,1.5
3817848,India - Indian Super league,2021/2022,Goa,ATK Mohun Bagan,0,2,16,15,621,277,0.924291314,2.1126044815,2,2,69.2,75,74,75,65,1.5,1.5,75,74,75,65,1.5,1.5,1.5,1.5
3813318,India - Indian Super league,2021/2022,NorthEast United,Mumbai City,3,3,16,20,282,522,2.540213161,2.4993065220000004,6,1,35.1,75,74,75,65,1.5,1.5,75,74,75,65,1.5,1.5,1.5,1.5
3813287,India - Indian Super league,2021/2022,Bengaluru,ATK Mohun Bagan,3,3,17,16,275,285,2.317888415,1.9903078355,6,1,49.1,75,74,75,65,1.5,1.5,75,74,75,65,1.5,1.5,1.5,1.5
3813270,India - Indian Super league,2021/2022,Mumbai City,Goa,3,0,11,8,351,465,2.0075733199999997,0.349259805,3,0,43.0,75,74,75,65,1.5,1.5,75,74,75,65,1.5,1.5,1.5,1.5
3813307,India - Indian Super league,2021/2022,Jamshedpur,Bengaluru,0,0,13,8,263,425,0.7743322599999999,0.650886048,0,1,38.2,75,74,75,65,1.5,1.5,75,74,75,65,1.5,1.5,1.5,1.5
3813279,India - Indian Super league,2021/2022,Chennaiyin,Odisha,2,1,20,9,522,369,2.0382585864,0.34046923399999995,3,0,58.6,75,74,75,65,1.5,1.5,75,74,75,65,1.5,1.5,1.5,1.5
3813281,India - Indian Super league,2021/2022,ATK Mohun Bagan,Chennaiyin,1,1,9,14,381,477,0.774960862,0.757628166,2,1,44.4,75,74,75,65,1.5,1.5,75,74,75,65,1.5,1.5,1.5,1.5
3813274,India - Indian Super league,2021/2022,Bengaluru,Mumbai City,1,3,12,9,300,363,1.2932473820000001,1.0706465239999998,4,2,45.2,75,74,75,65,1.5,1.5,75,74,75,65,1.5,1.5,1.5,1.5
3813285,India - Indian Super league,2021/2022,Goa,Bengaluru,2,1,9,15,310,338,0.7902083389999999,1.1416075233,3,0,47.8,75,74,75,65,1.5,1.5,75,74,75,65,1.5,1.5,1.5,1.5
3813317,India - Indian Super league,2021/2022,Odisha,East Bengal,6,4,13,16,450,400,1.5248890255,1.4979186252999999,10,0,52.9,75,74,75,65,1.5,1.5,75,74,75,65,1.5,1.5,1.5,1.5
3813316,India - Indian Super league,2021/2022,NorthEast United,Goa,2,1,10,21,296,586,1.3206240643,2.5579896090000003,3,0,33.6,75,74,75,65,1.5,1.5,75,74,75,65,1.5,1.5,1.5,1.5
3813315,India - Indian Super league,2021/2022,Goa,Jamshedpur,1,3,10,15,553,189,0.7674580139999999,2.0217102750000002,4,2,74.5,75,74,75,65,1.5,1.5,75,74,75,65,1.5,1.5,1.5,1.5
3813314,India - Indian Super league,2021/2022,ATK Mohun Bagan,Kerala Blasters,4,2,10,14,309,499,2.3310924634999997,0.8617786740000001,6,0,38.2,75,74,75,65,1.5,1.5,75,74,75,65,1.5,1.5,1.5,1.5
3813312,India - Indian Super league,2021/2022,ATK Mohun Bagan,Mumbai City,1,5,10,18,325,523,0.5317676284999999,3.1152505354,6,2,38.3,75,74,75,65,1.5,1.5,75,74,75,65,1.5,1.5,1.5,1.5
3813310,India - Indian Super league,2021/2022,East Bengal,Kerala Blasters,1,1,12,10,252,558,0.6937297656,0.41647796029999995,2,1,31.1,75,74,75,65,1.5,1.5,75,74,75,65,1.5,1.5,1.5,1.5
3813309,India - Indian Super league,2021/2022,Hyderabad,Chennaiyin,0,1,14,7,528,290,0.8255059210000001,0.9333219889999999,1,2,64.5,75,74,75,65,1.5,1.5,75,74,75,65,1.5,1.5,1.5,1.5
3813308,India - Indian Super league,2021/2022,Odisha,Goa,1,1,13,11,404,548,1.242760985,1.270510199,2,1,42.4,75,74,75,65,1.5,1.5,75,74,75,65,1.5,1.5,1.5,1.5
3813301,India - Indian Super league,2021/2022,Odisha,NorthEast United,1,0,9,21,518,327,0.7258270074000001,1.3655431643999998,1,0,61.3,75,74,75,65,1.5,1.5,75,74,75,65,1.5,1.5,1.5,1.5
3813300,India - Indian Super league,2021/2022,Kerala Blasters,Odisha,2,1,11,18,471,396,2.3054045949999997,2.4369295784,3,0,54.3,75,74,75,65,1.5,1.5,75,74,75,65,1.5,1.5,1.5,1.5
3813299,India - Indian Super league,2021/2022,Hyderabad,Bengaluru,1,0,10,9,351,437,0.30529145559999993,0.560359048,1,0,44.5,75,74,75,65,1.5,1.5,75,74,75,65,1.5,1.5,1.5,1.5
3813298,India - Indian Super league,2021/2022,East Bengal,Jamshedpur,1,1,11,18,275,473,0.5835507465000002,1.3163038880000002,2,1,36.8,75,74,75,65,1.5,1.5,75,74,75,65,1.5,1.5,1.5,1.5
3813297,India - Indian Super league,2021/2022,Bengaluru,NorthEast United,4,2,11,12,560,270,0.940674824,1.451274269,6,0,67.5,75,74,75,65,1.5,1.5,75,74,75,65,1.5,1.5,1.5,1.5
3813294,India - Indian Super league,2021/2022,NorthEast United,Chennaiyin,1,2,12,11,443,465,0.5919700443,1.2155934311,3,2,48.8,75,74,75,65,1.5,1.5,75,74,75,65,1.5,1.5,1.5,1.5
3813293,India - Indian Super league,2021/2022,Bengaluru,East Bengal,1,1,11,5,616,235,0.882960716,0.330591711,2,1,72.4,75,74,75,65,1.5,1.5,75,74,75,65,1.5,1.5,1.5,1.5
3813292,India - Indian Super league,2021/2022,Bengaluru,Kerala Blasters,1,1,11,9,561,325,1.038154996,0.29153113799999997,2,1,63.3,75,74,75,65,1.5,1.5,75,74,75,65,1.5,1.5,1.5,1.5
3813291,India - Indian Super league,2021/2022,East Bengal,ATK Mohun Bagan,0,3,7,12,518,426,0.733051143,0.9669864739999999,3,2,54.9,75,74,75,65,1.5,1.5,75,74,75,65,1.5,1.5,1.5,1.5
3813290,India - Indian Super league,2021/2022,Hyderabad,NorthEast United,5,1,16,11,435,391,2.0685811007000003,1.4159217900000003,6,0,52.7,75,74,75,65,1.5,1.5,75,74,75,65,1.5,1.5,1.5,1.5
3813289,India - Indian Super league,2021/2022,Odisha,Bengaluru,3,1,6,18,274,536,0.6367929076,2.2679509179999995,4,0,33.8,75,74,75,65,1.5,1.5,75,74,75,65,1.5,1.5,1.5,1.5
3813288,India - Indian Super league,2021/2022,Jamshedpur,Hyderabad,1,1,11,7,259,370,0.9891531140000002,0.488024891,2,1,41.2,75,74,75,65,1.5,1.5,75,74,75,65,1.5,1.5,1.5,1.5
3813286,India - Indian Super league,2021/2022,Mumbai City,Chennaiyin,1,0,15,8,651,299,0.6793500757,0.7084324902,1,0,68.5,75,74,75,65,1.5,1.5,75,74,75,65,1.5,1.5,1.5,1.5
3813284,India - Indian Super league,2021/2022,Mumbai City,Jamshedpur,4,2,12,12,458,349,1.670543812,1.6718944750000002,6,0,56.8,75,74,75,65,1.5,1.5,75,74,75,65,1.5,1.5,1.5,1.5
3813280,India - Indian Super league,2021/2022,Chennaiyin,East Bengal,0,0,24,11,489,352,2.746079656,1.048977083,0,1,58.1,75,74,75,65,1.5,1.5,75,74,75,65,1.5,1.5,1.5,1.5
3813277,India - Indian Super league,2021/2022,Mumbai City,Hyderabad,1,3,12,7,466,283,1.2964845980000002,1.2899563416,4,2,62.2,75,74,75,65,1.5,1.5,75,74,75,65,1.5,1.5,1.5,1.5
3813276,India - Indian Super league,2021/2022,NorthEast United,East Bengal,2,0,19,8,439,373,1.630359222,0.639644459,2,0,54.1,75,74,75,65,1.5,1.5,75,74,75,65,1.5,1.5,1.5,1.5
3813273,India - Indian Super league,2021/2022,Odisha,Mumbai City,4,2,9,16,322,495,1.589911622,1.1653353479999997,6,0,39.4,75,74,75,65,1.5,1.5,75,74,75,65,1.5,1.5,1.5,1.5
3813272,India - Indian Super league,2021/2022,Goa,Hyderabad,1,1,11,19,493,296,1.433875911,1.4238906390000001,2,1,62.5,75,74,75,65,1.5,1.5,75,74,75,65,1.5,1.5,1.5,1.5
3813268,India - Indian Super league,2021/2022,Jamshedpur,ATK Mohun Bagan,2,1,13,11,282,439,0.773467009,1.3470252523,3,0,39.1,75,74,75,65,1.5,1.5,75,74,75,65,1.5,1.5,1.5,1.5
3813267,India - Indian Super league,2021/2022,East Bengal,Goa,3,4,10,18,271,610,0.6501293434,2.991310808,7,2,30.8,75,74,75,65,1.5,1.5,75,74,75,65,1.5,1.5,1.5,1.5
3813265,India - Indian Super league,2021/2022,East Bengal,Mumbai City,0,0,5,15,236,554,0.38291343699999997,0.556595132,0,1,29.9,75,74,75,65,1.5,1.5,75,74,75,65,1.5,1.5,1.5,1.5
3813264,India - Indian Super league,2021/2022,ATK Mohun Bagan,Hyderabad,2,2,12,18,466,413,0.727560838,1.3953872070000002,4,1,53.0,75,74,75,65,1.5,1.5,75,74,75,65,1.5,1.5,1.5,1.5
3773386,Spain - La Liga,2020/2021,Deportivo Alavés,Barcelona,1,1,4,25,238,880,1.128524181,2.0911299490000004,2,1,21.3,75,74,75,65,1.5,1.5,89,83,88,80,2.5,0.9,1.2,2.0
3773565,Spain - La Liga,2020/2021,Granada,Barcelona,0,4,8,14,323,830,0.450979546,1.4928263959999999,4,2,28.0,75,74,75,65,1.5,1.5,89,83,88,80,2.5,0.9,1.2,2.0
3773457,Spain - La Liga,2020/2021,Barcelona,Celta Vigo,1,2,21,4,761,440,2.159081824,0.729653214,3,2,63.4,89,83,88,80,2.5,0.9,75,74,75,65,1.5,1.5,2.0,1.2
3773631,Spain - La Liga,2020/2021,Real Betis,Barcelona,2,3,8,12,426,758,1.3950677189999998,0.9875746009999999,5,2,36.0,75,74,75,65,1.5,1.5,89,83,88,80,2.5,0.9,1.2,2.0
3773665,Spain - La Liga,2020/2021,Osasuna,Barcelona,0,2,10,13,449,759,1.2082273140000002,1.056926099,2,2,37.2,75,74,75,65,1.5,1.5,89,83,88,80,2.5,0.9,1.2,2.0
3773497,Spain - La Liga,2020/2021,Real Madrid,Barcelona,2,1,14,18,355,748,1.321765321,1.494463878,3,0,32.2,91,86,89,82,2.6,0.8,89,83,88,80,2.5,0.9,1.75,1.65
3773660,Spain - La Liga,2020/2021,Barcelona,Levante UD,1,0,24,6,716,407,2.058993611,0.736227611,1,0,63.8,89,83,88,80,2.5,0.9,75,74,75,65,1.5,1.5,2.0,1.2
3773593,Spain - La Liga,2020/2021,Barcelona,Villarreal,4,0,17,5,735,577,2.6873112679999998,0.1825146875,4,0,56.0,89,83,88,80,2.5,0.9,75,74,75,65,1.5,1.5,2.0,1.2
3773466,Spain - La Liga,2020/2021,Celta Vigo,Barcelona,0,3,10,7,460,600,0.46619188860000005,0.739652598,3,2,43.4,75,74,75,65,1.5,1.5,89,83,88,80,2.5,0.9,1.2,2.0
3773585,Spain - La Liga,2020/2021,Barcelona,Real Madrid,1,3,10,16,626,577,1.2488722015,2.9000679519999997,4,2,52.0,89,83,88,80,2.5,0.9,91,86,89,82,2.6,0.8,1.65,1.75
3773552,Spain - La Liga,2020/2021,Huesca,Barcelona,0,1,4,20,375,840,0.387724143,2.508760701,1,2,30.9,75,74,75,65,1.5,1.5,89,83,88,80,2.5,0.9,1.2,2.0
3773672,Spain - La Liga,2020/2021,Barcelona,Sevilla,1,1,11,10,681,575,1.6534482454000001,0.688010283,2,1,54.2,89,83,88,80,2.5,0.9,75,74,75,65,1.5,1.5,2.0,1.2
3773587,Spain - La Liga,2020/2021,Getafe,Barcelona,1,0,9,7,249,659,1.652100625,0.7843558220000001,1,0,27.4,75,74,75,65,1.5,1.5,89,83,88,80,2.5,0.9,1.2,2.0
3773656,Spain - La Liga,2020/2021,Atlético Madrid,Barcelona,1,0,10,13,570,651,0.562930227,0.954291622,1,0,46.7,82,88,81,74,1.9,0.8,89,83,88,80,2.5,0.9,1.4,1.65
3773377,Spain - La Liga,2020/2021,Barcelona,Valencia,2,2,24,11,760,309,2.893558679,1.637535147,4,1,71.1,89,83,88,80,2.5,0.9,75,74,75,65,1.5,1.5,2.0,1.2
3773586,Spain - La Liga,2020/2021,Barcelona,Granada,1,2,16,5,904,209,1.233171613,0.535677516,3,2,81.2,89,83,88,80,2.5,0.9,75,74,75,65,1.5,1.5,2.0,1.2
3773372,Spain - La Liga,2020/2021,Barcelona,Atlético Madrid,0,0,12,10,634,445,0.8648851659999999,0.55558012,0,1,58.8,89,83,88,80,2.5,0.9,82,88,81,74,1.9,0.8,1.65,1.4
3773387,Spain - La Liga,2020/2021,Levante UD,Barcelona,3,3,16,17,419,657,1.017280621,2.8138382679999996,6,1,38.9,75,74,75,65,1.5,1.5,89,83,88,80,2.5,0.9,1.2,2.0
3773695,Spain - La Liga,2020/2021,Valencia,Barcelona,2,3,9,14,381,807,1.301609404,3.0856501890000003,5,2,32.1,75,74,75,65,1.5,1.5,89,83,88,80,2.5,0.9,1.2,2.0
3773369,Spain - La Liga,2020/2021,Barcelona,Huesca,4,1,12,8,938,419,0.95751025,2.101564256,5,0,69.1,89,83,88,80,2.5,0.9,75,74,75,65,1.5,1.5,2.0,1.2
3773661,Spain - La Liga,2020/2021,Barcelona,Getafe,5,2,9,5,973,229,1.6198782499999997,1.502712756,7,0,80.9,89,83,88,80,2.5,0.9,75,74,75,65,1.5,1.5,2.0,1.2
3773597,Spain - La Liga,2020/2021,Real Sociedad,Barcelona,1,6,10,14,350,778,0.6805954160000001,2.7190648429999995,7,2,31.0,75,74,75,65,1.5,1.5,89,83,88,80,2.5,0.9,1.2,2.0
3773523,Spain - La Liga,2020/2021,Barcelona,Real Sociedad,2,1,14,12,536,480,2.6482608960000005,1.9268283419999999,3,0,52.8,89,83,88,80,2.5,0.9,75,74,75,65,1.5,1.5,2.0,1.2
3773571,Spain - La Liga,2020/2021,Real Valladolid,Barcelona,0,3,12,21,470,717,0.6726382205,3.5577344489999994,3,2,39.6,75,74,75,65,1.5,1.5,89,83,88,80,2.5,0.9,1.2,2.0
3773428,Spain - La Liga,2020/2021,Cádiz,Barcelona,2,1,8,21,198,918,2.2947186696,1.528829837,3,0,17.7,75,74,75,65,1.5,1.5,89,83,88,80,2.5,0.9,1.2,2.0
3764661,Spain - La Liga,2020/2021,Athletic Club,Barcelona,2,3,8,13,518,685,0.841487605,1.4724851283,5,2,43.1,75,74,75,65,1.5,1.5,89,83,88,80,2.5,0.9,1.2,2.0
3773526,Spain - La Liga,2020/2021,Barcelona,Deportivo Alavés,5,1,17,6,899,321,2.692579604,0.609192384,6,0,73.7,89,83,88,80,2.5,0.9,75,74,75,65,1.5,1.5,2.0,1.2
3773474,Spain - La Liga,2020/2021,Barcelona,Real Valladolid,1,0,25,7,742,346,1.8230445149999996,0.354709277,1,0,68.2,89,83,88,80,2.5,0.9,75,74,75,65,1.5,1.5,2.0,1.2
3773625,Spain - La Liga,2020/2021,Sevilla,Barcelona,0,2,3,9,516,612,0.089311511,1.92933905,2,2,45.7,75,74,75,65,1.5,1.5,89,83,88,80,2.5,0.9,1.2,2.0
3773403,Spain - La Liga,2020/2021,Barcelona,Athletic Club,2,1,12,7,637,458,1.7285390559999998,0.22678602899999997,3,0,58.2,89,83,88,80,2.5,0.9,75,74,75,65,1.5,1.5,2.0,1.2
3773547,Spain - La Liga,2020/2021,Barcelona,Osasuna,4,0,20,10,852,351,4.178242825000001,1.1067934193,4,0,70.8,89,83,88,80,2.5,0.9,75,74,75,65,1.5,1.5,2.0,1.2
3773415,Spain - La Liga,2020/2021,Barcelona,Cádiz,1,1,20,3,956,221,2.1455778609999996,1.0836837049999999,2,1,81.2,89,83,88,80,2.5,0.9,75,74,75,65,1.5,1.5,2.0,1.2
3764440,Spain - La Liga,2020/2021,Barcelona,Elche,3,0,9,6,787,428,2.70108426,0.670472064,3,0,64.8,89,83,88,80,2.5,0.9,75,74,75,65,1.5,1.5,2.0,1.2
3773689,Spain - La Liga,2020/2021,Villarreal,Barcelona,1,2,10,15,484,628,1.3720789489999998,3.3227739440000006,3,2,43.5,75,74,75,65,1.5,1.5,89,83,88,80,2.5,0.9,1.2,2.0
3773477,Spain - La Liga,2020/2021,Barcelona,Real Betis,5,2,17,12,653,447,4.186569146,1.005236781,7,0,59.4,89,83,88,80,2.5,0.9,75,74,75,65,1.5,1.5,2.0,1.2
303731,Spain - La Liga,2019/2020,Barcelona,Eibar,5,0,13,12,746,328,3.976931951,0.6710336225000001,5,0,69.5,89,83,88,80,2.5,0.9,75,74,75,65,1.5,1.5,2.0,1.2
303532,Spain - La Liga,2019/2020,Barcelona,Leganés,2,0,10,6,899,306,1.5943270349999996,0.756958526,2,0,74.6,89,83,88,80,2.5,0.9,75,74,75,65,1.5,1.5,2.0,1.2
303516,Spain - La Liga,2019/2020,Celta Vigo,Barcelona,2,2,10,18,335,685,2.589303723,1.8170789179999998,4,1,32.8,75,74,75,65,1.5,1.5,89,83,88,80,2.5,0.9,1.2,2.0
303596,Spain - La Liga,2019/2020,Barcelona,Real Madrid,0,0,9,17,609,576,0.719925322,0.9542925624999999,0,1,51.4,89,83,88,80,2.5,0.9,91,86,89,82,2.6,0.8,1.65,1.75
303430,Spain - La Liga,2019/2020,Barcelona,Villarreal,2,1,9,11,679,515,0.612086894,0.543885724,3,0,56.9,89,83,88,80,2.5,0.9,75,74,75,65,1.5,1.5,2.0,1.2
303725,Spain - La Liga,2019/2020,Villarreal,Barcelona,1,4,10,18,404,855,0.912594162,2.567198417,5,2,32.1,75,74,75,65,1.5,1.5,89,83,88,80,2.5,0.9,1.2,2.0
303504,Spain - La Liga,2019/2020,Levante UD,Barcelona,3,1,9,10,388,693,0.8460165719999999,2.139044643,4,0,35.9,75,74,75,65,1.5,1.5,89,83,88,80,2.5,0.9,1.2,2.0
303451,Spain - La Liga,2019/2020,Barcelona,Mallorca,5,2,25,9,746,397,3.2707426254999996,1.050319794,7,0,65.3,89,83,88,80,2.5,0.9,75,74,75,65,1.5,1.5,2.0,1.2
303664,Spain - La Liga,2019/2020,Real Sociedad,Barcelona,2,2,19,9,605,541,2.7875779040000004,1.9130446799999998,4,1,52.8,75,74,75,65,1.5,1.5,89,83,88,80,2.5,0.9,1.2,2.0
303682,Spain - La Liga,2019/2020,Barcelona,Levante UD,2,1,23,9,783,384,2.9258208420000007,1.4201925580000003,3,0,67.1,89,83,88,80,2.5,0.9,75,74,75,65,1.5,1.5,2.0,1.2
303400,Spain - La Liga,2019/2020,Valencia,Barcelona,2,0,8,14,325,877,1.282769674,1.165431627,2,0,27.0,75,74,75,65,1.5,1.5,89,83,88,80,2.5,0.9,1.2,2.0
303634,Spain - La Liga,2019/2020,Barcelona,Osasuna,1,2,18,9,869,236,1.0125385056,0.4741186025,3,2,78.6,89,83,88,80,2.5,0.9,75,74,75,65,1.5,1.5,2.0,1.2
303421,Spain - La Liga,2019/2020,Deportivo Alavés,Barcelona,0,5,7,16,376,792,0.406357612,2.913145846,5,2,32.2,75,74,75,65,1.5,1.5,89,83,88,80,2.5,0.9,1.2,2.0
303493,Spain - La Liga,2019/2020,Barcelona,Athletic Club,1,0,18,7,828,303,1.675432889,0.688305282,1,0,73.2,89,83,88,80,2.5,0.9,75,74,75,65,1.5,1.5,2.0,1.2
303680,Spain - La Liga,2019/2020,Real Valladolid,Barcelona,0,1,13,10,420,753,0.767382524,1.226690606,1,2,35.8,75,74,75,65,1.5,1.5,89,83,88,80,2.5,0.9,1.2,2.0
303479,Spain - La Liga,2019/2020,Barcelona,Real Sociedad,1,0,13,10,564,478,1.9346501790000001,0.658936379,1,0,54.1,89,83,88,80,2.5,0.9,75,74,75,65,1.5,1.5,2.0,1.2
303615,Spain - La Liga,2019/2020,Barcelona,Espanyol,1,0,9,11,859,295,1.155459763,0.7635460445,1,0,74.4,89,83,88,80,2.5,0.9,75,74,75,65,1.5,1.5,2.0,1.2
303696,Spain - La Liga,2019/2020,Barcelona,Atlético Madrid,2,2,12,10,798,305,1.4776562649999998,1.9883945813,4,1,72.3,89,83,88,80,2.5,0.9,82,88,81,74,1.9,0.8,1.65,1.4
303487,Spain - La Liga,2019/2020,Barcelona,Celta Vigo,4,1,9,6,705,453,1.558700034,0.26777825549999995,5,0,60.9,89,83,88,80,2.5,0.9,75,74,75,65,1.5,1.5,2.0,1.2
303600,Spain - La Liga,2019/2020,Barcelona,Real Valladolid,5,1,18,9,671,427,2.382540813,0.5268658740000001,6,0,61.1,89,83,88,80,2.5,0.9,75,74,75,65,1.5,1.5,2.0,1.2
303548,Spain - La Liga,2019/2020,Mallorca,Barcelona,0,4,12,12,419,738,0.771835227,2.0685232229999997,4,2,36.2,75,74,75,65,1.5,1.5,89,83,88,80,2.5,0.9,1.2,2.0
303652,Spain - La Liga,2019/2020,Espanyol,Barcelona,2,2,8,14,334,750,0.420332712,1.4762220425,4,1,30.8,75,74,75,65,1.5,1.5,89,83,88,80,2.5,0.9,1.2,2.0
303674,Spain - La Liga,2019/2020,Sevilla,Barcelona,0,0,8,10,437,770,0.523757683,0.5060273670000001,0,1,36.2,75,74,75,65,1.5,1.5,89,83,88,80,2.5,0.9,1.2,2.0
303470,Spain - La Liga,2019/2020,Real Madrid,Barcelona,2,0,13,9,536,684,0.8652740299999999,1.069344716,2,0,43.9,91,86,89,82,2.6,0.8,89,83,88,80,2.5,0.9,1.75,1.65
303700,Spain - La Liga,2019/2020,Eibar,Barcelona,0,3,6,9,481,623,0.327932219,1.4085941777,3,2,43.6,75,74,75,65,1.5,1.5,89,83,88,80,2.5,0.9,1.2,2.0
303707,Spain - La Liga,2019/2020,Real Betis,Barcelona,2,3,7,10,308,746,1.0949722132,1.4341765,5,2,29.2,75,74,75,65,1.5,1.5,89,83,88,80,2.5,0.9,1.2,2.0
303666,Spain - La Liga,2019/2020,Granada,Barcelona,2,0,9,8,250,691,1.8489029273,0.5349524370000001,2,0,26.6,75,74,75,65,1.5,1.5,89,83,88,80,2.5,0.9,1.2,2.0
303715,Spain - La Liga,2019/2020,Leganés,Barcelona,1,2,9,11,237,798,0.351292322,1.598676625,3,2,22.9,75,74,75,65,1.5,1.5,89,83,88,80,2.5,0.9,1.2,2.0
303377,Spain - La Liga,2019/2020,Barcelona,Getafe,2,1,12,6,718,243,1.6572169519999997,0.748722662,3,0,74.7,89,83,88,80,2.5,0.9,75,74,75,65,1.5,1.5,2.0,1.2
303524,Spain - La Liga,2019/2020,Atlético Madrid,Barcelona,0,1,16,13,381,724,1.2149636990000001,0.931063791,1,2,34.5,82,88,81,74,1.9,0.8,89,83,88,80,2.5,0.9,1.4,1.65
303517,Spain - La Liga,2019/2020,Barcelona,Deportivo Alavés,4,1,8,5,805,358,1.5926148169999998,0.545430767,5,0,69.2,89,83,88,80,2.5,0.9,75,74,75,65,1.5,1.5,2.0,1.2
303610,Spain - La Liga,2019/2020,Barcelona,Granada,1,0,18,5,1028,237,1.5407311209999999,0.218909804,1,0,81.3,89,83,88,80,2.5,0.9,75,74,75,65,1.5,1.5,2.0,1.2
303473,Spain - La Liga,2019/2020,Barcelona,Sevilla,4,0,15,16,591,462,1.4673041635,1.7253259230000002,4,0,56.1,89,83,88,80,2.5,0.9,75,74,75,65,1.5,1.5,2.0,1.2
15978,Spain - La Liga,2018/2019,Real Sociedad,Barcelona,1,2,8,12,365,783,0.914412035,1.398165227,3,2,31.8,75,74,75,65,1.5,1.5,89,83,88,80,2.5,0.9,1.2,2.0
15998,Spain - La Liga,2018/2019,Leganés,Barcelona,2,1,9,9,267,855,1.070911462,0.552077237,3,0,23.8,75,74,75,65,1.5,1.5,89,83,88,80,2.5,0.9,1.2,2.0
16029,Spain - La Liga,2018/2019,Barcelona,Sevilla,4,2,23,19,520,456,2.3974202783,1.688973094,6,0,53.3,89,83,88,80,2.5,0.9,75,74,75,65,1.5,1.5,2.0,1.2
16073,Spain - La Liga,2018/2019,Atlético Madrid,Barcelona,1,1,3,7,354,758,0.141969905,0.296478192,2,1,31.8,82,88,81,74,1.9,0.8,89,83,88,80,2.5,0.9,1.4,1.65
16086,Spain - La Liga,2018/2019,Espanyol,Barcelona,0,4,15,17,503,617,1.224688889,2.3132187269999998,4,2,44.9,75,74,75,65,1.5,1.5,89,83,88,80,2.5,0.9,1.2,2.0
16190,Spain - La Liga,2018/2019,Sevilla,Barcelona,2,4,14,17,401,602,1.122434296,1.6004439970000002,6,2,40.0,75,74,75,65,1.5,1.5,89,83,88,80,2.5,0.9,1.2,2.0
16109,Spain - La Liga,2018/2019,Barcelona,Celta Vigo,2,0,9,11,584,536,1.134397363,0.899607741,2,0,52.1,89,83,88,80,2.5,0.9,75,74,75,65,1.5,1.5,2.0,1.2
16120,Spain - La Liga,2018/2019,Getafe,Barcelona,1,2,10,13,244,765,1.5908359879999998,1.7478493249999998,3,2,24.2,75,74,75,65,1.5,1.5,89,83,88,80,2.5,0.9,1.2,2.0
16182,Spain - La Liga,2018/2019,Barcelona,Real Valladolid,1,0,20,11,742,484,3.661527874,0.44353789800000004,1,0,60.5,89,83,88,80,2.5,0.9,75,74,75,65,1.5,1.5,2.0,1.2
16215,Spain - La Liga,2018/2019,Real Betis,Barcelona,1,4,13,16,620,487,1.007864181,2.050660124,5,2,56.0,75,74,75,65,1.5,1.5,89,83,88,80,2.5,0.9,1.2,2.0
16173,Spain - La Liga,2018/2019,Athletic Club,Barcelona,0,0,14,10,377,727,1.35796548,0.49470533400000005,0,1,34.1,75,74,75,65,1.5,1.5,89,83,88,80,2.5,0.9,1.2,2.0
16265,Spain - La Liga,2018/2019,Barcelona,Real Sociedad,2,1,11,9,567,555,1.245622556,0.8769487859999999,3,0,50.5,89,83,88,80,2.5,0.9,75,74,75,65,1.5,1.5,2.0,1.2
15946,Spain - La Liga,2018/2019,Barcelona,Deportivo Alavés,3,0,25,3,917,246,2.6599242,0.292109614,3,0,78.8,89,83,88,80,2.5,0.9,75,74,75,65,1.5,1.5,2.0,1.2
16157,Spain - La Liga,2018/2019,Barcelona,Valencia,2,2,20,13,807,388,1.6903835109999998,2.4418723389999997,4,1,67.5,89,83,88,80,2.5,0.9,75,74,75,65,1.5,1.5,2.0,1.2
16136,Spain - La Liga,2018/2019,Barcelona,Leganés,3,1,15,5,831,315,1.74555982,0.6695991617,4,0,72.5,89,83,88,80,2.5,0.9,75,74,75,65,1.5,1.5,2.0,1.2
16248,Spain - La Liga,2018/2019,Barcelona,Atlético Madrid,2,0,20,9,760,436,1.9246822670000001,0.5219108577,2,0,63.5,89,83,88,80,2.5,0.9,82,88,81,74,1.9,0.8,1.65,1.4
16056,Spain - La Liga,2018/2019,Barcelona,Real Betis,3,4,20,15,537,448,4.172701369,2.0215838760000002,7,2,54.5,89,83,88,80,2.5,0.9,75,74,75,65,1.5,1.5,2.0,1.2
16289,Spain - La Liga,2018/2019,Barcelona,Levante UD,1,0,23,7,650,396,1.7492327289999998,0.7343230099999999,1,0,62.1,89,83,88,80,2.5,0.9,75,74,75,65,1.5,1.5,2.0,1.2
16079,Spain - La Liga,2018/2019,Barcelona,Villarreal,2,0,15,12,721,434,1.0838477350000002,0.8975263569999998,2,0,62.4,89,83,88,80,2.5,0.9,75,74,75,65,1.5,1.5,2.0,1.2
16149,Spain - La Liga,2018/2019,Girona,Barcelona,0,2,13,15,374,675,1.212639442,1.906738469,2,2,35.7,75,74,75,65,1.5,1.5,89,83,88,80,2.5,0.9,1.2,2.0
16275,Spain - La Liga,2018/2019,Deportivo Alavés,Barcelona,0,2,6,16,259,811,0.41362018800000006,2.2655810069999998,2,2,24.2,75,74,75,65,1.5,1.5,89,83,88,80,2.5,0.9,1.2,2.0
15973,Spain - La Liga,2018/2019,Barcelona,Huesca,8,2,30,7,701,336,4.513569743,1.264742864,10,0,67.6,89,83,88,80,2.5,0.9,75,74,75,65,1.5,1.5,2.0,1.2
16317,Spain - La Liga,2018/2019,Eibar,Barcelona,2,2,18,8,433,656,1.477804292,0.7572143847999999,4,1,39.8,75,74,75,65,1.5,1.5,89,83,88,80,2.5,0.9,1.2,2.0
16131,Spain - La Liga,2018/2019,Barcelona,Eibar,3,0,7,16,654,468,1.16775373,0.9653471839999999,3,0,58.3,89,83,88,80,2.5,0.9,75,74,75,65,1.5,1.5,2.0,1.2
16205,Spain - La Liga,2018/2019,Barcelona,Rayo Vallecano,3,1,12,8,732,340,2.619028352,0.3626478485,4,0,68.3,89,83,88,80,2.5,0.9,75,74,75,65,1.5,1.5,2.0,1.2
16095,Spain - La Liga,2018/2019,Levante UD,Barcelona,0,5,20,16,426,556,1.164957094,2.9769174072,5,2,43.4,75,74,75,65,1.5,1.5,89,83,88,80,2.5,0.9,1.2,2.0
16306,Spain - La Liga,2018/2019,Barcelona,Getafe,2,0,13,11,929,267,2.040483553,0.9995465319999999,2,0,77.7,89,83,88,80,2.5,0.9,75,74,75,65,1.5,1.5,2.0,1.2
16010,Spain - La Liga,2018/2019,Barcelona,Athletic Club,1,1,20,8,692,295,2.7532440959999995,0.48522814999999997,2,1,70.1,89,83,88,80,2.5,0.9,75,74,75,65,1.5,1.5,2.0,1.2
15986,Spain - La Liga,2018/2019,Barcelona,Girona,2,2,21,7,765,376,1.502485224,1.069202315,4,1,67.0,89,83,88,80,2.5,0.9,75,74,75,65,1.5,1.5,2.0,1.2
16240,Spain - La Liga,2018/2019,Villarreal,Barcelona,4,4,16,15,348,713,2.572822366,2.2952025089999997,8,1,32.8,75,74,75,65,1.5,1.5,89,83,88,80,2.5,0.9,1.2,2.0
16023,Spain - La Liga,2018/2019,Valencia,Barcelona,1,1,10,10,346,1035,1.376319467,0.3969471124999999,2,1,25.1,75,74,75,65,1.5,1.5,89,83,88,80,2.5,0.9,1.2,2.0
16196,Spain - La Liga,2018/2019,Real Madrid,Barcelona,0,1,18,10,513,543,1.0888610150000002,1.2611960085,1,2,48.6,91,86,89,82,2.6,0.8,89,83,88,80,2.5,0.9,1.75,1.65
15956,Spain - La Liga,2018/2019,Real Valladolid,Barcelona,0,1,7,11,368,628,0.33820088000000004,0.7582223709999999,1,2,36.9,75,74,75,65,1.5,1.5,89,83,88,80,2.5,0.9,1.2,2.0
16231,Spain - La Liga,2018/2019,Barcelona,Espanyol,2,0,13,3,725,336,1.059880911,0.179885682,2,0,68.3,89,83,88,80,2.5,0.9,75,74,75,65,1.5,1.5,2.0,1.2
9880,Spain - La Liga,2017/2018,Barcelona,Valencia,2,1,12,17,722,440,1.631784803,2.2189510705999997,3,0,62.1,89,83,88,80,2.5,0.9,75,74,75,65,1.5,1.5,2.0,1.2
9912,Spain - La Liga,2017/2018,RC Deportivo La Coruña,Barcelona,2,4,17,21,451,736,2.2408726459999997,3.196088814,6,2,38.0,75,74,75,65,1.5,1.5,89,83,88,80,2.5,0.9,1.2,2.0
9924,Spain - La Liga,2017/2018,Barcelona,Real Madrid,2,2,11,17,581,580,1.013568059,1.7654616890000001,4,1,50.0,89,83,88,80,2.5,0.9,91,86,89,82,2.6,0.8,1.65,1.75
9855,Spain - La Liga,2017/2018,Barcelona,Athletic Club,2,0,17,10,629,446,1.527211485,0.634935711,2,0,58.5,89,83,88,80,2.5,0.9,75,74,75,65,1.5,1.5,2.0,1.2
9827,Spain - La Liga,2017/2018,Las Palmas,Barcelona,1,1,12,10,336,590,1.2387656795,1.045022334,2,1,36.3,75,74,75,65,1.5,1.5,89,83,88,80,2.5,0.9,1.2,2.0
9799,Spain - La Liga,2017/2018,Eibar,Barcelona,0,2,14,10,509,581,0.6787358600000001,2.810077197,2,2,46.7,75,74,75,65,1.5,1.5,89,83,88,80,2.5,0.9,1.2,2.0
9636,Spain - La Liga,2017/2018,Barcelona,Las Palmas,3,0,22,11,538,588,3.100964786,0.568182815,3,0,47.8,89,83,88,80,2.5,0.9,75,74,75,65,1.5,1.5,2.0,1.2
9609,Spain - La Liga,2017/2018,Barcelona,Eibar,6,1,11,13,639,424,2.001458215,1.032137608,7,0,60.1,89,83,88,80,2.5,0.9,75,74,75,65,1.5,1.5,2.0,1.2
9575,Spain - La Liga,2017/2018,Barcelona,Real Betis,2,0,15,3,685,450,1.1637680150000003,0.19116502200000002,2,0,60.4,89,83,88,80,2.5,0.9,75,74,75,65,1.5,1.5,2.0,1.2
9928,Spain - La Liga,2017/2018,Barcelona,Villarreal,5,1,13,20,666,514,2.9111367,1.2547959039999999,6,0,56.4,89,83,88,80,2.5,0.9,75,74,75,65,1.5,1.5,2.0,1.2
9736,Spain - La Liga,2017/2018,Real Madrid,Barcelona,0,3,13,18,495,597,0.9102945754,3.343821991,3,2,45.3,91,86,89,82,2.6,0.8,89,83,88,80,2.5,0.9,1.75,1.65
9742,Spain - La Liga,2017/2018,Barcelona,Levante UD,3,0,16,9,723,303,2.366960571,0.6839044459999999,3,0,70.5,89,83,88,80,2.5,0.9,75,74,75,65,1.5,1.5,2.0,1.2
9765,Spain - La Liga,2017/2018,Real Betis,Barcelona,0,5,7,14,517,571,0.348158176,2.218575591,5,2,47.5,75,74,75,65,1.5,1.5,89,83,88,80,2.5,0.9,1.2,2.0
9661,Spain - La Liga,2017/2018,Athletic Club,Barcelona,0,2,17,17,396,600,1.310543534,2.6556588420000002,2,2,39.8,75,74,75,65,1.5,1.5,89,83,88,80,2.5,0.9,1.2,2.0
9592,Spain - La Liga,2017/2018,Barcelona,Espanyol,5,0,20,9,766,253,3.0948081069999995,0.46805163099999997,5,0,75.2,89,83,88,80,2.5,0.9,75,74,75,65,1.5,1.5,2.0,1.2
9870,Spain - La Liga,2017/2018,Barcelona,Leganés,3,1,12,11,743,342,2.2368968849999997,0.65573611,4,0,68.5,89,83,88,80,2.5,0.9,75,74,75,65,1.5,1.5,2.0,1.2
9783,Spain - La Liga,2017/2018,Espanyol,Barcelona,1,1,7,13,254,653,0.5659254220000001,0.827279913,2,1,28.0,75,74,75,65,1.5,1.5,89,83,88,80,2.5,0.9,1.2,2.0
9700,Spain - La Liga,2017/2018,Barcelona,Celta Vigo,2,2,22,10,775,425,3.29798127,1.673003012,4,1,64.6,89,83,88,80,2.5,0.9,75,74,75,65,1.5,1.5,2.0,1.2
9860,Spain - La Liga,2017/2018,Sevilla,Barcelona,2,2,21,20,444,648,2.6078045822999996,2.052047065,4,1,40.7,75,74,75,65,1.5,1.5,89,83,88,80,2.5,0.9,1.2,2.0
9695,Spain - La Liga,2017/2018,Valencia,Barcelona,1,1,9,12,356,798,1.100298345,0.9133596747,2,1,30.8,75,74,75,65,1.5,1.5,89,83,88,80,2.5,0.9,1.2,2.0
9794,Spain - La Liga,2017/2018,Barcelona,Getafe,0,0,13,10,827,230,0.953258331,0.3945332575,0,1,78.2,89,83,88,80,2.5,0.9,75,74,75,65,1.5,1.5,2.0,1.2
9717,Spain - La Liga,2017/2018,Villarreal,Barcelona,0,2,9,16,382,809,0.566564353,3.222045162,2,2,32.1,75,74,75,65,1.5,1.5,89,83,88,80,2.5,0.9,1.2,2.0
9673,Spain - La Liga,2017/2018,Barcelona,Sevilla,2,1,18,8,615,569,1.8726843870000003,0.480070253,3,0,51.9,89,83,88,80,2.5,0.9,75,74,75,65,1.5,1.5,2.0,1.2
9650,Spain - La Liga,2017/2018,Barcelona,Málaga,2,0,12,13,746,418,1.817342279,0.719506983,2,0,64.1,89,83,88,80,2.5,0.9,75,74,75,65,1.5,1.5,2.0,1.2
9620,Spain - La Liga,2017/2018,Girona,Barcelona,0,3,14,10,389,593,1.0864782077,0.98248872,3,2,39.6,75,74,75,65,1.5,1.5,89,83,88,80,2.5,0.9,1.2,2.0
9837,Spain - La Liga,2017/2018,Barcelona,Atlético Madrid,1,0,17,5,640,474,1.0886138697,0.1949915093,1,0,57.5,89,83,88,80,2.5,0.9,82,88,81,74,1.9,0.8,1.65,1.4
9811,Spain - La Liga,2017/2018,Barcelona,Girona,6,1,21,10,634,380,2.643734277,0.765066592,7,0,62.5,89,83,88,80,2.5,0.9,75,74,75,65,1.5,1.5,2.0,1.2
9642,Spain - La Liga,2017/2018,Atlético Madrid,Barcelona,1,1,5,15,363,773,0.397746746,1.313994053,2,1,32.0,82,88,81,74,1.9,0.8,89,83,88,80,2.5,0.9,1.4,1.65
9774,Spain - La Liga,2017/2018,Barcelona,Deportivo Alavés,2,1,18,7,767,243,2.2385854243,0.7808859424,3,0,75.9,89,83,88,80,2.5,0.9,75,74,75,65,1.5,1.5,2.0,1.2
9602,Spain - La Liga,2017/2018,Getafe,Barcelona,1,2,13,7,309,709,0.6546389126000001,0.555728866,3,2,30.4,75,74,75,65,1.5,1.5,89,83,88,80,2.5,0.9,1.2,2.0
9948,Spain - La Liga,2017/2018,Barcelona,Real Sociedad,1,0,12,13,642,402,1.26810036,0.685541521,1,0,61.5,89,83,88,80,2.5,0.9,75,74,75,65,1.5,1.5,2.0,1.2
9682,Spain - La Liga,2017/2018,Leganés,Barcelona,0,3,18,11,319,653,1.2832229555,1.76472795,3,2,32.8,75,74,75,65,1.5,1.5,89,83,88,80,2.5,0.9,1.2,2.0
9581,Spain - La Liga,2017/2018,Deportivo Alavés,Barcelona,0,2,11,23,291,785,0.655419891,2.21300036,2,2,27.0,75,74,75,65,1.5,1.5,89,83,88,80,2.5,0.9,1.2,2.0
9726,Spain - La Liga,2017/2018,Barcelona,RC Deportivo La Coruña,4,0,23,10,687,451,6.151456335000001,0.310851873,4,0,60.4,89,83,88,80,2.5,0.9,75,74,75,65,1.5,1.5,2.0,1.2
9754,Spain - La Liga,2017/2018,Real Sociedad,Barcelona,2,4,13,11,501,500,0.8557110539999999,1.1561278670000001,6,2,50.0,75,74,75,65,1.5,1.5,89,83,88,80,2.5,0.9,1.2,2.0
9889,Spain - La Liga,2017/2018,Celta Vigo,Barcelona,2,2,18,14,494,537,2.4107103050000003,2.129271155,4,1,47.9,75,74,75,65,1.5,1.5,89,83,88,80,2.5,0.9,1.2,2.0
266989,Spain - La Liga,2016/2017,Sevilla,Barcelona,1,2,15,14,477,519,1.4141421990000003,1.845216515,3,2,47.9,75,74,75,65,1.5,1.5,89,83,88,80,2.5,0.9,1.2,2.0
266357,Spain - La Liga,2016/2017,Osasuna,Barcelona,0,3,4,17,234,906,0.08841607500000001,3.285924586,3,2,20.5,75,74,75,65,1.5,1.5,89,83,88,80,2.5,0.9,1.2,2.0
267569,Spain - La Liga,2016/2017,Real Madrid,Barcelona,2,3,22,16,444,581,2.682824919,1.7836646185,5,2,43.3,91,86,89,82,2.6,0.8,89,83,88,80,2.5,0.9,1.75,1.65
267212,Spain - La Liga,2016/2017,Leganés,Barcelona,1,5,15,10,342,536,1.08660309,3.351669018,6,2,39.0,75,74,75,65,1.5,1.5,89,83,88,80,2.5,0.9,1.2,2.0
266669,Spain - La Liga,2016/2017,Barcelona,Deportivo Alavés,1,2,17,5,746,258,1.6494365015,0.3989895712,3,2,74.3,89,83,88,80,2.5,0.9,75,74,75,65,1.5,1.5,2.0,1.2
266892,Spain - La Liga,2016/2017,Athletic Club,Barcelona,0,1,9,11,376,648,0.5485051495000001,1.8103361649999998,1,2,36.7,75,74,75,65,1.5,1.5,89,83,88,80,2.5,0.9,1.2,2.0
267220,Spain - La Liga,2016/2017,Barcelona,Atlético Madrid,1,1,19,9,775,326,1.034596479,0.58063407,2,1,70.4,89,83,88,80,2.5,0.9,82,88,81,74,1.9,0.8,1.65,1.4
267670,Spain - La Liga,2016/2017,Barcelona,Real Betis,6,2,29,4,723,278,3.5265039949999992,0.226682301,8,0,72.2,89,83,88,80,2.5,0.9,75,74,75,65,1.5,1.5,2.0,1.2
266516,Spain - La Liga,2016/2017,Real Betis,Barcelona,1,1,17,10,297,587,1.2892952456,0.9203046699999999,2,1,33.6,75,74,75,65,1.5,1.5,89,83,88,80,2.5,0.9,1.2,2.0
267039,Spain - La Liga,2016/2017,Las Palmas,Barcelona,1,4,11,11,430,671,0.7161056769999999,1.867076193,5,2,39.1,75,74,75,65,1.5,1.5,89,83,88,80,2.5,0.9,1.2,2.0
266477,Spain - La Liga,2016/2017,Villarreal,Barcelona,1,1,5,20,326,720,0.321088464,1.3762888489999998,2,1,31.2,75,74,75,65,1.5,1.5,89,83,88,80,2.5,0.9,1.2,2.0
267101,Spain - La Liga,2016/2017,Barcelona,Osasuna,7,1,19,3,846,266,3.6614756589999997,0.0792398336,8,0,76.1,89,83,88,80,2.5,0.9,75,74,75,65,1.5,1.5,2.0,1.2
266440,Spain - La Liga,2016/2017,Barcelona,Valencia,4,2,28,6,670,261,3.7157748149999996,0.9828353220000001,6,0,72.0,89,83,88,80,2.5,0.9,75,74,75,65,1.5,1.5,2.0,1.2
266033,Spain - La Liga,2016/2017,Valencia,Barcelona,2,3,7,15,306,682,1.036052236,1.9746321939999998,5,2,31.0,75,74,75,65,1.5,1.5,89,83,88,80,2.5,0.9,1.2,2.0
267660,Spain - La Liga,2016/2017,RC Deportivo La Coruña,Barcelona,2,1,14,15,314,747,1.5689476622,1.3406854929999998,3,0,29.6,75,74,75,65,1.5,1.5,89,83,88,80,2.5,0.9,1.2,2.0
266273,Spain - La Liga,2016/2017,Deportivo Alavés,Barcelona,0,6,9,22,316,734,1.423346245,2.8813263105999996,6,2,30.1,75,74,75,65,1.5,1.5,89,83,88,80,2.5,0.9,1.2,2.0
267395,Spain - La Liga,2016/2017,Barcelona,Las Palmas,5,0,23,7,595,397,3.381129192,0.567579244,5,0,60.0,89,83,88,80,2.5,0.9,75,74,75,65,1.5,1.5,2.0,1.2
266874,Spain - La Liga,2016/2017,Barcelona,Athletic Club,3,0,16,10,539,457,0.9673181532999999,0.822713319,3,0,54.1,89,83,88,80,2.5,0.9,75,74,75,65,1.5,1.5,2.0,1.2
266731,Spain - La Liga,2016/2017,Eibar,Barcelona,0,4,14,14,401,617,0.6091129503,1.835845714,4,2,39.4,75,74,75,65,1.5,1.5,89,83,88,80,2.5,0.9,1.2,2.0
266528,Spain - La Liga,2016/2017,Barcelona,Espanyol,4,1,14,3,645,326,2.022003635,0.24533895300000003,5,0,66.4,89,83,88,80,2.5,0.9,75,74,75,65,1.5,1.5,2.0,1.2
266280,Spain - La Liga,2016/2017,Barcelona,Sevilla,3,0,13,7,628,478,1.1674662530000002,0.6094724097,3,0,56.8,89,83,88,80,2.5,0.9,75,74,75,65,1.5,1.5,2.0,1.2
267432,Spain - La Liga,2016/2017,Barcelona,Eibar,4,2,17,9,642,251,5.021651123,1.07911865,6,0,71.9,89,83,88,80,2.5,0.9,75,74,75,65,1.5,1.5,2.0,1.2
267076,Spain - La Liga,2016/2017,Barcelona,Real Madrid,1,1,12,14,594,476,1.2154033359999998,1.109905212,2,1,55.5,89,83,88,80,2.5,0.9,91,86,89,82,2.6,0.8,1.65,1.75
267590,Spain - La Liga,2016/2017,Málaga,Barcelona,2,0,8,12,320,669,0.868959974,1.324152049,2,0,32.4,75,74,75,65,1.5,1.5,89,83,88,80,2.5,0.9,1.2,2.0
267373,Spain - La Liga,2016/2017,Barcelona,Real Sociedad,3,2,15,14,545,489,2.5430759320000003,0.7613255396,5,0,52.7,89,83,88,80,2.5,0.9,75,74,75,65,1.5,1.5,2.0,1.2
267077,Spain - La Liga,2016/2017,Espanyol,Barcelona,0,3,6,16,358,671,0.411480748,1.672483668,3,2,34.8,75,74,75,65,1.5,1.5,89,83,88,80,2.5,0.9,1.2,2.0
266952,Spain - La Liga,2016/2017,Barcelona,Villarreal,4,1,20,8,746,383,2.538688421,0.7587652090000001,5,0,66.1,89,83,88,80,2.5,0.9,75,74,75,65,1.5,1.5,2.0,1.2
267464,Spain - La Liga,2016/2017,Atlético Madrid,Barcelona,1,2,13,15,318,528,1.0228339810000002,1.8263464329999999,3,2,37.6,82,88,81,74,1.9,0.8,89,83,88,80,2.5,0.9,1.4,1.65
266299,Spain - La Liga,2016/2017,Barcelona,Celta Vigo,5,0,19,7,670,388,2.633343392,0.4944295873999999,5,0,63.3,89,83,88,80,2.5,0.9,75,74,75,65,1.5,1.5,2.0,1.2
266191,Spain - La Liga,2016/2017,Real Sociedad,Barcelona,1,1,18,10,497,476,1.7695519344,0.5694381310000001,2,1,51.1,75,74,75,65,1.5,1.5,89,83,88,80,2.5,0.9,1.2,2.0
265952,Spain - La Liga,2016/2017,Barcelona,Sporting Gijón,6,1,22,5,748,257,1.7943247666000002,1.262595044,7,0,74.4,89,83,88,80,2.5,0.9,75,74,75,65,1.5,1.5,2.0,1.2
267492,Spain - La Liga,2016/2017,Barcelona,RC Deportivo La Coruña,4,0,25,7,698,299,3.752909775,0.279366298,4,0,70.0,89,83,88,80,2.5,0.9,75,74,75,65,1.5,1.5,2.0,1.2
267596,Spain - La Liga,2016/2017,Barcelona,Leganés,2,1,13,12,780,328,2.1399577867,1.101014622,3,0,70.4,89,83,88,80,2.5,0.9,75,74,75,65,1.5,1.5,2.0,1.2
267058,Spain - La Liga,2016/2017,Barcelona,Granada,1,0,15,1,733,299,1.6633421530000003,0.014366697,1,0,71.0,89,83,88,80,2.5,0.9,75,74,75,65,1.5,1.5,2.0,1.2
3825848,Spain - La Liga,2015/2016,Levante UD,Eibar,2,2,12,10,524,386,0.7354492116000001,0.985705701,4,1,57.6,75,74,75,65,1.5,1.5,75,74,75,65,1.5,1.5,1.5,1.5
3825895,Spain - La Liga,2015/2016,Las Palmas,Sevilla,2,0,12,16,401,496,1.075593643,1.782801611,2,0,44.7,75,74,75,65,1.5,1.5,75,74,75,65,1.5,1.5,1.5,1.5
3825894,Spain - La Liga,2015/2016,RC Deportivo La Coruña,Getafe,0,2,15,9,456,397,0.660836973,0.851913966,2,2,53.5,75,74,75,65,1.5,1.5,75,74,75,65,1.5,1.5,1.5,1.5
3825855,Spain - La Liga,2015/2016,Málaga,Levante UD,3,1,24,11,515,379,2.4141460930000003,1.800679954,4,0,57.6,75,74,75,65,1.5,1.5,75,74,75,65,1.5,1.5,1.5,1.5
3825908,Spain - La Liga,2015/2016,Espanyol,Eibar,4,2,10,13,485,474,2.167300407,2.112536163,6,0,50.6,75,74,75,65,1.5,1.5,75,74,75,65,1.5,1.5,1.5,1.5
3825883,Spain - La Liga,2015/2016,Málaga,Las Palmas,4,1,14,12,353,617,2.1733854778,1.6789813585,5,0,36.4,75,74,75,65,1.5,1.5,75,74,75,65,1.5,1.5,1.5,1.5
3825900,Spain - La Liga,2015/2016,Sporting Gijón,Villarreal,2,0,16,11,573,521,1.7171238039999999,0.70345226,2,0,52.4,75,74,75,65,1.5,1.5,75,74,75,65,1.5,1.5,1.5,1.5
3825902,Spain - La Liga,2015/2016,Rayo Vallecano,Levante UD,3,1,19,11,572,466,1.8556902090000003,1.6027164194,4,0,55.1,75,74,75,65,1.5,1.5,75,74,75,65,1.5,1.5,1.5,1.5
3825876,Spain - La Liga,2015/2016,Real Betis,Getafe,2,1,7,14,550,378,1.704117186,1.3897388,3,0,59.3,75,74,75,65,1.5,1.5,75,74,75,65,1.5,1.5,1.5,1.5
3825846,Spain - La Liga,2015/2016,RC Deportivo La Coruña,Real Madrid,0,2,10,16,489,698,0.812190933,1.834950117,2,2,41.2,75,74,75,65,1.5,1.5,91,86,89,82,2.6,0.8,1.15,2.05
3825869,Spain - La Liga,2015/2016,Athletic Club,Sevilla,3,1,14,8,569,437,1.8295469860000004,1.235118731,4,0,56.6,75,74,75,65,1.5,1.5,75,74,75,65,1.5,1.5,1.5,1.5
3825882,Spain - La Liga,2015/2016,Atlético Madrid,Celta Vigo,2,0,11,7,501,584,1.368404885,0.455120064,2,0,46.2,82,88,81,74,1.9,0.8,75,74,75,65,1.5,1.5,1.7,1.15
3825849,Spain - La Liga,2015/2016,Valencia,Real Sociedad,0,1,8,15,489,475,0.807045349,1.0395006574,1,2,50.7,75,74,75,65,1.5,1.5,75,74,75,65,1.5,1.5,1.5,1.5
3825860,Spain - La Liga,2015/2016,Levante UD,Atlético Madrid,2,1,11,17,618,516,0.825110904,1.487192419,3,0,54.5,75,74,75,65,1.5,1.5,82,88,81,74,1.9,0.8,1.15,1.7
3825847,Spain - La Liga,2015/2016,Eibar,RC Deportivo La Coruña,1,1,9,9,449,489,0.559321064,0.391367896,2,1,47.9,75,74,75,65,1.5,1.5,75,74,75,65,1.5,1.5,1.5,1.5
3825817,Spain - La Liga,2015/2016,Getafe,Eibar,1,1,8,20,334,496,0.6729239929999999,2.755793431,2,1,40.2,75,74,75,65,1.5,1.5,75,74,75,65,1.5,1.5,1.5,1.5
3825778,Spain - La Liga,2015/2016,Real Betis,Sporting Gijón,1,1,18,5,498,388,1.5816308129999999,0.233383578,2,1,56.2,75,74,75,65,1.5,1.5,75,74,75,65,1.5,1.5,1.5,1.5
3825777,Spain - La Liga,2015/2016,Levante UD,Getafe,3,0,12,14,369,449,1.8737793189999996,1.741446856,3,0,45.1,75,74,75,65,1.5,1.5,75,74,75,65,1.5,1.5,1.5,1.5
3825740,Spain - La Liga,2015/2016,Eibar,Granada,5,1,12,4,443,360,1.714239506,0.9642138057,6,0,55.2,75,74,75,65,1.5,1.5,75,74,75,65,1.5,1.5,1.5,1.5
3825875,Spain - La Liga,2015/2016,Villarreal,Real Sociedad,0,0,8,7,437,600,0.49724234000000006,0.6385188930000001,0,1,42.1,75,74,75,65,1.5,1.5,75,74,75,65,1.5,1.5,1.5,1.5
3825884,Spain - La Liga,2015/2016,Sevilla,Real Betis,2,0,13,8,415,337,1.053605788,0.2960170765,2,0,55.2,75,74,75,65,1.5,1.5,75,74,75,65,1.5,1.5,1.5,1.5
3825842,Spain - La Liga,2015/2016,Levante UD,Athletic Club,2,2,10,19,338,590,0.7405703977,1.1565945803999997,4,1,36.4,75,74,75,65,1.5,1.5,75,74,75,65,1.5,1.5,1.5,1.5
3825890,Spain - La Liga,2015/2016,Atlético Madrid,Málaga,1,0,14,7,432,483,1.321953714,0.16321027800000001,1,0,47.2,82,88,81,74,1.9,0.8,75,74,75,65,1.5,1.5,1.7,1.15
3825871,Spain - La Liga,2015/2016,Las Palmas,Espanyol,4,0,15,12,637,391,1.1327808119999998,1.888067782,4,0,62.0,75,74,75,65,1.5,1.5,75,74,75,65,1.5,1.5,1.5,1.5
3825896,Spain - La Liga,2015/2016,Granada,Levante UD,5,1,13,14,399,421,3.092966799,1.0397063579999999,6,0,48.7,75,74,75,65,1.5,1.5,75,74,75,65,1.5,1.5,1.5,1.5
3825841,Spain - La Liga,2015/2016,Real Sociedad,Getafe,1,2,15,7,552,395,0.945617087,1.30853976,3,2,58.3,75,74,75,65,1.5,1.5,75,74,75,65,1.5,1.5,1.5,1.5
3825843,Spain - La Liga,2015/2016,Málaga,Rayo Vallecano,1,1,12,11,434,390,0.988143201,0.7130141261,2,1,52.7,75,74,75,65,1.5,1.5,75,74,75,65,1.5,1.5,1.5,1.5
3825839,Spain - La Liga,2015/2016,Sporting Gijón,Sevilla,2,1,14,18,460,520,1.564057362,1.802238372,3,0,46.9,75,74,75,65,1.5,1.5,75,74,75,65,1.5,1.5,1.5,1.5
3825838,Spain - La Liga,2015/2016,Athletic Club,Atlético Madrid,0,1,13,8,745,394,0.606769013,0.9091936089999999,1,2,65.4,75,74,75,65,1.5,1.5,82,88,81,74,1.9,0.8,1.15,1.7
3825840,Spain - La Liga,2015/2016,Valencia,Eibar,4,0,9,9,549,516,2.6551859540000002,0.873957829,4,0,51.5,75,74,75,65,1.5,1.5,75,74,75,65,1.5,1.5,1.5,1.5
3825837,Spain - La Liga,2015/2016,Real Betis,Las Palmas,1,0,21,3,492,517,2.2367352300000003,0.10266641000000001,1,0,48.8,75,74,75,65,1.5,1.5,75,74,75,65,1.5,1.5,1.5,1.5
3825836,Spain - La Liga,2015/2016,Rayo Vallecano,Villarreal,2,1,14,7,614,390,1.1728651309999998,0.582773547,3,0,61.2,75,74,75,65,1.5,1.5,75,74,75,65,1.5,1.5,1.5,1.5
3825835,Spain - La Liga,2015/2016,Málaga,Athletic Club,0,1,18,6,437,455,1.99963061,0.8838709889999999,1,2,49.0,75,74,75,65,1.5,1.5,75,74,75,65,1.5,1.5,1.5,1.5
3825834,Spain - La Liga,2015/2016,Atlético Madrid,Granada,3,0,8,11,559,436,1.6484799129999999,0.6692855825,3,0,56.2,82,88,81,74,1.9,0.8,75,74,75,65,1.5,1.5,1.7,1.15
3825906,Spain - La Liga,2015/2016,Sevilla,RC Deportivo La Coruña,1,1,12,5,590,421,1.7406556599999998,0.664602569,2,1,58.4,75,74,75,65,1.5,1.5,75,74,75,65,1.5,1.5,1.5,1.5
3825897,Spain - La Liga,2015/2016,Eibar,Real Sociedad,2,1,8,7,396,505,1.175535551,0.619129178,3,0,44.0,75,74,75,65,1.5,1.5,75,74,75,65,1.5,1.5,1.5,1.5
3825889,Spain - La Liga,2015/2016,Celta Vigo,Real Betis,1,1,18,10,629,329,2.087066434,1.3664417660000001,2,1,65.7,75,74,75,65,1.5,1.5,75,74,75,65,1.5,1.5,1.5,1.5
3825833,Spain - La Liga,2015/2016,Getafe,Real Madrid,1,5,13,22,354,574,0.6986342170000001,3.11562509,6,2,38.1,75,74,75,65,1.5,1.5,91,86,89,82,2.6,0.8,1.15,2.05
3825857,Spain - La Liga,2015/2016,Levante UD,Espanyol,2,1,12,10,440,404,0.8349081955,1.165240663,3,0,52.1,75,74,75,65,1.5,1.5,75,74,75,65,1.5,1.5,1.5,1.5
3825863,Spain - La Liga,2015/2016,RC Deportivo La Coruña,Las Palmas,1,3,19,13,412,653,2.0612168893,1.5512772745000003,4,2,38.7,75,74,75,65,1.5,1.5,75,74,75,65,1.5,1.5,1.5,1.5
3825829,Spain - La Liga,2015/2016,Athletic Club,Rayo Vallecano,1,0,14,12,447,584,0.9257794085000001,1.4814898019999998,1,0,43.4,75,74,75,65,1.5,1.5,75,74,75,65,1.5,1.5,1.5,1.5
3825830,Spain - La Liga,2015/2016,Villarreal,Getafe,2,0,13,17,490,436,1.780256509,0.990415929,2,0,52.9,75,74,75,65,1.5,1.5,75,74,75,65,1.5,1.5,1.5,1.5
3825832,Spain - La Liga,2015/2016,Sporting Gijón,Celta Vigo,0,1,11,17,368,534,0.591186948,0.9799904963,1,2,40.8,75,74,75,65,1.5,1.5,75,74,75,65,1.5,1.5,1.5,1.5
3825831,Spain - La Liga,2015/2016,Valencia,Sevilla,2,1,23,7,433,414,1.7241885206999998,0.954104333,3,0,51.1,75,74,75,65,1.5,1.5,75,74,75,65,1.5,1.5,1.5,1.5
3825828,Spain - La Liga,2015/2016,Espanyol,Atlético Madrid,1,3,10,14,499,469,0.7394810320000001,0.960745621,4,2,51.5,75,74,75,65,1.5,1.5,82,88,81,74,1.9,0.8,1.15,1.7
3825827,Spain - La Liga,2015/2016,Real Betis,Levante UD,1,0,7,12,489,481,0.3962301394,0.9601044179999999,1,0,50.4,75,74,75,65,1.5,1.5,75,74,75,65,1.5,1.5,1.5,1.5
3825826,Spain - La Liga,2015/2016,Granada,Málaga,0,0,8,9,445,446,0.774402558,0.900554653,0,1,49.9,75,74,75,65,1.5,1.5,75,74,75,65,1.5,1.5,1.5,1.5
3825825,Spain - La Liga,2015/2016,Levante UD,Sporting Gijón,0,0,17,11,474,403,1.3941461270000002,1.032224303,0,1,54.0,75,74,75,65,1.5,1.5,75,74,75,65,1.5,1.5,1.5,1.5
3825824,Spain - La Liga,2015/2016,Eibar,Villarreal,1,2,12,8,523,499,0.6349309740000001,2.410989912,3,2,51.2,75,74,75,65,1.5,1.5,75,74,75,65,1.5,1.5,1.5,1.5
3825823,Spain - La Liga,2015/2016,Sevilla,Real Sociedad,1,2,15,8,576,322,2.145560038,0.308162887,3,2,64.1,75,74,75,65,1.5,1.5,75,74,75,65,1.5,1.5,1.5,1.5
3825905,Spain - La Liga,2015/2016,Málaga,Espanyol,1,1,11,6,571,355,1.312178541,0.28153404200000004,2,1,61.7,75,74,75,65,1.5,1.5,75,74,75,65,1.5,1.5,1.5,1.5
3825822,Spain - La Liga,2015/2016,Las Palmas,Valencia,2,1,13,8,612,369,1.9706281249999997,1.157178142,3,0,62.4,75,74,75,65,1.5,1.5,75,74,75,65,1.5,1.5,1.5,1.5
3825821,Spain - La Liga,2015/2016,Espanyol,Athletic Club,2,1,17,13,391,569,1.7229683605,1.1204640849999998,3,0,40.7,75,74,75,65,1.5,1.5,75,74,75,65,1.5,1.5,1.5,1.5
3825820,Spain - La Liga,2015/2016,Real Madrid,Sevilla,4,0,26,8,633,394,4.3174957825,1.291579113,4,0,61.6,91,86,89,82,2.6,0.8,75,74,75,65,1.5,1.5,2.05,1.15
3825819,Spain - La Liga,2015/2016,Valencia,Celta Vigo,0,2,14,13,482,491,0.9925727820000001,2.7270300329999997,2,2,49.5,75,74,75,65,1.5,1.5,75,74,75,65,1.5,1.5,1.5,1.5
3825818,Spain - La Liga,2015/2016,Real Sociedad,Las Palmas,0,1,15,13,597,370,0.803795765,1.4977726264000002,1,2,61.7,75,74,75,65,1.5,1.5,75,74,75,65,1.5,1.5,1.5,1.5
3825887,Spain - La Liga,2015/2016,Granada,Rayo Vallecano,2,2,11,22,254,581,1.3640985107999999,1.784885119,4,1,30.4,75,74,75,65,1.5,1.5,75,74,75,65,1.5,1.5,1.5,1.5
3825907,Spain - La Liga,2015/2016,Sporting Gijón,Atlético Madrid,2,1,12,4,618,399,1.9190997699999999,0.309312684,3,0,60.8,75,74,75,65,1.5,1.5,82,88,81,74,1.9,0.8,1.15,1.7
3825903,Spain - La Liga,2015/2016,Real Betis,Málaga,0,1,16,14,541,430,1.1993879189999999,0.8577883705,1,2,55.7,75,74,75,65,1.5,1.5,75,74,75,65,1.5,1.5,1.5,1.5
3825816,Spain - La Liga,2015/2016,Sevilla,Villarreal,4,2,14,13,485,415,3.895652895,1.341385642,6,0,53.9,75,74,75,65,1.5,1.5,75,74,75,65,1.5,1.5,1.5,1.5
3825815,Spain - La Liga,2015/2016,Levante UD,Valencia,1,0,14,6,423,482,0.990248837,0.731521264,1,0,46.7,75,74,75,65,1.5,1.5,75,74,75,65,1.5,1.5,1.5,1.5
3825858,Spain - La Liga,2015/2016,Rayo Vallecano,Eibar,1,1,12,7,487,349,1.297968016,0.819233603,2,1,58.3,75,74,75,65,1.5,1.5,75,74,75,65,1.5,1.5,1.5,1.5
3825813,Spain - La Liga,2015/2016,Atlético Madrid,RC Deportivo La Coruña,3,0,16,6,536,496,2.0453963628,0.441428935,3,0,51.9,82,88,81,74,1.9,0.8,75,74,75,65,1.5,1.5,1.7,1.15
3825814,Spain - La Liga,2015/2016,Celta Vigo,Real Sociedad,1,0,7,15,399,547,0.39648221130000005,0.7450548256999998,1,0,42.2,75,74,75,65,1.5,1.5,75,74,75,65,1.5,1.5,1.5,1.5
3825812,Spain - La Liga,2015/2016,Málaga,Sporting Gijón,1,0,13,9,483,511,0.4492276345,0.8687549619999999,1,0,48.6,75,74,75,65,1.5,1.5,75,74,75,65,1.5,1.5,1.5,1.5
3825811,Spain - La Liga,2015/2016,Espanyol,Rayo Vallecano,2,1,9,7,300,588,1.6738772800000001,0.23164801,3,0,33.8,75,74,75,65,1.5,1.5,75,74,75,65,1.5,1.5,1.5,1.5
3825807,Spain - La Liga,2015/2016,Valencia,Atlético Madrid,1,3,10,21,495,611,0.49733917299999997,1.9944979170000003,4,2,44.8,75,74,75,65,1.5,1.5,82,88,81,74,1.9,0.8,1.15,1.7
3825809,Spain - La Liga,2015/2016,Real Betis,Granada,2,0,11,10,364,467,0.661425465,0.430567355,2,0,43.8,75,74,75,65,1.5,1.5,75,74,75,65,1.5,1.5,1.5,1.5
3825810,Spain - La Liga,2015/2016,Real Sociedad,Levante UD,1,1,15,10,539,389,1.6507652269999997,0.301687102,2,1,58.1,75,74,75,65,1.5,1.5,75,74,75,65,1.5,1.5,1.5,1.5
3825808,Spain - La Liga,2015/2016,Sporting Gijón,Athletic Club,0,2,5,11,465,546,0.35550297999999997,1.0763371400000001,2,2,46.0,75,74,75,65,1.5,1.5,75,74,75,65,1.5,1.5,1.5,1.5
3825804,Spain - La Liga,2015/2016,RC Deportivo La Coruña,Málaga,3,3,15,5,526,431,2.8181897960000004,0.7465068530000001,6,1,55.0,75,74,75,65,1.5,1.5,75,74,75,65,1.5,1.5,1.5,1.5
3825867,Spain - La Liga,2015/2016,Getafe,Sevilla,1,1,14,7,410,431,1.089335149,0.3943083077,2,1,48.8,75,74,75,65,1.5,1.5,75,74,75,65,1.5,1.5,1.5,1.5
3825805,Spain - La Liga,2015/2016,Villarreal,Las Palmas,0,1,12,10,699,531,0.9978399059999999,0.48994587700000003,1,2,56.8,75,74,75,65,1.5,1.5,75,74,75,65,1.5,1.5,1.5,1.5
3825784,Spain - La Liga,2015/2016,Atlético Madrid,Villarreal,0,0,12,5,611,434,0.708569582,0.34623401200000004,0,1,58.5,82,88,81,74,1.9,0.8,75,74,75,65,1.5,1.5,1.7,1.15
3825782,Spain - La Liga,2015/2016,Granada,Valencia,1,2,15,11,526,452,1.8194942920000003,1.435963399,3,2,53.8,75,74,75,65,1.5,1.5,75,74,75,65,1.5,1.5,1.5,1.5
3825757,Spain - La Liga,2015/2016,Real Madrid,Espanyol,6,0,18,15,696,361,2.399163769,1.479326387,6,0,65.8,91,86,89,82,2.6,0.8,75,74,75,65,1.5,1.5,2.05,1.15
3825641,Spain - La Liga,2015/2016,Athletic Club,Sporting Gijón,3,0,20,6,506,484,2.8906491169999997,0.1817451305,3,0,51.1,75,74,75,65,1.5,1.5,75,74,75,65,1.5,1.5,1.5,1.5
3825803,Spain - La Liga,2015/2016,Granada,Sporting Gijón,2,0,14,4,500,426,2.002940533,0.10459248300000001,2,0,54.0,75,74,75,65,1.5,1.5,75,74,75,65,1.5,1.5,1.5,1.5
3825800,Spain - La Liga,2015/2016,Celta Vigo,Villarreal,0,0,11,6,692,335,0.643196709,0.645729306,0,1,67.4,75,74,75,65,1.5,1.5,75,74,75,65,1.5,1.5,1.5,1.5
3825801,Spain - La Liga,2015/2016,Sevilla,Eibar,1,0,15,12,503,468,1.7187591770000001,1.0723818983999998,1,0,51.8,75,74,75,65,1.5,1.5,75,74,75,65,1.5,1.5,1.5,1.5
3825799,Spain - La Liga,2015/2016,Málaga,Valencia,1,2,10,12,407,488,0.43423907900000003,1.398771797,3,2,45.5,75,74,75,65,1.5,1.5,75,74,75,65,1.5,1.5,1.5,1.5
3825797,Spain - La Liga,2015/2016,Athletic Club,RC Deportivo La Coruña,4,1,13,8,585,499,2.8059460517,1.138334475,5,0,54.0,75,74,75,65,1.5,1.5,75,74,75,65,1.5,1.5,1.5,1.5
3825798,Spain - La Liga,2015/2016,Levante UD,Real Madrid,1,3,12,21,500,543,1.2112835960000001,1.9921996969999998,4,2,47.9,75,74,75,65,1.5,1.5,91,86,89,82,2.6,0.8,1.15,2.05
3825796,Spain - La Liga,2015/2016,Las Palmas,Getafe,4,0,12,10,539,428,2.2062072759999998,0.5236068036,4,0,55.7,75,74,75,65,1.5,1.5,75,74,75,65,1.5,1.5,1.5,1.5
3825795,Spain - La Liga,2015/2016,Atlético Madrid,Real Sociedad,3,0,14,7,622,560,2.1807618029999993,0.8702647294,3,0,52.6,82,88,81,74,1.9,0.8,75,74,75,65,1.5,1.5,1.7,1.15
3825793,Spain - La Liga,2015/2016,Valencia,Athletic Club,0,3,9,13,554,528,1.225733274,1.5391791435000002,3,2,51.2,75,74,75,65,1.5,1.5,75,74,75,65,1.5,1.5,1.5,1.5
3825792,Spain - La Liga,2015/2016,RC Deportivo La Coruña,Granada,0,1,14,10,672,365,1.0516216090000001,1.4381538676999999,1,2,64.8,75,74,75,65,1.5,1.5,75,74,75,65,1.5,1.5,1.5,1.5
3825794,Spain - La Liga,2015/2016,Villarreal,Levante UD,3,0,9,8,527,502,1.06704025,0.694075701,3,0,51.2,75,74,75,65,1.5,1.5,75,74,75,65,1.5,1.5,1.5,1.5
3825788,Spain - La Liga,2015/2016,Getafe,Celta Vigo,0,1,14,9,450,402,0.6666398379999999,1.035076162,1,2,52.8,75,74,75,65,1.5,1.5,75,74,75,65,1.5,1.5,1.5,1.5
3825791,Spain - La Liga,2015/2016,Real Betis,Rayo Vallecano,2,2,20,11,337,496,2.159205532,0.9929181253,4,1,40.5,75,74,75,65,1.5,1.5,75,74,75,65,1.5,1.5,1.5,1.5
3825790,Spain - La Liga,2015/2016,Sporting Gijón,Espanyol,2,4,14,12,499,427,2.1650663679999997,1.1086040404999997,6,2,53.9,75,74,75,65,1.5,1.5,75,74,75,65,1.5,1.5,1.5,1.5
3825787,Spain - La Liga,2015/2016,Real Madrid,Atlético Madrid,0,1,15,10,721,358,0.8039348430000002,0.7479492217,1,2,66.8,91,86,89,82,2.6,0.8,82,88,81,74,1.9,0.8,1.7,1.35
3825789,Spain - La Liga,2015/2016,Real Sociedad,Málaga,1,1,11,8,504,372,0.875274456,1.2629146480000002,2,1,57.5,75,74,75,65,1.5,1.5,75,74,75,65,1.5,1.5,1.5,1.5
3825786,Spain - La Liga,2015/2016,Eibar,Las Palmas,0,1,10,12,477,493,0.310305778,0.7146776300000001,1,2,49.2,75,74,75,65,1.5,1.5,75,74,75,65,1.5,1.5,1.5,1.5
3825781,Spain - La Liga,2015/2016,Rayo Vallecano,Sevilla,2,2,14,16,486,330,1.7368646610000003,3.843775184,4,1,59.6,75,74,75,65,1.5,1.5,75,74,75,65,1.5,1.5,1.5,1.5
3825785,Spain - La Liga,2015/2016,Málaga,Real Madrid,1,1,11,14,340,564,1.564703266,1.597888446,2,1,37.6,75,74,75,65,1.5,1.5,91,86,89,82,2.6,0.8,1.15,2.05
3825783,Spain - La Liga,2015/2016,Athletic Club,Real Sociedad,0,1,10,9,512,350,0.7993005110000001,0.632935249,1,2,59.4,75,74,75,65,1.5,1.5,75,74,75,65,1.5,1.5,1.5,1.5
3825780,Spain - La Liga,2015/2016,Espanyol,RC Deportivo La Coruña,1,0,16,17,370,579,2.4623919389999998,0.9434045402,1,0,39.0,75,74,75,65,1.5,1.5,75,74,75,65,1.5,1.5,1.5,1.5
3825779,Spain - La Liga,2015/2016,Celta Vigo,Eibar,3,2,14,7,601,360,2.26607476,1.3593197984999998,5,0,62.5,75,74,75,65,1.5,1.5,75,74,75,65,1.5,1.5,1.5,1.5
3825773,Spain - La Liga,2015/2016,Eibar,Levante UD,2,0,17,8,454,480,3.258632032,0.650384901,2,0,48.6,75,74,75,65,1.5,1.5,75,74,75,65,1.5,1.5,1.5,1.5
3825776,Spain - La Liga,2015/2016,Sevilla,Las Palmas,2,0,9,11,539,466,1.555232019,0.5745394079999999,2,0,53.6,75,74,75,65,1.5,1.5,75,74,75,65,1.5,1.5,1.5,1.5
3825775,Spain - La Liga,2015/2016,Real Sociedad,Granada,3,0,12,14,416,463,2.4097020578,1.210308867,3,0,47.3,75,74,75,65,1.5,1.5,75,74,75,65,1.5,1.5,1.5,1.5
3825769,Spain - La Liga,2015/2016,Villarreal,Málaga,1,0,12,7,509,501,0.794832845,0.4179976906999999,1,0,50.4,75,74,75,65,1.5,1.5,75,74,75,65,1.5,1.5,1.5,1.5
3825770,Spain - La Liga,2015/2016,Real Madrid,Athletic Club,4,2,19,11,660,430,1.8690232000000002,1.680667847,6,0,60.6,91,86,89,82,2.6,0.8,75,74,75,65,1.5,1.5,2.05,1.15
3825768,Spain - La Liga,2015/2016,Sporting Gijón,Rayo Vallecano,2,2,11,16,369,599,1.725248248,1.5120547901,4,1,38.1,75,74,75,65,1.5,1.5,75,74,75,65,1.5,1.5,1.5,1.5
3825736,Spain - La Liga,2015/2016,Valencia,Rayo Vallecano,2,2,13,18,482,440,0.9695052740000001,1.694665674,4,1,52.3,75,74,75,65,1.5,1.5,75,74,75,65,1.5,1.5,1.5,1.5
3825731,Spain - La Liga,2015/2016,Las Palmas,Málaga,1,1,5,11,586,419,0.35049877199999996,1.349681753,2,1,58.3,75,74,75,65,1.5,1.5,75,74,75,65,1.5,1.5,1.5,1.5
3825685,Spain - La Liga,2015/2016,Sporting Gijón,Las Palmas,3,1,22,12,317,594,3.0100937750000005,0.540940865,4,0,34.8,75,74,75,65,1.5,1.5,75,74,75,65,1.5,1.5,1.5,1.5
3825678,Spain - La Liga,2015/2016,Eibar,Real Madrid,0,2,8,17,402,594,0.335409081,2.4636943369999997,2,2,40.4,75,74,75,65,1.5,1.5,91,86,89,82,2.6,0.8,1.15,2.05
3825643,Spain - La Liga,2015/2016,Real Madrid,Las Palmas,3,1,17,8,657,573,2.5126636615,0.9230522459999999,4,0,53.4,91,86,89,82,2.6,0.8,75,74,75,65,1.5,1.5,2.05,1.15
3825642,Spain - La Liga,2015/2016,RC Deportivo La Coruña,Atlético Madrid,1,1,7,12,522,649,0.6793710316000001,1.371634469,2,1,44.6,75,74,75,65,1.5,1.5,82,88,81,74,1.9,0.8,1.15,1.7
3825638,Spain - La Liga,2015/2016,Atlético Madrid,Valencia,2,1,16,7,482,488,1.991069604,0.8659410788999999,3,0,49.7,82,88,81,74,1.9,0.8,75,74,75,65,1.5,1.5,1.7,1.15
3825614,Spain - La Liga,2015/2016,Granada,RC Deportivo La Coruña,1,1,10,14,454,411,0.6141378214000001,1.00441262,2,1,52.5,75,74,75,65,1.5,1.5,75,74,75,65,1.5,1.5,1.5,1.5
3825612,Spain - La Liga,2015/2016,Getafe,Levante UD,3,0,15,10,558,404,1.1284401105,0.502327769,3,0,58.0,75,74,75,65,1.5,1.5,75,74,75,65,1.5,1.5,1.5,1.5
3825607,Spain - La Liga,2015/2016,Villarreal,Atlético Madrid,1,0,5,10,554,582,0.668906416,0.604603819,1,0,48.8,75,74,75,65,1.5,1.5,82,88,81,74,1.9,0.8,1.15,1.7
3825595,Spain - La Liga,2015/2016,Villarreal,Athletic Club,3,1,14,10,413,478,1.5536392769999998,0.9826658716,4,0,46.4,75,74,75,65,1.5,1.5,75,74,75,65,1.5,1.5,1.5,1.5
3825579,Spain - La Liga,2015/2016,Sevilla,Atlético Madrid,0,3,25,17,545,337,1.618631224,1.0903989425,3,2,61.8,75,74,75,65,1.5,1.5,82,88,81,74,1.9,0.8,1.15,1.7
3825572,Spain - La Liga,2015/2016,Real Madrid,Real Betis,5,0,21,7,694,327,2.0951427760000003,1.0940905075999998,5,0,68.0,91,86,89,82,2.6,0.8,75,74,75,65,1.5,1.5,2.05,1.15
3825774,Spain - La Liga,2015/2016,Getafe,Atlético Madrid,0,1,12,6,634,484,0.43616227490000004,0.935742906,1,2,56.7,75,74,75,65,1.5,1.5,82,88,81,74,1.9,0.8,1.15,1.7
3825772,Spain - La Liga,2015/2016,Valencia,Espanyol,2,1,18,20,465,321,1.308799966,3.528054733,3,0,59.2,75,74,75,65,1.5,1.5,75,74,75,65,1.5,1.5,1.5,1.5
3825771,Spain - La Liga,2015/2016,RC Deportivo La Coruña,Real Betis,2,2,26,4,468,381,3.141222104,0.337505646,4,1,55.1,75,74,75,65,1.5,1.5,75,74,75,65,1.5,1.5,1.5,1.5
3825767,Spain - La Liga,2015/2016,Espanyol,Real Sociedad,0,5,5,12,613,355,0.315561086,1.6564508309999997,5,2,63.3,75,74,75,65,1.5,1.5,75,74,75,65,1.5,1.5,1.5,1.5
3825706,Spain - La Liga,2015/2016,Celta Vigo,Athletic Club,0,1,7,13,648,351,0.44780469500000003,1.1755006237,1,2,64.9,75,74,75,65,1.5,1.5,75,74,75,65,1.5,1.5,1.5,1.5
3825712,Spain - La Liga,2015/2016,Getafe,RC Deportivo La Coruña,0,0,14,10,443,425,0.9566082430000001,0.3028288434,0,1,51.0,75,74,75,65,1.5,1.5,75,74,75,65,1.5,1.5,1.5,1.5
3825708,Spain - La Liga,2015/2016,Levante UD,Málaga,0,1,7,10,395,476,0.32430097899999993,1.5709313369999998,1,2,45.4,75,74,75,65,1.5,1.5,75,74,75,65,1.5,1.5,1.5,1.5
3825707,Spain - La Liga,2015/2016,Las Palmas,Granada,4,1,7,12,570,342,1.430926112,0.7614696351,5,0,62.5,75,74,75,65,1.5,1.5,75,74,75,65,1.5,1.5,1.5,1.5
3825705,Spain - La Liga,2015/2016,Eibar,Sporting Gijón,2,0,15,6,419,361,1.1221224936,0.47179181000000003,2,0,53.7,75,74,75,65,1.5,1.5,75,74,75,65,1.5,1.5,1.5,1.5
3825711,Spain - La Liga,2015/2016,Rayo Vallecano,Atlético Madrid,0,2,10,19,496,357,0.517327264,2.1074596189999997,2,2,58.1,75,74,75,65,1.5,1.5,82,88,81,74,1.9,0.8,1.15,1.7
3825703,Spain - La Liga,2015/2016,Athletic Club,Levante UD,2,0,19,6,487,425,2.111575081,0.319367937,2,0,53.4,75,74,75,65,1.5,1.5,75,74,75,65,1.5,1.5,1.5,1.5
3825700,Spain - La Liga,2015/2016,Real Madrid,Rayo Vallecano,10,2,30,9,494,501,5.143204632999999,0.642555978,12,0,49.6,91,86,89,82,2.6,0.8,75,74,75,65,1.5,1.5,2.05,1.15
3825701,Spain - La Liga,2015/2016,Málaga,Atlético Madrid,1,0,17,6,577,390,1.1174375360000002,0.5853467729999999,1,0,59.7,75,74,75,65,1.5,1.5,82,88,81,74,1.9,0.8,1.15,1.7
3825702,Spain - La Liga,2015/2016,Real Sociedad,Villarreal,0,2,17,7,717,384,1.153049488,0.9995675129999999,2,2,65.1,75,74,75,65,1.5,1.5,75,74,75,65,1.5,1.5,1.5,1.5
3825704,Spain - La Liga,2015/2016,Granada,Celta Vigo,0,2,11,10,451,460,0.3340176448,2.1400277770000002,2,2,49.5,75,74,75,65,1.5,1.5,75,74,75,65,1.5,1.5,1.5,1.5
3825891,Spain - La Liga,2015/2016,Espanyol,Las Palmas,1,0,13,9,449,487,1.5310025930000002,1.1689261469999999,1,0,48.0,75,74,75,65,1.5,1.5,75,74,75,65,1.5,1.5,1.5,1.5
3825699,Spain - La Liga,2015/2016,Real Betis,Sevilla,0,0,13,9,343,401,0.32975916780000003,1.095183153,0,1,46.1,75,74,75,65,1.5,1.5,75,74,75,65,1.5,1.5,1.5,1.5
3825697,Spain - La Liga,2015/2016,Valencia,Getafe,2,2,12,9,570,364,1.3050110747,0.508158535,4,1,61.0,75,74,75,65,1.5,1.5,75,74,75,65,1.5,1.5,1.5,1.5
3825698,Spain - La Liga,2015/2016,RC Deportivo La Coruña,Eibar,2,0,14,13,475,480,1.7804470824999998,0.661501361,2,0,49.7,75,74,75,65,1.5,1.5,75,74,75,65,1.5,1.5,1.5,1.5
3825694,Spain - La Liga,2015/2016,Eibar,Valencia,1,1,14,6,445,418,2.6145089280000002,0.38573667200000006,2,1,51.6,75,74,75,65,1.5,1.5,75,74,75,65,1.5,1.5,1.5,1.5
3825693,Spain - La Liga,2015/2016,Atlético Madrid,Athletic Club,2,1,8,10,506,569,0.39702487200000003,1.3172376749999999,3,0,47.1,82,88,81,74,1.9,0.8,75,74,75,65,1.5,1.5,1.7,1.15
3825696,Spain - La Liga,2015/2016,Rayo Vallecano,Málaga,1,2,13,15,420,401,1.008633093,1.0539553771999999,3,2,51.2,75,74,75,65,1.5,1.5,75,74,75,65,1.5,1.5,1.5,1.5
3825695,Spain - La Liga,2015/2016,Villarreal,Real Madrid,1,0,7,20,374,701,0.937668046,1.487794102,1,0,34.8,75,74,75,65,1.5,1.5,91,86,89,82,2.6,0.8,1.15,2.05
3825689,Spain - La Liga,2015/2016,Celta Vigo,Espanyol,1,0,15,6,466,424,1.1911045547999999,0.22305252399999997,1,0,52.4,75,74,75,65,1.5,1.5,75,74,75,65,1.5,1.5,1.5,1.5
3825690,Spain - La Liga,2015/2016,Las Palmas,Real Betis,1,0,16,8,681,373,1.226081183,0.457630405,1,0,64.6,75,74,75,65,1.5,1.5,75,74,75,65,1.5,1.5,1.5,1.5
3825692,Spain - La Liga,2015/2016,Sevilla,Sporting Gijón,2,0,18,4,684,280,2.01342243,0.10161321570000001,2,0,71.0,75,74,75,65,1.5,1.5,75,74,75,65,1.5,1.5,1.5,1.5
3825691,Spain - La Liga,2015/2016,Levante UD,Granada,1,2,7,8,458,470,0.42829840999999996,0.764290572,3,2,49.4,75,74,75,65,1.5,1.5,75,74,75,65,1.5,1.5,1.5,1.5
3825688,Spain - La Liga,2015/2016,Getafe,Real Sociedad,1,1,9,10,375,603,0.459705632,1.5939776359999998,2,1,38.3,75,74,75,65,1.5,1.5,75,74,75,65,1.5,1.5,1.5,1.5
3825687,Spain - La Liga,2015/2016,Espanyol,Levante UD,1,1,9,12,472,407,0.9398355165000001,0.9899696029999999,2,1,53.7,75,74,75,65,1.5,1.5,75,74,75,65,1.5,1.5,1.5,1.5
3825683,Spain - La Liga,2015/2016,Real Sociedad,Eibar,2,1,10,6,581,331,2.111939993,0.6877167484,3,0,63.7,75,74,75,65,1.5,1.5,75,74,75,65,1.5,1.5,1.5,1.5
3825686,Spain - La Liga,2015/2016,Athletic Club,Málaga,0,0,11,7,393,489,0.6494539276000001,0.563661122,0,1,44.6,75,74,75,65,1.5,1.5,75,74,75,65,1.5,1.5,1.5,1.5
3825684,Spain - La Liga,2015/2016,Villarreal,Rayo Vallecano,2,1,14,8,401,476,1.536212617,0.21103969360000002,3,0,45.7,75,74,75,65,1.5,1.5,75,74,75,65,1.5,1.5,1.5,1.5
3825681,Spain - La Liga,2015/2016,Real Madrid,Getafe,4,1,16,7,706,441,1.3833543179999999,0.289648707,5,0,61.6,91,86,89,82,2.6,0.8,75,74,75,65,1.5,1.5,2.05,1.15
3825682,Spain - La Liga,2015/2016,Granada,Atlético Madrid,0,2,18,13,482,609,0.879004138,1.3479647380000002,2,2,44.2,75,74,75,65,1.5,1.5,82,88,81,74,1.9,0.8,1.15,1.7
3825680,Spain - La Liga,2015/2016,RC Deportivo La Coruña,Sevilla,1,1,8,9,393,533,0.77677614,1.127761558,2,1,42.4,75,74,75,65,1.5,1.5,75,74,75,65,1.5,1.5,1.5,1.5
3825677,Spain - La Liga,2015/2016,Sevilla,Valencia,1,0,16,0,553,353,1.543418911,0.0,1,0,61.0,75,74,75,65,1.5,1.5,75,74,75,65,1.5,1.5,1.5,1.5
3825675,Spain - La Liga,2015/2016,Rayo Vallecano,Athletic Club,0,3,15,10,600,320,1.6072587554000002,2.2599167679999996,3,2,65.2,75,74,75,65,1.5,1.5,75,74,75,65,1.5,1.5,1.5,1.5
3825676,Spain - La Liga,2015/2016,Getafe,Villarreal,2,0,12,7,348,495,1.4796875869000001,0.4329744975,2,0,41.3,75,74,75,65,1.5,1.5,75,74,75,65,1.5,1.5,1.5,1.5
3825674,Spain - La Liga,2015/2016,Atlético Madrid,Espanyol,1,0,21,4,506,478,1.8473842156,0.2059822453,1,0,51.4,82,88,81,74,1.9,0.8,75,74,75,65,1.5,1.5,1.7,1.15
3825673,Spain - La Liga,2015/2016,Las Palmas,RC Deportivo La Coruña,0,2,8,10,694,356,0.42546359699999997,2.0562452317,2,2,66.1,75,74,75,65,1.5,1.5,75,74,75,65,1.5,1.5,1.5,1.5
3825671,Spain - La Liga,2015/2016,Celta Vigo,Sporting Gijón,2,1,6,8,583,417,1.548315047,0.8212717729999999,3,0,58.3,75,74,75,65,1.5,1.5,75,74,75,65,1.5,1.5,1.5,1.5
3825672,Spain - La Liga,2015/2016,Málaga,Granada,2,2,12,11,325,416,1.746904293,0.547501257,4,1,43.9,75,74,75,65,1.5,1.5,75,74,75,65,1.5,1.5,1.5,1.5
3825670,Spain - La Liga,2015/2016,Levante UD,Real Betis,0,1,14,11,522,405,1.4309131000000002,0.8618748415,1,2,56.3,75,74,75,65,1.5,1.5,75,74,75,65,1.5,1.5,1.5,1.5
3825669,Spain - La Liga,2015/2016,Getafe,Rayo Vallecano,1,1,15,8,337,516,0.658597248,1.7225366606,2,1,39.5,75,74,75,65,1.5,1.5,75,74,75,65,1.5,1.5,1.5,1.5
3825668,Spain - La Liga,2015/2016,Sporting Gijón,Levante UD,0,3,14,13,492,448,2.404593535,2.2970495296999998,3,2,52.3,75,74,75,65,1.5,1.5,75,74,75,65,1.5,1.5,1.5,1.5
3825666,Spain - La Liga,2015/2016,Real Betis,Atlético Madrid,0,1,7,11,498,632,0.291331591,2.064687258,1,2,44.1,75,74,75,65,1.5,1.5,82,88,81,74,1.9,0.8,1.15,1.7
3825665,Spain - La Liga,2015/2016,Granada,Athletic Club,2,0,8,12,282,579,0.6076175917000001,1.169767116,2,0,32.8,75,74,75,65,1.5,1.5,75,74,75,65,1.5,1.5,1.5,1.5
3825667,Spain - La Liga,2015/2016,Villarreal,Eibar,1,1,12,17,531,398,1.7150244950000002,2.6637356789999997,2,1,57.2,75,74,75,65,1.5,1.5,75,74,75,65,1.5,1.5,1.5,1.5
3825664,Spain - La Liga,2015/2016,Real Sociedad,Sevilla,2,0,14,13,553,378,0.9950296919999998,1.0973058409999998,2,0,59.4,75,74,75,65,1.5,1.5,75,74,75,65,1.5,1.5,1.5,1.5
3825662,Spain - La Liga,2015/2016,RC Deportivo La Coruña,Celta Vigo,2,0,5,7,352,535,1.077710241,1.135265155,2,0,39.7,75,74,75,65,1.5,1.5,75,74,75,65,1.5,1.5,1.5,1.5
3825888,Spain - La Liga,2015/2016,Valencia,Las Palmas,1,1,9,18,395,630,1.516122731,1.6347073490000001,2,1,38.5,75,74,75,65,1.5,1.5,75,74,75,65,1.5,1.5,1.5,1.5
3825663,Spain - La Liga,2015/2016,Espanyol,Málaga,2,0,8,15,361,513,0.8744822299999999,1.1694595774999998,2,0,41.3,75,74,75,65,1.5,1.5,75,74,75,65,1.5,1.5,1.5,1.5
3825659,Spain - La Liga,2015/2016,Athletic Club,Espanyol,2,1,8,5,343,421,0.5184590843000001,0.46112299999999995,3,0,44.9,75,74,75,65,1.5,1.5,75,74,75,65,1.5,1.5,1.5,1.5
3825658,Spain - La Liga,2015/2016,Atlético Madrid,Sporting Gijón,1,0,15,9,701,303,1.3543617799999998,0.453225434,1,0,69.8,82,88,81,74,1.9,0.8,75,74,75,65,1.5,1.5,1.7,1.15
3825660,Spain - La Liga,2015/2016,Barcelona,Villarreal,3,0,20,5,687,401,2.8698440179999998,0.326007116,3,0,63.1,89,83,88,80,2.5,0.9,75,74,75,65,1.5,1.5,2.0,1.2
3825661,Spain - La Liga,2015/2016,Sevilla,Real Madrid,3,2,15,28,501,612,1.997961739,1.6335390500000002,5,0,45.0,75,74,75,65,1.5,1.5,91,86,89,82,2.6,0.8,1.15,2.05
3825656,Spain - La Liga,2015/2016,Levante UD,RC Deportivo La Coruña,1,1,17,9,501,426,1.529921248,0.5639216387,2,1,54.0,75,74,75,65,1.5,1.5,75,74,75,65,1.5,1.5,1.5,1.5
3825657,Spain - La Liga,2015/2016,Málaga,Real Betis,0,1,12,7,491,373,0.805335932,0.792894923,1,2,56.8,75,74,75,65,1.5,1.5,75,74,75,65,1.5,1.5,1.5,1.5
3825652,Spain - La Liga,2015/2016,Las Palmas,Real Sociedad,2,0,9,11,460,520,0.975283777,0.754241728,2,0,46.9,75,74,75,65,1.5,1.5,75,74,75,65,1.5,1.5,1.5,1.5
3825623,Spain - La Liga,2015/2016,Valencia,Málaga,3,0,7,10,459,461,1.6013683909999998,1.6186791679999997,3,0,49.9,75,74,75,65,1.5,1.5,75,74,75,65,1.5,1.5,1.5,1.5
3825626,Spain - La Liga,2015/2016,Real Betis,Espanyol,1,3,21,12,520,364,1.8799053257,1.4064645299999998,4,2,58.8,75,74,75,65,1.5,1.5,75,74,75,65,1.5,1.5,1.5,1.5
3825616,Spain - La Liga,2015/2016,Málaga,Real Sociedad,3,1,11,13,358,609,1.5701563399999998,1.1878057349999998,4,0,37.0,75,74,75,65,1.5,1.5,75,74,75,65,1.5,1.5,1.5,1.5
3825608,Spain - La Liga,2015/2016,Eibar,Celta Vigo,1,1,11,9,347,643,1.4777196339999998,1.294308883,2,1,35.1,75,74,75,65,1.5,1.5,75,74,75,65,1.5,1.5,1.5,1.5
3825601,Spain - La Liga,2015/2016,Rayo Vallecano,Sporting Gijón,2,1,18,6,537,335,3.2197255219999996,0.545147886,3,0,61.6,75,74,75,65,1.5,1.5,75,74,75,65,1.5,1.5,1.5,1.5
3825899,Spain - La Liga,2015/2016,Getafe,Valencia,2,2,18,5,370,536,2.9875272360000005,0.6049760240000001,4,1,40.8,75,74,75,65,1.5,1.5,75,74,75,65,1.5,1.5,1.5,1.5
3825852,Spain - La Liga,2015/2016,Las Palmas,Sporting Gijón,1,1,10,12,557,429,0.44246750199999996,1.2163661909999999,2,1,56.5,75,74,75,65,1.5,1.5,75,74,75,65,1.5,1.5,1.5,1.5
3825647,Spain - La Liga,2015/2016,Valencia,Levante UD,3,0,14,10,489,351,2.571689971,0.843072992,3,0,58.2,75,74,75,65,1.5,1.5,75,74,75,65,1.5,1.5,1.5,1.5
3825637,Spain - La Liga,2015/2016,Barcelona,Eibar,3,1,14,7,626,314,1.7110908355,0.7778697299999999,4,0,66.6,89,83,88,80,2.5,0.9,75,74,75,65,1.5,1.5,2.0,1.2
3825628,Spain - La Liga,2015/2016,Getafe,Las Palmas,4,0,14,16,428,604,2.7960263733999997,0.542098823,4,0,41.5,75,74,75,65,1.5,1.5,75,74,75,65,1.5,1.5,1.5,1.5
3825619,Spain - La Liga,2015/2016,Levante UD,Villarreal,1,0,14,3,415,480,0.671724217,0.151596993,1,0,46.4,75,74,75,65,1.5,1.5,75,74,75,65,1.5,1.5,1.5,1.5
3825618,Spain - La Liga,2015/2016,Las Palmas,Eibar,0,2,18,9,621,385,1.251802148,1.377493424,2,2,61.7,75,74,75,65,1.5,1.5,75,74,75,65,1.5,1.5,1.5,1.5
3825611,Spain - La Liga,2015/2016,RC Deportivo La Coruña,Espanyol,3,0,14,7,463,486,1.8527118323000002,0.510447198,3,0,48.8,75,74,75,65,1.5,1.5,75,74,75,65,1.5,1.5,1.5,1.5
3825609,Spain - La Liga,2015/2016,Real Sociedad,Athletic Club,0,0,15,10,422,473,1.2415456112,0.6111159293,0,1,47.2,75,74,75,65,1.5,1.5,75,74,75,65,1.5,1.5,1.5,1.5
3825598,Spain - La Liga,2015/2016,Atlético Madrid,Getafe,2,0,11,6,543,472,1.0935513715,0.47902972499999996,2,0,53.5,82,88,81,74,1.9,0.8,75,74,75,65,1.5,1.5,1.7,1.15
3825584,Spain - La Liga,2015/2016,Granada,Villarreal,1,3,14,9,452,370,1.0278374038,1.060212477,4,2,55.0,75,74,75,65,1.5,1.5,75,74,75,65,1.5,1.5,1.5,1.5
3825570,Spain - La Liga,2015/2016,Granada,Eibar,1,3,13,10,530,405,1.1909873915000002,2.271488858,4,2,56.7,75,74,75,65,1.5,1.5,75,74,75,65,1.5,1.5,1.5,1.5
3825562,Spain - La Liga,2015/2016,Málaga,Sevilla,0,0,26,10,427,344,1.0882301632,1.414678249,0,1,55.4,75,74,75,65,1.5,1.5,75,74,75,65,1.5,1.5,1.5,1.5
3825904,Spain - La Liga,2015/2016,Eibar,Real Betis,1,1,22,6,612,436,2.3932929306000004,1.0605453538,2,1,58.4,75,74,75,65,1.5,1.5,75,74,75,65,1.5,1.5,1.5,1.5
3825901,Spain - La Liga,2015/2016,Real Madrid,Valencia,3,2,15,17,572,636,2.1084640950000004,1.829826249,5,0,47.4,91,86,89,82,2.6,0.8,75,74,75,65,1.5,1.5,2.05,1.15
3825898,Spain - La Liga,2015/2016,Celta Vigo,RC Deportivo La Coruña,1,1,9,7,578,366,0.369549798,1.2132051015000003,2,1,61.2,75,74,75,65,1.5,1.5,75,74,75,65,1.5,1.5,1.5,1.5
3825893,Spain - La Liga,2015/2016,Real Madrid,Villarreal,3,0,20,5,746,489,1.4060827009999999,0.28169973049999997,3,0,60.4,91,86,89,82,2.6,0.8,75,74,75,65,1.5,1.5,2.05,1.15
3825892,Spain - La Liga,2015/2016,Granada,Real Sociedad,0,3,11,8,444,439,0.4605319445,2.189075476,3,2,50.3,75,74,75,65,1.5,1.5,75,74,75,65,1.5,1.5,1.5,1.5
3825886,Spain - La Liga,2015/2016,Rayo Vallecano,Real Madrid,2,3,11,16,387,589,1.3614474374,1.662622657,5,2,39.7,75,74,75,65,1.5,1.5,91,86,89,82,2.6,0.8,1.15,2.05
3825885,Spain - La Liga,2015/2016,Rayo Vallecano,Getafe,2,0,15,15,412,363,3.0631247387000005,1.23263724,2,0,53.2,75,74,75,65,1.5,1.5,75,74,75,65,1.5,1.5,1.5,1.5
3825881,Spain - La Liga,2015/2016,Granada,Espanyol,1,1,8,10,344,478,0.404152717,0.6614184030000001,2,1,41.8,75,74,75,65,1.5,1.5,75,74,75,65,1.5,1.5,1.5,1.5
3825880,Spain - La Liga,2015/2016,RC Deportivo La Coruña,Levante UD,2,1,14,7,494,435,0.9114847930999999,0.5655379252,3,0,53.2,75,74,75,65,1.5,1.5,75,74,75,65,1.5,1.5,1.5,1.5
3825879,Spain - La Liga,2015/2016,Las Palmas,Real Madrid,1,2,15,12,561,545,1.4466833795,1.005357035,3,2,50.7,75,74,75,65,1.5,1.5,91,86,89,82,2.6,0.8,1.15,2.05
3825878,Spain - La Liga,2015/2016,Atlético Madrid,Rayo Vallecano,1,0,12,13,355,547,0.7438623739999999,0.7872316530000001,1,0,39.4,82,88,81,74,1.9,0.8,75,74,75,65,1.5,1.5,1.7,1.15
3825877,Spain - La Liga,2015/2016,Athletic Club,Granada,1,1,8,9,495,414,1.728599622,0.565456921,2,1,54.5,75,74,75,65,1.5,1.5,75,74,75,65,1.5,1.5,1.5,1.5
3825874,Spain - La Liga,2015/2016,Sevilla,Getafe,5,0,22,6,501,385,4.075026246,0.291853395,5,0,56.5,75,74,75,65,1.5,1.5,75,74,75,65,1.5,1.5,1.5,1.5
3825873,Spain - La Liga,2015/2016,Valencia,Villarreal,0,2,7,8,616,504,0.32002221799999997,1.0445156199999999,2,2,55.0,75,74,75,65,1.5,1.5,75,74,75,65,1.5,1.5,1.5,1.5
3825872,Spain - La Liga,2015/2016,Atlético Madrid,Real Betis,5,1,17,8,481,504,4.036860107,0.796776475,6,0,48.8,82,88,81,74,1.9,0.8,75,74,75,65,1.5,1.5,1.7,1.15
3825870,Spain - La Liga,2015/2016,Athletic Club,Celta Vigo,2,1,11,5,500,395,1.4149671192,0.437693049,3,0,55.9,75,74,75,65,1.5,1.5,75,74,75,65,1.5,1.5,1.5,1.5
3825868,Spain - La Liga,2015/2016,Celta Vigo,Granada,2,1,16,12,596,365,2.089776923,0.9143752009999999,3,0,62.0,75,74,75,65,1.5,1.5,75,74,75,65,1.5,1.5,1.5,1.5
3825866,Spain - La Liga,2015/2016,Las Palmas,Athletic Club,0,0,4,9,687,458,0.186828914,0.38175460199999994,0,1,60.0,75,74,75,65,1.5,1.5,75,74,75,65,1.5,1.5,1.5,1.5
3825865,Spain - La Liga,2015/2016,Getafe,Sporting Gijón,1,1,19,9,464,337,1.401675109,0.6117999894,2,1,57.9,75,74,75,65,1.5,1.5,75,74,75,65,1.5,1.5,1.5,1.5
3825864,Spain - La Liga,2015/2016,Real Sociedad,Real Madrid,0,1,11,18,461,534,0.44639870400000004,1.1601050865,1,2,46.3,75,74,75,65,1.5,1.5,91,86,89,82,2.6,0.8,1.15,2.05
3825862,Spain - La Liga,2015/2016,Espanyol,Celta Vigo,1,1,9,3,447,666,0.9022195580000001,0.357219662,2,1,40.2,75,74,75,65,1.5,1.5,75,74,75,65,1.5,1.5,1.5,1.5
3825861,Spain - La Liga,2015/2016,Real Sociedad,Rayo Vallecano,2,1,12,17,357,590,1.338118184,1.2936502724999999,3,0,37.7,75,74,75,65,1.5,1.5,75,74,75,65,1.5,1.5,1.5,1.5
3825859,Spain - La Liga,2015/2016,Granada,Las Palmas,3,2,14,11,389,642,1.39841041,1.308256084,5,0,37.7,75,74,75,65,1.5,1.5,75,74,75,65,1.5,1.5,1.5,1.5
3825856,Spain - La Liga,2015/2016,Real Madrid,Eibar,4,0,15,9,582,374,2.4743272739999997,1.314849531,4,0,60.9,91,86,89,82,2.6,0.8,75,74,75,65,1.5,1.5,2.05,1.15
3825854,Spain - La Liga,2015/2016,Sporting Gijón,Eibar,2,0,3,12,412,493,0.345808918,0.70052752,2,0,45.5,75,74,75,65,1.5,1.5,75,74,75,65,1.5,1.5,1.5,1.5
3825853,Spain - La Liga,2015/2016,Sevilla,Granada,1,4,12,11,522,341,1.3031585410000004,1.971448856,5,2,60.5,75,74,75,65,1.5,1.5,75,74,75,65,1.5,1.5,1.5,1.5
3825851,Spain - La Liga,2015/2016,Villarreal,RC Deportivo La Coruña,0,2,11,8,652,360,0.634470083,0.443215131,2,2,64.4,75,74,75,65,1.5,1.5,75,74,75,65,1.5,1.5,1.5,1.5
3825850,Spain - La Liga,2015/2016,Celta Vigo,Málaga,1,0,12,13,580,464,1.568265652,0.8239747640000001,1,0,55.6,75,74,75,65,1.5,1.5,75,74,75,65,1.5,1.5,1.5,1.5
3825845,Spain - La Liga,2015/2016,Espanyol,Sevilla,1,0,12,7,352,502,1.5069880089999999,0.3813454968,1,0,41.2,75,74,75,65,1.5,1.5,75,74,75,65,1.5,1.5,1.5,1.5
3825844,Spain - La Liga,2015/2016,Athletic Club,Real Betis,3,1,19,3,548,599,2.1472724393,0.74674222,4,0,47.8,75,74,75,65,1.5,1.5,75,74,75,65,1.5,1.5,1.5,1.5
3825806,Spain - La Liga,2015/2016,Real Madrid,Celta Vigo,7,1,20,8,599,470,1.9203688893000002,1.4012265840000002,8,0,56.0,91,86,89,82,2.6,0.8,75,74,75,65,1.5,1.5,2.05,1.15
3825802,Spain - La Liga,2015/2016,Espanyol,Real Betis,0,3,19,9,468,405,1.315534285,1.2493928563,3,2,53.6,75,74,75,65,1.5,1.5,75,74,75,65,1.5,1.5,1.5,1.5
3825679,Spain - La Liga,2015/2016,Real Betis,Celta Vigo,1,1,28,5,510,331,2.4633138110000004,0.48586944900000006,2,1,60.6,75,74,75,65,1.5,1.5,75,74,75,65,1.5,1.5,1.5,1.5
3825655,Spain - La Liga,2015/2016,Rayo Vallecano,Granada,2,1,7,8,350,513,1.065375505,0.607323734,3,0,40.6,75,74,75,65,1.5,1.5,75,74,75,65,1.5,1.5,1.5,1.5
3825654,Spain - La Liga,2015/2016,Celta Vigo,Valencia,1,5,17,9,476,335,1.357086906,1.6566330919999999,6,2,58.7,75,74,75,65,1.5,1.5,75,74,75,65,1.5,1.5,1.5,1.5
3825653,Spain - La Liga,2015/2016,Eibar,Getafe,3,1,16,9,404,500,2.24334249,0.565848416,4,0,44.7,75,74,75,65,1.5,1.5,75,74,75,65,1.5,1.5,1.5,1.5
3825651,Spain - La Liga,2015/2016,Espanyol,Granada,1,1,9,10,427,333,1.973238767,0.750299289,2,1,56.2,75,74,75,65,1.5,1.5,75,74,75,65,1.5,1.5,1.5,1.5
3825650,Spain - La Liga,2015/2016,Real Betis,Athletic Club,1,3,11,23,493,429,1.303519585,3.1350476290000002,4,2,53.5,75,74,75,65,1.5,1.5,75,74,75,65,1.5,1.5,1.5,1.5
3825649,Spain - La Liga,2015/2016,Sporting Gijón,Málaga,1,0,9,13,340,596,1.1562952819999999,0.6861333328999999,1,0,36.3,75,74,75,65,1.5,1.5,75,74,75,65,1.5,1.5,1.5,1.5
3825648,Spain - La Liga,2015/2016,Eibar,Rayo Vallecano,1,0,11,6,346,568,1.4226592466,0.43420515000000004,1,0,37.9,75,74,75,65,1.5,1.5,75,74,75,65,1.5,1.5,1.5,1.5
3825765,Spain - La Liga,2015/2016,Celta Vigo,Sevilla,1,1,25,9,716,261,1.6020686905,0.828391977,2,1,73.3,75,74,75,65,1.5,1.5,75,74,75,65,1.5,1.5,1.5,1.5
3825766,Spain - La Liga,2015/2016,Real Betis,Valencia,1,0,6,7,375,470,1.031898079,1.0208598417,1,0,44.4,75,74,75,65,1.5,1.5,75,74,75,65,1.5,1.5,1.5,1.5
3825764,Spain - La Liga,2015/2016,Granada,Real Madrid,1,2,14,14,389,644,0.805125466,1.9557655790000001,3,2,37.7,75,74,75,65,1.5,1.5,91,86,89,82,2.6,0.8,1.15,2.05
3825760,Spain - La Liga,2015/2016,Atlético Madrid,Eibar,3,1,13,6,454,408,2.1119574909999996,0.35751904399999995,4,0,52.7,82,88,81,74,1.9,0.8,75,74,75,65,1.5,1.5,1.7,1.15
3825763,Spain - La Liga,2015/2016,Rayo Vallecano,Las Palmas,2,0,19,9,472,476,2.5491748112,0.44609994360000005,2,0,49.8,75,74,75,65,1.5,1.5,75,74,75,65,1.5,1.5,1.5,1.5
3825761,Spain - La Liga,2015/2016,Athletic Club,Villarreal,0,0,10,2,572,399,0.691260828,0.303141502,0,1,58.9,75,74,75,65,1.5,1.5,75,74,75,65,1.5,1.5,1.5,1.5
3825762,Spain - La Liga,2015/2016,Sporting Gijón,RC Deportivo La Coruña,1,1,11,5,418,523,0.9162242759999999,0.292492904,2,1,44.4,75,74,75,65,1.5,1.5,75,74,75,65,1.5,1.5,1.5,1.5
3825759,Spain - La Liga,2015/2016,Málaga,Getafe,3,0,9,5,453,577,1.9799057759999998,0.390829069,3,0,44.0,75,74,75,65,1.5,1.5,75,74,75,65,1.5,1.5,1.5,1.5
3825758,Spain - La Liga,2015/2016,RC Deportivo La Coruña,Rayo Vallecano,2,2,17,7,497,414,1.2376656648,1.493775192,4,1,54.6,75,74,75,65,1.5,1.5,75,74,75,65,1.5,1.5,1.5,1.5
3825756,Spain - La Liga,2015/2016,Sevilla,Levante UD,3,1,14,22,460,521,2.2480781414999997,0.8225228681999999,4,0,46.9,75,74,75,65,1.5,1.5,75,74,75,65,1.5,1.5,1.5,1.5
3825755,Spain - La Liga,2015/2016,Valencia,Sporting Gijón,0,1,18,9,540,329,2.9070552960000002,1.494395169,1,2,62.1,75,74,75,65,1.5,1.5,75,74,75,65,1.5,1.5,1.5,1.5
3825754,Spain - La Liga,2015/2016,Las Palmas,Celta Vigo,2,1,13,5,540,400,1.695499995,0.564106761,3,0,57.4,75,74,75,65,1.5,1.5,75,74,75,65,1.5,1.5,1.5,1.5
3825750,Spain - La Liga,2015/2016,Real Sociedad,Real Betis,2,1,11,8,470,532,0.535467266,1.150508666,3,0,46.9,75,74,75,65,1.5,1.5,75,74,75,65,1.5,1.5,1.5,1.5
3825752,Spain - La Liga,2015/2016,Eibar,Málaga,1,2,11,7,505,375,0.928224,1.3336534389999999,3,2,57.4,75,74,75,65,1.5,1.5,75,74,75,65,1.5,1.5,1.5,1.5
3825751,Spain - La Liga,2015/2016,Getafe,Athletic Club,0,1,11,14,504,394,1.4116641140000001,1.45825715,1,2,56.1,75,74,75,65,1.5,1.5,75,74,75,65,1.5,1.5,1.5,1.5
3825753,Spain - La Liga,2015/2016,Villarreal,Granada,1,0,13,8,539,427,2.223505191,0.681216181,1,0,55.8,75,74,75,65,1.5,1.5,75,74,75,65,1.5,1.5,1.5,1.5
3825749,Spain - La Liga,2015/2016,Levante UD,Las Palmas,3,2,12,13,305,695,1.690136692,1.0680424007,5,0,30.5,75,74,75,65,1.5,1.5,75,74,75,65,1.5,1.5,1.5,1.5
3825747,Spain - La Liga,2015/2016,Athletic Club,Eibar,5,2,10,9,485,414,0.9295863759999999,2.022164369,7,0,53.9,75,74,75,65,1.5,1.5,75,74,75,65,1.5,1.5,1.5,1.5
3825748,Spain - La Liga,2015/2016,Atlético Madrid,Sevilla,0,0,21,7,597,280,1.2605556348999998,0.31127227449999995,0,1,68.1,82,88,81,74,1.9,0.8,75,74,75,65,1.5,1.5,1.7,1.15
3825745,Spain - La Liga,2015/2016,RC Deportivo La Coruña,Valencia,1,1,8,10,477,506,1.10156948,0.9732414519999999,2,1,48.5,75,74,75,65,1.5,1.5,75,74,75,65,1.5,1.5,1.5,1.5
3825746,Spain - La Liga,2015/2016,Real Betis,Real Madrid,1,1,5,20,373,689,0.38024144399999993,3.3095584786999996,2,1,35.1,75,74,75,65,1.5,1.5,91,86,89,82,2.6,0.8,1.15,2.05
3825743,Spain - La Liga,2015/2016,Rayo Vallecano,Celta Vigo,3,0,26,3,398,320,3.1138505567999997,0.18148298999999998,3,0,55.4,75,74,75,65,1.5,1.5,75,74,75,65,1.5,1.5,1.5,1.5
3825744,Spain - La Liga,2015/2016,Espanyol,Villarreal,2,2,11,14,437,538,1.05773969,1.0703166166,4,1,44.8,75,74,75,65,1.5,1.5,75,74,75,65,1.5,1.5,1.5,1.5
3825742,Spain - La Liga,2015/2016,Granada,Getafe,3,2,20,9,449,451,2.305334274,1.928365298,5,0,49.9,75,74,75,65,1.5,1.5,75,74,75,65,1.5,1.5,1.5,1.5
3825741,Spain - La Liga,2015/2016,Sporting Gijón,Real Sociedad,5,1,13,9,374,490,4.6758840063000005,1.324614921,6,0,43.3,75,74,75,65,1.5,1.5,75,74,75,65,1.5,1.5,1.5,1.5
3825739,Spain - La Liga,2015/2016,Real Madrid,Sporting Gijón,5,1,17,9,786,391,2.220954735,0.657441291,6,0,66.8,91,86,89,82,2.6,0.8,75,74,75,65,1.5,1.5,2.05,1.15
3825738,Spain - La Liga,2015/2016,Las Palmas,Atlético Madrid,0,3,11,11,705,497,0.5019394720000001,1.986626441,3,2,58.7,75,74,75,65,1.5,1.5,82,88,81,74,1.9,0.8,1.15,1.7
3825737,Spain - La Liga,2015/2016,Getafe,Espanyol,3,1,19,13,356,598,1.8696133480000001,1.3371369359999998,4,0,37.3,75,74,75,65,1.5,1.5,75,74,75,65,1.5,1.5,1.5,1.5
3825734,Spain - La Liga,2015/2016,Real Sociedad,RC Deportivo La Coruña,1,1,16,7,672,388,2.92354392,1.4241994159999998,2,1,63.4,75,74,75,65,1.5,1.5,75,74,75,65,1.5,1.5,1.5,1.5
3825733,Spain - La Liga,2015/2016,Sevilla,Málaga,2,1,8,14,473,395,1.028994885,1.1897754289999998,3,0,54.5,75,74,75,65,1.5,1.5,75,74,75,65,1.5,1.5,1.5,1.5
3825732,Spain - La Liga,2015/2016,Celta Vigo,Levante UD,4,3,13,16,572,417,2.0933403769999996,1.141663909,7,0,57.8,75,74,75,65,1.5,1.5,75,74,75,65,1.5,1.5,1.5,1.5
3825735,Spain - La Liga,2015/2016,Villarreal,Real Betis,0,0,9,15,561,568,0.79390548,0.5585656189999999,0,1,49.7,75,74,75,65,1.5,1.5,75,74,75,65,1.5,1.5,1.5,1.5
3825729,Spain - La Liga,2015/2016,Villarreal,Sporting Gijón,2,0,7,12,504,548,1.262495261,0.7033438009999999,2,0,47.9,75,74,75,65,1.5,1.5,75,74,75,65,1.5,1.5,1.5,1.5
3825728,Spain - La Liga,2015/2016,Celta Vigo,Atlético Madrid,0,2,6,10,607,480,0.248663051,1.31682009,2,2,55.8,75,74,75,65,1.5,1.5,82,88,81,74,1.9,0.8,1.15,1.7
3825730,Spain - La Liga,2015/2016,Real Sociedad,Valencia,2,0,24,10,500,493,2.9406832717,0.674779387,2,0,50.4,75,74,75,65,1.5,1.5,75,74,75,65,1.5,1.5,1.5,1.5
3825727,Spain - La Liga,2015/2016,Eibar,Espanyol,2,1,20,7,474,420,2.3990252860000005,0.3762884779999999,3,0,53.0,75,74,75,65,1.5,1.5,75,74,75,65,1.5,1.5,1.5,1.5
3825723,Spain - La Liga,2015/2016,Levante UD,Rayo Vallecano,2,1,10,10,394,503,0.796602265,0.327423625,3,0,43.9,75,74,75,65,1.5,1.5,75,74,75,65,1.5,1.5,1.5,1.5
3825726,Spain - La Liga,2015/2016,Sevilla,Athletic Club,2,0,4,12,477,497,1.2472842100000001,0.8923093520000001,2,0,49.0,75,74,75,65,1.5,1.5,75,74,75,65,1.5,1.5,1.5,1.5
3825725,Spain - La Liga,2015/2016,Getafe,Real Betis,1,0,9,11,453,403,0.735688785,0.668031453,1,0,52.9,75,74,75,65,1.5,1.5,75,74,75,65,1.5,1.5,1.5,1.5
3825724,Spain - La Liga,2015/2016,Real Madrid,RC Deportivo La Coruña,5,0,23,18,588,548,2.5223320635,0.9053543226000001,5,0,51.8,91,86,89,82,2.6,0.8,75,74,75,65,1.5,1.5,2.05,1.15
3825722,Spain - La Liga,2015/2016,Sporting Gijón,Getafe,1,2,17,11,384,449,1.3639521649999997,1.9832456719999998,3,2,46.1,75,74,75,65,1.5,1.5,75,74,75,65,1.5,1.5,1.5,1.5
3825716,Spain - La Liga,2015/2016,Rayo Vallecano,Real Sociedad,2,2,13,15,355,423,1.003412999,0.8446137150000002,4,1,45.6,75,74,75,65,1.5,1.5,75,74,75,65,1.5,1.5,1.5,1.5
3825719,Spain - La Liga,2015/2016,Athletic Club,Las Palmas,2,2,15,12,406,592,2.130900907,0.777623905,4,1,40.7,75,74,75,65,1.5,1.5,75,74,75,65,1.5,1.5,1.5,1.5
3825720,Spain - La Liga,2015/2016,Real Betis,Eibar,0,4,11,6,549,371,1.6140540155000003,0.948948045,4,2,59.7,75,74,75,65,1.5,1.5,75,74,75,65,1.5,1.5,1.5,1.5
3825717,Spain - La Liga,2015/2016,Granada,Sevilla,2,1,9,16,309,469,0.87437245,2.3896160185,3,0,39.7,75,74,75,65,1.5,1.5,75,74,75,65,1.5,1.5,1.5,1.5
3825721,Spain - La Liga,2015/2016,RC Deportivo La Coruña,Villarreal,1,2,11,6,540,463,0.9740782147000001,1.321280275,3,2,53.8,75,74,75,65,1.5,1.5,75,74,75,65,1.5,1.5,1.5,1.5
3825718,Spain - La Liga,2015/2016,Valencia,Real Madrid,2,2,12,17,496,541,2.6168363040000004,1.146701153,4,1,47.8,75,74,75,65,1.5,1.5,91,86,89,82,2.6,0.8,1.15,2.05
3825715,Spain - La Liga,2015/2016,Málaga,Celta Vigo,2,0,14,8,427,463,2.6394524276999998,0.818834134,2,0,48.0,75,74,75,65,1.5,1.5,75,74,75,65,1.5,1.5,1.5,1.5
3825714,Spain - La Liga,2015/2016,Atlético Madrid,Levante UD,1,0,16,9,551,430,1.171993575,0.583366677,1,0,56.2,82,88,81,74,1.9,0.8,75,74,75,65,1.5,1.5,1.7,1.15
3825713,Spain - La Liga,2015/2016,Villarreal,Valencia,1,0,9,6,462,438,0.34896934300000004,0.5332694440000001,1,0,51.3,75,74,75,65,1.5,1.5,75,74,75,65,1.5,1.5,1.5,1.5
3825710,Spain - La Liga,2015/2016,Real Madrid,Real Sociedad,3,1,23,13,544,544,3.1666026019999998,0.658408522,4,0,50.0,91,86,89,82,2.6,0.8,75,74,75,65,1.5,1.5,2.05,1.15
3825709,Spain - La Liga,2015/2016,Sevilla,Espanyol,2,0,16,12,457,588,2.3122135000000004,0.891120291,2,0,43.7,75,74,75,65,1.5,1.5,75,74,75,65,1.5,1.5,1.5,1.5
3825646,Spain - La Liga,2015/2016,Villarreal,Sevilla,2,1,12,6,465,438,1.2117682630000002,0.6723526719999999,3,0,51.5,75,74,75,65,1.5,1.5,75,74,75,65,1.5,1.5,1.5,1.5
3825645,Spain - La Liga,2015/2016,Getafe,Barcelona,0,2,6,15,342,775,0.24316908969999998,1.9832390069999999,2,2,30.6,75,74,75,65,1.5,1.5,89,83,88,80,2.5,0.9,1.2,2.0
3825644,Spain - La Liga,2015/2016,Real Sociedad,Celta Vigo,2,3,21,16,380,518,1.3751927265,1.2251598939,5,2,42.3,75,74,75,65,1.5,1.5,75,74,75,65,1.5,1.5,1.5,1.5
3825640,Spain - La Liga,2015/2016,Levante UD,Real Sociedad,0,4,13,13,470,352,0.997627872,3.41225114,4,2,57.2,75,74,75,65,1.5,1.5,75,74,75,65,1.5,1.5,1.5,1.5
3825639,Spain - La Liga,2015/2016,Las Palmas,Villarreal,0,0,7,5,612,439,0.298865638,0.31776619500000003,0,1,58.2,75,74,75,65,1.5,1.5,75,74,75,65,1.5,1.5,1.5,1.5
3825636,Spain - La Liga,2015/2016,Málaga,RC Deportivo La Coruña,2,0,9,10,510,517,0.5154552964,0.6502554967,2,0,49.7,75,74,75,65,1.5,1.5,75,74,75,65,1.5,1.5,1.5,1.5
3825635,Spain - La Liga,2015/2016,Celta Vigo,Real Madrid,1,3,17,14,547,529,1.5985029682999998,2.0952453139999996,4,2,50.8,75,74,75,65,1.5,1.5,91,86,89,82,2.6,0.8,1.15,2.05
3825634,Spain - La Liga,2015/2016,Granada,Real Betis,1,1,17,8,356,536,1.382441008,1.1493034789999999,2,1,39.9,75,74,75,65,1.5,1.5,75,74,75,65,1.5,1.5,1.5,1.5
3825633,Spain - La Liga,2015/2016,Rayo Vallecano,Espanyol,3,0,13,9,617,313,2.2500174619999997,1.3099076539999999,3,0,66.3,75,74,75,65,1.5,1.5,75,74,75,65,1.5,1.5,1.5,1.5
3825632,Spain - La Liga,2015/2016,Sporting Gijón,Granada,3,3,15,14,569,287,0.8932045460000001,1.981645771,6,1,66.5,75,74,75,65,1.5,1.5,75,74,75,65,1.5,1.5,1.5,1.5
3825631,Spain - La Liga,2015/2016,Real Sociedad,Atlético Madrid,0,2,11,7,595,441,0.6397124750000001,1.575709646,2,2,57.4,75,74,75,65,1.5,1.5,82,88,81,74,1.9,0.8,1.15,1.7
3825630,Spain - La Liga,2015/2016,RC Deportivo La Coruña,Athletic Club,2,2,17,7,535,422,1.320535308,0.6068846649999999,4,1,55.9,75,74,75,65,1.5,1.5,75,74,75,65,1.5,1.5,1.5,1.5
3825629,Spain - La Liga,2015/2016,Villarreal,Celta Vigo,1,2,12,13,337,697,0.954734242,1.5867871335000001,3,2,32.6,75,74,75,65,1.5,1.5,75,74,75,65,1.5,1.5,1.5,1.5
3825627,Spain - La Liga,2015/2016,Barcelona,Rayo Vallecano,5,2,14,22,462,572,4.67635209,2.473305274,7,0,44.7,89,83,88,80,2.5,0.9,75,74,75,65,1.5,1.5,2.0,1.2
3825625,Spain - La Liga,2015/2016,Real Madrid,Levante UD,3,0,21,17,607,451,1.4530919343,1.496452628,3,0,57.4,91,86,89,82,2.6,0.8,75,74,75,65,1.5,1.5,2.05,1.15
3825624,Spain - La Liga,2015/2016,Eibar,Sevilla,1,1,14,15,361,494,0.7234535309999999,1.786685015,2,1,42.2,75,74,75,65,1.5,1.5,75,74,75,65,1.5,1.5,1.5,1.5
3825622,Spain - La Liga,2015/2016,Athletic Club,Valencia,3,1,16,10,502,478,1.9892628469999998,0.5787985400000001,4,0,51.2,75,74,75,65,1.5,1.5,75,74,75,65,1.5,1.5,1.5,1.5
3825621,Spain - La Liga,2015/2016,Atlético Madrid,Real Madrid,1,1,18,9,533,607,2.8663889044,0.4928586469999999,2,1,46.8,82,88,81,74,1.9,0.8,91,86,89,82,2.6,0.8,1.35,1.7
3825620,Spain - La Liga,2015/2016,Rayo Vallecano,Real Betis,0,2,23,9,621,324,0.9750138132,1.9804026879999999,2,2,65.7,75,74,75,65,1.5,1.5,75,74,75,65,1.5,1.5,1.5,1.5
3825617,Spain - La Liga,2015/2016,Sevilla,Barcelona,2,1,12,28,342,579,1.301390319,3.4057471914999997,3,0,37.1,75,74,75,65,1.5,1.5,89,83,88,80,2.5,0.9,1.2,2.0
3825615,Spain - La Liga,2015/2016,Espanyol,Sporting Gijón,1,2,12,12,563,467,1.5963838249999998,1.480275186,3,2,54.7,75,74,75,65,1.5,1.5,75,74,75,65,1.5,1.5,1.5,1.5
3825613,Spain - La Liga,2015/2016,Celta Vigo,Getafe,0,0,18,9,607,305,1.473358665,1.518237918,0,1,66.6,75,74,75,65,1.5,1.5,75,74,75,65,1.5,1.5,1.5,1.5
3825610,Spain - La Liga,2015/2016,Sporting Gijón,Real Betis,1,2,19,13,564,449,1.667905043,1.4019163256,3,2,55.7,75,74,75,65,1.5,1.5,75,74,75,65,1.5,1.5,1.5,1.5
3825606,Spain - La Liga,2015/2016,Real Madrid,Málaga,0,0,31,12,717,316,3.3538672802999994,0.6724677684000001,0,1,69.4,91,86,89,82,2.6,0.8,75,74,75,65,1.5,1.5,2.05,1.15
3825605,Spain - La Liga,2015/2016,Sevilla,Rayo Vallecano,3,2,18,18,456,458,2.0926610009999997,0.6592338973,5,0,49.9,75,74,75,65,1.5,1.5,75,74,75,65,1.5,1.5,1.5,1.5
3825604,Spain - La Liga,2015/2016,Valencia,Granada,1,0,12,18,380,421,1.3647992919999998,0.9918559383999999,1,0,47.4,75,74,75,65,1.5,1.5,75,74,75,65,1.5,1.5,1.5,1.5
3825603,Spain - La Liga,2015/2016,Real Betis,RC Deportivo La Coruña,1,2,9,9,561,377,1.092320536,0.325262868,3,2,59.8,75,74,75,65,1.5,1.5,75,74,75,65,1.5,1.5,1.5,1.5
3825602,Spain - La Liga,2015/2016,Athletic Club,Real Madrid,1,2,13,22,472,602,1.4830063415,2.6344982029999993,3,2,43.9,75,74,75,65,1.5,1.5,91,86,89,82,2.6,0.8,1.15,2.05
3825600,Spain - La Liga,2015/2016,Málaga,Villarreal,0,1,15,9,558,385,0.8384468472000001,0.909770502,1,2,59.2,75,74,75,65,1.5,1.5,75,74,75,65,1.5,1.5,1.5,1.5
3825599,Spain - La Liga,2015/2016,Espanyol,Valencia,1,0,19,10,401,425,1.753918165,0.649601341,1,0,48.5,75,74,75,65,1.5,1.5,75,74,75,65,1.5,1.5,1.5,1.5
3825597,Spain - La Liga,2015/2016,Las Palmas,Rayo Vallecano,0,1,8,17,435,433,0.7666614840000001,1.3359031975,1,2,50.1,75,74,75,65,1.5,1.5,75,74,75,65,1.5,1.5,1.5,1.5
3825596,Spain - La Liga,2015/2016,RC Deportivo La Coruña,Sporting Gijón,2,3,20,5,583,354,1.0584084849999997,0.9527419069999999,5,2,62.2,75,74,75,65,1.5,1.5,75,74,75,65,1.5,1.5,1.5,1.5
3825594,Spain - La Liga,2015/2016,Sevilla,Celta Vigo,1,2,13,15,414,508,1.0992593634,0.796429163,3,2,44.9,75,74,75,65,1.5,1.5,75,74,75,65,1.5,1.5,1.5,1.5
3825593,Spain - La Liga,2015/2016,Eibar,Atlético Madrid,0,2,9,14,517,699,0.3233829495,1.498556535,2,2,42.5,75,74,75,65,1.5,1.5,82,88,81,74,1.9,0.8,1.15,1.7
3825592,Spain - La Liga,2015/2016,Real Sociedad,Espanyol,2,3,10,18,473,428,1.510093114,1.852854397,5,2,52.5,75,74,75,65,1.5,1.5,75,74,75,65,1.5,1.5,1.5,1.5
3825591,Spain - La Liga,2015/2016,Valencia,Real Betis,0,0,24,3,612,312,1.6839506779,0.153375296,0,1,66.2,75,74,75,65,1.5,1.5,75,74,75,65,1.5,1.5,1.5,1.5
3825590,Spain - La Liga,2015/2016,Real Madrid,Granada,1,0,20,12,677,331,2.4916092272999997,1.1709909156999998,1,0,67.2,91,86,89,82,2.6,0.8,75,74,75,65,1.5,1.5,2.05,1.15
3825589,Spain - La Liga,2015/2016,Getafe,Málaga,1,0,10,13,335,534,0.9446501897,0.6113740494,1,0,38.6,75,74,75,65,1.5,1.5,75,74,75,65,1.5,1.5,1.5,1.5
3825588,Spain - La Liga,2015/2016,Rayo Vallecano,RC Deportivo La Coruña,1,3,8,14,636,374,0.6765007169999999,1.3373929310000001,4,2,63.0,75,74,75,65,1.5,1.5,75,74,75,65,1.5,1.5,1.5,1.5
3825587,Spain - La Liga,2015/2016,Athletic Club,Getafe,3,1,14,13,523,442,1.4426037779999998,0.598289006,4,0,54.2,75,74,75,65,1.5,1.5,75,74,75,65,1.5,1.5,1.5,1.5
3825586,Spain - La Liga,2015/2016,Málaga,Eibar,0,0,10,7,466,395,1.02713509,0.8405325549999999,0,1,54.1,75,74,75,65,1.5,1.5,75,74,75,65,1.5,1.5,1.5,1.5
3825585,Spain - La Liga,2015/2016,Celta Vigo,Las Palmas,3,3,26,9,718,356,4.286647959,1.245121199,6,1,66.9,75,74,75,65,1.5,1.5,75,74,75,65,1.5,1.5,1.5,1.5
3825583,Spain - La Liga,2015/2016,Sporting Gijón,Valencia,0,1,15,17,424,635,1.0970201739999996,1.622881672,1,2,40.0,75,74,75,65,1.5,1.5,75,74,75,65,1.5,1.5,1.5,1.5
3825582,Spain - La Liga,2015/2016,Real Betis,Real Sociedad,1,0,9,15,337,538,0.5263704410000001,0.6991742870000001,1,0,38.5,75,74,75,65,1.5,1.5,75,74,75,65,1.5,1.5,1.5,1.5
3825581,Spain - La Liga,2015/2016,Espanyol,Real Madrid,0,6,15,15,541,500,1.749549904,3.3985094680000008,6,2,52.0,75,74,75,65,1.5,1.5,91,86,89,82,2.6,0.8,1.15,2.05
3825580,Spain - La Liga,2015/2016,Levante UD,Sevilla,1,1,14,8,469,418,1.435732005,0.992390906,2,1,52.9,75,74,75,65,1.5,1.5,75,74,75,65,1.5,1.5,1.5,1.5
3825578,Spain - La Liga,2015/2016,Eibar,Athletic Club,2,0,9,9,417,533,1.4076115710000001,0.33808149200000004,2,0,43.9,75,74,75,65,1.5,1.5,75,74,75,65,1.5,1.5,1.5,1.5
3825577,Spain - La Liga,2015/2016,Getafe,Granada,1,2,15,9,443,290,0.576297029,1.2221059728,3,2,60.4,75,74,75,65,1.5,1.5,75,74,75,65,1.5,1.5,1.5,1.5
3825576,Spain - La Liga,2015/2016,Valencia,RC Deportivo La Coruña,1,1,13,12,486,410,1.5543339720000002,0.7924107196000001,2,1,54.2,75,74,75,65,1.5,1.5,75,74,75,65,1.5,1.5,1.5,1.5
3825575,Spain - La Liga,2015/2016,Las Palmas,Levante UD,0,0,16,3,587,324,0.699411725,0.145662713,0,1,64.4,75,74,75,65,1.5,1.5,75,74,75,65,1.5,1.5,1.5,1.5
3825574,Spain - La Liga,2015/2016,Celta Vigo,Rayo Vallecano,3,0,13,3,723,410,2.1581819749999998,0.125385263,3,0,63.8,75,74,75,65,1.5,1.5,75,74,75,65,1.5,1.5,1.5,1.5
3825573,Spain - La Liga,2015/2016,Real Sociedad,Sporting Gijón,0,0,14,7,574,398,0.9060358135,0.22545639330000003,0,1,59.1,75,74,75,65,1.5,1.5,75,74,75,65,1.5,1.5,1.5,1.5
3825571,Spain - La Liga,2015/2016,Villarreal,Espanyol,3,1,15,5,541,404,1.4762754295,0.592400135,4,0,57.2,75,74,75,65,1.5,1.5,75,74,75,65,1.5,1.5,1.5,1.5
3825569,Spain - La Liga,2015/2016,Levante UD,Celta Vigo,1,2,11,14,311,707,0.48638784699999993,1.6846612440000002,3,2,30.6,75,74,75,65,1.5,1.5,75,74,75,65,1.5,1.5,1.5,1.5
3825568,Spain - La Liga,2015/2016,Real Betis,Villarreal,1,1,22,8,477,263,1.6026679259999999,1.0973482890000001,2,1,64.5,75,74,75,65,1.5,1.5,75,74,75,65,1.5,1.5,1.5,1.5
3825567,Spain - La Liga,2015/2016,Sporting Gijón,Real Madrid,0,0,6,27,349,698,0.28043599599999997,1.5026370555000002,0,1,33.3,75,74,75,65,1.5,1.5,91,86,89,82,2.6,0.8,1.15,2.05
3825566,Spain - La Liga,2015/2016,Rayo Vallecano,Valencia,0,0,8,10,475,395,0.6999665840999999,1.6934791530000002,0,1,54.6,75,74,75,65,1.5,1.5,75,74,75,65,1.5,1.5,1.5,1.5
3825565,Spain - La Liga,2015/2016,Espanyol,Getafe,1,0,5,13,317,587,0.28687081600000003,1.349992505,1,0,35.1,75,74,75,65,1.5,1.5,75,74,75,65,1.5,1.5,1.5,1.5
3825564,Spain - La Liga,2015/2016,RC Deportivo La Coruña,Real Sociedad,0,0,16,10,544,417,0.59843608,1.080001069,0,1,56.6,75,74,75,65,1.5,1.5,75,74,75,65,1.5,1.5,1.5,1.5
3825563,Spain - La Liga,2015/2016,Atlético Madrid,Las Palmas,1,0,12,7,674,424,0.539485622,0.5002998106,1,0,61.4,82,88,81,74,1.9,0.8,75,74,75,65,1.5,1.5,1.7,1.15
266498,Spain - La Liga,2015/2016,Barcelona,Getafe,6,0,15,6,711,323,2.9313305089999995,0.26478267499999997,6,0,68.8,89,83,88,80,2.5,0.9,75,74,75,65,1.5,1.5,2.0,1.2
266986,Spain - La Liga,2015/2016,Real Betis,Barcelona,0,2,2,12,278,777,0.08553740700000001,2.1339119739999997,2,2,26.4,75,74,75,65,1.5,1.5,89,83,88,80,2.5,0.9,1.2,2.0
267533,Spain - La Liga,2015/2016,Barcelona,Real Madrid,1,2,14,15,712,350,0.7250700990000001,1.320553054,3,2,67.0,89,83,88,80,2.5,0.9,91,86,89,82,2.6,0.8,1.65,1.75
266310,Spain - La Liga,2015/2016,RC Deportivo La Coruña,Barcelona,0,8,17,17,403,748,1.625230793,4.034037188,8,2,35.0,75,74,75,65,1.5,1.5,89,83,88,80,2.5,0.9,1.2,2.0
267576,Spain - La Liga,2015/2016,Barcelona,Atlético Madrid,2,1,10,7,719,308,0.570667528,0.679896076,3,0,70.0,89,83,88,80,2.5,0.9,82,88,81,74,1.9,0.8,1.65,1.4
266653,Spain - La Liga,2015/2016,Rayo Vallecano,Barcelona,1,5,8,21,335,549,1.301377267,3.609534406,6,2,37.9,75,74,75,65,1.5,1.5,89,83,88,80,2.5,0.9,1.2,2.0
265944,Spain - La Liga,2015/2016,Barcelona,Sporting Gijón,6,0,23,4,744,291,4.7221734486,0.41107553399999996,6,0,71.9,89,83,88,80,2.5,0.9,75,74,75,65,1.5,1.5,2.0,1.2
265894,Spain - La Liga,2015/2016,Málaga,Barcelona,1,2,14,11,314,597,1.094549554,2.131875385,3,2,34.5,75,74,75,65,1.5,1.5,89,83,88,80,2.5,0.9,1.2,2.0
265958,Spain - La Liga,2015/2016,Barcelona,Espanyol,5,0,14,4,625,308,2.926680624,0.487905264,5,0,67.0,89,83,88,80,2.5,0.9,75,74,75,65,1.5,1.5,2.0,1.2
267611,Spain - La Liga,2015/2016,Barcelona,Las Palmas,2,1,16,10,658,343,2.0917858849999997,0.6912796484,3,0,65.7,89,83,88,80,2.5,0.9,75,74,75,65,1.5,1.5,2.0,1.2
267422,Spain - La Liga,2015/2016,Barcelona,Málaga,1,0,23,4,697,259,1.8279597025,0.429232349,1,0,72.9,89,83,88,80,2.5,0.9,75,74,75,65,1.5,1.5,2.0,1.2
266236,Spain - La Liga,2015/2016,Athletic Club,Barcelona,0,1,6,10,353,736,0.300797077,1.7423694450000002,1,2,32.4,75,74,75,65,1.5,1.5,89,83,88,80,2.5,0.9,1.2,2.0
267274,Spain - La Liga,2015/2016,Valencia,Barcelona,1,1,10,16,325,758,0.47713217099999994,1.326106152,2,1,30.0,75,74,75,65,1.5,1.5,89,83,88,80,2.5,0.9,1.2,2.0
266961,Spain - La Liga,2015/2016,Barcelona,RC Deportivo La Coruña,2,2,19,12,727,345,1.040620154,0.9866005949999999,4,1,67.8,89,83,88,80,2.5,0.9,75,74,75,65,1.5,1.5,2.0,1.2
266885,Spain - La Liga,2015/2016,Barcelona,Real Sociedad,4,0,12,10,571,451,2.4899706869999996,0.608751353,4,0,55.9,89,83,88,80,2.5,0.9,75,74,75,65,1.5,1.5,2.0,1.2
266815,Spain - La Liga,2015/2016,Sporting Gijón,Barcelona,1,3,6,17,234,810,0.570319594,2.3628349909999997,4,2,22.4,75,74,75,65,1.5,1.5,89,83,88,80,2.5,0.9,1.2,2.0
267506,Spain - La Liga,2015/2016,Granada,Barcelona,0,3,7,12,316,595,0.508630707,2.4188895645,3,2,34.7,75,74,75,65,1.5,1.5,89,83,88,80,2.5,0.9,1.2,2.0
266664,Spain - La Liga,2015/2016,Real Sociedad,Barcelona,1,0,5,13,272,726,0.42721806199999995,1.174023936,1,0,27.3,75,74,75,65,1.5,1.5,89,83,88,80,2.5,0.9,1.2,2.0
266106,Spain - La Liga,2015/2016,Villarreal,Barcelona,2,2,15,15,346,719,1.2703694164,1.7763159979999998,4,1,32.5,75,74,75,65,1.5,1.5,89,83,88,80,2.5,0.9,1.2,2.0
266670,Spain - La Liga,2015/2016,Espanyol,Barcelona,0,0,4,10,266,643,0.22550177100000002,1.0104624299999998,0,1,29.3,75,74,75,65,1.5,1.5,89,83,88,80,2.5,0.9,1.2,2.0
266149,Spain - La Liga,2015/2016,Barcelona,Athletic Club,6,0,20,9,775,244,2.8181907579999996,1.08880431,6,0,76.1,89,83,88,80,2.5,0.9,75,74,75,65,1.5,1.5,2.0,1.2
266620,Spain - La Liga,2015/2016,Barcelona,Granada,4,0,17,8,691,358,3.2089038155000003,0.3746677152,4,0,65.9,89,83,88,80,2.5,0.9,75,74,75,65,1.5,1.5,2.0,1.2
266056,Spain - La Liga,2015/2016,Eibar,Barcelona,0,4,7,10,374,773,0.541606292,2.334022904,4,2,32.6,75,74,75,65,1.5,1.5,89,83,88,80,2.5,0.9,1.2,2.0
267327,Spain - La Liga,2015/2016,Barcelona,Real Betis,4,0,16,13,610,362,3.458271375,1.199962053,4,0,62.8,89,83,88,80,2.5,0.9,75,74,75,65,1.5,1.5,2.0,1.2
266166,Spain - La Liga,2015/2016,Atlético Madrid,Barcelona,1,2,11,14,353,755,0.7102220779999999,1.728633055,3,2,31.9,82,88,81,74,1.9,0.8,89,83,88,80,2.5,0.9,1.4,1.65
266160,Spain - La Liga,2015/2016,Levante UD,Barcelona,0,2,14,11,310,658,0.8459463009999999,1.0811465230000001,2,2,32.0,75,74,75,65,1.5,1.5,89,83,88,80,2.5,0.9,1.2,2.0
265839,Spain - La Liga,2015/2016,Barcelona,Sevilla,2,1,15,12,720,339,2.0566948294999996,1.4966585799999998,3,0,68.0,89,83,88,80,2.5,0.9,75,74,75,65,1.5,1.5,2.0,1.2
266424,Spain - La Liga,2015/2016,Real Madrid,Barcelona,0,4,13,18,486,671,1.3431263359999999,2.4793679859999997,4,2,42.0,91,86,89,82,2.6,0.8,89,83,88,80,2.5,0.9,1.75,1.65
266467,Spain - La Liga,2015/2016,Celta Vigo,Barcelona,4,1,19,18,414,517,2.107539622,1.9424810779999997,5,0,44.5,75,74,75,65,1.5,1.5,89,83,88,80,2.5,0.9,1.2,2.0
267273,Spain - La Liga,2015/2016,Las Palmas,Barcelona,1,2,16,12,529,609,1.352368527,2.6644066749999995,3,2,46.5,75,74,75,65,1.5,1.5,89,83,88,80,2.5,0.9,1.2,2.0
266490,Spain - La Liga,2015/2016,Barcelona,Levante UD,4,1,20,11,712,328,3.5303961160000004,0.720855246,5,0,68.5,89,83,88,80,2.5,0.9,75,74,75,65,1.5,1.5,2.0,1.2
266254,Spain - La Liga,2015/2016,Barcelona,Celta Vigo,6,1,20,10,579,335,4.176193578,1.3398894955,7,0,63.3,89,83,88,80,2.5,0.9,75,74,75,65,1.5,1.5,2.0,1.2
266557,Spain - La Liga,2015/2016,Barcelona,Valencia,1,2,22,7,686,300,2.2620162820000003,0.676189312,3,2,69.6,89,83,88,80,2.5,0.9,75,74,75,65,1.5,1.5,2.0,1.2
267183,Spain - La Liga,2014/2015,Barcelona,Real Madrid,2,1,17,13,532,489,2.349238262,0.9790656670000001,3,0,52.1,89,83,88,80,2.5,0.9,91,86,89,82,2.6,0.8,1.65,1.75
265835,Spain - La Liga,2014/2015,Barcelona,Sevilla,5,1,15,2,765,344,2.2136805529999997,0.09824461200000001,6,0,69.0,89,83,88,80,2.5,0.9,75,74,75,65,1.5,1.5,2.0,1.2
266838,Spain - La Liga,2014/2015,Málaga,Barcelona,0,0,6,10,286,634,0.255058597,0.783760598,0,1,31.1,75,74,75,65,1.5,1.5,89,83,88,80,2.5,0.9,1.2,2.0
265963,Spain - La Liga,2014/2015,Barcelona,Getafe,6,0,20,7,791,315,2.1479047880000004,0.4800129255,6,0,71.5,89,83,88,80,2.5,0.9,75,74,75,65,1.5,1.5,2.0,1.2
266117,Spain - La Liga,2014/2015,Barcelona,Granada,6,0,19,9,729,335,3.1111646520000003,0.6793938261000001,6,0,68.5,89,83,88,80,2.5,0.9,75,74,75,65,1.5,1.5,2.0,1.2
266916,Spain - La Liga,2014/2015,Barcelona,Rayo Vallecano,6,1,19,9,557,415,4.0881758677,1.1811074783999997,7,0,57.3,89,83,88,80,2.5,0.9,75,74,75,65,1.5,1.5,2.0,1.2
267197,Spain - La Liga,2014/2015,Barcelona,RC Deportivo La Coruña,2,2,16,10,945,279,1.9407823981,0.472329016,4,1,77.2,89,83,88,80,2.5,0.9,75,74,75,65,1.5,1.5,2.0,1.2
70264,Spain - La Liga,2014/2015,Getafe,Barcelona,0,0,4,23,263,806,0.076680108,1.6886388750000003,0,1,24.6,75,74,75,65,1.5,1.5,89,83,88,80,2.5,0.9,1.2,2.0
70273,Spain - La Liga,2014/2015,Barcelona,Athletic Club,2,0,15,4,727,465,2.151626019,0.273123439,2,0,61.0,89,83,88,80,2.5,0.9,75,74,75,65,1.5,1.5,2.0,1.2
267301,Spain - La Liga,2014/2015,Barcelona,Celta Vigo,0,1,19,10,616,314,1.8473528129999999,1.3748920519999999,1,2,66.2,89,83,88,80,2.5,0.9,75,74,75,65,1.5,1.5,2.0,1.2
265896,Spain - La Liga,2014/2015,Barcelona,Eibar,3,0,28,4,781,274,2.7667214735,0.71288787,3,0,74.0,89,83,88,80,2.5,0.9,75,74,75,65,1.5,1.5,2.0,1.2
265866,Spain - La Liga,2014/2015,Córdoba CF,Barcelona,0,8,6,27,284,785,0.516307724,4.787194378,8,2,26.6,75,74,75,65,1.5,1.5,89,83,88,80,2.5,0.9,1.2,2.0
267400,Spain - La Liga,2014/2015,Barcelona,Almería,4,0,17,6,691,291,1.835499977,0.369860214,4,0,70.4,89,83,88,80,2.5,0.9,75,74,75,65,1.5,1.5,2.0,1.2
266406,Spain - La Liga,2014/2015,Villarreal,Barcelona,0,1,10,22,286,774,0.7642444599999999,3.2187363624999996,1,2,27.0,75,74,75,65,1.5,1.5,89,83,88,80,2.5,0.9,1.2,2.0
267085,Spain - La Liga,2014/2015,Real Madrid,Barcelona,3,1,18,14,472,634,2.05932173,1.2234941679999998,4,0,42.7,91,86,89,82,2.6,0.8,89,83,88,80,2.5,0.9,1.75,1.65
267561,Spain - La Liga,2014/2015,Rayo Vallecano,Barcelona,0,2,11,17,366,533,0.7278851446,2.027728588,2,2,40.7,75,74,75,65,1.5,1.5,89,83,88,80,2.5,0.9,1.2,2.0
266148,Spain - La Liga,2014/2015,Barcelona,Málaga,0,1,10,11,706,271,0.7589968069999999,1.418556855,1,2,72.3,89,83,88,80,2.5,0.9,75,74,75,65,1.5,1.5,2.0,1.2
266045,Spain - La Liga,2014/2015,Barcelona,Real Sociedad,2,0,15,5,615,357,2.009301921,0.46092517200000005,2,0,63.3,89,83,88,80,2.5,0.9,75,74,75,65,1.5,1.5,2.0,1.2
70303,Spain - La Liga,2014/2015,Barcelona,Atlético Madrid,3,1,17,4,641,299,2.559458633,0.987519561,4,0,68.2,89,83,88,80,2.5,0.9,82,88,81,74,1.9,0.8,1.65,1.4
266240,Spain - La Liga,2014/2015,Real Sociedad,Barcelona,1,0,7,16,280,733,0.466792941,0.8505542747999999,1,0,27.6,75,74,75,65,1.5,1.5,89,83,88,80,2.5,0.9,1.2,2.0
267597,Spain - La Liga,2014/2015,Barcelona,Villarreal,3,2,18,10,743,340,2.943275805,1.0082872,5,0,68.6,89,83,88,80,2.5,0.9,75,74,75,65,1.5,1.5,2.0,1.2
266794,Spain - La Liga,2014/2015,Elche,Barcelona,0,6,6,11,302,720,0.224467544,2.736546126,6,2,29.5,75,74,75,65,1.5,1.5,89,83,88,80,2.5,0.9,1.2,2.0
267343,Spain - La Liga,2014/2015,Granada,Barcelona,1,3,10,16,277,511,1.238594014,3.1786858815000003,4,2,35.2,75,74,75,65,1.5,1.5,89,83,88,80,2.5,0.9,1.2,2.0
266631,Spain - La Liga,2014/2015,Atlético Madrid,Barcelona,0,1,9,14,251,746,0.5642704335,1.0896520097,1,2,25.2,82,88,81,74,1.9,0.8,89,83,88,80,2.5,0.9,1.4,1.65
266320,Spain - La Liga,2014/2015,Barcelona,Espanyol,5,1,15,3,907,263,1.498081796,0.21015399999999998,6,0,77.5,89,83,88,80,2.5,0.9,75,74,75,65,1.5,1.5,2.0,1.2
266230,Spain - La Liga,2014/2015,RC Deportivo La Coruña,Barcelona,0,4,6,15,359,738,0.558570028,1.8426594594,4,2,32.7,75,74,75,65,1.5,1.5,89,83,88,80,2.5,0.9,1.2,2.0
266525,Spain - La Liga,2014/2015,Barcelona,Valencia,2,0,11,12,703,341,2.169308954,1.830132627,2,0,67.3,89,83,88,80,2.5,0.9,75,74,75,65,1.5,1.5,2.0,1.2
266560,Spain - La Liga,2014/2015,Valencia,Barcelona,0,1,12,14,312,756,0.874281969,1.477502715,1,2,29.2,75,74,75,65,1.5,1.5,89,83,88,80,2.5,0.9,1.2,2.0
266846,Spain - La Liga,2014/2015,Barcelona,Córdoba CF,5,0,16,7,838,305,1.877282535,0.112072848,5,0,73.3,89,83,88,80,2.5,0.9,75,74,75,65,1.5,1.5,2.0,1.2
266531,Spain - La Liga,2014/2015,Espanyol,Barcelona,0,2,7,13,304,751,0.521416215,1.93153937,2,2,28.8,75,74,75,65,1.5,1.5,89,83,88,80,2.5,0.9,1.2,2.0
266921,Spain - La Liga,2014/2015,Barcelona,Elche,3,0,12,3,832,355,1.46928539,0.069523772,3,0,70.1,89,83,88,80,2.5,0.9,75,74,75,65,1.5,1.5,2.0,1.2
267499,Spain - La Liga,2014/2015,Almería,Barcelona,1,2,6,19,268,620,0.57051433,3.2018983233,3,2,30.2,75,74,75,65,1.5,1.5,89,83,88,80,2.5,0.9,1.2,2.0
266741,Spain - La Liga,2014/2015,Barcelona,Levante UD,5,0,19,5,798,266,3.3052436500000004,0.33712579499999995,5,0,75.0,89,83,88,80,2.5,0.9,75,74,75,65,1.5,1.5,2.0,1.2
266871,Spain - La Liga,2014/2015,Athletic Club,Barcelona,2,5,15,20,318,830,2.0184409490000004,3.3621708200000002,7,2,27.7,75,74,75,65,1.5,1.5,89,83,88,80,2.5,0.9,1.2,2.0
266967,Spain - La Liga,2014/2015,Eibar,Barcelona,0,2,12,11,348,760,0.4518743567,1.663644944,2,2,31.4,75,74,75,65,1.5,1.5,89,83,88,80,2.5,0.9,1.2,2.0
266929,Spain - La Liga,2014/2015,Celta Vigo,Barcelona,0,1,7,11,379,603,0.40382237000000004,1.1989736659999999,1,2,38.6,75,74,75,65,1.5,1.5,89,83,88,80,2.5,0.9,1.2,2.0
266770,Spain - La Liga,2014/2015,Levante UD,Barcelona,0,5,9,17,297,855,0.37438986,3.4690222059999996,5,2,25.8,75,74,75,65,1.5,1.5,89,83,88,80,2.5,0.9,1.2,2.0
266142,Spain - La Liga,2014/2015,Sevilla,Barcelona,2,2,11,17,337,764,0.971869069,1.3043587066,4,1,30.6,75,74,75,65,1.5,1.5,89,83,88,80,2.5,0.9,1.2,2.0
267368,Spain - La Liga,2013/2014,Barcelona,Real Betis,3,1,12,12,654,374,2.8820276604999995,0.46410929759999997,4,0,63.6,89,83,88,80,2.5,0.9,75,74,75,65,1.5,1.5,2.0,1.2
70301,Spain - La Liga,2013/2014,Barcelona,Sevilla,3,2,18,7,711,370,1.440317083,0.49234292869999996,5,0,65.8,89,83,88,80,2.5,0.9,75,74,75,65,1.5,1.5,2.0,1.2
70298,Spain - La Liga,2013/2014,Valencia,Barcelona,2,3,16,19,397,692,1.0941637866,3.1157925270000004,5,2,36.5,75,74,75,65,1.5,1.5,89,83,88,80,2.5,0.9,1.2,2.0
70302,Spain - La Liga,2013/2014,Rayo Vallecano,Barcelona,0,4,16,13,501,415,1.9135254879999999,2.273507781,4,2,54.7,75,74,75,65,1.5,1.5,89,83,88,80,2.5,0.9,1.2,2.0
70291,Spain - La Liga,2013/2014,Barcelona,Málaga,3,0,23,3,759,319,2.7209908054000005,0.20376702400000002,3,0,70.4,89,83,88,80,2.5,0.9,75,74,75,65,1.5,1.5,2.0,1.2
267138,Spain - La Liga,2013/2014,Granada,Barcelona,1,0,5,27,189,738,0.660571783,2.1301651965,1,0,20.4,75,74,75,65,1.5,1.5,89,83,88,80,2.5,0.9,1.2,2.0
267520,Spain - La Liga,2013/2014,Barcelona,Real Sociedad,4,1,24,9,840,344,4.348871408,1.2576660670000002,5,0,70.9,89,83,88,80,2.5,0.9,75,74,75,65,1.5,1.5,2.0,1.2
70289,Spain - La Liga,2013/2014,Villarreal,Barcelona,2,3,5,19,286,774,0.9289577870000001,1.252796799,5,2,27.0,75,74,75,65,1.5,1.5,89,83,88,80,2.5,0.9,1.2,2.0
266066,Spain - La Liga,2013/2014,Barcelona,Almería,4,1,29,6,801,282,2.7603857950000004,0.21127095999999998,5,0,74.0,89,83,88,80,2.5,0.9,75,74,75,65,1.5,1.5,2.0,1.2
267675,Spain - La Liga,2013/2014,Sevilla,Barcelona,1,4,14,8,412,681,1.4156663560000002,1.1985435400000002,5,2,37.7,75,74,75,65,1.5,1.5,89,83,88,80,2.5,0.9,1.2,2.0
70288,Spain - La Liga,2013/2014,Levante UD,Barcelona,1,1,7,16,275,740,0.305234351,1.068811227,2,1,27.1,75,74,75,65,1.5,1.5,89,83,88,80,2.5,0.9,1.2,2.0
266074,Spain - La Liga,2013/2014,Barcelona,Osasuna,7,0,20,6,778,349,2.997237424,0.790104973,7,0,69.0,89,83,88,80,2.5,0.9,75,74,75,65,1.5,1.5,2.0,1.2
267567,Spain - La Liga,2013/2014,Barcelona,Athletic Club,2,1,18,10,572,433,2.3344383119999996,0.9166856858,3,0,56.9,89,83,88,80,2.5,0.9,75,74,75,65,1.5,1.5,2.0,1.2
266201,Spain - La Liga,2013/2014,Elche,Barcelona,0,0,8,23,282,615,0.49367694149999997,1.4369175606999998,0,1,31.4,75,74,75,65,1.5,1.5,89,83,88,80,2.5,0.9,1.2,2.0
266274,Spain - La Liga,2013/2014,Barcelona,Celta Vigo,3,0,14,8,755,375,2.776759741,0.828296332,3,0,66.8,89,83,88,80,2.5,0.9,75,74,75,65,1.5,1.5,2.0,1.2
70293,Spain - La Liga,2013/2014,Barcelona,Real Madrid,2,1,13,11,554,457,0.705812779,1.18294991,3,0,54.8,89,83,88,80,2.5,0.9,91,86,89,82,2.6,0.8,1.65,1.75
265918,Spain - La Liga,2013/2014,Barcelona,Rayo Vallecano,6,0,20,9,651,471,2.2602226812,0.4742205809999999,6,0,58.0,89,83,88,80,2.5,0.9,75,74,75,65,1.5,1.5,2.0,1.2
70277,Spain - La Liga,2013/2014,Barcelona,Levante UD,7,0,23,4,778,227,4.791276099999999,0.233023427,7,0,77.4,89,83,88,80,2.5,0.9,75,74,75,65,1.5,1.5,2.0,1.2
70283,Spain - La Liga,2013/2014,Barcelona,Espanyol,1,0,19,8,762,286,1.9961636520000001,0.555102913,1,0,72.7,89,83,88,80,2.5,0.9,75,74,75,65,1.5,1.5,2.0,1.2
70306,Spain - La Liga,2013/2014,Espanyol,Barcelona,0,1,8,22,308,768,0.579850501,3.7414925799999996,1,2,28.6,75,74,75,65,1.5,1.5,89,83,88,80,2.5,0.9,1.2,2.0
266256,Spain - La Liga,2013/2014,Barcelona,Atlético Madrid,1,1,10,9,597,359,0.490608341,0.5015923649999999,2,1,62.4,89,83,88,80,2.5,0.9,82,88,81,74,1.9,0.8,1.65,1.4
266613,Spain - La Liga,2013/2014,Barcelona,Valencia,2,3,20,8,732,395,2.260432155,1.4833726440000001,5,2,65.0,89,83,88,80,2.5,0.9,75,74,75,65,1.5,1.5,2.0,1.2
266491,Spain - La Liga,2013/2014,Barcelona,Getafe,2,2,19,7,785,256,1.5502647890000003,0.573487709,4,1,75.4,89,83,88,80,2.5,0.9,75,74,75,65,1.5,1.5,2.0,1.2
265830,Spain - La Liga,2013/2014,Atlético Madrid,Barcelona,0,0,8,8,349,766,0.749189863,0.5244045700000001,0,1,31.3,82,88,81,74,1.9,0.8,89,83,88,80,2.5,0.9,1.4,1.65
265857,Spain - La Liga,2013/2014,Real Madrid,Barcelona,3,4,13,18,326,702,2.1966691230000004,2.529752326,7,2,31.7,91,86,89,82,2.6,0.8,89,83,88,80,2.5,0.9,1.75,1.65
266883,Spain - La Liga,2013/2014,Real Betis,Barcelona,1,4,16,11,450,575,2.052048534,2.5821450340000003,5,2,43.9,75,74,75,65,1.5,1.5,89,83,88,80,2.5,0.9,1.2,2.0
266603,Spain - La Liga,2013/2014,Real Valladolid,Barcelona,1,0,7,12,278,752,0.740171315,0.7965791210000001,1,0,27.0,75,74,75,65,1.5,1.5,89,83,88,80,2.5,0.9,1.2,2.0
265837,Spain - La Liga,2013/2014,Real Sociedad,Barcelona,3,1,13,10,344,629,1.3474443489999999,0.746313062,4,0,35.4,75,74,75,65,1.5,1.5,89,83,88,80,2.5,0.9,1.2,2.0
266462,Spain - La Liga,2013/2014,Osasuna,Barcelona,0,0,4,12,287,850,0.085759868,0.9317329799999999,0,1,25.2,75,74,75,65,1.5,1.5,89,83,88,80,2.5,0.9,1.2,2.0
267192,Spain - La Liga,2013/2014,Celta Vigo,Barcelona,0,3,11,21,445,652,0.5644488505,1.9375594809999999,3,2,40.6,75,74,75,65,1.5,1.5,89,83,88,80,2.5,0.9,1.2,2.0
266420,Spain - La Liga,2013/2014,Almería,Barcelona,0,2,5,16,333,789,0.1514962353,1.473015651,2,2,29.7,75,74,75,65,1.5,1.5,89,83,88,80,2.5,0.9,1.2,2.0
266015,Spain - La Liga,2012/2013,Real Valladolid,Barcelona,1,3,4,11,422,819,1.0010165175,1.721399073,4,2,34.0,75,74,75,65,1.5,1.5,89,83,88,80,2.5,0.9,1.2,2.0
70270,Spain - La Liga,2012/2013,Barcelona,Granada,2,0,19,7,803,281,2.402457111,0.769654021,2,0,74.1,89,83,88,80,2.5,0.9,75,74,75,65,1.5,1.5,2.0,1.2
70281,Spain - La Liga,2012/2013,Barcelona,Real Betis,4,2,18,5,801,354,3.0864469665,0.5706849300000001,6,0,69.4,89,83,88,80,2.5,0.9,75,74,75,65,1.5,1.5,2.0,1.2
70308,Spain - La Liga,2012/2013,Barcelona,Celta Vigo,3,1,12,11,929,407,2.065830205,1.2801964082000001,4,0,69.5,89,83,88,80,2.5,0.9,75,74,75,65,1.5,1.5,2.0,1.2
70282,Spain - La Liga,2012/2013,Valencia,Barcelona,1,1,17,10,407,761,1.1114537855,1.4163955864,2,1,34.8,75,74,75,65,1.5,1.5,89,83,88,80,2.5,0.9,1.2,2.0
266724,Spain - La Liga,2012/2013,Mallorca,Barcelona,2,4,6,12,295,915,1.607971434,0.602315889,6,2,24.4,75,74,75,65,1.5,1.5,89,83,88,80,2.5,0.9,1.2,2.0
70272,Spain - La Liga,2012/2013,Real Madrid,Barcelona,2,1,14,5,294,773,1.3139708880000003,0.34399824170000004,3,0,27.6,91,86,89,82,2.6,0.8,89,83,88,80,2.5,0.9,1.75,1.65
70304,Spain - La Liga,2012/2013,RC Deportivo La Coruña,Barcelona,4,5,12,10,392,800,1.4033799089999999,1.4175584989999999,9,2,32.9,75,74,75,65,1.5,1.5,89,83,88,80,2.5,0.9,1.2,2.0
70280,Spain - La Liga,2012/2013,Levante UD,Barcelona,0,4,13,13,240,1085,2.590621951,1.19669796,4,2,18.1,75,74,75,65,1.5,1.5,89,83,88,80,2.5,0.9,1.2,2.0
70296,Spain - La Liga,2012/2013,Barcelona,Atlético Madrid,4,1,9,8,897,303,0.900552566,0.774597458,5,0,74.8,89,83,88,80,2.5,0.9,82,88,81,74,1.9,0.8,1.65,1.4
70297,Spain - La Liga,2012/2013,Barcelona,Getafe,6,1,16,6,913,321,4.176973335,0.45915772199999993,7,0,74.0,89,83,88,80,2.5,0.9,75,74,75,65,1.5,1.5,2.0,1.2
266433,Spain - La Liga,2012/2013,Barcelona,Espanyol,4,0,19,5,974,291,3.1836473959999996,0.796048451,4,0,77.0,89,83,88,80,2.5,0.9,75,74,75,65,1.5,1.5,2.0,1.2
70256,Spain - La Liga,2012/2013,Celta Vigo,Barcelona,2,2,7,6,301,691,1.091393276,0.385957129,4,1,30.3,75,74,75,65,1.5,1.5,89,83,88,80,2.5,0.9,1.2,2.0
70259,Spain - La Liga,2012/2013,Barcelona,Real Sociedad,5,1,18,6,826,326,1.528663496,0.6209243857,6,0,71.7,89,83,88,80,2.5,0.9,75,74,75,65,1.5,1.5,2.0,1.2
70260,Spain - La Liga,2012/2013,Barcelona,Osasuna,5,1,19,3,886,279,3.2824488636,0.225478541,6,0,76.1,89,83,88,80,2.5,0.9,75,74,75,65,1.5,1.5,2.0,1.2
70263,Spain - La Liga,2012/2013,Barcelona,Athletic Club,5,1,16,6,707,558,2.558066808,0.601128423,6,0,55.9,89,83,88,80,2.5,0.9,75,74,75,65,1.5,1.5,2.0,1.2
70276,Spain - La Liga,2012/2013,Rayo Vallecano,Barcelona,0,5,18,16,416,563,0.6753004222999999,2.508710313,5,2,42.5,75,74,75,65,1.5,1.5,89,83,88,80,2.5,0.9,1.2,2.0
70287,Spain - La Liga,2012/2013,Real Sociedad,Barcelona,3,2,14,8,343,753,0.992213392,1.1545138259999999,5,0,31.3,75,74,75,65,1.5,1.5,89,83,88,80,2.5,0.9,1.2,2.0
70284,Spain - La Liga,2012/2013,Atlético Madrid,Barcelona,1,2,12,11,493,684,0.981889273,0.6208054304999999,3,2,41.9,82,88,81,74,1.9,0.8,89,83,88,80,2.5,0.9,1.4,1.65
70275,Spain - La Liga,2012/2013,Sevilla,Barcelona,2,3,8,15,303,736,0.6319048593000001,1.386089259,5,2,29.2,75,74,75,65,1.5,1.5,89,83,88,80,2.5,0.9,1.2,2.0
70286,Spain - La Liga,2012/2013,Barcelona,Valencia,1,0,17,8,782,394,1.1902679767,0.46166302699999995,1,0,66.5,89,83,88,80,2.5,0.9,75,74,75,65,1.5,1.5,2.0,1.2
70309,Spain - La Liga,2012/2013,Barcelona,Real Zaragoza,3,1,8,12,826,443,0.696076781,0.7739885769999999,4,0,65.1,89,83,88,80,2.5,0.9,75,74,75,65,1.5,1.5,2.0,1.2
70300,Spain - La Liga,2012/2013,Barcelona,Real Madrid,2,2,10,9,729,330,1.0834430290000001,0.9278927620000001,4,1,68.8,89,83,88,80,2.5,0.9,91,86,89,82,2.6,0.8,1.65,1.75
70295,Spain - La Liga,2012/2013,Real Betis,Barcelona,1,2,10,13,394,703,0.8671241519999999,1.501497805,3,2,35.9,75,74,75,65,1.5,1.5,89,83,88,80,2.5,0.9,1.2,2.0
70307,Spain - La Liga,2012/2013,Barcelona,Rayo Vallecano,3,1,19,16,566,509,2.5773035170000003,1.210816336,4,0,52.7,89,83,88,80,2.5,0.9,75,74,75,65,1.5,1.5,2.0,1.2
70305,Spain - La Liga,2012/2013,Barcelona,RC Deportivo La Coruña,2,0,12,4,925,372,1.414600508,0.068063133,2,0,71.3,89,83,88,80,2.5,0.9,75,74,75,65,1.5,1.5,2.0,1.2
266827,Spain - La Liga,2012/2013,Málaga,Barcelona,1,3,7,12,477,813,0.33057274000000003,1.5350079960000003,4,2,37.0,75,74,75,65,1.5,1.5,89,83,88,80,2.5,0.9,1.2,2.0
267502,Spain - La Liga,2012/2013,Athletic Club,Barcelona,2,2,7,15,473,634,1.385242981,1.143883665,4,1,42.7,75,74,75,65,1.5,1.5,89,83,88,80,2.5,0.9,1.2,2.0
70271,Spain - La Liga,2012/2013,Barcelona,Sevilla,2,1,17,6,814,410,1.1500272420000002,0.596480762,3,0,66.5,89,83,88,80,2.5,0.9,75,74,75,65,1.5,1.5,2.0,1.2
70294,Spain - La Liga,2012/2013,Granada,Barcelona,1,2,7,18,302,794,1.4433591550000002,2.09170868,3,2,27.6,75,74,75,65,1.5,1.5,89,83,88,80,2.5,0.9,1.2,2.0
70262,Spain - La Liga,2012/2013,Osasuna,Barcelona,1,2,15,15,307,635,1.333632508,1.727265434,3,2,32.6,75,74,75,65,1.5,1.5,89,83,88,80,2.5,0.9,1.2,2.0
70292,Spain - La Liga,2012/2013,Getafe,Barcelona,1,4,5,14,356,719,0.257697372,2.931471936,5,2,33.1,75,74,75,65,1.5,1.5,89,83,88,80,2.5,0.9,1.2,2.0
69328,Spain - La Liga,2011/2012,Barcelona,Valencia,5,1,30,3,669,411,4.189456767,0.308409455,6,0,61.9,89,83,88,80,2.5,0.9,75,74,75,65,1.5,1.5,2.0,1.2
69329,Spain - La Liga,2011/2012,Barcelona,Sevilla,0,0,20,5,838,310,1.8532108654000001,0.1847627184,0,1,73.0,89,83,88,80,2.5,0.9,75,74,75,65,1.5,1.5,2.0,1.2
70219,Spain - La Liga,2011/2012,Real Zaragoza,Barcelona,1,4,12,15,223,675,1.7091791099999996,3.061156654,5,2,24.8,75,74,75,65,1.5,1.5,89,83,88,80,2.5,0.9,1.2,2.0
69331,Spain - La Liga,2011/2012,Barcelona,Real Zaragoza,4,0,27,3,682,323,4.059423317,0.15116597,4,0,67.9,89,83,88,80,2.5,0.9,75,74,75,65,1.5,1.5,2.0,1.2
69337,Spain - La Liga,2011/2012,Atlético Madrid,Barcelona,1,2,13,8,295,760,1.236389332,0.915748617,3,2,28.0,82,88,81,74,1.9,0.8,89,83,88,80,2.5,0.9,1.4,1.65
69322,Spain - La Liga,2011/2012,Racing Santander,Barcelona,0,2,1,22,313,828,0.073915035,3.185777172,2,2,27.4,75,74,75,65,1.5,1.5,89,83,88,80,2.5,0.9,1.2,2.0
69316,Spain - La Liga,2011/2012,Barcelona,Real Sociedad,2,1,19,8,805,353,2.465472692,1.073868874,3,0,69.5,89,83,88,80,2.5,0.9,75,74,75,65,1.5,1.5,2.0,1.2
69332,Spain - La Liga,2011/2012,Barcelona,Rayo Vallecano,4,0,13,9,560,368,1.4656718159999997,0.6127784660000001,4,0,60.3,89,83,88,80,2.5,0.9,75,74,75,65,1.5,1.5,2.0,1.2
69335,Spain - La Liga,2011/2012,Málaga,Barcelona,1,4,9,15,338,918,1.1209604720000002,2.16745652,5,2,26.9,75,74,75,65,1.5,1.5,89,83,88,80,2.5,0.9,1.2,2.0
69330,Spain - La Liga,2011/2012,Athletic Club,Barcelona,2,2,3,16,368,619,0.412093375,1.2362455790000002,4,1,37.3,75,74,75,65,1.5,1.5,89,83,88,80,2.5,0.9,1.2,2.0
69297,Spain - La Liga,2011/2012,Barcelona,Atlético Madrid,5,0,17,6,868,410,2.423507444,0.595805147,5,0,67.9,89,83,88,80,2.5,0.9,82,88,81,74,1.9,0.8,1.65,1.4
69325,Spain - La Liga,2011/2012,Mallorca,Barcelona,0,2,9,16,393,628,0.72423273,1.2655460948,2,2,38.5,75,74,75,65,1.5,1.5,89,83,88,80,2.5,0.9,1.2,2.0
69324,Spain - La Liga,2011/2012,Barcelona,Real Madrid,1,2,14,14,688,274,2.1092971036,1.6111514630000001,3,2,71.5,89,83,88,80,2.5,0.9,91,86,89,82,2.6,0.8,1.65,1.75
70225,Spain - La Liga,2011/2012,Barcelona,Granada,5,3,18,6,831,298,1.3039136655,1.8428348190000001,8,0,73.6,89,83,88,80,2.5,0.9,75,74,75,65,1.5,1.5,2.0,1.2
69293,Spain - La Liga,2011/2012,Barcelona,Racing Santander,3,0,18,3,1027,227,2.3594113975,0.132302991,3,0,81.9,89,83,88,80,2.5,0.9,75,74,75,65,1.5,1.5,2.0,1.2
70223,Spain - La Liga,2011/2012,Valencia,Barcelona,2,2,8,10,403,663,1.3501334195,0.8937922315,4,1,37.8,75,74,75,65,1.5,1.5,89,83,88,80,2.5,0.9,1.2,2.0
69333,Spain - La Liga,2011/2012,Barcelona,Levante UD,5,0,18,5,790,294,3.023053397,0.375997964,5,0,72.9,89,83,88,80,2.5,0.9,75,74,75,65,1.5,1.5,2.0,1.2
69264,Spain - La Liga,2011/2012,Real Sociedad,Barcelona,2,2,10,13,319,882,1.679209067,2.3139245449999994,4,1,26.6,75,74,75,65,1.5,1.5,89,83,88,80,2.5,0.9,1.2,2.0
69343,Spain - La Liga,2011/2012,Barcelona,Getafe,4,0,15,3,834,272,2.898533296,0.072995796,4,0,75.4,89,83,88,80,2.5,0.9,75,74,75,65,1.5,1.5,2.0,1.2
69340,Spain - La Liga,2011/2012,Barcelona,Málaga,4,1,11,11,752,396,3.036649463,0.8631491649999999,5,0,65.5,89,83,88,80,2.5,0.9,75,74,75,65,1.5,1.5,2.0,1.2
69265,Spain - La Liga,2011/2012,Sporting Gijón,Barcelona,0,1,6,13,275,914,0.23244394499999999,0.726512716,1,2,23.1,75,74,75,65,1.5,1.5,89,83,88,80,2.5,0.9,1.2,2.0
69319,Spain - La Liga,2011/2012,Real Betis,Barcelona,2,2,5,11,458,673,0.8142602200000001,0.579132964,4,1,40.5,75,74,75,65,1.5,1.5,89,83,88,80,2.5,0.9,1.2,2.0
69334,Spain - La Liga,2011/2012,Real Madrid,Barcelona,1,3,17,11,418,653,1.3225422304999999,0.91523603,4,2,39.0,91,86,89,82,2.6,0.8,89,83,88,80,2.5,0.9,1.75,1.65
69327,Spain - La Liga,2011/2012,Barcelona,Real Betis,4,2,15,10,765,380,3.119300428,1.3650714533000001,6,0,66.8,89,83,88,80,2.5,0.9,75,74,75,65,1.5,1.5,2.0,1.2
69315,Spain - La Liga,2011/2012,Getafe,Barcelona,1,0,7,20,289,753,0.37649745399999995,1.4618213269999998,1,0,27.7,75,74,75,65,1.5,1.5,89,83,88,80,2.5,0.9,1.2,2.0
69336,Spain - La Liga,2011/2012,Osasuna,Barcelona,3,2,7,19,308,660,1.1041286430000001,1.6810126063999995,5,0,31.8,75,74,75,65,1.5,1.5,89,83,88,80,2.5,0.9,1.2,2.0
69326,Spain - La Liga,2011/2012,Sevilla,Barcelona,0,2,10,17,476,685,1.257062864,2.6763153417,2,2,41.0,75,74,75,65,1.5,1.5,89,83,88,80,2.5,0.9,1.2,2.0
69268,Spain - La Liga,2011/2012,Barcelona,Villarreal,5,0,18,4,878,294,3.1089394917,0.0938354975,5,0,74.9,89,83,88,80,2.5,0.9,75,74,75,65,1.5,1.5,2.0,1.2
69320,Spain - La Liga,2011/2012,Barcelona,Espanyol,4,0,14,10,687,391,2.424276043,0.282491024,4,0,63.7,89,83,88,80,2.5,0.9,75,74,75,65,1.5,1.5,2.0,1.2
69312,Spain - La Liga,2011/2012,Espanyol,Barcelona,1,1,15,10,420,671,1.683006154,0.859295808,2,1,38.5,75,74,75,65,1.5,1.5,89,83,88,80,2.5,0.9,1.2,2.0
69314,Spain - La Liga,2011/2012,Barcelona,Mallorca,5,0,20,3,766,344,3.2582178590000006,0.317498201,5,0,69.0,89,83,88,80,2.5,0.9,75,74,75,65,1.5,1.5,2.0,1.2
69318,Spain - La Liga,2011/2012,Granada,Barcelona,0,1,2,17,314,854,0.035558533,1.3548687805,1,2,26.9,75,74,75,65,1.5,1.5,89,83,88,80,2.5,0.9,1.2,2.0
69338,Spain - La Liga,2011/2012,Villarreal,Barcelona,0,0,5,11,354,684,0.295726319,1.408672244,0,1,34.1,75,74,75,65,1.5,1.5,89,83,88,80,2.5,0.9,1.2,2.0
70220,Spain - La Liga,2011/2012,Barcelona,Osasuna,8,0,18,6,889,215,3.9608418860000003,0.28387514199999997,8,0,80.5,89,83,88,80,2.5,0.9,75,74,75,65,1.5,1.5,2.0,1.2
70224,Spain - La Liga,2011/2012,Rayo Vallecano,Barcelona,0,7,10,18,242,690,0.769209915,2.840586843,7,2,26.0,75,74,75,65,1.5,1.5,89,83,88,80,2.5,0.9,1.2,2.0
70221,Spain - La Liga,2011/2012,Levante UD,Barcelona,1,2,6,17,300,779,1.0451749552999998,2.553052982,3,2,27.8,75,74,75,65,1.5,1.5,89,83,88,80,2.5,0.9,1.2,2.0
69323,Spain - La Liga,2011/2012,Barcelona,Athletic Club,2,0,20,5,605,507,2.2911580689999997,0.363826272,2,0,54.4,89,83,88,80,2.5,0.9,75,74,75,65,1.5,1.5,2.0,1.2
69276,Spain - La Liga,2010/2011,Barcelona,Atlético Madrid,3,0,16,8,835,361,2.220981674,0.994467002,3,0,69.8,89,83,88,80,2.5,0.9,82,88,81,74,1.9,0.8,1.65,1.4
69304,Spain - La Liga,2010/2011,Villarreal,Barcelona,0,1,7,10,366,813,0.6675511159999999,0.84571137,1,2,31.0,75,74,75,65,1.5,1.5,89,83,88,80,2.5,0.9,1.2,2.0
69307,Spain - La Liga,2010/2011,Osasuna,Barcelona,0,3,4,14,306,809,0.17385041,2.653970973,3,2,27.4,75,74,75,65,1.5,1.5,89,83,88,80,2.5,0.9,1.2,2.0
69271,Spain - La Liga,2010/2011,Barcelona,Osasuna,2,0,11,12,708,314,0.7660711109999999,1.032660479,2,0,69.3,89,83,88,80,2.5,0.9,75,74,75,65,1.5,1.5,2.0,1.2
69305,Spain - La Liga,2010/2011,Barcelona,Almería,3,1,19,4,774,297,2.418619132,0.39425972600000003,4,0,72.3,89,83,88,80,2.5,0.9,75,74,75,65,1.5,1.5,2.0,1.2
69278,Spain - La Liga,2010/2011,Barcelona,Málaga,4,1,12,4,835,347,2.025483842,0.21389051199999998,5,0,70.6,89,83,88,80,2.5,0.9,75,74,75,65,1.5,1.5,2.0,1.2
69275,Spain - La Liga,2010/2011,Espanyol,Barcelona,1,5,7,21,429,563,0.5941650566,2.901456803,6,2,43.2,75,74,75,65,1.5,1.5,89,83,88,80,2.5,0.9,1.2,2.0
69295,Spain - La Liga,2010/2011,Barcelona,Racing Santander,3,0,13,8,920,348,3.403726104,0.3711463886,3,0,72.6,89,83,88,80,2.5,0.9,75,74,75,65,1.5,1.5,2.0,1.2
69270,Spain - La Liga,2010/2011,Getafe,Barcelona,1,3,12,15,368,709,1.652830117,2.8406096940000003,4,2,34.2,75,74,75,65,1.5,1.5,89,83,88,80,2.5,0.9,1.2,2.0
69303,Spain - La Liga,2010/2011,Barcelona,Getafe,2,1,14,8,774,365,0.9867787780000001,0.6132626414,3,0,68.0,89,83,88,80,2.5,0.9,75,74,75,65,1.5,1.5,2.0,1.2
69245,Spain - La Liga,2010/2011,Real Madrid,Barcelona,1,1,13,10,259,814,1.7108757860000001,1.484844186,2,1,24.1,91,86,89,82,2.6,0.8,89,83,88,80,2.5,0.9,1.75,1.65
69287,Spain - La Liga,2010/2011,Barcelona,Hércules,0,2,16,9,797,270,1.5802332407,1.769001896,2,2,74.7,89,83,88,80,2.5,0.9,75,74,75,65,1.5,1.5,2.0,1.2
69296,Spain - La Liga,2010/2011,Hércules,Barcelona,0,3,4,19,332,869,0.365985,2.1137074944,3,2,27.6,75,74,75,65,1.5,1.5,89,83,88,80,2.5,0.9,1.2,2.0
69260,Spain - La Liga,2010/2011,Barcelona,Valencia,2,1,13,6,542,459,1.8046866210000003,0.5027982639999999,3,0,54.1,89,83,88,80,2.5,0.9,75,74,75,65,1.5,1.5,2.0,1.2
69269,Spain - La Liga,2010/2011,Atlético Madrid,Barcelona,1,2,7,17,334,662,0.42560873800000004,1.921729607,3,2,33.5,82,88,81,74,1.9,0.8,89,83,88,80,2.5,0.9,1.4,1.65
69246,Spain - La Liga,2010/2011,Real Sociedad,Barcelona,2,1,8,11,215,827,1.7078907989999998,1.1263526359999998,3,0,20.6,75,74,75,65,1.5,1.5,89,83,88,80,2.5,0.9,1.2,2.0
69302,Spain - La Liga,2010/2011,Barcelona,Real Sociedad,5,0,22,2,988,318,2.2817274083999997,0.069483025,5,0,75.7,89,83,88,80,2.5,0.9,75,74,75,65,1.5,1.5,2.0,1.2
69282,Spain - La Liga,2010/2011,Barcelona,Athletic Club,2,1,21,4,883,262,1.912308348,1.129111951,3,0,77.1,89,83,88,80,2.5,0.9,75,74,75,65,1.5,1.5,2.0,1.2
69274,Spain - La Liga,2010/2011,Valencia,Barcelona,0,1,7,18,459,580,0.2034624377,2.2556148654999997,1,2,44.2,75,74,75,65,1.5,1.5,89,83,88,80,2.5,0.9,1.2,2.0
69283,Spain - La Liga,2010/2011,Mallorca,Barcelona,0,3,8,8,306,892,0.418149676,1.8286105584999999,3,2,25.5,75,74,75,65,1.5,1.5,89,83,88,80,2.5,0.9,1.2,2.0
69280,Spain - La Liga,2010/2011,RC Deportivo La Coruña,Barcelona,0,4,7,7,330,854,0.741749826,0.9275416154,4,2,27.9,75,74,75,65,1.5,1.5,89,83,88,80,2.5,0.9,1.2,2.0
69286,Spain - La Liga,2010/2011,Racing Santander,Barcelona,0,3,11,9,419,672,1.1070344914999999,0.809799873,3,2,38.4,75,74,75,65,1.5,1.5,89,83,88,80,2.5,0.9,1.2,2.0
69291,Spain - La Liga,2010/2011,Sevilla,Barcelona,1,1,12,13,307,852,1.2697697887,1.9244720699999998,2,1,26.5,75,74,75,65,1.5,1.5,89,83,88,80,2.5,0.9,1.2,2.0
69236,Spain - La Liga,2010/2011,Barcelona,Mallorca,1,1,25,10,670,246,1.574112651,0.49411941490000005,2,1,73.1,89,83,88,80,2.5,0.9,75,74,75,65,1.5,1.5,2.0,1.2
69234,Spain - La Liga,2010/2011,Barcelona,Espanyol,2,0,14,7,819,368,1.1684376129999998,0.5859650224,2,0,69.0,89,83,88,80,2.5,0.9,75,74,75,65,1.5,1.5,2.0,1.2
69272,Spain - La Liga,2010/2011,Levante UD,Barcelona,1,1,8,10,245,1090,1.039566384,0.8586786445000001,2,1,18.4,75,74,75,65,1.5,1.5,89,83,88,80,2.5,0.9,1.2,2.0
69308,Spain - La Liga,2010/2011,Barcelona,Villarreal,3,1,14,9,689,382,1.913008358,1.021135349,4,0,64.3,89,83,88,80,2.5,0.9,75,74,75,65,1.5,1.5,2.0,1.2
69299,Spain - La Liga,2010/2011,Barcelona,Real Madrid,5,0,14,5,723,371,2.7716180460000004,0.125776757,5,0,66.1,89,83,88,80,2.5,0.9,91,86,89,82,2.6,0.8,1.65,1.75
69300,Spain - La Liga,2010/2011,Barcelona,Real Zaragoza,1,0,25,3,954,223,1.933051066,0.49469792999999995,1,0,81.1,89,83,88,80,2.5,0.9,75,74,75,65,1.5,1.5,2.0,1.2
69289,Spain - La Liga,2010/2011,Barcelona,Sevilla,5,0,17,3,695,294,1.3300635560000003,0.132892864,5,0,70.3,89,83,88,80,2.5,0.9,75,74,75,65,1.5,1.5,2.0,1.2
69263,Spain - La Liga,2010/2011,Real Zaragoza,Barcelona,0,2,5,18,265,762,0.38900234329999994,2.1497437400000003,2,2,25.8,75,74,75,65,1.5,1.5,89,83,88,80,2.5,0.9,1.2,2.0
69306,Spain - La Liga,2010/2011,Almería,Barcelona,0,8,9,20,294,873,0.2877235667,3.615712387,8,2,25.2,75,74,75,65,1.5,1.5,89,83,88,80,2.5,0.9,1.2,2.0
69248,Spain - La Liga,2010/2011,Sporting Gijón,Barcelona,1,1,7,15,215,818,0.288279544,1.1906876969999998,2,1,20.8,75,74,75,65,1.5,1.5,89,83,88,80,2.5,0.9,1.2,2.0
69243,Spain - La Liga,2009/2010,Barcelona,Sevilla,4,0,26,5,717,292,2.902867586,0.285728352,4,0,71.1,89,83,88,80,2.5,0.9,75,74,75,65,1.5,1.5,2.0,1.2
69241,Spain - La Liga,2009/2010,Barcelona,Tenerife,4,1,20,4,883,230,2.6866204297999996,0.5361858660000001,5,0,79.3,89,83,88,80,2.5,0.9,75,74,75,65,1.5,1.5,2.0,1.2
69239,Spain - La Liga,2009/2010,Sevilla,Barcelona,2,3,7,18,352,662,1.0799161910000001,2.6064689739999998,5,2,34.7,75,74,75,65,1.5,1.5,89,83,88,80,2.5,0.9,1.2,2.0
69257,Spain - La Liga,2009/2010,Barcelona,Osasuna,2,0,15,3,679,328,1.7622809470000003,0.36670152,2,0,67.4,89,83,88,80,2.5,0.9,75,74,75,65,1.5,1.5,2.0,1.2
69253,Spain - La Liga,2009/2010,Barcelona,Real Zaragoza,6,1,17,7,897,286,2.9383086653,0.9968280810000001,7,0,75.8,89,83,88,80,2.5,0.9,75,74,75,65,1.5,1.5,2.0,1.2
69244,Spain - La Liga,2009/2010,Villarreal,Barcelona,1,4,7,13,418,714,0.8409868739999999,1.4935655769999998,5,2,36.9,75,74,75,65,1.5,1.5,89,83,88,80,2.5,0.9,1.2,2.0
69277,Spain - La Liga,2009/2010,Osasuna,Barcelona,1,1,8,15,296,668,0.7067322583,1.6440628389999998,2,1,30.7,75,74,75,65,1.5,1.5,89,83,88,80,2.5,0.9,1.2,2.0
69229,Spain - La Liga,2009/2010,Getafe,Barcelona,0,2,19,14,444,575,0.7051610544000001,1.9722404173,2,2,43.6,75,74,75,65,1.5,1.5,89,83,88,80,2.5,0.9,1.2,2.0
69219,Spain - La Liga,2009/2010,Tenerife,Barcelona,0,5,13,17,334,606,1.2104394476,2.9177084959999995,5,2,35.5,75,74,75,65,1.5,1.5,89,83,88,80,2.5,0.9,1.2,2.0
69218,Spain - La Liga,2009/2010,RC Deportivo La Coruña,Barcelona,1,3,4,19,302,723,0.334023571,1.4821747169999997,4,2,29.5,75,74,75,65,1.5,1.5,89,83,88,80,2.5,0.9,1.2,2.0
69250,Spain - La Liga,2009/2010,Barcelona,Mallorca,4,2,16,10,621,297,3.168500376,1.310353434,6,0,67.6,89,83,88,80,2.5,0.9,75,74,75,65,1.5,1.5,2.0,1.2
69242,Spain - La Liga,2009/2010,Barcelona,Real Valladolid,4,0,14,8,658,295,2.0078813994,0.7852011158000001,4,0,69.0,89,83,88,80,2.5,0.9,75,74,75,65,1.5,1.5,2.0,1.2
69256,Spain - La Liga,2009/2010,Barcelona,Almería,1,0,16,1,736,304,1.2283828107,0.06754636,1,0,70.8,89,83,88,80,2.5,0.9,75,74,75,65,1.5,1.5,2.0,1.2
69298,Spain - La Liga,2009/2010,Mallorca,Barcelona,0,1,11,7,329,651,0.6028844404,1.193850088,1,2,33.6,75,74,75,65,1.5,1.5,89,83,88,80,2.5,0.9,1.2,2.0
69259,Spain - La Liga,2009/2010,Real Madrid,Barcelona,0,2,17,7,445,554,1.534167847,0.6642412520000001,2,2,44.5,91,86,89,82,2.6,0.8,89,83,88,80,2.5,0.9,1.75,1.65
69224,Spain - La Liga,2009/2010,Barcelona,Valencia,3,0,21,7,578,402,2.1546454959999997,0.729631615,3,0,59.0,89,83,88,80,2.5,0.9,75,74,75,65,1.5,1.5,2.0,1.2
69210,Spain - La Liga,2009/2010,Real Valladolid,Barcelona,0,3,12,14,365,694,0.6993700151000001,1.0824961499999999,3,2,34.5,75,74,75,65,1.5,1.5,89,83,88,80,2.5,0.9,1.2,2.0
69220,Spain - La Liga,2009/2010,Sporting Gijón,Barcelona,0,1,5,21,299,757,0.4199416174,1.850925545,1,2,28.3,75,74,75,65,1.5,1.5,89,83,88,80,2.5,0.9,1.2,2.0
69237,Spain - La Liga,2009/2010,Atlético Madrid,Barcelona,2,1,13,13,357,624,0.9237893100000001,1.0258514970000001,3,0,36.4,82,88,81,74,1.9,0.8,89,83,88,80,2.5,0.9,1.4,1.65
69226,Spain - La Liga,2009/2010,Almería,Barcelona,2,2,7,22,306,707,0.3535201799999999,2.0785055335,4,1,30.2,75,74,75,65,1.5,1.5,89,83,88,80,2.5,0.9,1.2,2.0
69252,Spain - La Liga,2009/2010,Valencia,Barcelona,0,0,12,13,409,598,1.2361267015000001,0.7507530720000001,0,1,40.6,75,74,75,65,1.5,1.5,89,83,88,80,2.5,0.9,1.2,2.0
69255,Spain - La Liga,2009/2010,Málaga,Barcelona,0,2,3,11,284,632,0.046625941000000004,1.7308649133,2,2,31.0,75,74,75,65,1.5,1.5,89,83,88,80,2.5,0.9,1.2,2.0
69214,Spain - La Liga,2009/2010,Barcelona,Xerez,3,1,13,8,684,273,1.864003513,0.798439125,4,0,71.5,89,83,88,80,2.5,0.9,75,74,75,65,1.5,1.5,2.0,1.2
69262,Spain - La Liga,2009/2010,Barcelona,Real Madrid,1,0,8,16,628,401,0.706056264,1.291470018,1,0,61.0,89,83,88,80,2.5,0.9,91,86,89,82,2.6,0.8,1.65,1.75
69240,Spain - La Liga,2009/2010,Barcelona,Getafe,2,1,16,15,499,524,1.622703555,1.7982414402,3,0,48.8,89,83,88,80,2.5,0.9,75,74,75,65,1.5,1.5,2.0,1.2
69233,Spain - La Liga,2009/2010,Barcelona,Racing Santander,4,0,16,5,681,360,0.914655786,0.687570684,4,0,65.4,89,83,88,80,2.5,0.9,75,74,75,65,1.5,1.5,2.0,1.2
69213,Spain - La Liga,2009/2010,Espanyol,Barcelona,0,0,10,4,317,595,0.7535398449999999,0.152415776,0,1,34.8,75,74,75,65,1.5,1.5,89,83,88,80,2.5,0.9,1.2,2.0
69238,Spain - La Liga,2009/2010,Barcelona,Málaga,2,1,22,5,736,278,2.8730451880000003,0.31912759960000003,3,0,72.6,89,83,88,80,2.5,0.9,75,74,75,65,1.5,1.5,2.0,1.2
69267,Spain - La Liga,2009/2010,Xerez,Barcelona,0,2,7,12,288,659,0.3534279286,1.895239831,2,2,30.4,75,74,75,65,1.5,1.5,89,83,88,80,2.5,0.9,1.2,2.0
69288,Spain - La Liga,2009/2010,Athletic Club,Barcelona,1,1,8,13,337,596,0.5372915977999999,1.473528282,2,1,36.1,75,74,75,65,1.5,1.5,89,83,88,80,2.5,0.9,1.2,2.0
69254,Spain - La Liga,2009/2010,Racing Santander,Barcelona,1,4,5,21,298,820,0.266264062,1.4150605411000001,5,2,26.7,75,74,75,65,1.5,1.5,89,83,88,80,2.5,0.9,1.2,2.0
69292,Spain - La Liga,2009/2010,Barcelona,Atlético Madrid,5,2,8,13,604,461,1.4790148429999999,1.2267811914999998,7,0,56.7,89,83,88,80,2.5,0.9,82,88,81,74,1.9,0.8,1.65,1.4
69227,Spain - La Liga,2009/2010,Real Zaragoza,Barcelona,2,4,11,17,371,534,0.8850877028999999,2.788910399,6,2,41.0,75,74,75,65,1.5,1.5,89,83,88,80,2.5,0.9,1.2,2.0
69247,Spain - La Liga,2009/2010,Barcelona,Athletic Club,4,1,16,15,682,369,2.624805751,1.922703545,5,0,64.9,89,83,88,80,2.5,0.9,75,74,75,65,1.5,1.5,2.0,1.2
69221,Spain - La Liga,2009/2010,Barcelona,RC Deportivo La Coruña,3,0,22,5,843,299,2.5092256115000002,0.1176270922,3,0,73.8,89,83,88,80,2.5,0.9,75,74,75,65,1.5,1.5,2.0,1.2
69225,Spain - La Liga,2008/2009,Barcelona,Real Madrid,2,0,21,6,585,310,2.671286711,0.46858146999999994,2,0,65.4,89,83,88,80,2.5,0.9,91,86,89,82,2.6,0.8,1.65,1.75
69212,Spain - La Liga,2008/2009,Barcelona,Atlético Madrid,6,1,18,7,594,426,3.264155894,0.21717045890000003,7,0,58.2,89,83,88,80,2.5,0.9,82,88,81,74,1.9,0.8,1.65,1.4
69235,Spain - La Liga,2008/2009,Málaga,Barcelona,1,4,5,13,299,377,0.6207592412,0.6359908192,5,2,44.2,75,74,75,65,1.5,1.5,89,83,88,80,2.5,0.9,1.2,2.0
69232,Spain - La Liga,2008/2009,Barcelona,Almería,5,0,13,6,649,329,2.7149880454,0.289170629,5,0,66.4,89,83,88,80,2.5,0.9,75,74,75,65,1.5,1.5,2.0,1.2
69216,Spain - La Liga,2008/2009,Barcelona,Athletic Club,2,0,28,6,619,317,4.121794036,0.767680165,2,0,66.1,89,83,88,80,2.5,0.9,75,74,75,65,1.5,1.5,2.0,1.2
69209,Spain - La Liga,2008/2009,Racing Santander,Barcelona,1,2,7,8,305,691,1.256103392,0.6793970140000001,3,2,30.6,75,74,75,65,1.5,1.5,89,83,88,80,2.5,0.9,1.2,2.0
69231,Spain - La Liga,2008/2009,Barcelona,Sporting Gijón,3,1,18,5,743,277,2.601322037,0.1941574356,4,0,72.8,89,83,88,80,2.5,0.9,75,74,75,65,1.5,1.5,2.0,1.2
69217,Spain - La Liga,2008/2009,Barcelona,Villarreal,3,3,16,6,573,424,1.678523487,1.9465722930000002,6,1,57.5,89,83,88,80,2.5,0.9,75,74,75,65,1.5,1.5,2.0,1.2
69273,Spain - La Liga,2008/2009,Real Valladolid,Barcelona,0,1,6,13,336,603,0.369309616,1.79971551,1,2,35.8,75,74,75,65,1.5,1.5,89,83,88,80,2.5,0.9,1.2,2.0
69222,Spain - La Liga,2008/2009,Barcelona,Recreativo Huelva,2,0,16,6,613,343,2.2676386995,0.8812865324999999,2,0,64.1,89,83,88,80,2.5,0.9,75,74,75,65,1.5,1.5,2.0,1.2
69223,Spain - La Liga,2008/2009,Getafe,Barcelona,0,1,3,19,339,699,0.211138974,2.6058861845,1,2,32.7,75,74,75,65,1.5,1.5,89,83,88,80,2.5,0.9,1.2,2.0
69195,Spain - La Liga,2008/2009,Real Betis,Barcelona,2,2,6,23,236,647,0.7952141380000001,2.7743747770000002,4,1,26.7,75,74,75,65,1.5,1.5,89,83,88,80,2.5,0.9,1.2,2.0
69251,Spain - La Liga,2008/2009,Valencia,Barcelona,2,2,10,13,301,537,1.214560704,0.818524836,4,1,35.9,75,74,75,65,1.5,1.5,89,83,88,80,2.5,0.9,1.2,2.0
69185,Spain - La Liga,2008/2009,Atlético Madrid,Barcelona,4,3,23,14,400,500,2.8137144119999995,2.3008329763,7,0,44.4,82,88,81,74,1.9,0.8,89,83,88,80,2.5,0.9,1.4,1.65
69142,Spain - La Liga,2008/2009,Barcelona,Málaga,6,0,25,9,700,357,3.4998184938,0.5332971905,6,0,66.2,89,83,88,80,2.5,0.9,75,74,75,65,1.5,1.5,2.0,1.2
69139,Spain - La Liga,2008/2009,Barcelona,Espanyol,1,2,16,2,511,322,1.3701323234,0.51574993,3,2,61.3,89,83,88,80,2.5,0.9,75,74,75,65,1.5,1.5,2.0,1.2
69189,Spain - La Liga,2008/2009,Barcelona,CD Numancia de Soria,4,1,21,4,663,255,3.6480335000000004,0.16368157,5,0,72.2,89,83,88,80,2.5,0.9,75,74,75,65,1.5,1.5,2.0,1.2
69171,Spain - La Liga,2008/2009,Sevilla,Barcelona,0,3,10,21,353,613,0.9495619630000001,1.0634786942,3,2,36.5,75,74,75,65,1.5,1.5,89,83,88,80,2.5,0.9,1.2,2.0
69249,Spain - La Liga,2008/2009,Real Madrid,Barcelona,2,6,5,17,407,619,0.671995385,2.272996175,8,2,39.7,91,86,89,82,2.6,0.8,89,83,88,80,2.5,0.9,1.75,1.65
69215,Spain - La Liga,2008/2009,Barcelona,Racing Santander,1,1,16,2,756,255,1.931905236,0.245293976,2,1,74.8,89,83,88,80,2.5,0.9,75,74,75,65,1.5,1.5,2.0,1.2
69138,Spain - La Liga,2008/2009,Sporting Gijón,Barcelona,1,6,5,22,298,660,0.368296894,2.9459048046000005,7,2,31.1,75,74,75,65,1.5,1.5,89,83,88,80,2.5,0.9,1.2,2.0
69147,Spain - La Liga,2008/2009,CD Numancia de Soria,Barcelona,1,0,6,24,270,657,0.30911694200000006,1.7735501125,1,0,29.1,75,74,75,65,1.5,1.5,89,83,88,80,2.5,0.9,1.2,2.0
69177,Spain - La Liga,2008/2009,Almería,Barcelona,0,2,5,17,306,775,0.316523594,1.291668724,2,2,28.3,75,74,75,65,1.5,1.5,89,83,88,80,2.5,0.9,1.2,2.0
69207,Spain - La Liga,2008/2009,Barcelona,Real Betis,3,2,20,8,599,354,2.178423937,0.512145684,5,0,62.9,89,83,88,80,2.5,0.9,75,74,75,65,1.5,1.5,2.0,1.2
69228,Spain - La Liga,2008/2009,Villarreal,Barcelona,1,2,8,16,438,577,0.9121757135,1.227491269,3,2,43.2,75,74,75,65,1.5,1.5,89,83,88,80,2.5,0.9,1.2,2.0
69183,Spain - La Liga,2008/2009,Barcelona,RC Deportivo La Coruña,5,0,21,1,564,341,4.107528406999999,0.06498895,5,0,62.3,89,83,88,80,2.5,0.9,75,74,75,65,1.5,1.5,2.0,1.2
69279,Spain - La Liga,2008/2009,Barcelona,Real Valladolid,6,0,21,3,527,412,4.162744169,0.039963479,6,0,56.1,89,83,88,80,2.5,0.9,75,74,75,65,1.5,1.5,2.0,1.2
69285,Spain - La Liga,2008/2009,Recreativo Huelva,Barcelona,0,2,7,21,313,581,0.44739991199999996,2.6975205628,2,2,35.0,75,74,75,65,1.5,1.5,89,83,88,80,2.5,0.9,1.2,2.0
69211,Spain - La Liga,2008/2009,Espanyol,Barcelona,1,2,3,31,254,495,0.3275713795,3.7317220258000003,3,2,33.9,75,74,75,65,1.5,1.5,89,83,88,80,2.5,0.9,1.2,2.0
69230,Spain - La Liga,2008/2009,Osasuna,Barcelona,2,3,5,17,350,671,0.38853512400000006,1.2244583596,5,2,34.3,75,74,75,65,1.5,1.5,89,83,88,80,2.5,0.9,1.2,2.0
69149,Spain - La Liga,2008/2009,Barcelona,Valencia,4,0,17,4,550,449,2.3961865839999996,0.322798385,4,0,55.1,89,83,88,80,2.5,0.9,75,74,75,65,1.5,1.5,2.0,1.2
69151,Spain - La Liga,2007/2008,Levante UD,Barcelona,1,4,7,12,367,595,1.064407446,2.1134477364,5,2,38.1,75,74,75,65,1.5,1.5,89,83,88,80,2.5,0.9,1.2,2.0
69144,Spain - La Liga,2007/2008,Barcelona,Atlético Madrid,3,0,16,9,603,429,2.481115755,0.19872139960000001,3,0,58.4,89,83,88,80,2.5,0.9,82,88,81,74,1.9,0.8,1.65,1.4
69169,Spain - La Liga,2007/2008,Barcelona,Athletic Club,3,1,16,9,714,334,1.7960049040000001,0.5763585625,4,0,68.1,89,83,88,80,2.5,0.9,75,74,75,65,1.5,1.5,2.0,1.2
68360,Spain - La Liga,2007/2008,Barcelona,Levante UD,5,1,18,9,813,279,2.6654547642999997,1.160178797,6,0,74.5,89,83,88,80,2.5,0.9,75,74,75,65,1.5,1.5,2.0,1.2
69186,Spain - La Liga,2007/2008,Real Murcia CF,Barcelona,3,5,21,16,375,624,2.082577059,3.485560739,8,2,37.5,75,74,75,65,1.5,1.5,89,83,88,80,2.5,0.9,1.2,2.0
69180,Spain - La Liga,2007/2008,Racing Santander,Barcelona,0,0,14,14,274,758,0.8500985797,0.7401559099999999,0,1,26.6,75,74,75,65,1.5,1.5,89,83,88,80,2.5,0.9,1.2,2.0
69143,Spain - La Liga,2007/2008,Barcelona,Real Zaragoza,4,1,24,5,712,347,3.613916098,0.380470868,5,0,67.2,89,83,88,80,2.5,0.9,75,74,75,65,1.5,1.5,2.0,1.2
69181,Spain - La Liga,2007/2008,Athletic Club,Barcelona,1,1,16,8,434,586,1.0789045050000001,0.46323404199999996,2,1,42.5,75,74,75,65,1.5,1.5,89,83,88,80,2.5,0.9,1.2,2.0
68365,Spain - La Liga,2007/2008,Atlético Madrid,Barcelona,4,2,8,17,323,600,1.4021033517,1.0082955949999999,6,0,35.0,82,88,81,74,1.9,0.8,89,83,88,80,2.5,0.9,1.4,1.65
69178,Spain - La Liga,2007/2008,Getafe,Barcelona,2,0,14,10,331,547,1.131863334,0.5857503425999999,2,0,37.7,75,74,75,65,1.5,1.5,89,83,88,80,2.5,0.9,1.2,2.0
68364,Spain - La Liga,2007/2008,Villarreal,Barcelona,3,1,8,13,451,547,2.014990538,1.466744957,4,0,45.2,75,74,75,65,1.5,1.5,89,83,88,80,2.5,0.9,1.2,2.0
69170,Spain - La Liga,2007/2008,Barcelona,RC Deportivo La Coruña,2,1,19,9,700,358,2.7555654769999998,0.7031120653,3,0,66.2,89,83,88,80,2.5,0.9,75,74,75,65,1.5,1.5,2.0,1.2
68359,Spain - La Liga,2007/2008,Barcelona,Espanyol,0,0,19,7,641,295,1.1810693514,0.25209724670000005,0,1,68.5,89,83,88,80,2.5,0.9,75,74,75,65,1.5,1.5,2.0,1.2
68356,Spain - La Liga,2007/2008,Espanyol,Barcelona,1,1,11,16,370,491,0.588385478,1.755633627,2,1,43.0,75,74,75,65,1.5,1.5,89,83,88,80,2.5,0.9,1.2,2.0
69158,Spain - La Liga,2007/2008,Barcelona,Almería,2,0,18,6,568,369,2.566555141,0.3669233734,2,0,60.6,89,83,88,80,2.5,0.9,75,74,75,65,1.5,1.5,2.0,1.2
69187,Spain - La Liga,2007/2008,Barcelona,Osasuna,1,0,17,9,563,280,1.2005427569999998,0.500014384,1,0,66.8,89,83,88,80,2.5,0.9,75,74,75,65,1.5,1.5,2.0,1.2
68363,Spain - La Liga,2007/2008,Real Valladolid,Barcelona,1,1,15,12,407,591,1.68633019,0.742656829,2,1,40.8,75,74,75,65,1.5,1.5,89,83,88,80,2.5,0.9,1.2,2.0
69166,Spain - La Liga,2007/2008,Barcelona,Real Betis,3,0,20,6,640,343,1.6353269269999997,0.13721294299999998,3,0,65.1,89,83,88,80,2.5,0.9,75,74,75,65,1.5,1.5,2.0,1.2
68366,Spain - La Liga,2007/2008,Barcelona,Mallorca,2,3,12,19,528,440,1.287487016,0.8106405557,5,2,54.5,89,83,88,80,2.5,0.9,75,74,75,65,1.5,1.5,2.0,1.2
69148,Spain - La Liga,2007/2008,Barcelona,Sevilla,2,1,13,6,547,367,1.421355067,0.734106011,3,0,59.8,89,83,88,80,2.5,0.9,75,74,75,65,1.5,1.5,2.0,1.2
69184,Spain - La Liga,2007/2008,Barcelona,Recreativo Huelva,3,0,19,3,679,265,2.683595877,0.283376442,3,0,71.9,89,83,88,80,2.5,0.9,75,74,75,65,1.5,1.5,2.0,1.2
69173,Spain - La Liga,2007/2008,Barcelona,Racing Santander,1,0,12,9,631,363,1.42273297,0.347834119,1,0,63.5,89,83,88,80,2.5,0.9,75,74,75,65,1.5,1.5,2.0,1.2
69146,Spain - La Liga,2007/2008,Sevilla,Barcelona,1,1,18,15,379,534,1.4993787266,0.7755713358000002,2,1,41.5,75,74,75,65,1.5,1.5,89,83,88,80,2.5,0.9,1.2,2.0
69182,Spain - La Liga,2007/2008,Real Zaragoza,Barcelona,1,2,15,11,376,547,1.7766510466999998,1.7041778755,3,2,40.7,75,74,75,65,1.5,1.5,89,83,88,80,2.5,0.9,1.2,2.0
68358,Spain - La Liga,2007/2008,Recreativo Huelva,Barcelona,2,2,14,11,404,526,1.499154529,0.983970412,4,1,43.4,75,74,75,65,1.5,1.5,89,83,88,80,2.5,0.9,1.2,2.0
68361,Spain - La Liga,2007/2008,Real Madrid,Barcelona,4,1,20,15,518,440,2.4642116769999998,0.9919675050999999,5,0,54.1,91,86,89,82,2.6,0.8,89,83,88,80,2.5,0.9,1.75,1.65
69141,Spain - La Liga,2007/2008,Barcelona,Valencia,6,0,17,6,670,468,3.1156500929999997,0.317563667,6,0,58.9,89,83,88,80,2.5,0.9,75,74,75,65,1.5,1.5,2.0,1.2
69145,Spain - La Liga,2007/2008,Valencia,Barcelona,0,3,11,15,393,691,0.3597193057,2.3135186659999993,3,2,36.3,75,74,75,65,1.5,1.5,89,83,88,80,2.5,0.9,1.2,2.0
69176,Spain - La Liga,2006/2007,Atlético Madrid,Barcelona,0,6,17,19,367,587,0.5549021493999999,3.140363969,6,2,38.5,82,88,81,74,1.9,0.8,89,83,88,80,2.5,0.9,1.4,1.65
69179,Spain - La Liga,2006/2007,Real Zaragoza,Barcelona,1,0,14,8,455,587,1.0295381250000002,0.940686047,1,0,43.7,75,74,75,65,1.5,1.5,89,83,88,80,2.5,0.9,1.2,2.0
68334,Spain - La Liga,2006/2007,Sevilla,Barcelona,2,1,16,9,383,586,1.826486346,1.075351306,3,0,39.5,75,74,75,65,1.5,1.5,89,83,88,80,2.5,0.9,1.2,2.0
68333,Spain - La Liga,2006/2007,Barcelona,Athletic Club,3,0,15,5,739,310,1.424927805,0.30328815200000003,3,0,70.4,89,83,88,80,2.5,0.9,75,74,75,65,1.5,1.5,2.0,1.2
68336,Spain - La Liga,2006/2007,Gimnàstic Tarragona,Barcelona,1,5,11,23,306,674,0.836556351,3.4959166124000003,6,2,31.2,75,74,75,65,1.5,1.5,89,83,88,80,2.5,0.9,1.2,2.0
68326,Spain - La Liga,2006/2007,Celta Vigo,Barcelona,2,3,11,11,361,667,1.0656739073000001,0.9041698974999999,5,2,35.1,75,74,75,65,1.5,1.5,89,83,88,80,2.5,0.9,1.2,2.0
69162,Spain - La Liga,2006/2007,Barcelona,Real Betis,1,1,18,4,553,341,2.335435577,0.484513605,2,1,61.9,89,83,88,80,2.5,0.9,75,74,75,65,1.5,1.5,2.0,1.2
68335,Spain - La Liga,2006/2007,Barcelona,Real Madrid,3,3,19,14,585,404,2.510502578,1.8592996130000001,6,1,59.2,89,83,88,80,2.5,0.9,91,86,89,82,2.6,0.8,1.65,1.75
68332,Spain - La Liga,2006/2007,Valencia,Barcelona,2,1,6,13,321,741,1.37521526,0.8147839860000001,3,0,30.2,75,74,75,65,1.5,1.5,89,83,88,80,2.5,0.9,1.2,2.0
68330,Spain - La Liga,2006/2007,Real Madrid,Barcelona,2,0,17,14,305,562,1.3186815766999997,1.176571339,2,0,35.2,91,86,89,82,2.6,0.8,89,83,88,80,2.5,0.9,1.75,1.65
68329,Spain - La Liga,2006/2007,Barcelona,Sevilla,3,1,11,10,578,461,1.453136411,0.560680447,4,0,55.6,89,83,88,80,2.5,0.9,75,74,75,65,1.5,1.5,2.0,1.2
68341,Spain - La Liga,2006/2007,Recreativo Huelva,Barcelona,0,4,13,11,362,877,0.7947817334,0.9817041284,4,2,29.2,75,74,75,65,1.5,1.5,89,83,88,80,2.5,0.9,1.2,2.0
69165,Spain - La Liga,2006/2007,Barcelona,Espanyol,2,2,26,10,634,259,2.4971584814000005,1.1331751209999998,4,1,71.0,89,83,88,80,2.5,0.9,75,74,75,65,1.5,1.5,2.0,1.2
69155,Spain - La Liga,2006/2007,Villarreal,Barcelona,2,0,9,16,401,573,0.597344208,1.4073538989999999,2,0,41.2,75,74,75,65,1.5,1.5,89,83,88,80,2.5,0.9,1.2,2.0
69154,Spain - La Liga,2006/2007,Barcelona,Racing Santander,2,0,16,6,607,299,2.460690917,0.9126331999999999,2,0,67.0,89,83,88,80,2.5,0.9,75,74,75,65,1.5,1.5,2.0,1.2
69156,Spain - La Liga,2006/2007,Barcelona,Levante UD,1,0,15,9,610,278,2.341591961,0.658458357,1,0,68.7,89,83,88,80,2.5,0.9,75,74,75,65,1.5,1.5,2.0,1.2
69159,Spain - La Liga,2006/2007,Barcelona,Mallorca,1,0,24,4,672,319,1.9136283275000001,0.8623755350000001,1,0,67.8,89,83,88,80,2.5,0.9,75,74,75,65,1.5,1.5,2.0,1.2
69175,Spain - La Liga,2006/2007,Barcelona,RC Deportivo La Coruña,2,1,19,15,602,310,1.8572811189999998,0.6808290682,3,0,66.0,89,83,88,80,2.5,0.9,75,74,75,65,1.5,1.5,2.0,1.2
69160,Spain - La Liga,2006/2007,Real Sociedad,Barcelona,0,2,9,13,381,527,0.35127915600000004,2.034288572,2,2,42.0,75,74,75,65,1.5,1.5,89,83,88,80,2.5,0.9,1.2,2.0
68331,Spain - La Liga,2006/2007,Barcelona,Real Zaragoza,3,1,13,12,577,318,1.311582196,1.0223958180000001,4,0,64.5,89,83,88,80,2.5,0.9,75,74,75,65,1.5,1.5,2.0,1.2
68328,Spain - La Liga,2006/2007,Barcelona,Valencia,1,1,23,6,726,346,1.2353203365,0.34080554900000004,2,1,67.7,89,83,88,80,2.5,0.9,75,74,75,65,1.5,1.5,2.0,1.2
68340,Spain - La Liga,2006/2007,Racing Santander,Barcelona,0,3,8,17,266,659,0.461820398,2.1982572965,3,2,28.8,75,74,75,65,1.5,1.5,89,83,88,80,2.5,0.9,1.2,2.0
69174,Spain - La Liga,2006/2007,RC Deportivo La Coruña,Barcelona,1,1,21,11,362,527,2.0063775836,1.2399121669999997,2,1,40.7,75,74,75,65,1.5,1.5,89,83,88,80,2.5,0.9,1.2,2.0
68347,Spain - La Liga,2006/2007,Athletic Club,Barcelona,1,3,6,18,284,682,0.39052732259999995,2.161566991,4,2,29.4,75,74,75,65,1.5,1.5,89,83,88,80,2.5,0.9,1.2,2.0
68327,Spain - La Liga,2006/2007,Barcelona,Osasuna,3,0,16,8,685,400,2.595360583,0.409414038,3,0,63.1,89,83,88,80,2.5,0.9,75,74,75,65,1.5,1.5,2.0,1.2
69157,Spain - La Liga,2006/2007,Barcelona,Getafe,1,0,12,10,374,408,1.7290752239999998,0.719234613,1,0,47.8,89,83,88,80,2.5,0.9,75,74,75,65,1.5,1.5,2.0,1.2
69164,Spain - La Liga,2005/2006,Barcelona,Málaga,2,0,36,5,605,257,3.2652171931999994,0.39668067,2,0,70.2,89,83,88,80,2.5,0.9,75,74,75,65,1.5,1.5,2.0,1.2
68324,Spain - La Liga,2005/2006,Barcelona,Deportivo Alavés,2,0,27,3,580,337,4.781066348000001,0.42707887099999997,2,0,63.2,89,83,88,80,2.5,0.9,75,74,75,65,1.5,1.5,2.0,1.2
68320,Spain - La Liga,2005/2006,Villarreal,Barcelona,0,2,6,11,446,429,0.391893179,0.3691871133,2,2,51.0,75,74,75,65,1.5,1.5,89,83,88,80,2.5,0.9,1.2,2.0
68323,Spain - La Liga,2005/2006,Barcelona,Celta Vigo,2,0,14,4,554,449,1.2324195535,0.36422175700000003,2,0,55.2,89,83,88,80,2.5,0.9,75,74,75,65,1.5,1.5,2.0,1.2
69172,Spain - La Liga,2005/2006,Barcelona,Real Betis,5,1,17,11,480,359,2.7198344855000003,1.0063609636,6,0,57.2,89,83,88,80,2.5,0.9,75,74,75,65,1.5,1.5,2.0,1.2
68339,Spain - La Liga,2005/2006,Getafe,Barcelona,1,3,7,10,442,617,0.3667061767,1.5798082009999999,4,2,41.7,75,74,75,65,1.5,1.5,89,83,88,80,2.5,0.9,1.2,2.0
68348,Spain - La Liga,2005/2006,Espanyol,Barcelona,1,2,10,18,283,493,0.7462095447,1.905845614,3,2,36.5,75,74,75,65,1.5,1.5,89,83,88,80,2.5,0.9,1.2,2.0
68354,Spain - La Liga,2005/2006,Barcelona,Racing Santander,4,1,25,2,662,254,3.2052787520000003,0.792215479,5,0,72.3,89,83,88,80,2.5,0.9,75,74,75,65,1.5,1.5,2.0,1.2
68351,Spain - La Liga,2005/2006,Real Zaragoza,Barcelona,0,2,6,9,400,575,0.18740183499999996,1.2012705175,2,2,41.0,75,74,75,65,1.5,1.5,89,83,88,80,2.5,0.9,1.2,2.0
68317,Spain - La Liga,2005/2006,Barcelona,Real Zaragoza,2,2,21,7,505,375,3.2662461574,1.2191224939999998,4,1,57.4,89,83,88,80,2.5,0.9,75,74,75,65,1.5,1.5,2.0,1.2
68350,Spain - La Liga,2005/2006,Barcelona,Atlético Madrid,1,3,15,13,522,328,1.4349650699999998,1.8057685681,4,2,61.4,89,83,88,80,2.5,0.9,82,88,81,74,1.9,0.8,1.65,1.4
68325,Spain - La Liga,2005/2006,Mallorca,Barcelona,0,3,5,12,397,551,0.2182749672,2.0054799164,3,2,41.9,75,74,75,65,1.5,1.5,89,83,88,80,2.5,0.9,1.2,2.0
68321,Spain - La Liga,2005/2006,Barcelona,Sevilla,2,1,17,7,615,387,2.2987455291,1.3558170999999999,3,0,61.4,89,83,88,80,2.5,0.9,75,74,75,65,1.5,1.5,2.0,1.2
68319,Spain - La Liga,2005/2006,Real Madrid,Barcelona,0,3,5,21,468,464,0.390434616,1.9809588880000002,3,2,50.2,91,86,89,82,2.6,0.8,89,83,88,80,2.5,0.9,1.75,1.65
68342,Spain - La Liga,2005/2006,Barcelona,Athletic Club,2,1,17,9,602,245,2.0090029665999998,0.961026936,3,0,71.1,89,83,88,80,2.5,0.9,75,74,75,65,1.5,1.5,2.0,1.2
68322,Spain - La Liga,2005/2006,Cádiz,Barcelona,1,3,12,21,400,460,1.3403515240000001,3.0800927729999996,4,2,46.5,75,74,75,65,1.5,1.5,89,83,88,80,2.5,0.9,1.2,2.0
68318,Spain - La Liga,2005/2006,Barcelona,Osasuna,3,0,25,5,640,311,2.7761841354,0.6194202257,3,0,67.3,89,83,88,80,2.5,0.9,75,74,75,65,1.5,1.5,2.0,1.2
68314,Spain - La Liga,2004/2005,Barcelona,Málaga,4,0,17,2,656,266,1.9110911359999998,0.06807708,4,0,71.1,89,83,88,80,2.5,0.9,75,74,75,65,1.5,1.5,2.0,1.2
68313,Spain - La Liga,2004/2005,Barcelona,Osasuna,3,0,19,8,507,341,1.899053358,0.33126344399999996,3,0,59.8,89,83,88,80,2.5,0.9,75,74,75,65,1.5,1.5,2.0,1.2
68316,Spain - La Liga,2004/2005,Barcelona,Albacete,2,0,22,4,692,269,1.067383377,0.1273442421,2,0,72.0,89,83,88,80,2.5,0.9,75,74,75,65,1.5,1.5,2.0,1.2
68315,Spain - La Liga,2004/2005,Barcelona,Levante UD,2,1,16,6,552,315,1.3987292222,0.8480498603,3,0,63.7,89,83,88,80,2.5,0.9,75,74,75,65,1.5,1.5,2.0,1.2
69153,Spain - La Liga,2004/2005,Albacete,Barcelona,1,2,6,10,412,455,1.169137603,0.6872368993000001,3,2,47.5,75,74,75,65,1.5,1.5,89,83,88,80,2.5,0.9,1.2,2.0
68352,Spain - La Liga,2004/2005,Barcelona,Getafe,2,0,18,5,611,391,1.4679794682999998,0.22591052360000002,2,0,61.0,89,83,88,80,2.5,0.9,75,74,75,65,1.5,1.5,2.0,1.2
68353,Spain - La Liga,2004/2005,Espanyol,Barcelona,0,1,10,15,309,477,0.8577564732,1.2651786962,1,2,39.3,75,74,75,65,1.5,1.5,89,83,88,80,2.5,0.9,1.2,2.0
3888713,Spain - La Liga,1973/1974,Real Madrid,Barcelona,0,5,7,21,426,352,0.64215231,2.439852689,5,2,54.8,91,86,89,82,2.6,0.8,89,83,88,80,2.5,0.9,1.75,1.65
3889115,Argentina - Liga Profesional,1997/1998,River Plate,Boca Juniors,1,2,21,11,497,432,1.837051431,1.4218331676000002,3,2,53.5,75,74,75,65,1.5,1.5,75,74,75,65,1.5,1.5,1.5,1.5
3889082,Argentina - Liga Profesional,1981,Boca Juniors,River Plate,3,0,12,12,338,399,1.4757247754,1.3828646746,3,0,45.9,75,74,75,65,1.5,1.5,75,74,75,65,1.5,1.5,1.5,1.5
3838017,France - Ligue 1,2022/2023,Paris Saint-Germain,Clermont Foot,2,3,16,12,584,494,2.017880966,3.371821271,5,2,54.2,88,81,85,79,2.5,1.0,75,74,75,65,1.5,1.5,2.0,1.25
3837987,France - Ligue 1,2022/2023,Paris Saint-Germain,AC Ajaccio,5,0,16,7,785,290,2.142041632,0.303128915,5,0,73.0,88,81,85,79,2.5,1.0,75,74,75,65,1.5,1.5,2.0,1.25
3837928,France - Ligue 1,2022/2023,Paris Saint-Germain,Lyon,0,1,16,10,741,441,1.0643197549999999,2.268958383,1,2,62.7,88,81,85,79,2.5,1.0,75,74,75,65,1.5,1.5,2.0,1.25
3837918,France - Ligue 1,2022/2023,Paris Saint-Germain,Rennes,0,2,17,10,679,448,1.589671631,1.3586413199999998,2,2,60.2,88,81,85,79,2.5,1.0,75,74,75,65,1.5,1.5,2.0,1.25
3837902,France - Ligue 1,2022/2023,Stade Brestois,Paris Saint-Germain,1,2,7,17,412,649,0.621808105,2.4703787850000003,3,2,38.8,75,74,75,65,1.5,1.5,88,81,85,79,2.5,1.0,1.25,2.0
3837885,France - Ligue 1,2022/2023,Marseille,Paris Saint-Germain,0,3,19,12,512,446,1.567600546,2.197463918,3,2,53.4,75,74,75,65,1.5,1.5,88,81,85,79,2.5,1.0,1.25,2.0
3837876,France - Ligue 1,2022/2023,Paris Saint-Germain,Lille,4,3,12,16,475,547,1.2549418319999999,2.2040080629,7,0,46.5,88,81,85,79,2.5,1.0,75,74,75,65,1.5,1.5,2.0,1.25
3837839,France - Ligue 1,2022/2023,Paris Saint-Germain,Stade de Reims,1,1,12,17,738,515,1.7197141280000001,1.907442753,2,1,58.9,88,81,85,79,2.5,1.0,75,74,75,65,1.5,1.5,2.0,1.25
3837827,France - Ligue 1,2022/2023,Rennes,Paris Saint-Germain,1,0,8,8,378,711,0.554692454,1.038688477,1,0,34.7,75,74,75,65,1.5,1.5,88,81,85,79,2.5,1.0,1.25,2.0
3837818,France - Ligue 1,2022/2023,Paris Saint-Germain,Angers,2,0,9,6,868,432,1.350816728,0.35419194299999995,2,0,66.8,88,81,85,79,2.5,1.0,75,74,75,65,1.5,1.5,2.0,1.25
3837785,France - Ligue 1,2022/2023,Paris Saint-Germain,Auxerre,5,0,9,10,682,479,1.42798909,0.667370445,5,0,58.7,88,81,85,79,2.5,1.0,75,74,75,65,1.5,1.5,2.0,1.25
3837747,France - Ligue 1,2022/2023,Paris Saint-Germain,Marseille,1,0,22,20,542,538,2.090307574,1.2092799990000003,1,0,50.2,88,81,85,79,2.5,1.0,75,74,75,65,1.5,1.5,2.0,1.25
3837680,France - Ligue 1,2022/2023,Paris Saint-Germain,AS Monaco,1,1,18,4,730,366,2.560443563,0.452816798,2,1,66.6,88,81,85,79,2.5,1.0,75,74,75,65,1.5,1.5,2.0,1.25
3837659,France - Ligue 1,2022/2023,Paris Saint-Germain,Montpellier,5,2,20,7,644,462,3.5295500122999997,0.810597631,7,0,58.2,88,81,85,79,2.5,1.0,75,74,75,65,1.5,1.5,2.0,1.25
3837650,France - Ligue 1,2022/2023,Clermont Foot,Paris Saint-Germain,0,5,7,18,446,712,0.264034323,2.6113830920000005,5,2,38.5,75,74,75,65,1.5,1.5,88,81,85,79,2.5,1.0,1.25,2.0
3838004,France - Ligue 1,2022/2023,Strasbourg,Paris Saint-Germain,1,1,17,7,392,752,1.400445156,0.909929816,2,1,34.3,75,74,75,65,1.5,1.5,88,81,85,79,2.5,1.0,1.25,2.0
3837998,France - Ligue 1,2022/2023,Auxerre,Paris Saint-Germain,1,2,14,15,467,778,0.8707036200000001,1.552036984,3,2,37.5,75,74,75,65,1.5,1.5,88,81,85,79,2.5,1.0,1.25,2.0
3837963,France - Ligue 1,2022/2023,Paris Saint-Germain,Lorient,1,3,13,14,618,546,1.9841896513,3.211628432,4,2,53.1,88,81,85,79,2.5,1.0,75,74,75,65,1.5,1.5,2.0,1.25
3837954,France - Ligue 1,2022/2023,Angers,Paris Saint-Germain,1,2,16,10,463,885,1.245513276,1.913804746,3,2,34.3,75,74,75,65,1.5,1.5,88,81,85,79,2.5,1.0,1.25,2.0
3837947,France - Ligue 1,2022/2023,Paris Saint-Germain,Lens,3,1,15,14,753,468,1.500125587,1.7146206010000002,4,0,61.7,88,81,85,79,2.5,1.0,75,74,75,65,1.5,1.5,2.0,1.25
3837938,France - Ligue 1,2022/2023,OGC Nice,Paris Saint-Germain,0,2,21,13,619,749,1.2730483899999998,0.7723604519999999,2,2,45.2,75,74,75,65,1.5,1.5,88,81,85,79,2.5,1.0,1.25,2.0
3837896,France - Ligue 1,2022/2023,Paris Saint-Germain,Nantes,4,2,17,8,792,387,1.4720433525,0.408484839,6,0,67.2,88,81,85,79,2.5,1.0,75,74,75,65,1.5,1.5,2.0,1.25
3837859,France - Ligue 1,2022/2023,Paris Saint-Germain,Toulouse,2,1,22,12,664,436,1.768030796,0.7002973219999999,3,0,60.4,88,81,85,79,2.5,1.0,75,74,75,65,1.5,1.5,2.0,1.25
3837844,France - Ligue 1,2022/2023,Montpellier,Paris Saint-Germain,1,3,6,19,373,733,0.346205492,3.996910803,4,2,33.7,75,74,75,65,1.5,1.5,88,81,85,79,2.5,1.0,1.25,2.0
3837771,France - Ligue 1,2022/2023,Paris Saint-Germain,Troyes,4,3,20,16,715,356,2.8354811610000006,1.7208469374000002,7,0,66.8,88,81,85,79,2.5,1.0,75,74,75,65,1.5,1.5,2.0,1.25
3837752,France - Ligue 1,2022/2023,AC Ajaccio,Paris Saint-Germain,0,3,8,11,389,705,0.24003103269999998,2.8617608649999995,3,2,35.6,75,74,75,65,1.5,1.5,88,81,85,79,2.5,1.0,1.25,2.0
3837727,France - Ligue 1,2022/2023,Paris Saint-Germain,OGC Nice,2,1,12,4,699,520,0.772503541,0.382458009,3,0,57.3,88,81,85,79,2.5,1.0,75,74,75,65,1.5,1.5,2.0,1.25
3837717,France - Ligue 1,2022/2023,Lyon,Paris Saint-Germain,0,1,12,15,445,819,0.81073243,1.9485006460000003,1,2,35.2,75,74,75,65,1.5,1.5,88,81,85,79,2.5,1.0,1.25,2.0
3837706,France - Ligue 1,2022/2023,Paris Saint-Germain,Stade Brestois,1,0,14,6,708,457,1.4929676440000001,1.081789548,1,0,60.8,88,81,85,79,2.5,1.0,75,74,75,65,1.5,1.5,2.0,1.25
3837695,France - Ligue 1,2022/2023,Nantes,Paris Saint-Germain,0,3,11,20,484,733,0.42803345429999995,3.823521508,3,2,39.8,75,74,75,65,1.5,1.5,88,81,85,79,2.5,1.0,1.25,2.0
3837683,France - Ligue 1,2022/2023,Toulouse,Paris Saint-Germain,0,3,14,21,397,635,0.8037850807,3.057143262,3,2,38.5,75,74,75,65,1.5,1.5,88,81,85,79,2.5,1.0,1.25,2.0
3837662,France - Ligue 1,2022/2023,Lille,Paris Saint-Germain,1,7,16,16,576,619,1.97397842,3.899421607,8,2,48.2,75,74,75,65,1.5,1.5,88,81,85,79,2.5,1.0,1.25,2.0
3802643,France - Ligue 1,2021/2022,Strasbourg,Paris Saint-Germain,3,3,14,14,491,633,1.486364422,1.8839828640000003,6,1,43.7,75,74,75,65,1.5,1.5,88,81,85,79,2.5,1.0,1.25,2.0
3803000,France - Ligue 1,2021/2022,Clermont Foot,Paris Saint-Germain,1,6,10,17,429,746,1.2051200420000001,3.507723001,7,2,36.5,75,74,75,65,1.5,1.5,88,81,85,79,2.5,1.0,1.25,2.0
3802802,France - Ligue 1,2021/2022,Paris Saint-Germain,Stade de Reims,4,0,22,7,878,412,2.5333899655999996,0.5193836049999999,4,0,68.1,88,81,85,79,2.5,1.0,75,74,75,65,1.5,1.5,2.0,1.25
3802696,France - Ligue 1,2021/2022,Stade de Reims,Paris Saint-Germain,0,2,11,12,393,763,0.5733577914999999,1.011614912,2,2,34.0,75,74,75,65,1.5,1.5,88,81,85,79,2.5,1.0,1.25,2.0
3802699,France - Ligue 1,2021/2022,Paris Saint-Germain,Lille,2,1,17,11,609,416,2.41004177,1.737455434,3,0,59.4,88,81,85,79,2.5,1.0,75,74,75,65,1.5,1.5,2.0,1.25
3802685,France - Ligue 1,2021/2022,Lens,Paris Saint-Germain,1,1,18,13,421,738,1.0683183710000002,1.698122331,2,1,36.3,75,74,75,65,1.5,1.5,88,81,85,79,2.5,1.0,1.25,2.0
3802665,France - Ligue 1,2021/2022,Montpellier,Paris Saint-Germain,0,4,10,15,344,783,0.3563691511,2.7566771899999996,4,2,30.5,75,74,75,65,1.5,1.5,88,81,85,79,2.5,1.0,1.25,2.0
3802752,France - Ligue 1,2021/2022,Paris Saint-Germain,Lyon,2,1,15,12,551,479,2.0064093956999995,0.6762198605,3,0,53.5,88,81,85,79,2.5,1.0,75,74,75,65,1.5,1.5,2.0,1.25
3802809,France - Ligue 1,2021/2022,Rennes,Paris Saint-Germain,2,0,12,13,329,651,0.7537271090000001,1.3218696099999998,2,0,33.6,75,74,75,65,1.5,1.5,88,81,85,79,2.5,1.0,1.25,2.0
3802676,France - Ligue 1,2021/2022,Paris Saint-Germain,Lens,1,1,18,8,766,408,1.967963255,0.8457759843000001,2,1,65.2,88,81,85,79,2.5,1.0,75,74,75,65,1.5,1.5,2.0,1.25
3802983,France - Ligue 1,2021/2022,Paris Saint-Germain,Marseille,2,1,7,3,510,678,1.293047001,0.8134914040000001,3,0,42.9,88,81,85,79,2.5,1.0,75,74,75,65,1.5,1.5,2.0,1.25
3802907,France - Ligue 1,2021/2022,Lille,Paris Saint-Germain,1,5,10,18,462,648,1.022864845,2.932692621,6,2,41.6,75,74,75,65,1.5,1.5,88,81,85,79,2.5,1.0,1.25,2.0
3802902,France - Ligue 1,2021/2022,Marseille,Paris Saint-Germain,0,0,15,10,524,561,0.941138269,1.05429817,0,1,48.3,75,74,75,65,1.5,1.5,88,81,85,79,2.5,1.0,1.25,2.0
3802818,France - Ligue 1,2021/2022,Paris Saint-Germain,Lorient,5,1,15,11,756,388,1.8679088400000001,0.703708529,6,0,66.1,88,81,85,79,2.5,1.0,75,74,75,65,1.5,1.5,2.0,1.25
3802683,France - Ligue 1,2021/2022,Paris Saint-Germain,AS Monaco,2,0,9,13,577,519,1.46263696,0.693591255,2,0,52.6,88,81,85,79,2.5,1.0,75,74,75,65,1.5,1.5,2.0,1.25
3802690,France - Ligue 1,2021/2022,Lorient,Paris Saint-Germain,1,1,17,17,256,838,1.2862675505,2.0402220155000004,2,1,23.4,75,74,75,65,1.5,1.5,88,81,85,79,2.5,1.0,1.25,2.0
3802904,France - Ligue 1,2021/2022,Paris Saint-Germain,Bordeaux,3,0,12,15,659,494,1.577751798,0.6438692589999999,3,0,57.2,88,81,85,79,2.5,1.0,75,74,75,65,1.5,1.5,2.0,1.25
3802837,France - Ligue 1,2021/2022,Saint-Étienne,Paris Saint-Germain,1,3,8,15,304,753,0.532046273,2.923183403,4,2,28.8,75,74,75,65,1.5,1.5,88,81,85,79,2.5,1.0,1.25,2.0
3802984,France - Ligue 1,2021/2022,Paris Saint-Germain,Nantes,3,1,14,12,813,416,1.70165041,2.1603744375000002,4,0,66.2,88,81,85,79,2.5,1.0,75,74,75,65,1.5,1.5,2.0,1.25
3802805,France - Ligue 1,2021/2022,OGC Nice,Paris Saint-Germain,1,0,11,8,512,693,0.633959026,0.522631053,1,0,42.5,75,74,75,65,1.5,1.5,88,81,85,79,2.5,1.0,1.25,2.0
3802709,France - Ligue 1,2021/2022,Paris Saint-Germain,Saint-Étienne,3,1,21,13,667,399,2.043199122,0.8640110980000001,4,0,62.6,88,81,85,79,2.5,1.0,75,74,75,65,1.5,1.5,2.0,1.25
3802948,France - Ligue 1,2021/2022,Paris Saint-Germain,Metz,5,0,27,4,787,266,4.766809843,0.47759671200000003,5,0,74.7,88,81,85,79,2.5,1.0,75,74,75,65,1.5,1.5,2.0,1.25
3802930,France - Ligue 1,2021/2022,Paris Saint-Germain,Troyes,2,2,17,10,657,390,2.223207531,1.322600605,4,1,62.8,88,81,85,79,2.5,1.0,75,74,75,65,1.5,1.5,2.0,1.25
3802793,France - Ligue 1,2021/2022,Paris Saint-Germain,OGC Nice,0,0,22,4,788,340,1.7921729499999999,0.902277584,0,1,69.9,88,81,85,79,2.5,1.0,75,74,75,65,1.5,1.5,2.0,1.25
3802839,France - Ligue 1,2021/2022,Nantes,Paris Saint-Germain,3,1,13,16,303,740,2.3669374860000003,3.663115465,4,0,29.1,75,74,75,65,1.5,1.5,88,81,85,79,2.5,1.0,1.25,2.0
3802795,France - Ligue 1,2021/2022,Paris Saint-Germain,Rennes,1,0,12,13,726,426,0.9943207275000001,0.7518168380000001,1,0,63.0,88,81,85,79,2.5,1.0,75,74,75,65,1.5,1.5,2.0,1.25
3901199,France - Ligue 1,2015/2016,Rennes,Stade de Reims,3,1,10,10,482,567,1.354857508,0.340574631,4,0,45.9,75,74,75,65,1.5,1.5,75,74,75,65,1.5,1.5,1.5,1.5
3901178,France - Ligue 1,2015/2016,Lorient,Marseille,1,1,15,11,423,631,1.8754869799999998,0.7888968370000001,2,1,40.1,75,74,75,65,1.5,1.5,75,74,75,65,1.5,1.5,1.5,1.5
3901260,France - Ligue 1,2015/2016,Lorient,Gazélec Ajaccio,1,0,8,19,563,497,0.892661162,1.9617241382000001,1,0,53.1,75,74,75,65,1.5,1.5,75,74,75,65,1.5,1.5,1.5,1.5
3829470,France - Ligue 1,2015/2016,Saint-Étienne,Nantes,2,0,13,11,512,474,1.330649144,0.420787003,2,0,51.9,75,74,75,65,1.5,1.5,75,74,75,65,1.5,1.5,1.5,1.5
3901259,France - Ligue 1,2015/2016,Troyes,Marseille,1,1,9,18,494,672,0.97729528,2.512848477,2,1,42.4,75,74,75,65,1.5,1.5,75,74,75,65,1.5,1.5,1.5,1.5
3901263,France - Ligue 1,2015/2016,Rennes,Bastia,1,2,17,9,564,411,1.628039856,1.0372466660000002,3,2,57.8,75,74,75,65,1.5,1.5,75,74,75,65,1.5,1.5,1.5,1.5
3900594,France - Ligue 1,2015/2016,Nantes,Bordeaux,2,2,9,8,342,569,0.992589752,0.7339410449999999,4,1,37.5,75,74,75,65,1.5,1.5,75,74,75,65,1.5,1.5,1.5,1.5
3900587,France - Ligue 1,2015/2016,Saint-Étienne,Lyon,1,0,9,19,276,626,0.5948685893,1.117141397,1,0,30.6,75,74,75,65,1.5,1.5,75,74,75,65,1.5,1.5,1.5,1.5
3900541,France - Ligue 1,2015/2016,Bastia,AS Monaco,1,2,5,7,464,448,0.285774118,2.3787002337,3,2,50.9,75,74,75,65,1.5,1.5,75,74,75,65,1.5,1.5,1.5,1.5
3900596,France - Ligue 1,2015/2016,Guingamp,Bastia,1,0,16,4,568,369,1.866232113,0.16857291899999996,1,0,60.6,75,74,75,65,1.5,1.5,75,74,75,65,1.5,1.5,1.5,1.5
3900591,France - Ligue 1,2015/2016,Paris Saint-Germain,Angers,5,1,16,11,946,420,2.2071510903,0.4221883733,6,0,69.3,88,81,85,79,2.5,1.0,75,74,75,65,1.5,1.5,2.0,1.25
3901188,France - Ligue 1,2015/2016,Saint-Étienne,Montpellier,3,0,9,7,396,529,2.048434713,0.511360719,3,0,42.8,75,74,75,65,1.5,1.5,75,74,75,65,1.5,1.5,1.5,1.5
3901184,France - Ligue 1,2015/2016,Marseille,Rennes,2,5,14,13,668,421,1.4260023285,1.46998034,7,2,61.3,75,74,75,65,1.5,1.5,75,74,75,65,1.5,1.5,1.5,1.5
3901182,France - Ligue 1,2015/2016,Nantes,Angers,2,0,12,6,545,514,0.666288488,0.22972649429999994,2,0,51.5,75,74,75,65,1.5,1.5,75,74,75,65,1.5,1.5,1.5,1.5
3901170,France - Ligue 1,2015/2016,Rennes,Nantes,4,1,12,11,374,691,1.2845975198,0.607797283,5,0,35.1,75,74,75,65,1.5,1.5,75,74,75,65,1.5,1.5,1.5,1.5
3901169,France - Ligue 1,2015/2016,Marseille,Toulouse,1,1,20,18,588,472,2.1103122697,1.0756865062,2,1,55.5,75,74,75,65,1.5,1.5,75,74,75,65,1.5,1.5,1.5,1.5
3901166,France - Ligue 1,2015/2016,Paris Saint-Germain,Montpellier,0,0,8,6,759,449,0.8287552840000001,0.327134417,0,1,62.8,88,81,85,79,2.5,1.0,75,74,75,65,1.5,1.5,2.0,1.25
3901168,France - Ligue 1,2015/2016,Lille,Stade de Reims,2,0,8,9,405,419,1.256661965,0.345187937,2,0,49.2,75,74,75,65,1.5,1.5,75,74,75,65,1.5,1.5,1.5,1.5
3900601,France - Ligue 1,2015/2016,Gazélec Ajaccio,Montpellier,0,4,16,8,553,348,1.0701206419,1.6993013119999998,4,2,61.4,75,74,75,65,1.5,1.5,75,74,75,65,1.5,1.5,1.5,1.5
3901262,France - Ligue 1,2015/2016,Caen,Bordeaux,1,0,10,11,399,639,1.2697099648,1.148302717,1,0,38.4,75,74,75,65,1.5,1.5,75,74,75,65,1.5,1.5,1.5,1.5
3901261,France - Ligue 1,2015/2016,Paris Saint-Germain,Nantes,4,0,19,15,693,445,3.638743808,0.747247878,4,0,60.9,88,81,85,79,2.5,1.0,75,74,75,65,1.5,1.5,2.0,1.25
3901258,France - Ligue 1,2015/2016,Guingamp,OGC Nice,2,3,14,10,408,764,1.5210002023000002,0.8965420310000001,5,2,34.8,75,74,75,65,1.5,1.5,75,74,75,65,1.5,1.5,1.5,1.5
3901257,France - Ligue 1,2015/2016,Saint-Étienne,Lille,0,1,12,12,520,410,0.9247030979999998,1.307966758,1,2,55.9,75,74,75,65,1.5,1.5,75,74,75,65,1.5,1.5,1.5,1.5
3901256,France - Ligue 1,2015/2016,AS Monaco,Montpellier,2,0,15,10,414,651,3.9128650929999997,1.373347034,2,0,38.9,75,74,75,65,1.5,1.5,75,74,75,65,1.5,1.5,1.5,1.5
3901255,France - Ligue 1,2015/2016,Angers,Toulouse,2,3,6,15,391,371,0.216027857,1.9119955670000002,5,2,51.3,75,74,75,65,1.5,1.5,75,74,75,65,1.5,1.5,1.5,1.5
3901254,France - Ligue 1,2015/2016,Stade de Reims,Lyon,4,1,14,9,312,636,2.391283345,1.702504756,5,0,32.9,75,74,75,65,1.5,1.5,75,74,75,65,1.5,1.5,1.5,1.5
3901253,France - Ligue 1,2015/2016,Bordeaux,Paris Saint-Germain,1,1,8,11,388,821,1.012216173,1.895518079,2,1,32.1,75,74,75,65,1.5,1.5,88,81,85,79,2.5,1.0,1.25,2.0
3901252,France - Ligue 1,2015/2016,Lyon,AS Monaco,6,1,23,11,636,331,4.097257988,0.771075844,7,0,65.8,75,74,75,65,1.5,1.5,75,74,75,65,1.5,1.5,1.5,1.5
3901251,France - Ligue 1,2015/2016,Marseille,Stade de Reims,1,0,21,14,547,409,2.2845134004,1.1875095905,1,0,57.2,75,74,75,65,1.5,1.5,75,74,75,65,1.5,1.5,1.5,1.5
3901250,France - Ligue 1,2015/2016,OGC Nice,Saint-Étienne,2,0,12,2,591,337,1.353201522,0.203085654,2,0,63.7,75,74,75,65,1.5,1.5,75,74,75,65,1.5,1.5,1.5,1.5
3901249,France - Ligue 1,2015/2016,Montpellier,Rennes,2,0,17,10,604,519,1.4652746483,0.5771187423999999,2,0,53.8,75,74,75,65,1.5,1.5,75,74,75,65,1.5,1.5,1.5,1.5
3901248,France - Ligue 1,2015/2016,Lille,Guingamp,0,0,29,2,647,353,1.4445810086000002,0.10135237,0,1,64.7,75,74,75,65,1.5,1.5,75,74,75,65,1.5,1.5,1.5,1.5
3901247,France - Ligue 1,2015/2016,Gazélec Ajaccio,Paris Saint-Germain,0,4,7,9,332,880,0.350332817,1.745619065,4,2,27.4,75,74,75,65,1.5,1.5,88,81,85,79,2.5,1.0,1.25,2.0
3901246,France - Ligue 1,2015/2016,Nantes,Caen,1,2,16,9,710,335,0.8413184785,1.2219091235,3,2,67.9,75,74,75,65,1.5,1.5,75,74,75,65,1.5,1.5,1.5,1.5
3901245,France - Ligue 1,2015/2016,Bordeaux,Lorient,3,0,11,10,568,475,1.006924726,0.8881914790000001,3,0,54.5,75,74,75,65,1.5,1.5,75,74,75,65,1.5,1.5,1.5,1.5
3901244,France - Ligue 1,2015/2016,Toulouse,Troyes,1,0,14,4,447,430,1.2776656259999999,0.126980389,1,0,51.0,75,74,75,65,1.5,1.5,75,74,75,65,1.5,1.5,1.5,1.5
3901243,France - Ligue 1,2015/2016,Bastia,Angers,1,0,9,10,547,442,0.881490423,1.41316626,1,0,55.3,75,74,75,65,1.5,1.5,75,74,75,65,1.5,1.5,1.5,1.5
3901242,France - Ligue 1,2015/2016,Angers,Marseille,0,1,13,12,500,450,0.6115342899999999,1.1250196000000001,1,2,52.6,75,74,75,65,1.5,1.5,75,74,75,65,1.5,1.5,1.5,1.5
3901241,France - Ligue 1,2015/2016,Caen,Bastia,0,0,14,7,561,507,1.2184652189999998,0.582806752,0,1,52.5,75,74,75,65,1.5,1.5,75,74,75,65,1.5,1.5,1.5,1.5
3901240,France - Ligue 1,2015/2016,Lorient,Lille,0,1,13,14,591,518,0.61562378,0.821557359,1,2,53.3,75,74,75,65,1.5,1.5,75,74,75,65,1.5,1.5,1.5,1.5
3901238,France - Ligue 1,2015/2016,AS Monaco,Guingamp,3,2,16,9,489,405,1.0835192949999999,0.825017067,5,0,54.7,75,74,75,65,1.5,1.5,75,74,75,65,1.5,1.5,1.5,1.5
3901237,France - Ligue 1,2015/2016,Saint-Étienne,Toulouse,0,0,9,9,436,376,0.430481366,2.111872374,0,1,53.7,75,74,75,65,1.5,1.5,75,74,75,65,1.5,1.5,1.5,1.5
3901236,France - Ligue 1,2015/2016,Nantes,OGC Nice,1,0,18,6,462,598,1.6330790789999998,0.6387432785,1,0,43.6,75,74,75,65,1.5,1.5,75,74,75,65,1.5,1.5,1.5,1.5
3901235,France - Ligue 1,2015/2016,Lyon,Gazélec Ajaccio,2,1,6,6,747,315,0.29130266650000003,0.36054466900000004,3,0,70.3,75,74,75,65,1.5,1.5,75,74,75,65,1.5,1.5,1.5,1.5
3901234,France - Ligue 1,2015/2016,Stade de Reims,Montpellier,2,3,16,11,446,467,2.023559678,0.7221161075,5,2,48.8,75,74,75,65,1.5,1.5,75,74,75,65,1.5,1.5,1.5,1.5
3901233,France - Ligue 1,2015/2016,Paris Saint-Germain,Rennes,4,0,27,9,847,441,4.755116143499999,0.22325201400000003,4,0,65.8,88,81,85,79,2.5,1.0,75,74,75,65,1.5,1.5,2.0,1.25
3901232,France - Ligue 1,2015/2016,Lille,Angers,0,0,12,8,732,349,1.0988515650000001,0.30489857099999995,0,1,67.7,75,74,75,65,1.5,1.5,75,74,75,65,1.5,1.5,1.5,1.5
3901231,France - Ligue 1,2015/2016,Rennes,AS Monaco,1,1,11,9,591,394,0.931858538,1.697724211,2,1,60.0,75,74,75,65,1.5,1.5,75,74,75,65,1.5,1.5,1.5,1.5
3901230,France - Ligue 1,2015/2016,Gazélec Ajaccio,Bastia,3,2,8,17,428,456,1.359218539,1.2372205249000001,5,0,48.4,75,74,75,65,1.5,1.5,75,74,75,65,1.5,1.5,1.5,1.5
3901229,France - Ligue 1,2015/2016,Guingamp,Caen,1,1,11,12,562,415,0.75150329,0.7564125799999999,2,1,57.5,75,74,75,65,1.5,1.5,75,74,75,65,1.5,1.5,1.5,1.5
3901228,France - Ligue 1,2015/2016,Saint-Étienne,Lorient,2,0,12,10,520,553,1.198226207,0.4062078413,2,0,48.5,75,74,75,65,1.5,1.5,75,74,75,65,1.5,1.5,1.5,1.5
3901227,France - Ligue 1,2015/2016,Marseille,Nantes,1,1,7,7,507,426,0.9099498460000001,0.305671466,2,1,54.3,75,74,75,65,1.5,1.5,75,74,75,65,1.5,1.5,1.5,1.5
3901226,France - Ligue 1,2015/2016,Montpellier,Troyes,4,1,14,17,383,603,1.3179873855000002,2.044624731,5,0,38.8,75,74,75,65,1.5,1.5,75,74,75,65,1.5,1.5,1.5,1.5
3901225,France - Ligue 1,2015/2016,Toulouse,Lyon,2,3,9,12,309,570,1.78467961,1.7391845433000002,5,2,35.2,75,74,75,65,1.5,1.5,75,74,75,65,1.5,1.5,1.5,1.5
3901224,France - Ligue 1,2015/2016,OGC Nice,Stade de Reims,2,0,10,11,746,397,1.8732617280000001,1.315958358,2,0,65.3,75,74,75,65,1.5,1.5,75,74,75,65,1.5,1.5,1.5,1.5
3901223,France - Ligue 1,2015/2016,AS Monaco,Marseille,2,1,14,7,398,611,0.9694152249999999,0.5239420783,3,0,39.4,75,74,75,65,1.5,1.5,75,74,75,65,1.5,1.5,1.5,1.5
3901222,France - Ligue 1,2015/2016,Nantes,Montpellier,0,2,10,11,537,448,0.6047357185000001,0.5410269397,2,2,54.5,75,74,75,65,1.5,1.5,75,74,75,65,1.5,1.5,1.5,1.5
3901221,France - Ligue 1,2015/2016,Rennes,Guingamp,0,3,10,12,606,359,0.6940540496000001,1.4592898349999999,3,2,62.8,75,74,75,65,1.5,1.5,75,74,75,65,1.5,1.5,1.5,1.5
3901220,France - Ligue 1,2015/2016,Bastia,Saint-Étienne,0,1,16,9,438,497,1.005760319,0.693675368,1,2,46.8,75,74,75,65,1.5,1.5,75,74,75,65,1.5,1.5,1.5,1.5
3901219,France - Ligue 1,2015/2016,Lorient,Toulouse,1,1,11,11,611,427,0.566968095,0.880453864,2,1,58.9,75,74,75,65,1.5,1.5,75,74,75,65,1.5,1.5,1.5,1.5
3901218,France - Ligue 1,2015/2016,Bordeaux,Angers,1,3,17,4,673,312,1.7225405189999998,0.21511217000000002,4,2,68.3,75,74,75,65,1.5,1.5,75,74,75,65,1.5,1.5,1.5,1.5
3901217,France - Ligue 1,2015/2016,Troyes,Stade de Reims,2,1,21,15,456,327,2.53160207,1.3600891704999998,3,0,58.2,75,74,75,65,1.5,1.5,75,74,75,65,1.5,1.5,1.5,1.5
3901216,France - Ligue 1,2015/2016,Paris Saint-Germain,Caen,6,0,22,15,765,375,3.5175441910000003,0.8298515399999999,6,0,67.1,88,81,85,79,2.5,1.0,75,74,75,65,1.5,1.5,2.0,1.25
3901215,France - Ligue 1,2015/2016,Gazélec Ajaccio,Lille,2,4,14,14,385,571,1.3579010779999998,1.6208416177,6,2,40.3,75,74,75,65,1.5,1.5,75,74,75,65,1.5,1.5,1.5,1.5
3901214,France - Ligue 1,2015/2016,Lyon,OGC Nice,1,1,14,7,532,479,1.1081112850000001,0.7453516299999999,2,1,52.6,75,74,75,65,1.5,1.5,75,74,75,65,1.5,1.5,1.5,1.5
3901213,France - Ligue 1,2015/2016,OGC Nice,Rennes,3,0,13,9,604,432,2.963454199,0.929624326,3,0,58.3,75,74,75,65,1.5,1.5,75,74,75,65,1.5,1.5,1.5,1.5
3901212,France - Ligue 1,2015/2016,Lille,AS Monaco,4,1,9,7,460,440,1.80943768,0.51922413,5,0,51.1,75,74,75,65,1.5,1.5,75,74,75,65,1.5,1.5,1.5,1.5
3901211,France - Ligue 1,2015/2016,Marseille,Bordeaux,0,0,7,9,726,282,0.44315755,0.5585171099999999,0,1,72.0,75,74,75,65,1.5,1.5,75,74,75,65,1.5,1.5,1.5,1.5
3901210,France - Ligue 1,2015/2016,Saint-Étienne,Troyes,1,0,16,9,565,400,1.4666562042,0.2646629662,1,0,58.5,75,74,75,65,1.5,1.5,75,74,75,65,1.5,1.5,1.5,1.5
3901209,France - Ligue 1,2015/2016,Angers,Gazélec Ajaccio,0,0,7,3,500,441,0.19168990569999997,0.15494998100000001,0,1,53.1,75,74,75,65,1.5,1.5,75,74,75,65,1.5,1.5,1.5,1.5
3901208,France - Ligue 1,2015/2016,Guingamp,Paris Saint-Germain,0,2,8,14,370,762,0.532449108,1.9548871180000003,2,2,32.7,75,74,75,65,1.5,1.5,88,81,85,79,2.5,1.0,1.25,2.0
3901207,France - Ligue 1,2015/2016,Stade de Reims,Nantes,2,1,10,14,350,538,0.590242319,1.4897035743999998,3,0,39.4,75,74,75,65,1.5,1.5,75,74,75,65,1.5,1.5,1.5,1.5
3901206,France - Ligue 1,2015/2016,Toulouse,Bastia,4,0,11,3,446,509,1.3026255783999998,0.063239402,4,0,46.7,75,74,75,65,1.5,1.5,75,74,75,65,1.5,1.5,1.5,1.5
3901205,France - Ligue 1,2015/2016,Caen,Lorient,1,2,18,16,577,487,1.015698852,1.991365314,3,2,54.2,75,74,75,65,1.5,1.5,75,74,75,65,1.5,1.5,1.5,1.5
3901204,France - Ligue 1,2015/2016,Montpellier,Lyon,0,2,7,14,428,718,0.653730353,3.013044285,2,2,37.3,75,74,75,65,1.5,1.5,75,74,75,65,1.5,1.5,1.5,1.5
3901203,France - Ligue 1,2015/2016,Nantes,Lille,0,3,13,11,582,412,0.445952176,0.728751264,3,2,58.6,75,74,75,65,1.5,1.5,75,74,75,65,1.5,1.5,1.5,1.5
3901202,France - Ligue 1,2015/2016,Lorient,Lyon,1,3,8,17,433,702,1.348637097,1.7583651089999999,4,2,38.1,75,74,75,65,1.5,1.5,75,74,75,65,1.5,1.5,1.5,1.5
3901201,France - Ligue 1,2015/2016,Bastia,Marseille,2,1,6,7,266,572,1.028625741,0.368226237,3,0,31.7,75,74,75,65,1.5,1.5,75,74,75,65,1.5,1.5,1.5,1.5
3901200,France - Ligue 1,2015/2016,Toulouse,Caen,2,0,7,6,421,463,0.5877878350000001,0.2019931835,2,0,47.6,75,74,75,65,1.5,1.5,75,74,75,65,1.5,1.5,1.5,1.5
3901198,France - Ligue 1,2015/2016,Troyes,Angers,0,1,12,18,547,501,1.1604834544,1.0116306050000001,1,2,52.2,75,74,75,65,1.5,1.5,75,74,75,65,1.5,1.5,1.5,1.5
3901197,France - Ligue 1,2015/2016,Guingamp,Montpellier,2,2,10,12,405,469,0.7629201629999999,0.46767791360000005,4,1,46.3,75,74,75,65,1.5,1.5,75,74,75,65,1.5,1.5,1.5,1.5
3901196,France - Ligue 1,2015/2016,Paris Saint-Germain,OGC Nice,4,1,12,6,687,544,1.2392427879999999,0.43395591699999997,5,0,55.8,88,81,85,79,2.5,1.0,75,74,75,65,1.5,1.5,2.0,1.25
3901195,France - Ligue 1,2015/2016,Gazélec Ajaccio,Saint-Étienne,0,2,17,8,521,408,1.4489021619999998,0.7188054959999999,2,2,56.1,75,74,75,65,1.5,1.5,75,74,75,65,1.5,1.5,1.5,1.5
3901194,France - Ligue 1,2015/2016,AS Monaco,Bordeaux,1,2,15,10,600,361,1.5346134724,0.9991060377,3,2,62.4,75,74,75,65,1.5,1.5,75,74,75,65,1.5,1.5,1.5,1.5
3901193,France - Ligue 1,2015/2016,Paris Saint-Germain,AS Monaco,0,2,23,12,887,321,2.238237888,2.0699904948,2,2,73.4,88,81,85,79,2.5,1.0,75,74,75,65,1.5,1.5,2.0,1.25
3901192,France - Ligue 1,2015/2016,Bordeaux,Bastia,1,1,12,8,425,553,1.056678666,0.9793605519999999,2,1,43.5,75,74,75,65,1.5,1.5,75,74,75,65,1.5,1.5,1.5,1.5
3901191,France - Ligue 1,2015/2016,OGC Nice,Gazélec Ajaccio,3,0,10,12,712,443,1.619685917,0.5154962057999999,3,0,61.6,75,74,75,65,1.5,1.5,75,74,75,65,1.5,1.5,1.5,1.5
3901190,France - Ligue 1,2015/2016,Caen,Troyes,2,1,24,4,469,484,1.029590921,0.2597358105,3,0,49.2,75,74,75,65,1.5,1.5,75,74,75,65,1.5,1.5,1.5,1.5
3901189,France - Ligue 1,2015/2016,Lille,Toulouse,1,0,6,10,513,483,0.22782458299999997,1.0603969013,1,0,51.5,75,74,75,65,1.5,1.5,75,74,75,65,1.5,1.5,1.5,1.5
3901187,France - Ligue 1,2015/2016,Angers,Lorient,5,1,23,5,371,506,3.957013582,0.856725899,6,0,42.3,75,74,75,65,1.5,1.5,75,74,75,65,1.5,1.5,1.5,1.5
3901186,France - Ligue 1,2015/2016,Lyon,Nantes,2,0,8,7,637,431,1.7968902930000001,0.31470311,2,0,59.6,75,74,75,65,1.5,1.5,75,74,75,65,1.5,1.5,1.5,1.5
3901185,France - Ligue 1,2015/2016,Stade de Reims,Guingamp,0,1,20,2,709,239,1.3538508087,0.16927694,1,2,74.8,75,74,75,65,1.5,1.5,75,74,75,65,1.5,1.5,1.5,1.5
3901183,France - Ligue 1,2015/2016,Troyes,Paris Saint-Germain,0,9,16,22,422,742,1.1702205665,5.723213808,9,2,36.3,75,74,75,65,1.5,1.5,88,81,85,79,2.5,1.0,1.25,2.0
3901181,France - Ligue 1,2015/2016,Rennes,Lyon,2,2,13,17,357,519,1.2150621179999999,2.3303083510000002,4,1,40.8,75,74,75,65,1.5,1.5,75,74,75,65,1.5,1.5,1.5,1.5
3901180,France - Ligue 1,2015/2016,Guingamp,Saint-Étienne,2,0,7,16,322,648,1.325261625,0.871084372,2,0,33.2,75,74,75,65,1.5,1.5,75,74,75,65,1.5,1.5,1.5,1.5
3901179,France - Ligue 1,2015/2016,Gazélec Ajaccio,Caen,1,0,19,10,552,381,1.1086152847,0.7611338710000001,1,0,59.2,75,74,75,65,1.5,1.5,75,74,75,65,1.5,1.5,1.5,1.5
3901177,France - Ligue 1,2015/2016,Bastia,Lille,1,2,10,9,454,536,0.8146223950000001,0.9675157879999999,3,2,45.9,75,74,75,65,1.5,1.5,75,74,75,65,1.5,1.5,1.5,1.5
3901176,France - Ligue 1,2015/2016,Toulouse,Bordeaux,4,0,21,13,459,419,4.74145211,0.5835116764,4,0,52.3,75,74,75,65,1.5,1.5,75,74,75,65,1.5,1.5,1.5,1.5
3901175,France - Ligue 1,2015/2016,Montpellier,OGC Nice,0,2,11,10,513,618,1.2708964822,1.8918583755,2,2,45.4,75,74,75,65,1.5,1.5,75,74,75,65,1.5,1.5,1.5,1.5
3901174,France - Ligue 1,2015/2016,AS Monaco,Stade de Reims,2,2,12,10,427,532,1.448384876,1.3751442080000003,4,1,44.5,75,74,75,65,1.5,1.5,75,74,75,65,1.5,1.5,1.5,1.5
3901173,France - Ligue 1,2015/2016,Gazélec Ajaccio,Marseille,1,1,16,6,389,437,1.504207754,0.86113621,2,1,47.1,75,74,75,65,1.5,1.5,75,74,75,65,1.5,1.5,1.5,1.5
3901172,France - Ligue 1,2015/2016,Bastia,Nantes,0,0,5,8,458,448,0.35330764899999995,0.44382384099999994,0,1,50.6,75,74,75,65,1.5,1.5,75,74,75,65,1.5,1.5,1.5,1.5
3901171,France - Ligue 1,2015/2016,Lyon,Guingamp,5,1,16,11,647,330,4.324795418,1.621508307,6,0,66.2,75,74,75,65,1.5,1.5,75,74,75,65,1.5,1.5,1.5,1.5
3901167,France - Ligue 1,2015/2016,Bastia,Lorient,0,0,25,2,492,453,2.1364796853000003,0.086476494,0,1,52.1,75,74,75,65,1.5,1.5,75,74,75,65,1.5,1.5,1.5,1.5
3901165,France - Ligue 1,2015/2016,Bordeaux,Gazélec Ajaccio,1,1,12,4,510,533,1.605505015,0.19267247799999998,2,1,48.9,75,74,75,65,1.5,1.5,75,74,75,65,1.5,1.5,1.5,1.5
3901164,France - Ligue 1,2015/2016,Angers,Saint-Étienne,0,0,7,7,361,598,0.354852771,1.555241324,0,1,37.6,75,74,75,65,1.5,1.5,75,74,75,65,1.5,1.5,1.5,1.5
3901163,France - Ligue 1,2015/2016,OGC Nice,Troyes,2,1,17,9,808,392,1.792397987,0.721425106,3,0,67.3,75,74,75,65,1.5,1.5,75,74,75,65,1.5,1.5,1.5,1.5
3901162,France - Ligue 1,2015/2016,Caen,AS Monaco,2,2,14,8,448,488,1.5485334825000001,0.5322113900000001,4,1,47.9,75,74,75,65,1.5,1.5,75,74,75,65,1.5,1.5,1.5,1.5
3901161,France - Ligue 1,2015/2016,Saint-Étienne,Caen,1,2,15,16,599,361,1.263882367,1.3947519800000001,3,2,62.4,75,74,75,65,1.5,1.5,75,74,75,65,1.5,1.5,1.5,1.5
3901160,France - Ligue 1,2015/2016,Nantes,AS Monaco,0,0,13,4,511,432,0.998449008,0.320730176,0,1,54.2,75,74,75,65,1.5,1.5,75,74,75,65,1.5,1.5,1.5,1.5
3901159,France - Ligue 1,2015/2016,Lyon,Paris Saint-Germain,2,1,14,7,373,625,1.2474637300000002,0.3708313397,3,0,37.4,75,74,75,65,1.5,1.5,88,81,85,79,2.5,1.0,1.25,2.0
3901158,France - Ligue 1,2015/2016,Toulouse,Rennes,1,2,8,18,500,593,0.40919840099999993,1.719294862,3,2,45.7,75,74,75,65,1.5,1.5,75,74,75,65,1.5,1.5,1.5,1.5
3901157,France - Ligue 1,2015/2016,Stade de Reims,Bordeaux,4,1,15,6,351,586,1.1984398674,0.672826398,5,0,37.5,75,74,75,65,1.5,1.5,75,74,75,65,1.5,1.5,1.5,1.5
3901156,France - Ligue 1,2015/2016,Guingamp,Angers,2,2,15,8,510,373,2.7773632189999997,1.007466061,4,1,57.8,75,74,75,65,1.5,1.5,75,74,75,65,1.5,1.5,1.5,1.5
3901155,France - Ligue 1,2015/2016,Montpellier,Lille,3,0,9,6,500,445,1.039311871,0.388642048,3,0,52.9,75,74,75,65,1.5,1.5,75,74,75,65,1.5,1.5,1.5,1.5
3901154,France - Ligue 1,2015/2016,Troyes,Lorient,0,1,11,19,629,453,0.580839664,2.210018599,1,2,58.1,75,74,75,65,1.5,1.5,75,74,75,65,1.5,1.5,1.5,1.5
3901153,France - Ligue 1,2015/2016,OGC Nice,Bastia,0,2,10,11,645,303,0.9855394560000001,0.4505647455000001,2,2,68.0,75,74,75,65,1.5,1.5,75,74,75,65,1.5,1.5,1.5,1.5
3901152,France - Ligue 1,2015/2016,Caen,Rennes,1,0,12,8,362,659,1.1649230480000001,0.6804309640000001,1,0,35.5,75,74,75,65,1.5,1.5,75,74,75,65,1.5,1.5,1.5,1.5
3901151,France - Ligue 1,2015/2016,Lille,Lyon,1,0,11,12,389,461,0.7857719002999999,1.027345596,1,0,45.8,75,74,75,65,1.5,1.5,75,74,75,65,1.5,1.5,1.5,1.5
3901150,France - Ligue 1,2015/2016,Marseille,Saint-Étienne,1,1,8,15,466,471,0.550853493,0.849397971,2,1,49.7,75,74,75,65,1.5,1.5,75,74,75,65,1.5,1.5,1.5,1.5
3901149,France - Ligue 1,2015/2016,AS Monaco,Troyes,3,1,17,15,498,616,2.9326031269999997,1.0962992244999998,4,0,44.7,75,74,75,65,1.5,1.5,75,74,75,65,1.5,1.5,1.5,1.5
3901148,France - Ligue 1,2015/2016,Lorient,Guingamp,4,3,27,14,503,357,2.815289917,0.7965017661999999,7,0,58.5,75,74,75,65,1.5,1.5,75,74,75,65,1.5,1.5,1.5,1.5
3901147,France - Ligue 1,2015/2016,Toulouse,Gazélec Ajaccio,1,1,13,9,528,444,1.42078701,0.9793311290000001,2,1,54.3,75,74,75,65,1.5,1.5,75,74,75,65,1.5,1.5,1.5,1.5
3901146,France - Ligue 1,2015/2016,Paris Saint-Germain,Stade de Reims,4,1,15,10,854,361,1.3731639759999998,0.6472681357,5,0,70.3,88,81,85,79,2.5,1.0,75,74,75,65,1.5,1.5,2.0,1.25
3901145,France - Ligue 1,2015/2016,Angers,Montpellier,2,3,13,12,430,576,1.579348702,1.0879116595,5,2,42.7,75,74,75,65,1.5,1.5,75,74,75,65,1.5,1.5,1.5,1.5
3901144,France - Ligue 1,2015/2016,Bordeaux,OGC Nice,0,0,14,10,520,586,1.1823832799999998,0.505694416,0,1,47.0,75,74,75,65,1.5,1.5,75,74,75,65,1.5,1.5,1.5,1.5
3900608,France - Ligue 1,2015/2016,Caen,OGC Nice,2,0,9,16,243,710,1.8032712969999998,2.258176788,2,0,25.5,75,74,75,65,1.5,1.5,75,74,75,65,1.5,1.5,1.5,1.5
3900602,France - Ligue 1,2015/2016,Lorient,Stade de Reims,2,0,9,12,413,517,1.4439213065,1.6055781036999999,2,0,44.4,75,74,75,65,1.5,1.5,75,74,75,65,1.5,1.5,1.5,1.5
3829518,France - Ligue 1,2015/2016,Lille,Marseille,1,2,10,12,422,390,0.6873129699999999,1.459104036,3,2,52.0,75,74,75,65,1.5,1.5,75,74,75,65,1.5,1.5,1.5,1.5
3829479,France - Ligue 1,2015/2016,Lorient,Caen,2,0,8,15,549,470,1.2514722370000002,1.0165706485000001,2,0,53.9,75,74,75,65,1.5,1.5,75,74,75,65,1.5,1.5,1.5,1.5
3829478,France - Ligue 1,2015/2016,Gazélec Ajaccio,Rennes,1,1,13,18,480,503,0.49428362340000004,1.6350721799,2,1,48.8,75,74,75,65,1.5,1.5,75,74,75,65,1.5,1.5,1.5,1.5
3829519,France - Ligue 1,2015/2016,Paris Saint-Germain,Saint-Étienne,4,1,21,14,899,406,4.1258815853,0.7544148927,5,0,68.9,88,81,85,79,2.5,1.0,75,74,75,65,1.5,1.5,2.0,1.25
3829416,France - Ligue 1,2015/2016,OGC Nice,AS Monaco,1,2,6,17,391,529,0.7025572584,3.3196686050000004,3,2,42.5,75,74,75,65,1.5,1.5,75,74,75,65,1.5,1.5,1.5,1.5
3829459,France - Ligue 1,2015/2016,OGC Nice,Guingamp,0,1,17,8,698,364,0.6549969619999999,1.071880529,1,2,65.7,75,74,75,65,1.5,1.5,75,74,75,65,1.5,1.5,1.5,1.5
3900636,France - Ligue 1,2015/2016,Nantes,Lorient,2,1,10,4,454,550,1.3043129180000002,0.9366970569999999,3,0,45.2,75,74,75,65,1.5,1.5,75,74,75,65,1.5,1.5,1.5,1.5
3900633,France - Ligue 1,2015/2016,Gazélec Ajaccio,Troyes,2,3,19,6,491,385,2.159152223,0.543193,5,2,56.1,75,74,75,65,1.5,1.5,75,74,75,65,1.5,1.5,1.5,1.5
3900628,France - Ligue 1,2015/2016,Lille,Rennes,1,1,16,10,454,527,1.2356093665,1.086653842,2,1,46.3,75,74,75,65,1.5,1.5,75,74,75,65,1.5,1.5,1.5,1.5
3900627,France - Ligue 1,2015/2016,Bordeaux,Saint-Étienne,1,4,10,14,514,371,0.9376220705999999,2.7341355450000004,5,2,58.1,75,74,75,65,1.5,1.5,75,74,75,65,1.5,1.5,1.5,1.5
3900625,France - Ligue 1,2015/2016,AS Monaco,OGC Nice,1,0,8,13,342,706,1.5016868057,0.598611417,1,0,32.6,75,74,75,65,1.5,1.5,75,74,75,65,1.5,1.5,1.5,1.5
3900624,France - Ligue 1,2015/2016,Angers,Lyon,0,3,6,9,366,727,0.6026444472000001,0.5385622099999999,3,2,33.5,75,74,75,65,1.5,1.5,75,74,75,65,1.5,1.5,1.5,1.5
3900616,France - Ligue 1,2015/2016,Lyon,Bordeaux,3,0,17,12,544,407,2.12575275,1.057404163,3,0,57.2,75,74,75,65,1.5,1.5,75,74,75,65,1.5,1.5,1.5,1.5
3900617,France - Ligue 1,2015/2016,Stade de Reims,Angers,2,1,14,12,498,393,0.6927720610000001,1.275657419,3,0,55.9,75,74,75,65,1.5,1.5,75,74,75,65,1.5,1.5,1.5,1.5
3900609,France - Ligue 1,2015/2016,Bordeaux,Rennes,4,0,21,8,533,533,1.8050165110000003,0.6238648504,4,0,50.0,75,74,75,65,1.5,1.5,75,74,75,65,1.5,1.5,1.5,1.5
3900604,France - Ligue 1,2015/2016,Angers,AS Monaco,3,0,19,9,430,585,2.491746115,0.5115873870000001,3,0,42.4,75,74,75,65,1.5,1.5,75,74,75,65,1.5,1.5,1.5,1.5
3900605,France - Ligue 1,2015/2016,Bastia,Lyon,1,0,7,9,277,670,0.7113211244,1.0007360669999998,1,0,29.3,75,74,75,65,1.5,1.5,75,74,75,65,1.5,1.5,1.5,1.5
3900603,France - Ligue 1,2015/2016,Toulouse,Guingamp,1,2,14,6,575,338,2.283730359,1.0080802629999999,3,2,63.0,75,74,75,65,1.5,1.5,75,74,75,65,1.5,1.5,1.5,1.5
3900606,France - Ligue 1,2015/2016,Troyes,Nantes,0,1,13,10,564,540,0.8000540563,0.769037231,1,2,51.1,75,74,75,65,1.5,1.5,75,74,75,65,1.5,1.5,1.5,1.5
3900600,France - Ligue 1,2015/2016,Marseille,Lille,1,1,16,12,555,420,1.717499568,0.9962606550000002,2,1,56.9,75,74,75,65,1.5,1.5,75,74,75,65,1.5,1.5,1.5,1.5
3900598,France - Ligue 1,2015/2016,AS Monaco,Toulouse,4,0,15,10,415,453,2.94498062,1.5882195719999999,4,0,47.8,75,74,75,65,1.5,1.5,75,74,75,65,1.5,1.5,1.5,1.5
3900597,France - Ligue 1,2015/2016,Lyon,Marseille,1,1,22,7,649,337,1.9464689162,0.783673481,2,1,65.8,75,74,75,65,1.5,1.5,75,74,75,65,1.5,1.5,1.5,1.5
3900599,France - Ligue 1,2015/2016,Stade de Reims,Saint-Étienne,1,1,13,5,493,519,2.3826316125,0.39963470199999995,2,1,48.7,75,74,75,65,1.5,1.5,75,74,75,65,1.5,1.5,1.5,1.5
3900592,France - Ligue 1,2015/2016,Montpellier,Caen,1,2,16,9,681,395,1.165207747,0.8390315057,3,2,63.3,75,74,75,65,1.5,1.5,75,74,75,65,1.5,1.5,1.5,1.5
3900595,France - Ligue 1,2015/2016,OGC Nice,Lorient,2,1,8,13,662,522,0.569729383,1.2323962255,3,0,55.9,75,74,75,65,1.5,1.5,75,74,75,65,1.5,1.5,1.5,1.5
3900593,France - Ligue 1,2015/2016,Lille,Troyes,1,3,22,7,577,434,2.0330128110000003,0.610975458,4,2,57.1,75,74,75,65,1.5,1.5,75,74,75,65,1.5,1.5,1.5,1.5
3900590,France - Ligue 1,2015/2016,Rennes,Gazélec Ajaccio,1,0,10,8,567,469,1.3482308490000003,0.3957009734,1,0,54.7,75,74,75,65,1.5,1.5,75,74,75,65,1.5,1.5,1.5,1.5
3900589,France - Ligue 1,2015/2016,Caen,Marseille,1,3,7,15,370,568,0.683820039,2.1029114,4,2,39.4,75,74,75,65,1.5,1.5,75,74,75,65,1.5,1.5,1.5,1.5
3900588,France - Ligue 1,2015/2016,Lorient,AS Monaco,0,2,8,6,565,476,0.715287521,0.6789292,2,2,54.3,75,74,75,65,1.5,1.5,75,74,75,65,1.5,1.5,1.5,1.5
3900586,France - Ligue 1,2015/2016,Guingamp,Nantes,2,2,9,9,373,514,0.9786888785,0.513071894,4,1,42.1,75,74,75,65,1.5,1.5,75,74,75,65,1.5,1.5,1.5,1.5
3900584,France - Ligue 1,2015/2016,Bastia,Montpellier,1,0,2,8,436,543,0.30387894,1.019667721,1,0,44.5,75,74,75,65,1.5,1.5,75,74,75,65,1.5,1.5,1.5,1.5
3900582,France - Ligue 1,2015/2016,Gazélec Ajaccio,Stade de Reims,2,2,19,10,578,414,2.280582661,0.47818143949999997,4,1,58.3,75,74,75,65,1.5,1.5,75,74,75,65,1.5,1.5,1.5,1.5
3900583,France - Ligue 1,2015/2016,Troyes,Rennes,2,4,12,19,515,537,0.8051716969999999,3.1497473207,6,2,49.0,75,74,75,65,1.5,1.5,75,74,75,65,1.5,1.5,1.5,1.5
3900585,France - Ligue 1,2015/2016,Toulouse,Paris Saint-Germain,0,1,9,12,311,883,0.6517639595000001,0.9044508504000001,1,2,26.0,75,74,75,65,1.5,1.5,88,81,85,79,2.5,1.0,1.25,2.0
3900570,France - Ligue 1,2015/2016,Paris Saint-Germain,Bastia,2,0,13,5,934,311,1.7797756434999998,0.3566725295,2,0,75.0,88,81,85,79,2.5,1.0,75,74,75,65,1.5,1.5,2.0,1.25
3900567,France - Ligue 1,2015/2016,Bordeaux,Marseille,1,1,10,6,399,575,1.177060253,0.41018982899999995,2,1,41.0,75,74,75,65,1.5,1.5,75,74,75,65,1.5,1.5,1.5,1.5
3900568,France - Ligue 1,2015/2016,Gazélec Ajaccio,Lyon,2,1,13,9,445,543,1.7170158573000003,1.0968333194000002,3,0,45.0,75,74,75,65,1.5,1.5,75,74,75,65,1.5,1.5,1.5,1.5
3900549,France - Ligue 1,2015/2016,Saint-Étienne,Rennes,1,1,14,5,546,440,1.6056041179999998,0.5261022425,2,1,55.4,75,74,75,65,1.5,1.5,75,74,75,65,1.5,1.5,1.5,1.5
3900548,France - Ligue 1,2015/2016,Bordeaux,Guingamp,1,0,14,9,576,391,0.7930131398,0.658757315,1,0,59.6,75,74,75,65,1.5,1.5,75,74,75,65,1.5,1.5,1.5,1.5
3900547,France - Ligue 1,2015/2016,Marseille,Montpellier,2,2,14,6,619,340,1.5165353754,0.677074977,4,1,64.5,75,74,75,65,1.5,1.5,75,74,75,65,1.5,1.5,1.5,1.5
3900545,France - Ligue 1,2015/2016,Lyon,Angers,0,2,14,9,674,411,0.9331164339999999,0.717859845,2,2,62.1,75,74,75,65,1.5,1.5,75,74,75,65,1.5,1.5,1.5,1.5
3900546,France - Ligue 1,2015/2016,Gazélec Ajaccio,Nantes,1,1,26,11,496,375,1.6883218209999997,1.3937466100000002,2,1,56.9,75,74,75,65,1.5,1.5,75,74,75,65,1.5,1.5,1.5,1.5
3900544,France - Ligue 1,2015/2016,Toulouse,Lorient,2,3,20,5,562,464,3.223110366,0.5072979390000001,5,2,54.8,75,74,75,65,1.5,1.5,75,74,75,65,1.5,1.5,1.5,1.5
3900540,France - Ligue 1,2015/2016,OGC Nice,Paris Saint-Germain,0,3,7,16,436,787,0.28675646,3.2090341140000005,3,2,35.7,75,74,75,65,1.5,1.5,88,81,85,79,2.5,1.0,1.25,2.0
3900539,France - Ligue 1,2015/2016,Rennes,Marseille,0,1,10,11,498,496,0.738167236,0.823297388,1,2,50.1,75,74,75,65,1.5,1.5,75,74,75,65,1.5,1.5,1.5,1.5
3900533,France - Ligue 1,2015/2016,AS Monaco,Caen,1,1,11,9,650,418,0.9673935760000001,0.4749134357,2,1,60.9,75,74,75,65,1.5,1.5,75,74,75,65,1.5,1.5,1.5,1.5
3900538,France - Ligue 1,2015/2016,Guingamp,Stade de Reims,1,2,8,6,449,377,0.47326173289999995,1.13082267,3,2,54.4,75,74,75,65,1.5,1.5,75,74,75,65,1.5,1.5,1.5,1.5
3900537,France - Ligue 1,2015/2016,Troyes,Toulouse,0,3,18,11,623,372,0.811347338,1.8639289314000003,3,2,62.6,75,74,75,65,1.5,1.5,75,74,75,65,1.5,1.5,1.5,1.5
3900536,France - Ligue 1,2015/2016,Montpellier,Gazélec Ajaccio,0,2,16,6,612,338,1.4322368647,0.8857450716999999,2,2,64.4,75,74,75,65,1.5,1.5,75,74,75,65,1.5,1.5,1.5,1.5
3900534,France - Ligue 1,2015/2016,Bastia,Bordeaux,1,0,9,6,478,499,1.0814138279999999,0.324544335,1,0,48.9,75,74,75,65,1.5,1.5,75,74,75,65,1.5,1.5,1.5,1.5
3900535,France - Ligue 1,2015/2016,Lille,Saint-Étienne,1,0,15,9,378,403,0.45121285209999995,0.372131112,1,0,48.4,75,74,75,65,1.5,1.5,75,74,75,65,1.5,1.5,1.5,1.5
3900530,France - Ligue 1,2015/2016,Nantes,Lyon,0,0,9,10,422,605,0.902539821,0.55918388,0,1,41.1,75,74,75,65,1.5,1.5,75,74,75,65,1.5,1.5,1.5,1.5
3900532,France - Ligue 1,2015/2016,Angers,Paris Saint-Germain,0,0,8,12,277,828,0.342673703,0.812336745,0,1,25.1,75,74,75,65,1.5,1.5,88,81,85,79,2.5,1.0,1.25,2.0
3900531,France - Ligue 1,2015/2016,Lorient,OGC Nice,0,0,10,12,566,562,0.3366670317,1.108375682,0,1,50.2,75,74,75,65,1.5,1.5,75,74,75,65,1.5,1.5,1.5,1.5
3900529,France - Ligue 1,2015/2016,Saint-Étienne,Guingamp,3,0,11,14,409,323,2.736029811,1.583344152,3,0,55.9,75,74,75,65,1.5,1.5,75,74,75,65,1.5,1.5,1.5,1.5
3900528,France - Ligue 1,2015/2016,Bordeaux,Caen,1,4,11,12,648,306,0.7672664839,2.1562948895000003,5,2,67.9,75,74,75,65,1.5,1.5,75,74,75,65,1.5,1.5,1.5,1.5
3900522,France - Ligue 1,2015/2016,Toulouse,OGC Nice,2,0,11,8,447,736,2.241571151,0.4247373606,2,0,37.8,75,74,75,65,1.5,1.5,75,74,75,65,1.5,1.5,1.5,1.5
3900523,France - Ligue 1,2015/2016,Stade de Reims,Rennes,2,2,12,11,450,500,0.9042434381000001,1.095413491,4,1,47.4,75,74,75,65,1.5,1.5,75,74,75,65,1.5,1.5,1.5,1.5
3900521,France - Ligue 1,2015/2016,Paris Saint-Germain,Troyes,4,1,21,11,754,435,3.4534212739999997,0.47632111,5,0,63.4,88,81,85,79,2.5,1.0,75,74,75,65,1.5,1.5,2.0,1.25
3900518,France - Ligue 1,2015/2016,Caen,Angers,0,0,13,11,418,637,0.41243965330000004,0.640955641,0,1,39.6,75,74,75,65,1.5,1.5,75,74,75,65,1.5,1.5,1.5,1.5
3900519,France - Ligue 1,2015/2016,Rennes,Bordeaux,2,2,8,8,459,513,2.1221260855,2.251584787,4,1,47.2,75,74,75,65,1.5,1.5,75,74,75,65,1.5,1.5,1.5,1.5
3900511,France - Ligue 1,2015/2016,Lorient,Paris Saint-Germain,1,2,13,8,522,697,0.920605126,1.401772233,3,2,42.8,75,74,75,65,1.5,1.5,88,81,85,79,2.5,1.0,1.25,2.0
3900514,France - Ligue 1,2015/2016,Guingamp,Toulouse,2,0,7,15,380,445,1.2665894782999998,1.3463348780000002,2,0,46.1,75,74,75,65,1.5,1.5,75,74,75,65,1.5,1.5,1.5,1.5
3900515,France - Ligue 1,2015/2016,AS Monaco,Nantes,1,0,9,12,538,447,0.7492219914000001,0.44033106000000005,1,0,54.6,75,74,75,65,1.5,1.5,75,74,75,65,1.5,1.5,1.5,1.5
3829512,France - Ligue 1,2015/2016,Lyon,Toulouse,3,0,20,7,665,343,2.1844801988,0.795229261,3,0,66.0,75,74,75,65,1.5,1.5,75,74,75,65,1.5,1.5,1.5,1.5
3829495,France - Ligue 1,2015/2016,Lyon,Stade de Reims,1,0,17,8,655,443,2.1157878553,0.571174886,1,0,59.7,75,74,75,65,1.5,1.5,75,74,75,65,1.5,1.5,1.5,1.5
3900491,France - Ligue 1,2015/2016,Saint-Étienne,Stade de Reims,3,0,20,8,503,364,2.7204329135,0.616669006,3,0,58.0,75,74,75,65,1.5,1.5,75,74,75,65,1.5,1.5,1.5,1.5
3900504,France - Ligue 1,2015/2016,Montpellier,Nantes,2,1,10,10,489,514,1.9781367370000003,0.6174783064,3,0,48.8,75,74,75,65,1.5,1.5,75,74,75,65,1.5,1.5,1.5,1.5
3900506,France - Ligue 1,2015/2016,Stade de Reims,Gazélec Ajaccio,1,2,16,10,589,395,1.419055433,0.6156448375,3,2,59.9,75,74,75,65,1.5,1.5,75,74,75,65,1.5,1.5,1.5,1.5
3900505,France - Ligue 1,2015/2016,Caen,Guingamp,2,1,16,12,366,519,1.320283138,1.3751438497,3,0,41.4,75,74,75,65,1.5,1.5,75,74,75,65,1.5,1.5,1.5,1.5
3829496,France - Ligue 1,2015/2016,Angers,Bastia,1,0,17,8,515,394,2.059615198,0.399772543,1,0,56.7,75,74,75,65,1.5,1.5,75,74,75,65,1.5,1.5,1.5,1.5
3829514,France - Ligue 1,2015/2016,Angers,Guingamp,0,0,11,10,452,447,0.297069181,1.2467827915,0,1,50.3,75,74,75,65,1.5,1.5,75,74,75,65,1.5,1.5,1.5,1.5
3829499,France - Ligue 1,2015/2016,Caen,Saint-Étienne,1,0,14,11,325,505,1.4303807345,0.6355119686999999,1,0,39.2,75,74,75,65,1.5,1.5,75,74,75,65,1.5,1.5,1.5,1.5
3829469,France - Ligue 1,2015/2016,AS Monaco,Lorient,2,3,13,16,615,357,1.4265371499,1.949385664,5,2,63.3,75,74,75,65,1.5,1.5,75,74,75,65,1.5,1.5,1.5,1.5
3829454,France - Ligue 1,2015/2016,Lyon,Lille,0,0,13,10,528,304,0.81244586,0.575079498,0,1,63.5,75,74,75,65,1.5,1.5,75,74,75,65,1.5,1.5,1.5,1.5
3829439,France - Ligue 1,2015/2016,Toulouse,AS Monaco,1,1,11,14,411,551,1.4981397559999998,1.056020339,2,1,42.7,75,74,75,65,1.5,1.5,75,74,75,65,1.5,1.5,1.5,1.5
3829513,France - Ligue 1,2015/2016,Caen,Nantes,0,2,17,10,467,392,1.2545822830000002,1.346418922,2,2,54.4,75,74,75,65,1.5,1.5,75,74,75,65,1.5,1.5,1.5,1.5
3829510,France - Ligue 1,2015/2016,Rennes,OGC Nice,1,4,16,12,463,636,0.7692219812999999,1.7688802224999998,5,2,42.1,75,74,75,65,1.5,1.5,75,74,75,65,1.5,1.5,1.5,1.5
3829445,France - Ligue 1,2015/2016,Angers,OGC Nice,1,1,5,12,359,673,0.211300474,0.882304516,2,1,34.8,75,74,75,65,1.5,1.5,75,74,75,65,1.5,1.5,1.5,1.5
3829433,France - Ligue 1,2015/2016,Montpellier,Paris Saint-Germain,0,1,10,9,422,733,0.393269184,0.766081998,1,2,36.5,75,74,75,65,1.5,1.5,88,81,85,79,2.5,1.0,1.25,2.0
3829466,France - Ligue 1,2015/2016,Angers,Troyes,1,0,17,14,324,582,1.7176083042999999,1.3202160795,1,0,35.8,75,74,75,65,1.5,1.5,75,74,75,65,1.5,1.5,1.5,1.5
3900639,France - Ligue 1,2015/2016,Saint-Étienne,AS Monaco,1,1,20,8,492,366,1.4177273464,0.8622670879999998,2,1,57.3,75,74,75,65,1.5,1.5,75,74,75,65,1.5,1.5,1.5,1.5
3900638,France - Ligue 1,2015/2016,Lyon,Caen,4,1,21,15,578,373,3.7991769305,1.089388963,5,0,60.8,75,74,75,65,1.5,1.5,75,74,75,65,1.5,1.5,1.5,1.5
3900637,France - Ligue 1,2015/2016,OGC Nice,Marseille,1,1,9,12,574,506,0.7780368929999999,1.874037993,2,1,53.1,75,74,75,65,1.5,1.5,75,74,75,65,1.5,1.5,1.5,1.5
3900635,France - Ligue 1,2015/2016,Stade de Reims,Bastia,0,1,13,12,494,389,1.307273571,0.6835360555999999,1,2,55.9,75,74,75,65,1.5,1.5,75,74,75,65,1.5,1.5,1.5,1.5
3900634,France - Ligue 1,2015/2016,Paris Saint-Germain,Lille,0,0,12,5,664,394,1.5432317400000002,0.12468318499999999,0,1,62.8,88,81,85,79,2.5,1.0,75,74,75,65,1.5,1.5,2.0,1.25
3900632,France - Ligue 1,2015/2016,Guingamp,Bordeaux,2,4,9,12,394,460,1.1274236903000001,2.073152067,6,2,46.1,75,74,75,65,1.5,1.5,75,74,75,65,1.5,1.5,1.5,1.5
3900631,France - Ligue 1,2015/2016,Montpellier,Toulouse,2,0,7,10,414,619,0.9763308050000001,0.5126626797,2,0,40.1,75,74,75,65,1.5,1.5,75,74,75,65,1.5,1.5,1.5,1.5
3900630,France - Ligue 1,2015/2016,Rennes,Angers,1,0,10,10,689,320,0.939281045,0.829210546,1,0,68.3,75,74,75,65,1.5,1.5,75,74,75,65,1.5,1.5,1.5,1.5
3900629,France - Ligue 1,2015/2016,Marseille,Paris Saint-Germain,1,2,18,11,525,620,0.9715775212,1.328113364,3,2,45.9,75,74,75,65,1.5,1.5,88,81,85,79,2.5,1.0,1.25,2.0
3900626,France - Ligue 1,2015/2016,Gazélec Ajaccio,Guingamp,0,0,16,3,609,286,1.080635676,0.0215950271,0,1,68.0,75,74,75,65,1.5,1.5,75,74,75,65,1.5,1.5,1.5,1.5
3900623,France - Ligue 1,2015/2016,Lorient,Montpellier,1,1,6,11,548,567,0.522960863,0.7077879846999999,2,1,49.1,75,74,75,65,1.5,1.5,75,74,75,65,1.5,1.5,1.5,1.5
3900622,France - Ligue 1,2015/2016,Bastia,Troyes,2,0,11,11,410,568,1.73253587,0.4973380130000001,2,0,41.9,75,74,75,65,1.5,1.5,75,74,75,65,1.5,1.5,1.5,1.5
3900621,France - Ligue 1,2015/2016,Toulouse,Nantes,0,0,9,16,484,462,0.5000362637000001,1.5728606299999999,0,1,51.2,75,74,75,65,1.5,1.5,75,74,75,65,1.5,1.5,1.5,1.5
3900620,France - Ligue 1,2015/2016,Caen,Stade de Reims,0,2,16,12,436,410,1.412365138,1.5154129980000002,2,2,51.5,75,74,75,65,1.5,1.5,75,74,75,65,1.5,1.5,1.5,1.5
3900619,France - Ligue 1,2015/2016,Rennes,Saint-Étienne,0,1,5,13,488,509,0.7041311505000001,0.4162565421,1,2,48.9,75,74,75,65,1.5,1.5,75,74,75,65,1.5,1.5,1.5,1.5
3900618,France - Ligue 1,2015/2016,Paris Saint-Germain,Lorient,3,1,16,11,784,477,2.0676569002000003,0.71917054,4,0,62.2,88,81,85,79,2.5,1.0,75,74,75,65,1.5,1.5,2.0,1.25
3900615,France - Ligue 1,2015/2016,Nantes,Gazélec Ajaccio,3,1,15,4,545,429,1.9108463743000002,0.455145416,4,0,56.0,75,74,75,65,1.5,1.5,75,74,75,65,1.5,1.5,1.5,1.5
3900614,France - Ligue 1,2015/2016,Lille,Caen,1,0,12,10,604,358,0.6071615396,0.466395287,1,0,62.8,75,74,75,65,1.5,1.5,75,74,75,65,1.5,1.5,1.5,1.5
3900613,France - Ligue 1,2015/2016,OGC Nice,Toulouse,1,0,12,7,700,449,1.4804406625000002,0.67318859,1,0,60.9,75,74,75,65,1.5,1.5,75,74,75,65,1.5,1.5,1.5,1.5
3900612,France - Ligue 1,2015/2016,Guingamp,Troyes,4,0,12,15,551,490,2.006230064,1.076792911,4,0,52.9,75,74,75,65,1.5,1.5,75,74,75,65,1.5,1.5,1.5,1.5
3900611,France - Ligue 1,2015/2016,AS Monaco,Bastia,2,0,7,11,591,523,1.1428886259999997,0.26516397869999997,2,0,53.1,75,74,75,65,1.5,1.5,75,74,75,65,1.5,1.5,1.5,1.5
3900610,France - Ligue 1,2015/2016,Montpellier,Marseille,0,1,12,4,439,548,0.4929863969999999,0.22861097000000002,1,2,44.5,75,74,75,65,1.5,1.5,75,74,75,65,1.5,1.5,1.5,1.5
3900581,France - Ligue 1,2015/2016,Bordeaux,Lille,1,0,14,10,579,450,0.813220696,0.32441417549999996,1,0,56.3,75,74,75,65,1.5,1.5,75,74,75,65,1.5,1.5,1.5,1.5
3900580,France - Ligue 1,2015/2016,OGC Nice,Angers,2,1,11,9,693,389,1.8660353701,0.7046237498,3,0,64.0,75,74,75,65,1.5,1.5,75,74,75,65,1.5,1.5,1.5,1.5
3900579,France - Ligue 1,2015/2016,Nantes,Saint-Étienne,2,1,18,9,437,415,1.717134237,1.319788073,3,0,51.3,75,74,75,65,1.5,1.5,75,74,75,65,1.5,1.5,1.5,1.5
3900578,France - Ligue 1,2015/2016,Lille,OGC Nice,1,1,10,9,382,553,0.743810357,0.6220700374,2,1,40.9,75,74,75,65,1.5,1.5,75,74,75,65,1.5,1.5,1.5,1.5
3900577,France - Ligue 1,2015/2016,Marseille,Guingamp,0,0,15,8,642,324,0.8227803420000002,0.2526270498,0,1,66.5,75,74,75,65,1.5,1.5,75,74,75,65,1.5,1.5,1.5,1.5
3900576,France - Ligue 1,2015/2016,Montpellier,Bordeaux,0,1,12,13,539,499,1.8166617565,1.481967913,1,2,51.9,75,74,75,65,1.5,1.5,75,74,75,65,1.5,1.5,1.5,1.5
3900575,France - Ligue 1,2015/2016,Stade de Reims,Toulouse,1,3,8,8,463,448,0.39125346299999997,1.6461763339999997,4,2,50.8,75,74,75,65,1.5,1.5,75,74,75,65,1.5,1.5,1.5,1.5
3900574,France - Ligue 1,2015/2016,Lyon,Troyes,4,1,21,10,763,335,2.0097175857,0.519409326,5,0,69.5,75,74,75,65,1.5,1.5,75,74,75,65,1.5,1.5,1.5,1.5
3900573,France - Ligue 1,2015/2016,Angers,Caen,2,0,13,17,585,391,0.946101866,0.8197496944999999,2,0,59.9,75,74,75,65,1.5,1.5,75,74,75,65,1.5,1.5,1.5,1.5
3900572,France - Ligue 1,2015/2016,AS Monaco,Gazélec Ajaccio,2,2,13,10,557,460,1.6546105747,0.432618167,4,1,54.8,75,74,75,65,1.5,1.5,75,74,75,65,1.5,1.5,1.5,1.5
3900571,France - Ligue 1,2015/2016,Rennes,Lorient,2,2,12,6,572,480,0.7634504249999999,0.853053242,4,1,54.4,75,74,75,65,1.5,1.5,75,74,75,65,1.5,1.5,1.5,1.5
3900569,France - Ligue 1,2015/2016,Saint-Étienne,Angers,1,0,15,13,506,397,1.085917154,0.684271584,1,0,56.0,75,74,75,65,1.5,1.5,75,74,75,65,1.5,1.5,1.5,1.5
3900566,France - Ligue 1,2015/2016,Bastia,Stade de Reims,2,0,8,12,426,527,0.6878728590000001,0.7858634797,2,0,44.7,75,74,75,65,1.5,1.5,75,74,75,65,1.5,1.5,1.5,1.5
3900565,France - Ligue 1,2015/2016,Lorient,Nantes,0,0,17,12,536,411,1.275232416,0.7240328151,0,1,56.6,75,74,75,65,1.5,1.5,75,74,75,65,1.5,1.5,1.5,1.5
3900564,France - Ligue 1,2015/2016,Troyes,AS Monaco,0,0,12,15,287,607,0.6221778221,1.3442974754,0,1,32.1,75,74,75,65,1.5,1.5,75,74,75,65,1.5,1.5,1.5,1.5
3900563,France - Ligue 1,2015/2016,Guingamp,Rennes,0,2,13,9,447,444,0.8434906401,0.9652523129999999,2,2,50.2,75,74,75,65,1.5,1.5,75,74,75,65,1.5,1.5,1.5,1.5
3900562,France - Ligue 1,2015/2016,Caen,Paris Saint-Germain,0,3,9,18,281,828,1.250181469,2.3603486179999997,3,2,25.3,75,74,75,65,1.5,1.5,88,81,85,79,2.5,1.0,1.25,2.0
3900561,France - Ligue 1,2015/2016,Toulouse,Lille,1,1,7,24,357,573,1.124752223,1.3832271095,2,1,38.4,75,74,75,65,1.5,1.5,75,74,75,65,1.5,1.5,1.5,1.5
3900560,France - Ligue 1,2015/2016,OGC Nice,Montpellier,1,0,10,10,563,452,0.641594492,0.7461668029999999,1,0,55.5,75,74,75,65,1.5,1.5,75,74,75,65,1.5,1.5,1.5,1.5
3900559,France - Ligue 1,2015/2016,Marseille,Gazélec Ajaccio,1,1,11,10,568,464,1.4587190163000001,1.2428227430000003,2,1,55.0,75,74,75,65,1.5,1.5,75,74,75,65,1.5,1.5,1.5,1.5
3900558,France - Ligue 1,2015/2016,AS Monaco,Saint-Étienne,1,0,10,5,440,421,1.55625803,0.35366815,1,0,51.1,75,74,75,65,1.5,1.5,75,74,75,65,1.5,1.5,1.5,1.5
3900557,France - Ligue 1,2015/2016,Paris Saint-Germain,Lyon,5,1,11,9,699,412,2.69165245,0.230890067,6,0,62.9,88,81,85,79,2.5,1.0,75,74,75,65,1.5,1.5,2.0,1.25
3900556,France - Ligue 1,2015/2016,Angers,Bordeaux,1,1,7,3,504,569,1.2022303465,0.489357664,2,1,47.0,75,74,75,65,1.5,1.5,75,74,75,65,1.5,1.5,1.5,1.5
3900555,France - Ligue 1,2015/2016,Nantes,Toulouse,1,1,15,6,517,375,0.9959668659999998,0.588446275,2,1,58.0,75,74,75,65,1.5,1.5,75,74,75,65,1.5,1.5,1.5,1.5
3900554,France - Ligue 1,2015/2016,Troyes,Bastia,1,1,17,11,505,402,0.9573160394,0.485609275,2,1,55.7,75,74,75,65,1.5,1.5,75,74,75,65,1.5,1.5,1.5,1.5
3900553,France - Ligue 1,2015/2016,Stade de Reims,OGC Nice,1,1,17,7,418,685,2.0031130075,0.7199654840000002,2,1,37.9,75,74,75,65,1.5,1.5,75,74,75,65,1.5,1.5,1.5,1.5
3900552,France - Ligue 1,2015/2016,Montpellier,Guingamp,2,1,9,8,655,322,1.4528110349999999,0.3134487271,3,0,67.0,75,74,75,65,1.5,1.5,75,74,75,65,1.5,1.5,1.5,1.5
3900551,France - Ligue 1,2015/2016,Lille,Lorient,3,0,16,11,523,527,1.851746535,0.434303778,3,0,49.8,75,74,75,65,1.5,1.5,75,74,75,65,1.5,1.5,1.5,1.5
3900550,France - Ligue 1,2015/2016,Rennes,Caen,1,1,22,12,663,308,1.6537828479999999,1.0231279340000001,2,1,68.3,75,74,75,65,1.5,1.5,75,74,75,65,1.5,1.5,1.5,1.5
3900543,France - Ligue 1,2015/2016,Stade de Reims,Troyes,1,1,11,14,601,441,1.2825316839999998,0.78850382,2,1,57.7,75,74,75,65,1.5,1.5,75,74,75,65,1.5,1.5,1.5,1.5
3900542,France - Ligue 1,2015/2016,Caen,Lille,1,2,15,12,446,403,1.1852378129,1.5183443660000002,3,2,52.5,75,74,75,65,1.5,1.5,75,74,75,65,1.5,1.5,1.5,1.5
3900527,France - Ligue 1,2015/2016,Marseille,AS Monaco,3,3,12,10,552,312,2.061075974,1.551775068,6,1,63.9,75,74,75,65,1.5,1.5,75,74,75,65,1.5,1.5,1.5,1.5
3900526,France - Ligue 1,2015/2016,Angers,Lille,2,0,9,8,464,512,1.240020124,0.505453217,2,0,47.5,75,74,75,65,1.5,1.5,75,74,75,65,1.5,1.5,1.5,1.5
3900525,France - Ligue 1,2015/2016,Nantes,Bastia,0,0,15,6,524,401,0.9882834549999999,0.28041226859999996,0,1,56.6,75,74,75,65,1.5,1.5,75,74,75,65,1.5,1.5,1.5,1.5
3900524,France - Ligue 1,2015/2016,Gazélec Ajaccio,Lorient,1,1,18,5,519,618,1.220399712,0.9895173359999999,2,1,45.6,75,74,75,65,1.5,1.5,75,74,75,65,1.5,1.5,1.5,1.5
3900520,France - Ligue 1,2015/2016,Lyon,Montpellier,2,4,13,15,650,353,0.9483414819999999,3.0126304050000003,6,2,64.8,75,74,75,65,1.5,1.5,75,74,75,65,1.5,1.5,1.5,1.5
3900516,France - Ligue 1,2015/2016,Saint-Étienne,Marseille,0,2,13,15,485,518,0.9342815325,2.1525063853,2,2,48.4,75,74,75,65,1.5,1.5,75,74,75,65,1.5,1.5,1.5,1.5
3900513,France - Ligue 1,2015/2016,Troyes,Lille,1,1,10,16,506,464,0.861097375,1.20093768,2,1,52.2,75,74,75,65,1.5,1.5,75,74,75,65,1.5,1.5,1.5,1.5
3900512,France - Ligue 1,2015/2016,Montpellier,Stade de Reims,3,1,11,11,528,430,3.010514595,0.5784236300000001,4,0,55.1,75,74,75,65,1.5,1.5,75,74,75,65,1.5,1.5,1.5,1.5
3900510,France - Ligue 1,2015/2016,OGC Nice,Lyon,3,0,13,13,619,613,2.601662493,1.042041738,3,0,50.2,75,74,75,65,1.5,1.5,75,74,75,65,1.5,1.5,1.5,1.5
3900509,France - Ligue 1,2015/2016,Lyon,Saint-Étienne,3,0,17,6,466,329,2.3793208669999997,0.163812035,3,0,58.6,75,74,75,65,1.5,1.5,75,74,75,65,1.5,1.5,1.5,1.5
3900508,France - Ligue 1,2015/2016,Bordeaux,AS Monaco,3,1,10,14,355,589,1.278205338,1.3914628860000002,4,0,37.6,75,74,75,65,1.5,1.5,75,74,75,65,1.5,1.5,1.5,1.5
3900507,France - Ligue 1,2015/2016,Marseille,OGC Nice,0,1,17,9,571,454,0.968157863,0.623640469,1,2,55.7,75,74,75,65,1.5,1.5,75,74,75,65,1.5,1.5,1.5,1.5
3900503,France - Ligue 1,2015/2016,Lille,Bastia,1,1,11,9,584,342,1.3607552600000001,0.5274630166,2,1,63.1,75,74,75,65,1.5,1.5,75,74,75,65,1.5,1.5,1.5,1.5
3900502,France - Ligue 1,2015/2016,Lorient,Troyes,4,1,30,13,654,460,3.1231383189999997,1.595051705,5,0,58.7,75,74,75,65,1.5,1.5,75,74,75,65,1.5,1.5,1.5,1.5
3900501,France - Ligue 1,2015/2016,Paris Saint-Germain,Toulouse,5,0,15,7,818,358,1.71060406,0.280051379,5,0,69.6,88,81,85,79,2.5,1.0,75,74,75,65,1.5,1.5,2.0,1.25
3900500,France - Ligue 1,2015/2016,Angers,Rennes,0,2,19,10,553,600,2.1571901766,0.614059647,2,2,48.0,75,74,75,65,1.5,1.5,75,74,75,65,1.5,1.5,1.5,1.5
3900499,France - Ligue 1,2015/2016,Nantes,Marseille,0,1,12,12,457,516,0.8380175000000001,0.9717726289999999,1,2,47.0,75,74,75,65,1.5,1.5,75,74,75,65,1.5,1.5,1.5,1.5
3900498,France - Ligue 1,2015/2016,AS Monaco,Angers,1,0,15,15,521,505,2.227365304000001,0.7621137345000002,1,0,50.8,75,74,75,65,1.5,1.5,75,74,75,65,1.5,1.5,1.5,1.5
3900497,France - Ligue 1,2015/2016,OGC Nice,Lille,0,0,10,10,524,390,1.1550745086999998,0.508481303,0,1,57.3,75,74,75,65,1.5,1.5,75,74,75,65,1.5,1.5,1.5,1.5
3900496,France - Ligue 1,2015/2016,Toulouse,Montpellier,1,1,10,7,423,478,0.692970043,0.399289822,2,1,46.9,75,74,75,65,1.5,1.5,75,74,75,65,1.5,1.5,1.5,1.5
3900495,France - Ligue 1,2015/2016,Bastia,Caen,1,0,12,5,456,409,0.681398562,0.32850417699999995,1,0,52.7,75,74,75,65,1.5,1.5,75,74,75,65,1.5,1.5,1.5,1.5
3900494,France - Ligue 1,2015/2016,Gazélec Ajaccio,Bordeaux,2,0,8,7,416,502,0.493322976,0.21969508199999999,2,0,45.3,75,74,75,65,1.5,1.5,75,74,75,65,1.5,1.5,1.5,1.5
3900493,France - Ligue 1,2015/2016,Troyes,Lyon,0,1,8,30,345,745,0.476020362,2.6250779459999998,1,2,31.7,75,74,75,65,1.5,1.5,75,74,75,65,1.5,1.5,1.5,1.5
3900492,France - Ligue 1,2015/2016,Guingamp,Lorient,2,2,13,12,329,546,1.047251255,1.5505505609999999,4,1,37.6,75,74,75,65,1.5,1.5,75,74,75,65,1.5,1.5,1.5,1.5
3900490,France - Ligue 1,2015/2016,Rennes,Paris Saint-Germain,0,1,6,13,441,792,0.31041272400000003,0.6717539115,1,2,35.8,75,74,75,65,1.5,1.5,88,81,85,79,2.5,1.0,1.25,2.0
3829438,France - Ligue 1,2015/2016,OGC Nice,Caen,2,1,7,12,707,387,0.7632426019999999,1.0263855695,3,0,64.6,75,74,75,65,1.5,1.5,75,74,75,65,1.5,1.5,1.5,1.5
3829413,France - Ligue 1,2015/2016,Lille,Paris Saint-Germain,0,1,12,6,482,445,0.656598624,1.41522194,1,2,52.0,75,74,75,65,1.5,1.5,88,81,85,79,2.5,1.0,1.25,2.0
3829428,France - Ligue 1,2015/2016,Caen,Toulouse,1,0,9,13,470,637,1.192519447,1.269498853,1,0,42.5,75,74,75,65,1.5,1.5,75,74,75,65,1.5,1.5,1.5,1.5
3829522,France - Ligue 1,2015/2016,OGC Nice,Nantes,1,2,10,12,633,399,1.378084227,2.15791537,3,2,61.3,75,74,75,65,1.5,1.5,75,74,75,65,1.5,1.5,1.5,1.5
3829521,France - Ligue 1,2015/2016,Bordeaux,Troyes,1,0,15,11,545,455,0.8519744383,0.9309871625999999,1,0,54.5,75,74,75,65,1.5,1.5,75,74,75,65,1.5,1.5,1.5,1.5
3829520,France - Ligue 1,2015/2016,Stade de Reims,AS Monaco,0,1,13,16,574,458,1.0709863445,1.233639591,1,2,55.6,75,74,75,65,1.5,1.5,75,74,75,65,1.5,1.5,1.5,1.5
3829517,France - Ligue 1,2015/2016,Gazélec Ajaccio,OGC Nice,3,1,12,9,369,615,0.746791396,0.34925623389999993,4,0,37.5,75,74,75,65,1.5,1.5,75,74,75,65,1.5,1.5,1.5,1.5
3829516,France - Ligue 1,2015/2016,Lorient,Rennes,1,1,10,11,507,604,0.9716905570000001,0.8427782831999999,2,1,45.6,75,74,75,65,1.5,1.5,75,74,75,65,1.5,1.5,1.5,1.5
3829515,France - Ligue 1,2015/2016,Montpellier,Bastia,2,0,10,13,518,553,0.535701521,0.7182107,2,0,48.4,75,74,75,65,1.5,1.5,75,74,75,65,1.5,1.5,1.5,1.5
3829511,France - Ligue 1,2015/2016,Bordeaux,Montpellier,0,0,16,6,557,402,1.0128897845,0.5597383770000001,0,1,58.1,75,74,75,65,1.5,1.5,75,74,75,65,1.5,1.5,1.5,1.5
3829509,France - Ligue 1,2015/2016,Marseille,Lorient,1,1,21,6,617,368,2.1763421409999997,0.655203705,2,1,62.6,75,74,75,65,1.5,1.5,75,74,75,65,1.5,1.5,1.5,1.5
3829508,France - Ligue 1,2015/2016,Stade de Reims,Caen,0,1,12,11,509,351,0.7144653052000001,1.5552278570000002,1,2,59.2,75,74,75,65,1.5,1.5,75,74,75,65,1.5,1.5,1.5,1.5
3829507,France - Ligue 1,2015/2016,Toulouse,Angers,1,2,22,7,695,435,1.3802298905,0.34067844500000005,3,2,61.5,75,74,75,65,1.5,1.5,75,74,75,65,1.5,1.5,1.5,1.5
3829506,France - Ligue 1,2015/2016,Guingamp,Lille,1,1,9,10,297,512,0.517167126,0.750549285,2,1,36.7,75,74,75,65,1.5,1.5,75,74,75,65,1.5,1.5,1.5,1.5
3829505,France - Ligue 1,2015/2016,Saint-Étienne,Gazélec Ajaccio,2,0,13,4,604,453,0.7245455990000002,0.10044828800000001,2,0,57.1,75,74,75,65,1.5,1.5,75,74,75,65,1.5,1.5,1.5,1.5
3829504,France - Ligue 1,2015/2016,Bastia,Paris Saint-Germain,0,2,6,12,339,715,0.6178622819999999,1.4556723956,2,2,32.2,75,74,75,65,1.5,1.5,88,81,85,79,2.5,1.0,1.25,2.0
3829503,France - Ligue 1,2015/2016,Nantes,Troyes,3,0,18,14,500,528,2.242928096,0.819108497,3,0,48.6,75,74,75,65,1.5,1.5,75,74,75,65,1.5,1.5,1.5,1.5
3829502,France - Ligue 1,2015/2016,AS Monaco,Lyon,1,1,12,18,308,678,0.6910800155,1.3531708304999996,2,1,31.2,75,74,75,65,1.5,1.5,75,74,75,65,1.5,1.5,1.5,1.5
3829501,France - Ligue 1,2015/2016,AS Monaco,Rennes,1,1,14,8,525,464,0.9889105225,1.4807779535999999,2,1,53.1,75,74,75,65,1.5,1.5,75,74,75,65,1.5,1.5,1.5,1.5
3829500,France - Ligue 1,2015/2016,Paris Saint-Germain,Marseille,2,1,16,13,585,444,3.211334724,1.7276286570000001,3,0,56.9,88,81,85,79,2.5,1.0,75,74,75,65,1.5,1.5,2.0,1.25
3829498,France - Ligue 1,2015/2016,Lorient,Bordeaux,3,2,7,9,448,527,1.5193213159999999,0.6723453330000001,5,0,45.9,75,74,75,65,1.5,1.5,75,74,75,65,1.5,1.5,1.5,1.5
3829497,France - Ligue 1,2015/2016,Troyes,Guingamp,0,1,11,18,436,374,1.546057119,2.253452023,1,2,53.8,75,74,75,65,1.5,1.5,75,74,75,65,1.5,1.5,1.5,1.5
3829494,France - Ligue 1,2015/2016,Gazélec Ajaccio,Toulouse,2,2,7,13,455,499,0.676796123,1.115271542,4,1,47.7,75,74,75,65,1.5,1.5,75,74,75,65,1.5,1.5,1.5,1.5
3829493,France - Ligue 1,2015/2016,Lille,Montpellier,2,0,22,9,472,430,1.8456653527000002,1.1208317854999998,2,0,52.3,75,74,75,65,1.5,1.5,75,74,75,65,1.5,1.5,1.5,1.5
3829492,France - Ligue 1,2015/2016,Lille,Nantes,0,1,20,9,589,305,1.322889348,1.785138855,1,2,65.9,75,74,75,65,1.5,1.5,75,74,75,65,1.5,1.5,1.5,1.5
3829491,France - Ligue 1,2015/2016,Marseille,Angers,1,2,18,7,677,278,1.6372099119999999,1.1228776550000001,3,2,70.9,75,74,75,65,1.5,1.5,75,74,75,65,1.5,1.5,1.5,1.5
3829490,France - Ligue 1,2015/2016,Saint-Étienne,OGC Nice,1,4,13,8,485,514,2.490718374,0.7828750614,5,2,48.5,75,74,75,65,1.5,1.5,75,74,75,65,1.5,1.5,1.5,1.5
3829489,France - Ligue 1,2015/2016,Montpellier,Lorient,2,1,11,11,361,462,0.7970587110000001,0.4168862756,3,0,43.9,75,74,75,65,1.5,1.5,75,74,75,65,1.5,1.5,1.5,1.5
3829488,France - Ligue 1,2015/2016,Guingamp,AS Monaco,3,3,17,8,401,370,1.60902967,0.841969502,6,1,52.0,75,74,75,65,1.5,1.5,75,74,75,65,1.5,1.5,1.5,1.5
3829487,France - Ligue 1,2015/2016,Caen,Gazélec Ajaccio,2,0,16,8,398,514,2.186422768,0.432069316,2,0,43.6,75,74,75,65,1.5,1.5,75,74,75,65,1.5,1.5,1.5,1.5
3829486,France - Ligue 1,2015/2016,Bastia,Toulouse,3,0,9,18,368,584,1.2037436990000001,1.6424119435,3,0,38.7,75,74,75,65,1.5,1.5,75,74,75,65,1.5,1.5,1.5,1.5
3829485,France - Ligue 1,2015/2016,Rennes,Troyes,1,1,19,12,552,370,1.6915956849999998,0.9472431319999999,2,1,59.9,75,74,75,65,1.5,1.5,75,74,75,65,1.5,1.5,1.5,1.5
3829484,France - Ligue 1,2015/2016,Bordeaux,Lyon,3,1,11,10,528,604,1.080873909,0.694806174,4,0,46.6,75,74,75,65,1.5,1.5,75,74,75,65,1.5,1.5,1.5,1.5
3829483,France - Ligue 1,2015/2016,Nantes,Paris Saint-Germain,1,4,7,15,300,718,0.5242850640000001,1.7505219109999999,5,2,29.5,75,74,75,65,1.5,1.5,88,81,85,79,2.5,1.0,1.25,2.0
3829482,France - Ligue 1,2015/2016,Stade de Reims,Lille,1,0,10,9,338,533,1.9130199547000002,0.7129513683,1,0,38.8,75,74,75,65,1.5,1.5,75,74,75,65,1.5,1.5,1.5,1.5
3829481,France - Ligue 1,2015/2016,Montpellier,AS Monaco,2,3,15,14,440,529,1.4198382716,1.762952544,5,2,45.4,75,74,75,65,1.5,1.5,75,74,75,65,1.5,1.5,1.5,1.5
3829480,France - Ligue 1,2015/2016,Troyes,Saint-Étienne,0,1,13,13,454,587,0.42037872169999996,1.2008339635000003,1,2,43.6,75,74,75,65,1.5,1.5,75,74,75,65,1.5,1.5,1.5,1.5
3829477,France - Ligue 1,2015/2016,Toulouse,Marseille,1,1,12,9,394,549,1.1240617069999999,0.784106937,2,1,41.8,75,74,75,65,1.5,1.5,75,74,75,65,1.5,1.5,1.5,1.5
3829476,France - Ligue 1,2015/2016,Lyon,Bastia,2,0,14,4,702,402,1.8426130735,0.116513311,2,0,63.6,75,74,75,65,1.5,1.5,75,74,75,65,1.5,1.5,1.5,1.5
3829475,France - Ligue 1,2015/2016,OGC Nice,Bordeaux,6,1,17,6,623,524,2.5600646434,0.928756686,7,0,54.3,75,74,75,65,1.5,1.5,75,74,75,65,1.5,1.5,1.5,1.5
3829474,France - Ligue 1,2015/2016,Angers,Stade de Reims,0,0,8,4,517,549,0.576495612,0.14607210539999999,0,1,48.5,75,74,75,65,1.5,1.5,75,74,75,65,1.5,1.5,1.5,1.5
3829473,France - Ligue 1,2015/2016,Paris Saint-Germain,Guingamp,3,0,19,10,848,322,2.677785209,0.475647636,3,0,72.5,88,81,85,79,2.5,1.0,75,74,75,65,1.5,1.5,2.0,1.25
3829472,France - Ligue 1,2015/2016,Marseille,Lyon,1,1,14,12,457,542,1.349667188,2.0005004496,2,1,45.7,75,74,75,65,1.5,1.5,75,74,75,65,1.5,1.5,1.5,1.5
3829471,France - Ligue 1,2015/2016,Bordeaux,Toulouse,1,1,18,9,512,346,1.9029282333000002,1.323812206,2,1,59.7,75,74,75,65,1.5,1.5,75,74,75,65,1.5,1.5,1.5,1.5
3829468,France - Ligue 1,2015/2016,Guingamp,Gazélec Ajaccio,2,1,16,7,576,342,1.029912328,0.745436431,3,0,62.7,75,74,75,65,1.5,1.5,75,74,75,65,1.5,1.5,1.5,1.5
3829467,France - Ligue 1,2015/2016,Caen,Montpellier,2,1,16,3,386,516,1.4944773329999999,0.957946182,3,0,42.8,75,74,75,65,1.5,1.5,75,74,75,65,1.5,1.5,1.5,1.5
3829465,France - Ligue 1,2015/2016,Stade de Reims,Paris Saint-Germain,1,1,7,17,335,725,0.8621985169999999,1.339834892,2,1,31.6,75,74,75,65,1.5,1.5,88,81,85,79,2.5,1.0,1.25,2.0
3829464,France - Ligue 1,2015/2016,Bastia,OGC Nice,1,3,8,10,449,428,1.0089537064,2.520373817,4,2,51.2,75,74,75,65,1.5,1.5,75,74,75,65,1.5,1.5,1.5,1.5
3829463,France - Ligue 1,2015/2016,Rennes,Lille,1,1,9,15,398,420,1.985010423,0.7627604119999999,2,1,48.7,75,74,75,65,1.5,1.5,75,74,75,65,1.5,1.5,1.5,1.5
3829462,France - Ligue 1,2015/2016,Gazélec Ajaccio,AS Monaco,0,1,24,13,432,379,1.2106238001,2.516355535,1,2,53.3,75,74,75,65,1.5,1.5,75,74,75,65,1.5,1.5,1.5,1.5
3829461,France - Ligue 1,2015/2016,Marseille,Bastia,4,1,13,7,591,431,1.387122481,0.327510904,5,0,57.8,75,74,75,65,1.5,1.5,75,74,75,65,1.5,1.5,1.5,1.5
3829460,France - Ligue 1,2015/2016,Nantes,Rennes,0,2,11,16,394,549,0.487113481,2.4847787168999997,2,2,41.8,75,74,75,65,1.5,1.5,75,74,75,65,1.5,1.5,1.5,1.5
3829458,France - Ligue 1,2015/2016,Toulouse,Stade de Reims,2,2,15,11,500,516,1.7359316769999997,0.586818332,4,1,49.2,75,74,75,65,1.5,1.5,75,74,75,65,1.5,1.5,1.5,1.5
3829457,France - Ligue 1,2015/2016,Montpellier,Saint-Étienne,1,2,17,12,465,477,1.0637618340000001,1.3138734960000003,3,2,49.4,75,74,75,65,1.5,1.5,75,74,75,65,1.5,1.5,1.5,1.5
3829456,France - Ligue 1,2015/2016,Lorient,Angers,3,1,14,7,597,556,0.879349962,0.882772896,4,0,51.8,75,74,75,65,1.5,1.5,75,74,75,65,1.5,1.5,1.5,1.5
3829455,France - Ligue 1,2015/2016,Troyes,Caen,1,3,16,16,630,308,0.6222043847000001,1.2421445389999999,4,2,67.2,75,74,75,65,1.5,1.5,75,74,75,65,1.5,1.5,1.5,1.5
3829453,France - Ligue 1,2015/2016,Paris Saint-Germain,Bordeaux,2,2,19,11,749,319,1.4590034050000003,1.4612710473,4,1,70.1,88,81,85,79,2.5,1.0,75,74,75,65,1.5,1.5,2.0,1.25
3829452,France - Ligue 1,2015/2016,Bordeaux,Nantes,2,0,19,10,497,424,2.3657541424999997,0.38300130099999996,2,0,54.0,75,74,75,65,1.5,1.5,75,74,75,65,1.5,1.5,1.5,1.5
3829451,France - Ligue 1,2015/2016,Saint-Étienne,Bastia,2,1,24,6,616,315,2.0302399353,0.507872187,3,0,66.2,75,74,75,65,1.5,1.5,75,74,75,65,1.5,1.5,1.5,1.5
3829450,France - Ligue 1,2015/2016,AS Monaco,Paris Saint-Germain,0,3,3,19,352,845,0.217662803,2.055273677,3,2,29.4,75,74,75,65,1.5,1.5,88,81,85,79,2.5,1.0,1.25,2.0
3829449,France - Ligue 1,2015/2016,Rennes,Toulouse,3,1,12,8,484,454,2.6102250280000003,0.819990931,4,0,51.6,75,74,75,65,1.5,1.5,75,74,75,65,1.5,1.5,1.5,1.5
3829448,France - Ligue 1,2015/2016,Stade de Reims,Lorient,4,1,14,13,432,495,2.0084153363,0.732191494,5,0,46.6,75,74,75,65,1.5,1.5,75,74,75,65,1.5,1.5,1.5,1.5
3829447,France - Ligue 1,2015/2016,Lille,Gazélec Ajaccio,1,0,14,14,466,403,0.8126447472999999,0.38566696899999997,1,0,53.6,75,74,75,65,1.5,1.5,75,74,75,65,1.5,1.5,1.5,1.5
3829446,France - Ligue 1,2015/2016,Troyes,Montpellier,0,0,8,12,412,571,0.694621945,0.5608590867000001,0,1,41.9,75,74,75,65,1.5,1.5,75,74,75,65,1.5,1.5,1.5,1.5
3829444,France - Ligue 1,2015/2016,Caen,Lyon,0,4,13,13,327,573,1.0034061689999998,1.1021526944,4,2,36.3,75,74,75,65,1.5,1.5,75,74,75,65,1.5,1.5,1.5,1.5
3829443,France - Ligue 1,2015/2016,Guingamp,Marseille,2,0,11,14,319,539,2.027552077,1.0458538379999998,2,0,37.2,75,74,75,65,1.5,1.5,75,74,75,65,1.5,1.5,1.5,1.5
3829442,France - Ligue 1,2015/2016,Lille,Bordeaux,0,0,17,12,438,379,1.3219384766000002,0.9303216423,0,1,53.6,75,74,75,65,1.5,1.5,75,74,75,65,1.5,1.5,1.5,1.5
3829441,France - Ligue 1,2015/2016,Marseille,Troyes,6,0,16,6,568,460,3.506722624,0.341287662,6,0,55.3,75,74,75,65,1.5,1.5,75,74,75,65,1.5,1.5,1.5,1.5
3829440,France - Ligue 1,2015/2016,Lorient,Saint-Étienne,0,1,10,11,358,621,0.653224135,1.5978325519999999,1,2,36.6,75,74,75,65,1.5,1.5,75,74,75,65,1.5,1.5,1.5,1.5
3829437,France - Ligue 1,2015/2016,Gazélec Ajaccio,Angers,0,2,8,10,608,301,0.7755946106,0.7504649056999999,2,2,66.9,75,74,75,65,1.5,1.5,75,74,75,65,1.5,1.5,1.5,1.5
3829436,France - Ligue 1,2015/2016,Nantes,Stade de Reims,1,0,13,2,544,532,1.062138134,0.213867072,1,0,50.6,75,74,75,65,1.5,1.5,75,74,75,65,1.5,1.5,1.5,1.5
3829435,France - Ligue 1,2015/2016,Lyon,Rennes,1,2,15,6,655,334,0.7016960080000001,0.5137562326,3,2,66.2,75,74,75,65,1.5,1.5,75,74,75,65,1.5,1.5,1.5,1.5
3829434,France - Ligue 1,2015/2016,Bastia,Guingamp,3,0,10,15,413,484,0.91392669,1.222563186,3,0,46.0,75,74,75,65,1.5,1.5,75,74,75,65,1.5,1.5,1.5,1.5
3829432,France - Ligue 1,2015/2016,Paris Saint-Germain,Gazélec Ajaccio,2,0,18,8,818,362,1.258700552,0.2036897816,2,0,69.3,88,81,85,79,2.5,1.0,75,74,75,65,1.5,1.5,2.0,1.25
3829431,France - Ligue 1,2015/2016,Lorient,Bastia,1,1,12,7,694,338,1.5192480919,1.665335469,2,1,67.2,75,74,75,65,1.5,1.5,75,74,75,65,1.5,1.5,1.5,1.5
3829430,France - Ligue 1,2015/2016,Stade de Reims,Marseille,1,0,16,14,359,540,1.2535195579999998,0.5266699719999999,1,0,39.9,75,74,75,65,1.5,1.5,75,74,75,65,1.5,1.5,1.5,1.5
3829429,France - Ligue 1,2015/2016,Rennes,Montpellier,1,0,10,4,494,549,0.8423789930000001,0.17961820700000003,1,0,47.4,75,74,75,65,1.5,1.5,75,74,75,65,1.5,1.5,1.5,1.5
3829427,France - Ligue 1,2015/2016,Troyes,OGC Nice,3,3,10,17,475,612,1.2988258256,2.097290648,6,1,43.7,75,74,75,65,1.5,1.5,75,74,75,65,1.5,1.5,1.5,1.5
3829426,France - Ligue 1,2015/2016,Guingamp,Lyon,0,1,11,11,324,523,0.7907885220000002,0.617585792,1,2,38.3,75,74,75,65,1.5,1.5,75,74,75,65,1.5,1.5,1.5,1.5
3829425,France - Ligue 1,2015/2016,Angers,Nantes,0,0,10,2,503,537,0.2612886425,0.063407551,0,1,48.4,75,74,75,65,1.5,1.5,75,74,75,65,1.5,1.5,1.5,1.5
3829424,France - Ligue 1,2015/2016,Saint-Étienne,Bordeaux,1,1,7,18,404,459,0.7075502387,1.3928248335000002,2,1,46.8,75,74,75,65,1.5,1.5,75,74,75,65,1.5,1.5,1.5,1.5
3829423,France - Ligue 1,2015/2016,AS Monaco,Lille,0,0,7,10,576,349,0.604242685,0.921706685,0,1,62.3,75,74,75,65,1.5,1.5,75,74,75,65,1.5,1.5,1.5,1.5
3829422,France - Ligue 1,2015/2016,Lyon,Lorient,0,0,22,10,721,388,1.3513813501999998,0.5744932649999999,0,1,65.0,75,74,75,65,1.5,1.5,75,74,75,65,1.5,1.5,1.5,1.5
3829421,France - Ligue 1,2015/2016,Toulouse,Saint-Étienne,2,1,9,12,457,529,0.41296077540000004,0.6250539954000001,3,0,46.3,75,74,75,65,1.5,1.5,75,74,75,65,1.5,1.5,1.5,1.5
3829420,France - Ligue 1,2015/2016,Bordeaux,Stade de Reims,1,2,13,14,483,484,0.8881937670000001,2.0548890579999997,3,2,49.9,75,74,75,65,1.5,1.5,75,74,75,65,1.5,1.5,1.5,1.5
3829419,France - Ligue 1,2015/2016,Montpellier,Angers,0,2,11,16,578,346,0.894245162,1.3599845214,2,2,62.6,75,74,75,65,1.5,1.5,75,74,75,65,1.5,1.5,1.5,1.5
3829418,France - Ligue 1,2015/2016,Nantes,Guingamp,1,0,10,10,530,411,0.34759748640000004,0.287644517,1,0,56.3,75,74,75,65,1.5,1.5,75,74,75,65,1.5,1.5,1.5,1.5
3829417,France - Ligue 1,2015/2016,Troyes,Gazélec Ajaccio,0,0,13,7,530,457,0.6249722289999999,1.03503988,0,1,53.7,75,74,75,65,1.5,1.5,75,74,75,65,1.5,1.5,1.5,1.5
3829415,France - Ligue 1,2015/2016,Bastia,Rennes,2,1,11,6,424,437,0.5423099379999999,0.5877838683,3,0,49.2,75,74,75,65,1.5,1.5,75,74,75,65,1.5,1.5,1.5,1.5
3829414,France - Ligue 1,2015/2016,Marseille,Caen,0,1,18,8,600,274,1.8230647409999998,0.615931824,1,2,68.6,75,74,75,65,1.5,1.5,75,74,75,65,1.5,1.5,1.5,1.5
3877060,United States of America - Major League Soccer,2023,New York Red Bulls,Inter Miami,0,2,13,6,484,485,1.1085987449999999,1.3837819009999999,2,2,49.9,75,74,75,65,1.5,1.5,75,74,75,65,1.5,1.5,1.5,1.5
3877090,United States of America - Major League Soccer,2023,LAFC,Inter Miami,1,3,22,9,436,465,1.8658696579999998,1.787568815,4,2,48.4,75,74,75,65,1.5,1.5,75,74,75,65,1.5,1.5,1.5,1.5
3877194,United States of America - Major League Soccer,2023,Charlotte,Inter Miami,1,0,11,11,405,641,0.984387534,1.102306365,1,0,38.7,75,74,75,65,1.5,1.5,75,74,75,65,1.5,1.5,1.5,1.5
3877072,United States of America - Major League Soccer,2023,Inter Miami,Nashville SC,0,0,13,7,754,335,0.6666269589999999,0.550400321,0,1,69.2,75,74,75,65,1.5,1.5,75,74,75,65,1.5,1.5,1.5,1.5
3877170,United States of America - Major League Soccer,2023,Inter Miami,Cincinnati,0,1,18,15,579,363,1.227382868,2.134134021,1,2,61.5,75,74,75,65,1.5,1.5,75,74,75,65,1.5,1.5,1.5,1.5
3877115,United States of America - Major League Soccer,2023,Inter Miami,Toronto FC,4,0,13,8,719,485,1.0278975129999999,0.7802010760000001,4,0,59.7,75,74,75,65,1.5,1.5,75,74,75,65,1.5,1.5,1.5,1.5
3750234,North and Central America - North American League,1977,NY Cosmos,Seattle Sounders,2,1,26,24,490,361,2.297544019,1.72479672,3,0,57.6,75,74,75,65,1.5,1.5,75,74,75,65,1.5,1.5,1.5,1.5
7476,United States of America - NWSL,2018,NJ/NY Gotham FC,Chicago Red Stars,1,3,10,18,425,525,1.2185178568000001,3.3914719200000003,4,2,44.7,75,74,75,65,1.5,1.5,75,74,75,65,1.5,1.5,1.5,1.5
7482,United States of America - NWSL,2018,North Carolina Courage,Washington Spirit,2,0,23,6,502,442,2.812675267,0.5044427159999999,2,0,53.2,75,74,75,65,1.5,1.5,75,74,75,65,1.5,1.5,1.5,1.5
7494,United States of America - NWSL,2018,Houston Dash,Utah Royals,1,2,16,9,380,658,1.131186231,1.236244329,3,2,36.6,75,74,75,65,1.5,1.5,75,74,75,65,1.5,1.5,1.5,1.5
7486,United States of America - NWSL,2018,Portland Thorns,Houston Dash,3,1,19,8,552,350,2.605133036,1.378350346,4,0,61.2,75,74,75,65,1.5,1.5,75,74,75,65,1.5,1.5,1.5,1.5
7497,United States of America - NWSL,2018,Chicago Red Stars,North Carolina Courage,1,1,12,17,457,455,0.940007198,1.1445635269999999,2,1,50.1,75,74,75,65,1.5,1.5,75,74,75,65,1.5,1.5,1.5,1.5
7430,United States of America - NWSL,2018,Washington Spirit,North Carolina Courage,2,4,8,17,476,444,0.9482155564999999,2.152028152,6,2,51.7,75,74,75,65,1.5,1.5,75,74,75,65,1.5,1.5,1.5,1.5
7444,United States of America - NWSL,2018,North Carolina Courage,Chicago Red Stars,1,1,37,8,443,317,3.3004260836,0.5806535740000001,2,1,58.3,75,74,75,65,1.5,1.5,75,74,75,65,1.5,1.5,1.5,1.5
7443,United States of America - NWSL,2018,Portland Thorns,OL Reign,2,3,24,13,441,362,3.8674888790000006,1.857566267,5,2,54.9,75,74,75,65,1.5,1.5,75,74,75,65,1.5,1.5,1.5,1.5
7521,United States of America - NWSL,2018,NJ/NY Gotham FC,Utah Royals,1,2,10,8,381,463,0.6129192920000001,0.5704884677,3,2,45.1,75,74,75,65,1.5,1.5,75,74,75,65,1.5,1.5,1.5,1.5
7492,United States of America - NWSL,2018,Orlando Pride,NJ/NY Gotham FC,2,2,23,9,482,387,5.080263213,1.637505431,4,1,55.5,75,74,75,65,1.5,1.5,75,74,75,65,1.5,1.5,1.5,1.5
7524,United States of America - NWSL,2018,Houston Dash,Orlando Pride,3,1,17,23,341,578,2.1762881720000005,1.948168691,4,0,37.1,75,74,75,65,1.5,1.5,75,74,75,65,1.5,1.5,1.5,1.5
7496,United States of America - NWSL,2018,Utah Royals,Washington Spirit,1,0,19,6,457,387,1.5232858889999998,0.39282271699999993,1,0,54.1,75,74,75,65,1.5,1.5,75,74,75,65,1.5,1.5,1.5,1.5
7523,United States of America - NWSL,2018,OL Reign,Orlando Pride,0,0,18,15,514,454,1.559565803,1.577299948,0,1,53.1,75,74,75,65,1.5,1.5,75,74,75,65,1.5,1.5,1.5,1.5
7520,United States of America - NWSL,2018,Washington Spirit,Chicago Red Stars,0,2,11,10,502,412,0.6661788570000001,1.2033679499999999,2,2,54.9,75,74,75,65,1.5,1.5,75,74,75,65,1.5,1.5,1.5,1.5
7493,United States of America - NWSL,2018,OL Reign,Washington Spirit,2,0,21,13,512,415,2.911005545,1.2228902959999999,2,0,55.2,75,74,75,65,1.5,1.5,75,74,75,65,1.5,1.5,1.5,1.5
7500,United States of America - NWSL,2018,Orlando Pride,Portland Thorns,0,2,13,18,335,465,0.971598993,2.8293482883000003,2,2,41.9,75,74,75,65,1.5,1.5,75,74,75,65,1.5,1.5,1.5,1.5
7519,United States of America - NWSL,2018,Portland Thorns,North Carolina Courage,1,4,9,18,410,336,0.7734697744,4.450649536999999,5,2,55.0,75,74,75,65,1.5,1.5,75,74,75,65,1.5,1.5,1.5,1.5
7473,United States of America - NWSL,2018,Utah Royals,NJ/NY Gotham FC,3,1,11,6,596,391,1.191493207,0.312456143,4,0,60.4,75,74,75,65,1.5,1.5,75,74,75,65,1.5,1.5,1.5,1.5
7522,United States of America - NWSL,2018,Houston Dash,North Carolina Courage,1,1,13,7,463,472,0.9599710060000001,0.752515672,2,1,49.5,75,74,75,65,1.5,1.5,75,74,75,65,1.5,1.5,1.5,1.5
7484,United States of America - NWSL,2018,NJ/NY Gotham FC,North Carolina Courage,0,4,12,25,435,424,1.2706184763000001,4.697587994999999,4,2,50.6,75,74,75,65,1.5,1.5,75,74,75,65,1.5,1.5,1.5,1.5
7475,United States of America - NWSL,2018,North Carolina Courage,Chicago Red Stars,4,1,19,17,424,456,2.570020589,1.8953038804999998,5,0,48.2,75,74,75,65,1.5,1.5,75,74,75,65,1.5,1.5,1.5,1.5
7457,United States of America - NWSL,2018,Orlando Pride,North Carolina Courage,3,4,9,26,427,446,1.713852462,4.390526975,7,2,48.9,75,74,75,65,1.5,1.5,75,74,75,65,1.5,1.5,1.5,1.5
7445,United States of America - NWSL,2018,Utah Royals,Washington Spirit,2,0,8,11,513,462,0.747665521,1.6437809009999997,2,0,52.6,75,74,75,65,1.5,1.5,75,74,75,65,1.5,1.5,1.5,1.5
7490,United States of America - NWSL,2018,NJ/NY Gotham FC,Portland Thorns,1,2,17,10,488,458,2.43406227,1.219187414,3,2,51.6,75,74,75,65,1.5,1.5,75,74,75,65,1.5,1.5,1.5,1.5
7479,United States of America - NWSL,2018,Orlando Pride,Washington Spirit,2,1,29,15,535,415,2.5245627165,0.8985164135,3,0,56.3,75,74,75,65,1.5,1.5,75,74,75,65,1.5,1.5,1.5,1.5
7478,United States of America - NWSL,2018,OL Reign,Houston Dash,3,1,13,12,589,429,2.2791694849999997,0.9945245140000001,4,0,57.9,75,74,75,65,1.5,1.5,75,74,75,65,1.5,1.5,1.5,1.5
7456,United States of America - NWSL,2018,NJ/NY Gotham FC,North Carolina Courage,1,2,9,27,317,439,1.835903541,3.184335592,3,2,41.9,75,74,75,65,1.5,1.5,75,74,75,65,1.5,1.5,1.5,1.5
7471,United States of America - NWSL,2018,Orlando Pride,North Carolina Courage,0,3,14,17,500,412,0.9823782439999998,1.370616595,3,2,54.8,75,74,75,65,1.5,1.5,75,74,75,65,1.5,1.5,1.5,1.5
7477,United States of America - NWSL,2018,Portland Thorns,Utah Royals,4,0,10,7,413,447,1.3414368666,0.7896575040000001,4,0,48.0,75,74,75,65,1.5,1.5,75,74,75,65,1.5,1.5,1.5,1.5
7472,United States of America - NWSL,2018,OL Reign,Portland Thorns,1,0,17,7,537,388,1.7476126343000002,1.2935135412999998,1,0,58.1,75,74,75,65,1.5,1.5,75,74,75,65,1.5,1.5,1.5,1.5
7474,United States of America - NWSL,2018,Chicago Red Stars,Washington Spirit,2,0,19,19,407,412,2.638041984,1.6861822625,2,0,49.7,75,74,75,65,1.5,1.5,75,74,75,65,1.5,1.5,1.5,1.5
7487,United States of America - NWSL,2018,Utah Royals,North Carolina Courage,0,0,5,19,526,372,0.3008274273,1.598632118,0,1,58.6,75,74,75,65,1.5,1.5,75,74,75,65,1.5,1.5,1.5,1.5
7485,United States of America - NWSL,2018,Chicago Red Stars,OL Reign,1,0,19,14,485,444,1.27062518,1.85745678,1,0,52.2,75,74,75,65,1.5,1.5,75,74,75,65,1.5,1.5,1.5,1.5
7483,United States of America - NWSL,2018,Utah Royals,Orlando Pride,1,2,9,13,425,354,1.0820276636,1.9851523913,3,2,54.6,75,74,75,65,1.5,1.5,75,74,75,65,1.5,1.5,1.5,1.5
7451,United States of America - NWSL,2018,North Carolina Courage,Washington Spirit,1,0,18,12,432,392,1.8678505570000001,1.185287822,1,0,52.4,75,74,75,65,1.5,1.5,75,74,75,65,1.5,1.5,1.5,1.5
7480,United States of America - NWSL,2018,OL Reign,Utah Royals,1,0,9,11,446,441,0.864331983,0.861828144,1,0,50.3,75,74,75,65,1.5,1.5,75,74,75,65,1.5,1.5,1.5,1.5
3754058,England - Premier League,2015/2016,Leicester City,AFC Bournemouth,0,0,17,10,537,465,2.8228705340000007,0.936502557,0,1,53.6,75,74,75,65,1.5,1.5,75,74,75,65,1.5,1.5,1.5,1.5
3754245,England - Premier League,2015/2016,West Bromwich Albion,Sunderland,1,0,9,10,490,397,1.4764541943000002,0.670350703,1,0,55.2,75,74,75,65,1.5,1.5,75,74,75,65,1.5,1.5,1.5,1.5
3754136,England - Premier League,2015/2016,Newcastle United,Aston Villa,1,1,8,10,424,477,1.085260928,0.38022784800000003,2,1,47.1,78,77,76,68,1.8,1.3,77,76,75,67,1.7,1.3,1.55,1.5
3754037,England - Premier League,2015/2016,Everton,AFC Bournemouth,2,1,11,16,621,505,0.890678305,1.429666863,3,0,55.2,75,74,75,65,1.5,1.5,75,74,75,65,1.5,1.5,1.5,1.5
3754039,England - Premier League,2015/2016,Crystal Palace,Watford,1,2,15,11,464,376,1.142375225,1.7037684050000002,3,2,55.2,75,74,75,65,1.5,1.5,75,74,75,65,1.5,1.5,1.5,1.5
3754041,England - Premier League,2015/2016,Arsenal,Aston Villa,4,0,17,6,625,445,2.9227454330000002,0.301121908,4,0,58.4,84,82,83,75,2.2,1.1,77,76,75,67,1.7,1.3,1.75,1.4
3754042,England - Premier League,2015/2016,West Bromwich Albion,Liverpool,1,1,13,7,328,629,1.608316938,0.5253348335,2,1,34.3,75,74,75,65,1.5,1.5,86,80,85,77,2.3,1.0,1.25,1.9
3754043,England - Premier League,2015/2016,Tottenham Hotspur,AFC Bournemouth,3,0,18,2,641,418,1.5332255784,0.25445065,3,0,60.5,80,75,78,65,1.8,1.4,75,74,75,65,1.5,1.5,1.65,1.45
3754045,England - Premier League,2015/2016,Leicester City,Manchester City,0,0,12,20,357,548,0.88816437,1.6955960014999998,0,1,39.4,75,74,75,65,1.5,1.5,88,85,87,78,2.4,0.9,1.2,1.95
3754048,England - Premier League,2015/2016,Crystal Palace,Everton,0,0,20,9,584,441,2.66542692,0.5921424275,0,1,57.0,75,74,75,65,1.5,1.5,75,74,75,65,1.5,1.5,1.5,1.5
3754049,England - Premier League,2015/2016,Leicester City,Norwich City,1,0,14,9,504,413,1.998585904,0.6380323042,1,0,55.0,75,74,75,65,1.5,1.5,75,74,75,65,1.5,1.5,1.5,1.5
3754050,England - Premier League,2015/2016,Sunderland,Crystal Palace,2,2,19,14,484,329,1.0557286609999998,1.1187673422,4,1,59.5,75,74,75,65,1.5,1.5,75,74,75,65,1.5,1.5,1.5,1.5
3754052,England - Premier League,2015/2016,West Bromwich Albion,Norwich City,0,1,10,7,399,422,0.458485052,0.697672533,1,2,48.6,75,74,75,65,1.5,1.5,75,74,75,65,1.5,1.5,1.5,1.5
3754053,England - Premier League,2015/2016,Aston Villa,Tottenham Hotspur,0,2,12,18,380,628,1.1835343155,2.131559391,2,2,37.7,77,76,75,67,1.7,1.3,80,75,78,65,1.8,1.4,1.55,1.55
3754055,England - Premier League,2015/2016,Liverpool,Chelsea,1,1,28,13,595,476,2.4303121234,0.7353494558,2,1,55.6,86,80,85,77,2.3,1.0,81,79,80,70,1.9,1.2,1.75,1.45
3754226,England - Premier League,2015/2016,Sunderland,Liverpool,0,1,8,17,375,503,0.535956585,1.7905645046999998,1,2,42.7,75,74,75,65,1.5,1.5,86,80,85,77,2.3,1.0,1.25,1.9
3754014,England - Premier League,2015/2016,Stoke City,Manchester United,2,0,13,10,353,504,1.0752312230000003,1.2773736449,2,0,41.2,75,74,75,65,1.5,1.5,79,74,76,62,1.7,1.5,1.5,1.6
3754091,England - Premier League,2015/2016,Stoke City,Watford,0,2,11,13,581,296,0.4492997149,0.9757372079999999,2,2,66.2,75,74,75,65,1.5,1.5,75,74,75,65,1.5,1.5,1.5,1.5
3754135,England - Premier League,2015/2016,Stoke City,Manchester City,2,0,8,11,445,531,1.5285599140000001,0.4798927317,2,0,45.6,75,74,75,65,1.5,1.5,88,85,87,78,2.4,0.9,1.2,1.95
3754293,England - Premier League,2015/2016,Stoke City,Chelsea,1,0,8,18,322,533,0.746911607,0.853297224,1,0,37.7,75,74,75,65,1.5,1.5,81,79,80,70,1.9,1.2,1.35,1.7
3754339,England - Premier League,2015/2016,Stoke City,AFC Bournemouth,2,1,8,11,430,545,1.084232396,1.053380075,3,0,44.1,75,74,75,65,1.5,1.5,75,74,75,65,1.5,1.5,1.5,1.5
3754146,England - Premier League,2015/2016,Stoke City,Leicester City,2,2,10,12,488,437,1.3240587635000003,1.611006447,4,1,52.8,75,74,75,65,1.5,1.5,75,74,75,65,1.5,1.5,1.5,1.5
3754347,England - Premier League,2015/2016,Manchester United,West Ham United,0,0,21,9,567,339,1.9252535394999999,0.6254744740000001,0,1,62.6,79,74,76,62,1.7,1.5,74,72,73,60,1.5,1.6,1.65,1.5
3754255,England - Premier League,2015/2016,Liverpool,West Bromwich Albion,2,2,28,4,691,307,2.3245147,0.479826484,4,1,69.2,86,80,85,77,2.3,1.0,75,74,75,65,1.5,1.5,1.9,1.25
3754278,England - Premier League,2015/2016,AFC Bournemouth,Watford,1,1,11,11,577,472,1.381279411,1.167110321,2,1,55.0,75,74,75,65,1.5,1.5,75,74,75,65,1.5,1.5,1.5,1.5
3753979,England - Premier League,2015/2016,Crystal Palace,Sunderland,0,1,20,12,535,301,0.691144955,1.6724883994999997,1,2,64.0,75,74,75,65,1.5,1.5,75,74,75,65,1.5,1.5,1.5,1.5
3753972,England - Premier League,2015/2016,Swansea City,AFC Bournemouth,2,2,12,17,455,577,2.146322791,1.7908834997,4,1,44.1,75,74,75,65,1.5,1.5,75,74,75,65,1.5,1.5,1.5,1.5
3753978,England - Premier League,2015/2016,Southampton,Swansea City,3,1,16,11,454,591,1.407768269,1.321273982,4,0,43.4,75,74,75,65,1.5,1.5,75,74,75,65,1.5,1.5,1.5,1.5
3753974,England - Premier League,2015/2016,Newcastle United,Everton,0,1,10,20,395,581,1.2212920120000001,1.8062678890000001,1,2,40.5,78,77,76,68,1.8,1.3,75,74,75,65,1.5,1.5,1.65,1.4
3753993,England - Premier League,2015/2016,Sunderland,Norwich City,1,3,7,18,435,574,0.387412242,1.229675192,4,2,43.1,75,74,75,65,1.5,1.5,75,74,75,65,1.5,1.5,1.5,1.5
3753983,England - Premier League,2015/2016,Swansea City,Arsenal,0,3,7,13,590,502,0.330031094,1.6473940059999999,3,2,54.0,75,74,75,65,1.5,1.5,84,82,83,75,2.2,1.1,1.3,1.85
3754015,England - Premier League,2015/2016,Manchester United,Manchester City,0,0,6,6,604,424,0.344773899,0.32408150339999997,0,1,58.8,79,74,76,62,1.7,1.5,88,85,87,78,2.4,0.9,1.3,1.95
3754038,England - Premier League,2015/2016,Norwich City,Arsenal,1,1,7,12,427,680,1.065163733,1.557441055,2,1,38.6,75,74,75,65,1.5,1.5,84,82,83,75,2.2,1.1,1.3,1.85
3754001,England - Premier League,2015/2016,Newcastle United,Chelsea,2,2,11,17,321,585,0.876113295,1.2854139025999998,4,1,35.4,78,77,76,68,1.8,1.3,81,79,80,70,1.9,1.2,1.5,1.6
3754007,England - Premier League,2015/2016,Stoke City,West Bromwich Albion,0,1,13,16,482,522,0.6553867645000001,0.9523900966,1,2,48.0,75,74,75,65,1.5,1.5,75,74,75,65,1.5,1.5,1.5,1.5
3754008,England - Premier League,2015/2016,Manchester United,Sunderland,3,0,12,8,658,322,2.344005837,0.486014431,3,0,67.1,79,74,76,62,1.7,1.5,75,74,75,65,1.5,1.5,1.6,1.5
3754029,England - Premier League,2015/2016,Tottenham Hotspur,Aston Villa,3,1,16,13,573,368,1.080982806,0.460883502,4,0,60.9,80,75,78,65,1.8,1.4,77,76,75,67,1.7,1.3,1.55,1.55
3753995,England - Premier League,2015/2016,Chelsea,Southampton,1,3,11,14,592,403,0.4319053367,1.6702326825,4,2,59.5,81,79,80,70,1.9,1.2,75,74,75,65,1.5,1.5,1.7,1.35
3753999,England - Premier League,2015/2016,Watford,Arsenal,0,3,9,17,342,680,0.511569575,2.011464325,3,2,33.5,75,74,75,65,1.5,1.5,84,82,83,75,2.2,1.1,1.3,1.85
3754017,England - Premier League,2015/2016,Aston Villa,Swansea City,1,2,9,10,443,462,1.047492547,1.648634232,3,2,49.0,77,76,75,67,1.7,1.3,75,74,75,65,1.5,1.5,1.6,1.4
3754006,England - Premier League,2015/2016,West Bromwich Albion,Leicester City,2,3,12,13,394,429,1.9870628994999997,1.679065363,5,2,47.9,75,74,75,65,1.5,1.5,75,74,75,65,1.5,1.5,1.5,1.5
3754023,England - Premier League,2015/2016,AFC Bournemouth,Leicester City,1,1,4,3,511,400,0.300445785,0.828728063,2,1,56.1,75,74,75,65,1.5,1.5,75,74,75,65,1.5,1.5,1.5,1.5
3753984,England - Premier League,2015/2016,Liverpool,West Ham United,0,3,14,12,616,354,1.057457813,0.731214484,3,2,63.5,86,80,85,77,2.3,1.0,74,72,73,60,1.5,1.6,1.95,1.25
3754011,England - Premier League,2015/2016,Southampton,Manchester United,2,3,16,10,431,618,1.773677128,1.6235344079999998,5,2,41.1,75,74,75,65,1.5,1.5,79,74,76,62,1.7,1.5,1.5,1.6
3754010,England - Premier League,2015/2016,Newcastle United,Watford,1,2,16,12,576,411,1.377029175,1.1592038457,3,2,58.4,78,77,76,68,1.8,1.3,75,74,75,65,1.5,1.5,1.65,1.4
3754028,England - Premier League,2015/2016,Manchester City,Southampton,3,1,16,11,436,513,1.669690246,1.1941824209999998,4,0,45.9,88,85,87,78,2.4,0.9,75,74,75,65,1.5,1.5,1.95,1.2
3753996,England - Premier League,2015/2016,Chelsea,Norwich City,1,0,21,4,658,374,1.8208556550000001,0.30629336800000007,1,0,63.8,81,79,80,70,1.9,1.2,75,74,75,65,1.5,1.5,1.7,1.35
3754025,England - Premier League,2015/2016,Chelsea,Sunderland,3,1,17,11,629,340,3.1549500029999997,1.6192393495,4,0,64.9,81,79,80,70,1.9,1.2,75,74,75,65,1.5,1.5,1.7,1.35
3754068,England - Premier League,2015/2016,Aston Villa,West Bromwich Albion,0,1,12,11,496,349,0.5962198030000001,0.9217818400000001,1,2,58.7,77,76,75,67,1.7,1.3,75,74,75,65,1.5,1.5,1.6,1.4
3754056,England - Premier League,2015/2016,Everton,Stoke City,3,4,15,8,556,512,2.257550922,1.464026779,7,2,52.1,75,74,75,65,1.5,1.5,75,74,75,65,1.5,1.5,1.5,1.5
3754040,England - Premier League,2015/2016,Liverpool,Norwich City,1,1,23,7,615,451,2.4681719500000003,0.4513370176,2,1,57.7,86,80,85,77,2.3,1.0,75,74,75,65,1.5,1.5,1.9,1.25
3754074,England - Premier League,2015/2016,Swansea City,Tottenham Hotspur,2,2,11,21,443,525,0.9218798510000001,1.1586061045,4,1,45.8,75,74,75,65,1.5,1.5,80,75,78,65,1.8,1.4,1.45,1.65
3754076,England - Premier League,2015/2016,Sunderland,West Ham United,2,2,12,19,403,505,1.0939591050000002,2.026245143,4,1,44.4,75,74,75,65,1.5,1.5,74,72,73,60,1.5,1.6,1.55,1.5
3754067,England - Premier League,2015/2016,Crystal Palace,West Ham United,1,3,7,22,375,550,1.2407158070000002,2.4291063179999997,4,2,40.5,75,74,75,65,1.5,1.5,74,72,73,60,1.5,1.6,1.55,1.5
3754079,England - Premier League,2015/2016,Manchester City,Newcastle United,6,1,23,6,636,350,3.8957533830000006,1.255161147,7,0,64.5,88,85,87,78,2.4,0.9,78,77,76,68,1.8,1.3,1.85,1.35
3754090,England - Premier League,2015/2016,Newcastle United,Stoke City,0,0,15,10,462,426,1.330554626,1.3440481457000002,0,1,52.0,78,77,76,68,1.8,1.3,75,74,75,65,1.5,1.5,1.65,1.4
3754083,England - Premier League,2015/2016,Chelsea,Crystal Palace,1,2,27,13,610,378,2.20236371,2.144563198,3,2,61.7,81,79,80,70,1.9,1.2,75,74,75,65,1.5,1.5,1.7,1.35
3754077,England - Premier League,2015/2016,Manchester City,West Ham United,1,2,27,6,760,304,2.5287223579999996,0.79397703,3,2,71.4,88,85,87,78,2.4,0.9,74,72,73,60,1.5,1.6,2.0,1.2
3754060,England - Premier League,2015/2016,Everton,Liverpool,1,1,14,12,456,417,0.6900700563,1.1717117209999999,2,1,52.2,75,74,75,65,1.5,1.5,86,80,85,77,2.3,1.0,1.25,1.9
3754073,England - Premier League,2015/2016,Chelsea,AFC Bournemouth,0,1,19,15,595,369,1.3390426094999996,1.705787983,1,2,61.7,81,79,80,70,1.9,1.2,75,74,75,65,1.5,1.5,1.7,1.35
3754085,England - Premier League,2015/2016,Swansea City,Leicester City,0,3,10,16,603,439,1.0476351789999998,2.5483848910000004,3,2,57.9,75,74,75,65,1.5,1.5,75,74,75,65,1.5,1.5,1.5,1.5
3754047,England - Premier League,2015/2016,Liverpool,Swansea City,1,0,10,9,591,491,1.504164726,0.429181391,1,0,54.6,86,80,85,77,2.3,1.0,75,74,75,65,1.5,1.5,1.9,1.25
3754051,England - Premier League,2015/2016,Watford,Liverpool,3,0,6,12,322,570,1.8944532610000002,0.629763069,3,0,36.1,75,74,75,65,1.5,1.5,86,80,85,77,2.3,1.0,1.25,1.9
3754093,England - Premier League,2015/2016,Tottenham Hotspur,Chelsea,0,0,9,5,574,418,0.512618649,0.271854425,0,1,57.9,80,75,78,65,1.8,1.4,81,79,80,70,1.9,1.2,1.5,1.65
3754046,England - Premier League,2015/2016,Everton,Crystal Palace,1,1,19,14,614,369,1.8911856469999997,0.8299910110000001,2,1,62.5,75,74,75,65,1.5,1.5,75,74,75,65,1.5,1.5,1.5,1.5
3754072,England - Premier League,2015/2016,Sunderland,Watford,0,1,16,13,480,508,1.393120734,1.849388795,1,2,48.6,75,74,75,65,1.5,1.5,75,74,75,65,1.5,1.5,1.5,1.5
3754082,England - Premier League,2015/2016,Everton,Sunderland,6,2,15,17,734,369,2.205054852,1.7810543260000002,8,0,66.5,75,74,75,65,1.5,1.5,75,74,75,65,1.5,1.5,1.5,1.5
3754106,England - Premier League,2015/2016,Leicester City,Aston Villa,3,2,21,11,450,481,1.498125848,1.216925209,5,0,48.3,75,74,75,65,1.5,1.5,77,76,75,67,1.7,1.3,1.4,1.6
3754099,England - Premier League,2015/2016,Crystal Palace,West Bromwich Albion,2,0,20,6,533,335,1.867026553,0.20409428400000001,2,0,61.4,75,74,75,65,1.5,1.5,75,74,75,65,1.5,1.5,1.5,1.5
3754098,England - Premier League,2015/2016,Chelsea,Liverpool,1,3,8,16,449,616,0.49146707500000003,0.8882473424,4,2,42.2,81,79,80,70,1.9,1.2,86,80,85,77,2.3,1.0,1.45,1.75
3754057,England - Premier League,2015/2016,Tottenham Hotspur,Norwich City,3,0,14,11,564,417,2.3045497979999996,0.868707546,3,0,57.5,80,75,78,65,1.8,1.4,75,74,75,65,1.5,1.5,1.65,1.45
3754112,England - Premier League,2015/2016,Newcastle United,Southampton,2,2,10,14,566,427,1.6138293009999998,1.3296813920000001,4,1,57.0,78,77,76,68,1.8,1.3,75,74,75,65,1.5,1.5,1.65,1.4
3754117,England - Premier League,2015/2016,Aston Villa,Arsenal,0,2,19,9,471,556,1.02878946,1.952049731,2,2,45.9,77,76,75,67,1.7,1.3,84,82,83,75,2.2,1.1,1.4,1.75
3754104,England - Premier League,2015/2016,Norwich City,Stoke City,1,1,22,6,403,499,2.3330701126,0.6194153990000001,2,1,44.7,75,74,75,65,1.5,1.5,75,74,75,65,1.5,1.5,1.5,1.5
3754054,England - Premier League,2015/2016,Manchester City,Sunderland,4,1,19,11,654,339,2.723752841,1.244117113,5,0,65.9,88,85,87,78,2.4,0.9,75,74,75,65,1.5,1.5,1.95,1.2
3754113,England - Premier League,2015/2016,Southampton,Aston Villa,1,1,23,9,614,367,2.9258011600000002,0.8075088213999999,2,1,62.6,75,74,75,65,1.5,1.5,77,76,75,67,1.7,1.3,1.4,1.6
3754107,England - Premier League,2015/2016,Aston Villa,Manchester United,0,1,5,8,491,585,0.32450931400000005,0.5409470644,1,2,45.6,77,76,75,67,1.7,1.3,79,74,76,62,1.7,1.5,1.6,1.5
3754105,England - Premier League,2015/2016,West Bromwich Albion,Everton,2,3,10,12,452,520,0.8567562656,1.83468255,5,2,46.5,75,74,75,65,1.5,1.5,75,74,75,65,1.5,1.5,1.5,1.5
3754097,England - Premier League,2015/2016,Manchester United,Tottenham Hotspur,1,0,9,9,544,540,0.525077494,0.584645919,1,0,50.2,79,74,76,62,1.7,1.5,80,75,78,65,1.8,1.4,1.55,1.65
3754102,England - Premier League,2015/2016,Newcastle United,Norwich City,6,2,11,18,411,508,1.880819446,1.3470689025,8,0,44.7,78,77,76,68,1.8,1.3,75,74,75,65,1.5,1.5,1.65,1.4
3754115,England - Premier League,2015/2016,Chelsea,Aston Villa,2,0,9,11,467,461,1.100109758,0.5657738929999999,2,0,50.3,81,79,80,70,1.9,1.2,77,76,75,67,1.7,1.3,1.6,1.45
3754148,England - Premier League,2015/2016,Sunderland,Tottenham Hotspur,0,1,13,17,367,465,1.0747495330999999,1.598179856,1,2,44.1,75,74,75,65,1.5,1.5,80,75,78,65,1.8,1.4,1.45,1.65
3754169,England - Premier League,2015/2016,AFC Bournemouth,Sunderland,2,0,15,9,506,469,0.573598817,0.42454132099999997,2,0,51.9,75,74,75,65,1.5,1.5,75,74,75,65,1.5,1.5,1.5,1.5
3754174,England - Premier League,2015/2016,Leicester City,Arsenal,2,5,16,26,434,578,1.595042264,3.2846419789999994,7,2,42.9,75,74,75,65,1.5,1.5,84,82,83,75,2.2,1.1,1.3,1.85
3754185,England - Premier League,2015/2016,Watford,Manchester United,1,2,10,13,440,573,1.661213456,1.17446523,3,2,43.4,75,74,75,65,1.5,1.5,79,74,76,62,1.7,1.5,1.5,1.6
3754162,England - Premier League,2015/2016,AFC Bournemouth,Manchester United,2,1,11,11,406,535,1.131874549,1.5237842590000001,3,0,43.1,75,74,75,65,1.5,1.5,79,74,76,62,1.7,1.5,1.5,1.6
3754096,England - Premier League,2015/2016,West Ham United,Stoke City,0,0,24,12,418,441,1.7840530743,1.460851157,0,1,48.7,74,72,73,60,1.5,1.6,75,74,75,65,1.5,1.5,1.5,1.55
3754171,England - Premier League,2015/2016,Arsenal,Manchester United,3,0,12,8,416,685,1.535357183,1.15499167,3,0,37.8,84,82,83,75,2.2,1.1,79,74,76,62,1.7,1.5,1.85,1.4
3754119,England - Premier League,2015/2016,Sunderland,Newcastle United,3,0,9,22,341,509,2.077776542,2.8979657299999992,3,0,40.1,75,74,75,65,1.5,1.5,78,77,76,68,1.8,1.3,1.4,1.65
3754126,England - Premier League,2015/2016,Arsenal,Everton,2,1,20,10,576,458,2.478707666,0.79265614,3,0,55.7,84,82,83,75,2.2,1.1,75,74,75,65,1.5,1.5,1.85,1.3
3754133,England - Premier League,2015/2016,Norwich City,West Bromwich Albion,0,1,16,7,554,364,0.778162141,0.5951467920000001,1,2,60.3,75,74,75,65,1.5,1.5,75,74,75,65,1.5,1.5,1.5,1.5
3754167,England - Premier League,2015/2016,Manchester City,Norwich City,2,1,21,5,790,333,3.40192503,1.3918613680000003,3,0,70.3,88,85,87,78,2.4,0.9,75,74,75,65,1.5,1.5,1.95,1.2
3754145,England - Premier League,2015/2016,West Bromwich Albion,Manchester City,0,3,9,20,385,798,0.668440989,1.7600065810000003,3,2,32.5,75,74,75,65,1.5,1.5,88,85,87,78,2.4,0.9,1.2,1.95
3754153,England - Premier League,2015/2016,Stoke City,Crystal Palace,1,2,25,11,515,378,2.5061004770000004,1.9532421753999998,3,2,57.7,75,74,75,65,1.5,1.5,75,74,75,65,1.5,1.5,1.5,1.5
3754143,England - Premier League,2015/2016,Newcastle United,Liverpool,2,0,6,10,404,624,0.887070621,1.1163290524,2,0,39.3,78,77,76,68,1.8,1.3,86,80,85,77,2.3,1.0,1.4,1.8
3754186,England - Premier League,2015/2016,Leicester City,Manchester United,1,1,7,12,320,646,0.43938772900000006,0.8784997589999999,2,1,33.1,75,74,75,65,1.5,1.5,79,74,76,62,1.7,1.5,1.5,1.6
3754130,England - Premier League,2015/2016,Norwich City,Aston Villa,2,0,9,7,404,445,0.5811104269999999,0.316590806,2,0,47.6,75,74,75,65,1.5,1.5,77,76,75,67,1.7,1.3,1.4,1.6
3754188,England - Premier League,2015/2016,Southampton,Tottenham Hotspur,0,2,11,12,465,435,1.0455297030000001,1.2916885235,2,2,51.7,75,74,75,65,1.5,1.5,80,75,78,65,1.8,1.4,1.45,1.65
3754178,England - Premier League,2015/2016,Aston Villa,Watford,2,3,14,15,578,293,1.9050630750000002,1.7101047179999997,5,2,66.4,77,76,75,67,1.7,1.3,75,74,75,65,1.5,1.5,1.6,1.4
3754157,England - Premier League,2015/2016,AFC Bournemouth,Everton,3,3,19,11,626,456,1.428370058,0.702921212,6,1,57.9,75,74,75,65,1.5,1.5,75,74,75,65,1.5,1.5,1.5,1.5
3754166,England - Premier League,2015/2016,Everton,Leicester City,2,3,14,10,605,319,1.691042189,2.370729412,5,2,65.5,75,74,75,65,1.5,1.5,75,74,75,65,1.5,1.5,1.5,1.5
3754211,England - Premier League,2015/2016,Newcastle United,Leicester City,0,3,9,18,496,432,0.43004876299999995,3.1731198149999997,3,2,53.4,78,77,76,68,1.8,1.3,75,74,75,65,1.5,1.5,1.65,1.4
3754150,England - Premier League,2015/2016,Sunderland,Stoke City,2,0,18,7,461,518,1.208077326,0.9730449560000001,2,0,47.1,75,74,75,65,1.5,1.5,75,74,75,65,1.5,1.5,1.5,1.5
3754160,England - Premier League,2015/2016,Arsenal,Sunderland,3,1,16,10,744,312,1.842522641,0.8751835609999999,4,0,70.5,84,82,83,75,2.2,1.1,75,74,75,65,1.5,1.5,1.85,1.3
3754218,England - Premier League,2015/2016,Crystal Palace,Southampton,1,0,13,15,369,479,1.2039569555999998,0.941437937,1,0,43.5,75,74,75,65,1.5,1.5,75,74,75,65,1.5,1.5,1.5,1.5
3754217,England - Premier League,2015/2016,Chelsea,Arsenal,2,0,23,10,646,400,1.6449346113000003,0.8375268513,2,0,61.8,81,79,80,70,1.9,1.2,84,82,83,75,2.2,1.1,1.5,1.7
3754205,England - Premier League,2015/2016,Newcastle United,Arsenal,0,1,1,22,311,818,0.04286449,1.8904116361,1,2,27.5,78,77,76,68,1.8,1.3,84,82,83,75,2.2,1.1,1.45,1.75
3754221,England - Premier League,2015/2016,Swansea City,Manchester United,2,1,9,11,398,708,0.9349106564,0.9028143319999999,3,0,36.0,75,74,75,65,1.5,1.5,79,74,76,62,1.7,1.5,1.5,1.6
3754198,England - Premier League,2015/2016,Tottenham Hotspur,Liverpool,0,0,13,12,451,495,0.9668113019999999,0.5351811266000001,0,1,47.7,80,75,78,65,1.8,1.4,86,80,85,77,2.3,1.0,1.4,1.85
3754193,England - Premier League,2015/2016,Manchester City,AFC Bournemouth,5,1,16,8,610,506,3.678561991,0.607768631,6,0,54.7,88,85,87,78,2.4,0.9,75,74,75,65,1.5,1.5,1.95,1.2
3754222,England - Premier League,2015/2016,Tottenham Hotspur,Crystal Palace,1,0,22,11,494,389,0.9540721080000001,0.6038542853,1,0,55.9,80,75,78,65,1.8,1.4,75,74,75,65,1.5,1.5,1.65,1.45
3754213,England - Premier League,2015/2016,Watford,Swansea City,1,0,17,8,361,579,1.1530885925,0.822120338,1,0,38.4,75,74,75,65,1.5,1.5,75,74,75,65,1.5,1.5,1.5,1.5
3754212,England - Premier League,2015/2016,Liverpool,Aston Villa,3,2,20,10,621,384,1.7551408350000002,1.1084006130000001,5,0,61.8,86,80,85,77,2.3,1.0,77,76,75,67,1.7,1.3,1.8,1.35
3754223,England - Premier League,2015/2016,Crystal Palace,Manchester United,0,0,11,5,408,496,0.87627269,0.578693956,0,1,45.1,75,74,75,65,1.5,1.5,79,74,76,62,1.7,1.5,1.5,1.6
3754197,England - Premier League,2015/2016,Tottenham Hotspur,Manchester City,4,1,15,23,468,531,2.073990071,1.1728529385000002,5,0,46.8,80,75,78,65,1.8,1.4,88,85,87,78,2.4,0.9,1.35,1.9
3754208,England - Premier League,2015/2016,Manchester City,Liverpool,1,4,12,14,610,417,0.9032864166999999,3.2451488729999998,5,2,59.4,88,85,87,78,2.4,0.9,86,80,85,77,2.3,1.0,1.7,1.6
3754204,England - Premier League,2015/2016,Aston Villa,Sunderland,2,2,22,7,604,354,3.298744088,0.657671904,4,1,63.0,77,76,75,67,1.7,1.3,75,74,75,65,1.5,1.5,1.6,1.4
3754194,England - Premier League,2015/2016,West Ham United,Everton,1,1,18,15,480,471,0.840145075,1.6618179275,2,1,50.5,74,72,73,60,1.5,1.6,75,74,75,65,1.5,1.5,1.5,1.55
3754219,England - Premier League,2015/2016,West Bromwich Albion,AFC Bournemouth,1,2,6,17,300,618,0.35041278600000003,1.785999719,3,2,32.7,75,74,75,65,1.5,1.5,75,74,75,65,1.5,1.5,1.5,1.5
3754254,England - Premier League,2015/2016,Manchester United,Newcastle United,0,0,20,6,707,324,1.506356631,0.37281458,0,1,68.6,79,74,76,62,1.7,1.5,78,77,76,68,1.8,1.3,1.5,1.65
3754230,England - Premier League,2015/2016,Liverpool,Southampton,1,1,14,9,627,412,0.6509212413,1.490846337,2,1,60.3,86,80,85,77,2.3,1.0,75,74,75,65,1.5,1.5,1.9,1.25
3754285,England - Premier League,2015/2016,Aston Villa,West Ham United,1,1,15,10,501,349,1.556858276,0.6903345529999999,2,1,58.9,77,76,75,67,1.7,1.3,74,72,73,60,1.5,1.6,1.65,1.4
3754233,England - Premier League,2015/2016,Everton,Manchester City,0,2,10,16,460,544,0.589298101,1.17251773,2,2,45.8,75,74,75,65,1.5,1.5,88,85,87,78,2.4,0.9,1.2,1.95
3754270,England - Premier League,2015/2016,Tottenham Hotspur,Stoke City,2,2,13,15,559,476,1.4161290260000001,2.596728009,4,1,54.0,80,75,78,65,1.8,1.4,75,74,75,65,1.5,1.5,1.65,1.45
3754237,England - Premier League,2015/2016,Leicester City,Sunderland,4,2,19,9,395,498,2.261113464,1.367720484,6,0,44.2,75,74,75,65,1.5,1.5,75,74,75,65,1.5,1.5,1.5,1.5
3754257,England - Premier League,2015/2016,Crystal Palace,Manchester City,0,1,10,21,419,558,0.5355747971,3.560895456,1,2,42.9,75,74,75,65,1.5,1.5,88,85,87,78,2.4,0.9,1.2,1.95
3754266,England - Premier League,2015/2016,Watford,Crystal Palace,0,1,14,17,444,369,1.0907581123,1.9453531033,1,2,54.6,75,74,75,65,1.5,1.5,75,74,75,65,1.5,1.5,1.5,1.5
3754256,England - Premier League,2015/2016,Everton,Manchester United,0,3,15,10,510,556,1.141489023,1.3249039460000003,3,2,47.8,75,74,75,65,1.5,1.5,79,74,76,62,1.7,1.5,1.5,1.6
3754288,England - Premier League,2015/2016,West Ham United,Chelsea,2,1,12,9,426,498,0.7849844616,0.7624511771,3,0,46.1,74,72,73,60,1.5,1.6,81,79,80,70,1.9,1.2,1.35,1.75
3754238,England - Premier League,2015/2016,AFC Bournemouth,Newcastle United,0,1,22,2,667,322,1.0753942890000001,0.23706906,1,2,67.4,75,74,75,65,1.5,1.5,78,77,76,68,1.8,1.3,1.4,1.65
3754269,England - Premier League,2015/2016,Swansea City,Stoke City,0,1,14,9,607,507,0.5468138025,1.342431467,1,2,54.5,75,74,75,65,1.5,1.5,75,74,75,65,1.5,1.5,1.5,1.5
3754234,England - Premier League,2015/2016,AFC Bournemouth,Tottenham Hotspur,1,5,11,14,478,548,0.619912413,2.915555251,6,2,46.6,75,74,75,65,1.5,1.5,80,75,78,65,1.8,1.4,1.45,1.65
3754246,England - Premier League,2015/2016,Manchester City,Watford,2,0,18,7,692,492,1.235037312,0.40432329899999997,2,0,58.4,88,85,87,78,2.4,0.9,75,74,75,65,1.5,1.5,1.95,1.2
3754296,England - Premier League,2015/2016,Arsenal,Manchester City,2,1,8,19,427,705,1.35397635,1.2498652799999999,3,0,37.7,84,82,83,75,2.2,1.1,88,85,87,78,2.4,0.9,1.55,1.75
3754273,England - Premier League,2015/2016,Watford,West Ham United,2,0,21,8,457,439,1.8469288259999996,0.8667123723000001,2,0,51.0,75,74,75,65,1.5,1.5,74,72,73,60,1.5,1.6,1.55,1.5
3754263,England - Premier League,2015/2016,Leicester City,Crystal Palace,1,0,12,10,478,529,1.3294006859999998,0.370666353,1,0,47.5,75,74,75,65,1.5,1.5,75,74,75,65,1.5,1.5,1.5,1.5
3754268,England - Premier League,2015/2016,Tottenham Hotspur,Everton,0,0,18,7,493,482,2.1179032895,0.328295836,0,1,50.6,80,75,78,65,1.8,1.4,75,74,75,65,1.5,1.5,1.65,1.45
3754286,England - Premier League,2015/2016,Watford,Norwich City,2,0,13,9,461,440,2.1616143759999997,0.5346139213,2,0,51.2,75,74,75,65,1.5,1.5,75,74,75,65,1.5,1.5,1.5,1.5
3754291,England - Premier League,2015/2016,Watford,Tottenham Hotspur,1,2,9,9,393,588,1.104534993,0.532679953,3,2,40.1,75,74,75,65,1.5,1.5,80,75,78,65,1.8,1.4,1.45,1.65
3754283,England - Premier League,2015/2016,Everton,Aston Villa,4,0,16,11,642,447,2.321444905,1.104697958,4,0,59.0,75,74,75,65,1.5,1.5,77,76,75,67,1.7,1.3,1.4,1.6
3754235,England - Premier League,2015/2016,West Ham United,West Bromwich Albion,1,1,17,7,478,329,1.7177713490000002,0.721320146,2,1,59.2,74,72,73,60,1.5,1.6,75,74,75,65,1.5,1.5,1.5,1.55
3754279,England - Premier League,2015/2016,Swansea City,West Bromwich Albion,1,0,7,9,548,444,0.9775453096000001,0.619245952,1,0,55.2,75,74,75,65,1.5,1.5,75,74,75,65,1.5,1.5,1.5,1.5
3754276,England - Premier League,2015/2016,Tottenham Hotspur,Newcastle United,1,2,20,8,558,397,1.110380464,1.449065663,3,2,58.4,80,75,78,65,1.8,1.4,78,77,76,68,1.8,1.3,1.55,1.6
3754287,England - Premier League,2015/2016,Chelsea,Watford,2,2,17,13,600,370,2.216405799,1.6086157,4,1,61.9,81,79,80,70,1.9,1.2,75,74,75,65,1.5,1.5,1.7,1.35
3754259,England - Premier League,2015/2016,Swansea City,West Ham United,0,0,22,11,750,290,1.071158855,0.42816083000000005,0,1,72.1,75,74,75,65,1.5,1.5,74,72,73,60,1.5,1.6,1.55,1.5
3754335,England - Premier League,2015/2016,Norwich City,Leicester City,1,2,17,16,603,298,1.2885968725,3.519109277,3,2,66.9,75,74,75,65,1.5,1.5,75,74,75,65,1.5,1.5,1.5,1.5
3754298,England - Premier League,2015/2016,Swansea City,Everton,0,0,12,17,464,512,0.749363426,1.655512489,0,1,47.5,75,74,75,65,1.5,1.5,75,74,75,65,1.5,1.5,1.5,1.5
3754315,England - Premier League,2015/2016,Norwich City,AFC Bournemouth,3,1,12,8,477,527,1.319561857,0.776672523,4,0,47.5,75,74,75,65,1.5,1.5,75,74,75,65,1.5,1.5,1.5,1.5
3754330,England - Premier League,2015/2016,Aston Villa,Stoke City,0,1,13,12,547,421,0.6227190469999999,1.4088317786000002,1,2,56.5,77,76,75,67,1.7,1.3,75,74,75,65,1.5,1.5,1.6,1.4
3754337,England - Premier League,2015/2016,Southampton,Norwich City,3,0,23,6,593,396,2.5856949109999996,0.7797066899999999,3,0,60.0,75,74,75,65,1.5,1.5,75,74,75,65,1.5,1.5,1.5,1.5
3754297,England - Premier League,2015/2016,Manchester United,West Bromwich Albion,2,0,13,4,702,344,1.4637146909999998,0.41405688100000004,2,0,67.1,79,74,76,62,1.7,1.5,75,74,75,65,1.5,1.5,1.6,1.5
3754301,England - Premier League,2015/2016,West Bromwich Albion,Arsenal,2,1,4,13,286,724,0.418669605,1.7802792380000003,3,0,28.3,75,74,75,65,1.5,1.5,84,82,83,75,2.2,1.1,1.3,1.85
3754323,England - Premier League,2015/2016,West Ham United,Norwich City,2,2,19,16,401,509,2.2823869510000003,1.3017205889999999,4,1,44.1,74,72,73,60,1.5,1.6,75,74,75,65,1.5,1.5,1.5,1.55
3754304,England - Premier League,2015/2016,Crystal Palace,Newcastle United,5,1,19,7,519,424,1.5899151669999998,0.788583969,6,0,55.0,75,74,75,65,1.5,1.5,78,77,76,68,1.8,1.3,1.4,1.65
3754311,England - Premier League,2015/2016,Norwich City,Swansea City,1,0,9,8,384,759,1.0955278426,0.4882892185,1,0,33.6,75,74,75,65,1.5,1.5,75,74,75,65,1.5,1.5,1.5,1.5
3754328,England - Premier League,2015/2016,Manchester City,Swansea City,2,1,14,13,602,529,0.7830448999999999,1.2340609589999998,3,0,53.2,88,85,87,78,2.4,0.9,75,74,75,65,1.5,1.5,1.95,1.2
3754309,England - Premier League,2015/2016,Southampton,Arsenal,4,0,14,8,353,593,1.9086961089999999,0.791967786,4,0,37.3,75,74,75,65,1.5,1.5,84,82,83,75,2.2,1.1,1.3,1.85
3754325,England - Premier League,2015/2016,West Bromwich Albion,Southampton,0,0,8,16,372,677,0.598715993,1.092335951,0,1,35.5,75,74,75,65,1.5,1.5,75,74,75,65,1.5,1.5,1.5,1.5
3754329,England - Premier League,2015/2016,West Ham United,Newcastle United,2,0,17,14,357,561,2.092493351,0.8119911615,2,0,38.9,74,72,73,60,1.5,1.6,78,77,76,68,1.8,1.3,1.4,1.7
3754302,England - Premier League,2015/2016,Southampton,Leicester City,2,2,13,27,417,410,1.3640691679999997,2.111764067,4,1,50.4,75,74,75,65,1.5,1.5,75,74,75,65,1.5,1.5,1.5,1.5
3754013,England - Premier League,2015/2016,Leicester City,Chelsea,2,1,9,11,322,617,0.643696642,2.06070106,3,0,34.3,75,74,75,65,1.5,1.5,81,79,80,70,1.9,1.2,1.35,1.7
3754044,England - Premier League,2015/2016,Manchester United,Norwich City,1,2,11,6,696,320,0.9421334939999999,0.923746824,3,2,68.5,79,74,76,62,1.7,1.5,75,74,75,65,1.5,1.5,1.6,1.5
3754351,England - Premier League,2015/2016,Liverpool,Crystal Palace,1,2,22,9,563,324,1.795278301,0.575604102,3,2,63.5,86,80,85,77,2.3,1.0,75,74,75,65,1.5,1.5,1.9,1.25
3754343,England - Premier League,2015/2016,Liverpool,Leicester City,1,0,26,7,618,323,1.777294086,0.8014688539999999,1,0,65.7,86,80,85,77,2.3,1.0,75,74,75,65,1.5,1.5,1.9,1.25
3754109,England - Premier League,2015/2016,Tottenham Hotspur,West Ham United,4,1,22,10,527,448,2.6609312929999995,0.750193033,5,0,54.1,80,75,78,65,1.8,1.4,74,72,73,60,1.5,1.6,1.7,1.45
3754182,England - Premier League,2015/2016,Norwich City,Everton,1,1,8,15,453,637,1.310010919,1.8707466680000002,2,1,41.6,75,74,75,65,1.5,1.5,75,74,75,65,1.5,1.5,1.5,1.5
3754240,England - Premier League,2015/2016,Arsenal,Stoke City,2,0,30,9,677,338,3.7015099949999994,0.282876691,2,0,66.7,84,82,83,75,2.2,1.1,75,74,75,65,1.5,1.5,1.85,1.3
3754336,England - Premier League,2015/2016,Everton,Chelsea,3,1,14,15,406,602,1.2100330510000001,0.7957923840000001,4,0,40.3,75,74,75,65,1.5,1.5,81,79,80,70,1.9,1.2,1.35,1.7
3754247,England - Premier League,2015/2016,Southampton,Stoke City,0,1,16,16,581,424,1.151731759,1.412434229,1,2,57.8,75,74,75,65,1.5,1.5,75,74,75,65,1.5,1.5,1.5,1.5
3754156,England - Premier League,2015/2016,Leicester City,Watford,2,1,13,8,445,602,1.8631559699999998,1.075895677,3,0,42.5,75,74,75,65,1.5,1.5,75,74,75,65,1.5,1.5,1.5,1.5
3754265,England - Premier League,2015/2016,Arsenal,Tottenham Hotspur,1,1,10,16,514,429,1.5741764360000001,1.0868710365,2,1,54.5,84,82,83,75,2.2,1.1,80,75,78,65,1.8,1.4,1.8,1.45
3754000,England - Premier League,2015/2016,Sunderland,Southampton,0,1,11,14,369,605,0.5551419030000001,1.7965055407,1,2,37.9,75,74,75,65,1.5,1.5,75,74,75,65,1.5,1.5,1.5,1.5
3754003,England - Premier League,2015/2016,Manchester United,Liverpool,3,1,9,7,612,465,1.478562597,0.617930664,4,0,56.8,79,74,76,62,1.7,1.5,86,80,85,77,2.3,1.0,1.35,1.9
3754344,England - Premier League,2015/2016,Swansea City,Newcastle United,2,0,19,4,699,362,1.8072480083000002,0.12872560800000002,2,0,65.9,75,74,75,65,1.5,1.5,78,77,76,68,1.8,1.3,1.4,1.65
3754131,England - Premier League,2015/2016,West Ham United,AFC Bournemouth,3,4,10,16,415,506,1.695745907,2.7379267699,7,2,45.1,74,72,73,60,1.5,1.6,75,74,75,65,1.5,1.5,1.5,1.55
3754300,England - Premier League,2015/2016,Everton,Watford,2,2,11,11,644,351,0.7806996220000001,0.619914376,4,1,64.7,75,74,75,65,1.5,1.5,75,74,75,65,1.5,1.5,1.5,1.5
3754312,England - Premier League,2015/2016,Crystal Palace,Arsenal,1,2,11,20,430,615,1.274477265,1.7779091754,3,2,41.1,75,74,75,65,1.5,1.5,84,82,83,75,2.2,1.1,1.3,1.85
3754138,England - Premier League,2015/2016,Norwich City,Crystal Palace,1,3,17,11,540,316,1.4056107054,1.7983231339999999,4,2,63.1,75,74,75,65,1.5,1.5,75,74,75,65,1.5,1.5,1.5,1.5
3754203,England - Premier League,2015/2016,West Ham United,Leicester City,1,2,9,10,648,277,0.8063725930000001,1.215113044,3,2,70.1,74,72,73,60,1.5,1.6,75,74,75,65,1.5,1.5,1.5,1.55
3754190,England - Premier League,2015/2016,Crystal Palace,Aston Villa,2,1,17,12,403,424,0.9894574639999999,0.8991665775999999,3,0,48.7,75,74,75,65,1.5,1.5,77,76,75,67,1.7,1.3,1.4,1.6
3754066,England - Premier League,2015/2016,Manchester City,Chelsea,3,0,18,11,465,468,1.777268971,0.8010583339999999,3,0,49.8,88,85,87,78,2.4,0.9,81,79,80,70,1.9,1.2,1.8,1.4
3754034,England - Premier League,2015/2016,Southampton,Everton,0,3,17,11,530,444,1.0568284415,0.9120888709999999,3,2,54.4,75,74,75,65,1.5,1.5,75,74,75,65,1.5,1.5,1.5,1.5
3753985,England - Premier League,2015/2016,Stoke City,Liverpool,0,1,6,8,474,524,0.415074461,0.245268123,1,2,47.5,75,74,75,65,1.5,1.5,86,80,85,77,2.3,1.0,1.25,1.9
3753987,England - Premier League,2015/2016,Leicester City,Tottenham Hotspur,1,1,13,19,314,569,0.62720865,1.971763712,2,1,35.6,75,74,75,65,1.5,1.5,80,75,78,65,1.8,1.4,1.45,1.65
3754189,England - Premier League,2015/2016,Watford,Southampton,0,0,12,15,502,459,0.8573689886000001,0.8235125000000001,0,1,52.2,75,74,75,65,1.5,1.5,75,74,75,65,1.5,1.5,1.5,1.5
3754129,England - Premier League,2015/2016,Arsenal,Liverpool,0,0,21,18,722,388,2.1088993565000003,1.4531826319999999,0,1,65.0,84,82,83,75,2.2,1.1,86,80,85,77,2.3,1.0,1.6,1.7
3754180,England - Premier League,2015/2016,Sunderland,Swansea City,1,1,11,21,358,551,0.8344188998,1.6329706445999999,2,1,39.4,75,74,75,65,1.5,1.5,75,74,75,65,1.5,1.5,1.5,1.5
3754059,England - Premier League,2015/2016,West Bromwich Albion,Chelsea,2,3,16,15,411,523,1.7674547105999998,2.474998377,5,2,44.0,75,74,75,65,1.5,1.5,81,79,80,70,1.9,1.2,1.35,1.7
3754064,England - Premier League,2015/2016,Southampton,Liverpool,3,2,16,18,500,516,1.9336931440000003,1.508621445,5,0,49.2,75,74,75,65,1.5,1.5,86,80,85,77,2.3,1.0,1.25,1.9
3754065,England - Premier League,2015/2016,Tottenham Hotspur,Leicester City,0,1,21,10,548,317,1.4610406488,1.07861784,1,2,63.4,80,75,78,65,1.8,1.4,75,74,75,65,1.5,1.5,1.65,1.45
3754173,England - Premier League,2015/2016,Arsenal,AFC Bournemouth,2,0,13,10,568,547,1.7515431385000002,0.346804384,2,0,50.9,84,82,83,75,2.2,1.1,75,74,75,65,1.5,1.5,1.85,1.3
3754175,England - Premier League,2015/2016,Sunderland,West Bromwich Albion,0,0,25,4,459,348,2.2034853009999997,0.1493581485,0,1,56.9,75,74,75,65,1.5,1.5,75,74,75,65,1.5,1.5,1.5,1.5
3753973,England - Premier League,2015/2016,Chelsea,West Ham United,2,2,22,13,586,377,2.405319371,0.886417968,4,1,60.9,81,79,80,70,1.9,1.2,74,72,73,60,1.5,1.6,1.75,1.35
3753975,England - Premier League,2015/2016,Sunderland,AFC Bournemouth,1,1,10,15,429,580,0.49004630499999996,1.1829695100000002,2,1,42.5,75,74,75,65,1.5,1.5,75,74,75,65,1.5,1.5,1.5,1.5
3753976,England - Premier League,2015/2016,Arsenal,Swansea City,1,2,17,11,667,406,1.3274736569999999,1.17405024,3,2,62.2,84,82,83,75,2.2,1.1,75,74,75,65,1.5,1.5,1.85,1.3
3753977,England - Premier League,2015/2016,Watford,Stoke City,1,2,9,9,518,473,0.722217923,1.427871372,3,2,52.3,75,74,75,65,1.5,1.5,75,74,75,65,1.5,1.5,1.5,1.5
3753980,England - Premier League,2015/2016,Everton,Arsenal,0,2,8,11,565,490,0.45883076300000003,1.830370192,2,2,53.6,75,74,75,65,1.5,1.5,84,82,83,75,2.2,1.1,1.3,1.85
3753981,England - Premier League,2015/2016,Aston Villa,Crystal Palace,1,0,13,9,512,463,0.697131786,0.4005079474,1,0,52.5,77,76,75,67,1.7,1.3,75,74,75,65,1.5,1.5,1.6,1.4
3753982,England - Premier League,2015/2016,Leicester City,Southampton,1,0,11,10,400,504,1.237693633,0.518473497,1,0,44.2,75,74,75,65,1.5,1.5,75,74,75,65,1.5,1.5,1.5,1.5
3753986,England - Premier League,2015/2016,Liverpool,Stoke City,4,1,14,11,529,458,1.9046623937000002,0.58647117,5,0,53.6,86,80,85,77,2.3,1.0,75,74,75,65,1.5,1.5,1.9,1.25
3753988,England - Premier League,2015/2016,AFC Bournemouth,Swansea City,3,2,13,13,414,531,0.9624117965999999,1.5288385593000002,5,0,43.8,75,74,75,65,1.5,1.5,75,74,75,65,1.5,1.5,1.5,1.5
3753989,England - Premier League,2015/2016,Sunderland,Everton,3,0,15,17,388,623,1.9913096855999999,1.1338910485,3,0,38.4,75,74,75,65,1.5,1.5,75,74,75,65,1.5,1.5,1.5,1.5
3753990,England - Premier League,2015/2016,Sunderland,Arsenal,0,0,12,20,313,700,0.501764842,1.338111885,0,1,30.9,75,74,75,65,1.5,1.5,84,82,83,75,2.2,1.1,1.3,1.85
3753991,England - Premier League,2015/2016,Liverpool,Manchester City,3,0,11,4,504,506,1.1228887092,0.208402952,3,0,49.9,86,80,85,77,2.3,1.0,88,85,87,78,2.4,0.9,1.6,1.7
3753992,England - Premier League,2015/2016,Tottenham Hotspur,Southampton,1,2,19,10,649,313,2.3371779270000004,0.945182293,3,2,67.5,80,75,78,65,1.8,1.4,75,74,75,65,1.5,1.5,1.65,1.45
3753994,England - Premier League,2015/2016,Southampton,Crystal Palace,4,1,19,16,456,448,2.3921003845,1.2960643909999998,5,0,50.4,75,74,75,65,1.5,1.5,75,74,75,65,1.5,1.5,1.5,1.5
3753997,England - Premier League,2015/2016,West Ham United,Aston Villa,2,0,26,5,687,341,2.6677341764,0.15882490400000002,2,0,66.8,74,72,73,60,1.5,1.6,77,76,75,67,1.7,1.3,1.4,1.65
3753998,England - Premier League,2015/2016,West Ham United,Southampton,2,1,13,13,433,453,1.4072806077000002,1.0941809829999998,3,0,48.9,74,72,73,60,1.5,1.6,75,74,75,65,1.5,1.5,1.5,1.55
3754002,England - Premier League,2015/2016,Leicester City,Newcastle United,1,0,10,13,504,493,0.930954673,0.8732609619999999,1,0,50.6,75,74,75,65,1.5,1.5,78,77,76,68,1.8,1.3,1.4,1.65
3754004,England - Premier League,2015/2016,AFC Bournemouth,Norwich City,3,0,15,10,412,478,2.26145355,0.4287345755,3,0,46.3,75,74,75,65,1.5,1.5,75,74,75,65,1.5,1.5,1.5,1.5
3754005,England - Premier League,2015/2016,Stoke City,Newcastle United,1,0,9,5,497,419,0.2795712055,0.40443306,1,0,54.3,75,74,75,65,1.5,1.5,78,77,76,68,1.8,1.3,1.4,1.65
3754009,England - Premier League,2015/2016,Arsenal,Crystal Palace,1,1,21,7,778,316,1.7365538980000002,0.3875618627,2,1,71.1,84,82,83,75,2.2,1.1,75,74,75,65,1.5,1.5,1.85,1.3
3754012,England - Premier League,2015/2016,Southampton,Chelsea,1,2,8,17,380,692,1.067482739,1.410115366,3,2,35.4,75,74,75,65,1.5,1.5,81,79,80,70,1.9,1.2,1.35,1.7
3754016,England - Premier League,2015/2016,Southampton,Newcastle United,3,1,20,5,486,472,1.9387079523,0.269008924,4,0,50.7,75,74,75,65,1.5,1.5,78,77,76,68,1.8,1.3,1.4,1.65
3754018,England - Premier League,2015/2016,Swansea City,Liverpool,3,1,19,10,516,574,1.8349364,0.783318545,4,0,47.3,75,74,75,65,1.5,1.5,86,80,85,77,2.3,1.0,1.25,1.9
3754019,England - Premier League,2015/2016,Manchester United,Chelsea,0,0,13,8,661,347,1.289497517,0.8758018527,0,1,65.6,79,74,76,62,1.7,1.5,81,79,80,70,1.9,1.2,1.45,1.7
3754021,England - Premier League,2015/2016,AFC Bournemouth,West Ham United,1,3,11,9,466,461,0.42405022760000005,0.760144765,4,2,50.3,75,74,75,65,1.5,1.5,74,72,73,60,1.5,1.6,1.55,1.5
3754022,England - Premier League,2015/2016,Crystal Palace,Norwich City,1,0,14,14,368,340,1.2824345756,1.0310542954000002,1,0,52.0,75,74,75,65,1.5,1.5,75,74,75,65,1.5,1.5,1.5,1.5
3754024,England - Premier League,2015/2016,Newcastle United,Swansea City,3,0,12,12,347,611,1.050087159,1.111024237,3,0,36.2,78,77,76,68,1.8,1.3,75,74,75,65,1.5,1.5,1.65,1.4
3754026,England - Premier League,2015/2016,Crystal Palace,Stoke City,2,1,17,12,447,327,1.2387485569999999,1.1962769785,3,0,57.8,75,74,75,65,1.5,1.5,75,74,75,65,1.5,1.5,1.5,1.5
3754027,England - Premier League,2015/2016,Tottenham Hotspur,Sunderland,4,1,26,5,663,350,2.7280815659999997,0.522873208,5,0,65.4,80,75,78,65,1.8,1.4,75,74,75,65,1.5,1.5,1.65,1.45
3754030,England - Premier League,2015/2016,Watford,Everton,1,1,13,12,370,518,0.5522624965,1.4061570767000002,2,1,41.7,75,74,75,65,1.5,1.5,75,74,75,65,1.5,1.5,1.5,1.5
3754031,England - Premier League,2015/2016,Sunderland,Manchester United,2,1,21,13,294,563,1.808282101,0.950959874,3,0,34.3,75,74,75,65,1.5,1.5,79,74,76,62,1.7,1.5,1.5,1.6
3754032,England - Premier League,2015/2016,Stoke City,Norwich City,3,1,17,5,667,405,1.5029287480000002,0.32764383399999997,4,0,62.2,75,74,75,65,1.5,1.5,75,74,75,65,1.5,1.5,1.5,1.5
3754033,England - Premier League,2015/2016,Leicester City,Everton,3,1,32,10,384,551,4.438042445,1.380829187,4,0,41.1,75,74,75,65,1.5,1.5,75,74,75,65,1.5,1.5,1.5,1.5
3754035,England - Premier League,2015/2016,Manchester City,West Bromwich Albion,2,1,13,13,583,354,2.088062234,1.204284599,3,0,62.2,88,85,87,78,2.4,0.9,75,74,75,65,1.5,1.5,1.95,1.2
3754036,England - Premier League,2015/2016,Sunderland,Aston Villa,3,1,13,8,441,518,1.129123908,0.41542713600000003,4,0,46.0,75,74,75,65,1.5,1.5,77,76,75,67,1.7,1.3,1.4,1.6
3754061,England - Premier League,2015/2016,Chelsea,Stoke City,1,1,20,17,492,518,1.3757944649999998,1.5152481409999998,2,1,48.7,81,79,80,70,1.9,1.2,75,74,75,65,1.5,1.5,1.7,1.35
3754062,England - Premier League,2015/2016,Chelsea,West Bromwich Albion,2,2,14,14,550,369,1.4257015220000002,0.902230667,4,1,59.8,81,79,80,70,1.9,1.2,75,74,75,65,1.5,1.5,1.7,1.35
3754063,England - Premier League,2015/2016,Watford,Aston Villa,3,2,18,8,659,361,1.1316410816999998,0.617063591,5,0,64.6,75,74,75,65,1.5,1.5,77,76,75,67,1.7,1.3,1.4,1.6
3754069,England - Premier League,2015/2016,Arsenal,Newcastle United,1,0,15,15,522,492,1.8596375312999998,1.5359523210000001,1,0,51.5,84,82,83,75,2.2,1.1,78,77,76,68,1.8,1.3,1.75,1.45
3754070,England - Premier League,2015/2016,Aston Villa,Newcastle United,0,0,2,9,468,535,0.0154808238,0.965034265,0,1,46.7,77,76,75,67,1.7,1.3,78,77,76,68,1.8,1.3,1.5,1.55
3754071,England - Premier League,2015/2016,Swansea City,Sunderland,2,4,11,7,484,471,1.2939793370000001,2.1823739389999997,6,2,50.7,75,74,75,65,1.5,1.5,75,74,75,65,1.5,1.5,1.5,1.5
3754075,England - Premier League,2015/2016,Aston Villa,Chelsea,0,4,15,11,467,650,0.968863158,2.144349063,4,2,41.8,77,76,75,67,1.7,1.3,81,79,80,70,1.9,1.2,1.45,1.6
3754080,England - Premier League,2015/2016,Tottenham Hotspur,Watford,1,0,26,3,625,358,2.2134976358,0.094645531,1,0,63.6,80,75,78,65,1.8,1.4,75,74,75,65,1.5,1.5,1.65,1.45
3754081,England - Premier League,2015/2016,West Bromwich Albion,Manchester United,1,0,9,7,464,540,0.722863021,0.37916598999999995,1,0,46.2,75,74,75,65,1.5,1.5,79,74,76,62,1.7,1.5,1.5,1.6
3754084,England - Premier League,2015/2016,West Bromwich Albion,Aston Villa,0,0,5,16,340,488,0.468689686,0.6328570640000001,0,1,41.1,75,74,75,65,1.5,1.5,77,76,75,67,1.7,1.3,1.4,1.6
3754086,England - Premier League,2015/2016,West Ham United,Watford,3,1,18,7,422,475,3.637574037,1.3215356955,4,0,47.0,74,72,73,60,1.5,1.6,75,74,75,65,1.5,1.5,1.5,1.55
3754087,England - Premier League,2015/2016,Liverpool,Tottenham Hotspur,1,1,15,18,422,559,1.2660685859999998,1.689788995,2,1,43.0,86,80,85,77,2.3,1.0,80,75,78,65,1.8,1.4,1.85,1.4
3754088,England - Premier League,2015/2016,Newcastle United,Manchester United,3,3,14,12,546,471,2.1130973697,1.8573539870000002,6,1,53.7,78,77,76,68,1.8,1.3,79,74,76,62,1.7,1.5,1.65,1.5
3754089,England - Premier League,2015/2016,Crystal Palace,AFC Bournemouth,1,2,14,8,453,428,1.5427313640000002,0.751661777,3,2,51.4,75,74,75,65,1.5,1.5,75,74,75,65,1.5,1.5,1.5,1.5
3754092,England - Premier League,2015/2016,Chelsea,Tottenham Hotspur,2,2,13,16,410,438,0.774737798,2.320955286,4,1,48.3,81,79,80,70,1.9,1.2,80,75,78,65,1.8,1.4,1.65,1.5
3754094,England - Premier League,2015/2016,Manchester United,Stoke City,3,0,15,10,493,544,2.460498865,0.6166179830000001,3,0,47.5,79,74,76,62,1.7,1.5,75,74,75,65,1.5,1.5,1.6,1.5
3754095,England - Premier League,2015/2016,Sunderland,Manchester City,0,1,12,7,487,463,1.18569443,0.5827144119999998,1,2,51.3,75,74,75,65,1.5,1.5,88,85,87,78,2.4,0.9,1.2,1.95
3754100,England - Premier League,2015/2016,Newcastle United,Sunderland,1,1,17,14,483,337,1.4879528850000001,0.6046204635,2,1,58.9,78,77,76,68,1.8,1.3,75,74,75,65,1.5,1.5,1.65,1.4
3754101,England - Premier League,2015/2016,Norwich City,Southampton,1,0,10,10,403,537,1.169261067,0.987271448,1,0,42.9,75,74,75,65,1.5,1.5,75,74,75,65,1.5,1.5,1.5,1.5
3754103,England - Premier League,2015/2016,Watford,Chelsea,0,0,13,13,503,593,0.9010310559999999,0.9393715880000001,0,1,45.9,75,74,75,65,1.5,1.5,81,79,80,70,1.9,1.2,1.35,1.7
3754108,England - Premier League,2015/2016,Sunderland,Chelsea,3,2,14,9,326,679,0.9662939279999999,1.1584543105,5,0,32.4,75,74,75,65,1.5,1.5,81,79,80,70,1.9,1.2,1.35,1.7
3754110,England - Premier League,2015/2016,West Ham United,Manchester City,2,2,10,16,434,493,0.9143906526,1.819859073,4,1,46.8,74,72,73,60,1.5,1.6,88,85,87,78,2.4,0.9,1.2,2.0
3754111,England - Premier League,2015/2016,Arsenal,Chelsea,0,1,10,12,505,604,1.148608958,1.1831136199999999,1,2,45.5,84,82,83,75,2.2,1.1,81,79,80,70,1.9,1.2,1.7,1.5
3754114,England - Premier League,2015/2016,Crystal Palace,Chelsea,0,3,8,10,403,622,0.919569089,1.876364695,3,2,39.3,75,74,75,65,1.5,1.5,81,79,80,70,1.9,1.2,1.35,1.7
3754116,England - Premier League,2015/2016,Swansea City,Chelsea,1,0,12,9,452,675,1.8257265219999999,1.6571836979999999,1,0,40.1,75,74,75,65,1.5,1.5,81,79,80,70,1.9,1.2,1.35,1.7
3754118,England - Premier League,2015/2016,Arsenal,Watford,4,0,19,7,797,378,2.5767153339999997,0.43205721699999994,4,0,67.8,84,82,83,75,2.2,1.1,75,74,75,65,1.5,1.5,1.85,1.3
3754120,England - Premier League,2015/2016,Southampton,West Ham United,1,0,8,19,330,571,0.8120124150000001,0.87702433,1,0,36.6,75,74,75,65,1.5,1.5,74,72,73,60,1.5,1.6,1.55,1.5
3754121,England - Premier League,2015/2016,Watford,AFC Bournemouth,0,0,14,12,348,435,0.9093750110000001,1.156495531,0,1,44.4,75,74,75,65,1.5,1.5,75,74,75,65,1.5,1.5,1.5,1.5
3754122,England - Premier League,2015/2016,West Bromwich Albion,Stoke City,2,1,18,11,402,475,2.532032643,0.8410488179999999,3,0,45.8,75,74,75,65,1.5,1.5,75,74,75,65,1.5,1.5,1.5,1.5
3754123,England - Premier League,2015/2016,Everton,Norwich City,3,0,15,11,437,506,2.270384698,0.7429965544,3,0,46.3,75,74,75,65,1.5,1.5,75,74,75,65,1.5,1.5,1.5,1.5
3754124,England - Premier League,2015/2016,Manchester City,Manchester United,0,1,25,5,532,437,1.965376267,0.524006822,1,2,54.9,88,85,87,78,2.4,0.9,79,74,76,62,1.7,1.5,1.95,1.3
3754125,England - Premier League,2015/2016,Chelsea,Everton,3,3,14,9,617,507,2.168611498,1.346277148,6,1,54.9,81,79,80,70,1.9,1.2,75,74,75,65,1.5,1.5,1.7,1.35
3754127,England - Premier League,2015/2016,Stoke City,Everton,0,3,12,14,664,362,0.6750005001999999,2.6632938569999998,3,2,64.7,75,74,75,65,1.5,1.5,75,74,75,65,1.5,1.5,1.5,1.5
3754132,England - Premier League,2015/2016,Stoke City,Sunderland,1,1,11,15,411,349,0.7249707820000001,1.803449846,2,1,54.1,75,74,75,65,1.5,1.5,75,74,75,65,1.5,1.5,1.5,1.5
3754134,England - Premier League,2015/2016,West Ham United,Manchester United,3,2,19,3,365,491,1.9108553430000002,0.830467973,5,0,42.6,74,72,73,60,1.5,1.6,79,74,76,62,1.7,1.5,1.5,1.65
3754137,England - Premier League,2015/2016,Everton,Southampton,1,1,7,18,423,427,0.32112923559999995,1.4534008985,2,1,49.8,75,74,75,65,1.5,1.5,75,74,75,65,1.5,1.5,1.5,1.5
3754139,England - Premier League,2015/2016,Swansea City,Southampton,0,1,13,15,521,452,0.5939925110000001,1.1569965295,1,2,53.5,75,74,75,65,1.5,1.5,75,74,75,65,1.5,1.5,1.5,1.5
3754140,England - Premier League,2015/2016,Everton,Tottenham Hotspur,1,1,12,19,446,632,0.723844971,0.827424415,2,1,41.4,75,74,75,65,1.5,1.5,80,75,78,65,1.8,1.4,1.45,1.65
3754142,England - Premier League,2015/2016,Manchester City,Everton,0,0,22,7,603,496,1.3650258349999997,0.34367785,0,1,54.9,88,85,87,78,2.4,0.9,75,74,75,65,1.5,1.5,1.95,1.2
3754144,England - Premier League,2015/2016,AFC Bournemouth,Manchester City,0,4,11,15,517,594,1.144768972,0.7706947195,4,2,46.5,75,74,75,65,1.5,1.5,88,85,87,78,2.4,0.9,1.2,1.95
3754147,England - Premier League,2015/2016,Manchester City,Tottenham Hotspur,1,2,18,6,537,595,1.986804738,1.2557549304,3,2,47.4,88,85,87,78,2.4,0.9,80,75,78,65,1.8,1.4,1.9,1.35
3754149,England - Premier League,2015/2016,Swansea City,Manchester City,1,1,4,18,541,533,0.17909318400000002,2.4906332370000004,2,1,50.4,75,74,75,65,1.5,1.5,88,85,87,78,2.4,0.9,1.2,1.95
3754151,England - Premier League,2015/2016,Swansea City,Norwich City,1,0,10,8,484,387,0.478941038,0.697222856,1,0,55.6,75,74,75,65,1.5,1.5,75,74,75,65,1.5,1.5,1.5,1.5
3754152,England - Premier League,2015/2016,Sunderland,Leicester City,0,2,15,16,399,450,0.7835765185000001,3.007875148,2,2,47.0,75,74,75,65,1.5,1.5,75,74,75,65,1.5,1.5,1.5,1.5
3754154,England - Premier League,2015/2016,Liverpool,Newcastle United,2,2,13,6,665,368,0.717686025,0.39494435599999994,4,1,64.4,86,80,85,77,2.3,1.0,78,77,76,68,1.8,1.3,1.8,1.4
3754155,England - Premier League,2015/2016,West Bromwich Albion,Watford,0,1,17,11,495,387,2.4562757814999996,0.46829883299999997,1,2,56.1,75,74,75,65,1.5,1.5,75,74,75,65,1.5,1.5,1.5,1.5
3754158,England - Premier League,2015/2016,West Ham United,Swansea City,1,4,26,14,479,460,2.8394378160000002,2.763622419,5,2,51.0,74,72,73,60,1.5,1.6,75,74,75,65,1.5,1.5,1.5,1.55
3754159,England - Premier League,2015/2016,Manchester United,AFC Bournemouth,3,1,12,7,715,377,1.5480998154,0.651449296,4,0,65.5,79,74,76,62,1.7,1.5,75,74,75,65,1.5,1.5,1.6,1.5
3754161,England - Premier League,2015/2016,Swansea City,Watford,1,0,10,12,571,404,0.489893434,0.5881520309999999,1,0,58.6,75,74,75,65,1.5,1.5,75,74,75,65,1.5,1.5,1.5,1.5
3754163,England - Premier League,2015/2016,Everton,Swansea City,1,2,19,7,661,456,1.55489436,1.2572347899999998,3,2,59.2,75,74,75,65,1.5,1.5,75,74,75,65,1.5,1.5,1.5,1.5
3754164,England - Premier League,2015/2016,Southampton,Sunderland,1,1,16,11,552,291,1.580121315,0.787620134,2,1,65.5,75,74,75,65,1.5,1.5,75,74,75,65,1.5,1.5,1.5,1.5
3754165,England - Premier League,2015/2016,Manchester United,Leicester City,1,1,21,14,647,273,1.2500651834,1.132101278,2,1,70.3,79,74,76,62,1.7,1.5,75,74,75,65,1.5,1.5,1.6,1.5
3754168,England - Premier League,2015/2016,Southampton,West Bromwich Albion,3,0,9,10,525,407,1.2990787629999998,0.46934898700000005,3,0,56.3,75,74,75,65,1.5,1.5,75,74,75,65,1.5,1.5,1.5,1.5
3754170,England - Premier League,2015/2016,Newcastle United,Crystal Palace,1,0,10,9,411,452,0.445745585,1.0686514,1,0,47.6,78,77,76,68,1.8,1.3,75,74,75,65,1.5,1.5,1.65,1.4
3754172,England - Premier League,2015/2016,Norwich City,Sunderland,0,3,19,8,471,285,1.274581626,1.7773581410000001,3,2,62.3,75,74,75,65,1.5,1.5,75,74,75,65,1.5,1.5,1.5,1.5
3754176,England - Premier League,2015/2016,West Ham United,Crystal Palace,2,2,18,12,552,282,1.446214737,1.5324186189999998,4,1,66.2,74,72,73,60,1.5,1.6,75,74,75,65,1.5,1.5,1.5,1.55
3754177,England - Premier League,2015/2016,Newcastle United,AFC Bournemouth,1,3,15,16,470,510,1.0877801059999999,1.128546848,4,2,48.0,78,77,76,68,1.8,1.3,75,74,75,65,1.5,1.5,1.65,1.4
3754179,England - Premier League,2015/2016,Crystal Palace,Tottenham Hotspur,1,3,11,24,333,595,0.921659553,1.4633146047999999,4,2,35.9,75,74,75,65,1.5,1.5,80,75,78,65,1.8,1.4,1.45,1.65
3754181,England - Premier League,2015/2016,Crystal Palace,Leicester City,0,1,13,8,488,363,0.6114667513,1.321306959,1,2,57.3,75,74,75,65,1.5,1.5,75,74,75,65,1.5,1.5,1.5,1.5
3754183,England - Premier League,2015/2016,Southampton,Watford,2,0,15,4,510,506,1.78503046,0.10450385,2,0,50.2,75,74,75,65,1.5,1.5,75,74,75,65,1.5,1.5,1.5,1.5
3754184,England - Premier League,2015/2016,Arsenal,Norwich City,1,0,14,12,739,323,0.814684314,0.8152819,1,0,69.6,84,82,83,75,2.2,1.1,75,74,75,65,1.5,1.5,1.85,1.3
3754187,England - Premier League,2015/2016,Stoke City,Tottenham Hotspur,0,4,13,22,452,439,0.70624068,3.486933077,4,2,50.7,75,74,75,65,1.5,1.5,80,75,78,65,1.8,1.4,1.45,1.65
3754191,England - Premier League,2015/2016,Southampton,AFC Bournemouth,2,0,11,16,531,559,0.9831154603,0.914640914,2,0,48.7,75,74,75,65,1.5,1.5,75,74,75,65,1.5,1.5,1.5,1.5
3754192,England - Premier League,2015/2016,West Bromwich Albion,West Ham United,0,3,15,8,383,526,1.2021616769999999,0.840507286,3,2,42.1,75,74,75,65,1.5,1.5,74,72,73,60,1.5,1.6,1.55,1.5
3754195,England - Premier League,2015/2016,West Bromwich Albion,Newcastle United,1,0,22,7,400,375,2.1951575340000002,0.5422666485000001,1,0,51.6,75,74,75,65,1.5,1.5,78,77,76,68,1.8,1.3,1.4,1.65
3754196,England - Premier League,2015/2016,Stoke City,Southampton,1,2,14,11,577,406,0.942236101,0.574863601,3,2,58.7,75,74,75,65,1.5,1.5,75,74,75,65,1.5,1.5,1.5,1.5
3754199,England - Premier League,2015/2016,Stoke City,West Ham United,2,1,8,23,375,437,0.43085223939999995,2.7373717505,3,0,46.2,75,74,75,65,1.5,1.5,74,72,73,60,1.5,1.6,1.55,1.5
3754200,England - Premier League,2015/2016,Manchester United,Southampton,0,1,8,7,502,414,0.1837368766,0.573230104,1,2,54.8,79,74,76,62,1.7,1.5,75,74,75,65,1.5,1.5,1.6,1.5
3754201,England - Premier League,2015/2016,Arsenal,Southampton,0,0,23,14,582,344,2.433966167,0.9884922976999999,0,1,62.9,84,82,83,75,2.2,1.1,75,74,75,65,1.5,1.5,1.85,1.3
3754202,England - Premier League,2015/2016,Stoke City,Arsenal,0,0,14,8,457,538,0.923703141,0.49218126399999995,0,1,45.9,75,74,75,65,1.5,1.5,84,82,83,75,2.2,1.1,1.3,1.85
3754206,England - Premier League,2015/2016,Newcastle United,Manchester City,1,1,5,10,432,572,0.602449527,0.678389102,2,1,43.0,78,77,76,68,1.8,1.3,88,85,87,78,2.4,0.9,1.35,1.85
3754207,England - Premier League,2015/2016,Norwich City,Watford,4,2,18,13,577,426,2.415392853,2.093378657,6,0,57.5,75,74,75,65,1.5,1.5,75,74,75,65,1.5,1.5,1.5,1.5
3754209,England - Premier League,2015/2016,Tottenham Hotspur,Manchester United,3,0,16,6,449,481,1.8133864335999998,0.5080535130000001,3,0,48.3,80,75,78,65,1.8,1.4,79,74,76,62,1.7,1.5,1.65,1.55
3754210,England - Premier League,2015/2016,Norwich City,Manchester United,0,1,9,15,320,622,0.7573419269999999,1.313161979,1,2,34.0,75,74,75,65,1.5,1.5,79,74,76,62,1.7,1.5,1.5,1.6
3754214,England - Premier League,2015/2016,Aston Villa,Liverpool,0,6,6,12,429,666,0.22653544,2.6483686066,6,2,39.2,77,76,75,67,1.7,1.3,86,80,85,77,2.3,1.0,1.35,1.8
3754215,England - Premier League,2015/2016,West Bromwich Albion,Tottenham Hotspur,1,1,13,9,324,592,0.9928772230000001,0.707403165,2,1,35.4,75,74,75,65,1.5,1.5,80,75,78,65,1.8,1.4,1.45,1.65
3754216,England - Premier League,2015/2016,AFC Bournemouth,Liverpool,1,2,19,19,549,537,1.612050365,1.8167390102,3,2,50.6,75,74,75,65,1.5,1.5,86,80,85,77,2.3,1.0,1.25,1.9
3754220,England - Premier League,2015/2016,Crystal Palace,Liverpool,1,2,15,18,387,605,1.17514805,1.7986266944999998,3,2,39.0,75,74,75,65,1.5,1.5,86,80,85,77,2.3,1.0,1.25,1.9
3754224,England - Premier League,2015/2016,Swansea City,Aston Villa,1,0,10,12,503,441,0.591053935,1.071737193,1,0,53.3,75,74,75,65,1.5,1.5,77,76,75,67,1.7,1.3,1.4,1.6
3754225,England - Premier League,2015/2016,AFC Bournemouth,West Bromwich Albion,1,1,13,12,634,308,0.9816689474000001,1.6877456879999997,2,1,67.3,75,74,75,65,1.5,1.5,75,74,75,65,1.5,1.5,1.5,1.5
3754227,England - Premier League,2015/2016,Leicester City,West Ham United,2,2,6,20,351,464,1.30011509,1.8041434589999998,4,1,43.1,75,74,75,65,1.5,1.5,74,72,73,60,1.5,1.6,1.55,1.5
3754228,England - Premier League,2015/2016,Leicester City,Swansea City,4,0,19,9,414,678,2.508655226,0.439830784,4,0,37.9,75,74,75,65,1.5,1.5,75,74,75,65,1.5,1.5,1.5,1.5
3754229,England - Premier League,2015/2016,Chelsea,Leicester City,1,1,18,19,562,495,1.8959448790000002,1.7267637560000004,2,1,53.2,81,79,80,70,1.9,1.2,75,74,75,65,1.5,1.5,1.7,1.35
3754231,England - Premier League,2015/2016,Leicester City,West Bromwich Albion,2,2,23,11,549,326,2.18297195,1.1476425639999999,4,1,62.7,75,74,75,65,1.5,1.5,75,74,75,65,1.5,1.5,1.5,1.5
3754232,England - Premier League,2015/2016,Manchester United,Watford,1,0,13,14,526,348,0.7169536304999999,1.8581121865000003,1,0,60.2,79,74,76,62,1.7,1.5,75,74,75,65,1.5,1.5,1.6,1.5
3754236,England - Premier League,2015/2016,West Bromwich Albion,Crystal Palace,3,2,11,16,383,446,1.1593494020000001,1.327793572,5,0,46.2,75,74,75,65,1.5,1.5,75,74,75,65,1.5,1.5,1.5,1.5
3754239,England - Premier League,2015/2016,Manchester United,Arsenal,3,2,7,13,375,555,0.44531712599999995,1.4340122530000001,5,0,40.3,79,74,76,62,1.7,1.5,84,82,83,75,2.2,1.1,1.4,1.85
3754241,England - Premier League,2015/2016,West Ham United,Arsenal,3,3,17,11,407,583,1.2577559600000001,1.8430335740000003,6,1,41.1,74,72,73,60,1.5,1.6,84,82,83,75,2.2,1.1,1.3,1.9
3754242,England - Premier League,2015/2016,AFC Bournemouth,Chelsea,1,4,13,16,483,593,0.7494195689999998,1.285072767,5,2,44.9,75,74,75,65,1.5,1.5,81,79,80,70,1.9,1.2,1.35,1.7
3754243,England - Premier League,2015/2016,Norwich City,Newcastle United,3,2,13,13,408,546,1.52759798,2.0710138505999995,5,0,42.8,75,74,75,65,1.5,1.5,78,77,76,68,1.8,1.3,1.4,1.65
3754244,England - Premier League,2015/2016,Norwich City,West Ham United,2,2,13,12,423,461,1.206280726,1.671081776,4,1,47.9,75,74,75,65,1.5,1.5,74,72,73,60,1.5,1.6,1.55,1.5
3754249,England - Premier League,2015/2016,Manchester City,Aston Villa,4,0,22,3,861,353,3.259937549,0.452063477,4,0,70.9,88,85,87,78,2.4,0.9,77,76,75,67,1.7,1.3,1.85,1.3
3754250,England - Premier League,2015/2016,Aston Villa,Leicester City,1,1,14,12,541,439,1.0482208984999999,2.230326432,2,1,55.2,77,76,75,67,1.7,1.3,75,74,75,65,1.5,1.5,1.6,1.4
3754251,England - Premier League,2015/2016,West Ham United,Liverpool,2,0,17,23,312,558,2.161970525,1.8159626205,2,0,35.9,74,72,73,60,1.5,1.6,86,80,85,77,2.3,1.0,1.25,1.95
3754252,England - Premier League,2015/2016,Everton,Newcastle United,3,0,20,7,520,408,3.107067465,0.6221098830000001,3,0,56.0,75,74,75,65,1.5,1.5,78,77,76,68,1.8,1.3,1.4,1.65
3754253,England - Premier League,2015/2016,AFC Bournemouth,Arsenal,0,2,18,10,555,529,0.6651769940000001,0.7565358854,2,2,51.2,75,74,75,65,1.5,1.5,84,82,83,75,2.2,1.1,1.3,1.85
3754260,England - Premier League,2015/2016,Manchester City,Crystal Palace,4,0,17,9,515,467,1.872005348,0.9376706130000001,4,0,52.4,88,85,87,78,2.4,0.9,75,74,75,65,1.5,1.5,1.95,1.2
3754261,England - Premier League,2015/2016,Arsenal,Leicester City,2,1,25,7,737,307,2.7460862649999997,1.100948506,3,0,70.6,84,82,83,75,2.2,1.1,75,74,75,65,1.5,1.5,1.85,1.3
3754262,England - Premier League,2015/2016,Aston Villa,AFC Bournemouth,1,2,7,12,426,599,0.44322695700000003,1.017756209,3,2,41.6,77,76,75,67,1.7,1.3,75,74,75,65,1.5,1.5,1.6,1.4
3754264,England - Premier League,2015/2016,Chelsea,Newcastle United,5,1,14,10,593,508,2.240802984,0.6517624449999999,6,0,53.9,81,79,80,70,1.9,1.2,78,77,76,68,1.8,1.3,1.6,1.5
3754295,England - Premier League,2015/2016,Manchester United,Aston Villa,1,0,14,7,631,335,1.349152822,0.347138962,1,0,65.3,79,74,76,62,1.7,1.5,77,76,75,67,1.7,1.3,1.5,1.6
3754271,England - Premier League,2015/2016,Watford,Newcastle United,2,1,13,12,502,457,2.122520269,0.8755261870000001,3,0,52.3,75,74,75,65,1.5,1.5,78,77,76,68,1.8,1.3,1.4,1.65
3754272,England - Premier League,2015/2016,Stoke City,Swansea City,2,2,12,12,494,545,0.872941468,0.49466815100000006,4,1,47.5,75,74,75,65,1.5,1.5,75,74,75,65,1.5,1.5,1.5,1.5
3754274,England - Premier League,2015/2016,AFC Bournemouth,Stoke City,1,3,11,11,604,341,1.2321236673000002,0.6718568455999999,4,2,63.9,75,74,75,65,1.5,1.5,75,74,75,65,1.5,1.5,1.5,1.5
3754275,England - Premier League,2015/2016,Leicester City,Liverpool,2,0,13,14,356,621,1.208182919,0.455155367,2,0,36.4,75,74,75,65,1.5,1.5,86,80,85,77,2.3,1.0,1.25,1.9
3754277,England - Premier League,2015/2016,Everton,West Ham United,2,3,15,17,390,525,1.7149718735000001,1.6856949380000001,5,2,42.6,75,74,75,65,1.5,1.5,74,72,73,60,1.5,1.6,1.55,1.5
3754280,England - Premier League,2015/2016,Norwich City,Chelsea,1,2,13,10,515,552,1.0820943732000001,0.989851092,3,2,48.3,75,74,75,65,1.5,1.5,81,79,80,70,1.9,1.2,1.35,1.7
3754281,England - Premier League,2015/2016,Chelsea,Manchester United,1,1,17,16,445,491,1.8592885810000002,0.8071752835000001,2,1,47.5,81,79,80,70,1.9,1.2,79,74,76,62,1.7,1.5,1.7,1.45
3754282,England - Premier League,2015/2016,Aston Villa,Southampton,2,4,16,19,426,571,1.387935631,3.0150321064,6,2,42.7,77,76,75,67,1.7,1.3,75,74,75,65,1.5,1.5,1.6,1.4
3754284,England - Premier League,2015/2016,Arsenal,West Bromwich Albion,2,0,16,8,760,312,1.318570899,0.7341058055,2,0,70.9,84,82,83,75,2.2,1.1,75,74,75,65,1.5,1.5,1.85,1.3
3754289,England - Premier League,2015/2016,Watford,Leicester City,0,1,11,14,450,443,0.9581433490000001,1.537357255,1,2,50.4,75,74,75,65,1.5,1.5,75,74,75,65,1.5,1.5,1.5,1.5
3754290,England - Premier League,2015/2016,Manchester City,Leicester City,1,3,20,12,631,319,1.0941543539999998,1.64038069,4,2,66.4,88,85,87,78,2.4,0.9,75,74,75,65,1.5,1.5,1.95,1.2
3754292,England - Premier League,2015/2016,Newcastle United,West Bromwich Albion,1,0,20,7,552,270,1.5263864436999999,0.490074025,1,0,67.2,78,77,76,68,1.8,1.3,75,74,75,65,1.5,1.5,1.65,1.4
3754294,England - Premier League,2015/2016,Liverpool,Everton,4,0,37,3,650,334,3.5290735439999996,0.123271698,4,0,66.1,86,80,85,77,2.3,1.0,75,74,75,65,1.5,1.5,1.9,1.25
3754248,England - Premier League,2015/2016,AFC Bournemouth,Crystal Palace,0,0,10,7,517,430,0.8301967616,0.563289287,0,1,54.6,75,74,75,65,1.5,1.5,75,74,75,65,1.5,1.5,1.5,1.5
3754299,England - Premier League,2015/2016,Manchester United,Everton,1,0,10,7,555,469,0.864151107,0.574951638,1,0,54.2,79,74,76,62,1.7,1.5,75,74,75,65,1.5,1.5,1.6,1.5
3754303,England - Premier League,2015/2016,Swansea City,Crystal Palace,1,1,19,12,529,382,1.8272887257000001,0.8925245759999999,2,1,58.1,75,74,75,65,1.5,1.5,75,74,75,65,1.5,1.5,1.5,1.5
3754305,England - Premier League,2015/2016,Liverpool,Arsenal,3,3,23,14,572,388,1.189892488,1.767276259,6,1,59.6,86,80,85,77,2.3,1.0,84,82,83,75,2.2,1.1,1.7,1.6
3754306,England - Premier League,2015/2016,Aston Villa,Norwich City,2,0,10,13,422,456,0.7414455280000001,1.146324345,2,0,48.1,77,76,75,67,1.7,1.3,75,74,75,65,1.5,1.5,1.6,1.4
3754307,England - Premier League,2015/2016,Manchester City,Stoke City,4,0,11,14,519,464,2.9745786695,1.023264764,4,0,52.8,88,85,87,78,2.4,0.9,75,74,75,65,1.5,1.5,1.95,1.2
3754308,England - Premier League,2015/2016,Watford,Sunderland,2,2,22,6,463,407,2.033770745,1.0632759619999999,4,1,53.2,75,74,75,65,1.5,1.5,75,74,75,65,1.5,1.5,1.5,1.5
3754310,England - Premier League,2015/2016,Manchester United,Crystal Palace,2,0,16,5,671,357,1.390864934,0.220934547,2,0,65.3,79,74,76,62,1.7,1.5,75,74,75,65,1.5,1.5,1.6,1.5
3754313,England - Premier League,2015/2016,Norwich City,Manchester City,0,0,5,15,363,660,0.217737854,0.775856722,0,1,35.5,75,74,75,65,1.5,1.5,88,85,87,78,2.4,0.9,1.2,1.95
3754314,England - Premier League,2015/2016,Manchester City,Arsenal,2,2,14,5,550,398,0.7382921640000001,0.887442456,4,1,58.0,88,85,87,78,2.4,0.9,84,82,83,75,2.2,1.1,1.75,1.55
3754316,England - Premier League,2015/2016,Liverpool,Sunderland,2,2,18,7,747,315,1.821307815,0.5410910879999999,4,1,70.3,86,80,85,77,2.3,1.0,75,74,75,65,1.5,1.5,1.9,1.25
3754317,England - Premier League,2015/2016,Norwich City,Tottenham Hotspur,0,3,11,17,423,467,1.17513727,2.5177934229999996,3,2,47.5,75,74,75,65,1.5,1.5,80,75,78,65,1.8,1.4,1.45,1.65
3754318,England - Premier League,2015/2016,Tottenham Hotspur,Arsenal,2,2,25,11,482,420,1.2487203470000001,0.7327627854,4,1,53.4,80,75,78,65,1.8,1.4,84,82,83,75,2.2,1.1,1.45,1.8
3754319,England - Premier League,2015/2016,Manchester United,Swansea City,2,1,19,9,545,457,1.5109995809999999,0.622184347,3,0,54.4,79,74,76,62,1.7,1.5,75,74,75,65,1.5,1.5,1.6,1.5
3754320,England - Premier League,2015/2016,Southampton,Manchester City,4,2,15,6,416,623,3.0338500690000005,0.7558615080000001,6,0,40.0,75,74,75,65,1.5,1.5,88,85,87,78,2.4,0.9,1.2,1.95
3754321,England - Premier League,2015/2016,Stoke City,Aston Villa,2,1,11,5,543,460,2.5902538287000003,0.18260662,3,0,54.1,75,74,75,65,1.5,1.5,77,76,75,67,1.7,1.3,1.4,1.6
3754322,England - Premier League,2015/2016,Chelsea,Manchester City,0,3,12,12,567,550,0.9851546889999999,2.326003901,3,2,50.8,81,79,80,70,1.9,1.2,88,85,87,78,2.4,0.9,1.4,1.8
3754324,England - Premier League,2015/2016,Tottenham Hotspur,Swansea City,2,1,34,11,513,360,3.2185072414,1.3749928909999998,3,0,58.8,80,75,78,65,1.8,1.4,75,74,75,65,1.5,1.5,1.65,1.45
3754326,England - Premier League,2015/2016,Crystal Palace,Swansea City,0,0,10,5,466,425,0.647612742,0.18617963,0,1,52.3,75,74,75,65,1.5,1.5,75,74,75,65,1.5,1.5,1.5,1.5
3754327,England - Premier League,2015/2016,Aston Villa,Everton,1,3,14,10,504,590,0.6287817450000001,1.8710072489999998,4,2,46.1,77,76,75,67,1.7,1.3,75,74,75,65,1.5,1.5,1.6,1.4
3754331,England - Premier League,2015/2016,West Ham United,Sunderland,1,0,9,13,463,426,0.8649633010000001,1.1306195070000002,1,0,52.1,74,72,73,60,1.5,1.6,75,74,75,65,1.5,1.5,1.5,1.55
3754332,England - Premier League,2015/2016,Tottenham Hotspur,West Bromwich Albion,1,1,17,16,581,273,1.060304189,0.9035067615000001,2,1,68.0,80,75,78,65,1.8,1.4,75,74,75,65,1.5,1.5,1.65,1.45
3754333,England - Premier League,2015/2016,Newcastle United,Tottenham Hotspur,5,1,20,17,376,617,2.07848498,0.870355886,6,0,37.9,78,77,76,68,1.8,1.3,80,75,78,65,1.8,1.4,1.6,1.55
3754334,England - Premier League,2015/2016,AFC Bournemouth,Southampton,2,0,10,6,384,475,0.7096059495,0.5324099383,2,0,44.7,75,74,75,65,1.5,1.5,75,74,75,65,1.5,1.5,1.5,1.5
3754338,England - Premier League,2015/2016,Newcastle United,West Ham United,2,1,23,10,494,483,2.381780919,1.5746773520000001,3,0,50.6,78,77,76,68,1.8,1.3,74,72,73,60,1.5,1.6,1.7,1.4
3754340,England - Premier League,2015/2016,West Bromwich Albion,Swansea City,1,1,18,18,444,502,2.191957054,1.496363772,2,1,46.9,75,74,75,65,1.5,1.5,75,74,75,65,1.5,1.5,1.5,1.5
3754341,England - Premier League,2015/2016,Leicester City,Stoke City,3,0,14,3,409,489,1.8746358920000001,0.15194508899999998,3,0,45.5,75,74,75,65,1.5,1.5,75,74,75,65,1.5,1.5,1.5,1.5
3754342,England - Premier League,2015/2016,Liverpool,Watford,2,0,19,14,599,322,3.1386999403,1.2530252447,2,0,65.0,86,80,85,77,2.3,1.0,75,74,75,65,1.5,1.5,1.9,1.25
3754345,England - Premier League,2015/2016,Liverpool,Manchester United,0,1,20,7,518,477,1.4190357160000002,0.5090192713,1,2,52.1,86,80,85,77,2.3,1.0,79,74,76,62,1.7,1.5,1.9,1.35
3754346,England - Premier League,2015/2016,Watford,Manchester City,1,2,11,16,455,480,1.081408015,0.9432198607,3,2,48.7,75,74,75,65,1.5,1.5,88,85,87,78,2.4,0.9,1.2,1.95
3754348,England - Premier League,2015/2016,Norwich City,Liverpool,4,5,7,14,452,478,1.229392212,1.6221035209999999,9,2,48.6,75,74,75,65,1.5,1.5,86,80,85,77,2.3,1.0,1.25,1.9
3754349,England - Premier League,2015/2016,West Ham United,Tottenham Hotspur,1,0,14,9,333,551,0.8060585825,1.1326190269999998,1,0,37.7,74,72,73,60,1.5,1.6,80,75,78,65,1.8,1.4,1.45,1.7
3754350,England - Premier League,2015/2016,Everton,West Bromwich Albion,0,1,32,6,726,225,1.794585826,0.987103677,1,2,76.3,75,74,75,65,1.5,1.5,75,74,75,65,1.5,1.5,1.5,1.5
3754258,England - Premier League,2015/2016,Aston Villa,Manchester City,0,0,3,13,431,641,0.16851418,1.846431137,0,1,40.2,77,76,75,67,1.7,1.3,88,85,87,78,2.4,0.9,1.3,1.85
3754020,England - Premier League,2015/2016,Liverpool,AFC Bournemouth,1,0,19,13,518,425,1.833528316,0.7891760680000001,1,0,54.9,86,80,85,77,2.3,1.0,75,74,75,65,1.5,1.5,1.9,1.25
3754267,England - Premier League,2015/2016,Watford,West Bromwich Albion,0,0,16,6,597,333,0.9004746056999999,0.931385584,0,1,64.2,75,74,75,65,1.5,1.5,75,74,75,65,1.5,1.5,1.5,1.5
3754141,England - Premier League,2015/2016,Arsenal,West Ham United,0,2,23,8,606,380,1.291578439,0.42987688900000004,2,2,61.5,84,82,83,75,2.2,1.1,74,72,73,60,1.5,1.6,1.9,1.3
3754128,England - Premier League,2015/2016,AFC Bournemouth,Aston Villa,0,1,12,7,604,435,1.2492480710000002,0.651934538,1,2,58.1,75,74,75,65,1.5,1.5,77,76,75,67,1.7,1.3,1.4,1.6
3754078,England - Premier League,2015/2016,Chelsea,Swansea City,2,2,10,16,480,452,0.486010593,2.471848201,4,1,51.5,81,79,80,70,1.9,1.2,75,74,75,65,1.5,1.5,1.7,1.35
3749052,England - Premier League,2003/2004,Wolverhampton Wanderers,Arsenal,1,3,13,11,364,590,0.7016806623999999,1.862381166,4,2,38.2,75,74,75,65,1.5,1.5,84,82,83,75,2.2,1.1,1.3,1.85
3749522,England - Premier League,2003/2004,Arsenal,Wolverhampton Wanderers,3,0,16,7,642,366,1.012276184,0.6062305450000001,3,0,63.7,84,82,83,75,2.2,1.1,75,74,75,65,1.5,1.5,1.85,1.3
3749246,England - Premier League,2003/2004,Arsenal,Manchester United,1,1,20,12,364,465,1.5364516472999998,1.119947224,2,1,43.9,84,82,83,75,2.2,1.1,79,74,76,62,1.7,1.5,1.85,1.4
3749257,England - Premier League,2003/2004,Arsenal,Leicester City,2,1,23,2,648,341,2.536226873,0.110298596,3,0,65.5,84,82,83,75,2.2,1.1,75,74,75,65,1.5,1.5,1.85,1.3
3749642,England - Premier League,2003/2004,Arsenal,Charlton Athletic,2,1,21,12,620,419,2.028118924,0.6017388877,3,0,59.7,84,82,83,75,2.2,1.1,75,74,75,65,1.5,1.5,1.85,1.3
3749358,England - Premier League,2003/2004,Middlesbrough,Arsenal,0,4,9,14,498,642,0.37543659020000003,2.764292172,4,2,43.7,75,74,75,65,1.5,1.5,84,82,83,75,2.2,1.1,1.3,1.85
3749346,England - Premier League,2003/2004,Leeds United,Arsenal,1,4,11,13,515,444,0.6309059149999999,2.3561225739999996,5,2,53.7,75,74,75,65,1.5,1.5,84,82,83,75,2.2,1.1,1.3,1.85
3749253,England - Premier League,2003/2004,Liverpool,Arsenal,1,2,14,12,490,461,1.3149204426,0.6353242397,3,2,51.5,86,80,85,77,2.3,1.0,84,82,83,75,2.2,1.1,1.7,1.6
3749079,England - Premier League,2003/2004,Arsenal,Chelsea,2,1,15,8,510,479,1.866726251,0.26322938799999995,3,0,51.6,84,82,83,75,2.2,1.1,81,79,80,70,1.9,1.2,1.7,1.5
3749465,England - Premier League,2003/2004,Blackburn Rovers,Arsenal,0,2,9,13,477,609,0.35194604,1.009079916,2,2,43.9,75,74,75,65,1.5,1.5,84,82,83,75,2.2,1.1,1.3,1.85
3749133,England - Premier League,2003/2004,Aston Villa,Arsenal,0,2,13,14,439,510,0.6503369605,1.5202849585,2,2,46.3,77,76,75,67,1.7,1.3,84,82,83,75,2.2,1.1,1.4,1.75
3749528,England - Premier League,2003/2004,Arsenal,Newcastle United,3,2,16,7,481,446,2.2249199645999997,0.962907407,5,0,51.9,84,82,83,75,2.2,1.1,78,77,76,68,1.8,1.3,1.75,1.45
3749233,England - Premier League,2003/2004,Arsenal,Manchester City,2,1,14,15,582,387,1.6159708160000001,1.2989333757,3,0,60.1,84,82,83,75,2.2,1.1,88,85,87,78,2.4,0.9,1.55,1.75
3749462,England - Premier League,2003/2004,Arsenal,Birmingham City,0,0,10,3,669,416,0.4411926540000001,0.115187054,0,1,61.7,84,82,83,75,2.2,1.1,75,74,75,65,1.5,1.5,1.85,1.3
3749552,England - Premier League,2003/2004,Manchester United,Arsenal,0,0,8,7,519,490,1.058185237,0.208258514,0,1,51.4,79,74,76,62,1.7,1.5,84,82,83,75,2.2,1.1,1.4,1.85
3749296,England - Premier League,2003/2004,Arsenal,Portsmouth,1,1,17,10,511,345,2.2960953522999996,1.2770132078,2,1,59.7,84,82,83,75,2.2,1.1,75,74,75,65,1.5,1.5,1.85,1.3
3749454,England - Premier League,2003/2004,Manchester City,Arsenal,1,2,12,11,450,554,0.6670564635,1.3439964649999998,3,2,44.8,88,85,87,78,2.4,0.9,84,82,83,75,2.2,1.1,1.75,1.55
3749276,England - Premier League,2003/2004,Chelsea,Arsenal,1,2,15,12,484,422,1.5106605429999997,1.112413512,3,2,53.4,81,79,80,70,1.9,1.2,84,82,83,75,2.2,1.1,1.5,1.7
3749068,England - Premier League,2003/2004,Tottenham Hotspur,Arsenal,2,2,14,9,428,451,1.2690792419999999,2.2112091439999997,4,1,48.7,80,75,78,65,1.8,1.4,84,82,83,75,2.2,1.1,1.45,1.8
3749310,England - Premier League,2003/2004,Southampton,Arsenal,0,1,5,17,400,554,0.1321921804,0.838234107,1,2,41.9,75,74,75,65,1.5,1.5,84,82,83,75,2.2,1.1,1.3,1.85
3749493,England - Premier League,2003/2004,Arsenal,Everton,2,1,14,15,422,381,2.121151807,1.2674833119999998,3,0,52.6,84,82,83,75,2.2,1.1,75,74,75,65,1.5,1.5,1.85,1.3
3749434,England - Premier League,2003/2004,Birmingham City,Arsenal,0,3,8,8,506,466,0.673920983,2.065925048,3,2,52.1,75,74,75,65,1.5,1.5,84,82,83,75,2.2,1.1,1.3,1.85
3749192,England - Premier League,2003/2004,Arsenal,Fulham,0,0,25,7,632,401,2.178201292,0.331041728,0,1,61.2,84,82,83,75,2.2,1.1,75,74,75,65,1.5,1.5,1.85,1.3
3749196,England - Premier League,2003/2004,Arsenal,Tottenham Hotspur,2,1,14,7,470,293,1.728183535,0.839651094,3,0,61.6,84,82,83,75,2.2,1.1,80,75,78,65,1.8,1.4,1.8,1.45
3749448,England - Premier League,2003/2004,Arsenal,Liverpool,4,2,15,13,516,381,2.006133213,1.9407602953,6,0,57.5,84,82,83,75,2.2,1.1,86,80,85,77,2.3,1.0,1.6,1.7
3749360,England - Premier League,2003/2004,Arsenal,Blackburn Rovers,1,0,15,8,531,537,1.979926658,0.807258125,1,0,49.7,84,82,83,75,2.2,1.1,75,74,75,65,1.5,1.5,1.85,1.3
3749453,England - Premier League,2003/2004,Arsenal,Leeds United,5,0,17,5,531,453,3.5858954350000003,0.149725731,5,0,54.0,84,82,83,75,2.2,1.1,75,74,75,65,1.5,1.5,1.85,1.3
3749278,England - Premier League,2003/2004,Bolton Wanderers,Arsenal,1,1,19,8,397,444,1.206280118,0.8115808489999999,2,1,47.2,75,74,75,65,1.5,1.5,84,82,83,75,2.2,1.1,1.3,1.85
3749603,England - Premier League,2003/2004,Fulham,Arsenal,0,1,17,9,491,498,1.4042848144999998,1.198621473,1,2,49.6,75,74,75,65,1.5,1.5,84,82,83,75,2.2,1.1,1.3,1.85
3749274,England - Premier League,2003/2004,Portsmouth,Arsenal,1,1,13,20,295,692,1.1419585047,1.6675710625000002,2,1,29.9,75,74,75,65,1.5,1.5,84,82,83,75,2.2,1.1,1.3,1.85
3749590,England - Premier League,2003/2004,Leicester City,Arsenal,1,1,6,13,355,551,0.35287644500000004,0.891442901,2,1,39.2,75,74,75,65,1.5,1.5,84,82,83,75,2.2,1.1,1.3,1.85
3749631,England - Premier League,2003/2004,Arsenal,Southampton,2,0,15,13,556,354,1.5454866319999998,0.8817558427000001,2,0,61.1,84,82,83,75,2.2,1.1,75,74,75,65,1.5,1.5,1.85,1.3
3749117,England - Premier League,2003/2004,Everton,Arsenal,1,1,12,11,428,459,0.9617854979999999,1.0562246990000002,2,1,48.3,75,74,75,65,1.5,1.5,84,82,83,75,2.2,1.1,1.3,1.85
3749108,England - Premier League,2003/2004,Arsenal,Aston Villa,2,0,20,8,529,375,2.054274786,0.293031591,2,0,58.5,84,82,83,75,2.2,1.1,77,76,75,67,1.7,1.3,1.75,1.4
3749153,England - Premier League,2003/2004,Arsenal,Middlesbrough,4,1,22,6,577,368,2.0639901166,0.9489428525,5,0,61.1,84,82,83,75,2.2,1.1,75,74,75,65,1.5,1.5,1.85,1.3
3749403,England - Premier League,2003/2004,Arsenal,Bolton Wanderers,2,1,11,12,574,352,0.809159371,1.1223681113,3,0,62.0,84,82,83,75,2.2,1.1,75,74,75,65,1.5,1.5,1.85,1.3
3749526,England - Premier League,2003/2004,Charlton Athletic,Arsenal,1,1,7,11,421,541,1.091213276,0.3239041774,2,1,43.8,75,74,75,65,1.5,1.5,84,82,83,75,2.2,1.1,1.3,1.85
3749431,England - Premier League,2003/2004,Newcastle United,Arsenal,0,0,10,11,398,509,0.4526846792,1.3653032493,0,1,43.9,78,77,76,68,1.8,1.3,84,82,83,75,2.2,1.1,1.45,1.75
3879863,Italy - Serie A,2015/2016,Atalanta,Udinese,1,1,9,4,700,374,1.125585208,0.429516142,2,1,65.2,75,74,75,65,1.5,1.5,75,74,75,65,1.5,1.5,1.5,1.5
3879773,Italy - Serie A,2015/2016,Frosinone,Udinese,2,0,22,6,381,627,1.1479751350000003,0.1410888997,2,0,37.8,75,74,75,65,1.5,1.5,75,74,75,65,1.5,1.5,1.5,1.5
3879847,Italy - Serie A,2015/2016,Udinese,Torino,1,5,13,15,388,550,1.3978067556999998,1.298292055,6,2,41.4,75,74,75,65,1.5,1.5,75,74,75,65,1.5,1.5,1.5,1.5
3879862,Italy - Serie A,2015/2016,Torino,Napoli,1,2,7,15,442,685,0.387993921,1.754225726,3,2,39.2,75,74,75,65,1.5,1.5,83,79,81,74,2.1,1.1,1.3,1.8
3879817,Italy - Serie A,2015/2016,Inter Milan,Napoli,2,0,12,10,404,712,1.4870931189999999,0.301287069,2,0,36.2,85,84,83,76,2.2,0.9,83,79,81,74,2.1,1.1,1.65,1.5
3879825,Italy - Serie A,2015/2016,Lazio,Empoli,2,0,19,6,527,585,2.210179106,0.490101091,2,0,47.4,75,74,75,65,1.5,1.5,75,74,75,65,1.5,1.5,1.5,1.5
3879750,Italy - Serie A,2015/2016,Atalanta,Fiorentina,2,3,13,15,469,481,1.1744226298000002,2.4263109399999996,5,2,49.4,75,74,75,65,1.5,1.5,75,74,75,65,1.5,1.5,1.5,1.5
3879567,Italy - Serie A,2015/2016,AS Roma,Empoli,3,1,10,13,623,477,1.009133036,0.588365242,4,0,56.6,75,74,75,65,1.5,1.5,75,74,75,65,1.5,1.5,1.5,1.5
3879785,Italy - Serie A,2015/2016,Lazio,Atalanta,2,0,5,11,506,460,0.967076377,0.876694838,2,0,52.4,75,74,75,65,1.5,1.5,75,74,75,65,1.5,1.5,1.5,1.5
3879705,Italy - Serie A,2015/2016,Sassuolo,Bologna,0,2,14,16,551,427,0.5926737513,1.3758349625,2,2,56.3,75,74,75,65,1.5,1.5,75,74,75,65,1.5,1.5,1.5,1.5
3879628,Italy - Serie A,2015/2016,AC Milan,Sampdoria,4,1,22,10,471,496,3.7755965481,1.1510294845,5,0,48.7,82,81,80,73,2.0,1.1,75,74,75,65,1.5,1.5,1.75,1.3
3879665,Italy - Serie A,2015/2016,Frosinone,AC Milan,2,4,14,22,280,634,0.8691962944999999,3.1550875620000007,6,2,30.6,75,74,75,65,1.5,1.5,82,81,80,73,2.0,1.1,1.3,1.75
3879699,Italy - Serie A,2015/2016,Sampdoria,Napoli,2,4,8,23,492,604,0.662182406,3.5025866038,6,2,44.9,75,74,75,65,1.5,1.5,83,79,81,74,2.1,1.1,1.3,1.8
3879703,Italy - Serie A,2015/2016,Lazio,Chievo,4,1,24,7,548,437,2.4291818563999996,1.3556852929999998,5,0,55.6,75,74,75,65,1.5,1.5,75,74,75,65,1.5,1.5,1.5,1.5
3879609,Italy - Serie A,2015/2016,Napoli,Udinese,1,0,16,8,569,402,1.2036668380000002,0.354316472,1,0,58.6,83,79,81,74,2.1,1.1,75,74,75,65,1.5,1.5,1.8,1.3
3879653,Italy - Serie A,2015/2016,Juventus,Fiorentina,3,1,16,6,404,626,1.8372124692,0.9049307485999999,4,0,39.2,80,82,79,71,1.8,1.0,75,74,75,65,1.5,1.5,1.65,1.25
3879632,Italy - Serie A,2015/2016,AS Roma,Atalanta,0,2,17,4,539,400,1.0228086936,1.4139091320000001,2,2,57.4,75,74,75,65,1.5,1.5,75,74,75,65,1.5,1.5,1.5,1.5
3879663,Italy - Serie A,2015/2016,Hellas Verona,Sassuolo,1,1,11,16,465,523,1.297654011,1.1788760317,2,1,47.1,75,74,75,65,1.5,1.5,75,74,75,65,1.5,1.5,1.5,1.5
3879645,Italy - Serie A,2015/2016,Bologna,Napoli,3,2,11,16,340,770,1.577755686,1.682784542,5,0,30.6,75,74,75,65,1.5,1.5,83,79,81,74,2.1,1.1,1.3,1.8
3879579,Italy - Serie A,2015/2016,Palermo,Inter Milan,1,1,10,20,439,528,1.046757403,1.8530394119999998,2,1,45.4,75,74,75,65,1.5,1.5,85,84,83,76,2.2,0.9,1.2,1.85
3879566,Italy - Serie A,2015/2016,Udinese,Genoa,1,1,9,19,325,624,1.2051724695,1.6859765767,2,1,34.2,75,74,75,65,1.5,1.5,75,74,75,65,1.5,1.5,1.5,1.5
3879587,Italy - Serie A,2015/2016,Bologna,Inter Milan,0,1,7,11,492,594,0.4641373947,1.4418539289999999,1,2,45.3,75,74,75,65,1.5,1.5,85,84,83,76,2.2,0.9,1.2,1.85
3879556,Italy - Serie A,2015/2016,Frosinone,Empoli,2,0,10,13,324,460,1.4281986063,0.7890289071,2,0,41.3,75,74,75,65,1.5,1.5,75,74,75,65,1.5,1.5,1.5,1.5
3879585,Italy - Serie A,2015/2016,AC Milan,Sassuolo,2,1,21,4,511,424,1.9771183510000003,0.083188705,3,0,54.7,82,81,80,73,2.0,1.1,75,74,75,65,1.5,1.5,1.75,1.3
3879582,Italy - Serie A,2015/2016,Lazio,Torino,3,0,10,8,564,442,1.2925427166,0.408296308,3,0,56.1,75,74,75,65,1.5,1.5,75,74,75,65,1.5,1.5,1.5,1.5
3879564,Italy - Serie A,2015/2016,Palermo,AS Roma,2,4,14,13,410,632,1.6080937230000003,2.376904229,6,2,39.3,75,74,75,65,1.5,1.5,75,74,75,65,1.5,1.5,1.5,1.5
3879562,Italy - Serie A,2015/2016,AC Milan,Napoli,0,4,12,11,442,678,0.4965978300000001,1.604619918,4,2,39.5,82,81,80,73,2.0,1.1,83,79,81,74,2.1,1.1,1.55,1.6
3879837,Italy - Serie A,2015/2016,Inter Milan,Udinese,3,1,26,12,613,346,3.658502089,1.3528104365,4,0,63.9,85,84,83,76,2.2,0.9,75,74,75,65,1.5,1.5,1.85,1.2
3879838,Italy - Serie A,2015/2016,Sampdoria,Lazio,2,1,13,20,375,534,1.466077674,2.670575156,3,0,41.3,75,74,75,65,1.5,1.5,75,74,75,65,1.5,1.5,1.5,1.5
3879839,Italy - Serie A,2015/2016,Fiorentina,Juventus,1,2,21,6,701,436,2.441421707,1.3948919050000002,3,2,61.7,75,74,75,65,1.5,1.5,80,82,79,71,1.8,1.0,1.25,1.65
3879840,Italy - Serie A,2015/2016,Bologna,Genoa,2,0,11,5,463,598,0.924111809,0.646832602,2,0,43.6,75,74,75,65,1.5,1.5,75,74,75,65,1.5,1.5,1.5,1.5
3879836,Italy - Serie A,2015/2016,AC Milan,Carpi,0,0,19,6,783,252,1.0005440110000001,0.21817842599999998,0,1,75.7,82,81,80,73,2.0,1.1,75,74,75,65,1.5,1.5,1.75,1.3
3879833,Italy - Serie A,2015/2016,Juventus,Lazio,3,0,19,7,592,468,3.441881539,0.19017145559999996,3,0,55.8,80,82,79,71,1.8,1.0,75,74,75,65,1.5,1.5,1.65,1.25
3879828,Italy - Serie A,2015/2016,AS Roma,Torino,3,2,21,14,494,473,2.285201726,2.0523692209999997,5,0,51.1,75,74,75,65,1.5,1.5,75,74,75,65,1.5,1.5,1.5,1.5
3879832,Italy - Serie A,2015/2016,Palermo,Atalanta,2,2,13,11,486,450,2.449131755,1.6551096469999997,4,1,51.9,75,74,75,65,1.5,1.5,75,74,75,65,1.5,1.5,1.5,1.5
3879830,Italy - Serie A,2015/2016,Genoa,Inter Milan,1,0,16,17,367,638,1.139672424,1.06756356,1,0,36.5,75,74,75,65,1.5,1.5,85,84,83,76,2.2,0.9,1.2,1.85
3879792,Italy - Serie A,2015/2016,Sampdoria,Chievo,0,1,16,12,588,339,1.3993057070000001,1.86203216,1,2,63.4,75,74,75,65,1.5,1.5,75,74,75,65,1.5,1.5,1.5,1.5
3879795,Italy - Serie A,2015/2016,Hellas Verona,Carpi,1,2,10,11,546,323,1.038938031,1.2645320135,3,2,62.8,75,74,75,65,1.5,1.5,75,74,75,65,1.5,1.5,1.5,1.5
3879794,Italy - Serie A,2015/2016,Atalanta,Bologna,2,0,15,9,426,492,3.262470525,0.521797972,2,0,46.4,75,74,75,65,1.5,1.5,75,74,75,65,1.5,1.5,1.5,1.5
3879788,Italy - Serie A,2015/2016,Empoli,Palermo,0,0,12,13,589,426,0.6348666279999999,0.624301007,0,1,58.0,75,74,75,65,1.5,1.5,75,74,75,65,1.5,1.5,1.5,1.5
3879787,Italy - Serie A,2015/2016,AS Roma,Inter Milan,1,1,18,6,608,441,1.2867397120000001,0.34859575649999996,2,1,58.0,75,74,75,65,1.5,1.5,85,84,83,76,2.2,0.9,1.2,1.85
3879786,Italy - Serie A,2015/2016,Palermo,Napoli,0,1,5,18,334,943,0.24019757200000003,1.9511107135999999,1,2,26.2,75,74,75,65,1.5,1.5,83,79,81,74,2.1,1.1,1.3,1.8
3879784,Italy - Serie A,2015/2016,Genoa,Torino,3,2,13,8,484,434,2.3297174559999996,0.8600719809999999,5,0,52.7,75,74,75,65,1.5,1.5,75,74,75,65,1.5,1.5,1.5,1.5
3879783,Italy - Serie A,2015/2016,Udinese,AS Roma,1,2,10,15,407,649,0.411775988,1.604686759,3,2,38.5,75,74,75,65,1.5,1.5,75,74,75,65,1.5,1.5,1.5,1.5
3879782,Italy - Serie A,2015/2016,Carpi,Frosinone,2,1,12,13,405,515,1.7182998980000002,0.873810083,3,0,44.0,75,74,75,65,1.5,1.5,75,74,75,65,1.5,1.5,1.5,1.5
3879781,Italy - Serie A,2015/2016,Chievo,AC Milan,0,0,19,10,396,594,0.9168425630000001,0.480285956,0,1,40.0,75,74,75,65,1.5,1.5,82,81,80,73,2.0,1.1,1.3,1.75
3879780,Italy - Serie A,2015/2016,Fiorentina,Hellas Verona,1,1,10,12,667,390,0.6928010137,0.5880441734999999,2,1,63.1,75,74,75,65,1.5,1.5,75,74,75,65,1.5,1.5,1.5,1.5
3879779,Italy - Serie A,2015/2016,Inter Milan,Bologna,2,1,17,6,593,402,1.5830090550000002,0.529313717,3,0,59.6,85,84,83,76,2.2,0.9,75,74,75,65,1.5,1.5,1.85,1.2
3879778,Italy - Serie A,2015/2016,Empoli,Sampdoria,1,1,15,13,603,416,1.757958024,0.8561696429999999,2,1,59.2,75,74,75,65,1.5,1.5,75,74,75,65,1.5,1.5,1.5,1.5
3879777,Italy - Serie A,2015/2016,Juventus,Sassuolo,1,0,16,7,489,463,1.3630514790000001,0.40754205,1,0,51.4,80,82,79,71,1.8,1.0,75,74,75,65,1.5,1.5,1.65,1.25
3879774,Italy - Serie A,2015/2016,Inter Milan,Palermo,3,1,10,9,645,399,1.195598545,0.566451208,4,0,61.8,85,84,83,76,2.2,0.9,75,74,75,65,1.5,1.5,1.85,1.2
3879776,Italy - Serie A,2015/2016,Bologna,Carpi,0,0,17,6,706,331,1.0464738999999998,0.45751663430000006,0,1,68.1,75,74,75,65,1.5,1.5,75,74,75,65,1.5,1.5,1.5,1.5
3879771,Italy - Serie A,2015/2016,Sassuolo,AC Milan,2,0,15,14,444,525,1.085979429,0.992393981,2,0,45.8,75,74,75,65,1.5,1.5,82,81,80,73,2.0,1.1,1.3,1.75
3879772,Italy - Serie A,2015/2016,Torino,Lazio,1,1,13,12,352,577,2.0540347304999997,1.379934609,2,1,37.9,75,74,75,65,1.5,1.5,75,74,75,65,1.5,1.5,1.5,1.5
3879756,Italy - Serie A,2015/2016,Napoli,AC Milan,1,1,20,7,717,374,1.1252820909999999,0.5519953769999999,2,1,65.7,83,79,81,74,2.1,1.1,82,81,80,73,2.0,1.1,1.6,1.55
3879754,Italy - Serie A,2015/2016,Torino,Carpi,0,0,11,5,473,354,1.468891941,0.17360031199999998,0,1,57.2,75,74,75,65,1.5,1.5,75,74,75,65,1.5,1.5,1.5,1.5
3879748,Italy - Serie A,2015/2016,Hellas Verona,Chievo,3,1,21,14,316,438,2.445100168,1.3579995235,4,0,41.9,75,74,75,65,1.5,1.5,75,74,75,65,1.5,1.5,1.5,1.5
3879749,Italy - Serie A,2015/2016,Inter Milan,Sampdoria,3,1,8,19,423,512,1.090096048,0.8814554420000001,4,0,45.2,85,84,83,76,2.2,0.9,75,74,75,65,1.5,1.5,1.85,1.2
3879747,Italy - Serie A,2015/2016,Bologna,Juventus,0,0,8,11,440,623,0.197830094,0.7493721640000002,0,1,41.4,75,74,75,65,1.5,1.5,80,82,79,71,1.8,1.0,1.25,1.65
3879742,Italy - Serie A,2015/2016,AC Milan,Genoa,2,1,14,6,547,413,0.7885388677999999,0.443193413,3,0,57.0,82,81,80,73,2.0,1.1,75,74,75,65,1.5,1.5,1.75,1.3
3879746,Italy - Serie A,2015/2016,Fiorentina,Inter Milan,2,1,12,6,584,388,1.3597324409999998,0.7054973279999999,3,0,60.1,75,74,75,65,1.5,1.5,85,84,83,76,2.2,0.9,1.2,1.85
3879744,Italy - Serie A,2015/2016,Sampdoria,Atalanta,0,0,10,9,544,440,0.852117743,0.28903566799999997,0,1,55.3,75,74,75,65,1.5,1.5,75,74,75,65,1.5,1.5,1.5,1.5
3879745,Italy - Serie A,2015/2016,Palermo,Torino,1,3,18,20,451,445,1.2688145480000002,3.0562151020000003,4,2,50.3,75,74,75,65,1.5,1.5,75,74,75,65,1.5,1.5,1.5,1.5
3879743,Italy - Serie A,2015/2016,Udinese,Bologna,0,1,10,12,479,425,1.734811504,0.9281899069999999,1,2,53.0,75,74,75,65,1.5,1.5,75,74,75,65,1.5,1.5,1.5,1.5
3879739,Italy - Serie A,2015/2016,Juventus,Napoli,1,0,12,8,533,677,0.49266794140000003,0.245138356,1,0,44.0,80,82,79,71,1.8,1.0,83,79,81,74,2.1,1.1,1.45,1.55
3879741,Italy - Serie A,2015/2016,Chievo,Sassuolo,1,1,11,16,373,522,1.3371092874,0.954399536,2,1,41.7,75,74,75,65,1.5,1.5,75,74,75,65,1.5,1.5,1.5,1.5
3879740,Italy - Serie A,2015/2016,Empoli,Frosinone,1,2,29,10,577,238,2.4346325280000003,1.0663713982999998,3,2,70.8,75,74,75,65,1.5,1.5,75,74,75,65,1.5,1.5,1.5,1.5
3879738,Italy - Serie A,2015/2016,Carpi,AS Roma,1,3,8,19,302,742,1.185619118,2.2010908707,4,2,28.9,75,74,75,65,1.5,1.5,75,74,75,65,1.5,1.5,1.5,1.5
3879737,Italy - Serie A,2015/2016,Lazio,Hellas Verona,5,2,18,8,604,387,3.510939179,0.6363500097,7,0,60.9,75,74,75,65,1.5,1.5,75,74,75,65,1.5,1.5,1.5,1.5
3879732,Italy - Serie A,2015/2016,Torino,Chievo,1,2,12,8,507,442,0.9113661609999999,1.097274805,3,2,53.4,75,74,75,65,1.5,1.5,75,74,75,65,1.5,1.5,1.5,1.5
3879707,Italy - Serie A,2015/2016,AS Roma,Frosinone,3,1,21,14,599,309,1.0770898685999999,0.63149962,4,0,66.0,75,74,75,65,1.5,1.5,75,74,75,65,1.5,1.5,1.5,1.5
3879702,Italy - Serie A,2015/2016,Hellas Verona,Genoa,1,1,17,10,457,519,2.114138732,0.5185347375,2,1,46.8,75,74,75,65,1.5,1.5,75,74,75,65,1.5,1.5,1.5,1.5
3879704,Italy - Serie A,2015/2016,Inter Milan,Carpi,1,1,18,12,715,318,1.88357169,0.896890185,2,1,69.2,85,84,83,76,2.2,0.9,75,74,75,65,1.5,1.5,1.85,1.2
3879701,Italy - Serie A,2015/2016,Juventus,AS Roma,1,0,15,6,681,551,0.7997010990000001,0.219833644,1,0,55.3,80,82,79,71,1.8,1.0,75,74,75,65,1.5,1.5,1.65,1.25
3879700,Italy - Serie A,2015/2016,Palermo,Udinese,4,1,16,19,441,577,2.3124263746000002,1.5510124843,5,0,43.3,75,74,75,65,1.5,1.5,75,74,75,65,1.5,1.5,1.5,1.5
3879706,Italy - Serie A,2015/2016,Fiorentina,Torino,2,0,13,9,532,399,1.021186575,0.6958187730000001,2,0,57.1,75,74,75,65,1.5,1.5,75,74,75,65,1.5,1.5,1.5,1.5
3878559,Italy - Serie A,2015/2016,Atalanta,Frosinone,2,0,25,14,537,367,2.5820832422000004,0.5479398230000001,2,0,59.4,75,74,75,65,1.5,1.5,75,74,75,65,1.5,1.5,1.5,1.5
3879636,Italy - Serie A,2015/2016,Sassuolo,Fiorentina,1,1,17,17,531,554,0.819468883,1.7059774790000002,2,1,48.9,75,74,75,65,1.5,1.5,75,74,75,65,1.5,1.5,1.5,1.5
3879627,Italy - Serie A,2015/2016,Torino,Bologna,2,0,13,4,616,403,0.9530411514000001,0.182981479,2,0,60.5,75,74,75,65,1.5,1.5,75,74,75,65,1.5,1.5,1.5,1.5
3879626,Italy - Serie A,2015/2016,Inter Milan,Frosinone,4,0,22,11,574,328,2.6635013073,0.5554921037,4,0,63.6,85,84,83,76,2.2,0.9,75,74,75,65,1.5,1.5,1.85,1.2
3879625,Italy - Serie A,2015/2016,Udinese,Sampdoria,1,0,10,10,405,628,0.6833461900000001,0.5053055270000001,1,0,39.2,75,74,75,65,1.5,1.5,75,74,75,65,1.5,1.5,1.5,1.5
3879624,Italy - Serie A,2015/2016,Lazio,Palermo,1,1,19,13,592,352,1.6432340576,1.0810375325000001,2,1,62.7,75,74,75,65,1.5,1.5,75,74,75,65,1.5,1.5,1.5,1.5
3879623,Italy - Serie A,2015/2016,Fiorentina,Empoli,2,2,18,15,695,385,1.3537115180000001,0.5832726364,4,1,64.4,75,74,75,65,1.5,1.5,75,74,75,65,1.5,1.5,1.5,1.5
3879622,Italy - Serie A,2015/2016,Carpi,Chievo,1,2,19,9,455,393,1.01694145,0.791397412,3,2,53.7,75,74,75,65,1.5,1.5,75,74,75,65,1.5,1.5,1.5,1.5
3879621,Italy - Serie A,2015/2016,Atalanta,Torino,0,1,16,14,576,353,1.0031724683999999,1.7278138159999998,1,2,62.0,75,74,75,65,1.5,1.5,75,74,75,65,1.5,1.5,1.5,1.5
3879620,Italy - Serie A,2015/2016,Hellas Verona,Napoli,0,2,3,23,356,895,0.220766427,2.486101877,2,2,28.5,75,74,75,65,1.5,1.5,83,79,81,74,2.1,1.1,1.3,1.8
3878611,Italy - Serie A,2015/2016,Chievo,Inter Milan,0,1,15,14,405,479,0.8709376254999999,0.938191545,1,2,45.8,75,74,75,65,1.5,1.5,85,84,83,76,2.2,0.9,1.2,1.85
3878610,Italy - Serie A,2015/2016,Atalanta,Hellas Verona,1,1,15,10,418,367,0.7525458485999998,0.804350942,2,1,53.2,75,74,75,65,1.5,1.5,75,74,75,65,1.5,1.5,1.5,1.5
3878608,Italy - Serie A,2015/2016,Bologna,Frosinone,1,0,12,20,373,492,0.8701619252000001,1.7944827946,1,0,43.1,75,74,75,65,1.5,1.5,75,74,75,65,1.5,1.5,1.5,1.5
3878607,Italy - Serie A,2015/2016,AS Roma,Sassuolo,2,2,21,11,607,323,2.4057406160000006,0.695656711,4,1,65.3,75,74,75,65,1.5,1.5,75,74,75,65,1.5,1.5,1.5,1.5
3878606,Italy - Serie A,2015/2016,Torino,Sampdoria,2,0,19,12,495,515,2.3935137280000003,0.871885466,2,0,49.0,75,74,75,65,1.5,1.5,75,74,75,65,1.5,1.5,1.5,1.5
3878605,Italy - Serie A,2015/2016,Carpi,Fiorentina,0,1,12,8,370,681,1.73517474,0.5269194669999999,1,2,35.2,75,74,75,65,1.5,1.5,75,74,75,65,1.5,1.5,1.5,1.5
3879876,Italy - Serie A,2015/2016,Genoa,Atalanta,1,2,11,13,510,435,1.5189915319999998,1.089012683,3,2,54.0,75,74,75,65,1.5,1.5,75,74,75,65,1.5,1.5,1.5,1.5
3879875,Italy - Serie A,2015/2016,Palermo,Hellas Verona,3,2,5,14,368,608,0.668218245,0.7337645140000001,5,0,37.7,75,74,75,65,1.5,1.5,75,74,75,65,1.5,1.5,1.5,1.5
3879874,Italy - Serie A,2015/2016,Lazio,Fiorentina,2,4,16,16,492,583,1.5606900324999997,1.484724307,6,2,45.8,75,74,75,65,1.5,1.5,75,74,75,65,1.5,1.5,1.5,1.5
3879873,Italy - Serie A,2015/2016,Empoli,Torino,2,1,10,20,480,575,0.814420682,1.165442257,3,0,45.5,75,74,75,65,1.5,1.5,75,74,75,65,1.5,1.5,1.5,1.5
3879872,Italy - Serie A,2015/2016,Chievo,Bologna,0,0,6,16,527,609,0.419691043,0.44861461669999997,0,1,46.4,75,74,75,65,1.5,1.5,75,74,75,65,1.5,1.5,1.5,1.5
3879871,Italy - Serie A,2015/2016,Udinese,Carpi,1,2,15,10,491,448,1.366925236,1.345283348,3,2,52.3,75,74,75,65,1.5,1.5,75,74,75,65,1.5,1.5,1.5,1.5
3879870,Italy - Serie A,2015/2016,Juventus,Sampdoria,5,0,24,7,638,330,2.6275682537000002,0.233978175,5,0,65.9,80,82,79,71,1.8,1.0,75,74,75,65,1.5,1.5,1.65,1.25
3879869,Italy - Serie A,2015/2016,AC Milan,AS Roma,1,3,15,16,411,744,1.8715485210000002,2.5944791900000004,4,2,35.6,82,81,80,73,2.0,1.1,75,74,75,65,1.5,1.5,1.75,1.3
3879868,Italy - Serie A,2015/2016,Sassuolo,Inter Milan,3,1,9,12,487,543,1.4379392020000001,1.3774483039999998,4,0,47.3,75,74,75,65,1.5,1.5,85,84,83,76,2.2,0.9,1.2,1.85
3879867,Italy - Serie A,2015/2016,Napoli,Frosinone,4,0,33,9,799,269,2.8076356939999996,0.8875659633999999,4,0,74.8,83,79,81,74,2.1,1.1,75,74,75,65,1.5,1.5,1.8,1.3
3879866,Italy - Serie A,2015/2016,AS Roma,Chievo,3,0,23,11,770,421,1.6067953247,0.5848661150000001,3,0,64.7,75,74,75,65,1.5,1.5,75,74,75,65,1.5,1.5,1.5,1.5
3879865,Italy - Serie A,2015/2016,Sampdoria,Genoa,0,3,12,18,495,380,0.631861191,1.6610168394,3,2,56.6,75,74,75,65,1.5,1.5,75,74,75,65,1.5,1.5,1.5,1.5
3879864,Italy - Serie A,2015/2016,Hellas Verona,Juventus,2,1,12,16,404,569,2.036259747,1.6271015757,3,0,41.5,75,74,75,65,1.5,1.5,80,82,79,71,1.8,1.0,1.25,1.65
3879861,Italy - Serie A,2015/2016,Frosinone,Sassuolo,0,1,18,21,306,475,0.9299362134999999,1.6030329704999997,1,2,39.2,75,74,75,65,1.5,1.5,75,74,75,65,1.5,1.5,1.5,1.5
3879860,Italy - Serie A,2015/2016,Fiorentina,Palermo,0,0,21,4,660,277,1.7009081439000002,0.176825089,0,1,70.4,75,74,75,65,1.5,1.5,75,74,75,65,1.5,1.5,1.5,1.5
3879859,Italy - Serie A,2015/2016,Carpi,Lazio,1,3,26,16,450,414,2.988385941,2.37161393,4,2,52.1,75,74,75,65,1.5,1.5,75,74,75,65,1.5,1.5,1.5,1.5
3879858,Italy - Serie A,2015/2016,Bologna,AC Milan,0,1,9,16,388,617,0.47575377900000004,1.3356058966000002,1,2,38.6,75,74,75,65,1.5,1.5,82,81,80,73,2.0,1.1,1.3,1.75
3879857,Italy - Serie A,2015/2016,Inter Milan,Empoli,2,1,12,14,466,625,1.5928943650000003,0.9726718078999999,3,0,42.7,85,84,83,76,2.2,0.9,75,74,75,65,1.5,1.5,1.85,1.2
3879856,Italy - Serie A,2015/2016,Genoa,AS Roma,2,3,14,20,391,632,1.3544740946,2.4298768770000003,5,2,38.2,75,74,75,65,1.5,1.5,75,74,75,65,1.5,1.5,1.5,1.5
3879855,Italy - Serie A,2015/2016,Napoli,Atalanta,2,1,18,4,745,516,2.029534141,0.30600333199999996,3,0,59.1,83,79,81,74,2.1,1.1,75,74,75,65,1.5,1.5,1.8,1.3
3879854,Italy - Serie A,2015/2016,Sassuolo,Hellas Verona,1,0,6,16,526,448,0.498225548,0.837557167,1,0,54.0,75,74,75,65,1.5,1.5,75,74,75,65,1.5,1.5,1.5,1.5
3879853,Italy - Serie A,2015/2016,Lazio,Inter Milan,2,0,9,16,455,568,1.7994482414,0.9534981698999999,2,0,44.5,75,74,75,65,1.5,1.5,85,84,83,76,2.2,0.9,1.2,1.85
3879852,Italy - Serie A,2015/2016,Palermo,Sampdoria,2,0,10,8,366,604,1.07578593,0.4257015495,2,0,37.7,75,74,75,65,1.5,1.5,75,74,75,65,1.5,1.5,1.5,1.5
3879851,Italy - Serie A,2015/2016,AC Milan,Frosinone,3,3,24,9,529,217,4.4283838885,0.415137845,6,1,70.9,82,81,80,73,2.0,1.1,75,74,75,65,1.5,1.5,1.75,1.3
3879850,Italy - Serie A,2015/2016,Juventus,Carpi,2,0,21,11,742,309,1.3062106793,0.4303472592999999,2,0,70.6,80,82,79,71,1.8,1.0,75,74,75,65,1.5,1.5,1.65,1.25
3879849,Italy - Serie A,2015/2016,Empoli,Bologna,0,0,5,16,669,477,0.869666653,0.8637434420000001,0,1,58.4,75,74,75,65,1.5,1.5,75,74,75,65,1.5,1.5,1.5,1.5
3879848,Italy - Serie A,2015/2016,Chievo,Fiorentina,0,0,10,20,392,653,0.9088484326,0.8908363,0,1,37.5,75,74,75,65,1.5,1.5,75,74,75,65,1.5,1.5,1.5,1.5
3879846,Italy - Serie A,2015/2016,Hellas Verona,AC Milan,2,1,28,11,369,589,2.8842855969999994,1.6281691729999999,3,0,38.5,75,74,75,65,1.5,1.5,82,81,80,73,2.0,1.1,1.3,1.75
3879845,Italy - Serie A,2015/2016,AS Roma,Napoli,1,0,9,9,540,603,0.497335019,0.889874263,1,0,47.2,75,74,75,65,1.5,1.5,83,79,81,74,2.1,1.1,1.3,1.8
3879844,Italy - Serie A,2015/2016,Carpi,Empoli,1,0,16,10,454,597,1.4998568839999997,0.6029922470000001,1,0,43.2,75,74,75,65,1.5,1.5,75,74,75,65,1.5,1.5,1.5,1.5
3879843,Italy - Serie A,2015/2016,Torino,Sassuolo,1,3,16,12,488,490,1.061355459,0.878779022,4,2,49.9,75,74,75,65,1.5,1.5,75,74,75,65,1.5,1.5,1.5,1.5
3879842,Italy - Serie A,2015/2016,Atalanta,Chievo,1,0,11,10,419,510,0.8772651539999998,0.37434810269999996,1,0,45.1,75,74,75,65,1.5,1.5,75,74,75,65,1.5,1.5,1.5,1.5
3879841,Italy - Serie A,2015/2016,Frosinone,Palermo,0,2,18,7,411,401,1.10997417,0.9024118900000001,2,2,50.6,75,74,75,65,1.5,1.5,75,74,75,65,1.5,1.5,1.5,1.5
3879835,Italy - Serie A,2015/2016,Chievo,Frosinone,5,1,22,9,658,350,2.2009767624,0.24945961969999997,6,0,65.3,75,74,75,65,1.5,1.5,75,74,75,65,1.5,1.5,1.5,1.5
3879834,Italy - Serie A,2015/2016,Udinese,Fiorentina,2,1,10,9,279,634,1.1962927395,0.629224834,3,0,30.6,75,74,75,65,1.5,1.5,75,74,75,65,1.5,1.5,1.5,1.5
3879831,Italy - Serie A,2015/2016,Sassuolo,Sampdoria,0,0,23,4,670,279,3.165594336,0.110127292,0,1,70.6,75,74,75,65,1.5,1.5,75,74,75,65,1.5,1.5,1.5,1.5
3879829,Italy - Serie A,2015/2016,Empoli,Hellas Verona,1,0,12,22,578,439,2.3642074539999993,2.1389944684,1,0,56.8,75,74,75,65,1.5,1.5,75,74,75,65,1.5,1.5,1.5,1.5
3879827,Italy - Serie A,2015/2016,Napoli,Bologna,6,0,20,5,738,483,2.875528155,0.276968116,6,0,60.4,83,79,81,74,2.1,1.1,75,74,75,65,1.5,1.5,1.8,1.3
3879826,Italy - Serie A,2015/2016,Hellas Verona,Frosinone,1,2,17,13,463,349,2.3680322604,1.1130249437000002,3,2,57.0,75,74,75,65,1.5,1.5,75,74,75,65,1.5,1.5,1.5,1.5
3879824,Italy - Serie A,2015/2016,Sampdoria,AC Milan,0,1,10,15,407,498,0.357990195,1.6718183150000003,1,2,45.0,75,74,75,65,1.5,1.5,82,81,80,73,2.0,1.1,1.3,1.75
3879823,Italy - Serie A,2015/2016,Atalanta,AS Roma,3,3,13,17,333,628,1.5808142232000002,1.8841441410000002,6,1,34.7,75,74,75,65,1.5,1.5,75,74,75,65,1.5,1.5,1.5,1.5
3879822,Italy - Serie A,2015/2016,Udinese,Chievo,0,0,16,5,416,493,1.530234353,0.1905992596,0,1,45.8,75,74,75,65,1.5,1.5,75,74,75,65,1.5,1.5,1.5,1.5
3879821,Italy - Serie A,2015/2016,Fiorentina,Sassuolo,3,1,13,9,478,454,1.2142203219999999,1.4883738700000002,4,0,51.3,75,74,75,65,1.5,1.5,75,74,75,65,1.5,1.5,1.5,1.5
3879820,Italy - Serie A,2015/2016,Juventus,Palermo,4,0,17,10,585,387,1.5785838283,0.490812131,4,0,60.2,80,82,79,71,1.8,1.0,75,74,75,65,1.5,1.5,1.65,1.25
3879819,Italy - Serie A,2015/2016,Carpi,Genoa,4,1,15,16,421,458,1.942529943,1.48634061,5,0,47.9,75,74,75,65,1.5,1.5,75,74,75,65,1.5,1.5,1.5,1.5
3879818,Italy - Serie A,2015/2016,Bologna,Torino,0,1,8,6,582,520,0.579413164,1.073360747,1,2,52.8,75,74,75,65,1.5,1.5,75,74,75,65,1.5,1.5,1.5,1.5
3879816,Italy - Serie A,2015/2016,AS Roma,Bologna,1,1,16,7,763,375,1.334005833,0.338556316,2,1,67.0,75,74,75,65,1.5,1.5,75,74,75,65,1.5,1.5,1.5,1.5
3879815,Italy - Serie A,2015/2016,Torino,Atalanta,2,1,5,16,392,545,0.6432901835,0.739645624,3,0,41.8,75,74,75,65,1.5,1.5,75,74,75,65,1.5,1.5,1.5,1.5
3879814,Italy - Serie A,2015/2016,Empoli,Fiorentina,2,0,7,22,414,584,0.825568041,1.5681605320000003,2,0,41.5,75,74,75,65,1.5,1.5,75,74,75,65,1.5,1.5,1.5,1.5
3879813,Italy - Serie A,2015/2016,Sampdoria,Udinese,2,0,15,16,452,435,1.857160006,1.317514419,2,0,51.0,75,74,75,65,1.5,1.5,75,74,75,65,1.5,1.5,1.5,1.5
3879812,Italy - Serie A,2015/2016,Palermo,Lazio,0,3,7,19,366,742,0.3264263675,2.5889812222999997,3,2,33.0,75,74,75,65,1.5,1.5,75,74,75,65,1.5,1.5,1.5,1.5
3879811,Italy - Serie A,2015/2016,Napoli,Hellas Verona,3,0,19,8,694,445,3.1769705189999997,0.3877717325,3,0,60.9,83,79,81,74,2.1,1.1,75,74,75,65,1.5,1.5,1.8,1.3
3879810,Italy - Serie A,2015/2016,AC Milan,Juventus,1,2,12,10,405,499,1.222449747,0.843712673,3,2,44.8,82,81,80,73,2.0,1.1,80,82,79,71,1.8,1.0,1.5,1.45
3879809,Italy - Serie A,2015/2016,Sassuolo,Genoa,0,1,17,9,566,365,1.037691812,0.7132050739999999,1,2,60.8,75,74,75,65,1.5,1.5,75,74,75,65,1.5,1.5,1.5,1.5
3879808,Italy - Serie A,2015/2016,Frosinone,Inter Milan,0,1,16,20,343,605,0.8803798104,2.1671452370000006,1,2,36.2,75,74,75,65,1.5,1.5,85,84,83,76,2.2,0.9,1.2,1.85
3879807,Italy - Serie A,2015/2016,Chievo,Carpi,1,0,17,13,609,376,1.1969214565,0.8737732715000001,1,0,61.8,75,74,75,65,1.5,1.5,75,74,75,65,1.5,1.5,1.5,1.5
3879806,Italy - Serie A,2015/2016,Bologna,Hellas Verona,0,1,9,4,550,394,0.64123513,0.414643685,1,2,58.3,75,74,75,65,1.5,1.5,75,74,75,65,1.5,1.5,1.5,1.5
3879805,Italy - Serie A,2015/2016,Atalanta,AC Milan,2,1,10,14,441,472,1.032669076,1.4700499465000003,3,0,48.3,75,74,75,65,1.5,1.5,82,81,80,73,2.0,1.1,1.3,1.75
3879804,Italy - Serie A,2015/2016,Genoa,Frosinone,4,0,20,9,485,328,1.5620683285000003,0.4435622397,4,0,59.7,75,74,75,65,1.5,1.5,75,74,75,65,1.5,1.5,1.5,1.5
3879803,Italy - Serie A,2015/2016,Udinese,Napoli,3,1,11,13,289,593,2.6724596659999995,0.6701363049999999,4,0,32.8,75,74,75,65,1.5,1.5,83,79,81,74,2.1,1.1,1.3,1.8
3879802,Italy - Serie A,2015/2016,Chievo,Palermo,3,1,9,14,517,518,1.4010358160000003,1.8230054999999998,4,0,50.0,75,74,75,65,1.5,1.5,75,74,75,65,1.5,1.5,1.5,1.5
3879801,Italy - Serie A,2015/2016,Inter Milan,Torino,1,2,12,13,636,425,1.7584393270000003,1.7561890839999998,3,2,59.9,85,84,83,76,2.2,0.9,75,74,75,65,1.5,1.5,1.85,1.2
3879800,Italy - Serie A,2015/2016,Fiorentina,Sampdoria,1,1,20,8,568,393,1.0656830717,0.277920508,2,1,59.1,75,74,75,65,1.5,1.5,75,74,75,65,1.5,1.5,1.5,1.5
3879799,Italy - Serie A,2015/2016,Lazio,AS Roma,1,4,18,18,401,553,2.3887400089999997,1.4469774722,5,2,42.0,75,74,75,65,1.5,1.5,75,74,75,65,1.5,1.5,1.5,1.5
3879798,Italy - Serie A,2015/2016,Juventus,Empoli,1,0,20,10,433,617,1.8941149130000001,0.4494777182000001,1,0,41.2,80,82,79,71,1.8,1.0,75,74,75,65,1.5,1.5,1.65,1.25
3879797,Italy - Serie A,2015/2016,Carpi,Sassuolo,1,3,11,9,437,567,1.3241549734999998,1.4528008918,4,2,43.5,75,74,75,65,1.5,1.5,75,74,75,65,1.5,1.5,1.5,1.5
3879796,Italy - Serie A,2015/2016,Napoli,Genoa,3,1,23,9,841,337,2.7726443549999997,0.6151989405,4,0,71.4,83,79,81,74,2.1,1.1,75,74,75,65,1.5,1.5,1.8,1.3
3879793,Italy - Serie A,2015/2016,Sassuolo,Udinese,1,1,13,8,569,366,0.745006882,1.236583238,2,1,60.9,75,74,75,65,1.5,1.5,75,74,75,65,1.5,1.5,1.5,1.5
3879791,Italy - Serie A,2015/2016,AC Milan,Lazio,1,1,21,9,515,400,1.4917781813000002,0.42345314349999996,2,1,56.3,82,81,80,73,2.0,1.1,75,74,75,65,1.5,1.5,1.75,1.3
3879790,Italy - Serie A,2015/2016,Torino,Juventus,1,4,10,14,370,497,1.5293352754999998,1.3920019939999997,5,2,42.7,75,74,75,65,1.5,1.5,80,82,79,71,1.8,1.0,1.25,1.65
3879789,Italy - Serie A,2015/2016,Frosinone,Fiorentina,0,0,14,25,292,597,0.719145311,1.636957574,0,1,32.8,75,74,75,65,1.5,1.5,75,74,75,65,1.5,1.5,1.5,1.5
3879775,Italy - Serie A,2015/2016,Genoa,Empoli,1,0,15,10,479,535,1.3385854959999999,1.290266917,1,0,47.2,75,74,75,65,1.5,1.5,75,74,75,65,1.5,1.5,1.5,1.5
3879770,Italy - Serie A,2015/2016,Atalanta,Juventus,0,2,13,9,418,548,0.6105068447,1.16311767,2,2,43.3,75,74,75,65,1.5,1.5,80,82,79,71,1.8,1.0,1.25,1.65
3879769,Italy - Serie A,2015/2016,Napoli,Chievo,3,1,25,8,837,415,3.1157376607000002,0.298227966,4,0,66.9,83,79,81,74,2.1,1.1,75,74,75,65,1.5,1.5,1.8,1.3
3879768,Italy - Serie A,2015/2016,Hellas Verona,Sampdoria,0,3,11,16,480,540,1.693777358,3.211208118,3,2,47.1,75,74,75,65,1.5,1.5,75,74,75,65,1.5,1.5,1.5,1.5
3879767,Italy - Serie A,2015/2016,AS Roma,Fiorentina,4,1,14,11,522,499,2.036133981,1.12540988,5,0,51.1,75,74,75,65,1.5,1.5,75,74,75,65,1.5,1.5,1.5,1.5
3879766,Italy - Serie A,2015/2016,Lazio,Sassuolo,0,2,15,8,581,348,1.0948023796,1.963940876,2,2,62.5,75,74,75,65,1.5,1.5,75,74,75,65,1.5,1.5,1.5,1.5
3879765,Italy - Serie A,2015/2016,Fiorentina,Napoli,1,1,12,6,639,669,0.7527268927,0.834970898,2,1,48.9,75,74,75,65,1.5,1.5,83,79,81,74,2.1,1.1,1.3,1.8
3879764,Italy - Serie A,2015/2016,Chievo,Genoa,1,0,16,11,410,496,1.3321092227,0.44121347800000005,1,0,45.3,75,74,75,65,1.5,1.5,75,74,75,65,1.5,1.5,1.5,1.5
3879763,Italy - Serie A,2015/2016,Sampdoria,Frosinone,2,0,26,14,380,371,1.5195329003,0.4470122187000001,2,0,50.6,75,74,75,65,1.5,1.5,75,74,75,65,1.5,1.5,1.5,1.5
3879762,Italy - Serie A,2015/2016,Udinese,Hellas Verona,2,0,13,11,461,449,2.308211285,0.6706178939999999,2,0,50.7,75,74,75,65,1.5,1.5,75,74,75,65,1.5,1.5,1.5,1.5
3879761,Italy - Serie A,2015/2016,Carpi,Atalanta,1,1,10,13,342,441,1.4853107819999998,0.6577200970000001,2,1,43.7,75,74,75,65,1.5,1.5,75,74,75,65,1.5,1.5,1.5,1.5
3879760,Italy - Serie A,2015/2016,Palermo,Bologna,0,0,7,17,444,537,0.6689624930000001,0.9920851789999999,0,1,45.3,75,74,75,65,1.5,1.5,75,74,75,65,1.5,1.5,1.5,1.5
3879759,Italy - Serie A,2015/2016,Juventus,Inter Milan,2,0,9,8,492,562,2.0486466979999998,0.345923474,2,0,46.7,80,82,79,71,1.8,1.0,85,84,83,76,2.2,0.9,1.35,1.6
3879758,Italy - Serie A,2015/2016,AC Milan,Torino,1,0,19,11,513,435,1.1943742909999997,0.6137233039999999,1,0,54.1,82,81,80,73,2.0,1.1,75,74,75,65,1.5,1.5,1.75,1.3
3879757,Italy - Serie A,2015/2016,Empoli,AS Roma,1,3,8,15,495,560,0.362701912,1.5057498055999998,4,2,46.9,75,74,75,65,1.5,1.5,75,74,75,65,1.5,1.5,1.5,1.5
3879755,Italy - Serie A,2015/2016,Frosinone,Lazio,0,0,9,18,332,626,0.645555589,0.7141372830000001,0,1,34.7,75,74,75,65,1.5,1.5,75,74,75,65,1.5,1.5,1.5,1.5
3879753,Italy - Serie A,2015/2016,Sassuolo,Empoli,3,2,13,10,444,525,0.9042209980000001,1.4600096814999999,5,0,45.8,75,74,75,65,1.5,1.5,75,74,75,65,1.5,1.5,1.5,1.5
3879752,Italy - Serie A,2015/2016,Genoa,Udinese,2,1,22,13,522,372,2.2274475880000004,1.9505124939999998,3,0,58.4,75,74,75,65,1.5,1.5,75,74,75,65,1.5,1.5,1.5,1.5
3879751,Italy - Serie A,2015/2016,AS Roma,Palermo,5,0,24,5,681,457,2.1632215476999996,0.363959233,5,0,59.8,75,74,75,65,1.5,1.5,75,74,75,65,1.5,1.5,1.5,1.5
3879736,Italy - Serie A,2015/2016,AS Roma,Sampdoria,2,1,14,10,623,513,1.516875821,0.7841950809999999,3,0,54.8,75,74,75,65,1.5,1.5,75,74,75,65,1.5,1.5,1.5,1.5
3879735,Italy - Serie A,2015/2016,Atalanta,Empoli,0,0,11,9,402,586,0.7909400547,0.5209548392000001,0,1,40.7,75,74,75,65,1.5,1.5,75,74,75,65,1.5,1.5,1.5,1.5
3879734,Italy - Serie A,2015/2016,AC Milan,Udinese,1,1,23,9,588,350,1.6750596999999998,1.2099193689999999,2,1,62.7,82,81,80,73,2.0,1.1,75,74,75,65,1.5,1.5,1.75,1.3
3879733,Italy - Serie A,2015/2016,Frosinone,Juventus,0,2,5,25,289,611,0.2968465906,1.794111951,2,2,32.1,75,74,75,65,1.5,1.5,80,82,79,71,1.8,1.0,1.25,1.65
3879731,Italy - Serie A,2015/2016,Napoli,Carpi,1,0,22,3,807,274,2.213465566,0.161108582,1,0,74.7,83,79,81,74,2.1,1.1,75,74,75,65,1.5,1.5,1.8,1.3
3879730,Italy - Serie A,2015/2016,Hellas Verona,Inter Milan,3,3,10,17,256,617,0.7057210570000001,2.151490151,6,1,29.3,75,74,75,65,1.5,1.5,85,84,83,76,2.2,0.9,1.2,1.85
3879729,Italy - Serie A,2015/2016,Sassuolo,Palermo,2,2,23,9,570,341,1.8208779990000006,0.7755594087000001,4,1,62.6,75,74,75,65,1.5,1.5,75,74,75,65,1.5,1.5,1.5,1.5
3879728,Italy - Serie A,2015/2016,Bologna,Fiorentina,1,1,12,12,509,549,0.823217144,0.9265373535999999,2,1,48.1,75,74,75,65,1.5,1.5,75,74,75,65,1.5,1.5,1.5,1.5
3879727,Italy - Serie A,2015/2016,Genoa,Lazio,0,0,6,10,452,456,0.42706076400000004,0.543616224,0,1,49.8,75,74,75,65,1.5,1.5,75,74,75,65,1.5,1.5,1.5,1.5
3879726,Italy - Serie A,2015/2016,Juventus,Genoa,1,0,11,7,501,467,0.5668120839999999,0.24229715599999999,1,0,51.8,80,82,79,71,1.8,1.0,75,74,75,65,1.5,1.5,1.65,1.25
3879725,Italy - Serie A,2015/2016,Frosinone,Bologna,1,0,20,16,371,516,1.8611295401,1.1853989043,1,0,41.8,75,74,75,65,1.5,1.5,75,74,75,65,1.5,1.5,1.5,1.5
3879724,Italy - Serie A,2015/2016,Fiorentina,Carpi,2,1,11,10,632,316,0.580894345,1.082924409,3,0,66.7,75,74,75,65,1.5,1.5,75,74,75,65,1.5,1.5,1.5,1.5
3879723,Italy - Serie A,2015/2016,Inter Milan,Chievo,1,0,24,7,573,380,2.239796296,0.300187349,1,0,60.1,85,84,83,76,2.2,0.9,75,74,75,65,1.5,1.5,1.85,1.2
3879722,Italy - Serie A,2015/2016,Hellas Verona,Atalanta,2,1,13,18,414,446,1.799408012,1.8993103919,3,0,48.1,75,74,75,65,1.5,1.5,75,74,75,65,1.5,1.5,1.5,1.5
3879721,Italy - Serie A,2015/2016,Palermo,AC Milan,0,2,12,17,362,627,0.596288971,1.882242804,2,2,36.6,75,74,75,65,1.5,1.5,82,81,80,73,2.0,1.1,1.3,1.75
3879720,Italy - Serie A,2015/2016,Lazio,Napoli,0,2,8,11,480,708,0.5819604780000001,1.0955729671,2,2,40.4,75,74,75,65,1.5,1.5,83,79,81,74,2.1,1.1,1.3,1.8
3879719,Italy - Serie A,2015/2016,Sampdoria,Torino,2,2,9,14,457,502,0.6694036379999999,1.8953576789999997,4,1,47.7,75,74,75,65,1.5,1.5,75,74,75,65,1.5,1.5,1.5,1.5
3879718,Italy - Serie A,2015/2016,Empoli,Udinese,1,1,19,5,635,264,2.033435443,0.393220453,2,1,70.6,75,74,75,65,1.5,1.5,75,74,75,65,1.5,1.5,1.5,1.5
3879717,Italy - Serie A,2015/2016,Sassuolo,AS Roma,0,2,18,13,474,523,1.7356404199999997,1.878904597,2,2,47.5,75,74,75,65,1.5,1.5,75,74,75,65,1.5,1.5,1.5,1.5
3879716,Italy - Serie A,2015/2016,Genoa,Fiorentina,0,0,11,11,396,563,1.2833106060000001,0.852753264,0,1,41.3,75,74,75,65,1.5,1.5,75,74,75,65,1.5,1.5,1.5,1.5
3879715,Italy - Serie A,2015/2016,Torino,Hellas Verona,0,0,17,10,469,360,1.5969398044,0.5037612023,0,1,56.6,75,74,75,65,1.5,1.5,75,74,75,65,1.5,1.5,1.5,1.5
3879714,Italy - Serie A,2015/2016,Napoli,Empoli,5,1,20,7,669,411,2.1500217679999998,0.254436591,6,0,61.9,83,79,81,74,2.1,1.1,75,74,75,65,1.5,1.5,1.8,1.3
3879713,Italy - Serie A,2015/2016,Chievo,Juventus,0,4,6,30,421,764,0.158703109,3.664647772,4,2,35.5,75,74,75,65,1.5,1.5,80,82,79,71,1.8,1.0,1.25,1.65
3879712,Italy - Serie A,2015/2016,AC Milan,Inter Milan,3,0,14,12,445,452,1.9062890670000001,1.671948055,3,0,49.6,82,81,80,73,2.0,1.1,85,84,83,76,2.2,0.9,1.45,1.65
3879711,Italy - Serie A,2015/2016,Udinese,Lazio,0,0,11,17,305,570,0.376340347,0.6895614044,0,1,34.9,75,74,75,65,1.5,1.5,75,74,75,65,1.5,1.5,1.5,1.5
3879710,Italy - Serie A,2015/2016,Bologna,Sampdoria,3,2,8,15,414,577,1.351087754,1.8753497869999995,5,0,41.8,75,74,75,65,1.5,1.5,75,74,75,65,1.5,1.5,1.5,1.5
3879709,Italy - Serie A,2015/2016,Carpi,Palermo,1,1,13,5,479,456,1.157304576,0.6419175680000001,2,1,51.2,75,74,75,65,1.5,1.5,75,74,75,65,1.5,1.5,1.5,1.5
3879708,Italy - Serie A,2015/2016,Atalanta,Sassuolo,1,1,6,9,471,528,1.557618251,0.9927873374000001,2,1,47.1,75,74,75,65,1.5,1.5,75,74,75,65,1.5,1.5,1.5,1.5
3879698,Italy - Serie A,2015/2016,Empoli,AC Milan,2,2,16,10,636,406,1.2032402130000002,1.220142944,4,1,61.0,75,74,75,65,1.5,1.5,82,81,80,73,2.0,1.1,1.3,1.75
3879697,Italy - Serie A,2015/2016,Frosinone,Atalanta,0,0,11,18,413,449,0.8268796075999999,1.0545183444,0,1,47.9,75,74,75,65,1.5,1.5,75,74,75,65,1.5,1.5,1.5,1.5
3879696,Italy - Serie A,2015/2016,Sassuolo,Torino,1,1,13,8,579,420,1.727450677,0.8708971990000001,2,1,58.0,75,74,75,65,1.5,1.5,75,74,75,65,1.5,1.5,1.5,1.5
3879695,Italy - Serie A,2015/2016,Genoa,Palermo,4,0,18,11,537,382,2.796698575,0.7672823799999999,4,0,58.4,75,74,75,65,1.5,1.5,75,74,75,65,1.5,1.5,1.5,1.5
3879694,Italy - Serie A,2015/2016,Bologna,Lazio,2,2,8,10,363,602,0.9341696039999999,1.35550235,4,1,37.6,75,74,75,65,1.5,1.5,75,74,75,65,1.5,1.5,1.5,1.5
3879693,Italy - Serie A,2015/2016,Udinese,Juventus,0,4,8,14,412,636,0.5261178955000001,2.5983508170000005,4,2,39.3,75,74,75,65,1.5,1.5,80,82,79,71,1.8,1.0,1.25,1.65
3879692,Italy - Serie A,2015/2016,Chievo,Empoli,1,1,15,14,407,637,0.8460131065000001,1.2114256715000002,2,1,39.0,75,74,75,65,1.5,1.5,75,74,75,65,1.5,1.5,1.5,1.5
3879691,Italy - Serie A,2015/2016,AS Roma,Hellas Verona,1,1,17,10,660,340,1.721784364,1.34974667,2,1,66.0,75,74,75,65,1.5,1.5,75,74,75,65,1.5,1.5,1.5,1.5
3879690,Italy - Serie A,2015/2016,AC Milan,Fiorentina,2,0,4,15,330,669,1.29650121,1.317513559,2,0,33.0,82,81,80,73,2.0,1.1,75,74,75,65,1.5,1.5,1.75,1.3
3879689,Italy - Serie A,2015/2016,Carpi,Sampdoria,2,1,9,12,318,617,1.7782135979999998,1.49999608,3,0,34.0,75,74,75,65,1.5,1.5,75,74,75,65,1.5,1.5,1.5,1.5
3879688,Italy - Serie A,2015/2016,Atalanta,Inter Milan,1,1,19,12,386,520,1.551166701,0.622335893,2,1,42.6,75,74,75,65,1.5,1.5,85,84,83,76,2.2,0.9,1.2,1.85
3879687,Italy - Serie A,2015/2016,Torino,Frosinone,4,2,21,18,432,401,2.3647412654999993,0.7369985563,6,0,51.9,75,74,75,65,1.5,1.5,75,74,75,65,1.5,1.5,1.5,1.5
3879686,Italy - Serie A,2015/2016,Napoli,Sassuolo,3,1,20,10,764,418,1.7452821254,1.2787719190000002,4,0,64.6,83,79,81,74,2.1,1.1,75,74,75,65,1.5,1.5,1.8,1.3
3879685,Italy - Serie A,2015/2016,Atalanta,Genoa,0,2,14,13,542,483,0.5650243293,1.5718869886,2,2,52.9,75,74,75,65,1.5,1.5,75,74,75,65,1.5,1.5,1.5,1.5
3879684,Italy - Serie A,2015/2016,Sampdoria,Juventus,1,2,9,13,513,504,0.827661881,1.210049312,3,2,50.4,75,74,75,65,1.5,1.5,80,82,79,71,1.8,1.0,1.25,1.65
3879683,Italy - Serie A,2015/2016,Hellas Verona,Palermo,0,1,31,9,517,344,2.4177482989999994,1.006023049,1,2,60.0,75,74,75,65,1.5,1.5,75,74,75,65,1.5,1.5,1.5,1.5
3879682,Italy - Serie A,2015/2016,Torino,Empoli,0,1,19,12,464,488,1.7814703184999998,0.9105254490000001,1,2,48.7,75,74,75,65,1.5,1.5,75,74,75,65,1.5,1.5,1.5,1.5
3879681,Italy - Serie A,2015/2016,Inter Milan,Sassuolo,0,1,22,15,527,381,1.834672078,1.7217855535000002,1,2,58.0,85,84,83,76,2.2,0.9,75,74,75,65,1.5,1.5,1.85,1.2
3879680,Italy - Serie A,2015/2016,Bologna,Chievo,0,1,16,8,611,427,1.2950413189999999,0.277293915,1,2,58.9,75,74,75,65,1.5,1.5,75,74,75,65,1.5,1.5,1.5,1.5
3879679,Italy - Serie A,2015/2016,Frosinone,Napoli,1,5,9,24,283,838,0.6453324275,2.497932278,6,2,25.2,75,74,75,65,1.5,1.5,83,79,81,74,2.1,1.1,1.3,1.8
3879678,Italy - Serie A,2015/2016,Carpi,Udinese,2,1,13,10,445,609,1.565443611,0.8372717239999999,3,0,42.2,75,74,75,65,1.5,1.5,75,74,75,65,1.5,1.5,1.5,1.5
3879677,Italy - Serie A,2015/2016,Fiorentina,Lazio,1,3,18,10,647,346,1.014643741,1.5418432229999999,4,2,65.2,75,74,75,65,1.5,1.5,75,74,75,65,1.5,1.5,1.5,1.5
3879676,Italy - Serie A,2015/2016,AS Roma,AC Milan,1,1,11,18,431,540,0.743204778,1.2889180939999998,2,1,44.4,75,74,75,65,1.5,1.5,82,81,80,73,2.0,1.1,1.3,1.75
3879675,Italy - Serie A,2015/2016,Lazio,Carpi,0,0,15,5,629,343,0.6327146450000001,0.173487689,0,1,64.7,75,74,75,65,1.5,1.5,75,74,75,65,1.5,1.5,1.5,1.5
3879674,Italy - Serie A,2015/2016,AC Milan,Bologna,0,1,19,9,591,433,1.932952952,1.7000013619999998,1,2,57.7,82,81,80,73,2.0,1.1,75,74,75,65,1.5,1.5,1.75,1.3
3879673,Italy - Serie A,2015/2016,Udinese,Atalanta,2,1,18,20,347,517,1.968397572,1.2040745503999999,3,0,40.2,75,74,75,65,1.5,1.5,75,74,75,65,1.5,1.5,1.5,1.5
3879672,Italy - Serie A,2015/2016,Chievo,AS Roma,3,3,12,14,487,407,1.7968410004,2.328324548,6,1,54.5,75,74,75,65,1.5,1.5,75,74,75,65,1.5,1.5,1.5,1.5
3879671,Italy - Serie A,2015/2016,Palermo,Fiorentina,1,3,11,11,437,593,0.889196576,1.6038181220000003,4,2,42.4,75,74,75,65,1.5,1.5,75,74,75,65,1.5,1.5,1.5,1.5
3879670,Italy - Serie A,2015/2016,Juventus,Hellas Verona,3,0,15,8,536,499,1.3642900423999997,0.292730892,3,0,51.8,80,82,79,71,1.8,1.0,75,74,75,65,1.5,1.5,1.65,1.25
3879669,Italy - Serie A,2015/2016,Napoli,Torino,2,1,17,9,668,443,0.985819198,1.158538055,3,0,60.1,83,79,81,74,2.1,1.1,75,74,75,65,1.5,1.5,1.8,1.3
3879668,Italy - Serie A,2015/2016,Empoli,Inter Milan,0,1,16,14,533,560,0.551710857,0.9882432898,1,2,48.8,75,74,75,65,1.5,1.5,85,84,83,76,2.2,0.9,1.2,1.85
3879667,Italy - Serie A,2015/2016,Sassuolo,Frosinone,2,2,30,5,700,306,1.8227664678000002,0.1645667724,4,1,69.6,75,74,75,65,1.5,1.5,75,74,75,65,1.5,1.5,1.5,1.5
3879666,Italy - Serie A,2015/2016,Genoa,Sampdoria,2,3,18,11,567,379,2.350315587,1.061029635,5,2,59.9,75,74,75,65,1.5,1.5,75,74,75,65,1.5,1.5,1.5,1.5
3879664,Italy - Serie A,2015/2016,Sampdoria,Palermo,2,0,17,11,551,362,1.677763937,0.5556438219,2,0,60.4,75,74,75,65,1.5,1.5,75,74,75,65,1.5,1.5,1.5,1.5
3879662,Italy - Serie A,2015/2016,Fiorentina,Chievo,2,0,14,7,754,410,0.625816507,0.26453019899999997,2,0,64.8,75,74,75,65,1.5,1.5,75,74,75,65,1.5,1.5,1.5,1.5
3879661,Italy - Serie A,2015/2016,Atalanta,Napoli,1,3,17,14,502,574,1.0439020136000001,3.156378576,4,2,46.7,75,74,75,65,1.5,1.5,83,79,81,74,2.1,1.1,1.3,1.8
3879660,Italy - Serie A,2015/2016,Carpi,Juventus,2,3,11,10,364,680,0.6972377934999999,1.4637531119999998,5,2,34.9,75,74,75,65,1.5,1.5,80,82,79,71,1.8,1.0,1.25,1.65
3879659,Italy - Serie A,2015/2016,Inter Milan,Lazio,1,2,7,7,639,352,0.6627291869999999,1.8256917279999998,3,2,64.5,85,84,83,76,2.2,0.9,75,74,75,65,1.5,1.5,1.85,1.2
3879658,Italy - Serie A,2015/2016,Torino,Udinese,0,1,11,12,431,403,0.583951471,1.327749602,1,2,51.7,75,74,75,65,1.5,1.5,75,74,75,65,1.5,1.5,1.5,1.5
3879657,Italy - Serie A,2015/2016,AS Roma,Genoa,2,0,8,12,545,491,1.6016342799999999,0.7602292449999999,2,0,52.6,75,74,75,65,1.5,1.5,75,74,75,65,1.5,1.5,1.5,1.5
3879656,Italy - Serie A,2015/2016,Bologna,Empoli,2,3,13,17,462,470,1.005051711,1.941619909,5,2,49.6,75,74,75,65,1.5,1.5,75,74,75,65,1.5,1.5,1.5,1.5
3879655,Italy - Serie A,2015/2016,Lazio,Sampdoria,1,1,14,11,582,444,0.7838607430000001,0.6981246950000001,2,1,56.7,75,74,75,65,1.5,1.5,75,74,75,65,1.5,1.5,1.5,1.5
3879654,Italy - Serie A,2015/2016,Chievo,Atalanta,1,0,16,7,506,434,1.3959080696,0.260305605,1,0,53.8,75,74,75,65,1.5,1.5,75,74,75,65,1.5,1.5,1.5,1.5
3879652,Italy - Serie A,2015/2016,AC Milan,Hellas Verona,1,1,17,12,528,437,1.699488318,1.319103639,2,1,54.7,82,81,80,73,2.0,1.1,75,74,75,65,1.5,1.5,1.75,1.3
3879651,Italy - Serie A,2015/2016,Napoli,AS Roma,0,0,12,4,695,460,0.9467809304000001,0.15226534,0,1,60.2,83,79,81,74,2.1,1.1,75,74,75,65,1.5,1.5,1.8,1.3
3879650,Italy - Serie A,2015/2016,Empoli,Carpi,3,0,13,15,740,422,0.9562489262,1.1278812240000002,3,0,63.7,75,74,75,65,1.5,1.5,75,74,75,65,1.5,1.5,1.5,1.5
3879649,Italy - Serie A,2015/2016,Palermo,Frosinone,4,1,21,15,375,397,2.2193530569999997,0.9431634699,5,0,48.6,75,74,75,65,1.5,1.5,75,74,75,65,1.5,1.5,1.5,1.5
3879648,Italy - Serie A,2015/2016,Udinese,Inter Milan,0,4,23,13,562,469,1.5854376879999998,1.0739674813,4,2,54.5,75,74,75,65,1.5,1.5,85,84,83,76,2.2,0.9,1.2,1.85
3879647,Italy - Serie A,2015/2016,Genoa,Bologna,0,1,19,10,568,312,2.1774141113,0.6856379890000001,1,2,64.5,75,74,75,65,1.5,1.5,75,74,75,65,1.5,1.5,1.5,1.5
3879646,Italy - Serie A,2015/2016,Fiorentina,Udinese,3,0,15,8,573,491,2.284390054,1.099516925,3,0,53.9,75,74,75,65,1.5,1.5,75,74,75,65,1.5,1.5,1.5,1.5
3879644,Italy - Serie A,2015/2016,Atalanta,Palermo,3,0,13,17,469,524,1.4714700070000002,0.988414499,3,0,47.2,75,74,75,65,1.5,1.5,75,74,75,65,1.5,1.5,1.5,1.5
3879643,Italy - Serie A,2015/2016,Sampdoria,Sassuolo,1,3,8,17,573,415,0.479067661,2.1734290799999996,4,2,58.0,75,74,75,65,1.5,1.5,75,74,75,65,1.5,1.5,1.5,1.5
3879642,Italy - Serie A,2015/2016,Carpi,AC Milan,0,0,11,20,348,550,0.448769623,1.0069777803,0,1,38.8,75,74,75,65,1.5,1.5,82,81,80,73,2.0,1.1,1.3,1.75
3879641,Italy - Serie A,2015/2016,Hellas Verona,Empoli,0,1,19,11,595,429,1.4439650386000003,0.904073816,1,2,58.1,75,74,75,65,1.5,1.5,75,74,75,65,1.5,1.5,1.5,1.5
3879640,Italy - Serie A,2015/2016,Frosinone,Chievo,0,2,14,10,387,395,0.8488754266,1.112014694,2,2,49.5,75,74,75,65,1.5,1.5,75,74,75,65,1.5,1.5,1.5,1.5
3879639,Italy - Serie A,2015/2016,Torino,AS Roma,1,1,11,5,380,577,1.5849506533,0.43888843099999997,2,1,39.7,75,74,75,65,1.5,1.5,75,74,75,65,1.5,1.5,1.5,1.5
3879638,Italy - Serie A,2015/2016,Inter Milan,Genoa,1,0,14,4,654,394,1.09375896,0.110593055,1,0,62.4,85,84,83,76,2.2,0.9,75,74,75,65,1.5,1.5,1.85,1.2
3879637,Italy - Serie A,2015/2016,Lazio,Juventus,0,2,11,7,650,391,0.4282353833,0.23399884499999998,2,2,62.4,75,74,75,65,1.5,1.5,80,82,79,71,1.8,1.0,1.25,1.65
3879635,Italy - Serie A,2015/2016,Napoli,Inter Milan,2,1,12,12,789,488,0.9915561209999999,0.7805900889999999,3,0,61.8,83,79,81,74,2.1,1.1,85,84,83,76,2.2,0.9,1.5,1.65
3879634,Italy - Serie A,2015/2016,Genoa,Carpi,1,2,10,14,454,440,0.5424392385,1.4132414089999998,3,2,50.8,75,74,75,65,1.5,1.5,75,74,75,65,1.5,1.5,1.5,1.5
3879633,Italy - Serie A,2015/2016,Empoli,Lazio,1,0,5,16,345,570,0.278291918,0.9356866046,1,0,37.7,75,74,75,65,1.5,1.5,75,74,75,65,1.5,1.5,1.5,1.5
3879631,Italy - Serie A,2015/2016,Chievo,Udinese,2,3,13,16,432,470,1.699427845,1.8016877655,5,2,47.9,75,74,75,65,1.5,1.5,75,74,75,65,1.5,1.5,1.5,1.5
3879630,Italy - Serie A,2015/2016,Palermo,Juventus,0,3,12,17,444,643,0.500208158,1.562390279,3,2,40.8,75,74,75,65,1.5,1.5,80,82,79,71,1.8,1.0,1.25,1.65
3879629,Italy - Serie A,2015/2016,Frosinone,Hellas Verona,3,2,16,16,439,377,2.1048856688,0.834807122,5,0,53.8,75,74,75,65,1.5,1.5,75,74,75,65,1.5,1.5,1.5,1.5
3879619,Italy - Serie A,2015/2016,Genoa,Sassuolo,2,1,14,10,424,506,0.7778794929999999,0.785522083,3,0,45.6,75,74,75,65,1.5,1.5,75,74,75,65,1.5,1.5,1.5,1.5
3879618,Italy - Serie A,2015/2016,Juventus,AC Milan,1,0,17,9,536,435,1.1030958437,0.5657809960000001,1,0,55.2,80,82,79,71,1.8,1.0,82,81,80,73,2.0,1.1,1.45,1.5
3879617,Italy - Serie A,2015/2016,Bologna,AS Roma,2,2,9,14,354,374,1.463364265,2.404475307,4,1,48.6,75,74,75,65,1.5,1.5,75,74,75,65,1.5,1.5,1.5,1.5
3879616,Italy - Serie A,2015/2016,Sampdoria,Fiorentina,0,2,3,20,500,643,0.30498653800000003,2.5856641920000003,2,2,43.7,75,74,75,65,1.5,1.5,75,74,75,65,1.5,1.5,1.5,1.5
3879615,Italy - Serie A,2015/2016,Sassuolo,Carpi,1,0,9,7,566,409,0.821451701,0.21109852699999998,1,0,58.1,75,74,75,65,1.5,1.5,75,74,75,65,1.5,1.5,1.5,1.5
3879614,Italy - Serie A,2015/2016,Torino,Inter Milan,0,1,16,7,511,535,1.4779424424999998,0.7139422410000001,1,2,48.9,75,74,75,65,1.5,1.5,85,84,83,76,2.2,0.9,1.2,1.85
3879613,Italy - Serie A,2015/2016,Empoli,Juventus,1,3,12,11,489,567,0.49020664900000005,1.9832578805,4,2,46.3,75,74,75,65,1.5,1.5,80,82,79,71,1.8,1.0,1.25,1.65
3879612,Italy - Serie A,2015/2016,Frosinone,Genoa,2,2,18,10,380,400,1.1451494884999998,1.4848248819999998,4,1,48.7,75,74,75,65,1.5,1.5,75,74,75,65,1.5,1.5,1.5,1.5
3879611,Italy - Serie A,2015/2016,Palermo,Chievo,1,0,14,13,467,423,0.9542080388999999,1.351311471,1,0,52.5,75,74,75,65,1.5,1.5,75,74,75,65,1.5,1.5,1.5,1.5
3879610,Italy - Serie A,2015/2016,AS Roma,Lazio,2,0,14,7,388,478,2.6235125396999996,1.085694811,2,0,44.8,75,74,75,65,1.5,1.5,75,74,75,65,1.5,1.5,1.5,1.5
3879608,Italy - Serie A,2015/2016,Hellas Verona,Bologna,0,2,11,11,577,430,0.364301245,0.7501501099999999,2,2,57.3,75,74,75,65,1.5,1.5,75,74,75,65,1.5,1.5,1.5,1.5
3879607,Italy - Serie A,2015/2016,AC Milan,Atalanta,0,0,9,16,391,535,0.433733465,1.2532948080000001,0,1,42.2,82,81,80,73,2.0,1.1,75,74,75,65,1.5,1.5,1.75,1.3
3879606,Italy - Serie A,2015/2016,Chievo,Sampdoria,1,1,15,10,521,504,1.1778990733999999,1.0741109660000001,2,1,50.8,75,74,75,65,1.5,1.5,75,74,75,65,1.5,1.5,1.5,1.5
3879605,Italy - Serie A,2015/2016,Palermo,Empoli,0,1,15,14,475,490,0.8635525284000002,0.9488455558,1,2,49.2,75,74,75,65,1.5,1.5,75,74,75,65,1.5,1.5,1.5,1.5
3879604,Italy - Serie A,2015/2016,Genoa,Napoli,0,0,9,17,373,555,0.529378031,1.0685962100000002,0,1,40.2,75,74,75,65,1.5,1.5,83,79,81,74,2.1,1.1,1.3,1.8
3879603,Italy - Serie A,2015/2016,Udinese,Sassuolo,0,0,14,6,467,448,1.1495812226,0.277393181,0,1,51.0,75,74,75,65,1.5,1.5,75,74,75,65,1.5,1.5,1.5,1.5
3879602,Italy - Serie A,2015/2016,Fiorentina,Frosinone,4,1,31,6,840,320,2.562213501,0.432319022,5,0,72.4,75,74,75,65,1.5,1.5,75,74,75,65,1.5,1.5,1.5,1.5
3879601,Italy - Serie A,2015/2016,Bologna,Atalanta,3,0,10,11,438,508,1.448586621,1.2409700449999999,3,0,46.3,75,74,75,65,1.5,1.5,75,74,75,65,1.5,1.5,1.5,1.5
3879600,Italy - Serie A,2015/2016,Carpi,Hellas Verona,0,0,11,11,341,518,0.984996469,0.6309234870000001,0,1,39.7,75,74,75,65,1.5,1.5,75,74,75,65,1.5,1.5,1.5,1.5
3879599,Italy - Serie A,2015/2016,Lazio,AC Milan,1,3,10,9,555,344,0.5356857676,1.8822977497,4,2,61.7,75,74,75,65,1.5,1.5,82,81,80,73,2.0,1.1,1.3,1.75
3879598,Italy - Serie A,2015/2016,Inter Milan,AS Roma,1,0,11,19,405,592,0.5909249148000001,1.952258922,1,0,40.6,85,84,83,76,2.2,0.9,75,74,75,65,1.5,1.5,1.85,1.2
3879597,Italy - Serie A,2015/2016,Juventus,Torino,2,1,17,10,598,397,2.215279056,0.6592051714,3,0,60.1,80,82,79,71,1.8,1.0,75,74,75,65,1.5,1.5,1.65,1.25
3879596,Italy - Serie A,2015/2016,Sampdoria,Empoli,1,1,14,17,501,561,0.8980838379999999,0.7139185827000001,2,1,47.2,75,74,75,65,1.5,1.5,75,74,75,65,1.5,1.5,1.5,1.5
3879595,Italy - Serie A,2015/2016,Hellas Verona,Fiorentina,0,2,2,9,447,704,0.097625129,1.7090103600000002,2,2,38.8,75,74,75,65,1.5,1.5,75,74,75,65,1.5,1.5,1.5,1.5
3879594,Italy - Serie A,2015/2016,AC Milan,Chievo,1,0,24,4,548,483,1.4965068925,0.216930767,1,0,53.2,82,81,80,73,2.0,1.1,75,74,75,65,1.5,1.5,1.75,1.3
3879593,Italy - Serie A,2015/2016,Napoli,Palermo,2,0,24,8,847,429,1.330599398,0.430919461,2,0,66.4,83,79,81,74,2.1,1.1,75,74,75,65,1.5,1.5,1.8,1.3
3879592,Italy - Serie A,2015/2016,AS Roma,Udinese,3,1,19,7,630,374,1.4971693925,0.6045081633999999,4,0,62.7,75,74,75,65,1.5,1.5,75,74,75,65,1.5,1.5,1.5,1.5
3879591,Italy - Serie A,2015/2016,Sassuolo,Juventus,1,0,7,14,363,582,0.24639922600000003,0.5275933740000001,1,0,38.4,75,74,75,65,1.5,1.5,80,82,79,71,1.8,1.0,1.25,1.65
3879590,Italy - Serie A,2015/2016,Torino,Genoa,3,3,16,10,426,486,1.616754361,1.3682844952000002,6,1,46.7,75,74,75,65,1.5,1.5,75,74,75,65,1.5,1.5,1.5,1.5
3879589,Italy - Serie A,2015/2016,Frosinone,Carpi,2,1,8,12,374,362,0.8194264254999999,0.7956966569999999,3,0,50.8,75,74,75,65,1.5,1.5,75,74,75,65,1.5,1.5,1.5,1.5
3879588,Italy - Serie A,2015/2016,Atalanta,Lazio,2,1,8,7,429,512,0.866906035,0.285601891,3,0,45.6,75,74,75,65,1.5,1.5,75,74,75,65,1.5,1.5,1.5,1.5
3879586,Italy - Serie A,2015/2016,Sampdoria,Hellas Verona,4,1,10,11,445,547,2.1237158016,0.8567639180000001,5,0,44.9,75,74,75,65,1.5,1.5,75,74,75,65,1.5,1.5,1.5,1.5
3879584,Italy - Serie A,2015/2016,Udinese,Frosinone,1,0,19,12,506,466,2.04514656,0.5073643995,1,0,52.1,75,74,75,65,1.5,1.5,75,74,75,65,1.5,1.5,1.5,1.5
3879583,Italy - Serie A,2015/2016,Fiorentina,AS Roma,1,2,22,6,737,313,1.571951432,1.130541658,3,2,70.2,75,74,75,65,1.5,1.5,75,74,75,65,1.5,1.5,1.5,1.5
3879581,Italy - Serie A,2015/2016,Chievo,Napoli,0,1,7,18,392,757,0.6305993489999999,1.4326556839999998,1,2,34.1,75,74,75,65,1.5,1.5,83,79,81,74,2.1,1.1,1.3,1.8
3879580,Italy - Serie A,2015/2016,Juventus,Atalanta,2,0,19,6,742,344,2.607958536,0.18823411799999998,2,0,68.3,80,82,79,71,1.8,1.0,75,74,75,65,1.5,1.5,1.65,1.25
3879578,Italy - Serie A,2015/2016,Carpi,Bologna,1,2,8,14,408,615,0.684851392,1.9710119241000001,3,2,39.9,75,74,75,65,1.5,1.5,75,74,75,65,1.5,1.5,1.5,1.5
3879577,Italy - Serie A,2015/2016,Empoli,Genoa,2,0,16,14,445,485,1.794588235,0.6065515826,2,0,47.8,75,74,75,65,1.5,1.5,75,74,75,65,1.5,1.5,1.5,1.5
3879576,Italy - Serie A,2015/2016,Frosinone,Sampdoria,2,0,14,20,322,532,0.9150329810000001,1.412723143,2,0,37.7,75,74,75,65,1.5,1.5,75,74,75,65,1.5,1.5,1.5,1.5
3879575,Italy - Serie A,2015/2016,Hellas Verona,Udinese,1,1,10,15,505,570,1.193172722,0.6194436729999999,2,1,47.0,75,74,75,65,1.5,1.5,75,74,75,65,1.5,1.5,1.5,1.5
3879574,Italy - Serie A,2015/2016,Inter Milan,Juventus,0,0,8,15,461,516,0.278946865,0.991363327,0,1,47.2,85,84,83,76,2.2,0.9,80,82,79,71,1.8,1.0,1.6,1.35
3879573,Italy - Serie A,2015/2016,Sassuolo,Lazio,2,1,16,12,413,531,1.945959245,0.9450513279999999,3,0,43.8,75,74,75,65,1.5,1.5,75,74,75,65,1.5,1.5,1.5,1.5
3879572,Italy - Serie A,2015/2016,Napoli,Fiorentina,2,1,13,10,522,542,1.334288718,0.716623444,3,0,49.1,83,79,81,74,2.1,1.1,75,74,75,65,1.5,1.5,1.8,1.3
3879571,Italy - Serie A,2015/2016,Atalanta,Carpi,3,0,14,13,565,428,1.9071292106,0.8953166966000001,3,0,56.9,75,74,75,65,1.5,1.5,75,74,75,65,1.5,1.5,1.5,1.5
3879570,Italy - Serie A,2015/2016,Genoa,Chievo,3,2,13,22,407,503,1.0655055715000001,1.9065905352999997,5,0,44.7,75,74,75,65,1.5,1.5,75,74,75,65,1.5,1.5,1.5,1.5
3879569,Italy - Serie A,2015/2016,Bologna,Palermo,0,1,17,11,563,449,1.635734977,1.6426784735,1,2,55.6,75,74,75,65,1.5,1.5,75,74,75,65,1.5,1.5,1.5,1.5
3879568,Italy - Serie A,2015/2016,Torino,AC Milan,1,1,6,10,416,502,0.623786524,1.1247578,2,1,45.3,75,74,75,65,1.5,1.5,82,81,80,73,2.0,1.1,1.3,1.75
3879565,Italy - Serie A,2015/2016,Sampdoria,Inter Milan,1,1,15,18,334,632,2.6733058319999996,1.8730637518,2,1,34.6,75,74,75,65,1.5,1.5,85,84,83,76,2.2,0.9,1.2,1.85
3879563,Italy - Serie A,2015/2016,Empoli,Sassuolo,1,0,19,7,483,406,0.9623020555999999,0.44076139799999997,1,0,54.3,75,74,75,65,1.5,1.5,75,74,75,65,1.5,1.5,1.5,1.5
3879561,Italy - Serie A,2015/2016,Fiorentina,Atalanta,3,0,29,5,678,346,2.7289802109999997,0.6326160590000001,3,0,66.2,75,74,75,65,1.5,1.5,75,74,75,65,1.5,1.5,1.5,1.5
3879560,Italy - Serie A,2015/2016,Lazio,Frosinone,2,0,28,13,539,287,2.4868920979999998,0.64017008,2,0,65.3,75,74,75,65,1.5,1.5,75,74,75,65,1.5,1.5,1.5,1.5
3879559,Italy - Serie A,2015/2016,Juventus,Bologna,3,1,20,2,716,385,2.2614009229999996,0.230311787,4,0,65.0,80,82,79,71,1.8,1.0,75,74,75,65,1.5,1.5,1.65,1.25
3879558,Italy - Serie A,2015/2016,Carpi,Torino,2,1,7,15,398,538,0.348834834,1.3941754986,3,0,42.5,75,74,75,65,1.5,1.5,75,74,75,65,1.5,1.5,1.5,1.5
3879557,Italy - Serie A,2015/2016,Chievo,Hellas Verona,1,1,17,10,488,439,1.51853761,1.321899673,2,1,52.6,75,74,75,65,1.5,1.5,75,74,75,65,1.5,1.5,1.5,1.5
3879555,Italy - Serie A,2015/2016,Atalanta,Sampdoria,2,1,21,10,420,429,2.0281716760000004,0.748717205,3,0,49.5,75,74,75,65,1.5,1.5,75,74,75,65,1.5,1.5,1.5,1.5
3879554,Italy - Serie A,2015/2016,Torino,Palermo,2,1,10,11,484,491,0.7191603759999999,0.622644757,3,0,49.6,75,74,75,65,1.5,1.5,75,74,75,65,1.5,1.5,1.5,1.5
3879553,Italy - Serie A,2015/2016,Sassuolo,Chievo,1,1,15,13,498,434,1.19486893,0.6515296705,2,1,53.4,75,74,75,65,1.5,1.5,75,74,75,65,1.5,1.5,1.5,1.5
3879552,Italy - Serie A,2015/2016,Bologna,Udinese,1,2,12,12,526,468,1.2505577260000003,1.6774646389999999,3,2,52.9,75,74,75,65,1.5,1.5,75,74,75,65,1.5,1.5,1.5,1.5
3879551,Italy - Serie A,2015/2016,Hellas Verona,Lazio,1,2,6,13,330,555,0.752961422,2.119059275,3,2,37.3,75,74,75,65,1.5,1.5,75,74,75,65,1.5,1.5,1.5,1.5
3879550,Italy - Serie A,2015/2016,Inter Milan,Fiorentina,1,4,5,13,388,808,1.032833784,3.0624545610000005,5,2,32.4,85,84,83,76,2.2,0.9,75,74,75,65,1.5,1.5,1.85,1.2
3879549,Italy - Serie A,2015/2016,Genoa,AC Milan,1,0,11,12,432,386,0.90294614,0.871960514,1,0,52.8,75,74,75,65,1.5,1.5,82,81,80,73,2.0,1.1,1.3,1.75
3879548,Italy - Serie A,2015/2016,Napoli,Juventus,2,1,14,12,575,494,0.7033463873000001,1.13202418,3,0,53.8,83,79,81,74,2.1,1.1,80,82,79,71,1.8,1.0,1.55,1.45
3879547,Italy - Serie A,2015/2016,AS Roma,Carpi,5,1,17,13,729,347,3.3696045194999997,2.1567073124999996,6,0,67.8,75,74,75,65,1.5,1.5,75,74,75,65,1.5,1.5,1.5,1.5
3879546,Italy - Serie A,2015/2016,Empoli,Atalanta,0,1,10,13,535,536,0.4174200541,0.4005190448,1,2,50.0,75,74,75,65,1.5,1.5,75,74,75,65,1.5,1.5,1.5,1.5
3879545,Italy - Serie A,2015/2016,Sampdoria,AS Roma,2,1,6,25,303,582,0.20926948400000003,1.745954707,3,0,34.2,75,74,75,65,1.5,1.5,75,74,75,65,1.5,1.5,1.5,1.5
3879544,Italy - Serie A,2015/2016,Palermo,Sassuolo,0,1,9,14,495,515,0.5067208540000001,0.848819157,1,2,49.0,75,74,75,65,1.5,1.5,75,74,75,65,1.5,1.5,1.5,1.5
3879543,Italy - Serie A,2015/2016,Juventus,Frosinone,1,1,36,10,665,306,1.9620840863,0.5380193249999999,2,1,68.5,80,82,79,71,1.8,1.0,75,74,75,65,1.5,1.5,1.65,1.25
3879542,Italy - Serie A,2015/2016,Inter Milan,Hellas Verona,1,0,17,8,589,369,0.740094676,0.4284266635,1,0,61.5,85,84,83,76,2.2,0.9,75,74,75,65,1.5,1.5,1.85,1.2
3879541,Italy - Serie A,2015/2016,Fiorentina,Bologna,2,0,19,3,750,329,1.7034143292,0.253240666,2,0,69.5,75,74,75,65,1.5,1.5,75,74,75,65,1.5,1.5,1.5,1.5
3879540,Italy - Serie A,2015/2016,Chievo,Torino,1,0,10,5,443,580,0.591519201,0.24703160700000004,1,0,43.3,75,74,75,65,1.5,1.5,75,74,75,65,1.5,1.5,1.5,1.5
3879539,Italy - Serie A,2015/2016,Carpi,Napoli,0,0,11,21,301,763,0.38226929150000005,1.5823169263,0,1,28.3,75,74,75,65,1.5,1.5,83,79,81,74,2.1,1.1,1.3,1.8
3879538,Italy - Serie A,2015/2016,Lazio,Genoa,2,0,11,10,509,378,0.810777683,0.294858022,2,0,57.4,75,74,75,65,1.5,1.5,75,74,75,65,1.5,1.5,1.5,1.5
3879537,Italy - Serie A,2015/2016,Udinese,AC Milan,2,3,13,9,414,459,1.4147346074999998,0.4840935022999999,5,2,47.4,75,74,75,65,1.5,1.5,82,81,80,73,2.0,1.1,1.3,1.75
3878609,Italy - Serie A,2015/2016,Genoa,Juventus,0,2,7,13,504,491,0.525198131,2.124076364,2,2,50.7,75,74,75,65,1.5,1.5,80,82,79,71,1.8,1.0,1.25,1.65
3878604,Italy - Serie A,2015/2016,Napoli,Lazio,5,0,19,9,710,411,2.3984684040000004,0.8105154250000001,5,0,63.3,83,79,81,74,2.1,1.1,75,74,75,65,1.5,1.5,1.8,1.3
3878603,Italy - Serie A,2015/2016,Udinese,Empoli,1,2,8,12,388,550,0.831688953,0.6570083499,3,2,41.4,75,74,75,65,1.5,1.5,75,74,75,65,1.5,1.5,1.5,1.5
3878602,Italy - Serie A,2015/2016,AC Milan,Palermo,3,2,18,13,524,425,1.0198056797,1.1645110714999998,5,0,55.2,82,81,80,73,2.0,1.1,75,74,75,65,1.5,1.5,1.75,1.3
3878601,Italy - Serie A,2015/2016,Sampdoria,Bologna,2,0,12,9,583,463,1.50670618,0.357193621,2,0,55.7,75,74,75,65,1.5,1.5,75,74,75,65,1.5,1.5,1.5,1.5
3878600,Italy - Serie A,2015/2016,Inter Milan,AC Milan,1,0,16,20,396,397,1.1847992779999998,1.0675489585000002,1,0,49.9,85,84,83,76,2.2,0.9,82,81,80,73,2.0,1.1,1.65,1.45
3878599,Italy - Serie A,2015/2016,Sassuolo,Atalanta,2,2,10,9,552,354,1.389636943,1.2017635145,4,1,60.9,75,74,75,65,1.5,1.5,75,74,75,65,1.5,1.5,1.5,1.5
3878598,Italy - Serie A,2015/2016,Palermo,Carpi,2,2,13,9,552,302,1.1580531770000002,0.5267099617,4,1,64.6,75,74,75,65,1.5,1.5,75,74,75,65,1.5,1.5,1.5,1.5
3878597,Italy - Serie A,2015/2016,Empoli,Napoli,2,2,16,18,464,657,1.2064192143999999,1.1189044942000002,4,1,41.4,75,74,75,65,1.5,1.5,83,79,81,74,2.1,1.1,1.3,1.8
3878596,Italy - Serie A,2015/2016,Hellas Verona,Torino,2,2,12,10,466,439,1.692235657,1.5073754995,4,1,51.5,75,74,75,65,1.5,1.5,75,74,75,65,1.5,1.5,1.5,1.5
3878595,Italy - Serie A,2015/2016,Lazio,Udinese,2,0,15,11,557,391,0.807004947,0.8202028453000001,2,0,58.8,75,74,75,65,1.5,1.5,75,74,75,65,1.5,1.5,1.5,1.5
3878594,Italy - Serie A,2015/2016,Juventus,Chievo,1,1,26,6,650,300,2.759170922,0.396226994,2,1,68.4,80,82,79,71,1.8,1.0,75,74,75,65,1.5,1.5,1.65,1.25
3878593,Italy - Serie A,2015/2016,Frosinone,AS Roma,0,2,19,20,341,451,0.5584858709,1.5379258649999998,2,2,43.1,75,74,75,65,1.5,1.5,75,74,75,65,1.5,1.5,1.5,1.5
3878592,Italy - Serie A,2015/2016,Fiorentina,Genoa,1,0,11,13,447,509,0.8880353369999999,1.106351606,1,0,46.8,75,74,75,65,1.5,1.5,75,74,75,65,1.5,1.5,1.5,1.5
3878558,Italy - Serie A,2015/2016,Napoli,Sampdoria,2,2,27,10,690,481,1.8603352603999999,1.218112926,4,1,58.9,83,79,81,74,2.1,1.1,75,74,75,65,1.5,1.5,1.8,1.3
3878557,Italy - Serie A,2015/2016,Udinese,Palermo,0,1,25,5,585,367,2.0355785508,0.33446824070000003,1,2,61.4,75,74,75,65,1.5,1.5,75,74,75,65,1.5,1.5,1.5,1.5
3878556,Italy - Serie A,2015/2016,Torino,Fiorentina,3,1,10,8,325,670,0.616552393,0.638204108,4,0,32.7,75,74,75,65,1.5,1.5,75,74,75,65,1.5,1.5,1.5,1.5
3878555,Italy - Serie A,2015/2016,AS Roma,Juventus,2,1,18,10,614,372,1.2035307047000001,1.0248959504000001,3,0,62.3,75,74,75,65,1.5,1.5,80,82,79,71,1.8,1.0,1.25,1.65
3878554,Italy - Serie A,2015/2016,Genoa,Hellas Verona,2,0,20,12,540,321,1.634580637,0.6237156919999999,2,0,62.7,75,74,75,65,1.5,1.5,75,74,75,65,1.5,1.5,1.5,1.5
3878553,Italy - Serie A,2015/2016,Chievo,Lazio,4,0,9,14,439,620,2.099898285,0.6833568823999999,4,0,41.5,75,74,75,65,1.5,1.5,75,74,75,65,1.5,1.5,1.5,1.5
3878552,Italy - Serie A,2015/2016,Carpi,Inter Milan,1,2,11,12,311,689,0.820244156,2.7700166100000003,3,2,31.1,75,74,75,65,1.5,1.5,85,84,83,76,2.2,0.9,1.2,1.85
3878551,Italy - Serie A,2015/2016,AC Milan,Empoli,2,1,6,19,498,493,0.817293944,0.9839713884999999,3,0,50.3,82,81,80,73,2.0,1.1,75,74,75,65,1.5,1.5,1.75,1.3
3878550,Italy - Serie A,2015/2016,Bologna,Sassuolo,0,1,7,9,452,508,0.15636794199999998,0.6436905923,1,2,47.1,75,74,75,65,1.5,1.5,75,74,75,65,1.5,1.5,1.5,1.5
3878549,Italy - Serie A,2015/2016,Empoli,Chievo,1,3,16,12,550,425,0.6787188347,1.0158771739999999,4,2,56.4,75,74,75,65,1.5,1.5,75,74,75,65,1.5,1.5,1.5,1.5
3878548,Italy - Serie A,2015/2016,Juventus,Udinese,0,1,21,7,607,332,1.9691224250000001,0.49273483539999996,1,2,64.6,80,82,79,71,1.8,1.0,75,74,75,65,1.5,1.5,1.65,1.25
3878547,Italy - Serie A,2015/2016,Frosinone,Torino,1,2,13,26,383,434,0.7372795524000001,2.1628989489,3,2,46.9,75,74,75,65,1.5,1.5,75,74,75,65,1.5,1.5,1.5,1.5
3878546,Italy - Serie A,2015/2016,Sassuolo,Napoli,2,1,17,15,420,549,1.995029946,0.988511029,3,0,43.3,75,74,75,65,1.5,1.5,83,79,81,74,2.1,1.1,1.3,1.8
3878545,Italy - Serie A,2015/2016,Sampdoria,Carpi,5,2,10,25,563,391,1.3865565229999999,3.078408607,7,0,59.0,75,74,75,65,1.5,1.5,75,74,75,65,1.5,1.5,1.5,1.5
3878544,Italy - Serie A,2015/2016,Palermo,Genoa,1,0,19,10,420,531,1.2164086170000001,0.6211643255000001,1,0,44.2,75,74,75,65,1.5,1.5,75,74,75,65,1.5,1.5,1.5,1.5
3878543,Italy - Serie A,2015/2016,Inter Milan,Atalanta,1,0,22,5,657,313,0.9489137850000001,0.21524507199999998,1,0,67.7,85,84,83,76,2.2,0.9,75,74,75,65,1.5,1.5,1.85,1.2
3878542,Italy - Serie A,2015/2016,Fiorentina,AC Milan,2,0,14,9,560,414,1.9535901820999997,0.491017547,2,0,57.5,75,74,75,65,1.5,1.5,82,81,80,73,2.0,1.1,1.3,1.75
3878541,Italy - Serie A,2015/2016,Hellas Verona,AS Roma,1,1,12,21,300,591,1.00529136,1.1142521330000001,2,1,33.7,75,74,75,65,1.5,1.5,75,74,75,65,1.5,1.5,1.5,1.5
3878540,Italy - Serie A,2015/2016,Lazio,Bologna,2,1,22,9,615,455,1.2392269053999998,0.615306574,3,0,57.5,75,74,75,65,1.5,1.5,75,74,75,65,1.5,1.5,1.5,1.5
3889182,Italy - Serie A,1986/1987,Juventus,Napoli,1,3,14,21,418,338,1.5505572840000001,1.8728948557,4,2,55.3,80,82,79,71,1.8,1.0,83,79,81,74,2.1,1.1,1.45,1.55
3942819,Europe - UEFA Euro,2024,Netherlands,England,1,2,7,9,444,621,0.41217220900000007,1.253276541,3,2,41.7,75,74,75,65,1.5,1.5,82,80,81,75,2.0,1.0,1.25,1.75
3943043,Europe - UEFA Euro,2024,Spain,England,2,1,16,9,593,324,1.791713124,0.7263776969999999,3,0,64.7,84,83,86,77,2.0,0.8,82,80,81,75,2.0,1.0,1.5,1.4
3942752,Europe - UEFA Euro,2024,Spain,France,2,1,6,9,542,393,0.43120111400000005,0.850764694,3,0,58.0,84,83,86,77,2.0,0.8,88,85,84,81,2.3,0.8,1.4,1.55
3942382,Europe - UEFA Euro,2024,Netherlands,Turkey,2,1,11,15,569,396,0.7189291150000001,1.182432874,3,0,59.0,75,74,75,65,1.5,1.5,75,74,75,65,1.5,1.5,1.5,1.5
3942349,Europe - UEFA Euro,2024,Portugal,France,0,0,19,25,927,625,4.542798661,4.984905566,0,1,59.7,75,74,75,65,1.5,1.5,88,85,84,81,2.3,0.8,1.15,1.9
3930180,Europe - UEFA Euro,2024,Netherlands,Austria,2,3,11,9,490,424,1.5102086190000001,1.0578987149999999,5,2,53.6,75,74,75,65,1.5,1.5,75,74,75,65,1.5,1.5,1.5,1.5
3930171,Europe - UEFA Euro,2024,Denmark,England,1,1,16,12,587,577,0.733329403,1.1727052949999999,2,1,50.4,75,74,75,65,1.5,1.5,82,80,81,75,2.0,1.0,1.25,1.75
3942227,Europe - UEFA Euro,2024,England,Switzerland,1,1,18,16,738,673,4.454541235,4.335406498999999,2,1,52.3,82,80,81,75,2.0,1.0,75,74,75,65,1.5,1.5,1.75,1.25
3942226,Europe - UEFA Euro,2024,Spain,Germany,2,1,19,23,606,655,1.5340542240000001,1.6290745859999998,3,0,48.1,84,83,86,77,2.0,0.8,83,79,82,74,2.1,1.1,1.55,1.45
3938645,Europe - UEFA Euro,2024,Ukraine,Belgium,0,0,14,12,404,600,0.7091700303,0.633984568,0,1,40.2,75,74,75,65,1.5,1.5,75,74,75,65,1.5,1.5,1.5,1.5
3930184,Europe - UEFA Euro,2024,Czech Republic,Turkey,1,2,12,18,266,543,1.4103225653999998,1.2175436875,3,2,32.9,75,74,75,65,1.5,1.5,75,74,75,65,1.5,1.5,1.5,1.5
3941022,Europe - UEFA Euro,2024,Austria,Turkey,1,2,21,6,628,427,2.4878982080000003,0.8825083735,3,2,59.5,75,74,75,65,1.5,1.5,75,74,75,65,1.5,1.5,1.5,1.5
3941021,Europe - UEFA Euro,2024,Romania,Netherlands,0,3,5,24,318,559,0.267701091,2.6262365,3,2,36.3,75,74,75,65,1.5,1.5,75,74,75,65,1.5,1.5,1.5,1.5
3941020,Europe - UEFA Euro,2024,Portugal,Slovenia,0,0,23,13,842,349,4.071676876000001,3.066036338,0,1,70.7,75,74,75,65,1.5,1.5,75,74,75,65,1.5,1.5,1.5,1.5
3941019,Europe - UEFA Euro,2024,France,Belgium,1,0,19,5,647,522,1.262011896,0.363213926,1,0,55.3,88,85,84,81,2.3,0.8,75,74,75,65,1.5,1.5,1.9,1.15
3941018,Europe - UEFA Euro,2024,Spain,Georgia,4,1,35,4,850,285,2.7647263759999996,0.113077642,5,0,74.9,84,83,86,77,2.0,0.8,75,74,75,65,1.5,1.5,1.75,1.15
3941017,Europe - UEFA Euro,2024,England,Slovakia,2,1,16,13,872,514,1.586740501,1.547847124,3,0,62.9,82,80,81,75,2.0,1.0,75,74,75,65,1.5,1.5,1.75,1.25
3930182,Europe - UEFA Euro,2024,Denmark,Serbia,0,0,10,5,599,534,0.551532424,0.324442442,0,1,52.9,75,74,75,65,1.5,1.5,75,74,75,65,1.5,1.5,1.5,1.5
3930179,Europe - UEFA Euro,2024,Albania,Spain,0,1,10,16,432,630,0.50315428,0.9517126250000001,1,2,40.7,75,74,75,65,1.5,1.5,84,83,86,77,2.0,0.8,1.15,1.75
3940983,Europe - UEFA Euro,2024,Germany,Denmark,2,0,15,10,575,475,2.2266212784,1.073495348,2,0,54.8,83,79,82,74,2.1,1.1,75,74,75,65,1.5,1.5,1.8,1.3
3940878,Europe - UEFA Euro,2024,Switzerland,Italy,2,0,16,11,562,563,0.782356756,0.7256579150000001,2,0,50.0,75,74,75,65,1.5,1.5,75,74,75,65,1.5,1.5,1.5,1.5
3930177,Europe - UEFA Euro,2024,Scotland,Hungary,0,1,4,14,539,405,0.183535254,1.0010130929999999,1,2,57.1,75,74,75,65,1.5,1.5,75,74,75,65,1.5,1.5,1.5,1.5
3930173,Europe - UEFA Euro,2024,Netherlands,France,0,0,9,15,424,697,0.7381833019999999,1.2184023685000003,0,1,37.8,75,74,75,65,1.5,1.5,88,85,84,81,2.3,0.8,1.15,1.9
3930172,Europe - UEFA Euro,2024,Spain,Italy,1,0,20,4,624,477,1.5338804222000002,0.143399362,1,0,56.7,84,83,86,77,2.0,0.8,75,74,75,65,1.5,1.5,1.75,1.15
3930167,Europe - UEFA Euro,2024,Croatia,Albania,2,2,21,14,683,340,1.8585999319999997,1.325860005,4,1,66.8,75,74,75,65,1.5,1.5,75,74,75,65,1.5,1.5,1.5,1.5
3930168,Europe - UEFA Euro,2024,Germany,Hungary,2,0,19,11,758,337,1.483692844,1.228033313,2,0,69.2,83,79,82,74,2.1,1.1,75,74,75,65,1.5,1.5,1.8,1.3
3930165,Europe - UEFA Euro,2024,Austria,France,0,1,5,14,529,499,0.748317325,1.904531775,1,2,51.5,75,74,75,65,1.5,1.5,88,85,84,81,2.3,0.8,1.15,1.9
3930164,Europe - UEFA Euro,2024,Belgium,Slovakia,0,1,16,10,601,399,1.735112211,0.6871612934,1,2,60.1,75,74,75,65,1.5,1.5,75,74,75,65,1.5,1.5,1.5,1.5
3930161,Europe - UEFA Euro,2024,Italy,Albania,2,1,17,8,855,406,1.449796653,0.354596554,3,0,67.8,75,74,75,65,1.5,1.5,75,74,75,65,1.5,1.5,1.5,1.5
3938637,Europe - UEFA Euro,2024,Poland,Netherlands,1,2,12,21,323,631,0.9091575622999999,1.312755115,3,2,33.9,75,74,75,65,1.5,1.5,75,74,75,65,1.5,1.5,1.5,1.5
3938640,Europe - UEFA Euro,2024,Slovakia,Ukraine,1,2,14,13,598,455,0.7461385425,1.7316552805,3,2,56.8,75,74,75,65,1.5,1.5,75,74,75,65,1.5,1.5,1.5,1.5
3938642,Europe - UEFA Euro,2024,Georgia,Czech Republic,1,1,5,27,353,567,1.179922648,2.8654523907000007,2,1,38.4,75,74,75,65,1.5,1.5,75,74,75,65,1.5,1.5,1.5,1.5
3938639,Europe - UEFA Euro,2024,Turkey,Georgia,3,1,22,14,611,488,2.4031512066999996,1.57856751,4,0,55.6,75,74,75,65,1.5,1.5,75,74,75,65,1.5,1.5,1.5,1.5
3938641,Europe - UEFA Euro,2024,Poland,Austria,1,3,15,15,426,489,1.436885667,1.821698256,4,2,46.6,75,74,75,65,1.5,1.5,75,74,75,65,1.5,1.5,1.5,1.5
3938644,Europe - UEFA Euro,2024,Georgia,Portugal,2,0,7,22,299,737,1.3454930710000002,2.356130787,2,0,28.9,75,74,75,65,1.5,1.5,75,74,75,65,1.5,1.5,1.5,1.5
3938643,Europe - UEFA Euro,2024,France,Poland,1,1,19,10,592,441,1.8914679426,1.17909407,2,1,57.3,88,85,84,81,2.3,0.8,75,74,75,65,1.5,1.5,1.9,1.15
3938638,Europe - UEFA Euro,2024,Romania,Ukraine,3,0,10,13,279,632,1.1210513,0.543475964,3,0,30.6,75,74,75,65,1.5,1.5,75,74,75,65,1.5,1.5,1.5,1.5
3930183,Europe - UEFA Euro,2024,Slovakia,Romania,1,1,13,9,495,366,0.8447428410000002,1.121938083,2,1,57.5,75,74,75,65,1.5,1.5,75,74,75,65,1.5,1.5,1.5,1.5
3930181,Europe - UEFA Euro,2024,England,Slovenia,0,0,12,4,790,295,0.756222001,0.164917273,0,1,72.8,82,80,81,75,2.0,1.0,75,74,75,65,1.5,1.5,1.75,1.25
3930178,Europe - UEFA Euro,2024,Croatia,Italy,1,1,6,13,544,608,1.483235055,0.985394353,2,1,47.2,75,74,75,65,1.5,1.5,75,74,75,65,1.5,1.5,1.5,1.5
3930176,Europe - UEFA Euro,2024,Switzerland,Germany,1,1,4,18,366,690,0.28008559899999996,1.5416782249999998,2,1,34.7,75,74,75,65,1.5,1.5,83,79,82,74,2.1,1.1,1.3,1.8
3930175,Europe - UEFA Euro,2024,Belgium,Romania,2,0,20,14,484,384,1.645816926,1.246037035,2,0,55.8,75,74,75,65,1.5,1.5,75,74,75,65,1.5,1.5,1.5,1.5
3930174,Europe - UEFA Euro,2024,Turkey,Portugal,0,3,11,12,468,611,0.7789868169999999,1.9012271159999998,3,2,43.4,75,74,75,65,1.5,1.5,75,74,75,65,1.5,1.5,1.5,1.5
3930170,Europe - UEFA Euro,2024,Slovenia,Serbia,1,1,12,15,389,594,1.552166038,1.46133078,2,1,39.6,75,74,75,65,1.5,1.5,75,74,75,65,1.5,1.5,1.5,1.5
3930169,Europe - UEFA Euro,2024,Scotland,Switzerland,1,1,12,11,418,455,0.7718825680000001,0.9901536169999999,2,1,47.9,75,74,75,65,1.5,1.5,75,74,75,65,1.5,1.5,1.5,1.5
3930166,Europe - UEFA Euro,2024,Portugal,Czech Republic,2,1,19,5,753,274,1.8375108777000002,0.314766696,3,0,73.3,75,74,75,65,1.5,1.5,75,74,75,65,1.5,1.5,1.5,1.5
3930163,Europe - UEFA Euro,2024,Serbia,England,0,1,6,5,548,618,0.249405245,0.558814127,1,2,47.0,75,74,75,65,1.5,1.5,82,80,81,75,2.0,1.0,1.25,1.75
3930162,Europe - UEFA Euro,2024,Slovenia,Denmark,1,1,11,16,343,700,0.9663907513000001,1.511239423,2,1,32.9,75,74,75,65,1.5,1.5,75,74,75,65,1.5,1.5,1.5,1.5
3930160,Europe - UEFA Euro,2024,Spain,Croatia,3,0,11,16,490,558,1.567182589,2.48209888,3,0,46.8,84,83,86,77,2.0,0.8,75,74,75,65,1.5,1.5,1.75,1.15
3930159,Europe - UEFA Euro,2024,Hungary,Switzerland,1,3,6,15,484,492,1.102845594,2.095769171,4,2,49.6,75,74,75,65,1.5,1.5,75,74,75,65,1.5,1.5,1.5,1.5
3930158,Europe - UEFA Euro,2024,Germany,Scotland,5,1,20,1,724,275,1.8446339139999997,0.060525935,6,0,72.5,83,79,82,74,2.1,1.1,75,74,75,65,1.5,1.5,1.8,1.3
3795108,Europe - UEFA Euro,2020,Switzerland,Spain,1,1,12,34,400,1031,3.9577571380000003,6.928069084,2,1,28.0,75,74,75,65,1.5,1.5,84,83,86,77,2.0,0.8,1.15,1.75
3788769,Europe - UEFA Euro,2020,Russia,Denmark,1,4,6,16,289,542,1.0909500479999998,2.3303648025,5,2,34.8,83,78,82,72,2.1,1.2,75,74,75,65,1.5,1.5,1.8,1.35
3788766,Europe - UEFA Euro,2020,Italy,Wales,1,0,23,3,629,274,1.6691235115,0.240742905,1,0,69.7,75,74,75,65,1.5,1.5,75,74,75,65,1.5,1.5,1.5,1.5
3795220,Europe - UEFA Euro,2020,Italy,Spain,1,1,12,20,425,946,4.315650622,4.53613009,2,1,31.0,75,74,75,65,1.5,1.5,84,83,86,77,2.0,0.8,1.15,1.75
3788761,Europe - UEFA Euro,2020,Sweden,Slovakia,1,0,13,10,464,631,1.583975065,0.553247628,1,0,42.4,75,74,75,65,1.5,1.5,75,74,75,65,1.5,1.5,1.5,1.5
3788764,Europe - UEFA Euro,2020,Portugal,Germany,2,4,7,13,442,596,1.9357408962999998,2.1305451870000005,6,2,42.6,75,74,75,65,1.5,1.5,83,79,82,74,2.1,1.1,1.3,1.8
3788773,Europe - UEFA Euro,2020,Portugal,France,2,2,10,11,556,617,2.0424181619999997,1.5066179440000003,4,1,47.4,75,74,75,65,1.5,1.5,88,85,84,81,2.3,0.8,1.15,1.9
3788755,Europe - UEFA Euro,2020,Turkey,Wales,0,2,18,16,559,344,1.310312803,2.873955951,2,2,61.9,75,74,75,65,1.5,1.5,75,74,75,65,1.5,1.5,1.5,1.5
3788754,Europe - UEFA Euro,2020,Italy,Switzerland,3,0,13,6,554,563,1.705836299,0.3338159763,3,0,49.6,75,74,75,65,1.5,1.5,75,74,75,65,1.5,1.5,1.5,1.5
3788762,Europe - UEFA Euro,2020,Spain,Poland,1,1,12,5,754,242,2.6148732605,0.552257631,2,1,75.7,84,83,86,77,2.0,0.8,75,74,75,65,1.5,1.5,1.75,1.15
3788760,Europe - UEFA Euro,2020,Croatia,Czech Republic,1,1,11,11,465,469,0.990171757,1.912632538,2,1,49.8,75,74,75,65,1.5,1.5,75,74,75,65,1.5,1.5,1.5,1.5
3788747,Europe - UEFA Euro,2020,Austria,North Macedonia,3,1,10,7,605,351,1.441362828,0.839890515,4,0,63.3,75,74,75,65,1.5,1.5,75,74,75,65,1.5,1.5,1.5,1.5
3788741,Europe - UEFA Euro,2020,Turkey,Italy,0,3,3,24,390,669,0.151005756,1.590934893,3,2,36.8,75,74,75,65,1.5,1.5,75,74,75,65,1.5,1.5,1.5,1.5
3795109,Europe - UEFA Euro,2020,Czech Republic,Denmark,1,2,16,11,508,398,1.1616771149999998,1.2119879150000001,3,2,56.1,75,74,75,65,1.5,1.5,75,74,75,65,1.5,1.5,1.5,1.5
3795187,Europe - UEFA Euro,2020,Ukraine,England,0,4,7,10,600,648,0.337611863,1.215532939,4,2,48.1,75,74,75,65,1.5,1.5,82,80,81,75,2.0,1.0,1.25,1.75
3788770,Europe - UEFA Euro,2020,North Macedonia,Netherlands,0,3,13,17,439,619,0.7442149951999999,3.219898946,3,2,41.5,75,74,75,65,1.5,1.5,75,74,75,65,1.5,1.5,1.5,1.5
3795506,Europe - UEFA Euro,2020,Italy,England,1,1,24,11,885,465,5.999364604499999,4.3437109629999995,2,1,65.6,75,74,75,65,1.5,1.5,82,80,81,75,2.0,1.0,1.25,1.75
3794688,Europe - UEFA Euro,2020,England,Germany,2,0,5,9,476,558,1.163511151,1.058547575,2,0,46.0,82,80,81,75,2.0,1.0,83,79,82,74,2.1,1.1,1.55,1.55
3794692,Europe - UEFA Euro,2020,Sweden,Ukraine,1,2,13,15,685,792,0.9119222929999999,1.3442882549999997,3,2,46.4,75,74,75,65,1.5,1.5,75,74,75,65,1.5,1.5,1.5,1.5
3794686,Europe - UEFA Euro,2020,Croatia,Spain,3,5,11,24,482,930,2.7882244170000003,2.780002721,8,2,34.1,75,74,75,65,1.5,1.5,84,83,86,77,2.0,0.8,1.15,1.75
3794687,Europe - UEFA Euro,2020,Belgium,Portugal,1,0,6,23,471,630,0.224335605,1.2147520605000002,1,0,42.8,75,74,75,65,1.5,1.5,75,74,75,65,1.5,1.5,1.5,1.5
3794685,Europe - UEFA Euro,2020,Italy,Austria,2,1,26,16,704,660,1.517068981,1.038545864,3,0,51.6,75,74,75,65,1.5,1.5,75,74,75,65,1.5,1.5,1.5,1.5
3788774,Europe - UEFA Euro,2020,Germany,Hungary,2,2,18,9,783,255,2.0976953369999998,0.7371347775000001,4,1,75.4,83,79,82,74,2.1,1.1,75,74,75,65,1.5,1.5,1.8,1.3
3788771,Europe - UEFA Euro,2020,Croatia,Scotland,3,1,11,11,671,353,0.781477187,1.111449129,4,0,65.5,75,74,75,65,1.5,1.5,75,74,75,65,1.5,1.5,1.5,1.5
3788772,Europe - UEFA Euro,2020,Czech Republic,England,0,1,7,6,430,554,0.393042279,0.642329757,1,2,43.7,75,74,75,65,1.5,1.5,82,80,81,75,2.0,1.0,1.25,1.75
3788768,Europe - UEFA Euro,2020,Finland,Belgium,0,2,7,17,460,714,0.240216078,1.140447022,2,2,39.2,75,74,75,65,1.5,1.5,75,74,75,65,1.5,1.5,1.5,1.5
3788767,Europe - UEFA Euro,2020,Ukraine,Austria,0,1,5,18,499,507,0.4102860215,1.4935062389999998,1,2,49.6,75,74,75,65,1.5,1.5,75,74,75,65,1.5,1.5,1.5,1.5
3788753,Europe - UEFA Euro,2020,Finland,Russia,0,1,11,14,423,615,0.9650532400000001,1.25900864,1,2,40.8,75,74,75,65,1.5,1.5,83,78,82,72,2.1,1.2,1.35,1.8
3788765,Europe - UEFA Euro,2020,Switzerland,Turkey,3,1,23,20,516,510,1.983954377,1.2448445629999998,4,0,50.3,75,74,75,65,1.5,1.5,75,74,75,65,1.5,1.5,1.5,1.5
3788763,Europe - UEFA Euro,2020,Hungary,France,1,1,5,17,369,681,0.4734930965,1.6900278829,2,1,35.1,75,74,75,65,1.5,1.5,88,85,84,81,2.3,0.8,1.15,1.9
3788759,Europe - UEFA Euro,2020,England,Scotland,0,0,9,11,580,383,0.853936647,0.735449749,0,1,60.2,82,80,81,75,2.0,1.0,75,74,75,65,1.5,1.5,1.75,1.25
3788758,Europe - UEFA Euro,2020,Ukraine,North Macedonia,2,1,17,13,485,440,3.240517477,1.9846738296999997,3,0,52.4,75,74,75,65,1.5,1.5,75,74,75,65,1.5,1.5,1.5,1.5
3788757,Europe - UEFA Euro,2020,Denmark,Belgium,1,2,21,6,519,602,1.623030179,1.051880688,3,2,46.3,75,74,75,65,1.5,1.5,75,74,75,65,1.5,1.5,1.5,1.5
3788745,Europe - UEFA Euro,2020,England,Croatia,1,0,8,8,470,483,0.706855833,0.3400918204,1,0,49.3,82,80,81,75,2.0,1.0,75,74,75,65,1.5,1.5,1.75,1.25
3795107,Europe - UEFA Euro,2020,Belgium,Italy,1,2,10,14,482,546,1.8028032259999998,1.1425686830000001,3,2,46.9,75,74,75,65,1.5,1.5,75,74,75,65,1.5,1.5,1.5,1.5
3795221,Europe - UEFA Euro,2020,England,Denmark,2,1,21,6,784,557,3.050196702,0.37552856700000004,3,0,58.5,82,80,81,75,2.0,1.0,75,74,75,65,1.5,1.5,1.75,1.25
3794689,Europe - UEFA Euro,2020,Wales,Denmark,0,4,11,16,420,465,0.5984307450000002,2.155292811,4,2,47.5,75,74,75,65,1.5,1.5,75,74,75,65,1.5,1.5,1.5,1.5
3788746,Europe - UEFA Euro,2020,Netherlands,Ukraine,3,2,15,7,705,449,1.429754443,0.5936840239999999,5,0,61.1,75,74,75,65,1.5,1.5,75,74,75,65,1.5,1.5,1.5,1.5
3794691,Europe - UEFA Euro,2020,France,Switzerland,3,3,31,18,678,568,6.5633896124,5.7715444445,6,1,54.4,88,85,84,81,2.3,0.8,75,74,75,65,1.5,1.5,1.9,1.15
3794690,Europe - UEFA Euro,2020,Netherlands,Czech Republic,0,2,6,12,440,415,0.838034224,1.273121118,2,2,51.5,75,74,75,65,1.5,1.5,75,74,75,65,1.5,1.5,1.5,1.5
3788756,Europe - UEFA Euro,2020,Netherlands,Austria,2,0,14,9,500,542,3.3375352969999996,0.398053917,2,0,48.0,75,74,75,65,1.5,1.5,75,74,75,65,1.5,1.5,1.5,1.5
3788749,Europe - UEFA Euro,2020,Poland,Slovakia,1,2,18,11,590,432,1.3888400450000002,0.35378829000000006,3,2,57.7,75,74,75,65,1.5,1.5,75,74,75,65,1.5,1.5,1.5,1.5
3788750,Europe - UEFA Euro,2020,Spain,Sweden,0,0,17,4,946,173,1.9276115939999998,0.815837758,0,1,84.5,84,83,86,77,2.0,0.8,75,74,75,65,1.5,1.5,1.75,1.15
3788748,Europe - UEFA Euro,2020,Scotland,Czech Republic,0,2,19,10,503,386,1.7326947060000004,0.8108252390000001,2,2,56.6,75,74,75,65,1.5,1.5,75,74,75,65,1.5,1.5,1.5,1.5
3788751,Europe - UEFA Euro,2020,France,Germany,1,0,4,10,463,733,0.446023905,0.8254194279999999,1,0,38.7,88,85,84,81,2.3,0.8,83,79,82,74,2.1,1.1,1.7,1.45
3788752,Europe - UEFA Euro,2020,Hungary,Portugal,0,3,5,11,324,713,0.19762133170000004,2.681033704,3,2,31.2,75,74,75,65,1.5,1.5,75,74,75,65,1.5,1.5,1.5,1.5
3788742,Europe - UEFA Euro,2020,Denmark,Finland,0,1,22,1,678,307,1.9525803769999999,0.2884817,1,2,68.8,75,74,75,65,1.5,1.5,75,74,75,65,1.5,1.5,1.5,1.5
3788775,Europe - UEFA Euro,2020,Slovakia,Spain,0,5,3,19,368,702,0.093042789,3.2230936640000003,5,2,34.4,75,74,75,65,1.5,1.5,84,83,86,77,2.0,0.8,1.15,1.75
3788776,Europe - UEFA Euro,2020,Sweden,Poland,3,2,11,18,278,557,1.0417911869999998,1.660805085,5,0,33.3,75,74,75,65,1.5,1.5,75,74,75,65,1.5,1.5,1.5,1.5
3788743,Europe - UEFA Euro,2020,Belgium,Russia,3,0,9,5,763,401,1.393354907,0.257274859,3,0,65.5,75,74,75,65,1.5,1.5,83,78,82,72,2.1,1.2,1.35,1.8
3788744,Europe - UEFA Euro,2020,Wales,Switzerland,1,1,9,18,329,563,0.575944251,1.5598775150000002,2,1,36.9,75,74,75,65,1.5,1.5,75,74,75,65,1.5,1.5,1.5,1.5
3887188,Europe - UEFA Europa League,1988/1989,Napoli,VfB Stuttgart,2,1,23,8,477,296,2.5944856975,0.185215273,3,0,61.7,83,79,81,74,2.1,1.1,75,74,75,65,1.5,1.5,1.8,1.3
3750244,Europe - UEFA Europa League,1988/1989,Napoli,Bayern Munich,2,0,12,11,305,499,1.230332734,0.638455208,2,0,37.9,83,79,81,74,2.1,1.1,90,84,87,81,2.7,0.9,1.5,1.9
3750245,Europe - UEFA Europa League,1988/1989,Napoli,Juventus,3,0,20,15,502,634,1.9458118279999999,0.531316671,3,0,44.2,83,79,81,74,2.1,1.1,80,82,79,71,1.8,1.0,1.55,1.45
4020846,Europe - UEFA Women's Euro,2025,England Women's,Spain Women's,1,1,13,27,474,832,4.800007861,5.269980068,2,1,36.3,82,80,81,75,2.0,1.0,84,83,86,77,2.0,0.8,1.4,1.5
4020077,Europe - UEFA Women's Euro,2025,Germany Women's,Spain Women's,0,1,15,22,411,804,0.9264490270000001,1.9625155070000004,1,2,33.8,83,79,82,74,2.1,1.1,84,83,86,77,2.0,0.8,1.45,1.55
4020005,Europe - UEFA Women's Euro,2025,England Women's,Italy Women's,2,1,24,11,690,500,3.0527459539999997,1.1841110579999998,3,0,58.0,82,80,81,75,2.0,1.0,75,74,75,65,1.5,1.5,1.75,1.25
4018357,Europe - UEFA Women's Euro,2025,France Women's,Germany Women's,1,1,25,14,765,274,7.406562049,6.628661215,2,1,73.6,88,85,84,81,2.3,0.8,83,79,82,74,2.1,1.1,1.7,1.45
4018356,Europe - UEFA Women's Euro,2025,Spain Women's,Switzerland Women's,2,0,23,4,701,294,3.693640375,0.0397236009,2,0,70.5,84,83,86,77,2.0,0.8,75,74,75,65,1.5,1.5,1.75,1.15
4018355,Europe - UEFA Women's Euro,2025,Sweden Women's,England Women's,2,2,20,25,457,631,7.2137240490000005,7.395616854,4,1,42.0,75,74,75,65,1.5,1.5,82,80,81,75,2.0,1.0,1.25,1.75
4018354,Europe - UEFA Women's Euro,2025,Norway Women's,Italy Women's,1,2,10,14,415,430,1.895417558,1.5972445480000004,3,2,49.1,75,74,75,65,1.5,1.5,75,74,75,65,1.5,1.5,1.5,1.5
3998858,Europe - UEFA Women's Euro,2025,England Women's,Wales,6,1,24,6,781,260,5.706636206999999,0.613576616,7,0,75.0,82,80,81,75,2.0,1.0,75,74,75,65,1.5,1.5,1.75,1.25
3998859,Europe - UEFA Women's Euro,2025,Netherlands Women's,France Women's,2,5,11,20,387,373,1.085124221,2.644993914,7,2,50.9,75,74,75,65,1.5,1.5,88,85,84,81,2.3,0.8,1.15,1.9
3998857,Europe - UEFA Women's Euro,2025,Poland Women's,Denmark Women's,3,2,15,18,448,509,1.9471256230000002,1.6153808237,5,0,46.8,75,74,75,65,1.5,1.5,75,74,75,65,1.5,1.5,1.5,1.5
3998856,Europe - UEFA Women's Euro,2025,Sweden Women's,Germany Women's,4,1,13,9,408,427,2.9057970389999994,0.8747824679999999,5,0,48.9,75,74,75,65,1.5,1.5,83,79,82,74,2.1,1.1,1.3,1.8
3998855,Europe - UEFA Women's Euro,2025,Italy Women's,Spain Women's,1,3,13,21,304,843,1.217590736,1.546207979,4,2,26.5,75,74,75,65,1.5,1.5,84,83,86,77,2.0,0.8,1.15,1.75
3998854,Europe - UEFA Women's Euro,2025,Portugal Women's,Belgium Women's,1,2,20,13,452,347,2.0108395879000005,2.062541267,3,2,56.6,75,74,75,65,1.5,1.5,75,74,75,65,1.5,1.5,1.5,1.5
3998852,Europe - UEFA Women's Euro,2025,WNT Finland,Switzerland Women's,1,1,6,16,498,461,1.084608284,1.200156688,2,1,51.9,75,74,75,65,1.5,1.5,75,74,75,65,1.5,1.5,1.5,1.5
3998853,Europe - UEFA Women's Euro,2025,Norway Women's,Iceland Women's,4,3,15,10,579,384,1.273406945,2.176131983,7,0,60.1,75,74,75,65,1.5,1.5,75,74,75,65,1.5,1.5,1.5,1.5
3998851,Europe - UEFA Women's Euro,2025,England Women's,Netherlands Women's,4,0,17,4,450,413,2.399875806,0.163956086,4,0,52.1,82,80,81,75,2.0,1.0,75,74,75,65,1.5,1.5,1.75,1.25
3998850,Europe - UEFA Women's Euro,2025,France Women's,Wales,4,1,15,6,655,242,2.713114958,1.450189801,5,0,73.0,88,85,84,81,2.3,0.8,75,74,75,65,1.5,1.5,1.9,1.15
3998848,Europe - UEFA Women's Euro,2025,Poland Women's,Sweden Women's,0,3,7,22,383,436,0.238589279,2.732056366,3,2,46.8,75,74,75,65,1.5,1.5,75,74,75,65,1.5,1.5,1.5,1.5
3998849,Europe - UEFA Women's Euro,2025,Germany Women's,Denmark Women's,2,1,27,5,614,264,2.691250676,0.416709463,3,0,69.9,83,79,82,74,2.1,1.1,75,74,75,65,1.5,1.5,1.8,1.3
3998846,Europe - UEFA Women's Euro,2025,Portugal Women's,Italy Women's,1,1,5,14,429,346,0.2628427944,0.9281273300000001,2,1,55.4,75,74,75,65,1.5,1.5,75,74,75,65,1.5,1.5,1.5,1.5
3998847,Europe - UEFA Women's Euro,2025,Spain Women's,Belgium Women's,6,2,34,5,798,223,3.1563254979999997,0.667873982,8,0,78.2,84,83,86,77,2.0,0.8,75,74,75,65,1.5,1.5,1.75,1.15
3998844,Europe - UEFA Women's Euro,2025,Switzerland Women's,Iceland Women's,2,0,15,12,423,313,0.7690062879999999,0.601656186,2,0,57.5,75,74,75,65,1.5,1.5,75,74,75,65,1.5,1.5,1.5,1.5
3998845,Europe - UEFA Women's Euro,2025,Norway Women's,WNT Finland,2,1,10,14,411,590,1.185778285,0.8702526070000001,3,0,41.1,75,74,75,65,1.5,1.5,75,74,75,65,1.5,1.5,1.5,1.5
3998837,Europe - UEFA Women's Euro,2025,Switzerland Women's,Norway Women's,1,2,17,8,481,401,0.945543417,1.806548155,3,2,54.5,75,74,75,65,1.5,1.5,75,74,75,65,1.5,1.5,1.5,1.5
3998842,Europe - UEFA Women's Euro,2025,Wales,Netherlands Women's,0,3,5,19,317,579,0.15449545099999998,1.7398164459999998,3,2,35.4,75,74,75,65,1.5,1.5,75,74,75,65,1.5,1.5,1.5,1.5
3998843,Europe - UEFA Women's Euro,2025,France Women's,England Women's,2,1,14,12,400,511,1.6480105404999998,0.7317490160000001,3,0,43.9,88,85,84,81,2.3,0.8,82,80,81,75,2.0,1.0,1.65,1.4
3998840,Europe - UEFA Women's Euro,2025,Germany Women's,Poland Women's,2,0,25,11,622,284,2.295455269,0.608601583,2,0,68.7,83,79,82,74,2.1,1.1,75,74,75,65,1.5,1.5,1.8,1.3
3998839,Europe - UEFA Women's Euro,2025,Spain Women's,Portugal Women's,5,0,22,7,657,270,3.414023103000001,0.3156668437,5,0,70.9,84,83,86,77,2.0,0.8,75,74,75,65,1.5,1.5,1.75,1.15
3998838,Europe - UEFA Women's Euro,2025,Belgium Women's,Italy Women's,0,1,10,17,437,386,0.50106268,1.364891319,1,2,53.1,75,74,75,65,1.5,1.5,75,74,75,65,1.5,1.5,1.5,1.5
3998836,Europe - UEFA Women's Euro,2025,Iceland Women's,WNT Finland,0,1,13,16,361,466,0.9969829389999999,0.767028822,1,2,43.7,75,74,75,65,1.5,1.5,75,74,75,65,1.5,1.5,1.5,1.5
3998841,Europe - UEFA Women's Euro,2025,Denmark Women's,Sweden Women's,0,1,10,17,338,469,0.595837099,1.3938974200000003,1,2,41.9,75,74,75,65,1.5,1.5,75,74,75,65,1.5,1.5,1.5,1.5
3835331,Europe - UEFA Women's Euro,2022,Sweden Women's,Switzerland Women's,2,1,16,6,546,435,2.067358921,0.29147186,3,0,55.7,75,74,75,65,1.5,1.5,75,74,75,65,1.5,1.5,1.5,1.5
3835324,Europe - UEFA Women's Euro,2022,Netherlands Women's,Sweden Women's,1,1,10,11,481,496,0.543359707,1.7120312820000003,2,1,49.2,75,74,75,65,1.5,1.5,75,74,75,65,1.5,1.5,1.5,1.5
3844384,Europe - UEFA Women's Euro,2022,England Women's,Spain Women's,2,1,10,18,546,707,1.074390291,1.13602667,3,0,43.6,82,80,81,75,2.0,1.0,84,83,86,77,2.0,0.8,1.4,1.5
3847567,Europe - UEFA Women's Euro,2022,England Women's,Germany Women's,2,1,13,15,523,542,1.680990992,1.7584670210000002,3,0,49.1,82,80,81,75,2.0,1.0,83,79,82,74,2.1,1.1,1.55,1.55
3845506,Europe - UEFA Women's Euro,2022,England Women's,Sweden Women's,4,0,17,11,482,374,1.6687135302999998,1.161781781,4,0,56.3,82,80,81,75,2.0,1.0,75,74,75,65,1.5,1.5,1.75,1.25
3835335,Europe - UEFA Women's Euro,2022,Northern Ireland,England Women's,0,5,5,28,188,646,0.30448246430000003,3.107720163,5,2,22.5,75,74,75,65,1.5,1.5,82,80,81,75,2.0,1.0,1.25,1.75
3835323,Europe - UEFA Women's Euro,2022,Portugal Women's,Switzerland Women's,2,2,17,7,510,384,2.000132807,0.554320176,4,1,57.0,75,74,75,65,1.5,1.5,75,74,75,65,1.5,1.5,1.5,1.5
3835325,Europe - UEFA Women's Euro,2022,France Women's,Italy Women's,5,1,16,13,537,382,3.099609622,1.2883999389999998,6,0,58.4,88,85,84,81,2.3,0.8,75,74,75,65,1.5,1.5,1.9,1.15
3835320,Europe - UEFA Women's Euro,2022,Norway Women's,Northern Ireland,4,1,21,7,566,308,3.268669546,0.5018496,5,0,64.8,75,74,75,65,1.5,1.5,75,74,75,65,1.5,1.5,1.5,1.5
3845507,Europe - UEFA Women's Euro,2022,Germany Women's,France Women's,2,1,11,14,441,461,0.862559045,0.6307605430000001,3,0,48.9,83,79,82,74,2.1,1.1,88,85,84,81,2.3,0.8,1.45,1.7
3844387,Europe - UEFA Women's Euro,2022,France Women's,Netherlands Women's,1,0,33,9,619,582,4.2689015470000005,0.596458279,1,0,51.5,88,85,84,81,2.3,0.8,75,74,75,65,1.5,1.5,1.9,1.15
3844385,Europe - UEFA Women's Euro,2022,Germany Women's,Austria Women's,2,0,21,12,509,345,2.9140666129999997,0.5529814890000001,2,0,59.6,83,79,82,74,2.1,1.1,75,74,75,65,1.5,1.5,1.8,1.3
3844386,Europe - UEFA Women's Euro,2022,Sweden Women's,Belgium Women's,1,0,34,3,477,433,3.0002835489999997,0.10266254200000001,1,0,52.4,75,74,75,65,1.5,1.5,75,74,75,65,1.5,1.5,1.5,1.5
3835342,Europe - UEFA Women's Euro,2022,Iceland Women's,France Women's,1,1,8,18,329,527,1.8481760809999999,1.2447185205,2,1,38.4,75,74,75,65,1.5,1.5,88,85,84,81,2.3,0.8,1.15,1.9
3835337,Europe - UEFA Women's Euro,2022,Denmark Women's,Spain Women's,0,1,9,15,309,781,0.7739588209999999,0.851176099,1,2,28.3,75,74,75,65,1.5,1.5,84,83,86,77,2.0,0.8,1.15,1.75
3835338,Europe - UEFA Women's Euro,2022,WNT Finland,Germany Women's,0,3,1,31,352,590,0.08057947,2.8758757189999997,3,2,37.4,75,74,75,65,1.5,1.5,83,79,82,74,2.1,1.1,1.3,1.8
3835330,Europe - UEFA Women's Euro,2022,Germany Women's,Spain Women's,2,0,7,13,312,723,0.763383284,1.0778507580000003,2,0,30.1,83,79,82,74,2.1,1.1,84,83,86,77,2.0,0.8,1.45,1.55
3835329,Europe - UEFA Women's Euro,2022,Denmark Women's,WNT Finland,1,0,19,9,587,466,2.7077990790000004,0.2615593387,1,0,55.7,75,74,75,65,1.5,1.5,75,74,75,65,1.5,1.5,1.5,1.5
3835322,Europe - UEFA Women's Euro,2022,Germany Women's,Denmark Women's,4,0,22,6,584,314,2.486440614,0.45058912,4,0,65.0,83,79,82,74,2.1,1.1,75,74,75,65,1.5,1.5,1.8,1.3
3835332,Europe - UEFA Women's Euro,2022,Netherlands Women's,Portugal Women's,3,2,18,10,535,325,1.3688622717,1.2374308303,5,0,62.2,75,74,75,65,1.5,1.5,75,74,75,65,1.5,1.5,1.5,1.5
3835327,Europe - UEFA Women's Euro,2022,England Women's,Norway Women's,8,0,24,4,590,328,6.193673651999999,0.210470882,8,0,64.3,82,80,81,75,2.0,1.0,75,74,75,65,1.5,1.5,1.75,1.25
3835326,Europe - UEFA Women's Euro,2022,Belgium Women's,Iceland Women's,1,1,10,21,477,410,1.333627152,2.432825761,2,1,53.8,75,74,75,65,1.5,1.5,75,74,75,65,1.5,1.5,1.5,1.5
3835341,Europe - UEFA Women's Euro,2022,Italy Women's,Belgium Women's,0,1,21,9,534,472,1.1530514637,0.5499214164,1,2,53.1,75,74,75,65,1.5,1.5,75,74,75,65,1.5,1.5,1.5,1.5
3835340,Europe - UEFA Women's Euro,2022,Sweden Women's,Portugal Women's,5,0,16,7,382,332,2.929775469,0.491593427,5,0,53.5,75,74,75,65,1.5,1.5,75,74,75,65,1.5,1.5,1.5,1.5
3835339,Europe - UEFA Women's Euro,2022,Switzerland Women's,Netherlands Women's,1,4,12,18,473,466,1.308064261,2.582251316,5,2,50.4,75,74,75,65,1.5,1.5,75,74,75,65,1.5,1.5,1.5,1.5
3835336,Europe - UEFA Women's Euro,2022,Austria Women's,Norway Women's,1,0,21,9,397,596,1.3322924896,0.4995674685,1,0,40.0,75,74,75,65,1.5,1.5,75,74,75,65,1.5,1.5,1.5,1.5
3835334,Europe - UEFA Women's Euro,2022,Italy Women's,Iceland Women's,1,1,21,10,523,275,1.1555974865,1.297178113,2,1,65.5,75,74,75,65,1.5,1.5,75,74,75,65,1.5,1.5,1.5,1.5
3835328,Europe - UEFA Women's Euro,2022,Austria Women's,Northern Ireland,2,0,18,4,452,328,1.446459878,0.11248317000000001,2,0,57.9,75,74,75,65,1.5,1.5,75,74,75,65,1.5,1.5,1.5,1.5
3835333,Europe - UEFA Women's Euro,2022,France Women's,Belgium Women's,2,1,26,2,628,423,4.042939624,0.34870325399999996,3,0,59.8,88,85,84,81,2.3,0.8,75,74,75,65,1.5,1.5,1.9,1.15
3835321,Europe - UEFA Women's Euro,2022,Spain Women's,WNT Finland,4,1,35,4,720,233,3.0757263380000004,0.361415755,5,0,75.6,84,83,86,77,2.0,0.8,75,74,75,65,1.5,1.5,1.75,1.15
3835319,Europe - UEFA Women's Euro,2022,England Women's,Austria Women's,1,0,16,9,568,392,2.07907401,0.471990127,1,0,59.2,82,80,81,75,2.0,1.0,75,74,75,65,1.5,1.5,1.75,1.25
3904629,International - Women's World Cup,2023,Australia Women's,England Women's,1,3,12,15,389,511,1.142442332,1.0527788340000002,4,2,43.2,75,74,75,65,1.5,1.5,82,80,81,75,2.0,1.0,1.25,1.75
3906390,International - Women's World Cup,2023,Spain Women's,England Women's,1,0,14,8,519,408,2.1941230640000002,0.46967891310000004,1,0,56.0,84,83,86,77,2.0,0.8,82,80,81,75,2.0,1.0,1.5,1.4
3906389,International - Women's World Cup,2023,Sweden Women's,Australia Women's,2,0,11,11,479,418,1.5701500684999998,0.7433371977000002,2,0,53.4,75,74,75,65,1.5,1.5,75,74,75,65,1.5,1.5,1.5,1.5
3904628,International - Women's World Cup,2023,Spain Women's,Sweden Women's,2,1,13,6,558,366,1.3759553100000002,0.790858708,3,0,60.4,84,83,86,77,2.0,0.8,75,74,75,65,1.5,1.5,1.75,1.15
3893806,International - Women's World Cup,2023,Spain Women's,Zambia Women's,5,0,22,10,784,281,3.775187021,0.4060642065,5,0,73.6,84,83,86,77,2.0,0.8,75,74,75,65,1.5,1.5,1.75,1.15
3893801,International - Women's World Cup,2023,Brazil Women's,Panama Women's,4,0,33,6,631,251,3.555328247,0.16133432520000002,4,0,71.5,87,83,86,79,2.4,0.9,75,74,75,65,1.5,1.5,1.95,1.2
3893797,International - Women's World Cup,2023,Netherlands Women's,Portugal Women's,1,0,12,2,457,360,1.217858819,0.08419394,1,0,55.9,75,74,75,65,1.5,1.5,75,74,75,65,1.5,1.5,1.5,1.5
3893822,International - Women's World Cup,2023,Japan Women's,Spain Women's,4,0,7,10,301,939,0.882175384,0.5793094562,4,0,24.3,75,74,75,65,1.5,1.5,84,83,86,77,2.0,0.8,1.15,1.75
3893814,International - Women's World Cup,2023,Sweden Women's,Italy Women's,5,0,21,12,463,512,3.5935176159999997,0.6824053325,5,0,47.5,75,74,75,65,1.5,1.5,75,74,75,65,1.5,1.5,1.5,1.5
3893790,International - Women's World Cup,2023,Nigeria Women's,Canada Women's,0,0,10,16,255,513,0.4691193334,1.60596582,0,1,33.2,75,74,75,65,1.5,1.5,75,74,75,65,1.5,1.5,1.5,1.5
3901832,International - Women's World Cup,2023,Colombia Women's,Jamaica Women's,1,0,11,6,369,378,1.1457723760000003,0.7123244599999999,1,0,49.4,75,74,75,65,1.5,1.5,75,74,75,65,1.5,1.5,1.5,1.5
3902968,International - Women's World Cup,2023,Australia Women's,France Women's,0,0,26,32,505,505,9.782630647,9.498576009499999,0,1,50.0,75,74,75,65,1.5,1.5,88,85,84,81,2.3,0.8,1.15,1.9
3902967,International - Women's World Cup,2023,England Women's,Colombia Women's,2,1,10,15,552,369,1.529686562,0.4357513145,3,0,59.9,82,80,81,75,2.0,1.0,75,74,75,65,1.5,1.5,1.75,1.25
3901797,International - Women's World Cup,2023,Sweden Women's,United States Women's,0,0,16,29,476,669,5.987829422,6.8158473173,0,1,41.6,75,74,75,65,1.5,1.5,75,74,75,65,1.5,1.5,1.5,1.5
3901796,International - Women's World Cup,2023,Netherlands Women's,South Africa Women's,2,0,12,14,718,317,1.3935986696999996,0.9574853170000001,2,0,69.4,75,74,75,65,1.5,1.5,75,74,75,65,1.5,1.5,1.5,1.5
3902240,International - Women's World Cup,2023,Spain Women's,Netherlands Women's,2,1,27,9,757,464,2.877165184,0.9478654540000001,3,0,62.0,84,83,86,77,2.0,0.8,75,74,75,65,1.5,1.5,1.75,1.15
3902239,International - Women's World Cup,2023,Japan Women's,Sweden Women's,1,2,11,15,541,552,1.7383049099999999,2.1645806989999996,3,2,49.5,75,74,75,65,1.5,1.5,75,74,75,65,1.5,1.5,1.5,1.5
3893808,International - Women's World Cup,2023,United States Women's,Netherlands Women's,1,1,18,5,419,530,1.008045193,0.487140879,2,1,44.2,75,74,75,65,1.5,1.5,75,74,75,65,1.5,1.5,1.5,1.5
3901833,International - Women's World Cup,2023,France Women's,Morocco Women's,4,0,15,1,708,261,1.8404692799999995,0.024844848,4,0,73.1,88,85,84,81,2.3,0.8,75,74,75,65,1.5,1.5,1.9,1.15
3893826,International - Women's World Cup,2023,Portugal Women's,United States Women's,0,0,6,17,444,326,0.323351046,1.58616484,0,1,57.7,75,74,75,65,1.5,1.5,75,74,75,65,1.5,1.5,1.5,1.5
3901736,International - Women's World Cup,2023,Australia Women's,Denmark Women's,2,0,10,13,414,547,0.8344241600000001,0.624866455,2,0,43.1,75,74,75,65,1.5,1.5,75,74,75,65,1.5,1.5,1.5,1.5
3901735,International - Women's World Cup,2023,England Women's,Nigeria Women's,0,0,17,23,587,485,4.668493601,4.22521706,0,1,54.8,82,80,81,75,2.0,1.0,75,74,75,65,1.5,1.5,1.75,1.25
3901734,International - Women's World Cup,2023,Japan Women's,Norway Women's,3,1,17,8,650,455,0.9925029999999999,0.625605122,4,0,58.8,75,74,75,65,1.5,1.5,75,74,75,65,1.5,1.5,1.5,1.5
3901733,International - Women's World Cup,2023,Switzerland Women's,Spain Women's,1,5,2,26,323,727,0.242317785,2.828262955,6,2,30.8,75,74,75,65,1.5,1.5,84,83,86,77,2.0,0.8,1.15,1.75
3893823,International - Women's World Cup,2023,Costa Rica Women's,Zambia Women's,1,3,16,15,434,325,2.299469828,1.9483859434999997,4,2,57.2,75,74,75,65,1.5,1.5,75,74,75,65,1.5,1.5,1.5,1.5
3893811,International - Women's World Cup,2023,England Women's,Denmark Women's,1,0,12,6,657,288,1.014831096,0.5216109680000001,1,0,69.5,82,80,81,75,2.0,1.0,75,74,75,65,1.5,1.5,1.75,1.25
3893812,International - Women's World Cup,2023,Argentina Women's,South Africa Women's,2,2,13,13,553,365,0.5882881019999999,2.181358387,4,1,60.2,87,82,85,82,2.2,0.9,75,74,75,65,1.5,1.5,1.85,1.2
3893813,International - Women's World Cup,2023,China PR Women's,Haiti Women's,1,0,8,7,444,419,1.259252412,0.7610608660000001,1,0,51.4,75,74,75,65,1.5,1.5,75,74,75,65,1.5,1.5,1.5,1.5
3893810,International - Women's World Cup,2023,Portugal Women's,Vietnam Women's,2,0,29,5,614,284,3.8234859484999997,0.165503021,2,0,68.4,75,74,75,65,1.5,1.5,75,74,75,65,1.5,1.5,1.5,1.5
3893809,International - Women's World Cup,2023,Australia Women's,Nigeria Women's,2,3,29,11,518,305,2.330214533,1.1819037143,5,2,62.9,75,74,75,65,1.5,1.5,75,74,75,65,1.5,1.5,1.5,1.5
3893807,International - Women's World Cup,2023,Canada Women's,Republic of Ireland Women's,2,1,17,14,574,360,1.7719846110000002,1.023560795,3,0,61.5,75,74,75,65,1.5,1.5,75,74,75,65,1.5,1.5,1.5,1.5
3893804,International - Women's World Cup,2023,Switzerland Women's,Norway Women's,0,0,8,15,510,522,0.948405092,1.2123288209999998,0,1,49.4,75,74,75,65,1.5,1.5,75,74,75,65,1.5,1.5,1.5,1.5
3893788,International - Women's World Cup,2023,Australia Women's,Republic of Ireland Women's,1,0,13,9,491,304,1.4420012665000002,0.6949942070000001,1,0,61.8,75,74,75,65,1.5,1.5,75,74,75,65,1.5,1.5,1.5,1.5
3893798,International - Women's World Cup,2023,France Women's,Jamaica Women's,0,0,14,6,553,230,1.899174133,0.1644574482,0,1,70.6,88,85,84,81,2.3,0.8,75,74,75,65,1.5,1.5,1.9,1.15
3893789,International - Women's World Cup,2023,Philippines Women's,Switzerland Women's,0,2,3,18,290,791,0.173312468,3.3536723809999995,2,2,26.8,75,74,75,65,1.5,1.5,75,74,75,65,1.5,1.5,1.5,1.5
3893794,International - Women's World Cup,2023,England Women's,Haiti Women's,1,0,20,7,698,253,2.5237454113,0.6454013455000001,1,0,73.4,82,80,81,75,2.0,1.0,75,74,75,65,1.5,1.5,1.75,1.25
3893792,International - Women's World Cup,2023,United States Women's,Vietnam Women's,3,0,29,0,543,281,4.267207448000001,0.0,3,0,65.9,75,74,75,65,1.5,1.5,75,74,75,65,1.5,1.5,1.5,1.5
3893791,International - Women's World Cup,2023,Spain Women's,Costa Rica Women's,3,0,46,1,671,177,4.171521951000001,0.12987016,3,0,79.1,84,83,86,77,2.0,0.8,75,74,75,65,1.5,1.5,1.75,1.15
3893787,International - Women's World Cup,2023,New Zealand Women's,Norway Women's,1,0,12,13,417,405,1.6264745423,0.978000758,1,0,50.7,75,74,75,65,1.5,1.5,75,74,75,65,1.5,1.5,1.5,1.5
3893834,International - Women's World Cup,2023,Morocco Women's,Colombia Women's,1,0,10,11,363,529,1.7962492335,0.5623994559999999,1,0,40.7,75,74,75,65,1.5,1.5,75,74,75,65,1.5,1.5,1.5,1.5
3893833,International - Women's World Cup,2023,Korea Republic Women's,Germany Women's,1,1,5,12,268,597,1.0127225388,1.317291036,2,1,31.0,75,74,75,65,1.5,1.5,83,79,82,74,2.1,1.1,1.3,1.8
3893832,International - Women's World Cup,2023,Jamaica Women's,Brazil Women's,0,0,3,18,279,676,0.16734487800000003,1.2934621858000002,0,1,29.2,75,74,75,65,1.5,1.5,87,83,86,79,2.4,0.9,1.2,1.95
3893831,International - Women's World Cup,2023,South Africa Women's,Italy Women's,3,2,12,17,302,514,0.7722712755,3.196025029,5,0,37.0,75,74,75,65,1.5,1.5,75,74,75,65,1.5,1.5,1.5,1.5
3893830,International - Women's World Cup,2023,Argentina Women's,Sweden Women's,0,2,6,7,352,478,0.34032963439999997,1.557407935,2,2,42.4,87,82,85,82,2.2,0.9,75,74,75,65,1.5,1.5,1.85,1.2
3893829,International - Women's World Cup,2023,Panama Women's,France Women's,3,6,6,26,233,560,1.4269441129999998,3.339155279,9,2,29.4,75,74,75,65,1.5,1.5,88,85,84,81,2.3,0.8,1.15,1.9
3893828,International - Women's World Cup,2023,China PR Women's,England Women's,1,6,7,17,298,826,1.015911129,2.26111686,7,2,26.5,75,74,75,65,1.5,1.5,82,80,81,75,2.0,1.0,1.25,1.75
3893827,International - Women's World Cup,2023,Vietnam Women's,Netherlands Women's,0,7,5,41,337,762,0.276434381,4.2380863391,7,2,30.7,75,74,75,65,1.5,1.5,75,74,75,65,1.5,1.5,1.5,1.5
3893825,International - Women's World Cup,2023,Haiti Women's,Denmark Women's,0,2,9,9,337,522,0.5274343557,1.8128935860000002,2,2,39.2,75,74,75,65,1.5,1.5,75,74,75,65,1.5,1.5,1.5,1.5
3893824,International - Women's World Cup,2023,Republic of Ireland Women's,Nigeria Women's,0,0,5,11,573,394,0.496109389,1.130158966,0,1,59.3,75,74,75,65,1.5,1.5,75,74,75,65,1.5,1.5,1.5,1.5
3893821,International - Women's World Cup,2023,Canada Women's,Australia Women's,0,4,11,11,550,370,0.52952204,3.1008675615,4,2,59.8,75,74,75,65,1.5,1.5,75,74,75,65,1.5,1.5,1.5,1.5
3893820,International - Women's World Cup,2023,Norway Women's,Philippines Women's,6,0,31,4,685,292,3.4810487919999993,0.11139621599999999,6,0,70.1,75,74,75,65,1.5,1.5,75,74,75,65,1.5,1.5,1.5,1.5
3893819,International - Women's World Cup,2023,Korea Republic Women's,Morocco Women's,0,1,17,10,514,305,1.3857554851999998,1.032568492,1,2,62.8,75,74,75,65,1.5,1.5,75,74,75,65,1.5,1.5,1.5,1.5
3893818,International - Women's World Cup,2023,Germany Women's,Colombia Women's,1,2,14,9,619,301,1.49605654,0.48373979870000006,3,2,67.3,83,79,82,74,2.1,1.1,75,74,75,65,1.5,1.5,1.8,1.3
3893817,International - Women's World Cup,2023,Switzerland Women's,New Zealand Women's,0,0,3,12,540,534,0.082423238,0.6978321840000001,0,1,50.3,75,74,75,65,1.5,1.5,75,74,75,65,1.5,1.5,1.5,1.5
3893816,International - Women's World Cup,2023,Panama Women's,Jamaica Women's,0,1,13,21,400,385,0.5091767395,1.042438936,1,2,51.0,75,74,75,65,1.5,1.5,75,74,75,65,1.5,1.5,1.5,1.5
3893815,International - Women's World Cup,2023,France Women's,Brazil Women's,2,1,20,11,473,408,0.9078841072,0.950032264,3,0,53.7,88,85,84,81,2.3,0.8,87,83,86,79,2.4,0.9,1.6,1.6
3893805,International - Women's World Cup,2023,Japan Women's,Costa Rica Women's,2,0,23,6,592,456,2.4619794099999996,0.14533287900000003,2,0,56.5,75,74,75,65,1.5,1.5,75,74,75,65,1.5,1.5,1.5,1.5
3893803,International - Women's World Cup,2023,New Zealand Women's,Philippines Women's,0,1,18,4,605,290,1.3607474370000001,0.30559884000000004,1,2,67.6,75,74,75,65,1.5,1.5,75,74,75,65,1.5,1.5,1.5,1.5
3893802,International - Women's World Cup,2023,Colombia Women's,Korea Republic Women's,2,0,17,5,403,314,1.5127524940000001,0.32761481200000003,2,0,56.2,75,74,75,65,1.5,1.5,75,74,75,65,1.5,1.5,1.5,1.5
3893800,International - Women's World Cup,2023,Italy Women's,Argentina Women's,1,0,12,5,438,388,0.5389511710000001,0.2361659321,1,0,53.0,75,74,75,65,1.5,1.5,87,82,85,82,2.2,0.9,1.2,1.85
3893799,International - Women's World Cup,2023,Germany Women's,Morocco Women's,6,0,16,6,770,282,2.315462014,0.1764720397,6,0,73.2,83,79,82,74,2.1,1.1,75,74,75,65,1.5,1.5,1.8,1.3
3893796,International - Women's World Cup,2023,Sweden Women's,South Africa Women's,2,1,16,10,618,292,1.604097829,1.036704651,3,0,67.9,75,74,75,65,1.5,1.5,75,74,75,65,1.5,1.5,1.5,1.5
3893795,International - Women's World Cup,2023,Denmark Women's,China PR Women's,1,0,13,8,551,434,0.8643483650000001,0.26273113200000003,1,0,55.9,75,74,75,65,1.5,1.5,75,74,75,65,1.5,1.5,1.5,1.5
3893793,International - Women's World Cup,2023,Zambia Women's,Japan Women's,0,5,0,26,455,654,0.0,4.6190356464,5,2,41.0,75,74,75,65,1.5,1.5,75,74,75,65,1.5,1.5,1.5,1.5
22949,International - Women's World Cup,2019,Germany Women's,Spain Women's,1,0,13,17,307,563,1.478954139,0.9877610683,1,0,35.3,83,79,82,74,2.1,1.1,84,83,86,77,2.0,0.8,1.45,1.55
22943,International - Women's World Cup,2019,United States Women's,Thailand Women's,13,0,39,2,710,264,5.9534656550000005,0.02030972,13,0,72.9,75,74,75,65,1.5,1.5,75,74,75,65,1.5,1.5,1.5,1.5
22944,International - Women's World Cup,2019,Chile Women's,Sweden Women's,0,2,5,25,279,583,0.11702237339999999,2.5943669065,2,2,32.4,75,74,75,65,1.5,1.5,75,74,75,65,1.5,1.5,1.5,1.5
22961,International - Women's World Cup,2019,Japan Women's,Scotland Women's,2,1,18,12,509,498,2.2736453130000003,0.5290946404999999,3,0,50.5,75,74,75,65,1.5,1.5,75,74,75,65,1.5,1.5,1.5,1.5
22964,International - Women's World Cup,2019,Netherlands Women's,Cameroon Women's,3,1,9,10,522,345,1.5053251109999999,1.028300077,4,0,60.2,75,74,75,65,1.5,1.5,75,74,75,65,1.5,1.5,1.5,1.5
68357,International - Women's World Cup,2019,Norway Women's,Australia Women's,1,1,32,20,576,671,4.989112048,3.5211034103,2,1,46.2,75,74,75,65,1.5,1.5,75,74,75,65,1.5,1.5,1.5,1.5
22933,International - Women's World Cup,2019,Australia Women's,Italy Women's,1,2,16,6,495,302,2.9680209479999995,0.4505479603,3,2,62.1,75,74,75,65,1.5,1.5,75,74,75,65,1.5,1.5,1.5,1.5
22963,International - Women's World Cup,2019,Jamaica Women's,Italy Women's,0,5,8,16,374,483,0.313995843,3.7530825127000003,5,2,43.6,75,74,75,65,1.5,1.5,75,74,75,65,1.5,1.5,1.5,1.5
68311,International - Women's World Cup,2019,Jamaica Women's,Australia Women's,1,4,10,11,267,704,0.7098749409999999,2.068743195,5,2,27.5,75,74,75,65,1.5,1.5,75,74,75,65,1.5,1.5,1.5,1.5
22940,International - Women's World Cup,2019,Argentina Women's,Japan Women's,0,0,5,8,297,713,0.1949314686,0.346519747,0,1,29.4,87,82,85,82,2.2,0.9,75,74,75,65,1.5,1.5,1.85,1.2
22945,International - Women's World Cup,2019,Nigeria Women's,Korea Republic Women's,2,0,13,17,315,553,0.801949223,0.8575782450000001,2,0,36.3,75,74,75,65,1.5,1.5,75,74,75,65,1.5,1.5,1.5,1.5
22956,International - Women's World Cup,2019,South Africa Women's,China PR Women's,0,1,5,15,447,490,0.21343773,1.199871356,1,2,47.7,75,74,75,65,1.5,1.5,75,74,75,65,1.5,1.5,1.5,1.5
22966,International - Women's World Cup,2019,Canada Women's,New Zealand Women's,2,0,22,2,663,296,2.7431126054000003,0.08579355899999999,2,0,69.1,75,74,75,65,1.5,1.5,75,74,75,65,1.5,1.5,1.5,1.5
68344,International - Women's World Cup,2019,Netherlands Women's,Canada Women's,2,1,8,12,444,462,1.533231195,1.248275455,3,0,49.0,75,74,75,65,1.5,1.5,75,74,75,65,1.5,1.5,1.5,1.5
68345,International - Women's World Cup,2019,Sweden Women's,United States Women's,0,2,7,16,401,639,0.6278866439999999,1.7987431010000001,2,2,38.6,75,74,75,65,1.5,1.5,75,74,75,65,1.5,1.5,1.5,1.5
69163,International - Women's World Cup,2019,Sweden Women's,Canada Women's,1,0,8,11,384,558,0.619273636,1.256878542,1,0,40.8,75,74,75,65,1.5,1.5,75,74,75,65,1.5,1.5,1.5,1.5
68346,International - Women's World Cup,2019,Cameroon Women's,New Zealand Women's,2,1,22,9,369,472,2.0206160902,0.8330351447,3,0,43.9,75,74,75,65,1.5,1.5,75,74,75,65,1.5,1.5,1.5,1.5
68355,International - Women's World Cup,2019,Germany Women's,Nigeria Women's,3,0,12,7,463,232,1.676943118,0.28837102549999993,3,0,66.6,83,79,82,74,2.1,1.1,75,74,75,65,1.5,1.5,1.8,1.3
69301,International - Women's World Cup,2019,England Women's,Sweden Women's,1,2,11,8,568,353,0.47384331370000005,0.5492785124999999,3,2,61.7,82,80,81,75,2.0,1.0,75,74,75,65,1.5,1.5,1.75,1.25
69137,International - Women's World Cup,2019,France Women's,Brazil Women's,2,1,14,12,498,479,1.984868016,0.8794135235999999,3,0,51.0,88,85,84,81,2.3,0.8,87,83,86,79,2.4,0.9,1.6,1.6
69208,International - Women's World Cup,2019,Germany Women's,Sweden Women's,1,2,13,11,567,337,1.269988922,1.3226652979999998,3,2,62.7,83,79,82,74,2.1,1.1,75,74,75,65,1.5,1.5,1.8,1.3
22936,International - Women's World Cup,2019,England Women's,Scotland Women's,2,1,15,9,581,407,2.2976177723,0.47933502549999996,3,0,58.8,82,80,81,75,2.0,1.0,75,74,75,65,1.5,1.5,1.75,1.25
22973,International - Women's World Cup,2019,Sweden Women's,Thailand Women's,5,1,35,7,661,258,3.9803685640000004,0.286477061,6,0,71.9,75,74,75,65,1.5,1.5,75,74,75,65,1.5,1.5,1.5,1.5
68337,International - Women's World Cup,2019,Japan Women's,England Women's,0,2,16,16,517,575,1.1124942504000002,1.434248508,2,2,47.3,75,74,75,65,1.5,1.5,82,80,81,75,2.0,1.0,1.25,1.75
22981,International - Women's World Cup,2019,Korea Republic Women's,Norway Women's,1,2,22,8,480,343,2.161687729,2.162097936,3,2,58.3,75,74,75,65,1.5,1.5,75,74,75,65,1.5,1.5,1.5,1.5
22974,International - Women's World Cup,2019,United States Women's,Chile Women's,3,0,28,1,613,255,3.1376770510000003,0.0063354955,3,0,70.6,75,74,75,65,1.5,1.5,75,74,75,65,1.5,1.5,1.5,1.5
22924,International - Women's World Cup,2019,Norway Women's,Nigeria Women's,3,0,10,10,470,332,0.785800019,0.797710509,3,0,58.6,75,74,75,65,1.5,1.5,75,74,75,65,1.5,1.5,1.5,1.5
69321,International - Women's World Cup,2019,United States Women's,Netherlands Women's,2,0,15,6,424,415,2.1717412840000003,0.19100666900000002,2,0,50.5,75,74,75,65,1.5,1.5,75,74,75,65,1.5,1.5,1.5,1.5
22983,International - Women's World Cup,2019,China PR Women's,Spain Women's,0,0,1,25,335,610,0.02244288,1.697005864,0,1,35.4,75,74,75,65,1.5,1.5,84,83,86,77,2.0,0.8,1.15,1.75
68312,International - Women's World Cup,2019,Italy Women's,Brazil Women's,0,1,10,11,390,420,0.9455884330000001,1.717116743,1,2,48.1,75,74,75,65,1.5,1.5,87,83,86,79,2.4,0.9,1.2,1.95
22921,International - Women's World Cup,2019,France Women's,Korea Republic Women's,4,0,21,5,641,328,1.1438796980000001,0.286732512,4,0,66.2,88,85,84,81,2.3,0.8,75,74,75,65,1.5,1.5,1.9,1.15
22926,International - Women's World Cup,2019,Germany Women's,China PR Women's,1,0,16,5,541,344,0.982400505,0.5562244450000001,1,0,61.1,83,79,82,74,2.1,1.1,75,74,75,65,1.5,1.5,1.8,1.3
22930,International - Women's World Cup,2019,Spain Women's,South Africa Women's,3,1,28,4,625,216,4.3168905504,0.39702972,4,0,74.3,84,83,86,77,2.0,0.8,75,74,75,65,1.5,1.5,1.75,1.15
22934,International - Women's World Cup,2019,Brazil Women's,Jamaica Women's,3,0,17,12,476,299,2.5194792102,0.49637214999999996,3,0,61.4,87,83,86,79,2.4,0.9,75,74,75,65,1.5,1.5,1.95,1.2
22939,International - Women's World Cup,2019,Canada Women's,Cameroon Women's,1,0,16,4,620,228,1.280142589,0.211641613,1,0,73.1,75,74,75,65,1.5,1.5,75,74,75,65,1.5,1.5,1.5,1.5
69202,International - Women's World Cup,2019,France Women's,United States Women's,1,2,20,10,512,331,1.1991003574999999,0.472523115,3,2,60.7,88,85,84,81,2.3,0.8,75,74,75,65,1.5,1.5,1.9,1.15
22942,International - Women's World Cup,2019,New Zealand Women's,Netherlands Women's,0,1,6,16,327,725,0.697050917,2.1951364535,1,2,31.1,75,74,75,65,1.5,1.5,75,74,75,65,1.5,1.5,1.5,1.5
22948,International - Women's World Cup,2019,France Women's,Norway Women's,2,1,16,4,361,442,2.109810502,0.30631469199999994,3,0,45.0,88,85,84,81,2.3,0.8,75,74,75,65,1.5,1.5,1.9,1.15
22955,International - Women's World Cup,2019,Australia Women's,Brazil Women's,3,2,10,11,528,423,0.9841124440000001,1.513525943,5,0,55.5,75,74,75,65,1.5,1.5,87,83,86,79,2.4,0.9,1.2,1.95
22962,International - Women's World Cup,2019,England Women's,Argentina Women's,1,0,17,2,617,222,3.245917304,0.0269828437,1,0,73.5,82,80,81,75,2.0,1.0,87,82,85,82,2.2,0.9,1.45,1.6
22980,International - Women's World Cup,2019,Nigeria Women's,France Women's,0,1,2,20,239,575,0.17556812700000002,2.028490302,1,2,29.4,75,74,75,65,1.5,1.5,88,85,84,81,2.3,0.8,1.15,1.9
22984,International - Women's World Cup,2019,South Africa Women's,Germany Women's,0,4,8,23,405,597,0.6760514378,4.612660633,4,2,40.4,75,74,75,65,1.5,1.5,83,79,82,74,2.1,1.1,1.3,1.8
68338,International - Women's World Cup,2019,Scotland Women's,Argentina Women's,3,3,11,11,400,387,1.9250947839999997,1.5321079181,6,1,50.8,75,74,75,65,1.5,1.5,87,82,85,82,2.2,0.9,1.2,1.85
68343,International - Women's World Cup,2019,Thailand Women's,Chile Women's,0,2,4,28,305,562,0.190000546,2.7339740802,2,2,35.2,75,74,75,65,1.5,1.5,75,74,75,65,1.5,1.5,1.5,1.5
68362,International - Women's World Cup,2019,England Women's,Cameroon Women's,3,0,7,7,619,300,1.29601896,0.5922388853999999,3,0,67.4,82,80,81,75,2.0,1.0,75,74,75,65,1.5,1.5,1.75,1.25
69191,International - Women's World Cup,2019,Italy Women's,China PR Women's,2,0,15,19,361,577,0.9897985447000002,0.704297258,2,0,38.5,75,74,75,65,1.5,1.5,75,74,75,65,1.5,1.5,1.5,1.5
69188,International - Women's World Cup,2019,Netherlands Women's,Japan Women's,2,1,11,12,606,526,1.624428172,1.0722324859999999,3,0,53.5,75,74,75,65,1.5,1.5,75,74,75,65,1.5,1.5,1.5,1.5
69199,International - Women's World Cup,2019,Norway Women's,England Women's,0,3,12,16,483,496,0.7359335859999999,2.756277429,3,2,49.3,75,74,75,65,1.5,1.5,82,80,81,75,2.0,1.0,1.25,1.75
69258,International - Women's World Cup,2019,England Women's,United States Women's,1,2,7,11,500,373,1.4089289983,0.7917331620000001,3,2,57.3,82,80,81,75,2.0,1.0,75,74,75,65,1.5,1.5,1.75,1.25
69284,International - Women's World Cup,2019,Netherlands Women's,Sweden Women's,1,0,16,11,644,501,1.1736169887,0.7690924829999999,1,0,56.2,75,74,75,65,1.5,1.5,75,74,75,65,1.5,1.5,1.5,1.5
69205,International - Women's World Cup,2019,Italy Women's,Netherlands Women's,0,2,6,20,297,501,0.5500126120000001,1.6937020800000002,2,2,37.2,75,74,75,65,1.5,1.5,75,74,75,65,1.5,1.5,1.5,1.5
69161,International - Women's World Cup,2019,Spain Women's,United States Women's,1,2,4,11,368,428,0.204093485,2.1742465500000003,3,2,46.2,84,83,86,77,2.0,0.8,75,74,75,65,1.5,1.5,1.75,1.15
