Per 90 Minutes_Ast_Next,SCA_SCA90,Per 90 Minutes_xAG,Expected_xA,Expected_xAG,xAG_,Progression_PrgR,Receiving_PrgR,Touches_Att 3rd,KP_,Per 90 Minutes_npxG+xAG,SCA_SCA,GCA_GCA,Per 90 Minutes_xG+xAG,PPA_,Expected_npxG+xAG,GCA_GCA90,Carries_CPA,GCA Types_PassLive,SCA Types_PassLive,Ast_,Performance_Ast,Performance_G+A,Per 90 Minutes_G+A,Per 90 Minutes_G+A-PK,season
0.0,1.71,0.02,0.1,0.2,0.2,58.0,58.0,108.0,6.0,0.48,15.0,1.0,0.48,1.0,4.2,0.11,5.0,1.0,10.0,1,1,3,0.34,0.34,2021
0.0,2.94,0.15,2.9,3.7,3.7,82.0,82.0,438.0,40.0,0.16,73.0,1.0,0.16,28.0,4.0,0.04,1.0,0.0,43.0,1,1,1,0.04,0.04,2223
0.05,1.4,0.06,1.4,1.8,1.8,156.0,156.0,458.0,19.0,0.08,44.0,4.0,0.08,19.0,2.6,0.13,8.0,4.0,37.0,1,1,6,0.19,0.19,2122
0.0,1.48,0.05,0.8,0.7,0.7,55.0,55.0,159.0,7.0,0.11,20.0,1.0,0.11,6.0,1.5,0.07,6.0,1.0,12.0,1,1,2,0.15,0.15,1819
0.0,2.43,0.02,0.1,0.2,0.2,51.0,51.0,120.0,4.0,0.43,21.0,2.0,0.6,2.0,3.7,0.23,9.0,0.0,13.0,0,0,2,0.23,0.12,1920
0.09,3.28,0.1,2.7,2.6,2.6,94.0,94.0,627.0,43.0,0.18,85.0,3.0,0.21,24.0,4.6,0.12,7.0,2.0,50.0,1,1,4,0.15,0.12,1819
0.09,3.25,0.14,2.3,2.0,2.0,133.0,133.0,379.0,25.0,0.37,48.0,10.0,0.37,16.0,5.4,0.68,6.0,9.0,41.0,6,6,10,0.68,0.68,1819
0.33,4.19,0.09,1.2,1.1,1.1,81.0,81.0,372.0,20.0,0.31,49.0,4.0,0.31,8.0,3.6,0.34,5.0,3.0,41.0,1,1,4,0.34,0.34,1920
0.0,4.79,0.27,2.0,3.3,3.3,96.0,96.0,323.0,31.0,0.62,58.0,9.0,0.62,21.0,7.5,0.74,13.0,6.0,46.0,4,4,6,0.5,0.5,2021
0.0,3.52,0.1,2.0,1.8,1.8,84.0,84.0,361.0,28.0,0.24,62.0,4.0,0.24,20.0,4.3,0.23,8.0,2.0,42.0,1,1,2,0.11,0.11,2223
0.12,1.5,0.09,3.1,3.0,3.0,175.0,175.0,745.0,25.0,0.11,51.0,8.0,0.11,21.0,3.7,0.23,21.0,7.0,45.0,4,4,4,0.12,0.12,1920
0.1,1.88,0.06,0.9,1.0,1.0,64.0,64.0,286.0,15.0,0.14,30.0,1.0,0.14,10.0,2.2,0.06,4.0,1.0,29.0,0,0,0,0.0,0.0,2223
0.14,1.31,0.08,1.4,1.5,1.5,54.0,54.0,278.0,12.0,0.08,26.0,3.0,0.08,16.0,1.6,0.15,4.0,3.0,24.0,2,2,2,0.1,0.1,2324
0.0,3.31,0.15,5.6,4.9,4.9,187.0,187.0,731.0,63.0,0.18,106.0,9.0,0.18,38.0,5.7,0.28,11.0,5.0,71.0,3,3,3,0.09,0.09,1819
0.18,2.71,0.15,3.8,2.9,2.9,90.0,90.0,351.0,32.0,0.16,54.0,1.0,0.16,16.0,3.2,0.05,3.0,1.0,30.0,0,0,0,0.0,0.0,1920
0.0,0.88,0.05,1.0,0.8,0.8,86.0,86.0,253.0,6.0,0.06,15.0,3.0,0.06,7.0,1.0,0.18,3.0,3.0,11.0,3,3,3,0.18,0.18,2021
0.15,2.67,0.19,4.8,5.0,5.0,87.0,87.0,412.0,46.0,0.23,68.0,3.0,0.23,29.0,5.9,0.12,1.0,1.0,37.0,1,1,2,0.08,0.08,2122
0.07,2.87,0.14,3.4,2.8,2.8,61.0,61.0,380.0,27.0,0.2,59.0,5.0,0.24,29.0,4.2,0.24,3.0,4.0,39.0,3,3,8,0.39,0.39,2223
0.0,3.47,0.11,3.8,1.9,1.9,136.0,136.0,473.0,12.0,0.27,58.0,4.0,0.27,24.0,4.6,0.24,45.0,4.0,27.0,2,2,6,0.36,0.36,2223
0.09,2.08,0.03,0.5,0.3,0.3,89.0,89.0,271.0,4.0,0.26,20.0,2.0,0.34,9.0,2.5,0.21,35.0,1.0,12.0,0,0,1,0.1,0.1,2324
0.2,3.09,0.02,0.2,0.3,0.3,16.0,16.0,131.0,7.0,0.22,36.0,3.0,0.29,2.0,2.6,0.26,1.0,2.0,22.0,1,1,5,0.43,0.34,1920
0.0,2.82,0.16,0.7,1.6,1.6,36.0,36.0,181.0,13.0,0.31,28.0,5.0,0.31,5.0,3.0,0.5,4.0,2.0,18.0,2,2,5,0.5,0.5,2122
0.07,0.79,0.02,1.0,0.6,0.6,62.0,62.0,212.0,11.0,0.08,21.0,2.0,0.08,11.0,2.2,0.08,2.0,1.0,17.0,1,1,2,0.08,0.08,1819
0.0,0.62,0.07,1.1,0.7,0.7,39.0,39.0,150.0,4.0,0.08,6.0,2.0,0.08,6.0,0.8,0.21,3.0,2.0,6.0,1,1,1,0.1,0.1,2122
0.26,2.09,0.05,0.5,0.3,0.3,32.0,32.0,126.0,6.0,0.25,15.0,1.0,0.25,7.0,1.8,0.14,3.0,1.0,15.0,0,0,2,0.28,0.28,2223
0.39,3.44,0.1,1.4,1.2,1.2,56.0,56.0,220.0,16.0,0.31,39.0,4.0,0.38,12.0,3.5,0.35,8.0,3.0,27.0,3,3,6,0.53,0.44,2324
0.0,4.42,0.12,1.4,1.3,1.3,96.0,96.0,276.0,23.0,0.28,45.0,3.0,0.36,10.0,2.8,0.29,20.0,2.0,28.0,1,1,4,0.39,0.39,2021
0.15,3.46,0.04,0.0,0.0,0.0,12.0,12.0,23.0,1.0,0.15,3.0,0.0,0.15,0.0,0.1,0.0,1.0,0.0,2.0,0,0,0,0.0,0.0,2223
0.06,2.44,0.14,2.7,4.7,4.7,83.0,83.0,521.0,38.0,0.32,83.0,9.0,0.32,33.0,10.8,0.26,12.0,5.0,72.0,6,6,11,0.32,0.32,1819
0.11,2.71,0.11,2.8,3.9,3.9,96.0,96.0,646.0,38.0,0.26,95.0,8.0,0.26,27.0,9.0,0.23,16.0,6.0,69.0,2,2,6,0.17,0.17,1920
0.12,2.02,0.07,1.3,2.0,2.0,54.0,54.0,339.0,19.0,0.15,57.0,7.0,0.15,19.0,4.2,0.25,6.0,5.0,50.0,4,4,6,0.21,0.21,2122
0.03,2.65,0.13,1.4,2.2,2.2,66.0,66.0,242.0,22.0,0.27,45.0,3.0,0.27,10.0,4.6,0.18,7.0,3.0,38.0,2,2,7,0.41,0.41,2223
0.0,2.45,0.06,1.5,1.8,1.8,55.0,55.0,362.0,24.0,0.13,75.0,7.0,0.13,17.0,4.0,0.23,2.0,2.0,55.0,1,1,4,0.13,0.13,1819
0.11,1.66,0.05,1.1,1.2,1.2,30.0,30.0,269.0,17.0,0.11,41.0,2.0,0.17,8.0,2.6,0.08,5.0,1.0,24.0,0,0,3,0.12,0.04,1920
0.0,2.2,0.08,1.2,1.4,1.4,23.0,23.0,205.0,14.0,0.17,41.0,5.0,0.22,7.0,3.2,0.27,0.0,5.0,34.0,2,2,4,0.21,0.16,2021
0.04,1.73,0.04,0.9,0.9,0.9,25.0,25.0,194.0,12.0,0.09,44.0,1.0,0.15,7.0,2.3,0.04,2.0,1.0,37.0,0,0,2,0.08,0.0,2324
0.0,0.67,0.01,0.2,0.1,0.1,1.0,1.0,29.0,1.0,0.03,6.0,0.0,0.03,1.0,0.2,0.0,0.0,0.0,3.0,0,0,0,0.0,0.0,2324
0.0,1.94,0.21,0.5,0.9,0.9,36.0,36.0,70.0,5.0,0.48,8.0,2.0,0.48,5.0,2.0,0.49,4.0,2.0,7.0,1,1,3,0.73,0.73,1920
0.0,1.31,0.01,0.3,0.1,0.1,43.0,43.0,100.0,1.0,0.2,8.0,0.0,0.32,2.0,1.2,0.0,6.0,0.0,1.0,0,0,1,0.16,0.0,2021
0.04,0.58,0.01,0.1,0.3,0.3,4.0,4.0,25.0,4.0,0.03,11.0,0.0,0.03,4.0,0.7,0.0,0.0,0.0,8.0,0,0,1,0.05,0.05,2324
0.22,2.53,0.1,0.4,0.7,0.7,33.0,33.0,106.0,10.0,0.31,18.0,1.0,0.31,4.0,2.2,0.14,2.0,0.0,12.0,0,0,3,0.42,0.42,2122
0.0,1.63,0.17,1.2,2.4,2.4,49.0,49.0,181.0,14.0,0.4,23.0,3.0,0.4,8.0,5.6,0.21,5.0,3.0,16.0,1,1,7,0.5,0.5,2324
0.0,2.56,0.09,0.3,0.3,0.3,30.0,30.0,88.0,6.0,0.25,9.0,0.0,0.25,2.0,0.9,0.0,0.0,0.0,7.0,0,0,0,0.0,0.0,2021
0.33,2.22,0.15,2.4,2.9,2.9,106.0,106.0,463.0,11.0,0.24,43.0,10.0,0.24,27.0,4.6,0.52,17.0,6.0,30.0,4,4,6,0.31,0.31,1819
0.27,3.08,0.18,5.6,5.3,5.3,323.0,323.0,927.0,35.0,0.34,93.0,20.0,0.34,39.0,10.2,0.66,41.0,16.0,71.0,10,10,15,0.5,0.5,1920
0.22,3.0,0.21,6.8,6.2,6.2,309.0,309.0,824.0,36.0,0.37,89.0,19.0,0.37,47.0,10.9,0.64,46.0,17.0,69.0,8,8,15,0.51,0.51,2021
0.13,1.89,0.15,5.0,4.1,4.1,294.0,294.0,750.0,31.0,0.24,52.0,9.0,0.24,34.0,6.6,0.33,17.0,8.0,42.0,6,6,10,0.36,0.36,2122
0.23,3.29,0.13,5.3,3.0,3.0,229.0,229.0,713.0,33.0,0.3,75.0,9.0,0.3,46.0,6.8,0.39,22.0,5.0,64.0,3,3,8,0.35,0.35,2223
0.26,4.33,0.24,4.2,5.2,5.2,230.0,230.0,835.0,43.0,0.44,93.0,14.0,0.44,45.0,9.4,0.65,22.0,13.0,79.0,5,5,9,0.42,0.42,2324
0.14,1.62,0.09,0.8,1.3,1.3,70.0,70.0,222.0,11.0,0.23,24.0,2.0,0.23,10.0,3.3,0.13,11.0,1.0,19.0,1,1,3,0.2,0.2,2223
0.19,3.14,0.18,1.2,0.9,0.9,33.0,33.0,105.0,9.0,0.78,16.0,4.0,0.78,2.0,4.0,0.78,5.0,4.0,12.0,3,3,5,0.98,0.98,2324
0.24,4.63,0.09,0.5,0.5,0.5,39.0,39.0,163.0,9.0,0.14,24.0,3.0,0.14,7.0,0.7,0.58,5.0,2.0,18.0,0,0,0,0.0,0.0,1819
0.06,1.88,0.14,0.3,0.6,0.6,17.0,17.0,116.0,4.0,0.31,8.0,1.0,0.31,3.0,1.3,0.24,1.0,1.0,7.0,1,1,2,0.47,0.47,1920
0.06,3.16,0.14,2.6,2.6,2.6,77.0,77.0,349.0,25.0,0.23,56.0,4.0,0.23,26.0,4.2,0.23,13.0,4.0,50.0,1,1,2,0.11,0.11,2021
0.12,1.62,0.05,1.0,0.9,0.9,47.0,47.0,255.0,8.0,0.11,28.0,4.0,0.11,17.0,2.0,0.23,2.0,4.0,24.0,1,1,1,0.06,0.06,2122
0.11,2.75,0.12,1.2,1.0,1.0,43.0,43.0,151.0,14.0,0.23,22.0,2.0,0.23,9.0,1.9,0.25,4.0,2.0,22.0,1,1,3,0.37,0.37,2223
0.5,2.96,0.18,2.0,1.7,1.7,55.0,55.0,229.0,15.0,0.27,28.0,1.0,0.27,16.0,2.5,0.11,4.0,1.0,27.0,1,1,1,0.11,0.11,2324
0.1,2.0,0.05,1.7,1.3,1.3,141.0,141.0,443.0,22.0,0.1,47.0,3.0,0.1,26.0,2.3,0.13,12.0,3.0,41.0,1,1,2,0.09,0.09,1819
0.09,1.82,0.05,0.6,0.6,0.6,64.0,64.0,175.0,7.0,0.23,19.0,6.0,0.23,5.0,2.4,0.57,5.0,3.0,10.0,1,1,3,0.29,0.29,1920
0.0,1.91,0.07,2.2,2.2,2.2,201.0,201.0,482.0,29.0,0.13,63.0,5.0,0.13,22.0,4.4,0.15,11.0,4.0,53.0,3,3,5,0.15,0.15,2021
0.07,0.89,0.02,0.5,0.5,0.5,73.0,73.0,333.0,8.0,0.02,27.0,4.0,0.02,10.0,0.7,0.13,6.0,3.0,23.0,0,0,1,0.03,0.03,2122
0.0,1.14,0.03,1.2,1.1,1.1,43.0,43.0,260.0,9.0,0.06,35.0,3.0,0.06,7.0,1.8,0.1,4.0,2.0,28.0,2,2,2,0.07,0.07,2223
0.08,1.19,0.03,0.7,0.6,0.6,32.0,32.0,259.0,11.0,0.07,24.0,1.0,0.07,13.0,1.5,0.05,2.0,0.0,21.0,0,0,1,0.05,0.05,1920
0.0,0.57,0.02,0.3,0.2,0.2,6.0,6.0,41.0,2.0,0.03,5.0,0.0,0.03,5.0,0.3,0.0,1.0,0.0,5.0,0,0,2,0.23,0.23,2223
0.0,0.88,0.02,0.4,0.2,0.2,6.0,6.0,42.0,3.0,0.04,10.0,0.0,0.04,4.0,0.4,0.0,0.0,0.0,8.0,0,0,0,0.0,0.0,2324
0.08,1.53,0.09,0.7,0.9,0.9,5.0,5.0,52.0,6.0,0.1,16.0,4.0,0.1,10.0,1.1,0.38,1.0,4.0,15.0,0,0,0,0.0,0.0,2324
0.32,6.19,0.32,1.3,1.9,1.9,77.0,77.0,225.0,18.0,0.56,37.0,1.0,0.56,14.0,3.3,0.17,19.0,0.0,28.0,0,0,3,0.5,0.5,1819
0.08,8.06,0.22,0.7,0.8,0.8,44.0,44.0,151.0,12.0,0.41,29.0,0.0,0.41,11.0,1.5,0.0,12.0,0.0,18.0,0,0,0,0.0,0.0,2122
0.0,4.74,0.23,2.9,2.8,2.8,125.0,125.0,420.0,26.0,0.43,56.0,6.0,0.43,32.0,5.1,0.51,11.0,3.0,36.0,1,1,2,0.17,0.17,2223
0.08,0.89,0.04,1.5,1.3,1.3,54.0,54.0,296.0,16.0,0.05,29.0,2.0,0.05,28.0,1.8,0.06,3.0,2.0,25.0,1,1,1,0.03,0.03,2223
0.0,1.13,0.0,0.3,0.0,0.0,7.0,7.0,88.0,1.0,0.06,18.0,3.0,0.06,1.0,0.9,0.19,1.0,2.0,17.0,0,0,2,0.13,0.13,2122
0.0,0.91,0.01,0.4,0.2,0.2,9.0,9.0,108.0,6.0,0.09,20.0,1.0,0.09,5.0,1.9,0.05,0.0,1.0,19.0,0,0,0,0.0,0.0,2223
0.0,1.69,0.07,0.5,0.6,0.6,82.0,82.0,174.0,8.0,0.3,16.0,4.0,0.3,4.0,2.9,0.42,8.0,3.0,9.0,3,3,5,0.53,0.53,1718
0.0,0.62,0.0,0.1,0.1,0.1,1.0,1.0,30.0,3.0,0.07,12.0,1.0,0.07,0.0,1.4,0.05,0.0,1.0,11.0,0,0,1,0.05,0.05,2021
0.0,0.48,0.0,0.3,0.0,0.0,10.0,10.0,80.0,1.0,0.04,12.0,1.0,0.04,2.0,0.9,0.04,1.0,1.0,11.0,0,0,0,0.0,0.0,2122
0.1,4.29,0.01,0.2,0.0,0.0,9.0,9.0,43.0,1.0,0.42,9.0,0.0,0.42,1.0,0.9,0.0,0.0,0.0,7.0,0,0,3,1.43,1.43,1718
0.31,4.87,0.1,0.2,0.3,0.3,13.0,13.0,46.0,6.0,0.22,13.0,1.0,0.22,1.0,0.6,0.37,0.0,0.0,8.0,1,1,1,0.37,0.37,1819
0.36,3.83,0.23,6.5,6.6,6.6,246.0,246.0,694.0,48.0,0.36,111.0,15.0,0.36,41.0,10.4,0.52,71.0,11.0,67.0,9,9,13,0.45,0.45,1920
0.0,5.45,0.24,2.4,2.6,2.6,37.0,37.0,214.0,35.0,0.35,61.0,4.0,0.35,12.0,4.0,0.36,2.0,3.0,40.0,4,4,5,0.45,0.45,1920
0.0,3.91,0.16,3.8,4.8,4.8,220.0,220.0,626.0,55.0,0.23,115.0,5.0,0.23,30.0,6.9,0.17,58.0,3.0,74.0,2,2,4,0.14,0.14,2021
0.47,5.06,0.12,1.4,1.4,1.4,85.0,85.0,265.0,18.0,0.37,60.0,2.0,0.37,12.0,4.4,0.17,25.0,1.0,32.0,0,0,1,0.08,0.08,2122
0.06,4.71,0.21,1.0,0.9,0.9,55.0,55.0,143.0,7.0,0.37,20.0,3.0,0.37,11.0,1.6,0.71,16.0,3.0,12.0,2,2,2,0.47,0.47,2122
0.72,2.71,0.23,3.2,3.7,3.7,157.0,157.0,379.0,24.0,0.31,45.0,4.0,0.31,22.0,5.1,0.24,25.0,2.0,37.0,1,1,3,0.18,0.18,2223
0.36,3.34,0.17,0.9,0.7,0.7,48.0,48.0,118.0,7.0,0.53,14.0,5.0,0.53,9.0,2.2,1.19,13.0,4.0,12.0,3,3,5,1.19,1.19,2324
0.0,3.93,0.21,1.0,1.4,1.4,52.0,52.0,183.0,10.0,0.41,27.0,6.0,0.41,7.0,2.8,0.87,11.0,5.0,17.0,2,2,2,0.29,0.29,1819
0.13,4.09,0.29,0.4,1.0,1.0,32.0,32.0,111.0,7.0,0.67,14.0,0.0,0.67,7.0,2.3,0.0,4.0,0.0,9.0,0,0,0,0.0,0.0,1920
0.0,4.16,0.17,4.2,5.2,5.2,236.0,236.0,810.0,61.0,0.35,127.0,9.0,0.37,41.0,10.7,0.29,52.0,5.0,82.0,4,4,8,0.26,0.26,2021
0.31,2.85,0.11,1.8,1.9,1.9,139.0,139.0,345.0,23.0,0.4,46.0,3.0,0.4,20.0,6.4,0.19,24.0,2.0,35.0,0,0,6,0.37,0.37,2122
0.33,4.53,0.34,4.9,6.6,6.6,185.0,185.0,470.0,39.0,0.69,87.0,12.0,0.82,33.0,13.3,0.62,33.0,8.0,60.0,6,6,19,0.99,0.83,2223
0.2,4.81,0.25,4.8,5.2,5.2,222.0,222.0,607.0,50.0,0.68,101.0,14.0,0.68,32.0,14.3,0.67,35.0,9.0,65.0,7,7,18,0.86,0.86,2324
0.33,4.93,0.3,4.0,5.8,5.8,92.0,92.0,406.0,59.0,0.48,95.0,8.0,0.48,25.0,9.2,0.42,14.0,5.0,51.0,5,5,7,0.36,0.36,2021
0.0,3.17,0.14,1.3,1.6,1.6,61.0,61.0,268.0,17.0,0.23,38.0,5.0,0.23,9.0,2.8,0.42,9.0,3.0,21.0,4,4,4,0.33,0.33,2122
0.06,0.38,0.0,0.1,0.1,0.1,0.0,0.0,29.0,2.0,0.06,5.0,0.0,0.06,2.0,0.8,0.0,0.0,0.0,5.0,0,0,3,0.23,0.23,2122
0.15,4.15,0.19,4.3,3.6,3.6,176.0,176.0,468.0,36.0,0.41,78.0,10.0,0.41,27.0,7.6,0.53,17.0,5.0,47.0,5,5,11,0.59,0.59,1819
0.22,3.15,0.15,2.3,2.0,2.0,94.0,94.0,295.0,19.0,0.28,42.0,6.0,0.28,15.0,3.7,0.45,5.0,5.0,29.0,2,2,4,0.3,0.3,1920
0.0,4.28,0.27,2.5,2.4,2.4,60.0,60.0,238.0,18.0,0.33,39.0,3.0,0.33,17.0,3.0,0.33,4.0,3.0,33.0,2,2,2,0.22,0.22,2021
0.23,4.95,0.21,3.4,3.0,3.0,173.0,173.0,468.0,30.0,0.39,69.0,7.0,0.39,33.0,5.4,0.5,29.0,5.0,33.0,3,3,4,0.29,0.29,1819
0.44,4.63,0.23,2.4,3.0,3.0,133.0,133.0,343.0,23.0,0.38,60.0,6.0,0.38,24.0,5.0,0.46,20.0,3.0,31.0,3,3,6,0.46,0.46,1920
0.0,4.79,0.35,4.2,4.0,4.0,116.0,116.0,387.0,23.0,0.58,54.0,12.0,0.79,34.0,6.6,1.07,10.0,7.0,32.0,5,5,9,0.8,0.53,2021
0.0,4.32,0.16,3.7,2.9,2.9,140.0,140.0,526.0,34.0,0.3,78.0,6.0,0.39,35.0,5.4,0.33,20.0,1.0,42.0,0,0,3,0.17,0.06,2122
0.09,2.76,0.22,2.5,3.4,3.4,95.0,95.0,334.0,24.0,0.38,42.0,3.0,0.43,17.0,5.8,0.2,8.0,3.0,23.0,4,4,6,0.39,0.33,1920
0.18,4.17,0.12,3.1,2.5,2.5,134.0,134.0,563.0,37.0,0.24,92.0,6.0,0.24,22.0,5.3,0.27,17.0,2.0,44.0,2,2,2,0.09,0.09,2122
0.0,3.79,0.21,2.6,3.4,3.4,115.0,115.0,435.0,32.0,0.39,62.0,9.0,0.44,12.0,6.4,0.55,14.0,3.0,29.0,3,3,7,0.43,0.37,2223
0.06,3.93,0.16,3.6,4.4,4.4,167.0,167.0,633.0,52.0,0.29,108.0,8.0,0.32,25.0,8.0,0.29,24.0,4.0,59.0,2,2,5,0.18,0.15,2324
0.0,1.22,0.06,0.3,0.4,0.4,26.0,26.0,64.0,4.0,0.35,7.0,0.0,0.35,0.0,2.0,0.0,1.0,0.0,5.0,0,0,1,0.17,0.17,2122
0.0,0.65,0.03,0.4,0.6,0.6,0.0,0.0,26.0,5.0,0.06,14.0,1.0,0.06,4.0,1.3,0.05,1.0,0.0,8.0,0,0,0,0.0,0.0,1819
0.07,1.53,0.04,0.4,0.5,0.5,78.0,78.0,207.0,10.0,0.59,21.0,2.0,0.6,4.0,8.1,0.15,7.0,2.0,14.0,1,1,8,0.58,0.58,1819
0.0,2.6,0.18,1.0,2.4,2.4,82.0,82.0,211.0,14.0,0.71,35.0,6.0,0.77,10.0,9.6,0.45,6.0,3.0,23.0,1,1,9,0.67,0.6,1920
0.04,2.14,0.15,0.6,1.0,1.0,60.0,60.0,152.0,6.0,0.85,14.0,0.0,0.85,4.0,5.6,0.0,5.0,0.0,10.0,0,0,4,0.61,0.61,2021
0.05,2.37,0.03,1.2,0.3,0.3,24.0,24.0,197.0,6.0,0.15,28.0,10.0,0.15,9.0,1.8,0.85,2.0,8.0,24.0,1,1,3,0.25,0.25,1819
0.08,2.49,0.06,0.8,1.2,1.2,80.0,80.0,422.0,14.0,0.13,53.0,6.0,0.13,7.0,2.7,0.28,9.0,2.0,38.0,1,1,2,0.09,0.09,1920
0.08,1.98,0.04,1.2,1.1,1.1,71.0,71.0,399.0,10.0,0.15,51.0,9.0,0.15,23.0,3.8,0.35,8.0,5.0,47.0,2,2,6,0.23,0.23,2021
0.13,1.77,0.07,2.0,1.8,1.8,82.0,82.0,330.0,21.0,0.15,45.0,3.0,0.15,16.0,3.9,0.12,12.0,3.0,35.0,2,2,2,0.08,0.08,2122
0.1,2.69,0.08,1.9,2.3,2.3,109.0,109.0,458.0,31.0,0.27,82.0,8.0,0.28,23.0,8.2,0.26,5.0,5.0,68.0,4,4,12,0.39,0.39,2223
0.14,2.17,0.14,4.0,4.1,4.1,106.0,106.0,447.0,26.0,0.25,64.0,5.0,0.26,23.0,7.4,0.17,10.0,4.0,54.0,3,3,8,0.27,0.27,2324
0.15,2.13,0.05,0.8,0.7,0.7,9.0,9.0,110.0,6.0,0.07,28.0,1.0,0.07,6.0,1.0,0.08,0.0,1.0,21.0,0,0,0,0.0,0.0,1819
0.06,2.73,0.15,2.0,2.1,2.1,21.0,21.0,182.0,15.0,0.2,37.0,3.0,0.2,8.0,2.7,0.22,1.0,1.0,24.0,2,2,2,0.15,0.15,1920
0.08,1.8,0.04,0.7,0.8,0.8,19.0,19.0,167.0,11.0,0.07,32.0,3.0,0.07,7.0,1.2,0.17,1.0,2.0,29.0,1,1,2,0.11,0.11,2021
0.0,1.84,0.04,1.3,1.4,1.4,60.0,60.0,279.0,25.0,0.07,60.0,3.0,0.07,13.0,2.4,0.09,3.0,2.0,51.0,3,3,3,0.09,0.09,1819
0.0,1.73,0.08,0.6,0.4,0.4,24.0,24.0,75.0,7.0,0.21,10.0,1.0,0.21,6.0,1.2,0.17,2.0,1.0,10.0,0,0,1,0.17,0.17,1920
0.07,1.37,0.02,1.1,0.6,0.6,58.0,58.0,272.0,11.0,0.07,34.0,4.0,0.07,18.0,1.7,0.16,1.0,2.0,26.0,0,0,1,0.04,0.04,2021
0.0,2.2,0.07,1.7,1.9,1.9,96.0,96.0,364.0,28.0,0.11,63.0,6.0,0.11,22.0,3.1,0.21,10.0,5.0,52.0,2,2,6,0.21,0.21,2122
0.08,1.57,0.03,1.2,0.9,0.9,58.0,58.0,244.0,22.0,0.05,53.0,3.0,0.05,17.0,1.8,0.09,4.0,3.0,44.0,0,0,0,0.0,0.0,2223
0.04,3.41,0.14,2.6,3.7,3.7,193.0,193.0,616.0,41.0,0.29,94.0,15.0,0.3,27.0,8.1,0.54,16.0,12.0,69.0,8,8,13,0.47,0.47,1819
0.03,3.69,0.12,2.5,2.9,2.9,149.0,149.0,558.0,40.0,0.37,85.0,7.0,0.37,31.0,8.5,0.3,15.0,6.0,64.0,1,1,9,0.39,0.39,1920
0.15,3.05,0.14,4.1,4.0,4.0,159.0,159.0,598.0,36.0,0.35,89.0,10.0,0.35,23.0,10.2,0.34,9.0,5.0,63.0,1,1,6,0.21,0.21,2021
0.35,3.35,0.13,4.5,3.3,3.3,167.0,167.0,642.0,33.0,0.36,89.0,13.0,0.36,40.0,9.5,0.49,13.0,10.0,66.0,4,4,12,0.45,0.45,2122
0.19,2.96,0.2,1.6,2.8,2.8,98.0,98.0,246.0,19.0,0.41,42.0,9.0,0.41,15.0,5.8,0.63,2.0,8.0,37.0,5,5,10,0.7,0.7,2223
0.15,3.65,0.18,1.9,1.9,1.9,73.0,73.0,249.0,17.0,0.33,38.0,3.0,0.33,13.0,3.4,0.29,3.0,2.0,32.0,2,2,2,0.19,0.19,2223
0.24,5.64,0.29,3.8,3.9,3.9,121.0,121.0,393.0,30.0,0.58,75.0,3.0,0.58,15.0,7.7,0.23,7.0,1.0,59.0,2,2,3,0.23,0.23,2324
0.28,2.03,0.11,2.1,2.0,2.0,118.0,118.0,362.0,13.0,0.21,37.0,7.0,0.21,18.0,3.8,0.38,11.0,5.0,31.0,2,2,5,0.27,0.27,2122
0.08,2.35,0.07,1.6,1.5,1.5,166.0,166.0,467.0,22.0,0.1,51.0,8.0,0.1,17.0,2.2,0.37,9.0,7.0,40.0,6,6,6,0.28,0.28,2223
0.07,1.59,0.08,2.0,1.8,1.8,181.0,181.0,545.0,19.0,0.15,38.0,3.0,0.15,22.0,3.5,0.13,8.0,1.0,27.0,2,2,3,0.13,0.13,2324
0.03,2.32,0.02,0.8,0.2,0.2,53.0,53.0,195.0,4.0,0.11,28.0,2.0,0.11,8.0,1.4,0.17,5.0,0.0,18.0,0,0,1,0.08,0.08,1920
0.04,2.67,0.16,2.0,3.2,3.2,109.0,109.0,408.0,27.0,0.2,52.0,4.0,0.2,18.0,3.9,0.21,9.0,4.0,38.0,4,4,5,0.26,0.26,2324
0.19,3.24,0.19,1.8,3.0,3.0,110.0,110.0,319.0,26.0,0.33,52.0,6.0,0.38,7.0,5.3,0.37,23.0,5.0,47.0,0,0,2,0.12,0.06,1920
0.0,2.65,0.05,0.5,0.4,0.4,33.0,33.0,120.0,7.0,0.3,20.0,4.0,0.3,6.0,2.2,0.53,3.0,3.0,9.0,2,2,5,0.66,0.66,1920
0.0,1.26,0.04,1.0,0.5,0.5,59.0,59.0,220.0,6.0,0.06,17.0,3.0,0.06,11.0,0.7,0.22,2.0,2.0,13.0,1,1,1,0.07,0.07,2021
0.16,1.84,0.05,1.1,0.9,0.9,87.0,87.0,366.0,14.0,0.06,36.0,2.0,0.06,18.0,1.1,0.1,2.0,2.0,25.0,1,1,1,0.05,0.05,2223
0.0,1.91,0.16,0.9,2.0,2.0,23.0,23.0,181.0,12.0,0.18,24.0,3.0,0.18,11.0,2.2,0.24,1.0,2.0,19.0,2,2,2,0.16,0.16,2324
0.04,3.44,0.12,2.3,2.8,2.8,144.0,144.0,448.0,33.0,0.25,77.0,11.0,0.28,20.0,5.5,0.49,8.0,11.0,61.0,6,6,9,0.4,0.36,2223
0.12,2.69,0.06,2.2,1.6,1.6,126.0,126.0,516.0,26.0,0.17,70.0,3.0,0.2,18.0,4.4,0.12,9.0,2.0,60.0,1,1,3,0.12,0.08,2324
0.09,1.88,0.02,0.4,0.1,0.1,11.0,11.0,59.0,2.0,0.04,9.0,0.0,0.04,3.0,0.2,0.0,2.0,0.0,7.0,0,0,0,0.0,0.0,2122
0.13,1.73,0.08,1.0,0.9,0.9,66.0,66.0,232.0,6.0,0.17,19.0,2.0,0.17,14.0,1.8,0.18,8.0,2.0,16.0,1,1,2,0.18,0.18,1819
0.0,1.36,0.1,1.4,1.5,1.5,34.0,34.0,233.0,11.0,0.13,21.0,3.0,0.13,13.0,2.0,0.19,9.0,2.0,17.0,2,2,2,0.13,0.13,1920
0.0,2.02,0.02,0.2,0.1,0.1,21.0,21.0,84.0,2.0,0.04,11.0,2.0,0.04,4.0,0.2,0.37,3.0,0.0,6.0,0,0,0,0.0,0.0,2021
0.0,1.61,0.05,1.3,0.7,0.7,52.0,52.0,199.0,4.0,0.09,22.0,2.0,0.09,9.0,1.2,0.15,8.0,1.0,19.0,0,0,0,0.0,0.0,2021
0.0,2.77,0.11,1.0,0.6,0.6,33.0,33.0,120.0,5.0,0.16,15.0,2.0,0.16,6.0,0.8,0.37,1.0,2.0,11.0,0,0,0,0.0,0.0,2122
0.25,1.54,0.05,0.7,0.7,0.7,35.0,35.0,155.0,10.0,0.05,24.0,2.0,0.05,12.0,0.7,0.13,2.0,1.0,22.0,0,0,0,0.0,0.0,2223
0.18,2.07,0.13,1.5,2.1,2.1,82.0,82.0,293.0,18.0,0.27,33.0,7.0,0.32,17.0,4.2,0.44,6.0,7.0,27.0,4,4,5,0.31,0.25,2324
0.0,0.5,0.01,0.4,0.2,0.2,1.0,1.0,41.0,4.0,0.05,15.0,1.0,0.05,6.0,1.4,0.03,0.0,1.0,15.0,0,0,1,0.03,0.03,2324
0.11,2.65,0.13,1.6,1.8,1.8,74.0,74.0,241.0,12.0,0.18,36.0,1.0,0.18,6.0,2.5,0.07,16.0,1.0,25.0,0,0,0,0.0,0.0,1920
0.0,3.05,0.12,1.7,2.1,2.1,148.0,148.0,370.0,24.0,0.28,54.0,3.0,0.28,20.0,5.0,0.17,14.0,3.0,40.0,2,2,4,0.23,0.23,2021
0.0,3.57,0.11,0.5,1.0,1.0,72.0,72.0,201.0,11.0,0.21,34.0,1.0,0.21,8.0,2.0,0.11,10.0,0.0,24.0,0,0,0,0.0,0.0,2122
0.09,2.29,0.13,1.1,2.1,2.1,70.0,70.0,277.0,15.0,0.18,37.0,1.0,0.18,12.0,3.0,0.06,8.0,1.0,26.0,0,0,0,0.0,0.0,2223
0.21,2.92,0.11,0.8,1.3,1.3,50.0,50.0,209.0,11.0,0.19,33.0,3.0,0.19,14.0,2.1,0.27,9.0,3.0,27.0,1,1,3,0.27,0.27,2324
0.0,2.71,0.06,1.3,0.6,0.6,42.0,42.0,167.0,10.0,0.18,29.0,0.0,0.18,8.0,1.9,0.0,2.0,0.0,14.0,0,0,2,0.19,0.19,2122
0.0,1.72,0.07,1.4,1.9,1.9,127.0,127.0,323.0,17.0,0.57,43.0,3.0,0.57,4.0,14.3,0.12,22.0,0.0,29.0,1,1,9,0.36,0.36,2324
0.0,2.02,0.15,2.7,1.5,1.5,64.0,64.0,138.0,11.0,0.27,21.0,3.0,0.27,5.0,2.8,0.29,10.0,2.0,15.0,2,2,2,0.19,0.19,2324
0.42,2.8,0.1,2.1,2.8,2.8,214.0,214.0,482.0,33.0,0.47,78.0,6.0,0.48,19.0,13.1,0.22,29.0,4.0,53.0,4,4,16,0.58,0.58,1819
0.05,3.7,0.33,6.1,7.8,7.8,186.0,186.0,515.0,39.0,0.8,88.0,13.0,0.84,32.0,19.1,0.55,29.0,10.0,62.0,10,10,20,0.84,0.84,1920
0.26,3.79,0.23,3.2,4.6,4.6,178.0,178.0,407.0,28.0,0.52,76.0,9.0,0.52,33.0,10.4,0.45,21.0,8.0,57.0,1,1,7,0.35,0.35,2021
0.46,4.77,0.34,7.5,7.4,7.4,141.0,141.0,430.0,55.0,0.59,105.0,9.0,0.7,37.0,13.0,0.41,24.0,8.0,83.0,6,6,16,0.7,0.57,2122
0.19,3.4,0.2,5.3,4.0,4.0,156.0,156.0,400.0,32.0,0.38,67.0,12.0,0.46,34.0,7.4,0.61,13.0,11.0,56.0,9,9,11,0.56,0.51,2223
0.19,3.62,0.19,4.1,4.0,4.0,157.0,157.0,446.0,36.0,0.48,77.0,11.0,0.52,38.0,10.2,0.52,21.0,7.0,55.0,4,4,11,0.52,0.47,2324
0.07,4.3,0.16,6.5,5.2,5.2,168.0,168.0,678.0,81.0,0.33,144.0,15.0,0.45,34.0,11.0,0.45,17.0,8.0,57.0,4,4,18,0.54,0.42,2324
0.21,1.01,0.01,0.1,0.0,0.0,2.0,2.0,47.0,1.0,0.03,6.0,0.0,0.03,0.0,0.2,0.0,0.0,0.0,5.0,0,0,0,0.0,0.0,2223
0.12,1.86,0.1,0.8,1.4,1.4,13.0,13.0,170.0,9.0,0.14,27.0,3.0,0.14,6.0,2.0,0.21,2.0,3.0,22.0,3,3,4,0.28,0.28,2324
0.0,1.84,0.05,0.2,0.1,0.1,25.0,25.0,56.0,3.0,0.21,5.0,1.0,0.21,2.0,0.6,0.37,1.0,1.0,5.0,0,0,1,0.37,0.37,1920
0.0,2.79,0.14,0.4,0.7,0.7,36.0,36.0,89.0,8.0,0.47,13.0,0.0,0.47,4.0,2.2,0.0,4.0,0.0,11.0,0,0,1,0.21,0.21,1920
0.0,4.85,0.15,1.0,0.6,0.6,50.0,50.0,122.0,7.0,0.89,20.0,1.0,0.89,4.0,3.7,0.24,2.0,0.0,12.0,0,0,1,0.24,0.24,2021
0.0,1.32,0.04,0.3,0.2,0.2,23.0,23.0,85.0,4.0,0.23,8.0,1.0,0.23,1.0,1.4,0.16,1.0,0.0,6.0,0,0,1,0.17,0.17,2324
0.14,0.97,0.02,0.1,0.1,0.1,10.0,10.0,38.0,2.0,0.2,5.0,2.0,0.2,0.0,1.0,0.39,1.0,2.0,4.0,0,0,0,0.0,0.0,1819
0.0,1.54,0.05,0.2,0.4,0.4,19.0,19.0,77.0,5.0,0.1,11.0,2.0,0.1,2.0,0.7,0.28,2.0,1.0,9.0,1,1,2,0.28,0.28,1920
0.04,1.14,0.03,0.4,0.4,0.4,30.0,30.0,124.0,3.0,0.06,15.0,0.0,0.06,3.0,0.8,0.0,3.0,0.0,9.0,0,0,0,0.0,0.0,2021
0.0,1.7,0.08,1.1,2.0,2.0,25.0,25.0,185.0,15.0,0.13,41.0,3.0,0.13,6.0,3.1,0.12,0.0,2.0,29.0,1,1,1,0.04,0.04,2122
0.05,0.98,0.03,0.3,0.4,0.4,10.0,10.0,80.0,6.0,0.07,13.0,1.0,0.07,5.0,0.9,0.08,1.0,1.0,11.0,0,0,0,0.0,0.0,2223
0.0,1.19,0.03,1.3,0.6,0.6,13.0,13.0,143.0,6.0,0.09,24.0,3.0,0.09,6.0,1.7,0.15,0.0,3.0,20.0,1,1,1,0.05,0.05,2324
0.0,2.62,0.28,0.9,0.9,0.9,13.0,13.0,56.0,6.0,0.67,8.0,3.0,0.88,1.0,2.0,0.98,2.0,1.0,6.0,1,1,2,0.65,0.33,2324
0.0,1.28,0.02,0.9,0.4,0.4,70.0,70.0,275.0,10.0,0.08,21.0,2.0,0.08,15.0,1.2,0.12,9.0,2.0,19.0,0,0,0,0.0,0.0,1920
0.07,2.72,0.14,2.8,1.9,1.9,87.0,87.0,306.0,16.0,0.37,37.0,3.0,0.37,21.0,5.0,0.22,4.0,0.0,28.0,2,2,5,0.37,0.37,2122
0.12,1.94,0.1,1.9,1.4,1.4,97.0,97.0,331.0,12.0,0.16,28.0,2.0,0.16,24.0,2.3,0.14,7.0,2.0,24.0,1,1,1,0.07,0.07,2223
0.0,2.18,0.1,1.8,1.6,1.6,79.0,79.0,266.0,16.0,0.14,36.0,8.0,0.14,23.0,2.4,0.49,2.0,5.0,27.0,2,2,4,0.24,0.24,2324
0.0,1.04,0.06,0.4,0.6,0.6,33.0,33.0,84.0,5.0,0.36,10.0,0.0,0.36,1.0,3.4,0.0,0.0,0.0,8.0,0,0,2,0.21,0.21,1819
0.0,3.36,0.07,1.0,0.6,0.6,72.0,72.0,252.0,12.0,0.16,29.0,3.0,0.16,12.0,1.4,0.35,8.0,2.0,20.0,1,1,1,0.12,0.12,2122
0.0,2.18,0.08,0.4,0.5,0.5,35.0,35.0,107.0,8.0,0.2,14.0,0.0,0.2,6.0,1.3,0.0,2.0,0.0,9.0,0,0,0,0.0,0.0,2122
0.08,1.9,0.03,1.3,1.0,1.0,25.0,25.0,242.0,18.0,0.07,56.0,4.0,0.07,9.0,1.9,0.14,3.0,1.0,43.0,0,0,0,0.0,0.0,1819
0.04,2.38,0.05,1.3,1.2,1.2,26.0,26.0,210.0,23.0,0.1,63.0,6.0,0.1,21.0,2.7,0.23,2.0,3.0,52.0,2,2,2,0.08,0.08,1920
0.0,1.02,0.04,0.7,0.9,0.9,18.0,18.0,192.0,11.0,0.07,26.0,1.0,0.07,8.0,1.8,0.04,1.0,1.0,19.0,1,1,3,0.12,0.12,2021
0.1,1.05,0.01,0.4,0.3,0.3,20.0,20.0,126.0,7.0,0.06,19.0,0.0,0.06,5.0,1.2,0.0,1.0,0.0,14.0,0,0,1,0.05,0.05,2122
0.21,3.41,0.12,2.6,2.1,2.1,65.0,65.0,303.0,29.0,0.2,63.0,4.0,0.2,15.0,3.6,0.22,1.0,3.0,30.0,1,1,3,0.16,0.16,1819
0.19,3.3,0.18,0.8,0.9,0.9,8.0,8.0,83.0,12.0,0.21,16.0,1.0,0.21,3.0,1.0,0.21,1.0,0.0,8.0,1,1,1,0.21,0.21,2021
0.17,4.82,0.24,6.0,6.2,6.2,76.0,76.0,490.0,64.0,0.31,125.0,16.0,0.31,23.0,8.0,0.62,7.0,10.0,69.0,5,5,6,0.23,0.23,2223
0.25,3.63,0.16,6.0,5.5,5.5,52.0,52.0,651.0,57.0,0.21,129.0,21.0,0.21,27.0,7.3,0.59,3.0,16.0,82.0,6,6,9,0.25,0.25,2324
0.17,4.09,0.17,0.9,1.0,1.0,56.0,56.0,152.0,14.0,0.24,24.0,3.0,0.24,13.0,1.4,0.51,6.0,3.0,18.0,0,0,0,0.0,0.0,1819
0.15,3.28,0.19,3.2,4.7,4.7,119.0,119.0,429.0,43.0,0.31,79.0,11.0,0.31,29.0,7.5,0.46,11.0,5.0,41.0,4,4,6,0.25,0.25,1920
0.26,2.89,0.11,2.2,2.3,2.3,120.0,120.0,404.0,26.0,0.14,61.0,3.0,0.14,28.0,3.0,0.14,4.0,2.0,41.0,0,0,2,0.09,0.09,2122
0.07,2.37,0.18,5.4,4.9,4.9,234.0,234.0,672.0,22.0,0.25,65.0,7.0,0.25,22.0,6.8,0.25,34.0,7.0,49.0,6,6,7,0.25,0.25,2223
0.16,1.9,0.08,1.5,1.2,1.2,141.0,141.0,384.0,13.0,0.09,29.0,4.0,0.09,20.0,1.4,0.26,20.0,4.0,26.0,1,1,1,0.07,0.07,2324
0.14,3.48,0.16,0.9,1.0,1.0,85.0,85.0,196.0,3.0,0.64,22.0,6.0,0.64,2.0,4.1,0.95,28.0,5.0,17.0,2,2,5,0.79,0.79,2223
0.08,4.17,0.18,2.9,5.1,5.1,281.0,281.0,741.0,46.0,0.47,119.0,15.0,0.47,22.0,13.4,0.53,102.0,10.0,80.0,4,4,11,0.39,0.39,2324
0.14,1.73,0.05,1.5,1.1,1.1,80.0,80.0,412.0,12.0,0.06,42.0,3.0,0.06,19.0,1.5,0.12,6.0,3.0,31.0,0,0,0,0.0,0.0,2021
0.0,2.35,0.17,2.6,3.6,3.6,90.0,90.0,319.0,24.0,0.2,49.0,7.0,0.2,21.0,4.2,0.34,10.0,7.0,38.0,3,3,3,0.14,0.14,2223
0.1,3.53,0.2,5.5,6.6,6.6,177.0,177.0,698.0,58.0,0.28,114.0,9.0,0.36,52.0,9.2,0.28,16.0,6.0,70.0,2,2,10,0.31,0.22,1819
0.23,3.79,0.17,4.4,5.1,5.1,193.0,193.0,682.0,56.0,0.29,115.0,4.0,0.39,40.0,8.7,0.13,15.0,3.0,72.0,3,3,10,0.33,0.26,1920
0.0,3.46,0.26,0.7,1.1,1.1,9.0,9.0,70.0,6.0,0.29,15.0,2.0,0.29,4.0,1.3,0.46,0.0,1.0,11.0,1,1,1,0.23,0.23,2021
0.04,2.82,0.18,2.0,2.7,2.7,88.0,88.0,307.0,23.0,0.47,44.0,5.0,0.57,11.0,7.3,0.32,5.0,3.0,34.0,3,3,6,0.39,0.32,2021
0.0,2.47,0.1,1.3,2.3,2.3,97.0,97.0,349.0,16.0,0.49,55.0,10.0,0.77,10.0,10.9,0.45,10.0,3.0,26.0,1,1,15,0.67,0.49,2223
0.76,4.02,0.24,5.2,5.5,5.5,115.0,115.0,531.0,46.0,0.39,92.0,11.0,0.39,27.0,9.0,0.48,23.0,8.0,47.0,4,4,7,0.31,0.31,1920
0.24,4.63,0.45,4.2,5.4,5.4,93.0,93.0,370.0,35.0,0.7,55.0,12.0,0.7,16.0,8.3,1.01,11.0,7.0,25.0,9,9,14,1.18,1.18,2021
0.26,4.08,0.18,3.5,3.1,3.1,126.0,126.0,478.0,44.0,0.34,68.0,8.0,0.34,36.0,5.7,0.48,13.0,6.0,41.0,4,4,7,0.42,0.42,2122
0.25,4.42,0.21,5.6,5.8,5.8,210.0,210.0,660.0,59.0,0.4,121.0,14.0,0.4,55.0,11.1,0.51,28.0,10.0,79.0,7,7,15,0.55,0.55,2223
0.22,4.77,0.32,2.3,2.7,2.7,65.0,65.0,258.0,22.0,0.48,41.0,8.0,0.48,15.0,4.1,0.93,16.0,6.0,29.0,5,5,7,0.82,0.82,2122
0.38,3.36,0.18,3.3,4.2,4.2,105.0,105.0,424.0,43.0,0.3,78.0,9.0,0.3,32.0,7.1,0.39,8.0,7.0,67.0,5,5,9,0.39,0.39,2223
0.0,0.21,0.02,0.5,0.4,0.4,1.0,1.0,24.0,1.0,0.05,4.0,0.0,0.05,3.0,0.9,0.0,4.0,0.0,4.0,0,0,1,0.05,0.05,1819
0.09,1.69,0.03,0.8,0.7,0.7,24.0,24.0,145.0,12.0,0.09,36.0,2.0,0.09,8.0,2.0,0.09,4.0,2.0,29.0,0,0,2,0.09,0.09,1920
0.08,1.75,0.08,1.7,2.0,2.0,34.0,34.0,218.0,14.0,0.09,45.0,5.0,0.09,16.0,2.3,0.19,5.0,5.0,39.0,2,2,3,0.12,0.12,2122
0.12,2.17,0.11,2.9,2.7,2.7,44.0,44.0,250.0,15.0,0.15,52.0,5.0,0.15,29.0,3.7,0.21,3.0,3.0,43.0,2,2,2,0.08,0.08,2223
0.07,0.68,0.06,0.3,0.7,0.7,3.0,3.0,66.0,5.0,0.12,9.0,3.0,0.12,1.0,1.6,0.23,0.0,2.0,6.0,1,1,1,0.08,0.08,2122
0.0,0.73,0.04,1.0,1.3,1.3,19.0,19.0,110.0,8.0,0.12,22.0,4.0,0.12,5.0,3.6,0.13,2.0,3.0,17.0,2,2,3,0.1,0.1,2223
0.17,1.8,0.01,0.1,0.0,0.0,19.0,19.0,64.0,1.0,0.17,9.0,1.0,0.17,1.0,0.8,0.2,0.0,1.0,7.0,0,0,0,0.0,0.0,1819
0.0,0.99,0.05,0.1,0.3,0.3,20.0,20.0,54.0,3.0,0.09,6.0,0.0,0.09,3.0,0.5,0.0,1.0,0.0,4.0,1,1,1,0.17,0.17,1819
0.0,1.88,0.04,0.4,0.3,0.3,12.0,12.0,57.0,8.0,0.09,15.0,1.0,0.09,2.0,0.7,0.13,0.0,1.0,13.0,1,1,2,0.25,0.25,1920
0.0,1.9,0.12,0.2,0.8,0.8,9.0,9.0,60.0,6.0,0.15,13.0,1.0,0.15,3.0,1.0,0.15,1.0,1.0,10.0,0,0,0,0.0,0.0,2021
0.04,2.49,0.08,0.3,0.3,0.3,16.0,16.0,56.0,8.0,0.14,10.0,0.0,0.14,0.0,0.6,0.0,1.0,0.0,7.0,0,0,0,0.0,0.0,2021
0.0,1.56,0.06,1.1,1.4,1.4,51.0,51.0,205.0,13.0,0.17,37.0,4.0,0.17,11.0,3.9,0.17,1.0,3.0,32.0,1,1,5,0.21,0.21,2122
0.06,1.57,0.05,0.5,0.9,0.9,21.0,21.0,153.0,10.0,0.19,28.0,0.0,0.19,7.0,3.4,0.0,0.0,0.0,23.0,0,0,1,0.06,0.06,2324
0.0,3.88,0.18,3.8,4.4,4.4,101.0,101.0,487.0,42.0,0.27,94.0,10.0,0.27,53.0,6.6,0.41,8.0,8.0,67.0,2,2,5,0.21,0.21,1819
0.06,2.71,0.17,1.9,1.8,1.8,52.0,52.0,201.0,12.0,0.21,30.0,2.0,0.21,13.0,2.3,0.18,10.0,1.0,25.0,1,1,1,0.09,0.09,1920
0.0,1.64,0.14,2.9,2.4,2.4,148.0,148.0,367.0,18.0,0.27,28.0,2.0,0.27,25.0,4.6,0.12,9.0,1.0,21.0,1,1,3,0.18,0.18,2021
0.0,2.65,0.07,1.5,0.9,0.9,51.0,51.0,217.0,11.0,0.13,34.0,2.0,0.13,21.0,1.6,0.16,4.0,2.0,25.0,0,0,2,0.16,0.16,2122
0.21,4.01,0.21,1.1,0.5,0.5,19.0,19.0,71.0,6.0,0.54,9.0,0.0,0.54,6.0,1.2,0.0,0.0,0.0,4.0,0,0,0,0.0,0.0,2223
0.0,4.41,0.18,3.5,3.4,3.4,50.0,50.0,354.0,45.0,0.26,85.0,7.0,0.26,25.0,5.1,0.36,1.0,2.0,47.0,4,4,5,0.26,0.26,2324
0.0,2.84,0.05,0.5,0.4,0.4,49.0,49.0,95.0,8.0,0.54,19.0,1.0,0.54,3.0,3.6,0.15,5.0,0.0,13.0,0,0,2,0.3,0.3,1819
0.05,2.77,0.15,1.0,1.8,1.8,18.0,18.0,142.0,17.0,0.21,33.0,6.0,0.21,3.0,2.5,0.5,2.0,3.0,19.0,3,3,3,0.25,0.25,1819
0.06,2.42,0.12,1.5,1.4,1.4,49.0,49.0,188.0,13.0,0.23,27.0,2.0,0.23,9.0,2.6,0.18,6.0,1.0,23.0,0,0,1,0.09,0.09,1819
0.0,2.14,0.08,0.9,1.2,1.2,85.0,85.0,306.0,11.0,0.14,34.0,3.0,0.14,6.0,2.3,0.19,7.0,1.0,25.0,1,1,1,0.06,0.06,1920
0.0,1.43,0.02,0.4,0.2,0.2,63.0,63.0,154.0,4.0,0.07,15.0,2.0,0.07,4.0,0.7,0.19,4.0,2.0,9.0,0,0,0,0.0,0.0,2021
0.0,0.76,0.0,0.2,0.0,0.0,2.0,2.0,35.0,1.0,0.17,6.0,0.0,0.17,4.0,1.4,0.0,1.0,0.0,4.0,0,0,2,0.25,0.25,2425
0.0,2.05,0.07,0.9,1.2,1.2,60.0,60.0,213.0,14.0,0.22,35.0,3.0,0.22,13.0,3.8,0.18,10.0,2.0,25.0,3,3,5,0.29,0.29,2223
0.0,2.34,0.17,0.9,1.8,1.8,45.0,45.0,173.0,12.0,0.19,24.0,2.0,0.19,7.0,1.9,0.2,6.0,2.0,20.0,2,2,2,0.2,0.2,2324
0.0,0.77,0.01,0.5,0.1,0.1,3.0,3.0,44.0,3.0,0.04,12.0,2.0,0.04,3.0,0.7,0.13,0.0,2.0,11.0,0,0,1,0.06,0.06,2122
0.0,0.43,0.0,0.4,0.1,0.1,3.0,3.0,34.0,2.0,0.05,14.0,3.0,0.05,4.0,1.6,0.09,2.0,3.0,11.0,0,0,2,0.06,0.06,2223
0.0,0.45,0.02,0.6,0.6,0.6,2.0,2.0,36.0,6.0,0.04,12.0,1.0,0.04,5.0,1.1,0.04,0.0,1.0,11.0,0,0,0,0.0,0.0,2324
0.0,3.82,0.11,1.0,0.8,0.8,46.0,46.0,143.0,12.0,0.16,29.0,2.0,0.16,12.0,1.2,0.26,5.0,2.0,19.0,1,1,1,0.13,0.13,2324
0.0,3.0,0.37,0.5,0.6,0.6,18.0,18.0,54.0,4.0,0.52,5.0,1.0,0.52,2.0,0.9,0.6,2.0,0.0,4.0,0,0,0,0.0,0.0,2324
0.09,1.97,0.05,0.1,0.1,0.1,12.0,12.0,34.0,2.0,0.11,3.0,0.0,0.11,1.0,0.2,0.0,0.0,0.0,3.0,0,0,0,0.0,0.0,2021
0.49,3.65,0.24,3.8,5.2,5.2,110.0,110.0,454.0,31.0,0.42,79.0,8.0,0.42,43.0,9.1,0.37,14.0,5.0,58.0,2,2,8,0.37,0.37,2223
0.31,5.27,0.32,9.5,9.2,9.2,181.0,181.0,693.0,83.0,0.57,151.0,22.0,0.6,59.0,16.3,0.77,23.0,14.0,93.0,14,14,16,0.56,0.56,2324
0.1,0.45,0.05,0.1,0.5,0.5,1.0,1.0,21.0,2.0,0.13,5.0,0.0,0.13,1.0,1.4,0.0,0.0,0.0,4.0,0,0,0,0.0,0.0,1920
0.0,0.55,0.0,0.1,0.0,0.0,5.0,5.0,36.0,2.0,0.03,10.0,1.0,0.03,3.0,0.6,0.05,1.0,1.0,8.0,0,0,1,0.05,0.05,2122
0.0,3.84,0.32,5.6,7.0,7.0,234.0,234.0,651.0,40.0,0.48,84.0,11.0,0.48,65.0,10.5,0.5,52.0,11.0,77.0,6,6,9,0.41,0.41,1819
0.12,3.05,0.11,2.6,1.9,1.9,84.0,84.0,341.0,24.0,0.25,54.0,2.0,0.25,28.0,4.4,0.11,12.0,2.0,50.0,0,0,1,0.06,0.06,1920
0.09,2.63,0.11,1.8,1.9,1.9,99.0,99.0,337.0,16.0,0.16,45.0,5.0,0.16,23.0,2.8,0.29,13.0,4.0,38.0,2,2,3,0.18,0.18,2021
0.19,2.92,0.12,3.0,2.6,2.6,104.0,104.0,436.0,36.0,0.22,66.0,7.0,0.22,40.0,4.9,0.31,19.0,6.0,59.0,2,2,4,0.18,0.18,2122
0.18,4.23,0.19,4.0,4.7,4.7,175.0,175.0,537.0,49.0,0.41,103.0,10.0,0.41,46.0,10.0,0.41,27.0,8.0,87.0,2,2,7,0.29,0.29,2324
0.0,2.02,0.03,1.8,0.7,0.7,70.0,70.0,241.0,11.0,0.08,53.0,2.0,0.08,16.0,2.2,0.08,4.0,2.0,45.0,0,0,0,0.0,0.0,2223
0.03,1.51,0.02,0.5,0.4,0.4,41.0,41.0,151.0,5.0,0.13,23.0,0.0,0.13,6.0,2.0,0.0,1.0,0.0,15.0,0,0,0,0.0,0.0,2324
0.36,3.09,0.06,1.5,1.1,1.1,95.0,95.0,419.0,17.0,0.24,51.0,6.0,0.24,26.0,3.9,0.36,7.0,3.0,38.0,1,1,5,0.3,0.3,1920
0.11,2.13,0.1,0.3,0.3,0.3,21.0,21.0,77.0,2.0,0.21,6.0,1.0,0.21,2.0,0.6,0.36,0.0,1.0,6.0,1,1,2,0.71,0.71,2021
0.0,2.86,0.13,0.8,1.1,1.1,63.0,63.0,231.0,10.0,0.28,25.0,1.0,0.28,16.0,2.5,0.11,8.0,1.0,22.0,1,1,3,0.34,0.34,2122
0.11,2.9,0.09,3.2,2.4,2.4,163.0,163.0,645.0,36.0,0.15,77.0,6.0,0.15,39.0,3.9,0.23,8.0,5.0,69.0,2,2,3,0.11,0.11,1819
0.05,2.94,0.08,2.0,2.1,2.1,83.0,83.0,602.0,33.0,0.11,78.0,7.0,0.11,40.0,2.8,0.26,10.0,6.0,64.0,3,3,4,0.15,0.15,1920
0.05,2.18,0.08,1.9,1.6,1.6,76.0,76.0,335.0,17.0,0.16,45.0,4.0,0.16,20.0,3.2,0.19,7.0,4.0,38.0,1,1,3,0.15,0.15,2021
0.05,2.12,0.07,1.3,1.3,1.3,86.0,86.0,321.0,23.0,0.11,42.0,7.0,0.11,26.0,2.2,0.35,9.0,6.0,36.0,1,1,1,0.05,0.05,2122
0.21,1.54,0.02,0.1,0.1,0.1,19.0,19.0,84.0,2.0,0.05,6.0,2.0,0.05,1.0,0.2,0.51,1.0,1.0,3.0,0,0,0,0.0,0.0,2223
0.0,4.92,0.16,2.1,2.3,2.3,103.0,103.0,316.0,27.0,0.28,69.0,4.0,0.28,19.0,3.9,0.29,12.0,2.0,32.0,3,3,3,0.21,0.21,2324
0.13,2.77,0.1,2.2,1.9,1.9,102.0,102.0,438.0,26.0,0.12,51.0,5.0,0.12,16.0,2.3,0.27,1.0,0.0,27.0,4,4,4,0.22,0.22,2122
0.0,0.83,0.01,0.4,0.3,0.3,5.0,5.0,63.0,6.0,0.13,19.0,1.0,0.13,4.0,2.9,0.04,2.0,1.0,17.0,1,1,2,0.09,0.09,1920
0.0,0.78,0.02,0.6,0.6,0.6,7.0,7.0,75.0,4.0,0.09,22.0,0.0,0.09,1.0,2.7,0.0,0.0,0.0,15.0,0,0,0,0.0,0.0,2021
0.07,1.14,0.02,1.7,0.6,0.6,3.0,3.0,136.0,9.0,0.09,34.0,5.0,0.09,18.0,2.8,0.17,0.0,4.0,31.0,0,0,1,0.03,0.03,2122
0.0,3.3,0.1,1.8,1.3,1.3,138.0,138.0,305.0,19.0,0.22,46.0,4.0,0.22,16.0,3.0,0.29,17.0,2.0,33.0,0,0,0,0.0,0.0,1819
0.0,1.68,0.05,0.4,0.5,0.5,2.0,2.0,36.0,2.0,0.12,19.0,2.0,0.12,4.0,1.4,0.18,0.0,0.0,13.0,1,1,2,0.18,0.18,1819
0.0,1.12,0.03,0.5,0.3,0.3,3.0,3.0,30.0,4.0,0.08,10.0,0.0,0.08,2.0,0.8,0.0,0.0,0.0,10.0,0,0,0,0.0,0.0,1920
0.04,0.92,0.02,0.2,0.3,0.3,2.0,2.0,25.0,6.0,0.05,14.0,2.0,0.05,1.0,0.8,0.13,0.0,1.0,11.0,0,0,1,0.07,0.07,2021
0.0,1.17,0.05,0.9,1.2,1.2,7.0,7.0,60.0,10.0,0.17,27.0,4.0,0.17,7.0,4.0,0.17,0.0,3.0,22.0,1,1,4,0.17,0.17,2122
0.08,1.85,0.14,2.1,2.3,2.3,98.0,98.0,266.0,14.0,0.57,31.0,4.0,0.57,14.0,9.5,0.24,24.0,2.0,22.0,1,1,10,0.6,0.6,1920
0.08,1.92,0.07,2.2,1.8,1.8,153.0,153.0,390.0,10.0,0.68,50.0,6.0,0.71,17.0,17.8,0.23,25.0,3.0,25.0,2,2,19,0.73,0.73,2021
0.06,2.61,0.13,3.1,3.2,3.2,160.0,160.0,431.0,20.0,0.48,62.0,4.0,0.55,15.0,11.4,0.17,29.0,1.0,34.0,2,2,8,0.34,0.25,2122
0.2,2.87,0.15,2.8,3.7,3.7,129.0,129.0,387.0,27.0,0.77,72.0,10.0,0.96,21.0,19.3,0.4,38.0,4.0,45.0,2,2,23,0.92,0.72,2324
0.0,3.62,0.17,3.0,2.7,2.7,143.0,143.0,354.0,29.0,0.52,58.0,4.0,0.57,16.0,8.3,0.25,19.0,3.0,46.0,3,3,8,0.5,0.5,2021
0.11,2.3,0.18,1.7,3.4,3.4,112.0,112.0,351.0,23.0,0.48,45.0,5.0,0.48,11.0,9.4,0.26,18.0,1.0,33.0,0,0,4,0.2,0.2,2122
0.0,2.19,0.16,1.9,4.2,4.2,132.0,132.0,431.0,31.0,0.64,58.0,5.0,0.64,10.0,16.9,0.19,19.0,4.0,41.0,3,3,15,0.57,0.57,2223
0.11,2.46,0.16,3.0,4.4,4.4,159.0,159.0,417.0,34.0,0.6,68.0,17.0,0.6,15.0,16.7,0.61,29.0,8.0,51.0,6,6,29,1.05,1.05,2324
0.19,3.02,0.13,3.4,3.7,3.7,265.0,265.0,639.0,31.0,0.55,84.0,15.0,0.55,39.0,15.4,0.54,22.0,10.0,55.0,8,8,21,0.76,0.76,1819
0.09,3.27,0.14,1.6,2.9,2.9,137.0,137.0,347.0,24.0,0.53,68.0,12.0,0.53,23.0,11.1,0.58,5.0,4.0,43.0,4,4,14,0.67,0.67,1920
0.35,2.57,0.1,2.4,2.2,2.2,112.0,112.0,331.0,22.0,0.54,55.0,5.0,0.65,19.0,11.5,0.23,9.0,4.0,35.0,2,2,15,0.7,0.56,2021
0.15,3.58,0.15,1.8,3.0,3.0,106.0,106.0,317.0,29.0,0.46,71.0,9.0,0.58,19.0,9.1,0.45,13.0,6.0,49.0,7,7,11,0.56,0.45,2122
0.08,3.47,0.16,5.6,5.4,5.4,227.0,227.0,704.0,48.0,0.71,113.0,11.0,0.91,48.0,23.2,0.34,18.0,8.0,78.0,5,5,32,0.98,0.8,2223
0.09,2.2,0.07,2.1,1.9,1.9,144.0,144.0,372.0,21.0,0.46,56.0,9.0,0.52,17.0,11.7,0.35,10.0,4.0,39.0,2,2,21,0.82,0.75,2324
0.1,1.65,0.11,0.2,1.0,1.0,37.0,37.0,96.0,7.0,0.46,14.0,0.0,0.46,2.0,3.9,0.0,2.0,0.0,7.0,0,0,3,0.35,0.35,1819
0.0,6.37,0.44,2.6,2.8,2.8,51.0,51.0,195.0,16.0,0.61,41.0,2.0,0.61,13.0,3.9,0.31,7.0,2.0,27.0,0,0,1,0.16,0.16,1819
0.05,1.13,0.01,0.6,0.3,0.3,20.0,20.0,136.0,7.0,0.03,25.0,2.0,0.03,6.0,0.7,0.09,0.0,2.0,22.0,1,1,2,0.09,0.09,1819
0.11,1.59,0.04,0.8,1.1,1.1,32.0,32.0,257.0,15.0,0.15,42.0,1.0,0.15,13.0,3.9,0.04,1.0,1.0,34.0,0,0,1,0.04,0.04,2223
0.86,3.3,0.18,2.5,3.8,3.8,116.0,116.0,414.0,35.0,0.36,70.0,11.0,0.36,11.0,7.6,0.52,20.0,8.0,45.0,5,5,9,0.42,0.42,2021
0.0,2.23,0.19,0.9,1.3,1.3,43.0,43.0,124.0,7.0,0.58,15.0,3.0,0.58,7.0,3.9,0.45,7.0,2.0,9.0,3,3,8,1.19,1.19,2223
0.09,2.5,0.05,0.6,0.3,0.3,25.0,25.0,135.0,7.0,0.19,14.0,0.0,0.19,6.0,1.0,0.0,1.0,0.0,9.0,0,0,0,0.0,0.0,2324
0.27,4.18,0.26,3.1,3.0,3.0,61.0,61.0,252.0,29.0,0.36,49.0,4.0,0.43,18.0,4.2,0.34,3.0,1.0,27.0,4,4,6,0.51,0.43,2122
0.08,2.74,0.12,1.7,1.5,1.5,55.0,55.0,220.0,15.0,0.22,34.0,2.0,0.22,16.0,2.7,0.16,0.0,2.0,29.0,1,1,2,0.16,0.16,2021
0.06,3.52,0.08,2.6,1.9,1.9,66.0,66.0,510.0,31.0,0.25,83.0,5.0,0.35,25.0,5.9,0.21,2.0,2.0,57.0,2,2,7,0.3,0.21,2122
0.17,3.31,0.13,4.4,4.3,4.3,77.0,77.0,644.0,47.0,0.36,106.0,8.0,0.51,33.0,11.6,0.25,8.0,7.0,76.0,2,2,12,0.37,0.19,2223
0.17,3.74,0.12,4.9,3.6,3.6,48.0,48.0,560.0,47.0,0.22,108.0,12.0,0.25,41.0,6.4,0.42,4.0,10.0,92.0,5,5,10,0.35,0.31,2324
0.14,3.84,0.14,2.4,3.1,3.1,169.0,169.0,531.0,30.0,0.25,86.0,9.0,0.25,23.0,5.6,0.4,10.0,7.0,66.0,4,4,6,0.27,0.27,2021
0.19,3.96,0.16,3.3,3.3,3.3,161.0,161.0,530.0,38.0,0.3,82.0,8.0,0.3,26.0,6.1,0.39,16.0,5.0,61.0,3,3,4,0.19,0.19,2122
0.1,4.05,0.27,3.6,4.1,4.1,143.0,143.0,407.0,22.0,0.42,63.0,6.0,0.42,30.0,6.6,0.39,15.0,5.0,42.0,3,3,5,0.32,0.32,2223
0.0,4.06,0.14,3.5,2.8,2.8,180.0,180.0,558.0,44.0,0.26,85.0,10.0,0.26,35.0,5.5,0.48,17.0,6.0,52.0,2,2,6,0.29,0.29,2324
0.78,4.6,0.31,2.7,3.0,3.0,89.0,89.0,243.0,21.0,0.46,45.0,6.0,0.46,23.0,4.5,0.61,10.0,4.0,33.0,3,3,4,0.41,0.41,1819
0.39,6.63,0.31,3.8,3.2,3.2,95.0,95.0,281.0,33.0,0.66,68.0,13.0,0.73,28.0,6.7,1.27,9.0,9.0,44.0,8,8,12,1.17,1.07,1920
0.2,6.2,0.41,4.0,5.3,5.3,89.0,89.0,350.0,33.0,0.86,79.0,14.0,0.92,30.0,10.9,1.1,14.0,13.0,62.0,5,5,12,0.94,0.94,2021
0.1,5.44,0.2,2.5,2.0,2.0,77.0,77.0,299.0,20.0,0.64,53.0,6.0,0.64,30.0,6.3,0.62,9.0,5.0,38.0,2,2,7,0.72,0.72,2122
0.59,3.9,0.2,5.1,5.8,5.8,232.0,232.0,663.0,55.0,0.54,116.0,11.0,0.62,64.0,16.0,0.37,20.0,5.0,87.0,3,3,17,0.57,0.5,2223
0.0,4.12,0.37,2.8,3.1,3.1,58.0,58.0,240.0,18.0,0.66,35.0,8.0,0.75,24.0,5.6,0.94,4.0,6.0,28.0,5,5,7,0.83,0.71,2324
0.03,0.45,0.02,0.7,0.5,0.5,7.0,7.0,64.0,5.0,0.1,11.0,1.0,0.1,5.0,2.6,0.04,2.0,0.0,10.0,0,0,0,0.0,0.0,2324
0.04,2.02,0.12,3.7,4.2,4.2,129.0,129.0,480.0,35.0,0.16,70.0,7.0,0.16,37.0,5.7,0.2,7.0,5.0,59.0,4,4,4,0.12,0.12,2223
0.11,1.94,0.1,2.9,2.8,2.8,89.0,89.0,360.0,28.0,0.14,54.0,1.0,0.14,25.0,3.8,0.04,10.0,1.0,44.0,1,1,1,0.04,0.04,2324
0.0,2.15,0.17,2.8,3.9,3.9,216.0,216.0,494.0,25.0,0.32,50.0,7.0,0.32,30.0,7.5,0.3,25.0,4.0,38.0,3,3,6,0.26,0.26,1819
0.09,1.74,0.05,0.9,0.7,0.7,94.0,94.0,243.0,10.0,0.12,26.0,0.0,0.12,13.0,1.8,0.0,13.0,0.0,18.0,0,0,1,0.07,0.07,1920
0.21,2.41,0.17,4.4,4.0,4.0,237.0,237.0,555.0,27.0,0.24,56.0,10.0,0.24,31.0,5.7,0.43,28.0,4.0,42.0,2,2,3,0.13,0.13,2021
0.17,2.12,0.28,4.4,5.2,5.2,182.0,182.0,484.0,24.0,0.38,40.0,8.0,0.38,23.0,7.2,0.42,31.0,7.0,34.0,4,4,8,0.42,0.42,2122
0.24,2.15,0.11,1.3,2.0,2.0,145.0,145.0,423.0,18.0,0.18,39.0,5.0,0.18,19.0,3.2,0.28,14.0,4.0,30.0,3,3,3,0.17,0.17,2223
0.39,2.58,0.29,2.3,3.6,3.6,97.0,97.0,222.0,20.0,0.34,32.0,3.0,0.34,24.0,4.2,0.24,10.0,2.0,25.0,3,3,4,0.32,0.32,2324
0.1,3.07,0.14,1.8,2.8,2.8,59.0,59.0,278.0,32.0,0.19,63.0,8.0,0.19,24.0,3.9,0.39,9.0,6.0,56.0,4,4,8,0.39,0.39,1819
0.53,2.03,0.05,0.6,0.5,0.5,31.0,31.0,150.0,6.0,0.11,20.0,2.0,0.11,16.0,1.1,0.2,5.0,1.0,17.0,1,1,2,0.2,0.2,1920
0.08,3.31,0.12,1.0,1.1,1.1,32.0,32.0,158.0,12.0,0.24,31.0,5.0,0.24,10.0,2.3,0.53,2.0,5.0,28.0,5,5,6,0.64,0.64,1920
0.0,2.33,0.09,1.7,2.0,2.0,71.0,71.0,311.0,26.0,0.14,50.0,4.0,0.14,27.0,2.9,0.19,6.0,4.0,45.0,2,2,4,0.19,0.19,2122
0.24,3.17,0.05,0.7,0.6,0.6,30.0,30.0,179.0,14.0,0.09,39.0,5.0,0.09,10.0,1.1,0.41,4.0,3.0,32.0,0,0,1,0.08,0.08,2223
0.0,2.86,0.1,2.8,2.0,2.0,47.0,47.0,343.0,36.0,0.17,60.0,10.0,0.17,26.0,3.5,0.48,3.0,6.0,44.0,5,5,7,0.33,0.33,2324
0.09,2.63,0.16,2.6,2.4,2.4,110.0,110.0,211.0,20.0,0.66,39.0,6.0,0.88,9.0,9.8,0.4,12.0,3.0,32.0,1,1,11,0.74,0.47,1819
0.17,2.98,0.23,1.0,2.4,2.4,49.0,49.0,148.0,19.0,0.52,32.0,4.0,0.6,10.0,5.6,0.37,3.0,3.0,24.0,1,1,4,0.37,0.28,1920
0.31,3.3,0.15,0.8,0.9,0.9,47.0,47.0,104.0,9.0,0.41,20.0,2.0,0.67,2.0,2.5,0.33,3.0,2.0,15.0,1,1,1,0.17,0.17,2021
0.0,1.03,0.05,0.2,0.7,0.7,3.0,3.0,55.0,5.0,0.06,13.0,1.0,0.06,0.0,0.7,0.08,0.0,1.0,7.0,1,1,1,0.08,0.08,2324
0.17,3.47,0.18,0.4,0.6,0.6,51.0,51.0,115.0,4.0,0.35,12.0,0.0,0.35,3.0,1.2,0.0,1.0,0.0,8.0,0,0,2,0.58,0.58,1920
0.07,3.03,0.09,2.9,2.5,2.5,45.0,45.0,439.0,34.0,0.12,88.0,10.0,0.12,30.0,3.6,0.34,14.0,9.0,75.0,3,3,4,0.14,0.14,1819
0.0,3.23,0.08,0.8,1.1,1.1,53.0,53.0,217.0,15.0,0.11,46.0,4.0,0.11,10.0,1.6,0.28,2.0,3.0,41.0,1,1,3,0.21,0.21,1920
0.0,1.74,0.12,2.5,2.2,2.2,79.0,79.0,243.0,26.0,0.13,33.0,2.0,0.13,31.0,2.5,0.11,3.0,2.0,30.0,1,1,2,0.11,0.11,1819
0.08,0.86,0.03,1.0,0.8,0.8,68.0,68.0,349.0,10.0,0.06,23.0,1.0,0.06,18.0,1.7,0.04,1.0,1.0,17.0,0,0,2,0.07,0.07,1920
0.0,1.32,0.09,1.6,2.3,2.3,66.0,66.0,360.0,17.0,0.13,34.0,2.0,0.13,22.0,3.3,0.08,5.0,1.0,28.0,2,2,2,0.08,0.08,2021
0.09,3.81,0.19,5.3,4.9,4.9,272.0,272.0,595.0,46.0,0.35,95.0,14.0,0.35,38.0,8.8,0.56,76.0,10.0,70.0,7,7,10,0.4,0.4,1718
0.16,3.98,0.21,2.0,3.7,3.7,86.0,86.0,299.0,30.0,0.36,69.0,10.0,0.36,11.0,6.3,0.58,24.0,7.0,44.0,4,4,7,0.4,0.4,2021
0.4,4.17,0.14,3.8,4.3,4.3,167.0,167.0,649.0,50.0,0.3,130.0,11.0,0.3,32.0,9.5,0.35,63.0,8.0,84.0,5,5,10,0.32,0.32,2122
0.13,2.41,0.13,2.6,2.2,2.2,70.0,70.0,232.0,22.0,0.25,40.0,6.0,0.25,21.0,4.1,0.36,4.0,5.0,35.0,3,3,4,0.24,0.24,1920
0.0,3.7,0.26,2.3,2.0,2.0,70.0,70.0,188.0,14.0,0.49,29.0,3.0,0.49,22.0,3.9,0.38,2.0,3.0,24.0,1,1,2,0.26,0.26,2021
0.23,0.36,0.0,0.1,0.0,0.0,17.0,17.0,75.0,0.0,0.17,2.0,0.0,0.17,0.0,1.0,0.0,0.0,0.0,2.0,0,0,0,0.0,0.0,2122
0.1,2.94,0.17,3.8,4.3,4.3,191.0,191.0,653.0,37.0,0.27,73.0,9.0,0.27,42.0,6.6,0.36,22.0,8.0,62.0,5,5,8,0.32,0.32,1920
0.16,3.22,0.1,2.2,1.9,1.9,131.0,131.0,480.0,21.0,0.11,63.0,7.0,0.11,19.0,2.1,0.36,14.0,5.0,53.0,2,2,3,0.15,0.15,2021
0.18,3.62,0.21,4.5,4.1,4.1,201.0,201.0,594.0,34.0,0.28,70.0,4.0,0.28,39.0,5.4,0.21,38.0,4.0,54.0,3,3,3,0.16,0.16,2122
0.22,3.88,0.16,4.3,3.7,3.7,158.0,158.0,545.0,44.0,0.24,88.0,8.0,0.24,39.0,5.4,0.35,37.0,7.0,76.0,4,4,5,0.22,0.22,2223
0.12,3.31,0.12,3.3,2.9,2.9,139.0,139.0,558.0,37.0,0.17,76.0,14.0,0.17,31.0,3.8,0.61,35.0,10.0,63.0,5,5,7,0.31,0.31,2324
0.28,4.62,0.24,0.5,1.1,1.1,31.0,31.0,110.0,10.0,0.36,20.0,0.0,0.36,3.0,1.6,0.0,4.0,0.0,16.0,1,1,2,0.46,0.46,2324
0.06,2.86,0.02,0.2,0.2,0.2,6.0,6.0,85.0,5.0,0.08,21.0,1.0,0.08,2.0,0.6,0.14,0.0,1.0,16.0,0,0,0,0.0,0.0,1819
0.0,2.43,0.03,0.7,0.5,0.5,13.0,13.0,141.0,16.0,0.05,41.0,3.0,0.09,6.0,0.8,0.18,0.0,3.0,39.0,1,1,2,0.12,0.06,1920
0.0,1.1,0.06,0.3,0.4,0.4,7.0,7.0,48.0,1.0,0.2,7.0,1.0,0.2,2.0,1.3,0.16,1.0,1.0,7.0,0,0,1,0.14,0.14,2021
0.05,4.89,0.26,1.1,2.2,2.2,36.0,36.0,206.0,12.0,0.34,41.0,2.0,0.34,7.0,2.9,0.24,2.0,1.0,33.0,1,1,1,0.12,0.12,1920
0.07,3.16,0.14,3.2,3.0,3.0,121.0,121.0,459.0,35.0,0.32,67.0,4.0,0.32,26.0,6.8,0.19,12.0,2.0,59.0,1,1,4,0.19,0.19,2021
0.06,2.1,0.05,1.7,0.7,0.7,18.0,18.0,162.0,8.0,0.13,31.0,4.0,0.13,16.0,2.0,0.27,2.0,3.0,27.0,1,1,4,0.27,0.27,2122
0.06,2.26,0.09,1.3,1.5,1.5,8.0,8.0,174.0,12.0,0.27,36.0,7.0,0.27,14.0,4.3,0.44,0.0,5.0,29.0,1,1,3,0.19,0.19,2223
0.07,2.42,0.09,1.6,1.6,1.6,11.0,11.0,161.0,17.0,0.16,41.0,7.0,0.16,19.0,2.7,0.41,2.0,5.0,34.0,1,1,3,0.18,0.18,2324
0.07,2.18,0.07,1.7,1.1,1.1,21.0,21.0,132.0,15.0,0.24,33.0,2.0,0.24,7.0,3.7,0.13,3.0,0.0,28.0,0,0,1,0.07,0.07,2122
0.0,2.41,0.11,1.4,2.7,2.7,39.0,39.0,297.0,18.0,0.2,56.0,1.0,0.2,14.0,4.7,0.04,5.0,0.0,47.0,0,0,2,0.09,0.09,2324
0.0,3.05,0.14,1.2,1.5,1.5,72.0,72.0,177.0,10.0,0.25,34.0,3.0,0.25,10.0,2.7,0.27,12.0,2.0,23.0,2,2,3,0.27,0.27,1819
0.0,2.34,0.1,0.5,0.9,0.9,58.0,58.0,142.0,6.0,0.23,23.0,3.0,0.23,5.0,2.3,0.31,7.0,1.0,11.0,1,1,1,0.1,0.1,2122
0.0,1.76,0.06,0.6,0.8,0.8,69.0,69.0,229.0,2.0,0.25,24.0,3.0,0.25,5.0,3.5,0.22,12.0,1.0,11.0,0,0,2,0.15,0.15,2223
0.24,3.87,0.09,0.3,0.4,0.4,30.0,30.0,90.0,3.0,0.44,17.0,0.0,0.44,4.0,1.9,0.0,9.0,0.0,6.0,0,0,0,0.0,0.0,2324
0.0,1.94,0.05,1.2,1.2,1.2,109.0,109.0,407.0,24.0,0.1,46.0,3.0,0.1,32.0,2.3,0.13,6.0,2.0,35.0,0,0,2,0.08,0.08,1819
0.0,0.81,0.04,0.4,0.2,0.2,15.0,15.0,64.0,3.0,0.08,5.0,1.0,0.08,5.0,0.5,0.16,0.0,1.0,3.0,1,1,2,0.32,0.32,2021
0.05,1.17,0.04,0.2,0.2,0.2,26.0,26.0,80.0,2.0,0.17,5.0,0.0,0.17,5.0,0.7,0.0,0.0,0.0,4.0,0,0,0,0.0,0.0,2324
0.0,7.05,0.17,1.1,0.9,0.9,66.0,66.0,180.0,9.0,0.47,39.0,9.0,0.47,6.0,2.6,1.63,15.0,5.0,28.0,2,2,5,0.9,0.9,1819
0.19,6.65,0.32,0.3,0.6,0.6,20.0,20.0,62.0,5.0,0.67,13.0,0.0,0.67,3.0,1.3,0.0,3.0,0.0,11.0,0,0,1,0.51,0.51,1920
0.19,3.51,0.15,1.5,2.1,2.1,105.0,105.0,282.0,14.0,0.46,49.0,6.0,0.46,19.0,6.4,0.43,15.0,5.0,39.0,2,2,5,0.36,0.36,2122
0.6,3.5,0.11,1.9,1.7,1.7,137.0,137.0,327.0,20.0,0.42,56.0,11.0,0.42,10.0,6.7,0.69,15.0,6.0,36.0,3,3,8,0.5,0.5,2223
0.0,5.22,0.23,2.9,2.3,2.3,131.0,131.0,299.0,21.0,0.56,52.0,9.0,0.56,18.0,5.6,0.9,16.0,5.0,39.0,6,6,10,1.0,1.0,2324
0.29,4.39,0.23,5.7,7.1,7.1,269.0,269.0,817.0,51.0,0.61,134.0,14.0,0.7,37.0,18.6,0.46,42.0,6.0,81.0,7,7,19,0.62,0.49,2021
0.0,4.31,0.19,6.1,5.9,5.9,198.0,198.0,723.0,49.0,0.45,132.0,17.0,0.58,33.0,13.8,0.56,40.0,14.0,75.0,9,9,19,0.62,0.52,2122
0.13,3.32,0.15,4.9,4.3,4.3,205.0,205.0,576.0,37.0,0.55,93.0,11.0,0.55,31.0,15.4,0.39,26.0,8.0,72.0,3,3,18,0.64,0.64,2223
0.26,3.7,0.08,2.4,1.7,1.7,185.0,185.0,524.0,21.0,0.39,85.0,10.0,0.4,32.0,9.1,0.44,28.0,6.0,53.0,3,3,10,0.44,0.44,2324
0.17,4.81,0.31,2.5,3.6,3.6,97.0,97.0,311.0,26.0,1.04,56.0,7.0,1.04,8.0,12.1,0.6,11.0,3.0,24.0,3,3,13,1.12,1.12,2425
0.17,3.99,0.1,1.3,1.2,1.2,89.0,89.0,227.0,21.0,0.18,48.0,2.0,0.18,12.0,2.2,0.17,10.0,1.0,32.0,1,1,2,0.17,0.17,1819
0.21,3.94,0.16,3.0,3.8,3.8,149.0,149.0,467.0,44.0,0.27,92.0,10.0,0.3,35.0,6.3,0.43,18.0,7.0,70.0,4,4,10,0.43,0.39,1920
0.31,4.24,0.22,4.0,5.1,5.1,152.0,152.0,447.0,51.0,0.29,99.0,7.0,0.29,39.0,6.7,0.3,18.0,6.0,59.0,5,5,7,0.3,0.3,2021
0.1,5.25,0.25,1.6,1.5,1.5,54.0,54.0,176.0,15.0,0.34,30.0,2.0,0.34,16.0,2.0,0.35,9.0,2.0,23.0,0,0,0,0.0,0.0,2223
0.69,4.45,0.18,3.6,3.7,3.7,112.0,112.0,515.0,39.0,0.37,90.0,7.0,0.37,33.0,7.4,0.35,11.0,7.0,66.0,2,2,3,0.15,0.15,2324
0.0,0.91,0.01,0.1,0.1,0.1,9.0,9.0,58.0,2.0,0.04,8.0,0.0,0.04,0.0,0.3,0.0,1.0,0.0,8.0,0,0,0,0.0,0.0,1819
0.0,1.35,0.02,0.2,0.1,0.1,13.0,13.0,58.0,4.0,0.08,10.0,0.0,0.08,4.0,0.6,0.0,0.0,0.0,9.0,0,0,0,0.0,0.0,1920
0.0,0.49,0.0,0.0,0.0,0.0,2.0,2.0,12.0,0.0,0.03,6.0,2.0,0.03,0.0,0.4,0.16,0.0,0.0,3.0,0,0,1,0.08,0.08,2021
0.0,0.96,0.04,0.8,1.0,1.0,5.0,5.0,102.0,12.0,0.11,26.0,4.0,0.11,7.0,2.9,0.15,1.0,4.0,23.0,1,1,3,0.11,0.11,2223
0.0,0.87,0.02,0.9,0.3,0.3,4.0,4.0,83.0,5.0,0.05,19.0,2.0,0.05,12.0,1.1,0.09,0.0,2.0,17.0,1,1,3,0.14,0.14,2223
0.0,0.74,0.05,1.3,1.1,1.1,7.0,7.0,100.0,4.0,0.09,16.0,3.0,0.09,5.0,1.9,0.14,1.0,3.0,14.0,2,2,3,0.14,0.14,1819
0.03,1.03,0.02,0.6,0.3,0.3,17.0,17.0,166.0,6.0,0.05,23.0,1.0,0.05,10.0,1.0,0.04,1.0,0.0,18.0,0,0,1,0.04,0.04,1920
0.0,1.97,0.1,0.7,1.0,1.0,79.0,79.0,198.0,7.0,0.37,21.0,3.0,0.37,5.0,3.9,0.28,8.0,2.0,14.0,2,2,7,0.65,0.65,1819
0.31,1.41,0.03,0.2,0.2,0.2,43.0,43.0,94.0,3.0,0.6,11.0,1.0,0.6,1.0,4.7,0.13,4.0,1.0,5.0,1,1,4,0.51,0.51,2425
0.0,3.86,0.1,1.0,0.5,0.5,65.0,65.0,157.0,8.0,0.29,19.0,1.0,0.29,8.0,1.4,0.2,19.0,1.0,16.0,0,0,1,0.2,0.2,1920
0.16,2.34,0.13,1.2,1.9,1.9,106.0,106.0,286.0,15.0,0.26,34.0,4.0,0.26,15.0,3.8,0.28,12.0,4.0,26.0,0,0,3,0.21,0.21,2021
0.1,2.31,0.14,1.1,0.8,0.8,72.0,72.0,120.0,6.0,0.22,14.0,3.0,0.22,10.0,1.3,0.49,10.0,2.0,10.0,1,1,2,0.33,0.33,2122
0.06,2.87,0.12,1.1,1.2,1.2,72.0,72.0,232.0,9.0,0.43,28.0,2.0,0.43,9.0,4.2,0.21,17.0,1.0,22.0,1,1,4,0.41,0.41,2223
0.21,2.58,0.08,1.1,1.3,1.3,163.0,163.0,415.0,13.0,0.3,41.0,4.0,0.3,15.0,4.8,0.25,22.0,2.0,27.0,1,1,5,0.32,0.32,2324
0.13,2.19,0.06,1.2,1.0,1.0,107.0,107.0,386.0,12.0,0.08,40.0,3.0,0.08,23.0,1.5,0.16,11.0,3.0,30.0,0,0,0,0.0,0.0,1819
0.04,1.97,0.09,2.8,2.9,2.9,180.0,180.0,625.0,23.0,0.13,63.0,5.0,0.13,27.0,4.1,0.16,12.0,5.0,47.0,4,4,7,0.22,0.22,1920
0.0,1.9,0.05,1.6,1.1,1.1,100.0,100.0,394.0,16.0,0.1,45.0,3.0,0.1,14.0,2.3,0.13,2.0,2.0,37.0,1,1,3,0.13,0.13,2021
0.0,1.56,0.03,1.0,0.7,0.7,21.0,21.0,220.0,14.0,0.05,36.0,4.0,0.05,9.0,1.1,0.17,1.0,3.0,33.0,1,1,2,0.09,0.09,2021
0.05,2.12,0.03,1.5,0.9,0.9,37.0,37.0,320.0,21.0,0.05,69.0,3.0,0.05,21.0,1.5,0.09,3.0,2.0,58.0,0,0,1,0.03,0.03,2324
0.16,2.5,0.1,1.4,1.6,1.6,30.0,30.0,232.0,15.0,0.19,39.0,6.0,0.19,10.0,2.9,0.39,3.0,6.0,33.0,3,3,5,0.32,0.32,1819
0.15,3.28,0.15,0.6,0.9,0.9,38.0,38.0,125.0,8.0,0.21,20.0,2.0,0.21,5.0,1.3,0.33,1.0,2.0,17.0,1,1,2,0.33,0.33,1920
0.16,2.62,0.15,3.0,3.1,3.1,57.0,57.0,424.0,24.0,0.22,54.0,8.0,0.22,22.0,4.6,0.39,1.0,8.0,51.0,3,3,4,0.19,0.19,2021
0.13,3.22,0.11,2.5,1.4,1.4,25.0,25.0,260.0,18.0,0.18,39.0,7.0,0.18,18.0,2.2,0.58,0.0,7.0,35.0,2,2,5,0.41,0.41,2122
0.26,2.97,0.11,0.9,0.9,0.9,14.0,14.0,141.0,11.0,0.18,23.0,1.0,0.18,7.0,1.4,0.13,1.0,1.0,20.0,1,1,1,0.13,0.13,2223
0.0,2.63,0.1,1.9,1.2,1.2,17.0,17.0,220.0,12.0,0.17,30.0,3.0,0.17,17.0,1.9,0.26,0.0,3.0,27.0,3,3,3,0.26,0.26,2324
0.04,1.76,0.04,0.7,0.3,0.3,52.0,52.0,161.0,5.0,0.05,14.0,1.0,0.05,7.0,0.4,0.13,3.0,1.0,11.0,0,0,0,0.0,0.0,1920
0.16,2.11,0.1,3.3,2.6,2.6,127.0,127.0,508.0,23.0,0.12,56.0,4.0,0.12,41.0,3.3,0.15,5.0,4.0,44.0,1,1,1,0.04,0.04,2021
0.0,1.58,0.05,1.7,1.0,1.0,75.0,75.0,335.0,13.0,0.08,30.0,1.0,0.08,22.0,1.6,0.05,1.0,1.0,22.0,0,0,0,0.0,0.0,2223
0.12,1.86,0.04,2.4,1.3,1.3,121.0,121.0,466.0,15.0,0.06,59.0,2.0,0.06,32.0,2.0,0.06,8.0,2.0,46.0,0,0,1,0.03,0.03,2324
0.0,2.24,0.13,1.2,1.9,1.9,96.0,96.0,228.0,14.0,0.46,34.0,5.0,0.46,4.0,7.0,0.33,13.0,3.0,25.0,2,2,9,0.59,0.59,1819
0.0,2.69,0.12,1.4,3.2,3.2,37.0,37.0,342.0,28.0,0.18,73.0,5.0,0.18,12.0,4.8,0.18,7.0,4.0,50.0,0,0,0,0.0,0.0,1718
0.1,2.02,0.02,0.9,0.7,0.7,46.0,46.0,371.0,18.0,0.12,58.0,6.0,0.12,12.0,3.4,0.21,11.0,2.0,41.0,0,0,2,0.07,0.07,1920
0.05,2.19,0.09,2.0,2.5,2.5,68.0,68.0,448.0,27.0,0.14,63.0,6.0,0.14,20.0,4.0,0.21,8.0,4.0,49.0,3,3,3,0.1,0.1,2021
0.15,2.94,0.05,1.6,1.1,1.1,60.0,60.0,338.0,23.0,0.11,63.0,7.0,0.11,17.0,2.3,0.33,9.0,6.0,52.0,1,1,1,0.05,0.05,2122
0.13,2.88,0.1,3.0,3.0,3.0,139.0,139.0,627.0,38.0,0.2,89.0,4.0,0.21,28.0,6.3,0.13,10.0,4.0,84.0,2,2,2,0.06,0.06,2324
0.19,2.93,0.14,3.2,4.6,4.6,243.0,243.0,611.0,41.0,0.45,98.0,9.0,0.64,23.0,15.1,0.27,48.0,5.0,62.0,3,3,19,0.57,0.36,1920
0.07,3.83,0.22,4.2,7.0,7.0,214.0,214.0,544.0,37.0,0.52,123.0,16.0,0.65,32.0,16.8,0.5,27.0,6.0,56.0,6,6,19,0.59,0.47,2021
0.16,2.49,0.04,0.6,0.7,0.7,117.0,117.0,293.0,10.0,0.41,38.0,4.0,0.56,3.0,6.2,0.26,10.0,1.0,18.0,1,1,9,0.59,0.39,2122
0.0,2.12,0.13,0.7,1.6,1.6,94.0,94.0,210.0,14.0,0.34,27.0,3.0,0.4,5.0,4.3,0.24,11.0,3.0,22.0,2,2,2,0.16,0.16,2223
0.27,2.37,0.07,0.6,0.7,0.7,60.0,60.0,156.0,5.0,0.41,25.0,1.0,0.41,4.0,4.4,0.09,4.0,1.0,15.0,0,0,3,0.28,0.28,2324
0.0,3.05,0.16,0.9,1.2,1.2,49.0,49.0,107.0,8.0,0.48,23.0,6.0,0.48,1.0,3.6,0.8,6.0,3.0,11.0,2,2,5,0.66,0.66,2324
0.11,2.28,0.1,1.6,2.4,2.4,105.0,105.0,423.0,28.0,0.14,55.0,7.0,0.14,24.0,3.3,0.29,17.0,7.0,43.0,3,3,3,0.12,0.12,2223
0.12,2.96,0.15,3.8,3.9,3.9,172.0,172.0,521.0,38.0,0.23,78.0,5.0,0.23,24.0,6.0,0.19,23.0,5.0,62.0,3,3,5,0.19,0.19,2324
0.0,0.81,0.0,0.5,0.1,0.1,18.0,18.0,137.0,4.0,0.03,20.0,2.0,0.03,15.0,0.8,0.08,0.0,2.0,19.0,0,0,0,0.0,0.0,2122
0.0,1.62,0.07,0.3,0.1,0.1,2.0,2.0,20.0,1.0,0.1,3.0,0.0,0.1,2.0,0.2,0.0,0.0,0.0,3.0,0,0,0,0.0,0.0,2223
0.04,1.03,0.03,0.4,0.5,0.5,22.0,22.0,132.0,9.0,0.1,17.0,1.0,0.1,5.0,1.7,0.06,2.0,1.0,16.0,0,0,1,0.06,0.06,2324
0.06,4.06,0.17,4.6,5.0,5.0,193.0,193.0,641.0,56.0,0.33,120.0,10.0,0.33,41.0,9.8,0.34,27.0,8.0,79.0,4,4,12,0.41,0.41,2324
0.0,1.34,0.06,0.5,0.5,0.5,21.0,21.0,96.0,7.0,0.11,12.0,0.0,0.11,10.0,1.0,0.0,0.0,0.0,11.0,0,0,0,0.0,0.0,2021
0.0,0.77,0.0,0.1,0.0,0.0,13.0,13.0,31.0,0.0,0.14,2.0,0.0,0.14,0.0,0.4,0.0,1.0,0.0,1.0,0,0,1,0.38,0.38,2122
0.0,2.19,0.13,0.7,0.9,0.9,56.0,56.0,128.0,7.0,0.3,16.0,0.0,0.3,6.0,2.2,0.0,4.0,0.0,12.0,0,0,0,0.0,0.0,1920
0.0,1.86,0.03,0.1,0.1,0.1,37.0,37.0,81.0,2.0,0.44,7.0,1.0,0.44,1.0,1.7,0.27,3.0,1.0,6.0,0,0,2,0.53,0.53,2021
0.03,2.5,0.06,1.9,2.2,2.2,202.0,202.0,574.0,28.0,0.32,84.0,8.0,0.46,19.0,10.9,0.24,37.0,7.0,65.0,1,1,17,0.5,0.33,1819
0.28,3.14,0.11,2.5,3.6,3.6,208.0,208.0,633.0,36.0,0.34,106.0,2.0,0.51,26.0,11.5,0.06,32.0,1.0,84.0,1,1,13,0.39,0.24,1920
0.15,3.83,0.23,1.6,2.5,2.5,61.0,61.0,167.0,27.0,0.61,41.0,4.0,0.61,6.0,6.6,0.37,12.0,3.0,33.0,3,3,7,0.65,0.65,2021
0.27,2.16,0.25,1.1,1.7,1.7,38.0,38.0,87.0,10.0,0.51,14.0,1.0,0.51,3.0,3.3,0.15,4.0,1.0,10.0,1,1,4,0.61,0.61,2122
0.09,2.22,0.24,2.0,4.4,4.4,132.0,132.0,256.0,30.0,0.5,41.0,7.0,0.54,10.0,9.3,0.38,11.0,3.0,32.0,5,5,9,0.49,0.43,2223
0.0,2.71,0.09,1.1,1.0,1.0,56.0,56.0,153.0,18.0,0.23,30.0,3.0,0.23,5.0,2.6,0.27,3.0,1.0,24.0,1,1,2,0.18,0.18,2324
0.04,2.38,0.03,0.6,0.5,0.5,113.0,113.0,269.0,16.0,0.39,43.0,8.0,0.39,9.0,7.1,0.44,12.0,6.0,31.0,3,3,8,0.44,0.44,1819
0.0,1.97,0.03,1.2,0.7,0.7,161.0,161.0,397.0,15.0,0.2,49.0,6.0,0.27,7.0,5.0,0.24,10.0,3.0,30.0,1,1,6,0.24,0.2,1920
0.0,2.26,0.09,1.4,2.9,2.9,233.0,233.0,534.0,29.0,0.39,72.0,7.0,0.49,21.0,12.4,0.22,19.0,4.0,43.0,2,2,15,0.47,0.35,2122
0.03,2.21,0.06,1.6,1.5,1.5,166.0,166.0,367.0,17.0,0.32,53.0,3.0,0.36,14.0,7.8,0.12,11.0,0.0,34.0,0,0,5,0.21,0.17,2223
0.03,1.73,0.05,2.2,1.9,1.9,165.0,165.0,420.0,18.0,0.25,59.0,8.0,0.32,11.0,8.4,0.23,15.0,4.0,37.0,1,1,12,0.35,0.29,2324
0.0,1.91,0.04,1.0,0.9,0.9,37.0,37.0,259.0,14.0,0.21,41.0,1.0,0.21,14.0,4.4,0.05,7.0,1.0,32.0,1,1,5,0.23,0.23,1819
0.0,2.3,0.08,1.0,1.7,1.7,30.0,30.0,286.0,17.0,0.17,49.0,2.0,0.17,17.0,3.6,0.09,5.0,2.0,41.0,0,0,2,0.09,0.09,1920
0.09,0.77,0.03,0.9,0.5,0.5,5.0,5.0,50.0,6.0,0.08,15.0,2.0,0.08,4.0,1.5,0.1,0.0,2.0,15.0,1,1,2,0.1,0.1,2223
0.0,1.27,0.05,0.8,1.1,1.1,6.0,6.0,104.0,7.0,0.1,28.0,3.0,0.1,1.0,2.2,0.14,1.0,2.0,25.0,2,2,4,0.18,0.18,2324
0.19,2.47,0.13,0.9,2.2,2.2,96.0,96.0,283.0,21.0,0.54,41.0,6.0,0.54,6.0,9.0,0.36,11.0,3.0,34.0,3,3,15,0.9,0.9,1920
0.15,3.17,0.16,2.5,1.9,1.9,81.0,81.0,252.0,20.0,0.23,38.0,4.0,0.23,24.0,2.8,0.33,12.0,4.0,30.0,3,3,4,0.33,0.33,1718
0.33,3.82,0.24,2.9,4.0,4.0,102.0,102.0,442.0,32.0,0.38,63.0,8.0,0.38,15.0,6.2,0.49,13.0,7.0,50.0,3,3,4,0.24,0.24,1920
0.2,2.97,0.25,1.2,1.5,1.5,53.0,53.0,160.0,13.0,0.35,18.0,2.0,0.36,6.0,2.1,0.33,5.0,2.0,10.0,2,2,3,0.5,0.5,2021
0.18,4.72,0.24,5.7,7.1,7.1,125.0,125.0,703.0,84.0,0.4,137.0,15.0,0.4,34.0,11.7,0.52,13.0,10.0,80.0,7,7,10,0.34,0.34,2324
0.23,2.49,0.07,0.9,0.6,0.6,104.0,104.0,272.0,8.0,0.31,21.0,3.0,0.31,10.0,2.6,0.36,12.0,2.0,12.0,0,0,1,0.12,0.12,1920
0.24,3.05,0.16,1.9,2.0,2.0,119.0,119.0,351.0,20.0,0.47,40.0,2.0,0.47,10.0,6.1,0.15,24.0,2.0,30.0,3,3,5,0.38,0.38,2021
0.17,2.77,0.05,0.6,0.4,0.4,52.0,52.0,202.0,8.0,0.15,23.0,6.0,0.15,8.0,1.2,0.72,8.0,3.0,17.0,2,2,2,0.24,0.24,2122
0.0,1.1,0.03,0.8,0.4,0.4,10.0,10.0,114.0,6.0,0.09,18.0,0.0,0.09,5.0,1.5,0.0,0.0,0.0,15.0,0,0,2,0.12,0.12,1819
0.03,0.84,0.05,1.3,1.6,1.6,6.0,6.0,118.0,10.0,0.1,25.0,5.0,0.1,6.0,3.1,0.17,1.0,3.0,20.0,1,1,2,0.07,0.07,2021
0.13,4.88,0.22,7.6,5.7,5.7,198.0,198.0,684.0,49.0,0.83,130.0,11.0,1.0,43.0,22.0,0.41,41.0,10.0,87.0,4,4,21,0.79,0.6,1819
0.19,3.73,0.25,2.7,4.0,4.0,115.0,115.0,272.0,28.0,0.76,59.0,10.0,0.86,22.0,12.0,0.63,18.0,6.0,35.0,2,2,14,0.89,0.76,1920
0.3,3.63,0.16,4.9,4.2,4.2,235.0,235.0,632.0,40.0,0.57,96.0,13.0,0.72,33.0,15.1,0.49,31.0,7.0,64.0,5,5,25,0.95,0.76,2021
0.15,3.26,0.27,7.4,8.0,8.0,229.0,229.0,703.0,41.0,0.68,98.0,14.0,0.68,42.0,20.6,0.47,34.0,14.0,74.0,9,9,15,0.5,0.5,2122
0.25,3.35,0.08,2.8,2.2,2.2,191.0,191.0,493.0,34.0,0.4,89.0,12.0,0.58,23.0,10.7,0.45,16.0,9.0,71.0,4,4,16,0.6,0.45,2223
0.26,5.53,0.3,7.0,7.3,7.3,175.0,175.0,640.0,78.0,0.59,135.0,16.0,0.75,22.0,14.5,0.65,24.0,12.0,81.0,6,6,21,0.86,0.65,2324
0.0,0.93,0.02,0.9,0.6,0.6,23.0,23.0,124.0,10.0,0.06,22.0,1.0,0.06,8.0,1.4,0.04,2.0,1.0,15.0,0,0,0,0.0,0.0,2122
0.0,0.78,0.03,0.6,0.4,0.4,14.0,14.0,80.0,3.0,0.1,9.0,1.0,0.1,4.0,1.1,0.09,1.0,1.0,5.0,0,0,0,0.0,0.0,2223
0.19,3.76,0.22,5.9,7.5,7.5,277.0,277.0,1129.0,60.0,0.27,130.0,22.0,0.27,56.0,9.3,0.64,20.0,18.0,106.0,12,12,14,0.41,0.41,1920
0.11,3.31,0.21,6.5,6.1,6.1,194.0,194.0,727.0,52.0,0.26,95.0,13.0,0.26,33.0,7.4,0.45,10.0,9.0,59.0,8,8,8,0.28,0.28,2223
0.04,5.16,0.29,4.4,5.4,5.4,130.0,130.0,548.0,62.0,0.39,97.0,5.0,0.39,26.0,7.3,0.27,6.0,3.0,62.0,2,2,5,0.27,0.27,2324
0.0,1.44,0.02,0.8,0.4,0.4,10.0,10.0,141.0,10.0,0.04,23.0,0.0,0.04,14.0,0.7,0.0,0.0,0.0,21.0,0,0,0,0.0,0.0,1819
0.09,2.06,0.11,0.8,1.0,1.0,15.0,15.0,86.0,6.0,0.21,19.0,0.0,0.21,3.0,2.0,0.0,0.0,0.0,14.0,0,0,1,0.11,0.11,2324
0.24,3.27,0.32,2.0,3.5,3.5,64.0,64.0,255.0,19.0,0.54,36.0,5.0,0.54,11.0,5.9,0.45,24.0,4.0,31.0,1,1,6,0.54,0.54,1920
0.0,3.36,0.19,0.5,0.8,0.8,38.0,38.0,86.0,5.0,0.25,14.0,2.0,0.25,6.0,1.1,0.48,5.0,2.0,10.0,1,1,1,0.24,0.24,2021
0.07,4.34,0.11,4.6,3.6,3.6,280.0,280.0,801.0,61.0,0.25,145.0,11.0,0.25,41.0,8.3,0.33,32.0,9.0,107.0,4,4,10,0.3,0.3,1819
0.2,2.23,0.13,2.0,1.9,1.9,77.0,77.0,288.0,13.0,0.16,32.0,2.0,0.16,24.0,2.3,0.14,9.0,2.0,24.0,1,1,2,0.14,0.14,1920
0.12,3.03,0.16,3.9,4.0,4.0,112.0,112.0,493.0,40.0,0.25,76.0,9.0,0.25,41.0,6.2,0.36,9.0,7.0,42.0,5,5,6,0.24,0.24,2021
0.22,3.4,0.19,2.5,3.1,3.1,100.0,100.0,343.0,31.0,0.28,55.0,4.0,0.33,26.0,4.5,0.25,7.0,4.0,39.0,2,2,5,0.31,0.25,2122
0.15,1.05,0.02,0.6,0.2,0.2,18.0,18.0,125.0,3.0,0.07,10.0,2.0,0.07,4.0,0.6,0.21,4.0,1.0,8.0,0,0,0,0.0,0.0,2223
0.06,2.82,0.11,1.0,1.5,1.5,71.0,71.0,269.0,18.0,0.24,38.0,4.0,0.24,11.0,3.2,0.3,12.0,3.0,31.0,2,2,3,0.22,0.22,2324
0.0,0.86,0.01,0.0,0.0,0.0,16.0,16.0,42.0,1.0,0.08,3.0,0.0,0.31,1.0,0.3,0.0,2.0,0.0,2.0,0,0,0,0.0,0.0,2223
0.06,2.2,0.07,0.5,0.8,0.8,65.0,65.0,168.0,8.0,0.32,27.0,1.0,0.32,4.0,3.9,0.08,5.0,1.0,18.0,0,0,5,0.41,0.41,2324
0.15,2.41,0.06,0.8,1.0,1.0,28.0,28.0,232.0,15.0,0.08,42.0,3.0,0.08,14.0,1.4,0.17,4.0,3.0,37.0,1,1,1,0.06,0.06,2021
0.11,3.04,0.03,0.2,0.2,0.2,13.0,13.0,107.0,4.0,0.12,21.0,3.0,0.12,4.0,0.8,0.43,1.0,2.0,14.0,1,1,1,0.15,0.15,2122
0.0,2.21,0.07,1.6,1.2,1.2,33.0,33.0,270.0,14.0,0.13,40.0,5.0,0.13,18.0,2.3,0.28,4.0,4.0,36.0,2,2,5,0.28,0.28,2223
0.0,3.18,0.07,0.5,0.4,0.4,29.0,29.0,121.0,4.0,0.13,18.0,1.0,0.13,6.0,0.7,0.18,3.0,1.0,13.0,0,0,1,0.18,0.18,2324
0.0,2.24,0.18,2.6,4.1,4.1,127.0,127.0,336.0,30.0,0.31,51.0,7.0,0.31,22.0,7.0,0.31,8.0,3.0,39.0,4,4,8,0.35,0.35,1819
0.13,2.43,0.08,0.7,0.6,0.6,34.0,34.0,123.0,9.0,0.31,19.0,1.0,0.41,7.0,2.5,0.13,4.0,1.0,17.0,0,0,1,0.13,0.13,1920
0.09,1.33,0.09,1.3,2.1,2.1,82.0,82.0,279.0,18.0,0.31,30.0,7.0,0.31,9.0,7.1,0.31,3.0,4.0,19.0,3,3,11,0.49,0.49,2021
0.0,1.54,0.09,1.2,2.1,2.1,95.0,95.0,335.0,19.0,0.21,36.0,4.0,0.21,17.0,5.0,0.17,6.0,3.0,26.0,2,2,7,0.3,0.3,2122
0.0,3.54,0.28,3.7,4.8,4.8,141.0,141.0,369.0,31.0,0.85,62.0,5.0,0.89,14.0,14.8,0.29,12.0,2.0,47.0,3,3,15,0.86,0.8,1920
0.16,2.21,0.14,3.0,3.3,3.3,172.0,172.0,443.0,16.0,0.61,51.0,15.0,0.69,25.0,14.0,0.65,24.0,10.0,34.0,3,3,14,0.61,0.48,2122
0.0,3.26,0.15,2.9,2.9,2.9,142.0,142.0,409.0,26.0,0.62,63.0,10.0,0.62,13.0,12.0,0.52,23.0,7.0,46.0,3,3,7,0.36,0.36,2223
1.36,1.11,0.04,0.2,0.3,0.3,44.0,44.0,128.0,5.0,0.35,9.0,0.0,0.45,1.0,2.8,0.0,4.0,0.0,9.0,0,0,3,0.37,0.25,2324
0.13,2.74,0.14,3.2,3.6,3.6,85.0,85.0,498.0,31.0,0.2,71.0,6.0,0.2,26.0,5.1,0.23,6.0,6.0,59.0,4,4,4,0.15,0.15,1819
0.0,2.51,0.1,1.8,2.4,2.4,46.0,46.0,277.0,26.0,0.15,57.0,6.0,0.15,17.0,3.3,0.26,5.0,4.0,47.0,3,3,3,0.13,0.13,1920
0.06,1.78,0.02,0.5,0.3,0.3,27.0,27.0,159.0,8.0,0.05,26.0,1.0,0.05,10.0,0.7,0.07,3.0,1.0,25.0,0,0,1,0.07,0.07,2021
0.07,2.13,0.02,0.5,0.4,0.4,17.0,17.0,135.0,10.0,0.08,33.0,3.0,0.08,7.0,1.2,0.19,0.0,3.0,30.0,1,1,1,0.06,0.06,2122
0.0,2.1,0.07,1.0,1.1,1.1,13.0,13.0,151.0,12.0,0.09,32.0,5.0,0.09,5.0,1.4,0.33,0.0,4.0,26.0,1,1,2,0.13,0.13,2223
0.57,2.34,0.07,0.4,0.4,0.4,15.0,15.0,64.0,4.0,0.5,12.0,0.0,0.5,0.0,2.6,0.0,0.0,0.0,8.0,0,0,0,0.0,0.0,1819
0.0,2.71,0.2,0.4,1.4,1.4,34.0,34.0,122.0,12.0,0.37,19.0,5.0,0.37,8.0,2.6,0.71,0.0,5.0,18.0,4,4,4,0.57,0.57,1920
0.0,2.39,0.14,3.7,3.9,3.9,188.0,188.0,556.0,31.0,0.59,65.0,9.0,0.68,23.0,16.1,0.33,11.0,6.0,50.0,2,2,18,0.66,0.55,2122
0.12,2.3,0.14,0.6,0.7,0.7,44.0,44.0,105.0,9.0,0.63,12.0,0.0,0.63,5.0,3.3,0.0,1.0,0.0,10.0,0,0,0,0.0,0.0,2223
0.0,2.42,0.16,0.9,1.4,1.4,48.0,48.0,141.0,11.0,0.51,21.0,2.0,0.78,7.0,4.4,0.23,1.0,2.0,19.0,1,1,7,0.81,0.46,2223
0.08,3.49,0.08,1.7,1.1,1.1,55.0,55.0,336.0,21.0,0.18,51.0,2.0,0.18,14.0,2.6,0.14,8.0,2.0,31.0,0,0,1,0.07,0.07,2324
0.0,0.3,0.0,0.2,0.0,0.0,10.0,10.0,46.0,1.0,0.01,4.0,0.0,0.01,2.0,0.2,0.0,1.0,0.0,4.0,0,0,0,0.0,0.0,2021
0.0,0.63,0.02,0.9,0.6,0.6,7.0,7.0,94.0,6.0,0.03,21.0,0.0,0.03,8.0,1.0,0.0,2.0,0.0,18.0,0,0,0,0.0,0.0,2324
0.19,2.64,0.1,1.0,1.1,1.1,49.0,49.0,172.0,14.0,0.21,28.0,3.0,0.21,17.0,2.2,0.28,1.0,2.0,23.0,1,1,2,0.19,0.19,2122
0.28,2.84,0.1,3.4,3.1,3.1,115.0,115.0,527.0,34.0,0.22,89.0,15.0,0.24,38.0,6.9,0.48,10.0,12.0,62.0,6,6,8,0.26,0.22,2223
0.12,3.75,0.22,6.0,6.2,6.2,71.0,71.0,424.0,48.0,0.29,107.0,12.0,0.29,45.0,8.2,0.42,7.0,8.0,73.0,8,8,8,0.28,0.28,2324
0.17,3.37,0.16,2.8,2.0,2.0,92.0,92.0,303.0,19.0,0.24,41.0,5.0,0.24,22.0,2.9,0.41,12.0,4.0,27.0,2,2,3,0.25,0.25,1920
0.2,4.0,0.23,7.2,5.5,5.5,242.0,242.0,649.0,52.0,0.4,96.0,9.0,0.4,55.0,9.7,0.37,14.0,5.0,65.0,4,4,8,0.33,0.33,2021
0.28,3.25,0.2,8.4,5.2,5.2,177.0,177.0,617.0,52.0,0.25,83.0,8.0,0.25,54.0,6.4,0.31,11.0,5.0,53.0,5,5,7,0.27,0.27,2122
0.08,3.03,0.25,7.7,7.2,7.2,120.0,120.0,533.0,50.0,0.28,88.0,10.0,0.28,52.0,8.3,0.34,4.0,8.0,61.0,8,8,8,0.28,0.28,2223
0.03,2.6,0.12,1.5,1.6,1.6,55.0,55.0,199.0,19.0,0.14,33.0,3.0,0.14,21.0,1.7,0.24,0.0,3.0,30.0,1,1,1,0.08,0.08,2324
0.06,3.8,0.2,2.8,3.6,3.6,127.0,127.0,396.0,39.0,0.37,69.0,2.0,0.37,28.0,6.7,0.11,10.0,1.0,51.0,1,1,5,0.28,0.28,1819
0.1,3.88,0.15,3.0,2.6,2.6,76.0,76.0,411.0,25.0,0.32,68.0,6.0,0.32,25.0,5.7,0.34,10.0,3.0,35.0,1,1,2,0.11,0.11,1920
0.1,2.89,0.12,3.1,4.0,4.0,189.0,189.0,656.0,48.0,0.3,94.0,11.0,0.3,26.0,9.7,0.34,19.0,5.0,63.0,4,4,9,0.28,0.28,2122
0.17,4.72,0.29,3.4,2.7,2.7,70.0,70.0,276.0,27.0,0.42,45.0,4.0,0.42,10.0,4.0,0.42,5.0,3.0,23.0,1,1,2,0.21,0.21,2223
0.13,3.09,0.13,0.4,0.8,0.8,43.0,43.0,110.0,8.0,0.23,18.0,1.0,0.23,10.0,1.4,0.17,2.0,1.0,17.0,1,1,1,0.17,0.17,2223
0.09,4.51,0.21,4.0,3.2,3.2,117.0,117.0,471.0,38.0,0.42,69.0,4.0,0.42,20.0,6.4,0.26,7.0,2.0,40.0,2,2,3,0.2,0.2,2324
0.0,0.77,0.04,0.5,0.9,0.9,1.0,1.0,32.0,4.0,0.13,16.0,2.0,0.13,1.0,2.8,0.1,1.0,0.0,9.0,1,1,2,0.1,0.1,1819
0.0,2.04,0.06,0.6,0.5,0.5,16.0,16.0,121.0,3.0,0.1,16.0,3.0,0.1,5.0,0.8,0.38,0.0,3.0,14.0,1,1,2,0.26,0.26,2223
0.26,3.81,0.17,5.4,5.1,5.1,71.0,71.0,525.0,51.0,0.22,114.0,10.0,0.22,29.0,6.7,0.33,4.0,8.0,86.0,5,5,6,0.2,0.2,2324
0.07,2.73,0.13,1.7,1.1,1.1,45.0,45.0,164.0,10.0,0.19,23.0,3.0,0.19,5.0,1.6,0.36,7.0,2.0,16.0,1,1,2,0.24,0.24,2122
0.09,1.68,0.12,2.4,1.6,1.6,74.0,74.0,265.0,8.0,0.18,24.0,4.0,0.18,14.0,2.5,0.28,15.0,2.0,18.0,1,1,2,0.14,0.14,2223
0.28,2.6,0.1,2.7,2.3,2.3,164.0,164.0,424.0,18.0,0.34,61.0,6.0,0.34,26.0,8.0,0.26,38.0,5.0,51.0,2,2,9,0.38,0.38,2324
0.0,3.42,0.18,2.1,2.1,2.1,187.0,187.0,464.0,18.0,0.52,39.0,3.0,0.52,14.0,5.9,0.26,46.0,1.0,26.0,1,1,8,0.7,0.7,1920
0.0,4.37,0.36,1.3,1.7,1.7,60.0,60.0,174.0,9.0,0.73,21.0,4.0,0.73,6.0,3.5,0.83,21.0,2.0,13.0,0,0,4,0.84,0.84,2021
0.19,2.68,0.12,0.5,0.4,0.4,49.0,49.0,144.0,2.0,0.47,10.0,3.0,0.47,6.0,1.8,0.8,13.0,1.0,6.0,0,0,4,1.07,1.07,2122
0.0,3.3,0.11,2.3,1.7,1.7,178.0,178.0,470.0,16.0,0.69,51.0,8.0,0.69,19.0,10.7,0.52,31.0,5.0,36.0,3,3,10,0.65,0.65,2223
0.1,1.44,0.04,0.9,0.8,0.8,103.0,103.0,273.0,9.0,0.55,26.0,2.0,0.55,3.0,10.0,0.11,9.0,1.0,16.0,0,0,11,0.61,0.61,2021
0.0,1.45,0.04,0.6,0.7,0.7,90.0,90.0,300.0,10.0,0.39,28.0,4.0,0.47,6.0,7.5,0.21,5.0,2.0,14.0,2,2,10,0.52,0.41,2122
0.07,1.7,0.03,0.6,0.7,0.7,98.0,98.0,281.0,10.0,0.41,34.0,1.0,0.41,3.0,8.3,0.05,10.0,0.0,21.0,0,0,8,0.4,0.4,2223
0.12,1.55,0.07,1.8,1.8,1.8,99.0,99.0,382.0,12.0,0.48,42.0,5.0,0.59,10.0,12.9,0.18,17.0,2.0,21.0,2,2,19,0.7,0.59,2324
0.0,4.0,0.25,5.0,5.4,5.4,193.0,193.0,524.0,32.0,0.67,88.0,9.0,0.67,17.0,14.6,0.41,37.0,6.0,52.0,4,4,13,0.59,0.59,1819
0.2,3.61,0.21,1.9,3.2,3.2,159.0,159.0,384.0,32.0,0.65,56.0,9.0,0.65,25.0,10.0,0.58,32.0,4.0,41.0,3,3,14,0.9,0.9,1920
0.2,3.5,0.27,4.4,5.4,5.4,146.0,146.0,481.0,36.0,0.56,69.0,13.0,0.57,31.0,11.0,0.66,22.0,7.0,50.0,4,4,15,0.76,0.76,2021
0.18,5.16,0.48,3.2,4.8,4.8,80.0,80.0,288.0,29.0,0.73,51.0,3.0,0.73,24.0,7.2,0.3,20.0,2.0,36.0,2,2,4,0.4,0.4,2122
0.0,3.12,0.19,1.9,2.0,2.0,92.0,92.0,283.0,13.0,0.5,34.0,3.0,0.5,12.0,5.5,0.28,5.0,3.0,23.0,2,2,5,0.46,0.46,2223
0.0,0.67,0.02,0.2,0.4,0.4,2.0,2.0,48.0,3.0,0.12,13.0,0.0,0.12,1.0,2.3,0.0,0.0,0.0,9.0,0,0,1,0.05,0.05,1920
0.0,0.66,0.01,0.3,0.2,0.2,0.0,0.0,14.0,4.0,0.04,9.0,1.0,0.04,5.0,0.6,0.07,0.0,1.0,8.0,0,0,0,0.0,0.0,2021
0.04,2.07,0.15,3.6,4.0,4.0,113.0,113.0,453.0,28.0,0.18,55.0,5.0,0.18,31.0,4.9,0.19,12.0,4.0,47.0,3,3,4,0.15,0.15,2122
0.11,2.21,0.11,2.3,2.6,2.6,41.0,41.0,261.0,21.0,0.14,50.0,5.0,0.14,29.0,3.2,0.22,1.0,4.0,34.0,1,1,3,0.13,0.13,2223
0.23,2.14,0.1,3.5,2.9,2.9,75.0,75.0,358.0,25.0,0.16,59.0,8.0,0.16,39.0,4.4,0.29,10.0,8.0,45.0,3,3,5,0.18,0.18,2324
0.21,1.56,0.18,1.2,2.4,2.4,114.0,114.0,296.0,9.0,0.37,21.0,5.0,0.37,8.0,5.1,0.37,10.0,2.0,12.0,2,2,4,0.3,0.3,2122
0.33,3.59,0.19,1.0,0.9,0.9,28.0,28.0,100.0,6.0,0.34,17.0,1.0,0.34,3.0,1.6,0.21,7.0,1.0,13.0,1,1,1,0.21,0.21,2223
0.4,2.59,0.25,4.0,6.7,6.7,196.0,196.0,507.0,32.0,0.49,70.0,13.0,0.49,24.0,13.3,0.48,42.0,12.0,53.0,9,9,14,0.52,0.52,2324
0.0,3.03,0.15,3.1,3.8,3.8,137.0,137.0,592.0,35.0,0.29,77.0,5.0,0.29,21.0,7.3,0.2,31.0,1.0,38.0,2,2,6,0.24,0.24,2122
0.0,1.89,0.05,0.5,0.6,0.6,67.0,67.0,218.0,8.0,0.32,23.0,0.0,0.32,11.0,3.9,0.0,13.0,0.0,13.0,0,0,3,0.25,0.25,2223
0.31,2.96,0.17,0.9,0.9,0.9,45.0,45.0,135.0,6.0,0.48,16.0,1.0,0.48,5.0,2.6,0.18,11.0,1.0,10.0,0,0,1,0.18,0.18,2223
0.18,4.45,0.25,5.6,8.0,8.0,232.0,232.0,733.0,57.0,0.54,143.0,29.0,0.57,39.0,17.4,0.9,59.0,13.0,86.0,10,10,21,0.65,0.62,2324
0.0,0.87,0.01,0.9,0.3,0.3,21.0,21.0,78.0,6.0,0.03,25.0,1.0,0.03,10.0,1.0,0.03,1.0,1.0,22.0,0,0,1,0.03,0.03,2324
0.06,2.22,0.05,0.4,0.4,0.4,50.0,50.0,114.0,4.0,0.33,18.0,4.0,0.33,4.0,2.7,0.49,6.0,0.0,8.0,0,0,0,0.0,0.0,1819
0.11,2.48,0.05,0.7,0.8,0.8,72.0,72.0,242.0,11.0,0.38,42.0,5.0,0.38,10.0,6.4,0.3,7.0,3.0,21.0,1,1,4,0.24,0.24,2021
0.06,2.15,0.05,1.1,0.9,0.9,84.0,84.0,259.0,10.0,0.32,40.0,8.0,0.32,6.0,5.9,0.43,16.0,2.0,20.0,2,2,9,0.48,0.48,2122
0.0,2.12,0.05,1.0,0.8,0.8,58.0,58.0,199.0,11.0,0.22,34.0,5.0,0.22,6.0,3.5,0.31,7.0,2.0,20.0,1,1,2,0.12,0.12,2223
0.0,2.22,0.08,0.2,0.7,0.7,24.0,24.0,91.0,7.0,0.46,19.0,1.0,0.46,1.0,4.0,0.12,5.0,0.0,12.0,0,0,3,0.35,0.35,2324
0.21,3.83,0.16,3.2,2.9,2.9,205.0,205.0,530.0,36.0,0.46,69.0,12.0,0.5,28.0,8.2,0.67,53.0,6.0,55.0,2,2,12,0.67,0.61,1819
0.18,3.43,0.15,3.7,4.4,4.4,275.0,275.0,677.0,30.0,0.54,100.0,20.0,0.56,37.0,15.7,0.69,45.0,14.0,77.0,6,6,23,0.79,0.79,1920
0.0,2.92,0.12,1.8,2.0,2.0,155.0,155.0,392.0,17.0,0.52,48.0,9.0,0.52,15.0,8.5,0.55,18.0,2.0,31.0,3,3,7,0.43,0.43,2021
0.18,2.12,0.0,0.4,0.0,0.0,32.0,32.0,65.0,0.0,0.28,5.0,1.0,0.28,5.0,0.7,0.42,4.0,1.0,4.0,0,0,1,0.42,0.42,2122
0.18,1.1,0.02,0.2,0.1,0.1,43.0,43.0,108.0,2.0,0.09,6.0,1.0,0.09,4.0,0.5,0.18,13.0,1.0,4.0,1,1,1,0.18,0.18,2122
0.0,2.58,0.13,1.4,1.4,1.4,87.0,87.0,249.0,12.0,0.63,28.0,5.0,0.7,13.0,6.9,0.46,8.0,2.0,22.0,2,2,8,0.74,0.64,2223
0.0,1.11,0.05,0.5,0.6,0.6,62.0,62.0,143.0,3.0,0.39,14.0,3.0,0.39,4.0,4.9,0.24,6.0,1.0,6.0,1,1,5,0.4,0.4,1920
0.11,1.35,0.1,2.3,2.9,2.9,143.0,143.0,346.0,20.0,0.7,39.0,5.0,0.72,9.0,20.2,0.17,8.0,1.0,23.0,4,4,24,0.83,0.79,2122
0.0,1.6,0.07,1.2,0.8,0.8,10.0,10.0,76.0,8.0,0.08,18.0,4.0,0.08,5.0,0.9,0.36,0.0,4.0,18.0,2,2,2,0.18,0.18,2324
0.19,2.93,0.26,1.0,2.1,2.1,59.0,59.0,149.0,12.0,0.77,24.0,1.0,0.77,4.0,6.3,0.12,2.0,1.0,19.0,0,0,4,0.49,0.49,1819
0.0,2.18,0.13,0.3,1.4,1.4,65.0,65.0,168.0,11.0,0.38,23.0,6.0,0.38,2.0,4.0,0.57,6.0,3.0,20.0,2,2,5,0.47,0.47,1920
0.24,2.12,0.16,4.8,4.5,4.5,229.0,229.0,689.0,32.0,0.41,60.0,10.0,0.41,31.0,11.7,0.35,21.0,9.0,52.0,4,4,13,0.46,0.46,1920
0.21,3.28,0.19,5.6,5.6,5.6,224.0,224.0,846.0,42.0,0.56,95.0,11.0,0.61,31.0,16.1,0.38,12.0,8.0,80.0,7,7,20,0.69,0.66,2021
0.0,2.6,0.17,3.0,3.1,3.1,126.0,126.0,377.0,26.0,0.44,49.0,10.0,0.44,12.0,8.2,0.53,10.0,8.0,36.0,4,4,7,0.37,0.37,2122
0.2,5.1,0.44,9.8,13.8,13.8,202.0,202.0,818.0,84.0,0.82,162.0,26.0,0.82,58.0,26.1,0.82,25.0,18.0,111.0,16,16,31,0.98,0.98,2223
0.26,3.64,0.19,5.8,5.6,5.6,196.0,196.0,681.0,43.0,0.51,107.0,11.0,0.61,34.0,14.9,0.37,7.0,10.0,68.0,6,6,22,0.75,0.61,2324
0.0,1.51,0.08,0.2,0.4,0.4,6.0,6.0,27.0,2.0,0.1,7.0,1.0,0.1,2.0,0.5,0.22,0.0,0.0,5.0,0,0,0,0.0,0.0,2324
0.14,3.08,0.14,2.3,3.2,3.2,188.0,188.0,526.0,29.0,0.34,72.0,7.0,0.34,28.0,7.8,0.3,42.0,4.0,50.0,2,2,10,0.43,0.43,2324
0.12,2.56,0.16,4.0,3.6,3.6,77.0,77.0,345.0,31.0,0.25,59.0,6.0,0.25,25.0,5.8,0.26,7.0,4.0,36.0,4,4,5,0.22,0.22,2223
0.0,2.37,0.13,2.5,3.5,3.5,46.0,46.0,363.0,19.0,0.2,61.0,7.0,0.2,22.0,5.2,0.27,4.0,3.0,43.0,3,3,5,0.19,0.19,2324
0.0,3.05,0.09,0.7,0.6,0.6,24.0,24.0,133.0,7.0,0.23,22.0,3.0,0.23,5.0,1.6,0.42,3.0,1.0,14.0,1,1,3,0.42,0.42,1920
0.0,4.34,0.14,1.5,1.4,1.4,58.0,58.0,230.0,17.0,0.24,44.0,3.0,0.24,5.0,2.4,0.3,3.0,2.0,29.0,1,1,1,0.1,0.1,2021
0.07,2.6,0.16,3.1,4.5,4.5,101.0,101.0,396.0,47.0,0.18,72.0,4.0,0.18,44.0,5.0,0.14,12.0,4.0,55.0,3,3,3,0.11,0.11,2324
0.0,1.23,0.05,0.4,0.7,0.7,58.0,58.0,213.0,4.0,0.07,15.0,1.0,0.07,11.0,0.8,0.08,5.0,1.0,11.0,1,1,1,0.08,0.08,1920
0.03,1.67,0.05,1.1,1.2,1.2,22.0,22.0,224.0,20.0,0.08,45.0,1.0,0.08,19.0,2.1,0.04,3.0,1.0,39.0,1,1,1,0.04,0.04,2324
0.32,5.57,0.2,1.1,1.1,1.1,75.0,75.0,208.0,17.0,0.55,31.0,3.0,0.55,15.0,3.1,0.54,11.0,2.0,18.0,0,0,1,0.18,0.18,1819
0.29,4.02,0.24,5.0,5.3,5.3,221.0,221.0,630.0,47.0,0.34,89.0,12.0,0.34,59.0,7.6,0.54,17.0,8.0,65.0,7,7,12,0.54,0.54,1920
0.29,4.24,0.21,6.2,5.9,5.9,180.0,180.0,817.0,63.0,0.33,118.0,15.0,0.39,67.0,9.2,0.54,9.0,9.0,71.0,8,8,13,0.47,0.4,2021
0.2,3.27,0.15,4.9,4.7,4.7,171.0,171.0,708.0,57.0,0.27,99.0,11.0,0.27,55.0,8.3,0.36,10.0,9.0,67.0,4,4,11,0.36,0.36,2223
0.04,1.91,0.1,1.3,2.3,2.3,140.0,140.0,426.0,17.0,0.23,46.0,6.0,0.23,13.0,5.6,0.25,14.0,5.0,33.0,5,5,8,0.33,0.33,2021
0.25,1.83,0.04,1.0,0.9,0.9,126.0,126.0,391.0,18.0,0.17,46.0,6.0,0.17,18.0,4.4,0.24,14.0,4.0,32.0,1,1,7,0.28,0.28,2122
0.0,0.9,0.08,0.8,2.0,2.0,4.0,4.0,76.0,8.0,0.14,22.0,6.0,0.14,2.0,3.4,0.25,1.0,4.0,16.0,2,2,5,0.21,0.21,2324
0.0,0.68,0.03,0.5,0.6,0.6,0.0,0.0,68.0,5.0,0.08,13.0,0.0,0.08,6.0,1.5,0.0,0.0,0.0,11.0,0,0,2,0.11,0.11,1920
0.0,0.67,0.0,0.9,0.1,0.1,10.0,10.0,79.0,2.0,0.07,18.0,1.0,0.07,6.0,1.9,0.04,0.0,0.0,16.0,0,0,1,0.04,0.04,2223
0.0,0.7,0.04,1.0,1.2,1.2,1.0,1.0,65.0,5.0,0.09,21.0,5.0,0.09,11.0,2.6,0.17,1.0,4.0,16.0,0,0,1,0.03,0.03,2324
0.0,1.11,0.0,0.1,0.0,0.0,27.0,27.0,81.0,1.0,0.28,10.0,1.0,0.37,2.0,2.5,0.11,4.0,0.0,6.0,0,0,2,0.22,0.11,1819
0.13,1.88,0.04,0.5,0.3,0.3,42.0,42.0,137.0,7.0,0.55,16.0,0.0,0.64,3.0,4.7,0.0,6.0,0.0,11.0,0,0,3,0.35,0.35,1819
0.0,2.79,0.12,1.5,1.9,1.9,92.0,92.0,235.0,15.0,0.42,43.0,5.0,0.42,4.0,6.5,0.32,9.0,3.0,28.0,2,2,8,0.52,0.52,1920
0.09,1.93,0.01,0.2,0.1,0.1,37.0,37.0,133.0,3.0,0.5,20.0,3.0,0.5,2.0,5.2,0.29,3.0,3.0,16.0,0,0,3,0.29,0.29,2021
0.05,1.84,0.05,0.5,0.6,0.6,48.0,48.0,160.0,7.0,0.36,20.0,2.0,0.36,8.0,3.9,0.18,4.0,2.0,17.0,1,1,6,0.55,0.55,2021
0.15,1.75,0.09,1.2,1.8,1.8,123.0,123.0,354.0,18.0,0.5,35.0,5.0,0.5,6.0,10.1,0.25,7.0,1.0,24.0,1,1,7,0.35,0.35,2122
0.0,1.85,0.11,1.4,3.0,3.0,139.0,139.0,450.0,25.0,0.42,50.0,5.0,0.45,15.0,11.5,0.19,11.0,5.0,41.0,4,4,16,0.59,0.55,2223
0.07,1.6,0.06,0.9,1.4,1.4,109.0,109.0,322.0,15.0,0.38,38.0,3.0,0.45,10.0,9.1,0.13,4.0,2.0,29.0,0,0,5,0.21,0.13,2324
0.06,1.51,0.07,0.8,0.8,0.8,56.0,56.0,187.0,6.0,0.12,18.0,0.0,0.12,6.0,1.4,0.0,2.0,0.0,12.0,0,0,0,0.0,0.0,2223
0.0,2.05,0.05,1.8,0.8,0.8,61.0,61.0,231.0,12.0,0.21,33.0,2.0,0.21,14.0,3.3,0.12,5.0,2.0,24.0,1,1,4,0.25,0.25,2324
0.0,3.74,0.19,1.9,2.8,2.8,149.0,149.0,428.0,22.0,0.42,55.0,3.0,0.42,29.0,6.1,0.2,23.0,1.0,45.0,1,1,2,0.14,0.14,2324
0.0,3.09,0.11,1.5,1.6,1.6,66.0,66.0,232.0,17.0,0.36,47.0,5.0,0.36,13.0,5.5,0.33,2.0,4.0,41.0,1,1,3,0.2,0.2,1920
0.1,3.71,0.08,0.1,0.2,0.2,12.0,12.0,51.0,4.0,0.13,8.0,0.0,0.13,2.0,0.3,0.0,0.0,0.0,7.0,0,0,0,0.0,0.0,1920
0.15,1.84,0.07,2.0,2.2,2.2,101.0,101.0,459.0,24.0,0.3,56.0,7.0,0.3,26.0,9.1,0.23,14.0,5.0,50.0,3,3,10,0.33,0.33,2021
0.0,2.69,0.1,3.1,2.7,2.7,124.0,124.0,488.0,28.0,0.32,70.0,9.0,0.44,22.0,8.4,0.35,16.0,6.0,57.0,4,4,15,0.58,0.42,2122
0.0,2.2,0.08,1.1,1.6,1.6,93.0,93.0,362.0,22.0,0.21,44.0,1.0,0.21,14.0,4.1,0.05,8.0,1.0,35.0,0,0,2,0.1,0.1,2223
0.0,3.34,0.25,1.5,2.2,2.2,64.0,64.0,219.0,14.0,0.42,30.0,3.0,0.42,9.0,3.8,0.33,1.0,3.0,23.0,3,3,5,0.56,0.56,2324
0.18,2.68,0.17,2.7,3.1,3.1,163.0,163.0,436.0,25.0,0.38,49.0,7.0,0.38,19.0,7.0,0.38,21.0,5.0,29.0,4,4,8,0.44,0.44,1718
0.23,3.62,0.1,2.1,1.8,1.8,163.0,163.0,498.0,26.0,0.39,65.0,2.0,0.57,19.0,7.1,0.11,11.0,1.0,37.0,0,0,10,0.56,0.33,2021
0.0,2.56,0.1,0.4,0.4,0.4,38.0,38.0,110.0,5.0,0.16,11.0,2.0,0.35,4.0,0.7,0.47,5.0,2.0,8.0,1,1,2,0.47,0.23,2122
0.66,2.58,0.12,1.6,1.8,1.8,104.0,104.0,305.0,18.0,0.23,37.0,6.0,0.23,9.0,3.2,0.42,23.0,3.0,23.0,3,3,6,0.42,0.42,2021
0.18,4.17,0.41,1.5,1.9,1.9,30.0,30.0,86.0,9.0,0.7,19.0,3.0,0.7,8.0,3.2,0.66,11.0,1.0,14.0,3,3,5,1.1,1.1,2122
0.0,0.78,0.01,0.1,0.1,0.1,3.0,3.0,26.0,3.0,0.03,11.0,0.0,0.03,2.0,0.4,0.0,0.0,0.0,9.0,0,0,0,0.0,0.0,2122
0.0,0.47,0.01,0.4,0.3,0.3,0.0,0.0,25.0,5.0,0.04,11.0,0.0,0.04,3.0,1.0,0.0,0.0,0.0,9.0,0,0,0,0.0,0.0,2223
0.0,0.6,0.04,0.4,0.7,0.7,0.0,0.0,26.0,3.0,0.05,12.0,2.0,0.05,2.0,0.9,0.1,1.0,1.0,10.0,1,1,1,0.05,0.05,2223
0.0,2.84,0.13,0.7,0.7,0.7,54.0,54.0,135.0,8.0,0.28,15.0,1.0,0.28,9.0,1.5,0.19,7.0,1.0,11.0,1,1,2,0.38,0.38,2324
0.0,1.81,0.07,0.8,0.7,0.7,57.0,57.0,148.0,8.0,0.23,19.0,1.0,0.38,4.0,2.5,0.1,1.0,1.0,14.0,0,0,2,0.19,0.0,1819
0.06,1.0,0.02,0.9,0.6,0.6,24.0,24.0,149.0,9.0,0.08,25.0,2.0,0.08,12.0,2.1,0.08,2.0,1.0,20.0,0,0,1,0.04,0.04,1819
0.0,0.9,0.05,0.7,0.9,0.9,12.0,12.0,55.0,5.0,0.1,15.0,3.0,0.1,4.0,1.6,0.18,0.0,2.0,12.0,1,1,1,0.06,0.06,1920
0.04,0.67,0.01,0.7,0.2,0.2,12.0,12.0,64.0,3.0,0.04,14.0,1.0,0.04,5.0,0.8,0.05,1.0,1.0,14.0,0,0,1,0.05,0.05,2021
0.06,0.43,0.0,0.5,0.1,0.1,12.0,12.0,75.0,1.0,0.07,10.0,1.0,0.07,2.0,1.7,0.04,0.0,1.0,8.0,1,1,5,0.21,0.21,2122
0.0,1.44,0.07,0.1,0.6,0.6,2.0,2.0,41.0,7.0,0.1,13.0,2.0,0.1,0.0,0.9,0.22,1.0,0.0,7.0,1,1,1,0.11,0.11,2324
0.0,2.63,0.11,1.9,3.0,3.0,169.0,169.0,493.0,37.0,0.63,70.0,6.0,0.63,20.0,16.8,0.23,10.0,4.0,56.0,3,3,20,0.75,0.75,1819
0.07,2.58,0.08,1.4,1.5,1.5,121.0,121.0,320.0,21.0,0.58,50.0,6.0,0.58,8.0,11.3,0.31,7.0,3.0,38.0,0,0,11,0.57,0.57,1920
0.0,1.52,0.11,1.5,1.7,1.7,111.0,111.0,283.0,15.0,0.57,24.0,5.0,0.62,8.0,9.0,0.32,13.0,5.0,21.0,2,2,9,0.57,0.51,2122
0.1,2.05,0.12,0.7,2.1,2.1,85.0,85.0,261.0,17.0,0.44,36.0,3.0,0.49,9.0,7.7,0.17,2.0,2.0,20.0,1,1,8,0.45,0.45,2223
0.12,2.33,0.1,2.3,2.1,2.1,106.0,106.0,349.0,26.0,0.18,50.0,4.0,0.18,14.0,3.9,0.19,17.0,4.0,35.0,2,2,2,0.09,0.09,1920
0.1,2.14,0.12,2.2,3.1,3.1,170.0,170.0,423.0,26.0,0.18,55.0,13.0,0.18,25.0,4.6,0.51,22.0,3.0,35.0,3,3,5,0.19,0.19,2021
0.04,1.47,0.11,1.5,2.1,2.1,41.0,41.0,229.0,13.0,0.13,29.0,3.0,0.13,15.0,2.5,0.15,5.0,2.0,23.0,2,2,2,0.1,0.1,2122
0.07,5.05,0.31,4.6,5.6,5.6,144.0,144.0,439.0,39.0,0.52,91.0,10.0,0.52,17.0,9.4,0.55,27.0,7.0,47.0,5,5,8,0.44,0.44,2021
0.0,3.6,0.15,4.1,4.0,4.0,194.0,194.0,534.0,41.0,0.39,99.0,8.0,0.42,27.0,10.8,0.29,25.0,4.0,57.0,2,2,8,0.29,0.25,2122
0.12,4.68,0.26,4.3,6.2,6.2,263.0,263.0,654.0,61.0,0.42,113.0,12.0,0.45,49.0,10.1,0.5,50.0,7.0,78.0,6,6,13,0.54,0.5,2223
0.0,1.73,0.05,0.3,1.0,1.0,114.0,114.0,360.0,10.0,0.32,38.0,4.0,0.32,2.0,6.9,0.18,33.0,0.0,19.0,0,0,6,0.27,0.27,2122
0.0,1.22,0.02,0.1,0.1,0.1,17.0,17.0,63.0,1.0,0.27,4.0,2.0,0.27,1.0,0.9,0.61,5.0,1.0,2.0,0,0,1,0.31,0.31,2223
1.02,1.59,0.03,0.3,0.2,0.2,37.0,37.0,106.0,3.0,0.5,8.0,1.0,0.5,2.0,2.5,0.2,8.0,0.0,5.0,0,0,1,0.2,0.2,2324
0.0,1.21,0.05,1.3,1.5,1.5,28.0,28.0,180.0,16.0,0.11,36.0,1.0,0.11,16.0,3.3,0.03,3.0,1.0,29.0,0,0,1,0.03,0.03,1920
0.0,1.57,0.01,1.1,0.3,0.3,20.0,20.0,151.0,5.0,0.08,35.0,0.0,0.08,8.0,1.8,0.0,1.0,0.0,24.0,0,0,2,0.09,0.09,2021
0.0,0.95,0.03,0.8,0.9,0.9,29.0,29.0,130.0,15.0,0.11,26.0,1.0,0.11,7.0,3.1,0.04,1.0,0.0,22.0,0,0,1,0.04,0.04,2223
0.04,0.98,0.03,1.3,0.5,0.5,7.0,7.0,73.0,7.0,0.06,18.0,1.0,0.06,4.0,1.1,0.05,0.0,1.0,15.0,0,0,0,0.0,0.0,2324
0.1,0.54,0.0,0.1,0.1,0.1,1.0,1.0,29.0,2.0,0.03,10.0,0.0,0.03,1.0,0.6,0.0,1.0,0.0,9.0,0,0,0,0.0,0.0,2122
0.0,2.31,0.07,1.3,1.6,1.6,192.0,192.0,416.0,21.0,0.37,55.0,6.0,0.44,16.0,8.9,0.25,15.0,3.0,40.0,0,0,12,0.5,0.42,2122
0.04,1.7,0.12,2.1,2.4,2.4,193.0,193.0,343.0,12.0,0.48,35.0,6.0,0.48,8.0,9.9,0.29,25.0,5.0,24.0,3,3,10,0.49,0.49,2223
0.1,2.95,0.11,2.3,2.7,2.7,181.0,181.0,339.0,28.0,0.43,70.0,7.0,0.49,12.0,10.1,0.29,13.0,3.0,49.0,1,1,11,0.46,0.38,2324
0.2,2.58,0.07,0.7,0.7,0.7,70.0,70.0,165.0,10.0,0.16,26.0,5.0,0.16,7.0,1.6,0.5,13.0,3.0,16.0,0,0,1,0.1,0.1,1920
0.19,3.61,0.15,2.3,2.9,2.9,101.0,101.0,338.0,23.0,0.35,71.0,8.0,0.35,17.0,6.9,0.41,15.0,3.0,28.0,4,4,8,0.41,0.41,2021
0.11,2.45,0.11,2.4,2.4,2.4,163.0,163.0,427.0,23.0,0.28,51.0,11.0,0.28,13.0,5.9,0.53,32.0,4.0,25.0,4,4,8,0.38,0.38,2122
0.22,2.36,0.11,2.0,2.9,2.9,181.0,181.0,464.0,20.0,0.35,63.0,10.0,0.35,19.0,9.4,0.37,37.0,7.0,41.0,3,3,12,0.45,0.45,2223
0.08,4.04,0.21,1.4,3.0,3.0,125.0,125.0,271.0,21.0,0.47,56.0,6.0,0.47,22.0,6.5,0.43,25.0,5.0,39.0,3,3,8,0.58,0.58,2324
0.0,2.32,0.07,1.1,0.9,0.9,111.0,111.0,259.0,15.0,0.26,30.0,3.0,0.39,12.0,3.4,0.23,22.0,3.0,21.0,1,1,5,0.39,0.31,2425
0.07,1.92,0.04,1.1,1.0,1.0,137.0,137.0,407.0,12.0,0.07,43.0,3.0,0.07,13.0,1.5,0.13,5.0,3.0,30.0,0,0,2,0.09,0.09,1920
0.12,1.98,0.04,1.0,0.5,0.5,62.0,62.0,230.0,9.0,0.05,27.0,3.0,0.05,20.0,0.7,0.22,4.0,3.0,21.0,1,1,2,0.15,0.15,2021
0.0,1.89,0.05,1.0,1.4,1.4,118.0,118.0,383.0,16.0,0.07,49.0,6.0,0.07,17.0,1.9,0.23,8.0,5.0,31.0,3,3,4,0.15,0.15,2122
0.0,2.38,0.14,1.5,2.2,2.2,172.0,172.0,391.0,15.0,0.72,39.0,6.0,0.86,14.0,11.7,0.37,52.0,3.0,23.0,3,3,13,0.79,0.61,2122
0.0,2.44,0.07,0.3,0.4,0.4,35.0,35.0,86.0,5.0,0.43,13.0,0.0,0.58,3.0,2.3,0.0,8.0,0.0,7.0,0,0,2,0.38,0.19,2223
0.0,2.72,0.17,0.4,1.1,1.1,44.0,44.0,127.0,6.0,0.57,18.0,1.0,0.57,2.0,3.7,0.15,11.0,0.0,9.0,0,0,1,0.15,0.15,2324
0.0,2.7,0.11,2.3,1.7,1.7,185.0,185.0,389.0,22.0,0.35,40.0,0.0,0.35,24.0,5.3,0.0,38.0,0.0,26.0,0,0,2,0.13,0.13,2425
0.0,2.56,0.08,1.8,1.2,1.2,62.0,62.0,249.0,19.0,0.19,40.0,8.0,0.19,17.0,3.0,0.51,4.0,5.0,28.0,2,2,5,0.32,0.32,2324
0.0,1.61,0.08,1.6,1.8,1.8,40.0,40.0,218.0,19.0,0.12,37.0,2.0,0.12,16.0,2.7,0.09,5.0,2.0,31.0,0,0,0,0.0,0.0,1819
0.0,3.2,0.09,0.5,0.5,0.5,15.0,15.0,86.0,10.0,0.12,19.0,1.0,0.12,5.0,0.7,0.17,1.0,1.0,13.0,0,0,0,0.0,0.0,1920
0.0,2.52,0.11,1.5,1.2,1.2,22.0,22.0,147.0,11.0,0.16,29.0,3.0,0.16,8.0,1.8,0.26,2.0,2.0,20.0,0,0,0,0.0,0.0,2021
0.05,3.19,0.17,3.1,3.5,3.5,51.0,51.0,329.0,33.0,0.24,66.0,8.0,0.24,19.0,5.0,0.39,8.0,3.0,39.0,6,6,7,0.34,0.34,2122
0.36,1.93,0.08,2.1,1.8,1.8,77.0,77.0,320.0,21.0,0.16,42.0,5.0,0.16,15.0,3.4,0.23,15.0,2.0,25.0,1,1,6,0.28,0.28,2223
0.0,5.92,0.21,2.8,2.3,2.3,66.0,66.0,293.0,28.0,0.35,66.0,6.0,0.35,27.0,3.9,0.54,6.0,3.0,37.0,4,4,6,0.54,0.54,2324
0.1,1.79,0.04,0.8,0.8,0.8,53.0,53.0,249.0,14.0,0.05,35.0,1.0,0.05,10.0,0.9,0.05,12.0,1.0,31.0,1,1,1,0.05,0.05,1819
0.18,0.96,0.11,0.9,1.2,1.2,37.0,37.0,166.0,7.0,0.13,10.0,1.0,0.13,5.0,1.3,0.1,8.0,1.0,10.0,1,1,1,0.1,0.1,1920
0.0,2.21,0.13,1.4,1.7,1.7,48.0,48.0,326.0,11.0,0.23,29.0,9.0,0.23,15.0,3.0,0.68,2.0,5.0,22.0,3,3,6,0.46,0.46,1920
0.0,1.94,0.08,0.8,1.0,1.0,13.0,13.0,195.0,17.0,0.09,25.0,0.0,0.09,7.0,1.2,0.0,1.0,0.0,24.0,0,0,1,0.08,0.08,2021
0.0,3.27,0.08,2.3,1.7,1.7,27.0,27.0,320.0,34.0,0.09,72.0,11.0,0.13,16.0,2.0,0.5,2.0,8.0,59.0,3,3,5,0.23,0.18,2324
0.0,0.89,0.02,0.4,0.6,0.6,17.0,17.0,135.0,6.0,0.08,24.0,4.0,0.08,9.0,2.1,0.15,1.0,4.0,23.0,1,1,3,0.11,0.11,2122
0.0,0.82,0.03,1.3,0.8,0.8,24.0,24.0,135.0,6.0,0.11,21.0,3.0,0.11,7.0,2.7,0.12,3.0,1.0,16.0,0,0,2,0.08,0.08,2324
0.09,1.36,0.04,1.1,1.3,1.3,80.0,80.0,389.0,18.0,0.15,45.0,5.0,0.15,11.0,5.0,0.15,1.0,3.0,39.0,2,2,5,0.15,0.15,1819
0.0,1.47,0.05,0.9,1.0,1.0,50.0,50.0,211.0,19.0,0.11,31.0,2.0,0.11,4.0,2.3,0.09,0.0,2.0,26.0,2,2,2,0.09,0.09,1920
0.05,1.27,0.02,0.5,0.4,0.4,11.0,11.0,110.0,10.0,0.05,20.0,2.0,0.05,9.0,0.8,0.13,1.0,1.0,19.0,0,0,1,0.06,0.06,1819
0.08,2.53,0.16,2.4,2.9,2.9,116.0,116.0,463.0,23.0,0.44,47.0,9.0,0.44,13.0,8.1,0.48,3.0,7.0,40.0,2,2,10,0.54,0.54,1920
0.12,2.37,0.09,1.4,1.1,1.1,39.0,39.0,201.0,10.0,0.28,30.0,3.0,0.28,15.0,3.6,0.24,1.0,3.0,27.0,1,1,2,0.16,0.16,2021
0.0,1.92,0.12,2.5,3.3,3.3,142.0,142.0,401.0,22.0,0.58,51.0,6.0,0.64,12.0,15.5,0.23,13.0,2.0,30.0,2,2,14,0.53,0.45,1819
0.0,1.6,0.02,0.4,0.3,0.3,61.0,61.0,193.0,5.0,0.38,24.0,3.0,0.43,8.0,5.7,0.2,5.0,2.0,16.0,0,0,6,0.4,0.33,1920
0.0,2.77,0.05,0.8,0.8,0.8,79.0,79.0,241.0,18.0,0.27,41.0,2.0,0.33,6.0,4.1,0.13,4.0,0.0,28.0,0,0,3,0.2,0.14,2021
0.17,2.65,0.15,4.0,4.8,4.8,40.0,40.0,435.0,42.0,0.21,83.0,12.0,0.21,41.0,6.7,0.38,5.0,10.0,58.0,7,7,9,0.29,0.29,1819
0.0,2.7,0.11,3.7,3.1,3.1,124.0,124.0,599.0,39.0,0.13,77.0,9.0,0.13,31.0,3.6,0.32,10.0,5.0,42.0,2,2,4,0.14,0.14,1819
0.25,3.57,0.25,3.3,3.3,3.3,89.0,89.0,287.0,21.0,0.32,47.0,6.0,0.32,23.0,4.2,0.46,12.0,5.0,34.0,4,4,8,0.61,0.61,1920
0.14,2.78,0.14,2.3,2.2,2.2,100.0,100.0,299.0,29.0,0.22,44.0,4.0,0.22,21.0,3.4,0.25,6.0,4.0,33.0,4,4,5,0.32,0.32,2021
0.0,2.24,0.07,0.4,1.0,1.0,57.0,57.0,214.0,13.0,0.1,31.0,4.0,0.1,10.0,1.4,0.29,7.0,2.0,20.0,2,2,2,0.14,0.14,2122
0.0,1.77,0.04,0.8,1.0,1.0,33.0,33.0,252.0,14.0,0.06,40.0,2.0,0.06,18.0,1.4,0.09,4.0,2.0,34.0,0,0,1,0.04,0.04,2223
0.14,2.29,0.06,1.4,1.5,1.5,61.0,61.0,365.0,21.0,0.08,58.0,1.0,0.08,22.0,2.1,0.04,5.0,0.0,38.0,0,0,0,0.0,0.0,2324
0.0,1.68,0.07,1.6,1.4,1.4,6.0,6.0,142.0,11.0,0.1,34.0,3.0,0.1,10.0,1.9,0.15,0.0,2.0,22.0,1,1,2,0.1,0.1,1819
0.0,1.81,0.13,1.5,2.3,2.3,107.0,107.0,217.0,13.0,0.37,32.0,3.0,0.37,9.0,6.6,0.17,12.0,2.0,24.0,2,2,6,0.34,0.34,2021
0.0,1.48,0.02,0.1,0.1,0.1,49.0,49.0,91.0,3.0,0.41,9.0,1.0,0.41,1.0,2.5,0.16,5.0,1.0,4.0,0,0,2,0.33,0.33,2122
0.27,2.81,0.17,0.7,1.0,1.0,29.0,29.0,98.0,9.0,0.47,16.0,1.0,0.47,5.0,2.7,0.18,6.0,1.0,15.0,1,1,3,0.53,0.53,2324
0.07,2.28,0.5,0.6,1.5,1.5,27.0,27.0,68.0,8.0,0.75,7.0,2.0,0.75,1.0,2.3,0.65,3.0,2.0,6.0,2,2,3,0.97,0.97,2425
0.0,1.41,0.02,0.2,0.2,0.2,8.0,8.0,70.0,5.0,0.04,14.0,1.0,0.04,5.0,0.4,0.1,1.0,1.0,10.0,0,0,0,0.0,0.0,1819
0.0,2.25,0.06,0.0,0.1,0.1,1.0,1.0,4.0,1.0,0.08,3.0,1.0,0.08,1.0,0.1,0.75,0.0,1.0,3.0,0,0,0,0.0,0.0,1920
0.0,0.86,0.02,0.3,0.3,0.3,9.0,9.0,112.0,5.0,0.03,11.0,2.0,0.03,4.0,0.4,0.16,1.0,2.0,9.0,0,0,0,0.0,0.0,2324
0.05,1.8,0.06,0.9,1.2,1.2,24.0,24.0,134.0,17.0,0.07,38.0,2.0,0.07,8.0,1.5,0.09,0.0,2.0,32.0,1,1,1,0.05,0.05,2122
0.14,1.96,0.09,2.5,2.6,2.6,31.0,31.0,382.0,29.0,0.12,57.0,5.0,0.13,19.0,3.6,0.17,0.0,5.0,49.0,4,4,4,0.14,0.14,2324
0.34,2.9,0.06,0.5,0.5,0.5,53.0,53.0,205.0,6.0,0.1,23.0,0.0,0.1,6.0,0.8,0.0,0.0,0.0,15.0,0,0,0,0.0,0.0,2122
0.08,0.89,0.01,0.1,0.1,0.1,7.0,7.0,39.0,3.0,0.05,7.0,0.0,0.05,2.0,0.4,0.0,1.0,0.0,7.0,0,0,0,0.0,0.0,1819
0.0,1.38,0.02,0.2,0.3,0.3,6.0,6.0,72.0,6.0,0.08,17.0,1.0,0.08,1.0,1.0,0.08,2.0,0.0,14.0,1,1,1,0.08,0.08,1920
0.17,2.18,0.08,4.0,2.8,2.8,39.0,39.0,372.0,21.0,0.15,71.0,8.0,0.15,34.0,4.8,0.25,6.0,8.0,50.0,2,2,5,0.15,0.15,2122
0.0,1.58,0.04,1.4,0.9,0.9,15.0,15.0,211.0,11.0,0.1,35.0,11.0,0.1,13.0,2.1,0.5,1.0,10.0,30.0,1,1,4,0.18,0.18,2324
0.05,2.12,0.22,2.3,3.3,3.3,118.0,118.0,352.0,18.0,0.26,31.0,4.0,0.26,20.0,3.9,0.27,17.0,4.0,30.0,2,2,5,0.34,0.34,2223
0.05,1.75,0.04,1.7,0.7,0.7,104.0,104.0,355.0,9.0,0.06,34.0,4.0,0.06,26.0,1.2,0.21,17.0,3.0,29.0,1,1,2,0.1,0.1,2324
0.0,0.36,0.02,0.7,0.4,0.4,4.0,4.0,61.0,4.0,0.13,8.0,0.0,0.13,7.0,2.8,0.0,1.0,0.0,7.0,0,0,3,0.13,0.13,2021
0.08,0.43,0.03,1.1,1.0,1.0,4.0,4.0,56.0,7.0,0.1,13.0,0.0,0.1,5.0,3.1,0.0,0.0,0.0,11.0,0,0,1,0.03,0.03,2122
0.0,0.7,0.03,1.7,1.2,1.2,17.0,17.0,161.0,9.0,0.11,26.0,6.0,0.13,12.0,4.2,0.16,5.0,5.0,22.0,3,3,6,0.16,0.16,2223
0.2,1.75,0.06,2.1,2.1,2.1,43.0,43.0,387.0,16.0,0.14,56.0,8.0,0.14,13.0,4.5,0.25,3.0,8.0,45.0,1,1,5,0.16,0.16,1819
0.0,1.28,0.14,2.7,3.4,3.4,35.0,35.0,308.0,15.0,0.24,32.0,8.0,0.24,9.0,6.0,0.32,2.0,7.0,28.0,5,5,9,0.36,0.36,1920
0.0,1.67,0.03,0.4,0.4,0.4,23.0,23.0,120.0,4.0,0.08,21.0,1.0,0.08,3.0,1.0,0.08,0.0,1.0,18.0,0,0,0,0.0,0.0,2021
0.0,1.16,0.03,0.8,0.7,0.7,8.0,8.0,116.0,6.0,0.07,25.0,1.0,0.07,4.0,1.4,0.05,2.0,1.0,23.0,0,0,2,0.09,0.09,2122
0.11,0.52,0.01,0.2,0.3,0.3,8.0,8.0,71.0,3.0,0.04,16.0,1.0,0.04,0.0,1.3,0.03,0.0,1.0,12.0,0,0,2,0.06,0.06,2324
0.0,3.78,0.29,2.6,3.2,3.2,76.0,76.0,298.0,26.0,0.47,41.0,7.0,0.47,19.0,5.0,0.65,10.0,4.0,27.0,3,3,5,0.46,0.46,2021
0.15,1.69,0.02,0.1,0.0,0.0,3.0,3.0,30.0,1.0,0.03,3.0,0.0,0.03,1.0,0.1,0.0,0.0,0.0,2.0,0,0,0,0.0,0.0,2122
0.0,2.76,0.14,1.2,0.9,0.9,28.0,28.0,158.0,8.0,0.21,18.0,1.0,0.21,7.0,1.4,0.15,4.0,1.0,13.0,1,1,1,0.15,0.15,2223
0.0,4.21,0.07,0.6,0.3,0.3,33.0,33.0,103.0,5.0,0.33,15.0,1.0,0.55,4.0,1.2,0.28,5.0,1.0,10.0,0,0,1,0.28,0.28,2324
0.0,1.18,0.02,1.4,0.8,0.8,9.0,9.0,191.0,13.0,0.11,40.0,6.0,0.11,7.0,3.8,0.18,1.0,6.0,37.0,3,3,6,0.18,0.18,1819
0.0,0.98,0.01,0.5,0.1,0.1,3.0,3.0,35.0,3.0,0.05,12.0,1.0,0.05,2.0,0.7,0.08,0.0,1.0,11.0,0,0,1,0.08,0.08,1920
0.0,0.74,0.02,0.2,0.4,0.4,1.0,1.0,60.0,4.0,0.07,11.0,1.0,0.07,3.0,1.1,0.07,0.0,1.0,11.0,0,0,0,0.0,0.0,2021
0.0,1.54,0.02,0.4,0.2,0.2,11.0,11.0,166.0,5.0,0.06,17.0,0.0,0.06,7.0,0.7,0.0,0.0,0.0,16.0,0,0,0,0.0,0.0,2223
0.18,2.81,0.11,2.6,3.6,3.6,159.0,159.0,504.0,45.0,0.34,91.0,6.0,0.34,25.0,11.1,0.19,22.0,5.0,70.0,2,2,14,0.43,0.43,1819
0.07,3.37,0.18,3.2,4.0,4.0,159.0,159.0,497.0,28.0,0.44,75.0,15.0,0.47,28.0,9.7,0.67,28.0,11.0,58.0,4,4,12,0.54,0.49,1920
0.61,3.45,0.09,2.0,1.3,1.3,114.0,114.0,303.0,23.0,0.31,51.0,4.0,0.31,22.0,4.6,0.27,11.0,4.0,35.0,1,1,3,0.2,0.2,2021
0.24,4.04,0.32,0.6,1.6,1.6,30.0,30.0,83.0,11.0,0.64,20.0,2.0,0.64,5.0,3.2,0.4,5.0,2.0,16.0,3,3,5,1.01,1.01,2122
0.06,3.29,0.35,0.6,1.5,1.5,43.0,43.0,108.0,11.0,0.62,14.0,2.0,0.62,6.0,2.6,0.47,6.0,1.0,11.0,1,1,1,0.24,0.24,2223
0.04,3.18,0.13,2.0,2.0,2.0,102.0,102.0,289.0,13.0,0.43,49.0,4.0,0.43,14.0,6.6,0.26,19.0,1.0,33.0,1,1,4,0.26,0.26,2223
0.09,3.53,0.15,3.0,3.9,3.9,175.0,175.0,513.0,29.0,0.44,90.0,5.0,0.44,22.0,11.3,0.2,41.0,2.0,55.0,1,1,10,0.39,0.39,2324
0.0,2.46,0.04,1.3,1.2,1.2,18.0,18.0,260.0,24.0,0.06,68.0,3.0,0.06,13.0,1.7,0.11,0.0,3.0,64.0,0,0,0,0.0,0.0,2223
0.13,1.93,0.04,0.4,0.4,0.4,12.0,12.0,108.0,10.0,0.08,17.0,3.0,0.08,5.0,0.7,0.34,0.0,3.0,17.0,1,1,1,0.11,0.11,2324
0.0,3.42,0.12,1.8,1.6,1.6,77.0,77.0,240.0,17.0,0.27,43.0,3.0,0.27,12.0,3.4,0.24,17.0,2.0,34.0,0,0,0,0.0,0.0,2223
0.0,3.72,0.16,0.1,0.2,0.2,8.0,8.0,45.0,1.0,0.65,5.0,2.0,0.65,0.0,0.9,1.49,1.0,0.0,1.0,0,0,1,0.74,0.74,2223
0.0,1.15,0.04,1.9,1.5,1.5,17.0,17.0,269.0,16.0,0.06,39.0,2.0,0.06,10.0,2.2,0.06,3.0,2.0,39.0,1,1,2,0.06,0.06,1819
0.0,0.34,0.03,0.2,0.7,0.7,3.0,3.0,37.0,4.0,0.11,9.0,2.0,0.11,1.0,2.8,0.08,0.0,1.0,8.0,1,1,4,0.15,0.15,2021
0.0,0.55,0.02,0.4,0.3,0.3,9.0,9.0,51.0,4.0,0.03,9.0,2.0,0.03,3.0,0.4,0.12,0.0,2.0,8.0,0,0,0,0.0,0.0,2223
0.0,4.89,0.18,1.0,0.9,0.9,27.0,27.0,117.0,9.0,0.46,24.0,2.0,0.46,13.0,2.3,0.41,5.0,2.0,16.0,0,0,1,0.2,0.2,2324
0.25,5.59,0.26,0.4,0.5,0.5,24.0,24.0,59.0,6.0,0.37,10.0,0.0,0.37,3.0,0.7,0.0,1.0,0.0,10.0,0,0,0,0.0,0.0,2324
0.11,1.22,0.02,1.2,0.7,0.7,67.0,67.0,411.0,7.0,0.08,36.0,0.0,0.08,13.0,2.4,0.0,7.0,0.0,28.0,0,0,3,0.1,0.1,2223
0.03,1.17,0.08,0.7,1.4,1.4,16.0,16.0,123.0,13.0,0.19,22.0,2.0,0.19,1.0,3.5,0.11,2.0,1.0,18.0,2,2,7,0.37,0.37,2324
0.0,0.64,0.01,0.6,0.5,0.5,68.0,68.0,247.0,7.0,0.05,21.0,1.0,0.05,11.0,1.8,0.03,3.0,1.0,17.0,1,1,2,0.06,0.06,1819
0.0,1.85,0.17,1.4,1.9,1.9,82.0,82.0,175.0,8.0,0.83,20.0,5.0,0.9,7.0,9.0,0.46,17.0,1.0,11.0,1,1,8,0.74,0.65,2122
0.0,1.45,0.08,0.3,0.6,0.6,48.0,48.0,105.0,5.0,0.57,12.0,2.0,0.67,0.0,4.7,0.24,4.0,0.0,8.0,0,0,3,0.36,0.24,2223
0.16,2.78,0.04,0.1,0.1,0.1,23.0,23.0,34.0,2.0,0.76,6.0,1.0,0.76,2.0,1.6,0.46,2.0,0.0,2.0,0,0,1,0.46,0.46,2223
0.0,3.11,0.27,0.9,1.6,1.6,44.0,44.0,79.0,8.0,0.79,19.0,4.0,0.79,2.0,4.8,0.65,3.0,2.0,9.0,1,1,5,0.82,0.82,2324
0.04,1.33,0.02,1.2,0.5,0.5,20.0,20.0,194.0,13.0,0.05,48.0,3.0,0.05,13.0,1.9,0.08,0.0,3.0,36.0,0,0,1,0.03,0.03,1819
0.04,1.63,0.06,1.5,1.4,1.4,58.0,58.0,276.0,15.0,0.15,40.0,4.0,0.15,12.0,3.7,0.16,9.0,3.0,31.0,2,2,3,0.12,0.12,2021
0.0,1.57,0.03,1.0,0.9,0.9,37.0,37.0,269.0,17.0,0.1,44.0,8.0,0.1,13.0,2.7,0.29,1.0,7.0,41.0,1,1,3,0.11,0.11,2122
0.05,1.84,0.03,1.3,0.7,0.7,21.0,21.0,218.0,12.0,0.09,37.0,1.0,0.09,8.0,1.8,0.05,1.0,1.0,35.0,0,0,2,0.1,0.1,2223
0.0,2.24,0.03,1.6,0.6,0.6,36.0,36.0,212.0,13.0,0.12,48.0,3.0,0.12,15.0,2.5,0.14,0.0,2.0,39.0,1,1,1,0.05,0.05,2324
0.19,2.04,0.09,0.3,1.0,1.0,11.0,11.0,95.0,9.0,0.18,21.0,1.0,0.18,4.0,1.9,0.1,0.0,1.0,15.0,0,0,0,0.0,0.0,2425
0.0,1.35,0.03,1.4,0.7,0.7,97.0,97.0,412.0,11.0,0.04,33.0,4.0,0.04,16.0,1.0,0.16,1.0,4.0,31.0,2,2,2,0.08,0.08,1819
0.0,1.5,0.02,0.9,0.5,0.5,71.0,71.0,342.0,9.0,0.03,40.0,2.0,0.03,18.0,0.9,0.07,8.0,2.0,31.0,0,0,0,0.0,0.0,1920
0.09,1.28,0.02,1.1,0.7,0.7,81.0,81.0,368.0,8.0,0.03,37.0,1.0,0.03,19.0,0.8,0.03,7.0,1.0,27.0,0,0,1,0.03,0.03,2021
0.0,0.78,0.0,0.3,0.0,0.0,2.0,2.0,23.0,1.0,0.05,15.0,1.0,0.05,9.0,0.9,0.05,1.0,1.0,14.0,0,0,0,0.0,0.0,1819
0.0,2.31,0.12,0.9,1.1,1.1,85.0,85.0,182.0,9.0,0.29,21.0,0.0,0.29,5.0,2.7,0.0,8.0,0.0,14.0,0,0,1,0.11,0.11,1819
0.09,2.21,0.09,4.3,2.9,2.9,95.0,95.0,544.0,42.0,0.1,74.0,15.0,0.1,32.0,3.2,0.45,11.0,11.0,46.0,5,5,5,0.15,0.15,1920
0.0,0.71,0.0,0.1,0.0,0.0,8.0,8.0,68.0,2.0,0.06,9.0,0.0,0.06,0.0,0.7,0.0,1.0,0.0,7.0,0,0,1,0.08,0.08,1819
0.0,0.82,0.0,0.2,0.0,0.0,11.0,11.0,49.0,0.0,0.05,7.0,0.0,0.05,1.0,0.4,0.0,4.0,0.0,3.0,0,0,1,0.12,0.12,1920
0.0,0.82,0.02,0.8,0.6,0.6,23.0,23.0,162.0,11.0,0.05,22.0,2.0,0.05,8.0,1.5,0.07,1.0,2.0,18.0,1,1,2,0.07,0.07,2122
0.21,2.97,0.24,2.1,3.4,3.4,105.0,105.0,359.0,22.0,0.38,43.0,4.0,0.38,16.0,5.6,0.28,9.0,1.0,23.0,1,1,2,0.14,0.14,1819
0.0,4.05,0.18,2.4,1.8,1.8,80.0,80.0,286.0,15.0,0.36,39.0,5.0,0.36,11.0,3.4,0.52,10.0,1.0,19.0,2,2,3,0.31,0.31,2122
0.0,1.33,0.09,0.2,0.3,0.3,35.0,35.0,63.0,2.0,0.16,4.0,0.0,0.16,2.0,0.5,0.0,3.0,0.0,2.0,0,0,0,0.0,0.0,2324
0.13,2.99,0.13,0.7,0.8,0.8,46.0,46.0,195.0,10.0,0.28,18.0,1.0,0.28,6.0,1.7,0.17,4.0,0.0,10.0,1,1,4,0.66,0.66,2122
0.12,2.49,0.14,2.4,2.2,2.2,131.0,131.0,426.0,21.0,0.23,39.0,4.0,0.23,10.0,3.7,0.26,8.0,2.0,19.0,2,2,4,0.26,0.26,2223
0.0,2.62,0.26,1.8,2.2,2.2,59.0,59.0,221.0,14.0,0.41,22.0,2.0,0.41,2.0,3.4,0.24,5.0,1.0,11.0,1,1,1,0.12,0.12,2324
0.0,1.81,0.1,1.5,2.1,2.1,117.0,117.0,363.0,15.0,0.13,37.0,3.0,0.13,19.0,2.6,0.15,2.0,2.0,26.0,0,0,0,0.0,0.0,1819
0.07,1.07,0.05,0.6,0.9,0.9,54.0,54.0,201.0,9.0,0.07,17.0,0.0,0.07,10.0,1.1,0.0,2.0,0.0,16.0,0,0,0,0.0,0.0,1920
0.08,1.06,0.02,0.9,0.5,0.5,60.0,60.0,266.0,11.0,0.1,30.0,3.0,0.1,14.0,2.9,0.11,0.0,2.0,28.0,1,1,2,0.07,0.07,2122
0.0,1.46,0.1,1.5,2.5,2.5,69.0,69.0,223.0,20.0,0.14,37.0,7.0,0.14,9.0,3.5,0.28,4.0,5.0,33.0,2,2,4,0.16,0.16,2223
0.0,1.24,0.03,0.6,0.4,0.4,20.0,20.0,96.0,4.0,0.23,15.0,2.0,0.23,4.0,2.7,0.17,1.0,1.0,14.0,0,0,1,0.08,0.08,2324
0.0,0.4,0.03,0.4,0.8,0.8,10.0,10.0,124.0,4.0,0.06,12.0,2.0,0.06,7.0,1.8,0.07,2.0,1.0,7.0,2,2,2,0.07,0.07,2021
0.0,1.37,0.02,0.5,0.3,0.3,26.0,26.0,172.0,3.0,0.16,17.0,3.0,0.16,6.0,2.0,0.24,0.0,1.0,9.0,0,0,0,0.0,0.0,2324
0.0,1.2,0.07,0.4,0.4,0.4,24.0,24.0,82.0,4.0,0.14,7.0,0.0,0.14,3.0,0.8,0.0,0.0,0.0,7.0,0,0,1,0.17,0.17,2021
0.0,1.55,0.04,0.4,0.6,0.6,67.0,67.0,212.0,9.0,0.05,24.0,3.0,0.05,14.0,0.7,0.19,1.0,2.0,19.0,0,0,1,0.06,0.06,2122
0.0,0.83,0.02,0.4,0.2,0.2,22.0,22.0,87.0,3.0,0.03,8.0,0.0,0.03,10.0,0.3,0.0,1.0,0.0,7.0,0,0,0,0.0,0.0,2223
0.13,1.49,0.0,0.1,0.0,0.0,33.0,33.0,119.0,0.0,0.03,9.0,1.0,0.03,1.0,0.2,0.17,1.0,1.0,7.0,0,0,0,0.0,0.0,2324
0.0,0.99,0.02,0.7,0.3,0.3,9.0,9.0,79.0,6.0,0.13,14.0,1.0,0.13,4.0,1.8,0.07,1.0,0.0,11.0,0,0,2,0.14,0.14,2324
0.13,1.91,0.12,2.0,2.0,2.0,100.0,100.0,415.0,17.0,0.18,34.0,0.0,0.18,27.0,3.2,0.0,5.0,0.0,30.0,0,0,1,0.06,0.06,2021
0.12,1.89,0.09,3.7,3.2,3.2,124.0,124.0,685.0,26.0,0.13,64.0,13.0,0.13,42.0,4.5,0.38,3.0,12.0,56.0,5,5,7,0.21,0.21,2223
0.15,2.59,0.11,3.7,3.8,3.8,162.0,162.0,676.0,38.0,0.15,86.0,7.0,0.15,45.0,5.0,0.21,9.0,6.0,76.0,4,4,8,0.24,0.24,2324
0.0,1.52,0.11,1.4,2.0,2.0,89.0,89.0,257.0,15.0,0.35,27.0,3.0,0.35,7.0,6.3,0.17,15.0,3.0,18.0,3,3,7,0.39,0.39,1920
0.0,1.87,0.13,0.4,0.5,0.5,46.0,46.0,112.0,2.0,0.22,8.0,2.0,0.22,5.0,0.9,0.47,5.0,1.0,5.0,1,1,2,0.47,0.47,2324
0.04,2.42,0.03,1.3,0.8,0.8,86.0,86.0,397.0,20.0,0.14,67.0,6.0,0.14,20.0,3.9,0.22,3.0,4.0,50.0,1,1,4,0.14,0.14,1819
0.03,1.71,0.04,0.7,0.9,0.9,47.0,47.0,248.0,15.0,0.08,39.0,4.0,0.08,5.0,1.8,0.18,3.0,4.0,32.0,1,1,3,0.13,0.13,1920
0.0,2.16,0.06,2.3,1.8,1.8,46.0,46.0,363.0,21.0,0.11,70.0,6.0,0.11,24.0,3.4,0.19,0.0,5.0,62.0,1,1,2,0.06,0.06,2223
0.1,1.72,0.05,2.2,1.3,1.3,37.0,37.0,293.0,19.0,0.14,49.0,3.0,0.14,9.0,3.9,0.11,1.0,1.0,41.0,0,0,4,0.14,0.14,2324
0.09,2.56,0.09,2.5,2.4,2.4,167.0,167.0,497.0,33.0,0.24,69.0,11.0,0.33,21.0,6.6,0.41,5.0,6.0,48.0,5,5,11,0.41,0.33,1819
0.18,3.17,0.11,2.7,2.3,2.3,58.0,58.0,352.0,26.0,0.23,67.0,6.0,0.23,19.0,4.9,0.28,0.0,3.0,41.0,2,2,4,0.19,0.19,1920
0.34,4.23,0.2,7.0,5.6,5.6,164.0,164.0,782.0,59.0,0.35,120.0,11.0,0.35,41.0,9.9,0.39,6.0,5.0,64.0,5,5,11,0.39,0.39,2021
0.0,4.19,0.25,6.2,6.7,6.7,139.0,139.0,659.0,69.0,0.41,113.0,14.0,0.62,44.0,11.1,0.52,4.0,11.0,70.0,6,6,15,0.56,0.3,2324
0.0,1.75,0.13,0.6,1.0,1.0,45.0,45.0,154.0,6.0,0.35,13.0,3.0,0.35,3.0,2.6,0.4,1.0,2.0,10.0,2,2,3,0.4,0.4,1819
0.17,1.82,0.06,0.9,0.6,0.6,49.0,49.0,141.0,6.0,0.14,18.0,0.0,0.14,6.0,1.4,0.0,1.0,0.0,11.0,0,0,0,0.0,0.0,1920
0.24,1.16,0.11,0.6,0.6,0.6,32.0,32.0,121.0,3.0,0.14,7.0,1.0,0.14,4.0,0.8,0.17,1.0,1.0,7.0,1,1,1,0.17,0.17,2021
0.08,1.81,0.2,2.7,2.5,2.5,87.0,87.0,255.0,14.0,0.3,23.0,5.0,0.3,14.0,3.8,0.39,4.0,3.0,19.0,3,3,6,0.47,0.47,2122
0.18,2.26,0.07,3.5,1.8,1.8,149.0,149.0,479.0,20.0,0.12,55.0,5.0,0.12,31.0,3.0,0.21,8.0,5.0,41.0,2,2,4,0.16,0.16,2223
0.19,3.17,0.16,6.0,4.4,4.4,161.0,161.0,620.0,40.0,0.25,89.0,13.0,0.25,46.0,6.9,0.46,7.0,10.0,69.0,5,5,6,0.21,0.21,2324
0.17,0.66,0.0,0.1,0.0,0.0,1.0,1.0,27.0,0.0,0.08,6.0,1.0,0.08,1.0,0.7,0.11,1.0,1.0,4.0,0,0,0,0.0,0.0,1819
0.0,2.07,0.03,1.0,0.5,0.5,87.0,87.0,251.0,11.0,0.25,33.0,0.0,0.25,6.0,4.0,0.0,1.0,0.0,20.0,0,0,2,0.13,0.13,1819
0.09,2.47,0.09,1.4,1.4,1.4,176.0,176.0,539.0,20.0,0.11,41.0,7.0,0.11,32.0,1.8,0.42,5.0,5.0,37.0,2,2,2,0.12,0.12,1920
0.0,1.79,0.02,0.5,0.2,0.2,74.0,74.0,245.0,5.0,0.06,19.0,2.0,0.06,10.0,0.6,0.19,3.0,1.0,14.0,1,1,3,0.28,0.28,2021
0.0,1.55,0.11,4.6,3.3,3.3,145.0,145.0,547.0,19.0,0.17,48.0,7.0,0.17,34.0,5.3,0.23,5.0,7.0,40.0,4,4,8,0.26,0.26,1920
0.04,1.39,0.06,2.4,1.3,1.3,167.0,167.0,491.0,13.0,0.08,30.0,1.0,0.08,27.0,1.7,0.05,1.0,1.0,27.0,0,0,0,0.0,0.0,2021
0.04,2.21,0.07,3.2,1.6,1.6,91.0,91.0,349.0,18.0,0.1,51.0,4.0,0.1,26.0,2.3,0.17,2.0,4.0,42.0,1,1,1,0.04,0.04,2122
0.11,1.67,0.09,3.9,2.4,2.4,65.0,65.0,337.0,19.0,0.18,45.0,3.0,0.18,21.0,5.0,0.11,2.0,2.0,37.0,1,1,5,0.19,0.19,2223
0.06,1.45,0.07,1.8,1.4,1.4,47.0,47.0,184.0,10.0,0.11,27.0,2.0,0.11,12.0,2.1,0.11,1.0,2.0,25.0,2,2,2,0.11,0.11,2324
0.0,1.28,0.02,0.9,0.4,0.4,12.0,12.0,58.0,9.0,0.03,25.0,2.0,0.03,15.0,0.5,0.1,1.0,2.0,21.0,2,2,2,0.1,0.1,1819
0.31,1.06,0.02,0.9,0.4,0.4,9.0,9.0,109.0,8.0,0.02,23.0,3.0,0.02,10.0,0.5,0.14,1.0,3.0,17.0,2,2,2,0.09,0.09,2021
0.0,2.79,0.14,4.4,3.8,3.8,126.0,126.0,486.0,34.0,0.16,75.0,11.0,0.16,47.0,4.3,0.41,5.0,8.0,60.0,5,5,5,0.19,0.19,2122
0.08,1.93,0.09,3.1,2.4,2.4,126.0,126.0,483.0,19.0,0.11,52.0,4.0,0.11,42.0,2.9,0.15,3.0,4.0,42.0,0,0,1,0.04,0.04,2223
0.0,1.0,0.04,1.4,1.2,1.2,6.0,6.0,81.0,6.0,0.11,32.0,4.0,0.11,4.0,3.5,0.13,0.0,4.0,28.0,1,1,3,0.09,0.09,2021
0.0,0.73,0.02,0.6,0.4,0.4,5.0,5.0,30.0,3.0,0.1,15.0,1.0,0.1,2.0,2.0,0.05,0.0,0.0,11.0,0,0,1,0.05,0.05,2122
0.07,0.43,0.04,0.8,0.4,0.4,0.0,0.0,13.0,1.0,0.11,4.0,0.0,0.11,3.0,1.0,0.0,1.0,0.0,2.0,0,0,2,0.21,0.21,2223
0.0,1.55,0.1,0.9,1.5,1.5,3.0,3.0,52.0,6.0,0.12,23.0,3.0,0.12,4.0,1.8,0.2,1.0,3.0,18.0,1,1,1,0.07,0.07,2324
0.03,0.8,0.1,0.7,2.0,2.0,2.0,2.0,43.0,6.0,0.15,16.0,6.0,0.15,3.0,3.0,0.3,1.0,4.0,13.0,2,2,3,0.15,0.15,1819
0.1,1.0,0.04,0.7,1.1,1.1,36.0,36.0,217.0,12.0,0.1,31.0,1.0,0.1,5.0,3.2,0.03,0.0,0.0,28.0,1,1,3,0.1,0.1,1920
0.04,1.37,0.08,2.5,2.3,2.3,51.0,51.0,318.0,21.0,0.14,40.0,7.0,0.14,23.0,4.1,0.24,5.0,4.0,32.0,3,3,3,0.1,0.1,2021
0.05,0.92,0.07,1.1,1.6,1.6,31.0,31.0,188.0,13.0,0.14,23.0,2.0,0.14,18.0,3.5,0.08,0.0,2.0,16.0,1,1,2,0.08,0.08,2122
0.0,3.58,0.17,2.3,2.4,2.4,106.0,106.0,334.0,24.0,0.29,51.0,4.0,0.29,26.0,4.1,0.28,15.0,3.0,40.0,2,2,5,0.35,0.35,1920
0.0,1.33,0.15,0.3,1.1,1.1,41.0,41.0,123.0,4.0,0.21,10.0,0.0,0.21,8.0,1.6,0.0,1.0,0.0,9.0,0,0,0,0.0,0.0,1920
0.0,0.66,0.0,0.2,0.0,0.0,3.0,3.0,29.0,1.0,0.09,9.0,2.0,0.09,0.0,1.2,0.15,1.0,1.0,6.0,1,1,2,0.15,0.15,2223
0.31,4.35,0.25,7.5,7.8,7.8,277.0,277.0,1069.0,71.0,0.48,138.0,13.0,0.48,59.0,15.2,0.41,48.0,12.0,113.0,7,7,14,0.44,0.44,1819
0.26,4.87,0.22,6.1,5.0,5.0,259.0,259.0,859.0,51.0,0.48,110.0,14.0,0.48,39.0,10.9,0.62,48.0,11.0,86.0,7,7,13,0.58,0.58,1920
0.13,3.66,0.16,2.8,3.8,3.8,173.0,173.0,733.0,26.0,0.29,84.0,12.0,0.29,31.0,6.5,0.52,28.0,11.0,69.0,6,6,8,0.35,0.35,2021
0.2,4.32,0.21,4.0,6.5,6.5,277.0,277.0,1002.0,59.0,0.42,137.0,17.0,0.42,42.0,13.2,0.54,34.0,13.0,110.0,4,4,12,0.38,0.38,2122
0.31,3.06,0.13,4.0,3.3,3.3,188.0,188.0,707.0,31.0,0.22,75.0,12.0,0.22,35.0,5.4,0.49,29.0,11.0,65.0,5,5,9,0.37,0.37,2223
0.13,4.54,0.27,8.0,7.6,7.6,260.0,260.0,1055.0,64.0,0.4,130.0,13.0,0.4,49.0,11.3,0.45,37.0,11.0,117.0,9,9,15,0.52,0.52,2324
0.09,3.66,0.11,2.6,2.7,2.7,270.0,270.0,621.0,26.0,0.46,93.0,14.0,0.46,24.0,11.6,0.55,43.0,9.0,59.0,4,4,17,0.67,0.67,1718
0.22,3.95,0.11,2.7,2.6,2.6,288.0,288.0,652.0,24.0,0.36,93.0,15.0,0.36,41.0,8.6,0.64,47.0,11.0,63.0,2,2,9,0.38,0.38,1819
0.23,4.17,0.23,2.8,3.2,3.2,132.0,132.0,399.0,26.0,0.49,58.0,7.0,0.49,21.0,6.9,0.5,18.0,4.0,30.0,3,3,4,0.29,0.29,1920
0.0,4.5,0.0,0.1,0.0,0.0,13.0,13.0,63.0,0.0,0.13,11.0,2.0,0.13,5.0,0.3,0.82,6.0,0.0,6.0,0,0,0,0.0,0.0,2122
0.0,1.55,0.03,0.1,0.1,0.1,28.0,28.0,66.0,1.0,0.3,4.0,0.0,0.3,5.0,0.8,0.0,5.0,0.0,3.0,0,0,2,0.77,0.77,2223
0.0,2.68,0.13,0.2,0.7,0.7,29.0,29.0,62.0,4.0,0.4,14.0,4.0,0.4,1.0,2.1,0.76,2.0,1.0,6.0,1,1,1,0.19,0.19,2324
0.04,2.03,0.07,0.9,1.8,1.8,119.0,119.0,338.0,20.0,0.6,49.0,3.0,0.6,11.0,14.5,0.12,16.0,1.0,31.0,0,0,11,0.46,0.46,2122
0.0,2.07,0.11,1.9,2.6,2.6,121.0,121.0,336.0,23.0,0.53,49.0,4.0,0.57,4.0,12.6,0.17,14.0,3.0,31.0,1,1,11,0.47,0.42,2223
0.0,2.92,0.12,3.6,2.6,2.6,22.0,22.0,340.0,32.0,0.14,66.0,3.0,0.14,17.0,3.1,0.13,2.0,0.0,36.0,2,2,3,0.13,0.13,1819
0.0,1.55,0.03,0.6,0.5,0.5,31.0,31.0,200.0,9.0,0.09,29.0,2.0,0.09,3.0,1.8,0.11,2.0,1.0,22.0,1,1,1,0.05,0.05,2324
0.0,3.6,0.19,1.5,1.7,1.7,100.0,100.0,250.0,17.0,0.31,32.0,2.0,0.31,15.0,2.8,0.23,9.0,2.0,25.0,2,2,5,0.56,0.56,2223
0.0,5.29,0.1,0.8,0.3,0.3,39.0,39.0,100.0,6.0,0.15,13.0,0.0,0.15,4.0,0.4,0.0,5.0,0.0,11.0,0,0,0,0.0,0.0,2324
0.18,2.67,0.07,1.9,1.4,1.4,17.0,17.0,301.0,25.0,0.11,55.0,2.0,0.11,17.0,2.3,0.1,0.0,1.0,30.0,1,1,1,0.05,0.05,2122
0.04,2.48,0.04,0.8,0.2,0.2,4.0,4.0,71.0,2.0,0.13,14.0,3.0,0.13,6.0,0.8,0.53,1.0,3.0,12.0,1,1,1,0.18,0.18,2223
0.0,2.93,0.09,2.5,2.0,2.0,33.0,33.0,417.0,22.0,0.13,69.0,6.0,0.13,33.0,3.0,0.25,0.0,5.0,59.0,1,1,1,0.04,0.04,2324
0.07,2.07,0.09,2.3,1.9,1.9,92.0,92.0,330.0,15.0,0.11,42.0,9.0,0.11,20.0,2.2,0.44,1.0,9.0,38.0,4,4,4,0.2,0.2,2122
0.08,2.46,0.06,1.3,1.7,1.7,118.0,118.0,363.0,23.0,0.11,66.0,8.0,0.11,16.0,3.0,0.3,4.0,6.0,56.0,2,2,5,0.19,0.19,1819
0.13,3.14,0.07,1.1,1.3,1.3,69.0,69.0,287.0,17.0,0.16,61.0,7.0,0.16,12.0,3.2,0.36,6.0,6.0,46.0,1,1,2,0.1,0.1,1819
0.04,1.59,0.04,1.8,1.1,1.1,138.0,138.0,429.0,14.0,0.19,42.0,5.0,0.19,21.0,4.9,0.19,17.0,4.0,29.0,2,2,7,0.27,0.27,2021
0.13,1.96,0.06,1.6,1.7,1.7,186.0,186.0,490.0,19.0,0.2,54.0,3.0,0.2,38.0,5.6,0.11,11.0,1.0,36.0,1,1,5,0.18,0.18,2223
0.24,2.17,0.11,1.2,1.8,1.8,95.0,95.0,277.0,17.0,0.4,35.0,4.0,0.4,17.0,6.4,0.25,11.0,3.0,29.0,2,2,8,0.51,0.51,2324
0.06,1.92,0.01,0.1,0.1,0.1,65.0,65.0,142.0,4.0,0.34,21.0,2.0,0.48,2.0,3.7,0.18,6.0,0.0,11.0,0,0,2,0.18,0.09,1718
0.0,1.25,0.08,0.6,1.3,1.3,75.0,75.0,194.0,8.0,0.47,20.0,1.0,0.47,4.0,7.5,0.06,2.0,1.0,14.0,1,1,6,0.38,0.38,1819
0.0,2.67,0.16,3.7,4.8,4.8,169.0,169.0,436.0,36.0,0.23,78.0,6.0,0.23,40.0,6.8,0.21,5.0,5.0,61.0,3,3,4,0.14,0.14,1819
0.0,3.23,0.09,1.0,1.1,1.1,53.0,53.0,215.0,20.0,0.19,40.0,0.0,0.19,12.0,2.3,0.0,0.0,0.0,34.0,0,0,1,0.08,0.08,2021
0.0,1.26,0.11,0.7,2.3,2.3,79.0,79.0,222.0,16.0,0.28,27.0,3.0,0.28,8.0,6.1,0.14,7.0,2.0,22.0,2,2,5,0.23,0.23,1920
0.0,1.66,0.05,0.7,0.8,0.8,72.0,72.0,201.0,7.0,0.33,26.0,7.0,0.58,4.0,5.2,0.45,7.0,3.0,16.0,0,0,11,0.7,0.38,2021
0.11,1.89,0.15,1.3,2.7,2.7,102.0,102.0,272.0,15.0,0.46,33.0,4.0,0.59,14.0,8.0,0.23,11.0,1.0,26.0,0,0,10,0.57,0.4,2122
0.22,1.52,0.11,2.2,2.8,2.8,147.0,147.0,387.0,22.0,0.49,40.0,5.0,0.67,14.0,13.0,0.19,20.0,4.0,29.0,3,3,18,0.68,0.49,2223
0.14,2.81,0.1,0.4,0.3,0.3,19.0,19.0,66.0,3.0,0.58,8.0,0.0,0.58,3.0,1.6,0.0,3.0,0.0,8.0,0,0,0,0.0,0.0,2324
0.08,2.28,0.17,1.7,3.1,3.1,95.0,95.0,265.0,20.0,0.43,41.0,7.0,0.43,11.0,7.8,0.39,16.0,6.0,32.0,2,2,5,0.28,0.28,1819
0.0,2.73,0.11,2.1,2.7,2.7,148.0,148.0,337.0,24.0,0.54,65.0,12.0,0.54,19.0,12.7,0.5,14.0,6.0,49.0,2,2,10,0.42,0.42,1920
0.09,2.9,0.09,1.2,1.5,1.5,113.0,113.0,269.0,23.0,0.49,50.0,7.0,0.49,10.0,8.4,0.41,13.0,3.0,36.0,3,3,13,0.75,0.75,2021
0.0,2.67,0.1,0.5,1.2,1.2,55.0,55.0,160.0,13.0,0.26,31.0,7.0,0.33,6.0,3.0,0.6,10.0,4.0,26.0,1,1,7,0.6,0.52,2122
0.04,1.89,0.09,3.4,2.7,2.7,166.0,166.0,449.0,22.0,0.29,58.0,3.0,0.35,21.0,9.0,0.1,25.0,2.0,43.0,2,2,10,0.33,0.33,2223
0.08,2.26,0.06,1.3,1.4,1.4,100.0,100.0,352.0,20.0,0.42,54.0,6.0,0.55,7.0,10.1,0.25,11.0,2.0,43.0,1,1,16,0.67,0.5,2324
0.0,3.87,0.12,1.8,1.6,1.6,31.0,31.0,275.0,20.0,0.16,53.0,5.0,0.16,20.0,2.2,0.37,1.0,5.0,50.0,1,1,1,0.07,0.07,1819
0.0,2.32,0.13,1.1,1.3,1.3,35.0,35.0,178.0,10.0,0.3,24.0,2.0,0.3,11.0,3.1,0.19,6.0,1.0,23.0,0,0,2,0.19,0.19,1920
0.29,3.75,0.25,6.4,5.6,5.6,200.0,200.0,558.0,57.0,0.28,85.0,12.0,0.28,43.0,6.2,0.53,12.0,9.0,58.0,9,9,9,0.4,0.4,2021
0.0,5.01,0.3,8.2,6.5,6.5,152.0,152.0,630.0,67.0,0.35,109.0,10.0,0.35,57.0,7.6,0.46,8.0,9.0,70.0,7,7,9,0.41,0.41,2223
0.0,0.59,0.05,0.1,0.3,0.3,4.0,4.0,32.0,1.0,0.09,3.0,2.0,0.09,2.0,0.5,0.4,1.0,1.0,2.0,1,1,1,0.2,0.2,1718
0.08,1.16,0.02,0.9,0.5,0.5,7.0,7.0,83.0,7.0,0.05,31.0,2.0,0.05,9.0,1.4,0.07,0.0,2.0,25.0,0,0,1,0.04,0.04,1819
0.05,1.72,0.1,2.1,3.0,3.0,50.0,50.0,372.0,24.0,0.13,53.0,5.0,0.13,17.0,4.0,0.16,2.0,3.0,43.0,0,0,1,0.03,0.03,2122
0.22,2.3,0.07,0.9,1.4,1.4,10.0,10.0,130.0,16.0,0.12,44.0,2.0,0.12,5.0,2.2,0.1,1.0,1.0,35.0,1,1,2,0.1,0.1,2122
0.0,1.43,0.04,0.3,0.4,0.4,15.0,15.0,89.0,6.0,0.07,13.0,2.0,0.07,7.0,0.7,0.22,1.0,2.0,12.0,0,0,0,0.0,0.0,2324
0.0,0.51,0.06,0.4,1.3,1.3,3.0,3.0,36.0,5.0,0.1,11.0,2.0,0.1,1.0,2.1,0.09,1.0,1.0,6.0,2,2,2,0.09,0.09,2324
0.0,2.23,0.09,0.4,0.6,0.6,10.0,10.0,45.0,5.0,0.16,14.0,5.0,0.16,4.0,1.0,0.8,1.0,2.0,10.0,1,1,2,0.32,0.32,1819
0.08,1.64,0.04,1.2,0.9,0.9,38.0,38.0,198.0,13.0,0.06,35.0,5.0,0.06,8.0,1.2,0.23,0.0,5.0,31.0,1,1,1,0.05,0.05,2021
0.05,2.89,0.09,0.4,0.8,0.8,63.0,63.0,124.0,7.0,0.54,24.0,3.0,0.54,5.0,4.5,0.36,17.0,0.0,11.0,0,0,3,0.36,0.36,1819
0.03,2.28,0.14,1.6,2.8,2.8,115.0,115.0,259.0,29.0,0.39,46.0,4.0,0.42,9.0,7.8,0.2,21.0,2.0,35.0,1,1,8,0.4,0.35,1920
0.35,2.3,0.06,1.3,1.8,1.8,163.0,163.0,447.0,29.0,0.32,75.0,9.0,0.44,17.0,10.4,0.28,36.0,1.0,48.0,1,1,15,0.46,0.31,2021
0.0,2.29,0.11,1.9,3.1,3.1,140.0,140.0,364.0,35.0,0.4,64.0,9.0,0.43,16.0,11.1,0.32,13.0,8.0,53.0,6,6,22,0.79,0.75,2223
0.12,2.05,0.04,0.5,0.5,0.5,57.0,57.0,162.0,10.0,0.28,26.0,0.0,0.35,5.0,3.6,0.0,6.0,0.0,21.0,0,0,4,0.31,0.24,2324
0.12,2.81,0.08,2.6,2.0,2.0,115.0,115.0,577.0,30.0,0.13,70.0,7.0,0.13,24.0,3.4,0.28,7.0,3.0,54.0,1,1,2,0.08,0.08,1819
0.0,2.0,0.08,2.1,1.8,1.8,142.0,142.0,558.0,14.0,0.18,48.0,7.0,0.18,25.0,4.2,0.29,12.0,5.0,33.0,3,3,4,0.17,0.17,1920
0.0,2.44,0.25,4.2,3.9,3.9,156.0,156.0,355.0,25.0,0.46,39.0,10.0,0.46,20.0,7.4,0.63,30.0,10.0,32.0,8,8,13,0.81,0.81,2223
0.41,4.53,0.34,4.2,5.2,5.2,217.0,217.0,476.0,29.0,0.64,69.0,11.0,0.64,19.0,9.8,0.72,50.0,9.0,53.0,7,7,11,0.72,0.72,2324
0.0,5.03,0.36,0.9,1.5,1.5,49.0,49.0,109.0,7.0,0.64,21.0,3.0,0.64,4.0,2.7,0.72,11.0,1.0,11.0,1,1,2,0.48,0.48,1819
0.15,3.51,0.11,1.4,1.5,1.5,69.0,69.0,308.0,20.0,0.36,48.0,10.0,0.36,11.0,4.9,0.73,8.0,7.0,29.0,3,3,7,0.51,0.51,2021
0.33,3.78,0.11,2.0,2.3,2.3,104.0,104.0,421.0,31.0,0.31,78.0,10.0,0.31,29.0,6.4,0.48,13.0,7.0,61.0,3,3,6,0.29,0.29,2122
0.35,4.49,0.26,3.4,5.6,5.6,116.0,116.0,413.0,41.0,0.54,96.0,18.0,0.54,40.0,11.5,0.84,17.0,8.0,69.0,7,7,13,0.61,0.61,2223
0.13,4.37,0.26,4.7,4.4,4.4,166.0,166.0,540.0,30.0,0.59,75.0,18.0,0.59,34.0,10.1,1.05,32.0,12.0,49.0,6,6,14,0.82,0.82,2324
0.12,3.52,0.16,4.7,4.1,4.1,158.0,158.0,623.0,45.0,0.33,92.0,13.0,0.36,25.0,8.7,0.5,15.0,6.0,52.0,7,7,13,0.5,0.46,1819
0.0,2.5,0.06,1.6,1.0,1.0,113.0,113.0,330.0,17.0,0.19,41.0,4.0,0.19,17.0,3.1,0.24,10.0,3.0,29.0,2,2,2,0.12,0.12,1920
0.15,2.06,0.08,3.0,2.3,2.3,144.0,144.0,520.0,18.0,0.33,61.0,13.0,0.36,28.0,9.8,0.44,11.0,7.0,46.0,0,0,9,0.3,0.27,2021
0.15,2.32,0.1,3.9,3.3,3.3,161.0,161.0,669.0,35.0,0.24,78.0,10.0,0.24,42.0,7.9,0.3,13.0,9.0,62.0,5,5,9,0.27,0.27,2122
0.22,3.67,0.14,4.8,3.7,3.7,138.0,138.0,675.0,48.0,0.35,98.0,11.0,0.35,29.0,9.3,0.41,5.0,6.0,54.0,4,4,12,0.45,0.45,2223
0.12,3.77,0.16,4.4,4.2,4.2,121.0,121.0,562.0,40.0,0.31,101.0,16.0,0.31,30.0,8.4,0.6,15.0,10.0,57.0,6,6,11,0.41,0.41,2324
0.52,5.65,0.23,5.1,4.1,4.1,167.0,167.0,541.0,43.0,0.42,103.0,5.0,0.42,31.0,7.6,0.27,44.0,4.0,64.0,3,3,7,0.38,0.38,2324
0.0,0.38,0.01,0.1,0.1,0.1,2.0,2.0,26.0,3.0,0.03,7.0,0.0,0.03,1.0,0.5,0.0,1.0,0.0,6.0,0,0,1,0.05,0.05,2021
0.06,0.44,0.01,0.1,0.3,0.3,6.0,6.0,37.0,3.0,0.07,10.0,2.0,0.07,2.0,1.5,0.09,2.0,1.0,7.0,0,0,1,0.04,0.04,2122
0.22,3.28,0.16,0.6,0.6,0.6,34.0,34.0,73.0,7.0,0.31,13.0,1.0,0.31,4.0,1.2,0.25,1.0,1.0,8.0,0,0,1,0.25,0.25,1718
0.42,1.74,0.03,0.2,0.2,0.2,50.0,50.0,131.0,6.0,0.08,15.0,2.0,0.08,7.0,0.7,0.23,9.0,0.0,7.0,0,0,0,0.0,0.0,2122
0.0,3.07,0.23,1.3,1.6,1.6,35.0,35.0,143.0,11.0,0.27,22.0,6.0,0.27,9.0,2.0,0.84,6.0,5.0,17.0,3,3,3,0.42,0.42,2223
0.04,0.96,0.02,0.1,0.0,0.0,7.0,7.0,22.0,1.0,0.13,2.0,0.0,0.13,2.0,0.3,0.0,0.0,0.0,1.0,0,0,0,0.0,0.0,2021
0.29,3.21,0.19,1.6,2.9,2.9,111.0,111.0,249.0,19.0,0.47,48.0,9.0,0.47,8.0,7.1,0.6,17.0,3.0,26.0,1,1,6,0.4,0.4,1819
0.12,3.08,0.25,3.1,4.3,4.3,120.0,120.0,304.0,21.0,0.81,53.0,9.0,0.85,17.0,13.9,0.52,18.0,6.0,34.0,5,5,13,0.75,0.75,1920
0.12,3.38,0.08,1.4,1.3,1.3,124.0,124.0,291.0,16.0,0.56,54.0,10.0,0.56,10.0,9.0,0.63,27.0,4.0,33.0,2,2,7,0.44,0.44,2021
0.1,3.56,0.2,3.4,4.7,4.7,158.0,158.0,378.0,34.0,0.57,82.0,10.0,0.57,21.0,13.1,0.43,19.0,7.0,60.0,3,3,12,0.5,0.5,2122
0.2,4.95,0.06,0.2,0.1,0.1,20.0,20.0,40.0,3.0,0.41,10.0,1.0,0.41,2.0,0.8,0.49,6.0,1.0,8.0,0,0,1,0.49,0.49,2324
0.0,0.66,0.03,1.0,0.8,0.8,7.0,7.0,71.0,6.0,0.1,20.0,3.0,0.1,16.0,3.1,0.1,2.0,3.0,17.0,1,1,4,0.13,0.13,2021
0.0,0.64,0.01,0.6,0.4,0.4,5.0,5.0,54.0,9.0,0.06,19.0,2.0,0.06,3.0,1.8,0.07,2.0,2.0,15.0,0,0,3,0.1,0.1,2122
0.03,0.72,0.01,0.7,0.4,0.4,7.0,7.0,55.0,8.0,0.06,20.0,1.0,0.06,11.0,1.5,0.04,0.0,1.0,17.0,0,0,0,0.0,0.0,2223
0.12,3.02,0.35,4.5,8.1,8.1,293.0,293.0,578.0,45.0,0.79,70.0,13.0,0.79,39.0,18.3,0.56,48.0,11.0,55.0,10,10,15,0.65,0.65,2324
0.09,1.99,0.16,3.9,4.3,4.3,139.0,139.0,402.0,34.0,0.18,53.0,9.0,0.18,31.0,4.9,0.34,9.0,9.0,42.0,7,7,8,0.3,0.3,2223
0.0,0.88,0.02,0.5,0.5,0.5,11.0,11.0,86.0,7.0,0.06,26.0,0.0,0.06,4.0,1.8,0.0,0.0,0.0,19.0,0,0,0,0.0,0.0,1920
0.0,0.52,0.03,0.8,0.6,0.6,9.0,9.0,83.0,3.0,0.06,12.0,2.0,0.06,3.0,1.5,0.09,0.0,1.0,6.0,1,1,2,0.09,0.09,2223
0.17,5.34,0.33,9.7,11.4,11.4,263.0,263.0,1279.0,95.0,0.57,184.0,25.0,0.8,90.0,19.6,0.73,10.0,22.0,136.0,12,12,30,0.87,0.61,2021
0.22,4.48,0.26,6.9,9.0,9.0,190.0,190.0,965.0,88.0,0.5,155.0,11.0,0.54,81.0,17.1,0.32,24.0,8.0,115.0,6,6,16,0.46,0.46,2122
0.0,0.48,0.01,0.3,0.3,0.3,1.0,1.0,29.0,3.0,0.05,9.0,3.0,0.05,2.0,1.0,0.16,1.0,2.0,6.0,1,1,1,0.05,0.05,1819
0.09,3.38,0.11,2.3,2.1,2.1,56.0,56.0,361.0,18.0,0.2,66.0,10.0,0.24,33.0,3.9,0.51,6.0,8.0,61.0,1,1,4,0.21,0.15,2021
0.17,4.57,0.2,4.3,3.7,3.7,41.0,41.0,332.0,36.0,0.26,83.0,9.0,0.26,30.0,4.7,0.5,10.0,8.0,69.0,3,3,3,0.17,0.17,2122
0.13,3.32,0.14,1.8,1.7,1.7,83.0,83.0,259.0,12.0,0.23,39.0,7.0,0.23,16.0,2.7,0.6,8.0,4.0,27.0,2,2,4,0.34,0.34,1920
0.17,2.64,0.09,1.6,2.4,2.4,47.0,47.0,408.0,28.0,0.23,71.0,9.0,0.23,18.0,6.2,0.33,2.0,7.0,61.0,3,3,7,0.26,0.26,1819
0.13,2.45,0.08,1.7,1.4,1.4,16.0,16.0,208.0,19.0,0.17,44.0,6.0,0.17,15.0,3.1,0.33,1.0,6.0,35.0,3,3,4,0.22,0.22,1920
0.0,1.79,0.06,1.6,1.3,1.3,33.0,33.0,170.0,16.0,0.16,41.0,8.0,0.16,21.0,3.6,0.35,1.0,7.0,35.0,3,3,4,0.17,0.17,2021
0.03,2.08,0.09,2.2,2.6,2.6,24.0,24.0,272.0,24.0,0.16,62.0,1.0,0.16,21.0,4.8,0.03,0.0,0.0,52.0,0,0,2,0.07,0.07,2122
0.11,1.29,0.04,2.0,1.4,1.4,27.0,27.0,196.0,16.0,0.1,42.0,7.0,0.12,17.0,3.2,0.21,4.0,5.0,37.0,1,1,2,0.06,0.06,2223
0.32,2.71,0.07,0.3,0.6,0.6,36.0,36.0,126.0,11.0,0.17,25.0,2.0,0.17,4.0,1.6,0.22,1.0,2.0,21.0,1,1,2,0.22,0.22,1819
0.0,2.01,0.05,0.9,0.6,0.6,27.0,27.0,152.0,11.0,0.12,25.0,5.0,0.12,7.0,1.5,0.4,1.0,4.0,22.0,4,4,5,0.4,0.4,1920
0.0,4.19,0.1,1.0,0.7,0.7,54.0,54.0,147.0,12.0,0.26,26.0,1.0,0.26,8.0,1.6,0.16,15.0,0.0,20.0,0,0,1,0.16,0.16,1920
0.0,4.13,0.2,4.6,5.0,5.0,217.0,217.0,826.0,49.0,0.33,104.0,8.0,0.34,48.0,8.4,0.32,38.0,5.0,68.0,3,3,7,0.28,0.28,2021
0.61,3.1,0.18,1.2,1.5,1.5,64.0,64.0,226.0,10.0,0.34,26.0,1.0,0.34,12.0,2.8,0.12,10.0,1.0,18.0,1,1,1,0.12,0.12,2122
0.2,3.04,0.11,0.1,0.2,0.2,15.0,15.0,37.0,2.0,0.17,5.0,3.0,0.17,2.0,0.3,1.82,0.0,3.0,4.0,1,1,1,0.61,0.61,2223
0.0,2.45,0.07,0.7,0.7,0.7,75.0,75.0,254.0,8.0,0.35,25.0,4.0,0.35,10.0,3.5,0.39,4.0,3.0,20.0,2,2,4,0.39,0.39,2223
0.16,3.88,0.09,0.3,0.2,0.2,49.0,49.0,101.0,4.0,0.41,9.0,1.0,0.41,8.0,1.0,0.43,5.0,1.0,8.0,0,0,0,0.0,0.0,2324
0.28,3.0,0.23,5.6,7.5,7.5,235.0,235.0,755.0,51.0,0.5,97.0,15.0,0.53,45.0,16.3,0.46,26.0,12.0,62.0,8,8,17,0.53,0.5,2223
0.18,3.77,0.21,5.6,4.6,4.6,195.0,195.0,599.0,32.0,0.55,82.0,10.0,0.66,36.0,12.1,0.46,38.0,9.0,45.0,6,6,15,0.69,0.55,2324
0.29,3.44,0.11,0.4,0.2,0.2,28.0,28.0,65.0,4.0,0.34,7.0,0.0,0.34,6.0,0.7,0.0,6.0,0.0,5.0,0,0,0,0.0,0.0,2324
0.11,2.46,0.17,2.0,3.3,3.3,143.0,143.0,395.0,21.0,0.22,48.0,7.0,0.22,19.0,4.3,0.36,24.0,6.0,34.0,5,5,6,0.31,0.31,1920
0.21,3.81,0.16,5.0,4.4,4.4,269.0,269.0,783.0,38.0,0.4,108.0,12.0,0.4,31.0,11.3,0.42,36.0,9.0,71.0,3,3,8,0.28,0.28,2021
0.31,4.78,0.23,6.9,7.5,7.5,388.0,388.0,979.0,68.0,0.49,158.0,18.0,0.54,31.0,16.3,0.54,68.0,9.0,108.0,7,7,18,0.54,0.48,2122
0.28,4.58,0.24,5.8,8.5,8.5,520.0,520.0,1270.0,75.0,0.5,162.0,28.0,0.56,66.0,17.6,0.79,84.0,20.0,106.0,11,11,25,0.71,0.65,2223
0.0,4.38,0.09,0.5,0.5,0.5,39.0,39.0,106.0,12.0,0.21,27.0,2.0,0.21,7.0,1.3,0.32,3.0,2.0,21.0,0,0,1,0.16,0.16,1819
0.0,1.19,0.02,0.1,0.2,0.2,17.0,17.0,57.0,5.0,0.07,9.0,0.0,0.07,1.0,0.5,0.0,1.0,0.0,9.0,0,0,0,0.0,0.0,1718
0.28,3.08,0.22,5.8,6.5,6.5,208.0,208.0,668.0,43.0,0.25,91.0,12.0,0.25,44.0,7.5,0.41,13.0,10.0,63.0,8,8,10,0.34,0.34,2122
0.72,2.98,0.16,5.4,5.2,5.2,141.0,141.0,595.0,51.0,0.19,96.0,14.0,0.19,34.0,6.0,0.44,9.0,7.0,63.0,9,9,10,0.31,0.31,2223
0.28,3.61,0.18,2.3,1.3,1.3,54.0,54.0,200.0,13.0,0.22,25.0,5.0,0.22,15.0,1.5,0.72,7.0,2.0,14.0,5,5,5,0.72,0.72,2324
0.0,0.32,0.01,0.1,0.2,0.2,2.0,2.0,33.0,3.0,0.08,8.0,1.0,0.08,1.0,2.1,0.04,0.0,0.0,4.0,0,0,3,0.12,0.12,2021
0.49,2.79,0.11,0.7,1.4,1.4,93.0,93.0,208.0,16.0,0.34,35.0,3.0,0.34,6.0,4.2,0.24,9.0,1.0,17.0,1,1,5,0.4,0.4,2324
0.03,0.19,0.0,0.1,0.0,0.0,12.0,12.0,48.0,0.0,0.04,2.0,1.0,0.04,2.0,0.5,0.09,0.0,1.0,1.0,0,0,0,0.0,0.0,2223
0.0,0.65,0.02,0.3,0.8,0.8,4.0,4.0,68.0,5.0,0.04,21.0,2.0,0.04,3.0,1.4,0.06,2.0,1.0,17.0,1,1,1,0.03,0.03,2324
0.52,3.44,0.33,1.2,1.4,1.4,59.0,59.0,151.0,9.0,0.5,15.0,2.0,0.5,7.0,2.2,0.46,8.0,1.0,13.0,1,1,1,0.23,0.23,1819
0.25,4.8,0.21,2.0,2.0,2.0,116.0,116.0,381.0,20.0,0.41,46.0,6.0,0.41,26.0,4.0,0.63,26.0,6.0,38.0,5,5,6,0.63,0.63,1920
0.19,5.35,0.24,2.9,2.8,2.8,155.0,155.0,473.0,31.0,0.35,63.0,9.0,0.35,43.0,4.1,0.76,30.0,8.0,60.0,3,3,5,0.42,0.42,2021
0.15,5.15,0.2,1.9,2.1,2.1,102.0,102.0,303.0,25.0,0.43,55.0,6.0,0.43,18.0,4.6,0.56,30.0,2.0,41.0,2,2,3,0.28,0.28,2122
0.05,3.86,0.11,0.9,0.8,0.8,44.0,44.0,117.0,13.0,0.14,26.0,2.0,0.14,7.0,0.9,0.3,6.0,2.0,19.0,1,1,1,0.15,0.15,2223
0.08,3.98,0.14,2.5,2.8,2.8,173.0,173.0,524.0,36.0,0.27,82.0,6.0,0.27,32.0,5.5,0.29,39.0,4.0,63.0,1,1,9,0.44,0.44,2324
0.03,2.78,0.19,2.9,5.4,5.4,197.0,197.0,388.0,30.0,0.61,78.0,19.0,0.67,19.0,17.2,0.68,24.0,12.0,53.0,9,9,23,0.82,0.78,1819
0.22,1.86,0.09,2.0,2.8,2.8,197.0,197.0,475.0,28.0,0.39,60.0,9.0,0.39,14.0,12.8,0.28,23.0,3.0,42.0,1,1,9,0.28,0.28,1920
0.0,2.2,0.12,1.3,2.8,2.8,116.0,116.0,302.0,17.0,0.52,51.0,11.0,0.66,13.0,12.1,0.48,24.0,5.0,30.0,5,5,17,0.73,0.56,2021
0.24,1.62,0.03,0.6,0.5,0.5,52.0,52.0,169.0,10.0,0.33,25.0,0.0,0.43,3.0,5.1,0.0,15.0,0.0,17.0,0,0,8,0.52,0.39,2122
0.09,2.06,0.13,2.1,2.7,2.7,118.0,118.0,281.0,23.0,0.85,43.0,10.0,0.97,7.0,17.8,0.48,16.0,5.0,24.0,5,5,23,1.1,0.96,2223
0.0,2.0,0.05,0.6,0.6,0.6,77.0,77.0,168.0,8.0,0.71,22.0,4.0,0.85,2.0,7.8,0.36,13.0,2.0,12.0,1,1,10,0.91,0.73,2324
0.08,1.39,0.03,0.8,0.9,0.9,28.0,28.0,218.0,16.0,0.11,40.0,1.0,0.11,14.0,3.2,0.03,2.0,1.0,34.0,0,0,2,0.07,0.07,1819
0.24,1.39,0.13,0.9,1.6,1.6,67.0,67.0,199.0,7.0,0.2,17.0,2.0,0.2,6.0,2.4,0.16,0.0,0.0,10.0,1,1,2,0.16,0.16,1920
0.0,1.19,0.01,0.4,0.1,0.1,1.0,1.0,25.0,2.0,0.03,11.0,1.0,0.03,5.0,0.3,0.11,0.0,1.0,10.0,0,0,1,0.11,0.11,2122
0.0,2.41,0.14,1.4,2.8,2.8,114.0,114.0,307.0,23.0,0.41,49.0,4.0,0.41,7.0,8.3,0.2,22.0,2.0,32.0,1,1,5,0.25,0.25,2324
0.0,0.52,0.0,0.2,0.0,0.0,2.0,2.0,55.0,0.0,0.04,1.0,1.0,0.04,1.0,0.1,0.52,0.0,1.0,1.0,0,0,0,0.0,0.0,1920
0.0,2.08,0.01,0.3,0.1,0.1,25.0,25.0,128.0,4.0,0.19,17.0,0.0,0.19,2.0,1.5,0.0,0.0,0.0,17.0,0,0,1,0.12,0.12,1920
0.08,4.35,0.18,2.0,2.7,2.7,51.0,51.0,315.0,25.0,0.29,66.0,3.0,0.29,24.0,4.3,0.2,1.0,2.0,31.0,2,2,4,0.26,0.26,2021
0.08,2.48,0.05,1.4,1.3,1.3,65.0,65.0,334.0,20.0,0.12,64.0,4.0,0.12,14.0,3.1,0.16,1.0,4.0,50.0,2,2,3,0.12,0.12,2122
0.09,1.87,0.07,1.8,1.6,1.6,78.0,78.0,312.0,15.0,0.17,44.0,4.0,0.17,20.0,3.9,0.17,2.0,4.0,30.0,2,2,4,0.17,0.17,2223
0.17,3.18,0.14,1.0,1.6,1.6,45.0,45.0,223.0,18.0,0.25,36.0,2.0,0.25,3.0,2.8,0.18,5.0,1.0,21.0,1,1,2,0.18,0.18,2324
0.0,3.64,0.11,1.3,1.3,1.3,43.0,43.0,243.0,19.0,0.17,44.0,4.0,0.17,14.0,2.0,0.33,2.0,2.0,27.0,2,2,2,0.17,0.17,2425
0.48,3.21,0.05,0.7,0.3,0.3,81.0,81.0,217.0,7.0,0.25,17.0,6.0,0.25,6.0,1.3,1.13,13.0,4.0,12.0,2,2,3,0.57,0.57,1920
0.12,4.44,0.21,0.9,1.3,1.3,39.0,39.0,145.0,10.0,0.39,28.0,4.0,0.39,5.0,2.5,0.63,8.0,2.0,14.0,3,3,4,0.64,0.64,1920
0.16,3.84,0.16,0.9,1.3,1.3,65.0,65.0,214.0,15.0,0.47,33.0,5.0,0.47,3.0,4.0,0.58,12.0,0.0,13.0,1,1,3,0.35,0.35,2021
0.21,6.17,0.17,0.9,1.0,1.0,52.0,52.0,194.0,15.0,0.41,38.0,2.0,0.41,6.0,2.5,0.32,9.0,2.0,18.0,1,1,2,0.32,0.32,2122
0.12,2.85,0.08,1.7,2.0,2.0,185.0,185.0,557.0,23.0,0.2,68.0,9.0,0.2,19.0,4.7,0.38,41.0,6.0,45.0,5,5,8,0.34,0.34,2223
0.0,3.38,0.15,0.8,1.3,1.3,66.0,66.0,200.0,10.0,0.28,29.0,3.0,0.28,9.0,2.4,0.35,8.0,2.0,20.0,1,1,2,0.23,0.23,2324
0.0,0.73,0.02,0.3,0.2,0.2,15.0,15.0,71.0,2.0,0.05,7.0,0.0,0.05,4.0,0.5,0.0,2.0,0.0,4.0,0,0,1,0.1,0.1,2021
0.35,1.42,0.03,0.4,0.1,0.1,9.0,9.0,69.0,2.0,0.12,6.0,1.0,0.12,4.0,0.5,0.24,1.0,1.0,6.0,1,1,1,0.24,0.24,2324
0.0,3.89,0.19,0.7,1.6,1.6,21.0,21.0,156.0,13.0,0.4,33.0,6.0,0.4,18.0,3.4,0.71,2.0,5.0,24.0,3,3,5,0.59,0.59,2425
0.11,1.88,0.15,2.1,2.8,2.8,88.0,88.0,317.0,19.0,0.2,36.0,6.0,0.2,15.0,3.9,0.31,12.0,4.0,29.0,3,3,3,0.16,0.16,2324
0.13,3.12,0.12,1.1,1.6,1.6,89.0,89.0,208.0,23.0,0.39,44.0,4.0,0.44,11.0,5.5,0.28,15.0,1.0,33.0,1,1,7,0.5,0.43,1819
0.0,1.97,0.12,0.3,0.9,0.9,36.0,36.0,103.0,5.0,0.57,15.0,2.0,0.57,1.0,4.3,0.26,7.0,1.0,9.0,1,1,3,0.39,0.39,1920
0.18,1.6,0.12,0.6,1.0,1.0,52.0,52.0,118.0,5.0,0.48,14.0,2.0,0.48,5.0,4.2,0.23,4.0,1.0,9.0,0,0,5,0.57,0.57,2021
0.0,2.07,0.02,0.1,0.1,0.1,12.0,12.0,83.0,2.0,0.11,11.0,2.0,0.11,2.0,0.6,0.38,2.0,0.0,7.0,0,0,0,0.0,0.0,2223
0.0,1.65,0.1,3.1,3.2,3.2,196.0,196.0,551.0,22.0,0.11,51.0,4.0,0.11,38.0,3.5,0.13,6.0,4.0,43.0,3,3,3,0.1,0.1,2021
0.0,0.0,0.0,0.0,0.0,0.0,0.0,0.0,1.0,0.0,0.02,0.0,0.0,0.02,0.0,0.0,0.0,0.0,0.0,0.0,0,0,0,0.0,0.0,2223
0.46,2.13,0.12,1.4,3.0,3.0,106.0,106.0,425.0,20.0,0.49,52.0,10.0,0.52,9.0,12.0,0.41,10.0,4.0,32.0,3,3,13,0.53,0.49,1920
0.0,2.3,0.16,0.3,0.7,0.7,33.0,33.0,63.0,6.0,0.41,10.0,2.0,0.41,3.0,1.8,0.46,2.0,2.0,8.0,2,2,3,0.69,0.69,2021
0.22,2.27,0.08,0.3,0.6,0.6,54.0,54.0,120.0,7.0,0.42,16.0,1.0,0.42,4.0,2.9,0.14,4.0,1.0,12.0,0,0,1,0.14,0.14,2223
0.0,0.9,0.01,0.4,0.3,0.3,54.0,54.0,184.0,6.0,0.04,18.0,2.0,0.04,7.0,0.8,0.1,3.0,1.0,12.0,0,0,0,0.0,0.0,2021
0.06,1.5,0.05,0.8,1.2,1.2,89.0,89.0,271.0,13.0,0.09,35.0,3.0,0.09,20.0,2.2,0.13,4.0,3.0,30.0,0,0,0,0.0,0.0,2122
0.22,2.7,0.14,3.7,3.7,3.7,156.0,156.0,450.0,34.0,0.3,71.0,8.0,0.3,29.0,7.9,0.3,17.0,6.0,55.0,4,4,5,0.19,0.19,1718
0.0,2.41,0.15,5.2,4.1,4.1,147.0,147.0,469.0,34.0,0.3,66.0,10.0,0.3,36.0,8.2,0.37,8.0,6.0,44.0,6,6,8,0.29,0.29,1819
0.26,1.83,0.06,1.7,1.4,1.4,87.0,87.0,267.0,15.0,0.13,42.0,8.0,0.13,27.0,3.1,0.35,6.0,4.0,30.0,0,0,2,0.09,0.09,1920
0.18,2.73,0.15,4.1,4.7,4.7,30.0,30.0,452.0,45.0,0.23,83.0,14.0,0.47,21.0,7.1,0.46,2.0,3.0,36.0,8,8,19,0.63,0.39,2021
0.0,3.2,0.15,4.4,4.0,4.0,89.0,89.0,505.0,53.0,0.28,88.0,8.0,0.48,28.0,7.6,0.29,5.0,4.0,46.0,5,5,16,0.58,0.33,2122
0.17,2.58,0.11,1.4,1.4,1.4,67.0,67.0,290.0,13.0,0.23,34.0,8.0,0.23,5.0,3.0,0.61,2.0,7.0,26.0,2,2,5,0.38,0.38,2223
0.06,3.06,0.2,1.9,2.4,2.4,59.0,59.0,273.0,20.0,0.32,37.0,2.0,0.32,17.0,3.9,0.17,2.0,2.0,30.0,2,2,4,0.33,0.33,2324
0.0,3.27,0.15,0.5,0.9,0.9,31.0,31.0,107.0,7.0,0.63,19.0,3.0,0.63,2.0,3.6,0.52,5.0,0.0,10.0,1,1,3,0.52,0.52,1819
0.0,1.3,0.06,0.8,0.8,0.8,46.0,46.0,174.0,7.0,0.33,16.0,6.0,0.33,5.0,4.0,0.49,6.0,5.0,13.0,2,2,7,0.57,0.57,2223
0.0,2.57,0.23,0.1,0.8,0.8,13.0,13.0,45.0,5.0,0.69,9.0,1.0,0.69,0.0,2.4,0.29,2.0,1.0,8.0,0,0,2,0.57,0.57,2324
0.17,2.14,0.02,0.2,0.1,0.1,27.0,27.0,92.0,4.0,0.08,14.0,1.0,0.08,2.0,0.5,0.15,6.0,1.0,8.0,0,0,1,0.15,0.15,2223
0.07,1.7,0.06,0.2,0.4,0.4,8.0,8.0,60.0,2.0,0.2,10.0,2.0,0.2,3.0,1.2,0.34,2.0,2.0,7.0,1,1,3,0.51,0.51,2223
0.0,1.99,0.07,1.4,1.0,1.0,55.0,55.0,216.0,10.0,0.12,29.0,2.0,0.12,12.0,1.8,0.14,6.0,1.0,19.0,1,1,2,0.14,0.14,2324
0.0,1.49,0.28,0.6,1.0,1.0,14.0,14.0,58.0,2.0,0.47,5.0,2.0,0.47,0.0,1.6,0.59,5.0,2.0,5.0,1,1,1,0.3,0.3,2122
0.4,4.07,0.16,0.6,0.6,0.6,21.0,21.0,112.0,8.0,0.26,16.0,0.0,0.26,7.0,1.0,0.0,3.0,0.0,13.0,0,0,0,0.0,0.0,2223
0.0,3.57,0.13,0.3,0.3,0.3,19.0,19.0,72.0,4.0,0.19,9.0,4.0,0.19,6.0,0.5,1.59,2.0,2.0,7.0,1,1,2,0.79,0.79,2324
0.09,2.1,0.03,0.8,0.9,0.9,23.0,23.0,254.0,14.0,0.14,54.0,3.0,0.14,14.0,3.5,0.12,3.0,0.0,36.0,0,0,3,0.12,0.12,1819
0.11,1.71,0.08,3.8,2.7,2.7,45.0,45.0,376.0,25.0,0.27,55.0,8.0,0.27,22.0,8.8,0.25,5.0,7.0,49.0,4,4,10,0.31,0.31,2021
0.13,2.28,0.1,2.9,2.8,2.8,30.0,30.0,366.0,26.0,0.19,65.0,10.0,0.19,21.0,5.3,0.35,4.0,7.0,58.0,3,3,4,0.14,0.14,2122
0.0,1.86,0.05,1.2,1.0,1.0,36.0,36.0,245.0,16.0,0.2,41.0,4.0,0.2,18.0,4.5,0.18,1.0,4.0,35.0,2,2,3,0.14,0.14,2324
0.13,1.97,0.09,2.1,2.5,2.5,185.0,185.0,482.0,24.0,0.27,54.0,3.0,0.3,14.0,7.3,0.11,23.0,3.0,36.0,3,3,9,0.33,0.29,1819
0.0,4.61,0.14,0.6,1.1,1.1,63.0,63.0,161.0,12.0,0.56,35.0,3.0,0.56,9.0,4.3,0.4,11.0,1.0,25.0,1,1,4,0.53,0.53,1920
0.0,0.51,0.01,0.8,0.3,0.3,9.0,9.0,85.0,3.0,0.04,17.0,3.0,0.04,5.0,1.4,0.09,3.0,3.0,17.0,0,0,2,0.06,0.06,2223
0.0,0.49,0.01,0.8,0.1,0.1,9.0,9.0,64.0,4.0,0.04,12.0,1.0,0.04,8.0,0.9,0.04,1.0,1.0,12.0,0,0,1,0.04,0.04,2324
0.09,0.5,0.04,1.0,1.0,1.0,1.0,1.0,55.0,6.0,0.08,14.0,4.0,0.08,3.0,2.4,0.14,0.0,4.0,13.0,3,3,4,0.14,0.14,2324
0.0,2.39,0.08,0.5,0.7,0.7,32.0,32.0,133.0,8.0,0.52,20.0,2.0,0.52,7.0,4.4,0.24,11.0,0.0,11.0,1,1,4,0.48,0.48,2021
0.0,4.79,0.26,3.4,3.9,3.9,164.0,164.0,400.0,32.0,0.42,73.0,12.0,0.42,28.0,6.4,0.79,17.0,8.0,49.0,7,7,10,0.65,0.65,1819
0.64,5.77,0.27,1.8,2.6,2.6,101.0,101.0,254.0,27.0,0.47,56.0,2.0,0.47,20.0,4.6,0.21,21.0,0.0,35.0,0,0,3,0.31,0.31,1920
0.14,3.4,0.18,5.1,4.3,4.3,307.0,307.0,721.0,34.0,0.41,83.0,9.0,0.44,35.0,9.9,0.37,31.0,5.0,53.0,2,2,12,0.49,0.45,2122
0.0,2.38,0.07,0.8,0.9,0.9,90.0,90.0,219.0,13.0,0.5,28.0,3.0,0.5,7.0,5.9,0.25,8.0,3.0,17.0,3,3,6,0.51,0.51,1819
0.0,1.53,0.29,0.2,0.6,0.6,11.0,11.0,27.0,1.0,0.55,3.0,0.0,0.55,3.0,1.1,0.0,3.0,0.0,2.0,0,0,1,0.51,0.51,1920
0.0,2.47,0.05,0.1,0.2,0.2,27.0,27.0,63.0,4.0,0.35,8.0,0.0,0.35,3.0,1.1,0.0,0.0,0.0,6.0,0,0,1,0.31,0.31,1920
0.0,0.73,0.0,0.3,0.1,0.1,5.0,5.0,46.0,1.0,0.02,13.0,2.0,0.02,3.0,0.3,0.11,0.0,2.0,12.0,0,0,0,0.0,0.0,2324
0.29,3.82,0.09,1.2,1.0,1.0,31.0,31.0,195.0,18.0,0.23,41.0,3.0,0.23,12.0,2.5,0.28,1.0,3.0,31.0,0,0,1,0.09,0.09,1819
0.31,4.55,0.2,3.2,2.1,2.1,57.0,57.0,266.0,23.0,0.25,47.0,9.0,0.25,22.0,2.6,0.87,2.0,8.0,38.0,3,3,3,0.29,0.29,1920
0.0,6.05,0.34,3.1,3.3,3.3,48.0,48.0,280.0,25.0,0.51,59.0,6.0,0.67,19.0,4.9,0.62,2.0,6.0,35.0,3,3,5,0.51,0.31,2021
0.17,3.6,0.08,1.0,0.5,0.5,40.0,40.0,93.0,6.0,0.24,21.0,1.0,0.24,4.0,1.4,0.17,4.0,1.0,15.0,1,1,1,0.17,0.17,1819
0.08,1.14,0.01,1.3,0.5,0.5,49.0,49.0,339.0,5.0,0.11,36.0,1.0,0.11,23.0,3.5,0.03,10.0,1.0,32.0,0,0,5,0.16,0.16,2223
0.07,1.73,0.17,1.0,1.6,1.6,22.0,22.0,146.0,8.0,0.2,16.0,1.0,0.2,8.0,1.8,0.11,1.0,0.0,9.0,1,1,1,0.11,0.11,1819
0.07,1.08,0.08,1.0,1.1,1.1,37.0,37.0,177.0,8.0,0.12,16.0,3.0,0.12,5.0,1.7,0.2,0.0,1.0,10.0,1,1,1,0.07,0.07,1920
0.0,1.23,0.07,2.3,1.8,1.8,92.0,92.0,381.0,14.0,0.14,33.0,2.0,0.14,18.0,3.9,0.07,6.0,2.0,21.0,2,2,6,0.22,0.22,2021
0.0,1.34,0.05,1.0,1.1,1.1,57.0,57.0,269.0,12.0,0.11,27.0,0.0,0.11,9.0,2.1,0.0,3.0,0.0,14.0,0,0,1,0.05,0.05,2122
0.1,2.36,0.12,1.5,1.5,1.5,47.0,47.0,234.0,18.0,0.19,29.0,2.0,0.19,17.0,2.3,0.16,0.0,0.0,19.0,0,0,2,0.16,0.16,2223
0.34,1.89,0.16,0.9,1.6,1.6,41.0,41.0,180.0,9.0,0.29,19.0,3.0,0.29,10.0,2.9,0.3,3.0,2.0,13.0,1,1,3,0.3,0.3,2324
0.0,2.17,0.07,2.1,1.4,1.4,122.0,122.0,412.0,15.0,0.42,42.0,5.0,0.7,14.0,8.1,0.26,5.0,2.0,32.0,1,1,15,0.78,0.47,1819
0.0,1.38,0.03,0.3,0.3,0.3,48.0,48.0,146.0,6.0,0.24,14.0,3.0,0.24,6.0,2.4,0.3,2.0,2.0,11.0,2,2,5,0.49,0.49,2021
0.13,3.42,0.16,3.5,3.4,3.4,63.0,63.0,353.0,30.0,0.23,72.0,13.0,0.23,24.0,4.8,0.62,1.0,12.0,64.0,7,7,9,0.43,0.43,1819
0.0,1.95,0.11,2.7,2.5,2.5,19.0,19.0,260.0,23.0,0.16,46.0,5.0,0.16,8.0,3.9,0.21,1.0,5.0,41.0,3,3,4,0.17,0.17,1920
0.23,1.94,0.03,1.1,0.6,0.6,18.0,18.0,162.0,15.0,0.06,36.0,1.0,0.06,13.0,1.1,0.05,2.0,1.0,33.0,0,0,0,0.0,0.0,2021
0.0,2.34,0.05,1.7,0.9,0.9,14.0,14.0,152.0,17.0,0.14,41.0,6.0,0.14,14.0,2.5,0.34,0.0,5.0,35.0,4,4,5,0.29,0.29,2122
0.3,4.13,0.27,4.1,6.1,6.1,219.0,219.0,612.0,49.0,0.55,93.0,10.0,0.59,42.0,12.4,0.44,41.0,10.0,70.0,8,8,18,0.8,0.76,2324
0.0,0.74,0.01,0.4,0.3,0.3,57.0,57.0,235.0,5.0,0.02,14.0,1.0,0.02,8.0,0.4,0.05,5.0,1.0,13.0,0,0,1,0.05,0.05,2021
0.0,2.11,0.08,0.3,0.9,0.9,44.0,44.0,144.0,9.0,0.38,23.0,2.0,0.41,2.0,4.1,0.18,2.0,1.0,13.0,2,2,4,0.37,0.37,1819
0.0,1.93,0.03,1.1,0.6,0.6,82.0,82.0,305.0,11.0,0.06,34.0,0.0,0.06,21.0,1.0,0.0,5.0,0.0,31.0,0,0,1,0.06,0.06,1819
0.1,1.15,0.05,1.8,1.4,1.4,68.0,68.0,363.0,12.0,0.06,31.0,3.0,0.06,25.0,1.5,0.11,4.0,2.0,21.0,1,1,1,0.04,0.04,2021
0.0,1.31,0.05,1.7,1.2,1.2,81.0,81.0,370.0,15.0,0.06,34.0,2.0,0.06,19.0,1.5,0.08,5.0,1.0,30.0,1,1,2,0.08,0.08,2324
0.13,2.29,0.17,3.0,5.0,5.0,149.0,149.0,439.0,37.0,0.5,68.0,7.0,0.5,23.0,14.8,0.24,13.0,6.0,50.0,5,5,14,0.47,0.47,2021
0.14,2.25,0.13,1.7,3.0,3.0,153.0,153.0,344.0,26.0,0.45,51.0,5.0,0.45,10.0,10.1,0.22,13.0,3.0,32.0,3,3,10,0.44,0.44,2122
0.1,2.57,0.13,2.2,2.8,2.8,115.0,115.0,377.0,24.0,0.43,57.0,7.0,0.43,11.0,9.5,0.32,9.0,5.0,44.0,3,3,8,0.36,0.36,2223
0.12,2.4,0.04,1.7,1.1,1.1,44.0,44.0,291.0,26.0,0.08,70.0,7.0,0.08,17.0,2.4,0.24,4.0,7.0,59.0,1,1,3,0.1,0.1,2021
0.1,2.93,0.11,2.9,3.6,3.6,32.0,32.0,344.0,41.0,0.16,96.0,9.0,0.16,23.0,5.1,0.28,2.0,7.0,83.0,4,4,5,0.15,0.15,2122
0.0,0.57,0.0,0.1,0.0,0.0,5.0,5.0,21.0,0.0,0.02,2.0,0.0,0.02,1.0,0.1,0.0,0.0,0.0,2.0,0,0,0,0.0,0.0,1819
0.07,3.6,0.02,0.1,0.0,0.0,4.0,4.0,30.0,2.0,0.08,6.0,1.0,0.08,0.0,0.1,0.6,0.0,1.0,6.0,0,0,0,0.0,0.0,2122
0.04,1.61,0.05,0.9,1.1,1.1,31.0,31.0,205.0,14.0,0.11,34.0,2.0,0.11,6.0,2.2,0.09,6.0,1.0,23.0,2,2,2,0.09,0.09,1819
0.0,1.0,0.03,1.1,0.9,0.9,55.0,55.0,252.0,10.0,0.13,28.0,2.0,0.13,7.0,3.6,0.07,1.0,2.0,23.0,1,1,2,0.07,0.07,1920
0.05,0.43,0.03,0.3,1.0,1.0,11.0,11.0,64.0,8.0,0.05,15.0,2.0,0.05,3.0,1.6,0.06,0.0,2.0,13.0,0,0,1,0.03,0.03,2021
0.0,1.02,0.07,0.3,0.7,0.7,14.0,14.0,64.0,7.0,0.11,10.0,0.0,0.11,2.0,1.1,0.0,3.0,0.0,10.0,0,0,1,0.1,0.1,2223
0.0,0.43,0.05,0.2,0.7,0.7,0.0,0.0,16.0,3.0,0.1,6.0,1.0,0.1,1.0,1.3,0.07,1.0,0.0,5.0,0,0,2,0.14,0.14,1819
0.09,4.16,0.13,0.9,1.3,1.3,67.0,67.0,196.0,10.0,0.28,41.0,5.0,0.28,10.0,2.7,0.51,18.0,5.0,28.0,3,3,3,0.3,0.3,2223
0.0,0.77,0.01,0.2,0.1,0.1,5.0,5.0,53.0,4.0,0.06,13.0,1.0,0.06,2.0,1.1,0.06,1.0,1.0,10.0,1,1,2,0.12,0.12,1718
0.1,3.36,0.22,4.9,4.2,4.2,102.0,102.0,402.0,32.0,0.39,64.0,4.0,0.39,28.0,7.4,0.21,11.0,1.0,40.0,2,2,5,0.26,0.26,2122
0.25,3.77,0.23,3.5,4.8,4.8,142.0,142.0,461.0,24.0,0.37,79.0,9.0,0.4,21.0,7.6,0.43,31.0,7.0,52.0,2,2,7,0.33,0.29,2223
0.14,4.8,0.28,9.2,8.0,8.0,259.0,259.0,948.0,53.0,0.49,137.0,17.0,0.51,61.0,13.8,0.6,56.0,14.0,93.0,7,7,15,0.53,0.53,2324
0.0,0.59,0.01,0.1,0.1,0.1,3.0,3.0,24.0,1.0,0.1,6.0,1.0,0.1,0.0,1.0,0.1,0.0,1.0,5.0,0,0,1,0.1,0.1,1920
0.15,0.33,0.01,0.6,0.2,0.2,1.0,1.0,36.0,4.0,0.04,8.0,0.0,0.04,2.0,0.9,0.0,2.0,0.0,6.0,0,0,0,0.0,0.0,2223
0.03,1.52,0.03,0.7,0.2,0.2,35.0,35.0,141.0,4.0,0.41,12.0,0.0,0.41,1.0,3.2,0.0,4.0,0.0,8.0,0,0,1,0.13,0.13,2223
0.0,0.76,0.03,0.9,0.4,0.4,7.0,7.0,46.0,3.0,0.11,11.0,5.0,0.11,2.0,1.6,0.35,0.0,5.0,10.0,1,1,2,0.14,0.14,2122
0.0,0.69,0.02,0.2,0.4,0.4,1.0,1.0,77.0,6.0,0.04,16.0,3.0,0.04,2.0,1.0,0.13,0.0,3.0,11.0,1,1,2,0.09,0.09,2324
0.08,1.05,0.03,0.8,0.7,0.7,12.0,12.0,74.0,10.0,0.09,30.0,4.0,0.09,2.0,2.5,0.14,0.0,3.0,27.0,2,2,5,0.18,0.18,1920
0.0,0.41,0.05,0.6,0.7,0.7,2.0,2.0,24.0,2.0,0.09,5.0,1.0,0.09,0.0,1.1,0.08,0.0,1.0,4.0,1,1,1,0.08,0.08,2021
0.03,0.34,0.02,0.3,0.4,0.4,5.0,5.0,34.0,2.0,0.12,8.0,1.0,0.12,2.0,2.8,0.04,0.0,1.0,6.0,0,0,3,0.13,0.13,2122
0.0,0.51,0.01,0.8,0.4,0.4,7.0,7.0,52.0,6.0,0.07,16.0,1.0,0.07,3.0,2.1,0.03,0.0,1.0,14.0,1,1,4,0.13,0.13,2223
0.04,1.67,0.13,2.7,3.8,3.8,199.0,199.0,443.0,20.0,0.44,48.0,7.0,0.44,7.0,12.6,0.24,10.0,5.0,33.0,2,2,12,0.42,0.42,1819
0.1,1.96,0.07,0.5,1.8,1.8,160.0,160.0,383.0,22.0,0.62,53.0,4.0,0.64,2.0,16.7,0.15,6.0,4.0,37.0,1,1,15,0.55,0.52,1920
0.0,1.97,0.06,1.2,1.9,1.9,217.0,217.0,500.0,21.0,0.44,60.0,10.0,0.49,5.0,13.4,0.33,14.0,6.0,50.0,3,3,15,0.49,0.43,2021
0.0,1.7,0.07,0.5,1.1,1.1,60.0,60.0,178.0,10.0,0.23,25.0,2.0,0.28,2.0,3.4,0.14,1.0,1.0,18.0,0,0,2,0.14,0.07,2122
0.0,1.01,0.06,0.3,0.3,0.3,23.0,23.0,60.0,3.0,0.27,5.0,0.0,0.43,1.0,1.3,0.0,0.0,0.0,4.0,0,0,2,0.4,0.2,2223
0.05,1.45,0.05,0.1,0.2,0.2,12.0,12.0,31.0,3.0,0.28,6.0,0.0,0.28,2.0,1.2,0.0,0.0,0.0,4.0,0,0,1,0.24,0.24,2223
0.09,2.19,0.1,1.1,2.1,2.1,76.0,76.0,237.0,22.0,0.69,44.0,4.0,0.69,3.0,14.0,0.2,7.0,1.0,33.0,1,1,15,0.75,0.75,2324
0.0,0.81,0.07,0.3,0.4,0.4,9.0,9.0,38.0,1.0,0.21,4.0,3.0,0.21,4.0,1.0,0.61,0.0,2.0,3.0,1,1,1,0.2,0.2,2223
0.3,0.46,0.0,0.1,0.0,0.0,1.0,1.0,20.0,0.0,0.01,6.0,0.0,0.01,1.0,0.2,0.0,1.0,0.0,5.0,0,0,1,0.08,0.08,2324
0.36,2.53,0.09,0.9,1.6,1.6,72.0,72.0,276.0,18.0,0.22,42.0,5.0,0.22,16.0,3.7,0.3,14.0,3.0,32.0,0,0,1,0.06,0.06,1819
0.07,1.77,0.09,0.4,0.8,0.8,53.0,53.0,154.0,9.0,0.47,16.0,2.0,0.47,3.0,4.2,0.22,4.0,1.0,13.0,1,1,2,0.22,0.22,1819
0.05,3.0,0.19,1.1,2.6,2.6,79.0,79.0,262.0,19.0,0.55,42.0,6.0,0.55,12.0,7.7,0.43,10.0,6.0,30.0,1,1,3,0.21,0.21,1920
0.08,1.98,0.04,1.0,0.9,0.9,124.0,124.0,350.0,15.0,0.45,40.0,4.0,0.45,11.0,9.1,0.2,9.0,2.0,31.0,1,1,11,0.55,0.55,2021
0.16,4.64,0.24,7.7,7.4,7.4,132.0,132.0,861.0,73.0,0.42,143.0,16.0,0.42,56.0,12.8,0.52,16.0,12.0,97.0,12,12,20,0.65,0.65,1819
0.26,3.61,0.16,1.8,1.9,1.9,32.0,32.0,323.0,24.0,0.31,44.0,3.0,0.31,23.0,3.8,0.25,6.0,2.0,32.0,2,2,4,0.33,0.33,1920
0.0,5.25,0.36,2.4,2.8,2.8,45.0,45.0,225.0,22.0,0.62,41.0,7.0,0.62,8.0,4.9,0.9,2.0,6.0,28.0,2,2,3,0.38,0.38,1920
0.38,3.83,0.18,3.4,2.8,2.8,49.0,49.0,399.0,30.0,0.27,59.0,2.0,0.27,17.0,4.2,0.13,3.0,2.0,34.0,0,0,3,0.19,0.19,2021
0.35,5.46,0.34,2.8,3.5,3.5,22.0,22.0,238.0,30.0,0.46,57.0,7.0,0.46,17.0,4.8,0.67,3.0,2.0,26.0,4,4,5,0.48,0.48,2122
0.16,3.12,0.19,3.4,4.2,4.2,66.0,66.0,465.0,36.0,0.4,71.0,9.0,0.4,27.0,9.2,0.4,3.0,6.0,50.0,8,8,9,0.4,0.4,2223
0.17,3.63,0.18,2.3,2.3,2.3,23.0,23.0,246.0,27.0,0.26,46.0,3.0,0.26,17.0,3.3,0.24,2.0,2.0,36.0,2,2,3,0.24,0.24,2324
0.0,1.28,0.01,0.3,0.1,0.1,18.0,18.0,106.0,2.0,0.04,11.0,3.0,0.04,6.0,0.3,0.35,1.0,3.0,10.0,0,0,0,0.0,0.0,1920
0.07,2.23,0.09,2.8,2.1,2.1,65.0,65.0,348.0,17.0,0.2,50.0,8.0,0.2,25.0,4.6,0.36,3.0,7.0,43.0,5,5,5,0.22,0.22,1819
0.0,2.5,0.09,2.5,2.5,2.5,71.0,71.0,331.0,27.0,0.18,68.0,7.0,0.18,24.0,4.9,0.26,4.0,4.0,48.0,2,2,5,0.18,0.18,1920
0.05,1.04,0.04,0.3,0.6,0.6,9.0,9.0,51.0,6.0,0.06,17.0,1.0,0.06,2.0,1.0,0.06,1.0,1.0,15.0,1,1,1,0.06,0.06,2021
0.11,1.1,0.02,0.7,0.5,0.5,17.0,17.0,114.0,5.0,0.03,23.0,1.0,0.03,10.0,0.6,0.05,2.0,1.0,20.0,1,1,2,0.1,0.1,2223
0.17,3.31,0.17,5.3,5.1,5.1,128.0,128.0,576.0,59.0,0.21,101.0,8.0,0.21,36.0,6.4,0.26,6.0,6.0,61.0,4,4,5,0.16,0.16,2223
0.08,2.46,0.18,1.9,2.1,2.1,63.0,63.0,197.0,18.0,0.22,29.0,2.0,0.22,11.0,2.6,0.17,5.0,2.0,20.0,2,2,3,0.25,0.25,2324
0.08,0.11,0.04,0.1,0.6,0.6,1.0,1.0,27.0,2.0,0.12,2.0,0.0,0.12,0.0,2.1,0.0,0.0,0.0,1.0,0,0,0,0.0,0.0,1819
0.0,0.4,0.03,0.1,0.9,0.9,0.0,0.0,23.0,6.0,0.07,10.0,2.0,0.07,1.0,1.8,0.08,0.0,2.0,8.0,2,2,2,0.08,0.08,1920
0.0,0.52,0.05,0.0,0.5,0.5,1.0,1.0,22.0,2.0,0.17,5.0,0.0,0.17,0.0,1.6,0.0,0.0,0.0,3.0,1,1,2,0.21,0.21,2324
0.2,3.59,0.06,0.1,0.2,0.2,22.0,22.0,60.0,5.0,0.37,12.0,1.0,0.37,3.0,1.3,0.3,1.0,1.0,9.0,1,1,2,0.6,0.6,1920
0.09,3.05,0.1,1.1,1.0,1.0,76.0,76.0,173.0,14.0,0.28,31.0,5.0,0.28,9.0,2.8,0.49,6.0,3.0,24.0,2,2,7,0.69,0.69,1920
0.19,1.72,0.1,0.9,1.2,1.2,86.0,86.0,236.0,12.0,0.39,19.0,2.0,0.39,6.0,4.3,0.18,7.0,1.0,16.0,1,1,2,0.18,0.18,2021
0.08,4.01,0.18,2.8,3.7,3.7,203.0,203.0,559.0,39.0,0.43,83.0,8.0,0.43,31.0,9.0,0.39,24.0,6.0,67.0,4,4,8,0.39,0.39,2223
0.0,2.98,0.15,1.2,1.8,1.8,110.0,110.0,322.0,12.0,0.31,36.0,2.0,0.31,18.0,3.7,0.17,5.0,2.0,29.0,1,1,3,0.25,0.25,2324
0.14,4.08,0.12,0.6,0.7,0.7,39.0,39.0,105.0,8.0,0.59,23.0,0.0,0.59,8.0,3.3,0.0,1.0,0.0,15.0,0,0,1,0.18,0.18,2425
0.0,1.21,0.02,0.4,0.3,0.3,11.0,11.0,97.0,3.0,0.1,15.0,1.0,0.1,4.0,1.3,0.08,4.0,1.0,12.0,0,0,2,0.16,0.16,2324
0.04,1.63,0.16,1.8,3.1,3.1,8.0,8.0,165.0,12.0,0.24,32.0,7.0,0.24,8.0,4.7,0.36,2.0,3.0,24.0,3,3,4,0.2,0.2,2223
0.13,2.26,0.07,2.4,1.9,1.9,42.0,42.0,388.0,24.0,0.19,63.0,3.0,0.19,26.0,5.4,0.11,3.0,3.0,48.0,1,1,3,0.11,0.11,2324
0.91,1.54,0.03,0.2,0.1,0.1,4.0,4.0,28.0,2.0,0.05,8.0,3.0,0.05,3.0,0.3,0.58,0.0,3.0,8.0,1,1,2,0.38,0.38,1920
0.21,4.15,0.25,2.6,2.6,2.6,109.0,109.0,354.0,18.0,0.72,43.0,10.0,0.72,7.0,7.4,0.97,27.0,4.0,21.0,4,4,8,0.77,0.77,1819
0.14,3.57,0.15,2.2,2.8,2.8,160.0,160.0,518.0,25.0,0.46,69.0,8.0,0.46,37.0,8.9,0.41,37.0,7.0,53.0,2,2,6,0.31,0.31,2021
0.11,2.51,0.09,1.1,1.3,1.3,108.0,108.0,346.0,15.0,0.43,36.0,5.0,0.43,6.0,6.2,0.35,18.0,4.0,24.0,2,2,8,0.56,0.56,2122
0.28,2.63,0.07,0.4,0.7,0.7,76.0,76.0,216.0,12.0,0.26,24.0,3.0,0.26,3.0,2.3,0.33,14.0,3.0,21.0,1,1,2,0.22,0.22,2223
0.33,3.11,0.16,4.5,4.8,4.8,293.0,293.0,709.0,44.0,0.44,90.0,17.0,0.44,43.0,12.8,0.59,46.0,13.0,59.0,8,8,20,0.69,0.69,2324
0.11,3.19,0.13,1.0,2.1,2.1,105.0,105.0,285.0,18.0,0.66,53.0,4.0,0.66,9.0,11.0,0.24,17.0,1.0,29.0,2,2,9,0.54,0.54,1920
0.1,3.16,0.13,2.7,3.5,3.5,133.0,133.0,498.0,34.0,0.36,83.0,11.0,0.36,29.0,9.4,0.42,19.0,8.0,59.0,3,3,9,0.34,0.34,2021
0.11,2.53,0.18,2.9,3.7,3.7,116.0,116.0,384.0,21.0,0.51,53.0,4.0,0.51,23.0,10.8,0.19,15.0,3.0,43.0,2,2,9,0.43,0.43,2122
0.06,3.5,0.12,1.6,1.6,1.6,86.0,86.0,275.0,16.0,0.41,45.0,5.0,0.41,12.0,5.2,0.39,13.0,3.0,31.0,1,1,6,0.47,0.47,2324
0.0,1.42,0.07,1.0,0.8,0.8,17.0,17.0,111.0,9.0,0.15,18.0,0.0,0.15,7.0,1.9,0.0,1.0,0.0,17.0,1,1,3,0.24,0.24,1819
0.0,1.77,0.04,1.7,1.0,1.0,17.0,17.0,177.0,10.0,0.06,40.0,5.0,0.06,12.0,1.3,0.22,3.0,5.0,34.0,2,2,2,0.09,0.09,2021
0.0,1.2,0.04,0.5,0.3,0.3,10.0,10.0,79.0,3.0,0.08,10.0,0.0,0.08,5.0,0.7,0.0,0.0,0.0,10.0,0,0,0,0.0,0.0,2122
0.0,1.58,0.08,1.9,2.0,2.0,60.0,60.0,277.0,15.0,0.1,39.0,2.0,0.1,11.0,2.4,0.08,6.0,2.0,34.0,0,0,0,0.0,0.0,2223
0.0,0.57,0.0,0.0,0.0,0.0,0.0,0.0,3.0,0.0,0.03,1.0,0.0,0.03,1.0,0.0,0.0,0.0,0.0,0.0,0,0,0,0.0,0.0,2122
0.0,0.73,0.03,0.6,0.4,0.4,11.0,11.0,75.0,2.0,0.13,9.0,3.0,0.13,2.0,1.6,0.24,2.0,3.0,9.0,0,0,3,0.24,0.24,1920
0.11,1.12,0.02,0.7,0.2,0.2,46.0,46.0,146.0,3.0,0.07,11.0,0.0,0.07,8.0,0.7,0.0,1.0,0.0,10.0,0,0,1,0.1,0.1,1819
0.27,2.25,0.09,0.8,1.0,1.0,85.0,85.0,246.0,6.0,0.26,26.0,2.0,0.26,10.0,3.1,0.17,13.0,1.0,15.0,1,1,2,0.16,0.16,2122
0.15,3.59,0.17,3.8,3.8,3.8,231.0,231.0,605.0,33.0,0.27,79.0,12.0,0.27,30.0,6.0,0.54,20.0,7.0,46.0,6,6,9,0.41,0.41,2223
0.0,2.86,0.18,3.1,2.6,2.6,67.0,67.0,288.0,24.0,0.22,41.0,5.0,0.22,17.0,3.1,0.35,3.0,4.0,25.0,2,2,2,0.14,0.14,2223
0.16,2.85,0.1,0.6,0.7,0.7,47.0,47.0,141.0,4.0,0.45,20.0,1.0,0.45,7.0,3.1,0.14,3.0,1.0,15.0,0,0,4,0.57,0.57,1718
0.61,2.88,0.24,2.5,3.1,3.1,130.0,130.0,335.0,17.0,0.44,37.0,6.0,0.44,17.0,5.7,0.47,12.0,4.0,32.0,2,2,5,0.39,0.39,1819
0.29,5.94,0.43,8.3,9.2,9.2,184.0,184.0,592.0,74.0,0.79,127.0,23.0,0.79,32.0,16.9,1.08,31.0,13.0,69.0,13,13,18,0.84,0.84,1920
0.43,6.8,0.34,7.5,7.1,7.1,206.0,206.0,710.0,71.0,0.66,143.0,16.0,0.66,31.0,13.9,0.76,20.0,10.0,69.0,6,6,12,0.57,0.57,2021
0.19,4.79,0.32,10.0,9.7,9.7,284.0,284.0,791.0,64.0,0.83,145.0,31.0,0.85,60.0,25.0,1.02,52.0,19.0,92.0,13,13,33,1.09,1.06,2122
0.0,4.65,0.2,4.6,4.3,4.3,176.0,176.0,448.0,39.0,0.74,98.0,14.0,0.89,28.0,15.6,0.66,23.0,7.0,62.0,4,4,20,0.95,0.81,2223
0.0,3.25,0.21,5.9,5.9,5.9,78.0,78.0,520.0,59.0,0.22,93.0,11.0,0.22,36.0,6.3,0.38,5.0,6.0,56.0,9,9,10,0.35,0.35,2021
0.3,2.71,0.1,3.2,2.2,2.2,70.0,70.0,387.0,31.0,0.16,60.0,2.0,0.16,26.0,3.6,0.09,6.0,2.0,38.0,0,0,2,0.09,0.09,2122
0.11,2.93,0.16,3.2,3.2,3.2,80.0,80.0,405.0,35.0,0.2,59.0,7.0,0.2,26.0,4.0,0.35,8.0,0.0,31.0,6,6,6,0.3,0.3,2223
0.16,3.11,0.11,3.7,2.1,2.1,65.0,65.0,362.0,39.0,0.14,57.0,2.0,0.14,25.0,2.6,0.11,0.0,0.0,29.0,2,2,2,0.11,0.11,2324
0.0,0.91,0.04,0.4,0.7,0.7,4.0,4.0,42.0,6.0,0.13,14.0,0.0,0.13,3.0,2.0,0.0,1.0,0.0,10.0,0,0,1,0.06,0.06,2324
0.09,0.33,0.01,0.2,0.1,0.1,4.0,4.0,48.0,2.0,0.04,7.0,1.0,0.04,3.0,0.8,0.05,0.0,1.0,6.0,0,0,1,0.05,0.05,2021
0.26,4.19,0.19,4.0,6.0,6.0,335.0,335.0,814.0,54.0,0.59,133.0,12.0,0.69,33.0,18.7,0.38,47.0,11.0,102.0,6,6,21,0.66,0.54,1819
0.19,3.32,0.18,4.1,6.3,6.3,253.0,253.0,722.0,59.0,0.61,117.0,19.0,0.95,37.0,21.6,0.54,44.0,10.0,84.0,9,9,45,1.28,0.88,1920
0.07,3.73,0.2,3.9,6.2,6.2,250.0,250.0,692.0,53.0,0.62,118.0,15.0,0.82,32.0,19.8,0.47,38.0,8.0,86.0,6,6,26,0.82,0.69,2021
0.05,2.92,0.08,1.6,1.9,1.9,174.0,174.0,451.0,26.0,0.49,72.0,15.0,0.65,11.0,12.2,0.61,27.0,10.0,48.0,5,5,17,0.69,0.53,2223
0.0,0.33,0.02,0.0,0.1,0.1,19.0,19.0,59.0,2.0,0.26,1.0,0.0,0.26,2.0,0.8,0.0,4.0,0.0,1.0,0,0,1,0.33,0.33,1819
0.0,2.99,0.09,0.8,0.7,0.7,63.0,63.0,180.0,10.0,0.49,23.0,5.0,0.49,5.0,3.8,0.65,2.0,4.0,20.0,2,2,7,0.91,0.91,1819
0.0,4.17,0.29,2.6,3.9,3.9,67.0,67.0,328.0,35.0,0.45,56.0,5.0,0.57,18.0,6.0,0.37,1.0,1.0,29.0,4,4,9,0.67,0.52,1718
0.0,3.64,0.18,4.0,5.3,5.3,62.0,62.0,472.0,56.0,0.28,108.0,11.0,0.31,28.0,8.2,0.37,2.0,5.0,70.0,5,5,7,0.24,0.24,1819
0.25,3.32,0.07,0.5,0.7,0.7,20.0,20.0,96.0,12.0,0.15,31.0,2.0,0.15,2.0,1.4,0.21,2.0,0.0,24.0,0,0,1,0.11,0.11,1920
0.0,4.43,0.19,2.0,2.2,2.2,63.0,63.0,344.0,25.0,0.34,53.0,8.0,0.4,8.0,4.0,0.67,1.0,6.0,33.0,3,3,7,0.58,0.5,2021
0.0,0.45,0.02,0.5,0.7,0.7,3.0,3.0,42.0,5.0,0.1,15.0,2.0,0.1,3.0,3.3,0.06,3.0,2.0,13.0,1,1,4,0.12,0.12,1718
0.04,0.19,0.0,0.1,0.0,0.0,2.0,2.0,27.0,0.0,0.04,4.0,1.0,0.04,0.0,0.9,0.05,0.0,1.0,4.0,0,0,1,0.05,0.05,1819
0.11,0.98,0.03,1.1,0.8,0.8,9.0,9.0,199.0,9.0,0.1,27.0,5.0,0.1,19.0,2.7,0.18,0.0,5.0,27.0,0,0,1,0.04,0.04,2021
0.09,0.98,0.04,0.5,0.3,0.3,1.0,1.0,36.0,2.0,0.05,9.0,4.0,0.05,2.0,0.5,0.44,0.0,3.0,7.0,1,1,1,0.11,0.11,2122
0.19,3.98,0.16,2.7,2.9,2.9,130.0,130.0,412.0,25.0,0.64,73.0,10.0,0.64,32.0,11.8,0.55,13.0,6.0,47.0,5,5,13,0.71,0.71,2324
0.0,1.29,0.06,1.6,1.3,1.3,86.0,86.0,286.0,12.0,0.16,26.0,4.0,0.16,20.0,3.1,0.2,7.0,3.0,19.0,0,0,4,0.2,0.2,1819
0.0,1.83,0.03,0.4,0.3,0.3,41.0,41.0,184.0,7.0,0.11,20.0,0.0,0.11,7.0,1.2,0.0,5.0,0.0,16.0,0,0,1,0.09,0.09,1920
0.0,0.76,0.06,0.5,0.6,0.6,23.0,23.0,96.0,5.0,0.11,7.0,0.0,0.11,11.0,1.0,0.0,3.0,0.0,7.0,0,0,0,0.0,0.0,2021
0.38,4.86,0.14,0.5,0.6,0.6,40.0,40.0,143.0,5.0,0.44,20.0,1.0,0.44,7.0,1.8,0.24,15.0,1.0,11.0,1,1,1,0.24,0.24,2223
0.0,5.59,0.38,8.7,11.1,11.1,195.0,195.0,852.0,72.0,0.77,162.0,26.0,1.01,69.0,22.2,0.9,46.0,20.0,116.0,11,11,33,1.14,0.83,2324
0.0,1.59,0.07,1.2,1.0,1.0,110.0,110.0,349.0,12.0,0.11,24.0,2.0,0.11,12.0,1.7,0.13,12.0,2.0,19.0,2,2,3,0.2,0.2,2021
0.11,1.54,0.07,1.5,1.2,1.2,44.0,44.0,274.0,13.0,0.09,29.0,1.0,0.09,17.0,1.6,0.05,4.0,1.0,24.0,1,1,2,0.11,0.11,2122
0.0,0.69,0.01,0.5,0.3,0.3,1.0,1.0,29.0,4.0,0.05,16.0,1.0,0.05,3.0,1.2,0.04,0.0,1.0,14.0,1,1,2,0.09,0.09,2223
0.06,2.88,0.1,3.1,3.1,3.1,118.0,118.0,579.0,38.0,0.3,91.0,10.0,0.3,20.0,9.4,0.32,12.0,7.0,48.0,3,3,11,0.35,0.35,2122
0.2,2.61,0.13,1.7,2.3,2.3,104.0,104.0,421.0,21.0,0.26,47.0,3.0,0.26,20.0,4.7,0.17,12.0,2.0,34.0,1,1,4,0.22,0.22,2223
0.0,0.54,0.05,0.5,0.8,0.8,2.0,2.0,40.0,4.0,0.09,8.0,0.0,0.09,6.0,1.3,0.0,0.0,0.0,6.0,1,1,2,0.14,0.14,2324
0.0,2.15,0.21,1.0,1.5,1.5,54.0,54.0,156.0,8.0,0.42,15.0,2.0,0.42,4.0,2.9,0.29,11.0,0.0,9.0,0,0,0,0.0,0.0,1819
0.0,4.2,0.08,0.7,0.5,0.5,55.0,55.0,130.0,8.0,0.34,27.0,4.0,0.34,7.0,2.2,0.62,1.0,1.0,17.0,1,1,2,0.31,0.31,2021
0.0,4.95,0.23,2.3,1.6,1.6,41.0,41.0,153.0,13.0,0.41,35.0,8.0,0.41,10.0,2.9,1.13,2.0,7.0,32.0,2,2,3,0.42,0.42,1920
0.13,2.42,0.05,0.9,0.4,0.4,27.0,27.0,148.0,8.0,0.3,21.0,3.0,0.3,4.0,2.6,0.35,1.0,3.0,16.0,0,0,1,0.12,0.12,2021
0.09,3.58,0.25,2.2,1.9,1.9,26.0,26.0,131.0,16.0,0.51,28.0,5.0,0.51,6.0,4.0,0.64,1.0,5.0,26.0,1,1,3,0.38,0.38,2122
0.15,2.69,0.09,3.6,1.8,1.8,67.0,67.0,351.0,26.0,0.22,52.0,3.0,0.26,30.0,4.2,0.16,2.0,1.0,40.0,1,1,3,0.16,0.1,2324
0.0,0.2,0.01,0.4,0.2,0.2,2.0,2.0,52.0,1.0,0.05,7.0,3.0,0.05,4.0,1.8,0.09,0.0,1.0,3.0,0,0,3,0.09,0.09,1819
0.04,0.33,0.0,0.1,0.1,0.1,3.0,3.0,23.0,2.0,0.01,9.0,1.0,0.01,3.0,0.3,0.04,1.0,1.0,9.0,0,0,0,0.0,0.0,1920
0.0,0.5,0.02,0.4,0.5,0.5,7.0,7.0,81.0,5.0,0.13,13.0,0.0,0.13,2.0,3.5,0.0,0.0,0.0,8.0,0,0,2,0.08,0.08,1920
0.0,0.59,0.03,1.0,1.0,1.0,3.0,3.0,73.0,4.0,0.13,18.0,5.0,0.13,0.0,4.0,0.16,0.0,3.0,12.0,2,2,4,0.13,0.13,2122
0.0,0.47,0.0,0.2,0.0,0.0,4.0,4.0,46.0,1.0,0.02,16.0,0.0,0.02,0.0,0.7,0.0,3.0,0.0,15.0,0,0,0,0.0,0.0,2324
0.0,1.62,0.03,1.0,1.0,1.0,129.0,129.0,331.0,14.0,0.38,49.0,8.0,0.5,4.0,11.4,0.26,7.0,3.0,24.0,0,0,19,0.63,0.46,1819
0.34,1.48,0.1,1.2,1.3,1.3,26.0,26.0,121.0,7.0,0.51,18.0,1.0,0.9,3.0,6.2,0.08,1.0,0.0,9.0,0,0,9,0.74,0.33,2223
0.17,1.79,0.21,0.5,1.9,1.9,24.0,24.0,94.0,10.0,1.29,16.0,3.0,1.29,1.0,11.5,0.34,3.0,2.0,11.0,3,3,12,1.34,1.34,2324
0.2,3.29,0.14,2.4,2.9,2.9,108.0,108.0,479.0,35.0,0.21,66.0,5.0,0.21,47.0,4.3,0.25,9.0,3.0,40.0,2,2,5,0.25,0.25,1819
0.28,3.0,0.17,3.8,3.3,3.3,124.0,124.0,426.0,33.0,0.26,59.0,8.0,0.26,49.0,5.2,0.41,11.0,6.0,46.0,4,4,8,0.41,0.41,1920
0.39,3.33,0.23,4.8,5.0,5.0,93.0,93.0,435.0,36.0,0.28,72.0,8.0,0.32,40.0,6.1,0.37,8.0,7.0,43.0,6,6,7,0.32,0.28,2021
0.08,1.71,0.03,0.7,0.5,0.5,21.0,21.0,147.0,9.0,0.04,28.0,2.0,0.04,14.0,0.7,0.12,1.0,0.0,20.0,0,0,0,0.0,0.0,2223
0.0,1.52,0.04,0.9,0.5,0.5,16.0,16.0,117.0,10.0,0.04,20.0,2.0,0.04,12.0,0.6,0.15,0.0,1.0,15.0,1,1,1,0.08,0.08,2324
0.0,1.92,0.03,0.7,0.6,0.6,36.0,36.0,146.0,12.0,0.12,36.0,0.0,0.12,6.0,2.3,0.0,2.0,0.0,30.0,0,0,2,0.11,0.11,1819
0.0,0.99,0.03,0.4,0.8,0.8,8.0,8.0,100.0,9.0,0.07,28.0,5.0,0.07,7.0,2.1,0.18,0.0,3.0,21.0,2,2,4,0.14,0.14,2021
0.0,0.91,0.05,1.0,1.2,1.2,9.0,9.0,111.0,8.0,0.1,24.0,4.0,0.1,8.0,2.6,0.15,1.0,3.0,22.0,1,1,1,0.04,0.04,2223
0.0,2.8,0.23,3.4,4.0,4.0,162.0,162.0,524.0,27.0,0.4,49.0,11.0,0.4,24.0,7.0,0.63,48.0,7.0,39.0,6,6,10,0.57,0.57,1819
0.21,2.74,0.03,0.4,0.3,0.3,83.0,83.0,261.0,6.0,0.25,24.0,0.0,0.25,9.0,2.2,0.0,14.0,0.0,18.0,0,0,2,0.23,0.23,1920
0.22,3.09,0.16,1.6,2.3,2.3,98.0,98.0,315.0,20.0,0.35,44.0,5.0,0.35,22.0,5.0,0.35,20.0,3.0,31.0,3,3,8,0.56,0.56,2021
0.0,2.38,0.47,0.3,1.2,1.2,24.0,24.0,63.0,4.0,0.61,6.0,1.0,0.61,5.0,1.5,0.4,3.0,1.0,5.0,1,1,2,0.79,0.79,2223
0.16,3.31,0.22,3.7,3.9,3.9,129.0,129.0,423.0,31.0,0.26,58.0,11.0,0.26,30.0,4.5,0.63,4.0,9.0,36.0,6,6,8,0.46,0.46,1920
0.03,2.95,0.22,6.0,6.7,6.7,225.0,225.0,828.0,49.0,0.28,92.0,10.0,0.28,39.0,8.6,0.32,8.0,8.0,44.0,5,5,6,0.19,0.19,2021
0.19,4.66,0.19,5.8,5.5,5.5,113.0,113.0,793.0,82.0,0.23,132.0,6.0,0.26,35.0,6.6,0.21,10.0,3.0,59.0,4,4,6,0.21,0.21,2223
0.0,2.94,0.14,4.3,3.6,3.6,109.0,109.0,688.0,46.0,0.17,77.0,11.0,0.2,31.0,4.4,0.42,3.0,3.0,37.0,5,5,7,0.27,0.27,2324
0.15,4.85,0.15,3.5,4.6,4.6,358.0,358.0,893.0,47.0,0.74,145.0,14.0,0.9,39.0,22.1,0.47,48.0,8.0,92.0,8,8,29,0.97,0.8,1819
0.11,3.92,0.12,3.2,3.8,3.8,277.0,277.0,805.0,36.0,0.81,122.0,16.0,1.01,32.0,25.2,0.51,67.0,7.0,66.0,2,2,31,1.0,0.8,2021
0.0,0.53,0.03,0.1,0.3,0.3,0.0,0.0,20.0,4.0,0.05,6.0,0.0,0.05,1.0,0.6,0.0,1.0,0.0,5.0,0,0,0,0.0,0.0,1819
0.0,0.68,0.04,0.8,0.7,0.7,4.0,4.0,39.0,6.0,0.08,13.0,0.0,0.08,1.0,1.4,0.0,0.0,0.0,9.0,0,0,1,0.05,0.05,1920
0.11,3.09,0.1,1.1,1.6,1.6,92.0,92.0,311.0,16.0,0.28,49.0,5.0,0.28,12.0,4.5,0.32,19.0,3.0,29.0,2,2,6,0.38,0.38,2223
0.06,3.64,0.19,3.8,4.4,4.4,166.0,166.0,478.0,32.0,0.57,87.0,10.0,0.64,34.0,13.6,0.42,28.0,5.0,55.0,3,3,7,0.29,0.21,1819
0.18,2.24,0.11,0.7,1.8,1.8,100.0,100.0,304.0,17.0,0.34,37.0,6.0,0.34,8.0,5.6,0.36,22.0,3.0,23.0,1,1,6,0.36,0.36,1920
0.16,2.46,0.08,1.3,1.3,1.3,98.0,98.0,398.0,20.0,0.25,40.0,6.0,0.25,17.0,4.0,0.37,17.0,5.0,31.0,3,3,5,0.31,0.31,2021
0.11,3.05,0.11,1.4,1.5,1.5,79.0,79.0,373.0,12.0,0.24,40.0,4.0,0.24,23.0,3.2,0.31,8.0,4.0,33.0,2,2,3,0.23,0.23,2021
0.09,2.96,0.07,0.5,0.6,0.6,54.0,54.0,226.0,11.0,0.16,28.0,3.0,0.16,10.0,1.5,0.32,3.0,2.0,17.0,1,1,2,0.21,0.21,2122
0.08,3.3,0.1,1.4,1.1,1.1,75.0,75.0,304.0,14.0,0.2,38.0,4.0,0.2,14.0,2.3,0.35,11.0,3.0,31.0,1,1,4,0.35,0.35,2223
0.16,2.78,0.05,1.1,0.7,0.7,88.0,88.0,287.0,11.0,0.25,36.0,3.0,0.25,14.0,3.3,0.23,7.0,3.0,28.0,1,1,2,0.15,0.15,2324
0.1,1.29,0.07,0.5,1.4,1.4,103.0,103.0,297.0,11.0,0.52,26.0,4.0,0.52,1.0,10.4,0.2,17.0,1.0,16.0,2,2,5,0.25,0.25,2324
0.0,3.78,0.11,1.6,1.7,1.7,117.0,117.0,306.0,21.0,0.32,60.0,4.0,0.37,13.0,5.1,0.25,19.0,3.0,30.0,2,2,8,0.5,0.5,2324
0.0,7.45,0.22,0.5,0.8,0.8,43.0,43.0,113.0,9.0,0.51,26.0,0.0,0.51,5.0,1.8,0.0,6.0,0.0,10.0,0,0,1,0.29,0.29,2324
1.53,3.3,0.11,0.3,0.4,0.4,28.0,28.0,71.0,7.0,0.76,13.0,3.0,0.76,1.0,3.0,0.76,4.0,3.0,11.0,0,0,4,1.01,1.01,2122
0.0,0.38,0.01,0.7,0.4,0.4,1.0,1.0,39.0,4.0,0.05,13.0,2.0,0.05,3.0,1.6,0.06,2.0,1.0,12.0,0,0,0,0.0,0.0,2223
0.35,1.87,0.06,1.0,1.0,1.0,66.0,66.0,279.0,12.0,0.08,31.0,3.0,0.08,19.0,1.4,0.18,3.0,3.0,26.0,2,2,3,0.18,0.18,1819
0.07,1.81,0.01,0.1,0.0,0.0,25.0,25.0,58.0,1.0,0.02,5.0,3.0,0.02,2.0,0.1,1.08,0.0,2.0,3.0,0,0,1,0.36,0.36,1920
0.06,1.81,0.11,0.6,0.9,0.9,40.0,40.0,168.0,6.0,0.15,15.0,2.0,0.15,6.0,1.2,0.24,6.0,2.0,10.0,1,1,1,0.12,0.12,2021
0.0,2.24,0.09,1.3,1.6,1.6,56.0,56.0,376.0,18.0,0.13,37.0,3.0,0.13,22.0,2.1,0.18,1.0,2.0,27.0,1,1,2,0.12,0.12,2122
0.09,2.06,0.1,2.4,2.5,2.5,83.0,83.0,447.0,27.0,0.13,50.0,6.0,0.13,22.0,3.2,0.25,2.0,5.0,45.0,2,2,3,0.12,0.12,2021
0.0,2.09,0.08,2.3,1.8,1.8,132.0,132.0,480.0,17.0,0.11,48.0,8.0,0.11,19.0,2.6,0.35,7.0,6.0,43.0,2,2,3,0.13,0.13,2122
0.13,1.47,0.07,1.3,1.1,1.1,81.0,81.0,319.0,12.0,0.09,25.0,1.0,0.09,19.0,1.5,0.06,0.0,1.0,25.0,0,0,0,0.0,0.0,2223
0.0,2.03,0.15,1.9,2.4,2.4,39.0,39.0,179.0,15.0,0.19,32.0,3.0,0.19,15.0,3.0,0.19,3.0,3.0,30.0,2,2,2,0.13,0.13,2324
0.46,4.57,0.18,4.8,4.0,4.0,138.0,138.0,496.0,37.0,0.49,100.0,11.0,0.49,18.0,10.6,0.5,22.0,6.0,61.0,4,4,6,0.27,0.27,1920
0.13,4.28,0.29,6.8,7.5,7.5,210.0,210.0,595.0,56.0,0.5,112.0,17.0,0.5,31.0,13.1,0.65,20.0,12.0,73.0,12,12,17,0.65,0.65,2021
0.24,3.45,0.12,1.9,2.8,2.8,142.0,142.0,395.0,31.0,0.31,82.0,7.0,0.31,26.0,7.3,0.29,14.0,6.0,63.0,3,3,7,0.29,0.29,2122
0.12,3.38,0.14,3.5,3.4,3.4,105.0,105.0,410.0,34.0,0.44,85.0,17.0,0.53,28.0,10.9,0.68,13.0,13.0,67.0,6,6,15,0.6,0.48,2223
0.0,2.74,0.16,2.1,2.8,2.8,78.0,78.0,316.0,24.0,0.27,47.0,2.0,0.27,13.0,4.6,0.12,18.0,1.0,34.0,2,2,4,0.23,0.23,2324
0.24,2.75,0.12,3.1,3.4,3.4,159.0,159.0,556.0,38.0,0.15,76.0,8.0,0.15,36.0,4.2,0.29,7.0,5.0,58.0,5,5,5,0.18,0.18,1920
0.04,1.48,0.02,0.7,0.7,0.7,8.0,8.0,167.0,18.0,0.04,41.0,3.0,0.04,11.0,1.0,0.11,2.0,3.0,35.0,1,1,2,0.07,0.07,1819
0.0,1.78,0.05,1.7,1.3,1.3,14.0,14.0,250.0,20.0,0.07,50.0,3.0,0.07,19.0,1.9,0.11,2.0,3.0,46.0,1,1,1,0.04,0.04,1920
0.06,1.45,0.03,1.9,1.1,1.1,22.0,22.0,271.0,17.0,0.09,48.0,5.0,0.09,26.0,2.8,0.15,3.0,4.0,41.0,2,2,3,0.09,0.09,2324
0.0,1.89,0.03,1.1,0.6,0.6,66.0,66.0,265.0,13.0,0.05,33.0,2.0,0.05,18.0,0.9,0.11,5.0,1.0,27.0,0,0,0,0.0,0.0,2021
0.52,1.53,0.08,0.2,0.3,0.3,16.0,16.0,45.0,2.0,0.13,6.0,0.0,0.13,4.0,0.5,0.0,0.0,0.0,6.0,0,0,0,0.0,0.0,2122
0.0,2.34,0.33,0.3,1.3,1.3,17.0,17.0,61.0,6.0,0.37,9.0,3.0,0.37,1.0,1.4,0.78,1.0,2.0,7.0,2,2,2,0.52,0.52,2223
0.08,0.63,0.01,0.2,0.2,0.2,5.0,5.0,54.0,4.0,0.07,20.0,3.0,0.07,2.0,2.3,0.09,3.0,3.0,20.0,1,1,3,0.09,0.09,1819
0.0,0.72,0.04,0.5,0.5,0.5,2.0,2.0,37.0,2.0,0.06,9.0,1.0,0.06,6.0,0.8,0.08,0.0,1.0,5.0,0,0,0,0.0,0.0,2122
0.1,1.41,0.04,1.7,1.0,1.0,53.0,53.0,437.0,19.0,0.05,38.0,2.0,0.05,24.0,1.3,0.07,3.0,1.0,20.0,0,0,1,0.04,0.04,2021
0.05,2.66,0.1,2.9,3.0,3.0,96.0,96.0,510.0,46.0,0.11,80.0,6.0,0.11,39.0,3.4,0.2,5.0,4.0,57.0,3,3,3,0.1,0.1,2122
0.14,2.17,0.08,1.7,1.8,1.8,72.0,72.0,306.0,26.0,0.13,47.0,2.0,0.13,23.0,2.9,0.09,5.0,1.0,29.0,1,1,2,0.09,0.09,2223
0.0,1.09,0.04,1.0,0.8,0.8,73.0,73.0,332.0,10.0,0.1,25.0,2.0,0.1,14.0,2.3,0.09,1.0,1.0,24.0,0,0,1,0.04,0.04,2021
0.06,0.62,0.04,0.1,0.5,0.5,3.0,3.0,45.0,2.0,0.17,7.0,0.0,0.18,1.0,2.0,0.0,1.0,0.0,6.0,0,0,1,0.09,0.09,2122
0.07,1.16,0.04,1.3,1.3,1.3,46.0,46.0,358.0,16.0,0.1,40.0,3.0,0.1,11.0,3.4,0.09,5.0,3.0,35.0,0,0,1,0.03,0.03,2223
0.03,0.89,0.04,1.1,1.1,1.1,25.0,25.0,212.0,10.0,0.14,27.0,4.0,0.14,7.0,4.2,0.13,3.0,3.0,22.0,2,2,4,0.13,0.13,2324
0.07,1.45,0.08,1.2,1.5,1.5,23.0,23.0,189.0,11.0,0.17,28.0,6.0,0.17,13.0,3.4,0.31,2.0,4.0,23.0,1,1,3,0.16,0.16,1819
0.0,1.71,0.08,0.9,1.1,1.1,36.0,36.0,160.0,10.0,0.28,24.0,2.0,0.28,5.0,4.0,0.14,4.0,1.0,16.0,1,1,4,0.28,0.28,1920
0.17,3.15,0.09,1.2,1.8,1.8,173.0,173.0,423.0,22.0,0.34,62.0,3.0,0.34,13.0,6.6,0.15,30.0,2.0,39.0,1,1,2,0.1,0.1,2324
0.09,0.57,0.0,0.2,0.1,0.1,0.0,0.0,30.0,2.0,0.11,8.0,1.0,0.11,0.0,1.5,0.07,0.0,1.0,6.0,0,0,2,0.14,0.14,1819
0.0,0.82,0.06,0.3,0.6,0.6,3.0,3.0,27.0,6.0,0.09,9.0,1.0,0.09,0.0,0.9,0.09,1.0,1.0,8.0,1,1,2,0.18,0.18,1920
0.0,0.95,0.0,0.1,0.0,0.0,2.0,2.0,34.0,0.0,0.02,10.0,1.0,0.02,1.0,0.3,0.09,0.0,1.0,8.0,0,0,0,0.0,0.0,2122
0.0,0.99,0.04,0.2,0.6,0.6,0.0,0.0,28.0,9.0,0.16,14.0,1.0,0.16,1.0,2.2,0.07,0.0,0.0,12.0,0,0,0,0.0,0.0,2223
0.0,0.62,0.02,0.7,0.3,0.3,3.0,3.0,40.0,3.0,0.08,10.0,1.0,0.08,3.0,1.3,0.06,0.0,0.0,8.0,0,0,1,0.06,0.06,2324
0.22,2.66,0.15,1.3,1.4,1.4,76.0,76.0,161.0,8.0,0.39,24.0,2.0,0.39,7.0,3.5,0.22,10.0,2.0,14.0,2,2,3,0.33,0.33,2122
0.18,3.3,0.11,1.4,1.5,1.5,90.0,90.0,317.0,17.0,0.3,45.0,3.0,0.3,11.0,4.1,0.22,18.0,3.0,34.0,2,2,3,0.22,0.22,2324
0.39,3.66,0.22,5.7,5.0,5.0,144.0,144.0,583.0,47.0,0.28,84.0,12.0,0.28,63.0,6.3,0.52,8.0,12.0,74.0,7,7,8,0.35,0.35,1718
0.25,3.33,0.36,5.5,6.4,6.4,131.0,131.0,506.0,33.0,0.46,60.0,11.0,0.46,47.0,8.2,0.61,5.0,10.0,54.0,7,7,8,0.44,0.44,1819
0.16,2.56,0.15,2.8,3.6,3.6,152.0,152.0,603.0,30.0,0.17,60.0,5.0,0.17,20.0,3.9,0.21,18.0,3.0,53.0,2,2,3,0.13,0.13,1819
0.17,1.8,0.07,1.0,0.8,0.8,62.0,62.0,259.0,9.0,0.11,19.0,5.0,0.11,13.0,1.2,0.47,5.0,5.0,15.0,2,2,2,0.19,0.19,2021
0.1,2.21,0.14,2.8,2.4,2.4,108.0,108.0,451.0,25.0,0.17,38.0,6.0,0.17,24.0,2.9,0.35,6.0,5.0,36.0,3,3,4,0.23,0.23,2122
0.0,1.82,0.11,3.1,2.7,2.7,168.0,168.0,527.0,21.0,0.18,44.0,7.0,0.18,26.0,4.4,0.29,9.0,6.0,41.0,3,3,7,0.29,0.29,2324
0.0,4.49,0.04,0.5,0.2,0.2,17.0,17.0,131.0,4.0,0.13,20.0,3.0,0.13,2.0,0.6,0.67,1.0,1.0,14.0,0,0,2,0.45,0.45,1718
0.11,4.11,0.09,1.2,1.2,1.2,70.0,70.0,409.0,24.0,0.25,57.0,2.0,0.25,14.0,3.5,0.14,6.0,1.0,48.0,0,0,3,0.22,0.22,1819
0.0,3.79,0.15,2.1,2.6,2.6,52.0,52.0,331.0,27.0,0.18,68.0,5.0,0.18,18.0,3.3,0.28,3.0,4.0,60.0,3,3,3,0.17,0.17,2021
0.3,4.66,0.12,2.0,2.1,2.1,60.0,60.0,465.0,30.0,0.17,81.0,9.0,0.17,18.0,3.0,0.52,7.0,8.0,60.0,4,4,4,0.23,0.23,2223
0.0,3.77,0.22,1.0,1.5,1.5,23.0,23.0,201.0,11.0,0.27,25.0,2.0,0.27,6.0,1.8,0.3,1.0,2.0,22.0,2,2,2,0.3,0.3,2324
0.0,0.94,0.03,0.4,0.6,0.6,12.0,12.0,138.0,8.0,0.04,20.0,3.0,0.04,5.0,0.9,0.14,1.0,3.0,17.0,1,1,1,0.05,0.05,2021
0.12,1.36,0.02,1.3,0.6,0.6,7.0,7.0,206.0,9.0,0.05,33.0,1.0,0.05,7.0,1.1,0.04,0.0,1.0,31.0,0,0,0,0.0,0.0,2122
0.0,2.11,0.19,1.2,2.2,2.2,87.0,87.0,188.0,13.0,0.58,25.0,4.0,0.58,6.0,6.9,0.34,15.0,3.0,15.0,2,2,6,0.51,0.51,2122
0.37,3.25,0.14,1.7,1.2,1.2,57.0,57.0,195.0,9.0,0.35,27.0,1.0,0.35,13.0,2.9,0.12,6.0,0.0,22.0,1,1,4,0.48,0.48,1920
0.36,4.6,0.21,6.0,5.1,5.1,176.0,176.0,683.0,41.0,0.45,112.0,19.0,0.48,46.0,10.9,0.78,21.0,14.0,88.0,9,9,14,0.57,0.53,2021
0.35,3.87,0.31,3.4,2.6,2.6,55.0,55.0,186.0,12.0,0.54,32.0,6.0,0.54,16.0,4.4,0.73,5.0,5.0,22.0,3,3,6,0.73,0.73,2122
0.31,4.5,0.32,5.1,4.5,4.5,86.0,86.0,360.0,38.0,0.52,64.0,11.0,0.52,27.0,7.4,0.77,15.0,5.0,51.0,5,5,7,0.49,0.49,2223
0.22,3.79,0.34,3.7,5.4,5.4,111.0,111.0,329.0,32.0,0.55,61.0,8.0,0.55,21.0,8.8,0.5,18.0,8.0,44.0,5,5,9,0.56,0.56,2324
0.0,5.44,0.03,0.3,0.0,0.0,9.0,9.0,50.0,2.0,0.23,9.0,1.0,0.23,4.0,0.4,0.6,1.0,1.0,8.0,0,0,0,0.0,0.0,2021
0.26,2.92,0.09,2.9,2.8,2.8,130.0,130.0,546.0,43.0,0.19,92.0,6.0,0.19,27.0,6.0,0.19,15.0,4.0,58.0,3,3,6,0.19,0.19,2122
0.14,2.31,0.14,2.4,3.2,3.2,64.0,64.0,299.0,26.0,0.24,54.0,10.0,0.24,19.0,5.6,0.43,8.0,8.0,39.0,6,6,9,0.39,0.39,2223
0.29,3.41,0.14,5.2,4.1,4.1,110.0,110.0,524.0,48.0,0.19,99.0,9.0,0.19,27.0,5.5,0.31,9.0,3.0,54.0,4,4,6,0.21,0.21,2324
0.0,1.55,0.02,0.1,0.1,0.1,8.0,8.0,54.0,3.0,0.06,11.0,0.0,0.06,0.0,0.5,0.0,1.0,0.0,10.0,0,0,0,0.0,0.0,1819
0.0,0.62,0.0,0.1,0.0,0.0,0.0,0.0,33.0,0.0,0.05,5.0,0.0,0.05,2.0,0.4,0.0,0.0,0.0,5.0,0,0,1,0.12,0.12,2021
0.0,0.76,0.01,0.4,0.2,0.2,0.0,0.0,52.0,4.0,0.01,18.0,1.0,0.01,1.0,0.2,0.04,1.0,1.0,18.0,0,0,0,0.0,0.0,2122
0.29,3.25,0.1,3.3,2.7,2.7,142.0,142.0,579.0,39.0,0.23,88.0,7.0,0.23,34.0,6.3,0.26,12.0,4.0,68.0,3,3,4,0.15,0.15,1819
0.12,2.79,0.28,1.2,1.9,1.9,39.0,39.0,163.0,14.0,0.43,19.0,3.0,0.43,10.0,2.9,0.44,4.0,3.0,15.0,2,2,2,0.29,0.29,2021
0.06,4.9,0.32,5.4,6.0,6.0,88.0,88.0,462.0,55.0,0.38,93.0,5.0,0.42,33.0,7.2,0.26,8.0,1.0,47.0,4,4,6,0.32,0.26,1920
0.0,2.77,0.18,2.5,2.9,2.9,66.0,66.0,288.0,27.0,0.21,44.0,3.0,0.31,20.0,3.3,0.19,4.0,1.0,29.0,1,1,3,0.19,0.06,2021
0.14,3.49,0.12,3.7,3.2,3.2,131.0,131.0,601.0,40.0,0.23,89.0,6.0,0.26,27.0,5.8,0.24,21.0,3.0,41.0,2,2,4,0.16,0.12,1920
0.09,3.21,0.16,4.2,4.6,4.6,136.0,136.0,521.0,51.0,0.24,95.0,8.0,0.32,32.0,7.0,0.27,10.0,5.0,44.0,4,4,10,0.34,0.27,2021
0.0,2.92,0.11,2.2,2.4,2.4,90.0,90.0,430.0,23.0,0.19,65.0,8.0,0.3,17.0,4.3,0.36,9.0,3.0,30.0,2,2,6,0.27,0.13,2122
0.0,0.97,0.01,0.4,0.2,0.2,8.0,8.0,64.0,3.0,0.07,21.0,3.0,0.07,5.0,1.4,0.14,1.0,2.0,16.0,1,1,1,0.05,0.05,1920
0.28,5.84,0.26,2.8,2.7,2.7,70.0,70.0,228.0,28.0,0.43,62.0,4.0,0.43,15.0,4.6,0.38,4.0,3.0,37.0,2,2,4,0.38,0.38,1819
0.32,3.72,0.25,2.7,2.7,2.7,83.0,83.0,224.0,26.0,0.52,40.0,5.0,0.52,19.0,5.6,0.46,2.0,3.0,31.0,3,3,7,0.65,0.65,2021
0.12,2.47,0.11,1.1,1.6,1.6,103.0,103.0,226.0,13.0,0.38,35.0,6.0,0.38,8.0,5.4,0.42,21.0,4.0,22.0,2,2,8,0.56,0.56,1819
0.0,2.93,0.19,1.0,1.6,1.6,66.0,66.0,137.0,9.0,0.56,25.0,3.0,0.56,3.0,4.8,0.35,5.0,1.0,13.0,1,1,4,0.47,0.47,1920
0.15,1.68,0.09,0.8,0.9,0.9,84.0,84.0,220.0,10.0,0.31,17.0,2.0,0.31,13.0,3.1,0.2,7.0,2.0,15.0,1,1,4,0.4,0.4,2021
0.0,2.05,0.11,1.7,2.9,2.9,186.0,186.0,424.0,24.0,0.34,54.0,5.0,0.34,18.0,8.9,0.19,36.0,2.0,35.0,4,4,8,0.3,0.3,2122
0.0,1.59,0.11,0.5,0.7,0.7,48.0,48.0,156.0,7.0,0.36,11.0,0.0,0.36,8.0,2.5,0.0,8.0,0.0,10.0,1,1,3,0.43,0.43,2223
0.0,0.61,0.04,0.1,0.1,0.1,8.0,8.0,31.0,1.0,0.3,1.0,0.0,0.3,1.0,0.5,0.0,1.0,0.0,1.0,0,0,1,0.61,0.61,2122
0.0,3.16,0.07,0.3,0.5,0.5,34.0,34.0,132.0,4.0,0.24,22.0,0.0,0.24,5.0,1.7,0.0,4.0,0.0,10.0,0,0,2,0.29,0.29,2223
0.27,2.4,0.01,0.2,0.0,0.0,10.0,10.0,63.0,1.0,0.12,7.0,0.0,0.12,3.0,0.3,0.0,2.0,0.0,3.0,0,0,0,0.0,0.0,2324
0.0,5.14,0.31,0.6,1.2,1.2,22.0,22.0,71.0,11.0,0.65,19.0,2.0,0.65,6.0,2.4,0.54,7.0,2.0,13.0,1,1,5,1.35,1.35,2324
0.0,3.14,0.09,0.3,0.2,0.2,30.0,30.0,68.0,3.0,0.74,9.0,1.0,0.74,1.0,2.1,0.35,10.0,1.0,9.0,0,0,3,1.05,1.05,2425
0.09,4.91,0.23,7.7,7.8,7.8,48.0,48.0,670.0,81.0,0.33,167.0,19.0,0.47,36.0,11.2,0.56,6.0,13.0,101.0,7,7,16,0.47,0.32,1819
0.11,4.06,0.23,7.6,6.9,6.9,36.0,36.0,579.0,66.0,0.25,122.0,16.0,0.28,44.0,7.6,0.53,3.0,10.0,72.0,10,10,12,0.4,0.37,2122
0.12,2.76,0.1,4.0,3.0,3.0,28.0,28.0,342.0,34.0,0.12,79.0,10.0,0.21,28.0,3.6,0.35,1.0,7.0,55.0,5,5,8,0.28,0.17,2324
0.18,3.25,0.09,1.7,1.7,1.7,117.0,117.0,362.0,21.0,0.23,60.0,6.0,0.23,20.0,4.2,0.32,18.0,2.0,42.0,2,2,5,0.27,0.27,2021
0.0,4.0,0.23,3.2,3.9,3.9,102.0,102.0,398.0,36.0,0.36,66.0,5.0,0.36,36.0,5.9,0.3,21.0,3.0,50.0,3,3,5,0.3,0.3,2122
0.0,3.51,0.13,2.2,2.5,2.5,148.0,148.0,456.0,36.0,0.33,69.0,3.0,0.33,39.0,6.4,0.15,20.0,2.0,46.0,0,0,6,0.3,0.3,2223
0.0,0.64,0.03,0.5,0.7,0.7,5.0,5.0,71.0,6.0,0.07,17.0,0.0,0.07,3.0,2.0,0.0,0.0,0.0,13.0,0,0,1,0.04,0.04,2223
0.0,0.75,0.02,0.6,0.7,0.7,4.0,4.0,75.0,6.0,0.04,24.0,2.0,0.04,5.0,1.3,0.06,2.0,1.0,20.0,0,0,0,0.0,0.0,2324
0.2,2.37,0.17,3.2,4.3,4.3,137.0,137.0,449.0,31.0,0.22,62.0,4.0,0.22,24.0,5.7,0.15,8.0,2.0,47.0,3,3,4,0.15,0.15,1819
0.03,1.45,0.1,2.6,2.9,2.9,138.0,138.0,483.0,20.0,0.13,44.0,7.0,0.13,17.0,4.1,0.23,5.0,6.0,37.0,6,6,7,0.23,0.23,1920
0.14,3.18,0.16,3.5,4.2,4.2,73.0,73.0,479.0,44.0,0.25,84.0,6.0,0.25,24.0,6.6,0.23,2.0,6.0,54.0,1,1,5,0.19,0.19,1819
0.31,3.17,0.16,0.5,0.7,0.7,9.0,9.0,60.0,9.0,0.22,14.0,1.0,0.22,3.0,1.0,0.23,1.0,1.0,9.0,0,0,0,0.0,0.0,2021
0.0,1.28,0.01,0.1,0.1,0.1,11.0,11.0,65.0,1.0,0.13,5.0,0.0,0.13,2.0,0.5,0.0,0.0,0.0,5.0,0,0,0,0.0,0.0,1819
0.0,0.36,0.05,0.5,0.5,0.5,5.0,5.0,39.0,3.0,0.09,4.0,1.0,0.09,2.0,1.0,0.09,0.0,1.0,3.0,1,1,2,0.18,0.18,2021
0.0,0.16,0.0,0.0,0.0,0.0,0.0,0.0,9.0,0.0,0.07,1.0,0.0,0.07,0.0,0.5,0.0,0.0,0.0,1.0,0,0,0,0.0,0.0,2223
0.0,3.64,0.23,4.0,4.9,4.9,98.0,98.0,457.0,39.0,0.4,79.0,11.0,0.48,26.0,8.8,0.51,19.0,7.0,48.0,6,6,14,0.64,0.6,2122
0.0,1.78,0.02,0.7,0.2,0.2,33.0,33.0,281.0,4.0,0.07,16.0,2.0,0.07,8.0,0.6,0.22,2.0,1.0,13.0,0,0,1,0.11,0.11,1819
0.12,2.87,0.05,0.9,0.7,0.7,65.0,65.0,320.0,15.0,0.1,46.0,5.0,0.1,19.0,1.7,0.31,6.0,4.0,37.0,0,0,2,0.12,0.12,1920
0.1,2.04,0.1,3.0,3.2,3.2,55.0,55.0,364.0,25.0,0.16,66.0,5.0,0.16,35.0,5.1,0.15,5.0,5.0,61.0,4,4,5,0.15,0.15,2021
0.08,2.12,0.07,0.6,0.7,0.7,22.0,22.0,92.0,9.0,0.21,23.0,6.0,0.21,7.0,2.3,0.55,6.0,5.0,17.0,2,2,5,0.46,0.46,2223
0.1,1.75,0.07,1.3,2.4,2.4,43.0,43.0,257.0,19.0,0.15,62.0,4.0,0.15,13.0,5.2,0.11,1.0,3.0,54.0,3,3,6,0.17,0.17,2223
0.04,2.41,0.08,0.7,1.5,1.5,28.0,28.0,191.0,20.0,0.17,48.0,4.0,0.17,14.0,3.4,0.2,3.0,4.0,34.0,2,2,4,0.2,0.2,2324
0.0,1.76,0.03,1.0,0.9,0.9,21.0,21.0,200.0,21.0,0.08,48.0,3.0,0.08,14.0,2.2,0.11,2.0,1.0,41.0,1,1,2,0.07,0.07,2324
0.0,1.6,0.03,0.3,0.4,0.4,10.0,10.0,72.0,10.0,0.07,20.0,2.0,0.07,3.0,0.8,0.16,2.0,2.0,17.0,0,0,0,0.0,0.0,1920
0.0,5.29,0.23,1.1,1.5,1.5,15.0,15.0,139.0,14.0,0.33,34.0,3.0,0.33,10.0,2.1,0.47,1.0,1.0,16.0,1,1,3,0.47,0.47,1819
0.0,4.71,0.11,1.0,0.7,0.7,7.0,7.0,115.0,12.0,0.18,31.0,2.0,0.18,6.0,1.2,0.3,1.0,2.0,23.0,0,0,1,0.15,0.15,1920
0.11,2.53,0.04,0.7,0.3,0.3,14.0,14.0,106.0,5.0,0.1,16.0,1.0,0.1,7.0,0.6,0.16,1.0,1.0,13.0,0,0,0,0.0,0.0,2021
0.05,2.06,0.17,2.6,3.2,3.2,16.0,16.0,206.0,25.0,0.19,39.0,3.0,0.19,17.0,3.6,0.16,0.0,2.0,25.0,2,2,3,0.16,0.16,2122
0.0,1.64,0.05,1.5,1.1,1.1,14.0,14.0,174.0,16.0,0.06,35.0,2.0,0.06,9.0,1.4,0.09,0.0,1.0,21.0,1,1,1,0.05,0.05,2223
0.0,1.52,0.05,0.9,0.8,0.8,7.0,7.0,139.0,11.0,0.08,23.0,1.0,0.08,8.0,1.1,0.07,0.0,1.0,15.0,0,0,1,0.07,0.07,2324
0.0,2.51,0.17,3.6,5.0,5.0,148.0,148.0,463.0,34.0,0.26,72.0,14.0,0.26,31.0,7.6,0.49,3.0,10.0,60.0,5,5,7,0.24,0.24,1819
0.0,1.41,0.05,1.1,0.9,0.9,67.0,67.0,175.0,7.0,0.16,22.0,0.0,0.16,12.0,2.6,0.0,3.0,0.0,16.0,0,0,4,0.26,0.26,1920
0.09,1.16,0.03,0.2,0.2,0.2,20.0,20.0,66.0,3.0,0.19,9.0,0.0,0.19,1.0,1.5,0.0,0.0,0.0,5.0,0,0,3,0.39,0.39,2021
0.25,0.99,0.01,0.4,0.1,0.1,31.0,31.0,98.0,2.0,0.19,11.0,3.0,0.19,2.0,2.2,0.27,1.0,3.0,9.0,1,1,2,0.18,0.18,2122
0.0,2.09,0.08,0.6,0.7,0.7,17.0,17.0,64.0,7.0,0.11,17.0,2.0,0.11,5.0,0.9,0.25,2.0,2.0,14.0,2,2,2,0.25,0.25,2223
0.08,0.82,0.01,0.4,0.2,0.2,25.0,25.0,114.0,4.0,0.05,14.0,0.0,0.05,4.0,0.8,0.0,1.0,0.0,5.0,0,0,0,0.0,0.0,2324
0.0,1.1,0.02,0.9,0.4,0.4,15.0,15.0,177.0,6.0,0.16,25.0,1.0,0.16,4.0,3.6,0.04,1.0,1.0,19.0,0,0,5,0.22,0.22,2122
0.0,0.86,0.02,0.9,0.5,0.5,11.0,11.0,162.0,4.0,0.1,23.0,2.0,0.1,7.0,2.8,0.07,2.0,2.0,19.0,0,0,2,0.07,0.07,2223
0.06,3.33,0.17,2.3,3.1,3.1,125.0,125.0,303.0,28.0,0.55,61.0,7.0,0.68,20.0,10.1,0.38,9.0,2.0,43.0,3,3,10,0.55,0.38,1819
0.17,3.21,0.09,2.3,2.7,2.7,194.0,194.0,566.0,35.0,0.56,100.0,15.0,0.61,23.0,17.3,0.48,26.0,6.0,60.0,2,2,24,0.77,0.74,1920
0.28,2.44,0.09,1.3,2.1,2.1,134.0,134.0,391.0,22.0,0.38,59.0,8.0,0.44,15.0,9.1,0.33,13.0,4.0,44.0,4,4,16,0.66,0.58,2021
0.0,1.52,0.08,0.9,1.6,1.6,117.0,117.0,314.0,15.0,0.38,32.0,9.0,0.41,13.0,8.0,0.43,8.0,9.0,25.0,6,6,13,0.62,0.57,2122
0.23,1.75,0.13,0.6,1.2,1.2,46.0,46.0,139.0,9.0,0.54,16.0,1.0,0.71,4.0,5.0,0.11,9.0,0.0,12.0,0,0,6,0.66,0.44,2223
0.0,1.4,0.12,0.9,1.0,1.0,44.0,44.0,105.0,6.0,0.47,12.0,3.0,0.47,2.0,4.0,0.35,3.0,3.0,11.0,2,2,4,0.46,0.46,2223
0.63,3.79,0.06,0.3,0.3,0.3,29.0,29.0,79.0,5.0,0.34,17.0,3.0,0.34,3.0,1.5,0.67,3.0,0.0,8.0,0,0,1,0.22,0.22,2324
0.13,2.95,0.1,2.3,2.0,2.0,67.0,67.0,333.0,23.0,0.24,61.0,5.0,0.24,16.0,4.9,0.24,3.0,3.0,42.0,3,3,3,0.14,0.14,1819
0.1,2.29,0.14,1.2,2.1,2.1,24.0,24.0,160.0,20.0,0.21,35.0,4.0,0.21,12.0,3.3,0.26,0.0,2.0,27.0,2,2,2,0.13,0.13,1920
0.11,2.45,0.11,2.7,2.2,2.2,42.0,42.0,264.0,24.0,0.22,49.0,3.0,0.22,8.0,4.3,0.15,2.0,2.0,32.0,2,2,2,0.1,0.1,2021
0.0,3.0,0.11,2.0,2.2,2.2,141.0,141.0,485.0,26.0,0.15,60.0,9.0,0.15,30.0,2.9,0.45,11.0,6.0,38.0,3,3,3,0.15,0.15,1819
0.06,1.64,0.02,0.2,0.2,0.2,66.0,66.0,137.0,3.0,0.44,15.0,2.0,0.44,3.0,4.0,0.22,7.0,1.0,11.0,0,0,2,0.22,0.22,1920
0.12,3.09,0.16,1.4,2.8,2.8,98.0,98.0,256.0,22.0,0.5,53.0,5.0,0.55,5.0,8.7,0.29,10.0,2.0,35.0,1,1,7,0.41,0.41,2021
0.15,2.32,0.08,0.7,1.2,1.2,105.0,105.0,293.0,18.0,0.47,38.0,3.0,0.47,9.0,7.8,0.18,8.0,1.0,28.0,2,2,8,0.49,0.49,2122
0.05,3.16,0.21,1.7,4.3,4.3,134.0,134.0,376.0,30.0,0.66,65.0,9.0,0.66,15.0,13.7,0.44,10.0,5.0,49.0,3,3,9,0.44,0.44,2223
0.17,3.77,0.09,1.4,1.7,1.7,100.0,100.0,325.0,22.0,0.37,71.0,7.0,0.37,13.0,7.0,0.37,13.0,3.0,52.0,1,1,6,0.32,0.32,2324
0.0,2.91,0.27,3.9,4.2,4.2,144.0,144.0,358.0,22.0,0.37,45.0,10.0,0.37,28.0,5.8,0.65,12.0,7.0,38.0,4,4,5,0.32,0.32,1920
0.11,2.33,0.07,1.3,1.0,1.0,74.0,74.0,246.0,11.0,0.11,32.0,4.0,0.11,21.0,1.5,0.29,11.0,2.0,23.0,2,2,2,0.15,0.15,2223
0.04,1.95,0.13,1.3,1.2,1.2,53.0,53.0,175.0,9.0,0.16,18.0,1.0,0.16,16.0,1.5,0.11,3.0,1.0,13.0,1,1,1,0.11,0.11,2324
0.05,0.85,0.03,2.4,1.0,1.0,1.0,1.0,53.0,6.0,0.05,27.0,3.0,0.05,7.0,1.5,0.09,1.0,1.0,23.0,0,0,0,0.0,0.0,2122
0.09,3.12,0.13,3.1,3.0,3.0,152.0,152.0,504.0,34.0,0.29,71.0,8.0,0.29,21.0,6.5,0.35,32.0,5.0,49.0,3,3,7,0.31,0.31,2324
0.06,1.0,0.06,1.0,2.0,2.0,10.0,10.0,142.0,13.0,0.08,32.0,6.0,0.08,6.0,2.7,0.19,1.0,6.0,27.0,4,4,7,0.22,0.22,2324
0.04,1.71,0.03,0.4,0.4,0.4,28.0,28.0,164.0,9.0,0.06,30.0,1.0,0.06,5.0,1.0,0.06,3.0,1.0,24.0,1,1,1,0.06,0.06,1819
0.0,2.2,0.07,0.9,1.7,1.7,84.0,84.0,284.0,23.0,0.14,55.0,4.0,0.14,14.0,3.5,0.16,4.0,2.0,42.0,1,1,1,0.04,0.04,1920
0.07,1.78,0.01,0.4,0.1,0.1,46.0,46.0,144.0,5.0,0.11,18.0,1.0,0.11,7.0,1.1,0.1,8.0,1.0,15.0,0,0,2,0.2,0.2,2021
0.09,2.36,0.06,1.7,1.7,1.7,167.0,167.0,470.0,29.0,0.12,63.0,7.0,0.12,17.0,3.2,0.26,6.0,6.0,56.0,2,2,3,0.11,0.11,2122
0.0,1.9,0.05,0.6,0.6,0.6,36.0,36.0,171.0,7.0,0.15,22.0,1.0,0.15,7.0,1.8,0.09,0.0,1.0,20.0,1,1,2,0.17,0.17,2223
0.19,3.65,0.14,4.5,3.9,3.9,169.0,169.0,584.0,46.0,0.21,103.0,8.0,0.21,45.0,6.0,0.28,34.0,5.0,64.0,4,4,7,0.25,0.25,1819
0.22,3.11,0.24,7.6,8.5,8.5,321.0,321.0,764.0,54.0,0.3,112.0,18.0,0.3,78.0,10.7,0.5,54.0,14.0,85.0,7,7,10,0.28,0.28,1920
0.23,2.37,0.17,4.6,4.8,4.8,198.0,198.0,650.0,35.0,0.29,66.0,7.0,0.29,59.0,8.2,0.25,18.0,7.0,54.0,6,6,9,0.32,0.32,2021
0.2,2.96,0.2,5.4,6.3,6.3,243.0,243.0,700.0,44.0,0.3,91.0,11.0,0.3,55.0,9.2,0.36,38.0,11.0,79.0,7,7,8,0.26,0.26,2122
0.09,2.69,0.26,5.3,6.4,6.4,167.0,167.0,461.0,45.0,0.4,67.0,5.0,0.4,34.0,10.0,0.2,21.0,3.0,46.0,5,5,9,0.36,0.36,2223
0.19,2.8,0.21,3.5,4.4,4.4,139.0,139.0,363.0,31.0,0.3,60.0,3.0,0.34,21.0,6.4,0.14,14.0,3.0,38.0,2,2,5,0.23,0.19,2324
0.21,4.29,0.18,0.7,0.9,0.9,46.0,46.0,136.0,11.0,0.4,22.0,1.0,0.4,3.0,2.1,0.19,10.0,1.0,15.0,1,1,1,0.19,0.19,1819
0.13,2.84,0.22,3.5,5.0,5.0,119.0,119.0,409.0,25.0,0.41,64.0,10.0,0.45,14.0,9.3,0.44,23.0,4.0,32.0,5,5,10,0.44,0.44,2021
0.15,2.95,0.15,2.7,2.3,2.3,97.0,97.0,302.0,18.0,0.27,45.0,6.0,0.27,18.0,4.1,0.39,9.0,4.0,29.0,2,2,6,0.39,0.39,2122
0.0,3.02,0.32,1.8,2.1,2.1,53.0,53.0,148.0,9.0,0.49,20.0,1.0,0.49,11.0,3.3,0.15,11.0,1.0,13.0,1,1,1,0.15,0.15,2223
0.14,2.4,0.08,1.1,0.7,0.7,54.0,54.0,182.0,11.0,0.15,21.0,1.0,0.24,7.0,1.3,0.11,5.0,1.0,12.0,0,0,4,0.46,0.34,2324
0.16,3.47,0.27,4.5,6.0,6.0,206.0,206.0,526.0,33.0,0.95,79.0,14.0,0.98,26.0,21.5,0.62,36.0,11.0,60.0,8,8,19,0.84,0.84,2324
0.15,1.6,0.05,2.1,0.8,0.8,51.0,51.0,231.0,12.0,0.07,27.0,2.0,0.07,24.0,1.2,0.12,7.0,2.0,23.0,2,2,2,0.12,0.12,1819
0.17,1.84,0.07,1.0,1.7,1.7,120.0,120.0,310.0,20.0,0.45,43.0,9.0,0.49,9.0,10.5,0.39,7.0,2.0,27.0,0,0,11,0.47,0.47,1920
0.15,1.71,0.1,1.7,1.8,1.8,96.0,96.0,219.0,12.0,0.49,30.0,7.0,0.53,7.0,8.6,0.4,6.0,6.0,22.0,3,3,8,0.46,0.4,2021
0.0,0.69,0.01,0.4,0.1,0.1,12.0,12.0,76.0,2.0,0.09,13.0,1.0,0.09,8.0,1.7,0.05,1.0,1.0,12.0,0,0,2,0.11,0.11,1920
0.04,2.99,0.16,5.8,4.4,4.4,240.0,240.0,743.0,28.0,0.27,84.0,9.0,0.27,41.0,7.6,0.32,11.0,7.0,64.0,3,3,6,0.21,0.21,1819
0.13,1.66,0.08,2.8,2.4,2.4,42.0,42.0,232.0,19.0,0.12,46.0,3.0,0.12,22.0,3.3,0.11,3.0,2.0,40.0,1,1,2,0.07,0.07,1920
0.1,2.02,0.07,3.1,2.1,2.1,70.0,70.0,329.0,28.0,0.11,60.0,7.0,0.11,35.0,3.3,0.24,2.0,6.0,55.0,4,4,6,0.2,0.2,2021
0.08,1.32,0.05,1.3,1.1,1.1,60.0,60.0,240.0,16.0,0.09,27.0,4.0,0.09,9.0,1.9,0.2,2.0,3.0,23.0,3,3,4,0.2,0.2,2223
0.0,2.13,0.05,0.7,0.3,0.3,24.0,24.0,121.0,6.0,0.14,12.0,1.0,0.14,10.0,0.8,0.18,1.0,0.0,8.0,0,0,1,0.18,0.18,1920
0.32,4.19,0.11,0.2,0.2,0.2,10.0,10.0,39.0,2.0,0.25,8.0,0.0,0.25,1.0,0.5,0.0,2.0,0.0,5.0,0,0,0,0.0,0.0,2223
0.0,6.41,0.33,0.5,1.0,1.0,27.0,27.0,83.0,8.0,1.03,20.0,3.0,1.03,12.0,3.2,0.96,1.0,2.0,16.0,1,1,2,0.64,0.64,2324
0.19,4.3,0.22,3.0,3.5,3.5,99.0,99.0,384.0,41.0,0.35,70.0,10.0,0.35,20.0,5.7,0.61,20.0,8.0,61.0,5,5,8,0.49,0.49,2122
0.12,4.02,0.26,4.2,4.1,4.1,133.0,133.0,419.0,29.0,0.44,63.0,7.0,0.44,32.0,6.9,0.45,9.0,6.0,51.0,3,3,4,0.26,0.26,2223
0.0,3.32,0.21,3.1,3.5,3.5,101.0,101.0,383.0,26.0,0.39,55.0,6.0,0.39,26.0,6.5,0.36,10.0,4.0,30.0,2,2,6,0.36,0.36,2324
0.0,1.84,0.19,0.3,1.8,1.8,39.0,39.0,147.0,8.0,0.65,18.0,2.0,0.65,5.0,6.4,0.2,11.0,0.0,8.0,1,1,5,0.51,0.51,2324
0.0,0.58,0.01,0.5,0.3,0.3,5.0,5.0,49.0,6.0,0.07,18.0,1.0,0.07,5.0,2.0,0.03,0.0,1.0,15.0,0,0,0,0.0,0.0,1920
0.04,0.64,0.01,0.6,0.4,0.4,4.0,4.0,53.0,5.0,0.04,19.0,2.0,0.04,6.0,1.1,0.07,1.0,2.0,19.0,0,0,2,0.07,0.07,2223
0.0,0.38,0.03,1.2,0.9,0.9,4.0,4.0,58.0,4.0,0.08,12.0,3.0,0.08,9.0,2.5,0.1,1.0,3.0,8.0,1,1,3,0.1,0.1,1920
0.0,1.32,0.04,1.1,1.1,1.1,18.0,18.0,148.0,14.0,0.09,36.0,5.0,0.09,9.0,2.5,0.18,0.0,3.0,32.0,2,2,6,0.22,0.22,1920
0.05,1.33,0.04,0.4,0.4,0.4,6.0,6.0,29.0,3.0,0.1,11.0,1.0,0.1,1.0,0.8,0.12,0.0,1.0,10.0,0,0,0,0.0,0.0,2122
0.0,0.6,0.03,0.5,0.6,0.6,4.0,4.0,37.0,8.0,0.12,11.0,2.0,0.12,1.0,2.1,0.11,0.0,2.0,10.0,1,1,4,0.22,0.22,2223
0.0,0.89,0.02,1.3,0.6,0.6,7.0,7.0,76.0,4.0,0.06,24.0,3.0,0.06,6.0,1.5,0.11,0.0,1.0,20.0,1,1,2,0.07,0.07,2425
0.0,2.9,0.04,1.1,1.1,1.1,144.0,144.0,412.0,21.0,0.25,73.0,6.0,0.28,24.0,6.3,0.24,17.0,0.0,42.0,0,0,7,0.28,0.24,2223
0.26,3.04,0.25,5.0,4.6,4.6,127.0,127.0,471.0,36.0,0.28,57.0,3.0,0.28,26.0,5.2,0.16,10.0,2.0,28.0,2,2,2,0.11,0.11,2223
0.49,5.7,0.32,8.6,8.5,8.5,222.0,222.0,1086.0,73.0,0.61,152.0,19.0,0.61,84.0,16.3,0.71,36.0,18.0,124.0,8,8,14,0.52,0.52,1819
0.32,5.87,0.32,5.5,6.5,6.5,175.0,175.0,837.0,48.0,0.63,119.0,19.0,0.63,51.0,12.9,0.94,31.0,14.0,100.0,10,10,16,0.79,0.79,1920
0.21,4.51,0.21,3.5,3.3,3.3,76.0,76.0,401.0,28.0,0.37,70.0,13.0,0.37,46.0,5.7,0.84,12.0,11.0,52.0,5,5,7,0.45,0.45,2021
0.23,5.13,0.24,5.1,4.5,4.5,105.0,105.0,480.0,39.0,0.39,98.0,15.0,0.39,40.0,7.5,0.78,17.0,11.0,77.0,4,4,6,0.31,0.31,2122
0.0,2.0,0.02,0.5,0.2,0.2,5.0,5.0,105.0,4.0,0.08,21.0,0.0,0.08,7.0,0.8,0.0,1.0,0.0,11.0,0,0,3,0.29,0.29,1920
0.0,1.23,0.08,1.3,1.2,1.2,4.0,4.0,143.0,12.0,0.11,19.0,0.0,0.11,3.0,1.7,0.0,1.0,0.0,9.0,0,0,0,0.0,0.0,2021
0.0,0.89,0.02,0.0,0.1,0.1,5.0,5.0,12.0,2.0,0.19,4.0,0.0,0.19,3.0,0.9,0.0,0.0,0.0,4.0,0,0,0,0.0,0.0,2223
0.0,1.84,0.04,0.9,0.6,0.6,37.0,37.0,151.0,9.0,0.16,25.0,0.0,0.16,4.0,2.2,0.0,0.0,0.0,23.0,0,0,2,0.15,0.15,1819
0.05,1.36,0.03,1.2,1.0,1.0,18.0,18.0,211.0,9.0,0.04,43.0,4.0,0.04,18.0,1.3,0.13,2.0,4.0,25.0,0,0,0,0.0,0.0,1819
0.0,1.19,0.02,0.7,0.5,0.5,33.0,33.0,189.0,7.0,0.04,26.0,3.0,0.04,13.0,0.9,0.14,0.0,2.0,18.0,1,1,1,0.05,0.05,1920
0.06,2.21,0.09,1.5,2.0,2.0,124.0,124.0,360.0,20.0,0.11,48.0,5.0,0.11,20.0,2.4,0.23,4.0,5.0,42.0,2,2,3,0.14,0.14,1819
0.03,1.83,0.04,1.1,0.7,0.7,81.0,81.0,284.0,13.0,0.06,33.0,6.0,0.06,19.0,1.1,0.33,2.0,4.0,24.0,1,1,2,0.11,0.11,1920
0.08,1.87,0.06,2.3,1.6,1.6,110.0,110.0,430.0,21.0,0.1,55.0,6.0,0.1,33.0,2.9,0.2,7.0,3.0,43.0,1,1,3,0.1,0.1,2021
0.21,2.0,0.08,2.1,1.8,1.8,74.0,74.0,361.0,19.0,0.24,47.0,6.0,0.24,24.0,5.6,0.25,2.0,3.0,32.0,2,2,4,0.17,0.17,2122
0.12,1.97,0.09,1.6,1.7,1.7,80.0,80.0,307.0,19.0,0.15,37.0,6.0,0.15,19.0,2.9,0.32,2.0,5.0,30.0,4,4,5,0.27,0.27,2223
0.14,1.4,0.05,1.6,1.2,1.2,66.0,66.0,325.0,12.0,0.1,34.0,6.0,0.1,23.0,2.5,0.25,2.0,6.0,32.0,3,3,4,0.16,0.16,2324
0.17,1.57,0.11,2.5,3.4,3.4,100.0,100.0,482.0,21.0,0.21,49.0,8.0,0.21,30.0,6.5,0.26,3.0,6.0,37.0,7,7,11,0.34,0.34,2021
0.18,1.64,0.1,2.2,2.9,2.9,125.0,125.0,503.0,20.0,0.21,47.0,8.0,0.21,48.0,5.9,0.28,6.0,7.0,35.0,5,5,9,0.31,0.31,2122
0.23,1.7,0.06,0.7,1.0,1.0,33.0,33.0,213.0,11.0,0.23,28.0,4.0,0.23,20.0,3.7,0.24,2.0,2.0,18.0,3,3,5,0.3,0.3,2223
0.15,1.84,0.08,0.6,0.4,0.4,16.0,16.0,73.0,4.0,0.11,8.0,1.0,0.11,5.0,0.5,0.23,1.0,1.0,7.0,1,1,1,0.23,0.23,2324
0.0,3.13,0.05,0.3,0.4,0.4,31.0,31.0,102.0,8.0,0.11,21.0,2.0,0.11,6.0,0.8,0.3,1.0,2.0,14.0,1,1,1,0.15,0.15,2324
0.28,2.47,0.06,2.0,1.9,1.9,94.0,94.0,456.0,27.0,0.3,79.0,4.0,0.3,22.0,9.7,0.13,21.0,4.0,60.0,0,0,7,0.22,0.22,2223
0.07,2.45,0.18,2.0,1.9,1.9,40.0,40.0,140.0,10.0,0.85,26.0,6.0,0.85,13.0,9.0,0.57,10.0,4.0,21.0,3,3,9,0.85,0.85,2324
0.0,2.5,0.06,0.9,0.7,0.7,45.0,45.0,192.0,14.0,0.07,28.0,3.0,0.07,15.0,0.8,0.27,3.0,1.0,22.0,1,1,1,0.09,0.09,1819
0.15,1.02,0.01,0.2,0.1,0.1,35.0,35.0,99.0,1.0,0.02,7.0,0.0,0.02,5.0,0.1,0.0,2.0,0.0,3.0,0,0,0,0.0,0.0,1920
0.2,2.11,0.09,0.2,0.1,0.1,6.0,6.0,29.0,1.0,0.15,3.0,0.0,0.15,1.0,0.2,0.0,3.0,0.0,3.0,0,0,0,0.0,0.0,1819
0.19,2.22,0.06,1.0,1.4,1.4,166.0,166.0,529.0,12.0,0.17,50.0,11.0,0.17,17.0,3.9,0.49,29.0,4.0,29.0,2,2,6,0.26,0.26,2021
0.12,2.76,0.15,3.3,4.0,4.0,178.0,178.0,685.0,33.0,0.23,72.0,8.0,0.23,36.0,6.1,0.31,25.0,6.0,51.0,5,5,6,0.23,0.23,2122
0.05,2.38,0.1,1.4,1.6,1.6,101.0,101.0,456.0,15.0,0.2,39.0,8.0,0.2,14.0,3.2,0.49,18.0,5.0,26.0,2,2,6,0.37,0.37,2223
0.09,2.36,0.07,1.7,1.4,1.4,132.0,132.0,501.0,17.0,0.18,49.0,6.0,0.18,29.0,3.7,0.29,14.0,3.0,30.0,1,1,3,0.14,0.14,2324
0.09,2.48,0.18,2.4,3.4,3.4,150.0,150.0,329.0,19.0,0.44,48.0,10.0,0.44,10.0,8.6,0.52,19.0,5.0,27.0,5,5,8,0.41,0.41,1819
0.0,1.69,0.06,0.5,0.7,0.7,58.0,58.0,134.0,5.0,0.25,18.0,1.0,0.25,5.0,2.6,0.09,9.0,1.0,8.0,1,1,2,0.19,0.19,1920
0.11,1.56,0.04,0.2,0.2,0.2,44.0,44.0,80.0,4.0,0.3,8.0,0.0,0.3,2.0,1.6,0.0,5.0,0.0,6.0,0,0,0,0.0,0.0,1920
0.0,2.21,0.05,0.6,0.4,0.4,46.0,46.0,151.0,8.0,0.37,20.0,1.0,0.46,5.0,3.3,0.11,3.0,0.0,14.0,1,1,4,0.44,0.33,2021
0.32,1.44,0.05,0.9,0.6,0.6,50.0,50.0,158.0,7.0,0.36,16.0,2.0,0.43,5.0,4.0,0.18,1.0,2.0,14.0,0,0,4,0.36,0.27,2122
0.0,2.55,0.28,0.6,0.9,0.9,22.0,22.0,47.0,4.0,0.41,8.0,3.0,0.66,0.0,1.3,0.96,2.0,1.0,4.0,1,1,2,0.64,0.32,2223
0.0,2.28,0.09,1.1,0.9,0.9,40.0,40.0,126.0,9.0,0.44,22.0,1.0,0.44,4.0,4.3,0.1,0.0,0.0,15.0,0,0,5,0.52,0.52,2223
0.0,0.65,0.02,0.2,0.4,0.4,2.0,2.0,35.0,4.0,0.08,14.0,2.0,0.08,0.0,1.8,0.09,0.0,0.0,12.0,1,1,2,0.09,0.09,1819
0.0,0.19,0.0,0.1,0.0,0.0,9.0,9.0,46.0,1.0,0.03,5.0,0.0,0.03,0.0,0.7,0.0,1.0,0.0,4.0,0,0,0,0.0,0.0,1920
0.0,1.1,0.02,1.0,0.3,0.3,8.0,8.0,99.0,5.0,0.13,20.0,1.0,0.13,6.0,2.4,0.06,0.0,1.0,19.0,0,0,2,0.11,0.11,2122
0.0,0.53,0.04,0.2,0.4,0.4,4.0,4.0,46.0,2.0,0.11,5.0,0.0,0.11,1.0,1.0,0.0,0.0,0.0,5.0,0,0,0,0.0,0.0,2223
0.0,2.13,0.08,2.1,2.5,2.5,43.0,43.0,411.0,29.0,0.13,67.0,4.0,0.13,24.0,4.2,0.13,7.0,4.0,61.0,2,2,3,0.1,0.1,1920
0.0,3.13,0.06,0.7,0.7,0.7,91.0,91.0,216.0,12.0,0.25,38.0,2.0,0.25,8.0,3.0,0.16,11.0,1.0,24.0,0,0,0,0.0,0.0,1920
0.04,0.7,0.01,0.2,0.1,0.1,0.0,0.0,41.0,3.0,0.07,10.0,1.0,0.07,4.0,1.0,0.07,0.0,1.0,8.0,0,0,0,0.0,0.0,1819
0.0,1.26,0.04,1.6,1.1,1.1,6.0,6.0,74.0,9.0,0.12,33.0,4.0,0.12,9.0,3.0,0.15,0.0,3.0,29.0,1,1,1,0.04,0.04,1920
0.24,1.04,0.02,1.3,0.6,0.6,11.0,11.0,80.0,8.0,0.07,27.0,2.0,0.07,6.0,1.9,0.08,1.0,1.0,25.0,0,0,1,0.04,0.04,2021
0.04,1.06,0.08,2.4,2.0,2.0,9.0,9.0,127.0,11.0,0.1,26.0,7.0,0.1,16.0,2.5,0.28,1.0,7.0,23.0,6,6,7,0.28,0.28,2122
0.0,0.88,0.01,1.0,0.3,0.3,7.0,7.0,92.0,6.0,0.04,23.0,3.0,0.04,6.0,1.0,0.11,2.0,3.0,22.0,1,1,1,0.04,0.04,2223
0.0,1.38,0.02,0.9,0.5,0.5,10.0,10.0,106.0,6.0,0.11,27.0,3.0,0.11,2.0,2.1,0.15,0.0,3.0,26.0,0,0,1,0.05,0.05,2324
0.0,1.97,0.07,2.0,2.0,2.0,104.0,104.0,418.0,28.0,0.11,54.0,8.0,0.11,27.0,3.1,0.29,4.0,5.0,40.0,2,2,3,0.11,0.11,1819
0.0,1.73,0.03,0.5,0.3,0.3,40.0,40.0,104.0,7.0,0.1,18.0,0.0,0.1,8.0,1.1,0.0,3.0,0.0,16.0,0,0,1,0.1,0.1,1920
0.07,1.41,0.01,0.1,0.1,0.1,15.0,15.0,41.0,1.0,0.08,8.0,4.0,0.08,1.0,0.5,0.71,0.0,1.0,4.0,0,0,2,0.35,0.35,2324
0.03,2.21,0.05,1.5,1.7,1.7,44.0,44.0,400.0,24.0,0.08,78.0,9.0,0.08,26.0,2.8,0.25,16.0,9.0,67.0,4,4,5,0.14,0.14,2122
0.22,2.75,0.09,1.9,3.2,3.2,37.0,37.0,433.0,37.0,0.13,100.0,6.0,0.15,13.0,4.8,0.16,6.0,6.0,86.0,1,1,5,0.14,0.14,2223
0.22,2.79,0.15,4.8,5.3,5.3,64.0,64.0,696.0,47.0,0.24,100.0,12.0,0.24,39.0,8.6,0.33,16.0,6.0,71.0,8,8,15,0.42,0.42,2324
0.0,0.58,0.04,0.9,0.8,0.8,3.0,3.0,24.0,5.0,0.08,10.0,2.0,0.08,4.0,1.4,0.12,1.0,2.0,9.0,0,0,1,0.06,0.06,2021
0.0,1.73,0.12,2.6,2.8,2.8,131.0,131.0,364.0,20.0,0.17,42.0,6.0,0.17,21.0,4.1,0.25,10.0,3.0,26.0,3,3,7,0.29,0.29,2223
0.2,1.92,0.1,1.1,1.3,1.3,74.0,74.0,223.0,13.0,0.24,24.0,0.0,0.24,11.0,2.9,0.0,4.0,0.0,18.0,0,0,4,0.32,0.32,2324
0.14,4.52,0.27,5.0,8.6,8.6,237.0,237.0,729.0,77.0,0.45,147.0,16.0,0.47,46.0,14.5,0.49,58.0,10.0,116.0,8,8,18,0.55,0.52,1920
0.57,4.54,0.29,4.1,6.2,6.2,202.0,202.0,550.0,52.0,0.43,97.0,7.0,0.43,30.0,9.1,0.33,39.0,5.0,74.0,3,3,7,0.33,0.33,2021
0.3,2.92,0.14,1.4,1.2,1.2,89.0,89.0,184.0,10.0,0.34,25.0,5.0,0.34,12.0,2.9,0.58,7.0,3.0,17.0,3,3,4,0.47,0.47,2122
0.1,4.22,0.2,4.8,4.6,4.6,195.0,195.0,528.0,47.0,0.31,97.0,11.0,0.31,38.0,7.2,0.48,48.0,9.0,71.0,7,7,9,0.39,0.39,2223
0.15,4.14,0.25,6.7,7.7,7.7,388.0,388.0,984.0,66.0,0.4,127.0,8.0,0.4,73.0,12.4,0.26,82.0,6.0,104.0,3,3,11,0.36,0.36,2324
0.09,2.95,0.11,1.9,2.1,2.1,95.0,95.0,334.0,27.0,0.24,56.0,6.0,0.29,22.0,4.7,0.32,10.0,6.0,47.0,1,1,6,0.32,0.26,2223
0.12,0.55,0.01,0.4,0.1,0.1,2.0,2.0,16.0,1.0,0.07,6.0,2.0,0.07,2.0,0.8,0.18,0.0,1.0,5.0,0,0,1,0.09,0.09,1819
0.0,0.58,0.04,0.4,0.3,0.3,3.0,3.0,25.0,1.0,0.08,5.0,2.0,0.08,4.0,0.7,0.23,0.0,2.0,5.0,1,1,1,0.12,0.12,1920
0.19,3.16,0.15,2.2,3.1,3.1,153.0,153.0,514.0,27.0,0.39,64.0,5.0,0.39,29.0,7.9,0.25,14.0,3.0,45.0,3,3,8,0.39,0.39,1819
0.15,2.82,0.17,2.9,3.5,3.5,152.0,152.0,427.0,23.0,0.53,58.0,11.0,0.56,22.0,10.8,0.54,14.0,5.0,42.0,4,4,12,0.58,0.54,1920
0.0,3.19,0.18,0.9,1.2,1.2,30.0,30.0,146.0,9.0,0.47,22.0,0.0,0.47,7.0,3.3,0.0,5.0,0.0,19.0,1,1,1,0.15,0.15,2021
0.0,0.96,0.04,0.4,0.3,0.3,22.0,22.0,82.0,2.0,0.15,7.0,1.0,0.26,4.0,1.1,0.14,0.0,0.0,4.0,0,0,1,0.14,0.0,2122
0.43,2.49,0.06,1.8,1.3,1.3,180.0,180.0,463.0,17.0,0.26,55.0,6.0,0.26,18.0,5.8,0.27,37.0,4.0,35.0,1,1,5,0.23,0.23,1819
0.0,4.93,0.3,2.1,2.1,2.1,78.0,78.0,236.0,16.0,0.59,34.0,6.0,0.7,13.0,4.0,0.87,17.0,5.0,29.0,3,3,5,0.72,0.72,1920
0.15,3.48,0.18,0.6,0.9,0.9,44.0,44.0,136.0,9.0,0.46,17.0,2.0,0.46,6.0,2.3,0.41,14.0,2.0,10.0,2,2,3,0.61,0.61,2021
0.04,3.39,0.14,3.5,3.6,3.6,169.0,169.0,624.0,41.0,0.29,88.0,5.0,0.29,23.0,7.6,0.19,38.0,3.0,50.0,4,4,9,0.35,0.35,2122
0.0,2.42,0.1,0.3,0.6,0.6,42.0,42.0,117.0,6.0,0.2,14.0,1.0,0.2,5.0,1.2,0.17,12.0,1.0,12.0,0,0,0,0.0,0.0,2223
0.0,3.64,0.1,0.4,0.3,0.3,23.0,23.0,72.0,3.0,0.44,12.0,1.0,0.44,2.0,1.4,0.3,6.0,1.0,11.0,0,0,0,0.0,0.0,2324
0.13,2.78,0.09,1.5,2.1,2.1,201.0,201.0,454.0,18.0,0.44,63.0,7.0,0.55,12.0,10.0,0.31,37.0,3.0,29.0,3,3,13,0.57,0.44,1920
0.22,2.68,0.1,3.1,3.1,3.1,222.0,222.0,559.0,24.0,0.42,81.0,11.0,0.53,16.0,12.7,0.36,40.0,7.0,46.0,4,4,11,0.36,0.26,2021
0.19,3.48,0.4,5.6,7.6,7.6,178.0,178.0,423.0,37.0,0.6,66.0,5.0,0.6,34.0,11.4,0.26,16.0,2.0,52.0,2,2,4,0.21,0.21,1819
0.25,2.43,0.15,1.3,1.5,1.5,85.0,85.0,206.0,6.0,0.48,25.0,3.0,0.48,12.0,4.9,0.29,5.0,3.0,17.0,2,2,3,0.29,0.29,1920
0.16,2.13,0.19,2.1,2.4,2.4,95.0,95.0,217.0,16.0,0.28,26.0,6.0,0.28,13.0,3.4,0.49,12.0,6.0,22.0,3,3,3,0.25,0.25,2021
0.0,2.52,0.07,0.4,0.4,0.4,27.0,27.0,76.0,6.0,0.14,13.0,0.0,0.14,3.0,0.7,0.0,2.0,0.0,12.0,0,0,0,0.0,0.0,2324
0.0,3.18,0.41,1.8,2.7,2.7,67.0,67.0,231.0,14.0,0.7,21.0,4.0,0.7,11.0,4.6,0.61,13.0,3.0,12.0,2,2,4,0.61,0.61,1718
0.28,3.54,0.27,4.5,5.0,5.0,115.0,115.0,446.0,42.0,0.34,64.0,8.0,0.38,37.0,6.2,0.44,19.0,8.0,41.0,5,5,6,0.33,0.33,1920
0.19,2.81,0.19,5.4,5.9,5.9,87.0,87.0,592.0,46.0,0.22,89.0,15.0,0.22,31.0,7.0,0.47,4.0,10.0,56.0,9,9,9,0.28,0.28,2021
0.0,3.19,0.14,4.6,4.4,4.4,78.0,78.0,647.0,46.0,0.21,100.0,12.0,0.21,36.0,6.6,0.38,7.0,8.0,67.0,6,6,10,0.32,0.32,2122
0.0,3.24,0.11,1.5,1.1,1.1,34.0,34.0,167.0,16.0,0.15,34.0,1.0,0.15,14.0,1.6,0.1,2.0,1.0,22.0,0,0,0,0.0,0.0,2223
0.09,1.79,0.03,0.7,0.7,0.7,82.0,82.0,255.0,16.0,0.21,39.0,7.0,0.21,11.0,4.5,0.32,10.0,5.0,34.0,0,0,4,0.18,0.18,1819
0.06,1.62,0.08,1.2,1.6,1.6,19.0,19.0,133.0,11.0,0.18,35.0,4.0,0.18,9.0,3.9,0.18,4.0,4.0,30.0,2,2,4,0.18,0.18,1920
0.06,1.33,0.07,0.7,1.1,1.1,27.0,27.0,100.0,9.0,0.16,21.0,2.0,0.16,6.0,2.5,0.13,3.0,2.0,16.0,1,1,2,0.13,0.13,2021
0.15,1.81,0.05,0.5,0.8,0.8,20.0,20.0,120.0,10.0,0.11,28.0,4.0,0.11,7.0,1.7,0.26,5.0,2.0,22.0,1,1,3,0.19,0.19,2122
0.0,1.36,0.02,0.3,0.1,0.1,17.0,17.0,68.0,3.0,0.24,9.0,1.0,0.24,3.0,1.6,0.15,0.0,1.0,5.0,1,1,2,0.3,0.3,2122
0.17,1.52,0.05,1.1,1.1,1.1,23.0,23.0,205.0,11.0,0.11,36.0,3.0,0.11,10.0,2.5,0.13,4.0,2.0,26.0,0,0,4,0.17,0.17,2324
0.16,4.44,0.28,6.1,6.5,6.5,182.0,182.0,537.0,39.0,0.9,103.0,17.0,0.93,44.0,20.8,0.73,20.0,15.0,79.0,10,10,28,1.21,1.21,2324
0.04,1.25,0.02,0.3,0.2,0.2,51.0,51.0,113.0,4.0,0.06,11.0,1.0,0.06,7.0,0.6,0.11,0.0,1.0,8.0,0,0,0,0.0,0.0,2223
0.24,4.76,0.31,0.5,0.9,0.9,4.0,4.0,44.0,7.0,0.36,13.0,2.0,0.36,4.0,1.0,0.73,1.0,0.0,6.0,1,1,1,0.37,0.37,1819
0.14,3.33,0.15,2.5,2.2,2.2,22.0,22.0,204.0,23.0,0.21,51.0,3.0,0.21,19.0,3.2,0.2,1.0,1.0,32.0,2,2,4,0.26,0.26,2122
0.0,3.03,0.07,0.1,0.1,0.1,13.0,13.0,29.0,2.0,0.24,6.0,1.0,0.24,2.0,0.5,0.51,3.0,0.0,4.0,0,0,0,0.0,0.0,1920
0.16,2.93,0.16,4.4,5.0,5.0,189.0,189.0,692.0,37.0,0.23,94.0,6.0,0.23,40.0,7.4,0.19,9.0,6.0,74.0,3,3,5,0.16,0.16,1819
0.12,2.01,0.14,0.7,1.1,1.1,55.0,55.0,174.0,7.0,0.19,16.0,3.0,0.19,7.0,1.5,0.38,4.0,2.0,14.0,1,1,2,0.25,0.25,2021
0.0,2.92,0.26,3.5,4.4,4.4,101.0,101.0,361.0,25.0,0.39,50.0,4.0,0.39,24.0,6.7,0.23,12.0,3.0,42.0,2,2,4,0.23,0.23,2122
0.22,2.88,0.2,3.9,4.9,4.9,172.0,172.0,467.0,32.0,0.35,71.0,11.0,0.35,32.0,8.5,0.45,23.0,6.0,48.0,4,4,5,0.2,0.2,2223
0.09,2.59,0.27,3.2,4.9,4.9,147.0,147.0,367.0,27.0,0.39,47.0,8.0,0.39,29.0,7.1,0.44,11.0,5.0,37.0,4,4,8,0.44,0.44,2324
0.13,2.72,0.08,1.3,2.3,2.3,113.0,113.0,377.0,28.0,0.24,75.0,8.0,0.24,21.0,6.7,0.29,20.0,5.0,54.0,3,3,8,0.29,0.29,2122
0.11,2.93,0.14,2.2,4.2,4.2,155.0,155.0,545.0,34.0,0.24,88.0,8.0,0.24,30.0,7.1,0.27,31.0,7.0,61.0,4,4,7,0.23,0.23,2223
0.07,1.1,0.06,0.6,0.9,0.9,23.0,23.0,118.0,8.0,0.08,16.0,3.0,0.08,6.0,1.1,0.21,1.0,3.0,16.0,1,1,1,0.07,0.07,1920
0.0,1.58,0.06,1.1,1.0,1.0,23.0,23.0,156.0,9.0,0.12,29.0,3.0,0.12,5.0,2.2,0.16,2.0,2.0,23.0,0,0,2,0.11,0.11,2122
0.0,1.5,0.02,0.2,0.2,0.2,43.0,43.0,128.0,5.0,0.5,13.0,0.0,0.5,4.0,4.4,0.0,0.0,0.0,12.0,0,0,2,0.23,0.23,1718
0.0,0.75,0.02,0.8,0.5,0.5,8.0,8.0,75.0,8.0,0.08,19.0,1.0,0.08,2.0,2.1,0.04,1.0,0.0,13.0,0,0,1,0.04,0.04,1718
0.0,0.52,0.02,0.3,0.6,0.6,2.0,2.0,45.0,8.0,0.06,16.0,1.0,0.06,2.0,1.9,0.03,1.0,0.0,12.0,0,0,1,0.03,0.03,2021
0.0,0.45,0.0,0.4,0.1,0.1,1.0,1.0,43.0,3.0,0.1,9.0,2.0,0.1,4.0,2.0,0.1,1.0,2.0,9.0,0,0,0,0.0,0.0,2324
0.0,0.44,0.01,0.1,0.2,0.2,0.0,0.0,26.0,4.0,0.08,8.0,0.0,0.08,0.0,1.4,0.0,0.0,0.0,8.0,0,0,2,0.11,0.11,2324
0.16,2.68,0.21,1.3,2.4,2.4,122.0,122.0,252.0,13.0,0.52,31.0,6.0,0.52,9.0,6.0,0.52,16.0,4.0,23.0,3,3,6,0.52,0.52,1718
0.27,1.29,0.07,0.7,0.9,0.9,93.0,93.0,215.0,8.0,0.21,16.0,3.0,0.21,5.0,2.6,0.24,12.0,3.0,13.0,2,2,4,0.32,0.32,1819
0.0,2.07,0.19,2.1,2.8,2.8,86.0,86.0,237.0,15.0,0.47,31.0,7.0,0.63,14.0,7.1,0.47,6.0,5.0,22.0,4,4,9,0.6,0.47,1920
0.0,3.88,0.21,0.4,0.5,0.5,21.0,21.0,49.0,4.0,0.48,9.0,3.0,0.82,6.0,1.1,1.29,2.0,2.0,6.0,0,0,2,0.87,0.43,2021
0.0,2.85,0.12,2.6,2.7,2.7,38.0,38.0,339.0,26.0,0.14,65.0,4.0,0.14,25.0,3.1,0.18,2.0,3.0,54.0,2,2,2,0.09,0.09,1819
0.0,2.75,0.07,1.2,1.0,1.0,16.0,16.0,201.0,11.0,0.13,37.0,2.0,0.13,16.0,1.7,0.15,2.0,2.0,35.0,0,0,0,0.0,0.0,1920
0.17,2.29,0.04,0.5,0.4,0.4,8.0,8.0,162.0,9.0,0.08,23.0,1.0,0.08,9.0,0.8,0.1,1.0,1.0,20.0,0,0,1,0.1,0.1,1920
0.0,1.92,0.11,0.8,1.9,1.9,26.0,26.0,247.0,20.0,0.17,34.0,2.0,0.17,15.0,3.1,0.11,2.0,2.0,31.0,3,3,5,0.28,0.28,2021
0.0,3.0,0.05,0.5,0.4,0.4,2.0,2.0,106.0,5.0,0.14,23.0,1.0,0.14,7.0,1.1,0.13,1.0,1.0,19.0,0,0,1,0.13,0.13,2122
0.0,1.91,0.07,0.1,0.5,0.5,55.0,55.0,109.0,5.0,0.24,15.0,2.0,0.24,2.0,1.9,0.25,6.0,2.0,9.0,1,1,1,0.13,0.13,1819
0.3,2.31,0.04,0.7,0.3,0.3,67.0,67.0,185.0,5.0,0.37,18.0,0.0,0.37,8.0,2.9,0.0,7.0,0.0,12.0,0,0,3,0.39,0.39,1819
0.12,3.93,0.21,1.8,2.0,2.0,77.0,77.0,221.0,12.0,0.4,36.0,4.0,0.4,15.0,3.7,0.44,26.0,1.0,26.0,0,0,2,0.22,0.22,1920
0.0,3.5,0.21,3.2,3.6,3.6,132.0,132.0,376.0,32.0,0.4,59.0,4.0,0.4,19.0,6.7,0.24,26.0,2.0,46.0,2,2,6,0.36,0.36,2021
0.06,0.47,0.01,0.7,0.3,0.3,3.0,3.0,59.0,3.0,0.1,13.0,3.0,0.1,2.0,2.9,0.11,0.0,2.0,10.0,1,1,4,0.14,0.14,1819
0.0,1.38,0.05,1.0,1.0,1.0,8.0,8.0,101.0,10.0,0.1,25.0,3.0,0.1,13.0,1.9,0.17,1.0,3.0,20.0,1,1,2,0.11,0.11,1920
0.0,0.49,0.01,0.4,0.1,0.1,1.0,1.0,22.0,1.0,0.03,7.0,0.0,0.03,1.0,0.5,0.0,0.0,0.0,6.0,0,0,1,0.07,0.07,2021
0.0,0.2,0.0,0.1,0.0,0.0,1.0,1.0,18.0,2.0,0.01,4.0,0.0,0.01,0.0,0.3,0.0,0.0,0.0,4.0,0,0,0,0.0,0.0,2122
0.21,2.84,0.06,0.4,0.2,0.2,39.0,39.0,104.0,4.0,0.11,11.0,1.0,0.11,4.0,0.4,0.26,7.0,0.0,8.0,0,0,0,0.0,0.0,1920
0.0,3.34,0.06,1.2,0.5,0.5,81.0,81.0,234.0,13.0,0.14,32.0,7.0,0.14,12.0,1.3,0.73,18.0,3.0,23.0,2,2,2,0.21,0.21,2021
0.0,2.22,0.09,0.6,0.7,0.7,51.0,51.0,130.0,8.0,0.25,16.0,1.0,0.25,10.0,1.8,0.14,4.0,1.0,15.0,0,0,0,0.0,0.0,1819
0.15,3.14,0.04,0.3,0.1,0.1,15.0,15.0,30.0,1.0,0.06,6.0,1.0,0.06,4.0,0.1,0.52,1.0,1.0,5.0,0,0,0,0.0,0.0,1920
0.0,0.43,0.0,0.2,0.0,0.0,5.0,5.0,47.0,0.0,0.09,11.0,1.0,0.09,4.0,2.3,0.04,1.0,1.0,11.0,0,0,3,0.12,0.12,1718
0.04,0.46,0.0,0.4,0.1,0.1,7.0,7.0,37.0,2.0,0.03,9.0,0.0,0.03,3.0,0.6,0.0,1.0,0.0,9.0,0,0,0,0.0,0.0,1819
0.0,0.66,0.01,0.3,0.2,0.2,3.0,3.0,38.0,5.0,0.05,17.0,3.0,0.05,1.0,1.3,0.12,0.0,2.0,16.0,1,1,2,0.08,0.08,1920
0.04,0.63,0.01,0.1,0.1,0.1,3.0,3.0,16.0,1.0,0.07,4.0,0.0,0.07,0.0,0.5,0.0,0.0,0.0,4.0,0,0,0,0.0,0.0,2223
0.0,0.91,0.02,0.2,0.6,0.6,5.0,5.0,56.0,4.0,0.04,22.0,2.0,0.04,1.0,0.9,0.08,0.0,2.0,19.0,1,1,2,0.08,0.08,2324
0.2,4.23,0.22,1.0,1.1,1.1,46.0,46.0,104.0,10.0,0.94,21.0,2.0,0.94,11.0,4.7,0.4,5.0,2.0,16.0,1,1,4,0.81,0.81,2223
0.16,2.68,0.18,2.4,5.4,5.4,180.0,180.0,504.0,39.0,0.31,79.0,11.0,0.31,21.0,9.1,0.37,29.0,9.0,65.0,6,6,9,0.3,0.3,2324
0.31,4.72,0.32,1.5,2.4,2.4,56.0,56.0,212.0,18.0,0.48,35.0,1.0,0.8,11.0,3.6,0.13,10.0,0.0,24.0,0,0,5,0.67,0.27,1819
0.0,4.73,0.25,1.9,2.4,2.4,56.0,56.0,226.0,22.0,0.36,46.0,3.0,0.68,10.0,3.5,0.31,21.0,2.0,29.0,3,3,8,0.82,0.41,1920
0.0,1.7,0.05,1.7,0.9,0.9,70.0,70.0,367.0,15.0,0.06,31.0,2.0,0.06,29.0,1.1,0.11,2.0,2.0,24.0,0,0,0,0.0,0.0,2122
0.25,1.81,0.08,1.7,1.5,1.5,72.0,72.0,296.0,10.0,0.09,33.0,1.0,0.09,19.0,1.7,0.05,1.0,1.0,26.0,0,0,0,0.0,0.0,2223
0.1,2.17,0.14,3.4,3.8,3.8,79.0,79.0,467.0,39.0,0.15,61.0,6.0,0.15,40.0,4.1,0.21,1.0,6.0,46.0,7,7,7,0.25,0.25,2324
0.0,2.11,0.07,0.2,0.2,0.2,18.0,18.0,51.0,2.0,0.35,7.0,1.0,0.35,2.0,1.2,0.3,0.0,0.0,3.0,0,0,0,0.0,0.0,1819
0.29,4.42,0.26,4.6,6.3,6.3,204.0,204.0,577.0,49.0,0.39,107.0,10.0,0.39,36.0,9.4,0.41,25.0,4.0,54.0,6,6,9,0.37,0.37,2324
0.0,1.4,0.09,1.2,1.7,1.7,55.0,55.0,237.0,15.0,0.14,28.0,3.0,0.14,8.0,2.8,0.15,8.0,1.0,17.0,2,2,5,0.25,0.25,1819
0.14,1.53,0.04,0.7,0.4,0.4,20.0,20.0,127.0,6.0,0.06,19.0,1.0,0.06,6.0,0.8,0.08,2.0,1.0,14.0,0,0,1,0.08,0.08,1920
0.1,1.27,0.02,0.7,0.6,0.6,31.0,31.0,289.0,11.0,0.05,33.0,5.0,0.05,12.0,1.2,0.19,3.0,1.0,21.0,1,1,1,0.04,0.04,2122
0.04,1.32,0.06,0.8,1.2,1.2,64.0,64.0,290.0,14.0,0.09,27.0,2.0,0.09,14.0,1.8,0.1,6.0,2.0,21.0,0,0,0,0.0,0.0,2324
0.18,2.37,0.06,1.1,0.9,0.9,68.0,68.0,294.0,14.0,0.13,34.0,3.0,0.13,10.0,1.9,0.21,2.0,0.0,13.0,2,2,2,0.14,0.14,1819
0.2,4.35,0.21,3.3,3.4,3.4,45.0,45.0,317.0,33.0,0.3,72.0,9.0,0.3,21.0,5.0,0.54,0.0,6.0,44.0,3,3,5,0.3,0.3,1920
0.13,3.75,0.24,4.8,4.8,4.8,87.0,87.0,397.0,40.0,0.29,76.0,10.0,0.37,32.0,5.9,0.49,1.0,5.0,37.0,4,4,6,0.3,0.25,2021
0.0,3.08,0.13,4.6,3.0,3.0,166.0,166.0,579.0,37.0,0.19,70.0,10.0,0.19,43.0,4.4,0.44,1.0,7.0,40.0,3,3,5,0.22,0.22,2122
0.19,6.48,0.32,6.2,6.7,6.7,149.0,149.0,654.0,83.0,0.47,137.0,10.0,0.58,39.0,9.9,0.47,7.0,8.0,72.0,6,6,10,0.47,0.38,1819
0.35,4.32,0.3,7.1,8.0,8.0,248.0,248.0,730.0,66.0,0.49,116.0,17.0,0.52,41.0,13.1,0.63,27.0,9.0,69.0,10,10,17,0.63,0.63,2021
0.32,6.63,0.35,10.2,10.0,10.0,212.0,212.0,1047.0,99.0,0.52,191.0,20.0,0.71,66.0,15.1,0.69,24.0,12.0,116.0,10,10,22,0.76,0.52,2122
0.0,0.75,0.01,0.8,0.1,0.1,6.0,6.0,78.0,3.0,0.06,16.0,1.0,0.06,5.0,1.2,0.05,0.0,0.0,11.0,0,0,0,0.0,0.0,1920
0.0,1.73,0.08,1.0,0.9,0.9,47.0,47.0,177.0,9.0,0.11,21.0,2.0,0.11,14.0,1.3,0.17,7.0,2.0,16.0,1,1,2,0.17,0.17,2021
0.08,2.1,0.06,1.3,1.2,1.2,75.0,75.0,337.0,16.0,0.09,42.0,5.0,0.09,21.0,1.7,0.25,13.0,5.0,37.0,0,0,0,0.0,0.0,2122
0.09,2.17,0.08,1.5,1.9,1.9,85.0,85.0,390.0,29.0,0.18,52.0,2.0,0.18,28.0,4.4,0.08,12.0,2.0,48.0,2,2,3,0.13,0.13,2223
0.1,2.21,0.08,2.4,2.9,2.9,111.0,111.0,587.0,37.0,0.13,78.0,7.0,0.13,31.0,4.6,0.2,10.0,6.0,67.0,3,3,5,0.14,0.14,2324
0.0,4.02,0.11,1.9,2.7,2.7,200.0,200.0,592.0,29.0,0.56,102.0,7.0,0.56,20.0,14.2,0.28,51.0,5.0,56.0,1,1,8,0.32,0.32,1920
0.15,2.99,0.13,1.3,1.6,1.6,125.0,125.0,330.0,12.0,0.64,37.0,4.0,0.64,11.0,8.0,0.32,23.0,2.0,23.0,0,0,9,0.73,0.73,2021
0.32,3.73,0.22,3.5,5.8,5.8,191.0,191.0,596.0,40.0,0.84,98.0,13.0,0.84,26.0,22.0,0.49,34.0,7.0,63.0,4,4,19,0.72,0.72,2122
0.24,2.63,0.17,1.7,2.1,2.1,104.0,104.0,252.0,17.0,0.69,33.0,5.0,0.69,8.0,8.6,0.4,14.0,4.0,23.0,4,4,11,0.88,0.88,2223
0.23,3.77,0.26,1.7,3.3,3.3,111.0,111.0,311.0,22.0,0.68,48.0,14.0,0.68,12.0,8.6,1.1,23.0,7.0,36.0,3,3,13,1.02,1.02,2324
0.07,0.8,0.01,0.7,0.2,0.2,4.0,4.0,126.0,6.0,0.03,24.0,3.0,0.03,3.0,1.0,0.1,2.0,3.0,19.0,0,0,0,0.0,0.0,2324
0.07,1.21,0.02,0.3,0.3,0.3,31.0,31.0,144.0,9.0,0.07,22.0,2.0,0.07,0.0,1.3,0.11,1.0,2.0,17.0,0,0,0,0.0,0.0,2122
0.0,2.35,0.1,0.7,1.6,1.6,38.0,38.0,211.0,15.0,0.16,36.0,4.0,0.16,4.0,2.5,0.26,1.0,2.0,26.0,1,1,1,0.07,0.07,2223
0.13,2.67,0.04,0.7,0.2,0.2,28.0,28.0,87.0,3.0,0.57,11.0,1.0,0.57,4.0,2.3,0.24,6.0,1.0,7.0,1,1,4,0.97,0.97,1819
0.0,2.51,0.1,0.3,0.8,0.8,90.0,90.0,186.0,8.0,0.32,20.0,3.0,0.32,8.0,2.6,0.38,10.0,0.0,9.0,1,1,5,0.63,0.63,1920
0.0,1.45,0.07,0.2,0.2,0.2,18.0,18.0,52.0,2.0,0.62,3.0,0.0,0.62,0.0,1.3,0.0,2.0,0.0,3.0,0,0,0,0.0,0.0,2021
0.15,2.11,0.1,0.5,1.2,1.2,79.0,79.0,183.0,11.0,0.29,24.0,1.0,0.29,6.0,3.3,0.09,13.0,1.0,15.0,1,1,3,0.26,0.26,2223
0.0,1.73,0.02,0.2,0.1,0.1,18.0,18.0,98.0,2.0,0.08,11.0,0.0,0.08,5.0,0.5,0.0,5.0,0.0,7.0,0,0,0,0.0,0.0,2223
0.0,0.8,0.01,0.7,0.3,0.3,19.0,19.0,169.0,7.0,0.02,22.0,0.0,0.02,11.0,0.4,0.0,1.0,0.0,19.0,0,0,0,0.0,0.0,2324
0.09,2.8,0.18,3.0,4.3,4.3,170.0,170.0,518.0,32.0,0.22,67.0,8.0,0.22,35.0,5.2,0.33,7.0,8.0,55.0,7,7,9,0.38,0.38,1718
0.2,2.9,0.13,2.2,3.0,3.0,166.0,166.0,544.0,30.0,0.19,67.0,3.0,0.19,36.0,4.3,0.13,12.0,2.0,50.0,2,2,2,0.09,0.09,1819
0.0,2.5,0.11,2.9,2.4,2.4,37.0,37.0,361.0,25.0,0.12,55.0,3.0,0.12,24.0,2.6,0.14,0.0,1.0,34.0,2,2,2,0.09,0.09,2021
0.13,1.52,0.06,1.1,0.6,0.6,41.0,41.0,184.0,6.0,0.07,16.0,1.0,0.07,14.0,0.8,0.09,0.0,1.0,13.0,0,0,0,0.0,0.0,2122
0.08,2.73,0.14,2.1,2.7,2.7,61.0,61.0,284.0,25.0,0.23,53.0,5.0,0.23,18.0,4.4,0.26,5.0,3.0,42.0,3,3,4,0.21,0.21,1920
0.11,1.9,0.05,1.4,1.2,1.2,45.0,45.0,255.0,17.0,0.07,46.0,6.0,0.07,12.0,1.7,0.25,3.0,5.0,40.0,2,2,2,0.08,0.08,2021
0.0,2.12,0.06,2.1,1.7,1.7,32.0,32.0,268.0,19.0,0.09,57.0,7.0,0.09,19.0,2.3,0.26,3.0,6.0,45.0,3,3,5,0.19,0.19,2122
0.06,1.67,0.04,1.3,1.0,1.0,29.0,29.0,276.0,17.0,0.09,49.0,3.0,0.09,20.0,2.8,0.1,4.0,1.0,40.0,0,0,4,0.14,0.14,2223
0.27,2.65,0.1,2.2,2.2,2.2,207.0,207.0,395.0,20.0,0.47,58.0,5.0,0.68,18.0,10.2,0.23,27.0,3.0,38.0,3,3,13,0.59,0.41,1819
0.24,3.01,0.21,3.8,4.7,4.7,166.0,166.0,389.0,36.0,0.54,68.0,12.0,0.54,20.0,12.2,0.53,23.0,3.0,44.0,6,6,13,0.58,0.58,1920
0.0,2.28,0.13,1.7,2.8,2.8,124.0,124.0,325.0,22.0,0.39,47.0,7.0,0.47,10.0,8.1,0.34,28.0,7.0,38.0,5,5,10,0.49,0.39,2021
0.2,1.53,0.0,0.0,0.0,0.0,7.0,7.0,25.0,0.0,0.19,3.0,1.0,0.59,0.0,0.4,0.51,4.0,0.0,1.0,0,0,1,0.51,0.0,2122
0.11,3.47,0.25,2.1,2.4,2.4,80.0,80.0,166.0,11.0,0.52,34.0,7.0,0.52,10.0,5.1,0.72,13.0,5.0,21.0,2,2,3,0.31,0.31,2122
0.08,3.19,0.16,4.8,4.4,4.4,178.0,178.0,481.0,29.0,0.34,85.0,9.0,0.49,26.0,9.1,0.34,48.0,5.0,48.0,3,3,14,0.53,0.34,2223
0.06,3.84,0.05,1.1,0.7,0.7,116.0,116.0,298.0,13.0,0.5,48.0,6.0,0.5,10.0,6.2,0.48,24.0,5.0,32.0,1,1,6,0.48,0.48,2324
0.14,2.59,0.13,0.6,0.8,0.8,21.0,21.0,97.0,10.0,0.15,15.0,0.0,0.15,9.0,0.9,0.0,4.0,0.0,13.0,0,0,0,0.0,0.0,2324
0.0,1.71,0.07,0.9,0.9,0.9,93.0,93.0,283.0,11.0,0.08,24.0,5.0,0.08,10.0,1.1,0.36,5.0,5.0,22.0,2,2,3,0.21,0.21,2021
0.0,2.0,0.06,1.6,1.8,1.8,120.0,120.0,461.0,36.0,0.08,61.0,3.0,0.08,18.0,2.6,0.1,8.0,3.0,46.0,3,3,3,0.1,0.1,2324
0.36,4.51,0.14,3.8,4.5,4.5,310.0,310.0,923.0,59.0,0.4,144.0,13.0,0.42,57.0,12.6,0.41,31.0,8.0,96.0,4,4,12,0.38,0.34,1819
0.25,4.3,0.29,5.1,7.9,7.9,227.0,227.0,810.0,60.0,0.59,119.0,13.0,0.67,51.0,16.3,0.47,26.0,10.0,77.0,10,10,24,0.87,0.79,1920
0.45,5.49,0.23,5.2,6.2,6.2,272.0,272.0,879.0,58.0,0.54,151.0,18.0,0.77,84.0,14.9,0.65,36.0,11.0,100.0,7,7,24,0.87,0.62,2021
0.19,5.07,0.32,5.9,6.6,6.6,213.0,213.0,628.0,45.0,0.56,105.0,17.0,0.87,56.0,11.7,0.82,31.0,10.0,78.0,7,7,19,0.92,0.58,2223
0.0,1.62,0.05,1.6,1.2,1.2,54.0,54.0,314.0,22.0,0.07,37.0,1.0,0.42,27.0,1.6,0.04,3.0,1.0,29.0,0,0,8,0.35,0.0,1920
0.06,1.04,0.02,0.8,0.4,0.4,18.0,18.0,132.0,6.0,0.03,20.0,1.0,0.07,12.0,0.6,0.05,0.0,0.0,18.0,0,0,1,0.05,0.0,2021
0.18,2.71,0.11,0.9,1.2,1.2,33.0,33.0,203.0,13.0,0.17,29.0,1.0,0.17,10.0,1.8,0.09,6.0,1.0,18.0,1,1,3,0.28,0.28,2324
0.0,0.61,0.02,0.2,0.5,0.5,3.0,3.0,36.0,6.0,0.07,16.0,0.0,0.07,4.0,1.9,0.0,0.0,0.0,14.0,0,0,1,0.04,0.04,2021
0.07,0.53,0.03,0.1,0.5,0.5,3.0,3.0,24.0,3.0,0.08,10.0,0.0,0.08,1.0,1.4,0.0,0.0,0.0,8.0,0,0,1,0.05,0.05,2122
0.0,0.51,0.03,0.1,0.8,0.8,0.0,0.0,35.0,4.0,0.07,15.0,3.0,0.07,1.0,2.1,0.1,0.0,2.0,13.0,2,2,2,0.07,0.07,2223
0.0,2.9,0.05,0.3,0.2,0.2,14.0,14.0,61.0,5.0,0.13,11.0,0.0,0.13,4.0,0.5,0.0,4.0,0.0,7.0,0,0,2,0.53,0.53,2021
0.03,1.77,0.07,1.1,1.4,1.4,136.0,136.0,350.0,12.0,0.35,35.0,5.0,0.35,7.0,6.9,0.25,11.0,2.0,22.0,2,2,8,0.4,0.4,1819
0.0,1.92,0.05,0.8,1.5,1.5,156.0,156.0,466.0,15.0,0.57,56.0,2.0,0.57,14.0,16.8,0.07,16.0,2.0,33.0,1,1,14,0.48,0.48,1920
0.14,1.72,0.06,2.1,2.0,2.0,160.0,160.0,508.0,18.0,0.57,55.0,7.0,0.57,12.0,18.3,0.22,16.0,1.0,34.0,0,0,16,0.5,0.5,2021
0.08,2.1,0.11,1.2,1.6,1.6,50.0,50.0,213.0,10.0,0.4,30.0,4.0,0.57,4.0,5.7,0.28,2.0,3.0,22.0,2,2,7,0.49,0.35,2122
0.08,1.85,0.06,0.8,0.8,0.8,56.0,56.0,200.0,9.0,0.45,24.0,4.0,0.51,4.0,5.9,0.31,10.0,2.0,16.0,1,1,3,0.23,0.15,2223
0.06,2.24,0.13,1.6,3.1,3.1,122.0,122.0,399.0,19.0,0.6,54.0,6.0,0.66,12.0,14.5,0.25,22.0,3.0,37.0,2,2,9,0.37,0.29,2324
0.05,5.19,0.1,0.2,0.4,0.4,24.0,24.0,72.0,8.0,0.35,20.0,2.0,0.35,2.0,1.3,0.52,4.0,1.0,12.0,1,1,1,0.26,0.26,1819
0.22,2.34,0.07,0.9,1.2,1.2,109.0,109.0,308.0,15.0,0.32,43.0,5.0,0.32,7.0,5.8,0.27,15.0,2.0,31.0,1,1,4,0.22,0.22,1920
0.08,1.92,0.12,2.4,3.9,3.9,167.0,167.0,454.0,21.0,0.41,61.0,13.0,0.41,17.0,13.0,0.41,36.0,10.0,36.0,7,7,13,0.41,0.41,2223
0.12,2.14,0.08,2.0,3.0,3.0,184.0,184.0,547.0,39.0,0.55,79.0,6.0,0.61,24.0,20.3,0.16,27.0,4.0,61.0,3,3,22,0.6,0.54,2324
0.2,2.48,0.2,2.7,2.7,2.7,98.0,98.0,260.0,16.0,0.35,34.0,1.0,0.35,18.0,4.8,0.07,8.0,0.0,31.0,1,1,3,0.22,0.22,2021
0.19,2.31,0.16,0.5,1.7,1.7,17.0,17.0,118.0,9.0,0.29,25.0,3.0,0.29,8.0,3.1,0.28,4.0,1.0,18.0,2,2,2,0.18,0.18,1819
0.0,3.11,0.11,1.3,1.7,1.7,47.0,47.0,227.0,19.0,0.21,50.0,7.0,0.21,13.0,3.4,0.44,6.0,5.0,37.0,3,3,3,0.19,0.19,1920
0.17,1.85,0.05,1.7,0.7,0.7,25.0,25.0,146.0,7.0,0.12,26.0,2.0,0.12,5.0,1.6,0.14,4.0,1.0,19.0,1,1,2,0.14,0.14,2021
0.0,2.57,0.07,1.2,1.2,1.2,30.0,30.0,164.0,10.0,0.14,46.0,10.0,0.14,14.0,2.6,0.56,1.0,8.0,36.0,3,3,3,0.17,0.17,2122
0.0,2.12,0.04,1.5,1.0,1.0,39.0,39.0,250.0,16.0,0.13,54.0,4.0,0.13,16.0,3.3,0.16,3.0,2.0,42.0,0,0,3,0.12,0.12,2223
0.0,1.15,0.05,1.2,1.2,1.2,26.0,26.0,156.0,15.0,0.12,28.0,0.0,0.12,15.0,2.8,0.0,2.0,0.0,22.0,0,0,1,0.04,0.04,2324
0.29,4.61,0.32,6.0,5.4,5.4,130.0,130.0,520.0,39.0,0.55,79.0,13.0,0.6,39.0,9.4,0.76,16.0,7.0,47.0,8,8,14,0.82,0.82,2122
0.09,5.52,0.3,8.6,8.1,8.1,157.0,157.0,750.0,70.0,0.47,150.0,17.0,0.5,46.0,12.9,0.63,12.0,11.0,94.0,8,8,14,0.52,0.48,2223
0.0,0.89,0.01,0.8,0.2,0.2,6.0,6.0,59.0,4.0,0.02,24.0,2.0,0.02,7.0,0.5,0.07,2.0,2.0,23.0,1,1,1,0.04,0.04,1920
0.0,0.72,0.02,0.3,0.3,0.3,4.0,4.0,25.0,3.0,0.03,11.0,0.0,0.03,3.0,0.5,0.0,1.0,0.0,10.0,0,0,0,0.0,0.0,2021
0.0,0.91,0.02,0.7,0.2,0.2,2.0,2.0,24.0,3.0,0.06,8.0,1.0,0.06,8.0,0.5,0.11,0.0,1.0,7.0,0,0,0,0.0,0.0,2223
0.0,1.49,0.01,0.2,0.1,0.1,10.0,10.0,74.0,2.0,0.21,8.0,0.0,0.21,3.0,1.1,0.0,0.0,0.0,7.0,0,0,1,0.19,0.19,2122
0.32,3.37,0.22,2.1,4.1,4.1,144.0,144.0,411.0,21.0,0.46,63.0,12.0,0.46,18.0,8.6,0.64,33.0,6.0,39.0,3,3,8,0.43,0.43,2122
0.05,4.22,0.23,5.2,4.4,4.4,182.0,182.0,498.0,29.0,0.71,80.0,14.0,0.71,26.0,13.5,0.74,38.0,9.0,50.0,6,6,15,0.79,0.79,2223
0.0,3.74,0.15,3.4,3.0,3.0,163.0,163.0,475.0,22.0,0.63,74.0,14.0,0.63,36.0,12.5,0.71,45.0,6.0,49.0,1,1,14,0.71,0.71,2324
0.45,5.64,0.34,1.8,2.4,2.4,83.0,83.0,240.0,21.0,0.45,39.0,2.0,0.45,17.0,3.1,0.29,13.0,1.0,29.0,0,0,1,0.14,0.14,1819
0.28,5.84,0.43,2.6,3.8,3.8,112.0,112.0,299.0,30.0,0.51,52.0,5.0,0.51,13.0,4.5,0.56,17.0,5.0,38.0,4,4,5,0.56,0.56,1920
0.0,2.62,0.2,0.8,0.7,0.7,17.0,17.0,60.0,3.0,0.39,9.0,1.0,0.39,0.0,1.3,0.29,2.0,0.0,5.0,0,0,0,0.0,0.0,1718
0.1,1.68,0.05,1.4,1.6,1.6,32.0,32.0,293.0,19.0,0.09,52.0,7.0,0.09,13.0,2.8,0.23,3.0,6.0,47.0,2,2,2,0.06,0.06,2021
0.18,2.95,0.08,2.2,2.5,2.5,44.0,44.0,319.0,37.0,0.15,89.0,9.0,0.15,19.0,4.4,0.3,1.0,6.0,60.0,3,3,5,0.17,0.17,2122
0.15,2.95,0.14,2.9,4.4,4.4,35.0,35.0,442.0,45.0,0.22,96.0,12.0,0.22,19.0,7.2,0.37,4.0,9.0,61.0,6,6,12,0.37,0.37,2223
0.37,4.88,0.32,5.0,8.0,8.0,261.0,261.0,706.0,68.0,0.71,122.0,15.0,0.75,37.0,17.9,0.6,35.0,9.0,87.0,11,11,27,1.08,1.04,1819
0.49,5.54,0.31,5.4,5.7,5.7,174.0,174.0,538.0,53.0,0.62,104.0,15.0,0.62,33.0,11.7,0.8,26.0,10.0,74.0,7,7,16,0.85,0.85,1920
0.07,3.83,0.26,2.9,4.2,4.2,93.0,93.0,360.0,36.0,0.57,62.0,10.0,0.57,18.0,9.2,0.62,12.0,8.0,50.0,8,8,17,1.05,1.05,2021
0.0,0.32,0.03,1.2,1.0,1.0,3.0,3.0,42.0,7.0,0.07,10.0,1.0,0.07,4.0,2.2,0.03,1.0,1.0,10.0,1,1,3,0.1,0.1,2021
0.0,0.48,0.03,0.8,0.6,0.6,2.0,2.0,58.0,3.0,0.11,11.0,2.0,0.11,6.0,2.4,0.09,0.0,1.0,9.0,0,0,2,0.09,0.09,2122
0.0,0.54,0.05,1.1,1.0,1.0,1.0,1.0,31.0,7.0,0.07,12.0,0.0,0.07,2.0,1.5,0.0,0.0,0.0,10.0,0,0,0,0.0,0.0,2324
0.27,4.04,0.3,5.5,9.5,9.5,374.0,374.0,758.0,64.0,0.83,130.0,17.0,0.88,34.0,26.8,0.53,58.0,10.0,89.0,7,7,30,0.93,0.9,1819
0.34,3.6,0.25,3.6,5.7,5.7,247.0,247.0,557.0,38.0,0.91,81.0,13.0,0.94,18.0,20.5,0.58,29.0,11.0,64.0,6,6,24,1.07,1.02,1920
0.21,3.97,0.2,5.4,5.4,5.4,329.0,329.0,798.0,42.0,0.75,105.0,15.0,0.78,23.0,19.7,0.57,56.0,13.0,80.0,9,9,24,0.91,0.87,2021
0.13,4.49,0.23,3.6,4.4,4.4,213.0,213.0,539.0,39.0,0.81,86.0,8.0,0.94,22.0,15.6,0.42,38.0,6.0,57.0,4,4,14,0.73,0.57,2122
0.0,2.98,0.07,1.2,1.1,1.1,140.0,140.0,319.0,17.0,0.33,46.0,7.0,0.33,14.0,5.1,0.45,21.0,4.0,35.0,2,2,4,0.26,0.26,2223
0.0,2.34,0.09,1.5,3.0,3.0,242.0,242.0,642.0,27.0,0.43,75.0,6.0,0.43,13.0,13.9,0.19,27.0,4.0,53.0,4,4,16,0.5,0.5,2324
0.09,2.34,0.05,0.8,0.9,0.9,129.0,129.0,291.0,10.0,0.43,39.0,2.0,0.47,5.0,7.1,0.12,18.0,1.0,17.0,0,0,6,0.36,0.3,1920
0.1,1.6,0.07,1.0,2.2,2.2,213.0,213.0,522.0,18.0,0.49,52.0,7.0,0.64,9.0,16.0,0.22,13.0,3.0,32.0,3,3,24,0.74,0.55,2021
0.09,2.43,0.09,0.4,1.1,1.1,113.0,113.0,227.0,9.0,0.53,29.0,2.0,0.53,7.0,6.3,0.17,5.0,2.0,24.0,1,1,8,0.67,0.67,2122
0.16,2.1,0.11,0.8,2.4,2.4,117.0,117.0,292.0,21.0,0.46,45.0,7.0,0.57,12.0,9.8,0.33,12.0,3.0,27.0,2,2,12,0.56,0.47,2223
0.2,2.85,0.09,1.6,2.3,2.3,174.0,174.0,410.0,29.0,0.61,73.0,9.0,0.74,14.0,15.6,0.35,20.0,6.0,49.0,4,4,20,0.78,0.7,2324
0.18,1.37,0.09,0.3,0.8,0.8,43.0,43.0,95.0,6.0,0.54,13.0,2.0,0.54,1.0,5.1,0.21,1.0,2.0,6.0,2,2,6,0.64,0.64,1920
0.0,2.1,0.06,0.2,0.3,0.3,30.0,30.0,73.0,6.0,0.57,12.0,1.0,0.57,2.0,3.3,0.17,0.0,1.0,8.0,1,1,2,0.35,0.35,2021
0.03,2.73,0.18,5.8,6.2,6.2,102.0,102.0,619.0,48.0,0.21,93.0,10.0,0.21,39.0,7.2,0.29,16.0,5.0,49.0,5,5,7,0.21,0.21,2021
0.11,3.24,0.13,5.3,4.6,4.6,112.0,112.0,668.0,47.0,0.2,112.0,6.0,0.2,43.0,6.9,0.17,16.0,4.0,62.0,1,1,1,0.03,0.03,2122
0.19,3.89,0.22,5.4,6.1,6.1,128.0,128.0,614.0,49.0,0.35,108.0,12.0,0.35,27.0,9.6,0.43,16.0,4.0,53.0,3,3,10,0.36,0.36,2223
0.39,4.05,0.27,8.2,8.8,8.8,147.0,147.0,724.0,69.0,0.38,130.0,9.0,0.38,54.0,12.2,0.28,14.0,3.0,77.0,6,6,9,0.28,0.28,2324
0.0,0.53,0.04,1.0,1.2,1.2,3.0,3.0,55.0,4.0,0.11,15.0,4.0,0.11,4.0,3.0,0.14,0.0,3.0,14.0,2,2,3,0.11,0.11,2122
0.0,0.75,0.02,0.8,0.4,0.4,5.0,5.0,48.0,5.0,0.05,14.0,2.0,0.05,4.0,1.0,0.11,0.0,2.0,12.0,0,0,0,0.0,0.0,2223
0.31,4.87,0.21,3.7,3.7,3.7,172.0,172.0,512.0,31.0,0.34,88.0,12.0,0.34,45.0,6.1,0.66,29.0,6.0,56.0,4,4,8,0.44,0.44,2324
0.0,1.23,0.03,1.3,0.9,0.9,99.0,99.0,351.0,17.0,0.07,34.0,2.0,0.07,14.0,1.9,0.07,6.0,1.0,27.0,0,0,0,0.0,0.0,1920
0.14,3.57,0.13,0.8,0.9,0.9,38.0,38.0,143.0,11.0,0.2,24.0,2.0,0.2,7.0,1.3,0.3,3.0,1.0,12.0,1,1,2,0.3,0.3,2122
0.18,4.03,0.15,3.1,4.3,4.3,129.0,129.0,602.0,57.0,0.37,118.0,16.0,0.39,35.0,10.8,0.55,28.0,9.0,69.0,4,4,14,0.48,0.44,2223
0.28,4.82,0.23,5.6,5.2,5.2,139.0,139.0,658.0,54.0,0.59,110.0,11.0,0.62,45.0,13.5,0.48,43.0,8.0,54.0,4,4,15,0.66,0.61,2324
0.0,2.82,0.08,0.8,0.7,0.7,95.0,95.0,196.0,7.0,0.29,23.0,0.0,0.29,6.0,2.4,0.0,8.0,0.0,17.0,0,0,1,0.12,0.12,2021
0.21,1.71,0.08,0.1,0.6,0.6,38.0,38.0,88.0,5.0,0.53,12.0,1.0,0.53,3.0,3.7,0.14,5.0,0.0,6.0,0,0,2,0.28,0.28,1920
0.11,2.35,0.14,0.2,0.6,0.6,29.0,29.0,74.0,8.0,0.51,11.0,1.0,0.51,2.0,2.4,0.21,3.0,1.0,9.0,1,1,3,0.64,0.64,2021
0.08,2.81,0.22,0.8,2.0,2.0,66.0,66.0,188.0,13.0,0.69,26.0,2.0,0.69,4.0,6.4,0.22,11.0,1.0,17.0,1,1,6,0.65,0.65,2122
0.17,2.4,0.09,1.3,1.1,1.1,82.0,82.0,221.0,9.0,0.76,29.0,3.0,0.76,6.0,9.3,0.25,22.0,2.0,14.0,1,1,5,0.41,0.41,2223
0.09,2.33,0.07,0.7,0.8,0.8,77.0,77.0,207.0,9.0,0.45,28.0,8.0,0.45,5.0,5.4,0.67,11.0,3.0,17.0,2,2,7,0.58,0.58,2324
0.0,2.78,0.21,0.8,1.6,1.6,75.0,75.0,174.0,8.0,0.43,21.0,1.0,0.43,8.0,3.3,0.13,8.0,1.0,17.0,0,0,1,0.13,0.13,1920
0.0,1.43,0.04,0.5,0.3,0.3,53.0,53.0,178.0,5.0,0.51,12.0,2.0,0.51,10.0,4.2,0.24,4.0,1.0,9.0,0,0,2,0.24,0.24,2021
0.25,6.8,0.31,10.0,10.0,10.0,439.0,439.0,1568.0,97.0,0.53,221.0,33.0,0.63,90.0,17.4,1.02,108.0,17.0,143.0,15,15,31,0.95,0.83,1819
0.34,4.59,0.25,2.9,3.0,3.0,162.0,162.0,404.0,21.0,0.42,55.0,11.0,0.42,15.0,5.0,0.92,31.0,7.0,42.0,3,3,4,0.33,0.33,1920
0.13,3.05,0.14,0.9,0.8,0.8,71.0,71.0,204.0,6.0,0.34,18.0,3.0,0.34,6.0,2.0,0.51,3.0,2.0,13.0,2,2,5,0.85,0.85,2021
0.46,6.65,0.25,1.8,2.0,2.0,99.0,99.0,290.0,27.0,0.38,53.0,1.0,0.38,12.0,3.0,0.13,17.0,1.0,42.0,1,1,1,0.13,0.13,2122
0.0,2.74,0.06,1.5,1.3,1.3,51.0,51.0,223.0,25.0,0.11,60.0,4.0,0.12,11.0,2.5,0.18,7.0,2.0,56.0,0,0,2,0.09,0.09,1819
0.11,1.94,0.02,0.7,0.3,0.3,29.0,29.0,140.0,8.0,0.07,32.0,1.0,0.07,6.0,1.2,0.06,1.0,1.0,26.0,0,0,1,0.06,0.06,1920
0.0,2.14,0.14,1.2,1.3,1.3,19.0,19.0,98.0,12.0,0.2,20.0,1.0,0.2,6.0,1.8,0.11,0.0,0.0,14.0,1,1,1,0.11,0.11,2021
0.11,3.18,0.07,0.3,0.2,0.2,21.0,21.0,61.0,6.0,0.09,10.0,0.0,0.09,8.0,0.3,0.0,2.0,0.0,9.0,0,0,0,0.0,0.0,2122
0.14,1.33,0.05,2.0,1.3,1.3,23.0,23.0,166.0,15.0,0.07,36.0,5.0,0.07,14.0,1.9,0.18,3.0,1.0,18.0,3,3,3,0.11,0.11,2223
0.22,3.77,0.15,2.5,4.2,4.2,246.0,246.0,572.0,46.0,0.65,108.0,16.0,0.65,25.0,18.6,0.56,34.0,13.0,73.0,6,6,15,0.52,0.52,1819
0.15,3.66,0.18,3.4,5.7,5.7,254.0,254.0,599.0,54.0,0.78,116.0,21.0,0.78,30.0,24.7,0.66,31.0,12.0,79.0,7,7,23,0.73,0.73,1920
0.22,3.16,0.11,1.8,2.2,2.2,174.0,174.0,386.0,29.0,0.72,64.0,8.0,0.76,19.0,14.6,0.39,24.0,6.0,46.0,3,3,10,0.49,0.49,2021
0.16,3.35,0.14,2.8,3.9,3.9,207.0,207.0,524.0,38.0,0.68,92.0,17.0,0.68,34.0,18.7,0.62,23.0,14.0,76.0,6,6,19,0.69,0.69,2122
0.27,2.41,0.21,4.2,6.0,6.0,168.0,168.0,435.0,36.0,0.9,69.0,17.0,1.03,23.0,25.8,0.59,22.0,9.0,46.0,6,6,34,1.19,1.08,1718
0.15,1.89,0.19,2.6,3.6,3.6,122.0,122.0,301.0,13.0,0.76,35.0,10.0,0.97,11.0,14.1,0.54,11.0,4.0,22.0,5,5,23,1.24,1.02,1819
0.2,3.28,0.16,1.0,1.1,1.1,52.0,52.0,121.0,10.0,1.34,22.0,2.0,1.46,7.0,9.0,0.3,1.0,1.0,16.0,1,1,5,0.74,0.6,1920
0.12,1.29,0.14,0.9,1.2,1.2,32.0,32.0,114.0,7.0,0.55,11.0,2.0,0.55,2.0,4.7,0.23,2.0,1.0,8.0,1,1,3,0.35,0.35,2122
0.0,1.05,0.02,0.8,0.5,0.5,8.0,8.0,108.0,3.0,0.05,31.0,2.0,0.05,6.0,1.5,0.07,1.0,2.0,29.0,0,0,1,0.03,0.03,2021
0.0,0.5,0.0,0.3,0.0,0.0,5.0,5.0,36.0,1.0,0.02,10.0,0.0,0.02,1.0,0.4,0.0,0.0,0.0,10.0,0,0,1,0.05,0.05,2122
0.04,0.97,0.03,1.5,1.0,1.0,10.0,10.0,109.0,5.0,0.07,31.0,5.0,0.12,9.0,2.2,0.16,0.0,4.0,28.0,0,0,1,0.03,0.0,2223
0.0,1.64,0.04,1.4,1.0,1.0,12.0,12.0,177.0,9.0,0.08,38.0,6.0,0.08,8.0,2.0,0.26,1.0,6.0,36.0,1,1,1,0.04,0.04,2324
0.1,1.54,0.08,0.7,0.9,0.9,26.0,26.0,131.0,7.0,0.13,17.0,0.0,0.15,6.0,1.4,0.0,2.0,0.0,15.0,0,0,1,0.09,0.09,2223
0.21,2.02,0.04,1.2,0.7,0.7,47.0,47.0,265.0,16.0,0.14,40.0,2.0,0.14,19.0,2.7,0.1,2.0,2.0,34.0,2,2,2,0.1,0.1,2324
0.05,1.03,0.03,0.3,0.3,0.3,7.0,7.0,35.0,5.0,0.15,9.0,1.0,0.15,8.0,1.3,0.11,0.0,1.0,8.0,0,0,1,0.11,0.11,1920
0.24,6.64,0.39,5.3,4.6,4.6,194.0,194.0,534.0,30.0,0.7,78.0,11.0,0.7,33.0,8.2,0.94,35.0,6.0,42.0,4,4,7,0.6,0.6,2223
0.09,4.84,0.24,7.8,6.2,6.2,322.0,322.0,842.0,46.0,0.49,123.0,15.0,0.49,53.0,12.4,0.59,54.0,9.0,63.0,6,6,12,0.47,0.47,2324
0.11,2.02,0.03,0.9,0.9,0.9,58.0,58.0,296.0,20.0,0.07,52.0,3.0,0.14,13.0,1.9,0.12,7.0,2.0,40.0,1,1,5,0.19,0.16,1920
0.16,3.23,0.13,2.9,3.6,3.6,81.0,81.0,496.0,43.0,0.19,88.0,5.0,0.25,22.0,5.3,0.18,8.0,4.0,56.0,3,3,3,0.11,0.11,2021
0.17,3.49,0.18,2.2,2.4,2.4,59.0,59.0,242.0,22.0,0.25,45.0,9.0,0.25,20.0,3.3,0.7,2.0,8.0,30.0,2,2,4,0.31,0.31,2223
0.0,2.55,0.1,0.5,0.8,0.8,23.0,23.0,104.0,12.0,0.22,19.0,2.0,0.22,1.0,1.6,0.27,0.0,1.0,6.0,1,1,3,0.4,0.4,1920
0.09,2.23,0.07,0.2,0.3,0.3,6.0,6.0,23.0,1.0,0.09,9.0,1.0,0.09,1.0,0.4,0.25,0.0,0.0,5.0,0,0,0,0.0,0.0,1819
0.07,1.58,0.03,0.8,0.7,0.7,24.0,24.0,122.0,7.0,0.07,37.0,8.0,0.07,5.0,1.6,0.34,3.0,6.0,27.0,2,2,3,0.13,0.13,1920
0.07,2.06,0.07,1.4,1.8,1.8,73.0,73.0,405.0,21.0,0.14,55.0,5.0,0.14,12.0,3.6,0.19,13.0,2.0,40.0,2,2,3,0.11,0.11,2021
0.1,3.23,0.07,2.2,1.5,1.5,99.0,99.0,485.0,24.0,0.1,72.0,5.0,0.1,17.0,2.3,0.22,12.0,3.0,55.0,1,1,1,0.04,0.04,2223
0.16,2.87,0.07,1.8,1.4,1.4,31.0,31.0,344.0,20.0,0.11,58.0,6.0,0.11,14.0,2.3,0.3,5.0,5.0,45.0,2,2,2,0.1,0.1,2324
0.3,1.01,0.05,0.4,0.7,0.7,65.0,65.0,165.0,10.0,0.27,14.0,2.0,0.27,3.0,3.8,0.14,2.0,1.0,10.0,1,1,5,0.36,0.36,2021
0.14,2.11,0.13,0.8,1.7,1.7,78.0,78.0,193.0,11.0,0.38,28.0,7.0,0.44,6.0,5.0,0.53,6.0,5.0,21.0,4,4,6,0.45,0.38,2122
0.25,2.28,0.18,0.6,0.8,0.8,39.0,39.0,117.0,7.0,0.46,10.0,3.0,0.46,5.0,2.0,0.69,2.0,2.0,8.0,0,0,2,0.46,0.46,2324
0.0,1.92,0.15,2.8,3.6,3.6,172.0,172.0,406.0,20.0,0.34,46.0,7.0,0.34,15.0,8.3,0.29,22.0,5.0,37.0,3,3,6,0.25,0.25,2223
0.0,3.45,0.38,1.0,3.3,3.3,85.0,85.0,191.0,20.0,0.87,30.0,5.0,0.87,5.0,7.5,0.57,12.0,4.0,29.0,4,4,7,0.8,0.8,2122
0.11,1.51,0.0,0.0,0.0,0.0,15.0,15.0,34.0,0.0,0.45,2.0,0.0,0.45,1.0,0.6,0.0,2.0,0.0,1.0,0,0,0,0.0,0.0,2223
0.29,2.12,0.15,0.8,1.4,1.4,53.0,53.0,151.0,11.0,0.46,19.0,1.0,0.46,5.0,4.2,0.11,3.0,1.0,17.0,1,1,2,0.22,0.22,2223
0.33,2.31,0.16,1.1,1.7,1.7,52.0,52.0,174.0,10.0,0.5,24.0,8.0,0.5,5.0,5.2,0.77,7.0,4.0,16.0,3,3,6,0.58,0.58,2324
0.15,4.21,0.1,0.6,0.5,0.5,56.0,56.0,144.0,5.0,0.27,20.0,5.0,0.27,6.0,1.3,1.05,6.0,2.0,12.0,1,1,3,0.63,0.63,2324
0.12,3.57,0.08,0.5,1.0,1.0,49.0,49.0,255.0,15.0,0.23,45.0,3.0,0.23,6.0,3.0,0.24,8.0,2.0,30.0,1,1,2,0.16,0.16,1920
0.22,2.8,0.08,0.8,0.7,0.7,35.0,35.0,160.0,12.0,0.26,23.0,6.0,0.26,3.0,2.1,0.73,9.0,2.0,18.0,1,1,3,0.36,0.36,2021
0.17,3.28,0.1,1.7,1.8,1.8,96.0,96.0,370.0,24.0,0.23,59.0,9.0,0.23,17.0,4.1,0.5,19.0,6.0,42.0,4,4,7,0.39,0.39,2122
0.0,3.15,0.11,2.3,1.9,1.9,103.0,103.0,498.0,27.0,0.29,57.0,10.0,0.33,31.0,5.2,0.55,13.0,7.0,41.0,3,3,9,0.5,0.44,2223
0.0,2.4,0.06,0.3,0.2,0.2,26.0,26.0,111.0,6.0,0.19,9.0,0.0,0.19,1.0,0.7,0.0,4.0,0.0,7.0,0,0,2,0.53,0.53,2324
0.0,1.26,0.02,0.3,0.1,0.1,11.0,11.0,69.0,4.0,0.03,11.0,0.0,0.03,4.0,0.3,0.0,0.0,0.0,9.0,0,0,0,0.0,0.0,2122
0.88,0.84,0.01,0.3,0.1,0.1,10.0,10.0,81.0,2.0,0.03,11.0,0.0,0.03,3.0,0.3,0.0,0.0,0.0,9.0,0,0,1,0.08,0.08,2223
0.18,4.83,0.28,1.5,1.3,1.3,35.0,35.0,151.0,9.0,0.5,22.0,1.0,0.5,4.0,2.3,0.22,12.0,1.0,16.0,1,1,1,0.22,0.22,2223
0.2,2.98,0.17,1.2,1.9,1.9,70.0,70.0,267.0,15.0,0.3,34.0,3.0,0.3,12.0,3.5,0.26,4.0,3.0,28.0,2,2,2,0.18,0.18,2324
0.1,2.42,0.03,1.7,1.2,1.2,52.0,52.0,354.0,23.0,0.07,83.0,11.0,0.07,17.0,2.3,0.32,6.0,7.0,67.0,2,2,5,0.15,0.15,1819
0.06,2.09,0.08,2.4,2.5,2.5,49.0,49.0,265.0,20.0,0.16,62.0,10.0,0.16,20.0,4.7,0.34,2.0,7.0,49.0,3,3,4,0.13,0.13,1920
0.03,1.43,0.05,1.5,0.9,0.9,39.0,39.0,178.0,15.0,0.2,29.0,1.0,0.2,10.0,4.1,0.05,5.0,1.0,28.0,1,1,5,0.25,0.25,2122
0.08,1.7,0.04,1.9,1.0,1.0,28.0,28.0,206.0,19.0,0.14,41.0,2.0,0.14,16.0,3.3,0.08,1.0,2.0,35.0,2,2,4,0.17,0.17,2324
0.12,1.62,0.03,1.2,0.6,0.6,98.0,98.0,380.0,15.0,0.05,38.0,3.0,0.05,16.0,1.2,0.13,8.0,3.0,35.0,2,2,2,0.09,0.09,1819
0.1,2.55,0.08,1.1,1.3,1.3,72.0,72.0,310.0,21.0,0.09,42.0,3.0,0.09,20.0,1.5,0.18,8.0,3.0,37.0,2,2,3,0.18,0.18,1920
0.05,1.73,0.03,1.6,0.7,0.7,69.0,69.0,286.0,12.0,0.06,39.0,7.0,0.06,17.0,1.5,0.31,4.0,6.0,36.0,0,0,1,0.04,0.04,2122
0.0,1.71,0.05,1.1,1.1,1.1,60.0,60.0,235.0,13.0,0.06,38.0,2.0,0.06,15.0,1.3,0.09,4.0,2.0,34.0,1,1,2,0.09,0.09,2223
0.64,1.57,0.03,1.0,0.4,0.4,41.0,41.0,166.0,9.0,0.05,21.0,1.0,0.05,10.0,0.7,0.07,1.0,1.0,18.0,0,0,0,0.0,0.0,2324
0.43,1.97,0.1,1.1,1.2,1.2,41.0,41.0,156.0,7.0,0.16,25.0,5.0,0.16,13.0,2.0,0.39,6.0,4.0,22.0,2,2,4,0.31,0.31,1819
0.1,2.89,0.25,0.8,1.8,1.8,17.0,17.0,85.0,9.0,0.47,20.0,7.0,0.47,4.0,3.2,1.01,2.0,5.0,12.0,3,3,3,0.43,0.43,1920
0.0,2.46,0.13,2.1,2.6,2.6,73.0,73.0,278.0,26.0,0.24,50.0,3.0,0.24,13.0,4.8,0.15,5.0,3.0,30.0,2,2,7,0.34,0.34,2021
0.0,1.76,0.04,1.0,1.1,1.1,54.0,54.0,293.0,20.0,0.08,48.0,4.0,0.08,7.0,2.2,0.15,3.0,3.0,33.0,0,0,0,0.0,0.0,2122
0.0,1.39,0.03,0.9,0.8,0.8,20.0,20.0,194.0,12.0,0.04,39.0,0.0,0.04,10.0,1.1,0.0,0.0,0.0,31.0,0,0,0,0.0,0.0,2223
0.05,1.86,0.02,1.3,0.5,0.5,51.0,51.0,222.0,13.0,0.07,41.0,1.0,0.1,18.0,1.5,0.05,3.0,1.0,31.0,0,0,2,0.09,0.05,2324
0.18,1.23,0.05,0.6,0.9,0.9,100.0,100.0,237.0,13.0,0.45,24.0,5.0,0.45,5.0,8.8,0.26,14.0,4.0,15.0,1,1,11,0.55,0.55,2122
0.16,1.83,0.13,2.0,3.6,3.6,190.0,190.0,383.0,22.0,0.54,51.0,12.0,0.56,6.0,15.0,0.43,36.0,4.0,29.0,5,5,24,0.86,0.82,2223
0.0,2.18,0.14,1.0,2.6,2.6,171.0,171.0,276.0,16.0,0.71,41.0,3.0,0.75,4.0,13.4,0.16,26.0,1.0,23.0,3,3,12,0.64,0.59,2324
0.0,2.5,0.07,0.2,0.4,0.4,41.0,41.0,67.0,6.0,0.88,16.0,4.0,1.0,0.0,5.6,0.63,5.0,3.0,12.0,1,1,4,0.63,0.47,2425
0.15,3.73,0.27,2.8,3.6,3.6,81.0,81.0,337.0,26.0,0.38,50.0,6.0,0.38,19.0,5.1,0.45,8.0,5.0,30.0,4,4,5,0.37,0.37,2021
0.37,4.23,0.33,1.1,2.2,2.2,37.0,37.0,158.0,12.0,0.36,28.0,2.0,0.36,11.0,2.4,0.3,4.0,2.0,23.0,1,1,1,0.15,0.15,2122
0.0,1.86,0.14,0.6,0.4,0.4,4.0,4.0,37.0,3.0,0.17,5.0,1.0,0.17,2.0,0.5,0.37,0.0,1.0,5.0,1,1,1,0.37,0.37,2223
0.19,2.83,0.19,1.6,2.4,2.4,61.0,61.0,263.0,23.0,0.25,37.0,2.0,0.25,13.0,3.3,0.15,6.0,1.0,28.0,1,1,1,0.08,0.08,2324
0.19,1.99,0.07,0.2,0.3,0.3,26.0,26.0,89.0,4.0,0.12,7.0,0.0,0.12,4.0,0.4,0.0,3.0,0.0,5.0,0,0,0,0.0,0.0,1819
0.12,1.87,0.16,4.8,5.0,5.0,215.0,215.0,654.0,28.0,0.22,59.0,7.0,0.22,45.0,6.8,0.22,26.0,5.0,47.0,6,6,9,0.29,0.29,1920
0.0,1.87,0.03,1.0,0.6,0.6,103.0,103.0,346.0,9.0,0.12,36.0,2.0,0.12,17.0,2.3,0.1,6.0,2.0,32.0,1,1,3,0.16,0.16,2223
0.0,1.63,0.03,0.9,0.4,0.4,35.0,35.0,249.0,3.0,0.05,21.0,3.0,0.05,7.0,0.6,0.23,2.0,1.0,15.0,0,0,1,0.08,0.08,2324
0.0,2.17,0.04,0.7,0.3,0.3,50.0,50.0,243.0,5.0,0.08,16.0,1.0,0.08,12.0,0.6,0.14,7.0,1.0,14.0,0,0,0,0.0,0.0,1819
0.0,2.72,0.12,1.1,1.3,1.3,87.0,87.0,330.0,19.0,0.21,31.0,0.0,0.21,8.0,2.4,0.0,7.0,0.0,23.0,0,0,0,0.0,0.0,1920
0.0,2.5,0.14,3.5,3.6,3.6,115.0,115.0,475.0,31.0,0.18,63.0,5.0,0.18,15.0,4.5,0.2,12.0,5.0,48.0,2,2,3,0.12,0.12,2122
0.06,1.98,0.06,0.8,0.9,0.9,57.0,57.0,273.0,13.0,0.12,29.0,0.0,0.12,11.0,1.7,0.0,7.0,0.0,20.0,0,0,1,0.07,0.07,2223
0.04,2.12,0.07,2.1,2.4,2.4,124.0,124.0,521.0,25.0,0.11,74.0,12.0,0.11,22.0,3.9,0.34,9.0,6.0,49.0,2,2,3,0.09,0.09,2324
0.07,3.93,0.27,4.2,5.8,5.8,84.0,84.0,476.0,48.0,0.43,83.0,10.0,0.43,43.0,9.1,0.47,7.0,7.0,65.0,6,6,10,0.47,0.47,2122
0.0,3.36,0.21,4.2,5.7,5.7,137.0,137.0,516.0,41.0,0.45,90.0,10.0,0.45,41.0,12.0,0.37,19.0,7.0,72.0,2,2,7,0.26,0.26,2223
0.0,3.33,0.23,0.9,1.3,1.3,47.0,47.0,124.0,8.0,0.38,19.0,3.0,0.38,9.0,2.1,0.53,23.0,1.0,15.0,1,1,1,0.17,0.17,2223
0.16,5.04,0.33,3.4,4.5,4.5,95.0,95.0,321.0,39.0,0.5,70.0,15.0,0.67,30.0,7.0,1.08,11.0,10.0,50.0,7,7,11,0.79,0.58,1819
0.23,4.19,0.23,1.6,2.9,2.9,69.0,69.0,255.0,27.0,0.39,53.0,4.0,0.51,10.0,4.9,0.32,15.0,3.0,37.0,2,2,7,0.55,0.39,1920
0.11,4.68,0.28,4.4,4.8,4.8,112.0,112.0,387.0,36.0,0.5,80.0,10.0,0.64,24.0,8.5,0.59,15.0,7.0,55.0,4,4,11,0.64,0.53,2021
0.24,2.96,0.19,3.4,3.5,3.5,118.0,118.0,413.0,24.0,0.44,56.0,7.0,0.61,33.0,8.3,0.37,12.0,4.0,39.0,2,2,8,0.42,0.21,2122
0.19,2.37,0.14,2.6,2.3,2.3,77.0,77.0,300.0,18.0,0.34,39.0,7.0,0.43,21.0,5.6,0.43,3.0,5.0,28.0,4,4,10,0.61,0.49,2223
0.08,1.9,0.08,1.0,0.8,0.8,80.0,80.0,233.0,4.0,0.34,20.0,4.0,0.34,8.0,3.6,0.38,5.0,1.0,10.0,1,1,2,0.19,0.19,2324
0.09,1.0,0.1,2.8,3.2,3.2,74.0,74.0,377.0,16.0,0.12,33.0,2.0,0.12,20.0,3.8,0.06,6.0,2.0,25.0,1,1,2,0.06,0.06,1819
0.06,0.98,0.03,0.2,0.4,0.4,25.0,25.0,122.0,6.0,0.05,14.0,1.0,0.05,4.0,0.7,0.07,2.0,1.0,11.0,0,0,1,0.07,0.07,2021
0.0,1.05,0.06,0.8,1.0,1.0,24.0,24.0,192.0,6.0,0.07,19.0,2.0,0.07,7.0,1.3,0.11,3.0,2.0,11.0,1,1,1,0.06,0.06,2122
0.09,3.06,0.21,2.6,3.4,3.4,113.0,113.0,360.0,27.0,0.32,49.0,7.0,0.32,14.0,5.1,0.44,13.0,6.0,40.0,4,4,6,0.37,0.37,2021
1.05,3.14,0.09,2.3,2.0,2.0,139.0,139.0,479.0,30.0,0.38,67.0,6.0,0.38,20.0,8.0,0.28,20.0,5.0,52.0,2,2,12,0.56,0.56,2122
0.13,3.31,0.06,0.4,0.2,0.2,18.0,18.0,127.0,4.0,0.56,13.0,2.0,0.56,11.0,2.2,0.51,1.0,1.0,10.0,1,1,1,0.25,0.25,2324
0.21,4.32,0.06,0.6,0.4,0.4,80.0,80.0,190.0,9.0,0.4,25.0,3.0,0.4,7.0,2.3,0.52,4.0,2.0,18.0,0,0,3,0.52,0.52,1819
0.08,5.43,0.19,1.1,0.9,0.9,51.0,51.0,133.0,15.0,0.46,26.0,2.0,0.46,9.0,2.2,0.42,5.0,1.0,13.0,1,1,1,0.21,0.21,1920
0.03,1.17,0.09,1.7,2.4,2.4,8.0,8.0,87.0,13.0,0.15,31.0,3.0,0.15,15.0,4.1,0.11,2.0,2.0,26.0,3,3,3,0.11,0.11,2223
0.0,1.63,0.05,1.6,1.5,1.5,19.0,19.0,165.0,12.0,0.13,47.0,1.0,0.13,5.0,3.8,0.03,2.0,1.0,43.0,1,1,2,0.07,0.07,2324
0.0,1.75,0.04,1.9,1.4,1.4,145.0,145.0,471.0,22.0,0.21,59.0,6.0,0.21,15.0,7.0,0.18,17.0,5.0,48.0,0,0,6,0.18,0.18,2122
0.03,1.29,0.07,1.0,1.5,1.5,60.0,60.0,212.0,10.0,0.24,27.0,3.0,0.24,14.0,5.0,0.14,4.0,3.0,17.0,2,2,3,0.14,0.14,2324
0.0,2.29,0.12,1.4,2.4,2.4,46.0,46.0,282.0,19.0,0.22,46.0,2.0,0.26,14.0,4.4,0.1,6.0,2.0,35.0,1,1,5,0.25,0.2,1819
0.0,1.32,0.05,0.3,0.5,0.5,15.0,15.0,109.0,3.0,0.16,14.0,2.0,0.16,3.0,1.7,0.19,0.0,1.0,10.0,0,0,2,0.19,0.19,1920
0.17,2.54,0.03,0.2,0.1,0.1,18.0,18.0,62.0,3.0,0.39,8.0,0.0,0.39,2.0,1.2,0.0,3.0,0.0,6.0,0,0,0,0.0,0.0,1920
0.05,1.73,0.12,3.0,2.9,2.9,32.0,32.0,199.0,17.0,0.17,41.0,8.0,0.17,21.0,3.9,0.34,2.0,8.0,34.0,4,4,5,0.21,0.21,2021
0.05,0.85,0.04,1.4,0.8,0.8,19.0,19.0,160.0,6.0,0.05,16.0,1.0,0.22,7.0,1.0,0.05,3.0,1.0,13.0,1,1,6,0.32,0.11,2122
0.09,2.18,0.06,1.4,1.3,1.3,12.0,12.0,202.0,20.0,0.1,46.0,3.0,0.14,7.0,2.1,0.14,1.0,3.0,43.0,1,1,3,0.14,0.09,2223
0.0,2.03,0.07,1.3,1.5,1.5,18.0,18.0,177.0,20.0,0.09,44.0,4.0,0.17,8.0,2.0,0.18,3.0,4.0,38.0,2,2,4,0.18,0.09,2324
0.0,1.46,0.03,0.1,0.1,0.1,10.0,10.0,68.0,2.0,0.19,6.0,1.0,0.19,2.0,0.8,0.24,3.0,1.0,6.0,0,0,0,0.0,0.0,1819
0.13,2.64,0.14,1.6,1.7,1.7,71.0,71.0,203.0,9.0,0.53,33.0,5.0,0.53,3.0,6.6,0.4,9.0,3.0,19.0,2,2,7,0.56,0.56,1718
0.08,1.97,0.06,0.7,1.5,1.5,121.0,121.0,342.0,19.0,0.3,47.0,6.0,0.4,6.0,7.1,0.25,13.0,3.0,34.0,3,3,9,0.38,0.25,1819
0.14,2.23,0.1,1.2,2.6,2.6,130.0,130.0,396.0,26.0,0.38,58.0,5.0,0.47,8.0,10.0,0.19,16.0,3.0,39.0,2,2,8,0.31,0.23,1920
0.03,1.77,0.1,0.9,1.5,1.5,70.0,70.0,304.0,14.0,0.37,26.0,4.0,0.43,4.0,5.5,0.27,6.0,2.0,17.0,2,2,6,0.41,0.34,2021
0.09,2.51,0.05,1.5,1.5,1.5,127.0,127.0,504.0,29.0,0.28,78.0,3.0,0.38,11.0,8.8,0.1,11.0,2.0,44.0,1,1,17,0.55,0.48,2122
0.09,2.67,0.12,2.7,3.8,3.8,128.0,128.0,545.0,29.0,0.24,84.0,9.0,0.24,26.0,7.4,0.29,8.0,7.0,63.0,4,4,7,0.22,0.22,1819
0.11,3.32,0.15,1.7,3.5,3.5,117.0,117.0,424.0,32.0,0.37,78.0,8.0,0.37,24.0,8.7,0.34,15.0,3.0,46.0,2,2,9,0.38,0.38,1920
0.16,2.94,0.06,1.5,1.1,1.1,117.0,117.0,405.0,21.0,0.21,55.0,5.0,0.21,27.0,3.9,0.27,5.0,4.0,43.0,2,2,3,0.16,0.16,2021
0.0,1.83,0.03,0.5,0.3,0.3,40.0,40.0,140.0,6.0,0.06,20.0,2.0,0.06,7.0,0.7,0.18,0.0,1.0,17.0,1,1,1,0.09,0.09,1920
0.0,1.82,0.06,0.8,0.7,0.7,35.0,35.0,129.0,7.0,0.1,21.0,1.0,0.1,5.0,1.2,0.09,0.0,1.0,20.0,0,0,1,0.09,0.09,2021
0.0,1.65,0.0,0.1,0.0,0.0,17.0,17.0,34.0,0.0,0.13,3.0,0.0,0.13,1.0,0.2,0.0,0.0,0.0,2.0,0,0,0,0.0,0.0,1920
0.22,2.15,0.09,0.6,0.9,0.9,46.0,46.0,175.0,9.0,0.39,21.0,2.0,0.39,3.0,3.8,0.2,2.0,0.0,15.0,0,0,3,0.31,0.31,1920
0.08,1.47,0.05,1.1,1.7,1.7,24.0,24.0,205.0,25.0,0.07,46.0,2.0,0.07,8.0,2.3,0.06,0.0,1.0,43.0,1,1,1,0.03,0.03,2324
0.04,1.74,0.02,0.3,0.2,0.2,46.0,46.0,86.0,4.0,0.22,14.0,2.0,0.22,1.0,1.8,0.25,1.0,1.0,8.0,0,0,2,0.25,0.25,1718
0.0,1.47,0.04,0.7,0.9,0.9,123.0,123.0,259.0,16.0,0.24,37.0,2.0,0.24,7.0,6.0,0.08,4.0,1.0,24.0,1,1,7,0.28,0.28,1819
0.21,3.34,0.14,3.7,3.4,3.4,54.0,54.0,488.0,32.0,0.33,82.0,7.0,0.39,43.0,8.0,0.29,8.0,5.0,69.0,2,2,5,0.2,0.16,2324
0.18,4.14,0.11,2.4,2.6,2.6,105.0,105.0,501.0,50.0,0.18,101.0,8.0,0.18,23.0,4.5,0.33,8.0,4.0,59.0,3,3,5,0.21,0.21,2122
0.0,2.44,0.03,0.3,0.2,0.2,5.0,5.0,83.0,6.0,0.04,23.0,2.0,0.04,2.0,0.4,0.21,1.0,2.0,16.0,1,1,1,0.11,0.11,1819
0.05,0.47,0.0,0.1,0.0,0.0,4.0,4.0,21.0,0.0,0.06,1.0,0.0,0.06,1.0,0.1,0.0,0.0,0.0,1.0,0,0,0,0.0,0.0,1920
0.16,3.43,0.16,2.2,1.6,1.6,58.0,58.0,196.0,12.0,0.29,34.0,3.0,0.29,12.0,2.8,0.3,7.0,2.0,21.0,1,1,1,0.1,0.1,2223
0.24,3.29,0.16,5.3,3.9,3.9,167.0,167.0,569.0,33.0,0.34,82.0,11.0,0.37,31.0,8.4,0.44,14.0,7.0,63.0,4,4,9,0.36,0.32,2324
0.0,1.72,0.09,0.7,1.1,1.1,57.0,57.0,204.0,5.0,0.12,21.0,2.0,0.12,6.0,1.5,0.16,2.0,2.0,18.0,1,1,2,0.16,0.16,2223
0.0,1.44,0.03,0.8,0.3,0.3,57.0,57.0,196.0,7.0,0.05,18.0,0.0,0.05,15.0,0.6,0.0,3.0,0.0,13.0,0,0,0,0.0,0.0,2324
0.0,0.65,0.0,0.2,0.1,0.1,1.0,1.0,33.0,3.0,0.03,12.0,0.0,0.03,2.0,0.6,0.0,1.0,0.0,8.0,0,0,1,0.05,0.05,2223
0.0,0.72,0.01,0.4,0.2,0.2,3.0,3.0,32.0,4.0,0.04,16.0,1.0,0.04,4.0,0.8,0.05,0.0,0.0,11.0,0,0,2,0.09,0.09,2324
0.0,0.74,0.04,1.0,1.0,1.0,5.0,5.0,61.0,10.0,0.15,18.0,0.0,0.15,2.0,3.6,0.0,0.0,0.0,15.0,0,0,4,0.17,0.17,2223
0.1,0.69,0.01,0.8,0.3,0.3,10.0,10.0,104.0,4.0,0.06,17.0,1.0,0.06,5.0,1.4,0.04,0.0,1.0,12.0,0,0,0,0.0,0.0,2324
0.0,0.28,0.0,0.0,0.0,0.0,2.0,2.0,11.0,0.0,0.03,2.0,0.0,0.03,0.0,0.2,0.0,0.0,0.0,1.0,0,0,0,0.0,0.0,1819
0.13,1.31,0.06,0.9,1.0,1.0,7.0,7.0,110.0,8.0,0.12,22.0,2.0,0.12,14.0,2.0,0.12,2.0,2.0,19.0,0,0,3,0.18,0.18,1819
0.0,0.87,0.03,0.4,0.4,0.4,4.0,4.0,53.0,7.0,0.08,13.0,1.0,0.08,2.0,1.3,0.07,0.0,1.0,11.0,2,2,2,0.13,0.13,1920
0.0,0.93,0.04,0.6,1.2,1.2,14.0,14.0,84.0,7.0,0.09,29.0,2.0,0.09,8.0,2.8,0.06,1.0,1.0,24.0,1,1,3,0.1,0.1,2223
0.06,1.0,0.01,0.4,0.1,0.1,1.0,1.0,47.0,2.0,0.06,13.0,5.0,0.06,1.0,0.7,0.39,0.0,4.0,12.0,0,0,0,0.0,0.0,2324
0.0,1.19,0.0,0.7,0.1,0.1,3.0,3.0,52.0,4.0,0.01,27.0,1.0,0.01,3.0,0.3,0.04,2.0,1.0,25.0,0,0,0,0.0,0.0,2122
0.0,0.63,0.02,0.6,0.2,0.2,6.0,6.0,84.0,1.0,0.11,10.0,0.0,0.11,2.0,1.8,0.0,0.0,0.0,10.0,0,0,1,0.06,0.06,2223
0.2,3.25,0.03,0.7,0.3,0.3,81.0,81.0,198.0,5.0,0.5,29.0,2.0,0.5,6.0,4.4,0.22,14.0,2.0,21.0,0,0,3,0.34,0.34,1819
0.0,2.79,0.12,0.2,0.6,0.6,45.0,45.0,100.0,6.0,0.63,14.0,4.0,0.63,5.0,3.2,0.8,3.0,2.0,8.0,1,1,4,0.8,0.8,1920
0.48,2.52,0.16,0.9,1.5,1.5,63.0,63.0,177.0,13.0,0.67,23.0,2.0,0.67,7.0,6.1,0.22,7.0,1.0,18.0,0,0,3,0.33,0.33,2021
0.16,3.1,0.24,0.8,1.0,1.0,36.0,36.0,99.0,6.0,0.79,13.0,4.0,0.79,4.0,3.3,0.95,3.0,2.0,9.0,2,2,6,1.43,1.43,2122
0.25,3.4,0.16,2.1,1.9,1.9,77.0,77.0,214.0,16.0,0.59,42.0,5.0,0.65,12.0,7.3,0.4,7.0,5.0,33.0,2,2,12,0.97,0.97,2223
0.0,0.66,0.01,0.3,0.1,0.1,2.0,2.0,35.0,3.0,0.09,12.0,1.0,0.09,6.0,1.6,0.06,0.0,1.0,12.0,0,0,2,0.11,0.11,1819
0.18,4.28,0.15,3.7,3.8,3.8,19.0,19.0,428.0,60.0,0.19,112.0,11.0,0.34,20.0,4.9,0.42,3.0,7.0,60.0,2,2,8,0.31,0.11,1819
0.13,3.87,0.22,6.1,7.1,7.1,55.0,55.0,575.0,83.0,0.26,127.0,12.0,0.45,25.0,8.4,0.37,3.0,5.0,60.0,6,6,13,0.4,0.18,1920
0.26,1.93,0.08,1.8,1.8,1.8,12.0,12.0,234.0,21.0,0.12,43.0,5.0,0.12,10.0,2.6,0.22,0.0,1.0,24.0,3,3,4,0.18,0.18,2021
0.12,2.29,0.04,0.6,0.2,0.2,44.0,44.0,130.0,4.0,0.14,13.0,1.0,0.14,4.0,0.8,0.18,1.0,1.0,8.0,0,0,0,0.0,0.0,1920
0.19,1.76,0.11,1.6,1.9,1.9,90.0,90.0,252.0,14.0,0.2,29.0,6.0,0.2,12.0,3.3,0.37,6.0,2.0,20.0,2,2,3,0.18,0.18,2021
0.19,2.0,0.05,1.1,0.7,0.7,23.0,23.0,221.0,12.0,0.13,28.0,2.0,0.13,14.0,1.8,0.14,0.0,1.0,17.0,1,1,2,0.14,0.14,1819
0.07,1.25,0.12,1.8,2.5,2.5,39.0,39.0,286.0,18.0,0.14,26.0,4.0,0.14,18.0,3.0,0.19,2.0,4.0,23.0,4,4,4,0.19,0.19,1920
0.12,1.35,0.03,0.5,0.4,0.4,16.0,16.0,140.0,5.0,0.04,19.0,4.0,0.04,3.0,0.6,0.28,2.0,2.0,16.0,1,1,1,0.07,0.07,2021
0.16,3.85,0.17,1.3,1.5,1.5,62.0,62.0,210.0,18.0,0.31,34.0,1.0,0.31,8.0,2.7,0.11,6.0,1.0,20.0,1,1,2,0.23,0.23,1819
0.58,3.98,0.2,3.8,4.9,4.9,177.0,177.0,567.0,39.0,0.38,100.0,14.0,0.38,25.0,9.5,0.56,26.0,6.0,47.0,4,4,10,0.4,0.4,1920
0.0,3.16,0.3,0.4,1.0,1.0,30.0,30.0,82.0,5.0,0.45,11.0,2.0,0.45,2.0,1.6,0.58,8.0,2.0,5.0,2,2,2,0.58,0.58,2021
0.22,2.2,0.1,1.3,1.2,1.2,69.0,69.0,170.0,9.0,0.85,26.0,6.0,0.85,9.0,10.0,0.51,13.0,3.0,15.0,2,2,15,1.27,1.27,1920
0.38,2.54,0.13,3.2,3.5,3.5,157.0,157.0,416.0,27.0,0.89,68.0,18.0,1.01,20.0,23.8,0.67,30.0,10.0,42.0,6,6,33,1.23,1.16,2021
0.26,2.87,0.25,5.0,5.4,5.4,137.0,137.0,365.0,23.0,0.88,61.0,16.0,1.1,24.0,18.6,0.75,24.0,11.0,44.0,8,8,30,1.41,1.13,2122
0.1,2.08,0.15,2.2,4.3,4.3,126.0,126.0,398.0,29.0,0.96,59.0,11.0,1.18,11.0,27.2,0.39,22.0,5.0,39.0,5,5,32,1.13,0.88,2324
0.31,2.04,0.26,1.1,4.3,4.3,88.0,88.0,231.0,16.0,0.56,34.0,9.0,0.56,11.0,9.3,0.54,9.0,5.0,20.0,6,6,11,0.66,0.66,2021
0.15,2.28,0.16,1.5,1.6,1.6,74.0,74.0,172.0,10.0,0.47,22.0,6.0,0.47,6.0,4.6,0.62,8.0,5.0,17.0,3,3,5,0.52,0.52,2122
0.0,0.77,0.01,0.3,0.1,0.1,4.0,4.0,38.0,2.0,0.06,10.0,1.0,0.06,3.0,0.8,0.08,1.0,0.0,8.0,0,0,2,0.15,0.15,1920
0.0,3.18,0.12,0.1,0.2,0.2,14.0,14.0,42.0,3.0,0.33,6.0,0.0,0.33,1.0,0.6,0.0,1.0,0.0,3.0,0,0,1,0.53,0.53,2021
0.0,1.24,0.02,0.8,0.4,0.4,13.0,13.0,113.0,8.0,0.09,27.0,3.0,0.09,10.0,1.9,0.14,1.0,2.0,23.0,0,0,0,0.0,0.0,1819
0.0,3.53,0.07,2.5,1.5,1.5,36.0,36.0,376.0,29.0,0.15,79.0,6.0,0.15,16.0,3.3,0.27,2.0,3.0,46.0,1,1,4,0.18,0.18,1819
0.12,0.86,0.05,1.1,1.2,1.2,23.0,23.0,202.0,11.0,0.07,20.0,0.0,0.07,14.0,1.5,0.0,0.0,0.0,17.0,0,0,0,0.0,0.0,2021
0.03,1.77,0.06,1.5,1.6,1.6,23.0,23.0,194.0,15.0,0.08,45.0,6.0,0.08,12.0,1.9,0.24,3.0,5.0,39.0,3,3,3,0.12,0.12,2122
0.0,0.86,0.04,0.8,1.0,1.0,16.0,16.0,113.0,4.0,0.11,24.0,1.0,0.11,5.0,3.0,0.04,1.0,1.0,16.0,0,0,2,0.07,0.07,2324
0.0,2.08,0.07,0.5,0.7,0.7,58.0,58.0,155.0,11.0,0.57,22.0,2.0,0.57,6.0,6.1,0.19,8.0,2.0,15.0,2,2,8,0.76,0.76,2223
0.0,1.45,0.04,0.8,0.5,0.5,62.0,62.0,185.0,6.0,0.34,22.0,1.0,0.34,4.0,5.1,0.07,5.0,0.0,15.0,0,0,6,0.4,0.4,2324
0.0,1.47,0.15,0.4,0.4,0.4,9.0,9.0,26.0,3.0,0.35,4.0,0.0,0.35,0.0,1.0,0.0,2.0,0.0,3.0,0,0,1,0.37,0.37,2425
0.14,2.86,0.24,0.7,1.2,1.2,24.0,24.0,76.0,5.0,0.62,14.0,3.0,0.62,0.0,3.0,0.61,2.0,2.0,5.0,2,2,3,0.62,0.62,2122
0.0,2.0,0.1,1.0,1.3,1.3,97.0,97.0,219.0,13.0,0.28,28.0,4.0,0.28,13.0,3.9,0.29,8.0,3.0,16.0,2,2,5,0.36,0.36,2223
0.28,2.72,0.08,1.0,1.4,1.4,114.0,114.0,285.0,15.0,0.47,47.0,5.0,0.56,12.0,8.2,0.29,14.0,1.0,27.0,0,0,6,0.35,0.23,2324
0.11,2.14,0.18,1.8,2.2,2.2,17.0,17.0,126.0,8.0,0.24,26.0,4.0,0.24,9.0,2.9,0.33,2.0,4.0,24.0,2,2,4,0.33,0.33,2122
0.2,2.78,0.07,1.6,1.3,1.3,27.0,27.0,220.0,15.0,0.11,51.0,5.0,0.23,11.0,1.9,0.27,2.0,5.0,44.0,2,2,6,0.33,0.16,2223
0.47,2.6,0.19,4.1,3.8,3.8,45.0,45.0,439.0,27.0,0.27,53.0,7.0,0.35,31.0,5.5,0.34,2.0,7.0,47.0,4,4,8,0.39,0.29,2324
0.0,1.64,0.15,1.0,1.9,1.9,65.0,65.0,152.0,12.0,0.39,20.0,1.0,0.39,5.0,4.8,0.08,4.0,1.0,16.0,1,1,3,0.25,0.25,1718
0.0,3.75,0.06,0.2,0.1,0.1,6.0,6.0,29.0,2.0,0.09,6.0,0.0,0.09,4.0,0.1,0.0,0.0,0.0,5.0,0,0,0,0.0,0.0,1819
0.0,2.66,0.2,2.2,3.6,3.6,113.0,113.0,321.0,22.0,0.64,47.0,6.0,0.64,13.0,11.3,0.34,11.0,3.0,29.0,2,2,11,0.62,0.62,1920
0.05,1.34,0.0,0.1,0.0,0.0,9.0,9.0,32.0,0.0,0.16,3.0,0.0,0.16,3.0,0.4,0.0,0.0,0.0,2.0,0,0,0,0.0,0.0,2021
0.11,2.26,0.08,2.0,1.6,1.6,117.0,117.0,394.0,18.0,0.25,47.0,4.0,0.29,27.0,5.2,0.19,8.0,2.0,26.0,1,1,7,0.34,0.29,2122
0.0,2.16,0.1,2.1,1.8,1.8,96.0,96.0,383.0,18.0,0.34,41.0,2.0,0.47,25.0,6.5,0.11,6.0,1.0,28.0,2,2,10,0.53,0.42,2223
0.31,2.72,0.02,0.1,0.1,0.1,31.0,31.0,69.0,2.0,0.24,9.0,1.0,0.24,2.0,0.8,0.3,1.0,0.0,3.0,0,0,1,0.3,0.3,2324
0.0,3.85,0.24,2.7,2.3,2.3,75.0,75.0,253.0,21.0,0.45,37.0,7.0,0.45,18.0,4.3,0.73,5.0,3.0,23.0,3,3,4,0.42,0.42,2324
0.0,0.2,0.0,0.1,0.1,0.1,5.0,5.0,73.0,2.0,0.07,7.0,0.0,0.07,2.0,2.5,0.0,0.0,0.0,6.0,0,0,2,0.06,0.06,2021
0.0,1.74,0.04,0.5,0.3,0.3,23.0,23.0,168.0,3.0,0.06,14.0,2.0,0.06,11.0,0.4,0.25,1.0,2.0,14.0,1,1,1,0.12,0.12,1819
0.0,1.16,0.05,0.5,0.5,0.5,43.0,43.0,132.0,4.0,0.14,13.0,2.0,0.14,9.0,1.6,0.18,3.0,1.0,11.0,0,0,1,0.09,0.09,1819
0.0,1.38,0.01,0.2,0.1,0.1,6.0,6.0,96.0,4.0,0.09,25.0,3.0,0.09,3.0,1.6,0.17,2.0,1.0,19.0,0,0,2,0.11,0.11,1920
0.08,0.65,0.0,0.3,0.0,0.0,0.0,0.0,62.0,0.0,0.04,9.0,0.0,0.09,10.0,0.5,0.0,0.0,0.0,6.0,0,0,1,0.07,0.0,2021
0.0,1.39,0.02,1.4,0.7,0.7,20.0,20.0,140.0,10.0,0.1,47.0,12.0,0.1,18.0,3.3,0.35,1.0,8.0,33.0,1,1,5,0.15,0.15,2324
0.0,2.6,0.15,1.3,2.4,2.4,64.0,64.0,313.0,16.0,0.2,42.0,4.0,0.2,20.0,3.3,0.25,10.0,4.0,40.0,1,1,1,0.06,0.06,2324
0.0,1.53,0.03,0.5,0.5,0.5,67.0,67.0,245.0,11.0,0.07,27.0,4.0,0.07,11.0,1.2,0.23,5.0,4.0,19.0,1,1,5,0.28,0.28,2122
0.0,2.16,0.07,1.4,1.6,1.6,23.0,23.0,295.0,19.0,0.09,50.0,5.0,0.09,19.0,2.1,0.22,0.0,5.0,45.0,3,3,5,0.22,0.22,1920
0.04,1.05,0.01,0.9,0.3,0.3,13.0,13.0,155.0,4.0,0.02,30.0,6.0,0.02,13.0,0.6,0.21,3.0,5.0,26.0,0,0,0,0.0,0.0,2021
0.07,2.06,0.05,1.9,1.3,1.3,37.0,37.0,281.0,16.0,0.14,53.0,5.0,0.2,12.0,3.7,0.19,1.0,3.0,42.0,1,1,6,0.23,0.16,2122
0.0,3.16,0.1,0.4,1.2,1.2,96.0,96.0,199.0,13.0,0.31,37.0,3.0,0.31,7.0,3.6,0.26,5.0,2.0,25.0,2,2,4,0.34,0.34,1819
0.0,3.23,0.05,0.8,0.4,0.4,72.0,72.0,200.0,7.0,0.31,29.0,3.0,0.4,7.0,2.8,0.33,5.0,0.0,14.0,0,0,3,0.33,0.22,1920
0.0,2.33,0.03,0.3,0.1,0.1,26.0,26.0,91.0,1.0,0.31,9.0,2.0,0.31,2.0,1.2,0.52,2.0,1.0,5.0,0,0,2,0.52,0.52,2223
0.2,2.18,0.13,0.2,0.2,0.2,13.0,13.0,61.0,2.0,0.25,4.0,0.0,0.25,6.0,0.5,0.0,1.0,0.0,3.0,0,0,0,0.0,0.0,2324
0.05,2.08,0.14,2.0,3.7,3.7,110.0,110.0,400.0,32.0,0.19,57.0,4.0,0.19,40.0,5.3,0.15,5.0,4.0,47.0,4,4,4,0.15,0.15,1819
0.0,2.77,0.13,1.4,2.7,2.7,135.0,135.0,366.0,30.0,0.19,57.0,4.0,0.19,28.0,3.8,0.19,8.0,2.0,41.0,1,1,1,0.05,0.05,1920
0.0,1.21,0.03,0.7,0.4,0.4,25.0,25.0,114.0,8.0,0.06,15.0,1.0,0.06,13.0,0.7,0.08,1.0,0.0,9.0,0,0,0,0.0,0.0,2021
0.13,2.34,0.07,0.0,0.1,0.1,9.0,9.0,19.0,1.0,0.19,2.0,0.0,0.19,0.0,0.2,0.0,1.0,0.0,1.0,0,0,0,0.0,0.0,2021
0.0,2.18,0.08,0.9,0.6,0.6,33.0,33.0,149.0,6.0,0.18,17.0,3.0,0.18,15.0,1.4,0.38,2.0,3.0,14.0,1,1,2,0.26,0.26,2122
0.0,1.78,0.05,1.3,1.2,1.2,76.0,76.0,317.0,16.0,0.12,43.0,4.0,0.12,22.0,2.9,0.17,4.0,3.0,27.0,2,2,4,0.17,0.17,2223
0.08,3.51,0.1,1.3,1.3,1.3,85.0,85.0,249.0,16.0,0.27,48.0,7.0,0.27,17.0,3.8,0.51,6.0,6.0,31.0,2,2,2,0.15,0.15,2223
0.16,4.33,0.09,1.2,1.1,1.1,62.0,62.0,237.0,24.0,0.19,53.0,4.0,0.19,12.0,2.3,0.33,7.0,2.0,31.0,1,1,2,0.16,0.16,2324
0.0,0.44,0.05,0.8,1.2,1.2,4.0,4.0,59.0,6.0,0.08,11.0,1.0,0.08,1.0,2.0,0.04,0.0,1.0,10.0,1,1,2,0.08,0.08,1819
0.0,0.52,0.01,0.2,0.2,0.2,9.0,9.0,64.0,4.0,0.03,14.0,1.0,0.03,3.0,0.8,0.04,0.0,1.0,13.0,0,0,1,0.04,0.04,1920
0.04,3.01,0.13,2.8,3.2,3.2,164.0,164.0,409.0,37.0,0.42,76.0,6.0,0.64,16.0,10.6,0.24,9.0,3.0,52.0,3,3,14,0.55,0.36,1920
0.11,1.96,0.06,1.1,1.4,1.4,157.0,157.0,356.0,19.0,0.44,48.0,4.0,0.54,10.0,10.9,0.16,9.0,2.0,32.0,1,1,14,0.57,0.49,2021
0.11,2.65,0.09,2.0,1.6,1.6,140.0,140.0,321.0,19.0,0.28,49.0,8.0,0.32,18.0,5.1,0.43,2.0,7.0,35.0,2,2,6,0.32,0.27,2122
0.0,0.61,0.03,0.2,0.5,0.5,2.0,2.0,24.0,1.0,0.15,8.0,0.0,0.15,2.0,2.0,0.0,1.0,0.0,5.0,0,0,1,0.08,0.08,1920
0.26,4.97,0.18,5.4,5.4,5.4,304.0,304.0,1030.0,48.0,0.39,151.0,13.0,0.42,51.0,11.8,0.43,55.0,8.0,86.0,5,5,8,0.26,0.23,1819
0.08,3.8,0.22,4.8,5.7,5.7,209.0,209.0,797.0,47.0,0.37,101.0,15.0,0.52,27.0,9.8,0.56,40.0,6.0,51.0,7,7,15,0.56,0.41,1920
0.2,5.78,0.18,3.6,4.1,4.1,116.0,116.0,568.0,62.0,0.33,128.0,9.0,0.33,40.0,7.2,0.41,17.0,5.0,107.0,4,4,9,0.41,0.41,1819
0.04,4.26,0.15,4.7,4.5,4.5,132.0,132.0,698.0,51.0,0.26,127.0,13.0,0.26,44.0,7.8,0.44,8.0,11.0,115.0,6,6,9,0.3,0.3,1920
0.15,3.92,0.07,3.3,2.0,2.0,80.0,80.0,569.0,40.0,0.14,112.0,12.0,0.14,39.0,4.0,0.42,6.0,9.0,96.0,1,1,4,0.14,0.14,2021
0.1,3.17,0.11,2.8,2.9,2.9,80.0,80.0,516.0,32.0,0.17,84.0,11.0,0.17,32.0,4.5,0.42,9.0,11.0,77.0,4,4,11,0.42,0.42,2122
0.23,1.95,0.1,2.9,2.1,2.1,86.0,86.0,410.0,17.0,0.23,41.0,6.0,0.23,22.0,4.9,0.29,4.0,6.0,37.0,2,2,5,0.24,0.24,2223
0.23,3.01,0.09,1.5,1.2,1.2,40.0,40.0,220.0,18.0,0.24,40.0,6.0,0.24,17.0,3.1,0.45,1.0,4.0,32.0,3,3,4,0.3,0.3,2324
0.12,2.51,0.12,1.2,1.8,1.8,69.0,69.0,277.0,18.0,0.28,38.0,2.0,0.28,14.0,4.2,0.13,8.0,2.0,26.0,1,1,4,0.26,0.26,2324
0.0,1.25,0.06,0.4,0.4,0.4,35.0,35.0,83.0,4.0,0.26,8.0,1.0,0.26,3.0,1.7,0.16,3.0,0.0,7.0,0,0,1,0.16,0.16,1920
0.13,1.15,0.01,0.7,0.2,0.2,12.0,12.0,113.0,5.0,0.05,33.0,5.0,0.05,6.0,1.5,0.17,1.0,4.0,28.0,0,0,1,0.03,0.03,2122
0.04,2.09,0.06,2.6,1.8,1.8,20.0,20.0,239.0,25.0,0.1,63.0,7.0,0.1,31.0,2.9,0.23,4.0,6.0,54.0,3,3,4,0.13,0.13,2324
0.0,0.99,0.01,0.1,0.1,0.1,32.0,32.0,72.0,2.0,0.1,6.0,0.0,0.1,3.0,0.6,0.0,7.0,0.0,5.0,0,0,0,0.0,0.0,2021
0.0,2.28,0.06,0.3,0.5,0.5,42.0,42.0,108.0,6.0,0.13,17.0,0.0,0.13,5.0,1.0,0.0,6.0,0.0,12.0,0,0,0,0.0,0.0,2122
0.07,0.84,0.02,0.4,0.4,0.4,13.0,13.0,60.0,4.0,0.03,12.0,1.0,0.03,6.0,0.4,0.07,1.0,0.0,8.0,0,0,1,0.07,0.07,1920
0.04,2.33,0.15,0.9,1.5,1.5,78.0,78.0,179.0,9.0,0.21,23.0,2.0,0.21,5.0,2.1,0.2,7.0,2.0,19.0,2,2,2,0.2,0.2,1718
0.05,1.64,0.03,1.3,0.7,0.7,67.0,67.0,321.0,13.0,0.06,39.0,4.0,0.06,18.0,1.4,0.17,8.0,1.0,25.0,1,1,1,0.04,0.04,1819
0.23,1.84,0.07,1.2,0.9,0.9,60.0,60.0,262.0,10.0,0.14,24.0,2.0,0.14,15.0,1.8,0.15,1.0,1.0,18.0,1,1,1,0.08,0.08,2021
0.39,2.66,0.1,1.9,2.2,2.2,108.0,108.0,334.0,23.0,0.26,57.0,10.0,0.26,13.0,5.6,0.47,12.0,10.0,39.0,5,5,10,0.47,0.47,2223
0.07,1.33,0.04,1.2,1.1,1.1,70.0,70.0,315.0,19.0,0.07,38.0,7.0,0.07,11.0,1.9,0.24,6.0,6.0,33.0,3,3,4,0.14,0.14,2223
0.06,0.83,0.02,0.2,0.5,0.5,3.0,3.0,58.0,6.0,0.06,17.0,3.0,0.06,2.0,1.3,0.15,1.0,1.0,10.0,1,1,1,0.05,0.05,2324
0.24,3.74,0.26,2.7,3.3,3.3,138.0,138.0,408.0,25.0,0.34,48.0,5.0,0.34,21.0,4.4,0.39,5.0,3.0,35.0,3,3,4,0.31,0.31,1819
0.0,4.31,0.31,0.6,1.3,1.3,32.0,32.0,120.0,8.0,0.36,18.0,1.0,0.36,5.0,1.5,0.24,0.0,0.0,11.0,1,1,1,0.24,0.24,1920
0.0,3.5,0.1,0.4,0.4,0.4,19.0,19.0,93.0,7.0,0.13,13.0,0.0,0.13,4.0,0.5,0.0,1.0,0.0,8.0,0,0,0,0.0,0.0,2122
0.27,3.81,0.32,6.1,6.8,6.8,143.0,143.0,549.0,51.0,0.46,81.0,10.0,0.46,39.0,9.8,0.47,12.0,8.0,45.0,4,4,6,0.28,0.28,2324
0.26,4.17,0.23,1.4,2.1,2.1,54.0,54.0,241.0,22.0,0.43,38.0,2.0,0.43,13.0,3.9,0.22,7.0,1.0,24.0,1,1,3,0.33,0.33,1920
0.12,5.37,0.27,6.8,8.5,8.5,116.0,116.0,704.0,76.0,0.39,168.0,14.0,0.44,50.0,12.2,0.45,20.0,8.0,93.0,8,8,14,0.45,0.42,2021
0.0,2.94,0.02,0.2,0.1,0.1,23.0,23.0,65.0,1.0,0.44,10.0,1.0,0.44,3.0,1.5,0.29,4.0,1.0,6.0,0,0,3,0.88,0.88,1920
0.0,2.17,0.02,0.1,0.1,0.1,49.0,49.0,93.0,2.0,0.28,10.0,2.0,0.28,5.0,1.3,0.43,5.0,1.0,5.0,0,0,1,0.22,0.22,2021
0.14,1.34,0.02,0.3,0.2,0.2,54.0,54.0,153.0,4.0,0.14,12.0,1.0,0.14,4.0,1.3,0.11,14.0,1.0,7.0,0,0,0,0.0,0.0,2223
0.0,2.39,0.04,0.7,0.6,0.6,95.0,95.0,243.0,14.0,0.26,34.0,3.0,0.26,7.0,3.6,0.21,18.0,1.0,23.0,0,0,4,0.28,0.28,2324
0.0,0.88,0.04,0.4,0.8,0.8,11.0,11.0,91.0,6.0,0.05,18.0,2.0,0.05,5.0,1.1,0.1,1.0,1.0,15.0,1,1,1,0.05,0.05,2223
0.0,0.91,0.06,1.2,1.6,1.6,34.0,34.0,147.0,11.0,0.09,25.0,1.0,0.09,18.0,2.5,0.04,1.0,1.0,19.0,0,0,0,0.0,0.0,1819
0.0,0.98,0.05,1.3,1.4,1.4,26.0,26.0,201.0,13.0,0.08,29.0,4.0,0.08,14.0,2.2,0.14,1.0,3.0,23.0,2,2,2,0.07,0.07,2021
0.06,5.25,0.21,3.3,3.4,3.4,153.0,153.0,449.0,35.0,0.44,86.0,5.0,0.44,19.0,7.2,0.31,23.0,3.0,52.0,3,3,5,0.31,0.31,1819
0.19,3.78,0.2,3.1,3.4,3.4,126.0,126.0,460.0,34.0,0.45,66.0,2.0,0.45,23.0,7.9,0.11,12.0,2.0,45.0,1,1,2,0.11,0.11,1920
0.18,3.97,0.26,2.2,2.8,2.8,85.0,85.0,297.0,25.0,0.38,43.0,5.0,0.38,14.0,4.1,0.46,5.0,5.0,23.0,2,2,2,0.19,0.19,2021
0.69,4.48,0.08,0.3,0.7,0.7,53.0,53.0,172.0,11.0,0.51,37.0,3.0,0.51,4.0,4.2,0.36,3.0,2.0,21.0,0,0,6,0.73,0.73,1920
0.0,2.71,0.12,0.7,0.7,0.7,36.0,36.0,100.0,4.0,0.33,17.0,4.0,0.33,3.0,2.1,0.64,3.0,3.0,10.0,2,2,4,0.64,0.64,2021
0.08,1.98,0.05,1.1,1.1,1.1,85.0,85.0,325.0,10.0,0.34,41.0,1.0,0.41,10.0,7.0,0.05,1.0,1.0,26.0,0,0,10,0.48,0.39,2122
0.09,2.09,0.09,0.7,1.1,1.1,67.0,67.0,191.0,8.0,0.28,26.0,3.0,0.28,6.0,3.5,0.24,3.0,3.0,20.0,1,1,3,0.24,0.24,2223
0.0,1.36,0.02,0.2,0.3,0.3,2.0,2.0,48.0,3.0,0.03,15.0,0.0,0.03,3.0,0.4,0.0,1.0,0.0,14.0,0,0,0,0.0,0.0,1819
0.0,0.92,0.02,0.6,0.5,0.5,41.0,41.0,155.0,7.0,0.08,24.0,2.0,0.08,5.0,2.2,0.08,3.0,2.0,22.0,0,0,1,0.04,0.04,2122
0.2,4.3,0.17,5.0,5.6,5.6,357.0,357.0,950.0,52.0,0.43,145.0,12.0,0.43,45.0,14.4,0.36,80.0,4.0,86.0,3,3,9,0.27,0.27,1819
0.37,3.82,0.19,3.9,5.4,5.4,186.0,186.0,634.0,48.0,0.55,112.0,14.0,0.6,40.0,16.0,0.48,40.0,8.0,68.0,6,6,16,0.55,0.51,1920
0.21,3.63,0.32,4.0,7.8,7.8,179.0,179.0,542.0,45.0,0.57,89.0,16.0,0.57,40.0,13.9,0.65,40.0,10.0,63.0,8,8,16,0.65,0.65,2021
0.53,4.28,0.12,1.0,1.2,1.2,59.0,59.0,208.0,17.0,0.35,41.0,7.0,0.35,13.0,3.4,0.73,14.0,2.0,21.0,2,2,4,0.42,0.42,2122
0.08,4.34,0.27,1.7,2.6,2.6,88.0,88.0,265.0,20.0,0.43,41.0,6.0,0.43,15.0,4.1,0.63,16.0,5.0,26.0,5,5,7,0.74,0.74,2223
0.0,4.79,0.25,5.6,6.2,6.2,216.0,216.0,643.0,54.0,0.49,117.0,9.0,0.52,45.0,11.9,0.37,58.0,5.0,70.0,2,2,11,0.45,0.41,2324
0.0,2.35,0.09,1.0,1.1,1.1,106.0,106.0,234.0,10.0,0.37,28.0,6.0,0.37,10.0,4.4,0.5,11.0,5.0,25.0,2,2,4,0.34,0.34,1819
0.0,4.16,0.08,1.5,1.0,1.0,82.0,82.0,229.0,18.0,0.26,50.0,4.0,0.26,11.0,3.2,0.33,16.0,2.0,28.0,0,0,2,0.17,0.17,1920
0.09,2.7,0.07,0.8,1.0,1.0,126.0,126.0,307.0,14.0,0.22,41.0,7.0,0.22,15.0,3.3,0.46,14.0,4.0,31.0,0,0,5,0.33,0.33,2122
0.0,2.17,0.12,2.2,2.7,2.7,177.0,177.0,383.0,25.0,0.27,49.0,5.0,0.27,18.0,6.0,0.22,18.0,2.0,29.0,2,2,4,0.18,0.18,2223
0.0,3.28,0.34,1.6,2.0,2.0,38.0,38.0,182.0,12.0,0.46,19.0,4.0,0.46,7.0,2.7,0.69,1.0,3.0,12.0,3,3,3,0.52,0.52,1920
0.19,4.17,0.28,6.3,7.8,7.8,138.0,138.0,666.0,72.0,0.38,117.0,6.0,0.38,32.0,10.6,0.21,7.0,5.0,51.0,3,3,8,0.28,0.28,2021
0.13,5.53,0.33,5.4,5.2,5.2,116.0,116.0,442.0,48.0,0.5,88.0,8.0,0.55,32.0,7.9,0.5,10.0,3.0,42.0,3,3,5,0.31,0.31,2122
0.26,4.48,0.3,5.5,6.9,6.9,189.0,189.0,600.0,59.0,0.43,103.0,8.0,0.43,42.0,9.9,0.35,6.0,6.0,64.0,3,3,7,0.3,0.3,2223
0.29,4.68,0.37,7.5,8.5,8.5,198.0,198.0,641.0,61.0,0.48,108.0,14.0,0.49,57.0,11.1,0.61,10.0,10.0,78.0,6,6,11,0.48,0.48,2324
0.0,0.67,0.01,0.4,0.3,0.3,5.0,5.0,95.0,6.0,0.09,21.0,2.0,0.09,3.0,2.8,0.06,0.0,2.0,17.0,0,0,5,0.16,0.16,1819
0.0,0.59,0.0,0.1,0.1,0.1,2.0,2.0,29.0,1.0,0.04,8.0,3.0,0.04,0.0,0.5,0.22,1.0,2.0,7.0,0,0,1,0.07,0.07,1920
0.0,0.67,0.02,0.1,0.1,0.1,2.0,2.0,32.0,1.0,0.05,3.0,0.0,0.05,1.0,0.2,0.0,0.0,0.0,1.0,0,0,1,0.22,0.22,2021
0.0,1.0,0.01,0.1,0.1,0.1,4.0,4.0,58.0,3.0,0.07,12.0,0.0,0.07,3.0,0.8,0.0,1.0,0.0,7.0,0,0,1,0.08,0.08,2223
0.0,0.65,0.04,0.5,1.2,1.2,13.0,13.0,150.0,4.0,0.09,19.0,3.0,0.09,6.0,2.6,0.1,1.0,1.0,10.0,2,2,4,0.14,0.14,1920
0.0,0.99,0.05,1.3,1.5,1.5,43.0,43.0,201.0,10.0,0.24,29.0,2.0,0.24,7.0,7.0,0.07,1.0,1.0,23.0,0,0,4,0.14,0.14,2324
0.1,2.84,0.1,1.9,1.5,1.5,75.0,75.0,262.0,18.0,0.14,42.0,1.0,0.14,20.0,2.1,0.07,5.0,1.0,29.0,1,1,2,0.14,0.14,1819
0.0,2.03,0.1,1.2,1.1,1.1,53.0,53.0,163.0,8.0,0.13,21.0,2.0,0.13,10.0,1.3,0.19,2.0,1.0,16.0,1,1,1,0.1,0.1,1920
0.12,0.33,0.0,0.1,0.0,0.0,9.0,9.0,34.0,0.0,0.03,5.0,0.0,0.03,3.0,0.5,0.0,1.0,0.0,5.0,0,0,1,0.07,0.07,1819
2.43,3.27,0.1,0.6,0.9,0.9,73.0,73.0,188.0,13.0,0.42,28.0,3.0,0.51,2.0,3.6,0.35,7.0,1.0,21.0,0,0,1,0.12,0.0,1920
0.24,3.02,0.04,0.5,0.3,0.3,15.0,15.0,102.0,9.0,0.08,22.0,1.0,0.08,7.0,0.6,0.14,5.0,1.0,20.0,0,0,0,0.0,0.0,1819
0.07,2.31,0.16,2.3,3.3,3.3,69.0,69.0,395.0,20.0,0.25,49.0,8.0,0.25,19.0,5.3,0.38,10.0,7.0,43.0,5,5,7,0.33,0.33,1920
0.05,3.38,0.21,2.9,3.1,3.1,54.0,54.0,341.0,22.0,0.36,50.0,4.0,0.36,11.0,5.4,0.27,5.0,4.0,42.0,1,1,4,0.27,0.27,2021
0.14,3.48,0.08,1.7,1.7,1.7,86.0,86.0,472.0,24.0,0.13,71.0,4.0,0.13,19.0,2.6,0.2,5.0,4.0,59.0,1,1,1,0.05,0.05,2122
0.22,2.91,0.23,5.1,6.3,6.3,135.0,135.0,800.0,43.0,0.38,81.0,14.0,0.38,45.0,10.6,0.5,8.0,13.0,77.0,4,4,11,0.4,0.4,2223
0.12,3.69,0.18,3.4,5.8,5.8,102.0,102.0,708.0,49.0,0.29,119.0,14.0,0.29,41.0,9.3,0.43,15.0,12.0,110.0,7,7,9,0.28,0.28,2324
0.0,0.33,0.0,0.1,0.0,0.0,2.0,2.0,25.0,0.0,0.09,4.0,2.0,0.09,2.0,1.1,0.16,0.0,0.0,2.0,0,0,2,0.16,0.16,1819
0.0,0.6,0.01,0.2,0.2,0.2,1.0,1.0,43.0,4.0,0.09,14.0,2.0,0.09,0.0,2.1,0.09,0.0,0.0,9.0,0,0,1,0.04,0.04,1920
0.06,0.48,0.01,0.5,0.3,0.3,3.0,3.0,39.0,4.0,0.08,11.0,0.0,0.08,0.0,1.8,0.0,0.0,0.0,11.0,0,0,0,0.0,0.0,2021
0.06,0.66,0.02,0.6,0.4,0.4,2.0,2.0,37.0,5.0,0.07,11.0,2.0,0.07,1.0,1.1,0.12,1.0,2.0,10.0,1,1,3,0.18,0.18,2122
0.0,4.03,0.18,2.8,3.1,3.1,132.0,132.0,486.0,25.0,0.34,67.0,11.0,0.34,34.0,5.6,0.66,21.0,9.0,50.0,4,4,5,0.3,0.3,1920
0.06,3.59,0.2,5.2,6.5,6.5,264.0,264.0,850.0,50.0,0.4,115.0,19.0,0.4,61.0,12.7,0.59,48.0,13.0,87.0,8,8,14,0.44,0.44,2122
0.19,3.01,0.15,4.2,4.8,4.8,224.0,224.0,790.0,47.0,0.33,99.0,15.0,0.33,47.0,10.9,0.46,31.0,8.0,79.0,2,2,11,0.33,0.33,2223
0.13,3.28,0.08,1.4,1.2,1.2,93.0,93.0,256.0,19.0,0.57,50.0,8.0,0.62,9.0,8.6,0.52,12.0,2.0,33.0,2,2,10,0.66,0.59,1819
0.0,2.82,0.2,2.1,3.1,3.1,121.0,121.0,266.0,23.0,0.5,44.0,8.0,0.55,10.0,7.8,0.51,8.0,4.0,37.0,2,2,11,0.7,0.7,1920
0.63,2.71,0.07,0.4,0.7,0.7,57.0,57.0,171.0,12.0,0.52,28.0,2.0,0.59,2.0,5.3,0.19,2.0,1.0,17.0,0,0,8,0.78,0.68,2021
0.0,2.85,0.34,0.4,1.1,1.1,22.0,22.0,56.0,6.0,0.79,9.0,3.0,0.79,3.0,2.5,0.95,4.0,2.0,6.0,2,2,3,0.95,0.95,2122
0.0,0.99,0.04,0.8,1.1,1.1,6.0,6.0,84.0,8.0,0.14,26.0,3.0,0.14,3.0,3.7,0.11,0.0,2.0,21.0,2,2,5,0.19,0.19,1819
0.13,2.65,0.44,1.1,2.2,2.2,37.0,37.0,96.0,6.0,0.84,13.0,3.0,0.84,4.0,4.1,0.61,4.0,2.0,9.0,1,1,2,0.41,0.41,1819
0.0,2.68,0.23,1.3,1.7,1.7,64.0,64.0,161.0,13.0,0.55,20.0,2.0,0.55,7.0,4.1,0.27,9.0,1.0,13.0,1,1,1,0.13,0.13,1920
0.18,2.45,0.16,1.6,3.3,3.3,54.0,54.0,258.0,20.0,0.3,50.0,7.0,0.3,11.0,6.1,0.34,2.0,6.0,38.0,5,5,8,0.39,0.39,2223
0.06,3.09,0.08,1.2,0.9,0.9,28.0,28.0,158.0,14.0,0.23,35.0,3.0,0.23,7.0,2.6,0.26,3.0,2.0,26.0,2,2,3,0.26,0.26,2324
0.0,1.99,0.06,0.5,0.2,0.2,22.0,22.0,77.0,3.0,0.21,8.0,0.0,0.21,6.0,0.9,0.0,1.0,0.0,8.0,0,0,1,0.25,0.25,2021
0.0,1.33,0.04,0.4,0.2,0.2,28.0,28.0,95.0,2.0,0.07,7.0,0.0,0.07,6.0,0.4,0.0,0.0,0.0,6.0,0,0,1,0.19,0.19,2122
0.23,2.82,0.11,1.2,1.2,1.2,42.0,42.0,172.0,14.0,0.2,30.0,2.0,0.2,11.0,2.1,0.19,1.0,2.0,20.0,2,2,4,0.37,0.37,2324
0.04,2.88,0.1,2.3,2.4,2.4,138.0,138.0,454.0,27.0,0.14,68.0,15.0,0.14,25.0,3.2,0.64,15.0,10.0,50.0,5,5,5,0.21,0.21,1718
0.15,3.34,0.11,3.6,3.2,3.2,212.0,212.0,645.0,40.0,0.14,94.0,6.0,0.14,24.0,4.1,0.21,21.0,6.0,79.0,1,1,3,0.11,0.11,1819
0.05,1.92,0.04,2.1,0.9,0.9,149.0,149.0,557.0,18.0,0.07,47.0,1.0,0.07,24.0,1.7,0.04,17.0,1.0,41.0,0,0,1,0.04,0.04,2021
0.07,3.11,0.08,2.3,1.4,1.4,116.0,116.0,512.0,19.0,0.13,60.0,4.0,0.13,14.0,2.5,0.21,19.0,3.0,48.0,1,1,3,0.16,0.16,2122
0.09,1.62,0.05,0.7,0.9,0.9,96.0,96.0,345.0,11.0,0.06,31.0,3.0,0.06,10.0,1.1,0.16,3.0,3.0,27.0,0,0,0,0.0,0.0,2324
0.04,2.73,0.11,3.7,3.0,3.0,29.0,29.0,386.0,22.0,0.17,72.0,10.0,0.17,38.0,4.5,0.38,2.0,8.0,61.0,3,3,4,0.15,0.15,1819
0.15,1.16,0.01,1.0,0.4,0.4,7.0,7.0,113.0,8.0,0.05,31.0,6.0,0.05,12.0,1.4,0.23,0.0,6.0,26.0,1,1,1,0.04,0.04,1920
0.09,2.35,0.1,1.1,1.3,1.3,5.0,5.0,181.0,14.0,0.15,31.0,3.0,0.15,13.0,1.9,0.23,4.0,2.0,26.0,2,2,2,0.15,0.15,2021
0.05,1.31,0.11,2.2,3.0,3.0,22.0,22.0,194.0,19.0,0.16,37.0,9.0,0.16,9.0,4.5,0.32,1.0,8.0,34.0,4,4,7,0.25,0.25,2021
0.0,1.26,0.02,0.4,0.4,0.4,11.0,11.0,143.0,6.0,0.07,26.0,4.0,0.07,4.0,1.4,0.19,0.0,2.0,23.0,1,1,2,0.1,0.1,2122
0.0,1.23,0.03,0.4,0.6,0.6,4.0,4.0,77.0,4.0,0.07,22.0,4.0,0.07,3.0,1.3,0.22,1.0,2.0,20.0,1,1,1,0.06,0.06,2223
0.18,2.72,0.21,0.9,1.6,1.6,72.0,72.0,170.0,14.0,0.64,21.0,2.0,0.64,2.0,5.0,0.26,2.0,2.0,18.0,4,4,5,0.65,0.65,1819
0.0,3.59,0.15,0.5,0.8,0.8,51.0,51.0,139.0,10.0,1.0,20.0,2.0,1.0,3.0,5.6,0.36,2.0,1.0,12.0,1,1,4,0.72,0.72,1920
0.0,2.23,0.1,1.3,1.4,1.4,63.0,63.0,200.0,17.0,0.1,32.0,5.0,0.1,8.0,1.5,0.35,4.0,5.0,26.0,3,3,3,0.21,0.21,1718
0.0,1.21,0.03,0.2,0.2,0.2,43.0,43.0,94.0,3.0,0.72,8.0,1.0,0.72,4.0,4.8,0.15,5.0,1.0,6.0,0,0,3,0.46,0.46,2021
0.0,2.04,0.04,0.3,0.4,0.4,47.0,47.0,142.0,9.0,0.43,20.0,0.0,0.43,1.0,4.2,0.0,5.0,0.0,13.0,0,0,2,0.2,0.2,2122
0.11,1.74,0.23,0.7,0.8,0.8,24.0,24.0,59.0,4.0,0.35,6.0,1.0,0.35,3.0,1.2,0.29,2.0,1.0,5.0,1,1,1,0.29,0.29,1718
0.2,3.18,0.18,1.6,1.7,1.7,70.0,70.0,209.0,15.0,0.34,30.0,4.0,0.34,18.0,3.2,0.42,7.0,3.0,26.0,1,1,3,0.32,0.32,1819
0.14,2.4,0.2,3.3,4.9,4.9,194.0,194.0,487.0,25.0,0.36,60.0,8.0,0.36,35.0,8.9,0.32,17.0,6.0,44.0,5,5,9,0.36,0.36,1920
0.13,2.42,0.2,2.6,3.1,3.1,215.0,215.0,417.0,12.0,0.6,38.0,5.0,0.65,12.0,9.4,0.32,22.0,4.0,26.0,4,4,8,0.51,0.45,2122
0.15,3.23,0.26,4.2,4.1,4.1,180.0,180.0,441.0,25.0,0.53,50.0,3.0,0.58,29.0,8.2,0.19,23.0,3.0,32.0,2,2,6,0.39,0.39,2223
0.49,3.94,0.2,1.9,2.7,2.7,113.0,113.0,309.0,26.0,0.61,53.0,9.0,0.61,22.0,8.2,0.67,15.0,5.0,37.0,2,2,9,0.67,0.67,2324
0.11,3.66,0.17,4.1,4.4,4.4,136.0,136.0,506.0,40.0,0.25,92.0,11.0,0.28,24.0,6.4,0.44,18.0,10.0,66.0,6,6,11,0.44,0.4,2122
0.0,0.31,0.0,0.1,0.0,0.0,2.0,2.0,35.0,0.0,0.05,5.0,1.0,0.05,0.0,0.8,0.06,0.0,1.0,5.0,0,0,1,0.06,0.06,2021
0.03,0.63,0.0,0.4,0.1,0.1,5.0,5.0,61.0,4.0,0.04,19.0,3.0,0.04,1.0,1.2,0.1,1.0,3.0,19.0,0,0,0,0.0,0.0,2122
0.0,0.75,0.03,0.9,0.8,0.8,10.0,10.0,63.0,9.0,0.07,23.0,2.0,0.07,7.0,2.1,0.07,0.0,2.0,19.0,1,1,2,0.07,0.07,2223
0.06,0.51,0.01,0.2,0.2,0.2,2.0,2.0,49.0,4.0,0.16,12.0,1.0,0.16,1.0,3.9,0.04,1.0,1.0,10.0,0,0,4,0.17,0.17,2324
0.33,3.11,0.3,8.7,9.8,9.8,225.0,225.0,800.0,46.0,0.43,102.0,14.0,0.43,54.0,14.2,0.43,47.0,10.0,66.0,10,10,16,0.49,0.49,1819
0.32,4.4,0.45,11.5,12.8,12.8,288.0,288.0,878.0,89.0,0.61,124.0,22.0,0.61,64.0,17.2,0.78,33.0,15.0,86.0,14,14,18,0.64,0.64,2021
0.0,5.03,0.33,9.7,9.2,9.2,245.0,245.0,858.0,87.0,0.41,141.0,13.0,0.41,53.0,11.6,0.46,36.0,8.0,74.0,9,9,13,0.46,0.46,2122
0.2,3.26,0.25,4.8,7.1,7.1,230.0,230.0,674.0,66.0,0.33,93.0,12.0,0.33,47.0,9.4,0.42,22.0,8.0,67.0,8,8,11,0.39,0.39,2223
0.28,3.74,0.11,1.7,1.5,1.5,76.0,76.0,301.0,23.0,0.21,52.0,2.0,0.21,16.0,2.9,0.14,9.0,1.0,37.0,1,1,3,0.22,0.22,1819
0.17,4.19,0.23,2.1,4.1,4.1,99.0,99.0,436.0,39.0,0.39,76.0,12.0,0.39,23.0,7.1,0.66,10.0,8.0,54.0,5,5,10,0.55,0.55,1920
0.13,4.67,0.25,3.5,5.8,5.8,163.0,163.0,597.0,55.0,0.48,108.0,13.0,0.52,35.0,11.2,0.56,18.0,9.0,85.0,4,4,9,0.39,0.35,2021
0.0,3.48,0.21,1.8,1.6,1.6,40.0,40.0,135.0,11.0,0.48,26.0,2.0,0.48,16.0,3.6,0.27,8.0,2.0,19.0,1,1,3,0.4,0.4,2122
1.01,2.76,0.1,1.8,1.1,1.1,60.0,60.0,229.0,15.0,0.16,30.0,2.0,0.16,11.0,1.7,0.18,4.0,2.0,21.0,0,0,1,0.09,0.09,2122
0.0,0.85,0.01,0.2,0.2,0.2,2.0,2.0,23.0,3.0,0.02,14.0,1.0,0.02,0.0,0.3,0.06,0.0,1.0,13.0,0,0,0,0.0,0.0,1920
0.07,1.53,0.14,1.5,1.2,1.2,24.0,24.0,113.0,8.0,0.16,14.0,2.0,0.16,10.0,1.4,0.22,0.0,2.0,9.0,1,1,1,0.11,0.11,2223
0.0,2.5,0.07,1.3,1.0,1.0,28.0,28.0,172.0,18.0,0.09,36.0,4.0,0.09,14.0,1.3,0.28,1.0,2.0,20.0,1,1,1,0.07,0.07,2324
0.13,2.52,0.06,0.7,0.4,0.4,23.0,23.0,106.0,6.0,0.09,17.0,2.0,0.09,11.0,0.6,0.3,0.0,1.0,15.0,0,0,0,0.0,0.0,2324
0.2,5.01,0.28,8.1,9.3,9.3,279.0,279.0,879.0,74.0,0.47,166.0,15.0,0.49,40.0,15.5,0.45,39.0,10.0,89.0,7,7,12,0.36,0.36,1819
0.2,4.27,0.13,1.4,1.3,1.3,67.0,67.0,201.0,18.0,0.26,42.0,4.0,0.26,17.0,2.6,0.41,8.0,4.0,30.0,2,2,4,0.41,0.41,1920
0.13,3.42,0.15,2.6,2.2,2.2,92.0,92.0,332.0,21.0,0.27,52.0,4.0,0.27,16.0,4.1,0.26,10.0,3.0,37.0,3,3,4,0.26,0.26,2021
0.11,4.11,0.12,2.3,2.9,2.9,79.0,79.0,446.0,31.0,0.23,97.0,11.0,0.23,31.0,5.5,0.47,14.0,7.0,73.0,3,3,8,0.34,0.34,2122
0.0,0.74,0.02,0.2,0.5,0.5,5.0,5.0,58.0,7.0,0.05,18.0,0.0,0.05,2.0,1.2,0.0,0.0,0.0,15.0,2,2,2,0.08,0.08,2223
0.16,4.81,0.25,5.7,7.1,7.1,228.0,228.0,724.0,68.0,0.39,137.0,13.0,0.39,24.0,11.1,0.46,21.0,8.0,82.0,4,4,10,0.35,0.35,1819
0.19,4.01,0.27,3.6,5.1,5.1,122.0,122.0,417.0,43.0,0.43,75.0,10.0,0.43,13.0,8.1,0.53,6.0,5.0,41.0,3,3,9,0.48,0.48,1920
0.07,2.83,0.13,3.5,3.4,3.4,127.0,127.0,492.0,42.0,0.29,74.0,9.0,0.29,21.0,7.6,0.34,7.0,5.0,44.0,5,5,8,0.31,0.31,2021
0.17,3.01,0.09,2.8,2.7,2.7,162.0,162.0,576.0,32.0,0.24,88.0,6.0,0.24,24.0,6.9,0.21,8.0,4.0,53.0,2,2,8,0.27,0.27,2122
0.0,4.05,0.23,2.2,2.8,2.8,67.0,67.0,251.0,23.0,0.33,49.0,3.0,0.33,11.0,4.0,0.25,2.0,2.0,26.0,2,2,3,0.25,0.25,2223
0.17,3.07,0.08,0.5,0.4,0.4,24.0,24.0,75.0,4.0,0.16,14.0,0.0,0.16,2.0,0.7,0.0,0.0,0.0,11.0,0,0,1,0.22,0.22,2223
0.0,2.85,0.11,2.4,2.5,2.5,145.0,145.0,508.0,38.0,0.36,66.0,5.0,0.36,16.0,8.4,0.22,9.0,2.0,39.0,4,4,8,0.35,0.35,2324
0.0,2.35,0.07,0.6,1.1,1.1,88.0,88.0,221.0,9.0,0.23,36.0,2.0,0.23,8.0,3.5,0.13,7.0,1.0,22.0,0,0,0,0.0,0.0,1920
0.11,3.2,0.11,2.5,2.9,2.9,14.0,14.0,271.0,27.0,0.16,85.0,9.0,0.16,20.0,4.2,0.34,1.0,8.0,69.0,3,3,3,0.11,0.11,1819
0.05,2.58,0.09,2.7,2.3,2.3,32.0,32.0,205.0,18.0,0.13,69.0,5.0,0.13,23.0,3.6,0.19,2.0,5.0,53.0,3,3,3,0.11,0.11,1920
0.0,2.68,0.08,2.9,1.6,1.6,43.0,43.0,245.0,16.0,0.2,56.0,7.0,0.2,29.0,4.2,0.34,5.0,5.0,47.0,1,1,3,0.14,0.14,2021
0.24,2.29,0.03,1.2,0.5,0.5,15.0,15.0,85.0,11.0,0.06,38.0,4.0,0.06,15.0,1.1,0.24,1.0,4.0,33.0,0,0,0,0.0,0.0,2122
0.0,2.43,0.07,1.9,1.7,1.7,22.0,22.0,184.0,19.0,0.12,62.0,10.0,0.12,20.0,2.9,0.39,3.0,9.0,53.0,6,6,7,0.27,0.27,2324
0.0,0.74,0.04,0.3,0.4,0.4,3.0,3.0,22.0,5.0,0.2,7.0,0.0,0.2,0.0,1.9,0.0,0.0,0.0,6.0,0,0,0,0.0,0.0,1920
0.35,3.39,0.16,0.7,0.7,0.7,47.0,47.0,116.0,6.0,0.26,14.0,4.0,0.26,11.0,1.1,0.97,3.0,3.0,11.0,1,1,1,0.24,0.24,1819
0.0,4.03,0.39,5.2,6.8,6.8,112.0,112.0,426.0,46.0,0.59,70.0,5.0,0.64,33.0,10.2,0.29,7.0,3.0,42.0,6,6,11,0.63,0.58,1920
0.16,4.03,0.31,1.0,1.5,1.5,27.0,27.0,91.0,10.0,0.4,20.0,2.0,0.4,8.0,2.0,0.4,0.0,1.0,9.0,0,0,1,0.2,0.2,2021
0.38,3.76,0.21,6.1,5.3,5.3,175.0,175.0,596.0,47.0,0.34,97.0,14.0,0.34,45.0,8.9,0.54,9.0,10.0,59.0,4,4,8,0.31,0.31,2122
0.16,4.87,0.33,8.7,8.7,8.7,147.0,147.0,673.0,70.0,0.47,127.0,17.0,0.56,57.0,12.3,0.65,8.0,13.0,67.0,10,10,16,0.61,0.5,2223
0.03,0.2,0.01,0.0,0.0,0.0,0.0,0.0,13.0,1.0,0.25,1.0,0.0,0.25,0.0,1.2,0.0,0.0,0.0,1.0,0,0,2,0.41,0.41,1920
0.0,1.75,0.05,1.3,1.1,1.1,99.0,99.0,327.0,13.0,0.1,40.0,2.0,0.1,18.0,2.4,0.09,8.0,0.0,21.0,0,0,1,0.04,0.04,1920
0.17,3.55,0.14,2.3,3.7,3.7,62.0,62.0,328.0,30.0,0.38,93.0,7.0,0.38,30.0,9.9,0.27,11.0,5.0,63.0,2,2,6,0.23,0.23,1920
0.17,2.57,0.1,2.6,2.9,2.9,57.0,57.0,321.0,24.0,0.19,75.0,11.0,0.19,34.0,5.6,0.38,8.0,9.0,59.0,5,5,11,0.38,0.38,2021
0.0,2.7,0.1,2.9,2.2,2.2,58.0,58.0,274.0,20.0,0.31,61.0,6.0,0.31,18.0,7.1,0.27,12.0,6.0,53.0,4,4,8,0.34,0.34,2122
0.15,2.95,0.15,2.3,2.3,2.3,56.0,56.0,232.0,16.0,0.27,46.0,4.0,0.27,15.0,4.3,0.26,4.0,4.0,40.0,0,0,1,0.06,0.06,2223
0.24,3.46,0.13,2.6,1.8,1.8,43.0,43.0,175.0,19.0,0.39,47.0,5.0,0.45,14.0,5.4,0.37,5.0,5.0,36.0,2,2,6,0.44,0.37,2324
0.2,2.23,0.07,0.6,0.7,0.7,53.0,53.0,129.0,10.0,0.5,24.0,4.0,0.5,6.0,5.4,0.37,7.0,2.0,16.0,1,1,5,0.46,0.46,1819
0.21,2.41,0.19,3.6,5.7,5.7,132.0,132.0,361.0,29.0,0.6,73.0,12.0,0.65,15.0,18.1,0.4,26.0,6.0,37.0,6,6,19,0.63,0.6,1920
0.23,1.5,0.12,1.7,2.2,2.2,87.0,87.0,192.0,13.0,0.43,29.0,5.0,0.43,9.0,8.3,0.26,10.0,4.0,18.0,4,4,9,0.47,0.47,2021
0.1,2.5,0.06,1.0,0.7,0.7,49.0,49.0,149.0,15.0,0.45,32.0,6.0,0.45,2.0,5.7,0.47,8.0,4.0,25.0,3,3,8,0.62,0.62,2122
0.0,1.48,0.04,0.7,0.4,0.4,51.0,51.0,151.0,5.0,0.33,15.0,2.0,0.33,6.0,3.3,0.2,1.0,2.0,11.0,1,1,5,0.49,0.49,2223
0.27,2.91,0.12,3.2,3.2,3.2,194.0,194.0,515.0,31.0,0.37,80.0,9.0,0.43,22.0,10.2,0.33,12.0,4.0,58.0,4,4,10,0.36,0.29,2122
0.21,3.98,0.24,6.1,8.1,8.1,302.0,302.0,775.0,59.0,0.48,135.0,21.0,0.55,56.0,16.2,0.62,16.0,19.0,110.0,9,9,16,0.47,0.44,2223
0.05,3.78,0.22,6.3,6.5,6.5,253.0,253.0,757.0,52.0,0.43,109.0,13.0,0.54,57.0,12.4,0.45,10.0,11.0,90.0,6,6,13,0.45,0.31,2324
0.29,4.01,0.09,1.2,1.0,1.0,17.0,17.0,158.0,17.0,0.14,45.0,4.0,0.35,8.0,1.5,0.36,4.0,3.0,35.0,0,0,3,0.27,0.0,2223
0.0,3.79,0.21,6.4,6.1,6.1,299.0,299.0,775.0,47.0,0.55,110.0,12.0,0.6,39.0,15.8,0.41,55.0,5.0,64.0,8,8,24,0.83,0.76,1819
0.0,3.29,0.31,8.9,9.6,9.6,281.0,281.0,829.0,56.0,0.56,100.0,13.0,0.61,47.0,17.0,0.43,32.0,7.0,61.0,8,8,16,0.53,0.53,2021
0.16,3.94,0.17,1.3,1.1,1.1,49.0,49.0,144.0,10.0,0.29,24.0,1.0,0.29,10.0,1.7,0.16,5.0,1.0,13.0,0,0,0,0.0,0.0,2223
0.14,3.74,0.22,4.1,4.2,4.2,97.0,97.0,385.0,38.0,0.43,71.0,4.0,0.47,39.0,8.2,0.21,30.0,4.0,53.0,3,3,8,0.42,0.37,2324
0.49,3.36,0.14,3.7,3.4,3.4,154.0,154.0,507.0,46.0,0.3,83.0,9.0,0.3,24.0,7.4,0.36,15.0,8.0,66.0,6,6,11,0.45,0.45,2021
0.5,5.69,0.37,7.5,7.7,7.7,134.0,134.0,489.0,59.0,0.64,117.0,23.0,0.64,50.0,13.1,1.12,19.0,15.0,85.0,10,10,17,0.83,0.83,2122
0.42,5.28,0.32,3.1,3.9,3.9,86.0,86.0,315.0,39.0,0.39,64.0,8.0,0.39,26.0,4.7,0.66,9.0,7.0,47.0,6,6,7,0.58,0.58,2223
0.46,6.3,0.29,9.7,7.5,7.5,306.0,306.0,1229.0,73.0,0.6,166.0,24.0,0.62,82.0,15.7,0.91,45.0,18.0,128.0,11,11,22,0.83,0.8,2324
0.0,1.27,0.05,1.1,0.9,0.9,144.0,144.0,295.0,9.0,0.63,23.0,5.0,0.68,4.0,11.5,0.28,28.0,3.0,11.0,3,3,10,0.55,0.55,1718
0.06,0.96,0.03,0.5,0.7,0.7,98.0,98.0,298.0,7.0,0.04,22.0,1.0,0.04,11.0,0.8,0.04,4.0,1.0,18.0,0,0,0,0.0,0.0,1718
0.41,1.66,0.08,1.9,1.5,1.5,109.0,109.0,259.0,17.0,0.13,31.0,0.0,0.13,15.0,2.5,0.0,3.0,0.0,20.0,0,0,0,0.0,0.0,1920
0.0,2.04,0.1,0.7,0.7,0.7,52.0,52.0,152.0,8.0,0.11,15.0,4.0,0.11,11.0,0.8,0.54,6.0,3.0,13.0,3,3,3,0.41,0.41,2021
0.0,2.62,0.03,0.7,0.1,0.1,48.0,48.0,109.0,4.0,0.09,13.0,2.0,0.09,8.0,0.4,0.4,0.0,2.0,11.0,0,0,0,0.0,0.0,2122
0.0,1.38,0.04,0.3,0.2,0.2,31.0,31.0,110.0,4.0,0.15,8.0,1.0,0.15,8.0,0.9,0.17,0.0,0.0,4.0,0,0,1,0.17,0.17,2223
0.27,2.4,0.11,3.3,3.8,3.8,283.0,283.0,525.0,36.0,0.74,80.0,10.0,0.91,19.0,24.8,0.3,45.0,4.0,50.0,2,2,23,0.69,0.51,2223
0.0,3.24,0.18,1.9,3.3,3.3,199.0,199.0,345.0,26.0,0.63,61.0,8.0,0.76,11.0,11.8,0.43,29.0,4.0,40.0,5,5,12,0.64,0.64,2324
0.0,3.0,0.11,1.6,1.9,1.9,52.0,52.0,186.0,22.0,0.12,51.0,6.0,0.12,28.0,2.1,0.35,1.0,6.0,42.0,2,2,2,0.12,0.12,1920
0.0,1.72,0.03,0.6,0.6,0.6,44.0,44.0,203.0,12.0,0.1,35.0,0.0,0.1,4.0,2.1,0.0,0.0,0.0,30.0,0,0,1,0.05,0.05,1920
0.0,1.29,0.02,0.5,0.3,0.3,21.0,21.0,162.0,4.0,0.09,20.0,1.0,0.09,9.0,1.4,0.06,1.0,1.0,17.0,0,0,3,0.19,0.19,2021
0.06,1.32,0.01,0.8,0.3,0.3,22.0,22.0,262.0,11.0,0.02,38.0,1.0,0.02,8.0,0.7,0.03,2.0,0.0,34.0,0,0,1,0.03,0.03,2122
0.0,2.08,0.05,2.5,1.7,1.7,33.0,33.0,366.0,24.0,0.08,66.0,4.0,0.08,12.0,2.6,0.13,4.0,2.0,53.0,2,2,2,0.06,0.06,2223
0.04,1.82,0.04,1.7,1.1,1.1,30.0,30.0,297.0,18.0,0.07,49.0,3.0,0.07,15.0,1.8,0.11,2.0,3.0,41.0,0,0,0,0.0,0.0,2324
0.08,2.19,0.16,1.8,2.4,2.4,139.0,139.0,385.0,16.0,0.19,34.0,4.0,0.19,14.0,3.0,0.26,4.0,4.0,32.0,5,5,6,0.39,0.39,2324
0.07,0.61,0.02,0.8,0.5,0.5,10.0,10.0,59.0,5.0,0.1,17.0,2.0,0.1,6.0,2.9,0.07,0.0,1.0,13.0,0,0,4,0.14,0.14,2122
0.04,1.37,0.04,1.2,1.1,1.1,32.0,32.0,167.0,16.0,0.08,37.0,1.0,0.08,14.0,2.1,0.04,2.0,1.0,34.0,2,2,2,0.07,0.07,2223
0.05,0.83,0.07,1.3,1.8,1.8,24.0,24.0,98.0,7.0,0.13,22.0,1.0,0.13,5.0,3.4,0.04,0.0,1.0,19.0,1,1,4,0.15,0.15,2324
0.27,3.07,0.18,2.9,5.7,5.7,256.0,256.0,524.0,53.0,0.56,100.0,16.0,0.6,21.0,18.1,0.49,33.0,10.0,84.0,7,7,28,0.86,0.8,1920
0.1,2.39,0.11,1.7,2.1,2.1,128.0,128.0,262.0,16.0,0.51,45.0,7.0,0.64,11.0,9.7,0.37,11.0,4.0,27.0,5,5,16,0.85,0.69,2021
0.58,2.39,0.1,2.5,3.2,3.2,196.0,196.0,378.0,39.0,0.4,74.0,8.0,0.43,15.0,12.5,0.26,23.0,4.0,60.0,3,3,14,0.45,0.45,2122
0.0,1.85,0.12,1.1,2.2,2.2,128.0,128.0,239.0,20.0,0.43,35.0,5.0,0.51,3.0,8.1,0.26,7.0,5.0,29.0,4,4,9,0.47,0.37,2223
0.0,1.89,0.04,0.6,0.5,0.5,76.0,76.0,172.0,9.0,0.19,23.0,1.0,0.19,4.0,2.4,0.08,7.0,1.0,17.0,0,0,1,0.08,0.08,2223
0.0,1.85,0.05,0.8,0.7,0.7,65.0,65.0,132.0,10.0,0.24,26.0,0.0,0.3,3.0,3.4,0.0,4.0,0.0,22.0,0,0,3,0.21,0.14,2324
0.0,2.08,0.04,0.4,0.5,0.5,38.0,38.0,121.0,11.0,0.09,26.0,3.0,0.09,7.0,1.1,0.24,5.0,3.0,21.0,2,2,4,0.32,0.32,1819
0.0,1.98,0.05,0.7,0.8,0.8,45.0,45.0,242.0,9.0,0.12,32.0,3.0,0.12,19.0,2.0,0.19,3.0,3.0,29.0,0,0,2,0.12,0.12,1920
0.0,1.98,0.02,0.0,0.0,0.0,4.0,4.0,33.0,1.0,0.03,5.0,1.0,0.03,1.0,0.1,0.4,0.0,1.0,4.0,0,0,0,0.0,0.0,2021
0.0,0.42,0.01,0.5,0.3,0.3,0.0,0.0,25.0,2.0,0.03,11.0,2.0,0.03,2.0,0.8,0.08,3.0,2.0,10.0,1,1,3,0.12,0.12,1819
0.11,1.84,0.04,1.3,1.0,1.0,118.0,118.0,361.0,15.0,0.08,43.0,2.0,0.08,15.0,1.8,0.09,10.0,1.0,31.0,1,1,1,0.04,0.04,1819
0.05,1.51,0.01,0.1,0.1,0.1,16.0,16.0,61.0,2.0,0.04,11.0,1.0,0.04,1.0,0.3,0.14,1.0,1.0,9.0,0,0,1,0.14,0.14,1718
0.0,2.15,0.06,1.0,1.3,1.3,19.0,19.0,172.0,18.0,0.08,42.0,1.0,0.08,4.0,1.6,0.05,1.0,1.0,40.0,1,1,1,0.05,0.05,1819
0.0,1.18,0.01,0.5,0.2,0.2,18.0,18.0,158.0,6.0,0.03,25.0,2.0,0.03,9.0,0.6,0.09,1.0,0.0,20.0,0,0,0,0.0,0.0,1920
0.0,2.06,0.08,1.2,0.8,0.8,39.0,39.0,196.0,10.0,0.12,19.0,1.0,0.12,9.0,1.1,0.11,2.0,1.0,14.0,1,1,3,0.33,0.33,2122
0.0,1.09,0.12,1.2,1.0,1.0,27.0,27.0,107.0,6.0,0.23,9.0,0.0,0.23,3.0,1.9,0.0,1.0,0.0,8.0,0,0,1,0.12,0.12,2223
0.0,1.76,0.11,2.1,2.6,2.6,145.0,145.0,374.0,19.0,0.16,40.0,7.0,0.16,18.0,3.6,0.31,17.0,5.0,33.0,4,4,5,0.22,0.22,2324
0.48,2.98,0.11,2.7,2.5,2.5,97.0,97.0,429.0,23.0,0.2,66.0,10.0,0.2,39.0,4.4,0.45,5.0,8.0,56.0,4,4,5,0.23,0.23,1819
0.22,4.31,0.26,0.7,1.1,1.1,12.0,12.0,95.0,8.0,0.3,18.0,3.0,0.3,9.0,1.3,0.72,1.0,2.0,15.0,2,2,2,0.48,0.48,1920
0.07,3.06,0.05,0.6,0.4,0.4,92.0,92.0,275.0,8.0,0.39,24.0,4.0,0.39,8.0,3.0,0.51,4.0,3.0,16.0,2,2,5,0.64,0.64,2021
0.12,4.14,0.29,7.6,7.9,7.9,227.0,227.0,710.0,64.0,0.44,113.0,9.0,0.44,53.0,12.1,0.33,23.0,5.0,79.0,4,4,12,0.44,0.44,2021
0.35,4.69,0.33,7.5,9.4,9.4,261.0,261.0,704.0,89.0,0.5,132.0,11.0,0.5,49.0,14.2,0.39,30.0,5.0,80.0,5,5,11,0.39,0.39,2223
0.44,5.1,0.36,9.4,9.3,9.3,242.0,242.0,680.0,89.0,0.42,133.0,18.0,0.42,56.0,10.8,0.69,26.0,12.0,79.0,9,9,12,0.46,0.46,2324
0.11,2.29,0.08,2.5,2.6,2.6,84.0,84.0,476.0,30.0,0.17,74.0,4.0,0.22,23.0,5.6,0.12,16.0,2.0,65.0,1,1,5,0.15,0.09,1920
0.0,2.37,0.08,2.6,2.9,2.9,57.0,57.0,442.0,31.0,0.19,85.0,8.0,0.47,21.0,6.7,0.22,6.0,5.0,70.0,4,4,17,0.47,0.17,2021
0.09,2.61,0.06,1.3,1.7,1.7,61.0,61.0,361.0,28.0,0.14,67.0,2.0,0.24,19.0,3.7,0.08,4.0,2.0,55.0,0,0,6,0.23,0.16,2122
0.19,4.37,0.17,4.1,2.2,2.2,197.0,197.0,479.0,21.0,0.47,57.0,10.0,0.47,34.0,6.1,0.77,56.0,5.0,44.0,3,3,9,0.69,0.69,1819
0.25,4.93,0.17,3.1,2.6,2.6,124.0,124.0,444.0,35.0,0.33,78.0,8.0,0.33,37.0,5.2,0.51,36.0,3.0,56.0,3,3,6,0.38,0.38,1920
0.13,3.47,0.24,3.6,5.8,5.8,138.0,138.0,522.0,35.0,0.35,83.0,11.0,0.35,35.0,8.4,0.46,32.0,8.0,63.0,6,6,8,0.34,0.34,2021
0.0,3.92,0.18,3.4,2.9,2.9,95.0,95.0,386.0,30.0,0.24,62.0,5.0,0.24,21.0,3.8,0.32,30.0,3.0,46.0,2,2,2,0.13,0.13,2122
0.16,2.9,0.13,2.9,2.7,2.7,113.0,113.0,437.0,27.0,0.24,61.0,5.0,0.24,26.0,5.1,0.24,8.0,4.0,42.0,4,4,4,0.19,0.19,2223
0.0,2.98,0.34,1.2,2.0,2.0,36.0,36.0,116.0,10.0,0.41,18.0,3.0,0.41,4.0,2.5,0.5,1.0,2.0,13.0,1,1,1,0.16,0.16,2324
0.0,2.84,0.15,3.6,3.9,3.9,99.0,99.0,465.0,29.0,0.32,72.0,9.0,0.32,26.0,8.1,0.36,13.0,9.0,57.0,4,4,7,0.28,0.28,1819
0.0,2.62,0.04,0.6,0.5,0.5,73.0,73.0,233.0,9.0,0.17,32.0,3.0,0.17,7.0,2.0,0.25,1.0,3.0,25.0,0,0,3,0.25,0.25,1920
0.16,2.44,0.07,0.8,0.6,0.6,21.0,21.0,109.0,7.0,0.18,23.0,7.0,0.18,6.0,1.6,0.74,3.0,5.0,16.0,2,2,2,0.21,0.21,2223
0.0,2.48,0.14,1.4,1.8,1.8,39.0,39.0,177.0,12.0,0.31,32.0,1.0,0.31,11.0,4.0,0.08,4.0,0.0,22.0,2,2,3,0.23,0.23,2324
0.0,3.33,0.13,1.8,1.8,1.8,57.0,57.0,210.0,28.0,0.18,45.0,2.0,0.18,14.0,2.5,0.15,6.0,2.0,31.0,2,2,3,0.22,0.22,2425
0.0,2.99,0.11,3.1,3.1,3.1,221.0,221.0,523.0,34.0,0.34,85.0,7.0,0.45,23.0,9.6,0.25,32.0,3.0,65.0,1,1,11,0.39,0.25,1819
0.0,1.03,0.06,0.2,0.2,0.2,26.0,26.0,44.0,4.0,0.19,4.0,0.0,0.19,2.0,0.7,0.0,1.0,0.0,4.0,0,0,0,0.0,0.0,2122
0.0,3.87,0.09,2.1,2.1,2.1,39.0,39.0,478.0,35.0,0.16,93.0,3.0,0.16,14.0,3.8,0.12,11.0,3.0,70.0,0,0,0,0.0,0.0,1920
0.18,2.94,0.07,2.1,1.9,1.9,33.0,33.0,391.0,25.0,0.14,78.0,7.0,0.14,20.0,3.7,0.26,1.0,7.0,71.0,0,0,1,0.04,0.04,2021
0.14,2.49,0.1,3.0,2.2,2.2,41.0,41.0,275.0,28.0,0.16,56.0,9.0,0.16,13.0,3.5,0.4,1.0,8.0,52.0,4,4,8,0.36,0.36,2122
0.09,1.6,0.08,1.6,2.7,2.7,86.0,86.0,363.0,24.0,0.09,52.0,2.0,0.09,19.0,3.1,0.06,2.0,2.0,36.0,2,2,3,0.09,0.09,1819
0.06,3.33,0.14,5.1,3.8,3.8,167.0,167.0,688.0,47.0,0.17,93.0,6.0,0.17,40.0,4.7,0.21,1.0,3.0,50.0,4,4,4,0.14,0.14,2122
0.0,1.97,0.06,1.3,1.0,1.0,52.0,52.0,264.0,16.0,0.1,32.0,2.0,0.1,13.0,1.6,0.12,1.0,1.0,23.0,1,1,1,0.06,0.06,2223
0.04,1.52,0.06,1.4,1.6,1.6,70.0,70.0,379.0,23.0,0.1,42.0,2.0,0.1,17.0,2.7,0.07,3.0,1.0,25.0,0,0,2,0.07,0.07,2324
0.24,2.17,0.06,0.6,0.3,0.3,22.0,22.0,58.0,2.0,0.2,11.0,2.0,0.2,1.0,1.0,0.39,1.0,1.0,8.0,0,0,1,0.2,0.2,1920
0.22,2.63,0.28,1.1,1.2,1.2,26.0,26.0,64.0,6.0,0.35,11.0,4.0,0.35,4.0,1.5,0.95,0.0,1.0,7.0,1,1,1,0.24,0.24,2021
0.1,2.37,0.13,1.0,0.6,0.6,21.0,21.0,76.0,6.0,0.17,11.0,1.0,0.17,9.0,0.8,0.22,2.0,1.0,9.0,1,1,1,0.22,0.22,2122
0.27,1.95,0.13,1.6,1.4,1.4,62.0,62.0,178.0,13.0,0.31,20.0,1.0,0.31,11.0,3.2,0.1,2.0,1.0,17.0,1,1,3,0.29,0.29,2223
0.0,3.36,0.29,4.9,4.3,4.3,90.0,90.0,303.0,32.0,0.35,50.0,8.0,0.35,14.0,5.2,0.54,6.0,4.0,27.0,4,4,6,0.4,0.4,2324
0.11,2.54,0.17,5.6,5.8,5.8,129.0,129.0,726.0,49.0,0.3,89.0,9.0,0.3,30.0,10.6,0.26,11.0,7.0,76.0,4,4,7,0.2,0.2,2021
0.14,3.02,0.12,4.1,3.4,3.4,121.0,121.0,498.0,43.0,0.3,83.0,9.0,0.3,36.0,8.2,0.33,8.0,9.0,71.0,3,3,6,0.22,0.22,2122
0.0,3.91,0.15,6.3,4.3,4.3,83.0,83.0,607.0,45.0,0.24,110.0,11.0,0.24,59.0,6.7,0.39,9.0,10.0,94.0,4,4,6,0.21,0.21,2223
0.35,2.34,0.11,0.6,0.6,0.6,31.0,31.0,104.0,6.0,0.2,14.0,1.0,0.2,7.0,1.2,0.17,4.0,1.0,11.0,0,0,0,0.0,0.0,1819
0.16,5.21,0.25,1.2,1.4,1.4,41.0,41.0,148.0,20.0,0.36,30.0,3.0,0.36,11.0,2.1,0.52,2.0,2.0,12.0,2,2,3,0.52,0.52,1920
0.11,1.61,0.03,0.8,0.5,0.5,59.0,59.0,222.0,11.0,0.05,27.0,3.0,0.05,8.0,0.8,0.18,3.0,2.0,22.0,1,1,1,0.06,0.06,2021
0.0,1.51,0.06,0.9,1.0,1.0,75.0,75.0,259.0,10.0,0.11,28.0,5.0,0.11,10.0,2.0,0.27,1.0,4.0,19.0,2,2,2,0.11,0.11,2122
0.0,2.51,0.03,0.7,0.2,0.2,41.0,41.0,102.0,3.0,0.3,16.0,2.0,0.3,6.0,1.9,0.31,4.0,1.0,9.0,0,0,0,0.0,0.0,2122
0.14,3.08,0.07,0.1,0.2,0.2,13.0,13.0,44.0,4.0,0.42,9.0,0.0,0.42,0.0,1.2,0.0,1.0,0.0,6.0,0,0,0,0.0,0.0,2324
0.0,3.48,0.11,1.9,1.6,1.6,82.0,82.0,346.0,26.0,0.41,51.0,6.0,0.41,11.0,6.0,0.41,9.0,4.0,34.0,4,4,8,0.55,0.55,1819
0.0,2.37,0.09,1.5,0.9,0.9,57.0,57.0,180.0,11.0,0.14,22.0,1.0,0.14,8.0,1.3,0.11,10.0,0.0,16.0,0,0,0,0.0,0.0,2223
0.0,1.56,0.08,1.6,1.2,1.2,66.0,66.0,216.0,13.0,0.16,22.0,2.0,0.16,10.0,2.2,0.14,13.0,1.0,17.0,0,0,1,0.07,0.07,2324
0.31,4.17,0.2,1.2,2.3,2.3,128.0,128.0,306.0,21.0,1.11,48.0,6.0,1.17,8.0,12.7,0.52,17.0,5.0,36.0,3,3,10,0.87,0.78,1819
0.17,3.24,0.14,2.3,3.2,3.2,203.0,203.0,509.0,32.0,0.91,73.0,11.0,0.95,12.0,20.6,0.49,29.0,8.0,51.0,7,7,21,0.93,0.93,1920
0.38,3.4,0.12,2.2,2.7,2.7,202.0,202.0,568.0,30.0,0.5,78.0,11.0,0.5,13.0,11.4,0.48,28.0,9.0,53.0,4,4,13,0.57,0.57,2021
0.26,4.08,0.28,3.5,5.7,5.7,220.0,220.0,634.0,38.0,0.71,85.0,18.0,0.74,30.0,14.7,0.86,32.0,11.0,56.0,8,8,16,0.77,0.72,2122
0.3,3.62,0.17,2.9,3.9,3.9,194.0,194.0,573.0,31.0,0.74,83.0,12.0,0.78,22.0,17.0,0.52,28.0,8.0,43.0,6,6,17,0.74,0.7,2223
0.0,3.59,0.23,3.2,3.8,3.8,155.0,155.0,472.0,29.0,0.62,59.0,8.0,0.62,19.0,10.1,0.49,25.0,4.0,37.0,5,5,9,0.55,0.55,2324
0.0,1.18,0.01,0.2,0.1,0.1,0.0,0.0,14.0,3.0,0.07,14.0,0.0,0.07,2.0,0.9,0.0,0.0,0.0,11.0,0,0,1,0.08,0.08,1819
0.0,0.78,0.01,0.4,0.1,0.1,3.0,3.0,53.0,3.0,0.06,18.0,1.0,0.06,2.0,1.4,0.04,0.0,1.0,13.0,0,0,1,0.04,0.04,1920
0.04,0.68,0.02,0.7,0.7,0.7,8.0,8.0,234.0,3.0,0.15,23.0,3.0,0.15,9.0,5.0,0.09,1.0,3.0,20.0,0,0,4,0.12,0.12,2324
0.29,3.2,0.27,1.5,1.8,1.8,62.0,62.0,154.0,9.0,0.78,21.0,1.0,0.78,6.0,5.1,0.15,13.0,1.0,16.0,1,1,3,0.46,0.46,2021
0.16,3.49,0.21,3.4,4.3,4.3,207.0,207.0,556.0,34.0,0.53,72.0,13.0,0.56,16.0,11.0,0.63,43.0,6.0,48.0,6,6,12,0.58,0.53,2122
0.18,4.1,0.29,7.0,9.1,9.1,350.0,350.0,965.0,59.0,0.59,127.0,17.0,0.59,43.0,18.2,0.55,70.0,10.0,89.0,5,5,20,0.65,0.65,2223
0.16,4.1,0.27,5.2,6.1,6.1,345.0,345.0,844.0,46.0,0.58,92.0,11.0,0.58,33.0,12.9,0.49,82.0,7.0,63.0,4,4,10,0.45,0.45,2324
0.03,0.19,0.0,0.2,0.0,0.0,1.0,1.0,37.0,1.0,0.03,6.0,1.0,0.03,2.0,0.9,0.03,0.0,1.0,6.0,1,1,2,0.06,0.06,1920
0.0,1.26,0.09,1.0,1.4,1.4,75.0,75.0,179.0,7.0,0.1,20.0,4.0,0.1,13.0,1.6,0.25,1.0,3.0,13.0,2,2,2,0.13,0.13,1819
0.0,3.72,0.16,3.8,4.3,4.3,177.0,177.0,648.0,48.0,0.3,101.0,8.0,0.39,43.0,8.2,0.29,19.0,8.0,77.0,4,4,12,0.44,0.37,2223
0.14,3.32,0.09,1.3,1.2,1.2,81.0,81.0,279.0,20.0,0.23,41.0,2.0,0.29,20.0,2.8,0.16,4.0,1.0,30.0,0,0,1,0.08,0.0,2324
0.25,3.17,0.12,4.1,3.0,3.0,166.0,166.0,558.0,43.0,0.14,83.0,9.0,0.14,45.0,3.7,0.34,9.0,8.0,62.0,4,4,4,0.15,0.15,2324
0.0,3.14,0.1,2.9,2.6,2.6,88.0,88.0,387.0,28.0,0.34,80.0,8.0,0.34,22.0,8.7,0.31,15.0,6.0,58.0,4,4,15,0.59,0.59,2223
0.11,1.49,0.05,0.6,0.7,0.7,37.0,37.0,161.0,7.0,0.1,19.0,0.0,0.1,6.0,1.3,0.0,2.0,0.0,17.0,0,0,0,0.0,0.0,2122
0.0,2.11,0.12,2.2,3.3,3.3,84.0,84.0,392.0,24.0,0.17,60.0,6.0,0.17,28.0,4.8,0.21,2.0,3.0,47.0,3,3,4,0.14,0.14,2324
0.06,2.35,0.1,3.0,2.5,2.5,124.0,124.0,477.0,18.0,0.21,61.0,10.0,0.21,33.0,5.5,0.39,11.0,8.0,47.0,3,3,8,0.31,0.31,2021
0.13,3.17,0.05,1.5,0.8,0.8,59.0,59.0,283.0,14.0,0.12,49.0,5.0,0.12,24.0,1.8,0.32,9.0,5.0,36.0,1,1,2,0.13,0.13,2122
0.49,2.25,0.14,1.0,1.1,1.1,16.0,16.0,127.0,8.0,0.29,18.0,1.0,0.29,4.0,2.3,0.12,0.0,1.0,12.0,1,1,3,0.38,0.38,2223
0.0,2.45,0.15,0.1,0.6,0.6,25.0,25.0,74.0,7.0,0.23,10.0,4.0,0.23,3.0,0.9,0.98,2.0,3.0,9.0,2,2,3,0.74,0.74,2324
0.15,3.55,0.25,4.1,5.0,5.0,217.0,217.0,544.0,41.0,0.8,71.0,9.0,0.84,44.0,16.0,0.45,28.0,5.0,60.0,2,2,18,0.9,0.85,1718
0.17,2.57,0.15,2.9,2.9,2.9,205.0,205.0,473.0,18.0,0.57,51.0,9.0,0.61,22.0,11.3,0.45,25.0,6.0,34.0,3,3,11,0.55,0.5,1819
0.2,2.98,0.14,1.6,1.7,1.7,118.0,118.0,301.0,12.0,0.47,36.0,7.0,0.47,16.0,5.7,0.58,8.0,6.0,22.0,2,2,4,0.33,0.33,1920
0.18,5.96,0.39,1.4,1.2,1.2,20.0,20.0,91.0,8.0,1.15,18.0,3.0,1.15,8.0,3.5,0.99,3.0,2.0,12.0,2,2,4,1.32,1.32,2021
0.0,3.87,0.18,1.9,1.9,1.9,46.0,46.0,226.0,20.0,0.3,42.0,3.0,0.3,12.0,3.3,0.28,7.0,2.0,25.0,2,2,6,0.55,0.55,2122
0.13,3.48,0.21,3.7,3.7,3.7,96.0,96.0,446.0,33.0,0.31,61.0,8.0,0.31,25.0,5.5,0.46,7.0,4.0,40.0,4,4,8,0.46,0.46,1819
0.37,5.69,0.21,3.3,3.2,3.2,77.0,77.0,415.0,34.0,0.43,88.0,6.0,0.59,23.0,6.7,0.39,7.0,3.0,42.0,2,2,9,0.58,0.39,1920
0.1,2.56,0.13,3.8,3.7,3.7,153.0,153.0,579.0,38.0,0.24,72.0,7.0,0.24,40.0,6.9,0.25,8.0,6.0,59.0,4,4,6,0.21,0.21,2223
0.08,2.57,0.1,1.4,1.1,1.1,38.0,38.0,181.0,11.0,0.19,27.0,3.0,0.19,8.0,2.0,0.29,3.0,3.0,24.0,1,1,2,0.19,0.19,2324
0.19,2.83,0.12,2.6,2.6,2.6,155.0,155.0,497.0,27.0,0.25,63.0,8.0,0.25,31.0,5.5,0.36,16.0,7.0,44.0,5,5,7,0.31,0.31,1920
0.11,3.5,0.25,4.9,6.6,6.6,123.0,123.0,621.0,50.0,0.4,93.0,10.0,0.66,35.0,10.6,0.38,12.0,8.0,59.0,5,5,16,0.6,0.34,2021
0.0,2.8,0.13,2.7,2.3,2.3,121.0,121.0,366.0,20.0,0.27,52.0,4.0,0.31,23.0,5.0,0.22,3.0,2.0,37.0,2,2,5,0.27,0.22,2122
0.0,2.7,0.18,2.7,3.1,3.1,123.0,123.0,413.0,23.0,0.49,47.0,3.0,0.54,19.0,8.6,0.17,8.0,2.0,39.0,1,1,7,0.4,0.34,2021
0.2,2.51,0.18,3.7,5.8,5.8,246.0,246.0,647.0,37.0,0.49,81.0,9.0,0.49,24.0,15.6,0.28,27.0,5.0,59.0,4,4,15,0.47,0.47,1819
0.22,2.86,0.15,2.9,3.8,3.8,216.0,216.0,545.0,24.0,0.49,71.0,6.0,0.49,23.0,12.1,0.24,20.0,6.0,50.0,5,5,11,0.44,0.44,1920
0.11,2.61,0.17,4.4,5.1,5.1,211.0,211.0,499.0,37.0,0.61,79.0,19.0,0.66,29.0,18.4,0.63,12.0,13.0,61.0,8,8,20,0.66,0.59,2122
0.0,2.73,0.21,6.0,5.8,5.8,196.0,196.0,507.0,44.0,0.61,76.0,12.0,0.63,28.0,16.9,0.43,21.0,6.0,56.0,3,3,16,0.57,0.57,2223
0.09,3.61,0.07,0.2,0.2,0.2,20.0,20.0,51.0,3.0,0.69,10.0,1.0,0.69,2.0,1.9,0.36,4.0,0.0,6.0,0,0,2,0.72,0.72,2223
0.2,2.46,0.08,2.2,1.8,1.8,161.0,161.0,377.0,27.0,0.37,52.0,3.0,0.45,26.0,7.9,0.14,16.0,2.0,39.0,2,2,7,0.33,0.28,2324
0.12,3.49,0.18,3.0,3.4,3.4,172.0,172.0,421.0,27.0,0.45,65.0,6.0,0.45,20.0,8.4,0.32,38.0,4.0,48.0,1,1,5,0.27,0.27,1920
0.14,2.85,0.18,2.6,3.2,3.2,191.0,191.0,441.0,19.0,0.34,49.0,9.0,0.34,18.0,5.8,0.52,25.0,4.0,35.0,2,2,5,0.29,0.29,2021
0.0,1.8,0.12,2.9,2.5,2.5,236.0,236.0,502.0,22.0,0.39,38.0,3.0,0.39,18.0,8.2,0.14,29.0,3.0,29.0,3,3,7,0.33,0.33,2122
0.31,2.66,0.12,2.4,2.8,2.8,78.0,78.0,355.0,27.0,0.23,63.0,3.0,0.23,21.0,5.4,0.13,16.0,3.0,48.0,3,3,3,0.13,0.13,1819
0.24,2.36,0.08,1.2,1.6,1.6,45.0,45.0,203.0,25.0,0.19,46.0,5.0,0.19,11.0,3.7,0.26,7.0,5.0,33.0,6,6,8,0.41,0.41,2122
0.0,2.64,0.08,0.3,0.7,0.7,28.0,28.0,100.0,8.0,0.12,22.0,2.0,0.12,2.0,1.0,0.24,3.0,2.0,19.0,2,2,2,0.24,0.24,2223
0.0,3.79,0.05,0.4,0.3,0.3,18.0,18.0,64.0,7.0,0.09,21.0,1.0,0.09,3.0,0.5,0.18,2.0,1.0,17.0,0,0,0,0.0,0.0,2223
0.05,1.73,0.07,0.7,0.9,0.9,10.0,10.0,105.0,6.0,0.22,24.0,2.0,0.22,6.0,3.1,0.14,0.0,2.0,19.0,1,1,2,0.14,0.14,1819
0.0,1.0,0.01,0.4,0.2,0.2,11.0,11.0,136.0,6.0,0.06,20.0,1.0,0.06,4.0,1.2,0.05,1.0,1.0,16.0,1,1,2,0.1,0.1,1920
0.0,1.77,0.06,0.3,0.4,0.4,4.0,4.0,43.0,4.0,0.09,12.0,1.0,0.09,5.0,0.6,0.15,2.0,1.0,10.0,0,0,0,0.0,0.0,2021
0.18,1.2,0.04,0.7,0.9,0.9,7.0,7.0,151.0,11.0,0.06,25.0,4.0,0.06,10.0,1.3,0.19,0.0,3.0,20.0,2,2,3,0.14,0.14,2122
0.0,1.66,0.03,1.0,0.5,0.5,25.0,25.0,153.0,11.0,0.06,27.0,3.0,0.06,11.0,0.9,0.18,0.0,3.0,21.0,0,0,0,0.0,0.0,2324
0.11,2.99,0.04,0.2,0.1,0.1,29.0,29.0,58.0,2.0,0.28,8.0,0.0,0.28,2.0,0.8,0.0,0.0,0.0,7.0,0,0,1,0.37,0.37,2021
0.33,2.57,0.23,2.9,4.2,4.2,124.0,124.0,362.0,15.0,0.63,46.0,7.0,0.63,15.0,11.2,0.39,20.0,4.0,25.0,2,2,10,0.56,0.56,2122
0.16,3.3,0.21,3.2,2.3,2.3,75.0,75.0,219.0,10.0,0.48,37.0,4.0,0.48,9.0,5.4,0.36,24.0,2.0,22.0,2,2,4,0.36,0.36,2223
0.0,1.88,0.06,2.0,1.8,1.8,67.0,67.0,384.0,25.0,0.16,57.0,6.0,0.16,17.0,4.8,0.2,4.0,5.0,44.0,0,0,3,0.1,0.1,1819
0.0,1.69,0.02,1.6,0.8,0.8,99.0,99.0,530.0,18.0,0.1,55.0,4.0,0.1,23.0,3.3,0.12,5.0,4.0,49.0,0,0,4,0.12,0.12,1920
0.16,2.08,0.04,1.9,1.4,1.4,59.0,59.0,488.0,21.0,0.12,68.0,7.0,0.12,16.0,3.9,0.21,3.0,5.0,56.0,0,0,2,0.06,0.06,2021
0.0,1.41,0.1,1.7,1.8,1.8,55.0,55.0,286.0,12.0,0.21,26.0,7.0,0.21,10.0,3.9,0.38,4.0,6.0,24.0,3,3,4,0.22,0.22,2122
0.22,3.22,0.27,0.9,1.5,1.5,84.0,84.0,223.0,10.0,0.49,18.0,1.0,0.49,5.0,2.7,0.18,22.0,1.0,12.0,1,1,2,0.36,0.36,1718
0.21,3.79,0.18,4.3,4.1,4.1,193.0,193.0,626.0,30.0,0.53,87.0,17.0,0.53,37.0,12.1,0.74,54.0,7.0,64.0,5,5,15,0.65,0.65,1819
0.15,4.46,0.17,4.1,4.1,4.1,170.0,170.0,647.0,44.0,0.41,104.0,10.0,0.45,28.0,9.6,0.43,62.0,5.0,57.0,5,5,9,0.39,0.34,1920
0.17,3.01,0.17,1.0,1.1,1.1,73.0,73.0,209.0,7.0,0.38,20.0,4.0,0.38,12.0,2.5,0.6,21.0,2.0,15.0,1,1,2,0.3,0.3,2021
0.45,5.13,0.25,7.8,7.2,7.2,259.0,259.0,938.0,83.0,0.46,149.0,11.0,0.49,73.0,13.3,0.38,83.0,6.0,85.0,5,5,18,0.62,0.58,2122
0.19,1.43,0.03,0.6,0.4,0.4,23.0,23.0,147.0,7.0,0.12,19.0,2.0,0.18,5.0,1.6,0.15,1.0,1.0,9.0,1,1,2,0.15,0.08,1819
0.2,2.29,0.13,2.0,2.8,2.8,16.0,16.0,265.0,28.0,0.17,48.0,7.0,0.17,8.0,3.5,0.33,0.0,6.0,25.0,4,4,4,0.19,0.19,2122
0.1,3.98,0.2,6.1,6.2,6.2,52.0,52.0,433.0,73.0,0.28,121.0,7.0,0.28,24.0,8.5,0.23,2.0,3.0,56.0,6,6,7,0.23,0.23,2223
0.11,2.79,0.14,4.0,4.0,4.0,29.0,29.0,351.0,41.0,0.19,83.0,11.0,0.19,22.0,5.8,0.37,2.0,8.0,38.0,3,3,3,0.1,0.1,2324
0.16,2.84,0.15,2.6,3.9,3.9,201.0,201.0,474.0,38.0,0.59,73.0,5.0,0.62,20.0,15.1,0.19,17.0,1.0,55.0,1,1,9,0.35,0.35,1819
0.24,3.18,0.22,5.6,6.8,6.8,261.0,261.0,579.0,49.0,0.67,97.0,16.0,0.73,37.0,20.5,0.52,21.0,9.0,72.0,5,5,23,0.75,0.72,1920
0.23,3.37,0.25,4.9,7.4,7.4,233.0,233.0,630.0,44.0,0.62,100.0,25.0,0.88,43.0,18.5,0.84,25.0,18.0,76.0,7,7,30,1.01,0.67,2021
0.22,3.55,0.37,3.7,4.9,4.9,95.0,95.0,274.0,30.0,0.81,47.0,4.0,0.93,20.0,10.7,0.3,11.0,3.0,37.0,3,3,12,0.91,0.83,2122
0.24,3.52,0.19,1.4,2.7,2.7,108.0,108.0,309.0,19.0,0.74,48.0,5.0,0.86,25.0,10.1,0.37,11.0,4.0,35.0,3,3,10,0.73,0.66,2223
0.25,4.07,0.22,4.6,5.3,5.3,199.0,199.0,558.0,53.0,0.51,100.0,11.0,0.61,43.0,12.6,0.45,23.0,9.0,83.0,6,6,16,0.65,0.57,2324
0.0,1.03,0.02,0.6,0.5,0.5,4.0,4.0,58.0,5.0,0.09,24.0,6.0,0.09,3.0,2.1,0.26,1.0,3.0,18.0,0,0,1,0.04,0.04,2122
0.04,0.41,0.0,0.3,0.1,0.1,5.0,5.0,29.0,1.0,0.08,12.0,1.0,0.08,2.0,2.4,0.03,0.0,1.0,8.0,1,1,4,0.14,0.14,2021
0.2,2.03,0.12,1.0,1.4,1.4,75.0,75.0,213.0,12.0,0.22,24.0,1.0,0.22,11.0,2.6,0.08,15.0,0.0,18.0,0,0,1,0.08,0.08,1920
0.1,3.13,0.25,4.0,4.9,4.9,132.0,132.0,344.0,27.0,0.44,61.0,8.0,0.44,26.0,8.6,0.41,28.0,5.0,43.0,4,4,9,0.44,0.44,2122
0.0,2.1,0.07,0.8,0.8,0.8,83.0,83.0,242.0,10.0,0.3,22.0,1.0,0.3,8.0,3.1,0.1,8.0,1.0,16.0,1,1,2,0.19,0.19,2223
0.08,4.36,0.07,0.3,0.3,0.3,20.0,20.0,101.0,5.0,0.21,19.0,1.0,0.21,4.0,0.9,0.23,8.0,0.0,12.0,0,0,0,0.0,0.0,2324
0.14,3.82,0.1,1.7,2.7,2.7,104.0,104.0,392.0,37.0,0.21,103.0,9.0,0.21,26.0,5.5,0.33,13.0,6.0,83.0,3,3,6,0.22,0.22,1819
0.04,3.01,0.11,2.3,2.7,2.7,166.0,166.0,427.0,24.0,0.45,76.0,13.0,0.48,31.0,11.3,0.52,55.0,10.0,51.0,4,4,11,0.44,0.44,1920
0.06,0.62,0.01,0.2,0.1,0.1,1.0,1.0,22.0,1.0,0.07,6.0,0.0,0.07,1.0,0.6,0.0,0.0,0.0,6.0,0,0,1,0.1,0.1,2021
0.06,0.42,0.03,0.2,1.1,1.1,5.0,5.0,58.0,6.0,0.1,14.0,2.0,0.1,3.0,3.2,0.06,1.0,2.0,9.0,2,2,2,0.06,0.06,2122
0.0,0.74,0.01,0.3,0.1,0.1,3.0,3.0,43.0,3.0,0.09,13.0,4.0,0.09,6.0,1.6,0.23,0.0,3.0,10.0,1,1,2,0.11,0.11,2223
0.11,1.48,0.04,1.6,1.1,1.1,127.0,127.0,403.0,18.0,0.05,43.0,3.0,0.05,19.0,1.4,0.1,4.0,2.0,34.0,1,1,3,0.1,0.1,2021
0.08,5.26,0.17,1.8,2.5,2.5,87.0,87.0,391.0,26.0,0.39,78.0,13.0,0.39,25.0,5.8,0.88,11.0,7.0,53.0,5,5,8,0.54,0.54,1920
0.16,2.6,0.12,3.3,3.0,3.0,91.0,91.0,443.0,24.0,0.23,65.0,7.0,0.23,25.0,5.7,0.28,7.0,6.0,47.0,2,2,5,0.2,0.2,2021
0.05,3.3,0.09,2.1,2.3,2.3,94.0,94.0,490.0,33.0,0.28,83.0,13.0,0.28,22.0,7.1,0.52,18.0,9.0,69.0,4,4,8,0.32,0.32,2122
0.12,3.68,0.15,2.5,3.1,3.1,91.0,91.0,456.0,34.0,0.35,78.0,8.0,0.35,30.0,7.4,0.38,10.0,6.0,51.0,1,1,6,0.28,0.28,2223
0.0,4.09,0.07,0.1,0.2,0.2,13.0,13.0,78.0,5.0,0.53,12.0,0.0,0.53,3.0,1.5,0.0,2.0,0.0,11.0,0,0,2,0.68,0.68,1920
0.13,4.53,0.16,1.7,2.1,2.1,99.0,99.0,265.0,27.0,0.47,62.0,10.0,0.47,11.0,6.4,0.73,14.0,5.0,36.0,0,0,6,0.44,0.44,2021
0.2,3.38,0.12,3.7,3.7,3.7,178.0,178.0,585.0,43.0,0.36,103.0,14.0,0.36,29.0,10.9,0.46,17.0,8.0,75.0,4,4,14,0.46,0.46,2122
0.0,4.26,0.13,1.3,1.3,1.3,88.0,88.0,290.0,18.0,0.47,43.0,3.0,0.47,13.0,4.8,0.3,5.0,2.0,27.0,2,2,4,0.4,0.4,2223
0.08,4.25,0.23,3.0,4.0,4.0,139.0,139.0,449.0,36.0,0.48,75.0,3.0,0.56,15.0,8.5,0.17,12.0,3.0,49.0,3,3,8,0.45,0.45,2324
0.12,1.14,0.05,0.9,1.0,1.0,5.0,5.0,52.0,8.0,0.11,24.0,2.0,0.11,3.0,2.3,0.09,0.0,1.0,21.0,1,1,1,0.05,0.05,1920
0.0,1.1,0.04,1.0,1.2,1.2,18.0,18.0,133.0,15.0,0.1,37.0,6.0,0.1,11.0,3.2,0.18,4.0,5.0,29.0,4,4,4,0.12,0.12,2021
0.0,0.86,0.01,0.6,0.5,0.5,7.0,7.0,85.0,7.0,0.07,30.0,0.0,0.07,9.0,2.3,0.0,1.0,0.0,26.0,0,0,1,0.03,0.03,2122
0.0,0.85,0.02,1.0,0.4,0.4,4.0,4.0,66.0,4.0,0.07,21.0,2.0,0.07,5.0,1.6,0.08,0.0,2.0,19.0,0,0,1,0.04,0.04,2223
0.0,0.0,0.0,0.1,0.0,0.0,1.0,1.0,6.0,0.0,0.12,0.0,0.0,0.12,0.0,0.2,0.0,0.0,0.0,0.0,0,0,0,0.0,0.0,1920
0.0,0.3,0.0,0.1,0.0,0.0,2.0,2.0,39.0,1.0,0.06,5.0,0.0,0.06,3.0,1.0,0.0,0.0,0.0,4.0,0,0,0,0.0,0.0,2021
0.0,0.76,0.01,0.2,0.2,0.2,5.0,5.0,27.0,5.0,0.04,13.0,2.0,0.04,4.0,0.7,0.12,1.0,1.0,11.0,1,1,1,0.06,0.06,2223
0.0,0.81,0.01,0.5,0.2,0.2,10.0,10.0,48.0,6.0,0.03,22.0,6.0,0.03,2.0,0.8,0.22,3.0,5.0,19.0,0,0,0,0.0,0.0,2324
0.0,2.88,0.12,1.8,1.4,1.4,110.0,110.0,316.0,14.0,0.31,33.0,5.0,0.31,15.0,3.6,0.44,12.0,3.0,18.0,2,2,8,0.7,0.7,1819
0.0,4.58,0.19,0.6,1.2,1.2,41.0,41.0,140.0,15.0,0.43,30.0,2.0,0.55,6.0,2.8,0.31,6.0,2.0,20.0,0,0,2,0.31,0.15,1920
0.29,3.91,0.07,0.5,0.5,0.5,57.0,57.0,170.0,9.0,0.23,29.0,2.0,0.23,13.0,1.7,0.27,3.0,1.0,20.0,0,0,3,0.4,0.4,1920
0.23,4.1,0.14,2.3,3.0,3.0,130.0,130.0,477.0,35.0,0.3,85.0,9.0,0.34,22.0,6.2,0.43,34.0,4.0,36.0,6,6,11,0.53,0.53,2021
0.07,4.67,0.2,5.8,6.2,6.2,270.0,270.0,850.0,63.0,0.38,142.0,20.0,0.44,61.0,11.7,0.66,51.0,16.0,92.0,7,7,19,0.62,0.56,2122
0.0,2.87,0.09,2.8,2.5,2.5,188.0,188.0,577.0,29.0,0.25,78.0,11.0,0.28,30.0,6.7,0.41,42.0,8.0,59.0,2,2,7,0.26,0.22,2223
0.0,1.83,0.12,0.6,0.9,0.9,65.0,65.0,155.0,4.0,0.15,14.0,2.0,0.15,6.0,1.2,0.26,3.0,2.0,13.0,1,1,1,0.13,0.13,2021
0.0,4.11,0.16,0.6,1.3,1.3,42.0,42.0,154.0,16.0,0.22,34.0,3.0,0.31,10.0,1.8,0.36,6.0,1.0,27.0,1,1,5,0.6,0.48,2324
0.36,4.44,0.27,0.4,0.5,0.5,5.0,5.0,41.0,5.0,0.62,8.0,1.0,0.62,3.0,1.1,0.56,1.0,0.0,7.0,0,0,1,0.56,0.56,2324
0.0,2.45,0.05,0.1,0.2,0.2,21.0,21.0,87.0,4.0,0.6,11.0,0.0,0.6,2.0,2.7,0.0,2.0,0.0,3.0,0,0,1,0.22,0.22,1819
0.07,2.62,0.08,1.3,1.5,1.5,126.0,126.0,252.0,22.0,0.49,52.0,7.0,0.57,1.0,9.8,0.35,5.0,2.0,33.0,0,0,11,0.55,0.45,1920
0.07,2.53,0.13,1.9,3.7,3.7,169.0,169.0,411.0,33.0,0.44,72.0,8.0,0.47,11.0,12.5,0.28,22.0,4.0,50.0,2,2,10,0.35,0.35,2021
0.0,2.54,0.08,0.7,1.1,1.1,63.0,63.0,145.0,19.0,0.38,34.0,4.0,0.44,3.0,5.1,0.3,7.0,0.0,23.0,1,1,4,0.3,0.22,2324
0.0,1.04,0.06,0.8,1.4,1.4,20.0,20.0,208.0,12.0,0.27,26.0,2.0,0.27,11.0,6.7,0.08,3.0,1.0,19.0,2,2,7,0.28,0.28,1819
0.06,0.95,0.03,1.3,0.8,0.8,14.0,14.0,123.0,12.0,0.11,29.0,5.0,0.11,9.0,3.4,0.16,1.0,4.0,23.0,0,0,1,0.03,0.03,1920
0.03,1.17,0.05,1.3,1.6,1.6,19.0,19.0,139.0,16.0,0.13,37.0,3.0,0.13,15.0,4.1,0.09,0.0,2.0,30.0,2,2,3,0.09,0.09,2223
0.0,0.88,0.04,1.1,1.1,1.1,13.0,13.0,167.0,10.0,0.1,28.0,1.0,0.1,19.0,3.0,0.03,0.0,1.0,23.0,1,1,5,0.16,0.16,2324
0.0,2.0,0.18,1.6,2.7,2.7,87.0,87.0,246.0,16.0,0.59,30.0,3.0,0.69,6.0,8.9,0.2,7.0,3.0,22.0,2,2,10,0.67,0.53,2021
0.0,2.39,0.08,1.0,1.9,1.9,149.0,149.0,342.0,25.0,0.51,57.0,6.0,0.54,11.0,12.2,0.25,6.0,4.0,47.0,0,0,16,0.67,0.63,2122
0.0,3.84,0.24,1.5,3.9,3.9,167.0,167.0,340.0,33.0,0.65,62.0,12.0,0.65,14.0,10.5,0.74,5.0,11.0,55.0,6,6,18,1.11,1.11,2324
0.0,0.97,0.01,0.1,0.0,0.0,12.0,12.0,30.0,1.0,0.6,2.0,0.0,0.6,1.0,1.2,0.0,1.0,0.0,1.0,0,0,2,0.97,0.97,2425
0.0,2.64,0.13,1.9,1.6,1.6,71.0,71.0,221.0,13.0,0.22,31.0,3.0,0.22,16.0,2.6,0.26,8.0,1.0,19.0,0,0,0,0.0,0.0,1920
0.23,4.58,0.2,0.6,0.8,0.8,24.0,24.0,85.0,5.0,0.25,18.0,4.0,0.25,2.0,1.0,1.02,6.0,4.0,14.0,1,1,1,0.25,0.25,1920
0.21,3.32,0.24,3.8,5.2,5.2,215.0,215.0,568.0,35.0,0.42,73.0,10.0,0.42,27.0,9.2,0.46,33.0,6.0,44.0,5,5,9,0.41,0.41,2021
0.29,4.09,0.33,1.2,1.6,1.6,32.0,32.0,140.0,15.0,0.68,20.0,1.0,0.68,5.0,3.3,0.2,6.0,0.0,12.0,1,1,3,0.62,0.62,2122
0.38,4.04,0.18,1.9,1.3,1.3,57.0,57.0,220.0,12.0,0.69,28.0,5.0,0.81,12.0,4.8,0.72,7.0,3.0,24.0,2,2,9,1.3,1.15,2223
0.0,8.04,0.25,1.1,0.8,0.8,19.0,19.0,103.0,7.0,0.52,25.0,2.0,0.52,7.0,1.6,0.64,2.0,2.0,17.0,0,0,0,0.0,0.0,2324
0.0,1.27,0.02,0.4,0.5,0.5,6.0,6.0,75.0,8.0,0.09,28.0,2.0,0.09,5.0,2.0,0.09,1.0,2.0,25.0,1,1,2,0.09,0.09,1819
0.06,1.34,0.0,0.0,0.0,0.0,0.0,0.0,4.0,0.0,0.09,3.0,0.0,0.09,0.0,0.2,0.0,1.0,0.0,2.0,0,0,1,0.45,0.45,1920
0.11,1.27,0.01,0.8,0.4,0.4,34.0,34.0,226.0,9.0,0.09,33.0,5.0,0.09,14.0,2.4,0.19,6.0,5.0,29.0,2,2,4,0.15,0.15,2223
0.0,1.52,0.04,1.5,1.1,1.1,33.0,33.0,209.0,11.0,0.09,43.0,9.0,0.09,14.0,2.5,0.32,6.0,8.0,36.0,3,3,4,0.14,0.14,2324
0.23,2.16,0.06,1.0,0.9,0.9,116.0,116.0,363.0,13.0,0.16,35.0,1.0,0.16,16.0,2.5,0.06,8.0,1.0,27.0,0,0,1,0.06,0.06,2021
0.26,2.97,0.21,2.7,4.5,4.5,114.0,114.0,425.0,36.0,0.26,65.0,9.0,0.26,26.0,5.6,0.41,11.0,6.0,44.0,5,5,5,0.23,0.23,2122
0.12,2.56,0.1,1.1,0.8,0.8,50.0,50.0,163.0,9.0,0.13,20.0,3.0,0.13,11.0,1.0,0.38,1.0,2.0,13.0,2,2,2,0.26,0.26,2223
0.16,3.05,0.17,0.9,1.4,1.4,46.0,46.0,186.0,14.0,0.29,26.0,3.0,0.29,14.0,2.5,0.35,5.0,2.0,21.0,1,1,2,0.23,0.23,2223
0.13,2.58,0.07,2.0,1.4,1.4,94.0,94.0,383.0,21.0,0.14,49.0,3.0,0.14,20.0,2.6,0.16,13.0,1.0,36.0,3,3,3,0.16,0.16,2324
0.15,3.14,0.09,2.7,1.9,1.9,56.0,56.0,403.0,18.0,0.24,62.0,8.0,0.24,30.0,4.6,0.41,3.0,4.0,42.0,3,3,7,0.35,0.35,1718
0.0,3.15,0.15,3.8,4.0,4.0,125.0,125.0,706.0,27.0,0.34,84.0,16.0,0.46,40.0,9.0,0.6,23.0,12.0,62.0,4,4,13,0.49,0.41,1819
0.0,3.05,0.09,1.0,1.0,1.0,34.0,34.0,232.0,15.0,0.23,32.0,4.0,0.23,12.0,2.4,0.38,4.0,4.0,23.0,1,1,2,0.19,0.19,2021
0.24,3.17,0.22,2.4,2.4,2.4,71.0,71.0,267.0,17.0,0.32,35.0,2.0,0.32,23.0,3.5,0.18,7.0,0.0,25.0,1,1,2,0.18,0.18,2122
0.36,4.79,0.26,3.1,3.3,3.3,70.0,70.0,388.0,31.0,0.45,60.0,3.0,0.45,29.0,5.6,0.24,10.0,3.0,45.0,3,3,5,0.4,0.4,2223
0.19,4.96,0.34,1.9,1.9,1.9,29.0,29.0,201.0,18.0,0.45,28.0,3.0,0.45,14.0,2.5,0.53,0.0,3.0,22.0,2,2,4,0.71,0.71,2324
0.17,3.07,0.13,4.4,4.7,4.7,182.0,182.0,788.0,47.0,0.2,111.0,13.0,0.2,61.0,7.4,0.36,4.0,13.0,93.0,4,4,7,0.19,0.19,2223
0.09,2.6,0.09,1.7,2.4,2.4,173.0,173.0,364.0,30.0,0.5,71.0,7.0,0.5,11.0,13.5,0.26,16.0,5.0,46.0,3,3,9,0.33,0.33,1819
0.1,1.23,0.07,1.7,2.3,2.3,189.0,189.0,437.0,18.0,0.43,40.0,4.0,0.43,13.0,14.1,0.12,20.0,2.0,22.0,3,3,15,0.46,0.46,1920
0.0,1.66,0.07,0.7,1.3,1.3,81.0,81.0,250.0,12.0,0.47,32.0,5.0,0.47,3.0,9.1,0.26,10.0,4.0,21.0,2,2,8,0.41,0.41,2021
0.22,1.97,0.11,1.9,3.2,3.2,259.0,259.0,563.0,24.0,0.43,58.0,9.0,0.46,18.0,12.7,0.31,16.0,7.0,41.0,5,5,22,0.75,0.75,2122
0.0,2.43,0.26,0.3,1.2,1.2,34.0,34.0,92.0,5.0,0.56,11.0,3.0,0.56,2.0,2.5,0.66,3.0,3.0,10.0,1,1,5,1.11,1.11,2223
0.21,3.15,0.06,0.8,0.6,0.6,76.0,76.0,159.0,9.0,0.44,28.0,1.0,0.44,5.0,3.9,0.11,4.0,0.0,17.0,0,0,1,0.11,0.11,2324
0.0,1.77,0.04,1.3,1.0,1.0,100.0,100.0,326.0,14.0,0.11,45.0,3.0,0.11,18.0,2.7,0.12,7.0,2.0,34.0,2,2,3,0.12,0.12,2122
0.28,3.14,0.29,1.2,2.0,2.0,47.0,47.0,137.0,11.0,0.52,22.0,4.0,0.63,12.0,3.6,0.57,5.0,2.0,14.0,2,2,3,0.43,0.43,2324
0.0,0.85,0.02,0.1,0.1,0.1,8.0,8.0,44.0,1.0,0.11,4.0,0.0,0.11,0.0,0.5,0.0,0.0,0.0,2.0,0,0,1,0.21,0.21,2223
0.0,2.33,0.08,1.9,2.4,2.4,68.0,68.0,343.0,31.0,0.2,73.0,5.0,0.21,28.0,6.4,0.16,10.0,5.0,60.0,3,3,5,0.16,0.16,2122
0.0,1.79,0.02,0.4,0.2,0.2,41.0,41.0,151.0,3.0,0.02,19.0,1.0,0.02,8.0,0.2,0.09,1.0,0.0,15.0,0,0,0,0.0,0.0,1920
0.17,1.43,0.16,2.9,3.2,3.2,114.0,114.0,314.0,19.0,0.17,29.0,7.0,0.17,24.0,3.4,0.34,8.0,6.0,25.0,4,4,5,0.25,0.25,2021
0.1,1.09,0.07,0.8,0.9,0.9,80.0,80.0,285.0,9.0,0.13,13.0,2.0,0.13,7.0,1.5,0.17,7.0,1.0,10.0,2,2,2,0.17,0.17,2122
0.09,1.58,0.04,1.2,0.5,0.5,36.0,36.0,186.0,8.0,0.05,19.0,1.0,0.05,15.0,0.6,0.08,1.0,0.0,16.0,0,0,0,0.0,0.0,2324
0.11,1.26,0.05,1.2,1.3,1.3,136.0,136.0,373.0,12.0,0.34,35.0,2.0,0.46,7.0,9.4,0.07,5.0,1.0,23.0,1,1,14,0.5,0.36,1819
0.1,2.87,0.11,2.5,2.2,2.2,37.0,37.0,227.0,29.0,0.18,54.0,8.0,0.18,15.0,3.4,0.43,4.0,2.0,28.0,4,4,6,0.32,0.32,1819
0.21,4.11,0.15,3.0,2.8,2.8,108.0,108.0,429.0,42.0,0.32,79.0,6.0,0.32,26.0,6.2,0.31,9.0,3.0,49.0,2,2,6,0.31,0.31,2021
0.05,1.91,0.05,1.0,1.0,1.0,35.0,35.0,244.0,9.0,0.2,38.0,5.0,0.2,6.0,3.9,0.25,3.0,4.0,29.0,1,1,5,0.25,0.25,1819
0.12,1.51,0.06,0.9,1.1,1.1,36.0,36.0,220.0,9.0,0.15,28.0,4.0,0.15,9.0,2.8,0.22,1.0,2.0,18.0,1,1,1,0.05,0.05,1920
0.0,1.72,0.04,0.3,0.3,0.3,7.0,7.0,56.0,2.0,0.13,14.0,3.0,0.13,2.0,1.0,0.37,0.0,2.0,11.0,1,1,1,0.12,0.12,2021
0.0,1.25,0.01,0.2,0.2,0.2,15.0,15.0,115.0,7.0,0.23,18.0,3.0,0.23,3.0,3.4,0.21,0.0,1.0,13.0,0,0,5,0.35,0.35,2122
0.16,2.01,0.12,1.0,1.5,1.5,12.0,12.0,115.0,10.0,0.4,25.0,3.0,0.4,5.0,5.0,0.24,0.0,1.0,22.0,1,1,5,0.4,0.4,2223
0.11,1.62,0.04,0.1,0.2,0.2,8.0,8.0,56.0,4.0,0.07,10.0,0.0,0.07,2.0,0.4,0.0,0.0,0.0,8.0,1,1,1,0.16,0.16,2223
0.05,1.53,0.14,1.4,1.9,1.9,21.0,21.0,132.0,11.0,0.31,21.0,2.0,0.37,7.0,4.3,0.15,4.0,1.0,17.0,1,1,3,0.22,0.15,1920
0.11,2.38,0.07,1.1,1.5,1.5,56.0,56.0,280.0,21.0,0.25,49.0,4.0,0.25,8.0,5.2,0.19,1.0,2.0,37.0,1,1,8,0.39,0.39,2021
0.15,1.79,0.05,0.6,1.0,1.0,39.0,39.0,180.0,16.0,0.19,34.0,5.0,0.28,6.0,3.7,0.26,1.0,5.0,24.0,2,2,9,0.48,0.37,2122
0.08,2.57,0.08,1.3,1.8,1.8,37.0,37.0,221.0,19.0,0.19,53.0,6.0,0.23,13.0,4.0,0.29,4.0,5.0,45.0,3,3,7,0.34,0.29,2223
0.18,1.94,0.16,1.1,1.9,1.9,78.0,78.0,202.0,11.0,0.18,23.0,4.0,0.18,11.0,2.2,0.34,2.0,4.0,21.0,2,2,3,0.25,0.25,2122
0.22,2.42,0.13,2.5,2.1,2.1,87.0,87.0,310.0,20.0,0.17,41.0,5.0,0.17,13.0,2.9,0.3,5.0,5.0,33.0,3,3,3,0.18,0.18,2223
0.05,2.41,0.02,0.1,0.1,0.1,2.0,2.0,23.0,2.0,0.33,8.0,2.0,0.33,2.0,1.1,0.6,0.0,2.0,7.0,0,0,0,0.0,0.0,1920
0.3,1.75,0.03,1.3,0.7,0.7,27.0,27.0,256.0,8.0,0.05,36.0,3.0,0.05,14.0,1.1,0.15,8.0,3.0,31.0,1,1,1,0.05,0.05,2021
0.0,1.18,0.06,0.4,0.3,0.3,9.0,9.0,62.0,3.0,0.08,6.0,0.0,0.08,5.0,0.4,0.0,2.0,0.0,5.0,0,0,0,0.0,0.0,2223
0.0,4.61,0.26,4.1,7.0,7.0,263.0,263.0,675.0,47.0,0.43,125.0,20.0,0.43,67.0,11.7,0.74,46.0,13.0,82.0,9,9,14,0.52,0.52,1718
0.14,3.44,0.17,3.6,2.7,2.7,147.0,147.0,435.0,21.0,0.29,56.0,9.0,0.29,39.0,4.8,0.55,23.0,7.0,38.0,3,3,8,0.49,0.49,1819
0.2,3.27,0.09,1.5,1.2,1.2,117.0,117.0,318.0,17.0,0.16,46.0,6.0,0.16,28.0,2.2,0.43,15.0,4.0,32.0,2,2,4,0.28,0.28,1920
0.21,3.81,0.16,3.3,4.0,4.0,154.0,154.0,540.0,34.0,0.3,97.0,16.0,0.3,50.0,7.7,0.63,34.0,13.0,61.0,5,5,10,0.39,0.39,2021
0.13,3.63,0.14,4.8,4.0,4.0,245.0,245.0,723.0,43.0,0.3,105.0,19.0,0.36,52.0,8.7,0.66,21.0,10.0,60.0,6,6,17,0.59,0.55,2122
0.36,3.79,0.14,1.1,1.5,1.5,88.0,88.0,248.0,19.0,0.36,40.0,4.0,0.36,23.0,3.8,0.38,10.0,3.0,29.0,2,2,5,0.47,0.47,2324
0.21,2.77,0.22,0.2,1.0,1.0,39.0,39.0,99.0,4.0,0.79,12.0,1.0,0.79,1.0,3.4,0.23,5.0,1.0,6.0,1,1,4,0.92,0.92,1819
0.12,2.95,0.25,2.9,3.6,3.6,98.0,98.0,281.0,22.0,0.77,42.0,5.0,0.82,16.0,11.0,0.35,13.0,3.0,28.0,3,3,10,0.7,0.63,1920
0.0,1.68,0.13,1.2,1.1,1.1,44.0,44.0,119.0,3.0,0.32,14.0,3.0,0.32,5.0,2.7,0.36,6.0,1.0,6.0,1,1,2,0.24,0.24,2021
0.0,2.44,0.03,0.2,0.2,0.2,43.0,43.0,106.0,6.0,0.36,14.0,1.0,0.63,1.0,2.1,0.17,0.0,0.0,9.0,0,0,3,0.52,0.35,2122
0.05,4.25,0.13,2.0,1.6,1.6,97.0,97.0,256.0,21.0,0.39,53.0,4.0,0.39,20.0,4.8,0.32,12.0,3.0,35.0,2,2,6,0.48,0.48,1819
0.19,3.84,0.09,1.5,1.8,1.8,138.0,138.0,404.0,22.0,0.38,72.0,15.0,0.38,29.0,7.1,0.8,14.0,7.0,52.0,1,1,10,0.53,0.53,1920
0.11,2.18,0.09,1.0,1.4,1.4,98.0,98.0,251.0,14.0,0.3,34.0,8.0,0.35,11.0,4.7,0.51,6.0,7.0,29.0,3,3,10,0.64,0.58,2021
0.2,2.47,0.06,1.2,1.0,1.0,93.0,93.0,267.0,14.0,0.45,39.0,2.0,0.45,10.0,7.1,0.13,4.0,1.0,29.0,1,1,7,0.44,0.44,2223
0.1,2.27,0.1,1.8,2.4,2.4,102.0,102.0,399.0,27.0,0.54,56.0,8.0,0.57,14.0,13.2,0.32,4.0,7.0,46.0,5,5,19,0.77,0.77,2324
0.07,1.53,0.03,1.3,1.0,1.0,33.0,33.0,305.0,16.0,0.05,44.0,3.0,0.05,22.0,1.5,0.1,2.0,2.0,38.0,2,2,3,0.1,0.1,1920
0.08,1.79,0.05,1.9,1.5,1.5,31.0,31.0,364.0,17.0,0.08,50.0,5.0,0.08,26.0,2.3,0.18,0.0,4.0,43.0,2,2,3,0.11,0.11,2021
0.0,3.31,0.16,4.0,5.2,5.2,175.0,175.0,658.0,47.0,0.3,110.0,17.0,0.3,40.0,9.9,0.51,9.0,16.0,94.0,7,7,14,0.42,0.42,2223
0.22,3.86,0.09,5.9,2.7,2.7,53.0,53.0,797.0,41.0,0.15,121.0,11.0,0.15,54.0,4.5,0.35,4.0,11.0,110.0,0,0,3,0.1,0.1,2324
0.12,2.5,0.26,0.5,1.1,1.1,32.0,32.0,71.0,11.0,0.68,11.0,1.0,0.68,2.0,3.0,0.23,1.0,1.0,8.0,1,1,1,0.23,0.23,2122
0.09,2.14,0.06,1.5,1.6,1.6,160.0,160.0,333.0,15.0,0.34,53.0,10.0,0.54,11.0,8.6,0.4,13.0,5.0,32.0,3,3,13,0.52,0.36,2223
0.07,4.56,0.1,1.8,1.5,1.5,54.0,54.0,289.0,28.0,0.18,68.0,8.0,0.18,20.0,2.7,0.54,7.0,4.0,32.0,1,1,2,0.13,0.13,2122
0.18,2.52,0.05,0.9,0.6,0.6,59.0,59.0,258.0,13.0,0.18,36.0,5.0,0.18,11.0,2.5,0.35,3.0,1.0,25.0,1,1,3,0.21,0.21,2223
0.1,3.46,0.17,1.5,2.8,2.8,69.0,69.0,325.0,28.0,0.35,57.0,6.0,0.35,11.0,5.7,0.36,5.0,2.0,34.0,3,3,6,0.36,0.36,2324
0.04,2.13,0.05,0.7,1.0,1.0,33.0,33.0,160.0,9.0,0.14,43.0,3.0,0.14,5.0,2.7,0.15,8.0,0.0,25.0,1,1,4,0.2,0.2,2021
0.06,1.56,0.04,1.3,1.1,1.1,72.0,72.0,272.0,14.0,0.27,42.0,5.0,0.27,12.0,7.3,0.19,6.0,4.0,35.0,1,1,9,0.33,0.33,2122
0.21,1.24,0.07,0.8,1.1,1.1,46.0,46.0,170.0,8.0,0.22,20.0,1.0,0.22,5.0,3.6,0.06,6.0,1.0,12.0,1,1,2,0.12,0.12,2223
0.0,1.85,0.12,2.2,2.8,2.8,60.0,60.0,297.0,21.0,0.28,44.0,8.0,0.28,17.0,6.6,0.34,1.0,7.0,33.0,5,5,9,0.38,0.38,2324
0.28,3.15,0.1,2.9,2.6,2.6,246.0,246.0,551.0,25.0,0.41,82.0,10.0,0.41,22.0,10.7,0.38,15.0,7.0,64.0,3,3,14,0.54,0.54,1819
0.2,2.76,0.14,1.4,1.5,1.5,70.0,70.0,195.0,10.0,0.35,30.0,8.0,0.42,9.0,3.8,0.73,8.0,5.0,24.0,3,3,6,0.55,0.46,1920
0.13,2.49,0.07,1.1,1.0,1.0,82.0,82.0,255.0,19.0,0.21,37.0,5.0,0.21,11.0,3.2,0.34,5.0,4.0,31.0,3,3,6,0.4,0.4,2021
0.08,3.18,0.11,1.2,1.6,1.6,94.0,94.0,256.0,23.0,0.37,48.0,2.0,0.37,12.0,5.6,0.13,12.0,2.0,38.0,2,2,4,0.26,0.26,2122
0.24,1.23,0.04,0.2,0.5,0.5,75.0,75.0,159.0,9.0,0.31,16.0,1.0,0.31,1.0,4.0,0.08,2.0,1.0,14.0,1,1,3,0.23,0.23,2223
0.07,2.84,0.08,1.4,1.1,1.1,85.0,85.0,246.0,17.0,0.12,39.0,8.0,0.12,13.0,1.6,0.58,9.0,6.0,28.0,2,2,2,0.15,0.15,2324
0.07,2.12,0.08,1.1,1.4,1.4,111.0,111.0,276.0,10.0,0.43,36.0,1.0,0.43,8.0,7.2,0.06,14.0,1.0,19.0,0,0,4,0.24,0.24,1819
0.05,1.69,0.03,0.1,0.1,0.1,14.0,14.0,64.0,3.0,0.46,8.0,2.0,0.46,0.0,2.2,0.42,1.0,1.0,4.0,0,0,4,0.85,0.85,1718
0.15,2.48,0.06,1.0,1.4,1.4,76.0,76.0,388.0,21.0,0.37,55.0,4.0,0.47,7.0,8.1,0.18,2.0,3.0,42.0,1,1,7,0.32,0.27,1819
0.18,2.23,0.05,0.3,0.7,0.7,57.0,57.0,237.0,11.0,0.44,30.0,3.0,0.44,5.0,5.9,0.22,2.0,2.0,22.0,2,2,3,0.22,0.22,1920
0.0,1.35,0.1,0.8,1.1,1.1,30.0,30.0,162.0,8.0,0.32,15.0,2.0,0.32,2.0,3.6,0.18,0.0,2.0,14.0,2,2,5,0.45,0.45,2021
0.0,0.96,0.01,0.2,0.1,0.1,10.0,10.0,72.0,3.0,0.07,10.0,2.0,0.07,3.0,0.7,0.19,0.0,2.0,9.0,0,0,1,0.1,0.1,1920
0.07,1.32,0.02,0.6,0.7,0.7,12.0,12.0,201.0,11.0,0.1,42.0,1.0,0.1,7.0,3.0,0.03,4.0,0.0,32.0,0,0,1,0.03,0.03,2021
0.0,1.81,0.02,1.0,0.5,0.5,14.0,14.0,163.0,14.0,0.06,51.0,4.0,0.06,9.0,1.6,0.14,1.0,4.0,46.0,2,2,3,0.11,0.11,2122
0.0,1.16,0.01,0.8,0.3,0.3,18.0,18.0,229.0,11.0,0.05,37.0,2.0,0.05,9.0,1.6,0.06,3.0,2.0,32.0,0,0,1,0.03,0.03,2223
0.08,1.17,0.04,0.8,0.8,0.8,18.0,18.0,156.0,4.0,0.07,24.0,6.0,0.07,1.0,1.4,0.29,1.0,4.0,18.0,0,0,2,0.1,0.1,2324
0.0,0.72,0.0,0.1,0.0,0.0,27.0,27.0,93.0,1.0,0.14,5.0,0.0,0.14,2.0,1.0,0.0,3.0,0.0,4.0,0,0,0,0.0,0.0,1819
0.0,0.81,0.04,0.4,1.0,1.0,1.0,1.0,36.0,3.0,0.16,18.0,5.0,0.16,1.0,3.5,0.22,1.0,2.0,11.0,2,2,4,0.18,0.18,1819
0.0,0.43,0.02,0.5,0.5,0.5,4.0,4.0,37.0,3.0,0.12,10.0,2.0,0.12,6.0,2.7,0.09,0.0,2.0,9.0,1,1,6,0.26,0.26,2021
0.0,0.69,0.02,0.4,0.3,0.3,2.0,2.0,40.0,2.0,0.05,14.0,1.0,0.05,2.0,1.0,0.05,2.0,1.0,12.0,0,0,0,0.0,0.0,2122
0.0,0.54,0.01,0.3,0.1,0.1,0.0,0.0,37.0,2.0,0.07,13.0,4.0,0.07,2.0,1.7,0.17,0.0,2.0,11.0,0,0,3,0.13,0.13,2223
0.04,0.46,0.02,0.2,0.5,0.5,5.0,5.0,32.0,4.0,0.05,9.0,0.0,0.05,1.0,0.9,0.0,1.0,0.0,7.0,0,0,1,0.05,0.05,2324
0.06,2.68,0.08,1.0,0.5,0.5,12.0,12.0,91.0,8.0,0.15,16.0,0.0,0.15,4.0,0.9,0.0,0.0,0.0,9.0,0,0,0,0.0,0.0,2324
0.11,4.36,0.2,6.1,6.9,6.9,144.0,144.0,763.0,73.0,0.39,151.0,15.0,0.51,49.0,13.6,0.43,7.0,10.0,88.0,6,6,19,0.55,0.49,1819
0.2,3.2,0.15,3.7,4.2,4.2,73.0,73.0,491.0,51.0,0.26,91.0,7.0,0.29,25.0,7.4,0.25,9.0,3.0,39.0,3,3,5,0.18,0.14,1920
0.06,1.74,0.09,2.6,2.4,2.4,159.0,159.0,387.0,20.0,0.36,45.0,8.0,0.39,18.0,9.2,0.31,8.0,4.0,32.0,3,3,12,0.47,0.43,2021
0.03,1.93,0.16,1.2,2.8,2.8,132.0,132.0,285.0,14.0,0.59,33.0,8.0,0.68,6.0,10.0,0.47,16.0,4.0,24.0,1,1,12,0.7,0.58,2122
0.04,3.27,0.12,3.1,2.2,2.2,89.0,89.0,336.0,24.0,0.23,59.0,7.0,0.23,21.0,4.1,0.39,18.0,4.0,42.0,2,2,5,0.28,0.28,2223
0.19,1.99,0.05,1.8,1.3,1.3,88.0,88.0,308.0,21.0,0.15,51.0,4.0,0.18,23.0,3.9,0.16,10.0,2.0,38.0,1,1,4,0.16,0.12,2324
0.0,1.85,0.03,0.4,0.4,0.4,28.0,28.0,140.0,10.0,0.1,26.0,1.0,0.1,3.0,1.4,0.07,0.0,1.0,23.0,0,0,2,0.14,0.14,2122
0.3,5.02,0.19,5.5,6.2,6.2,196.0,196.0,897.0,84.0,0.36,161.0,13.0,0.36,38.0,11.4,0.41,22.0,8.0,118.0,6,6,9,0.28,0.28,1819
0.31,4.73,0.26,5.6,7.9,7.9,193.0,193.0,931.0,70.0,0.5,142.0,15.0,0.52,45.0,14.9,0.5,18.0,11.0,106.0,9,9,18,0.6,0.57,1920
0.44,6.06,0.31,8.5,9.1,9.1,193.0,193.0,919.0,98.0,0.45,176.0,19.0,0.48,57.0,13.1,0.65,21.0,9.0,98.0,9,9,13,0.45,0.41,2021
0.23,6.27,0.32,7.7,8.7,8.7,126.0,126.0,750.0,88.0,0.44,173.0,21.0,0.53,53.0,12.2,0.76,9.0,12.0,100.0,12,12,19,0.69,0.58,2122
0.11,4.99,0.19,6.0,5.0,5.0,68.0,68.0,581.0,70.0,0.28,131.0,11.0,0.31,37.0,7.3,0.42,6.0,8.0,75.0,6,6,9,0.34,0.3,2223
0.41,4.57,0.2,3.1,2.9,2.9,142.0,142.0,553.0,29.0,0.43,67.0,6.0,0.43,28.0,6.3,0.41,20.0,6.0,48.0,3,3,7,0.48,0.48,2122
0.19,2.18,0.1,2.8,3.3,3.3,142.0,142.0,499.0,34.0,0.16,72.0,5.0,0.16,25.0,5.3,0.15,13.0,4.0,56.0,2,2,2,0.06,0.06,1819
0.31,2.76,0.09,4.2,3.1,3.1,236.0,236.0,751.0,35.0,0.13,92.0,10.0,0.13,52.0,4.4,0.3,11.0,6.0,79.0,1,1,2,0.06,0.06,2021
0.08,2.28,0.09,3.6,2.6,2.6,162.0,162.0,537.0,22.0,0.16,64.0,11.0,0.16,34.0,4.4,0.39,8.0,10.0,57.0,4,4,5,0.18,0.18,2223
0.06,2.83,0.12,2.5,2.9,2.9,93.0,93.0,441.0,25.0,0.23,71.0,4.0,0.23,28.0,5.9,0.16,12.0,4.0,52.0,2,2,4,0.16,0.16,1819
0.1,4.24,0.11,2.3,1.9,1.9,110.0,110.0,486.0,30.0,0.41,74.0,7.0,0.41,22.0,7.1,0.4,11.0,6.0,43.0,1,1,5,0.29,0.29,1920
0.1,3.77,0.17,2.1,3.5,3.5,120.0,120.0,517.0,35.0,0.38,75.0,8.0,0.38,22.0,7.5,0.4,12.0,4.0,45.0,2,2,7,0.35,0.35,2021
0.0,4.07,0.18,3.2,3.5,3.5,134.0,134.0,460.0,36.0,0.47,80.0,7.0,0.47,35.0,9.3,0.36,46.0,6.0,57.0,2,2,9,0.46,0.46,2122
0.0,3.96,0.27,0.8,1.8,1.8,36.0,36.0,127.0,17.0,0.41,26.0,6.0,0.41,7.0,2.7,0.91,7.0,4.0,21.0,3,3,3,0.46,0.46,2223
0.09,3.77,0.17,0.3,0.7,0.7,19.0,19.0,85.0,8.0,0.37,16.0,0.0,0.37,8.0,1.6,0.0,2.0,0.0,13.0,0,0,0,0.0,0.0,2324
0.1,2.27,0.07,0.2,0.4,0.4,12.0,12.0,56.0,5.0,0.14,15.0,0.0,0.14,2.0,0.9,0.0,1.0,0.0,11.0,0,0,0,0.0,0.0,1819
0.0,1.11,0.01,0.2,0.1,0.1,10.0,10.0,100.0,4.0,0.05,11.0,1.0,0.05,3.0,0.5,0.1,1.0,1.0,10.0,1,1,2,0.2,0.2,1920
0.0,0.85,0.0,0.0,0.0,0.0,1.0,1.0,31.0,0.0,0.11,3.0,1.0,0.11,0.0,0.4,0.28,0.0,1.0,2.0,0,0,0,0.0,0.0,2021
0.0,0.5,0.0,0.1,0.0,0.0,32.0,32.0,78.0,0.0,0.02,3.0,0.0,0.02,1.0,0.1,0.0,4.0,0.0,2.0,0,0,0,0.0,0.0,1819
0.0,2.0,0.06,0.4,1.0,1.0,52.0,52.0,225.0,8.0,0.09,32.0,2.0,0.09,7.0,1.5,0.12,6.0,1.0,26.0,0,0,1,0.06,0.06,1920
0.0,2.26,0.05,1.1,0.6,0.6,29.0,29.0,134.0,11.0,0.16,28.0,1.0,0.16,12.0,2.0,0.08,6.0,0.0,21.0,0,0,0,0.0,0.0,2223
0.0,2.48,0.16,1.7,2.5,2.5,102.0,102.0,259.0,16.0,0.28,38.0,8.0,0.28,14.0,4.3,0.52,13.0,7.0,35.0,2,2,5,0.33,0.33,2021
0.2,1.76,0.11,0.2,0.4,0.4,17.0,17.0,69.0,2.0,0.17,6.0,0.0,0.17,1.0,0.6,0.0,0.0,0.0,5.0,0,0,0,0.0,0.0,2122
0.0,0.0,0.0,0.0,0.0,0.0,4.0,4.0,14.0,0.0,0.09,0.0,0.0,0.09,0.0,0.1,0.0,0.0,0.0,0.0,0,0,0,0.0,0.0,2122
0.0,4.06,0.25,0.5,0.4,0.4,10.0,10.0,19.0,2.0,0.27,6.0,0.0,0.27,1.0,0.4,0.0,0.0,0.0,5.0,0,0,1,0.68,0.68,2324
0.15,2.42,0.15,3.9,5.0,5.0,243.0,243.0,773.0,48.0,0.31,80.0,9.0,0.31,39.0,10.1,0.27,13.0,7.0,72.0,5,5,10,0.3,0.3,1819
0.05,3.63,0.17,3.4,4.5,4.5,216.0,216.0,646.0,44.0,0.26,95.0,11.0,0.26,27.0,6.8,0.42,14.0,10.0,82.0,4,4,4,0.15,0.15,1920
0.0,2.5,0.09,1.7,1.8,1.8,159.0,159.0,439.0,20.0,0.25,49.0,4.0,0.25,19.0,5.0,0.2,7.0,4.0,42.0,1,1,3,0.15,0.15,2021
0.06,2.21,0.05,1.9,0.8,0.8,121.0,121.0,408.0,13.0,0.15,34.0,3.0,0.15,17.0,2.3,0.19,6.0,3.0,30.0,0,0,0,0.0,0.0,2122
0.0,2.67,0.16,1.2,2.0,2.0,71.0,71.0,245.0,22.0,0.19,33.0,3.0,0.19,17.0,2.4,0.24,3.0,3.0,28.0,1,1,1,0.08,0.08,2324
0.34,1.38,0.01,0.1,0.0,0.0,2.0,2.0,47.0,2.0,0.07,9.0,0.0,0.07,0.0,0.5,0.0,0.0,0.0,7.0,0,0,1,0.15,0.15,2223
0.0,1.32,0.03,1.3,0.8,0.8,27.0,27.0,180.0,15.0,0.04,34.0,1.0,0.04,11.0,0.9,0.04,3.0,1.0,32.0,0,0,0,0.0,0.0,2122
0.05,1.32,0.02,0.8,0.6,0.6,37.0,37.0,214.0,10.0,0.04,39.0,2.0,0.06,9.0,1.1,0.07,4.0,1.0,33.0,0,0,2,0.07,0.03,2223
0.14,2.32,0.13,2.0,4.1,4.1,107.0,107.0,463.0,35.0,0.19,74.0,7.0,0.19,29.0,6.0,0.22,4.0,6.0,64.0,4,4,7,0.22,0.22,2223
0.0,1.97,0.07,1.5,1.1,1.1,40.0,40.0,182.0,14.0,0.09,29.0,5.0,0.09,15.0,1.4,0.34,1.0,3.0,25.0,2,2,2,0.14,0.14,2324
0.07,3.19,0.15,1.8,4.0,4.0,194.0,194.0,471.0,30.0,0.57,86.0,14.0,0.68,14.0,15.3,0.52,32.0,9.0,58.0,4,4,21,0.78,0.63,1819
0.08,3.56,0.25,5.5,9.1,9.1,212.0,212.0,639.0,49.0,0.68,128.0,21.0,0.77,42.0,24.5,0.58,31.0,17.0,94.0,9,9,26,0.72,0.61,2122
0.0,0.86,0.0,0.6,0.1,0.1,5.0,5.0,102.0,4.0,0.07,24.0,0.0,0.07,2.0,2.1,0.0,1.0,0.0,14.0,0,0,1,0.04,0.04,2122
0.0,1.31,0.07,0.9,1.2,1.2,2.0,2.0,89.0,6.0,0.18,24.0,4.0,0.18,6.0,3.3,0.22,2.0,2.0,19.0,2,2,4,0.22,0.22,2324
0.0,1.54,0.1,1.2,1.5,1.5,34.0,34.0,172.0,18.0,0.2,25.0,4.0,0.2,10.0,3.2,0.25,1.0,4.0,16.0,3,3,4,0.25,0.25,2324
0.33,2.62,0.07,1.0,0.9,0.9,87.0,87.0,253.0,12.0,0.24,32.0,9.0,0.24,13.0,2.9,0.74,8.0,4.0,18.0,3,3,5,0.41,0.41,2223
0.08,3.61,0.19,2.7,3.5,3.5,130.0,130.0,371.0,22.0,0.38,65.0,10.0,0.38,26.0,6.8,0.56,17.0,9.0,42.0,6,6,10,0.56,0.56,2324
0.0,1.63,0.01,0.5,0.3,0.3,19.0,19.0,224.0,7.0,0.07,29.0,3.0,0.07,8.0,1.3,0.17,2.0,3.0,27.0,0,0,1,0.06,0.06,1819
0.0,1.95,0.04,1.5,1.0,1.0,18.0,18.0,283.0,18.0,0.06,48.0,6.0,0.06,12.0,1.5,0.24,1.0,6.0,42.0,0,0,0,0.0,0.0,1920
0.1,0.73,0.02,0.4,0.2,0.2,1.0,1.0,75.0,4.0,0.02,7.0,1.0,0.02,6.0,0.2,0.1,0.0,1.0,6.0,0,0,0,0.0,0.0,2021
0.0,2.86,0.15,1.9,1.5,1.5,18.0,18.0,142.0,11.0,0.16,29.0,4.0,0.16,13.0,1.6,0.39,1.0,4.0,22.0,1,1,1,0.1,0.1,2122
0.35,4.48,0.15,1.0,1.7,1.7,115.0,115.0,301.0,17.0,0.51,50.0,4.0,0.51,8.0,5.6,0.36,28.0,2.0,36.0,2,2,3,0.27,0.27,1819
0.19,3.76,0.18,3.0,4.1,4.1,221.0,221.0,592.0,35.0,0.53,87.0,16.0,0.53,34.0,12.2,0.69,48.0,11.0,66.0,8,8,14,0.6,0.6,1920
0.43,3.29,0.07,2.4,1.6,1.6,163.0,163.0,482.0,26.0,0.35,71.0,10.0,0.35,17.0,7.5,0.46,33.0,8.0,49.0,4,4,13,0.6,0.6,2021
0.03,2.7,0.2,3.2,4.6,4.6,237.0,237.0,589.0,29.0,0.44,63.0,13.0,0.44,24.0,10.2,0.56,48.0,11.0,48.0,10,10,16,0.69,0.69,2122
0.34,2.09,0.1,2.2,3.1,3.1,257.0,257.0,600.0,19.0,0.4,63.0,14.0,0.4,31.0,12.0,0.46,48.0,8.0,43.0,1,1,14,0.46,0.46,2223
0.21,3.25,0.36,1.9,3.2,3.2,79.0,79.0,200.0,13.0,0.76,29.0,6.0,0.76,17.0,6.8,0.67,23.0,4.0,18.0,3,3,8,0.9,0.9,2324
0.11,6.52,0.16,0.4,0.6,0.6,38.0,38.0,151.0,9.0,0.37,25.0,2.0,0.37,6.0,1.4,0.52,2.0,2.0,18.0,0,0,0,0.0,0.0,2122
0.4,4.19,0.2,4.3,3.5,3.5,129.0,129.0,491.0,26.0,0.31,75.0,10.0,0.31,41.0,5.6,0.56,10.0,10.0,62.0,2,2,3,0.17,0.17,2223
0.49,5.19,0.23,4.6,3.5,3.5,122.0,122.0,512.0,37.0,0.42,78.0,10.0,0.42,45.0,6.2,0.67,9.0,6.0,61.0,6,6,9,0.6,0.6,2324
0.0,1.36,0.05,0.5,0.5,0.5,17.0,17.0,93.0,6.0,0.13,14.0,2.0,0.13,1.0,1.4,0.19,5.0,2.0,12.0,0,0,0,0.0,0.0,1819
0.03,1.69,0.03,1.3,0.6,0.6,82.0,82.0,301.0,12.0,0.13,32.0,1.0,0.13,16.0,2.5,0.05,4.0,1.0,29.0,0,0,2,0.11,0.11,1920
0.0,1.79,0.07,2.9,2.5,2.5,214.0,214.0,621.0,28.0,0.12,59.0,2.0,0.12,37.0,3.9,0.06,16.0,1.0,48.0,1,1,3,0.09,0.09,2021
0.04,1.16,0.14,1.2,0.9,0.9,45.0,45.0,114.0,3.0,0.32,7.0,1.0,0.32,5.0,1.9,0.17,1.0,1.0,6.0,0,0,0,0.0,0.0,2122
0.18,2.06,0.11,1.8,2.8,2.8,94.0,94.0,384.0,21.0,0.19,51.0,5.0,0.19,25.0,4.8,0.2,9.0,4.0,41.0,1,1,2,0.08,0.08,2324
0.0,4.6,0.21,3.2,4.7,4.7,114.0,114.0,553.0,36.0,0.41,104.0,5.0,0.51,27.0,9.3,0.22,30.0,3.0,59.0,2,2,9,0.4,0.31,1819
0.29,4.28,0.2,4.0,3.8,3.8,131.0,131.0,470.0,31.0,0.32,81.0,8.0,0.32,21.0,6.1,0.42,25.0,3.0,37.0,4,4,6,0.32,0.32,2021
0.0,2.17,0.13,2.5,2.2,2.2,121.0,121.0,364.0,8.0,0.18,37.0,9.0,0.18,25.0,3.1,0.53,9.0,8.0,32.0,5,5,5,0.29,0.29,1819
0.09,1.24,0.03,0.8,0.4,0.4,70.0,70.0,211.0,3.0,0.06,16.0,0.0,0.06,7.0,0.8,0.0,5.0,0.0,14.0,0,0,1,0.08,0.08,1920
0.09,1.98,0.1,2.6,2.4,2.4,142.0,142.0,482.0,20.0,0.14,46.0,7.0,0.14,26.0,3.2,0.3,9.0,6.0,43.0,2,2,3,0.13,0.13,2021
0.0,2.14,0.1,3.0,2.1,2.1,103.0,103.0,357.0,26.0,0.12,47.0,7.0,0.12,20.0,2.7,0.32,7.0,6.0,39.0,2,2,2,0.09,0.09,2122
0.0,4.0,0.34,4.3,6.2,6.2,144.0,144.0,513.0,29.0,0.62,73.0,11.0,0.62,30.0,11.2,0.6,13.0,10.0,56.0,4,4,10,0.55,0.55,1819
0.33,4.29,0.17,2.4,3.0,3.0,96.0,96.0,354.0,27.0,0.51,73.0,9.0,0.51,23.0,8.7,0.53,12.0,8.0,60.0,5,5,14,0.82,0.82,1920
0.22,3.97,0.26,5.4,7.6,7.6,225.0,225.0,695.0,48.0,0.6,117.0,17.0,0.63,46.0,17.7,0.58,41.0,14.0,93.0,10,10,23,0.75,0.72,2021
0.09,3.39,0.18,3.9,5.1,5.1,139.0,139.0,528.0,41.0,0.33,94.0,13.0,0.33,38.0,9.0,0.47,15.0,10.0,69.0,6,6,11,0.4,0.4,2122
0.26,3.63,0.1,2.4,2.1,2.1,74.0,74.0,402.0,19.0,0.22,80.0,8.0,0.22,32.0,4.9,0.36,10.0,7.0,61.0,2,2,5,0.23,0.23,2223
0.15,3.75,0.15,4.3,4.5,4.5,127.0,127.0,628.0,40.0,0.26,116.0,18.0,0.26,46.0,8.1,0.58,13.0,16.0,102.0,8,8,10,0.32,0.32,2324
0.0,1.33,0.06,0.6,0.4,0.4,33.0,33.0,140.0,5.0,0.11,9.0,1.0,0.11,5.0,0.8,0.15,2.0,1.0,6.0,0,0,1,0.15,0.15,2324
0.12,2.57,0.09,1.7,2.4,2.4,62.0,62.0,381.0,29.0,0.14,69.0,11.0,0.14,16.0,3.7,0.41,7.0,8.0,43.0,4,4,4,0.15,0.15,1920
0.0,2.96,0.11,2.1,2.7,2.7,85.0,85.0,356.0,36.0,0.22,72.0,5.0,0.25,20.0,5.3,0.21,4.0,3.0,43.0,3,3,10,0.41,0.37,2021
0.2,0.93,0.03,0.2,0.2,0.2,20.0,20.0,88.0,2.0,0.11,7.0,0.0,0.11,3.0,0.9,0.0,4.0,0.0,5.0,0,0,0,0.0,0.0,2122
0.0,1.18,0.01,0.1,0.0,0.0,4.0,4.0,27.0,1.0,0.04,6.0,0.0,0.04,1.0,0.2,0.0,0.0,0.0,3.0,0,0,0,0.0,0.0,2021
0.11,0.99,0.1,1.0,1.9,1.9,70.0,70.0,251.0,8.0,0.21,19.0,4.0,0.21,9.0,4.1,0.21,4.0,2.0,14.0,2,2,5,0.26,0.26,2021
0.1,1.78,0.15,2.4,2.7,2.7,101.0,101.0,300.0,15.0,0.21,32.0,4.0,0.21,15.0,3.8,0.22,10.0,4.0,27.0,2,2,5,0.28,0.28,2122
0.0,2.59,0.09,1.5,1.9,1.9,55.0,55.0,297.0,23.0,0.14,54.0,4.0,0.14,16.0,2.8,0.19,7.0,4.0,46.0,2,2,3,0.14,0.14,2223
0.11,2.62,0.1,1.3,1.8,1.8,58.0,58.0,218.0,21.0,0.29,47.0,3.0,0.29,19.0,5.1,0.17,8.0,3.0,35.0,0,0,2,0.11,0.11,2324
0.0,2.1,0.05,0.4,0.4,0.4,28.0,28.0,98.0,8.0,0.07,16.0,1.0,0.07,6.0,0.5,0.13,1.0,1.0,15.0,0,0,0,0.0,0.0,1920
0.08,1.72,0.07,2.8,2.1,2.1,29.0,29.0,160.0,20.0,0.1,49.0,4.0,0.1,11.0,2.9,0.14,2.0,4.0,32.0,1,1,2,0.07,0.07,2223
0.0,1.41,0.08,2.4,2.0,2.0,32.0,32.0,204.0,19.0,0.12,35.0,8.0,0.12,21.0,2.9,0.32,2.0,7.0,30.0,2,2,2,0.08,0.08,2324
0.0,2.65,0.11,2.5,2.9,2.9,111.0,111.0,366.0,26.0,0.12,70.0,7.0,0.12,15.0,3.3,0.27,3.0,6.0,53.0,4,4,5,0.19,0.19,1819
0.28,3.98,0.22,3.5,4.8,4.8,256.0,256.0,557.0,35.0,0.65,87.0,10.0,0.65,22.0,14.1,0.46,43.0,5.0,57.0,3,3,14,0.64,0.64,2021
0.17,3.63,0.12,2.6,2.2,2.2,179.0,179.0,406.0,28.0,0.44,65.0,12.0,0.45,32.0,7.9,0.67,31.0,9.0,52.0,5,5,10,0.56,0.56,2122
0.18,3.62,0.14,3.4,4.7,4.7,163.0,163.0,605.0,44.0,0.34,123.0,20.0,0.34,36.0,11.5,0.59,28.0,11.0,97.0,7,7,14,0.41,0.41,1819
0.15,3.91,0.11,2.4,2.3,2.3,127.0,127.0,446.0,24.0,0.27,85.0,11.0,0.27,25.0,6.0,0.51,28.0,9.0,53.0,4,4,7,0.32,0.32,1920
0.14,5.3,0.2,3.6,4.0,4.0,172.0,172.0,535.0,38.0,0.62,105.0,12.0,0.7,29.0,12.3,0.61,33.0,7.0,73.0,3,3,10,0.51,0.4,2021
0.17,3.63,0.16,5.2,4.5,4.5,169.0,169.0,673.0,38.0,0.39,101.0,6.0,0.39,34.0,10.8,0.22,26.0,5.0,77.0,4,4,10,0.36,0.36,2122
0.0,2.57,0.2,0.8,1.1,1.1,36.0,36.0,134.0,6.0,0.44,15.0,2.0,0.44,4.0,2.6,0.34,4.0,2.0,9.0,1,1,2,0.34,0.34,2223
0.24,1.08,0.13,0.3,0.6,0.6,18.0,18.0,45.0,2.0,0.22,5.0,1.0,0.22,1.0,1.0,0.22,0.0,0.0,1.0,0,0,0,0.0,0.0,1819
0.06,1.67,0.03,0.9,0.7,0.7,87.0,87.0,290.0,14.0,0.2,34.0,7.0,0.2,3.0,4.2,0.34,8.0,2.0,21.0,1,1,8,0.39,0.39,2122
0.06,1.43,0.07,0.5,1.1,1.1,67.0,67.0,217.0,11.0,0.31,22.0,2.0,0.36,1.0,4.7,0.13,6.0,1.0,17.0,1,1,2,0.13,0.13,2223
0.08,1.48,0.04,0.6,1.3,1.3,157.0,157.0,418.0,14.0,0.39,49.0,9.0,0.39,4.0,12.9,0.27,13.0,4.0,25.0,2,2,15,0.45,0.45,2324
0.31,2.83,0.1,1.0,1.5,1.5,87.0,87.0,273.0,16.0,0.44,40.0,9.0,0.57,9.0,6.3,0.64,19.0,4.0,23.0,3,3,13,0.92,0.85,2122
0.0,2.57,0.13,1.6,1.6,1.6,84.0,84.0,250.0,11.0,0.42,33.0,7.0,0.42,11.0,5.3,0.55,7.0,6.0,25.0,4,4,7,0.55,0.55,2223
0.28,3.52,0.21,1.5,1.7,1.7,60.0,60.0,159.0,12.0,0.51,28.0,4.0,0.51,3.0,4.1,0.5,9.0,2.0,13.0,2,2,6,0.75,0.75,2324
0.0,0.32,0.01,0.3,0.1,0.1,1.0,1.0,39.0,1.0,0.04,7.0,1.0,0.04,4.0,0.8,0.05,0.0,1.0,4.0,0,0,1,0.05,0.05,2021
0.22,1.26,0.01,0.7,0.4,0.4,19.0,19.0,178.0,13.0,0.03,33.0,4.0,0.03,16.0,0.8,0.15,2.0,4.0,28.0,0,0,1,0.04,0.04,2122
0.0,3.36,0.09,1.5,1.6,1.6,20.0,20.0,257.0,25.0,0.1,61.0,6.0,0.15,11.0,1.9,0.33,0.0,4.0,42.0,4,4,5,0.28,0.22,2223
0.0,2.05,0.03,0.5,0.4,0.4,10.0,10.0,114.0,9.0,0.04,30.0,0.0,0.04,3.0,0.6,0.0,0.0,0.0,27.0,0,0,1,0.07,0.07,2324
0.06,1.94,0.06,0.3,0.4,0.4,1.0,1.0,47.0,3.0,0.1,13.0,0.0,0.1,1.0,0.7,0.0,1.0,0.0,12.0,0,0,0,0.0,0.0,2021
0.11,1.23,0.05,0.7,0.8,0.8,15.0,15.0,144.0,7.0,0.09,20.0,2.0,0.09,8.0,1.4,0.12,4.0,0.0,16.0,1,1,1,0.06,0.06,2122
0.0,1.81,0.03,0.8,0.6,0.6,27.0,27.0,186.0,12.0,0.08,34.0,5.0,0.08,8.0,1.5,0.27,1.0,3.0,29.0,2,2,3,0.16,0.16,2223
0.0,2.31,0.07,2.5,1.8,1.8,61.0,61.0,333.0,24.0,0.16,60.0,5.0,0.16,13.0,4.3,0.19,5.0,2.0,47.0,0,0,2,0.08,0.08,2324
0.03,1.28,0.04,1.2,0.8,0.8,110.0,110.0,383.0,12.0,0.06,28.0,2.0,0.06,19.0,1.3,0.09,1.0,1.0,23.0,1,1,1,0.05,0.05,1920
0.05,1.45,0.11,2.6,3.1,3.1,153.0,153.0,501.0,17.0,0.19,42.0,3.0,0.19,23.0,5.6,0.1,7.0,1.0,34.0,1,1,4,0.14,0.14,2021
0.0,1.99,0.15,0.1,0.2,0.2,19.0,19.0,42.0,2.0,0.78,3.0,1.0,0.78,1.0,1.2,0.66,1.0,0.0,2.0,0,0,1,0.66,0.66,2122
0.0,0.97,0.02,0.1,0.0,0.0,20.0,20.0,58.0,2.0,0.45,2.0,0.0,0.45,0.0,0.9,0.0,3.0,0.0,2.0,0,0,1,0.49,0.49,2223
0.0,3.86,0.19,1.1,1.6,1.6,13.0,13.0,195.0,15.0,0.24,31.0,1.0,0.24,6.0,1.9,0.12,2.0,1.0,24.0,1,1,1,0.12,0.12,2324
0.17,3.66,0.18,1.8,1.5,1.5,80.0,80.0,263.0,19.0,0.3,31.0,2.0,0.3,15.0,2.6,0.24,16.0,1.0,25.0,1,1,2,0.24,0.24,2324
0.05,1.96,0.11,0.5,0.5,0.5,40.0,40.0,96.0,3.0,0.46,10.0,2.0,0.46,1.0,2.3,0.39,7.0,1.0,5.0,1,1,1,0.2,0.2,2021
0.13,2.39,0.09,0.6,1.1,1.1,60.0,60.0,188.0,10.0,0.32,30.0,2.0,0.32,10.0,4.0,0.16,7.0,2.0,25.0,1,1,4,0.32,0.32,2223
0.0,2.04,0.13,2.9,3.0,3.0,120.0,120.0,344.0,17.0,0.42,48.0,9.0,0.45,7.0,9.9,0.38,24.0,4.0,29.0,3,3,15,0.64,0.59,2324
0.07,1.65,0.1,1.8,2.7,2.7,174.0,174.0,335.0,21.0,0.47,46.0,2.0,0.55,10.0,13.0,0.07,29.0,0.0,23.0,3,3,15,0.54,0.43,2021
0.0,0.77,0.07,0.3,0.6,0.6,1.0,1.0,12.0,4.0,0.1,6.0,0.0,0.1,2.0,0.7,0.0,0.0,0.0,4.0,0,0,0,0.0,0.0,2021
0.0,2.11,0.09,0.6,0.7,0.7,7.0,7.0,102.0,6.0,0.13,16.0,2.0,0.13,9.0,1.0,0.26,1.0,0.0,11.0,1,1,1,0.13,0.13,2021
0.0,1.48,0.04,0.6,0.6,0.6,84.0,84.0,230.0,8.0,0.22,19.0,6.0,0.22,10.0,2.8,0.47,13.0,5.0,14.0,3,3,6,0.47,0.47,2021
0.11,2.36,0.12,3.1,2.9,2.9,102.0,102.0,383.0,32.0,0.16,57.0,9.0,0.16,45.0,3.9,0.37,13.0,7.0,49.0,5,5,7,0.29,0.29,2122
0.08,4.52,0.27,3.9,6.7,6.7,201.0,201.0,540.0,57.0,0.58,113.0,15.0,0.74,27.0,14.6,0.6,28.0,12.0,91.0,6,6,26,1.04,0.84,1819
0.09,3.5,0.17,5.8,5.9,5.9,296.0,296.0,920.0,57.0,0.47,120.0,15.0,0.58,42.0,16.1,0.44,54.0,9.0,90.0,5,5,23,0.67,0.58,2122
0.33,4.42,0.18,5.4,5.6,5.6,239.0,239.0,748.0,83.0,0.45,141.0,8.0,0.52,47.0,14.3,0.25,30.0,8.0,110.0,3,3,15,0.47,0.41,2223
0.26,5.72,0.34,9.3,10.1,10.1,202.0,202.0,816.0,90.0,0.59,172.0,20.0,0.72,55.0,17.6,0.67,25.0,14.0,120.0,10,10,19,0.63,0.53,2324
0.17,5.97,0.19,3.5,3.4,3.4,168.0,168.0,574.0,50.0,0.49,107.0,10.0,0.49,36.0,8.8,0.56,28.0,4.0,77.0,4,4,10,0.56,0.56,1819
0.0,3.82,0.13,0.7,0.7,0.7,45.0,45.0,167.0,10.0,0.23,22.0,2.0,0.63,9.0,1.3,0.35,6.0,2.0,17.0,1,1,3,0.52,0.17,1920
0.25,2.65,0.06,0.2,0.1,0.1,13.0,13.0,27.0,1.0,0.19,3.0,0.0,0.19,2.0,0.2,0.0,1.0,0.0,2.0,0,0,0,0.0,0.0,1920
0.16,1.92,0.1,1.7,1.4,1.4,49.0,49.0,268.0,8.0,0.17,27.0,5.0,0.17,18.0,2.3,0.36,8.0,4.0,26.0,2,2,4,0.28,0.28,2324
0.31,2.86,0.13,2.4,2.1,2.1,73.0,73.0,289.0,22.0,0.29,46.0,4.0,0.34,18.0,4.6,0.25,3.0,3.0,24.0,2,2,5,0.31,0.31,1819
0.0,4.03,0.21,2.1,1.4,1.4,60.0,60.0,183.0,17.0,0.28,26.0,2.0,0.28,12.0,1.8,0.31,3.0,2.0,17.0,2,2,2,0.31,0.31,1819
0.21,3.76,0.25,2.8,1.9,1.9,53.0,53.0,230.0,15.0,0.4,29.0,3.0,0.4,7.0,3.1,0.39,4.0,2.0,11.0,0,0,0,0.0,0.0,1920
0.0,1.06,0.01,0.1,0.1,0.1,13.0,13.0,45.0,3.0,0.06,9.0,0.0,0.06,0.0,0.5,0.0,0.0,0.0,8.0,0,0,0,0.0,0.0,1819
0.0,0.35,0.01,0.1,0.0,0.0,10.0,10.0,63.0,2.0,0.09,3.0,0.0,0.09,1.0,0.8,0.0,1.0,0.0,1.0,0,0,0,0.0,0.0,1920
0.0,1.5,0.01,0.2,0.2,0.2,14.0,14.0,87.0,4.0,0.1,25.0,4.0,0.1,1.0,1.7,0.24,3.0,3.0,22.0,0,0,0,0.0,0.0,2021
0.0,0.0,0.0,0.0,0.0,0.0,6.0,6.0,23.0,0.0,0.14,0.0,0.0,0.14,0.0,0.2,0.0,0.0,0.0,0.0,0,0,0,0.0,0.0,2223
0.25,2.93,0.08,1.2,0.5,0.5,61.0,61.0,159.0,5.0,0.62,17.0,1.0,0.62,7.0,3.6,0.17,2.0,1.0,13.0,1,1,5,0.86,0.86,2324
0.11,2.78,0.08,1.3,1.4,1.4,23.0,23.0,182.0,19.0,0.13,49.0,5.0,0.13,8.0,2.4,0.28,2.0,5.0,42.0,2,2,3,0.17,0.17,1718
0.04,2.04,0.06,1.7,1.7,1.7,36.0,36.0,279.0,20.0,0.15,56.0,3.0,0.15,27.0,4.1,0.11,0.0,1.0,46.0,3,3,4,0.15,0.15,1819
0.0,1.34,0.01,0.2,0.1,0.1,14.0,14.0,115.0,4.0,0.06,20.0,1.0,0.06,2.0,0.9,0.07,1.0,1.0,17.0,0,0,2,0.13,0.13,2324
0.0,1.1,0.04,0.6,0.7,0.7,18.0,18.0,84.0,10.0,0.05,19.0,3.0,0.05,4.0,0.9,0.17,1.0,3.0,18.0,1,1,1,0.06,0.06,1920
0.0,2.64,0.09,0.3,1.0,1.0,20.0,20.0,143.0,16.0,0.13,30.0,3.0,0.13,3.0,1.5,0.26,1.0,3.0,24.0,2,2,2,0.18,0.18,2122
0.0,0.96,0.01,0.4,0.4,0.4,5.0,5.0,64.0,6.0,0.08,26.0,3.0,0.08,5.0,2.0,0.11,1.0,1.0,19.0,1,1,2,0.07,0.07,1819
0.0,0.26,0.0,0.1,0.0,0.0,1.0,1.0,25.0,0.0,0.09,2.0,0.0,0.09,0.0,0.7,0.0,0.0,0.0,2.0,0,0,1,0.13,0.13,2021
0.0,0.99,0.01,0.8,0.1,0.1,5.0,5.0,43.0,1.0,0.08,17.0,1.0,0.08,2.0,1.3,0.06,0.0,1.0,12.0,0,0,0,0.0,0.0,2223
0.07,1.37,0.02,0.5,0.4,0.4,3.0,3.0,80.0,8.0,0.06,24.0,1.0,0.06,8.0,1.1,0.06,0.0,1.0,24.0,0,0,0,0.0,0.0,2324
0.06,3.32,0.22,0.8,1.8,1.8,51.0,51.0,103.0,14.0,0.55,27.0,3.0,0.55,6.0,4.5,0.37,5.0,2.0,17.0,1,1,6,0.74,0.74,2122
0.0,2.11,0.06,1.0,1.0,1.0,109.0,109.0,247.0,15.0,0.24,37.0,2.0,0.38,3.0,4.3,0.11,10.0,2.0,30.0,1,1,8,0.46,0.34,2223
0.18,1.34,0.01,0.3,0.2,0.2,20.0,20.0,210.0,5.0,0.13,30.0,0.0,0.13,6.0,2.9,0.0,0.0,0.0,21.0,0,0,2,0.09,0.09,1819
0.0,0.9,0.06,0.4,1.1,1.1,27.0,27.0,163.0,8.0,0.11,15.0,3.0,0.11,4.0,1.8,0.18,0.0,2.0,11.0,3,3,3,0.18,0.18,1920
0.0,1.05,0.01,0.1,0.0,0.0,4.0,4.0,39.0,1.0,0.01,5.0,0.0,0.13,0.0,0.0,0.0,0.0,0.0,3.0,0,0,1,0.21,0.21,2021
0.0,2.37,0.03,0.2,0.3,0.3,72.0,72.0,194.0,9.0,0.19,25.0,0.0,0.26,3.0,2.0,0.0,4.0,0.0,15.0,0,0,3,0.28,0.19,1920
0.06,2.31,0.02,0.2,0.1,0.1,44.0,44.0,123.0,3.0,0.38,17.0,2.0,0.49,2.0,2.8,0.27,3.0,0.0,10.0,0,0,6,0.81,0.68,2021
0.0,1.65,0.07,1.0,1.3,1.3,89.0,89.0,260.0,11.0,0.24,29.0,6.0,0.28,4.0,4.2,0.34,8.0,4.0,19.0,1,1,4,0.23,0.17,2122
0.1,1.58,0.04,0.6,0.5,0.5,57.0,57.0,151.0,8.0,0.31,20.0,3.0,0.31,4.0,3.9,0.24,4.0,2.0,12.0,0,0,2,0.16,0.16,2223
0.0,2.03,0.05,1.3,0.9,0.9,48.0,48.0,213.0,14.0,0.1,36.0,3.0,0.1,7.0,1.8,0.17,3.0,3.0,29.0,1,1,1,0.06,0.06,1920
0.2,1.19,0.01,0.9,0.3,0.3,51.0,51.0,235.0,6.0,0.08,34.0,2.0,0.08,13.0,2.3,0.07,3.0,2.0,27.0,0,0,0,0.0,0.0,2021
0.14,2.23,0.17,3.3,4.3,4.3,103.0,103.0,336.0,28.0,0.27,57.0,8.0,0.27,20.0,6.8,0.31,5.0,7.0,45.0,5,5,7,0.27,0.27,2122
0.05,2.2,0.06,1.2,0.9,0.9,41.0,41.0,176.0,11.0,0.11,32.0,2.0,0.11,15.0,1.6,0.14,1.0,2.0,25.0,2,2,2,0.14,0.14,2223
0.03,1.92,0.09,1.9,1.7,1.7,18.0,18.0,185.0,12.0,0.14,35.0,3.0,0.14,7.0,2.6,0.16,1.0,1.0,26.0,1,1,1,0.05,0.05,2324
0.59,5.05,0.45,3.0,2.7,2.7,65.0,65.0,189.0,14.0,0.58,31.0,6.0,0.58,15.0,3.6,0.98,6.0,4.0,18.0,2,2,2,0.33,0.33,1819
0.0,1.21,0.03,0.9,0.6,0.6,6.0,6.0,113.0,10.0,0.09,26.0,3.0,0.09,7.0,2.0,0.14,0.0,1.0,20.0,0,0,1,0.05,0.05,2122
0.0,0.67,0.01,0.3,0.2,0.2,8.0,8.0,60.0,5.0,0.04,13.0,1.0,0.04,2.0,0.8,0.05,0.0,0.0,10.0,0,0,0,0.0,0.0,2223
0.11,1.95,0.03,1.4,0.8,0.8,30.0,30.0,333.0,18.0,0.05,61.0,8.0,0.05,18.0,1.4,0.26,5.0,7.0,51.0,2,2,2,0.06,0.06,1819
0.06,2.94,0.15,2.0,2.7,2.7,27.0,27.0,314.0,23.0,0.22,54.0,5.0,0.22,13.0,4.0,0.27,6.0,5.0,50.0,2,2,3,0.16,0.16,1920
0.05,2.84,0.05,1.5,0.9,0.9,30.0,30.0,312.0,13.0,0.1,50.0,4.0,0.1,15.0,1.7,0.23,4.0,3.0,42.0,1,1,3,0.17,0.17,2021
0.03,2.08,0.09,1.3,1.7,1.7,35.0,35.0,298.0,15.0,0.17,38.0,3.0,0.17,7.0,3.1,0.16,0.0,3.0,32.0,1,1,4,0.22,0.22,2122
0.0,1.78,0.04,0.8,1.1,1.1,19.0,19.0,237.0,12.0,0.06,51.0,3.0,0.06,5.0,1.8,0.1,3.0,2.0,36.0,1,1,1,0.03,0.03,2223
0.09,2.48,0.05,0.8,1.1,1.1,41.0,41.0,252.0,15.0,0.12,52.0,4.0,0.12,9.0,2.4,0.19,2.0,4.0,37.0,0,0,4,0.19,0.19,2324
0.13,1.68,0.04,1.4,1.0,1.0,100.0,100.0,349.0,13.0,0.08,40.0,2.0,0.08,24.0,1.9,0.08,6.0,0.0,30.0,0,0,1,0.04,0.04,2223
0.03,1.72,0.04,1.0,0.7,0.7,48.0,48.0,223.0,11.0,0.08,27.0,2.0,0.08,15.0,1.3,0.13,2.0,2.0,18.0,2,2,2,0.13,0.13,2324
0.0,3.02,0.09,1.7,2.3,2.3,165.0,165.0,475.0,22.0,0.34,73.0,7.0,0.34,12.0,8.1,0.29,20.0,4.0,44.0,4,4,8,0.33,0.33,1819
0.12,4.22,0.08,0.3,0.3,0.3,22.0,22.0,81.0,8.0,0.32,16.0,0.0,0.32,3.0,1.2,0.0,4.0,0.0,13.0,0,0,1,0.26,0.26,1920
0.3,1.79,0.11,0.5,0.9,0.9,62.0,62.0,169.0,8.0,0.41,15.0,3.0,0.41,6.0,3.4,0.36,15.0,1.0,11.0,1,1,4,0.48,0.48,2021
0.0,2.76,0.15,1.1,2.0,2.0,68.0,68.0,247.0,15.0,0.38,37.0,7.0,0.44,6.0,5.0,0.52,11.0,4.0,22.0,4,4,8,0.6,0.52,2122
0.07,2.61,0.09,0.7,1.0,1.0,74.0,74.0,146.0,11.0,0.34,30.0,2.0,0.34,3.0,3.9,0.17,17.0,1.0,17.0,0,0,2,0.17,0.17,1819
0.0,2.69,0.06,1.1,0.9,0.9,150.0,150.0,222.0,13.0,0.2,37.0,5.0,0.2,12.0,2.8,0.36,19.0,2.0,23.0,1,1,4,0.29,0.29,1920
0.09,2.48,0.09,1.0,1.3,1.3,107.0,107.0,251.0,14.0,0.63,36.0,9.0,0.63,3.0,9.1,0.62,16.0,1.0,15.0,0,0,7,0.48,0.48,2021
0.0,2.55,0.1,0.5,1.1,1.1,77.0,77.0,173.0,11.0,0.47,29.0,1.0,0.47,4.0,5.3,0.09,7.0,1.0,21.0,1,1,6,0.53,0.53,2122
0.0,1.72,0.1,1.6,1.7,1.7,101.0,101.0,237.0,10.0,0.32,29.0,7.0,0.32,4.0,5.4,0.41,10.0,4.0,17.0,3,3,8,0.47,0.47,2223
0.0,1.61,0.07,1.2,1.0,1.0,19.0,19.0,77.0,6.0,0.08,24.0,1.0,0.08,2.0,1.1,0.07,3.0,1.0,20.0,1,1,1,0.07,0.07,1920
0.0,1.0,0.01,0.2,0.1,0.1,12.0,12.0,73.0,3.0,0.03,13.0,0.0,0.03,4.0,0.4,0.0,0.0,0.0,13.0,0,0,0,0.0,0.0,2021
0.0,0.76,0.04,0.8,0.9,0.9,1.0,1.0,39.0,6.0,0.05,19.0,1.0,0.05,1.0,1.4,0.04,0.0,1.0,16.0,0,0,0,0.0,0.0,2122
0.0,1.78,0.1,0.3,0.5,0.5,23.0,23.0,74.0,2.0,0.14,9.0,1.0,0.14,5.0,0.7,0.2,1.0,1.0,7.0,0,0,0,0.0,0.0,2223
0.03,0.6,0.04,0.7,1.0,1.0,12.0,12.0,112.0,8.0,0.05,17.0,4.0,0.05,6.0,1.6,0.14,0.0,3.0,14.0,1,1,1,0.04,0.04,1819
0.05,0.51,0.01,0.7,0.3,0.3,7.0,7.0,85.0,5.0,0.02,15.0,2.0,0.02,2.0,0.7,0.07,1.0,2.0,14.0,1,1,1,0.03,0.03,1920
0.05,0.46,0.03,0.6,0.6,0.6,3.0,3.0,54.0,5.0,0.09,10.0,1.0,0.09,4.0,1.9,0.05,0.0,1.0,9.0,1,1,2,0.09,0.09,2021
0.04,0.38,0.05,0.4,1.0,1.0,3.0,3.0,41.0,2.0,0.09,7.0,1.0,0.09,4.0,1.6,0.05,0.0,1.0,4.0,1,1,1,0.05,0.05,2122
0.07,0.39,0.01,0.6,0.4,0.4,4.0,4.0,48.0,3.0,0.04,11.0,2.0,0.04,8.0,1.3,0.07,1.0,2.0,9.0,1,1,2,0.07,0.07,2223
0.29,2.87,0.16,1.8,3.7,3.7,182.0,182.0,409.0,30.0,0.35,67.0,8.0,0.35,21.0,8.2,0.34,30.0,3.0,44.0,1,1,7,0.3,0.3,1920
0.09,3.03,0.2,2.8,5.0,5.0,225.0,225.0,519.0,39.0,0.61,74.0,13.0,0.61,28.0,14.8,0.53,31.0,6.0,57.0,7,7,16,0.65,0.65,2021
0.0,2.45,0.07,2.5,1.6,1.6,166.0,166.0,455.0,20.0,0.47,57.0,7.0,0.47,35.0,11.0,0.3,17.0,4.0,41.0,2,2,9,0.39,0.39,2122
0.28,2.86,0.06,1.4,1.0,1.0,116.0,116.0,288.0,15.0,0.31,45.0,5.0,0.36,5.0,4.8,0.32,15.0,2.0,30.0,0,0,7,0.44,0.38,2223
0.0,2.64,0.14,3.0,2.6,2.6,145.0,145.0,393.0,15.0,0.41,48.0,14.0,0.41,15.0,7.5,0.77,22.0,6.0,31.0,5,5,12,0.66,0.66,2324
0.2,2.54,0.09,1.0,0.7,0.7,41.0,41.0,120.0,5.0,0.17,20.0,1.0,0.17,3.0,1.3,0.13,7.0,1.0,14.0,0,0,0,0.0,0.0,1718
0.0,2.65,0.16,0.9,0.8,0.8,38.0,38.0,71.0,5.0,0.3,13.0,3.0,0.33,5.0,1.5,0.61,4.0,1.0,9.0,1,1,1,0.2,0.2,1819
0.0,2.14,0.08,0.2,0.3,0.3,16.0,16.0,80.0,6.0,0.21,8.0,0.0,0.21,5.0,0.8,0.0,1.0,0.0,7.0,0,0,0,0.0,0.0,2425
0.08,3.02,0.13,3.5,3.3,3.3,108.0,108.0,547.0,29.0,0.36,80.0,9.0,0.39,36.0,9.6,0.34,4.0,5.0,60.0,3,3,10,0.38,0.34,1819
0.14,3.4,0.1,2.2,2.5,2.5,124.0,124.0,563.0,38.0,0.24,90.0,11.0,0.24,26.0,6.3,0.42,16.0,8.0,65.0,2,2,7,0.26,0.26,1920
0.32,3.89,0.16,3.3,3.4,3.4,133.0,133.0,553.0,35.0,0.37,84.0,12.0,0.37,36.0,7.9,0.56,13.0,5.0,54.0,3,3,8,0.37,0.37,2021
0.16,6.01,0.31,8.4,9.5,9.5,161.0,161.0,895.0,107.0,0.41,186.0,18.0,0.49,70.0,12.8,0.58,18.0,9.0,104.0,10,10,14,0.45,0.42,2122
0.0,5.75,0.21,3.9,3.9,3.9,103.0,103.0,575.0,47.0,0.37,108.0,12.0,0.37,28.0,6.9,0.64,9.0,8.0,65.0,3,3,3,0.16,0.16,2223
0.15,0.87,0.01,0.5,0.2,0.2,23.0,23.0,192.0,5.0,0.06,18.0,0.0,0.06,4.0,1.2,0.0,3.0,0.0,14.0,0,0,4,0.19,0.19,2324
0.0,1.54,0.02,0.3,0.2,0.2,13.0,13.0,112.0,2.0,0.09,14.0,0.0,0.09,7.0,0.8,0.0,3.0,0.0,11.0,0,0,0,0.0,0.0,2122
0.3,3.11,0.09,1.1,1.0,1.0,30.0,30.0,197.0,12.0,0.19,35.0,3.0,0.19,12.0,2.2,0.27,2.0,2.0,28.0,2,2,2,0.18,0.18,2223
0.04,2.68,0.09,0.4,0.6,0.6,19.0,19.0,87.0,5.0,0.14,18.0,3.0,0.14,4.0,0.9,0.45,2.0,2.0,8.0,2,2,2,0.3,0.3,2324
0.0,1.36,0.05,1.0,0.8,0.8,12.0,12.0,106.0,8.0,0.07,24.0,3.0,0.07,9.0,1.2,0.17,0.0,3.0,19.0,0,0,0,0.0,0.0,2223
0.0,3.4,0.15,2.5,2.6,2.6,160.0,160.0,403.0,21.0,0.34,57.0,3.0,0.34,24.0,5.7,0.18,27.0,2.0,34.0,2,2,4,0.24,0.24,2324
0.0,3.33,0.17,1.3,1.3,1.3,44.0,44.0,126.0,13.0,0.76,26.0,2.0,0.76,4.0,6.0,0.26,1.0,1.0,19.0,2,2,4,0.51,0.51,2021
0.14,1.91,0.42,0.2,0.9,0.9,18.0,18.0,27.0,4.0,0.8,4.0,1.0,0.8,4.0,1.7,0.48,0.0,1.0,4.0,0,0,1,0.48,0.48,2122
0.0,3.39,0.15,2.9,2.6,2.6,152.0,152.0,411.0,22.0,0.39,61.0,9.0,0.39,15.0,7.1,0.5,15.0,5.0,43.0,3,3,6,0.33,0.33,2324
0.08,3.32,0.19,2.7,4.2,4.2,103.0,103.0,445.0,35.0,0.27,74.0,5.0,0.27,14.0,5.9,0.22,3.0,5.0,50.0,2,2,4,0.18,0.18,1920
0.0,2.31,0.07,2.6,1.8,1.8,77.0,77.0,412.0,25.0,0.14,61.0,4.0,0.29,12.0,3.7,0.15,5.0,2.0,35.0,2,2,9,0.34,0.15,2021
0.04,2.36,0.14,2.1,2.3,2.3,134.0,134.0,316.0,19.0,0.48,38.0,5.0,0.48,20.0,7.8,0.31,11.0,3.0,27.0,3,3,9,0.56,0.56,1920
0.13,1.77,0.05,1.4,1.1,1.1,164.0,164.0,389.0,20.0,0.39,40.0,3.0,0.39,15.0,8.8,0.13,23.0,2.0,30.0,1,1,9,0.4,0.4,2021
0.0,1.82,0.11,1.6,1.7,1.7,97.0,97.0,220.0,15.0,0.3,27.0,4.0,0.3,6.0,4.5,0.27,11.0,2.0,18.0,2,2,6,0.4,0.4,2122
0.0,1.16,0.12,0.0,0.3,0.3,14.0,14.0,37.0,3.0,0.18,3.0,0.0,0.18,0.0,0.5,0.0,2.0,0.0,2.0,0,0,0,0.0,0.0,2223
0.04,1.51,0.03,0.6,0.5,0.5,32.0,32.0,210.0,9.0,0.05,26.0,2.0,0.05,10.0,0.9,0.12,5.0,2.0,18.0,1,1,1,0.06,0.06,2122
0.0,1.76,0.05,1.8,1.3,1.3,62.0,62.0,239.0,16.0,0.06,43.0,2.0,0.06,17.0,1.6,0.08,3.0,1.0,27.0,1,1,1,0.04,0.04,2223
0.08,1.98,0.11,1.7,2.3,2.3,38.0,38.0,212.0,22.0,0.16,41.0,4.0,0.16,7.0,3.2,0.19,4.0,3.0,36.0,4,4,5,0.24,0.24,1819
0.0,1.34,0.09,1.1,2.3,2.3,30.0,30.0,229.0,15.0,0.14,33.0,3.0,0.14,12.0,3.5,0.12,6.0,1.0,25.0,2,2,3,0.12,0.12,1920
0.0,0.97,0.01,0.2,0.3,0.3,20.0,20.0,161.0,7.0,0.04,21.0,0.0,0.04,4.0,1.0,0.0,0.0,0.0,17.0,0,0,0,0.0,0.0,2021
1.13,5.51,0.24,0.6,0.5,0.5,30.0,30.0,73.0,4.0,0.57,12.0,2.0,0.57,1.0,1.2,0.92,6.0,2.0,8.0,1,1,1,0.46,0.46,2021
0.09,2.96,0.07,1.4,1.6,1.6,179.0,179.0,446.0,29.0,0.37,69.0,3.0,0.37,9.0,8.7,0.13,22.0,1.0,38.0,0,0,8,0.34,0.34,1718
0.03,3.89,0.16,5.9,5.2,5.2,181.0,181.0,936.0,66.0,0.32,128.0,10.0,0.39,47.0,10.5,0.3,9.0,6.0,67.0,5,5,14,0.42,0.39,2223
0.17,3.61,0.06,2.2,1.9,1.9,152.0,152.0,705.0,36.0,0.2,112.0,5.0,0.25,17.0,6.3,0.16,7.0,2.0,58.0,1,1,5,0.16,0.1,2324
0.09,3.11,0.39,1.9,2.1,2.1,32.0,32.0,109.0,7.0,0.48,17.0,1.0,0.48,5.0,2.6,0.18,13.0,1.0,9.0,1,1,1,0.18,0.18,1718
0.3,4.15,0.32,2.5,3.3,3.3,84.0,84.0,225.0,16.0,0.53,42.0,8.0,0.53,6.0,5.4,0.79,7.0,8.0,28.0,6,6,8,0.79,0.79,2122
0.1,4.02,0.2,3.3,4.0,4.0,200.0,200.0,439.0,31.0,0.36,81.0,10.0,0.36,19.0,7.3,0.5,13.0,7.0,57.0,6,6,7,0.35,0.35,2223
0.0,0.38,0.01,0.1,0.1,0.1,0.0,0.0,17.0,1.0,0.03,4.0,1.0,0.03,0.0,0.3,0.1,1.0,1.0,4.0,1,1,1,0.1,0.1,2324
0.0,0.31,0.0,0.1,0.0,0.0,1.0,1.0,14.0,0.0,0.04,3.0,0.0,0.04,0.0,0.4,0.0,0.0,0.0,3.0,0,0,0,0.0,0.0,2324
0.15,4.45,0.21,2.0,2.8,2.8,91.0,91.0,403.0,26.0,0.59,59.0,3.0,0.59,22.0,7.9,0.23,9.0,3.0,48.0,2,2,5,0.38,0.38,1819
0.2,3.81,0.14,1.9,1.9,1.9,75.0,75.0,362.0,23.0,0.3,50.0,7.0,0.3,21.0,3.9,0.53,6.0,3.0,39.0,2,2,3,0.23,0.23,1920
0.0,4.17,0.14,1.4,1.4,1.4,52.0,52.0,296.0,19.0,0.29,42.0,3.0,0.29,16.0,3.0,0.3,7.0,2.0,30.0,2,2,2,0.2,0.2,2021
0.23,5.98,0.39,0.6,1.4,1.4,17.0,17.0,122.0,10.0,0.59,22.0,2.0,0.59,8.0,2.2,0.54,4.0,2.0,17.0,0,0,1,0.27,0.27,2122
0.19,3.6,0.19,1.1,1.7,1.7,36.0,36.0,172.0,17.0,0.24,32.0,3.0,0.24,8.0,2.1,0.34,1.0,2.0,22.0,2,2,2,0.23,0.23,2223
0.47,6.03,0.25,6.4,6.4,6.4,145.0,145.0,800.0,81.0,0.51,156.0,14.0,0.57,58.0,13.1,0.54,11.0,10.0,95.0,5,5,13,0.5,0.43,2324
0.0,3.72,0.25,3.1,5.1,5.1,210.0,210.0,419.0,30.0,0.84,77.0,9.0,0.84,10.0,17.4,0.43,39.0,3.0,45.0,3,3,19,0.92,0.92,1819
0.15,3.69,0.09,0.4,0.3,0.3,22.0,22.0,50.0,5.0,0.52,11.0,0.0,0.52,2.0,1.5,0.0,4.0,0.0,8.0,0,0,0,0.0,0.0,1920
0.11,3.02,0.13,1.4,0.9,0.9,54.0,54.0,116.0,7.0,0.36,20.0,1.0,0.36,3.0,2.4,0.15,4.0,1.0,15.0,1,1,1,0.15,0.15,2021
0.0,3.71,0.3,2.1,4.3,4.3,142.0,142.0,372.0,32.0,0.88,53.0,11.0,0.93,21.0,12.5,0.77,9.0,8.0,41.0,7,7,16,1.12,1.05,1920
0.16,2.33,0.29,1.0,1.8,1.8,58.0,58.0,159.0,11.0,0.86,15.0,1.0,0.86,8.0,5.5,0.16,1.0,1.0,13.0,1,1,4,0.62,0.62,2021
0.09,2.2,0.11,0.5,0.7,0.7,34.0,34.0,127.0,6.0,0.4,14.0,2.0,0.4,8.0,2.5,0.31,1.0,1.0,10.0,1,1,2,0.31,0.31,2122
0.07,1.83,0.1,1.5,1.9,1.9,134.0,134.0,351.0,15.0,0.23,35.0,3.0,0.23,16.0,4.3,0.16,15.0,2.0,29.0,1,1,2,0.1,0.1,2021
0.12,2.41,0.12,1.4,1.5,1.5,109.0,109.0,299.0,12.0,0.2,30.0,2.0,0.2,18.0,2.5,0.16,8.0,2.0,24.0,2,2,2,0.16,0.16,2223
0.0,3.07,0.11,2.0,1.8,1.8,133.0,133.0,410.0,17.0,0.19,50.0,8.0,0.19,20.0,3.1,0.49,13.0,6.0,32.0,2,2,3,0.18,0.18,2324
0.19,3.29,0.13,2.2,2.8,2.8,205.0,205.0,408.0,17.0,0.37,68.0,9.0,0.37,14.0,7.6,0.44,31.0,4.0,35.0,3,3,8,0.39,0.39,1718
0.18,3.65,0.2,6.1,6.1,6.1,272.0,272.0,610.0,39.0,0.36,113.0,18.0,0.39,46.0,11.3,0.58,56.0,10.0,63.0,6,6,14,0.45,0.42,1819
0.25,2.51,0.14,2.3,2.9,2.9,158.0,158.0,393.0,21.0,0.34,52.0,4.0,0.37,22.0,6.9,0.19,23.0,3.0,38.0,2,2,7,0.34,0.34,2122
0.2,2.49,0.15,2.3,2.5,2.5,152.0,152.0,357.0,20.0,0.35,40.0,5.0,0.35,15.0,5.7,0.31,21.0,5.0,30.0,4,4,7,0.44,0.44,2324
0.1,1.17,0.04,1.5,1.2,1.2,110.0,110.0,373.0,10.0,0.05,32.0,2.0,0.05,23.0,1.4,0.07,14.0,2.0,25.0,1,1,2,0.07,0.07,2324
0.0,2.25,0.1,2.4,3.1,3.1,57.0,57.0,442.0,32.0,0.11,74.0,11.0,0.11,21.0,3.8,0.33,8.0,8.0,54.0,5,5,5,0.15,0.15,1819
0.14,2.75,0.05,2.2,1.4,1.4,32.0,32.0,355.0,29.0,0.08,76.0,6.0,0.08,25.0,2.1,0.22,4.0,4.0,59.0,0,0,1,0.04,0.04,1920
0.06,1.9,0.04,0.8,0.6,0.6,12.0,12.0,140.0,5.0,0.1,28.0,7.0,0.1,13.0,1.5,0.47,3.0,6.0,20.0,2,2,2,0.14,0.14,2021
0.09,3.6,0.08,2.2,1.4,1.4,34.0,34.0,247.0,22.0,0.12,61.0,3.0,0.12,21.0,2.1,0.18,3.0,3.0,44.0,1,1,3,0.18,0.18,2122
0.16,3.9,0.15,3.1,3.3,3.3,52.0,52.0,369.0,43.0,0.19,87.0,4.0,0.19,28.0,4.3,0.18,4.0,1.0,59.0,2,2,4,0.18,0.18,2223
0.28,2.97,0.19,1.6,2.5,2.5,33.0,33.0,240.0,17.0,0.26,38.0,3.0,0.32,11.0,3.3,0.23,3.0,3.0,27.0,2,2,4,0.31,0.23,2324
0.0,0.78,0.02,0.9,0.4,0.4,20.0,20.0,108.0,4.0,0.03,20.0,2.0,0.03,9.0,0.7,0.08,2.0,2.0,17.0,1,1,2,0.08,0.08,2223
0.0,0.61,0.01,0.5,0.1,0.1,5.0,5.0,53.0,4.0,0.13,18.0,3.0,0.13,7.0,3.8,0.1,0.0,1.0,15.0,1,1,4,0.14,0.14,1819
0.0,0.56,0.04,1.2,1.3,1.3,6.0,6.0,67.0,9.0,0.15,20.0,1.0,0.15,1.0,5.3,0.03,3.0,1.0,15.0,1,1,5,0.14,0.14,2122
0.0,0.33,0.04,0.9,1.2,1.2,2.0,2.0,39.0,5.0,0.09,10.0,1.0,0.09,2.0,2.6,0.03,0.0,1.0,7.0,1,1,4,0.13,0.13,1920
0.09,0.26,0.0,0.1,0.0,0.0,1.0,1.0,11.0,1.0,0.03,4.0,1.0,0.03,0.0,0.5,0.07,0.0,1.0,4.0,0,0,2,0.13,0.13,2021
0.0,0.4,0.02,0.5,0.4,0.4,4.0,4.0,28.0,2.0,0.03,9.0,0.0,0.03,4.0,0.7,0.0,0.0,0.0,9.0,0,0,1,0.04,0.04,2223
0.0,0.25,0.0,0.4,0.0,0.0,1.0,1.0,24.0,0.0,0.02,4.0,0.0,0.02,3.0,0.3,0.0,0.0,0.0,4.0,0,0,0,0.0,0.0,2324
0.0,2.08,0.08,2.4,2.1,2.1,157.0,157.0,485.0,20.0,0.09,52.0,2.0,0.09,29.0,2.3,0.08,18.0,2.0,34.0,1,1,1,0.04,0.04,2122
0.1,3.06,0.08,1.3,0.9,0.9,130.0,130.0,299.0,13.0,0.15,35.0,1.0,0.15,16.0,1.7,0.09,10.0,1.0,30.0,0,0,1,0.09,0.09,2223
0.07,1.72,0.07,2.4,1.5,1.5,105.0,105.0,361.0,16.0,0.16,38.0,1.0,0.16,16.0,3.4,0.05,7.0,0.0,30.0,0,0,2,0.09,0.09,1819
0.21,1.61,0.07,1.1,0.9,0.9,84.0,84.0,260.0,8.0,0.2,20.0,1.0,0.2,13.0,2.5,0.08,3.0,1.0,13.0,0,0,1,0.08,0.08,2021
0.12,1.97,0.03,1.1,0.5,0.5,107.0,107.0,332.0,6.0,0.06,30.0,5.0,0.06,20.0,0.9,0.33,5.0,2.0,20.0,0,0,0,0.0,0.0,2223
0.0,1.92,0.11,1.0,1.7,1.7,51.0,51.0,212.0,16.0,0.19,31.0,2.0,0.19,10.0,3.1,0.12,2.0,2.0,22.0,2,2,3,0.19,0.19,2324
0.12,3.1,0.1,2.4,2.7,2.7,230.0,230.0,597.0,43.0,0.27,85.0,2.0,0.33,32.0,7.5,0.07,23.0,1.0,57.0,0,0,3,0.11,0.07,2021
0.11,2.0,0.06,1.5,1.8,1.8,67.0,67.0,346.0,20.0,0.15,56.0,9.0,0.15,20.0,4.2,0.32,5.0,8.0,43.0,3,3,4,0.14,0.14,2122
0.15,2.96,0.1,1.0,1.0,1.0,20.0,20.0,149.0,16.0,0.14,28.0,2.0,0.14,10.0,1.4,0.21,4.0,1.0,14.0,1,1,1,0.11,0.11,2223
0.09,2.68,0.08,1.4,1.1,1.1,28.0,28.0,179.0,13.0,0.1,35.0,5.0,0.1,12.0,1.3,0.38,3.0,4.0,28.0,2,2,4,0.31,0.31,2223
0.0,3.13,0.21,4.6,5.0,5.0,52.0,52.0,366.0,47.0,0.3,73.0,5.0,0.3,24.0,7.1,0.21,1.0,4.0,39.0,2,2,5,0.21,0.21,2324
0.0,0.57,0.02,1.7,0.5,0.5,7.0,7.0,84.0,4.0,0.09,12.0,1.0,0.09,1.0,1.8,0.05,0.0,0.0,10.0,0,0,1,0.05,0.05,2324
0.22,3.93,0.23,7.1,6.8,6.8,338.0,338.0,987.0,60.0,0.5,118.0,9.0,0.55,55.0,15.0,0.3,52.0,4.0,85.0,3,3,11,0.37,0.3,1819
0.15,2.83,0.22,3.7,3.0,3.0,191.0,191.0,430.0,20.0,0.53,38.0,6.0,0.53,23.0,7.1,0.45,22.0,6.0,28.0,3,3,7,0.52,0.52,1920
0.19,2.6,0.23,3.8,4.5,4.5,124.0,124.0,440.0,28.0,0.49,52.0,10.0,0.49,29.0,9.7,0.5,21.0,6.0,43.0,3,3,7,0.35,0.35,2021
0.07,2.54,0.01,0.5,0.2,0.2,2.0,2.0,119.0,5.0,0.05,36.0,0.0,0.05,7.0,0.8,0.0,0.0,0.0,27.0,0,0,0,0.0,0.0,1819
0.0,1.78,0.06,0.5,0.8,0.8,12.0,12.0,116.0,15.0,0.12,26.0,2.0,0.12,10.0,1.7,0.14,0.0,2.0,22.0,1,1,1,0.07,0.07,1920
0.09,0.48,0.01,0.2,0.3,0.3,4.0,4.0,37.0,3.0,0.03,12.0,1.0,0.03,0.0,0.7,0.04,0.0,1.0,7.0,0,0,0,0.0,0.0,2021
0.0,1.2,0.12,0.9,1.4,1.4,6.0,6.0,66.0,5.0,0.2,14.0,1.0,0.2,2.0,2.3,0.09,0.0,0.0,12.0,1,1,2,0.17,0.17,2122
0.17,2.08,0.07,3.3,2.0,2.0,71.0,71.0,587.0,16.0,0.16,61.0,13.0,0.16,27.0,4.6,0.44,6.0,13.0,58.0,5,5,8,0.27,0.27,1819
0.08,2.27,0.08,2.7,1.4,1.4,51.0,51.0,446.0,18.0,0.2,40.0,4.0,0.2,19.0,3.5,0.23,5.0,4.0,31.0,3,3,4,0.23,0.23,1920
0.25,2.22,0.06,1.7,1.5,1.5,55.0,55.0,426.0,25.0,0.21,55.0,3.0,0.27,10.0,5.1,0.12,2.0,3.0,48.0,2,2,6,0.24,0.16,2021
0.15,3.51,0.11,3.3,2.6,2.6,62.0,62.0,440.0,41.0,0.17,85.0,10.0,0.24,13.0,4.2,0.41,1.0,5.0,49.0,6,6,10,0.41,0.37,2122
0.06,3.32,0.1,2.7,1.9,1.9,84.0,84.0,451.0,28.0,0.18,66.0,6.0,0.26,23.0,3.7,0.3,2.0,3.0,45.0,3,3,4,0.2,0.15,2223
0.17,2.29,0.09,0.8,0.8,0.8,79.0,79.0,185.0,10.0,0.21,21.0,2.0,0.21,13.0,1.9,0.22,5.0,1.0,17.0,1,1,2,0.22,0.22,2021
0.07,3.21,0.15,2.1,1.8,1.8,88.0,88.0,231.0,20.0,0.27,38.0,4.0,0.27,23.0,3.2,0.34,6.0,3.0,33.0,2,2,4,0.34,0.34,2122
0.11,2.75,0.17,1.6,2.4,2.4,103.0,103.0,283.0,21.0,0.25,40.0,0.0,0.25,24.0,3.6,0.0,2.0,0.0,27.0,1,1,1,0.07,0.07,2223
0.06,1.75,0.04,1.5,1.0,1.0,92.0,92.0,362.0,10.0,0.05,38.0,3.0,0.05,24.0,1.1,0.14,1.0,3.0,30.0,1,1,1,0.05,0.05,1718
0.0,1.6,0.08,2.3,2.6,2.6,100.0,100.0,471.0,24.0,0.1,51.0,3.0,0.1,18.0,3.3,0.09,5.0,0.0,36.0,1,1,1,0.03,0.03,2324
0.13,1.93,0.13,2.1,2.2,2.2,82.0,82.0,274.0,17.0,0.27,34.0,6.0,0.27,17.0,4.7,0.34,6.0,4.0,30.0,3,3,6,0.34,0.34,2223
0.04,2.34,0.11,3.3,3.4,3.4,109.0,109.0,533.0,29.0,0.21,71.0,13.0,0.21,17.0,6.3,0.43,13.0,9.0,60.0,4,4,9,0.3,0.3,2324
0.0,0.48,0.0,0.1,0.1,0.1,1.0,1.0,35.0,1.0,0.07,9.0,1.0,0.07,0.0,1.4,0.05,0.0,0.0,5.0,0,0,0,0.0,0.0,1819
0.03,2.26,0.1,4.0,3.3,3.3,251.0,251.0,617.0,29.0,0.49,76.0,10.0,0.49,17.0,16.4,0.3,57.0,6.0,41.0,4,4,17,0.51,0.51,1819
0.23,2.66,0.08,2.1,2.8,2.8,254.0,254.0,569.0,25.0,0.26,87.0,9.0,0.31,27.0,8.5,0.28,38.0,5.0,54.0,1,1,7,0.21,0.18,1920
0.16,2.34,0.19,3.2,5.1,5.1,233.0,233.0,479.0,30.0,0.4,62.0,9.0,0.43,17.0,10.5,0.34,41.0,8.0,42.0,6,6,12,0.45,0.41,2021
0.1,2.43,0.18,4.6,5.7,5.7,316.0,316.0,591.0,33.0,0.61,75.0,5.0,0.64,23.0,19.0,0.16,41.0,5.0,50.0,5,5,13,0.42,0.39,2122
0.09,2.7,0.15,4.1,4.8,4.8,341.0,341.0,707.0,38.0,0.44,85.0,9.0,0.49,27.0,13.9,0.29,57.0,6.0,62.0,3,3,13,0.41,0.38,2223
0.27,3.29,0.2,5.8,6.3,6.3,333.0,333.0,859.0,44.0,0.5,104.0,9.0,0.5,53.0,15.8,0.28,51.0,7.0,77.0,3,3,15,0.47,0.47,2324
0.25,2.38,0.15,1.7,2.2,2.2,116.0,116.0,323.0,18.0,0.23,35.0,7.0,0.23,12.0,3.4,0.48,10.0,6.0,26.0,4,4,4,0.27,0.27,1819
0.0,2.25,0.08,1.6,1.3,1.3,94.0,94.0,277.0,12.0,0.19,36.0,6.0,0.19,15.0,3.1,0.37,5.0,6.0,31.0,4,4,5,0.31,0.31,1920
0.09,2.24,0.05,0.7,0.4,0.4,33.0,33.0,151.0,6.0,0.06,16.0,0.0,0.06,7.0,0.4,0.0,3.0,0.0,13.0,0,0,0,0.0,0.0,2021
0.07,1.59,0.11,2.2,2.3,2.3,72.0,72.0,353.0,13.0,0.11,34.0,5.0,0.11,19.0,2.5,0.23,5.0,3.0,25.0,2,2,2,0.09,0.09,2122
0.09,2.04,0.05,0.7,0.7,0.7,59.0,59.0,249.0,13.0,0.06,30.0,3.0,0.06,9.0,0.9,0.2,6.0,2.0,24.0,1,1,1,0.07,0.07,2223
0.0,0.73,0.02,0.7,0.5,0.5,8.0,8.0,76.0,4.0,0.09,19.0,1.0,0.09,6.0,2.5,0.04,0.0,1.0,14.0,0,0,3,0.12,0.12,2122
0.14,0.97,0.0,0.5,0.0,0.0,5.0,5.0,63.0,1.0,0.03,14.0,3.0,0.03,5.0,0.4,0.21,1.0,3.0,13.0,0,0,0,0.0,0.0,2324
0.0,2.07,0.06,0.8,0.9,0.9,34.0,34.0,198.0,14.0,0.08,31.0,2.0,0.08,7.0,1.1,0.13,0.0,0.0,18.0,0,0,0,0.0,0.0,2021
0.04,1.69,0.05,1.8,1.4,1.4,21.0,21.0,247.0,20.0,0.06,46.0,5.0,0.06,14.0,1.7,0.18,0.0,2.0,33.0,1,1,1,0.04,0.04,2223
0.24,2.41,0.1,2.5,2.3,2.3,36.0,36.0,345.0,26.0,0.11,56.0,9.0,0.11,23.0,2.6,0.39,1.0,9.0,42.0,1,1,2,0.09,0.09,2324
0.14,6.96,0.3,6.5,7.4,7.4,212.0,212.0,775.0,81.0,0.5,169.0,20.0,0.5,69.0,12.0,0.82,79.0,17.0,121.0,10,10,16,0.66,0.66,2021
0.31,5.6,0.28,4.6,6.0,6.0,267.0,267.0,761.0,53.0,0.53,119.0,6.0,0.53,43.0,11.3,0.28,83.0,6.0,98.0,3,3,6,0.28,0.28,2122
0.09,4.55,0.31,6.7,7.1,7.1,310.0,310.0,772.0,50.0,0.51,104.0,20.0,0.51,48.0,11.7,0.88,63.0,14.0,71.0,7,7,12,0.53,0.53,2223
0.12,4.82,0.22,2.8,2.5,2.5,146.0,146.0,443.0,26.0,0.41,54.0,4.0,0.41,25.0,4.6,0.36,50.0,4.0,46.0,1,1,4,0.36,0.36,2324
0.23,2.93,0.11,2.5,3.2,3.2,234.0,234.0,651.0,42.0,0.26,86.0,4.0,0.26,35.0,7.6,0.14,35.0,1.0,55.0,1,1,9,0.31,0.31,2122
0.12,3.79,0.17,5.1,5.1,5.1,255.0,255.0,836.0,53.0,0.33,114.0,9.0,0.33,51.0,9.8,0.3,24.0,6.0,68.0,7,7,12,0.4,0.4,2223
0.0,2.68,0.14,3.3,3.4,3.4,135.0,135.0,445.0,28.0,0.28,66.0,7.0,0.28,34.0,7.0,0.28,14.0,5.0,46.0,3,3,6,0.24,0.24,2324
0.1,1.45,0.07,0.4,0.7,0.7,38.0,38.0,143.0,8.0,0.26,14.0,0.0,0.26,5.0,2.5,0.0,1.0,0.0,11.0,0,0,3,0.31,0.31,2324
0.11,0.79,0.01,0.3,0.2,0.2,6.0,6.0,53.0,5.0,0.06,15.0,0.0,0.06,6.0,1.2,0.0,1.0,0.0,14.0,0,0,1,0.05,0.05,1819
0.0,0.62,0.05,1.0,1.4,1.4,11.0,11.0,52.0,8.0,0.09,17.0,3.0,0.09,12.0,2.4,0.11,3.0,3.0,15.0,3,3,4,0.15,0.15,1920
0.0,1.0,0.02,0.3,0.3,0.3,3.0,3.0,69.0,6.0,0.06,17.0,0.0,0.06,9.0,1.1,0.0,0.0,0.0,16.0,0,0,0,0.0,0.0,2021
0.0,0.77,0.02,0.2,0.2,0.2,3.0,3.0,28.0,3.0,0.05,10.0,1.0,0.05,3.0,0.6,0.08,0.0,1.0,9.0,0,0,0,0.0,0.0,2223
0.0,2.3,0.14,0.2,0.6,0.6,10.0,10.0,55.0,5.0,0.17,10.0,1.0,0.17,2.0,0.8,0.23,0.0,1.0,8.0,1,1,1,0.23,0.23,1819
1.32,2.28,0.25,2.4,3.5,3.5,138.0,138.0,294.0,18.0,0.49,32.0,2.0,0.49,14.0,6.9,0.14,16.0,2.0,25.0,2,2,4,0.28,0.28,1819
0.0,5.29,0.44,1.9,1.9,1.9,31.0,31.0,86.0,13.0,0.49,23.0,2.0,0.49,4.0,2.1,0.46,13.0,2.0,16.0,1,1,1,0.23,0.23,1920
0.0,2.88,0.22,1.5,2.0,2.0,106.0,106.0,186.0,15.0,0.53,26.0,1.0,0.53,16.0,4.8,0.11,14.0,1.0,22.0,0,0,4,0.44,0.44,2122
0.0,3.3,0.11,0.4,0.4,0.4,24.0,24.0,65.0,7.0,0.47,12.0,0.0,0.47,2.0,1.7,0.0,5.0,0.0,11.0,0,0,1,0.27,0.27,2223
0.0,4.29,0.15,0.7,0.6,0.6,41.0,41.0,133.0,8.0,0.66,19.0,4.0,0.66,6.0,2.9,0.9,8.0,2.0,12.0,2,2,4,0.9,0.9,2425
0.17,0.59,0.18,0.4,0.6,0.6,17.0,17.0,47.0,1.0,0.2,2.0,1.0,0.2,2.0,0.7,0.3,1.0,1.0,2.0,1,1,1,0.3,0.3,1819
0.12,2.55,0.21,2.6,3.8,3.8,46.0,46.0,257.0,19.0,0.3,46.0,7.0,0.3,27.0,5.4,0.39,12.0,5.0,29.0,3,3,5,0.28,0.28,2021
0.14,2.81,0.16,1.9,2.6,2.6,80.0,80.0,298.0,20.0,0.29,46.0,6.0,0.29,19.0,4.8,0.37,21.0,3.0,34.0,2,2,3,0.18,0.18,2122
0.53,3.52,0.2,3.1,2.8,2.8,141.0,141.0,329.0,19.0,0.44,49.0,6.0,0.44,26.0,6.1,0.43,30.0,5.0,37.0,2,2,6,0.43,0.43,2223
0.46,4.16,0.37,3.4,5.0,5.0,113.0,113.0,339.0,31.0,0.54,55.0,10.0,0.54,30.0,7.1,0.76,15.0,9.0,44.0,7,7,10,0.76,0.76,2324
0.24,2.74,0.07,2.3,1.9,1.9,92.0,92.0,406.0,21.0,0.22,75.0,6.0,0.22,21.0,5.9,0.22,22.0,5.0,55.0,1,1,7,0.26,0.26,2122
0.11,2.76,0.17,2.9,5.1,5.1,119.0,119.0,422.0,42.0,0.34,81.0,11.0,0.34,28.0,10.1,0.38,21.0,8.0,69.0,7,7,13,0.44,0.44,2223
0.17,3.06,0.11,1.4,1.0,1.0,69.0,69.0,195.0,10.0,0.34,29.0,3.0,0.34,5.0,3.2,0.32,11.0,2.0,23.0,1,1,2,0.21,0.21,2324
0.07,3.51,0.16,1.7,2.3,2.3,51.0,51.0,242.0,24.0,0.26,48.0,4.0,0.26,9.0,3.5,0.29,7.0,2.0,29.0,1,1,2,0.15,0.15,2324
0.0,2.25,0.1,1.3,1.6,1.6,66.0,66.0,320.0,19.0,0.11,38.0,6.0,0.11,24.0,1.9,0.36,5.0,6.0,30.0,1,1,1,0.06,0.06,1819
0.0,1.69,0.02,0.2,0.2,0.2,40.0,40.0,174.0,7.0,0.08,16.0,1.0,0.08,6.0,0.8,0.11,2.0,0.0,13.0,0,0,0,0.0,0.0,1920
0.0,1.94,0.04,0.3,0.4,0.4,9.0,9.0,80.0,7.0,0.05,19.0,0.0,0.05,4.0,0.5,0.0,0.0,0.0,14.0,0,0,1,0.1,0.1,2122
0.63,5.05,0.28,9.5,7.7,7.7,328.0,328.0,954.0,62.0,0.54,138.0,32.0,0.54,56.0,14.7,1.17,65.0,24.0,96.0,14,14,26,0.95,0.95,1819
0.48,5.04,0.42,8.0,10.8,10.8,298.0,298.0,984.0,68.0,0.82,128.0,32.0,0.82,55.0,20.9,1.26,48.0,26.0,96.0,16,16,33,1.3,1.3,1920
0.14,5.46,0.34,8.0,7.7,7.7,276.0,276.0,1006.0,67.0,0.59,125.0,19.0,0.62,82.0,13.5,0.83,48.0,15.0,87.0,11,11,19,0.83,0.79,2021
0.0,4.64,0.27,4.1,5.0,5.0,173.0,173.0,536.0,43.0,0.49,87.0,9.0,0.49,40.0,9.2,0.48,45.0,7.0,80.0,3,3,9,0.48,0.48,2223
0.2,4.85,0.28,3.3,3.0,3.0,114.0,114.0,344.0,25.0,0.35,51.0,6.0,0.35,26.0,3.7,0.57,29.0,2.0,36.0,2,2,4,0.38,0.38,2324
0.0,2.36,0.09,2.5,2.9,2.9,224.0,224.0,604.0,29.0,0.35,72.0,10.0,0.46,21.0,10.8,0.33,10.0,7.0,53.0,3,3,14,0.46,0.36,1920
0.0,1.9,0.05,1.7,1.2,1.2,134.0,134.0,434.0,15.0,0.29,43.0,3.0,0.36,10.0,6.7,0.13,7.0,1.0,32.0,0,0,5,0.22,0.18,2021
0.21,2.15,0.08,0.4,0.6,0.6,61.0,61.0,157.0,8.0,0.26,16.0,0.0,0.26,5.0,1.9,0.0,2.0,0.0,15.0,0,0,1,0.13,0.13,2122
0.05,2.06,0.27,0.7,1.3,1.3,33.0,33.0,90.0,6.0,0.66,10.0,2.0,0.66,6.0,3.2,0.41,0.0,1.0,8.0,1,1,2,0.41,0.41,2223
0.0,2.12,0.08,1.6,1.5,1.5,138.0,138.0,370.0,18.0,0.36,42.0,5.0,0.36,11.0,7.2,0.25,7.0,3.0,34.0,1,1,6,0.3,0.3,2324
0.17,2.25,0.07,1.3,0.8,0.8,80.0,80.0,233.0,6.0,0.23,24.0,2.0,0.23,17.0,2.5,0.19,4.0,1.0,19.0,0,0,0,0.0,0.0,1819
0.11,3.22,0.16,3.3,3.7,3.7,140.0,140.0,417.0,44.0,0.27,75.0,7.0,0.27,31.0,6.2,0.3,9.0,6.0,64.0,4,4,6,0.26,0.26,1920
0.31,2.32,0.13,4.2,3.5,3.5,158.0,158.0,438.0,34.0,0.3,62.0,7.0,0.3,27.0,8.1,0.26,19.0,6.0,41.0,3,3,9,0.34,0.34,2021
0.16,1.33,0.13,1.7,0.7,0.7,53.0,53.0,119.0,6.0,0.22,7.0,2.0,0.22,7.0,1.1,0.38,9.0,2.0,7.0,2,2,2,0.38,0.38,2324
0.0,0.69,0.04,0.2,0.9,0.9,13.0,13.0,92.0,8.0,0.06,15.0,1.0,0.06,3.0,1.2,0.05,1.0,1.0,13.0,0,0,0,0.0,0.0,2122
0.0,1.24,0.09,0.6,0.9,0.9,16.0,16.0,167.0,6.0,0.16,13.0,4.0,0.16,8.0,1.7,0.38,1.0,3.0,10.0,3,3,4,0.38,0.38,2324
0.0,2.17,0.12,2.2,2.2,2.2,102.0,102.0,451.0,16.0,0.25,41.0,4.0,0.25,20.0,4.8,0.21,8.0,3.0,27.0,3,3,3,0.16,0.16,2122
0.0,1.89,0.11,0.8,0.8,0.8,26.0,26.0,106.0,4.0,0.2,13.0,1.0,0.2,3.0,1.3,0.15,2.0,1.0,11.0,0,0,0,0.0,0.0,2324
0.0,0.44,0.02,0.5,0.4,0.4,5.0,5.0,67.0,4.0,0.06,10.0,1.0,0.06,1.0,1.3,0.04,1.0,1.0,9.0,0,0,1,0.04,0.04,2122
0.0,1.42,0.05,1.1,1.0,1.0,56.0,56.0,214.0,14.0,0.06,29.0,2.0,0.06,14.0,1.1,0.1,2.0,2.0,25.0,1,1,1,0.05,0.05,2021
0.31,3.57,0.08,1.2,0.7,0.7,66.0,66.0,296.0,9.0,0.37,35.0,8.0,0.37,10.0,3.6,0.82,23.0,5.0,21.0,1,1,7,0.72,0.72,2021
0.41,4.73,0.3,5.2,4.9,4.9,137.0,137.0,460.0,28.0,0.55,77.0,10.0,0.55,31.0,9.0,0.61,24.0,8.0,59.0,5,5,10,0.61,0.61,2122
0.26,4.91,0.27,5.4,6.6,6.6,196.0,196.0,616.0,52.0,0.6,120.0,26.0,0.6,37.0,14.6,1.06,33.0,18.0,90.0,10,10,22,0.9,0.9,2223
0.1,5.44,0.31,5.8,6.0,6.0,163.0,163.0,630.0,42.0,0.71,106.0,18.0,0.71,41.0,13.9,0.92,33.0,13.0,75.0,5,5,15,0.77,0.77,2324
0.06,2.13,0.06,0.5,0.5,0.5,18.0,18.0,150.0,7.0,0.14,19.0,2.0,0.14,6.0,1.3,0.22,1.0,2.0,13.0,1,1,1,0.11,0.11,2223
0.06,2.94,0.14,3.7,4.6,4.6,76.0,76.0,549.0,44.0,0.22,98.0,8.0,0.22,24.0,7.3,0.24,5.0,3.0,58.0,2,2,3,0.09,0.09,2324
0.0,1.53,0.09,0.7,1.0,1.0,52.0,52.0,182.0,9.0,0.12,17.0,2.0,0.12,7.0,1.3,0.18,1.0,2.0,16.0,0,0,0,0.0,0.0,2122
0.0,3.17,0.25,1.7,3.5,3.5,75.0,75.0,235.0,18.0,0.37,43.0,5.0,0.37,11.0,5.0,0.37,10.0,4.0,26.0,3,3,3,0.22,0.22,1819
0.0,2.25,0.09,0.7,1.1,1.1,30.0,30.0,107.0,8.0,0.17,27.0,2.0,0.17,7.0,2.0,0.17,3.0,2.0,20.0,0,0,0,0.0,0.0,1920
0.21,5.83,0.22,6.5,6.4,6.4,138.0,138.0,838.0,78.0,0.4,170.0,10.0,0.4,43.0,11.8,0.34,19.0,7.0,84.0,3,3,9,0.31,0.31,1920
0.29,4.85,0.22,3.4,5.1,5.1,116.0,116.0,630.0,51.0,0.38,113.0,10.0,0.38,33.0,8.9,0.43,13.0,8.0,63.0,5,5,13,0.56,0.56,2021
0.33,3.88,0.19,3.9,5.1,5.1,141.0,141.0,535.0,48.0,0.46,106.0,18.0,0.46,38.0,12.7,0.66,13.0,13.0,65.0,8,8,20,0.73,0.73,2122
0.38,5.01,0.34,5.7,9.3,9.3,155.0,155.0,655.0,69.0,0.58,138.0,13.0,0.65,27.0,15.9,0.47,31.0,10.0,76.0,9,9,19,0.69,0.65,2223
0.35,6.79,0.25,6.3,5.9,5.9,156.0,156.0,852.0,67.0,0.52,161.0,19.0,0.52,59.0,12.4,0.8,31.0,13.0,110.0,9,9,13,0.55,0.55,2324
0.09,2.15,0.1,3.1,3.3,3.3,137.0,137.0,436.0,31.0,0.22,73.0,11.0,0.22,12.0,7.4,0.32,17.0,7.0,62.0,6,6,9,0.26,0.26,1819
0.0,2.19,0.09,1.0,1.4,1.4,22.0,22.0,226.0,16.0,0.11,35.0,4.0,0.11,19.0,1.7,0.25,4.0,4.0,30.0,3,3,3,0.19,0.19,2122
0.0,1.66,0.07,1.1,1.3,1.3,23.0,23.0,201.0,17.0,0.1,31.0,1.0,0.1,8.0,1.8,0.05,0.0,0.0,16.0,0,0,0,0.0,0.0,1920
0.0,2.97,0.15,2.1,2.9,2.9,110.0,110.0,366.0,28.0,0.26,60.0,3.0,0.3,25.0,5.2,0.15,18.0,3.0,45.0,3,3,6,0.3,0.25,2324
0.19,4.28,0.27,6.0,5.3,5.3,139.0,139.0,575.0,44.0,0.32,85.0,7.0,0.44,37.0,6.4,0.35,5.0,6.0,44.0,4,4,9,0.45,0.3,1819
0.08,2.69,0.07,1.1,0.7,0.7,42.0,42.0,228.0,10.0,0.13,28.0,4.0,0.28,8.0,1.3,0.38,1.0,4.0,24.0,2,2,4,0.38,0.19,1920
0.11,2.27,0.07,1.0,0.8,0.8,51.0,51.0,272.0,13.0,0.1,27.0,1.0,0.1,21.0,1.2,0.08,3.0,0.0,22.0,1,1,1,0.08,0.08,2021
0.1,4.22,0.23,1.5,2.2,2.2,38.0,38.0,252.0,22.0,0.26,40.0,2.0,0.26,18.0,2.5,0.21,1.0,1.0,29.0,1,1,1,0.11,0.11,2122
0.23,3.56,0.09,1.6,0.9,0.9,78.0,78.0,264.0,13.0,0.13,36.0,3.0,0.13,15.0,1.3,0.3,5.0,2.0,27.0,1,1,1,0.1,0.1,2223
0.0,2.79,0.21,1.7,1.8,1.8,73.0,73.0,245.0,16.0,0.24,24.0,2.0,0.24,17.0,2.0,0.23,4.0,0.0,20.0,2,2,2,0.23,0.23,2324
0.21,6.58,0.44,5.7,5.6,5.6,103.0,103.0,481.0,51.0,0.84,83.0,8.0,0.84,36.0,10.6,0.63,7.0,5.0,56.0,3,3,10,0.79,0.79,1819
0.2,5.16,0.48,1.4,2.2,2.2,27.0,27.0,139.0,14.0,0.71,24.0,1.0,0.71,8.0,3.3,0.21,0.0,1.0,18.0,1,1,2,0.43,0.43,1920
0.0,0.49,0.03,0.1,0.2,0.2,1.0,1.0,9.0,2.0,0.11,3.0,0.0,0.11,0.0,0.7,0.0,0.0,0.0,3.0,0,0,1,0.16,0.16,2122
0.0,0.0,0.0,0.0,0.0,0.0,1.0,1.0,7.0,0.0,0.27,0.0,0.0,0.27,0.0,1.0,0.0,0.0,0.0,0.0,0,0,1,0.27,0.27,2223
0.08,3.33,0.15,3.5,3.2,3.2,86.0,86.0,440.0,46.0,0.27,72.0,3.0,0.31,11.0,5.9,0.14,3.0,2.0,32.0,0,0,7,0.32,0.28,1819
0.23,3.48,0.23,6.3,7.8,7.8,63.0,63.0,558.0,64.0,0.37,116.0,16.0,0.41,23.0,12.3,0.48,6.0,7.0,57.0,7,7,14,0.42,0.36,2324
0.34,3.54,0.12,1.0,0.7,0.7,38.0,38.0,147.0,2.0,0.53,21.0,9.0,0.53,5.0,3.1,1.52,18.0,7.0,11.0,1,1,4,0.68,0.68,2223
0.15,3.92,0.24,3.0,2.8,2.8,105.0,105.0,308.0,18.0,0.43,46.0,9.0,0.43,15.0,5.0,0.77,40.0,6.0,31.0,4,4,5,0.43,0.43,2324
0.11,3.61,0.19,3.1,3.2,3.2,172.0,172.0,419.0,23.0,0.55,61.0,8.0,0.55,18.0,9.3,0.47,28.0,6.0,39.0,4,4,8,0.47,0.47,2324
0.15,1.95,0.17,2.1,5.1,5.1,186.0,186.0,396.0,32.0,0.64,59.0,9.0,0.77,19.0,19.5,0.3,26.0,4.0,41.0,4,4,22,0.73,0.59,1819
0.29,2.08,0.18,3.8,5.9,5.9,200.0,200.0,424.0,31.0,0.63,70.0,12.0,0.75,24.0,21.2,0.36,38.0,7.0,47.0,5,5,28,0.83,0.71,1920
0.1,2.03,0.15,3.1,4.7,4.7,202.0,202.0,415.0,28.0,0.55,64.0,20.0,0.78,10.0,17.5,0.63,35.0,9.0,39.0,9,9,24,0.76,0.51,2021
0.19,1.94,0.07,1.0,1.4,1.4,112.0,112.0,234.0,18.0,0.61,39.0,6.0,0.61,15.0,12.2,0.3,25.0,2.0,29.0,2,2,17,0.85,0.85,2122
0.13,1.65,0.07,0.7,1.4,1.4,101.0,101.0,206.0,14.0,0.35,34.0,7.0,0.39,5.0,7.3,0.34,13.0,5.0,23.0,4,4,7,0.34,0.34,2223
0.03,0.75,0.03,0.5,0.7,0.7,2.0,2.0,35.0,9.0,0.06,18.0,2.0,0.06,1.0,1.5,0.08,2.0,2.0,13.0,1,1,1,0.04,0.04,1819
0.0,0.75,0.01,0.7,0.4,0.4,5.0,5.0,72.0,6.0,0.09,22.0,1.0,0.09,1.0,2.6,0.03,0.0,1.0,16.0,0,0,4,0.14,0.14,2122
0.19,2.62,0.08,0.3,0.6,0.6,7.0,7.0,69.0,8.0,0.1,22.0,4.0,0.1,3.0,0.9,0.48,1.0,4.0,20.0,2,2,2,0.24,0.24,1819
0.03,1.41,0.03,1.1,0.9,0.9,7.0,7.0,157.0,10.0,0.08,37.0,3.0,0.08,10.0,2.1,0.11,2.0,3.0,35.0,0,0,0,0.0,0.0,2324
0.23,1.66,0.07,0.9,0.8,0.8,70.0,70.0,200.0,10.0,0.19,19.0,3.0,0.19,3.0,2.2,0.26,3.0,2.0,16.0,3,3,5,0.44,0.44,2021
0.21,3.47,0.16,2.1,2.2,2.2,97.0,97.0,280.0,23.0,0.27,46.0,8.0,0.27,24.0,3.5,0.6,3.0,6.0,40.0,3,3,6,0.45,0.45,2122
0.0,3.0,0.09,2.1,0.9,0.9,66.0,66.0,192.0,10.0,0.2,29.0,6.0,0.2,11.0,1.9,0.62,9.0,3.0,20.0,2,2,4,0.41,0.41,2223
0.1,3.5,0.13,1.8,3.3,3.3,80.0,80.0,291.0,46.0,0.18,91.0,8.0,0.18,17.0,4.6,0.31,6.0,5.0,75.0,3,3,4,0.15,0.15,1819
0.0,2.67,0.08,1.0,1.5,1.5,62.0,62.0,243.0,17.0,0.11,51.0,3.0,0.11,9.0,2.2,0.16,4.0,2.0,39.0,2,2,4,0.21,0.21,1920
0.0,2.22,0.01,0.2,0.1,0.1,23.0,23.0,80.0,2.0,0.18,12.0,0.0,0.18,3.0,1.0,0.0,1.0,0.0,8.0,0,0,0,0.0,0.0,2021
0.04,0.77,0.01,0.3,0.1,0.1,17.0,17.0,100.0,1.0,0.13,7.0,0.0,0.13,2.0,1.2,0.0,1.0,0.0,6.0,0,0,3,0.33,0.33,2122
0.07,2.47,0.09,1.4,2.1,2.1,84.0,84.0,304.0,23.0,0.22,60.0,5.0,0.22,14.0,5.4,0.21,5.0,5.0,47.0,1,1,6,0.25,0.25,2223
0.0,2.06,0.04,1.2,0.6,0.6,36.0,36.0,176.0,10.0,0.1,28.0,2.0,0.11,6.0,1.3,0.15,0.0,2.0,25.0,1,1,2,0.15,0.15,2324
0.0,1.58,0.02,0.5,0.2,0.2,60.0,60.0,135.0,6.0,0.18,14.0,0.0,0.18,6.0,1.6,0.0,8.0,0.0,12.0,0,0,1,0.11,0.11,2122
0.0,1.63,0.08,1.5,1.6,1.6,37.0,37.0,175.0,13.0,0.09,32.0,3.0,0.09,17.0,1.8,0.15,0.0,3.0,26.0,1,1,1,0.05,0.05,2021
0.0,2.64,0.1,0.8,0.5,0.5,25.0,25.0,102.0,6.0,0.11,14.0,1.0,0.11,8.0,0.6,0.19,1.0,1.0,11.0,0,0,0,0.0,0.0,2122
0.0,0.54,0.03,0.2,0.5,0.5,1.0,1.0,46.0,6.0,0.11,9.0,0.0,0.11,5.0,1.8,0.0,1.0,0.0,7.0,0,0,1,0.06,0.06,1920
0.0,0.98,0.02,0.8,0.5,0.5,2.0,2.0,100.0,7.0,0.07,28.0,4.0,0.07,12.0,2.1,0.14,0.0,2.0,24.0,0,0,3,0.1,0.1,2021
0.0,0.37,0.03,0.4,0.2,0.2,21.0,21.0,94.0,2.0,0.08,3.0,0.0,0.08,4.0,0.7,0.0,2.0,0.0,2.0,0,0,0,0.0,0.0,2122
0.0,0.0,0.0,0.0,0.0,0.0,0.0,0.0,5.0,0.0,0.12,0.0,0.0,0.12,0.0,0.5,0.0,0.0,0.0,0.0,0,0,1,0.23,0.23,2122
0.3,2.78,0.17,4.1,5.0,5.0,166.0,166.0,528.0,29.0,0.42,79.0,12.0,0.42,21.0,12.0,0.42,40.0,7.0,42.0,5,5,13,0.46,0.46,2021
0.14,2.96,0.18,4.3,6.1,6.1,204.0,204.0,625.0,41.0,0.54,98.0,19.0,0.54,24.0,18.0,0.57,43.0,9.0,56.0,10,10,22,0.66,0.66,2122
0.18,3.01,0.2,6.0,7.4,7.4,213.0,213.0,693.0,48.0,0.42,108.0,14.0,0.45,24.0,15.2,0.39,56.0,6.0,58.0,5,5,11,0.31,0.28,2223
0.05,3.13,0.11,2.8,3.1,3.1,111.0,111.0,540.0,36.0,0.25,89.0,12.0,0.25,14.0,7.1,0.42,13.0,5.0,48.0,5,5,11,0.39,0.39,1819
0.0,2.27,0.11,2.0,2.1,2.1,65.0,65.0,268.0,24.0,0.15,42.0,3.0,0.15,22.0,2.8,0.16,3.0,3.0,28.0,1,1,3,0.16,0.16,1920
0.31,2.59,0.19,2.5,4.8,4.8,124.0,124.0,391.0,30.0,0.31,67.0,7.0,0.31,22.0,8.0,0.27,6.0,6.0,44.0,5,5,7,0.27,0.27,1819
0.0,2.99,0.15,1.7,2.0,2.0,74.0,74.0,295.0,25.0,0.26,39.0,6.0,0.26,15.0,3.4,0.46,1.0,0.0,18.0,4,4,5,0.38,0.38,1920
0.0,4.38,0.22,1.3,1.7,1.7,31.0,31.0,155.0,17.0,0.35,33.0,3.0,0.35,7.0,2.6,0.4,2.0,1.0,15.0,1,1,1,0.13,0.13,2122
0.0,0.51,0.0,0.5,0.1,0.1,3.0,3.0,30.0,3.0,0.04,12.0,2.0,0.04,2.0,0.9,0.08,0.0,2.0,12.0,1,1,1,0.04,0.04,1920
0.06,1.87,0.05,1.8,0.8,0.8,94.0,94.0,291.0,8.0,0.08,31.0,3.0,0.08,19.0,1.3,0.18,2.0,1.0,24.0,0,0,1,0.06,0.06,1819
0.26,1.23,0.03,0.8,0.5,0.5,82.0,82.0,225.0,8.0,0.04,19.0,0.0,0.04,8.0,0.6,0.0,1.0,0.0,16.0,1,1,1,0.06,0.06,1920
0.03,2.27,0.12,2.7,2.4,2.4,108.0,108.0,385.0,20.0,0.16,46.0,6.0,0.16,32.0,3.2,0.3,1.0,5.0,36.0,4,4,4,0.2,0.2,2122
0.05,2.01,0.09,2.7,2.5,2.5,123.0,123.0,415.0,31.0,0.12,58.0,4.0,0.12,31.0,3.5,0.14,10.0,3.0,44.0,1,1,1,0.03,0.03,2223
0.14,3.51,0.2,1.5,1.9,1.9,64.0,64.0,154.0,12.0,0.24,35.0,5.0,0.24,10.0,2.4,0.5,13.0,4.0,23.0,3,3,5,0.5,0.5,1819
0.17,1.72,0.1,2.0,1.5,1.5,65.0,65.0,194.0,11.0,0.29,25.0,5.0,0.29,11.0,4.2,0.34,18.0,3.0,18.0,2,2,6,0.41,0.41,1920
0.31,2.04,0.05,0.4,0.3,0.3,40.0,40.0,83.0,5.0,0.12,12.0,1.0,0.12,6.0,0.7,0.17,9.0,1.0,6.0,1,1,1,0.17,0.17,2021
0.08,2.35,0.12,4.5,4.0,4.0,167.0,167.0,582.0,42.0,0.12,80.0,6.0,0.12,47.0,4.2,0.18,13.0,3.0,59.0,2,2,3,0.09,0.09,2021
0.0,2.65,0.12,4.2,4.1,4.1,244.0,244.0,788.0,52.0,0.13,93.0,4.0,0.13,56.0,4.6,0.11,19.0,3.0,70.0,3,3,3,0.09,0.09,2223
0.15,1.84,0.06,0.9,0.7,0.7,70.0,70.0,253.0,10.0,0.07,22.0,3.0,0.07,15.0,0.8,0.25,5.0,3.0,19.0,1,1,1,0.08,0.08,2324
0.04,2.26,0.07,2.8,2.1,2.1,57.0,57.0,412.0,32.0,0.13,63.0,6.0,0.13,24.0,3.5,0.21,6.0,3.0,39.0,2,2,3,0.11,0.11,2324
0.0,1.76,0.04,1.4,0.9,0.9,79.0,79.0,293.0,17.0,0.08,38.0,3.0,0.08,21.0,1.7,0.14,3.0,3.0,36.0,1,1,1,0.05,0.05,1819
0.0,2.18,0.05,0.2,0.1,0.1,8.0,8.0,41.0,3.0,0.09,6.0,0.0,0.09,5.0,0.2,0.0,2.0,0.0,6.0,0,0,0,0.0,0.0,2021
0.0,1.92,0.11,2.5,3.0,3.0,120.0,120.0,404.0,14.0,0.15,51.0,8.0,0.15,21.0,4.0,0.3,11.0,6.0,39.0,3,3,4,0.15,0.15,2324
0.0,1.44,0.02,1.2,0.3,0.3,15.0,15.0,118.0,7.0,0.13,21.0,0.0,0.13,3.0,1.9,0.0,1.0,0.0,14.0,0,0,3,0.21,0.21,1819
0.0,2.75,0.07,0.4,0.4,0.4,19.0,19.0,68.0,6.0,0.2,14.0,1.0,0.2,5.0,1.0,0.2,0.0,1.0,11.0,1,1,2,0.39,0.39,2021
0.0,2.77,0.06,0.5,0.6,0.6,38.0,38.0,195.0,11.0,0.15,27.0,4.0,0.15,4.0,1.4,0.41,7.0,4.0,23.0,1,1,2,0.2,0.2,2122
0.08,1.8,0.05,1.4,1.2,1.2,130.0,130.0,341.0,21.0,0.25,45.0,3.0,0.25,17.0,6.1,0.12,17.0,2.0,34.0,1,1,5,0.2,0.2,2122
0.12,2.19,0.1,2.0,2.6,2.6,117.0,117.0,417.0,25.0,0.4,57.0,7.0,0.4,21.0,10.4,0.27,21.0,3.0,35.0,2,2,9,0.35,0.35,2223
0.0,0.6,0.0,0.4,0.1,0.1,5.0,5.0,41.0,3.0,0.03,16.0,3.0,0.03,3.0,0.8,0.11,1.0,3.0,14.0,0,0,1,0.04,0.04,2223
0.0,2.42,0.14,0.7,1.0,1.0,43.0,43.0,121.0,7.0,0.16,17.0,1.0,0.16,1.0,1.1,0.14,0.0,0.0,9.0,0,0,0,0.0,0.0,1819
0.1,1.66,0.03,1.9,0.9,0.9,68.0,68.0,308.0,12.0,0.13,46.0,1.0,0.13,11.0,3.6,0.04,9.0,0.0,33.0,1,1,5,0.18,0.18,2324
0.0,1.28,0.1,0.5,1.4,1.4,83.0,83.0,191.0,5.0,0.54,19.0,3.0,0.54,6.0,8.1,0.2,3.0,1.0,12.0,1,1,8,0.54,0.54,1819
0.0,2.55,0.11,0.3,0.3,0.3,30.0,30.0,75.0,5.0,0.37,7.0,0.0,0.37,2.0,1.0,0.0,2.0,0.0,2.0,0,0,1,0.36,0.36,2324
0.06,2.29,0.05,0.4,0.7,0.7,39.0,39.0,190.0,9.0,0.06,28.0,3.0,0.06,12.0,0.7,0.25,0.0,3.0,22.0,3,3,3,0.25,0.25,1819
0.0,0.93,0.02,0.3,0.3,0.3,25.0,25.0,119.0,4.0,0.04,13.0,4.0,0.04,0.0,0.6,0.29,0.0,3.0,11.0,2,2,3,0.21,0.21,2122
0.1,2.04,0.05,1.8,1.4,1.4,126.0,126.0,437.0,24.0,0.14,60.0,8.0,0.14,24.0,4.0,0.27,4.0,7.0,51.0,3,3,5,0.17,0.17,2324
0.1,3.85,0.12,1.2,1.2,1.2,88.0,88.0,267.0,9.0,0.32,38.0,4.0,0.32,9.0,3.2,0.4,29.0,3.0,19.0,1,1,3,0.3,0.3,1920
0.0,4.51,0.2,2.0,2.1,2.1,73.0,73.0,245.0,18.0,0.31,46.0,1.0,0.39,11.0,3.2,0.1,19.0,0.0,25.0,1,1,3,0.29,0.2,2021
0.0,4.01,0.25,3.6,3.8,3.8,131.0,131.0,402.0,26.0,0.39,60.0,10.0,0.39,33.0,5.8,0.67,19.0,9.0,51.0,5,5,9,0.6,0.6,1718
0.18,6.78,0.13,1.4,0.9,0.9,44.0,44.0,203.0,18.0,0.54,45.0,1.0,0.54,18.0,3.6,0.15,3.0,1.0,31.0,0,0,3,0.45,0.45,1819
0.0,4.2,0.14,0.5,0.8,0.8,29.0,29.0,129.0,5.0,0.48,24.0,1.0,0.48,6.0,2.7,0.18,7.0,1.0,17.0,1,1,1,0.18,0.18,1920
0.14,1.43,0.03,0.5,0.6,0.6,126.0,126.0,398.0,6.0,0.38,32.0,6.0,0.42,7.0,8.6,0.27,14.0,4.0,21.0,1,1,9,0.4,0.36,1920
0.13,1.78,0.08,0.6,1.1,1.1,79.0,79.0,230.0,6.0,0.29,25.0,3.0,0.29,8.0,4.1,0.21,6.0,3.0,18.0,2,2,3,0.21,0.21,2021
0.11,1.89,0.14,0.5,2.1,2.1,60.0,60.0,220.0,12.0,0.45,29.0,4.0,0.45,3.0,6.9,0.26,3.0,2.0,18.0,2,2,4,0.26,0.26,2122
0.0,0.94,0.04,0.8,0.8,0.8,23.0,23.0,148.0,11.0,0.07,19.0,0.0,0.07,8.0,1.3,0.0,2.0,0.0,18.0,0,0,2,0.1,0.1,2021
0.0,2.14,0.1,1.3,1.1,1.1,25.0,25.0,139.0,9.0,0.2,24.0,4.0,0.2,8.0,2.3,0.36,2.0,2.0,16.0,2,2,2,0.18,0.18,2021
0.0,2.3,0.11,2.1,1.8,1.8,71.0,71.0,335.0,17.0,0.27,37.0,2.0,0.27,15.0,4.3,0.12,7.0,2.0,18.0,1,1,2,0.12,0.12,2122
0.0,1.33,0.04,0.3,0.4,0.4,18.0,18.0,76.0,6.0,0.08,12.0,0.0,0.08,3.0,0.8,0.0,2.0,0.0,9.0,0,0,0,0.0,0.0,2223
0.0,1.59,0.01,0.2,0.1,0.1,9.0,9.0,61.0,2.0,0.15,10.0,1.0,0.15,4.0,0.9,0.16,0.0,1.0,9.0,0,0,1,0.16,0.16,2324
0.08,4.41,0.17,3.7,4.9,4.9,53.0,53.0,458.0,66.0,0.23,128.0,14.0,0.23,20.0,6.8,0.48,5.0,9.0,85.0,6,6,8,0.28,0.28,1718
0.0,0.37,0.01,0.1,0.3,0.3,3.0,3.0,27.0,4.0,0.1,8.0,0.0,0.1,2.0,2.2,0.0,0.0,0.0,7.0,0,0,1,0.05,0.05,2021
0.0,0.81,0.01,1.1,0.4,0.4,20.0,20.0,89.0,5.0,0.04,23.0,0.0,0.04,9.0,1.2,0.0,0.0,0.0,20.0,0,0,0,0.0,0.0,2223
0.0,0.49,0.01,0.1,0.0,0.0,2.0,2.0,10.0,1.0,0.07,2.0,0.0,0.07,0.0,0.3,0.0,0.0,0.0,2.0,0,0,0,0.0,0.0,1920
0.0,0.98,0.03,1.9,1.0,1.0,8.0,8.0,84.0,15.0,0.1,34.0,4.0,0.1,7.0,3.6,0.12,0.0,2.0,26.0,0,0,1,0.03,0.03,2122
0.07,0.69,0.01,0.6,0.2,0.2,6.0,6.0,57.0,5.0,0.03,22.0,1.0,0.03,6.0,1.0,0.03,0.0,1.0,17.0,0,0,0,0.0,0.0,2223
0.0,1.86,0.06,1.2,1.0,1.0,37.0,37.0,143.0,6.0,0.16,28.0,5.0,0.16,9.0,2.4,0.33,8.0,3.0,18.0,1,1,2,0.13,0.13,2223
0.0,0.64,0.01,0.2,0.1,0.1,12.0,12.0,58.0,1.0,0.08,5.0,0.0,0.08,0.0,0.6,0.0,1.0,0.0,5.0,0,0,0,0.0,0.0,2324
0.14,2.34,0.05,0.5,0.6,0.6,27.0,27.0,124.0,8.0,0.12,28.0,3.0,0.12,4.0,1.5,0.25,4.0,2.0,20.0,1,1,1,0.08,0.08,1819
0.0,1.86,0.08,0.1,0.5,0.5,15.0,15.0,71.0,5.0,0.17,13.0,1.0,0.17,0.0,1.2,0.14,1.0,0.0,7.0,1,1,2,0.29,0.29,1920
0.09,1.38,0.05,0.8,1.3,1.3,25.0,25.0,200.0,7.0,0.14,33.0,4.0,0.15,9.0,3.4,0.17,2.0,2.0,25.0,2,2,4,0.17,0.17,2021
0.07,2.06,0.08,1.0,0.8,0.8,39.0,39.0,146.0,6.0,0.24,23.0,3.0,0.24,9.0,2.7,0.27,2.0,3.0,19.0,1,1,2,0.18,0.18,2122
0.0,1.94,0.08,1.3,1.1,1.1,37.0,37.0,194.0,9.0,0.16,28.0,2.0,0.16,11.0,2.3,0.14,9.0,2.0,21.0,1,1,4,0.28,0.28,2223
0.09,0.62,0.03,0.4,0.6,0.6,10.0,10.0,70.0,4.0,0.05,14.0,3.0,0.05,4.0,1.2,0.13,3.0,3.0,12.0,0,0,1,0.04,0.04,2021
0.0,1.74,0.07,1.9,2.2,2.2,107.0,107.0,429.0,25.0,0.1,58.0,6.0,0.1,27.0,3.2,0.18,6.0,5.0,45.0,3,3,4,0.12,0.12,2122
0.0,1.72,0.03,1.0,0.8,0.8,134.0,134.0,434.0,10.0,0.04,48.0,4.0,0.04,14.0,1.2,0.14,10.0,0.0,32.0,0,0,0,0.0,0.0,2223
0.0,0.8,0.01,0.3,0.2,0.2,23.0,23.0,133.0,3.0,0.03,12.0,0.0,0.03,8.0,0.5,0.0,1.0,0.0,10.0,0,0,0,0.0,0.0,2324
0.0,3.32,0.15,0.6,0.8,0.8,50.0,50.0,98.0,8.0,0.71,17.0,2.0,0.71,2.0,3.6,0.39,9.0,0.0,9.0,0,0,3,0.59,0.59,1819
0.17,3.5,0.14,2.6,3.5,3.5,100.0,100.0,401.0,36.0,0.29,88.0,13.0,0.29,23.0,7.2,0.52,15.0,9.0,70.0,5,5,9,0.36,0.36,1920
0.1,3.18,0.27,5.4,6.1,6.1,96.0,96.0,346.0,33.0,0.38,73.0,8.0,0.38,30.0,8.7,0.35,5.0,7.0,60.0,4,4,6,0.26,0.26,2021
0.0,3.1,0.13,2.8,2.7,2.7,49.0,49.0,273.0,26.0,0.19,62.0,6.0,0.19,24.0,3.7,0.3,3.0,4.0,41.0,2,2,4,0.2,0.2,2122
0.0,2.02,0.06,2.6,1.9,1.9,67.0,67.0,358.0,23.0,0.11,60.0,3.0,0.11,19.0,3.3,0.1,10.0,2.0,52.0,1,1,3,0.1,0.1,1819
0.09,2.64,0.11,2.5,3.2,3.2,169.0,169.0,452.0,30.0,0.62,73.0,11.0,0.62,12.0,17.0,0.4,21.0,5.0,43.0,2,2,16,0.58,0.58,1819
0.0,1.45,0.1,0.2,1.2,1.2,63.0,63.0,163.0,6.0,0.54,17.0,2.0,0.61,2.0,6.4,0.17,9.0,1.0,8.0,1,1,4,0.34,0.26,1920
0.08,1.81,0.13,0.7,1.4,1.4,74.0,74.0,168.0,12.0,0.83,20.0,3.0,0.9,3.0,9.2,0.27,9.0,2.0,15.0,1,1,8,0.72,0.63,2021
0.0,1.57,0.1,0.6,1.3,1.3,46.0,46.0,160.0,7.0,0.56,20.0,2.0,0.56,3.0,7.1,0.16,7.0,1.0,14.0,1,1,6,0.47,0.47,2122
0.2,0.94,0.07,0.2,0.6,0.6,43.0,43.0,119.0,5.0,0.47,8.0,1.0,0.47,1.0,4.0,0.12,5.0,0.0,3.0,0,0,2,0.23,0.23,2223
0.07,2.56,0.12,1.3,3.1,3.1,135.0,135.0,373.0,32.0,0.49,65.0,12.0,0.56,14.0,12.5,0.47,14.0,8.0,48.0,5,5,21,0.83,0.75,2324
0.04,3.07,0.07,0.9,1.2,1.2,65.0,65.0,223.0,21.0,0.13,51.0,5.0,0.13,11.0,2.1,0.3,5.0,4.0,40.0,0,0,0,0.0,0.0,1920
0.12,1.94,0.11,3.1,2.5,2.5,97.0,97.0,389.0,19.0,0.2,45.0,9.0,0.2,16.0,4.6,0.39,19.0,5.0,28.0,1,1,2,0.09,0.09,2021
0.22,2.01,0.1,2.4,2.7,2.7,90.0,90.0,388.0,23.0,0.18,52.0,5.0,0.18,18.0,4.6,0.19,14.0,3.0,32.0,3,3,5,0.19,0.19,2122
0.09,3.79,0.19,5.8,5.2,5.2,110.0,110.0,569.0,57.0,0.29,102.0,13.0,0.29,49.0,7.7,0.48,16.0,8.0,65.0,6,6,8,0.3,0.3,2223
0.0,2.62,0.09,0.6,1.0,1.0,55.0,55.0,179.0,13.0,0.22,30.0,1.0,0.22,4.0,2.5,0.09,4.0,1.0,23.0,0,0,1,0.09,0.09,1819
0.0,1.91,0.06,0.8,0.7,0.7,43.0,43.0,161.0,11.0,0.13,21.0,0.0,0.13,6.0,1.5,0.0,6.0,0.0,19.0,0,0,2,0.18,0.18,1920
0.0,2.26,0.08,1.3,2.2,2.2,61.0,61.0,293.0,26.0,0.2,59.0,6.0,0.2,15.0,5.2,0.23,11.0,5.0,45.0,3,3,4,0.15,0.15,2122
0.11,2.03,0.04,0.7,0.5,0.5,30.0,30.0,109.0,8.0,0.06,24.0,1.0,0.06,3.0,0.7,0.08,1.0,1.0,17.0,0,0,0,0.0,0.0,2223
0.09,1.7,0.04,1.4,0.8,0.8,78.0,78.0,292.0,12.0,0.12,39.0,1.0,0.12,16.0,2.7,0.04,3.0,0.0,30.0,0,0,3,0.13,0.13,1819
0.06,1.77,0.07,1.8,1.6,1.6,61.0,61.0,254.0,14.0,0.16,38.0,3.0,0.16,10.0,3.3,0.14,8.0,2.0,27.0,2,2,4,0.19,0.19,1920
0.0,1.27,0.07,0.6,1.1,1.1,24.0,24.0,115.0,6.0,0.14,20.0,4.0,0.14,5.0,2.2,0.25,2.0,4.0,18.0,1,1,3,0.19,0.19,2021
1.14,3.52,0.1,2.9,3.0,3.0,145.0,145.0,568.0,34.0,0.27,100.0,9.0,0.3,26.0,7.7,0.32,31.0,7.0,67.0,3,3,6,0.21,0.21,1819
0.0,4.13,0.14,1.2,1.2,1.2,44.0,44.0,164.0,11.0,0.25,36.0,6.0,0.25,6.0,2.2,0.69,7.0,3.0,27.0,1,1,3,0.34,0.34,1920
0.45,2.9,0.19,1.8,2.3,2.3,62.0,62.0,221.0,17.0,0.34,34.0,3.0,0.34,12.0,3.9,0.26,5.0,2.0,21.0,2,2,3,0.26,0.26,2021
0.0,5.91,0.42,0.8,0.9,0.9,15.0,15.0,44.0,8.0,0.5,13.0,2.0,0.5,3.0,1.1,0.91,2.0,2.0,12.0,1,1,1,0.45,0.45,2122
0.39,5.36,0.23,0.7,0.9,0.9,25.0,25.0,144.0,8.0,0.44,20.0,2.0,0.44,5.0,1.6,0.54,3.0,2.0,16.0,0,0,0,0.0,0.0,2223
0.0,1.94,0.06,0.7,1.5,1.5,28.0,28.0,170.0,19.0,0.11,46.0,2.0,0.11,8.0,2.7,0.08,1.0,2.0,39.0,1,1,1,0.04,0.04,1718
0.0,1.53,0.05,1.4,1.4,1.4,13.0,13.0,241.0,12.0,0.09,46.0,3.0,0.09,15.0,2.6,0.1,0.0,3.0,36.0,2,2,3,0.1,0.1,1920
0.04,2.06,0.08,2.0,2.2,2.2,51.0,51.0,290.0,24.0,0.18,55.0,4.0,0.18,20.0,4.8,0.15,2.0,4.0,49.0,1,1,2,0.07,0.07,2324
0.05,0.9,0.09,1.7,2.0,2.0,2.0,2.0,49.0,8.0,0.12,21.0,3.0,0.12,16.0,2.7,0.13,1.0,2.0,16.0,2,2,2,0.09,0.09,1819
0.12,1.28,0.06,1.6,1.8,1.8,17.0,17.0,138.0,15.0,0.11,37.0,2.0,0.11,19.0,3.2,0.07,2.0,2.0,30.0,0,0,1,0.03,0.03,2324
0.09,1.4,0.06,1.0,1.2,1.2,95.0,95.0,229.0,16.0,0.24,26.0,3.0,0.24,13.0,4.4,0.16,9.0,1.0,22.0,1,1,5,0.27,0.27,1819
0.19,1.74,0.07,0.4,0.8,0.8,53.0,53.0,159.0,7.0,0.22,20.0,2.0,0.22,3.0,2.6,0.17,12.0,2.0,13.0,1,1,4,0.35,0.35,1920
0.05,2.21,0.13,1.0,2.0,2.0,75.0,75.0,224.0,18.0,0.25,35.0,5.0,0.25,11.0,4.0,0.32,14.0,4.0,29.0,3,3,5,0.32,0.32,2021
0.04,2.24,0.08,1.2,1.6,1.6,60.0,60.0,243.0,18.0,0.24,46.0,7.0,0.24,12.0,4.9,0.34,11.0,3.0,33.0,1,1,5,0.24,0.24,2122
0.13,1.56,0.05,1.0,1.4,1.4,67.0,67.0,293.0,18.0,0.17,44.0,5.0,0.17,11.0,4.6,0.18,11.0,2.0,34.0,1,1,4,0.14,0.14,2223
0.0,1.86,0.15,1.4,2.3,2.3,52.0,52.0,185.0,19.0,0.27,28.0,3.0,0.27,9.0,4.1,0.2,6.0,3.0,21.0,2,2,4,0.27,0.27,2324
0.0,0.29,0.0,0.1,0.1,0.1,3.0,3.0,23.0,2.0,0.04,5.0,0.0,0.04,0.0,0.6,0.0,2.0,0.0,4.0,0,0,1,0.06,0.06,1920
0.0,0.48,0.0,0.1,0.0,0.0,3.0,3.0,17.0,1.0,0.04,6.0,0.0,0.04,0.0,0.5,0.0,0.0,0.0,4.0,0,0,0,0.0,0.0,2122
0.06,1.73,0.01,0.1,0.0,0.0,14.0,14.0,45.0,2.0,0.24,7.0,1.0,0.44,1.0,1.0,0.25,3.0,1.0,3.0,0,0,2,0.49,0.25,2122
0.18,3.0,0.07,0.9,1.2,1.2,40.0,40.0,231.0,16.0,0.16,51.0,3.0,0.16,15.0,2.8,0.18,10.0,2.0,40.0,1,1,4,0.24,0.24,2223
0.05,3.28,0.09,0.7,1.1,1.1,53.0,53.0,180.0,15.0,0.22,37.0,5.0,0.22,10.0,2.5,0.44,2.0,4.0,31.0,2,2,2,0.18,0.18,2324
0.05,1.67,0.01,0.1,0.1,0.1,30.0,30.0,94.0,2.0,0.32,8.0,0.0,0.32,2.0,1.5,0.0,6.0,0.0,7.0,0,0,2,0.42,0.42,2324
0.17,3.55,0.26,0.9,1.5,1.5,51.0,51.0,144.0,11.0,0.41,21.0,3.0,0.41,9.0,2.4,0.51,5.0,1.0,17.0,0,0,2,0.34,0.34,2021
0.2,2.09,0.07,1.8,1.9,1.9,60.0,60.0,238.0,25.0,0.24,54.0,5.0,0.24,18.0,6.3,0.19,4.0,3.0,46.0,1,1,4,0.15,0.15,2324
0.0,1.77,0.06,2.6,2.0,2.0,145.0,145.0,534.0,24.0,0.1,55.0,4.0,0.1,46.0,3.2,0.13,6.0,4.0,50.0,3,3,4,0.13,0.13,1920
0.13,1.13,0.04,1.4,1.3,1.3,113.0,113.0,408.0,10.0,0.15,33.0,1.0,0.15,20.0,4.3,0.03,2.0,1.0,27.0,0,0,2,0.07,0.07,2021
0.1,3.05,0.12,1.0,1.1,1.1,78.0,78.0,201.0,13.0,0.27,28.0,1.0,0.27,13.0,2.4,0.11,6.0,1.0,24.0,0,0,4,0.44,0.44,2021
0.14,2.58,0.09,2.6,1.8,1.8,140.0,140.0,349.0,24.0,0.36,51.0,7.0,0.36,24.0,7.2,0.35,11.0,5.0,40.0,2,2,7,0.35,0.35,2122
0.43,2.89,0.17,1.5,1.2,1.2,36.0,36.0,140.0,6.0,0.46,21.0,4.0,0.46,6.0,3.3,0.55,5.0,3.0,17.0,1,1,2,0.28,0.28,2223
0.14,2.83,0.22,1.6,1.6,1.6,54.0,54.0,157.0,9.0,0.48,20.0,3.0,0.48,3.0,3.4,0.43,6.0,2.0,18.0,3,3,5,0.71,0.71,2324
0.06,2.01,0.07,1.6,1.9,1.9,23.0,23.0,273.0,23.0,0.08,56.0,3.0,0.08,11.0,2.1,0.11,2.0,3.0,49.0,1,1,2,0.07,0.07,2021
0.07,2.33,0.05,0.8,0.7,0.7,13.0,13.0,148.0,12.0,0.06,36.0,3.0,0.06,11.0,0.9,0.19,1.0,3.0,33.0,1,1,2,0.13,0.13,2122
0.07,2.56,0.05,0.8,0.8,0.8,105.0,105.0,325.0,15.0,0.26,41.0,4.0,0.26,12.0,4.2,0.25,34.0,2.0,24.0,1,1,4,0.25,0.25,1819
0.1,3.65,0.12,3.3,3.4,3.4,250.0,250.0,733.0,35.0,0.28,102.0,12.0,0.28,24.0,7.7,0.43,76.0,4.0,58.0,2,2,13,0.47,0.47,1920
0.0,2.37,0.05,1.3,0.9,0.9,169.0,169.0,547.0,12.0,0.23,47.0,7.0,0.23,17.0,4.5,0.35,30.0,3.0,29.0,2,2,6,0.3,0.3,2021
0.27,6.01,0.13,1.9,1.1,1.1,77.0,77.0,315.0,20.0,0.26,51.0,0.0,0.26,26.0,2.2,0.0,27.0,0.0,32.0,0,0,0,0.0,0.0,2122
0.58,3.22,0.1,0.7,0.8,0.8,58.0,58.0,159.0,7.0,0.24,24.0,4.0,0.24,3.0,1.8,0.54,22.0,2.0,16.0,2,2,2,0.27,0.27,2122
0.27,6.59,0.33,3.3,2.8,2.8,78.0,78.0,344.0,34.0,0.54,57.0,8.0,0.54,24.0,4.7,0.92,20.0,7.0,33.0,5,5,7,0.81,0.81,2223
0.17,3.6,0.19,4.3,4.2,4.2,170.0,170.0,488.0,33.0,0.38,80.0,11.0,0.38,28.0,8.5,0.5,39.0,6.0,43.0,6,6,12,0.54,0.54,2324
0.28,3.42,0.21,6.3,6.2,6.2,250.0,250.0,636.0,45.0,0.46,103.0,16.0,0.46,27.0,13.8,0.53,46.0,9.0,65.0,7,7,15,0.5,0.5,2223
0.19,3.36,0.23,5.4,5.9,5.9,348.0,348.0,784.0,45.0,0.56,84.0,9.0,0.56,36.0,14.0,0.36,73.0,6.0,59.0,7,7,16,0.64,0.64,2324
0.38,4.2,0.11,4.7,2.9,2.9,281.0,281.0,750.0,41.0,0.22,108.0,10.0,0.22,49.0,5.7,0.39,49.0,9.0,79.0,3,3,5,0.19,0.19,2021
0.14,4.59,0.32,1.0,1.7,1.7,43.0,43.0,138.0,9.0,0.45,24.0,5.0,0.45,11.0,2.4,0.96,11.0,4.0,17.0,2,2,3,0.58,0.58,2122
0.45,5.65,0.34,4.0,4.9,4.9,156.0,156.0,419.0,30.0,0.53,81.0,10.0,0.53,35.0,7.5,0.7,47.0,1.0,52.0,2,2,8,0.56,0.56,2223
0.36,7.23,0.16,0.6,0.2,0.2,19.0,19.0,44.0,3.0,0.64,9.0,0.0,0.64,3.0,0.8,0.0,7.0,0.0,5.0,0,0,1,0.81,0.81,2324
0.0,5.11,0.11,0.3,0.2,0.2,20.0,20.0,48.0,2.0,0.28,10.0,2.0,0.28,5.0,0.5,1.02,1.0,2.0,6.0,1,1,1,0.51,0.51,2223
0.12,1.81,0.09,1.7,2.3,2.3,130.0,130.0,430.0,28.0,0.12,44.0,4.0,0.12,27.0,2.9,0.16,19.0,4.0,39.0,2,2,3,0.12,0.12,1920
0.06,1.69,0.05,1.4,0.8,0.8,87.0,87.0,274.0,14.0,0.06,28.0,2.0,0.06,20.0,1.0,0.12,5.0,1.0,26.0,2,2,2,0.12,0.12,2021
0.03,2.25,0.09,1.2,1.3,1.3,78.0,78.0,209.0,12.0,0.09,35.0,5.0,0.09,13.0,1.4,0.32,3.0,4.0,33.0,1,1,1,0.06,0.06,2122
0.0,2.72,0.03,0.1,0.1,0.1,31.0,31.0,68.0,2.0,0.25,9.0,1.0,0.25,2.0,0.8,0.3,0.0,1.0,9.0,0,0,1,0.3,0.3,2425
0.11,4.05,0.25,4.8,5.5,5.5,154.0,154.0,458.0,47.0,0.62,89.0,8.0,0.62,16.0,13.5,0.36,40.0,5.0,58.0,4,4,9,0.41,0.41,2122
0.0,2.94,0.15,3.2,2.8,2.8,136.0,136.0,383.0,19.0,0.47,55.0,10.0,0.47,15.0,8.8,0.54,40.0,2.0,25.0,2,2,9,0.48,0.48,2223
0.07,5.01,0.22,0.9,1.0,1.0,34.0,34.0,154.0,13.0,0.36,24.0,0.0,0.36,6.0,1.7,0.0,5.0,0.0,17.0,0,0,0,0.0,0.0,2324
0.0,3.19,0.15,2.5,2.7,2.7,109.0,109.0,415.0,17.0,0.36,59.0,12.0,0.4,14.0,6.6,0.65,5.0,6.0,46.0,2,2,6,0.32,0.27,1819
0.25,3.95,0.09,0.6,1.0,1.0,73.0,73.0,234.0,20.0,0.28,41.0,5.0,0.28,7.0,2.9,0.48,4.0,4.0,35.0,0,0,1,0.1,0.1,1920
0.0,3.92,0.08,0.2,0.3,0.3,22.0,22.0,93.0,8.0,0.24,16.0,1.0,0.24,2.0,1.0,0.25,1.0,0.0,13.0,0,0,2,0.49,0.49,2122
0.26,0.9,0.03,0.0,0.1,0.1,12.0,12.0,37.0,2.0,0.14,3.0,0.0,0.14,0.0,0.5,0.0,3.0,0.0,2.0,0,0,2,0.61,0.61,2021
0.0,0.79,0.04,0.1,0.2,0.2,11.0,11.0,42.0,1.0,0.51,3.0,2.0,0.51,0.0,1.9,0.53,2.0,1.0,1.0,1,1,3,0.79,0.79,2122
0.0,2.07,0.04,0.3,0.3,0.3,42.0,42.0,107.0,6.0,0.4,19.0,3.0,0.49,3.0,3.7,0.33,6.0,1.0,10.0,0,0,4,0.44,0.33,2223
0.0,1.49,0.01,0.2,0.2,0.2,17.0,17.0,97.0,5.0,0.03,21.0,3.0,0.03,2.0,0.4,0.21,1.0,3.0,16.0,0,0,0,0.0,0.0,1819
0.0,3.18,0.08,0.5,0.3,0.3,17.0,17.0,80.0,3.0,0.14,11.0,0.0,0.14,3.0,0.5,0.0,1.0,0.0,6.0,0,0,0,0.0,0.0,2223
0.0,1.26,0.02,0.2,0.1,0.1,29.0,29.0,137.0,3.0,0.16,10.0,0.0,0.16,7.0,1.3,0.0,0.0,0.0,5.0,0,0,1,0.13,0.13,2324
0.0,2.31,0.08,0.5,0.7,0.7,55.0,55.0,139.0,7.0,0.46,20.0,1.0,0.46,6.0,4.0,0.12,14.0,0.0,11.0,0,0,2,0.23,0.23,1819
0.09,2.37,0.12,2.9,3.6,3.6,180.0,180.0,643.0,36.0,0.13,70.0,12.0,0.13,40.0,3.8,0.41,8.0,9.0,57.0,6,6,7,0.24,0.24,2324
0.0,4.02,0.2,0.2,0.2,0.2,9.0,9.0,27.0,3.0,0.57,5.0,1.0,0.57,2.0,0.7,0.8,1.0,0.0,4.0,0,0,1,0.81,0.81,2223
0.19,2.89,0.21,8.1,6.2,6.2,288.0,288.0,824.0,41.0,0.26,87.0,12.0,0.26,78.0,7.7,0.4,38.0,11.0,78.0,5,5,6,0.2,0.2,1819
0.19,2.97,0.21,8.2,7.7,7.7,349.0,349.0,1069.0,62.0,0.21,111.0,16.0,0.21,100.0,8.0,0.43,40.0,13.0,100.0,7,7,7,0.19,0.19,1920
0.0,3.12,0.23,3.4,4.6,4.6,181.0,181.0,492.0,35.0,0.25,62.0,5.0,0.25,51.0,5.0,0.25,10.0,4.0,56.0,3,3,3,0.15,0.15,2122
0.09,2.73,0.13,3.2,2.8,2.8,207.0,207.0,621.0,26.0,0.14,60.0,8.0,0.14,46.0,3.1,0.36,9.0,6.0,57.0,0,0,0,0.0,0.0,2223
0.0,2.21,0.09,2.8,1.9,1.9,141.0,141.0,489.0,22.0,0.09,49.0,6.0,0.09,37.0,2.1,0.27,9.0,6.0,45.0,2,2,2,0.09,0.09,2324
0.12,5.05,0.25,2.0,2.0,2.0,37.0,37.0,183.0,20.0,0.27,41.0,5.0,0.27,6.0,2.2,0.62,3.0,3.0,18.0,1,1,1,0.12,0.12,1819
0.06,3.06,0.07,0.9,1.6,1.6,134.0,134.0,338.0,25.0,0.47,68.0,10.0,0.47,6.0,10.4,0.45,18.0,7.0,42.0,2,2,15,0.68,0.68,1920
0.03,0.81,0.01,0.4,0.3,0.3,4.0,4.0,81.0,4.0,0.04,20.0,1.0,0.04,5.0,1.1,0.04,0.0,0.0,17.0,0,0,0,0.0,0.0,2324
0.0,3.33,0.1,1.0,1.0,1.0,53.0,53.0,179.0,10.0,0.26,33.0,4.0,0.26,6.0,2.6,0.4,8.0,2.0,23.0,1,1,5,0.51,0.51,1819
0.05,1.93,0.08,2.5,2.0,2.0,141.0,141.0,396.0,18.0,0.18,48.0,2.0,0.18,14.0,4.5,0.08,14.0,1.0,39.0,1,1,2,0.08,0.08,2223
0.15,2.8,0.06,1.4,1.2,1.2,120.0,120.0,360.0,20.0,0.18,58.0,3.0,0.18,20.0,3.8,0.15,13.0,3.0,37.0,1,1,3,0.15,0.15,2324
0.06,2.2,0.11,2.8,2.9,2.9,155.0,155.0,377.0,35.0,0.33,61.0,6.0,0.36,16.0,9.1,0.22,8.0,6.0,50.0,3,3,10,0.36,0.32,1819
0.32,1.89,0.05,0.4,0.8,0.8,73.0,73.0,171.0,18.0,0.31,32.0,2.0,0.36,3.0,5.3,0.12,5.0,1.0,22.0,1,1,8,0.47,0.41,1920
0.4,0.79,0.03,0.1,0.2,0.2,22.0,22.0,85.0,2.0,0.18,5.0,2.0,0.31,0.0,1.2,0.31,2.0,2.0,3.0,2,2,3,0.47,0.32,2021
0.03,0.94,0.01,0.2,0.2,0.2,1.0,1.0,32.0,4.0,0.07,16.0,0.0,0.07,2.0,1.1,0.0,0.0,0.0,16.0,0,0,1,0.06,0.06,1920
0.0,1.02,0.05,1.9,1.7,1.7,4.0,4.0,80.0,20.0,0.07,33.0,4.0,0.07,11.0,2.4,0.12,2.0,3.0,30.0,3,3,3,0.09,0.09,2122
0.06,2.74,0.11,1.7,1.4,1.4,97.0,97.0,367.0,14.0,0.22,37.0,5.0,0.22,18.0,3.0,0.37,7.0,4.0,28.0,2,2,2,0.15,0.15,2021
0.12,2.94,0.06,1.1,1.0,1.0,109.0,109.0,409.0,16.0,0.19,48.0,3.0,0.19,16.0,3.1,0.18,6.0,2.0,42.0,1,1,2,0.12,0.12,2122
0.11,3.3,0.12,2.9,2.9,2.9,186.0,186.0,683.0,37.0,0.24,81.0,6.0,0.24,46.0,5.9,0.24,11.0,4.0,68.0,3,3,6,0.24,0.24,2223
0.08,4.48,0.16,5.9,5.0,5.0,92.0,92.0,745.0,68.0,0.24,143.0,11.0,0.24,31.0,7.6,0.34,5.0,5.0,76.0,4,4,8,0.25,0.25,1819
0.22,3.51,0.13,2.8,3.4,3.4,82.0,82.0,556.0,36.0,0.21,88.0,8.0,0.21,21.0,5.3,0.32,6.0,5.0,56.0,2,2,4,0.16,0.16,1920
0.04,2.88,0.12,4.7,3.3,3.3,59.0,59.0,509.0,38.0,0.18,77.0,7.0,0.19,34.0,4.9,0.26,3.0,6.0,61.0,6,6,7,0.26,0.26,2021
0.06,2.15,0.06,2.1,1.6,1.6,64.0,64.0,444.0,24.0,0.09,60.0,6.0,0.09,19.0,2.5,0.21,3.0,5.0,49.0,1,1,1,0.04,0.04,2122
0.0,1.7,0.03,0.8,0.6,0.6,22.0,22.0,243.0,8.0,0.08,30.0,2.0,0.08,6.0,1.5,0.11,0.0,1.0,23.0,1,1,1,0.06,0.06,2223
0.13,2.61,0.01,0.1,0.0,0.0,1.0,1.0,59.0,2.0,0.05,11.0,0.0,0.05,1.0,0.2,0.0,0.0,0.0,7.0,0,0,0,0.0,0.0,2324
0.13,4.46,0.19,4.1,3.5,3.5,170.0,170.0,594.0,45.0,0.36,84.0,5.0,0.36,40.0,6.8,0.27,29.0,3.0,57.0,0,0,6,0.32,0.32,1819
0.42,5.07,0.24,6.3,5.6,5.6,178.0,178.0,699.0,61.0,0.4,116.0,10.0,0.51,48.0,9.2,0.44,23.0,9.0,92.0,3,3,11,0.48,0.39,1920
0.19,3.77,0.21,2.7,3.0,3.0,121.0,121.0,461.0,32.0,0.25,54.0,9.0,0.25,24.0,3.5,0.63,7.0,6.0,39.0,6,6,8,0.56,0.56,2021
0.36,6.31,0.28,1.3,1.4,1.4,46.0,46.0,179.0,14.0,0.65,33.0,2.0,0.65,9.0,3.4,0.38,9.0,2.0,20.0,1,1,1,0.19,0.19,2122
0.09,5.84,0.31,3.6,6.6,6.6,198.0,198.0,660.0,57.0,0.68,125.0,17.0,0.68,38.0,14.6,0.79,53.0,10.0,81.0,6,6,11,0.51,0.51,1819
0.14,4.99,0.14,2.6,3.0,3.0,222.0,222.0,553.0,32.0,0.57,111.0,13.0,0.61,38.0,12.7,0.58,48.0,7.0,68.0,2,2,11,0.49,0.49,1920
0.09,4.29,0.1,2.2,2.2,2.2,187.0,187.0,570.0,29.0,0.4,92.0,15.0,0.42,22.0,8.5,0.7,34.0,6.0,60.0,3,3,11,0.51,0.47,2021
0.09,3.78,0.19,1.5,2.2,2.2,93.0,93.0,304.0,19.0,0.6,43.0,5.0,0.6,11.0,6.8,0.44,26.0,3.0,32.0,1,1,7,0.61,0.61,2122
0.0,3.51,0.12,1.0,1.3,1.3,61.0,61.0,183.0,15.0,0.45,37.0,3.0,0.45,9.0,4.7,0.28,9.0,3.0,27.0,1,1,4,0.38,0.38,2223
0.25,2.51,0.16,0.6,0.7,0.7,57.0,57.0,100.0,5.0,0.29,12.0,1.0,0.29,11.0,1.4,0.21,2.0,1.0,9.0,0,0,0,0.0,0.0,2324
0.0,0.98,0.01,0.2,0.1,0.1,6.0,6.0,54.0,4.0,0.04,18.0,3.0,0.04,4.0,0.8,0.16,0.0,2.0,17.0,0,0,2,0.11,0.11,1920
0.0,0.65,0.02,0.1,0.5,0.5,2.0,2.0,36.0,2.0,0.08,15.0,2.0,0.08,2.0,1.9,0.09,1.0,1.0,11.0,0,0,1,0.04,0.04,2021
0.0,2.83,0.04,0.4,0.3,0.3,33.0,33.0,159.0,5.0,0.12,21.0,1.0,0.12,5.0,0.9,0.13,1.0,0.0,13.0,0,0,1,0.13,0.13,2021
0.0,0.93,0.03,0.3,0.4,0.4,13.0,13.0,49.0,7.0,0.06,11.0,1.0,0.06,3.0,0.7,0.08,0.0,1.0,11.0,0,0,0,0.0,0.0,1819
0.05,1.11,0.01,0.7,0.2,0.2,5.0,5.0,76.0,1.0,0.02,18.0,1.0,0.02,4.0,0.3,0.06,0.0,1.0,15.0,0,0,0,0.0,0.0,2223
0.0,2.57,0.07,1.1,1.3,1.3,105.0,105.0,375.0,22.0,0.1,51.0,5.0,0.1,20.0,2.1,0.25,3.0,4.0,43.0,1,1,1,0.05,0.05,2324
0.16,1.43,0.07,2.4,1.8,1.8,60.0,60.0,263.0,13.0,0.09,35.0,3.0,0.09,20.0,2.3,0.12,1.0,2.0,26.0,0,0,0,0.0,0.0,2223
0.0,1.21,0.06,1.5,1.4,1.4,75.0,75.0,273.0,16.0,0.08,30.0,5.0,0.08,15.0,1.9,0.2,6.0,5.0,23.0,4,4,5,0.2,0.2,2324
0.0,3.25,0.11,0.6,1.1,1.1,51.0,51.0,171.0,12.0,0.28,31.0,3.0,0.28,8.0,2.7,0.31,11.0,3.0,25.0,1,1,2,0.21,0.21,1920
0.0,2.57,0.05,0.6,0.5,0.5,34.0,34.0,118.0,8.0,0.33,28.0,3.0,0.41,7.0,3.5,0.28,11.0,1.0,17.0,0,0,8,0.74,0.74,2021
0.21,2.25,0.05,0.6,1.2,1.2,77.0,77.0,283.0,18.0,0.2,51.0,4.0,0.2,7.0,4.4,0.18,14.0,1.0,33.0,0,0,2,0.09,0.09,2122
0.0,2.99,0.21,4.4,6.0,6.0,152.0,152.0,556.0,39.0,0.46,85.0,9.0,0.46,34.0,13.0,0.32,33.0,6.0,67.0,6,6,9,0.32,0.32,2223
0.17,2.8,0.12,0.6,0.6,0.6,26.0,26.0,80.0,7.0,0.3,13.0,1.0,0.3,3.0,1.4,0.22,5.0,1.0,11.0,0,0,1,0.21,0.21,2324
0.08,2.32,0.14,0.6,1.0,1.0,18.0,18.0,68.0,5.0,0.29,17.0,2.0,0.29,4.0,2.1,0.27,1.0,2.0,15.0,0,0,1,0.14,0.14,1819
0.0,1.8,0.13,1.0,1.2,1.2,39.0,39.0,110.0,8.0,0.83,17.0,2.0,0.83,4.0,7.8,0.21,3.0,1.0,12.0,0,0,6,0.63,0.63,2021
0.0,1.3,0.02,0.1,0.1,0.1,18.0,18.0,65.0,2.0,0.11,8.0,0.0,0.11,4.0,0.7,0.0,0.0,0.0,7.0,0,0,1,0.16,0.16,1819
0.04,0.38,0.01,0.6,0.3,0.3,54.0,54.0,318.0,5.0,0.02,10.0,0.0,0.02,13.0,0.6,0.0,0.0,0.0,9.0,0,0,0,0.0,0.0,1920
0.0,0.76,0.02,0.5,0.6,0.6,35.0,35.0,256.0,7.0,0.02,19.0,1.0,0.02,9.0,0.6,0.04,3.0,1.0,18.0,1,1,1,0.04,0.04,2021
0.0,0.65,0.02,1.3,0.5,0.5,37.0,37.0,330.0,6.0,0.03,18.0,2.0,0.03,12.0,0.8,0.07,0.0,2.0,16.0,0,0,0,0.0,0.0,2122
0.05,0.88,0.02,0.8,0.4,0.4,46.0,46.0,292.0,9.0,0.06,22.0,1.0,0.06,11.0,1.5,0.04,1.0,0.0,17.0,0,0,1,0.04,0.04,2223
0.07,3.76,0.22,4.6,5.2,5.2,160.0,160.0,479.0,43.0,0.57,89.0,13.0,0.57,32.0,13.5,0.55,24.0,10.0,63.0,5,5,12,0.51,0.51,1819
0.04,2.45,0.11,1.0,2.4,2.4,104.0,104.0,324.0,17.0,0.32,54.0,7.0,0.36,9.0,7.1,0.32,13.0,3.0,33.0,2,2,6,0.27,0.23,2021
0.03,2.36,0.07,1.3,1.9,1.9,90.0,90.0,429.0,29.0,0.18,67.0,5.0,0.18,17.0,5.2,0.18,10.0,4.0,49.0,1,1,5,0.18,0.18,2122
0.07,2.71,0.08,1.9,2.4,2.4,150.0,150.0,562.0,26.0,0.32,80.0,10.0,0.32,21.0,9.4,0.34,13.0,4.0,54.0,1,1,7,0.24,0.24,2223
0.11,3.3,0.2,1.1,2.8,2.8,60.0,60.0,253.0,23.0,0.41,47.0,3.0,0.41,9.0,5.9,0.21,6.0,2.0,37.0,1,1,3,0.21,0.21,2324
0.0,2.39,0.07,3.2,2.1,2.1,27.0,27.0,325.0,28.0,0.12,69.0,9.0,0.12,30.0,3.3,0.31,1.0,5.0,44.0,3,3,7,0.24,0.24,2223
0.0,1.42,0.06,0.9,0.8,0.8,47.0,47.0,191.0,10.0,0.07,19.0,0.0,0.07,13.0,1.0,0.0,2.0,0.0,14.0,0,0,0,0.0,0.0,2021
0.0,1.89,0.17,4.6,5.3,5.3,157.0,157.0,607.0,29.0,0.19,60.0,10.0,0.19,45.0,6.2,0.32,9.0,9.0,52.0,5,5,7,0.22,0.22,2122
0.13,1.82,0.12,1.0,0.9,0.9,38.0,38.0,151.0,9.0,0.13,13.0,0.0,0.13,3.0,0.9,0.0,5.0,0.0,11.0,0,0,0,0.0,0.0,2223
0.07,2.07,0.11,3.2,2.6,2.6,117.0,117.0,495.0,25.0,0.16,47.0,5.0,0.16,36.0,3.6,0.22,13.0,2.0,41.0,3,3,3,0.13,0.13,2324
0.03,0.99,0.02,0.3,0.3,0.3,12.0,12.0,82.0,6.0,0.05,20.0,1.0,0.05,4.0,1.0,0.05,1.0,1.0,17.0,0,0,1,0.05,0.05,2223
0.0,1.23,0.03,1.1,0.8,0.8,61.0,61.0,236.0,11.0,0.08,39.0,4.0,0.08,8.0,2.7,0.13,5.0,2.0,21.0,1,1,2,0.06,0.06,2324
0.04,2.48,0.03,0.1,0.1,0.1,6.0,6.0,43.0,3.0,0.08,7.0,1.0,0.08,0.0,0.2,0.35,3.0,1.0,6.0,0,0,0,0.0,0.0,2324
0.0,2.43,0.14,1.6,1.8,1.8,121.0,121.0,247.0,11.0,0.52,30.0,7.0,0.52,10.0,6.4,0.57,18.0,4.0,20.0,1,1,5,0.4,0.4,1819
0.0,2.64,0.07,0.7,0.4,0.4,39.0,39.0,98.0,6.0,0.19,15.0,0.0,0.19,3.0,1.1,0.0,4.0,0.0,9.0,0,0,1,0.18,0.18,1920
0.03,0.84,0.01,0.6,0.4,0.4,6.0,6.0,53.0,6.0,0.07,26.0,1.0,0.07,4.0,2.1,0.03,2.0,1.0,22.0,0,0,2,0.06,0.06,2021
0.0,0.69,0.02,1.2,0.4,0.4,4.0,4.0,72.0,7.0,0.04,20.0,0.0,0.04,8.0,1.1,0.0,2.0,0.0,19.0,1,1,2,0.07,0.07,2122
0.0,2.52,0.1,2.3,2.9,2.9,62.0,62.0,502.0,33.0,0.12,72.0,3.0,0.12,22.0,3.5,0.1,5.0,2.0,51.0,2,2,2,0.07,0.07,2021
0.0,2.0,0.14,0.6,1.0,1.0,57.0,57.0,116.0,9.0,0.34,14.0,2.0,0.34,6.0,2.3,0.29,2.0,2.0,14.0,1,1,3,0.43,0.43,1819
0.12,2.67,0.09,3.3,2.6,2.6,66.0,66.0,388.0,18.0,0.17,80.0,10.0,0.17,20.0,5.0,0.33,8.0,7.0,56.0,3,3,4,0.13,0.13,2223
0.0,0.92,0.01,0.8,0.2,0.2,5.0,5.0,91.0,5.0,0.03,18.0,0.0,0.03,4.0,0.6,0.0,0.0,0.0,17.0,0,0,0,0.0,0.0,1819
0.0,1.04,0.01,0.2,0.1,0.1,1.0,1.0,63.0,2.0,0.04,13.0,1.0,0.04,0.0,0.5,0.08,0.0,1.0,13.0,0,0,0,0.0,0.0,1920
0.1,1.05,0.01,0.3,0.2,0.2,7.0,7.0,91.0,4.0,0.09,13.0,1.0,0.09,4.0,1.1,0.08,0.0,0.0,12.0,0,0,1,0.08,0.08,2122
0.0,0.78,0.07,1.0,1.4,1.4,34.0,34.0,210.0,8.0,0.12,16.0,5.0,0.12,3.0,2.4,0.24,1.0,4.0,12.0,2,2,4,0.2,0.2,2223
0.0,1.95,0.02,0.4,0.2,0.2,24.0,24.0,189.0,6.0,0.11,23.0,0.0,0.11,1.0,1.3,0.0,1.0,0.0,21.0,0,0,1,0.08,0.08,2324
0.24,1.21,0.13,0.6,0.9,0.9,27.0,27.0,97.0,4.0,0.55,8.0,2.0,0.55,0.0,3.6,0.3,3.0,1.0,4.0,0,0,1,0.15,0.15,1819
0.0,1.3,0.08,0.9,0.7,0.7,35.0,35.0,145.0,4.0,0.15,12.0,1.0,0.15,7.0,1.4,0.11,2.0,1.0,7.0,1,1,1,0.11,0.11,2021
0.13,2.18,0.06,0.0,0.1,0.1,5.0,5.0,29.0,1.0,0.45,5.0,0.0,0.45,1.0,1.0,0.0,1.0,0.0,4.0,0,0,1,0.44,0.44,2122
0.04,2.32,0.12,2.9,3.5,3.5,92.0,92.0,333.0,32.0,0.25,69.0,8.0,0.25,23.0,7.5,0.27,3.0,6.0,54.0,4,4,7,0.24,0.24,2324
0.09,1.52,0.05,2.0,1.4,1.4,45.0,45.0,253.0,18.0,0.09,45.0,3.0,0.09,16.0,2.7,0.1,3.0,3.0,42.0,0,0,2,0.07,0.07,2021
0.11,2.07,0.05,2.6,1.7,1.7,66.0,66.0,404.0,32.0,0.12,67.0,4.0,0.12,30.0,3.9,0.12,1.0,3.0,42.0,3,3,5,0.15,0.15,2122
0.15,2.5,0.07,2.2,1.8,1.8,50.0,50.0,379.0,27.0,0.14,68.0,9.0,0.14,22.0,3.8,0.33,1.0,5.0,54.0,3,3,4,0.15,0.15,2223
0.0,2.7,0.11,2.5,2.3,2.3,46.0,46.0,329.0,21.0,0.14,54.0,9.0,0.14,15.0,2.9,0.45,2.0,7.0,36.0,3,3,4,0.2,0.2,2324
0.0,0.83,0.01,0.3,0.2,0.2,1.0,1.0,28.0,3.0,0.08,14.0,3.0,0.08,1.0,1.3,0.18,0.0,3.0,12.0,1,1,2,0.12,0.12,2324
0.07,2.33,0.13,3.2,3.5,3.5,63.0,63.0,290.0,26.0,0.2,63.0,7.0,0.2,26.0,5.3,0.26,6.0,5.0,49.0,2,2,6,0.22,0.22,1920
0.21,3.0,0.11,1.6,1.6,1.6,57.0,57.0,202.0,18.0,0.33,43.0,7.0,0.33,14.0,4.7,0.49,2.0,4.0,27.0,1,1,4,0.28,0.28,2021
0.17,3.81,0.16,3.0,3.3,3.3,117.0,117.0,462.0,34.0,0.34,81.0,10.0,0.42,31.0,7.3,0.47,8.0,8.0,58.0,5,5,10,0.47,0.42,1819
0.0,3.69,0.19,4.0,3.5,3.5,67.0,67.0,329.0,32.0,0.43,67.0,9.0,0.43,19.0,7.9,0.5,10.0,7.0,38.0,3,3,8,0.44,0.44,1920
0.22,4.36,0.26,5.1,5.3,5.3,106.0,106.0,436.0,57.0,0.39,88.0,11.0,0.51,22.0,7.9,0.54,24.0,5.0,42.0,11,11,17,0.84,0.69,2021
0.3,6.19,0.28,6.4,6.6,6.6,161.0,161.0,563.0,70.0,0.63,143.0,12.0,0.63,24.0,14.7,0.52,25.0,10.0,84.0,5,5,17,0.74,0.74,2122
0.29,5.47,0.37,10.9,11.1,11.1,197.0,197.0,733.0,99.0,0.59,163.0,16.0,0.61,42.0,17.6,0.54,24.0,9.0,83.0,9,9,21,0.71,0.71,2223
0.25,6.42,0.33,8.3,8.1,8.1,221.0,221.0,928.0,78.0,0.57,157.0,20.0,0.57,41.0,14.1,0.82,13.0,10.0,108.0,7,7,12,0.49,0.49,2324
0.0,1.63,0.06,1.1,1.3,1.3,14.0,14.0,192.0,9.0,0.11,38.0,4.0,0.11,7.0,2.5,0.17,0.0,3.0,32.0,1,1,2,0.09,0.09,2122
0.0,1.86,0.07,0.9,0.9,0.9,32.0,32.0,170.0,15.0,0.15,25.0,1.0,0.15,4.0,2.1,0.07,2.0,1.0,23.0,1,1,1,0.07,0.07,2324
0.24,2.58,0.09,2.0,1.3,1.3,89.0,89.0,232.0,14.0,0.4,37.0,6.0,0.46,11.0,5.8,0.42,1.0,4.0,27.0,0,0,6,0.42,0.42,2223
0.14,2.58,0.17,3.9,5.1,5.1,115.0,115.0,403.0,38.0,0.46,76.0,14.0,0.49,27.0,13.6,0.48,5.0,10.0,60.0,7,7,18,0.61,0.61,2324
0.09,3.74,0.3,5.9,8.7,8.7,247.0,247.0,721.0,54.0,0.51,107.0,15.0,0.62,30.0,14.5,0.52,34.0,7.0,71.0,8,8,15,0.52,0.38,1718
0.19,3.06,0.16,3.8,5.3,5.3,265.0,265.0,681.0,42.0,0.39,102.0,9.0,0.41,34.0,13.0,0.27,26.0,6.0,83.0,3,3,16,0.48,0.45,1819
0.27,4.04,0.12,2.1,2.7,2.7,132.0,132.0,488.0,36.0,0.28,87.0,7.0,0.39,17.0,5.9,0.33,30.0,5.0,49.0,4,4,5,0.23,0.19,1920
0.07,3.65,0.15,5.4,5.1,5.1,262.0,262.0,901.0,64.0,0.28,121.0,16.0,0.28,43.0,9.3,0.48,23.0,11.0,77.0,9,9,15,0.45,0.45,2021
0.23,3.3,0.14,4.8,3.7,3.7,200.0,200.0,661.0,46.0,0.25,89.0,7.0,0.25,34.0,6.7,0.26,36.0,5.0,47.0,2,2,3,0.11,0.11,2122
0.09,3.43,0.21,6.4,6.5,6.5,345.0,345.0,859.0,46.0,0.47,106.0,14.0,0.47,59.0,14.7,0.45,29.0,11.0,89.0,7,7,13,0.42,0.42,2223
0.0,1.42,0.03,0.2,0.1,0.1,11.0,11.0,39.0,1.0,0.3,4.0,0.0,0.3,1.0,0.8,0.0,5.0,0.0,3.0,0,0,1,0.36,0.36,1920
0.1,2.29,0.13,1.4,1.9,1.9,97.0,97.0,254.0,14.0,0.37,35.0,6.0,0.37,8.0,5.6,0.39,16.0,3.0,25.0,0,0,2,0.13,0.13,2021
0.34,2.72,0.09,2.4,2.7,2.7,200.0,200.0,493.0,32.0,0.51,79.0,6.0,0.54,19.0,14.8,0.21,34.0,5.0,53.0,3,3,14,0.48,0.45,2122
0.12,3.38,0.18,1.6,1.1,1.1,46.0,46.0,99.0,7.0,0.55,20.0,3.0,0.68,9.0,3.3,0.51,6.0,2.0,10.0,2,2,3,0.51,0.51,2223
0.09,2.4,0.12,1.0,2.1,2.1,101.0,101.0,292.0,15.0,0.43,41.0,3.0,0.48,8.0,7.4,0.18,10.0,2.0,24.0,2,2,10,0.59,0.53,2324
0.15,2.51,0.11,2.1,3.6,3.6,189.0,189.0,568.0,31.0,0.33,80.0,4.0,0.38,20.0,10.5,0.13,20.0,1.0,53.0,2,2,11,0.35,0.28,1819
0.12,2.19,0.13,2.5,2.6,2.6,111.0,111.0,302.0,18.0,0.35,44.0,7.0,0.35,10.0,7.1,0.35,12.0,5.0,24.0,3,3,4,0.2,0.2,1920
0.31,4.2,0.21,7.6,7.0,7.0,303.0,303.0,1021.0,74.0,0.3,142.0,21.0,0.3,60.0,10.0,0.62,22.0,16.0,82.0,11,11,16,0.47,0.47,2122
0.17,3.51,0.29,7.2,8.4,8.4,240.0,240.0,720.0,49.0,0.44,101.0,13.0,0.44,54.0,12.6,0.45,22.0,11.0,78.0,9,9,11,0.38,0.38,2223
0.31,3.31,0.2,5.3,4.6,4.6,172.0,172.0,663.0,46.0,0.26,76.0,5.0,0.26,50.0,5.9,0.22,7.0,4.0,53.0,4,4,7,0.3,0.3,2324
0.11,2.48,0.11,2.4,3.5,3.5,182.0,182.0,454.0,34.0,0.51,77.0,4.0,0.58,21.0,15.8,0.13,25.0,4.0,63.0,0,0,15,0.48,0.42,2122
0.14,3.3,0.17,5.7,6.1,6.1,297.0,297.0,622.0,53.0,0.6,116.0,13.0,0.84,34.0,21.2,0.37,39.0,9.0,84.0,4,4,28,0.8,0.51,2223
0.18,2.64,0.11,2.3,3.3,3.3,198.0,198.0,404.0,32.0,0.63,77.0,9.0,0.71,26.0,18.3,0.31,22.0,3.0,58.0,4,4,23,0.79,0.72,2324
0.26,3.93,0.2,3.7,6.2,6.2,199.0,199.0,578.0,57.0,0.36,122.0,21.0,0.36,31.0,11.2,0.68,33.0,15.0,92.0,9,9,12,0.39,0.39,1819
0.21,3.33,0.18,3.5,4.0,4.0,162.0,162.0,505.0,31.0,0.32,76.0,13.0,0.35,31.0,7.3,0.57,30.0,11.0,57.0,6,6,9,0.39,0.35,1920
0.0,2.6,0.12,2.1,2.9,2.9,117.0,117.0,448.0,24.0,0.26,63.0,10.0,0.3,22.0,6.4,0.41,24.0,5.0,40.0,5,5,9,0.37,0.33,2021
0.14,2.95,0.18,1.4,2.2,2.2,71.0,71.0,248.0,15.0,0.37,35.0,2.0,0.37,18.0,4.3,0.17,11.0,1.0,28.0,0,0,1,0.08,0.08,2122
0.18,3.74,0.22,1.3,1.6,1.6,57.0,57.0,183.0,9.0,0.45,27.0,2.0,0.45,7.0,3.2,0.28,7.0,1.0,20.0,1,1,2,0.28,0.28,2122
0.05,3.01,0.17,3.5,3.7,3.7,178.0,178.0,490.0,29.0,0.35,67.0,14.0,0.35,27.0,7.8,0.63,50.0,9.0,50.0,4,4,8,0.36,0.36,2223
0.0,2.62,0.1,2.0,2.0,2.0,154.0,154.0,346.0,15.0,0.35,49.0,5.0,0.35,20.0,6.6,0.27,36.0,3.0,33.0,1,1,4,0.21,0.21,2324
0.0,2.33,0.03,0.6,0.2,0.2,55.0,55.0,125.0,2.0,0.32,14.0,3.0,0.32,7.0,1.9,0.5,12.0,2.0,7.0,0,0,2,0.33,0.33,2425
0.08,2.57,0.08,3.1,2.5,2.5,142.0,142.0,568.0,27.0,0.18,81.0,3.0,0.18,25.0,5.8,0.1,9.0,1.0,52.0,1,1,6,0.19,0.19,1920
0.15,2.22,0.09,3.0,2.4,2.4,122.0,122.0,469.0,24.0,0.13,59.0,7.0,0.13,36.0,3.5,0.26,9.0,4.0,44.0,2,2,4,0.15,0.15,2021
0.0,2.76,0.13,0.7,0.8,0.8,31.0,31.0,111.0,9.0,0.15,18.0,1.0,0.15,4.0,1.0,0.15,1.0,1.0,11.0,1,1,1,0.15,0.15,2122
0.0,2.0,0.09,2.5,2.7,2.7,133.0,133.0,464.0,30.0,0.13,62.0,3.0,0.13,37.0,4.0,0.1,5.0,2.0,47.0,2,2,3,0.1,0.1,1920
0.0,0.82,0.02,1.5,0.4,0.4,2.0,2.0,55.0,4.0,0.03,19.0,3.0,0.03,5.0,0.7,0.13,1.0,3.0,17.0,1,1,1,0.04,0.04,1920
0.06,0.28,0.0,0.5,0.0,0.0,12.0,12.0,93.0,1.0,0.03,7.0,0.0,0.03,2.0,0.9,0.0,2.0,0.0,7.0,0,0,1,0.04,0.04,2021
0.03,0.54,0.02,0.3,0.5,0.5,4.0,4.0,40.0,6.0,0.06,15.0,0.0,0.06,3.0,1.5,0.0,0.0,0.0,12.0,0,0,1,0.04,0.04,2223
0.0,0.65,0.01,0.9,0.3,0.3,4.0,4.0,140.0,5.0,0.08,19.0,4.0,0.08,1.0,2.3,0.14,1.0,3.0,15.0,1,1,5,0.17,0.17,2324
1.03,3.16,0.24,3.9,4.2,4.2,53.0,53.0,297.0,37.0,0.43,55.0,9.0,0.43,20.0,7.4,0.52,4.0,6.0,25.0,6,6,9,0.52,0.52,1819
0.08,4.84,0.16,1.5,1.7,1.7,15.0,15.0,175.0,25.0,0.25,51.0,1.0,0.25,24.0,2.6,0.09,1.0,1.0,32.0,1,1,2,0.19,0.19,1819
0.1,3.48,0.15,2.6,3.6,3.6,28.0,28.0,261.0,45.0,0.26,82.0,6.0,0.26,20.0,6.1,0.25,7.0,3.0,56.0,2,2,8,0.34,0.34,1920
0.05,2.48,0.1,2.3,3.0,3.0,24.0,24.0,284.0,37.0,0.19,72.0,8.0,0.19,21.0,5.5,0.28,0.0,4.0,39.0,3,3,4,0.14,0.14,2021
0.0,1.95,0.05,1.5,1.0,1.0,7.0,7.0,167.0,16.0,0.09,43.0,1.0,0.09,9.0,1.9,0.05,1.0,1.0,33.0,1,1,3,0.14,0.14,2122
0.0,2.0,0.04,1.3,1.3,1.3,180.0,180.0,638.0,23.0,0.09,64.0,7.0,0.09,16.0,2.8,0.22,20.0,5.0,51.0,2,2,4,0.12,0.12,1920
0.0,2.37,0.12,0.7,1.3,1.3,56.0,56.0,202.0,11.0,0.21,27.0,0.0,0.21,7.0,2.3,0.0,9.0,0.0,22.0,0,0,2,0.18,0.18,2122
0.0,1.71,0.07,0.8,1.0,1.0,46.0,46.0,227.0,5.0,0.1,24.0,1.0,0.1,10.0,1.3,0.07,4.0,1.0,20.0,0,0,1,0.07,0.07,2223
0.0,0.67,0.05,0.7,0.8,0.8,4.0,4.0,38.0,4.0,0.09,10.0,2.0,0.09,5.0,1.4,0.13,0.0,1.0,8.0,1,1,2,0.13,0.13,2122
0.08,4.15,0.29,7.7,9.6,9.6,220.0,220.0,833.0,85.0,0.43,137.0,13.0,0.43,60.0,14.2,0.39,40.0,6.0,68.0,11,11,16,0.48,0.48,1819
0.21,2.45,0.14,1.6,1.8,1.8,110.0,110.0,343.0,18.0,0.17,32.0,4.0,0.17,26.0,2.2,0.31,9.0,4.0,21.0,1,1,1,0.08,0.08,1920
0.0,0.67,0.01,0.6,0.1,0.1,36.0,36.0,130.0,2.0,0.05,12.0,2.0,0.05,7.0,0.9,0.11,2.0,0.0,8.0,0,0,1,0.06,0.06,1819
0.08,2.18,0.08,2.0,2.0,2.0,83.0,83.0,355.0,21.0,0.11,53.0,8.0,0.11,17.0,2.6,0.33,4.0,6.0,35.0,5,5,5,0.21,0.21,1718
0.04,2.19,0.08,1.5,2.0,2.0,98.0,98.0,401.0,26.0,0.11,53.0,3.0,0.11,19.0,2.8,0.12,5.0,3.0,41.0,2,2,2,0.08,0.08,1819
0.0,1.5,0.04,1.1,1.0,1.0,92.0,92.0,352.0,12.0,0.07,36.0,2.0,0.07,11.0,1.7,0.08,9.0,1.0,27.0,1,1,2,0.08,0.08,1920
0.0,1.88,0.03,0.3,0.3,0.3,33.0,33.0,112.0,5.0,0.06,17.0,4.0,0.06,6.0,0.5,0.44,2.0,2.0,8.0,0,0,1,0.11,0.11,2021
0.0,0.0,0.0,0.0,0.0,0.0,1.0,1.0,8.0,0.0,0.1,0.0,0.0,0.1,0.0,0.1,0.0,0.0,0.0,0.0,0,0,1,0.99,0.99,2324
0.06,2.51,0.09,0.5,1.2,1.2,90.0,90.0,216.0,16.0,0.31,33.0,5.0,0.31,5.0,4.0,0.38,9.0,3.0,21.0,2,2,3,0.23,0.23,1819
0.13,1.67,0.03,1.4,0.7,0.7,109.0,109.0,381.0,13.0,0.13,39.0,7.0,0.13,12.0,2.9,0.3,14.0,5.0,26.0,3,3,4,0.17,0.17,2021
0.1,2.72,0.12,2.9,2.8,2.8,151.0,151.0,450.0,23.0,0.26,61.0,6.0,0.26,16.0,5.9,0.27,24.0,5.0,41.0,3,3,6,0.27,0.27,2122
0.25,2.59,0.11,2.6,3.2,3.2,174.0,174.0,560.0,31.0,0.21,78.0,8.0,0.21,19.0,6.4,0.27,31.0,5.0,53.0,3,3,7,0.23,0.23,2223
0.0,2.55,0.15,2.7,4.2,4.2,173.0,173.0,598.0,25.0,0.29,72.0,12.0,0.29,26.0,8.1,0.42,20.0,10.0,40.0,7,7,11,0.39,0.39,2324
0.0,1.0,0.02,0.2,0.1,0.1,13.0,13.0,53.0,2.0,0.06,8.0,2.0,0.06,1.0,0.5,0.25,1.0,2.0,6.0,0,0,0,0.0,0.0,1819
0.0,3.07,0.14,1.4,2.9,2.9,57.0,57.0,270.0,25.0,0.17,64.0,7.0,0.17,23.0,3.5,0.34,4.0,4.0,56.0,1,1,3,0.14,0.14,1819
0.1,4.3,0.1,1.1,1.3,1.3,50.0,50.0,178.0,22.0,0.13,55.0,1.0,0.13,13.0,1.7,0.08,4.0,1.0,42.0,0,0,0,0.0,0.0,1920
0.06,2.27,0.06,1.8,1.7,1.7,41.0,41.0,257.0,22.0,0.06,65.0,6.0,0.06,15.0,1.9,0.21,6.0,6.0,60.0,3,3,3,0.1,0.1,2021
0.07,2.75,0.11,3.0,3.4,3.4,43.0,43.0,341.0,30.0,0.12,89.0,5.0,0.12,27.0,3.7,0.15,3.0,5.0,76.0,2,2,2,0.06,0.06,2122
0.04,2.33,0.1,3.3,3.0,3.0,42.0,42.0,321.0,31.0,0.13,71.0,7.0,0.13,28.0,3.8,0.23,2.0,6.0,65.0,2,2,3,0.1,0.1,2223
0.1,2.97,0.09,2.1,1.9,1.9,68.0,68.0,320.0,28.0,0.11,67.0,2.0,0.11,26.0,2.5,0.09,5.0,2.0,58.0,1,1,2,0.09,0.09,2324
0.2,1.77,0.08,2.2,1.8,1.8,59.0,59.0,370.0,15.0,0.15,39.0,6.0,0.15,23.0,3.2,0.27,2.0,6.0,36.0,3,3,4,0.18,0.18,1819
0.05,2.13,0.13,3.6,3.1,3.1,77.0,77.0,481.0,24.0,0.17,53.0,6.0,0.17,31.0,4.2,0.24,5.0,5.0,45.0,5,5,9,0.36,0.36,1920
0.17,1.9,0.08,2.3,1.5,1.5,21.0,21.0,264.0,14.0,0.15,36.0,4.0,0.15,30.0,2.8,0.21,1.0,3.0,31.0,1,1,2,0.11,0.11,2021
0.09,3.33,0.12,3.7,3.5,3.5,116.0,116.0,694.0,38.0,0.17,96.0,14.0,0.17,52.0,5.0,0.49,5.0,14.0,86.0,5,5,7,0.24,0.24,2122
0.03,0.75,0.02,0.2,0.2,0.2,8.0,8.0,32.0,3.0,0.03,7.0,2.0,0.03,1.0,0.3,0.21,1.0,1.0,4.0,1,1,1,0.11,0.11,1920
0.07,1.87,0.06,1.6,1.2,1.2,101.0,101.0,339.0,14.0,0.1,37.0,4.0,0.1,15.0,2.0,0.2,8.0,4.0,30.0,0,0,0,0.0,0.0,2122
0.0,2.02,0.03,1.4,0.9,0.9,99.0,99.0,385.0,16.0,0.07,55.0,5.0,0.07,22.0,1.8,0.18,6.0,5.0,44.0,2,2,2,0.07,0.07,2223
0.0,1.35,0.05,1.3,1.1,1.1,40.0,40.0,250.0,12.0,0.1,27.0,1.0,0.1,14.0,2.0,0.05,2.0,1.0,19.0,0,0,1,0.05,0.05,2324
0.0,1.8,0.03,0.8,0.6,0.6,44.0,44.0,214.0,14.0,0.08,36.0,1.0,0.08,11.0,1.7,0.05,1.0,1.0,32.0,1,1,2,0.1,0.1,1819
0.27,2.25,0.06,0.2,0.3,0.3,21.0,21.0,56.0,6.0,0.22,11.0,1.0,0.22,0.0,1.1,0.2,3.0,1.0,9.0,1,1,1,0.2,0.2,1920
0.19,1.92,0.12,1.1,1.8,1.8,53.0,53.0,244.0,18.0,0.31,29.0,5.0,0.42,8.0,4.7,0.33,1.0,5.0,24.0,4,4,8,0.53,0.53,2223
0.0,2.22,0.16,1.9,2.5,2.5,73.0,73.0,144.0,20.0,0.57,35.0,6.0,0.57,4.0,8.9,0.38,2.0,4.0,25.0,3,3,8,0.51,0.51,2324
0.1,2.13,0.17,0.2,0.7,0.7,7.0,7.0,35.0,3.0,0.38,9.0,0.0,0.38,1.0,1.6,0.0,1.0,0.0,5.0,0,0,1,0.24,0.24,2425
0.06,0.85,0.06,0.5,0.8,0.8,10.0,10.0,37.0,5.0,0.15,11.0,4.0,0.15,2.0,2.0,0.31,1.0,3.0,8.0,2,2,4,0.31,0.31,1819
0.0,1.17,0.05,1.4,0.7,0.7,8.0,8.0,51.0,8.0,0.08,19.0,2.0,0.08,5.0,1.3,0.12,3.0,2.0,17.0,1,1,2,0.12,0.12,1920
0.19,0.74,0.04,0.2,0.4,0.4,9.0,9.0,40.0,3.0,0.06,8.0,1.0,0.06,2.0,0.6,0.09,1.0,0.0,6.0,0,0,0,0.0,0.0,2021
0.09,2.91,0.09,2.5,2.8,2.8,51.0,51.0,381.0,41.0,0.13,85.0,5.0,0.26,19.0,3.7,0.17,5.0,5.0,63.0,0,0,6,0.21,0.03,1920
0.31,3.12,0.12,2.4,2.6,2.6,56.0,56.0,323.0,25.0,0.31,68.0,11.0,0.49,9.0,6.7,0.5,10.0,9.0,47.0,2,2,12,0.53,0.31,2021
0.09,4.19,0.21,4.1,5.4,5.4,70.0,70.0,387.0,55.0,0.33,108.0,11.0,0.39,19.0,8.5,0.43,4.0,4.0,64.0,8,8,12,0.47,0.43,2122
0.0,3.88,0.21,4.6,5.0,5.0,81.0,81.0,515.0,48.0,0.33,94.0,12.0,0.33,34.0,7.9,0.49,11.0,10.0,69.0,2,2,3,0.12,0.12,2324
0.13,1.65,0.03,0.3,0.4,0.4,52.0,52.0,172.0,8.0,0.1,19.0,1.0,0.1,7.0,1.2,0.09,9.0,1.0,11.0,0,0,1,0.09,0.09,2324
0.21,2.53,0.2,5.9,6.7,6.7,372.0,372.0,1018.0,47.0,0.25,84.0,13.0,0.25,57.0,8.5,0.39,20.0,12.0,76.0,8,8,10,0.3,0.3,1819
0.15,2.1,0.18,4.2,4.3,4.3,244.0,244.0,782.0,30.0,0.23,51.0,6.0,0.23,40.0,5.7,0.25,8.0,6.0,50.0,5,5,7,0.29,0.29,1920
0.34,2.86,0.22,9.9,7.6,7.6,354.0,354.0,1300.0,52.0,0.28,96.0,9.0,0.28,76.0,9.5,0.27,14.0,8.0,93.0,5,5,8,0.24,0.24,2021
0.0,2.28,0.02,0.1,0.1,0.1,37.0,37.0,83.0,1.0,0.42,7.0,0.0,0.42,1.0,1.3,0.0,6.0,0.0,5.0,0,0,0,0.0,0.0,1819
0.0,2.26,0.07,1.0,0.6,0.6,47.0,47.0,211.0,10.0,0.16,20.0,1.0,0.16,17.0,1.4,0.11,14.0,1.0,13.0,1,1,2,0.23,0.23,1819
0.0,0.3,0.0,0.3,0.1,0.1,6.0,6.0,48.0,2.0,0.04,9.0,1.0,0.04,1.0,1.0,0.03,0.0,1.0,8.0,0,0,1,0.03,0.03,2122
0.0,0.69,0.01,0.8,0.2,0.2,30.0,30.0,123.0,6.0,0.07,15.0,2.0,0.07,10.0,1.5,0.09,2.0,2.0,12.0,1,1,4,0.18,0.18,2324
0.0,0.88,0.01,0.1,0.1,0.1,0.0,0.0,15.0,2.0,0.13,6.0,0.0,0.13,0.0,0.9,0.0,0.0,0.0,6.0,0,0,1,0.15,0.15,1920
0.16,1.55,0.09,2.2,2.4,2.4,111.0,111.0,356.0,25.0,0.11,42.0,4.0,0.11,23.0,3.1,0.15,7.0,4.0,38.0,3,3,3,0.11,0.11,1920
0.14,2.96,0.23,3.8,6.6,6.6,193.0,193.0,618.0,44.0,0.56,87.0,12.0,0.61,31.0,16.5,0.41,28.0,8.0,63.0,5,5,19,0.65,0.58,1819
0.11,3.05,0.16,3.2,3.3,3.3,154.0,154.0,463.0,24.0,0.38,64.0,7.0,0.46,17.0,8.1,0.33,14.0,4.0,48.0,3,3,8,0.38,0.29,1920
0.23,2.56,0.13,1.9,2.3,2.3,95.0,95.0,277.0,21.0,0.42,46.0,5.0,0.46,19.0,7.5,0.28,1.0,5.0,40.0,2,2,10,0.56,0.56,2021
0.36,2.88,0.18,3.5,4.4,4.4,204.0,204.0,498.0,40.0,0.32,70.0,15.0,0.32,23.0,7.8,0.62,26.0,10.0,46.0,9,9,13,0.54,0.54,2021
0.0,3.17,0.17,3.2,3.3,3.3,153.0,153.0,362.0,22.0,0.42,62.0,12.0,0.42,26.0,8.2,0.61,21.0,7.0,35.0,7,7,11,0.56,0.56,2122
0.11,2.96,0.08,1.2,1.4,1.4,144.0,144.0,333.0,17.0,0.23,51.0,1.0,0.23,20.0,4.0,0.06,12.0,0.0,38.0,0,0,2,0.12,0.12,2324
0.04,3.06,0.11,2.4,2.8,2.8,29.0,29.0,356.0,23.0,0.14,81.0,8.0,0.23,27.0,3.7,0.3,2.0,6.0,74.0,2,2,6,0.23,0.11,1920
0.11,2.77,0.11,1.9,2.7,2.7,19.0,19.0,399.0,27.0,0.12,70.0,8.0,0.34,36.0,3.0,0.32,1.0,8.0,61.0,2,2,8,0.32,0.08,2122
0.2,2.04,0.03,0.4,0.4,0.4,10.0,10.0,178.0,7.0,0.03,29.0,2.0,0.14,9.0,0.5,0.14,1.0,2.0,29.0,0,0,2,0.14,0.0,2223
0.03,1.39,0.05,0.7,0.7,0.7,21.0,21.0,79.0,10.0,0.09,18.0,1.0,0.09,6.0,1.2,0.08,2.0,1.0,13.0,0,0,0,0.0,0.0,2021
0.22,1.13,0.02,1.2,0.7,0.7,20.0,20.0,145.0,12.0,0.05,37.0,5.0,0.05,15.0,1.6,0.15,2.0,3.0,31.0,1,1,2,0.06,0.06,2122
0.1,1.46,0.13,2.7,3.5,3.5,28.0,28.0,178.0,27.0,0.15,40.0,8.0,0.15,19.0,4.1,0.29,2.0,8.0,30.0,6,6,6,0.22,0.22,2223
0.0,1.6,0.07,2.5,1.9,1.9,40.0,40.0,201.0,14.0,0.09,46.0,4.0,0.09,15.0,2.6,0.14,2.0,4.0,38.0,3,3,3,0.1,0.1,2324
0.0,0.43,0.01,0.2,0.2,0.2,7.0,7.0,82.0,4.0,0.08,14.0,2.0,0.08,0.0,2.7,0.06,1.0,2.0,11.0,2,2,4,0.12,0.12,1718
0.25,2.46,0.24,3.1,3.2,3.2,82.0,82.0,249.0,18.0,0.32,33.0,4.0,0.32,23.0,4.3,0.3,7.0,4.0,25.0,3,3,5,0.37,0.37,2122
0.07,1.94,0.08,2.1,1.9,1.9,110.0,110.0,391.0,14.0,0.09,46.0,5.0,0.09,31.0,2.0,0.21,12.0,4.0,36.0,2,2,3,0.13,0.13,1819
0.0,1.31,0.05,1.7,1.4,1.4,141.0,141.0,471.0,17.0,0.06,37.0,7.0,0.06,31.0,1.7,0.25,7.0,6.0,29.0,2,2,2,0.07,0.07,1920
0.0,1.55,0.15,1.7,1.0,1.0,44.0,44.0,138.0,7.0,0.16,11.0,0.0,0.16,11.0,1.1,0.0,0.0,0.0,10.0,0,0,0,0.0,0.0,2021
0.14,1.0,0.02,0.5,0.2,0.2,57.0,57.0,177.0,4.0,0.02,13.0,1.0,0.02,10.0,0.3,0.08,0.0,1.0,11.0,0,0,0,0.0,0.0,2122
0.06,0.91,0.0,0.2,0.0,0.0,28.0,28.0,97.0,1.0,0.25,6.0,0.0,0.25,2.0,1.6,0.0,3.0,0.0,5.0,0,0,2,0.3,0.3,1819
0.09,2.17,0.06,1.1,2.0,2.0,117.0,117.0,501.0,15.0,0.42,67.0,13.0,0.44,13.0,13.0,0.42,5.0,6.0,40.0,2,2,13,0.42,0.39,1920
0.12,2.08,0.11,2.2,3.8,3.8,137.0,137.0,558.0,30.0,0.4,70.0,8.0,0.49,19.0,13.4,0.24,11.0,5.0,45.0,3,3,14,0.42,0.36,2021
0.06,2.39,0.13,3.6,4.5,4.5,137.0,137.0,647.0,35.0,0.34,83.0,9.0,0.5,18.0,11.9,0.26,19.0,6.0,52.0,4,4,18,0.52,0.35,2122
0.11,1.99,0.07,2.0,2.4,2.4,147.0,147.0,523.0,22.0,0.39,66.0,8.0,0.51,12.0,13.0,0.24,16.0,4.0,41.0,2,2,18,0.54,0.39,2223
0.0,0.55,0.01,0.5,0.3,0.3,3.0,3.0,48.0,6.0,0.02,16.0,2.0,0.02,5.0,0.6,0.07,1.0,2.0,15.0,0,0,0,0.0,0.0,2122
0.09,1.89,0.02,1.4,0.7,0.7,69.0,69.0,423.0,18.0,0.08,59.0,5.0,0.08,16.0,2.6,0.16,4.0,4.0,45.0,1,1,1,0.03,0.03,2021
0.08,2.28,0.08,3.2,2.6,2.6,37.0,37.0,401.0,40.0,0.12,75.0,3.0,0.12,22.0,3.9,0.09,6.0,1.0,50.0,3,3,5,0.15,0.15,2122
0.0,2.72,0.09,1.6,1.4,1.4,69.0,69.0,298.0,12.0,0.19,42.0,7.0,0.19,24.0,3.0,0.45,9.0,5.0,36.0,2,2,6,0.39,0.39,2223
0.13,0.98,0.04,0.4,0.3,0.3,22.0,22.0,106.0,5.0,0.06,9.0,0.0,0.06,5.0,0.5,0.0,3.0,0.0,9.0,0,0,0,0.0,0.0,2324
0.0,3.06,0.17,0.5,1.4,1.4,58.0,58.0,117.0,11.0,0.61,25.0,4.0,0.61,0.0,5.0,0.49,5.0,2.0,16.0,2,2,8,0.98,0.98,1920
0.0,1.68,0.04,0.4,0.4,0.4,57.0,57.0,99.0,8.0,0.31,15.0,0.0,0.31,2.0,2.8,0.0,7.0,0.0,13.0,0,0,2,0.22,0.22,2021
0.13,1.7,0.05,0.1,0.1,0.1,19.0,19.0,44.0,2.0,0.68,4.0,1.0,0.68,0.0,1.6,0.42,0.0,0.0,3.0,0,0,2,0.85,0.85,1819
0.07,2.16,0.09,1.2,1.5,1.5,79.0,79.0,210.0,12.0,0.36,34.0,10.0,0.36,4.0,5.6,0.64,5.0,5.0,21.0,2,2,6,0.38,0.38,1920
0.06,2.3,0.14,2.6,3.8,3.8,114.0,114.0,330.0,33.0,0.34,64.0,3.0,0.34,10.0,9.3,0.11,13.0,2.0,47.0,2,2,7,0.25,0.25,2021
0.15,1.71,0.1,1.9,1.6,1.6,93.0,93.0,281.0,11.0,0.28,28.0,3.0,0.28,14.0,4.5,0.18,7.0,3.0,19.0,2,2,4,0.24,0.24,2223
0.05,1.6,0.1,1.4,1.3,1.3,67.0,67.0,234.0,7.0,0.2,21.0,4.0,0.2,5.0,2.6,0.3,7.0,4.0,15.0,2,2,4,0.3,0.3,2324
0.41,4.63,0.27,11.2,8.3,8.3,106.0,106.0,777.0,75.0,0.3,145.0,21.0,0.3,59.0,9.5,0.67,4.0,15.0,89.0,7,7,11,0.35,0.35,1920
0.33,5.17,0.28,8.5,6.7,6.7,66.0,66.0,689.0,66.0,0.37,126.0,20.0,0.37,56.0,9.1,0.82,5.0,14.0,82.0,10,10,14,0.57,0.57,2021
0.25,4.55,0.22,9.0,7.0,7.0,56.0,56.0,809.0,84.0,0.27,142.0,15.0,0.3,68.0,8.4,0.48,4.0,12.0,82.0,6,6,11,0.35,0.32,2223
0.22,5.29,0.3,9.3,7.1,7.1,114.0,114.0,762.0,72.0,0.34,128.0,11.0,0.34,51.0,8.3,0.45,4.0,6.0,79.0,6,6,7,0.29,0.29,2324
0.18,2.52,0.12,2.9,3.8,3.8,248.0,248.0,626.0,34.0,0.38,83.0,12.0,0.52,36.0,12.5,0.36,46.0,9.0,61.0,3,3,15,0.46,0.3,1819
0.0,2.73,0.18,2.2,4.1,4.1,151.0,151.0,399.0,30.0,0.37,61.0,8.0,0.47,18.0,8.2,0.36,23.0,5.0,45.0,4,4,10,0.45,0.31,1920
0.0,2.52,0.15,2.3,3.8,3.8,157.0,157.0,389.0,35.0,0.48,63.0,9.0,0.51,17.0,11.9,0.36,20.0,6.0,51.0,3,3,8,0.32,0.28,2122
0.13,3.95,0.15,0.5,1.4,1.4,74.0,74.0,185.0,16.0,0.49,36.0,4.0,0.49,6.0,4.5,0.44,5.0,4.0,23.0,2,2,4,0.44,0.44,2223
0.06,3.17,0.17,2.5,5.2,5.2,182.0,182.0,630.0,43.0,0.41,97.0,10.0,0.46,28.0,12.6,0.33,22.0,6.0,70.0,4,4,15,0.49,0.42,2324
0.22,3.94,0.09,1.7,1.4,1.4,111.0,111.0,378.0,20.0,0.23,62.0,7.0,0.23,19.0,3.7,0.44,20.0,6.0,41.0,3,3,6,0.38,0.38,1819
0.15,5.12,0.31,4.8,5.8,5.8,146.0,146.0,528.0,51.0,0.52,95.0,8.0,0.52,34.0,9.7,0.43,33.0,6.0,63.0,4,4,7,0.38,0.38,1920
4.29,4.07,0.19,3.4,3.8,3.8,155.0,155.0,508.0,38.0,0.37,82.0,11.0,0.37,26.0,7.4,0.55,20.0,7.0,57.0,3,3,10,0.5,0.5,2021
0.33,4.8,0.22,4.8,5.5,5.5,186.0,186.0,705.0,62.0,0.39,122.0,9.0,0.39,35.0,9.9,0.35,20.0,6.0,82.0,2,2,9,0.35,0.35,2122
0.0,2.32,0.14,0.4,0.4,0.4,17.0,17.0,48.0,5.0,0.17,7.0,1.0,0.17,4.0,0.5,0.33,2.0,0.0,3.0,1,1,1,0.33,0.33,2223
0.0,1.62,0.01,0.2,0.0,0.0,18.0,18.0,36.0,1.0,0.57,4.0,1.0,0.57,3.0,1.4,0.41,1.0,1.0,4.0,0,0,2,0.81,0.81,1819
0.27,7.05,0.32,7.1,7.5,7.5,286.0,286.0,929.0,64.0,0.73,168.0,22.0,0.76,72.0,17.4,0.92,69.0,16.0,117.0,7,7,19,0.8,0.8,1819
0.53,7.09,0.41,5.7,7.6,7.6,195.0,195.0,742.0,54.0,0.96,131.0,23.0,0.96,53.0,17.8,1.24,50.0,11.0,89.0,5,5,20,1.08,1.08,1920
0.32,6.5,0.6,6.9,10.2,10.2,194.0,194.0,750.0,61.0,0.8,110.0,18.0,0.89,70.0,13.5,1.06,37.0,12.0,81.0,9,9,15,0.88,0.77,2021
0.08,4.25,0.16,3.0,2.3,2.3,46.0,46.0,243.0,39.0,0.2,61.0,4.0,0.26,16.0,2.9,0.28,3.0,0.0,16.0,2,2,2,0.14,0.14,2324
0.0,2.37,0.02,0.5,0.1,0.1,33.0,33.0,135.0,3.0,0.08,17.0,1.0,0.08,4.0,0.6,0.14,2.0,0.0,14.0,0,0,1,0.14,0.14,2122
0.21,1.85,0.12,1.7,1.7,1.7,63.0,63.0,282.0,11.0,0.17,26.0,2.0,0.17,20.0,2.4,0.14,4.0,2.0,22.0,1,1,4,0.29,0.29,2324
0.04,1.26,0.02,0.8,0.3,0.3,14.0,14.0,82.0,8.0,0.08,22.0,2.0,0.08,3.0,1.4,0.11,1.0,2.0,22.0,1,1,3,0.17,0.17,1819
0.12,1.35,0.05,1.1,1.0,1.0,23.0,23.0,143.0,9.0,0.1,31.0,2.0,0.1,10.0,2.3,0.09,1.0,2.0,26.0,1,1,1,0.04,0.04,1920
0.0,1.34,0.01,0.3,0.1,0.1,9.0,9.0,67.0,3.0,0.06,14.0,1.0,0.06,1.0,0.6,0.1,0.0,0.0,10.0,0,0,0,0.0,0.0,2122
0.22,1.22,0.03,1.0,0.4,0.4,6.0,6.0,55.0,4.0,0.07,16.0,0.0,0.07,6.0,1.0,0.0,0.0,0.0,13.0,0,0,1,0.08,0.08,2223
0.11,3.74,0.13,0.6,0.5,0.5,24.0,24.0,92.0,8.0,0.3,14.0,0.0,0.3,4.0,1.1,0.0,8.0,0.0,9.0,0,0,0,0.0,0.0,1920
0.1,2.05,0.05,0.5,0.4,0.4,60.0,60.0,136.0,7.0,0.21,18.0,3.0,0.21,2.0,1.8,0.34,9.0,2.0,11.0,1,1,3,0.34,0.34,1920
0.0,3.88,0.17,1.6,1.8,1.8,85.0,85.0,256.0,14.0,0.34,40.0,5.0,0.34,5.0,3.5,0.48,7.0,1.0,13.0,1,1,3,0.29,0.29,2324
0.29,4.25,0.28,7.4,8.3,8.3,247.0,247.0,832.0,72.0,0.48,125.0,19.0,0.48,52.0,14.1,0.65,11.0,13.0,103.0,10,10,13,0.44,0.44,1819
0.14,4.72,0.27,5.6,6.5,6.5,224.0,224.0,670.0,63.0,0.49,114.0,9.0,0.49,35.0,11.8,0.37,6.0,7.0,77.0,7,7,11,0.46,0.46,1920
0.14,1.76,0.15,1.0,1.1,1.1,41.0,41.0,152.0,5.0,0.2,13.0,2.0,0.2,11.0,1.5,0.27,0.0,2.0,9.0,1,1,1,0.14,0.14,2021
0.11,3.25,0.17,3.0,2.4,2.4,105.0,105.0,307.0,21.0,0.29,47.0,4.0,0.29,24.0,4.2,0.28,4.0,4.0,32.0,2,2,3,0.21,0.21,2122
0.24,4.08,0.15,4.8,5.2,5.2,158.0,158.0,754.0,73.0,0.22,143.0,15.0,0.22,38.0,7.6,0.43,15.0,11.0,98.0,7,7,9,0.26,0.26,1920
0.13,3.49,0.25,2.0,2.0,2.0,48.0,48.0,203.0,14.0,0.34,29.0,3.0,0.43,20.0,2.8,0.36,4.0,1.0,17.0,2,2,3,0.36,0.24,2021
0.0,2.63,0.07,1.3,1.1,1.1,55.0,55.0,260.0,24.0,0.11,42.0,3.0,0.16,16.0,1.7,0.19,4.0,2.0,28.0,2,2,4,0.25,0.25,2122
0.0,2.29,0.15,3.5,4.1,4.1,58.0,58.0,541.0,38.0,0.19,61.0,9.0,0.19,15.0,5.1,0.34,12.0,3.0,23.0,6,6,9,0.34,0.34,1819
0.0,1.7,0.05,0.5,0.4,0.4,58.0,58.0,135.0,5.0,0.11,15.0,3.0,0.11,4.0,1.0,0.34,12.0,1.0,12.0,1,1,1,0.11,0.11,1819
0.22,1.0,0.07,1.6,1.6,1.6,119.0,119.0,352.0,12.0,0.09,22.0,2.0,0.09,27.0,2.0,0.09,5.0,2.0,19.0,1,1,1,0.05,0.05,1920
0.19,1.99,0.12,4.3,3.9,3.9,201.0,201.0,549.0,36.0,0.21,63.0,11.0,0.21,40.0,6.5,0.35,6.0,10.0,56.0,7,7,8,0.25,0.25,2021
0.1,2.12,0.12,2.5,2.6,2.6,92.0,92.0,319.0,23.0,0.18,44.0,7.0,0.18,31.0,3.8,0.34,3.0,6.0,38.0,4,4,6,0.29,0.29,2122
0.05,2.26,0.13,2.5,2.6,2.6,97.0,97.0,316.0,25.0,0.15,45.0,7.0,0.15,22.0,3.1,0.35,5.0,7.0,40.0,2,2,3,0.15,0.15,2324
0.07,3.27,0.17,3.5,6.0,6.0,265.0,265.0,655.0,44.0,0.44,116.0,17.0,0.55,45.0,15.7,0.48,73.0,7.0,67.0,5,5,17,0.48,0.39,1819
0.11,2.68,0.16,3.9,4.6,4.6,207.0,207.0,514.0,34.0,0.33,75.0,5.0,0.33,35.0,9.2,0.18,48.0,3.0,59.0,2,2,6,0.21,0.21,1920
0.23,2.69,0.18,4.2,4.9,4.9,190.0,190.0,541.0,34.0,0.42,73.0,11.0,0.45,27.0,11.4,0.41,42.0,8.0,47.0,3,3,16,0.59,0.59,2021
0.0,3.44,0.17,3.8,5.2,5.2,241.0,241.0,685.0,36.0,0.52,104.0,13.0,0.65,36.0,15.6,0.43,54.0,7.0,59.0,7,7,20,0.66,0.56,2122
0.0,2.16,0.12,1.0,1.6,1.6,92.0,92.0,233.0,9.0,0.61,29.0,4.0,0.61,10.0,8.2,0.3,26.0,2.0,19.0,0,0,7,0.52,0.52,2223
0.04,0.8,0.02,0.5,0.5,0.5,4.0,4.0,60.0,6.0,0.1,20.0,2.0,0.1,4.0,2.4,0.08,0.0,2.0,16.0,1,1,2,0.08,0.08,1819
0.07,0.8,0.05,1.2,1.4,1.4,8.0,8.0,69.0,6.0,0.17,22.0,3.0,0.17,6.0,4.6,0.11,1.0,2.0,19.0,1,1,3,0.11,0.11,1920
0.0,0.59,0.03,0.6,0.8,0.8,14.0,14.0,97.0,9.0,0.04,16.0,3.0,0.04,2.0,1.1,0.11,2.0,3.0,15.0,2,2,3,0.11,0.11,2021
0.0,0.67,0.01,0.6,0.4,0.4,8.0,8.0,103.0,5.0,0.08,20.0,2.0,0.08,7.0,2.4,0.07,1.0,1.0,18.0,0,0,1,0.03,0.03,2122
0.0,1.07,0.03,0.3,0.3,0.3,3.0,3.0,39.0,2.0,0.1,9.0,2.0,0.1,4.0,0.8,0.24,1.0,1.0,7.0,0,0,1,0.12,0.12,2223
0.0,2.33,0.0,0.1,0.0,0.0,5.0,5.0,37.0,1.0,0.08,10.0,2.0,0.08,2.0,0.4,0.47,0.0,2.0,8.0,0,0,0,0.0,0.0,2122
0.0,2.94,0.07,0.1,0.3,0.3,4.0,4.0,29.0,5.0,0.09,13.0,0.0,0.09,1.0,0.4,0.0,0.0,0.0,10.0,0,0,0,0.0,0.0,2223
0.0,0.56,0.03,0.5,0.5,0.5,1.0,1.0,50.0,3.0,0.09,11.0,0.0,0.09,2.0,1.7,0.0,0.0,0.0,9.0,0,0,0,0.0,0.0,1819
0.0,0.56,0.0,0.1,0.0,0.0,2.0,2.0,30.0,0.0,0.05,11.0,0.0,0.05,0.0,0.9,0.0,0.0,0.0,10.0,0,0,0,0.0,0.0,1920
0.04,0.41,0.01,0.3,0.2,0.2,4.0,4.0,53.0,4.0,0.07,8.0,0.0,0.07,2.0,1.4,0.0,0.0,0.0,6.0,0,0,0,0.0,0.0,2021
0.0,0.82,0.02,0.2,0.6,0.6,3.0,3.0,50.0,7.0,0.1,22.0,3.0,0.1,0.0,2.6,0.11,0.0,3.0,18.0,1,1,3,0.11,0.11,2223
0.05,0.34,0.0,0.1,0.1,0.1,1.0,1.0,16.0,2.0,0.03,5.0,1.0,0.03,0.0,0.5,0.07,0.0,1.0,4.0,0,0,0,0.0,0.0,2324
0.04,2.73,0.17,5.5,5.7,5.7,75.0,75.0,734.0,56.0,0.19,92.0,5.0,0.19,68.0,6.4,0.15,7.0,4.0,59.0,1,1,2,0.06,0.06,1819
0.0,2.44,0.11,3.5,2.8,2.8,62.0,62.0,491.0,27.0,0.14,64.0,6.0,0.14,36.0,3.6,0.23,4.0,4.0,39.0,1,1,2,0.08,0.08,1920
0.0,1.93,0.18,1.3,2.8,2.8,39.0,39.0,204.0,17.0,0.23,30.0,3.0,0.23,15.0,3.6,0.19,2.0,1.0,18.0,2,2,2,0.13,0.13,2021
0.0,2.16,0.05,0.4,0.4,0.4,50.0,50.0,137.0,2.0,0.25,16.0,2.0,0.25,1.0,1.8,0.27,6.0,1.0,9.0,0,0,1,0.13,0.13,2021
0.0,3.84,0.18,4.7,4.0,4.0,152.0,152.0,561.0,34.0,0.26,84.0,9.0,0.26,45.0,5.7,0.41,22.0,5.0,66.0,3,3,4,0.18,0.18,1819
0.2,3.21,0.18,5.6,4.6,4.6,150.0,150.0,780.0,42.0,0.24,82.0,12.0,0.24,68.0,6.2,0.47,24.0,8.0,64.0,3,3,5,0.2,0.2,2021
0.36,2.76,0.06,1.5,0.9,0.9,125.0,125.0,461.0,12.0,0.12,39.0,6.0,0.12,36.0,1.7,0.42,21.0,5.0,30.0,1,1,3,0.21,0.21,2223
0.14,3.11,0.21,2.8,2.3,2.3,90.0,90.0,296.0,13.0,0.26,35.0,10.0,0.26,21.0,3.0,0.89,19.0,9.0,31.0,4,4,5,0.44,0.44,2223
0.29,2.85,0.12,2.1,2.2,2.2,116.0,116.0,331.0,15.0,0.51,55.0,4.0,0.51,11.0,9.8,0.21,16.0,2.0,35.0,1,1,7,0.36,0.36,1920
0.29,2.63,0.24,2.6,4.3,4.3,94.0,94.0,376.0,21.0,0.47,46.0,11.0,0.56,16.0,8.1,0.63,10.0,8.0,32.0,5,5,12,0.69,0.63,2021
0.0,3.49,0.33,2.6,4.7,4.7,82.0,82.0,280.0,19.0,0.74,49.0,9.0,0.74,23.0,10.4,0.64,11.0,8.0,32.0,4,4,12,0.86,0.86,2122
0.18,4.02,0.2,1.0,1.4,1.4,42.0,42.0,142.0,10.0,0.56,29.0,5.0,0.56,10.0,4.0,0.69,2.0,4.0,22.0,3,3,7,0.97,0.97,2223
0.24,3.62,0.18,2.6,3.1,3.1,169.0,169.0,495.0,19.0,0.69,62.0,9.0,0.69,20.0,11.9,0.53,31.0,4.0,43.0,3,3,10,0.58,0.58,2324
0.0,4.38,0.23,0.5,1.0,1.0,30.0,30.0,125.0,6.0,0.78,18.0,3.0,0.78,8.0,3.2,0.73,5.0,1.0,12.0,1,1,2,0.49,0.49,2425
0.03,2.21,0.04,1.7,1.1,1.1,44.0,44.0,352.0,20.0,0.1,65.0,4.0,0.1,23.0,2.8,0.14,6.0,3.0,48.0,1,1,3,0.1,0.1,2324
0.24,3.24,0.18,5.5,5.8,5.8,76.0,76.0,526.0,55.0,0.22,101.0,13.0,0.22,30.0,6.8,0.42,1.0,7.0,68.0,6,6,7,0.22,0.22,1718
0.04,3.62,0.23,6.0,7.9,7.9,51.0,51.0,651.0,77.0,0.26,125.0,10.0,0.26,29.0,8.8,0.29,0.0,7.0,68.0,6,6,7,0.2,0.2,1920
0.03,3.42,0.09,2.8,2.4,2.4,37.0,37.0,503.0,46.0,0.11,96.0,6.0,0.11,19.0,3.1,0.21,2.0,3.0,62.0,1,1,2,0.07,0.07,2021
0.1,2.48,0.08,2.3,2.7,2.7,37.0,37.0,482.0,39.0,0.12,82.0,4.0,0.12,18.0,3.9,0.12,2.0,3.0,53.0,1,1,3,0.09,0.09,2122
0.0,3.34,0.13,1.9,2.6,2.6,32.0,32.0,325.0,36.0,0.2,66.0,3.0,0.2,23.0,3.9,0.15,0.0,3.0,49.0,2,2,2,0.1,0.1,2223
0.0,1.1,0.03,1.0,0.8,0.8,14.0,14.0,243.0,13.0,0.14,33.0,2.0,0.14,7.0,4.1,0.07,0.0,1.0,23.0,1,1,5,0.17,0.17,2324
0.0,2.89,0.12,3.7,3.5,3.5,216.0,216.0,520.0,33.0,0.37,82.0,6.0,0.42,19.0,10.4,0.21,16.0,2.0,51.0,2,2,9,0.32,0.25,1819
0.08,2.23,0.09,2.1,3.2,3.2,196.0,196.0,518.0,34.0,0.35,78.0,12.0,0.48,18.0,12.1,0.34,12.0,8.0,56.0,4,4,22,0.63,0.51,1920
0.11,3.28,0.15,1.4,2.8,2.8,102.0,102.0,426.0,19.0,0.35,60.0,4.0,0.35,20.0,6.3,0.22,19.0,3.0,38.0,1,1,4,0.22,0.22,2122
0.28,4.01,0.17,4.7,3.8,3.8,205.0,205.0,629.0,37.0,0.51,91.0,11.0,0.69,44.0,11.7,0.48,47.0,5.0,64.0,3,3,12,0.53,0.35,2324
0.0,0.7,0.01,0.9,0.2,0.2,2.0,2.0,64.0,2.0,0.05,12.0,2.0,0.05,6.0,0.9,0.12,1.0,1.0,9.0,0,0,1,0.06,0.06,1819
0.26,1.15,0.0,0.2,0.0,0.0,2.0,2.0,33.0,1.0,0.05,9.0,0.0,0.05,2.0,0.4,0.0,0.0,0.0,7.0,0,0,1,0.13,0.13,1920
0.0,1.32,0.02,0.4,0.3,0.3,2.0,2.0,62.0,4.0,0.08,16.0,0.0,0.08,7.0,1.0,0.0,1.0,0.0,14.0,0,0,1,0.08,0.08,2223
0.04,1.38,0.05,1.3,1.6,1.6,65.0,65.0,389.0,17.0,0.07,44.0,2.0,0.07,22.0,2.3,0.06,2.0,2.0,33.0,1,1,2,0.06,0.06,2122
0.06,1.48,0.03,1.1,0.7,0.7,49.0,49.0,293.0,10.0,0.1,36.0,4.0,0.1,13.0,2.5,0.16,2.0,3.0,30.0,1,1,2,0.08,0.08,2223
0.0,1.02,0.03,0.6,0.5,0.5,54.0,54.0,213.0,4.0,0.05,18.0,1.0,0.05,8.0,0.9,0.06,0.0,1.0,12.0,1,1,2,0.11,0.11,2324
0.0,1.23,0.07,4.0,1.9,1.9,25.0,25.0,190.0,11.0,0.16,33.0,6.0,0.16,18.0,4.4,0.22,5.0,6.0,25.0,2,2,4,0.15,0.15,2122
0.04,1.2,0.03,1.0,0.6,0.6,4.0,4.0,71.0,12.0,0.1,29.0,2.0,0.1,10.0,2.5,0.08,3.0,2.0,27.0,0,0,1,0.04,0.04,2223
0.26,2.25,0.13,3.6,2.7,2.7,152.0,152.0,421.0,20.0,0.17,46.0,4.0,0.17,19.0,3.5,0.2,13.0,4.0,41.0,2,2,3,0.15,0.15,1819
0.0,1.75,0.2,2.7,3.1,3.1,129.0,129.0,349.0,14.0,0.23,27.0,5.0,0.23,14.0,3.5,0.32,7.0,4.0,24.0,4,4,4,0.26,0.26,1920
0.22,0.94,0.07,1.0,0.7,0.7,85.0,85.0,198.0,5.0,0.07,10.0,1.0,0.07,5.0,0.8,0.09,6.0,1.0,10.0,0,0,0,0.0,0.0,2122
0.13,2.02,0.17,3.0,3.1,3.1,143.0,143.0,348.0,21.0,0.21,37.0,6.0,0.21,11.0,3.9,0.33,14.0,6.0,35.0,4,4,5,0.27,0.27,2223
0.0,1.52,0.07,0.1,0.1,0.1,15.0,15.0,39.0,2.0,0.3,3.0,0.0,0.3,0.0,0.6,0.0,3.0,0.0,3.0,0,0,1,0.51,0.51,2223
0.17,4.65,0.15,2.1,2.0,2.0,109.0,109.0,398.0,31.0,0.26,63.0,4.0,0.26,32.0,3.5,0.3,20.0,3.0,52.0,2,2,3,0.22,0.22,1819
0.41,3.76,0.15,3.5,4.3,4.3,189.0,189.0,752.0,44.0,0.19,111.0,10.0,0.19,49.0,5.5,0.34,25.0,9.0,97.0,5,5,7,0.24,0.24,1920
0.11,4.8,0.34,5.8,8.2,8.2,217.0,217.0,705.0,60.0,0.4,116.0,16.0,0.43,35.0,9.7,0.66,37.0,9.0,72.0,10,10,12,0.5,0.46,2021
0.13,4.02,0.18,6.3,5.1,5.1,175.0,175.0,665.0,59.0,0.24,111.0,12.0,0.24,50.0,6.7,0.43,33.0,8.0,74.0,3,3,7,0.25,0.25,2122
0.67,3.38,0.12,2.3,2.7,2.7,125.0,125.0,433.0,42.0,0.18,78.0,6.0,0.18,24.0,4.2,0.26,20.0,2.0,43.0,3,3,4,0.17,0.17,2223
0.0,2.41,0.03,0.6,0.4,0.4,48.0,48.0,202.0,12.0,0.06,40.0,2.0,0.06,10.0,0.9,0.12,1.0,1.0,28.0,0,0,0,0.0,0.0,2324
0.0,1.31,0.05,0.9,1.1,1.1,35.0,35.0,247.0,10.0,0.08,28.0,1.0,0.08,11.0,1.8,0.05,3.0,1.0,26.0,1,1,2,0.09,0.09,2122
0.08,1.33,0.08,1.4,1.6,1.6,18.0,18.0,264.0,13.0,0.13,29.0,2.0,0.13,13.0,2.7,0.09,1.0,2.0,28.0,0,0,1,0.05,0.05,2223
0.0,0.64,0.0,0.2,0.0,0.0,1.0,1.0,23.0,1.0,0.05,10.0,0.0,0.05,2.0,0.7,0.0,0.0,0.0,10.0,0,0,1,0.06,0.06,1819
0.0,0.63,0.02,0.1,0.3,0.3,0.0,0.0,17.0,4.0,0.04,9.0,0.0,0.04,2.0,0.6,0.0,1.0,0.0,9.0,0,0,1,0.07,0.07,2122
0.08,0.55,0.01,0.8,0.3,0.3,2.0,2.0,39.0,5.0,0.07,13.0,0.0,0.07,2.0,1.6,0.0,0.0,0.0,11.0,0,0,1,0.04,0.04,2324
0.24,4.6,0.2,2.8,2.9,2.9,96.0,96.0,354.0,30.0,0.31,66.0,7.0,0.31,21.0,4.5,0.49,4.0,5.0,51.0,2,2,5,0.35,0.35,1819
0.35,4.87,0.25,2.5,2.1,2.1,65.0,65.0,273.0,18.0,0.38,41.0,3.0,0.38,23.0,3.2,0.36,6.0,3.0,34.0,2,2,2,0.24,0.24,1920
0.0,3.54,0.15,0.7,0.8,0.8,32.0,32.0,133.0,8.0,0.19,20.0,5.0,0.33,4.0,1.1,0.89,3.0,3.0,14.0,2,2,3,0.53,0.35,2021
0.11,1.84,0.07,0.9,0.6,0.6,37.0,37.0,115.0,11.0,0.09,16.0,0.0,0.09,13.0,0.7,0.0,1.0,0.0,13.0,0,0,0,0.0,0.0,1920
0.12,1.49,0.16,1.4,1.4,1.4,51.0,51.0,147.0,7.0,0.18,13.0,3.0,0.18,9.0,1.6,0.34,1.0,3.0,11.0,2,2,2,0.23,0.23,2122
0.05,2.32,0.18,2.4,2.9,2.9,87.0,87.0,306.0,21.0,0.32,38.0,4.0,0.32,28.0,5.3,0.24,0.0,4.0,30.0,2,2,5,0.31,0.31,2223
0.24,2.18,0.09,2.4,1.9,1.9,95.0,95.0,371.0,23.0,0.17,45.0,3.0,0.17,32.0,3.6,0.15,3.0,3.0,35.0,1,1,2,0.1,0.1,2324
0.11,1.88,0.11,3.4,3.9,3.9,164.0,164.0,588.0,31.0,0.15,64.0,3.0,0.15,41.0,5.2,0.09,6.0,2.0,52.0,1,1,1,0.03,0.03,1718
0.21,2.66,0.09,1.1,1.1,1.1,112.0,112.0,317.0,17.0,0.15,35.0,3.0,0.15,20.0,2.0,0.23,7.0,3.0,31.0,2,2,2,0.15,0.15,2324
0.0,1.83,0.09,1.1,1.5,1.5,86.0,86.0,183.0,10.0,0.48,31.0,6.0,0.48,8.0,8.1,0.35,11.0,3.0,18.0,2,2,7,0.41,0.41,1819
0.0,0.68,0.02,0.1,0.1,0.1,13.0,13.0,43.0,1.0,0.54,2.0,0.0,0.54,1.0,1.6,0.0,1.0,0.0,2.0,0,0,1,0.34,0.34,1920
0.17,1.04,0.01,0.1,0.1,0.1,34.0,34.0,84.0,2.0,0.38,7.0,0.0,0.38,1.0,2.5,0.0,3.0,0.0,6.0,0,0,2,0.3,0.3,2021
0.0,1.77,0.12,1.3,2.9,2.9,107.0,107.0,346.0,19.0,0.59,42.0,3.0,0.59,11.0,14.0,0.13,14.0,1.0,27.0,4,4,20,0.84,0.84,2122
0.1,1.94,0.08,0.9,0.9,0.9,37.0,37.0,128.0,4.0,0.44,20.0,2.0,0.44,3.0,4.5,0.19,4.0,1.0,13.0,0,0,4,0.39,0.39,2223
0.0,2.06,0.17,0.6,1.6,1.6,40.0,40.0,133.0,11.0,0.43,20.0,1.0,0.43,4.0,4.2,0.1,5.0,1.0,16.0,1,1,4,0.41,0.41,2324
0.0,1.84,0.14,0.1,0.4,0.4,18.0,18.0,41.0,4.0,0.39,5.0,0.0,0.39,1.0,1.0,0.0,2.0,0.0,3.0,0,0,0,0.0,0.0,2425
0.0,2.41,0.12,0.6,0.6,0.6,33.0,33.0,110.0,6.0,0.34,12.0,0.0,0.34,6.0,1.7,0.0,0.0,0.0,11.0,0,0,1,0.2,0.2,2223
0.0,1.91,0.09,1.4,1.5,1.5,82.0,82.0,295.0,19.0,0.29,33.0,1.0,0.29,8.0,5.0,0.06,3.0,0.0,23.0,0,0,2,0.12,0.12,2324
0.0,0.46,0.01,0.3,0.2,0.2,3.0,3.0,64.0,5.0,0.06,14.0,0.0,0.06,3.0,1.9,0.0,0.0,0.0,9.0,0,0,0,0.0,0.0,1819
0.0,0.95,0.02,0.4,0.3,0.3,3.0,3.0,31.0,3.0,0.05,15.0,0.0,0.05,1.0,0.8,0.0,0.0,0.0,14.0,0,0,1,0.06,0.06,2223
0.26,2.07,0.17,3.4,3.2,3.2,80.0,80.0,384.0,14.0,0.31,39.0,7.0,0.31,22.0,5.8,0.37,6.0,7.0,33.0,3,3,4,0.21,0.21,2021
0.23,4.18,0.14,4.9,4.0,4.0,139.0,139.0,606.0,34.0,0.38,125.0,17.0,0.41,45.0,11.4,0.57,24.0,12.0,89.0,4,4,12,0.4,0.37,2223
0.03,0.79,0.0,0.3,0.1,0.1,1.0,1.0,30.0,3.0,0.08,14.0,2.0,0.08,3.0,1.4,0.11,0.0,2.0,13.0,0,0,2,0.11,0.11,1718
0.03,1.0,0.03,0.9,0.9,0.9,26.0,26.0,245.0,10.0,0.09,33.0,5.0,0.09,9.0,2.9,0.15,5.0,4.0,29.0,1,1,3,0.09,0.09,2021
0.11,1.41,0.08,2.2,2.3,2.3,35.0,35.0,225.0,17.0,0.11,43.0,3.0,0.11,13.0,3.4,0.1,7.0,2.0,35.0,1,1,3,0.1,0.1,2122
0.06,1.52,0.1,2.3,2.8,2.8,61.0,61.0,362.0,16.0,0.15,41.0,7.0,0.15,15.0,3.9,0.26,5.0,7.0,39.0,3,3,4,0.15,0.15,2223
0.1,1.92,0.07,2.6,2.2,2.2,64.0,64.0,462.0,23.0,0.13,62.0,9.0,0.13,20.0,4.2,0.28,2.0,9.0,55.0,2,2,3,0.09,0.09,2324
0.0,1.91,0.07,0.9,1.2,1.2,47.0,47.0,178.0,16.0,0.11,31.0,1.0,0.11,12.0,1.9,0.06,3.0,1.0,25.0,0,0,1,0.06,0.06,2324
0.0,1.71,0.12,1.4,2.3,2.3,23.0,23.0,196.0,17.0,0.22,34.0,4.0,0.22,9.0,4.3,0.2,0.0,4.0,31.0,2,2,4,0.2,0.2,1920
0.0,1.68,0.01,0.6,0.2,0.2,8.0,8.0,123.0,5.0,0.1,20.0,2.0,0.1,5.0,1.2,0.17,0.0,1.0,15.0,0,0,2,0.17,0.17,2021
0.29,5.94,0.31,8.9,9.3,9.3,291.0,291.0,936.0,86.0,0.58,176.0,31.0,0.58,65.0,17.3,1.05,29.0,22.0,123.0,11,11,18,0.61,0.61,1819
0.12,3.43,0.22,5.1,5.4,5.4,183.0,183.0,656.0,39.0,0.37,84.0,19.0,0.37,37.0,9.0,0.78,16.0,16.0,69.0,7,7,10,0.41,0.41,1920
0.35,4.57,0.14,2.5,2.3,2.3,142.0,142.0,497.0,31.0,0.28,76.0,12.0,0.28,30.0,4.6,0.72,15.0,9.0,66.0,2,2,5,0.3,0.3,2021
0.3,4.2,0.2,6.3,4.6,4.6,171.0,171.0,622.0,44.0,0.41,97.0,22.0,0.41,40.0,9.4,0.95,19.0,14.0,60.0,8,8,17,0.74,0.74,2122
0.45,4.99,0.34,7.8,9.2,9.2,218.0,218.0,814.0,73.0,0.54,133.0,20.0,0.54,40.0,14.3,0.75,27.0,14.0,87.0,8,8,17,0.64,0.64,2223
0.39,5.38,0.38,7.5,9.5,9.5,158.0,158.0,679.0,80.0,0.56,133.0,17.0,0.56,32.0,13.8,0.69,17.0,9.0,78.0,11,11,18,0.73,0.73,2324
0.05,0.32,0.0,0.0,0.0,0.0,0.0,0.0,9.0,0.0,0.02,2.0,0.0,0.02,0.0,0.1,0.0,0.0,0.0,2.0,0,0,1,0.16,0.16,1920
0.0,0.71,0.03,0.3,0.5,0.5,4.0,4.0,32.0,6.0,0.07,13.0,1.0,0.07,1.0,1.3,0.05,2.0,1.0,9.0,1,1,2,0.11,0.11,2021
0.1,0.18,0.0,0.0,0.0,0.0,1.0,1.0,7.0,0.0,0.01,1.0,0.0,0.01,0.0,0.0,0.0,0.0,0.0,1.0,0,0,0,0.0,0.0,2122
0.52,4.05,0.22,5.0,5.0,5.0,169.0,169.0,611.0,41.0,0.4,92.0,15.0,0.4,42.0,9.1,0.66,18.0,14.0,70.0,7,7,10,0.44,0.44,1819
0.25,2.89,0.23,1.7,1.8,1.8,51.0,51.0,165.0,12.0,0.37,22.0,8.0,0.37,18.0,2.8,1.05,7.0,5.0,17.0,4,4,4,0.52,0.52,1920
0.16,3.98,0.26,2.4,3.1,3.1,94.0,94.0,299.0,30.0,0.4,47.0,5.0,0.4,17.0,4.8,0.42,12.0,4.0,36.0,3,3,7,0.59,0.59,2021
0.06,2.14,0.09,1.5,1.5,1.5,50.0,50.0,240.0,18.0,0.18,34.0,3.0,0.18,22.0,2.8,0.19,2.0,2.0,26.0,0,0,2,0.13,0.13,2122
0.05,2.34,0.04,1.7,0.5,0.5,32.0,32.0,215.0,8.0,0.1,27.0,0.0,0.1,12.0,1.2,0.0,4.0,0.0,18.0,0,0,0,0.0,0.0,2223
0.12,1.48,0.14,2.8,2.7,2.7,118.0,118.0,343.0,14.0,0.23,29.0,4.0,0.23,7.0,4.5,0.2,6.0,2.0,22.0,1,1,5,0.25,0.25,2324
0.0,2.09,0.21,0.7,0.6,0.6,24.0,24.0,47.0,1.0,0.44,6.0,0.0,0.44,2.0,1.3,0.0,0.0,0.0,4.0,0,0,1,0.35,0.35,1819
0.0,0.37,0.01,0.5,0.1,0.1,2.0,2.0,42.0,2.0,0.02,6.0,2.0,0.02,3.0,0.3,0.12,1.0,2.0,6.0,0,0,1,0.06,0.06,1819
0.0,1.24,0.01,0.6,0.1,0.1,5.0,5.0,105.0,4.0,0.04,14.0,1.0,0.04,8.0,0.4,0.09,1.0,0.0,12.0,0,0,1,0.09,0.09,1920
0.18,2.92,0.21,2.6,2.2,2.2,63.0,63.0,205.0,22.0,0.24,31.0,6.0,0.24,33.0,2.6,0.56,5.0,6.0,27.0,3,3,3,0.28,0.28,2021
0.0,0.49,0.0,0.1,0.0,0.0,0.0,0.0,17.0,1.0,0.02,9.0,0.0,0.02,1.0,0.3,0.0,0.0,0.0,8.0,0,0,0,0.0,0.0,2223
0.0,1.71,0.02,0.1,0.1,0.1,4.0,4.0,28.0,2.0,0.08,9.0,2.0,0.08,0.0,0.4,0.38,0.0,1.0,4.0,0,0,0,0.0,0.0,2324
0.0,4.34,0.32,1.3,1.7,1.7,29.0,29.0,131.0,9.0,0.59,23.0,2.0,0.59,4.0,3.2,0.38,7.0,2.0,15.0,2,2,2,0.38,0.38,2324
0.31,3.69,0.07,0.3,0.2,0.2,17.0,17.0,116.0,5.0,0.38,12.0,0.0,0.38,4.0,1.2,0.0,4.0,0.0,5.0,0,0,0,0.0,0.0,2425
0.14,4.01,0.22,6.3,6.4,6.4,180.0,180.0,988.0,67.0,0.61,118.0,15.0,0.66,41.0,17.9,0.51,28.0,12.0,74.0,8,8,19,0.65,0.58,2324
0.08,1.14,0.02,0.1,0.1,0.1,12.0,12.0,41.0,1.0,0.05,4.0,1.0,0.05,1.0,0.2,0.28,0.0,1.0,4.0,0,0,0,0.0,0.0,2122
0.14,1.44,0.12,1.3,1.4,1.4,42.0,42.0,175.0,9.0,0.43,17.0,1.0,0.43,8.0,5.1,0.08,8.0,1.0,12.0,1,1,4,0.34,0.34,2223
0.31,2.48,0.13,3.7,2.9,2.9,157.0,157.0,431.0,20.0,0.36,54.0,6.0,0.36,19.0,7.9,0.28,25.0,6.0,38.0,3,3,8,0.37,0.37,2324
0.09,1.67,0.1,3.1,2.2,2.2,171.0,171.0,469.0,20.0,0.2,36.0,4.0,0.2,14.0,4.3,0.19,21.0,4.0,27.0,4,4,7,0.33,0.33,1819
0.31,1.24,0.04,0.9,0.5,0.5,80.0,80.0,271.0,10.0,0.1,14.0,2.0,0.1,8.0,1.2,0.18,5.0,1.0,13.0,1,1,2,0.18,0.18,1920
0.11,2.49,0.24,0.5,0.8,0.8,22.0,22.0,84.0,5.0,0.45,8.0,2.0,0.45,3.0,1.4,0.62,3.0,2.0,7.0,1,1,2,0.62,0.62,2021
0.12,3.35,0.11,2.2,1.8,1.8,124.0,124.0,428.0,21.0,0.33,53.0,3.0,0.33,22.0,5.3,0.19,19.0,2.0,33.0,2,2,7,0.44,0.44,2122
0.0,2.76,0.05,1.6,0.8,0.8,137.0,137.0,323.0,13.0,0.18,46.0,7.0,0.18,8.0,3.0,0.42,18.0,5.0,29.0,2,2,7,0.42,0.42,2223
0.11,3.59,0.11,1.2,1.3,1.3,75.0,75.0,194.0,15.0,0.25,42.0,5.0,0.25,12.0,2.9,0.43,6.0,3.0,26.0,0,0,1,0.09,0.09,2324
0.19,1.98,0.05,0.8,0.9,0.9,37.0,37.0,168.0,13.0,0.15,32.0,3.0,0.15,9.0,2.4,0.19,6.0,3.0,24.0,1,1,2,0.12,0.12,2324
0.15,4.46,0.16,1.4,1.6,1.6,77.0,77.0,269.0,22.0,0.36,46.0,3.0,0.36,15.0,3.7,0.29,6.0,0.0,23.0,1,1,1,0.1,0.1,1819
0.22,3.07,0.03,0.4,0.2,0.2,26.0,26.0,108.0,4.0,0.12,20.0,1.0,0.12,11.0,0.8,0.15,0.0,1.0,10.0,1,1,2,0.31,0.31,1920
0.0,2.87,0.1,2.8,2.8,2.8,122.0,122.0,458.0,26.0,0.14,78.0,14.0,0.14,39.0,3.9,0.51,9.0,10.0,57.0,6,6,7,0.26,0.26,2021
0.13,2.0,0.04,0.8,0.7,0.7,108.0,108.0,275.0,11.0,0.13,34.0,3.0,0.13,12.0,2.2,0.18,5.0,2.0,20.0,0,0,1,0.06,0.06,2122
0.17,2.84,0.21,0.7,1.6,1.6,38.0,38.0,172.0,7.0,0.29,22.0,1.0,0.29,10.0,2.2,0.13,6.0,1.0,17.0,1,1,1,0.13,0.13,2223
0.0,2.36,0.07,0.6,0.9,0.9,37.0,37.0,170.0,12.0,0.12,27.0,4.0,0.12,10.0,1.4,0.35,9.0,2.0,18.0,2,2,3,0.26,0.26,2324
0.0,3.4,0.17,2.3,2.0,2.0,81.0,81.0,309.0,15.0,0.37,39.0,4.0,0.44,22.0,4.2,0.35,6.0,4.0,29.0,3,3,5,0.44,0.35,1819
0.0,3.16,0.1,1.1,0.8,0.8,42.0,42.0,192.0,12.0,0.27,25.0,2.0,0.37,7.0,2.2,0.25,6.0,1.0,16.0,0,0,3,0.38,0.25,1920
0.14,2.11,0.1,1.0,1.8,1.8,49.0,49.0,182.0,16.0,0.2,36.0,4.0,0.25,9.0,3.5,0.23,3.0,2.0,22.0,3,3,7,0.41,0.35,1819
0.08,2.47,0.13,1.3,2.9,2.9,91.0,91.0,322.0,19.0,0.29,53.0,9.0,0.36,12.0,6.1,0.42,5.0,4.0,38.0,3,3,9,0.42,0.33,1920
0.06,4.9,0.2,2.0,3.0,3.0,168.0,168.0,369.0,36.0,0.29,73.0,9.0,0.29,20.0,4.3,0.6,22.0,7.0,49.0,6,6,7,0.47,0.47,1819
0.11,3.51,0.06,1.6,1.0,1.0,104.0,104.0,352.0,21.0,0.21,59.0,5.0,0.21,21.0,3.5,0.3,21.0,4.0,46.0,1,1,5,0.3,0.3,1920
0.0,3.11,0.11,1.0,1.0,1.0,108.0,108.0,213.0,12.0,0.51,28.0,3.0,0.51,9.0,4.6,0.33,25.0,0.0,19.0,1,1,4,0.44,0.44,2021
0.0,3.06,0.23,4.8,4.9,4.9,166.0,166.0,499.0,35.0,0.37,64.0,8.0,0.37,24.0,7.7,0.38,20.0,3.0,34.0,5,5,9,0.43,0.43,2122
0.05,3.79,0.15,2.1,2.4,2.4,126.0,126.0,401.0,23.0,0.51,61.0,4.0,0.56,21.0,8.2,0.25,22.0,1.0,39.0,0,0,6,0.37,0.31,2223
0.19,2.83,0.21,2.2,2.4,2.4,95.0,95.0,206.0,13.0,0.65,32.0,4.0,0.65,9.0,7.3,0.35,21.0,3.0,23.0,2,2,8,0.71,0.71,2324
0.0,2.27,0.06,0.2,0.3,0.3,25.0,25.0,80.0,4.0,0.44,12.0,4.0,0.44,1.0,2.3,0.76,5.0,1.0,8.0,0,0,5,0.95,0.95,2324
0.0,1.27,0.01,1.5,0.1,0.1,1.0,1.0,43.0,5.0,0.07,18.0,2.0,0.07,4.0,1.0,0.14,0.0,2.0,15.0,0,0,0,0.0,0.0,1819
0.13,1.56,0.16,0.9,2.6,2.6,127.0,127.0,279.0,15.0,0.39,25.0,5.0,0.39,8.0,6.3,0.31,9.0,4.0,20.0,3,3,8,0.5,0.5,2122
0.0,2.0,0.08,1.1,1.7,1.7,132.0,132.0,341.0,17.0,0.44,46.0,6.0,0.44,14.0,10.2,0.26,13.0,3.0,26.0,3,3,13,0.56,0.56,2223
0.0,1.78,0.06,1.5,1.0,1.0,130.0,130.0,334.0,10.0,0.4,32.0,4.0,0.4,8.0,7.2,0.22,15.0,2.0,21.0,0,0,4,0.22,0.22,2324
0.0,1.1,0.04,0.5,0.9,0.9,19.0,19.0,86.0,8.0,0.11,22.0,0.0,0.11,5.0,2.2,0.0,0.0,0.0,18.0,0,0,1,0.05,0.05,1920
0.0,2.83,0.17,0.6,0.6,0.6,35.0,35.0,85.0,6.0,0.18,10.0,0.0,0.18,8.0,0.6,0.0,1.0,0.0,9.0,0,0,0,0.0,0.0,2021
0.1,1.59,0.05,2.0,1.0,1.0,2.0,2.0,91.0,11.0,0.09,30.0,5.0,0.09,16.0,1.7,0.27,0.0,5.0,27.0,2,2,2,0.11,0.11,1819
0.0,2.78,0.22,3.0,3.1,3.1,62.0,62.0,238.0,20.0,0.32,40.0,3.0,0.32,14.0,4.7,0.21,3.0,3.0,27.0,2,2,4,0.28,0.28,1819
0.15,1.94,0.11,2.2,2.8,2.8,120.0,120.0,420.0,23.0,0.14,51.0,5.0,0.14,17.0,3.8,0.19,22.0,4.0,41.0,1,1,2,0.08,0.08,1920
0.0,1.76,0.12,1.4,1.7,1.7,69.0,69.0,218.0,15.0,0.18,24.0,3.0,0.18,11.0,2.5,0.22,8.0,2.0,18.0,2,2,2,0.15,0.15,2021
0.19,1.77,0.08,1.2,1.6,1.6,91.0,91.0,275.0,15.0,0.13,35.0,1.0,0.13,19.0,2.6,0.05,10.0,1.0,29.0,0,0,1,0.05,0.05,2122
0.0,2.07,0.11,1.5,1.1,1.1,42.0,42.0,193.0,6.0,0.16,22.0,4.0,0.16,9.0,1.7,0.38,4.0,3.0,16.0,2,2,2,0.19,0.19,2223
0.0,2.39,0.07,0.6,0.6,0.6,29.0,29.0,121.0,8.0,0.11,20.0,2.0,0.11,6.0,0.9,0.24,2.0,2.0,14.0,1,1,1,0.12,0.12,2324
0.14,3.65,0.22,3.6,4.3,4.3,108.0,108.0,438.0,37.0,0.37,71.0,9.0,0.37,20.0,7.1,0.46,5.0,6.0,40.0,6,6,9,0.46,0.46,1819
0.0,4.35,0.14,1.3,1.0,1.0,31.0,31.0,136.0,13.0,0.23,30.0,3.0,0.23,12.0,1.6,0.43,4.0,2.0,23.0,1,1,2,0.29,0.29,1920
0.08,1.78,0.03,0.8,0.5,0.5,74.0,74.0,254.0,9.0,0.11,27.0,0.0,0.11,12.0,1.7,0.0,2.0,0.0,22.0,0,0,2,0.13,0.13,2021
0.23,1.88,0.04,0.8,0.5,0.5,75.0,75.0,229.0,6.0,0.17,23.0,2.0,0.17,11.0,2.0,0.16,3.0,2.0,16.0,1,1,1,0.08,0.08,2122
0.09,1.53,0.11,1.1,2.0,2.0,73.0,73.0,248.0,12.0,0.4,29.0,7.0,0.4,3.0,7.6,0.37,9.0,6.0,21.0,4,4,8,0.42,0.42,2223
0.14,1.92,0.08,2.1,2.5,2.5,183.0,183.0,471.0,24.0,0.54,61.0,8.0,0.54,15.0,17.0,0.25,26.0,5.0,43.0,3,3,16,0.5,0.5,2324
0.09,2.05,0.12,2.2,3.7,3.7,150.0,150.0,455.0,27.0,0.4,64.0,5.0,0.42,7.0,12.4,0.16,12.0,4.0,42.0,4,4,9,0.29,0.26,1819
0.0,0.87,0.02,0.6,0.5,0.5,14.0,14.0,78.0,11.0,0.05,27.0,3.0,0.05,5.0,1.7,0.1,3.0,3.0,24.0,1,1,3,0.1,0.1,1718
0.0,2.26,0.07,0.6,1.0,1.0,104.0,104.0,212.0,13.0,0.27,31.0,2.0,0.27,10.0,3.7,0.15,8.0,1.0,22.0,0,0,2,0.15,0.15,1819
0.0,2.38,0.02,0.2,0.1,0.1,39.0,39.0,75.0,3.0,0.52,14.0,2.0,0.66,3.0,3.1,0.34,3.0,0.0,6.0,0,0,4,0.68,0.51,1920
0.0,0.53,0.0,0.3,0.0,0.0,2.0,2.0,21.0,2.0,0.02,8.0,0.0,0.02,3.0,0.3,0.0,0.0,0.0,8.0,0,0,1,0.07,0.07,2122
0.0,3.4,0.08,0.8,0.8,0.8,78.0,78.0,200.0,16.0,0.19,35.0,1.0,0.19,8.0,1.9,0.1,5.0,0.0,24.0,1,1,1,0.1,0.1,2324
0.0,2.91,0.17,0.3,0.5,0.5,19.0,19.0,73.0,9.0,0.29,8.0,0.0,0.29,5.0,0.8,0.0,0.0,0.0,7.0,0,0,1,0.36,0.36,2425
0.22,3.95,0.09,5.0,3.0,3.0,263.0,263.0,825.0,35.0,0.39,127.0,18.0,0.47,45.0,12.7,0.56,29.0,16.0,96.0,3,3,20,0.62,0.53,1819
0.18,4.47,0.28,5.3,7.8,7.8,250.0,250.0,694.0,59.0,0.59,122.0,13.0,0.62,33.0,16.1,0.48,34.0,12.0,99.0,6,6,18,0.66,0.62,1920
0.04,3.03,0.11,1.7,2.2,2.2,203.0,203.0,506.0,21.0,0.54,61.0,6.0,0.54,19.0,10.9,0.3,34.0,4.0,46.0,3,3,11,0.55,0.55,2122
0.24,2.21,0.13,2.8,3.8,3.8,218.0,218.0,640.0,38.0,0.51,63.0,4.0,0.54,26.0,14.6,0.14,30.0,3.0,54.0,1,1,8,0.28,0.25,2223
0.14,3.62,0.15,4.3,4.4,4.4,191.0,191.0,611.0,46.0,0.54,106.0,22.0,0.57,29.0,15.9,0.75,23.0,16.0,87.0,7,7,20,0.68,0.65,2324
0.0,2.48,0.07,0.6,0.5,0.5,38.0,38.0,121.0,9.0,0.2,18.0,1.0,0.2,7.0,1.5,0.14,1.0,1.0,15.0,1,1,1,0.14,0.14,2021
0.0,1.15,0.02,0.7,0.5,0.5,10.0,10.0,68.0,10.0,0.06,27.0,1.0,0.06,8.0,1.3,0.04,2.0,0.0,22.0,0,0,0,0.0,0.0,1920
0.04,0.69,0.01,0.4,0.2,0.2,6.0,6.0,70.0,5.0,0.05,17.0,1.0,0.05,8.0,1.2,0.04,2.0,1.0,15.0,0,0,0,0.0,0.0,2021
0.0,2.36,0.08,1.0,1.5,1.5,132.0,132.0,355.0,21.0,0.53,46.0,4.0,0.57,5.0,10.3,0.21,17.0,2.0,32.0,2,2,10,0.51,0.46,1819
0.09,1.56,0.03,1.0,0.6,0.6,124.0,124.0,313.0,13.0,0.37,28.0,1.0,0.37,7.0,6.7,0.06,17.0,1.0,24.0,0,0,4,0.22,0.22,1920
0.0,1.74,0.1,0.9,1.1,1.1,72.0,72.0,220.0,10.0,0.27,19.0,3.0,0.34,2.0,2.9,0.27,5.0,3.0,19.0,1,1,4,0.37,0.28,2021
0.0,1.69,0.04,0.6,0.7,0.7,14.0,14.0,157.0,9.0,0.08,30.0,4.0,0.08,12.0,1.4,0.23,1.0,3.0,23.0,1,1,1,0.06,0.06,2122
0.0,1.46,0.0,0.0,0.0,0.0,4.0,4.0,21.0,0.0,0.02,5.0,0.0,0.02,0.0,0.1,0.0,0.0,0.0,5.0,0,0,0,0.0,0.0,2324
0.09,4.07,0.17,1.7,1.9,1.9,96.0,96.0,285.0,21.0,0.37,46.0,4.0,0.37,22.0,4.2,0.35,22.0,3.0,34.0,2,2,6,0.53,0.53,2122
0.06,3.6,0.16,0.9,0.6,0.6,57.0,57.0,133.0,6.0,0.54,13.0,0.0,0.54,5.0,1.9,0.0,10.0,0.0,9.0,0,0,1,0.28,0.28,2223
0.51,3.19,0.23,1.6,2.9,2.9,82.0,82.0,254.0,18.0,0.45,41.0,3.0,0.51,14.0,5.8,0.23,3.0,3.0,34.0,2,2,4,0.31,0.23,2223
0.14,2.76,0.09,0.7,0.9,0.9,43.0,43.0,220.0,12.0,0.52,27.0,7.0,0.52,6.0,5.0,0.72,6.0,7.0,22.0,5,5,11,1.13,1.13,2324
0.14,3.76,0.16,3.6,2.7,2.7,239.0,239.0,514.0,25.0,0.37,62.0,10.0,0.37,34.0,6.2,0.61,62.0,6.0,47.0,4,4,7,0.42,0.42,2324
0.38,2.46,0.2,1.6,2.0,2.0,96.0,96.0,227.0,9.0,0.54,25.0,2.0,0.54,10.0,5.5,0.2,27.0,2.0,13.0,1,1,4,0.39,0.39,2324
0.38,3.84,0.43,5.0,5.1,5.1,140.0,140.0,340.0,26.0,0.71,45.0,6.0,0.71,29.0,8.4,0.51,15.0,5.0,37.0,4,4,9,0.77,0.77,1819
0.0,3.6,0.32,4.0,5.0,5.0,207.0,207.0,481.0,25.0,0.72,57.0,9.0,0.72,28.0,11.4,0.57,33.0,7.0,39.0,6,6,10,0.63,0.63,1920
0.26,3.95,0.29,2.4,2.6,2.6,109.0,109.0,275.0,16.0,0.5,35.0,1.0,0.5,14.0,4.4,0.11,18.0,0.0,25.0,0,0,0,0.0,0.0,2021
0.0,3.69,0.15,1.6,1.2,1.2,69.0,69.0,160.0,9.0,0.42,28.0,4.0,0.42,8.0,3.2,0.53,7.0,2.0,15.0,2,2,5,0.66,0.66,2122
0.23,3.57,0.18,4.5,6.0,6.0,273.0,273.0,828.0,48.0,0.65,117.0,13.0,0.72,52.0,21.3,0.4,46.0,8.0,86.0,6,6,27,0.82,0.73,1819
0.28,3.47,0.22,6.2,7.6,7.6,270.0,270.0,918.0,59.0,0.69,121.0,17.0,0.8,51.0,23.9,0.49,65.0,15.0,102.0,8,8,29,0.83,0.69,1920
0.42,3.05,0.2,6.1,6.4,6.4,256.0,256.0,837.0,38.0,0.75,98.0,18.0,0.78,34.0,24.1,0.56,46.0,15.0,77.0,9,9,32,1.0,0.96,2021
0.13,4.45,0.28,7.4,7.9,7.9,252.0,252.0,942.0,62.0,0.8,128.0,22.0,1.1,82.0,23.0,0.77,41.0,16.0,108.0,12,12,39,1.35,1.11,2122
0.31,3.41,0.25,2.5,3.3,3.3,105.0,105.0,264.0,21.0,0.68,44.0,7.0,0.68,10.0,8.8,0.54,19.0,4.0,29.0,3,3,10,0.78,0.78,1819
0.0,3.49,0.25,2.5,4.9,4.9,123.0,123.0,330.0,31.0,0.51,67.0,8.0,0.51,10.0,9.9,0.42,21.0,4.0,32.0,6,6,10,0.52,0.52,1920
0.3,2.39,0.09,1.5,1.8,1.8,153.0,153.0,423.0,18.0,0.39,49.0,4.0,0.39,13.0,8.0,0.2,30.0,0.0,28.0,0,0,4,0.2,0.2,2021
0.07,3.51,0.25,4.7,6.6,6.6,237.0,237.0,568.0,40.0,0.57,92.0,12.0,0.57,26.0,14.8,0.46,44.0,10.0,63.0,8,8,13,0.5,0.5,2122
0.18,3.01,0.12,4.2,3.4,3.4,220.0,220.0,569.0,33.0,0.41,85.0,11.0,0.41,22.0,11.6,0.39,33.0,4.0,58.0,2,2,12,0.43,0.43,2223
0.0,3.07,0.08,1.3,1.3,1.3,111.0,111.0,285.0,16.0,0.22,51.0,7.0,0.22,9.0,3.7,0.42,9.0,3.0,29.0,3,3,4,0.24,0.24,2324
0.04,3.23,0.17,3.3,5.8,5.8,352.0,352.0,736.0,47.0,0.61,109.0,14.0,0.68,30.0,20.6,0.41,55.0,10.0,71.0,6,6,23,0.68,0.59,1718
0.17,1.99,0.14,1.1,1.5,1.5,92.0,92.0,185.0,9.0,0.87,22.0,5.0,0.87,4.0,9.6,0.45,20.0,4.0,15.0,2,2,8,0.73,0.73,1920
0.19,3.01,0.2,0.9,1.2,1.2,58.0,58.0,133.0,10.0,0.57,18.0,3.0,0.57,8.0,3.4,0.5,7.0,2.0,16.0,1,1,3,0.5,0.5,1920
0.2,3.11,0.22,5.4,6.9,6.9,281.0,281.0,659.0,49.0,0.78,97.0,15.0,0.78,36.0,24.3,0.48,54.0,10.0,67.0,6,6,20,0.64,0.64,2021
0.13,3.33,0.2,4.4,5.0,5.0,268.0,268.0,629.0,39.0,0.63,85.0,12.0,0.69,38.0,16.0,0.47,36.0,9.0,65.0,5,5,17,0.67,0.59,2122
0.19,3.13,0.2,3.1,3.0,3.0,188.0,188.0,411.0,26.0,0.49,47.0,2.0,0.49,15.0,7.4,0.13,24.0,2.0,39.0,2,2,6,0.4,0.4,2223
0.13,2.69,0.1,2.2,2.8,2.8,113.0,113.0,464.0,30.0,0.17,75.0,9.0,0.17,36.0,4.9,0.32,8.0,8.0,60.0,3,3,6,0.22,0.22,1819
0.0,3.34,0.1,1.9,2.2,2.2,103.0,103.0,366.0,27.0,0.18,75.0,9.0,0.18,19.0,4.0,0.4,11.0,7.0,63.0,3,3,7,0.31,0.31,1920
0.0,2.06,0.05,1.0,1.0,1.0,60.0,60.0,235.0,15.0,0.1,42.0,1.0,0.1,10.0,2.1,0.05,4.0,0.0,33.0,0,0,1,0.05,0.05,2021
0.0,3.32,0.15,0.9,1.5,1.5,37.0,37.0,169.0,16.0,0.23,33.0,2.0,0.23,7.0,2.2,0.2,5.0,2.0,26.0,0,0,0,0.0,0.0,2122
0.0,1.96,0.04,0.8,0.9,0.9,32.0,32.0,260.0,20.0,0.09,41.0,1.0,0.09,5.0,1.9,0.05,3.0,1.0,32.0,0,0,1,0.05,0.05,2223
0.0,1.74,0.04,0.7,0.8,0.8,25.0,25.0,182.0,15.0,0.07,36.0,1.0,0.07,6.0,1.4,0.05,5.0,1.0,27.0,0,0,0,0.0,0.0,2324
0.0,0.81,0.01,0.2,0.1,0.1,4.0,4.0,22.0,2.0,0.12,9.0,2.0,0.12,1.0,1.3,0.18,1.0,1.0,7.0,0,0,1,0.09,0.09,1920
0.09,1.29,0.11,0.5,2.3,2.3,90.0,90.0,230.0,12.0,0.5,27.0,4.0,0.5,2.0,10.4,0.19,8.0,3.0,15.0,3,3,14,0.67,0.67,1920
0.12,1.63,0.05,0.9,1.1,1.1,92.0,92.0,192.0,16.0,0.37,35.0,4.0,0.44,4.0,7.9,0.19,6.0,2.0,22.0,2,2,8,0.37,0.28,2021
0.46,1.87,0.07,0.8,1.2,1.2,90.0,90.0,207.0,15.0,0.37,31.0,3.0,0.46,9.0,6.1,0.18,8.0,2.0,24.0,2,2,8,0.48,0.36,2122
0.0,4.86,0.12,0.2,0.2,0.2,13.0,13.0,43.0,4.0,0.19,8.0,0.0,0.19,1.0,0.3,0.0,0.0,0.0,6.0,0,0,0,0.0,0.0,1920
0.09,2.06,0.11,2.0,1.7,1.7,135.0,135.0,330.0,13.0,0.5,33.0,2.0,0.5,14.0,8.0,0.12,24.0,1.0,21.0,1,1,4,0.25,0.25,2324
0.0,4.53,0.19,0.4,0.6,0.6,37.0,37.0,67.0,6.0,0.67,14.0,2.0,0.67,3.0,2.1,0.65,4.0,1.0,7.0,1,1,2,0.65,0.65,2021
0.1,4.35,0.22,2.3,2.2,2.2,98.0,98.0,289.0,22.0,0.61,43.0,5.0,0.61,17.0,6.1,0.51,19.0,3.0,31.0,2,2,7,0.71,0.71,1819
0.08,3.15,0.07,0.5,0.7,0.7,78.0,78.0,194.0,6.0,0.49,30.0,5.0,0.49,6.0,4.7,0.52,9.0,3.0,21.0,1,1,5,0.52,0.52,1920
0.07,3.38,0.18,1.3,2.4,2.4,110.0,110.0,270.0,21.0,0.61,45.0,6.0,0.61,6.0,8.1,0.45,23.0,1.0,23.0,1,1,8,0.6,0.6,2021
0.0,1.68,0.04,1.2,0.6,0.6,73.0,73.0,209.0,10.0,0.3,23.0,2.0,0.3,6.0,4.1,0.15,4.0,1.0,14.0,1,1,4,0.29,0.29,2122
0.28,2.2,0.15,1.1,1.6,1.6,63.0,63.0,188.0,13.0,0.35,23.0,7.0,0.35,6.0,3.6,0.67,8.0,6.0,21.0,3,3,4,0.38,0.38,1819
0.12,3.47,0.24,1.2,2.6,2.6,88.0,88.0,227.0,15.0,0.8,37.0,5.0,0.8,8.0,8.6,0.47,10.0,2.0,21.0,3,3,8,0.75,0.75,1920
0.36,3.21,0.23,3.3,3.7,3.7,124.0,124.0,398.0,28.0,0.69,52.0,3.0,0.74,20.0,11.1,0.19,9.0,2.0,40.0,2,2,14,0.86,0.86,2021
0.4,2.71,0.18,1.7,2.5,2.5,85.0,85.0,260.0,17.0,0.43,38.0,8.0,0.43,13.0,6.1,0.57,11.0,5.0,30.0,5,5,9,0.64,0.64,2122
0.0,3.59,0.32,1.8,4.0,4.0,99.0,99.0,244.0,22.0,0.83,45.0,6.0,0.89,8.0,10.4,0.48,18.0,6.0,33.0,5,5,10,0.8,0.72,2223
0.03,0.77,0.03,0.5,0.6,0.6,27.0,27.0,173.0,5.0,0.05,14.0,2.0,0.05,8.0,1.0,0.11,5.0,2.0,11.0,2,2,2,0.11,0.11,1920
0.04,1.12,0.04,1.5,1.3,1.3,50.0,50.0,294.0,12.0,0.13,33.0,1.0,0.13,7.0,3.9,0.03,5.0,1.0,22.0,1,1,2,0.07,0.07,2122
0.11,1.71,0.09,2.2,2.3,2.3,72.0,72.0,383.0,18.0,0.19,45.0,3.0,0.19,19.0,5.0,0.11,3.0,1.0,34.0,1,1,1,0.04,0.04,2223
0.25,3.6,0.15,0.9,1.4,1.4,60.0,60.0,193.0,13.0,0.27,34.0,3.0,0.27,5.0,2.6,0.32,10.0,2.0,21.0,1,1,1,0.11,0.11,2122
0.0,3.57,0.1,0.5,0.4,0.4,25.0,25.0,82.0,5.0,0.46,14.0,2.0,0.46,3.0,1.8,0.51,6.0,1.0,7.0,1,1,2,0.51,0.51,2223
0.0,2.9,0.14,3.9,3.9,3.9,164.0,164.0,506.0,39.0,0.17,79.0,2.0,0.17,45.0,4.5,0.07,22.0,2.0,55.0,1,1,3,0.11,0.11,1920
0.07,3.43,0.21,1.5,2.1,2.1,87.0,87.0,181.0,14.0,0.54,35.0,5.0,0.54,5.0,5.5,0.49,12.0,1.0,24.0,1,1,4,0.39,0.39,1819
0.18,2.73,0.13,2.1,2.0,2.0,125.0,125.0,255.0,22.0,0.4,41.0,1.0,0.4,5.0,6.0,0.07,4.0,1.0,27.0,1,1,7,0.47,0.47,1920
0.0,0.99,0.01,0.0,0.0,0.0,13.0,13.0,41.0,1.0,0.14,4.0,1.0,0.14,0.0,0.6,0.25,0.0,0.0,2.0,0,0,1,0.25,0.25,1920
0.46,3.34,0.04,0.9,0.7,0.7,66.0,66.0,251.0,11.0,0.14,50.0,2.0,0.19,13.0,2.1,0.13,8.0,2.0,34.0,1,1,2,0.13,0.13,1819
0.18,3.23,0.27,1.1,1.8,1.8,59.0,59.0,156.0,10.0,0.41,21.0,3.0,0.41,12.0,2.7,0.46,9.0,3.0,14.0,3,3,4,0.61,0.61,1920
1.55,2.39,0.16,2.0,2.7,2.7,59.0,59.0,258.0,17.0,0.29,39.0,4.0,0.29,10.0,4.7,0.24,8.0,3.0,17.0,3,3,7,0.43,0.43,2021
0.0,1.96,0.19,0.6,0.6,0.6,21.0,21.0,58.0,4.0,0.36,6.0,1.0,0.36,2.0,1.1,0.33,3.0,1.0,5.0,1,1,1,0.33,0.33,2223
0.1,2.64,0.11,2.3,2.6,2.6,73.0,73.0,432.0,30.0,0.19,60.0,1.0,0.26,28.0,4.2,0.04,11.0,0.0,40.0,1,1,3,0.13,0.04,1920
0.09,2.54,0.12,2.3,2.0,2.0,30.0,30.0,215.0,24.0,0.15,40.0,3.0,0.15,17.0,2.4,0.19,0.0,3.0,20.0,2,2,2,0.13,0.13,2223
0.26,1.68,0.15,2.1,2.7,2.7,86.0,86.0,296.0,14.0,0.19,30.0,5.0,0.19,20.0,3.4,0.28,5.0,4.0,27.0,4,4,5,0.28,0.28,1718
0.08,2.83,0.15,1.9,1.8,1.8,99.0,99.0,225.0,19.0,0.21,33.0,4.0,0.21,20.0,2.5,0.34,3.0,4.0,30.0,3,3,3,0.26,0.26,1819
0.06,2.35,0.13,1.7,1.5,1.5,88.0,88.0,262.0,12.0,0.19,28.0,3.0,0.19,16.0,2.2,0.25,4.0,2.0,23.0,1,1,1,0.08,0.08,1920
0.0,1.72,0.07,1.9,1.9,1.9,69.0,69.0,489.0,23.0,0.09,49.0,12.0,0.09,25.0,2.6,0.42,4.0,11.0,39.0,5,5,6,0.21,0.21,2223
0.1,1.56,0.04,0.5,0.4,0.4,38.0,38.0,161.0,3.0,0.13,15.0,2.0,0.13,10.0,1.2,0.21,2.0,1.0,11.0,0,0,1,0.1,0.1,2324
0.29,6.38,0.33,7.7,7.4,7.4,66.0,66.0,537.0,80.0,0.53,143.0,12.0,0.53,35.0,11.8,0.54,6.0,7.0,81.0,9,9,13,0.58,0.58,1819
0.15,4.97,0.24,3.7,4.1,4.1,37.0,37.0,394.0,41.0,0.42,87.0,10.0,0.42,12.0,7.4,0.57,8.0,4.0,44.0,5,5,6,0.34,0.34,1920
0.18,4.17,0.19,3.7,3.7,3.7,74.0,74.0,450.0,36.0,0.37,81.0,7.0,0.37,21.0,7.1,0.36,7.0,3.0,50.0,3,3,7,0.36,0.36,2021
0.17,3.12,0.17,4.7,3.8,3.8,47.0,47.0,411.0,46.0,0.24,71.0,10.0,0.31,28.0,5.6,0.44,6.0,7.0,30.0,4,4,5,0.22,0.18,2122
0.0,0.33,0.0,0.2,0.1,0.1,6.0,6.0,35.0,1.0,0.03,6.0,0.0,0.03,2.0,0.5,0.0,2.0,0.0,6.0,0,0,0,0.0,0.0,2021
0.0,0.61,0.06,0.2,0.5,0.5,3.0,3.0,31.0,4.0,0.25,5.0,0.0,0.25,1.0,2.1,0.0,0.0,0.0,4.0,0,0,2,0.25,0.25,2223
0.07,1.11,0.03,1.1,0.6,0.6,15.0,15.0,108.0,10.0,0.11,27.0,3.0,0.11,5.0,2.7,0.12,2.0,1.0,15.0,1,1,6,0.25,0.25,2324
0.13,4.33,0.21,1.3,1.6,1.6,34.0,34.0,130.0,12.0,0.38,32.0,2.0,0.38,5.0,2.8,0.27,6.0,1.0,24.0,1,1,2,0.27,0.27,1920
0.07,2.52,0.09,0.8,1.3,1.3,82.0,82.0,271.0,12.0,0.19,38.0,7.0,0.19,10.0,2.8,0.46,24.0,5.0,19.0,2,2,3,0.2,0.2,2021
0.04,2.84,0.06,0.7,0.9,0.9,56.0,56.0,262.0,10.0,0.25,39.0,3.0,0.25,11.0,3.5,0.22,15.0,1.0,21.0,1,1,4,0.29,0.29,2122
0.12,0.53,0.03,0.5,0.4,0.4,14.0,14.0,45.0,2.0,0.04,7.0,0.0,0.04,4.0,0.5,0.0,1.0,0.0,5.0,0,0,1,0.08,0.08,2021
0.0,1.89,0.15,2.0,2.6,2.6,40.0,40.0,257.0,11.0,0.22,32.0,2.0,0.22,11.0,3.8,0.12,11.0,1.0,23.0,2,2,4,0.24,0.24,2122
0.0,0.79,0.03,0.8,0.5,0.5,23.0,23.0,93.0,5.0,0.05,17.0,1.0,0.05,10.0,1.2,0.05,3.0,1.0,14.0,0,0,0,0.0,0.0,2223
0.0,2.87,0.07,1.6,1.3,1.3,92.0,92.0,327.0,21.0,0.35,49.0,8.0,0.35,26.0,6.1,0.47,6.0,5.0,39.0,1,1,9,0.53,0.53,2223
0.15,2.5,0.06,1.2,0.9,0.9,93.0,93.0,235.0,16.0,0.5,35.0,2.0,0.5,7.0,6.9,0.14,4.0,1.0,25.0,0,0,4,0.29,0.29,2324
0.0,2.63,0.13,0.9,0.9,0.9,41.0,41.0,132.0,8.0,0.36,18.0,2.0,0.36,8.0,2.5,0.29,3.0,2.0,15.0,1,1,2,0.29,0.29,2324
0.0,0.98,0.01,0.4,0.3,0.3,8.0,8.0,109.0,7.0,0.03,25.0,1.0,0.03,8.0,0.9,0.04,0.0,1.0,22.0,1,1,3,0.12,0.12,1819
0.0,0.38,0.01,0.1,0.2,0.2,1.0,1.0,32.0,1.0,0.1,5.0,0.0,0.1,1.0,1.3,0.0,2.0,0.0,3.0,0,0,1,0.08,0.08,1920
0.32,0.43,0.01,0.2,0.2,0.2,2.0,2.0,38.0,2.0,0.05,6.0,3.0,0.05,1.0,0.7,0.22,0.0,1.0,3.0,1,1,2,0.14,0.14,1819
0.06,0.81,0.02,0.3,0.5,0.5,1.0,1.0,41.0,10.0,0.07,25.0,3.0,0.07,2.0,2.2,0.1,0.0,1.0,20.0,2,2,4,0.13,0.13,2122
0.0,0.96,0.01,0.1,0.1,0.1,1.0,1.0,29.0,2.0,0.05,9.0,2.0,0.05,2.0,0.5,0.21,1.0,2.0,8.0,0,0,0,0.0,0.0,2425
0.64,6.92,0.52,3.3,5.7,5.7,88.0,88.0,490.0,36.0,0.65,75.0,6.0,0.65,44.0,7.0,0.55,9.0,4.0,52.0,2,2,4,0.37,0.37,1819
0.54,7.51,0.65,14.6,20.0,20.0,257.0,257.0,1376.0,136.0,0.83,233.0,32.0,0.88,111.0,25.8,1.03,44.0,23.0,164.0,20,20,33,1.06,1.0,1920
0.33,6.67,0.36,6.2,8.0,8.0,186.0,186.0,890.0,77.0,0.67,148.0,18.0,0.78,76.0,14.9,0.81,25.0,15.0,102.0,12,12,18,0.81,0.72,2021
0.6,6.22,0.42,7.5,10.4,10.4,175.0,175.0,1027.0,87.0,0.66,152.0,14.0,0.66,65.0,16.1,0.57,20.0,10.0,105.0,8,8,23,0.94,0.94,2122
0.74,6.55,0.51,14.1,13.7,13.7,245.0,245.0,1041.0,96.0,0.72,176.0,31.0,0.72,96.0,19.3,1.15,16.0,24.0,120.0,16,16,23,0.86,0.86,2223
0.37,7.36,0.85,7.1,11.5,11.5,133.0,133.0,724.0,59.0,1.03,100.0,16.0,1.03,56.0,14.0,1.18,12.0,12.0,73.0,10,10,14,1.03,1.03,2324
0.27,4.09,0.19,3.9,4.4,4.4,67.0,67.0,507.0,47.0,0.26,96.0,9.0,0.26,34.0,6.2,0.38,7.0,8.0,74.0,5,5,7,0.3,0.3,1819
0.05,2.67,0.33,2.7,2.5,2.5,22.0,22.0,117.0,9.0,0.37,20.0,2.0,0.37,11.0,2.8,0.27,2.0,2.0,17.0,2,2,4,0.53,0.53,1920
0.05,2.47,0.07,2.1,1.6,1.6,24.0,24.0,281.0,15.0,0.13,53.0,6.0,0.13,17.0,2.7,0.28,2.0,6.0,50.0,1,1,1,0.05,0.05,2021
0.13,1.89,0.09,1.6,1.9,1.9,35.0,35.0,275.0,16.0,0.11,40.0,4.0,0.11,17.0,2.3,0.19,4.0,4.0,37.0,1,1,1,0.05,0.05,2122
0.0,2.69,0.07,1.1,1.0,1.0,15.0,15.0,169.0,12.0,0.14,41.0,5.0,0.14,14.0,2.2,0.33,2.0,5.0,39.0,2,2,4,0.26,0.26,2223
0.0,2.51,0.12,1.5,1.8,1.8,27.0,27.0,200.0,15.0,0.13,38.0,3.0,0.13,12.0,2.0,0.2,1.0,3.0,33.0,0,0,1,0.07,0.07,2324
0.04,1.98,0.07,1.3,2.0,2.0,144.0,144.0,341.0,19.0,0.36,54.0,5.0,0.39,4.0,9.7,0.18,22.0,1.0,34.0,2,2,8,0.29,0.29,1819
0.0,2.03,0.09,1.5,2.5,2.5,139.0,139.0,420.0,23.0,0.46,58.0,4.0,0.46,17.0,13.1,0.14,35.0,2.0,42.0,1,1,11,0.39,0.39,1920
0.08,1.92,0.14,0.6,1.9,1.9,100.0,100.0,223.0,12.0,0.36,27.0,4.0,0.36,5.0,5.1,0.28,17.0,2.0,18.0,0,0,2,0.14,0.14,2021
0.3,1.88,0.08,0.8,1.0,1.0,79.0,79.0,198.0,10.0,0.68,23.0,1.0,0.68,9.0,8.4,0.08,16.0,0.0,15.0,1,1,3,0.24,0.24,2021
0.11,2.82,0.16,1.2,2.1,2.1,104.0,104.0,237.0,15.0,0.41,37.0,7.0,0.41,13.0,5.4,0.53,7.0,6.0,26.0,4,4,6,0.46,0.46,2122
0.05,2.55,0.14,2.4,2.7,2.7,105.0,105.0,367.0,16.0,0.23,48.0,8.0,0.23,17.0,4.4,0.42,12.0,2.0,30.0,1,1,4,0.21,0.21,1920
0.0,2.3,0.06,2.3,1.0,1.0,80.0,80.0,378.0,14.0,0.09,42.0,2.0,0.09,25.0,1.6,0.11,9.0,2.0,31.0,1,1,1,0.05,0.05,2021
0.0,1.85,0.04,1.0,0.8,0.8,24.0,24.0,167.0,10.0,0.14,32.0,3.0,0.14,9.0,2.4,0.17,3.0,3.0,25.0,1,1,6,0.35,0.35,2021
0.0,4.24,0.29,1.4,1.7,1.7,40.0,40.0,122.0,13.0,0.32,25.0,4.0,0.32,16.0,1.9,0.68,7.0,4.0,22.0,3,3,4,0.68,0.68,2223
0.73,2.89,0.09,1.9,1.4,1.4,112.0,112.0,311.0,17.0,0.27,46.0,5.0,0.27,17.0,4.3,0.31,8.0,5.0,35.0,0,0,3,0.19,0.19,2324
0.12,2.6,0.1,0.9,0.9,0.9,63.0,63.0,169.0,7.0,0.32,24.0,3.0,0.33,5.0,2.9,0.32,19.0,1.0,9.0,1,1,5,0.54,0.54,2122
0.27,0.49,0.0,0.5,0.0,0.0,20.0,20.0,52.0,0.0,0.12,1.0,0.0,0.12,1.0,0.2,0.0,5.0,0.0,0.0,0,0,1,0.49,0.49,2223
0.08,3.22,0.19,0.7,0.7,0.7,23.0,23.0,73.0,4.0,0.52,12.0,3.0,0.52,3.0,1.9,0.81,5.0,2.0,8.0,1,1,3,0.81,0.81,2324
0.0,1.78,0.07,0.9,1.0,1.0,20.0,20.0,145.0,12.0,0.13,28.0,5.0,0.18,7.0,2.1,0.32,1.0,5.0,25.0,3,3,5,0.32,0.25,1920
0.0,4.68,0.16,2.0,2.2,2.2,42.0,42.0,296.0,26.0,0.22,66.0,8.0,0.22,16.0,3.1,0.57,4.0,6.0,42.0,4,4,4,0.28,0.28,1920
0.21,4.17,0.12,1.2,0.7,0.7,36.0,36.0,151.0,11.0,0.42,25.0,0.0,0.42,10.0,2.5,0.0,1.0,0.0,19.0,0,0,3,0.5,0.5,2021
0.1,7.05,0.24,2.4,1.1,1.1,39.0,39.0,144.0,14.0,0.53,33.0,2.0,0.53,11.0,2.5,0.43,1.0,2.0,22.0,1,1,2,0.43,0.43,2122
0.34,4.78,0.2,7.8,5.7,5.7,98.0,98.0,571.0,68.0,0.27,138.0,11.0,0.35,46.0,7.7,0.38,3.0,8.0,81.0,3,3,8,0.28,0.17,2223
0.0,1.57,0.01,0.4,0.1,0.1,12.0,12.0,43.0,2.0,0.05,23.0,4.0,0.05,11.0,0.8,0.27,0.0,4.0,23.0,0,0,0,0.0,0.0,2324
0.31,2.88,0.27,6.8,8.4,8.4,263.0,263.0,584.0,43.0,0.71,90.0,17.0,0.71,41.0,22.2,0.54,28.0,11.0,64.0,9,9,23,0.74,0.74,1819
0.23,3.39,0.25,4.1,5.8,5.8,175.0,175.0,406.0,34.0,0.76,77.0,15.0,0.76,19.0,17.3,0.66,24.0,10.0,54.0,7,7,17,0.75,0.75,1920
0.28,2.55,0.25,5.2,6.9,6.9,203.0,203.0,440.0,34.0,0.5,69.0,17.0,0.53,28.0,13.5,0.63,14.0,14.0,58.0,9,9,18,0.67,0.63,2122
0.27,2.54,0.23,1.3,1.6,1.6,60.0,60.0,133.0,14.0,0.47,18.0,4.0,0.47,8.0,3.3,0.56,5.0,3.0,16.0,2,2,5,0.7,0.7,2223
0.0,3.15,0.18,2.3,2.6,2.6,96.0,96.0,252.0,20.0,0.37,47.0,5.0,0.53,18.0,5.6,0.33,8.0,3.0,32.0,4,4,7,0.47,0.33,2324
0.0,2.04,0.08,1.5,1.2,1.2,80.0,80.0,298.0,10.0,0.11,30.0,2.0,0.11,11.0,1.6,0.14,1.0,2.0,24.0,1,1,1,0.07,0.07,2122
0.0,2.78,0.08,0.7,0.8,0.8,62.0,62.0,178.0,16.0,0.3,29.0,4.0,0.45,5.0,3.1,0.38,2.0,3.0,26.0,1,1,5,0.48,0.29,1819
0.0,3.16,0.04,0.3,0.3,0.3,40.0,40.0,124.0,7.0,0.23,21.0,2.0,0.23,1.0,1.6,0.3,1.0,2.0,19.0,0,0,1,0.15,0.15,1920
0.0,2.46,0.07,0.4,0.5,0.5,21.0,21.0,96.0,7.0,0.1,19.0,0.0,0.1,1.0,0.8,0.0,0.0,0.0,16.0,0,0,0,0.0,0.0,2122
0.0,1.67,0.04,0.5,0.5,0.5,47.0,47.0,139.0,8.0,0.21,19.0,0.0,0.21,4.0,2.4,0.0,4.0,0.0,10.0,0,0,3,0.26,0.26,2324
0.0,2.24,0.05,0.5,0.9,0.9,97.0,97.0,256.0,11.0,0.42,37.0,10.0,0.51,12.0,6.9,0.6,11.0,5.0,24.0,2,2,9,0.54,0.42,1819
0.2,4.86,0.27,6.6,7.7,7.7,291.0,291.0,976.0,54.0,0.51,136.0,24.0,0.56,46.0,14.2,0.86,84.0,10.0,90.0,10,10,22,0.79,0.71,2223
0.29,5.1,0.23,5.4,6.8,6.8,266.0,266.0,926.0,63.0,0.59,155.0,16.0,0.59,34.0,17.9,0.53,81.0,6.0,80.0,6,6,17,0.56,0.56,2324
0.09,1.39,0.01,0.9,0.2,0.2,17.0,17.0,132.0,5.0,0.07,23.0,9.0,0.07,13.0,1.2,0.54,3.0,6.0,17.0,0,0,2,0.12,0.12,2021
0.14,2.46,0.11,2.0,2.3,2.3,33.0,33.0,249.0,22.0,0.24,52.0,9.0,0.24,21.0,5.0,0.43,6.0,6.0,40.0,2,2,6,0.28,0.28,2122
0.04,2.97,0.18,4.1,5.1,5.1,77.0,77.0,396.0,36.0,0.29,84.0,7.0,0.29,24.0,8.3,0.25,18.0,5.0,57.0,4,4,6,0.21,0.21,2223
0.19,3.37,0.16,3.2,3.7,3.7,57.0,57.0,284.0,31.0,0.3,79.0,5.0,0.3,24.0,7.0,0.21,10.0,5.0,59.0,1,1,2,0.09,0.09,2324
0.0,2.7,0.07,1.0,1.0,1.0,12.0,12.0,173.0,16.0,0.09,39.0,3.0,0.09,8.0,1.2,0.21,1.0,2.0,22.0,1,1,1,0.07,0.07,1819
0.14,2.23,0.14,2.7,3.5,3.5,194.0,194.0,594.0,31.0,0.16,57.0,8.0,0.16,31.0,4.0,0.31,16.0,3.0,45.0,3,3,4,0.16,0.16,2021
0.15,1.36,0.04,0.4,0.3,0.3,31.0,31.0,183.0,4.0,0.08,12.0,4.0,0.08,9.0,0.7,0.45,3.0,4.0,10.0,1,1,1,0.11,0.11,2223
0.18,3.64,0.16,4.7,4.1,4.1,200.0,200.0,748.0,49.0,0.18,92.0,14.0,0.18,69.0,4.6,0.55,2.0,9.0,61.0,3,3,4,0.16,0.16,1819
0.0,2.31,0.06,0.5,0.3,0.3,8.0,8.0,79.0,7.0,0.1,11.0,1.0,0.1,5.0,0.5,0.21,1.0,1.0,2.0,0,0,2,0.42,0.42,2122
0.21,4.07,0.3,7.1,7.5,7.5,128.0,128.0,665.0,65.0,0.33,101.0,11.0,0.33,52.0,8.2,0.44,5.0,7.0,68.0,10,10,11,0.44,0.44,2324
0.34,3.04,0.13,2.6,3.3,3.3,91.0,91.0,443.0,39.0,0.22,78.0,9.0,0.22,23.0,5.6,0.35,16.0,6.0,61.0,2,2,4,0.16,0.16,2223
0.0,2.33,0.12,1.5,2.0,2.0,143.0,143.0,313.0,16.0,0.29,37.0,5.0,0.29,21.0,4.6,0.31,8.0,4.0,27.0,3,3,5,0.31,0.31,2021
0.41,2.18,0.05,0.6,0.5,0.5,92.0,92.0,270.0,5.0,0.21,21.0,2.0,0.21,8.0,2.0,0.21,5.0,0.0,12.0,0,0,2,0.21,0.21,2122
0.0,3.36,0.26,3.6,3.9,3.9,185.0,185.0,413.0,28.0,0.35,49.0,8.0,0.35,25.0,5.1,0.55,18.0,7.0,36.0,6,6,7,0.48,0.48,2223
0.29,3.56,0.14,0.4,0.5,0.5,41.0,41.0,98.0,5.0,0.2,12.0,1.0,0.2,6.0,0.7,0.3,5.0,1.0,9.0,0,0,0,0.0,0.0,2324
0.0,1.87,0.07,0.9,0.9,0.9,27.0,27.0,183.0,12.0,0.14,24.0,3.0,0.14,11.0,1.8,0.23,0.0,2.0,19.0,0,0,0,0.0,0.0,2021
0.08,3.12,0.13,0.4,0.8,0.8,20.0,20.0,118.0,6.0,0.31,18.0,0.0,0.31,4.0,1.8,0.0,1.0,0.0,12.0,0,0,2,0.35,0.35,2122
0.0,3.0,0.09,2.0,2.2,2.2,82.0,82.0,413.0,32.0,0.17,77.0,3.0,0.17,19.0,4.5,0.12,8.0,2.0,60.0,2,2,3,0.12,0.12,2223
0.0,2.91,0.06,0.9,0.6,0.6,42.0,42.0,155.0,7.0,0.26,27.0,1.0,0.26,6.0,2.4,0.11,3.0,1.0,20.0,0,0,1,0.11,0.11,2324
0.0,2.72,0.08,1.1,1.0,1.0,28.0,28.0,159.0,17.0,0.24,36.0,1.0,0.24,5.0,3.1,0.08,4.0,1.0,20.0,0,0,2,0.15,0.15,2425
0.08,0.73,0.03,0.8,0.5,0.5,16.0,16.0,122.0,5.0,0.08,13.0,0.0,0.08,6.0,1.4,0.0,1.0,0.0,9.0,0,0,3,0.17,0.17,2324
0.0,1.54,0.07,2.1,1.6,1.6,84.0,84.0,398.0,13.0,0.09,35.0,4.0,0.09,26.0,2.0,0.18,1.0,4.0,28.0,1,1,2,0.09,0.09,1819
0.21,1.49,0.06,1.8,1.4,1.4,81.0,81.0,427.0,18.0,0.06,37.0,4.0,0.06,27.0,1.5,0.16,4.0,0.0,29.0,0,0,0,0.0,0.0,1920
0.0,1.89,0.15,2.3,3.6,3.6,48.0,48.0,418.0,25.0,0.16,45.0,6.0,0.16,22.0,3.8,0.25,6.0,5.0,33.0,5,5,5,0.21,0.21,2122
0.0,0.55,0.0,0.1,0.1,0.1,2.0,2.0,38.0,3.0,0.05,18.0,1.0,0.06,0.0,1.7,0.03,0.0,0.0,13.0,0,0,2,0.06,0.06,1920
0.05,2.36,0.13,1.9,1.8,1.8,128.0,128.0,355.0,14.0,0.51,34.0,1.0,0.51,8.0,7.4,0.07,7.0,0.0,23.0,0,0,3,0.21,0.21,1819
0.06,1.99,0.05,0.5,1.0,1.0,124.0,124.0,431.0,11.0,0.35,39.0,3.0,0.35,4.0,7.0,0.15,5.0,2.0,22.0,1,1,6,0.31,0.31,1920
0.05,2.13,0.06,1.0,2.1,2.1,247.0,247.0,733.0,27.0,0.38,73.0,6.0,0.38,10.0,12.9,0.17,9.0,1.0,39.0,2,2,14,0.41,0.41,2021
0.0,2.42,0.1,1.9,2.0,2.0,144.0,144.0,387.0,21.0,0.38,50.0,4.0,0.42,15.0,8.0,0.19,10.0,3.0,34.0,1,1,6,0.29,0.24,2122
0.13,2.91,0.1,0.8,1.1,1.1,58.0,58.0,217.0,13.0,0.41,33.0,2.0,0.48,7.0,4.7,0.18,6.0,0.0,20.0,0,0,2,0.18,0.09,2223
0.0,2.53,0.13,1.4,2.0,2.0,97.0,97.0,280.0,18.0,0.56,40.0,6.0,0.61,8.0,8.9,0.38,12.0,3.0,26.0,2,2,5,0.32,0.32,2324
0.0,1.5,0.04,1.6,0.8,0.8,58.0,58.0,250.0,11.0,0.07,30.0,4.0,0.07,19.0,1.4,0.2,1.0,3.0,22.0,1,1,1,0.05,0.05,2324
0.18,4.25,0.26,3.9,4.0,4.0,244.0,244.0,529.0,28.0,0.52,65.0,8.0,0.52,35.0,8.0,0.52,32.0,6.0,45.0,4,4,10,0.65,0.65,1819
0.51,5.2,0.29,5.8,4.8,4.8,329.0,329.0,609.0,33.0,0.56,87.0,10.0,0.56,36.0,9.4,0.6,49.0,8.0,68.0,3,3,7,0.42,0.42,1920
0.13,5.29,0.33,7.2,6.4,6.4,268.0,268.0,681.0,45.0,0.55,103.0,16.0,0.55,43.0,10.6,0.82,43.0,11.0,77.0,10,10,15,0.77,0.77,2021
0.32,3.51,0.2,4.8,3.0,3.0,233.0,233.0,547.0,24.0,0.46,53.0,5.0,0.46,39.0,7.0,0.33,41.0,5.0,42.0,2,2,8,0.53,0.53,2122
0.24,5.43,0.35,6.5,5.5,5.5,296.0,296.0,615.0,42.0,0.65,85.0,11.0,0.65,44.0,10.1,0.7,44.0,7.0,67.0,5,5,13,0.83,0.83,2223
0.28,5.09,0.31,4.5,3.8,3.8,210.0,210.0,513.0,29.0,0.53,63.0,7.0,0.53,41.0,6.6,0.57,35.0,6.0,50.0,3,3,6,0.49,0.49,2324
0.13,1.59,0.05,0.9,0.6,0.6,44.0,44.0,181.0,6.0,0.1,20.0,3.0,0.1,11.0,1.2,0.24,0.0,1.0,14.0,1,1,1,0.08,0.08,2021
0.09,1.82,0.06,1.1,0.9,0.9,69.0,69.0,236.0,8.0,0.17,31.0,3.0,0.17,12.0,3.0,0.18,7.0,2.0,22.0,0,0,2,0.12,0.12,2223
0.04,2.17,0.07,0.5,0.7,0.7,44.0,44.0,139.0,8.0,0.19,23.0,2.0,0.19,7.0,2.0,0.19,7.0,2.0,14.0,1,1,1,0.09,0.09,2324
0.08,3.09,0.29,1.4,1.1,1.1,27.0,27.0,87.0,5.0,0.38,12.0,3.0,0.38,7.0,1.5,0.77,1.0,2.0,9.0,2,2,3,0.77,0.77,2122
0.0,0.96,0.01,0.6,0.2,0.2,7.0,7.0,74.0,5.0,0.09,17.0,3.0,0.09,3.0,1.5,0.17,1.0,3.0,16.0,0,0,3,0.17,0.17,2324
0.0,0.52,0.0,0.1,0.0,0.0,1.0,1.0,29.0,0.0,0.0,8.0,2.0,0.0,2.0,0.1,0.13,1.0,2.0,7.0,0,0,0,0.0,0.0,1819
0.0,0.53,0.01,0.1,0.2,0.2,15.0,15.0,49.0,4.0,0.03,9.0,1.0,0.03,2.0,0.4,0.06,0.0,1.0,9.0,0,0,1,0.06,0.06,2021
0.0,0.78,0.0,0.2,0.0,0.0,11.0,11.0,120.0,3.0,0.03,15.0,2.0,0.03,8.0,0.6,0.1,2.0,2.0,15.0,0,0,0,0.0,0.0,2122
0.0,0.67,0.0,0.3,0.1,0.1,13.0,13.0,90.0,2.0,0.04,18.0,1.0,0.04,5.0,1.1,0.04,0.0,1.0,16.0,0,0,1,0.04,0.04,2223
0.17,3.72,0.17,6.1,4.8,4.8,72.0,72.0,697.0,61.0,0.22,107.0,8.0,0.22,26.0,6.2,0.28,4.0,5.0,72.0,5,5,8,0.28,0.28,1819
0.06,3.47,0.19,4.8,5.8,5.8,83.0,83.0,587.0,57.0,0.28,104.0,11.0,0.28,25.0,8.4,0.37,3.0,9.0,67.0,5,5,9,0.3,0.3,1920
0.07,2.35,0.09,4.4,3.1,3.1,42.0,42.0,571.0,38.0,0.15,79.0,6.0,0.15,35.0,5.1,0.18,5.0,6.0,65.0,2,2,3,0.09,0.09,2021
0.11,2.4,0.05,1.9,1.5,1.5,53.0,53.0,422.0,26.0,0.09,67.0,11.0,0.09,26.0,2.4,0.39,1.0,11.0,59.0,2,2,3,0.11,0.11,2122
0.14,2.48,0.06,1.7,1.7,1.7,37.0,37.0,376.0,28.0,0.09,70.0,6.0,0.09,19.0,2.4,0.21,0.0,6.0,67.0,3,3,3,0.11,0.11,2223
0.05,2.06,0.13,3.0,3.6,3.6,26.0,26.0,334.0,26.0,0.15,57.0,11.0,0.15,33.0,4.1,0.4,1.0,11.0,52.0,4,4,4,0.14,0.14,2324
0.0,0.91,0.04,0.3,1.0,1.0,15.0,15.0,120.0,5.0,0.07,24.0,3.0,0.07,5.0,1.8,0.11,1.0,1.0,20.0,1,1,1,0.04,0.04,2324
0.26,2.07,0.1,2.4,2.1,2.1,104.0,104.0,384.0,20.0,0.23,43.0,2.0,0.23,26.0,4.7,0.1,14.0,2.0,35.0,1,1,2,0.1,0.1,1819
0.0,2.68,0.09,2.8,2.2,2.2,39.0,39.0,319.0,14.0,0.13,63.0,16.0,0.13,26.0,3.0,0.68,10.0,11.0,49.0,6,6,8,0.34,0.34,1920
0.29,1.07,0.0,0.0,0.0,0.0,5.0,5.0,24.0,0.0,0.22,1.0,0.0,0.22,0.0,0.2,0.0,0.0,0.0,1.0,0,0,0,0.0,0.0,2021
0.0,2.47,0.17,2.2,2.4,2.4,53.0,53.0,212.0,18.0,0.34,34.0,7.0,0.34,11.0,4.7,0.51,6.0,5.0,28.0,4,4,8,0.58,0.58,2122
0.15,2.52,0.14,1.7,2.3,2.3,52.0,52.0,249.0,16.0,0.29,41.0,5.0,0.29,17.0,4.7,0.31,10.0,4.0,34.0,0,0,3,0.18,0.18,2223
0.11,3.4,0.2,4.5,3.9,3.9,98.0,98.0,482.0,24.0,0.25,67.0,8.0,0.25,26.0,4.9,0.41,17.0,6.0,57.0,3,3,3,0.15,0.15,2324
0.0,0.8,0.02,0.5,0.3,0.3,2.0,2.0,88.0,5.0,0.11,13.0,1.0,0.11,5.0,1.8,0.06,1.0,1.0,10.0,0,0,0,0.0,0.0,2021
0.0,1.46,0.05,0.9,1.1,1.1,13.0,13.0,157.0,15.0,0.2,37.0,4.0,0.2,12.0,5.2,0.16,2.0,3.0,26.0,1,1,3,0.12,0.12,2223
0.0,0.6,0.01,0.1,0.2,0.2,2.0,2.0,34.0,3.0,0.08,10.0,0.0,0.08,1.0,1.4,0.0,1.0,0.0,7.0,0,0,1,0.06,0.06,2324
0.1,0.46,0.01,0.2,0.2,0.2,5.0,5.0,38.0,2.0,0.02,14.0,1.0,0.02,4.0,0.6,0.03,0.0,1.0,12.0,0,0,0,0.0,0.0,1920
0.0,0.69,0.03,0.2,0.5,0.5,1.0,1.0,26.0,6.0,0.04,13.0,3.0,0.04,1.0,0.8,0.16,1.0,2.0,12.0,2,2,2,0.1,0.1,2021
0.0,0.56,0.03,0.9,0.7,0.7,3.0,3.0,38.0,7.0,0.04,15.0,0.0,0.04,2.0,1.0,0.0,1.0,0.0,13.0,0,0,0,0.0,0.0,2122
0.0,1.17,0.08,0.3,0.9,0.9,3.0,3.0,29.0,8.0,0.17,13.0,1.0,0.17,1.0,1.9,0.09,0.0,0.0,10.0,0,0,1,0.09,0.09,2223
0.0,0.25,0.0,0.2,0.1,0.1,1.0,1.0,31.0,2.0,0.07,6.0,0.0,0.07,1.0,1.7,0.0,0.0,0.0,6.0,0,0,4,0.17,0.17,1920
0.0,0.86,0.01,0.3,0.3,0.3,1.0,1.0,26.0,5.0,0.04,22.0,2.0,0.04,5.0,1.1,0.08,1.0,0.0,14.0,0,0,0,0.0,0.0,2021
0.0,1.66,0.1,0.5,1.0,1.0,23.0,23.0,92.0,9.0,0.12,17.0,1.0,0.12,5.0,1.3,0.1,0.0,0.0,11.0,0,0,0,0.0,0.0,1819
0.06,3.17,0.07,0.6,0.3,0.3,17.0,17.0,48.0,4.0,0.09,14.0,1.0,0.09,4.0,0.4,0.23,1.0,1.0,11.0,0,0,1,0.23,0.23,1920
0.17,2.01,0.05,1.4,0.7,0.7,14.0,14.0,188.0,10.0,0.09,29.0,3.0,0.09,8.0,1.3,0.21,0.0,0.0,12.0,1,1,1,0.06,0.06,2122
0.47,4.31,0.27,1.9,2.7,2.7,109.0,109.0,332.0,25.0,0.34,42.0,3.0,0.34,16.0,3.3,0.31,7.0,2.0,26.0,2,2,2,0.21,0.21,2122
0.4,3.14,0.18,1.3,1.5,1.5,77.0,77.0,268.0,18.0,0.22,27.0,4.0,0.22,7.0,1.9,0.47,5.0,3.0,12.0,4,4,4,0.47,0.47,2223
0.09,1.11,0.05,0.9,0.7,0.7,19.0,19.0,121.0,7.0,0.09,18.0,0.0,0.09,8.0,1.5,0.0,2.0,0.0,15.0,0,0,1,0.06,0.06,2223
0.0,1.71,0.02,0.8,0.3,0.3,10.0,10.0,104.0,7.0,0.09,20.0,3.0,0.09,8.0,1.0,0.26,2.0,2.0,13.0,1,1,3,0.26,0.26,2324
0.18,2.18,0.12,0.8,1.1,1.1,8.0,8.0,136.0,8.0,0.18,19.0,5.0,0.19,4.0,1.6,0.57,0.0,4.0,13.0,2,2,3,0.34,0.34,2324
0.0,1.33,0.11,2.7,2.3,2.3,31.0,31.0,158.0,12.0,0.18,27.0,3.0,0.18,10.0,3.6,0.15,5.0,3.0,24.0,1,1,3,0.15,0.15,2324
0.0,2.37,0.08,0.4,1.4,1.4,107.0,107.0,307.0,15.0,0.51,42.0,2.0,0.6,8.0,9.0,0.11,10.0,1.0,25.0,0,0,13,0.73,0.62,1819
0.1,2.36,0.08,0.6,1.2,1.2,107.0,107.0,214.0,14.0,0.54,36.0,3.0,0.54,7.0,8.2,0.2,9.0,0.0,22.0,0,0,9,0.59,0.59,1819
0.06,2.12,0.13,0.5,1.7,1.7,67.0,67.0,200.0,17.0,0.5,28.0,2.0,0.68,3.0,6.6,0.15,7.0,0.0,20.0,0,0,4,0.3,0.08,1920
0.0,1.38,0.06,0.8,1.1,1.1,105.0,105.0,240.0,10.0,0.37,25.0,3.0,0.41,5.0,6.6,0.17,8.0,3.0,21.0,1,1,8,0.44,0.44,2021
0.0,1.56,0.0,0.0,0.0,0.0,23.0,23.0,58.0,0.0,0.46,6.0,1.0,0.46,0.0,1.8,0.26,2.0,0.0,2.0,0,0,1,0.26,0.26,2122
0.21,1.72,0.11,0.8,0.9,0.9,33.0,33.0,118.0,6.0,0.45,14.0,2.0,0.55,5.0,3.7,0.25,1.0,1.0,10.0,0,0,3,0.37,0.37,2122
0.09,1.27,0.07,0.4,0.2,0.2,27.0,27.0,67.0,3.0,0.12,4.0,1.0,0.12,4.0,0.4,0.32,7.0,1.0,4.0,0,0,1,0.32,0.32,2122
0.15,2.95,0.15,3.9,3.4,3.4,229.0,229.0,560.0,26.0,0.35,68.0,7.0,0.35,35.0,8.0,0.3,28.0,2.0,44.0,2,2,6,0.26,0.26,2223
0.0,0.62,0.01,0.6,0.4,0.4,4.0,4.0,84.0,6.0,0.06,18.0,3.0,0.06,4.0,1.8,0.1,0.0,3.0,15.0,2,2,4,0.14,0.14,1819
0.0,0.58,0.01,0.4,0.2,0.2,2.0,2.0,53.0,1.0,0.05,15.0,1.0,0.05,1.0,1.3,0.04,0.0,1.0,13.0,0,0,0,0.0,0.0,1920
0.0,0.62,0.0,0.6,0.1,0.1,8.0,8.0,78.0,4.0,0.09,14.0,0.0,0.09,2.0,2.1,0.0,0.0,0.0,11.0,0,0,5,0.22,0.22,2021
0.0,0.41,0.0,0.1,0.1,0.1,1.0,1.0,35.0,1.0,0.1,9.0,2.0,0.1,2.0,2.3,0.09,0.0,1.0,7.0,0,0,2,0.09,0.09,2223
0.14,2.93,0.06,2.7,1.8,1.8,153.0,153.0,579.0,32.0,0.07,87.0,2.0,0.07,40.0,2.1,0.07,12.0,2.0,73.0,1,1,1,0.03,0.03,1819
0.0,2.82,0.05,0.3,0.4,0.4,54.0,54.0,156.0,11.0,0.07,20.0,4.0,0.07,3.0,0.5,0.56,9.0,3.0,17.0,1,1,1,0.14,0.14,1920
0.0,2.5,0.08,0.8,0.8,0.8,83.0,83.0,260.0,13.0,0.24,26.0,0.0,0.24,12.0,2.5,0.0,4.0,0.0,16.0,0,0,2,0.19,0.19,1819
0.0,3.06,0.14,1.0,1.0,1.0,62.0,62.0,170.0,12.0,0.42,23.0,4.0,0.42,10.0,3.1,0.53,8.0,1.0,14.0,0,0,2,0.27,0.27,1920
0.15,2.11,0.06,2.4,1.9,1.9,92.0,92.0,642.0,24.0,0.09,65.0,5.0,0.09,21.0,2.7,0.16,17.0,5.0,60.0,1,1,2,0.06,0.06,1819
0.05,1.99,0.06,2.9,1.5,1.5,121.0,121.0,575.0,18.0,0.1,53.0,6.0,0.1,24.0,2.7,0.23,12.0,6.0,43.0,4,4,5,0.19,0.19,1920
0.1,1.53,0.03,0.8,0.6,0.6,71.0,71.0,419.0,7.0,0.04,33.0,3.0,0.04,12.0,0.9,0.14,6.0,3.0,27.0,1,1,2,0.09,0.09,2021
0.13,1.15,0.01,0.9,0.2,0.2,75.0,75.0,370.0,6.0,0.03,25.0,3.0,0.03,10.0,0.7,0.14,2.0,3.0,22.0,0,0,0,0.0,0.0,2223
0.0,2.02,0.09,3.2,2.6,2.6,172.0,172.0,749.0,25.0,0.1,62.0,11.0,0.1,32.0,3.0,0.36,7.0,9.0,57.0,4,4,4,0.13,0.13,2324
0.0,1.58,0.04,1.3,0.4,0.4,11.0,11.0,228.0,7.0,0.05,17.0,0.0,0.05,7.0,0.6,0.0,0.0,0.0,17.0,0,0,0,0.0,0.0,2425
0.0,2.39,0.09,3.4,2.7,2.7,165.0,165.0,608.0,24.0,0.13,70.0,9.0,0.13,36.0,3.8,0.31,33.0,5.0,49.0,2,2,3,0.1,0.1,2122
0.06,1.8,0.05,2.5,1.4,1.4,114.0,114.0,520.0,15.0,0.08,53.0,3.0,0.08,28.0,2.5,0.1,19.0,1.0,33.0,0,0,1,0.03,0.03,2223
0.27,4.6,0.35,7.2,8.1,8.1,282.0,282.0,599.0,51.0,0.95,107.0,15.0,0.95,32.0,22.1,0.64,52.0,9.0,68.0,8,8,21,0.9,0.9,1718
0.3,4.65,0.21,5.4,5.4,5.4,311.0,311.0,725.0,47.0,1.22,121.0,23.0,1.28,50.0,31.8,0.88,58.0,15.0,80.0,7,7,40,1.54,1.5,1819
0.26,5.59,0.57,8.8,9.5,9.5,260.0,260.0,586.0,39.0,1.49,94.0,12.0,1.49,29.0,25.1,0.71,66.0,9.0,59.0,5,5,23,1.37,1.37,1920
0.51,4.08,0.18,5.4,4.8,4.8,345.0,345.0,941.0,33.0,0.84,108.0,27.0,1.02,33.0,22.2,1.02,85.0,13.0,69.0,7,7,34,1.29,1.06,2021
0.16,5.39,0.38,9.1,12.6,12.6,449.0,449.0,1247.0,70.0,0.99,181.0,40.0,1.08,58.0,33.4,1.19,103.0,21.0,115.0,17,17,45,1.34,1.22,2122
0.29,4.57,0.23,9.4,7.4,7.4,468.0,468.0,1149.0,55.0,0.94,143.0,23.0,1.07,76.0,29.5,0.73,86.0,12.0,96.0,5,5,34,1.09,0.99,2223
0.09,4.09,0.24,5.2,5.7,5.7,285.0,285.0,801.0,40.0,0.84,98.0,20.0,1.11,44.0,20.2,0.83,66.0,12.0,69.0,7,7,34,1.42,1.17,2324
0.11,2.9,0.21,3.4,3.7,3.7,141.0,141.0,336.0,25.0,0.7,52.0,6.0,0.7,17.0,12.5,0.33,24.0,4.0,42.0,1,1,7,0.39,0.39,1819
0.08,1.59,0.16,2.2,2.9,2.9,121.0,121.0,281.0,12.0,0.42,28.0,5.0,0.47,9.0,7.4,0.28,15.0,4.0,21.0,2,2,8,0.46,0.46,1920
0.11,1.34,0.07,0.7,0.9,0.9,68.0,68.0,171.0,5.0,0.39,16.0,2.0,0.39,4.0,4.7,0.17,4.0,2.0,9.0,1,1,5,0.42,0.42,2021
0.0,2.53,0.11,3.4,3.0,3.0,225.0,225.0,570.0,28.0,0.53,67.0,9.0,0.62,23.0,13.9,0.34,31.0,6.0,57.0,3,3,14,0.53,0.49,2122
0.13,2.49,0.14,3.4,3.3,3.3,158.0,158.0,454.0,25.0,0.42,58.0,3.0,0.49,23.0,9.8,0.13,17.0,0.0,44.0,0,0,10,0.43,0.39,2223
0.0,2.34,0.1,1.8,2.0,2.0,138.0,138.0,419.0,22.0,0.12,47.0,3.0,0.12,27.0,2.4,0.15,14.0,3.0,38.0,2,2,2,0.1,0.1,1819
0.0,1.82,0.06,0.9,1.0,1.0,97.0,97.0,294.0,14.0,0.17,30.0,3.0,0.17,11.0,2.8,0.18,9.0,2.0,24.0,1,1,2,0.12,0.12,1819
0.0,2.19,0.02,0.4,0.3,0.3,7.0,7.0,89.0,6.0,0.04,40.0,0.0,0.04,5.0,0.7,0.0,1.0,0.0,31.0,0,0,0,0.0,0.0,1920
0.11,1.68,0.03,0.3,0.4,0.4,6.0,6.0,54.0,11.0,0.11,23.0,2.0,0.11,1.0,1.5,0.15,1.0,1.0,21.0,0,0,0,0.0,0.0,2122
0.09,2.79,0.05,0.3,0.3,0.3,30.0,30.0,72.0,6.0,0.06,15.0,0.0,0.06,4.0,0.3,0.0,0.0,0.0,11.0,0,0,0,0.0,0.0,1819
0.0,2.94,0.13,3.3,2.8,2.8,106.0,106.0,407.0,33.0,0.18,63.0,4.0,0.18,19.0,3.9,0.19,6.0,3.0,36.0,2,2,3,0.14,0.14,1920
0.0,2.13,0.04,0.9,0.5,0.5,56.0,56.0,239.0,11.0,0.11,26.0,2.0,0.11,13.0,1.3,0.16,0.0,1.0,19.0,1,1,2,0.16,0.16,2021
0.0,6.59,0.16,0.1,0.1,0.1,7.0,7.0,29.0,3.0,0.4,6.0,0.0,0.4,0.0,0.4,0.0,0.0,0.0,5.0,0,0,0,0.0,0.0,1819
0.17,1.86,0.05,0.5,0.4,0.4,68.0,68.0,171.0,5.0,0.2,13.0,2.0,0.2,5.0,1.4,0.29,8.0,2.0,10.0,1,1,2,0.29,0.29,1819
0.0,2.38,0.11,0.8,0.7,0.7,53.0,53.0,105.0,3.0,0.36,14.0,2.0,0.36,4.0,2.1,0.34,4.0,1.0,7.0,1,1,2,0.34,0.34,1920
0.0,2.96,0.19,1.6,2.3,2.3,62.0,62.0,222.0,17.0,0.23,35.0,4.0,0.23,19.0,2.7,0.34,8.0,4.0,24.0,3,3,3,0.25,0.25,1819
0.0,2.23,0.12,0.9,1.4,1.4,42.0,42.0,174.0,9.0,0.17,26.0,0.0,0.17,15.0,2.0,0.0,2.0,0.0,23.0,0,0,1,0.09,0.09,1920
0.0,1.53,0.0,0.0,0.0,0.0,17.0,17.0,44.0,0.0,0.28,3.0,0.0,0.28,0.0,0.6,0.0,8.0,0.0,1.0,0,0,0,0.0,0.0,2122
0.15,4.14,0.13,1.2,1.9,1.9,136.0,136.0,316.0,24.0,0.37,62.0,3.0,0.37,17.0,5.5,0.2,35.0,2.0,30.0,4,4,6,0.4,0.4,2324
0.0,1.45,0.05,0.5,1.2,1.2,23.0,23.0,211.0,19.0,0.16,35.0,3.0,0.16,10.0,3.8,0.12,0.0,3.0,27.0,1,1,2,0.08,0.08,2021
0.0,0.49,0.03,0.6,0.4,0.4,3.0,3.0,39.0,4.0,0.07,8.0,0.0,0.07,6.0,1.1,0.0,0.0,0.0,6.0,0,0,1,0.06,0.06,1920
0.41,4.41,0.25,6.5,6.2,6.2,350.0,350.0,923.0,38.0,0.47,108.0,18.0,0.47,52.0,11.4,0.74,57.0,12.0,64.0,5,5,10,0.41,0.41,2324
0.07,1.99,0.09,2.1,1.3,1.3,65.0,65.0,229.0,14.0,0.16,30.0,5.0,0.16,8.0,2.5,0.33,2.0,5.0,23.0,4,4,5,0.33,0.33,1819
0.19,2.36,0.09,1.1,1.3,1.3,49.0,49.0,247.0,18.0,0.15,36.0,2.0,0.15,12.0,2.3,0.13,4.0,2.0,27.0,1,1,3,0.2,0.2,1920
0.19,3.88,0.15,2.0,2.5,2.5,104.0,104.0,303.0,22.0,0.29,65.0,9.0,0.29,17.0,4.8,0.54,0.0,6.0,52.0,1,1,4,0.24,0.24,1819
0.37,4.33,0.29,3.1,4.6,4.6,94.0,94.0,288.0,27.0,0.65,69.0,14.0,0.74,12.0,10.3,0.88,6.0,11.0,56.0,3,3,12,0.75,0.63,1920
0.28,3.9,0.22,2.9,4.8,4.8,111.0,111.0,415.0,45.0,0.43,85.0,13.0,0.68,22.0,9.4,0.6,2.0,8.0,62.0,8,8,22,1.01,0.73,2021
0.36,3.54,0.2,2.6,3.6,3.6,96.0,96.0,295.0,30.0,0.46,64.0,7.0,0.54,24.0,8.3,0.39,5.0,7.0,53.0,5,5,9,0.5,0.5,2122
0.0,0.85,0.03,0.6,0.6,0.6,21.0,21.0,168.0,7.0,0.09,16.0,2.0,0.09,4.0,1.7,0.11,2.0,2.0,14.0,1,1,2,0.11,0.11,2021
0.09,1.66,0.01,0.6,0.3,0.3,38.0,38.0,229.0,10.0,0.05,43.0,1.0,0.05,8.0,1.2,0.04,1.0,1.0,32.0,0,0,0,0.0,0.0,2122
0.04,1.74,0.06,1.5,1.8,1.8,59.0,59.0,245.0,20.0,0.08,56.0,10.0,0.08,10.0,2.6,0.31,7.0,10.0,51.0,3,3,6,0.19,0.19,2223
0.0,1.73,0.04,0.9,0.8,0.8,38.0,38.0,201.0,11.0,0.06,40.0,0.0,0.06,6.0,1.4,0.0,1.0,0.0,35.0,1,1,1,0.04,0.04,2324
0.03,1.27,0.05,1.1,1.3,1.3,14.0,14.0,151.0,14.0,0.07,33.0,1.0,0.07,11.0,1.8,0.04,0.0,1.0,27.0,1,1,1,0.04,0.04,2223
0.0,0.61,0.01,0.2,0.2,0.2,3.0,3.0,23.0,2.0,0.1,9.0,0.0,0.1,0.0,1.5,0.0,0.0,0.0,8.0,0,0,3,0.2,0.2,1819
0.1,0.89,0.05,1.4,1.1,1.1,3.0,3.0,28.0,7.0,0.11,22.0,3.0,0.11,3.0,2.7,0.12,0.0,2.0,18.0,2,2,2,0.08,0.08,2021
0.21,3.38,0.09,1.9,2.5,2.5,222.0,222.0,591.0,30.0,0.54,92.0,15.0,0.63,17.0,14.8,0.55,30.0,6.0,49.0,3,3,17,0.62,0.55,1920
0.12,3.02,0.2,3.0,5.7,5.7,187.0,187.0,535.0,38.0,0.68,86.0,15.0,0.73,19.0,19.3,0.53,26.0,10.0,56.0,6,6,23,0.81,0.74,2021
0.21,2.88,0.13,1.9,3.2,3.2,149.0,149.0,485.0,28.0,0.79,73.0,10.0,0.95,15.0,19.9,0.39,17.0,3.0,44.0,3,3,24,0.95,0.83,2122
0.1,3.28,0.19,2.9,5.4,5.4,172.0,172.0,536.0,46.0,0.76,94.0,16.0,0.82,25.0,21.9,0.56,22.0,9.0,65.0,6,6,27,0.94,0.91,2223
0.11,3.46,0.12,2.0,3.6,3.6,172.0,172.0,564.0,36.0,0.64,102.0,16.0,0.72,21.0,18.8,0.54,28.0,7.0,71.0,3,3,27,0.91,0.85,2324
0.18,1.27,0.08,1.6,1.6,1.6,152.0,152.0,365.0,12.0,0.15,24.0,1.0,0.15,8.0,2.9,0.05,7.0,1.0,18.0,1,1,3,0.16,0.16,1718
0.0,1.87,0.28,1.9,3.1,3.1,110.0,110.0,251.0,12.0,0.37,21.0,2.0,0.37,9.0,4.2,0.18,8.0,2.0,17.0,2,2,3,0.27,0.27,1819
0.07,1.26,0.04,0.7,0.4,0.4,80.0,80.0,218.0,2.0,0.13,12.0,3.0,0.13,7.0,1.2,0.31,2.0,1.0,8.0,0,0,1,0.1,0.1,1920
0.0,1.48,0.11,0.9,1.5,1.5,121.0,121.0,315.0,10.0,0.17,21.0,2.0,0.17,15.0,2.5,0.14,3.0,1.0,15.0,1,1,2,0.14,0.14,2021
0.19,7.35,0.23,1.3,1.3,1.3,29.0,29.0,158.0,19.0,0.42,40.0,5.0,0.42,6.0,2.3,0.92,5.0,0.0,20.0,2,2,4,0.73,0.73,2122
0.08,4.77,0.18,2.9,3.7,3.7,65.0,65.0,381.0,48.0,0.3,98.0,10.0,0.3,21.0,6.1,0.49,7.0,4.0,54.0,4,4,9,0.44,0.44,2223
0.08,4.7,0.21,5.0,5.5,5.5,91.0,91.0,487.0,62.0,0.31,124.0,6.0,0.34,15.0,8.3,0.23,8.0,1.0,62.0,2,2,8,0.3,0.27,2324
0.0,0.74,0.02,0.5,0.7,0.7,39.0,39.0,196.0,9.0,0.08,23.0,1.0,0.08,3.0,2.5,0.03,1.0,1.0,21.0,0,0,4,0.13,0.13,1920
0.09,1.65,0.03,0.9,0.7,0.7,31.0,31.0,227.0,17.0,0.14,46.0,6.0,0.14,8.0,3.9,0.22,4.0,4.0,39.0,0,0,1,0.04,0.04,2021
0.0,1.25,0.05,0.4,1.1,1.1,45.0,45.0,203.0,11.0,0.15,27.0,7.0,0.15,4.0,3.3,0.32,0.0,5.0,25.0,2,2,4,0.18,0.18,2122
0.0,1.68,0.02,0.0,0.0,0.0,3.0,3.0,21.0,2.0,0.29,4.0,0.0,0.29,1.0,0.7,0.0,0.0,0.0,3.0,0,0,0,0.0,0.0,2223
0.08,1.82,0.03,0.4,0.3,0.3,13.0,13.0,78.0,6.0,0.07,19.0,3.0,0.07,1.0,0.7,0.29,2.0,3.0,15.0,2,2,2,0.19,0.19,1920
0.1,1.17,0.1,2.1,2.7,2.7,42.0,42.0,256.0,18.0,0.28,30.0,2.0,0.28,9.0,7.1,0.08,1.0,2.0,24.0,2,2,4,0.16,0.16,2021
0.13,1.61,0.14,1.6,2.7,2.7,53.0,53.0,231.0,15.0,0.26,32.0,4.0,0.26,15.0,5.1,0.2,1.0,2.0,19.0,2,2,3,0.15,0.15,2122
0.03,1.98,0.09,1.3,2.2,2.2,49.0,49.0,231.0,16.0,0.25,47.0,9.0,0.25,5.0,6.1,0.38,2.0,6.0,32.0,3,3,7,0.29,0.29,2223
0.06,0.58,0.03,0.7,0.8,0.8,13.0,13.0,166.0,7.0,0.1,18.0,2.0,0.1,10.0,3.1,0.06,2.0,0.0,12.0,0,0,2,0.06,0.06,1819
0.06,1.18,0.05,1.3,1.5,1.5,8.0,8.0,125.0,14.0,0.13,35.0,3.0,0.13,12.0,3.7,0.1,1.0,3.0,26.0,1,1,1,0.03,0.03,2223
0.14,3.1,0.04,0.5,0.3,0.3,8.0,8.0,108.0,5.0,0.1,28.0,3.0,0.1,5.0,0.9,0.33,0.0,2.0,25.0,0,0,0,0.0,0.0,1920
0.21,2.28,0.09,1.4,1.4,1.4,8.0,8.0,180.0,11.0,0.17,33.0,4.0,0.17,11.0,2.5,0.28,0.0,4.0,28.0,2,2,3,0.21,0.21,2021
1.73,2.04,0.04,0.5,0.4,0.4,3.0,3.0,85.0,7.0,0.08,19.0,5.0,0.08,3.0,0.8,0.54,0.0,2.0,16.0,2,2,3,0.32,0.32,2122
0.17,4.24,0.18,2.5,1.9,1.9,11.0,11.0,161.0,21.0,0.23,46.0,3.0,0.23,12.0,2.5,0.28,2.0,3.0,28.0,0,0,1,0.09,0.09,2223
0.07,2.73,0.08,2.5,2.3,2.3,19.0,19.0,322.0,27.0,0.11,80.0,9.0,0.19,16.0,3.2,0.31,3.0,4.0,51.0,5,5,8,0.27,0.17,2324
0.1,3.79,0.17,5.9,4.9,4.9,219.0,219.0,725.0,50.0,0.33,110.0,11.0,0.33,58.0,9.5,0.38,20.0,6.0,80.0,5,5,10,0.35,0.35,2021
0.97,3.63,0.15,4.9,4.8,4.8,222.0,222.0,834.0,47.0,0.34,113.0,13.0,0.37,53.0,10.7,0.42,43.0,8.0,82.0,3,3,11,0.35,0.32,2122
0.14,3.29,0.46,3.9,4.7,4.7,102.0,102.0,331.0,22.0,0.63,34.0,9.0,0.63,30.0,6.6,0.87,10.0,8.0,23.0,10,10,11,1.06,1.06,2223
0.25,3.55,0.15,3.2,2.8,2.8,155.0,155.0,502.0,24.0,0.58,65.0,6.0,0.58,29.0,10.7,0.33,27.0,1.0,46.0,1,1,13,0.71,0.71,2324
0.26,1.63,0.07,1.2,1.4,1.4,164.0,164.0,295.0,15.0,0.39,32.0,4.0,0.43,5.0,7.6,0.2,13.0,2.0,25.0,2,2,11,0.56,0.51,1819
0.0,2.23,0.14,1.2,1.7,1.7,101.0,101.0,199.0,10.0,0.54,26.0,3.0,0.54,8.0,6.3,0.26,11.0,3.0,21.0,3,3,6,0.52,0.52,1920
0.0,1.03,0.08,0.2,0.5,0.5,39.0,39.0,75.0,6.0,0.3,6.0,1.0,0.44,0.0,1.7,0.17,4.0,0.0,4.0,0,0,2,0.34,0.17,2122
0.0,1.24,0.02,0.1,0.1,0.1,30.0,30.0,71.0,1.0,0.23,6.0,1.0,0.23,1.0,1.1,0.21,2.0,1.0,3.0,0,0,3,0.62,0.62,2223
0.13,2.76,0.13,3.6,2.8,2.8,103.0,103.0,375.0,27.0,0.34,58.0,11.0,0.34,26.0,7.1,0.52,9.0,8.0,47.0,5,5,12,0.57,0.57,2223
0.2,2.81,0.14,2.2,3.4,3.4,121.0,121.0,363.0,32.0,0.35,66.0,7.0,0.35,10.0,8.3,0.3,4.0,3.0,56.0,3,3,9,0.38,0.38,2324
0.29,3.37,0.07,1.0,0.4,0.4,28.0,28.0,129.0,6.0,0.25,17.0,2.0,0.25,5.0,1.3,0.4,2.0,2.0,14.0,0,0,2,0.4,0.4,1920
0.13,3.78,0.18,2.3,2.5,2.5,41.0,41.0,262.0,22.0,0.26,53.0,5.0,0.26,16.0,3.6,0.36,5.0,4.0,40.0,4,4,4,0.29,0.29,2021
0.19,3.83,0.13,2.6,2.1,2.1,64.0,64.0,337.0,22.0,0.23,60.0,4.0,0.23,13.0,3.6,0.26,5.0,1.0,31.0,2,2,3,0.19,0.19,2122
0.25,3.6,0.17,5.0,5.4,5.4,139.0,139.0,598.0,54.0,0.34,113.0,13.0,0.34,30.0,10.8,0.41,14.0,5.0,49.0,6,6,12,0.38,0.38,2223
0.32,4.18,0.14,4.2,2.3,2.3,150.0,150.0,559.0,27.0,0.23,68.0,9.0,0.23,31.0,3.7,0.55,17.0,7.0,48.0,4,4,7,0.43,0.43,2324
0.0,2.4,0.05,0.3,0.2,0.2,13.0,13.0,75.0,4.0,0.07,10.0,2.0,0.07,2.0,0.3,0.48,0.0,1.0,3.0,0,0,0,0.0,0.0,1819
0.0,0.79,0.04,1.3,1.1,1.1,17.0,17.0,113.0,8.0,0.07,20.0,2.0,0.07,6.0,1.8,0.08,0.0,2.0,16.0,1,1,2,0.08,0.08,2324
0.0,0.61,0.02,0.6,0.3,0.3,34.0,34.0,185.0,4.0,0.04,8.0,0.0,0.04,11.0,0.5,0.0,1.0,0.0,7.0,0,0,1,0.08,0.08,2021
0.0,0.51,0.0,0.3,0.1,0.1,3.0,3.0,35.0,2.0,0.06,15.0,3.0,0.06,1.0,1.7,0.1,0.0,1.0,9.0,0,0,2,0.07,0.07,2324
0.0,2.42,0.2,3.6,4.5,4.5,157.0,157.0,456.0,26.0,0.24,55.0,7.0,0.24,28.0,5.4,0.31,14.0,7.0,41.0,6,6,7,0.31,0.31,1819
0.0,3.91,0.2,7.9,6.6,6.6,239.0,239.0,887.0,67.0,0.24,126.0,10.0,0.24,61.0,7.7,0.31,19.0,4.0,70.0,4,4,6,0.19,0.19,2021
0.0,0.92,0.01,0.6,0.2,0.2,2.0,2.0,32.0,2.0,0.04,12.0,0.0,0.04,1.0,0.5,0.0,1.0,0.0,10.0,0,0,0,0.0,0.0,2122
0.0,0.61,0.0,0.3,0.1,0.1,3.0,3.0,57.0,3.0,0.04,11.0,0.0,0.04,4.0,0.7,0.0,0.0,0.0,10.0,0,0,1,0.06,0.06,2324
0.25,4.23,0.21,4.7,4.4,4.4,240.0,240.0,626.0,47.0,0.44,90.0,3.0,0.44,33.0,9.5,0.14,26.0,2.0,54.0,1,1,6,0.28,0.28,1819
0.34,3.47,0.18,2.8,2.2,2.2,132.0,132.0,327.0,21.0,0.54,42.0,9.0,0.54,22.0,6.5,0.74,19.0,5.0,23.0,3,3,8,0.66,0.66,1920
0.24,4.2,0.25,6.6,6.0,6.0,254.0,254.0,702.0,48.0,0.51,100.0,13.0,0.51,37.0,12.2,0.55,43.0,7.0,57.0,8,8,17,0.71,0.71,2021
0.39,2.84,0.22,4.8,4.8,4.8,182.0,182.0,456.0,30.0,0.46,62.0,8.0,0.46,21.0,10.1,0.37,38.0,5.0,40.0,4,4,8,0.37,0.37,2223
0.16,4.22,0.4,7.3,9.2,9.2,226.0,226.0,589.0,52.0,0.67,97.0,11.0,0.67,51.0,15.5,0.48,41.0,7.0,70.0,9,9,19,0.83,0.83,2324
0.3,2.23,0.11,2.0,2.5,2.5,79.0,79.0,338.0,18.0,0.39,50.0,7.0,0.39,16.0,8.8,0.31,8.0,5.0,37.0,4,4,12,0.53,0.53,1819
0.26,3.63,0.18,2.7,2.9,2.9,63.0,63.0,292.0,21.0,0.5,61.0,14.0,0.5,23.0,8.5,0.83,4.0,9.0,51.0,5,5,11,0.65,0.65,1920
0.19,2.8,0.15,4.3,2.8,2.8,42.0,42.0,319.0,19.0,0.34,53.0,14.0,0.34,21.0,6.5,0.74,9.0,10.0,39.0,5,5,10,0.53,0.53,2021
0.28,2.55,0.12,2.5,2.3,2.3,62.0,62.0,312.0,21.0,0.37,49.0,6.0,0.37,19.0,7.1,0.31,6.0,2.0,36.0,2,2,5,0.26,0.26,2223
0.07,2.85,0.21,4.7,5.3,5.3,71.0,71.0,435.0,32.0,0.41,71.0,12.0,0.41,27.0,10.2,0.48,1.0,12.0,64.0,7,7,13,0.52,0.52,2324
0.0,1.07,0.01,0.5,0.2,0.2,6.0,6.0,73.0,5.0,0.04,27.0,3.0,0.04,3.0,1.0,0.12,0.0,2.0,24.0,0,0,2,0.08,0.08,2324
0.0,4.46,0.24,2.1,2.8,2.8,66.0,66.0,247.0,22.0,0.46,53.0,6.0,0.46,14.0,5.4,0.51,5.0,5.0,37.0,3,3,4,0.34,0.34,1819
0.06,3.72,0.11,3.2,2.4,2.4,162.0,162.0,499.0,33.0,0.25,78.0,4.0,0.25,26.0,5.3,0.19,10.0,2.0,50.0,2,2,6,0.29,0.29,1920
0.11,3.03,0.06,1.5,1.0,1.0,106.0,106.0,308.0,17.0,0.27,51.0,4.0,0.32,15.0,4.6,0.24,6.0,1.0,28.0,1,1,5,0.3,0.24,2021
0.11,2.21,0.15,2.4,2.7,2.7,93.0,93.0,303.0,15.0,0.22,40.0,3.0,0.22,26.0,4.0,0.17,7.0,2.0,25.0,2,2,5,0.28,0.28,2223
0.09,2.63,0.17,2.7,2.9,2.9,74.0,74.0,296.0,26.0,0.3,46.0,3.0,0.3,20.0,5.2,0.17,5.0,2.0,43.0,2,2,3,0.17,0.17,2324
0.0,0.87,0.03,1.1,0.8,0.8,4.0,4.0,50.0,8.0,0.1,24.0,2.0,0.1,15.0,2.9,0.07,2.0,2.0,22.0,0,0,3,0.11,0.11,1819
0.0,0.44,0.02,0.6,0.4,0.4,4.0,4.0,64.0,3.0,0.13,10.0,1.0,0.13,6.0,3.0,0.04,1.0,1.0,8.0,0,0,2,0.09,0.09,2021
0.0,0.81,0.03,0.4,0.7,0.7,0.0,0.0,47.0,11.0,0.14,18.0,2.0,0.24,3.0,3.1,0.09,0.0,2.0,17.0,0,0,5,0.22,0.09,2122
0.0,0.92,0.02,0.3,0.2,0.2,1.0,1.0,10.0,4.0,0.05,9.0,1.0,0.13,4.0,0.5,0.1,0.0,0.0,7.0,0,0,1,0.1,0.1,2223
0.0,1.52,0.01,0.4,0.1,0.1,3.0,3.0,101.0,3.0,0.06,13.0,0.0,0.06,7.0,0.5,0.0,2.0,0.0,12.0,0,0,0,0.0,0.0,1819
0.0,1.94,0.05,1.1,1.6,1.6,191.0,191.0,495.0,25.0,0.42,59.0,4.0,0.42,11.0,12.9,0.13,4.0,2.0,45.0,1,1,17,0.56,0.56,1819
0.06,1.7,0.06,0.6,1.1,1.1,65.0,65.0,213.0,12.0,0.47,30.0,4.0,0.47,6.0,8.3,0.23,3.0,1.0,17.0,3,3,7,0.4,0.4,2021
0.14,1.6,0.07,0.9,1.1,1.1,82.0,82.0,287.0,16.0,0.46,27.0,3.0,0.46,5.0,7.8,0.18,2.0,2.0,21.0,1,1,6,0.36,0.36,2122
0.17,3.2,0.19,3.1,3.3,3.3,118.0,118.0,377.0,22.0,0.25,55.0,3.0,0.25,25.0,4.3,0.17,34.0,2.0,47.0,2,2,3,0.17,0.17,1920
0.0,3.14,0.22,3.7,5.0,5.0,174.0,174.0,583.0,33.0,0.3,71.0,9.0,0.3,45.0,6.8,0.4,33.0,8.0,55.0,4,4,6,0.25,0.25,2021
0.14,2.5,0.11,2.0,2.0,2.0,87.0,87.0,319.0,21.0,0.16,46.0,7.0,0.16,26.0,3.0,0.38,24.0,6.0,36.0,4,4,5,0.27,0.27,2223
0.06,3.02,0.21,3.1,3.0,3.0,74.0,74.0,319.0,27.0,0.22,44.0,4.0,0.22,48.0,3.2,0.27,22.0,3.0,39.0,2,2,3,0.21,0.21,2324
0.0,4.2,0.36,7.2,7.4,7.4,341.0,341.0,878.0,40.0,0.68,87.0,15.0,0.68,32.0,14.1,0.72,45.0,13.0,53.0,10,10,20,0.96,0.96,1819
0.32,3.95,0.34,7.2,6.8,6.8,230.0,230.0,639.0,33.0,0.61,79.0,18.0,0.61,34.0,12.1,0.9,27.0,16.0,63.0,9,9,15,0.75,0.75,2021
0.31,5.1,0.28,7.1,6.2,6.2,203.0,203.0,664.0,49.0,0.8,112.0,14.0,0.8,40.0,17.6,0.64,35.0,10.0,78.0,7,7,14,0.64,0.64,2122
0.46,4.17,0.19,5.1,4.3,4.3,198.0,198.0,683.0,35.0,0.57,93.0,15.0,0.57,47.0,12.8,0.67,30.0,13.0,72.0,7,7,15,0.67,0.67,2223
0.27,6.02,0.46,9.5,10.8,10.8,274.0,274.0,880.0,72.0,0.92,143.0,18.0,0.92,47.0,21.8,0.76,44.0,12.0,98.0,11,11,19,0.8,0.8,2324
0.07,1.33,0.14,0.1,0.6,0.6,7.0,7.0,53.0,3.0,0.21,6.0,1.0,0.21,1.0,0.9,0.22,1.0,1.0,5.0,0,0,1,0.22,0.22,2122
0.0,0.88,0.06,0.6,0.8,0.8,11.0,11.0,80.0,3.0,0.12,13.0,2.0,0.12,3.0,1.8,0.14,4.0,2.0,10.0,1,1,1,0.07,0.07,2223
0.03,1.35,0.06,0.5,1.2,1.2,27.0,27.0,164.0,7.0,0.12,27.0,3.0,0.12,6.0,2.5,0.15,2.0,3.0,21.0,1,1,2,0.1,0.1,2324
0.15,1.76,0.09,1.0,0.9,0.9,43.0,43.0,151.0,6.0,0.14,18.0,1.0,0.14,12.0,1.4,0.1,9.0,1.0,13.0,1,1,1,0.1,0.1,1819
0.24,3.29,0.14,2.3,2.8,2.8,118.0,118.0,387.0,27.0,0.27,65.0,6.0,0.27,31.0,5.3,0.3,17.0,4.0,51.0,3,3,7,0.35,0.35,1920
0.0,2.38,0.11,0.8,0.9,0.9,38.0,38.0,122.0,9.0,0.18,20.0,2.0,0.18,9.0,1.5,0.24,5.0,2.0,15.0,2,2,3,0.36,0.36,2021
10.0,2.05,0.07,0.4,0.4,0.4,37.0,37.0,96.0,6.0,0.18,13.0,0.0,0.18,5.0,1.1,0.0,3.0,0.0,10.0,0,0,0,0.0,0.0,2122
0.1,2.73,0.03,0.9,0.5,0.5,31.0,31.0,212.0,11.0,0.05,41.0,2.0,0.05,10.0,0.8,0.13,3.0,0.0,31.0,0,0,0,0.0,0.0,1920
0.09,2.49,0.14,3.0,4.3,4.3,15.0,15.0,382.0,46.0,0.15,77.0,4.0,0.15,20.0,4.6,0.13,0.0,3.0,48.0,3,3,3,0.1,0.1,2324
0.16,2.3,0.03,0.7,0.3,0.3,27.0,27.0,137.0,3.0,0.07,20.0,3.0,0.07,3.0,0.6,0.35,5.0,3.0,14.0,0,0,1,0.12,0.12,2324
0.0,2.32,0.13,1.4,1.7,1.7,54.0,54.0,212.0,12.0,0.22,31.0,5.0,0.22,12.0,2.9,0.37,6.0,4.0,24.0,3,3,4,0.3,0.3,2324
0.09,3.88,0.13,2.5,3.0,3.0,133.0,133.0,482.0,39.0,0.25,87.0,12.0,0.25,28.0,5.6,0.53,1.0,7.0,67.0,3,3,5,0.22,0.22,2122
0.0,2.95,0.12,0.9,1.4,1.4,38.0,38.0,142.0,17.0,0.17,33.0,1.0,0.17,12.0,1.9,0.09,0.0,1.0,30.0,1,1,1,0.09,0.09,2223
0.05,3.53,0.1,0.7,0.6,0.6,31.0,31.0,122.0,8.0,0.19,23.0,1.0,0.19,1.0,1.2,0.15,4.0,0.0,13.0,0,0,0,0.0,0.0,2223
0.16,1.97,0.08,1.4,1.7,1.7,55.0,55.0,306.0,21.0,0.1,42.0,2.0,0.1,13.0,2.1,0.09,4.0,2.0,26.0,1,1,1,0.05,0.05,2324
0.0,0.8,0.02,0.4,0.6,0.6,22.0,22.0,98.0,8.0,0.07,20.0,1.0,0.07,9.0,1.7,0.04,5.0,1.0,18.0,0,0,1,0.04,0.04,2122
0.0,0.84,0.03,1.4,0.9,0.9,29.0,29.0,177.0,7.0,0.06,29.0,2.0,0.06,15.0,2.0,0.06,0.0,0.0,23.0,0,0,0,0.0,0.0,2223
0.07,0.35,0.0,0.1,0.0,0.0,8.0,8.0,48.0,1.0,0.03,3.0,0.0,0.03,2.0,0.3,0.0,0.0,0.0,3.0,0,0,0,0.0,0.0,2425
0.28,2.86,0.17,2.8,2.7,2.7,89.0,89.0,283.0,15.0,0.28,45.0,6.0,0.28,23.0,4.4,0.38,16.0,4.0,29.0,3,3,4,0.25,0.25,1819
0.14,2.85,0.24,4.8,5.9,5.9,173.0,173.0,523.0,35.0,0.42,71.0,12.0,0.42,25.0,10.5,0.48,37.0,9.0,54.0,7,7,10,0.4,0.4,2223
0.0,1.88,0.08,1.8,1.6,1.6,99.0,99.0,341.0,22.0,0.11,36.0,5.0,0.11,24.0,2.1,0.26,6.0,4.0,30.0,3,3,3,0.16,0.16,1819
0.66,8.06,0.48,14.0,14.4,14.4,206.0,206.0,1343.0,89.0,1.14,243.0,36.0,1.27,140.0,34.2,1.19,52.0,21.0,149.0,13,13,49,1.63,1.49,1819
0.27,7.25,0.48,14.0,15.4,15.4,252.0,252.0,1403.0,88.0,0.96,232.0,37.0,1.09,122.0,30.8,1.16,63.0,24.0,133.0,21,21,46,1.44,1.28,1920
0.59,7.17,0.28,13.4,9.5,9.5,263.0,263.0,1687.0,77.0,0.81,241.0,34.0,0.94,131.0,27.2,1.01,65.0,21.0,141.0,9,9,39,1.16,1.07,2021
0.51,6.52,0.37,9.0,8.8,8.8,125.0,125.0,869.0,63.0,0.79,156.0,27.0,0.79,82.0,18.9,1.13,25.0,19.0,113.0,14,14,20,0.84,0.84,2122
0.0,0.82,0.01,0.3,0.4,0.4,3.0,3.0,69.0,9.0,0.06,20.0,3.0,0.06,5.0,1.6,0.12,1.0,3.0,16.0,2,2,3,0.12,0.12,2021
0.3,1.67,0.07,0.8,1.2,1.2,28.0,28.0,156.0,9.0,0.09,29.0,3.0,0.09,7.0,1.6,0.17,2.0,3.0,24.0,1,1,1,0.06,0.06,2324
0.03,1.52,0.04,0.1,0.2,0.2,0.0,0.0,15.0,2.0,0.17,7.0,0.0,0.17,2.0,0.8,0.0,1.0,0.0,5.0,0,0,0,0.0,0.0,2223
0.03,0.71,0.02,0.7,0.6,0.6,14.0,14.0,138.0,6.0,0.07,21.0,2.0,0.07,6.0,2.0,0.07,2.0,2.0,21.0,1,1,2,0.07,0.07,2324
0.0,2.21,0.1,1.5,1.8,1.8,157.0,157.0,288.0,19.0,0.56,39.0,4.0,0.56,5.0,10.0,0.23,20.0,3.0,28.0,1,1,6,0.34,0.34,1819
0.05,1.62,0.04,0.3,0.3,0.3,45.0,45.0,104.0,5.0,0.2,12.0,0.0,0.2,5.0,1.5,0.0,6.0,0.0,10.0,0,0,2,0.27,0.27,1920
0.0,1.75,0.1,1.1,1.9,1.9,159.0,159.0,327.0,17.0,0.26,34.0,2.0,0.3,8.0,5.1,0.1,19.0,1.0,23.0,1,1,6,0.31,0.26,2021
0.0,1.96,0.06,0.2,0.3,0.3,64.0,64.0,110.0,5.0,0.45,11.0,0.0,0.45,2.0,2.5,0.0,3.0,0.0,7.0,0,0,1,0.18,0.18,2223
0.13,1.7,0.05,0.6,1.2,1.2,115.0,115.0,287.0,11.0,0.45,37.0,2.0,0.46,7.0,9.8,0.09,6.0,1.0,20.0,0,0,6,0.28,0.28,1819
0.0,1.37,0.15,1.7,3.4,3.4,70.0,70.0,230.0,18.0,0.51,31.0,4.0,0.51,7.0,11.4,0.18,6.0,3.0,19.0,3,3,13,0.58,0.58,1920
0.0,1.55,0.03,0.5,0.4,0.4,49.0,49.0,143.0,7.0,0.29,17.0,1.0,0.29,4.0,3.2,0.09,3.0,0.0,9.0,0,0,1,0.09,0.09,2021
0.0,1.28,0.12,0.2,0.7,0.7,19.0,19.0,73.0,5.0,0.23,8.0,1.0,0.23,2.0,1.4,0.16,1.0,0.0,7.0,0,0,1,0.16,0.16,2122
0.34,2.63,0.17,0.9,1.1,1.1,45.0,45.0,162.0,7.0,0.27,18.0,1.0,0.27,5.0,1.9,0.15,3.0,1.0,13.0,2,2,2,0.29,0.29,2122
0.15,1.37,0.1,0.3,0.3,0.3,13.0,13.0,42.0,1.0,0.22,4.0,1.0,0.22,0.0,0.6,0.34,2.0,1.0,3.0,1,1,1,0.34,0.34,2223
0.15,3.38,0.16,1.3,1.8,1.8,67.0,67.0,237.0,20.0,0.2,38.0,6.0,0.2,12.0,2.2,0.53,7.0,3.0,27.0,1,1,2,0.18,0.18,2324
0.07,2.56,0.09,0.5,1.4,1.4,119.0,119.0,304.0,17.0,0.36,43.0,2.0,0.45,6.0,6.1,0.12,6.0,1.0,29.0,2,2,7,0.42,0.36,2223
0.08,1.85,0.04,0.5,0.6,0.6,75.0,75.0,186.0,8.0,0.28,28.0,6.0,0.28,3.0,4.2,0.4,13.0,4.0,19.0,1,1,5,0.33,0.33,2324
0.0,2.24,0.1,2.7,2.7,2.7,139.0,139.0,510.0,28.0,0.21,60.0,8.0,0.21,35.0,5.6,0.3,3.0,6.0,52.0,4,4,6,0.22,0.22,1819
0.0,1.4,0.08,1.7,2.0,2.0,138.0,138.0,394.0,19.0,0.17,35.0,4.0,0.17,21.0,4.3,0.16,4.0,3.0,28.0,0,0,0,0.0,0.0,1920
0.08,1.09,0.03,1.0,0.7,0.7,52.0,52.0,285.0,13.0,0.12,26.0,1.0,0.12,18.0,2.8,0.04,2.0,0.0,20.0,0,0,2,0.08,0.08,2021
0.0,1.8,0.09,1.7,2.4,2.4,75.0,75.0,363.0,21.0,0.17,46.0,2.0,0.17,26.0,4.2,0.08,2.0,2.0,32.0,2,2,5,0.2,0.2,2122
0.0,1.47,0.03,0.2,0.2,0.2,17.0,17.0,81.0,6.0,0.12,11.0,0.0,0.12,4.0,0.9,0.0,0.0,0.0,11.0,0,0,1,0.13,0.13,2223
0.19,5.77,0.2,4.0,4.7,4.7,258.0,258.0,827.0,64.0,0.56,133.0,12.0,0.63,42.0,13.0,0.52,21.0,12.0,109.0,6,6,16,0.69,0.65,1819
0.25,5.48,0.23,5.5,7.3,7.3,349.0,349.0,1094.0,86.0,0.51,171.0,16.0,0.64,58.0,15.9,0.51,47.0,8.0,129.0,6,6,14,0.45,0.29,1920
0.31,5.16,0.27,7.6,8.5,8.5,270.0,270.0,1040.0,63.0,0.56,164.0,17.0,0.76,84.0,17.7,0.53,54.0,11.0,113.0,8,8,27,0.85,0.63,2021
0.39,4.84,0.23,4.1,4.6,4.6,127.0,127.0,507.0,59.0,0.44,98.0,6.0,0.44,27.0,8.8,0.3,7.0,3.0,53.0,3,3,5,0.25,0.25,1819
0.21,5.97,0.35,6.4,8.1,8.1,157.0,157.0,698.0,65.0,0.54,139.0,20.0,0.54,53.0,12.5,0.86,14.0,15.0,80.0,9,9,10,0.43,0.43,1920
0.12,4.54,0.29,6.0,8.0,8.0,149.0,149.0,654.0,61.0,0.46,127.0,13.0,0.49,41.0,12.9,0.46,12.0,6.0,65.0,6,6,13,0.45,0.42,2021
0.18,5.47,0.28,6.9,7.0,7.0,181.0,181.0,681.0,68.0,0.53,139.0,11.0,0.63,35.0,13.4,0.43,24.0,6.0,62.0,3,3,12,0.47,0.39,2122
0.15,4.67,0.25,6.2,7.1,7.1,113.0,113.0,548.0,70.0,0.45,132.0,10.0,0.53,23.0,12.7,0.35,5.0,2.0,64.0,5,5,9,0.32,0.25,2223
0.06,3.34,0.12,3.2,2.4,2.4,97.0,97.0,364.0,36.0,0.31,69.0,9.0,0.35,22.0,6.4,0.44,5.0,4.0,40.0,3,3,11,0.53,0.48,2324
0.0,0.51,0.02,0.4,0.4,0.4,4.0,4.0,51.0,3.0,0.09,11.0,1.0,0.09,4.0,1.9,0.05,0.0,0.0,5.0,0,0,2,0.09,0.09,2223
0.0,0.71,0.0,0.3,0.0,0.0,1.0,1.0,36.0,1.0,0.05,13.0,3.0,0.05,4.0,0.9,0.16,0.0,3.0,11.0,0,0,1,0.05,0.05,1819
0.0,0.25,0.0,0.1,0.0,0.0,1.0,1.0,37.0,0.0,0.1,5.0,3.0,0.1,0.0,2.0,0.15,0.0,2.0,2.0,0,0,1,0.05,0.05,2021
0.0,1.45,0.03,0.4,0.3,0.3,3.0,3.0,28.0,6.0,0.07,14.0,1.0,0.07,5.0,0.7,0.1,0.0,1.0,11.0,0,0,0,0.0,0.0,2122
0.05,2.21,0.08,1.2,0.8,0.8,32.0,32.0,134.0,8.0,0.1,21.0,3.0,0.1,12.0,1.0,0.32,3.0,1.0,19.0,1,1,1,0.1,0.1,1920
0.1,1.09,0.02,0.9,0.3,0.3,53.0,53.0,230.0,8.0,0.03,19.0,1.0,0.03,10.0,0.5,0.06,2.0,1.0,16.0,0,0,0,0.0,0.0,2122
0.0,2.34,0.05,0.7,0.5,0.5,43.0,43.0,165.0,8.0,0.09,24.0,2.0,0.09,9.0,0.9,0.19,2.0,1.0,15.0,1,1,1,0.1,0.1,2223
0.0,1.15,0.05,1.0,1.3,1.3,73.0,73.0,286.0,15.0,0.06,34.0,0.0,0.06,11.0,1.8,0.0,1.0,0.0,27.0,0,0,0,0.0,0.0,2021
0.0,2.4,0.06,1.3,1.5,1.5,151.0,151.0,448.0,22.0,0.18,56.0,7.0,0.18,22.0,4.1,0.3,26.0,4.0,42.0,3,3,7,0.3,0.3,2324
0.0,4.26,0.24,4.5,4.4,4.4,115.0,115.0,493.0,36.0,0.38,79.0,6.0,0.42,36.0,7.0,0.32,8.0,3.0,53.0,5,5,7,0.38,0.32,2223
0.3,3.59,0.14,4.9,3.2,3.2,140.0,140.0,531.0,38.0,0.3,84.0,11.0,0.37,29.0,7.0,0.47,9.0,8.0,64.0,5,5,10,0.43,0.34,2324
0.09,0.79,0.01,0.5,0.3,0.3,2.0,2.0,56.0,7.0,0.05,23.0,1.0,0.05,3.0,1.3,0.03,2.0,1.0,20.0,0,0,0,0.0,0.0,2021
0.03,0.79,0.02,0.5,0.5,0.5,3.0,3.0,55.0,9.0,0.05,20.0,4.0,0.05,1.0,1.3,0.16,1.0,3.0,18.0,1,1,1,0.04,0.04,2324
0.15,2.47,0.02,0.3,0.2,0.2,76.0,76.0,152.0,5.0,0.48,21.0,3.0,0.48,3.0,4.1,0.35,20.0,1.0,11.0,0,0,5,0.59,0.59,1718
0.0,1.79,0.06,0.5,0.7,0.7,60.0,60.0,136.0,8.0,0.42,24.0,5.0,0.53,3.0,5.6,0.37,8.0,3.0,15.0,2,2,9,0.67,0.6,1819
0.18,2.8,0.19,4.6,5.8,5.8,226.0,226.0,528.0,35.0,0.85,84.0,13.0,0.93,21.0,25.5,0.43,38.0,10.0,58.0,7,7,31,1.03,0.97,2324
0.04,0.46,0.02,0.3,0.5,0.5,13.0,13.0,75.0,4.0,0.06,12.0,1.0,0.06,4.0,1.6,0.04,0.0,1.0,12.0,0,0,2,0.08,0.08,2223
0.0,0.59,0.03,0.2,0.6,0.6,9.0,9.0,61.0,5.0,0.04,14.0,1.0,0.04,1.0,1.1,0.04,0.0,1.0,13.0,1,1,2,0.08,0.08,2324
0.0,0.58,0.01,0.3,0.1,0.1,1.0,1.0,38.0,2.0,0.03,8.0,0.0,0.03,3.0,0.5,0.0,2.0,0.0,8.0,0,0,2,0.14,0.14,1920
0.06,0.55,0.01,0.2,0.1,0.1,4.0,4.0,61.0,2.0,0.04,9.0,2.0,0.04,5.0,0.6,0.12,0.0,2.0,8.0,0,0,0,0.0,0.0,2021
0.23,3.21,0.15,3.6,2.9,2.9,7.0,7.0,250.0,31.0,0.18,60.0,6.0,0.18,19.0,3.4,0.32,2.0,4.0,29.0,2,2,2,0.11,0.11,1819
0.0,4.17,0.17,2.3,3.1,3.1,23.0,23.0,258.0,43.0,0.19,74.0,11.0,0.19,11.0,3.5,0.62,2.0,8.0,49.0,4,4,4,0.23,0.23,1920
0.0,0.51,0.0,0.3,0.1,0.1,5.0,5.0,30.0,2.0,0.06,13.0,3.0,0.06,3.0,1.4,0.12,0.0,2.0,11.0,0,0,1,0.04,0.04,2122
0.0,0.8,0.01,0.2,0.2,0.2,4.0,4.0,37.0,3.0,0.1,10.0,1.0,0.1,1.0,1.3,0.08,0.0,1.0,10.0,0,0,1,0.08,0.08,2223
0.27,1.91,0.05,0.9,1.1,1.1,53.0,53.0,294.0,13.0,0.14,47.0,3.0,0.14,14.0,3.4,0.12,1.0,1.0,30.0,0,0,5,0.2,0.2,2324
0.38,2.27,0.08,1.3,1.2,1.2,67.0,67.0,197.0,15.0,0.22,33.0,6.0,0.22,13.0,3.3,0.41,4.0,3.0,20.0,4,4,4,0.26,0.26,2122
0.16,1.92,0.15,1.0,1.2,1.2,32.0,32.0,113.0,5.0,0.28,15.0,3.0,0.28,3.0,2.2,0.38,3.0,2.0,12.0,3,3,4,0.51,0.51,2223
0.19,2.83,0.12,3.1,3.0,3.0,99.0,99.0,416.0,37.0,0.16,70.0,8.0,0.16,23.0,3.9,0.32,9.0,7.0,49.0,4,4,4,0.16,0.16,2324
0.14,2.45,0.12,2.1,2.4,2.4,99.0,99.0,391.0,22.0,0.15,52.0,9.0,0.15,27.0,3.2,0.42,10.0,7.0,39.0,5,5,5,0.24,0.24,1920
0.0,2.44,0.14,1.8,1.7,1.7,41.0,41.0,212.0,13.0,0.16,30.0,4.0,0.16,14.0,2.0,0.32,3.0,4.0,20.0,1,1,1,0.08,0.08,2122
0.34,1.61,0.03,0.3,0.3,0.3,30.0,30.0,150.0,2.0,0.06,14.0,1.0,0.06,7.0,0.5,0.11,2.0,0.0,6.0,0,0,1,0.11,0.11,2324
0.0,1.11,0.04,1.0,1.0,1.0,69.0,69.0,275.0,11.0,0.07,26.0,1.0,0.07,17.0,1.6,0.04,1.0,1.0,23.0,0,0,1,0.04,0.04,2122
0.09,0.96,0.02,0.7,0.4,0.4,5.0,5.0,89.0,7.0,0.06,22.0,2.0,0.06,11.0,1.3,0.09,0.0,1.0,19.0,1,1,3,0.13,0.13,2324
0.0,2.14,0.05,0.3,0.2,0.2,29.0,29.0,79.0,4.0,0.2,8.0,2.0,0.2,4.0,0.8,0.53,2.0,2.0,8.0,1,1,1,0.27,0.27,1920
0.07,3.3,0.12,2.7,2.3,2.3,86.0,86.0,298.0,23.0,0.41,63.0,8.0,0.53,12.0,7.9,0.42,13.0,4.0,36.0,1,1,10,0.52,0.37,1819
0.0,2.98,0.1,1.2,1.4,1.4,71.0,71.0,211.0,11.0,0.27,42.0,4.0,0.44,11.0,3.9,0.28,8.0,2.0,26.0,1,1,8,0.57,0.35,1920
0.0,1.63,0.05,0.9,0.4,0.4,43.0,43.0,123.0,5.0,0.28,13.0,2.0,0.28,4.0,2.2,0.25,2.0,0.0,7.0,0,0,1,0.13,0.13,2122
0.0,1.55,0.01,0.5,0.0,0.0,26.0,26.0,64.0,1.0,0.33,9.0,1.0,0.6,2.0,1.9,0.17,0.0,1.0,7.0,0,0,4,0.69,0.52,2223
0.0,1.98,0.07,1.5,1.4,1.4,88.0,88.0,381.0,17.0,0.18,43.0,5.0,0.18,7.0,3.9,0.23,12.0,5.0,37.0,4,4,5,0.23,0.23,2324
0.08,2.21,0.1,1.3,1.4,1.4,86.0,86.0,274.0,15.0,0.57,31.0,4.0,0.57,8.0,8.1,0.28,7.0,4.0,29.0,3,3,12,0.85,0.85,1819
0.14,2.07,0.12,0.9,1.6,1.6,63.0,63.0,221.0,13.0,0.62,27.0,2.0,0.68,7.0,8.1,0.15,8.0,1.0,21.0,1,1,8,0.61,0.54,1920
0.0,2.17,0.07,0.6,0.9,0.9,75.0,75.0,233.0,15.0,0.48,30.0,3.0,0.59,3.0,6.6,0.22,4.0,2.0,22.0,2,2,13,0.94,0.8,2021
0.0,3.69,0.14,1.5,1.0,1.0,44.0,44.0,134.0,7.0,0.85,27.0,4.0,0.96,5.0,6.2,0.55,3.0,3.0,17.0,0,0,6,0.82,0.82,2122
0.13,2.18,0.03,0.5,0.4,0.4,4.0,4.0,118.0,12.0,0.05,27.0,2.0,0.05,6.0,0.7,0.16,0.0,2.0,21.0,0,0,1,0.08,0.08,1819
0.16,1.44,0.04,0.6,1.1,1.1,117.0,117.0,427.0,14.0,0.21,43.0,4.0,0.21,7.0,6.3,0.13,17.0,4.0,31.0,2,2,9,0.3,0.3,2021
0.07,2.47,0.1,0.7,2.0,2.0,89.0,89.0,331.0,22.0,0.34,47.0,9.0,0.34,8.0,6.5,0.47,18.0,4.0,29.0,3,3,10,0.53,0.53,2122
0.11,2.74,0.11,1.6,2.9,2.9,160.0,160.0,456.0,29.0,0.38,75.0,7.0,0.41,22.0,10.5,0.26,25.0,5.0,51.0,2,2,9,0.33,0.33,2223
0.0,2.81,0.22,2.2,2.2,2.2,61.0,61.0,218.0,15.0,0.33,28.0,4.0,0.33,13.0,3.3,0.4,3.0,3.0,24.0,3,3,4,0.4,0.4,1819
0.0,2.38,0.05,0.3,0.4,0.4,31.0,31.0,119.0,9.0,0.19,16.0,1.0,0.19,6.0,1.3,0.15,0.0,1.0,12.0,0,0,2,0.3,0.3,1920
0.23,2.37,0.08,1.4,0.8,0.8,58.0,58.0,177.0,13.0,0.26,22.0,1.0,0.26,7.0,2.4,0.11,9.0,1.0,19.0,0,0,2,0.22,0.22,2122
0.07,5.27,0.29,1.3,1.3,1.3,18.0,18.0,103.0,13.0,0.48,23.0,1.0,0.48,5.0,2.1,0.23,4.0,1.0,14.0,1,1,1,0.23,0.23,2122
0.07,1.67,0.11,1.1,1.5,1.5,39.0,39.0,161.0,13.0,0.26,22.0,3.0,0.26,5.0,3.4,0.23,4.0,3.0,22.0,1,1,4,0.3,0.3,1819
0.1,2.09,0.09,0.9,1.4,1.4,24.0,24.0,122.0,15.0,0.18,31.0,2.0,0.18,6.0,2.7,0.13,4.0,2.0,28.0,1,1,3,0.2,0.2,1920
0.12,1.41,0.23,1.7,1.8,1.8,77.0,77.0,164.0,6.0,0.27,11.0,2.0,0.27,5.0,2.1,0.26,4.0,2.0,9.0,2,2,2,0.26,0.26,1718
0.11,1.74,0.11,1.9,1.9,1.9,89.0,89.0,342.0,18.0,0.14,29.0,0.0,0.14,23.0,2.3,0.0,2.0,0.0,24.0,0,0,1,0.06,0.06,2223
0.15,2.76,0.15,3.6,4.1,4.1,200.0,200.0,593.0,37.0,0.19,74.0,4.0,0.19,34.0,5.2,0.15,4.0,4.0,48.0,3,3,4,0.15,0.15,2324
0.0,1.4,0.01,0.4,0.2,0.2,22.0,22.0,160.0,9.0,0.08,28.0,1.0,0.08,2.0,1.5,0.05,2.0,0.0,24.0,0,0,1,0.05,0.05,2122
0.1,0.81,0.07,0.7,0.8,0.8,38.0,38.0,107.0,3.0,0.13,10.0,0.0,0.13,7.0,1.6,0.0,3.0,0.0,7.0,0,0,1,0.08,0.08,1819
0.11,0.88,0.11,1.0,1.1,1.1,26.0,26.0,96.0,4.0,0.15,9.0,2.0,0.15,3.0,1.5,0.2,1.0,1.0,7.0,1,1,1,0.1,0.1,1920
0.04,1.86,0.1,2.2,1.8,1.8,81.0,81.0,276.0,13.0,0.14,33.0,4.0,0.14,21.0,2.5,0.23,5.0,3.0,30.0,2,2,2,0.11,0.11,2021
0.0,1.18,0.07,1.4,1.6,1.6,22.0,22.0,234.0,12.0,0.1,25.0,3.0,0.1,9.0,2.0,0.14,4.0,1.0,19.0,1,1,2,0.09,0.09,2324
0.07,2.95,0.03,0.5,0.4,0.4,86.0,86.0,201.0,7.0,0.38,33.0,3.0,0.38,11.0,4.3,0.27,9.0,2.0,22.0,0,0,4,0.36,0.36,1819
0.17,2.72,0.08,2.0,2.3,2.3,180.0,180.0,491.0,30.0,0.38,75.0,14.0,0.4,18.0,10.4,0.51,26.0,4.0,40.0,2,2,10,0.36,0.36,1920
0.07,2.37,0.12,1.8,2.8,2.8,148.0,148.0,429.0,21.0,0.49,55.0,8.0,0.49,11.0,11.3,0.35,17.0,5.0,34.0,4,4,8,0.34,0.34,2021
0.12,3.27,0.12,3.6,3.5,3.5,208.0,208.0,630.0,41.0,0.44,94.0,10.0,0.44,33.0,12.6,0.35,13.0,7.0,71.0,2,2,9,0.31,0.31,2122
0.08,2.45,0.11,2.0,1.9,1.9,87.0,87.0,295.0,13.0,0.31,41.0,3.0,0.31,11.0,5.1,0.18,4.0,3.0,27.0,2,2,7,0.42,0.42,2223
0.19,2.5,0.08,2.0,2.1,2.1,153.0,153.0,399.0,32.0,0.36,64.0,8.0,0.42,12.0,9.1,0.31,5.0,6.0,49.0,2,2,9,0.35,0.31,2324
0.05,2.4,0.09,2.5,2.0,2.0,15.0,15.0,234.0,30.0,0.12,53.0,4.0,0.12,22.0,2.6,0.18,1.0,4.0,41.0,2,2,2,0.09,0.09,1819
0.0,2.09,0.08,1.1,1.7,1.7,10.0,10.0,152.0,19.0,0.11,42.0,2.0,0.11,10.0,2.2,0.1,0.0,2.0,36.0,1,1,1,0.05,0.05,1920
0.0,1.52,0.01,0.9,0.4,0.4,18.0,18.0,186.0,7.0,0.03,36.0,2.0,0.03,12.0,0.8,0.08,2.0,1.0,33.0,0,0,0,0.0,0.0,2021
0.0,3.46,0.18,4.8,5.0,5.0,177.0,177.0,767.0,49.0,0.21,96.0,7.0,0.21,40.0,5.9,0.25,8.0,4.0,58.0,4,4,4,0.14,0.14,1819
0.04,0.88,0.06,0.5,1.0,1.0,4.0,4.0,62.0,5.0,0.14,14.0,0.0,0.14,1.0,2.2,0.0,1.0,0.0,12.0,0,0,1,0.06,0.06,2122
0.04,1.16,0.02,0.7,0.6,0.6,6.0,6.0,111.0,8.0,0.13,28.0,2.0,0.13,5.0,3.1,0.08,1.0,2.0,21.0,1,1,2,0.08,0.08,2223
0.0,1.53,0.07,1.1,1.8,1.8,16.0,16.0,132.0,15.0,0.18,39.0,5.0,0.18,18.0,4.6,0.2,3.0,4.0,31.0,1,1,6,0.24,0.24,2324
0.16,3.06,0.06,1.5,1.5,1.5,193.0,193.0,488.0,27.0,0.33,72.0,7.0,0.33,16.0,7.8,0.3,35.0,4.0,51.0,0,0,10,0.42,0.42,1819
0.26,3.61,0.13,2.5,3.2,3.2,140.0,140.0,497.0,34.0,0.36,90.0,9.0,0.36,32.0,8.8,0.36,22.0,4.0,61.0,4,4,8,0.32,0.32,1920
0.3,2.49,0.13,1.4,2.0,2.0,78.0,78.0,318.0,16.0,0.25,39.0,9.0,0.25,14.0,3.9,0.57,8.0,7.0,27.0,4,4,7,0.45,0.45,2021
0.0,3.4,0.25,2.8,5.0,5.0,87.0,87.0,428.0,34.0,0.39,67.0,12.0,0.39,27.0,7.7,0.61,9.0,10.0,52.0,6,6,8,0.41,0.41,2122
0.27,3.14,0.11,2.4,2.5,2.5,146.0,146.0,436.0,22.0,0.58,71.0,9.0,0.58,18.0,13.0,0.4,27.0,7.0,44.0,3,3,12,0.53,0.53,1718
0.1,2.26,0.11,3.3,3.4,3.4,210.0,210.0,609.0,31.0,0.3,68.0,10.0,0.3,26.0,9.1,0.33,29.0,7.0,44.0,8,8,12,0.4,0.4,1819
0.17,2.77,0.19,3.2,5.6,5.6,253.0,253.0,696.0,33.0,0.44,81.0,7.0,0.58,21.0,12.9,0.24,44.0,5.0,50.0,4,4,9,0.31,0.17,2021
0.0,2.16,0.08,2.5,1.9,1.9,230.0,230.0,599.0,18.0,0.33,51.0,7.0,0.33,18.0,7.8,0.3,30.0,5.0,32.0,4,4,10,0.42,0.42,2122
0.09,2.32,0.11,1.3,1.4,1.4,113.0,113.0,314.0,13.0,0.27,30.0,2.0,0.45,12.0,3.5,0.15,16.0,1.0,25.0,0,0,4,0.31,0.08,2223
0.51,3.1,0.14,4.1,4.5,4.5,265.0,265.0,872.0,36.0,0.29,99.0,9.0,0.31,40.0,9.1,0.28,35.0,8.0,74.0,3,3,7,0.22,0.19,2324
0.06,3.05,0.09,0.4,0.3,0.3,22.0,22.0,72.0,6.0,0.32,10.0,1.0,0.32,4.0,1.0,0.31,0.0,0.0,9.0,0,0,1,0.31,0.31,2122
0.08,2.78,0.08,0.7,0.8,0.8,49.0,49.0,136.0,9.0,0.22,26.0,6.0,0.22,8.0,2.1,0.64,2.0,3.0,19.0,1,1,2,0.21,0.21,1819
0.2,3.92,0.14,1.0,1.7,1.7,74.0,74.0,277.0,18.0,0.31,48.0,3.0,0.31,15.0,3.8,0.24,2.0,2.0,34.0,1,1,1,0.08,0.08,1920
0.2,3.56,0.2,3.5,5.1,5.1,99.0,99.0,478.0,44.0,0.48,90.0,12.0,0.48,46.0,12.1,0.47,9.0,8.0,75.0,5,5,14,0.55,0.55,2021
0.13,4.0,0.15,4.9,4.5,4.5,219.0,219.0,766.0,41.0,0.45,120.0,14.0,0.48,35.0,13.5,0.47,20.0,10.0,80.0,6,6,15,0.5,0.47,2122
0.04,1.17,0.01,0.1,0.0,0.0,3.0,3.0,15.0,1.0,0.13,4.0,0.0,0.13,1.0,0.4,0.0,0.0,0.0,3.0,0,0,1,0.29,0.29,2021
0.05,1.4,0.02,1.5,0.6,0.6,12.0,12.0,99.0,9.0,0.03,39.0,3.0,0.03,18.0,1.0,0.11,1.0,2.0,33.0,1,1,2,0.07,0.07,2122
0.03,0.76,0.05,1.5,1.0,1.0,14.0,14.0,89.0,8.0,0.08,15.0,1.0,0.08,9.0,1.5,0.05,1.0,1.0,13.0,1,1,1,0.05,0.05,2223
0.0,4.44,0.35,9.0,10.9,10.9,215.0,215.0,759.0,79.0,0.56,138.0,13.0,0.66,41.0,17.5,0.42,29.0,5.0,74.0,6,6,14,0.45,0.35,1718
0.2,4.0,0.24,6.1,6.8,6.8,177.0,177.0,524.0,63.0,0.49,111.0,9.0,0.63,28.0,13.6,0.32,20.0,5.0,52.0,5,5,16,0.58,0.4,1920
0.17,4.91,0.23,4.0,4.6,4.6,136.0,136.0,472.0,53.0,0.41,96.0,9.0,0.58,21.0,8.1,0.46,15.0,3.0,41.0,4,4,8,0.41,0.26,2021
0.07,4.42,0.31,3.5,3.7,3.7,61.0,61.0,253.0,30.0,0.59,52.0,2.0,0.59,17.0,7.0,0.17,2.0,2.0,34.0,2,2,5,0.42,0.42,2122
0.0,2.34,0.11,1.2,1.6,1.6,59.0,59.0,238.0,12.0,0.27,33.0,4.0,0.27,8.0,3.8,0.28,3.0,1.0,21.0,1,1,3,0.21,0.21,2122
0.0,2.02,0.05,1.0,0.8,0.8,20.0,20.0,188.0,15.0,0.13,34.0,2.0,0.13,5.0,2.2,0.12,3.0,2.0,26.0,1,1,2,0.12,0.12,1920
0.04,1.91,0.09,0.4,0.5,0.5,4.0,4.0,49.0,3.0,0.11,11.0,1.0,0.11,5.0,0.6,0.17,1.0,1.0,8.0,0,0,1,0.17,0.17,2021
0.0,1.29,0.01,0.1,0.1,0.1,3.0,3.0,45.0,2.0,0.06,8.0,1.0,0.06,1.0,0.4,0.16,0.0,1.0,8.0,0,0,0,0.0,0.0,1819
0.0,1.32,0.02,1.1,0.6,0.6,27.0,27.0,253.0,9.0,0.07,40.0,2.0,0.07,13.0,2.2,0.07,0.0,2.0,31.0,0,0,1,0.03,0.03,2122
0.0,0.87,0.01,0.4,0.3,0.3,17.0,17.0,233.0,9.0,0.06,24.0,1.0,0.06,0.0,1.6,0.04,1.0,1.0,20.0,0,0,1,0.04,0.04,2223
0.0,1.31,0.03,0.6,0.6,0.6,15.0,15.0,214.0,9.0,0.1,26.0,2.0,0.1,6.0,2.0,0.1,1.0,1.0,19.0,0,0,1,0.05,0.05,2324
0.1,1.88,0.02,0.7,0.5,0.5,16.0,16.0,153.0,10.0,0.07,36.0,3.0,0.07,6.0,1.4,0.16,0.0,3.0,30.0,0,0,0,0.0,0.0,1819
0.0,1.53,0.04,0.7,0.7,0.7,32.0,32.0,173.0,10.0,0.14,30.0,4.0,0.14,5.0,2.8,0.2,0.0,4.0,20.0,2,2,4,0.2,0.2,1920
0.0,1.42,0.07,1.0,1.6,1.6,23.0,23.0,133.0,9.0,0.13,33.0,6.0,0.13,5.0,3.0,0.26,4.0,5.0,27.0,0,0,1,0.04,0.04,2021
0.06,1.74,0.04,1.3,0.9,0.9,25.0,25.0,156.0,12.0,0.11,38.0,0.0,0.11,9.0,2.4,0.0,2.0,0.0,28.0,0,0,2,0.09,0.09,2122
0.16,1.37,0.05,0.4,0.9,0.9,33.0,33.0,163.0,7.0,0.14,24.0,0.0,0.14,2.0,2.4,0.0,5.0,0.0,17.0,0,0,0,0.0,0.0,2324
0.11,3.22,0.28,4.5,4.7,4.7,210.0,210.0,544.0,30.0,0.43,54.0,4.0,0.43,35.0,7.3,0.24,33.0,4.0,47.0,3,3,4,0.24,0.24,1819
0.24,3.51,0.17,1.6,1.6,1.6,125.0,125.0,261.0,17.0,0.32,33.0,5.0,0.32,22.0,3.0,0.53,12.0,4.0,25.0,1,1,3,0.32,0.32,1920
0.0,3.99,0.2,4.4,4.1,4.1,201.0,201.0,611.0,44.0,0.29,82.0,9.0,0.29,47.0,5.9,0.44,17.0,8.0,69.0,5,5,7,0.34,0.34,2021
0.08,2.8,0.12,4.1,2.5,2.5,156.0,156.0,541.0,31.0,0.23,57.0,2.0,0.23,35.0,4.7,0.1,20.0,2.0,47.0,0,0,3,0.15,0.15,2122
0.38,3.22,0.13,3.1,1.6,1.6,145.0,145.0,377.0,21.0,0.28,41.0,2.0,0.28,30.0,3.5,0.16,16.0,1.0,32.0,1,1,5,0.39,0.39,2223
0.21,3.81,0.24,3.6,3.8,3.8,160.0,160.0,466.0,30.0,0.31,60.0,11.0,0.31,30.0,4.8,0.7,12.0,8.0,47.0,6,6,9,0.57,0.57,2324
0.17,1.34,0.09,0.1,0.3,0.3,27.0,27.0,57.0,1.0,0.47,4.0,0.0,0.47,0.0,1.4,0.0,3.0,0.0,1.0,0,0,0,0.0,0.0,1718
0.37,3.4,0.23,0.8,1.4,1.4,53.0,53.0,131.0,14.0,0.34,20.0,3.0,0.34,8.0,2.0,0.51,4.0,2.0,19.0,1,1,3,0.51,0.51,1718
0.08,1.69,0.03,0.6,0.7,0.7,28.0,28.0,206.0,13.0,0.08,35.0,2.0,0.09,8.0,1.7,0.1,6.0,2.0,28.0,0,0,0,0.0,0.0,2122
0.0,2.22,0.09,1.0,1.1,1.1,10.0,10.0,143.0,12.0,0.16,27.0,1.0,0.16,15.0,1.9,0.08,0.0,1.0,23.0,1,1,1,0.08,0.08,2223
0.12,1.84,0.12,2.2,2.8,2.8,137.0,137.0,291.0,16.0,0.4,42.0,12.0,0.43,13.0,9.2,0.52,8.0,7.0,32.0,4,4,12,0.52,0.48,1920
0.26,2.34,0.12,3.8,3.9,3.9,224.0,224.0,539.0,36.0,0.48,77.0,8.0,0.6,19.0,15.7,0.24,15.0,4.0,55.0,4,4,20,0.61,0.49,2021
0.0,2.76,0.23,4.0,7.0,7.0,217.0,217.0,494.0,46.0,0.5,84.0,10.0,0.58,23.0,15.3,0.33,9.0,6.0,63.0,8,8,20,0.66,0.56,2122
0.07,2.57,0.1,0.8,0.8,0.8,55.0,55.0,136.0,10.0,0.39,22.0,2.0,0.48,6.0,3.3,0.23,1.0,1.0,20.0,0,0,1,0.12,0.0,2223
0.0,2.53,0.13,1.6,1.7,1.7,85.0,85.0,236.0,13.0,0.47,34.0,3.0,0.47,8.0,6.4,0.22,1.0,2.0,26.0,1,1,7,0.52,0.52,2223
0.07,2.45,0.06,1.6,1.0,1.0,88.0,88.0,238.0,16.0,0.31,37.0,0.0,0.41,3.0,4.7,0.0,1.0,0.0,29.0,0,0,2,0.13,0.13,2324
0.05,2.12,0.12,2.5,3.2,3.2,81.0,81.0,367.0,22.0,0.22,56.0,10.0,0.25,18.0,5.7,0.38,11.0,9.0,44.0,6,6,7,0.27,0.23,1819
0.13,3.12,0.08,1.7,1.6,1.6,112.0,112.0,358.0,24.0,0.28,64.0,6.0,0.28,22.0,5.6,0.29,15.0,4.0,48.0,1,1,6,0.29,0.29,1920
0.15,2.71,0.12,2.3,3.6,3.6,151.0,151.0,522.0,29.0,0.38,84.0,10.0,0.38,25.0,11.7,0.32,19.0,6.0,54.0,4,4,14,0.45,0.45,2021
0.06,3.9,0.18,4.8,5.8,5.8,248.0,248.0,723.0,47.0,0.39,122.0,9.0,0.48,27.0,12.1,0.29,39.0,3.0,75.0,5,5,12,0.38,0.32,2223
0.31,2.59,0.1,1.9,1.7,1.7,157.0,157.0,366.0,20.0,0.27,45.0,6.0,0.37,18.0,4.8,0.35,8.0,3.0,28.0,1,1,5,0.29,0.23,2324
0.11,3.13,0.13,3.8,2.7,2.7,108.0,108.0,436.0,41.0,0.17,68.0,7.0,0.17,27.0,3.6,0.32,6.0,3.0,37.0,4,4,4,0.18,0.18,2021
0.0,1.48,0.09,0.6,0.8,0.8,46.0,46.0,185.0,9.0,0.13,13.0,1.0,0.13,8.0,1.2,0.11,1.0,0.0,9.0,1,1,1,0.11,0.11,2122
0.43,6.97,0.27,5.5,5.9,5.9,132.0,132.0,821.0,76.0,0.42,154.0,10.0,0.46,54.0,9.4,0.45,13.0,4.0,103.0,5,5,9,0.41,0.36,1819
0.34,5.4,0.27,7.0,7.9,7.9,132.0,132.0,817.0,80.0,0.44,157.0,7.0,0.45,83.0,12.9,0.24,19.0,6.0,118.0,2,2,11,0.38,0.38,2021
0.26,4.59,0.3,6.7,7.8,7.8,89.0,89.0,728.0,65.0,0.42,120.0,16.0,0.42,44.0,11.1,0.61,7.0,6.0,83.0,9,9,14,0.54,0.54,2122
0.27,4.24,0.26,6.3,7.0,7.0,94.0,94.0,681.0,66.0,0.36,115.0,15.0,0.42,56.0,9.7,0.55,10.0,13.0,80.0,7,7,13,0.48,0.44,2223
0.17,3.7,0.14,1.3,1.5,1.5,116.0,116.0,336.0,13.0,0.36,41.0,6.0,0.36,13.0,4.0,0.54,22.0,3.0,29.0,2,2,6,0.54,0.54,2223
0.19,5.58,0.19,4.7,5.7,5.7,302.0,302.0,858.0,64.0,0.6,163.0,9.0,0.6,45.0,17.5,0.31,70.0,9.0,121.0,5,5,13,0.45,0.45,2324
0.0,1.67,0.04,0.3,0.3,0.3,69.0,69.0,130.0,8.0,0.16,13.0,1.0,0.16,6.0,1.2,0.13,10.0,1.0,10.0,1,1,1,0.13,0.13,2122
0.24,2.37,0.1,3.5,3.1,3.1,196.0,196.0,532.0,30.0,0.39,75.0,5.0,0.41,27.0,12.2,0.16,26.0,4.0,49.0,4,4,12,0.38,0.38,2122
0.31,2.23,0.13,1.5,2.1,2.1,87.0,87.0,225.0,13.0,0.39,37.0,8.0,0.39,2.0,6.5,0.48,15.0,4.0,18.0,4,4,8,0.48,0.48,2223
0.0,2.14,0.11,0.2,0.4,0.4,17.0,17.0,53.0,3.0,0.85,7.0,2.0,0.85,4.0,2.8,0.61,0.0,1.0,5.0,1,1,4,1.23,1.23,2223
0.15,2.56,0.11,3.8,3.5,3.5,45.0,45.0,380.0,42.0,0.15,79.0,8.0,0.23,21.0,4.8,0.26,3.0,3.0,49.0,3,3,6,0.19,0.1,2122
0.04,2.28,0.06,1.6,1.3,1.3,7.0,7.0,202.0,29.0,0.07,47.0,3.0,0.07,6.0,1.5,0.15,1.0,2.0,22.0,3,3,3,0.15,0.15,2223
0.13,3.23,0.07,2.1,1.7,1.7,35.0,35.0,330.0,29.0,0.1,76.0,5.0,0.1,10.0,2.3,0.21,0.0,2.0,42.0,1,1,1,0.04,0.04,2324
0.0,2.21,0.08,0.1,0.1,0.1,11.0,11.0,31.0,3.0,0.26,3.0,1.0,0.26,0.0,0.4,0.74,1.0,1.0,3.0,1,1,2,1.46,1.46,1819
0.07,2.87,0.1,1.7,1.5,1.5,100.0,100.0,341.0,19.0,0.31,46.0,6.0,0.31,14.0,5.0,0.37,20.0,1.0,32.0,0,0,6,0.37,0.37,1819
0.44,6.15,0.39,2.7,5.4,5.4,175.0,175.0,457.0,36.0,0.9,86.0,9.0,1.3,25.0,12.6,0.64,43.0,5.0,59.0,1,1,19,1.36,0.93,1920
0.47,6.45,0.28,4.1,4.5,4.5,218.0,218.0,643.0,47.0,1.11,103.0,21.0,1.25,39.0,17.7,1.31,39.0,12.0,68.0,7,7,29,1.82,1.69,2021
0.25,7.09,0.35,6.1,6.0,6.0,214.0,214.0,630.0,60.0,0.68,121.0,14.0,0.77,32.0,11.6,0.82,43.0,10.0,67.0,8,8,17,0.99,0.88,2122
0.22,5.61,0.3,4.1,3.5,3.5,124.0,124.0,428.0,37.0,0.47,67.0,6.0,0.53,34.0,5.6,0.5,22.0,5.0,43.0,3,3,6,0.5,0.42,2223
0.09,2.37,0.12,3.1,2.7,2.7,131.0,131.0,387.0,25.0,0.26,55.0,10.0,0.26,19.0,6.0,0.43,30.0,4.0,38.0,2,2,6,0.26,0.26,2021
0.14,2.66,0.15,4.2,5.1,5.1,213.0,213.0,703.0,33.0,0.24,92.0,7.0,0.24,34.0,8.2,0.2,39.0,5.0,56.0,3,3,4,0.12,0.12,2122
0.0,2.92,0.14,4.2,3.9,3.9,173.0,173.0,619.0,41.0,0.25,81.0,7.0,0.36,38.0,6.9,0.25,18.0,6.0,57.0,4,4,9,0.32,0.22,2324
0.38,5.42,0.31,1.1,2.4,2.4,85.0,85.0,242.0,20.0,0.64,42.0,3.0,0.64,16.0,5.0,0.39,35.0,0.0,27.0,2,2,4,0.52,0.52,2324
0.36,3.85,0.22,5.9,6.9,6.9,294.0,294.0,842.0,47.0,0.86,121.0,25.0,0.96,38.0,26.9,0.8,53.0,15.0,86.0,6,6,27,0.86,0.73,1819
0.11,3.06,0.11,2.8,2.5,2.5,171.0,171.0,513.0,26.0,0.65,68.0,13.0,0.68,16.0,14.5,0.59,21.0,10.0,45.0,8,8,24,1.08,1.04,1920
0.1,2.3,0.11,2.0,3.0,3.0,171.0,171.0,474.0,27.0,0.6,64.0,8.0,0.69,22.0,16.8,0.29,20.0,4.0,39.0,3,3,24,0.86,0.75,2021
0.0,0.89,0.12,0.1,0.7,0.7,8.0,8.0,52.0,3.0,0.13,5.0,0.0,0.13,4.0,0.7,0.0,1.0,0.0,3.0,0,0,0,0.0,0.0,1819
0.11,3.46,0.1,0.7,0.9,0.9,45.0,45.0,191.0,12.0,0.35,30.0,3.0,0.35,9.0,3.0,0.35,8.0,2.0,23.0,2,2,5,0.58,0.58,1819
0.12,3.47,0.2,1.5,1.8,1.8,60.0,60.0,222.0,12.0,0.31,32.0,2.0,0.31,14.0,2.8,0.22,8.0,1.0,16.0,1,1,3,0.33,0.33,1920
0.04,0.63,0.03,0.4,0.4,0.4,7.0,7.0,56.0,4.0,0.07,9.0,2.0,0.07,6.0,1.0,0.14,0.0,2.0,9.0,1,1,2,0.14,0.14,1819
0.0,0.76,0.02,0.4,0.4,0.4,18.0,18.0,82.0,4.0,0.06,17.0,6.0,0.06,7.0,1.4,0.27,1.0,5.0,15.0,1,1,2,0.09,0.09,1920
0.0,0.51,0.01,0.5,0.2,0.2,1.0,1.0,44.0,3.0,0.02,14.0,1.0,0.02,4.0,0.5,0.04,0.0,0.0,12.0,0,0,0,0.0,0.0,2122
0.0,1.15,0.02,0.6,0.5,0.5,14.0,14.0,172.0,8.0,0.1,31.0,6.0,0.1,9.0,2.7,0.22,6.0,2.0,22.0,0,0,2,0.07,0.07,1819
0.21,2.85,0.16,2.4,3.9,3.9,164.0,164.0,400.0,26.0,0.72,71.0,14.0,0.75,17.0,18.0,0.56,23.0,10.0,49.0,5,5,22,0.88,0.84,1819
0.73,1.81,0.07,0.7,0.7,0.7,62.0,62.0,150.0,5.0,0.36,18.0,2.0,0.36,8.0,3.6,0.2,7.0,1.0,15.0,1,1,5,0.5,0.5,2021
0.18,3.16,0.2,0.6,0.8,0.8,17.0,17.0,53.0,5.0,0.76,13.0,3.0,0.76,3.0,3.1,0.73,1.0,3.0,8.0,3,3,4,0.98,0.98,2122
0.1,2.82,0.09,1.0,1.5,1.5,75.0,75.0,219.0,23.0,0.51,48.0,4.0,0.55,5.0,8.6,0.23,4.0,3.0,33.0,3,3,9,0.53,0.53,2223
0.0,2.05,0.09,0.7,0.8,0.8,47.0,47.0,106.0,11.0,0.59,20.0,2.0,0.59,4.0,5.7,0.21,0.0,2.0,15.0,1,1,7,0.72,0.72,2324
0.04,2.11,0.08,2.8,2.1,2.1,11.0,11.0,345.0,29.0,0.12,59.0,4.0,0.17,9.0,3.3,0.14,2.0,3.0,27.0,1,1,4,0.14,0.07,1920
0.0,1.87,0.07,1.6,1.7,1.7,11.0,11.0,204.0,21.0,0.1,49.0,3.0,0.16,10.0,2.5,0.11,2.0,3.0,31.0,1,1,2,0.08,0.04,2021
0.32,4.38,0.13,3.7,3.8,3.8,108.0,108.0,683.0,54.0,0.22,127.0,13.0,0.22,40.0,6.4,0.45,14.0,7.0,92.0,6,6,9,0.31,0.31,1819
0.1,4.38,0.15,3.4,3.3,3.3,83.0,83.0,552.0,40.0,0.22,97.0,17.0,0.22,31.0,4.9,0.77,7.0,12.0,76.0,7,7,10,0.45,0.45,1920
0.35,3.42,0.15,5.4,4.6,4.6,108.0,108.0,782.0,50.0,0.23,104.0,8.0,0.23,58.0,6.9,0.26,13.0,7.0,81.0,3,3,8,0.26,0.26,2021
0.15,3.72,0.23,5.1,5.2,5.2,87.0,87.0,631.0,37.0,0.3,84.0,11.0,0.34,38.0,6.8,0.49,14.0,8.0,68.0,8,8,10,0.44,0.4,2122
0.32,4.39,0.23,4.2,4.5,4.5,87.0,87.0,592.0,42.0,0.41,85.0,9.0,0.45,22.0,8.0,0.46,14.0,6.0,75.0,3,3,7,0.36,0.31,2223
0.3,5.6,0.3,4.8,5.5,5.5,85.0,85.0,593.0,55.0,0.37,105.0,13.0,0.37,42.0,6.8,0.69,13.0,12.0,74.0,6,6,8,0.43,0.43,2324
0.0,2.38,0.04,0.1,0.1,0.1,21.0,21.0,48.0,2.0,0.55,4.0,0.0,0.55,0.0,0.9,0.0,2.0,0.0,4.0,0,0,1,0.6,0.6,2223
0.0,2.05,0.02,0.1,0.1,0.1,20.0,20.0,71.0,2.0,0.28,10.0,4.0,0.28,2.0,1.4,0.82,1.0,2.0,6.0,0,0,3,0.62,0.62,2324
0.03,1.48,0.09,2.7,2.0,2.0,109.0,109.0,360.0,19.0,0.18,33.0,1.0,0.18,17.0,4.0,0.04,10.0,0.0,29.0,1,1,6,0.27,0.27,1819
0.05,1.49,0.05,1.9,0.8,0.8,23.0,23.0,156.0,5.0,0.1,24.0,1.0,0.1,11.0,1.6,0.06,0.0,1.0,21.0,0,0,1,0.06,0.06,2021
0.0,0.66,0.05,0.8,0.8,0.8,26.0,26.0,143.0,4.0,0.07,12.0,1.0,0.07,10.0,1.3,0.05,1.0,1.0,12.0,1,1,1,0.05,0.05,2122
0.0,0.4,0.01,0.5,0.1,0.1,12.0,12.0,48.0,1.0,0.05,4.0,0.0,0.05,3.0,0.5,0.0,0.0,0.0,4.0,0,0,0,0.0,0.0,2223
0.0,0.88,0.02,0.9,0.4,0.4,13.0,13.0,74.0,5.0,0.07,14.0,0.0,0.07,7.0,1.1,0.0,0.0,0.0,13.0,0,0,1,0.06,0.06,2324
0.1,1.52,0.08,0.5,0.5,0.5,25.0,25.0,73.0,2.0,0.11,10.0,2.0,0.11,5.0,0.7,0.3,3.0,0.0,5.0,0,0,0,0.0,0.0,1819
0.0,1.06,0.08,1.0,1.1,1.1,41.0,41.0,129.0,7.0,0.1,14.0,3.0,0.1,9.0,1.3,0.23,2.0,3.0,11.0,2,2,2,0.15,0.15,1819
0.1,0.43,0.0,0.0,0.0,0.0,0.0,0.0,13.0,0.0,0.04,1.0,1.0,0.04,1.0,0.1,0.43,0.0,1.0,1.0,0,0,0,0.0,0.0,1920
0.0,1.43,0.05,0.4,0.5,0.5,24.0,24.0,106.0,5.0,0.06,14.0,2.0,0.06,10.0,0.5,0.2,0.0,2.0,12.0,1,1,1,0.1,0.1,2021
0.05,1.47,0.04,1.5,1.0,1.0,68.0,68.0,336.0,14.0,0.1,38.0,2.0,0.1,21.0,2.6,0.08,2.0,1.0,31.0,0,0,2,0.08,0.08,2122
0.0,0.99,0.02,0.7,0.4,0.4,50.0,50.0,191.0,7.0,0.07,18.0,1.0,0.07,9.0,1.3,0.05,1.0,1.0,13.0,1,1,3,0.16,0.16,2223
0.05,0.68,0.02,0.6,0.3,0.3,32.0,32.0,193.0,4.0,0.04,14.0,2.0,0.04,4.0,0.9,0.1,0.0,2.0,10.0,0,0,1,0.05,0.05,2324
0.0,1.87,0.03,1.0,0.5,0.5,22.0,22.0,123.0,9.0,0.06,27.0,3.0,0.06,10.0,0.9,0.21,4.0,3.0,23.0,1,1,1,0.07,0.07,1819
0.06,2.09,0.09,0.8,1.1,1.1,26.0,26.0,158.0,18.0,0.19,26.0,0.0,0.19,13.0,2.4,0.0,1.0,0.0,22.0,0,0,1,0.08,0.08,1819
0.08,2.4,0.1,1.7,1.5,1.5,62.0,62.0,188.0,11.0,0.15,37.0,5.0,0.15,10.0,2.3,0.32,1.0,5.0,30.0,1,1,2,0.13,0.13,1920
0.0,2.99,0.11,2.9,2.1,2.1,130.0,130.0,289.0,14.0,0.6,54.0,6.0,0.6,17.0,10.8,0.33,13.0,4.0,34.0,0,0,8,0.44,0.44,2122
0.0,2.7,0.05,0.4,0.5,0.5,70.0,70.0,169.0,6.0,0.35,27.0,2.0,0.35,5.0,3.5,0.2,5.0,0.0,15.0,0,0,4,0.4,0.4,2223
0.17,2.44,0.07,1.7,1.4,1.4,103.0,103.0,428.0,20.0,0.11,47.0,2.0,0.11,25.0,2.1,0.1,8.0,2.0,36.0,0,0,0,0.0,0.0,1920
0.17,3.9,0.22,6.0,6.4,6.4,209.0,209.0,877.0,72.0,0.24,115.0,9.0,0.24,42.0,7.0,0.31,17.0,6.0,75.0,5,5,6,0.2,0.2,2021
0.07,3.88,0.2,2.7,3.6,3.6,69.0,69.0,436.0,39.0,0.21,69.0,6.0,0.21,16.0,3.7,0.34,3.0,5.0,45.0,3,3,3,0.17,0.17,2122
0.0,2.36,0.13,2.9,3.6,3.6,76.0,76.0,475.0,34.0,0.16,67.0,7.0,0.16,28.0,4.7,0.25,3.0,6.0,50.0,2,2,3,0.11,0.11,2223
0.05,1.58,0.06,0.4,0.7,0.7,45.0,45.0,195.0,7.0,0.09,17.0,3.0,0.09,7.0,1.0,0.28,3.0,3.0,13.0,0,0,1,0.09,0.09,2021
0.0,0.98,0.0,0.2,0.1,0.1,22.0,22.0,88.0,2.0,0.06,10.0,0.0,0.06,5.0,0.6,0.0,1.0,0.0,8.0,0,0,0,0.0,0.0,2324
0.0,1.77,0.07,0.7,1.0,1.0,66.0,66.0,180.0,11.0,0.4,25.0,0.0,0.4,4.0,5.7,0.0,1.0,0.0,16.0,0,0,4,0.28,0.28,2021
0.0,0.78,0.02,0.4,0.5,0.5,4.0,4.0,56.0,6.0,0.07,17.0,2.0,0.07,4.0,1.5,0.09,2.0,2.0,16.0,0,0,0,0.0,0.0,2021
0.29,2.45,0.06,0.7,0.3,0.3,41.0,41.0,95.0,4.0,0.4,10.0,0.0,0.4,4.0,1.6,0.0,3.0,0.0,7.0,0,0,1,0.24,0.24,1819
0.0,2.1,0.23,1.2,3.2,3.2,93.0,93.0,235.0,12.0,0.64,29.0,4.0,0.64,5.0,8.8,0.29,17.0,3.0,15.0,4,4,10,0.73,0.73,1920
0.56,1.82,0.1,0.1,0.3,0.3,16.0,16.0,43.0,3.0,0.39,6.0,0.0,0.39,0.0,1.3,0.0,2.0,0.0,5.0,0,0,0,0.0,0.0,2021
0.14,6.01,0.37,3.4,3.7,3.7,48.0,48.0,233.0,28.0,0.52,60.0,6.0,0.52,9.0,5.1,0.6,5.0,2.0,32.0,4,4,4,0.4,0.4,1920
0.6,3.55,0.12,0.7,0.9,0.9,20.0,20.0,95.0,10.0,0.18,26.0,1.0,0.18,4.0,1.3,0.14,2.0,0.0,12.0,1,1,2,0.27,0.27,2021
0.15,5.12,0.23,0.8,0.6,0.6,9.0,9.0,47.0,5.0,0.44,14.0,1.0,0.44,1.0,1.2,0.37,1.0,0.0,6.0,0,0,0,0.0,0.0,2122
0.05,2.92,0.1,1.4,1.4,1.4,97.0,97.0,258.0,18.0,0.41,40.0,2.0,0.47,13.0,5.6,0.15,13.0,2.0,26.0,2,2,4,0.29,0.22,1819
0.0,2.77,0.06,0.9,1.2,1.2,83.0,83.0,262.0,18.0,0.32,53.0,3.0,0.32,13.0,6.2,0.16,9.0,2.0,37.0,1,1,6,0.31,0.31,2223
0.18,2.34,0.07,1.1,0.9,0.9,25.0,25.0,123.0,11.0,0.15,31.0,7.0,0.15,10.0,2.0,0.53,3.0,7.0,24.0,0,0,0,0.0,0.0,2223
0.08,2.09,0.1,1.4,2.1,2.1,119.0,119.0,359.0,22.0,0.39,44.0,5.0,0.54,5.0,8.3,0.24,13.0,2.0,32.0,3,3,14,0.66,0.47,2021
0.07,1.85,0.12,0.8,1.4,1.4,63.0,63.0,217.0,10.0,0.32,22.0,2.0,0.32,3.0,3.8,0.17,12.0,2.0,16.0,1,1,3,0.25,0.25,2122
0.17,2.27,0.09,2.7,2.5,2.5,215.0,215.0,562.0,28.0,0.38,67.0,7.0,0.46,18.0,11.1,0.24,28.0,3.0,52.0,2,2,15,0.51,0.41,2223
0.06,2.43,0.09,1.6,1.6,1.6,143.0,143.0,322.0,21.0,0.31,42.0,5.0,0.36,13.0,5.4,0.29,10.0,2.0,32.0,3,3,6,0.35,0.29,2324
0.0,1.44,0.02,0.4,0.6,0.6,114.0,114.0,299.0,10.0,0.35,34.0,4.0,0.42,5.0,8.3,0.17,18.0,0.0,18.0,0,0,10,0.42,0.42,1920
0.0,1.62,0.2,1.0,1.7,1.7,63.0,63.0,135.0,8.0,0.59,14.0,2.0,0.59,3.0,5.1,0.23,4.0,2.0,9.0,1,1,4,0.46,0.46,2122
0.13,1.34,0.03,0.6,0.6,0.6,87.0,87.0,217.0,7.0,0.33,22.0,3.0,0.47,7.0,5.4,0.18,12.0,1.0,14.0,0,0,6,0.36,0.18,2223
0.0,2.2,0.11,1.6,1.7,1.7,46.0,46.0,212.0,21.0,0.18,34.0,2.0,0.18,12.0,2.8,0.13,6.0,0.0,17.0,1,1,3,0.19,0.19,2122
0.0,1.92,0.07,2.1,1.5,1.5,79.0,79.0,311.0,12.0,0.12,38.0,3.0,0.12,21.0,2.3,0.15,4.0,3.0,25.0,1,1,2,0.1,0.1,2324
0.16,1.5,0.08,1.4,1.8,1.8,90.0,90.0,268.0,15.0,0.12,33.0,3.0,0.12,23.0,2.7,0.14,6.0,3.0,29.0,2,2,3,0.14,0.14,2324
0.0,1.72,0.24,2.1,3.0,3.0,54.0,54.0,146.0,14.0,0.26,21.0,2.0,0.26,11.0,3.2,0.16,0.0,2.0,18.0,2,2,2,0.16,0.16,2425
0.22,2.01,0.11,0.5,0.5,0.5,42.0,42.0,105.0,6.0,0.21,9.0,0.0,0.21,5.0,0.9,0.0,2.0,0.0,9.0,0,0,0,0.0,0.0,2223
0.37,4.91,0.19,3.4,3.5,3.5,135.0,135.0,513.0,38.0,0.49,88.0,9.0,0.49,38.0,8.9,0.5,14.0,7.0,59.0,4,4,11,0.61,0.61,2324
0.0,2.16,0.06,0.3,0.4,0.4,6.0,6.0,84.0,7.0,0.12,14.0,1.0,0.12,1.0,0.8,0.15,0.0,1.0,13.0,1,1,1,0.15,0.15,2425
0.05,0.9,0.02,0.1,0.2,0.2,13.0,13.0,85.0,3.0,0.05,9.0,3.0,0.05,3.0,0.5,0.3,0.0,3.0,6.0,0,0,0,0.0,0.0,1920
0.0,2.31,0.04,1.3,1.3,1.3,89.0,89.0,406.0,30.0,0.11,79.0,5.0,0.11,11.0,3.8,0.15,2.0,3.0,54.0,0,0,3,0.09,0.09,2122
0.13,1.87,0.02,0.5,0.4,0.4,44.0,44.0,210.0,9.0,0.15,38.0,2.0,0.15,7.0,3.0,0.1,2.0,0.0,25.0,0,0,2,0.1,0.1,2223
0.1,3.25,0.14,2.4,3.1,3.1,129.0,129.0,372.0,32.0,0.32,73.0,7.0,0.35,18.0,7.1,0.31,7.0,4.0,50.0,3,3,10,0.45,0.4,2324
0.16,2.45,0.12,1.2,1.0,1.0,15.0,15.0,110.0,8.0,0.28,19.0,3.0,0.28,5.0,2.2,0.39,2.0,3.0,17.0,0,0,1,0.13,0.13,1819
0.07,2.59,0.12,0.5,0.8,0.8,11.0,11.0,111.0,8.0,0.27,16.0,3.0,0.27,9.0,1.7,0.48,0.0,3.0,14.0,1,1,1,0.16,0.16,1920
0.16,2.5,0.1,1.6,1.4,1.4,30.0,30.0,202.0,11.0,0.14,35.0,6.0,0.14,14.0,2.0,0.43,4.0,5.0,27.0,1,1,2,0.14,0.14,2021
0.0,2.82,0.16,3.3,3.0,3.0,46.0,46.0,296.0,28.0,0.23,52.0,6.0,0.23,24.0,4.3,0.33,6.0,5.0,43.0,3,3,5,0.27,0.27,2122
0.2,1.6,0.13,0.2,0.5,0.5,4.0,4.0,56.0,4.0,0.24,6.0,1.0,0.24,1.0,0.9,0.27,1.0,0.0,5.0,0,0,0,0.0,0.0,2223
0.25,4.36,0.21,0.9,0.5,0.5,5.0,5.0,57.0,7.0,0.43,11.0,1.0,0.43,3.0,1.1,0.4,0.0,1.0,10.0,0,0,1,0.4,0.4,2324
0.0,1.81,0.01,1.3,0.3,0.3,13.0,13.0,113.0,6.0,0.01,46.0,2.0,0.01,15.0,0.4,0.08,2.0,2.0,41.0,0,0,0,0.0,0.0,2021
0.03,0.95,0.03,0.4,0.4,0.4,17.0,17.0,78.0,5.0,0.08,14.0,1.0,0.08,2.0,1.2,0.07,2.0,1.0,11.0,0,0,0,0.0,0.0,1718
0.0,0.54,0.02,0.4,0.5,0.5,25.0,25.0,106.0,6.0,0.05,18.0,2.0,0.05,5.0,1.5,0.06,1.0,2.0,17.0,1,1,2,0.06,0.06,1819
0.0,0.68,0.01,0.3,0.1,0.1,2.0,2.0,65.0,2.0,0.02,11.0,1.0,0.02,3.0,0.3,0.06,1.0,1.0,10.0,0,0,1,0.06,0.06,1920
0.29,5.74,0.27,10.0,8.7,8.7,272.0,272.0,980.0,87.0,0.46,182.0,22.0,0.54,69.0,14.6,0.69,46.0,13.0,118.0,7,7,19,0.6,0.54,1718
0.0,0.37,0.01,0.1,0.1,0.1,10.0,10.0,45.0,2.0,0.05,6.0,0.0,0.05,1.0,0.8,0.0,2.0,0.0,6.0,0,0,1,0.06,0.06,2021
0.06,0.99,0.01,0.2,0.2,0.2,2.0,2.0,44.0,2.0,0.07,15.0,0.0,0.07,5.0,1.0,0.0,0.0,0.0,14.0,0,0,0,0.0,0.0,2223
0.0,1.06,0.01,0.2,0.1,0.1,1.0,1.0,45.0,4.0,0.04,19.0,2.0,0.04,2.0,0.7,0.11,0.0,2.0,16.0,1,1,1,0.06,0.06,2324
0.31,2.82,0.18,4.1,3.1,3.1,147.0,147.0,513.0,24.0,0.2,50.0,2.0,0.2,40.0,3.5,0.11,10.0,2.0,42.0,1,1,1,0.06,0.06,2223
0.1,1.87,0.02,0.8,0.6,0.6,162.0,162.0,367.0,10.0,0.36,45.0,5.0,0.36,6.0,8.7,0.21,21.0,1.0,22.0,0,0,7,0.29,0.29,2021
0.1,2.55,0.06,0.9,1.1,1.1,141.0,141.0,341.0,17.0,0.36,49.0,5.0,0.4,13.0,6.9,0.26,14.0,2.0,31.0,2,2,5,0.26,0.26,2122
0.49,2.16,0.07,1.6,2.1,2.1,179.0,179.0,422.0,22.0,0.38,64.0,9.0,0.43,15.0,11.2,0.3,25.0,3.0,35.0,3,3,15,0.51,0.44,2223
0.23,3.42,0.38,1.2,2.3,2.3,73.0,73.0,133.0,13.0,0.94,21.0,7.0,0.94,4.0,5.7,1.14,15.0,3.0,13.0,3,3,5,0.82,0.82,2324
0.0,3.29,0.17,1.3,2.1,2.1,100.0,100.0,221.0,16.0,0.4,42.0,5.0,0.4,5.0,5.1,0.39,23.0,4.0,30.0,3,3,5,0.39,0.39,2425
0.0,2.79,0.02,0.3,0.2,0.2,30.0,30.0,131.0,5.0,0.17,25.0,2.0,0.17,4.0,1.6,0.22,1.0,0.0,19.0,0,0,2,0.22,0.22,2122
0.1,1.72,0.1,0.4,0.2,0.2,16.0,16.0,40.0,1.0,0.11,4.0,0.0,0.11,0.0,0.3,0.0,5.0,0.0,1.0,0,0,0,0.0,0.0,2324
0.0,0.47,0.02,0.4,0.2,0.2,2.0,2.0,8.0,1.0,0.08,4.0,0.0,0.08,0.0,0.7,0.0,0.0,0.0,2.0,0,0,1,0.12,0.12,2223
0.0,1.76,0.11,0.3,0.3,0.3,19.0,19.0,54.0,2.0,0.51,5.0,0.0,0.51,1.0,1.4,0.0,4.0,0.0,4.0,0,0,0,0.0,0.0,2122
0.22,1.89,0.07,0.4,0.4,0.4,25.0,25.0,85.0,5.0,0.3,10.0,1.0,0.3,2.0,1.6,0.19,0.0,1.0,7.0,0,0,1,0.19,0.19,1819
0.04,3.44,0.13,1.5,1.2,1.2,70.0,70.0,225.0,15.0,0.36,31.0,4.0,0.36,11.0,3.2,0.44,6.0,3.0,22.0,2,2,6,0.67,0.67,1819
0.21,4.02,0.17,2.7,3.8,3.8,123.0,123.0,456.0,39.0,0.49,91.0,11.0,0.53,15.0,11.1,0.49,13.0,7.0,55.0,1,1,12,0.53,0.49,1920
0.16,2.69,0.19,0.8,1.8,1.8,38.0,38.0,125.0,11.0,0.4,26.0,6.0,0.48,9.0,3.9,0.62,4.0,3.0,18.0,2,2,5,0.52,0.41,2021
0.08,2.92,0.16,1.4,2.0,2.0,57.0,57.0,193.0,17.0,0.46,37.0,4.0,0.46,11.0,5.9,0.32,3.0,2.0,23.0,2,2,8,0.63,0.63,2122
0.2,1.58,0.03,0.9,0.7,0.7,35.0,35.0,201.0,12.0,0.14,41.0,1.0,0.14,5.0,3.6,0.04,4.0,1.0,28.0,1,1,2,0.08,0.08,1819
0.0,2.83,0.09,2.3,1.8,1.8,65.0,65.0,321.0,22.0,0.12,58.0,5.0,0.12,19.0,2.6,0.24,4.0,5.0,47.0,4,4,4,0.2,0.2,1819
0.0,0.64,0.01,0.2,0.2,0.2,25.0,25.0,114.0,3.0,0.1,14.0,0.0,0.1,3.0,2.2,0.0,1.0,0.0,7.0,0,0,0,0.0,0.0,1920
0.08,1.36,0.04,0.3,0.5,0.5,27.0,27.0,66.0,6.0,0.09,17.0,2.0,0.09,3.0,1.1,0.16,0.0,0.0,11.0,0,0,0,0.0,0.0,2021
0.0,1.65,0.02,0.2,0.2,0.2,12.0,12.0,103.0,5.0,0.04,16.0,1.0,0.04,0.0,0.4,0.1,0.0,1.0,14.0,0,0,0,0.0,0.0,1920
0.03,2.11,0.02,1.0,0.5,0.5,36.0,36.0,224.0,12.0,0.09,49.0,4.0,0.09,10.0,2.0,0.17,12.0,2.0,38.0,0,0,2,0.08,0.08,2122
0.03,3.4,0.07,0.8,1.2,1.2,56.0,56.0,238.0,24.0,0.14,59.0,3.0,0.14,12.0,2.4,0.17,6.0,0.0,42.0,0,0,1,0.06,0.06,2324
0.0,2.01,0.02,0.5,0.3,0.3,6.0,6.0,117.0,6.0,0.07,26.0,5.0,0.07,4.0,1.0,0.39,1.0,3.0,20.0,0,0,2,0.16,0.16,2122
0.0,0.89,0.09,0.5,0.7,0.7,6.0,6.0,60.0,3.0,0.12,7.0,2.0,0.12,5.0,1.0,0.25,1.0,1.0,6.0,0,0,1,0.13,0.13,2223
0.0,2.67,0.11,2.0,2.0,2.0,31.0,31.0,212.0,16.0,0.17,48.0,4.0,0.17,14.0,3.0,0.22,4.0,3.0,39.0,2,2,2,0.11,0.11,2324
0.12,2.58,0.11,1.9,1.2,1.2,54.0,54.0,203.0,14.0,0.13,28.0,5.0,0.13,15.0,1.4,0.46,3.0,5.0,24.0,4,4,4,0.37,0.37,2021
0.08,1.92,0.08,3.0,1.9,1.9,117.0,117.0,475.0,19.0,0.09,48.0,5.0,0.09,33.0,2.3,0.2,8.0,5.0,42.0,3,3,4,0.16,0.16,2122
0.25,2.58,0.09,3.1,2.1,2.1,105.0,105.0,451.0,28.0,0.12,61.0,4.0,0.12,35.0,2.8,0.17,3.0,3.0,55.0,2,2,2,0.08,0.08,2223
0.0,2.08,0.14,3.0,2.7,2.7,67.0,67.0,310.0,20.0,0.16,41.0,6.0,0.16,25.0,3.2,0.3,5.0,6.0,35.0,5,5,5,0.25,0.25,2324
0.23,2.79,0.12,1.5,2.1,2.1,31.0,31.0,206.0,17.0,0.18,48.0,1.0,0.18,17.0,3.1,0.06,1.0,1.0,38.0,0,0,0,0.0,0.0,1819
0.21,4.24,0.24,3.0,4.1,4.1,27.0,27.0,257.0,32.0,0.36,73.0,8.0,0.41,19.0,6.2,0.47,1.0,8.0,60.0,4,4,6,0.35,0.29,1920
0.17,2.64,0.18,3.9,5.0,5.0,68.0,68.0,474.0,35.0,0.27,74.0,12.0,0.27,48.0,7.6,0.43,2.0,11.0,71.0,6,6,7,0.25,0.25,2021
0.11,2.64,0.11,3.3,2.6,2.6,96.0,96.0,447.0,23.0,0.34,64.0,10.0,0.34,32.0,8.3,0.41,6.0,7.0,52.0,4,4,10,0.41,0.41,2122
0.0,1.85,0.12,0.7,1.1,1.1,22.0,22.0,173.0,10.0,0.16,17.0,2.0,0.16,12.0,1.5,0.22,0.0,2.0,16.0,1,1,1,0.11,0.11,2223
0.24,2.09,0.07,0.7,0.8,0.8,60.0,60.0,211.0,7.0,0.47,22.0,1.0,0.47,12.0,4.9,0.09,8.0,1.0,13.0,0,0,5,0.47,0.47,2021
0.0,1.94,0.08,0.3,0.3,0.3,25.0,25.0,77.0,4.0,0.24,8.0,1.0,0.24,2.0,1.0,0.24,0.0,0.0,5.0,1,1,2,0.49,0.49,2122
0.0,0.51,0.02,0.8,0.4,0.4,6.0,6.0,72.0,3.0,0.03,13.0,5.0,0.03,2.0,0.9,0.19,0.0,5.0,12.0,1,1,1,0.04,0.04,1920
0.0,0.84,0.01,0.8,0.3,0.3,7.0,7.0,96.0,3.0,0.08,22.0,2.0,0.08,6.0,2.0,0.08,2.0,2.0,16.0,0,0,2,0.08,0.08,2021
0.04,0.64,0.0,0.7,0.1,0.1,8.0,8.0,65.0,2.0,0.08,16.0,1.0,0.08,2.0,2.0,0.04,0.0,1.0,12.0,0,0,1,0.04,0.04,2122
0.0,1.97,0.02,1.8,0.5,0.5,36.0,36.0,392.0,13.0,0.09,55.0,4.0,0.09,15.0,2.4,0.14,3.0,4.0,45.0,0,0,2,0.07,0.07,2324
0.0,0.89,0.01,0.3,0.1,0.1,2.0,2.0,34.0,3.0,0.05,17.0,1.0,0.05,3.0,1.0,0.05,0.0,0.0,15.0,0,0,1,0.05,0.05,1819
0.0,1.25,0.02,0.6,0.2,0.2,4.0,4.0,77.0,6.0,0.12,19.0,1.0,0.12,8.0,1.8,0.07,0.0,0.0,15.0,0,0,1,0.07,0.07,1920
0.0,0.51,0.0,0.4,0.0,0.0,7.0,7.0,48.0,0.0,0.04,11.0,1.0,0.04,0.0,0.8,0.05,1.0,1.0,9.0,0,0,2,0.09,0.09,2021
0.13,2.36,0.11,1.2,0.8,0.8,28.0,28.0,156.0,5.0,0.26,18.0,3.0,0.26,5.0,2.0,0.39,5.0,1.0,11.0,1,1,2,0.26,0.26,1819
0.16,4.19,0.15,1.7,2.2,2.2,59.0,59.0,314.0,31.0,0.29,64.0,5.0,0.29,12.0,4.4,0.33,9.0,2.0,41.0,2,2,2,0.13,0.13,1920
0.15,3.5,0.14,0.9,0.9,0.9,20.0,20.0,144.0,11.0,0.29,22.0,3.0,0.29,2.0,1.8,0.48,2.0,2.0,18.0,1,1,2,0.32,0.32,2021
0.0,3.02,0.12,2.5,2.4,2.4,57.0,57.0,379.0,23.0,0.19,60.0,9.0,0.31,22.0,3.7,0.45,6.0,7.0,51.0,3,3,8,0.4,0.25,2122
0.17,2.44,0.11,2.8,3.2,3.2,267.0,267.0,599.0,35.0,0.16,69.0,9.0,0.16,38.0,4.5,0.32,40.0,6.0,55.0,3,3,3,0.11,0.11,1920
0.16,2.38,0.12,2.9,3.4,3.4,202.0,202.0,576.0,28.0,0.19,69.0,10.0,0.19,31.0,5.6,0.34,29.0,7.0,54.0,5,5,7,0.24,0.24,2021
0.0,1.84,0.11,2.1,2.1,2.1,107.0,107.0,345.0,13.0,0.15,34.0,11.0,0.15,15.0,2.8,0.6,15.0,6.0,26.0,3,3,6,0.32,0.32,2122
0.11,1.39,0.03,0.9,0.7,0.7,74.0,74.0,310.0,10.0,0.05,29.0,4.0,0.05,13.0,1.0,0.19,15.0,4.0,24.0,0,0,0,0.0,0.0,2223
0.06,1.72,0.07,1.3,1.3,1.3,104.0,104.0,283.0,9.0,0.13,32.0,5.0,0.13,12.0,2.3,0.27,6.0,5.0,27.0,2,2,2,0.11,0.11,2324
0.17,4.19,0.17,3.3,3.5,3.5,80.0,80.0,390.0,41.0,0.29,86.0,5.0,0.29,18.0,6.0,0.24,5.0,2.0,64.0,4,4,6,0.29,0.29,1819
0.06,3.55,0.16,4.5,4.6,4.6,57.0,57.0,513.0,51.0,0.21,102.0,9.0,0.21,25.0,6.1,0.31,7.0,9.0,83.0,5,5,5,0.17,0.17,1920
0.12,3.25,0.09,3.4,2.8,2.8,77.0,77.0,519.0,38.0,0.15,104.0,13.0,0.2,35.0,4.9,0.41,7.0,10.0,86.0,2,2,6,0.19,0.12,2021
0.07,2.38,0.06,1.6,1.3,1.3,32.0,32.0,268.0,18.0,0.15,57.0,8.0,0.15,25.0,3.5,0.33,4.0,7.0,52.0,3,3,6,0.25,0.25,2122
0.12,2.06,0.07,1.3,1.8,1.8,37.0,37.0,283.0,22.0,0.12,56.0,7.0,0.12,13.0,3.2,0.26,4.0,5.0,46.0,2,2,2,0.07,0.07,2223
0.06,2.39,0.04,2.4,1.4,1.4,26.0,26.0,341.0,26.0,0.08,80.0,7.0,0.08,30.0,2.7,0.21,2.0,7.0,73.0,4,4,5,0.15,0.15,2324
0.1,1.77,0.04,1.0,0.9,0.9,24.0,24.0,307.0,14.0,0.07,38.0,5.0,0.07,6.0,1.5,0.23,4.0,3.0,31.0,2,2,2,0.09,0.09,2324
0.0,0.73,0.03,0.2,0.5,0.5,3.0,3.0,37.0,4.0,0.09,11.0,0.0,0.09,0.0,1.4,0.0,0.0,0.0,6.0,0,0,1,0.07,0.07,2021
0.0,0.53,0.01,0.1,0.1,0.1,0.0,0.0,24.0,3.0,0.08,6.0,0.0,0.08,0.0,0.9,0.0,0.0,0.0,5.0,0,0,0,0.0,0.0,2122
0.31,2.6,0.16,2.3,2.9,2.9,172.0,172.0,402.0,28.0,0.23,47.0,4.0,0.23,29.0,4.1,0.22,3.0,4.0,37.0,2,2,4,0.22,0.22,1819
0.26,2.8,0.22,1.6,2.2,2.2,94.0,94.0,284.0,19.0,0.27,27.0,5.0,0.27,21.0,2.6,0.52,4.0,5.0,23.0,3,3,3,0.31,0.31,1920
0.16,3.97,0.18,3.9,3.5,3.5,139.0,139.0,476.0,38.0,0.24,77.0,12.0,0.24,37.0,4.7,0.62,7.0,8.0,59.0,5,5,6,0.31,0.31,2021
0.0,1.51,0.16,1.0,2.0,2.0,56.0,56.0,243.0,11.0,0.2,19.0,2.0,0.2,8.0,2.5,0.16,2.0,2.0,12.0,2,2,3,0.24,0.24,2122
0.05,0.61,0.07,0.9,2.0,2.0,11.0,11.0,97.0,5.0,0.16,17.0,2.0,0.16,6.0,4.5,0.07,2.0,1.0,13.0,1,1,4,0.14,0.14,1920
0.0,2.17,0.14,0.5,1.1,1.1,56.0,56.0,123.0,10.0,0.37,17.0,3.0,0.37,5.0,2.9,0.38,5.0,1.0,13.0,2,2,3,0.38,0.38,1920
0.14,2.6,0.12,3.5,3.2,3.2,200.0,200.0,624.0,31.0,0.2,68.0,7.0,0.2,30.0,5.2,0.27,10.0,5.0,58.0,2,2,3,0.11,0.11,1819
0.03,1.77,0.05,1.2,1.1,1.1,73.0,73.0,270.0,19.0,0.11,35.0,3.0,0.11,7.0,2.2,0.15,3.0,2.0,28.0,2,2,2,0.1,0.1,2324
0.0,2.11,0.07,0.6,0.8,0.8,87.0,87.0,218.0,9.0,0.13,26.0,1.0,0.13,13.0,1.6,0.08,6.0,0.0,16.0,0,0,1,0.08,0.08,1718
0.2,2.68,0.06,1.7,1.4,1.4,20.0,20.0,229.0,19.0,0.12,59.0,3.0,0.12,17.0,2.5,0.14,6.0,3.0,49.0,2,2,4,0.18,0.18,2324
0.0,1.82,0.07,0.7,0.6,0.6,6.0,6.0,55.0,5.0,0.18,17.0,0.0,0.18,4.0,1.7,0.0,1.0,0.0,15.0,0,0,3,0.32,0.32,2122
0.11,3.47,0.28,6.6,7.5,7.5,133.0,133.0,602.0,55.0,0.35,93.0,16.0,0.41,30.0,9.5,0.6,6.0,11.0,51.0,6,6,9,0.34,0.26,1819
0.11,2.32,0.14,4.0,4.0,4.0,91.0,91.0,374.0,36.0,0.22,65.0,12.0,0.22,15.0,6.1,0.43,5.0,9.0,53.0,3,3,6,0.21,0.21,1920
0.0,3.05,0.09,3.1,1.7,1.7,59.0,59.0,277.0,27.0,0.16,56.0,3.0,0.2,17.0,2.9,0.16,2.0,3.0,48.0,2,2,4,0.22,0.16,2021
0.06,1.42,0.07,0.9,0.4,0.4,8.0,8.0,47.0,4.0,0.13,8.0,1.0,0.13,1.0,0.7,0.18,1.0,0.0,6.0,0,0,1,0.18,0.18,2122
0.25,3.18,0.19,5.0,4.9,4.9,187.0,187.0,621.0,36.0,0.38,83.0,7.0,0.38,37.0,10.0,0.27,12.0,6.0,67.0,3,3,7,0.27,0.27,1819
0.13,4.21,0.21,5.9,5.7,5.7,169.0,169.0,649.0,59.0,0.46,117.0,12.0,0.46,46.0,12.9,0.43,12.0,10.0,98.0,7,7,16,0.58,0.58,1920
0.1,3.06,0.12,3.6,2.7,2.7,78.0,78.0,427.0,29.0,0.32,69.0,7.0,0.46,43.0,7.1,0.31,4.0,6.0,62.0,3,3,11,0.49,0.31,2021
0.0,2.58,0.17,2.2,1.7,1.7,54.0,54.0,227.0,11.0,0.38,26.0,2.0,0.38,16.0,3.8,0.2,4.0,2.0,23.0,1,1,2,0.2,0.2,2122
0.14,1.58,0.05,0.6,0.4,0.4,19.0,19.0,141.0,6.0,0.2,11.0,1.0,0.2,5.0,1.4,0.14,0.0,1.0,9.0,1,1,2,0.29,0.29,2223
0.0,3.21,0.08,3.0,1.8,1.8,69.0,69.0,346.0,22.0,0.21,70.0,9.0,0.25,23.0,4.6,0.41,7.0,8.0,53.0,3,3,7,0.32,0.28,2324
0.0,3.39,0.08,0.3,0.3,0.3,28.0,28.0,67.0,3.0,0.24,15.0,0.0,0.24,1.0,1.1,0.0,3.0,0.0,11.0,0,0,0,0.0,0.0,1819
0.03,3.92,0.15,2.8,3.1,3.1,151.0,151.0,540.0,33.0,0.24,80.0,7.0,0.24,48.0,5.0,0.34,12.0,5.0,67.0,2,2,4,0.19,0.19,1819
0.0,2.58,0.11,0.8,0.7,0.7,47.0,47.0,218.0,9.0,0.15,15.0,2.0,0.15,10.0,0.9,0.34,4.0,2.0,14.0,2,2,2,0.34,0.34,2122
0.2,4.89,0.12,4.1,3.4,3.4,29.0,29.0,581.0,51.0,0.15,144.0,6.0,0.15,41.0,4.4,0.2,2.0,3.0,117.0,1,1,3,0.1,0.1,1819
0.21,3.56,0.09,2.6,2.8,2.8,40.0,40.0,476.0,39.0,0.2,107.0,14.0,0.2,40.0,5.9,0.47,5.0,14.0,91.0,6,6,9,0.3,0.3,1920
0.03,3.42,0.15,4.3,4.4,4.4,32.0,32.0,491.0,45.0,0.19,98.0,11.0,0.19,43.0,5.4,0.38,1.0,8.0,73.0,6,6,8,0.28,0.28,2021
0.48,2.01,0.21,0.2,0.4,0.4,7.0,7.0,38.0,4.0,0.38,4.0,0.0,0.38,2.0,0.7,0.0,0.0,0.0,4.0,0,0,1,0.5,0.5,1920
0.2,5.22,0.31,3.6,6.4,6.4,209.0,209.0,714.0,52.0,0.53,107.0,11.0,0.53,43.0,10.9,0.54,22.0,11.0,87.0,6,6,12,0.59,0.59,1718
0.27,3.39,0.25,5.1,5.0,5.0,228.0,228.0,647.0,30.0,0.46,67.0,10.0,0.46,45.0,9.1,0.51,30.0,7.0,48.0,4,4,5,0.25,0.25,1819
0.1,2.95,0.38,1.2,1.4,1.4,31.0,31.0,93.0,8.0,0.68,11.0,1.0,0.68,8.0,2.6,0.27,4.0,1.0,8.0,1,1,4,1.07,1.07,1920
0.0,3.23,0.16,3.8,3.3,3.3,166.0,166.0,617.0,33.0,0.34,67.0,8.0,0.34,31.0,7.0,0.39,16.0,5.0,48.0,2,2,7,0.34,0.34,2021
0.37,3.64,0.13,3.0,2.4,2.4,143.0,143.0,572.0,31.0,0.52,70.0,6.0,0.52,19.0,9.9,0.31,16.0,3.0,42.0,0,0,10,0.52,0.52,2122
0.4,4.74,0.3,4.2,4.9,4.9,108.0,108.0,517.0,41.0,0.65,76.0,12.0,0.7,26.0,10.4,0.75,11.0,7.0,47.0,6,6,15,0.94,0.94,2223
0.12,4.21,0.47,4.3,5.8,5.8,92.0,92.0,358.0,33.0,0.73,52.0,7.0,0.73,22.0,9.0,0.57,6.0,5.0,38.0,5,5,9,0.73,0.73,2324
0.09,2.6,0.08,2.7,2.0,2.0,148.0,148.0,413.0,31.0,0.3,66.0,5.0,0.3,21.0,7.6,0.2,8.0,4.0,55.0,1,1,8,0.32,0.32,1819
0.0,2.39,0.12,1.1,1.3,1.3,67.0,67.0,185.0,16.0,0.21,26.0,2.0,0.21,9.0,2.3,0.18,0.0,1.0,21.0,1,1,2,0.18,0.18,1920
0.0,1.65,0.12,0.4,0.5,0.5,29.0,29.0,78.0,4.0,0.33,7.0,0.0,0.33,5.0,1.4,0.0,2.0,0.0,5.0,0,0,0,0.0,0.0,2122
0.0,1.72,0.04,0.5,0.4,0.4,30.0,30.0,136.0,7.0,0.16,19.0,1.0,0.16,4.0,1.7,0.09,0.0,1.0,9.0,0,0,0,0.0,0.0,2223
0.18,1.94,0.06,1.9,1.6,1.6,100.0,100.0,294.0,22.0,0.15,50.0,4.0,0.15,15.0,3.9,0.16,15.0,4.0,41.0,2,2,6,0.23,0.23,2324
0.0,2.77,0.1,2.1,1.6,1.6,78.0,78.0,247.0,22.0,0.16,46.0,3.0,0.16,13.0,2.6,0.18,16.0,3.0,31.0,2,2,2,0.12,0.12,1819
0.0,2.88,0.13,1.1,1.1,1.1,58.0,58.0,165.0,14.0,0.17,25.0,0.0,0.17,9.0,1.5,0.0,11.0,0.0,19.0,0,0,2,0.23,0.23,1920
0.0,1.77,0.07,1.8,1.7,1.7,80.0,80.0,306.0,21.0,0.11,43.0,4.0,0.11,22.0,2.6,0.16,3.0,4.0,31.0,3,3,4,0.16,0.16,1920
0.0,0.97,0.02,1.1,0.8,0.8,15.0,15.0,101.0,8.0,0.04,30.0,4.0,0.04,6.0,1.2,0.13,2.0,3.0,25.0,0,0,0,0.0,0.0,2021
0.0,2.14,0.13,4.1,3.8,3.8,115.0,115.0,470.0,31.0,0.33,61.0,4.0,0.33,26.0,9.3,0.14,3.0,4.0,52.0,3,3,7,0.25,0.25,1819
0.28,1.32,0.02,0.6,0.4,0.4,28.0,28.0,168.0,8.0,0.06,25.0,2.0,0.06,7.0,1.1,0.11,1.0,1.0,19.0,0,0,1,0.05,0.05,1920
0.24,3.37,0.17,2.7,2.8,2.8,98.0,98.0,439.0,22.0,0.65,56.0,9.0,0.69,19.0,10.7,0.54,9.0,8.0,42.0,5,5,16,0.96,0.9,1920
0.47,4.03,0.28,6.4,7.0,7.0,208.0,208.0,709.0,49.0,0.57,102.0,15.0,0.68,34.0,14.5,0.59,23.0,9.0,63.0,6,6,14,0.55,0.55,2021
0.45,3.46,0.17,1.4,2.6,2.6,78.0,78.0,308.0,20.0,0.46,52.0,7.0,0.51,9.0,6.9,0.47,11.0,3.0,36.0,4,4,10,0.67,0.6,2223
0.12,4.1,0.18,1.8,2.9,2.9,142.0,142.0,329.0,16.0,0.41,65.0,12.0,0.41,18.0,6.5,0.76,17.0,8.0,39.0,6,6,10,0.63,0.63,1819
0.06,2.09,0.1,1.9,2.4,2.4,110.0,110.0,412.0,22.0,0.28,53.0,7.0,0.28,19.0,7.1,0.28,20.0,3.0,34.0,3,3,7,0.28,0.28,1920
0.05,3.11,0.11,1.5,1.7,1.7,107.0,107.0,309.0,15.0,0.43,49.0,6.0,0.43,10.0,6.8,0.38,12.0,4.0,29.0,1,1,4,0.25,0.25,2021
0.25,2.48,0.09,2.2,1.6,1.6,97.0,97.0,341.0,17.0,0.26,47.0,2.0,0.26,17.0,4.9,0.11,11.0,1.0,25.0,1,1,6,0.32,0.32,2122
0.0,2.84,0.14,2.7,2.9,2.9,102.0,102.0,412.0,20.0,0.32,58.0,11.0,0.32,26.0,6.6,0.54,8.0,8.0,37.0,5,5,11,0.54,0.54,2223
0.0,2.58,0.06,0.6,0.4,0.4,40.0,40.0,115.0,7.0,0.24,16.0,2.0,0.24,4.0,1.5,0.32,4.0,1.0,12.0,0,0,1,0.16,0.16,1819
0.09,3.38,0.15,2.9,2.4,2.4,67.0,67.0,467.0,24.0,0.23,56.0,7.0,0.23,33.0,3.7,0.42,10.0,5.0,47.0,2,2,2,0.12,0.12,2021
0.0,3.48,0.11,3.8,2.3,2.3,63.0,63.0,530.0,31.0,0.14,75.0,6.0,0.14,42.0,2.9,0.28,5.0,6.0,69.0,2,2,4,0.19,0.19,2122
0.09,2.99,0.11,4.1,2.9,2.9,153.0,153.0,618.0,43.0,0.16,75.0,3.0,0.16,43.0,4.1,0.12,2.0,1.0,48.0,3,3,4,0.16,0.16,2122
0.14,3.04,0.2,5.7,4.3,4.3,94.0,94.0,467.0,38.0,0.26,65.0,4.0,0.26,38.0,5.5,0.19,5.0,4.0,45.0,2,2,5,0.24,0.24,2223
0.0,3.08,0.17,2.4,2.6,2.6,155.0,155.0,477.0,25.0,0.33,49.0,6.0,0.33,29.0,5.2,0.38,6.0,4.0,37.0,2,2,6,0.38,0.38,1920
0.17,3.38,0.13,1.0,1.3,1.3,74.0,74.0,238.0,15.0,0.3,36.0,3.0,0.3,8.0,3.2,0.28,4.0,2.0,29.0,0,0,2,0.19,0.19,2021
0.0,3.86,0.19,3.4,4.5,4.5,192.0,192.0,730.0,43.0,0.3,93.0,10.0,0.3,34.0,7.3,0.42,10.0,7.0,66.0,4,4,8,0.33,0.33,2122
0.0,1.08,0.03,0.9,0.3,0.3,13.0,13.0,94.0,6.0,0.09,14.0,1.0,0.09,9.0,1.2,0.08,0.0,1.0,13.0,0,0,1,0.08,0.08,2223
0.0,2.86,0.18,0.3,0.5,0.5,33.0,33.0,89.0,5.0,0.21,8.0,1.0,0.21,3.0,0.6,0.36,2.0,1.0,7.0,0,0,0,0.0,0.0,2324
0.0,2.4,0.24,1.2,2.6,2.6,62.0,62.0,174.0,13.0,0.52,26.0,2.0,0.52,6.0,5.6,0.18,6.0,1.0,16.0,3,3,4,0.37,0.37,2122
0.15,2.42,0.09,0.2,0.4,0.4,20.0,20.0,69.0,4.0,0.36,12.0,0.0,0.38,1.0,1.8,0.0,0.0,0.0,8.0,0,0,1,0.2,0.2,2223
0.2,1.17,0.03,0.2,0.2,0.2,6.0,6.0,32.0,4.0,0.04,7.0,1.0,0.04,0.0,0.3,0.17,2.0,1.0,7.0,0,0,0,0.0,0.0,1819
0.33,2.04,0.15,2.1,2.3,2.3,75.0,75.0,193.0,16.0,0.24,31.0,9.0,0.24,7.0,3.7,0.59,18.0,4.0,24.0,3,3,6,0.39,0.39,1920
0.07,2.77,0.17,5.4,5.6,5.6,215.0,215.0,631.0,44.0,0.28,91.0,18.0,0.28,37.0,9.0,0.55,27.0,14.0,71.0,11,11,23,0.7,0.7,2021
0.14,3.17,0.19,3.1,3.6,3.6,139.0,139.0,415.0,29.0,0.3,60.0,3.0,0.3,30.0,5.7,0.16,15.0,3.0,54.0,2,2,3,0.16,0.16,2223
0.14,1.68,0.2,4.5,5.6,5.6,179.0,179.0,537.0,26.0,0.34,48.0,8.0,0.34,36.0,9.7,0.28,20.0,7.0,40.0,4,4,10,0.35,0.35,2324
0.0,1.27,0.0,0.0,0.0,0.0,3.0,3.0,17.0,0.0,0.1,3.0,1.0,0.1,2.0,0.2,0.42,0.0,0.0,2.0,0,0,0,0.0,0.0,1819
0.0,1.97,0.07,2.5,1.7,1.7,4.0,4.0,129.0,22.0,0.15,49.0,8.0,0.15,31.0,3.7,0.32,3.0,8.0,44.0,5,5,9,0.36,0.36,2324
0.0,2.6,0.06,1.4,1.3,1.3,186.0,186.0,412.0,17.0,0.2,53.0,3.0,0.2,14.0,4.1,0.15,13.0,2.0,43.0,2,2,3,0.15,0.15,1819
0.1,2.5,0.05,0.8,0.8,0.8,97.0,97.0,284.0,16.0,0.1,41.0,4.0,0.1,12.0,1.6,0.24,6.0,2.0,29.0,2,2,2,0.12,0.12,2021
0.0,1.65,0.14,0.6,1.5,1.5,62.0,62.0,178.0,7.0,0.21,17.0,2.0,0.21,5.0,2.1,0.19,7.0,2.0,11.0,1,1,2,0.19,0.19,2122
0.0,2.67,0.15,0.7,1.1,1.1,56.0,56.0,131.0,10.0,0.31,19.0,0.0,0.31,8.0,2.2,0.0,4.0,0.0,17.0,0,0,1,0.14,0.14,2223
0.09,1.82,0.06,1.1,1.0,1.0,65.0,65.0,231.0,12.0,0.11,30.0,2.0,0.11,18.0,1.8,0.12,1.0,1.0,26.0,0,0,1,0.06,0.06,2324
0.0,2.71,0.09,2.6,2.1,2.1,107.0,107.0,306.0,22.0,0.24,59.0,11.0,0.28,11.0,5.3,0.5,3.0,7.0,35.0,5,5,8,0.37,0.37,2021
0.0,2.38,0.05,0.7,0.4,0.4,51.0,51.0,146.0,5.0,0.39,18.0,3.0,0.49,5.0,2.9,0.4,5.0,1.0,10.0,0,0,6,0.79,0.66,2122
0.24,3.12,0.19,3.5,5.0,5.0,225.0,225.0,617.0,38.0,0.6,81.0,13.0,0.6,22.0,15.7,0.5,40.0,8.0,55.0,6,6,16,0.62,0.62,1819
0.15,3.58,0.12,3.1,3.8,3.8,330.0,330.0,988.0,43.0,0.39,116.0,20.0,0.39,54.0,12.8,0.62,78.0,16.0,87.0,9,9,20,0.62,0.62,2021
0.16,1.97,0.15,2.0,2.1,2.1,118.0,118.0,310.0,9.0,0.36,27.0,3.0,0.36,10.0,5.0,0.22,26.0,3.0,16.0,2,2,6,0.44,0.44,2122
0.08,3.06,0.11,2.8,3.4,3.4,245.0,245.0,704.0,30.0,0.59,98.0,14.0,0.59,53.0,18.8,0.44,55.0,8.0,61.0,5,5,22,0.69,0.69,2223
0.41,3.45,0.09,2.8,2.3,2.3,185.0,185.0,571.0,23.0,0.32,87.0,12.0,0.38,30.0,8.1,0.48,64.0,10.0,57.0,2,2,9,0.36,0.28,2324
0.09,5.49,0.46,2.1,2.3,2.3,42.0,42.0,159.0,13.0,0.92,27.0,3.0,1.08,9.0,4.5,0.61,15.0,2.0,14.0,2,2,4,0.81,0.61,2425
0.23,4.29,0.22,4.2,5.2,5.2,171.0,171.0,686.0,44.0,0.39,101.0,9.0,0.39,35.0,9.1,0.38,25.0,6.0,72.0,4,4,7,0.3,0.3,2324
0.16,3.23,0.31,5.4,7.5,7.5,217.0,217.0,514.0,30.0,0.72,79.0,12.0,0.72,22.0,17.7,0.49,49.0,7.0,47.0,8,8,18,0.74,0.74,1920
0.0,2.86,0.13,2.0,2.4,2.4,162.0,162.0,358.0,16.0,0.55,55.0,13.0,0.55,7.0,10.5,0.68,39.0,5.0,27.0,3,3,11,0.57,0.57,2021
0.21,3.64,0.11,1.4,1.1,1.1,95.0,95.0,173.0,13.0,0.57,36.0,2.0,0.57,10.0,5.7,0.2,21.0,0.0,20.0,0,0,3,0.28,0.28,2122
0.23,2.36,0.19,3.1,5.2,5.2,170.0,170.0,454.0,29.0,0.78,66.0,12.0,0.78,20.0,21.8,0.43,47.0,7.0,39.0,6,6,19,0.68,0.68,2223
0.16,2.71,0.12,3.6,3.7,3.7,192.0,192.0,474.0,29.0,0.6,81.0,17.0,0.6,19.0,18.0,0.57,40.0,10.0,51.0,7,7,20,0.67,0.67,2324
0.0,2.41,0.1,1.9,2.9,2.9,127.0,127.0,405.0,29.0,0.53,67.0,11.0,0.56,10.0,14.7,0.39,20.0,6.0,43.0,4,4,22,0.79,0.75,1718
0.26,1.58,0.02,0.2,0.1,0.1,30.0,30.0,87.0,2.0,0.31,9.0,1.0,0.31,2.0,1.8,0.18,5.0,1.0,4.0,0,0,1,0.18,0.18,2021
0.12,3.09,0.06,0.2,0.7,0.7,38.0,38.0,138.0,9.0,0.6,32.0,4.0,0.6,2.0,6.2,0.39,3.0,3.0,20.0,0,0,8,0.77,0.77,1819
0.0,1.91,0.18,0.6,1.5,1.5,60.0,60.0,154.0,8.0,0.56,16.0,2.0,0.56,2.0,4.6,0.24,5.0,2.0,13.0,1,1,1,0.12,0.12,1819
0.0,2.31,0.04,1.2,0.6,0.6,59.0,59.0,230.0,9.0,0.5,36.0,1.0,0.5,10.0,7.8,0.06,5.0,1.0,18.0,0,0,5,0.32,0.32,1920
0.09,1.63,0.09,2.6,2.6,2.6,128.0,128.0,426.0,16.0,0.15,47.0,4.0,0.15,19.0,4.5,0.14,10.0,3.0,36.0,2,2,3,0.1,0.1,1819
0.1,1.6,0.05,1.5,1.2,1.2,80.0,80.0,284.0,19.0,0.11,35.0,3.0,0.11,14.0,2.4,0.14,2.0,2.0,27.0,2,2,2,0.09,0.09,1920
0.0,1.56,0.1,1.6,2.1,2.1,84.0,84.0,364.0,12.0,0.15,32.0,4.0,0.15,20.0,3.0,0.19,3.0,3.0,26.0,2,2,2,0.1,0.1,2021
0.0,3.87,0.33,5.1,6.2,6.2,182.0,182.0,574.0,40.0,0.59,72.0,8.0,0.59,26.0,10.9,0.43,11.0,8.0,60.0,7,7,14,0.75,0.75,1819
0.03,3.11,0.23,1.1,1.3,1.3,56.0,56.0,179.0,11.0,0.45,18.0,0.0,0.58,11.0,2.6,0.0,3.0,0.0,16.0,0,0,3,0.52,0.35,1920
0.12,3.31,0.13,3.8,3.0,3.0,118.0,118.0,449.0,35.0,0.26,76.0,6.0,0.26,32.0,5.9,0.26,2.0,5.0,61.0,2,2,5,0.22,0.22,2324
0.0,0.67,0.01,0.9,0.4,0.4,11.0,11.0,70.0,5.0,0.1,21.0,2.0,0.1,2.0,3.0,0.06,1.0,1.0,14.0,0,0,3,0.1,0.1,1819
0.03,0.81,0.01,0.1,0.1,0.1,2.0,2.0,23.0,2.0,0.03,11.0,0.0,0.03,2.0,0.4,0.0,0.0,0.0,8.0,0,0,0,0.0,0.0,1920
0.05,1.22,0.02,1.3,0.6,0.6,23.0,23.0,198.0,10.0,0.06,35.0,4.0,0.06,18.0,1.6,0.14,1.0,4.0,33.0,1,1,2,0.07,0.07,2021
0.09,1.35,0.04,0.7,0.8,0.8,21.0,21.0,189.0,9.0,0.14,28.0,3.0,0.14,13.0,2.9,0.14,2.0,2.0,22.0,1,1,3,0.14,0.14,2122
0.04,1.41,0.06,1.4,1.4,1.4,17.0,17.0,171.0,14.0,0.15,33.0,3.0,0.15,11.0,3.5,0.13,0.0,1.0,27.0,2,2,5,0.21,0.21,2223
0.0,1.58,0.03,1.1,0.8,0.8,61.0,61.0,251.0,17.0,0.08,45.0,6.0,0.08,18.0,2.2,0.21,1.0,3.0,37.0,1,1,1,0.04,0.04,2324
0.0,2.68,0.06,1.1,1.1,1.1,29.0,29.0,212.0,13.0,0.12,48.0,4.0,0.12,13.0,2.2,0.22,3.0,1.0,38.0,1,1,2,0.11,0.11,1819
0.0,1.43,0.04,1.1,0.8,0.8,15.0,15.0,178.0,12.0,0.08,27.0,2.0,0.08,12.0,1.5,0.11,1.0,0.0,18.0,0,0,1,0.05,0.05,2021
0.07,1.51,0.02,0.6,0.4,0.4,30.0,30.0,130.0,6.0,0.11,33.0,2.0,0.11,5.0,2.3,0.09,3.0,1.0,26.0,0,0,2,0.09,0.09,2122
0.0,0.55,0.02,0.5,0.3,0.3,9.0,9.0,81.0,3.0,0.04,8.0,2.0,0.04,5.0,0.6,0.14,0.0,1.0,6.0,1,1,1,0.07,0.07,2223
0.03,1.29,0.01,0.2,0.1,0.1,10.0,10.0,73.0,4.0,0.04,12.0,1.0,0.04,3.0,0.4,0.11,0.0,1.0,11.0,0,0,0,0.0,0.0,2223
0.2,1.42,0.05,1.3,1.5,1.5,49.0,49.0,308.0,20.0,0.19,47.0,5.0,0.19,8.0,6.2,0.15,3.0,4.0,42.0,1,1,5,0.15,0.15,2324
0.0,2.5,0.17,3.8,3.7,3.7,145.0,145.0,389.0,30.0,0.45,56.0,10.0,0.45,18.0,10.1,0.45,1.0,7.0,46.0,6,6,15,0.67,0.67,1819
0.16,3.05,0.14,2.8,3.9,3.9,88.0,88.0,497.0,42.0,0.5,82.0,11.0,0.5,28.0,13.3,0.41,9.0,8.0,71.0,5,5,14,0.52,0.52,1920
0.27,4.01,0.2,1.4,2.5,2.5,91.0,91.0,273.0,17.0,0.55,50.0,6.0,0.55,26.0,6.8,0.48,12.0,5.0,40.0,2,2,8,0.64,0.64,2021
0.1,3.15,0.26,4.2,5.7,5.7,142.0,142.0,444.0,39.0,0.65,70.0,13.0,0.65,25.0,14.4,0.58,18.0,13.0,60.0,6,6,19,0.85,0.85,2122
0.26,2.58,0.11,1.6,2.2,2.2,83.0,83.0,279.0,16.0,0.4,51.0,6.0,0.4,25.0,7.9,0.3,3.0,5.0,46.0,2,2,7,0.36,0.36,2223
0.18,2.72,0.18,3.3,4.1,4.1,74.0,74.0,310.0,31.0,0.42,62.0,12.0,0.49,24.0,9.6,0.53,4.0,9.0,52.0,6,6,12,0.53,0.44,2324
0.0,0.88,0.0,0.1,0.0,0.0,2.0,2.0,18.0,1.0,0.13,7.0,0.0,0.13,0.0,1.0,0.0,0.0,0.0,4.0,0,0,0,0.0,0.0,2122
0.03,2.21,0.08,0.8,0.9,0.9,71.0,71.0,184.0,12.0,0.22,24.0,3.0,0.22,11.0,2.4,0.28,5.0,3.0,20.0,0,0,1,0.09,0.09,2021
0.27,3.15,0.16,4.6,4.6,4.6,199.0,199.0,585.0,39.0,0.37,91.0,5.0,0.47,44.0,10.7,0.17,24.0,3.0,62.0,1,1,12,0.42,0.28,2223
0.1,3.26,0.23,4.3,3.4,3.4,107.0,107.0,329.0,21.0,0.32,49.0,6.0,0.32,22.0,4.9,0.4,13.0,6.0,39.0,4,4,5,0.33,0.33,2324
0.19,2.07,0.1,1.1,0.9,0.9,73.0,73.0,186.0,7.0,0.15,19.0,2.0,0.15,4.0,1.3,0.22,3.0,2.0,17.0,0,0,1,0.11,0.11,1819
0.07,2.55,0.14,1.5,2.3,2.3,96.0,96.0,277.0,19.0,0.22,40.0,6.0,0.22,15.0,3.4,0.38,5.0,4.0,33.0,3,3,4,0.26,0.26,1920
0.07,2.22,0.08,2.8,2.4,2.4,132.0,132.0,447.0,23.0,0.2,63.0,8.0,0.2,22.0,5.5,0.28,18.0,6.0,41.0,2,2,4,0.14,0.14,2021
0.06,2.32,0.07,1.6,1.0,1.0,112.0,112.0,268.0,10.0,0.2,34.0,5.0,0.2,11.0,2.9,0.34,14.0,3.0,24.0,1,1,4,0.27,0.27,2122
0.08,2.75,0.16,3.2,2.9,2.9,151.0,151.0,411.0,22.0,0.23,48.0,6.0,0.23,29.0,4.0,0.34,13.0,5.0,36.0,1,1,2,0.11,0.11,2223
0.13,2.78,0.13,2.3,1.6,1.6,79.0,79.0,266.0,11.0,0.17,36.0,3.0,0.17,16.0,2.2,0.23,3.0,3.0,31.0,1,1,1,0.08,0.08,2324
0.13,2.33,0.06,1.3,1.6,1.6,178.0,178.0,376.0,30.0,0.34,64.0,3.0,0.34,14.0,9.4,0.11,9.0,2.0,51.0,2,2,8,0.29,0.29,1819
0.1,2.51,0.07,2.0,1.9,1.9,47.0,47.0,311.0,21.0,0.09,64.0,12.0,0.22,23.0,2.4,0.47,4.0,10.0,55.0,5,5,10,0.39,0.24,1819
0.0,2.83,0.1,3.0,3.1,3.1,53.0,53.0,381.0,43.0,0.12,84.0,10.0,0.2,27.0,3.6,0.34,5.0,6.0,60.0,3,3,7,0.24,0.13,1920
0.39,2.3,0.1,1.1,1.6,1.6,94.0,94.0,250.0,13.0,0.4,36.0,2.0,0.4,8.0,6.3,0.13,6.0,1.0,24.0,1,1,3,0.19,0.19,1819
0.0,4.49,0.33,3.4,4.3,4.3,67.0,67.0,292.0,30.0,0.7,58.0,10.0,0.84,13.0,9.0,0.77,3.0,4.0,28.0,5,5,10,0.77,0.7,1920
0.06,1.27,0.05,0.2,0.2,0.2,23.0,23.0,69.0,3.0,0.28,5.0,0.0,0.28,1.0,1.1,0.0,2.0,0.0,4.0,0,0,0,0.0,0.0,1920
0.36,2.77,0.12,1.7,1.9,1.9,69.0,69.0,272.0,23.0,0.31,46.0,2.0,0.31,7.0,5.1,0.12,6.0,1.0,23.0,1,1,4,0.24,0.24,2021
0.0,4.36,0.3,6.3,6.8,6.8,160.0,160.0,543.0,55.0,0.53,98.0,10.0,0.53,28.0,11.9,0.44,15.0,7.0,59.0,8,8,13,0.58,0.58,2122
0.03,2.99,0.2,2.6,4.4,4.4,195.0,195.0,479.0,36.0,0.56,66.0,8.0,0.6,15.0,12.5,0.36,24.0,7.0,52.0,4,4,14,0.63,0.59,1819
0.0,2.97,0.13,2.1,3.8,3.8,221.0,221.0,618.0,44.0,0.54,89.0,7.0,0.62,19.0,16.3,0.23,16.0,5.0,71.0,1,1,15,0.5,0.43,2122
0.34,2.58,0.11,1.4,1.9,1.9,116.0,116.0,255.0,22.0,0.39,44.0,5.0,0.53,14.0,6.7,0.29,6.0,3.0,36.0,0,0,10,0.59,0.41,2223
0.33,2.71,0.29,2.1,2.6,2.6,77.0,77.0,165.0,16.0,0.85,24.0,3.0,0.85,10.0,7.6,0.34,4.0,3.0,22.0,3,3,8,0.9,0.9,2324
0.04,2.38,0.09,1.9,1.7,1.7,43.0,43.0,217.0,16.0,0.31,47.0,1.0,0.31,8.0,6.1,0.05,13.0,1.0,35.0,1,1,6,0.3,0.3,1819
0.0,1.71,0.16,0.8,1.3,1.3,46.0,46.0,148.0,10.0,0.21,14.0,2.0,0.21,8.0,1.7,0.24,6.0,2.0,11.0,2,2,4,0.49,0.49,1819
0.13,3.84,0.12,0.6,1.0,1.0,68.0,68.0,176.0,16.0,0.32,32.0,1.0,0.32,9.0,2.6,0.12,13.0,1.0,25.0,1,1,2,0.24,0.24,1819
0.0,2.41,0.12,0.9,1.9,1.9,102.0,102.0,262.0,14.0,0.29,38.0,3.0,0.29,13.0,4.5,0.19,15.0,3.0,31.0,2,2,5,0.32,0.32,2021
0.0,3.38,0.1,1.4,1.2,1.2,102.0,102.0,292.0,15.0,0.25,43.0,1.0,0.25,19.0,3.2,0.08,19.0,1.0,30.0,0,0,3,0.23,0.23,2122
0.04,1.08,0.0,0.0,0.0,0.0,4.0,4.0,35.0,0.0,0.05,4.0,1.0,0.05,1.0,0.2,0.27,0.0,1.0,2.0,0,0,1,0.27,0.27,1819
0.0,3.22,0.08,1.3,2.1,2.1,78.0,78.0,399.0,30.0,0.15,83.0,8.0,0.15,9.0,4.0,0.31,8.0,6.0,55.0,1,1,2,0.08,0.08,1920
0.0,0.94,0.03,0.5,0.6,0.6,1.0,1.0,31.0,10.0,0.06,19.0,1.0,0.06,3.0,1.3,0.05,0.0,1.0,17.0,0,0,0,0.0,0.0,1920
0.0,0.57,0.0,0.3,0.1,0.1,1.0,1.0,55.0,1.0,0.02,11.0,0.0,0.02,1.0,0.3,0.0,0.0,0.0,10.0,0,0,0,0.0,0.0,2021
0.04,1.46,0.05,0.9,0.8,0.8,9.0,9.0,112.0,4.0,0.16,24.0,3.0,0.16,16.0,2.6,0.18,1.0,2.0,21.0,1,1,4,0.24,0.24,1920
0.0,0.72,0.01,0.8,0.2,0.2,7.0,7.0,78.0,3.0,0.1,17.0,5.0,0.1,12.0,2.5,0.21,0.0,4.0,16.0,1,1,4,0.17,0.17,2021
0.0,0.63,0.02,1.3,0.5,0.5,15.0,15.0,117.0,9.0,0.09,19.0,2.0,0.09,3.0,2.6,0.07,2.0,2.0,15.0,0,0,2,0.07,0.07,2223
0.06,5.26,0.43,0.7,0.7,0.7,11.0,11.0,40.0,5.0,0.58,9.0,1.0,0.58,4.0,1.0,0.58,1.0,0.0,8.0,0,0,0,0.0,0.0,2324
0.05,1.07,0.01,0.4,0.2,0.2,14.0,14.0,106.0,8.0,0.06,23.0,2.0,0.06,3.0,1.3,0.09,1.0,1.0,21.0,0,0,1,0.05,0.05,2021
0.1,1.34,0.06,0.4,1.2,1.2,21.0,21.0,121.0,8.0,0.25,28.0,3.0,0.25,2.0,5.2,0.14,2.0,2.0,20.0,1,1,6,0.29,0.29,2122
0.12,2.5,0.1,2.1,3.1,3.1,87.0,87.0,364.0,31.0,0.42,75.0,5.0,0.42,11.0,12.5,0.17,9.0,3.0,60.0,3,3,10,0.33,0.33,2223
0.08,1.2,0.04,2.2,1.0,1.0,81.0,81.0,253.0,12.0,0.3,29.0,6.0,0.3,11.0,7.2,0.25,1.0,5.0,22.0,3,3,7,0.29,0.29,2324
0.17,2.69,0.06,2.6,2.0,2.0,40.0,40.0,550.0,31.0,0.09,89.0,8.0,0.11,31.0,3.0,0.24,2.0,8.0,82.0,3,3,5,0.15,0.12,1819
0.03,2.51,0.06,1.7,1.8,1.8,46.0,46.0,452.0,34.0,0.1,76.0,10.0,0.1,25.0,3.0,0.33,0.0,10.0,70.0,5,5,7,0.23,0.23,1920
0.0,2.09,0.03,1.8,0.9,0.9,34.0,34.0,439.0,19.0,0.05,70.0,7.0,0.05,21.0,1.6,0.21,5.0,6.0,66.0,1,1,2,0.06,0.06,2021
0.03,1.48,0.01,1.1,0.3,0.3,30.0,30.0,327.0,7.0,0.08,42.0,3.0,0.08,21.0,2.3,0.11,2.0,3.0,38.0,0,0,3,0.11,0.11,2122
0.17,1.55,0.06,2.0,1.8,1.8,23.0,23.0,354.0,20.0,0.09,51.0,2.0,0.09,24.0,2.9,0.06,2.0,2.0,45.0,1,1,4,0.12,0.12,2223
0.12,1.87,0.04,1.2,1.2,1.2,22.0,22.0,294.0,23.0,0.06,54.0,7.0,0.06,20.0,1.8,0.24,0.0,7.0,43.0,5,5,5,0.17,0.17,2324
0.06,1.07,0.03,0.8,0.7,0.7,49.0,49.0,210.0,10.0,0.07,25.0,3.0,0.07,12.0,1.5,0.13,2.0,3.0,18.0,1,1,2,0.09,0.09,1920
0.32,1.67,0.23,1.5,2.3,2.3,56.0,56.0,138.0,7.0,0.62,17.0,6.0,0.62,1.0,6.3,0.59,2.0,6.0,14.0,3,3,7,0.69,0.69,1718
0.05,2.65,0.12,0.2,0.6,0.6,30.0,30.0,96.0,2.0,0.71,12.0,1.0,0.71,1.0,3.2,0.22,6.0,0.0,4.0,0,0,1,0.22,0.22,1920
0.15,2.19,0.1,0.9,2.2,2.2,80.0,80.0,280.0,15.0,0.39,47.0,5.0,0.43,9.0,8.5,0.23,12.0,5.0,29.0,1,1,7,0.33,0.33,1920
0.38,1.99,0.18,1.8,2.3,2.3,91.0,91.0,221.0,12.0,0.53,26.0,4.0,0.59,5.0,6.9,0.31,14.0,2.0,20.0,2,2,4,0.31,0.31,2021
0.0,0.41,0.0,0.4,0.0,0.0,11.0,11.0,53.0,0.0,0.03,12.0,1.0,0.03,6.0,1.0,0.03,1.0,0.0,8.0,0,0,1,0.03,0.03,2324
0.0,2.93,0.18,1.1,1.7,1.7,97.0,97.0,180.0,13.0,0.81,27.0,6.0,0.81,4.0,7.5,0.65,9.0,2.0,19.0,2,2,6,0.65,0.65,1819
0.04,1.22,0.03,1.6,1.0,1.0,35.0,35.0,168.0,8.0,0.16,37.0,2.0,0.16,6.0,4.8,0.07,2.0,0.0,23.0,1,1,9,0.3,0.3,1920
0.0,1.25,0.01,0.2,0.1,0.1,12.0,12.0,76.0,2.0,0.21,9.0,0.0,0.21,3.0,1.5,0.0,2.0,0.0,7.0,0,0,1,0.14,0.14,2122
0.0,1.89,0.05,0.4,0.3,0.3,10.0,10.0,54.0,3.0,0.08,11.0,1.0,0.08,2.0,0.5,0.17,1.0,1.0,9.0,0,0,0,0.0,0.0,2223
0.0,0.48,0.0,0.1,0.0,0.0,5.0,5.0,27.0,0.0,0.03,3.0,0.0,0.03,1.0,0.2,0.0,0.0,0.0,2.0,0,0,0,0.0,0.0,2324
0.06,0.57,0.0,0.1,0.0,0.0,1.0,1.0,13.0,1.0,0.04,7.0,1.0,0.04,3.0,0.5,0.08,0.0,0.0,4.0,0,0,0,0.0,0.0,1819
0.19,1.69,0.07,1.4,1.2,1.2,127.0,127.0,291.0,14.0,0.27,32.0,3.0,0.27,9.0,5.1,0.16,12.0,2.0,19.0,1,1,3,0.16,0.16,2223
0.0,2.75,0.14,2.6,2.9,2.9,121.0,121.0,347.0,21.0,0.43,57.0,6.0,0.43,9.0,9.0,0.29,12.0,5.0,39.0,4,4,8,0.39,0.39,2324
0.15,3.69,0.15,2.3,2.6,2.6,116.0,116.0,290.0,29.0,0.4,61.0,6.0,0.4,16.0,6.6,0.36,8.0,4.0,50.0,0,0,9,0.55,0.55,1819
0.26,2.33,0.12,1.4,1.7,1.7,61.0,61.0,223.0,16.0,0.24,31.0,5.0,0.24,6.0,3.2,0.38,11.0,2.0,19.0,2,2,3,0.23,0.23,1920
0.1,3.25,0.13,4.2,3.6,3.6,188.0,188.0,570.0,40.0,0.3,88.0,9.0,0.33,19.0,8.2,0.33,17.0,7.0,62.0,7,7,16,0.59,0.55,2021
0.15,3.01,0.15,2.4,2.6,2.6,112.0,112.0,323.0,16.0,0.46,51.0,7.0,0.46,18.0,7.8,0.41,9.0,6.0,35.0,3,3,10,0.59,0.59,2324
0.21,4.77,0.23,6.8,6.5,6.5,121.0,121.0,760.0,62.0,0.34,134.0,19.0,0.34,72.0,9.5,0.68,22.0,13.0,84.0,6,6,10,0.36,0.36,1920
0.2,5.14,0.2,5.4,6.3,6.3,146.0,146.0,796.0,77.0,0.36,159.0,15.0,0.36,71.0,11.1,0.48,10.0,15.0,129.0,4,4,11,0.36,0.36,2122
0.0,0.43,0.0,0.1,0.0,0.0,5.0,5.0,39.0,1.0,0.05,3.0,0.0,0.05,0.0,0.4,0.0,0.0,0.0,3.0,0,0,0,0.0,0.0,1819
0.0,0.89,0.05,1.2,1.2,1.2,60.0,60.0,234.0,10.0,0.12,22.0,3.0,0.12,13.0,3.0,0.12,1.0,2.0,17.0,2,2,4,0.16,0.16,2021
0.0,3.76,0.34,2.2,2.1,2.1,58.0,58.0,174.0,9.0,0.54,23.0,1.0,0.54,7.0,3.3,0.16,4.0,0.0,15.0,1,1,1,0.16,0.16,2021
0.04,1.71,0.08,1.4,2.0,2.0,65.0,65.0,325.0,13.0,0.09,41.0,6.0,0.09,17.0,2.2,0.25,2.0,5.0,31.0,4,4,4,0.17,0.17,1718
0.0,1.99,0.09,1.8,1.8,1.8,117.0,117.0,447.0,21.0,0.16,42.0,2.0,0.16,33.0,3.3,0.09,7.0,1.0,38.0,1,1,1,0.05,0.05,1920
0.03,1.39,0.03,1.1,0.6,0.6,11.0,11.0,139.0,7.0,0.06,29.0,3.0,0.06,12.0,1.3,0.14,1.0,3.0,23.0,0,0,0,0.0,0.0,2021
0.09,1.32,0.02,0.8,0.6,0.6,23.0,23.0,195.0,15.0,0.1,38.0,1.0,0.1,9.0,2.8,0.03,2.0,1.0,30.0,1,1,3,0.1,0.1,2122
0.03,1.51,0.06,2.2,2.0,2.0,29.0,29.0,259.0,20.0,0.11,52.0,6.0,0.11,23.0,3.9,0.17,3.0,6.0,47.0,3,3,4,0.12,0.12,2223
0.03,1.87,0.05,2.0,1.5,1.5,27.0,27.0,267.0,16.0,0.14,55.0,4.0,0.14,15.0,4.1,0.14,5.0,4.0,47.0,1,1,5,0.17,0.17,2324
0.0,0.6,0.01,0.1,0.1,0.1,2.0,2.0,31.0,2.0,0.01,5.0,0.0,0.01,0.0,0.1,0.0,0.0,0.0,4.0,0,0,0,0.0,0.0,2021
0.0,1.55,0.12,2.0,2.5,2.5,177.0,177.0,433.0,13.0,0.17,32.0,6.0,0.17,13.0,3.5,0.29,13.0,5.0,27.0,2,2,2,0.1,0.1,2324
0.3,3.64,0.26,6.5,7.8,7.8,150.0,150.0,559.0,58.0,0.52,109.0,14.0,0.69,30.0,15.7,0.47,7.0,7.0,51.0,9,9,21,0.7,0.53,2324
0.0,0.15,0.0,0.1,0.0,0.0,4.0,4.0,15.0,0.0,0.05,1.0,0.0,0.05,2.0,0.3,0.0,0.0,0.0,1.0,0,0,0,0.0,0.0,2122
0.0,0.72,0.03,0.6,0.5,0.5,6.0,6.0,38.0,5.0,0.09,10.0,0.0,0.09,1.0,1.3,0.0,0.0,0.0,9.0,0,0,1,0.07,0.07,2223
0.09,0.81,0.01,0.1,0.2,0.2,4.0,4.0,47.0,5.0,0.04,14.0,1.0,0.04,1.0,0.7,0.06,1.0,1.0,11.0,0,0,0,0.0,0.0,2324
0.07,3.46,0.24,4.1,4.3,4.3,37.0,37.0,252.0,39.0,0.26,63.0,9.0,0.26,12.0,4.8,0.49,0.0,3.0,19.0,3,3,3,0.16,0.16,2122
0.0,1.77,0.12,1.9,2.8,2.8,81.0,81.0,329.0,21.0,0.17,42.0,3.0,0.17,21.0,4.0,0.13,6.0,1.0,27.0,1,1,2,0.08,0.08,2324
0.0,1.55,0.05,1.0,0.9,0.9,88.0,88.0,289.0,9.0,0.13,30.0,0.0,0.13,12.0,2.5,0.0,4.0,0.0,20.0,0,0,1,0.05,0.05,2021
0.0,1.53,0.05,0.9,1.4,1.4,121.0,121.0,338.0,27.0,0.19,43.0,3.0,0.19,11.0,5.3,0.11,10.0,2.0,34.0,1,1,9,0.32,0.32,2122
0.1,2.73,0.07,1.1,1.0,1.0,116.0,116.0,308.0,14.0,0.27,40.0,6.0,0.27,10.0,3.9,0.41,17.0,6.0,35.0,1,1,11,0.75,0.75,1920
0.07,2.47,0.11,2.3,2.2,2.2,175.0,175.0,492.0,14.0,0.4,50.0,5.0,0.4,21.0,8.2,0.25,35.0,3.0,30.0,2,2,9,0.44,0.44,2021
0.2,3.68,0.13,1.3,1.8,1.8,109.0,109.0,310.0,17.0,0.43,52.0,7.0,0.43,13.0,6.1,0.5,23.0,6.0,42.0,1,1,6,0.42,0.42,2122
0.16,3.75,0.15,4.3,4.6,4.6,239.0,239.0,690.0,36.0,0.37,111.0,17.0,0.45,27.0,11.0,0.57,70.0,6.0,58.0,6,6,14,0.47,0.41,2324
0.0,0.92,0.03,1.3,0.7,0.7,4.0,4.0,45.0,4.0,0.1,21.0,6.0,0.1,4.0,2.4,0.26,1.0,4.0,14.0,3,3,3,0.13,0.13,1920
0.04,0.87,0.03,0.9,0.7,0.7,36.0,36.0,155.0,8.0,0.07,22.0,0.0,0.07,12.0,1.7,0.0,0.0,0.0,15.0,0,0,1,0.04,0.04,2021
0.0,0.21,0.0,0.3,0.1,0.1,2.0,2.0,58.0,3.0,0.06,5.0,1.0,0.06,2.0,1.4,0.04,1.0,1.0,4.0,1,1,3,0.13,0.13,2122
0.38,5.26,0.26,6.9,8.2,8.2,225.0,225.0,1064.0,87.0,0.43,169.0,14.0,0.45,47.0,13.7,0.44,37.0,6.0,97.0,5,5,11,0.34,0.31,2021
0.11,4.53,0.26,6.9,6.7,6.7,276.0,276.0,928.0,58.0,0.53,119.0,19.0,0.56,61.0,14.0,0.72,26.0,12.0,80.0,10,10,21,0.8,0.76,2122
0.0,3.11,0.16,2.8,3.0,3.0,114.0,114.0,455.0,30.0,0.27,57.0,7.0,0.27,27.0,5.0,0.38,11.0,5.0,42.0,2,2,5,0.27,0.27,2223
0.0,3.15,0.06,0.4,0.3,0.3,34.0,34.0,125.0,6.0,0.13,18.0,0.0,0.13,6.0,0.7,0.0,2.0,0.0,11.0,0,0,1,0.17,0.17,2324
0.08,1.56,0.07,1.6,1.8,1.8,90.0,90.0,294.0,17.0,0.16,37.0,3.0,0.16,18.0,3.9,0.13,4.0,2.0,30.0,1,1,3,0.13,0.13,2021
0.05,1.0,0.01,0.2,0.1,0.1,45.0,45.0,136.0,3.0,0.07,12.0,2.0,0.07,4.0,0.8,0.17,4.0,2.0,10.0,1,1,2,0.17,0.17,2122
0.1,2.45,0.04,0.6,0.4,0.4,16.0,16.0,156.0,10.0,0.07,27.0,4.0,0.07,6.0,0.8,0.36,0.0,2.0,22.0,1,1,1,0.09,0.09,1718
0.05,3.39,0.08,2.2,1.8,1.8,31.0,31.0,426.0,27.0,0.12,78.0,8.0,0.12,22.0,2.7,0.35,5.0,8.0,73.0,3,3,4,0.17,0.17,1920
0.29,2.73,0.08,2.1,1.7,1.7,37.0,37.0,365.0,21.0,0.13,55.0,4.0,0.13,23.0,2.7,0.2,3.0,4.0,50.0,1,1,1,0.05,0.05,2021
0.11,3.98,0.18,3.0,3.2,3.2,37.0,37.0,343.0,27.0,0.27,69.0,8.0,0.27,23.0,4.7,0.46,3.0,7.0,58.0,5,5,7,0.4,0.4,2122
0.0,3.27,0.11,2.1,2.1,2.1,30.0,30.0,289.0,23.0,0.2,62.0,3.0,0.2,23.0,3.9,0.16,2.0,3.0,53.0,2,2,3,0.16,0.16,2223
0.08,3.14,0.09,1.9,1.6,1.6,38.0,38.0,395.0,21.0,0.17,54.0,6.0,0.17,15.0,2.9,0.35,1.0,5.0,47.0,0,0,1,0.06,0.06,2324
0.0,0.43,0.01,0.3,0.2,0.2,4.0,4.0,38.0,5.0,0.14,12.0,1.0,0.14,3.0,3.8,0.04,0.0,1.0,9.0,1,1,3,0.11,0.11,1819
0.22,1.37,0.19,0.1,0.4,0.4,15.0,15.0,50.0,1.0,0.38,3.0,1.0,0.38,0.0,0.8,0.46,0.0,1.0,3.0,1,1,1,0.46,0.46,1920
0.0,4.09,0.06,0.1,0.1,0.1,4.0,4.0,13.0,1.0,0.09,5.0,1.0,0.09,0.0,0.1,0.82,0.0,1.0,4.0,0,0,0,0.0,0.0,2324
0.0,3.34,0.1,2.0,2.2,2.2,129.0,129.0,386.0,31.0,0.22,77.0,8.0,0.22,23.0,5.0,0.35,9.0,7.0,64.0,2,2,3,0.13,0.13,2122
0.0,3.48,0.08,0.9,0.7,0.7,75.0,75.0,194.0,7.0,0.52,33.0,4.0,0.52,7.0,4.9,0.42,10.0,0.0,19.0,0,0,2,0.21,0.21,1819
0.32,4.11,0.06,0.5,0.5,0.5,30.0,30.0,120.0,8.0,0.46,34.0,5.0,0.46,6.0,3.8,0.6,11.0,2.0,18.0,0,0,5,0.6,0.6,1920
0.17,5.16,0.29,0.2,0.9,0.9,13.0,13.0,82.0,4.0,0.93,16.0,1.0,0.93,5.0,2.9,0.32,5.0,0.0,8.0,1,1,1,0.32,0.32,1920
0.34,4.61,0.19,3.9,4.5,4.5,137.0,137.0,558.0,49.0,0.44,110.0,9.0,0.54,23.0,10.6,0.38,46.0,5.0,48.0,4,4,11,0.46,0.38,2021
1.41,2.37,0.19,1.7,2.2,2.2,61.0,61.0,181.0,8.0,0.68,28.0,7.0,0.68,8.0,8.0,0.59,8.0,4.0,17.0,4,4,10,0.85,0.85,2122
0.26,2.38,0.2,0.4,0.8,0.8,19.0,19.0,58.0,6.0,0.53,10.0,2.0,0.53,2.0,2.2,0.48,4.0,2.0,8.0,2,2,2,0.48,0.48,2223
0.21,2.88,0.12,3.0,3.2,3.2,139.0,139.0,474.0,28.0,0.44,78.0,13.0,0.47,31.0,11.9,0.48,38.0,9.0,46.0,7,7,19,0.7,0.66,2324
0.07,2.87,0.08,1.3,1.8,1.8,68.0,68.0,321.0,27.0,0.21,62.0,5.0,0.21,16.0,4.6,0.23,3.0,4.0,53.0,1,1,5,0.23,0.23,2223
0.0,2.72,0.15,1.5,1.1,1.1,58.0,58.0,243.0,9.0,0.27,20.0,3.0,0.27,16.0,2.0,0.41,10.0,3.0,16.0,2,2,2,0.27,0.27,2324
0.21,3.21,0.1,1.7,1.4,1.4,73.0,73.0,249.0,14.0,0.27,44.0,3.0,0.27,18.0,3.7,0.22,6.0,2.0,34.0,2,2,5,0.37,0.37,1819
0.0,2.58,0.09,1.5,1.0,1.0,92.0,92.0,214.0,12.0,0.35,27.0,1.0,0.35,14.0,3.7,0.1,6.0,0.0,20.0,0,0,2,0.19,0.19,1819
0.06,1.53,0.03,0.2,0.1,0.1,10.0,10.0,32.0,1.0,0.08,4.0,0.0,0.08,1.0,0.2,0.0,0.0,0.0,3.0,0,0,0,0.0,0.0,1819
0.21,3.55,0.16,4.8,4.0,4.0,66.0,66.0,475.0,41.0,0.19,87.0,8.0,0.19,41.0,4.7,0.33,3.0,5.0,48.0,3,3,6,0.25,0.25,2324
0.0,1.22,0.05,0.2,0.3,0.3,1.0,1.0,64.0,3.0,0.07,7.0,0.0,0.07,1.0,0.4,0.0,0.0,0.0,3.0,0,0,1,0.17,0.17,2122
0.0,0.73,0.01,0.2,0.2,0.2,1.0,1.0,42.0,3.0,0.09,9.0,1.0,0.09,0.0,1.1,0.08,0.0,0.0,5.0,0,0,0,0.0,0.0,2223
0.17,2.21,0.04,0.6,0.6,0.6,87.0,87.0,238.0,10.0,0.16,36.0,2.0,0.16,7.0,2.7,0.12,6.0,1.0,28.0,1,1,5,0.31,0.31,2021
0.07,1.91,0.13,1.0,1.4,1.4,73.0,73.0,193.0,9.0,0.35,22.0,5.0,0.35,5.0,4.1,0.43,5.0,2.0,13.0,2,2,6,0.52,0.52,2122
0.15,1.99,0.11,1.3,1.6,1.6,98.0,98.0,203.0,14.0,0.21,28.0,3.0,0.21,3.0,3.0,0.21,7.0,2.0,19.0,1,1,3,0.21,0.21,2223
0.4,2.81,0.13,1.7,1.7,1.7,95.0,95.0,285.0,14.0,0.4,37.0,5.0,0.4,5.0,5.2,0.38,3.0,2.0,19.0,2,2,5,0.38,0.38,2324
0.0,2.35,0.09,1.2,1.0,1.0,50.0,50.0,175.0,15.0,0.16,28.0,2.0,0.16,10.0,1.9,0.17,2.0,1.0,24.0,0,0,1,0.08,0.08,1819
0.09,3.7,0.21,1.0,2.1,2.1,75.0,75.0,257.0,15.0,0.39,38.0,4.0,0.47,9.0,4.0,0.39,9.0,0.0,14.0,2,2,3,0.29,0.19,1920
0.0,2.04,0.11,2.4,2.6,2.6,111.0,111.0,454.0,24.0,0.23,47.0,7.0,0.23,25.0,5.3,0.3,14.0,6.0,30.0,2,2,6,0.26,0.26,2021
0.0,1.87,0.05,0.4,0.1,0.1,13.0,13.0,51.0,2.0,0.24,4.0,0.0,0.24,5.0,0.5,0.0,0.0,0.0,4.0,0,0,0,0.0,0.0,2122
0.05,2.09,0.11,1.8,2.3,2.3,105.0,105.0,406.0,22.0,0.21,45.0,3.0,0.21,20.0,4.6,0.14,0.0,2.0,34.0,3,3,7,0.32,0.32,1819
0.04,1.98,0.05,1.0,1.0,1.0,66.0,66.0,294.0,13.0,0.12,39.0,2.0,0.12,14.0,2.4,0.1,1.0,1.0,30.0,1,1,2,0.1,0.1,1920
0.1,3.5,0.18,5.8,4.9,4.9,256.0,256.0,658.0,60.0,0.27,96.0,5.0,0.27,25.0,7.4,0.18,19.0,3.0,64.0,2,2,6,0.22,0.22,1819
0.43,3.46,0.14,0.4,0.7,0.7,59.0,59.0,132.0,6.0,0.72,16.0,2.0,0.72,5.0,3.3,0.43,6.0,1.0,12.0,0,0,5,1.08,1.08,2223
0.1,3.86,0.2,3.0,2.3,2.3,122.0,122.0,333.0,12.0,0.52,45.0,13.0,0.52,19.0,6.0,1.11,31.0,8.0,25.0,5,5,12,1.03,1.03,2324
0.05,1.79,0.08,0.9,0.9,0.9,41.0,41.0,188.0,7.0,0.12,20.0,2.0,0.12,6.0,1.3,0.18,5.0,1.0,13.0,1,1,1,0.09,0.09,1819
0.0,1.35,0.04,1.2,0.8,0.8,30.0,30.0,338.0,10.0,0.07,28.0,3.0,0.07,12.0,1.4,0.14,5.0,1.0,15.0,1,1,1,0.05,0.05,1920
0.1,1.45,0.07,2.0,2.1,2.1,59.0,59.0,468.0,21.0,0.16,42.0,0.0,0.16,16.0,4.6,0.0,10.0,0.0,29.0,0,0,0,0.0,0.0,2021
0.06,2.35,0.12,2.0,2.1,2.1,68.0,68.0,432.0,24.0,0.16,43.0,3.0,0.16,12.0,2.8,0.16,9.0,3.0,37.0,2,2,4,0.22,0.22,2223
0.08,2.41,0.05,1.3,0.9,0.9,93.0,93.0,326.0,19.0,0.08,42.0,2.0,0.08,16.0,1.4,0.11,1.0,1.0,35.0,1,1,2,0.11,0.11,2324
0.0,0.26,0.02,0.5,0.3,0.3,0.0,0.0,16.0,1.0,0.09,4.0,0.0,0.09,0.0,1.3,0.0,0.0,0.0,2.0,0,0,0,0.0,0.0,1920
0.1,1.83,0.05,1.6,1.0,1.0,6.0,6.0,98.0,13.0,0.17,36.0,2.0,0.17,11.0,3.4,0.1,0.0,2.0,29.0,1,1,2,0.1,0.1,1819
0.1,1.06,0.03,1.1,0.8,0.8,7.0,7.0,93.0,12.0,0.17,33.0,2.0,0.17,10.0,5.4,0.06,1.0,2.0,30.0,0,0,5,0.16,0.16,2021
0.0,0.71,0.04,0.9,0.7,0.7,4.0,4.0,47.0,3.0,0.08,14.0,4.0,0.08,5.0,1.6,0.2,0.0,3.0,10.0,2,2,3,0.15,0.15,2122
0.0,1.83,0.05,1.4,1.1,1.1,6.0,6.0,89.0,12.0,0.15,41.0,3.0,0.15,10.0,3.3,0.13,0.0,2.0,35.0,0,0,1,0.04,0.04,2223
0.0,1.37,0.05,1.4,0.9,0.9,1.0,1.0,76.0,9.0,0.23,24.0,2.0,0.23,6.0,4.1,0.11,1.0,1.0,20.0,0,0,3,0.17,0.17,2324
0.15,2.0,0.07,2.1,2.2,2.2,155.0,155.0,632.0,21.0,0.29,63.0,14.0,0.29,24.0,9.1,0.44,10.0,6.0,44.0,3,3,7,0.22,0.22,1920
0.41,1.53,0.05,0.6,0.7,0.7,68.0,68.0,240.0,11.0,0.08,21.0,2.0,0.08,15.0,1.1,0.15,1.0,2.0,18.0,2,2,2,0.15,0.15,2021
0.0,3.09,0.2,1.4,2.0,2.0,80.0,80.0,204.0,15.0,0.46,30.0,4.0,0.46,10.0,4.5,0.41,9.0,4.0,24.0,4,4,6,0.62,0.62,2122
0.0,2.43,0.04,0.3,0.3,0.3,57.0,57.0,172.0,6.0,0.14,18.0,3.0,0.14,5.0,1.0,0.41,2.0,2.0,13.0,0,0,1,0.13,0.13,2223
0.04,1.48,0.1,0.9,1.3,1.3,64.0,64.0,205.0,12.0,0.17,19.0,0.0,0.17,7.0,2.2,0.0,3.0,0.0,18.0,0,0,1,0.08,0.08,2324
0.07,3.35,0.16,3.7,5.3,5.3,131.0,131.0,729.0,60.0,0.27,109.0,12.0,0.32,43.0,8.9,0.37,3.0,6.0,61.0,8,8,10,0.31,0.28,1819
0.13,3.83,0.16,1.7,2.3,2.3,43.0,43.0,290.0,32.0,0.22,56.0,3.0,0.28,15.0,3.2,0.21,2.0,2.0,22.0,1,1,3,0.21,0.21,1920
0.13,2.93,0.14,2.1,2.2,2.2,42.0,42.0,241.0,25.0,0.17,44.0,4.0,0.17,16.0,2.6,0.27,2.0,2.0,23.0,2,2,2,0.13,0.13,2021
0.0,3.16,0.13,2.5,2.0,2.0,40.0,40.0,237.0,28.0,0.18,47.0,3.0,0.18,16.0,2.7,0.2,1.0,2.0,22.0,2,2,2,0.13,0.13,2122
0.08,3.11,0.17,1.7,2.3,2.3,89.0,89.0,305.0,23.0,0.21,41.0,4.0,0.21,17.0,2.8,0.3,6.0,3.0,23.0,3,3,4,0.3,0.3,1819
0.05,2.36,0.1,2.8,2.6,2.6,81.0,81.0,392.0,26.0,0.12,60.0,5.0,0.12,27.0,3.0,0.2,5.0,4.0,48.0,2,2,3,0.12,0.12,1920
0.15,2.82,0.14,0.3,0.4,0.4,33.0,33.0,66.0,3.0,0.28,8.0,0.0,0.28,1.0,0.8,0.0,9.0,0.0,4.0,0,0,0,0.0,0.0,2223
0.0,2.72,0.15,2.1,2.9,2.9,138.0,138.0,339.0,17.0,0.38,54.0,6.0,0.38,9.0,7.6,0.3,28.0,2.0,27.0,3,3,7,0.35,0.35,2324
0.03,0.41,0.02,0.3,0.1,0.1,18.0,18.0,62.0,2.0,0.02,2.0,0.0,0.02,2.0,0.1,0.0,0.0,0.0,2.0,0,0,0,0.0,0.0,1819
0.23,1.41,0.03,1.1,0.9,0.9,95.0,95.0,346.0,12.0,0.06,42.0,5.0,0.06,10.0,1.7,0.17,6.0,5.0,30.0,1,1,2,0.07,0.07,1920
0.0,2.33,0.07,1.1,0.9,0.9,79.0,79.0,228.0,10.0,0.19,30.0,4.0,0.19,14.0,2.4,0.31,5.0,3.0,19.0,3,3,6,0.47,0.47,2021
0.09,2.57,0.12,1.8,2.0,2.0,96.0,96.0,253.0,21.0,0.16,43.0,3.0,0.16,21.0,2.7,0.18,8.0,3.0,35.0,1,1,3,0.18,0.18,2122
0.04,1.73,0.09,2.0,1.9,1.9,96.0,96.0,241.0,19.0,0.13,39.0,4.0,0.13,18.0,2.9,0.18,4.0,3.0,33.0,2,2,3,0.13,0.13,2223
0.1,2.06,0.07,1.3,1.8,1.8,82.0,82.0,286.0,22.0,0.11,55.0,3.0,0.11,14.0,3.0,0.11,2.0,2.0,45.0,1,1,3,0.11,0.11,2324
0.0,0.56,0.02,0.2,0.3,0.3,2.0,2.0,40.0,3.0,0.14,8.0,1.0,0.14,0.0,1.9,0.07,0.0,0.0,4.0,1,1,3,0.21,0.21,2324
0.0,0.36,0.02,0.1,0.3,0.3,2.0,2.0,15.0,4.0,0.05,5.0,0.0,0.05,2.0,0.7,0.0,0.0,0.0,3.0,0,0,0,0.0,0.0,2122
0.11,2.13,0.06,2.2,1.7,1.7,140.0,140.0,452.0,22.0,0.24,59.0,3.0,0.24,25.0,6.7,0.11,9.0,2.0,47.0,0,0,7,0.25,0.25,1920
0.06,2.9,0.14,2.2,2.5,2.5,104.0,104.0,420.0,27.0,0.27,53.0,9.0,0.27,26.0,4.9,0.49,8.0,8.0,49.0,2,2,4,0.22,0.22,2021
0.09,2.88,0.09,1.4,1.4,1.4,102.0,102.0,370.0,24.0,0.24,46.0,5.0,0.24,16.0,3.8,0.31,9.0,5.0,42.0,1,1,2,0.13,0.13,2122
0.08,2.12,0.06,2.7,2.1,2.1,88.0,88.0,484.0,22.0,0.15,69.0,11.0,0.22,36.0,4.9,0.34,6.0,9.0,57.0,3,3,8,0.25,0.15,2223
0.0,4.84,0.2,7.0,5.6,5.6,303.0,303.0,1083.0,64.0,0.36,137.0,12.0,0.36,65.0,10.2,0.42,33.0,9.0,92.0,6,6,11,0.39,0.39,1819
0.24,6.6,0.26,0.8,0.7,0.7,29.0,29.0,115.0,8.0,0.49,19.0,0.0,0.49,3.0,1.4,0.0,9.0,0.0,9.0,0,0,0,0.0,0.0,1920
0.19,4.72,0.18,1.3,1.5,1.5,77.0,77.0,279.0,19.0,0.37,39.0,4.0,0.37,14.0,3.0,0.48,14.0,2.0,28.0,2,2,4,0.48,0.48,1920
0.22,4.48,0.18,3.0,3.9,3.9,197.0,197.0,640.0,34.0,0.43,95.0,13.0,0.43,27.0,9.1,0.61,29.0,7.0,57.0,4,4,13,0.61,0.61,2021
0.23,3.98,0.17,3.1,3.1,3.1,191.0,191.0,561.0,32.0,0.31,73.0,8.0,0.31,27.0,5.6,0.44,32.0,7.0,40.0,4,4,7,0.38,0.38,2122
0.27,5.48,0.28,2.4,3.6,3.6,138.0,138.0,439.0,34.0,0.41,71.0,4.0,0.6,27.0,5.4,0.31,27.0,3.0,45.0,3,3,6,0.46,0.31,2223
0.13,5.41,0.25,6.0,6.6,6.6,216.0,216.0,845.0,71.0,0.43,142.0,15.0,0.52,76.0,11.4,0.57,22.0,10.0,100.0,7,7,15,0.57,0.5,2324
0.15,1.85,0.1,0.9,0.9,0.9,65.0,65.0,224.0,10.0,0.16,17.0,1.0,0.16,12.0,1.5,0.11,3.0,1.0,17.0,1,1,1,0.11,0.11,2223
0.15,2.35,0.07,2.1,1.8,1.8,132.0,132.0,539.0,24.0,0.08,64.0,11.0,0.08,31.0,2.3,0.4,5.0,9.0,56.0,4,4,4,0.15,0.15,2324
0.0,2.74,0.08,1.0,0.8,0.8,2.0,2.0,117.0,14.0,0.1,28.0,4.0,0.1,6.0,1.0,0.39,1.0,1.0,17.0,3,3,3,0.29,0.29,1920
0.69,1.45,0.06,0.7,0.8,0.8,69.0,69.0,140.0,8.0,0.32,21.0,3.0,0.32,5.0,4.6,0.21,10.0,2.0,14.0,1,1,7,0.48,0.48,2021
0.03,1.99,0.07,1.8,1.8,1.8,40.0,40.0,176.0,16.0,0.15,50.0,3.0,0.15,18.0,3.9,0.12,2.0,2.0,41.0,0,0,1,0.04,0.04,2122
0.04,1.32,0.06,1.5,1.4,1.4,20.0,20.0,77.0,5.0,0.13,28.0,4.0,0.13,9.0,2.8,0.19,0.0,3.0,23.0,2,2,2,0.09,0.09,2324
0.16,1.72,0.03,0.6,0.4,0.4,17.0,17.0,138.0,7.0,0.09,21.0,3.0,0.09,8.0,1.0,0.25,4.0,3.0,11.0,1,1,1,0.08,0.08,1920
0.0,2.03,0.14,1.8,2.7,2.7,77.0,77.0,283.0,23.0,0.17,39.0,2.0,0.17,16.0,3.3,0.1,6.0,2.0,34.0,3,3,3,0.16,0.16,2021
0.1,1.43,0.03,0.2,0.4,0.4,10.0,10.0,81.0,6.0,0.08,16.0,1.0,0.08,1.0,0.9,0.09,1.0,0.0,12.0,0,0,1,0.09,0.09,2122
0.04,0.51,0.01,0.5,0.2,0.2,2.0,2.0,56.0,3.0,0.1,14.0,2.0,0.1,0.0,2.6,0.07,0.0,1.0,12.0,0,0,4,0.15,0.15,1920
0.03,1.05,0.04,1.0,0.9,0.9,6.0,6.0,87.0,9.0,0.09,26.0,5.0,0.09,6.0,2.2,0.2,0.0,4.0,20.0,1,1,2,0.08,0.08,2021
0.04,0.74,0.03,1.1,1.0,1.0,6.0,6.0,93.0,9.0,0.09,22.0,2.0,0.09,4.0,2.6,0.07,0.0,2.0,16.0,1,1,4,0.13,0.13,2122
0.0,0.94,0.02,0.8,0.5,0.5,14.0,14.0,132.0,6.0,0.06,25.0,3.0,0.06,6.0,1.6,0.11,0.0,0.0,21.0,1,1,4,0.15,0.15,2223
0.0,0.84,0.01,0.6,0.1,0.1,6.0,6.0,75.0,3.0,0.12,13.0,1.0,0.12,1.0,1.9,0.06,2.0,1.0,11.0,0,0,2,0.13,0.13,2324
0.0,1.67,0.08,0.3,0.7,0.7,49.0,49.0,103.0,5.0,0.3,15.0,3.0,0.47,3.0,2.7,0.33,7.0,1.0,8.0,1,1,3,0.33,0.22,2223
0.07,3.28,0.17,0.9,2.0,2.0,87.0,87.0,209.0,17.0,0.5,38.0,2.0,0.5,7.0,5.8,0.17,14.0,0.0,30.0,0,0,5,0.43,0.43,2324
0.0,0.48,0.03,0.3,0.8,0.8,11.0,11.0,53.0,4.0,0.06,14.0,0.0,0.06,3.0,1.8,0.0,1.0,0.0,12.0,0,0,0,0.0,0.0,1819
0.0,0.45,0.0,0.2,0.1,0.1,7.0,7.0,42.0,2.0,0.15,11.0,1.0,0.15,1.0,3.8,0.04,1.0,1.0,11.0,0,0,4,0.16,0.16,1920
0.0,0.59,0.01,0.2,0.2,0.2,3.0,3.0,22.0,2.0,0.07,6.0,1.0,0.07,2.0,0.7,0.1,1.0,1.0,5.0,0,0,0,0.0,0.0,2021
0.0,0.37,0.0,0.1,0.1,0.1,1.0,1.0,25.0,3.0,0.08,5.0,0.0,0.08,0.0,1.1,0.0,0.0,0.0,4.0,0,0,0,0.0,0.0,2122
0.0,0.67,0.0,0.2,0.1,0.1,5.0,5.0,72.0,3.0,0.06,20.0,2.0,0.06,1.0,1.9,0.07,0.0,0.0,9.0,0,0,1,0.03,0.03,2122
0.0,0.5,0.0,0.1,0.0,0.0,4.0,4.0,46.0,1.0,0.06,7.0,1.0,0.06,1.0,0.8,0.07,0.0,1.0,7.0,0,0,0,0.0,0.0,2223
0.0,2.47,0.2,2.2,2.6,2.6,70.0,70.0,194.0,19.0,0.22,32.0,4.0,0.22,16.0,2.8,0.31,5.0,4.0,26.0,2,2,3,0.23,0.23,2122
0.0,1.46,0.51,0.2,1.0,1.0,8.0,8.0,15.0,3.0,0.78,3.0,0.0,0.78,2.0,1.6,0.0,0.0,0.0,2.0,0,0,0,0.0,0.0,1920
0.05,0.95,0.03,0.4,0.5,0.5,76.0,76.0,191.0,7.0,0.38,17.0,2.0,0.38,3.0,6.7,0.11,12.0,2.0,9.0,1,1,12,0.67,0.67,2021
0.0,1.6,0.05,0.4,1.1,1.1,75.0,75.0,232.0,11.0,0.45,31.0,4.0,0.45,6.0,8.7,0.21,10.0,2.0,20.0,1,1,10,0.52,0.52,2122
0.0,3.06,0.07,0.7,0.4,0.4,39.0,39.0,132.0,8.0,0.18,20.0,0.0,0.18,6.0,1.2,0.0,3.0,0.0,10.0,0,0,1,0.15,0.15,1920
0.06,2.21,0.03,0.6,0.4,0.4,62.0,62.0,202.0,10.0,0.18,30.0,2.0,0.18,5.0,2.4,0.15,4.0,2.0,23.0,0,0,2,0.15,0.15,1819
0.0,2.77,0.08,0.7,1.3,1.3,64.0,64.0,210.0,24.0,0.27,47.0,8.0,0.27,6.0,4.6,0.47,7.0,3.0,35.0,1,1,4,0.24,0.24,1920
0.0,1.39,0.01,0.1,0.1,0.1,9.0,9.0,48.0,3.0,0.05,7.0,0.0,0.05,2.0,0.2,0.0,0.0,0.0,4.0,0,0,0,0.0,0.0,2223
0.0,0.64,0.0,0.1,0.0,0.0,13.0,13.0,50.0,1.0,0.09,7.0,0.0,0.09,0.0,1.0,0.0,0.0,0.0,7.0,0,0,1,0.09,0.09,2324
0.17,3.15,0.18,2.8,4.1,4.1,225.0,225.0,472.0,33.0,0.35,74.0,11.0,0.35,24.0,8.1,0.47,22.0,8.0,58.0,5,5,7,0.3,0.3,1920
0.0,3.09,0.2,3.9,5.7,5.7,299.0,299.0,652.0,38.0,0.29,88.0,12.0,0.31,46.0,8.2,0.42,46.0,11.0,63.0,5,5,10,0.34,0.31,2021
0.19,2.97,0.14,2.9,2.9,2.9,211.0,211.0,484.0,27.0,0.29,62.0,13.0,0.29,21.0,6.1,0.62,36.0,7.0,46.0,5,5,9,0.43,0.43,2122
0.05,2.83,0.15,3.2,4.5,4.5,282.0,282.0,636.0,35.0,0.34,87.0,11.0,0.36,27.0,10.4,0.36,42.0,8.0,63.0,6,6,16,0.52,0.49,2223
0.2,3.4,0.13,3.3,2.9,2.9,209.0,209.0,571.0,29.0,0.35,74.0,8.0,0.35,26.0,7.6,0.37,30.0,2.0,43.0,1,1,7,0.32,0.32,2324
0.17,2.68,0.1,0.8,1.4,1.4,35.0,35.0,158.0,16.0,0.2,35.0,5.0,0.2,7.0,2.6,0.38,0.0,4.0,23.0,3,3,3,0.23,0.23,1819
0.1,3.6,0.11,0.6,1.3,1.3,43.0,43.0,189.0,19.0,0.25,42.0,3.0,0.25,7.0,2.9,0.26,7.0,2.0,30.0,2,2,3,0.26,0.26,1920
0.11,2.38,0.12,1.8,2.5,2.5,35.0,35.0,243.0,15.0,0.35,49.0,6.0,0.35,18.0,7.1,0.29,3.0,5.0,34.0,2,2,7,0.34,0.34,2021
0.29,2.18,0.1,2.3,2.8,2.8,57.0,57.0,372.0,35.0,0.17,62.0,6.0,0.17,30.0,4.9,0.21,3.0,5.0,45.0,3,3,6,0.21,0.21,2122
0.07,3.09,0.12,2.5,2.3,2.3,52.0,52.0,285.0,26.0,0.28,59.0,9.0,0.28,16.0,5.3,0.47,7.0,7.0,34.0,3,3,4,0.21,0.21,2324
0.08,1.38,0.04,0.9,0.7,0.7,57.0,57.0,258.0,8.0,0.05,28.0,3.0,0.05,15.0,0.9,0.15,4.0,2.0,25.0,1,1,1,0.05,0.05,2223
0.04,1.85,0.1,2.5,2.3,2.3,101.0,101.0,364.0,13.0,0.27,44.0,8.0,0.27,19.0,6.5,0.34,18.0,7.0,34.0,2,2,4,0.17,0.17,2324
0.05,2.06,0.06,1.6,1.1,1.1,27.0,27.0,270.0,12.0,0.1,40.0,2.0,0.1,20.0,1.9,0.1,10.0,1.0,31.0,1,1,1,0.05,0.05,1920
0.17,2.18,0.08,1.3,1.6,1.6,61.0,61.0,239.0,17.0,0.13,44.0,4.0,0.13,19.0,2.6,0.2,8.0,1.0,32.0,1,1,3,0.15,0.15,2021
0.17,3.17,0.1,3.5,3.6,3.6,175.0,175.0,707.0,35.0,0.2,111.0,12.0,0.2,53.0,7.1,0.34,19.0,10.0,85.0,6,6,10,0.29,0.29,2122
0.0,2.86,0.09,2.4,2.1,2.1,100.0,100.0,455.0,20.0,0.2,67.0,9.0,0.23,33.0,4.6,0.38,9.0,7.0,55.0,4,4,6,0.26,0.21,2223
0.08,1.98,0.09,2.4,2.3,2.3,79.0,79.0,337.0,23.0,0.15,52.0,5.0,0.15,29.0,3.9,0.19,4.0,5.0,45.0,3,3,5,0.19,0.19,2324
0.09,4.08,0.18,0.3,0.8,0.8,33.0,33.0,99.0,9.0,0.5,19.0,0.0,0.5,4.0,2.3,0.0,4.0,0.0,11.0,0,0,1,0.21,0.21,2223
0.14,3.08,0.06,1.4,1.3,1.3,102.0,102.0,373.0,20.0,0.33,69.0,9.0,0.33,13.0,7.3,0.4,4.0,4.0,50.0,1,1,4,0.18,0.18,1819
0.32,2.39,0.08,0.6,1.1,1.1,87.0,87.0,185.0,15.0,0.32,34.0,4.0,0.32,8.0,4.6,0.28,3.0,4.0,26.0,2,2,4,0.28,0.28,1920
0.0,2.54,0.19,0.2,0.6,0.6,6.0,6.0,30.0,4.0,0.45,8.0,1.0,0.45,1.0,1.4,0.32,1.0,1.0,7.0,1,1,2,0.64,0.64,2021
0.0,3.61,0.22,1.1,0.9,0.9,14.0,14.0,66.0,5.0,0.54,15.0,4.0,0.54,8.0,2.3,0.96,0.0,4.0,14.0,0,0,1,0.24,0.24,2122
0.08,1.54,0.03,0.5,0.5,0.5,17.0,17.0,184.0,9.0,0.16,29.0,3.0,0.16,8.0,3.0,0.16,3.0,3.0,27.0,0,0,2,0.11,0.11,2223
0.31,2.03,0.03,1.2,0.4,0.4,43.0,43.0,183.0,7.0,0.32,26.0,2.0,0.32,10.0,4.1,0.16,2.0,1.0,23.0,1,1,7,0.55,0.55,2324
0.0,2.07,0.06,1.1,1.1,1.1,68.0,68.0,254.0,11.0,0.1,36.0,2.0,0.1,13.0,1.7,0.12,8.0,1.0,26.0,1,1,1,0.06,0.06,2122
0.13,2.42,0.11,0.6,1.0,1.0,52.0,52.0,131.0,8.0,0.52,22.0,3.0,0.52,0.0,4.8,0.33,8.0,1.0,14.0,1,1,3,0.33,0.33,1920
0.4,2.1,0.12,1.1,1.8,1.8,112.0,112.0,252.0,14.0,0.46,32.0,3.0,0.46,9.0,7.0,0.2,13.0,2.0,16.0,2,2,5,0.33,0.33,2021
0.03,1.28,0.05,1.1,1.5,1.5,24.0,24.0,218.0,18.0,0.1,38.0,3.0,0.1,9.0,2.8,0.1,4.0,1.0,21.0,2,2,3,0.1,0.1,1819
0.0,1.44,0.06,1.8,2.1,2.1,41.0,41.0,323.0,15.0,0.12,49.0,4.0,0.12,17.0,4.2,0.12,4.0,3.0,28.0,1,1,2,0.06,0.06,1920
0.17,1.9,0.06,2.4,2.0,2.0,50.0,50.0,436.0,21.0,0.12,63.0,3.0,0.12,24.0,4.0,0.09,9.0,2.0,36.0,0,0,3,0.09,0.09,2021
0.0,2.39,0.01,0.1,0.0,0.0,6.0,6.0,44.0,2.0,0.15,9.0,0.0,0.15,2.0,0.6,0.0,0.0,0.0,8.0,0,0,0,0.0,0.0,2324
0.14,2.42,0.13,1.8,3.3,3.3,137.0,137.0,357.0,34.0,0.55,61.0,8.0,0.74,19.0,13.8,0.32,9.0,6.0,46.0,4,4,15,0.6,0.4,1819
0.0,2.0,0.22,2.1,2.7,2.7,46.0,46.0,137.0,15.0,0.87,24.0,6.0,0.94,3.0,10.5,0.5,1.0,3.0,15.0,3,3,10,0.83,0.75,2021
0.07,1.44,0.05,1.7,1.7,1.7,85.0,85.0,440.0,20.0,0.08,46.0,3.0,0.08,37.0,2.5,0.09,12.0,3.0,34.0,2,2,2,0.06,0.06,2122
0.0,0.55,0.04,0.3,0.5,0.5,2.0,2.0,41.0,5.0,0.09,8.0,1.0,0.09,2.0,1.3,0.07,0.0,1.0,6.0,1,1,1,0.07,0.07,2021
0.28,3.7,0.23,3.3,4.2,4.2,116.0,116.0,354.0,38.0,0.34,67.0,11.0,0.61,19.0,6.2,0.61,6.0,9.0,45.0,5,5,16,0.88,0.61,2021
0.0,1.65,0.03,0.2,0.2,0.2,32.0,32.0,101.0,4.0,0.1,12.0,1.0,0.1,5.0,0.7,0.14,1.0,1.0,10.0,0,0,0,0.0,0.0,1920
0.0,2.66,0.08,2.4,1.6,1.6,44.0,44.0,335.0,16.0,0.12,52.0,3.0,0.12,30.0,2.3,0.15,7.0,2.0,45.0,1,1,1,0.05,0.05,2021
0.23,2.43,0.07,2.4,1.7,1.7,29.0,29.0,297.0,24.0,0.1,63.0,5.0,0.1,16.0,2.5,0.19,2.0,5.0,53.0,0,0,0,0.0,0.0,2122
0.09,3.84,0.16,6.1,5.1,5.1,114.0,114.0,654.0,60.0,0.25,118.0,15.0,0.25,29.0,7.7,0.49,11.0,11.0,80.0,7,7,11,0.36,0.36,2223
0.25,2.2,0.07,0.6,0.4,0.4,15.0,15.0,116.0,10.0,0.17,14.0,1.0,0.17,10.0,1.1,0.16,2.0,1.0,12.0,0,0,0,0.0,0.0,2425
0.0,0.87,0.01,0.6,0.3,0.3,6.0,6.0,48.0,4.0,0.06,25.0,4.0,0.06,5.0,1.7,0.14,4.0,3.0,20.0,1,1,2,0.07,0.07,2021
0.04,0.72,0.01,0.2,0.1,0.1,4.0,4.0,29.0,3.0,0.04,13.0,0.0,0.04,0.0,0.6,0.0,0.0,0.0,12.0,0,0,1,0.06,0.06,2223
0.03,0.91,0.03,1.3,0.8,0.8,5.0,5.0,59.0,8.0,0.06,24.0,2.0,0.06,6.0,1.7,0.08,0.0,2.0,21.0,1,1,5,0.19,0.19,2324
0.0,2.64,0.02,0.1,0.1,0.1,18.0,18.0,57.0,2.0,0.06,7.0,0.0,0.06,2.0,0.2,0.0,2.0,0.0,7.0,0,0,0,0.0,0.0,2021
0.08,2.34,0.09,1.8,3.0,3.0,150.0,150.0,400.0,31.0,0.45,77.0,12.0,0.47,15.0,14.6,0.36,13.0,8.0,54.0,5,5,18,0.55,0.52,1819
0.03,1.47,0.11,1.7,2.6,2.6,80.0,80.0,234.0,14.0,0.33,35.0,4.0,0.37,9.0,7.9,0.17,10.0,3.0,24.0,2,2,12,0.5,0.5,1920
0.0,2.62,0.09,1.4,1.9,1.9,91.0,91.0,306.0,18.0,0.31,57.0,6.0,0.31,11.0,6.7,0.28,10.0,3.0,36.0,1,1,6,0.28,0.28,2122
0.0,0.68,0.0,0.1,0.0,0.0,1.0,1.0,12.0,1.0,0.03,5.0,1.0,0.03,1.0,0.2,0.14,1.0,1.0,5.0,0,0,0,0.0,0.0,2223
0.0,1.66,0.09,0.9,1.2,1.2,63.0,63.0,183.0,7.0,0.12,22.0,2.0,0.12,14.0,1.6,0.15,4.0,1.0,19.0,1,1,1,0.08,0.08,2021
0.0,0.39,0.01,0.3,0.2,0.2,2.0,2.0,22.0,2.0,0.05,8.0,0.0,0.05,2.0,1.1,0.0,0.0,0.0,6.0,0,0,0,0.0,0.0,2122
0.06,1.25,0.08,0.5,1.3,1.3,3.0,3.0,58.0,8.0,0.09,21.0,1.0,0.09,5.0,1.5,0.06,0.0,1.0,18.0,0,0,0,0.0,0.0,1920
0.12,1.76,0.06,0.4,1.0,1.0,8.0,8.0,76.0,7.0,0.07,29.0,2.0,0.07,7.0,1.2,0.12,3.0,2.0,20.0,1,1,1,0.06,0.06,2021
0.0,1.86,0.04,0.4,0.7,0.7,6.0,6.0,82.0,13.0,0.05,32.0,2.0,0.05,3.0,0.9,0.12,2.0,2.0,27.0,2,2,2,0.12,0.12,2122
0.0,1.31,0.03,0.6,0.5,0.5,3.0,3.0,97.0,9.0,0.06,21.0,1.0,0.06,6.0,1.0,0.06,0.0,1.0,20.0,0,0,1,0.06,0.06,2223
0.0,0.52,0.01,0.2,0.1,0.1,1.0,1.0,29.0,2.0,0.04,5.0,1.0,0.04,3.0,0.4,0.1,0.0,1.0,4.0,1,1,2,0.21,0.21,2122
0.24,3.63,0.14,3.0,3.3,3.3,44.0,44.0,423.0,47.0,0.15,88.0,7.0,0.15,30.0,3.8,0.29,5.0,6.0,68.0,3,3,4,0.17,0.17,1819
0.0,3.57,0.07,1.1,0.9,0.9,71.0,71.0,296.0,18.0,0.12,44.0,5.0,0.12,7.0,1.5,0.41,9.0,5.0,36.0,3,3,3,0.24,0.24,1920
0.03,2.71,0.07,1.9,1.4,1.4,42.0,42.0,408.0,20.0,0.13,56.0,2.0,0.13,24.0,2.6,0.1,7.0,0.0,47.0,0,0,2,0.1,0.1,2021
0.0,3.28,0.07,2.0,2.4,2.4,41.0,41.0,394.0,49.0,0.12,107.0,10.0,0.12,15.0,3.9,0.31,9.0,10.0,97.0,1,1,3,0.09,0.09,2122
0.0,2.87,0.08,2.3,2.1,2.1,40.0,40.0,345.0,32.0,0.12,73.0,4.0,0.12,19.0,3.1,0.16,2.0,3.0,64.0,0,0,0,0.0,0.0,2223
0.0,2.14,0.06,0.6,0.6,0.6,11.0,11.0,120.0,7.0,0.08,19.0,2.0,0.08,5.0,0.8,0.23,1.0,1.0,14.0,0,0,0,0.0,0.0,2324
0.0,1.92,0.06,2.0,1.6,1.6,107.0,107.0,413.0,30.0,0.07,54.0,3.0,0.07,33.0,2.0,0.11,4.0,3.0,48.0,2,2,2,0.07,0.07,1819
0.21,4.37,0.18,5.9,5.5,5.5,48.0,48.0,459.0,70.0,0.27,137.0,14.0,0.27,29.0,8.4,0.45,1.0,5.0,55.0,8,8,12,0.38,0.38,1920
0.19,2.94,0.14,4.4,3.9,3.9,19.0,19.0,324.0,48.0,0.18,82.0,3.0,0.18,28.0,4.9,0.11,1.0,1.0,47.0,1,1,3,0.11,0.11,2324
0.0,0.44,0.0,0.1,0.0,0.0,1.0,1.0,38.0,0.0,0.15,4.0,0.0,0.15,0.0,1.4,0.0,0.0,0.0,2.0,0,0,1,0.11,0.11,2324
0.28,2.83,0.09,3.0,2.4,2.4,224.0,224.0,505.0,24.0,0.51,76.0,10.0,0.51,27.0,13.8,0.37,36.0,2.0,47.0,1,1,17,0.63,0.63,2324
0.07,2.05,0.06,1.6,1.4,1.4,52.0,52.0,315.0,23.0,0.1,50.0,5.0,0.1,21.0,2.5,0.21,0.0,5.0,42.0,2,2,3,0.12,0.12,2122
0.06,1.84,0.06,1.9,1.7,1.7,46.0,46.0,276.0,23.0,0.1,50.0,5.0,0.1,18.0,2.6,0.18,2.0,4.0,44.0,2,2,3,0.11,0.11,2223
0.14,1.95,0.09,1.7,1.8,1.8,94.0,94.0,255.0,19.0,0.16,39.0,4.0,0.16,21.0,3.2,0.2,3.0,2.0,34.0,1,1,2,0.1,0.1,1819
0.1,2.29,0.08,2.5,1.7,1.7,101.0,101.0,359.0,22.0,0.13,48.0,6.0,0.13,25.0,2.6,0.29,10.0,1.0,35.0,3,3,4,0.19,0.19,1920
0.3,2.2,0.1,3.2,2.0,2.0,74.0,74.0,292.0,23.0,0.13,44.0,2.0,0.13,30.0,2.5,0.1,7.0,2.0,35.0,2,2,2,0.1,0.1,2021
0.17,2.44,0.09,1.2,0.8,0.8,29.0,29.0,126.0,11.0,0.12,23.0,0.0,0.12,7.0,1.1,0.0,4.0,0.0,15.0,0,0,0,0.0,0.0,2223
0.26,2.65,0.18,6.7,4.2,4.2,129.0,129.0,470.0,30.0,0.22,62.0,8.0,0.22,33.0,5.1,0.34,6.0,8.0,53.0,4,4,6,0.26,0.26,2324
0.16,1.9,0.02,0.3,0.2,0.2,48.0,48.0,133.0,5.0,0.14,16.0,2.0,0.14,3.0,1.2,0.24,3.0,2.0,12.0,1,1,2,0.24,0.24,1819
0.37,2.75,0.09,1.1,1.1,1.1,71.0,71.0,224.0,13.0,0.37,34.0,7.0,0.37,10.0,4.5,0.57,5.0,6.0,24.0,2,2,8,0.65,0.65,2021
0.0,3.27,0.09,1.3,1.0,1.0,65.0,65.0,173.0,17.0,0.21,35.0,6.0,0.21,12.0,2.2,0.56,3.0,4.0,26.0,4,4,5,0.47,0.47,2122
0.0,2.64,0.03,0.2,0.2,0.2,24.0,24.0,66.0,4.0,0.43,13.0,3.0,0.43,1.0,2.1,0.61,2.0,2.0,7.0,0,0,1,0.2,0.2,2223
0.0,0.78,0.03,0.1,0.0,0.0,6.0,6.0,29.0,1.0,0.08,1.0,0.0,0.08,1.0,0.1,0.0,2.0,0.0,1.0,0,0,0,0.0,0.0,2223
0.0,2.22,0.11,0.4,0.4,0.4,28.0,28.0,57.0,3.0,0.25,8.0,1.0,0.25,2.0,0.9,0.28,2.0,0.0,7.0,0,0,1,0.28,0.28,2324
0.0,1.34,0.11,0.4,0.6,0.6,16.0,16.0,79.0,5.0,0.14,8.0,0.0,0.14,7.0,0.9,0.0,0.0,0.0,8.0,0,0,0,0.0,0.0,1819
0.05,0.49,0.0,0.3,0.0,0.0,13.0,13.0,93.0,0.0,0.04,12.0,1.0,0.04,4.0,0.9,0.04,1.0,1.0,11.0,0,0,1,0.04,0.04,2223
0.35,3.4,0.17,1.8,2.4,2.4,143.0,143.0,354.0,26.0,0.39,48.0,7.0,0.39,14.0,5.4,0.5,19.0,6.0,33.0,6,6,10,0.71,0.71,1718
0.2,4.08,0.29,3.1,4.1,4.1,198.0,198.0,379.0,24.0,0.81,58.0,9.0,0.81,15.0,11.5,0.63,27.0,5.0,36.0,5,5,12,0.84,0.84,1819
0.18,3.05,0.23,2.4,3.4,3.4,159.0,159.0,374.0,29.0,0.37,45.0,6.0,0.37,23.0,5.5,0.41,18.0,3.0,30.0,3,3,7,0.47,0.47,1920
0.05,2.28,0.13,3.0,3.5,3.5,196.0,196.0,476.0,25.0,0.21,62.0,13.0,0.21,19.0,5.6,0.48,15.0,10.0,41.0,5,5,7,0.26,0.26,2021
0.0,2.23,0.02,0.1,0.1,0.1,26.0,26.0,72.0,1.0,0.49,6.0,0.0,0.49,1.0,1.3,0.0,5.0,0.0,4.0,0,0,0,0.0,0.0,2223
0.0,4.02,0.13,0.0,0.2,0.2,8.0,8.0,35.0,4.0,0.46,5.0,0.0,0.46,0.0,0.6,0.0,2.0,0.0,4.0,0,0,1,0.8,0.8,2324
0.08,0.32,0.0,0.0,0.0,0.0,3.0,3.0,22.0,0.0,0.11,2.0,0.0,0.11,0.0,0.7,0.0,0.0,0.0,1.0,0,0,0,0.0,0.0,1920
0.08,0.45,0.03,0.1,0.4,0.4,1.0,1.0,17.0,5.0,0.05,6.0,1.0,0.05,0.0,0.7,0.08,1.0,0.0,4.0,1,1,1,0.08,0.08,1920
0.15,0.51,0.03,0.9,0.8,0.8,3.0,3.0,46.0,7.0,0.1,13.0,2.0,0.1,1.0,2.6,0.08,1.0,2.0,9.0,2,2,3,0.12,0.12,2021
0.0,0.79,0.09,1.4,1.9,1.9,5.0,5.0,39.0,7.0,0.14,16.0,3.0,0.14,5.0,2.9,0.15,0.0,3.0,15.0,3,3,5,0.25,0.25,2122
0.1,1.82,0.07,0.8,1.6,1.6,50.0,50.0,258.0,22.0,0.17,41.0,2.0,0.2,5.0,3.8,0.09,4.0,2.0,30.0,0,0,3,0.13,0.09,1819
0.0,2.63,0.09,1.7,1.8,1.8,42.0,42.0,249.0,27.0,0.16,53.0,4.0,0.16,6.0,3.3,0.2,3.0,2.0,30.0,2,2,3,0.15,0.15,1920
0.0,2.43,0.04,0.5,0.5,0.5,15.0,15.0,119.0,5.0,0.07,25.0,6.0,0.07,9.0,0.7,0.58,1.0,6.0,22.0,2,2,3,0.29,0.29,1920
0.0,1.36,0.02,0.2,0.1,0.1,5.0,5.0,77.0,2.0,0.1,8.0,2.0,0.1,2.0,0.6,0.34,0.0,2.0,5.0,0,0,1,0.17,0.17,2021
0.1,1.61,0.01,0.0,0.0,0.0,1.0,1.0,20.0,2.0,0.02,5.0,2.0,0.02,0.0,0.1,0.64,0.0,0.0,3.0,0,0,1,0.32,0.32,2122
0.0,2.6,0.14,3.4,4.4,4.4,58.0,58.0,409.0,37.0,0.21,80.0,7.0,0.21,32.0,6.5,0.23,5.0,6.0,59.0,3,3,4,0.13,0.13,2223
0.18,2.8,0.05,0.8,0.9,0.9,84.0,84.0,322.0,18.0,0.15,50.0,4.0,0.15,13.0,2.6,0.22,4.0,3.0,36.0,2,2,2,0.11,0.11,1819
0.0,3.54,0.13,0.5,0.7,0.7,54.0,54.0,135.0,9.0,0.22,20.0,2.0,0.23,8.0,1.2,0.35,1.0,1.0,12.0,1,1,2,0.35,0.35,1920
0.04,3.48,0.08,0.3,0.4,0.4,36.0,36.0,111.0,8.0,0.1,15.0,1.0,0.1,6.0,0.5,0.23,4.0,1.0,13.0,0,0,0,0.0,0.0,2021
0.14,1.48,0.06,1.5,0.8,0.8,61.0,61.0,231.0,11.0,0.1,20.0,0.0,0.1,8.0,1.4,0.0,1.0,0.0,18.0,0,0,1,0.07,0.07,1819
0.0,2.05,0.1,0.6,0.7,0.7,31.0,31.0,110.0,9.0,0.25,15.0,1.0,0.25,7.0,1.8,0.14,3.0,1.0,12.0,1,1,2,0.27,0.27,2223
0.07,1.87,0.08,0.4,0.4,0.4,48.0,48.0,148.0,4.0,0.1,9.0,1.0,0.1,6.0,0.5,0.21,5.0,0.0,8.0,0,0,0,0.0,0.0,2021
0.0,1.56,0.12,2.4,3.4,3.4,129.0,129.0,393.0,22.0,0.15,45.0,4.0,0.15,22.0,4.3,0.14,5.0,4.0,40.0,2,2,4,0.14,0.14,2122
0.07,1.1,0.03,1.3,0.9,0.9,126.0,126.0,409.0,10.0,0.05,30.0,0.0,0.05,21.0,1.4,0.0,8.0,0.0,27.0,0,0,0,0.0,0.0,2223
0.05,1.73,0.1,2.3,2.8,2.8,99.0,99.0,449.0,18.0,0.11,51.0,3.0,0.11,26.0,3.4,0.1,7.0,3.0,39.0,2,2,3,0.1,0.1,2324
0.33,5.04,0.28,6.2,8.0,8.0,266.0,266.0,844.0,77.0,0.66,143.0,18.0,0.7,46.0,18.8,0.63,37.0,9.0,74.0,13,13,32,1.13,1.06,1718
0.18,7.23,0.35,9.4,10.7,10.7,281.0,281.0,1031.0,112.0,0.77,220.0,13.0,0.82,61.0,23.4,0.43,37.0,9.0,128.0,10,10,20,0.66,0.66,1819
0.37,4.86,0.23,2.0,2.6,2.6,101.0,101.0,303.0,25.0,0.57,55.0,5.0,0.64,14.0,6.4,0.44,17.0,2.0,22.0,2,2,11,0.97,0.88,1920
0.1,5.08,0.43,11.4,14.0,14.0,329.0,329.0,971.0,94.0,0.75,165.0,25.0,0.94,61.0,24.3,0.77,49.0,17.0,97.0,12,12,32,0.99,0.74,2021
0.0,4.33,0.16,0.7,0.5,0.5,22.0,22.0,86.0,5.0,1.14,13.0,2.0,1.14,3.0,3.4,0.67,4.0,1.0,8.0,0,0,4,1.33,1.33,2223
0.1,0.43,0.05,0.4,0.2,0.2,0.0,0.0,10.0,1.0,0.12,2.0,1.0,0.12,1.0,0.6,0.22,0.0,1.0,2.0,1,1,2,0.43,0.43,1920
0.09,0.86,0.05,0.1,0.5,0.5,2.0,2.0,25.0,4.0,0.1,9.0,1.0,0.1,0.0,1.0,0.1,0.0,0.0,6.0,1,1,1,0.1,0.1,2021
0.0,0.38,0.03,0.1,0.7,0.7,7.0,7.0,61.0,4.0,0.15,8.0,3.0,0.15,0.0,3.1,0.14,2.0,0.0,2.0,2,2,3,0.14,0.14,2122
0.09,2.74,0.15,2.1,2.5,2.5,87.0,87.0,255.0,19.0,0.28,45.0,6.0,0.28,10.0,4.5,0.37,10.0,4.0,35.0,4,4,6,0.37,0.37,2324
0.0,1.46,0.03,1.0,0.6,0.6,123.0,123.0,365.0,9.0,0.07,27.0,3.0,0.07,15.0,1.4,0.16,6.0,2.0,24.0,0,0,0,0.0,0.0,2021
0.0,1.5,0.05,1.7,1.1,1.1,90.0,90.0,288.0,13.0,0.07,34.0,4.0,0.07,18.0,1.6,0.18,13.0,4.0,29.0,0,0,0,0.0,0.0,2122
0.13,4.36,0.21,5.0,4.1,4.1,174.0,174.0,616.0,45.0,0.3,84.0,9.0,0.3,47.0,5.8,0.47,13.0,8.0,68.0,2,2,7,0.36,0.36,1819
0.0,1.94,0.08,0.5,0.6,0.6,33.0,33.0,113.0,3.0,0.23,14.0,1.0,0.23,6.0,1.7,0.14,5.0,1.0,9.0,0,0,0,0.0,0.0,2425
0.0,2.53,0.09,3.4,2.5,2.5,145.0,145.0,429.0,28.0,0.43,70.0,3.0,0.45,24.0,11.8,0.11,8.0,3.0,54.0,2,2,8,0.29,0.25,1819
0.22,1.74,0.08,0.6,0.7,0.7,46.0,46.0,150.0,9.0,0.5,16.0,1.0,0.5,4.0,4.6,0.11,2.0,1.0,13.0,1,1,2,0.22,0.22,1920
0.0,1.4,0.16,1.2,1.5,1.5,48.0,48.0,109.0,5.0,0.32,13.0,4.0,0.32,8.0,3.0,0.43,0.0,3.0,8.0,2,2,3,0.32,0.32,2021
0.17,1.29,0.06,0.7,0.9,0.9,67.0,67.0,221.0,8.0,0.34,20.0,1.0,0.39,8.0,5.3,0.06,2.0,0.0,16.0,0,0,9,0.58,0.52,2122
0.21,2.8,0.12,2.6,3.0,3.0,124.0,124.0,426.0,24.0,0.54,67.0,10.0,0.54,16.0,13.0,0.42,15.0,7.0,49.0,4,4,14,0.59,0.59,2223
0.14,2.51,0.05,1.3,1.0,1.0,89.0,89.0,309.0,15.0,0.55,47.0,7.0,0.55,15.0,10.2,0.37,4.0,5.0,33.0,4,4,11,0.59,0.59,2324
0.17,1.44,0.05,1.4,1.1,1.1,102.0,102.0,371.0,15.0,0.07,33.0,2.0,0.07,23.0,1.6,0.09,7.0,2.0,26.0,1,1,2,0.09,0.09,2324
0.03,0.63,0.02,0.5,0.7,0.7,3.0,3.0,45.0,6.0,0.09,18.0,3.0,0.09,3.0,2.5,0.11,1.0,2.0,16.0,0,0,2,0.07,0.07,1920
0.06,0.78,0.03,0.7,1.1,1.1,3.0,3.0,57.0,7.0,0.08,26.0,2.0,0.08,5.0,2.6,0.06,0.0,2.0,25.0,1,1,4,0.12,0.12,2021
0.18,0.61,0.05,0.5,1.6,1.6,4.0,4.0,59.0,8.0,0.09,19.0,1.0,0.09,5.0,2.8,0.03,1.0,1.0,13.0,2,2,5,0.16,0.16,2122
0.0,0.91,0.07,0.8,0.7,0.7,4.0,4.0,55.0,3.0,0.19,10.0,2.0,0.19,2.0,2.1,0.18,0.0,2.0,8.0,2,2,3,0.27,0.27,2223
0.0,0.82,0.0,0.1,0.0,0.0,3.0,3.0,24.0,0.0,0.14,4.0,1.0,0.14,0.0,0.7,0.21,0.0,0.0,3.0,0,0,1,0.21,0.21,2324
0.0,2.71,0.15,0.8,1.1,1.1,52.0,52.0,125.0,10.0,0.39,20.0,2.0,0.39,2.0,2.9,0.27,7.0,2.0,14.0,2,2,5,0.68,0.68,1920
0.42,4.68,0.29,6.4,8.7,8.7,243.0,243.0,911.0,72.0,0.38,143.0,13.0,0.38,53.0,11.6,0.43,38.0,9.0,75.0,11,11,13,0.43,0.43,2223
0.58,5.79,0.41,5.0,5.8,5.8,134.0,134.0,483.0,36.0,0.74,82.0,14.0,0.8,34.0,10.5,0.99,27.0,11.0,44.0,6,6,16,1.13,1.06,2324
0.15,2.74,0.19,2.5,4.4,4.4,204.0,204.0,511.0,23.0,0.49,64.0,10.0,0.49,21.0,11.5,0.43,29.0,5.0,40.0,4,4,10,0.43,0.43,1819
0.23,3.61,0.19,3.5,3.7,3.7,178.0,178.0,532.0,25.0,0.81,71.0,9.0,0.85,17.0,15.9,0.46,26.0,4.0,35.0,3,3,13,0.66,0.61,1920
0.24,3.47,0.14,1.8,3.0,3.0,177.0,177.0,460.0,27.0,0.73,76.0,11.0,0.73,13.0,15.9,0.5,25.0,5.0,41.0,5,5,15,0.68,0.68,2021
0.15,2.94,0.18,5.0,6.0,6.0,246.0,246.0,663.0,45.0,0.49,97.0,17.0,0.51,27.0,16.2,0.51,35.0,10.0,65.0,8,8,18,0.55,0.55,2122
0.11,1.92,0.06,0.8,1.3,1.3,120.0,120.0,308.0,15.0,0.38,39.0,9.0,0.38,8.0,7.8,0.44,18.0,6.0,24.0,3,3,8,0.39,0.39,2223
0.11,1.75,0.05,1.3,0.9,0.9,104.0,104.0,259.0,8.0,0.35,33.0,5.0,0.35,7.0,6.7,0.27,19.0,4.0,18.0,2,2,8,0.42,0.42,2324
0.04,2.04,0.04,0.5,0.6,0.6,85.0,85.0,246.0,15.0,0.12,35.0,3.0,0.12,7.0,2.1,0.18,4.0,1.0,25.0,0,0,1,0.06,0.06,2223
0.0,1.61,0.06,1.0,1.5,1.5,55.0,55.0,270.0,17.0,0.11,40.0,1.0,0.11,9.0,2.6,0.04,3.0,1.0,32.0,1,1,1,0.04,0.04,2324
0.0,2.52,0.01,0.3,0.1,0.1,44.0,44.0,106.0,2.0,0.49,21.0,3.0,0.49,3.0,4.1,0.36,6.0,1.0,10.0,0,0,5,0.6,0.6,1819
0.38,2.56,0.14,0.4,0.8,0.8,36.0,36.0,93.0,10.0,0.37,15.0,0.0,0.37,4.0,2.2,0.0,4.0,0.0,11.0,0,0,1,0.17,0.17,1819
0.12,2.64,0.06,0.2,0.2,0.2,22.0,22.0,60.0,3.0,0.98,7.0,2.0,0.98,0.0,2.6,0.75,4.0,1.0,5.0,1,1,2,0.75,0.75,1920
0.0,2.84,0.2,1.0,1.6,1.6,44.0,44.0,104.0,9.0,0.4,23.0,3.0,0.4,5.0,3.2,0.37,7.0,2.0,15.0,1,1,3,0.37,0.37,2021
0.0,1.74,0.13,1.1,1.7,1.7,11.0,11.0,78.0,10.0,0.22,22.0,1.0,0.22,5.0,2.8,0.08,1.0,1.0,20.0,2,2,3,0.24,0.24,2122
0.0,3.87,0.09,0.3,0.3,0.3,19.0,19.0,81.0,5.0,0.23,12.0,2.0,0.23,3.0,0.7,0.65,4.0,2.0,10.0,1,1,1,0.32,0.32,1819
0.09,5.02,0.07,0.4,0.2,0.2,15.0,15.0,103.0,5.0,0.24,17.0,3.0,0.24,4.0,0.8,0.89,0.0,2.0,13.0,0,0,1,0.29,0.29,1920
0.9,1.33,0.03,0.1,0.1,0.1,12.0,12.0,31.0,1.0,0.25,3.0,0.0,0.6,0.0,0.6,0.0,1.0,0.0,3.0,0,0,1,0.44,0.0,1819
0.11,1.16,0.01,0.0,0.0,0.0,11.0,11.0,30.0,1.0,0.04,3.0,0.0,0.04,0.0,0.1,0.0,1.0,0.0,1.0,0,0,0,0.0,0.0,1920
0.0,2.39,0.03,0.4,0.3,0.3,62.0,62.0,147.0,5.0,0.24,22.0,2.0,0.24,2.0,2.2,0.22,11.0,1.0,10.0,1,1,2,0.22,0.22,2122
0.04,2.47,0.09,1.9,3.0,3.0,160.0,160.0,537.0,31.0,0.29,83.0,3.0,0.29,21.0,9.7,0.09,19.0,2.0,56.0,2,2,6,0.18,0.18,1920
0.0,2.82,0.11,2.2,2.9,2.9,109.0,109.0,421.0,31.0,0.23,76.0,6.0,0.23,23.0,6.1,0.22,14.0,4.0,54.0,1,1,5,0.19,0.19,2021
0.07,2.57,0.05,0.6,0.9,0.9,85.0,85.0,307.0,16.0,0.14,49.0,4.0,0.14,5.0,2.6,0.21,12.0,3.0,36.0,0,0,1,0.05,0.05,2122
0.05,3.14,0.11,3.0,3.2,3.2,264.0,264.0,760.0,26.0,0.4,87.0,13.0,0.4,36.0,11.1,0.47,25.0,5.0,63.0,2,2,13,0.47,0.47,2223
0.0,2.41,0.12,2.4,2.6,2.6,162.0,162.0,475.0,24.0,0.33,52.0,4.0,0.33,21.0,7.2,0.19,22.0,2.0,40.0,1,1,4,0.19,0.19,2324
0.21,2.07,0.12,3.1,3.3,3.3,148.0,148.0,482.0,22.0,0.15,55.0,8.0,0.15,29.0,4.1,0.3,17.0,6.0,40.0,3,3,5,0.19,0.19,2223
0.0,2.5,0.05,0.5,0.1,0.1,22.0,22.0,64.0,1.0,0.12,7.0,2.0,0.12,5.0,0.3,0.71,4.0,2.0,7.0,1,1,2,0.71,0.71,2223
0.0,2.12,0.14,2.8,3.1,3.1,82.0,82.0,343.0,30.0,0.15,48.0,5.0,0.15,30.0,3.3,0.22,1.0,5.0,36.0,2,2,2,0.09,0.09,2021
0.13,4.01,0.15,2.0,2.1,2.1,21.0,21.0,245.0,24.0,0.23,56.0,1.0,0.23,10.0,3.2,0.07,0.0,0.0,31.0,1,1,1,0.07,0.07,1819
0.14,3.52,0.16,4.3,4.9,4.9,35.0,35.0,482.0,58.0,0.22,110.0,7.0,0.22,30.0,7.0,0.22,3.0,4.0,67.0,4,4,7,0.22,0.22,1920
0.2,2.13,0.05,1.1,0.7,0.7,11.0,11.0,150.0,11.0,0.08,29.0,3.0,0.19,9.0,1.1,0.22,0.0,3.0,27.0,2,2,4,0.27,0.14,2021
0.0,3.42,0.1,2.1,1.5,1.5,13.0,13.0,238.0,25.0,0.14,51.0,7.0,0.14,19.0,2.0,0.47,1.0,6.0,34.0,3,3,3,0.2,0.2,2122
0.14,4.87,0.23,3.0,3.0,3.0,95.0,95.0,373.0,23.0,0.58,63.0,6.0,0.58,19.0,7.5,0.46,11.0,1.0,34.0,2,2,5,0.39,0.39,1819
0.0,2.37,0.1,2.2,2.1,2.1,42.0,42.0,365.0,19.0,0.19,49.0,4.0,0.19,17.0,3.9,0.19,7.0,3.0,29.0,3,3,4,0.19,0.19,2021
0.22,1.93,0.03,0.1,0.1,0.1,30.0,30.0,63.0,2.0,0.32,7.0,1.0,0.32,2.0,1.2,0.28,1.0,1.0,5.0,0,0,1,0.28,0.28,1819
0.08,2.11,0.05,0.5,0.5,0.5,43.0,43.0,140.0,11.0,0.09,19.0,2.0,0.09,8.0,0.8,0.22,4.0,2.0,15.0,2,2,2,0.22,0.22,1920
0.15,1.81,0.07,2.0,1.7,1.7,113.0,113.0,419.0,18.0,0.1,45.0,7.0,0.1,34.0,2.4,0.28,4.0,6.0,32.0,2,2,2,0.08,0.08,2021
0.0,2.24,0.07,1.8,1.3,1.3,86.0,86.0,288.0,16.0,0.09,45.0,6.0,0.09,14.0,1.8,0.3,1.0,5.0,34.0,3,3,4,0.2,0.2,2122
0.09,2.88,0.1,1.6,1.8,1.8,85.0,85.0,307.0,19.0,0.19,52.0,7.0,0.19,16.0,3.4,0.39,13.0,6.0,46.0,1,1,1,0.06,0.06,1819
0.22,2.92,0.12,1.0,1.4,1.4,56.0,56.0,182.0,13.0,0.39,34.0,4.0,0.39,8.0,4.5,0.34,6.0,4.0,20.0,1,1,1,0.09,0.09,1920
0.0,2.85,0.22,1.7,2.0,2.0,46.0,46.0,211.0,11.0,0.44,26.0,3.0,0.44,8.0,4.0,0.33,1.0,1.0,16.0,2,2,2,0.22,0.22,2021
0.26,1.42,0.06,1.2,1.5,1.5,68.0,68.0,192.0,16.0,0.13,35.0,3.0,0.13,14.0,3.1,0.12,10.0,1.0,27.0,1,1,3,0.12,0.12,1819
0.0,0.33,0.01,0.3,0.2,0.2,3.0,3.0,17.0,3.0,0.04,5.0,0.0,0.04,3.0,0.6,0.0,0.0,0.0,4.0,0,0,0,0.0,0.0,2021
0.0,0.85,0.04,0.7,0.8,0.8,48.0,48.0,231.0,8.0,0.05,16.0,2.0,0.05,10.0,0.9,0.11,1.0,2.0,12.0,1,1,1,0.05,0.05,2021
0.0,1.02,0.02,0.7,0.4,0.4,66.0,66.0,254.0,8.0,0.02,23.0,1.0,0.02,13.0,0.5,0.04,0.0,0.0,19.0,0,0,0,0.0,0.0,2122
0.03,1.88,0.11,2.7,2.4,2.4,62.0,62.0,286.0,13.0,0.23,43.0,8.0,0.23,17.0,5.3,0.35,5.0,5.0,35.0,3,3,6,0.26,0.26,1819
0.17,2.49,0.06,1.9,2.1,2.1,95.0,95.0,552.0,33.0,0.15,87.0,9.0,0.15,36.0,5.2,0.26,3.0,8.0,70.0,1,1,6,0.17,0.17,1920
0.06,2.51,0.14,2.3,3.4,3.4,75.0,75.0,426.0,29.0,0.29,60.0,8.0,0.29,32.0,7.0,0.33,3.0,7.0,45.0,4,4,6,0.25,0.25,2021
0.32,2.55,0.11,3.5,3.6,3.6,92.0,92.0,510.0,31.0,0.24,82.0,11.0,0.24,41.0,7.6,0.34,10.0,6.0,62.0,2,2,5,0.16,0.16,2122
0.11,3.36,0.2,5.0,5.7,5.7,107.0,107.0,496.0,44.0,0.34,93.0,13.0,0.36,36.0,9.3,0.47,4.0,11.0,81.0,9,9,11,0.4,0.4,2223
0.11,2.36,0.07,2.8,1.9,1.9,99.0,99.0,514.0,20.0,0.19,65.0,8.0,0.19,27.0,5.2,0.29,5.0,6.0,51.0,3,3,8,0.29,0.29,2324
0.32,2.85,0.14,3.5,5.0,5.0,213.0,213.0,666.0,45.0,0.39,100.0,15.0,0.46,21.0,13.8,0.43,29.0,8.0,69.0,2,2,15,0.43,0.34,1819
0.3,2.77,0.22,5.7,7.4,7.4,256.0,256.0,735.0,50.0,0.37,94.0,13.0,0.47,40.0,12.7,0.38,15.0,12.0,72.0,11,11,21,0.62,0.5,1920
0.16,3.85,0.29,6.3,7.7,7.7,186.0,186.0,671.0,51.0,0.5,103.0,16.0,0.71,40.0,13.5,0.6,18.0,10.0,57.0,8,8,19,0.71,0.49,2021
0.07,3.88,0.2,3.1,3.7,3.7,144.0,144.0,459.0,39.0,0.49,72.0,6.0,0.7,21.0,9.0,0.32,22.0,1.0,33.0,3,3,12,0.65,0.43,2122
0.13,2.3,0.16,1.9,2.2,2.2,122.0,122.0,278.0,14.0,0.33,31.0,3.0,0.51,9.0,4.5,0.22,12.0,3.0,25.0,1,1,5,0.37,0.22,2223
0.12,1.71,0.07,1.3,1.7,1.7,126.0,126.0,317.0,21.0,0.39,41.0,4.0,0.45,13.0,9.2,0.17,10.0,3.0,27.0,3,3,12,0.5,0.42,2324
0.16,0.74,0.02,0.1,0.0,0.0,12.0,12.0,25.0,1.0,0.12,2.0,0.0,0.12,2.0,0.3,0.0,0.0,0.0,0.0,0,0,0,0.0,0.0,1819
0.0,1.56,0.09,1.2,1.7,1.7,33.0,33.0,194.0,16.0,0.14,30.0,3.0,0.14,19.0,2.7,0.16,1.0,2.0,27.0,0,0,0,0.0,0.0,1819
0.07,1.7,0.05,1.4,1.1,1.1,62.0,62.0,272.0,15.0,0.09,39.0,3.0,0.09,12.0,2.0,0.13,2.0,3.0,32.0,1,1,2,0.09,0.09,1819
0.05,1.35,0.05,0.7,0.7,0.7,11.0,11.0,140.0,6.0,0.11,19.0,3.0,0.11,5.0,1.6,0.21,0.0,1.0,13.0,1,1,1,0.07,0.07,1920
0.0,1.72,0.06,0.5,1.1,1.1,15.0,15.0,178.0,12.0,0.14,33.0,4.0,0.14,8.0,2.6,0.21,3.0,2.0,30.0,1,1,1,0.05,0.05,2021
0.1,1.86,0.06,1.0,0.9,0.9,15.0,15.0,155.0,12.0,0.13,28.0,1.0,0.13,12.0,1.9,0.07,3.0,1.0,27.0,0,0,2,0.13,0.13,2122
0.06,1.89,0.05,1.8,1.5,1.5,31.0,31.0,355.0,20.0,0.11,54.0,6.0,0.19,21.0,3.0,0.21,4.0,3.0,49.0,3,3,6,0.21,0.14,2223
0.0,1.46,0.07,1.2,1.2,1.2,29.0,29.0,196.0,7.0,0.14,25.0,2.0,0.23,13.0,2.3,0.12,1.0,2.0,22.0,1,1,4,0.23,0.12,2324
0.0,3.0,0.12,2.3,2.4,2.4,131.0,131.0,468.0,25.0,0.27,59.0,9.0,0.27,22.0,5.3,0.46,14.0,6.0,44.0,4,4,6,0.3,0.3,2021
0.0,4.21,0.07,0.7,0.5,0.5,40.0,40.0,145.0,11.0,0.16,27.0,1.0,0.16,9.0,1.0,0.16,2.0,1.0,21.0,0,0,0,0.0,0.0,2122
0.31,2.78,0.16,0.9,1.4,1.4,32.0,32.0,195.0,10.0,0.25,26.0,5.0,0.25,11.0,2.4,0.54,3.0,3.0,18.0,2,2,2,0.21,0.21,2324
0.0,2.52,0.04,0.7,0.5,0.5,12.0,12.0,180.0,10.0,0.1,32.0,2.0,0.1,12.0,1.2,0.16,3.0,1.0,26.0,0,0,1,0.08,0.08,1819
0.15,2.67,0.04,1.1,0.7,0.7,29.0,29.0,193.0,20.0,0.1,47.0,1.0,0.1,9.0,1.8,0.06,1.0,1.0,39.0,0,0,1,0.06,0.06,1920
0.0,2.32,0.1,1.6,2.7,2.7,25.0,25.0,273.0,29.0,0.13,62.0,8.0,0.13,25.0,3.5,0.3,1.0,7.0,55.0,4,4,5,0.19,0.19,2021
0.0,2.02,0.04,1.4,1.1,1.1,36.0,36.0,255.0,18.0,0.09,57.0,13.0,0.09,23.0,2.5,0.46,1.0,11.0,51.0,3,3,4,0.14,0.14,2324
0.07,2.37,0.08,0.9,1.3,1.3,72.0,72.0,270.0,21.0,0.18,36.0,2.0,0.18,5.0,2.7,0.13,3.0,2.0,31.0,1,1,2,0.13,0.13,2223
0.07,2.47,0.09,0.5,1.2,1.2,33.0,33.0,153.0,16.0,0.25,33.0,4.0,0.43,3.0,3.4,0.3,1.0,1.0,25.0,1,1,6,0.45,0.37,2324
0.07,0.93,0.05,0.2,0.7,0.7,31.0,31.0,104.0,5.0,0.26,13.0,1.0,0.26,2.0,3.7,0.07,1.0,1.0,8.0,1,1,5,0.36,0.36,2324
0.0,0.5,0.08,0.2,1.1,1.1,30.0,30.0,110.0,5.0,0.28,7.0,1.0,0.28,2.0,4.0,0.07,1.0,1.0,6.0,1,1,5,0.35,0.35,2425
0.0,1.13,0.02,0.8,0.5,0.5,13.0,13.0,119.0,8.0,0.05,33.0,2.0,0.05,16.0,1.5,0.07,1.0,0.0,24.0,0,0,0,0.0,0.0,1920
0.0,0.81,0.02,0.7,0.5,0.5,42.0,42.0,198.0,9.0,0.09,25.0,1.0,0.09,10.0,2.8,0.03,1.0,1.0,21.0,0,0,3,0.1,0.1,2021
0.0,0.56,0.01,0.4,0.3,0.3,10.0,10.0,90.0,6.0,0.05,11.0,0.0,0.05,4.0,1.1,0.0,0.0,0.0,11.0,0,0,0,0.0,0.0,2223
0.2,4.65,0.24,4.3,4.1,4.1,186.0,186.0,504.0,30.0,0.6,80.0,11.0,0.64,23.0,10.3,0.64,35.0,6.0,45.0,5,5,14,0.81,0.75,1819
0.12,3.54,0.13,3.4,3.2,3.2,196.0,196.0,522.0,40.0,0.27,89.0,11.0,0.37,21.0,6.9,0.44,36.0,6.0,46.0,5,5,13,0.52,0.44,1920
0.08,2.89,0.1,2.0,1.6,1.6,134.0,134.0,282.0,19.0,0.32,47.0,6.0,0.37,20.0,5.2,0.37,24.0,4.0,30.0,2,2,5,0.31,0.25,2021
0.0,0.75,0.04,1.3,0.9,0.9,6.0,6.0,51.0,6.0,0.05,17.0,4.0,0.05,8.0,1.2,0.18,0.0,4.0,16.0,1,1,1,0.04,0.04,1920
0.05,0.91,0.03,0.8,0.7,0.7,3.0,3.0,39.0,7.0,0.05,23.0,3.0,0.05,2.0,1.2,0.12,0.0,3.0,21.0,2,2,3,0.12,0.12,2223
0.09,0.66,0.04,0.9,0.8,0.8,13.0,13.0,84.0,6.0,0.12,14.0,3.0,0.12,14.0,2.5,0.14,1.0,3.0,14.0,1,1,3,0.14,0.14,2324
0.24,4.78,0.23,5.2,5.9,5.9,19.0,19.0,572.0,72.0,0.28,121.0,10.0,0.28,29.0,7.1,0.39,2.0,3.0,73.0,6,6,8,0.32,0.32,1819
0.0,4.19,0.18,3.4,4.4,4.4,16.0,16.0,488.0,56.0,0.21,106.0,9.0,0.21,22.0,5.4,0.36,0.0,5.0,74.0,6,6,9,0.36,0.36,1920
0.19,4.99,0.26,1.2,1.9,1.9,7.0,7.0,112.0,22.0,0.3,37.0,2.0,0.3,7.0,2.2,0.27,0.0,0.0,19.0,1,1,1,0.13,0.13,1819
0.2,2.02,0.1,2.4,1.9,1.9,180.0,180.0,482.0,16.0,0.11,38.0,4.0,0.11,21.0,2.1,0.21,4.0,3.0,37.0,2,2,2,0.11,0.11,2021
0.11,1.83,0.1,2.1,2.0,2.0,95.0,95.0,292.0,13.0,0.12,37.0,6.0,0.12,21.0,2.4,0.3,4.0,6.0,34.0,4,4,5,0.25,0.25,2122
0.0,2.01,0.11,1.3,2.0,2.0,65.0,65.0,250.0,17.0,0.2,37.0,4.0,0.2,14.0,3.6,0.22,8.0,3.0,30.0,2,2,5,0.27,0.27,2223
0.16,0.95,0.03,0.1,0.1,0.1,20.0,20.0,77.0,3.0,0.08,4.0,0.0,0.08,0.0,0.3,0.0,2.0,0.0,4.0,0,0,1,0.24,0.24,2324
0.0,3.13,0.21,2.3,2.7,2.7,120.0,120.0,334.0,23.0,0.44,40.0,4.0,0.44,27.0,5.6,0.31,7.0,2.0,28.0,2,2,5,0.4,0.4,2425
0.0,2.51,0.15,4.3,3.6,3.6,180.0,180.0,590.0,30.0,0.17,59.0,6.0,0.17,41.0,4.1,0.26,9.0,5.0,48.0,3,3,4,0.17,0.17,1819
0.0,1.61,0.03,1.4,0.3,0.3,54.0,54.0,278.0,6.0,0.14,21.0,1.0,0.14,13.0,1.9,0.08,4.0,1.0,15.0,0,0,1,0.08,0.08,1920
0.32,0.8,0.0,0.1,0.0,0.0,9.0,9.0,56.0,0.0,0.04,2.0,1.0,0.04,3.0,0.1,0.4,3.0,0.0,1.0,0,0,1,0.4,0.4,2021
0.24,3.18,0.2,6.9,5.6,5.6,169.0,169.0,566.0,40.0,0.29,89.0,16.0,0.29,48.0,8.2,0.57,18.0,12.0,69.0,9,9,11,0.39,0.39,2223
0.0,3.41,0.11,0.6,0.9,0.9,65.0,65.0,150.0,8.0,0.57,29.0,3.0,0.57,8.0,4.8,0.35,1.0,2.0,18.0,0,0,4,0.47,0.47,1920
0.27,2.34,0.05,1.3,0.6,0.6,80.0,80.0,217.0,13.0,0.46,26.0,4.0,0.53,8.0,5.1,0.36,5.0,4.0,20.0,0,0,4,0.36,0.36,2021
0.19,2.54,0.16,3.2,2.4,2.4,96.0,96.0,306.0,16.0,0.47,37.0,6.0,0.47,13.0,6.9,0.41,4.0,5.0,28.0,4,4,7,0.48,0.48,2122
0.0,0.68,0.03,0.4,0.3,0.3,5.0,5.0,31.0,3.0,0.13,8.0,1.0,0.13,0.0,1.5,0.09,0.0,1.0,7.0,0,0,2,0.17,0.17,2324
0.31,2.06,0.13,2.4,2.7,2.7,150.0,150.0,313.0,14.0,0.44,42.0,7.0,0.44,10.0,9.1,0.34,20.0,4.0,23.0,1,1,5,0.24,0.24,2122
0.22,3.56,0.21,1.4,2.0,2.0,77.0,77.0,194.0,14.0,0.32,34.0,4.0,0.32,11.0,3.1,0.42,15.0,3.0,20.0,2,2,3,0.31,0.31,2324
0.17,1.55,0.05,0.5,0.4,0.4,14.0,14.0,81.0,3.0,0.13,12.0,0.0,0.13,3.0,1.0,0.0,2.0,0.0,6.0,0,0,0,0.0,0.0,2223
0.22,1.11,0.01,0.5,0.2,0.2,12.0,12.0,138.0,4.0,0.03,19.0,1.0,0.03,5.0,0.6,0.06,1.0,1.0,16.0,0,0,1,0.06,0.06,2021
0.0,1.9,0.05,0.3,0.4,0.4,2.0,2.0,97.0,9.0,0.07,17.0,3.0,0.07,2.0,0.6,0.33,1.0,3.0,15.0,2,2,2,0.22,0.22,2122
0.04,2.51,0.1,2.1,2.3,2.3,124.0,124.0,443.0,28.0,0.34,57.0,6.0,0.34,19.0,7.8,0.26,13.0,3.0,42.0,2,2,6,0.26,0.26,2122
0.0,2.44,0.08,2.0,2.6,2.6,171.0,171.0,633.0,38.0,0.17,80.0,3.0,0.17,33.0,5.5,0.09,10.0,0.0,59.0,0,0,3,0.09,0.09,1819
0.08,1.29,0.2,0.4,0.9,0.9,19.0,19.0,66.0,3.0,0.25,6.0,1.0,0.25,3.0,1.2,0.21,1.0,1.0,6.0,0,0,0,0.0,0.0,1920
0.15,2.53,0.15,1.5,1.9,1.9,114.0,114.0,263.0,14.0,0.2,32.0,3.0,0.21,16.0,2.5,0.24,4.0,2.0,26.0,1,1,1,0.08,0.08,2021
0.06,3.6,0.25,1.9,1.8,1.8,48.0,48.0,117.0,12.0,0.69,26.0,3.0,0.69,1.0,5.0,0.42,5.0,1.0,13.0,1,1,5,0.69,0.69,2223
0.29,2.53,0.04,0.6,0.6,0.6,115.0,115.0,245.0,13.0,0.4,39.0,6.0,0.51,11.0,6.2,0.39,14.0,3.0,26.0,1,1,6,0.39,0.26,2324
0.31,4.43,0.26,8.4,9.4,9.4,429.0,429.0,1087.0,68.0,0.75,160.0,21.0,0.82,71.0,27.2,0.58,96.0,8.0,104.0,8,8,30,0.83,0.75,1819
0.15,4.26,0.25,6.9,7.8,7.8,347.0,347.0,935.0,60.0,0.77,136.0,15.0,0.84,57.0,24.5,0.47,72.0,9.0,94.0,10,10,29,0.91,0.81,1920
0.42,3.92,0.18,7.0,6.2,6.2,396.0,396.0,1073.0,55.0,0.61,134.0,16.0,0.75,72.0,20.8,0.47,72.0,12.0,104.0,5,5,27,0.79,0.61,2021
0.33,4.59,0.33,7.4,10.0,10.0,451.0,451.0,1056.0,62.0,0.91,141.0,25.0,1.07,57.0,27.8,0.81,97.0,17.0,104.0,13,13,36,1.17,1.01,2122
0.36,3.83,0.2,7.2,7.2,7.2,421.0,421.0,1028.0,65.0,0.7,140.0,24.0,0.79,80.0,25.7,0.66,87.0,17.0,106.0,12,12,31,0.85,0.79,2223
0.48,4.94,0.42,7.5,11.8,11.8,341.0,341.0,866.0,66.0,0.97,139.0,20.0,1.17,68.0,27.3,0.71,66.0,14.0,103.0,10,10,28,0.99,0.82,2324
0.06,0.81,0.03,0.7,0.7,0.7,10.0,10.0,105.0,7.0,0.07,18.0,2.0,0.07,6.0,1.6,0.09,0.0,1.0,15.0,0,0,1,0.04,0.04,2122
0.13,1.73,0.08,1.4,1.2,1.2,72.0,72.0,211.0,11.0,0.18,28.0,1.0,0.18,16.0,2.9,0.06,2.0,0.0,21.0,1,1,2,0.12,0.12,2223
0.0,1.85,0.14,2.9,3.3,3.3,76.0,76.0,232.0,15.0,0.3,44.0,4.0,0.3,5.0,7.2,0.17,8.0,3.0,35.0,3,3,5,0.21,0.21,2324
0.0,0.1,0.02,0.2,0.5,0.5,2.0,2.0,25.0,2.0,0.06,3.0,2.0,0.06,1.0,1.9,0.07,1.0,2.0,2.0,1,1,2,0.07,0.07,1920
0.05,1.03,0.02,0.7,0.8,0.8,7.0,7.0,194.0,9.0,0.08,34.0,5.0,0.08,5.0,2.7,0.15,0.0,3.0,29.0,0,0,0,0.0,0.0,2122
0.09,1.14,0.03,0.5,0.6,0.6,4.0,4.0,124.0,7.0,0.1,25.0,3.0,0.1,7.0,2.1,0.14,0.0,1.0,16.0,1,1,1,0.05,0.05,2223
0.0,0.87,0.02,0.2,0.2,0.2,6.0,6.0,38.0,3.0,0.04,10.0,2.0,0.04,4.0,0.5,0.17,0.0,2.0,9.0,1,1,1,0.09,0.09,2324
0.0,3.02,0.17,4.7,4.4,4.4,165.0,165.0,546.0,28.0,0.3,78.0,10.0,0.3,37.0,7.6,0.39,18.0,4.0,62.0,4,4,9,0.35,0.35,1920
0.14,2.32,0.09,4.0,2.6,2.6,143.0,143.0,606.0,31.0,0.2,66.0,6.0,0.23,31.0,5.6,0.21,11.0,5.0,50.0,0,0,4,0.14,0.11,2021
0.07,2.94,0.19,2.5,2.7,2.7,83.0,83.0,288.0,19.0,0.37,42.0,6.0,0.37,20.0,5.3,0.42,5.0,4.0,33.0,2,2,4,0.28,0.28,2122
0.0,3.45,0.16,4.8,4.5,4.5,67.0,67.0,489.0,53.0,0.23,94.0,6.0,0.23,34.0,6.2,0.22,7.0,5.0,67.0,2,2,5,0.18,0.18,2223
0.0,2.69,0.04,1.9,0.9,0.9,69.0,69.0,411.0,24.0,0.12,60.0,2.0,0.12,12.0,2.6,0.09,3.0,0.0,42.0,0,0,3,0.13,0.13,2324
0.21,1.33,0.05,0.3,0.3,0.3,42.0,42.0,91.0,5.0,0.65,8.0,2.0,0.65,0.0,3.9,0.33,8.0,0.0,5.0,0,0,6,1.0,1.0,1819
0.0,1.22,0.05,0.6,0.9,0.9,104.0,104.0,257.0,8.0,0.59,23.0,1.0,0.59,7.0,11.1,0.05,11.0,1.0,14.0,0,0,13,0.69,0.69,2021
0.0,1.15,0.02,0.2,0.2,0.2,77.0,77.0,182.0,5.0,0.42,14.0,3.0,0.42,3.0,5.1,0.25,10.0,1.0,8.0,2,2,7,0.57,0.57,2122
0.0,2.8,0.1,0.6,1.1,1.1,76.0,76.0,165.0,8.0,0.67,31.0,2.0,0.67,6.0,7.4,0.18,20.0,2.0,21.0,0,0,6,0.54,0.54,2223
0.1,1.93,0.1,0.1,0.7,0.7,38.0,38.0,91.0,5.0,0.38,14.0,1.0,0.38,0.0,2.8,0.14,7.0,0.0,7.0,0,0,0,0.0,0.0,2324
0.09,2.52,0.08,2.5,2.7,2.7,61.0,61.0,558.0,43.0,0.12,88.0,5.0,0.12,35.0,4.3,0.14,6.0,5.0,81.0,1,1,2,0.06,0.06,2223
0.05,2.07,0.08,2.0,2.6,2.6,27.0,27.0,382.0,23.0,0.09,66.0,12.0,0.09,20.0,3.0,0.38,1.0,11.0,52.0,3,3,4,0.13,0.13,2324
0.0,1.77,0.03,0.9,0.7,0.7,12.0,12.0,137.0,15.0,0.05,40.0,3.0,0.05,8.0,1.1,0.13,1.0,2.0,32.0,1,1,2,0.09,0.09,2021
0.0,3.48,0.09,0.3,0.4,0.4,27.0,27.0,132.0,8.0,0.25,16.0,1.0,0.25,3.0,1.2,0.22,2.0,0.0,13.0,0,0,1,0.22,0.22,2021
0.0,3.6,0.25,6.2,8.2,8.2,157.0,157.0,680.0,66.0,0.38,119.0,12.0,0.43,40.0,12.7,0.36,19.0,6.0,72.0,8,8,13,0.39,0.33,2223
0.26,4.25,0.24,6.8,8.4,8.4,181.0,181.0,801.0,74.0,0.41,149.0,18.0,0.44,39.0,14.5,0.51,15.0,14.0,86.0,10,10,15,0.43,0.4,2324
0.11,3.32,0.15,3.2,3.6,3.6,195.0,195.0,558.0,37.0,0.39,80.0,9.0,0.39,26.0,9.3,0.37,8.0,6.0,58.0,2,2,11,0.46,0.46,1718
0.17,2.51,0.08,1.9,2.2,2.2,96.0,96.0,410.0,22.0,0.17,67.0,9.0,0.17,23.0,4.5,0.34,5.0,6.0,53.0,3,3,8,0.3,0.3,1819
0.0,3.44,0.13,1.7,3.2,3.2,142.0,142.0,449.0,31.0,0.29,83.0,5.0,0.29,18.0,7.0,0.21,19.0,4.0,55.0,4,4,9,0.37,0.37,1920
0.0,1.85,0.31,1.8,2.9,2.9,46.0,46.0,137.0,13.0,0.42,17.0,4.0,0.42,5.0,3.8,0.44,2.0,2.0,12.0,3,3,5,0.54,0.54,2021
0.0,3.39,0.18,3.8,4.0,4.0,98.0,98.0,436.0,43.0,0.33,74.0,5.0,0.33,20.0,7.3,0.23,12.0,3.0,44.0,3,3,5,0.23,0.23,2324
0.14,1.35,0.03,1.0,0.7,0.7,21.0,21.0,166.0,13.0,0.05,33.0,2.0,0.05,10.0,1.3,0.08,0.0,2.0,31.0,1,1,1,0.04,0.04,2021
0.19,2.46,0.13,0.9,1.8,1.8,92.0,92.0,238.0,15.0,0.3,34.0,7.0,0.3,9.0,4.1,0.51,9.0,5.0,25.0,3,3,5,0.36,0.36,2324
0.0,1.69,0.05,1.4,1.6,1.6,69.0,69.0,345.0,13.0,0.09,59.0,9.0,0.09,14.0,3.3,0.26,4.0,8.0,44.0,5,5,7,0.2,0.2,2324
0.03,1.88,0.05,0.9,1.0,1.0,55.0,55.0,255.0,20.0,0.14,39.0,7.0,0.14,7.0,2.9,0.34,4.0,6.0,30.0,1,1,2,0.1,0.1,1920
0.03,1.53,0.04,0.9,1.1,1.1,55.0,55.0,288.0,18.0,0.14,45.0,2.0,0.14,5.0,4.0,0.07,4.0,2.0,37.0,1,1,4,0.14,0.14,2021
0.05,1.09,0.11,0.6,1.4,1.4,39.0,39.0,165.0,9.0,0.25,14.0,2.0,0.25,6.0,3.2,0.16,0.0,1.0,11.0,2,2,4,0.31,0.31,2324
0.19,3.14,0.2,4.9,4.7,4.7,232.0,232.0,557.0,36.0,0.47,76.0,7.0,0.47,27.0,11.3,0.29,53.0,6.0,56.0,5,5,10,0.41,0.41,1920
0.31,2.63,0.12,3.9,3.0,3.0,222.0,222.0,567.0,32.0,0.39,68.0,7.0,0.42,22.0,9.9,0.27,49.0,5.0,46.0,5,5,11,0.43,0.39,2021
0.15,3.94,0.33,7.6,8.7,8.7,242.0,242.0,712.0,66.0,0.51,102.0,12.0,0.51,35.0,13.3,0.46,57.0,6.0,56.0,8,8,14,0.54,0.54,2122
0.25,3.26,0.14,4.0,3.5,3.5,218.0,218.0,567.0,43.0,0.27,85.0,4.0,0.31,31.0,7.1,0.15,43.0,4.0,58.0,4,4,9,0.35,0.31,2223
0.34,3.27,0.18,5.6,3.7,3.7,214.0,214.0,441.0,29.0,0.35,65.0,7.0,0.39,21.0,7.0,0.35,55.0,6.0,45.0,5,5,8,0.4,0.35,2324
0.0,2.16,0.11,1.3,2.4,2.4,115.0,115.0,280.0,23.0,0.35,48.0,5.0,0.46,10.0,7.8,0.22,10.0,3.0,28.0,2,2,10,0.45,0.31,2324
0.0,0.12,0.0,0.0,0.0,0.0,0.0,0.0,6.0,0.0,0.06,1.0,0.0,0.06,0.0,0.5,0.0,0.0,0.0,0.0,0,0,1,0.12,0.12,1718
0.0,0.44,0.01,0.1,0.1,0.1,1.0,1.0,23.0,2.0,0.01,7.0,1.0,0.01,1.0,0.2,0.06,0.0,1.0,7.0,0,0,0,0.0,0.0,1920
0.05,0.3,0.0,0.1,0.0,0.0,8.0,8.0,47.0,1.0,0.05,7.0,0.0,0.05,0.0,1.2,0.0,1.0,0.0,7.0,0,0,1,0.04,0.04,2021
0.0,0.46,0.01,0.3,0.2,0.2,7.0,7.0,59.0,4.0,0.04,10.0,2.0,0.04,2.0,0.8,0.09,1.0,2.0,6.0,1,1,1,0.05,0.05,2122
0.0,0.55,0.01,0.4,0.3,0.3,11.0,11.0,90.0,5.0,0.11,15.0,1.0,0.11,0.0,3.0,0.04,1.0,1.0,13.0,0,0,3,0.11,0.11,2223
0.0,0.5,0.0,0.1,0.0,0.0,1.0,1.0,31.0,2.0,0.06,6.0,1.0,0.06,2.0,0.8,0.08,0.0,1.0,6.0,0,0,1,0.08,0.08,2324
0.08,2.86,0.12,1.9,2.7,2.7,164.0,164.0,377.0,30.0,0.81,64.0,8.0,0.88,12.0,18.2,0.36,29.0,5.0,41.0,4,4,19,0.85,0.8,1819
0.0,1.81,0.07,1.3,1.6,1.6,134.0,134.0,375.0,22.0,0.38,44.0,6.0,0.54,12.0,9.2,0.25,21.0,5.0,32.0,2,2,18,0.74,0.58,1920
0.16,3.19,0.13,0.8,1.0,1.0,45.0,45.0,138.0,7.0,0.83,24.0,1.0,0.83,6.0,6.3,0.13,7.0,1.0,15.0,0,0,1,0.13,0.13,2021
0.0,2.57,0.16,2.5,4.0,4.0,157.0,157.0,404.0,27.0,0.79,63.0,15.0,0.95,8.0,19.3,0.61,18.0,7.0,41.0,4,4,25,1.02,0.82,2122
0.25,2.68,0.31,3.3,3.9,3.9,148.0,148.0,364.0,20.0,0.49,34.0,10.0,0.49,20.0,6.2,0.79,27.0,8.0,27.0,6,6,8,0.63,0.63,1819
0.41,3.66,0.29,6.2,5.7,5.7,204.0,204.0,465.0,34.0,0.55,72.0,10.0,0.55,27.0,10.8,0.51,49.0,7.0,51.0,5,5,10,0.51,0.51,1920
0.39,3.09,0.25,6.4,6.7,6.7,270.0,270.0,608.0,44.0,0.43,82.0,19.0,0.43,37.0,11.3,0.72,57.0,11.0,59.0,11,11,15,0.57,0.57,2021
0.0,1.35,0.07,0.9,1.1,1.1,12.0,12.0,123.0,10.0,0.1,21.0,6.0,0.1,19.0,1.6,0.39,2.0,4.0,17.0,2,2,3,0.19,0.19,2324
0.0,2.25,0.03,0.6,0.4,0.4,78.0,78.0,214.0,6.0,0.08,31.0,4.0,0.08,11.0,1.2,0.29,15.0,2.0,19.0,0,0,1,0.07,0.07,2021
0.25,3.54,0.06,0.5,0.3,0.3,30.0,30.0,123.0,6.0,0.35,18.0,1.0,0.35,9.0,1.8,0.2,13.0,1.0,15.0,0,0,0,0.0,0.0,2122
0.1,3.72,0.11,1.9,2.1,2.1,159.0,159.0,458.0,25.0,0.24,71.0,3.0,0.29,17.0,4.7,0.16,31.0,2.0,50.0,1,1,3,0.16,0.1,1920
0.0,3.5,0.21,1.1,2.1,2.1,102.0,102.0,251.0,15.0,0.28,35.0,4.0,0.28,9.0,2.8,0.4,22.0,3.0,27.0,1,1,1,0.1,0.1,2021
0.0,1.82,0.11,1.4,2.3,2.3,133.0,133.0,291.0,11.0,0.4,38.0,8.0,0.51,8.0,8.2,0.38,17.0,3.0,21.0,2,2,9,0.43,0.34,1819
0.08,1.17,0.01,0.1,0.1,0.1,42.0,42.0,81.0,2.0,0.13,8.0,1.0,0.25,1.0,0.9,0.15,1.0,0.0,6.0,0,0,2,0.29,0.29,1920
0.03,0.46,0.01,0.5,0.2,0.2,15.0,15.0,80.0,4.0,0.05,16.0,1.0,0.05,5.0,1.7,0.03,1.0,1.0,13.0,1,1,1,0.03,0.03,1718
0.06,0.97,0.02,0.6,0.6,0.6,10.0,10.0,83.0,10.0,0.07,30.0,4.0,0.07,2.0,2.1,0.13,1.0,3.0,27.0,1,1,2,0.06,0.06,1819
0.0,1.37,0.02,1.3,0.5,0.5,14.0,14.0,202.0,11.0,0.1,39.0,1.0,0.16,11.0,2.9,0.04,1.0,1.0,31.0,0,0,4,0.14,0.07,2122
0.0,0.68,0.01,0.3,0.1,0.1,6.0,6.0,104.0,3.0,0.08,11.0,0.0,0.08,5.0,1.2,0.0,1.0,0.0,8.0,0,0,1,0.06,0.06,2324
0.04,1.93,0.09,1.8,2.5,2.5,96.0,96.0,347.0,25.0,0.13,50.0,7.0,0.13,13.0,3.4,0.27,8.0,7.0,43.0,3,3,3,0.12,0.12,1819
0.0,1.36,0.04,1.4,1.1,1.1,58.0,58.0,355.0,16.0,0.12,37.0,4.0,0.12,9.0,3.3,0.15,10.0,3.0,33.0,1,1,3,0.11,0.11,1920
0.03,0.97,0.01,0.3,0.1,0.1,34.0,34.0,171.0,4.0,0.02,17.0,2.0,0.02,6.0,0.4,0.11,5.0,2.0,16.0,0,0,0,0.0,0.0,2021
0.0,1.64,0.04,1.0,0.9,0.9,70.0,70.0,240.0,17.0,0.16,35.0,1.0,0.16,10.0,3.3,0.05,4.0,1.0,32.0,0,0,2,0.09,0.09,2223
0.0,2.93,0.06,0.4,0.5,0.5,74.0,74.0,145.0,12.0,0.32,25.0,2.0,0.32,3.0,2.7,0.23,7.0,1.0,19.0,0,0,0,0.0,0.0,1819
0.09,2.37,0.35,0.6,0.6,0.6,15.0,15.0,42.0,3.0,0.87,4.0,1.0,0.87,0.0,1.5,0.59,1.0,1.0,3.0,1,1,2,1.18,1.18,1819
0.14,2.5,0.08,0.3,0.9,0.9,103.0,103.0,247.0,11.0,0.52,29.0,4.0,0.52,3.0,6.0,0.35,5.0,3.0,20.0,1,1,6,0.52,0.52,1819
0.21,3.24,0.13,2.4,1.8,1.8,102.0,102.0,318.0,17.0,0.34,45.0,3.0,0.34,20.0,4.8,0.22,8.0,2.0,28.0,2,2,7,0.5,0.5,1920
0.0,2.66,0.15,1.0,1.5,1.5,66.0,66.0,204.0,11.0,0.6,25.0,3.0,0.6,14.0,5.6,0.32,7.0,3.0,16.0,2,2,6,0.64,0.64,2021
0.08,2.28,0.11,0.4,0.6,0.6,28.0,28.0,87.0,7.0,0.36,12.0,2.0,0.36,6.0,1.9,0.38,0.0,1.0,7.0,0,0,2,0.38,0.38,2122
0.07,3.83,0.09,1.7,1.2,1.2,84.0,84.0,299.0,14.0,0.3,49.0,2.0,0.3,11.0,3.9,0.16,7.0,2.0,21.0,1,1,4,0.31,0.31,2223
0.0,2.28,0.07,2.8,1.9,1.9,167.0,167.0,430.0,24.0,0.2,62.0,5.0,0.23,22.0,5.5,0.18,8.0,3.0,41.0,2,2,5,0.18,0.18,2324
0.0,2.82,0.12,1.1,1.5,1.5,76.0,76.0,259.0,12.0,0.33,35.0,5.0,0.33,12.0,4.1,0.4,25.0,2.0,21.0,1,1,3,0.24,0.24,2425
0.95,4.94,0.21,0.7,1.4,1.4,79.0,79.0,229.0,16.0,0.65,33.0,3.0,0.65,9.0,4.4,0.45,17.0,3.0,25.0,2,2,3,0.45,0.45,1819
0.13,4.26,0.46,0.6,1.0,1.0,35.0,35.0,59.0,4.0,1.24,9.0,2.0,1.61,1.0,2.6,0.95,4.0,2.0,4.0,2,2,2,0.95,0.95,1920
0.25,5.32,0.2,2.0,3.1,3.1,96.0,96.0,408.0,34.0,0.5,80.0,10.0,0.56,15.0,7.6,0.66,22.0,5.0,52.0,2,2,11,0.73,0.66,1920
0.25,3.42,0.19,4.1,6.0,6.0,253.0,253.0,771.0,60.0,0.38,111.0,11.0,0.4,31.0,12.2,0.34,29.0,8.0,75.0,8,8,16,0.49,0.49,2021
0.37,3.67,0.18,4.1,4.4,4.4,158.0,158.0,600.0,45.0,0.43,87.0,10.0,0.43,39.0,10.3,0.42,22.0,8.0,65.0,6,6,12,0.51,0.51,2122
0.0,7.06,0.09,0.1,0.2,0.2,20.0,20.0,54.0,4.0,0.25,12.0,2.0,0.25,4.0,0.4,1.18,5.0,1.0,10.0,0,0,1,0.59,0.59,1920
0.0,3.43,0.23,3.2,4.1,4.1,139.0,139.0,420.0,32.0,0.48,60.0,9.0,0.48,22.0,8.5,0.51,36.0,3.0,39.0,2,2,7,0.4,0.4,2324
0.0,2.14,0.09,0.5,0.3,0.3,21.0,21.0,53.0,4.0,0.88,7.0,0.0,0.88,3.0,2.9,0.0,3.0,0.0,7.0,0,0,3,0.92,0.92,2223
0.27,2.93,0.17,1.5,1.8,1.8,113.0,113.0,225.0,19.0,0.4,31.0,3.0,0.4,13.0,4.3,0.28,19.0,3.0,24.0,3,3,3,0.28,0.28,1819
0.08,4.4,0.15,1.8,1.1,1.1,120.0,120.0,173.0,13.0,0.36,33.0,2.0,0.36,10.0,2.7,0.27,14.0,2.0,25.0,2,2,3,0.4,0.4,1920
0.0,2.92,0.16,1.9,1.9,1.9,92.0,92.0,237.0,15.0,0.34,35.0,4.0,0.34,13.0,4.1,0.33,16.0,2.0,25.0,1,1,4,0.33,0.33,2021
0.0,1.74,0.03,0.6,0.2,0.2,53.0,53.0,129.0,4.0,0.18,15.0,2.0,0.18,7.0,1.6,0.23,8.0,2.0,11.0,1,1,2,0.23,0.23,2122
0.0,1.16,0.17,0.3,0.4,0.4,26.0,26.0,68.0,2.0,0.35,3.0,0.0,0.35,6.0,0.9,0.0,3.0,0.0,2.0,0,0,1,0.39,0.39,2223
0.09,3.81,0.13,1.7,2.1,2.1,134.0,134.0,493.0,26.0,0.17,60.0,4.0,0.17,28.0,2.7,0.25,4.0,4.0,55.0,1,1,2,0.13,0.13,1819
0.11,3.66,0.17,3.2,3.7,3.7,146.0,146.0,620.0,35.0,0.22,80.0,5.0,0.22,44.0,4.8,0.23,7.0,3.0,64.0,2,2,2,0.09,0.09,1920
0.15,3.23,0.12,2.6,2.2,2.2,111.0,111.0,410.0,31.0,0.16,60.0,5.0,0.16,21.0,3.0,0.27,2.0,4.0,45.0,2,2,2,0.11,0.11,2021
0.15,4.48,0.2,4.4,4.0,4.0,97.0,97.0,552.0,46.0,0.24,87.0,13.0,0.24,54.0,4.6,0.67,2.0,11.0,63.0,6,6,6,0.31,0.31,2223
0.0,0.83,0.02,0.4,0.2,0.2,2.0,2.0,29.0,2.0,0.03,7.0,2.0,0.03,0.0,0.3,0.24,0.0,0.0,4.0,1,1,1,0.12,0.12,2122
0.15,1.61,0.03,1.2,0.5,0.5,22.0,22.0,144.0,9.0,0.04,29.0,0.0,0.04,8.0,0.8,0.0,2.0,0.0,28.0,0,0,0,0.0,0.0,2324
0.26,2.0,0.1,2.5,2.3,2.3,87.0,87.0,415.0,22.0,0.16,44.0,5.0,0.16,31.0,3.5,0.23,8.0,4.0,40.0,3,3,3,0.14,0.14,2122
0.2,3.24,0.19,2.6,3.7,3.7,81.0,81.0,389.0,23.0,0.27,62.0,9.0,0.27,27.0,5.3,0.47,10.0,7.0,46.0,5,5,5,0.26,0.26,2223
0.25,2.48,0.09,1.5,1.4,1.4,72.0,72.0,294.0,18.0,0.12,38.0,4.0,0.12,30.0,1.8,0.26,2.0,2.0,34.0,3,3,3,0.2,0.2,2324
0.0,2.51,0.25,0.9,2.0,2.0,40.0,40.0,147.0,12.0,0.28,20.0,2.0,0.28,11.0,2.3,0.25,4.0,2.0,15.0,2,2,3,0.38,0.38,2425
0.0,2.52,0.1,2.5,2.4,2.4,33.0,33.0,319.0,29.0,0.12,61.0,4.0,0.15,19.0,2.9,0.17,0.0,2.0,44.0,2,2,3,0.12,0.08,1920
0.08,3.17,0.08,1.7,1.5,1.5,63.0,63.0,398.0,27.0,0.15,61.0,2.0,0.15,27.0,2.9,0.1,3.0,2.0,55.0,0,0,3,0.16,0.16,1920
0.2,2.1,0.05,1.0,1.3,1.3,39.0,39.0,346.0,22.0,0.08,50.0,1.0,0.08,12.0,1.9,0.04,2.0,1.0,47.0,2,2,2,0.08,0.08,2021
0.17,3.5,0.11,2.4,2.1,2.1,62.0,62.0,515.0,24.0,0.19,69.0,16.0,0.19,29.0,3.6,0.81,10.0,14.0,59.0,4,4,6,0.3,0.3,2122
0.0,2.26,0.05,1.2,0.9,0.9,39.0,39.0,214.0,17.0,0.1,45.0,2.0,0.22,8.0,2.0,0.1,4.0,1.0,26.0,0,0,3,0.15,0.0,1819
0.14,2.61,0.08,3.6,2.3,2.3,28.0,28.0,358.0,33.0,0.14,72.0,8.0,0.2,15.0,3.9,0.29,6.0,6.0,42.0,4,4,8,0.29,0.22,2223
0.0,1.74,0.04,0.8,0.9,0.9,17.0,17.0,155.0,14.0,0.06,38.0,5.0,0.06,9.0,1.2,0.23,1.0,5.0,34.0,3,3,3,0.14,0.14,2324
0.32,5.45,0.21,5.6,5.7,5.7,178.0,178.0,647.0,59.0,0.55,150.0,26.0,0.67,45.0,15.2,0.94,33.0,14.0,69.0,8,8,26,0.94,0.84,1718
0.14,5.89,0.24,5.0,5.4,5.4,175.0,175.0,677.0,51.0,0.49,130.0,13.0,0.71,23.0,10.9,0.59,26.0,11.0,80.0,7,7,16,0.72,0.54,1819
0.19,5.47,0.22,6.9,7.0,7.0,231.0,231.0,957.0,84.0,0.37,170.0,19.0,0.37,43.0,11.6,0.61,50.0,12.0,84.0,8,8,14,0.45,0.45,2122
0.17,5.24,0.26,2.4,2.7,2.7,76.0,76.0,321.0,23.0,0.41,56.0,5.0,0.48,14.0,4.4,0.47,13.0,2.0,31.0,2,2,4,0.37,0.28,2223
0.5,5.14,0.2,2.7,2.3,2.3,77.0,77.0,351.0,30.0,0.39,60.0,3.0,0.39,21.0,4.6,0.26,7.0,2.0,38.0,2,2,3,0.26,0.26,2324
0.0,3.87,0.3,2.0,2.7,2.7,36.0,36.0,246.0,15.0,0.48,35.0,6.0,0.48,16.0,4.4,0.66,5.0,6.0,31.0,3,3,5,0.55,0.55,1920
0.08,3.62,0.11,0.6,0.6,0.6,19.0,19.0,119.0,6.0,0.18,21.0,1.0,0.18,9.0,1.0,0.17,3.0,1.0,19.0,0,0,0,0.0,0.0,2021
0.0,3.53,0.14,2.1,1.9,1.9,42.0,42.0,303.0,15.0,0.31,46.0,6.0,0.31,21.0,4.1,0.46,8.0,5.0,39.0,1,1,4,0.31,0.31,2122
0.1,1.44,0.08,0.3,0.4,0.4,23.0,23.0,90.0,3.0,0.15,7.0,0.0,0.15,3.0,0.8,0.0,1.0,0.0,7.0,0,0,1,0.21,0.21,1920
0.0,2.42,0.14,2.6,2.9,2.9,96.0,96.0,358.0,26.0,0.15,51.0,5.0,0.15,25.0,3.1,0.24,1.0,4.0,42.0,2,2,2,0.1,0.1,1920
0.05,1.04,0.01,0.6,0.3,0.3,37.0,37.0,164.0,4.0,0.06,23.0,4.0,0.06,4.0,1.4,0.18,4.0,4.0,21.0,0,0,1,0.05,0.05,2021
0.0,2.18,0.07,1.7,1.4,1.4,67.0,67.0,309.0,22.0,0.1,44.0,5.0,0.1,17.0,2.0,0.25,4.0,3.0,35.0,1,1,1,0.05,0.05,2021
0.05,1.16,0.02,0.3,0.3,0.3,10.0,10.0,111.0,8.0,0.1,20.0,2.0,0.1,3.0,1.7,0.12,2.0,2.0,19.0,0,0,3,0.17,0.17,2122
0.05,1.76,0.05,0.7,0.9,0.9,34.0,34.0,205.0,12.0,0.09,32.0,2.0,0.09,8.0,1.7,0.11,4.0,1.0,24.0,1,1,2,0.11,0.11,2223
0.0,1.74,0.08,1.3,1.7,1.7,95.0,95.0,319.0,11.0,0.15,36.0,8.0,0.15,15.0,3.1,0.39,2.0,6.0,29.0,3,3,4,0.19,0.19,1819
0.04,1.36,0.07,1.8,1.8,1.8,129.0,129.0,385.0,13.0,0.18,36.0,2.0,0.18,22.0,4.9,0.08,3.0,1.0,23.0,0,0,2,0.08,0.08,1920
0.0,1.7,0.08,1.8,2.0,2.0,69.0,69.0,364.0,22.0,0.11,44.0,1.0,0.11,28.0,2.9,0.04,8.0,1.0,35.0,0,0,0,0.0,0.0,1920
0.03,1.11,0.06,1.6,1.6,1.6,58.0,58.0,305.0,12.0,0.09,29.0,2.0,0.09,20.0,2.4,0.08,1.0,0.0,18.0,0,0,0,0.0,0.0,2021
0.0,1.98,0.07,2.0,2.2,2.2,80.0,80.0,509.0,21.0,0.1,64.0,5.0,0.1,29.0,3.4,0.16,6.0,3.0,46.0,1,1,1,0.03,0.03,2122
0.0,1.44,0.04,0.6,0.6,0.6,52.0,52.0,234.0,3.0,0.08,20.0,0.0,0.08,8.0,1.2,0.0,4.0,0.0,12.0,0,0,0,0.0,0.0,2223
0.0,1.95,0.04,0.3,0.2,0.2,31.0,31.0,82.0,3.0,0.26,9.0,0.0,0.26,4.0,1.2,0.0,2.0,0.0,6.0,0,0,0,0.0,0.0,2324
0.1,3.34,0.16,1.5,1.4,1.4,36.0,36.0,155.0,16.0,0.42,28.0,3.0,0.42,12.0,3.5,0.36,6.0,1.0,21.0,1,1,4,0.48,0.48,1819
0.29,4.6,0.3,4.6,6.3,6.3,95.0,95.0,504.0,54.0,0.41,95.0,8.0,0.41,24.0,8.4,0.39,13.0,7.0,59.0,2,2,3,0.15,0.15,1920
0.0,3.81,0.15,3.7,3.1,3.1,82.0,82.0,443.0,38.0,0.25,80.0,10.0,0.25,27.0,5.3,0.48,8.0,8.0,57.0,6,6,8,0.38,0.38,2021
0.13,1.71,0.08,0.4,0.3,0.3,29.0,29.0,81.0,3.0,0.19,7.0,1.0,0.19,8.0,0.8,0.24,1.0,0.0,5.0,0,0,1,0.24,0.24,2122
0.09,3.96,0.28,1.4,2.1,2.1,34.0,34.0,177.0,20.0,0.4,30.0,1.0,0.4,9.0,3.0,0.13,2.0,1.0,24.0,1,1,1,0.13,0.13,2122
0.0,3.32,0.1,1.8,1.1,1.1,30.0,30.0,174.0,15.0,0.2,36.0,5.0,0.27,9.0,2.2,0.46,7.0,3.0,23.0,1,1,5,0.46,0.37,2223
0.14,3.27,0.23,0.2,0.6,0.6,13.0,13.0,60.0,3.0,0.28,8.0,1.0,0.28,3.0,0.7,0.41,2.0,1.0,5.0,0,0,1,0.41,0.41,2223
0.0,1.92,0.09,0.5,0.7,0.7,25.0,25.0,118.0,7.0,0.11,14.0,2.0,0.11,9.0,0.8,0.27,3.0,2.0,12.0,1,1,1,0.14,0.14,2223
0.12,2.47,0.09,3.1,2.7,2.7,179.0,179.0,541.0,30.0,0.2,75.0,10.0,0.2,38.0,6.0,0.33,22.0,7.0,53.0,2,2,4,0.13,0.13,2021
0.12,3.19,0.16,2.1,2.7,2.7,104.0,104.0,338.0,22.0,0.21,54.0,6.0,0.21,26.0,3.5,0.35,22.0,4.0,41.0,2,2,2,0.12,0.12,2122
0.07,2.46,0.13,1.6,2.6,2.6,156.0,156.0,428.0,22.0,0.2,50.0,12.0,0.2,21.0,4.0,0.59,7.0,10.0,40.0,5,5,7,0.34,0.34,2021
0.06,3.1,0.13,3.6,3.7,3.7,164.0,164.0,562.0,39.0,0.26,91.0,8.0,0.26,51.0,7.5,0.27,10.0,6.0,70.0,2,2,9,0.31,0.31,2122
0.17,2.58,0.14,2.2,2.9,2.9,170.0,170.0,490.0,19.0,0.2,53.0,5.0,0.2,30.0,4.2,0.24,8.0,5.0,42.0,3,3,5,0.24,0.24,2324
0.03,1.89,0.04,0.7,0.5,0.5,24.0,24.0,85.0,6.0,0.09,24.0,2.0,0.09,6.0,1.2,0.16,1.0,1.0,19.0,0,0,1,0.08,0.08,2324
0.06,2.78,0.03,0.1,0.1,0.1,6.0,6.0,32.0,3.0,0.04,9.0,0.0,0.04,1.0,0.1,0.0,0.0,0.0,8.0,0,0,0,0.0,0.0,1920
0.0,1.36,0.01,0.3,0.2,0.2,3.0,3.0,151.0,5.0,0.01,22.0,2.0,0.01,1.0,0.2,0.12,0.0,2.0,14.0,1,1,1,0.06,0.06,2021
0.0,0.44,0.0,0.1,0.0,0.0,8.0,8.0,58.0,1.0,0.0,5.0,3.0,0.0,0.0,0.0,0.26,0.0,3.0,5.0,0,0,0,0.0,0.0,2122
0.09,1.07,0.0,0.1,0.0,0.0,4.0,4.0,45.0,2.0,0.02,9.0,0.0,0.02,3.0,0.2,0.0,0.0,0.0,5.0,0,0,1,0.12,0.12,2223
0.15,1.97,0.09,1.7,1.1,1.1,13.0,13.0,138.0,9.0,0.11,23.0,5.0,0.11,12.0,1.3,0.43,1.0,3.0,19.0,1,1,1,0.09,0.09,2324
0.0,0.71,0.01,0.1,0.0,0.0,3.0,3.0,22.0,1.0,0.09,2.0,0.0,0.09,0.0,0.3,0.0,2.0,0.0,1.0,0,0,0,0.0,0.0,2021
0.04,0.85,0.01,0.2,0.1,0.1,11.0,11.0,50.0,4.0,0.05,9.0,0.0,0.05,5.0,0.5,0.0,0.0,0.0,9.0,0,0,0,0.0,0.0,2324
0.0,0.56,0.0,0.2,0.0,0.0,6.0,6.0,67.0,1.0,0.03,5.0,1.0,0.03,2.0,0.3,0.11,0.0,1.0,4.0,0,0,1,0.11,0.11,2021
0.0,0.49,0.06,0.5,0.6,0.6,8.0,8.0,103.0,2.0,0.12,5.0,0.0,0.12,3.0,1.2,0.0,0.0,0.0,5.0,0,0,2,0.2,0.2,2122
0.09,1.15,0.04,1.3,0.7,0.7,30.0,30.0,256.0,9.0,0.11,24.0,2.0,0.11,9.0,2.3,0.1,4.0,2.0,20.0,0,0,1,0.05,0.05,2223
0.0,1.59,0.05,1.1,1.2,1.2,18.0,18.0,281.0,10.0,0.16,36.0,6.0,0.16,5.0,3.7,0.26,1.0,3.0,28.0,2,2,4,0.18,0.18,2324
0.08,0.81,0.07,1.1,2.2,2.2,18.0,18.0,140.0,11.0,0.13,24.0,2.0,0.13,6.0,3.9,0.07,0.0,2.0,22.0,1,1,2,0.07,0.07,2324
0.13,1.17,0.04,0.7,0.3,0.3,63.0,63.0,158.0,3.0,0.15,9.0,1.0,0.15,7.0,1.2,0.13,12.0,1.0,8.0,0,0,1,0.13,0.13,2223
0.11,2.73,0.11,2.9,1.7,1.7,150.0,150.0,306.0,16.0,0.35,42.0,4.0,0.35,17.0,5.5,0.26,25.0,3.0,27.0,2,2,7,0.45,0.45,2324
0.13,3.72,0.13,5.6,4.7,4.7,301.0,301.0,904.0,52.0,0.34,135.0,11.0,0.34,62.0,12.2,0.3,68.0,8.0,101.0,4,4,10,0.28,0.28,1819
0.25,3.26,0.16,2.1,3.2,3.2,149.0,149.0,447.0,29.0,0.32,63.0,5.0,0.32,30.0,6.2,0.26,22.0,5.0,44.0,3,3,5,0.26,0.26,2021
0.0,3.58,0.19,3.1,3.9,3.9,131.0,131.0,450.0,34.0,0.27,73.0,8.0,0.27,44.0,5.6,0.39,17.0,6.0,62.0,5,5,6,0.29,0.29,2122
0.11,2.54,0.09,0.5,0.8,0.8,36.0,36.0,128.0,6.0,0.29,21.0,2.0,0.29,7.0,2.4,0.24,8.0,1.0,11.0,1,1,2,0.24,0.24,2021
0.22,2.57,0.07,0.3,0.6,0.6,44.0,44.0,150.0,7.0,0.13,23.0,4.0,0.13,4.0,1.2,0.45,4.0,3.0,13.0,1,1,1,0.11,0.11,2122
0.26,3.96,0.35,2.9,3.2,3.2,114.0,114.0,279.0,14.0,0.73,36.0,6.0,0.73,18.0,6.7,0.66,16.0,4.0,25.0,2,2,7,0.77,0.77,2324
0.06,2.48,0.1,3.2,2.4,2.4,114.0,114.0,378.0,25.0,0.2,61.0,6.0,0.2,32.0,5.0,0.24,13.0,2.0,41.0,1,1,5,0.2,0.2,2021
0.0,2.86,0.04,0.6,0.7,0.7,78.0,78.0,230.0,10.0,0.19,45.0,4.0,0.19,9.0,3.0,0.25,8.0,3.0,23.0,1,1,3,0.19,0.19,2122
0.1,2.0,0.09,0.1,0.3,0.3,8.0,8.0,32.0,1.0,0.12,6.0,0.0,0.12,1.0,0.3,0.0,0.0,0.0,6.0,0,0,0,0.0,0.0,1819
0.0,0.8,0.03,0.5,0.4,0.4,25.0,25.0,140.0,6.0,0.04,12.0,2.0,0.04,7.0,0.5,0.13,0.0,2.0,10.0,1,1,1,0.07,0.07,2122
0.0,0.69,0.01,0.1,0.1,0.1,3.0,3.0,36.0,2.0,0.14,8.0,0.0,0.14,3.0,1.6,0.0,0.0,0.0,5.0,0,0,3,0.26,0.26,1819
0.0,3.18,0.11,0.8,0.4,0.4,39.0,39.0,111.0,5.0,0.38,13.0,2.0,0.38,6.0,1.5,0.49,7.0,1.0,9.0,1,1,2,0.49,0.49,1718
0.08,2.76,0.14,3.0,3.9,3.9,181.0,181.0,468.0,32.0,0.5,77.0,7.0,0.61,27.0,13.9,0.25,22.0,5.0,56.0,2,2,10,0.36,0.25,2021
0.0,2.33,0.1,2.0,2.4,2.4,164.0,164.0,474.0,23.0,0.38,59.0,3.0,0.44,25.0,9.5,0.12,7.0,3.0,42.0,2,2,10,0.4,0.36,2122
0.2,1.45,0.05,0.3,0.6,0.6,61.0,61.0,194.0,7.0,0.43,18.0,1.0,0.43,2.0,5.4,0.08,3.0,1.0,12.0,0,0,1,0.08,0.08,2223
0.0,2.72,0.16,2.2,2.3,2.3,91.0,91.0,262.0,15.0,0.55,40.0,5.0,0.55,17.0,8.1,0.34,12.0,5.0,31.0,3,3,9,0.61,0.61,2324
0.05,1.86,0.07,1.2,1.4,1.4,67.0,67.0,309.0,15.0,0.13,39.0,2.0,0.13,14.0,2.7,0.1,5.0,1.0,23.0,0,0,1,0.05,0.05,2223
0.1,1.7,0.09,1.7,1.6,1.6,86.0,86.0,298.0,11.0,0.13,31.0,4.0,0.13,17.0,2.5,0.22,6.0,3.0,23.0,1,1,1,0.05,0.05,2324
0.0,3.74,0.11,0.7,1.2,1.2,47.0,47.0,219.0,15.0,0.23,39.0,4.0,0.23,6.0,2.4,0.38,10.0,2.0,27.0,1,1,2,0.19,0.19,2223
0.14,3.74,0.16,1.6,1.5,1.5,96.0,96.0,247.0,14.0,0.37,34.0,2.0,0.37,11.0,3.4,0.22,12.0,1.0,21.0,0,0,1,0.11,0.11,2223
0.0,0.9,0.03,0.5,0.6,0.6,8.0,8.0,80.0,6.0,0.09,17.0,3.0,0.09,1.0,1.7,0.16,1.0,2.0,12.0,1,1,1,0.05,0.05,2122
0.0,0.89,0.02,0.5,0.5,0.5,26.0,26.0,153.0,10.0,0.05,28.0,1.0,0.05,8.0,1.5,0.03,1.0,1.0,24.0,0,0,2,0.06,0.06,2223
0.0,0.52,0.0,0.2,0.0,0.0,3.0,3.0,58.0,2.0,0.03,6.0,0.0,0.03,2.0,0.3,0.0,0.0,0.0,6.0,0,0,0,0.0,0.0,2021
0.05,0.97,0.01,0.6,0.4,0.4,6.0,6.0,169.0,5.0,0.07,30.0,3.0,0.07,6.0,2.1,0.1,0.0,2.0,25.0,1,1,4,0.13,0.13,2223
0.04,1.03,0.02,0.4,0.4,0.4,5.0,5.0,95.0,7.0,0.06,20.0,2.0,0.06,2.0,1.2,0.1,0.0,2.0,17.0,1,1,2,0.1,0.1,2324
0.0,1.21,0.02,0.9,0.8,0.8,33.0,33.0,247.0,14.0,0.12,39.0,3.0,0.12,12.0,3.7,0.09,3.0,3.0,31.0,0,0,2,0.06,0.06,1920
0.06,1.22,0.03,1.1,0.9,0.9,32.0,32.0,255.0,19.0,0.1,37.0,1.0,0.1,15.0,2.9,0.03,6.0,0.0,33.0,0,0,1,0.03,0.03,2021
0.0,1.29,0.03,1.0,0.8,0.8,44.0,44.0,303.0,19.0,0.1,42.0,1.0,0.1,7.0,3.4,0.03,5.0,1.0,36.0,2,2,3,0.09,0.09,2122
0.0,1.31,0.03,0.8,0.6,0.6,29.0,29.0,175.0,10.0,0.1,30.0,1.0,0.1,7.0,2.3,0.04,4.0,1.0,25.0,0,0,0,0.0,0.0,2223
0.0,2.68,0.04,0.9,0.7,0.7,8.0,8.0,237.0,15.0,0.05,47.0,4.0,0.05,11.0,1.0,0.23,3.0,4.0,44.0,2,2,2,0.11,0.11,1920
0.26,1.95,0.06,1.5,0.7,0.7,12.0,12.0,161.0,8.0,0.08,24.0,3.0,0.08,11.0,1.0,0.24,3.0,3.0,22.0,0,0,0,0.0,0.0,2021
0.1,1.96,0.13,1.4,2.0,2.0,7.0,7.0,182.0,13.0,0.14,30.0,6.0,0.14,7.0,2.2,0.39,2.0,6.0,28.0,4,4,4,0.26,0.26,2122
0.0,2.53,0.13,1.9,2.6,2.6,17.0,17.0,231.0,24.0,0.17,52.0,7.0,0.17,16.0,3.6,0.34,7.0,5.0,46.0,2,2,4,0.19,0.19,2223
0.04,2.54,0.07,0.9,0.8,0.8,8.0,8.0,147.0,12.0,0.1,29.0,2.0,0.1,8.0,1.1,0.18,0.0,1.0,23.0,0,0,0,0.0,0.0,2324
0.16,0.99,0.03,0.5,0.6,0.6,30.0,30.0,91.0,5.0,0.03,22.0,3.0,0.03,8.0,0.6,0.14,2.0,3.0,19.0,0,0,1,0.05,0.05,1920
0.1,2.51,0.02,0.3,0.2,0.2,65.0,65.0,154.0,4.0,0.17,19.0,1.0,0.17,4.0,1.3,0.13,14.0,1.0,11.0,0,0,0,0.0,0.0,1819
0.23,3.07,0.12,0.8,1.2,1.2,115.0,115.0,280.0,14.0,0.46,30.0,2.0,0.46,22.0,4.5,0.2,28.0,1.0,17.0,1,1,6,0.61,0.61,1920
0.29,2.95,0.07,0.3,0.3,0.3,39.0,39.0,100.0,6.0,0.44,13.0,2.0,0.44,4.0,1.9,0.45,9.0,2.0,9.0,1,1,3,0.68,0.68,2021
0.0,3.54,0.15,0.9,1.0,1.0,77.0,77.0,173.0,8.0,0.43,24.0,7.0,0.43,13.0,2.9,1.03,20.0,4.0,16.0,2,2,3,0.44,0.44,2021
0.0,3.03,0.1,2.4,1.7,1.7,163.0,163.0,444.0,18.0,0.41,49.0,6.0,0.41,19.0,6.6,0.37,52.0,5.0,28.0,2,2,4,0.25,0.25,2223
0.05,0.73,0.01,0.1,0.0,0.0,8.0,8.0,49.0,2.0,0.05,6.0,0.0,0.05,1.0,0.4,0.0,1.0,0.0,6.0,0,0,1,0.12,0.12,1819
0.41,6.44,0.43,6.7,6.9,6.9,138.0,138.0,635.0,41.0,0.87,103.0,24.0,1.12,64.0,14.0,1.5,32.0,15.0,59.0,7,7,22,1.38,1.06,1819
0.29,8.85,0.46,5.5,7.2,7.2,163.0,163.0,722.0,59.0,0.99,139.0,15.0,1.29,57.0,15.6,0.95,31.0,9.0,88.0,5,5,14,0.89,0.57,2021
0.0,3.67,0.09,0.1,0.1,0.1,10.0,10.0,31.0,3.0,0.29,6.0,0.0,0.29,2.0,0.5,0.0,4.0,0.0,2.0,1,1,1,0.61,0.61,2021
0.11,4.03,0.13,1.8,1.7,1.7,80.0,80.0,255.0,24.0,0.31,53.0,2.0,0.31,16.0,4.1,0.15,8.0,2.0,44.0,0,0,2,0.15,0.15,2324
0.22,2.67,0.07,1.0,0.9,0.9,102.0,102.0,210.0,13.0,0.32,33.0,6.0,0.38,7.0,3.9,0.49,9.0,5.0,26.0,1,1,3,0.24,0.16,1819
0.0,2.68,0.14,0.4,0.6,0.6,48.0,48.0,91.0,3.0,0.51,12.0,1.0,0.53,3.0,2.3,0.22,5.0,1.0,8.0,1,1,5,1.12,1.12,1920
0.18,1.95,0.02,0.3,0.2,0.2,68.0,68.0,160.0,5.0,0.38,19.0,2.0,0.54,2.0,3.7,0.2,3.0,1.0,13.0,0,0,6,0.62,0.41,2021
0.0,2.32,0.13,3.3,3.1,3.1,119.0,119.0,360.0,34.0,0.54,57.0,11.0,0.63,16.0,13.2,0.45,11.0,10.0,50.0,8,8,20,0.81,0.69,2324
0.04,0.31,0.0,0.3,0.1,0.1,2.0,2.0,31.0,1.0,0.03,9.0,1.0,0.03,0.0,0.9,0.03,2.0,1.0,8.0,0,0,1,0.03,0.03,1920
0.04,0.8,0.0,0.4,0.1,0.1,6.0,6.0,79.0,3.0,0.06,22.0,3.0,0.06,4.0,1.7,0.11,0.0,3.0,20.0,1,1,3,0.11,0.11,2324
0.14,2.74,0.12,1.0,1.4,1.4,74.0,74.0,211.0,13.0,0.2,34.0,1.0,0.2,9.0,2.4,0.08,9.0,1.0,22.0,0,0,2,0.16,0.16,2122
0.0,1.45,0.04,0.3,0.2,0.2,3.0,3.0,21.0,3.0,0.1,6.0,0.0,0.1,0.0,0.4,0.0,1.0,0.0,5.0,0,0,0,0.0,0.0,1920
0.03,1.61,0.04,0.3,0.6,0.6,5.0,5.0,70.0,3.0,0.2,23.0,2.0,0.2,3.0,2.9,0.14,0.0,2.0,17.0,0,0,1,0.07,0.07,2021
0.03,1.28,0.07,1.3,1.7,1.7,14.0,14.0,111.0,14.0,0.13,32.0,7.0,0.13,11.0,3.3,0.28,1.0,5.0,24.0,5,5,9,0.36,0.36,2223
0.18,1.45,0.06,2.1,1.9,1.9,11.0,11.0,155.0,16.0,0.15,46.0,6.0,0.15,19.0,4.9,0.19,2.0,5.0,35.0,1,1,3,0.09,0.09,2324
0.0,4.04,0.37,10.3,10.5,10.5,255.0,255.0,668.0,61.0,0.45,114.0,11.0,0.45,48.0,12.8,0.39,36.0,9.0,91.0,5,5,6,0.21,0.21,1819
0.0,1.67,0.02,0.8,0.1,0.1,60.0,60.0,152.0,3.0,0.08,11.0,2.0,0.08,5.0,0.5,0.3,7.0,2.0,6.0,0,0,1,0.15,0.15,1920
0.14,3.23,0.1,1.4,1.5,1.5,147.0,147.0,394.0,16.0,0.27,48.0,1.0,0.27,17.0,4.1,0.07,37.0,1.0,29.0,0,0,0,0.0,0.0,2122
0.44,3.56,0.22,4.1,6.4,6.4,321.0,321.0,898.0,46.0,0.38,105.0,9.0,0.38,36.0,11.3,0.31,64.0,5.0,66.0,4,4,10,0.34,0.34,2223
0.23,4.81,0.22,7.5,5.7,5.7,302.0,302.0,746.0,47.0,0.46,121.0,24.0,0.46,48.0,11.7,0.95,62.0,15.0,72.0,11,11,16,0.64,0.64,2324
0.0,1.78,0.11,2.6,3.5,3.5,113.0,113.0,451.0,31.0,0.12,58.0,7.0,0.12,42.0,4.0,0.21,5.0,6.0,50.0,5,5,5,0.15,0.15,1819
0.0,1.99,0.04,1.9,1.0,1.0,82.0,82.0,335.0,17.0,0.06,50.0,1.0,0.06,25.0,1.6,0.04,4.0,0.0,39.0,0,0,0,0.0,0.0,1920
0.0,2.21,0.04,0.2,0.2,0.2,37.0,37.0,126.0,3.0,0.11,14.0,0.0,0.11,3.0,0.7,0.0,4.0,0.0,7.0,0,0,0,0.0,0.0,2021
0.0,1.19,0.04,0.8,0.4,0.4,30.0,30.0,116.0,6.0,0.05,13.0,1.0,0.05,10.0,0.5,0.09,0.0,1.0,9.0,0,0,1,0.09,0.09,2122
0.12,4.03,0.18,2.2,2.3,2.3,108.0,108.0,293.0,19.0,0.32,51.0,8.0,0.32,16.0,4.1,0.63,19.0,5.0,35.0,4,4,6,0.47,0.47,1819
0.15,4.6,0.22,5.6,5.6,5.6,200.0,200.0,649.0,44.0,0.49,116.0,12.0,0.62,28.0,12.4,0.48,39.0,6.0,63.0,3,3,7,0.28,0.16,1920
0.3,4.7,0.22,1.9,2.9,2.9,88.0,88.0,322.0,31.0,0.53,61.0,3.0,0.53,19.0,6.8,0.23,21.0,1.0,45.0,2,2,4,0.31,0.31,2021
0.24,3.72,0.21,1.9,2.0,2.0,64.0,64.0,221.0,16.0,0.55,37.0,6.0,0.55,12.0,5.5,0.6,8.0,2.0,18.0,3,3,5,0.5,0.5,2122
0.23,3.77,0.12,0.8,1.0,1.0,72.0,72.0,156.0,8.0,0.45,31.0,7.0,0.45,4.0,3.7,0.85,7.0,3.0,19.0,2,2,6,0.73,0.73,2223
0.0,5.16,0.15,0.9,1.3,1.3,75.0,75.0,159.0,17.0,0.48,44.0,3.0,0.48,10.0,4.1,0.35,6.0,2.0,29.0,2,2,4,0.47,0.47,2324
0.04,2.83,0.05,0.5,0.5,0.5,35.0,35.0,155.0,10.0,0.1,25.0,1.0,0.1,9.0,0.9,0.11,8.0,1.0,17.0,0,0,0,0.0,0.0,2122
0.09,2.54,0.05,1.9,1.2,1.2,99.0,99.0,425.0,12.0,0.1,62.0,7.0,0.1,24.0,2.5,0.29,21.0,4.0,35.0,1,1,3,0.12,0.12,2223
0.21,3.44,0.15,1.5,1.6,1.6,62.0,62.0,200.0,17.0,0.23,37.0,3.0,0.23,21.0,2.5,0.28,16.0,2.0,23.0,1,1,1,0.09,0.09,2324
0.0,4.14,0.35,1.8,1.7,1.7,47.0,47.0,124.0,11.0,0.39,20.0,1.0,0.39,11.0,1.9,0.21,8.0,1.0,17.0,1,1,2,0.41,0.41,2425
0.0,0.41,0.04,0.3,0.1,0.1,7.0,7.0,26.0,1.0,0.32,1.0,0.0,0.32,1.0,0.8,0.0,2.0,0.0,1.0,0,0,2,0.83,0.83,1819
0.07,1.04,0.02,1.5,0.6,0.6,38.0,38.0,205.0,11.0,0.07,32.0,5.0,0.07,9.0,2.1,0.16,6.0,3.0,21.0,2,2,4,0.13,0.13,2122
0.0,1.27,0.05,0.8,0.8,0.8,34.0,34.0,133.0,7.0,0.15,18.0,2.0,0.15,7.0,2.1,0.14,3.0,2.0,15.0,1,1,3,0.21,0.21,2223
0.08,2.87,0.09,0.7,1.0,1.0,49.0,49.0,179.0,13.0,0.12,32.0,2.0,0.12,11.0,1.3,0.18,3.0,2.0,31.0,2,2,2,0.18,0.18,2122
0.0,1.48,0.07,0.3,0.9,0.9,23.0,23.0,115.0,9.0,0.16,19.0,1.0,0.16,6.0,2.1,0.08,2.0,0.0,17.0,1,1,2,0.16,0.16,2223
0.1,1.84,0.02,0.7,0.5,0.5,20.0,20.0,202.0,16.0,0.1,57.0,4.0,0.1,11.0,3.2,0.13,4.0,3.0,42.0,0,0,1,0.03,0.03,1920
0.14,1.52,0.04,1.8,1.3,1.3,14.0,14.0,230.0,15.0,0.09,46.0,11.0,0.09,13.0,2.8,0.36,3.0,6.0,33.0,3,3,4,0.13,0.13,2021
0.0,1.24,0.02,0.7,0.4,0.4,15.0,15.0,175.0,9.0,0.04,32.0,3.0,0.04,6.0,1.1,0.12,0.0,3.0,27.0,1,1,2,0.08,0.08,2324
0.16,2.65,0.18,2.0,3.1,3.1,117.0,117.0,290.0,21.0,0.62,47.0,14.0,0.62,9.0,11.0,0.79,19.0,4.0,31.0,4,4,16,0.9,0.9,2223
0.0,0.4,0.0,0.1,0.0,0.0,0.0,0.0,22.0,2.0,0.05,12.0,1.0,0.05,0.0,1.6,0.03,0.0,0.0,9.0,0,0,1,0.03,0.03,1920
0.0,0.53,0.0,0.1,0.1,0.1,0.0,0.0,6.0,2.0,0.04,8.0,1.0,0.04,1.0,0.5,0.07,0.0,1.0,7.0,0,0,1,0.07,0.07,2021
0.0,0.26,0.01,0.4,0.2,0.2,5.0,5.0,51.0,5.0,0.07,8.0,1.0,0.07,2.0,2.1,0.03,0.0,1.0,6.0,0,0,2,0.06,0.06,2021
0.0,0.48,0.0,0.3,0.1,0.1,7.0,7.0,54.0,4.0,0.02,13.0,1.0,0.02,0.0,0.5,0.04,0.0,1.0,12.0,0,0,1,0.04,0.04,2122
0.09,0.51,0.02,0.3,0.4,0.4,2.0,2.0,42.0,3.0,0.03,9.0,1.0,0.03,5.0,0.5,0.06,0.0,1.0,8.0,1,1,1,0.06,0.06,2324
0.3,3.14,0.12,3.0,3.9,3.9,285.0,285.0,746.0,40.0,0.36,99.0,9.0,0.38,33.0,11.3,0.29,34.0,6.0,69.0,4,4,17,0.54,0.51,1718
0.27,4.77,0.26,7.3,9.6,9.6,293.0,293.0,924.0,70.0,0.62,176.0,36.0,0.83,38.0,22.8,0.97,62.0,17.0,111.0,11,11,33,0.89,0.65,1819
0.26,2.39,0.05,1.6,1.0,1.0,199.0,199.0,517.0,11.0,0.33,43.0,8.0,0.38,17.0,6.0,0.45,36.0,4.0,27.0,1,1,11,0.61,0.56,2021
0.0,4.66,0.22,1.0,1.7,1.7,97.0,97.0,304.0,12.0,0.56,36.0,4.0,0.56,9.0,4.3,0.52,15.0,1.0,20.0,2,2,3,0.39,0.39,2122
0.36,3.31,0.15,3.1,2.6,2.6,151.0,151.0,455.0,28.0,0.49,56.0,6.0,0.63,19.0,8.3,0.35,26.0,0.0,34.0,0,0,6,0.36,0.18,2223
0.0,2.87,0.15,1.2,1.7,1.7,13.0,13.0,161.0,19.0,0.21,33.0,6.0,0.48,12.0,2.4,0.52,1.0,3.0,20.0,2,2,7,0.61,0.26,2021
0.07,4.78,0.29,3.2,3.9,3.9,68.0,68.0,350.0,33.0,0.49,64.0,4.0,0.54,15.0,6.5,0.3,8.0,1.0,27.0,2,2,7,0.52,0.52,2324
0.21,1.89,0.06,0.1,0.2,0.2,20.0,20.0,45.0,4.0,0.39,6.0,0.0,0.64,2.0,1.2,0.0,4.0,0.0,6.0,0,0,2,0.63,0.32,1718
0.18,3.4,0.27,2.2,3.8,3.8,115.0,115.0,321.0,24.0,0.43,48.0,4.0,0.43,9.0,6.1,0.28,12.0,2.0,27.0,3,3,6,0.42,0.42,1819
0.11,4.42,0.22,3.7,4.8,4.8,159.0,159.0,516.0,46.0,0.41,98.0,12.0,0.44,18.0,9.1,0.54,17.0,6.0,46.0,4,4,10,0.45,0.41,1920
0.09,4.41,0.19,3.2,3.4,3.4,111.0,111.0,372.0,32.0,0.4,79.0,10.0,0.4,16.0,7.2,0.56,13.0,8.0,44.0,2,2,3,0.17,0.17,2021
0.0,2.71,0.15,0.5,1.1,1.1,12.0,12.0,105.0,11.0,0.19,21.0,1.0,0.19,8.0,1.5,0.13,1.0,1.0,19.0,1,1,1,0.13,0.13,1920
0.13,3.44,0.12,1.6,1.7,1.7,32.0,32.0,191.0,19.0,0.21,48.0,0.0,0.21,11.0,2.9,0.0,3.0,0.0,34.0,0,0,1,0.07,0.07,2021
0.08,2.72,0.11,1.9,2.4,2.4,44.0,44.0,248.0,27.0,0.16,61.0,4.0,0.16,29.0,3.6,0.18,1.0,4.0,52.0,3,3,3,0.13,0.13,2122
0.12,2.78,0.11,2.8,2.9,2.9,84.0,84.0,419.0,36.0,0.21,71.0,5.0,0.21,25.0,5.4,0.2,5.0,5.0,61.0,2,2,5,0.2,0.2,2223
0.19,3.17,0.16,2.7,3.9,3.9,154.0,154.0,441.0,29.0,0.42,76.0,6.0,0.42,13.0,10.2,0.25,17.0,5.0,58.0,3,3,5,0.21,0.21,1819
0.08,3.28,0.19,1.1,2.0,2.0,65.0,65.0,191.0,12.0,0.6,34.0,7.0,0.9,9.0,6.3,0.67,16.0,3.0,19.0,2,2,8,0.77,0.48,2021
0.23,3.07,0.07,1.1,0.8,0.8,45.0,45.0,262.0,13.0,0.18,38.0,4.0,0.18,5.0,2.2,0.32,7.0,3.0,29.0,1,1,3,0.24,0.24,2122
0.06,3.63,0.16,4.8,4.2,4.2,210.0,210.0,657.0,37.0,0.46,95.0,14.0,0.55,32.0,12.0,0.53,37.0,6.0,58.0,6,6,13,0.5,0.38,2122
0.07,2.12,0.09,1.4,1.3,1.3,17.0,17.0,209.0,12.0,0.18,33.0,2.0,0.18,9.0,2.8,0.13,1.0,2.0,25.0,1,1,2,0.13,0.13,2223
0.09,4.12,0.09,1.1,1.3,1.3,112.0,112.0,372.0,19.0,0.45,62.0,3.0,0.53,21.0,6.7,0.2,9.0,2.0,40.0,1,1,7,0.47,0.33,2223
0.0,2.92,0.07,3.1,1.6,1.6,190.0,190.0,554.0,22.0,0.45,62.0,6.0,0.56,30.0,9.6,0.28,20.0,5.0,43.0,2,2,14,0.66,0.61,2324
0.0,0.66,0.01,0.2,0.2,0.2,3.0,3.0,52.0,2.0,0.11,9.0,2.0,0.11,2.0,1.5,0.15,0.0,2.0,8.0,0,0,0,0.0,0.0,1819
0.22,2.73,0.07,2.3,1.7,1.7,98.0,98.0,391.0,23.0,0.17,61.0,5.0,0.17,30.0,3.7,0.22,8.0,4.0,50.0,4,4,5,0.22,0.22,1920
0.34,3.26,0.18,4.8,5.7,5.7,149.0,149.0,737.0,47.0,0.25,105.0,14.0,0.25,66.0,8.1,0.44,12.0,13.0,97.0,7,7,10,0.31,0.31,2021
0.09,4.17,0.19,4.1,5.6,5.6,162.0,162.0,656.0,55.0,0.3,121.0,13.0,0.3,50.0,8.8,0.45,10.0,11.0,103.0,6,6,12,0.41,0.41,2223
0.22,4.33,0.11,4.5,3.4,3.4,144.0,144.0,739.0,42.0,0.27,137.0,20.0,0.27,78.0,8.5,0.63,9.0,13.0,121.0,3,3,5,0.16,0.16,2324
0.44,3.28,0.1,2.7,2.8,2.8,197.0,197.0,589.0,31.0,0.24,93.0,4.0,0.24,25.0,6.7,0.14,48.0,2.0,57.0,1,1,2,0.07,0.07,2324
0.0,0.44,0.01,0.6,0.3,0.3,3.0,3.0,27.0,4.0,0.03,12.0,4.0,0.03,1.0,0.9,0.15,0.0,3.0,10.0,1,1,2,0.07,0.07,2223
0.1,0.69,0.0,0.2,0.0,0.0,4.0,4.0,32.0,2.0,0.05,12.0,1.0,0.05,1.0,0.9,0.06,1.0,0.0,9.0,0,0,0,0.0,0.0,2324
0.0,1.2,0.05,0.5,0.5,0.5,2.0,2.0,20.0,3.0,0.09,12.0,2.0,0.09,2.0,0.9,0.2,0.0,2.0,10.0,1,1,1,0.1,0.1,2425
0.41,2.31,0.08,1.1,1.3,1.3,56.0,56.0,221.0,15.0,0.17,39.0,7.0,0.17,18.0,2.8,0.41,5.0,4.0,25.0,3,3,6,0.36,0.36,2223
0.19,3.29,0.15,0.9,0.7,0.7,15.0,15.0,84.0,11.0,0.23,16.0,2.0,0.23,6.0,1.1,0.41,1.0,1.0,9.0,2,2,2,0.41,0.41,2324
0.0,4.02,0.28,2.0,3.0,3.0,19.0,19.0,185.0,23.0,0.32,43.0,4.0,0.32,12.0,3.5,0.37,0.0,3.0,32.0,2,2,3,0.28,0.28,2425
0.18,2.12,0.12,0.8,1.6,1.6,7.0,7.0,141.0,16.0,0.18,28.0,2.0,0.18,11.0,2.4,0.15,1.0,1.0,21.0,2,2,2,0.15,0.15,2021
0.0,3.74,0.14,2.5,2.3,2.3,34.0,34.0,301.0,30.0,0.18,61.0,6.0,0.18,8.0,3.0,0.37,0.0,2.0,28.0,3,3,3,0.18,0.18,2122
0.14,2.74,0.11,1.6,2.2,2.2,19.0,19.0,248.0,22.0,0.18,53.0,7.0,0.18,15.0,3.4,0.36,2.0,5.0,41.0,2,2,3,0.16,0.16,2223
0.1,1.5,0.03,0.6,0.5,0.5,11.0,11.0,131.0,10.0,0.08,22.0,4.0,0.08,5.0,1.1,0.27,1.0,4.0,16.0,2,2,2,0.14,0.14,2324
0.12,3.21,0.09,1.4,1.7,1.7,130.0,130.0,379.0,18.0,0.31,63.0,6.0,0.31,9.0,6.2,0.31,23.0,4.0,39.0,2,2,6,0.31,0.31,1819
0.05,3.71,0.26,3.2,4.3,4.3,108.0,108.0,316.0,24.0,0.47,62.0,11.0,0.47,15.0,7.9,0.66,21.0,5.0,37.0,2,2,8,0.48,0.48,1920
0.0,3.92,0.13,1.8,2.9,2.9,205.0,205.0,475.0,28.0,0.39,86.0,11.0,0.39,21.0,8.5,0.5,27.0,4.0,44.0,1,1,3,0.14,0.14,2122
0.0,2.73,0.09,0.6,0.9,0.9,69.0,69.0,165.0,8.0,0.39,27.0,1.0,0.39,7.0,3.8,0.1,10.0,1.0,19.0,0,0,1,0.1,0.1,2223
0.0,3.09,0.15,2.0,2.2,2.2,62.0,62.0,270.0,16.0,0.24,45.0,4.0,0.24,19.0,3.5,0.27,13.0,3.0,28.0,2,2,5,0.34,0.34,2324
0.0,1.55,0.02,1.0,0.5,0.5,7.0,7.0,134.0,14.0,0.03,40.0,3.0,0.03,5.0,0.7,0.12,0.0,3.0,26.0,0,0,1,0.04,0.04,2122
0.07,4.14,0.11,1.7,1.3,1.3,49.0,49.0,181.0,16.0,0.24,50.0,3.0,0.24,25.0,2.9,0.25,4.0,1.0,39.0,0,0,3,0.25,0.25,2223
0.0,0.78,0.03,0.4,0.6,0.6,3.0,3.0,37.0,4.0,0.07,15.0,0.0,0.07,2.0,1.3,0.0,0.0,0.0,12.0,0,0,1,0.05,0.05,1920
0.0,0.32,0.03,0.8,0.8,0.8,15.0,15.0,92.0,7.0,0.06,10.0,0.0,0.06,6.0,1.9,0.0,2.0,0.0,8.0,0,0,0,0.0,0.0,2021
0.0,0.53,0.02,0.4,0.4,0.4,1.0,1.0,28.0,4.0,0.05,12.0,0.0,0.05,2.0,1.2,0.0,1.0,0.0,10.0,0,0,1,0.04,0.04,2122
0.0,0.48,0.01,0.4,0.3,0.3,3.0,3.0,39.0,4.0,0.02,11.0,0.0,0.02,5.0,0.5,0.0,0.0,0.0,11.0,0,0,0,0.0,0.0,2223
0.04,0.74,0.0,0.2,0.0,0.0,1.0,1.0,10.0,0.0,0.02,9.0,1.0,0.02,3.0,0.2,0.08,0.0,1.0,8.0,0,0,2,0.17,0.17,2324
0.14,1.12,0.01,1.1,0.3,0.3,1.0,1.0,93.0,6.0,0.06,33.0,4.0,0.06,13.0,1.7,0.14,3.0,4.0,31.0,0,0,2,0.07,0.07,1819
0.1,1.55,0.02,1.5,0.3,0.3,29.0,29.0,175.0,7.0,0.08,26.0,3.0,0.08,15.0,1.3,0.18,2.0,3.0,23.0,0,0,1,0.06,0.06,2021
0.13,1.37,0.06,1.6,1.2,1.2,20.0,20.0,122.0,10.0,0.12,28.0,5.0,0.12,8.0,2.5,0.25,2.0,4.0,22.0,2,2,3,0.15,0.15,2122
0.0,1.74,0.09,1.6,2.2,2.2,57.0,57.0,217.0,17.0,0.19,41.0,6.0,0.19,9.0,4.4,0.25,1.0,3.0,32.0,3,3,5,0.21,0.21,2223
0.0,1.01,0.01,0.6,0.2,0.2,9.0,9.0,63.0,5.0,0.04,17.0,2.0,0.04,6.0,0.6,0.12,0.0,2.0,17.0,0,0,1,0.06,0.06,2324
0.0,1.11,0.0,0.1,0.0,0.0,5.0,5.0,26.0,0.0,0.06,6.0,1.0,0.06,1.0,0.3,0.18,0.0,1.0,4.0,0,0,0,0.0,0.0,2122
0.0,2.1,0.07,2.2,1.6,1.6,60.0,60.0,289.0,24.0,0.1,48.0,2.0,0.1,28.0,2.2,0.09,1.0,2.0,29.0,1,1,2,0.09,0.09,1920
0.14,2.33,0.07,2.6,1.6,1.6,81.0,81.0,421.0,29.0,0.22,54.0,8.0,0.22,18.0,5.0,0.35,2.0,4.0,28.0,6,6,9,0.39,0.39,2122
0.22,1.44,0.03,0.4,0.4,0.4,77.0,77.0,173.0,7.0,0.38,17.0,2.0,0.38,4.0,4.5,0.17,3.0,2.0,13.0,0,0,2,0.17,0.17,2021
0.05,1.18,0.01,0.1,0.1,0.1,3.0,3.0,27.0,4.0,0.02,18.0,1.0,0.02,2.0,0.3,0.07,0.0,1.0,17.0,0,0,0,0.0,0.0,1819
0.0,0.85,0.03,0.6,0.5,0.5,9.0,9.0,67.0,8.0,0.05,17.0,1.0,0.05,9.0,0.9,0.05,0.0,1.0,15.0,1,1,2,0.1,0.1,1920
0.0,0.82,0.01,0.1,0.1,0.1,3.0,3.0,22.0,3.0,0.05,11.0,0.0,0.05,0.0,0.7,0.0,0.0,0.0,11.0,0,0,0,0.0,0.0,2021
0.03,0.69,0.01,0.4,0.3,0.3,7.0,7.0,131.0,8.0,0.08,25.0,0.0,0.08,5.0,2.9,0.0,1.0,0.0,24.0,0,0,5,0.14,0.14,1920
0.05,0.82,0.03,0.9,0.7,0.7,10.0,10.0,67.0,8.0,0.04,23.0,1.0,0.04,0.0,1.1,0.04,1.0,1.0,18.0,0,0,0,0.0,0.0,2324
0.15,2.35,0.04,0.8,0.4,0.4,38.0,38.0,142.0,11.0,0.12,22.0,2.0,0.12,10.0,1.1,0.21,2.0,2.0,16.0,0,0,1,0.11,0.11,2324
0.2,3.54,0.1,0.6,0.6,0.6,48.0,48.0,126.0,9.0,0.31,22.0,0.0,0.31,3.0,2.0,0.0,10.0,0.0,17.0,0,0,1,0.16,0.16,2122
0.07,3.79,0.14,3.3,4.1,4.1,210.0,210.0,641.0,63.0,0.28,115.0,8.0,0.28,26.0,8.4,0.26,28.0,7.0,96.0,6,6,11,0.36,0.36,2223
0.17,3.28,0.1,3.6,2.9,2.9,174.0,174.0,544.0,35.0,0.18,95.0,8.0,0.18,31.0,5.3,0.28,11.0,7.0,78.0,2,2,5,0.17,0.17,2324
0.0,0.75,0.02,0.4,0.4,0.4,10.0,10.0,63.0,7.0,0.03,13.0,4.0,0.03,4.0,0.6,0.23,0.0,4.0,11.0,2,2,2,0.11,0.11,1920
0.07,2.1,0.08,1.9,1.8,1.8,98.0,98.0,319.0,21.0,0.34,45.0,6.0,0.42,8.0,7.4,0.28,4.0,4.0,36.0,3,3,13,0.61,0.56,1819
0.0,2.18,0.15,2.4,4.0,4.0,85.0,85.0,343.0,34.0,0.45,59.0,7.0,0.48,8.0,12.1,0.26,6.0,5.0,50.0,2,2,13,0.48,0.44,1920
0.16,1.8,0.04,0.7,0.5,0.5,60.0,60.0,187.0,10.0,0.42,26.0,1.0,0.47,4.0,6.0,0.07,1.0,0.0,20.0,0,0,8,0.55,0.48,2021
0.0,1.86,0.07,0.5,0.5,0.5,30.0,30.0,111.0,7.0,0.47,12.0,0.0,0.47,4.0,3.0,0.0,1.0,0.0,9.0,1,1,6,0.93,0.93,2122
2.5,2.13,0.15,0.8,0.6,0.6,27.0,27.0,62.0,5.0,0.37,9.0,0.0,0.37,1.0,1.6,0.0,6.0,0.0,5.0,0,0,1,0.24,0.24,1920
0.0,1.86,0.09,0.7,0.2,0.2,26.0,26.0,63.0,2.0,0.31,5.0,0.0,0.31,3.0,0.8,0.0,6.0,0.0,3.0,0,0,1,0.37,0.37,2122
0.0,2.27,0.09,1.0,1.1,1.1,47.0,47.0,198.0,10.0,0.11,28.0,2.0,0.11,10.0,1.4,0.16,2.0,1.0,22.0,0,0,0,0.0,0.0,2021
0.0,2.39,0.07,0.7,0.3,0.3,48.0,48.0,97.0,4.0,0.41,11.0,2.0,0.41,7.0,1.9,0.43,10.0,2.0,9.0,0,0,1,0.22,0.22,2425
0.24,2.72,0.21,0.8,1.0,1.0,31.0,31.0,58.0,8.0,0.24,13.0,1.0,0.24,6.0,1.2,0.21,4.0,1.0,8.0,1,1,1,0.21,0.21,2223
0.0,3.8,0.16,1.8,1.3,1.3,84.0,84.0,194.0,16.0,0.21,32.0,5.0,0.21,16.0,1.7,0.59,9.0,3.0,26.0,2,2,3,0.36,0.36,2324
0.0,2.46,0.05,0.6,0.8,0.8,103.0,103.0,235.0,14.0,0.31,42.0,3.0,0.31,8.0,5.4,0.18,1.0,2.0,25.0,0,0,2,0.12,0.12,1819
0.28,1.18,0.0,0.0,0.0,0.0,12.0,12.0,22.0,0.0,0.61,1.0,0.0,0.61,0.0,0.5,0.0,0.0,0.0,1.0,0,0,0,0.0,0.0,1819
0.0,4.19,0.16,0.7,0.6,0.6,29.0,29.0,80.0,6.0,0.39,15.0,1.0,0.61,7.0,1.4,0.28,6.0,1.0,9.0,1,1,3,0.83,0.56,1920
0.17,3.71,0.06,0.9,0.6,0.6,98.0,98.0,227.0,10.0,0.28,37.0,2.0,0.28,15.0,2.8,0.2,14.0,0.0,26.0,0,0,3,0.3,0.3,1920
0.0,2.63,0.18,3.8,5.1,5.1,163.0,163.0,491.0,35.0,0.38,76.0,13.0,0.38,36.0,11.0,0.45,15.0,10.0,54.0,5,5,12,0.42,0.42,2021
0.13,4.35,0.23,2.0,2.6,2.6,136.0,136.0,373.0,20.0,0.37,51.0,8.0,0.44,13.0,4.3,0.68,38.0,4.0,34.0,2,2,7,0.6,0.51,2324
0.05,2.2,0.12,1.7,1.6,1.6,43.0,43.0,225.0,11.0,0.15,30.0,3.0,0.15,18.0,2.1,0.22,5.0,2.0,25.0,1,1,2,0.15,0.15,1819
0.05,2.07,0.06,2.1,1.3,1.3,110.0,110.0,339.0,14.0,0.2,41.0,5.0,0.2,20.0,4.1,0.25,4.0,4.0,33.0,1,1,4,0.2,0.2,1920
0.15,1.56,0.08,1.8,1.5,1.5,117.0,117.0,379.0,11.0,0.22,29.0,4.0,0.22,16.0,4.1,0.21,4.0,3.0,26.0,1,1,4,0.21,0.21,2021
0.24,1.42,0.17,2.8,3.5,3.5,100.0,100.0,348.0,14.0,0.27,29.0,5.0,0.27,30.0,5.4,0.24,6.0,4.0,25.0,3,3,4,0.2,0.2,2122
0.0,1.58,0.17,1.4,2.1,2.1,57.0,57.0,189.0,10.0,0.25,20.0,5.0,0.25,9.0,3.1,0.4,3.0,4.0,16.0,3,3,3,0.24,0.24,2223
0.0,1.02,0.01,0.4,0.1,0.1,26.0,26.0,107.0,3.0,0.16,9.0,0.0,0.16,4.0,1.4,0.0,3.0,0.0,6.0,0,0,0,0.0,0.0,2324
0.23,2.77,0.16,1.7,1.9,1.9,81.0,81.0,282.0,19.0,0.25,33.0,5.0,0.25,19.0,3.0,0.42,8.0,4.0,29.0,4,4,5,0.42,0.42,2223
0.03,2.71,0.13,2.4,1.8,1.8,79.0,79.0,313.0,15.0,0.2,36.0,7.0,0.2,17.0,2.6,0.53,7.0,7.0,30.0,3,3,3,0.23,0.23,2324
0.34,2.62,0.17,3.6,2.8,2.8,195.0,195.0,495.0,24.0,0.23,45.0,7.0,0.23,18.0,3.9,0.41,19.0,7.0,39.0,6,6,7,0.41,0.41,2223
0.16,2.36,0.14,0.5,0.4,0.4,25.0,25.0,72.0,3.0,0.25,7.0,2.0,0.25,2.0,0.7,0.67,2.0,2.0,6.0,1,1,2,0.67,0.67,2324
0.0,2.53,0.1,3.9,2.6,2.6,245.0,245.0,765.0,24.0,0.27,66.0,5.0,0.27,47.0,7.1,0.19,19.0,0.0,47.0,0,0,6,0.23,0.23,2223
0.43,1.77,0.1,0.4,0.5,0.5,12.0,12.0,109.0,2.0,0.13,9.0,0.0,0.13,2.0,0.7,0.0,2.0,0.0,8.0,0,0,0,0.0,0.0,2324
0.0,2.28,0.13,1.7,3.0,3.0,180.0,180.0,386.0,21.0,0.34,52.0,13.0,0.37,11.0,7.7,0.57,21.0,10.0,33.0,5,5,13,0.57,0.53,1819
0.18,2.56,0.03,0.3,0.2,0.2,57.0,57.0,117.0,5.0,0.26,15.0,0.0,0.26,3.0,1.5,0.0,5.0,0.0,12.0,0,0,1,0.17,0.17,1920
0.22,1.95,0.05,1.6,0.8,0.8,18.0,18.0,166.0,15.0,0.09,32.0,1.0,0.09,8.0,1.5,0.06,1.0,0.0,22.0,1,1,2,0.12,0.12,1819
0.0,1.39,0.07,1.3,1.2,1.2,90.0,90.0,341.0,11.0,0.09,23.0,2.0,0.09,14.0,1.4,0.12,13.0,1.0,18.0,0,0,0,0.0,0.0,1718
0.09,1.01,0.02,0.7,0.3,0.3,119.0,119.0,421.0,4.0,0.03,18.0,2.0,0.03,8.0,0.6,0.11,14.0,0.0,13.0,0,0,1,0.06,0.06,1819
0.03,1.33,0.09,2.3,2.1,2.1,154.0,154.0,570.0,12.0,0.11,31.0,7.0,0.11,21.0,2.6,0.3,16.0,4.0,22.0,2,2,3,0.13,0.13,1920
0.0,0.47,0.02,0.9,0.8,0.8,4.0,4.0,43.0,4.0,0.06,15.0,4.0,0.06,0.0,1.8,0.12,0.0,2.0,10.0,2,2,3,0.09,0.09,1920
0.04,1.2,0.06,0.8,1.1,1.1,43.0,43.0,150.0,8.0,0.09,23.0,2.0,0.09,5.0,1.8,0.1,2.0,1.0,21.0,1,1,2,0.1,0.1,1920
0.0,1.64,0.03,1.5,0.7,0.7,23.0,23.0,237.0,10.0,0.06,33.0,3.0,0.06,16.0,1.3,0.15,4.0,3.0,31.0,0,0,1,0.05,0.05,2324
0.0,2.2,0.06,0.8,1.2,1.2,100.0,100.0,293.0,17.0,0.27,44.0,4.0,0.27,9.0,5.4,0.2,21.0,4.0,32.0,2,2,7,0.35,0.35,2223
0.0,2.6,0.07,1.1,1.2,1.2,100.0,100.0,326.0,18.0,0.43,45.0,2.0,0.43,15.0,7.4,0.12,25.0,2.0,29.0,0,0,7,0.41,0.41,2324
0.0,0.78,0.04,0.0,0.0,0.0,7.0,7.0,18.0,1.0,0.34,1.0,0.0,0.34,0.0,0.4,0.0,2.0,0.0,1.0,0,0,0,0.0,0.0,2425
0.0,1.26,0.1,0.4,0.6,0.6,24.0,24.0,88.0,3.0,0.21,8.0,1.0,0.21,2.0,1.4,0.16,3.0,1.0,7.0,0,0,1,0.16,0.16,1920
0.0,0.81,0.02,0.4,0.3,0.3,5.0,5.0,27.0,3.0,0.04,13.0,1.0,0.04,2.0,0.6,0.06,0.0,1.0,12.0,1,1,1,0.06,0.06,2223
0.0,1.56,0.1,2.7,2.2,2.2,35.0,35.0,204.0,15.0,0.15,36.0,5.0,0.15,15.0,3.4,0.22,1.0,3.0,29.0,2,2,2,0.09,0.09,2021
0.0,2.01,0.01,0.5,0.2,0.2,37.0,37.0,180.0,5.0,0.05,26.0,3.0,0.12,7.0,0.7,0.23,2.0,2.0,22.0,0,0,1,0.08,0.0,2122
0.0,2.65,0.12,1.1,1.1,1.1,32.0,32.0,168.0,12.0,0.25,25.0,0.0,0.25,9.0,2.4,0.0,2.0,0.0,17.0,0,0,0,0.0,0.0,2223
0.0,1.34,0.01,0.1,0.0,0.0,10.0,10.0,34.0,2.0,0.14,6.0,0.0,0.14,1.0,0.6,0.0,2.0,0.0,5.0,0,0,2,0.45,0.45,2324
0.25,2.34,0.1,0.5,1.2,1.2,76.0,76.0,196.0,12.0,0.33,27.0,4.0,0.33,10.0,3.8,0.35,9.0,4.0,21.0,2,2,4,0.35,0.35,2021
0.07,3.74,0.19,2.3,2.9,2.9,152.0,152.0,337.0,27.0,0.4,59.0,6.0,0.4,26.0,6.3,0.38,10.0,5.0,42.0,4,4,10,0.63,0.63,2122
0.23,3.38,0.15,2.4,4.2,4.2,156.0,156.0,561.0,44.0,0.36,95.0,6.0,0.42,27.0,10.2,0.21,17.0,4.0,76.0,2,2,12,0.43,0.36,2223
0.06,3.83,0.21,2.9,4.7,4.7,157.0,157.0,516.0,42.0,0.47,84.0,9.0,0.5,34.0,10.2,0.41,14.0,8.0,68.0,5,5,9,0.41,0.41,2324
0.09,1.56,0.03,0.5,0.7,0.7,14.0,14.0,158.0,11.0,0.1,38.0,1.0,0.1,9.0,2.4,0.04,2.0,1.0,30.0,0,0,2,0.08,0.08,1819
0.07,0.73,0.07,0.9,1.5,1.5,23.0,23.0,151.0,10.0,0.1,16.0,3.0,0.1,5.0,2.1,0.14,2.0,2.0,13.0,2,2,2,0.09,0.09,1920
0.09,2.37,0.11,2.2,2.5,2.5,96.0,96.0,444.0,25.0,0.17,57.0,5.0,0.17,30.0,4.0,0.21,6.0,3.0,37.0,3,3,4,0.17,0.17,1819
0.03,2.38,0.11,1.9,2.5,2.5,80.0,80.0,399.0,22.0,0.13,55.0,6.0,0.13,17.0,2.9,0.26,8.0,3.0,31.0,2,2,2,0.09,0.09,1920
0.1,2.32,0.11,1.4,1.8,1.8,78.0,78.0,294.0,16.0,0.12,37.0,1.0,0.12,20.0,2.0,0.06,7.0,1.0,29.0,0,0,0,0.0,0.0,2122
0.05,2.77,0.21,1.9,2.1,2.1,43.0,43.0,250.0,12.0,0.29,27.0,3.0,0.29,14.0,2.9,0.31,4.0,2.0,21.0,1,1,2,0.21,0.21,2223
0.03,2.02,0.05,1.0,0.9,0.9,37.0,37.0,227.0,11.0,0.06,38.0,1.0,0.06,13.0,1.2,0.05,11.0,1.0,25.0,1,1,2,0.11,0.11,2324
0.0,2.68,0.11,1.6,1.5,1.5,134.0,134.0,500.0,20.0,0.14,38.0,3.0,0.14,29.0,2.0,0.21,1.0,3.0,37.0,0,0,0,0.0,0.0,1920
0.34,1.95,0.06,1.1,0.9,0.9,65.0,65.0,415.0,15.0,0.1,32.0,2.0,0.1,13.0,1.6,0.12,3.0,2.0,26.0,0,0,0,0.0,0.0,2021
0.08,3.95,0.23,2.5,2.7,2.7,88.0,88.0,364.0,16.0,0.27,46.0,11.0,0.27,22.0,3.2,0.95,2.0,8.0,38.0,4,4,4,0.34,0.34,2122
0.1,2.38,0.06,2.4,1.4,1.4,68.0,68.0,610.0,19.0,0.12,56.0,4.0,0.12,41.0,2.8,0.17,8.0,3.0,49.0,2,2,3,0.13,0.13,2223
0.17,3.5,0.13,2.9,2.5,2.5,58.0,58.0,519.0,29.0,0.16,67.0,6.0,0.16,49.0,3.1,0.31,7.0,5.0,64.0,2,2,3,0.16,0.16,2324
0.07,1.13,0.1,0.9,1.6,1.6,92.0,92.0,222.0,6.0,0.28,18.0,3.0,0.28,6.0,4.5,0.19,26.0,2.0,12.0,2,2,3,0.19,0.19,1920
0.0,1.92,0.16,1.5,2.2,2.2,108.0,108.0,232.0,15.0,0.31,27.0,1.0,0.31,10.0,4.3,0.07,21.0,1.0,19.0,1,1,2,0.14,0.14,2021
0.0,1.32,0.05,1.8,1.1,1.1,109.0,109.0,440.0,10.0,0.38,31.0,2.0,0.38,10.0,8.8,0.09,8.0,0.0,21.0,0,0,6,0.26,0.26,1920
0.21,2.11,0.07,1.0,1.1,1.1,58.0,58.0,298.0,15.0,0.34,31.0,2.0,0.34,14.0,5.0,0.14,4.0,0.0,23.0,0,0,1,0.07,0.07,2021
0.29,2.04,0.14,2.0,2.0,2.0,60.0,60.0,230.0,12.0,0.51,29.0,7.0,0.62,5.0,7.3,0.49,4.0,6.0,24.0,3,3,9,0.63,0.49,2324
0.0,2.15,0.08,2.1,2.0,2.0,19.0,19.0,322.0,31.0,0.1,53.0,1.0,0.1,27.0,2.4,0.04,1.0,1.0,38.0,0,0,0,0.0,0.0,2021
0.0,1.6,0.05,1.1,0.7,0.7,18.0,18.0,152.0,8.0,0.07,24.0,3.0,0.07,11.0,1.0,0.2,3.0,3.0,22.0,0,0,0,0.0,0.0,2122
0.0,1.63,0.04,0.4,0.6,0.6,25.0,25.0,124.0,10.0,0.05,27.0,1.0,0.05,7.0,0.9,0.06,2.0,0.0,24.0,0,0,1,0.06,0.06,2223
0.0,1.78,0.07,0.5,0.6,0.6,25.0,25.0,102.0,7.0,0.16,14.0,2.0,0.16,3.0,1.3,0.25,1.0,2.0,13.0,0,0,0,0.0,0.0,2324
0.0,3.19,0.23,0.5,2.2,2.2,75.0,75.0,192.0,18.0,0.72,30.0,4.0,0.72,5.0,6.8,0.43,0.0,3.0,28.0,4,4,6,0.64,0.64,1819
0.0,2.17,0.08,1.0,0.9,0.9,59.0,59.0,168.0,8.0,0.74,24.0,4.0,0.74,3.0,8.2,0.36,2.0,2.0,17.0,0,0,8,0.73,0.73,1920
0.14,1.8,0.13,0.3,1.1,1.1,40.0,40.0,141.0,6.0,0.64,15.0,0.0,0.64,1.0,5.3,0.0,0.0,0.0,11.0,0,0,4,0.48,0.48,2021
0.21,2.61,0.11,1.6,2.3,2.3,102.0,102.0,376.0,25.0,0.5,55.0,6.0,0.58,10.0,10.6,0.28,4.0,4.0,33.0,3,3,14,0.67,0.57,2122
0.3,2.1,0.17,2.0,4.0,4.0,152.0,152.0,402.0,24.0,0.61,50.0,6.0,0.7,7.0,14.4,0.25,7.0,3.0,39.0,5,5,18,0.76,0.63,2223
0.17,2.5,0.1,2.6,3.4,3.4,226.0,226.0,575.0,34.0,0.44,82.0,9.0,0.46,17.0,14.4,0.27,49.0,4.0,56.0,2,2,13,0.4,0.37,2122
0.36,2.27,0.11,2.7,3.8,3.8,196.0,196.0,488.0,31.0,0.54,79.0,14.0,0.58,16.0,18.7,0.4,32.0,6.0,51.0,6,6,21,0.6,0.58,2223
0.0,0.48,0.01,0.6,0.1,0.1,3.0,3.0,21.0,3.0,0.03,7.0,0.0,0.03,4.0,0.4,0.0,0.0,0.0,7.0,0,0,0,0.0,0.0,2021
0.04,1.06,0.03,1.0,0.8,0.8,8.0,8.0,81.0,5.0,0.06,24.0,3.0,0.06,12.0,1.4,0.13,2.0,3.0,22.0,1,1,2,0.09,0.09,2223
0.0,1.27,0.04,0.8,1.0,1.0,9.0,9.0,73.0,13.0,0.09,31.0,3.0,0.09,14.0,2.2,0.12,0.0,3.0,24.0,1,1,1,0.04,0.04,2324
0.0,1.04,0.03,0.6,1.0,1.0,5.0,5.0,81.0,8.0,0.13,32.0,3.0,0.13,6.0,3.9,0.1,4.0,2.0,28.0,1,1,1,0.03,0.03,1920
0.0,0.24,0.0,0.2,0.1,0.1,0.0,0.0,53.0,2.0,0.04,7.0,0.0,0.04,0.0,1.2,0.0,0.0,0.0,7.0,0,0,2,0.07,0.07,2021
0.0,0.33,0.0,0.2,0.0,0.0,4.0,4.0,46.0,0.0,0.04,10.0,1.0,0.04,2.0,1.2,0.03,0.0,0.0,7.0,0,0,0,0.0,0.0,2122
0.0,4.01,0.11,2.0,2.0,2.0,119.0,119.0,367.0,32.0,0.36,70.0,10.0,0.41,8.0,6.3,0.57,23.0,3.0,34.0,5,5,8,0.46,0.46,2122
0.23,2.62,0.07,1.4,1.2,1.2,160.0,160.0,392.0,11.0,0.44,43.0,5.0,0.44,14.0,7.3,0.3,22.0,3.0,26.0,1,1,6,0.37,0.37,2223
0.0,2.93,0.17,4.4,4.4,4.4,165.0,165.0,503.0,40.0,0.57,75.0,12.0,0.63,21.0,14.5,0.47,40.0,5.0,40.0,6,6,18,0.7,0.63,2324
0.0,0.82,0.03,1.0,0.6,0.6,5.0,5.0,90.0,5.0,0.05,16.0,1.0,0.05,6.0,1.0,0.05,0.0,0.0,12.0,1,1,2,0.1,0.1,2021
0.0,3.27,0.2,4.3,5.8,5.8,116.0,116.0,465.0,40.0,0.45,93.0,12.0,0.45,26.0,12.8,0.42,11.0,7.0,59.0,5,5,16,0.56,0.56,1819
0.18,3.42,0.05,0.4,0.3,0.3,19.0,19.0,74.0,5.0,0.16,17.0,2.0,0.16,3.0,0.8,0.4,6.0,2.0,9.0,1,1,1,0.2,0.2,1920
0.0,3.41,0.12,2.1,2.2,2.2,81.0,81.0,343.0,20.0,0.34,61.0,2.0,0.34,16.0,6.1,0.11,10.0,1.0,37.0,0,0,2,0.11,0.11,2122
0.0,2.88,0.09,0.8,0.7,0.7,33.0,33.0,120.0,8.0,0.18,22.0,3.0,0.18,5.0,1.4,0.39,3.0,2.0,17.0,0,0,0,0.0,0.0,2223
0.15,1.69,0.03,0.5,0.3,0.3,22.0,22.0,131.0,5.0,0.1,20.0,2.0,0.1,5.0,1.1,0.17,0.0,1.0,13.0,0,0,0,0.0,0.0,2223
0.11,3.41,0.12,3.0,3.3,3.3,47.0,47.0,331.0,53.0,0.17,93.0,9.0,0.2,21.0,4.7,0.33,6.0,5.0,53.0,4,4,5,0.18,0.18,2324
0.08,2.61,0.07,1.0,1.4,1.4,143.0,143.0,349.0,22.0,0.21,53.0,7.0,0.21,5.0,4.3,0.34,18.0,3.0,31.0,2,2,7,0.35,0.35,1920
0.17,2.39,0.06,0.5,0.7,0.7,85.0,85.0,237.0,15.0,0.26,30.0,3.0,0.32,5.0,3.3,0.24,19.0,1.0,20.0,1,1,4,0.32,0.32,2021
0.06,2.82,0.11,1.2,2.4,2.4,56.0,56.0,290.0,29.0,0.22,58.0,7.0,0.22,9.0,4.5,0.34,8.0,6.0,45.0,3,3,4,0.19,0.19,2122
0.0,1.15,0.01,0.3,0.2,0.2,14.0,14.0,116.0,6.0,0.06,20.0,2.0,0.06,1.0,1.1,0.12,1.0,1.0,17.0,0,0,1,0.06,0.06,2324
0.0,2.95,0.15,0.6,0.7,0.7,21.0,21.0,63.0,7.0,0.37,13.0,1.0,0.37,2.0,1.6,0.23,0.0,1.0,11.0,0,0,2,0.45,0.45,2324
0.0,1.72,0.05,0.6,0.6,0.6,19.0,19.0,157.0,8.0,0.13,24.0,1.0,0.13,8.0,1.8,0.07,3.0,0.0,17.0,0,0,1,0.07,0.07,2425
0.0,1.31,0.04,0.8,1.0,1.0,10.0,10.0,141.0,8.0,0.08,31.0,3.0,0.08,10.0,1.9,0.13,0.0,2.0,25.0,0,0,1,0.04,0.04,1819
0.06,2.09,0.07,1.0,1.4,1.4,15.0,15.0,198.0,14.0,0.09,41.0,4.0,0.09,16.0,1.8,0.2,2.0,4.0,37.0,1,1,2,0.1,0.1,2021
0.0,2.31,0.09,2.5,2.9,2.9,29.0,29.0,382.0,37.0,0.13,74.0,4.0,0.13,23.0,4.3,0.12,7.0,4.0,70.0,2,2,4,0.12,0.12,2122
0.0,1.63,0.12,0.9,1.3,1.3,4.0,4.0,161.0,8.0,0.19,17.0,2.0,0.19,8.0,2.0,0.19,0.0,2.0,13.0,1,1,1,0.1,0.1,2324
0.11,1.75,0.08,3.0,2.5,2.5,141.0,141.0,431.0,28.0,0.1,53.0,2.0,0.1,26.0,3.0,0.07,1.0,2.0,41.0,1,1,2,0.07,0.07,1819
0.07,1.77,0.12,2.3,2.3,2.3,57.0,57.0,315.0,22.0,0.19,33.0,6.0,0.19,19.0,3.5,0.32,3.0,3.0,25.0,2,2,4,0.21,0.21,1920
0.0,1.15,0.06,1.0,0.8,0.8,15.0,15.0,104.0,5.0,0.12,14.0,3.0,0.12,6.0,1.5,0.25,0.0,2.0,11.0,1,1,2,0.17,0.17,2122
0.0,2.03,0.05,0.5,0.6,0.6,64.0,64.0,166.0,5.0,0.39,21.0,0.0,0.39,2.0,4.0,0.0,13.0,0.0,12.0,0,0,0,0.0,0.0,1819
0.0,4.33,0.27,4.0,4.9,4.9,232.0,232.0,728.0,45.0,0.47,80.0,12.0,0.47,44.0,8.7,0.65,49.0,8.0,60.0,5,5,13,0.7,0.7,1819
0.15,3.53,0.1,0.7,0.4,0.4,45.0,45.0,192.0,7.0,0.43,14.0,2.0,0.43,6.0,1.7,0.5,15.0,1.0,8.0,0,0,1,0.25,0.25,1920
0.83,4.16,0.21,5.3,4.2,4.2,288.0,288.0,830.0,39.0,0.5,82.0,8.0,0.5,43.0,9.8,0.41,62.0,6.0,57.0,3,3,9,0.46,0.46,2021
0.45,5.62,0.53,9.2,8.3,8.3,201.0,201.0,649.0,45.0,0.7,88.0,17.0,0.7,42.0,10.9,1.09,51.0,13.0,60.0,13,13,14,0.89,0.89,2122
0.48,5.48,0.31,5.0,4.9,4.9,209.0,209.0,719.0,41.0,0.56,86.0,12.0,0.56,37.0,8.8,0.76,56.0,9.0,52.0,7,7,12,0.77,0.77,2223
0.31,7.05,0.4,5.8,6.7,6.7,247.0,247.0,726.0,59.0,0.67,118.0,19.0,0.67,52.0,11.1,1.14,53.0,16.0,86.0,8,8,11,0.66,0.66,2324
0.0,4.09,0.18,3.2,1.8,1.8,83.0,83.0,255.0,21.0,0.38,41.0,4.0,0.38,15.0,3.8,0.4,15.0,3.0,30.0,1,1,2,0.2,0.2,2122
0.0,0.56,0.03,0.3,0.5,0.5,2.0,2.0,40.0,3.0,0.11,11.0,2.0,0.11,1.0,2.3,0.1,2.0,1.0,8.0,1,1,4,0.2,0.2,1920
0.0,0.57,0.05,1.0,1.3,1.3,13.0,13.0,93.0,4.0,0.1,15.0,4.0,0.1,2.0,2.6,0.15,0.0,1.0,7.0,2,2,4,0.15,0.15,2223
0.15,2.49,0.11,1.0,1.9,1.9,56.0,56.0,238.0,16.0,0.16,43.0,2.0,0.16,16.0,2.8,0.12,3.0,2.0,35.0,1,1,1,0.06,0.06,2324
0.0,1.55,0.07,1.8,1.6,1.6,141.0,141.0,338.0,22.0,0.33,34.0,5.0,0.33,11.0,7.3,0.23,14.0,5.0,27.0,3,3,8,0.36,0.36,1819
0.11,3.92,0.29,3.8,8.6,8.6,175.0,175.0,534.0,52.0,0.39,114.0,17.0,0.39,40.0,11.4,0.58,12.0,16.0,95.0,12,12,15,0.52,0.52,1718
0.21,3.88,0.21,3.3,5.9,5.9,172.0,172.0,629.0,44.0,0.35,107.0,7.0,0.35,39.0,9.6,0.25,13.0,7.0,87.0,3,3,5,0.18,0.18,1819
0.1,2.84,0.08,1.8,2.3,2.3,142.0,142.0,511.0,31.0,0.29,81.0,11.0,0.29,30.0,8.4,0.39,11.0,7.0,68.0,4,4,9,0.31,0.31,2021
0.06,3.51,0.2,4.5,6.3,6.3,200.0,200.0,665.0,48.0,0.35,109.0,11.0,0.35,51.0,10.9,0.35,11.0,9.0,86.0,3,3,9,0.29,0.29,2122
0.0,3.41,0.1,2.0,1.7,1.7,101.0,101.0,360.0,20.0,0.24,57.0,3.0,0.24,12.0,3.9,0.18,12.0,2.0,48.0,1,1,4,0.24,0.24,2223
0.16,3.37,0.07,0.3,0.3,0.3,27.0,27.0,98.0,5.0,0.13,16.0,1.0,0.13,6.0,0.6,0.21,2.0,0.0,13.0,0,0,0,0.0,0.0,2324
0.0,3.53,0.13,2.0,1.6,1.6,82.0,82.0,295.0,23.0,0.27,45.0,6.0,0.27,25.0,3.4,0.47,13.0,5.0,37.0,2,2,5,0.39,0.39,2324
0.0,1.96,0.13,0.6,1.1,1.1,17.0,17.0,89.0,10.0,0.17,16.0,2.0,0.17,3.0,1.4,0.24,0.0,1.0,10.0,2,2,3,0.37,0.37,2223
0.42,1.93,0.06,1.1,1.3,1.3,41.0,41.0,199.0,14.0,0.16,39.0,11.0,0.16,14.0,3.2,0.54,2.0,8.0,31.0,2,2,5,0.25,0.25,1718
0.0,2.81,0.19,0.2,0.3,0.3,12.0,12.0,41.0,2.0,0.26,5.0,0.0,0.26,1.0,0.5,0.0,0.0,0.0,2.0,0,0,0,0.0,0.0,1819
0.37,2.39,0.1,1.4,1.1,1.1,71.0,71.0,240.0,14.0,0.16,27.0,2.0,0.16,1.0,1.9,0.18,4.0,0.0,10.0,0,0,1,0.09,0.09,1920
0.07,2.35,0.09,1.1,1.2,1.2,54.0,54.0,241.0,12.0,0.27,30.0,4.0,0.27,10.0,3.5,0.31,4.0,2.0,19.0,2,2,3,0.23,0.23,2324
0.12,1.84,0.09,2.7,3.0,3.0,134.0,134.0,499.0,34.0,0.14,62.0,6.0,0.14,29.0,4.8,0.18,14.0,4.0,43.0,4,4,6,0.18,0.18,2223
0.08,2.21,0.05,0.9,0.9,0.9,68.0,68.0,268.0,11.0,0.1,37.0,5.0,0.1,9.0,1.7,0.3,11.0,3.0,18.0,2,2,3,0.19,0.19,2324
0.0,0.51,0.01,0.3,0.3,0.3,3.0,3.0,37.0,3.0,0.04,14.0,0.0,0.04,2.0,1.0,0.0,1.0,0.0,13.0,0,0,1,0.04,0.04,2223
0.0,0.76,0.01,0.6,0.3,0.3,1.0,1.0,44.0,4.0,0.02,22.0,1.0,0.02,3.0,0.7,0.03,0.0,1.0,18.0,0,0,0,0.0,0.0,2324
0.0,0.82,0.0,0.1,0.0,0.0,0.0,0.0,21.0,0.0,0.01,10.0,0.0,0.01,0.0,0.1,0.0,0.0,0.0,9.0,0,0,0,0.0,0.0,2425
0.0,3.76,0.17,1.0,1.4,1.4,64.0,64.0,215.0,13.0,0.34,31.0,0.0,0.34,12.0,2.8,0.0,10.0,0.0,18.0,0,0,1,0.12,0.12,1819
0.0,2.24,0.06,0.4,0.2,0.2,31.0,31.0,77.0,3.0,0.2,9.0,0.0,0.2,4.0,0.8,0.0,0.0,0.0,8.0,0,0,0,0.0,0.0,2021
0.0,2.14,0.09,1.0,1.8,1.8,42.0,42.0,184.0,19.0,0.14,42.0,2.0,0.14,15.0,2.7,0.1,0.0,1.0,34.0,1,1,1,0.05,0.05,2223
0.05,1.75,0.06,1.5,1.4,1.4,27.0,27.0,164.0,17.0,0.11,39.0,5.0,0.11,14.0,2.6,0.22,2.0,2.0,34.0,0,0,0,0.0,0.0,2324
0.43,3.68,0.25,5.6,6.5,6.5,229.0,229.0,666.0,46.0,0.49,98.0,13.0,0.52,55.0,13.1,0.49,28.0,6.0,69.0,5,5,11,0.41,0.38,1718
0.23,5.02,0.37,9.0,11.1,11.1,327.0,327.0,961.0,68.0,0.74,152.0,21.0,0.77,66.0,22.4,0.69,31.0,20.0,120.0,13,13,25,0.83,0.79,1819
0.27,3.1,0.3,3.8,3.9,3.9,185.0,185.0,387.0,19.0,0.55,40.0,4.0,0.55,20.0,7.1,0.31,11.0,2.0,29.0,3,3,7,0.54,0.54,1920
0.0,3.41,0.42,4.4,6.1,6.1,173.0,173.0,367.0,25.0,0.78,50.0,7.0,0.78,27.0,11.5,0.48,13.0,6.0,39.0,4,4,10,0.68,0.68,2021
0.36,4.61,0.33,1.1,1.3,1.3,37.0,37.0,94.0,10.0,0.64,19.0,1.0,0.64,7.0,2.7,0.24,0.0,1.0,12.0,0,0,0,0.0,0.0,2223
0.22,4.49,0.3,4.9,5.9,5.9,137.0,137.0,495.0,51.0,0.5,87.0,11.0,0.59,40.0,9.8,0.57,9.0,7.0,49.0,7,7,11,0.57,0.46,2324
0.29,3.07,0.11,1.5,0.9,0.9,40.0,40.0,195.0,11.0,0.21,24.0,6.0,0.21,17.0,1.6,0.77,4.0,6.0,24.0,2,2,2,0.26,0.26,2324
0.0,0.95,0.04,1.0,1.0,1.0,107.0,107.0,369.0,7.0,0.05,22.0,3.0,0.05,9.0,1.2,0.13,4.0,3.0,16.0,1,1,1,0.04,0.04,1819
0.1,2.97,0.12,2.5,1.6,1.6,70.0,70.0,210.0,15.0,0.77,40.0,7.0,0.83,7.0,10.4,0.52,9.0,4.0,29.0,0,0,18,1.34,1.26,1819
0.17,1.66,0.14,1.3,1.4,1.4,50.0,50.0,143.0,9.0,0.5,17.0,2.0,0.5,5.0,5.2,0.19,9.0,1.0,15.0,1,1,5,0.49,0.49,1920
0.23,2.04,0.14,0.5,0.9,0.9,37.0,37.0,79.0,5.0,0.81,12.0,2.0,0.81,1.0,4.8,0.34,1.0,1.0,8.0,1,1,6,1.02,1.02,1920
0.34,1.57,0.16,2.5,2.8,2.8,77.0,77.0,182.0,15.0,0.6,27.0,9.0,0.69,7.0,10.2,0.52,8.0,6.0,20.0,4,4,10,0.58,0.52,2021
0.07,2.59,0.11,2.0,2.0,2.0,105.0,105.0,349.0,20.0,0.21,49.0,4.0,0.21,15.0,4.0,0.21,7.0,3.0,36.0,1,1,2,0.11,0.11,1819
0.0,2.08,0.05,0.8,0.7,0.7,58.0,58.0,262.0,14.0,0.15,31.0,4.0,0.15,14.0,2.2,0.27,2.0,3.0,26.0,1,1,2,0.13,0.13,1920
0.27,2.04,0.13,2.2,2.4,2.4,108.0,108.0,368.0,23.0,0.22,39.0,6.0,0.22,33.0,4.2,0.31,10.0,6.0,33.0,5,5,5,0.26,0.26,1920
0.15,2.12,0.13,1.7,2.0,2.0,99.0,99.0,263.0,18.0,0.17,32.0,6.0,0.17,21.0,2.6,0.4,6.0,5.0,24.0,4,4,4,0.27,0.27,2021
0.13,1.79,0.15,0.4,1.0,1.0,32.0,32.0,120.0,8.0,0.24,12.0,2.0,0.24,10.0,1.6,0.3,1.0,2.0,5.0,1,1,1,0.15,0.15,2122
0.13,3.6,0.22,1.2,2.4,2.4,81.0,81.0,227.0,23.0,0.34,40.0,5.0,0.34,9.0,3.8,0.45,12.0,4.0,31.0,4,4,7,0.63,0.63,2021
0.0,2.26,0.03,1.0,0.7,0.7,22.0,22.0,338.0,10.0,0.12,59.0,1.0,0.12,12.0,3.1,0.04,4.0,0.0,49.0,1,1,2,0.08,0.08,1819
0.04,1.32,0.02,0.6,0.5,0.5,13.0,13.0,206.0,15.0,0.07,33.0,1.0,0.07,2.0,1.7,0.04,4.0,1.0,26.0,0,0,1,0.04,0.04,1920
0.15,1.59,0.02,0.1,0.1,0.1,15.0,15.0,37.0,2.0,0.09,8.0,0.0,0.09,2.0,0.5,0.0,0.0,0.0,8.0,0,0,0,0.0,0.0,1819
0.06,1.66,0.04,0.7,0.9,0.9,29.0,29.0,184.0,6.0,0.09,38.0,4.0,0.09,8.0,2.1,0.17,1.0,3.0,32.0,0,0,2,0.09,0.09,2021
0.23,1.71,0.04,0.5,0.6,0.6,20.0,20.0,199.0,9.0,0.14,29.0,2.0,0.14,7.0,2.3,0.12,2.0,1.0,21.0,1,1,1,0.06,0.06,2122
0.0,1.83,0.16,0.4,0.9,0.9,13.0,13.0,73.0,4.0,0.29,10.0,1.0,0.29,6.0,1.6,0.18,1.0,1.0,10.0,1,1,2,0.37,0.37,2223
0.0,2.24,0.09,0.5,0.8,0.8,18.0,18.0,110.0,4.0,0.14,19.0,2.0,0.14,6.0,1.2,0.24,0.0,2.0,16.0,0,0,1,0.12,0.12,2324
0.13,2.43,0.03,0.7,0.5,0.5,29.0,29.0,195.0,16.0,0.09,43.0,5.0,0.09,10.0,1.6,0.28,3.0,4.0,32.0,0,0,3,0.17,0.17,2021
0.41,2.62,0.06,1.2,1.5,1.5,49.0,49.0,253.0,20.0,0.15,62.0,8.0,0.15,10.0,3.6,0.34,0.0,8.0,49.0,3,3,4,0.17,0.17,2122
0.09,2.26,0.1,2.1,2.2,2.2,90.0,90.0,486.0,20.0,0.25,52.0,7.0,0.25,23.0,5.7,0.3,3.0,6.0,43.0,3,3,6,0.26,0.26,2324
0.51,6.98,0.4,12.9,12.8,12.8,264.0,264.0,1311.0,109.0,0.66,225.0,24.0,0.66,111.0,21.3,0.74,45.0,17.0,136.0,11,11,18,0.56,0.56,1819
0.1,6.3,0.31,9.3,9.9,9.9,203.0,203.0,1138.0,101.0,0.56,199.0,29.0,0.56,95.0,17.6,0.92,51.0,18.0,127.0,16,16,23,0.73,0.73,1920
0.05,5.0,0.2,1.4,1.5,1.5,29.0,29.0,234.0,19.0,0.54,37.0,5.0,0.54,31.0,4.0,0.68,6.0,4.0,22.0,2,2,6,0.81,0.81,2021
0.08,2.97,0.09,2.9,1.9,1.9,92.0,92.0,443.0,23.0,0.19,59.0,9.0,0.2,28.0,3.8,0.45,13.0,4.0,38.0,1,1,6,0.3,0.3,2122
0.0,3.89,0.15,2.0,1.7,1.7,67.0,67.0,264.0,14.0,0.27,46.0,3.0,0.27,25.0,3.1,0.25,6.0,3.0,38.0,1,1,2,0.17,0.17,2223
0.2,4.1,0.27,4.2,5.5,5.5,106.0,106.0,425.0,54.0,0.4,85.0,6.0,0.48,28.0,8.4,0.29,4.0,1.0,46.0,3,3,6,0.29,0.24,1819
0.29,5.11,0.26,4.7,5.3,5.3,198.0,198.0,590.0,59.0,0.34,102.0,8.0,0.34,34.0,6.9,0.4,8.0,4.0,62.0,4,4,6,0.3,0.3,1920
0.18,4.56,0.19,5.1,5.2,5.2,168.0,168.0,704.0,70.0,0.25,126.0,10.0,0.36,46.0,6.9,0.36,5.0,7.0,74.0,8,8,11,0.4,0.29,2021
0.22,4.41,0.24,4.6,5.5,5.5,141.0,141.0,618.0,60.0,0.34,100.0,7.0,0.37,37.0,7.7,0.31,7.0,2.0,56.0,4,4,6,0.26,0.26,2122
0.35,5.35,0.24,9.2,8.1,8.1,180.0,180.0,1050.0,103.0,0.4,185.0,16.0,0.42,73.0,13.8,0.46,8.0,9.0,114.0,10,10,14,0.4,0.38,2324
0.07,2.36,0.1,1.5,1.5,1.5,39.0,39.0,171.0,16.0,0.16,38.0,4.0,0.16,20.0,2.6,0.25,1.0,4.0,31.0,2,2,2,0.12,0.12,1819
0.0,1.06,0.02,0.4,0.3,0.3,13.0,13.0,101.0,4.0,0.03,15.0,1.0,0.03,2.0,0.5,0.07,0.0,0.0,12.0,1,1,1,0.07,0.07,2021
0.27,1.91,0.01,0.7,0.1,0.1,20.0,20.0,100.0,5.0,0.04,19.0,0.0,0.04,7.0,0.4,0.0,1.0,0.0,15.0,0,0,0,0.0,0.0,2122
0.0,3.22,0.27,2.4,3.2,3.2,46.0,46.0,237.0,15.0,0.29,38.0,10.0,0.29,25.0,3.5,0.85,1.0,9.0,31.0,5,5,5,0.42,0.42,2324
0.04,0.92,0.02,0.2,0.4,0.4,10.0,10.0,85.0,11.0,0.08,21.0,1.0,0.08,1.0,1.9,0.04,0.0,0.0,18.0,0,0,1,0.04,0.04,2122
0.21,2.9,0.12,2.0,2.6,2.6,102.0,102.0,398.0,30.0,0.18,63.0,9.0,0.18,21.0,3.9,0.41,15.0,5.0,43.0,3,3,5,0.23,0.23,2223
0.07,1.48,0.04,0.3,0.2,0.2,22.0,22.0,82.0,3.0,0.08,7.0,1.0,0.08,6.0,0.4,0.21,2.0,1.0,6.0,1,1,1,0.21,0.21,2324
0.0,2.12,0.09,1.0,1.3,1.3,62.0,62.0,210.0,14.0,0.11,30.0,2.0,0.11,16.0,1.6,0.14,5.0,2.0,26.0,1,1,1,0.07,0.07,2324
0.04,3.62,0.12,2.5,2.5,2.5,32.0,32.0,351.0,37.0,0.16,74.0,8.0,0.16,23.0,3.2,0.39,4.0,4.0,50.0,4,4,4,0.2,0.2,1819
0.0,1.48,0.02,0.3,0.3,0.3,5.0,5.0,114.0,6.0,0.2,21.0,0.0,0.2,4.0,2.9,0.0,1.0,0.0,19.0,0,0,1,0.07,0.07,2223
0.04,1.57,0.03,0.7,0.5,0.5,22.0,22.0,133.0,11.0,0.11,29.0,2.0,0.11,6.0,2.0,0.11,2.0,1.0,17.0,0,0,1,0.05,0.05,2324
0.0,1.49,0.1,0.7,1.2,1.2,67.0,67.0,196.0,8.0,0.2,18.0,0.0,0.2,14.0,2.4,0.0,5.0,0.0,16.0,0,0,0,0.0,0.0,1819
0.0,0.71,0.04,0.2,0.7,0.7,6.0,6.0,30.0,6.0,0.09,13.0,2.0,0.09,1.0,1.6,0.11,1.0,1.0,12.0,1,1,2,0.11,0.11,2122
0.0,0.38,0.0,0.2,0.0,0.0,3.0,3.0,8.0,2.0,0.01,6.0,0.0,0.01,2.0,0.2,0.0,0.0,0.0,6.0,0,0,0,0.0,0.0,2223
0.12,2.09,0.17,0.4,1.1,1.1,24.0,24.0,76.0,5.0,0.65,13.0,3.0,0.65,6.0,4.0,0.48,3.0,2.0,9.0,2,2,4,0.64,0.64,2122
0.0,1.32,0.05,0.5,0.8,0.8,32.0,32.0,146.0,7.0,0.07,21.0,2.0,0.07,9.0,1.1,0.13,3.0,2.0,17.0,1,1,2,0.13,0.13,1920
0.08,2.98,0.15,2.1,2.6,2.6,94.0,94.0,350.0,30.0,0.23,53.0,3.0,0.23,28.0,4.1,0.17,9.0,2.0,43.0,1,1,1,0.06,0.06,2324
0.0,1.85,0.1,0.9,1.6,1.6,142.0,142.0,268.0,21.0,0.28,30.0,2.0,0.28,4.0,4.5,0.12,11.0,2.0,28.0,2,2,5,0.31,0.31,1819
0.0,2.04,0.16,0.9,1.5,1.5,69.0,69.0,132.0,6.0,0.58,19.0,2.0,0.58,6.0,5.4,0.21,7.0,1.0,14.0,1,1,5,0.54,0.54,1920
0.18,1.41,0.06,1.1,0.9,0.9,139.0,139.0,250.0,9.0,0.3,22.0,2.0,0.3,9.0,4.6,0.13,9.0,1.0,16.0,0,0,3,0.19,0.19,2122
0.0,2.3,0.09,0.7,1.6,1.6,86.0,86.0,265.0,18.0,0.21,40.0,1.0,0.21,13.0,3.6,0.06,4.0,0.0,26.0,0,0,2,0.12,0.12,2324
0.37,3.5,0.25,2.3,3.0,3.0,110.0,110.0,287.0,25.0,0.37,42.0,4.0,0.37,20.0,4.4,0.33,10.0,3.0,32.0,2,2,5,0.42,0.42,1819
0.31,3.34,0.3,3.3,4.9,4.9,148.0,148.0,353.0,27.0,0.73,54.0,12.0,0.73,17.0,11.7,0.74,12.0,10.0,40.0,6,6,12,0.74,0.74,1920
0.48,4.62,0.26,2.1,2.5,2.5,80.0,80.0,204.0,22.0,0.5,45.0,3.0,0.5,7.0,4.9,0.31,12.0,3.0,30.0,3,3,3,0.31,0.31,2021
0.0,4.29,0.15,2.1,1.3,1.3,88.0,88.0,218.0,18.0,0.28,36.0,6.0,0.28,11.0,2.3,0.71,9.0,5.0,23.0,4,4,4,0.48,0.48,2122
0.0,2.37,0.04,0.7,0.8,0.8,65.0,65.0,251.0,13.0,0.11,49.0,3.0,0.11,13.0,2.2,0.15,3.0,2.0,40.0,1,1,3,0.15,0.15,2324
0.0,3.74,0.05,0.9,0.3,0.3,52.0,52.0,138.0,8.0,0.17,25.0,3.0,0.17,8.0,1.2,0.45,17.0,2.0,16.0,0,0,0,0.0,0.0,1819
0.0,3.94,0.27,5.6,5.0,5.0,133.0,133.0,425.0,37.0,0.51,72.0,12.0,0.51,30.0,9.3,0.66,13.0,7.0,45.0,8,8,12,0.66,0.66,2223
0.2,2.44,0.02,0.3,0.1,0.1,44.0,44.0,117.0,4.0,0.24,16.0,1.0,0.24,3.0,1.5,0.15,3.0,0.0,7.0,0,0,2,0.31,0.31,2324
0.14,2.33,0.1,0.9,1.5,1.5,90.0,90.0,224.0,18.0,0.47,34.0,5.0,0.47,3.0,6.9,0.34,10.0,1.0,23.0,0,0,3,0.21,0.21,1819
0.13,2.07,0.12,1.3,2.5,2.5,132.0,132.0,307.0,27.0,0.56,43.0,6.0,0.56,2.0,11.7,0.29,10.0,4.0,31.0,1,1,10,0.48,0.48,2021
0.1,2.17,0.11,1.5,2.5,2.5,138.0,138.0,298.0,16.0,0.83,50.0,14.0,0.89,6.0,19.0,0.61,18.0,10.0,34.0,3,3,27,1.17,1.13,2122
0.0,2.68,0.05,0.4,0.6,0.6,68.0,68.0,172.0,10.0,0.49,28.0,2.0,0.49,7.0,5.1,0.19,3.0,2.0,21.0,1,1,4,0.38,0.38,2223
0.0,2.54,0.08,1.6,1.0,1.0,88.0,88.0,208.0,8.0,0.53,30.0,3.0,0.59,5.0,6.2,0.25,5.0,0.0,19.0,0,0,7,0.59,0.51,2324
0.0,2.12,0.21,1.7,2.8,2.8,82.0,82.0,230.0,17.0,0.48,28.0,7.0,0.48,8.0,6.3,0.53,11.0,4.0,19.0,4,4,8,0.61,0.61,2223
0.06,0.45,0.07,1.4,2.3,2.3,3.0,3.0,46.0,11.0,0.12,15.0,2.0,0.12,3.0,4.0,0.06,2.0,2.0,14.0,1,1,3,0.09,0.09,1920
0.0,0.4,0.0,0.1,0.0,0.0,1.0,1.0,16.0,0.0,0.03,2.0,0.0,0.03,1.0,0.2,0.0,0.0,0.0,0.0,0,0,0,0.0,0.0,2223
0.0,0.32,0.0,0.0,0.0,0.0,1.0,1.0,16.0,0.0,0.09,2.0,0.0,0.09,0.0,0.6,0.0,0.0,0.0,1.0,0,0,0,0.0,0.0,1718
0.0,0.59,0.02,0.4,0.6,0.6,6.0,6.0,33.0,8.0,0.07,17.0,2.0,0.07,4.0,2.0,0.07,1.0,2.0,14.0,2,2,4,0.14,0.14,2021
0.0,1.18,0.03,0.9,0.7,0.7,16.0,16.0,164.0,4.0,0.04,26.0,1.0,0.04,14.0,1.0,0.05,1.0,1.0,21.0,0,0,0,0.0,0.0,1819
0.0,0.51,0.02,0.2,0.2,0.2,16.0,16.0,70.0,4.0,0.02,7.0,1.0,0.02,4.0,0.3,0.07,1.0,1.0,7.0,0,0,0,0.0,0.0,1920
0.0,0.57,0.01,0.3,0.2,0.2,5.0,5.0,59.0,4.0,0.04,8.0,1.0,0.04,5.0,0.5,0.07,0.0,1.0,6.0,0,0,1,0.07,0.07,2021
0.0,0.83,0.0,0.8,0.0,0.0,8.0,8.0,40.0,1.0,0.01,11.0,0.0,0.01,4.0,0.2,0.0,0.0,0.0,8.0,0,0,1,0.08,0.08,2223
0.07,2.72,0.09,1.0,1.7,1.7,72.0,72.0,301.0,23.0,0.16,54.0,7.0,0.16,11.0,3.1,0.35,5.0,4.0,40.0,0,0,2,0.1,0.1,1819
0.0,2.5,0.14,1.2,1.9,1.9,68.0,68.0,186.0,16.0,0.2,34.0,2.0,0.2,13.0,2.7,0.15,1.0,2.0,29.0,1,1,3,0.22,0.22,1920
0.11,1.28,0.02,0.5,0.3,0.3,10.0,10.0,111.0,7.0,0.06,24.0,3.0,0.06,5.0,1.1,0.16,2.0,3.0,21.0,0,0,0,0.0,0.0,2021
0.15,2.37,0.14,0.5,0.3,0.3,14.0,14.0,62.0,4.0,0.33,6.0,1.0,0.33,1.0,0.8,0.39,2.0,1.0,4.0,1,1,1,0.39,0.39,2122
0.22,5.0,0.14,5.0,4.7,4.7,205.0,205.0,765.0,54.0,0.35,167.0,20.0,0.59,59.0,11.8,0.6,21.0,16.0,131.0,9,9,22,0.66,0.45,1819
0.14,4.56,0.19,2.7,2.5,2.5,30.0,30.0,262.0,30.0,0.31,61.0,7.0,0.37,22.0,4.1,0.52,5.0,5.0,51.0,3,3,4,0.3,0.3,1920
0.6,3.41,0.11,1.8,2.4,2.4,101.0,101.0,453.0,26.0,0.25,72.0,7.0,0.25,26.0,5.2,0.33,6.0,2.0,57.0,3,3,6,0.28,0.28,2021
0.0,3.8,0.23,2.8,3.5,3.5,62.0,62.0,318.0,24.0,0.41,57.0,11.0,0.41,24.0,6.1,0.73,7.0,10.0,45.0,9,9,10,0.67,0.67,2122
0.0,6.43,0.2,0.1,0.2,0.2,15.0,15.0,35.0,2.0,0.46,8.0,1.0,0.46,2.0,0.6,0.8,4.0,0.0,3.0,0,0,0,0.0,0.0,2223
0.0,3.85,0.32,1.2,1.1,1.1,32.0,32.0,95.0,7.0,0.89,13.0,4.0,0.89,9.0,3.0,1.18,6.0,2.0,8.0,2,2,5,1.48,1.48,1920
0.0,3.77,0.15,2.1,2.1,2.1,121.0,121.0,308.0,21.0,0.46,51.0,8.0,0.46,14.0,6.2,0.59,18.0,5.0,33.0,1,1,5,0.37,0.37,2122
0.25,4.84,0.16,3.5,3.8,3.8,154.0,154.0,674.0,50.0,0.34,115.0,15.0,0.37,31.0,8.0,0.63,16.0,10.0,70.0,4,4,9,0.38,0.34,1819
0.24,6.77,0.28,5.7,6.7,6.7,204.0,204.0,996.0,68.0,0.64,162.0,24.0,0.67,49.0,15.3,1.0,46.0,11.0,104.0,6,6,17,0.71,0.67,1920
0.22,5.56,0.22,2.6,2.8,2.8,97.0,97.0,467.0,30.0,0.58,70.0,3.0,0.58,26.0,7.4,0.24,14.0,2.0,42.0,3,3,7,0.56,0.56,2021
0.31,4.93,0.2,3.9,4.5,4.5,155.0,155.0,628.0,38.0,0.46,113.0,13.0,0.53,27.0,10.5,0.57,24.0,10.0,73.0,5,5,15,0.66,0.61,2122
0.41,5.38,0.35,4.5,6.8,6.8,109.0,109.0,478.0,53.0,0.63,104.0,8.0,0.83,21.0,12.2,0.41,20.0,4.0,48.0,6,6,18,0.93,0.67,2223
0.19,4.36,0.2,4.0,4.3,4.3,167.0,167.0,612.0,50.0,0.43,95.0,19.0,0.68,37.0,9.4,0.87,31.0,12.0,56.0,9,9,22,1.01,0.69,2324
0.0,0.2,0.0,0.2,0.1,0.1,0.0,0.0,32.0,1.0,0.03,5.0,0.0,0.03,1.0,0.7,0.0,0.0,0.0,4.0,0,0,0,0.0,0.0,1819
0.03,0.47,0.01,0.2,0.3,0.3,0.0,0.0,32.0,2.0,0.05,11.0,0.0,0.05,4.0,1.3,0.0,0.0,0.0,8.0,0,0,1,0.04,0.04,1920
0.25,1.92,0.09,2.4,1.8,1.8,83.0,83.0,328.0,14.0,0.12,37.0,4.0,0.12,22.0,2.4,0.21,5.0,3.0,32.0,2,2,2,0.1,0.1,2021
0.25,2.62,0.22,5.8,6.1,6.1,224.0,224.0,554.0,43.0,0.36,73.0,8.0,0.36,45.0,9.9,0.29,1.0,7.0,62.0,4,4,7,0.25,0.25,1819
0.23,2.4,0.19,5.2,5.1,5.1,176.0,176.0,484.0,37.0,0.29,66.0,7.0,0.29,40.0,7.9,0.25,5.0,6.0,59.0,7,7,9,0.33,0.33,1920
0.15,2.1,0.16,3.2,2.8,2.8,149.0,149.0,368.0,22.0,0.23,37.0,5.0,0.23,27.0,4.0,0.28,2.0,4.0,34.0,4,4,4,0.23,0.23,2021
0.05,2.33,0.22,3.6,2.9,2.9,104.0,104.0,284.0,21.0,0.4,31.0,3.0,0.4,17.0,5.3,0.23,1.0,3.0,29.0,2,2,3,0.23,0.23,2122
0.15,2.05,0.09,3.9,1.7,1.7,114.0,114.0,371.0,18.0,0.17,38.0,3.0,0.17,29.0,3.1,0.16,4.0,3.0,33.0,1,1,2,0.11,0.11,2223
0.0,2.28,0.18,5.4,4.7,4.7,153.0,153.0,533.0,36.0,0.27,61.0,5.0,0.27,31.0,7.2,0.19,9.0,5.0,55.0,4,4,7,0.26,0.26,2324
0.0,0.73,0.05,0.8,1.0,1.0,23.0,23.0,103.0,5.0,0.14,15.0,0.0,0.14,4.0,2.9,0.0,0.0,0.0,8.0,0,0,0,0.0,0.0,2021
0.0,0.88,0.04,0.3,0.8,0.8,17.0,17.0,96.0,5.0,0.11,16.0,1.0,0.11,2.0,1.9,0.06,1.0,0.0,13.0,1,1,2,0.11,0.11,2223
0.0,0.46,0.0,0.1,0.0,0.0,5.0,5.0,42.0,2.0,0.02,11.0,1.0,0.02,2.0,0.6,0.04,0.0,0.0,8.0,0,0,0,0.0,0.0,2324
0.0,1.67,0.11,1.3,1.6,1.6,39.0,39.0,200.0,13.0,0.12,25.0,1.0,0.12,21.0,1.8,0.07,4.0,1.0,19.0,0,0,0,0.0,0.0,1819
0.05,4.67,0.12,1.8,1.2,1.2,42.0,42.0,269.0,15.0,0.25,46.0,6.0,0.25,19.0,2.5,0.61,5.0,4.0,33.0,1,1,4,0.41,0.41,2122
0.12,3.96,0.23,5.3,5.0,5.0,99.0,99.0,557.0,42.0,0.45,87.0,11.0,0.45,30.0,9.9,0.5,14.0,11.0,74.0,1,1,7,0.32,0.32,2223
0.16,4.21,0.25,4.1,4.2,4.2,81.0,81.0,427.0,37.0,0.44,69.0,6.0,0.44,37.0,7.3,0.37,7.0,6.0,63.0,2,2,6,0.37,0.37,2324
0.14,4.1,0.18,3.5,3.5,3.5,202.0,202.0,675.0,28.0,0.45,81.0,8.0,0.45,31.0,8.8,0.4,18.0,6.0,68.0,2,2,10,0.51,0.51,1819
0.0,4.77,0.13,1.1,0.9,0.9,52.0,52.0,182.0,17.0,0.4,35.0,4.0,0.4,17.0,2.9,0.54,9.0,2.0,23.0,1,1,2,0.27,0.27,1920
0.18,4.25,0.19,2.2,3.1,3.1,122.0,122.0,331.0,29.0,0.44,71.0,9.0,0.44,22.0,7.3,0.54,7.0,4.0,50.0,2,2,7,0.4,0.4,2021
0.14,2.83,0.14,2.8,3.3,3.3,147.0,147.0,457.0,29.0,0.35,64.0,9.0,0.35,31.0,8.0,0.4,16.0,8.0,54.0,4,4,13,0.58,0.58,2122
0.11,2.52,0.13,2.0,2.6,2.6,144.0,144.0,450.0,23.0,0.29,53.0,7.0,0.29,23.0,6.1,0.33,20.0,5.0,36.0,3,3,7,0.33,0.33,2223
0.08,2.97,0.23,1.5,2.1,2.1,81.0,81.0,203.0,17.0,0.39,27.0,1.0,0.39,13.0,3.6,0.11,4.0,1.0,21.0,1,1,2,0.22,0.22,2324
0.0,0.67,0.03,0.4,0.6,0.6,3.0,3.0,35.0,5.0,0.08,14.0,1.0,0.08,5.0,1.6,0.05,1.0,1.0,10.0,1,1,2,0.1,0.1,1819
0.0,0.61,0.0,0.4,0.1,0.1,6.0,6.0,62.0,2.0,0.07,12.0,0.0,0.07,5.0,1.3,0.0,0.0,0.0,10.0,0,0,3,0.15,0.15,1920
0.03,2.22,0.07,0.8,1.7,1.7,22.0,22.0,206.0,24.0,0.11,50.0,3.0,0.11,12.0,2.5,0.13,1.0,3.0,46.0,1,1,1,0.04,0.04,2223
0.08,2.39,0.04,2.8,1.1,1.1,55.0,55.0,310.0,19.0,0.09,69.0,4.0,0.09,22.0,2.6,0.14,4.0,4.0,61.0,1,1,2,0.07,0.07,2324
0.09,1.69,0.05,0.6,0.3,0.3,45.0,45.0,143.0,5.0,0.26,8.0,0.0,0.26,5.0,1.2,0.0,2.0,0.0,4.0,0,0,1,0.21,0.21,1819
0.19,3.38,0.17,4.6,3.7,3.7,179.0,179.0,546.0,41.0,0.31,71.0,6.0,0.31,21.0,6.5,0.29,9.0,4.0,32.0,2,2,3,0.14,0.14,1920
0.08,2.52,0.1,0.6,0.5,0.5,19.0,19.0,76.0,5.0,0.11,13.0,2.0,0.11,7.0,0.6,0.39,2.0,2.0,11.0,1,1,1,0.19,0.19,1819
0.0,0.44,0.03,0.4,0.6,0.6,1.0,1.0,25.0,3.0,0.1,8.0,0.0,0.1,2.0,1.9,0.0,0.0,0.0,6.0,0,0,2,0.11,0.11,2021
0.19,4.34,0.19,5.1,5.4,5.4,255.0,255.0,787.0,61.0,0.37,123.0,10.0,0.37,37.0,10.6,0.35,48.0,4.0,66.0,6,6,11,0.39,0.39,2021
0.0,4.82,0.2,0.9,1.0,1.0,49.0,49.0,174.0,13.0,0.49,25.0,1.0,0.49,4.0,2.5,0.19,10.0,1.0,11.0,1,1,2,0.39,0.39,2122
0.53,3.82,0.2,1.6,2.1,2.1,111.0,111.0,298.0,20.0,0.3,41.0,6.0,0.3,9.0,3.2,0.56,18.0,4.0,23.0,0,0,0,0.0,0.0,2223
0.24,4.45,0.26,3.7,4.4,4.4,149.0,149.0,505.0,38.0,0.47,75.0,14.0,0.47,29.0,7.9,0.83,42.0,8.0,41.0,9,9,11,0.65,0.65,2324
0.05,1.44,0.08,0.7,1.0,1.0,22.0,22.0,128.0,6.0,0.13,18.0,3.0,0.13,7.0,1.6,0.24,3.0,2.0,17.0,1,1,1,0.08,0.08,1819
0.06,1.88,0.04,0.8,0.7,0.7,25.0,25.0,218.0,16.0,0.13,35.0,2.0,0.13,10.0,2.4,0.11,2.0,1.0,28.0,1,1,2,0.11,0.11,1920
0.1,1.65,0.06,1.0,1.0,1.0,16.0,16.0,182.0,12.0,0.1,27.0,2.0,0.1,7.0,1.7,0.12,1.0,2.0,26.0,1,1,1,0.06,0.06,2021
0.21,1.27,0.12,3.3,3.4,3.4,142.0,142.0,408.0,21.0,0.15,36.0,6.0,0.15,23.0,4.1,0.21,6.0,6.0,31.0,4,4,4,0.14,0.14,2021
0.0,1.99,0.12,3.3,2.9,2.9,145.0,145.0,472.0,25.0,0.18,49.0,7.0,0.18,34.0,4.5,0.28,7.0,5.0,37.0,4,4,4,0.16,0.16,1819
0.03,2.7,0.05,1.2,0.7,0.7,84.0,84.0,292.0,13.0,0.13,35.0,1.0,0.13,27.0,1.7,0.08,4.0,1.0,27.0,1,1,2,0.15,0.15,2324
0.0,1.84,0.12,1.3,1.5,1.5,28.0,28.0,164.0,9.0,0.16,23.0,3.0,0.16,18.0,2.0,0.24,4.0,3.0,22.0,2,2,2,0.16,0.16,2223
0.0,1.81,0.03,0.8,0.3,0.3,14.0,14.0,101.0,8.0,0.07,20.0,3.0,0.07,3.0,0.8,0.27,2.0,3.0,20.0,1,1,1,0.09,0.09,1819
0.16,1.82,0.1,1.1,2.1,2.1,79.0,79.0,211.0,14.0,0.32,40.0,7.0,0.32,7.0,7.1,0.32,1.0,5.0,21.0,3,3,7,0.32,0.32,2021
0.05,1.64,0.09,1.0,1.7,1.7,75.0,75.0,246.0,12.0,0.36,30.0,5.0,0.36,13.0,6.6,0.27,7.0,3.0,20.0,3,3,11,0.6,0.6,2122
0.0,2.07,0.06,1.5,1.2,1.2,83.0,83.0,245.0,14.0,0.2,43.0,3.0,0.32,10.0,4.2,0.14,5.0,2.0,27.0,1,1,7,0.34,0.2,2223
0.08,1.61,0.06,1.2,2.0,2.0,57.0,57.0,283.0,17.0,0.12,50.0,4.0,0.12,11.0,3.6,0.13,8.0,4.0,38.0,2,2,3,0.1,0.1,1819
0.0,0.91,0.09,0.5,1.1,1.1,17.0,17.0,90.0,6.0,0.11,11.0,2.0,0.11,4.0,1.3,0.17,2.0,1.0,10.0,1,1,2,0.17,0.17,1920
0.0,1.82,0.08,0.6,1.1,1.1,33.0,33.0,142.0,8.0,0.15,24.0,1.0,0.15,6.0,1.9,0.08,7.0,1.0,19.0,0,0,2,0.15,0.15,2021
0.0,2.54,0.11,3.3,3.6,3.6,184.0,184.0,646.0,44.0,0.16,84.0,8.0,0.16,58.0,5.2,0.24,10.0,6.0,66.0,5,5,6,0.18,0.18,1920
0.06,2.47,0.11,1.4,1.5,1.5,120.0,120.0,289.0,17.0,0.15,32.0,2.0,0.15,24.0,2.0,0.15,8.0,1.0,27.0,0,0,0,0.0,0.0,2021
0.17,1.66,0.14,2.1,2.5,2.5,148.0,148.0,417.0,13.0,0.19,29.0,5.0,0.19,29.0,3.3,0.29,7.0,5.0,24.0,1,1,1,0.06,0.06,2122
0.04,3.04,0.25,2.3,3.5,3.5,88.0,88.0,316.0,26.0,0.32,42.0,2.0,0.32,25.0,4.4,0.14,13.0,2.0,37.0,3,3,5,0.36,0.36,2324
0.0,2.88,0.06,1.2,1.0,1.0,51.0,51.0,293.0,19.0,0.08,49.0,3.0,0.08,19.0,1.3,0.18,5.0,3.0,34.0,1,1,1,0.06,0.06,2223
0.0,1.94,0.14,0.5,1.0,1.0,48.0,48.0,141.0,7.0,0.38,14.0,1.0,0.38,6.0,2.7,0.14,9.0,0.0,8.0,0,0,0,0.0,0.0,2324
0.0,1.44,0.04,1.3,0.8,0.8,74.0,74.0,268.0,9.0,0.14,27.0,1.0,0.14,13.0,2.6,0.05,4.0,1.0,21.0,1,1,4,0.21,0.21,2021
0.0,1.13,0.03,1.0,0.8,0.8,69.0,69.0,288.0,13.0,0.06,28.0,0.0,0.06,14.0,1.6,0.0,3.0,0.0,24.0,0,0,0,0.0,0.0,2122
0.2,4.29,0.23,1.1,0.9,0.9,35.0,35.0,132.0,8.0,0.8,16.0,1.0,0.8,7.0,3.0,0.27,9.0,1.0,11.0,0,0,1,0.27,0.27,1819
0.28,5.69,0.12,1.5,1.2,1.2,102.0,102.0,346.0,18.0,0.45,57.0,11.0,0.45,11.0,4.5,1.1,13.0,11.0,46.0,2,2,7,0.7,0.7,1920
0.21,3.68,0.2,2.6,3.6,3.6,213.0,213.0,615.0,30.0,0.48,66.0,12.0,0.48,21.0,8.6,0.67,42.0,8.0,45.0,5,5,14,0.78,0.78,2021
0.29,3.76,0.27,5.3,6.3,6.3,248.0,248.0,820.0,40.0,0.66,89.0,13.0,0.66,37.0,15.7,0.55,39.0,8.0,63.0,5,5,14,0.59,0.59,2122
0.25,4.83,0.23,4.8,4.7,4.7,275.0,275.0,790.0,43.0,0.52,99.0,14.0,0.52,37.0,10.6,0.68,25.0,10.0,76.0,6,6,17,0.83,0.83,2223
0.1,4.54,0.26,6.9,8.4,8.4,269.0,269.0,1211.0,73.0,0.59,144.0,21.0,0.59,57.0,18.7,0.66,56.0,16.0,111.0,8,8,27,0.85,0.85,2324
0.0,0.29,0.04,0.4,0.5,0.5,2.0,2.0,27.0,3.0,0.07,4.0,0.0,0.07,2.0,1.0,0.0,1.0,0.0,3.0,1,1,1,0.07,0.07,1819
0.04,2.8,0.07,1.1,1.7,1.7,59.0,59.0,505.0,22.0,0.14,68.0,3.0,0.14,16.0,3.4,0.12,5.0,2.0,39.0,0,0,2,0.08,0.08,1819
0.03,1.78,0.06,1.9,1.7,1.7,59.0,59.0,395.0,15.0,0.13,50.0,3.0,0.13,18.0,3.6,0.11,4.0,3.0,38.0,1,1,2,0.07,0.07,1920
0.13,1.76,0.1,2.6,3.2,3.2,101.0,101.0,428.0,26.0,0.26,54.0,6.0,0.26,9.0,8.0,0.2,6.0,4.0,41.0,1,1,8,0.26,0.26,2223
0.0,2.96,0.21,2.1,3.2,3.2,63.0,63.0,286.0,23.0,0.36,46.0,5.0,0.36,15.0,5.7,0.32,6.0,5.0,40.0,2,2,4,0.26,0.26,2324
0.0,7.83,0.54,1.0,1.1,1.1,13.0,13.0,57.0,9.0,0.82,16.0,0.0,0.82,7.0,1.7,0.0,1.0,0.0,13.0,0,0,0,0.0,0.0,2425
0.0,1.08,0.01,0.4,0.1,0.1,6.0,6.0,57.0,4.0,0.03,13.0,0.0,0.03,4.0,0.3,0.0,0.0,0.0,13.0,0,0,0,0.0,0.0,1819
0.48,2.7,0.12,1.8,1.3,1.3,59.0,59.0,229.0,9.0,0.38,29.0,2.0,0.38,14.0,4.0,0.19,10.0,2.0,22.0,1,1,3,0.28,0.28,2122
0.0,3.03,0.23,2.9,3.4,3.4,47.0,47.0,271.0,27.0,0.33,44.0,8.0,0.33,16.0,4.8,0.55,3.0,3.0,25.0,7,7,10,0.69,0.69,2223
0.12,2.92,0.1,1.3,1.7,1.7,86.0,86.0,257.0,19.0,0.37,51.0,4.0,0.37,11.0,6.5,0.23,2.0,2.0,32.0,2,2,6,0.34,0.34,2324
0.0,0.4,0.02,0.2,0.5,0.5,4.0,4.0,29.0,2.0,0.06,8.0,2.0,0.06,3.0,1.3,0.1,1.0,2.0,5.0,1,1,1,0.05,0.05,1920
0.0,0.72,0.01,0.5,0.3,0.3,4.0,4.0,63.0,3.0,0.06,20.0,2.0,0.06,4.0,1.7,0.07,2.0,2.0,16.0,0,0,1,0.04,0.04,2223
0.0,1.0,0.08,0.6,1.1,1.1,3.0,3.0,39.0,3.0,0.16,14.0,1.0,0.16,5.0,2.2,0.07,0.0,1.0,13.0,0,0,1,0.07,0.07,2324
0.13,4.02,0.21,2.4,1.6,1.6,52.0,52.0,206.0,16.0,0.3,31.0,1.0,0.3,18.0,2.3,0.13,0.0,1.0,17.0,1,1,1,0.13,0.13,2223
0.09,4.37,0.29,5.0,4.2,4.2,136.0,136.0,550.0,29.0,0.54,63.0,8.0,0.54,29.0,7.8,0.56,24.0,7.0,44.0,5,5,13,0.9,0.9,1718
0.38,4.06,0.17,4.2,3.7,3.7,229.0,229.0,887.0,32.0,0.5,91.0,7.0,0.5,40.0,11.1,0.31,36.0,6.0,68.0,2,2,7,0.31,0.31,1819
0.28,5.17,0.25,3.4,4.0,4.0,128.0,128.0,499.0,30.0,0.75,81.0,12.0,0.8,36.0,11.8,0.77,16.0,11.0,67.0,6,6,14,0.89,0.83,1920
0.2,3.72,0.1,1.1,0.7,0.7,61.0,61.0,310.0,6.0,0.65,27.0,6.0,0.65,16.0,4.7,0.83,15.0,6.0,21.0,2,2,4,0.55,0.55,2021
0.0,4.19,0.2,1.7,2.9,2.9,62.0,62.0,330.0,25.0,0.45,62.0,8.0,0.45,16.0,6.7,0.54,9.0,6.0,47.0,3,3,8,0.54,0.54,2122
0.0,2.87,0.04,1.4,0.3,0.3,49.0,49.0,222.0,1.0,0.46,16.0,3.0,0.6,9.0,2.5,0.54,8.0,2.0,11.0,0,0,2,0.36,0.18,2122
0.0,2.74,0.05,0.8,0.5,0.5,68.0,68.0,213.0,8.0,0.21,24.0,0.0,0.21,8.0,1.8,0.0,5.0,0.0,19.0,0,0,1,0.11,0.11,2223
0.09,1.83,0.09,2.2,1.6,1.6,72.0,72.0,258.0,16.0,0.11,34.0,4.0,0.11,21.0,2.1,0.22,4.0,3.0,18.0,2,2,3,0.16,0.16,2021
0.12,0.77,0.04,1.1,1.0,1.0,42.0,42.0,195.0,10.0,0.09,21.0,3.0,0.09,6.0,2.4,0.11,8.0,3.0,17.0,1,1,2,0.07,0.07,2223
0.07,1.39,0.03,0.9,0.5,0.5,50.0,50.0,237.0,6.0,0.15,23.0,5.0,0.15,9.0,2.5,0.3,1.0,4.0,20.0,2,2,3,0.18,0.18,2324
0.11,2.71,0.06,1.7,1.8,1.8,55.0,55.0,426.0,30.0,0.16,83.0,8.0,0.16,27.0,5.0,0.26,6.0,5.0,65.0,1,1,1,0.03,0.03,1920
0.14,2.68,0.08,1.5,1.2,1.2,29.0,29.0,309.0,9.0,0.13,39.0,2.0,0.13,12.0,1.9,0.14,2.0,2.0,36.0,0,0,0,0.0,0.0,2324
0.0,1.25,0.03,0.7,0.6,0.6,35.0,35.0,169.0,7.0,0.05,27.0,4.0,0.05,10.0,1.0,0.19,0.0,3.0,24.0,2,2,3,0.14,0.14,2122
0.0,1.17,0.04,1.2,1.2,1.2,43.0,43.0,172.0,10.0,0.1,33.0,3.0,0.1,10.0,2.8,0.11,0.0,2.0,28.0,0,0,1,0.04,0.04,2223
0.0,2.07,0.06,1.0,1.2,1.2,35.0,35.0,203.0,11.0,0.21,43.0,4.0,0.21,15.0,4.4,0.19,4.0,1.0,32.0,0,0,4,0.19,0.19,1920
0.04,3.12,0.17,4.9,5.4,5.4,193.0,193.0,619.0,57.0,0.28,100.0,11.0,0.3,24.0,8.9,0.34,18.0,6.0,69.0,6,6,11,0.34,0.31,1718
0.24,2.78,0.09,1.8,2.3,2.3,81.0,81.0,356.0,30.0,0.21,74.0,3.0,0.21,11.0,5.6,0.11,10.0,2.0,50.0,1,1,3,0.11,0.11,1819
0.09,2.72,0.16,3.5,3.9,3.9,153.0,153.0,430.0,33.0,0.32,68.0,9.0,0.32,27.0,8.1,0.36,9.0,7.0,49.0,6,6,11,0.44,0.44,1920
0.0,2.4,0.03,1.2,0.8,0.8,56.0,56.0,309.0,12.0,0.21,55.0,5.0,0.24,16.0,4.7,0.22,2.0,4.0,40.0,2,2,6,0.26,0.22,2021
0.09,1.98,0.14,3.5,4.2,4.2,228.0,228.0,560.0,33.0,0.75,60.0,11.0,0.88,33.0,22.7,0.36,30.0,6.0,42.0,5,5,27,0.89,0.76,1819
0.12,1.98,0.09,4.1,3.3,3.3,288.0,288.0,667.0,26.0,0.47,69.0,12.0,0.52,47.0,16.5,0.34,38.0,8.0,48.0,3,3,25,0.72,0.66,1920
0.09,1.85,0.09,3.0,2.4,2.4,195.0,195.0,437.0,22.0,0.42,48.0,7.0,0.48,22.0,11.0,0.27,28.0,6.0,40.0,3,3,13,0.5,0.42,2021
0.08,1.91,0.09,0.9,1.0,1.0,47.0,47.0,171.0,9.0,0.45,22.0,3.0,0.6,8.0,5.2,0.26,10.0,2.0,14.0,1,1,5,0.43,0.43,2122
0.0,1.25,0.09,0.6,1.1,1.1,79.0,79.0,169.0,8.0,0.74,15.0,3.0,0.74,9.0,8.9,0.25,9.0,3.0,13.0,1,1,12,1.0,1.0,2122
0.0,1.3,0.07,0.2,0.4,0.4,29.0,29.0,79.0,4.0,0.3,8.0,0.0,0.3,2.0,1.9,0.0,4.0,0.0,6.0,0,0,1,0.16,0.16,2223
0.0,1.55,0.03,0.2,0.2,0.2,15.0,15.0,71.0,3.0,0.32,9.0,0.0,0.32,2.0,1.9,0.0,2.0,0.0,5.0,0,0,0,0.0,0.0,2122
0.1,2.88,0.16,2.9,3.3,3.3,74.0,74.0,312.0,25.0,0.3,59.0,6.0,0.3,15.0,6.1,0.29,4.0,2.0,37.0,3,3,6,0.29,0.29,1819
0.13,2.32,0.13,2.1,2.6,2.6,102.0,102.0,305.0,26.0,0.27,45.0,4.0,0.27,11.0,5.2,0.21,8.0,4.0,37.0,2,2,3,0.15,0.15,1920
0.08,2.59,0.09,1.7,2.1,2.1,90.0,90.0,352.0,23.0,0.23,59.0,5.0,0.23,14.0,5.2,0.22,3.0,2.0,44.0,3,3,6,0.26,0.26,2021
0.19,2.41,0.14,0.6,1.9,1.9,42.0,42.0,181.0,14.0,0.25,32.0,5.0,0.25,3.0,3.4,0.38,7.0,0.0,17.0,1,1,1,0.08,0.08,2122
0.0,2.08,0.07,1.2,1.2,1.2,40.0,40.0,227.0,13.0,0.17,33.0,5.0,0.17,7.0,2.7,0.32,4.0,3.0,22.0,3,3,3,0.19,0.19,2223
0.0,0.83,0.02,0.0,0.0,0.0,17.0,17.0,39.0,1.0,0.18,2.0,0.0,0.18,0.0,0.4,0.0,1.0,0.0,2.0,0,0,1,0.42,0.42,2122
0.12,1.54,0.1,0.5,0.5,0.5,50.0,50.0,92.0,5.0,0.39,8.0,2.0,0.39,3.0,2.0,0.38,3.0,1.0,7.0,0,0,2,0.39,0.39,2223
0.0,1.43,0.04,0.1,0.3,0.3,52.0,52.0,123.0,4.0,0.16,12.0,1.0,0.16,0.0,1.4,0.12,2.0,1.0,5.0,1,1,2,0.24,0.24,2324
0.0,3.31,0.11,1.2,1.1,1.1,56.0,56.0,213.0,13.0,0.21,31.0,3.0,0.21,8.0,2.0,0.32,3.0,2.0,23.0,1,1,3,0.32,0.32,1819
0.12,4.16,0.15,3.7,4.8,4.8,197.0,197.0,825.0,59.0,0.32,133.0,9.0,0.32,39.0,10.3,0.28,16.0,8.0,119.0,2,2,8,0.25,0.25,1819
0.36,4.46,0.12,2.9,3.7,3.7,153.0,153.0,716.0,52.0,0.24,145.0,11.0,0.24,47.0,7.8,0.34,8.0,9.0,124.0,4,4,6,0.18,0.18,1920
0.22,4.17,0.18,3.4,5.2,5.2,157.0,157.0,643.0,56.0,0.37,117.0,25.0,0.37,23.0,10.5,0.89,15.0,17.0,81.0,10,10,18,0.64,0.64,2021
0.31,3.96,0.17,4.1,3.9,3.9,95.0,95.0,498.0,50.0,0.31,92.0,14.0,0.31,40.0,7.2,0.6,3.0,11.0,73.0,5,5,11,0.47,0.47,2122
0.09,5.31,0.29,7.5,7.4,7.4,129.0,129.0,765.0,84.0,0.43,135.0,12.0,0.43,45.0,10.9,0.47,9.0,8.0,85.0,8,8,11,0.43,0.43,2223
0.18,4.26,0.16,3.2,3.4,3.4,88.0,88.0,503.0,48.0,0.24,91.0,8.0,0.28,35.0,5.2,0.37,6.0,4.0,60.0,2,2,5,0.23,0.19,2324
0.07,2.24,0.19,4.6,6.3,6.3,202.0,202.0,583.0,40.0,0.24,74.0,8.0,0.24,33.0,7.8,0.24,20.0,7.0,65.0,6,6,8,0.24,0.24,1819
0.12,2.38,0.11,3.4,3.2,3.2,169.0,169.0,533.0,35.0,0.16,70.0,6.0,0.16,27.0,4.7,0.2,23.0,5.0,61.0,2,2,2,0.07,0.07,1920
0.18,2.2,0.13,2.3,2.2,2.2,128.0,128.0,335.0,19.0,0.2,38.0,3.0,0.2,19.0,3.5,0.17,11.0,3.0,29.0,2,2,4,0.23,0.23,2021
0.0,2.85,0.14,3.7,2.8,2.8,205.0,205.0,476.0,26.0,0.21,56.0,4.0,0.21,32.0,4.2,0.2,13.0,4.0,51.0,2,2,3,0.15,0.15,2122
0.26,1.88,0.06,1.0,1.1,1.1,59.0,59.0,184.0,13.0,0.14,32.0,1.0,0.14,14.0,2.4,0.06,1.0,1.0,28.0,1,1,3,0.18,0.18,2324
0.26,2.62,0.14,4.7,4.2,4.2,269.0,269.0,558.0,33.0,0.36,82.0,8.0,0.39,35.0,11.4,0.26,27.0,7.0,63.0,2,2,11,0.35,0.32,1819
0.12,2.6,0.2,4.7,5.4,5.4,226.0,226.0,517.0,34.0,0.4,69.0,13.0,0.43,27.0,10.6,0.49,20.0,10.0,53.0,7,7,14,0.53,0.53,1920
0.11,2.1,0.15,3.9,3.7,3.7,201.0,201.0,428.0,26.0,0.39,51.0,8.0,0.39,19.0,9.6,0.33,22.0,6.0,40.0,3,3,11,0.45,0.45,2021
0.15,2.09,0.14,2.6,2.5,2.5,150.0,150.0,334.0,18.0,0.26,37.0,4.0,0.3,22.0,4.6,0.23,19.0,3.0,30.0,2,2,3,0.17,0.11,2122
0.0,2.69,0.09,2.6,1.9,1.9,130.0,130.0,366.0,27.0,0.18,53.0,3.0,0.18,26.0,3.6,0.15,4.0,2.0,37.0,3,3,3,0.15,0.15,2223
0.23,2.2,0.26,2.2,3.5,3.5,96.0,96.0,207.0,16.0,0.52,29.0,9.0,0.52,9.0,6.8,0.68,10.0,7.0,22.0,5,5,12,0.91,0.91,2324
0.0,0.85,0.03,0.3,0.6,0.6,6.0,6.0,88.0,4.0,0.05,19.0,6.0,0.05,2.0,1.1,0.27,1.0,4.0,13.0,1,1,1,0.04,0.04,1819
0.0,0.51,0.0,0.1,0.0,0.0,2.0,2.0,30.0,1.0,0.05,7.0,0.0,0.05,0.0,0.7,0.0,1.0,0.0,6.0,0,0,0,0.0,0.0,1920
0.0,0.74,0.02,1.0,0.4,0.4,1.0,1.0,55.0,4.0,0.03,19.0,2.0,0.03,2.0,0.7,0.08,0.0,2.0,19.0,0,0,0,0.0,0.0,2021
0.0,0.63,0.0,0.7,0.1,0.1,16.0,16.0,91.0,2.0,0.05,18.0,3.0,0.05,6.0,1.5,0.1,1.0,3.0,17.0,0,0,1,0.03,0.03,2122
0.08,3.91,0.22,6.9,6.8,6.8,237.0,237.0,904.0,67.0,0.27,123.0,12.0,0.35,52.0,8.6,0.38,10.0,8.0,69.0,3,3,8,0.25,0.16,2223
0.13,3.12,0.16,5.0,3.8,3.8,210.0,210.0,647.0,39.0,0.24,76.0,4.0,0.31,43.0,5.9,0.16,6.0,3.0,63.0,2,2,5,0.21,0.16,2324
0.08,1.63,0.05,1.2,1.1,1.1,73.0,73.0,280.0,14.0,0.07,39.0,0.0,0.07,16.0,1.6,0.0,4.0,0.0,34.0,0,0,2,0.08,0.08,1819
0.14,3.38,0.11,1.5,1.4,1.4,61.0,61.0,205.0,17.0,0.18,43.0,4.0,0.18,7.0,2.3,0.31,9.0,2.0,23.0,1,1,2,0.16,0.16,1920
0.09,3.98,0.11,1.8,1.7,1.7,107.0,107.0,353.0,22.0,0.26,58.0,5.0,0.26,8.0,3.7,0.34,5.0,5.0,33.0,2,2,4,0.27,0.27,2021
0.0,2.54,0.13,0.8,1.4,1.4,57.0,57.0,212.0,11.0,0.21,27.0,2.0,0.21,8.0,2.2,0.19,2.0,2.0,17.0,1,1,2,0.19,0.19,2122
0.52,3.0,0.0,0.2,0.0,0.0,11.0,11.0,35.0,0.0,0.09,7.0,0.0,0.09,1.0,0.2,0.0,2.0,0.0,3.0,0,0,0,0.0,0.0,1819
0.13,2.92,0.16,3.3,3.3,3.3,96.0,96.0,387.0,34.0,0.2,58.0,3.0,0.2,23.0,4.1,0.15,7.0,2.0,33.0,2,2,3,0.15,0.15,2223
0.07,2.95,0.15,1.2,1.1,1.1,56.0,56.0,139.0,12.0,0.16,23.0,2.0,0.16,9.0,1.3,0.26,4.0,2.0,13.0,1,1,1,0.13,0.13,2324
0.17,3.09,0.09,1.9,1.3,1.3,62.0,62.0,297.0,18.0,0.14,44.0,5.0,0.14,28.0,2.0,0.35,5.0,3.0,36.0,1,1,1,0.07,0.07,2324
0.04,1.06,0.02,0.3,0.2,0.2,48.0,48.0,165.0,4.0,0.05,14.0,1.0,0.05,6.0,0.7,0.08,4.0,1.0,12.0,0,0,1,0.08,0.08,2021
0.0,2.64,0.06,0.6,0.8,0.8,93.0,93.0,242.0,12.0,0.3,34.0,0.0,0.3,6.0,3.9,0.0,25.0,0.0,19.0,0,0,2,0.15,0.15,1920
0.0,2.59,0.07,1.5,1.3,1.3,108.0,108.0,306.0,18.0,0.37,45.0,2.0,0.37,9.0,6.5,0.12,12.0,2.0,33.0,1,1,7,0.4,0.4,1920
0.0,4.2,0.24,2.0,2.7,2.7,127.0,127.0,368.0,16.0,0.48,47.0,9.0,0.48,13.0,5.3,0.81,12.0,7.0,26.0,3,3,5,0.45,0.45,1718
0.0,1.66,0.01,0.1,0.1,0.1,20.0,20.0,70.0,1.0,0.13,12.0,1.0,0.13,2.0,0.9,0.14,0.0,1.0,7.0,0,0,1,0.14,0.14,1920
0.07,1.94,0.08,1.2,1.9,1.9,164.0,164.0,374.0,16.0,0.53,46.0,9.0,0.67,6.0,12.6,0.38,15.0,4.0,28.0,4,4,22,0.93,0.8,1718
0.0,1.62,0.07,1.7,2.0,2.0,166.0,166.0,435.0,18.0,0.49,46.0,3.0,0.6,7.0,14.0,0.11,5.0,2.0,30.0,2,2,17,0.6,0.49,1819
0.0,1.46,0.01,0.2,0.1,0.1,53.0,53.0,146.0,3.0,0.32,10.0,0.0,0.43,1.0,2.2,0.0,2.0,0.0,7.0,0,0,2,0.29,0.15,2223
0.25,3.52,0.18,0.5,1.0,1.0,22.0,22.0,106.0,8.0,0.26,21.0,2.0,0.26,4.0,1.5,0.34,3.0,2.0,18.0,1,1,1,0.17,0.17,1920
0.06,2.12,0.12,1.0,1.0,1.0,10.0,10.0,88.0,8.0,0.21,17.0,5.0,0.21,1.0,1.7,0.62,2.0,3.0,14.0,2,2,3,0.37,0.37,2021
0.05,2.48,0.11,0.8,1.7,1.7,54.0,54.0,226.0,17.0,0.15,39.0,3.0,0.15,15.0,2.4,0.19,3.0,1.0,32.0,1,1,1,0.06,0.06,2122
0.0,2.23,0.06,1.0,1.1,1.1,21.0,21.0,171.0,15.0,0.12,41.0,6.0,0.12,12.0,2.2,0.33,2.0,6.0,35.0,1,1,1,0.05,0.05,2223
0.3,3.89,0.16,3.6,3.4,3.4,145.0,145.0,574.0,40.0,0.33,85.0,6.0,0.33,37.0,7.2,0.27,7.0,4.0,68.0,3,3,9,0.41,0.41,1819
0.0,3.95,0.27,4.6,6.3,6.3,98.0,98.0,526.0,49.0,0.4,91.0,10.0,0.4,41.0,9.2,0.43,10.0,7.0,74.0,7,7,13,0.56,0.56,1920
0.0,1.54,0.02,0.4,0.3,0.3,76.0,76.0,224.0,7.0,0.39,31.0,5.0,0.39,5.0,7.8,0.25,8.0,3.0,17.0,0,0,10,0.5,0.5,2122
0.0,1.32,0.07,0.9,1.0,1.0,54.0,54.0,192.0,9.0,0.58,19.0,0.0,0.58,0.0,8.4,0.0,8.0,0.0,14.0,0,0,6,0.42,0.42,2223
0.24,2.99,0.07,0.1,0.3,0.3,16.0,16.0,67.0,5.0,0.39,13.0,2.0,0.39,1.0,1.7,0.46,3.0,0.0,7.0,0,0,2,0.46,0.46,2324
0.0,2.9,0.06,1.1,0.7,0.7,63.0,63.0,210.0,11.0,0.07,33.0,1.0,0.07,10.0,0.8,0.09,4.0,1.0,29.0,1,1,1,0.09,0.09,1819
0.0,1.67,0.07,0.3,0.6,0.6,28.0,28.0,105.0,3.0,0.09,13.0,0.0,0.09,3.0,0.7,0.0,4.0,0.0,10.0,0,0,0,0.0,0.0,1920
0.0,2.68,0.16,1.8,1.9,1.9,102.0,102.0,260.0,15.0,0.43,32.0,3.0,0.5,8.0,5.1,0.25,15.0,2.0,24.0,2,2,4,0.33,0.25,2223
0.06,1.0,0.01,0.7,0.1,0.1,6.0,6.0,29.0,3.0,0.08,25.0,0.0,0.08,7.0,1.9,0.0,0.0,0.0,22.0,0,0,1,0.04,0.04,2021
0.28,4.04,0.17,2.4,2.6,2.6,150.0,150.0,379.0,31.0,0.44,63.0,6.0,0.44,26.0,6.9,0.38,32.0,2.0,45.0,1,1,7,0.45,0.45,1920
0.35,3.09,0.21,2.6,4.4,4.4,147.0,147.0,386.0,27.0,0.48,66.0,6.0,0.48,25.0,10.4,0.28,32.0,5.0,45.0,6,6,12,0.56,0.56,2021
0.3,3.9,0.23,4.9,6.8,6.8,218.0,218.0,707.0,45.0,0.54,113.0,19.0,0.54,48.0,15.5,0.66,69.0,13.0,65.0,10,10,21,0.73,0.73,2122
0.32,4.57,0.26,6.2,7.0,7.0,235.0,235.0,672.0,49.0,0.66,123.0,18.0,0.66,59.0,17.9,0.67,64.0,12.0,80.0,8,8,23,0.86,0.86,2223
0.31,4.83,0.32,8.1,9.1,9.1,293.0,293.0,725.0,59.0,0.68,135.0,26.0,0.68,62.0,19.1,0.93,82.0,17.0,92.0,9,9,18,0.64,0.64,2324
0.21,1.96,0.12,1.9,2.3,2.3,25.0,25.0,185.0,13.0,0.21,38.0,3.0,0.21,6.0,4.1,0.15,6.0,3.0,29.0,3,3,4,0.21,0.21,1819
0.0,1.83,0.08,1.6,2.3,2.3,38.0,38.0,246.0,17.0,0.19,53.0,10.0,0.19,10.0,5.4,0.35,3.0,7.0,43.0,6,6,8,0.28,0.28,1920
0.06,1.6,0.04,1.5,1.2,1.2,77.0,77.0,374.0,15.0,0.16,45.0,2.0,0.16,18.0,4.5,0.07,3.0,2.0,37.0,0,0,2,0.07,0.07,2021
0.03,1.63,0.03,0.6,0.5,0.5,14.0,14.0,144.0,8.0,0.1,26.0,3.0,0.1,10.0,1.6,0.19,0.0,3.0,23.0,1,1,2,0.13,0.13,2122
0.0,4.37,0.22,0.9,1.3,1.3,39.0,39.0,144.0,16.0,0.57,26.0,3.0,0.57,6.0,3.4,0.5,6.0,2.0,21.0,1,1,3,0.5,0.5,1819
0.0,2.1,0.06,0.8,0.6,0.6,50.0,50.0,224.0,5.0,0.07,21.0,2.0,0.07,9.0,0.7,0.2,1.0,2.0,18.0,1,1,2,0.2,0.2,1819
0.04,5.32,0.17,0.4,0.4,0.4,25.0,25.0,105.0,5.0,0.51,11.0,0.0,0.51,5.0,1.0,0.0,4.0,0.0,5.0,0,0,0,0.0,0.0,1920
0.26,3.41,0.08,3.0,1.9,1.9,63.0,63.0,469.0,22.0,0.15,80.0,6.0,0.15,27.0,3.5,0.26,7.0,5.0,64.0,1,1,5,0.21,0.21,1920
0.0,3.83,0.17,1.7,2.6,2.6,63.0,63.0,404.0,23.0,0.27,58.0,8.0,0.27,14.0,4.1,0.53,8.0,6.0,37.0,4,4,4,0.26,0.26,2021
0.0,3.0,0.04,1.2,0.5,0.5,31.0,31.0,246.0,9.0,0.26,35.0,1.0,0.26,11.0,3.0,0.09,6.0,0.0,25.0,0,0,1,0.09,0.09,2122
0.03,4.71,0.31,8.3,9.6,9.6,436.0,436.0,1139.0,66.0,0.76,145.0,27.0,0.76,54.0,23.3,0.88,88.0,19.0,99.0,9,9,26,0.84,0.84,1819
0.25,4.24,0.21,6.2,6.2,6.2,429.0,429.0,1030.0,48.0,0.77,125.0,12.0,0.83,49.0,22.7,0.41,91.0,6.0,91.0,1,1,21,0.71,0.71,1920
0.21,3.8,0.2,5.3,5.7,5.7,351.0,351.0,831.0,37.0,0.57,107.0,15.0,0.59,27.0,15.9,0.53,81.0,9.0,76.0,7,7,17,0.6,0.6,2021
0.14,3.93,0.23,4.6,5.5,5.5,317.0,317.0,797.0,42.0,0.72,93.0,10.0,0.82,48.0,17.0,0.42,65.0,5.0,72.0,5,5,18,0.76,0.68,2122
0.18,3.23,0.22,3.2,4.6,4.6,186.0,186.0,583.0,34.0,0.51,68.0,4.0,0.51,31.0,10.8,0.19,39.0,3.0,53.0,3,3,9,0.43,0.43,2223
0.36,3.87,0.2,4.3,4.5,4.5,242.0,242.0,638.0,30.0,0.5,85.0,14.0,0.5,35.0,11.0,0.64,65.0,7.0,55.0,4,4,12,0.55,0.55,2324
0.0,0.89,0.02,0.6,0.5,0.5,7.0,7.0,88.0,6.0,0.1,26.0,2.0,0.1,6.0,2.9,0.07,1.0,1.0,17.0,1,1,3,0.1,0.1,1819
0.19,1.46,0.04,1.3,1.1,1.1,93.0,93.0,305.0,9.0,0.1,35.0,2.0,0.1,11.0,2.3,0.08,4.0,2.0,24.0,0,0,1,0.04,0.04,1819
0.0,1.68,0.15,1.4,2.4,2.4,68.0,68.0,240.0,12.0,0.32,27.0,5.0,0.42,8.0,5.2,0.31,8.0,4.0,21.0,3,3,8,0.5,0.37,1920
0.04,1.19,0.06,1.1,1.2,1.2,64.0,64.0,202.0,10.0,0.14,24.0,4.0,0.17,12.0,2.7,0.2,5.0,1.0,19.0,0,0,4,0.2,0.15,2021
0.04,1.45,0.04,1.3,0.9,0.9,66.0,66.0,207.0,13.0,0.14,31.0,4.0,0.22,10.0,3.0,0.19,4.0,3.0,24.0,1,1,5,0.22,0.13,2122
0.23,2.21,0.16,1.1,1.5,1.5,32.0,32.0,151.0,10.0,0.26,20.0,1.0,0.26,9.0,2.4,0.11,2.0,1.0,13.0,1,1,2,0.22,0.22,2223
0.07,2.51,0.18,1.2,1.6,1.6,54.0,54.0,158.0,8.0,0.22,22.0,3.0,0.22,6.0,1.9,0.34,3.0,2.0,13.0,2,2,2,0.23,0.23,2324
0.12,2.7,0.21,4.5,6.9,6.9,204.0,204.0,515.0,38.0,0.49,91.0,18.0,0.49,9.0,16.4,0.53,56.0,7.0,53.0,4,4,13,0.39,0.39,2021
0.38,2.53,0.13,3.3,4.4,4.4,206.0,206.0,505.0,40.0,0.46,83.0,13.0,0.46,12.0,15.0,0.4,43.0,7.0,53.0,4,4,16,0.49,0.49,2122
0.35,3.59,0.22,5.8,6.5,6.5,240.0,240.0,597.0,41.0,0.62,105.0,22.0,0.67,23.0,18.1,0.75,66.0,13.0,60.0,11,11,26,0.89,0.82,2223
0.0,3.55,0.23,1.6,3.3,3.3,125.0,125.0,293.0,26.0,0.66,50.0,8.0,0.66,14.0,9.4,0.57,16.0,7.0,39.0,5,5,11,0.78,0.78,2324
0.08,3.27,0.21,0.6,0.9,0.9,35.0,35.0,83.0,5.0,1.19,13.0,3.0,1.39,3.0,4.7,0.75,5.0,1.0,7.0,1,1,3,0.75,0.5,2425
0.0,1.99,0.12,0.7,0.9,0.9,43.0,43.0,110.0,6.0,0.28,16.0,1.0,0.28,3.0,2.2,0.12,6.0,1.0,12.0,0,0,0,0.0,0.0,2223
0.0,2.99,0.15,0.9,0.9,0.9,35.0,35.0,131.0,9.0,0.39,19.0,1.0,0.51,5.0,2.5,0.16,6.0,0.0,11.0,1,1,2,0.31,0.16,2324
0.03,0.79,0.01,0.7,0.2,0.2,15.0,15.0,96.0,6.0,0.07,16.0,1.0,0.07,9.0,1.3,0.05,1.0,1.0,14.0,0,0,1,0.05,0.05,2021
0.03,0.54,0.01,0.5,0.1,0.1,15.0,15.0,70.0,5.0,0.03,8.0,0.0,0.03,5.0,0.5,0.0,0.0,0.0,6.0,0,0,0,0.0,0.0,2324
0.0,2.38,0.13,2.7,3.5,3.5,146.0,146.0,424.0,32.0,0.19,66.0,8.0,0.19,27.0,5.3,0.29,10.0,8.0,54.0,2,2,3,0.11,0.11,2122
0.21,1.27,0.07,0.4,0.4,0.4,37.0,37.0,135.0,3.0,0.19,7.0,0.0,0.19,6.0,1.0,0.0,3.0,0.0,3.0,0,0,0,0.0,0.0,2223
0.34,2.83,0.15,4.5,5.0,5.0,202.0,202.0,678.0,52.0,0.21,96.0,9.0,0.21,47.0,7.1,0.27,17.0,9.0,74.0,7,7,8,0.24,0.24,2324
0.0,2.1,0.18,5.1,4.7,4.7,191.0,191.0,570.0,34.0,0.22,56.0,11.0,0.22,28.0,5.8,0.41,8.0,10.0,45.0,9,9,9,0.34,0.34,2425
0.0,1.58,0.12,1.4,2.0,2.0,63.0,63.0,216.0,11.0,0.12,27.0,1.0,0.12,13.0,2.1,0.06,5.0,1.0,20.0,1,1,1,0.06,0.06,2021
0.08,4.48,0.21,3.6,3.6,3.6,126.0,126.0,515.0,38.0,0.38,76.0,13.0,0.38,18.0,6.4,0.77,13.0,9.0,47.0,6,6,8,0.47,0.47,1819
0.41,2.78,0.12,3.6,3.0,3.0,131.0,131.0,591.0,37.0,0.29,72.0,7.0,0.29,33.0,7.6,0.27,8.0,6.0,52.0,2,2,10,0.39,0.39,1920
0.1,3.94,0.3,8.7,7.4,7.4,169.0,169.0,754.0,55.0,0.45,97.0,15.0,0.45,56.0,11.2,0.61,17.0,13.0,83.0,10,10,15,0.61,0.61,2021
0.47,2.96,0.1,2.7,2.1,2.1,95.0,95.0,452.0,28.0,0.21,59.0,11.0,0.25,22.0,4.2,0.55,7.0,9.0,40.0,2,2,6,0.3,0.25,2122
0.0,4.36,0.3,7.8,7.6,7.6,163.0,163.0,666.0,58.0,0.41,111.0,15.0,0.41,54.0,10.3,0.59,18.0,14.0,83.0,12,12,16,0.63,0.63,2223
0.23,3.78,0.15,3.4,2.0,2.0,90.0,90.0,408.0,23.0,0.33,50.0,7.0,0.33,26.0,4.4,0.53,5.0,7.0,41.0,0,0,3,0.23,0.23,2324
0.03,0.42,0.01,0.5,0.3,0.3,3.0,3.0,53.0,4.0,0.08,13.0,1.0,0.08,0.0,2.4,0.03,1.0,0.0,8.0,0,0,2,0.07,0.07,1819
0.0,0.8,0.01,0.5,0.2,0.2,4.0,4.0,54.0,4.0,0.04,17.0,0.0,0.04,3.0,0.9,0.0,0.0,0.0,12.0,0,0,0,0.0,0.0,2223
0.34,4.79,0.29,3.8,5.4,5.4,155.0,155.0,446.0,42.0,0.51,90.0,5.0,0.57,20.0,9.6,0.27,33.0,5.0,50.0,3,3,8,0.43,0.37,1920
0.09,5.57,0.19,0.8,0.9,0.9,31.0,31.0,92.0,9.0,0.39,25.0,7.0,0.39,5.0,1.7,1.56,6.0,4.0,12.0,2,2,3,0.67,0.67,2021
0.3,4.2,0.23,6.2,7.5,7.5,286.0,286.0,826.0,65.0,0.45,136.0,10.0,0.54,49.0,14.5,0.31,40.0,5.0,77.0,3,3,14,0.43,0.31,2122
0.59,5.08,0.43,9.3,9.8,9.8,339.0,339.0,980.0,57.0,0.83,117.0,15.0,0.83,74.0,19.1,0.65,53.0,13.0,77.0,7,7,14,0.61,0.61,2223
0.29,5.86,0.37,5.0,5.7,5.7,164.0,164.0,484.0,41.0,0.81,89.0,13.0,0.86,32.0,12.3,0.86,23.0,9.0,47.0,9,9,15,0.99,0.92,2324
0.08,2.75,0.12,1.8,2.4,2.4,224.0,224.0,438.0,24.0,0.58,56.0,5.0,0.58,11.0,11.8,0.25,31.0,3.0,37.0,2,2,11,0.54,0.54,2223
0.11,1.44,0.05,1.3,0.9,0.9,115.0,115.0,296.0,12.0,0.08,28.0,3.0,0.08,11.0,1.5,0.15,6.0,2.0,21.0,1,1,2,0.1,0.1,2324
0.0,2.22,0.08,1.1,1.6,1.6,127.0,127.0,392.0,17.0,0.11,45.0,6.0,0.11,14.0,2.2,0.3,19.0,4.0,30.0,2,2,3,0.15,0.15,2122
0.04,1.93,0.08,0.9,1.0,1.0,76.0,76.0,233.0,7.0,0.14,23.0,0.0,0.14,14.0,1.7,0.0,10.0,0.0,14.0,0,0,1,0.08,0.08,2223
0.2,2.51,0.09,1.7,2.4,2.4,99.0,99.0,446.0,25.0,0.22,65.0,5.0,0.22,13.0,5.6,0.19,8.0,2.0,41.0,1,1,3,0.12,0.12,2324
0.2,4.64,0.23,2.4,1.8,1.8,81.0,81.0,245.0,13.0,0.36,36.0,8.0,0.36,15.0,2.8,1.03,14.0,5.0,23.0,3,3,4,0.52,0.52,2021
0.29,4.5,0.15,0.7,0.7,0.7,51.0,51.0,175.0,12.0,0.27,22.0,1.0,0.27,6.0,1.3,0.2,12.0,0.0,14.0,1,1,1,0.2,0.2,2122
0.31,6.15,0.34,9.0,7.2,7.2,260.0,260.0,758.0,66.0,0.58,128.0,16.0,0.58,60.0,12.1,0.77,61.0,12.0,81.0,6,6,10,0.48,0.48,2223
0.49,5.55,0.22,5.5,4.2,4.2,182.0,182.0,665.0,42.0,0.49,106.0,14.0,0.49,43.0,9.4,0.73,33.0,9.0,52.0,6,6,7,0.37,0.37,2324
0.0,1.46,0.04,0.8,0.6,0.6,68.0,68.0,224.0,10.0,0.37,22.0,2.0,0.37,6.0,5.5,0.13,7.0,2.0,16.0,1,1,7,0.46,0.46,2324
0.0,1.05,0.02,0.7,0.4,0.4,2.0,2.0,31.0,5.0,0.04,20.0,2.0,0.04,3.0,0.7,0.11,0.0,2.0,20.0,0,0,1,0.05,0.05,1819
0.04,0.51,0.0,0.5,0.0,0.0,3.0,3.0,44.0,2.0,0.01,12.0,0.0,0.01,5.0,0.1,0.0,0.0,0.0,12.0,0,0,0,0.0,0.0,2223
0.11,2.13,0.14,2.5,2.2,2.2,13.0,13.0,177.0,25.0,0.16,33.0,3.0,0.16,9.0,2.4,0.19,1.0,3.0,11.0,2,2,2,0.13,0.13,1718
0.11,2.32,0.11,2.6,3.0,3.0,135.0,135.0,540.0,26.0,0.32,61.0,9.0,0.44,26.0,8.4,0.34,6.0,6.0,41.0,3,3,12,0.46,0.38,1819
0.0,1.79,0.05,1.1,1.6,1.6,140.0,140.0,553.0,22.0,0.22,57.0,4.0,0.39,12.0,7.0,0.13,3.0,2.0,41.0,1,1,16,0.5,0.28,1920
0.0,1.81,0.06,1.4,1.3,1.3,74.0,74.0,320.0,15.0,0.26,35.0,2.0,0.38,21.0,5.0,0.1,4.0,2.0,27.0,1,1,6,0.31,0.21,2021
0.1,1.79,0.07,0.5,0.4,0.4,22.0,22.0,121.0,5.0,0.09,10.0,1.0,0.09,4.0,0.5,0.18,4.0,1.0,9.0,0,0,1,0.18,0.18,2021
0.28,2.6,0.13,1.7,2.7,2.7,113.0,113.0,345.0,18.0,0.4,52.0,6.0,0.44,17.0,8.0,0.3,1.0,6.0,38.0,2,2,8,0.4,0.4,2122
0.0,3.07,0.1,0.8,1.1,1.1,62.0,62.0,224.0,8.0,0.59,33.0,7.0,0.59,7.0,6.3,0.65,2.0,5.0,18.0,3,3,5,0.47,0.47,2223
0.0,1.22,0.02,0.6,0.3,0.3,25.0,25.0,176.0,10.0,0.08,22.0,2.0,0.08,5.0,1.5,0.11,0.0,2.0,17.0,0,0,0,0.0,0.0,2122
0.0,2.7,0.19,5.1,7.0,7.0,223.0,223.0,630.0,48.0,0.57,97.0,13.0,0.65,25.0,20.4,0.36,42.0,8.0,64.0,6,6,23,0.64,0.53,1920
0.11,2.43,0.1,3.2,3.1,3.1,163.0,163.0,456.0,38.0,0.29,71.0,14.0,0.31,19.0,8.5,0.48,21.0,7.0,52.0,4,4,10,0.34,0.31,2122
0.0,1.92,0.18,0.6,1.7,1.7,45.0,45.0,127.0,8.0,0.46,18.0,2.0,0.46,7.0,4.3,0.21,2.0,1.0,12.0,1,1,1,0.11,0.11,2223
0.11,1.74,0.1,1.0,1.5,1.5,87.0,87.0,240.0,11.0,0.43,27.0,3.0,0.43,11.0,6.6,0.19,5.0,0.0,15.0,0,0,7,0.45,0.45,2324
0.09,2.51,0.05,0.5,0.6,0.6,71.0,71.0,166.0,6.0,0.4,30.0,2.0,0.47,6.0,4.8,0.17,5.0,1.0,13.0,0,0,4,0.33,0.25,1920
0.0,2.19,0.05,1.8,1.6,1.6,191.0,191.0,507.0,25.0,0.39,71.0,9.0,0.52,20.0,12.8,0.28,24.0,5.0,50.0,3,3,20,0.62,0.46,2122
0.14,2.24,0.06,0.9,0.5,0.5,51.0,51.0,152.0,9.0,0.45,20.0,0.0,0.63,7.0,4.0,0.0,5.0,0.0,12.0,0,0,4,0.45,0.34,2223
0.0,1.56,0.09,0.4,1.3,1.3,73.0,73.0,183.0,8.0,0.28,22.0,3.0,0.33,3.0,3.9,0.21,4.0,3.0,11.0,2,2,3,0.21,0.14,2324
0.0,1.96,0.02,0.4,0.3,0.3,19.0,19.0,129.0,7.0,0.04,28.0,1.0,0.04,5.0,0.6,0.07,3.0,1.0,23.0,0,0,0,0.0,0.0,1819
0.0,2.12,0.02,0.5,0.4,0.4,26.0,26.0,240.0,10.0,0.09,37.0,0.0,0.09,7.0,1.5,0.0,1.0,0.0,24.0,0,0,0,0.0,0.0,1920
0.0,2.23,0.06,0.6,1.0,1.0,13.0,13.0,126.0,16.0,0.07,41.0,3.0,0.07,10.0,1.3,0.16,5.0,2.0,34.0,2,2,2,0.11,0.11,2425
0.0,3.03,0.23,2.4,3.5,3.5,110.0,110.0,297.0,22.0,0.35,46.0,7.0,0.35,19.0,5.4,0.46,14.0,4.0,33.0,3,3,4,0.26,0.26,2324
0.43,3.07,0.13,3.6,3.5,3.5,204.0,204.0,739.0,41.0,0.19,81.0,5.0,0.19,44.0,5.0,0.19,20.0,3.0,60.0,2,2,3,0.11,0.11,2021
0.07,4.25,0.29,4.8,5.9,5.9,203.0,203.0,773.0,48.0,0.44,88.0,11.0,0.44,51.0,9.1,0.53,19.0,9.0,69.0,9,9,14,0.68,0.68,2122
0.43,3.4,0.22,2.9,3.0,3.0,115.0,115.0,395.0,21.0,0.29,47.0,3.0,0.29,24.0,4.0,0.22,9.0,2.0,36.0,1,1,2,0.14,0.14,2223
0.08,3.22,0.37,1.6,1.7,1.7,35.0,35.0,124.0,11.0,0.44,15.0,3.0,0.44,6.0,2.1,0.64,3.0,2.0,13.0,2,2,2,0.43,0.43,2324
0.03,0.53,0.0,0.4,0.0,0.0,1.0,1.0,43.0,1.0,0.08,8.0,0.0,0.08,3.0,1.2,0.0,0.0,0.0,6.0,0,0,0,0.0,0.0,2021
0.0,2.81,0.09,0.4,0.3,0.3,11.0,11.0,60.0,3.0,0.26,8.0,1.0,0.26,3.0,0.7,0.35,2.0,1.0,7.0,1,1,2,0.7,0.7,2021
0.0,1.48,0.08,0.5,0.6,0.6,17.0,17.0,88.0,5.0,0.18,12.0,2.0,0.18,3.0,1.5,0.25,1.0,1.0,8.0,1,1,3,0.37,0.37,2324
0.0,4.76,0.12,1.2,0.9,0.9,57.0,57.0,188.0,16.0,0.58,34.0,3.0,0.58,10.0,4.1,0.42,7.0,1.0,28.0,0,0,7,0.98,0.98,1819
0.0,2.85,0.06,0.8,0.4,0.4,58.0,58.0,149.0,9.0,0.19,20.0,1.0,0.19,8.0,1.3,0.14,10.0,0.0,11.0,0,0,1,0.14,0.14,1920
0.0,3.02,0.2,0.4,0.6,0.6,26.0,26.0,96.0,5.0,0.27,9.0,0.0,0.27,6.0,0.8,0.0,4.0,0.0,7.0,0,0,0,0.0,0.0,2324
0.13,1.76,0.26,0.6,1.6,1.6,67.0,67.0,138.0,5.0,0.53,11.0,1.0,0.53,4.0,3.3,0.16,4.0,1.0,8.0,1,1,2,0.32,0.32,1920
0.15,2.71,0.17,1.5,2.6,2.6,85.0,85.0,242.0,21.0,0.38,42.0,3.0,0.38,12.0,5.8,0.19,8.0,3.0,34.0,2,2,5,0.32,0.32,1920
0.26,2.38,0.19,4.2,5.0,5.0,210.0,210.0,533.0,39.0,0.33,64.0,8.0,0.33,27.0,8.9,0.3,20.0,6.0,48.0,4,4,8,0.3,0.3,2021
0.0,2.59,0.2,2.8,3.8,3.8,96.0,96.0,328.0,21.0,0.35,50.0,9.0,0.35,19.0,6.8,0.47,8.0,8.0,33.0,5,5,9,0.47,0.47,2122
0.1,4.16,0.16,1.7,2.3,2.3,54.0,54.0,320.0,30.0,0.29,61.0,4.0,0.29,7.0,4.3,0.27,5.0,3.0,23.0,0,0,3,0.2,0.2,2223
0.0,4.55,0.28,4.0,5.7,5.7,82.0,82.0,377.0,58.0,0.37,92.0,3.0,0.37,13.0,7.4,0.15,3.0,1.0,39.0,2,2,5,0.25,0.25,2324
0.1,2.81,0.1,2.1,2.5,2.5,60.0,60.0,495.0,26.0,0.16,73.0,9.0,0.16,30.0,4.2,0.35,5.0,5.0,61.0,2,2,4,0.15,0.15,1920
0.11,2.95,0.11,3.5,3.3,3.3,67.0,67.0,593.0,30.0,0.17,89.0,14.0,0.17,41.0,5.2,0.46,9.0,12.0,73.0,3,3,5,0.17,0.17,2021
0.0,2.7,0.05,2.6,1.3,1.3,59.0,59.0,546.0,23.0,0.1,71.0,6.0,0.1,38.0,2.8,0.23,7.0,5.0,61.0,3,3,4,0.15,0.15,2122
0.06,1.92,0.04,1.3,1.1,1.1,48.0,48.0,361.0,19.0,0.08,56.0,5.0,0.08,15.0,2.3,0.17,5.0,4.0,50.0,1,1,2,0.07,0.07,2324
0.16,1.28,0.06,2.0,1.5,1.5,162.0,162.0,478.0,19.0,0.12,34.0,2.0,0.12,31.0,3.1,0.08,12.0,2.0,30.0,2,2,3,0.11,0.11,1920
0.15,2.23,0.14,1.5,1.8,1.8,126.0,126.0,317.0,12.0,0.21,28.0,5.0,0.21,19.0,2.6,0.4,8.0,5.0,17.0,2,2,3,0.24,0.24,2021
0.04,1.53,0.14,2.1,1.8,1.8,88.0,88.0,243.0,11.0,0.19,20.0,3.0,0.19,9.0,2.5,0.23,5.0,3.0,18.0,2,2,4,0.3,0.3,2122
0.06,4.99,0.14,0.6,0.9,0.9,27.0,27.0,159.0,9.0,0.27,32.0,4.0,0.27,5.0,1.8,0.62,9.0,1.0,16.0,1,1,2,0.31,0.31,1819
0.0,4.37,0.17,2.8,2.8,2.8,64.0,64.0,378.0,34.0,0.26,72.0,4.0,0.27,19.0,4.3,0.24,15.0,2.0,42.0,1,1,4,0.24,0.24,1920
0.27,2.9,0.14,1.6,2.0,2.0,51.0,51.0,288.0,17.0,0.31,41.0,8.0,0.31,11.0,4.4,0.57,12.0,4.0,26.0,3,3,4,0.28,0.28,2021
0.0,4.79,0.18,4.1,3.3,3.3,71.0,71.0,377.0,35.0,0.23,88.0,10.0,0.23,29.0,4.2,0.54,12.0,7.0,69.0,5,5,7,0.38,0.38,2122
0.0,2.39,0.21,1.3,1.7,1.7,25.0,25.0,179.0,10.0,0.35,19.0,1.0,0.35,3.0,2.8,0.13,4.0,0.0,15.0,0,0,2,0.25,0.25,2223
0.17,2.57,0.11,2.3,1.8,1.8,85.0,85.0,273.0,13.0,0.29,43.0,4.0,0.29,24.0,4.9,0.24,7.0,3.0,31.0,1,1,6,0.36,0.36,1819
0.23,2.72,0.14,2.2,2.4,2.4,109.0,109.0,341.0,25.0,0.39,48.0,6.0,0.39,20.0,6.9,0.34,8.0,4.0,34.0,3,3,9,0.51,0.51,1920
0.09,3.22,0.13,2.7,2.3,2.3,113.0,113.0,299.0,20.0,0.37,56.0,8.0,0.37,20.0,6.4,0.46,11.0,7.0,42.0,4,4,9,0.52,0.52,2021
0.0,0.96,0.02,0.4,0.3,0.3,6.0,6.0,84.0,4.0,0.05,15.0,0.0,0.05,6.0,0.8,0.0,2.0,0.0,14.0,0,0,0,0.0,0.0,2122
0.0,1.49,0.07,0.8,1.1,1.1,8.0,8.0,120.0,9.0,0.13,24.0,0.0,0.13,7.0,2.0,0.0,1.0,0.0,18.0,0,0,0,0.0,0.0,2223
0.0,1.82,0.04,0.7,0.6,0.6,14.0,14.0,140.0,7.0,0.11,27.0,0.0,0.11,11.0,1.6,0.0,0.0,0.0,22.0,0,0,0,0.0,0.0,2324
0.0,2.13,0.08,1.9,1.9,1.9,134.0,134.0,347.0,20.0,0.24,48.0,2.0,0.31,12.0,5.5,0.09,4.0,2.0,33.0,2,2,6,0.27,0.18,1920
0.1,1.97,0.07,2.7,2.2,2.2,152.0,152.0,540.0,19.0,0.22,67.0,5.0,0.38,19.0,7.5,0.15,9.0,2.0,40.0,0,0,11,0.32,0.15,2021
0.07,2.43,0.11,1.3,2.3,2.3,147.0,147.0,350.0,17.0,0.25,51.0,3.0,0.25,13.0,5.3,0.14,7.0,2.0,34.0,2,2,4,0.19,0.19,2122
0.0,1.28,0.0,0.2,0.0,0.0,0.0,0.0,56.0,1.0,0.04,15.0,0.0,0.04,2.0,0.4,0.0,0.0,0.0,9.0,0,0,0,0.0,0.0,1819
0.27,2.15,0.06,0.7,0.6,0.6,53.0,53.0,245.0,10.0,0.09,23.0,3.0,0.09,13.0,1.0,0.28,4.0,2.0,21.0,1,1,1,0.09,0.09,2021
0.2,2.91,0.12,1.2,1.3,1.3,34.0,34.0,198.0,10.0,0.18,32.0,6.0,0.18,17.0,2.0,0.54,5.0,4.0,24.0,3,3,4,0.36,0.36,2122
0.0,2.97,0.12,0.6,0.6,0.6,14.0,14.0,90.0,7.0,0.14,15.0,1.0,0.14,10.0,0.7,0.2,2.0,1.0,14.0,1,1,2,0.4,0.4,2223
0.04,1.82,0.02,0.3,0.2,0.2,32.0,32.0,150.0,6.0,0.06,25.0,4.0,0.06,5.0,0.8,0.29,0.0,4.0,21.0,0,0,0,0.0,0.0,2021
0.06,1.92,0.07,2.2,1.9,1.9,51.0,51.0,314.0,29.0,0.08,57.0,2.0,0.08,26.0,2.4,0.07,5.0,2.0,46.0,0,0,0,0.0,0.0,2223
0.07,1.59,0.04,1.8,1.4,1.4,40.0,40.0,243.0,20.0,0.05,49.0,3.0,0.05,25.0,1.7,0.1,4.0,3.0,41.0,2,2,3,0.1,0.1,2324
0.09,1.77,0.05,0.9,1.2,1.2,23.0,23.0,152.0,17.0,0.1,46.0,8.0,0.1,10.0,2.6,0.31,1.0,5.0,36.0,5,5,7,0.27,0.27,2324
0.09,1.87,0.08,1.5,2.3,2.3,59.0,59.0,303.0,21.0,0.18,54.0,9.0,0.18,22.0,5.2,0.31,6.0,6.0,41.0,2,2,5,0.17,0.17,1920
0.08,1.79,0.06,1.5,1.2,1.2,34.0,34.0,195.0,17.0,0.2,39.0,3.0,0.2,21.0,4.4,0.14,1.0,3.0,33.0,2,2,4,0.18,0.18,2021
0.32,1.47,0.09,1.3,1.4,1.4,47.0,47.0,239.0,11.0,0.11,22.0,4.0,0.11,13.0,1.7,0.27,2.0,1.0,16.0,1,1,1,0.07,0.07,2122
0.2,3.21,0.13,2.7,2.8,2.8,152.0,152.0,470.0,20.0,0.36,70.0,8.0,0.36,21.0,7.9,0.37,15.0,5.0,34.0,5,5,13,0.6,0.6,1819
0.15,4.06,0.28,6.0,8.3,8.3,304.0,304.0,802.0,55.0,0.6,121.0,14.0,0.6,43.0,17.9,0.47,49.0,5.0,65.0,6,6,14,0.47,0.47,1920
0.15,3.8,0.12,2.1,2.4,2.4,155.0,155.0,443.0,30.0,0.49,74.0,8.0,0.6,19.0,9.5,0.41,17.0,4.0,32.0,3,3,10,0.51,0.36,2021
0.17,2.87,0.11,1.5,2.1,2.1,125.0,125.0,409.0,21.0,0.35,57.0,6.0,0.43,20.0,6.9,0.3,13.0,3.0,26.0,3,3,9,0.45,0.35,2122
0.1,4.16,0.13,2.7,3.1,3.1,212.0,212.0,544.0,44.0,0.48,98.0,8.0,0.58,12.0,11.2,0.34,34.0,0.0,46.0,4,4,15,0.64,0.51,2223
0.19,4.22,0.22,3.9,4.4,4.4,175.0,175.0,482.0,36.0,0.47,84.0,7.0,0.59,22.0,9.4,0.35,23.0,2.0,51.0,2,2,12,0.6,0.5,2324
0.0,5.08,0.2,2.0,2.0,2.0,82.0,82.0,278.0,25.0,0.35,51.0,8.0,0.35,20.0,3.5,0.8,9.0,7.0,40.0,4,4,6,0.6,0.6,1819
0.0,5.8,0.24,2.3,2.5,2.5,84.0,84.0,259.0,32.0,0.43,61.0,7.0,0.43,25.0,4.5,0.67,22.0,5.0,48.0,4,4,6,0.57,0.57,1920
0.21,3.23,0.16,0.8,0.7,0.7,30.0,30.0,89.0,4.0,0.39,14.0,2.0,0.39,6.0,1.7,0.46,9.0,0.0,7.0,0,0,2,0.46,0.46,2021
0.22,4.41,0.23,2.6,3.2,3.2,123.0,123.0,338.0,20.0,0.38,63.0,8.0,0.38,25.0,5.4,0.56,29.0,6.0,47.0,3,3,6,0.42,0.42,2122
0.0,3.66,0.26,2.2,3.4,3.4,125.0,125.0,317.0,20.0,0.46,49.0,5.0,0.46,27.0,6.2,0.37,16.0,4.0,36.0,3,3,7,0.52,0.52,2223
0.08,4.72,0.08,0.4,0.5,0.5,58.0,58.0,154.0,5.0,0.25,27.0,4.0,0.25,5.0,1.4,0.7,7.0,2.0,14.0,0,0,0,0.0,0.0,1920
0.15,3.04,0.13,1.4,1.8,1.8,83.0,83.0,285.0,16.0,0.25,40.0,4.0,0.25,18.0,3.3,0.3,21.0,3.0,29.0,1,1,3,0.23,0.23,2021
0.22,2.47,0.18,1.8,2.5,2.5,126.0,126.0,302.0,14.0,0.36,34.0,4.0,0.36,19.0,5.0,0.29,22.0,3.0,22.0,2,2,5,0.36,0.36,2122
0.24,4.32,0.12,0.8,1.1,1.1,123.0,123.0,268.0,15.0,0.23,40.0,2.0,0.23,8.0,2.2,0.22,28.0,2.0,31.0,2,2,2,0.22,0.22,2223
0.11,3.67,0.2,2.4,2.5,2.5,139.0,139.0,361.0,13.0,0.41,45.0,5.0,0.41,16.0,5.1,0.41,22.0,4.0,35.0,3,3,5,0.41,0.41,2324
0.0,3.78,0.09,1.0,0.9,0.9,100.0,100.0,217.0,12.0,0.19,35.0,4.0,0.19,12.0,1.7,0.43,27.0,3.0,23.0,1,1,2,0.22,0.22,2425
0.09,2.9,0.07,1.7,2.0,2.0,220.0,220.0,680.0,21.0,0.38,86.0,11.0,0.38,24.0,11.3,0.37,38.0,4.0,49.0,1,1,14,0.47,0.47,1819
0.18,2.8,0.1,2.3,3.3,3.3,195.0,195.0,562.0,25.0,0.38,89.0,8.0,0.41,15.0,12.1,0.25,40.0,4.0,55.0,3,3,10,0.31,0.28,2021
0.27,2.46,0.13,2.1,3.6,3.6,146.0,146.0,536.0,29.0,0.37,69.0,9.0,0.46,13.0,10.4,0.32,16.0,5.0,45.0,5,5,15,0.54,0.43,2122
0.24,3.12,0.19,1.5,2.2,2.2,75.0,75.0,200.0,16.0,0.49,35.0,5.0,0.49,10.0,5.5,0.45,13.0,3.0,22.0,3,3,4,0.36,0.36,2223
0.18,2.05,0.13,1.4,2.1,2.1,106.0,106.0,322.0,15.0,0.7,34.0,5.0,0.7,13.0,11.7,0.3,17.0,5.0,23.0,4,4,15,0.91,0.91,2324
0.06,1.56,0.19,3.0,5.1,5.1,150.0,150.0,425.0,24.0,0.23,43.0,8.0,0.23,35.0,6.2,0.29,5.0,7.0,38.0,6,6,7,0.25,0.25,2021
0.0,2.9,0.15,4.5,4.8,4.8,210.0,210.0,571.0,42.0,0.15,93.0,4.0,0.15,57.0,4.9,0.12,10.0,4.0,81.0,2,2,2,0.06,0.06,2122
0.1,1.67,0.12,1.2,1.1,1.1,46.0,46.0,220.0,13.0,0.19,15.0,0.0,0.19,9.0,1.8,0.0,5.0,0.0,15.0,0,0,2,0.22,0.22,2324
0.11,2.12,0.04,0.7,0.4,0.4,32.0,32.0,124.0,6.0,0.09,22.0,0.0,0.09,3.0,1.0,0.0,5.0,0.0,20.0,0,0,0,0.0,0.0,1819
0.0,3.14,0.13,4.1,3.4,3.4,118.0,118.0,416.0,27.0,0.17,82.0,12.0,0.17,36.0,4.5,0.46,6.0,11.0,65.0,3,3,4,0.15,0.15,1920
0.18,3.19,0.14,5.0,4.1,4.1,243.0,243.0,685.0,44.0,0.25,95.0,15.0,0.25,49.0,7.6,0.5,14.0,14.0,76.0,7,7,13,0.44,0.44,2021
0.1,3.02,0.19,5.4,5.3,5.3,171.0,171.0,517.0,39.0,0.26,82.0,9.0,0.26,36.0,7.1,0.33,16.0,5.0,60.0,5,5,8,0.29,0.29,2122
0.0,2.23,0.14,5.0,4.1,4.1,157.0,157.0,498.0,28.0,0.24,64.0,7.0,0.24,37.0,7.0,0.24,8.0,5.0,50.0,3,3,8,0.28,0.28,2223
0.21,2.64,0.13,3.5,3.0,3.0,130.0,130.0,457.0,29.0,0.21,59.0,1.0,0.21,26.0,4.8,0.04,9.0,1.0,50.0,0,0,1,0.04,0.04,2324
0.08,2.12,0.11,1.7,1.5,1.5,97.0,97.0,295.0,14.0,0.2,30.0,6.0,0.2,17.0,2.9,0.42,3.0,5.0,25.0,3,3,5,0.35,0.35,2425
0.0,3.88,0.31,0.9,1.8,1.8,28.0,28.0,189.0,10.0,0.43,22.0,3.0,0.43,6.0,2.4,0.53,0.0,3.0,17.0,2,2,2,0.35,0.35,1920
0.0,4.3,0.05,0.4,0.2,0.2,15.0,15.0,115.0,5.0,0.25,14.0,3.0,0.25,3.0,0.8,0.92,2.0,3.0,14.0,0,0,1,0.31,0.31,2021
0.08,2.68,0.12,4.0,3.2,3.2,167.0,167.0,508.0,27.0,0.38,72.0,10.0,0.38,28.0,10.2,0.37,35.0,6.0,45.0,4,4,9,0.33,0.33,2223
0.22,2.81,0.12,4.2,3.1,3.1,139.0,139.0,417.0,31.0,0.32,70.0,7.0,0.32,22.0,8.1,0.28,9.0,6.0,48.0,2,2,9,0.36,0.36,2324
0.42,3.82,0.31,4.3,4.6,4.6,191.0,191.0,594.0,24.0,0.62,57.0,9.0,0.68,44.0,9.3,0.6,47.0,6.0,34.0,4,4,11,0.74,0.74,1819
0.28,6.86,0.46,7.3,10.0,10.0,246.0,246.0,860.0,60.0,0.79,148.0,30.0,0.83,73.0,17.0,1.39,58.0,15.0,92.0,9,9,20,0.93,0.88,1920
0.3,4.2,0.23,5.7,5.0,5.0,247.0,247.0,813.0,43.0,0.45,91.0,17.0,0.45,43.0,9.7,0.79,60.0,11.0,63.0,6,6,15,0.69,0.69,2021
0.47,4.38,0.25,3.8,4.2,4.2,234.0,234.0,746.0,39.0,0.62,73.0,10.0,0.86,34.0,10.4,0.6,44.0,7.0,55.0,5,5,16,0.96,0.72,2122
0.0,4.42,0.23,0.3,0.8,0.8,25.0,25.0,87.0,10.0,0.27,16.0,2.0,0.27,2.0,1.0,0.55,7.0,2.0,14.0,1,1,1,0.28,0.28,1819
0.0,0.49,0.01,0.4,0.2,0.2,1.0,1.0,68.0,4.0,0.04,14.0,3.0,0.04,6.0,1.2,0.11,0.0,3.0,13.0,1,1,1,0.04,0.04,2021
0.0,0.32,0.0,0.0,0.0,0.0,0.0,0.0,15.0,0.0,0.04,3.0,0.0,0.04,0.0,0.4,0.0,0.0,0.0,3.0,0,0,1,0.11,0.11,2122
0.4,3.12,0.18,1.3,1.4,1.4,26.0,26.0,154.0,13.0,0.25,25.0,1.0,0.25,10.0,2.0,0.12,1.0,0.0,15.0,1,1,1,0.12,0.12,1819
0.09,2.97,0.07,0.5,0.4,0.4,23.0,23.0,112.0,8.0,0.29,15.0,3.0,0.29,6.0,1.5,0.59,0.0,3.0,12.0,2,2,3,0.59,0.59,1920
0.0,0.76,0.02,0.3,0.7,0.7,5.0,5.0,59.0,8.0,0.05,24.0,1.0,0.05,5.0,1.6,0.03,0.0,1.0,20.0,0,0,1,0.03,0.03,1819
0.07,1.88,0.08,1.7,1.5,1.5,27.0,27.0,170.0,12.0,0.21,38.0,6.0,0.23,9.0,4.3,0.3,2.0,3.0,27.0,2,2,6,0.3,0.3,2122
0.11,1.68,0.04,0.9,1.2,1.2,8.0,8.0,171.0,18.0,0.11,45.0,4.0,0.11,11.0,2.8,0.15,1.0,3.0,37.0,2,2,4,0.15,0.15,2223
0.11,2.88,0.1,2.2,1.8,1.8,14.0,14.0,281.0,22.0,0.19,54.0,6.0,0.19,19.0,3.5,0.32,1.0,6.0,47.0,2,2,6,0.32,0.32,2324
0.0,1.99,0.13,0.6,1.7,1.7,52.0,52.0,140.0,8.0,0.7,26.0,3.0,0.7,4.0,9.2,0.23,7.0,1.0,17.0,1,1,10,0.77,0.77,1819
0.0,1.38,0.03,0.9,0.7,0.7,59.0,59.0,233.0,9.0,0.06,31.0,3.0,0.06,10.0,1.4,0.13,1.0,2.0,19.0,2,2,3,0.13,0.13,2223
0.0,2.06,0.01,0.2,0.1,0.1,17.0,17.0,74.0,2.0,0.05,11.0,3.0,0.05,1.0,0.3,0.56,1.0,3.0,6.0,0,0,0,0.0,0.0,2324
0.0,2.68,0.05,0.5,0.3,0.3,48.0,48.0,102.0,4.0,0.26,16.0,1.0,0.26,6.0,1.6,0.17,6.0,1.0,10.0,0,0,1,0.17,0.17,1920
0.09,3.0,0.17,4.5,4.7,4.7,185.0,185.0,597.0,32.0,1.06,82.0,17.0,1.31,24.0,28.8,0.62,25.0,12.0,56.0,7,7,48,1.76,1.46,2021
0.07,2.06,0.16,3.6,4.9,4.9,168.0,168.0,502.0,27.0,0.65,63.0,12.0,0.75,25.0,19.9,0.39,20.0,10.0,42.0,8,8,27,0.88,0.75,2324
0.24,2.78,0.19,2.9,2.5,2.5,98.0,98.0,297.0,19.0,0.34,36.0,2.0,0.34,18.0,4.4,0.15,8.0,1.0,22.0,0,0,1,0.08,0.08,2021
0.13,3.91,0.34,1.8,1.4,1.4,37.0,37.0,93.0,9.0,0.51,16.0,3.0,0.51,6.0,2.1,0.73,5.0,1.0,7.0,1,1,1,0.24,0.24,2122
0.29,3.07,0.12,2.3,1.8,1.8,97.0,97.0,335.0,21.0,0.24,46.0,3.0,0.34,22.0,3.6,0.2,12.0,2.0,28.0,2,2,5,0.33,0.2,2223
0.21,3.21,0.14,1.8,1.9,1.9,92.0,92.0,325.0,23.0,0.26,45.0,7.0,0.26,19.0,3.7,0.5,13.0,6.0,31.0,4,4,7,0.5,0.5,2324
0.0,3.28,0.19,3.7,3.2,3.2,117.0,117.0,383.0,33.0,0.34,55.0,8.0,0.34,9.0,5.7,0.48,20.0,4.0,18.0,5,5,10,0.6,0.6,1920
0.0,0.86,0.07,0.5,0.4,0.4,25.0,25.0,68.0,3.0,0.12,5.0,1.0,0.12,3.0,0.7,0.17,3.0,1.0,5.0,0,0,0,0.0,0.0,2021
0.24,4.0,0.19,5.5,5.5,5.5,244.0,244.0,764.0,43.0,0.63,116.0,17.0,0.66,51.0,18.3,0.59,13.0,12.0,90.0,6,6,18,0.62,0.59,1819
0.22,3.43,0.2,4.0,6.5,6.5,218.0,218.0,775.0,52.0,0.62,114.0,20.0,0.62,31.0,20.5,0.6,35.0,16.0,90.0,8,8,17,0.51,0.51,1920
0.36,3.52,0.18,4.6,5.6,5.6,222.0,222.0,788.0,44.0,0.54,111.0,11.0,0.54,40.0,16.9,0.35,22.0,10.0,84.0,7,7,16,0.51,0.51,2021
0.3,3.64,0.16,1.7,1.7,1.7,100.0,100.0,322.0,16.0,0.59,40.0,5.0,0.59,12.0,6.4,0.46,6.0,4.0,35.0,4,4,9,0.82,0.82,2122
0.1,2.57,0.07,0.9,0.9,0.9,42.0,42.0,230.0,14.0,0.32,31.0,1.0,0.32,8.0,3.8,0.08,1.0,1.0,30.0,0,0,5,0.41,0.41,1819
0.15,3.16,0.08,1.9,1.6,1.6,73.0,73.0,342.0,19.0,0.31,63.0,4.0,0.32,25.0,6.2,0.2,7.0,3.0,50.0,2,2,6,0.3,0.3,1920
0.28,1.61,0.1,1.2,1.3,1.3,41.0,41.0,191.0,8.0,0.19,22.0,7.0,0.19,7.0,2.6,0.51,5.0,5.0,16.0,2,2,5,0.37,0.37,2021
0.0,2.37,0.21,0.8,1.5,1.5,31.0,31.0,130.0,6.0,0.34,17.0,2.0,0.34,3.0,2.4,0.28,1.0,2.0,14.0,2,2,4,0.55,0.55,2122
0.08,2.18,0.03,0.7,0.3,0.3,22.0,22.0,125.0,5.0,0.13,19.0,1.0,0.13,12.0,1.1,0.11,1.0,0.0,17.0,0,0,0,0.0,0.0,2223
0.0,1.94,0.06,2.0,1.7,1.7,36.0,36.0,310.0,20.0,0.18,51.0,3.0,0.18,10.0,4.6,0.11,2.0,3.0,45.0,2,2,3,0.11,0.11,2324
0.0,1.7,0.07,0.7,1.5,1.5,99.0,99.0,287.0,13.0,0.37,37.0,4.0,0.44,8.0,8.1,0.18,16.0,0.0,24.0,0,0,9,0.41,0.32,1819
0.31,1.17,0.03,0.1,0.3,0.3,46.0,46.0,122.0,6.0,0.56,10.0,0.0,0.65,1.0,4.8,0.0,6.0,0.0,8.0,0,0,4,0.47,0.47,1920
0.23,3.55,0.18,0.5,1.0,1.0,29.0,29.0,143.0,7.0,0.27,20.0,1.0,0.27,7.0,1.5,0.18,1.0,0.0,11.0,0,0,3,0.53,0.53,2021
0.0,2.26,0.13,1.3,1.3,1.3,75.0,75.0,168.0,12.0,0.36,22.0,2.0,0.36,6.0,3.5,0.21,11.0,0.0,16.0,0,0,2,0.21,0.21,2122
0.0,4.52,0.02,0.1,0.0,0.0,15.0,15.0,46.0,1.0,0.24,10.0,0.0,0.24,2.0,0.5,0.0,2.0,0.0,5.0,0,0,0,0.0,0.0,2122
0.05,4.87,0.32,1.1,1.2,1.2,28.0,28.0,118.0,12.0,0.58,19.0,0.0,0.58,3.0,2.3,0.0,9.0,0.0,10.0,0,0,0,0.0,0.0,2223
0.0,4.53,0.15,2.4,3.1,3.1,119.0,119.0,491.0,41.0,0.25,95.0,2.0,0.25,26.0,5.3,0.1,15.0,1.0,58.0,1,1,2,0.1,0.1,2324
0.22,2.46,0.08,2.1,1.5,1.5,102.0,102.0,372.0,20.0,0.21,45.0,1.0,0.25,12.0,3.8,0.05,14.0,0.0,28.0,0,0,3,0.16,0.11,1920
0.22,2.91,0.22,3.3,4.4,4.4,90.0,90.0,402.0,25.0,0.38,58.0,8.0,0.46,28.0,7.5,0.4,18.0,5.0,49.0,5,5,8,0.4,0.35,2122
0.15,3.31,0.18,5.7,5.5,5.5,186.0,186.0,583.0,49.0,0.3,104.0,10.0,0.33,49.0,9.5,0.32,16.0,10.0,91.0,7,7,12,0.38,0.38,2223
0.0,1.02,0.08,0.1,0.6,0.6,44.0,44.0,127.0,3.0,0.8,8.0,1.0,0.8,2.0,6.2,0.13,2.0,0.0,4.0,0,0,5,0.64,0.64,2021
0.0,1.57,0.07,0.2,0.4,0.4,25.0,25.0,73.0,4.0,0.29,9.0,1.0,0.29,0.0,1.7,0.17,1.0,0.0,6.0,0,0,2,0.35,0.35,2223
0.0,0.47,0.08,0.0,0.2,0.2,8.0,8.0,31.0,1.0,0.27,1.0,0.0,0.27,0.0,0.6,0.0,1.0,0.0,0.0,0,0,0,0.0,0.0,2223
0.03,2.09,0.06,0.6,0.9,0.9,72.0,72.0,223.0,10.0,0.43,32.0,2.0,0.48,2.0,6.5,0.13,14.0,1.0,20.0,0,0,5,0.33,0.26,2324
0.05,2.06,0.06,1.8,1.2,1.2,97.0,97.0,370.0,12.0,0.12,40.0,4.0,0.12,24.0,2.2,0.21,3.0,4.0,26.0,1,1,4,0.21,0.21,1819
0.27,1.38,0.04,0.7,0.6,0.6,82.0,82.0,246.0,9.0,0.29,22.0,3.0,0.39,6.0,4.7,0.19,8.0,1.0,16.0,0,0,9,0.56,0.44,2021
0.18,3.27,0.08,0.7,0.4,0.4,47.0,47.0,139.0,9.0,0.12,17.0,2.0,0.12,6.0,0.6,0.38,1.0,2.0,12.0,2,2,2,0.38,0.38,1819
0.2,3.5,0.16,3.3,4.8,4.8,145.0,145.0,497.0,48.0,0.24,102.0,10.0,0.24,42.0,6.9,0.34,8.0,10.0,90.0,4,4,4,0.14,0.14,2122
0.22,2.47,0.08,2.1,1.6,1.6,95.0,95.0,378.0,19.0,0.2,52.0,3.0,0.35,26.0,4.1,0.14,3.0,2.0,27.0,1,1,8,0.38,0.19,2021
0.0,3.99,0.25,2.1,2.3,2.3,50.0,50.0,231.0,24.0,0.31,36.0,3.0,0.48,15.0,2.8,0.33,0.0,2.0,23.0,2,2,4,0.44,0.22,2122
0.24,2.36,0.13,3.1,2.7,2.7,153.0,153.0,517.0,18.0,0.22,51.0,6.0,0.22,31.0,4.9,0.28,13.0,4.0,39.0,2,2,5,0.23,0.23,1819
0.21,2.89,0.13,3.3,3.8,3.8,198.0,198.0,669.0,40.0,0.33,84.0,13.0,0.33,45.0,9.7,0.45,19.0,11.0,65.0,7,7,16,0.55,0.55,1920
0.0,2.82,0.13,3.9,3.6,3.6,204.0,204.0,678.0,29.0,0.43,79.0,13.0,0.43,35.0,12.0,0.46,16.0,12.0,65.0,6,6,17,0.61,0.61,2021
0.53,2.35,0.07,0.4,0.4,0.4,24.0,24.0,105.0,6.0,0.4,12.0,1.0,0.4,6.0,2.0,0.2,3.0,0.0,8.0,0,0,1,0.2,0.2,2122
0.12,3.13,0.18,2.9,2.4,2.4,102.0,102.0,314.0,16.0,0.41,41.0,2.0,0.41,15.0,5.3,0.15,5.0,2.0,35.0,0,0,3,0.23,0.23,2223
0.13,3.24,0.09,2.3,1.4,1.4,83.0,83.0,295.0,17.0,0.22,49.0,3.0,0.22,20.0,3.3,0.2,9.0,2.0,34.0,3,3,3,0.2,0.2,2122
0.29,3.0,0.16,2.0,2.3,2.3,103.0,103.0,311.0,25.0,0.42,45.0,2.0,0.42,16.0,6.3,0.13,20.0,2.0,32.0,2,2,12,0.8,0.8,2324
0.0,1.13,0.01,0.4,0.2,0.2,4.0,4.0,52.0,4.0,0.03,20.0,0.0,0.03,4.0,0.5,0.0,0.0,0.0,18.0,0,0,1,0.06,0.06,1920
0.0,0.8,0.02,0.4,0.4,0.4,6.0,6.0,56.0,5.0,0.06,17.0,2.0,0.06,4.0,1.3,0.09,1.0,2.0,14.0,0,0,1,0.05,0.05,1819
0.0,1.3,0.04,1.6,1.1,1.1,11.0,11.0,110.0,12.0,0.17,39.0,0.0,0.17,14.0,5.1,0.0,1.0,0.0,33.0,0,0,1,0.03,0.03,1920
0.0,1.37,0.02,0.3,0.4,0.4,14.0,14.0,88.0,5.0,0.07,24.0,2.0,0.07,6.0,1.2,0.11,1.0,2.0,21.0,0,0,0,0.0,0.0,2122
0.03,0.38,0.01,0.5,0.3,0.3,2.0,2.0,39.0,5.0,0.07,10.0,1.0,0.07,3.0,1.8,0.04,0.0,1.0,9.0,0,0,1,0.04,0.04,1920
0.03,0.52,0.01,0.4,0.4,0.4,4.0,4.0,69.0,4.0,0.09,16.0,6.0,0.09,3.0,2.7,0.2,0.0,2.0,9.0,1,1,1,0.03,0.03,2021
0.0,0.48,0.0,0.6,0.1,0.1,2.0,2.0,53.0,3.0,0.03,15.0,1.0,0.03,2.0,1.0,0.03,0.0,1.0,13.0,0,0,0,0.0,0.0,2223
0.0,0.62,0.0,0.8,0.1,0.1,1.0,1.0,45.0,3.0,0.04,17.0,1.0,0.04,0.0,1.2,0.04,0.0,1.0,15.0,0,0,2,0.07,0.07,2324
0.07,1.76,0.08,1.4,2.1,2.1,122.0,122.0,340.0,22.0,0.43,43.0,6.0,0.43,13.0,10.5,0.25,15.0,5.0,32.0,3,3,10,0.41,0.41,1819
0.12,2.42,0.1,2.3,3.0,3.0,155.0,155.0,371.0,28.0,0.47,70.0,6.0,0.5,18.0,13.6,0.21,17.0,4.0,48.0,2,2,15,0.52,0.48,1920
0.05,2.66,0.1,2.6,2.4,2.4,58.0,58.0,259.0,20.0,0.25,63.0,8.0,0.25,17.0,6.0,0.34,12.0,5.0,42.0,3,3,9,0.38,0.38,2324
0.03,1.92,0.05,1.3,1.7,1.7,26.0,26.0,264.0,23.0,0.09,69.0,7.0,0.09,5.0,3.3,0.2,4.0,7.0,60.0,3,3,4,0.11,0.11,1718
0.07,1.51,0.04,1.2,1.4,1.4,13.0,13.0,301.0,17.0,0.13,46.0,4.0,0.13,8.0,4.1,0.13,3.0,3.0,41.0,1,1,4,0.13,0.13,1819
0.0,2.78,0.05,2.2,1.4,1.4,31.0,31.0,522.0,29.0,0.1,85.0,9.0,0.13,20.0,3.1,0.29,7.0,7.0,74.0,2,2,4,0.13,0.1,2021
0.19,3.78,0.18,1.7,1.8,1.8,78.0,78.0,212.0,17.0,0.32,37.0,6.0,0.32,16.0,3.2,0.61,9.0,4.0,28.0,2,2,3,0.31,0.31,2122
0.17,2.84,0.13,3.5,4.1,4.1,37.0,37.0,592.0,32.0,0.27,92.0,10.0,0.27,33.0,8.7,0.31,3.0,10.0,80.0,6,6,8,0.25,0.25,2223
0.28,3.26,0.12,2.1,2.2,2.2,104.0,104.0,438.0,22.0,0.2,58.0,8.0,0.2,34.0,3.6,0.45,19.0,6.0,49.0,3,3,5,0.28,0.28,2223
0.0,2.83,0.1,2.2,1.2,1.2,116.0,116.0,299.0,15.0,0.19,33.0,0.0,0.19,32.0,2.2,0.0,14.0,0.0,24.0,0,0,0,0.0,0.0,2324
0.21,3.09,0.13,2.9,4.0,4.0,264.0,264.0,588.0,35.0,0.56,92.0,17.0,0.59,28.0,16.8,0.57,34.0,10.0,68.0,4,4,20,0.67,0.64,1718
0.34,2.99,0.15,4.0,4.3,4.3,218.0,218.0,591.0,30.0,0.62,84.0,14.0,0.64,32.0,17.3,0.5,42.0,12.0,62.0,6,6,14,0.5,0.5,1819
0.14,2.49,0.27,2.8,5.7,5.7,143.0,143.0,373.0,27.0,0.6,52.0,14.0,0.6,26.0,12.4,0.67,18.0,9.0,41.0,7,7,11,0.53,0.53,1920
0.05,3.18,0.12,2.7,3.1,3.1,164.0,164.0,439.0,38.0,0.26,80.0,4.0,0.29,31.0,6.6,0.16,9.0,2.0,64.0,1,1,7,0.28,0.24,2122
0.0,0.99,0.0,0.3,0.1,0.1,2.0,2.0,82.0,3.0,0.04,13.0,0.0,0.04,1.0,0.5,0.0,1.0,0.0,10.0,0,0,0,0.0,0.0,2122
0.03,0.81,0.01,0.3,0.3,0.3,22.0,22.0,125.0,7.0,0.05,25.0,1.0,0.05,5.0,1.7,0.03,1.0,1.0,21.0,0,0,1,0.03,0.03,2021
0.29,2.43,0.1,2.0,2.1,2.1,65.0,65.0,321.0,24.0,0.16,54.0,9.0,0.16,18.0,3.6,0.4,3.0,9.0,49.0,3,3,5,0.22,0.22,1819
0.15,3.36,0.15,2.9,3.6,3.6,60.0,60.0,457.0,44.0,0.18,82.0,11.0,0.18,17.0,4.3,0.45,1.0,5.0,60.0,7,7,7,0.29,0.29,1920
0.26,2.67,0.09,1.8,2.3,2.3,25.0,25.0,339.0,29.0,0.11,69.0,11.0,0.11,14.0,2.9,0.43,3.0,10.0,53.0,4,4,4,0.15,0.15,2021
0.12,2.81,0.07,0.8,0.9,0.9,32.0,32.0,155.0,11.0,0.12,36.0,3.0,0.12,3.0,1.6,0.23,2.0,2.0,30.0,1,1,1,0.08,0.08,2122
0.09,2.04,0.05,0.7,0.8,0.8,19.0,19.0,175.0,11.0,0.18,34.0,5.0,0.18,9.0,3.1,0.3,1.0,2.0,27.0,2,2,7,0.42,0.42,2223
0.0,2.78,0.04,1.1,0.5,0.5,31.0,31.0,250.0,8.0,0.22,31.0,4.0,0.22,11.0,2.4,0.36,2.0,3.0,26.0,1,1,2,0.18,0.18,2324
0.25,5.26,0.3,7.2,9.4,9.4,183.0,183.0,892.0,77.0,0.46,165.0,17.0,0.46,63.0,14.6,0.54,32.0,6.0,104.0,6,6,13,0.41,0.41,1920
0.22,4.12,0.26,3.8,5.5,5.5,68.0,68.0,425.0,48.0,0.33,88.0,11.0,0.33,47.0,7.1,0.52,3.0,10.0,77.0,7,7,9,0.42,0.42,2223
0.21,3.55,0.22,6.2,5.0,5.0,55.0,55.0,460.0,39.0,0.3,82.0,12.0,0.3,63.0,6.8,0.52,11.0,10.0,71.0,5,5,8,0.35,0.35,2324
0.0,0.13,0.01,0.1,0.2,0.2,2.0,2.0,21.0,2.0,0.05,3.0,0.0,0.05,0.0,1.2,0.0,0.0,0.0,3.0,0,0,2,0.08,0.08,1920
0.03,0.77,0.05,0.1,0.3,0.3,0.0,0.0,11.0,3.0,0.16,4.0,0.0,0.16,0.0,0.9,0.0,0.0,0.0,3.0,0,0,1,0.19,0.19,2021
0.11,3.4,0.16,3.2,4.2,4.2,265.0,265.0,616.0,39.0,0.37,88.0,11.0,0.37,29.0,9.5,0.43,36.0,8.0,74.0,6,6,9,0.35,0.35,1819
0.18,3.15,0.16,3.0,4.6,4.6,383.0,383.0,782.0,52.0,0.48,88.0,6.0,0.48,33.0,13.4,0.21,27.0,6.0,81.0,3,3,10,0.36,0.36,1920
0.29,2.85,0.15,3.8,3.7,3.7,171.0,171.0,528.0,33.0,0.32,69.0,9.0,0.32,28.0,7.7,0.37,42.0,3.0,46.0,4,4,8,0.33,0.33,2223
0.17,3.6,0.18,3.7,3.1,3.1,166.0,166.0,457.0,28.0,0.35,61.0,11.0,0.35,30.0,5.9,0.65,28.0,6.0,47.0,5,5,8,0.47,0.47,2324
0.24,3.76,0.34,1.9,3.7,3.7,99.0,99.0,286.0,19.0,0.52,41.0,9.0,0.52,13.0,5.6,0.83,19.0,7.0,30.0,6,6,7,0.64,0.64,2021
0.3,4.07,0.14,2.7,2.4,2.4,194.0,194.0,507.0,28.0,0.34,69.0,12.0,0.34,21.0,5.8,0.71,38.0,8.0,42.0,4,4,8,0.47,0.47,2122
0.19,5.03,0.26,6.2,7.0,7.0,268.0,268.0,822.0,47.0,0.75,133.0,21.0,0.78,28.0,19.9,0.79,79.0,12.0,78.0,8,8,17,0.64,0.61,2223
0.23,4.2,0.15,4.2,4.0,4.0,301.0,301.0,905.0,46.0,0.56,111.0,14.0,0.59,44.0,14.9,0.53,84.0,7.0,71.0,5,5,15,0.57,0.57,2324
0.0,1.13,0.06,0.5,1.5,1.5,9.0,9.0,87.0,11.0,0.11,29.0,5.0,0.11,3.0,2.7,0.19,5.0,5.0,20.0,2,2,2,0.08,0.08,2021
0.0,0.97,0.02,1.4,0.5,0.5,15.0,15.0,110.0,10.0,0.08,31.0,2.0,0.08,10.0,2.5,0.06,2.0,2.0,28.0,0,0,3,0.09,0.09,2122
0.04,1.76,0.05,0.7,1.0,1.0,104.0,104.0,287.0,16.0,0.58,37.0,2.0,0.66,5.0,12.2,0.1,9.0,0.0,23.0,0,0,13,0.62,0.52,1819
0.16,1.79,0.12,1.4,3.0,3.0,132.0,132.0,324.0,25.0,0.41,45.0,4.0,0.54,15.0,10.4,0.16,12.0,1.0,34.0,1,1,12,0.48,0.32,1920
0.13,1.64,0.12,2.4,2.8,2.8,155.0,155.0,354.0,18.0,0.38,40.0,8.0,0.51,13.0,9.3,0.33,6.0,8.0,34.0,4,4,16,0.66,0.57,2021
0.0,1.66,0.14,1.0,3.2,3.2,133.0,133.0,318.0,23.0,0.39,39.0,5.0,0.49,15.0,9.3,0.21,9.0,3.0,28.0,3,3,10,0.43,0.38,2122
0.14,1.69,0.06,0.2,0.5,0.5,34.0,34.0,86.0,4.0,0.41,12.0,0.0,0.41,1.0,2.9,0.0,3.0,0.0,6.0,0,0,1,0.14,0.14,2223
0.2,1.79,0.09,0.4,0.7,0.7,50.0,50.0,93.0,10.0,0.17,13.0,1.0,0.17,3.0,1.2,0.14,6.0,1.0,10.0,1,1,1,0.14,0.14,2223
0.09,1.15,0.08,1.5,2.3,2.3,125.0,125.0,512.0,19.0,0.16,34.0,3.0,0.16,18.0,4.7,0.1,12.0,1.0,28.0,2,2,3,0.1,0.1,1819
0.05,2.84,0.08,1.1,0.9,0.9,55.0,55.0,219.0,12.0,0.12,32.0,4.0,0.12,11.0,1.3,0.35,4.0,2.0,21.0,1,1,2,0.18,0.18,1920
0.05,1.44,0.07,1.4,1.5,1.5,135.0,135.0,455.0,12.0,0.1,30.0,1.0,0.1,15.0,2.0,0.05,9.0,1.0,24.0,1,1,1,0.05,0.05,2021
0.09,2.65,0.1,1.8,1.9,1.9,80.0,80.0,318.0,27.0,0.12,51.0,3.0,0.12,26.0,2.3,0.16,6.0,3.0,40.0,1,1,1,0.05,0.05,2122
0.0,2.22,0.08,2.2,2.7,2.7,115.0,115.0,523.0,30.0,0.1,74.0,6.0,0.1,47.0,3.3,0.18,13.0,5.0,62.0,3,3,3,0.09,0.09,2223
0.16,3.26,0.08,1.6,1.0,1.0,89.0,89.0,255.0,12.0,0.32,42.0,4.0,0.32,9.0,4.2,0.31,8.0,2.0,28.0,0,0,2,0.15,0.15,1920
0.23,2.33,0.07,1.3,1.4,1.4,118.0,118.0,300.0,15.0,0.38,43.0,8.0,0.42,16.0,7.0,0.43,9.0,5.0,30.0,3,3,11,0.6,0.54,2021
0.27,2.78,0.22,4.3,3.8,3.8,136.0,136.0,334.0,18.0,0.57,48.0,7.0,0.57,24.0,9.8,0.41,11.0,4.0,31.0,4,4,8,0.46,0.46,2122
0.1,3.5,0.11,1.6,1.3,1.3,71.0,71.0,202.0,17.0,0.34,39.0,5.0,0.34,12.0,3.8,0.45,3.0,3.0,23.0,3,3,4,0.36,0.36,2223
0.0,3.38,0.17,3.6,3.5,3.5,139.0,139.0,372.0,29.0,0.52,69.0,10.0,0.56,28.0,10.6,0.49,15.0,5.0,51.0,2,2,5,0.24,0.24,2324
0.09,1.85,0.06,1.8,2.1,2.1,62.0,62.0,363.0,29.0,0.12,60.0,4.0,0.12,19.0,3.7,0.12,2.0,3.0,42.0,2,2,5,0.15,0.15,1819
0.06,2.99,0.16,2.3,3.6,3.6,61.0,61.0,376.0,34.0,0.32,68.0,4.0,0.32,13.0,7.2,0.18,5.0,4.0,50.0,2,2,2,0.09,0.09,1920
0.14,1.58,0.04,0.2,0.2,0.2,18.0,18.0,64.0,4.0,0.26,7.0,1.0,0.26,4.0,1.2,0.23,1.0,1.0,7.0,0,0,0,0.0,0.0,2021
0.18,3.55,0.2,1.7,2.9,2.9,29.0,29.0,237.0,31.0,0.28,52.0,4.0,0.28,11.0,4.1,0.27,4.0,3.0,31.0,2,2,2,0.14,0.14,2122
0.17,4.02,0.23,4.1,4.9,4.9,59.0,59.0,356.0,34.0,0.3,87.0,8.0,0.3,18.0,6.4,0.37,3.0,5.0,59.0,4,4,6,0.28,0.28,2223
0.14,1.98,0.09,1.7,1.6,1.6,32.0,32.0,224.0,13.0,0.29,35.0,8.0,0.29,20.0,5.2,0.45,0.0,5.0,23.0,3,3,6,0.34,0.34,2324
0.05,1.43,0.03,1.3,0.9,0.9,62.0,62.0,261.0,15.0,0.06,40.0,1.0,0.06,26.0,1.6,0.04,4.0,0.0,36.0,0,0,0,0.0,0.0,1819
0.0,1.86,0.07,1.3,1.2,1.2,28.0,28.0,146.0,12.0,0.09,35.0,2.0,0.09,14.0,1.7,0.11,3.0,2.0,24.0,1,1,2,0.11,0.11,1920
0.69,3.41,0.25,2.8,3.4,3.4,99.0,99.0,291.0,21.0,0.42,47.0,7.0,0.47,19.0,5.8,0.51,9.0,7.0,33.0,5,5,7,0.51,0.43,1920
0.55,5.24,0.38,2.5,2.7,2.7,104.0,104.0,279.0,19.0,0.53,38.0,6.0,0.53,12.0,3.8,0.83,10.0,3.0,23.0,5,5,5,0.69,0.69,2021
0.0,3.14,0.12,1.8,1.3,1.3,85.0,85.0,264.0,15.0,0.17,34.0,10.0,0.18,11.0,1.8,0.92,9.0,7.0,23.0,6,6,6,0.55,0.55,2122
0.29,4.31,0.27,4.2,4.2,4.2,125.0,125.0,416.0,36.0,0.42,68.0,13.0,0.67,36.0,6.6,0.82,12.0,8.0,40.0,6,6,12,0.76,0.44,2223
0.29,5.98,0.36,9.1,9.9,9.9,287.0,287.0,936.0,89.0,0.46,166.0,14.0,0.55,72.0,12.8,0.5,21.0,9.0,101.0,8,8,16,0.58,0.47,2324
0.25,4.73,0.23,6.5,7.2,7.2,166.0,166.0,796.0,63.0,0.39,152.0,15.0,0.42,40.0,12.7,0.47,26.0,7.0,74.0,5,5,11,0.34,0.31,2021
0.0,4.11,0.14,3.5,2.8,2.8,98.0,98.0,531.0,38.0,0.27,82.0,9.0,0.47,26.0,5.3,0.45,18.0,3.0,43.0,5,5,12,0.6,0.35,2122
0.22,5.27,0.23,2.5,2.3,2.3,72.0,72.0,324.0,27.0,0.41,52.0,5.0,0.41,17.0,4.1,0.51,15.0,2.0,28.0,0,0,3,0.3,0.3,2122
0.3,3.25,0.15,2.6,2.1,2.1,66.0,66.0,289.0,17.0,0.34,45.0,9.0,0.34,22.0,4.8,0.65,17.0,5.0,27.0,3,3,8,0.58,0.58,2223
0.0,3.87,0.09,0.6,0.3,0.3,16.0,16.0,95.0,6.0,0.14,13.0,1.0,0.14,3.0,0.5,0.3,1.0,0.0,10.0,1,1,1,0.3,0.3,2223
0.2,2.66,0.1,2.0,1.7,1.7,78.0,78.0,335.0,16.0,0.28,43.0,6.0,0.28,25.0,4.5,0.37,11.0,4.0,28.0,1,1,6,0.37,0.37,2324
0.1,3.24,0.25,3.3,4.4,4.4,152.0,152.0,415.0,33.0,0.43,57.0,7.0,0.43,25.0,7.6,0.4,15.0,5.0,40.0,4,4,8,0.45,0.45,1819
0.05,4.27,0.16,1.7,1.5,1.5,76.0,76.0,209.0,18.0,0.58,41.0,8.0,0.58,11.0,5.6,0.83,5.0,1.0,22.0,1,1,7,0.73,0.73,1920
0.1,3.15,0.18,2.5,3.5,3.5,165.0,165.0,458.0,33.0,0.41,62.0,3.0,0.42,16.0,8.1,0.15,21.0,2.0,33.0,1,1,7,0.36,0.36,2021
0.17,3.34,0.14,1.7,1.4,1.4,100.0,100.0,265.0,14.0,0.43,33.0,3.0,0.43,5.0,4.3,0.3,5.0,1.0,24.0,1,1,3,0.3,0.3,2122
0.2,1.72,0.07,1.6,1.3,1.3,85.0,85.0,315.0,16.0,0.13,32.0,3.0,0.13,14.0,2.4,0.16,5.0,3.0,28.0,1,1,1,0.05,0.05,1920
0.06,2.46,0.1,3.9,3.6,3.6,213.0,213.0,665.0,37.0,0.18,86.0,15.0,0.18,44.0,6.3,0.43,13.0,13.0,66.0,7,7,10,0.29,0.29,2021
0.24,1.86,0.09,1.9,1.9,1.9,122.0,122.0,395.0,15.0,0.16,38.0,5.0,0.16,15.0,3.2,0.25,5.0,3.0,23.0,2,2,4,0.2,0.2,2223
0.0,1.0,0.04,0.4,1.3,1.3,9.0,9.0,88.0,12.0,0.16,30.0,2.0,0.16,6.0,4.8,0.07,2.0,1.0,24.0,1,1,3,0.1,0.1,1920
0.21,2.9,0.12,2.2,2.0,2.0,84.0,84.0,325.0,22.0,0.21,49.0,3.0,0.21,19.0,3.5,0.18,7.0,3.0,43.0,3,3,4,0.24,0.24,2223
0.13,4.08,0.22,6.7,6.3,6.3,165.0,165.0,561.0,51.0,0.4,118.0,16.0,0.4,46.0,11.5,0.55,22.0,15.0,101.0,6,6,10,0.35,0.35,2324
0.06,2.36,0.09,2.9,2.2,2.2,200.0,200.0,410.0,21.0,0.54,56.0,7.0,0.54,23.0,12.7,0.29,22.0,6.0,47.0,0,0,12,0.51,0.51,1819
0.34,3.47,0.14,3.1,4.5,4.5,289.0,289.0,609.0,53.0,0.57,115.0,13.0,0.71,26.0,18.8,0.39,30.0,10.0,94.0,2,2,25,0.76,0.57,1920
0.0,3.96,0.22,5.4,7.0,7.0,295.0,295.0,644.0,52.0,0.79,127.0,28.0,0.94,38.0,25.3,0.87,50.0,18.0,91.0,11,11,35,1.09,0.9,2021
0.33,2.83,0.17,1.7,3.0,3.0,125.0,125.0,259.0,24.0,0.5,50.0,5.0,0.54,9.0,8.8,0.28,17.0,0.0,35.0,0,0,8,0.45,0.4,2122
0.1,3.96,0.22,2.9,4.1,4.1,159.0,159.0,339.0,32.0,0.62,73.0,11.0,0.71,15.0,11.5,0.6,12.0,9.0,59.0,6,6,16,0.87,0.76,2223
0.32,2.28,0.08,1.5,2.4,2.4,234.0,234.0,448.0,29.0,0.39,67.0,9.0,0.42,13.0,11.4,0.31,22.0,8.0,56.0,3,3,16,0.55,0.55,2324
0.0,2.23,0.07,1.5,2.1,2.1,36.0,36.0,230.0,23.0,0.12,66.0,7.0,0.12,13.0,3.5,0.24,4.0,6.0,58.0,1,1,2,0.07,0.07,2223
0.0,0.54,0.01,0.2,0.2,0.2,2.0,2.0,42.0,3.0,0.12,9.0,1.0,0.12,0.0,2.0,0.06,1.0,0.0,5.0,1,1,3,0.18,0.18,2021
0.1,0.59,0.05,0.8,1.2,1.2,14.0,14.0,94.0,8.0,0.11,15.0,0.0,0.11,4.0,2.8,0.0,4.0,0.0,12.0,0,0,4,0.16,0.16,2122
0.09,0.9,0.04,0.7,0.8,0.8,11.0,11.0,77.0,6.0,0.15,18.0,6.0,0.15,3.0,2.9,0.3,1.0,5.0,15.0,2,2,2,0.1,0.1,2223
0.12,0.99,0.07,1.7,1.4,1.4,11.0,11.0,92.0,8.0,0.16,22.0,4.0,0.16,6.0,3.5,0.18,2.0,1.0,14.0,2,2,3,0.14,0.14,2324
0.0,2.77,0.06,1.4,1.1,1.1,32.0,32.0,232.0,24.0,0.13,56.0,1.0,0.13,17.0,2.7,0.05,2.0,1.0,42.0,1,1,1,0.05,0.05,1920
0.0,1.1,0.0,0.2,0.0,0.0,5.0,5.0,50.0,0.0,0.04,10.0,0.0,0.04,2.0,0.4,0.0,1.0,0.0,8.0,0,0,0,0.0,0.0,2223
0.0,1.08,0.02,0.4,0.3,0.3,25.0,25.0,132.0,6.0,0.04,14.0,0.0,0.04,4.0,0.5,0.0,5.0,0.0,11.0,0,0,0,0.0,0.0,1718
0.04,1.56,0.04,1.4,1.0,1.0,78.0,78.0,338.0,16.0,0.06,40.0,0.0,0.06,23.0,1.5,0.0,3.0,0.0,30.0,0,0,1,0.04,0.04,2021
0.0,1.73,0.06,2.3,1.7,1.7,71.0,71.0,406.0,15.0,0.08,49.0,3.0,0.08,21.0,2.2,0.11,4.0,3.0,39.0,1,1,1,0.04,0.04,2122
0.0,2.06,0.12,0.7,0.8,0.8,35.0,35.0,114.0,4.0,0.14,15.0,1.0,0.14,3.0,1.0,0.14,1.0,1.0,8.0,1,1,1,0.14,0.14,2223
0.1,2.91,0.19,5.4,5.3,5.3,282.0,282.0,628.0,41.0,0.55,82.0,13.0,0.55,43.0,15.5,0.46,36.0,7.0,54.0,5,5,20,0.71,0.71,1718
0.0,4.92,0.23,3.7,4.7,4.7,168.0,168.0,562.0,47.0,0.42,101.0,4.0,0.42,24.0,8.6,0.19,21.0,2.0,49.0,2,2,4,0.19,0.19,1819
0.19,3.38,0.2,4.0,3.9,3.9,159.0,159.0,481.0,41.0,0.35,67.0,5.0,0.35,23.0,6.8,0.25,19.0,4.0,33.0,1,1,4,0.2,0.2,2021
0.13,2.94,0.09,2.1,1.7,1.7,56.0,56.0,308.0,19.0,0.15,57.0,5.0,0.15,25.0,2.9,0.26,4.0,4.0,40.0,2,2,4,0.21,0.21,1819
0.0,3.31,0.12,2.1,2.6,2.6,55.0,55.0,371.0,29.0,0.18,74.0,7.0,0.18,24.0,4.0,0.31,4.0,7.0,54.0,3,3,4,0.18,0.18,1920
0.06,2.35,0.04,1.7,0.8,0.8,45.0,45.0,273.0,16.0,0.09,46.0,0.0,0.13,18.0,1.7,0.0,5.0,0.0,35.0,0,0,1,0.05,0.0,2021
0.33,3.98,0.15,1.8,2.1,2.1,50.0,50.0,339.0,22.0,0.45,55.0,9.0,0.45,18.0,6.2,0.65,3.0,7.0,43.0,5,5,8,0.58,0.58,1819
0.06,4.24,0.19,2.6,2.3,2.3,63.0,63.0,298.0,24.0,0.41,52.0,6.0,0.41,18.0,5.1,0.49,11.0,5.0,35.0,4,4,5,0.41,0.41,1920
0.0,4.47,0.24,2.4,4.2,4.2,73.0,73.0,428.0,39.0,0.43,76.0,5.0,0.43,25.0,7.3,0.29,12.0,2.0,44.0,1,1,4,0.24,0.24,2021
0.19,9.0,0.24,0.7,0.5,0.5,17.0,17.0,98.0,8.0,0.73,18.0,3.0,0.73,7.0,1.5,1.5,0.0,3.0,13.0,0,0,1,0.5,0.5,2122
0.14,4.92,0.23,1.9,2.4,2.4,46.0,46.0,228.0,31.0,0.65,51.0,5.0,0.65,8.0,6.7,0.48,7.0,2.0,30.0,2,2,6,0.56,0.56,2223
0.15,3.58,0.13,2.7,3.7,3.7,39.0,39.0,430.0,44.0,0.27,104.0,11.0,0.27,27.0,7.9,0.38,4.0,6.0,67.0,4,4,9,0.31,0.31,2324
0.0,0.32,0.0,0.8,0.0,0.0,3.0,3.0,28.0,1.0,0.03,6.0,0.0,0.03,1.0,0.5,0.0,0.0,0.0,6.0,0,0,0,0.0,0.0,2223
0.12,3.02,0.15,1.9,1.8,1.8,80.0,80.0,268.0,18.0,0.17,36.0,4.0,0.17,28.0,2.0,0.34,4.0,4.0,31.0,2,2,2,0.17,0.17,1920
0.08,3.15,0.19,5.8,4.7,4.7,231.0,231.0,633.0,41.0,0.23,78.0,7.0,0.23,39.0,5.6,0.28,4.0,4.0,56.0,3,3,4,0.16,0.16,2021
0.0,1.35,0.04,2.9,0.9,0.9,101.0,101.0,487.0,12.0,0.05,32.0,4.0,0.05,32.0,1.2,0.17,4.0,3.0,25.0,2,2,2,0.08,0.08,2122
0.14,1.38,0.07,1.2,0.9,0.9,78.0,78.0,305.0,3.0,0.09,18.0,2.0,0.09,11.0,1.1,0.15,3.0,2.0,14.0,0,0,0,0.0,0.0,2223
0.16,2.2,0.14,4.0,2.9,2.9,162.0,162.0,518.0,26.0,0.2,47.0,5.0,0.2,42.0,4.3,0.23,2.0,5.0,43.0,3,3,4,0.19,0.19,2324
0.43,4.42,0.07,0.7,0.8,0.8,75.0,75.0,341.0,16.0,0.33,49.0,5.0,0.33,6.0,3.7,0.45,10.0,5.0,37.0,2,2,8,0.72,0.72,1819
0.13,2.92,0.06,1.1,1.2,1.2,97.0,97.0,362.0,17.0,0.22,62.0,0.0,0.22,13.0,4.6,0.0,14.0,0.0,36.0,0,0,1,0.05,0.05,2021
0.06,3.62,0.16,2.4,2.4,2.4,53.0,53.0,327.0,18.0,0.24,56.0,6.0,0.24,20.0,3.6,0.39,9.0,3.0,44.0,2,2,2,0.13,0.13,2122
0.04,2.11,0.09,1.8,1.5,1.5,86.0,86.0,322.0,16.0,0.14,36.0,4.0,0.14,18.0,2.4,0.23,10.0,4.0,31.0,1,1,1,0.06,0.06,2223
0.0,2.22,0.1,2.0,2.4,2.4,113.0,113.0,356.0,25.0,0.26,51.0,6.0,0.26,12.0,6.1,0.26,9.0,3.0,45.0,1,1,7,0.3,0.3,2324
0.17,2.67,0.13,3.1,3.6,3.6,152.0,152.0,414.0,23.0,0.35,75.0,6.0,0.35,20.0,9.8,0.21,31.0,4.0,47.0,1,1,7,0.25,0.25,1920
0.14,2.74,0.16,1.7,2.8,2.8,124.0,124.0,298.0,25.0,0.39,49.0,4.0,0.39,17.0,7.0,0.22,13.0,4.0,36.0,3,3,9,0.5,0.5,2021
0.32,2.09,0.12,3.1,2.7,2.7,118.0,118.0,382.0,24.0,0.29,46.0,5.0,0.29,22.0,6.4,0.23,16.0,4.0,36.0,3,3,4,0.18,0.18,2122
0.23,2.47,0.18,1.9,2.2,2.2,68.0,68.0,241.0,16.0,0.27,31.0,4.0,0.27,16.0,3.4,0.32,3.0,3.0,22.0,4,4,7,0.56,0.56,2223
0.13,3.17,0.11,3.2,2.4,2.4,145.0,145.0,485.0,26.0,0.29,69.0,7.0,0.29,30.0,6.3,0.32,15.0,6.0,49.0,5,5,9,0.41,0.41,2324
0.0,2.38,0.05,1.2,1.0,1.0,21.0,21.0,167.0,16.0,0.13,51.0,4.0,0.13,4.0,2.9,0.19,1.0,4.0,31.0,2,2,4,0.19,0.19,1920
0.0,1.16,0.02,0.9,0.5,0.5,21.0,21.0,186.0,9.0,0.1,28.0,2.0,0.1,11.0,2.3,0.08,1.0,2.0,23.0,0,0,1,0.04,0.04,2021
0.0,3.18,0.08,1.2,0.9,0.9,21.0,21.0,156.0,14.0,0.18,39.0,1.0,0.18,12.0,2.3,0.08,1.0,1.0,28.0,0,0,2,0.16,0.16,2122
0.03,2.07,0.06,1.2,1.3,1.3,20.0,20.0,224.0,20.0,0.13,47.0,2.0,0.23,16.0,2.9,0.09,3.0,2.0,34.0,0,0,3,0.13,0.04,2223
0.04,1.35,0.05,1.8,1.4,1.4,49.0,49.0,322.0,13.0,0.08,40.0,7.0,0.08,17.0,2.5,0.24,2.0,2.0,23.0,1,1,1,0.03,0.03,1920
0.14,2.19,0.1,2.7,2.8,2.8,54.0,54.0,359.0,29.0,0.15,62.0,3.0,0.15,27.0,4.2,0.11,0.0,3.0,39.0,1,1,2,0.07,0.07,2021
0.05,1.99,0.09,2.6,2.5,2.5,46.0,46.0,415.0,22.0,0.1,58.0,5.0,0.1,25.0,2.8,0.17,2.0,3.0,36.0,4,4,4,0.14,0.14,2122
0.23,3.04,0.18,5.6,5.5,5.5,197.0,197.0,628.0,53.0,0.24,92.0,10.0,0.27,37.0,7.3,0.33,9.0,7.0,59.0,5,5,8,0.26,0.23,2021
0.16,4.35,0.13,4.2,3.4,3.4,199.0,199.0,746.0,58.0,0.19,115.0,12.0,0.25,50.0,4.9,0.45,11.0,7.0,63.0,6,6,7,0.27,0.27,2122
0.12,4.2,0.15,2.2,2.0,2.0,92.0,92.0,339.0,25.0,0.29,54.0,4.0,0.29,13.0,3.8,0.31,3.0,2.0,29.0,2,2,4,0.31,0.31,2223
0.19,3.79,0.19,3.5,3.3,3.3,117.0,117.0,466.0,31.0,0.33,65.0,5.0,0.33,26.0,5.6,0.29,4.0,4.0,36.0,2,2,5,0.29,0.29,2324
0.0,4.47,0.21,2.9,3.2,3.2,41.0,41.0,265.0,38.0,0.28,68.0,4.0,0.28,18.0,4.2,0.26,0.0,1.0,38.0,2,2,3,0.2,0.2,1819
0.0,1.43,0.03,0.1,0.1,0.1,4.0,4.0,27.0,1.0,0.1,3.0,0.0,0.1,1.0,0.2,0.0,0.0,0.0,3.0,0,0,1,0.48,0.48,1920
0.09,3.37,0.15,5.1,4.4,4.4,150.0,150.0,768.0,44.0,0.17,100.0,6.0,0.17,68.0,5.2,0.2,13.0,5.0,72.0,2,2,3,0.1,0.1,1819
0.08,1.79,0.1,2.2,2.1,2.1,115.0,115.0,382.0,18.0,0.15,38.0,6.0,0.15,19.0,3.2,0.28,7.0,4.0,31.0,2,2,4,0.19,0.19,1920
0.0,1.45,0.05,1.0,0.6,0.6,88.0,88.0,252.0,6.0,0.11,18.0,3.0,0.11,10.0,1.4,0.24,13.0,1.0,15.0,1,1,2,0.16,0.16,2021
0.07,5.45,0.74,0.7,1.1,1.1,14.0,14.0,25.0,2.0,0.9,8.0,1.0,0.9,3.0,1.3,0.68,2.0,0.0,5.0,0,0,0,0.0,0.0,2122
0.09,1.48,0.07,1.4,1.0,1.0,59.0,59.0,255.0,10.0,0.15,21.0,3.0,0.15,12.0,2.2,0.21,6.0,2.0,15.0,1,1,1,0.07,0.07,2223
0.0,2.63,0.11,3.0,2.6,2.6,147.0,147.0,468.0,28.0,0.15,61.0,3.0,0.15,33.0,3.5,0.13,9.0,2.0,49.0,2,2,2,0.09,0.09,2324
0.04,1.56,0.05,1.1,1.2,1.2,10.0,10.0,159.0,14.0,0.06,43.0,4.0,0.06,4.0,1.6,0.15,0.0,4.0,37.0,0,0,0,0.0,0.0,1819
0.14,3.84,0.25,4.4,5.2,5.2,68.0,68.0,387.0,30.0,0.37,78.0,11.0,0.37,26.0,7.6,0.54,6.0,6.0,43.0,5,5,9,0.45,0.45,1819
0.06,3.36,0.18,2.3,3.7,3.7,88.0,88.0,400.0,27.0,0.34,70.0,8.0,0.34,23.0,7.1,0.38,5.0,5.0,50.0,3,3,7,0.34,0.34,1920
0.36,3.14,0.11,1.6,1.7,1.7,59.0,59.0,327.0,16.0,0.2,49.0,4.0,0.2,31.0,3.1,0.26,1.0,3.0,36.0,1,1,1,0.06,0.06,2021
0.0,2.05,0.11,0.5,1.2,1.2,44.0,44.0,159.0,9.0,0.29,22.0,2.0,0.29,4.0,3.1,0.19,10.0,1.0,15.0,1,1,4,0.37,0.37,1819
0.0,2.65,0.13,0.4,0.3,0.3,11.0,11.0,38.0,3.0,0.44,5.0,0.0,0.44,3.0,0.8,0.0,3.0,0.0,2.0,0,0,1,0.53,0.53,1920
0.0,2.1,0.08,0.4,1.0,1.0,39.0,39.0,155.0,10.0,0.24,26.0,3.0,0.24,4.0,3.0,0.24,5.0,1.0,17.0,0,0,1,0.08,0.08,2021
0.0,2.57,0.09,1.7,1.8,1.8,87.0,87.0,302.0,13.0,0.35,53.0,6.0,0.35,5.0,7.1,0.29,11.0,1.0,28.0,1,1,5,0.24,0.24,2122
0.05,1.94,0.08,1.8,2.3,2.3,81.0,81.0,359.0,24.0,0.26,53.0,5.0,0.26,8.0,7.2,0.18,12.0,5.0,39.0,2,2,5,0.18,0.18,2223
0.58,7.39,0.29,4.4,5.0,5.0,108.0,108.0,630.0,46.0,0.5,126.0,10.0,0.55,40.0,8.6,0.59,16.0,8.0,77.0,3,3,11,0.64,0.64,1920
0.28,6.38,0.49,6.7,10.2,10.2,178.0,178.0,782.0,78.0,0.72,133.0,19.0,0.76,58.0,15.0,0.91,23.0,17.0,91.0,12,12,20,0.96,0.91,2021
0.07,5.87,0.33,5.3,5.9,5.9,141.0,141.0,588.0,45.0,0.52,104.0,8.0,0.52,48.0,9.2,0.45,10.0,6.0,55.0,5,5,11,0.62,0.62,2122
0.06,4.25,0.33,1.3,2.0,2.0,36.0,36.0,152.0,13.0,0.43,26.0,2.0,0.43,15.0,2.6,0.33,3.0,2.0,16.0,2,2,3,0.49,0.49,2223
0.47,1.98,0.03,0.7,0.6,0.6,31.0,31.0,211.0,11.0,0.1,34.0,2.0,0.1,11.0,1.6,0.12,0.0,2.0,23.0,1,1,5,0.29,0.29,2324
0.25,4.51,0.17,1.0,1.0,1.0,46.0,46.0,213.0,10.0,0.24,27.0,1.0,0.24,7.0,1.5,0.17,3.0,1.0,23.0,0,0,0,0.0,0.0,1819
0.23,4.02,0.31,2.4,2.5,2.5,56.0,56.0,217.0,17.0,0.51,32.0,4.0,0.51,13.0,4.0,0.5,3.0,4.0,26.0,2,2,3,0.38,0.38,1819
0.14,3.78,0.25,3.7,4.5,4.5,97.0,97.0,443.0,43.0,0.33,67.0,5.0,0.38,24.0,5.9,0.28,1.0,3.0,41.0,4,4,5,0.28,0.23,1920
0.16,6.65,0.39,2.0,2.8,2.8,36.0,36.0,216.0,22.0,0.46,48.0,2.0,0.68,12.0,3.3,0.28,1.0,1.0,31.0,1,1,1,0.14,0.14,2021
0.03,2.4,0.11,3.8,3.3,3.3,134.0,134.0,665.0,30.0,0.17,73.0,1.0,0.17,32.0,5.1,0.03,2.0,0.0,51.0,1,1,2,0.07,0.07,1920
0.13,3.62,0.17,5.4,5.4,5.4,78.0,78.0,564.0,55.0,0.24,117.0,6.0,0.24,42.0,7.7,0.19,14.0,5.0,88.0,5,5,5,0.15,0.15,2324
0.17,4.24,0.38,10.2,13.4,13.4,279.0,279.0,895.0,92.0,0.51,149.0,21.0,0.51,68.0,18.1,0.6,28.0,11.0,90.0,14,14,21,0.6,0.6,1819
0.19,3.57,0.17,3.6,3.9,3.9,164.0,164.0,573.0,44.0,0.33,82.0,8.0,0.33,39.0,7.6,0.35,24.0,4.0,53.0,4,4,5,0.22,0.22,1920
0.18,3.59,0.19,1.7,2.0,2.0,71.0,71.0,250.0,26.0,0.28,37.0,3.0,0.28,11.0,2.9,0.29,4.0,1.0,21.0,2,2,2,0.19,0.19,2021
0.0,3.44,0.13,2.3,2.1,2.1,86.0,86.0,301.0,25.0,0.29,56.0,7.0,0.29,24.0,4.7,0.43,11.0,4.0,34.0,3,3,5,0.31,0.31,2122
0.0,2.3,0.11,0.3,0.4,0.4,23.0,23.0,80.0,5.0,0.2,8.0,0.0,0.2,4.0,0.7,0.0,1.0,0.0,6.0,0,0,0,0.0,0.0,2223
0.0,3.32,0.19,0.6,1.2,1.2,39.0,39.0,113.0,12.0,0.24,21.0,0.0,0.24,10.0,1.5,0.0,2.0,0.0,16.0,1,1,2,0.32,0.32,2021
0.0,3.91,0.08,0.8,0.5,0.5,31.0,31.0,155.0,8.0,0.21,25.0,1.0,0.21,9.0,1.4,0.16,1.0,1.0,22.0,0,0,0,0.0,0.0,2223
0.17,1.77,0.1,2.1,1.7,1.7,103.0,103.0,336.0,16.0,0.14,31.0,4.0,0.14,25.0,2.5,0.23,5.0,4.0,28.0,3,3,5,0.29,0.29,2021
0.0,1.72,0.23,2.4,2.7,2.7,80.0,80.0,223.0,14.0,0.26,20.0,4.0,0.26,12.0,3.0,0.34,10.0,4.0,19.0,2,2,2,0.17,0.17,2122
0.31,2.55,0.12,1.1,1.1,1.1,64.0,64.0,168.0,6.0,0.3,23.0,2.0,0.3,11.0,2.7,0.22,5.0,1.0,16.0,0,0,2,0.22,0.22,2223
0.05,1.36,0.04,0.6,0.8,0.8,37.0,37.0,234.0,7.0,0.16,30.0,4.0,0.16,10.0,3.5,0.18,0.0,3.0,22.0,1,1,2,0.09,0.09,2324
0.0,2.7,0.04,0.4,0.4,0.4,23.0,23.0,96.0,9.0,0.06,25.0,0.0,0.32,4.0,0.6,0.0,0.0,0.0,18.0,0,0,2,0.22,0.0,1819
0.12,4.98,0.24,6.3,6.0,6.0,193.0,193.0,670.0,49.0,0.48,125.0,13.0,0.57,37.0,11.9,0.52,24.0,11.0,86.0,6,6,13,0.52,0.48,1718
0.12,6.45,0.38,12.1,10.7,10.7,242.0,242.0,966.0,100.0,0.68,181.0,19.0,0.68,76.0,19.0,0.68,22.0,15.0,124.0,10,10,17,0.61,0.61,2223
0.18,4.64,0.2,3.6,3.3,3.3,160.0,160.0,520.0,32.0,0.52,76.0,10.0,0.52,24.0,8.5,0.61,22.0,4.0,47.0,2,2,4,0.24,0.24,2324
0.16,2.2,0.17,1.8,1.5,1.5,57.0,57.0,186.0,12.0,0.22,19.0,2.0,0.22,9.0,1.9,0.23,5.0,2.0,16.0,1,1,1,0.12,0.12,1819
0.0,2.35,0.08,1.4,1.4,1.4,107.0,107.0,282.0,17.0,0.2,45.0,4.0,0.2,9.0,3.8,0.21,7.0,4.0,36.0,3,3,4,0.21,0.21,1920
0.0,1.35,0.12,1.9,3.2,3.2,4.0,4.0,92.0,15.0,0.22,36.0,7.0,0.22,3.0,5.9,0.26,0.0,5.0,31.0,4,4,6,0.22,0.22,2122
0.0,0.68,0.03,0.3,0.6,0.6,2.0,2.0,83.0,3.0,0.09,15.0,1.0,0.09,0.0,1.9,0.05,1.0,1.0,11.0,0,0,0,0.0,0.0,2223
0.0,1.23,0.01,1.9,0.3,0.3,16.0,16.0,282.0,7.0,0.06,35.0,4.0,0.06,12.0,1.7,0.14,1.0,2.0,28.0,0,0,0,0.0,0.0,2324
0.03,2.24,0.06,1.6,2.2,2.2,23.0,23.0,347.0,29.0,0.12,76.0,3.0,0.12,23.0,4.2,0.09,0.0,2.0,61.0,2,2,4,0.12,0.12,1920
0.07,2.62,0.06,2.0,1.9,1.9,25.0,25.0,337.0,33.0,0.15,78.0,4.0,0.23,25.0,4.6,0.13,2.0,4.0,63.0,1,1,6,0.2,0.1,2021
0.03,2.27,0.11,2.7,3.1,3.1,19.0,19.0,332.0,25.0,0.14,67.0,4.0,0.14,30.0,4.3,0.14,1.0,4.0,58.0,2,2,6,0.2,0.2,2122
0.0,0.74,0.01,0.8,0.2,0.2,6.0,6.0,77.0,3.0,0.02,19.0,1.0,0.02,5.0,0.5,0.04,0.0,1.0,17.0,0,0,1,0.04,0.04,2021
0.14,3.77,0.2,5.8,6.4,6.4,68.0,68.0,508.0,68.0,0.26,118.0,10.0,0.26,31.0,8.2,0.32,5.0,8.0,70.0,5,5,5,0.16,0.16,2122
0.15,3.26,0.15,4.5,4.2,4.2,27.0,27.0,425.0,56.0,0.2,92.0,4.0,0.2,30.0,5.5,0.14,3.0,1.0,54.0,4,4,6,0.21,0.21,2223
0.13,3.37,0.15,2.9,3.0,3.0,24.0,24.0,289.0,33.0,0.2,68.0,6.0,0.2,13.0,4.1,0.3,5.0,4.0,39.0,3,3,3,0.15,0.15,2324
0.0,2.14,0.02,0.3,0.1,0.1,32.0,32.0,69.0,2.0,0.47,7.0,0.0,0.47,3.0,1.5,0.0,2.0,0.0,4.0,0,0,0,0.0,0.0,1819
0.0,1.83,0.07,1.3,1.5,1.5,91.0,91.0,305.0,18.0,0.09,38.0,3.0,0.09,17.0,1.9,0.14,2.0,1.0,27.0,1,1,1,0.05,0.05,2021
0.07,3.52,0.14,2.1,2.3,2.3,170.0,170.0,392.0,27.0,0.2,59.0,4.0,0.2,16.0,3.3,0.24,33.0,4.0,45.0,2,2,3,0.18,0.18,1920
0.0,4.01,0.14,1.7,1.9,1.9,115.0,115.0,322.0,23.0,0.22,56.0,3.0,0.22,18.0,3.0,0.21,12.0,2.0,40.0,1,1,2,0.14,0.14,2021
0.23,3.48,0.13,4.6,4.5,4.5,285.0,285.0,869.0,45.0,0.58,119.0,16.0,0.58,49.0,19.7,0.47,48.0,9.0,86.0,1,1,23,0.67,0.67,1819
0.22,3.73,0.22,5.2,6.6,6.6,286.0,286.0,897.0,59.0,0.65,114.0,16.0,0.65,72.0,19.8,0.52,62.0,9.0,91.0,7,7,25,0.82,0.82,1920
0.06,4.52,0.22,5.3,7.0,7.0,366.0,366.0,912.0,61.0,0.67,141.0,16.0,0.67,66.0,21.0,0.51,62.0,9.0,95.0,7,7,18,0.58,0.58,2021
0.32,3.64,0.17,4.4,5.2,5.2,305.0,305.0,806.0,41.0,0.72,114.0,13.0,0.72,61.0,22.5,0.41,45.0,7.0,79.0,2,2,18,0.57,0.57,2122
0.0,1.56,0.07,0.6,0.7,0.7,75.0,75.0,196.0,5.0,0.09,16.0,2.0,0.09,11.0,1.0,0.19,4.0,2.0,15.0,1,1,1,0.1,0.1,2324
0.13,0.36,0.08,0.5,0.9,0.9,3.0,3.0,27.0,4.0,0.1,4.0,1.0,0.1,1.0,1.2,0.09,0.0,1.0,4.0,1,1,3,0.27,0.27,2122
0.0,0.63,0.06,0.4,0.5,0.5,0.0,0.0,14.0,2.0,0.1,5.0,1.0,0.1,3.0,0.8,0.13,0.0,1.0,5.0,1,1,1,0.13,0.13,2324
0.07,1.01,0.05,0.9,0.8,0.8,79.0,79.0,294.0,4.0,0.06,16.0,0.0,0.06,11.0,1.0,0.0,3.0,0.0,12.0,0,0,0,0.0,0.0,1718
0.08,0.83,0.01,0.7,0.3,0.3,7.0,7.0,68.0,6.0,0.07,24.0,2.0,0.07,13.0,1.9,0.07,1.0,2.0,21.0,0,0,2,0.07,0.07,1819
0.0,0.4,0.05,0.5,0.6,0.6,10.0,10.0,35.0,2.0,0.11,5.0,1.0,0.11,2.0,1.4,0.08,1.0,1.0,4.0,1,1,3,0.24,0.24,1920
0.0,1.84,0.09,1.4,1.3,1.3,50.0,50.0,149.0,12.0,0.12,28.0,3.0,0.12,3.0,1.8,0.2,2.0,3.0,20.0,1,1,1,0.07,0.07,2021
0.06,2.1,0.04,1.9,1.0,1.0,47.0,47.0,241.0,19.0,0.11,54.0,6.0,0.11,12.0,2.9,0.23,3.0,4.0,41.0,0,0,2,0.08,0.08,2122
0.0,1.37,0.03,0.5,0.5,0.5,23.0,23.0,115.0,9.0,0.06,24.0,1.0,0.06,7.0,1.1,0.06,0.0,1.0,21.0,1,1,1,0.06,0.06,2223
0.0,1.75,0.08,0.8,1.0,1.0,24.0,24.0,111.0,11.0,0.09,23.0,4.0,0.09,7.0,1.2,0.3,0.0,4.0,22.0,0,0,0,0.0,0.0,2324
0.0,2.87,0.2,3.9,5.1,5.1,184.0,184.0,422.0,30.0,0.5,74.0,8.0,0.59,27.0,12.9,0.31,26.0,5.0,52.0,2,2,10,0.39,0.27,1819
0.11,2.52,0.1,2.9,3.0,3.0,154.0,154.0,478.0,32.0,0.46,73.0,11.0,0.46,17.0,13.4,0.38,16.0,7.0,61.0,7,7,18,0.62,0.62,1819
0.0,2.05,0.08,0.7,0.7,0.7,41.0,41.0,143.0,8.0,0.29,18.0,0.0,0.29,1.0,2.6,0.0,1.0,0.0,13.0,1,1,2,0.23,0.23,2122
0.0,1.87,0.08,1.3,1.3,1.3,52.0,52.0,199.0,15.0,0.09,31.0,4.0,0.09,16.0,1.6,0.24,2.0,3.0,25.0,3,3,3,0.18,0.18,2122
0.0,1.55,0.08,0.9,1.2,1.2,88.0,88.0,222.0,8.0,0.19,24.0,3.0,0.24,15.0,3.0,0.19,3.0,1.0,15.0,1,1,3,0.19,0.19,2122
0.0,3.49,0.12,0.8,0.7,0.7,51.0,51.0,145.0,7.0,0.26,19.0,1.0,0.26,8.0,1.4,0.18,3.0,0.0,15.0,0,0,0,0.0,0.0,2223
0.0,1.46,0.03,0.6,0.4,0.4,58.0,58.0,234.0,6.0,0.12,21.0,0.0,0.12,3.0,1.7,0.0,2.0,0.0,15.0,0,0,0,0.0,0.0,1920
0.0,4.02,0.12,0.2,0.4,0.4,44.0,44.0,97.0,4.0,0.52,13.0,1.0,0.52,3.0,1.7,0.31,8.0,0.0,9.0,0,0,2,0.62,0.62,2021
0.08,2.55,0.07,0.3,0.7,0.7,67.0,67.0,179.0,10.0,0.3,25.0,1.0,0.3,4.0,2.9,0.1,6.0,1.0,18.0,1,1,2,0.2,0.2,2223
0.0,3.35,0.13,2.5,2.6,2.6,124.0,124.0,392.0,36.0,0.26,68.0,4.0,0.26,15.0,5.2,0.2,5.0,3.0,30.0,4,4,8,0.39,0.39,1819
0.17,3.51,0.15,0.3,0.4,0.4,11.0,11.0,52.0,5.0,0.43,9.0,2.0,0.43,2.0,1.1,0.78,0.0,2.0,5.0,0,0,1,0.39,0.39,1920
0.13,1.66,0.14,0.3,1.1,1.1,32.0,32.0,119.0,6.0,0.52,13.0,2.0,0.52,4.0,4.0,0.25,2.0,1.0,12.0,1,1,3,0.38,0.38,1819
0.23,2.51,0.1,0.8,0.8,0.8,42.0,42.0,139.0,8.0,0.27,19.0,1.0,0.27,7.0,2.0,0.13,0.0,1.0,16.0,1,1,1,0.13,0.13,1920
0.0,0.76,0.02,0.3,0.3,0.3,11.0,11.0,65.0,6.0,0.06,13.0,0.0,0.06,3.0,1.0,0.0,0.0,0.0,12.0,0,0,1,0.06,0.06,1920
0.0,1.02,0.03,0.6,0.6,0.6,23.0,23.0,139.0,9.0,0.08,25.0,0.0,0.08,5.0,2.0,0.0,1.0,0.0,18.0,0,0,1,0.04,0.04,2021
0.22,4.13,0.16,1.3,1.8,1.8,124.0,124.0,354.0,19.0,0.31,47.0,3.0,0.31,15.0,3.5,0.26,9.0,2.0,36.0,2,2,6,0.53,0.53,1819
0.0,5.06,0.28,2.6,3.7,3.7,116.0,116.0,375.0,43.0,0.58,68.0,7.0,0.58,23.0,7.8,0.52,16.0,4.0,44.0,3,3,5,0.37,0.37,1920
0.0,2.59,0.05,0.8,0.7,0.7,90.0,90.0,269.0,10.0,0.24,34.0,3.0,0.24,16.0,3.2,0.23,16.0,2.0,22.0,0,0,1,0.08,0.08,2021
0.0,4.16,0.2,2.7,3.0,3.0,115.0,115.0,422.0,30.0,0.39,63.0,1.0,0.39,21.0,5.9,0.07,11.0,0.0,38.0,0,0,4,0.26,0.26,2223
0.07,1.84,0.02,1.0,0.5,0.5,32.0,32.0,243.0,12.0,0.06,47.0,3.0,0.06,11.0,1.6,0.12,4.0,3.0,42.0,1,1,2,0.08,0.08,2324
0.13,4.62,0.19,3.1,4.4,4.4,213.0,213.0,507.0,39.0,0.34,105.0,12.0,0.34,28.0,7.8,0.53,54.0,5.0,70.0,2,2,5,0.22,0.22,1920
0.2,4.28,0.2,3.8,3.0,3.0,177.0,177.0,419.0,29.0,0.36,65.0,5.0,0.36,30.0,5.4,0.33,37.0,3.0,45.0,2,2,6,0.4,0.4,2021
0.19,3.44,0.31,4.1,4.6,4.6,164.0,164.0,383.0,29.0,0.63,51.0,7.0,0.63,27.0,9.3,0.47,55.0,3.0,37.0,3,3,6,0.41,0.41,2122
0.27,4.23,0.16,4.4,4.3,4.3,261.0,261.0,696.0,44.0,0.41,110.0,15.0,0.41,45.0,10.8,0.58,71.0,9.0,75.0,5,5,11,0.42,0.42,2223
0.19,4.25,0.2,2.7,2.3,2.3,135.0,135.0,278.0,20.0,0.35,48.0,7.0,0.35,23.0,3.9,0.62,24.0,5.0,32.0,3,3,4,0.35,0.35,2324
0.0,0.76,0.0,0.1,0.0,0.0,21.0,21.0,49.0,0.0,0.1,4.0,2.0,0.1,3.0,0.5,0.38,1.0,0.0,0.0,0,0,0,0.0,0.0,2021
0.0,2.98,0.03,0.1,0.1,0.1,44.0,44.0,80.0,4.0,0.33,14.0,2.0,0.33,2.0,1.5,0.43,3.0,1.0,8.0,0,0,0,0.0,0.0,2021
0.0,1.41,0.04,0.5,0.9,0.9,8.0,8.0,90.0,7.0,0.17,27.0,4.0,0.17,3.0,3.3,0.21,2.0,1.0,17.0,0,0,3,0.16,0.16,2324
0.0,2.88,0.41,1.6,2.1,2.1,74.0,74.0,143.0,7.0,0.44,15.0,1.0,0.44,7.0,2.3,0.19,3.0,1.0,11.0,1,1,1,0.19,0.19,1819
0.06,3.8,0.14,0.3,0.4,0.4,21.0,21.0,54.0,1.0,0.15,10.0,2.0,0.15,1.0,0.4,0.76,1.0,2.0,5.0,0,0,0,0.0,0.0,1819
0.15,2.77,0.11,1.7,1.9,1.9,162.0,162.0,337.0,20.0,0.26,46.0,4.0,0.26,15.0,4.3,0.24,14.0,4.0,42.0,1,1,4,0.24,0.24,1920
0.0,4.61,0.17,1.4,1.2,1.2,68.0,68.0,197.0,14.0,0.45,31.0,2.0,0.57,16.0,3.0,0.3,8.0,1.0,20.0,1,1,2,0.3,0.3,2324
0.0,3.55,0.14,1.6,1.3,1.3,64.0,64.0,220.0,19.0,0.23,32.0,5.0,0.23,13.0,2.0,0.55,8.0,3.0,20.0,2,2,3,0.33,0.33,2324
0.07,4.15,0.34,4.0,4.8,4.8,134.0,134.0,416.0,29.0,0.52,59.0,4.0,0.58,10.0,7.4,0.28,22.0,2.0,29.0,2,2,5,0.35,0.35,1819
0.09,2.72,0.09,1.5,1.4,1.4,130.0,130.0,298.0,10.0,0.27,41.0,4.0,0.27,6.0,4.1,0.27,26.0,2.0,22.0,1,1,2,0.13,0.13,1920
0.0,2.15,0.06,0.5,0.6,0.6,80.0,80.0,230.0,10.0,0.22,23.0,2.0,0.22,6.0,2.4,0.19,16.0,1.0,8.0,1,1,5,0.47,0.47,2021
0.23,3.33,0.21,3.5,4.7,4.7,215.0,215.0,557.0,34.0,0.45,77.0,12.0,0.45,38.0,10.3,0.52,44.0,9.0,54.0,5,5,9,0.39,0.39,2324
0.0,2.51,0.1,1.1,1.9,1.9,93.0,93.0,278.0,21.0,0.23,46.0,4.0,0.23,13.0,4.2,0.22,11.0,3.0,37.0,3,3,5,0.27,0.27,1819
0.0,2.93,0.11,0.4,0.6,0.6,42.0,42.0,112.0,7.0,0.16,17.0,0.0,0.16,2.0,0.9,0.0,2.0,0.0,13.0,0,0,0,0.0,0.0,1920
0.08,1.25,0.03,0.5,0.4,0.4,16.0,16.0,149.0,6.0,0.13,21.0,4.0,0.13,8.0,2.2,0.24,1.0,4.0,19.0,1,1,1,0.06,0.06,2122
0.0,1.95,0.04,1.6,1.0,1.0,45.0,45.0,254.0,18.0,0.1,52.0,5.0,0.1,13.0,2.7,0.19,4.0,4.0,46.0,2,2,2,0.08,0.08,2223
0.0,0.84,0.0,0.1,0.0,0.0,0.0,0.0,8.0,1.0,0.03,6.0,0.0,0.03,0.0,0.2,0.0,0.0,0.0,5.0,0,0,0,0.0,0.0,2021
0.0,1.92,0.13,2.4,2.9,2.9,122.0,122.0,364.0,24.0,0.18,43.0,4.0,0.18,25.0,4.0,0.18,11.0,4.0,35.0,2,2,2,0.09,0.09,2324
0.04,1.74,0.03,0.2,0.2,0.2,8.0,8.0,71.0,4.0,0.08,14.0,1.0,0.08,1.0,0.6,0.12,0.0,0.0,12.0,0,0,0,0.0,0.0,2122
0.08,1.65,0.08,1.4,1.8,1.8,31.0,31.0,258.0,16.0,0.15,38.0,1.0,0.15,12.0,3.5,0.04,5.0,0.0,27.0,1,1,3,0.13,0.13,2223
0.03,2.56,0.09,2.4,2.3,2.3,73.0,73.0,363.0,26.0,0.13,68.0,7.0,0.13,24.0,3.6,0.26,7.0,3.0,50.0,2,2,3,0.11,0.11,2324
0.0,2.89,0.04,0.2,0.2,0.2,20.0,20.0,67.0,4.0,0.48,11.0,0.0,0.48,2.0,1.8,0.0,6.0,0.0,7.0,0,0,1,0.26,0.26,2324
0.06,1.85,0.09,0.8,1.1,1.1,33.0,33.0,199.0,13.0,0.13,23.0,1.0,0.19,4.0,1.6,0.08,10.0,0.0,20.0,1,1,2,0.16,0.08,2021
0.0,2.01,0.07,1.6,2.4,2.4,29.0,29.0,414.0,29.0,0.13,67.0,8.0,0.13,16.0,4.3,0.24,9.0,7.0,63.0,2,2,3,0.09,0.09,2324
0.12,3.53,0.15,3.0,3.3,3.3,80.0,80.0,347.0,43.0,0.31,78.0,7.0,0.31,12.0,6.8,0.32,10.0,4.0,48.0,3,3,4,0.18,0.18,2324
0.0,2.89,0.22,0.9,1.7,1.7,81.0,81.0,180.0,9.0,0.48,23.0,3.0,0.48,8.0,3.8,0.38,14.0,2.0,12.0,1,1,1,0.13,0.13,1718
0.07,4.01,0.11,1.7,1.2,1.2,89.0,89.0,287.0,18.0,0.32,47.0,1.0,0.32,13.0,3.8,0.09,12.0,0.0,29.0,0,0,0,0.0,0.0,1819
0.07,2.55,0.13,1.6,1.8,1.8,94.0,94.0,249.0,12.0,0.4,37.0,2.0,0.45,8.0,5.8,0.14,9.0,2.0,20.0,1,1,4,0.28,0.28,1920
0.0,2.24,0.03,0.8,0.5,0.5,74.0,74.0,222.0,10.0,0.19,32.0,3.0,0.19,5.0,2.7,0.21,16.0,3.0,19.0,1,1,6,0.42,0.42,2021
0.15,3.32,0.06,0.9,0.9,0.9,107.0,107.0,322.0,13.0,0.24,54.0,1.0,0.24,8.0,3.9,0.06,19.0,1.0,30.0,0,0,3,0.18,0.18,2122
0.13,3.84,0.13,3.0,2.6,2.6,209.0,209.0,515.0,32.0,0.28,77.0,5.0,0.32,25.0,5.6,0.25,30.0,3.0,41.0,3,3,4,0.2,0.2,2324
0.0,4.03,0.19,5.7,6.3,6.3,38.0,38.0,429.0,68.0,0.22,135.0,11.0,0.22,25.0,7.5,0.33,6.0,3.0,59.0,7,7,8,0.24,0.24,1920
0.07,2.44,0.09,1.6,1.3,1.3,15.0,15.0,190.0,16.0,0.12,36.0,2.0,0.12,14.0,1.7,0.14,3.0,2.0,26.0,0,0,0,0.0,0.0,2021
0.23,2.84,0.14,3.7,4.0,4.0,46.0,46.0,411.0,44.0,0.28,82.0,5.0,0.28,25.0,8.1,0.17,5.0,4.0,49.0,2,2,7,0.24,0.24,2122
0.0,3.35,0.19,4.5,5.7,5.7,86.0,86.0,491.0,62.0,0.27,101.0,13.0,0.27,29.0,8.1,0.43,2.0,9.0,62.0,7,7,9,0.3,0.3,2223
0.0,1.5,0.02,0.8,0.4,0.4,17.0,17.0,137.0,7.0,0.05,26.0,3.0,0.05,10.0,0.9,0.17,0.0,3.0,19.0,2,2,3,0.17,0.17,1718
0.0,3.88,0.11,1.3,1.3,1.3,11.0,11.0,162.0,19.0,0.16,45.0,1.0,0.16,10.0,1.8,0.09,1.0,0.0,29.0,1,1,3,0.26,0.26,1819
0.0,2.28,0.12,0.6,0.5,0.5,5.0,5.0,47.0,7.0,0.18,9.0,1.0,0.18,6.0,0.7,0.25,0.0,1.0,5.0,1,1,1,0.25,0.25,2021
0.06,2.63,0.07,2.8,1.7,1.7,18.0,18.0,328.0,23.0,0.13,64.0,4.0,0.13,24.0,3.2,0.16,2.0,4.0,45.0,0,0,1,0.04,0.04,2122
0.0,2.04,0.04,1.4,0.8,0.8,14.0,14.0,235.0,12.0,0.11,37.0,2.0,0.11,10.0,1.9,0.11,1.0,2.0,27.0,1,1,2,0.11,0.11,2223
0.07,2.01,0.07,2.0,2.0,2.0,50.0,50.0,325.0,27.0,0.19,60.0,6.0,0.19,19.0,5.7,0.2,3.0,3.0,50.0,2,2,3,0.1,0.1,2122
0.0,3.2,0.08,2.0,2.2,2.2,58.0,58.0,405.0,41.0,0.17,87.0,5.0,0.17,17.0,4.6,0.18,8.0,4.0,73.0,2,2,5,0.18,0.18,2223
0.07,2.02,0.11,1.3,2.0,2.0,48.0,48.0,229.0,12.0,0.21,37.0,3.0,0.21,8.0,3.8,0.16,7.0,2.0,31.0,0,0,2,0.11,0.11,2324
0.14,1.7,0.19,3.1,3.9,3.9,133.0,133.0,321.0,16.0,0.58,35.0,5.0,0.58,11.0,11.8,0.24,12.0,4.0,28.0,5,5,12,0.58,0.58,1819
0.11,2.36,0.16,2.0,3.4,3.4,180.0,180.0,423.0,20.0,0.44,51.0,6.0,0.44,19.0,9.5,0.28,9.0,3.0,36.0,3,3,9,0.42,0.42,1920
0.11,1.42,0.07,1.5,1.9,1.9,135.0,135.0,332.0,15.0,0.38,38.0,6.0,0.41,6.0,10.3,0.22,7.0,2.0,24.0,3,3,15,0.56,0.52,2021
0.0,1.92,0.17,1.9,2.1,2.1,76.0,76.0,232.0,11.0,0.22,23.0,2.0,0.22,19.0,2.6,0.17,3.0,2.0,19.0,1,1,1,0.08,0.08,1920
0.04,1.66,0.03,0.3,0.3,0.3,8.0,8.0,65.0,6.0,0.07,14.0,1.0,0.07,4.0,0.6,0.12,1.0,0.0,10.0,0,0,1,0.12,0.12,2021
0.0,1.48,0.02,0.6,0.5,0.5,20.0,20.0,155.0,11.0,0.05,39.0,1.0,0.05,4.0,1.4,0.04,2.0,1.0,32.0,1,1,1,0.04,0.04,2122
0.0,3.21,0.24,1.4,2.5,2.5,45.0,45.0,135.0,14.0,0.58,33.0,4.0,0.58,9.0,6.0,0.39,8.0,1.0,27.0,1,1,5,0.49,0.49,2223
0.0,4.12,0.44,0.9,2.3,2.3,58.0,58.0,146.0,11.0,0.84,22.0,6.0,0.84,7.0,4.5,1.12,3.0,4.0,15.0,3,3,5,0.94,0.94,2021
0.28,2.98,0.14,0.5,0.5,0.5,26.0,26.0,63.0,4.0,0.31,11.0,1.0,0.31,4.0,1.2,0.27,0.0,1.0,8.0,0,0,1,0.27,0.27,2122
0.22,3.07,0.11,1.4,0.8,0.8,58.0,58.0,147.0,8.0,0.58,22.0,3.0,0.58,11.0,4.1,0.42,5.0,1.0,16.0,2,2,3,0.42,0.42,2223
0.07,2.19,0.15,3.2,3.7,3.7,166.0,166.0,423.0,26.0,0.59,52.0,9.0,0.59,9.0,14.0,0.38,9.0,6.0,40.0,5,5,21,0.88,0.88,2021
0.0,2.51,0.18,1.2,2.5,2.5,78.0,78.0,207.0,21.0,0.55,34.0,3.0,0.67,6.0,7.5,0.22,8.0,1.0,26.0,1,1,7,0.52,0.44,2122
0.28,2.71,0.52,0.3,1.0,1.0,9.0,9.0,24.0,4.0,1.09,5.0,0.0,1.09,2.0,2.0,0.0,0.0,0.0,5.0,0,0,2,1.08,1.08,2324
0.0,1.93,0.04,0.5,0.6,0.6,60.0,60.0,177.0,11.0,0.16,29.0,3.0,0.16,3.0,2.4,0.2,2.0,2.0,21.0,1,1,4,0.27,0.27,1819
0.0,1.63,0.07,0.4,0.5,0.5,39.0,39.0,118.0,5.0,0.2,11.0,1.0,0.2,5.0,1.4,0.15,0.0,1.0,9.0,1,1,3,0.45,0.45,2021
0.13,3.09,0.09,1.1,0.9,0.9,45.0,45.0,195.0,14.0,0.29,32.0,1.0,0.29,4.0,3.0,0.1,5.0,1.0,12.0,0,0,1,0.1,0.1,2122
0.13,3.11,0.15,3.3,3.7,3.7,222.0,222.0,577.0,32.0,0.35,75.0,8.0,0.35,29.0,8.5,0.33,26.0,7.0,58.0,6,6,14,0.58,0.58,2122
0.15,4.0,0.2,3.3,4.5,4.5,237.0,237.0,583.0,48.0,0.36,92.0,5.0,0.5,23.0,8.4,0.22,44.0,4.0,68.0,3,3,9,0.39,0.22,2223
0.35,3.77,0.21,0.8,1.4,1.4,70.0,70.0,168.0,11.0,0.36,26.0,1.0,0.47,11.0,2.5,0.15,15.0,1.0,23.0,1,1,1,0.15,0.15,2324
0.37,4.44,0.42,3.7,3.6,3.6,113.0,113.0,266.0,23.0,0.61,38.0,4.0,0.61,21.0,5.2,0.47,15.0,4.0,26.0,3,3,6,0.7,0.7,2324
0.03,1.45,0.08,1.9,2.8,2.8,89.0,89.0,460.0,21.0,0.16,51.0,10.0,0.16,18.0,5.5,0.29,10.0,5.0,37.0,3,3,5,0.14,0.14,1718
0.0,1.42,0.04,2.1,1.3,1.3,109.0,109.0,540.0,15.0,0.17,46.0,7.0,0.19,19.0,5.4,0.22,10.0,6.0,32.0,1,1,5,0.15,0.15,1819
0.0,1.64,0.08,1.4,1.7,1.7,93.0,93.0,371.0,23.0,0.16,37.0,2.0,0.2,20.0,3.7,0.09,4.0,2.0,32.0,1,1,3,0.13,0.13,2021
0.26,1.8,0.05,0.5,0.7,0.7,47.0,47.0,181.0,5.0,0.25,22.0,3.0,0.25,6.0,3.0,0.25,4.0,3.0,18.0,1,1,4,0.33,0.33,2223
0.35,2.03,0.21,2.1,3.2,3.2,43.0,43.0,210.0,14.0,0.3,31.0,6.0,0.3,9.0,4.6,0.39,1.0,6.0,28.0,4,4,5,0.33,0.33,2324
0.0,1.72,0.15,1.2,1.6,1.6,11.0,11.0,68.0,9.0,0.15,19.0,3.0,0.15,5.0,1.6,0.27,0.0,3.0,17.0,1,1,1,0.09,0.09,1718
0.05,3.37,0.06,1.0,0.7,0.7,32.0,32.0,173.0,12.0,0.21,37.0,2.0,0.21,13.0,2.3,0.18,4.0,0.0,24.0,0,0,2,0.18,0.18,1819
0.0,1.89,0.02,1.0,0.5,0.5,42.0,42.0,258.0,13.0,0.08,39.0,1.0,0.08,15.0,1.6,0.05,8.0,1.0,32.0,1,1,2,0.1,0.1,1920
0.12,2.56,0.05,1.5,1.2,1.2,83.0,83.0,325.0,23.0,0.13,60.0,2.0,0.13,21.0,3.0,0.09,7.0,1.0,46.0,0,0,3,0.13,0.13,2021
0.0,2.41,0.12,3.4,4.0,4.0,57.0,57.0,469.0,32.0,0.19,80.0,10.0,0.26,18.0,6.3,0.3,12.0,7.0,57.0,4,4,9,0.27,0.18,2122
0.0,3.31,0.11,1.3,1.4,1.4,33.0,33.0,190.0,16.0,0.18,44.0,2.0,0.23,8.0,2.3,0.15,4.0,2.0,35.0,0,0,2,0.15,0.08,2223
0.08,2.17,0.06,0.5,0.8,0.8,27.0,27.0,109.0,11.0,0.19,27.0,0.0,0.19,5.0,2.4,0.0,1.0,0.0,19.0,0,0,1,0.08,0.08,2324
0.07,0.68,0.09,0.1,0.7,0.7,0.0,0.0,11.0,2.0,0.13,5.0,1.0,0.13,0.0,0.9,0.14,0.0,0.0,2.0,1,1,1,0.14,0.14,1819
0.0,0.71,0.03,0.7,0.4,0.4,2.0,2.0,28.0,5.0,0.09,10.0,1.0,0.09,0.0,1.2,0.07,2.0,1.0,9.0,1,1,1,0.07,0.07,1920
0.05,0.83,0.0,0.1,0.0,0.0,12.0,12.0,67.0,1.0,0.16,8.0,0.0,0.16,1.0,1.5,0.0,2.0,0.0,5.0,0,0,2,0.21,0.21,1819
0.04,2.34,0.05,1.3,1.0,1.0,27.0,27.0,226.0,16.0,0.16,46.0,3.0,0.16,11.0,3.2,0.15,3.0,3.0,36.0,1,1,5,0.25,0.25,1920
0.04,1.4,0.07,0.7,1.7,1.7,26.0,26.0,298.0,17.0,0.16,33.0,3.0,0.16,9.0,3.8,0.13,8.0,1.0,24.0,1,1,5,0.21,0.21,2021
0.0,1.92,0.06,2.0,1.5,1.5,37.0,37.0,297.0,23.0,0.11,51.0,6.0,0.11,9.0,2.9,0.23,3.0,4.0,43.0,1,1,2,0.08,0.08,2122
0.05,1.78,0.04,1.0,0.6,0.6,19.0,19.0,132.0,8.0,0.19,23.0,0.0,0.19,5.0,2.5,0.0,3.0,0.0,18.0,0,0,1,0.08,0.08,2223
0.0,1.23,0.04,0.5,0.8,0.8,47.0,47.0,225.0,11.0,0.31,26.0,2.0,0.31,9.0,6.6,0.09,4.0,1.0,18.0,1,1,8,0.38,0.38,2324
0.11,2.34,0.28,4.7,6.0,6.0,179.0,179.0,492.0,31.0,0.3,49.0,10.0,0.3,25.0,6.3,0.48,24.0,9.0,42.0,5,5,5,0.24,0.24,1819
0.0,1.39,0.09,0.9,1.4,1.4,61.0,61.0,192.0,13.0,0.11,22.0,2.0,0.11,9.0,1.7,0.13,6.0,2.0,16.0,1,1,2,0.13,0.13,2021
0.0,1.1,0.04,1.7,0.9,0.9,86.0,86.0,322.0,11.0,0.21,27.0,5.0,0.21,11.0,5.1,0.2,6.0,2.0,24.0,1,1,5,0.2,0.2,2223
0.09,0.99,0.04,0.6,1.1,1.1,30.0,30.0,161.0,8.0,0.1,24.0,1.0,0.1,7.0,2.4,0.04,5.0,1.0,18.0,0,0,1,0.04,0.04,2324
0.06,2.35,0.08,0.7,1.2,1.2,12.0,12.0,158.0,15.0,0.17,36.0,3.0,0.17,5.0,2.5,0.2,2.0,1.0,21.0,1,1,2,0.13,0.13,1920
0.06,1.85,0.06,0.9,1.0,1.0,18.0,18.0,156.0,12.0,0.15,29.0,3.0,0.15,1.0,2.3,0.19,1.0,1.0,17.0,1,1,1,0.06,0.06,2021
0.14,1.6,0.05,0.8,0.8,0.8,15.0,15.0,138.0,7.0,0.1,26.0,3.0,0.1,4.0,1.6,0.18,1.0,2.0,22.0,1,1,2,0.12,0.12,2122
0.07,2.22,0.12,2.6,3.3,3.3,115.0,115.0,420.0,23.0,0.25,62.0,6.0,0.25,21.0,6.9,0.21,8.0,4.0,46.0,4,4,5,0.18,0.18,2223
0.0,1.67,0.07,3.0,2.3,2.3,116.0,116.0,422.0,20.0,0.29,51.0,7.0,0.29,26.0,8.8,0.23,7.0,3.0,43.0,2,2,8,0.26,0.26,2324
0.0,0.35,0.0,0.1,0.0,0.0,4.0,4.0,42.0,1.0,0.06,8.0,1.0,0.07,3.0,1.5,0.04,0.0,1.0,6.0,1,1,2,0.09,0.09,2021
0.0,0.22,0.01,0.4,0.2,0.2,5.0,5.0,31.0,3.0,0.06,5.0,1.0,0.06,0.0,1.3,0.04,1.0,1.0,5.0,0,0,1,0.04,0.04,2122
0.0,0.33,0.0,0.3,0.1,0.1,6.0,6.0,54.0,1.0,0.02,7.0,2.0,0.02,0.0,0.5,0.09,0.0,2.0,7.0,0,0,1,0.05,0.05,2223
0.11,0.31,0.03,0.1,0.4,0.4,2.0,2.0,25.0,3.0,0.07,5.0,0.0,0.07,0.0,1.2,0.0,0.0,0.0,2.0,0,0,0,0.0,0.0,2324
0.07,1.12,0.03,0.4,0.3,0.3,55.0,55.0,155.0,6.0,0.46,14.0,3.0,0.52,4.0,5.7,0.24,5.0,1.0,10.0,0,0,3,0.24,0.16,2021
0.0,0.26,0.0,0.3,0.1,0.1,3.0,3.0,44.0,2.0,0.03,7.0,0.0,0.03,1.0,0.7,0.0,0.0,0.0,6.0,0,0,1,0.04,0.04,2122
0.0,0.7,0.04,0.8,0.7,0.7,5.0,5.0,43.0,5.0,0.12,11.0,0.0,0.12,1.0,1.9,0.0,0.0,0.0,10.0,0,0,0,0.0,0.0,1819
0.43,2.16,0.1,1.4,2.4,2.4,111.0,111.0,349.0,28.0,0.38,54.0,3.0,0.45,6.0,9.6,0.12,10.0,1.0,40.0,1,1,11,0.42,0.38,2122
0.2,2.29,0.15,0.8,1.0,1.0,32.0,32.0,108.0,9.0,0.43,16.0,4.0,0.43,5.0,3.0,0.57,2.0,3.0,13.0,3,3,5,0.71,0.71,2223
0.0,2.74,0.09,2.3,1.9,1.9,41.0,41.0,259.0,23.0,0.12,59.0,8.0,0.12,21.0,2.6,0.37,3.0,4.0,44.0,3,3,6,0.28,0.28,1920
0.0,2.43,0.06,1.5,1.1,1.1,34.0,34.0,253.0,19.0,0.07,44.0,6.0,0.07,19.0,1.2,0.33,2.0,5.0,37.0,0,0,1,0.06,0.06,2021
0.06,3.68,0.11,0.7,0.9,0.9,17.0,17.0,88.0,12.0,0.21,31.0,1.0,0.21,8.0,1.8,0.12,1.0,1.0,28.0,0,0,1,0.12,0.12,2122
0.0,2.04,0.06,1.3,0.9,0.9,39.0,39.0,178.0,12.0,0.11,32.0,2.0,0.11,12.0,1.8,0.13,3.0,2.0,29.0,1,1,5,0.32,0.32,2223
0.1,2.06,0.08,1.2,1.2,1.2,31.0,31.0,130.0,13.0,0.09,31.0,1.0,0.1,8.0,1.4,0.07,1.0,1.0,26.0,0,0,0,0.0,0.0,1819
0.16,3.46,0.17,4.6,5.2,5.2,72.0,72.0,416.0,55.0,0.21,105.0,11.0,0.21,33.0,6.4,0.36,0.0,9.0,75.0,3,3,4,0.13,0.13,1920
0.0,3.6,0.12,3.1,2.3,2.3,67.0,67.0,388.0,29.0,0.16,67.0,6.0,0.16,21.0,3.1,0.32,7.0,5.0,45.0,3,3,4,0.21,0.21,2021
0.11,1.86,0.04,1.2,0.3,0.3,25.0,25.0,121.0,6.0,0.29,16.0,4.0,0.29,5.0,2.5,0.47,1.0,3.0,13.0,1,1,4,0.47,0.47,2122
0.0,0.22,0.03,0.2,0.6,0.6,1.0,1.0,29.0,2.0,0.07,4.0,1.0,0.07,2.0,1.3,0.06,2.0,0.0,3.0,1,1,1,0.06,0.06,2021
0.0,0.6,0.01,0.1,0.1,0.1,0.0,0.0,6.0,1.0,0.07,4.0,0.0,0.07,1.0,0.4,0.0,0.0,0.0,4.0,0,0,0,0.0,0.0,2223
0.0,0.61,0.0,0.2,0.1,0.1,5.0,5.0,33.0,3.0,0.01,14.0,1.0,0.01,2.0,0.2,0.04,0.0,1.0,9.0,0,0,0,0.0,0.0,2324
0.05,0.53,0.01,0.2,0.2,0.2,3.0,3.0,45.0,6.0,0.02,11.0,0.0,0.02,0.0,0.5,0.0,0.0,0.0,9.0,0,0,0,0.0,0.0,2021
0.0,0.78,0.02,0.4,0.5,0.5,3.0,3.0,40.0,9.0,0.05,17.0,1.0,0.05,5.0,1.1,0.05,0.0,1.0,14.0,1,1,1,0.05,0.05,2122
0.0,0.61,0.01,0.1,0.1,0.1,3.0,3.0,44.0,3.0,0.08,8.0,0.0,0.08,4.0,1.0,0.0,0.0,0.0,6.0,0,0,1,0.08,0.08,1819
0.0,0.36,0.0,0.1,0.0,0.0,7.0,7.0,42.0,0.0,0.08,6.0,3.0,0.08,3.0,1.3,0.18,0.0,3.0,5.0,0,0,0,0.0,0.0,1920
0.0,1.54,0.04,0.4,0.3,0.3,26.0,26.0,162.0,8.0,0.06,15.0,0.0,0.06,2.0,0.6,0.0,1.0,0.0,11.0,0,0,0,0.0,0.0,1920
0.12,3.72,0.15,1.9,3.7,3.7,123.0,123.0,411.0,49.0,0.28,93.0,9.0,0.28,26.0,7.0,0.36,14.0,7.0,73.0,7,7,10,0.4,0.4,1920
0.11,2.75,0.11,3.3,3.6,3.6,233.0,233.0,709.0,35.0,0.33,94.0,13.0,0.38,33.0,11.3,0.38,32.0,10.0,78.0,5,5,12,0.35,0.32,2223
0.0,1.57,0.16,0.0,0.4,0.4,17.0,17.0,39.0,2.0,0.36,4.0,1.0,0.36,1.0,0.9,0.39,1.0,1.0,1.0,2,2,3,1.18,1.18,2021
0.32,2.38,0.07,0.5,0.7,0.7,47.0,47.0,162.0,7.0,0.5,24.0,4.0,0.58,5.0,5.0,0.4,4.0,2.0,17.0,0,0,6,0.6,0.5,2122
0.07,2.09,0.05,0.3,0.3,0.3,36.0,36.0,117.0,4.0,0.11,14.0,1.0,0.11,3.0,0.8,0.15,2.0,1.0,7.0,1,1,1,0.15,0.15,2324
0.11,3.73,0.14,4.5,4.7,4.7,241.0,241.0,775.0,52.0,0.21,121.0,6.0,0.21,66.0,6.9,0.18,22.0,4.0,106.0,1,1,5,0.15,0.15,1819
0.0,0.39,0.02,0.1,0.1,0.1,3.0,3.0,19.0,2.0,0.1,3.0,0.0,0.1,0.0,0.7,0.0,0.0,0.0,2.0,0,0,1,0.13,0.13,2223
0.0,0.73,0.01,0.4,0.3,0.3,6.0,6.0,74.0,7.0,0.09,23.0,1.0,0.09,4.0,3.0,0.03,0.0,0.0,15.0,0,0,3,0.1,0.1,2324
0.17,1.91,0.16,0.9,1.0,1.0,29.0,29.0,137.0,6.0,0.18,12.0,3.0,0.18,9.0,1.1,0.48,0.0,3.0,9.0,2,2,2,0.32,0.32,1819
0.17,1.67,0.11,2.8,3.4,3.4,205.0,205.0,619.0,33.0,0.13,50.0,6.0,0.13,37.0,3.9,0.2,6.0,6.0,44.0,5,5,6,0.2,0.2,1920
0.0,1.43,0.13,1.0,1.4,1.4,53.0,53.0,200.0,6.0,0.2,16.0,1.0,0.2,11.0,2.3,0.09,4.0,1.0,13.0,1,1,1,0.09,0.09,2122
0.22,1.2,0.05,0.9,1.0,1.0,50.0,50.0,263.0,10.0,0.08,26.0,1.0,0.08,13.0,1.8,0.05,2.0,0.0,21.0,0,0,1,0.05,0.05,2223
0.41,3.98,0.35,6.6,6.9,6.9,236.0,236.0,634.0,27.0,0.83,78.0,15.0,0.83,32.0,16.3,0.77,50.0,10.0,57.0,5,5,15,0.77,0.77,1819
0.11,4.35,0.5,11.4,12.1,12.1,337.0,337.0,847.0,53.0,1.03,106.0,17.0,1.03,44.0,25.2,0.7,59.0,13.0,75.0,10,10,22,0.9,0.9,1920
0.21,5.04,0.33,5.9,6.0,6.0,216.0,216.0,609.0,39.0,0.77,92.0,14.0,0.77,46.0,14.1,0.77,35.0,12.0,73.0,2,2,12,0.66,0.66,2021
0.23,4.57,0.35,11.6,8.4,8.4,313.0,313.0,824.0,48.0,0.7,111.0,16.0,0.7,68.0,16.9,0.66,43.0,11.0,85.0,5,5,19,0.78,0.78,2122
0.21,4.08,0.25,4.8,5.3,5.3,217.0,217.0,565.0,36.0,0.73,88.0,14.0,0.76,33.0,15.7,0.65,41.0,9.0,59.0,5,5,19,0.88,0.83,2223
0.36,3.96,0.26,2.0,1.2,1.2,49.0,49.0,135.0,9.0,0.77,19.0,2.0,0.77,13.0,3.7,0.42,12.0,1.0,12.0,1,1,4,0.83,0.83,2324
0.12,4.32,0.17,3.5,4.5,4.5,161.0,161.0,625.0,48.0,0.41,115.0,8.0,0.41,41.0,11.0,0.3,7.0,8.0,92.0,3,3,8,0.3,0.3,1819
0.29,3.3,0.14,3.6,4.7,4.7,144.0,144.0,750.0,47.0,0.34,111.0,16.0,0.34,49.0,11.3,0.48,5.0,13.0,93.0,4,4,11,0.33,0.33,1920
0.24,3.48,0.18,4.1,6.1,6.1,191.0,191.0,818.0,52.0,0.39,120.0,16.0,0.39,48.0,13.5,0.46,11.0,14.0,95.0,10,10,21,0.61,0.61,2122
0.24,2.35,0.18,2.1,2.4,2.4,88.0,88.0,280.0,12.0,0.39,32.0,2.0,0.39,17.0,5.3,0.15,11.0,2.0,20.0,2,2,3,0.22,0.22,2324
0.03,2.86,0.13,3.9,3.8,3.8,96.0,96.0,478.0,37.0,0.23,86.0,4.0,0.23,30.0,6.8,0.13,10.0,2.0,61.0,2,2,6,0.2,0.2,1819
0.26,2.84,0.09,2.8,2.7,2.7,118.0,118.0,426.0,31.0,0.21,84.0,4.0,0.21,19.0,6.2,0.14,4.0,4.0,58.0,1,1,3,0.1,0.1,1920
0.2,3.8,0.27,5.0,6.4,6.4,75.0,75.0,409.0,51.0,0.36,91.0,7.0,0.36,32.0,8.6,0.29,4.0,3.0,53.0,5,5,7,0.29,0.29,2324
0.19,2.47,0.09,1.5,2.7,2.7,210.0,210.0,670.0,28.0,0.48,71.0,8.0,0.48,13.0,13.6,0.28,7.0,3.0,53.0,4,4,11,0.38,0.38,1819
0.0,1.45,0.09,1.3,1.8,1.8,107.0,107.0,352.0,11.0,0.23,30.0,6.0,0.23,6.0,4.8,0.29,3.0,4.0,19.0,4,4,5,0.24,0.24,1920
0.1,1.86,0.08,1.9,2.4,2.4,164.0,164.0,433.0,17.0,0.27,55.0,6.0,0.3,10.0,7.8,0.2,18.0,3.0,38.0,2,2,10,0.34,0.34,1920
0.11,1.5,0.1,1.8,2.0,2.0,126.0,126.0,392.0,11.0,0.25,30.0,5.0,0.33,9.0,5.1,0.25,13.0,3.0,22.0,2,2,3,0.15,0.1,2021
0.0,2.11,0.1,1.9,2.0,2.0,114.0,114.0,322.0,15.0,0.44,40.0,6.0,0.48,12.0,8.3,0.32,14.0,3.0,25.0,2,2,10,0.53,0.47,2122
0.0,2.39,0.04,0.3,0.5,0.5,55.0,55.0,208.0,9.0,0.3,31.0,0.0,0.3,3.0,3.9,0.0,5.0,0.0,21.0,0,0,3,0.23,0.23,2223
0.18,1.43,0.03,0.2,0.1,0.1,20.0,20.0,74.0,2.0,0.21,8.0,0.0,0.21,1.0,1.2,0.0,2.0,0.0,6.0,0,0,0,0.0,0.0,2223
0.0,2.73,0.14,0.8,0.8,0.8,32.0,32.0,123.0,4.0,0.48,15.0,1.0,0.48,2.0,2.6,0.18,2.0,1.0,10.0,1,1,2,0.36,0.36,2324
0.08,2.24,0.15,3.4,3.6,3.6,222.0,222.0,652.0,29.0,0.18,52.0,10.0,0.18,29.0,4.1,0.43,12.0,8.0,44.0,7,7,7,0.3,0.3,1819
0.19,2.35,0.09,3.0,2.5,2.5,174.0,174.0,696.0,25.0,0.12,61.0,10.0,0.12,40.0,3.0,0.38,8.0,10.0,56.0,2,2,3,0.12,0.12,1920
0.23,1.71,0.17,1.7,1.8,1.8,91.0,91.0,311.0,13.0,0.2,18.0,2.0,0.2,16.0,2.1,0.19,2.0,2.0,17.0,2,2,3,0.29,0.29,2021
0.07,1.58,0.1,0.2,0.4,0.4,15.0,15.0,80.0,4.0,0.43,7.0,1.0,0.43,3.0,1.9,0.23,0.0,1.0,7.0,1,1,3,0.68,0.68,2122
0.21,2.0,0.06,1.3,0.9,0.9,72.0,72.0,312.0,10.0,0.23,29.0,3.0,0.23,14.0,3.3,0.21,7.0,3.0,24.0,1,1,5,0.34,0.34,2223
0.13,2.51,0.08,0.8,0.8,0.8,33.0,33.0,179.0,9.0,0.26,24.0,3.0,0.26,3.0,2.4,0.31,4.0,3.0,21.0,2,2,5,0.52,0.52,2324
0.19,3.33,0.18,4.3,5.0,5.0,253.0,253.0,724.0,34.0,0.79,91.0,19.0,0.85,40.0,21.5,0.7,35.0,14.0,60.0,8,8,29,1.06,0.99,1819
0.16,3.53,0.14,2.5,2.3,2.3,105.0,105.0,356.0,18.0,0.89,57.0,7.0,1.04,19.0,14.4,0.43,23.0,3.0,31.0,3,3,19,1.18,1.05,1920
0.0,2.9,0.19,0.9,1.2,1.2,39.0,39.0,131.0,7.0,0.5,18.0,3.0,0.75,5.0,3.1,0.48,3.0,2.0,13.0,1,1,5,0.81,0.64,2021
0.0,1.41,0.08,2.2,2.0,2.0,84.0,84.0,307.0,21.0,0.14,36.0,3.0,0.14,22.0,3.5,0.12,11.0,2.0,29.0,0,0,1,0.04,0.04,2223
0.11,2.09,0.04,0.4,0.4,0.4,34.0,34.0,119.0,6.0,0.2,19.0,1.0,0.2,4.0,1.8,0.11,3.0,0.0,12.0,0,0,2,0.22,0.22,2324
0.0,4.04,0.16,3.3,3.7,3.7,94.0,94.0,411.0,42.0,0.54,92.0,9.0,0.54,26.0,12.2,0.4,12.0,5.0,63.0,4,4,13,0.57,0.57,2324
0.18,2.21,0.1,3.2,2.8,2.8,17.0,17.0,437.0,22.0,0.15,61.0,9.0,0.15,28.0,4.1,0.33,0.0,8.0,55.0,2,2,4,0.14,0.14,1920
0.0,2.65,0.11,4.1,3.2,3.2,29.0,29.0,599.0,30.0,0.12,74.0,12.0,0.12,30.0,3.4,0.43,1.0,12.0,68.0,5,5,5,0.18,0.18,2021
0.05,2.32,0.09,1.7,2.4,2.4,122.0,122.0,406.0,28.0,0.36,62.0,7.0,0.36,13.0,9.6,0.26,17.0,5.0,49.0,5,5,11,0.41,0.41,2223
0.16,2.49,0.07,1.3,1.3,1.3,79.0,79.0,265.0,20.0,0.31,46.0,6.0,0.31,12.0,5.8,0.32,10.0,2.0,33.0,1,1,4,0.22,0.22,2324
0.17,3.22,0.16,5.5,4.8,4.8,182.0,182.0,905.0,55.0,0.34,95.0,7.0,0.4,38.0,10.2,0.24,13.0,5.0,63.0,2,2,9,0.31,0.24,1819
0.26,4.36,0.24,5.4,6.8,6.8,126.0,126.0,737.0,59.0,0.35,121.0,15.0,0.44,47.0,9.7,0.54,10.0,11.0,89.0,6,6,14,0.5,0.43,2021
0.11,4.32,0.18,5.9,5.6,5.6,166.0,166.0,774.0,65.0,0.31,134.0,13.0,0.31,56.0,9.8,0.42,10.0,11.0,116.0,8,8,13,0.42,0.42,2122
0.25,2.21,0.03,0.3,0.2,0.2,27.0,27.0,85.0,4.0,0.2,13.0,0.0,0.2,3.0,1.2,0.0,0.0,0.0,6.0,0,0,3,0.51,0.51,1819
0.08,2.21,0.22,0.7,0.9,0.9,11.0,11.0,52.0,4.0,0.53,9.0,2.0,0.53,1.0,2.2,0.49,5.0,1.0,6.0,1,1,3,0.74,0.74,1920
0.0,2.32,0.08,1.0,0.9,0.9,77.0,77.0,194.0,12.0,0.36,28.0,2.0,0.36,2.0,4.4,0.17,5.0,2.0,18.0,1,1,3,0.25,0.25,2021
0.0,1.92,0.07,2.1,1.2,1.2,90.0,90.0,328.0,11.0,0.15,33.0,2.0,0.15,26.0,2.7,0.12,4.0,2.0,26.0,1,1,1,0.06,0.06,1819
0.0,1.4,0.08,0.9,0.7,0.7,59.0,59.0,151.0,6.0,0.12,12.0,1.0,0.12,8.0,1.0,0.12,2.0,0.0,9.0,0,0,1,0.12,0.12,1920
0.06,1.76,0.06,0.6,0.4,0.4,32.0,32.0,110.0,6.0,0.1,11.0,0.0,0.1,9.0,0.6,0.0,0.0,0.0,10.0,0,0,1,0.16,0.16,2021
0.0,2.95,0.1,1.3,1.6,1.6,37.0,37.0,214.0,13.0,0.17,47.0,5.0,0.17,10.0,2.7,0.31,1.0,3.0,28.0,1,1,3,0.19,0.19,2122
0.0,1.57,0.03,0.2,0.3,0.3,62.0,62.0,168.0,5.0,0.23,17.0,4.0,0.23,1.0,2.5,0.37,4.0,1.0,12.0,1,1,4,0.37,0.37,1819
0.26,2.27,0.17,1.4,1.5,1.5,57.0,57.0,215.0,15.0,0.27,20.0,1.0,0.27,7.0,2.4,0.11,1.0,1.0,11.0,1,1,1,0.11,0.11,2021
0.0,1.83,0.09,0.7,0.6,0.6,39.0,39.0,91.0,6.0,0.17,13.0,3.0,0.17,1.0,1.2,0.42,4.0,1.0,6.0,1,1,1,0.14,0.14,1819
0.0,1.07,0.01,0.3,0.1,0.1,38.0,38.0,87.0,2.0,0.4,8.0,1.0,0.4,2.0,3.0,0.13,5.0,0.0,3.0,0,0,1,0.13,0.13,1920
0.07,1.8,0.03,0.2,0.3,0.3,42.0,42.0,116.0,6.0,0.34,15.0,2.0,0.34,4.0,2.8,0.24,5.0,2.0,11.0,0,0,2,0.24,0.24,2021
0.04,0.87,0.04,0.5,0.7,0.7,3.0,3.0,28.0,4.0,0.1,14.0,3.0,0.1,4.0,1.6,0.19,0.0,2.0,12.0,1,1,2,0.12,0.12,1819
0.0,0.61,0.03,0.5,0.8,0.8,5.0,5.0,53.0,10.0,0.05,16.0,2.0,0.05,7.0,1.4,0.08,1.0,2.0,14.0,1,1,2,0.08,0.08,1920
0.03,0.79,0.0,0.2,0.0,0.0,5.0,5.0,46.0,1.0,0.2,7.0,1.0,0.2,2.0,1.8,0.11,0.0,0.0,5.0,0,0,2,0.22,0.22,2122
0.0,0.7,0.01,0.8,0.2,0.2,10.0,10.0,159.0,4.0,0.06,21.0,1.0,0.06,6.0,1.9,0.03,3.0,1.0,16.0,1,1,3,0.1,0.1,2223
0.12,2.83,0.14,4.9,4.0,4.0,237.0,237.0,698.0,41.0,0.23,79.0,9.0,0.23,42.0,6.3,0.32,26.0,5.0,63.0,4,4,6,0.22,0.22,1920
0.0,2.72,0.16,3.8,3.3,3.3,144.0,144.0,430.0,29.0,0.3,58.0,5.0,0.3,31.0,6.4,0.23,18.0,5.0,44.0,3,3,5,0.23,0.23,2122
0.32,3.75,0.11,0.3,0.4,0.4,30.0,30.0,66.0,7.0,0.18,13.0,0.0,0.18,3.0,0.6,0.0,5.0,0.0,11.0,0,0,0,0.0,0.0,2223
0.0,2.82,0.23,2.2,2.8,2.8,40.0,40.0,228.0,20.0,0.29,35.0,6.0,0.29,17.0,3.6,0.48,2.0,2.0,20.0,4,4,4,0.32,0.32,2324
0.0,2.56,0.15,2.8,2.5,2.5,158.0,158.0,418.0,18.0,0.22,43.0,3.0,0.22,15.0,3.7,0.18,23.0,3.0,32.0,3,3,3,0.18,0.18,2122
0.0,2.76,0.14,2.0,2.7,2.7,151.0,151.0,306.0,27.0,0.57,54.0,5.0,0.61,7.0,11.2,0.26,8.0,2.0,40.0,1,1,11,0.56,0.51,2021
0.0,2.04,0.03,0.6,0.4,0.4,86.0,86.0,215.0,5.0,0.75,23.0,1.0,0.75,5.0,8.5,0.09,2.0,1.0,15.0,0,0,9,0.8,0.8,2122
0.12,2.57,0.08,1.0,1.4,1.4,97.0,97.0,278.0,19.0,0.58,47.0,1.0,0.67,6.0,10.6,0.05,14.0,0.0,28.0,0,0,11,0.6,0.49,2223
0.14,3.67,0.27,5.4,6.6,6.6,183.0,183.0,453.0,53.0,0.99,90.0,13.0,1.12,25.0,24.2,0.53,19.0,6.0,72.0,3,3,31,1.26,1.1,2324
0.39,2.63,0.16,0.5,1.1,1.1,23.0,23.0,97.0,10.0,0.21,18.0,4.0,0.21,8.0,1.4,0.58,3.0,3.0,11.0,1,1,1,0.15,0.15,2223
0.0,0.51,0.01,0.1,0.2,0.2,2.0,2.0,34.0,2.0,0.1,7.0,0.0,0.1,3.0,1.3,0.0,0.0,0.0,5.0,0,0,1,0.07,0.07,1920
0.0,0.56,0.01,0.2,0.2,0.2,3.0,3.0,52.0,4.0,0.07,9.0,1.0,0.07,1.0,1.2,0.06,0.0,0.0,7.0,0,0,1,0.06,0.06,2122
0.13,2.12,0.11,1.4,1.6,1.6,98.0,98.0,262.0,12.0,0.44,30.0,3.0,0.44,5.0,6.2,0.21,7.0,1.0,20.0,1,1,6,0.42,0.42,1819
0.0,2.26,0.15,1.3,2.4,2.4,105.0,105.0,301.0,20.0,0.46,35.0,3.0,0.46,10.0,7.2,0.19,8.0,1.0,26.0,2,2,4,0.26,0.26,1920
0.24,2.67,0.14,0.8,0.9,0.9,33.0,33.0,78.0,8.0,0.17,16.0,3.0,0.17,4.0,1.0,0.5,8.0,3.0,13.0,2,2,2,0.33,0.33,1920
0.31,3.1,0.25,2.5,3.1,3.1,87.0,87.0,224.0,18.0,0.37,38.0,8.0,0.37,19.0,4.6,0.65,23.0,7.0,29.0,3,3,6,0.49,0.49,2021
0.25,3.69,0.35,6.2,6.8,6.8,195.0,195.0,440.0,41.0,0.47,72.0,11.0,0.47,46.0,9.1,0.56,31.0,9.0,59.0,6,6,10,0.51,0.51,2122
0.23,3.17,0.2,5.6,5.6,5.6,240.0,240.0,602.0,44.0,0.42,90.0,13.0,0.42,44.0,12.1,0.46,45.0,12.0,74.0,7,7,18,0.63,0.63,2223
0.09,3.91,0.25,1.6,1.8,1.8,73.0,73.0,208.0,12.0,0.37,28.0,4.0,0.37,12.0,2.6,0.56,7.0,2.0,22.0,1,1,1,0.14,0.14,2324
0.08,3.44,0.03,0.2,0.1,0.1,26.0,26.0,71.0,1.0,0.2,11.0,1.0,0.2,1.0,0.7,0.31,0.0,1.0,10.0,1,1,1,0.31,0.31,1819
0.0,0.22,0.03,0.1,0.4,0.4,6.0,6.0,30.0,3.0,0.1,3.0,1.0,0.1,1.0,1.3,0.07,0.0,0.0,2.0,1,1,1,0.07,0.07,1920
0.0,0.35,0.0,0.1,0.0,0.0,2.0,2.0,22.0,1.0,0.06,4.0,0.0,0.06,1.0,0.6,0.0,0.0,0.0,1.0,0,0,1,0.09,0.09,2021
0.0,0.48,0.02,0.4,0.2,0.2,15.0,15.0,57.0,3.0,0.3,4.0,0.0,0.3,0.0,2.5,0.0,3.0,0.0,4.0,0,0,1,0.12,0.12,2223
0.0,0.83,0.0,0.3,0.1,0.1,16.0,16.0,126.0,2.0,0.06,16.0,1.0,0.06,3.0,1.2,0.05,4.0,0.0,11.0,0,0,1,0.05,0.05,1819
0.2,2.8,0.09,2.7,1.9,1.9,165.0,165.0,364.0,18.0,0.34,62.0,6.0,0.38,18.0,7.6,0.27,39.0,3.0,35.0,2,2,7,0.32,0.27,2223
0.13,1.54,0.05,1.4,0.7,0.7,43.0,43.0,212.0,10.0,0.06,22.0,0.0,0.06,16.0,0.9,0.0,3.0,0.0,19.0,0,0,0,0.0,0.0,2122
0.22,2.19,0.11,1.6,2.0,2.0,91.0,91.0,287.0,15.0,0.24,41.0,3.0,0.24,17.0,4.5,0.16,3.0,1.0,23.0,2,2,4,0.21,0.21,2223
0.18,2.17,0.25,2.5,3.5,3.5,63.0,63.0,214.0,16.0,0.35,30.0,3.0,0.35,10.0,4.8,0.22,6.0,3.0,24.0,3,3,4,0.29,0.29,2324
0.11,1.62,0.03,1.0,1.1,1.1,175.0,175.0,381.0,27.0,0.43,53.0,5.0,0.62,5.0,14.0,0.15,10.0,4.0,42.0,2,2,22,0.67,0.43,2021
0.0,1.92,0.05,0.2,0.5,0.5,48.0,48.0,127.0,8.0,0.39,18.0,1.0,0.39,3.0,3.6,0.11,2.0,0.0,12.0,1,1,2,0.21,0.21,2122
0.0,1.9,0.05,1.1,0.6,0.6,35.0,35.0,191.0,10.0,0.06,26.0,4.0,0.06,14.0,0.8,0.29,0.0,3.0,24.0,2,2,2,0.15,0.15,1819
0.0,0.31,0.0,0.0,0.0,0.0,0.0,0.0,1.0,0.0,0.02,1.0,1.0,0.02,0.0,0.1,0.31,0.0,1.0,1.0,0,0,0,0.0,0.0,1920
0.0,1.88,0.11,0.5,1.0,1.0,45.0,45.0,133.0,7.0,0.79,17.0,3.0,0.79,3.0,7.2,0.33,1.0,3.0,13.0,1,1,4,0.44,0.44,1920
0.12,1.36,0.11,1.1,0.7,0.7,30.0,30.0,81.0,7.0,0.38,9.0,1.0,0.38,4.0,2.5,0.15,2.0,1.0,7.0,2,2,5,0.76,0.76,2122
0.0,1.24,0.07,0.5,1.1,1.1,61.0,61.0,181.0,9.0,0.32,20.0,2.0,0.32,4.0,5.2,0.12,6.0,2.0,16.0,2,2,5,0.31,0.31,2223
0.3,3.15,0.17,3.5,4.4,4.4,89.0,89.0,461.0,47.0,0.23,80.0,5.0,0.23,32.0,5.9,0.2,6.0,3.0,49.0,3,3,6,0.24,0.24,2122
0.0,2.27,0.13,1.3,1.7,1.7,65.0,65.0,273.0,18.0,0.21,30.0,3.0,0.21,11.0,2.8,0.23,2.0,3.0,19.0,4,4,6,0.45,0.45,2223
0.0,3.67,0.09,0.1,0.2,0.2,11.0,11.0,53.0,2.0,0.41,8.0,0.0,0.41,1.0,0.9,0.0,1.0,0.0,4.0,0,0,0,0.0,0.0,1819
0.0,4.96,0.16,0.4,0.7,0.7,31.0,31.0,96.0,6.0,0.43,22.0,2.0,0.44,4.0,1.9,0.45,1.0,1.0,7.0,1,1,2,0.45,0.45,1920
0.0,0.65,0.01,0.4,0.2,0.2,7.0,7.0,48.0,3.0,0.05,22.0,1.0,0.05,1.0,1.5,0.03,1.0,1.0,17.0,0,0,2,0.06,0.06,1920
0.0,2.23,0.04,1.7,1.3,1.3,72.0,72.0,393.0,27.0,0.06,68.0,3.0,0.06,19.0,1.9,0.1,1.0,3.0,57.0,0,0,0,0.0,0.0,1819
0.0,0.66,0.02,0.6,0.4,0.4,1.0,1.0,34.0,5.0,0.11,11.0,1.0,0.11,7.0,1.9,0.06,0.0,1.0,9.0,0,0,2,0.12,0.12,2122
0.26,5.11,0.25,1.4,2.0,2.0,74.0,74.0,217.0,13.0,0.5,40.0,7.0,0.6,10.0,3.9,0.89,8.0,6.0,30.0,3,3,6,0.77,0.64,1819
0.28,4.39,0.17,3.8,3.9,3.9,117.0,117.0,527.0,47.0,0.33,101.0,13.0,0.33,31.0,7.6,0.56,12.0,5.0,57.0,6,6,8,0.35,0.35,1920
0.0,5.06,0.32,4.7,5.7,5.7,87.0,87.0,417.0,53.0,0.51,91.0,10.0,0.51,23.0,9.2,0.56,9.0,4.0,36.0,5,5,6,0.33,0.33,2021
0.0,5.31,0.15,1.5,1.3,1.3,38.0,38.0,239.0,19.0,0.43,49.0,4.0,0.52,13.0,4.0,0.43,7.0,2.0,25.0,0,0,5,0.54,0.43,2122
0.0,3.87,0.18,1.5,2.1,2.1,57.0,57.0,250.0,20.0,0.32,47.0,0.0,0.39,12.0,3.9,0.0,3.0,0.0,25.0,0,0,5,0.41,0.33,2223
0.05,3.01,0.06,1.1,1.0,1.0,108.0,108.0,259.0,15.0,0.48,48.0,6.0,0.48,4.0,7.6,0.38,11.0,3.0,28.0,3,3,7,0.44,0.44,1819
0.0,1.59,0.11,0.7,1.9,1.9,99.0,99.0,249.0,12.0,0.42,29.0,4.0,0.42,6.0,7.7,0.22,7.0,2.0,20.0,1,1,7,0.38,0.38,1920
0.0,2.29,0.1,1.0,1.7,1.7,69.0,69.0,274.0,13.0,0.56,38.0,3.0,0.56,5.0,9.2,0.18,5.0,1.0,22.0,0,0,6,0.36,0.36,2021
0.0,0.6,0.01,0.4,0.2,0.2,8.0,8.0,120.0,3.0,0.05,13.0,1.0,0.05,3.0,1.0,0.05,0.0,0.0,9.0,0,0,0,0.0,0.0,2223
0.0,2.9,0.03,0.0,0.0,0.0,6.0,6.0,21.0,1.0,0.27,4.0,0.0,0.27,1.0,0.4,0.0,0.0,0.0,4.0,0,0,1,0.73,0.73,2324
0.24,5.01,0.15,3.8,3.6,3.6,126.0,126.0,584.0,40.0,0.3,116.0,13.0,0.3,31.0,6.9,0.56,44.0,7.0,54.0,3,3,6,0.26,0.26,1819
0.0,4.72,0.34,1.4,2.9,2.9,67.0,67.0,283.0,15.0,0.46,40.0,2.0,0.46,8.0,3.9,0.24,24.0,1.0,22.0,2,2,2,0.24,0.24,1920
0.15,1.97,0.02,0.3,0.1,0.1,35.0,35.0,167.0,3.0,0.23,16.0,2.0,0.23,6.0,1.9,0.25,7.0,0.0,8.0,0,0,1,0.12,0.12,2021
0.32,5.29,0.25,5.2,6.4,6.4,207.0,207.0,682.0,56.0,0.49,137.0,15.0,0.58,33.0,12.6,0.58,49.0,7.0,61.0,4,4,12,0.46,0.35,2122
0.18,3.03,0.12,2.5,2.8,2.8,132.0,132.0,454.0,29.0,0.34,68.0,11.0,0.34,26.0,7.6,0.49,15.0,6.0,51.0,1,1,8,0.36,0.36,2021
0.0,3.6,0.17,3.9,3.6,3.6,202.0,202.0,617.0,38.0,0.42,78.0,11.0,0.42,37.0,9.2,0.51,26.0,9.0,50.0,4,4,10,0.46,0.46,2122
0.0,4.18,0.14,1.9,1.9,1.9,91.0,91.0,324.0,21.0,0.33,57.0,8.0,0.33,18.0,4.4,0.59,10.0,5.0,37.0,4,4,5,0.37,0.37,2223
0.34,3.07,0.14,0.9,0.8,0.8,43.0,43.0,118.0,8.0,0.36,17.0,0.0,0.36,7.0,2.0,0.0,6.0,0.0,14.0,0,0,0,0.0,0.0,2324
0.0,2.5,0.07,2.0,2.4,2.4,52.0,52.0,395.0,29.0,0.11,81.0,7.0,0.14,29.0,3.6,0.22,5.0,6.0,72.0,1,1,2,0.06,0.03,1920
0.0,1.33,0.02,0.9,0.6,0.6,46.0,46.0,266.0,13.0,0.04,36.0,1.0,0.04,11.0,1.1,0.04,3.0,1.0,35.0,0,0,0,0.0,0.0,2021
0.05,1.72,0.02,0.7,0.2,0.2,3.0,3.0,101.0,8.0,0.04,18.0,0.0,0.04,9.0,0.4,0.0,0.0,0.0,16.0,0,0,1,0.1,0.1,2122
0.0,1.98,0.05,1.6,1.1,1.1,24.0,24.0,256.0,12.0,0.07,44.0,4.0,0.07,23.0,1.6,0.18,1.0,3.0,38.0,1,1,1,0.05,0.05,2223
0.08,3.1,0.16,4.3,4.3,4.3,208.0,208.0,611.0,41.0,0.25,85.0,8.0,0.25,38.0,6.8,0.29,18.0,5.0,46.0,5,5,6,0.22,0.22,1819
0.05,3.07,0.07,1.7,0.9,0.9,112.0,112.0,355.0,13.0,0.18,39.0,4.0,0.18,23.0,2.3,0.31,13.0,3.0,28.0,1,1,1,0.08,0.08,1920
0.1,3.12,0.08,2.5,1.5,1.5,146.0,146.0,515.0,27.0,0.17,58.0,3.0,0.17,34.0,3.2,0.16,18.0,3.0,44.0,1,1,3,0.16,0.16,2021
0.23,3.66,0.12,2.9,2.3,2.3,148.0,148.0,488.0,35.0,0.18,71.0,3.0,0.18,33.0,3.5,0.15,20.0,2.0,44.0,2,2,2,0.1,0.1,2122
0.16,4.64,0.28,6.3,8.4,8.4,357.0,357.0,962.0,67.0,0.55,140.0,14.0,0.55,52.0,16.5,0.46,47.0,10.0,91.0,7,7,14,0.46,0.46,2223
0.36,4.06,0.16,3.2,3.6,3.6,201.0,201.0,611.0,33.0,0.49,92.0,12.0,0.49,30.0,11.1,0.53,59.0,7.0,66.0,6,6,18,0.79,0.79,1819
0.29,3.6,0.23,4.3,6.4,6.4,215.0,215.0,641.0,41.0,0.53,99.0,19.0,0.56,25.0,14.4,0.69,56.0,12.0,64.0,10,10,21,0.76,0.76,1920
0.21,3.73,0.24,5.1,8.4,8.4,266.0,266.0,757.0,75.0,0.5,129.0,18.0,0.52,23.0,17.4,0.52,37.0,12.0,83.0,10,10,27,0.78,0.75,2021
0.31,3.8,0.2,4.5,6.5,6.5,196.0,196.0,643.0,61.0,0.52,122.0,13.0,0.52,32.0,16.6,0.4,31.0,8.0,74.0,6,6,16,0.5,0.5,2223
0.38,3.96,0.36,8.3,11.8,11.8,325.0,325.0,823.0,68.0,0.68,129.0,17.0,0.73,65.0,22.2,0.52,64.0,13.0,108.0,10,10,27,0.83,0.77,2324
0.08,2.98,0.08,1.9,2.3,2.3,64.0,64.0,375.0,33.0,0.12,88.0,11.0,0.12,24.0,3.5,0.37,8.0,9.0,72.0,4,4,6,0.2,0.2,1819
0.0,2.25,0.07,1.4,1.7,1.7,40.0,40.0,311.0,22.0,0.12,55.0,4.0,0.12,25.0,2.9,0.16,4.0,3.0,48.0,2,2,2,0.08,0.08,1920
0.1,2.45,0.08,0.4,0.5,0.5,11.0,11.0,78.0,5.0,0.13,16.0,2.0,0.13,4.0,0.8,0.31,1.0,2.0,12.0,0,0,0,0.0,0.0,2021
0.08,1.66,0.03,0.2,0.3,0.3,22.0,22.0,113.0,7.0,0.1,17.0,4.0,0.1,4.0,1.0,0.39,1.0,2.0,14.0,1,1,2,0.2,0.2,2021
0.04,1.46,0.09,1.7,2.1,2.1,121.0,121.0,349.0,18.0,0.11,36.0,3.0,0.11,16.0,2.8,0.12,6.0,2.0,31.0,1,1,1,0.04,0.04,2021
0.0,0.88,0.02,1.6,0.4,0.4,25.0,25.0,140.0,7.0,0.1,20.0,1.0,0.1,5.0,2.2,0.04,4.0,1.0,20.0,1,1,2,0.09,0.09,2324
0.09,0.87,0.01,0.5,0.1,0.1,13.0,13.0,68.0,2.0,0.05,13.0,1.0,0.05,2.0,0.8,0.07,1.0,1.0,11.0,0,0,0,0.0,0.0,2324
0.0,2.1,0.03,1.3,0.9,0.9,34.0,34.0,296.0,18.0,0.06,58.0,6.0,0.06,12.0,1.8,0.22,4.0,5.0,47.0,1,1,1,0.04,0.04,1819
0.03,2.03,0.04,1.0,0.7,0.7,13.0,13.0,185.0,15.0,0.04,38.0,1.0,0.04,6.0,0.8,0.05,0.0,0.0,36.0,0,0,1,0.05,0.05,2122
0.03,2.03,0.03,1.3,1.0,1.0,39.0,39.0,379.0,17.0,0.05,70.0,8.0,0.05,14.0,1.6,0.23,9.0,6.0,58.0,1,1,2,0.06,0.06,2223
0.0,1.27,0.05,0.6,0.7,0.7,18.0,18.0,91.0,7.0,0.07,18.0,2.0,0.07,4.0,1.1,0.14,1.0,2.0,14.0,1,1,1,0.07,0.07,1920
0.0,1.05,0.02,0.5,0.3,0.3,10.0,10.0,43.0,3.0,0.06,15.0,1.0,0.06,3.0,0.8,0.07,0.0,0.0,12.0,0,0,1,0.07,0.07,2223
0.0,0.64,0.02,0.8,0.6,0.6,10.0,10.0,59.0,8.0,0.05,17.0,3.0,0.05,9.0,1.2,0.11,0.0,2.0,16.0,1,1,1,0.04,0.04,2223
0.06,0.68,0.01,0.3,0.1,0.1,2.0,2.0,20.0,1.0,0.04,5.0,1.0,0.04,3.0,0.3,0.14,0.0,1.0,5.0,0,0,0,0.0,0.0,2324
0.0,1.07,0.06,0.7,0.6,0.6,6.0,6.0,57.0,6.0,0.18,10.0,1.0,0.18,4.0,1.7,0.11,0.0,1.0,10.0,1,1,3,0.32,0.32,1920
0.0,1.14,0.01,0.6,0.2,0.2,13.0,13.0,92.0,5.0,0.09,20.0,1.0,0.09,5.0,1.5,0.06,1.0,1.0,16.0,0,0,1,0.06,0.06,2021
0.12,2.21,0.1,4.1,3.1,3.1,171.0,171.0,582.0,35.0,0.16,68.0,6.0,0.16,34.0,5.0,0.2,12.0,3.0,55.0,2,2,4,0.13,0.13,2021
0.0,2.41,0.14,2.5,2.1,2.1,76.0,76.0,255.0,12.0,0.18,37.0,6.0,0.18,12.0,2.8,0.39,7.0,4.0,30.0,2,2,3,0.18,0.18,2122
0.12,1.43,0.13,1.3,1.2,1.2,39.0,39.0,136.0,8.0,0.22,13.0,0.0,0.22,13.0,2.0,0.0,5.0,0.0,11.0,0,0,0,0.0,0.0,2223
0.0,0.55,0.01,0.4,0.3,0.3,0.0,0.0,27.0,5.0,0.05,17.0,1.0,0.05,3.0,1.6,0.03,0.0,1.0,10.0,0,0,2,0.06,0.06,2021
0.0,0.52,0.04,0.3,0.3,0.3,2.0,2.0,5.0,2.0,0.05,4.0,0.0,0.05,1.0,0.4,0.0,0.0,0.0,4.0,0,0,1,0.13,0.13,2324
0.0,0.83,0.03,0.5,0.4,0.4,2.0,2.0,52.0,1.0,0.05,13.0,1.0,0.05,7.0,0.8,0.06,0.0,1.0,13.0,0,0,0,0.0,0.0,1819
0.0,0.94,0.07,1.2,1.7,1.7,17.0,17.0,154.0,6.0,0.15,24.0,2.0,0.15,10.0,3.8,0.08,5.0,1.0,14.0,0,0,0,0.0,0.0,1920
0.0,1.1,0.03,1.0,0.7,0.7,26.0,26.0,184.0,14.0,0.06,26.0,2.0,0.06,16.0,1.4,0.08,1.0,2.0,23.0,0,0,0,0.0,0.0,2021
0.0,0.33,0.03,0.7,0.7,0.7,15.0,15.0,130.0,5.0,0.07,8.0,1.0,0.07,8.0,1.7,0.04,0.0,1.0,8.0,0,0,2,0.08,0.08,2122
0.0,1.64,0.08,1.9,2.1,2.1,64.0,64.0,363.0,22.0,0.12,44.0,4.0,0.12,21.0,3.3,0.15,4.0,3.0,36.0,2,2,3,0.11,0.11,2324
0.0,1.16,0.0,0.1,0.0,0.0,5.0,5.0,46.0,0.0,0.05,5.0,1.0,0.05,2.0,0.2,0.23,0.0,0.0,3.0,0,0,0,0.0,0.0,2425
0.0,0.86,0.02,0.7,0.7,0.7,0.0,0.0,49.0,10.0,0.09,27.0,4.0,0.09,7.0,2.7,0.13,0.0,4.0,22.0,3,3,7,0.22,0.22,1920
0.0,0.4,0.01,0.5,0.5,0.5,2.0,2.0,45.0,6.0,0.05,12.0,1.0,0.05,4.0,1.7,0.03,1.0,1.0,12.0,0,0,1,0.03,0.03,2021
0.0,0.52,0.0,0.4,0.0,0.0,1.0,1.0,39.0,0.0,0.1,14.0,3.0,0.1,3.0,2.6,0.11,1.0,2.0,9.0,0,0,0,0.0,0.0,2122
0.0,0.6,0.01,0.7,0.2,0.2,0.0,0.0,35.0,1.0,0.11,13.0,1.0,0.11,0.0,2.4,0.05,0.0,1.0,10.0,0,0,1,0.05,0.05,2223
0.0,0.51,0.02,0.4,0.3,0.3,2.0,2.0,26.0,2.0,0.05,9.0,1.0,0.05,4.0,0.9,0.06,0.0,1.0,7.0,0,0,1,0.06,0.06,2324
0.07,3.53,0.08,0.6,0.9,0.9,55.0,55.0,148.0,17.0,0.33,38.0,6.0,0.33,4.0,3.5,0.56,6.0,3.0,26.0,1,1,7,0.65,0.65,1819
0.06,2.64,0.07,1.6,1.9,1.9,168.0,168.0,385.0,25.0,0.36,71.0,7.0,0.36,14.0,9.7,0.26,23.0,5.0,50.0,2,2,10,0.37,0.37,1920
4.09,1.33,0.04,0.7,0.6,0.6,110.0,110.0,190.0,9.0,0.27,22.0,3.0,0.27,6.0,4.5,0.18,5.0,2.0,12.0,1,1,5,0.3,0.3,2021
0.04,1.55,0.02,0.1,0.1,0.1,21.0,21.0,61.0,2.0,0.06,6.0,0.0,0.06,3.0,0.2,0.0,1.0,0.0,4.0,0,0,0,0.0,0.0,2122
0.09,2.19,0.07,1.9,1.9,1.9,101.0,101.0,440.0,20.0,0.1,59.0,2.0,0.1,35.0,2.7,0.07,4.0,2.0,44.0,1,1,1,0.04,0.04,2324
0.25,4.88,0.25,3.8,5.6,5.6,73.0,73.0,461.0,52.0,0.34,107.0,7.0,0.34,11.0,7.4,0.32,3.0,5.0,75.0,4,4,6,0.27,0.27,1819
0.0,5.48,0.21,0.9,1.7,1.7,74.0,74.0,267.0,14.0,0.39,44.0,6.0,0.39,9.0,3.1,0.75,6.0,0.0,26.0,2,2,5,0.62,0.62,1920
0.0,5.07,0.14,1.1,0.9,0.9,40.0,40.0,207.0,11.0,0.3,34.0,4.0,0.3,11.0,2.0,0.6,2.0,0.0,26.0,0,0,0,0.0,0.0,2021
0.06,1.79,0.1,0.5,0.8,0.8,24.0,24.0,160.0,9.0,0.23,15.0,2.0,0.23,3.0,1.9,0.24,1.0,1.0,12.0,0,0,1,0.12,0.12,2122
1.96,3.5,0.12,2.6,2.1,2.1,37.0,37.0,299.0,24.0,0.19,63.0,8.0,0.19,21.0,3.5,0.44,2.0,7.0,38.0,1,1,4,0.22,0.22,2223
0.14,4.23,0.11,0.3,0.3,0.3,15.0,15.0,38.0,3.0,0.16,10.0,0.0,0.16,0.0,0.4,0.0,0.0,0.0,7.0,0,0,1,0.42,0.42,1819
0.0,2.08,0.1,1.0,1.4,1.4,33.0,33.0,166.0,11.0,0.23,29.0,4.0,0.23,9.0,3.2,0.29,0.0,2.0,15.0,2,2,3,0.22,0.22,1920
0.0,1.92,0.11,1.3,1.9,1.9,81.0,81.0,230.0,17.0,0.39,34.0,3.0,0.39,13.0,6.9,0.17,10.0,2.0,25.0,1,1,7,0.39,0.39,2223
0.16,3.85,0.22,4.5,5.0,5.0,185.0,185.0,569.0,37.0,0.54,90.0,12.0,0.54,37.0,12.6,0.51,37.0,8.0,70.0,3,3,14,0.6,0.6,1819
0.0,4.72,0.17,1.0,1.1,1.1,61.0,61.0,165.0,17.0,0.38,30.0,1.0,0.38,11.0,2.4,0.16,10.0,1.0,24.0,1,1,2,0.31,0.31,2021
0.12,4.35,0.26,2.4,3.0,3.0,105.0,105.0,326.0,31.0,0.49,51.0,1.0,0.49,31.0,5.7,0.09,20.0,1.0,43.0,0,0,3,0.26,0.26,2122
0.21,4.25,0.08,1.6,1.4,1.4,136.0,136.0,395.0,27.0,0.41,72.0,7.0,0.41,21.0,7.0,0.41,20.0,4.0,49.0,2,2,9,0.53,0.53,2223
0.33,2.74,0.12,1.8,2.3,2.3,131.0,131.0,328.0,20.0,0.25,53.0,7.0,0.25,12.0,4.8,0.36,22.0,5.0,35.0,4,4,7,0.36,0.36,2324
0.0,1.75,0.05,1.2,0.8,0.8,89.0,89.0,235.0,8.0,0.24,27.0,1.0,0.24,11.0,3.6,0.06,20.0,0.0,18.0,1,1,6,0.39,0.39,1920
0.12,1.6,0.05,0.7,1.2,1.2,141.0,141.0,364.0,14.0,0.3,36.0,7.0,0.3,7.0,6.8,0.31,23.0,1.0,17.0,0,0,9,0.4,0.4,2021
0.14,2.55,0.13,2.2,3.3,3.3,182.0,182.0,409.0,23.0,0.42,65.0,8.0,0.42,16.0,10.8,0.31,22.0,3.0,39.0,3,3,11,0.43,0.43,2122
0.06,3.08,0.1,1.0,1.4,1.4,91.0,91.0,244.0,13.0,0.4,44.0,4.0,0.4,6.0,5.7,0.28,11.0,3.0,22.0,2,2,6,0.42,0.42,2223
0.0,3.61,0.12,0.4,0.5,0.5,17.0,17.0,78.0,6.0,0.63,16.0,1.0,0.63,6.0,2.8,0.23,1.0,1.0,9.0,0,0,2,0.45,0.45,1819
0.0,3.42,0.07,0.6,0.4,0.4,44.0,44.0,131.0,6.0,0.33,18.0,1.0,0.33,6.0,1.7,0.19,5.0,1.0,11.0,0,0,2,0.38,0.38,1920
0.09,4.04,0.07,1.1,0.6,0.6,80.0,80.0,250.0,11.0,0.54,36.0,8.0,0.68,21.0,4.9,0.9,9.0,4.0,20.0,0,0,6,0.67,0.67,2021
0.2,3.72,0.14,1.6,1.6,1.6,70.0,70.0,192.0,15.0,0.52,42.0,2.0,0.52,16.0,5.9,0.18,3.0,1.0,32.0,1,1,7,0.62,0.62,2122
0.0,0.37,0.02,0.4,0.5,0.5,5.0,5.0,65.0,4.0,0.04,10.0,0.0,0.04,2.0,1.2,0.0,0.0,0.0,7.0,0,0,1,0.04,0.04,1920
0.13,1.67,0.09,1.3,1.9,1.9,94.0,94.0,326.0,18.0,0.39,33.0,4.0,0.39,3.0,7.7,0.2,9.0,3.0,27.0,3,3,5,0.25,0.25,1819
0.08,1.64,0.1,2.9,2.9,2.9,140.0,140.0,477.0,19.0,0.45,49.0,8.0,0.5,12.0,13.4,0.27,7.0,7.0,34.0,4,4,13,0.44,0.4,2021
0.0,1.95,0.05,1.2,1.2,1.2,106.0,106.0,396.0,18.0,0.44,50.0,9.0,0.5,14.0,11.4,0.35,6.0,6.0,36.0,2,2,11,0.43,0.35,2122
0.1,2.01,0.04,1.3,0.8,0.8,89.0,89.0,290.0,13.0,0.4,37.0,4.0,0.44,3.0,7.3,0.22,9.0,2.0,24.0,0,0,6,0.33,0.27,2223
0.0,1.63,0.11,1.4,2.1,2.1,111.0,111.0,316.0,21.0,0.56,32.0,6.0,0.56,9.0,11.0,0.31,6.0,2.0,20.0,2,2,8,0.41,0.41,2324
0.0,2.41,0.06,0.3,0.6,0.6,16.0,16.0,128.0,11.0,0.14,24.0,1.0,0.14,6.0,1.4,0.1,1.0,1.0,20.0,0,0,1,0.1,0.1,2021
0.16,2.61,0.06,0.8,0.9,0.9,83.0,83.0,250.0,13.0,0.21,35.0,7.0,0.21,8.0,2.9,0.52,11.0,3.0,24.0,3,3,4,0.3,0.3,2021
0.0,0.56,0.02,0.2,0.3,0.3,0.0,0.0,33.0,2.0,0.04,9.0,0.0,0.04,0.0,0.6,0.0,0.0,0.0,8.0,0,0,0,0.0,0.0,2021
0.0,1.99,0.07,0.8,2.1,2.1,21.0,21.0,266.0,24.0,0.13,58.0,2.0,0.13,9.0,3.9,0.07,0.0,2.0,51.0,2,2,3,0.1,0.1,1819
0.03,1.17,0.0,0.1,0.0,0.0,5.0,5.0,27.0,0.0,0.04,5.0,0.0,0.04,0.0,0.2,0.0,0.0,0.0,4.0,0,0,0,0.0,0.0,1920
0.0,2.04,0.05,0.2,0.3,0.3,48.0,48.0,104.0,6.0,0.29,12.0,2.0,0.29,3.0,1.7,0.34,3.0,2.0,8.0,2,2,3,0.51,0.51,1920
0.2,2.15,0.02,0.2,0.1,0.1,23.0,23.0,78.0,2.0,0.08,10.0,1.0,0.25,2.0,0.4,0.21,1.0,0.0,4.0,0,0,0,0.0,0.0,2021
0.09,3.78,0.16,1.5,1.0,1.0,48.0,48.0,151.0,10.0,0.25,24.0,1.0,0.25,13.0,1.6,0.16,4.0,1.0,21.0,1,1,1,0.16,0.16,1819
0.46,1.32,0.03,0.4,0.3,0.3,25.0,25.0,109.0,4.0,0.11,11.0,0.0,0.2,6.0,0.9,0.0,3.0,0.0,9.0,0,0,2,0.24,0.24,1920
0.0,3.07,0.06,2.6,1.3,1.3,140.0,140.0,436.0,25.0,0.2,64.0,6.0,0.2,24.0,4.2,0.29,8.0,5.0,40.0,2,2,4,0.19,0.19,1819
0.05,0.2,0.04,0.4,0.2,0.2,1.0,1.0,26.0,1.0,0.15,1.0,0.0,0.15,9.0,0.7,0.0,0.0,0.0,1.0,0,0,0,0.0,0.0,2122
0.16,3.15,0.1,1.4,2.0,2.0,101.0,101.0,335.0,18.0,0.25,60.0,8.0,0.25,22.0,4.8,0.42,8.0,4.0,43.0,3,3,8,0.42,0.42,1920
0.0,2.96,0.08,1.8,2.6,2.6,118.0,118.0,512.0,35.0,0.17,91.0,15.0,0.17,40.0,5.3,0.49,10.0,7.0,64.0,5,5,9,0.29,0.29,2021
0.06,3.3,0.09,1.4,1.5,1.5,78.0,78.0,428.0,25.0,0.24,54.0,3.0,0.24,23.0,4.0,0.18,12.0,1.0,42.0,0,0,2,0.12,0.12,2122
0.0,1.79,0.1,2.8,2.7,2.7,173.0,173.0,384.0,22.0,0.36,49.0,4.0,0.44,11.0,9.8,0.15,17.0,3.0,36.0,1,1,12,0.44,0.36,1819
0.11,1.88,0.06,0.6,0.6,0.6,74.0,74.0,142.0,11.0,0.31,19.0,2.0,0.39,4.0,3.2,0.2,8.0,2.0,15.0,0,0,4,0.4,0.3,1920
0.08,1.23,0.06,0.5,1.0,1.0,110.0,110.0,276.0,11.0,0.48,22.0,3.0,0.52,7.0,8.5,0.17,15.0,2.0,15.0,2,2,8,0.45,0.45,2021
0.0,5.32,0.24,1.3,1.4,1.4,53.0,53.0,136.0,12.0,0.43,31.0,3.0,0.43,6.0,2.5,0.52,6.0,0.0,16.0,0,0,0,0.0,0.0,2122
0.0,1.98,0.12,0.9,2.4,2.4,58.0,58.0,185.0,15.0,0.28,38.0,1.0,0.28,8.0,5.4,0.05,5.0,0.0,23.0,1,1,3,0.16,0.16,1819
0.14,1.97,0.06,1.1,1.0,1.0,52.0,52.0,184.0,11.0,0.23,35.0,3.0,0.23,7.0,4.1,0.17,7.0,3.0,25.0,0,0,7,0.39,0.39,1920
0.0,1.66,0.06,0.9,1.3,1.3,52.0,52.0,203.0,14.0,0.16,36.0,2.0,0.16,11.0,3.4,0.09,6.0,2.0,25.0,3,3,4,0.18,0.18,2021
0.09,2.15,0.06,1.4,1.4,1.4,77.0,77.0,240.0,23.0,0.14,53.0,2.0,0.14,16.0,3.5,0.08,11.0,1.0,32.0,0,0,3,0.12,0.12,2122
0.11,1.82,0.07,1.8,1.6,1.6,48.0,48.0,219.0,18.0,0.16,41.0,4.0,0.16,14.0,3.5,0.18,3.0,4.0,29.0,2,2,6,0.27,0.27,2223
0.07,1.73,0.07,0.9,1.4,1.4,36.0,36.0,158.0,17.0,0.13,32.0,4.0,0.13,14.0,2.4,0.22,3.0,2.0,25.0,2,2,2,0.11,0.11,2324
0.34,1.13,0.06,0.3,0.5,0.5,46.0,46.0,137.0,8.0,0.43,10.0,1.0,0.43,4.0,3.8,0.11,5.0,0.0,8.0,0,0,3,0.34,0.34,1819
0.0,1.37,0.21,0.4,0.6,0.6,25.0,25.0,63.0,3.0,0.54,4.0,1.0,0.54,2.0,1.6,0.34,2.0,1.0,4.0,1,1,2,0.69,0.69,1920
0.16,5.76,0.3,4.4,4.5,4.5,148.0,148.0,515.0,41.0,0.37,87.0,5.0,0.37,50.0,5.6,0.33,22.0,4.0,63.0,2,2,3,0.2,0.2,1920
0.23,4.4,0.18,6.5,4.5,4.5,196.0,196.0,744.0,44.0,0.27,108.0,14.0,0.27,58.0,6.6,0.57,16.0,12.0,82.0,4,4,7,0.29,0.29,2021
0.34,3.05,0.04,0.5,0.2,0.2,39.0,39.0,118.0,4.0,0.12,13.0,3.0,0.12,10.0,0.5,0.7,3.0,2.0,10.0,1,1,1,0.23,0.23,2122
0.24,5.41,0.24,3.2,2.8,2.8,96.0,96.0,392.0,28.0,0.34,64.0,7.0,0.34,28.0,4.0,0.59,7.0,4.0,51.0,4,4,6,0.51,0.51,2223
0.3,5.4,0.23,4.9,3.9,3.9,109.0,109.0,522.0,42.0,0.32,91.0,12.0,0.32,38.0,5.3,0.71,7.0,9.0,60.0,4,4,5,0.3,0.3,2324
0.03,0.63,0.01,0.3,0.2,0.2,0.0,0.0,49.0,3.0,0.05,14.0,0.0,0.05,4.0,1.1,0.0,1.0,0.0,11.0,0,0,0,0.0,0.0,1819
0.0,0.92,0.07,0.6,1.0,1.0,5.0,5.0,29.0,5.0,0.11,14.0,3.0,0.11,1.0,1.6,0.2,0.0,3.0,12.0,2,2,4,0.26,0.26,2324
0.18,3.2,0.23,0.8,0.9,0.9,45.0,45.0,103.0,5.0,0.62,12.0,2.0,0.62,3.0,2.3,0.53,2.0,1.0,11.0,1,1,4,1.07,1.07,2122
0.15,2.36,0.16,0.3,0.9,0.9,50.0,50.0,152.0,7.0,0.32,13.0,2.0,0.46,4.0,1.8,0.36,1.0,2.0,12.0,1,1,4,0.73,0.55,2223
2.81,3.0,0.06,1.2,1.6,1.6,107.0,107.0,439.0,20.0,0.21,77.0,6.0,0.21,18.0,5.3,0.23,6.0,4.0,57.0,2,2,8,0.31,0.31,2122
0.0,0.84,0.0,0.1,0.0,0.0,10.0,10.0,46.0,0.0,0.12,4.0,0.0,0.12,1.0,0.6,0.0,2.0,0.0,1.0,0,0,0,0.0,0.0,2223
0.0,1.76,0.01,0.2,0.1,0.1,37.0,37.0,111.0,4.0,0.11,17.0,1.0,0.11,5.0,1.1,0.1,2.0,1.0,10.0,0,0,4,0.41,0.41,2324
0.41,3.57,0.24,9.9,7.9,7.9,372.0,372.0,878.0,52.0,0.42,118.0,25.0,0.42,60.0,14.0,0.76,80.0,19.0,85.0,10,10,19,0.57,0.57,2324
0.17,1.32,0.08,0.8,1.7,1.7,93.0,93.0,316.0,9.0,0.13,27.0,3.0,0.13,12.0,2.7,0.15,7.0,2.0,17.0,1,1,1,0.05,0.05,1920
0.0,1.9,0.1,1.6,1.8,1.8,90.0,90.0,237.0,19.0,0.15,34.0,5.0,0.15,14.0,2.7,0.28,4.0,4.0,27.0,3,3,3,0.17,0.17,2021
0.0,1.14,0.05,0.9,0.9,0.9,37.0,37.0,246.0,4.0,0.07,21.0,2.0,0.07,18.0,1.2,0.11,3.0,2.0,15.0,0,0,1,0.05,0.05,2223
0.2,1.96,0.12,1.8,2.8,2.8,96.0,96.0,410.0,27.0,0.16,45.0,3.0,0.16,9.0,3.7,0.13,3.0,1.0,21.0,1,1,1,0.04,0.04,2021
0.11,1.83,0.04,1.0,0.6,0.6,72.0,72.0,294.0,11.0,0.07,27.0,4.0,0.07,10.0,1.0,0.27,3.0,2.0,15.0,3,3,3,0.2,0.2,2122
0.04,2.97,0.25,4.4,6.1,6.1,169.0,169.0,461.0,38.0,0.69,72.0,16.0,0.79,13.0,16.8,0.66,17.0,12.0,53.0,9,9,24,0.99,0.87,1819
0.22,1.54,0.14,1.5,1.4,1.4,52.0,52.0,160.0,10.0,0.41,16.0,0.0,0.41,5.0,4.3,0.0,3.0,0.0,13.0,0,0,3,0.29,0.29,2021
0.23,2.94,0.17,1.5,2.3,2.3,65.0,65.0,203.0,16.0,0.73,40.0,8.0,0.79,4.0,10.0,0.59,4.0,4.0,22.0,3,3,12,0.88,0.88,2223
0.0,2.53,0.17,0.9,0.7,0.7,34.0,34.0,68.0,5.0,0.39,11.0,1.0,0.39,1.0,1.7,0.23,2.0,1.0,10.0,1,1,1,0.23,0.23,2324
0.0,2.79,0.15,0.5,0.6,0.6,26.0,26.0,91.0,6.0,0.23,12.0,1.0,0.23,3.0,1.0,0.23,3.0,1.0,10.0,1,1,1,0.23,0.23,2021
0.13,2.43,0.15,1.4,0.8,0.8,43.0,43.0,83.0,5.0,0.74,13.0,0.0,0.74,5.0,4.0,0.0,6.0,0.0,9.0,0,0,1,0.19,0.19,1920
0.04,2.39,0.08,0.8,1.3,1.3,108.0,108.0,203.0,20.0,0.49,36.0,7.0,0.49,2.0,7.4,0.46,10.0,3.0,26.0,2,2,7,0.46,0.46,2021
0.06,2.82,0.1,1.9,2.4,2.4,171.0,171.0,396.0,27.0,0.6,68.0,6.0,0.66,20.0,14.4,0.25,19.0,2.0,46.0,1,1,16,0.66,0.58,2122
0.0,2.6,0.15,0.9,1.7,1.7,45.0,45.0,118.0,10.0,0.56,30.0,6.0,0.56,3.0,6.4,0.52,6.0,5.0,22.0,3,3,9,0.78,0.78,2324
0.0,1.74,0.07,0.6,0.6,0.6,53.0,53.0,137.0,4.0,0.31,16.0,3.0,0.31,7.0,2.8,0.33,3.0,2.0,9.0,0,0,2,0.22,0.22,1819
0.14,3.83,0.03,0.2,0.1,0.1,26.0,26.0,83.0,3.0,0.26,16.0,0.0,0.26,5.0,1.1,0.0,1.0,0.0,8.0,0,0,0,0.0,0.0,1819
0.0,2.3,0.08,1.6,1.7,1.7,145.0,145.0,414.0,19.0,0.24,50.0,6.0,0.24,10.0,5.2,0.28,26.0,5.0,38.0,3,3,5,0.23,0.23,1920
0.0,2.46,0.13,0.9,1.2,1.2,57.0,57.0,213.0,9.0,0.21,22.0,3.0,0.21,6.0,1.9,0.34,11.0,2.0,13.0,1,1,2,0.22,0.22,2021
0.0,3.91,0.32,0.7,1.1,1.1,31.0,31.0,104.0,10.0,0.76,13.0,0.0,0.76,7.0,2.5,0.0,6.0,0.0,10.0,0,0,0,0.0,0.0,2021
0.15,4.2,0.17,2.8,3.0,3.0,107.0,107.0,364.0,32.0,0.32,75.0,4.0,0.32,23.0,5.7,0.22,25.0,3.0,47.0,0,0,1,0.06,0.06,2122
0.17,3.55,0.22,5.4,6.0,6.0,239.0,239.0,736.0,39.0,0.44,96.0,11.0,0.44,34.0,11.9,0.41,66.0,6.0,63.0,4,4,13,0.48,0.48,2223
0.0,4.61,0.27,6.5,6.4,6.4,231.0,231.0,683.0,58.0,0.42,110.0,7.0,0.42,31.0,9.9,0.29,63.0,4.0,66.0,4,4,11,0.46,0.46,2324
0.0,1.33,0.03,0.8,0.4,0.4,37.0,37.0,248.0,6.0,0.15,17.0,2.0,0.15,10.0,1.9,0.16,3.0,2.0,16.0,1,1,3,0.23,0.23,2324
0.22,1.81,0.05,0.4,0.4,0.4,59.0,59.0,119.0,2.0,0.25,14.0,0.0,0.25,7.0,2.0,0.0,7.0,0.0,6.0,0,0,0,0.0,0.0,1819
0.16,2.74,0.11,2.1,1.9,1.9,109.0,109.0,285.0,20.0,0.32,49.0,7.0,0.32,19.0,5.7,0.39,16.0,6.0,35.0,4,4,7,0.39,0.39,2122
0.05,2.94,0.11,2.1,2.1,2.1,119.0,119.0,289.0,22.0,0.41,56.0,8.0,0.41,18.0,7.7,0.42,16.0,6.0,39.0,3,3,6,0.32,0.32,2223
0.09,2.95,0.06,0.9,1.3,1.3,167.0,167.0,363.0,21.0,0.42,65.0,5.0,0.42,13.0,9.2,0.23,28.0,3.0,44.0,1,1,7,0.32,0.32,2324
0.0,2.15,0.0,0.1,0.0,0.0,16.0,16.0,61.0,0.0,0.34,7.0,1.0,0.34,2.0,1.1,0.31,1.0,0.0,4.0,0,0,1,0.31,0.31,2021
0.0,1.9,0.06,0.2,0.5,0.5,42.0,42.0,116.0,5.0,0.25,15.0,1.0,0.25,5.0,2.0,0.13,6.0,1.0,11.0,0,0,2,0.25,0.25,2021
0.37,3.87,0.25,0.6,0.5,0.5,15.0,15.0,50.0,2.0,1.04,8.0,1.0,1.04,3.0,2.2,0.48,2.0,1.0,6.0,0,0,3,1.45,1.45,2122
0.26,3.36,0.17,1.9,1.4,1.4,66.0,66.0,193.0,10.0,0.4,27.0,4.0,0.4,12.0,3.2,0.5,11.0,2.0,20.0,3,3,4,0.5,0.5,2223
0.12,3.15,0.21,4.3,4.9,4.9,198.0,198.0,527.0,34.0,0.46,74.0,12.0,0.46,36.0,10.8,0.51,19.0,10.0,56.0,6,6,15,0.64,0.64,2324
0.09,2.32,0.11,1.9,2.7,2.7,134.0,134.0,334.0,21.0,0.77,57.0,9.0,0.77,7.0,19.0,0.37,10.0,4.0,37.0,3,3,18,0.73,0.73,1920
0.12,1.47,0.06,0.2,0.7,0.7,66.0,66.0,154.0,9.0,0.57,17.0,2.0,0.57,1.0,6.6,0.17,8.0,1.0,9.0,1,1,7,0.61,0.61,2021
0.12,2.74,0.14,2.4,4.8,4.8,199.0,199.0,495.0,38.0,0.68,94.0,14.0,0.74,27.0,23.2,0.41,22.0,6.0,62.0,4,4,21,0.61,0.53,2122
0.0,2.88,0.15,2.8,3.7,3.7,141.0,141.0,355.0,33.0,0.6,70.0,9.0,0.6,17.0,14.5,0.37,16.0,4.0,46.0,3,3,11,0.45,0.45,2223
0.0,2.51,0.16,1.3,2.2,2.2,69.0,69.0,149.0,14.0,0.58,33.0,9.0,0.7,10.0,7.6,0.68,4.0,7.0,28.0,4,4,7,0.53,0.46,2425
0.08,2.27,0.16,1.9,2.6,2.6,149.0,149.0,341.0,15.0,0.32,38.0,3.0,0.32,9.0,5.4,0.18,22.0,3.0,27.0,1,1,3,0.18,0.18,2021
0.0,2.25,0.05,0.6,0.6,0.6,88.0,88.0,197.0,8.0,0.12,27.0,1.0,0.12,6.0,1.4,0.08,7.0,1.0,15.0,1,1,1,0.08,0.08,2122
0.23,4.17,0.17,2.8,4.5,4.5,55.0,55.0,337.0,44.0,0.23,109.0,12.0,0.23,25.0,5.9,0.46,7.0,9.0,77.0,6,6,6,0.23,0.23,1718
0.18,4.08,0.12,2.9,3.6,3.6,61.0,61.0,435.0,47.0,0.18,122.0,17.0,0.18,30.0,5.5,0.57,3.0,15.0,103.0,7,7,8,0.27,0.27,1819
0.19,2.5,0.08,1.5,1.8,1.8,58.0,58.0,333.0,14.0,0.15,58.0,8.0,0.15,18.0,3.4,0.34,16.0,7.0,45.0,2,2,5,0.22,0.22,2021
0.26,2.79,0.07,0.5,0.4,0.4,25.0,25.0,92.0,4.0,0.16,15.0,1.0,0.16,3.0,0.8,0.19,5.0,1.0,10.0,1,1,2,0.37,0.37,2122
0.16,2.24,0.05,0.5,0.5,0.5,33.0,33.0,189.0,9.0,0.16,20.0,0.0,0.16,9.0,1.4,0.0,4.0,0.0,15.0,0,0,1,0.11,0.11,2223
0.0,1.39,0.09,0.1,0.4,0.4,2.0,2.0,21.0,3.0,0.26,7.0,0.0,0.26,0.0,1.3,0.0,0.0,0.0,5.0,0,0,2,0.4,0.4,1920
0.0,1.24,0.23,0.8,1.5,1.5,3.0,3.0,39.0,5.0,0.29,8.0,2.0,0.29,2.0,1.9,0.31,0.0,2.0,7.0,1,1,2,0.31,0.31,2122
0.0,1.46,0.02,0.1,0.1,0.1,18.0,18.0,51.0,4.0,0.1,11.0,1.0,0.1,1.0,0.8,0.13,2.0,1.0,7.0,0,0,0,0.0,0.0,2122
0.0,3.11,0.15,2.9,2.6,2.6,153.0,153.0,452.0,21.0,0.2,54.0,3.0,0.2,24.0,3.4,0.17,15.0,3.0,37.0,2,2,2,0.12,0.12,2122
0.0,2.25,0.13,3.5,3.9,3.9,154.0,154.0,394.0,34.0,0.44,68.0,10.0,0.5,14.0,13.4,0.33,33.0,6.0,51.0,4,4,12,0.4,0.33,2122
0.2,1.62,0.03,0.7,0.5,0.5,61.0,61.0,152.0,9.0,0.4,25.0,4.0,0.5,5.0,6.2,0.26,11.0,2.0,18.0,0,0,12,0.78,0.71,2223
0.09,3.46,0.19,1.1,2.9,2.9,77.0,77.0,204.0,27.0,0.75,51.0,4.0,0.75,7.0,11.1,0.27,14.0,3.0,37.0,3,3,9,0.61,0.61,2223
0.0,2.03,0.15,1.1,3.2,3.2,123.0,123.0,256.0,22.0,0.53,44.0,5.0,0.64,12.0,11.5,0.23,12.0,4.0,32.0,2,2,13,0.6,0.46,2324
0.0,1.98,0.1,2.5,1.8,1.8,135.0,135.0,358.0,16.0,0.26,36.0,4.0,0.26,19.0,4.8,0.22,13.0,2.0,28.0,3,3,6,0.33,0.33,2122
0.09,2.31,0.05,1.6,1.1,1.1,193.0,193.0,509.0,16.0,0.23,53.0,2.0,0.23,19.0,5.3,0.09,15.0,1.0,32.0,0,0,4,0.17,0.17,2223
0.0,4.94,0.35,1.8,2.3,2.3,48.0,48.0,172.0,13.0,0.7,32.0,8.0,0.7,16.0,4.5,1.23,11.0,6.0,21.0,5,5,7,1.08,1.08,2122
0.17,4.16,0.2,6.9,6.4,6.4,106.0,106.0,691.0,58.0,0.34,132.0,17.0,0.44,51.0,10.7,0.54,11.0,10.0,85.0,4,4,14,0.44,0.38,2223
0.14,4.18,0.2,5.4,5.9,5.9,190.0,190.0,659.0,60.0,0.37,122.0,12.0,0.43,45.0,10.9,0.41,21.0,11.0,90.0,5,5,17,0.58,0.51,2324
0.1,2.19,0.08,1.7,1.8,1.8,117.0,117.0,380.0,18.0,0.14,48.0,4.0,0.14,17.0,3.1,0.18,16.0,2.0,31.0,2,2,3,0.14,0.14,1819
0.15,3.23,0.14,4.7,4.4,4.4,195.0,195.0,716.0,42.0,0.33,101.0,8.0,0.33,34.0,10.3,0.26,24.0,7.0,73.0,3,3,9,0.29,0.29,1920
0.1,3.45,0.19,5.8,5.8,5.8,140.0,140.0,605.0,51.0,0.29,104.0,13.0,0.32,34.0,8.6,0.43,27.0,10.0,58.0,5,5,10,0.33,0.3,2122
0.1,3.84,0.14,4.6,4.3,4.3,124.0,124.0,530.0,44.0,0.25,119.0,13.0,0.3,40.0,7.7,0.42,13.0,11.0,87.0,4,4,9,0.29,0.26,2324
0.21,2.42,0.12,2.3,2.7,2.7,167.0,167.0,430.0,21.0,0.36,57.0,6.0,0.36,13.0,8.4,0.25,24.0,4.0,38.0,2,2,7,0.3,0.3,1819
0.0,2.87,0.26,3.0,3.7,3.7,127.0,127.0,291.0,19.0,0.48,41.0,8.0,0.48,17.0,6.8,0.56,11.0,6.0,31.0,3,3,5,0.35,0.35,1920
0.0,1.72,0.06,1.3,1.0,1.0,105.0,105.0,287.0,17.0,0.18,31.0,6.0,0.18,13.0,3.3,0.33,12.0,2.0,23.0,3,3,6,0.33,0.33,2021
0.0,3.66,0.13,5.0,3.5,3.5,56.0,56.0,505.0,38.0,0.2,98.0,9.0,0.2,26.0,5.4,0.34,4.0,7.0,71.0,6,6,8,0.3,0.3,1819
0.0,3.05,0.05,2.2,0.9,0.9,43.0,43.0,334.0,20.0,0.17,60.0,10.0,0.17,14.0,3.3,0.51,7.0,8.0,49.0,0,0,3,0.15,0.15,1920
0.0,3.93,0.14,1.7,2.3,2.3,45.0,45.0,362.0,29.0,0.25,67.0,6.0,0.25,26.0,4.2,0.35,1.0,6.0,57.0,4,4,5,0.29,0.29,2122
0.0,2.87,0.08,1.3,1.1,1.1,24.0,24.0,188.0,17.0,0.11,40.0,2.0,0.11,20.0,1.5,0.14,0.0,2.0,33.0,0,0,0,0.0,0.0,2223
0.04,1.42,0.05,0.9,1.5,1.5,28.0,28.0,206.0,17.0,0.1,40.0,5.0,0.1,17.0,2.9,0.18,3.0,4.0,34.0,3,3,3,0.11,0.11,1819
0.0,1.76,0.04,0.5,0.5,0.5,8.0,8.0,57.0,8.0,0.09,20.0,1.0,0.1,5.0,1.0,0.09,0.0,1.0,17.0,1,1,1,0.09,0.09,1819
0.04,2.19,0.07,1.2,1.4,1.4,28.0,28.0,236.0,23.0,0.13,44.0,9.0,0.13,18.0,2.6,0.45,0.0,9.0,38.0,6,6,6,0.3,0.3,1920
0.05,2.41,0.05,2.5,1.3,1.3,26.0,26.0,280.0,24.0,0.1,60.0,5.0,0.1,23.0,2.4,0.2,0.0,5.0,54.0,1,1,1,0.04,0.04,2021
0.04,1.74,0.07,1.6,1.4,1.4,21.0,21.0,165.0,15.0,0.1,36.0,3.0,0.1,10.0,2.1,0.14,2.0,3.0,28.0,1,1,2,0.1,0.1,2122
0.04,0.77,0.01,0.5,0.2,0.2,1.0,1.0,45.0,4.0,0.05,18.0,4.0,0.05,9.0,1.1,0.17,0.0,4.0,15.0,0,0,1,0.04,0.04,1718
0.0,1.03,0.0,0.4,0.0,0.0,1.0,1.0,53.0,0.0,0.02,18.0,2.0,0.02,6.0,0.4,0.11,0.0,2.0,17.0,0,0,0,0.0,0.0,1920
0.08,1.12,0.01,0.9,0.2,0.2,2.0,2.0,84.0,7.0,0.04,33.0,1.0,0.04,18.0,1.1,0.03,0.0,0.0,26.0,0,0,3,0.1,0.1,2122
0.04,0.69,0.02,1.0,0.5,0.5,2.0,2.0,58.0,5.0,0.08,18.0,2.0,0.08,13.0,2.0,0.08,0.0,2.0,16.0,2,2,2,0.08,0.08,2223
0.06,1.64,0.05,1.3,1.2,1.2,94.0,94.0,357.0,18.0,0.07,39.0,2.0,0.07,21.0,1.7,0.08,2.0,1.0,30.0,1,1,2,0.08,0.08,2021
0.0,1.4,0.07,0.7,1.1,1.1,66.0,66.0,238.0,8.0,0.09,22.0,1.0,0.09,12.0,1.4,0.06,1.0,1.0,18.0,1,1,1,0.06,0.06,2122
0.0,2.13,0.09,2.5,2.1,2.1,56.0,56.0,292.0,18.0,0.11,51.0,7.0,0.11,29.0,2.7,0.29,13.0,3.0,38.0,2,2,2,0.08,0.08,2324
0.16,1.76,0.04,1.8,1.2,1.2,164.0,164.0,398.0,17.0,0.47,49.0,9.0,0.55,15.0,13.0,0.32,9.0,6.0,33.0,2,2,16,0.57,0.54,2324
0.0,0.95,0.02,0.7,0.5,0.5,44.0,44.0,136.0,6.0,0.13,20.0,3.0,0.13,6.0,2.8,0.14,2.0,3.0,16.0,2,2,3,0.14,0.14,1819
0.0,1.69,0.08,0.1,0.4,0.4,5.0,5.0,46.0,2.0,0.16,9.0,2.0,0.16,2.0,0.9,0.37,0.0,2.0,8.0,0,0,1,0.19,0.19,1920
0.08,0.71,0.0,0.3,0.0,0.0,39.0,39.0,151.0,2.0,0.06,12.0,1.0,0.06,0.0,1.1,0.06,2.0,1.0,10.0,0,0,2,0.12,0.12,2122
0.08,1.47,0.06,1.8,1.1,1.1,113.0,113.0,304.0,12.0,0.14,29.0,2.0,0.14,17.0,2.8,0.1,16.0,2.0,24.0,2,2,5,0.25,0.25,2021
0.17,1.94,0.08,2.3,2.1,2.1,154.0,154.0,428.0,28.0,0.12,50.0,2.0,0.12,24.0,3.1,0.08,12.0,2.0,41.0,2,2,3,0.12,0.12,2122
0.04,1.94,0.12,2.5,1.4,1.4,92.0,92.0,239.0,9.0,0.15,23.0,4.0,0.15,18.0,1.8,0.34,9.0,4.0,19.0,2,2,2,0.17,0.17,2223
0.0,2.16,0.16,3.0,3.6,3.6,151.0,151.0,386.0,26.0,0.23,49.0,6.0,0.23,23.0,5.3,0.26,5.0,1.0,34.0,1,1,2,0.09,0.09,2324
0.0,1.66,0.13,1.8,3.2,3.2,32.0,32.0,272.0,15.0,0.22,42.0,10.0,0.22,10.0,5.6,0.39,3.0,7.0,33.0,5,5,8,0.32,0.32,1819
0.06,1.19,0.01,0.4,0.2,0.2,19.0,19.0,133.0,5.0,0.05,17.0,0.0,0.05,6.0,0.7,0.0,1.0,0.0,13.0,1,1,2,0.14,0.14,2021
0.05,1.41,0.06,2.0,1.6,1.6,115.0,115.0,355.0,19.0,0.09,35.0,1.0,0.09,24.0,2.1,0.04,0.0,0.0,29.0,0,0,1,0.04,0.04,2122
0.05,1.78,0.13,2.9,2.8,2.8,154.0,154.0,429.0,23.0,0.13,39.0,2.0,0.13,17.0,2.9,0.09,4.0,2.0,37.0,1,1,1,0.05,0.05,2223
0.0,1.92,0.09,0.5,1.1,1.1,58.0,58.0,192.0,13.0,0.24,22.0,0.0,0.24,6.0,2.8,0.0,1.0,0.0,16.0,0,0,2,0.17,0.17,2223
0.15,4.05,0.26,5.3,6.9,6.9,163.0,163.0,638.0,55.0,0.4,107.0,16.0,0.4,36.0,10.5,0.61,5.0,7.0,56.0,8,8,10,0.38,0.38,1718
0.2,2.14,0.05,1.2,0.5,0.5,34.0,34.0,196.0,8.0,0.09,22.0,1.0,0.09,10.0,0.9,0.1,4.0,1.0,13.0,0,0,0,0.0,0.0,1920
0.31,2.96,0.13,2.4,2.0,2.0,102.0,102.0,395.0,21.0,0.24,45.0,8.0,0.24,17.0,3.6,0.53,6.0,5.0,26.0,3,3,4,0.26,0.26,2021
0.22,4.12,0.21,3.7,3.3,3.3,92.0,92.0,441.0,31.0,0.42,66.0,11.0,0.42,39.0,6.8,0.69,9.0,7.0,45.0,5,5,9,0.56,0.56,2122
0.0,3.23,0.14,1.6,1.9,1.9,79.0,79.0,316.0,26.0,0.21,45.0,7.0,0.21,22.0,2.9,0.5,3.0,4.0,33.0,3,3,4,0.29,0.29,2223
0.1,2.98,0.17,3.0,3.1,3.1,42.0,42.0,295.0,32.0,0.22,53.0,3.0,0.39,13.0,3.8,0.17,3.0,1.0,32.0,0,0,3,0.17,0.0,1819
0.1,4.04,0.17,3.3,3.5,3.5,58.0,58.0,411.0,50.0,0.25,84.0,3.0,0.25,30.0,5.2,0.14,2.0,2.0,53.0,2,2,4,0.19,0.19,1920
0.08,2.71,0.12,3.3,3.7,3.7,36.0,36.0,392.0,43.0,0.15,81.0,9.0,0.23,23.0,4.6,0.3,1.0,7.0,59.0,3,3,6,0.2,0.1,2021
0.07,2.14,0.05,2.3,1.3,1.3,31.0,31.0,304.0,28.0,0.09,52.0,5.0,0.28,14.0,2.2,0.21,1.0,3.0,35.0,2,2,9,0.37,0.12,2122
0.07,2.18,0.18,3.3,3.3,3.3,151.0,151.0,408.0,20.0,0.32,39.0,8.0,0.32,23.0,5.8,0.45,8.0,6.0,33.0,3,3,6,0.34,0.34,1819
0.06,2.1,0.18,2.8,2.5,2.5,149.0,149.0,335.0,18.0,0.21,29.0,2.0,0.21,22.0,2.9,0.14,7.0,2.0,27.0,1,1,1,0.07,0.07,1920
0.26,1.71,0.09,2.1,1.5,1.5,128.0,128.0,397.0,15.0,0.15,28.0,2.0,0.15,21.0,2.4,0.12,7.0,1.0,22.0,1,1,2,0.12,0.12,2021
0.0,1.69,0.1,0.9,0.6,0.6,25.0,25.0,106.0,4.0,0.18,11.0,0.0,0.18,2.0,1.2,0.0,2.0,0.0,8.0,0,0,0,0.0,0.0,2324
0.0,2.43,0.07,2.0,2.1,2.1,31.0,31.0,257.0,32.0,0.08,76.0,2.0,0.08,16.0,2.6,0.06,3.0,1.0,58.0,1,1,1,0.03,0.03,1819
0.0,1.52,0.03,0.7,0.4,0.4,21.0,21.0,142.0,10.0,0.07,23.0,0.0,0.07,3.0,1.1,0.0,1.0,0.0,12.0,0,0,0,0.0,0.0,1920
0.08,2.42,0.07,0.9,0.9,0.9,11.0,11.0,111.0,11.0,0.16,31.0,1.0,0.16,9.0,2.1,0.08,2.0,0.0,20.0,0,0,2,0.16,0.16,2021
0.84,4.16,0.4,10.3,10.6,10.6,320.0,320.0,841.0,61.0,0.75,110.0,16.0,0.75,44.0,19.9,0.61,17.0,12.0,82.0,9,9,15,0.57,0.57,1819
0.64,5.79,0.59,13.0,14.8,14.8,308.0,308.0,812.0,83.0,0.94,145.0,29.0,0.94,69.0,23.5,1.16,22.0,26.0,126.0,21,21,29,1.16,1.16,1920
0.63,4.75,0.34,12.8,10.0,10.0,325.0,325.0,978.0,93.0,0.59,141.0,28.0,0.61,65.0,17.4,0.94,9.0,24.0,130.0,19,19,30,1.01,0.98,2021
0.49,4.65,0.36,7.1,6.6,6.6,182.0,182.0,521.0,40.0,0.84,86.0,12.0,0.84,37.0,15.5,0.65,11.0,10.0,74.0,8,8,15,0.81,0.81,2223
0.29,5.22,0.46,7.9,8.4,8.4,188.0,188.0,547.0,51.0,0.77,96.0,14.0,0.77,43.0,14.1,0.76,9.0,12.0,81.0,9,9,14,0.76,0.76,2324
0.1,3.7,0.19,0.8,0.9,0.9,36.0,36.0,125.0,10.0,0.23,17.0,2.0,0.23,3.0,1.0,0.44,3.0,0.0,10.0,2,2,2,0.44,0.44,2021
0.17,1.44,0.02,1.6,0.6,0.6,40.0,40.0,309.0,12.0,0.08,38.0,6.0,0.08,19.0,2.2,0.23,3.0,6.0,31.0,0,0,3,0.11,0.11,1718
0.0,2.65,0.06,2.1,1.3,1.3,27.0,27.0,354.0,19.0,0.12,61.0,10.0,0.12,19.0,2.8,0.43,3.0,6.0,46.0,4,4,7,0.3,0.3,1819
0.12,1.94,0.04,1.1,1.1,1.1,15.0,15.0,304.0,19.0,0.1,55.0,7.0,0.1,18.0,2.7,0.25,7.0,4.0,40.0,0,0,3,0.11,0.11,1920
0.0,2.71,0.05,0.9,1.0,1.0,11.0,11.0,262.0,17.0,0.17,61.0,4.0,0.17,12.0,3.8,0.18,1.0,3.0,49.0,1,1,3,0.13,0.13,2122
0.0,2.57,0.06,2.4,1.5,1.5,35.0,35.0,466.0,26.0,0.14,71.0,6.0,0.14,24.0,3.8,0.22,3.0,6.0,62.0,0,0,3,0.11,0.11,2223
0.06,2.86,0.03,0.6,0.3,0.3,10.0,10.0,154.0,6.0,0.08,25.0,4.0,0.08,14.0,0.7,0.46,1.0,4.0,24.0,0,0,0,0.0,0.0,2324
0.41,4.39,0.3,7.6,7.9,7.9,281.0,281.0,810.0,57.0,0.51,116.0,21.0,0.51,38.0,13.4,0.79,40.0,17.0,68.0,13,13,20,0.76,0.76,1920
0.07,2.89,0.48,3.0,3.5,3.5,56.0,56.0,178.0,14.0,0.59,21.0,3.0,0.59,14.0,4.3,0.41,7.0,2.0,14.0,3,3,4,0.55,0.55,2021
0.0,2.89,0.14,3.7,2.0,2.0,131.0,131.0,411.0,22.0,0.31,43.0,4.0,0.31,15.0,4.6,0.27,14.0,1.0,28.0,1,1,5,0.34,0.34,2122
0.0,4.45,0.18,0.9,0.9,0.9,50.0,50.0,169.0,11.0,0.44,23.0,0.0,0.44,7.0,2.3,0.0,5.0,0.0,16.0,0,0,0,0.0,0.0,2223
0.12,1.55,0.07,1.7,1.2,1.2,103.0,103.0,265.0,14.0,0.14,25.0,6.0,0.14,11.0,2.3,0.37,20.0,4.0,21.0,2,2,4,0.25,0.25,2223
0.0,1.86,0.13,0.9,0.7,0.7,36.0,36.0,76.0,6.0,0.2,11.0,1.0,0.2,5.0,1.2,0.17,1.0,1.0,7.0,1,1,2,0.34,0.34,2223
0.0,0.78,0.02,0.1,0.1,0.1,6.0,6.0,43.0,1.0,0.05,3.0,0.0,0.05,0.0,0.2,0.0,1.0,0.0,0.0,0,0,0,0.0,0.0,2324
0.0,0.93,0.02,0.6,0.4,0.4,24.0,24.0,162.0,6.0,0.07,24.0,3.0,0.07,5.0,1.8,0.12,4.0,1.0,17.0,1,1,2,0.08,0.08,2122
0.0,0.45,0.01,0.3,0.1,0.1,4.0,4.0,57.0,2.0,0.06,10.0,3.0,0.06,0.0,1.4,0.13,1.0,2.0,8.0,0,0,2,0.09,0.09,2223
0.09,2.58,0.25,2.3,3.6,3.6,95.0,95.0,259.0,20.0,0.45,37.0,6.0,0.45,16.0,6.5,0.42,16.0,4.0,23.0,3,3,6,0.42,0.42,2223
0.05,2.62,0.07,0.9,0.8,0.8,112.0,112.0,206.0,9.0,0.3,30.0,1.0,0.3,10.0,3.5,0.09,19.0,1.0,13.0,1,1,2,0.17,0.17,2324
0.1,2.97,0.06,1.6,1.6,1.6,45.0,45.0,256.0,25.0,0.13,76.0,7.0,0.13,14.0,3.2,0.27,5.0,6.0,60.0,1,1,2,0.08,0.08,1819
0.0,1.56,0.04,1.0,0.8,0.8,17.0,17.0,187.0,12.0,0.09,34.0,4.0,0.09,8.0,1.9,0.18,1.0,2.0,27.0,1,1,3,0.14,0.14,2021
0.09,2.25,0.04,0.1,0.1,0.1,11.0,11.0,33.0,1.0,0.35,5.0,0.0,0.35,1.0,0.8,0.0,1.0,0.0,3.0,0,0,0,0.0,0.0,1819
0.15,2.73,0.08,3.0,2.1,2.1,190.0,190.0,482.0,31.0,0.21,73.0,2.0,0.21,33.0,5.7,0.07,20.0,2.0,47.0,0,0,8,0.3,0.3,2324
0.07,0.55,0.02,0.3,0.4,0.4,48.0,48.0,140.0,3.0,0.04,10.0,2.0,0.04,8.0,0.7,0.11,1.0,1.0,6.0,0,0,0,0.0,0.0,2021
0.0,0.46,0.0,0.6,0.1,0.1,2.0,2.0,57.0,2.0,0.07,13.0,1.0,0.07,4.0,1.9,0.04,0.0,1.0,13.0,0,0,3,0.11,0.11,2223
0.26,3.26,0.2,4.5,5.5,5.5,303.0,303.0,716.0,36.0,0.8,91.0,13.0,0.83,23.0,22.3,0.47,59.0,7.0,57.0,7,7,23,0.83,0.83,1819
0.28,3.93,0.31,8.4,9.5,9.5,365.0,365.0,849.0,53.0,0.91,122.0,24.0,0.99,48.0,28.4,0.77,89.0,15.0,83.0,8,8,36,1.16,1.06,1920
0.14,2.1,0.02,0.8,0.3,0.3,144.0,144.0,357.0,8.0,0.5,30.0,5.0,0.5,9.0,7.1,0.35,29.0,4.0,23.0,1,1,5,0.35,0.35,2122
0.33,2.51,0.15,3.0,3.1,3.1,209.0,209.0,479.0,20.0,0.57,54.0,7.0,0.57,19.0,12.2,0.33,44.0,6.0,40.0,3,3,12,0.56,0.56,2223
0.0,3.78,0.3,2.9,2.7,2.7,124.0,124.0,302.0,15.0,0.72,34.0,7.0,0.72,20.0,6.4,0.78,36.0,7.0,25.0,3,3,5,0.56,0.56,2324
0.34,2.29,0.2,1.5,3.1,3.1,97.0,97.0,296.0,14.0,0.26,36.0,5.0,0.26,10.0,4.0,0.32,19.0,3.0,20.0,1,1,2,0.13,0.13,2122
0.0,1.37,0.11,0.4,0.3,0.3,20.0,20.0,41.0,2.0,0.17,4.0,1.0,0.17,0.0,0.5,0.34,2.0,1.0,3.0,1,1,1,0.34,0.34,2223
0.1,2.24,0.12,2.5,2.6,2.6,159.0,159.0,542.0,27.0,0.24,50.0,6.0,0.24,20.0,5.4,0.27,10.0,5.0,42.0,3,3,7,0.31,0.31,1819
0.12,2.39,0.11,1.9,2.2,2.2,154.0,154.0,489.0,21.0,0.21,47.0,8.0,0.21,23.0,4.2,0.41,6.0,6.0,41.0,2,2,3,0.15,0.15,1920
0.08,1.14,0.06,1.0,1.5,1.5,115.0,115.0,295.0,15.0,0.09,27.0,1.0,0.09,14.0,2.2,0.04,0.0,1.0,25.0,0,0,1,0.04,0.04,2122
0.1,1.41,0.07,2.2,2.6,2.6,149.0,149.0,508.0,22.0,0.13,51.0,5.0,0.13,20.0,4.8,0.14,5.0,4.0,44.0,3,3,5,0.14,0.14,2223
0.05,1.71,0.07,1.8,1.9,1.9,113.0,113.0,418.0,18.0,0.12,50.0,2.0,0.12,17.0,3.5,0.07,6.0,2.0,39.0,3,3,4,0.14,0.14,2324
0.0,2.0,0.12,1.7,1.6,1.6,91.0,91.0,237.0,12.0,0.27,27.0,2.0,0.27,19.0,3.6,0.15,2.0,1.0,20.0,1,1,6,0.44,0.44,1920
0.0,1.25,0.05,0.4,0.2,0.2,45.0,45.0,110.0,4.0,0.22,6.0,0.0,0.22,4.0,1.0,0.0,2.0,0.0,5.0,0,0,1,0.21,0.21,2021
0.0,1.41,0.05,0.7,0.6,0.6,63.0,63.0,217.0,10.0,0.09,19.0,1.0,0.09,7.0,1.2,0.07,5.0,0.0,12.0,0,0,0,0.0,0.0,2122
0.0,1.25,0.04,0.6,0.4,0.4,43.0,43.0,111.0,6.0,0.05,11.0,0.0,0.05,5.0,0.5,0.0,4.0,0.0,10.0,0,0,0,0.0,0.0,1819
0.0,1.54,0.01,0.2,0.1,0.1,17.0,17.0,69.0,2.0,0.05,7.0,0.0,0.05,5.0,0.2,0.0,2.0,0.0,6.0,0,0,0,0.0,0.0,2021
0.22,1.53,0.12,0.9,1.2,1.2,80.0,80.0,192.0,5.0,0.43,15.0,0.0,0.43,8.0,4.2,0.0,9.0,0.0,11.0,0,0,3,0.31,0.31,2021
0.1,2.94,0.22,3.0,4.0,4.0,152.0,152.0,348.0,26.0,0.42,53.0,9.0,0.42,15.0,7.7,0.5,19.0,5.0,37.0,4,4,7,0.39,0.39,2122
0.07,2.26,0.08,2.2,1.6,1.6,169.0,169.0,404.0,16.0,0.21,44.0,3.0,0.21,25.0,4.1,0.15,13.0,2.0,34.0,2,2,2,0.1,0.1,2223
0.11,2.15,0.08,1.1,1.1,1.1,84.0,84.0,273.0,13.0,0.19,30.0,2.0,0.19,13.0,2.7,0.14,8.0,2.0,25.0,1,1,1,0.07,0.07,2324
0.0,0.83,0.03,0.5,0.4,0.4,21.0,21.0,85.0,7.0,0.04,12.0,1.0,0.04,3.0,0.6,0.07,1.0,0.0,10.0,0,0,0,0.0,0.0,1920
0.11,0.71,0.02,0.8,0.4,0.4,5.0,5.0,73.0,3.0,0.05,16.0,1.0,0.05,2.0,1.2,0.04,0.0,1.0,14.0,0,0,0,0.0,0.0,2021
0.0,1.04,0.02,0.8,0.2,0.2,36.0,36.0,160.0,3.0,0.08,13.0,1.0,0.08,6.0,1.0,0.08,4.0,1.0,8.0,0,0,0,0.0,0.0,1819
0.0,0.65,0.01,0.3,0.2,0.2,12.0,12.0,108.0,7.0,0.07,19.0,1.0,0.07,8.0,2.1,0.03,0.0,1.0,13.0,0,0,2,0.07,0.07,1920
0.0,3.09,0.15,2.5,3.4,3.4,186.0,186.0,453.0,20.0,0.6,69.0,12.0,0.6,20.0,13.3,0.54,18.0,9.0,47.0,3,3,13,0.58,0.58,2021
0.0,2.67,0.2,0.8,1.1,1.1,48.0,48.0,114.0,8.0,0.64,15.0,0.0,0.64,6.0,3.6,0.0,5.0,0.0,11.0,0,0,1,0.18,0.18,2122
0.0,2.73,0.09,0.2,0.3,0.3,28.0,28.0,61.0,6.0,0.28,9.0,1.0,0.28,3.0,0.9,0.3,3.0,1.0,8.0,0,0,0,0.0,0.0,2324
0.35,2.42,0.21,0.9,1.8,1.8,53.0,53.0,125.0,12.0,0.34,21.0,1.0,0.43,9.0,2.9,0.12,6.0,1.0,18.0,0,0,1,0.12,0.12,2324
0.0,1.34,0.06,2.1,1.6,1.6,10.0,10.0,72.0,17.0,0.1,34.0,5.0,0.1,13.0,2.6,0.2,1.0,5.0,33.0,4,4,4,0.16,0.16,1819
0.0,1.37,0.04,0.7,0.8,0.8,34.0,34.0,131.0,14.0,0.08,28.0,2.0,0.08,6.0,1.7,0.1,1.0,2.0,27.0,0,0,0,0.0,0.0,2021
0.06,1.05,0.02,1.7,0.6,0.6,5.0,5.0,107.0,7.0,0.05,34.0,2.0,0.05,24.0,1.8,0.06,0.0,2.0,29.0,0,0,0,0.0,0.0,1819
0.0,2.6,0.08,1.1,1.5,1.5,35.0,35.0,216.0,15.0,0.15,48.0,8.0,0.15,9.0,2.7,0.43,4.0,3.0,30.0,0,0,1,0.05,0.05,2122
1.01,2.0,0.21,0.8,0.7,0.7,12.0,12.0,74.0,5.0,0.5,7.0,0.0,0.5,4.0,1.8,0.0,2.0,0.0,5.0,0,0,0,0.0,0.0,2223
0.07,3.48,0.4,0.8,0.8,0.8,18.0,18.0,58.0,5.0,0.59,7.0,2.0,0.59,4.0,1.2,0.99,0.0,2.0,4.0,2,2,2,1.01,1.01,2324
0.0,4.51,0.13,1.1,1.1,1.1,25.0,25.0,238.0,17.0,0.19,38.0,2.0,0.19,10.0,1.6,0.24,4.0,2.0,24.0,1,1,2,0.24,0.24,2021
0.24,4.1,0.13,1.5,1.4,1.4,57.0,57.0,332.0,12.0,0.26,45.0,3.0,0.26,19.0,2.9,0.27,6.0,3.0,35.0,0,0,2,0.18,0.18,2223
0.0,4.3,0.14,2.5,2.3,2.3,72.0,72.0,422.0,26.0,0.2,71.0,13.0,0.2,25.0,3.4,0.79,6.0,11.0,62.0,4,4,5,0.3,0.3,2324
0.0,1.32,0.02,0.2,0.1,0.1,6.0,6.0,63.0,1.0,0.06,7.0,0.0,0.06,4.0,0.3,0.0,1.0,0.0,5.0,0,0,1,0.19,0.19,1819
0.11,3.15,0.07,1.0,0.7,0.7,43.0,43.0,208.0,15.0,0.26,34.0,1.0,0.26,14.0,2.8,0.09,1.0,0.0,25.0,0,0,1,0.09,0.09,1920
0.0,1.1,0.05,0.5,0.5,0.5,20.0,20.0,157.0,5.0,0.07,12.0,1.0,0.07,9.0,0.8,0.09,5.0,1.0,10.0,0,0,0,0.0,0.0,1819
0.06,1.33,0.02,0.9,0.5,0.5,32.0,32.0,197.0,6.0,0.09,30.0,0.0,0.09,16.0,2.1,0.0,1.0,0.0,20.0,0,0,1,0.04,0.04,1920
0.0,1.91,0.0,0.1,0.0,0.0,3.0,3.0,32.0,0.0,0.32,5.0,0.0,0.32,1.0,0.8,0.0,1.0,0.0,4.0,0,0,1,0.38,0.38,2122
0.0,1.0,0.03,0.3,0.2,0.2,13.0,13.0,54.0,2.0,0.22,6.0,0.0,0.22,2.0,1.3,0.0,0.0,0.0,5.0,0,0,0,0.0,0.0,2223
0.13,1.58,0.03,1.4,0.9,0.9,38.0,38.0,241.0,11.0,0.11,44.0,4.0,0.11,15.0,3.1,0.14,2.0,3.0,37.0,0,0,2,0.07,0.07,2223
0.0,1.47,0.03,0.8,0.4,0.4,29.0,29.0,181.0,7.0,0.08,22.0,3.0,0.08,9.0,1.2,0.2,4.0,2.0,18.0,2,2,3,0.2,0.2,2324
0.03,3.18,0.24,2.0,2.7,2.7,24.0,24.0,149.0,23.0,0.31,35.0,4.0,0.31,7.0,3.5,0.36,2.0,1.0,22.0,3,3,4,0.36,0.36,1920
0.43,2.01,0.09,2.2,2.5,2.5,76.0,76.0,305.0,26.0,0.24,58.0,3.0,0.24,18.0,7.0,0.1,2.0,0.0,31.0,1,1,5,0.17,0.17,2021
0.0,0.83,0.08,0.7,0.9,0.9,44.0,44.0,148.0,6.0,0.23,9.0,3.0,0.23,1.0,2.5,0.28,2.0,1.0,5.0,2,2,2,0.18,0.18,2122
0.0,2.28,0.07,0.4,0.4,0.4,29.0,29.0,115.0,8.0,0.39,13.0,0.0,0.39,5.0,2.2,0.0,1.0,0.0,7.0,0,0,1,0.18,0.18,2223
0.15,1.84,0.07,2.3,1.9,1.9,100.0,100.0,384.0,17.0,0.09,49.0,2.0,0.09,33.0,2.3,0.08,2.0,2.0,34.0,1,1,2,0.08,0.08,2122
0.04,2.26,0.11,3.8,3.9,3.9,153.0,153.0,544.0,43.0,0.14,77.0,7.0,0.14,45.0,4.8,0.21,5.0,6.0,54.0,5,5,7,0.21,0.21,2223
0.23,2.08,0.07,2.4,2.0,2.0,99.0,99.0,408.0,27.0,0.09,56.0,2.0,0.09,31.0,2.5,0.07,1.0,2.0,32.0,1,1,2,0.07,0.07,2324
0.0,3.04,0.09,1.8,1.8,1.8,94.0,94.0,334.0,23.0,0.21,60.0,4.0,0.21,17.0,4.2,0.2,14.0,4.0,38.0,0,0,4,0.2,0.2,2223
0.0,4.35,0.13,0.8,1.0,1.0,40.0,40.0,176.0,13.0,0.38,36.0,2.0,0.38,11.0,3.1,0.24,6.0,2.0,24.0,0,0,2,0.24,0.24,2324
0.11,4.0,0.12,0.7,0.7,0.7,54.0,54.0,116.0,4.0,0.27,23.0,1.0,0.27,6.0,1.5,0.17,5.0,0.0,12.0,0,0,0,0.0,0.0,2324
0.0,2.53,0.08,1.0,2.0,2.0,62.0,62.0,392.0,24.0,0.21,63.0,4.0,0.21,17.0,5.2,0.16,9.0,2.0,52.0,2,2,6,0.24,0.24,2122
0.0,2.24,0.03,0.6,0.3,0.3,22.0,22.0,112.0,5.0,0.17,22.0,2.0,0.17,8.0,1.7,0.2,0.0,2.0,15.0,0,0,2,0.2,0.2,2223
0.15,1.13,0.06,0.1,0.2,0.2,10.0,10.0,30.0,1.0,0.12,4.0,0.0,0.12,1.0,0.4,0.0,1.0,0.0,3.0,0,0,0,0.0,0.0,2324
0.18,1.91,0.03,0.9,0.4,0.4,17.0,17.0,182.0,8.0,0.06,26.0,5.0,0.06,7.0,0.9,0.37,2.0,4.0,20.0,0,0,0,0.0,0.0,2324
0.0,2.04,0.05,1.0,1.2,1.2,14.0,14.0,171.0,22.0,0.1,53.0,2.0,0.1,8.0,2.7,0.08,1.0,1.0,46.0,0,0,2,0.08,0.08,1819
0.03,0.94,0.05,0.2,0.8,0.8,2.0,2.0,65.0,5.0,0.12,14.0,2.0,0.12,3.0,1.8,0.13,0.0,1.0,13.0,0,0,1,0.07,0.07,1920
0.0,0.84,0.04,0.7,1.0,1.0,9.0,9.0,151.0,7.0,0.06,24.0,1.0,0.06,4.0,1.7,0.03,2.0,1.0,19.0,1,1,2,0.07,0.07,2021
0.1,2.6,0.04,1.4,1.3,1.3,41.0,41.0,375.0,28.0,0.08,81.0,7.0,0.08,27.0,2.5,0.23,6.0,4.0,56.0,1,1,4,0.13,0.13,1819
0.03,1.73,0.05,1.2,1.5,1.5,34.0,34.0,317.0,28.0,0.08,52.0,4.0,0.08,22.0,2.5,0.13,9.0,4.0,48.0,3,3,4,0.13,0.13,1920
0.0,1.23,0.06,1.9,1.9,1.9,52.0,52.0,281.0,14.0,0.1,39.0,4.0,0.1,16.0,3.3,0.13,7.0,1.0,28.0,1,1,2,0.06,0.06,2021
0.0,1.0,0.01,0.3,0.1,0.1,19.0,19.0,94.0,4.0,0.03,13.0,1.0,0.03,6.0,0.4,0.08,2.0,1.0,12.0,0,0,0,0.0,0.0,2122
0.1,1.23,0.06,1.8,2.2,2.2,54.0,54.0,340.0,21.0,0.2,42.0,4.0,0.22,12.0,7.0,0.12,3.0,4.0,36.0,1,1,6,0.18,0.18,2122
0.06,1.66,0.06,1.1,1.9,1.9,52.0,52.0,288.0,15.0,0.19,52.0,3.0,0.19,11.0,6.0,0.1,0.0,2.0,41.0,3,3,5,0.16,0.16,2223
0.04,1.32,0.05,1.2,1.7,1.7,39.0,39.0,234.0,20.0,0.26,42.0,4.0,0.26,8.0,8.4,0.13,2.0,4.0,34.0,2,2,9,0.28,0.28,2324
0.17,4.74,0.21,4.6,5.3,5.3,39.0,39.0,550.0,64.0,0.27,117.0,9.0,0.27,15.0,6.7,0.36,4.0,5.0,61.0,4,4,4,0.16,0.16,1819
0.43,4.11,0.17,4.5,5.1,5.1,73.0,73.0,763.0,61.0,0.29,121.0,8.0,0.29,32.0,8.4,0.27,5.0,5.0,71.0,5,5,9,0.31,0.31,1920
0.13,5.1,0.29,5.9,6.9,6.9,47.0,47.0,640.0,67.0,0.39,120.0,14.0,0.39,34.0,9.1,0.59,9.0,7.0,64.0,10,10,13,0.55,0.55,2021
0.17,3.77,0.14,4.0,3.2,3.2,38.0,38.0,559.0,51.0,0.23,88.0,4.0,0.23,32.0,5.4,0.17,4.0,3.0,60.0,3,3,4,0.17,0.17,2122
0.34,4.3,0.19,5.5,4.4,4.4,38.0,38.0,506.0,55.0,0.24,103.0,6.0,0.24,26.0,5.9,0.25,3.0,5.0,64.0,4,4,6,0.25,0.25,2223
0.0,1.53,0.05,0.2,0.3,0.3,15.0,15.0,97.0,4.0,0.13,8.0,2.0,0.13,3.0,0.7,0.38,0.0,2.0,7.0,0,0,1,0.19,0.19,1920
0.15,0.99,0.02,0.3,0.2,0.2,30.0,30.0,90.0,3.0,0.1,8.0,1.0,0.1,2.0,0.8,0.12,1.0,0.0,5.0,0,0,1,0.12,0.12,2021
0.06,2.76,0.09,1.0,0.9,0.9,47.0,47.0,191.0,15.0,0.18,28.0,3.0,0.18,10.0,1.8,0.3,2.0,1.0,20.0,0,0,1,0.1,0.1,2223
0.0,1.75,0.08,1.3,1.3,1.3,110.0,110.0,305.0,10.0,0.09,30.0,1.0,0.09,14.0,1.6,0.06,8.0,1.0,22.0,1,1,1,0.06,0.06,2324
0.0,2.59,0.11,1.2,1.7,1.7,85.0,85.0,275.0,11.0,0.18,39.0,4.0,0.18,11.0,2.7,0.27,25.0,3.0,27.0,1,1,1,0.07,0.07,1920
0.3,4.27,0.1,1.1,1.1,1.1,67.0,67.0,241.0,13.0,0.18,46.0,4.0,0.18,13.0,1.9,0.37,12.0,1.0,28.0,0,0,2,0.19,0.19,2021
0.0,3.92,0.16,1.3,1.6,1.6,91.0,91.0,271.0,14.0,0.26,39.0,7.0,0.26,8.0,2.6,0.7,20.0,6.0,27.0,3,3,4,0.4,0.4,2223
0.0,0.78,0.02,0.5,0.4,0.4,3.0,3.0,47.0,6.0,0.05,18.0,0.0,0.05,7.0,1.1,0.0,1.0,0.0,15.0,0,0,1,0.04,0.04,2223
0.06,0.56,0.01,0.3,0.1,0.1,5.0,5.0,48.0,2.0,0.05,10.0,0.0,0.05,2.0,0.8,0.0,1.0,0.0,6.0,0,0,2,0.11,0.11,2324
0.1,0.82,0.02,0.3,0.3,0.3,23.0,23.0,100.0,4.0,0.06,9.0,1.0,0.06,8.0,0.7,0.09,0.0,1.0,9.0,0,0,1,0.09,0.09,2223
0.03,0.68,0.04,0.6,1.2,1.2,11.0,11.0,169.0,6.0,0.09,21.0,4.0,0.09,6.0,2.8,0.13,2.0,3.0,16.0,3,3,4,0.13,0.13,2324
0.37,3.51,0.23,6.6,6.3,6.3,174.0,174.0,798.0,48.0,0.29,96.0,18.0,0.29,55.0,7.9,0.66,7.0,13.0,62.0,12,12,13,0.48,0.48,1819
0.21,4.39,0.31,9.7,10.9,10.9,226.0,226.0,1194.0,87.0,0.39,155.0,24.0,0.39,88.0,13.7,0.68,16.0,15.0,93.0,13,13,17,0.48,0.48,1920
0.38,3.89,0.26,7.5,8.6,8.6,249.0,249.0,1151.0,77.0,0.33,131.0,13.0,0.33,101.0,11.2,0.39,24.0,8.0,84.0,7,7,9,0.27,0.27,2021
0.17,3.82,0.35,9.1,11.5,11.5,139.0,139.0,837.0,71.0,0.43,124.0,17.0,0.43,82.0,13.8,0.52,8.0,14.0,81.0,9,9,11,0.34,0.34,2223
0.23,5.27,0.3,6.1,7.2,7.2,97.0,97.0,582.0,64.0,0.4,126.0,7.0,0.41,57.0,9.5,0.29,7.0,4.0,80.0,4,4,7,0.29,0.29,2324
0.06,1.33,0.03,0.9,0.7,0.7,20.0,20.0,141.0,8.0,0.09,33.0,4.0,0.09,5.0,2.2,0.16,3.0,4.0,27.0,2,2,4,0.16,0.16,2021
0.0,0.9,0.02,0.3,0.3,0.3,27.0,27.0,167.0,4.0,0.06,16.0,3.0,0.06,3.0,1.2,0.17,1.0,3.0,11.0,0,0,0,0.0,0.0,2223
0.1,0.47,0.01,0.4,0.1,0.1,9.0,9.0,63.0,2.0,0.02,5.0,1.0,0.02,2.0,0.3,0.09,2.0,1.0,5.0,0,0,1,0.09,0.09,2324
0.0,1.29,0.12,0.3,1.2,1.2,2.0,2.0,59.0,3.0,0.19,13.0,3.0,0.19,3.0,2.0,0.3,1.0,1.0,10.0,1,1,1,0.1,0.1,2425
0.1,3.21,0.15,1.6,2.2,2.2,78.0,78.0,197.0,27.0,0.18,48.0,6.0,0.18,20.0,2.6,0.4,1.0,6.0,44.0,3,3,4,0.27,0.27,1819
0.0,3.03,0.14,0.9,1.4,1.4,48.0,48.0,167.0,12.0,0.18,30.0,3.0,0.18,13.0,1.8,0.3,0.0,3.0,25.0,1,1,1,0.1,0.1,1920
0.0,3.35,0.2,2.0,2.4,2.4,74.0,74.0,235.0,24.0,0.27,40.0,6.0,0.27,14.0,3.3,0.5,0.0,3.0,24.0,4,4,6,0.5,0.5,2122
0.08,2.69,0.16,2.7,4.6,4.6,161.0,161.0,502.0,43.0,0.47,76.0,7.0,0.5,37.0,13.4,0.25,12.0,6.0,60.0,5,5,14,0.5,0.46,1819
0.0,2.59,0.14,1.8,3.5,3.5,104.0,104.0,430.0,29.0,0.38,64.0,4.0,0.57,20.0,9.3,0.16,3.0,3.0,49.0,2,2,12,0.49,0.28,1920
0.0,2.63,0.16,1.1,2.1,2.1,79.0,79.0,234.0,13.0,0.46,34.0,2.0,0.46,5.0,5.9,0.15,14.0,2.0,24.0,1,1,3,0.23,0.23,2021
0.07,0.66,0.03,0.9,0.8,0.8,17.0,17.0,114.0,6.0,0.1,20.0,1.0,0.1,6.0,3.1,0.03,2.0,1.0,15.0,1,1,3,0.1,0.1,2223
0.0,1.5,0.13,0.8,1.0,1.0,12.0,12.0,119.0,5.0,0.13,12.0,3.0,0.13,5.0,1.1,0.37,0.0,3.0,10.0,2,2,2,0.25,0.25,1819
0.05,1.79,0.06,0.6,0.6,0.6,49.0,49.0,172.0,7.0,0.1,19.0,2.0,0.1,10.0,1.0,0.19,2.0,1.0,14.0,0,0,0,0.0,0.0,1920
0.07,1.8,0.04,1.5,0.9,0.9,70.0,70.0,313.0,14.0,0.11,37.0,3.0,0.11,24.0,2.2,0.15,3.0,2.0,31.0,1,1,2,0.1,0.1,2021
0.08,1.03,0.04,1.2,1.2,1.2,90.0,90.0,431.0,15.0,0.05,33.0,3.0,0.05,21.0,1.8,0.09,4.0,3.0,28.0,2,2,2,0.06,0.06,2223
0.06,0.85,0.05,1.1,1.6,1.6,17.0,17.0,108.0,10.0,0.09,30.0,5.0,0.09,5.0,3.3,0.14,2.0,4.0,23.0,3,3,4,0.11,0.11,2122
0.08,1.36,0.09,1.1,1.9,1.9,42.0,42.0,210.0,12.0,0.23,29.0,4.0,0.23,11.0,5.0,0.19,5.0,3.0,22.0,4,4,6,0.28,0.28,2223
0.0,1.39,0.07,0.6,0.9,0.9,35.0,35.0,150.0,11.0,0.1,17.0,1.0,0.1,9.0,1.2,0.08,6.0,1.0,14.0,1,1,1,0.08,0.08,2324
0.21,4.07,0.15,2.3,2.5,2.5,31.0,31.0,278.0,28.0,0.22,69.0,8.0,0.31,12.0,3.6,0.47,1.0,4.0,39.0,2,2,8,0.47,0.35,1920
0.26,6.03,0.28,6.1,6.8,6.8,76.0,76.0,529.0,63.0,0.4,145.0,13.0,0.53,25.0,9.6,0.54,5.0,5.0,60.0,5,5,10,0.42,0.33,2021
0.14,4.73,0.22,5.9,5.9,5.9,122.0,122.0,698.0,60.0,0.37,127.0,16.0,0.48,38.0,9.8,0.6,12.0,11.0,77.0,7,7,15,0.56,0.45,2122
0.08,1.1,0.0,0.0,0.0,0.0,6.0,6.0,15.0,0.0,0.47,1.0,0.0,0.47,0.0,0.4,0.0,1.0,0.0,0.0,0,0,1,1.1,1.1,2223
0.0,1.92,0.09,0.9,1.1,1.1,74.0,74.0,206.0,10.0,0.39,23.0,2.0,0.39,4.0,4.7,0.17,10.0,1.0,10.0,1,1,4,0.33,0.33,2324
0.24,2.14,0.1,2.0,1.1,1.1,27.0,27.0,115.0,9.0,0.14,24.0,2.0,0.14,11.0,1.6,0.18,2.0,2.0,20.0,2,2,2,0.18,0.18,2324
0.03,1.47,0.03,0.7,0.7,0.7,15.0,15.0,187.0,9.0,0.04,33.0,2.0,0.04,11.0,1.0,0.09,0.0,2.0,23.0,1,1,1,0.04,0.04,1819
0.0,0.32,0.0,0.2,0.1,0.1,3.0,3.0,32.0,3.0,0.02,6.0,1.0,0.02,3.0,0.3,0.05,0.0,1.0,5.0,1,1,1,0.05,0.05,2223
0.0,0.32,0.0,0.0,0.0,0.0,1.0,1.0,16.0,1.0,0.02,2.0,0.0,0.02,0.0,0.1,0.0,0.0,0.0,0.0,0,0,1,0.16,0.16,2324
0.0,2.97,0.16,3.2,3.1,3.1,25.0,25.0,339.0,34.0,0.2,59.0,5.0,0.2,21.0,4.1,0.25,1.0,3.0,32.0,4,4,5,0.25,0.25,1920
0.0,3.16,0.11,1.3,1.7,1.7,14.0,14.0,279.0,18.0,0.18,50.0,1.0,0.18,18.0,2.8,0.06,4.0,1.0,33.0,0,0,3,0.19,0.19,2021
0.14,4.12,0.11,2.1,1.4,1.4,36.0,36.0,259.0,24.0,0.2,53.0,2.0,0.2,12.0,2.6,0.16,3.0,1.0,36.0,0,0,0,0.0,0.0,2122
0.09,3.44,0.1,1.9,1.4,1.4,43.0,43.0,311.0,21.0,0.19,48.0,3.0,0.19,14.0,2.7,0.22,5.0,3.0,35.0,2,2,3,0.22,0.22,2223
0.05,2.47,0.11,2.7,2.5,2.5,59.0,59.0,371.0,31.0,0.16,58.0,3.0,0.16,26.0,3.7,0.13,2.0,2.0,34.0,2,2,3,0.13,0.13,2324
0.0,0.42,0.04,0.2,0.5,0.5,2.0,2.0,24.0,3.0,0.13,5.0,0.0,0.13,0.0,1.5,0.0,0.0,0.0,4.0,0,0,0,0.0,0.0,1819
0.04,0.4,0.0,0.1,0.1,0.1,4.0,4.0,29.0,3.0,0.04,7.0,1.0,0.04,1.0,0.7,0.06,1.0,1.0,5.0,0,0,0,0.0,0.0,1920
0.0,0.47,0.01,0.4,0.3,0.3,1.0,1.0,43.0,6.0,0.09,11.0,1.0,0.09,2.0,2.1,0.04,0.0,1.0,10.0,1,1,2,0.09,0.09,2021
0.0,0.43,0.02,0.1,0.2,0.2,3.0,3.0,21.0,2.0,0.15,3.0,1.0,0.15,1.0,1.0,0.14,0.0,1.0,3.0,0,0,0,0.0,0.0,2122
0.0,0.54,0.0,0.4,0.1,0.1,5.0,5.0,83.0,5.0,0.04,19.0,2.0,0.04,2.0,1.3,0.06,1.0,1.0,16.0,0,0,0,0.0,0.0,2223
0.0,0.84,0.02,1.0,0.8,0.8,2.0,2.0,102.0,10.0,0.07,26.0,1.0,0.07,2.0,2.2,0.03,2.0,0.0,19.0,0,0,1,0.03,0.03,2324
0.0,1.7,0.02,1.6,0.7,0.7,20.0,20.0,359.0,15.0,0.06,45.0,2.0,0.06,24.0,1.6,0.08,1.0,1.0,41.0,0,0,0,0.0,0.0,2122
0.0,1.51,0.05,0.8,0.7,0.7,8.0,8.0,83.0,10.0,0.08,23.0,5.0,0.08,5.0,1.3,0.33,3.0,5.0,19.0,2,2,2,0.13,0.13,2425
0.11,2.09,0.03,0.5,0.4,0.4,15.0,15.0,139.0,5.0,0.1,28.0,1.0,0.1,2.0,1.3,0.07,0.0,1.0,20.0,0,0,0,0.0,0.0,2122
0.0,2.98,0.15,1.3,1.6,1.6,73.0,73.0,172.0,13.0,0.44,32.0,5.0,0.58,7.0,4.7,0.46,3.0,2.0,17.0,1,1,5,0.47,0.28,2021
0.0,0.97,0.02,0.3,0.1,0.1,17.0,17.0,65.0,2.0,0.1,6.0,0.0,0.1,1.0,0.6,0.0,2.0,0.0,2.0,0,0,0,0.0,0.0,2324
0.0,3.23,0.13,1.4,1.7,1.7,75.0,75.0,281.0,23.0,0.31,42.0,4.0,0.31,8.0,4.0,0.31,18.0,3.0,36.0,3,3,5,0.38,0.38,2324
0.0,4.02,0.27,0.7,1.1,1.1,35.0,35.0,81.0,12.0,0.31,16.0,1.0,0.31,9.0,1.2,0.25,1.0,1.0,13.0,1,1,1,0.25,0.25,1819
0.0,4.84,0.13,0.5,0.5,0.5,31.0,31.0,103.0,10.0,0.19,19.0,2.0,0.19,7.0,0.8,0.51,1.0,2.0,15.0,0,0,0,0.0,0.0,1920
0.06,1.86,0.05,1.8,1.6,1.6,86.0,86.0,353.0,24.0,0.1,63.0,3.0,0.1,18.0,3.2,0.09,6.0,2.0,47.0,3,3,5,0.15,0.15,2324
0.33,2.77,0.11,1.2,2.2,2.2,40.0,40.0,347.0,28.0,0.19,55.0,2.0,0.23,7.0,3.8,0.1,5.0,1.0,44.0,2,2,2,0.1,0.1,1920
0.04,2.05,0.05,1.6,1.0,1.0,44.0,44.0,240.0,12.0,0.08,43.0,7.0,0.08,8.0,1.7,0.33,3.0,6.0,34.0,2,2,3,0.14,0.14,2021
0.06,2.38,0.06,2.2,1.4,1.4,79.0,79.0,431.0,17.0,0.16,58.0,6.0,0.16,22.0,3.8,0.25,5.0,4.0,46.0,1,1,1,0.04,0.04,2122
0.0,2.14,0.08,3.1,2.7,2.7,72.0,72.0,505.0,32.0,0.13,72.0,5.0,0.13,34.0,4.4,0.15,9.0,4.0,64.0,2,2,3,0.09,0.09,2223
0.25,1.59,0.08,2.2,2.5,2.5,121.0,121.0,404.0,15.0,0.11,49.0,8.0,0.11,23.0,3.5,0.26,8.0,6.0,38.0,3,3,3,0.1,0.1,1718
0.0,1.97,0.06,1.2,1.0,1.0,79.0,79.0,264.0,11.0,0.1,32.0,5.0,0.1,10.0,1.6,0.31,6.0,4.0,26.0,4,4,4,0.25,0.25,1819
0.2,2.47,0.08,1.7,1.2,1.2,71.0,71.0,225.0,17.0,0.25,34.0,2.0,0.25,9.0,3.4,0.15,11.0,2.0,29.0,0,0,2,0.15,0.15,2021
0.18,3.34,0.18,2.5,2.7,2.7,84.0,84.0,394.0,29.0,0.21,51.0,4.0,0.21,19.0,3.1,0.26,8.0,3.0,33.0,3,3,3,0.2,0.2,2223
0.23,2.62,0.13,2.9,2.9,2.9,106.0,106.0,487.0,34.0,0.21,58.0,5.0,0.21,32.0,4.7,0.23,10.0,4.0,36.0,4,4,4,0.18,0.18,2324
0.03,2.47,0.05,0.8,0.8,0.8,76.0,76.0,232.0,12.0,0.08,36.0,5.0,0.08,16.0,1.2,0.34,8.0,3.0,28.0,0,0,1,0.07,0.07,2324
0.11,2.57,0.09,1.1,1.7,1.7,132.0,132.0,316.0,19.0,0.48,48.0,11.0,0.48,15.0,8.9,0.59,7.0,8.0,37.0,3,3,7,0.37,0.37,2324
0.27,2.64,0.13,1.7,2.6,2.6,140.0,140.0,398.0,29.0,0.35,52.0,7.0,0.43,26.0,6.9,0.36,9.0,5.0,39.0,2,2,5,0.25,0.15,1920
0.29,3.87,0.15,1.3,1.6,1.6,82.0,82.0,263.0,19.0,0.32,43.0,8.0,0.32,21.0,3.6,0.72,3.0,5.0,31.0,3,3,6,0.54,0.54,2021
0.0,4.37,0.16,0.3,0.6,0.6,23.0,23.0,84.0,5.0,0.34,15.0,2.0,0.34,7.0,1.2,0.58,0.0,2.0,12.0,1,1,1,0.29,0.29,2122
0.0,4.71,0.05,0.3,0.2,0.2,24.0,24.0,112.0,8.0,0.22,22.0,1.0,0.22,12.0,1.0,0.21,2.0,1.0,17.0,0,0,0,0.0,0.0,2122
0.0,2.49,0.14,0.5,0.8,0.8,54.0,54.0,120.0,5.0,0.26,14.0,3.0,0.26,9.0,1.5,0.53,7.0,1.0,10.0,0,0,2,0.36,0.36,2324
0.0,1.06,0.02,0.1,0.2,0.2,5.0,5.0,59.0,6.0,0.07,16.0,1.0,0.07,0.0,1.1,0.07,1.0,1.0,14.0,0,0,1,0.07,0.07,1819
0.0,1.14,0.0,0.3,0.0,0.0,3.0,3.0,64.0,0.0,0.02,14.0,0.0,0.02,6.0,0.2,0.0,0.0,0.0,9.0,0,0,0,0.0,0.0,1920
0.0,0.71,0.01,0.1,0.1,0.1,16.0,16.0,63.0,2.0,0.06,7.0,1.0,0.06,2.0,0.6,0.1,2.0,0.0,5.0,0,0,0,0.0,0.0,2021
0.0,2.01,0.07,0.9,0.7,0.7,54.0,54.0,151.0,13.0,0.16,21.0,1.0,0.16,9.0,1.6,0.1,2.0,1.0,13.0,1,1,1,0.1,0.1,1920
0.16,3.58,0.19,0.7,0.7,0.7,23.0,23.0,126.0,9.0,0.31,14.0,0.0,0.31,4.0,1.2,0.0,2.0,0.0,5.0,0,0,0,0.0,0.0,1819
0.0,4.01,0.18,2.1,2.2,2.2,72.0,72.0,255.0,24.0,0.26,49.0,4.0,0.32,14.0,3.1,0.33,4.0,3.0,33.0,2,2,4,0.33,0.25,1819
0.27,1.91,0.13,2.3,3.2,3.2,111.0,111.0,324.0,20.0,0.33,46.0,7.0,0.33,6.0,7.9,0.29,5.0,6.0,38.0,2,2,10,0.41,0.41,1819
0.0,1.47,0.18,1.9,2.7,2.7,97.0,97.0,237.0,13.0,0.27,22.0,5.0,0.27,8.0,4.1,0.33,4.0,2.0,18.0,4,4,6,0.4,0.4,1920
0.14,0.73,0.01,0.3,0.1,0.1,38.0,38.0,117.0,2.0,0.23,7.0,0.0,0.23,4.0,2.2,0.0,4.0,0.0,6.0,0,0,3,0.32,0.32,2021
0.0,1.32,0.13,2.2,2.9,2.9,95.0,95.0,275.0,19.0,0.33,29.0,5.0,0.33,14.0,7.3,0.23,1.0,4.0,25.0,3,3,7,0.32,0.32,2122
0.05,2.52,0.14,3.1,3.5,3.5,175.0,175.0,583.0,27.0,0.24,62.0,8.0,0.24,31.0,5.9,0.33,9.0,6.0,48.0,4,4,5,0.2,0.2,2223
0.14,2.29,0.07,1.7,1.4,1.4,111.0,111.0,263.0,17.0,0.66,46.0,7.0,0.69,13.0,13.2,0.35,5.0,5.0,35.0,2,2,12,0.6,0.55,1819
0.0,2.3,0.18,1.2,2.5,2.5,75.0,75.0,146.0,12.0,0.51,32.0,3.0,0.57,5.0,7.1,0.22,5.0,3.0,28.0,2,2,9,0.64,0.57,1920
0.19,2.6,0.07,0.6,0.6,0.6,79.0,79.0,188.0,10.0,0.41,24.0,2.0,0.41,8.0,3.8,0.22,4.0,1.0,19.0,0,0,1,0.11,0.11,2021
0.09,2.1,0.0,0.1,0.0,0.0,23.0,23.0,43.0,0.0,0.17,5.0,1.0,0.17,3.0,0.4,0.42,1.0,0.0,3.0,0,0,0,0.0,0.0,2122
0.08,1.47,0.06,1.7,2.1,2.1,152.0,152.0,450.0,21.0,0.33,48.0,5.0,0.45,6.0,10.6,0.15,10.0,3.0,32.0,3,3,18,0.55,0.43,2223
0.09,2.01,0.1,1.8,2.6,2.6,134.0,134.0,405.0,34.0,0.41,52.0,3.0,0.5,13.0,10.6,0.12,8.0,2.0,43.0,2,2,9,0.35,0.31,2324
0.0,0.95,0.03,0.9,1.0,1.0,26.0,26.0,173.0,9.0,0.16,28.0,3.0,0.16,5.0,4.8,0.1,1.0,3.0,26.0,2,2,3,0.1,0.1,1920
0.04,1.68,0.09,1.3,2.4,2.4,74.0,74.0,320.0,23.0,0.1,43.0,7.0,0.1,22.0,2.6,0.27,2.0,5.0,37.0,3,3,3,0.12,0.12,2324
0.0,0.45,0.04,0.7,1.2,1.2,2.0,2.0,38.0,5.0,0.06,13.0,1.0,0.06,7.0,1.9,0.03,0.0,1.0,10.0,1,1,2,0.07,0.07,1819
0.0,0.5,0.02,0.8,0.6,0.6,3.0,3.0,46.0,4.0,0.03,13.0,4.0,0.03,6.0,0.8,0.15,3.0,3.0,12.0,2,2,2,0.08,0.08,2122
0.0,1.29,0.02,0.4,0.3,0.3,17.0,17.0,114.0,8.0,0.07,19.0,3.0,0.07,3.0,1.1,0.2,0.0,3.0,19.0,1,1,2,0.14,0.14,2324
0.09,3.09,0.14,1.1,2.5,2.5,100.0,100.0,276.0,25.0,0.75,54.0,5.0,0.75,4.0,13.1,0.29,27.0,3.0,37.0,3,3,13,0.74,0.74,2021
0.14,2.77,0.08,1.0,1.8,1.8,178.0,178.0,372.0,17.0,0.56,61.0,8.0,0.56,2.0,12.4,0.36,24.0,4.0,39.0,2,2,16,0.73,0.73,2122
0.14,2.8,0.1,1.7,2.8,2.8,196.0,196.0,537.0,34.0,0.76,80.0,9.0,0.85,10.0,21.8,0.32,27.0,6.0,54.0,4,4,30,1.05,0.98,2223
0.0,1.4,0.01,0.1,0.1,0.1,6.0,6.0,59.0,2.0,0.18,8.0,2.0,0.18,0.0,1.0,0.35,1.0,0.0,4.0,0,0,1,0.17,0.17,1819
0.0,1.84,0.1,1.0,1.4,1.4,35.0,35.0,180.0,17.0,0.12,27.0,4.0,0.12,11.0,1.7,0.27,2.0,4.0,21.0,3,3,4,0.27,0.27,2122
0.15,1.97,0.09,0.5,0.6,0.6,28.0,28.0,105.0,6.0,0.36,12.0,1.0,0.36,4.0,2.2,0.16,2.0,0.0,10.0,0,0,0,0.0,0.0,2223
0.0,2.35,0.12,0.6,0.8,0.8,24.0,24.0,95.0,8.0,0.25,16.0,1.0,0.25,5.0,1.7,0.15,1.0,1.0,10.0,1,1,2,0.29,0.29,2324
0.24,3.21,0.26,6.5,5.9,5.9,226.0,226.0,567.0,34.0,0.53,73.0,13.0,0.53,49.0,12.1,0.57,31.0,11.0,52.0,7,7,15,0.66,0.66,2324
0.2,2.74,0.05,0.6,0.5,0.5,21.0,21.0,137.0,7.0,0.06,28.0,0.0,0.06,15.0,0.6,0.0,0.0,0.0,21.0,0,0,0,0.0,0.0,1819
0.0,1.4,0.04,1.5,0.9,0.9,103.0,103.0,385.0,12.0,0.04,36.0,4.0,0.04,24.0,1.1,0.16,2.0,3.0,30.0,0,0,0,0.0,0.0,2021
0.0,1.18,0.02,0.2,0.2,0.2,14.0,14.0,69.0,4.0,0.08,12.0,2.0,0.08,2.0,0.8,0.2,0.0,1.0,7.0,0,0,0,0.0,0.0,2021
0.04,3.03,0.09,2.8,2.3,2.3,73.0,73.0,396.0,32.0,0.17,76.0,8.0,0.33,24.0,4.2,0.32,4.0,3.0,37.0,2,2,8,0.32,0.16,2324
0.44,5.37,0.16,0.7,0.6,0.6,36.0,36.0,123.0,10.0,0.35,20.0,3.0,0.56,9.0,1.3,0.81,1.0,2.0,13.0,2,2,3,0.81,0.54,1819
0.0,4.91,0.35,5.3,6.3,6.3,112.0,112.0,452.0,41.0,0.49,90.0,11.0,0.54,22.0,9.1,0.6,22.0,7.0,46.0,8,8,12,0.67,0.61,1920
0.23,4.94,0.27,5.9,7.1,7.1,153.0,153.0,603.0,65.0,0.47,127.0,17.0,0.59,33.0,12.0,0.66,22.0,11.0,76.0,10,10,19,0.74,0.58,2021
0.19,4.57,0.24,8.3,7.5,7.5,165.0,165.0,717.0,66.0,0.37,141.0,21.0,0.52,58.0,11.4,0.68,21.0,13.0,79.0,7,7,16,0.52,0.36,2122
0.31,4.9,0.21,6.2,5.5,5.5,124.0,124.0,619.0,55.0,0.35,131.0,15.0,0.59,46.0,9.4,0.56,18.0,5.0,83.0,5,5,20,0.75,0.49,2223
0.41,3.79,0.32,7.5,8.2,8.2,148.0,148.0,572.0,56.0,0.43,98.0,11.0,0.62,42.0,11.2,0.43,24.0,4.0,63.0,8,8,16,0.62,0.39,2324
0.14,4.16,0.22,3.5,3.4,3.4,224.0,224.0,470.0,22.0,0.51,63.0,6.0,0.51,12.0,7.7,0.4,69.0,4.0,42.0,1,1,4,0.26,0.26,1920
0.33,3.34,0.22,3.0,4.8,4.8,283.0,283.0,676.0,33.0,0.52,73.0,8.0,0.52,29.0,11.3,0.37,48.0,4.0,52.0,3,3,6,0.27,0.27,2021
0.29,6.29,0.27,7.7,8.0,8.0,485.0,485.0,1172.0,68.0,0.68,188.0,28.0,0.68,68.0,20.3,0.94,110.0,18.0,129.0,10,10,27,0.9,0.9,2122
0.24,5.13,0.3,8.8,9.4,9.4,495.0,495.0,1190.0,64.0,0.63,161.0,21.0,0.63,45.0,19.9,0.67,140.0,12.0,103.0,9,9,19,0.61,0.61,2223
0.32,3.81,0.21,4.4,4.2,4.2,277.0,277.0,733.0,30.0,0.8,79.0,10.0,0.84,20.0,16.6,0.48,88.0,5.0,43.0,5,5,20,0.97,0.92,2324
0.0,1.22,0.02,0.7,0.6,0.6,14.0,14.0,164.0,11.0,0.05,33.0,3.0,0.05,4.0,1.4,0.11,2.0,3.0,25.0,1,1,2,0.07,0.07,2223
0.0,1.52,0.04,0.9,1.2,1.2,72.0,72.0,370.0,19.0,0.06,45.0,3.0,0.06,21.0,1.8,0.1,7.0,2.0,40.0,0,0,0,0.0,0.0,2223
0.09,1.91,0.06,1.5,1.4,1.4,28.0,28.0,242.0,16.0,0.15,47.0,4.0,0.15,19.0,3.8,0.16,2.0,4.0,39.0,1,1,4,0.16,0.16,2223
0.12,2.36,0.14,3.7,4.8,4.8,81.0,81.0,437.0,37.0,0.19,80.0,4.0,0.19,32.0,6.5,0.12,3.0,3.0,69.0,3,3,4,0.12,0.12,2324
0.11,2.13,0.03,0.2,0.2,0.2,41.0,41.0,107.0,3.0,0.8,11.0,1.0,0.8,2.0,4.2,0.19,2.0,0.0,5.0,0,0,2,0.39,0.39,2223
0.2,2.69,0.11,3.4,3.0,3.0,94.0,94.0,584.0,27.0,0.22,73.0,10.0,0.22,24.0,6.1,0.37,5.0,8.0,63.0,3,3,5,0.18,0.18,2223
0.17,3.61,0.28,2.4,2.9,2.9,84.0,84.0,209.0,18.0,0.78,37.0,6.0,0.78,10.0,8.0,0.59,9.0,3.0,23.0,2,2,5,0.49,0.49,2324
0.0,3.34,0.13,4.0,3.1,3.1,122.0,122.0,685.0,37.0,0.27,79.0,14.0,0.27,32.0,6.3,0.59,11.0,12.0,68.0,4,4,11,0.47,0.47,2324
0.04,2.53,0.04,0.2,0.1,0.1,21.0,21.0,65.0,2.0,0.4,8.0,0.0,0.4,1.0,1.3,0.0,4.0,0.0,3.0,0,0,2,0.63,0.63,2324
0.2,3.22,0.11,3.8,2.6,2.6,57.0,57.0,623.0,27.0,0.2,73.0,4.0,0.27,37.0,4.4,0.18,9.0,2.0,66.0,1,1,6,0.26,0.18,2425
0.12,3.79,0.11,1.1,0.8,0.8,63.0,63.0,159.0,7.0,0.19,29.0,2.0,0.19,10.0,1.5,0.26,13.0,1.0,20.0,0,0,1,0.13,0.13,1718
0.15,3.47,0.12,1.4,1.0,1.0,56.0,56.0,208.0,8.0,0.23,29.0,4.0,0.23,10.0,1.9,0.48,9.0,2.0,17.0,1,1,1,0.12,0.12,1819
0.0,2.79,0.13,1.5,1.8,1.8,89.0,89.0,322.0,14.0,0.33,38.0,4.0,0.33,14.0,4.5,0.29,16.0,4.0,25.0,2,2,5,0.37,0.37,1920
0.0,2.81,0.13,3.1,3.1,3.1,54.0,54.0,431.0,31.0,0.17,68.0,6.0,0.17,33.0,4.1,0.25,8.0,5.0,37.0,3,3,4,0.17,0.17,1819
0.0,3.59,0.27,0.2,1.1,1.1,37.0,37.0,100.0,8.0,0.43,15.0,0.0,0.43,4.0,1.8,0.0,3.0,0.0,10.0,0,0,0,0.0,0.0,1819
0.0,1.23,0.02,0.5,0.4,0.4,9.0,9.0,77.0,8.0,0.08,25.0,2.0,0.08,2.0,1.7,0.1,2.0,2.0,21.0,1,1,3,0.15,0.15,2021
0.0,0.31,0.0,0.3,0.0,0.0,3.0,3.0,26.0,2.0,0.02,8.0,0.0,0.02,1.0,0.5,0.0,1.0,0.0,7.0,0,0,0,0.0,0.0,2122
0.04,2.08,0.08,2.6,2.1,2.1,119.0,119.0,539.0,21.0,0.12,51.0,7.0,0.12,30.0,2.9,0.29,5.0,7.0,39.0,4,4,4,0.16,0.16,2122
0.16,2.87,0.18,0.4,0.8,0.8,12.0,12.0,55.0,7.0,0.42,12.0,1.0,0.42,5.0,1.7,0.24,2.0,1.0,12.0,1,1,1,0.24,0.24,1819
0.28,3.35,0.18,3.6,4.5,4.5,106.0,106.0,418.0,49.0,0.31,84.0,6.0,0.31,26.0,7.7,0.24,8.0,6.0,59.0,4,4,7,0.28,0.28,1920
0.25,3.12,0.25,4.1,5.2,5.2,105.0,105.0,426.0,34.0,0.33,66.0,9.0,0.33,28.0,6.9,0.43,6.0,9.0,46.0,6,6,7,0.33,0.33,2021
0.0,3.12,0.17,2.6,3.4,3.4,69.0,69.0,268.0,34.0,0.26,62.0,7.0,0.26,18.0,5.2,0.35,0.0,7.0,44.0,5,5,7,0.35,0.35,2122
0.16,0.33,0.0,0.1,0.0,0.0,0.0,0.0,16.0,1.0,0.02,5.0,0.0,0.02,0.0,0.3,0.0,0.0,0.0,5.0,0,0,0,0.0,0.0,1819
0.14,2.45,0.11,1.1,1.5,1.5,51.0,51.0,226.0,14.0,0.21,34.0,1.0,0.21,4.0,2.9,0.07,8.0,1.0,26.0,0,0,1,0.07,0.07,1718
0.0,1.67,0.15,1.3,2.2,2.2,34.0,34.0,170.0,14.0,0.17,24.0,3.0,0.17,10.0,2.5,0.21,2.0,1.0,18.0,1,1,1,0.07,0.07,1920
0.0,0.54,0.0,0.1,0.0,0.0,1.0,1.0,41.0,0.0,0.04,11.0,0.0,0.04,0.0,0.7,0.0,0.0,0.0,10.0,0,0,0,0.0,0.0,2122
0.05,0.47,0.0,0.1,0.0,0.0,2.0,2.0,13.0,1.0,0.09,5.0,0.0,0.09,1.0,1.0,0.0,1.0,0.0,4.0,0,0,1,0.09,0.09,2223
0.0,1.2,0.05,0.5,0.5,0.5,9.0,9.0,106.0,8.0,0.1,11.0,3.0,0.1,5.0,0.9,0.33,0.0,2.0,7.0,2,2,2,0.22,0.22,2021
0.0,0.78,0.01,0.6,0.1,0.1,6.0,6.0,58.0,3.0,0.06,13.0,1.0,0.06,4.0,0.9,0.06,1.0,1.0,11.0,0,0,1,0.06,0.06,2122
0.0,0.25,0.0,0.2,0.1,0.1,3.0,3.0,32.0,2.0,0.07,6.0,0.0,0.07,5.0,1.6,0.0,0.0,0.0,5.0,0,0,2,0.08,0.08,2021
0.0,0.7,0.01,0.2,0.1,0.1,2.0,2.0,26.0,6.0,0.06,11.0,2.0,0.06,4.0,1.0,0.13,0.0,2.0,9.0,0,0,0,0.0,0.0,2122
0.05,1.71,0.06,0.8,0.8,0.8,34.0,34.0,142.0,8.0,0.09,24.0,1.0,0.09,7.0,1.3,0.07,3.0,1.0,20.0,2,2,2,0.14,0.14,1819
0.08,3.06,0.12,1.3,1.5,1.5,98.0,98.0,299.0,19.0,0.35,39.0,4.0,0.42,12.0,4.5,0.31,14.0,2.0,23.0,2,2,5,0.39,0.31,1920
0.0,3.13,0.11,0.9,1.5,1.5,64.0,64.0,227.0,20.0,0.3,41.0,3.0,0.48,12.0,3.9,0.23,8.0,0.0,26.0,1,1,8,0.61,0.38,2021
0.06,3.31,0.1,2.7,2.5,2.5,144.0,144.0,440.0,31.0,0.28,82.0,6.0,0.41,22.0,7.0,0.24,29.0,4.0,53.0,0,0,10,0.4,0.24,2122
0.0,2.31,0.09,1.6,1.6,1.6,91.0,91.0,271.0,19.0,0.32,42.0,7.0,0.32,12.0,5.8,0.39,22.0,3.0,21.0,1,1,5,0.28,0.28,2223
0.08,2.07,0.1,0.8,1.2,1.2,76.0,76.0,192.0,10.0,0.36,26.0,2.0,0.36,5.0,4.5,0.16,10.0,1.0,15.0,0,0,1,0.08,0.08,2324
0.0,1.56,0.02,0.6,0.4,0.4,34.0,34.0,144.0,8.0,0.09,29.0,3.0,0.09,12.0,1.6,0.16,0.0,2.0,19.0,1,1,2,0.11,0.11,1819
0.0,1.71,0.03,0.8,0.6,0.6,23.0,23.0,185.0,15.0,0.06,38.0,2.0,0.06,8.0,1.4,0.09,3.0,2.0,33.0,1,1,2,0.09,0.09,1819
0.0,1.9,0.05,0.3,0.6,0.6,11.0,11.0,130.0,9.0,0.11,24.0,1.0,0.11,7.0,1.4,0.08,1.0,1.0,23.0,0,0,0,0.0,0.0,1920
0.0,1.18,0.01,0.6,0.3,0.3,16.0,16.0,174.0,9.0,0.04,27.0,0.0,0.04,6.0,1.0,0.0,2.0,0.0,22.0,0,0,0,0.0,0.0,2021
0.03,2.18,0.05,1.7,1.8,1.8,20.0,20.0,280.0,29.0,0.1,72.0,4.0,0.1,17.0,3.3,0.12,2.0,3.0,58.0,0,0,1,0.03,0.03,2122
0.03,1.03,0.03,1.1,0.9,0.9,12.0,12.0,84.0,9.0,0.07,31.0,5.0,0.07,10.0,2.2,0.17,5.0,4.0,26.0,1,1,1,0.03,0.03,2021
0.09,1.22,0.03,1.5,1.0,1.0,15.0,15.0,138.0,9.0,0.09,39.0,9.0,0.09,7.0,2.7,0.28,5.0,8.0,33.0,3,3,3,0.09,0.09,2324
0.0,3.69,0.1,0.7,1.0,1.0,56.0,56.0,173.0,16.0,0.16,36.0,3.0,0.16,9.0,1.6,0.31,14.0,1.0,24.0,2,2,2,0.21,0.21,1920
0.14,1.61,0.06,0.7,1.4,1.4,139.0,139.0,312.0,16.0,0.41,38.0,6.0,0.44,4.0,9.6,0.25,22.0,4.0,24.0,1,1,8,0.34,0.3,2324
0.0,0.86,0.03,0.6,0.4,0.4,0.0,0.0,27.0,5.0,0.06,13.0,1.0,0.06,2.0,1.0,0.07,0.0,1.0,10.0,0,0,0,0.0,0.0,2223
0.0,0.91,0.01,0.6,0.3,0.3,1.0,1.0,55.0,5.0,0.04,21.0,2.0,0.04,4.0,0.9,0.09,1.0,2.0,20.0,0,0,1,0.04,0.04,2324
0.0,1.83,0.02,0.2,0.3,0.3,13.0,13.0,125.0,7.0,0.08,30.0,4.0,0.08,2.0,1.2,0.24,5.0,3.0,21.0,1,1,2,0.12,0.12,2324
0.0,0.56,0.05,0.1,0.1,0.1,0.0,0.0,16.0,1.0,0.06,1.0,0.0,0.06,1.0,0.1,0.0,0.0,0.0,1.0,0,0,0,0.0,0.0,2425
0.09,2.75,0.14,3.3,3.2,3.2,90.0,90.0,524.0,21.0,0.21,60.0,10.0,0.21,21.0,4.5,0.46,12.0,9.0,54.0,3,3,5,0.23,0.23,2324
0.09,1.58,0.07,2.5,1.9,1.9,64.0,64.0,308.0,16.0,0.12,40.0,4.0,0.18,14.0,3.1,0.16,2.0,4.0,35.0,2,2,4,0.16,0.12,1819
0.0,1.47,0.05,1.2,1.2,1.2,43.0,43.0,292.0,15.0,0.07,31.0,7.0,0.07,8.0,1.4,0.33,3.0,5.0,25.0,2,2,2,0.09,0.09,1920
0.0,0.65,0.01,0.1,0.2,0.2,9.0,9.0,43.0,3.0,0.09,14.0,1.0,0.09,0.0,2.0,0.05,1.0,0.0,10.0,0,0,3,0.14,0.14,1819
0.0,1.24,0.0,0.0,0.0,0.0,1.0,1.0,6.0,0.0,0.11,6.0,0.0,0.11,0.0,0.5,0.0,0.0,0.0,3.0,0,0,0,0.0,0.0,1920
0.0,0.44,0.0,0.1,0.1,0.1,4.0,4.0,43.0,2.0,0.07,6.0,1.0,0.07,0.0,1.0,0.07,0.0,1.0,5.0,0,0,1,0.07,0.07,1920
0.0,0.99,0.0,0.3,0.1,0.1,12.0,12.0,85.0,2.0,0.06,13.0,2.0,0.06,2.0,0.8,0.15,1.0,2.0,13.0,0,0,1,0.08,0.08,2223
0.0,0.91,0.04,0.1,0.4,0.4,2.0,2.0,15.0,5.0,0.07,9.0,1.0,0.07,1.0,0.7,0.1,1.0,1.0,8.0,0,0,0,0.0,0.0,1819
0.08,2.64,0.11,2.4,2.8,2.8,160.0,160.0,442.0,26.0,0.28,66.0,7.0,0.32,29.0,7.1,0.28,26.0,2.0,38.0,1,1,5,0.2,0.2,1819
0.0,2.95,0.18,1.9,2.3,2.3,84.0,84.0,197.0,12.0,0.43,38.0,2.0,0.43,13.0,5.6,0.16,9.0,2.0,21.0,1,1,3,0.23,0.23,1920
0.0,3.85,0.12,0.7,0.9,0.9,49.0,49.0,134.0,14.0,0.72,28.0,5.0,0.72,4.0,5.2,0.69,7.0,2.0,20.0,0,0,5,0.69,0.69,2122
0.09,3.21,0.13,0.8,0.9,0.9,67.0,67.0,121.0,7.0,0.59,23.0,3.0,0.59,13.0,4.2,0.42,6.0,0.0,11.0,0,0,5,0.7,0.7,2223
0.0,3.35,0.08,1.2,0.9,0.9,95.0,95.0,209.0,12.0,0.58,38.0,5.0,0.58,12.0,6.6,0.44,7.0,1.0,25.0,1,1,8,0.71,0.71,2324
0.0,2.27,0.12,1.8,2.3,2.3,88.0,88.0,270.0,19.0,0.28,44.0,5.0,0.28,10.0,5.3,0.26,8.0,4.0,32.0,4,4,5,0.26,0.26,1819
0.11,2.17,0.13,1.4,2.9,2.9,71.0,71.0,267.0,17.0,0.24,50.0,2.0,0.24,12.0,5.6,0.09,6.0,1.0,33.0,0,0,3,0.13,0.13,1920
0.0,2.91,0.18,2.4,3.3,3.3,110.0,110.0,350.0,27.0,0.44,55.0,4.0,0.44,16.0,8.3,0.21,6.0,3.0,47.0,2,2,7,0.37,0.37,2021
0.06,2.56,0.08,0.9,1.2,1.2,75.0,75.0,241.0,20.0,0.22,39.0,0.0,0.22,11.0,3.3,0.0,10.0,0.0,32.0,0,0,3,0.2,0.2,2122
0.24,1.54,0.06,0.9,0.7,0.7,54.0,54.0,164.0,8.0,0.14,18.0,1.0,0.14,6.0,1.6,0.09,2.0,1.0,15.0,1,1,2,0.17,0.17,2223
0.16,2.84,0.13,3.2,3.9,3.9,176.0,176.0,559.0,41.0,0.24,82.0,9.0,0.24,28.0,6.9,0.31,8.0,8.0,64.0,7,7,7,0.24,0.24,2324
0.03,1.75,0.05,1.6,1.8,1.8,35.0,35.0,352.0,22.0,0.15,64.0,5.0,0.15,11.0,5.5,0.14,2.0,4.0,59.0,0,0,2,0.05,0.05,1819
0.17,1.55,0.02,0.7,0.6,0.6,19.0,19.0,263.0,15.0,0.08,46.0,3.0,0.08,3.0,2.2,0.1,0.0,3.0,40.0,1,1,3,0.1,0.1,1920
0.0,1.61,0.05,0.6,1.3,1.3,17.0,17.0,168.0,16.0,0.08,39.0,8.0,0.08,4.0,2.0,0.33,1.0,7.0,32.0,4,4,5,0.21,0.21,2021
0.0,1.0,0.0,0.2,0.0,0.0,13.0,13.0,134.0,2.0,0.04,18.0,2.0,0.04,4.0,0.8,0.11,1.0,1.0,13.0,0,0,0,0.0,0.0,2122
0.19,0.64,0.0,0.2,0.1,0.1,7.0,7.0,92.0,3.0,0.01,12.0,2.0,0.01,0.0,0.3,0.11,0.0,2.0,12.0,0,0,0,0.0,0.0,2223
0.0,2.74,0.04,0.2,0.2,0.2,46.0,46.0,82.0,5.0,0.45,15.0,0.0,0.45,3.0,2.5,0.0,6.0,0.0,8.0,0,0,2,0.37,0.37,1819
0.14,1.99,0.14,1.9,2.8,2.8,100.0,100.0,382.0,24.0,0.2,41.0,4.0,0.2,20.0,4.1,0.19,12.0,3.0,31.0,2,2,3,0.15,0.15,2021
0.04,2.0,0.09,2.3,2.5,2.5,157.0,157.0,654.0,23.0,0.18,58.0,6.0,0.18,31.0,5.2,0.21,18.0,6.0,43.0,4,4,7,0.24,0.24,2122
0.04,1.98,0.08,1.7,1.9,1.9,93.0,93.0,420.0,23.0,0.2,45.0,4.0,0.2,24.0,4.6,0.18,9.0,2.0,29.0,1,1,3,0.13,0.13,2223
0.07,3.51,0.11,4.7,4.0,4.0,354.0,354.0,927.0,36.0,0.25,128.0,9.0,0.25,70.0,9.1,0.25,102.0,5.0,78.0,3,3,7,0.19,0.19,1920
0.03,3.31,0.11,3.9,3.1,3.1,259.0,259.0,633.0,30.0,0.33,96.0,10.0,0.39,33.0,9.6,0.34,62.0,6.0,52.0,2,2,13,0.45,0.38,2021
0.08,3.62,0.17,5.4,5.1,5.1,265.0,265.0,720.0,46.0,0.29,111.0,12.0,0.48,66.0,9.0,0.39,47.0,5.0,76.0,1,1,15,0.49,0.33,2122
0.04,2.49,0.1,2.3,2.6,2.6,134.0,134.0,509.0,28.0,0.19,67.0,7.0,0.19,24.0,5.1,0.26,11.0,5.0,47.0,4,4,6,0.22,0.22,1819
0.09,2.4,0.08,2.6,2.1,2.1,60.0,60.0,420.0,25.0,0.17,60.0,5.0,0.17,23.0,4.4,0.2,5.0,4.0,33.0,1,1,2,0.08,0.08,1920
0.05,1.82,0.1,0.7,0.9,0.9,23.0,23.0,131.0,6.0,0.13,17.0,1.0,0.13,6.0,1.2,0.11,3.0,0.0,12.0,1,1,2,0.21,0.21,2223
0.13,2.29,0.05,1.8,1.1,1.1,17.0,17.0,219.0,21.0,0.07,48.0,5.0,0.07,16.0,1.5,0.24,0.0,5.0,34.0,1,1,1,0.05,0.05,2324
0.17,2.13,0.15,0.4,0.5,0.5,26.0,26.0,74.0,3.0,0.51,7.0,0.0,0.51,2.0,1.7,0.0,1.0,0.0,7.0,0,0,1,0.31,0.31,2021
0.0,0.66,0.0,0.3,0.0,0.0,10.0,10.0,70.0,0.0,0.2,15.0,2.0,0.2,1.0,4.5,0.09,2.0,0.0,11.0,0,0,4,0.18,0.18,1819
0.04,1.37,0.01,0.2,0.1,0.1,0.0,0.0,19.0,3.0,0.09,13.0,0.0,0.09,1.0,0.8,0.0,0.0,0.0,11.0,0,0,1,0.11,0.11,1920
0.03,0.95,0.06,1.4,1.6,1.6,5.0,5.0,141.0,10.0,0.21,25.0,3.0,0.21,9.0,5.4,0.11,1.0,1.0,19.0,1,1,5,0.19,0.19,2021
0.0,1.25,0.02,0.8,0.4,0.4,10.0,10.0,54.0,7.0,0.04,22.0,4.0,0.04,4.0,0.8,0.23,0.0,4.0,22.0,0,0,0,0.0,0.0,2324
0.07,2.62,0.09,3.9,2.6,2.6,144.0,144.0,553.0,39.0,0.14,78.0,7.0,0.14,44.0,4.0,0.24,9.0,4.0,64.0,1,1,3,0.1,0.1,1819
0.0,0.95,0.01,0.1,0.0,0.0,19.0,19.0,64.0,1.0,0.05,5.0,1.0,0.05,2.0,0.3,0.19,4.0,1.0,3.0,0,0,0,0.0,0.0,2021
0.0,1.72,0.08,0.4,0.8,0.8,15.0,15.0,119.0,9.0,0.14,17.0,0.0,0.14,8.0,1.4,0.0,1.0,0.0,14.0,0,0,0,0.0,0.0,1920
0.15,1.84,0.05,0.8,0.7,0.7,19.0,19.0,150.0,9.0,0.14,25.0,3.0,0.14,9.0,1.9,0.22,0.0,1.0,19.0,0,0,2,0.15,0.15,2021
0.04,2.92,0.07,1.4,1.5,1.5,39.0,39.0,291.0,22.0,0.23,59.0,7.0,0.23,24.0,4.6,0.35,8.0,3.0,51.0,3,3,5,0.25,0.25,2122
0.4,2.19,0.06,2.1,1.6,1.6,52.0,52.0,370.0,22.0,0.17,60.0,7.0,0.17,23.0,4.7,0.26,7.0,7.0,53.0,1,1,4,0.15,0.15,2223
0.0,2.38,0.09,0.7,0.7,0.7,12.0,12.0,111.0,10.0,0.14,18.0,4.0,0.14,8.0,1.1,0.53,0.0,3.0,17.0,3,3,4,0.53,0.53,2324
0.24,6.18,0.23,5.2,5.4,5.4,283.0,283.0,954.0,78.0,0.41,144.0,8.0,0.41,48.0,9.6,0.34,45.0,5.0,88.0,6,6,9,0.39,0.39,1819
0.32,5.78,0.27,6.6,7.7,7.7,294.0,294.0,1044.0,75.0,0.42,167.0,15.0,0.53,68.0,12.1,0.52,56.0,10.0,111.0,7,7,16,0.55,0.42,1920
0.21,4.23,0.19,2.3,3.0,3.0,119.0,119.0,488.0,32.0,0.32,66.0,11.0,0.32,33.0,5.0,0.7,10.0,5.0,42.0,5,5,6,0.38,0.38,2021
0.09,4.44,0.19,3.1,4.4,4.4,152.0,152.0,602.0,51.0,0.33,105.0,12.0,0.33,30.0,7.8,0.51,29.0,7.0,71.0,5,5,10,0.42,0.42,2223
0.0,4.87,0.17,4.5,3.9,3.9,181.0,181.0,671.0,44.0,0.33,111.0,10.0,0.4,69.0,7.5,0.44,28.0,10.0,81.0,2,2,6,0.26,0.18,2324
0.19,2.7,0.15,2.5,4.6,4.6,175.0,175.0,477.0,40.0,0.41,83.0,10.0,0.51,14.0,12.5,0.32,7.0,8.0,64.0,4,4,19,0.62,0.52,1718
0.04,2.47,0.14,3.2,3.7,3.7,190.0,190.0,387.0,36.0,0.39,65.0,5.0,0.58,21.0,10.2,0.19,4.0,4.0,57.0,5,5,16,0.61,0.42,1819
0.0,2.11,0.08,1.4,1.9,1.9,127.0,127.0,322.0,19.0,0.56,47.0,3.0,0.56,15.0,12.6,0.13,5.0,1.0,37.0,1,1,12,0.54,0.54,1920
0.22,1.83,0.16,0.4,1.2,1.2,29.0,29.0,133.0,8.0,0.47,14.0,1.0,0.57,5.0,3.6,0.13,0.0,0.0,10.0,1,1,4,0.52,0.52,2021
0.12,3.03,0.17,2.6,3.0,3.0,100.0,100.0,270.0,22.0,0.37,54.0,6.0,0.51,8.0,6.7,0.34,8.0,5.0,45.0,4,4,12,0.67,0.5,2122
0.23,1.48,0.17,0.5,1.3,1.3,27.0,27.0,126.0,8.0,0.43,12.0,2.0,0.53,3.0,3.5,0.25,2.0,0.0,9.0,1,1,3,0.37,0.25,2223
0.33,2.26,0.04,0.7,0.2,0.2,26.0,26.0,87.0,3.0,0.51,11.0,2.0,0.51,3.0,2.5,0.41,4.0,0.0,5.0,0,0,5,1.03,1.03,2324
0.06,0.66,0.03,0.3,0.2,0.2,0.0,0.0,15.0,1.0,0.03,5.0,1.0,0.03,0.0,0.2,0.13,0.0,1.0,5.0,1,1,1,0.13,0.13,2223
0.0,1.0,0.08,0.8,1.3,1.3,3.0,3.0,61.0,9.0,0.18,16.0,2.0,0.18,8.0,2.8,0.13,1.0,2.0,14.0,1,1,3,0.19,0.19,2324
0.09,3.16,0.09,1.4,1.8,1.8,132.0,132.0,353.0,23.0,0.23,62.0,8.0,0.23,13.0,4.4,0.41,25.0,6.0,46.0,2,2,6,0.31,0.31,2223
0.17,3.01,0.24,5.5,7.4,7.4,249.0,249.0,643.0,44.0,0.76,94.0,21.0,0.81,31.0,23.9,0.67,33.0,14.0,75.0,9,9,27,0.86,0.8,1819
0.24,3.74,0.26,4.1,6.2,6.2,209.0,209.0,550.0,45.0,0.76,90.0,10.0,0.85,31.0,18.2,0.42,30.0,5.0,70.0,4,4,22,0.91,0.79,1920
0.18,3.28,0.23,5.2,6.7,6.7,226.0,226.0,616.0,41.0,0.58,95.0,16.0,0.91,38.0,16.9,0.55,34.0,12.0,70.0,7,7,27,0.93,0.59,2021
0.26,2.53,0.18,5.0,5.0,5.0,238.0,238.0,581.0,32.0,0.6,71.0,14.0,0.82,31.0,16.7,0.5,45.0,10.0,57.0,5,5,30,1.07,0.78,2122
0.08,2.38,0.16,3.7,3.8,3.8,198.0,198.0,458.0,25.0,0.7,56.0,13.0,0.9,30.0,16.5,0.55,26.0,8.0,36.0,6,6,25,1.06,0.85,2223
0.1,2.09,0.15,4.2,4.9,4.9,154.0,154.0,452.0,37.0,0.5,68.0,12.0,0.59,15.0,16.2,0.37,14.0,7.0,53.0,7,7,24,0.74,0.62,1819
0.24,3.06,0.08,1.7,2.4,2.4,173.0,173.0,524.0,37.0,0.57,93.0,10.0,0.67,16.0,17.4,0.33,11.0,7.0,70.0,3,3,19,0.62,0.49,1920
0.19,2.36,0.16,4.0,5.2,5.2,184.0,184.0,505.0,43.0,0.61,77.0,13.0,0.68,17.0,20.0,0.4,15.0,10.0,59.0,8,8,28,0.86,0.8,2021
0.11,2.2,0.11,1.5,1.9,1.9,88.0,88.0,233.0,17.0,0.47,38.0,3.0,0.57,7.0,8.1,0.17,9.0,3.0,28.0,1,1,7,0.41,0.35,2122
0.14,3.05,0.13,1.2,1.2,1.2,41.0,41.0,97.0,14.0,0.36,27.0,2.0,0.36,1.0,3.2,0.23,0.0,2.0,22.0,1,1,1,0.11,0.11,2223
0.0,1.41,0.1,1.5,1.9,1.9,99.0,99.0,248.0,17.0,0.46,27.0,1.0,0.46,7.0,8.7,0.05,15.0,0.0,15.0,0,0,4,0.21,0.21,1920
0.15,4.16,0.2,3.8,5.2,5.2,44.0,44.0,447.0,62.0,0.33,109.0,6.0,0.39,12.0,8.8,0.23,3.0,4.0,56.0,1,1,5,0.19,0.15,1819
0.18,3.52,0.05,0.3,0.2,0.2,2.0,2.0,57.0,4.0,0.1,16.0,1.0,0.1,3.0,0.5,0.22,0.0,1.0,11.0,0,0,0,0.0,0.0,2021
0.0,3.68,0.18,2.5,2.9,2.9,32.0,32.0,245.0,31.0,0.23,61.0,9.0,0.23,16.0,3.7,0.54,0.0,4.0,34.0,3,3,5,0.3,0.3,2122
0.0,0.57,0.01,0.4,0.3,0.3,9.0,9.0,87.0,3.0,0.1,17.0,0.0,0.1,5.0,3.0,0.0,0.0,0.0,11.0,0,0,4,0.13,0.13,1819
0.0,0.44,0.0,0.1,0.1,0.1,1.0,1.0,29.0,2.0,0.03,7.0,0.0,0.03,0.0,0.5,0.0,0.0,0.0,5.0,0,0,0,0.0,0.0,1920
0.09,2.09,0.13,2.7,3.9,3.9,62.0,62.0,368.0,24.0,0.24,61.0,6.0,0.24,24.0,7.0,0.21,7.0,5.0,50.0,4,4,6,0.21,0.21,2021
0.06,1.21,0.05,0.6,0.6,0.6,29.0,29.0,118.0,5.0,0.08,14.0,2.0,0.08,5.0,0.9,0.17,2.0,2.0,12.0,1,1,1,0.09,0.09,2122
0.18,1.8,0.04,1.6,0.7,0.7,12.0,12.0,160.0,8.0,0.06,30.0,6.0,0.06,10.0,0.9,0.36,1.0,6.0,26.0,1,1,2,0.12,0.12,2223
0.0,1.27,0.09,1.7,2.6,2.6,44.0,44.0,214.0,23.0,0.14,36.0,4.0,0.14,14.0,3.8,0.14,0.0,2.0,29.0,3,3,3,0.11,0.11,2021
0.07,1.89,0.13,3.0,3.8,3.8,85.0,85.0,349.0,25.0,0.17,57.0,8.0,0.17,19.0,5.2,0.27,3.0,6.0,40.0,2,2,7,0.23,0.23,2122
0.0,1.35,0.03,1.1,0.8,0.8,19.0,19.0,221.0,12.0,0.1,34.0,2.0,0.1,6.0,2.5,0.08,1.0,1.0,24.0,0,0,2,0.08,0.08,1819
0.15,2.67,0.14,0.6,1.1,1.1,20.0,20.0,97.0,8.0,0.29,21.0,1.0,0.29,2.0,2.3,0.13,0.0,0.0,17.0,0,0,0,0.0,0.0,1920
0.0,3.52,0.17,1.7,2.3,2.3,24.0,24.0,184.0,19.0,0.24,47.0,5.0,0.24,10.0,3.2,0.37,2.0,3.0,32.0,2,2,3,0.23,0.23,2021
0.0,1.72,0.08,1.6,1.4,1.4,22.0,22.0,175.0,14.0,0.16,31.0,3.0,0.16,5.0,3.0,0.17,2.0,0.0,20.0,0,0,3,0.17,0.17,2122
0.0,3.3,0.14,2.6,1.6,1.6,75.0,75.0,354.0,19.0,0.46,39.0,10.0,0.46,33.0,5.5,0.85,7.0,5.0,28.0,3,3,9,0.76,0.76,1819
0.32,2.43,0.09,0.3,0.2,0.2,15.0,15.0,43.0,3.0,0.33,5.0,0.0,0.33,6.0,0.7,0.0,0.0,0.0,3.0,0,0,1,0.49,0.49,1920
0.0,0.99,0.05,1.5,1.5,1.5,38.0,38.0,170.0,10.0,0.08,28.0,4.0,0.08,13.0,2.2,0.14,1.0,3.0,17.0,2,2,4,0.14,0.14,1819
0.04,0.47,0.01,0.3,0.2,0.2,18.0,18.0,142.0,3.0,0.03,10.0,0.0,0.03,2.0,0.5,0.0,2.0,0.0,5.0,0,0,0,0.0,0.0,1920
0.0,1.14,0.02,1.0,0.6,0.6,27.0,27.0,224.0,8.0,0.04,30.0,4.0,0.04,12.0,1.0,0.15,1.0,1.0,19.0,1,1,2,0.08,0.08,2021
0.19,3.97,0.19,1.4,2.2,2.2,47.0,47.0,186.0,19.0,0.26,45.0,7.0,0.26,5.0,3.0,0.62,3.0,3.0,29.0,3,3,6,0.53,0.53,1920
0.28,3.87,0.16,3.0,4.4,4.4,48.0,48.0,390.0,53.0,0.23,104.0,10.0,0.23,20.0,6.3,0.37,10.0,7.0,78.0,5,5,7,0.26,0.26,2021
0.0,4.82,0.23,4.3,5.7,5.7,99.0,99.0,491.0,59.0,0.31,121.0,18.0,0.31,36.0,7.7,0.72,17.0,13.0,81.0,7,7,8,0.32,0.32,2122
0.13,1.87,0.16,0.2,0.3,0.3,8.0,8.0,42.0,2.0,0.22,3.0,1.0,0.22,2.0,0.3,0.62,0.0,1.0,2.0,0,0,0,0.0,0.0,2223
0.44,3.97,0.14,2.0,2.2,2.2,26.0,26.0,281.0,22.0,0.16,62.0,8.0,0.16,16.0,2.5,0.51,3.0,4.0,41.0,2,2,3,0.19,0.19,2324
0.0,0.41,0.01,0.2,0.1,0.1,9.0,9.0,66.0,4.0,0.03,6.0,0.0,0.03,2.0,0.4,0.0,0.0,0.0,3.0,0,0,0,0.0,0.0,2021
0.0,2.24,0.17,4.3,4.2,4.2,240.0,240.0,651.0,27.0,0.23,56.0,14.0,0.23,34.0,5.7,0.56,41.0,9.0,44.0,8,8,9,0.36,0.36,2324
0.0,1.04,0.12,0.8,1.0,1.0,31.0,31.0,131.0,2.0,0.15,9.0,1.0,0.15,2.0,1.3,0.12,8.0,0.0,5.0,0,0,0,0.0,0.0,1920
0.04,1.98,0.07,0.8,1.9,1.9,25.0,25.0,230.0,18.0,0.18,52.0,10.0,0.18,10.0,4.7,0.38,2.0,7.0,35.0,3,3,5,0.19,0.19,1920
0.05,1.64,0.04,1.6,1.0,1.0,36.0,36.0,274.0,11.0,0.14,42.0,4.0,0.14,5.0,3.5,0.16,2.0,3.0,34.0,1,1,4,0.16,0.16,2021
0.19,1.48,0.04,0.9,0.7,0.7,34.0,34.0,179.0,12.0,0.1,27.0,5.0,0.1,5.0,1.8,0.27,0.0,4.0,20.0,1,1,2,0.11,0.11,2122
0.0,1.96,0.1,1.0,1.0,1.0,56.0,56.0,180.0,11.0,0.31,21.0,3.0,0.31,10.0,3.3,0.28,3.0,2.0,17.0,2,2,4,0.37,0.37,2223
0.12,2.05,0.1,1.9,2.4,2.4,76.0,76.0,339.0,18.0,0.31,48.0,4.0,0.31,15.0,7.3,0.17,4.0,3.0,37.0,0,0,5,0.21,0.21,2324
0.11,1.0,0.05,0.4,0.5,0.5,20.0,20.0,84.0,1.0,0.14,10.0,0.0,0.14,4.0,1.4,0.0,1.0,0.0,4.0,0,0,2,0.2,0.2,2324
0.15,3.85,0.06,0.3,0.2,0.2,44.0,44.0,111.0,5.0,0.32,13.0,0.0,0.32,6.0,1.1,0.0,9.0,0.0,9.0,0,0,0,0.0,0.0,2021
0.15,2.94,0.13,1.7,1.7,1.7,97.0,97.0,261.0,18.0,0.22,39.0,7.0,0.22,18.0,2.9,0.53,27.0,5.0,27.0,2,2,5,0.38,0.38,2324
0.07,4.71,0.19,0.3,1.2,1.2,35.0,35.0,106.0,11.0,0.29,30.0,2.0,0.29,3.0,1.8,0.31,8.0,1.0,21.0,1,1,2,0.31,0.31,1920
0.0,2.71,0.12,1.3,1.8,1.8,116.0,116.0,254.0,15.0,0.41,39.0,4.0,0.41,14.0,6.0,0.28,13.0,2.0,26.0,1,1,3,0.21,0.21,2021
0.0,2.77,0.09,0.4,0.7,0.7,74.0,74.0,192.0,11.0,0.5,22.0,3.0,0.5,5.0,4.0,0.38,11.0,1.0,17.0,0,0,4,0.5,0.5,2223
0.0,2.85,0.06,0.2,0.2,0.2,28.0,28.0,68.0,5.0,0.32,9.0,1.0,0.32,3.0,1.0,0.32,0.0,0.0,6.0,0,0,1,0.32,0.32,2324
0.0,1.16,0.05,0.7,1.0,1.0,8.0,8.0,76.0,10.0,0.07,25.0,2.0,0.07,4.0,1.6,0.09,0.0,2.0,25.0,2,2,2,0.09,0.09,1920
0.0,0.96,0.02,1.1,0.6,0.6,50.0,50.0,192.0,12.0,0.08,24.0,1.0,0.08,17.0,2.0,0.04,0.0,0.0,22.0,0,0,1,0.04,0.04,2021
0.41,3.57,0.14,0.5,1.0,1.0,41.0,41.0,154.0,11.0,0.31,25.0,6.0,0.31,6.0,2.2,0.86,10.0,1.0,10.0,2,2,3,0.43,0.43,1920
0.21,3.88,0.25,5.2,6.0,6.0,212.0,212.0,700.0,47.0,0.46,94.0,18.0,0.46,46.0,11.2,0.74,60.0,11.0,57.0,10,10,16,0.66,0.66,2021
0.12,4.25,0.24,6.9,7.0,7.0,263.0,263.0,811.0,54.0,0.38,122.0,10.0,0.43,43.0,10.8,0.35,69.0,5.0,62.0,6,6,12,0.42,0.35,2122
0.41,3.77,0.16,4.1,4.1,4.1,264.0,264.0,745.0,47.0,0.44,97.0,9.0,0.47,36.0,11.2,0.35,71.0,4.0,59.0,3,3,10,0.39,0.35,2223
0.0,2.46,0.11,2.1,3.1,3.1,155.0,155.0,431.0,26.0,0.24,67.0,9.0,0.24,20.0,6.6,0.33,6.0,4.0,54.0,2,2,4,0.15,0.15,1819
0.19,2.18,0.02,1.0,0.2,0.2,21.0,21.0,137.0,6.0,0.23,20.0,0.0,0.23,6.0,2.1,0.0,5.0,0.0,15.0,0,0,2,0.22,0.22,1920
0.17,2.09,0.16,2.7,3.4,3.4,107.0,107.0,337.0,25.0,0.34,45.0,6.0,0.34,14.0,7.3,0.28,11.0,5.0,33.0,4,4,6,0.28,0.28,2021
0.19,2.12,0.09,1.6,1.5,1.5,79.0,79.0,256.0,11.0,0.21,37.0,6.0,0.21,19.0,3.7,0.34,3.0,5.0,29.0,3,3,4,0.23,0.23,2122
0.06,2.17,0.11,2.0,2.2,2.2,88.0,88.0,254.0,20.0,0.38,45.0,8.0,0.38,13.0,7.9,0.39,3.0,7.0,36.0,4,4,10,0.48,0.48,2223
0.06,1.93,0.05,1.8,0.9,0.9,73.0,73.0,247.0,14.0,0.15,35.0,1.0,0.15,8.0,2.8,0.06,4.0,1.0,32.0,1,1,3,0.17,0.17,2324
0.0,1.08,0.03,0.1,0.1,0.1,10.0,10.0,47.0,3.0,0.07,6.0,0.0,0.07,1.0,0.4,0.0,0.0,0.0,4.0,0,0,0,0.0,0.0,2021
0.26,1.43,0.02,0.5,0.1,0.1,3.0,3.0,49.0,3.0,0.19,8.0,0.0,0.19,0.0,1.1,0.0,0.0,0.0,6.0,0,0,0,0.0,0.0,2122
0.0,1.45,0.02,0.3,0.1,0.1,16.0,16.0,73.0,4.0,0.04,11.0,3.0,0.04,2.0,0.3,0.4,1.0,3.0,11.0,2,2,2,0.26,0.26,2223
0.0,1.08,0.04,0.2,0.4,0.4,7.0,7.0,34.0,2.0,0.11,11.0,2.0,0.11,4.0,1.1,0.2,1.0,1.0,10.0,0,0,1,0.1,0.1,2324
0.0,4.08,0.22,3.1,3.7,3.7,136.0,136.0,384.0,26.0,0.44,69.0,7.0,0.44,19.0,7.4,0.41,16.0,5.0,40.0,3,3,6,0.36,0.36,1718
0.0,4.98,0.26,1.8,2.6,2.6,88.0,88.0,223.0,19.0,0.47,49.0,6.0,0.47,12.0,4.7,0.61,18.0,2.0,27.0,3,3,4,0.41,0.41,1819
0.05,3.41,0.03,0.4,0.1,0.1,16.0,16.0,77.0,3.0,0.06,13.0,1.0,0.06,6.0,0.2,0.26,6.0,0.0,7.0,0,0,0,0.0,0.0,2122
0.0,1.75,0.08,1.3,1.6,1.6,113.0,113.0,289.0,17.0,0.11,35.0,1.0,0.11,17.0,2.2,0.05,14.0,1.0,23.0,1,1,2,0.1,0.1,2223
0.1,2.68,0.05,0.8,0.8,0.8,90.0,90.0,232.0,11.0,0.57,37.0,5.0,0.62,4.0,7.8,0.36,7.0,2.0,20.0,0,0,3,0.22,0.14,1819
0.1,3.69,0.22,0.6,1.6,1.6,61.0,61.0,146.0,11.0,0.43,26.0,4.0,0.43,4.0,3.0,0.57,12.0,2.0,15.0,1,1,1,0.14,0.14,2122
0.0,3.14,0.16,0.9,1.5,1.5,64.0,64.0,207.0,13.0,0.33,30.0,2.0,0.33,14.0,3.2,0.21,14.0,1.0,24.0,1,1,2,0.21,0.21,2223
0.0,1.65,0.05,0.2,0.4,0.4,12.0,12.0,51.0,6.0,0.14,12.0,0.0,0.14,4.0,1.0,0.0,1.0,0.0,9.0,0,0,1,0.14,0.14,2324
0.0,0.55,0.02,0.4,0.5,0.5,2.0,2.0,48.0,6.0,0.05,12.0,0.0,0.05,3.0,1.1,0.0,0.0,0.0,10.0,0,0,1,0.05,0.05,2021
0.0,1.08,0.04,0.8,1.1,1.1,8.0,8.0,74.0,14.0,0.07,28.0,2.0,0.07,11.0,1.9,0.08,1.0,2.0,24.0,1,1,2,0.08,0.08,2223
0.0,0.78,0.01,0.4,0.1,0.1,2.0,2.0,31.0,3.0,0.03,10.0,2.0,0.03,3.0,0.4,0.16,1.0,2.0,8.0,0,0,0,0.0,0.0,2324
0.22,2.73,0.19,2.7,3.5,3.5,164.0,164.0,431.0,26.0,0.48,51.0,9.0,0.48,23.0,9.0,0.48,28.0,5.0,37.0,4,4,10,0.54,0.54,2122
0.0,3.2,0.21,4.5,5.7,5.7,256.0,256.0,627.0,44.0,0.5,87.0,9.0,0.5,24.0,13.7,0.33,38.0,7.0,61.0,6,6,10,0.37,0.37,2223
0.0,0.73,0.05,0.1,0.2,0.2,0.0,0.0,10.0,3.0,0.12,3.0,0.0,0.12,2.0,0.5,0.0,0.0,0.0,2.0,1,1,1,0.24,0.24,1718
0.0,0.67,0.05,0.4,1.4,1.4,4.0,4.0,73.0,7.0,0.19,17.0,3.0,0.19,0.0,4.8,0.12,0.0,2.0,10.0,1,1,3,0.12,0.12,1920
0.0,0.28,0.0,0.1,0.0,0.0,2.0,2.0,33.0,1.0,0.08,6.0,0.0,0.08,0.0,1.6,0.0,1.0,0.0,5.0,0,0,2,0.09,0.09,2021
0.0,1.32,0.02,0.5,0.3,0.3,12.0,12.0,67.0,5.0,0.14,18.0,3.0,0.14,3.0,1.9,0.22,2.0,3.0,15.0,1,1,3,0.22,0.22,2324
0.07,3.0,0.12,2.7,3.5,3.5,184.0,184.0,424.0,29.0,0.41,89.0,16.0,0.53,14.0,12.3,0.54,24.0,9.0,52.0,4,4,14,0.47,0.34,2021
0.11,2.02,0.14,1.0,2.5,2.5,104.0,104.0,268.0,13.0,0.46,36.0,6.0,0.46,8.0,8.2,0.34,11.0,4.0,29.0,3,3,10,0.56,0.56,2223
0.12,2.31,0.14,2.0,3.9,3.9,150.0,150.0,366.0,30.0,0.52,64.0,10.0,0.52,16.0,14.5,0.36,20.0,6.0,43.0,3,3,15,0.54,0.54,2324
0.0,0.78,0.02,0.6,0.7,0.7,8.0,8.0,113.0,9.0,0.05,23.0,1.0,0.05,2.0,1.6,0.03,1.0,0.0,20.0,1,1,1,0.03,0.03,2122
0.06,0.75,0.02,0.4,0.4,0.4,9.0,9.0,89.0,5.0,0.05,22.0,5.0,0.05,1.0,1.6,0.17,3.0,4.0,18.0,0,0,1,0.03,0.03,2223
0.0,0.98,0.04,1.0,0.7,0.7,8.0,8.0,88.0,6.0,0.1,17.0,3.0,0.1,7.0,1.8,0.17,0.0,2.0,15.0,1,1,2,0.11,0.11,2324
0.0,1.76,0.09,1.8,2.3,2.3,56.0,56.0,226.0,21.0,0.13,47.0,3.0,0.13,9.0,3.3,0.11,2.0,3.0,39.0,0,0,0,0.0,0.0,2223
0.0,3.14,0.09,0.9,1.0,1.0,119.0,119.0,280.0,10.0,0.22,35.0,3.0,0.22,12.0,2.4,0.27,27.0,1.0,17.0,1,1,2,0.18,0.18,1920
0.08,2.17,0.08,1.5,0.8,0.8,95.0,95.0,243.0,5.0,0.12,23.0,1.0,0.12,11.0,1.3,0.09,11.0,1.0,16.0,0,0,1,0.09,0.09,2021
0.0,2.45,0.11,1.5,1.3,1.3,106.0,106.0,290.0,12.0,0.18,31.0,3.0,0.18,16.0,2.2,0.24,12.0,2.0,22.0,1,1,3,0.24,0.24,2122
0.0,3.58,0.15,1.7,1.3,1.3,63.0,63.0,202.0,11.0,0.27,31.0,2.0,0.27,16.0,2.3,0.23,8.0,1.0,22.0,0,0,1,0.12,0.12,2223
0.51,3.68,0.27,3.3,3.5,3.5,68.0,68.0,257.0,21.0,0.42,47.0,10.0,0.76,22.0,5.3,0.78,18.0,5.0,24.0,3,3,9,0.7,0.31,2223
0.33,3.33,0.06,1.3,1.1,1.1,60.0,60.0,234.0,17.0,0.14,58.0,7.0,0.14,5.0,2.4,0.4,7.0,4.0,38.0,1,1,1,0.06,0.06,1718
0.11,3.5,0.14,3.8,4.5,4.5,123.0,123.0,690.0,52.0,0.23,110.0,10.0,0.23,40.0,7.2,0.32,12.0,10.0,92.0,6,6,9,0.29,0.29,1920
0.14,3.38,0.08,4.0,3.1,3.1,66.0,66.0,713.0,49.0,0.16,126.0,16.0,0.2,41.0,5.9,0.43,9.0,14.0,96.0,4,4,10,0.27,0.21,2021
0.08,3.45,0.15,3.8,4.2,4.2,69.0,69.0,470.0,37.0,0.24,101.0,15.0,0.29,28.0,7.0,0.51,5.0,14.0,80.0,4,4,10,0.34,0.27,2122
0.33,2.99,0.18,3.3,4.7,4.7,56.0,56.0,382.0,30.0,0.21,78.0,4.0,0.28,28.0,5.6,0.15,1.0,2.0,64.0,2,2,5,0.19,0.15,2223
0.21,2.72,0.14,2.2,2.6,2.6,46.0,46.0,299.0,18.0,0.21,49.0,16.0,0.21,25.0,3.9,0.89,7.0,14.0,40.0,6,6,8,0.44,0.44,2324
0.0,2.26,0.07,0.6,0.8,0.8,13.0,13.0,73.0,12.0,0.09,27.0,5.0,0.09,6.0,1.1,0.42,0.0,4.0,26.0,2,2,2,0.17,0.17,1819
0.17,1.93,0.04,0.4,0.4,0.4,12.0,12.0,87.0,7.0,0.07,20.0,0.0,0.07,7.0,0.7,0.0,0.0,0.0,18.0,0,0,0,0.0,0.0,1819
0.13,1.67,0.1,1.5,2.3,2.3,143.0,143.0,401.0,17.0,0.4,39.0,4.0,0.4,9.0,9.4,0.17,28.0,2.0,22.0,2,2,11,0.47,0.47,1819
0.0,1.95,0.04,0.5,0.6,0.6,86.0,86.0,241.0,8.0,0.36,30.0,6.0,0.36,7.0,5.6,0.39,13.0,3.0,16.0,2,2,6,0.39,0.39,1920
0.0,0.68,0.02,0.2,0.1,0.1,50.0,50.0,98.0,3.0,0.43,6.0,0.0,0.43,1.0,3.8,0.0,11.0,0.0,4.0,0,0,4,0.45,0.45,1920
0.07,1.4,0.1,1.3,2.6,2.6,114.0,114.0,304.0,14.0,0.71,36.0,8.0,0.71,1.0,18.2,0.31,22.0,1.0,19.0,0,0,18,0.7,0.7,2021
0.05,0.77,0.08,0.7,1.2,1.2,57.0,57.0,140.0,6.0,0.47,11.0,3.0,0.53,3.0,6.7,0.21,4.0,2.0,9.0,1,1,6,0.42,0.35,2122
0.07,1.73,0.06,0.5,1.1,1.1,71.0,71.0,211.0,10.0,0.5,32.0,5.0,0.5,1.0,9.2,0.27,14.0,3.0,21.0,1,1,9,0.49,0.49,2223
0.03,1.47,0.04,0.2,0.3,0.3,19.0,19.0,87.0,6.0,0.08,11.0,1.0,0.08,3.0,0.6,0.13,3.0,1.0,8.0,1,1,1,0.13,0.13,2223
0.06,2.14,0.08,2.0,2.4,2.4,65.0,65.0,344.0,34.0,0.14,62.0,2.0,0.14,30.0,4.0,0.07,4.0,2.0,51.0,1,1,1,0.03,0.03,2324
0.09,1.79,0.04,0.4,0.4,0.4,43.0,43.0,146.0,8.0,0.11,20.0,0.0,0.11,4.0,1.2,0.0,4.0,0.0,16.0,0,0,1,0.09,0.09,1920
0.06,2.18,0.11,2.3,2.6,2.6,47.0,47.0,263.0,20.0,0.15,53.0,8.0,0.15,23.0,3.7,0.33,5.0,7.0,43.0,4,4,4,0.16,0.16,2122
0.13,2.27,0.13,3.0,4.4,4.4,71.0,71.0,454.0,32.0,0.21,78.0,11.0,0.21,34.0,7.2,0.32,9.0,9.0,68.0,2,2,4,0.12,0.12,2223
0.22,3.34,0.11,4.7,3.4,3.4,86.0,86.0,458.0,40.0,0.28,100.0,10.0,0.28,43.0,8.4,0.33,8.0,6.0,79.0,4,4,8,0.27,0.27,2324
0.0,1.19,0.08,1.0,0.9,0.9,32.0,32.0,107.0,8.0,0.1,13.0,1.0,0.1,11.0,1.1,0.09,2.0,1.0,10.0,1,1,1,0.09,0.09,2122
0.0,1.52,0.03,0.5,0.5,0.5,13.0,13.0,110.0,11.0,0.09,29.0,1.0,0.09,6.0,1.7,0.05,1.0,1.0,27.0,0,0,0,0.0,0.0,2324
0.1,1.7,0.1,2.3,2.1,2.1,109.0,109.0,362.0,19.0,0.13,36.0,1.0,0.13,24.0,2.7,0.05,11.0,1.0,29.0,1,1,1,0.05,0.05,1819
0.06,2.37,0.13,1.6,1.3,1.3,53.0,53.0,166.0,12.0,0.15,24.0,2.0,0.15,12.0,1.5,0.2,5.0,1.0,19.0,1,1,1,0.1,0.1,1920
0.09,1.77,0.04,0.5,0.7,0.7,64.0,64.0,284.0,12.0,0.06,33.0,2.0,0.06,9.0,1.2,0.11,3.0,0.0,19.0,1,1,2,0.11,0.11,2223
0.0,2.29,0.14,1.0,1.8,1.8,61.0,61.0,191.0,12.0,0.65,29.0,7.0,0.65,8.0,8.2,0.55,6.0,5.0,19.0,3,3,10,0.79,0.79,2223
0.44,1.87,0.05,0.7,0.3,0.3,27.0,27.0,99.0,7.0,0.61,13.0,2.0,0.61,6.0,4.2,0.29,10.0,2.0,10.0,0,0,5,0.72,0.72,2324
0.0,1.89,0.08,1.7,1.7,1.7,49.0,49.0,230.0,15.0,0.1,39.0,4.0,0.1,17.0,2.0,0.19,4.0,4.0,33.0,1,1,1,0.05,0.05,1819
0.13,4.24,0.23,1.1,1.8,1.8,45.0,45.0,157.0,17.0,0.37,33.0,3.0,0.47,14.0,2.9,0.39,7.0,3.0,24.0,1,1,2,0.26,0.13,1819
0.0,1.87,0.1,0.7,0.8,0.8,28.0,28.0,111.0,6.0,0.26,14.0,2.0,0.26,2.0,1.9,0.27,3.0,2.0,8.0,1,1,1,0.13,0.13,1920
0.09,2.36,0.08,1.2,1.2,1.2,78.0,78.0,258.0,10.0,0.12,33.0,4.0,0.12,7.0,1.7,0.29,19.0,3.0,23.0,0,0,1,0.07,0.07,2122
0.12,2.01,0.08,1.8,1.8,1.8,101.0,101.0,405.0,16.0,0.15,47.0,3.0,0.15,12.0,3.6,0.13,11.0,3.0,30.0,2,2,2,0.09,0.09,2223
0.11,2.32,0.08,0.7,1.2,1.2,77.0,77.0,291.0,14.0,0.11,38.0,2.0,0.11,15.0,1.8,0.12,6.0,2.0,27.0,2,2,2,0.12,0.12,2324
0.06,1.89,0.11,2.0,2.1,2.1,145.0,145.0,371.0,16.0,0.13,36.0,7.0,0.13,21.0,2.5,0.37,11.0,5.0,28.0,4,4,6,0.31,0.31,1718
0.16,1.83,0.09,2.7,2.8,2.8,141.0,141.0,570.0,29.0,0.14,58.0,4.0,0.14,34.0,4.3,0.13,11.0,2.0,45.0,1,1,3,0.09,0.09,1920
0.18,2.25,0.11,2.1,2.0,2.0,105.0,105.0,406.0,17.0,0.15,42.0,4.0,0.15,32.0,2.9,0.21,13.0,3.0,35.0,3,3,4,0.21,0.21,2021
0.04,1.51,0.1,0.9,1.2,1.2,46.0,46.0,196.0,7.0,0.14,17.0,3.0,0.14,8.0,1.5,0.27,2.0,2.0,14.0,2,2,3,0.27,0.27,2122
0.05,2.21,0.05,1.7,1.4,1.4,95.0,95.0,506.0,21.0,0.1,59.0,2.0,0.1,31.0,2.7,0.07,3.0,1.0,47.0,1,1,2,0.07,0.07,2223
0.09,1.68,0.08,2.0,1.6,1.6,77.0,77.0,327.0,14.0,0.11,36.0,5.0,0.12,16.0,2.4,0.23,5.0,5.0,30.0,1,1,4,0.19,0.19,2324
0.44,2.83,0.16,2.7,4.2,4.2,254.0,254.0,520.0,33.0,0.59,77.0,11.0,0.6,22.0,15.9,0.4,17.0,5.0,53.0,3,3,18,0.66,0.66,1819
0.27,2.95,0.14,1.6,1.8,1.8,120.0,120.0,235.0,17.0,0.59,40.0,12.0,0.59,12.0,8.0,0.88,8.0,7.0,29.0,6,6,11,0.81,0.81,1920
0.0,2.72,0.12,1.4,1.8,1.8,118.0,118.0,270.0,14.0,0.42,41.0,6.0,0.42,10.0,6.4,0.4,14.0,4.0,26.0,4,4,9,0.6,0.6,2021
0.22,2.5,0.14,1.7,1.7,1.7,84.0,84.0,204.0,8.0,0.6,30.0,6.0,0.6,9.0,7.2,0.5,7.0,4.0,21.0,0,0,6,0.5,0.5,2122
0.15,2.84,0.39,1.6,1.8,1.8,40.0,40.0,80.0,8.0,0.68,13.0,2.0,0.68,2.0,3.1,0.44,3.0,1.0,7.0,1,1,3,0.66,0.66,2223
0.0,2.74,0.08,2.3,1.0,1.0,78.0,78.0,175.0,13.0,0.5,37.0,5.0,0.5,5.0,6.8,0.37,5.0,4.0,25.0,2,2,7,0.52,0.52,2324
0.18,5.06,0.33,3.0,4.0,4.0,85.0,85.0,408.0,36.0,0.68,61.0,5.0,0.68,16.0,8.2,0.41,4.0,4.0,41.0,4,4,11,0.91,0.91,2021
0.45,3.41,0.22,1.7,1.2,1.2,44.0,44.0,125.0,11.0,0.33,19.0,1.0,0.33,7.0,1.8,0.18,2.0,0.0,7.0,1,1,2,0.35,0.35,2122
0.1,2.6,0.14,2.3,2.2,2.2,116.0,116.0,270.0,16.0,0.37,39.0,3.0,0.37,16.0,5.6,0.2,7.0,2.0,31.0,2,2,5,0.33,0.33,1819
0.12,3.41,0.1,1.9,2.0,2.0,135.0,135.0,330.0,29.0,0.43,70.0,4.0,0.43,13.0,8.9,0.19,10.0,2.0,51.0,2,2,10,0.49,0.49,1920
0.0,1.66,0.08,1.8,2.2,2.2,35.0,35.0,197.0,15.0,0.13,45.0,3.0,0.13,7.0,3.5,0.11,3.0,3.0,35.0,2,2,3,0.11,0.11,2021
0.04,1.83,0.04,0.2,0.4,0.4,14.0,14.0,69.0,7.0,0.05,19.0,0.0,0.05,3.0,0.6,0.0,0.0,0.0,15.0,0,0,0,0.0,0.0,2122
0.0,1.59,0.08,1.3,1.4,1.4,91.0,91.0,297.0,13.0,0.1,27.0,3.0,0.1,18.0,1.7,0.18,4.0,2.0,23.0,0,0,0,0.0,0.0,2122
0.0,2.65,0.04,1.1,0.7,0.7,51.0,51.0,265.0,11.0,0.16,46.0,4.0,0.16,7.0,2.8,0.23,7.0,2.0,32.0,1,1,3,0.17,0.17,1718
0.0,1.07,0.01,0.4,0.2,0.2,16.0,16.0,177.0,4.0,0.04,15.0,1.0,0.04,7.0,0.6,0.07,8.0,1.0,13.0,0,0,1,0.07,0.07,1920
0.09,1.71,0.03,1.4,0.9,0.9,26.0,26.0,371.0,16.0,0.07,59.0,3.0,0.07,16.0,2.3,0.09,2.0,3.0,47.0,0,0,1,0.03,0.03,2021
0.0,1.32,0.03,0.7,0.8,0.8,16.0,16.0,249.0,8.0,0.07,31.0,4.0,0.07,13.0,1.7,0.17,7.0,3.0,24.0,2,2,3,0.13,0.13,2122
0.0,1.91,0.02,1.7,0.4,0.4,13.0,13.0,443.0,11.0,0.08,44.0,3.0,0.08,12.0,1.8,0.13,7.0,3.0,35.0,0,0,0,0.0,0.0,2324
0.09,2.39,0.02,1.1,0.2,0.2,75.0,75.0,161.0,5.0,0.26,20.0,2.0,0.36,9.0,2.2,0.24,8.0,0.0,10.0,0,0,3,0.36,0.24,2324
0.0,1.71,0.03,0.2,0.1,0.1,19.0,19.0,61.0,3.0,0.1,8.0,0.0,0.1,0.0,0.5,0.0,5.0,0.0,6.0,0,0,0,0.0,0.0,1819
0.07,2.09,0.06,0.4,0.7,0.7,12.0,12.0,93.0,9.0,0.12,25.0,2.0,0.12,3.0,1.4,0.17,0.0,2.0,18.0,0,0,0,0.0,0.0,1920
0.0,1.61,0.05,0.6,0.6,0.6,28.0,28.0,127.0,10.0,0.14,22.0,4.0,0.14,11.0,2.0,0.29,1.0,2.0,17.0,1,1,2,0.15,0.15,2021
0.1,2.0,0.07,2.6,2.0,2.0,119.0,119.0,474.0,22.0,0.1,53.0,7.0,0.1,19.0,2.6,0.26,11.0,7.0,47.0,2,2,5,0.19,0.19,2021
0.06,1.74,0.06,2.8,1.8,1.8,129.0,129.0,500.0,23.0,0.1,52.0,8.0,0.1,34.0,2.9,0.27,8.0,6.0,45.0,3,3,5,0.17,0.17,2122
0.0,2.4,0.09,1.4,1.6,1.6,76.0,76.0,276.0,16.0,0.12,40.0,5.0,0.12,24.0,1.9,0.3,6.0,4.0,33.0,1,1,1,0.06,0.06,2223
0.08,2.54,0.08,0.4,0.6,0.6,38.0,38.0,117.0,9.0,0.11,19.0,0.0,0.11,9.0,0.8,0.0,5.0,0.0,15.0,0,0,0,0.0,0.0,2324
0.12,3.9,0.27,2.9,4.0,4.0,114.0,114.0,395.0,26.0,0.81,59.0,5.0,0.96,24.0,12.3,0.33,10.0,4.0,47.0,5,5,15,0.99,0.86,1920
0.18,3.92,0.11,2.4,1.8,1.8,116.0,116.0,413.0,20.0,0.82,65.0,12.0,1.08,21.0,13.7,0.72,11.0,5.0,37.0,2,2,17,1.02,0.84,2021
0.0,4.17,0.18,1.9,2.1,2.1,99.0,99.0,316.0,23.0,0.75,47.0,4.0,0.82,17.0,8.5,0.36,5.0,2.0,36.0,2,2,10,0.89,0.89,2122
0.13,0.9,0.06,0.6,1.0,1.0,5.0,5.0,102.0,7.0,0.14,17.0,1.0,0.14,7.0,2.7,0.05,0.0,1.0,14.0,1,1,2,0.11,0.11,1819
0.0,0.94,0.05,0.6,0.8,0.8,2.0,2.0,32.0,6.0,0.11,15.0,4.0,0.11,2.0,1.8,0.25,0.0,3.0,13.0,2,2,3,0.19,0.19,1920
0.08,3.32,0.21,1.2,3.8,3.8,100.0,100.0,273.0,27.0,0.74,60.0,7.0,0.74,7.0,13.4,0.39,6.0,3.0,44.0,3,3,9,0.5,0.5,1819
0.0,2.52,0.1,1.2,1.3,1.3,69.0,69.0,225.0,14.0,0.45,32.0,3.0,0.45,2.0,5.8,0.24,4.0,2.0,23.0,1,1,2,0.16,0.16,1920
0.0,1.84,0.08,0.8,0.6,0.6,52.0,52.0,150.0,6.0,0.37,15.0,0.0,0.37,3.0,3.0,0.0,2.0,0.0,11.0,0,0,1,0.12,0.12,2021
0.1,4.36,0.23,3.4,3.7,3.7,166.0,166.0,454.0,35.0,0.28,72.0,8.0,0.28,22.0,4.7,0.48,15.0,4.0,45.0,3,3,5,0.3,0.3,1819
0.16,4.2,0.2,3.2,4.0,4.0,121.0,121.0,481.0,35.0,0.4,85.0,8.0,0.4,30.0,8.0,0.39,24.0,5.0,49.0,2,2,8,0.39,0.39,1920
0.04,3.2,0.23,5.4,5.4,5.4,202.0,202.0,633.0,43.0,0.41,77.0,10.0,0.44,25.0,9.9,0.41,16.0,6.0,47.0,6,6,9,0.37,0.37,2122
0.17,3.84,0.18,5.2,4.6,4.6,249.0,249.0,794.0,52.0,0.35,98.0,4.0,0.35,41.0,9.0,0.16,35.0,2.0,48.0,1,1,5,0.2,0.2,2223
0.27,3.4,0.21,4.0,3.7,3.7,143.0,143.0,480.0,33.0,0.46,60.0,8.0,0.5,17.0,8.1,0.45,23.0,3.0,26.0,3,3,10,0.57,0.51,2324
0.12,3.18,0.09,1.5,1.0,1.0,32.0,32.0,238.0,16.0,0.16,36.0,3.0,0.16,9.0,1.8,0.26,7.0,2.0,23.0,1,1,3,0.26,0.26,2122
0.0,1.97,0.06,1.7,1.3,1.3,44.0,44.0,290.0,21.0,0.12,45.0,3.0,0.19,15.0,2.7,0.13,2.0,3.0,29.0,2,2,5,0.22,0.18,2122
0.07,2.23,0.09,1.9,1.6,1.6,26.0,26.0,198.0,17.0,0.2,39.0,1.0,0.24,6.0,3.4,0.06,3.0,1.0,27.0,0,0,3,0.17,0.11,2223
0.1,2.42,0.1,2.1,2.6,2.6,178.0,178.0,567.0,25.0,0.21,61.0,5.0,0.21,27.0,5.3,0.2,35.0,3.0,43.0,4,4,4,0.16,0.16,1920
0.11,1.76,0.14,2.5,2.8,2.8,85.0,85.0,327.0,17.0,0.19,35.0,4.0,0.19,16.0,3.7,0.2,16.0,3.0,27.0,2,2,2,0.1,0.1,2021
0.2,2.1,0.07,2.0,1.9,1.9,175.0,175.0,523.0,21.0,0.21,56.0,9.0,0.21,24.0,5.7,0.34,25.0,5.0,40.0,3,3,8,0.3,0.3,2122
0.09,1.92,0.1,1.0,1.1,1.1,83.0,83.0,213.0,11.0,0.2,22.0,1.0,0.2,13.0,2.3,0.09,10.0,1.0,19.0,0,0,2,0.17,0.17,2324
0.16,2.73,0.14,6.8,4.7,4.7,293.0,293.0,741.0,43.0,0.3,91.0,7.0,0.3,51.0,9.9,0.21,58.0,5.0,73.0,4,4,11,0.33,0.33,2122
0.04,2.98,0.18,4.9,5.7,5.7,293.0,293.0,809.0,48.0,0.29,95.0,14.0,0.29,41.0,9.3,0.44,45.0,9.0,70.0,5,5,10,0.31,0.31,2223
0.18,2.87,0.11,2.9,3.0,3.0,252.0,252.0,567.0,39.0,0.33,79.0,5.0,0.33,34.0,9.2,0.18,22.0,4.0,58.0,1,1,7,0.25,0.25,2324
0.1,0.77,0.02,0.8,0.4,0.4,0.0,0.0,25.0,3.0,0.07,14.0,0.0,0.07,2.0,1.3,0.0,1.0,0.0,11.0,0,0,0,0.0,0.0,1920
0.08,2.77,0.02,0.4,0.2,0.2,82.0,82.0,175.0,7.0,0.61,29.0,1.0,0.61,0.0,6.4,0.1,10.0,1.0,23.0,0,0,5,0.48,0.48,1819
0.09,2.08,0.05,0.5,0.7,0.7,79.0,79.0,191.0,5.0,0.58,25.0,4.0,0.58,5.0,7.0,0.33,17.0,2.0,11.0,1,1,7,0.58,0.58,1819
0.4,2.62,0.21,3.2,4.9,4.9,139.0,139.0,376.0,25.0,0.79,61.0,5.0,0.89,14.0,18.5,0.21,14.0,3.0,42.0,2,2,14,0.6,0.51,1920
0.16,3.22,0.23,2.8,5.1,5.1,159.0,159.0,423.0,40.0,0.67,72.0,15.0,0.7,23.0,15.0,0.67,21.0,12.0,55.0,9,9,20,0.89,0.85,2021
0.09,3.17,0.26,3.1,6.6,6.6,154.0,154.0,459.0,44.0,0.57,81.0,13.0,0.6,23.0,14.6,0.51,24.0,9.0,60.0,4,4,13,0.51,0.47,2122
0.14,2.27,0.09,1.2,2.0,2.0,102.0,102.0,299.0,17.0,0.66,48.0,9.0,0.66,5.0,13.8,0.43,16.0,4.0,30.0,2,2,15,0.71,0.71,2223
0.0,1.89,0.08,1.6,1.7,1.7,88.0,88.0,287.0,15.0,0.69,40.0,10.0,0.73,7.0,14.6,0.47,17.0,5.0,25.0,3,3,18,0.85,0.85,2324
0.24,1.96,0.11,2.8,2.7,2.7,104.0,104.0,314.0,22.0,0.32,47.0,3.0,0.42,9.0,7.6,0.13,14.0,2.0,30.0,2,2,9,0.38,0.29,2122
0.0,2.49,0.28,1.6,2.4,2.4,22.0,22.0,91.0,10.0,0.5,21.0,4.0,0.5,4.0,4.2,0.47,0.0,2.0,13.0,2,2,3,0.36,0.36,2223
0.1,1.84,0.06,1.1,0.6,0.6,64.0,64.0,195.0,8.0,0.12,17.0,1.0,0.12,12.0,1.1,0.11,8.0,1.0,15.0,0,0,2,0.22,0.22,2021
0.0,2.81,0.18,3.1,3.4,3.4,136.0,136.0,386.0,26.0,0.24,54.0,4.0,0.24,16.0,4.7,0.21,17.0,3.0,45.0,2,2,3,0.16,0.16,2122
0.29,3.27,0.15,0.2,0.2,0.2,15.0,15.0,40.0,3.0,0.19,4.0,0.0,0.19,5.0,0.2,0.0,0.0,0.0,4.0,0,0,0,0.0,0.0,2021
0.26,3.99,0.22,3.5,4.6,4.6,151.0,151.0,493.0,37.0,0.32,85.0,11.0,0.32,22.0,6.8,0.52,26.0,9.0,62.0,2,2,5,0.23,0.23,1819
0.3,3.06,0.2,4.3,4.6,4.6,141.0,141.0,447.0,27.0,0.48,70.0,11.0,0.48,18.0,11.1,0.48,33.0,9.0,53.0,6,6,11,0.48,0.48,1920
0.24,3.24,0.21,4.8,5.7,5.7,186.0,186.0,585.0,38.0,0.51,86.0,15.0,0.51,32.0,13.4,0.56,33.0,10.0,65.0,8,8,17,0.64,0.64,2021
0.06,3.25,0.18,3.7,3.7,3.7,149.0,149.0,483.0,25.0,0.53,67.0,11.0,0.53,15.0,11.0,0.53,20.0,8.0,47.0,5,5,17,0.82,0.82,2122
0.12,3.78,0.22,3.6,3.5,3.5,142.0,142.0,379.0,23.0,0.66,61.0,11.0,0.66,19.0,10.7,0.68,24.0,5.0,45.0,1,1,10,0.62,0.62,2223
0.11,4.0,0.21,3.8,3.6,3.6,128.0,128.0,405.0,32.0,0.63,68.0,11.0,0.68,23.0,10.8,0.65,26.0,8.0,48.0,2,2,11,0.65,0.59,2324
0.63,3.99,0.3,9.5,7.8,7.8,277.0,277.0,937.0,55.0,0.64,103.0,26.0,0.64,58.0,16.5,1.01,35.0,15.0,69.0,11,11,23,0.89,0.89,1819
0.44,6.44,0.65,11.0,14.5,14.5,275.0,275.0,883.0,77.0,0.95,143.0,24.0,1.02,82.0,21.2,1.08,38.0,17.0,101.0,14,14,22,0.99,0.95,1920
0.38,6.41,0.55,10.4,11.2,11.2,219.0,219.0,846.0,69.0,0.77,132.0,18.0,0.77,76.0,15.9,0.87,24.0,13.0,82.0,9,9,13,0.63,0.63,2021
0.07,3.31,0.18,2.5,2.7,2.7,22.0,22.0,230.0,22.0,0.21,50.0,2.0,0.26,20.0,3.2,0.13,0.0,1.0,28.0,1,1,2,0.13,0.07,2021
0.19,2.28,0.19,2.9,3.8,3.8,140.0,140.0,339.0,20.0,0.59,46.0,7.0,0.59,21.0,12.0,0.35,20.0,4.0,27.0,3,3,11,0.54,0.54,1819
0.0,2.24,0.16,1.4,2.5,2.5,106.0,106.0,309.0,18.0,0.58,35.0,6.0,0.64,8.0,9.1,0.38,15.0,2.0,20.0,3,3,13,0.83,0.77,1920
0.12,2.03,0.04,0.8,0.6,0.6,94.0,94.0,260.0,6.0,0.31,31.0,2.0,0.41,3.0,4.7,0.13,10.0,1.0,19.0,0,0,5,0.33,0.26,2021
0.0,1.87,0.06,0.6,0.9,0.9,85.0,85.0,198.0,13.0,0.28,32.0,5.0,0.28,10.0,4.8,0.29,5.0,3.0,21.0,2,2,6,0.35,0.35,2122
0.0,0.54,0.02,0.3,0.5,0.5,2.0,2.0,67.0,7.0,0.06,11.0,0.0,0.06,5.0,1.2,0.0,0.0,0.0,7.0,0,0,1,0.05,0.05,2021
0.0,0.34,0.01,0.0,0.1,0.1,0.0,0.0,12.0,1.0,0.08,2.0,0.0,0.08,0.0,0.5,0.0,0.0,0.0,2.0,0,0,1,0.17,0.17,2223
0.06,0.71,0.0,0.2,0.0,0.0,5.0,5.0,48.0,0.0,0.08,9.0,2.0,0.08,1.0,1.1,0.16,1.0,2.0,9.0,0,0,1,0.08,0.08,2021
0.0,0.73,0.02,0.8,0.6,0.6,16.0,16.0,157.0,6.0,0.1,22.0,4.0,0.1,5.0,2.9,0.13,1.0,3.0,19.0,0,0,5,0.17,0.17,2223
0.1,0.36,0.0,0.0,0.0,0.0,2.0,2.0,20.0,0.0,0.02,2.0,1.0,0.02,0.0,0.1,0.18,0.0,1.0,2.0,0,0,0,0.0,0.0,2324
0.03,2.23,0.09,2.1,2.3,2.3,62.0,62.0,355.0,21.0,0.17,55.0,5.0,0.17,15.0,4.2,0.2,11.0,3.0,37.0,1,1,2,0.08,0.08,2223
0.03,2.23,0.04,2.3,1.4,1.4,50.0,50.0,385.0,18.0,0.15,71.0,6.0,0.15,40.0,4.9,0.19,7.0,6.0,61.0,1,1,7,0.22,0.22,2324
0.0,2.06,0.18,1.7,1.6,1.6,36.0,36.0,163.0,10.0,0.29,18.0,3.0,0.29,13.0,2.5,0.34,0.0,3.0,16.0,2,2,2,0.23,0.23,1819
0.0,0.49,0.05,0.2,0.8,0.8,2.0,2.0,20.0,3.0,0.11,8.0,1.0,0.11,0.0,1.9,0.06,0.0,0.0,7.0,1,1,2,0.12,0.12,2122
0.0,0.36,0.04,0.7,0.8,0.8,2.0,2.0,28.0,2.0,0.1,7.0,1.0,0.1,0.0,2.0,0.05,1.0,0.0,6.0,0,0,0,0.0,0.0,2223
0.06,1.38,0.07,0.8,1.6,1.6,115.0,115.0,294.0,18.0,0.3,32.0,2.0,0.3,15.0,7.0,0.09,15.0,1.0,20.0,1,1,6,0.26,0.26,2021
0.07,4.71,0.17,1.9,1.8,1.8,95.0,95.0,297.0,22.0,0.48,51.0,5.0,0.48,13.0,5.2,0.46,15.0,3.0,30.0,2,2,6,0.55,0.55,1819
0.0,3.86,0.08,1.4,1.1,1.1,84.0,84.0,350.0,18.0,0.3,52.0,10.0,0.3,19.0,4.0,0.74,12.0,5.0,30.0,1,1,3,0.22,0.22,1920
0.18,3.89,0.12,0.9,1.0,1.0,49.0,49.0,196.0,8.0,0.26,31.0,4.0,0.26,10.0,2.1,0.5,4.0,3.0,19.0,0,0,1,0.13,0.13,2021
0.0,3.91,0.15,1.8,1.7,1.7,90.0,90.0,303.0,21.0,0.42,44.0,4.0,0.42,14.0,4.8,0.36,13.0,4.0,38.0,2,2,7,0.62,0.62,2122
0.0,3.61,0.07,1.3,1.4,1.4,162.0,162.0,550.0,24.0,0.33,74.0,6.0,0.33,21.0,6.7,0.29,28.0,2.0,50.0,0,0,6,0.29,0.29,2223
0.04,0.76,0.01,0.5,0.1,0.1,4.0,4.0,83.0,3.0,0.03,10.0,0.0,0.03,8.0,0.5,0.0,0.0,0.0,7.0,0,0,1,0.08,0.08,2021
0.0,1.26,0.02,2.1,0.5,0.5,29.0,29.0,235.0,5.0,0.04,32.0,6.0,0.04,10.0,1.1,0.24,2.0,4.0,21.0,1,1,2,0.08,0.08,2122
0.06,2.12,0.06,1.0,1.2,1.2,72.0,72.0,302.0,10.0,0.18,46.0,4.0,0.18,8.0,3.8,0.18,10.0,3.0,33.0,0,0,3,0.14,0.14,2223
0.27,3.66,0.14,2.2,2.1,2.1,82.0,82.0,367.0,27.0,0.2,57.0,6.0,0.2,23.0,3.2,0.39,2.0,4.0,44.0,3,3,3,0.19,0.19,2021
0.04,2.23,0.12,1.7,1.4,1.4,52.0,52.0,221.0,12.0,0.18,25.0,6.0,0.18,11.0,2.0,0.54,5.0,5.0,21.0,3,3,5,0.45,0.45,2122
0.06,3.12,0.14,3.3,3.3,3.3,156.0,156.0,550.0,37.0,0.25,74.0,6.0,0.25,29.0,5.9,0.25,6.0,4.0,59.0,1,1,4,0.17,0.17,2223
0.0,0.74,0.0,0.0,0.0,0.0,0.0,0.0,8.0,0.0,0.12,4.0,1.0,0.12,0.0,0.6,0.19,0.0,1.0,3.0,0,0,0,0.0,0.0,1920
0.0,0.57,0.01,0.4,0.2,0.2,3.0,3.0,28.0,4.0,0.04,13.0,1.0,0.04,0.0,0.9,0.04,0.0,1.0,10.0,0,0,1,0.04,0.04,2021
0.0,3.15,0.18,3.0,4.0,4.0,104.0,104.0,367.0,34.0,0.2,70.0,7.0,0.2,40.0,4.4,0.32,3.0,5.0,58.0,5,5,5,0.23,0.23,1819
0.0,1.31,0.09,1.2,0.9,0.9,40.0,40.0,186.0,9.0,0.12,13.0,1.0,0.12,13.0,1.2,0.1,0.0,1.0,12.0,1,1,1,0.1,0.1,2122
0.2,3.18,0.12,6.2,3.9,3.9,134.0,134.0,701.0,48.0,0.2,106.0,11.0,0.2,55.0,6.5,0.33,9.0,10.0,83.0,2,2,4,0.12,0.12,2324
0.18,1.76,0.1,2.3,2.7,2.7,104.0,104.0,330.0,24.0,0.25,49.0,5.0,0.25,18.0,6.9,0.18,6.0,3.0,35.0,2,2,6,0.22,0.22,1920
0.04,1.79,0.07,1.8,2.1,2.1,109.0,109.0,411.0,25.0,0.25,50.0,5.0,0.25,16.0,6.9,0.18,6.0,3.0,34.0,5,5,10,0.36,0.36,2021
0.0,3.95,0.14,2.5,2.9,2.9,111.0,111.0,494.0,31.0,0.29,84.0,5.0,0.36,24.0,6.2,0.24,15.0,3.0,51.0,2,2,11,0.52,0.42,1920
0.1,3.88,0.19,1.3,1.1,1.1,48.0,48.0,168.0,11.0,0.28,22.0,2.0,0.28,9.0,1.6,0.35,7.0,2.0,13.0,0,0,0,0.0,0.0,2021
0.0,2.48,0.09,1.2,0.9,0.9,31.0,31.0,168.0,11.0,0.18,26.0,4.0,0.18,11.0,1.9,0.38,4.0,4.0,10.0,1,1,1,0.1,0.1,2122
0.0,3.45,0.16,0.7,0.8,0.8,39.0,39.0,109.0,5.0,0.3,16.0,2.0,0.3,4.0,1.4,0.43,4.0,1.0,11.0,0,0,0,0.0,0.0,2122
0.09,2.94,0.11,2.1,2.2,2.2,37.0,37.0,379.0,24.0,0.3,58.0,2.0,0.3,11.0,5.9,0.1,6.0,2.0,39.0,0,0,2,0.1,0.1,2223
0.27,4.56,0.2,1.4,2.1,2.1,48.0,48.0,259.0,21.0,0.34,49.0,4.0,0.34,11.0,3.6,0.37,4.0,3.0,37.0,1,1,3,0.28,0.28,2324
0.17,5.47,0.22,4.5,5.0,5.0,96.0,96.0,519.0,60.0,0.26,122.0,11.0,0.37,23.0,5.9,0.49,16.0,9.0,69.0,9,9,12,0.54,0.4,2122
0.0,4.32,0.14,2.9,3.3,3.3,110.0,110.0,550.0,43.0,0.21,103.0,10.0,0.28,23.0,5.1,0.42,13.0,9.0,78.0,4,4,7,0.29,0.25,2223
0.0,4.77,0.08,2.1,1.3,1.3,81.0,81.0,411.0,23.0,0.14,73.0,5.0,0.14,25.0,2.2,0.33,10.0,2.0,50.0,0,0,0,0.0,0.0,2324
0.0,1.69,0.03,1.2,0.9,0.9,17.0,17.0,200.0,19.0,0.05,48.0,2.0,0.05,5.0,1.4,0.07,1.0,2.0,41.0,0,0,0,0.0,0.0,2223
0.0,1.4,0.02,0.7,0.6,0.6,11.0,11.0,162.0,11.0,0.07,42.0,0.0,0.07,6.0,2.2,0.0,1.0,0.0,33.0,0,0,1,0.03,0.03,2324
0.17,2.23,0.12,4.2,3.3,3.3,200.0,200.0,538.0,26.0,0.17,60.0,4.0,0.17,34.0,4.6,0.15,5.0,3.0,48.0,2,2,3,0.11,0.11,1819
0.11,1.72,0.1,1.8,1.7,1.7,107.0,107.0,309.0,12.0,0.21,29.0,5.0,0.21,14.0,3.5,0.3,7.0,5.0,26.0,2,2,3,0.18,0.18,2021
0.19,2.09,0.12,1.7,2.1,2.1,91.0,91.0,360.0,18.0,0.13,39.0,5.0,0.13,19.0,2.4,0.27,0.0,5.0,33.0,2,2,3,0.16,0.16,2122
0.2,2.39,0.11,4.5,3.5,3.5,153.0,153.0,671.0,37.0,0.13,75.0,9.0,0.13,50.0,4.0,0.29,8.0,8.0,63.0,6,6,7,0.22,0.22,2223
0.23,1.83,0.12,3.4,3.1,3.1,125.0,125.0,529.0,21.0,0.15,46.0,7.0,0.15,37.0,3.7,0.28,6.0,7.0,40.0,5,5,6,0.24,0.24,2324
0.0,0.76,0.01,0.3,0.1,0.1,5.0,5.0,31.0,1.0,0.04,6.0,0.0,0.04,2.0,0.3,0.0,2.0,0.0,6.0,0,0,0,0.0,0.0,1920
0.04,4.3,0.18,5.2,4.3,4.3,91.0,91.0,736.0,43.0,0.35,102.0,13.0,0.35,46.0,8.4,0.55,5.0,12.0,75.0,3,3,9,0.38,0.38,1819
0.09,3.52,0.1,3.3,2.1,2.1,56.0,56.0,562.0,33.0,0.2,79.0,3.0,0.27,31.0,4.5,0.13,5.0,3.0,69.0,1,1,3,0.13,0.09,1920
0.19,3.91,0.15,3.3,3.5,3.5,92.0,92.0,665.0,40.0,0.48,88.0,9.0,0.55,31.0,10.9,0.4,10.0,3.0,67.0,2,2,15,0.67,0.62,2021
0.15,4.07,0.24,4.2,4.9,4.9,107.0,107.0,599.0,38.0,0.67,84.0,9.0,0.67,22.0,13.9,0.44,13.0,7.0,60.0,4,4,12,0.58,0.58,2122
0.27,3.44,0.12,4.4,3.3,3.3,124.0,124.0,596.0,37.0,0.38,90.0,17.0,0.41,35.0,10.0,0.65,7.0,13.0,71.0,4,4,12,0.46,0.46,2223
0.24,4.99,0.31,9.8,10.3,10.3,116.0,116.0,841.0,97.0,0.48,166.0,13.0,0.53,48.0,16.0,0.39,9.0,10.0,111.0,9,9,14,0.42,0.39,2324
0.0,0.94,0.1,2.1,2.3,2.3,53.0,53.0,279.0,14.0,0.11,22.0,4.0,0.11,15.0,2.6,0.17,1.0,4.0,21.0,3,3,4,0.17,0.17,1920
0.25,3.34,0.16,1.4,1.3,1.3,48.0,48.0,200.0,16.0,0.17,27.0,3.0,0.17,16.0,1.4,0.37,0.0,2.0,16.0,2,2,2,0.25,0.25,1819
0.11,1.21,0.03,1.7,0.7,0.7,26.0,26.0,194.0,13.0,0.03,31.0,1.0,0.03,14.0,0.8,0.04,1.0,1.0,29.0,0,0,1,0.04,0.04,1920
0.0,0.32,0.0,0.0,0.0,0.0,7.0,7.0,41.0,0.0,0.01,2.0,0.0,0.01,0.0,0.1,0.0,0.0,0.0,1.0,0,0,0,0.0,0.0,2122
