Expected_xG_next,Expected_xG,Expected_npxG,Standard_SoT,Standard_Gls,Performance_Gls,Touches_Att Pen,Expected_npxG+xAG,Performance_G-PK,Standard_Sh,Performance_G+A,Per 90 Minutes_xG,Per 90 Minutes_xG+xAG,Per 90 Minutes_npxG,Per 90 Minutes_npxG+xAG,Performance_Off,Per 90 Minutes_Gls,Per 90 Minutes_G+A,Standard_SoT/90,Standard_Sh/90,SCA Types_Sh,Carries_Mis,Per 90 Minutes_G+A-PK,Per 90 Minutes_G-PK,Progression_PrgR,season
0.4,4.0,4.0,8,2,2,35.0,4.2,2,23.0,3,0.45,0.48,0.45,0.48,8.0,0.23,0.34,0.91,2.62,1.0,27.0,0.34,0.23,58.0,2021
0.0,0.3,0.3,1,0,0,13.0,4.0,0,9.0,1,0.01,0.16,0.01,0.16,2.0,0.0,0.04,0.04,0.36,2.0,6.0,0.04,0.0,82.0,2223
0.4,0.9,0.9,13,5,5,25.0,2.6,5,21.0,6,0.03,0.08,0.03,0.08,4.0,0.16,0.19,0.41,0.67,0.0,48.0,0.19,0.16,156.0,2122
0.0,0.8,0.8,2,1,1,21.0,1.5,1,4.0,2,0.06,0.11,0.06,0.11,0.0,0.07,0.15,0.15,0.3,0.0,15.0,0.15,0.07,55.0,1819
4.8,5.0,3.5,9,2,2,37.0,3.7,1,24.0,2,0.58,0.6,0.41,0.43,6.0,0.23,0.23,1.04,2.78,3.0,24.0,0.12,0.12,51.0,1920
2.3,2.8,2.1,13,3,3,31.0,4.6,2,42.0,4,0.11,0.21,0.08,0.18,1.0,0.12,0.15,0.5,1.62,7.0,35.0,0.12,0.08,94.0,1819
2.5,3.4,3.4,13,4,4,72.0,5.4,4,33.0,10,0.23,0.37,0.23,0.37,4.0,0.27,0.68,0.88,2.23,3.0,35.0,0.68,0.27,133.0,1819
4.2,2.5,2.5,9,3,3,53.0,3.6,3,28.0,4,0.22,0.31,0.22,0.31,2.0,0.26,0.34,0.77,2.4,2.0,29.0,0.34,0.26,81.0,1920
0.0,4.2,4.2,11,2,2,62.0,7.5,2,24.0,6,0.35,0.62,0.35,0.62,3.0,0.17,0.5,0.91,1.98,2.0,30.0,0.5,0.17,96.0,2021
0.3,2.5,2.5,6,1,1,50.0,4.3,1,22.0,2,0.14,0.24,0.14,0.24,3.0,0.06,0.11,0.34,1.25,5.0,24.0,0.11,0.06,84.0,2223
0.9,0.7,0.7,1,0,0,41.0,3.7,0,7.0,4,0.02,0.11,0.02,0.11,1.0,0.0,0.12,0.03,0.21,1.0,34.0,0.12,0.0,175.0,1920
0.1,1.2,1.2,2,0,0,44.0,2.2,0,10.0,0,0.07,0.14,0.07,0.14,0.0,0.0,0.0,0.13,0.63,1.0,14.0,0.0,0.0,64.0,2223
1.2,0.1,0.1,1,0,0,24.0,1.6,0,3.0,2,0.01,0.08,0.01,0.08,0.0,0.0,0.1,0.05,0.15,0.0,20.0,0.1,0.0,54.0,2324
0.3,0.8,0.8,5,0,0,28.0,5.7,0,18.0,3,0.02,0.18,0.02,0.18,6.0,0.0,0.09,0.16,0.56,2.0,22.0,0.09,0.0,187.0,1819
0.2,0.3,0.3,3,0,0,11.0,3.2,0,9.0,0,0.02,0.16,0.02,0.16,2.0,0.0,0.0,0.15,0.45,0.0,15.0,0.0,0.0,90.0,1920
0.0,0.2,0.2,1,0,0,16.0,1.0,0,5.0,3,0.01,0.06,0.01,0.06,3.0,0.0,0.18,0.06,0.29,1.0,14.0,0.18,0.0,86.0,2021
2.2,1.0,1.0,5,1,1,19.0,5.9,1,18.0,2,0.04,0.23,0.04,0.23,0.0,0.04,0.08,0.2,0.71,3.0,33.0,0.08,0.04,87.0,2122
0.2,2.2,1.4,7,5,5,14.0,4.2,5,18.0,8,0.11,0.24,0.07,0.2,2.0,0.24,0.39,0.34,0.88,1.0,15.0,0.39,0.24,61.0,2223
0.2,2.7,2.7,16,4,4,66.0,4.6,4,40.0,6,0.16,0.27,0.16,0.27,2.0,0.24,0.36,0.96,2.39,4.0,64.0,0.36,0.24,136.0,2223
8.0,3.0,2.2,8,1,1,60.0,2.5,1,33.0,1,0.31,0.34,0.23,0.26,4.0,0.1,0.1,0.83,3.43,1.0,29.0,0.1,0.1,89.0,2324
1.4,3.1,2.3,13,4,4,16.0,2.6,3,41.0,5,0.26,0.29,0.2,0.22,0.0,0.34,0.43,1.12,3.52,3.0,28.0,0.34,0.26,16.0,1920
3.0,1.4,1.4,9,3,3,24.0,3.0,3,16.0,5,0.14,0.31,0.14,0.31,1.0,0.3,0.5,0.91,1.61,0.0,32.0,0.5,0.3,36.0,2122
1.2,1.6,1.6,4,1,1,16.0,2.2,1,10.0,2,0.06,0.08,0.06,0.08,1.0,0.04,0.08,0.15,0.38,3.0,27.0,0.08,0.04,62.0,1819
0.4,0.1,0.1,1,0,0,7.0,0.8,0,2.0,1,0.01,0.08,0.01,0.08,0.0,0.0,0.1,0.1,0.21,0.0,13.0,0.1,0.0,39.0,2122
3.1,1.5,1.5,4,2,2,15.0,1.8,2,14.0,2,0.2,0.25,0.2,0.25,1.0,0.28,0.28,0.56,1.95,0.0,12.0,0.28,0.28,32.0,2223
2.2,3.1,2.3,11,3,3,32.0,3.5,2,32.0,6,0.27,0.38,0.21,0.31,1.0,0.26,0.53,0.97,2.83,5.0,28.0,0.44,0.18,56.0,2324
0.1,2.4,1.6,6,3,3,32.0,2.8,3,14.0,4,0.23,0.36,0.15,0.28,0.0,0.29,0.39,0.59,1.37,1.0,27.0,0.39,0.29,96.0,2021
2.1,0.1,0.1,1,0,0,2.0,0.1,0,1.0,0,0.11,0.15,0.11,0.15,1.0,0.0,0.0,1.15,1.15,0.0,1.0,0.0,0.0,12.0,2223
5.2,6.2,6.2,16,5,5,78.0,10.8,5,52.0,11,0.18,0.32,0.18,0.32,2.0,0.15,0.32,0.47,1.53,5.0,59.0,0.32,0.15,83.0,1819
2.3,5.2,5.2,12,4,4,100.0,9.0,4,61.0,6,0.15,0.26,0.15,0.26,6.0,0.11,0.17,0.34,1.74,9.0,58.0,0.17,0.11,96.0,1920
2.4,2.2,2.2,11,2,2,44.0,4.2,2,34.0,6,0.08,0.15,0.08,0.15,1.0,0.07,0.21,0.39,1.21,3.0,43.0,0.21,0.07,54.0,2122
8.8,2.4,2.4,8,5,5,45.0,4.6,5,20.0,7,0.14,0.27,0.14,0.27,8.0,0.29,0.41,0.47,1.17,2.0,27.0,0.41,0.29,66.0,2223
3.1,2.2,2.2,14,3,3,17.0,4.0,3,55.0,4,0.07,0.13,0.07,0.13,1.0,0.1,0.13,0.46,1.8,7.0,45.0,0.13,0.1,55.0,1819
2.6,3.1,1.5,8,3,3,20.0,2.6,1,32.0,3,0.12,0.17,0.06,0.11,0.0,0.12,0.12,0.32,1.3,5.0,39.0,0.04,0.04,30.0,1920
0.1,2.6,1.8,4,2,2,19.0,3.2,1,26.0,4,0.14,0.22,0.1,0.17,0.0,0.11,0.21,0.21,1.39,2.0,28.0,0.16,0.05,23.0,2021
9.4,3.0,1.4,8,2,2,17.0,2.3,0,31.0,2,0.12,0.15,0.05,0.09,0.0,0.08,0.08,0.32,1.22,1.0,37.0,0.0,0.0,25.0,2324
0.0,0.2,0.2,2,0,0,3.0,0.2,0,5.0,0,0.02,0.03,0.02,0.03,0.0,0.0,0.0,0.22,0.56,0.0,6.0,0.0,0.0,1.0,2324
1.9,1.1,1.1,2,2,2,12.0,2.0,2,6.0,3,0.27,0.48,0.27,0.48,1.0,0.49,0.73,0.49,1.46,0.0,13.0,0.73,0.49,36.0,1920
1.2,1.9,1.1,2,1,1,19.0,1.2,0,9.0,1,0.32,0.32,0.19,0.2,2.0,0.16,0.16,0.33,1.47,3.0,19.0,0.0,0.0,43.0,2021
0.6,0.4,0.4,1,1,1,8.0,0.7,1,6.0,1,0.02,0.03,0.02,0.03,0.0,0.05,0.05,0.05,0.32,2.0,7.0,0.05,0.05,4.0,2324
0.7,1.5,1.5,6,3,3,28.0,2.2,3,18.0,3,0.21,0.31,0.21,0.31,2.0,0.42,0.42,0.84,2.53,2.0,17.0,0.42,0.42,33.0,2122
2.2,3.2,3.2,14,6,6,43.0,5.6,6,33.0,7,0.23,0.4,0.23,0.4,5.0,0.43,0.5,0.99,2.34,3.0,41.0,0.5,0.43,49.0,2324
1.2,0.5,0.5,2,0,0,4.0,0.9,0,4.0,0,0.16,0.25,0.16,0.25,0.0,0.0,0.0,0.57,1.14,0.0,13.0,0.0,0.0,30.0,2021
4.9,1.7,1.7,5,2,2,32.0,4.6,2,20.0,6,0.09,0.24,0.09,0.24,0.0,0.1,0.31,0.26,1.03,2.0,30.0,0.31,0.1,106.0,1819
4.7,4.9,4.9,20,5,5,104.0,10.2,5,38.0,15,0.16,0.34,0.16,0.34,2.0,0.17,0.5,0.66,1.26,5.0,59.0,0.5,0.17,323.0,1920
2.5,4.7,4.7,16,7,7,137.0,10.9,7,39.0,15,0.16,0.37,0.16,0.37,7.0,0.24,0.51,0.54,1.32,2.0,57.0,0.51,0.24,309.0,2021
3.8,2.5,2.5,10,4,4,80.0,6.6,4,20.0,10,0.09,0.24,0.09,0.24,6.0,0.15,0.36,0.36,0.73,2.0,32.0,0.36,0.15,294.0,2122
4.2,3.8,3.8,9,5,5,82.0,6.8,5,18.0,8,0.17,0.3,0.17,0.3,5.0,0.22,0.35,0.39,0.79,2.0,29.0,0.35,0.22,229.0,2223
2.9,4.2,4.2,12,4,4,67.0,9.4,4,42.0,9,0.2,0.44,0.2,0.44,3.0,0.19,0.42,0.56,1.96,5.0,33.0,0.42,0.19,230.0,2324
3.3,2.1,2.1,12,2,2,46.0,3.3,2,25.0,3,0.14,0.23,0.14,0.23,2.0,0.13,0.2,0.81,1.69,1.0,24.0,0.2,0.13,70.0,2223
5.6,3.1,3.1,6,2,2,29.0,4.0,2,18.0,5,0.6,0.78,0.6,0.78,1.0,0.39,0.98,1.18,3.53,3.0,10.0,0.98,0.39,33.0,2324
0.8,0.3,0.3,1,0,0,26.0,0.7,0,5.0,0,0.05,0.14,0.05,0.14,0.0,0.0,0.0,0.19,0.96,0.0,10.0,0.0,0.0,39.0,1819
1.6,0.8,0.8,1,1,1,13.0,1.3,1,5.0,2,0.18,0.31,0.18,0.31,1.0,0.24,0.47,0.24,1.18,0.0,13.0,0.47,0.24,17.0,1920
1.1,1.6,1.6,5,1,1,61.0,4.2,1,22.0,2,0.09,0.23,0.09,0.23,3.0,0.06,0.11,0.28,1.24,1.0,24.0,0.11,0.06,77.0,2021
0.9,1.1,1.1,4,0,0,35.0,2.0,0,19.0,1,0.06,0.11,0.06,0.11,0.0,0.0,0.06,0.23,1.1,2.0,24.0,0.06,0.0,47.0,2122
0.8,0.9,0.9,5,2,2,33.0,1.9,2,8.0,3,0.11,0.23,0.11,0.23,0.0,0.25,0.37,0.62,1.0,0.0,15.0,0.37,0.25,43.0,2223
0.2,0.8,0.8,2,0,0,44.0,2.5,0,11.0,1,0.09,0.27,0.09,0.27,2.0,0.0,0.11,0.21,1.16,0.0,14.0,0.11,0.0,55.0,2324
1.9,1.0,1.0,6,1,1,47.0,2.3,1,16.0,2,0.04,0.1,0.04,0.1,2.0,0.04,0.09,0.26,0.68,1.0,24.0,0.09,0.04,141.0,1819
2.2,1.9,1.9,6,2,2,25.0,2.4,2,11.0,3,0.18,0.23,0.18,0.23,0.0,0.19,0.29,0.57,1.05,3.0,3.0,0.29,0.19,64.0,1920
0.2,2.2,2.2,12,2,2,59.0,4.4,2,27.0,5,0.07,0.13,0.07,0.13,4.0,0.06,0.15,0.36,0.82,5.0,25.0,0.15,0.06,201.0,2021
0.7,0.2,0.2,3,1,1,15.0,0.7,1,8.0,1,0.01,0.02,0.01,0.02,0.0,0.03,0.03,0.1,0.26,0.0,19.0,0.03,0.03,73.0,2122
0.4,0.7,0.7,7,0,0,17.0,1.8,0,16.0,2,0.02,0.06,0.02,0.06,1.0,0.0,0.07,0.23,0.52,1.0,13.0,0.07,0.0,43.0,2223
0.3,0.9,0.9,3,1,1,19.0,1.5,1,15.0,1,0.05,0.07,0.05,0.07,2.0,0.05,0.05,0.15,0.74,1.0,16.0,0.05,0.05,32.0,1920
0.2,0.1,0.1,2,2,2,6.0,0.3,2,2.0,2,0.01,0.03,0.01,0.03,0.0,0.23,0.23,0.23,0.23,0.0,4.0,0.23,0.23,6.0,2223
0.1,0.2,0.2,1,0,0,8.0,0.4,0,5.0,0,0.02,0.04,0.02,0.04,0.0,0.0,0.0,0.09,0.44,0.0,4.0,0.0,0.0,6.0,2324
0.9,0.1,0.1,3,0,0,3.0,1.1,0,3.0,0,0.01,0.1,0.01,0.1,0.0,0.0,0.0,0.29,0.29,0.0,9.0,0.0,0.0,5.0,2324
2.0,1.4,1.4,8,3,3,30.0,3.3,3,21.0,3,0.24,0.56,0.24,0.56,0.0,0.5,0.5,1.34,3.51,3.0,18.0,0.5,0.5,77.0,1819
2.3,0.7,0.7,2,0,0,20.0,1.5,0,13.0,0,0.19,0.41,0.19,0.41,0.0,0.0,0.0,0.55,3.59,0.0,19.0,0.0,0.0,44.0,2122
0.0,2.3,2.3,9,1,1,37.0,5.1,1,26.0,2,0.2,0.43,0.2,0.43,2.0,0.08,0.17,0.76,2.2,3.0,25.0,0.17,0.08,125.0,2223
0.1,0.5,0.5,1,0,0,17.0,1.8,0,5.0,1,0.02,0.05,0.02,0.05,0.0,0.0,0.03,0.03,0.15,2.0,21.0,0.03,0.0,54.0,2223
1.8,0.9,0.9,2,2,2,13.0,0.9,2,8.0,2,0.06,0.06,0.06,0.06,0.0,0.13,0.13,0.13,0.5,1.0,8.0,0.13,0.13,7.0,2122
0.4,1.8,1.8,2,0,0,27.0,1.9,0,18.0,0,0.08,0.09,0.08,0.09,1.0,0.0,0.0,0.09,0.82,0.0,11.0,0.0,0.0,9.0,2223
0.6,2.2,2.2,4,2,2,34.0,2.9,2,12.0,5,0.24,0.3,0.24,0.3,10.0,0.21,0.53,0.42,1.27,0.0,24.0,0.53,0.21,82.0,1718
0.9,1.4,1.4,2,1,1,11.0,1.4,1,8.0,1,0.07,0.07,0.07,0.07,0.0,0.05,0.05,0.1,0.41,0.0,7.0,0.05,0.05,1.0,2021
0.3,0.9,0.9,2,0,0,17.0,0.9,0,8.0,0,0.03,0.04,0.03,0.04,1.0,0.0,0.0,0.08,0.32,1.0,13.0,0.0,0.0,10.0,2122
1.3,0.9,0.9,4,3,3,9.0,0.9,3,6.0,3,0.41,0.42,0.41,0.42,0.0,1.43,1.43,1.9,2.86,0.0,6.0,1.43,1.43,9.0,1718
3.8,0.3,0.3,1,0,0,6.0,0.6,0,6.0,1,0.12,0.22,0.12,0.22,0.0,0.0,0.37,0.37,2.25,1.0,8.0,0.37,0.0,13.0,1819
1.3,3.8,3.8,12,4,4,106.0,10.4,4,43.0,13,0.13,0.36,0.13,0.36,6.0,0.14,0.45,0.41,1.49,1.0,88.0,0.45,0.14,246.0,1920
0.0,1.3,1.3,4,1,1,6.0,4.0,1,17.0,5,0.12,0.35,0.12,0.35,0.0,0.09,0.45,0.36,1.52,0.0,17.0,0.45,0.09,37.0,1920
3.0,2.0,2.0,13,2,2,106.0,6.9,2,43.0,4,0.07,0.23,0.07,0.23,7.0,0.07,0.14,0.44,1.46,3.0,112.0,0.14,0.07,220.0,2021
0.7,3.0,3.0,5,1,1,51.0,4.4,1,23.0,1,0.25,0.37,0.25,0.37,9.0,0.08,0.08,0.42,1.94,2.0,46.0,0.08,0.08,85.0,2122
1.4,0.7,0.7,3,0,0,27.0,1.6,0,9.0,2,0.16,0.37,0.16,0.37,2.0,0.0,0.47,0.71,2.12,1.0,11.0,0.47,0.0,55.0,2122
1.5,1.4,1.4,7,2,2,56.0,5.1,2,19.0,3,0.08,0.31,0.08,0.31,7.0,0.12,0.18,0.42,1.14,2.0,59.0,0.18,0.12,157.0,2223
4.0,1.5,1.5,7,2,2,24.0,2.2,2,11.0,5,0.36,0.53,0.36,0.53,0.0,0.48,1.19,1.67,2.63,1.0,13.0,1.19,0.48,48.0,2324
1.3,1.4,1.4,3,0,0,29.0,2.8,0,12.0,2,0.2,0.41,0.2,0.41,2.0,0.0,0.29,0.44,1.75,2.0,18.0,0.29,0.0,52.0,1819
6.3,1.3,1.3,1,0,0,15.0,2.3,0,10.0,0,0.38,0.67,0.38,0.67,0.0,0.0,0.0,0.29,2.91,3.0,10.0,0.0,0.0,32.0,1920
4.5,6.3,5.5,22,4,4,132.0,10.7,4,68.0,8,0.21,0.37,0.18,0.35,12.0,0.13,0.26,0.72,2.23,9.0,107.0,0.26,0.13,236.0,2021
9.1,4.5,4.5,12,6,6,88.0,6.4,6,26.0,6,0.28,0.4,0.28,0.4,6.0,0.37,0.37,0.74,1.61,3.0,59.0,0.37,0.37,139.0,2122
9.1,9.1,6.7,23,13,13,111.0,13.3,10,49.0,19,0.47,0.82,0.35,0.69,11.0,0.68,0.99,1.2,2.55,5.0,47.0,0.83,0.52,185.0,2223
10.3,9.1,9.1,24,11,11,129.0,14.3,11,67.0,18,0.43,0.68,0.43,0.68,12.0,0.52,0.86,1.14,3.18,4.0,66.0,0.86,0.52,222.0,2324
1.2,3.4,3.4,12,2,2,48.0,9.2,2,26.0,7,0.17,0.48,0.17,0.48,0.0,0.1,0.36,0.62,1.35,2.0,61.0,0.36,0.1,92.0,2021
0.5,1.2,1.2,10,0,0,22.0,2.8,0,21.0,4,0.1,0.23,0.1,0.23,2.0,0.0,0.33,0.83,1.75,1.0,31.0,0.33,0.0,61.0,2122
0.7,0.8,0.8,3,3,3,11.0,0.8,3,5.0,3,0.06,0.06,0.06,0.06,0.0,0.23,0.23,0.23,0.38,0.0,9.0,0.23,0.23,0.0,2122
1.6,4.0,4.0,13,6,6,78.0,7.6,6,36.0,11,0.21,0.41,0.21,0.41,17.0,0.32,0.59,0.69,1.91,5.0,45.0,0.59,0.32,176.0,1819
0.6,1.6,1.6,9,2,2,34.0,3.7,2,23.0,4,0.12,0.28,0.12,0.28,9.0,0.15,0.3,0.68,1.72,2.0,22.0,0.3,0.15,94.0,1920
0.0,0.6,0.6,3,0,0,33.0,3.0,0,7.0,2,0.07,0.33,0.07,0.33,10.0,0.0,0.22,0.33,0.77,2.0,24.0,0.22,0.0,60.0,2021
1.9,2.4,2.4,6,1,1,57.0,5.4,1,32.0,4,0.17,0.39,0.17,0.39,5.0,0.07,0.29,0.43,2.3,4.0,52.0,0.29,0.07,173.0,1819
5.0,1.9,1.9,8,3,3,38.0,5.0,3,24.0,6,0.15,0.38,0.15,0.38,2.0,0.23,0.46,0.62,1.85,4.0,50.0,0.46,0.23,133.0,1920
4.1,5.0,2.6,9,4,4,38.0,6.6,1,29.0,9,0.44,0.79,0.23,0.58,2.0,0.36,0.8,0.8,2.57,1.0,36.0,0.53,0.09,116.0,2021
0.0,4.1,2.5,13,3,3,51.0,5.4,1,40.0,3,0.23,0.39,0.14,0.3,4.0,0.17,0.17,0.72,2.22,9.0,79.0,0.06,0.06,140.0,2122
2.8,3.2,2.4,14,2,2,24.0,5.8,1,38.0,6,0.21,0.43,0.16,0.38,1.0,0.13,0.39,0.92,2.49,2.0,45.0,0.33,0.07,95.0,1920
3.8,2.8,2.8,16,0,0,46.0,5.3,0,49.0,2,0.13,0.24,0.13,0.24,7.0,0.0,0.09,0.73,2.22,5.0,56.0,0.09,0.0,134.0,2122
0.1,3.8,3.1,19,4,4,42.0,6.4,3,47.0,7,0.23,0.44,0.19,0.39,10.0,0.24,0.43,1.16,2.87,2.0,49.0,0.37,0.18,115.0,2223
2.1,4.3,3.5,24,3,3,65.0,8.0,2,63.0,5,0.16,0.32,0.13,0.29,16.0,0.11,0.18,0.87,2.29,6.0,79.0,0.15,0.07,167.0,2324
0.2,1.7,1.7,7,1,1,15.0,2.0,1,12.0,1,0.29,0.35,0.29,0.35,2.0,0.17,0.17,1.22,2.08,1.0,12.0,0.17,0.17,26.0,2122
0.2,0.7,0.7,1,0,0,12.0,1.3,0,7.0,0,0.03,0.06,0.03,0.06,1.0,0.0,0.0,0.05,0.33,5.0,4.0,0.0,0.0,0.0,1819
7.9,7.7,7.6,14,7,7,46.0,8.1,7,26.0,8,0.56,0.6,0.55,0.59,13.0,0.51,0.58,1.02,1.89,2.0,27.0,0.58,0.51,78.0,1819
4.6,7.9,7.2,14,8,8,46.0,9.6,7,27.0,9,0.59,0.77,0.53,0.71,4.0,0.6,0.67,1.04,2.01,4.0,42.0,0.6,0.52,82.0,1920
6.5,4.6,4.6,10,4,4,37.0,5.6,4,21.0,4,0.71,0.85,0.71,0.85,1.0,0.61,0.61,1.53,3.21,2.0,17.0,0.61,0.61,60.0,2021
1.5,1.5,1.5,3,2,2,9.0,1.8,2,7.0,3,0.13,0.15,0.13,0.15,0.0,0.17,0.25,0.25,0.59,1.0,14.0,0.25,0.17,24.0,1819
2.7,1.5,1.5,6,1,1,37.0,2.7,1,20.0,2,0.07,0.13,0.07,0.13,0.0,0.05,0.09,0.28,0.94,3.0,33.0,0.09,0.05,80.0,1920
2.1,2.7,2.7,12,4,4,41.0,3.8,4,33.0,6,0.11,0.15,0.11,0.15,0.0,0.16,0.23,0.47,1.28,1.0,39.0,0.23,0.16,71.0,2021
6.2,2.1,2.1,7,0,0,54.0,3.9,0,26.0,2,0.08,0.15,0.08,0.15,4.0,0.0,0.08,0.28,1.02,3.0,38.0,0.08,0.0,82.0,2122
3.5,6.2,5.8,22,8,8,83.0,8.2,8,48.0,12,0.2,0.28,0.19,0.27,2.0,0.26,0.39,0.72,1.57,6.0,56.0,0.39,0.26,109.0,2223
7.3,3.5,3.4,16,5,5,79.0,7.4,5,38.0,8,0.12,0.26,0.11,0.25,6.0,0.17,0.27,0.54,1.29,4.0,52.0,0.27,0.17,106.0,2324
0.6,0.3,0.3,3,0,0,0.0,1.0,0,9.0,0,0.02,0.07,0.02,0.07,0.0,0.0,0.0,0.23,0.68,1.0,15.0,0.0,0.0,9.0,1819
0.5,0.6,0.6,3,0,0,4.0,2.7,0,14.0,2,0.05,0.2,0.05,0.2,0.0,0.0,0.15,0.22,1.03,0.0,12.0,0.15,0.0,21.0,1920
0.3,0.5,0.5,1,1,1,5.0,1.2,1,6.0,2,0.03,0.07,0.03,0.07,0.0,0.06,0.11,0.06,0.34,0.0,21.0,0.11,0.06,19.0,2021
0.8,1.0,1.0,4,0,0,21.0,2.4,0,19.0,3,0.03,0.07,0.03,0.07,0.0,0.0,0.09,0.12,0.58,1.0,43.0,0.09,0.0,60.0,1819
0.0,0.8,0.8,1,1,1,8.0,1.2,1,5.0,1,0.13,0.21,0.13,0.21,0.0,0.17,0.17,0.17,0.87,0.0,9.0,0.17,0.17,24.0,1920
1.2,1.2,1.2,3,1,1,17.0,1.7,1,18.0,1,0.05,0.07,0.05,0.07,2.0,0.04,0.04,0.12,0.7,1.0,39.0,0.04,0.04,58.0,2021
0.9,1.2,1.2,7,4,4,42.0,3.1,4,23.0,6,0.04,0.11,0.04,0.11,2.0,0.14,0.21,0.24,0.8,1.0,51.0,0.21,0.14,96.0,2122
0.7,0.9,0.9,2,0,0,21.0,1.8,0,12.0,0,0.03,0.05,0.03,0.05,1.0,0.0,0.0,0.06,0.36,1.0,39.0,0.0,0.0,58.0,2223
5.6,4.5,4.4,17,5,5,71.0,8.1,5,53.0,13,0.16,0.3,0.16,0.29,6.0,0.18,0.47,0.62,1.92,5.0,69.0,0.47,0.18,193.0,1819
6.2,5.6,5.6,18,8,8,90.0,8.5,8,50.0,9,0.24,0.37,0.24,0.37,8.0,0.35,0.39,0.78,2.17,1.0,73.0,0.39,0.35,149.0,1920
6.2,6.2,6.2,15,5,5,116.0,10.2,5,47.0,6,0.21,0.35,0.21,0.35,6.0,0.17,0.21,0.51,1.61,9.0,73.0,0.21,0.17,159.0,2021
3.0,6.2,6.2,19,8,8,117.0,9.5,8,48.0,12,0.23,0.36,0.23,0.36,4.0,0.3,0.45,0.72,1.81,5.0,62.0,0.45,0.3,167.0,2122
1.5,3.0,3.0,9,5,5,47.0,5.8,5,21.0,10,0.21,0.41,0.21,0.41,5.0,0.35,0.7,0.63,1.48,2.0,26.0,0.7,0.35,98.0,2223
3.8,1.5,1.5,5,0,0,50.0,3.4,0,17.0,2,0.14,0.33,0.14,0.33,4.0,0.0,0.19,0.48,1.63,2.0,21.0,0.19,0.0,73.0,2223
5.9,3.8,3.8,6,1,1,75.0,7.7,1,31.0,3,0.29,0.58,0.29,0.58,5.0,0.08,0.23,0.45,2.34,4.0,29.0,0.23,0.08,121.0,2324
0.6,1.8,1.8,5,3,3,37.0,3.8,3,19.0,5,0.1,0.21,0.1,0.21,0.0,0.16,0.27,0.27,1.04,2.0,35.0,0.27,0.16,118.0,2122
1.7,0.6,0.6,3,0,0,30.0,2.2,0,10.0,6,0.03,0.1,0.03,0.1,3.0,0.0,0.28,0.14,0.46,3.0,27.0,0.28,0.0,166.0,2223
2.4,1.7,1.7,7,1,1,47.0,3.5,1,20.0,3,0.07,0.15,0.07,0.15,4.0,0.04,0.13,0.29,0.84,2.0,34.0,0.13,0.04,181.0,2324
1.0,1.2,1.2,5,1,1,17.0,1.4,1,12.0,1,0.1,0.11,0.1,0.11,2.0,0.08,0.08,0.41,0.99,0.0,34.0,0.08,0.08,53.0,1920
0.9,0.7,0.7,4,1,1,22.0,3.9,1,16.0,5,0.04,0.2,0.04,0.2,2.0,0.05,0.26,0.21,0.82,2.0,35.0,0.26,0.05,109.0,2324
1.4,3.1,2.3,7,2,2,65.0,5.3,1,17.0,2,0.19,0.38,0.14,0.33,6.0,0.12,0.12,0.44,1.06,1.0,29.0,0.06,0.06,110.0,1920
0.1,1.9,1.9,5,3,3,16.0,2.2,3,16.0,5,0.25,0.3,0.25,0.3,4.0,0.4,0.66,0.66,2.12,5.0,20.0,0.66,0.4,33.0,1920
0.1,0.3,0.3,1,0,0,13.0,0.7,0,4.0,1,0.02,0.06,0.02,0.06,0.0,0.0,0.07,0.07,0.3,0.0,7.0,0.07,0.0,59.0,2021
0.3,0.2,0.2,2,0,0,9.0,1.1,0,6.0,1,0.01,0.06,0.01,0.06,0.0,0.0,0.05,0.1,0.31,3.0,25.0,0.05,0.0,87.0,2223
0.2,0.3,0.3,2,0,0,6.0,2.2,0,7.0,2,0.02,0.18,0.02,0.18,0.0,0.0,0.16,0.16,0.56,2.0,14.0,0.16,0.0,23.0,2324
3.5,3.6,2.8,7,3,3,55.0,5.5,2,22.0,9,0.16,0.28,0.12,0.25,2.0,0.13,0.4,0.31,0.98,3.0,42.0,0.36,0.09,144.0,2223
4.2,3.5,2.8,5,2,2,62.0,4.4,1,24.0,3,0.14,0.2,0.11,0.17,2.0,0.08,0.12,0.19,0.92,4.0,58.0,0.08,0.04,126.0,2324
1.1,0.1,0.1,1,0,0,3.0,0.2,0,4.0,0,0.02,0.04,0.02,0.04,0.0,0.0,0.0,0.21,0.83,0.0,13.0,0.0,0.0,11.0,2122
0.4,0.9,0.9,3,1,1,23.0,1.8,1,5.0,2,0.08,0.17,0.08,0.17,1.0,0.09,0.18,0.27,0.46,1.0,25.0,0.18,0.09,66.0,1819
0.1,0.4,0.4,1,0,0,15.0,2.0,0,4.0,2,0.03,0.13,0.03,0.13,0.0,0.0,0.13,0.06,0.26,0.0,17.0,0.13,0.0,34.0,1920
0.6,0.1,0.1,1,0,0,6.0,0.2,0,2.0,0,0.01,0.04,0.01,0.04,2.0,0.0,0.0,0.18,0.37,0.0,10.0,0.0,0.0,21.0,2021
0.1,0.6,0.6,3,0,0,25.0,1.2,0,10.0,0,0.04,0.09,0.04,0.09,0.0,0.0,0.0,0.22,0.73,0.0,32.0,0.0,0.0,52.0,2021
0.0,0.3,0.3,2,0,0,7.0,0.8,0,3.0,0,0.05,0.16,0.05,0.16,1.0,0.0,0.0,0.37,0.55,2.0,6.0,0.0,0.0,33.0,2122
3.0,0.0,0.0,1,0,0,7.0,0.7,0,1.0,0,0.0,0.05,0.0,0.05,0.0,0.0,0.0,0.06,0.06,0.0,26.0,0.0,0.0,35.0,2223
2.9,3.0,2.2,5,1,1,41.0,4.2,0,17.0,5,0.19,0.32,0.14,0.27,1.0,0.06,0.31,0.31,1.07,4.0,15.0,0.25,0.0,82.0,2324
2.3,1.2,1.2,3,1,1,24.0,1.4,1,14.0,1,0.04,0.05,0.04,0.05,0.0,0.03,0.03,0.1,0.47,0.0,9.0,0.03,0.03,1.0,2324
2.9,0.7,0.7,3,0,0,36.0,2.5,0,16.0,0,0.05,0.18,0.05,0.18,6.0,0.0,0.0,0.22,1.18,4.0,19.0,0.0,0.0,74.0,1920
1.0,2.9,2.9,14,2,2,64.0,5.0,2,33.0,4,0.16,0.28,0.16,0.28,5.0,0.11,0.23,0.79,1.86,3.0,50.0,0.23,0.11,148.0,2021
0.8,1.0,1.0,3,0,0,25.0,2.0,0,20.0,0,0.11,0.21,0.11,0.21,1.0,0.0,0.0,0.32,2.1,4.0,24.0,0.0,0.0,72.0,2122
0.8,0.8,0.8,6,0,0,24.0,3.0,0,15.0,0,0.05,0.18,0.05,0.18,3.0,0.0,0.0,0.37,0.93,4.0,24.0,0.0,0.0,70.0,2223
0.9,0.8,0.8,2,2,2,25.0,2.1,2,13.0,3,0.07,0.19,0.07,0.19,1.0,0.18,0.27,0.18,1.15,1.0,19.0,0.27,0.18,50.0,2324
0.3,1.2,1.2,8,2,2,13.0,1.9,2,29.0,2,0.12,0.18,0.12,0.18,0.0,0.19,0.19,0.75,2.71,4.0,20.0,0.19,0.19,42.0,2122
0.4,12.4,12.4,32,8,8,118.0,14.3,8,79.0,9,0.5,0.57,0.5,0.57,26.0,0.32,0.36,1.28,3.16,8.0,68.0,0.36,0.32,127.0,2324
0.0,1.3,1.3,6,0,0,40.0,2.8,0,10.0,2,0.13,0.27,0.13,0.27,4.0,0.0,0.19,0.58,0.96,2.0,24.0,0.19,0.0,64.0,2324
12.1,10.4,10.3,41,12,12,124.0,13.1,12,83.0,16,0.38,0.48,0.37,0.47,20.0,0.43,0.58,1.47,2.98,11.0,79.0,0.58,0.43,214.0,1819
5.7,12.1,11.3,34,10,10,120.0,19.1,10,76.0,20,0.51,0.84,0.47,0.8,16.0,0.42,0.84,1.43,3.19,9.0,62.0,0.84,0.42,186.0,1920
8.0,5.7,5.7,25,6,6,95.0,10.4,6,62.0,7,0.29,0.52,0.29,0.52,20.0,0.3,0.35,1.25,3.09,8.0,64.0,0.35,0.3,178.0,2021
5.0,8.0,5.7,23,10,10,86.0,13.0,7,59.0,16,0.36,0.7,0.26,0.59,13.0,0.43,0.7,1.0,2.57,8.0,40.0,0.57,0.3,141.0,2122
7.0,5.0,3.4,11,2,2,57.0,7.4,1,27.0,11,0.25,0.46,0.17,0.38,4.0,0.1,0.56,0.56,1.37,3.0,39.0,0.51,0.05,156.0,2223
7.4,7.0,6.2,18,7,7,90.0,10.2,6,57.0,11,0.33,0.52,0.29,0.48,6.0,0.33,0.52,0.85,2.68,4.0,34.0,0.47,0.28,157.0,2324
4.5,9.9,5.8,19,14,14,71.0,11.0,10,52.0,18,0.3,0.45,0.17,0.33,11.0,0.42,0.54,0.57,1.55,10.0,89.0,0.42,0.3,168.0,2324
0.6,0.2,0.2,1,0,0,2.0,0.2,0,2.0,0,0.03,0.03,0.03,0.03,0.0,0.0,0.0,0.17,0.34,0.0,3.0,0.0,0.0,2.0,2223
0.9,0.6,0.6,2,1,1,11.0,2.0,1,8.0,4,0.04,0.14,0.04,0.14,0.0,0.07,0.28,0.14,0.55,1.0,12.0,0.28,0.07,13.0,2324
1.5,0.4,0.4,3,1,1,13.0,0.6,1,7.0,1,0.16,0.21,0.16,0.21,2.0,0.37,0.37,1.11,2.58,0.0,4.0,0.37,0.37,25.0,1920
3.0,1.5,1.5,5,1,1,26.0,2.2,1,11.0,1,0.33,0.47,0.33,0.47,2.0,0.21,0.21,1.07,2.36,1.0,10.0,0.21,0.21,36.0,1920
1.2,3.0,3.0,6,1,1,43.0,3.7,1,16.0,1,0.74,0.89,0.74,0.89,1.0,0.24,0.24,1.46,3.9,4.0,15.0,0.24,0.24,50.0,2021
1.0,1.2,1.2,3,1,1,18.0,1.4,1,10.0,1,0.19,0.23,0.19,0.23,6.0,0.17,0.17,0.5,1.65,2.0,13.0,0.17,0.17,23.0,2324
0.3,0.9,0.9,1,0,0,6.0,1.0,0,5.0,0,0.18,0.2,0.18,0.2,0.0,0.0,0.0,0.19,0.97,0.0,8.0,0.0,0.0,10.0,1819
0.5,0.3,0.3,2,1,1,7.0,0.7,1,8.0,2,0.05,0.1,0.05,0.1,1.0,0.14,0.28,0.28,1.12,1.0,11.0,0.28,0.14,19.0,1920
1.1,0.5,0.5,3,0,0,16.0,0.8,0,10.0,0,0.04,0.06,0.04,0.06,1.0,0.0,0.0,0.23,0.76,1.0,24.0,0.0,0.0,30.0,2021
0.6,1.1,1.1,2,0,0,22.0,3.1,0,24.0,1,0.05,0.13,0.05,0.13,1.0,0.0,0.04,0.08,0.99,4.0,27.0,0.04,0.0,25.0,2122
1.1,0.6,0.6,3,0,0,13.0,0.9,0,10.0,0,0.04,0.07,0.04,0.07,0.0,0.0,0.0,0.23,0.75,1.0,18.0,0.0,0.0,10.0,2223
1.0,1.1,1.1,5,0,0,16.0,1.7,0,23.0,1,0.05,0.09,0.05,0.09,0.0,0.0,0.05,0.25,1.15,2.0,13.0,0.05,0.0,13.0,2324
0.0,1.8,1.2,2,1,1,15.0,2.0,0,6.0,2,0.6,0.88,0.39,0.67,2.0,0.33,0.65,0.65,1.96,1.0,11.0,0.33,0.0,13.0,2324
0.2,0.9,0.9,3,0,0,31.0,1.2,0,9.0,0,0.05,0.08,0.05,0.08,0.0,0.0,0.0,0.18,0.55,0.0,27.0,0.0,0.0,70.0,1920
0.9,3.1,3.1,10,3,3,35.0,5.0,3,22.0,5,0.23,0.37,0.23,0.37,6.0,0.22,0.37,0.74,1.62,3.0,32.0,0.37,0.22,87.0,2122
0.7,0.9,0.9,3,0,0,28.0,2.3,0,15.0,1,0.07,0.16,0.07,0.16,3.0,0.0,0.07,0.21,1.04,1.0,17.0,0.07,0.0,97.0,2223
0.4,0.7,0.7,5,2,2,27.0,2.4,2,17.0,4,0.04,0.14,0.04,0.14,5.0,0.12,0.24,0.3,1.03,3.0,17.0,0.24,0.12,79.0,2324
0.1,2.8,2.8,4,2,2,30.0,3.4,2,10.0,2,0.3,0.36,0.3,0.36,8.0,0.21,0.21,0.42,1.04,1.0,28.0,0.21,0.21,33.0,1819
0.0,0.9,0.9,3,0,0,17.0,1.4,0,17.0,1,0.1,0.16,0.1,0.16,0.0,0.0,0.12,0.35,1.97,1.0,29.0,0.12,0.0,72.0,2122
0.0,0.8,0.8,4,0,0,18.0,1.3,0,7.0,0,0.12,0.2,0.12,0.2,2.0,0.0,0.0,0.62,1.09,1.0,18.0,0.0,0.0,35.0,2122
1.5,0.9,0.9,1,0,0,14.0,1.9,0,15.0,0,0.03,0.07,0.03,0.07,1.0,0.0,0.0,0.03,0.51,3.0,27.0,0.0,0.0,25.0,1819
0.9,1.5,1.5,2,0,0,25.0,2.7,0,16.0,2,0.05,0.1,0.05,0.1,0.0,0.0,0.08,0.08,0.6,4.0,35.0,0.08,0.0,26.0,1920
0.9,0.9,0.9,3,2,2,22.0,1.8,2,14.0,3,0.04,0.07,0.04,0.07,0.0,0.08,0.12,0.12,0.55,2.0,22.0,0.12,0.08,18.0,2021
2.9,0.9,0.9,2,1,1,24.0,1.2,1,14.0,1,0.05,0.06,0.05,0.06,0.0,0.05,0.05,0.11,0.77,3.0,13.0,0.05,0.05,20.0,2122
0.1,1.5,1.5,5,2,2,9.0,3.6,2,19.0,3,0.08,0.2,0.08,0.2,1.0,0.11,0.16,0.27,1.03,1.0,18.0,0.16,0.11,65.0,1819
1.8,0.1,0.1,1,0,0,4.0,1.0,0,3.0,1,0.02,0.21,0.02,0.21,0.0,0.0,0.21,0.21,0.62,0.0,3.0,0.21,0.0,8.0,2021
1.8,1.8,1.8,14,1,1,23.0,8.0,1,32.0,6,0.07,0.31,0.07,0.31,1.0,0.04,0.23,0.54,1.23,3.0,19.0,0.23,0.04,76.0,2223
1.0,1.8,1.8,12,3,3,18.0,7.3,3,39.0,9,0.05,0.21,0.05,0.21,1.0,0.08,0.25,0.34,1.1,1.0,26.0,0.25,0.08,52.0,2324
2.8,0.4,0.4,5,0,0,18.0,1.4,0,8.0,0,0.08,0.24,0.08,0.24,1.0,0.0,0.0,0.85,1.36,1.0,13.0,0.0,0.0,56.0,1819
0.0,2.8,2.8,10,2,2,36.0,7.5,2,23.0,6,0.12,0.31,0.12,0.31,3.0,0.08,0.25,0.42,0.96,2.0,54.0,0.25,0.08,119.0,1920
0.1,0.7,0.7,3,2,2,18.0,3.0,2,6.0,2,0.03,0.14,0.03,0.14,1.0,0.09,0.09,0.14,0.28,0.0,25.0,0.09,0.09,120.0,2122
0.1,1.9,1.9,4,1,1,78.0,6.8,1,19.0,7,0.07,0.25,0.07,0.25,5.0,0.04,0.25,0.15,0.69,2.0,41.0,0.25,0.04,234.0,2223
0.5,0.1,0.1,1,0,0,40.0,1.4,0,5.0,1,0.01,0.09,0.01,0.09,4.0,0.0,0.07,0.07,0.33,0.0,32.0,0.07,0.0,141.0,2324
8.4,3.0,3.0,9,3,3,59.0,4.1,3,24.0,5,0.48,0.64,0.48,0.64,3.0,0.47,0.79,1.42,3.8,1.0,27.0,0.79,0.47,85.0,2223
7.3,8.4,8.3,27,7,7,248.0,13.4,7,100.0,11,0.29,0.47,0.29,0.47,15.0,0.25,0.39,0.95,3.51,13.0,69.0,0.39,0.25,281.0,2324
0.5,0.4,0.4,1,0,0,15.0,1.5,0,11.0,0,0.02,0.06,0.02,0.06,2.0,0.0,0.0,0.04,0.45,1.0,26.0,0.0,0.0,80.0,2021
0.4,0.5,0.5,2,0,0,30.0,4.2,0,10.0,3,0.03,0.2,0.03,0.2,1.0,0.0,0.14,0.1,0.48,2.0,27.0,0.14,0.0,90.0,2223
6.7,5.0,2.6,13,8,8,40.0,9.2,5,40.0,10,0.15,0.36,0.08,0.28,1.0,0.25,0.31,0.4,1.24,5.0,28.0,0.22,0.15,177.0,1819
0.1,6.7,3.5,17,7,7,67.0,8.7,5,68.0,10,0.22,0.39,0.12,0.29,3.0,0.23,0.33,0.56,2.24,12.0,22.0,0.26,0.16,193.0,1920
0.0,0.1,0.1,2,0,0,1.0,1.3,0,6.0,1,0.03,0.29,0.03,0.29,0.0,0.0,0.23,0.46,1.38,1.0,3.0,0.23,0.0,9.0,2021
14.9,6.2,4.6,19,3,3,102.0,7.3,2,57.0,6,0.4,0.57,0.29,0.47,3.0,0.19,0.39,1.22,3.66,1.0,60.0,0.32,0.13,88.0,2021
0.2,14.9,8.6,27,14,14,144.0,10.9,10,85.0,15,0.67,0.77,0.39,0.49,14.0,0.63,0.67,1.21,3.81,13.0,65.0,0.49,0.45,97.0,2223
2.9,3.4,3.4,14,3,3,48.0,9.0,3,38.0,7,0.15,0.39,0.15,0.39,1.0,0.13,0.31,0.61,1.66,3.0,46.0,0.31,0.13,115.0,1920
2.7,2.9,2.9,12,5,5,50.0,8.3,5,27.0,14,0.25,0.7,0.25,0.7,3.0,0.42,1.18,1.01,2.27,2.0,29.0,1.18,0.42,93.0,2021
5.3,2.7,2.7,7,3,3,38.0,5.7,3,23.0,7,0.16,0.34,0.16,0.34,2.0,0.18,0.42,0.42,1.38,2.0,26.0,0.42,0.18,126.0,2122
3.4,5.3,5.3,25,8,8,85.0,11.1,8,49.0,15,0.19,0.4,0.19,0.4,6.0,0.29,0.55,0.91,1.79,3.0,48.0,0.55,0.29,210.0,2223
2.9,1.4,1.4,4,2,2,40.0,4.1,2,14.0,7,0.16,0.48,0.16,0.48,3.0,0.23,0.82,0.47,1.63,2.0,25.0,0.82,0.23,65.0,2122
5.4,2.9,2.9,15,4,4,42.0,7.1,4,40.0,9,0.12,0.3,0.12,0.3,1.0,0.17,0.39,0.65,1.72,3.0,47.0,0.39,0.17,105.0,2223
1.3,0.6,0.6,2,1,1,6.0,0.9,1,3.0,1,0.03,0.05,0.03,0.05,0.0,0.05,0.05,0.11,0.16,0.0,3.0,0.05,0.05,1.0,1819
1.0,1.3,1.3,4,2,2,15.0,2.0,2,8.0,2,0.06,0.09,0.06,0.09,0.0,0.09,0.09,0.19,0.37,3.0,13.0,0.09,0.09,24.0,1920
1.0,0.3,0.3,2,1,1,18.0,2.3,1,9.0,3,0.01,0.09,0.01,0.09,0.0,0.04,0.12,0.08,0.35,2.0,21.0,0.12,0.04,34.0,2122
1.2,1.0,1.0,3,0,0,30.0,3.7,0,12.0,2,0.04,0.15,0.04,0.15,1.0,0.0,0.08,0.13,0.5,2.0,13.0,0.08,0.0,44.0,2223
2.2,0.9,0.9,1,0,0,11.0,1.6,0,6.0,1,0.07,0.12,0.07,0.12,1.0,0.0,0.08,0.08,0.46,2.0,10.0,0.08,0.0,3.0,2122
1.6,2.2,2.2,1,1,1,33.0,3.6,1,20.0,3,0.07,0.12,0.07,0.12,0.0,0.03,0.1,0.03,0.66,2.0,33.0,0.1,0.03,19.0,2223
0.2,0.8,0.8,2,0,0,6.0,0.8,0,8.0,0,0.16,0.17,0.16,0.17,0.0,0.0,0.0,0.4,1.6,2.0,7.0,0.0,0.0,19.0,1819
0.0,0.2,0.2,1,0,0,3.0,0.5,0,7.0,1,0.04,0.09,0.04,0.09,0.0,0.0,0.17,0.17,1.16,0.0,7.0,0.17,0.0,20.0,1819
0.2,0.4,0.4,2,1,1,11.0,0.7,1,9.0,2,0.05,0.09,0.05,0.09,0.0,0.13,0.25,0.25,1.13,1.0,8.0,0.25,0.13,12.0,1920
0.2,0.2,0.2,1,0,0,3.0,1.0,0,6.0,0,0.03,0.15,0.03,0.15,0.0,0.0,0.0,0.15,0.88,3.0,7.0,0.0,0.0,9.0,2021
2.5,0.2,0.2,1,0,0,7.0,0.6,0,5.0,0,0.06,0.14,0.06,0.14,0.0,0.0,0.0,0.25,1.25,0.0,6.0,0.0,0.0,16.0,2021
2.5,2.5,2.5,12,4,4,24.0,3.9,4,26.0,5,0.11,0.17,0.11,0.17,1.0,0.17,0.21,0.51,1.1,4.0,30.0,0.21,0.17,51.0,2122
1.7,2.5,2.5,6,1,1,24.0,3.4,1,25.0,1,0.14,0.19,0.14,0.19,0.0,0.06,0.06,0.34,1.4,3.0,10.0,0.06,0.06,21.0,2324
0.6,2.2,2.2,9,3,3,38.0,6.6,3,35.0,5,0.09,0.27,0.09,0.27,2.0,0.12,0.21,0.37,1.44,5.0,16.0,0.21,0.12,101.0,1819
2.2,0.5,0.5,2,0,0,23.0,2.3,0,14.0,1,0.04,0.21,0.04,0.21,2.0,0.0,0.09,0.18,1.26,1.0,4.0,0.09,0.0,52.0,1920
0.7,2.2,2.2,8,2,2,51.0,4.6,2,21.0,3,0.13,0.27,0.13,0.27,2.0,0.12,0.18,0.47,1.23,2.0,9.0,0.18,0.12,148.0,2021
0.8,0.7,0.7,6,2,2,20.0,1.6,2,22.0,2,0.06,0.13,0.06,0.13,3.0,0.16,0.16,0.47,1.72,1.0,11.0,0.16,0.16,51.0,2122
1.7,0.8,0.8,1,0,0,10.0,1.2,0,5.0,0,0.34,0.54,0.34,0.54,0.0,0.0,0.0,0.44,2.22,1.0,3.0,0.0,0.0,19.0,2223
0.0,1.7,1.7,10,1,1,19.0,5.1,1,32.0,5,0.09,0.26,0.09,0.26,2.0,0.05,0.26,0.52,1.66,7.0,17.0,0.26,0.05,50.0,2324
0.4,3.2,3.2,9,2,2,29.0,3.6,2,15.0,2,0.49,0.54,0.49,0.54,10.0,0.3,0.3,1.34,2.24,3.0,25.0,0.3,0.3,49.0,1819
2.4,0.8,0.8,3,0,0,14.0,2.5,0,13.0,3,0.06,0.21,0.06,0.21,1.0,0.0,0.25,0.25,1.09,0.0,18.0,0.25,0.0,18.0,1819
1.1,1.2,1.2,3,1,1,18.0,2.6,1,18.0,1,0.11,0.23,0.11,0.23,0.0,0.09,0.09,0.27,1.61,2.0,27.0,0.09,0.09,49.0,1819
0.5,1.1,1.1,4,0,0,33.0,2.3,0,15.0,1,0.07,0.14,0.07,0.14,1.0,0.0,0.06,0.25,0.94,0.0,46.0,0.06,0.0,85.0,1920
2.0,0.5,0.5,1,0,0,16.0,0.7,0,10.0,0,0.04,0.07,0.04,0.07,4.0,0.0,0.0,0.1,0.96,1.0,23.0,0.0,0.0,63.0,2021
0.1,1.3,1.3,2,2,2,5.0,1.4,2,5.0,2,0.17,0.17,0.17,0.17,0.0,0.25,0.25,0.25,0.63,2.0,2.0,0.25,0.25,2.0,2425
0.0,2.6,2.6,7,2,2,22.0,3.8,2,15.0,5,0.15,0.22,0.15,0.22,0.0,0.12,0.29,0.41,0.88,1.0,15.0,0.29,0.12,60.0,2223
0.4,0.2,0.2,1,0,0,19.0,1.9,0,3.0,2,0.02,0.19,0.02,0.19,1.0,0.0,0.2,0.1,0.29,1.0,8.0,0.2,0.0,45.0,2324
1.4,0.6,0.6,5,1,1,21.0,0.7,1,12.0,1,0.04,0.04,0.04,0.04,3.0,0.06,0.06,0.32,0.77,1.0,3.0,0.06,0.06,3.0,2122
0.6,1.4,1.4,5,2,2,17.0,1.6,2,13.0,2,0.04,0.05,0.04,0.05,1.0,0.06,0.06,0.15,0.4,0.0,10.0,0.06,0.06,3.0,2223
2.4,0.6,0.6,5,0,0,18.0,1.1,0,11.0,0,0.02,0.04,0.02,0.04,1.0,0.0,0.0,0.19,0.41,1.0,9.0,0.0,0.0,2.0,2324
0.2,0.4,0.4,2,0,0,18.0,1.2,0,6.0,1,0.05,0.16,0.05,0.16,0.0,0.0,0.13,0.26,0.79,4.0,15.0,0.13,0.0,46.0,2324
0.0,0.2,0.2,1,0,0,8.0,0.9,0,3.0,0,0.15,0.52,0.15,0.52,0.0,0.0,0.0,0.6,1.8,0.0,5.0,0.0,0.0,18.0,2324
3.9,0.1,0.1,1,0,0,2.0,0.2,0,2.0,0,0.06,0.11,0.06,0.11,0.0,0.0,0.0,0.66,1.31,0.0,0.0,0.0,0.0,12.0,2021
7.9,3.9,3.9,22,6,6,66.0,9.1,6,62.0,8,0.18,0.42,0.18,0.42,3.0,0.28,0.37,1.02,2.87,8.0,41.0,0.37,0.28,110.0,2223
7.1,7.9,7.1,25,2,2,102.0,16.3,2,72.0,16,0.27,0.6,0.25,0.57,8.0,0.07,0.56,0.87,2.51,9.0,66.0,0.56,0.07,181.0,2324
0.0,0.9,0.9,1,0,0,6.0,1.4,0,4.0,0,0.08,0.13,0.08,0.13,0.0,0.0,0.0,0.09,0.36,1.0,10.0,0.0,0.0,1.0,1920
0.0,0.6,0.6,1,1,1,4.0,0.6,1,4.0,1,0.03,0.03,0.03,0.03,0.0,0.05,0.05,0.05,0.22,1.0,10.0,0.05,0.05,5.0,2122
2.5,3.5,3.5,14,3,3,111.0,10.5,3,35.0,9,0.16,0.48,0.16,0.48,2.0,0.14,0.41,0.64,1.6,3.0,69.0,0.41,0.14,234.0,1819
0.9,2.5,2.5,10,1,1,47.0,4.4,1,23.0,1,0.14,0.25,0.14,0.25,0.0,0.06,0.06,0.56,1.3,3.0,35.0,0.06,0.06,84.0,1920
2.3,0.9,0.9,3,1,1,42.0,2.8,1,15.0,3,0.05,0.16,0.05,0.16,0.0,0.06,0.18,0.18,0.88,3.0,41.0,0.18,0.06,99.0,2021
2.5,2.3,2.3,6,2,2,61.0,4.9,2,24.0,4,0.1,0.22,0.1,0.22,3.0,0.09,0.18,0.27,1.06,2.0,44.0,0.18,0.09,104.0,2122
4.7,5.3,5.3,18,5,5,81.0,10.0,5,51.0,7,0.22,0.41,0.22,0.41,5.0,0.21,0.29,0.74,2.09,9.0,50.0,0.29,0.21,175.0,2324
1.7,1.5,1.5,2,0,0,47.0,2.2,0,32.0,0,0.06,0.08,0.06,0.08,3.0,0.0,0.0,0.08,1.22,2.0,30.0,0.0,0.0,70.0,2223
1.5,1.7,1.7,5,0,0,17.0,2.0,0,18.0,0,0.11,0.13,0.11,0.13,2.0,0.0,0.0,0.33,1.18,1.0,15.0,0.0,0.0,41.0,2324
0.3,2.8,2.8,10,4,4,40.0,3.9,4,40.0,5,0.17,0.24,0.17,0.24,2.0,0.24,0.3,0.61,2.42,4.0,44.0,0.3,0.24,95.0,1920
1.3,0.3,0.3,4,1,1,6.0,0.6,1,8.0,2,0.11,0.21,0.11,0.21,0.0,0.36,0.71,1.42,2.85,0.0,7.0,0.71,0.36,21.0,2021
1.2,1.3,1.3,3,2,2,31.0,2.5,2,21.0,3,0.15,0.28,0.15,0.28,2.0,0.23,0.34,0.34,2.41,0.0,16.0,0.34,0.23,63.0,2122
0.8,1.5,1.5,8,1,1,45.0,3.9,1,22.0,3,0.06,0.15,0.06,0.15,2.0,0.04,0.11,0.3,0.83,1.0,34.0,0.11,0.04,163.0,1819
1.6,0.8,0.8,4,1,1,30.0,2.8,1,16.0,4,0.03,0.11,0.03,0.11,0.0,0.04,0.15,0.15,0.6,1.0,23.0,0.15,0.04,83.0,1920
0.9,1.6,1.6,3,2,2,43.0,3.2,2,13.0,3,0.08,0.16,0.08,0.16,0.0,0.1,0.15,0.15,0.63,2.0,24.0,0.15,0.1,76.0,2021
0.2,0.9,0.9,2,0,0,37.0,2.2,0,9.0,1,0.04,0.11,0.04,0.11,1.0,0.0,0.05,0.1,0.46,0.0,15.0,0.05,0.0,86.0,2122
1.6,0.1,0.1,1,0,0,6.0,0.2,0,4.0,0,0.03,0.05,0.03,0.05,0.0,0.0,0.0,0.26,1.03,0.0,2.0,0.0,0.0,19.0,2223
0.0,1.6,1.6,7,0,0,48.0,3.9,0,28.0,3,0.12,0.28,0.12,0.28,10.0,0.0,0.21,0.5,2.0,6.0,31.0,0.21,0.0,103.0,2324
0.4,0.4,0.4,3,0,0,18.0,2.3,0,10.0,4,0.02,0.12,0.02,0.12,1.0,0.0,0.22,0.16,0.54,2.0,15.0,0.22,0.0,102.0,2122
2.0,2.6,2.6,7,1,1,15.0,2.9,1,20.0,2,0.11,0.13,0.11,0.13,0.0,0.04,0.09,0.31,0.87,0.0,11.0,0.09,0.04,5.0,1920
2.1,2.0,2.0,3,0,0,22.0,2.7,0,16.0,0,0.07,0.09,0.07,0.09,2.0,0.0,0.0,0.11,0.56,5.0,9.0,0.0,0.0,7.0,2021
1.4,2.1,2.1,7,1,1,25.0,2.8,1,15.0,1,0.07,0.09,0.07,0.09,2.0,0.03,0.03,0.23,0.5,2.0,17.0,0.03,0.03,3.0,2122
0.1,1.7,1.7,9,0,0,46.0,3.0,0,29.0,0,0.12,0.22,0.12,0.22,10.0,0.0,0.0,0.65,2.09,3.0,41.0,0.0,0.0,138.0,1819
0.5,0.9,0.9,2,1,1,12.0,1.4,1,12.0,2,0.08,0.12,0.08,0.12,0.0,0.09,0.18,0.18,1.06,3.0,2.0,0.18,0.09,2.0,1819
0.5,0.5,0.5,1,0,0,12.0,0.8,0,8.0,0,0.05,0.08,0.05,0.08,0.0,0.0,0.0,0.11,0.89,0.0,5.0,0.0,0.0,3.0,1920
2.8,0.5,0.5,2,1,1,15.0,0.8,1,7.0,1,0.03,0.05,0.03,0.05,0.0,0.07,0.07,0.13,0.46,1.0,7.0,0.07,0.07,2.0,2021
0.1,2.8,2.8,5,3,3,31.0,4.0,3,23.0,4,0.12,0.17,0.12,0.17,2.0,0.13,0.17,0.22,1.0,3.0,15.0,0.17,0.13,7.0,2122
16.8,7.3,7.3,22,9,9,98.0,9.5,9,44.0,10,0.43,0.57,0.43,0.57,14.0,0.54,0.6,1.31,2.63,2.0,59.0,0.6,0.54,98.0,1920
9.8,16.8,16.0,40,17,17,141.0,17.8,17,80.0,19,0.64,0.71,0.61,0.68,22.0,0.65,0.73,1.54,3.08,6.0,54.0,0.73,0.65,153.0,2021
8.2,9.8,8.2,33,6,6,130.0,11.4,4,71.0,8,0.41,0.55,0.35,0.48,15.0,0.25,0.34,1.39,2.99,7.0,56.0,0.25,0.17,160.0,2122
20.3,20.3,15.6,36,21,21,139.0,19.3,16,72.0,23,0.81,0.96,0.62,0.77,17.0,0.84,0.92,1.44,2.87,11.0,49.0,0.72,0.64,129.0,2324
5.9,6.4,5.6,17,5,5,112.0,8.3,5,46.0,8,0.4,0.57,0.35,0.52,7.0,0.31,0.5,1.06,2.87,6.0,44.0,0.5,0.31,143.0,2021
12.7,5.9,5.9,12,4,4,96.0,9.4,4,35.0,4,0.3,0.48,0.3,0.48,12.0,0.2,0.2,0.61,1.79,3.0,71.0,0.2,0.2,112.0,2122
0.0,12.7,12.7,27,12,12,107.0,16.9,12,63.0,15,0.48,0.64,0.48,0.64,17.0,0.45,0.57,1.02,2.38,6.0,84.0,0.57,0.45,132.0,2223
16.8,12.3,12.3,36,23,23,150.0,16.7,23,78.0,29,0.44,0.6,0.44,0.6,23.0,0.83,1.05,1.3,2.82,8.0,97.0,1.05,0.83,159.0,2324
8.1,11.7,11.7,28,13,13,178.0,15.4,13,81.0,21,0.42,0.55,0.42,0.55,24.0,0.47,0.76,1.01,2.91,6.0,69.0,0.76,0.47,265.0,1819
11.7,8.1,8.1,26,10,10,101.0,11.1,10,52.0,14,0.39,0.53,0.39,0.53,13.0,0.48,0.67,1.25,2.5,11.0,54.0,0.67,0.48,137.0,1920
8.4,11.7,9.3,25,13,13,95.0,11.5,10,42.0,15,0.55,0.65,0.43,0.54,8.0,0.61,0.7,1.17,1.97,2.0,50.0,0.56,0.47,112.0,2021
24.2,8.4,6.0,12,4,4,106.0,9.1,2,43.0,11,0.42,0.58,0.3,0.46,6.0,0.2,0.56,0.61,2.17,6.0,43.0,0.45,0.1,106.0,2122
11.4,24.2,17.9,47,27,27,210.0,23.2,21,107.0,32,0.74,0.91,0.55,0.71,15.0,0.83,0.98,1.44,3.29,8.0,65.0,0.8,0.65,227.0,2223
16.3,11.4,9.8,33,19,19,127.0,11.7,17,60.0,21,0.45,0.52,0.39,0.46,13.0,0.75,0.82,1.3,2.35,6.0,55.0,0.75,0.67,144.0,2324
3.9,3.0,3.0,7,3,3,37.0,3.9,3,22.0,3,0.35,0.46,0.35,0.46,10.0,0.35,0.35,0.82,2.58,3.0,25.0,0.35,0.35,37.0,1819
0.1,1.1,1.1,3,1,1,26.0,3.9,1,15.0,1,0.17,0.61,0.17,0.61,3.0,0.16,0.16,0.47,2.33,2.0,15.0,0.16,0.16,51.0,1819
0.1,0.4,0.4,1,1,1,9.0,0.7,1,7.0,2,0.02,0.03,0.02,0.03,1.0,0.05,0.09,0.05,0.32,0.0,30.0,0.09,0.05,20.0,1819
1.1,2.8,2.8,4,1,1,33.0,3.9,1,22.0,1,0.11,0.15,0.11,0.15,1.0,0.04,0.04,0.15,0.83,4.0,34.0,0.04,0.04,32.0,2223
0.4,3.8,3.8,15,4,4,55.0,7.6,4,34.0,9,0.18,0.36,0.18,0.36,1.0,0.19,0.42,0.71,1.6,2.0,62.0,0.42,0.19,116.0,2021
0.1,2.6,2.6,9,5,5,27.0,3.9,5,14.0,8,0.39,0.58,0.39,0.58,0.0,0.75,1.19,1.34,2.09,2.0,18.0,1.19,0.75,43.0,2223
4.7,0.8,0.8,6,0,0,14.0,1.0,0,18.0,0,0.13,0.19,0.13,0.19,1.0,0.0,0.0,1.07,3.21,1.0,11.0,0.0,0.0,25.0,2324
3.9,2.0,1.2,9,2,2,23.0,4.2,1,18.0,6,0.17,0.43,0.1,0.36,1.0,0.17,0.51,0.77,1.53,2.0,33.0,0.43,0.09,61.0,2122
6.3,1.3,1.3,3,1,1,34.0,2.7,1,24.0,2,0.1,0.22,0.1,0.22,0.0,0.08,0.16,0.24,1.94,2.0,28.0,0.16,0.08,55.0,2021
12.1,6.3,4.0,9,5,5,49.0,5.9,3,57.0,7,0.27,0.35,0.17,0.25,4.0,0.21,0.3,0.38,2.42,3.0,43.0,0.21,0.13,66.0,2122
3.7,12.1,7.3,28,10,10,63.0,11.6,4,80.0,12,0.38,0.51,0.23,0.36,0.0,0.31,0.37,0.87,2.49,8.0,47.0,0.19,0.12,77.0,2223
2.8,3.7,2.9,8,5,5,32.0,6.4,4,43.0,10,0.13,0.25,0.1,0.22,0.0,0.17,0.35,0.28,1.49,1.0,30.0,0.31,0.14,48.0,2324
2.9,2.4,2.4,7,2,2,58.0,5.6,2,28.0,6,0.11,0.25,0.11,0.25,6.0,0.09,0.27,0.31,1.25,1.0,61.0,0.27,0.09,169.0,2021
2.5,2.9,2.9,12,1,1,68.0,6.1,1,39.0,4,0.14,0.3,0.14,0.3,1.0,0.05,0.19,0.58,1.88,5.0,54.0,0.19,0.05,161.0,2122
2.6,2.5,2.5,10,2,2,50.0,6.6,2,35.0,5,0.16,0.42,0.16,0.42,2.0,0.13,0.32,0.64,2.25,7.0,38.0,0.32,0.13,143.0,2223
0.0,2.6,2.6,10,4,4,47.0,5.5,4,29.0,6,0.13,0.26,0.13,0.26,2.0,0.19,0.29,0.48,1.38,5.0,49.0,0.29,0.19,180.0,2324
4.3,1.5,1.5,9,1,1,48.0,4.5,1,17.0,4,0.15,0.46,0.15,0.46,8.0,0.1,0.41,0.92,1.74,2.0,21.0,0.41,0.1,89.0,1819
6.4,4.3,3.5,11,4,4,52.0,6.7,3,21.0,12,0.42,0.73,0.35,0.66,9.0,0.39,1.17,1.07,2.05,5.0,28.0,1.07,0.29,95.0,1920
4.3,6.4,5.6,15,7,7,67.0,10.9,7,28.0,12,0.5,0.92,0.44,0.86,10.0,0.55,0.94,1.18,2.2,4.0,41.0,0.94,0.55,89.0,2021
12.6,4.3,4.3,13,5,5,51.0,6.3,5,33.0,7,0.44,0.64,0.44,0.64,8.0,0.51,0.72,1.33,3.37,3.0,22.0,0.72,0.51,77.0,2122
3.2,12.6,10.2,29,14,14,145.0,16.0,12,63.0,17,0.42,0.62,0.34,0.54,28.0,0.47,0.57,0.97,2.12,10.0,85.0,0.5,0.4,232.0,2223
0.8,3.2,2.5,5,2,2,37.0,5.6,1,17.0,7,0.38,0.75,0.29,0.66,8.0,0.24,0.83,0.59,2.01,1.0,22.0,0.71,0.12,58.0,2324
1.6,2.0,2.0,2,0,0,25.0,2.6,0,17.0,0,0.08,0.1,0.08,0.1,1.0,0.0,0.0,0.08,0.69,1.0,15.0,0.0,0.0,7.0,2324
1.0,1.5,1.5,1,0,0,33.0,5.7,0,20.0,4,0.04,0.16,0.04,0.16,3.0,0.0,0.12,0.03,0.58,0.0,52.0,0.12,0.0,129.0,2223
0.4,1.0,1.0,5,0,0,27.0,3.8,0,18.0,1,0.04,0.14,0.04,0.14,0.0,0.0,0.04,0.18,0.65,3.0,42.0,0.04,0.0,89.0,2324
1.1,3.7,3.7,13,3,3,67.0,7.5,3,36.0,6,0.16,0.32,0.16,0.32,7.0,0.13,0.26,0.56,1.55,4.0,46.0,0.26,0.13,216.0,1819
1.7,1.1,1.1,7,1,1,40.0,1.8,1,15.0,1,0.08,0.12,0.08,0.12,2.0,0.07,0.07,0.47,1.0,1.0,26.0,0.07,0.07,94.0,1920
1.9,1.7,1.7,8,1,1,76.0,5.7,1,22.0,3,0.07,0.24,0.07,0.24,1.0,0.04,0.13,0.34,0.95,2.0,49.0,0.13,0.04,237.0,2021
1.2,1.9,1.9,8,4,4,75.0,7.2,4,22.0,8,0.1,0.38,0.1,0.38,2.0,0.21,0.42,0.42,1.16,2.0,42.0,0.42,0.21,182.0,2122
0.6,1.2,1.2,10,0,0,47.0,3.2,0,26.0,3,0.07,0.18,0.07,0.18,2.0,0.0,0.17,0.55,1.43,3.0,30.0,0.17,0.0,145.0,2223
0.5,0.6,0.6,4,1,1,26.0,4.2,1,9.0,4,0.05,0.34,0.05,0.34,4.0,0.08,0.32,0.32,0.73,4.0,12.0,0.32,0.08,97.0,2324
0.6,1.1,1.1,9,4,4,26.0,3.9,4,25.0,8,0.05,0.19,0.05,0.19,3.0,0.19,0.39,0.44,1.22,3.0,25.0,0.39,0.19,59.0,1819
1.1,0.6,0.6,5,1,1,12.0,1.1,1,15.0,2,0.06,0.11,0.06,0.11,0.0,0.1,0.2,0.51,1.52,0.0,18.0,0.2,0.1,31.0,1920
0.2,1.1,1.1,3,1,1,14.0,2.3,1,16.0,6,0.12,0.24,0.12,0.24,0.0,0.11,0.64,0.32,1.71,2.0,20.0,0.64,0.11,32.0,1920
0.5,0.9,0.9,3,2,2,29.0,2.9,2,11.0,4,0.04,0.14,0.04,0.14,0.0,0.09,0.19,0.14,0.51,2.0,26.0,0.19,0.09,71.0,2122
1.5,0.5,0.5,2,1,1,9.0,1.1,1,9.0,1,0.04,0.09,0.04,0.09,1.0,0.08,0.08,0.16,0.73,2.0,17.0,0.08,0.08,30.0,2223
0.8,1.5,1.5,6,2,2,17.0,3.5,2,23.0,7,0.07,0.17,0.07,0.17,3.0,0.1,0.33,0.29,1.1,2.0,18.0,0.33,0.1,47.0,2324
4.0,10.6,7.5,14,10,10,77.0,9.8,6,36.0,11,0.71,0.88,0.5,0.66,22.0,0.67,0.74,0.94,2.43,2.0,41.0,0.47,0.4,110.0,1819
3.1,4.0,3.2,7,3,3,41.0,5.6,2,17.0,4,0.37,0.6,0.3,0.52,6.0,0.28,0.37,0.65,1.58,4.0,34.0,0.28,0.19,49.0,1920
1.3,3.1,1.5,6,0,0,30.0,2.5,0,11.0,1,0.51,0.67,0.25,0.41,0.0,0.0,0.17,0.99,1.82,2.0,21.0,0.17,0.0,47.0,2021
0.2,0.1,0.1,1,0,0,1.0,0.7,0,6.0,1,0.01,0.06,0.01,0.06,0.0,0.0,0.08,0.08,0.48,0.0,13.0,0.08,0.0,3.0,2324
1.5,0.6,0.6,2,2,2,10.0,1.2,2,12.0,2,0.17,0.35,0.17,0.35,1.0,0.58,0.58,0.58,3.47,1.0,8.0,0.58,0.58,51.0,1920
0.5,1.0,1.0,2,1,1,26.0,3.6,1,25.0,4,0.03,0.12,0.03,0.12,0.0,0.03,0.14,0.07,0.86,2.0,34.0,0.14,0.03,45.0,1819
0.3,0.5,0.5,7,2,2,13.0,1.6,2,12.0,3,0.04,0.11,0.04,0.11,0.0,0.14,0.21,0.49,0.84,0.0,30.0,0.21,0.14,53.0,1920
0.9,0.3,0.3,3,1,1,12.0,2.5,1,5.0,2,0.01,0.13,0.01,0.13,4.0,0.05,0.11,0.16,0.26,1.0,19.0,0.11,0.05,79.0,1819
1.0,0.9,0.9,4,2,2,23.0,1.7,2,13.0,2,0.04,0.06,0.04,0.06,3.0,0.07,0.07,0.15,0.48,1.0,28.0,0.07,0.07,68.0,1920
0.0,1.0,1.0,2,0,0,35.0,3.3,0,10.0,2,0.04,0.13,0.04,0.13,1.0,0.0,0.08,0.08,0.39,0.0,30.0,0.08,0.0,66.0,2021
7.8,3.9,3.9,16,3,3,121.0,8.8,3,39.0,10,0.16,0.35,0.16,0.35,5.0,0.12,0.4,0.64,1.56,3.0,61.0,0.4,0.12,272.0,1718
5.2,2.6,2.6,12,3,3,54.0,6.3,3,30.0,7,0.15,0.36,0.15,0.36,5.0,0.17,0.4,0.69,1.73,1.0,55.0,0.4,0.17,86.0,2021
1.6,5.2,5.2,26,5,5,111.0,9.5,5,64.0,10,0.17,0.3,0.17,0.3,13.0,0.16,0.32,0.83,2.05,5.0,120.0,0.32,0.16,167.0,2122
1.9,1.9,1.9,5,1,1,24.0,4.1,1,15.0,4,0.12,0.25,0.12,0.25,0.0,0.06,0.24,0.3,0.91,4.0,21.0,0.24,0.06,70.0,1920
1.0,1.9,1.9,4,1,1,28.0,3.9,1,15.0,2,0.24,0.49,0.24,0.49,6.0,0.13,0.26,0.51,1.92,0.0,17.0,0.26,0.13,70.0,2021
0.5,1.0,1.0,2,0,0,8.0,1.0,0,6.0,0,0.17,0.17,0.17,0.17,1.0,0.0,0.0,0.36,1.07,0.0,9.0,0.0,0.0,17.0,2122
0.2,2.3,2.3,5,3,3,61.0,6.6,3,12.0,8,0.09,0.27,0.09,0.27,7.0,0.12,0.32,0.2,0.48,0.0,53.0,0.32,0.12,191.0,1920
1.3,0.2,0.2,3,1,1,34.0,2.1,1,4.0,3,0.01,0.11,0.01,0.11,3.0,0.05,0.15,0.15,0.2,0.0,62.0,0.15,0.05,131.0,2021
1.7,1.3,1.3,6,0,0,80.0,5.4,0,18.0,3,0.07,0.28,0.07,0.28,3.0,0.0,0.16,0.31,0.93,1.0,47.0,0.16,0.0,201.0,2122
1.0,1.7,1.7,8,1,1,84.0,5.4,1,19.0,5,0.07,0.24,0.07,0.24,3.0,0.04,0.22,0.35,0.84,1.0,50.0,0.22,0.04,158.0,2223
1.2,1.0,1.0,4,2,2,64.0,3.8,2,13.0,7,0.04,0.17,0.04,0.17,0.0,0.09,0.31,0.17,0.57,1.0,40.0,0.31,0.09,139.0,2324
4.7,0.5,0.5,4,1,1,24.0,1.6,1,10.0,2,0.12,0.36,0.12,0.36,0.0,0.23,0.46,0.92,2.31,1.0,7.0,0.46,0.23,31.0,2324
1.0,0.4,0.4,1,0,0,3.0,0.6,0,10.0,0,0.06,0.08,0.06,0.08,0.0,0.0,0.0,0.14,1.36,1.0,5.0,0.0,0.0,6.0,1819
0.9,1.0,0.3,3,1,1,7.0,0.8,0,9.0,2,0.06,0.09,0.02,0.05,0.0,0.06,0.12,0.18,0.53,1.0,4.0,0.06,0.0,13.0,1920
0.0,0.9,0.9,4,1,1,3.0,1.3,1,7.0,1,0.14,0.2,0.14,0.2,0.0,0.14,0.14,0.55,0.96,0.0,8.0,0.14,0.14,7.0,2021
3.9,0.7,0.7,6,0,0,15.0,2.9,0,19.0,1,0.09,0.34,0.09,0.34,1.0,0.0,0.12,0.71,2.26,2.0,21.0,0.12,0.0,36.0,1920
1.2,3.9,3.9,13,3,3,59.0,6.8,3,43.0,4,0.18,0.32,0.18,0.32,5.0,0.14,0.19,0.61,2.03,3.0,43.0,0.19,0.14,121.0,2021
2.8,1.2,1.2,5,3,3,13.0,2.0,3,14.0,4,0.08,0.13,0.08,0.13,0.0,0.2,0.27,0.34,0.95,1.0,16.0,0.27,0.2,18.0,2122
1.1,2.8,2.8,6,2,2,7.0,4.3,2,19.0,3,0.18,0.27,0.18,0.27,0.0,0.13,0.19,0.38,1.2,3.0,11.0,0.19,0.13,8.0,2223
1.4,1.1,1.1,9,2,2,12.0,2.7,2,21.0,3,0.07,0.16,0.07,0.16,2.0,0.12,0.18,0.53,1.24,1.0,12.0,0.18,0.12,11.0,2324
3.0,2.6,2.6,6,1,1,20.0,3.7,1,15.0,1,0.17,0.24,0.17,0.24,2.0,0.07,0.07,0.4,0.99,2.0,18.0,0.07,0.07,21.0,2122
2.1,2.0,2.0,6,2,2,29.0,4.7,2,29.0,2,0.09,0.2,0.09,0.2,1.0,0.09,0.09,0.26,1.25,3.0,20.0,0.09,0.09,39.0,2324
0.0,1.2,1.2,6,1,1,42.0,2.7,1,15.0,3,0.11,0.25,0.11,0.25,3.0,0.09,0.27,0.54,1.35,4.0,36.0,0.27,0.09,72.0,1819
2.7,1.4,1.4,4,0,0,25.0,2.3,0,11.0,1,0.14,0.23,0.14,0.23,6.0,0.0,0.1,0.41,1.12,4.0,25.0,0.1,0.0,58.0,2122
1.6,2.7,2.7,7,2,2,40.0,3.5,2,23.0,2,0.2,0.25,0.2,0.25,7.0,0.15,0.15,0.51,1.69,4.0,41.0,0.15,0.15,69.0,2223
0.4,1.6,1.6,2,0,0,21.0,1.9,0,12.0,0,0.35,0.44,0.35,0.44,4.0,0.0,0.0,0.46,2.74,2.0,22.0,0.0,0.0,30.0,2324
0.4,1.1,1.1,3,2,2,20.0,2.3,2,12.0,2,0.05,0.1,0.05,0.1,0.0,0.08,0.08,0.13,0.51,2.0,38.0,0.08,0.08,109.0,1819
0.3,0.3,0.3,1,1,1,1.0,0.5,1,1.0,2,0.05,0.08,0.05,0.08,0.0,0.16,0.32,0.16,0.16,0.0,5.0,0.32,0.16,15.0,2021
3.2,0.6,0.6,2,0,0,10.0,0.7,0,6.0,0,0.13,0.17,0.13,0.17,2.0,0.0,0.0,0.47,1.4,1.0,13.0,0.0,0.0,26.0,2324
0.7,1.7,1.7,6,3,3,31.0,2.6,3,13.0,5,0.3,0.47,0.3,0.47,2.0,0.54,0.9,1.08,2.35,1.0,9.0,0.9,0.54,66.0,1819
2.8,0.7,0.7,1,1,1,11.0,1.3,1,7.0,1,0.35,0.67,0.35,0.67,0.0,0.51,0.51,0.51,3.58,1.0,7.0,0.51,0.51,20.0,1920
5.0,4.3,4.3,19,3,3,57.0,6.4,3,37.0,5,0.31,0.46,0.31,0.46,8.0,0.21,0.36,1.36,2.65,4.0,47.0,0.36,0.21,105.0,2122
3.3,5.0,5.0,17,5,5,67.0,6.7,5,37.0,8,0.31,0.42,0.31,0.42,4.0,0.31,0.5,1.07,2.32,4.0,52.0,0.5,0.31,137.0,2223
2.7,3.3,3.3,15,4,4,66.0,5.6,4,27.0,10,0.33,0.56,0.33,0.56,7.0,0.4,1.0,1.5,2.71,3.0,17.0,1.0,0.4,131.0,2324
11.8,14.4,11.5,29,12,12,166.0,18.6,8,76.0,19,0.47,0.7,0.38,0.61,8.0,0.39,0.62,0.95,2.49,12.0,83.0,0.49,0.26,269.0,2021
0.6,11.8,7.9,33,10,10,136.0,13.8,7,71.0,19,0.39,0.58,0.26,0.45,6.0,0.33,0.62,1.08,2.32,9.0,68.0,0.52,0.23,198.0,2122
7.4,11.1,11.1,30,15,15,145.0,15.4,15,74.0,18,0.4,0.55,0.4,0.55,8.0,0.54,0.64,1.07,2.64,9.0,72.0,0.64,0.54,205.0,2223
8.4,7.4,7.3,26,7,7,132.0,9.1,7,78.0,10,0.32,0.4,0.32,0.39,1.0,0.3,0.44,1.13,3.4,11.0,41.0,0.44,0.3,185.0,2324
3.5,8.4,8.4,24,10,10,82.0,12.1,10,51.0,13,0.73,1.04,0.73,1.04,5.0,0.86,1.12,2.06,4.38,10.0,22.0,1.12,0.86,97.0,2425
3.3,1.0,1.0,5,1,1,26.0,2.2,1,12.0,2,0.09,0.18,0.09,0.18,1.0,0.08,0.17,0.42,1.0,1.0,25.0,0.17,0.08,89.0,1819
1.5,3.3,2.5,11,6,6,58.0,6.3,5,28.0,10,0.14,0.3,0.11,0.27,8.0,0.26,0.43,0.47,1.2,2.0,76.0,0.39,0.21,149.0,1920
2.5,1.5,1.5,5,2,2,49.0,6.7,2,22.0,7,0.07,0.29,0.07,0.29,7.0,0.09,0.3,0.21,0.94,2.0,65.0,0.3,0.09,152.0,2021
3.7,0.5,0.5,3,0,0,30.0,2.0,0,6.0,0,0.09,0.34,0.09,0.34,2.0,0.0,0.0,0.52,1.05,0.0,18.0,0.0,0.0,54.0,2223
0.8,3.7,3.7,8,1,1,64.0,7.4,1,33.0,3,0.18,0.37,0.18,0.37,1.0,0.05,0.15,0.4,1.63,2.0,43.0,0.15,0.05,112.0,2324
0.5,0.2,0.2,2,0,0,1.0,0.3,0,7.0,0,0.03,0.04,0.03,0.04,0.0,0.0,0.0,0.23,0.8,0.0,4.0,0.0,0.0,9.0,1819
0.0,0.5,0.5,2,0,0,4.0,0.6,0,4.0,0,0.07,0.08,0.07,0.08,0.0,0.0,0.0,0.27,0.54,0.0,18.0,0.0,0.0,13.0,1920
4.0,0.4,0.4,2,1,1,7.0,0.4,1,5.0,1,0.03,0.03,0.03,0.03,0.0,0.08,0.08,0.16,0.41,1.0,3.0,0.08,0.08,2.0,2021
2.2,1.8,1.8,3,2,2,29.0,2.9,2,21.0,3,0.07,0.11,0.07,0.11,1.0,0.07,0.11,0.11,0.77,1.0,9.0,0.11,0.07,5.0,2223
0.5,0.7,0.7,4,2,2,22.0,1.1,2,11.0,3,0.03,0.05,0.03,0.05,2.0,0.09,0.14,0.18,0.51,1.0,9.0,0.14,0.09,4.0,2223
0.7,0.9,0.9,1,1,1,18.0,1.9,1,18.0,3,0.04,0.09,0.04,0.09,0.0,0.05,0.14,0.05,0.83,1.0,15.0,0.14,0.05,7.0,1819
1.8,0.7,0.7,2,1,1,8.0,1.0,1,14.0,1,0.03,0.05,0.03,0.05,0.0,0.04,0.04,0.09,0.63,2.0,15.0,0.04,0.04,17.0,1920
1.4,2.9,2.9,10,5,5,37.0,3.9,5,30.0,7,0.27,0.37,0.27,0.37,15.0,0.47,0.65,0.94,2.81,2.0,37.0,0.65,0.47,79.0,1819
2.5,4.4,4.4,9,3,3,32.0,4.7,3,17.0,4,0.57,0.6,0.57,0.6,9.0,0.39,0.51,1.16,2.19,1.0,23.0,0.51,0.39,43.0,2425
1.9,0.9,0.9,5,1,1,36.0,1.4,1,15.0,1,0.18,0.29,0.18,0.29,1.0,0.2,0.2,1.02,3.05,0.0,14.0,0.2,0.2,65.0,1920
0.5,1.9,1.9,7,3,3,32.0,3.8,3,23.0,3,0.13,0.26,0.13,0.26,4.0,0.21,0.21,0.48,1.58,2.0,50.0,0.21,0.21,106.0,2021
3.0,0.5,0.5,2,1,1,24.0,1.3,1,8.0,2,0.08,0.22,0.08,0.22,1.0,0.16,0.33,0.33,1.32,0.0,23.0,0.33,0.16,72.0,2122
3.5,3.0,3.0,12,3,3,41.0,4.2,3,18.0,4,0.31,0.43,0.31,0.43,0.0,0.31,0.41,1.23,1.85,2.0,36.0,0.41,0.31,72.0,2223
1.6,3.5,3.5,12,4,4,68.0,4.8,4,37.0,5,0.22,0.3,0.22,0.3,3.0,0.25,0.32,0.76,2.33,2.0,55.0,0.32,0.25,163.0,2324
1.2,0.5,0.5,2,0,0,32.0,1.5,0,9.0,0,0.03,0.08,0.03,0.08,8.0,0.0,0.0,0.11,0.49,1.0,21.0,0.0,0.0,107.0,1819
1.1,1.2,1.2,7,3,3,42.0,4.1,3,16.0,7,0.04,0.13,0.04,0.13,6.0,0.09,0.22,0.22,0.5,1.0,40.0,0.22,0.09,180.0,1920
0.0,1.1,1.1,6,2,2,31.0,2.3,2,12.0,3,0.05,0.1,0.05,0.1,1.0,0.08,0.13,0.25,0.51,2.0,23.0,0.13,0.08,100.0,2021
0.1,0.4,0.4,2,1,1,11.0,1.1,1,9.0,2,0.02,0.05,0.02,0.05,0.0,0.04,0.09,0.09,0.39,1.0,30.0,0.09,0.04,21.0,2021
0.9,0.7,0.7,2,1,1,16.0,1.5,1,16.0,1,0.02,0.05,0.02,0.05,0.0,0.03,0.03,0.06,0.49,3.0,29.0,0.03,0.03,37.0,2324
0.3,1.3,1.3,8,2,2,20.0,2.9,2,21.0,5,0.08,0.19,0.08,0.19,0.0,0.13,0.32,0.51,1.35,1.0,13.0,0.32,0.13,30.0,1819
1.4,0.3,0.3,2,1,1,10.0,1.3,1,6.0,2,0.05,0.21,0.05,0.21,1.0,0.16,0.33,0.33,0.99,1.0,7.0,0.33,0.16,38.0,1920
0.8,1.4,1.4,4,1,1,30.0,4.6,1,21.0,4,0.07,0.22,0.07,0.22,0.0,0.05,0.19,0.19,1.02,0.0,25.0,0.19,0.05,57.0,2021
0.5,0.8,0.8,3,3,3,12.0,2.2,3,14.0,5,0.06,0.18,0.06,0.18,3.0,0.25,0.41,0.25,1.15,1.0,17.0,0.41,0.25,25.0,2122
0.7,0.5,0.5,1,0,0,17.0,1.4,0,10.0,1,0.07,0.18,0.07,0.18,0.0,0.0,0.13,0.13,1.29,1.0,6.0,0.13,0.0,14.0,2223
1.7,0.7,0.7,2,0,0,13.0,1.9,0,14.0,3,0.06,0.17,0.06,0.17,0.0,0.0,0.26,0.17,1.22,2.0,6.0,0.26,0.0,17.0,2324
0.7,0.0,0.0,1,0,0,15.0,0.4,0,1.0,0,0.0,0.05,0.0,0.05,0.0,0.0,0.0,0.13,0.13,0.0,11.0,0.0,0.0,52.0,1920
0.5,0.7,0.7,2,0,0,39.0,3.3,0,9.0,1,0.03,0.12,0.03,0.12,0.0,0.0,0.04,0.08,0.34,1.0,32.0,0.04,0.0,127.0,2021
0.7,0.6,0.6,1,0,0,17.0,1.6,0,14.0,0,0.03,0.08,0.03,0.08,0.0,0.0,0.0,0.05,0.74,0.0,14.0,0.0,0.0,75.0,2223
0.3,0.7,0.7,6,1,1,40.0,2.0,1,15.0,1,0.02,0.06,0.02,0.06,0.0,0.03,0.03,0.19,0.47,1.0,35.0,0.03,0.03,121.0,2324
2.4,5.0,5.0,16,7,7,83.0,7.0,7,35.0,9,0.33,0.46,0.33,0.46,15.0,0.46,0.59,1.05,2.31,5.0,55.0,0.59,0.46,96.0,1819
0.8,1.6,1.6,7,0,0,32.0,4.8,0,34.0,0,0.06,0.18,0.06,0.18,0.0,0.0,0.0,0.26,1.25,6.0,43.0,0.0,0.0,37.0,1718
1.6,2.8,2.8,8,2,2,38.0,3.4,2,30.0,2,0.1,0.12,0.1,0.12,0.0,0.07,0.07,0.28,1.05,4.0,73.0,0.07,0.07,46.0,1920
1.1,1.6,1.6,8,0,0,38.0,4.0,0,34.0,3,0.05,0.14,0.05,0.14,0.0,0.0,0.1,0.28,1.18,2.0,72.0,0.1,0.0,68.0,2021
4.4,1.1,1.1,3,0,0,45.0,2.3,0,20.0,1,0.05,0.11,0.05,0.11,0.0,0.0,0.05,0.14,0.93,1.0,46.0,0.05,0.0,60.0,2122
4.4,3.4,3.3,6,0,0,59.0,6.3,0,33.0,2,0.11,0.21,0.11,0.2,3.0,0.0,0.06,0.19,1.07,2.0,56.0,0.06,0.0,139.0,2324
13.7,16.7,10.5,33,16,16,196.0,15.1,9,96.0,19,0.5,0.64,0.31,0.45,22.0,0.48,0.57,0.99,2.87,9.0,94.0,0.36,0.27,243.0,1920
7.9,13.7,9.8,35,13,13,147.0,16.8,9,102.0,19,0.43,0.65,0.3,0.52,21.0,0.41,0.59,1.09,3.18,17.0,107.0,0.47,0.28,214.0,2021
3.5,7.9,5.6,17,8,8,83.0,6.2,5,55.0,9,0.52,0.56,0.36,0.41,16.0,0.53,0.59,1.12,3.61,7.0,59.0,0.39,0.33,117.0,2122
3.7,3.5,2.7,9,0,0,52.0,4.3,0,19.0,2,0.27,0.4,0.21,0.34,7.0,0.0,0.16,0.71,1.49,3.0,34.0,0.16,0.0,94.0,2223
2.4,3.7,3.7,9,3,3,47.0,4.4,3,33.0,3,0.35,0.41,0.35,0.41,7.0,0.28,0.28,0.85,3.13,5.0,23.0,0.28,0.28,60.0,2324
2.5,2.4,2.4,8,3,3,34.0,3.6,3,15.0,5,0.32,0.48,0.32,0.48,8.0,0.4,0.66,1.06,1.99,3.0,21.0,0.66,0.4,49.0,2324
2.2,0.9,0.9,5,0,0,40.0,3.3,0,17.0,3,0.04,0.14,0.04,0.14,5.0,0.0,0.12,0.21,0.71,2.0,42.0,0.12,0.0,105.0,2223
0.7,2.2,2.2,8,2,2,60.0,6.0,2,29.0,5,0.08,0.23,0.08,0.23,4.0,0.08,0.19,0.3,1.1,3.0,38.0,0.19,0.08,172.0,2324
0.1,0.7,0.7,1,0,0,14.0,0.8,0,10.0,0,0.03,0.03,0.03,0.03,0.0,0.0,0.0,0.04,0.41,1.0,14.0,0.0,0.0,18.0,2122
1.2,0.1,0.1,1,0,0,4.0,0.2,0,1.0,0,0.03,0.1,0.03,0.1,0.0,0.0,0.0,0.54,0.54,0.0,0.0,0.0,0.0,2.0,2223
0.3,1.2,1.2,4,1,1,26.0,1.7,1,18.0,1,0.07,0.1,0.07,0.1,1.0,0.06,0.06,0.24,1.09,0.0,14.0,0.06,0.06,22.0,2324
2.7,4.8,4.8,19,8,8,83.0,9.8,8,65.0,12,0.16,0.33,0.16,0.33,2.0,0.27,0.41,0.64,2.2,5.0,52.0,0.41,0.27,193.0,2324
0.0,0.5,0.5,2,0,0,14.0,1.0,0,5.0,0,0.06,0.11,0.06,0.11,0.0,0.0,0.0,0.22,0.56,1.0,6.0,0.0,0.0,21.0,2021
0.0,0.4,0.4,1,1,1,8.0,0.4,1,4.0,1,0.14,0.14,0.14,0.14,0.0,0.38,0.38,0.38,1.54,0.0,4.0,0.38,0.38,13.0,2122
1.6,1.3,1.3,3,0,0,27.0,2.2,0,14.0,0,0.18,0.3,0.18,0.3,4.0,0.0,0.0,0.41,1.91,1.0,26.0,0.0,0.0,56.0,1920
0.0,1.6,1.6,4,2,2,22.0,1.7,2,13.0,2,0.42,0.44,0.42,0.44,9.0,0.53,0.53,1.06,3.45,0.0,22.0,0.53,0.53,37.0,2021
13.4,13.5,8.7,35,16,16,136.0,10.9,10,83.0,17,0.4,0.46,0.26,0.32,6.0,0.48,0.5,1.04,2.46,4.0,82.0,0.33,0.3,202.0,1819
4.1,13.4,7.9,26,12,12,142.0,11.5,7,103.0,13,0.4,0.51,0.23,0.34,14.0,0.36,0.39,0.77,3.06,4.0,93.0,0.24,0.21,208.0,1920
1.6,4.1,4.1,10,4,4,77.0,6.6,4,24.0,7,0.38,0.61,0.38,0.61,7.0,0.37,0.65,0.93,2.24,5.0,18.0,0.65,0.37,61.0,2021
5.7,1.6,1.6,6,3,3,23.0,3.3,3,13.0,4,0.25,0.51,0.25,0.51,2.0,0.46,0.61,0.92,2.0,1.0,21.0,0.61,0.46,38.0,2122
1.6,5.7,4.9,12,4,4,88.0,9.3,3,35.0,9,0.31,0.54,0.26,0.5,10.0,0.22,0.49,0.65,1.89,4.0,64.0,0.43,0.16,132.0,2223
0.2,1.6,1.6,8,1,1,39.0,2.6,1,20.0,2,0.15,0.23,0.15,0.23,2.0,0.09,0.18,0.72,1.81,3.0,31.0,0.18,0.09,56.0,2324
6.0,6.5,6.5,16,5,5,73.0,7.1,5,60.0,8,0.36,0.39,0.36,0.39,8.0,0.28,0.44,0.89,3.32,5.0,45.0,0.44,0.28,113.0,1819
0.7,6.0,4.3,14,5,5,97.0,5.0,4,49.0,6,0.24,0.27,0.17,0.2,16.0,0.2,0.24,0.56,1.97,7.0,70.0,0.2,0.16,161.0,1920
7.1,12.7,9.5,23,13,13,164.0,12.4,9,86.0,15,0.4,0.49,0.3,0.39,19.0,0.41,0.47,0.72,2.7,11.0,71.0,0.35,0.28,233.0,2122
8.9,7.1,6.3,21,5,5,120.0,7.8,4,66.0,5,0.3,0.36,0.26,0.32,8.0,0.21,0.21,0.87,2.75,10.0,60.0,0.17,0.17,166.0,2223
7.7,8.9,6.6,19,11,11,144.0,8.4,9,80.0,12,0.26,0.32,0.19,0.25,9.0,0.32,0.35,0.56,2.34,6.0,63.0,0.29,0.26,165.0,2324
2.0,3.6,3.6,10,4,4,37.0,4.4,4,31.0,5,0.17,0.21,0.17,0.21,3.0,0.19,0.23,0.47,1.44,3.0,30.0,0.23,0.19,37.0,1819
1.0,2.0,2.0,7,2,2,25.0,3.6,2,25.0,2,0.09,0.17,0.09,0.17,1.0,0.09,0.09,0.33,1.17,5.0,20.0,0.09,0.09,30.0,1920
1.0,1.0,1.0,5,1,1,13.0,1.5,1,10.0,2,0.05,0.08,0.05,0.08,0.0,0.05,0.1,0.26,0.51,0.0,10.0,0.1,0.05,5.0,2223
0.0,1.0,1.0,4,2,2,18.0,2.2,2,12.0,4,0.05,0.1,0.05,0.1,0.0,0.09,0.18,0.18,0.55,2.0,6.0,0.18,0.09,6.0,2324
2.9,6.8,6.8,20,12,12,76.0,9.0,12,46.0,15,0.41,0.54,0.41,0.54,3.0,0.72,0.9,1.2,2.77,2.0,63.0,0.9,0.72,96.0,1920
0.3,0.8,0.8,6,1,1,28.0,2.8,1,14.0,4,0.07,0.23,0.07,0.23,1.0,0.08,0.33,0.5,1.17,1.0,30.0,0.33,0.08,81.0,1718
0.7,2.3,2.3,14,1,1,48.0,6.2,1,37.0,4,0.14,0.38,0.14,0.38,3.0,0.06,0.24,0.85,2.24,2.0,44.0,0.24,0.06,102.0,1920
7.3,0.7,0.6,5,1,1,16.0,2.1,1,14.0,3,0.11,0.36,0.1,0.35,3.0,0.17,0.5,0.83,2.32,0.0,12.0,0.5,0.17,53.0,2021
3.8,4.6,4.6,16,3,3,64.0,11.7,3,52.0,10,0.16,0.4,0.16,0.4,3.0,0.1,0.34,0.55,1.79,3.0,49.0,0.34,0.1,125.0,2324
4.1,2.1,2.1,7,1,1,29.0,2.6,1,20.0,1,0.24,0.31,0.24,0.31,3.0,0.12,0.12,0.83,2.37,2.0,32.0,0.12,0.12,104.0,1920
0.9,4.1,4.1,10,2,2,57.0,6.1,2,30.0,5,0.31,0.47,0.31,0.47,2.0,0.15,0.38,0.76,2.29,0.0,30.0,0.38,0.15,119.0,2021
0.8,0.9,0.9,2,0,0,19.0,1.2,0,7.0,2,0.11,0.15,0.11,0.15,0.0,0.0,0.24,0.24,0.84,1.0,19.0,0.24,0.0,52.0,2122
1.3,1.1,1.1,5,2,2,9.0,1.5,2,20.0,2,0.07,0.09,0.07,0.09,0.0,0.12,0.12,0.31,1.22,1.0,14.0,0.12,0.12,10.0,1819
2.9,1.5,1.5,6,1,1,33.0,3.1,1,29.0,2,0.05,0.1,0.05,0.1,0.0,0.03,0.07,0.2,0.98,3.0,12.0,0.07,0.03,6.0,2021
9.6,21.0,16.3,38,17,17,151.0,22.0,12,104.0,21,0.79,1.0,0.61,0.83,10.0,0.64,0.79,1.43,3.91,14.0,44.0,0.6,0.45,198.0,1819
14.8,9.6,8.0,21,12,12,66.0,12.0,10,41.0,14,0.61,0.86,0.51,0.76,8.0,0.76,0.89,1.33,2.59,7.0,32.0,0.76,0.63,115.0,1920
12.6,14.8,10.8,39,20,20,133.0,15.1,15,91.0,25,0.56,0.72,0.41,0.57,9.0,0.76,0.95,1.48,3.44,6.0,57.0,0.76,0.57,235.0,2021
13.2,12.6,12.6,35,6,6,158.0,20.6,6,93.0,15,0.42,0.68,0.42,0.68,9.0,0.2,0.5,1.16,3.09,8.0,64.0,0.5,0.2,229.0,2122
11.1,13.2,8.5,21,12,12,106.0,10.7,8,57.0,16,0.5,0.58,0.32,0.4,9.0,0.45,0.6,0.79,2.15,7.0,61.0,0.45,0.3,191.0,2223
11.8,11.1,7.1,29,15,15,102.0,14.5,10,64.0,21,0.45,0.75,0.29,0.59,8.0,0.61,0.86,1.19,2.62,3.0,47.0,0.65,0.41,175.0,2324
0.8,0.8,0.8,4,0,0,13.0,1.4,0,16.0,0,0.03,0.06,0.03,0.06,0.0,0.0,0.0,0.17,0.67,2.0,25.0,0.0,0.0,23.0,2122
0.0,0.8,0.8,1,0,0,6.0,1.1,0,8.0,0,0.07,0.1,0.07,0.1,0.0,0.0,0.0,0.09,0.69,2.0,11.0,0.0,0.0,14.0,2223
1.5,1.8,1.8,6,2,2,83.0,9.3,2,22.0,14,0.05,0.27,0.05,0.27,2.0,0.06,0.41,0.17,0.64,3.0,50.0,0.41,0.06,277.0,1920
1.9,1.3,1.3,2,0,0,59.0,7.4,0,13.0,8,0.05,0.26,0.05,0.26,7.0,0.0,0.28,0.07,0.45,4.0,31.0,0.28,0.0,194.0,2223
1.2,1.9,1.9,6,3,3,55.0,7.3,3,12.0,5,0.1,0.39,0.1,0.39,3.0,0.16,0.27,0.32,0.64,0.0,18.0,0.27,0.16,130.0,2324
0.0,0.3,0.3,1,0,0,8.0,0.7,0,9.0,0,0.02,0.04,0.02,0.04,0.0,0.0,0.0,0.06,0.56,1.0,14.0,0.0,0.0,10.0,1819
5.1,1.0,1.0,4,1,1,7.0,2.0,1,12.0,1,0.11,0.21,0.11,0.21,1.0,0.11,0.11,0.43,1.3,1.0,12.0,0.11,0.11,15.0,2324
0.3,2.4,2.4,13,5,5,49.0,5.9,5,26.0,6,0.22,0.54,0.22,0.54,8.0,0.45,0.54,1.18,2.36,2.0,23.0,0.54,0.45,64.0,1920
0.8,0.3,0.3,2,0,0,15.0,1.1,0,7.0,1,0.06,0.25,0.06,0.25,5.0,0.0,0.24,0.48,1.68,1.0,12.0,0.24,0.0,38.0,2021
0.4,4.6,4.6,19,6,6,88.0,8.3,6,63.0,10,0.14,0.25,0.14,0.25,9.0,0.18,0.3,0.57,1.88,5.0,78.0,0.3,0.18,280.0,1819
2.3,0.4,0.4,5,1,1,17.0,2.3,1,12.0,2,0.03,0.16,0.03,0.16,1.0,0.07,0.14,0.35,0.83,3.0,32.0,0.14,0.07,77.0,1920
2.2,2.3,2.3,11,1,1,33.0,6.2,1,36.0,6,0.09,0.25,0.09,0.25,2.0,0.04,0.24,0.44,1.43,1.0,47.0,0.24,0.04,112.0,2021
1.2,2.2,1.5,9,3,3,27.0,4.5,2,20.0,5,0.14,0.33,0.09,0.28,1.0,0.19,0.31,0.56,1.24,2.0,44.0,0.25,0.12,100.0,2122
1.8,0.4,0.4,1,0,0,14.0,0.6,0,7.0,0,0.05,0.07,0.05,0.07,1.0,0.0,0.0,0.1,0.73,0.0,21.0,0.0,0.0,18.0,2223
0.6,1.8,1.8,5,1,1,36.0,3.2,1,21.0,3,0.13,0.24,0.13,0.24,2.0,0.07,0.22,0.37,1.56,2.0,34.0,0.22,0.07,71.0,2324
3.1,1.0,0.3,1,0,0,8.0,0.3,0,3.0,0,0.3,0.31,0.07,0.08,1.0,0.0,0.0,0.28,0.85,0.0,3.0,0.0,0.0,16.0,2223
4.3,3.1,3.1,12,5,5,49.0,3.9,5,32.0,5,0.25,0.32,0.25,0.32,4.0,0.41,0.41,0.98,2.61,2.0,25.0,0.41,0.41,65.0,2324
0.7,0.5,0.5,3,0,0,12.0,1.4,0,14.0,1,0.03,0.08,0.03,0.08,2.0,0.0,0.06,0.17,0.8,2.0,30.0,0.06,0.0,28.0,2021
1.1,0.7,0.7,4,0,0,6.0,0.8,0,14.0,1,0.1,0.12,0.1,0.12,0.0,0.0,0.15,0.58,2.04,1.0,21.0,0.15,0.0,13.0,2122
0.3,1.1,1.1,5,3,3,17.0,2.3,3,18.0,5,0.06,0.13,0.06,0.13,1.0,0.17,0.28,0.28,0.99,2.0,30.0,0.28,0.17,33.0,2223
0.5,0.3,0.3,4,1,1,11.0,0.7,1,8.0,1,0.05,0.13,0.05,0.13,0.0,0.18,0.18,0.71,1.42,2.0,8.0,0.18,0.18,29.0,2324
2.6,2.9,2.9,14,4,4,64.0,7.0,4,37.0,8,0.13,0.31,0.13,0.31,22.0,0.18,0.35,0.61,1.62,8.0,44.0,0.35,0.18,127.0,1819
5.0,2.6,1.9,4,1,1,32.0,2.5,1,15.0,1,0.34,0.41,0.24,0.31,7.0,0.13,0.13,0.51,1.92,0.0,19.0,0.13,0.13,34.0,1920
2.9,5.0,5.0,14,8,8,68.0,7.1,8,43.0,11,0.22,0.31,0.22,0.31,14.0,0.35,0.49,0.62,1.9,5.0,48.0,0.49,0.35,82.0,2021
0.4,2.9,2.9,20,5,5,79.0,5.0,5,45.0,7,0.12,0.21,0.12,0.21,17.0,0.21,0.3,0.86,1.93,5.0,64.0,0.3,0.21,95.0,2122
0.2,10.8,10.0,20,12,12,93.0,14.8,11,54.0,15,0.62,0.89,0.57,0.85,12.0,0.69,0.86,1.14,3.09,3.0,52.0,0.8,0.63,141.0,1920
9.2,12.6,10.7,23,11,11,142.0,14.0,8,55.0,14,0.54,0.69,0.46,0.61,16.0,0.48,0.61,1.0,2.38,8.0,90.0,0.48,0.35,172.0,2122
3.3,9.2,9.2,22,4,4,120.0,12.0,4,60.0,7,0.47,0.62,0.47,0.62,10.0,0.21,0.36,1.14,3.11,7.0,65.0,0.36,0.21,142.0,2223
1.3,3.3,2.5,5,3,3,25.0,2.8,2,15.0,3,0.41,0.45,0.31,0.35,4.0,0.37,0.37,0.62,1.85,0.0,17.0,0.25,0.25,44.0,2324
1.0,1.4,1.4,5,0,0,25.0,5.1,0,26.0,4,0.06,0.2,0.06,0.2,2.0,0.0,0.15,0.19,1.0,0.0,37.0,0.15,0.0,85.0,1819
0.3,1.0,1.0,4,0,0,20.0,3.3,0,12.0,3,0.04,0.15,0.04,0.15,1.0,0.0,0.13,0.18,0.53,1.0,33.0,0.13,0.0,46.0,1920
0.9,0.3,0.3,5,1,1,7.0,0.7,1,11.0,1,0.02,0.05,0.02,0.05,0.0,0.07,0.07,0.34,0.75,0.0,15.0,0.07,0.07,27.0,2021
0.3,0.9,0.9,3,0,0,13.0,1.2,0,15.0,1,0.06,0.08,0.06,0.08,0.0,0.0,0.06,0.19,0.97,2.0,15.0,0.06,0.0,17.0,2122
0.1,0.3,0.3,3,1,1,6.0,1.4,1,8.0,2,0.02,0.09,0.02,0.09,0.0,0.07,0.13,0.2,0.52,2.0,18.0,0.13,0.07,13.0,2223
1.2,2.2,2.2,6,0,0,23.0,2.6,0,14.0,0,0.43,0.5,0.43,0.5,3.0,0.0,0.0,1.17,2.73,2.0,16.0,0.0,0.0,15.0,1819
0.8,1.2,1.2,3,0,0,30.0,2.6,0,16.0,4,0.17,0.37,0.17,0.37,6.0,0.0,0.57,0.43,2.28,0.0,24.0,0.57,0.0,34.0,1920
2.5,14.6,12.2,37,16,16,134.0,16.1,13,95.0,18,0.54,0.68,0.45,0.59,16.0,0.59,0.66,1.36,3.49,5.0,67.0,0.55,0.48,188.0,2122
5.4,2.5,2.5,10,0,0,32.0,3.3,0,18.0,0,0.49,0.63,0.49,0.63,4.0,0.0,0.0,1.92,3.45,1.0,14.0,0.0,0.0,44.0,2223
1.3,5.4,3.0,8,6,6,37.0,4.4,3,23.0,7,0.62,0.78,0.35,0.51,7.0,0.69,0.81,0.92,2.65,2.0,23.0,0.46,0.35,48.0,2223
2.9,1.5,1.5,8,1,1,23.0,2.6,1,27.0,1,0.1,0.18,0.1,0.18,0.0,0.07,0.07,0.55,1.85,2.0,29.0,0.07,0.07,55.0,2324
0.3,0.1,0.1,1,0,0,3.0,0.2,0,2.0,0,0.01,0.01,0.01,0.01,0.0,0.0,0.0,0.07,0.15,0.0,16.0,0.0,0.0,10.0,2021
0.0,0.3,0.3,1,0,0,4.0,1.0,0,2.0,0,0.01,0.03,0.01,0.03,0.0,0.0,0.0,0.03,0.06,0.0,10.0,0.0,0.0,7.0,2324
4.6,1.1,1.1,2,1,1,9.0,2.2,1,14.0,2,0.11,0.21,0.11,0.21,0.0,0.09,0.19,0.19,1.32,0.0,16.0,0.19,0.09,49.0,2122
2.0,4.6,3.8,17,2,2,49.0,6.9,1,55.0,8,0.15,0.24,0.12,0.22,0.0,0.06,0.26,0.54,1.76,2.0,41.0,0.22,0.03,115.0,2223
1.7,2.0,2.0,7,0,0,38.0,8.2,0,34.0,8,0.07,0.29,0.07,0.29,0.0,0.0,0.28,0.25,1.19,7.0,26.0,0.28,0.0,71.0,2324
4.2,0.9,0.9,2,1,1,26.0,2.9,1,5.0,3,0.07,0.24,0.07,0.24,3.0,0.08,0.25,0.16,0.41,1.0,15.0,0.25,0.08,92.0,1920
1.2,4.2,4.2,13,4,4,79.0,9.7,4,35.0,8,0.17,0.4,0.17,0.4,7.0,0.17,0.33,0.54,1.46,6.0,26.0,0.33,0.17,242.0,2021
1.1,1.2,1.2,6,2,2,60.0,6.4,2,12.0,7,0.05,0.25,0.05,0.25,4.0,0.08,0.27,0.23,0.47,4.0,30.0,0.27,0.08,177.0,2122
0.2,1.1,1.1,4,0,0,32.0,8.3,0,21.0,8,0.04,0.28,0.04,0.28,7.0,0.0,0.28,0.14,0.72,2.0,27.0,0.28,0.0,120.0,2223
1.4,0.2,0.2,2,0,0,7.0,1.7,0,8.0,1,0.01,0.14,0.01,0.14,1.0,0.0,0.08,0.16,0.63,1.0,9.0,0.08,0.0,55.0,2324
3.1,3.1,3.1,11,4,4,66.0,6.7,4,29.0,5,0.17,0.37,0.17,0.37,1.0,0.22,0.28,0.61,1.6,3.0,47.0,0.28,0.22,127.0,1819
5.4,3.1,3.1,16,1,1,48.0,5.7,1,35.0,2,0.18,0.32,0.18,0.32,1.0,0.06,0.11,0.91,1.99,1.0,42.0,0.11,0.06,76.0,1920
1.3,5.8,5.8,17,5,5,84.0,9.7,5,58.0,9,0.18,0.3,0.18,0.3,5.0,0.15,0.28,0.52,1.78,6.0,78.0,0.28,0.15,189.0,2122
0.6,1.3,1.3,8,1,1,19.0,4.0,1,12.0,2,0.13,0.42,0.13,0.42,0.0,0.1,0.21,0.84,1.26,2.0,18.0,0.21,0.1,70.0,2223
3.2,0.6,0.6,4,0,0,14.0,1.4,0,8.0,1,0.1,0.23,0.1,0.23,1.0,0.0,0.17,0.69,1.37,0.0,12.0,0.17,0.0,43.0,2223
2.4,3.2,3.2,10,1,1,48.0,6.4,1,46.0,3,0.21,0.42,0.21,0.42,1.0,0.07,0.2,0.65,3.01,4.0,33.0,0.2,0.07,117.0,2324
1.8,1.8,1.8,5,1,1,22.0,2.8,1,14.0,2,0.09,0.13,0.09,0.13,0.0,0.05,0.1,0.24,0.67,4.0,4.0,0.1,0.05,1.0,1819
0.1,0.3,0.3,3,1,1,11.0,0.8,1,7.0,2,0.04,0.1,0.04,0.1,0.0,0.13,0.26,0.38,0.89,0.0,15.0,0.26,0.13,16.0,2223
1.8,1.6,1.6,3,1,1,29.0,6.7,1,16.0,6,0.05,0.22,0.05,0.22,0.0,0.03,0.2,0.1,0.53,2.0,39.0,0.2,0.03,71.0,2324
0.9,0.5,0.5,4,1,1,31.0,1.6,1,12.0,2,0.06,0.19,0.06,0.19,1.0,0.12,0.24,0.47,1.42,1.0,16.0,0.24,0.12,45.0,2122
5.7,0.9,0.9,7,1,1,43.0,2.5,1,15.0,2,0.06,0.18,0.06,0.18,2.0,0.07,0.14,0.49,1.05,0.0,31.0,0.14,0.07,74.0,2223
4.9,5.7,5.7,13,7,7,101.0,8.0,7,37.0,9,0.24,0.34,0.24,0.34,2.0,0.3,0.38,0.55,1.58,2.0,44.0,0.38,0.3,164.0,2324
1.8,3.8,3.8,12,7,7,89.0,5.9,7,33.0,8,0.33,0.52,0.33,0.52,4.0,0.61,0.7,1.05,2.89,2.0,35.0,0.7,0.61,187.0,1920
1.3,1.8,1.8,7,4,4,39.0,3.5,4,14.0,4,0.37,0.73,0.37,0.73,2.0,0.84,0.84,1.46,2.92,0.0,11.0,0.84,0.84,60.0,2021
9.1,1.3,1.3,8,4,4,34.0,1.8,4,18.0,4,0.36,0.47,0.36,0.47,3.0,1.07,1.07,2.14,4.82,0.0,18.0,1.07,1.07,49.0,2122
3.4,9.1,9.1,18,7,7,128.0,10.7,7,61.0,10,0.59,0.69,0.59,0.69,10.0,0.45,0.65,1.16,3.94,5.0,35.0,0.65,0.45,178.0,2223
8.3,9.2,9.2,21,11,11,90.0,10.0,11,47.0,11,0.51,0.55,0.51,0.55,19.0,0.61,0.61,1.16,2.6,6.0,68.0,0.61,0.61,103.0,2021
7.6,8.3,6.8,19,8,8,92.0,7.5,6,43.0,10,0.43,0.47,0.35,0.39,16.0,0.41,0.52,0.98,2.23,4.0,62.0,0.41,0.31,90.0,2122
14.2,7.6,7.6,21,8,8,118.0,8.3,8,58.0,8,0.38,0.41,0.38,0.41,12.0,0.4,0.4,1.05,2.9,3.0,62.0,0.4,0.4,98.0,2223
18.3,14.2,11.1,31,17,17,152.0,12.9,14,73.0,19,0.53,0.59,0.41,0.48,27.0,0.63,0.7,1.15,2.7,7.0,81.0,0.59,0.52,99.0,2324
0.1,9.2,9.2,28,9,9,108.0,14.6,9,61.0,13,0.42,0.67,0.42,0.67,18.0,0.41,0.59,1.27,2.78,5.0,75.0,0.59,0.41,193.0,1819
5.9,6.8,6.8,20,11,11,100.0,10.0,11,42.0,14,0.44,0.65,0.44,0.65,3.0,0.71,0.9,1.29,2.71,6.0,54.0,0.9,0.71,159.0,1920
2.4,5.9,5.6,23,11,11,112.0,11.0,11,43.0,15,0.3,0.57,0.28,0.56,11.0,0.56,0.76,1.17,2.18,7.0,64.0,0.76,0.56,146.0,2021
3.5,2.4,2.4,6,2,2,75.0,7.2,2,30.0,4,0.24,0.73,0.24,0.73,8.0,0.2,0.4,0.61,3.03,7.0,33.0,0.4,0.2,80.0,2122
2.1,3.5,3.5,13,3,3,56.0,5.5,3,27.0,5,0.32,0.5,0.32,0.5,8.0,0.28,0.46,1.19,2.48,4.0,26.0,0.46,0.28,92.0,2223
0.4,2.0,2.0,3,1,1,18.0,2.3,1,18.0,1,0.1,0.12,0.1,0.12,2.0,0.05,0.05,0.16,0.93,2.0,3.0,0.05,0.05,2.0,1920
0.0,0.4,0.4,3,0,0,6.0,0.6,0,5.0,0,0.03,0.04,0.03,0.04,1.0,0.0,0.0,0.22,0.37,0.0,3.0,0.0,0.0,0.0,2021
0.6,0.9,0.9,4,1,1,32.0,4.9,1,15.0,4,0.03,0.18,0.03,0.18,2.0,0.04,0.15,0.15,0.56,0.0,32.0,0.15,0.04,113.0,2122
1.5,0.6,0.6,4,2,2,20.0,3.2,2,10.0,3,0.03,0.14,0.03,0.14,0.0,0.09,0.13,0.18,0.44,2.0,14.0,0.13,0.09,41.0,2223
3.1,1.5,1.5,5,2,2,41.0,4.4,2,31.0,5,0.06,0.16,0.06,0.16,0.0,0.07,0.18,0.18,1.12,4.0,23.0,0.18,0.07,75.0,2324
0.7,2.6,2.6,7,2,2,56.0,5.1,2,21.0,4,0.19,0.37,0.19,0.37,3.0,0.15,0.3,0.52,1.56,1.0,37.0,0.3,0.15,114.0,2122
6.6,0.7,0.7,4,0,0,28.0,1.6,0,10.0,1,0.15,0.34,0.15,0.34,3.0,0.0,0.21,0.85,2.11,3.0,13.0,0.21,0.0,28.0,2223
4.5,6.6,6.6,22,5,5,122.0,13.3,5,54.0,14,0.24,0.49,0.24,0.49,19.0,0.18,0.52,0.81,2.0,6.0,67.0,0.52,0.18,196.0,2324
3.3,3.5,3.5,18,4,4,78.0,7.3,4,44.0,6,0.14,0.29,0.14,0.29,8.0,0.16,0.24,0.71,1.73,3.0,74.0,0.24,0.16,137.0,2122
1.7,3.3,3.3,16,3,3,47.0,3.9,3,26.0,3,0.27,0.32,0.27,0.32,3.0,0.25,0.25,1.32,2.14,6.0,32.0,0.25,0.25,67.0,2223
10.2,1.7,1.7,2,1,1,27.0,2.6,1,8.0,1,0.31,0.48,0.31,0.48,1.0,0.18,0.18,0.37,1.48,1.0,19.0,0.18,0.18,45.0,2223
8.0,10.2,9.4,29,11,11,147.0,17.4,10,80.0,21,0.32,0.57,0.29,0.54,8.0,0.34,0.65,0.9,2.49,11.0,70.0,0.62,0.31,232.0,2324
0.0,0.6,0.6,1,1,1,8.0,1.0,1,5.0,1,0.02,0.03,0.02,0.03,1.0,0.03,0.03,0.03,0.17,0.0,11.0,0.03,0.03,21.0,2324
5.7,2.3,2.3,11,0,0,35.0,2.7,0,23.0,0,0.29,0.33,0.29,0.33,5.0,0.0,0.0,1.36,2.84,5.0,20.0,0.0,0.0,50.0,1819
5.1,5.7,5.7,14,3,3,64.0,6.4,3,35.0,4,0.33,0.38,0.33,0.38,10.0,0.18,0.24,0.83,2.07,5.0,55.0,0.24,0.18,72.0,2021
2.6,5.1,5.0,20,7,7,77.0,5.9,7,49.0,9,0.27,0.32,0.27,0.32,9.0,0.38,0.48,1.08,2.64,6.0,64.0,0.48,0.38,84.0,2122
3.3,2.6,2.6,8,1,1,47.0,3.5,1,30.0,2,0.17,0.22,0.17,0.22,8.0,0.06,0.12,0.5,1.87,5.0,62.0,0.12,0.06,58.0,2223
0.2,3.3,3.3,9,3,3,22.0,4.0,3,23.0,3,0.38,0.46,0.38,0.46,5.0,0.35,0.35,1.05,2.68,0.0,25.0,0.35,0.35,24.0,2324
12.1,6.2,5.4,22,10,10,123.0,8.2,9,38.0,12,0.34,0.5,0.3,0.46,6.0,0.56,0.67,1.22,2.11,1.0,47.0,0.61,0.5,205.0,1819
6.5,12.1,11.3,38,17,17,157.0,15.7,17,79.0,23,0.41,0.56,0.39,0.54,12.0,0.58,0.79,1.3,2.71,6.0,74.0,0.79,0.58,275.0,1920
0.7,6.5,6.5,20,4,4,103.0,8.5,4,43.0,7,0.4,0.52,0.4,0.52,15.0,0.24,0.43,1.22,2.61,4.0,50.0,0.43,0.24,155.0,2021
0.4,0.7,0.7,2,1,1,14.0,0.7,1,5.0,1,0.28,0.28,0.28,0.28,2.0,0.42,0.42,0.85,2.12,0.0,6.0,0.42,0.42,32.0,2122
6.2,0.4,0.4,3,0,0,24.0,0.5,0,7.0,1,0.07,0.09,0.07,0.09,0.0,0.0,0.18,0.55,1.29,1.0,19.0,0.18,0.0,43.0,2122
1.2,6.2,5.5,12,6,6,49.0,6.9,5,26.0,8,0.58,0.7,0.5,0.63,7.0,0.55,0.74,1.1,2.39,3.0,33.0,0.64,0.46,87.0,2223
0.7,4.3,4.3,11,4,4,51.0,4.9,4,35.0,5,0.34,0.39,0.34,0.39,8.0,0.32,0.4,0.87,2.77,5.0,31.0,0.4,0.32,62.0,1920
4.3,18.0,17.2,43,20,20,146.0,20.2,19,106.0,24,0.62,0.72,0.6,0.7,36.0,0.69,0.83,1.49,3.66,11.0,69.0,0.79,0.66,143.0,2122
0.5,0.1,0.1,1,0,0,5.0,0.9,0,3.0,2,0.01,0.08,0.01,0.08,1.0,0.0,0.18,0.09,0.27,0.0,7.0,0.18,0.0,10.0,2324
2.6,4.2,4.2,12,4,4,49.0,6.3,4,27.0,4,0.51,0.77,0.51,0.77,10.0,0.49,0.49,1.47,3.31,3.0,20.0,0.49,0.49,59.0,1819
0.3,2.6,2.6,6,3,3,35.0,4.0,3,18.0,5,0.25,0.38,0.25,0.38,10.0,0.28,0.47,0.57,1.71,2.0,18.0,0.47,0.28,65.0,1920
12.1,7.2,7.2,23,9,9,139.0,11.7,9,55.0,13,0.26,0.41,0.26,0.41,16.0,0.32,0.46,0.81,1.94,3.0,43.0,0.46,0.32,229.0,1920
5.1,12.1,10.5,32,13,13,173.0,16.1,12,69.0,20,0.42,0.61,0.36,0.56,13.0,0.45,0.69,1.11,2.38,2.0,34.0,0.66,0.41,224.0,2021
0.3,5.1,5.1,14,3,3,70.0,8.2,3,43.0,7,0.27,0.44,0.27,0.44,10.0,0.16,0.37,0.74,2.28,1.0,33.0,0.37,0.16,126.0,2122
12.3,12.3,12.3,44,15,15,153.0,26.1,15,111.0,31,0.39,0.82,0.39,0.82,11.0,0.47,0.98,1.39,3.49,7.0,41.0,0.98,0.47,202.0,2223
7.4,12.3,9.3,29,16,16,113.0,14.9,12,75.0,22,0.42,0.61,0.32,0.51,14.0,0.54,0.75,0.99,2.55,10.0,40.0,0.61,0.41,196.0,2324
0.6,0.1,0.1,1,0,0,3.0,0.5,0,2.0,0,0.02,0.1,0.02,0.1,0.0,0.0,0.0,0.22,0.43,0.0,1.0,0.0,0.0,6.0,2324
10.0,4.6,4.6,30,8,8,124.0,7.8,8,70.0,10,0.2,0.34,0.2,0.34,3.0,0.34,0.43,1.28,2.99,9.0,58.0,0.43,0.34,188.0,2324
1.7,2.2,2.2,10,1,1,50.0,5.8,1,36.0,5,0.1,0.25,0.1,0.25,3.0,0.04,0.22,0.43,1.57,1.0,45.0,0.22,0.04,77.0,2223
0.2,1.7,1.7,9,2,2,26.0,5.2,2,38.0,5,0.07,0.2,0.07,0.2,0.0,0.08,0.19,0.35,1.47,4.0,40.0,0.19,0.08,46.0,2324
0.1,1.0,1.0,5,2,2,15.0,1.6,2,20.0,3,0.14,0.23,0.14,0.23,1.0,0.28,0.42,0.69,2.77,1.0,18.0,0.42,0.28,24.0,1920
0.0,1.0,1.0,3,0,0,20.0,2.4,0,22.0,1,0.1,0.24,0.1,0.24,0.0,0.0,0.1,0.3,2.17,2.0,17.0,0.1,0.0,58.0,2021
0.3,0.5,0.5,3,0,0,22.0,5.0,0,15.0,3,0.02,0.18,0.02,0.18,3.0,0.0,0.11,0.11,0.54,1.0,27.0,0.11,0.0,101.0,2324
0.1,0.2,0.2,3,0,0,11.0,0.8,0,6.0,1,0.02,0.07,0.02,0.07,3.0,0.0,0.08,0.25,0.49,1.0,10.0,0.08,0.0,58.0,1920
0.8,0.8,0.8,3,0,0,18.0,2.1,0,20.0,1,0.03,0.08,0.03,0.08,0.0,0.0,0.04,0.11,0.74,2.0,19.0,0.04,0.0,22.0,2324
2.3,2.0,2.0,7,1,1,31.0,3.1,1,21.0,1,0.35,0.55,0.35,0.55,4.0,0.18,0.18,1.25,3.76,1.0,8.0,0.18,0.18,75.0,1819
4.9,2.3,2.3,14,5,5,57.0,7.6,5,42.0,12,0.1,0.34,0.1,0.34,13.0,0.23,0.54,0.63,1.9,5.0,30.0,0.54,0.23,221.0,1920
5.8,4.9,3.4,18,5,5,52.0,9.2,3,55.0,13,0.18,0.39,0.12,0.33,10.0,0.18,0.47,0.65,1.98,8.0,48.0,0.4,0.11,180.0,2021
4.9,3.7,3.7,20,7,7,46.0,8.3,7,46.0,11,0.12,0.27,0.12,0.27,10.0,0.23,0.36,0.66,1.52,5.0,25.0,0.36,0.23,171.0,2223
3.5,3.3,3.3,11,3,3,63.0,5.6,3,26.0,8,0.14,0.23,0.14,0.23,13.0,0.12,0.33,0.46,1.08,2.0,71.0,0.33,0.12,140.0,2021
3.2,3.5,3.5,14,6,6,64.0,4.4,6,33.0,7,0.14,0.17,0.14,0.17,9.0,0.24,0.28,0.56,1.31,1.0,56.0,0.28,0.24,126.0,2122
2.0,1.4,1.4,9,3,3,41.0,3.4,3,29.0,5,0.06,0.14,0.06,0.14,3.0,0.12,0.21,0.37,1.19,6.0,10.0,0.21,0.12,4.0,2324
1.3,0.9,0.9,3,2,2,16.0,1.5,2,12.0,2,0.05,0.08,0.05,0.08,0.0,0.11,0.11,0.16,0.63,2.0,5.0,0.11,0.11,0.0,1920
1.5,1.8,1.8,4,1,1,25.0,1.9,1,22.0,1,0.07,0.07,0.07,0.07,2.0,0.04,0.04,0.15,0.82,1.0,8.0,0.04,0.04,10.0,2223
1.7,1.5,1.5,2,1,1,25.0,2.6,1,19.0,1,0.05,0.09,0.05,0.09,1.0,0.03,0.03,0.07,0.63,5.0,4.0,0.03,0.03,1.0,2324
5.1,3.3,2.5,1,2,2,27.0,2.5,1,16.0,2,0.37,0.37,0.28,0.28,6.0,0.22,0.22,0.11,1.78,0.0,25.0,0.11,0.11,27.0,1819
4.6,5.1,4.3,10,3,3,46.0,4.7,3,31.0,3,0.6,0.64,0.51,0.55,2.0,0.35,0.35,1.17,3.64,2.0,25.0,0.35,0.35,42.0,1819
5.0,4.6,4.6,20,6,6,55.0,6.5,6,41.0,8,0.3,0.42,0.3,0.42,4.0,0.39,0.52,1.3,2.66,5.0,49.0,0.52,0.39,92.0,1920
3.3,5.0,5.0,12,3,3,42.0,5.2,3,25.0,3,0.48,0.5,0.48,0.5,3.0,0.29,0.29,1.16,2.41,3.0,25.0,0.29,0.29,37.0,2021
8.3,3.3,3.3,11,5,5,35.0,3.9,5,20.0,6,0.3,0.36,0.3,0.36,3.0,0.46,0.55,1.01,1.84,1.0,29.0,0.55,0.46,48.0,2021
9.3,8.3,8.3,19,6,6,84.0,10.1,6,49.0,7,0.41,0.5,0.41,0.5,21.0,0.3,0.35,0.95,2.45,6.0,79.0,0.35,0.3,123.0,2122
9.3,9.3,8.5,24,12,12,117.0,11.5,11,67.0,16,0.34,0.45,0.32,0.42,14.0,0.44,0.59,0.89,2.48,2.0,83.0,0.55,0.41,139.0,2223
2.9,9.3,7.7,14,5,5,82.0,9.1,3,52.0,5,0.39,0.45,0.32,0.38,3.0,0.21,0.21,0.59,2.19,7.0,55.0,0.13,0.13,109.0,2324
2.5,0.6,0.6,5,0,0,16.0,1.4,0,12.0,0,0.05,0.12,0.05,0.12,0.0,0.0,0.0,0.42,1.0,3.0,25.0,0.0,0.0,56.0,2223
1.1,2.5,2.5,9,3,3,31.0,3.3,3,23.0,4,0.16,0.21,0.16,0.21,1.0,0.19,0.25,0.56,1.43,2.0,41.0,0.25,0.19,61.0,2324
1.0,3.4,3.4,15,1,1,58.0,6.1,1,43.0,2,0.23,0.42,0.23,0.42,2.0,0.07,0.14,1.02,2.92,0.0,26.0,0.14,0.07,149.0,2324
0.1,3.9,3.9,13,2,2,36.0,5.5,2,33.0,3,0.25,0.36,0.25,0.36,2.0,0.13,0.2,0.85,2.17,3.0,16.0,0.2,0.13,66.0,1920
6.8,0.1,0.1,2,0,0,2.0,0.3,0,4.0,0,0.05,0.13,0.05,0.13,0.0,0.0,0.0,0.93,1.86,0.0,8.0,0.0,0.0,12.0,1920
8.9,6.8,6.8,16,7,7,76.0,9.1,7,45.0,10,0.22,0.3,0.22,0.3,4.0,0.23,0.33,0.52,1.46,1.0,44.0,0.33,0.23,101.0,2021
2.6,8.9,5.7,20,11,11,91.0,8.4,7,47.0,15,0.34,0.44,0.22,0.32,3.0,0.42,0.58,0.77,1.81,6.0,42.0,0.42,0.27,124.0,2122
0.0,2.6,2.6,7,2,2,67.0,4.1,2,32.0,2,0.13,0.21,0.13,0.21,3.0,0.1,0.1,0.35,1.6,2.0,34.0,0.1,0.1,93.0,2223
0.1,1.5,1.5,8,2,2,40.0,3.8,2,20.0,5,0.17,0.42,0.17,0.42,1.0,0.22,0.56,0.89,2.23,5.0,15.0,0.56,0.22,64.0,2324
6.2,3.9,3.9,30,4,4,57.0,7.0,4,62.0,8,0.21,0.38,0.21,0.38,3.0,0.22,0.44,1.64,3.39,4.0,33.0,0.44,0.22,163.0,1718
1.1,8.4,5.3,26,10,10,72.0,7.1,6,60.0,10,0.47,0.57,0.3,0.39,5.0,0.56,0.56,1.45,3.35,7.0,48.0,0.33,0.33,163.0,2021
0.0,1.1,0.3,2,1,1,14.0,0.7,0,7.0,2,0.25,0.35,0.06,0.16,2.0,0.23,0.47,0.47,1.63,0.0,22.0,0.23,0.0,38.0,2122
1.3,1.5,1.5,10,3,3,50.0,3.2,3,21.0,6,0.1,0.23,0.1,0.23,5.0,0.21,0.42,0.7,1.47,3.0,55.0,0.42,0.21,104.0,2021
2.1,1.3,1.3,3,2,2,18.0,3.2,2,11.0,5,0.28,0.7,0.28,0.7,1.0,0.44,1.1,0.66,2.42,0.0,20.0,1.1,0.44,30.0,2122
0.7,0.3,0.3,1,0,0,9.0,0.4,0,5.0,0,0.02,0.03,0.02,0.03,0.0,0.0,0.0,0.07,0.35,1.0,5.0,0.0,0.0,3.0,2122
0.3,0.7,0.7,2,0,0,18.0,1.0,0,9.0,0,0.03,0.04,0.03,0.04,0.0,0.0,0.0,0.09,0.39,1.0,3.0,0.0,0.0,0.0,2223
0.3,0.2,0.2,1,0,0,11.0,0.9,0,5.0,1,0.01,0.05,0.01,0.05,0.0,0.0,0.05,0.05,0.25,1.0,6.0,0.05,0.0,0.0,2223
0.0,0.8,0.8,4,1,1,19.0,1.5,1,12.0,2,0.15,0.28,0.15,0.28,2.0,0.19,0.38,0.76,2.28,2.0,17.0,0.38,0.19,54.0,2324
1.6,3.3,1.8,9,2,2,37.0,2.5,0,17.0,2,0.32,0.38,0.17,0.23,12.0,0.19,0.19,0.86,1.62,3.0,23.0,0.0,0.0,57.0,1819
0.8,1.5,1.5,5,1,1,31.0,2.1,1,10.0,1,0.06,0.08,0.06,0.08,0.0,0.04,0.04,0.2,0.4,1.0,13.0,0.04,0.04,24.0,1819
0.5,0.8,0.8,1,0,0,16.0,1.6,0,9.0,1,0.05,0.1,0.05,0.1,0.0,0.0,0.06,0.06,0.54,1.0,5.0,0.06,0.0,12.0,1920
1.6,0.5,0.5,1,1,1,13.0,0.8,1,5.0,1,0.03,0.04,0.03,0.04,1.0,0.05,0.05,0.05,0.24,0.0,10.0,0.05,0.05,12.0,2021
0.7,1.6,1.6,7,4,4,14.0,1.7,4,14.0,5,0.07,0.07,0.07,0.07,2.0,0.17,0.21,0.3,0.6,1.0,11.0,0.21,0.17,12.0,2122
0.4,0.3,0.3,2,0,0,14.0,0.9,0,7.0,1,0.03,0.1,0.03,0.1,0.0,0.0,0.11,0.22,0.78,3.0,3.0,0.11,0.0,2.0,2324
9.8,13.9,13.9,51,17,17,131.0,16.8,17,111.0,20,0.52,0.63,0.52,0.63,16.0,0.64,0.75,1.92,4.17,9.0,45.0,0.75,0.64,169.0,1819
7.4,9.8,9.8,29,11,11,99.0,11.3,11,68.0,11,0.5,0.58,0.5,0.58,13.0,0.57,0.57,1.49,3.5,8.0,38.0,0.57,0.57,121.0,1920
0.1,8.2,7.4,19,7,7,89.0,9.0,6,53.0,9,0.52,0.62,0.47,0.57,8.0,0.44,0.57,1.21,3.37,2.0,36.0,0.51,0.38,111.0,2122
5.1,6.5,5.7,22,7,7,75.0,7.7,7,43.0,8,0.37,0.49,0.32,0.44,8.0,0.4,0.45,1.25,2.44,7.0,50.0,0.45,0.4,85.0,2223
1.5,1.8,1.8,4,0,0,44.0,3.9,0,19.0,2,0.08,0.18,0.08,0.18,3.0,0.0,0.09,0.19,0.89,2.0,36.0,0.09,0.0,106.0,1920
0.3,1.5,1.5,7,2,2,68.0,4.6,2,30.0,5,0.06,0.18,0.06,0.18,5.0,0.08,0.19,0.27,1.17,0.0,48.0,0.19,0.08,170.0,2021
1.0,0.3,0.3,4,0,0,10.0,2.5,0,8.0,2,0.02,0.13,0.02,0.13,0.0,0.0,0.1,0.2,0.41,0.0,37.0,0.1,0.0,41.0,2122
7.5,3.7,3.7,20,3,3,56.0,9.4,3,59.0,8,0.21,0.52,0.21,0.52,8.0,0.17,0.44,1.11,3.27,11.0,65.0,0.44,0.17,144.0,2021
1.8,7.5,6.7,36,6,6,89.0,10.8,5,84.0,8,0.27,0.42,0.24,0.39,11.0,0.22,0.29,1.31,3.05,16.0,98.0,0.25,0.18,194.0,2122
5.7,4.7,3.9,21,7,7,106.0,10.1,6,55.0,13,0.19,0.45,0.16,0.42,7.0,0.29,0.54,0.87,2.28,3.0,56.0,0.5,0.25,263.0,2223
0.8,5.9,5.9,19,6,6,101.0,6.9,6,45.0,6,0.27,0.32,0.27,0.32,13.0,0.27,0.27,0.87,2.05,7.0,68.0,0.27,0.27,114.0,2122
2.4,0.8,0.8,5,1,1,16.0,0.9,1,6.0,1,0.26,0.27,0.26,0.27,3.0,0.31,0.31,1.53,1.84,0.0,15.0,0.31,0.31,17.0,2223
0.0,2.4,2.4,2,1,1,35.0,2.5,1,13.0,1,0.47,0.5,0.47,0.5,6.0,0.2,0.2,0.4,2.58,0.0,17.0,0.2,0.2,37.0,2324
1.5,1.7,1.7,4,1,1,37.0,3.3,1,12.0,1,0.06,0.11,0.06,0.11,1.0,0.03,0.03,0.13,0.4,1.0,12.0,0.03,0.03,28.0,1920
0.6,1.5,1.5,3,2,2,33.0,1.8,2,17.0,2,0.07,0.08,0.07,0.08,2.0,0.09,0.09,0.13,0.76,5.0,17.0,0.09,0.09,20.0,2021
0.7,2.1,2.1,4,1,1,28.0,3.1,1,16.0,1,0.08,0.11,0.08,0.11,1.0,0.04,0.04,0.15,0.58,1.0,11.0,0.04,0.04,29.0,2223
0.4,0.7,0.7,3,0,0,17.0,1.1,0,5.0,0,0.04,0.06,0.04,0.06,1.0,0.0,0.0,0.16,0.27,2.0,10.0,0.0,0.0,7.0,2324
1.0,0.6,0.6,3,0,0,13.0,0.6,0,10.0,0,0.03,0.03,0.03,0.03,3.0,0.0,0.0,0.15,0.51,0.0,6.0,0.0,0.0,1.0,2122
0.0,8.9,7.3,29,12,12,95.0,8.9,10,60.0,12,0.37,0.44,0.31,0.37,14.0,0.5,0.5,1.22,2.51,5.0,80.0,0.42,0.42,192.0,2122
9.0,7.5,7.5,21,7,7,104.0,9.9,7,43.0,10,0.36,0.48,0.36,0.48,7.0,0.34,0.49,1.02,2.09,6.0,58.0,0.49,0.34,193.0,2223
14.9,9.0,7.4,22,10,10,107.0,10.1,8,59.0,11,0.38,0.49,0.31,0.43,6.0,0.42,0.46,0.93,2.48,6.0,52.0,0.38,0.34,181.0,2324
3.9,0.9,0.9,6,1,1,27.0,1.6,1,13.0,1,0.09,0.16,0.09,0.16,0.0,0.1,0.1,0.59,1.29,2.0,30.0,0.1,0.1,70.0,1920
3.5,3.9,3.9,13,4,4,56.0,6.9,4,44.0,8,0.2,0.35,0.2,0.35,3.0,0.2,0.41,0.66,2.24,6.0,50.0,0.41,0.2,101.0,2021
6.5,3.5,3.5,20,4,4,82.0,5.9,4,45.0,8,0.17,0.28,0.17,0.28,4.0,0.19,0.38,0.96,2.16,2.0,66.0,0.38,0.19,163.0,2122
3.6,6.5,6.5,24,9,9,109.0,9.4,9,59.0,12,0.24,0.35,0.24,0.35,4.0,0.34,0.45,0.9,2.21,6.0,62.0,0.45,0.34,181.0,2223
4.1,3.6,3.6,11,5,5,66.0,6.5,5,29.0,8,0.26,0.47,0.26,0.47,1.0,0.36,0.58,0.79,2.09,4.0,42.0,0.58,0.36,125.0,2324
0.0,4.1,2.5,11,4,4,49.0,3.4,3,26.0,5,0.32,0.39,0.19,0.26,1.0,0.31,0.39,0.85,2.01,3.0,37.0,0.31,0.23,111.0,2425
0.2,0.6,0.5,4,2,2,28.0,1.5,2,14.0,2,0.03,0.07,0.02,0.07,2.0,0.09,0.09,0.18,0.62,1.0,28.0,0.09,0.09,137.0,1920
0.5,0.2,0.2,2,1,1,12.0,0.7,1,6.0,2,0.02,0.05,0.02,0.05,0.0,0.07,0.15,0.15,0.44,1.0,23.0,0.15,0.07,62.0,2021
0.1,0.5,0.5,4,1,1,23.0,1.9,1,18.0,4,0.02,0.07,0.02,0.07,0.0,0.04,0.15,0.15,0.69,3.0,43.0,0.15,0.04,118.0,2122
0.8,11.9,9.5,25,10,10,124.0,11.7,7,59.0,13,0.73,0.86,0.58,0.72,17.0,0.61,0.79,1.53,3.61,4.0,33.0,0.61,0.43,172.0,2122
2.6,2.7,1.9,4,2,2,23.0,2.3,1,11.0,2,0.5,0.58,0.36,0.43,3.0,0.38,0.38,0.75,2.07,1.0,11.0,0.19,0.19,35.0,2223
3.6,2.6,2.6,9,1,1,32.0,3.7,1,25.0,1,0.4,0.57,0.4,0.57,3.0,0.15,0.15,1.36,3.78,5.0,10.0,0.15,0.15,44.0,2324
0.8,3.6,3.6,14,2,2,81.0,5.3,2,30.0,2,0.24,0.35,0.24,0.35,14.0,0.13,0.13,0.94,2.02,2.0,33.0,0.13,0.13,185.0,2425
0.4,1.8,1.8,7,3,3,18.0,3.0,3,20.0,5,0.12,0.19,0.12,0.19,1.0,0.19,0.32,0.45,1.28,2.0,15.0,0.32,0.19,62.0,2324
0.2,0.8,0.8,6,0,0,15.0,2.7,0,20.0,0,0.04,0.12,0.04,0.12,0.0,0.0,0.0,0.26,0.87,1.0,42.0,0.0,0.0,40.0,1819
0.6,0.2,0.2,3,0,0,2.0,0.7,0,6.0,0,0.03,0.12,0.03,0.12,0.0,0.0,0.0,0.5,1.01,1.0,14.0,0.0,0.0,15.0,1920
0.0,0.6,0.6,2,0,0,14.0,1.8,0,11.0,0,0.05,0.16,0.05,0.16,2.0,0.0,0.0,0.17,0.96,3.0,20.0,0.0,0.0,22.0,2021
1.6,1.5,1.5,8,1,1,24.0,5.0,1,17.0,7,0.07,0.24,0.07,0.24,1.0,0.05,0.34,0.39,0.82,2.0,39.0,0.34,0.05,51.0,2122
1.5,1.6,1.6,10,5,5,38.0,3.4,5,28.0,6,0.07,0.16,0.07,0.16,2.0,0.23,0.28,0.46,1.29,3.0,39.0,0.28,0.23,77.0,2223
1.5,1.5,1.5,5,2,2,28.0,3.9,2,22.0,6,0.14,0.35,0.14,0.35,0.0,0.18,0.54,0.45,1.97,6.0,13.0,0.54,0.18,66.0,2324
0.1,0.1,0.1,1,0,0,17.0,0.9,0,4.0,1,0.01,0.05,0.01,0.05,0.0,0.0,0.05,0.05,0.2,0.0,23.0,0.05,0.0,53.0,1819
0.5,0.1,0.1,2,0,0,12.0,1.3,0,5.0,1,0.01,0.13,0.01,0.13,0.0,0.0,0.1,0.19,0.48,0.0,15.0,0.1,0.0,37.0,1920
0.1,1.3,1.3,5,3,3,13.0,3.0,3,8.0,6,0.1,0.23,0.1,0.23,1.0,0.23,0.46,0.38,0.61,1.0,24.0,0.46,0.23,48.0,1920
0.2,0.1,0.1,1,1,1,7.0,1.2,1,3.0,1,0.01,0.09,0.01,0.09,0.0,0.08,0.08,0.08,0.23,0.0,15.0,0.08,0.08,13.0,2021
0.2,1.0,0.3,5,2,2,8.0,2.0,1,11.0,5,0.05,0.13,0.01,0.09,0.0,0.09,0.23,0.23,0.5,0.0,14.0,0.18,0.05,27.0,2324
4.5,1.5,1.5,6,2,2,21.0,2.1,2,21.0,3,0.05,0.08,0.05,0.08,1.0,0.07,0.11,0.22,0.78,1.0,22.0,0.11,0.07,17.0,2122
2.4,1.9,1.9,5,2,2,28.0,2.7,2,22.0,2,0.07,0.11,0.07,0.11,0.0,0.08,0.08,0.2,0.86,2.0,16.0,0.08,0.08,24.0,2324
1.3,3.7,3.7,11,3,3,50.0,5.0,3,36.0,5,0.11,0.15,0.11,0.15,2.0,0.09,0.15,0.33,1.09,1.0,38.0,0.15,0.09,80.0,1819
1.7,1.3,1.3,3,0,0,24.0,2.3,0,17.0,2,0.06,0.11,0.06,0.11,1.0,0.0,0.09,0.14,0.81,1.0,10.0,0.09,0.0,50.0,1920
0.8,0.4,0.4,1,1,1,3.0,0.8,1,1.0,1,0.03,0.05,0.03,0.05,2.0,0.06,0.06,0.06,0.06,0.0,9.0,0.06,0.06,11.0,1819
2.4,5.2,5.2,14,8,8,60.0,8.1,8,25.0,10,0.28,0.44,0.28,0.44,7.0,0.43,0.54,0.75,1.35,2.0,22.0,0.54,0.43,116.0,1920
2.0,2.4,2.4,3,1,1,31.0,3.6,1,21.0,2,0.19,0.28,0.19,0.28,0.0,0.08,0.16,0.24,1.66,1.0,15.0,0.16,0.08,39.0,2021
6.2,13.8,12.2,28,12,12,106.0,15.5,10,63.0,14,0.52,0.64,0.46,0.58,22.0,0.45,0.53,1.06,2.37,9.0,84.0,0.45,0.38,142.0,1819
4.1,6.2,5.4,11,6,6,50.0,5.7,5,39.0,6,0.41,0.43,0.36,0.38,13.0,0.4,0.4,0.73,2.6,2.0,38.0,0.33,0.33,61.0,1920
2.1,4.1,3.3,12,3,3,66.0,4.1,2,37.0,3,0.27,0.33,0.22,0.27,17.0,0.2,0.2,0.81,2.5,6.0,44.0,0.14,0.14,79.0,2021
1.1,1.9,1.9,7,2,2,22.0,6.7,2,22.0,9,0.06,0.21,0.06,0.21,1.0,0.06,0.29,0.22,0.7,3.0,29.0,0.29,0.06,40.0,1819
0.1,0.5,0.5,3,2,2,20.0,3.6,2,12.0,4,0.02,0.13,0.02,0.13,4.0,0.07,0.14,0.11,0.42,2.0,25.0,0.14,0.07,124.0,1819
1.3,0.9,0.9,9,4,4,39.0,4.2,4,15.0,8,0.07,0.32,0.07,0.32,4.0,0.3,0.61,0.68,1.14,3.0,15.0,0.61,0.3,89.0,1920
0.4,1.3,1.2,5,1,1,27.0,3.4,1,15.0,5,0.08,0.22,0.07,0.22,3.0,0.06,0.32,0.32,0.95,1.0,11.0,0.32,0.06,100.0,2021
0.5,0.4,0.4,3,0,0,14.0,1.4,0,10.0,2,0.03,0.1,0.03,0.1,1.0,0.0,0.14,0.22,0.72,1.0,11.0,0.14,0.0,57.0,2122
0.6,0.5,0.5,3,1,1,10.0,1.4,1,15.0,1,0.02,0.06,0.02,0.06,1.0,0.04,0.04,0.13,0.66,1.0,18.0,0.04,0.04,33.0,2223
0.3,0.6,0.6,2,0,0,20.0,2.1,0,13.0,0,0.02,0.08,0.02,0.08,1.0,0.0,0.0,0.08,0.51,4.0,16.0,0.0,0.0,61.0,2324
0.0,0.5,0.5,4,1,1,4.0,1.9,1,14.0,2,0.02,0.1,0.02,0.1,0.0,0.05,0.1,0.2,0.69,4.0,22.0,0.1,0.05,6.0,1819
2.4,4.3,4.3,14,4,4,71.0,6.6,4,38.0,6,0.24,0.37,0.24,0.37,7.0,0.23,0.34,0.79,2.15,4.0,41.0,0.34,0.23,107.0,2021
0.3,2.4,2.4,6,2,2,28.0,2.5,2,19.0,2,0.4,0.41,0.4,0.41,3.0,0.33,0.33,0.99,3.12,1.0,18.0,0.33,0.33,49.0,2122
1.6,1.7,1.7,6,2,2,31.0,2.7,2,12.0,3,0.3,0.47,0.3,0.47,3.0,0.35,0.53,1.05,2.11,0.0,12.0,0.53,0.35,29.0,2324
4.0,0.8,0.8,1,1,1,19.0,2.3,1,7.0,3,0.26,0.75,0.26,0.75,2.0,0.32,0.97,0.32,2.27,1.0,15.0,0.97,0.32,27.0,2425
0.0,0.2,0.2,2,0,0,0.0,0.4,0,7.0,0,0.02,0.04,0.02,0.04,1.0,0.0,0.0,0.2,0.71,1.0,12.0,0.0,0.0,8.0,1819
0.0,0.0,0.0,1,0,0,0.0,0.1,0,1.0,0,0.02,0.08,0.02,0.08,0.0,0.0,0.0,0.75,0.75,0.0,2.0,0.0,0.0,1.0,1920
0.0,0.1,0.1,2,0,0,6.0,0.4,0,4.0,0,0.01,0.03,0.01,0.03,0.0,0.0,0.0,0.16,0.31,1.0,15.0,0.0,0.0,9.0,2324
0.3,0.3,0.3,2,0,0,11.0,1.5,0,9.0,1,0.01,0.07,0.01,0.07,0.0,0.0,0.05,0.09,0.43,0.0,24.0,0.05,0.0,24.0,2122
2.3,1.0,1.0,2,0,0,15.0,3.6,0,19.0,4,0.04,0.13,0.03,0.12,0.0,0.0,0.14,0.07,0.65,2.0,23.0,0.14,0.0,31.0,2324
0.3,0.3,0.3,1,0,0,18.0,0.8,0,7.0,0,0.04,0.1,0.04,0.1,1.0,0.0,0.0,0.13,0.88,2.0,17.0,0.0,0.0,53.0,2122
0.7,0.3,0.3,1,0,0,6.0,0.4,0,7.0,0,0.04,0.05,0.04,0.05,1.0,0.0,0.0,0.13,0.89,0.0,5.0,0.0,0.0,7.0,1819
0.2,0.7,0.7,5,0,0,9.0,1.0,0,12.0,1,0.06,0.08,0.06,0.08,0.0,0.0,0.08,0.41,0.97,1.0,8.0,0.08,0.0,6.0,1920
1.8,2.0,2.0,10,3,3,48.0,4.8,3,55.0,5,0.06,0.15,0.06,0.15,2.0,0.09,0.15,0.31,1.69,7.0,19.0,0.15,0.09,39.0,2122
1.7,1.3,1.3,7,3,3,20.0,2.1,3,27.0,4,0.06,0.1,0.06,0.1,0.0,0.14,0.18,0.32,1.22,3.0,13.0,0.18,0.14,15.0,2324
0.5,0.6,0.6,4,3,3,47.0,3.9,3,9.0,5,0.04,0.26,0.04,0.26,1.0,0.2,0.34,0.27,0.61,0.0,23.0,0.34,0.2,118.0,2223
0.3,0.5,0.5,4,1,1,47.0,1.2,1,13.0,2,0.02,0.06,0.02,0.06,1.0,0.05,0.1,0.21,0.67,2.0,22.0,0.1,0.05,104.0,2324
2.1,2.4,2.4,6,3,3,22.0,2.8,3,18.0,3,0.11,0.13,0.11,0.13,0.0,0.13,0.13,0.27,0.81,1.0,7.0,0.13,0.13,4.0,2021
3.8,2.1,2.1,2,1,1,32.0,3.1,1,20.0,1,0.07,0.1,0.07,0.1,3.0,0.03,0.03,0.07,0.66,2.0,8.0,0.03,0.03,4.0,2122
2.4,3.8,3.0,9,3,3,51.0,4.2,3,28.0,6,0.1,0.13,0.08,0.11,0.0,0.08,0.16,0.24,0.76,2.0,18.0,0.16,0.08,17.0,2223
2.6,2.5,2.5,11,4,4,32.0,4.5,4,36.0,5,0.08,0.14,0.08,0.14,0.0,0.13,0.16,0.34,1.13,3.0,21.0,0.16,0.13,43.0,1819
0.6,2.6,2.6,7,4,4,29.0,6.0,4,31.0,9,0.1,0.24,0.1,0.24,2.0,0.16,0.36,0.28,1.24,2.0,18.0,0.36,0.16,35.0,1920
0.8,0.6,0.6,2,0,0,7.0,1.0,0,12.0,0,0.05,0.08,0.05,0.08,0.0,0.0,0.0,0.16,0.96,2.0,7.0,0.0,0.0,23.0,2021
0.6,0.8,0.8,2,2,2,11.0,1.4,2,8.0,2,0.04,0.07,0.04,0.07,1.0,0.09,0.09,0.09,0.37,0.0,17.0,0.09,0.09,8.0,2122
0.0,1.0,1.0,3,2,2,22.0,1.3,2,7.0,2,0.03,0.04,0.03,0.04,0.0,0.06,0.06,0.1,0.23,2.0,14.0,0.06,0.06,8.0,2324
0.0,1.9,1.9,6,2,2,28.0,5.0,2,19.0,5,0.17,0.47,0.17,0.47,1.0,0.18,0.46,0.55,1.75,0.0,48.0,0.46,0.18,76.0,2021
0.5,0.0,0.0,1,0,0,0.0,0.1,0,2.0,0,0.02,0.03,0.02,0.03,0.0,0.0,0.0,0.56,1.13,0.0,5.0,0.0,0.0,3.0,2122
1.7,0.5,0.5,2,0,0,16.0,1.4,0,11.0,1,0.08,0.21,0.08,0.21,0.0,0.0,0.15,0.31,1.7,2.0,16.0,0.15,0.0,28.0,2223
0.0,1.7,0.9,6,1,1,19.0,1.2,1,11.0,1,0.48,0.55,0.26,0.33,0.0,0.28,0.28,1.68,3.08,1.0,12.0,0.28,0.28,33.0,2324
0.5,3.0,3.0,7,3,3,31.0,3.8,3,26.0,6,0.09,0.11,0.09,0.11,2.0,0.09,0.18,0.21,0.77,2.0,11.0,0.18,0.09,9.0,1819
0.8,0.5,0.5,2,1,1,8.0,0.7,1,4.0,1,0.04,0.05,0.04,0.05,0.0,0.08,0.08,0.16,0.33,1.0,1.0,0.08,0.08,3.0,1920
4.9,0.8,0.8,1,0,0,12.0,1.1,0,6.0,0,0.05,0.07,0.05,0.07,2.0,0.0,0.0,0.07,0.4,0.0,8.0,0.0,0.0,1.0,2021
0.0,0.5,0.5,1,0,0,13.0,0.7,0,10.0,0,0.04,0.06,0.04,0.06,1.0,0.0,0.0,0.09,0.91,1.0,3.0,0.0,0.0,11.0,2223
6.5,7.5,7.5,27,12,12,124.0,11.1,12,55.0,14,0.23,0.34,0.23,0.34,9.0,0.37,0.43,0.83,1.7,7.0,101.0,0.43,0.37,159.0,1819
3.3,6.5,5.7,21,8,8,115.0,9.7,7,46.0,12,0.29,0.47,0.26,0.44,6.0,0.36,0.54,0.94,2.07,2.0,63.0,0.49,0.31,159.0,1920
1.6,3.3,3.3,13,2,2,56.0,4.6,2,31.0,3,0.23,0.31,0.23,0.31,7.0,0.14,0.2,0.88,2.1,7.0,37.0,0.2,0.14,114.0,2021
1.1,1.6,1.6,6,2,2,18.0,3.2,2,11.0,5,0.32,0.64,0.32,0.64,0.0,0.4,1.01,1.21,2.22,1.0,16.0,1.01,0.4,30.0,2122
4.6,1.1,1.1,2,0,0,17.0,2.6,0,8.0,1,0.27,0.62,0.27,0.62,0.0,0.0,0.24,0.47,1.88,0.0,12.0,0.24,0.0,43.0,2223
7.4,4.6,4.6,14,3,3,75.0,6.6,3,34.0,4,0.3,0.43,0.3,0.43,2.0,0.19,0.26,0.91,2.21,3.0,39.0,0.26,0.19,102.0,2223
12.7,7.4,7.4,26,9,9,156.0,11.3,9,68.0,10,0.29,0.44,0.29,0.44,11.0,0.35,0.39,1.02,2.67,12.0,70.0,0.39,0.35,175.0,2324
0.7,0.4,0.4,4,0,0,2.0,1.7,0,11.0,0,0.02,0.06,0.02,0.06,0.0,0.0,0.0,0.14,0.4,2.0,24.0,0.0,0.0,18.0,2223
1.2,0.3,0.3,1,0,0,8.0,0.7,0,6.0,1,0.04,0.08,0.04,0.08,0.0,0.0,0.11,0.11,0.68,0.0,6.0,0.11,0.0,12.0,2324
0.7,1.8,1.8,6,0,0,42.0,3.4,0,23.0,0,0.14,0.27,0.14,0.27,1.0,0.0,0.0,0.48,1.83,3.0,26.0,0.0,0.0,77.0,2223
1.0,0.7,0.7,2,1,1,3.0,0.9,1,3.0,1,0.5,0.65,0.5,0.65,0.0,0.74,0.74,1.49,2.23,1.0,2.0,0.74,0.74,8.0,2223
1.5,0.6,0.6,3,1,1,24.0,2.2,1,6.0,2,0.02,0.06,0.02,0.06,1.0,0.03,0.06,0.09,0.18,0.0,11.0,0.06,0.03,17.0,1819
2.3,2.1,2.1,7,3,3,21.0,2.8,3,8.0,4,0.08,0.11,0.08,0.11,2.0,0.11,0.15,0.26,0.3,1.0,7.0,0.15,0.11,3.0,2021
0.6,0.1,0.1,2,0,0,6.0,0.4,0,2.0,0,0.01,0.03,0.01,0.03,4.0,0.0,0.0,0.12,0.12,0.0,3.0,0.0,0.0,9.0,2223
0.2,1.4,1.4,5,1,1,15.0,2.3,1,15.0,1,0.28,0.46,0.28,0.46,0.0,0.2,0.2,1.02,3.05,0.0,13.0,0.2,0.2,27.0,2324
2.7,0.2,0.2,1,0,0,10.0,0.7,0,4.0,0,0.12,0.37,0.12,0.37,1.0,0.0,0.0,0.56,2.24,0.0,5.0,0.0,0.0,24.0,2324
2.0,1.7,1.7,6,3,3,39.0,2.4,3,19.0,3,0.06,0.08,0.06,0.08,0.0,0.1,0.1,0.2,0.64,3.0,28.0,0.1,0.1,67.0,2223
2.3,2.0,2.0,7,5,5,31.0,3.5,5,16.0,7,0.11,0.19,0.11,0.19,2.0,0.27,0.37,0.37,0.85,1.0,8.0,0.37,0.27,16.0,2324
1.2,1.3,1.3,2,1,1,18.0,1.8,1,11.0,2,0.04,0.05,0.04,0.05,2.0,0.03,0.06,0.06,0.34,0.0,19.0,0.06,0.03,68.0,1819
4.9,7.8,7.1,18,7,7,68.0,9.0,6,36.0,8,0.72,0.9,0.65,0.83,4.0,0.65,0.74,1.66,3.32,4.0,25.0,0.65,0.55,82.0,2122
1.5,4.9,4.1,7,3,3,36.0,4.7,2,21.0,3,0.59,0.67,0.5,0.57,5.0,0.36,0.36,0.84,2.53,3.0,21.0,0.24,0.24,48.0,2223
3.2,1.5,1.5,5,1,1,15.0,1.6,1,11.0,1,0.71,0.76,0.71,0.76,1.0,0.46,0.46,2.32,5.1,0.0,7.0,0.46,0.46,23.0,2223
3.1,3.2,3.2,7,4,4,31.0,4.8,4,17.0,5,0.53,0.79,0.53,0.79,6.0,0.66,0.82,1.15,2.79,3.0,20.0,0.82,0.66,44.0,2324
1.6,1.4,1.4,5,1,1,12.0,1.9,1,24.0,1,0.04,0.05,0.04,0.05,1.0,0.03,0.03,0.14,0.67,3.0,41.0,0.03,0.03,20.0,1819
1.9,2.2,2.2,8,1,1,36.0,3.7,1,29.0,3,0.09,0.15,0.09,0.15,1.0,0.04,0.12,0.33,1.18,4.0,56.0,0.12,0.04,58.0,2021
0.0,1.9,1.9,7,2,2,33.0,2.7,2,34.0,3,0.07,0.1,0.07,0.1,0.0,0.07,0.11,0.25,1.22,2.0,32.0,0.11,0.07,37.0,2122
1.9,1.1,1.1,8,2,2,16.0,1.8,2,19.0,2,0.06,0.09,0.06,0.09,1.0,0.1,0.1,0.4,0.94,2.0,30.0,0.1,0.1,21.0,2223
0.9,1.9,1.9,9,0,0,18.0,2.5,0,28.0,1,0.09,0.12,0.09,0.12,1.0,0.0,0.05,0.42,1.31,3.0,27.0,0.05,0.0,36.0,2324
0.1,0.9,0.9,3,0,0,14.0,1.9,0,16.0,0,0.09,0.18,0.09,0.18,0.0,0.0,0.0,0.29,1.55,3.0,15.0,0.0,0.0,11.0,2425
0.4,0.3,0.3,2,0,0,13.0,1.0,0,9.0,2,0.01,0.04,0.01,0.04,0.0,0.0,0.08,0.08,0.37,0.0,20.0,0.08,0.0,97.0,1819
0.2,0.4,0.4,1,0,0,15.0,0.9,0,16.0,0,0.01,0.03,0.01,0.03,1.0,0.0,0.0,0.04,0.6,0.0,17.0,0.0,0.0,71.0,1920
0.5,0.2,0.2,1,1,1,15.0,0.8,1,3.0,1,0.01,0.03,0.01,0.03,0.0,0.03,0.03,0.03,0.1,1.0,27.0,0.03,0.03,81.0,2021
0.0,0.8,0.8,2,0,0,14.0,0.9,0,11.0,0,0.04,0.05,0.04,0.05,0.0,0.0,0.0,0.1,0.57,0.0,3.0,0.0,0.0,2.0,1819
0.1,1.6,1.6,3,1,1,25.0,2.7,1,11.0,1,0.18,0.29,0.18,0.29,4.0,0.11,0.11,0.33,1.21,0.0,20.0,0.11,0.11,85.0,1819
0.3,0.3,0.3,3,0,0,26.0,3.2,0,9.0,5,0.01,0.1,0.01,0.1,4.0,0.0,0.15,0.09,0.27,0.0,29.0,0.15,0.0,95.0,1920
0.4,0.7,0.7,3,1,1,11.0,0.7,1,11.0,1,0.05,0.06,0.05,0.06,1.0,0.08,0.08,0.24,0.87,0.0,7.0,0.08,0.08,8.0,1819
0.0,0.4,0.4,2,1,1,7.0,0.4,1,7.0,1,0.05,0.05,0.05,0.05,0.0,0.12,0.12,0.24,0.82,0.0,4.0,0.12,0.12,11.0,1920
0.9,0.8,0.8,6,1,1,12.0,1.5,1,14.0,2,0.03,0.05,0.03,0.05,1.0,0.04,0.07,0.22,0.52,1.0,18.0,0.07,0.04,23.0,2122
1.7,2.2,2.2,12,1,1,20.0,5.6,1,59.0,2,0.15,0.38,0.15,0.38,8.0,0.07,0.14,0.83,4.08,6.0,39.0,0.14,0.07,105.0,1819
0.1,1.7,1.7,8,1,1,21.0,3.4,1,50.0,3,0.17,0.36,0.17,0.36,6.0,0.1,0.31,0.83,5.19,5.0,41.0,0.31,0.1,80.0,2122
0.9,0.2,0.2,1,0,0,13.0,0.5,0,5.0,0,0.07,0.16,0.07,0.16,2.0,0.0,0.0,0.33,1.67,1.0,5.0,0.0,0.0,35.0,2324
1.4,0.9,0.9,6,3,3,24.0,1.7,3,13.0,4,0.15,0.28,0.15,0.28,2.0,0.5,0.66,1.0,2.16,1.0,13.0,0.66,0.5,46.0,2122
1.2,1.4,1.4,4,2,2,36.0,3.7,2,16.0,4,0.09,0.23,0.09,0.23,3.0,0.13,0.26,0.26,1.02,1.0,25.0,0.26,0.13,131.0,2223
0.2,1.2,1.2,4,0,0,28.0,3.4,0,12.0,1,0.14,0.41,0.14,0.41,4.0,0.0,0.12,0.48,1.43,1.0,21.0,0.12,0.0,59.0,2324
0.2,0.5,0.5,1,0,0,29.0,2.6,0,14.0,0,0.03,0.13,0.03,0.13,0.0,0.0,0.0,0.05,0.68,3.0,19.0,0.0,0.0,117.0,1819
0.2,0.2,0.2,1,0,0,18.0,1.1,0,7.0,0,0.01,0.07,0.01,0.07,1.0,0.0,0.0,0.06,0.44,1.0,7.0,0.0,0.0,54.0,1920
1.0,2.3,2.3,7,1,1,31.0,2.9,1,18.0,2,0.08,0.1,0.08,0.1,5.0,0.04,0.07,0.25,0.64,1.0,22.0,0.07,0.04,60.0,2122
2.3,1.0,1.0,5,2,2,29.0,3.5,2,14.0,4,0.04,0.14,0.04,0.14,1.0,0.08,0.16,0.2,0.55,3.0,11.0,0.16,0.08,69.0,2223
0.3,2.3,2.3,2,1,1,23.0,2.7,1,12.0,1,0.19,0.23,0.19,0.23,0.0,0.08,0.08,0.17,0.99,0.0,2.0,0.08,0.08,20.0,2324
1.4,1.0,1.0,2,0,0,16.0,1.8,0,14.0,2,0.03,0.06,0.03,0.06,4.0,0.0,0.07,0.07,0.47,2.0,27.0,0.07,0.0,10.0,2021
0.0,1.7,1.7,3,0,0,19.0,2.0,0,15.0,0,0.14,0.16,0.14,0.16,2.0,0.0,0.0,0.24,1.21,5.0,10.0,0.0,0.0,26.0,2324
0.2,0.4,0.4,1,1,1,2.0,0.8,1,3.0,1,0.07,0.14,0.07,0.14,0.0,0.17,0.17,0.17,0.52,0.0,4.0,0.17,0.17,24.0,2021
0.1,0.2,0.2,1,1,1,9.0,0.7,1,5.0,1,0.01,0.05,0.01,0.05,0.0,0.06,0.06,0.06,0.32,0.0,23.0,0.06,0.06,67.0,2122
0.2,0.1,0.1,1,0,0,2.0,0.3,0,2.0,0,0.01,0.03,0.01,0.03,1.0,0.0,0.0,0.1,0.21,0.0,7.0,0.0,0.0,22.0,2223
1.1,0.2,0.2,2,0,0,4.0,0.2,0,6.0,0,0.03,0.03,0.03,0.03,1.0,0.0,0.0,0.33,0.99,0.0,6.0,0.0,0.0,33.0,2324
0.0,1.5,1.5,2,2,2,25.0,1.8,2,10.0,2,0.1,0.13,0.1,0.13,1.0,0.14,0.14,0.14,0.71,2.0,9.0,0.14,0.14,9.0,2324
0.2,1.1,1.1,4,1,1,28.0,3.2,1,9.0,1,0.06,0.18,0.06,0.18,4.0,0.06,0.06,0.22,0.5,0.0,42.0,0.06,0.06,100.0,2021
1.2,1.3,1.3,2,2,2,48.0,4.5,2,10.0,7,0.04,0.13,0.04,0.13,1.0,0.06,0.21,0.06,0.29,0.0,27.0,0.21,0.06,124.0,2223
0.5,1.2,1.2,6,4,4,64.0,5.0,4,13.0,8,0.03,0.15,0.03,0.15,11.0,0.12,0.24,0.18,0.39,2.0,26.0,0.24,0.12,162.0,2324
2.3,4.3,4.3,16,4,4,63.0,6.3,4,34.0,7,0.24,0.35,0.24,0.35,17.0,0.22,0.39,0.9,1.91,3.0,44.0,0.39,0.22,89.0,1920
0.3,0.4,0.4,3,1,1,10.0,0.9,1,10.0,2,0.09,0.22,0.09,0.22,2.0,0.23,0.47,0.7,2.34,1.0,10.0,0.47,0.23,46.0,2324
0.9,3.0,3.0,9,3,3,46.0,3.9,3,28.0,4,0.11,0.14,0.11,0.14,5.0,0.11,0.14,0.32,1.01,1.0,55.0,0.14,0.11,86.0,1819
1.6,0.9,0.9,3,2,2,21.0,1.8,2,14.0,3,0.04,0.08,0.04,0.08,0.0,0.09,0.13,0.13,0.61,2.0,17.0,0.13,0.09,47.0,1920
2.6,1.6,1.6,4,1,1,35.0,3.4,1,24.0,2,0.05,0.11,0.05,0.11,1.0,0.03,0.06,0.12,0.74,3.0,38.0,0.06,0.03,46.0,2223
1.4,2.6,2.6,9,4,4,32.0,3.9,4,23.0,4,0.09,0.14,0.09,0.14,1.0,0.14,0.14,0.32,0.81,0.0,29.0,0.14,0.14,37.0,2324
2.5,6.5,4.2,14,6,6,36.0,6.6,4,44.0,11,0.24,0.33,0.16,0.24,3.0,0.22,0.41,0.52,1.63,3.0,40.0,0.33,0.15,167.0,1819
4.3,2.5,2.5,10,2,2,14.0,4.9,2,42.0,4,0.12,0.23,0.12,0.23,2.0,0.09,0.19,0.47,1.99,3.0,29.0,0.19,0.09,58.0,1920
5.7,4.3,4.3,24,6,6,55.0,9.9,6,64.0,11,0.15,0.35,0.15,0.35,3.0,0.21,0.39,0.85,2.26,6.0,30.0,0.39,0.21,164.0,2021
0.2,9.9,4.4,10,9,9,66.0,11.1,2,44.0,15,0.37,0.62,0.16,0.41,2.0,0.33,0.56,0.37,1.63,7.0,31.0,0.3,0.07,139.0,2324
0.5,1.6,1.6,8,1,1,25.0,2.6,1,19.0,3,0.22,0.35,0.22,0.35,2.0,0.13,0.4,1.07,2.55,2.0,12.0,0.4,0.13,45.0,1819
0.2,0.7,0.7,1,0,0,12.0,1.4,0,10.0,0,0.08,0.14,0.08,0.14,0.0,0.0,0.0,0.1,1.01,1.0,9.0,0.0,0.0,49.0,1920
1.3,0.2,0.2,2,0,0,11.0,0.8,0,5.0,1,0.03,0.14,0.03,0.14,0.0,0.0,0.17,0.33,0.83,0.0,9.0,0.17,0.0,32.0,2021
1.2,1.3,1.3,6,3,3,38.0,3.8,3,15.0,6,0.11,0.3,0.11,0.3,1.0,0.24,0.47,0.47,1.18,1.0,14.0,0.47,0.24,87.0,2122
2.5,1.2,1.2,4,2,2,49.0,3.0,2,31.0,4,0.05,0.12,0.05,0.12,3.0,0.08,0.16,0.16,1.28,6.0,32.0,0.16,0.08,149.0,2223
0.5,2.5,2.5,9,1,1,68.0,6.9,1,35.0,6,0.09,0.25,0.09,0.25,2.0,0.04,0.21,0.32,1.25,5.0,32.0,0.21,0.04,161.0,2324
2.0,0.7,0.7,4,0,0,11.0,0.7,0,9.0,0,0.08,0.08,0.08,0.08,0.0,0.0,0.0,0.44,1.0,1.0,4.0,0.0,0.0,1.0,1819
0.3,3.5,3.5,12,2,2,55.0,4.0,2,45.0,2,0.22,0.25,0.22,0.25,7.0,0.13,0.13,0.75,2.82,5.0,37.0,0.13,0.13,87.0,1819
0.3,0.4,0.4,1,0,0,10.0,1.8,0,10.0,2,0.02,0.11,0.02,0.11,1.0,0.0,0.12,0.06,0.6,2.0,13.0,0.12,0.0,176.0,1920
0.0,0.3,0.3,2,2,2,15.0,0.6,2,6.0,3,0.03,0.06,0.03,0.06,1.0,0.19,0.28,0.19,0.57,1.0,16.0,0.28,0.19,74.0,2021
0.4,2.0,2.0,7,4,4,41.0,5.3,4,23.0,8,0.06,0.17,0.06,0.17,2.0,0.13,0.26,0.23,0.74,3.0,22.0,0.26,0.13,145.0,1920
0.7,0.4,0.4,3,0,0,29.0,1.7,0,11.0,0,0.02,0.08,0.02,0.08,0.0,0.0,0.0,0.14,0.51,0.0,18.0,0.0,0.0,167.0,2021
2.5,0.7,0.7,3,0,0,29.0,2.3,0,18.0,1,0.03,0.1,0.03,0.1,2.0,0.0,0.04,0.13,0.78,4.0,10.0,0.04,0.0,91.0,2122
0.7,2.5,2.5,12,4,4,47.0,5.0,4,34.0,5,0.09,0.18,0.09,0.18,5.0,0.15,0.19,0.44,1.26,4.0,11.0,0.19,0.15,65.0,2223
0.5,0.7,0.7,5,0,0,31.0,2.1,0,15.0,2,0.04,0.11,0.04,0.11,2.0,0.0,0.11,0.27,0.81,1.0,7.0,0.11,0.0,47.0,2324
0.0,0.1,0.1,1,0,0,0.0,0.5,0,3.0,2,0.0,0.03,0.0,0.03,1.0,0.0,0.1,0.05,0.15,0.0,7.0,0.1,0.0,12.0,1819
0.1,0.1,0.1,1,0,0,3.0,0.5,0,2.0,2,0.0,0.02,0.0,0.02,2.0,0.0,0.09,0.05,0.09,0.0,17.0,0.09,0.0,9.0,2021
0.4,0.5,0.5,3,0,0,23.0,4.3,0,12.0,5,0.02,0.16,0.02,0.16,1.0,0.0,0.19,0.11,0.45,2.0,27.0,0.19,0.0,126.0,2122
0.2,0.4,0.4,2,1,1,22.0,2.9,1,10.0,1,0.02,0.11,0.02,0.11,0.0,0.04,0.04,0.07,0.37,0.0,24.0,0.04,0.04,126.0,2223
1.6,2.3,2.3,4,2,2,32.0,3.5,2,24.0,3,0.07,0.11,0.07,0.11,2.0,0.06,0.09,0.13,0.75,3.0,15.0,0.09,0.06,6.0,2021
1.2,1.6,1.6,4,1,1,19.0,2.0,1,14.0,1,0.08,0.1,0.08,0.1,2.0,0.05,0.05,0.2,0.69,3.0,7.0,0.05,0.05,5.0,2122
0.3,0.6,0.6,3,2,2,7.0,1.0,2,5.0,2,0.07,0.11,0.07,0.11,0.0,0.21,0.21,0.32,0.54,2.0,3.0,0.21,0.21,0.0,2223
0.0,0.3,0.3,1,0,0,11.0,1.8,0,6.0,1,0.02,0.12,0.02,0.12,1.0,0.0,0.07,0.07,0.4,2.0,6.0,0.07,0.0,3.0,2324
2.0,1.0,1.0,3,1,1,17.0,3.0,1,10.0,3,0.05,0.15,0.05,0.15,0.0,0.05,0.15,0.15,0.5,2.0,13.0,0.15,0.05,2.0,1819
1.7,2.0,2.0,5,2,2,39.0,3.2,2,21.0,3,0.07,0.1,0.07,0.1,0.0,0.06,0.1,0.16,0.68,3.0,17.0,0.1,0.06,36.0,1920
1.9,1.7,1.7,1,0,0,49.0,4.1,0,20.0,3,0.06,0.14,0.06,0.14,1.0,0.0,0.1,0.03,0.69,5.0,25.0,0.1,0.0,51.0,2021
0.6,1.9,1.9,3,1,1,24.0,3.5,1,18.0,2,0.07,0.14,0.07,0.14,1.0,0.04,0.08,0.12,0.72,5.0,18.0,0.08,0.04,31.0,2122
0.3,1.8,1.8,5,3,3,44.0,4.1,3,12.0,5,0.13,0.29,0.13,0.29,0.0,0.21,0.35,0.35,0.84,2.0,40.0,0.35,0.21,106.0,1920
0.4,0.5,0.5,2,0,0,13.0,1.6,0,7.0,0,0.06,0.21,0.06,0.21,4.0,0.0,0.0,0.27,0.93,0.0,16.0,0.0,0.0,41.0,1920
0.0,1.2,1.2,5,1,1,17.0,1.2,1,11.0,2,0.09,0.09,0.09,0.09,0.0,0.07,0.15,0.37,0.81,3.0,4.0,0.15,0.07,3.0,2223
6.0,7.4,7.4,22,7,7,169.0,15.2,7,62.0,14,0.23,0.48,0.23,0.48,2.0,0.22,0.44,0.69,1.96,6.0,44.0,0.44,0.22,277.0,1819
2.8,6.0,6.0,15,6,6,142.0,10.9,6,52.0,13,0.26,0.48,0.26,0.48,2.0,0.27,0.58,0.67,2.31,11.0,24.0,0.58,0.27,259.0,1920
6.7,2.8,2.8,13,2,2,83.0,6.5,2,28.0,8,0.12,0.29,0.12,0.29,2.0,0.09,0.35,0.57,1.22,4.0,33.0,0.35,0.09,173.0,2021
2.2,6.7,6.7,19,8,8,179.0,13.2,8,47.0,12,0.21,0.42,0.21,0.42,9.0,0.25,0.38,0.6,1.48,9.0,54.0,0.38,0.25,277.0,2122
3.7,2.2,2.2,9,4,4,92.0,5.4,4,25.0,9,0.09,0.22,0.09,0.22,2.0,0.16,0.37,0.37,1.02,1.0,30.0,0.37,0.16,188.0,2223
3.9,3.7,3.7,15,6,6,146.0,11.3,6,34.0,15,0.13,0.4,0.13,0.4,3.0,0.21,0.52,0.52,1.19,1.0,43.0,0.52,0.21,260.0,2324
6.0,8.9,8.9,30,13,13,112.0,11.6,13,80.0,17,0.35,0.46,0.35,0.46,8.0,0.51,0.67,1.18,3.15,14.0,78.0,0.67,0.51,270.0,1718
3.7,6.0,6.0,28,7,7,118.0,8.6,7,66.0,9,0.25,0.36,0.25,0.36,18.0,0.3,0.38,1.19,2.81,4.0,64.0,0.38,0.3,288.0,1819
6.6,3.7,3.7,11,1,1,62.0,6.9,1,36.0,4,0.26,0.49,0.26,0.49,3.0,0.07,0.29,0.79,2.59,2.0,44.0,0.29,0.07,132.0,1920
0.7,0.3,0.3,1,0,0,14.0,0.3,0,8.0,0,0.13,0.13,0.13,0.13,2.0,0.0,0.0,0.41,3.27,1.0,12.0,0.0,0.0,13.0,2122
0.0,0.7,0.7,3,2,2,13.0,0.8,2,9.0,2,0.28,0.3,0.28,0.3,3.0,0.77,0.77,1.16,3.48,0.0,8.0,0.77,0.77,28.0,2223
2.5,1.4,1.4,4,0,0,21.0,2.1,0,10.0,1,0.27,0.4,0.27,0.4,4.0,0.0,0.19,0.77,1.92,2.0,13.0,0.19,0.0,29.0,2324
10.9,12.7,12.7,26,11,11,111.0,14.5,11,64.0,11,0.53,0.6,0.53,0.6,13.0,0.46,0.46,1.08,2.65,9.0,104.0,0.46,0.46,119.0,2122
6.8,10.9,10.1,20,10,10,130.0,12.6,9,60.0,11,0.46,0.57,0.43,0.53,9.0,0.42,0.47,0.85,2.54,5.0,114.0,0.42,0.38,121.0,2223
0.1,0.5,0.5,3,1,1,6.0,3.1,1,15.0,3,0.02,0.14,0.02,0.14,0.0,0.04,0.13,0.13,0.66,3.0,10.0,0.13,0.04,22.0,1819
0.6,1.2,1.2,10,0,0,11.0,1.8,0,23.0,1,0.06,0.09,0.06,0.09,0.0,0.0,0.05,0.53,1.23,3.0,26.0,0.05,0.0,31.0,2324
0.1,1.0,1.0,6,3,3,27.0,2.8,3,20.0,5,0.12,0.31,0.12,0.31,6.0,0.34,0.56,0.68,2.25,0.0,27.0,0.56,0.34,100.0,2223
0.0,0.1,0.1,2,0,0,13.0,0.4,0,4.0,0,0.04,0.15,0.04,0.15,2.0,0.0,0.0,0.81,1.63,2.0,5.0,0.0,0.0,39.0,2324
0.5,0.9,0.9,3,0,0,5.0,2.3,0,18.0,1,0.04,0.11,0.04,0.11,1.0,0.0,0.05,0.15,0.87,2.0,29.0,0.05,0.0,17.0,2122
1.0,0.5,0.5,1,0,0,4.0,0.8,0,6.0,1,0.09,0.13,0.09,0.13,0.0,0.0,0.18,0.18,1.07,0.0,6.0,0.18,0.0,4.0,2223
0.1,1.0,1.0,5,0,0,12.0,3.0,0,25.0,1,0.04,0.13,0.04,0.13,0.0,0.0,0.04,0.21,1.06,2.0,28.0,0.04,0.0,33.0,2324
0.0,0.2,0.2,1,0,0,16.0,2.2,0,3.0,4,0.01,0.11,0.01,0.11,2.0,0.0,0.2,0.05,0.15,1.0,26.0,0.2,0.0,92.0,2122
0.9,1.4,1.4,6,3,3,56.0,3.0,3,19.0,5,0.05,0.11,0.05,0.11,7.0,0.11,0.19,0.22,0.71,3.0,39.0,0.19,0.11,118.0,1819
0.5,1.8,1.8,7,1,1,28.0,3.2,1,43.0,2,0.09,0.16,0.09,0.16,0.0,0.05,0.1,0.36,2.21,3.0,23.0,0.1,0.05,69.0,1819
3.9,3.8,3.8,8,5,5,81.0,4.9,5,34.0,7,0.14,0.19,0.14,0.19,3.0,0.19,0.27,0.3,1.29,3.0,50.0,0.27,0.19,138.0,2021
4.6,3.9,3.9,10,4,4,77.0,5.6,4,31.0,5,0.14,0.2,0.14,0.2,11.0,0.15,0.18,0.36,1.13,5.0,53.0,0.18,0.15,186.0,2223
0.8,4.6,4.6,8,6,6,55.0,6.4,6,33.0,8,0.28,0.4,0.28,0.4,4.0,0.38,0.51,0.51,2.09,3.0,33.0,0.51,0.38,95.0,2324
6.2,5.1,3.6,8,2,2,36.0,3.7,1,25.0,2,0.47,0.48,0.33,0.34,9.0,0.18,0.18,0.73,2.28,6.0,27.0,0.09,0.09,65.0,1718
0.0,6.2,6.2,9,5,5,49.0,7.5,5,33.0,6,0.39,0.47,0.39,0.47,12.0,0.31,0.38,0.56,2.06,3.0,39.0,0.38,0.31,75.0,1819
1.2,2.0,2.0,13,1,1,32.0,6.8,1,32.0,4,0.07,0.23,0.07,0.23,4.0,0.03,0.14,0.45,1.1,3.0,62.0,0.14,0.03,169.0,1819
0.7,1.2,1.2,2,1,1,23.0,2.3,1,14.0,1,0.1,0.19,0.1,0.19,1.0,0.08,0.08,0.16,1.13,2.0,28.0,0.08,0.08,53.0,2021
8.4,3.8,3.8,12,3,3,76.0,6.1,3,36.0,5,0.18,0.28,0.18,0.28,14.0,0.14,0.23,0.56,1.69,0.0,54.0,0.23,0.14,79.0,1920
7.7,8.4,4.4,10,11,11,72.0,5.2,6,33.0,11,0.53,0.58,0.28,0.33,6.0,0.7,0.7,0.64,2.1,4.0,49.0,0.38,0.38,72.0,2021
14.9,7.7,5.3,16,10,10,84.0,8.0,7,35.0,10,0.44,0.59,0.31,0.46,8.0,0.57,0.57,0.92,2.0,2.0,46.0,0.4,0.4,102.0,2122
0.6,14.9,10.2,21,15,15,118.0,13.0,10,58.0,18,0.57,0.67,0.39,0.49,22.0,0.57,0.68,0.8,2.21,5.0,81.0,0.49,0.38,147.0,2223
9.3,1.4,1.4,3,0,0,19.0,1.6,0,8.0,0,0.48,0.58,0.48,0.58,1.0,0.0,0.0,1.05,2.81,0.0,5.0,0.0,0.0,19.0,2324
10.1,4.7,4.7,15,3,3,62.0,7.8,3,24.0,5,0.26,0.43,0.26,0.43,16.0,0.17,0.28,0.83,1.33,2.0,41.0,0.28,0.17,95.0,1819
0.0,10.1,10.1,20,8,8,80.0,12.7,8,47.0,10,0.42,0.54,0.42,0.54,14.0,0.34,0.42,0.84,1.98,6.0,37.0,0.42,0.34,148.0,1920
2.6,6.8,6.8,15,10,10,73.0,8.4,10,40.0,13,0.4,0.49,0.4,0.49,13.0,0.58,0.75,0.87,2.32,8.0,39.0,0.75,0.58,113.0,2021
0.3,2.6,1.8,6,6,6,44.0,3.0,5,16.0,7,0.22,0.33,0.16,0.26,4.0,0.52,0.6,0.52,1.38,2.0,26.0,0.52,0.43,55.0,2122
11.9,7.9,6.3,19,8,8,118.0,9.0,8,50.0,10,0.26,0.35,0.2,0.29,11.0,0.26,0.33,0.62,1.63,4.0,63.0,0.33,0.26,166.0,2223
3.4,11.9,8.7,23,15,15,71.0,10.1,11,43.0,16,0.5,0.55,0.36,0.42,14.0,0.63,0.67,0.96,1.8,1.0,69.0,0.5,0.46,100.0,2324
1.8,0.5,0.5,1,0,0,13.0,2.2,0,12.0,1,0.04,0.16,0.04,0.16,0.0,0.0,0.07,0.07,0.88,0.0,12.0,0.07,0.0,31.0,1819
0.3,1.8,1.8,3,2,2,21.0,3.1,2,11.0,2,0.18,0.3,0.18,0.3,1.0,0.19,0.19,0.29,1.06,0.0,10.0,0.19,0.19,35.0,1920
0.9,0.6,0.6,3,0,0,38.0,6.2,0,14.0,9,0.03,0.28,0.03,0.28,2.0,0.0,0.4,0.13,0.62,2.0,28.0,0.4,0.0,200.0,2021
0.0,1.0,1.0,6,2,2,20.0,7.6,2,15.0,9,0.05,0.35,0.05,0.35,0.0,0.09,0.41,0.28,0.69,1.0,20.0,0.41,0.09,152.0,2223
1.0,0.2,0.2,1,0,0,4.0,0.5,0,2.0,1,0.04,0.09,0.04,0.09,0.0,0.0,0.2,0.2,0.4,0.0,5.0,0.2,0.0,4.0,1718
0.8,1.0,1.0,4,1,1,17.0,1.4,1,11.0,1,0.04,0.05,0.04,0.05,1.0,0.04,0.04,0.15,0.41,0.0,8.0,0.04,0.04,7.0,1819
0.2,1.0,1.0,3,1,1,37.0,4.0,1,22.0,1,0.03,0.13,0.03,0.13,0.0,0.03,0.03,0.1,0.71,3.0,31.0,0.03,0.03,50.0,2122
0.1,0.8,0.8,5,1,1,7.0,2.2,1,22.0,2,0.04,0.12,0.04,0.12,0.0,0.05,0.1,0.26,1.15,0.0,43.0,0.1,0.05,10.0,2122
0.0,0.3,0.3,1,0,0,3.0,0.7,0,11.0,0,0.03,0.07,0.03,0.07,1.0,0.0,0.0,0.11,1.21,0.0,13.0,0.0,0.0,15.0,2324
0.5,0.8,0.8,2,0,0,21.0,2.1,0,14.0,2,0.04,0.1,0.04,0.1,1.0,0.0,0.09,0.09,0.65,4.0,15.0,0.09,0.0,3.0,2324
0.0,0.4,0.4,1,1,1,6.0,1.0,1,3.0,2,0.07,0.16,0.07,0.16,0.0,0.16,0.32,0.16,0.48,0.0,6.0,0.32,0.16,10.0,1819
0.4,0.3,0.3,3,0,0,5.0,1.2,0,8.0,1,0.01,0.06,0.01,0.06,0.0,0.0,0.05,0.14,0.38,0.0,21.0,0.05,0.0,38.0,2021
5.7,3.7,3.7,9,3,3,43.0,4.5,3,20.0,3,0.44,0.54,0.44,0.54,2.0,0.36,0.36,1.08,2.41,2.0,28.0,0.36,0.36,63.0,1819
12.5,5.7,5.0,17,7,7,85.0,7.8,6,38.0,8,0.29,0.42,0.25,0.39,13.0,0.35,0.4,0.84,1.89,4.0,58.0,0.35,0.3,115.0,1920
5.4,12.5,8.6,22,14,14,129.0,10.4,9,58.0,15,0.39,0.44,0.26,0.32,14.0,0.43,0.46,0.68,1.78,8.0,87.0,0.31,0.28,163.0,2021
3.9,8.8,8.0,21,16,16,75.0,11.1,15,47.0,22,0.31,0.43,0.29,0.4,13.0,0.57,0.79,0.75,1.68,5.0,71.0,0.75,0.54,140.0,2223
7.1,3.9,3.1,9,4,4,35.0,3.6,3,28.0,4,0.31,0.35,0.24,0.28,3.0,0.31,0.31,0.71,2.2,3.0,37.0,0.24,0.24,57.0,2324
2.4,1.4,1.4,2,1,1,27.0,3.4,1,19.0,2,0.05,0.13,0.05,0.13,3.0,0.04,0.08,0.08,0.76,3.0,41.0,0.08,0.04,115.0,1819
0.0,2.4,2.4,4,1,1,37.0,4.2,1,28.0,4,0.1,0.18,0.1,0.18,3.0,0.04,0.17,0.17,1.16,3.0,52.0,0.17,0.04,142.0,1920
0.1,3.4,3.4,13,5,5,108.0,7.4,5,27.0,13,0.22,0.46,0.22,0.46,7.0,0.31,0.81,0.81,1.69,2.0,36.0,0.81,0.31,156.0,2223
13.4,4.5,4.5,11,4,4,103.0,9.8,4,31.0,11,0.3,0.64,0.3,0.64,4.0,0.26,0.72,0.72,2.04,1.0,45.0,0.72,0.26,217.0,2324
0.2,1.2,1.2,5,1,1,35.0,2.7,1,7.0,2,0.29,0.64,0.29,0.64,0.0,0.24,0.48,1.2,1.68,0.0,18.0,0.48,0.24,49.0,1819
4.1,3.4,3.4,8,4,4,51.0,4.9,4,26.0,7,0.25,0.36,0.25,0.36,0.0,0.29,0.51,0.59,1.91,3.0,43.0,0.51,0.29,69.0,2021
6.0,4.1,4.1,6,3,3,63.0,6.4,3,30.0,6,0.2,0.31,0.2,0.31,4.0,0.15,0.29,0.29,1.46,3.0,64.0,0.29,0.15,104.0,2122
5.7,6.0,6.0,16,6,6,65.0,11.5,6,35.0,13,0.28,0.54,0.28,0.54,2.0,0.28,0.61,0.75,1.64,6.0,74.0,0.61,0.28,116.0,2223
5.3,5.7,5.7,17,8,8,93.0,10.1,8,38.0,14,0.33,0.59,0.33,0.59,5.0,0.47,0.82,0.99,2.21,6.0,48.0,0.82,0.47,166.0,2324
2.1,5.5,4.7,25,6,6,70.0,8.7,5,70.0,13,0.21,0.36,0.18,0.33,11.0,0.23,0.5,0.96,2.68,10.0,50.0,0.46,0.19,158.0,1819
8.2,2.1,2.1,8,0,0,38.0,3.1,0,25.0,2,0.13,0.19,0.13,0.19,5.0,0.0,0.12,0.49,1.52,0.0,42.0,0.12,0.0,113.0,1920
4.6,8.2,7.4,21,9,9,70.0,9.8,8,49.0,9,0.28,0.36,0.25,0.33,5.0,0.3,0.3,0.71,1.65,4.0,77.0,0.27,0.27,144.0,2021
5.6,4.6,4.6,16,4,4,78.0,7.9,4,56.0,9,0.14,0.24,0.14,0.24,9.0,0.12,0.27,0.48,1.67,7.0,78.0,0.27,0.12,161.0,2122
4.2,5.6,5.6,21,8,8,60.0,9.3,8,60.0,12,0.21,0.35,0.21,0.35,2.0,0.3,0.45,0.79,2.24,3.0,49.0,0.45,0.3,138.0,2223
3.6,4.2,4.2,15,5,5,63.0,8.4,5,66.0,11,0.16,0.31,0.16,0.31,3.0,0.19,0.41,0.56,2.46,10.0,57.0,0.41,0.19,121.0,2324
1.2,3.5,3.5,12,4,4,93.0,7.6,4,30.0,7,0.19,0.42,0.19,0.42,9.0,0.22,0.38,0.66,1.65,5.0,70.0,0.38,0.22,167.0,2324
1.2,0.4,0.4,2,1,1,8.0,0.5,1,4.0,1,0.02,0.03,0.02,0.03,0.0,0.05,0.05,0.11,0.22,0.0,7.0,0.05,0.05,2.0,2021
0.3,1.2,1.2,3,1,1,19.0,1.5,1,10.0,1,0.05,0.07,0.05,0.07,0.0,0.04,0.04,0.13,0.44,3.0,2.0,0.04,0.04,6.0,2122
1.3,0.6,0.6,4,1,1,10.0,1.2,1,6.0,1,0.15,0.31,0.15,0.31,2.0,0.25,0.25,1.01,1.51,1.0,6.0,0.25,0.25,34.0,1718
0.3,0.4,0.4,2,0,0,22.0,0.7,0,6.0,0,0.05,0.08,0.05,0.08,0.0,0.0,0.0,0.23,0.69,1.0,16.0,0.0,0.0,50.0,2122
0.1,0.3,0.3,2,0,0,22.0,2.0,0,7.0,3,0.05,0.27,0.05,0.27,2.0,0.0,0.42,0.28,0.98,1.0,16.0,0.42,0.0,35.0,2223
0.2,0.2,0.2,1,0,0,2.0,0.3,0,1.0,0,0.11,0.13,0.11,0.13,0.0,0.0,0.0,0.48,0.48,1.0,2.0,0.0,0.0,7.0,2021
10.4,4.2,4.2,13,5,5,67.0,7.1,5,26.0,6,0.28,0.47,0.28,0.47,8.0,0.33,0.4,0.87,1.74,3.0,56.0,0.4,0.33,111.0,1819
7.7,10.4,9.6,18,8,8,89.0,13.9,8,45.0,13,0.6,0.85,0.56,0.81,13.0,0.46,0.75,1.05,2.61,6.0,73.0,0.75,0.46,120.0,1920
8.4,7.7,7.7,20,5,5,83.0,9.0,5,41.0,7,0.48,0.56,0.48,0.56,11.0,0.31,0.44,1.25,2.56,10.0,66.0,0.44,0.31,124.0,2021
8.5,8.4,8.4,23,9,9,102.0,13.1,9,48.0,12,0.36,0.57,0.36,0.57,20.0,0.37,0.5,0.96,1.99,4.0,90.0,0.5,0.37,158.0,2122
10.8,0.7,0.7,3,1,1,18.0,0.8,1,6.0,1,0.35,0.41,0.35,0.41,3.0,0.49,0.49,1.48,2.97,0.0,8.0,0.49,0.49,20.0,2324
1.4,2.3,2.3,9,3,3,35.0,3.1,3,21.0,4,0.08,0.1,0.08,0.1,0.0,0.1,0.13,0.3,0.7,1.0,10.0,0.13,0.1,7.0,2021
1.2,1.4,1.4,6,3,3,17.0,1.8,3,14.0,3,0.05,0.06,0.05,0.06,0.0,0.1,0.1,0.2,0.47,3.0,5.0,0.1,0.1,5.0,2122
1.5,1.2,1.2,3,0,0,27.0,1.5,0,16.0,0,0.04,0.06,0.04,0.06,0.0,0.0,0.0,0.11,0.58,2.0,7.0,0.0,0.0,7.0,2223
10.4,10.3,10.3,19,5,5,154.0,18.3,5,50.0,15,0.44,0.79,0.44,0.79,12.0,0.22,0.65,0.82,2.16,6.0,35.0,0.65,0.22,293.0,2324
0.4,0.6,0.6,4,1,1,36.0,4.9,1,15.0,8,0.02,0.18,0.02,0.18,3.0,0.04,0.3,0.15,0.56,1.0,23.0,0.3,0.04,139.0,2223
0.4,1.3,1.3,1,0,0,34.0,1.8,0,24.0,0,0.04,0.06,0.04,0.06,1.0,0.0,0.0,0.03,0.81,4.0,6.0,0.0,0.0,11.0,1920
0.3,0.9,0.9,2,1,1,24.0,1.5,1,12.0,2,0.04,0.06,0.04,0.06,0.0,0.04,0.09,0.09,0.52,4.0,20.0,0.09,0.04,9.0,2223
9.7,16.1,8.2,40,18,18,124.0,19.6,9,111.0,30,0.47,0.8,0.24,0.57,3.0,0.52,0.87,1.16,3.22,14.0,56.0,0.61,0.26,263.0,2021
9.3,9.7,8.1,29,10,10,100.0,17.1,10,87.0,16,0.28,0.54,0.23,0.5,3.0,0.29,0.46,0.84,2.52,10.0,46.0,0.46,0.29,190.0,2122
0.0,0.7,0.7,1,0,0,8.0,1.0,0,7.0,1,0.04,0.05,0.04,0.05,0.0,0.0,0.05,0.05,0.37,1.0,4.0,0.05,0.0,1.0,1819
3.1,2.6,1.8,12,3,3,23.0,3.9,2,25.0,4,0.13,0.24,0.09,0.2,0.0,0.15,0.21,0.62,1.28,1.0,25.0,0.15,0.1,56.0,2021
2.8,1.0,1.0,2,0,0,20.0,4.7,0,11.0,3,0.06,0.26,0.06,0.26,1.0,0.0,0.17,0.11,0.61,0.0,25.0,0.17,0.0,41.0,2122
0.9,1.0,1.0,5,2,2,25.0,2.7,2,14.0,4,0.09,0.23,0.09,0.23,1.0,0.17,0.34,0.43,1.19,3.0,17.0,0.34,0.17,83.0,1920
1.6,3.8,3.8,10,4,4,41.0,6.2,4,43.0,7,0.14,0.23,0.14,0.23,0.0,0.15,0.26,0.37,1.6,5.0,28.0,0.26,0.15,47.0,1819
2.4,1.6,1.6,9,1,1,19.0,3.1,1,29.0,4,0.09,0.17,0.09,0.17,0.0,0.06,0.22,0.5,1.62,4.0,16.0,0.22,0.06,16.0,1920
2.2,2.4,2.4,8,1,1,22.0,3.6,1,28.0,4,0.1,0.16,0.1,0.16,4.0,0.04,0.17,0.33,1.17,4.0,19.0,0.17,0.04,33.0,2021
2.6,2.2,2.2,5,2,2,42.0,4.8,2,40.0,2,0.08,0.16,0.08,0.16,1.0,0.07,0.07,0.17,1.34,7.0,19.0,0.07,0.07,24.0,2122
4.0,2.6,1.8,5,1,1,39.0,3.2,1,28.0,2,0.08,0.12,0.06,0.1,2.0,0.03,0.06,0.15,0.86,5.0,25.0,0.06,0.03,27.0,2223
0.9,1.0,1.0,4,1,1,14.0,1.6,1,9.0,2,0.1,0.17,0.1,0.17,1.0,0.11,0.22,0.43,0.97,3.0,15.0,0.22,0.11,36.0,1819
0.7,0.9,0.9,3,1,1,10.0,1.5,1,8.0,5,0.08,0.12,0.08,0.12,1.0,0.08,0.4,0.24,0.64,1.0,24.0,0.4,0.08,27.0,1920
0.0,1.0,1.0,4,1,1,32.0,1.6,1,14.0,1,0.15,0.26,0.15,0.26,4.0,0.16,0.16,0.65,2.26,1.0,21.0,0.16,0.16,54.0,1920
0.0,3.6,3.4,16,4,4,84.0,8.4,4,40.0,7,0.14,0.34,0.13,0.33,12.0,0.16,0.28,0.64,1.59,3.0,86.0,0.28,0.16,217.0,2021
0.1,1.4,1.4,2,0,0,30.0,2.8,0,11.0,1,0.16,0.34,0.16,0.34,7.0,0.0,0.12,0.24,1.31,0.0,48.0,0.12,0.0,64.0,2122
2.9,0.1,0.1,1,0,0,2.0,0.3,0,2.0,1,0.06,0.17,0.06,0.17,1.0,0.0,0.61,0.61,1.22,0.0,5.0,0.61,0.0,15.0,2223
0.8,2.9,2.9,4,2,2,25.0,3.5,2,17.0,4,0.28,0.35,0.28,0.35,3.0,0.2,0.39,0.39,1.67,1.0,31.0,0.39,0.2,75.0,2223
2.3,0.8,0.8,1,0,0,18.0,1.0,0,4.0,0,0.32,0.41,0.32,0.41,1.0,0.0,0.0,0.43,1.72,1.0,9.0,0.0,0.0,49.0,2324
9.8,9.6,8.8,32,9,9,125.0,16.3,8,70.0,17,0.3,0.53,0.27,0.5,6.0,0.28,0.53,0.99,2.17,0.0,72.0,0.5,0.25,235.0,2223
12.3,9.8,7.4,16,9,9,111.0,12.1,6,50.0,15,0.45,0.66,0.34,0.55,3.0,0.41,0.69,0.73,2.3,5.0,67.0,0.55,0.28,195.0,2324
2.7,0.5,0.5,4,0,0,15.0,0.7,0,7.0,0,0.23,0.34,0.23,0.34,1.0,0.0,0.0,1.97,3.44,0.0,3.0,0.0,0.0,28.0,2324
6.9,1.0,1.0,4,1,1,59.0,4.3,1,13.0,6,0.05,0.22,0.05,0.22,10.0,0.05,0.31,0.21,0.67,2.0,42.0,0.31,0.05,143.0,1920
10.3,6.9,6.9,20,5,5,142.0,11.3,5,61.0,8,0.24,0.4,0.24,0.4,15.0,0.18,0.28,0.71,2.15,9.0,75.0,0.28,0.18,269.0,2021
11.2,10.3,8.7,29,11,11,214.0,16.3,9,95.0,18,0.31,0.54,0.26,0.49,17.0,0.33,0.54,0.88,2.87,10.0,85.0,0.48,0.27,388.0,2122
15.5,11.2,9.1,29,14,14,237.0,17.6,12,86.0,25,0.32,0.56,0.26,0.5,9.0,0.4,0.71,0.82,2.43,11.0,78.0,0.65,0.34,520.0,2223
0.0,0.8,0.8,2,1,1,8.0,1.3,1,8.0,1,0.13,0.21,0.13,0.21,3.0,0.16,0.16,0.32,1.3,0.0,9.0,0.16,0.16,39.0,1819
0.0,0.3,0.3,3,0,0,5.0,0.5,0,5.0,0,0.04,0.07,0.04,0.07,1.0,0.0,0.0,0.4,0.66,0.0,12.0,0.0,0.0,17.0,1718
0.7,1.0,1.0,6,2,2,50.0,7.5,2,19.0,10,0.03,0.25,0.03,0.25,2.0,0.07,0.34,0.2,0.64,3.0,36.0,0.34,0.07,208.0,2122
0.2,0.7,0.7,6,1,1,36.0,6.0,1,10.0,10,0.02,0.19,0.02,0.19,1.0,0.03,0.31,0.19,0.31,1.0,27.0,0.31,0.03,141.0,2223
0.2,0.2,0.2,1,0,0,19.0,1.5,0,6.0,5,0.03,0.22,0.03,0.22,1.0,0.0,0.72,0.14,0.87,0.0,11.0,0.72,0.0,54.0,2324
0.7,1.9,1.9,5,3,3,20.0,2.1,3,14.0,3,0.08,0.08,0.08,0.08,1.0,0.12,0.12,0.2,0.55,1.0,9.0,0.12,0.12,2.0,2021
2.8,2.9,2.9,12,4,4,52.0,4.2,4,27.0,5,0.23,0.34,0.23,0.34,3.0,0.32,0.4,0.95,2.15,4.0,55.0,0.4,0.32,93.0,2324
0.6,0.5,0.5,2,0,0,12.0,0.5,0,7.0,0,0.04,0.04,0.04,0.04,0.0,0.0,0.0,0.19,0.66,1.0,12.0,0.0,0.0,12.0,2223
0.6,0.6,0.6,3,0,0,22.0,1.4,0,13.0,1,0.02,0.04,0.02,0.04,0.0,0.0,0.03,0.09,0.4,2.0,20.0,0.03,0.0,4.0,2324
1.9,0.7,0.7,3,0,0,23.0,2.2,0,6.0,1,0.16,0.5,0.16,0.5,3.0,0.0,0.23,0.69,1.37,1.0,11.0,0.23,0.0,59.0,1819
1.3,1.9,1.9,4,1,1,49.0,4.0,1,21.0,6,0.2,0.41,0.2,0.41,3.0,0.1,0.63,0.42,2.19,3.0,29.0,0.63,0.1,116.0,1920
2.5,1.3,1.3,6,2,2,58.0,4.1,2,23.0,5,0.11,0.35,0.11,0.35,5.0,0.17,0.42,0.51,1.95,0.0,14.0,0.42,0.17,155.0,2021
0.2,2.5,2.5,7,1,1,56.0,4.6,1,18.0,3,0.23,0.43,0.23,0.43,4.0,0.09,0.28,0.65,1.68,3.0,22.0,0.28,0.09,102.0,2122
2.7,0.2,0.2,1,0,0,10.0,0.9,0,4.0,1,0.03,0.14,0.03,0.14,2.0,0.0,0.15,0.15,0.6,2.0,7.0,0.15,0.0,44.0,2223
2.5,2.7,2.7,20,8,8,77.0,5.5,8,38.0,9,0.13,0.27,0.13,0.27,9.0,0.39,0.44,0.97,1.84,4.0,34.0,0.44,0.39,173.0,2324
9.9,13.4,11.9,27,14,14,150.0,17.2,13,63.0,23,0.48,0.67,0.42,0.61,19.0,0.5,0.82,0.96,2.24,6.0,96.0,0.78,0.46,197.0,1819
12.4,9.9,9.9,21,8,8,143.0,12.8,8,55.0,9,0.31,0.39,0.31,0.39,32.0,0.25,0.28,0.65,1.7,6.0,107.0,0.28,0.25,197.0,1920
6.2,12.4,9.3,16,12,12,89.0,12.1,8,45.0,17,0.54,0.66,0.4,0.52,22.0,0.52,0.73,0.69,1.94,3.0,73.0,0.56,0.35,116.0,2021
17.4,6.2,4.6,12,8,8,69.0,5.1,6,33.0,8,0.4,0.43,0.3,0.33,17.0,0.52,0.52,0.78,2.14,1.0,59.0,0.39,0.39,52.0,2122
8.8,17.4,15.1,31,18,18,124.0,17.8,15,70.0,23,0.84,0.97,0.72,0.85,15.0,0.86,1.1,1.49,3.36,7.0,72.0,0.96,0.72,118.0,2223
0.4,8.8,7.2,18,9,9,77.0,7.8,7,33.0,10,0.8,0.85,0.65,0.71,4.0,0.82,0.91,1.63,3.0,5.0,47.0,0.73,0.64,77.0,2324
0.8,2.3,2.3,11,2,2,38.0,3.2,2,35.0,2,0.08,0.11,0.08,0.11,0.0,0.07,0.07,0.38,1.22,4.0,32.0,0.07,0.07,28.0,1819
0.4,0.8,0.8,2,1,1,27.0,2.4,1,12.0,2,0.06,0.2,0.06,0.2,0.0,0.08,0.16,0.16,0.98,4.0,15.0,0.16,0.08,67.0,1920
0.1,0.2,0.2,1,1,1,8.0,0.3,1,3.0,1,0.02,0.03,0.02,0.03,0.0,0.11,0.11,0.11,0.32,1.0,3.0,0.11,0.11,1.0,2122
5.7,5.5,5.5,9,4,4,69.0,8.3,4,42.0,5,0.27,0.41,0.27,0.41,13.0,0.2,0.25,0.44,2.06,5.0,61.0,0.25,0.2,114.0,2324
1.4,0.1,0.1,1,0,0,2.0,0.1,0,1.0,0,0.04,0.04,0.04,0.04,0.0,0.0,0.0,0.52,0.52,0.0,3.0,0.0,0.0,2.0,1920
0.1,1.4,1.4,4,1,1,9.0,1.5,1,12.0,1,0.17,0.19,0.17,0.19,3.0,0.12,0.12,0.49,1.47,0.0,11.0,0.12,0.12,25.0,1920
1.8,1.7,1.7,8,2,2,16.0,4.3,2,30.0,4,0.11,0.29,0.11,0.29,0.0,0.13,0.26,0.53,1.98,8.0,28.0,0.26,0.13,51.0,2021
2.3,1.8,1.8,14,1,1,14.0,3.1,1,46.0,3,0.07,0.12,0.07,0.12,1.0,0.04,0.12,0.54,1.78,4.0,45.0,0.12,0.04,65.0,2122
1.2,2.3,2.3,10,2,2,28.0,3.9,2,33.0,4,0.1,0.17,0.1,0.17,3.0,0.08,0.17,0.42,1.4,2.0,47.0,0.17,0.08,78.0,2223
0.7,1.2,1.2,5,1,1,22.0,2.8,1,16.0,2,0.11,0.25,0.11,0.25,3.0,0.09,0.18,0.44,1.41,1.0,25.0,0.18,0.09,45.0,2324
0.9,0.7,0.7,4,0,0,22.0,2.0,0,15.0,2,0.06,0.17,0.06,0.17,0.0,0.0,0.17,0.33,1.24,3.0,23.0,0.17,0.0,43.0,2425
1.2,1.0,1.0,6,1,1,33.0,1.3,1,14.0,3,0.19,0.25,0.19,0.25,2.0,0.19,0.57,1.13,2.65,2.0,13.0,0.57,0.19,81.0,1920
2.7,1.2,1.2,8,1,1,21.0,2.5,1,21.0,4,0.18,0.39,0.18,0.39,0.0,0.16,0.64,1.27,3.34,4.0,18.0,0.64,0.16,39.0,1920
1.5,2.7,2.7,8,2,2,34.0,4.0,2,23.0,3,0.31,0.47,0.31,0.47,0.0,0.23,0.35,0.93,2.68,4.0,26.0,0.35,0.23,65.0,2021
2.7,1.5,1.5,8,1,1,31.0,2.5,1,27.0,2,0.24,0.41,0.24,0.41,0.0,0.16,0.32,1.3,4.39,7.0,15.0,0.32,0.16,52.0,2122
1.2,2.7,2.7,20,3,3,71.0,4.7,3,54.0,8,0.12,0.2,0.12,0.2,9.0,0.13,0.34,0.84,2.27,6.0,56.0,0.34,0.13,185.0,2223
2.4,1.2,1.2,6,1,1,25.0,2.4,1,24.0,2,0.14,0.28,0.14,0.28,1.0,0.12,0.23,0.7,2.8,0.0,20.0,0.23,0.12,66.0,2324
0.5,0.3,0.3,1,1,1,3.0,0.5,1,2.0,1,0.03,0.05,0.03,0.05,0.0,0.1,0.1,0.1,0.21,0.0,11.0,0.1,0.1,15.0,2021
1.7,0.4,0.4,2,0,0,12.0,0.5,0,11.0,1,0.09,0.12,0.09,0.12,0.0,0.0,0.24,0.47,2.61,0.0,8.0,0.24,0.0,9.0,2324
0.1,1.7,1.7,11,2,2,19.0,3.4,2,26.0,5,0.2,0.4,0.2,0.4,1.0,0.24,0.59,1.3,3.06,3.0,14.0,0.59,0.24,21.0,2425
2.8,1.0,1.0,6,0,0,52.0,3.9,0,22.0,3,0.05,0.2,0.05,0.2,1.0,0.0,0.16,0.31,1.15,0.0,21.0,0.16,0.0,88.0,2324
3.4,4.6,3.8,14,6,6,63.0,5.5,5,30.0,7,0.33,0.44,0.27,0.39,15.0,0.43,0.5,0.99,2.13,4.0,26.0,0.43,0.35,89.0,1819
3.2,3.4,3.4,6,2,2,35.0,4.3,2,18.0,3,0.45,0.57,0.45,0.57,7.0,0.26,0.39,0.78,2.35,1.0,23.0,0.39,0.26,36.0,1920
0.9,3.2,3.2,12,5,5,38.0,4.2,5,20.0,5,0.36,0.48,0.36,0.48,6.0,0.57,0.57,1.37,2.29,1.0,20.0,0.57,0.57,52.0,2021
0.8,0.5,0.5,2,0,0,5.0,0.6,0,12.0,0,0.09,0.11,0.09,0.11,0.0,0.0,0.0,0.38,2.26,1.0,12.0,0.0,0.0,12.0,2223
0.1,0.3,0.3,4,0,0,33.0,3.5,0,6.0,3,0.01,0.11,0.01,0.11,4.0,0.0,0.1,0.13,0.19,1.0,36.0,0.1,0.0,196.0,2021
0.3,0.0,0.0,1,0,0,0.0,0.0,0,1.0,0,0.02,0.02,0.02,0.02,0.0,0.0,0.0,0.83,0.83,0.0,0.0,0.0,0.0,0.0,2223
1.1,9.8,9.0,18,10,10,75.0,12.0,9,46.0,13,0.4,0.52,0.37,0.49,8.0,0.41,0.53,0.74,1.88,6.0,73.0,0.49,0.37,106.0,1920
0.2,1.1,1.1,4,1,1,13.0,1.8,1,7.0,3,0.26,0.41,0.26,0.41,0.0,0.23,0.69,0.92,1.62,0.0,19.0,0.69,0.23,33.0,2021
1.5,2.4,2.4,5,1,1,42.0,2.9,1,21.0,1,0.34,0.42,0.34,0.42,9.0,0.14,0.14,0.71,3.0,1.0,19.0,0.14,0.14,54.0,2223
1.0,0.5,0.5,1,0,0,6.0,0.8,0,8.0,0,0.03,0.04,0.03,0.04,1.0,0.0,0.0,0.05,0.4,2.0,12.0,0.0,0.0,54.0,2021
0.1,1.0,1.0,1,0,0,11.0,2.2,0,6.0,0,0.04,0.09,0.04,0.09,0.0,0.0,0.0,0.04,0.26,0.0,22.0,0.0,0.0,89.0,2122
4.1,4.2,4.2,17,1,1,57.0,7.9,1,45.0,5,0.16,0.3,0.16,0.3,1.0,0.04,0.19,0.65,1.71,4.0,50.0,0.19,0.04,156.0,1718
1.7,4.1,4.1,14,2,2,64.0,8.2,2,41.0,8,0.15,0.3,0.15,0.3,1.0,0.07,0.29,0.51,1.5,6.0,47.0,0.29,0.07,147.0,1819
9.5,1.7,1.7,4,2,2,40.0,3.1,2,18.0,2,0.07,0.13,0.07,0.13,1.0,0.09,0.09,0.17,0.78,1.0,34.0,0.09,0.09,87.0,1920
9.1,9.5,2.4,9,11,11,33.0,7.1,4,28.0,19,0.31,0.47,0.08,0.23,0.0,0.36,0.63,0.3,0.92,3.0,29.0,0.39,0.13,30.0,2021
0.9,9.1,3.5,14,11,11,53.0,7.6,4,34.0,16,0.33,0.48,0.13,0.28,2.0,0.4,0.58,0.51,1.24,2.0,39.0,0.33,0.15,89.0,2122
1.5,1.6,1.6,6,3,3,25.0,3.0,3,10.0,5,0.12,0.23,0.12,0.23,0.0,0.23,0.38,0.45,0.76,2.0,20.0,0.38,0.23,67.0,2223
1.8,1.5,1.5,5,2,2,36.0,3.9,2,14.0,4,0.12,0.32,0.12,0.32,1.0,0.17,0.33,0.41,1.16,2.0,14.0,0.33,0.17,59.0,2324
1.2,2.7,2.7,5,2,2,38.0,3.6,2,15.0,3,0.47,0.63,0.47,0.63,9.0,0.34,0.52,0.86,2.58,3.0,25.0,0.52,0.34,31.0,1819
1.6,3.3,3.3,12,5,5,57.0,4.0,5,21.0,7,0.27,0.33,0.27,0.33,6.0,0.41,0.57,0.97,1.7,0.0,48.0,0.57,0.41,46.0,2223
0.0,1.6,1.6,5,2,2,15.0,2.4,2,9.0,2,0.46,0.69,0.46,0.69,6.0,0.57,0.57,1.43,2.57,0.0,11.0,0.57,0.57,13.0,2324
0.8,0.4,0.4,3,1,1,14.0,0.5,1,5.0,1,0.06,0.08,0.06,0.08,2.0,0.15,0.15,0.46,0.76,1.0,12.0,0.15,0.15,27.0,2223
0.8,0.8,0.8,2,2,2,6.0,1.2,2,5.0,3,0.14,0.2,0.14,0.2,0.0,0.34,0.51,0.34,0.85,1.0,11.0,0.51,0.34,8.0,2223
0.5,0.8,0.8,3,1,1,27.0,1.8,1,12.0,2,0.06,0.12,0.06,0.12,3.0,0.07,0.14,0.21,0.82,4.0,29.0,0.14,0.07,55.0,2324
0.4,0.6,0.6,1,0,0,11.0,1.6,0,4.0,1,0.19,0.47,0.19,0.47,0.0,0.0,0.3,0.3,1.2,0.0,9.0,0.3,0.0,14.0,2122
0.2,0.4,0.4,1,0,0,17.0,1.0,0,5.0,0,0.1,0.26,0.1,0.26,1.0,0.0,0.0,0.25,1.27,1.0,11.0,0.0,0.0,21.0,2223
0.6,0.2,0.2,2,1,1,12.0,0.5,1,3.0,2,0.06,0.19,0.06,0.19,0.0,0.4,0.79,0.79,1.19,1.0,5.0,0.79,0.4,19.0,2324
4.2,2.6,2.6,8,3,3,33.0,3.5,3,40.0,3,0.1,0.14,0.1,0.14,0.0,0.12,0.12,0.31,1.56,8.0,14.0,0.12,0.12,23.0,1819
2.5,6.2,6.2,11,6,6,59.0,8.8,6,46.0,10,0.19,0.27,0.19,0.27,4.0,0.19,0.31,0.34,1.43,2.0,30.0,0.31,0.19,45.0,2021
3.4,2.5,2.5,9,1,1,29.0,5.3,1,41.0,4,0.09,0.19,0.09,0.19,4.0,0.04,0.14,0.32,1.44,2.0,33.0,0.14,0.04,30.0,2122
1.9,3.5,3.5,9,1,1,45.0,4.5,1,39.0,3,0.16,0.2,0.16,0.2,6.0,0.05,0.14,0.41,1.77,3.0,15.0,0.14,0.05,36.0,2324
3.2,5.6,4.8,17,6,6,79.0,7.3,5,52.0,9,0.2,0.3,0.18,0.27,16.0,0.22,0.33,0.62,1.9,2.0,125.0,0.29,0.18,185.0,1819
0.0,3.2,3.2,7,3,3,46.0,4.3,3,31.0,4,0.42,0.56,0.42,0.56,2.0,0.4,0.53,0.92,4.08,6.0,30.0,0.53,0.4,63.0,1920
0.8,1.2,1.2,5,2,2,28.0,1.4,2,13.0,2,0.03,0.04,0.03,0.04,1.0,0.06,0.06,0.15,0.39,0.0,20.0,0.06,0.06,9.0,2223
0.4,0.8,0.8,3,1,1,16.0,0.9,1,7.0,1,0.03,0.04,0.03,0.04,1.0,0.04,0.04,0.12,0.29,0.0,20.0,0.04,0.04,9.0,2324
2.2,1.3,1.3,5,1,1,31.0,2.4,1,18.0,4,0.05,0.08,0.05,0.08,1.0,0.04,0.14,0.18,0.64,1.0,5.0,0.14,0.04,1.0,2324
0.2,3.7,3.7,10,3,3,32.0,4.4,3,24.0,4,0.44,0.52,0.44,0.52,2.0,0.36,0.48,1.19,2.86,4.0,25.0,0.48,0.36,32.0,2021
2.0,2.4,2.4,12,3,3,59.0,6.4,3,39.0,10,0.16,0.42,0.16,0.42,4.0,0.2,0.65,0.79,2.55,3.0,38.0,0.65,0.2,164.0,1819
0.3,2.0,2.0,9,3,3,47.0,4.6,3,27.0,3,0.2,0.47,0.2,0.47,0.0,0.31,0.31,0.93,2.78,4.0,26.0,0.31,0.31,101.0,1920
8.3,6.4,5.6,19,10,10,96.0,9.9,9,57.0,12,0.26,0.44,0.23,0.41,12.0,0.41,0.49,0.78,2.33,6.0,64.0,0.45,0.37,307.0,2122
0.5,5.0,5.0,17,3,3,66.0,5.9,3,37.0,6,0.43,0.5,0.43,0.5,8.0,0.25,0.51,1.44,3.14,4.0,39.0,0.51,0.25,90.0,1819
1.0,0.5,0.5,2,1,1,7.0,1.1,1,4.0,1,0.27,0.55,0.27,0.55,1.0,0.51,0.51,1.02,2.03,1.0,3.0,0.51,0.51,11.0,1920
0.0,1.0,1.0,3,1,1,27.0,1.1,1,11.0,1,0.29,0.35,0.29,0.35,1.0,0.31,0.31,0.93,3.4,1.0,8.0,0.31,0.31,27.0,1920
0.1,0.3,0.3,3,0,0,12.0,0.3,0,6.0,0,0.01,0.02,0.01,0.02,1.0,0.0,0.0,0.17,0.34,0.0,4.0,0.0,0.0,5.0,2324
0.5,1.5,1.5,5,1,1,13.0,2.5,1,10.0,1,0.14,0.23,0.14,0.23,0.0,0.09,0.09,0.47,0.93,1.0,11.0,0.09,0.09,31.0,1819
3.2,0.5,0.5,2,0,0,19.0,2.6,0,10.0,3,0.05,0.25,0.05,0.25,1.0,0.0,0.29,0.19,0.97,1.0,7.0,0.29,0.0,57.0,1920
0.0,3.2,1.6,2,2,2,27.0,4.9,0,8.0,5,0.33,0.67,0.16,0.51,0.0,0.21,0.51,0.21,0.82,0.0,17.0,0.31,0.0,48.0,2021
1.1,0.9,0.9,3,0,0,15.0,1.4,0,14.0,1,0.16,0.24,0.16,0.24,1.0,0.0,0.17,0.51,2.4,2.0,16.0,0.17,0.0,40.0,1819
1.8,3.1,3.1,9,5,5,45.0,3.5,5,27.0,5,0.1,0.11,0.1,0.11,0.0,0.16,0.16,0.28,0.85,3.0,24.0,0.16,0.16,49.0,2223
0.6,0.3,0.3,2,0,0,5.0,1.8,0,7.0,1,0.03,0.2,0.03,0.2,1.0,0.0,0.11,0.22,0.76,0.0,8.0,0.11,0.0,22.0,1819
2.1,0.6,0.6,3,0,0,10.0,1.7,0,14.0,1,0.04,0.12,0.04,0.12,3.0,0.0,0.07,0.2,0.94,0.0,18.0,0.07,0.0,37.0,1920
1.1,2.1,2.1,7,4,4,27.0,3.9,4,28.0,6,0.08,0.14,0.08,0.14,2.0,0.15,0.22,0.26,1.04,3.0,34.0,0.22,0.15,92.0,2021
0.8,1.1,1.1,7,1,1,18.0,2.1,1,22.0,1,0.05,0.11,0.05,0.11,0.0,0.05,0.05,0.35,1.09,3.0,34.0,0.05,0.05,57.0,2122
1.3,0.8,0.8,6,2,2,5.0,2.3,2,19.0,2,0.06,0.19,0.06,0.19,1.0,0.16,0.16,0.49,1.54,2.0,10.0,0.16,0.16,47.0,2223
0.2,1.3,1.3,4,2,2,10.0,2.9,2,15.0,3,0.13,0.29,0.13,0.29,2.0,0.2,0.3,0.4,1.49,1.0,5.0,0.3,0.2,41.0,2324
4.6,12.2,6.7,24,14,14,114.0,8.1,8,56.0,15,0.63,0.7,0.35,0.42,13.0,0.72,0.78,1.24,2.9,2.0,35.0,0.47,0.41,122.0,1819
0.0,2.1,2.1,4,3,3,36.0,2.4,3,19.0,5,0.21,0.24,0.21,0.24,7.0,0.3,0.49,0.39,1.87,0.0,33.0,0.49,0.3,48.0,2021
1.4,1.4,1.4,5,2,2,37.0,4.8,2,23.0,9,0.07,0.23,0.07,0.23,0.0,0.1,0.43,0.24,1.09,3.0,28.0,0.43,0.1,63.0,1819
0.6,1.4,1.4,2,1,1,23.0,3.9,1,16.0,4,0.06,0.16,0.06,0.16,0.0,0.04,0.17,0.08,0.68,1.0,28.0,0.17,0.04,19.0,1920
1.6,0.6,0.6,2,0,0,12.0,1.1,0,4.0,0,0.03,0.06,0.03,0.06,0.0,0.0,0.0,0.11,0.22,0.0,20.0,0.0,0.0,18.0,2021
0.3,1.6,1.6,3,1,1,14.0,2.5,1,10.0,5,0.09,0.14,0.09,0.14,0.0,0.06,0.29,0.17,0.57,1.0,22.0,0.29,0.06,14.0,2122
7.3,7.1,6.3,24,10,10,133.0,12.4,9,44.0,18,0.31,0.59,0.28,0.55,6.0,0.44,0.8,1.07,1.95,2.0,83.0,0.76,0.4,219.0,2324
0.0,0.2,0.2,2,1,1,8.0,0.4,1,3.0,1,0.01,0.02,0.01,0.02,1.0,0.05,0.05,0.11,0.16,0.0,26.0,0.05,0.05,57.0,2021
0.4,3.6,3.3,7,2,2,47.0,4.1,2,31.0,4,0.33,0.41,0.3,0.38,9.0,0.18,0.37,0.64,2.84,5.0,30.0,0.37,0.18,44.0,1819
0.0,0.4,0.4,3,1,1,31.0,1.0,1,12.0,1,0.03,0.06,0.03,0.06,0.0,0.06,0.06,0.17,0.68,1.0,12.0,0.06,0.06,82.0,1819
0.2,0.1,0.1,2,0,0,10.0,1.5,0,3.0,1,0.0,0.06,0.0,0.06,1.0,0.0,0.04,0.07,0.11,2.0,21.0,0.04,0.0,68.0,2021
0.0,0.2,0.2,1,1,1,18.0,1.5,1,10.0,2,0.01,0.06,0.01,0.06,2.0,0.04,0.08,0.04,0.39,2.0,18.0,0.08,0.04,81.0,2324
7.1,9.8,9.8,31,9,9,97.0,14.8,9,55.0,14,0.33,0.5,0.33,0.5,19.0,0.3,0.47,1.05,1.86,7.0,88.0,0.47,0.3,149.0,2021
6.7,7.1,7.1,24,7,7,94.0,10.1,7,49.0,10,0.31,0.45,0.31,0.45,7.0,0.31,0.44,1.06,2.16,4.0,59.0,0.44,0.31,153.0,2122
9.0,6.7,6.7,14,5,5,103.0,9.5,5,47.0,8,0.3,0.43,0.3,0.43,14.0,0.23,0.36,0.63,2.12,5.0,66.0,0.36,0.23,115.0,2223
1.6,1.3,1.3,5,2,2,20.0,2.4,2,35.0,3,0.05,0.08,0.05,0.08,0.0,0.07,0.1,0.17,1.2,3.0,31.0,0.1,0.07,44.0,2021
1.4,1.6,1.6,11,1,1,17.0,5.1,1,31.0,5,0.05,0.16,0.05,0.16,0.0,0.03,0.15,0.34,0.95,4.0,36.0,0.15,0.03,32.0,2122
0.0,0.1,0.1,1,0,0,2.0,0.1,0,1.0,0,0.02,0.02,0.02,0.02,0.0,0.0,0.0,0.28,0.28,0.0,6.0,0.0,0.0,5.0,1819
2.7,0.1,0.1,1,0,0,4.0,0.1,0,2.0,0,0.06,0.08,0.06,0.08,0.0,0.0,0.0,0.6,1.2,0.0,8.0,0.0,0.0,4.0,2122
2.7,1.1,1.1,8,0,0,35.0,2.2,0,20.0,2,0.05,0.11,0.05,0.11,3.0,0.0,0.09,0.38,0.95,6.0,24.0,0.09,0.0,31.0,1819
0.7,2.7,2.7,4,1,1,53.0,3.6,1,24.0,2,0.1,0.13,0.1,0.13,2.0,0.04,0.07,0.14,0.85,2.0,44.0,0.07,0.04,55.0,1920
0.5,0.7,0.7,2,1,1,24.0,1.6,1,7.0,1,0.02,0.05,0.02,0.05,0.0,0.03,0.03,0.06,0.2,1.0,17.0,0.03,0.03,11.0,2021
0.3,0.4,0.4,5,1,1,14.0,1.1,1,6.0,1,0.04,0.11,0.04,0.11,1.0,0.1,0.1,0.51,0.61,0.0,15.0,0.1,0.1,14.0,2223
0.2,0.6,0.6,2,2,2,2.0,1.3,2,6.0,2,0.05,0.1,0.05,0.1,0.0,0.14,0.14,0.14,0.43,1.0,3.0,0.14,0.14,0.0,1819
1.1,1.5,1.5,5,0,0,32.0,2.7,0,24.0,3,0.15,0.28,0.15,0.28,1.0,0.0,0.3,0.51,2.43,1.0,32.0,0.3,0.0,67.0,2223
0.8,0.9,0.9,2,1,1,12.0,1.1,1,13.0,2,0.06,0.06,0.06,0.06,0.0,0.06,0.12,0.12,0.77,1.0,5.0,0.12,0.06,5.0,1718
3.6,3.2,3.2,12,3,3,41.0,7.4,3,30.0,5,0.17,0.39,0.17,0.39,2.0,0.16,0.26,0.63,1.58,2.0,42.0,0.26,0.16,102.0,2122
6.6,3.6,2.9,13,5,5,69.0,7.6,4,43.0,7,0.17,0.4,0.14,0.37,3.0,0.24,0.33,0.62,2.05,6.0,36.0,0.29,0.19,142.0,2223
2.9,6.6,5.8,24,8,8,124.0,13.8,8,53.0,15,0.23,0.51,0.2,0.49,3.0,0.28,0.53,0.84,1.86,9.0,53.0,0.53,0.28,259.0,2324
0.7,0.9,0.9,2,1,1,15.0,1.0,1,7.0,1,0.09,0.1,0.09,0.1,1.0,0.1,0.1,0.2,0.69,0.0,5.0,0.1,0.1,3.0,1920
0.1,0.7,0.7,4,0,0,14.0,0.9,0,8.0,0,0.03,0.04,0.03,0.04,0.0,0.0,0.0,0.16,0.33,2.0,4.0,0.0,0.0,1.0,2223
10.1,3.0,3.0,6,1,1,56.0,3.2,1,31.0,1,0.38,0.41,0.38,0.41,0.0,0.13,0.13,0.76,3.93,1.0,24.0,0.13,0.13,35.0,2223
0.7,1.2,1.2,1,1,1,17.0,1.6,1,9.0,2,0.08,0.11,0.08,0.11,0.0,0.07,0.14,0.07,0.62,1.0,8.0,0.14,0.07,7.0,2122
1.4,0.6,0.6,3,1,1,21.0,1.0,1,11.0,2,0.03,0.04,0.03,0.04,1.0,0.04,0.09,0.13,0.47,2.0,7.0,0.09,0.04,1.0,2324
0.5,1.9,1.7,5,3,3,48.0,2.5,3,19.0,5,0.07,0.09,0.06,0.09,1.0,0.11,0.18,0.18,0.67,1.0,7.0,0.18,0.11,12.0,1920
2.4,0.5,0.5,1,0,0,15.0,1.1,0,7.0,1,0.04,0.09,0.04,0.09,1.0,0.0,0.08,0.08,0.57,0.0,8.0,0.08,0.0,2.0,2021
1.7,2.4,2.4,3,3,3,23.0,2.8,3,10.0,3,0.1,0.12,0.1,0.12,0.0,0.13,0.13,0.13,0.43,2.0,6.0,0.13,0.13,5.0,2122
0.0,1.7,1.7,4,3,3,34.0,2.1,3,17.0,4,0.05,0.07,0.05,0.07,1.0,0.1,0.13,0.13,0.54,1.0,10.0,0.13,0.1,7.0,2223
15.7,8.8,8.8,23,10,10,118.0,12.6,10,59.0,12,0.31,0.44,0.31,0.44,53.0,0.35,0.42,0.8,2.05,9.0,92.0,0.42,0.35,199.0,1819
13.0,15.7,14.9,28,14,14,105.0,16.7,13,64.0,15,0.58,0.64,0.55,0.62,35.0,0.52,0.55,1.03,2.36,4.0,78.0,0.52,0.48,160.0,1920
4.2,13.0,11.4,37,12,12,129.0,13.4,10,68.0,15,0.43,0.49,0.38,0.44,24.0,0.39,0.49,1.21,2.23,5.0,79.0,0.43,0.33,217.0,2021
1.8,3.1,2.3,6,2,2,49.0,3.4,1,20.0,2,0.21,0.28,0.16,0.23,10.0,0.14,0.14,0.41,1.36,2.0,44.0,0.07,0.07,60.0,2122
1.0,1.8,1.0,3,2,2,16.0,1.3,1,8.0,2,0.37,0.43,0.21,0.27,3.0,0.4,0.4,0.61,1.61,1.0,12.0,0.2,0.2,23.0,2223
11.9,1.0,1.0,1,1,1,8.0,1.2,1,3.0,1,0.23,0.28,0.23,0.28,3.0,0.24,0.24,0.24,0.73,1.0,11.0,0.24,0.24,12.0,2223
13.4,11.9,11.9,26,14,14,92.0,14.0,14,48.0,15,0.59,0.69,0.59,0.69,7.0,0.7,0.75,1.29,2.38,7.0,50.0,0.75,0.7,76.0,2324
0.2,0.7,0.7,2,0,0,6.0,1.0,0,3.0,1,0.14,0.21,0.14,0.21,0.0,0.0,0.2,0.4,0.61,0.0,0.0,0.2,0.0,9.0,2223
0.1,0.2,0.2,2,1,1,5.0,0.2,1,5.0,1,0.01,0.01,0.01,0.01,1.0,0.08,0.08,0.15,0.38,1.0,6.0,0.08,0.08,1.0,2324
0.2,2.1,2.1,14,1,1,37.0,3.7,1,28.0,1,0.13,0.22,0.13,0.22,4.0,0.06,0.06,0.84,1.69,4.0,48.0,0.06,0.06,72.0,1819
5.1,3.4,3.4,8,1,1,49.0,4.2,1,26.0,2,0.37,0.47,0.37,0.47,10.0,0.11,0.22,0.88,2.87,1.0,27.0,0.22,0.11,53.0,1819
8.3,5.1,5.1,19,2,2,81.0,7.7,2,41.0,3,0.36,0.55,0.36,0.55,12.0,0.14,0.21,1.36,2.93,4.0,47.0,0.21,0.14,79.0,1920
4.9,8.3,8.3,33,10,10,118.0,9.1,10,71.0,11,0.41,0.45,0.41,0.45,14.0,0.5,0.55,1.64,3.52,2.0,59.0,0.55,0.5,124.0,2021
1.9,5.4,5.4,28,8,8,67.0,12.8,8,83.0,20,0.17,0.42,0.17,0.42,2.0,0.26,0.65,0.91,2.69,10.0,61.0,0.65,0.26,132.0,1819
2.0,1.9,1.9,9,2,2,16.0,3.8,2,26.0,4,0.15,0.31,0.15,0.31,2.0,0.16,0.33,0.74,2.13,0.0,23.0,0.33,0.16,32.0,1920
1.4,2.0,2.0,9,1,1,25.0,4.9,1,24.0,3,0.26,0.62,0.26,0.62,0.0,0.13,0.38,1.15,3.07,2.0,12.0,0.38,0.13,45.0,1920
1.3,1.4,1.4,12,3,3,24.0,4.2,3,30.0,3,0.09,0.27,0.09,0.27,1.0,0.19,0.19,0.78,1.95,4.0,18.0,0.19,0.19,49.0,2021
5.0,1.3,1.3,8,1,1,12.0,4.8,1,22.0,5,0.12,0.46,0.12,0.46,0.0,0.1,0.48,0.77,2.11,1.0,18.0,0.48,0.1,22.0,2122
1.0,5.0,5.0,11,1,1,35.0,9.2,1,39.0,9,0.22,0.4,0.22,0.4,3.0,0.04,0.4,0.48,1.71,3.0,24.0,0.4,0.04,66.0,2223
1.4,1.0,1.0,4,1,1,12.0,3.3,1,13.0,3,0.08,0.26,0.08,0.26,1.0,0.08,0.24,0.32,1.03,0.0,8.0,0.24,0.08,23.0,2324
0.1,0.2,0.2,1,0,0,1.0,0.3,0,5.0,0,0.03,0.04,0.03,0.04,1.0,0.0,0.0,0.12,0.58,0.0,11.0,0.0,0.0,18.0,1920
2.4,2.5,2.5,5,0,0,42.0,4.6,0,29.0,5,0.11,0.2,0.11,0.2,3.0,0.0,0.22,0.22,1.29,2.0,36.0,0.22,0.0,65.0,1819
0.4,2.4,2.4,11,3,3,45.0,4.9,3,35.0,5,0.09,0.18,0.09,0.18,4.0,0.11,0.18,0.41,1.29,4.0,35.0,0.18,0.11,71.0,1920
0.2,0.3,0.3,1,0,0,6.0,1.0,0,7.0,1,0.02,0.06,0.02,0.06,0.0,0.0,0.06,0.06,0.43,1.0,11.0,0.06,0.0,9.0,2021
0.3,0.2,0.2,1,1,1,7.0,0.6,1,5.0,2,0.01,0.03,0.01,0.03,1.0,0.05,0.1,0.05,0.24,1.0,18.0,0.1,0.05,17.0,2223
0.5,1.2,1.2,7,1,1,49.0,6.4,1,27.0,5,0.04,0.21,0.04,0.21,6.0,0.03,0.16,0.23,0.88,3.0,18.0,0.16,0.03,128.0,2223
0.8,0.5,0.5,2,1,1,14.0,2.6,1,6.0,3,0.04,0.22,0.04,0.22,1.0,0.08,0.25,0.17,0.51,1.0,11.0,0.25,0.08,63.0,2324
0.9,1.5,1.5,2,0,0,17.0,2.1,0,8.0,0,0.08,0.12,0.08,0.12,0.0,0.0,0.0,0.11,0.45,1.0,6.0,0.0,0.0,1.0,1819
0.9,0.9,0.9,1,0,0,18.0,1.8,0,9.0,2,0.04,0.07,0.04,0.07,0.0,0.0,0.08,0.04,0.36,0.0,12.0,0.08,0.0,0.0,1920
1.5,1.2,1.2,2,1,1,9.0,1.6,1,7.0,2,0.12,0.17,0.12,0.17,0.0,0.1,0.21,0.21,0.73,1.0,5.0,0.21,0.1,1.0,2324
1.8,1.1,1.1,3,1,1,16.0,1.3,1,10.0,2,0.32,0.37,0.32,0.37,0.0,0.3,0.6,0.9,2.99,0.0,14.0,0.6,0.3,22.0,1920
3.2,1.8,1.8,9,5,5,49.0,2.8,5,22.0,7,0.17,0.28,0.17,0.28,6.0,0.49,0.69,0.89,2.16,1.0,32.0,0.69,0.49,76.0,1920
5.3,3.2,3.2,6,1,1,53.0,4.3,1,17.0,2,0.29,0.39,0.29,0.39,5.0,0.09,0.18,0.54,1.54,1.0,50.0,0.18,0.09,86.0,2021
1.9,5.3,5.3,13,4,4,111.0,9.0,4,42.0,8,0.26,0.43,0.26,0.43,7.0,0.19,0.39,0.63,2.03,5.0,80.0,0.39,0.19,203.0,2223
2.7,1.9,1.9,7,2,2,50.0,3.7,2,24.0,3,0.16,0.31,0.16,0.31,0.0,0.17,0.25,0.58,1.98,2.0,48.0,0.25,0.17,110.0,2324
1.1,2.7,2.7,5,1,1,22.0,3.3,1,16.0,1,0.47,0.59,0.47,0.59,2.0,0.18,0.18,0.89,2.84,2.0,13.0,0.18,0.18,39.0,2425
0.1,1.0,1.0,2,2,2,13.0,1.3,2,5.0,2,0.08,0.1,0.08,0.1,0.0,0.16,0.16,0.16,0.4,1.0,14.0,0.16,0.16,11.0,2324
3.5,1.6,1.6,8,1,1,42.0,4.7,1,19.0,4,0.08,0.24,0.08,0.24,0.0,0.05,0.2,0.41,0.97,4.0,14.0,0.2,0.05,8.0,2223
4.3,3.5,3.5,7,2,2,57.0,5.4,2,35.0,3,0.12,0.19,0.12,0.19,1.0,0.07,0.11,0.25,1.26,3.0,21.0,0.11,0.07,42.0,2324
0.0,0.1,0.1,1,1,1,2.0,0.3,1,3.0,2,0.02,0.05,0.02,0.05,0.0,0.19,0.38,0.19,0.58,0.0,7.0,0.38,0.19,4.0,1920
9.0,4.8,4.8,10,4,4,69.0,7.4,4,27.0,8,0.47,0.72,0.47,0.72,7.0,0.39,0.77,0.97,2.61,4.0,39.0,0.77,0.39,109.0,1819
4.9,6.1,6.1,16,4,4,112.0,8.9,4,43.0,6,0.32,0.46,0.32,0.46,4.0,0.21,0.31,0.83,2.23,2.0,67.0,0.31,0.21,160.0,2021
1.7,4.9,4.9,11,6,6,69.0,6.2,6,28.0,8,0.34,0.43,0.34,0.43,4.0,0.42,0.56,0.77,1.95,4.0,50.0,0.56,0.42,108.0,2122
8.0,1.7,1.7,6,1,1,43.0,2.3,1,19.0,2,0.18,0.26,0.18,0.26,0.0,0.11,0.22,0.66,2.08,3.0,26.0,0.22,0.11,76.0,2223
12.0,8.0,8.0,31,12,12,128.0,12.8,12,65.0,20,0.28,0.44,0.28,0.44,4.0,0.42,0.69,1.07,2.25,6.0,70.0,0.69,0.42,293.0,2324
5.9,8.8,8.8,23,7,7,82.0,11.0,7,55.0,9,0.53,0.66,0.53,0.66,6.0,0.42,0.54,1.39,3.32,8.0,47.0,0.54,0.42,105.0,1920
7.0,5.9,5.9,21,6,6,95.0,9.4,6,61.0,9,0.23,0.36,0.23,0.36,1.0,0.23,0.34,0.8,2.32,5.0,91.0,0.34,0.23,133.0,2021
7.1,7.0,7.0,17,7,7,76.0,10.8,7,42.0,9,0.33,0.51,0.33,0.51,1.0,0.33,0.43,0.81,2.0,1.0,61.0,0.43,0.33,116.0,2122
4.5,3.7,3.7,11,5,5,67.0,5.2,5,31.0,6,0.28,0.41,0.28,0.41,1.0,0.39,0.47,0.85,2.41,5.0,38.0,0.47,0.39,86.0,2324
0.4,1.0,1.0,3,2,2,14.0,1.9,2,8.0,3,0.08,0.15,0.08,0.15,0.0,0.16,0.24,0.24,0.63,0.0,24.0,0.24,0.16,17.0,1819
0.3,0.3,0.3,1,0,0,11.0,1.3,0,9.0,2,0.01,0.06,0.01,0.06,0.0,0.0,0.09,0.04,0.4,1.0,23.0,0.09,0.0,17.0,2021
0.4,0.3,0.3,1,0,0,5.0,0.7,0,3.0,0,0.04,0.08,0.04,0.08,0.0,0.0,0.0,0.12,0.36,0.0,12.0,0.0,0.0,10.0,2122
0.1,0.4,0.4,1,0,0,41.0,2.4,0,6.0,0,0.01,0.1,0.01,0.1,4.0,0.0,0.0,0.04,0.24,1.0,26.0,0.0,0.0,60.0,2223
0.3,0.0,0.0,1,0,0,1.0,0.0,0,2.0,0,0.03,0.03,0.03,0.03,0.0,0.0,0.0,0.57,1.15,0.0,0.0,0.0,0.0,0.0,2122
0.9,1.2,1.2,3,3,3,9.0,1.6,3,6.0,3,0.1,0.13,0.1,0.13,0.0,0.24,0.24,0.24,0.49,0.0,3.0,0.24,0.24,11.0,1920
0.1,0.5,0.5,3,1,1,6.0,0.7,1,4.0,1,0.05,0.07,0.05,0.07,0.0,0.1,0.1,0.31,0.41,1.0,13.0,0.1,0.1,46.0,1819
2.2,2.0,2.0,10,1,1,46.0,3.1,1,29.0,2,0.18,0.26,0.18,0.26,11.0,0.08,0.16,0.8,2.31,3.0,51.0,0.16,0.08,85.0,2122
2.2,2.2,2.2,8,3,3,63.0,6.0,3,29.0,9,0.1,0.27,0.1,0.27,15.0,0.14,0.41,0.36,1.32,3.0,89.0,0.41,0.14,231.0,2223
0.0,0.6,0.6,2,0,0,19.0,3.1,0,12.0,2,0.04,0.22,0.04,0.22,0.0,0.0,0.14,0.14,0.84,1.0,11.0,0.14,0.0,67.0,2223
2.6,2.4,2.4,13,4,4,27.0,3.1,4,20.0,4,0.35,0.45,0.35,0.45,2.0,0.57,0.57,1.85,2.85,4.0,18.0,0.57,0.57,47.0,1718
7.8,2.6,2.6,5,3,3,40.0,5.7,3,23.0,5,0.21,0.44,0.21,0.44,0.0,0.23,0.39,0.39,1.79,0.0,29.0,0.39,0.23,130.0,1819
6.9,7.8,7.8,24,5,5,86.0,16.9,5,52.0,18,0.36,0.79,0.36,0.79,6.0,0.23,0.84,1.12,2.43,6.0,50.0,0.84,0.23,184.0,1920
16.1,6.9,6.9,26,6,6,104.0,13.9,6,55.0,12,0.33,0.66,0.33,0.66,16.0,0.29,0.57,1.24,2.62,8.0,57.0,0.57,0.29,206.0,2021
14.4,16.1,15.3,39,20,20,192.0,25.0,19,81.0,33,0.53,0.85,0.51,0.83,13.0,0.66,1.09,1.29,2.68,12.0,109.0,1.06,0.63,284.0,2122
2.3,14.4,11.3,25,16,16,128.0,15.6,13,70.0,20,0.68,0.89,0.54,0.74,12.0,0.76,0.95,1.19,3.32,10.0,45.0,0.81,0.62,176.0,2223
1.4,0.3,0.3,3,1,1,16.0,6.3,1,8.0,10,0.01,0.22,0.01,0.22,2.0,0.03,0.35,0.1,0.28,0.0,20.0,0.35,0.03,78.0,2021
0.7,1.4,1.4,5,2,2,29.0,3.6,2,20.0,2,0.06,0.16,0.06,0.16,0.0,0.09,0.09,0.23,0.9,2.0,29.0,0.09,0.09,70.0,2122
0.6,0.7,0.7,3,0,0,28.0,4.0,0,14.0,6,0.04,0.2,0.04,0.2,1.0,0.0,0.3,0.15,0.7,0.0,12.0,0.3,0.0,80.0,2223
0.2,0.6,0.5,4,0,0,12.0,2.6,0,6.0,2,0.03,0.14,0.03,0.14,3.0,0.0,0.11,0.22,0.33,0.0,11.0,0.11,0.0,65.0,2324
1.3,1.3,1.3,2,1,1,19.0,2.0,1,10.0,1,0.09,0.13,0.09,0.13,0.0,0.06,0.06,0.13,0.65,2.0,10.0,0.06,0.06,4.0,2324
1.1,0.7,0.7,2,1,1,16.0,0.8,1,8.0,1,0.03,0.04,0.03,0.04,1.0,0.05,0.05,0.1,0.38,0.0,11.0,0.05,0.05,4.0,2021
27.2,15.9,12.7,45,15,15,209.0,18.7,11,120.0,21,0.5,0.69,0.4,0.59,39.0,0.47,0.66,1.42,3.78,13.0,85.0,0.54,0.35,335.0,1819
19.8,27.2,15.3,56,36,36,229.0,21.6,22,127.0,45,0.77,0.95,0.44,0.61,21.0,1.02,1.28,1.59,3.61,11.0,97.0,0.88,0.62,253.0,1920
21.5,19.8,13.6,44,20,20,207.0,19.8,16,112.0,26,0.63,0.82,0.43,0.62,30.0,0.63,0.82,1.39,3.54,14.0,71.0,0.69,0.51,250.0,2021
9.7,14.2,10.3,30,12,12,159.0,12.2,8,72.0,17,0.57,0.65,0.42,0.49,21.0,0.49,0.69,1.22,2.92,12.0,63.0,0.53,0.32,174.0,2223
0.2,0.7,0.7,1,1,1,8.0,0.8,1,2.0,1,0.24,0.26,0.24,0.26,2.0,0.33,0.33,0.33,0.67,0.0,12.0,0.33,0.33,19.0,1819
0.5,3.1,3.1,9,5,5,43.0,3.8,5,26.0,7,0.4,0.49,0.4,0.49,5.0,0.65,0.91,1.17,3.38,3.0,23.0,0.91,0.65,63.0,1819
0.1,3.7,2.1,7,5,5,18.0,6.0,3,25.0,9,0.28,0.57,0.16,0.45,2.0,0.37,0.67,0.52,1.86,3.0,28.0,0.52,0.22,67.0,1718
0.7,3.8,2.9,13,2,2,21.0,8.2,2,48.0,7,0.13,0.31,0.1,0.28,0.0,0.07,0.24,0.44,1.62,5.0,40.0,0.24,0.07,62.0,1819
2.6,0.7,0.7,2,1,1,8.0,1.4,1,7.0,1,0.08,0.15,0.08,0.15,0.0,0.11,0.11,0.21,0.75,0.0,12.0,0.11,0.11,20.0,1920
0.6,2.6,1.8,8,4,4,25.0,4.0,3,26.0,7,0.22,0.4,0.15,0.34,0.0,0.33,0.58,0.67,2.17,2.0,20.0,0.5,0.25,63.0,2021
0.9,2.6,2.6,5,3,3,29.0,3.3,3,14.0,4,0.08,0.1,0.08,0.1,1.0,0.09,0.12,0.15,0.42,1.0,6.0,0.12,0.09,3.0,1718
0.8,0.9,0.9,2,1,1,9.0,0.9,1,6.0,1,0.04,0.04,0.04,0.04,1.0,0.05,0.05,0.09,0.28,0.0,5.0,0.05,0.05,2.0,1819
0.2,1.8,1.8,5,1,1,16.0,2.7,1,11.0,1,0.07,0.1,0.07,0.1,6.0,0.04,0.04,0.18,0.4,0.0,8.0,0.04,0.04,9.0,2021
1.0,0.2,0.2,1,0,0,5.0,0.5,0,2.0,1,0.02,0.05,0.02,0.05,0.0,0.0,0.11,0.11,0.22,1.0,5.0,0.11,0.0,1.0,2122
7.1,9.0,9.0,24,8,8,107.0,11.8,8,66.0,13,0.49,0.64,0.49,0.64,8.0,0.44,0.71,1.31,3.6,12.0,44.0,0.71,0.44,130.0,2324
0.9,1.9,1.9,6,4,4,37.0,3.1,4,12.0,4,0.09,0.16,0.09,0.16,1.0,0.2,0.2,0.3,0.59,0.0,25.0,0.2,0.2,86.0,1819
0.4,0.9,0.9,3,1,1,24.0,1.2,1,9.0,1,0.08,0.11,0.08,0.11,1.0,0.09,0.09,0.27,0.82,0.0,17.0,0.09,0.09,41.0,1920
0.6,0.4,0.4,2,0,0,9.0,1.0,0,9.0,0,0.05,0.11,0.05,0.11,0.0,0.0,0.0,0.22,0.97,0.0,8.0,0.0,0.0,23.0,2021
18.2,1.2,1.2,3,0,0,32.0,1.8,0,11.0,1,0.3,0.44,0.3,0.44,1.0,0.0,0.24,0.73,2.68,4.0,13.0,0.24,0.0,40.0,2223
0.0,18.2,11.1,37,22,22,126.0,22.2,13,100.0,33,0.63,1.01,0.38,0.77,6.0,0.76,1.14,1.28,3.45,10.0,57.0,0.83,0.45,195.0,2324
0.0,0.7,0.7,1,1,1,32.0,1.7,1,7.0,3,0.05,0.11,0.05,0.11,3.0,0.07,0.2,0.07,0.46,0.0,15.0,0.2,0.07,110.0,2021
0.0,0.4,0.4,4,1,1,18.0,1.6,1,6.0,2,0.02,0.09,0.02,0.09,1.0,0.05,0.11,0.21,0.32,1.0,10.0,0.11,0.05,44.0,2122
0.4,0.8,0.8,2,1,1,10.0,1.2,1,4.0,2,0.04,0.05,0.04,0.05,2.0,0.04,0.09,0.09,0.17,1.0,6.0,0.09,0.04,1.0,2223
2.5,6.3,6.3,22,8,8,80.0,9.4,8,52.0,11,0.2,0.3,0.2,0.3,2.0,0.25,0.35,0.7,1.64,8.0,62.0,0.35,0.25,118.0,2122
4.2,2.5,2.5,11,3,3,59.0,4.7,3,28.0,4,0.14,0.26,0.14,0.26,2.0,0.17,0.22,0.61,1.55,2.0,36.0,0.22,0.17,104.0,2223
0.5,0.5,0.5,1,1,1,10.0,1.3,1,7.0,2,0.04,0.09,0.04,0.09,0.0,0.07,0.14,0.07,0.47,1.0,11.0,0.14,0.07,2.0,2324
0.0,1.5,1.5,6,0,0,26.0,2.9,0,14.0,0,0.21,0.42,0.21,0.42,5.0,0.0,0.0,0.86,2.0,1.0,22.0,0.0,0.0,54.0,1819
1.0,1.7,1.7,10,1,1,25.0,2.2,1,21.0,2,0.26,0.34,0.26,0.34,2.0,0.16,0.31,1.55,3.26,2.0,19.0,0.31,0.16,55.0,2021
2.2,1.3,1.3,3,1,1,26.0,2.9,1,15.0,3,0.18,0.41,0.18,0.41,0.0,0.14,0.42,0.42,2.12,2.0,8.0,0.42,0.14,41.0,1920
2.1,2.2,2.2,7,1,1,22.0,2.6,1,12.0,1,0.25,0.3,0.25,0.3,1.0,0.12,0.12,0.81,1.38,1.0,11.0,0.12,0.12,27.0,2021
1.7,2.1,2.1,3,2,2,18.0,4.0,2,17.0,3,0.27,0.51,0.27,0.51,3.0,0.26,0.38,0.38,2.18,1.0,12.0,0.38,0.26,26.0,2122
5.3,3.2,2.4,13,2,2,39.0,4.2,1,38.0,3,0.17,0.26,0.13,0.22,1.0,0.1,0.16,0.67,1.96,9.0,26.0,0.1,0.05,67.0,2324
0.2,1.5,1.5,5,3,3,21.0,1.8,3,13.0,3,0.04,0.05,0.04,0.05,0.0,0.09,0.09,0.15,0.38,2.0,9.0,0.09,0.09,2.0,1819
0.2,0.2,0.2,1,0,0,12.0,0.3,0,2.0,0,0.01,0.01,0.01,0.01,0.0,0.0,0.0,0.04,0.07,0.0,9.0,0.0,0.0,3.0,1920
1.9,3.0,3.0,7,2,2,49.0,3.5,2,26.0,2,0.11,0.13,0.11,0.13,0.0,0.08,0.08,0.27,0.99,4.0,15.0,0.08,0.08,7.0,1920
0.5,3.0,3.0,5,2,2,45.0,4.0,2,25.0,4,0.1,0.13,0.1,0.13,1.0,0.07,0.13,0.16,0.82,5.0,10.0,0.13,0.07,3.0,2122
0.4,0.7,0.7,2,0,0,15.0,0.7,0,9.0,0,0.02,0.02,0.02,0.02,0.0,0.0,0.0,0.06,0.26,0.0,15.0,0.0,0.0,4.0,2324
9.7,14.1,10.4,34,19,19,138.0,11.4,14,72.0,19,0.47,0.5,0.34,0.38,24.0,0.63,0.63,1.12,2.37,5.0,61.0,0.46,0.46,129.0,1819
9.6,9.7,5.0,15,9,9,56.0,6.2,4,29.0,9,0.8,0.9,0.41,0.51,7.0,0.74,0.74,1.24,2.39,6.0,23.0,0.33,0.33,26.0,2223
8.1,9.6,9.6,17,9,9,47.0,11.5,9,34.0,12,1.08,1.29,1.08,1.29,4.0,1.01,1.34,1.9,3.81,3.0,17.0,1.34,1.01,24.0,2324
1.9,1.4,1.4,10,3,3,36.0,4.3,3,39.0,5,0.07,0.21,0.07,0.21,2.0,0.15,0.25,0.5,1.94,4.0,48.0,0.25,0.15,108.0,1819
1.9,1.9,1.9,8,4,4,41.0,5.2,4,29.0,8,0.09,0.26,0.09,0.26,4.0,0.2,0.41,0.41,1.48,3.0,40.0,0.41,0.2,124.0,1920
0.3,1.9,1.1,6,1,1,31.0,6.1,0,17.0,7,0.09,0.32,0.05,0.28,0.0,0.05,0.32,0.28,0.79,4.0,26.0,0.28,0.0,93.0,2021
0.1,0.2,0.2,1,0,0,2.0,0.7,0,8.0,0,0.01,0.04,0.01,0.04,2.0,0.0,0.0,0.06,0.49,0.0,10.0,0.0,0.0,21.0,2223
0.2,0.1,0.1,1,0,0,1.0,0.6,0,6.0,1,0.01,0.04,0.01,0.04,0.0,0.0,0.08,0.08,0.45,2.0,11.0,0.08,0.0,16.0,2324
0.0,1.7,1.7,6,2,2,18.0,2.3,2,14.0,2,0.09,0.12,0.09,0.12,1.0,0.11,0.11,0.32,0.74,3.0,23.0,0.11,0.11,36.0,1819
0.5,1.3,1.3,7,2,2,29.0,2.1,2,14.0,4,0.05,0.07,0.05,0.07,0.0,0.07,0.14,0.25,0.5,2.0,16.0,0.14,0.07,8.0,2021
3.5,1.5,1.5,2,0,0,17.0,2.6,0,11.0,1,0.06,0.1,0.06,0.1,0.0,0.0,0.04,0.08,0.42,0.0,19.0,0.04,0.0,9.0,2223
1.9,2.9,2.9,17,4,4,89.0,7.0,4,36.0,10,0.17,0.4,0.17,0.4,5.0,0.23,0.57,0.97,2.06,2.0,29.0,0.57,0.23,162.0,1819
2.7,1.9,1.9,6,2,2,30.0,2.2,2,20.0,2,0.22,0.25,0.22,0.25,0.0,0.23,0.23,0.69,2.29,1.0,18.0,0.23,0.23,83.0,1920
1.7,2.7,2.7,14,5,5,49.0,5.0,5,35.0,8,0.19,0.35,0.19,0.35,3.0,0.35,0.56,0.98,2.46,4.0,24.0,0.56,0.35,98.0,2021
0.5,0.4,0.4,1,1,1,11.0,1.5,1,4.0,2,0.14,0.61,0.14,0.61,0.0,0.4,0.79,0.4,1.59,0.0,12.0,0.79,0.4,24.0,2223
1.9,0.6,0.6,5,2,2,23.0,4.5,2,9.0,8,0.03,0.26,0.03,0.26,3.0,0.11,0.46,0.29,0.51,0.0,19.0,0.46,0.11,129.0,1920
3.1,1.9,1.9,6,1,1,56.0,8.6,1,25.0,6,0.06,0.28,0.06,0.28,4.0,0.03,0.19,0.19,0.8,3.0,32.0,0.19,0.03,225.0,2021
1.6,1.8,1.1,5,2,2,26.0,6.6,2,24.0,6,0.07,0.26,0.04,0.23,1.0,0.07,0.21,0.18,0.85,3.0,16.0,0.21,0.07,113.0,2223
0.2,1.6,0.8,5,2,2,14.0,4.4,2,16.0,7,0.06,0.2,0.03,0.17,1.0,0.08,0.27,0.19,0.61,0.0,15.0,0.27,0.08,109.0,2324
28.6,22.2,17.5,62,21,21,196.0,22.1,16,171.0,29,0.74,0.9,0.58,0.74,29.0,0.7,0.97,2.08,5.73,23.0,54.0,0.8,0.54,358.0,1819
17.7,27.7,21.4,61,29,29,197.0,25.2,23,160.0,31,0.89,1.01,0.69,0.81,31.0,0.93,1.0,1.96,5.14,19.0,62.0,0.8,0.74,277.0,2021
0.8,0.2,0.2,1,0,0,10.0,0.6,0,3.0,0,0.02,0.05,0.02,0.05,0.0,0.0,0.0,0.09,0.26,0.0,3.0,0.0,0.0,0.0,1819
0.2,0.8,0.8,2,1,1,20.0,1.4,1,12.0,1,0.04,0.08,0.04,0.08,0.0,0.05,0.05,0.1,0.63,3.0,8.0,0.05,0.05,4.0,1920
1.6,2.9,2.9,9,4,4,70.0,4.5,4,29.0,6,0.18,0.28,0.18,0.28,8.0,0.25,0.38,0.57,1.83,4.0,45.0,0.38,0.25,92.0,2223
3.8,10.8,9.2,22,4,4,119.0,13.6,2,78.0,7,0.45,0.64,0.38,0.57,14.0,0.17,0.29,0.92,3.27,11.0,68.0,0.21,0.08,166.0,1819
2.7,3.8,3.8,15,5,5,64.0,5.6,5,45.0,6,0.23,0.34,0.23,0.34,4.0,0.3,0.36,0.91,2.72,3.0,50.0,0.36,0.3,100.0,1920
2.5,2.7,2.7,11,2,2,53.0,4.0,2,28.0,5,0.17,0.25,0.17,0.25,10.0,0.12,0.31,0.68,1.72,2.0,63.0,0.31,0.12,98.0,2021
0.9,1.7,1.7,9,1,1,26.0,3.2,1,19.0,3,0.13,0.24,0.13,0.24,1.0,0.08,0.23,0.69,1.45,1.0,22.0,0.23,0.08,79.0,2021
1.2,0.9,0.9,7,1,1,17.0,1.5,1,20.0,2,0.1,0.16,0.1,0.16,1.0,0.11,0.21,0.74,2.12,3.0,17.0,0.21,0.11,54.0,2122
2.6,1.2,1.2,5,3,3,40.0,2.3,3,15.0,4,0.1,0.2,0.1,0.2,2.0,0.26,0.35,0.43,1.3,1.0,22.0,0.35,0.26,75.0,2223
4.3,2.6,2.6,5,1,1,38.0,3.3,1,19.0,2,0.2,0.25,0.2,0.25,5.0,0.08,0.15,0.39,1.47,3.0,15.0,0.15,0.08,88.0,2324
6.9,9.0,9.0,25,3,3,111.0,10.4,3,69.0,5,0.45,0.52,0.45,0.52,31.0,0.15,0.25,1.23,3.41,5.0,58.0,0.25,0.15,103.0,2324
1.0,4.2,3.4,14,6,6,56.0,5.1,6,42.0,8,0.27,0.37,0.21,0.32,3.0,0.38,0.5,0.88,2.64,6.0,53.0,0.5,0.38,117.0,2324
0.7,1.0,1.0,5,1,1,16.0,1.8,1,17.0,1,0.29,0.51,0.29,0.51,1.0,0.29,0.29,1.43,4.86,4.0,11.0,0.29,0.29,43.0,2324
0.0,2.6,2.6,8,4,4,28.0,3.0,4,19.0,4,0.65,0.76,0.65,0.76,5.0,1.01,1.01,2.02,4.8,1.0,10.0,1.01,1.01,28.0,2122
0.0,1.1,1.1,4,0,0,23.0,1.6,0,11.0,0,0.03,0.05,0.03,0.05,0.0,0.0,0.0,0.12,0.32,1.0,8.0,0.0,0.0,1.0,2223
0.1,0.3,0.3,3,1,1,16.0,1.4,1,10.0,3,0.02,0.08,0.02,0.08,1.0,0.06,0.18,0.18,0.6,1.0,15.0,0.18,0.06,66.0,1819
0.6,0.0,0.0,1,1,1,2.0,0.1,1,1.0,1,0.01,0.02,0.01,0.02,0.0,0.36,0.36,0.36,0.36,0.0,4.0,0.36,0.36,25.0,1920
0.6,0.3,0.3,2,0,0,12.0,1.2,0,7.0,1,0.03,0.15,0.03,0.15,0.0,0.0,0.12,0.24,0.84,0.0,10.0,0.12,0.0,40.0,2021
0.0,0.6,0.6,1,1,1,13.0,2.1,1,12.0,2,0.03,0.13,0.03,0.13,3.0,0.06,0.12,0.06,0.73,1.0,15.0,0.12,0.06,56.0,2122
0.9,0.7,0.7,4,1,1,38.0,3.2,1,11.0,3,0.03,0.13,0.03,0.13,5.0,0.04,0.12,0.16,0.45,1.0,17.0,0.12,0.04,83.0,2021
0.4,0.9,0.9,4,1,1,53.0,2.6,1,11.0,3,0.04,0.11,0.04,0.11,2.0,0.04,0.13,0.17,0.48,3.0,21.0,0.13,0.04,132.0,2122
0.6,0.4,0.4,1,0,0,25.0,1.5,0,9.0,0,0.02,0.09,0.02,0.09,2.0,0.0,0.0,0.06,0.53,0.0,12.0,0.0,0.0,81.0,2223
0.2,0.6,0.6,2,0,0,12.0,3.0,0,2.0,2,0.04,0.19,0.04,0.19,0.0,0.0,0.13,0.13,0.13,0.0,10.0,0.13,0.0,39.0,2324
5.6,6.7,6.7,18,2,2,75.0,10.6,2,46.0,6,0.31,0.49,0.31,0.49,7.0,0.09,0.27,0.82,2.1,5.0,59.0,0.27,0.09,138.0,1920
4.6,5.6,5.6,11,5,5,82.0,13.1,5,38.0,17,0.21,0.5,0.21,0.5,7.0,0.19,0.65,0.42,1.45,3.0,60.0,0.65,0.19,210.0,2021
9.9,4.6,4.6,8,4,4,73.0,7.3,4,36.0,7,0.19,0.31,0.19,0.31,6.0,0.17,0.29,0.34,1.51,5.0,60.0,0.29,0.17,142.0,2122
1.8,9.9,7.5,11,9,9,69.0,10.9,6,41.0,15,0.39,0.53,0.3,0.44,7.0,0.36,0.6,0.44,1.63,3.0,32.0,0.48,0.24,105.0,2223
1.1,1.8,1.8,8,2,2,57.0,4.6,2,29.0,4,0.11,0.27,0.11,0.27,2.0,0.12,0.23,0.47,1.69,3.0,25.0,0.23,0.12,78.0,2324
0.1,0.8,0.8,5,0,0,29.0,4.2,0,18.0,5,0.03,0.15,0.03,0.15,4.0,0.0,0.18,0.18,0.65,4.0,33.0,0.18,0.0,159.0,1920
0.6,0.3,0.3,1,1,1,12.0,1.0,1,11.0,2,0.01,0.04,0.01,0.04,0.0,0.04,0.07,0.04,0.4,2.0,27.0,0.07,0.04,8.0,1819
0.2,0.6,0.6,2,0,0,7.0,1.9,0,19.0,1,0.02,0.07,0.02,0.07,0.0,0.0,0.04,0.07,0.68,2.0,19.0,0.04,0.0,14.0,1920
0.5,1.7,1.7,6,1,1,27.0,2.8,1,17.0,3,0.05,0.09,0.05,0.09,0.0,0.03,0.09,0.18,0.51,1.0,18.0,0.09,0.03,22.0,2324
0.2,0.3,0.3,1,0,0,14.0,0.9,0,6.0,0,0.02,0.05,0.02,0.05,1.0,0.0,0.0,0.06,0.34,0.0,30.0,0.0,0.0,66.0,2021
0.2,0.2,0.2,1,0,0,4.0,0.5,0,1.0,0,0.05,0.13,0.05,0.13,0.0,0.0,0.0,0.26,0.26,0.0,5.0,0.0,0.0,16.0,2122
0.0,0.2,0.2,1,0,0,7.0,1.4,0,4.0,2,0.04,0.37,0.04,0.37,0.0,0.0,0.52,0.26,1.05,1.0,4.0,0.52,0.0,17.0,2223
0.4,2.1,2.1,3,2,2,25.0,2.3,2,14.0,3,0.07,0.07,0.07,0.07,0.0,0.06,0.09,0.09,0.44,0.0,8.0,0.09,0.06,5.0,1819
0.1,0.3,0.3,1,0,0,17.0,0.8,0,12.0,0,0.03,0.06,0.03,0.06,0.0,0.0,0.0,0.08,0.96,3.0,6.0,0.0,0.0,2.0,2122
0.4,0.3,0.3,2,1,1,9.0,1.3,1,10.0,1,0.01,0.05,0.01,0.05,0.0,0.04,0.04,0.07,0.37,1.0,30.0,0.04,0.04,53.0,2021
1.1,0.4,0.4,4,0,0,12.0,3.4,0,14.0,3,0.01,0.11,0.01,0.11,1.0,0.0,0.1,0.13,0.46,2.0,40.0,0.1,0.0,96.0,2122
0.3,1.1,1.1,1,1,1,15.0,2.9,1,6.0,2,0.05,0.13,0.05,0.13,2.0,0.05,0.09,0.05,0.28,0.0,23.0,0.09,0.05,72.0,2223
1.6,1.5,1.5,6,1,1,40.0,2.3,1,17.0,1,0.07,0.1,0.07,0.1,4.0,0.04,0.04,0.26,0.74,1.0,28.0,0.04,0.04,73.0,2021
0.7,1.6,1.5,3,1,1,12.0,2.0,1,7.0,1,0.14,0.18,0.13,0.17,0.0,0.09,0.09,0.26,0.62,1.0,7.0,0.09,0.09,3.0,2122
3.1,2.1,2.1,4,1,1,62.0,3.4,1,21.0,1,0.06,0.1,0.06,0.1,7.0,0.03,0.03,0.12,0.61,3.0,34.0,0.03,0.03,46.0,2223
2.0,3.1,3.1,5,2,2,46.0,4.2,2,23.0,4,0.1,0.14,0.1,0.14,4.0,0.07,0.13,0.17,0.76,2.0,15.0,0.13,0.07,25.0,2324
2.9,1.9,1.9,7,2,2,20.0,3.4,2,21.0,3,0.1,0.17,0.1,0.17,2.0,0.1,0.16,0.36,1.09,2.0,19.0,0.16,0.1,23.0,1819
0.2,2.9,2.9,6,3,3,32.0,4.0,3,13.0,4,0.21,0.28,0.21,0.28,2.0,0.21,0.28,0.43,0.93,2.0,30.0,0.28,0.21,36.0,1920
7.0,4.9,4.9,16,1,1,74.0,6.6,1,41.0,2,0.25,0.34,0.25,0.34,7.0,0.05,0.1,0.81,2.08,6.0,57.0,0.1,0.05,173.0,2324
0.3,1.4,1.4,3,2,2,13.0,1.5,2,10.0,2,0.1,0.11,0.1,0.11,0.0,0.14,0.14,0.21,0.71,2.0,6.0,0.14,0.14,0.0,1819
0.0,0.3,0.3,3,1,1,9.0,0.9,1,4.0,2,0.03,0.09,0.03,0.09,0.0,0.09,0.18,0.27,0.37,0.0,5.0,0.18,0.09,3.0,1920
1.7,0.3,0.3,1,0,0,6.0,0.3,0,4.0,0,0.02,0.02,0.02,0.02,0.0,0.0,0.0,0.09,0.38,2.0,6.0,0.0,0.0,2.0,2122
1.0,1.7,1.7,3,0,0,20.0,2.2,0,13.0,0,0.12,0.16,0.12,0.16,0.0,0.0,0.0,0.21,0.92,2.0,5.0,0.0,0.0,0.0,2223
0.0,1.0,1.0,2,1,1,19.0,1.3,1,11.0,1,0.06,0.08,0.06,0.08,1.0,0.06,0.06,0.12,0.68,1.0,5.0,0.06,0.06,3.0,2324
3.6,2.1,2.1,8,1,1,42.0,3.5,1,24.0,3,0.24,0.39,0.24,0.39,0.0,0.11,0.33,0.89,2.66,5.0,19.0,0.33,0.11,76.0,2122
8.4,2.6,2.6,7,1,1,69.0,4.1,1,30.0,3,0.19,0.3,0.19,0.3,4.0,0.07,0.22,0.51,2.2,2.0,23.0,0.22,0.07,90.0,2324
1.8,1.4,1.4,5,1,1,47.0,6.3,1,27.0,8,0.06,0.28,0.06,0.28,4.0,0.04,0.35,0.22,1.18,5.0,20.0,0.35,0.04,144.0,1718
0.3,1.8,1.8,6,1,1,36.0,8.2,1,27.0,8,0.1,0.46,0.1,0.46,4.0,0.06,0.44,0.33,1.5,1.0,22.0,0.44,0.06,131.0,1819
2.6,0.4,0.4,4,1,1,58.0,3.9,1,11.0,3,0.02,0.17,0.02,0.17,2.0,0.04,0.13,0.17,0.47,2.0,26.0,0.13,0.04,152.0,1819
0.5,0.5,0.5,2,0,0,18.0,1.2,0,9.0,2,0.04,0.11,0.04,0.11,0.0,0.0,0.19,0.19,0.85,1.0,19.0,0.19,0.0,62.0,2021
0.8,0.5,0.5,2,1,1,37.0,2.9,1,10.0,4,0.03,0.17,0.03,0.17,0.0,0.06,0.23,0.12,0.58,0.0,24.0,0.23,0.06,108.0,2122
1.3,1.7,1.7,10,4,4,59.0,4.4,4,18.0,7,0.07,0.18,0.07,0.18,2.0,0.17,0.29,0.41,0.75,0.0,22.0,0.29,0.17,168.0,2324
2.3,0.4,0.4,4,2,2,9.0,0.6,2,7.0,2,0.09,0.13,0.09,0.13,0.0,0.45,0.45,0.9,1.57,0.0,6.0,0.45,0.45,17.0,1718
0.6,2.3,2.3,5,3,3,29.0,3.5,3,22.0,3,0.16,0.25,0.16,0.25,1.0,0.22,0.22,0.36,1.59,3.0,23.0,0.22,0.22,70.0,1819
0.7,0.6,0.6,2,0,0,23.0,3.3,0,13.0,3,0.04,0.18,0.04,0.18,0.0,0.0,0.17,0.11,0.72,1.0,23.0,0.17,0.0,52.0,2021
0.3,0.9,0.9,5,0,0,34.0,3.0,0,18.0,4,0.05,0.17,0.05,0.17,1.0,0.0,0.23,0.29,1.04,2.0,19.0,0.23,0.0,60.0,2223
0.4,0.3,0.3,1,0,0,15.0,1.8,0,7.0,2,0.05,0.27,0.05,0.27,0.0,0.0,0.3,0.15,1.05,0.0,9.0,0.3,0.0,23.0,2324
0.6,0.3,0.3,1,0,0,5.0,0.9,0,6.0,1,0.02,0.04,0.02,0.04,0.0,0.0,0.05,0.05,0.28,0.0,9.0,0.05,0.0,12.0,2021
1.4,0.6,0.6,2,0,0,12.0,1.1,0,12.0,0,0.02,0.05,0.02,0.05,1.0,0.0,0.0,0.08,0.5,0.0,7.0,0.0,0.0,7.0,2122
0.0,4.7,4.7,14,4,4,55.0,6.9,4,31.0,6,0.4,0.58,0.4,0.58,11.0,0.34,0.51,1.19,2.62,7.0,47.0,0.51,0.34,87.0,2122
6.6,1.8,1.8,6,3,3,24.0,2.9,3,21.0,4,0.21,0.35,0.21,0.35,0.0,0.36,0.48,0.72,2.53,2.0,18.0,0.48,0.36,57.0,1920
1.9,6.6,5.8,22,5,5,100.0,10.9,4,76.0,14,0.27,0.48,0.24,0.45,2.0,0.21,0.57,0.9,3.12,12.0,69.0,0.53,0.16,176.0,2021
2.9,1.9,1.9,12,3,3,32.0,4.4,3,22.0,6,0.23,0.54,0.23,0.54,1.0,0.36,0.73,1.45,2.66,1.0,23.0,0.73,0.36,55.0,2122
3.3,2.9,2.9,16,2,2,53.0,7.4,2,43.0,7,0.21,0.52,0.21,0.52,1.0,0.14,0.49,1.12,3.02,4.0,45.0,0.49,0.14,86.0,2223
6.5,3.3,3.3,13,4,4,59.0,8.8,4,45.0,9,0.21,0.55,0.21,0.55,1.0,0.25,0.56,0.81,2.8,9.0,28.0,0.56,0.25,111.0,2324
0.0,0.3,0.3,1,0,0,5.0,0.4,0,6.0,0,0.2,0.23,0.2,0.23,1.0,0.0,0.0,0.6,3.6,0.0,6.0,0.0,0.0,9.0,2021
2.4,3.2,3.2,10,3,3,86.0,6.0,3,42.0,6,0.1,0.19,0.1,0.19,3.0,0.1,0.19,0.32,1.33,7.0,88.0,0.19,0.1,130.0,2122
1.4,2.4,2.4,10,3,3,42.0,5.6,3,25.0,9,0.1,0.24,0.1,0.24,4.0,0.13,0.39,0.43,1.07,3.0,47.0,0.39,0.13,64.0,2223
2.8,1.4,1.4,4,2,2,44.0,5.5,2,27.0,6,0.05,0.19,0.05,0.19,6.0,0.07,0.21,0.14,0.93,4.0,55.0,0.21,0.07,110.0,2324
0.4,0.3,0.3,1,0,0,3.0,0.5,0,4.0,0,0.05,0.06,0.05,0.06,1.0,0.0,0.0,0.14,0.56,0.0,3.0,0.0,0.0,8.0,1819
0.0,0.4,0.4,1,1,1,6.0,0.4,1,3.0,1,0.05,0.05,0.05,0.05,0.0,0.12,0.12,0.12,0.37,0.0,5.0,0.12,0.12,0.0,2021
1.1,0.0,0.0,1,0,0,6.0,0.2,0,2.0,0,0.0,0.01,0.0,0.01,1.0,0.0,0.0,0.04,0.08,0.0,7.0,0.0,0.0,0.0,2122
1.0,3.6,3.6,14,1,1,55.0,6.3,1,31.0,4,0.13,0.23,0.13,0.23,4.0,0.04,0.15,0.52,1.14,3.0,45.0,0.15,0.04,142.0,1819
0.4,1.0,1.0,4,0,0,15.0,2.9,0,8.0,2,0.15,0.43,0.15,0.43,3.0,0.0,0.29,0.59,1.17,1.0,18.0,0.29,0.0,39.0,2021
2.0,2.0,1.2,7,2,2,17.0,7.2,1,22.0,6,0.1,0.42,0.06,0.38,0.0,0.11,0.32,0.37,1.16,1.0,17.0,0.26,0.05,88.0,1920
0.0,2.0,0.4,1,2,2,7.0,3.3,0,8.0,3,0.12,0.31,0.02,0.21,0.0,0.13,0.19,0.06,0.5,0.0,10.0,0.06,0.0,66.0,2021
4.8,3.4,2.6,11,2,2,56.0,5.8,1,43.0,4,0.13,0.26,0.1,0.23,1.0,0.08,0.16,0.43,1.69,7.0,67.0,0.12,0.04,131.0,1920
4.3,4.8,2.4,13,6,6,43.0,7.0,4,37.0,10,0.16,0.32,0.08,0.24,3.0,0.2,0.34,0.44,1.25,2.0,79.0,0.27,0.14,136.0,2021
0.4,4.3,1.9,10,4,4,29.0,4.3,1,33.0,6,0.19,0.3,0.08,0.19,0.0,0.18,0.27,0.45,1.48,2.0,69.0,0.13,0.04,90.0,2122
1.3,1.2,1.2,2,0,0,9.0,1.4,0,9.0,1,0.06,0.07,0.06,0.07,0.0,0.0,0.05,0.09,0.42,2.0,14.0,0.05,0.0,8.0,1920
2.8,1.9,1.9,9,2,2,27.0,4.6,2,24.0,4,0.18,0.43,0.18,0.43,6.0,0.19,0.38,0.85,2.26,2.0,32.0,0.38,0.19,70.0,1819
0.8,2.8,2.8,7,4,4,26.0,5.6,4,23.0,7,0.26,0.52,0.26,0.52,4.0,0.37,0.65,0.65,2.13,2.0,16.0,0.65,0.37,83.0,2021
3.2,3.8,3.8,14,6,6,60.0,5.4,6,35.0,8,0.27,0.38,0.27,0.38,4.0,0.42,0.56,0.99,2.47,3.0,42.0,0.56,0.42,103.0,1819
0.2,3.2,3.2,6,3,3,33.0,4.8,3,24.0,4,0.37,0.56,0.37,0.56,5.0,0.35,0.47,0.7,2.81,8.0,23.0,0.47,0.35,66.0,1920
6.1,2.2,2.2,6,3,3,36.0,3.1,3,17.0,4,0.22,0.31,0.22,0.31,4.0,0.3,0.4,0.59,1.68,1.0,21.0,0.4,0.3,84.0,2021
0.2,6.1,6.1,15,4,4,106.0,8.9,4,50.0,8,0.23,0.34,0.23,0.34,13.0,0.15,0.3,0.57,1.9,7.0,54.0,0.3,0.15,186.0,2122
0.3,1.7,1.7,3,2,2,29.0,2.5,2,14.0,3,0.25,0.36,0.25,0.36,2.0,0.29,0.43,0.43,2.03,0.0,10.0,0.43,0.29,48.0,2223
1.2,0.4,0.4,1,1,1,9.0,0.5,1,3.0,1,0.26,0.3,0.26,0.3,1.0,0.61,0.61,0.61,1.82,0.0,8.0,0.61,0.61,8.0,2122
0.3,1.2,1.2,6,2,2,15.0,1.7,2,15.0,2,0.17,0.24,0.17,0.24,0.0,0.29,0.29,0.86,2.15,2.0,24.0,0.29,0.29,34.0,2223
1.3,0.3,0.3,2,0,0,8.0,0.3,0,9.0,0,0.1,0.12,0.1,0.12,0.0,0.0,0.0,0.68,3.08,0.0,11.0,0.0,0.0,10.0,2324
1.9,1.3,1.3,5,4,4,13.0,2.4,4,12.0,5,0.34,0.65,0.34,0.65,2.0,1.08,1.35,1.35,3.24,0.0,12.0,1.35,1.08,22.0,2324
4.8,1.9,1.9,5,3,3,24.0,2.1,3,10.0,3,0.66,0.74,0.66,0.74,1.0,1.05,1.05,1.74,3.49,0.0,8.0,1.05,1.05,30.0,2425
6.5,8.1,3.4,15,9,9,43.0,11.2,4,38.0,16,0.24,0.47,0.1,0.33,0.0,0.26,0.47,0.44,1.12,4.0,32.0,0.32,0.12,48.0,1819
4.7,1.5,0.7,5,2,2,16.0,7.6,1,15.0,12,0.05,0.28,0.02,0.25,0.0,0.07,0.4,0.17,0.5,0.0,27.0,0.37,0.03,36.0,2122
2.5,2.9,0.6,3,3,3,10.0,3.6,0,9.0,8,0.1,0.21,0.02,0.12,0.0,0.1,0.28,0.1,0.31,2.0,15.0,0.17,0.0,28.0,2324
2.0,2.5,2.5,14,3,3,56.0,4.2,3,32.0,5,0.13,0.23,0.13,0.23,4.0,0.16,0.27,0.76,1.73,1.0,35.0,0.27,0.16,117.0,2021
3.9,2.0,2.0,15,2,2,52.0,5.9,2,35.0,5,0.12,0.36,0.12,0.36,3.0,0.12,0.3,0.91,2.12,7.0,35.0,0.3,0.12,102.0,2122
0.0,3.9,3.9,17,6,6,70.0,6.4,6,43.0,6,0.2,0.33,0.2,0.33,4.0,0.3,0.3,0.86,2.19,8.0,49.0,0.3,0.3,148.0,2223
0.6,1.2,1.2,2,1,1,26.0,2.0,1,13.0,1,0.05,0.07,0.05,0.07,2.0,0.04,0.04,0.08,0.49,2.0,21.0,0.04,0.04,5.0,2223
1.9,0.6,0.6,1,0,0,27.0,1.3,0,11.0,0,0.02,0.04,0.02,0.04,1.0,0.0,0.0,0.03,0.34,3.0,27.0,0.0,0.0,4.0,2324
1.2,1.4,1.4,3,1,1,41.0,5.7,1,29.0,4,0.05,0.22,0.05,0.22,2.0,0.04,0.15,0.11,1.11,2.0,27.0,0.15,0.04,137.0,1819
2.9,1.2,1.2,4,1,1,32.0,4.1,1,16.0,7,0.04,0.13,0.04,0.13,4.0,0.03,0.23,0.13,0.53,2.0,31.0,0.23,0.03,138.0,1920
0.7,2.4,2.4,11,4,4,40.0,6.6,4,42.0,5,0.09,0.25,0.09,0.25,1.0,0.15,0.19,0.42,1.59,2.0,51.0,0.19,0.15,73.0,1819
0.5,0.3,0.3,2,0,0,5.0,1.0,0,5.0,0,0.06,0.22,0.06,0.22,0.0,0.0,0.0,0.45,1.14,1.0,4.0,0.0,0.0,9.0,2021
1.9,0.5,0.5,2,0,0,6.0,0.5,0,5.0,0,0.12,0.13,0.12,0.13,0.0,0.0,0.0,0.51,1.28,0.0,12.0,0.0,0.0,11.0,1819
0.2,0.4,0.4,1,1,1,11.0,1.0,1,3.0,2,0.04,0.09,0.04,0.09,0.0,0.09,0.18,0.09,0.27,0.0,4.0,0.18,0.09,5.0,2021
1.6,0.5,0.5,1,0,0,4.0,0.5,0,4.0,0,0.07,0.07,0.07,0.07,1.0,0.0,0.0,0.16,0.64,0.0,1.0,0.0,0.0,0.0,2223
2.9,5.4,3.9,21,8,8,49.0,8.8,7,51.0,14,0.25,0.48,0.18,0.4,12.0,0.37,0.64,0.97,2.35,6.0,17.0,0.6,0.32,98.0,2122
0.9,0.4,0.4,3,1,1,8.0,0.6,1,14.0,1,0.05,0.07,0.05,0.07,0.0,0.11,0.11,0.33,1.56,2.0,8.0,0.11,0.11,33.0,1819
1.9,0.9,0.9,4,2,2,15.0,1.7,2,14.0,2,0.06,0.1,0.06,0.1,2.0,0.12,0.12,0.25,0.87,4.0,12.0,0.12,0.12,65.0,1920
0.6,1.9,1.9,2,1,1,23.0,5.1,1,19.0,5,0.06,0.16,0.06,0.16,2.0,0.03,0.15,0.06,0.59,2.0,18.0,0.15,0.03,55.0,2021
2.8,1.5,1.5,4,3,3,21.0,2.3,3,15.0,5,0.14,0.21,0.14,0.21,2.0,0.28,0.46,0.37,1.38,1.0,20.0,0.46,0.28,22.0,2223
1.8,2.8,2.8,5,3,3,45.0,5.2,3,32.0,6,0.08,0.15,0.08,0.15,0.0,0.08,0.17,0.14,0.9,5.0,22.0,0.17,0.08,43.0,2223
1.3,1.8,1.8,7,2,2,16.0,3.4,2,23.0,4,0.09,0.17,0.09,0.17,2.0,0.1,0.2,0.35,1.16,4.0,24.0,0.2,0.1,28.0,2324
0.0,1.3,1.3,2,1,1,20.0,2.2,1,17.0,2,0.05,0.08,0.05,0.08,1.0,0.04,0.07,0.07,0.62,2.0,13.0,0.07,0.04,21.0,2324
0.2,0.5,0.5,1,0,0,9.0,0.8,0,5.0,0,0.04,0.07,0.04,0.07,0.0,0.0,0.0,0.08,0.4,1.0,25.0,0.0,0.0,10.0,1920
0.5,0.6,0.6,4,2,2,9.0,2.1,2,13.0,3,0.09,0.33,0.09,0.33,1.0,0.31,0.47,0.62,2.02,2.0,7.0,0.47,0.31,15.0,1819
0.3,0.5,0.5,1,1,1,3.0,1.2,1,9.0,1,0.07,0.18,0.07,0.18,0.0,0.15,0.15,0.15,1.37,1.0,11.0,0.15,0.15,7.0,1920
0.4,0.3,0.3,2,0,0,8.0,0.6,0,6.0,0,0.05,0.1,0.05,0.1,0.0,0.0,0.0,0.32,0.95,0.0,6.0,0.0,0.0,14.0,2021
0.2,0.4,0.4,4,1,1,2.0,3.6,1,12.0,3,0.02,0.19,0.02,0.19,0.0,0.05,0.16,0.21,0.63,0.0,11.0,0.16,0.05,16.0,2122
0.4,0.2,0.2,1,0,0,0.0,1.4,0,7.0,1,0.01,0.06,0.01,0.06,0.0,0.0,0.05,0.05,0.33,1.0,7.0,0.05,0.0,14.0,2223
1.1,0.4,0.4,2,1,1,0.0,1.1,1,12.0,1,0.02,0.08,0.02,0.08,0.0,0.07,0.07,0.13,0.79,0.0,9.0,0.07,0.07,7.0,2324
1.7,2.6,2.6,5,2,2,53.0,7.6,2,16.0,7,0.09,0.26,0.09,0.26,9.0,0.07,0.24,0.17,0.56,1.0,26.0,0.24,0.07,148.0,1819
1.3,1.7,1.7,4,4,4,23.0,2.6,4,7.0,4,0.11,0.16,0.11,0.16,4.0,0.26,0.26,0.26,0.45,1.0,17.0,0.26,0.26,67.0,1920
2.0,1.3,1.3,6,3,3,10.0,1.5,3,8.0,3,0.16,0.19,0.16,0.19,0.0,0.39,0.39,0.77,1.03,1.0,9.0,0.39,0.39,20.0,2021
0.3,2.0,2.0,3,1,1,24.0,2.2,1,14.0,2,0.18,0.19,0.18,0.19,1.0,0.09,0.18,0.27,1.26,1.0,16.0,0.18,0.09,31.0,2122
0.7,0.3,0.3,2,0,0,12.0,0.9,0,3.0,2,0.03,0.11,0.03,0.11,0.0,0.0,0.25,0.25,0.37,1.0,7.0,0.25,0.0,17.0,2223
0.5,0.7,0.7,4,0,0,23.0,0.8,0,14.0,0,0.04,0.05,0.04,0.05,1.0,0.0,0.0,0.23,0.82,4.0,12.0,0.0,0.0,25.0,2324
2.3,3.2,3.2,8,5,5,20.0,3.6,5,19.0,5,0.14,0.16,0.14,0.16,1.0,0.22,0.22,0.35,0.84,2.0,18.0,0.22,0.22,15.0,2122
1.4,2.3,2.3,5,2,2,29.0,2.8,2,22.0,2,0.09,0.1,0.09,0.1,1.0,0.07,0.07,0.19,0.82,2.0,14.0,0.07,0.07,11.0,2223
16.2,9.4,7.0,19,7,7,83.0,10.1,4,53.0,10,0.51,0.68,0.38,0.55,6.0,0.38,0.55,1.04,2.89,4.0,54.0,0.38,0.22,125.0,1819
8.5,16.2,14.7,35,22,22,165.0,17.3,21,91.0,24,0.52,0.61,0.47,0.56,12.0,0.71,0.77,1.12,2.92,13.0,70.0,0.74,0.67,194.0,1920
7.1,8.5,6.9,24,12,12,116.0,9.1,10,55.0,16,0.35,0.44,0.29,0.38,18.0,0.5,0.66,0.99,2.28,5.0,66.0,0.58,0.41,134.0,2021
5.3,7.1,6.3,17,7,7,112.0,8.0,6,48.0,13,0.34,0.41,0.3,0.38,11.0,0.33,0.62,0.81,2.28,4.0,50.0,0.57,0.28,117.0,2122
3.0,5.3,3.8,12,6,6,49.0,5.0,4,25.0,6,0.59,0.71,0.41,0.54,9.0,0.66,0.66,1.31,2.73,2.0,20.0,0.44,0.44,46.0,2223
1.3,3.0,3.0,4,2,2,37.0,4.0,2,15.0,4,0.35,0.47,0.35,0.47,5.0,0.23,0.46,0.46,1.74,0.0,11.0,0.46,0.23,44.0,2223
2.3,1.3,1.3,4,1,1,24.0,1.5,1,12.0,1,0.28,0.34,0.28,0.34,1.0,0.22,0.22,0.89,2.67,4.0,9.0,0.22,0.22,29.0,2324
1.1,2.9,2.9,7,0,0,36.0,4.9,0,39.0,3,0.14,0.24,0.14,0.24,2.0,0.0,0.14,0.34,1.88,5.0,39.0,0.14,0.0,67.0,1819
2.1,1.1,1.1,3,0,0,16.0,3.3,0,17.0,2,0.07,0.21,0.07,0.21,0.0,0.0,0.13,0.2,1.11,2.0,24.0,0.13,0.0,24.0,1920
0.9,2.1,2.1,10,0,0,31.0,4.3,0,22.0,2,0.11,0.22,0.11,0.22,1.0,0.0,0.1,0.5,1.1,2.0,33.0,0.1,0.0,42.0,2021
0.0,0.7,0.7,2,0,0,47.0,2.9,0,15.0,3,0.04,0.15,0.04,0.15,1.0,0.0,0.15,0.1,0.75,4.0,49.0,0.15,0.0,141.0,1819
6.6,3.9,3.9,9,2,2,40.0,4.0,2,22.0,2,0.43,0.44,0.43,0.44,2.0,0.22,0.22,0.99,2.41,0.0,21.0,0.22,0.22,66.0,1920
6.6,6.6,5.8,15,6,6,84.0,8.7,6,34.0,7,0.39,0.55,0.34,0.5,5.0,0.35,0.41,0.87,1.98,8.0,51.0,0.41,0.35,98.0,2021
9.4,6.6,6.6,21,6,6,71.0,7.8,6,43.0,8,0.4,0.47,0.4,0.47,4.0,0.37,0.49,1.28,2.62,5.0,51.0,0.49,0.37,105.0,2122
5.3,9.4,9.4,22,6,6,117.0,13.7,6,62.0,9,0.46,0.66,0.46,0.66,5.0,0.29,0.44,1.07,3.01,6.0,60.0,0.44,0.29,134.0,2223
9.6,5.3,5.3,16,5,5,73.0,7.0,5,41.0,6,0.28,0.37,0.28,0.37,9.0,0.27,0.32,0.85,2.18,11.0,46.0,0.32,0.27,100.0,2324
0.2,1.6,1.6,4,1,1,43.0,5.8,1,17.0,5,0.1,0.37,0.1,0.37,4.0,0.06,0.32,0.26,1.1,0.0,22.0,0.32,0.06,144.0,1920
0.3,0.5,0.5,1,0,0,24.0,1.5,0,7.0,2,0.04,0.11,0.04,0.11,4.0,0.0,0.15,0.07,0.51,2.0,25.0,0.15,0.0,74.0,2223
0.1,0.3,0.3,1,0,0,11.0,1.5,0,6.0,1,0.03,0.16,0.03,0.16,0.0,0.0,0.11,0.11,0.65,0.0,8.0,0.11,0.0,53.0,2324
1.5,0.5,0.5,2,0,0,24.0,1.5,0,12.0,0,0.01,0.05,0.01,0.05,0.0,0.0,0.0,0.06,0.38,1.0,13.0,0.0,0.0,1.0,2122
5.1,3.6,3.6,11,4,4,93.0,6.5,4,38.0,7,0.16,0.29,0.16,0.29,6.0,0.18,0.31,0.48,1.67,2.0,43.0,0.31,0.18,152.0,2324
1.3,0.7,0.7,5,3,3,49.0,2.7,3,19.0,7,0.02,0.08,0.02,0.08,1.0,0.09,0.22,0.16,0.59,3.0,11.0,0.22,0.09,10.0,2324
1.7,0.6,0.6,1,0,0,16.0,1.0,0,9.0,1,0.03,0.06,0.03,0.06,0.0,0.0,0.06,0.06,0.51,2.0,27.0,0.06,0.0,28.0,1819
0.9,1.7,1.7,8,0,0,50.0,3.5,0,22.0,1,0.07,0.14,0.07,0.14,4.0,0.0,0.04,0.32,0.88,4.0,34.0,0.04,0.0,84.0,1920
1.5,0.9,0.9,4,2,2,32.0,1.1,2,8.0,2,0.09,0.11,0.09,0.11,1.0,0.2,0.2,0.4,0.79,1.0,11.0,0.2,0.2,46.0,2021
1.2,1.5,1.5,5,1,1,79.0,3.2,1,17.0,3,0.06,0.12,0.06,0.12,9.0,0.04,0.11,0.19,0.64,4.0,43.0,0.11,0.04,167.0,2122
0.0,1.2,1.2,4,1,1,28.0,1.8,1,11.0,2,0.1,0.15,0.1,0.15,3.0,0.09,0.17,0.35,0.95,1.0,20.0,0.17,0.09,36.0,2223
2.3,2.2,2.2,9,3,3,80.0,6.0,3,38.0,7,0.08,0.21,0.08,0.21,2.0,0.11,0.25,0.32,1.35,6.0,40.0,0.25,0.11,169.0,1819
3.4,2.3,2.3,17,3,3,106.0,10.7,3,36.0,10,0.06,0.3,0.06,0.3,20.0,0.08,0.28,0.47,1.0,5.0,40.0,0.28,0.08,321.0,1920
2.9,3.4,3.4,11,3,3,66.0,8.2,3,32.0,9,0.12,0.29,0.12,0.29,10.0,0.11,0.32,0.4,1.15,3.0,31.0,0.32,0.11,198.0,2021
3.6,2.9,2.9,10,1,1,120.0,9.2,1,46.0,8,0.09,0.3,0.09,0.3,11.0,0.03,0.26,0.33,1.5,5.0,34.0,0.26,0.03,243.0,2122
2.8,3.6,3.6,14,4,4,67.0,10.0,4,43.0,9,0.14,0.4,0.14,0.4,9.0,0.16,0.36,0.56,1.73,2.0,38.0,0.36,0.16,167.0,2223
2.5,2.8,2.0,13,3,3,63.0,6.4,2,33.0,5,0.13,0.34,0.09,0.3,13.0,0.14,0.23,0.61,1.54,6.0,22.0,0.19,0.09,139.0,2324
6.7,1.1,1.1,3,0,0,17.0,2.1,0,16.0,1,0.22,0.4,0.22,0.4,0.0,0.0,0.19,0.58,3.11,1.0,22.0,0.19,0.0,46.0,1819
1.8,5.1,4.3,20,5,5,59.0,9.3,5,47.0,10,0.22,0.45,0.19,0.41,11.0,0.22,0.44,0.89,2.09,8.0,63.0,0.44,0.22,119.0,2021
1.1,1.8,1.8,17,4,4,44.0,4.1,4,37.0,6,0.12,0.27,0.12,0.27,6.0,0.26,0.39,1.11,2.42,4.0,56.0,0.39,0.26,97.0,2122
1.4,1.1,1.1,6,0,0,32.0,3.3,0,19.0,1,0.17,0.49,0.17,0.49,2.0,0.0,0.15,0.9,2.85,2.0,21.0,0.15,0.0,53.0,2223
0.9,1.4,0.6,9,4,4,16.0,1.3,3,20.0,4,0.16,0.24,0.07,0.15,2.0,0.46,0.46,1.03,2.29,1.0,20.0,0.34,0.34,54.0,2324
5.8,16.3,15.5,46,11,11,192.0,21.5,11,107.0,19,0.72,0.98,0.68,0.95,33.0,0.48,0.84,2.02,4.7,12.0,53.0,0.84,0.48,206.0,2324
0.3,0.5,0.5,1,0,0,19.0,1.2,0,11.0,2,0.03,0.07,0.03,0.07,1.0,0.0,0.12,0.06,0.65,0.0,15.0,0.12,0.0,51.0,1819
7.6,9.6,8.8,27,11,11,85.0,10.5,11,60.0,11,0.41,0.49,0.38,0.45,6.0,0.47,0.47,1.16,2.57,7.0,51.0,0.47,0.47,120.0,1920
2.0,7.6,6.8,14,5,5,60.0,8.6,4,37.0,8,0.43,0.53,0.39,0.49,12.0,0.28,0.46,0.8,2.11,3.0,41.0,0.4,0.23,96.0,2021
0.6,1.6,1.6,4,2,2,10.0,1.7,2,7.0,2,0.08,0.09,0.08,0.09,0.0,0.11,0.11,0.21,0.37,1.0,6.0,0.11,0.11,12.0,1920
1.0,3.2,3.2,16,3,3,62.0,7.6,3,47.0,6,0.11,0.27,0.11,0.27,5.0,0.11,0.21,0.57,1.67,10.0,26.0,0.21,0.11,240.0,1819
1.2,1.0,1.0,7,1,1,12.0,3.3,1,19.0,2,0.03,0.12,0.03,0.12,1.0,0.04,0.07,0.25,0.68,3.0,16.0,0.07,0.04,42.0,1920
1.6,1.2,1.2,6,2,2,24.0,3.3,2,21.0,6,0.04,0.11,0.04,0.11,0.0,0.07,0.2,0.2,0.71,3.0,20.0,0.2,0.07,70.0,2021
1.0,0.8,0.8,3,1,1,22.0,1.9,1,14.0,4,0.04,0.09,0.04,0.09,0.0,0.05,0.2,0.15,0.69,1.0,7.0,0.2,0.05,60.0,2223
0.3,0.5,0.5,2,1,1,8.0,0.8,1,6.0,1,0.08,0.14,0.08,0.14,0.0,0.18,0.18,0.36,1.07,1.0,7.0,0.18,0.18,24.0,1920
2.2,0.3,0.3,1,0,0,9.0,0.5,0,5.0,0,0.13,0.25,0.13,0.25,0.0,0.0,0.0,0.52,2.6,1.0,4.0,0.0,0.0,10.0,2223
2.5,2.2,2.2,5,1,1,11.0,3.2,1,13.0,2,0.7,1.03,0.7,1.03,1.0,0.32,0.64,1.6,4.15,1.0,7.0,0.64,0.32,27.0,2324
2.8,2.1,2.1,8,3,3,56.0,5.7,3,25.0,8,0.13,0.35,0.13,0.35,0.0,0.18,0.49,0.49,1.54,3.0,29.0,0.49,0.18,99.0,2122
3.0,2.8,2.8,7,1,1,45.0,6.9,1,26.0,4,0.18,0.44,0.18,0.44,0.0,0.06,0.26,0.45,1.66,3.0,32.0,0.26,0.06,133.0,2223
1.2,3.0,3.0,14,4,4,43.0,6.5,4,30.0,6,0.18,0.39,0.18,0.39,0.0,0.24,0.36,0.84,1.81,4.0,28.0,0.36,0.24,101.0,2324
2.8,4.5,4.5,10,4,4,45.0,6.4,4,19.0,5,0.46,0.65,0.46,0.65,9.0,0.41,0.51,1.02,1.95,4.0,37.0,0.51,0.41,39.0,2324
1.1,1.7,1.7,5,0,0,26.0,2.0,0,18.0,0,0.06,0.07,0.06,0.07,0.0,0.0,0.0,0.16,0.58,0.0,9.0,0.0,0.0,5.0,1920
1.0,0.7,0.7,3,2,2,22.0,1.1,2,15.0,2,0.02,0.04,0.02,0.04,0.0,0.07,0.07,0.1,0.5,0.0,8.0,0.07,0.07,4.0,2223
0.9,1.6,1.6,8,2,2,16.0,2.5,2,23.0,3,0.05,0.08,0.05,0.08,1.0,0.06,0.1,0.26,0.74,1.0,16.0,0.1,0.06,4.0,1920
0.4,1.3,1.3,11,4,4,24.0,2.5,4,16.0,6,0.05,0.09,0.05,0.09,1.0,0.15,0.22,0.4,0.59,0.0,25.0,0.22,0.15,18.0,1920
1.5,0.4,0.4,4,0,0,7.0,0.8,0,5.0,0,0.05,0.1,0.05,0.1,0.0,0.0,0.0,0.48,0.61,1.0,7.0,0.0,0.0,6.0,2122
2.1,1.5,1.5,8,3,3,16.0,2.1,3,11.0,4,0.08,0.12,0.08,0.12,3.0,0.16,0.22,0.44,0.6,0.0,8.0,0.22,0.16,4.0,2223
0.0,0.9,0.9,3,1,1,17.0,1.5,1,12.0,2,0.03,0.06,0.03,0.06,1.0,0.04,0.07,0.11,0.44,4.0,11.0,0.07,0.04,7.0,2425
0.2,5.9,5.2,20,7,7,91.0,6.3,6,60.0,7,0.24,0.28,0.2,0.25,9.0,0.28,0.28,0.79,2.38,7.0,63.0,0.24,0.24,144.0,2223
0.8,0.6,0.6,5,0,0,34.0,5.2,0,14.0,2,0.03,0.28,0.03,0.28,2.0,0.0,0.11,0.27,0.75,3.0,17.0,0.11,0.0,127.0,2223
6.4,7.8,7.8,18,6,6,196.0,16.3,6,51.0,14,0.29,0.61,0.29,0.61,5.0,0.22,0.52,0.67,1.91,11.0,28.0,0.52,0.22,222.0,1819
2.4,6.4,6.4,18,6,6,172.0,12.9,6,47.0,16,0.31,0.63,0.31,0.63,3.0,0.3,0.79,0.89,2.32,6.0,34.0,0.79,0.3,175.0,1920
3.1,2.4,2.4,3,2,2,53.0,5.7,2,20.0,7,0.16,0.37,0.16,0.37,1.0,0.13,0.45,0.19,1.29,3.0,17.0,0.45,0.13,76.0,2021
3.8,3.1,3.1,6,2,2,71.0,7.5,2,21.0,6,0.16,0.39,0.16,0.39,3.0,0.1,0.31,0.31,1.1,1.0,37.0,0.31,0.1,105.0,2122
0.6,0.6,0.6,7,3,3,6.0,0.8,3,19.0,3,0.06,0.08,0.06,0.08,0.0,0.29,0.29,0.67,1.81,0.0,11.0,0.29,0.29,5.0,1920
0.2,0.6,0.6,4,0,0,4.0,1.7,0,17.0,0,0.04,0.11,0.04,0.11,0.0,0.0,0.0,0.26,1.1,1.0,6.0,0.0,0.0,4.0,2021
0.0,0.8,0.8,2,0,0,5.0,0.9,0,4.0,0,0.17,0.19,0.17,0.19,0.0,0.0,0.0,0.44,0.89,0.0,1.0,0.0,0.0,5.0,2223
0.0,1.6,1.6,2,2,2,16.0,2.2,2,10.0,2,0.12,0.16,0.12,0.16,2.0,0.15,0.15,0.15,0.74,0.0,21.0,0.15,0.15,37.0,1819
0.5,0.4,0.4,1,0,0,5.0,1.3,0,11.0,0,0.01,0.04,0.01,0.04,0.0,0.0,0.0,0.03,0.35,1.0,24.0,0.0,0.0,18.0,1819
0.1,0.5,0.5,2,0,0,10.0,0.9,0,7.0,1,0.02,0.04,0.02,0.04,0.0,0.0,0.05,0.09,0.32,2.0,23.0,0.05,0.0,33.0,1920
0.5,0.4,0.4,2,1,1,18.0,2.4,1,10.0,3,0.02,0.11,0.02,0.11,1.0,0.05,0.14,0.09,0.46,1.0,26.0,0.14,0.05,124.0,1819
1.3,0.5,0.5,2,1,1,30.0,1.1,1,13.0,2,0.03,0.06,0.03,0.06,1.0,0.06,0.11,0.11,0.72,0.0,20.0,0.11,0.06,81.0,1920
3.8,1.3,1.3,7,2,2,34.0,2.9,2,24.0,3,0.04,0.1,0.04,0.1,3.0,0.07,0.1,0.24,0.82,1.0,29.0,0.1,0.07,110.0,2021
1.2,3.8,3.8,8,2,2,26.0,5.6,2,36.0,4,0.16,0.24,0.16,0.24,1.0,0.08,0.17,0.34,1.53,6.0,16.0,0.17,0.08,74.0,2122
1.3,1.2,1.2,2,1,1,16.0,2.9,1,16.0,5,0.06,0.15,0.06,0.15,1.0,0.05,0.27,0.11,0.85,1.0,14.0,0.27,0.05,80.0,2223
0.1,1.3,1.3,8,1,1,26.0,2.5,1,21.0,4,0.05,0.1,0.05,0.1,0.0,0.04,0.16,0.33,0.86,0.0,19.0,0.16,0.04,66.0,2324
3.0,3.1,3.1,9,4,4,63.0,6.5,4,34.0,11,0.1,0.21,0.1,0.21,9.0,0.12,0.34,0.28,1.06,1.0,46.0,0.34,0.12,100.0,2021
2.7,3.0,3.0,9,4,4,55.0,5.9,4,30.0,9,0.11,0.21,0.11,0.21,5.0,0.14,0.31,0.31,1.05,5.0,50.0,0.31,0.14,125.0,2122
0.1,2.7,2.7,5,2,2,27.0,3.7,2,20.0,5,0.17,0.23,0.17,0.23,4.0,0.12,0.3,0.3,1.21,4.0,12.0,0.3,0.12,33.0,2223
0.4,0.1,0.1,1,0,0,4.0,0.5,0,3.0,1,0.02,0.11,0.02,0.11,0.0,0.0,0.23,0.23,0.69,1.0,4.0,0.23,0.0,16.0,2324
0.2,0.4,0.4,1,0,0,12.0,0.8,0,7.0,1,0.06,0.11,0.06,0.11,0.0,0.0,0.15,0.15,1.05,0.0,14.0,0.15,0.0,31.0,2324
7.1,7.8,7.8,24,7,7,109.0,9.7,7,64.0,7,0.24,0.3,0.24,0.3,0.0,0.22,0.22,0.75,2.0,5.0,56.0,0.22,0.22,94.0,2223
4.0,7.1,7.1,13,6,6,56.0,9.0,6,32.0,9,0.67,0.85,0.67,0.85,1.0,0.57,0.85,1.23,3.02,3.0,17.0,0.85,0.57,40.0,2324
0.1,0.1,0.1,1,0,0,5.0,0.8,0,3.0,1,0.01,0.07,0.01,0.07,0.0,0.0,0.09,0.09,0.27,0.0,13.0,0.09,0.0,45.0,1819
0.4,0.1,0.1,1,0,0,6.0,0.1,0,2.0,0,0.01,0.02,0.01,0.02,1.0,0.0,0.0,0.15,0.29,0.0,7.0,0.0,0.0,35.0,1920
0.6,0.1,0.1,1,0,0,6.0,0.2,0,2.0,0,0.06,0.15,0.06,0.15,0.0,0.0,0.0,0.7,1.41,0.0,2.0,0.0,0.0,6.0,1819
2.1,2.6,2.6,13,4,4,67.0,3.9,4,41.0,6,0.11,0.17,0.11,0.17,8.0,0.18,0.26,0.57,1.8,8.0,42.0,0.26,0.18,166.0,2021
1.5,2.1,2.1,5,1,1,87.0,6.1,1,37.0,6,0.08,0.23,0.08,0.23,7.0,0.04,0.23,0.19,1.42,8.0,29.0,0.23,0.04,178.0,2122
2.2,1.5,1.5,10,4,4,56.0,3.2,4,25.0,6,0.09,0.2,0.09,0.2,2.0,0.24,0.37,0.61,1.53,2.0,26.0,0.37,0.24,101.0,2223
2.2,2.2,2.2,10,2,2,46.0,3.7,2,37.0,3,0.11,0.18,0.11,0.18,2.0,0.1,0.14,0.48,1.78,11.0,27.0,0.14,0.1,132.0,2324
2.0,5.2,5.2,19,3,3,105.0,8.6,3,44.0,8,0.27,0.44,0.27,0.44,13.0,0.16,0.41,0.98,2.28,9.0,42.0,0.41,0.16,150.0,1819
1.4,2.0,2.0,3,1,1,43.0,2.6,1,19.0,2,0.18,0.25,0.18,0.25,6.0,0.09,0.19,0.28,1.78,1.0,37.0,0.19,0.09,58.0,1920
3.7,1.4,1.4,5,0,0,23.0,1.6,0,12.0,0,0.27,0.3,0.27,0.3,5.0,0.0,0.0,0.97,2.33,0.0,17.0,0.0,0.0,44.0,1920
4.2,3.7,2.9,12,3,3,52.0,3.3,2,27.0,4,0.41,0.46,0.32,0.37,9.0,0.33,0.44,1.33,2.99,5.0,25.0,0.33,0.22,46.0,2021
1.2,4.2,3.4,9,4,4,45.0,4.0,3,24.0,4,0.38,0.43,0.31,0.36,5.0,0.36,0.36,0.81,2.15,1.0,23.0,0.27,0.27,50.0,2122
3.4,1.2,0.4,3,1,1,12.0,1.3,0,5.0,2,0.39,0.66,0.14,0.41,0.0,0.32,0.64,0.96,1.6,1.0,8.0,0.32,0.0,22.0,2223
4.8,3.4,3.4,15,5,5,53.0,4.3,5,28.0,5,0.35,0.44,0.35,0.44,7.0,0.52,0.52,1.55,2.9,4.0,12.0,0.52,0.52,40.0,2223
0.6,1.4,1.4,3,1,1,18.0,1.8,1,14.0,2,0.06,0.08,0.06,0.08,0.0,0.05,0.09,0.14,0.65,2.0,8.0,0.09,0.05,2.0,1819
0.8,0.6,0.6,3,0,0,15.0,0.7,0,7.0,0,0.02,0.03,0.02,0.03,1.0,0.0,0.0,0.11,0.26,1.0,12.0,0.0,0.0,9.0,1920
0.6,2.1,2.1,3,2,2,22.0,2.4,2,13.0,2,0.11,0.13,0.11,0.13,1.0,0.11,0.11,0.17,0.72,1.0,9.0,0.11,0.11,8.0,2122
0.1,0.6,0.6,2,0,0,10.0,1.0,0,6.0,0,0.07,0.11,0.07,0.11,1.0,0.0,0.0,0.21,0.63,0.0,3.0,0.0,0.0,4.0,2223
0.2,1.6,1.6,8,1,1,29.0,4.2,1,29.0,3,0.05,0.13,0.05,0.13,0.0,0.03,0.1,0.25,0.92,3.0,61.0,0.1,0.03,43.0,1920
1.3,2.3,2.3,11,0,0,48.0,3.0,0,26.0,0,0.19,0.25,0.19,0.25,2.0,0.0,0.0,0.91,2.14,2.0,35.0,0.0,0.0,91.0,1920
1.9,0.9,0.9,1,0,0,11.0,1.0,0,10.0,0,0.06,0.07,0.06,0.07,0.0,0.0,0.0,0.07,0.7,1.0,9.0,0.0,0.0,0.0,1819
1.3,1.9,1.9,4,0,0,27.0,3.0,0,13.0,1,0.07,0.12,0.07,0.12,1.0,0.0,0.04,0.15,0.5,3.0,23.0,0.04,0.0,6.0,1920
0.6,1.3,1.3,5,1,1,27.0,1.9,1,14.0,1,0.05,0.07,0.05,0.07,0.0,0.04,0.04,0.19,0.54,2.0,24.0,0.04,0.04,11.0,2021
0.7,0.6,0.6,2,1,1,20.0,2.5,1,11.0,7,0.02,0.1,0.02,0.1,1.0,0.04,0.28,0.08,0.45,2.0,16.0,0.28,0.04,9.0,2122
1.7,0.7,0.7,1,0,0,18.0,1.0,0,7.0,1,0.03,0.04,0.03,0.04,1.0,0.0,0.04,0.04,0.27,1.0,19.0,0.04,0.0,7.0,2223
1.2,1.7,1.7,4,1,1,17.0,2.1,1,11.0,1,0.08,0.11,0.08,0.11,2.0,0.05,0.05,0.2,0.56,0.0,9.0,0.05,0.05,10.0,2324
0.8,1.2,1.2,2,1,1,22.0,3.1,1,11.0,3,0.04,0.11,0.04,0.11,4.0,0.04,0.11,0.07,0.4,2.0,34.0,0.11,0.04,104.0,1819
0.1,0.8,0.8,1,1,1,5.0,1.1,1,1.0,1,0.07,0.1,0.07,0.1,2.0,0.1,0.1,0.1,0.1,0.0,14.0,0.1,0.1,40.0,1920
1.9,0.4,0.4,2,2,2,8.0,0.5,2,6.0,2,0.07,0.08,0.07,0.08,0.0,0.35,0.35,0.35,1.06,2.0,3.0,0.35,0.35,15.0,2324
2.4,1.1,1.1,8,1,1,51.0,2.8,1,26.0,5,0.03,0.08,0.03,0.08,0.0,0.03,0.14,0.23,0.74,3.0,26.0,0.14,0.03,44.0,2122
3.3,2.4,1.6,8,4,4,24.0,4.8,4,35.0,5,0.07,0.15,0.04,0.13,1.0,0.11,0.14,0.22,0.96,1.0,28.0,0.14,0.11,37.0,2223
3.5,3.3,3.3,20,7,7,67.0,8.6,7,58.0,15,0.09,0.24,0.09,0.24,2.0,0.2,0.42,0.56,1.62,5.0,31.0,0.42,0.2,64.0,2324
0.8,0.6,0.6,1,1,1,18.0,1.4,1,10.0,1,0.04,0.08,0.04,0.08,0.0,0.06,0.06,0.06,0.58,1.0,7.0,0.06,0.06,3.0,2021
1.7,1.3,1.3,7,4,4,30.0,4.1,4,18.0,7,0.05,0.17,0.05,0.17,6.0,0.16,0.29,0.29,0.74,0.0,30.0,0.29,0.16,131.0,2223
2.3,1.7,1.7,8,4,4,25.0,2.9,4,16.0,4,0.13,0.24,0.13,0.24,2.0,0.32,0.32,0.64,1.28,2.0,18.0,0.32,0.32,74.0,2324
3.0,6.7,5.9,25,10,10,159.0,14.5,9,61.0,18,0.2,0.47,0.18,0.45,6.0,0.31,0.55,0.77,1.87,7.0,127.0,0.52,0.28,237.0,1920
2.7,3.0,3.0,7,4,4,117.0,9.1,4,34.0,7,0.14,0.43,0.14,0.43,5.0,0.19,0.33,0.33,1.59,6.0,66.0,0.33,0.19,202.0,2021
2.5,1.7,1.7,6,1,1,47.0,2.9,1,18.0,4,0.2,0.34,0.2,0.34,3.0,0.12,0.47,0.7,2.1,2.0,41.0,0.47,0.12,89.0,2122
4.7,2.5,2.5,10,2,2,107.0,7.2,2,43.0,9,0.11,0.31,0.11,0.31,3.0,0.09,0.39,0.44,1.87,5.0,78.0,0.39,0.09,195.0,2223
4.2,4.7,4.7,23,8,8,226.0,12.4,8,57.0,11,0.15,0.4,0.15,0.4,10.0,0.26,0.36,0.75,1.86,11.0,86.0,0.36,0.26,388.0,2324
1.9,3.3,2.6,14,5,5,58.0,4.7,4,34.0,6,0.18,0.29,0.13,0.24,5.0,0.26,0.32,0.74,1.79,5.0,39.0,0.26,0.21,95.0,2223
0.4,0.7,0.7,1,1,1,8.0,0.8,1,6.0,1,0.06,0.07,0.06,0.07,0.0,0.09,0.09,0.09,0.55,0.0,3.0,0.09,0.09,2.0,1819
0.8,0.4,0.4,1,0,0,16.0,0.7,0,5.0,1,0.05,0.08,0.05,0.08,0.0,0.0,0.12,0.12,0.58,0.0,1.0,0.12,0.0,3.0,1920
8.1,4.8,4.8,19,5,5,91.0,7.9,5,39.0,8,0.23,0.39,0.23,0.39,3.0,0.25,0.39,0.94,1.92,5.0,49.0,0.39,0.25,153.0,1819
2.0,8.1,7.3,18,8,8,76.0,10.8,7,41.0,12,0.4,0.56,0.36,0.53,6.0,0.39,0.58,0.88,2.0,3.0,50.0,0.54,0.34,152.0,1920
0.1,2.0,2.0,4,0,0,23.0,3.3,0,12.0,1,0.3,0.47,0.3,0.47,1.0,0.0,0.15,0.58,1.74,1.0,13.0,0.15,0.0,30.0,2021
0.0,1.6,0.8,2,1,1,14.0,1.1,0,3.0,1,0.22,0.26,0.11,0.15,2.0,0.14,0.14,0.27,0.41,0.0,13.0,0.0,0.0,22.0,2122
2.8,4.5,4.5,19,4,4,82.0,5.8,4,47.0,5,0.2,0.26,0.2,0.26,3.0,0.18,0.23,0.86,2.13,6.0,58.0,0.23,0.18,180.0,1819
0.1,2.8,2.0,7,2,2,38.0,4.0,2,22.0,5,0.4,0.7,0.28,0.59,3.0,0.29,0.72,1.01,3.18,2.0,20.0,0.72,0.29,78.0,1920
4.0,1.4,1.4,7,1,1,32.0,2.3,1,15.0,3,0.28,0.46,0.28,0.46,1.0,0.2,0.61,1.43,3.05,2.0,13.0,0.61,0.2,44.0,2021
6.2,4.0,4.0,17,5,5,87.0,7.6,5,65.0,9,0.15,0.29,0.15,0.29,3.0,0.19,0.35,0.65,2.5,7.0,70.0,0.35,0.19,169.0,2122
1.1,0.6,0.6,3,0,0,27.0,1.2,0,10.0,0,0.1,0.2,0.1,0.2,6.0,0.0,0.0,0.52,1.73,0.0,24.0,0.0,0.0,42.0,2223
0.3,1.1,1.1,2,0,0,13.0,1.4,0,7.0,0,0.34,0.44,0.34,0.44,2.0,0.0,0.0,0.6,2.11,1.0,7.0,0.0,0.0,23.0,2324
12.8,10.3,7.9,34,10,10,104.0,10.0,7,75.0,13,0.45,0.55,0.35,0.44,7.0,0.44,0.57,1.5,3.31,10.0,86.0,0.44,0.31,201.0,1920
8.0,12.8,9.6,35,7,7,162.0,12.7,4,97.0,11,0.42,0.53,0.32,0.42,11.0,0.23,0.36,1.16,3.21,11.0,121.0,0.26,0.13,222.0,2021
3.4,3.7,3.7,6,2,2,74.0,11.4,2,32.0,4,0.2,0.6,0.2,0.6,10.0,0.11,0.21,0.32,1.69,4.0,44.0,0.21,0.11,178.0,1819
1.0,3.4,3.4,7,1,1,44.0,4.9,1,22.0,3,0.33,0.48,0.33,0.48,2.0,0.1,0.29,0.68,2.14,1.0,21.0,0.29,0.1,85.0,1920
0.9,1.0,1.0,6,0,0,43.0,3.4,0,20.0,3,0.08,0.28,0.08,0.28,3.0,0.0,0.25,0.49,1.63,0.0,24.0,0.25,0.0,95.0,2021
0.3,0.4,0.4,1,0,0,9.0,0.7,0,3.0,0,0.07,0.14,0.07,0.14,0.0,0.0,0.0,0.19,0.58,1.0,11.0,0.0,0.0,27.0,2324
0.0,1.9,1.9,5,2,2,40.0,4.6,2,12.0,4,0.29,0.7,0.29,0.7,0.0,0.3,0.61,0.76,1.82,1.0,15.0,0.61,0.3,67.0,1718
1.1,2.0,1.2,8,1,1,45.0,6.2,1,18.0,6,0.11,0.38,0.07,0.34,0.0,0.06,0.33,0.44,0.99,3.0,38.0,0.33,0.06,115.0,1920
2.2,1.1,1.1,3,0,0,16.0,7.0,0,16.0,9,0.03,0.22,0.03,0.22,1.0,0.0,0.28,0.09,0.5,2.0,56.0,0.28,0.0,87.0,2021
0.5,2.2,2.2,8,4,4,37.0,6.6,4,22.0,10,0.07,0.21,0.07,0.21,1.0,0.13,0.32,0.26,0.7,4.0,57.0,0.32,0.13,78.0,2122
0.1,0.5,0.5,2,0,0,12.0,1.6,0,4.0,0,0.05,0.15,0.05,0.15,1.0,0.0,0.0,0.19,0.38,0.0,13.0,0.0,0.0,34.0,2223
2.3,3.8,3.8,13,4,4,41.0,4.5,4,36.0,4,0.18,0.21,0.18,0.21,1.0,0.18,0.18,0.6,1.65,4.0,36.0,0.18,0.18,82.0,1819
1.5,2.3,2.3,5,2,2,16.0,3.9,2,23.0,4,0.11,0.18,0.11,0.18,0.0,0.09,0.18,0.23,1.06,0.0,20.0,0.18,0.09,19.0,1920
0.9,1.5,1.5,2,1,1,15.0,2.5,1,11.0,2,0.09,0.16,0.09,0.16,0.0,0.06,0.13,0.13,0.7,2.0,20.0,0.13,0.06,27.0,2021
1.5,0.9,0.9,4,2,2,14.0,1.7,2,18.0,3,0.06,0.11,0.06,0.11,1.0,0.13,0.19,0.26,1.16,3.0,17.0,0.19,0.13,20.0,2122
0.2,1.5,1.5,4,1,1,15.0,1.6,1,9.0,2,0.22,0.24,0.22,0.24,0.0,0.15,0.3,0.6,1.36,2.0,11.0,0.3,0.15,17.0,2122
5.2,1.4,1.4,10,4,4,21.0,2.5,4,26.0,4,0.06,0.11,0.06,0.11,0.0,0.17,0.17,0.42,1.09,4.0,30.0,0.17,0.17,23.0,2324
11.7,15.0,14.3,51,18,18,147.0,20.8,18,106.0,28,0.65,0.93,0.61,0.9,3.0,0.78,1.21,2.2,4.57,6.0,58.0,1.21,0.78,182.0,2324
0.2,0.4,0.4,1,0,0,4.0,0.6,0,5.0,0,0.05,0.06,0.05,0.06,1.0,0.0,0.0,0.11,0.57,0.0,12.0,0.0,0.0,51.0,2223
0.9,0.1,0.1,2,0,0,2.0,1.0,0,4.0,1,0.05,0.36,0.05,0.36,0.0,0.0,0.37,0.73,1.46,0.0,2.0,0.37,0.0,4.0,1819
0.2,0.9,0.9,2,2,2,12.0,3.2,2,14.0,4,0.06,0.21,0.06,0.21,0.0,0.13,0.26,0.13,0.92,3.0,15.0,0.26,0.13,22.0,2122
0.1,0.3,0.3,1,0,0,4.0,0.5,0,2.0,0,0.17,0.24,0.17,0.24,0.0,0.0,0.0,0.51,1.02,1.0,4.0,0.0,0.0,13.0,1920
0.9,2.3,2.3,12,2,2,67.0,7.4,2,34.0,5,0.07,0.23,0.07,0.23,1.0,0.06,0.16,0.37,1.06,2.0,42.0,0.16,0.06,189.0,1819
2.3,0.4,0.4,2,1,1,23.0,1.5,1,8.0,2,0.05,0.19,0.05,0.19,0.0,0.13,0.25,0.25,1.0,0.0,11.0,0.25,0.13,55.0,2021
1.0,2.3,2.3,8,2,2,49.0,6.7,2,24.0,4,0.14,0.39,0.14,0.39,3.0,0.12,0.23,0.47,1.4,2.0,28.0,0.23,0.12,101.0,2122
2.3,3.6,3.6,13,1,1,99.0,8.5,1,33.0,5,0.15,0.35,0.15,0.35,2.0,0.04,0.2,0.53,1.34,9.0,39.0,0.2,0.04,172.0,2223
5.4,2.3,2.3,6,4,4,73.0,7.1,4,24.0,8,0.12,0.39,0.12,0.39,5.0,0.22,0.44,0.33,1.32,1.0,29.0,0.44,0.22,147.0,2324
2.9,4.4,4.4,12,5,5,62.0,6.7,5,27.0,8,0.16,0.24,0.16,0.24,4.0,0.18,0.29,0.44,0.98,6.0,50.0,0.29,0.18,113.0,2122
2.4,2.9,2.9,7,3,3,76.0,7.1,3,27.0,7,0.1,0.24,0.1,0.24,5.0,0.1,0.23,0.23,0.9,4.0,58.0,0.23,0.1,155.0,2223
0.6,0.2,0.2,1,0,0,8.0,1.1,0,6.0,1,0.02,0.08,0.02,0.08,0.0,0.0,0.07,0.07,0.41,0.0,15.0,0.07,0.0,23.0,1920
0.0,1.1,1.1,4,2,2,21.0,2.2,2,15.0,2,0.06,0.12,0.06,0.12,0.0,0.11,0.11,0.22,0.82,5.0,17.0,0.11,0.11,23.0,2122
0.1,4.1,4.1,6,2,2,38.0,4.4,2,20.0,2,0.48,0.5,0.48,0.5,9.0,0.23,0.23,0.69,2.31,0.0,41.0,0.23,0.23,43.0,1718
2.0,1.6,1.6,7,1,1,35.0,2.1,1,25.0,1,0.06,0.08,0.06,0.08,2.0,0.04,0.04,0.27,0.98,3.0,13.0,0.04,0.04,8.0,1718
2.1,1.3,1.3,5,1,1,24.0,1.9,1,15.0,1,0.04,0.06,0.04,0.06,0.0,0.03,0.03,0.16,0.48,4.0,8.0,0.03,0.03,2.0,2021
0.6,1.9,1.9,1,0,0,23.0,2.0,0,10.0,0,0.1,0.1,0.1,0.1,1.0,0.0,0.0,0.05,0.5,0.0,8.0,0.0,0.0,1.0,2324
0.7,1.2,1.2,3,2,2,21.0,1.4,2,13.0,2,0.07,0.08,0.07,0.08,0.0,0.11,0.11,0.17,0.72,0.0,8.0,0.11,0.11,0.0,2324
1.7,3.6,3.6,10,3,3,59.0,6.0,3,25.0,6,0.31,0.52,0.31,0.52,19.0,0.26,0.52,0.86,2.16,2.0,50.0,0.52,0.26,122.0,1718
6.7,1.7,1.7,10,2,2,47.0,2.6,2,16.0,4,0.14,0.21,0.14,0.21,11.0,0.16,0.32,0.81,1.29,1.0,40.0,0.32,0.16,93.0,1819
1.4,6.7,4.3,7,5,5,65.0,7.1,3,32.0,9,0.44,0.63,0.29,0.47,19.0,0.33,0.6,0.47,2.13,4.0,42.0,0.47,0.2,86.0,1920
3.2,1.4,0.6,2,2,2,17.0,1.1,1,4.0,2,0.6,0.82,0.26,0.48,5.0,0.87,0.87,0.87,1.73,1.0,7.0,0.43,0.43,21.0,2021
0.8,0.4,0.4,3,0,0,17.0,3.1,0,10.0,2,0.02,0.14,0.02,0.14,0.0,0.0,0.09,0.13,0.44,1.0,34.0,0.09,0.0,38.0,1819
0.4,0.8,0.8,2,0,0,9.0,1.7,0,4.0,0,0.06,0.13,0.06,0.13,0.0,0.0,0.0,0.15,0.3,0.0,24.0,0.0,0.0,16.0,1920
1.2,0.4,0.4,1,1,1,5.0,0.8,1,4.0,1,0.04,0.08,0.04,0.08,0.0,0.1,0.1,0.1,0.4,1.0,8.0,0.1,0.1,8.0,1920
0.7,1.2,1.2,6,2,2,21.0,3.1,2,14.0,5,0.07,0.17,0.07,0.17,1.0,0.11,0.28,0.34,0.79,0.0,14.0,0.28,0.11,26.0,2021
0.0,0.7,0.7,1,1,1,4.0,1.1,1,2.0,1,0.09,0.14,0.09,0.14,0.0,0.13,0.13,0.13,0.26,1.0,12.0,0.13,0.13,2.0,2122
0.6,1.3,1.3,3,0,0,27.0,1.9,0,16.0,1,0.17,0.24,0.17,0.24,0.0,0.0,0.13,0.38,2.05,2.0,27.0,0.13,0.0,55.0,1819
4.9,2.6,2.6,11,3,3,36.0,2.9,3,23.0,3,0.34,0.37,0.34,0.37,7.0,0.39,0.39,1.41,2.96,3.0,16.0,0.39,0.39,67.0,1819
3.2,1.7,1.7,7,2,2,44.0,3.7,2,23.0,2,0.19,0.4,0.19,0.4,1.0,0.22,0.22,0.76,2.51,1.0,20.0,0.22,0.22,77.0,1920
0.0,3.2,3.2,10,4,4,78.0,6.7,4,32.0,6,0.19,0.4,0.19,0.4,2.0,0.24,0.36,0.59,1.9,4.0,26.0,0.36,0.24,132.0,2021
0.9,2.6,2.6,8,3,3,32.0,2.9,3,14.0,4,0.09,0.1,0.09,0.1,0.0,0.11,0.14,0.29,0.5,2.0,12.0,0.14,0.11,3.0,1819
0.8,0.9,0.9,2,1,1,18.0,1.9,1,11.0,2,0.05,0.1,0.05,0.1,3.0,0.06,0.11,0.11,0.61,1.0,10.0,0.11,0.06,8.0,1920
0.3,0.4,0.4,2,1,1,10.0,0.5,1,5.0,1,0.03,0.03,0.03,0.03,0.0,0.07,0.07,0.14,0.35,1.0,2.0,0.07,0.07,1.0,2021
0.8,0.3,0.3,1,0,0,9.0,0.3,0,4.0,0,0.01,0.01,0.01,0.01,0.0,0.0,0.0,0.05,0.2,0.0,5.0,0.0,0.0,1.0,2122
0.8,0.2,0.2,2,0,0,14.0,0.4,0,6.0,0,0.04,0.11,0.04,0.11,0.0,0.0,0.0,0.52,1.55,0.0,11.0,0.0,0.0,39.0,1920
0.1,0.8,0.8,4,0,0,50.0,1.3,0,14.0,2,0.08,0.14,0.08,0.14,2.0,0.0,0.21,0.42,1.46,1.0,25.0,0.21,0.0,81.0,2021
0.0,1.2,1.2,3,0,0,14.0,1.8,0,6.0,0,0.16,0.25,0.16,0.25,0.0,0.0,0.0,0.41,0.83,1.0,11.0,0.0,0.0,51.0,1819
0.4,0.0,0.0,1,0,0,2.0,0.1,0,1.0,0,0.01,0.06,0.01,0.06,0.0,0.0,0.0,0.52,0.52,0.0,1.0,0.0,0.0,15.0,1920
0.5,2.3,2.3,7,3,3,23.0,2.3,3,22.0,3,0.09,0.09,0.09,0.09,0.0,0.12,0.12,0.27,0.85,0.0,9.0,0.12,0.12,5.0,1718
1.1,0.5,0.5,1,0,0,14.0,0.6,0,7.0,0,0.03,0.03,0.03,0.03,1.0,0.0,0.0,0.05,0.36,0.0,5.0,0.0,0.0,7.0,1819
0.8,1.1,1.1,4,1,1,14.0,1.3,1,10.0,2,0.04,0.05,0.04,0.05,3.0,0.04,0.08,0.15,0.39,0.0,17.0,0.08,0.04,3.0,1920
0.3,0.4,0.4,1,0,0,8.0,0.5,0,4.0,0,0.06,0.07,0.06,0.07,0.0,0.0,0.0,0.16,0.63,0.0,2.0,0.0,0.0,3.0,2223
1.5,0.3,0.3,4,1,1,12.0,0.9,1,9.0,2,0.01,0.04,0.01,0.04,0.0,0.04,0.08,0.17,0.37,2.0,10.0,0.08,0.04,5.0,2324
3.7,3.5,3.5,8,3,3,27.0,4.7,3,12.0,4,0.71,0.94,0.71,0.94,1.0,0.6,0.81,1.61,2.42,4.0,13.0,0.81,0.6,46.0,2223
6.6,3.7,3.7,15,3,3,95.0,9.1,3,41.0,9,0.12,0.31,0.12,0.31,8.0,0.1,0.3,0.51,1.39,2.0,64.0,0.3,0.1,180.0,2324
4.2,3.6,1.2,6,5,5,35.0,3.6,2,13.0,5,0.49,0.8,0.17,0.48,1.0,0.67,0.67,0.81,1.75,4.0,12.0,0.27,0.27,56.0,1819
1.4,4.2,1.1,3,5,5,35.0,3.5,1,11.0,8,0.43,0.68,0.11,0.36,0.0,0.51,0.82,0.31,1.13,1.0,6.0,0.41,0.1,56.0,1920
0.2,0.2,0.2,1,0,0,11.0,1.1,0,10.0,0,0.01,0.06,0.01,0.06,4.0,0.0,0.0,0.05,0.55,1.0,26.0,0.0,0.0,70.0,2122
0.3,0.2,0.2,3,0,0,8.0,1.7,0,9.0,0,0.01,0.09,0.01,0.09,2.0,0.0,0.0,0.16,0.49,1.0,24.0,0.0,0.0,72.0,2223
0.4,0.3,0.3,5,0,0,6.0,4.1,0,18.0,7,0.01,0.15,0.01,0.15,2.0,0.0,0.25,0.18,0.64,1.0,33.0,0.25,0.0,79.0,2324
0.1,0.9,0.9,2,0,0,12.0,1.2,0,8.0,0,0.28,0.35,0.28,0.35,0.0,0.0,0.0,0.6,2.42,1.0,9.0,0.0,0.0,18.0,1819
4.7,3.2,3.2,12,3,3,75.0,9.4,3,44.0,9,0.13,0.39,0.13,0.39,3.0,0.12,0.37,0.5,1.82,5.0,49.0,0.37,0.12,204.0,2324
0.0,1.1,1.1,4,3,3,41.0,2.8,3,13.0,5,0.05,0.14,0.05,0.14,2.0,0.15,0.25,0.2,0.65,1.0,48.0,0.25,0.15,55.0,1819
0.8,0.3,0.3,2,1,1,5.0,0.8,1,5.0,1,0.02,0.06,0.02,0.06,0.0,0.08,0.08,0.16,0.4,1.0,18.0,0.08,0.08,20.0,1920
0.2,0.6,0.6,5,0,0,14.0,1.2,0,16.0,1,0.02,0.05,0.02,0.05,1.0,0.0,0.04,0.19,0.61,2.0,21.0,0.04,0.0,31.0,2122
0.4,0.6,0.6,1,0,0,18.0,1.8,0,7.0,0,0.03,0.09,0.03,0.09,2.0,0.0,0.0,0.05,0.34,0.0,34.0,0.0,0.0,64.0,2324
1.6,1.0,1.0,7,0,0,11.0,1.9,0,22.0,2,0.07,0.13,0.07,0.13,3.0,0.0,0.14,0.49,1.53,1.0,25.0,0.14,0.0,68.0,1819
2.8,1.6,1.6,10,2,2,8.0,5.0,2,34.0,5,0.1,0.3,0.1,0.3,2.0,0.12,0.3,0.6,2.06,2.0,24.0,0.3,0.12,45.0,1920
1.4,2.8,1.1,8,2,2,17.0,5.9,1,28.0,6,0.14,0.37,0.05,0.29,0.0,0.1,0.3,0.39,1.38,1.0,30.0,0.25,0.05,87.0,2021
0.6,1.4,1.4,3,2,2,24.0,4.4,2,23.0,5,0.06,0.19,0.06,0.19,4.0,0.09,0.22,0.13,1.01,3.0,30.0,0.22,0.09,166.0,2122
6.4,5.6,3.2,12,4,4,43.0,9.9,2,37.0,10,0.26,0.58,0.15,0.47,0.0,0.19,0.47,0.57,1.75,3.0,40.0,0.38,0.09,149.0,1819
10.6,5.9,5.1,17,7,7,77.0,13.1,7,44.0,17,0.22,0.52,0.19,0.49,1.0,0.26,0.63,0.63,1.64,4.0,54.0,0.63,0.26,248.0,2021
3.0,10.6,5.1,18,12,12,77.0,15.1,5,61.0,22,0.37,0.71,0.18,0.52,3.0,0.42,0.76,0.62,2.12,5.0,43.0,0.52,0.17,212.0,2122
3.1,1.1,1.1,4,0,0,33.0,1.2,0,12.0,0,0.05,0.06,0.05,0.06,3.0,0.0,0.0,0.19,0.56,2.0,16.0,0.0,0.0,6.0,1920
0.6,0.4,0.4,5,1,1,17.0,1.3,1,10.0,2,0.03,0.11,0.03,0.11,2.0,0.08,0.17,0.41,0.83,2.0,16.0,0.17,0.08,47.0,2021
2.5,0.6,0.6,4,0,0,27.0,1.7,0,13.0,0,0.03,0.09,0.03,0.09,1.0,0.0,0.0,0.2,0.65,0.0,25.0,0.0,0.0,75.0,2122
1.7,2.5,2.5,7,1,1,38.0,4.4,1,22.0,3,0.1,0.18,0.1,0.18,0.0,0.04,0.13,0.29,0.92,2.0,18.0,0.13,0.04,85.0,2223
2.0,1.7,1.7,7,2,2,48.0,4.6,2,30.0,5,0.05,0.13,0.05,0.13,2.0,0.06,0.14,0.2,0.85,3.0,24.0,0.14,0.06,111.0,2324
6.4,11.5,11.5,26,7,7,146.0,14.2,7,69.0,8,0.45,0.56,0.45,0.56,3.0,0.28,0.32,1.02,2.72,13.0,80.0,0.32,0.28,200.0,1920
16.3,6.4,6.4,26,9,9,91.0,8.0,9,46.0,9,0.51,0.64,0.51,0.64,1.0,0.73,0.73,2.1,3.72,5.0,39.0,0.73,0.73,125.0,2021
6.5,16.3,16.3,32,15,15,182.0,22.0,15,90.0,19,0.62,0.84,0.62,0.84,5.0,0.57,0.72,1.22,3.43,9.0,63.0,0.72,0.57,191.0,2122
5.3,6.5,6.5,11,7,7,73.0,8.6,7,35.0,11,0.52,0.69,0.52,0.69,3.0,0.56,0.88,0.88,2.79,5.0,34.0,0.88,0.56,104.0,2223
7.9,5.3,5.3,19,10,10,107.0,8.6,10,41.0,13,0.42,0.68,0.42,0.68,3.0,0.79,1.02,1.49,3.22,3.0,42.0,1.02,0.79,111.0,2324
1.4,0.8,0.8,4,0,0,22.0,1.0,0,13.0,0,0.03,0.03,0.03,0.03,1.0,0.0,0.0,0.13,0.43,1.0,24.0,0.0,0.0,4.0,2324
0.9,1.0,1.0,2,0,0,17.0,1.3,0,16.0,0,0.05,0.07,0.05,0.07,1.0,0.0,0.0,0.11,0.88,0.0,38.0,0.0,0.0,31.0,2122
1.3,0.9,0.9,4,0,0,12.0,2.5,0,18.0,1,0.06,0.16,0.06,0.16,0.0,0.0,0.07,0.26,1.17,3.0,30.0,0.07,0.0,38.0,2223
1.8,2.2,2.2,6,3,3,18.0,2.3,3,13.0,4,0.53,0.57,0.53,0.57,3.0,0.73,0.97,1.46,3.15,2.0,9.0,0.97,0.73,28.0,1819
1.1,1.8,1.8,6,4,4,38.0,2.6,4,14.0,5,0.22,0.32,0.22,0.32,0.0,0.5,0.63,0.75,1.76,2.0,28.0,0.63,0.5,90.0,1920
1.5,1.1,1.1,2,0,0,13.0,1.3,0,7.0,0,0.54,0.62,0.54,0.62,0.0,0.0,0.0,0.97,3.39,0.0,4.0,0.0,0.0,18.0,2021
1.4,2.1,2.1,12,2,2,49.0,3.3,2,29.0,3,0.19,0.29,0.19,0.29,6.0,0.18,0.26,1.05,2.54,3.0,39.0,0.26,0.18,79.0,2223
0.2,0.4,0.4,1,0,0,8.0,0.5,0,3.0,0,0.06,0.08,0.06,0.08,0.0,0.0,0.0,0.16,0.47,0.0,14.0,0.0,0.0,18.0,2223
0.3,0.1,0.1,1,0,0,12.0,0.4,0,6.0,0,0.0,0.02,0.0,0.02,1.0,0.0,0.0,0.04,0.22,0.0,24.0,0.0,0.0,19.0,2324
1.3,0.9,0.9,8,2,2,45.0,5.2,2,20.0,9,0.04,0.22,0.04,0.22,0.0,0.08,0.38,0.33,0.84,3.0,39.0,0.38,0.08,170.0,1718
0.4,1.3,1.3,3,0,0,33.0,4.3,0,18.0,2,0.05,0.19,0.05,0.19,9.0,0.0,0.09,0.13,0.78,3.0,45.0,0.09,0.0,166.0,1819
0.2,0.2,0.2,1,0,0,3.0,2.6,0,5.0,2,0.01,0.12,0.01,0.12,1.0,0.0,0.09,0.05,0.23,0.0,20.0,0.09,0.0,37.0,2021
0.4,0.2,0.2,1,0,0,7.0,0.8,0,4.0,0,0.02,0.07,0.02,0.07,0.0,0.0,0.0,0.09,0.38,2.0,12.0,0.0,0.0,41.0,2122
0.5,1.7,1.7,3,1,1,28.0,4.4,1,22.0,4,0.09,0.23,0.09,0.23,0.0,0.05,0.21,0.15,1.13,1.0,36.0,0.21,0.05,61.0,1920
0.6,0.5,0.5,3,0,0,16.0,1.7,0,11.0,2,0.02,0.07,0.02,0.07,2.0,0.0,0.08,0.12,0.46,0.0,37.0,0.08,0.0,45.0,2021
1.7,0.6,0.6,3,2,2,12.0,2.3,2,16.0,5,0.02,0.09,0.02,0.09,0.0,0.07,0.19,0.11,0.6,2.0,42.0,0.19,0.07,32.0,2122
1.5,1.7,1.7,10,4,4,25.0,2.8,4,28.0,4,0.06,0.09,0.06,0.09,0.0,0.14,0.14,0.34,0.95,3.0,24.0,0.14,0.14,29.0,2223
7.5,12.7,8.0,26,10,10,83.0,10.2,6,50.0,13,0.58,0.68,0.36,0.47,14.0,0.46,0.59,1.19,2.28,4.0,73.0,0.41,0.27,207.0,1819
6.9,7.5,7.5,18,7,7,64.0,12.2,7,40.0,13,0.33,0.54,0.33,0.54,10.0,0.31,0.58,0.8,1.77,4.0,68.0,0.58,0.31,166.0,1920
1.2,6.9,5.3,17,5,5,78.0,8.1,3,40.0,10,0.34,0.47,0.26,0.39,20.0,0.24,0.49,0.82,1.94,2.0,48.0,0.39,0.15,124.0,2021
2.6,1.2,0.4,1,1,1,5.0,0.4,0,3.0,1,0.59,0.59,0.19,0.19,1.0,0.51,0.51,0.51,1.53,0.0,4.0,0.0,0.0,7.0,2122
8.6,2.6,2.6,7,1,1,29.0,5.1,1,17.0,3,0.27,0.52,0.27,0.52,11.0,0.1,0.31,0.71,1.73,1.0,33.0,0.31,0.1,80.0,2122
5.6,8.6,4.7,22,11,11,103.0,9.1,6,59.0,14,0.32,0.49,0.18,0.34,17.0,0.41,0.53,0.83,2.22,2.0,82.0,0.34,0.23,178.0,2223
10.1,5.6,5.6,17,5,5,67.0,6.2,5,42.0,6,0.45,0.5,0.45,0.5,4.0,0.4,0.48,1.36,3.36,1.0,44.0,0.48,0.4,116.0,2324
1.4,0.1,0.1,1,0,0,7.0,0.9,0,2.0,0,0.01,0.15,0.01,0.15,0.0,0.0,0.0,0.17,0.34,0.0,9.0,0.0,0.0,21.0,2324
0.1,0.2,0.2,3,1,1,14.0,1.1,1,4.0,3,0.01,0.08,0.01,0.08,0.0,0.07,0.21,0.21,0.29,0.0,21.0,0.21,0.07,93.0,2021
0.8,0.8,0.8,4,0,0,23.0,2.6,0,19.0,3,0.03,0.08,0.03,0.08,0.0,0.0,0.1,0.13,0.62,1.0,32.0,0.1,0.0,120.0,2324
10.7,8.9,8.1,30,8,8,97.0,12.6,7,125.0,12,0.28,0.42,0.25,0.4,11.0,0.25,0.38,0.94,3.91,11.0,78.0,0.34,0.22,310.0,1819
15.0,10.7,8.4,44,14,14,89.0,16.3,12,117.0,24,0.39,0.67,0.3,0.59,7.0,0.51,0.87,1.59,4.22,14.0,64.0,0.79,0.43,227.0,1920
11.3,15.0,8.7,32,17,17,121.0,14.9,10,105.0,24,0.55,0.77,0.32,0.54,2.0,0.62,0.87,1.16,3.82,16.0,54.0,0.62,0.36,272.0,2021
6.5,11.4,5.1,19,12,12,111.0,11.7,5,75.0,19,0.55,0.87,0.24,0.56,8.0,0.58,0.92,0.92,3.62,5.0,60.0,0.58,0.24,213.0,2223
0.9,8.3,0.4,3,8,8,19.0,1.6,0,14.0,8,0.36,0.42,0.02,0.07,0.0,0.35,0.35,0.13,0.61,0.0,13.0,0.0,0.0,54.0,1920
5.8,0.9,0.1,1,1,1,6.0,0.6,0,5.0,1,0.05,0.07,0.01,0.03,0.0,0.05,0.05,0.05,0.26,1.0,10.0,0.0,0.0,18.0,2021
1.2,0.6,0.6,4,2,2,16.0,1.8,2,10.0,3,0.05,0.17,0.05,0.17,1.0,0.19,0.28,0.37,0.93,3.0,20.0,0.28,0.19,33.0,2324
0.9,1.4,1.4,2,1,1,10.0,1.9,1,6.0,1,0.05,0.07,0.05,0.07,0.0,0.04,0.04,0.08,0.23,2.0,6.0,0.04,0.04,3.0,2021
1.3,0.9,0.9,1,1,1,15.0,1.4,1,6.0,1,0.05,0.08,0.05,0.08,0.0,0.05,0.05,0.05,0.32,1.0,6.0,0.05,0.05,3.0,2122
0.3,1.3,1.3,4,0,0,22.0,2.1,0,16.0,2,0.04,0.07,0.04,0.07,2.0,0.0,0.07,0.14,0.54,2.0,6.0,0.07,0.0,0.0,2223
0.2,0.3,0.3,3,2,2,7.0,0.5,2,8.0,2,0.08,0.13,0.08,0.13,1.0,0.53,0.53,0.79,2.11,0.0,8.0,0.53,0.53,14.0,2021
15.3,5.5,5.5,16,6,6,82.0,6.9,6,52.0,8,0.28,0.35,0.28,0.35,6.0,0.3,0.4,0.81,2.62,5.0,67.0,0.4,0.3,136.0,1819
16.3,15.3,15.3,38,13,13,134.0,16.8,13,85.0,14,0.52,0.57,0.52,0.57,13.0,0.45,0.48,1.3,2.91,8.0,98.0,0.48,0.45,156.0,1920
6.5,16.3,16.3,46,16,16,144.0,18.3,16,83.0,16,0.51,0.57,0.51,0.57,18.0,0.5,0.5,1.44,2.6,10.0,102.0,0.5,0.5,160.0,2021
5.8,6.5,4.2,11,5,5,52.0,5.7,3,30.0,7,0.46,0.57,0.29,0.4,4.0,0.35,0.49,0.77,2.1,1.0,50.0,0.35,0.21,50.0,2122
12.9,5.8,5.0,9,2,2,59.0,5.9,1,30.0,3,0.45,0.51,0.39,0.45,19.0,0.15,0.23,0.7,2.32,1.0,40.0,0.15,0.08,56.0,2223
6.7,12.9,11.4,28,7,7,124.0,14.5,5,71.0,9,0.54,0.66,0.47,0.6,24.0,0.29,0.37,1.16,2.94,7.0,65.0,0.29,0.21,122.0,2324
4.6,1.0,1.0,3,0,0,22.0,1.3,0,11.0,1,0.25,0.35,0.25,0.35,1.0,0.0,0.26,0.78,2.85,1.0,15.0,0.26,0.0,24.0,1819
9.1,4.6,4.6,8,3,3,75.0,5.8,3,32.0,4,0.25,0.32,0.25,0.32,4.0,0.16,0.22,0.44,1.74,4.0,52.0,0.22,0.16,109.0,1920
19.6,9.1,9.1,28,6,6,159.0,13.0,6,76.0,13,0.29,0.41,0.29,0.41,11.0,0.19,0.41,0.88,2.39,10.0,134.0,0.41,0.19,167.0,2223
10.9,19.6,17.2,35,19,19,216.0,20.3,17,106.0,22,0.53,0.61,0.47,0.55,16.0,0.51,0.6,0.95,2.87,5.0,136.0,0.54,0.46,184.0,2324
2.4,2.1,2.1,2,2,2,43.0,4.8,2,12.0,3,0.15,0.35,0.15,0.35,5.0,0.15,0.22,0.15,0.88,1.0,24.0,0.22,0.15,98.0,2021
1.7,1.4,1.4,4,0,0,14.0,3.1,0,15.0,2,0.13,0.29,0.13,0.29,0.0,0.0,0.18,0.37,1.39,4.0,10.0,0.18,0.0,17.0,1819
1.0,1.7,1.7,10,0,0,29.0,3.4,0,28.0,3,0.1,0.21,0.1,0.21,1.0,0.0,0.19,0.62,1.74,5.0,17.0,0.19,0.0,47.0,1920
1.3,0.9,0.9,3,1,1,20.0,1.6,1,16.0,2,0.07,0.12,0.07,0.12,0.0,0.07,0.14,0.21,1.14,3.0,23.0,0.14,0.07,25.0,2021
2.3,1.3,1.3,2,0,0,19.0,2.6,0,18.0,3,0.07,0.14,0.07,0.14,0.0,0.0,0.17,0.11,1.0,4.0,16.0,0.17,0.0,30.0,2122
1.6,2.3,2.3,8,3,3,32.0,3.3,3,39.0,3,0.09,0.13,0.09,0.13,1.0,0.12,0.12,0.31,1.53,6.0,19.0,0.12,0.12,39.0,2223
1.6,1.6,1.6,7,1,1,28.0,2.8,1,25.0,1,0.07,0.12,0.07,0.12,0.0,0.04,0.04,0.29,1.03,4.0,22.0,0.04,0.04,26.0,2324
5.5,4.8,4.0,15,6,6,57.0,9.4,6,40.0,14,0.28,0.6,0.23,0.55,6.0,0.35,0.82,0.87,2.33,2.0,42.0,0.82,0.35,130.0,2122
3.7,5.5,4.7,28,6,6,56.0,12.9,5,58.0,14,0.2,0.5,0.17,0.47,2.0,0.22,0.52,1.03,2.14,5.0,57.0,0.48,0.18,157.0,2223
0.2,0.2,0.2,2,0,0,3.0,0.5,0,4.0,1,0.01,0.02,0.01,0.02,0.0,0.0,0.04,0.07,0.15,0.0,11.0,0.04,0.0,6.0,1920
0.0,0.2,0.2,1,0,0,5.0,0.5,0,3.0,0,0.01,0.03,0.01,0.03,0.0,0.0,0.0,0.07,0.2,1.0,9.0,0.0,0.0,4.0,2021
0.0,0.3,0.3,1,0,0,4.0,0.5,0,4.0,0,0.04,0.06,0.04,0.06,0.0,0.0,0.0,0.11,0.45,0.0,0.0,0.0,0.0,2.0,2223
0.5,1.1,1.1,1,1,1,7.0,1.1,1,5.0,1,0.2,0.21,0.2,0.21,0.0,0.19,0.19,0.19,0.93,1.0,5.0,0.19,0.19,10.0,2122
9.1,4.6,4.6,21,5,5,92.0,8.6,5,47.0,8,0.24,0.46,0.24,0.46,9.0,0.27,0.43,1.12,2.51,8.0,53.0,0.43,0.27,144.0,2122
9.5,9.1,9.1,30,9,9,101.0,13.5,9,64.0,15,0.48,0.71,0.48,0.71,3.0,0.47,0.79,1.58,3.38,4.0,38.0,0.79,0.47,182.0,2223
2.2,9.5,9.5,36,13,13,118.0,12.5,13,72.0,14,0.48,0.63,0.48,0.63,3.0,0.66,0.71,1.82,3.64,13.0,51.0,0.71,0.66,163.0,2324
0.7,0.7,0.7,7,1,1,24.0,3.1,1,20.0,1,0.11,0.45,0.11,0.45,1.0,0.14,0.14,1.01,2.9,2.0,17.0,0.14,0.14,83.0,1819
0.2,0.7,0.7,8,1,1,37.0,4.5,1,18.0,5,0.08,0.51,0.08,0.51,3.0,0.11,0.56,0.9,2.02,0.0,25.0,0.56,0.11,112.0,1920
1.6,0.7,0.7,5,0,0,8.0,1.3,0,10.0,0,0.19,0.39,0.19,0.39,0.0,0.0,0.0,1.46,2.91,1.0,3.0,0.0,0.0,17.0,1718
2.0,1.2,1.2,8,0,0,16.0,2.8,0,26.0,2,0.04,0.09,0.04,0.09,0.0,0.0,0.06,0.26,0.84,1.0,25.0,0.06,0.0,32.0,2021
2.8,2.0,2.0,8,2,2,8.0,4.4,2,23.0,5,0.07,0.15,0.07,0.15,0.0,0.07,0.17,0.27,0.76,2.0,50.0,0.17,0.07,44.0,2122
6.9,2.8,2.8,12,6,6,19.0,7.2,6,34.0,12,0.09,0.22,0.09,0.22,2.0,0.18,0.37,0.37,1.05,1.0,36.0,0.37,0.18,35.0,2223
6.0,10.7,9.9,38,16,16,151.0,17.9,15,88.0,27,0.43,0.75,0.4,0.71,13.0,0.64,1.08,1.52,3.52,6.0,44.0,1.04,0.6,261.0,1819
5.0,6.0,6.0,23,9,9,109.0,11.7,9,76.0,16,0.32,0.62,0.32,0.62,7.0,0.48,0.85,1.23,4.05,6.0,25.0,0.85,0.48,174.0,1920
4.3,5.0,5.0,19,9,9,93.0,9.2,9,54.0,17,0.31,0.57,0.31,0.57,5.0,0.56,1.05,1.17,3.33,3.0,16.0,1.05,0.56,93.0,2021
1.8,1.2,1.2,3,2,2,19.0,2.2,2,10.0,3,0.04,0.07,0.04,0.07,0.0,0.06,0.1,0.1,0.32,0.0,7.0,0.1,0.06,3.0,2021
0.8,1.8,1.8,4,2,2,17.0,2.4,2,12.0,2,0.08,0.11,0.08,0.11,1.0,0.09,0.09,0.18,0.53,0.0,8.0,0.09,0.09,2.0,2122
2.1,0.5,0.5,1,0,0,21.0,1.5,0,7.0,0,0.02,0.07,0.02,0.07,0.0,0.0,0.0,0.05,0.32,1.0,3.0,0.0,0.0,1.0,2324
15.6,18.9,17.3,49,23,23,278.0,26.8,22,116.0,30,0.59,0.88,0.54,0.83,30.0,0.71,0.93,1.52,3.6,16.0,149.0,0.9,0.68,374.0,1819
15.2,15.6,14.8,36,18,18,181.0,20.5,17,88.0,24,0.69,0.94,0.66,0.91,12.0,0.8,1.07,1.6,3.91,4.0,95.0,1.02,0.76,247.0,1920
13.5,15.2,14.4,38,15,15,221.0,19.7,14,98.0,24,0.57,0.78,0.54,0.75,21.0,0.57,0.91,1.44,3.71,10.0,114.0,0.87,0.53,329.0,2021
3.9,13.5,11.2,31,10,10,192.0,15.6,7,78.0,14,0.71,0.94,0.58,0.81,10.0,0.52,0.73,1.62,4.08,13.0,87.0,0.57,0.37,213.0,2122
0.4,3.9,3.9,8,2,2,93.0,5.1,2,41.0,4,0.25,0.33,0.25,0.33,7.0,0.13,0.26,0.52,2.65,1.0,53.0,0.26,0.13,140.0,2223
3.4,10.9,10.9,38,12,12,196.0,13.9,12,99.0,16,0.34,0.43,0.34,0.43,22.0,0.37,0.5,1.19,3.09,5.0,119.0,0.5,0.37,242.0,2324
18.5,7.0,6.2,17,6,6,88.0,7.1,5,64.0,6,0.42,0.47,0.37,0.43,9.0,0.36,0.36,1.02,3.84,10.0,72.0,0.3,0.3,129.0,1920
12.9,18.5,13.8,33,21,21,146.0,16.0,15,80.0,24,0.57,0.64,0.43,0.49,26.0,0.65,0.74,1.02,2.46,5.0,106.0,0.55,0.46,213.0,2021
9.7,5.2,5.2,19,7,7,80.0,6.3,7,44.0,8,0.44,0.53,0.44,0.53,12.0,0.59,0.67,1.59,3.68,3.0,56.0,0.67,0.59,113.0,2122
16.6,9.7,7.3,20,10,10,102.0,9.8,8,65.0,12,0.45,0.57,0.34,0.46,22.0,0.47,0.56,0.94,3.04,11.0,61.0,0.47,0.37,117.0,2223
12.3,16.6,13.3,35,16,16,152.0,15.6,14,106.0,20,0.65,0.74,0.52,0.61,13.0,0.62,0.78,1.37,4.14,15.0,71.0,0.7,0.55,174.0,2324
2.9,4.3,4.3,10,4,4,30.0,5.1,4,23.0,6,0.46,0.54,0.46,0.54,2.0,0.42,0.64,1.06,2.44,3.0,20.0,0.64,0.42,43.0,1920
0.6,2.9,2.9,6,1,1,23.0,3.3,1,16.0,2,0.51,0.57,0.51,0.57,3.0,0.18,0.35,1.05,2.8,2.0,8.0,0.35,0.18,30.0,2021
2.3,1.1,1.1,9,2,2,40.0,7.2,2,26.0,7,0.03,0.21,0.03,0.21,2.0,0.06,0.21,0.26,0.76,2.0,57.0,0.21,0.06,102.0,2021
3.5,2.3,2.3,15,0,0,57.0,6.9,0,52.0,1,0.07,0.2,0.07,0.2,1.0,0.0,0.03,0.43,1.51,7.0,79.0,0.03,0.0,112.0,2122
3.4,3.5,3.5,15,7,7,61.0,9.6,7,46.0,10,0.13,0.35,0.13,0.35,1.0,0.25,0.36,0.54,1.66,6.0,53.0,0.36,0.25,128.0,2223
1.1,3.4,3.4,14,3,3,72.0,12.2,3,57.0,9,0.11,0.38,0.11,0.38,4.0,0.09,0.28,0.44,1.77,6.0,67.0,0.28,0.09,147.0,2324
0.7,1.8,1.8,7,1,1,14.0,3.0,1,15.0,3,0.06,0.11,0.06,0.11,3.0,0.04,0.11,0.25,0.53,1.0,9.0,0.11,0.04,3.0,2122
0.0,0.7,0.7,1,0,0,10.0,1.0,0,8.0,0,0.03,0.05,0.03,0.05,0.0,0.0,0.0,0.05,0.43,2.0,7.0,0.0,0.0,5.0,2223
5.1,2.4,2.4,13,4,4,70.0,6.1,4,34.0,8,0.13,0.34,0.13,0.34,2.0,0.22,0.44,0.72,1.88,4.0,58.0,0.44,0.22,172.0,2324
0.0,1.0,1.0,3,0,0,39.0,1.9,0,16.0,0,0.04,0.07,0.04,0.07,2.0,0.0,0.0,0.11,0.58,3.0,29.0,0.0,0.0,99.0,1920
7.3,0.4,0.4,1,1,1,11.0,1.3,1,10.0,2,0.07,0.2,0.07,0.2,0.0,0.15,0.3,0.15,1.49,1.0,20.0,0.3,0.15,38.0,2122
9.1,7.3,6.5,25,10,10,84.0,10.8,9,70.0,14,0.25,0.39,0.22,0.37,4.0,0.34,0.48,0.85,2.39,4.0,71.0,0.44,0.31,129.0,2223
10.5,9.1,8.3,33,11,11,103.0,13.5,10,82.0,15,0.4,0.62,0.36,0.59,11.0,0.48,0.66,1.45,3.59,7.0,77.0,0.61,0.44,139.0,2324
0.9,1.7,1.7,7,1,1,34.0,2.4,1,17.0,1,0.21,0.29,0.21,0.29,7.0,0.12,0.12,0.86,2.08,1.0,34.0,0.12,0.12,95.0,2021
1.8,3.1,3.1,5,2,2,29.0,3.7,2,15.0,2,0.45,0.53,0.45,0.53,3.0,0.28,0.28,0.71,2.13,1.0,21.0,0.28,0.28,38.0,1920
4.4,1.8,1.8,5,2,2,28.0,2.4,2,12.0,3,0.38,0.51,0.38,0.51,0.0,0.43,0.64,1.06,2.55,1.0,13.0,0.64,0.43,29.0,2021
8.2,4.4,4.4,13,5,5,61.0,6.4,5,29.0,6,0.47,0.69,0.47,0.69,5.0,0.54,0.65,1.4,3.13,3.0,26.0,0.65,0.54,66.0,2122
4.5,8.2,8.2,14,4,4,87.0,9.3,4,41.0,5,0.68,0.76,0.68,0.76,8.0,0.33,0.41,1.16,3.39,6.0,30.0,0.41,0.33,82.0,2223
5.8,4.5,4.5,12,5,5,75.0,5.4,5,38.0,7,0.38,0.45,0.38,0.45,8.0,0.42,0.58,1.0,3.16,5.0,38.0,0.58,0.42,77.0,2324
3.9,1.7,1.7,7,1,1,39.0,3.3,1,21.0,1,0.22,0.43,0.22,0.43,3.0,0.13,0.13,0.93,2.78,2.0,26.0,0.13,0.13,75.0,1920
1.5,3.9,3.9,10,2,2,32.0,4.2,2,22.0,2,0.46,0.51,0.46,0.51,3.0,0.24,0.24,1.19,2.62,0.0,22.0,0.24,0.24,53.0,2021
2.1,10.5,7.4,39,16,16,223.0,17.4,12,89.0,31,0.32,0.63,0.23,0.53,11.0,0.49,0.95,1.2,2.74,7.0,87.0,0.83,0.37,439.0,1819
1.2,2.1,2.1,13,1,1,79.0,5.0,1,19.0,4,0.17,0.42,0.17,0.42,2.0,0.08,0.33,1.09,1.59,1.0,28.0,0.33,0.08,162.0,1920
1.0,1.2,1.2,5,3,3,25.0,2.0,3,10.0,5,0.21,0.34,0.21,0.34,3.0,0.51,0.85,0.85,1.69,0.0,13.0,0.85,0.51,71.0,2021
1.0,1.0,1.0,7,0,0,64.0,3.0,0,12.0,1,0.13,0.38,0.13,0.38,4.0,0.0,0.13,0.88,1.51,1.0,21.0,0.13,0.0,99.0,2122
0.8,1.2,1.2,5,2,2,23.0,2.5,2,21.0,2,0.06,0.12,0.05,0.11,0.0,0.09,0.09,0.23,0.96,2.0,35.0,0.09,0.09,51.0,1819
0.5,0.8,0.8,2,1,1,6.0,1.2,1,23.0,1,0.05,0.07,0.05,0.07,0.0,0.06,0.06,0.12,1.39,2.0,31.0,0.06,0.06,29.0,1920
0.1,0.5,0.5,4,0,0,5.0,1.8,0,12.0,1,0.05,0.2,0.05,0.2,1.0,0.0,0.11,0.43,1.28,1.0,12.0,0.11,0.0,19.0,2021
0.7,0.1,0.1,2,0,0,6.0,0.3,0,4.0,0,0.02,0.09,0.02,0.09,0.0,0.0,0.0,0.64,1.27,0.0,5.0,0.0,0.0,21.0,2122
0.5,0.7,0.7,3,0,0,6.0,1.9,0,15.0,3,0.02,0.07,0.02,0.07,0.0,0.0,0.11,0.11,0.55,2.0,15.0,0.11,0.0,23.0,2223
19.0,14.5,14.5,50,9,9,193.0,18.6,9,131.0,15,0.5,0.65,0.5,0.65,13.0,0.31,0.52,1.74,4.57,11.0,76.0,0.52,0.31,246.0,1819
13.2,19.0,19.0,46,16,16,217.0,24.7,16,122.0,23,0.6,0.78,0.6,0.78,16.0,0.5,0.73,1.45,3.85,15.0,84.0,0.73,0.5,254.0,1920
14.8,13.2,12.4,24,7,7,131.0,14.6,7,69.0,10,0.65,0.76,0.61,0.72,10.0,0.35,0.49,1.18,3.4,7.0,56.0,0.49,0.35,174.0,2021
9.7,14.8,14.8,37,13,13,178.0,18.7,13,87.0,19,0.54,0.68,0.54,0.68,5.0,0.47,0.69,1.35,3.17,7.0,78.0,0.69,0.47,207.0,2122
14.5,23.4,19.8,48,28,28,180.0,25.8,25,100.0,34,0.82,1.03,0.69,0.9,24.0,0.98,1.19,1.67,3.49,7.0,35.0,1.08,0.87,168.0,1718
8.7,14.5,10.6,17,18,18,114.0,14.1,14,47.0,23,0.78,0.97,0.57,0.76,10.0,0.97,1.24,0.92,2.53,3.0,37.0,1.02,0.75,122.0,1819
8.0,8.7,7.9,10,4,4,51.0,9.0,3,27.0,5,1.29,1.46,1.18,1.34,3.0,0.6,0.74,1.49,4.02,2.0,21.0,0.6,0.45,52.0,1920
6.0,3.4,3.4,6,2,2,30.0,4.7,2,18.0,3,0.4,0.55,0.4,0.55,6.0,0.23,0.35,0.7,2.11,2.0,12.0,0.35,0.23,32.0,2122
0.4,1.0,1.0,5,1,1,23.0,1.5,1,16.0,1,0.03,0.05,0.03,0.05,6.0,0.03,0.03,0.17,0.54,1.0,22.0,0.03,0.03,8.0,2021
2.8,0.4,0.4,1,1,1,18.0,0.4,1,6.0,1,0.02,0.02,0.02,0.02,1.0,0.05,0.05,0.05,0.3,0.0,16.0,0.05,0.05,5.0,2122
1.0,2.8,1.2,1,1,1,20.0,2.2,0,13.0,1,0.09,0.12,0.04,0.07,2.0,0.03,0.03,0.03,0.41,0.0,15.0,0.0,0.0,10.0,2223
1.1,1.0,1.0,1,0,0,23.0,2.0,0,12.0,1,0.04,0.08,0.04,0.08,1.0,0.0,0.04,0.04,0.52,0.0,13.0,0.04,0.0,12.0,2324
2.0,0.8,0.5,2,1,1,20.0,1.4,1,7.0,1,0.07,0.15,0.05,0.13,1.0,0.09,0.09,0.18,0.64,0.0,25.0,0.09,0.09,26.0,2223
0.6,2.0,2.0,6,0,0,36.0,2.7,0,19.0,2,0.1,0.14,0.1,0.14,1.0,0.0,0.1,0.3,0.96,0.0,27.0,0.1,0.0,47.0,2324
0.5,1.0,1.0,4,1,1,9.0,1.3,1,6.0,1,0.12,0.15,0.12,0.15,0.0,0.11,0.11,0.46,0.69,1.0,5.0,0.11,0.11,7.0,1920
6.2,3.6,3.6,14,3,3,79.0,8.2,3,42.0,7,0.31,0.7,0.31,0.7,2.0,0.26,0.6,1.19,3.58,7.0,33.0,0.6,0.26,194.0,2223
2.3,6.2,6.2,29,6,6,115.0,12.4,6,82.0,12,0.24,0.49,0.24,0.49,11.0,0.24,0.47,1.14,3.23,10.0,55.0,0.47,0.24,322.0,2324
3.3,2.7,1.0,15,4,4,21.0,1.9,3,32.0,5,0.1,0.14,0.04,0.07,0.0,0.16,0.19,0.58,1.24,6.0,35.0,0.16,0.12,58.0,1920
0.9,3.3,1.7,8,0,0,45.0,5.3,0,41.0,3,0.12,0.25,0.06,0.19,0.0,0.0,0.11,0.29,1.5,3.0,46.0,0.11,0.0,81.0,2021
1.0,0.9,0.9,7,2,2,20.0,3.3,2,19.0,4,0.07,0.25,0.07,0.25,0.0,0.16,0.31,0.54,1.47,3.0,25.0,0.31,0.16,59.0,2223
0.2,0.8,0.8,6,2,2,7.0,1.6,2,11.0,3,0.11,0.22,0.11,0.22,2.0,0.27,0.4,0.8,1.48,1.0,23.0,0.4,0.27,23.0,1920
0.9,0.1,0.1,1,0,0,1.0,0.4,0,2.0,0,0.02,0.09,0.02,0.09,0.0,0.0,0.0,0.25,0.49,0.0,6.0,0.0,0.0,6.0,1819
1.8,0.9,0.9,4,1,1,8.0,1.6,1,15.0,3,0.04,0.07,0.04,0.07,0.0,0.04,0.13,0.17,0.64,0.0,25.0,0.13,0.04,24.0,1920
1.2,1.8,1.8,8,1,1,31.0,3.6,1,26.0,3,0.07,0.14,0.07,0.14,0.0,0.04,0.11,0.3,0.97,3.0,63.0,0.11,0.04,73.0,2021
0.9,0.8,0.8,3,0,0,39.0,2.3,0,18.0,1,0.04,0.1,0.04,0.1,3.0,0.0,0.04,0.13,0.81,3.0,39.0,0.04,0.0,99.0,2223
0.4,0.9,0.9,7,0,0,20.0,2.3,0,17.0,2,0.05,0.11,0.05,0.11,1.0,0.0,0.1,0.35,0.84,1.0,26.0,0.1,0.0,31.0,2324
4.1,3.1,3.1,9,4,4,43.0,3.8,4,19.0,5,0.22,0.27,0.22,0.27,11.0,0.29,0.36,0.65,1.37,2.0,43.0,0.36,0.29,65.0,2021
6.3,4.1,3.3,10,2,2,47.0,5.0,1,32.0,6,0.31,0.44,0.25,0.38,6.0,0.15,0.45,0.75,2.41,3.0,31.0,0.38,0.08,78.0,2122
1.6,1.2,1.2,4,2,2,21.0,2.0,2,12.0,2,0.28,0.46,0.28,0.46,3.0,0.46,0.46,0.91,2.74,1.0,18.0,0.46,0.46,39.0,2324
2.1,4.7,4.7,13,3,3,93.0,8.3,3,35.0,6,0.2,0.34,0.2,0.34,4.0,0.12,0.25,0.54,1.46,5.0,49.0,0.25,0.12,172.0,2223
0.6,4.3,4.3,11,3,3,69.0,7.5,3,31.0,7,0.49,0.87,0.49,0.87,4.0,0.34,0.8,1.26,3.56,0.0,22.0,0.8,0.34,85.0,2122
2.8,0.6,0.6,3,0,0,11.0,0.6,0,6.0,0,0.45,0.45,0.45,0.45,2.0,0.0,0.0,2.27,4.54,0.0,4.0,0.0,0.0,15.0,2223
3.5,2.8,2.8,4,1,1,34.0,4.2,1,18.0,2,0.31,0.46,0.31,0.46,2.0,0.11,0.22,0.44,2.0,0.0,37.0,0.22,0.11,53.0,2223
4.7,3.5,3.5,7,3,3,46.0,5.2,3,21.0,6,0.34,0.5,0.34,0.5,2.0,0.29,0.58,0.67,2.02,4.0,47.0,0.58,0.29,52.0,2324
5.5,0.8,0.8,4,2,2,24.0,1.3,2,14.0,3,0.17,0.27,0.17,0.27,1.0,0.42,0.63,0.84,2.94,1.0,8.0,0.63,0.42,56.0,2324
1.4,2.0,2.0,8,1,1,23.0,3.0,1,23.0,2,0.16,0.23,0.16,0.23,0.0,0.08,0.16,0.63,1.83,2.0,28.0,0.16,0.08,49.0,1920
2.3,1.4,1.4,6,2,2,25.0,2.1,2,13.0,3,0.17,0.26,0.17,0.26,1.0,0.24,0.36,0.73,1.58,1.0,18.0,0.36,0.24,35.0,2021
4.0,2.3,2.3,11,3,3,50.0,4.1,3,33.0,7,0.13,0.23,0.13,0.23,2.0,0.17,0.39,0.61,1.83,4.0,23.0,0.39,0.17,96.0,2122
0.8,4.0,3.3,10,6,6,47.0,5.2,5,32.0,9,0.22,0.33,0.18,0.29,3.0,0.33,0.5,0.55,1.77,2.0,33.0,0.44,0.28,103.0,2223
0.3,0.5,0.5,6,2,2,12.0,0.7,2,6.0,2,0.13,0.19,0.13,0.19,1.0,0.53,0.53,1.59,1.59,0.0,9.0,0.53,0.53,26.0,2324
0.2,0.1,0.1,1,0,0,4.0,0.3,0,4.0,0,0.01,0.03,0.01,0.03,0.0,0.0,0.0,0.11,0.46,1.0,13.0,0.0,0.0,11.0,2122
0.1,0.2,0.2,3,1,1,1.0,0.3,1,4.0,1,0.02,0.03,0.02,0.03,0.0,0.08,0.08,0.23,0.31,0.0,9.0,0.08,0.08,10.0,2223
1.5,1.0,1.0,4,0,0,39.0,2.3,0,11.0,1,0.22,0.5,0.22,0.5,1.0,0.0,0.22,0.88,2.41,0.0,9.0,0.22,0.0,35.0,2223
2.1,1.5,1.5,4,0,0,46.0,3.5,0,19.0,2,0.13,0.3,0.13,0.3,1.0,0.0,0.18,0.35,1.67,2.0,28.0,0.18,0.0,70.0,2324
2.2,1.2,1.2,5,3,3,26.0,2.3,3,25.0,5,0.03,0.07,0.03,0.07,0.0,0.09,0.15,0.15,0.73,2.0,37.0,0.15,0.09,52.0,1819
4.5,2.2,2.2,5,1,1,31.0,4.7,1,25.0,4,0.07,0.16,0.07,0.16,3.0,0.03,0.13,0.17,0.84,5.0,44.0,0.13,0.03,49.0,1920
5.3,3.2,3.2,8,4,4,41.0,4.1,4,23.0,5,0.16,0.2,0.16,0.2,2.0,0.2,0.25,0.4,1.14,0.0,14.0,0.25,0.2,39.0,2122
1.4,2.3,2.3,8,2,2,30.0,3.3,2,18.0,4,0.1,0.14,0.1,0.14,3.0,0.08,0.17,0.33,0.75,3.0,28.0,0.17,0.08,28.0,2324
0.2,0.6,0.6,1,0,0,25.0,1.2,0,13.0,2,0.02,0.05,0.02,0.05,1.0,0.0,0.09,0.04,0.56,0.0,26.0,0.09,0.0,98.0,1819
0.3,0.2,0.2,3,1,1,12.0,1.5,1,5.0,3,0.01,0.09,0.01,0.09,0.0,0.06,0.18,0.18,0.3,1.0,8.0,0.18,0.06,72.0,1920
0.2,0.8,0.8,2,1,1,17.0,1.5,1,4.0,1,0.03,0.06,0.03,0.06,2.0,0.04,0.04,0.09,0.18,0.0,14.0,0.04,0.04,69.0,2122
0.2,0.2,0.2,2,1,1,10.0,1.3,1,4.0,2,0.01,0.06,0.01,0.06,2.0,0.05,0.09,0.09,0.18,0.0,19.0,0.09,0.05,60.0,2223
0.2,0.2,0.2,1,0,0,8.0,0.7,0,2.0,0,0.02,0.05,0.02,0.05,3.0,0.0,0.0,0.08,0.15,0.0,12.0,0.0,0.0,41.0,2324
1.5,0.7,0.7,4,2,2,16.0,2.0,2,10.0,4,0.06,0.16,0.06,0.16,0.0,0.16,0.31,0.31,0.79,0.0,42.0,0.31,0.16,41.0,1819
2.3,1.5,1.5,7,0,0,12.0,3.2,0,13.0,3,0.21,0.47,0.21,0.47,0.0,0.0,0.43,1.01,1.88,3.0,16.0,0.43,0.0,17.0,1920
1.1,2.3,2.3,11,5,5,25.0,4.8,5,28.0,7,0.11,0.24,0.11,0.24,1.0,0.25,0.34,0.54,1.37,2.0,47.0,0.34,0.25,73.0,2021
0.3,1.1,1.1,6,0,0,26.0,2.2,0,34.0,0,0.04,0.08,0.04,0.08,2.0,0.0,0.0,0.21,1.2,2.0,61.0,0.0,0.0,54.0,2122
1.7,0.3,0.3,5,0,0,8.0,1.1,0,16.0,0,0.01,0.04,0.01,0.04,0.0,0.0,0.0,0.18,0.57,2.0,35.0,0.0,0.0,20.0,2223
1.4,1.7,1.0,3,2,2,22.0,1.5,1,28.0,2,0.08,0.1,0.04,0.07,2.0,0.09,0.09,0.14,1.27,3.0,38.0,0.05,0.05,51.0,2324
12.2,7.8,7.8,20,10,10,79.0,8.8,10,43.0,11,0.4,0.45,0.4,0.45,21.0,0.5,0.55,1.01,2.17,2.0,53.0,0.55,0.5,100.0,2122
11.5,12.2,11.4,36,19,19,125.0,15.0,18,62.0,24,0.44,0.56,0.41,0.54,26.0,0.68,0.86,1.29,2.22,8.0,87.0,0.82,0.64,190.0,2223
0.0,11.5,10.7,30,9,9,115.0,13.4,8,59.0,12,0.61,0.75,0.57,0.71,25.0,0.48,0.64,1.6,3.14,6.0,57.0,0.59,0.43,171.0,2324
1.3,6.0,5.2,9,3,3,30.0,5.6,2,16.0,4,0.94,1.0,0.81,0.88,10.0,0.47,0.63,1.41,2.51,2.0,15.0,0.47,0.31,41.0,2425
0.3,1.5,1.5,8,1,1,25.0,5.1,1,23.0,5,0.11,0.38,0.11,0.38,2.0,0.07,0.37,0.6,1.72,3.0,17.0,0.37,0.07,81.0,2021
0.1,0.3,0.3,1,0,0,15.0,2.4,0,5.0,1,0.04,0.36,0.04,0.36,0.0,0.0,0.15,0.15,0.76,1.0,10.0,0.15,0.0,37.0,2122
0.2,0.1,0.1,1,0,0,2.0,0.5,0,1.0,1,0.03,0.17,0.03,0.17,0.0,0.0,0.37,0.37,0.37,0.0,2.0,0.37,0.0,4.0,2223
1.8,0.9,0.9,3,0,0,28.0,3.3,0,19.0,1,0.07,0.25,0.07,0.25,0.0,0.0,0.08,0.23,1.45,1.0,16.0,0.08,0.0,61.0,2324
1.8,0.2,0.2,1,0,0,7.0,0.4,0,3.0,0,0.05,0.12,0.05,0.12,0.0,0.0,0.0,0.28,0.85,0.0,8.0,0.0,0.0,26.0,1819
1.5,1.8,1.8,4,3,3,96.0,6.8,3,26.0,9,0.06,0.22,0.06,0.22,1.0,0.1,0.29,0.13,0.82,3.0,46.0,0.29,0.1,215.0,1920
0.2,1.7,1.7,6,2,2,46.0,2.3,2,17.0,3,0.09,0.12,0.09,0.12,0.0,0.1,0.16,0.31,0.88,1.0,22.0,0.16,0.1,103.0,2223
0.4,0.2,0.2,3,1,1,12.0,0.6,1,6.0,1,0.02,0.05,0.02,0.05,0.0,0.08,0.08,0.23,0.47,1.0,15.0,0.08,0.08,35.0,2324
1.1,0.3,0.3,1,0,0,18.0,0.6,0,5.0,0,0.04,0.08,0.04,0.08,0.0,0.0,0.0,0.14,0.68,0.0,8.0,0.0,0.0,50.0,1819
0.0,1.1,1.1,7,0,0,26.0,2.4,0,13.0,0,0.1,0.21,0.1,0.21,2.0,0.0,0.0,0.62,1.14,0.0,16.0,0.0,0.0,87.0,1920
0.8,0.9,0.9,5,1,1,35.0,4.5,1,16.0,3,0.04,0.18,0.04,0.18,1.0,0.04,0.12,0.2,0.64,2.0,40.0,0.12,0.04,115.0,2122
1.5,0.8,0.8,5,1,1,25.0,1.7,1,11.0,1,0.05,0.12,0.05,0.12,0.0,0.07,0.07,0.34,0.75,1.0,9.0,0.07,0.07,57.0,2223
2.0,1.5,1.5,4,1,1,39.0,3.9,1,19.0,3,0.04,0.11,0.04,0.11,1.0,0.03,0.09,0.11,0.55,4.0,36.0,0.09,0.03,124.0,2324
6.3,3.4,3.4,13,4,4,69.0,9.1,4,44.0,10,0.16,0.43,0.16,0.43,3.0,0.19,0.47,0.62,2.09,3.0,42.0,0.47,0.19,84.0,2122
0.7,6.3,6.3,11,5,5,93.0,12.0,5,49.0,7,0.24,0.45,0.24,0.45,1.0,0.19,0.26,0.41,1.83,3.0,63.0,0.26,0.19,137.0,2223
0.1,0.8,0.8,3,0,0,39.0,2.1,0,10.0,1,0.15,0.38,0.15,0.38,1.0,0.0,0.17,0.52,1.75,0.0,15.0,0.17,0.0,47.0,2223
3.6,4.8,2.5,11,4,4,39.0,7.0,1,27.0,11,0.35,0.67,0.18,0.5,3.0,0.29,0.79,0.79,1.95,4.0,30.0,0.58,0.07,95.0,1819
6.1,3.6,2.0,8,5,5,32.0,4.9,3,24.0,7,0.28,0.51,0.16,0.39,2.0,0.39,0.55,0.63,1.89,1.0,23.0,0.39,0.24,69.0,1920
8.0,6.1,3.7,14,7,7,64.0,8.5,5,32.0,11,0.36,0.64,0.22,0.5,7.0,0.41,0.64,0.82,1.87,4.0,38.0,0.53,0.29,112.0,2021
4.9,8.0,4.8,11,6,6,61.0,8.3,2,38.0,8,0.42,0.61,0.25,0.44,4.0,0.32,0.42,0.58,2.0,2.0,55.0,0.21,0.11,118.0,2122
1.4,4.9,3.3,9,6,6,28.0,5.6,4,21.0,10,0.3,0.43,0.2,0.34,7.0,0.36,0.61,0.55,1.28,4.0,28.0,0.49,0.24,77.0,2223
0.6,2.7,2.7,8,1,1,43.0,3.6,1,26.0,2,0.26,0.34,0.26,0.34,1.0,0.1,0.19,0.76,2.47,3.0,35.0,0.19,0.1,80.0,2324
0.3,0.7,0.7,5,1,1,21.0,3.8,1,10.0,2,0.02,0.12,0.02,0.12,0.0,0.03,0.06,0.15,0.3,2.0,34.0,0.06,0.03,74.0,1819
0.3,0.3,0.3,3,1,1,9.0,0.7,1,7.0,1,0.02,0.05,0.02,0.05,1.0,0.07,0.07,0.21,0.49,0.0,9.0,0.07,0.07,25.0,2021
0.0,0.3,0.3,1,0,0,9.0,1.3,0,6.0,1,0.02,0.07,0.02,0.07,0.0,0.0,0.06,0.06,0.33,1.0,9.0,0.06,0.0,24.0,2122
6.0,1.8,1.8,4,2,2,44.0,5.1,2,13.0,6,0.11,0.32,0.11,0.32,4.0,0.12,0.37,0.25,0.81,2.0,38.0,0.37,0.12,113.0,2021
0.3,6.0,6.0,23,10,10,62.0,8.0,10,40.0,12,0.28,0.38,0.28,0.38,2.0,0.47,0.56,1.08,1.87,4.0,41.0,0.56,0.47,139.0,2122
4.5,2.0,2.0,5,0,0,19.0,2.2,0,15.0,1,0.5,0.56,0.5,0.56,0.0,0.0,0.25,1.27,3.82,1.0,6.0,0.25,0.0,18.0,2324
1.3,2.0,2.0,3,3,3,20.0,2.3,3,16.0,3,0.34,0.4,0.34,0.4,5.0,0.52,0.52,0.52,2.76,3.0,20.0,0.52,0.52,80.0,1819
2.4,1.3,1.3,2,0,0,13.0,2.2,0,7.0,1,0.27,0.46,0.27,0.46,1.0,0.0,0.21,0.42,1.46,2.0,14.0,0.21,0.0,51.0,1920
2.4,1.7,1.7,3,0,0,21.0,4.1,0,22.0,3,0.06,0.15,0.06,0.15,0.0,0.0,0.11,0.11,0.83,4.0,23.0,0.11,0.0,8.0,2223
0.8,2.4,2.4,5,1,1,32.0,3.8,1,32.0,2,0.08,0.13,0.08,0.13,2.0,0.03,0.07,0.17,1.11,4.0,24.0,0.07,0.03,19.0,2324
4.0,5.6,5.6,13,6,6,87.0,7.0,6,38.0,6,0.17,0.21,0.17,0.21,21.0,0.18,0.18,0.39,1.13,3.0,81.0,0.18,0.18,145.0,2122
3.9,3.5,3.5,6,1,1,34.0,5.0,1,16.0,3,0.17,0.24,0.17,0.24,6.0,0.05,0.14,0.29,0.77,4.0,25.0,0.14,0.05,60.0,2324
1.2,2.7,1.9,8,4,4,48.0,4.4,3,31.0,5,0.13,0.26,0.1,0.22,4.0,0.2,0.25,0.4,1.54,2.0,25.0,0.2,0.15,46.0,1819
1.2,1.2,1.2,4,2,2,13.0,1.7,2,16.0,2,0.11,0.16,0.11,0.16,0.0,0.19,0.19,0.38,1.51,1.0,14.0,0.19,0.19,15.0,1920
1.0,1.2,1.2,2,0,0,13.0,1.2,0,7.0,0,0.37,0.39,0.37,0.39,0.0,0.0,0.0,0.63,2.22,0.0,5.0,0.0,0.0,18.0,1920
3.3,1.0,1.0,4,1,1,30.0,3.9,1,17.0,5,0.04,0.17,0.04,0.17,1.0,0.04,0.21,0.17,0.72,0.0,20.0,0.21,0.04,32.0,2021
1.6,3.3,0.2,2,5,5,17.0,1.0,1,7.0,6,0.18,0.22,0.01,0.05,1.0,0.27,0.32,0.11,0.37,0.0,22.0,0.11,0.05,19.0,2122
2.2,1.6,0.8,2,2,2,18.0,2.1,1,15.0,3,0.08,0.14,0.04,0.1,0.0,0.09,0.14,0.09,0.71,1.0,15.0,0.09,0.05,12.0,2223
2.0,2.2,0.6,1,2,2,18.0,2.0,0,15.0,4,0.1,0.17,0.03,0.09,0.0,0.09,0.18,0.05,0.69,2.0,29.0,0.09,0.0,18.0,2324
0.4,0.7,0.7,4,0,0,10.0,0.8,0,8.0,0,0.16,0.19,0.16,0.19,2.0,0.0,0.0,0.98,1.95,0.0,12.0,0.0,0.0,10.0,1819
7.9,4.9,4.9,18,5,5,41.0,6.6,5,36.0,7,0.39,0.53,0.39,0.53,9.0,0.4,0.56,1.44,2.87,6.0,37.0,0.56,0.4,71.0,1718
9.7,7.9,5.6,13,6,6,83.0,7.1,3,50.0,9,0.33,0.4,0.23,0.3,17.0,0.25,0.38,0.54,2.09,4.0,57.0,0.25,0.13,121.0,1819
4.8,9.7,7.4,23,6,6,97.0,10.0,4,57.0,8,0.37,0.47,0.28,0.38,19.0,0.23,0.31,0.88,2.19,5.0,81.0,0.23,0.15,130.0,1920
10.4,4.8,4.0,8,4,4,79.0,5.5,3,37.0,6,0.32,0.43,0.27,0.37,5.0,0.27,0.41,0.55,2.53,5.0,62.0,0.34,0.2,70.0,2021
11.7,10.4,7.3,24,16,16,129.0,8.8,14,82.0,17,0.34,0.38,0.24,0.28,14.0,0.51,0.55,0.77,2.64,8.0,109.0,0.48,0.45,127.0,2122
5.1,3.6,3.6,18,3,3,40.0,7.4,3,66.0,7,0.12,0.24,0.12,0.24,5.0,0.1,0.22,0.57,2.09,4.0,69.0,0.22,0.1,128.0,1819
2.7,5.1,5.1,19,7,7,48.0,8.7,7,58.0,9,0.22,0.37,0.22,0.37,4.0,0.3,0.38,0.81,2.47,8.0,48.0,0.38,0.3,117.0,1920
3.9,2.7,2.7,13,1,1,35.0,3.9,1,36.0,3,0.15,0.21,0.15,0.21,4.0,0.05,0.16,0.7,1.93,2.0,42.0,0.16,0.05,117.0,2021
0.5,0.4,0.4,2,0,0,5.0,0.7,0,4.0,1,0.04,0.06,0.04,0.06,0.0,0.0,0.09,0.18,0.37,1.0,17.0,0.09,0.0,40.0,1920
0.3,0.5,0.5,2,1,1,11.0,1.2,1,4.0,1,0.04,0.1,0.04,0.1,0.0,0.09,0.09,0.17,0.35,0.0,19.0,0.09,0.09,35.0,2021
2.9,0.2,0.2,1,0,0,10.0,0.2,0,3.0,0,0.13,0.13,0.13,0.13,0.0,0.0,0.0,0.55,1.65,0.0,7.0,0.0,0.0,17.0,1920
1.8,2.9,2.9,7,3,3,48.0,3.8,3,21.0,3,0.3,0.39,0.3,0.39,10.0,0.31,0.31,0.72,2.15,3.0,39.0,0.31,0.31,46.0,1920
1.3,0.6,0.6,3,0,0,13.0,2.3,0,20.0,1,0.02,0.07,0.02,0.07,0.0,0.0,0.03,0.1,0.64,1.0,20.0,0.03,0.0,24.0,2324
5.1,1.6,1.6,3,2,2,23.0,1.8,2,8.0,2,0.2,0.22,0.2,0.22,3.0,0.25,0.25,0.37,0.99,0.0,21.0,0.25,0.25,46.0,1718
0.5,5.1,5.1,10,6,6,57.0,6.0,6,21.0,7,0.2,0.24,0.2,0.24,5.0,0.24,0.28,0.4,0.84,1.0,76.0,0.28,0.24,123.0,1819
6.1,6.2,4.6,13,3,3,47.0,8.0,2,45.0,5,0.25,0.39,0.19,0.33,4.0,0.12,0.2,0.53,1.83,3.0,29.0,0.16,0.08,54.0,2324
3.5,1.9,1.9,9,2,2,24.0,4.5,2,33.0,5,0.08,0.18,0.08,0.18,1.0,0.08,0.21,0.37,1.35,3.0,70.0,0.21,0.08,105.0,2122
0.1,0.2,0.2,2,0,0,3.0,0.4,0,5.0,1,0.02,0.04,0.02,0.04,0.0,0.0,0.11,0.21,0.53,1.0,12.0,0.11,0.0,5.0,1819
0.5,0.1,0.1,1,0,0,2.0,0.1,0,3.0,0,0.06,0.06,0.06,0.06,0.0,0.0,0.0,0.47,1.41,0.0,1.0,0.0,0.0,4.0,1920
5.3,1.2,1.2,7,0,0,35.0,2.8,0,17.0,1,0.12,0.29,0.12,0.29,1.0,0.0,0.1,0.71,1.72,2.0,18.0,0.1,0.0,58.0,2223
7.6,5.3,4.5,17,5,5,70.0,8.4,4,38.0,9,0.21,0.37,0.18,0.34,4.0,0.2,0.36,0.68,1.53,5.0,69.0,0.32,0.16,167.0,2324
0.3,0.4,0.4,2,1,1,9.0,1.5,1,4.0,2,0.03,0.12,0.03,0.12,2.0,0.08,0.16,0.16,0.33,0.0,14.0,0.16,0.08,57.0,2223
0.1,0.3,0.3,1,0,0,10.0,0.6,0,5.0,0,0.03,0.05,0.03,0.05,0.0,0.0,0.0,0.08,0.4,0.0,9.0,0.0,0.0,57.0,2324
0.7,0.5,0.5,6,1,1,10.0,0.6,1,10.0,1,0.03,0.03,0.03,0.03,1.0,0.05,0.05,0.32,0.54,1.0,1.0,0.05,0.05,1.0,2223
0.9,0.7,0.7,3,2,2,9.0,0.8,2,9.0,2,0.03,0.04,0.03,0.04,1.0,0.09,0.09,0.14,0.41,2.0,5.0,0.09,0.09,3.0,2324
1.1,2.6,2.6,10,4,4,28.0,3.6,4,17.0,4,0.11,0.15,0.11,0.15,0.0,0.17,0.17,0.41,0.7,2.0,10.0,0.17,0.17,5.0,2223
0.6,1.1,1.1,3,0,0,28.0,1.4,0,17.0,0,0.04,0.06,0.04,0.06,0.0,0.0,0.0,0.12,0.69,4.0,15.0,0.0,0.0,10.0,2324
0.0,0.2,0.2,1,0,0,7.0,0.2,0,3.0,0,0.03,0.03,0.03,0.03,0.0,0.0,0.0,0.14,0.42,0.0,5.0,0.0,0.0,2.0,1819
0.9,1.0,1.0,3,3,3,14.0,2.0,3,9.0,3,0.06,0.12,0.06,0.12,0.0,0.18,0.18,0.18,0.54,0.0,12.0,0.18,0.18,7.0,1819
1.2,0.9,0.9,1,0,0,12.0,1.3,0,8.0,2,0.06,0.08,0.06,0.08,1.0,0.0,0.13,0.07,0.54,1.0,5.0,0.13,0.0,4.0,1920
0.0,1.6,1.6,4,2,2,25.0,2.8,2,17.0,3,0.05,0.09,0.05,0.09,1.0,0.06,0.1,0.13,0.54,4.0,10.0,0.1,0.06,14.0,2223
1.1,0.7,0.7,3,0,0,12.0,0.7,0,9.0,0,0.05,0.06,0.05,0.06,1.0,0.0,0.0,0.23,0.69,1.0,2.0,0.0,0.0,1.0,2324
1.6,0.2,0.2,4,0,0,10.0,0.3,0,6.0,0,0.01,0.01,0.01,0.01,2.0,0.0,0.0,0.18,0.26,1.0,12.0,0.0,0.0,3.0,2122
0.0,1.6,1.6,1,1,1,5.0,1.8,1,7.0,1,0.1,0.11,0.1,0.11,0.0,0.06,0.06,0.06,0.44,0.0,10.0,0.06,0.06,6.0,2223
2.6,4.2,4.2,7,3,3,56.0,4.4,3,25.0,3,0.47,0.5,0.47,0.5,11.0,0.34,0.34,0.79,2.81,2.0,21.0,0.34,0.34,81.0,1819
4.7,2.6,2.6,8,3,3,30.0,3.2,3,18.0,4,0.51,0.63,0.51,0.63,5.0,0.6,0.8,1.6,3.59,1.0,15.0,0.8,0.6,45.0,1920
2.3,4.7,4.7,13,3,3,44.0,6.1,3,20.0,3,0.51,0.67,0.51,0.67,9.0,0.33,0.33,1.43,2.2,1.0,26.0,0.33,0.33,63.0,2021
6.1,2.3,2.3,8,4,4,32.0,3.3,4,15.0,6,0.55,0.79,0.55,0.79,2.0,0.95,1.43,1.91,3.58,3.0,15.0,1.43,0.95,36.0,2122
4.5,6.1,5.3,15,10,10,68.0,7.3,10,30.0,12,0.49,0.65,0.43,0.59,11.0,0.81,0.97,1.21,2.43,4.0,32.0,0.97,0.81,77.0,2223
0.3,1.5,1.5,3,2,2,12.0,1.6,2,10.0,2,0.08,0.09,0.08,0.09,1.0,0.11,0.11,0.17,0.55,0.0,8.0,0.11,0.11,2.0,1819
7.6,5.0,1.1,5,6,6,12.0,4.9,1,29.0,8,0.19,0.34,0.04,0.19,0.0,0.23,0.31,0.19,1.11,2.0,34.0,0.11,0.04,19.0,1819
0.8,7.6,1.3,6,7,7,21.0,8.4,0,24.0,13,0.23,0.45,0.04,0.26,4.0,0.21,0.4,0.18,0.73,4.0,33.0,0.18,0.0,55.0,1920
0.1,0.8,0.8,3,1,1,1.0,2.6,1,16.0,4,0.04,0.12,0.04,0.12,0.0,0.04,0.18,0.13,0.72,2.0,25.0,0.18,0.04,12.0,2021
1.4,0.6,0.6,3,0,0,14.0,0.8,0,14.0,0,0.11,0.14,0.11,0.14,0.0,0.0,0.0,0.53,2.47,2.0,9.0,0.0,0.0,44.0,1920
0.0,1.4,1.4,6,1,1,31.0,3.3,1,20.0,3,0.09,0.2,0.09,0.2,1.0,0.06,0.18,0.36,1.22,6.0,27.0,0.18,0.06,90.0,2021
0.5,1.1,1.1,2,1,1,4.0,1.8,1,12.0,2,0.08,0.13,0.08,0.13,0.0,0.07,0.14,0.14,0.86,2.0,18.0,0.14,0.07,23.0,1819
0.2,0.5,0.5,3,0,0,14.0,3.0,0,14.0,4,0.02,0.14,0.02,0.14,0.0,0.0,0.19,0.14,0.67,1.0,24.0,0.19,0.0,39.0,1920
0.2,0.2,0.2,3,0,0,8.0,0.6,0,4.0,1,0.01,0.04,0.01,0.04,1.0,0.0,0.07,0.21,0.28,1.0,12.0,0.07,0.0,16.0,2021
4.6,1.2,1.2,4,1,1,21.0,2.7,1,25.0,2,0.13,0.31,0.13,0.31,5.0,0.11,0.23,0.45,2.83,3.0,24.0,0.23,0.11,62.0,1819
0.5,4.6,4.6,21,6,6,60.0,9.5,6,61.0,10,0.18,0.38,0.18,0.38,7.0,0.24,0.4,0.84,2.43,6.0,43.0,0.4,0.24,177.0,1920
0.3,0.5,0.5,1,0,0,15.0,1.6,0,12.0,2,0.15,0.45,0.15,0.45,0.0,0.0,0.58,0.29,3.45,2.0,14.0,0.58,0.0,30.0,2021
23.5,8.8,8.8,19,13,13,59.0,10.0,13,34.0,15,0.74,0.85,0.74,0.85,3.0,1.1,1.27,1.61,2.88,4.0,26.0,1.27,1.1,69.0,1920
17.9,23.5,20.3,47,27,27,173.0,23.8,25,89.0,33,0.88,1.01,0.76,0.89,16.0,1.01,1.23,1.76,3.33,10.0,52.0,1.16,0.93,157.0,2021
28.4,17.9,13.2,31,22,22,149.0,18.6,16,74.0,30,0.84,1.1,0.62,0.88,14.0,1.04,1.41,1.46,3.49,8.0,58.0,1.13,0.75,137.0,2122
22.0,29.2,22.9,50,27,27,183.0,27.2,20,113.0,32,1.03,1.18,0.81,0.96,6.0,0.95,1.13,1.76,3.99,10.0,41.0,0.88,0.71,126.0,2324
3.0,4.9,4.9,19,5,5,58.0,9.3,5,42.0,11,0.3,0.56,0.3,0.56,10.0,0.3,0.66,1.14,2.52,4.0,52.0,0.66,0.3,88.0,2021
7.5,3.0,3.0,9,2,2,56.0,4.6,2,25.0,5,0.31,0.47,0.31,0.47,12.0,0.21,0.52,0.93,2.58,5.0,31.0,0.52,0.21,74.0,2122
0.4,0.6,0.6,2,2,2,10.0,0.8,2,7.0,2,0.05,0.06,0.05,0.06,3.0,0.15,0.15,0.15,0.54,1.0,5.0,0.15,0.15,4.0,1920
0.0,0.4,0.4,2,1,1,8.0,0.6,1,4.0,1,0.21,0.33,0.21,0.33,3.0,0.53,0.53,1.06,2.12,1.0,8.0,0.53,0.53,14.0,2021
0.0,1.5,1.5,6,0,0,22.0,1.9,0,19.0,0,0.07,0.09,0.07,0.09,0.0,0.0,0.0,0.28,0.87,1.0,3.0,0.0,0.0,13.0,1819
1.7,1.8,1.8,7,3,3,6.0,3.3,3,30.0,4,0.08,0.15,0.08,0.15,0.0,0.13,0.18,0.31,1.34,3.0,26.0,0.18,0.13,36.0,1819
0.3,0.3,0.3,2,0,0,6.0,1.5,0,7.0,0,0.01,0.07,0.01,0.07,1.0,0.0,0.0,0.09,0.3,0.0,16.0,0.0,0.0,23.0,2021
1.1,0.3,0.3,1,0,0,12.0,1.9,0,7.0,3,0.01,0.08,0.01,0.08,0.0,0.0,0.12,0.04,0.28,0.0,19.0,0.12,0.0,23.0,2122
1.1,2.0,2.0,4,2,2,43.0,3.0,2,19.0,2,0.07,0.11,0.07,0.11,0.0,0.07,0.07,0.14,0.68,6.0,11.0,0.07,0.07,16.0,2324
4.6,5.3,5.3,17,6,6,39.0,6.1,6,36.0,8,0.51,0.57,0.51,0.57,5.0,0.57,0.76,1.61,3.41,6.0,29.0,0.76,0.57,58.0,2223
0.5,4.6,4.6,20,6,6,45.0,5.1,6,33.0,6,0.3,0.34,0.3,0.34,5.0,0.4,0.4,1.32,2.17,1.0,40.0,0.4,0.4,62.0,2324
0.6,0.5,0.5,2,1,1,9.0,1.0,1,7.0,1,0.2,0.35,0.2,0.35,0.0,0.37,0.37,0.73,2.56,0.0,5.0,0.37,0.37,9.0,2425
2.6,1.8,1.8,5,1,1,29.0,3.0,1,12.0,3,0.37,0.62,0.37,0.62,0.0,0.21,0.62,1.03,2.47,1.0,20.0,0.62,0.21,24.0,2122
8.4,2.6,2.6,12,3,3,48.0,3.9,3,22.0,5,0.18,0.28,0.18,0.28,6.0,0.21,0.36,0.86,1.57,3.0,49.0,0.36,0.21,97.0,2223
9.2,8.4,6.8,20,6,6,103.0,8.2,4,46.0,6,0.48,0.56,0.39,0.47,5.0,0.35,0.35,1.16,2.67,5.0,82.0,0.23,0.23,114.0,2324
3.0,0.8,0.8,4,2,2,5.0,2.9,2,10.0,4,0.06,0.24,0.06,0.24,0.0,0.16,0.33,0.33,0.82,0.0,13.0,0.33,0.16,17.0,2122
3.3,3.0,0.6,4,4,4,16.0,1.9,1,17.0,6,0.16,0.23,0.03,0.11,1.0,0.22,0.33,0.22,0.93,1.0,19.0,0.16,0.05,27.0,2223
1.5,3.3,1.8,4,4,4,21.0,5.5,2,19.0,8,0.16,0.35,0.09,0.27,0.0,0.2,0.39,0.2,0.93,1.0,22.0,0.29,0.1,45.0,2324
2.5,2.9,2.9,5,2,2,41.0,4.8,2,21.0,3,0.24,0.39,0.24,0.39,11.0,0.16,0.25,0.41,1.72,1.0,36.0,0.25,0.16,65.0,1718
0.2,0.1,0.1,1,0,0,4.0,0.1,0,2.0,0,0.03,0.09,0.03,0.09,0.0,0.0,0.0,0.63,1.26,1.0,1.0,0.0,0.0,6.0,1819
0.4,7.7,7.7,28,9,9,80.0,11.3,9,69.0,11,0.43,0.64,0.43,0.64,24.0,0.51,0.62,1.58,3.9,5.0,49.0,0.62,0.51,113.0,1920
4.3,0.4,0.4,2,0,0,5.0,0.4,0,8.0,0,0.16,0.16,0.16,0.16,2.0,0.0,0.0,0.89,3.56,1.0,1.0,0.0,0.0,9.0,2021
7.0,4.3,3.5,15,6,6,53.0,5.2,5,62.0,7,0.21,0.29,0.17,0.25,13.0,0.29,0.34,0.72,2.98,6.0,48.0,0.29,0.24,117.0,2122
0.7,7.0,4.7,21,8,8,61.0,6.5,6,64.0,10,0.37,0.47,0.25,0.34,14.0,0.42,0.53,1.11,3.37,4.0,39.0,0.42,0.32,96.0,2223
2.0,0.7,0.7,3,1,1,10.0,0.8,1,9.0,1,0.22,0.24,0.22,0.24,0.0,0.3,0.3,0.91,2.72,2.0,5.0,0.3,0.3,31.0,2324
1.5,2.0,2.0,6,1,1,28.0,4.3,1,27.0,4,0.21,0.45,0.21,0.45,4.0,0.1,0.42,0.62,2.81,4.0,12.0,0.42,0.1,75.0,2324
1.6,2.4,2.4,7,2,2,34.0,2.5,2,22.0,2,0.07,0.07,0.07,0.07,1.0,0.06,0.06,0.2,0.62,1.0,18.0,0.06,0.06,5.0,2021
0.1,0.1,0.1,3,0,0,1.0,0.4,0,4.0,1,0.01,0.06,0.01,0.06,0.0,0.0,0.12,0.37,0.5,0.0,10.0,0.12,0.0,23.0,1819
0.0,1.1,1.1,1,1,1,15.0,1.6,1,3.0,1,0.09,0.14,0.09,0.14,3.0,0.09,0.09,0.09,0.27,0.0,11.0,0.09,0.09,43.0,1819
1.3,1.4,1.4,6,2,2,19.0,1.6,2,20.0,2,0.08,0.09,0.08,0.09,2.0,0.11,0.11,0.32,1.08,3.0,14.0,0.11,0.11,6.0,1920
1.2,1.3,0.5,4,1,1,11.0,0.5,0,11.0,1,0.09,0.09,0.04,0.04,1.0,0.07,0.07,0.29,0.79,1.0,4.0,0.0,0.0,0.0,2021
3.7,2.5,2.5,9,4,4,40.0,3.3,4,35.0,5,0.07,0.1,0.07,0.1,0.0,0.12,0.15,0.27,1.03,4.0,17.0,0.15,0.12,20.0,2324
0.5,0.9,0.9,2,0,0,25.0,3.3,0,12.0,1,0.06,0.2,0.06,0.2,0.0,0.0,0.06,0.12,0.74,0.0,25.0,0.06,0.0,64.0,2324
0.7,0.7,0.7,7,4,4,16.0,1.2,4,15.0,5,0.04,0.07,0.04,0.07,0.0,0.23,0.28,0.4,0.85,1.0,36.0,0.28,0.23,67.0,2122
0.3,0.4,0.4,4,2,2,10.0,2.1,2,12.0,5,0.02,0.09,0.02,0.09,0.0,0.09,0.22,0.17,0.52,1.0,15.0,0.22,0.09,23.0,1920
3.9,0.3,0.3,1,0,0,12.0,0.6,0,10.0,0,0.01,0.02,0.01,0.02,0.0,0.0,0.0,0.04,0.35,0.0,17.0,0.0,0.0,13.0,2021
0.7,3.9,2.4,7,5,5,21.0,3.7,3,19.0,6,0.15,0.2,0.09,0.14,0.0,0.19,0.23,0.27,0.74,3.0,24.0,0.16,0.12,37.0,2122
3.2,2.5,2.5,7,2,2,34.0,3.6,2,30.0,4,0.21,0.31,0.21,0.31,3.0,0.17,0.34,0.6,2.56,3.0,27.0,0.34,0.17,96.0,1819
0.1,3.2,2.4,14,3,3,42.0,2.8,2,38.0,3,0.35,0.4,0.26,0.31,4.0,0.33,0.33,1.56,4.23,5.0,12.0,0.22,0.22,72.0,1920
0.2,1.1,1.1,4,2,2,26.0,1.2,2,11.0,2,0.29,0.31,0.29,0.31,0.0,0.52,0.52,1.04,2.85,2.0,11.0,0.52,0.52,26.0,2223
2.5,0.2,0.2,2,0,0,7.0,0.5,0,3.0,0,0.12,0.25,0.12,0.25,0.0,0.0,0.0,1.09,1.64,1.0,7.0,0.0,0.0,13.0,2324
1.1,1.5,1.5,3,0,0,23.0,5.3,0,12.0,4,0.06,0.19,0.06,0.19,1.0,0.0,0.15,0.11,0.44,3.0,37.0,0.15,0.0,110.0,1819
0.0,1.1,1.1,4,0,0,44.0,3.8,0,26.0,1,0.05,0.19,0.05,0.19,3.0,0.0,0.05,0.19,1.26,7.0,29.0,0.05,0.0,135.0,1920
0.1,0.3,0.3,2,0,0,11.0,0.7,0,8.0,0,0.03,0.06,0.03,0.06,1.0,0.0,0.0,0.16,0.64,3.0,10.0,0.0,0.0,25.0,2021
0.8,0.1,0.1,1,0,0,3.0,0.2,0,2.0,0,0.12,0.19,0.12,0.19,2.0,0.0,0.0,1.17,2.34,0.0,4.0,0.0,0.0,9.0,2021
0.0,0.8,0.8,4,1,1,16.0,1.4,1,10.0,2,0.1,0.18,0.1,0.18,4.0,0.13,0.26,0.51,1.28,0.0,8.0,0.26,0.13,33.0,2122
0.2,1.7,1.7,4,2,2,35.0,2.9,2,19.0,4,0.07,0.12,0.07,0.12,4.0,0.08,0.17,0.17,0.79,0.0,38.0,0.17,0.08,76.0,2223
1.2,2.4,2.4,5,0,0,45.0,3.8,0,20.0,2,0.18,0.27,0.18,0.27,4.0,0.0,0.15,0.36,1.46,5.0,41.0,0.15,0.0,85.0,2223
3.1,1.2,1.2,3,1,1,35.0,2.3,1,20.0,2,0.1,0.19,0.1,0.19,1.0,0.08,0.16,0.24,1.63,2.0,34.0,0.16,0.08,62.0,2324
0.6,0.8,0.8,1,1,1,17.0,2.0,1,9.0,2,0.03,0.08,0.03,0.08,0.0,0.04,0.08,0.04,0.36,1.0,14.0,0.08,0.04,4.0,1819
0.0,0.6,0.6,1,1,1,11.0,0.8,1,7.0,1,0.02,0.03,0.02,0.03,2.0,0.04,0.04,0.04,0.26,0.0,19.0,0.04,0.04,9.0,1920
11.8,12.9,7.4,29,11,11,141.0,10.6,6,95.0,14,0.51,0.64,0.29,0.42,22.0,0.44,0.55,1.15,3.76,12.0,58.0,0.36,0.24,164.0,1920
4.3,11.8,9.4,25,13,13,104.0,10.9,11,79.0,14,0.48,0.54,0.38,0.44,18.0,0.53,0.57,1.02,3.23,10.0,60.0,0.49,0.45,157.0,2021
2.8,4.3,3.5,11,4,4,74.0,5.1,3,57.0,6,0.23,0.32,0.19,0.28,15.0,0.22,0.32,0.59,3.08,6.0,49.0,0.27,0.16,140.0,2122
0.7,1.5,1.5,4,1,1,15.0,2.0,1,10.0,1,0.12,0.15,0.12,0.15,0.0,0.08,0.08,0.31,0.76,2.0,6.0,0.08,0.08,2.0,1920
8.0,7.2,6.4,24,3,3,157.0,11.8,2,77.0,8,0.24,0.42,0.21,0.39,5.0,0.1,0.26,0.79,2.54,10.0,78.0,0.23,0.07,304.0,1819
6.0,8.0,4.0,15,8,8,104.0,9.8,4,37.0,15,0.3,0.52,0.15,0.37,9.0,0.3,0.56,0.56,1.39,3.0,76.0,0.41,0.15,209.0,1920
3.2,3.1,3.1,14,5,5,59.0,7.2,5,51.0,9,0.14,0.33,0.14,0.33,2.0,0.23,0.41,0.63,2.3,4.0,27.0,0.41,0.23,116.0,1819
2.0,3.2,3.2,18,3,3,42.0,7.8,3,71.0,9,0.11,0.26,0.11,0.26,0.0,0.1,0.3,0.6,2.38,2.0,29.0,0.3,0.1,132.0,1920
1.6,2.0,2.0,15,3,3,39.0,4.0,3,43.0,4,0.07,0.14,0.07,0.14,1.0,0.11,0.14,0.53,1.51,7.0,23.0,0.14,0.11,80.0,2021
2.8,1.6,1.6,13,7,7,39.0,4.5,7,40.0,11,0.06,0.17,0.06,0.17,1.0,0.26,0.42,0.49,1.51,3.0,28.0,0.42,0.26,80.0,2122
2.0,2.8,2.8,9,3,3,41.0,4.9,3,26.0,5,0.13,0.23,0.13,0.23,4.0,0.14,0.24,0.43,1.24,2.0,23.0,0.24,0.14,86.0,2223
4.3,2.0,2.0,6,1,1,20.0,3.1,1,19.0,4,0.15,0.24,0.15,0.24,1.0,0.08,0.3,0.45,1.43,2.0,12.0,0.3,0.08,40.0,2324
3.9,2.4,2.4,8,3,3,35.0,4.2,3,21.0,4,0.16,0.28,0.16,0.28,3.0,0.2,0.26,0.53,1.39,3.0,42.0,0.26,0.2,69.0,2324
1.5,1.3,1.3,5,1,1,22.0,1.7,1,7.0,1,0.2,0.26,0.2,0.26,5.0,0.16,0.16,0.78,1.1,1.0,17.0,0.16,0.16,35.0,1920
2.6,1.3,1.3,2,1,1,21.0,1.5,1,9.0,1,0.05,0.05,0.05,0.05,0.0,0.03,0.03,0.07,0.31,2.0,24.0,0.03,0.03,12.0,2122
1.8,1.1,1.1,12,1,1,17.0,2.9,1,19.0,4,0.04,0.1,0.04,0.1,2.0,0.03,0.13,0.4,0.63,4.0,30.0,0.13,0.03,20.0,2324
0.5,0.6,0.6,2,0,0,11.0,0.6,0,5.0,0,0.09,0.1,0.09,0.1,1.0,0.0,0.0,0.33,0.83,0.0,18.0,0.0,0.0,32.0,2021
0.0,0.5,0.5,2,0,0,19.0,1.0,0,7.0,0,0.07,0.13,0.07,0.13,3.0,0.0,0.0,0.27,0.94,0.0,24.0,0.0,0.0,42.0,2122
0.5,0.1,0.1,2,1,1,3.0,0.4,1,3.0,1,0.0,0.03,0.0,0.03,0.0,0.07,0.07,0.14,0.21,0.0,9.0,0.07,0.07,13.0,1920
0.7,0.5,0.5,4,0,0,12.0,2.1,0,15.0,2,0.06,0.21,0.06,0.21,1.0,0.0,0.2,0.41,1.52,1.0,26.0,0.2,0.0,78.0,1718
0.6,0.7,0.7,3,0,0,13.0,1.4,0,8.0,1,0.03,0.06,0.03,0.06,0.0,0.0,0.04,0.13,0.34,2.0,25.0,0.04,0.0,67.0,1819
3.3,1.0,1.0,7,0,0,11.0,1.8,0,27.0,1,0.07,0.14,0.07,0.14,0.0,0.0,0.08,0.54,2.08,4.0,28.0,0.08,0.0,60.0,2021
0.2,3.3,3.3,12,5,5,41.0,5.6,5,34.0,10,0.16,0.26,0.16,0.26,2.0,0.23,0.47,0.56,1.59,4.0,32.0,0.47,0.23,108.0,2223
0.0,0.8,0.8,2,1,1,29.0,1.9,1,6.0,4,0.03,0.07,0.03,0.07,5.0,0.03,0.14,0.07,0.21,0.0,33.0,0.14,0.03,70.0,2223
1.1,0.8,0.8,7,0,0,9.0,1.3,0,13.0,1,0.04,0.06,0.04,0.06,0.0,0.0,0.05,0.34,0.63,2.0,9.0,0.05,0.0,3.0,2324
0.2,1.0,1.0,3,1,1,20.0,4.4,1,9.0,4,0.08,0.34,0.08,0.34,3.0,0.08,0.31,0.23,0.7,1.0,9.0,0.31,0.08,138.0,1819
0.1,0.2,0.2,2,0,0,3.0,1.5,0,4.0,1,0.04,0.36,0.04,0.36,0.0,0.0,0.24,0.48,0.96,0.0,1.0,0.24,0.0,32.0,1920
0.1,0.1,0.1,1,0,0,2.0,0.5,0,3.0,0,0.03,0.13,0.03,0.13,0.0,0.0,0.0,0.27,0.81,0.0,2.0,0.0,0.0,19.0,2122
2.6,3.1,3.1,14,2,2,71.0,9.8,2,40.0,6,0.14,0.46,0.14,0.46,9.0,0.09,0.28,0.66,1.88,6.0,42.0,0.28,0.09,143.0,2324
5.2,1.8,1.8,9,2,2,27.0,3.9,2,24.0,3,0.2,0.43,0.2,0.43,3.0,0.22,0.33,0.99,2.63,2.0,24.0,0.33,0.22,54.0,1920
1.5,5.2,3.7,26,6,6,45.0,12.2,5,78.0,14,0.17,0.44,0.12,0.39,1.0,0.19,0.45,0.83,2.49,8.0,73.0,0.42,0.16,116.0,2021
1.2,1.4,1.4,5,3,3,10.0,1.5,3,6.0,3,0.41,0.44,0.41,0.44,0.0,0.88,0.88,1.47,1.76,1.0,13.0,0.88,0.88,23.0,1920
0.0,1.2,1.2,5,1,1,18.0,1.3,1,13.0,1,0.26,0.28,0.26,0.28,1.0,0.22,0.22,1.09,2.83,1.0,16.0,0.22,0.22,49.0,2021
3.6,1.1,1.1,2,0,0,22.0,1.3,0,11.0,0,0.12,0.14,0.12,0.14,2.0,0.0,0.0,0.22,1.23,0.0,27.0,0.0,0.0,54.0,2223
0.0,3.0,3.0,11,4,4,51.0,3.6,4,33.0,4,0.21,0.26,0.21,0.26,3.0,0.28,0.28,0.77,2.32,1.0,39.0,0.28,0.28,95.0,2324
0.1,0.3,0.3,1,0,0,8.0,1.1,0,6.0,1,0.02,0.05,0.02,0.05,0.0,0.0,0.05,0.05,0.29,2.0,11.0,0.05,0.0,11.0,2223
0.0,0.8,0.8,3,0,0,12.0,2.5,0,9.0,0,0.03,0.09,0.03,0.09,1.0,0.0,0.0,0.11,0.33,2.0,9.0,0.0,0.0,34.0,1819
0.2,0.8,0.8,3,0,0,25.0,2.2,0,13.0,2,0.03,0.08,0.03,0.08,1.0,0.0,0.07,0.1,0.44,3.0,14.0,0.07,0.0,26.0,2021
4.4,3.8,3.8,15,2,2,77.0,7.2,2,53.0,5,0.23,0.44,0.23,0.44,7.0,0.12,0.31,0.92,3.24,8.0,29.0,0.31,0.12,153.0,1819
1.3,4.4,4.4,9,1,1,49.0,7.9,1,50.0,2,0.25,0.45,0.25,0.45,5.0,0.06,0.11,0.52,2.86,3.0,42.0,0.11,0.06,126.0,1920
1.5,1.3,1.3,6,0,0,29.0,4.1,0,13.0,2,0.12,0.38,0.12,0.38,2.0,0.0,0.19,0.56,1.2,1.0,27.0,0.19,0.0,85.0,2021
0.2,3.6,3.6,15,6,6,39.0,4.2,6,43.0,6,0.43,0.51,0.43,0.51,3.0,0.73,0.73,1.81,5.2,6.0,18.0,0.73,0.73,53.0,1920
7.5,1.3,1.3,5,2,2,25.0,2.1,2,21.0,4,0.21,0.33,0.21,0.33,4.0,0.32,0.64,0.8,3.35,2.0,15.0,0.64,0.32,36.0,2021
2.4,7.5,5.9,20,10,10,57.0,7.0,8,55.0,10,0.36,0.41,0.28,0.34,6.0,0.48,0.48,0.96,2.65,6.0,60.0,0.39,0.39,85.0,2122
2.9,2.4,2.4,7,2,2,31.0,3.5,2,32.0,3,0.19,0.28,0.19,0.28,7.0,0.16,0.24,0.56,2.57,3.0,42.0,0.24,0.16,67.0,2223
0.2,0.1,0.1,1,0,0,9.0,0.4,0,1.0,0,0.01,0.03,0.01,0.03,1.0,0.0,0.0,0.09,0.09,0.0,7.0,0.0,0.0,2.0,1819
0.8,1.7,1.7,2,1,1,33.0,2.2,1,11.0,1,0.06,0.08,0.06,0.08,3.0,0.04,0.04,0.08,0.42,1.0,30.0,0.04,0.04,41.0,2122
12.2,8.8,8.8,41,6,6,218.0,14.4,6,133.0,9,0.26,0.43,0.26,0.43,10.0,0.18,0.27,1.22,3.95,20.0,109.0,0.27,0.18,357.0,1819
0.8,12.2,10.6,41,10,10,150.0,16.0,9,109.0,16,0.42,0.6,0.36,0.55,7.0,0.34,0.55,1.4,3.72,12.0,63.0,0.51,0.31,186.0,1920
2.2,6.1,6.1,25,8,8,109.0,13.9,8,60.0,16,0.25,0.57,0.25,0.57,11.0,0.33,0.65,1.02,2.44,6.0,40.0,0.65,0.33,179.0,2021
1.5,2.2,2.2,9,2,2,47.0,3.4,2,28.0,4,0.23,0.35,0.23,0.35,1.0,0.21,0.42,0.94,2.92,6.0,20.0,0.42,0.21,59.0,2122
6.4,1.5,1.5,3,2,2,49.0,4.1,2,26.0,7,0.15,0.43,0.15,0.43,2.0,0.21,0.74,0.32,2.75,3.0,26.0,0.74,0.21,88.0,2223
0.3,6.4,5.6,25,9,9,130.0,11.9,8,74.0,11,0.26,0.52,0.23,0.49,7.0,0.37,0.45,1.02,3.03,7.0,54.0,0.41,0.33,216.0,2324
2.1,3.2,3.2,11,2,2,46.0,4.4,2,25.0,4,0.27,0.37,0.27,0.37,7.0,0.17,0.34,0.92,2.09,0.0,26.0,0.34,0.17,106.0,1819
2.3,2.1,2.1,9,2,2,37.0,3.2,2,25.0,2,0.18,0.26,0.18,0.26,4.0,0.17,0.17,0.75,2.08,2.0,23.0,0.17,0.17,82.0,1920
3.2,2.3,2.3,8,5,5,68.0,3.3,5,26.0,5,0.15,0.22,0.15,0.22,13.0,0.33,0.33,0.53,1.71,4.0,39.0,0.33,0.33,126.0,2122
0.1,3.2,3.2,16,2,2,82.0,6.0,2,39.0,4,0.14,0.27,0.14,0.27,13.0,0.09,0.18,0.71,1.73,2.0,56.0,0.18,0.09,177.0,2223
0.0,0.7,0.7,3,0,0,19.0,2.7,0,13.0,3,0.12,0.46,0.12,0.46,2.0,0.0,0.52,0.52,2.25,1.0,5.0,0.52,0.0,38.0,1920
3.5,2.8,2.8,12,5,5,59.0,10.6,5,38.0,8,0.1,0.38,0.1,0.38,6.0,0.17,0.28,0.41,1.31,5.0,26.0,0.28,0.17,138.0,2021
3.1,3.5,2.7,18,2,2,41.0,7.9,2,38.0,5,0.22,0.55,0.17,0.5,2.0,0.13,0.31,1.13,2.39,10.0,14.0,0.31,0.13,116.0,2122
2.9,3.1,3.1,15,4,4,72.0,9.9,4,49.0,7,0.13,0.43,0.13,0.43,5.0,0.17,0.3,0.65,2.13,5.0,18.0,0.3,0.17,189.0,2223
3.3,2.9,2.7,19,5,5,74.0,11.1,5,51.0,11,0.13,0.49,0.12,0.48,5.0,0.22,0.48,0.82,2.21,5.0,29.0,0.48,0.22,198.0,2324
0.5,2.5,2.5,15,5,5,40.0,2.8,5,30.0,5,0.08,0.09,0.08,0.09,0.0,0.16,0.16,0.48,0.96,1.0,16.0,0.16,0.16,5.0,1819
0.2,0.5,0.5,1,1,1,13.0,0.5,1,4.0,1,0.04,0.04,0.04,0.04,1.0,0.07,0.07,0.07,0.3,0.0,8.0,0.07,0.07,2.0,1920
1.5,0.2,0.2,2,1,1,6.0,0.2,1,3.0,1,0.04,0.05,0.04,0.05,0.0,0.22,0.22,0.44,0.67,2.0,2.0,0.22,0.22,2.0,2021
0.4,0.7,0.7,2,1,1,17.0,0.8,1,11.0,1,0.06,0.07,0.06,0.07,0.0,0.08,0.08,0.17,0.92,4.0,11.0,0.08,0.08,4.0,2223
0.3,1.4,1.4,7,2,2,24.0,2.6,2,15.0,4,0.05,0.09,0.05,0.09,2.0,0.07,0.14,0.24,0.52,3.0,21.0,0.14,0.07,13.0,1920
2.5,5.5,5.5,7,4,4,47.0,7.0,4,35.0,4,0.19,0.24,0.19,0.24,0.0,0.14,0.14,0.24,1.19,2.0,24.0,0.14,0.14,43.0,2324
0.2,0.6,0.6,5,1,1,13.0,2.1,1,11.0,2,0.04,0.14,0.04,0.14,1.0,0.07,0.14,0.34,0.74,0.0,28.0,0.14,0.07,75.0,1819
0.0,0.2,0.2,2,0,0,11.0,1.3,0,7.0,1,0.02,0.13,0.02,0.13,2.0,0.0,0.1,0.19,0.68,2.0,14.0,0.1,0.0,53.0,1920
0.8,0.5,0.5,2,1,1,2.0,0.5,1,2.0,1,0.03,0.03,0.03,0.03,0.0,0.07,0.07,0.13,0.13,0.0,2.0,0.07,0.07,9.0,1819
0.2,3.5,2.7,5,1,1,49.0,3.6,0,24.0,1,0.41,0.51,0.32,0.42,7.0,0.12,0.12,0.58,2.81,2.0,33.0,0.0,0.0,73.0,1920
2.0,0.3,0.3,1,0,0,11.0,0.6,0,7.0,0,0.04,0.08,0.04,0.08,0.0,0.0,0.0,0.14,0.96,0.0,6.0,0.0,0.0,15.0,1819
2.3,2.0,2.0,11,2,2,24.0,5.3,2,22.0,7,0.09,0.25,0.09,0.25,0.0,0.09,0.33,0.52,1.04,2.0,31.0,0.33,0.09,69.0,1920
0.9,2.3,2.3,8,3,3,31.0,5.4,3,22.0,4,0.15,0.36,0.15,0.36,2.0,0.2,0.27,0.54,1.49,4.0,19.0,0.27,0.2,54.0,2021
4.3,0.9,0.9,9,0,0,38.0,2.6,0,34.0,1,0.05,0.13,0.05,0.13,6.0,0.0,0.05,0.44,1.67,3.0,26.0,0.05,0.0,86.0,2122
3.5,4.3,4.3,21,7,7,54.0,10.6,7,63.0,11,0.15,0.38,0.15,0.38,5.0,0.25,0.4,0.76,2.27,1.0,21.0,0.4,0.25,135.0,2223
2.7,3.5,3.5,18,2,2,69.0,9.3,2,56.0,9,0.11,0.29,0.11,0.29,0.0,0.06,0.28,0.56,1.74,3.0,28.0,0.28,0.06,102.0,2324
1.9,1.1,1.1,2,2,2,13.0,1.1,2,10.0,2,0.09,0.09,0.09,0.09,0.0,0.16,0.16,0.16,0.82,1.0,3.0,0.16,0.16,2.0,1819
1.5,1.9,1.9,5,1,1,32.0,2.1,1,19.0,1,0.08,0.09,0.08,0.09,1.0,0.04,0.04,0.21,0.81,5.0,9.0,0.04,0.04,1.0,1920
0.7,1.5,1.5,2,0,0,24.0,1.8,0,12.0,0,0.07,0.08,0.07,0.08,0.0,0.0,0.0,0.09,0.53,0.0,3.0,0.0,0.0,3.0,2021
1.2,0.7,0.7,4,2,2,21.0,1.1,2,11.0,3,0.04,0.07,0.04,0.07,2.0,0.12,0.18,0.24,0.66,1.0,8.0,0.18,0.12,2.0,2122
0.0,2.5,2.5,8,1,1,56.0,5.6,1,23.0,5,0.15,0.34,0.15,0.34,2.0,0.06,0.3,0.48,1.38,5.0,48.0,0.3,0.06,132.0,1920
6.0,6.2,6.2,16,6,6,130.0,12.7,6,44.0,14,0.19,0.4,0.19,0.4,7.0,0.19,0.44,0.5,1.37,5.0,88.0,0.44,0.19,264.0,2122
4.4,6.0,6.0,23,9,9,129.0,10.9,9,41.0,11,0.18,0.33,0.18,0.33,7.0,0.27,0.33,0.7,1.25,6.0,85.0,0.33,0.27,224.0,2223
5.5,8.2,7.4,14,8,8,75.0,8.6,7,41.0,10,0.54,0.62,0.49,0.57,9.0,0.53,0.66,0.92,2.69,2.0,29.0,0.59,0.46,93.0,1819
5.5,5.5,4.7,13,9,9,80.0,7.8,9,29.0,11,0.35,0.55,0.3,0.5,8.0,0.58,0.7,0.83,1.86,1.0,33.0,0.7,0.58,121.0,1920
1.4,5.5,4.7,11,8,8,50.0,5.3,7,30.0,8,0.53,0.59,0.45,0.52,8.0,0.78,0.78,1.07,2.91,2.0,27.0,0.68,0.68,57.0,2021
0.0,1.4,1.4,3,1,1,19.0,2.5,1,12.0,3,0.45,0.79,0.45,0.79,4.0,0.32,0.95,0.95,3.8,1.0,8.0,0.95,0.32,22.0,2122
0.7,2.6,2.6,8,3,3,23.0,3.7,3,14.0,5,0.1,0.14,0.1,0.14,0.0,0.11,0.19,0.3,0.53,2.0,7.0,0.19,0.11,6.0,1819
2.4,1.9,1.9,6,1,1,27.0,4.1,1,16.0,2,0.4,0.84,0.4,0.84,2.0,0.2,0.41,1.22,3.25,1.0,12.0,0.41,0.2,37.0,1819
0.0,2.4,2.4,6,0,0,27.0,4.1,0,19.0,1,0.32,0.55,0.32,0.55,3.0,0.0,0.13,0.81,2.55,1.0,22.0,0.13,0.0,64.0,1920
1.7,2.7,2.7,9,3,3,40.0,6.1,3,37.0,8,0.13,0.3,0.13,0.3,1.0,0.15,0.39,0.44,1.81,3.0,41.0,0.39,0.15,54.0,2223
1.3,1.7,1.7,3,1,1,28.0,2.6,1,23.0,3,0.15,0.23,0.15,0.23,1.0,0.09,0.26,0.26,2.03,4.0,17.0,0.26,0.09,28.0,2324
0.1,0.6,0.6,1,1,1,9.0,0.9,1,5.0,1,0.16,0.21,0.16,0.21,1.0,0.25,0.25,0.25,1.24,0.0,7.0,0.25,0.25,22.0,2021
0.0,0.1,0.1,1,1,1,7.0,0.4,1,3.0,1,0.03,0.07,0.03,0.07,1.0,0.19,0.19,0.19,0.57,0.0,8.0,0.19,0.19,28.0,2122
1.3,0.9,0.9,3,2,2,13.0,2.1,2,14.0,4,0.08,0.2,0.08,0.2,2.0,0.19,0.37,0.28,1.31,1.0,12.0,0.37,0.19,42.0,2324
0.9,0.8,0.8,5,0,0,34.0,3.2,0,18.0,5,0.03,0.14,0.03,0.14,0.0,0.0,0.21,0.21,0.76,5.0,42.0,0.21,0.0,138.0,1718
0.6,0.9,0.9,7,2,2,54.0,4.1,2,23.0,3,0.03,0.14,0.03,0.14,0.0,0.07,0.11,0.25,0.82,0.0,36.0,0.11,0.07,212.0,1819
1.0,0.8,0.8,2,1,1,39.0,1.7,1,12.0,1,0.03,0.07,0.03,0.07,5.0,0.04,0.04,0.08,0.49,0.0,43.0,0.04,0.04,149.0,2021
0.3,1.0,1.0,5,2,2,38.0,2.5,2,12.0,3,0.05,0.13,0.05,0.13,3.0,0.1,0.16,0.26,0.62,0.0,23.0,0.16,0.1,116.0,2122
0.0,0.2,0.2,1,0,0,17.0,1.1,0,5.0,0,0.01,0.06,0.01,0.06,0.0,0.0,0.0,0.05,0.26,1.0,20.0,0.0,0.0,96.0,2324
1.0,1.6,1.6,7,1,1,24.0,4.5,1,30.0,4,0.06,0.17,0.06,0.17,2.0,0.04,0.15,0.27,1.14,2.0,25.0,0.15,0.04,29.0,1819
0.7,1.0,1.0,2,0,0,22.0,1.4,0,17.0,1,0.04,0.05,0.04,0.05,1.0,0.0,0.04,0.08,0.64,4.0,14.0,0.04,0.0,7.0,1920
1.6,0.7,0.7,3,0,0,13.0,1.9,0,14.0,2,0.05,0.15,0.05,0.15,0.0,0.0,0.15,0.23,1.06,0.0,7.0,0.15,0.0,5.0,2021
1.0,1.5,1.5,4,3,3,12.0,4.5,3,6.0,7,0.05,0.16,0.05,0.16,1.0,0.11,0.25,0.14,0.21,0.0,25.0,0.25,0.11,22.0,2021
0.0,1.0,1.0,1,1,1,10.0,1.4,1,6.0,2,0.05,0.07,0.05,0.07,1.0,0.05,0.1,0.05,0.29,1.0,23.0,0.1,0.05,11.0,2122
0.3,0.7,0.7,2,0,0,14.0,1.3,0,7.0,1,0.04,0.07,0.04,0.07,1.0,0.0,0.06,0.11,0.39,1.0,12.0,0.06,0.0,4.0,2223
4.8,3.4,3.4,5,1,1,55.0,5.0,1,24.0,5,0.44,0.64,0.44,0.64,5.0,0.13,0.65,0.65,3.11,2.0,27.0,0.65,0.13,72.0,1819
0.2,4.8,4.8,11,3,3,59.0,5.6,3,33.0,4,0.85,1.0,0.85,1.0,3.0,0.54,0.72,1.98,5.93,7.0,16.0,0.72,0.54,51.0,1920
0.2,0.1,0.1,1,0,0,12.0,1.5,0,2.0,3,0.01,0.1,0.01,0.1,1.0,0.0,0.21,0.07,0.14,0.0,18.0,0.21,0.0,63.0,1718
3.8,4.6,4.6,7,3,3,28.0,4.8,3,14.0,3,0.7,0.72,0.7,0.72,6.0,0.46,0.46,1.06,2.12,1.0,19.0,0.46,0.46,43.0,2021
0.1,3.8,3.8,13,2,2,37.0,4.2,2,23.0,2,0.39,0.43,0.39,0.43,3.0,0.2,0.2,1.32,2.34,1.0,23.0,0.2,0.2,47.0,2122
1.5,0.4,0.4,2,0,0,7.0,1.2,0,3.0,1,0.13,0.35,0.13,0.35,0.0,0.0,0.29,0.58,0.87,0.0,7.0,0.29,0.0,24.0,1718
4.0,1.5,1.5,6,2,2,31.0,3.2,2,16.0,3,0.16,0.34,0.16,0.34,1.0,0.21,0.32,0.64,1.69,1.0,20.0,0.32,0.21,70.0,1819
4.9,4.0,4.0,9,4,4,61.0,8.9,4,33.0,9,0.16,0.36,0.16,0.36,16.0,0.16,0.36,0.36,1.32,2.0,63.0,0.36,0.16,194.0,1920
4.9,7.0,6.2,18,4,4,88.0,9.4,3,51.0,8,0.45,0.65,0.4,0.6,16.0,0.25,0.51,1.15,3.25,3.0,45.0,0.45,0.19,215.0,2122
5.5,4.9,4.1,11,4,4,87.0,8.2,4,37.0,6,0.32,0.58,0.27,0.53,8.0,0.26,0.39,0.71,2.39,3.0,48.0,0.39,0.26,180.0,2223
8.0,5.5,5.5,15,7,7,56.0,8.2,7,38.0,9,0.41,0.61,0.41,0.61,16.0,0.52,0.67,1.11,2.82,4.0,35.0,0.67,0.52,113.0,2324
2.3,2.8,2.0,7,5,5,49.0,6.4,4,17.0,11,0.11,0.28,0.08,0.25,7.0,0.2,0.44,0.28,0.68,2.0,62.0,0.4,0.16,136.0,2122
1.1,0.8,0.8,4,1,1,9.0,0.8,1,5.0,1,0.05,0.05,0.05,0.05,0.0,0.06,0.06,0.25,0.31,0.0,8.0,0.06,0.06,2.0,2021
1.3,1.1,1.1,3,0,0,16.0,1.2,0,12.0,0,0.04,0.04,0.04,0.04,0.0,0.0,0.0,0.1,0.4,0.0,16.0,0.0,0.0,5.0,2122
3.7,1.3,1.3,4,1,1,14.0,2.1,1,9.0,2,0.04,0.07,0.04,0.07,1.0,0.03,0.07,0.13,0.29,0.0,9.0,0.07,0.03,10.0,2223
0.1,3.7,3.7,7,4,4,17.0,3.9,4,17.0,4,0.16,0.16,0.16,0.16,1.0,0.17,0.17,0.3,0.72,2.0,5.0,0.17,0.17,2.0,2324
6.3,4.5,4.5,18,6,6,93.0,14.2,6,62.0,16,0.14,0.43,0.14,0.43,3.0,0.18,0.49,0.55,1.89,7.0,58.0,0.49,0.18,225.0,1819
2.4,4.4,4.4,21,4,4,105.0,17.2,4,52.0,18,0.16,0.61,0.16,0.61,4.0,0.14,0.64,0.75,1.85,5.0,61.0,0.64,0.14,288.0,2021
0.0,2.4,2.4,18,4,4,77.0,11.6,4,51.0,13,0.08,0.41,0.08,0.41,3.0,0.14,0.46,0.64,1.82,12.0,51.0,0.46,0.14,245.0,2122
0.7,2.4,2.4,11,3,3,62.0,9.4,3,37.0,11,0.08,0.33,0.08,0.33,2.0,0.11,0.39,0.39,1.3,6.0,50.0,0.39,0.11,230.0,2223
3.0,1.4,1.4,9,2,2,30.0,2.9,2,15.0,3,0.1,0.21,0.1,0.21,6.0,0.14,0.22,0.65,1.08,2.0,25.0,0.22,0.14,76.0,1819
6.2,3.0,3.0,9,5,5,52.0,7.1,5,42.0,10,0.16,0.39,0.16,0.39,3.0,0.28,0.55,0.5,2.31,4.0,43.0,0.55,0.28,99.0,1920
2.0,6.2,5.4,13,5,5,94.0,11.2,4,54.0,9,0.27,0.52,0.23,0.48,5.0,0.22,0.39,0.56,2.34,6.0,53.0,0.35,0.17,163.0,2021
2.7,2.0,2.0,6,2,2,24.0,3.6,2,17.0,3,0.27,0.48,0.27,0.48,2.0,0.27,0.4,0.8,2.28,1.0,19.0,0.4,0.27,40.0,2122
0.0,0.6,0.6,7,1,1,26.0,1.7,1,13.0,1,0.06,0.16,0.06,0.16,2.0,0.09,0.09,0.64,1.19,0.0,40.0,0.09,0.09,60.0,2122
0.0,0.1,0.1,1,0,0,9.0,0.3,0,2.0,0,0.01,0.02,0.01,0.02,0.0,0.0,0.0,0.06,0.12,0.0,3.0,0.0,0.0,2.0,1920
0.3,0.2,0.2,3,0,0,9.0,1.4,0,5.0,1,0.02,0.16,0.02,0.16,0.0,0.0,0.11,0.33,0.55,1.0,17.0,0.11,0.0,24.0,2223
0.0,0.3,0.3,3,0,0,8.0,1.3,0,8.0,1,0.02,0.09,0.02,0.09,0.0,0.0,0.07,0.21,0.56,3.0,18.0,0.07,0.0,28.0,2324
0.1,0.2,0.2,1,0,0,5.0,0.6,0,6.0,0,0.04,0.09,0.04,0.09,0.0,0.0,0.0,0.15,0.89,1.0,14.0,0.0,0.0,23.0,2324
1.2,7.0,6.1,37,5,5,98.0,15.5,5,84.0,12,0.21,0.49,0.19,0.47,4.0,0.15,0.36,1.12,2.53,8.0,99.0,0.36,0.15,279.0,1819
1.9,1.2,1.2,4,2,2,18.0,2.6,2,14.0,4,0.13,0.26,0.13,0.26,0.0,0.2,0.41,0.41,1.42,1.0,20.0,0.41,0.2,67.0,1920
2.6,1.9,1.9,8,1,1,43.0,4.1,1,25.0,4,0.12,0.27,0.12,0.27,0.0,0.07,0.26,0.53,1.64,3.0,27.0,0.26,0.07,92.0,2021
2.3,2.6,2.6,12,5,5,57.0,5.5,5,42.0,8,0.11,0.23,0.11,0.23,3.0,0.21,0.34,0.51,1.78,10.0,46.0,0.34,0.21,79.0,2122
0.2,0.6,0.6,4,0,0,16.0,1.2,0,10.0,2,0.03,0.05,0.03,0.05,0.0,0.0,0.08,0.16,0.41,2.0,14.0,0.08,0.0,5.0,2223
3.0,3.9,3.9,33,6,6,58.0,11.1,6,84.0,10,0.14,0.39,0.14,0.39,7.0,0.21,0.35,1.16,2.95,9.0,48.0,0.35,0.21,228.0,1819
4.2,3.0,3.0,20,6,6,33.0,8.1,6,46.0,9,0.16,0.43,0.16,0.43,2.0,0.32,0.48,1.07,2.46,3.0,34.0,0.48,0.32,122.0,1920
4.3,4.2,4.2,16,3,3,46.0,7.6,3,51.0,8,0.16,0.29,0.16,0.29,5.0,0.11,0.31,0.61,1.95,1.0,31.0,0.31,0.11,127.0,2021
1.2,4.3,4.3,17,6,6,57.0,6.9,6,55.0,8,0.15,0.24,0.15,0.24,10.0,0.21,0.27,0.58,1.88,8.0,61.0,0.27,0.21,162.0,2122
0.4,1.2,1.2,9,1,1,20.0,4.0,1,22.0,3,0.1,0.33,0.1,0.33,3.0,0.08,0.25,0.74,1.82,4.0,19.0,0.25,0.08,67.0,2223
5.9,0.4,0.4,1,1,1,9.0,0.7,1,11.0,1,0.08,0.16,0.08,0.16,2.0,0.22,0.22,0.22,2.41,2.0,11.0,0.22,0.22,24.0,2223
0.3,5.9,5.9,26,4,4,58.0,8.4,4,64.0,8,0.25,0.36,0.25,0.36,4.0,0.17,0.35,1.12,2.77,6.0,40.0,0.35,0.17,145.0,2324
1.9,2.4,2.4,7,0,0,52.0,3.5,0,23.0,0,0.15,0.23,0.15,0.23,5.0,0.0,0.0,0.46,1.5,7.0,39.0,0.0,0.0,88.0,1920
1.3,1.3,1.3,10,0,0,18.0,4.2,0,32.0,3,0.05,0.16,0.05,0.16,0.0,0.0,0.11,0.38,1.2,1.0,28.0,0.11,0.0,14.0,1819
2.5,1.3,1.3,1,0,0,19.0,3.6,0,17.0,3,0.05,0.13,0.05,0.13,0.0,0.0,0.11,0.04,0.64,2.0,27.0,0.11,0.0,32.0,1920
0.6,2.5,2.5,9,2,2,23.0,4.2,2,20.0,3,0.12,0.2,0.12,0.2,0.0,0.1,0.14,0.43,0.96,2.0,19.0,0.14,0.1,43.0,2021
1.2,0.6,0.6,2,0,0,6.0,1.1,0,8.0,0,0.03,0.06,0.03,0.06,0.0,0.0,0.0,0.12,0.48,1.0,9.0,0.0,0.0,15.0,2122
0.1,1.2,1.2,6,1,1,8.0,2.9,1,21.0,7,0.05,0.12,0.05,0.12,0.0,0.04,0.27,0.24,0.82,5.0,12.0,0.27,0.04,22.0,2324
0.1,1.5,1.5,1,0,0,16.0,1.9,0,6.0,0,0.16,0.2,0.16,0.2,1.0,0.0,0.0,0.11,0.64,1.0,5.0,0.0,0.0,3.0,1920
4.2,0.4,0.4,2,0,0,7.0,1.1,0,8.0,1,0.1,0.26,0.1,0.26,0.0,0.0,0.24,0.48,1.93,1.0,12.0,0.24,0.0,47.0,1819
0.5,4.2,3.4,13,5,5,33.0,10.2,4,40.0,11,0.24,0.64,0.2,0.59,1.0,0.29,0.63,0.75,2.31,2.0,27.0,0.58,0.23,112.0,1920
3.5,0.5,0.5,3,1,1,8.0,2.0,1,9.0,1,0.09,0.4,0.09,0.4,0.0,0.2,0.2,0.6,1.81,1.0,10.0,0.2,0.2,27.0,2021
6.0,3.5,3.5,13,4,4,40.0,8.9,4,38.0,8,0.14,0.34,0.14,0.34,1.0,0.16,0.31,0.5,1.47,4.0,34.0,0.31,0.16,175.0,2122
5.0,6.0,3.6,19,6,6,45.0,12.3,3,51.0,16,0.23,0.56,0.14,0.47,1.0,0.23,0.61,0.73,1.96,4.0,39.0,0.5,0.12,147.0,2223
2.4,1.2,1.2,3,2,2,5.0,1.2,2,4.0,2,0.24,0.25,0.24,0.25,0.0,0.41,0.41,0.61,0.81,0.0,3.0,0.41,0.41,0.0,1920
0.8,1.3,1.3,2,1,1,31.0,2.4,1,18.0,1,0.06,0.1,0.06,0.1,2.0,0.04,0.04,0.09,0.79,0.0,30.0,0.04,0.04,99.0,1920
2.7,6.4,6.3,23,4,4,50.0,9.9,4,57.0,6,0.24,0.38,0.24,0.38,2.0,0.15,0.23,0.88,2.18,9.0,36.0,0.23,0.15,62.0,1920
4.9,2.7,2.7,17,6,6,34.0,5.6,6,49.0,11,0.09,0.19,0.09,0.19,1.0,0.21,0.38,0.58,1.68,5.0,47.0,0.38,0.21,57.0,2021
2.0,4.9,4.9,19,4,4,40.0,7.1,4,48.0,8,0.22,0.31,0.22,0.31,0.0,0.17,0.34,0.81,2.04,2.0,38.0,0.34,0.17,58.0,2122
4.3,2.0,2.0,6,1,1,41.0,4.3,1,28.0,1,0.13,0.27,0.13,0.27,2.0,0.06,0.06,0.38,1.79,2.0,22.0,0.06,0.06,56.0,2223
0.6,4.3,3.5,13,4,4,36.0,5.4,3,38.0,6,0.32,0.45,0.26,0.39,0.0,0.29,0.44,0.96,2.79,9.0,13.0,0.37,0.22,43.0,2324
13.9,4.6,4.6,18,4,4,43.0,5.4,4,31.0,5,0.43,0.5,0.43,0.5,10.0,0.37,0.46,1.67,2.88,3.0,30.0,0.46,0.37,53.0,1819
6.0,13.9,12.4,38,13,13,141.0,18.1,12,76.0,19,0.46,0.65,0.41,0.6,39.0,0.43,0.63,1.26,2.51,8.0,63.0,0.6,0.4,132.0,1920
5.0,6.0,6.0,18,5,5,70.0,8.3,5,47.0,9,0.31,0.43,0.31,0.43,22.0,0.26,0.47,0.93,2.44,0.0,34.0,0.47,0.26,87.0,2021
2.9,5.0,5.0,12,5,5,53.0,5.7,5,28.0,8,0.39,0.45,0.39,0.45,9.0,0.39,0.62,0.93,2.16,2.0,25.0,0.62,0.39,49.0,2122
2.3,2.9,2.9,15,4,4,39.0,3.3,4,28.0,5,0.28,0.33,0.28,0.33,8.0,0.4,0.49,1.48,2.77,3.0,16.0,0.49,0.4,51.0,2223
10.5,8.5,6.9,24,6,6,118.0,10.2,4,69.0,10,0.31,0.43,0.25,0.37,8.0,0.22,0.36,0.87,2.5,8.0,65.0,0.29,0.15,194.0,2122
9.1,10.5,8.1,29,7,7,140.0,16.2,6,86.0,16,0.31,0.55,0.24,0.48,9.0,0.21,0.47,0.85,2.53,13.0,44.0,0.44,0.18,302.0,2223
4.6,9.1,5.9,18,7,7,132.0,12.4,3,65.0,13,0.32,0.54,0.21,0.43,13.0,0.24,0.45,0.62,2.25,4.0,49.0,0.31,0.1,253.0,2324
0.6,2.9,0.5,2,3,3,11.0,1.5,0,10.0,3,0.26,0.35,0.05,0.14,0.0,0.27,0.27,0.18,0.89,1.0,12.0,0.0,0.0,17.0,2223
0.3,11.3,9.8,33,16,16,156.0,15.8,14,99.0,24,0.39,0.6,0.34,0.55,8.0,0.55,0.83,1.14,3.41,14.0,93.0,0.76,0.48,299.0,1819
0.7,9.0,7.4,18,8,8,118.0,17.0,8,69.0,16,0.3,0.61,0.25,0.56,7.0,0.26,0.53,0.59,2.27,3.0,79.0,0.53,0.26,281.0,2021
4.7,0.7,0.7,3,0,0,19.0,1.7,0,10.0,0,0.11,0.29,0.11,0.29,1.0,0.0,0.0,0.49,1.65,1.0,19.0,0.0,0.0,49.0,2223
8.1,4.7,3.9,14,5,5,82.0,8.2,4,47.0,8,0.25,0.47,0.21,0.43,6.0,0.26,0.42,0.74,2.47,6.0,57.0,0.37,0.21,97.0,2324
5.4,4.0,4.0,14,5,5,77.0,7.4,5,31.0,11,0.16,0.3,0.16,0.3,7.0,0.2,0.45,0.57,1.25,2.0,63.0,0.45,0.2,154.0,2021
0.8,5.4,5.4,13,7,7,76.0,13.1,7,36.0,17,0.26,0.64,0.26,0.64,10.0,0.34,0.83,0.63,1.75,5.0,75.0,0.83,0.34,134.0,2122
8.9,0.8,0.8,4,1,1,35.0,4.7,1,7.0,7,0.06,0.39,0.06,0.39,1.0,0.08,0.58,0.33,0.58,1.0,40.0,0.58,0.08,86.0,2223
9.4,8.9,8.2,33,11,11,170.0,15.7,10,70.0,22,0.34,0.62,0.31,0.6,6.0,0.42,0.83,1.25,2.66,4.0,83.0,0.8,0.38,306.0,2324
2.5,11.4,10.6,20,7,7,100.0,11.5,7,54.0,10,0.63,0.68,0.58,0.63,17.0,0.39,0.55,1.1,2.97,6.0,54.0,0.55,0.39,144.0,1718
0.4,0.1,0.1,2,0,0,22.0,0.8,0,3.0,0,0.01,0.04,0.01,0.04,7.0,0.0,0.0,0.09,0.13,0.0,19.0,0.0,0.0,98.0,1718
0.1,0.9,0.9,2,0,0,21.0,2.5,0,5.0,0,0.05,0.13,0.05,0.13,4.0,0.0,0.0,0.11,0.27,1.0,30.0,0.0,0.0,109.0,1920
0.3,0.1,0.1,1,0,0,17.0,0.8,0,2.0,3,0.02,0.11,0.02,0.11,1.0,0.0,0.41,0.14,0.27,0.0,7.0,0.41,0.0,52.0,2021
0.6,0.3,0.3,1,0,0,14.0,0.4,0,2.0,0,0.06,0.09,0.06,0.09,1.0,0.0,0.0,0.2,0.4,0.0,5.0,0.0,0.0,48.0,2122
0.0,0.6,0.6,3,1,1,9.0,0.9,1,5.0,1,0.11,0.15,0.11,0.15,0.0,0.17,0.17,0.52,0.86,0.0,6.0,0.17,0.17,31.0,2223
11.0,26.6,21.0,50,21,21,198.0,24.8,15,121.0,23,0.8,0.91,0.63,0.74,29.0,0.63,0.69,1.5,3.63,11.0,94.0,0.51,0.45,283.0,2223
4.8,11.0,8.5,26,7,7,140.0,11.8,7,63.0,12,0.59,0.76,0.45,0.63,14.0,0.37,0.64,1.38,3.35,10.0,80.0,0.64,0.37,199.0,2324
0.2,0.2,0.2,1,0,0,3.0,2.1,0,7.0,2,0.01,0.12,0.01,0.12,0.0,0.0,0.12,0.06,0.41,0.0,12.0,0.12,0.0,52.0,1920
1.2,1.5,1.5,4,1,1,15.0,2.1,1,14.0,1,0.07,0.1,0.07,0.1,1.0,0.05,0.05,0.2,0.69,2.0,26.0,0.05,0.05,44.0,1920
0.4,1.2,1.2,7,3,3,7.0,1.4,3,19.0,3,0.08,0.09,0.08,0.09,0.0,0.19,0.19,0.45,1.22,1.0,18.0,0.19,0.19,21.0,2021
0.9,0.4,0.4,4,1,1,5.0,0.7,1,20.0,1,0.01,0.02,0.01,0.02,0.0,0.03,0.03,0.14,0.69,1.0,31.0,0.03,0.03,22.0,2122
0.7,0.9,0.9,2,0,0,11.0,2.6,0,24.0,2,0.03,0.08,0.03,0.08,2.0,0.0,0.06,0.06,0.76,1.0,26.0,0.06,0.0,33.0,2223
1.0,0.7,0.7,3,0,0,12.0,1.8,0,21.0,0,0.03,0.07,0.03,0.07,2.0,0.0,0.0,0.11,0.78,2.0,28.0,0.0,0.0,30.0,2324
0.9,0.5,0.5,1,1,1,23.0,3.0,1,9.0,6,0.03,0.19,0.03,0.19,10.0,0.06,0.39,0.06,0.58,0.0,22.0,0.39,0.06,139.0,2324
1.0,2.4,2.4,7,4,4,22.0,2.9,4,15.0,4,0.09,0.1,0.09,0.1,4.0,0.14,0.14,0.25,0.53,1.0,13.0,0.14,0.14,10.0,2122
1.6,1.0,1.0,2,0,0,27.0,2.1,0,18.0,2,0.04,0.08,0.04,0.08,2.0,0.0,0.07,0.07,0.67,2.0,13.0,0.07,0.0,32.0,2223
0.4,1.6,1.6,6,3,3,25.0,3.4,3,15.0,4,0.06,0.13,0.06,0.13,3.0,0.11,0.15,0.23,0.57,3.0,4.0,0.15,0.11,24.0,2324
9.9,13.9,12.4,33,21,21,179.0,18.1,19,71.0,28,0.43,0.6,0.38,0.56,23.0,0.64,0.86,1.01,2.18,4.0,58.0,0.8,0.58,256.0,1920
10.3,9.9,7.6,16,11,11,95.0,9.7,8,40.0,16,0.53,0.64,0.4,0.51,19.0,0.58,0.85,0.85,2.12,8.0,37.0,0.69,0.42,128.0,2021
0.9,10.3,9.3,28,11,11,140.0,12.5,11,53.0,14,0.33,0.43,0.3,0.4,36.0,0.35,0.45,0.9,1.71,3.0,57.0,0.45,0.35,196.0,2122
1.9,7.5,5.9,15,5,5,103.0,8.1,3,40.0,9,0.39,0.51,0.31,0.43,23.0,0.26,0.47,0.79,2.11,5.0,45.0,0.37,0.16,128.0,2223
3.4,1.9,1.9,5,1,1,49.0,2.4,1,19.0,1,0.15,0.19,0.15,0.19,11.0,0.08,0.08,0.41,1.56,3.0,21.0,0.08,0.08,76.0,2223
0.0,3.4,2.6,9,3,3,49.0,3.4,2,22.0,3,0.24,0.3,0.19,0.24,20.0,0.21,0.21,0.64,1.56,4.0,21.0,0.14,0.14,65.0,2324
1.2,0.6,0.6,4,2,2,9.0,1.1,2,14.0,4,0.05,0.09,0.05,0.09,0.0,0.16,0.32,0.32,1.12,1.0,22.0,0.32,0.16,38.0,1819
0.0,1.2,1.2,7,2,2,12.0,2.0,2,12.0,2,0.07,0.12,0.07,0.12,1.0,0.12,0.12,0.43,0.74,0.0,26.0,0.12,0.12,45.0,1920
0.0,0.0,0.0,1,0,0,0.0,0.1,0,1.0,0,0.01,0.03,0.01,0.03,0.0,0.0,0.0,0.4,0.4,0.0,4.0,0.0,0.0,4.0,2021
0.5,0.5,0.5,4,2,2,14.0,0.8,2,8.0,3,0.02,0.03,0.02,0.03,0.0,0.08,0.12,0.15,0.31,0.0,1.0,0.12,0.08,0.0,1819
1.0,0.8,0.8,4,0,0,34.0,1.8,0,15.0,1,0.03,0.08,0.03,0.08,5.0,0.0,0.04,0.17,0.64,0.0,26.0,0.04,0.0,118.0,1819
0.4,0.3,0.3,3,1,1,6.0,0.3,1,4.0,1,0.04,0.04,0.04,0.04,1.0,0.14,0.14,0.41,0.55,1.0,6.0,0.14,0.14,16.0,1718
0.4,0.4,0.4,3,0,0,14.0,1.6,0,9.0,1,0.02,0.08,0.02,0.08,0.0,0.0,0.05,0.15,0.46,1.0,16.0,0.05,0.0,19.0,1819
0.2,0.4,0.4,1,0,0,16.0,0.6,0,9.0,0,0.02,0.03,0.02,0.03,2.0,0.0,0.0,0.05,0.43,1.0,34.0,0.0,0.0,18.0,1920
1.0,0.3,0.3,2,2,2,21.0,1.1,2,5.0,3,0.03,0.12,0.03,0.12,0.0,0.22,0.33,0.22,0.54,1.0,13.0,0.33,0.22,39.0,2122
0.1,1.0,1.0,1,1,1,18.0,1.9,1,7.0,1,0.12,0.23,0.12,0.23,0.0,0.12,0.12,0.12,0.84,0.0,18.0,0.12,0.12,27.0,2223
0.3,1.1,1.1,2,1,1,43.0,3.6,1,20.0,5,0.05,0.16,0.05,0.16,8.0,0.04,0.22,0.09,0.88,1.0,72.0,0.22,0.04,145.0,2324
0.2,1.9,1.9,5,1,1,29.0,4.4,1,9.0,5,0.08,0.2,0.08,0.2,2.0,0.05,0.23,0.23,0.41,0.0,45.0,0.23,0.05,97.0,1819
0.0,0.2,0.2,1,0,0,8.0,1.3,0,3.0,2,0.04,0.3,0.04,0.3,1.0,0.0,0.48,0.24,0.72,1.0,13.0,0.48,0.0,12.0,1920
3.7,2.6,2.6,12,3,3,44.0,3.0,3,23.0,5,0.33,0.39,0.33,0.39,8.0,0.38,0.64,1.53,2.93,2.0,19.0,0.64,0.38,92.0,2021
4.3,4.2,4.2,24,8,8,79.0,12.1,8,41.0,12,0.15,0.44,0.15,0.44,3.0,0.29,0.44,0.88,1.5,7.0,41.0,0.44,0.29,227.0,2021
1.6,4.8,4.8,17,6,6,98.0,14.2,6,47.0,11,0.17,0.5,0.17,0.5,9.0,0.21,0.39,0.6,1.67,7.0,56.0,0.39,0.21,261.0,2223
4.5,1.6,1.6,10,3,3,66.0,10.8,3,28.0,12,0.06,0.42,0.06,0.42,6.0,0.12,0.46,0.38,1.07,1.0,26.0,0.46,0.12,242.0,2324
14.0,4.6,3.0,11,4,4,74.0,5.6,2,38.0,5,0.14,0.22,0.09,0.17,1.0,0.12,0.15,0.34,1.18,3.0,51.0,0.09,0.06,84.0,1920
4.4,14.0,3.8,8,13,13,89.0,6.7,2,36.0,17,0.39,0.47,0.11,0.19,1.0,0.36,0.47,0.22,1.0,7.0,53.0,0.17,0.06,57.0,2021
1.8,4.4,2.0,8,6,6,58.0,3.7,4,31.0,6,0.17,0.24,0.08,0.14,1.0,0.23,0.23,0.31,1.21,5.0,38.0,0.16,0.16,61.0,2122
2.6,3.9,3.9,11,6,6,106.0,6.1,6,26.0,9,0.3,0.47,0.3,0.47,9.0,0.46,0.69,0.84,1.99,3.0,34.0,0.69,0.46,197.0,1819
2.6,2.6,2.6,13,3,3,76.0,5.2,3,24.0,6,0.16,0.33,0.16,0.33,3.0,0.19,0.38,0.83,1.53,3.0,56.0,0.38,0.19,124.0,1920
0.9,2.6,2.6,9,2,2,81.0,8.4,2,21.0,8,0.11,0.35,0.11,0.35,7.0,0.08,0.34,0.38,0.88,2.0,73.0,0.34,0.08,138.0,2021
0.0,0.9,0.9,2,0,0,59.0,3.8,0,12.0,2,0.06,0.24,0.06,0.24,2.0,0.0,0.13,0.13,0.76,2.0,70.0,0.13,0.0,95.0,2122
0.5,2.3,2.3,6,0,0,50.0,5.1,0,23.0,4,0.11,0.24,0.11,0.24,2.0,0.0,0.19,0.29,1.09,4.0,30.0,0.19,0.0,113.0,2223
0.0,0.5,0.5,1,0,0,14.0,2.5,0,8.0,1,0.08,0.41,0.08,0.41,2.0,0.0,0.16,0.16,1.32,3.0,9.0,0.16,0.0,36.0,2324
1.6,4.1,4.1,8,3,3,56.0,8.1,3,45.0,7,0.16,0.32,0.16,0.32,4.0,0.12,0.28,0.32,1.78,2.0,55.0,0.28,0.12,99.0,1819
0.2,1.6,1.6,6,3,3,36.0,2.0,3,16.0,3,0.13,0.17,0.13,0.17,6.0,0.25,0.25,0.49,1.31,3.0,24.0,0.25,0.25,73.0,1920
2.2,1.0,1.0,4,0,0,20.0,1.6,0,9.0,2,0.11,0.18,0.11,0.18,2.0,0.0,0.21,0.42,0.96,1.0,11.0,0.21,0.0,21.0,2223
0.0,2.2,2.2,9,1,1,28.0,4.0,1,22.0,3,0.17,0.31,0.17,0.31,4.0,0.08,0.23,0.7,1.71,3.0,33.0,0.23,0.08,39.0,2324
0.0,0.6,0.6,3,1,1,26.0,2.5,1,9.0,3,0.05,0.18,0.05,0.18,4.0,0.07,0.22,0.22,0.67,0.0,21.0,0.22,0.07,57.0,2425
0.8,9.8,6.5,29,10,10,92.0,9.6,6,78.0,11,0.34,0.45,0.23,0.34,10.0,0.35,0.39,1.02,2.74,4.0,71.0,0.25,0.21,221.0,1819
0.7,0.5,0.5,2,0,0,10.0,0.7,0,6.0,0,0.14,0.19,0.14,0.19,6.0,0.0,0.0,0.51,1.54,0.0,9.0,0.0,0.0,26.0,2122
1.8,1.7,1.7,10,0,0,20.0,3.8,0,40.0,0,0.07,0.16,0.07,0.16,1.0,0.0,0.0,0.42,1.66,3.0,45.0,0.0,0.0,39.0,1920
1.3,1.8,1.8,7,1,1,15.0,3.7,1,25.0,1,0.07,0.14,0.07,0.14,1.0,0.04,0.04,0.26,0.94,1.0,29.0,0.04,0.04,33.0,2021
2.0,1.3,1.3,9,4,4,17.0,3.5,4,15.0,8,0.06,0.16,0.06,0.16,0.0,0.18,0.36,0.4,0.67,0.0,41.0,0.36,0.18,41.0,2122
0.3,0.3,0.3,1,1,1,16.0,3.1,1,11.0,3,0.01,0.09,0.01,0.09,1.0,0.03,0.09,0.03,0.34,4.0,44.0,0.09,0.03,86.0,1819
0.6,0.9,0.9,5,0,0,17.0,4.7,0,24.0,4,0.03,0.17,0.03,0.17,2.0,0.0,0.14,0.18,0.86,1.0,39.0,0.14,0.0,167.0,2122
1.0,0.6,0.6,1,0,0,8.0,1.6,0,12.0,1,0.03,0.1,0.03,0.1,0.0,0.0,0.06,0.06,0.74,0.0,23.0,0.06,0.0,52.0,2223
0.3,1.0,1.0,5,2,2,17.0,2.7,2,21.0,2,0.04,0.1,0.04,0.1,2.0,0.07,0.07,0.18,0.76,3.0,26.0,0.07,0.07,70.0,2324
0.3,0.7,0.7,3,1,1,6.0,1.0,1,6.0,1,0.14,0.2,0.14,0.2,6.0,0.2,0.2,0.59,1.18,1.0,8.0,0.2,0.2,22.0,1920
0.2,0.3,0.3,1,0,0,13.0,1.5,0,5.0,1,0.07,0.35,0.07,0.35,1.0,0.0,0.24,0.24,1.19,3.0,13.0,0.24,0.0,26.0,2021
1.8,0.2,0.2,1,0,0,15.0,0.8,0,6.0,1,0.04,0.17,0.04,0.17,0.0,0.0,0.22,0.22,1.29,0.0,6.0,0.22,0.0,21.0,2122
0.9,1.8,1.8,3,2,2,35.0,3.2,2,11.0,3,0.17,0.31,0.17,0.31,3.0,0.19,0.29,0.29,1.07,0.0,23.0,0.29,0.19,62.0,2223
0.7,0.9,0.9,5,2,2,39.0,5.2,2,14.0,6,0.06,0.35,0.06,0.35,5.0,0.13,0.4,0.34,0.94,4.0,22.0,0.4,0.13,90.0,2324
4.8,4.8,4.8,6,3,3,87.0,10.6,3,17.0,7,0.14,0.3,0.14,0.3,4.0,0.09,0.2,0.17,0.49,2.0,35.0,0.2,0.09,129.0,2021
2.4,4.8,4.8,7,3,3,66.0,8.2,3,17.0,6,0.18,0.3,0.18,0.3,6.0,0.11,0.22,0.25,0.62,2.0,37.0,0.22,0.11,121.0,2122
0.7,2.4,2.4,10,2,2,47.0,6.7,2,18.0,6,0.09,0.24,0.09,0.24,1.0,0.07,0.21,0.36,0.64,2.0,24.0,0.21,0.07,83.0,2223
0.6,0.6,0.6,5,0,0,9.0,1.2,0,10.0,0,0.1,0.2,0.1,0.2,1.0,0.0,0.0,0.84,1.67,1.0,12.0,0.0,0.0,31.0,1819
1.3,0.6,0.6,2,1,1,7.0,2.1,1,9.0,3,0.11,0.36,0.11,0.36,2.0,0.17,0.52,0.35,1.56,2.0,14.0,0.52,0.17,41.0,1920
1.0,0.3,0.3,1,0,0,11.0,0.8,0,7.0,1,0.02,0.05,0.02,0.05,1.0,0.0,0.06,0.06,0.42,0.0,15.0,0.06,0.0,59.0,2021
0.2,1.0,1.0,1,0,0,17.0,2.0,0,11.0,2,0.05,0.11,0.05,0.11,1.0,0.0,0.11,0.05,0.59,1.0,20.0,0.11,0.0,75.0,2122
1.0,1.8,1.8,5,0,0,37.0,1.9,0,19.0,0,0.28,0.3,0.28,0.3,4.0,0.0,0.0,0.79,2.99,3.0,18.0,0.0,0.0,41.0,2122
8.8,1.0,1.0,3,0,0,12.0,1.2,0,7.0,0,0.35,0.42,0.35,0.42,5.0,0.0,0.0,1.02,2.39,1.0,12.0,0.0,0.0,13.0,2324
0.2,4.4,4.4,17,4,4,33.0,6.0,4,40.0,8,0.3,0.41,0.3,0.41,0.0,0.27,0.55,1.16,2.73,5.0,43.0,0.55,0.27,82.0,1819
1.1,0.5,0.5,1,0,0,24.0,1.3,0,7.0,0,0.05,0.14,0.05,0.14,3.0,0.0,0.0,0.11,0.75,1.0,13.0,0.0,0.0,57.0,2223
0.7,1.1,1.1,5,1,1,39.0,2.2,1,15.0,1,0.08,0.16,0.08,0.16,4.0,0.07,0.07,0.36,1.07,1.0,25.0,0.07,0.07,66.0,2324
18.2,11.2,10.5,22,7,7,95.0,12.7,6,42.0,10,0.97,1.17,0.91,1.11,13.0,0.61,0.87,1.91,3.65,5.0,32.0,0.78,0.52,128.0,1819
8.7,18.2,17.4,45,14,14,171.0,20.6,14,100.0,21,0.81,0.95,0.77,0.91,19.0,0.62,0.93,2.0,4.43,7.0,48.0,0.93,0.62,203.0,1920
9.8,8.7,8.7,16,9,9,127.0,11.4,9,55.0,13,0.38,0.5,0.38,0.5,17.0,0.39,0.57,0.7,2.4,9.0,59.0,0.57,0.39,202.0,2021
13.9,9.8,9.0,20,8,8,161.0,14.7,7,63.0,16,0.47,0.74,0.43,0.71,10.0,0.38,0.77,0.96,3.02,7.0,66.0,0.72,0.34,220.0,2122
6.3,13.9,13.1,31,11,11,191.0,17.0,10,76.0,17,0.61,0.78,0.57,0.74,16.0,0.48,0.74,1.35,3.31,11.0,88.0,0.7,0.44,194.0,2223
3.0,6.3,6.3,19,4,4,139.0,10.1,4,55.0,9,0.39,0.62,0.39,0.62,16.0,0.24,0.55,1.16,3.35,5.0,61.0,0.55,0.24,155.0,2324
1.3,0.8,0.8,3,1,1,11.0,0.9,1,10.0,1,0.06,0.07,0.06,0.07,0.0,0.08,0.08,0.25,0.84,1.0,4.0,0.08,0.08,0.0,1819
1.3,1.3,1.3,4,1,1,24.0,1.4,1,17.0,1,0.06,0.06,0.06,0.06,0.0,0.04,0.04,0.17,0.73,1.0,10.0,0.04,0.04,3.0,1920
2.6,4.3,4.3,10,4,4,42.0,5.0,4,31.0,4,0.13,0.15,0.13,0.15,1.0,0.12,0.12,0.3,0.92,1.0,12.0,0.12,0.12,8.0,2324
7.3,3.3,3.3,8,2,2,41.0,5.1,2,20.0,3,0.5,0.78,0.5,0.78,1.0,0.31,0.46,1.22,3.06,2.0,22.0,0.46,0.31,62.0,2021
9.1,7.3,6.6,15,6,6,117.0,11.0,5,51.0,12,0.35,0.56,0.32,0.53,10.0,0.29,0.58,0.73,2.47,8.0,58.0,0.53,0.24,207.0,2122
6.8,9.1,9.1,30,15,15,223.0,18.2,15,79.0,20,0.29,0.59,0.29,0.59,8.0,0.48,0.65,0.97,2.55,12.0,83.0,0.65,0.48,350.0,2223
7.4,6.8,6.8,20,6,6,196.0,12.9,6,58.0,10,0.31,0.58,0.31,0.58,9.0,0.27,0.45,0.89,2.59,8.0,54.0,0.45,0.27,345.0,2324
1.0,0.9,0.9,2,1,1,16.0,0.9,1,8.0,2,0.03,0.03,0.03,0.03,0.0,0.03,0.06,0.06,0.26,0.0,14.0,0.06,0.03,1.0,1920
0.0,0.2,0.2,1,0,0,10.0,1.6,0,5.0,2,0.01,0.1,0.01,0.1,2.0,0.0,0.13,0.06,0.31,0.0,21.0,0.13,0.0,75.0,1819
2.5,6.2,3.9,18,8,8,68.0,8.2,6,68.0,12,0.23,0.39,0.14,0.3,0.0,0.29,0.44,0.66,2.51,6.0,82.0,0.37,0.22,177.0,2223
3.7,2.5,1.7,5,1,1,21.0,2.8,0,27.0,1,0.2,0.29,0.14,0.23,3.0,0.08,0.08,0.4,2.19,3.0,24.0,0.0,0.0,81.0,2324
0.8,0.7,0.7,3,0,0,53.0,3.7,0,10.0,4,0.03,0.14,0.03,0.14,3.0,0.0,0.15,0.11,0.38,1.0,33.0,0.15,0.0,166.0,2324
0.0,6.1,6.1,29,11,11,67.0,8.7,11,62.0,15,0.24,0.34,0.24,0.34,4.0,0.43,0.59,1.14,2.43,3.0,64.0,0.59,0.43,88.0,2223
1.5,0.6,0.6,2,0,0,11.0,1.3,0,6.0,0,0.05,0.1,0.05,0.1,0.0,0.0,0.0,0.16,0.47,1.0,18.0,0.0,0.0,37.0,2122
0.9,1.5,1.5,5,1,1,33.0,4.8,1,19.0,4,0.05,0.17,0.05,0.17,0.0,0.04,0.14,0.18,0.67,5.0,30.0,0.14,0.04,84.0,2324
1.0,3.0,3.0,13,5,5,57.0,5.5,5,32.0,8,0.11,0.21,0.11,0.21,1.0,0.19,0.31,0.5,1.23,0.0,67.0,0.31,0.19,124.0,2021
1.2,1.0,1.0,2,1,1,44.0,1.8,1,15.0,2,0.07,0.12,0.07,0.12,1.0,0.06,0.13,0.13,0.97,1.0,43.0,0.13,0.06,59.0,2122
0.3,1.2,1.2,8,2,2,22.0,2.3,2,18.0,3,0.15,0.29,0.15,0.29,1.0,0.25,0.38,1.0,2.26,2.0,11.0,0.38,0.25,16.0,2223
0.1,0.3,0.3,2,1,1,11.0,0.9,1,5.0,3,0.08,0.23,0.08,0.23,1.0,0.25,0.74,0.49,1.23,0.0,11.0,0.74,0.25,25.0,2324
9.1,11.8,11.0,31,16,16,127.0,16.0,15,76.0,18,0.59,0.84,0.55,0.8,13.0,0.8,0.9,1.55,3.8,4.0,34.0,0.85,0.75,217.0,1718
4.0,9.1,8.3,31,8,8,92.0,11.3,7,75.0,11,0.46,0.61,0.42,0.57,15.0,0.4,0.55,1.56,3.78,5.0,24.0,0.5,0.35,205.0,1819
5.8,4.0,4.0,12,2,2,45.0,5.7,2,34.0,4,0.33,0.47,0.33,0.47,5.0,0.17,0.33,0.99,2.81,4.0,24.0,0.33,0.17,118.0,1920
1.3,2.3,2.3,5,2,2,17.0,3.5,2,14.0,4,0.76,1.15,0.76,1.15,0.0,0.66,1.32,1.65,4.63,3.0,5.0,1.32,0.66,20.0,2021
0.0,1.3,1.3,9,4,4,30.0,3.3,4,21.0,6,0.12,0.3,0.12,0.3,2.0,0.37,0.55,0.83,1.94,3.0,14.0,0.55,0.37,46.0,2122
5.9,1.8,1.8,11,4,4,45.0,5.5,4,27.0,8,0.1,0.31,0.1,0.31,2.0,0.23,0.46,0.63,1.54,1.0,36.0,0.46,0.23,96.0,1819
0.8,5.9,3.5,15,7,7,49.0,6.7,4,37.0,9,0.38,0.59,0.23,0.43,3.0,0.45,0.58,0.97,2.39,4.0,49.0,0.39,0.26,77.0,1920
0.9,3.2,3.2,8,2,2,71.0,6.9,2,28.0,6,0.11,0.24,0.11,0.24,9.0,0.07,0.21,0.28,1.0,4.0,56.0,0.21,0.07,153.0,2223
0.9,0.9,0.9,4,1,1,18.0,2.0,1,9.0,2,0.09,0.19,0.09,0.19,4.0,0.1,0.19,0.38,0.86,0.0,19.0,0.19,0.1,38.0,2324
11.1,2.8,2.8,11,2,2,41.0,5.5,2,43.0,7,0.13,0.25,0.13,0.25,1.0,0.09,0.31,0.49,1.93,1.0,90.0,0.31,0.09,155.0,1920
3.5,11.1,4.0,8,11,11,57.0,10.6,4,43.0,16,0.42,0.66,0.15,0.4,2.0,0.41,0.6,0.3,1.62,3.0,76.0,0.34,0.15,123.0,2021
0.0,3.5,2.7,14,3,3,42.0,5.0,2,40.0,5,0.19,0.31,0.14,0.27,5.0,0.16,0.27,0.75,2.15,5.0,65.0,0.22,0.11,121.0,2122
0.6,6.3,5.5,12,6,6,72.0,8.6,5,34.0,7,0.36,0.54,0.32,0.49,10.0,0.34,0.4,0.69,1.95,2.0,49.0,0.34,0.29,123.0,2021
8.3,9.8,9.8,27,11,11,134.0,15.6,11,86.0,15,0.3,0.49,0.3,0.49,7.0,0.34,0.47,0.84,2.67,6.0,89.0,0.47,0.34,246.0,1819
11.4,8.3,8.3,22,6,6,117.0,12.1,6,64.0,11,0.33,0.49,0.33,0.49,7.0,0.24,0.44,0.89,2.57,8.0,95.0,0.44,0.24,216.0,1920
11.8,14.9,13.3,32,12,12,164.0,18.4,10,84.0,20,0.49,0.66,0.44,0.61,21.0,0.4,0.66,1.06,2.77,16.0,92.0,0.59,0.33,211.0,2122
1.7,11.8,11.0,39,13,13,153.0,16.9,13,74.0,16,0.42,0.63,0.4,0.61,7.0,0.47,0.57,1.4,2.66,6.0,69.0,0.57,0.47,196.0,2223
7.7,1.7,1.7,6,2,2,24.0,1.9,2,11.0,2,0.62,0.69,0.62,0.69,0.0,0.72,0.72,2.17,3.98,3.0,11.0,0.72,0.72,20.0,2223
11.7,7.7,6.1,22,5,5,101.0,7.9,4,62.0,7,0.36,0.45,0.29,0.37,4.0,0.24,0.33,1.04,2.93,4.0,27.0,0.28,0.19,161.0,2324
2.7,5.0,5.0,10,4,4,75.0,8.4,4,28.0,5,0.27,0.45,0.27,0.45,2.0,0.22,0.27,0.54,1.51,3.0,42.0,0.27,0.22,172.0,1920
5.7,2.7,2.7,10,3,3,72.0,5.8,3,25.0,5,0.15,0.34,0.15,0.34,5.0,0.17,0.29,0.58,1.45,3.0,58.0,0.29,0.17,191.0,2021
0.8,5.7,5.7,11,4,4,96.0,8.2,4,30.0,7,0.27,0.39,0.27,0.39,15.0,0.19,0.33,0.52,1.42,3.0,77.0,0.33,0.19,236.0,2122
2.1,2.6,2.6,6,0,0,40.0,5.4,0,32.0,3,0.11,0.23,0.11,0.23,1.0,0.0,0.13,0.25,1.35,1.0,24.0,0.13,0.0,78.0,1819
0.3,2.1,2.1,6,2,2,28.0,3.7,2,29.0,8,0.11,0.19,0.11,0.19,1.0,0.1,0.41,0.31,1.49,4.0,25.0,0.41,0.1,45.0,2122
0.3,0.3,0.3,1,0,0,9.0,1.0,0,5.0,2,0.03,0.12,0.03,0.12,0.0,0.0,0.24,0.12,0.6,0.0,15.0,0.24,0.0,28.0,2223
0.0,0.3,0.3,1,0,0,10.0,0.5,0,6.0,0,0.05,0.09,0.05,0.09,0.0,0.0,0.0,0.18,1.08,1.0,5.0,0.0,0.0,18.0,2223
1.1,2.2,2.2,4,1,1,12.0,3.1,1,22.0,2,0.16,0.22,0.16,0.22,0.0,0.07,0.14,0.29,1.59,1.0,15.0,0.14,0.07,10.0,1819
0.2,1.1,1.1,4,1,1,11.0,1.2,1,19.0,2,0.05,0.06,0.05,0.06,3.0,0.05,0.1,0.2,0.95,1.0,26.0,0.1,0.05,11.0,1920
0.1,0.2,0.2,2,0,0,5.0,0.6,0,5.0,0,0.02,0.09,0.02,0.09,0.0,0.0,0.0,0.29,0.74,0.0,3.0,0.0,0.0,4.0,2021
0.7,0.4,0.4,1,1,1,6.0,1.3,1,15.0,3,0.02,0.06,0.02,0.06,0.0,0.05,0.14,0.05,0.72,0.0,29.0,0.14,0.05,7.0,2122
0.5,0.4,0.4,1,0,0,13.0,0.9,0,8.0,0,0.02,0.06,0.02,0.06,2.0,0.0,0.0,0.06,0.49,1.0,20.0,0.0,0.0,25.0,2324
7.0,0.7,0.7,3,1,1,15.0,0.8,1,6.0,1,0.25,0.28,0.25,0.28,2.0,0.37,0.37,1.12,2.24,1.0,12.0,0.37,0.37,29.0,2021
0.4,7.0,7.0,21,8,8,97.0,11.2,8,52.0,10,0.39,0.63,0.39,0.63,21.0,0.45,0.56,1.17,2.91,4.0,76.0,0.56,0.45,124.0,2122
4.6,3.0,3.0,14,2,2,67.0,5.4,2,27.0,4,0.27,0.48,0.27,0.48,17.0,0.18,0.36,1.25,2.41,2.0,46.0,0.36,0.18,75.0,2223
2.6,3.0,3.0,8,3,3,40.0,4.8,3,30.0,3,0.1,0.16,0.1,0.16,2.0,0.1,0.1,0.26,0.99,3.0,52.0,0.1,0.1,67.0,1819
2.6,2.6,2.6,15,4,4,74.0,3.3,4,36.0,4,0.08,0.1,0.08,0.1,1.0,0.12,0.12,0.46,1.1,2.0,43.0,0.12,0.12,99.0,1920
2.0,2.6,2.6,9,2,2,44.0,3.9,2,31.0,2,0.08,0.12,0.08,0.12,0.0,0.06,0.06,0.28,0.95,4.0,38.0,0.06,0.06,59.0,2021
2.2,2.0,2.0,2,1,1,39.0,3.9,1,22.0,4,0.11,0.21,0.11,0.21,0.0,0.05,0.22,0.11,1.2,1.0,29.0,0.22,0.05,55.0,2122
8.0,1.2,1.2,4,1,1,50.0,2.7,1,8.0,2,0.22,0.49,0.22,0.49,4.0,0.18,0.36,0.72,1.43,0.0,8.0,0.36,0.18,84.0,1718
6.3,8.0,8.0,22,10,10,127.0,12.1,10,60.0,15,0.35,0.53,0.35,0.53,34.0,0.44,0.65,0.96,2.61,1.0,67.0,0.65,0.44,193.0,1819
1.4,6.3,5.5,20,4,4,133.0,9.6,3,63.0,9,0.27,0.45,0.24,0.41,18.0,0.17,0.39,0.86,2.7,8.0,67.0,0.34,0.13,170.0,1920
6.9,1.4,1.4,9,1,1,46.0,2.5,1,17.0,2,0.21,0.38,0.21,0.38,11.0,0.15,0.3,1.35,2.56,0.0,21.0,0.3,0.15,73.0,2021
5.1,6.9,6.1,33,13,13,177.0,13.3,12,77.0,18,0.24,0.49,0.21,0.46,33.0,0.45,0.62,1.14,2.65,8.0,100.0,0.58,0.41,259.0,2122
0.7,2.0,1.2,5,1,1,12.0,1.6,0,18.0,2,0.15,0.18,0.09,0.12,0.0,0.08,0.15,0.38,1.35,2.0,10.0,0.08,0.0,23.0,1819
2.3,0.7,0.7,3,0,0,7.0,3.5,0,21.0,4,0.04,0.17,0.04,0.17,0.0,0.0,0.19,0.14,1.0,1.0,23.0,0.19,0.0,16.0,2122
1.8,2.3,2.3,18,1,1,28.0,8.5,1,47.0,7,0.08,0.28,0.08,0.28,2.0,0.03,0.23,0.59,1.55,5.0,27.0,0.23,0.03,52.0,2223
1.1,1.8,1.8,9,0,0,13.0,5.8,0,45.0,3,0.06,0.19,0.06,0.19,0.0,0.0,0.1,0.3,1.51,5.0,18.0,0.1,0.0,29.0,2324
15.3,12.0,11.2,32,8,8,118.0,15.1,8,70.0,9,0.47,0.62,0.44,0.59,21.0,0.31,0.35,1.24,2.72,10.0,72.0,0.35,0.31,201.0,1819
18.9,15.3,13.7,32,18,18,140.0,20.5,17,87.0,23,0.5,0.73,0.45,0.67,16.0,0.59,0.75,1.05,2.85,8.0,90.0,0.72,0.56,261.0,1920
7.4,18.9,11.1,36,23,23,154.0,18.5,13,87.0,30,0.63,0.88,0.37,0.62,19.0,0.77,1.01,1.21,2.93,8.0,91.0,0.67,0.44,233.0,2021
9.0,7.4,5.8,13,9,9,70.0,10.7,8,36.0,12,0.56,0.93,0.44,0.81,8.0,0.68,0.91,0.98,2.72,2.0,30.0,0.83,0.6,95.0,2122
9.7,9.0,7.5,19,7,7,67.0,10.1,6,41.0,10,0.66,0.86,0.55,0.74,13.0,0.51,0.73,1.39,3.0,4.0,32.0,0.66,0.44,108.0,2223
4.2,9.7,7.3,18,10,10,125.0,12.6,8,60.0,16,0.39,0.61,0.3,0.51,17.0,0.41,0.65,0.73,2.44,7.0,49.0,0.57,0.33,199.0,2324
0.4,1.6,1.6,2,1,1,29.0,2.1,1,19.0,1,0.07,0.09,0.07,0.09,1.0,0.04,0.04,0.09,0.82,4.0,8.0,0.04,0.04,4.0,2122
1.4,2.3,2.3,5,3,3,17.0,2.4,3,13.0,4,0.08,0.08,0.08,0.08,4.0,0.1,0.14,0.17,0.44,2.0,6.0,0.14,0.1,5.0,2021
3.7,1.1,1.1,9,1,1,23.0,2.6,1,24.0,1,0.1,0.22,0.1,0.22,0.0,0.08,0.08,0.76,2.03,2.0,34.0,0.08,0.08,75.0,1920
2.4,3.7,3.7,18,5,5,54.0,8.6,5,46.0,9,0.19,0.44,0.19,0.44,5.0,0.24,0.44,0.88,2.25,3.0,56.0,0.44,0.24,132.0,2122
0.6,2.4,2.4,14,1,1,38.0,3.1,1,30.0,2,0.23,0.3,0.23,0.3,3.0,0.1,0.19,1.33,2.86,3.0,31.0,0.19,0.1,83.0,2223
2.0,0.6,0.6,5,0,0,11.0,0.9,0,14.0,0,0.14,0.21,0.14,0.21,0.0,0.0,0.0,1.15,3.21,2.0,15.0,0.0,0.0,20.0,2324
4.9,2.8,2.8,7,3,3,57.0,5.5,3,39.0,6,0.1,0.21,0.1,0.21,4.0,0.11,0.22,0.26,1.45,2.0,37.0,0.22,0.11,104.0,1819
3.5,9.4,8.6,22,7,7,117.0,11.3,7,56.0,11,0.37,0.48,0.34,0.45,18.0,0.28,0.44,0.87,2.22,2.0,74.0,0.44,0.28,166.0,1920
2.1,0.5,0.5,1,1,1,8.0,0.6,1,5.0,1,0.05,0.07,0.05,0.07,0.0,0.1,0.1,0.1,0.52,0.0,8.0,0.1,0.1,1.0,2021
1.5,2.1,2.1,6,0,0,46.0,3.2,0,28.0,2,0.06,0.1,0.06,0.1,1.0,0.0,0.06,0.18,0.84,5.0,19.0,0.06,0.0,5.0,2122
0.3,1.5,1.5,7,1,1,18.0,1.6,1,14.0,2,0.09,0.09,0.09,0.09,0.0,0.06,0.11,0.4,0.8,1.0,11.0,0.11,0.06,3.0,2223
0.6,0.3,0.3,4,2,2,12.0,1.4,2,8.0,3,0.01,0.05,0.01,0.05,3.0,0.07,0.1,0.14,0.28,1.0,34.0,0.1,0.07,127.0,2021
2.7,3.3,3.3,14,3,3,48.0,5.8,3,44.0,8,0.22,0.39,0.22,0.39,4.0,0.2,0.54,0.94,2.96,9.0,34.0,0.54,0.2,87.0,1920
4.7,2.7,2.7,11,3,3,37.0,5.7,3,44.0,5,0.11,0.23,0.11,0.23,7.0,0.12,0.2,0.44,1.76,3.0,36.0,0.2,0.12,91.0,2021
4.3,4.7,4.7,14,4,4,73.0,7.1,4,46.0,8,0.19,0.28,0.19,0.28,2.0,0.16,0.32,0.56,1.83,5.0,37.0,0.32,0.16,94.0,2122
5.7,4.3,4.3,14,5,5,69.0,7.4,5,49.0,6,0.2,0.35,0.2,0.35,2.0,0.24,0.28,0.66,2.31,7.0,23.0,0.28,0.24,91.0,2223
4.3,1.3,1.3,5,2,2,18.0,1.5,2,11.0,2,0.45,0.53,0.45,0.53,1.0,0.68,0.68,1.7,3.75,0.0,8.0,0.68,0.68,13.0,1920
7.2,4.3,4.3,12,6,6,54.0,6.4,6,24.0,6,0.31,0.47,0.31,0.47,4.0,0.44,0.44,0.88,1.75,0.0,36.0,0.44,0.44,99.0,2021
3.5,7.2,7.2,25,10,10,113.0,10.9,10,71.0,14,0.24,0.36,0.24,0.36,4.0,0.33,0.46,0.82,2.33,5.0,88.0,0.46,0.33,178.0,2122
0.0,3.5,3.5,16,2,2,55.0,4.8,2,41.0,4,0.35,0.47,0.35,0.47,1.0,0.2,0.4,1.58,4.05,5.0,31.0,0.4,0.2,88.0,2223
4.0,5.9,4.5,24,5,5,90.0,8.5,5,60.0,8,0.33,0.56,0.25,0.48,5.0,0.28,0.45,1.36,3.41,7.0,33.0,0.45,0.28,139.0,2324
2.0,1.3,1.3,2,0,0,22.0,2.3,0,12.0,1,0.06,0.11,0.06,0.11,0.0,0.0,0.05,0.09,0.57,2.0,8.0,0.05,0.0,5.0,1920
1.8,2.0,2.0,5,0,0,37.0,3.2,0,25.0,4,0.06,0.1,0.06,0.1,0.0,0.0,0.12,0.15,0.75,4.0,17.0,0.12,0.0,18.0,2021
1.2,1.8,1.8,10,1,1,32.0,2.3,1,25.0,1,0.05,0.07,0.05,0.07,1.0,0.03,0.03,0.29,0.72,2.0,23.0,0.03,0.03,7.0,2122
1.6,1.2,1.2,1,1,1,14.0,1.6,1,8.0,1,0.05,0.07,0.05,0.07,0.0,0.04,0.04,0.04,0.32,0.0,10.0,0.04,0.04,4.0,2223
0.8,0.2,0.2,1,0,0,6.0,0.2,0,2.0,0,0.12,0.12,0.12,0.12,0.0,0.0,0.0,0.78,1.57,0.0,0.0,0.0,0.0,1.0,1920
0.9,1.0,1.0,2,0,0,11.0,1.0,0,13.0,0,0.06,0.06,0.06,0.06,0.0,0.0,0.0,0.12,0.77,0.0,16.0,0.0,0.0,2.0,2021
0.5,0.5,0.5,1,0,0,7.0,0.7,0,7.0,1,0.03,0.04,0.03,0.04,0.0,0.0,0.06,0.06,0.41,1.0,6.0,0.06,0.0,5.0,2223
1.1,0.5,0.5,2,0,0,13.0,0.8,0,11.0,0,0.02,0.03,0.02,0.03,0.0,0.0,0.0,0.07,0.41,0.0,16.0,0.0,0.0,10.0,2324
2.4,2.2,2.2,14,6,6,45.0,3.6,6,30.0,8,0.19,0.31,0.19,0.31,5.0,0.52,0.7,1.22,2.62,0.0,41.0,0.7,0.52,110.0,1819
1.2,2.4,1.6,7,2,2,25.0,2.8,1,15.0,2,0.36,0.55,0.24,0.43,2.0,0.31,0.31,1.07,2.29,3.0,14.0,0.15,0.15,41.0,1920
4.0,1.2,1.2,8,3,3,24.0,1.7,3,23.0,3,0.16,0.23,0.16,0.23,2.0,0.4,0.4,1.08,3.1,3.0,22.0,0.4,0.4,57.0,1920
7.1,4.0,3.2,15,5,5,74.0,6.2,5,47.0,11,0.19,0.34,0.15,0.3,8.0,0.24,0.53,0.72,2.27,10.0,71.0,0.53,0.24,130.0,2021
5.0,7.1,5.5,26,12,12,139.0,11.7,10,65.0,19,0.23,0.44,0.18,0.38,14.0,0.39,0.62,0.85,2.14,9.0,93.0,0.56,0.33,270.0,2122
0.7,5.0,4.2,13,5,5,103.0,6.7,4,50.0,7,0.18,0.28,0.15,0.25,9.0,0.18,0.26,0.48,1.84,4.0,79.0,0.22,0.15,188.0,2223
0.0,0.2,0.2,2,0,0,15.0,1.2,0,5.0,1,0.03,0.15,0.03,0.15,0.0,0.0,0.13,0.26,0.65,0.0,8.0,0.13,0.0,65.0,2021
0.6,1.3,0.5,5,4,4,19.0,1.8,3,13.0,5,0.15,0.31,0.06,0.22,3.0,0.48,0.6,0.6,1.57,1.0,17.0,0.48,0.36,42.0,2324
4.9,0.6,0.6,4,1,1,5.0,1.1,1,9.0,1,0.35,0.62,0.35,0.62,0.0,0.56,0.56,2.24,5.03,0.0,5.0,0.56,0.56,5.0,2324
9.8,2.5,2.5,5,1,1,31.0,2.7,1,24.0,1,0.56,0.6,0.56,0.6,10.0,0.22,0.22,1.11,5.35,5.0,11.0,0.22,0.22,21.0,1819
9.7,9.8,8.2,22,11,11,111.0,9.8,9,59.0,11,0.5,0.57,0.42,0.49,24.0,0.55,0.55,1.11,2.98,4.0,52.0,0.45,0.45,126.0,1920
4.8,9.7,8.8,28,8,8,160.0,12.5,8,75.0,10,0.34,0.47,0.31,0.44,34.0,0.28,0.35,0.98,2.63,7.0,64.0,0.35,0.28,169.0,2021
1.4,4.8,4.1,10,3,3,67.0,5.1,2,34.0,4,0.36,0.44,0.3,0.38,15.0,0.22,0.3,0.75,2.54,5.0,21.0,0.22,0.15,63.0,2324
2.6,5.3,5.3,13,5,5,57.0,6.7,5,40.0,7,0.21,0.27,0.21,0.27,2.0,0.2,0.28,0.52,1.6,6.0,11.0,0.28,0.2,20.0,1819
2.7,2.6,2.6,5,1,1,37.0,3.4,1,21.0,1,0.09,0.11,0.09,0.11,4.0,0.03,0.03,0.16,0.69,4.0,8.0,0.03,0.03,14.0,1920
1.9,2.5,2.5,5,1,1,30.0,4.1,1,22.0,3,0.08,0.13,0.08,0.13,2.0,0.03,0.09,0.16,0.69,4.0,16.0,0.09,0.03,19.0,2223
1.7,1.9,1.9,7,4,4,28.0,3.0,4,19.0,5,0.06,0.1,0.06,0.1,0.0,0.13,0.16,0.22,0.6,2.0,4.0,0.16,0.13,13.0,2324
11.0,7.8,6.2,16,8,8,61.0,8.9,6,45.0,10,0.52,0.69,0.41,0.59,10.0,0.53,0.67,1.07,3.0,3.0,43.0,0.53,0.4,87.0,2021
2.5,11.0,10.2,36,16,16,89.0,12.2,15,78.0,16,0.46,0.54,0.43,0.51,10.0,0.67,0.67,1.51,3.27,5.0,74.0,0.63,0.63,149.0,2122
0.1,6.5,6.5,26,12,12,93.0,10.5,12,60.0,18,0.4,0.65,0.4,0.65,9.0,0.74,1.11,1.61,3.72,3.0,72.0,1.11,0.74,167.0,2324
3.4,1.2,1.2,3,2,2,10.0,1.2,2,4.0,2,0.59,0.6,0.59,0.6,4.0,0.97,0.97,1.45,1.94,0.0,6.0,0.97,0.97,12.0,2425
0.5,1.0,1.0,5,0,0,23.0,2.6,0,17.0,0,0.08,0.22,0.08,0.22,2.0,0.0,0.0,0.43,1.45,5.0,22.0,0.0,0.0,71.0,1920
4.1,0.2,0.2,2,0,0,14.0,1.0,0,4.0,1,0.05,0.25,0.05,0.25,0.0,0.0,0.25,0.51,1.01,0.0,7.0,0.25,0.0,24.0,1920
1.7,4.1,4.1,12,4,4,96.0,9.2,4,38.0,9,0.18,0.42,0.18,0.42,4.0,0.18,0.41,0.55,1.73,3.0,54.0,0.41,0.18,215.0,2021
4.3,1.7,1.7,6,2,2,20.0,3.3,2,11.0,3,0.35,0.68,0.35,0.68,1.0,0.41,0.62,1.23,2.26,0.0,12.0,0.62,0.41,32.0,2122
0.3,4.3,3.5,11,7,7,46.0,4.8,6,24.0,9,0.62,0.81,0.51,0.69,1.0,1.01,1.3,1.58,3.46,3.0,13.0,1.15,0.86,57.0,2223
0.2,0.8,0.8,2,0,0,15.0,1.6,0,8.0,0,0.27,0.52,0.27,0.52,1.0,0.0,0.0,0.64,2.57,3.0,8.0,0.0,0.0,19.0,2324
0.2,1.5,1.5,4,1,1,21.0,2.0,1,13.0,2,0.07,0.09,0.07,0.09,1.0,0.05,0.09,0.18,0.59,2.0,9.0,0.09,0.05,6.0,1819
0.5,0.2,0.2,1,1,1,2.0,0.2,1,1.0,1,0.09,0.09,0.09,0.09,0.0,0.45,0.45,0.45,0.45,0.0,1.0,0.45,0.45,0.0,1920
1.4,2.0,2.0,4,2,2,32.0,2.4,2,17.0,4,0.08,0.09,0.08,0.09,6.0,0.08,0.15,0.15,0.66,0.0,20.0,0.15,0.08,34.0,2223
0.1,1.4,1.4,6,1,1,41.0,2.5,1,19.0,4,0.05,0.09,0.05,0.09,4.0,0.04,0.14,0.21,0.67,6.0,22.0,0.14,0.04,33.0,2324
1.1,1.6,1.6,13,1,1,25.0,2.5,1,24.0,1,0.1,0.16,0.1,0.16,1.0,0.06,0.06,0.8,1.48,2.0,23.0,0.06,0.06,116.0,2021
0.2,1.1,1.1,10,0,0,26.0,5.6,0,30.0,5,0.05,0.26,0.05,0.26,3.0,0.0,0.23,0.46,1.37,2.0,23.0,0.23,0.0,114.0,2122
1.1,0.2,0.2,3,0,0,9.0,1.0,0,7.0,2,0.03,0.13,0.03,0.13,0.0,0.0,0.26,0.38,0.89,1.0,13.0,0.26,0.0,50.0,2223
1.2,1.1,1.1,4,1,1,16.0,2.5,1,13.0,2,0.13,0.29,0.13,0.29,0.0,0.12,0.23,0.47,1.53,1.0,14.0,0.23,0.12,46.0,2223
0.9,1.2,1.2,2,0,0,36.0,2.6,0,24.0,3,0.06,0.14,0.06,0.14,2.0,0.0,0.16,0.11,1.26,2.0,16.0,0.16,0.0,94.0,2324
8.2,2.8,2.8,14,4,4,30.0,4.6,4,38.0,7,0.14,0.24,0.14,0.24,0.0,0.2,0.35,0.71,1.93,4.0,34.0,0.35,0.2,56.0,1718
0.0,8.2,5.0,25,9,9,100.0,9.0,7,60.0,13,0.31,0.46,0.19,0.34,1.0,0.34,0.49,0.94,2.25,6.0,69.0,0.41,0.26,125.0,1819
0.6,1.4,1.4,5,1,1,21.0,2.4,1,15.0,2,0.14,0.23,0.14,0.23,0.0,0.1,0.19,0.48,1.43,1.0,21.0,0.19,0.1,34.0,2021
2.4,1.1,1.1,6,1,1,40.0,3.5,1,18.0,2,0.1,0.32,0.1,0.32,3.0,0.09,0.18,0.54,1.63,2.0,25.0,0.18,0.09,71.0,2122
0.6,2.4,2.4,7,2,2,42.0,5.6,2,30.0,5,0.19,0.45,0.19,0.45,4.0,0.16,0.4,0.56,2.4,4.0,31.0,0.4,0.16,70.0,2223
4.8,0.6,0.6,6,2,2,19.0,2.5,2,13.0,4,0.1,0.45,0.1,0.45,1.0,0.36,0.71,1.07,2.31,2.0,12.0,0.71,0.36,29.0,2324
3.1,2.7,2.7,13,3,3,94.0,7.4,3,31.0,7,0.07,0.2,0.07,0.2,4.0,0.08,0.19,0.36,0.86,6.0,21.0,0.19,0.08,182.0,2223
11.8,11.2,11.2,26,6,6,119.0,13.5,6,66.0,9,0.41,0.5,0.41,0.5,15.0,0.22,0.33,0.95,2.42,9.0,99.0,0.33,0.22,173.0,1819
7.7,11.8,11.8,30,12,12,126.0,14.1,12,87.0,15,0.36,0.43,0.36,0.43,23.0,0.37,0.46,0.92,2.68,5.0,112.0,0.46,0.37,189.0,1920
0.0,7.7,7.7,13,6,6,77.0,9.1,6,43.0,8,0.4,0.47,0.4,0.47,18.0,0.31,0.41,0.67,2.22,4.0,57.0,0.41,0.31,81.0,2021
1.4,10.3,9.5,32,17,17,142.0,12.7,17,69.0,22,0.35,0.46,0.32,0.43,34.0,0.58,0.75,1.09,2.34,7.0,136.0,0.75,0.58,259.0,2122
3.4,1.4,1.4,8,4,4,25.0,2.5,4,14.0,5,0.3,0.56,0.3,0.56,1.0,0.89,1.11,1.77,3.1,1.0,27.0,1.11,0.89,34.0,2223
2.6,3.4,3.4,12,1,1,56.0,3.9,1,35.0,1,0.38,0.44,0.38,0.44,6.0,0.11,0.11,1.35,3.94,4.0,25.0,0.11,0.11,76.0,2324
0.0,1.7,1.7,9,1,1,39.0,2.7,1,28.0,3,0.07,0.11,0.07,0.11,4.0,0.04,0.12,0.35,1.1,5.0,30.0,0.12,0.04,100.0,2122
2.2,2.4,1.6,2,1,1,27.0,3.6,1,14.0,3,0.34,0.63,0.23,0.52,2.0,0.14,0.43,0.29,2.0,5.0,15.0,0.43,0.14,47.0,2324
0.0,0.4,0.4,1,1,1,1.0,0.5,1,2.0,1,0.08,0.11,0.08,0.11,0.0,0.21,0.21,0.21,0.43,0.0,3.0,0.21,0.21,8.0,2223
0.5,4.0,4.0,8,2,2,45.0,6.4,2,42.0,5,0.13,0.21,0.13,0.2,1.0,0.06,0.16,0.26,1.34,3.0,72.0,0.16,0.06,68.0,2122
0.0,0.1,0.1,1,0,0,7.0,0.2,0,2.0,0,0.01,0.02,0.01,0.02,0.0,0.0,0.0,0.09,0.19,0.0,12.0,0.0,0.0,41.0,1920
0.6,0.2,0.2,2,1,1,25.0,3.4,1,7.0,5,0.01,0.17,0.01,0.17,0.0,0.05,0.25,0.1,0.34,0.0,18.0,0.25,0.05,114.0,2021
0.1,0.6,0.6,1,0,0,23.0,1.5,0,9.0,2,0.05,0.13,0.05,0.13,2.0,0.0,0.17,0.08,0.76,1.0,18.0,0.17,0.0,80.0,2122
0.6,0.2,0.2,2,0,0,7.0,0.6,0,3.0,0,0.01,0.05,0.01,0.05,2.0,0.0,0.0,0.17,0.25,1.0,11.0,0.0,0.0,36.0,2324
2.4,11.4,8.1,17,13,13,90.0,9.4,9,50.0,14,0.41,0.46,0.29,0.34,38.0,0.47,0.5,0.61,1.79,3.0,82.0,0.36,0.32,136.0,1819
3.3,1.2,1.2,3,2,2,11.0,3.4,2,13.0,6,0.06,0.18,0.06,0.18,0.0,0.11,0.32,0.16,0.69,0.0,19.0,0.32,0.11,37.0,1819
0.8,3.3,3.3,11,4,4,43.0,6.2,4,30.0,6,0.17,0.32,0.17,0.32,1.0,0.21,0.31,0.57,1.56,5.0,31.0,0.31,0.21,108.0,2021
1.7,2.9,2.9,8,4,4,35.0,3.9,4,22.0,5,0.15,0.2,0.15,0.2,0.0,0.2,0.25,0.4,1.11,6.0,24.0,0.25,0.2,35.0,1819
0.7,1.7,1.7,5,0,0,33.0,2.8,0,21.0,1,0.09,0.15,0.09,0.15,2.0,0.0,0.05,0.27,1.13,1.0,21.0,0.05,0.0,36.0,1920
3.2,0.7,0.7,3,0,0,3.0,1.0,0,7.0,1,0.08,0.13,0.08,0.13,0.0,0.0,0.12,0.37,0.86,1.0,6.0,0.12,0.0,7.0,2021
0.0,3.2,3.2,9,5,5,24.0,3.4,5,16.0,5,0.22,0.23,0.22,0.23,3.0,0.35,0.35,0.62,1.11,4.0,14.0,0.35,0.35,15.0,2122
0.2,3.5,3.5,6,4,4,24.0,5.0,4,14.0,5,0.28,0.4,0.28,0.4,0.0,0.32,0.4,0.48,1.12,1.0,14.0,0.4,0.32,12.0,2223
1.9,0.2,0.2,1,0,0,7.0,0.4,0,6.0,1,0.03,0.07,0.03,0.07,0.0,0.0,0.16,0.16,0.97,1.0,7.0,0.16,0.0,8.0,2223
3.7,3.1,2.3,7,2,2,28.0,4.3,1,17.0,3,0.23,0.37,0.17,0.31,3.0,0.15,0.22,0.51,1.24,1.0,24.0,0.15,0.07,21.0,1920
4.2,3.7,3.7,9,7,7,32.0,5.2,7,27.0,8,0.18,0.25,0.18,0.25,1.0,0.34,0.39,0.44,1.31,4.0,30.0,0.39,0.34,56.0,2021
3.0,4.2,2.6,9,7,7,27.0,3.7,5,20.0,9,0.22,0.28,0.14,0.19,2.0,0.37,0.48,0.48,1.06,5.0,31.0,0.37,0.27,39.0,2122
2.0,3.0,2.3,10,4,4,35.0,4.0,3,23.0,7,0.15,0.23,0.11,0.19,3.0,0.19,0.34,0.49,1.12,5.0,37.0,0.29,0.15,37.0,2223
0.8,0.3,0.3,1,1,1,17.0,2.2,1,5.0,3,0.02,0.18,0.02,0.18,4.0,0.08,0.25,0.08,0.42,1.0,14.0,0.25,0.08,78.0,2122
0.1,0.8,0.8,1,0,0,33.0,2.9,0,8.0,3,0.04,0.17,0.04,0.17,11.0,0.0,0.18,0.06,0.47,0.0,23.0,0.18,0.0,87.0,2223
0.4,1.0,1.0,2,0,0,3.0,1.1,0,2.0,0,0.31,0.33,0.31,0.33,0.0,0.0,0.0,0.6,0.6,0.0,7.0,0.0,0.0,2.0,1920
0.4,0.4,0.4,1,0,0,18.0,1.1,0,10.0,1,0.02,0.05,0.02,0.05,0.0,0.0,0.05,0.05,0.48,1.0,26.0,0.05,0.0,27.0,2021
0.0,0.1,0.1,1,0,0,5.0,0.4,0,3.0,0,0.02,0.08,0.02,0.08,0.0,0.0,0.0,0.2,0.59,1.0,9.0,0.0,0.0,9.0,2223
0.0,4.7,4.7,21,5,5,89.0,11.7,5,61.0,14,0.17,0.43,0.17,0.43,10.0,0.18,0.52,0.77,2.25,4.0,67.0,0.52,0.18,263.0,1718
1.0,2.1,2.1,14,5,5,64.0,4.8,5,35.0,8,0.13,0.29,0.13,0.29,7.0,0.31,0.49,0.86,2.15,3.0,40.0,0.49,0.31,147.0,1819
3.7,1.0,1.0,9,2,2,33.0,2.2,2,23.0,4,0.07,0.16,0.07,0.16,6.0,0.14,0.28,0.64,1.64,1.0,36.0,0.28,0.14,117.0,1920
6.4,3.7,3.7,15,5,5,76.0,7.7,5,51.0,10,0.14,0.3,0.14,0.3,4.0,0.2,0.39,0.59,2.01,5.0,53.0,0.39,0.2,154.0,2021
1.2,6.4,4.7,24,11,11,88.0,8.7,10,67.0,17,0.22,0.36,0.16,0.3,5.0,0.38,0.59,0.83,2.31,6.0,99.0,0.55,0.35,245.0,2122
3.2,2.3,2.3,8,3,3,42.0,3.8,3,26.0,5,0.22,0.36,0.22,0.36,3.0,0.28,0.47,0.76,2.46,4.0,33.0,0.47,0.28,88.0,2324
8.1,2.5,2.5,7,3,3,27.0,3.4,3,19.0,4,0.57,0.79,0.57,0.79,2.0,0.69,0.92,1.62,4.38,2.0,15.0,0.92,0.69,39.0,1819
1.6,8.1,7.4,17,7,7,85.0,11.0,6,50.0,10,0.57,0.82,0.52,0.77,10.0,0.49,0.7,1.19,3.51,5.0,63.0,0.63,0.42,98.0,1920
3.5,1.6,1.6,8,1,1,32.0,2.7,1,22.0,2,0.19,0.32,0.19,0.32,10.0,0.12,0.24,0.96,2.64,5.0,33.0,0.24,0.12,44.0,2021
1.9,3.5,1.9,7,3,3,28.0,2.1,2,27.0,3,0.61,0.63,0.33,0.36,3.0,0.52,0.52,1.22,4.71,1.0,18.0,0.35,0.35,43.0,2122
5.4,3.2,3.2,10,4,4,53.0,4.8,4,27.0,6,0.26,0.39,0.26,0.39,4.0,0.32,0.48,0.8,2.17,3.0,42.0,0.48,0.32,97.0,1819
4.2,5.4,5.4,22,9,9,76.0,7.1,9,37.0,10,0.29,0.38,0.29,0.38,7.0,0.48,0.53,1.18,1.98,4.0,71.0,0.53,0.48,138.0,1920
0.5,4.2,3.4,10,7,7,54.0,4.7,6,19.0,10,0.27,0.35,0.22,0.3,7.0,0.45,0.64,0.64,1.22,1.0,52.0,0.58,0.38,98.0,2021
11.6,6.1,6.1,17,6,6,74.0,7.1,6,51.0,7,0.39,0.45,0.39,0.45,16.0,0.38,0.44,1.08,3.23,6.0,40.0,0.44,0.38,93.0,2223
6.7,11.6,10.8,28,14,14,110.0,13.2,14,63.0,19,0.47,0.57,0.44,0.54,11.0,0.57,0.77,1.14,2.56,2.0,62.0,0.77,0.57,102.0,2324
0.9,0.5,0.5,3,1,1,19.0,1.5,1,11.0,3,0.02,0.05,0.02,0.05,0.0,0.03,0.1,0.1,0.38,1.0,28.0,0.1,0.03,33.0,1920
1.4,0.9,0.9,7,1,1,9.0,2.3,1,21.0,3,0.03,0.08,0.03,0.08,1.0,0.04,0.11,0.25,0.75,3.0,20.0,0.11,0.04,31.0,2021
1.8,4.7,4.7,14,7,7,106.0,9.9,7,40.0,14,0.14,0.3,0.14,0.3,5.0,0.21,0.42,0.42,1.2,4.0,35.0,0.42,0.21,175.0,2223
0.9,1.8,1.8,14,3,3,17.0,4.5,3,45.0,3,0.06,0.15,0.06,0.15,0.0,0.1,0.1,0.45,1.44,6.0,31.0,0.1,0.1,53.0,2324
11.7,1.9,1.9,3,0,0,23.0,3.0,0,11.0,1,0.42,0.68,0.42,0.68,1.0,0.0,0.23,0.68,2.5,2.0,25.0,0.23,0.0,32.0,2122
4.9,11.7,7.0,19,10,10,98.0,8.6,6,54.0,13,0.47,0.54,0.28,0.34,15.0,0.4,0.52,0.77,2.18,7.0,95.0,0.36,0.24,160.0,2223
1.9,1.2,1.2,8,1,1,28.0,2.7,1,28.0,2,0.08,0.18,0.08,0.18,2.0,0.07,0.13,0.53,1.87,7.0,27.0,0.13,0.07,54.0,2122
2.9,1.9,1.9,9,2,2,25.0,2.5,2,30.0,3,0.13,0.18,0.13,0.18,0.0,0.14,0.21,0.63,2.1,1.0,16.0,0.21,0.14,59.0,2223
1.0,2.9,2.9,10,3,3,31.0,5.7,3,30.0,6,0.17,0.35,0.17,0.35,3.0,0.18,0.36,0.61,1.82,2.0,30.0,0.36,0.18,69.0,2324
6.3,1.8,1.8,5,3,3,30.0,2.7,3,20.0,4,0.09,0.14,0.09,0.14,5.0,0.15,0.2,0.25,0.99,4.0,26.0,0.2,0.15,33.0,2021
2.5,6.3,6.3,12,8,8,60.0,7.3,8,37.0,9,0.23,0.27,0.23,0.27,2.0,0.3,0.33,0.45,1.37,3.0,53.0,0.33,0.3,72.0,2122
3.8,2.5,2.5,5,1,1,39.0,3.6,1,24.0,2,0.16,0.22,0.16,0.22,2.0,0.06,0.12,0.31,1.49,2.0,24.0,0.12,0.06,46.0,2223
0.0,3.8,3.8,8,4,4,36.0,6.6,4,26.0,9,0.16,0.28,0.16,0.28,1.0,0.17,0.38,0.34,1.09,4.0,32.0,0.38,0.17,60.0,2324
3.1,8.1,8.1,23,11,11,89.0,10.7,11,47.0,14,0.31,0.41,0.31,0.41,8.0,0.42,0.54,0.88,1.81,5.0,59.0,0.54,0.42,246.0,1819
2.1,3.1,2.3,8,3,3,32.0,3.8,2,20.0,6,0.29,0.42,0.22,0.35,4.0,0.28,0.55,0.73,1.84,3.0,25.0,0.46,0.18,70.0,1920
4.0,2.1,2.1,9,3,3,45.0,3.2,3,22.0,6,0.14,0.21,0.14,0.21,5.0,0.2,0.4,0.61,1.48,1.0,33.0,0.4,0.2,82.0,2021
3.5,4.0,4.0,10,2,2,48.0,5.6,2,27.0,4,0.26,0.37,0.26,0.37,3.0,0.13,0.26,0.66,1.78,3.0,39.0,0.26,0.13,94.0,2122
1.0,3.5,3.5,10,2,2,34.0,4.0,2,16.0,3,0.27,0.31,0.27,0.31,6.0,0.15,0.23,0.77,1.23,1.0,28.0,0.23,0.15,75.0,2223
0.8,0.5,0.5,3,0,0,24.0,1.6,0,15.0,2,0.04,0.12,0.04,0.12,0.0,0.0,0.15,0.22,1.09,3.0,19.0,0.15,0.0,85.0,2324
3.9,5.9,5.9,18,4,4,91.0,7.2,4,44.0,4,0.35,0.43,0.35,0.43,29.0,0.24,0.24,1.06,2.6,5.0,54.0,0.24,0.24,111.0,1819
9.1,2.1,2.1,6,4,4,25.0,2.2,4,13.0,4,0.44,0.46,0.44,0.46,0.0,0.85,0.85,1.27,2.76,1.0,5.0,0.85,0.85,14.0,1718
5.2,9.1,6.7,18,6,6,126.0,8.1,5,56.0,7,0.41,0.47,0.3,0.37,9.0,0.27,0.32,0.81,2.53,6.0,38.0,0.27,0.23,76.0,1819
2.5,5.2,5.1,13,1,1,60.0,5.9,1,37.0,3,0.39,0.44,0.38,0.44,4.0,0.07,0.22,0.96,2.75,6.0,26.0,0.22,0.07,57.0,1920
2.6,2.5,2.5,7,3,3,39.0,3.6,3,26.0,5,0.22,0.32,0.22,0.32,2.0,0.27,0.45,0.63,2.34,0.0,28.0,0.45,0.27,30.0,2021
2.3,0.7,0.7,3,1,1,7.0,0.7,1,12.0,1,0.06,0.07,0.06,0.07,2.0,0.1,0.1,0.29,1.15,0.0,10.0,0.1,0.1,10.0,1920
1.0,2.3,2.3,9,1,1,25.0,3.0,1,30.0,1,0.07,0.1,0.07,0.1,0.0,0.03,0.03,0.28,0.94,2.0,25.0,0.03,0.03,12.0,2021
1.2,1.0,1.0,8,1,1,11.0,1.6,1,21.0,3,0.04,0.06,0.04,0.06,2.0,0.04,0.11,0.28,0.75,3.0,25.0,0.11,0.04,14.0,2122
0.7,1.2,1.2,6,1,1,18.0,1.6,1,22.0,1,0.04,0.05,0.04,0.05,1.0,0.03,0.03,0.19,0.69,2.0,17.0,0.03,0.03,18.0,2223
0.2,0.7,0.7,7,2,2,19.0,1.4,2,18.0,2,0.03,0.07,0.03,0.07,4.0,0.1,0.1,0.34,0.88,4.0,20.0,0.1,0.1,18.0,2324
0.0,0.9,0.9,2,0,0,14.0,1.0,0,6.0,0,0.14,0.14,0.14,0.14,0.0,0.0,0.0,0.29,0.86,0.0,6.0,0.0,0.0,27.0,1819
0.0,2.5,2.5,4,2,2,28.0,3.5,2,15.0,4,0.11,0.16,0.11,0.16,1.0,0.09,0.18,0.18,0.67,5.0,5.0,0.18,0.09,1.0,1819
0.6,2.2,2.2,6,5,5,25.0,2.7,5,15.0,6,0.09,0.12,0.09,0.12,1.0,0.22,0.26,0.26,0.65,0.0,9.0,0.26,0.22,4.0,2021
1.6,0.6,0.6,2,0,0,17.0,1.0,0,7.0,0,0.03,0.05,0.03,0.05,1.0,0.0,0.0,0.1,0.34,1.0,10.0,0.0,0.0,2.0,2122
0.4,1.6,1.6,6,3,3,25.0,1.7,3,16.0,3,0.06,0.07,0.06,0.07,0.0,0.13,0.13,0.25,0.67,2.0,9.0,0.13,0.13,0.0,2223
0.9,0.4,0.4,5,1,1,13.0,0.9,1,11.0,1,0.02,0.05,0.02,0.05,1.0,0.05,0.05,0.25,0.56,2.0,9.0,0.05,0.05,5.0,2324
1.3,0.4,0.4,2,0,0,5.0,0.9,0,9.0,0,0.07,0.15,0.07,0.15,0.0,0.0,0.0,0.33,1.51,1.0,4.0,0.0,0.0,12.0,2324
4.0,10.7,6.7,29,13,13,99.0,13.6,11,81.0,19,0.31,0.51,0.19,0.39,3.0,0.38,0.55,0.84,2.34,10.0,78.0,0.49,0.32,144.0,1819
6.5,4.0,3.2,12,2,2,50.0,7.4,1,45.0,5,0.14,0.29,0.11,0.26,2.0,0.07,0.18,0.42,1.58,12.0,41.0,0.14,0.04,73.0,1920
8.8,7.6,6.8,20,9,9,102.0,9.2,8,52.0,12,0.29,0.39,0.26,0.36,13.0,0.35,0.47,0.78,2.02,7.0,85.0,0.43,0.31,159.0,2021
17.7,8.8,7.2,21,11,11,88.0,10.0,9,49.0,12,0.51,0.68,0.42,0.59,15.0,0.64,0.7,1.23,2.86,4.0,69.0,0.58,0.53,132.0,2122
3.4,1.8,1.8,9,3,3,41.0,4.1,3,23.0,5,0.1,0.23,0.1,0.23,0.0,0.17,0.28,0.5,1.27,4.0,37.0,0.28,0.17,89.0,2223
3.3,3.4,2.7,14,3,3,30.0,3.9,2,38.0,4,0.13,0.18,0.1,0.15,1.0,0.12,0.16,0.55,1.48,1.0,37.0,0.12,0.08,88.0,2324
0.1,0.9,0.9,5,2,2,13.0,1.4,2,11.0,2,0.07,0.1,0.07,0.1,0.0,0.14,0.14,0.36,0.78,2.0,19.0,0.14,0.14,28.0,2122
7.8,5.2,5.2,25,3,3,82.0,11.4,3,102.0,9,0.16,0.36,0.16,0.36,4.0,0.09,0.28,0.78,3.18,10.0,69.0,0.28,0.09,196.0,1819
4.8,7.8,7.0,33,9,9,87.0,14.9,8,100.0,18,0.26,0.52,0.23,0.5,1.0,0.3,0.6,1.1,3.33,6.0,64.0,0.57,0.27,193.0,1920
5.9,4.8,4.0,22,4,4,73.0,13.1,3,82.0,13,0.16,0.48,0.14,0.45,4.0,0.14,0.45,0.76,2.82,14.0,76.0,0.41,0.1,193.0,2021
3.1,5.9,3.5,15,7,7,43.0,12.2,4,62.0,19,0.22,0.53,0.13,0.44,0.0,0.25,0.69,0.54,2.25,11.0,43.0,0.58,0.15,126.0,2122
10.1,3.1,2.3,16,3,3,26.0,7.3,2,55.0,9,0.12,0.31,0.09,0.28,2.0,0.11,0.34,0.61,2.09,5.0,32.0,0.3,0.08,68.0,2223
0.6,3.4,3.4,19,4,4,52.0,6.3,4,52.0,7,0.23,0.43,0.23,0.43,5.0,0.27,0.48,1.3,3.55,4.0,45.0,0.48,0.27,142.0,2122
1.4,2.0,2.0,9,0,0,41.0,5.3,0,29.0,2,0.06,0.16,0.06,0.16,5.0,0.0,0.06,0.27,0.88,4.0,40.0,0.06,0.0,142.0,1819
1.5,1.2,1.2,5,1,1,42.0,4.4,1,23.0,2,0.04,0.13,0.04,0.13,2.0,0.03,0.06,0.15,0.69,2.0,29.0,0.06,0.03,236.0,2021
0.5,1.9,1.9,9,1,1,64.0,4.4,1,30.0,5,0.07,0.16,0.07,0.16,3.0,0.04,0.18,0.32,1.07,5.0,26.0,0.18,0.04,162.0,2223
5.2,2.9,2.9,12,2,2,46.0,5.9,2,44.0,4,0.12,0.23,0.12,0.23,7.0,0.08,0.16,0.48,1.75,5.0,46.0,0.16,0.08,93.0,1819
4.1,5.2,5.2,23,4,4,62.0,7.1,4,46.0,5,0.3,0.41,0.3,0.41,6.0,0.23,0.29,1.32,2.64,6.0,34.0,0.29,0.23,110.0,1920
5.7,4.1,4.1,14,5,5,61.0,7.5,5,43.0,7,0.2,0.38,0.2,0.38,3.0,0.25,0.35,0.7,2.16,2.0,55.0,0.35,0.25,120.0,2021
0.9,5.7,5.7,22,7,7,88.0,9.3,7,51.0,9,0.29,0.47,0.29,0.47,4.0,0.35,0.46,1.12,2.59,2.0,45.0,0.46,0.35,134.0,2122
0.2,1.0,1.0,4,0,0,24.0,2.7,0,8.0,3,0.15,0.41,0.15,0.41,1.0,0.0,0.46,0.61,1.22,0.0,16.0,0.46,0.0,36.0,2223
7.9,0.9,0.9,3,0,0,12.0,1.6,0,10.0,0,0.2,0.37,0.2,0.37,1.0,0.0,0.0,0.71,2.36,1.0,7.0,0.0,0.0,19.0,2324
0.4,0.5,0.5,2,0,0,2.0,0.9,0,4.0,0,0.07,0.14,0.07,0.14,0.0,0.0,0.0,0.3,0.61,0.0,7.0,0.0,0.0,12.0,1819
0.4,0.4,0.4,2,1,1,11.0,0.5,1,7.0,2,0.04,0.05,0.04,0.05,0.0,0.1,0.2,0.2,0.71,1.0,13.0,0.2,0.1,10.0,1920
0.0,0.4,0.4,1,0,0,2.0,0.4,0,4.0,0,0.11,0.11,0.11,0.11,0.0,0.0,0.0,0.28,1.14,1.0,6.0,0.0,0.0,1.0,2021
0.5,0.1,0.1,2,0,0,3.0,0.1,0,3.0,0,0.02,0.02,0.02,0.02,0.0,0.0,0.0,0.33,0.5,0.0,5.0,0.0,0.0,32.0,1819
0.1,0.5,0.5,1,1,1,14.0,1.5,1,10.0,1,0.03,0.09,0.03,0.09,0.0,0.06,0.06,0.06,0.62,1.0,24.0,0.06,0.06,52.0,1920
0.0,1.4,1.4,1,0,0,20.0,2.0,0,13.0,0,0.11,0.16,0.11,0.16,1.0,0.0,0.0,0.08,1.05,1.0,19.0,0.0,0.0,29.0,2223
0.2,1.8,1.8,7,3,3,48.0,4.3,3,16.0,5,0.12,0.28,0.12,0.28,2.0,0.2,0.33,0.46,1.04,0.0,43.0,0.33,0.2,102.0,2021
1.4,0.2,0.2,2,0,0,6.0,0.6,0,6.0,0,0.07,0.17,0.07,0.17,0.0,0.0,0.0,0.59,1.76,0.0,10.0,0.0,0.0,17.0,2122
0.0,0.1,0.1,1,0,0,0.0,0.1,0,1.0,0,0.09,0.09,0.09,0.09,1.0,0.0,0.0,1.32,1.32,0.0,1.0,0.0,0.0,4.0,2122
0.0,0.0,0.0,1,1,1,3.0,0.4,1,1.0,1,0.02,0.27,0.02,0.27,1.0,0.68,0.68,0.68,0.68,0.0,7.0,0.68,0.68,10.0,2324
2.3,5.2,5.2,10,5,5,95.0,10.1,5,29.0,10,0.16,0.31,0.16,0.31,5.0,0.15,0.3,0.3,0.88,2.0,36.0,0.3,0.15,243.0,1819
3.2,2.3,2.3,3,0,0,69.0,6.8,0,19.0,4,0.09,0.26,0.09,0.26,7.0,0.0,0.15,0.11,0.73,3.0,28.0,0.15,0.0,216.0,1920
1.4,3.2,3.2,13,2,2,67.0,5.0,2,27.0,3,0.16,0.25,0.16,0.25,3.0,0.1,0.15,0.66,1.38,5.0,28.0,0.15,0.1,159.0,2021
1.3,1.4,1.4,2,0,0,39.0,2.3,0,17.0,0,0.09,0.15,0.09,0.15,3.0,0.0,0.0,0.13,1.1,2.0,21.0,0.0,0.0,121.0,2122
0.4,0.3,0.3,3,0,0,22.0,2.4,0,11.0,1,0.03,0.19,0.03,0.19,0.0,0.0,0.08,0.24,0.89,2.0,8.0,0.08,0.0,71.0,2324
0.1,0.4,0.4,1,1,1,4.0,0.5,1,5.0,1,0.07,0.07,0.07,0.07,0.0,0.15,0.15,0.15,0.77,0.0,11.0,0.15,0.15,2.0,2223
1.3,0.1,0.1,1,0,0,9.0,0.9,0,4.0,0,0.0,0.04,0.0,0.04,0.0,0.0,0.0,0.04,0.16,1.0,33.0,0.0,0.0,27.0,2122
0.1,1.3,0.5,2,2,2,15.0,1.1,1,9.0,2,0.04,0.06,0.02,0.04,0.0,0.07,0.07,0.07,0.3,0.0,37.0,0.03,0.03,37.0,2223
0.3,1.9,1.9,7,3,3,50.0,6.0,3,20.0,7,0.06,0.19,0.06,0.19,4.0,0.09,0.22,0.22,0.63,3.0,44.0,0.22,0.09,107.0,2223
0.2,0.3,0.3,2,0,0,10.0,1.4,0,9.0,2,0.02,0.09,0.02,0.09,0.0,0.0,0.14,0.14,0.61,0.0,19.0,0.14,0.0,40.0,2324
12.5,14.4,11.3,42,17,17,142.0,15.3,13,98.0,21,0.54,0.68,0.42,0.57,10.0,0.63,0.78,1.56,3.64,8.0,80.0,0.63,0.48,194.0,1819
21.4,18.6,15.4,49,17,17,170.0,24.5,13,129.0,26,0.52,0.77,0.43,0.68,16.0,0.47,0.72,1.36,3.59,16.0,97.0,0.61,0.36,212.0,2122
0.3,1.9,1.9,10,1,1,42.0,2.1,1,23.0,1,0.07,0.07,0.07,0.07,1.0,0.04,0.04,0.36,0.82,5.0,13.0,0.04,0.04,5.0,2122
1.8,2.0,2.0,3,2,2,36.0,3.3,2,20.0,4,0.11,0.18,0.11,0.18,6.0,0.11,0.22,0.16,1.09,1.0,9.0,0.22,0.11,2.0,2324
0.0,1.6,1.6,5,1,1,12.0,3.2,1,8.0,4,0.1,0.2,0.1,0.2,0.0,0.06,0.25,0.31,0.49,2.0,7.0,0.25,0.06,34.0,2324
3.4,2.0,2.0,4,2,2,37.0,2.9,2,18.0,5,0.16,0.24,0.16,0.24,2.0,0.16,0.41,0.33,1.47,3.0,23.0,0.41,0.16,87.0,2223
4.2,3.4,3.4,13,4,4,53.0,6.8,4,40.0,10,0.19,0.38,0.19,0.38,5.0,0.22,0.56,0.72,2.22,4.0,32.0,0.56,0.22,130.0,2324
0.5,1.0,1.0,2,1,1,8.0,1.3,1,9.0,1,0.06,0.07,0.06,0.07,2.0,0.06,0.06,0.11,0.51,1.0,16.0,0.06,0.06,19.0,1819
0.1,0.5,0.5,2,0,0,4.0,1.5,0,14.0,0,0.02,0.06,0.02,0.06,0.0,0.0,0.0,0.08,0.57,1.0,26.0,0.0,0.0,18.0,1920
0.1,0.1,0.1,1,0,0,0.0,0.2,0,4.0,0,0.01,0.02,0.01,0.02,0.0,0.0,0.0,0.1,0.42,0.0,6.0,0.0,0.0,1.0,2021
0.6,0.1,0.1,1,0,0,2.0,1.6,0,3.0,1,0.01,0.16,0.01,0.16,0.0,0.0,0.1,0.1,0.3,1.0,16.0,0.1,0.0,18.0,2122
8.1,3.9,3.9,10,1,1,78.0,5.6,1,40.0,3,0.35,0.51,0.35,0.51,2.0,0.09,0.27,0.9,3.59,5.0,29.0,0.27,0.09,115.0,1819
5.9,8.1,8.1,28,6,6,121.0,12.2,6,61.0,14,0.35,0.53,0.35,0.53,4.0,0.26,0.6,1.21,2.64,6.0,59.0,0.6,0.26,221.0,1920
5.6,5.9,5.9,25,9,9,96.0,7.5,9,56.0,13,0.27,0.35,0.27,0.35,1.0,0.42,0.6,1.16,2.59,8.0,58.0,0.6,0.42,163.0,2021
8.9,5.6,5.6,24,6,6,130.0,10.2,6,66.0,16,0.24,0.44,0.24,0.44,10.0,0.26,0.69,1.03,2.83,4.0,58.0,0.69,0.26,237.0,2122
3.6,8.9,8.9,34,13,13,133.0,12.0,13,72.0,14,0.3,0.4,0.3,0.4,9.0,0.43,0.46,1.13,2.39,9.0,75.0,0.46,0.43,257.0,2223
7.2,3.6,3.6,12,5,5,60.0,6.8,5,27.0,8,0.4,0.76,0.4,0.76,2.0,0.56,0.9,1.35,3.03,3.0,12.0,0.9,0.56,79.0,2324
2.1,0.8,0.8,1,0,0,19.0,1.4,0,10.0,0,0.21,0.37,0.21,0.37,0.0,0.0,0.0,0.26,2.6,4.0,8.0,0.0,0.0,38.0,2122
2.7,2.1,2.1,12,1,1,50.0,5.6,1,36.0,3,0.12,0.31,0.12,0.31,2.0,0.06,0.17,0.67,2.01,5.0,26.0,0.17,0.06,129.0,2223
1.8,2.7,2.7,16,3,3,71.0,6.2,3,49.0,9,0.18,0.42,0.18,0.42,1.0,0.2,0.6,1.07,3.26,3.0,15.0,0.6,0.2,122.0,2324
1.9,0.9,0.9,1,0,0,10.0,1.4,0,9.0,0,0.09,0.13,0.09,0.13,0.0,0.0,0.0,0.1,0.87,1.0,16.0,0.0,0.0,17.0,1819
1.4,1.9,1.9,7,2,2,19.0,2.5,2,31.0,2,0.1,0.13,0.1,0.13,3.0,0.11,0.11,0.37,1.63,0.0,36.0,0.11,0.11,82.0,1920
0.2,1.4,1.4,4,2,2,43.0,3.9,2,27.0,3,0.04,0.12,0.04,0.12,1.0,0.06,0.09,0.12,0.82,2.0,48.0,0.09,0.06,214.0,2021
1.9,1.1,1.1,1,0,0,12.0,1.9,0,13.0,0,0.17,0.32,0.17,0.32,3.0,0.0,0.0,0.17,2.15,1.0,6.0,0.0,0.0,45.0,2122
0.9,1.9,1.9,8,1,1,30.0,4.8,1,26.0,2,0.08,0.19,0.08,0.19,6.0,0.04,0.08,0.32,1.05,2.0,34.0,0.08,0.04,94.0,2324
0.1,7.0,4.6,13,7,7,58.0,9.3,5,51.0,9,0.31,0.51,0.2,0.41,4.0,0.31,0.4,0.58,2.26,5.0,56.0,0.31,0.22,114.0,1819
0.3,2.3,2.3,11,2,2,47.0,6.1,2,33.0,6,0.12,0.32,0.12,0.32,5.0,0.11,0.32,0.58,1.74,5.0,58.0,0.32,0.11,131.0,2021
0.4,0.9,0.9,4,0,0,52.0,3.1,0,18.0,5,0.05,0.18,0.05,0.18,1.0,0.0,0.29,0.23,1.06,3.0,20.0,0.29,0.0,121.0,1819
0.8,0.4,0.4,2,1,1,22.0,0.8,1,7.0,1,0.03,0.06,0.03,0.06,1.0,0.08,0.08,0.16,0.54,1.0,14.0,0.08,0.08,70.0,1920
0.5,0.8,0.8,5,1,1,47.0,3.2,1,15.0,3,0.03,0.14,0.03,0.14,1.0,0.04,0.13,0.22,0.65,2.0,24.0,0.13,0.04,142.0,2021
0.0,0.5,0.5,2,0,0,41.0,2.7,0,10.0,2,0.02,0.12,0.02,0.12,2.0,0.0,0.09,0.09,0.45,0.0,26.0,0.09,0.0,103.0,2122
0.3,5.0,5.0,14,6,6,77.0,11.2,6,49.0,10,0.28,0.62,0.28,0.62,3.0,0.33,0.55,0.77,2.69,4.0,50.0,0.55,0.33,144.0,1819
10.9,5.7,5.7,17,9,9,67.0,8.7,9,43.0,14,0.34,0.51,0.34,0.51,1.0,0.53,0.82,1.0,2.53,4.0,37.0,0.82,0.53,96.0,1920
3.9,10.9,10.1,33,13,13,140.0,17.7,12,81.0,23,0.37,0.63,0.34,0.6,10.0,0.43,0.75,1.08,2.66,8.0,49.0,0.72,0.39,225.0,2021
2.8,3.9,3.9,16,5,5,66.0,9.0,5,55.0,11,0.14,0.33,0.14,0.33,5.0,0.18,0.4,0.58,1.98,9.0,58.0,0.4,0.18,139.0,2122
3.6,2.8,2.8,6,3,3,38.0,4.9,3,35.0,5,0.13,0.22,0.13,0.22,0.0,0.14,0.23,0.27,1.59,5.0,44.0,0.23,0.14,74.0,2223
1.5,3.6,3.6,6,2,2,64.0,8.1,2,39.0,10,0.12,0.26,0.12,0.26,3.0,0.06,0.32,0.19,1.26,2.0,39.0,0.32,0.06,127.0,2324
0.0,0.3,0.3,3,1,1,12.0,0.8,1,8.0,1,0.05,0.11,0.05,0.11,0.0,0.15,0.15,0.44,1.19,0.0,4.0,0.15,0.15,33.0,2324
3.4,1.3,1.3,8,0,0,24.0,3.7,0,35.0,4,0.05,0.14,0.05,0.14,4.0,0.0,0.15,0.3,1.3,1.0,29.0,0.15,0.0,62.0,1920
0.6,3.4,2.6,8,7,7,26.0,5.3,6,32.0,10,0.14,0.25,0.11,0.22,1.0,0.29,0.41,0.33,1.32,5.0,39.0,0.37,0.25,85.0,2021
2.8,0.6,0.6,4,0,0,13.0,0.9,0,10.0,0,0.08,0.11,0.08,0.11,2.0,0.0,0.0,0.53,1.32,0.0,16.0,0.0,0.0,20.0,2122
0.4,0.2,0.2,1,0,0,2.0,0.2,0,4.0,0,0.03,0.04,0.03,0.04,0.0,0.0,0.0,0.2,0.79,1.0,10.0,0.0,0.0,4.0,2021
1.1,2.2,2.2,9,3,3,27.0,4.1,3,16.0,5,0.11,0.21,0.11,0.21,6.0,0.16,0.26,0.47,0.83,0.0,38.0,0.26,0.16,70.0,2021
0.9,1.1,1.1,5,3,3,39.0,3.8,3,16.0,5,0.06,0.21,0.06,0.21,4.0,0.17,0.28,0.28,0.89,2.0,41.0,0.28,0.17,101.0,2122
3.3,0.9,0.9,9,1,1,25.0,2.8,1,21.0,3,0.04,0.14,0.04,0.14,0.0,0.05,0.14,0.43,1.01,1.0,27.0,0.14,0.05,55.0,2223
2.7,3.3,3.3,6,2,2,45.0,5.1,2,29.0,2,0.19,0.29,0.19,0.29,1.0,0.11,0.11,0.33,1.62,5.0,31.0,0.11,0.11,58.0,2324
0.0,0.1,0.1,1,0,0,7.0,0.5,0,2.0,0,0.02,0.07,0.02,0.07,0.0,0.0,0.0,0.13,0.26,0.0,8.0,0.0,0.0,28.0,1920
0.9,0.8,0.8,7,1,1,11.0,2.9,1,21.0,2,0.03,0.1,0.03,0.1,3.0,0.04,0.07,0.25,0.74,1.0,21.0,0.07,0.04,29.0,2223
0.4,0.9,0.9,4,0,0,18.0,2.9,0,18.0,2,0.04,0.12,0.04,0.12,2.0,0.0,0.08,0.16,0.73,4.0,13.0,0.08,0.0,32.0,2324
0.1,0.4,0.4,3,1,1,28.0,3.3,1,6.0,5,0.01,0.12,0.01,0.12,1.0,0.04,0.19,0.11,0.23,2.0,24.0,0.19,0.04,111.0,1819
5.9,9.3,9.3,27,11,11,129.0,14.1,11,59.0,14,0.43,0.65,0.43,0.65,11.0,0.5,0.64,1.24,2.7,6.0,55.0,0.64,0.5,256.0,2021
5.4,5.9,5.7,19,5,5,85.0,7.9,5,50.0,10,0.33,0.45,0.32,0.44,14.0,0.28,0.56,1.06,2.79,3.0,52.0,0.56,0.28,179.0,2122
3.7,6.8,6.8,22,7,7,106.0,11.5,7,71.0,14,0.2,0.34,0.2,0.34,11.0,0.21,0.41,0.65,2.09,11.0,58.0,0.41,0.21,163.0,1819
9.9,3.7,3.7,18,3,3,72.0,6.0,3,46.0,7,0.17,0.27,0.17,0.27,2.0,0.14,0.32,0.83,2.12,7.0,52.0,0.32,0.14,127.0,1920
6.3,9.9,8.3,25,7,7,119.0,12.3,5,68.0,10,0.5,0.7,0.42,0.62,3.0,0.35,0.51,1.26,3.44,7.0,54.0,0.4,0.25,172.0,2021
1.4,6.3,6.3,24,6,6,108.0,10.8,6,76.0,10,0.22,0.39,0.22,0.39,3.0,0.22,0.36,0.86,2.73,9.0,72.0,0.36,0.22,169.0,2122
2.3,1.4,1.4,6,1,1,28.0,2.6,1,14.0,2,0.25,0.44,0.25,0.44,0.0,0.17,0.34,1.03,2.4,3.0,8.0,0.34,0.17,36.0,2223
0.5,0.4,0.4,1,0,0,11.0,1.0,0,7.0,0,0.09,0.22,0.09,0.22,0.0,0.0,0.0,0.22,1.51,0.0,8.0,0.0,0.0,18.0,1819
4.4,3.5,3.5,15,7,7,60.0,4.2,7,31.0,8,0.17,0.2,0.17,0.2,7.0,0.34,0.39,0.74,1.52,1.0,57.0,0.39,0.34,87.0,2122
11.5,4.4,3.6,9,1,1,73.0,4.7,1,32.0,2,0.29,0.36,0.23,0.31,3.0,0.06,0.13,0.58,2.08,0.0,31.0,0.13,0.06,67.0,2223
9.4,11.5,11.5,29,13,13,123.0,12.9,13,66.0,15,0.35,0.39,0.35,0.39,17.0,0.39,0.45,0.88,2.0,5.0,94.0,0.45,0.39,157.0,2324
3.7,6.5,4.8,16,10,10,66.0,6.3,9,29.0,13,0.46,0.57,0.34,0.44,12.0,0.71,0.92,1.13,2.05,3.0,66.0,0.85,0.64,87.0,2122
0.0,3.7,3.7,12,3,3,63.0,5.3,3,34.0,7,0.29,0.42,0.29,0.42,7.0,0.23,0.55,0.94,2.65,2.0,28.0,0.55,0.23,84.0,2223
21.6,2.4,2.4,9,4,4,56.0,4.1,4,30.0,6,0.3,0.51,0.3,0.51,6.0,0.5,0.75,1.13,3.77,3.0,26.0,0.75,0.5,60.0,2324
0.4,0.7,0.7,1,1,1,9.0,0.8,1,7.0,1,0.03,0.04,0.03,0.04,1.0,0.05,0.05,0.05,0.32,1.0,15.0,0.05,0.05,1.0,2021
1.1,0.4,0.4,2,1,1,10.0,0.8,1,7.0,1,0.02,0.03,0.02,0.03,2.0,0.04,0.04,0.08,0.27,1.0,27.0,0.04,0.04,19.0,2122
0.2,1.1,0.3,1,1,1,6.0,1.9,0,3.0,5,0.06,0.15,0.02,0.1,0.0,0.06,0.28,0.06,0.17,0.0,9.0,0.22,0.0,20.0,2223
0.1,0.2,0.2,2,1,1,5.0,0.6,1,3.0,1,0.01,0.04,0.01,0.04,0.0,0.07,0.07,0.14,0.21,0.0,8.0,0.07,0.07,10.0,2324
0.5,0.3,0.3,1,0,0,3.0,0.7,0,9.0,0,0.04,0.1,0.04,0.1,0.0,0.0,0.0,0.15,1.34,0.0,9.0,0.0,0.0,1.0,2021
0.8,0.5,0.5,2,0,0,11.0,1.4,0,17.0,1,0.03,0.09,0.03,0.09,0.0,0.0,0.06,0.12,1.05,2.0,26.0,0.06,0.0,15.0,2122
2.4,0.8,0.8,6,1,1,10.0,1.5,1,17.0,3,0.05,0.08,0.05,0.08,0.0,0.05,0.16,0.32,0.91,2.0,21.0,0.16,0.05,27.0,2223
0.8,2.4,2.4,10,2,2,23.0,4.3,2,36.0,2,0.09,0.16,0.09,0.16,2.0,0.08,0.08,0.38,1.38,6.0,31.0,0.08,0.08,61.0,2324
2.6,0.5,0.5,3,0,0,13.0,1.3,0,6.0,1,0.02,0.06,0.02,0.06,3.0,0.0,0.05,0.14,0.27,0.0,24.0,0.05,0.0,110.0,1920
0.9,2.6,2.6,11,3,3,36.0,5.6,3,20.0,4,0.09,0.19,0.09,0.19,6.0,0.1,0.14,0.38,0.69,2.0,34.0,0.14,0.1,153.0,2021
0.9,1.0,1.0,2,1,1,7.0,1.2,1,2.0,1,0.63,0.78,0.63,0.78,1.0,0.66,0.66,1.32,1.32,0.0,11.0,0.66,0.66,19.0,2122
0.5,0.9,0.9,2,1,1,11.0,0.9,1,3.0,1,0.43,0.45,0.43,0.45,4.0,0.49,0.49,0.98,1.47,0.0,1.0,0.49,0.49,20.0,2223
0.2,0.3,0.3,1,0,0,8.0,1.9,0,8.0,1,0.04,0.24,0.04,0.24,0.0,0.0,0.12,0.12,1.0,0.0,11.0,0.12,0.0,13.0,2324
2.5,1.0,1.0,4,1,1,32.0,2.6,1,12.0,2,0.12,0.3,0.12,0.3,1.0,0.12,0.24,0.47,1.42,0.0,15.0,0.24,0.12,80.0,2324
4.4,1.8,1.8,5,0,0,27.0,2.3,0,10.0,1,0.35,0.46,0.35,0.46,2.0,0.0,0.2,0.98,1.96,1.0,11.0,0.2,0.0,40.0,2021
7.7,2.9,2.9,7,3,3,38.0,4.0,3,18.0,4,0.23,0.32,0.23,0.32,1.0,0.24,0.32,0.56,1.43,1.0,25.0,0.32,0.24,60.0,2223
0.8,7.7,6.9,17,12,12,103.0,9.9,11,44.0,15,0.33,0.45,0.29,0.42,15.0,0.51,0.64,0.72,1.87,6.0,55.0,0.59,0.47,120.0,2324
8.9,12.6,10.3,27,12,12,114.0,13.0,9,73.0,15,0.45,0.55,0.37,0.47,18.0,0.43,0.54,0.97,2.62,10.0,67.0,0.43,0.32,174.0,2021
0.0,0.2,0.2,1,0,0,4.0,0.7,0,3.0,0,0.02,0.1,0.02,0.1,0.0,0.0,0.0,0.13,0.39,2.0,3.0,0.0,0.0,1.0,2021
0.4,0.3,0.3,1,0,0,5.0,1.0,0,7.0,1,0.04,0.13,0.04,0.13,1.0,0.0,0.13,0.13,0.92,3.0,5.0,0.13,0.0,7.0,2021
0.0,2.2,2.2,6,3,3,44.0,2.8,3,16.0,6,0.17,0.22,0.17,0.22,3.0,0.23,0.47,0.47,1.25,1.0,43.0,0.47,0.23,84.0,2021
0.4,0.9,0.9,5,2,2,35.0,3.9,2,12.0,7,0.04,0.16,0.04,0.16,4.0,0.08,0.29,0.21,0.5,1.0,35.0,0.29,0.08,102.0,2122
14.6,11.9,7.9,27,20,20,114.0,14.6,15,64.0,26,0.48,0.74,0.32,0.58,7.0,0.8,1.04,1.08,2.56,5.0,31.0,0.84,0.6,201.0,1819
11.0,14.1,10.2,36,18,18,194.0,16.1,15,85.0,23,0.41,0.58,0.3,0.47,20.0,0.52,0.67,1.05,2.48,11.0,67.0,0.58,0.44,296.0,2122
11.5,11.0,8.7,29,12,12,145.0,14.3,10,75.0,15,0.35,0.52,0.27,0.45,12.0,0.38,0.47,0.91,2.35,8.0,52.0,0.41,0.31,239.0,2223
8.7,11.5,7.5,23,9,9,137.0,17.6,6,74.0,19,0.38,0.72,0.25,0.59,12.0,0.3,0.63,0.76,2.46,8.0,52.0,0.53,0.2,202.0,2324
2.9,5.3,5.3,20,6,6,93.0,8.8,6,57.0,10,0.3,0.49,0.3,0.49,7.0,0.33,0.56,1.12,3.18,5.0,46.0,0.56,0.33,168.0,1819
0.1,2.9,0.6,2,2,2,19.0,1.3,0,12.0,3,0.51,0.63,0.1,0.23,3.0,0.35,0.52,0.35,2.08,1.0,9.0,0.17,0.0,45.0,1920
0.4,0.1,0.1,2,0,0,4.0,0.2,0,3.0,0,0.13,0.19,0.13,0.19,0.0,0.0,0.0,1.76,2.65,0.0,0.0,0.0,0.0,13.0,1920
0.9,0.9,0.9,4,2,2,23.0,2.3,2,11.0,4,0.07,0.17,0.07,0.17,0.0,0.14,0.28,0.28,0.78,0.0,23.0,0.28,0.14,49.0,2324
0.4,3.3,2.5,10,3,3,29.0,4.6,3,41.0,5,0.21,0.34,0.16,0.29,0.0,0.19,0.31,0.62,2.55,3.0,27.0,0.31,0.19,73.0,1819
1.2,0.4,0.4,3,0,0,13.0,1.8,0,9.0,2,0.07,0.28,0.07,0.28,0.0,0.0,0.31,0.47,1.4,0.0,25.0,0.31,0.0,60.0,1819
0.2,1.2,1.2,4,0,0,18.0,3.1,0,14.0,0,0.15,0.4,0.15,0.4,5.0,0.0,0.0,0.52,1.81,1.0,18.0,0.0,0.0,53.0,1920
0.8,0.4,0.4,2,0,0,5.0,0.5,0,9.0,0,0.05,0.06,0.05,0.06,1.0,0.0,0.0,0.24,1.06,1.0,6.0,0.0,0.0,13.0,1819
1.5,0.7,0.7,1,0,0,8.0,0.8,0,5.0,0,0.08,0.09,0.08,0.09,0.0,0.0,0.0,0.12,0.58,1.0,5.0,0.0,0.0,10.0,1920
0.4,1.5,1.5,5,0,0,12.0,1.7,0,15.0,0,0.09,0.1,0.09,0.1,0.0,0.0,0.0,0.3,0.9,2.0,14.0,0.0,0.0,14.0,2021
0.0,0.2,0.2,1,0,0,1.0,0.2,0,1.0,0,0.14,0.14,0.14,0.14,0.0,0.0,0.0,0.69,0.69,0.0,1.0,0.0,0.0,6.0,2223
0.6,3.1,3.1,9,4,4,18.0,3.6,4,17.0,5,0.54,0.62,0.54,0.62,1.0,0.69,0.86,1.55,2.92,3.0,18.0,0.86,0.69,61.0,2324
2.3,1.0,1.0,5,1,1,17.0,2.4,1,20.0,3,0.05,0.13,0.05,0.13,0.0,0.06,0.17,0.28,1.13,2.0,24.0,0.17,0.06,23.0,1718
2.0,2.3,2.3,6,1,1,27.0,4.1,1,37.0,4,0.09,0.15,0.09,0.15,2.0,0.04,0.15,0.22,1.35,5.0,54.0,0.15,0.04,36.0,1819
0.6,0.8,0.8,3,2,2,7.0,0.9,2,13.0,2,0.05,0.06,0.05,0.06,1.0,0.13,0.13,0.2,0.87,1.0,18.0,0.13,0.13,14.0,2324
0.5,0.2,0.2,2,0,0,4.0,0.9,0,5.0,1,0.01,0.05,0.01,0.05,0.0,0.0,0.06,0.12,0.29,0.0,23.0,0.06,0.0,18.0,1920
0.2,0.4,0.4,4,0,0,10.0,1.5,0,8.0,2,0.04,0.13,0.04,0.13,0.0,0.0,0.18,0.35,0.7,0.0,18.0,0.18,0.0,20.0,2122
0.1,1.7,1.7,3,1,1,22.0,2.0,1,13.0,2,0.06,0.08,0.06,0.08,0.0,0.04,0.07,0.11,0.48,2.0,19.0,0.07,0.04,5.0,1819
0.2,0.7,0.7,2,1,1,9.0,0.7,1,4.0,1,0.09,0.09,0.09,0.09,0.0,0.13,0.13,0.26,0.52,0.0,3.0,0.13,0.13,1.0,2021
0.7,1.1,1.1,3,0,0,22.0,1.3,0,11.0,0,0.07,0.08,0.07,0.08,1.0,0.0,0.0,0.17,0.64,2.0,12.0,0.0,0.0,5.0,2223
1.7,0.7,0.7,2,0,0,16.0,1.1,0,11.0,0,0.04,0.06,0.04,0.06,0.0,0.0,0.0,0.11,0.63,0.0,8.0,0.0,0.0,3.0,2324
5.6,2.7,2.7,8,5,5,27.0,4.5,5,15.0,6,0.34,0.55,0.34,0.55,5.0,0.61,0.74,0.98,1.84,3.0,26.0,0.74,0.61,51.0,2122
0.4,5.6,3.2,13,7,7,68.0,4.3,5,28.0,8,0.32,0.38,0.18,0.24,14.0,0.4,0.46,0.74,1.6,3.0,65.0,0.34,0.29,109.0,2223
0.7,2.7,2.7,3,2,2,16.0,2.9,2,13.0,2,0.12,0.13,0.12,0.13,1.0,0.09,0.09,0.13,0.58,2.0,19.0,0.09,0.09,20.0,1819
0.6,0.7,0.7,1,0,0,13.0,1.8,0,6.0,3,0.04,0.11,0.04,0.11,2.0,0.0,0.18,0.06,0.36,1.0,11.0,0.18,0.0,27.0,1920
0.0,0.6,0.0,1,1,1,3.0,0.0,1,1.0,1,0.12,0.13,0.0,0.01,1.0,0.21,0.21,0.21,0.21,0.0,1.0,0.21,0.21,4.0,2021
3.5,2.5,1.7,11,3,3,20.0,2.0,2,29.0,3,0.24,0.26,0.16,0.19,2.0,0.28,0.28,1.04,2.74,1.0,37.0,0.19,0.19,72.0,1920
3.7,3.5,2.7,8,6,6,32.0,2.8,5,22.0,6,0.47,0.49,0.37,0.38,3.0,0.81,0.81,1.09,2.99,3.0,37.0,0.68,0.68,44.0,2021
3.4,3.7,2.9,9,3,3,58.0,4.2,2,42.0,4,0.21,0.28,0.17,0.24,11.0,0.17,0.23,0.51,2.39,4.0,63.0,0.17,0.11,89.0,2122
5.7,3.4,3.4,11,2,2,40.0,3.9,2,26.0,2,0.27,0.31,0.27,0.31,2.0,0.16,0.16,0.87,2.06,0.0,36.0,0.16,0.16,57.0,2223
2.0,0.8,0.8,1,0,0,21.0,1.8,0,16.0,1,0.05,0.1,0.05,0.1,1.0,0.0,0.06,0.06,0.9,1.0,34.0,0.06,0.0,48.0,1920
2.6,2.0,2.0,3,0,0,26.0,2.3,0,25.0,0,0.07,0.08,0.07,0.08,0.0,0.0,0.0,0.1,0.87,2.0,45.0,0.0,0.0,51.0,2021
0.7,2.6,2.6,6,2,2,62.0,6.8,2,26.0,7,0.1,0.27,0.1,0.27,0.0,0.08,0.27,0.23,1.02,2.0,46.0,0.27,0.08,103.0,2122
1.0,0.7,0.7,3,0,0,28.0,1.6,0,13.0,2,0.05,0.11,0.05,0.11,2.0,0.0,0.14,0.21,0.89,2.0,22.0,0.14,0.0,41.0,2223
1.7,1.0,1.0,3,0,0,29.0,2.6,0,14.0,1,0.05,0.14,0.05,0.14,0.0,0.0,0.05,0.16,0.77,2.0,27.0,0.05,0.0,18.0,2324
0.6,0.8,0.8,5,0,0,21.0,3.6,0,15.0,2,0.13,0.58,0.13,0.58,3.0,0.0,0.33,0.82,2.45,5.0,12.0,0.33,0.0,65.0,1819
0.6,1.4,1.4,8,1,1,8.0,2.0,1,23.0,1,0.06,0.09,0.06,0.09,0.0,0.05,0.05,0.37,1.07,4.0,29.0,0.05,0.05,6.0,2122
0.7,0.6,0.6,2,0,0,8.0,0.8,0,12.0,0,0.03,0.04,0.03,0.04,0.0,0.0,0.0,0.11,0.63,1.0,28.0,0.0,0.0,8.0,2223
1.3,0.6,0.6,4,0,0,18.0,1.4,0,19.0,2,0.02,0.05,0.02,0.05,0.0,0.0,0.06,0.13,0.61,4.0,32.0,0.06,0.0,30.0,1819
0.8,1.3,1.3,3,1,1,22.0,4.0,1,11.0,3,0.07,0.22,0.07,0.22,1.0,0.05,0.16,0.16,0.6,0.0,25.0,0.16,0.05,27.0,1920
1.4,0.8,0.8,7,2,2,14.0,1.7,2,19.0,3,0.05,0.1,0.05,0.1,0.0,0.11,0.17,0.4,1.08,0.0,27.0,0.17,0.11,30.0,2021
0.7,1.4,1.4,7,3,3,16.0,3.1,3,24.0,4,0.08,0.17,0.08,0.17,1.0,0.16,0.22,0.38,1.32,2.0,19.0,0.22,0.16,35.0,2122
1.3,0.7,0.7,6,0,0,11.0,1.8,0,15.0,1,0.03,0.06,0.03,0.06,0.0,0.0,0.03,0.21,0.52,2.0,31.0,0.03,0.0,19.0,2223
1.1,1.3,1.3,7,4,4,21.0,2.4,4,26.0,4,0.06,0.12,0.06,0.12,0.0,0.19,0.19,0.33,1.24,5.0,17.0,0.19,0.19,41.0,2324
0.6,0.9,0.9,7,1,1,23.0,1.9,1,21.0,1,0.04,0.08,0.04,0.08,2.0,0.04,0.04,0.29,0.88,1.0,30.0,0.04,0.04,100.0,2223
1.6,0.6,0.6,6,0,0,8.0,1.3,0,15.0,2,0.04,0.08,0.04,0.08,1.0,0.0,0.13,0.38,0.96,1.0,10.0,0.13,0.0,48.0,2324
0.0,5.9,5.9,18,4,4,101.0,8.1,4,57.0,8,0.24,0.34,0.24,0.34,22.0,0.17,0.33,0.74,2.36,4.0,87.0,0.33,0.17,165.0,1819
2.5,0.9,0.9,4,1,1,18.0,1.2,1,10.0,1,0.24,0.32,0.24,0.32,3.0,0.26,0.26,1.06,2.64,1.0,15.0,0.26,0.26,22.0,1920
3.8,2.5,2.5,7,3,3,43.0,3.4,3,17.0,4,0.3,0.41,0.3,0.41,7.0,0.36,0.48,0.84,2.03,0.0,21.0,0.48,0.36,62.0,2021
0.2,3.8,3.0,12,4,4,60.0,5.0,3,31.0,8,0.29,0.44,0.23,0.38,9.0,0.3,0.6,0.9,2.32,4.0,40.0,0.52,0.22,68.0,2122
1.9,2.9,2.9,10,2,2,61.0,3.9,2,27.0,2,0.25,0.34,0.25,0.34,2.0,0.17,0.17,0.87,2.35,4.0,26.0,0.17,0.17,74.0,1819
7.8,1.9,1.9,5,3,3,40.0,2.8,3,17.0,4,0.14,0.2,0.14,0.2,3.0,0.22,0.29,0.36,1.23,0.0,40.0,0.29,0.22,150.0,1920
4.2,7.8,7.8,18,7,7,76.0,9.1,7,40.0,7,0.54,0.63,0.54,0.63,11.0,0.48,0.48,1.24,2.76,3.0,47.0,0.48,0.48,107.0,2021
0.0,4.2,4.2,10,5,5,50.0,5.3,5,31.0,6,0.37,0.47,0.37,0.47,10.0,0.44,0.53,0.88,2.72,4.0,43.0,0.53,0.44,77.0,2122
0.4,3.7,3.7,14,5,5,80.0,5.4,5,33.0,8,0.22,0.32,0.22,0.32,8.0,0.3,0.47,0.83,1.95,5.0,40.0,0.47,0.3,101.0,2223
0.3,0.1,0.1,1,0,0,8.0,1.1,0,4.0,1,0.01,0.08,0.01,0.08,0.0,0.0,0.07,0.07,0.27,0.0,15.0,0.07,0.0,19.0,1920
0.4,0.3,0.3,1,0,0,4.0,0.4,0,1.0,0,0.02,0.03,0.02,0.03,1.0,0.0,0.0,0.08,0.08,0.0,6.0,0.0,0.0,12.0,2021
0.5,0.4,0.4,1,0,0,15.0,1.4,0,7.0,0,0.02,0.05,0.02,0.05,0.0,0.0,0.0,0.04,0.28,2.0,18.0,0.0,0.0,1.0,2122
0.0,0.2,0.2,1,0,0,8.0,0.7,0,4.0,0,0.04,0.14,0.04,0.14,0.0,0.0,0.0,0.2,0.79,0.0,8.0,0.0,0.0,23.0,2223
0.4,0.5,0.5,4,0,0,4.0,1.6,0,15.0,1,0.02,0.05,0.02,0.05,0.0,0.0,0.04,0.14,0.53,0.0,19.0,0.04,0.0,12.0,1819
1.3,0.4,0.4,1,0,0,5.0,0.7,0,14.0,1,0.01,0.02,0.01,0.02,0.0,0.0,0.03,0.03,0.48,1.0,19.0,0.03,0.0,7.0,1920
0.6,1.3,1.3,3,1,1,10.0,1.9,1,9.0,2,0.06,0.09,0.06,0.09,2.0,0.05,0.09,0.14,0.41,0.0,12.0,0.09,0.05,3.0,2021
0.9,0.6,0.6,2,0,0,12.0,1.6,0,9.0,1,0.03,0.09,0.03,0.09,1.0,0.0,0.05,0.11,0.49,1.0,7.0,0.05,0.0,3.0,2122
0.8,0.9,0.9,1,1,1,10.0,1.3,1,6.0,2,0.03,0.04,0.03,0.04,1.0,0.04,0.07,0.04,0.21,0.0,6.0,0.07,0.04,4.0,2223
9.9,4.5,4.5,17,6,6,87.0,8.2,6,35.0,7,0.19,0.35,0.19,0.35,6.0,0.26,0.3,0.73,1.5,6.0,67.0,0.3,0.26,182.0,1920
9.4,9.9,9.9,19,9,9,134.0,14.8,9,48.0,16,0.4,0.61,0.4,0.61,4.0,0.37,0.65,0.78,1.96,3.0,110.0,0.65,0.37,225.0,2021
4.6,9.4,9.4,14,7,7,102.0,11.0,7,46.0,9,0.41,0.47,0.41,0.47,11.0,0.3,0.39,0.6,1.98,6.0,62.0,0.39,0.3,166.0,2122
4.9,4.6,3.8,13,7,7,69.0,4.8,6,28.0,7,0.29,0.36,0.24,0.31,8.0,0.44,0.44,0.83,1.78,1.0,61.0,0.38,0.38,116.0,2223
0.0,4.9,4.9,14,7,7,76.0,7.5,7,38.0,12,0.27,0.41,0.27,0.41,7.0,0.39,0.66,0.77,2.09,7.0,63.0,0.66,0.39,145.0,2324
0.8,0.6,0.6,1,0,0,32.0,1.3,0,13.0,0,0.08,0.17,0.08,0.17,2.0,0.0,0.0,0.13,1.65,2.0,27.0,0.0,0.0,41.0,1718
0.0,0.8,0.7,1,0,0,15.0,1.5,0,6.0,1,0.16,0.33,0.13,0.3,4.0,0.0,0.2,0.2,1.22,1.0,21.0,0.2,0.0,38.0,1819
1.1,0.5,0.5,1,0,0,6.0,0.8,0,5.0,0,0.13,0.21,0.13,0.21,0.0,0.0,0.0,0.27,1.34,1.0,6.0,0.0,0.0,16.0,2425
3.7,7.1,6.3,11,7,7,44.0,9.6,6,24.0,10,0.27,0.39,0.24,0.36,1.0,0.26,0.38,0.42,0.91,2.0,50.0,0.34,0.23,108.0,1819
4.5,3.7,3.7,13,5,5,67.0,6.3,5,27.0,7,0.14,0.24,0.14,0.24,2.0,0.19,0.26,0.49,1.02,3.0,49.0,0.26,0.19,124.0,1920
5.8,4.5,4.5,9,5,5,39.0,7.9,5,23.0,8,0.21,0.37,0.21,0.37,2.0,0.23,0.37,0.42,1.07,2.0,48.0,0.37,0.23,133.0,2021
3.0,5.8,3.4,17,4,4,70.0,12.8,3,38.0,14,0.19,0.49,0.11,0.41,5.0,0.13,0.45,0.55,1.23,3.0,62.0,0.42,0.1,161.0,2122
1.7,3.0,3.0,7,0,0,40.0,6.9,0,28.0,3,0.16,0.37,0.16,0.37,1.0,0.0,0.16,0.37,1.49,2.0,30.0,0.16,0.0,103.0,2223
0.5,1.1,1.1,6,4,4,28.0,1.2,4,23.0,4,0.05,0.06,0.05,0.06,0.0,0.19,0.19,0.29,1.12,3.0,21.0,0.19,0.19,23.0,2324
0.0,0.7,0.7,5,0,0,16.0,0.8,0,14.0,0,0.07,0.09,0.07,0.09,0.0,0.0,0.0,0.55,1.54,0.0,26.0,0.0,0.0,13.0,2122
0.3,1.2,1.2,5,0,0,15.0,2.2,0,21.0,2,0.11,0.19,0.11,0.19,0.0,0.0,0.18,0.45,1.87,1.0,21.0,0.18,0.0,30.0,2223
1.7,0.3,0.3,1,0,0,14.0,0.9,0,4.0,2,0.05,0.14,0.05,0.14,1.0,0.0,0.3,0.15,0.6,1.0,14.0,0.3,0.0,19.0,2324
0.0,0.3,0.3,1,0,0,6.0,1.2,0,6.0,0,0.02,0.07,0.02,0.07,0.0,0.0,0.0,0.06,0.34,0.0,18.0,0.0,0.0,12.0,2223
0.6,3.2,3.2,7,2,2,70.0,5.7,2,30.0,4,0.19,0.34,0.19,0.34,4.0,0.12,0.24,0.42,1.79,2.0,49.0,0.24,0.12,160.0,2324
0.8,4.7,4.7,9,2,2,42.0,6.0,2,25.0,4,0.6,0.76,0.6,0.76,5.0,0.26,0.51,1.16,3.21,3.0,15.0,0.51,0.26,44.0,2021
1.6,0.8,0.8,1,1,1,8.0,1.7,1,5.0,1,0.38,0.8,0.38,0.8,2.0,0.48,0.48,0.48,2.39,0.0,5.0,0.48,0.48,18.0,2122
6.2,4.5,4.5,9,3,3,73.0,7.1,3,35.0,6,0.25,0.39,0.25,0.39,4.0,0.17,0.33,0.5,1.95,4.0,42.0,0.33,0.17,152.0,2324
5.8,1.7,1.7,14,2,2,29.0,5.9,2,35.0,4,0.08,0.27,0.08,0.27,0.0,0.09,0.18,0.63,1.57,1.0,43.0,0.18,0.09,103.0,1920
1.2,5.8,1.9,9,7,7,26.0,3.7,2,31.0,9,0.22,0.29,0.07,0.14,2.0,0.26,0.34,0.34,1.17,5.0,50.0,0.15,0.08,77.0,2021
7.7,5.5,5.5,14,6,6,76.0,7.8,6,50.0,9,0.34,0.48,0.34,0.48,3.0,0.37,0.56,0.87,3.1,3.0,52.0,0.56,0.37,134.0,1920
2.9,7.7,7.7,18,8,8,113.0,8.8,8,55.0,9,0.34,0.39,0.34,0.39,16.0,0.35,0.4,0.8,2.44,4.0,69.0,0.4,0.35,164.0,2021
0.2,2.9,2.9,12,4,4,61.0,4.5,4,26.0,6,0.19,0.3,0.19,0.3,10.0,0.27,0.4,0.81,1.75,1.0,44.0,0.4,0.27,97.0,2122
1.9,0.2,0.2,2,0,0,12.0,0.5,0,4.0,0,0.07,0.18,0.07,0.18,5.0,0.0,0.0,0.77,1.55,1.0,7.0,0.0,0.0,14.0,2223
0.2,0.4,0.4,4,0,0,13.0,0.9,0,11.0,1,0.02,0.05,0.02,0.05,1.0,0.0,0.06,0.23,0.64,4.0,28.0,0.06,0.0,32.0,2122
0.6,0.2,0.2,1,0,0,12.0,1.6,0,7.0,1,0.01,0.06,0.01,0.06,2.0,0.0,0.04,0.04,0.29,1.0,18.0,0.04,0.0,62.0,2223
1.2,0.9,0.9,5,1,1,25.0,3.2,1,22.0,5,0.05,0.16,0.05,0.16,0.0,0.05,0.24,0.24,1.07,0.0,33.0,0.24,0.05,38.0,1819
0.7,1.2,1.2,3,1,1,29.0,3.5,1,18.0,3,0.05,0.14,0.05,0.14,2.0,0.04,0.12,0.12,0.73,2.0,28.0,0.12,0.04,30.0,1920
0.4,0.7,0.7,2,0,0,15.0,1.0,0,16.0,0,0.03,0.04,0.03,0.04,1.0,0.0,0.0,0.09,0.74,1.0,20.0,0.0,0.0,20.0,2021
0.9,0.7,0.7,2,0,0,9.0,1.2,0,4.0,1,0.34,0.57,0.34,0.57,1.0,0.0,0.46,0.92,1.84,0.0,9.0,0.46,0.0,30.0,2021
1.0,7.0,7.0,21,8,8,64.0,8.7,8,55.0,8,0.3,0.37,0.3,0.37,13.0,0.34,0.34,0.9,2.36,7.0,47.0,0.34,0.34,179.0,1718
5.9,7.7,5.3,22,9,9,65.0,10.5,8,91.0,14,0.23,0.39,0.16,0.32,9.0,0.27,0.42,0.67,2.76,8.0,78.0,0.39,0.24,181.0,2223
4.7,5.9,4.4,31,4,4,55.0,6.3,2,70.0,5,0.19,0.25,0.14,0.2,10.0,0.13,0.16,1.0,2.26,9.0,93.0,0.1,0.06,152.0,2324
3.5,0.5,0.5,1,0,0,24.0,2.6,0,8.0,1,0.09,0.48,0.09,0.48,6.0,0.0,0.18,0.18,1.46,1.0,25.0,0.18,0.0,32.0,1718
3.3,2.1,2.1,12,2,2,53.0,5.4,2,25.0,8,0.21,0.53,0.21,0.53,5.0,0.2,0.79,1.19,2.47,3.0,37.0,0.79,0.2,84.0,2122
2.7,3.3,3.3,5,1,1,101.0,7.3,1,35.0,7,0.17,0.36,0.17,0.36,11.0,0.05,0.35,0.25,1.74,3.0,95.0,0.35,0.05,200.0,2223
0.4,0.2,0.2,2,0,0,8.0,0.3,0,4.0,1,0.02,0.03,0.02,0.03,2.0,0.0,0.1,0.19,0.38,0.0,6.0,0.1,0.0,0.0,2324
1.0,0.4,0.4,1,0,0,6.0,0.4,0,4.0,0,0.04,0.04,0.04,0.04,0.0,0.0,0.0,0.1,0.42,0.0,7.0,0.0,0.0,1.0,2324
2.1,5.1,5.1,7,3,3,54.0,7.9,3,25.0,5,0.38,0.59,0.38,0.59,4.0,0.23,0.38,0.53,1.89,2.0,24.0,0.38,0.23,91.0,1819
1.5,2.1,2.1,13,1,1,37.0,3.9,1,23.0,3,0.16,0.3,0.16,0.3,7.0,0.08,0.23,0.99,1.75,3.0,29.0,0.23,0.08,75.0,1920
0.7,1.5,1.5,3,0,0,39.0,3.0,0,20.0,2,0.15,0.29,0.15,0.29,0.0,0.0,0.2,0.3,1.98,4.0,22.0,0.2,0.0,52.0,2021
0.4,0.7,0.7,3,1,1,20.0,2.2,1,9.0,1,0.2,0.59,0.2,0.59,0.0,0.27,0.27,0.82,2.45,1.0,10.0,0.27,0.27,17.0,2122
8.3,0.4,0.4,1,0,0,20.0,2.1,0,4.0,2,0.05,0.24,0.05,0.24,6.0,0.0,0.23,0.11,0.45,0.0,21.0,0.23,0.0,36.0,2223
8.6,8.3,6.7,24,8,8,80.0,13.1,6,62.0,13,0.32,0.57,0.26,0.51,3.0,0.31,0.5,0.93,2.4,10.0,79.0,0.43,0.23,145.0,2324
1.3,12.3,12.3,36,16,16,166.0,17.4,16,88.0,19,0.59,0.84,0.59,0.84,22.0,0.77,0.92,1.74,4.25,10.0,38.0,0.92,0.77,210.0,1819
1.5,1.3,1.3,2,0,0,19.0,1.5,0,10.0,0,0.43,0.52,0.43,0.52,5.0,0.0,0.0,0.67,3.35,1.0,9.0,0.0,0.0,22.0,1920
3.7,1.5,1.5,3,0,0,35.0,2.4,0,12.0,1,0.23,0.36,0.23,0.36,5.0,0.0,0.15,0.45,1.81,2.0,23.0,0.15,0.0,54.0,2021
0.1,9.0,8.2,19,9,9,103.0,12.5,8,52.0,16,0.63,0.93,0.57,0.88,13.0,0.63,1.12,1.33,3.64,7.0,46.0,1.05,0.56,142.0,1920
1.9,3.7,3.7,7,3,3,46.0,5.5,3,18.0,4,0.57,0.86,0.57,0.86,6.0,0.47,0.62,1.09,2.8,2.0,12.0,0.62,0.47,58.0,2021
2.6,1.9,1.9,4,1,1,17.0,2.5,1,12.0,2,0.29,0.4,0.29,0.4,11.0,0.16,0.31,0.63,1.88,3.0,12.0,0.31,0.16,34.0,2122
0.4,2.4,2.4,6,1,1,49.0,4.3,1,22.0,2,0.13,0.23,0.13,0.23,3.0,0.05,0.1,0.31,1.15,1.0,48.0,0.1,0.05,134.0,2021
1.3,1.0,1.0,6,0,0,41.0,2.5,0,14.0,2,0.08,0.2,0.08,0.2,1.0,0.0,0.16,0.48,1.13,3.0,17.0,0.16,0.0,109.0,2223
0.0,1.3,1.3,7,1,1,46.0,3.1,1,21.0,3,0.08,0.19,0.08,0.19,3.0,0.06,0.18,0.43,1.29,4.0,29.0,0.18,0.06,133.0,2324
6.0,4.8,4.8,14,5,5,78.0,7.6,5,41.0,8,0.23,0.37,0.23,0.37,20.0,0.24,0.39,0.68,1.99,7.0,88.0,0.39,0.24,205.0,1718
6.1,6.0,5.2,19,8,8,132.0,11.3,7,53.0,14,0.19,0.39,0.17,0.36,10.0,0.26,0.45,0.61,1.71,10.0,91.0,0.42,0.23,272.0,1819
3.2,4.8,4.0,15,5,5,71.0,6.9,5,39.0,7,0.23,0.37,0.19,0.34,12.0,0.24,0.34,0.73,1.89,2.0,71.0,0.34,0.24,158.0,2122
10.7,3.2,3.2,10,3,3,89.0,5.7,3,25.0,7,0.2,0.35,0.2,0.35,7.0,0.19,0.44,0.62,1.55,3.0,32.0,0.44,0.19,152.0,2324
0.7,0.3,0.3,4,1,1,38.0,1.4,1,7.0,2,0.01,0.05,0.01,0.05,3.0,0.04,0.07,0.15,0.26,0.0,32.0,0.07,0.04,110.0,2324
0.7,0.6,0.6,5,0,0,10.0,3.8,0,19.0,5,0.02,0.11,0.02,0.11,0.0,0.0,0.15,0.15,0.58,0.0,54.0,0.15,0.0,57.0,1819
0.9,0.7,0.7,1,1,1,9.0,2.1,1,15.0,1,0.03,0.08,0.03,0.08,0.0,0.04,0.04,0.04,0.54,0.0,41.0,0.04,0.04,32.0,1920
0.7,0.9,0.9,1,0,0,4.0,1.5,0,12.0,2,0.06,0.1,0.06,0.1,0.0,0.0,0.14,0.07,0.81,2.0,21.0,0.14,0.0,12.0,2021
1.0,0.7,0.7,6,2,2,12.0,2.1,2,16.0,3,0.04,0.12,0.04,0.12,0.0,0.12,0.18,0.35,0.94,1.0,29.0,0.18,0.12,34.0,2122
1.7,1.0,1.0,3,2,2,10.0,4.3,2,16.0,4,0.04,0.19,0.04,0.19,1.0,0.09,0.18,0.13,0.72,3.0,42.0,0.18,0.09,52.0,2223
0.1,1.7,0.9,1,2,2,15.0,3.3,1,11.0,4,0.13,0.32,0.07,0.26,1.0,0.16,0.31,0.08,0.86,2.0,17.0,0.23,0.08,33.0,2324
0.3,0.3,0.3,2,1,1,3.0,0.7,1,9.0,2,0.01,0.03,0.01,0.03,0.0,0.04,0.08,0.08,0.35,1.0,21.0,0.08,0.04,20.0,2223
0.8,3.6,3.6,6,3,3,20.0,3.8,3,15.0,4,0.12,0.13,0.12,0.13,2.0,0.1,0.14,0.2,0.51,0.0,22.0,0.14,0.1,5.0,1819
0.8,4.0,4.0,9,4,4,39.0,5.3,4,25.0,5,0.11,0.15,0.11,0.15,0.0,0.11,0.14,0.25,0.7,5.0,21.0,0.14,0.11,6.0,2122
0.5,1.5,1.5,6,3,3,25.0,2.6,3,15.0,4,0.05,0.09,0.05,0.09,1.0,0.1,0.13,0.2,0.49,2.0,10.0,0.13,0.1,2.0,1920
0.1,0.5,0.5,2,2,2,8.0,0.5,2,3.0,2,0.03,0.03,0.03,0.03,1.0,0.13,0.13,0.13,0.2,0.0,6.0,0.13,0.13,1.0,2021
0.3,0.3,0.3,2,1,1,9.0,0.7,1,3.0,1,0.01,0.03,0.01,0.03,3.0,0.04,0.04,0.09,0.13,0.0,10.0,0.04,0.04,4.0,2223
0.5,0.3,0.3,1,0,0,7.0,0.3,0,5.0,0,0.02,0.02,0.02,0.02,0.0,0.0,0.0,0.06,0.32,0.0,3.0,0.0,0.0,1.0,2324
0.9,0.3,0.3,2,0,0,35.0,2.3,0,7.0,1,0.01,0.09,0.01,0.09,4.0,0.0,0.04,0.08,0.28,0.0,59.0,0.04,0.0,157.0,2122
0.2,0.9,0.9,3,1,1,39.0,1.7,1,8.0,1,0.07,0.15,0.07,0.15,2.0,0.09,0.09,0.26,0.7,0.0,33.0,0.09,0.09,130.0,2223
1.2,2.0,2.0,5,2,2,32.0,3.4,2,16.0,2,0.09,0.16,0.09,0.16,3.0,0.09,0.09,0.23,0.72,2.0,34.0,0.09,0.09,105.0,1819
0.8,1.6,1.6,2,1,1,20.0,2.5,1,10.0,1,0.13,0.2,0.13,0.2,2.0,0.08,0.08,0.16,0.81,1.0,19.0,0.08,0.08,84.0,2021
1.4,0.4,0.4,3,0,0,17.0,0.9,0,9.0,0,0.03,0.06,0.03,0.06,1.0,0.0,0.0,0.2,0.59,1.0,23.0,0.0,0.0,107.0,2223
1.8,1.4,1.4,5,1,1,30.0,3.1,1,13.0,3,0.09,0.19,0.09,0.19,3.0,0.06,0.19,0.31,0.8,2.0,30.0,0.19,0.06,51.0,2324
1.3,6.4,4.8,15,3,3,73.0,7.5,2,45.0,3,0.23,0.33,0.17,0.27,9.0,0.11,0.11,0.55,1.64,3.0,100.0,0.07,0.07,230.0,2021
0.4,2.4,2.4,5,1,1,27.0,4.2,1,22.0,4,0.09,0.15,0.09,0.15,1.0,0.04,0.14,0.18,0.78,1.0,48.0,0.14,0.04,67.0,2122
0.2,0.4,0.4,2,0,0,11.0,1.4,0,9.0,1,0.04,0.14,0.04,0.14,0.0,0.0,0.11,0.21,0.95,0.0,17.0,0.11,0.0,20.0,2223
2.1,0.2,0.2,2,2,2,8.0,1.3,2,5.0,4,0.02,0.1,0.02,0.1,1.0,0.15,0.31,0.15,0.38,0.0,19.0,0.31,0.15,28.0,2223
0.9,2.1,2.1,11,3,3,22.0,7.1,3,27.0,5,0.09,0.3,0.09,0.3,1.0,0.13,0.21,0.47,1.16,6.0,31.0,0.21,0.13,52.0,2324
0.7,1.3,1.3,6,1,1,57.0,1.8,1,16.0,1,0.06,0.09,0.06,0.09,3.0,0.05,0.05,0.29,0.77,1.0,4.0,0.05,0.05,7.0,2324
4.1,9.8,8.2,27,8,8,201.0,15.0,6,96.0,11,0.33,0.55,0.27,0.5,9.0,0.27,0.37,0.9,3.2,15.0,50.0,0.3,0.2,338.0,1819
5.2,4.1,4.1,12,4,4,106.0,7.1,4,40.0,7,0.31,0.53,0.31,0.53,8.0,0.3,0.52,0.9,2.99,3.0,27.0,0.52,0.3,191.0,1920
4.3,5.2,5.2,10,4,4,91.0,9.7,4,35.0,7,0.26,0.49,0.26,0.49,8.0,0.2,0.35,0.5,1.75,3.0,21.0,0.35,0.2,124.0,2021
0.9,0.6,0.6,3,0,0,3.0,0.8,0,22.0,0,0.04,0.05,0.04,0.05,1.0,0.0,0.0,0.21,1.55,3.0,5.0,0.0,0.0,2.0,1819
0.4,0.9,0.9,5,0,0,6.0,1.7,0,17.0,1,0.06,0.12,0.06,0.12,0.0,0.0,0.07,0.34,1.16,3.0,12.0,0.07,0.0,12.0,1920
1.0,0.4,0.4,1,0,0,4.0,0.7,0,6.0,0,0.02,0.03,0.02,0.03,0.0,0.0,0.0,0.04,0.24,2.0,7.0,0.0,0.0,4.0,2021
0.2,1.0,1.0,5,1,1,14.0,2.3,1,18.0,2,0.08,0.2,0.08,0.2,0.0,0.09,0.17,0.43,1.54,2.0,4.0,0.17,0.09,6.0,2122
2.1,2.6,2.6,11,3,3,28.0,4.6,3,36.0,8,0.09,0.16,0.09,0.16,3.0,0.1,0.27,0.37,1.23,1.0,25.0,0.27,0.1,71.0,1819
5.2,2.1,2.1,7,1,1,31.0,3.5,1,24.0,4,0.12,0.2,0.12,0.2,1.0,0.06,0.23,0.4,1.36,0.0,13.0,0.23,0.06,51.0,1920
3.2,5.2,3.6,8,4,4,37.0,5.1,2,38.0,6,0.21,0.27,0.15,0.21,2.0,0.16,0.24,0.32,1.53,1.0,32.0,0.16,0.08,55.0,2021
3.3,3.2,1.6,10,4,4,26.0,4.2,3,29.0,10,0.13,0.24,0.07,0.17,0.0,0.16,0.41,0.41,1.2,5.0,31.0,0.37,0.12,62.0,2122
1.3,3.3,1.7,8,1,1,33.0,3.7,0,29.0,4,0.17,0.26,0.09,0.18,3.0,0.05,0.2,0.4,1.46,2.0,24.0,0.15,0.0,84.0,2223
1.4,1.1,1.1,4,1,1,20.0,1.9,1,13.0,2,0.12,0.21,0.12,0.21,4.0,0.11,0.22,0.44,1.41,1.0,27.0,0.22,0.11,79.0,2021
1.2,1.4,1.4,4,2,2,21.0,3.2,2,12.0,4,0.12,0.27,0.12,0.27,5.0,0.17,0.34,0.34,1.01,1.0,40.0,0.34,0.17,88.0,2122
0.5,1.2,1.2,6,0,0,22.0,3.6,0,23.0,1,0.08,0.25,0.08,0.25,2.0,0.0,0.07,0.41,1.58,5.0,38.0,0.07,0.0,103.0,2223
0.9,0.2,0.2,2,0,0,10.0,1.1,0,4.0,1,0.01,0.05,0.01,0.05,2.0,0.0,0.05,0.09,0.18,0.0,17.0,0.05,0.0,92.0,1718
0.0,0.7,0.7,4,0,0,33.0,3.3,0,11.0,1,0.02,0.1,0.02,0.1,8.0,0.0,0.03,0.13,0.34,3.0,28.0,0.03,0.0,100.0,2324
2.9,2.4,2.4,8,3,3,36.0,4.7,3,18.0,6,0.14,0.27,0.14,0.27,3.0,0.17,0.34,0.45,1.02,1.0,32.0,0.34,0.17,82.0,2223
1.8,2.9,2.9,11,5,5,58.0,6.3,5,19.0,9,0.09,0.21,0.09,0.21,4.0,0.16,0.3,0.36,0.63,2.0,64.0,0.3,0.16,109.0,2324
0.3,1.3,1.3,3,0,0,21.0,1.4,0,17.0,0,0.07,0.07,0.07,0.07,2.0,0.0,0.0,0.16,0.91,1.0,5.0,0.0,0.0,1.0,1819
7.3,13.1,13.1,33,13,13,181.0,16.4,13,75.0,17,0.39,0.49,0.39,0.49,21.0,0.39,0.51,0.98,2.23,8.0,102.0,0.51,0.39,251.0,1819
6.2,7.3,5.7,21,6,6,111.0,8.5,5,46.0,7,0.22,0.31,0.18,0.26,29.0,0.18,0.21,0.64,1.41,7.0,100.0,0.18,0.15,254.0,1920
14.1,6.2,5.4,16,6,6,132.0,10.5,5,52.0,12,0.23,0.43,0.2,0.4,12.0,0.23,0.45,0.6,1.96,2.0,67.0,0.41,0.19,233.0,2021
10.7,14.1,13.3,35,8,8,190.0,19.0,7,94.0,13,0.46,0.64,0.43,0.61,29.0,0.26,0.42,1.13,3.05,9.0,90.0,0.39,0.23,316.0,2122
9.4,10.7,9.1,32,10,10,181.0,13.9,9,83.0,13,0.34,0.49,0.29,0.44,22.0,0.32,0.41,1.02,2.63,6.0,73.0,0.38,0.29,341.0,2223
7.6,9.4,9.4,43,12,12,175.0,15.8,12,93.0,15,0.3,0.5,0.3,0.5,25.0,0.38,0.47,1.36,2.94,5.0,86.0,0.47,0.38,333.0,2324
1.8,1.3,1.3,7,0,0,35.0,3.4,0,22.0,4,0.09,0.23,0.09,0.23,2.0,0.0,0.27,0.48,1.5,2.0,45.0,0.27,0.0,116.0,1819
0.0,1.8,1.8,7,1,1,37.0,3.1,1,28.0,5,0.11,0.19,0.11,0.19,4.0,0.06,0.31,0.44,1.75,2.0,35.0,0.31,0.06,94.0,1920
0.1,0.1,0.1,1,0,0,5.0,0.4,0,2.0,0,0.01,0.06,0.01,0.06,2.0,0.0,0.0,0.14,0.28,0.0,15.0,0.0,0.0,33.0,2021
0.2,0.1,0.1,1,0,0,11.0,2.5,0,7.0,2,0.01,0.11,0.01,0.11,0.0,0.0,0.09,0.05,0.33,1.0,28.0,0.09,0.0,72.0,2122
0.2,0.2,0.2,1,0,0,13.0,0.9,0,9.0,1,0.02,0.06,0.02,0.06,1.0,0.0,0.07,0.07,0.61,0.0,17.0,0.07,0.0,59.0,2223
0.8,2.0,2.0,8,3,3,33.0,2.5,3,27.0,3,0.08,0.09,0.08,0.09,2.0,0.12,0.12,0.31,1.04,3.0,7.0,0.12,0.12,8.0,2122
0.5,0.4,0.4,1,0,0,13.0,0.4,0,8.0,0,0.03,0.03,0.03,0.03,1.0,0.0,0.0,0.07,0.56,1.0,3.0,0.0,0.0,5.0,2324
0.1,0.3,0.3,2,0,0,16.0,1.1,0,8.0,0,0.02,0.08,0.02,0.08,0.0,0.0,0.0,0.13,0.53,0.0,9.0,0.0,0.0,34.0,2021
0.3,0.3,0.3,2,0,0,5.0,1.7,0,10.0,1,0.01,0.06,0.01,0.06,0.0,0.0,0.04,0.07,0.37,0.0,16.0,0.04,0.0,21.0,2223
0.5,0.3,0.3,2,1,1,7.0,2.6,1,11.0,2,0.01,0.11,0.01,0.11,0.0,0.04,0.09,0.09,0.47,0.0,24.0,0.09,0.04,36.0,2324
5.3,4.6,4.6,17,6,6,155.0,12.0,6,50.0,16,0.19,0.5,0.19,0.5,7.0,0.25,0.66,0.7,2.06,5.0,55.0,0.66,0.25,212.0,2021
4.6,5.3,5.3,16,3,3,162.0,11.3,3,45.0,6,0.25,0.53,0.25,0.53,5.0,0.14,0.28,0.75,2.12,5.0,31.0,0.28,0.14,267.0,2122
2.1,4.6,4.6,15,5,5,136.0,11.7,5,41.0,12,0.2,0.51,0.2,0.51,3.0,0.22,0.53,0.66,1.8,6.0,36.0,0.53,0.22,310.0,2223
1.1,2.1,2.1,5,3,3,82.0,4.6,3,22.0,4,0.19,0.41,0.19,0.41,2.0,0.27,0.36,0.45,1.96,2.0,19.0,0.36,0.27,146.0,2324
4.7,4.4,4.4,17,8,8,95.0,7.6,8,43.0,9,0.15,0.26,0.15,0.26,4.0,0.27,0.31,0.58,1.47,8.0,87.0,0.31,0.27,234.0,2122
3.6,4.7,4.7,14,5,5,81.0,9.8,5,39.0,12,0.16,0.33,0.16,0.33,3.0,0.17,0.4,0.47,1.3,5.0,92.0,0.4,0.17,255.0,2223
3.5,3.6,3.6,9,3,3,59.0,7.0,3,34.0,6,0.14,0.28,0.14,0.28,1.0,0.12,0.24,0.37,1.38,7.0,68.0,0.24,0.12,135.0,2324
2.7,1.9,1.9,8,3,3,30.0,2.5,3,14.0,3,0.19,0.26,0.19,0.26,1.0,0.31,0.31,0.83,1.45,3.0,9.0,0.31,0.31,38.0,2324
1.0,1.0,1.0,5,1,1,16.0,1.2,1,7.0,1,0.05,0.06,0.05,0.06,0.0,0.05,0.05,0.26,0.37,1.0,9.0,0.05,0.05,6.0,1819
0.8,1.0,1.0,1,1,1,20.0,2.4,1,6.0,4,0.04,0.09,0.04,0.09,0.0,0.04,0.15,0.04,0.22,0.0,17.0,0.15,0.04,11.0,1920
0.0,0.8,0.8,2,0,0,11.0,1.1,0,6.0,0,0.05,0.06,0.05,0.06,0.0,0.0,0.0,0.12,0.35,0.0,12.0,0.0,0.0,3.0,2021
0.0,0.4,0.4,1,0,0,7.0,0.6,0,2.0,0,0.03,0.05,0.03,0.05,0.0,0.0,0.0,0.08,0.15,1.0,5.0,0.0,0.0,3.0,2223
0.0,0.2,0.2,1,0,0,4.0,0.8,0,2.0,1,0.04,0.17,0.04,0.17,0.0,0.0,0.23,0.23,0.46,0.0,3.0,0.23,0.0,10.0,1819
0.0,3.3,3.3,9,2,2,46.0,6.9,2,26.0,4,0.24,0.49,0.24,0.49,4.0,0.14,0.28,0.64,1.85,1.0,30.0,0.28,0.14,138.0,1819
0.0,0.2,0.2,1,0,0,29.0,2.1,0,4.0,1,0.05,0.49,0.05,0.49,0.0,0.0,0.23,0.23,0.92,0.0,12.0,0.23,0.0,31.0,1920
1.3,2.8,2.8,7,4,4,46.0,4.8,4,18.0,4,0.31,0.53,0.31,0.53,6.0,0.44,0.44,0.78,2.0,2.0,22.0,0.44,0.44,106.0,2122
5.0,1.3,1.3,2,1,1,16.0,1.7,1,7.0,1,0.36,0.47,0.36,0.47,4.0,0.27,0.27,0.55,1.92,0.0,9.0,0.27,0.27,24.0,2223
0.6,2.3,2.3,6,2,2,30.0,2.9,2,14.0,4,0.52,0.66,0.52,0.66,3.0,0.45,0.9,1.35,3.15,4.0,9.0,0.9,0.45,41.0,2425
1.7,0.1,0.1,1,0,0,7.0,0.7,0,2.0,1,0.02,0.2,0.02,0.2,1.0,0.0,0.3,0.3,0.6,0.0,10.0,0.3,0.0,17.0,1819
2.2,1.7,1.7,8,2,2,25.0,5.4,2,30.0,5,0.09,0.3,0.09,0.3,2.0,0.11,0.28,0.44,1.66,3.0,33.0,0.28,0.11,46.0,2021
3.3,2.2,2.2,5,1,1,57.0,4.8,1,27.0,3,0.13,0.29,0.13,0.29,2.0,0.06,0.18,0.31,1.65,5.0,29.0,0.18,0.06,80.0,2122
2.1,3.3,3.3,10,4,4,75.0,6.1,4,29.0,6,0.24,0.44,0.24,0.44,2.0,0.29,0.43,0.72,2.09,2.0,17.0,0.43,0.29,141.0,2223
5.7,2.1,2.1,10,3,3,53.0,7.1,3,30.0,10,0.16,0.54,0.16,0.54,1.0,0.23,0.76,0.76,2.27,3.0,19.0,0.76,0.23,113.0,2324
5.0,4.0,4.0,11,6,6,59.0,5.9,6,34.0,7,0.15,0.22,0.15,0.22,1.0,0.22,0.26,0.4,1.24,2.0,58.0,0.26,0.22,92.0,2122
2.2,5.0,5.0,13,6,6,85.0,10.1,6,33.0,13,0.17,0.34,0.17,0.34,2.0,0.2,0.44,0.44,1.13,2.0,62.0,0.44,0.2,119.0,2223
1.6,2.2,2.2,4,1,1,47.0,3.2,1,19.0,2,0.23,0.34,0.23,0.34,0.0,0.11,0.21,0.42,2.0,2.0,18.0,0.21,0.11,69.0,2324
3.1,1.2,1.2,4,1,1,36.0,3.5,1,23.0,2,0.09,0.26,0.09,0.26,1.0,0.07,0.15,0.29,1.68,0.0,32.0,0.15,0.07,51.0,2324
0.6,0.3,0.3,2,0,0,11.0,1.9,0,8.0,1,0.02,0.11,0.02,0.11,0.0,0.0,0.06,0.12,0.47,1.0,16.0,0.06,0.0,66.0,1819
0.0,0.6,0.6,2,0,0,11.0,0.8,0,14.0,0,0.06,0.08,0.06,0.08,4.0,0.0,0.0,0.21,1.48,1.0,14.0,0.0,0.0,40.0,1920
0.0,0.1,0.1,2,1,1,6.0,0.5,1,4.0,1,0.01,0.05,0.01,0.05,1.0,0.1,0.1,0.2,0.41,0.0,9.0,0.1,0.1,9.0,2122
10.1,7.0,7.0,21,12,12,120.0,14.7,12,40.0,26,0.26,0.54,0.26,0.54,4.0,0.44,0.95,0.77,1.46,3.0,93.0,0.95,0.44,328.0,1819
6.6,10.1,10.1,28,17,17,122.0,20.9,17,52.0,33,0.4,0.82,0.4,0.82,9.0,0.67,1.3,1.1,2.05,6.0,61.0,1.3,0.67,298.0,1920
3.6,6.6,5.8,16,8,8,114.0,13.5,7,51.0,19,0.29,0.62,0.25,0.59,9.0,0.35,0.83,0.7,2.23,5.0,72.0,0.79,0.31,276.0,2021
0.0,4.2,4.2,9,6,6,106.0,9.2,6,21.0,9,0.22,0.49,0.22,0.49,8.0,0.32,0.48,0.48,1.12,2.0,50.0,0.48,0.32,173.0,2223
2.2,0.7,0.7,4,2,2,56.0,3.7,2,9.0,4,0.07,0.35,0.07,0.35,3.0,0.19,0.38,0.38,0.86,1.0,21.0,0.38,0.19,114.0,2324
7.0,11.0,7.9,20,11,11,135.0,10.8,8,54.0,14,0.36,0.46,0.26,0.35,38.0,0.36,0.46,0.66,1.77,3.0,107.0,0.36,0.26,224.0,1920
1.3,7.0,5.5,15,5,5,110.0,6.7,4,38.0,5,0.31,0.36,0.24,0.29,27.0,0.22,0.22,0.66,1.68,4.0,59.0,0.18,0.18,134.0,2021
1.9,1.3,1.3,3,1,1,36.0,1.9,1,10.0,1,0.17,0.26,0.17,0.26,9.0,0.13,0.13,0.4,1.34,0.0,35.0,0.13,0.13,61.0,2122
5.6,1.9,1.9,5,1,1,20.0,3.2,1,14.0,2,0.4,0.66,0.4,0.66,4.0,0.21,0.41,1.03,2.88,2.0,16.0,0.41,0.21,33.0,2223
2.6,5.6,5.6,12,5,5,72.0,7.2,5,32.0,6,0.28,0.36,0.28,0.36,31.0,0.25,0.3,0.6,1.61,5.0,47.0,0.3,0.25,138.0,2324
2.5,1.7,1.7,5,0,0,23.0,2.5,0,23.0,0,0.16,0.23,0.16,0.23,0.0,0.0,0.0,0.47,2.15,4.0,8.0,0.0,0.0,80.0,1819
4.6,2.5,2.5,10,2,2,60.0,6.2,2,42.0,6,0.11,0.27,0.11,0.27,4.0,0.09,0.26,0.43,1.8,2.0,23.0,0.26,0.09,140.0,1920
0.2,4.6,4.6,10,6,6,76.0,8.1,6,39.0,9,0.17,0.3,0.17,0.3,7.0,0.22,0.34,0.37,1.46,5.0,39.0,0.34,0.22,158.0,2021
0.9,0.5,0.5,3,0,0,22.0,1.1,0,10.0,2,0.09,0.22,0.09,0.22,2.0,0.0,0.38,0.57,1.9,0.0,9.0,0.38,0.0,53.0,2324
0.1,0.4,0.4,4,0,0,17.0,1.2,0,8.0,0,0.02,0.06,0.02,0.06,2.0,0.0,0.0,0.18,0.37,1.0,14.0,0.0,0.0,13.0,2122
0.2,0.8,0.8,2,1,1,15.0,1.7,1,6.0,4,0.08,0.16,0.08,0.16,0.0,0.1,0.38,0.19,0.57,0.0,8.0,0.38,0.1,16.0,2324
0.6,2.6,2.6,6,0,0,61.0,4.8,0,28.0,3,0.14,0.25,0.14,0.25,0.0,0.0,0.16,0.32,1.48,7.0,50.0,0.16,0.0,102.0,2122
0.0,0.6,0.6,3,0,0,14.0,1.3,0,11.0,0,0.08,0.2,0.08,0.2,2.0,0.0,0.0,0.44,1.6,1.0,11.0,0.0,0.0,26.0,2324
0.1,0.9,0.9,4,1,1,52.0,1.3,1,17.0,1,0.04,0.06,0.04,0.06,0.0,0.04,0.04,0.17,0.74,1.0,9.0,0.04,0.04,5.0,2122
0.0,0.1,0.1,1,0,0,8.0,1.1,0,3.0,1,0.01,0.06,0.01,0.06,1.0,0.0,0.05,0.05,0.15,0.0,17.0,0.05,0.0,56.0,2021
4.1,2.9,2.9,10,6,6,65.0,3.6,6,26.0,7,0.29,0.37,0.29,0.37,2.0,0.61,0.72,1.02,2.66,1.0,42.0,0.72,0.61,66.0,2021
8.0,4.1,4.1,15,5,5,96.0,9.0,5,41.0,10,0.25,0.55,0.25,0.55,2.0,0.31,0.61,0.92,2.52,5.0,60.0,0.61,0.31,137.0,2122
7.9,8.0,8.0,25,12,12,144.0,14.6,12,66.0,22,0.33,0.6,0.33,0.6,1.0,0.49,0.9,1.02,2.7,8.0,79.0,0.9,0.49,196.0,2223
9.3,7.9,7.9,21,10,10,132.0,13.9,10,58.0,15,0.4,0.71,0.4,0.71,2.0,0.51,0.77,1.08,2.97,10.0,66.0,0.77,0.51,163.0,2324
2.7,0.8,0.8,3,0,0,9.0,1.3,0,9.0,1,0.09,0.14,0.09,0.14,1.0,0.0,0.11,0.34,1.01,1.0,11.0,0.11,0.0,18.0,2223
0.7,2.7,2.7,10,1,1,41.0,7.3,1,41.0,3,0.08,0.22,0.08,0.22,3.0,0.03,0.09,0.3,1.23,6.0,33.0,0.09,0.03,76.0,2324
0.3,0.3,0.3,1,0,0,15.0,1.3,0,5.0,0,0.03,0.12,0.03,0.12,1.0,0.0,0.0,0.09,0.45,0.0,5.0,0.0,0.0,52.0,2122
0.9,1.5,1.5,4,0,0,33.0,5.0,0,21.0,3,0.11,0.37,0.11,0.37,0.0,0.0,0.22,0.3,1.55,4.0,32.0,0.22,0.0,75.0,1819
0.2,0.9,0.9,3,0,0,12.0,2.0,0,15.0,0,0.08,0.17,0.08,0.17,0.0,0.0,0.0,0.25,1.25,0.0,19.0,0.0,0.0,30.0,1920
3.8,5.3,5.3,18,6,6,72.0,11.8,6,74.0,9,0.18,0.4,0.18,0.4,4.0,0.21,0.31,0.62,2.54,8.0,56.0,0.31,0.21,138.0,1920
7.5,3.8,3.8,23,8,8,59.0,8.9,8,75.0,13,0.16,0.38,0.16,0.38,5.0,0.34,0.56,0.99,3.22,7.0,57.0,0.56,0.34,116.0,2021
8.7,7.5,7.5,33,12,12,73.0,12.7,12,72.0,20,0.28,0.46,0.28,0.46,4.0,0.44,0.73,1.21,2.64,9.0,42.0,0.73,0.44,141.0,2122
6.4,8.7,6.6,27,10,10,103.0,15.9,9,83.0,19,0.31,0.65,0.24,0.58,6.0,0.36,0.69,0.98,3.01,7.0,45.0,0.65,0.33,155.0,2223
5.8,6.4,6.4,23,4,4,112.0,12.4,4,58.0,13,0.27,0.52,0.27,0.52,2.0,0.17,0.55,0.97,2.44,6.0,35.0,0.55,0.17,156.0,2324
2.0,4.1,4.1,8,3,3,85.0,7.4,3,34.0,9,0.12,0.22,0.12,0.22,2.0,0.09,0.26,0.24,1.0,4.0,54.0,0.26,0.09,137.0,1819
0.0,0.3,0.3,3,0,0,19.0,1.7,0,9.0,3,0.02,0.11,0.02,0.11,3.0,0.0,0.19,0.19,0.56,1.0,22.0,0.19,0.0,22.0,2122
0.0,0.5,0.5,3,0,0,11.0,1.8,0,12.0,0,0.03,0.1,0.03,0.1,0.0,0.0,0.0,0.16,0.64,2.0,18.0,0.0,0.0,23.0,1920
2.8,3.1,2.3,8,3,3,68.0,5.2,2,25.0,6,0.15,0.3,0.11,0.26,1.0,0.15,0.3,0.4,1.23,4.0,49.0,0.25,0.1,110.0,2324
2.2,3.4,1.1,4,5,5,47.0,6.4,2,21.0,9,0.17,0.44,0.05,0.32,0.0,0.25,0.45,0.2,1.06,4.0,30.0,0.3,0.1,139.0,1819
0.4,2.2,0.6,2,2,2,11.0,1.3,0,10.0,4,0.21,0.28,0.06,0.13,1.0,0.19,0.38,0.19,0.96,1.0,9.0,0.19,0.0,42.0,1920
0.4,0.4,0.4,3,0,0,18.0,1.2,0,12.0,1,0.03,0.1,0.03,0.1,0.0,0.0,0.08,0.25,1.01,1.0,12.0,0.08,0.0,51.0,2021
0.4,0.4,0.4,2,0,0,12.0,2.5,0,10.0,1,0.04,0.26,0.04,0.26,0.0,0.0,0.11,0.21,1.06,1.0,12.0,0.11,0.0,38.0,2122
0.3,0.4,0.4,1,0,0,24.0,1.3,0,7.0,1,0.04,0.13,0.04,0.13,0.0,0.0,0.1,0.1,0.69,2.0,19.0,0.1,0.0,78.0,2223
0.2,0.3,0.3,1,0,0,17.0,2.0,0,5.0,2,0.03,0.24,0.03,0.24,3.0,0.0,0.23,0.12,0.58,0.0,11.0,0.23,0.0,73.0,2324
1.1,5.1,5.1,19,7,7,56.0,10.6,7,36.0,10,0.4,0.84,0.4,0.84,5.0,0.55,0.79,1.5,2.85,6.0,13.0,0.79,0.55,103.0,1819
2.8,1.1,1.1,1,1,1,8.0,3.3,1,9.0,2,0.23,0.71,0.23,0.71,2.0,0.21,0.43,0.21,1.93,0.0,8.0,0.43,0.21,27.0,1920
1.0,0.5,0.5,2,1,1,8.0,0.7,1,4.0,1,0.08,0.11,0.08,0.11,0.0,0.16,0.16,0.33,0.66,0.0,2.0,0.16,0.16,1.0,2122
0.0,1.0,1.0,2,1,1,3.0,1.0,1,3.0,1,0.27,0.27,0.27,0.27,1.0,0.27,0.27,0.53,0.8,0.0,2.0,0.27,0.27,1.0,2223
7.3,3.4,2.7,15,7,7,34.0,5.9,6,30.0,7,0.16,0.31,0.12,0.27,3.0,0.32,0.32,0.69,1.39,2.0,25.0,0.28,0.28,86.0,1819
0.1,6.0,4.4,16,7,7,32.0,12.3,5,42.0,14,0.18,0.41,0.13,0.37,0.0,0.21,0.42,0.48,1.26,4.0,15.0,0.36,0.15,63.0,2324
2.2,2.4,2.4,11,3,3,37.0,3.1,3,24.0,4,0.41,0.53,0.41,0.53,0.0,0.51,0.68,1.86,4.05,3.0,22.0,0.68,0.51,38.0,2223
3.6,2.2,2.2,11,1,1,67.0,5.0,1,43.0,5,0.19,0.43,0.19,0.43,0.0,0.09,0.43,0.94,3.66,1.0,35.0,0.43,0.09,105.0,2324
1.6,6.1,6.1,22,4,4,89.0,9.3,4,44.0,8,0.36,0.55,0.36,0.55,8.0,0.24,0.47,1.3,2.6,9.0,46.0,0.47,0.24,172.0,2324
19.2,18.3,14.4,33,18,18,145.0,19.5,14,74.0,22,0.6,0.77,0.47,0.64,37.0,0.59,0.73,1.09,2.44,7.0,51.0,0.59,0.46,186.0,1819
19.9,19.2,15.3,37,23,23,168.0,21.2,19,84.0,28,0.57,0.75,0.45,0.63,28.0,0.68,0.83,1.1,2.49,6.0,51.0,0.71,0.56,200.0,1920
10.8,19.9,12.8,28,15,15,163.0,17.5,7,73.0,24,0.63,0.78,0.41,0.55,36.0,0.48,0.76,0.89,2.31,7.0,58.0,0.51,0.22,202.0,2021
6.7,10.8,10.8,25,15,15,104.0,12.2,15,54.0,17,0.54,0.61,0.54,0.61,19.0,0.75,0.85,1.25,2.69,3.0,25.0,0.85,0.75,112.0,2122
11.2,6.7,5.9,13,3,3,71.0,7.3,3,27.0,7,0.32,0.39,0.29,0.35,29.0,0.15,0.34,0.63,1.31,3.0,33.0,0.34,0.15,101.0,2223
1.1,0.8,0.8,1,0,0,12.0,1.5,0,5.0,1,0.03,0.06,0.03,0.06,0.0,0.0,0.04,0.04,0.21,3.0,4.0,0.04,0.0,2.0,1819
0.0,2.2,2.2,7,4,4,33.0,2.6,4,19.0,4,0.08,0.09,0.08,0.09,1.0,0.14,0.14,0.24,0.65,1.0,7.0,0.14,0.14,5.0,2122
0.1,0.2,0.2,2,0,0,7.0,0.9,0,3.0,2,0.03,0.1,0.03,0.1,0.0,0.0,0.24,0.24,0.36,0.0,8.0,0.24,0.0,7.0,1819
1.3,1.2,1.2,6,0,0,20.0,2.1,0,15.0,0,0.05,0.08,0.05,0.08,0.0,0.0,0.0,0.23,0.57,1.0,16.0,0.0,0.0,7.0,2324
1.4,1.4,1.4,4,2,2,19.0,2.2,2,12.0,5,0.12,0.19,0.12,0.19,2.0,0.17,0.44,0.35,1.05,2.0,34.0,0.44,0.17,70.0,2021
1.1,1.4,1.4,6,3,3,26.0,3.5,3,15.0,6,0.1,0.27,0.1,0.27,2.0,0.23,0.45,0.45,1.13,0.0,53.0,0.45,0.23,97.0,2122
2.3,1.1,1.1,7,2,2,31.0,1.9,2,13.0,4,0.11,0.2,0.11,0.2,9.0,0.21,0.41,0.72,1.35,1.0,38.0,0.41,0.21,66.0,2223
0.6,1.3,1.3,3,1,1,38.0,4.6,1,26.0,4,0.05,0.18,0.05,0.18,3.0,0.04,0.15,0.12,1.0,5.0,42.0,0.15,0.04,80.0,1819
0.9,0.6,0.6,4,2,2,29.0,2.2,2,13.0,4,0.03,0.11,0.03,0.11,0.0,0.1,0.21,0.21,0.68,2.0,31.0,0.21,0.1,62.0,1920
1.1,0.9,0.9,3,0,0,11.0,1.0,0,10.0,0,0.17,0.18,0.17,0.18,1.0,0.0,0.0,0.56,1.85,1.0,12.0,0.0,0.0,23.0,2021
3.3,1.1,1.1,3,3,3,11.0,1.2,3,14.0,3,0.12,0.13,0.12,0.13,1.0,0.33,0.33,0.33,1.54,1.0,14.0,0.33,0.33,17.0,2122
0.9,3.3,3.3,14,5,5,48.0,5.4,5,32.0,6,0.13,0.22,0.13,0.22,1.0,0.21,0.25,0.58,1.32,7.0,36.0,0.25,0.21,84.0,2223
0.7,0.9,0.8,3,1,1,17.0,1.3,1,15.0,2,0.07,0.11,0.06,0.1,1.0,0.07,0.15,0.22,1.11,2.0,17.0,0.15,0.07,36.0,2324
0.2,1.4,1.4,2,1,1,39.0,1.6,1,11.0,1,0.16,0.18,0.16,0.18,5.0,0.11,0.11,0.23,1.24,1.0,24.0,0.11,0.11,60.0,2122
0.1,0.2,0.2,1,0,0,3.0,1.8,0,6.0,1,0.01,0.09,0.01,0.09,0.0,0.0,0.05,0.05,0.31,1.0,14.0,0.05,0.0,37.0,2021
0.0,0.1,0.1,1,0,0,2.0,0.6,0,3.0,0,0.01,0.11,0.01,0.11,0.0,0.0,0.0,0.19,0.56,0.0,5.0,0.0,0.0,25.0,2122
1.5,1.4,1.4,5,1,1,18.0,1.8,1,12.0,1,0.08,0.11,0.08,0.11,0.0,0.06,0.06,0.3,0.72,2.0,11.0,0.06,0.06,1.0,1920
0.1,1.5,1.5,8,3,3,46.0,2.1,3,23.0,3,0.05,0.07,0.05,0.07,0.0,0.1,0.1,0.28,0.8,3.0,13.0,0.1,0.1,2.0,2021
0.0,0.4,0.4,2,0,0,10.0,0.7,0,7.0,0,0.05,0.08,0.05,0.08,1.0,0.0,0.0,0.24,0.86,1.0,7.0,0.0,0.0,21.0,2122
1.7,0.5,0.5,2,1,1,2.0,0.5,1,3.0,1,0.12,0.12,0.12,0.12,0.0,0.23,0.23,0.46,0.7,0.0,4.0,0.23,0.23,0.0,2122
11.9,7.1,7.1,16,8,8,103.0,12.0,8,55.0,13,0.25,0.42,0.25,0.42,15.0,0.28,0.46,0.56,1.93,10.0,63.0,0.46,0.28,166.0,2021
8.9,11.9,11.9,34,12,12,139.0,18.0,12,79.0,22,0.36,0.54,0.36,0.54,14.0,0.36,0.66,1.03,2.38,9.0,65.0,0.66,0.36,204.0,2122
11.6,8.9,7.8,21,6,6,157.0,15.2,5,73.0,11,0.25,0.45,0.22,0.42,10.0,0.17,0.31,0.58,2.03,13.0,70.0,0.28,0.14,213.0,2223
0.7,3.9,3.9,12,6,6,52.0,7.1,6,64.0,11,0.14,0.25,0.14,0.25,0.0,0.21,0.39,0.42,2.25,5.0,30.0,0.39,0.21,111.0,1819
2.4,0.7,0.7,7,2,2,14.0,2.8,2,23.0,3,0.04,0.15,0.04,0.15,1.0,0.11,0.16,0.38,1.24,1.0,20.0,0.16,0.11,65.0,1920
1.5,3.2,3.2,9,2,2,34.0,8.0,2,32.0,7,0.12,0.31,0.12,0.31,3.0,0.08,0.27,0.35,1.24,0.0,44.0,0.27,0.08,124.0,1819
0.2,1.5,1.5,8,1,1,19.0,3.4,1,27.0,5,0.11,0.26,0.11,0.26,2.0,0.08,0.38,0.61,2.07,2.0,39.0,0.38,0.08,74.0,1920
0.1,0.9,0.9,2,0,0,10.0,2.6,0,9.0,1,0.13,0.35,0.13,0.35,0.0,0.0,0.13,0.27,1.19,0.0,13.0,0.13,0.0,31.0,2122
0.5,0.7,0.7,2,0,0,11.0,0.9,0,5.0,1,0.03,0.04,0.03,0.04,0.0,0.0,0.04,0.08,0.21,0.0,7.0,0.04,0.0,3.0,1920
0.1,0.5,0.5,2,1,1,20.0,1.3,1,13.0,1,0.03,0.08,0.03,0.08,0.0,0.06,0.06,0.12,0.78,1.0,8.0,0.06,0.06,94.0,1819
0.1,0.1,0.1,2,0,0,13.0,0.6,0,3.0,1,0.01,0.04,0.01,0.04,2.0,0.0,0.06,0.13,0.19,0.0,13.0,0.06,0.0,82.0,1920
1.0,0.8,0.8,2,0,0,19.0,3.2,0,11.0,4,0.04,0.16,0.04,0.16,2.0,0.0,0.2,0.1,0.54,0.0,15.0,0.2,0.0,108.0,2122
0.3,1.0,1.0,6,0,0,37.0,3.5,0,11.0,1,0.04,0.12,0.04,0.12,7.0,0.0,0.03,0.21,0.38,1.0,23.0,0.03,0.0,123.0,2223
2.8,0.5,0.5,5,2,2,18.0,2.4,2,11.0,5,0.05,0.24,0.05,0.24,0.0,0.2,0.5,0.5,1.1,2.0,27.0,0.5,0.2,64.0,1819
0.4,2.8,2.8,6,4,4,33.0,4.2,4,19.0,6,0.19,0.29,0.19,0.29,3.0,0.28,0.41,0.41,1.31,0.0,37.0,0.41,0.28,65.0,1920
2.6,0.4,0.4,1,0,0,15.0,0.7,0,8.0,1,0.07,0.12,0.07,0.12,1.0,0.0,0.17,0.17,1.36,0.0,14.0,0.17,0.0,40.0,2021
0.5,0.3,0.3,1,1,1,21.0,4.2,1,9.0,3,0.01,0.12,0.01,0.12,5.0,0.03,0.09,0.03,0.26,0.0,65.0,0.09,0.03,167.0,2021
0.0,0.6,0.6,1,0,0,35.0,4.6,0,13.0,3,0.02,0.13,0.02,0.13,8.0,0.0,0.09,0.03,0.37,1.0,64.0,0.09,0.0,244.0,2223
0.2,0.1,0.1,1,0,0,13.0,0.8,0,3.0,1,0.01,0.07,0.01,0.07,3.0,0.0,0.08,0.08,0.25,1.0,16.0,0.08,0.0,70.0,2324
0.8,1.4,1.4,8,1,1,29.0,3.5,1,30.0,3,0.05,0.13,0.05,0.13,1.0,0.04,0.11,0.29,1.07,2.0,30.0,0.11,0.04,57.0,2324
0.0,0.7,0.7,1,0,0,8.0,1.7,0,7.0,1,0.03,0.08,0.03,0.08,0.0,0.0,0.05,0.05,0.32,1.0,21.0,0.05,0.0,79.0,1819
0.0,0.1,0.1,1,0,0,4.0,0.2,0,1.0,0,0.04,0.09,0.04,0.09,0.0,0.0,0.0,0.36,0.36,0.0,5.0,0.0,0.0,8.0,2021
0.1,0.9,0.9,3,1,1,45.0,4.0,1,18.0,4,0.04,0.15,0.04,0.15,1.0,0.04,0.15,0.11,0.68,2.0,40.0,0.15,0.04,120.0,2324
0.0,1.5,1.5,8,3,3,24.0,1.9,3,18.0,3,0.11,0.13,0.11,0.13,0.0,0.21,0.21,0.55,1.24,3.0,19.0,0.21,0.21,15.0,1819
0.1,0.7,0.7,1,1,1,10.0,1.0,1,3.0,2,0.13,0.2,0.13,0.2,0.0,0.2,0.39,0.2,0.59,0.0,9.0,0.39,0.2,19.0,2021
0.0,0.8,0.8,2,1,1,26.0,1.4,1,9.0,2,0.08,0.15,0.08,0.15,0.0,0.1,0.2,0.2,0.92,0.0,24.0,0.2,0.1,38.0,2122
7.8,4.9,4.9,12,4,4,62.0,6.1,4,40.0,5,0.2,0.25,0.2,0.25,6.0,0.16,0.2,0.48,1.6,3.0,42.0,0.2,0.16,130.0,2122
11.6,7.8,7.8,23,7,7,91.0,10.4,7,57.0,9,0.3,0.4,0.3,0.4,4.0,0.27,0.35,0.88,2.19,8.0,69.0,0.35,0.27,117.0,2223
0.5,0.7,0.7,2,1,1,15.0,0.8,1,9.0,1,0.03,0.03,0.03,0.03,0.0,0.04,0.04,0.08,0.34,0.0,7.0,0.04,0.04,5.0,2223
0.5,0.1,0.1,2,0,0,9.0,1.1,0,3.0,0,0.02,0.16,0.02,0.16,1.0,0.0,0.0,0.29,0.43,0.0,12.0,0.0,0.0,43.0,1819
2.2,2.7,2.7,14,4,4,22.0,3.6,4,42.0,5,0.1,0.13,0.1,0.13,2.0,0.14,0.18,0.5,1.51,3.0,50.0,0.18,0.14,68.0,2324
1.0,6.6,6.6,17,7,7,52.0,8.1,7,37.0,8,0.45,0.54,0.45,0.54,11.0,0.47,0.54,1.15,2.5,2.0,29.0,0.54,0.47,83.0,1819
0.0,0.7,0.7,4,1,1,11.0,1.0,1,9.0,1,0.25,0.37,0.25,0.37,0.0,0.36,0.36,1.46,3.28,0.0,11.0,0.36,0.36,30.0,2324
0.0,0.1,0.1,1,0,0,6.0,0.7,0,2.0,3,0.0,0.06,0.0,0.06,1.0,0.0,0.25,0.08,0.16,0.0,21.0,0.25,0.0,39.0,1819
0.0,0.3,0.3,2,1,1,8.0,0.6,1,4.0,3,0.02,0.04,0.02,0.04,1.0,0.07,0.21,0.14,0.29,0.0,14.0,0.21,0.07,25.0,2122
1.3,2.5,2.5,9,2,2,47.0,4.0,2,38.0,5,0.09,0.14,0.09,0.14,2.0,0.07,0.17,0.31,1.3,3.0,41.0,0.17,0.07,126.0,2324
1.9,2.0,2.0,18,2,2,43.0,3.2,2,49.0,3,0.2,0.32,0.2,0.32,0.0,0.2,0.3,1.82,4.96,0.0,24.0,0.3,0.2,88.0,1920
0.1,1.9,1.1,9,2,2,30.0,3.2,1,35.0,3,0.19,0.39,0.11,0.31,0.0,0.2,0.29,0.88,3.43,1.0,19.0,0.2,0.1,73.0,2021
2.7,2.0,2.0,10,4,4,62.0,5.8,4,24.0,9,0.13,0.39,0.13,0.39,2.0,0.27,0.6,0.67,1.6,1.0,32.0,0.6,0.27,131.0,1718
2.0,2.7,2.7,5,3,3,31.0,3.6,3,19.0,3,0.4,0.54,0.4,0.54,0.0,0.45,0.45,0.75,2.86,3.0,13.0,0.45,0.45,44.0,1819
0.0,2.0,2.0,3,0,0,28.0,2.7,0,16.0,1,0.34,0.48,0.34,0.48,1.0,0.0,0.18,0.53,2.8,2.0,13.0,0.18,0.0,29.0,1920
3.0,8.8,8.0,26,8,8,82.0,8.6,7,66.0,9,0.39,0.42,0.36,0.38,22.0,0.36,0.4,1.16,2.95,6.0,62.0,0.36,0.31,126.0,1920
4.8,3.0,3.0,9,1,1,55.0,4.1,1,31.0,3,0.22,0.29,0.22,0.29,14.0,0.07,0.21,0.64,2.21,2.0,49.0,0.21,0.07,79.0,2021
3.5,4.8,4.8,11,2,2,54.0,6.9,2,41.0,4,0.31,0.45,0.31,0.45,17.0,0.13,0.26,0.72,2.67,6.0,29.0,0.26,0.13,60.0,2122
0.0,0.6,0.6,2,2,2,15.0,1.3,2,8.0,2,0.03,0.07,0.03,0.07,0.0,0.1,0.1,0.1,0.4,1.0,28.0,0.1,0.1,23.0,2021
0.2,1.2,1.2,5,0,0,7.0,2.3,0,20.0,2,0.1,0.2,0.1,0.2,0.0,0.0,0.18,0.45,1.78,4.0,22.0,0.18,0.0,25.0,2021
0.6,2.5,2.5,9,1,1,33.0,4.3,1,26.0,2,0.15,0.27,0.15,0.27,2.0,0.06,0.12,0.56,1.62,1.0,45.0,0.12,0.06,71.0,2122
0.8,0.4,0.4,3,0,0,9.0,0.8,0,8.0,0,0.04,0.08,0.04,0.08,2.0,0.0,0.0,0.33,0.89,2.0,9.0,0.0,0.0,18.0,2223
0.0,0.8,0.8,3,1,1,2.0,0.9,1,8.0,1,0.13,0.15,0.13,0.15,0.0,0.16,0.16,0.48,1.27,1.0,8.0,0.16,0.16,9.0,2324
0.9,1.9,1.9,11,2,2,23.0,6.8,2,35.0,8,0.06,0.23,0.06,0.23,0.0,0.07,0.28,0.38,1.2,5.0,50.0,0.28,0.07,53.0,1718
1.2,2.0,2.0,4,1,1,12.0,2.2,1,8.0,1,0.09,0.1,0.09,0.1,0.0,0.05,0.05,0.18,0.37,1.0,5.0,0.05,0.05,3.0,2021
0.6,0.7,0.7,3,0,0,24.0,1.2,0,9.0,0,0.03,0.04,0.03,0.04,0.0,0.0,0.0,0.11,0.32,1.0,20.0,0.0,0.0,20.0,2223
0.7,0.3,0.3,1,0,0,4.0,0.3,0,3.0,0,0.07,0.07,0.07,0.07,1.0,0.0,0.0,0.25,0.74,0.0,4.0,0.0,0.0,2.0,1920
0.8,2.6,2.6,6,1,1,27.0,3.6,1,19.0,1,0.08,0.1,0.08,0.1,0.0,0.03,0.03,0.17,0.55,6.0,22.0,0.03,0.03,8.0,2122
0.6,0.8,0.8,4,0,0,24.0,1.0,0,14.0,0,0.03,0.03,0.03,0.03,1.0,0.0,0.0,0.13,0.44,4.0,23.0,0.0,0.0,6.0,2223
0.5,1.5,1.5,5,1,1,24.0,2.4,1,14.0,2,0.1,0.16,0.1,0.16,0.0,0.07,0.13,0.33,0.93,2.0,25.0,0.13,0.07,37.0,2223
0.3,0.5,0.5,3,0,0,5.0,0.6,0,7.0,0,0.07,0.08,0.07,0.08,0.0,0.0,0.0,0.38,0.89,0.0,13.0,0.0,0.0,12.0,2324
0.7,0.8,0.8,3,0,0,17.0,1.5,0,13.0,1,0.07,0.12,0.07,0.12,0.0,0.0,0.08,0.25,1.09,3.0,14.0,0.08,0.0,27.0,1819
0.1,0.7,0.7,4,1,1,13.0,1.2,1,10.0,2,0.1,0.17,0.1,0.17,1.0,0.14,0.29,0.57,1.43,0.0,19.0,0.29,0.14,15.0,1920
1.9,2.3,2.1,6,2,2,22.0,3.4,2,31.0,4,0.1,0.15,0.09,0.14,0.0,0.08,0.17,0.25,1.3,2.0,41.0,0.17,0.08,25.0,2021
1.2,1.9,1.9,2,1,1,17.0,2.7,1,17.0,2,0.17,0.24,0.17,0.24,0.0,0.09,0.18,0.18,1.52,1.0,21.0,0.18,0.09,39.0,2122
1.8,1.2,1.2,8,3,3,27.0,2.3,3,21.0,4,0.08,0.16,0.08,0.16,1.0,0.21,0.28,0.55,1.45,1.0,34.0,0.28,0.21,37.0,2223
1.0,0.6,0.6,1,1,1,16.0,1.2,1,10.0,1,0.03,0.05,0.03,0.05,0.0,0.04,0.04,0.04,0.44,0.0,12.0,0.04,0.04,10.0,2021
0.4,1.0,1.0,3,1,1,31.0,3.2,1,12.0,4,0.03,0.1,0.03,0.1,3.0,0.03,0.12,0.09,0.36,0.0,46.0,0.12,0.03,107.0,2122
0.3,0.4,0.4,1,0,0,18.0,1.2,0,5.0,0,0.01,0.04,0.01,0.04,4.0,0.0,0.0,0.04,0.18,0.0,39.0,0.0,0.0,134.0,2223
0.3,0.3,0.3,1,0,0,6.0,0.5,0,4.0,0,0.02,0.03,0.02,0.03,0.0,0.0,0.0,0.07,0.27,1.0,21.0,0.0,0.0,23.0,2324
0.5,2.8,2.8,8,3,3,33.0,3.6,3,13.0,3,0.56,0.71,0.56,0.71,5.0,0.59,0.59,1.56,2.54,1.0,20.0,0.59,0.59,50.0,1819
2.6,3.7,3.7,12,4,4,42.0,7.2,4,36.0,9,0.15,0.29,0.15,0.29,0.0,0.16,0.36,0.48,1.43,4.0,75.0,0.36,0.16,100.0,1920
1.0,2.6,2.6,10,2,2,45.0,8.7,2,29.0,6,0.11,0.38,0.11,0.38,1.0,0.09,0.26,0.44,1.26,3.0,49.0,0.26,0.09,96.0,2021
0.5,1.0,1.0,8,2,2,13.0,3.7,2,24.0,4,0.05,0.19,0.05,0.19,1.0,0.1,0.2,0.4,1.2,2.0,41.0,0.2,0.1,49.0,2122
0.0,1.4,1.4,7,2,2,25.0,3.3,2,36.0,3,0.05,0.11,0.05,0.11,1.0,0.07,0.1,0.24,1.21,4.0,46.0,0.1,0.07,67.0,1819
5.9,13.8,13.8,34,14,14,131.0,17.0,14,97.0,16,0.5,0.62,0.5,0.62,36.0,0.51,0.58,1.23,3.52,8.0,100.0,0.58,0.51,169.0,1819
0.3,5.9,5.2,11,3,3,53.0,6.4,2,34.0,4,0.51,0.61,0.44,0.54,12.0,0.26,0.34,0.94,2.91,4.0,42.0,0.26,0.17,63.0,1920
5.8,8.6,7.8,13,7,7,49.0,9.2,6,28.0,8,0.78,0.9,0.7,0.83,13.0,0.63,0.72,1.17,2.53,0.0,46.0,0.63,0.54,74.0,2021
3.4,5.8,5.8,18,5,5,63.0,7.1,5,37.0,6,0.46,0.56,0.46,0.56,13.0,0.39,0.47,1.41,2.91,4.0,28.0,0.47,0.39,46.0,2122
10.9,3.4,3.4,7,2,2,38.0,4.0,2,27.0,2,0.39,0.47,0.39,0.47,8.0,0.23,0.23,0.82,3.16,3.0,27.0,0.23,0.23,43.0,2223
13.5,10.9,9.4,25,16,16,102.0,12.5,14,44.0,21,0.43,0.56,0.37,0.49,24.0,0.63,0.83,0.99,1.74,6.0,89.0,0.75,0.55,135.0,2324
2.1,1.0,1.0,4,0,0,22.0,2.1,0,18.0,0,0.06,0.13,0.06,0.13,0.0,0.0,0.0,0.24,1.08,0.0,41.0,0.0,0.0,65.0,1920
1.9,2.1,2.1,5,1,1,54.0,4.6,1,23.0,2,0.09,0.2,0.09,0.2,0.0,0.04,0.09,0.22,0.99,3.0,72.0,0.09,0.04,97.0,2021
2.5,1.9,1.9,7,2,2,42.0,4.6,2,31.0,5,0.07,0.18,0.07,0.18,0.0,0.08,0.19,0.27,1.2,5.0,60.0,0.19,0.08,90.0,2122
1.6,2.5,2.5,13,2,2,45.0,7.7,2,38.0,8,0.09,0.29,0.09,0.29,1.0,0.07,0.3,0.48,1.41,1.0,64.0,0.3,0.07,110.0,2223
0.8,1.4,1.4,5,1,1,20.0,2.5,1,13.0,1,0.13,0.22,0.13,0.22,0.0,0.09,0.09,0.44,1.14,3.0,27.0,0.09,0.09,55.0,1819
0.1,0.8,0.8,4,2,2,13.0,1.5,2,14.0,2,0.07,0.13,0.07,0.13,1.0,0.18,0.18,0.36,1.28,0.0,27.0,0.18,0.18,43.0,1920
0.1,3.0,3.0,10,1,1,37.0,5.2,1,32.0,4,0.11,0.2,0.11,0.2,1.0,0.04,0.15,0.38,1.23,4.0,41.0,0.15,0.04,61.0,2122
0.4,0.1,0.1,2,0,0,6.0,0.7,0,5.0,0,0.01,0.06,0.01,0.06,0.0,0.0,0.0,0.17,0.42,1.0,16.0,0.0,0.0,30.0,2223
1.7,1.8,1.8,6,3,3,43.0,2.7,3,19.0,3,0.08,0.12,0.08,0.12,9.0,0.13,0.13,0.26,0.83,5.0,31.0,0.13,0.13,78.0,1819
1.1,1.7,1.7,6,2,2,36.0,3.3,2,22.0,4,0.08,0.16,0.08,0.16,4.0,0.09,0.19,0.28,1.03,2.0,39.0,0.19,0.09,61.0,1920
0.1,1.1,1.1,2,2,2,11.0,2.2,2,10.0,3,0.07,0.14,0.07,0.14,3.0,0.13,0.19,0.13,0.63,1.0,14.0,0.19,0.13,24.0,2021
0.8,5.5,4.7,14,3,3,75.0,7.7,3,36.0,6,0.19,0.3,0.17,0.27,3.0,0.11,0.21,0.49,1.27,3.0,75.0,0.21,0.11,145.0,1819
0.0,1.0,1.0,3,2,2,14.0,2.2,2,4.0,3,0.12,0.25,0.12,0.25,0.0,0.23,0.34,0.34,0.46,0.0,22.0,0.34,0.23,44.0,1920
0.2,1.7,1.7,5,1,1,27.0,3.9,1,15.0,3,0.14,0.34,0.14,0.34,2.0,0.09,0.26,0.43,1.28,0.0,33.0,0.26,0.09,62.0,2021
0.8,0.2,0.2,1,0,0,10.0,1.1,0,3.0,1,0.08,0.5,0.08,0.5,1.0,0.0,0.45,0.45,1.36,0.0,2.0,0.45,0.0,15.0,2122
0.3,0.8,0.8,7,0,0,11.0,1.6,0,10.0,0,0.21,0.44,0.21,0.44,0.0,0.0,0.0,1.87,2.68,1.0,12.0,0.0,0.0,25.0,2223
1.3,1.2,1.2,1,0,0,17.0,2.7,0,27.0,1,0.05,0.11,0.05,0.11,0.0,0.0,0.04,0.04,1.14,1.0,17.0,0.04,0.0,28.0,1718
2.6,1.2,1.2,2,1,1,14.0,2.6,1,30.0,3,0.04,0.09,0.04,0.09,1.0,0.03,0.1,0.07,1.0,2.0,29.0,0.1,0.03,13.0,1920
1.1,2.7,2.7,9,1,1,40.0,4.8,1,34.0,2,0.1,0.18,0.1,0.18,4.0,0.04,0.07,0.34,1.27,3.0,26.0,0.07,0.04,51.0,2324
0.0,0.7,0.7,2,0,0,9.0,2.7,0,8.0,2,0.03,0.12,0.03,0.12,0.0,0.0,0.09,0.09,0.34,2.0,11.0,0.09,0.0,2.0,1819
1.7,1.3,1.3,3,1,1,35.0,3.2,1,23.0,1,0.05,0.11,0.05,0.11,4.0,0.03,0.03,0.1,0.8,4.0,11.0,0.03,0.03,17.0,2324
1.7,3.2,3.2,8,4,4,57.0,4.4,4,28.0,5,0.17,0.24,0.17,0.24,1.0,0.22,0.27,0.43,1.51,1.0,30.0,0.27,0.22,95.0,1819
1.9,1.7,1.7,9,3,3,30.0,2.6,3,18.0,4,0.15,0.22,0.15,0.22,1.0,0.26,0.35,0.78,1.56,2.0,25.0,0.35,0.26,53.0,1920
3.4,1.9,1.9,10,2,2,46.0,4.0,2,18.0,5,0.12,0.25,0.12,0.25,0.0,0.13,0.32,0.63,1.13,2.0,32.0,0.32,0.13,75.0,2021
3.2,3.4,3.4,9,4,4,59.0,4.9,4,33.0,5,0.16,0.24,0.16,0.24,0.0,0.19,0.24,0.44,1.6,4.0,42.0,0.24,0.19,60.0,2122
1.8,3.2,3.2,9,3,3,48.0,4.6,3,28.0,4,0.11,0.17,0.11,0.17,0.0,0.11,0.14,0.32,1.0,5.0,33.0,0.14,0.11,67.0,2223
0.2,1.8,1.8,11,2,2,27.0,4.1,2,19.0,4,0.12,0.27,0.12,0.27,0.0,0.13,0.27,0.73,1.26,1.0,41.0,0.27,0.13,52.0,2324
0.2,0.5,0.5,5,1,1,13.0,0.6,1,9.0,1,0.03,0.04,0.03,0.04,3.0,0.06,0.06,0.29,0.53,0.0,7.0,0.06,0.06,3.0,1920
0.2,0.5,0.5,1,0,0,8.0,0.5,0,6.0,0,0.04,0.04,0.04,0.04,0.0,0.0,0.0,0.08,0.48,1.0,2.0,0.0,0.0,3.0,2122
1.5,1.7,0.9,6,2,2,14.0,1.0,1,8.0,2,0.43,0.44,0.23,0.24,0.0,0.49,0.49,1.48,1.98,1.0,6.0,0.25,0.25,14.0,2122
1.5,1.5,1.5,7,3,3,40.0,2.8,3,27.0,4,0.09,0.16,0.09,0.16,0.0,0.18,0.24,0.41,1.59,1.0,28.0,0.24,0.18,40.0,2223
0.7,1.5,1.5,3,0,0,23.0,2.5,0,16.0,2,0.13,0.22,0.13,0.22,1.0,0.0,0.18,0.27,1.42,1.0,19.0,0.18,0.0,53.0,2324
3.6,1.5,1.5,2,2,2,22.0,1.5,2,11.0,2,0.31,0.32,0.31,0.32,7.0,0.42,0.42,0.42,2.3,0.0,12.0,0.42,0.42,30.0,2324
2.0,0.9,0.9,3,2,2,24.0,2.4,2,7.0,2,0.15,0.41,0.15,0.41,1.0,0.34,0.34,0.51,1.18,1.0,15.0,0.34,0.34,51.0,2021
7.2,4.4,4.4,11,3,3,61.0,6.3,3,40.0,4,0.17,0.24,0.17,0.24,2.0,0.12,0.15,0.43,1.55,4.0,16.0,0.15,0.12,60.0,2324
3.0,1.3,1.3,3,1,1,30.0,3.2,1,12.0,4,0.04,0.1,0.04,0.1,1.0,0.03,0.13,0.1,0.39,0.0,29.0,0.13,0.03,145.0,1920
0.5,3.0,3.0,12,2,2,31.0,4.3,2,23.0,2,0.1,0.15,0.1,0.15,4.0,0.07,0.07,0.41,0.78,1.0,32.0,0.07,0.07,113.0,2021
5.3,1.3,1.3,6,4,4,32.0,2.4,4,14.0,4,0.14,0.27,0.14,0.27,1.0,0.44,0.44,0.66,1.53,3.0,29.0,0.44,0.44,78.0,2021
2.1,5.3,5.3,19,5,5,70.0,7.2,5,51.0,7,0.27,0.36,0.27,0.36,12.0,0.25,0.35,0.96,2.58,7.0,35.0,0.35,0.25,140.0,2122
1.8,2.1,2.1,4,1,1,27.0,3.3,1,13.0,2,0.29,0.46,0.29,0.46,1.0,0.14,0.28,0.55,1.79,2.0,12.0,0.28,0.14,36.0,2223
2.8,1.8,1.8,8,2,2,26.0,3.4,2,18.0,5,0.25,0.48,0.25,0.48,2.0,0.28,0.71,1.14,2.56,1.0,17.0,0.71,0.28,54.0,2324
0.2,0.2,0.2,4,1,1,3.0,2.1,1,9.0,2,0.01,0.08,0.01,0.08,1.0,0.04,0.07,0.14,0.32,1.0,35.0,0.07,0.04,23.0,2021
0.4,0.2,0.2,1,1,1,4.0,0.9,1,6.0,2,0.01,0.06,0.01,0.06,0.0,0.06,0.13,0.06,0.39,0.0,25.0,0.13,0.06,13.0,2122
4.4,3.4,3.4,8,3,3,60.0,4.2,3,27.0,4,0.21,0.26,0.21,0.26,7.0,0.19,0.25,0.5,1.68,3.0,37.0,0.25,0.19,105.0,1819
3.6,4.4,4.4,20,11,11,149.0,7.7,11,57.0,13,0.16,0.28,0.16,0.28,10.0,0.39,0.47,0.72,2.04,5.0,63.0,0.47,0.39,250.0,1920
1.0,3.6,3.6,15,4,4,74.0,4.5,4,32.0,6,0.18,0.23,0.18,0.23,9.0,0.2,0.3,0.76,1.61,2.0,57.0,0.3,0.2,169.0,2021
1.0,1.0,1.0,5,0,0,59.0,2.2,0,21.0,0,0.12,0.26,0.12,0.26,3.0,0.0,0.0,0.59,2.47,3.0,21.0,0.0,0.0,77.0,2122
1.9,1.0,1.0,5,0,0,34.0,1.8,0,15.0,2,0.13,0.24,0.13,0.24,2.0,0.0,0.27,0.67,2.01,1.0,19.0,0.27,0.0,58.0,2122
4.3,1.9,1.9,3,2,2,37.0,4.7,2,13.0,7,0.22,0.54,0.22,0.54,1.0,0.23,0.81,0.35,1.5,1.0,31.0,0.81,0.23,78.0,2223
2.3,4.3,4.3,19,6,6,87.0,8.5,6,39.0,12,0.19,0.38,0.19,0.38,9.0,0.27,0.54,0.86,1.76,6.0,42.0,0.54,0.27,170.0,2324
8.2,7.6,7.6,19,8,8,122.0,13.8,8,38.0,15,0.25,0.46,0.25,0.46,8.0,0.27,0.5,0.63,1.26,6.0,88.0,0.5,0.27,250.0,2223
4.1,8.2,8.2,21,9,9,205.0,14.0,9,55.0,16,0.33,0.56,0.33,0.56,12.0,0.36,0.64,0.84,2.2,5.0,51.0,0.64,0.36,348.0,2324
0.7,2.8,2.8,7,2,2,118.0,5.7,2,36.0,5,0.11,0.22,0.11,0.22,6.0,0.08,0.19,0.27,1.4,4.0,84.0,0.19,0.08,281.0,2021
2.7,0.7,0.7,2,1,1,21.0,2.4,1,5.0,3,0.13,0.45,0.13,0.45,0.0,0.19,0.58,0.38,0.96,1.0,28.0,0.58,0.19,43.0,2122
2.5,2.7,2.7,12,6,6,89.0,7.5,6,26.0,8,0.19,0.53,0.19,0.53,0.0,0.42,0.56,0.84,1.81,2.0,44.0,0.56,0.42,156.0,2223
1.3,0.6,0.6,4,1,1,12.0,0.8,1,6.0,1,0.48,0.64,0.48,0.64,0.0,0.81,0.81,3.24,4.86,2.0,2.0,0.81,0.81,19.0,2324
0.0,0.3,0.3,2,0,0,10.0,0.5,0,5.0,1,0.17,0.28,0.17,0.28,0.0,0.0,0.51,1.02,2.56,2.0,6.0,0.51,0.0,20.0,2223
0.2,0.6,0.6,2,1,1,51.0,2.9,1,8.0,3,0.03,0.12,0.03,0.12,2.0,0.04,0.12,0.08,0.33,0.0,28.0,0.12,0.04,130.0,1920
0.1,0.2,0.2,1,0,0,28.0,1.0,0,5.0,2,0.01,0.06,0.01,0.06,4.0,0.0,0.12,0.06,0.3,1.0,26.0,0.12,0.0,87.0,2021
0.5,0.1,0.1,1,0,0,21.0,1.4,0,3.0,1,0.0,0.09,0.0,0.09,0.0,0.0,0.06,0.06,0.19,0.0,18.0,0.06,0.0,78.0,2122
1.5,0.7,0.7,2,1,1,6.0,0.8,1,6.0,1,0.22,0.25,0.22,0.25,1.0,0.3,0.3,0.6,1.81,0.0,6.0,0.3,0.3,31.0,2425
5.9,8.0,8.0,18,5,5,95.0,13.5,5,54.0,9,0.37,0.62,0.37,0.62,3.0,0.23,0.41,0.82,2.46,7.0,84.0,0.41,0.23,154.0,2122
0.2,5.9,5.9,19,7,7,94.0,8.8,7,45.0,9,0.32,0.47,0.32,0.47,3.0,0.38,0.48,1.02,2.41,10.0,65.0,0.48,0.38,136.0,2223
2.1,0.7,0.7,2,0,0,20.0,1.7,0,14.0,0,0.14,0.36,0.14,0.36,2.0,0.0,0.0,0.42,2.93,1.0,18.0,0.0,0.0,34.0,2324
1.9,4.7,3.9,13,4,4,49.0,6.6,3,31.0,6,0.25,0.4,0.21,0.36,7.0,0.22,0.32,0.7,1.68,3.0,42.0,0.27,0.16,109.0,1819
4.5,1.9,1.9,6,1,1,32.0,2.9,1,22.0,1,0.18,0.28,0.18,0.28,0.0,0.1,0.1,0.58,2.12,1.0,25.0,0.1,0.1,73.0,1920
1.0,0.6,0.6,6,2,2,8.0,1.0,2,8.0,2,0.16,0.24,0.16,0.24,1.0,0.49,0.49,1.47,1.96,2.0,12.0,0.49,0.49,22.0,2122
1.8,0.4,0.4,4,2,2,12.0,0.5,2,6.0,2,0.12,0.14,0.12,0.14,2.0,0.61,0.61,1.22,1.82,1.0,13.0,0.61,0.61,12.0,2021
4.1,1.8,1.8,5,2,2,19.0,1.9,2,9.0,3,0.47,0.51,0.47,0.51,1.0,0.53,0.79,1.32,2.38,1.0,16.0,0.79,0.53,11.0,2122
1.5,4.1,3.3,7,4,4,34.0,3.7,3,18.0,4,0.45,0.49,0.36,0.4,1.0,0.44,0.44,0.76,1.96,3.0,26.0,0.33,0.33,42.0,2223
0.3,0.2,0.2,1,0,0,9.0,0.4,0,7.0,0,0.02,0.03,0.02,0.03,0.0,0.0,0.0,0.07,0.5,1.0,19.0,0.0,0.0,17.0,1819
1.2,0.2,0.2,1,0,0,7.0,0.5,0,6.0,0,0.05,0.14,0.05,0.14,0.0,0.0,0.0,0.29,1.74,2.0,9.0,0.0,0.0,17.0,2223
0.1,1.2,1.2,2,1,1,14.0,1.3,1,7.0,1,0.15,0.16,0.15,0.16,1.0,0.13,0.13,0.25,0.88,0.0,19.0,0.13,0.13,29.0,2324
0.0,3.3,3.3,8,2,2,46.0,4.0,2,19.0,2,0.38,0.46,0.38,0.46,5.0,0.23,0.23,0.92,2.2,3.0,20.0,0.23,0.23,55.0,1819
0.2,0.2,0.2,2,1,1,23.0,3.8,1,9.0,7,0.01,0.13,0.01,0.13,3.0,0.03,0.24,0.07,0.3,1.0,52.0,0.24,0.03,180.0,2324
0.0,0.5,0.5,1,1,1,7.0,0.7,1,1.0,1,0.37,0.57,0.37,0.57,1.0,0.81,0.81,0.81,0.81,0.0,5.0,0.81,0.81,9.0,2223
0.3,1.5,1.5,11,1,1,82.0,7.7,1,32.0,6,0.05,0.26,0.05,0.26,8.0,0.03,0.2,0.37,1.06,2.0,17.0,0.2,0.03,288.0,1819
1.1,0.3,0.3,2,0,0,60.0,8.0,0,11.0,7,0.01,0.21,0.01,0.21,3.0,0.0,0.19,0.05,0.29,1.0,32.0,0.19,0.0,349.0,1920
0.3,0.4,0.4,1,0,0,27.0,5.0,0,10.0,3,0.02,0.25,0.02,0.25,2.0,0.0,0.15,0.05,0.5,0.0,14.0,0.15,0.0,181.0,2122
0.1,0.3,0.3,3,0,0,29.0,3.1,0,10.0,0,0.01,0.14,0.01,0.14,7.0,0.0,0.0,0.14,0.45,0.0,17.0,0.0,0.0,207.0,2223
0.5,0.1,0.1,2,0,0,17.0,2.1,0,7.0,2,0.01,0.09,0.01,0.09,1.0,0.0,0.09,0.09,0.31,1.0,21.0,0.09,0.0,141.0,2324
0.6,0.2,0.2,1,0,0,11.0,2.2,0,5.0,1,0.03,0.27,0.03,0.27,1.0,0.0,0.12,0.12,0.62,1.0,11.0,0.12,0.0,37.0,1819
6.9,8.9,8.9,25,13,13,108.0,10.4,13,61.0,15,0.4,0.47,0.4,0.47,26.0,0.59,0.68,1.13,2.75,6.0,94.0,0.68,0.59,134.0,1920
0.6,0.8,0.8,2,0,0,10.0,1.1,0,11.0,0,0.03,0.04,0.03,0.04,1.0,0.0,0.0,0.08,0.45,2.0,15.0,0.0,0.0,4.0,2324
0.0,1.6,1.6,7,4,4,32.0,2.6,4,22.0,5,0.16,0.26,0.16,0.26,1.0,0.4,0.51,0.71,2.22,2.0,24.0,0.51,0.4,53.0,1819
2.6,2.5,2.5,8,1,1,65.0,4.5,1,30.0,2,0.1,0.18,0.1,0.18,1.0,0.04,0.08,0.32,1.2,2.0,46.0,0.08,0.04,141.0,2223
4.2,2.6,2.6,11,2,2,67.0,3.8,2,37.0,3,0.12,0.18,0.12,0.18,1.0,0.1,0.15,0.53,1.79,6.0,54.0,0.15,0.1,120.0,2324
5.2,7.0,6.2,19,7,7,83.0,9.1,6,51.0,10,0.25,0.36,0.22,0.33,19.0,0.25,0.36,0.69,1.84,3.0,79.0,0.32,0.22,155.0,1819
1.8,5.2,4.5,10,7,7,49.0,5.3,6,27.0,8,0.31,0.36,0.26,0.31,9.0,0.41,0.47,0.59,1.59,1.0,42.0,0.41,0.35,73.0,1920
2.2,1.8,1.0,3,1,1,21.0,1.2,0,12.0,3,0.28,0.31,0.15,0.18,2.0,0.16,0.47,0.47,1.89,2.0,30.0,0.32,0.0,22.0,2021
1.2,0.9,0.9,1,1,1,13.0,1.1,1,10.0,1,0.06,0.07,0.06,0.07,0.0,0.06,0.06,0.06,0.59,0.0,3.0,0.06,0.06,1.0,1920
1.8,0.7,0.7,3,0,0,32.0,2.4,0,8.0,3,0.02,0.07,0.02,0.07,1.0,0.0,0.09,0.09,0.25,1.0,8.0,0.09,0.0,4.0,2122
2.0,1.6,1.6,6,0,0,42.0,3.0,0,21.0,2,0.12,0.22,0.12,0.22,0.0,0.0,0.15,0.44,1.55,4.0,28.0,0.15,0.0,97.0,2021
3.0,2.0,2.0,4,1,1,33.0,3.1,1,21.0,2,0.13,0.19,0.13,0.19,1.0,0.06,0.12,0.24,1.28,4.0,16.0,0.12,0.06,109.0,2122
1.4,3.0,3.0,6,3,3,58.0,5.9,3,26.0,6,0.12,0.24,0.12,0.24,6.0,0.12,0.24,0.24,1.06,1.0,39.0,0.24,0.12,186.0,2223
1.9,2.6,2.6,17,4,4,32.0,7.6,4,58.0,8,0.08,0.24,0.08,0.24,4.0,0.13,0.25,0.53,1.82,2.0,45.0,0.25,0.13,92.0,1819
1.7,1.9,1.9,7,2,2,38.0,5.3,2,29.0,4,0.08,0.21,0.08,0.21,2.0,0.08,0.16,0.28,1.16,3.0,36.0,0.16,0.08,82.0,1920
0.8,1.7,1.7,4,1,1,29.0,4.9,1,24.0,7,0.06,0.19,0.06,0.18,0.0,0.04,0.26,0.15,0.9,1.0,33.0,0.26,0.04,59.0,2021
0.9,0.8,0.8,1,0,0,23.0,2.5,0,16.0,1,0.03,0.09,0.03,0.09,1.0,0.0,0.04,0.04,0.57,1.0,36.0,0.04,0.0,64.0,2122
0.2,0.9,0.9,3,0,0,8.0,1.5,0,13.0,1,0.05,0.08,0.05,0.08,0.0,0.0,0.06,0.17,0.73,0.0,16.0,0.06,0.0,22.0,2223
4.8,0.2,0.2,1,0,0,3.0,0.2,0,6.0,0,0.04,0.05,0.04,0.05,0.0,0.0,0.0,0.24,1.42,1.0,5.0,0.0,0.0,1.0,2324
6.0,3.2,3.2,12,6,6,60.0,6.8,6,23.0,6,0.17,0.36,0.17,0.36,2.0,0.32,0.32,0.64,1.22,2.0,31.0,0.32,0.32,170.0,1819
0.6,6.0,3.7,11,8,8,68.0,9.2,6,31.0,11,0.26,0.51,0.16,0.4,7.0,0.35,0.48,0.48,1.35,2.0,31.0,0.39,0.26,178.0,1920
2.0,0.6,0.6,5,2,2,35.0,3.5,2,10.0,8,0.04,0.25,0.04,0.25,2.0,0.14,0.56,0.35,0.7,1.0,29.0,0.56,0.14,121.0,2021
0.7,2.0,2.0,3,0,0,20.0,3.4,0,10.0,1,0.38,0.65,0.38,0.65,0.0,0.0,0.19,0.57,1.91,0.0,6.0,0.19,0.0,46.0,2122
10.4,8.0,8.0,30,5,5,129.0,14.6,5,70.0,11,0.37,0.68,0.37,0.68,8.0,0.23,0.51,1.4,3.27,9.0,57.0,0.51,0.23,198.0,1819
6.9,10.4,9.7,39,9,9,143.0,12.7,9,77.0,11,0.47,0.61,0.43,0.57,7.0,0.4,0.49,1.75,3.46,5.0,58.0,0.49,0.4,222.0,1920
4.6,6.9,6.3,22,8,8,142.0,8.5,7,53.0,11,0.32,0.42,0.3,0.4,4.0,0.37,0.51,1.02,2.47,8.0,65.0,0.47,0.33,187.0,2021
3.4,4.6,4.6,16,6,6,85.0,6.8,6,35.0,7,0.4,0.6,0.4,0.6,1.0,0.53,0.61,1.4,3.07,5.0,28.0,0.61,0.53,93.0,2122
0.6,3.4,3.4,8,3,3,37.0,4.7,3,22.0,4,0.33,0.45,0.33,0.45,2.0,0.28,0.38,0.76,2.08,5.0,29.0,0.38,0.28,61.0,2223
2.1,0.6,0.6,2,0,0,17.0,1.4,0,4.0,0,0.13,0.29,0.13,0.29,0.0,0.0,0.0,0.42,0.84,0.0,8.0,0.0,0.0,57.0,2324
1.4,0.7,0.7,4,2,2,11.0,0.8,2,10.0,2,0.04,0.04,0.04,0.04,5.0,0.11,0.11,0.22,0.54,0.0,5.0,0.11,0.11,6.0,1920
0.5,1.4,1.4,3,1,1,12.0,1.9,1,8.0,1,0.06,0.08,0.06,0.08,3.0,0.04,0.04,0.13,0.35,2.0,5.0,0.04,0.04,2.0,2021
0.0,0.6,0.6,2,1,1,7.0,0.9,1,8.0,1,0.07,0.12,0.07,0.12,0.0,0.13,0.13,0.27,1.08,3.0,13.0,0.13,0.13,33.0,2021
0.0,0.3,0.3,1,0,0,8.0,0.7,0,5.0,0,0.03,0.06,0.03,0.06,0.0,0.0,0.0,0.08,0.42,0.0,10.0,0.0,0.0,13.0,1819
0.8,0.2,0.2,2,0,0,6.0,0.3,0,6.0,0,0.01,0.02,0.01,0.02,1.0,0.0,0.0,0.12,0.37,1.0,13.0,0.0,0.0,5.0,2223
0.3,0.8,0.8,2,0,0,28.0,2.1,0,19.0,1,0.04,0.1,0.04,0.1,0.0,0.0,0.05,0.1,0.96,4.0,25.0,0.05,0.0,105.0,2324
0.6,0.5,0.5,1,0,0,20.0,2.3,0,7.0,0,0.02,0.09,0.02,0.09,3.0,0.0,0.0,0.04,0.29,1.0,22.0,0.0,0.0,60.0,2223
0.4,0.6,0.6,1,1,1,20.0,1.9,1,11.0,5,0.02,0.08,0.02,0.08,1.0,0.04,0.2,0.04,0.44,1.0,22.0,0.2,0.04,75.0,2324
0.3,1.6,1.6,4,1,1,35.0,2.7,1,15.0,2,0.17,0.28,0.17,0.28,0.0,0.11,0.21,0.42,1.58,1.0,29.0,0.21,0.11,51.0,1920
3.2,3.9,3.0,12,8,8,38.0,3.5,8,18.0,8,0.36,0.41,0.28,0.33,0.0,0.74,0.74,1.1,1.66,3.0,21.0,0.74,0.74,34.0,2021
7.0,3.2,3.2,11,2,2,59.0,4.4,2,35.0,2,0.14,0.2,0.14,0.2,0.0,0.09,0.09,0.49,1.55,1.0,56.0,0.09,0.09,77.0,2122
0.8,7.0,7.0,16,3,3,114.0,13.0,3,58.0,9,0.25,0.46,0.25,0.46,3.0,0.11,0.32,0.56,2.04,7.0,65.0,0.32,0.11,152.0,2223
1.6,0.8,0.8,3,1,1,18.0,1.4,1,7.0,1,0.17,0.3,0.17,0.3,1.0,0.21,0.21,0.64,1.5,2.0,14.0,0.21,0.21,26.0,2324
1.3,1.0,1.0,3,1,1,11.0,2.1,1,10.0,1,0.14,0.29,0.14,0.29,3.0,0.14,0.14,0.41,1.37,1.0,9.0,0.14,0.14,18.0,1819
0.0,6.6,6.6,15,6,6,44.0,7.8,6,31.0,6,0.7,0.83,0.7,0.83,12.0,0.63,0.63,1.59,3.28,3.0,32.0,0.63,0.63,39.0,2021
0.3,0.6,0.6,1,1,1,5.0,0.7,1,2.0,1,0.09,0.11,0.09,0.11,1.0,0.16,0.16,0.16,0.33,0.0,5.0,0.16,0.16,18.0,1819
0.1,0.3,0.3,1,0,0,10.0,0.6,0,5.0,0,0.01,0.02,0.01,0.02,0.0,0.0,0.0,0.04,0.19,0.0,20.0,0.0,0.0,54.0,1920
0.3,0.1,0.1,1,0,0,10.0,0.6,0,2.0,1,0.0,0.02,0.0,0.02,1.0,0.0,0.04,0.04,0.08,0.0,24.0,0.04,0.0,35.0,2021
1.1,0.3,0.3,1,0,0,12.0,0.8,0,10.0,0,0.01,0.03,0.01,0.03,1.0,0.0,0.0,0.04,0.36,0.0,29.0,0.0,0.0,37.0,2122
0.9,1.1,1.1,2,1,1,21.0,1.5,1,8.0,1,0.04,0.06,0.04,0.06,0.0,0.04,0.04,0.08,0.32,1.0,25.0,0.04,0.04,46.0,2223
5.5,8.3,8.3,24,7,7,102.0,13.5,7,56.0,12,0.35,0.57,0.35,0.57,4.0,0.3,0.51,1.01,2.37,3.0,81.0,0.51,0.3,160.0,1819
3.3,5.4,4.6,19,4,4,74.0,7.1,3,43.0,6,0.25,0.36,0.21,0.32,6.0,0.18,0.27,0.86,1.95,4.0,80.0,0.23,0.14,104.0,2021
7.1,3.3,3.3,14,4,4,78.0,5.2,4,45.0,5,0.12,0.18,0.12,0.18,3.0,0.14,0.18,0.49,1.58,9.0,85.0,0.18,0.14,90.0,2122
3.1,7.1,7.1,19,6,6,96.0,9.4,6,51.0,7,0.24,0.32,0.24,0.32,1.0,0.2,0.24,0.64,1.72,8.0,72.0,0.24,0.2,150.0,2223
3.9,3.1,3.1,7,2,2,38.0,5.9,2,19.0,3,0.22,0.41,0.22,0.41,0.0,0.14,0.21,0.49,1.34,4.0,22.0,0.21,0.14,60.0,2324
0.3,1.2,1.2,9,4,4,6.0,3.3,4,19.0,7,0.04,0.12,0.04,0.12,0.0,0.14,0.24,0.31,0.66,2.0,26.0,0.24,0.14,27.0,2223
0.1,0.2,0.2,2,0,0,5.0,1.0,0,7.0,0,0.01,0.07,0.01,0.07,1.0,0.0,0.0,0.15,0.52,1.0,19.0,0.0,0.0,47.0,2021
0.1,0.8,0.8,3,2,2,27.0,6.2,2,16.0,7,0.03,0.19,0.03,0.19,4.0,0.06,0.22,0.09,0.5,0.0,50.0,0.22,0.06,157.0,2122
1.0,0.1,0.1,1,0,0,9.0,0.9,0,2.0,0,0.01,0.13,0.01,0.13,0.0,0.0,0.0,0.14,0.28,0.0,10.0,0.0,0.0,38.0,2223
0.9,1.0,1.0,1,0,0,29.0,3.6,0,17.0,3,0.04,0.16,0.04,0.16,0.0,0.0,0.13,0.04,0.75,3.0,46.0,0.13,0.0,117.0,2324
1.9,0.7,0.7,1,1,1,23.0,1.0,1,12.0,1,0.04,0.05,0.04,0.05,0.0,0.05,0.05,0.05,0.6,0.0,14.0,0.05,0.05,12.0,2223
2.4,1.9,1.9,10,1,1,61.0,2.7,1,34.0,2,0.06,0.08,0.06,0.08,4.0,0.03,0.06,0.32,1.07,8.0,25.0,0.06,0.03,61.0,2324
1.4,0.1,0.1,2,0,0,4.0,0.2,0,4.0,0,0.05,0.08,0.05,0.08,0.0,0.0,0.0,0.71,1.42,1.0,5.0,0.0,0.0,6.0,2324
0.7,4.6,4.6,12,4,4,67.0,6.4,4,34.0,5,0.38,0.52,0.38,0.52,1.0,0.32,0.4,0.97,2.75,3.0,46.0,0.4,0.32,121.0,1819
0.0,0.7,0.7,6,1,1,23.0,1.1,1,15.0,1,0.12,0.19,0.12,0.19,1.0,0.18,0.18,1.06,2.65,3.0,11.0,0.18,0.18,39.0,1920
0.7,1.6,1.6,5,2,2,29.0,2.1,2,19.0,2,0.05,0.07,0.05,0.07,0.0,0.06,0.06,0.16,0.62,1.0,11.0,0.06,0.06,6.0,2021
0.4,0.7,0.7,1,1,1,26.0,1.1,1,11.0,2,0.02,0.04,0.02,0.04,1.0,0.03,0.07,0.03,0.38,0.0,23.0,0.07,0.03,4.0,2122
0.0,0.6,0.6,5,0,0,25.0,3.5,0,17.0,2,0.02,0.12,0.02,0.12,0.0,0.0,0.07,0.17,0.59,2.0,30.0,0.07,0.0,62.0,2021
0.1,1.4,1.4,5,2,2,24.0,2.3,2,10.0,3,0.2,0.34,0.2,0.34,0.0,0.29,0.43,0.71,1.43,0.0,16.0,0.43,0.29,57.0,1819
5.0,2.4,2.4,11,1,1,45.0,5.0,1,42.0,4,0.08,0.17,0.08,0.17,0.0,0.03,0.13,0.37,1.4,3.0,58.0,0.13,0.03,66.0,2223
0.4,0.3,0.3,1,0,0,12.0,0.6,0,5.0,0,0.02,0.03,0.02,0.03,1.0,0.0,0.0,0.05,0.26,0.0,1.0,0.0,0.0,5.0,1819
1.8,0.4,0.4,1,0,0,12.0,0.5,0,6.0,0,0.03,0.04,0.03,0.04,1.0,0.0,0.0,0.08,0.48,0.0,3.0,0.0,0.0,1.0,1920
1.0,0.9,0.9,5,1,1,10.0,1.1,1,9.0,1,0.07,0.09,0.07,0.09,0.0,0.08,0.08,0.4,0.72,1.0,4.0,0.08,0.08,7.0,2122
1.0,1.0,1.0,3,2,2,27.0,2.4,2,11.0,4,0.05,0.12,0.05,0.12,1.0,0.1,0.2,0.15,0.54,3.0,8.0,0.2,0.1,34.0,2223
0.4,1.0,1.0,2,1,1,10.0,1.3,1,4.0,1,0.09,0.11,0.09,0.11,0.0,0.08,0.08,0.17,0.34,0.0,5.0,0.08,0.08,24.0,2324
0.9,2.7,2.7,5,1,1,33.0,3.6,1,20.0,1,0.41,0.55,0.41,0.55,9.0,0.15,0.15,0.75,3.02,1.0,18.0,0.15,0.15,27.0,1819
0.9,0.6,0.6,2,0,0,16.0,1.4,0,8.0,1,0.07,0.15,0.07,0.15,0.0,0.0,0.11,0.22,0.87,1.0,13.0,0.11,0.0,35.0,2021
4.0,0.9,0.9,1,1,1,6.0,1.0,1,2.0,1,0.39,0.45,0.39,0.45,0.0,0.44,0.44,0.44,0.87,0.0,5.0,0.44,0.44,5.0,2122
4.2,4.0,4.0,8,3,3,74.0,7.5,3,36.0,7,0.13,0.25,0.13,0.25,2.0,0.1,0.24,0.27,1.21,7.0,36.0,0.24,0.1,92.0,2324
2.3,1.4,1.4,10,2,2,21.0,2.7,2,38.0,2,0.05,0.09,0.05,0.09,0.0,0.07,0.07,0.34,1.29,1.0,32.0,0.07,0.07,45.0,2021
2.0,2.3,2.3,12,2,2,19.0,3.9,2,41.0,5,0.07,0.12,0.07,0.12,1.0,0.06,0.15,0.37,1.27,7.0,36.0,0.15,0.06,66.0,2122
0.6,2.0,2.0,9,1,1,14.0,3.8,1,36.0,4,0.07,0.14,0.07,0.14,3.0,0.04,0.15,0.33,1.32,8.0,26.0,0.15,0.04,50.0,2223
1.6,0.6,0.6,5,1,1,13.0,2.9,1,16.0,4,0.03,0.14,0.03,0.14,0.0,0.05,0.2,0.25,0.8,1.0,20.0,0.2,0.05,46.0,2324
0.1,1.1,1.1,3,1,1,10.0,1.3,1,6.0,2,0.06,0.08,0.06,0.08,1.0,0.06,0.12,0.18,0.35,2.0,8.0,0.12,0.06,1.0,2324
3.1,1.9,1.8,9,4,4,50.0,5.3,4,30.0,6,0.07,0.2,0.07,0.2,2.0,0.15,0.22,0.33,1.11,4.0,28.0,0.22,0.15,63.0,1920
1.1,3.1,3.1,8,3,3,33.0,4.7,3,27.0,4,0.22,0.33,0.22,0.33,1.0,0.21,0.28,0.56,1.88,2.0,26.0,0.28,0.21,57.0,2021
4.4,5.5,3.9,8,5,5,56.0,7.3,4,34.0,10,0.26,0.42,0.19,0.34,5.0,0.24,0.47,0.38,1.6,4.0,37.0,0.42,0.19,117.0,1819
0.0,4.4,4.4,10,5,5,40.0,7.9,5,24.0,8,0.24,0.43,0.24,0.43,13.0,0.28,0.44,0.55,1.32,1.0,25.0,0.44,0.28,67.0,1920
8.1,4.9,2.5,8,6,6,69.0,7.9,3,22.0,17,0.24,0.51,0.13,0.39,9.0,0.3,0.84,0.4,1.09,1.0,32.0,0.69,0.15,106.0,2021
7.2,8.1,8.1,22,12,12,93.0,14.7,12,54.0,17,0.35,0.63,0.35,0.63,7.0,0.52,0.74,0.95,2.34,4.0,45.0,0.74,0.52,161.0,2122
5.9,7.2,6.6,22,12,12,95.0,17.6,12,44.0,21,0.24,0.61,0.22,0.59,23.0,0.4,0.71,0.74,1.48,7.0,42.0,0.71,0.4,197.0,2223
1.0,5.9,5.9,25,5,5,110.0,14.1,5,60.0,12,0.24,0.57,0.24,0.57,13.0,0.2,0.49,1.02,2.45,6.0,34.0,0.49,0.2,221.0,2324
0.1,1.2,1.2,4,1,1,22.0,2.5,1,21.0,2,0.05,0.11,0.05,0.11,0.0,0.04,0.09,0.17,0.9,4.0,18.0,0.09,0.04,14.0,2122
0.4,1.2,1.2,3,0,0,17.0,2.1,0,10.0,1,0.09,0.15,0.09,0.15,1.0,0.0,0.07,0.22,0.75,0.0,13.0,0.07,0.0,32.0,2324
9.4,5.2,4.4,10,6,6,62.0,5.8,6,29.0,6,0.36,0.46,0.31,0.4,0.0,0.42,0.42,0.7,2.02,8.0,46.0,0.42,0.42,89.0,2223
5.7,9.4,8.5,34,11,11,107.0,13.6,11,72.0,18,0.32,0.49,0.29,0.46,9.0,0.37,0.61,1.15,2.44,9.0,64.0,0.61,0.37,115.0,2324
8.4,9.0,5.8,21,7,7,91.0,14.5,3,64.0,15,0.31,0.62,0.2,0.51,20.0,0.24,0.52,0.73,2.24,6.0,76.0,0.38,0.1,247.0,1718
5.6,8.4,7.6,27,13,13,92.0,13.0,12,66.0,16,0.25,0.41,0.23,0.39,2.0,0.39,0.48,0.81,1.98,4.0,80.0,0.45,0.36,265.0,1819
4.2,5.6,3.3,23,1,1,59.0,5.9,0,45.0,5,0.26,0.39,0.15,0.28,5.0,0.05,0.23,1.07,2.09,7.0,49.0,0.19,0.0,132.0,1920
3.0,4.2,4.2,20,6,6,68.0,9.3,6,60.0,15,0.13,0.28,0.13,0.28,3.0,0.18,0.45,0.6,1.81,5.0,89.0,0.45,0.18,262.0,2021
8.2,3.0,3.0,12,1,1,80.0,6.7,1,51.0,3,0.11,0.25,0.11,0.25,14.0,0.04,0.11,0.44,1.89,3.0,76.0,0.11,0.04,200.0,2122
3.0,8.2,8.2,28,6,6,140.0,14.7,6,71.0,13,0.27,0.47,0.27,0.47,12.0,0.19,0.42,0.91,2.3,8.0,66.0,0.42,0.19,345.0,2223
3.7,0.7,0.7,2,1,1,11.0,0.8,1,7.0,1,0.27,0.3,0.27,0.3,0.0,0.36,0.36,0.71,2.49,0.0,6.0,0.36,0.36,11.0,1920
12.8,3.7,3.7,10,2,2,69.0,5.6,2,29.0,2,0.24,0.37,0.24,0.37,2.0,0.13,0.13,0.66,1.9,3.0,47.0,0.13,0.13,97.0,2021
3.0,12.8,12.0,33,11,11,160.0,14.8,10,78.0,14,0.44,0.54,0.42,0.51,10.0,0.38,0.48,1.14,2.69,12.0,117.0,0.45,0.34,200.0,2122
6.1,3.0,2.2,6,1,1,37.0,3.3,1,20.0,3,0.5,0.68,0.37,0.55,3.0,0.17,0.51,1.01,3.38,5.0,17.0,0.51,0.17,46.0,2223
14.8,6.1,5.3,16,8,8,73.0,7.4,7,40.0,10,0.36,0.48,0.31,0.43,3.0,0.47,0.59,0.94,2.34,5.0,52.0,0.53,0.41,101.0,2324
4.5,8.5,6.9,18,9,9,146.0,10.5,7,78.0,11,0.27,0.38,0.22,0.33,15.0,0.28,0.35,0.56,2.45,7.0,114.0,0.28,0.22,189.0,1819
5.7,4.5,4.5,13,1,1,97.0,7.1,1,47.0,4,0.22,0.35,0.22,0.35,7.0,0.05,0.2,0.65,2.34,7.0,56.0,0.2,0.05,111.0,1920
4.2,3.0,3.0,16,5,5,63.0,10.0,5,40.0,16,0.09,0.3,0.09,0.3,4.0,0.15,0.47,0.47,1.18,5.0,47.0,0.47,0.15,303.0,2122
1.3,4.2,4.2,12,2,2,114.0,12.6,2,48.0,11,0.15,0.44,0.15,0.44,3.0,0.07,0.38,0.42,1.67,12.0,47.0,0.38,0.07,240.0,2223
2.2,1.3,1.3,8,3,3,36.0,5.9,3,28.0,7,0.06,0.26,0.06,0.26,3.0,0.13,0.3,0.35,1.22,3.0,37.0,0.3,0.13,172.0,2324
23.6,14.6,12.3,30,15,15,141.0,15.8,13,67.0,15,0.47,0.58,0.39,0.51,6.0,0.48,0.48,0.96,2.15,8.0,95.0,0.42,0.42,182.0,2122
17.5,23.6,15.1,44,24,24,214.0,21.2,14,95.0,28,0.67,0.84,0.43,0.6,23.0,0.68,0.8,1.25,2.7,13.0,87.0,0.51,0.4,297.0,2223
16.2,17.5,15.0,43,19,19,128.0,18.3,17,76.0,23,0.6,0.71,0.51,0.63,13.0,0.65,0.79,1.47,2.6,9.0,55.0,0.72,0.58,198.0,2324
4.1,5.1,5.1,17,3,3,83.0,11.2,3,51.0,12,0.16,0.36,0.16,0.36,1.0,0.1,0.39,0.55,1.64,2.0,80.0,0.39,0.1,199.0,1819
4.3,4.1,3.3,13,3,3,71.0,7.3,2,35.0,9,0.18,0.35,0.14,0.32,3.0,0.13,0.39,0.57,1.53,1.0,74.0,0.35,0.09,162.0,1920
2.1,4.3,3.5,11,4,4,55.0,6.4,3,46.0,9,0.18,0.3,0.14,0.26,6.0,0.17,0.37,0.45,1.9,8.0,61.0,0.33,0.12,117.0,2021
1.7,2.1,2.1,8,1,1,44.0,4.3,1,22.0,1,0.18,0.37,0.18,0.37,2.0,0.08,0.08,0.68,1.86,4.0,29.0,0.08,0.08,71.0,2122
4.1,1.7,1.7,6,1,1,28.0,3.2,1,16.0,2,0.23,0.45,0.23,0.45,1.0,0.14,0.28,0.83,2.22,3.0,27.0,0.28,0.14,57.0,2122
4.6,4.1,4.1,9,4,4,109.0,7.8,4,51.0,8,0.18,0.35,0.18,0.35,5.0,0.18,0.36,0.4,2.29,3.0,61.0,0.36,0.18,178.0,2223
1.8,4.6,4.6,15,3,3,84.0,6.6,3,39.0,4,0.25,0.35,0.25,0.35,5.0,0.16,0.21,0.8,2.09,2.0,28.0,0.21,0.16,154.0,2324
0.8,1.8,1.8,5,2,2,31.0,1.9,2,16.0,2,0.29,0.32,0.29,0.32,2.0,0.33,0.33,0.83,2.67,2.0,9.0,0.33,0.33,55.0,2425
1.1,3.3,3.3,15,5,5,41.0,5.8,5,44.0,6,0.1,0.18,0.1,0.18,4.0,0.16,0.19,0.48,1.4,6.0,29.0,0.19,0.16,142.0,1920
0.2,1.1,1.1,9,2,2,41.0,3.5,2,21.0,4,0.04,0.13,0.04,0.13,0.0,0.08,0.15,0.34,0.79,1.0,29.0,0.15,0.08,122.0,2021
0.3,0.2,0.2,1,0,0,9.0,1.0,0,5.0,1,0.03,0.15,0.03,0.15,0.0,0.0,0.15,0.15,0.77,2.0,7.0,0.15,0.0,31.0,2122
0.0,1.3,1.3,4,1,1,40.0,4.0,1,20.0,3,0.04,0.13,0.04,0.13,4.0,0.03,0.1,0.13,0.65,1.0,25.0,0.1,0.03,133.0,1920
0.8,0.3,0.3,1,0,0,10.0,0.7,0,6.0,1,0.01,0.03,0.01,0.03,0.0,0.0,0.04,0.04,0.26,1.0,8.0,0.04,0.0,2.0,1920
1.2,0.8,0.8,2,1,1,21.0,0.9,1,9.0,1,0.03,0.03,0.03,0.03,1.0,0.04,0.04,0.08,0.37,0.0,13.0,0.04,0.04,12.0,2021
2.1,1.1,1.1,2,1,1,19.0,1.5,1,10.0,1,0.04,0.06,0.04,0.06,2.0,0.04,0.04,0.07,0.36,1.0,5.0,0.04,0.04,4.0,2223
1.1,2.1,2.1,10,4,4,34.0,2.3,4,26.0,5,0.07,0.08,0.07,0.08,1.0,0.14,0.17,0.34,0.89,3.0,11.0,0.17,0.14,4.0,2324
0.0,3.2,3.2,7,3,3,17.0,7.4,3,22.0,9,0.18,0.43,0.18,0.43,2.0,0.17,0.52,0.4,1.27,3.0,28.0,0.52,0.17,53.0,1819
2.5,0.9,0.9,8,1,1,8.0,2.6,1,23.0,2,0.09,0.25,0.09,0.25,0.0,0.09,0.19,0.76,2.18,3.0,8.0,0.19,0.09,15.0,1819
2.5,2.5,2.5,14,6,6,22.0,6.1,6,45.0,8,0.1,0.26,0.1,0.26,1.0,0.25,0.34,0.59,1.91,4.0,24.0,0.34,0.25,28.0,1920
0.9,2.5,2.5,9,1,1,22.0,5.5,1,42.0,4,0.09,0.19,0.09,0.19,0.0,0.03,0.14,0.31,1.44,6.0,19.0,0.14,0.03,24.0,2021
0.0,0.9,0.9,14,2,2,3.0,1.9,2,30.0,3,0.04,0.09,0.04,0.09,0.0,0.09,0.14,0.64,1.36,0.0,19.0,0.14,0.09,7.0,2122
0.1,1.6,1.6,5,2,2,61.0,2.8,2,18.0,4,0.05,0.09,0.05,0.09,2.0,0.06,0.12,0.16,0.56,0.0,54.0,0.12,0.06,180.0,1920
0.3,1.0,1.0,5,2,2,21.0,2.3,2,10.0,2,0.09,0.21,0.09,0.21,0.0,0.18,0.18,0.44,0.88,0.0,21.0,0.18,0.18,56.0,2122
0.0,0.3,0.3,2,1,1,13.0,1.3,1,9.0,1,0.02,0.1,0.02,0.1,1.0,0.07,0.07,0.14,0.64,0.0,16.0,0.07,0.07,46.0,2223
0.2,0.6,0.6,2,1,1,12.0,1.4,1,3.0,2,0.04,0.09,0.04,0.09,0.0,0.07,0.13,0.13,0.2,0.0,4.0,0.13,0.07,4.0,2122
0.3,4.6,4.6,23,5,5,81.0,14.2,5,55.0,16,0.14,0.43,0.14,0.43,13.0,0.15,0.48,0.7,1.67,4.0,109.0,0.48,0.15,220.0,1819
0.7,0.3,0.3,1,0,0,18.0,2.2,0,11.0,1,0.03,0.17,0.03,0.17,4.0,0.0,0.08,0.08,0.84,1.0,22.0,0.08,0.0,110.0,1920
0.0,0.8,0.8,2,1,1,11.0,0.9,1,7.0,1,0.04,0.05,0.04,0.05,0.0,0.06,0.06,0.11,0.39,0.0,11.0,0.06,0.06,36.0,1819
0.8,0.6,0.6,5,0,0,9.0,2.6,0,20.0,5,0.02,0.11,0.02,0.11,1.0,0.0,0.21,0.21,0.82,5.0,31.0,0.21,0.0,83.0,1718
0.7,0.8,0.8,3,0,0,20.0,2.8,0,24.0,2,0.03,0.11,0.03,0.11,1.0,0.0,0.08,0.12,0.99,3.0,37.0,0.08,0.0,98.0,1819
0.2,0.7,0.7,4,1,1,28.0,1.7,1,16.0,2,0.03,0.07,0.03,0.07,1.0,0.04,0.08,0.17,0.67,1.0,32.0,0.08,0.04,92.0,1920
0.0,0.2,0.2,1,1,1,8.0,0.5,1,4.0,1,0.03,0.06,0.03,0.06,0.0,0.11,0.11,0.11,0.44,1.0,13.0,0.11,0.11,33.0,2021
0.3,0.1,0.1,1,1,1,0.0,0.1,1,1.0,1,0.1,0.1,0.1,0.1,0.0,0.99,0.99,0.99,0.99,0.0,1.0,0.99,0.99,1.0,2324
7.5,2.9,2.9,3,1,1,56.0,4.0,1,27.0,3,0.22,0.31,0.22,0.31,9.0,0.08,0.23,0.23,2.06,5.0,47.0,0.23,0.08,90.0,1819
3.1,2.2,2.2,11,1,1,57.0,2.9,1,26.0,4,0.09,0.13,0.09,0.13,5.0,0.04,0.17,0.47,1.12,5.0,82.0,0.17,0.04,109.0,2021
3.2,3.1,3.1,8,3,3,67.0,5.9,3,35.0,6,0.14,0.26,0.14,0.26,2.0,0.13,0.27,0.36,1.56,3.0,84.0,0.27,0.13,151.0,2122
3.9,3.2,3.2,10,4,4,98.0,6.4,4,32.0,7,0.1,0.21,0.1,0.21,4.0,0.13,0.23,0.33,1.06,6.0,107.0,0.23,0.13,174.0,2223
0.5,3.9,3.9,19,4,4,95.0,8.1,4,48.0,11,0.14,0.29,0.14,0.29,7.0,0.14,0.39,0.67,1.7,7.0,85.0,0.39,0.14,173.0,2324
0.0,0.4,0.4,1,0,0,6.0,0.5,0,5.0,0,0.05,0.06,0.05,0.06,1.0,0.0,0.0,0.12,0.62,1.0,7.0,0.0,0.0,13.0,1819
0.4,0.7,0.7,3,2,2,17.0,3.5,2,15.0,3,0.03,0.17,0.03,0.17,2.0,0.1,0.14,0.14,0.72,2.0,40.0,0.14,0.1,57.0,1819
0.1,0.4,0.4,4,0,0,10.0,1.7,0,11.0,0,0.03,0.13,0.03,0.13,0.0,0.0,0.0,0.31,0.86,1.0,21.0,0.0,0.0,50.0,1920
0.3,0.1,0.1,2,0,0,14.0,1.9,0,4.0,3,0.0,0.06,0.0,0.06,0.0,0.0,0.1,0.07,0.14,1.0,37.0,0.1,0.0,41.0,2021
0.8,0.3,0.3,2,0,0,6.0,3.7,0,14.0,2,0.01,0.12,0.01,0.12,0.0,0.0,0.06,0.06,0.43,3.0,37.0,0.06,0.0,43.0,2122
0.6,0.8,0.8,2,1,1,10.0,3.8,1,14.0,3,0.03,0.13,0.03,0.13,1.0,0.03,0.1,0.07,0.46,1.0,43.0,0.1,0.03,42.0,2223
0.4,0.6,0.6,1,1,1,18.0,2.5,1,9.0,2,0.03,0.11,0.03,0.11,0.0,0.04,0.09,0.04,0.4,1.0,45.0,0.09,0.04,68.0,2324
1.1,1.5,1.5,1,1,1,32.0,3.2,1,16.0,4,0.07,0.15,0.07,0.15,1.0,0.05,0.18,0.05,0.72,1.0,21.0,0.18,0.05,59.0,1819
1.3,1.1,1.1,8,4,4,43.0,4.2,4,20.0,9,0.04,0.17,0.04,0.17,0.0,0.16,0.36,0.32,0.8,3.0,25.0,0.36,0.16,77.0,1920
1.5,1.3,1.3,4,1,1,15.0,2.8,1,14.0,2,0.07,0.15,0.07,0.15,0.0,0.05,0.11,0.21,0.74,0.0,6.0,0.11,0.05,21.0,2021
1.4,1.5,1.5,6,2,2,38.0,5.0,2,31.0,7,0.05,0.17,0.05,0.17,3.0,0.07,0.24,0.21,1.07,2.0,28.0,0.24,0.07,116.0,2122
0.6,0.1,0.1,1,0,0,2.0,0.3,0,3.0,1,0.01,0.03,0.01,0.03,0.0,0.0,0.11,0.11,0.32,0.0,7.0,0.11,0.0,8.0,1920
0.9,0.8,0.8,2,0,0,26.0,2.0,0,9.0,0,0.04,0.1,0.04,0.1,2.0,0.0,0.0,0.1,0.45,1.0,30.0,0.0,0.0,101.0,2122
0.9,0.9,0.9,5,0,0,20.0,1.8,0,13.0,2,0.03,0.07,0.03,0.07,0.0,0.0,0.07,0.18,0.48,2.0,40.0,0.07,0.0,99.0,2223
0.0,0.9,0.9,2,1,1,22.0,2.0,1,11.0,1,0.04,0.1,0.04,0.1,0.0,0.05,0.05,0.1,0.55,2.0,23.0,0.05,0.05,40.0,2324
0.0,1.1,1.1,7,1,1,6.0,1.7,1,15.0,2,0.05,0.08,0.05,0.08,0.0,0.05,0.1,0.35,0.75,2.0,38.0,0.1,0.05,44.0,1819
4.5,0.8,0.8,1,0,0,24.0,1.1,0,10.0,1,0.15,0.22,0.15,0.22,1.0,0.0,0.2,0.2,2.05,0.0,18.0,0.2,0.0,21.0,1920
6.5,4.5,2.9,6,4,4,71.0,4.7,4,32.0,8,0.3,0.42,0.19,0.31,9.0,0.27,0.53,0.4,2.12,3.0,42.0,0.53,0.27,53.0,2223
0.0,6.5,6.5,9,5,5,64.0,8.9,5,35.0,8,0.41,0.57,0.41,0.57,7.0,0.32,0.51,0.57,2.22,5.0,43.0,0.51,0.32,73.0,2324
3.2,0.9,0.9,2,1,1,17.0,1.6,1,11.0,1,0.21,0.38,0.21,0.38,3.0,0.24,0.24,0.47,2.61,2.0,6.0,0.24,0.24,7.0,2425
0.6,1.1,1.1,2,2,2,11.0,2.0,2,7.0,4,0.09,0.15,0.09,0.15,0.0,0.16,0.31,0.16,0.54,1.0,10.0,0.31,0.16,10.0,1819
0.2,0.6,0.6,1,1,1,11.0,1.3,1,2.0,2,0.03,0.08,0.03,0.08,0.0,0.06,0.12,0.06,0.12,1.0,9.0,0.12,0.06,8.0,1920
0.3,0.2,0.2,1,0,0,11.0,0.6,0,4.0,0,0.02,0.06,0.02,0.06,0.0,0.0,0.0,0.09,0.37,1.0,15.0,0.0,0.0,9.0,2021
8.1,4.9,1.0,8,6,6,22.0,3.7,1,24.0,6,0.17,0.26,0.03,0.13,0.0,0.21,0.21,0.27,0.82,2.0,28.0,0.03,0.03,51.0,1920
4.6,8.1,4.1,14,10,10,34.0,6.7,5,35.0,12,0.37,0.49,0.19,0.31,2.0,0.44,0.53,0.61,1.53,1.0,19.0,0.31,0.22,56.0,2021
3.9,4.6,3.1,8,4,4,31.0,8.5,3,27.0,12,0.18,0.39,0.12,0.33,1.0,0.16,0.47,0.31,1.05,6.0,24.0,0.43,0.12,70.0,2122
1.9,2.9,2.9,8,1,1,34.0,7.9,1,36.0,3,0.12,0.33,0.12,0.33,1.0,0.04,0.12,0.33,1.48,3.0,24.0,0.12,0.04,81.0,2324
1.0,0.8,0.8,3,1,1,25.0,1.2,1,5.0,1,0.07,0.1,0.07,0.1,0.0,0.09,0.09,0.26,0.43,1.0,27.0,0.09,0.09,52.0,2324
1.4,1.8,1.8,4,2,2,91.0,8.5,2,13.0,10,0.05,0.25,0.05,0.25,9.0,0.06,0.3,0.12,0.39,0.0,27.0,0.3,0.06,372.0,1819
1.9,1.4,1.4,3,2,2,64.0,5.7,2,7.0,7,0.06,0.23,0.06,0.23,5.0,0.08,0.29,0.12,0.29,0.0,17.0,0.29,0.08,244.0,1920
1.5,1.9,1.9,10,3,3,118.0,9.5,3,27.0,8,0.06,0.28,0.06,0.28,10.0,0.09,0.24,0.3,0.8,0.0,32.0,0.24,0.09,354.0,2021
0.5,1.2,1.2,2,0,0,17.0,1.3,0,9.0,0,0.39,0.42,0.39,0.42,0.0,0.0,0.0,0.65,2.93,0.0,10.0,0.0,0.0,37.0,1819
0.0,0.8,0.8,3,1,1,27.0,1.4,1,9.0,2,0.09,0.16,0.09,0.16,0.0,0.11,0.23,0.34,1.02,0.0,22.0,0.23,0.11,47.0,1819
0.4,0.9,0.9,7,1,1,26.0,1.0,1,16.0,1,0.03,0.04,0.03,0.04,0.0,0.03,0.03,0.23,0.54,0.0,14.0,0.03,0.03,6.0,2122
0.0,1.2,1.2,7,3,3,25.0,1.5,3,20.0,4,0.06,0.07,0.06,0.07,0.0,0.14,0.18,0.32,0.92,0.0,10.0,0.18,0.14,30.0,2324
0.0,0.8,0.8,1,1,1,2.0,0.9,1,3.0,1,0.11,0.13,0.11,0.13,0.0,0.15,0.15,0.15,0.44,0.0,4.0,0.15,0.15,0.0,1920
0.5,0.7,0.7,3,0,0,26.0,3.1,0,10.0,3,0.02,0.11,0.02,0.11,0.0,0.0,0.11,0.11,0.37,0.0,22.0,0.11,0.0,111.0,1920
6.3,11.5,9.9,21,14,14,151.0,16.5,12,55.0,19,0.39,0.61,0.34,0.56,21.0,0.48,0.65,0.71,1.87,7.0,87.0,0.58,0.41,193.0,1819
6.0,6.3,4.7,9,5,5,92.0,8.1,3,30.0,8,0.3,0.46,0.22,0.38,16.0,0.24,0.38,0.43,1.43,1.0,59.0,0.29,0.14,154.0,1920
6.4,6.0,5.2,12,8,8,58.0,7.5,8,23.0,10,0.33,0.46,0.29,0.42,10.0,0.45,0.56,0.67,1.28,1.0,45.0,0.56,0.45,95.0,2021
4.9,3.4,3.4,11,4,4,84.0,7.8,4,26.0,13,0.14,0.32,0.14,0.32,3.0,0.16,0.54,0.45,1.07,2.0,69.0,0.54,0.16,204.0,2021
2.6,4.9,4.9,20,4,4,77.0,8.2,4,46.0,11,0.25,0.42,0.25,0.42,13.0,0.2,0.56,1.02,2.35,8.0,51.0,0.56,0.2,153.0,2122
6.3,2.6,2.6,11,2,2,49.0,4.0,2,29.0,2,0.15,0.23,0.15,0.23,4.0,0.12,0.12,0.64,1.68,3.0,33.0,0.12,0.12,144.0,2324
7.3,3.2,0.9,1,4,4,10.0,3.7,1,9.0,6,0.12,0.23,0.03,0.14,0.0,0.15,0.23,0.04,0.34,1.0,19.0,0.11,0.04,29.0,1920
0.2,5.8,0.3,2,6,6,13.0,3.0,0,9.0,8,0.23,0.34,0.01,0.12,0.0,0.24,0.32,0.08,0.36,2.0,22.0,0.08,0.0,19.0,2122
0.1,1.7,0.1,1,2,2,8.0,0.5,0,3.0,2,0.12,0.14,0.01,0.03,0.0,0.14,0.14,0.07,0.21,0.0,14.0,0.0,0.0,10.0,2223
0.9,0.5,0.5,2,0,0,12.0,1.2,0,8.0,0,0.04,0.09,0.04,0.09,1.0,0.0,0.0,0.15,0.62,2.0,14.0,0.0,0.0,21.0,2021
0.6,0.9,0.9,3,1,1,15.0,1.6,1,18.0,2,0.03,0.05,0.03,0.05,0.0,0.03,0.06,0.09,0.55,0.0,30.0,0.06,0.03,20.0,2122
0.6,0.6,0.6,1,0,0,14.0,4.1,0,12.0,6,0.02,0.15,0.02,0.15,3.0,0.0,0.22,0.04,0.44,1.0,20.0,0.22,0.0,28.0,2223
1.3,0.6,0.6,7,0,0,18.0,2.6,0,21.0,3,0.02,0.09,0.02,0.09,0.0,0.0,0.1,0.24,0.73,2.0,22.0,0.1,0.0,40.0,2324
0.1,2.6,2.6,9,2,2,42.0,2.7,2,28.0,4,0.08,0.08,0.08,0.08,2.0,0.06,0.12,0.28,0.86,1.0,13.0,0.12,0.06,7.0,1718
0.4,1.0,1.0,5,2,2,30.0,4.3,2,12.0,5,0.08,0.32,0.08,0.32,4.0,0.15,0.37,0.37,0.89,0.0,21.0,0.37,0.15,82.0,2122
0.2,0.1,0.1,2,1,1,23.0,2.0,1,5.0,3,0.01,0.09,0.01,0.09,0.0,0.04,0.13,0.08,0.21,0.0,31.0,0.13,0.04,110.0,1819
0.1,0.2,0.2,2,0,0,26.0,1.7,0,7.0,2,0.01,0.06,0.01,0.06,1.0,0.0,0.07,0.07,0.25,1.0,18.0,0.07,0.0,141.0,1920
0.1,0.1,0.1,1,0,0,6.0,1.1,0,2.0,0,0.01,0.16,0.01,0.16,0.0,0.0,0.0,0.14,0.28,0.0,7.0,0.0,0.0,44.0,2021
0.0,0.1,0.1,3,0,0,7.0,0.3,0,6.0,0,0.01,0.02,0.01,0.02,1.0,0.0,0.0,0.23,0.46,0.0,11.0,0.0,0.0,57.0,2122
11.7,1.6,1.6,5,2,2,26.0,1.6,2,17.0,2,0.24,0.25,0.24,0.25,4.0,0.3,0.3,0.76,2.57,0.0,17.0,0.3,0.3,28.0,1819
12.8,11.7,11.0,29,11,11,130.0,13.0,10,86.0,13,0.38,0.44,0.36,0.42,6.0,0.36,0.42,0.94,2.78,13.0,90.0,0.39,0.32,117.0,1920
12.9,12.8,9.6,28,11,11,134.0,13.4,9,89.0,14,0.38,0.49,0.28,0.4,14.0,0.33,0.42,0.83,2.65,7.0,87.0,0.36,0.27,137.0,2021
14.5,12.9,7.4,33,14,14,159.0,11.9,8,90.0,18,0.37,0.5,0.21,0.34,11.0,0.4,0.52,0.95,2.59,15.0,79.0,0.35,0.23,137.0,2122
11.6,14.5,10.5,33,16,16,152.0,13.0,11,87.0,18,0.44,0.51,0.32,0.39,26.0,0.48,0.54,0.99,2.62,7.0,84.0,0.39,0.33,147.0,2223
1.0,0.3,0.3,1,0,0,12.0,0.6,0,6.0,0,0.01,0.02,0.01,0.02,1.0,0.0,0.0,0.03,0.2,1.0,14.0,0.0,0.0,3.0,2122
1.4,1.9,1.9,7,0,0,61.0,2.6,0,34.0,1,0.06,0.08,0.06,0.08,2.0,0.0,0.03,0.22,1.09,4.0,35.0,0.03,0.0,69.0,2021
1.9,1.4,1.4,9,2,2,32.0,3.9,2,29.0,5,0.04,0.12,0.04,0.12,0.0,0.06,0.15,0.27,0.88,2.0,40.0,0.15,0.06,37.0,2122
0.0,1.5,1.5,6,4,4,32.0,3.0,4,18.0,6,0.1,0.19,0.1,0.19,0.0,0.26,0.39,0.39,1.17,1.0,28.0,0.39,0.26,69.0,2223
0.2,0.2,0.2,1,0,0,13.0,0.5,0,5.0,0,0.02,0.06,0.02,0.06,1.0,0.0,0.0,0.11,0.54,0.0,16.0,0.0,0.0,22.0,2324
4.5,3.6,3.6,12,6,6,23.0,5.0,6,18.0,8,0.44,0.61,0.44,0.61,4.0,0.73,0.98,1.47,2.2,1.0,21.0,0.98,0.73,58.0,1920
0.0,2.4,2.4,9,2,2,32.0,2.8,2,19.0,2,0.27,0.31,0.27,0.31,2.0,0.22,0.22,1.01,2.13,1.0,19.0,0.22,0.22,57.0,2021
4.2,1.5,1.5,2,2,2,10.0,1.6,2,4.0,2,0.63,0.68,0.63,0.68,1.0,0.85,0.85,0.85,1.7,0.0,14.0,0.85,0.85,19.0,1819
5.5,4.2,4.2,13,4,4,53.0,5.6,4,30.0,6,0.26,0.36,0.26,0.36,6.0,0.25,0.38,0.83,1.91,6.0,52.0,0.38,0.25,79.0,1920
2.5,5.5,5.5,20,5,5,82.0,9.3,5,44.0,7,0.2,0.34,0.2,0.34,6.0,0.18,0.25,0.72,1.58,5.0,76.0,0.25,0.18,114.0,2021
1.3,2.9,2.9,5,2,2,48.0,4.5,2,25.0,4,0.18,0.28,0.18,0.28,2.0,0.12,0.24,0.3,1.52,1.0,34.0,0.24,0.12,93.0,2223
1.5,1.3,1.3,6,2,2,41.0,2.6,2,17.0,4,0.1,0.2,0.1,0.2,2.0,0.15,0.3,0.46,1.29,3.0,22.0,0.3,0.15,67.0,2324
2.3,1.2,1.2,13,4,4,34.0,9.5,4,26.0,11,0.04,0.3,0.04,0.3,4.0,0.13,0.35,0.42,0.83,3.0,41.0,0.35,0.13,106.0,1920
2.3,2.3,2.3,14,4,4,26.0,9.1,4,37.0,14,0.1,0.37,0.1,0.37,0.0,0.16,0.57,0.57,1.52,4.0,41.0,0.57,0.16,66.0,2021
1.1,2.2,1.4,11,5,5,20.0,8.4,4,27.0,11,0.07,0.3,0.05,0.27,0.0,0.16,0.35,0.35,0.87,2.0,26.0,0.32,0.13,56.0,2223
1.8,1.1,1.1,7,1,1,23.0,8.3,1,25.0,7,0.05,0.34,0.05,0.34,2.0,0.04,0.29,0.29,1.03,2.0,19.0,0.29,0.04,114.0,2324
6.5,13.5,8.7,18,12,12,160.0,12.5,7,66.0,15,0.41,0.52,0.27,0.38,7.0,0.36,0.46,0.55,2.01,3.0,113.0,0.3,0.21,248.0,1819
0.6,6.5,4.1,10,6,6,84.0,8.2,3,23.0,10,0.29,0.47,0.18,0.37,7.0,0.27,0.45,0.45,1.03,2.0,77.0,0.31,0.13,151.0,1920
0.3,8.9,8.1,16,5,5,105.0,11.9,4,49.0,8,0.36,0.51,0.32,0.48,8.0,0.2,0.32,0.64,1.96,6.0,84.0,0.28,0.16,157.0,2122
9.0,3.1,3.1,8,2,2,33.0,4.5,2,29.0,4,0.34,0.49,0.34,0.49,2.0,0.22,0.44,0.88,3.18,4.0,36.0,0.44,0.22,74.0,2223
4.8,9.0,7.4,29,11,11,136.0,12.6,9,84.0,15,0.29,0.46,0.24,0.41,5.0,0.36,0.49,0.95,2.74,9.0,114.0,0.42,0.29,182.0,2324
3.8,2.3,2.3,13,3,3,33.0,3.7,3,26.0,6,0.14,0.23,0.14,0.23,2.0,0.19,0.38,0.83,1.65,1.0,36.0,0.38,0.19,111.0,1819
3.6,3.8,3.8,16,3,3,67.0,9.7,3,42.0,7,0.21,0.52,0.21,0.52,4.0,0.16,0.38,0.86,2.26,7.0,51.0,0.38,0.16,146.0,1920
0.0,3.6,3.6,21,7,7,54.0,7.4,7,47.0,10,0.18,0.37,0.18,0.37,2.0,0.35,0.5,1.04,2.33,5.0,62.0,0.5,0.35,155.0,2021
0.1,4.3,4.3,17,7,7,57.0,9.9,7,44.0,9,0.17,0.39,0.17,0.39,5.0,0.28,0.35,0.67,1.73,7.0,51.0,0.35,0.28,186.0,2122
0.7,0.1,0.1,1,0,0,3.0,0.5,0,2.0,1,0.03,0.17,0.03,0.17,1.0,0.0,0.33,0.33,0.66,1.0,3.0,0.33,0.0,17.0,2223
3.1,1.4,1.4,3,2,2,9.0,1.4,2,7.0,2,0.56,0.57,0.56,0.57,0.0,0.81,0.81,1.22,2.84,0.0,5.0,0.81,0.81,18.0,1819
10.2,10.6,9.9,37,12,12,156.0,17.4,12,100.0,19,0.45,0.76,0.41,0.73,6.0,0.5,0.8,1.55,4.2,9.0,74.0,0.8,0.5,286.0,1819
4.9,10.2,10.2,36,15,15,124.0,17.8,15,81.0,20,0.55,0.96,0.55,0.96,3.0,0.81,1.08,1.95,4.38,12.0,52.0,1.08,0.81,195.0,1920
3.1,4.9,3.3,17,6,6,99.0,13.5,4,57.0,15,0.29,0.89,0.2,0.8,8.0,0.35,0.88,1.0,3.36,5.0,74.0,0.77,0.24,194.0,2021
0.3,1.4,0.6,2,0,0,14.0,2.9,0,11.0,2,0.1,0.26,0.04,0.2,0.0,0.0,0.14,0.14,0.77,2.0,12.0,0.14,0.0,46.0,2324
0.0,0.5,0.5,3,1,1,13.0,0.6,1,4.0,1,0.06,0.08,0.06,0.08,0.0,0.14,0.14,0.42,0.56,2.0,10.0,0.14,0.14,33.0,2122
0.3,0.8,0.8,5,3,3,21.0,2.4,3,10.0,4,0.05,0.17,0.05,0.17,1.0,0.21,0.29,0.36,0.71,2.0,14.0,0.29,0.21,63.0,2324
1.3,1.0,1.0,5,2,2,12.0,1.4,2,7.0,3,0.06,0.08,0.06,0.08,0.0,0.11,0.17,0.29,0.4,0.0,10.0,0.17,0.11,14.0,1819
0.4,1.3,1.3,6,0,0,22.0,2.3,0,24.0,1,0.06,0.1,0.06,0.1,5.0,0.0,0.04,0.26,1.05,2.0,25.0,0.04,0.0,23.0,1920
0.5,0.5,0.5,2,0,0,11.0,0.6,0,8.0,0,0.05,0.06,0.05,0.06,2.0,0.0,0.0,0.19,0.76,2.0,12.0,0.0,0.0,9.0,2122
0.0,0.5,0.5,1,1,1,10.0,1.0,1,6.0,1,0.04,0.07,0.04,0.07,2.0,0.08,0.08,0.08,0.46,0.0,8.0,0.08,0.08,6.0,2223
1.4,0.7,0.7,4,0,0,14.0,1.1,0,10.0,0,0.18,0.3,0.18,0.3,1.0,0.0,0.0,1.07,2.67,0.0,16.0,0.0,0.0,24.0,1920
1.7,1.4,1.4,6,2,2,33.0,1.8,2,21.0,3,0.16,0.21,0.16,0.21,5.0,0.23,0.34,0.68,2.39,1.0,40.0,0.34,0.23,60.0,1920
0.3,1.7,1.7,9,2,2,30.0,3.5,2,29.0,3,0.17,0.34,0.17,0.34,3.0,0.19,0.29,0.87,2.81,5.0,27.0,0.29,0.19,85.0,2324
5.2,5.7,5.7,16,3,3,116.0,14.1,3,61.0,13,0.2,0.48,0.2,0.48,18.0,0.1,0.44,0.54,2.07,7.0,27.0,0.44,0.1,247.0,1819
0.4,5.2,5.2,14,4,4,70.0,11.8,4,42.0,11,0.22,0.49,0.22,0.49,10.0,0.17,0.46,0.58,1.74,4.0,20.0,0.46,0.17,224.0,1920
1.8,0.4,0.4,1,0,0,14.0,1.5,0,10.0,1,0.06,0.2,0.06,0.2,0.0,0.0,0.14,0.14,1.36,0.0,10.0,0.14,0.0,41.0,2021
1.3,1.8,1.8,5,1,1,41.0,4.2,1,17.0,3,0.12,0.29,0.12,0.29,3.0,0.07,0.21,0.35,1.18,3.0,18.0,0.21,0.07,105.0,2122
1.5,2.4,2.4,8,2,2,57.0,7.6,2,44.0,9,0.07,0.22,0.07,0.22,2.0,0.06,0.26,0.23,1.25,2.0,67.0,0.26,0.06,158.0,1920
1.5,1.5,0.7,4,1,1,14.0,2.8,0,12.0,3,0.18,0.43,0.09,0.34,1.0,0.12,0.36,0.48,1.44,1.0,17.0,0.24,0.0,48.0,2021
0.0,1.5,0.6,5,2,2,19.0,1.7,2,12.0,4,0.09,0.16,0.03,0.11,1.0,0.13,0.25,0.32,0.76,4.0,21.0,0.25,0.13,55.0,2122
0.3,1.0,1.0,5,3,3,23.0,5.1,3,17.0,9,0.04,0.19,0.04,0.19,2.0,0.11,0.34,0.19,0.64,0.0,28.0,0.34,0.11,58.0,1819
0.0,0.6,0.6,3,0,0,24.0,1.0,0,15.0,1,0.06,0.11,0.06,0.11,4.0,0.0,0.11,0.34,1.7,1.0,18.0,0.11,0.0,58.0,1819
2.6,0.4,0.4,2,0,0,40.0,2.0,0,9.0,1,0.02,0.09,0.02,0.09,2.0,0.0,0.05,0.09,0.41,1.0,19.0,0.05,0.0,119.0,1920
1.2,2.6,2.6,5,1,1,52.0,6.5,1,24.0,8,0.08,0.21,0.08,0.21,12.0,0.03,0.25,0.16,0.76,1.0,38.0,0.25,0.03,201.0,2021
1.9,1.2,1.2,9,2,2,21.0,3.8,2,18.0,6,0.06,0.18,0.06,0.18,4.0,0.1,0.29,0.43,0.87,1.0,13.0,0.29,0.1,92.0,2122
1.0,0.5,0.5,1,1,1,15.0,3.1,1,10.0,3,0.02,0.15,0.02,0.15,1.0,0.05,0.15,0.05,0.5,0.0,14.0,0.15,0.05,97.0,2324
4.6,13.6,9.7,28,12,12,175.0,15.7,9,60.0,17,0.38,0.55,0.27,0.44,22.0,0.34,0.48,0.79,1.69,8.0,81.0,0.39,0.25,265.0,1819
7.2,4.6,4.6,15,4,4,122.0,9.2,4,41.0,6,0.16,0.33,0.16,0.33,15.0,0.14,0.21,0.54,1.46,4.0,70.0,0.21,0.14,207.0,1920
14.3,7.2,6.5,26,13,13,125.0,11.4,13,57.0,16,0.27,0.45,0.24,0.42,18.0,0.48,0.59,0.96,2.1,4.0,48.0,0.59,0.48,190.0,2021
6.5,14.3,10.4,31,13,13,138.0,15.6,10,76.0,20,0.47,0.65,0.34,0.52,15.0,0.43,0.66,1.03,2.52,8.0,90.0,0.56,0.33,241.0,2122
5.6,6.5,6.5,21,7,7,79.0,8.2,7,41.0,7,0.49,0.61,0.49,0.61,11.0,0.52,0.52,1.56,3.05,4.0,24.0,0.52,0.52,92.0,2223
3.2,1.9,1.9,3,1,1,10.0,2.4,1,8.0,2,0.08,0.1,0.08,0.1,1.0,0.04,0.08,0.12,0.32,1.0,11.0,0.08,0.04,4.0,1819
0.3,3.2,3.2,3,2,2,23.0,4.6,2,16.0,3,0.12,0.17,0.12,0.17,1.0,0.07,0.11,0.11,0.58,1.0,20.0,0.11,0.07,8.0,1920
2.1,0.3,0.3,1,1,1,17.0,1.1,1,4.0,3,0.01,0.04,0.01,0.04,2.0,0.04,0.11,0.04,0.15,0.0,13.0,0.11,0.04,14.0,2021
0.5,2.1,2.1,3,1,1,35.0,2.4,1,14.0,1,0.07,0.08,0.07,0.08,1.0,0.03,0.03,0.1,0.47,1.0,15.0,0.03,0.03,8.0,2122
0.0,0.5,0.5,3,1,1,9.0,0.8,1,6.0,1,0.06,0.1,0.06,0.1,0.0,0.12,0.12,0.36,0.71,1.0,3.0,0.12,0.12,3.0,2223
0.1,0.3,0.3,1,0,0,3.0,0.4,0,4.0,0,0.08,0.08,0.08,0.08,0.0,0.0,0.0,0.23,0.93,1.0,4.0,0.0,0.0,5.0,2122
0.0,0.1,0.1,2,0,0,2.0,0.4,0,5.0,0,0.03,0.09,0.03,0.09,0.0,0.0,0.0,0.45,1.13,1.0,6.0,0.0,0.0,4.0,2223
0.9,1.2,1.2,3,0,0,27.0,1.7,0,15.0,0,0.06,0.09,0.06,0.09,0.0,0.0,0.0,0.15,0.76,0.0,9.0,0.0,0.0,1.0,1819
1.1,0.9,0.9,2,0,0,18.0,0.9,0,11.0,0,0.05,0.05,0.05,0.05,2.0,0.0,0.0,0.1,0.56,0.0,5.0,0.0,0.0,2.0,1920
1.7,1.1,1.1,5,0,0,23.0,1.4,0,14.0,0,0.06,0.07,0.06,0.07,2.0,0.0,0.0,0.25,0.71,1.0,2.0,0.0,0.0,4.0,2021
0.4,2.0,2.0,8,2,2,30.0,2.6,2,22.0,3,0.07,0.1,0.07,0.1,0.0,0.07,0.11,0.3,0.82,2.0,9.0,0.11,0.07,3.0,2223
0.4,0.4,0.4,1,0,0,8.0,0.5,0,7.0,0,0.03,0.03,0.03,0.03,0.0,0.0,0.0,0.07,0.48,0.0,2.0,0.0,0.0,1.0,2324
0.8,0.7,0.7,4,1,1,12.0,6.4,1,24.0,2,0.02,0.19,0.02,0.19,1.0,0.03,0.06,0.12,0.71,2.0,22.0,0.06,0.03,75.0,1819
0.0,0.8,0.8,7,1,1,8.0,3.6,1,24.0,2,0.03,0.14,0.03,0.14,0.0,0.04,0.08,0.27,0.92,5.0,30.0,0.08,0.04,62.0,1920
1.5,0.8,0.8,2,0,0,12.0,3.6,0,16.0,2,0.05,0.23,0.05,0.23,2.0,0.0,0.13,0.13,1.03,1.0,29.0,0.13,0.0,39.0,2021
1.3,1.5,1.5,6,1,1,18.0,1.8,1,12.0,1,0.2,0.25,0.2,0.25,1.0,0.13,0.13,0.81,1.62,4.0,11.0,0.13,0.13,50.0,2021
0.6,1.7,1.7,7,1,1,44.0,5.7,1,25.0,4,0.08,0.26,0.08,0.26,0.0,0.05,0.18,0.32,1.14,6.0,34.0,0.18,0.05,152.0,1819
4.0,1.6,1.6,11,2,2,68.0,6.2,2,35.0,5,0.06,0.24,0.06,0.24,2.0,0.08,0.2,0.43,1.37,1.0,36.0,0.2,0.08,150.0,2021
0.7,0.8,0.8,3,2,2,47.0,1.7,2,17.0,3,0.06,0.12,0.06,0.12,4.0,0.14,0.21,0.21,1.2,5.0,18.0,0.21,0.14,125.0,2223
1.6,0.7,0.7,4,1,1,38.0,3.0,1,12.0,5,0.06,0.26,0.06,0.26,3.0,0.09,0.44,0.36,1.07,1.0,20.0,0.44,0.09,90.0,2223
5.5,7.6,7.6,18,6,6,68.0,9.8,6,64.0,7,0.39,0.51,0.39,0.51,6.0,0.31,0.36,0.93,3.3,6.0,40.0,0.36,0.31,116.0,1920
5.7,5.5,3.9,15,7,7,54.0,8.1,6,37.0,12,0.31,0.56,0.22,0.47,5.0,0.4,0.69,0.86,2.12,5.0,40.0,0.63,0.34,94.0,2021
4.9,5.7,5.7,15,8,8,53.0,10.4,8,39.0,12,0.41,0.74,0.41,0.74,9.0,0.57,0.86,1.07,2.78,2.0,29.0,0.86,0.57,82.0,2122
8.7,2.6,2.6,12,4,4,21.0,4.0,4,26.0,7,0.36,0.56,0.36,0.56,3.0,0.55,0.97,1.66,3.6,3.0,20.0,0.97,0.55,42.0,2223
2.2,8.7,8.7,25,7,7,104.0,11.9,7,61.0,10,0.51,0.69,0.51,0.69,9.0,0.41,0.58,1.46,3.56,9.0,43.0,0.58,0.41,169.0,2324
2.7,2.2,2.2,5,1,1,30.0,3.2,1,20.0,2,0.54,0.78,0.54,0.78,1.0,0.24,0.49,1.22,4.88,3.0,6.0,0.49,0.24,30.0,2425
2.9,1.7,1.7,7,2,2,35.0,2.8,2,26.0,3,0.06,0.1,0.06,0.1,1.0,0.07,0.1,0.24,0.88,4.0,42.0,0.1,0.07,44.0,2324
0.7,1.1,1.1,4,1,1,16.0,6.8,1,23.0,7,0.03,0.22,0.03,0.22,1.0,0.03,0.22,0.13,0.74,1.0,31.0,0.22,0.03,76.0,1718
0.6,0.9,0.9,6,1,1,6.0,8.8,1,22.0,7,0.03,0.26,0.03,0.26,3.0,0.03,0.2,0.17,0.64,1.0,20.0,0.2,0.03,51.0,1920
1.3,0.6,0.6,4,1,1,8.0,3.1,1,14.0,2,0.02,0.11,0.02,0.11,0.0,0.04,0.07,0.14,0.5,2.0,15.0,0.07,0.04,37.0,2021
1.3,1.3,1.3,7,2,2,12.0,3.9,2,20.0,3,0.04,0.12,0.04,0.12,0.0,0.06,0.09,0.21,0.61,4.0,30.0,0.09,0.06,37.0,2122
0.0,1.3,1.3,3,0,0,15.0,3.9,0,16.0,2,0.07,0.2,0.07,0.2,1.0,0.0,0.1,0.15,0.81,2.0,14.0,0.1,0.0,32.0,2223
0.7,3.3,3.3,14,4,4,41.0,4.1,4,45.0,5,0.11,0.14,0.11,0.14,2.0,0.13,0.17,0.47,1.5,4.0,29.0,0.17,0.13,14.0,2324
0.0,8.5,6.9,17,7,7,102.0,10.4,5,60.0,9,0.3,0.42,0.24,0.37,9.0,0.25,0.32,0.6,2.11,8.0,56.0,0.25,0.18,216.0,1819
12.5,13.7,8.9,32,18,18,137.0,12.1,14,81.0,22,0.39,0.48,0.26,0.35,9.0,0.51,0.63,0.91,2.31,8.0,87.0,0.51,0.4,196.0,1920
12.3,3.6,3.6,16,3,3,79.0,6.3,3,47.0,4,0.2,0.35,0.2,0.35,6.0,0.16,0.22,0.88,2.57,6.0,63.0,0.22,0.16,102.0,2122
8.9,11.9,7.9,20,9,9,184.0,11.7,5,70.0,12,0.53,0.69,0.35,0.51,11.0,0.4,0.53,0.88,3.08,10.0,83.0,0.35,0.22,205.0,2324
0.3,0.7,0.7,2,1,1,19.0,0.9,1,8.0,1,0.04,0.05,0.04,0.05,0.0,0.06,0.06,0.12,0.47,0.0,7.0,0.06,0.06,2.0,1819
0.8,0.3,0.3,1,1,1,8.0,0.4,1,4.0,1,0.04,0.05,0.04,0.05,0.0,0.13,0.13,0.13,0.51,0.0,3.0,0.13,0.13,2.0,1920
0.5,0.7,0.7,3,1,1,17.0,1.0,1,5.0,1,0.06,0.08,0.06,0.08,1.0,0.08,0.08,0.25,0.41,2.0,14.0,0.08,0.08,2.0,2223
1.8,0.7,0.7,2,1,1,25.0,2.3,1,12.0,2,0.02,0.07,0.02,0.07,0.0,0.03,0.06,0.06,0.38,1.0,28.0,0.06,0.03,65.0,2122
0.4,1.8,1.8,5,1,1,23.0,2.5,1,15.0,2,0.07,0.1,0.07,0.1,0.0,0.04,0.08,0.21,0.62,1.0,20.0,0.08,0.04,49.0,2223
0.5,0.4,0.4,3,1,1,17.0,0.9,1,5.0,2,0.02,0.05,0.02,0.05,1.0,0.06,0.11,0.17,0.28,0.0,21.0,0.11,0.06,54.0,2324
1.8,2.5,2.5,7,2,2,32.0,4.4,2,23.0,4,0.09,0.16,0.09,0.16,1.0,0.07,0.15,0.26,0.86,2.0,28.0,0.15,0.07,25.0,2122
3.1,1.8,1.8,4,1,1,22.0,2.5,1,14.0,1,0.08,0.1,0.08,0.1,1.0,0.04,0.04,0.17,0.58,1.0,9.0,0.04,0.04,4.0,2223
0.4,0.8,0.8,1,1,1,46.0,3.5,1,5.0,3,0.04,0.17,0.04,0.17,6.0,0.05,0.15,0.05,0.25,0.0,29.0,0.15,0.05,152.0,1819
0.0,0.4,0.4,1,0,0,47.0,3.5,0,6.0,4,0.03,0.23,0.03,0.23,0.0,0.0,0.26,0.06,0.39,1.0,18.0,0.26,0.0,129.0,1920
0.9,0.1,0.1,1,0,0,21.0,0.8,0,1.0,0,0.01,0.07,0.01,0.07,1.0,0.0,0.0,0.09,0.09,0.0,7.0,0.0,0.0,85.0,2122
0.1,0.9,0.9,6,1,1,64.0,3.9,1,7.0,5,0.05,0.21,0.05,0.21,0.0,0.05,0.27,0.33,0.38,0.0,7.0,0.27,0.05,143.0,2223
0.1,0.5,0.5,2,1,1,8.0,0.6,1,5.0,1,0.23,0.3,0.23,0.3,1.0,0.51,0.51,1.01,2.53,0.0,4.0,0.51,0.51,15.0,2223
1.2,1.6,1.6,3,1,1,44.0,3.5,1,17.0,3,0.11,0.26,0.11,0.26,1.0,0.07,0.22,0.22,1.25,3.0,22.0,0.22,0.07,109.0,1819
2.3,1.2,1.2,5,2,2,45.0,5.5,2,20.0,7,0.04,0.19,0.04,0.19,3.0,0.07,0.24,0.17,0.68,1.0,34.0,0.24,0.07,189.0,1920
1.7,2.3,1.5,6,2,2,71.0,9.7,1,18.0,12,0.1,0.43,0.06,0.4,3.0,0.08,0.5,0.25,0.74,2.0,47.0,0.46,0.04,217.0,2021
1.4,1.7,1.7,13,4,4,69.0,6.7,4,36.0,7,0.06,0.24,0.06,0.24,1.0,0.14,0.25,0.47,1.3,4.0,46.0,0.25,0.14,175.0,2122
0.2,1.4,1.4,10,1,1,50.0,4.2,1,32.0,4,0.06,0.18,0.06,0.18,2.0,0.04,0.17,0.43,1.39,3.0,35.0,0.17,0.04,125.0,2223
0.1,0.5,0.5,3,0,0,16.0,0.9,0,12.0,0,0.03,0.06,0.03,0.06,1.0,0.0,0.0,0.18,0.72,2.0,22.0,0.0,0.0,48.0,2324
1.1,0.7,0.7,2,1,1,18.0,1.8,1,6.0,2,0.03,0.08,0.03,0.08,0.0,0.05,0.09,0.09,0.28,0.0,25.0,0.09,0.05,35.0,2122
0.4,1.1,1.1,4,1,1,21.0,2.7,1,14.0,1,0.05,0.13,0.05,0.13,0.0,0.05,0.05,0.18,0.64,0.0,21.0,0.05,0.05,18.0,2223
0.0,0.7,0.7,1,1,1,1.0,0.7,1,1.0,1,0.04,0.05,0.04,0.05,0.0,0.06,0.06,0.06,0.06,0.0,2.0,0.06,0.06,1.0,1819
0.2,0.3,0.3,1,1,1,10.0,0.6,1,4.0,1,0.02,0.04,0.02,0.04,2.0,0.07,0.07,0.07,0.28,0.0,3.0,0.07,0.07,0.0,2122
0.3,1.3,1.3,2,1,1,15.0,1.6,1,8.0,1,0.06,0.07,0.06,0.07,0.0,0.04,0.04,0.09,0.34,2.0,6.0,0.04,0.04,2.0,2324
1.1,1.6,1.6,6,3,3,45.0,4.5,3,19.0,5,0.11,0.31,0.11,0.31,8.0,0.21,0.35,0.42,1.33,2.0,14.0,0.35,0.21,96.0,1819
1.0,1.1,1.1,2,0,0,32.0,3.2,0,10.0,2,0.13,0.38,0.13,0.38,4.0,0.0,0.24,0.24,1.19,2.0,13.0,0.24,0.0,65.0,1920
0.3,1.0,0.2,3,1,1,12.0,1.1,0,4.0,3,0.18,0.33,0.04,0.19,2.0,0.18,0.53,0.53,0.71,2.0,7.0,0.35,0.0,32.0,2021
0.7,0.1,0.1,1,0,0,5.0,0.7,0,5.0,0,0.02,0.09,0.02,0.09,1.0,0.0,0.0,0.12,0.58,0.0,15.0,0.0,0.0,37.0,1920
2.4,0.2,0.2,2,0,0,11.0,1.6,0,6.0,2,0.02,0.18,0.02,0.18,0.0,0.0,0.23,0.23,0.69,0.0,9.0,0.23,0.0,51.0,2122
1.6,2.4,2.4,8,3,3,33.0,5.3,3,21.0,5,0.14,0.32,0.14,0.32,1.0,0.18,0.31,0.49,1.28,0.0,17.0,0.31,0.18,87.0,2223
0.7,1.6,1.6,6,1,1,28.0,3.6,1,16.0,2,0.08,0.17,0.08,0.17,3.0,0.05,0.1,0.29,0.78,1.0,22.0,0.1,0.05,95.0,2324
0.0,1.3,1.3,7,0,0,35.0,5.2,0,24.0,1,0.04,0.15,0.04,0.15,1.0,0.0,0.03,0.21,0.71,1.0,21.0,0.03,0.0,164.0,1718
2.1,0.9,0.9,2,0,0,20.0,2.0,0,11.0,2,0.07,0.15,0.07,0.15,1.0,0.0,0.15,0.15,0.84,0.0,21.0,0.15,0.0,112.0,2324
1.5,6.6,6.6,20,5,5,58.0,8.1,5,43.0,7,0.39,0.48,0.39,0.48,24.0,0.3,0.41,1.18,2.54,5.0,31.0,0.41,0.3,86.0,1819
2.4,1.5,1.5,3,1,1,11.0,1.6,1,7.0,1,0.52,0.54,0.52,0.54,2.0,0.34,0.34,1.02,2.39,0.0,13.0,0.34,0.34,13.0,1920
11.1,2.4,2.4,5,2,2,24.0,2.5,2,14.0,2,0.36,0.38,0.36,0.38,7.0,0.3,0.3,0.75,2.09,0.0,17.0,0.3,0.3,34.0,2021
3.7,11.1,11.1,30,16,16,84.0,14.0,16,55.0,20,0.47,0.59,0.47,0.59,18.0,0.68,0.84,1.27,2.32,1.0,73.0,0.84,0.68,107.0,2122
2.5,3.7,3.7,8,4,4,38.0,4.5,4,18.0,4,0.36,0.44,0.36,0.44,15.0,0.39,0.39,0.78,1.75,1.0,23.0,0.39,0.39,37.0,2223
0.7,2.5,2.5,7,3,3,23.0,4.2,3,14.0,4,0.26,0.43,0.26,0.43,13.0,0.31,0.41,0.72,1.44,1.0,28.0,0.41,0.31,40.0,2324
2.9,0.7,0.7,1,0,0,14.0,1.0,0,6.0,0,0.25,0.39,0.25,0.39,1.0,0.0,0.0,0.37,2.21,0.0,7.0,0.0,0.0,18.0,2425
3.6,1.1,1.1,4,1,1,27.0,1.7,1,15.0,1,0.22,0.34,0.22,0.34,1.0,0.2,0.2,0.8,3.01,1.0,24.0,0.2,0.2,33.0,2223
4.2,3.6,3.5,15,2,2,104.0,5.0,2,44.0,2,0.21,0.29,0.2,0.29,7.0,0.12,0.12,0.87,2.55,6.0,66.0,0.12,0.12,82.0,2324
0.5,1.7,1.7,6,0,0,36.0,1.9,0,21.0,0,0.05,0.06,0.05,0.06,2.0,0.0,0.0,0.2,0.68,3.0,10.0,0.0,0.0,3.0,1819
0.2,0.5,0.5,1,1,1,16.0,0.8,1,5.0,1,0.03,0.05,0.03,0.05,0.0,0.06,0.06,0.06,0.32,0.0,0.0,0.06,0.06,3.0,2223
4.8,2.5,2.5,8,1,1,52.0,5.8,1,33.0,4,0.13,0.31,0.13,0.31,1.0,0.05,0.21,0.42,1.75,1.0,44.0,0.21,0.05,80.0,2021
11.1,8.2,7.4,23,8,8,105.0,11.4,7,66.0,12,0.27,0.41,0.25,0.38,3.0,0.27,0.4,0.77,2.21,8.0,63.0,0.37,0.23,139.0,2223
1.0,1.3,1.3,3,2,2,10.0,1.4,2,10.0,2,0.07,0.08,0.07,0.08,1.0,0.11,0.11,0.17,0.57,1.0,2.0,0.11,0.11,1.0,1718
1.1,2.0,2.0,6,2,2,53.0,2.9,2,21.0,3,0.06,0.09,0.06,0.09,3.0,0.06,0.09,0.18,0.64,3.0,26.0,0.09,0.06,26.0,2021
1.1,1.1,1.1,3,2,2,49.0,3.4,2,13.0,3,0.04,0.11,0.04,0.11,2.0,0.07,0.1,0.1,0.43,2.0,27.0,0.1,0.07,35.0,2122
2.0,1.1,1.1,1,1,1,45.0,3.9,1,14.0,4,0.04,0.15,0.04,0.15,2.0,0.04,0.15,0.04,0.52,1.0,23.0,0.15,0.04,61.0,2223
1.8,2.0,2.0,6,1,1,44.0,4.2,1,24.0,3,0.06,0.13,0.06,0.13,2.0,0.03,0.09,0.19,0.75,4.0,25.0,0.09,0.03,64.0,2324
0.0,0.7,0.7,2,1,1,14.0,1.9,1,7.0,1,0.04,0.11,0.04,0.11,2.0,0.06,0.06,0.12,0.43,0.0,29.0,0.06,0.06,47.0,2324
1.0,2.0,2.0,5,2,2,26.0,4.3,2,17.0,4,0.1,0.22,0.1,0.22,1.0,0.1,0.2,0.25,0.85,3.0,25.0,0.2,0.1,23.0,1920
0.0,1.0,1.0,4,2,2,9.0,1.2,2,7.0,2,0.08,0.1,0.08,0.1,0.0,0.17,0.17,0.34,0.59,1.0,7.0,0.17,0.17,8.0,2021
3.6,8.0,8.0,25,7,7,112.0,17.3,7,65.0,18,0.27,0.58,0.27,0.58,3.0,0.24,0.61,0.84,2.19,10.0,76.0,0.61,0.24,291.0,1819
2.2,3.6,3.6,16,3,3,83.0,9.0,3,33.0,10,0.15,0.37,0.15,0.37,2.0,0.12,0.41,0.65,1.35,3.0,64.0,0.41,0.12,183.0,1920
4.9,2.2,2.2,8,3,3,59.0,4.6,3,22.0,5,0.14,0.28,0.14,0.28,2.0,0.18,0.3,0.48,1.32,1.0,42.0,0.3,0.18,142.0,2021
5.2,4.9,4.9,15,9,9,50.0,9.4,9,34.0,17,0.21,0.41,0.21,0.41,2.0,0.39,0.74,0.65,1.47,4.0,58.0,0.74,0.39,171.0,2122
4.4,5.2,5.2,26,9,9,80.0,14.3,9,42.0,17,0.19,0.54,0.19,0.54,5.0,0.34,0.64,0.98,1.58,2.0,50.0,0.64,0.34,218.0,2223
4.8,4.4,4.4,16,7,7,57.0,13.8,7,33.0,18,0.18,0.56,0.18,0.56,5.0,0.28,0.73,0.65,1.34,4.0,44.0,0.73,0.28,158.0,2324
0.7,0.1,0.1,1,1,1,3.0,0.1,1,1.0,1,0.02,0.02,0.02,0.02,0.0,0.16,0.16,0.16,0.16,0.0,4.0,0.16,0.16,0.0,1920
0.0,0.7,0.7,3,1,1,12.0,1.3,1,9.0,2,0.04,0.07,0.04,0.07,0.0,0.05,0.11,0.16,0.49,2.0,11.0,0.11,0.05,4.0,2021
1.6,0.0,0.0,1,0,0,4.0,0.0,0,3.0,0,0.01,0.01,0.01,0.01,0.0,0.0,0.0,0.18,0.55,0.0,4.0,0.0,0.0,1.0,2122
1.1,4.1,4.1,16,3,3,67.0,9.1,3,31.0,10,0.18,0.4,0.18,0.4,1.0,0.13,0.44,0.7,1.36,5.0,35.0,0.44,0.13,169.0,1819
1.6,1.1,1.1,5,0,0,21.0,2.8,0,13.0,4,0.14,0.37,0.14,0.37,0.0,0.0,0.52,0.66,1.71,1.0,13.0,0.52,0.0,51.0,1920
1.5,1.6,1.6,4,4,4,37.0,4.8,4,11.0,7,0.14,0.4,0.14,0.4,4.0,0.34,0.59,0.34,0.93,1.0,7.0,0.59,0.34,94.0,2021
0.5,1.3,1.3,6,2,2,19.0,2.8,2,17.0,2,0.08,0.18,0.08,0.18,0.0,0.13,0.13,0.38,1.07,5.0,18.0,0.13,0.13,50.0,2122
1.8,0.7,0.7,5,0,0,12.0,1.2,0,16.0,0,0.06,0.1,0.06,0.1,1.0,0.0,0.0,0.43,1.39,2.0,11.0,0.0,0.0,32.0,2223
0.7,1.8,1.8,8,4,4,32.0,4.5,4,18.0,5,0.09,0.23,0.09,0.23,0.0,0.2,0.25,0.41,0.92,2.0,29.0,0.25,0.2,118.0,2324
0.1,0.7,0.7,1,1,1,14.0,1.3,1,4.0,1,0.23,0.44,0.23,0.44,2.0,0.35,0.35,0.35,1.4,1.0,14.0,0.35,0.35,24.0,1819
0.3,0.2,0.2,1,1,1,2.0,0.3,1,3.0,1,0.01,0.02,0.01,0.02,0.0,0.06,0.06,0.06,0.19,0.0,9.0,0.06,0.06,2.0,1819
1.1,0.3,0.3,3,1,1,6.0,0.4,1,9.0,1,0.02,0.04,0.02,0.04,0.0,0.09,0.09,0.26,0.79,1.0,6.0,0.09,0.09,5.0,1920
0.4,0.4,0.4,2,0,0,16.0,2.6,0,5.0,3,0.04,0.24,0.04,0.24,1.0,0.0,0.28,0.19,0.47,0.0,14.0,0.28,0.0,63.0,2021
0.8,0.3,0.3,2,0,0,6.0,0.3,0,6.0,0,0.02,0.02,0.02,0.02,1.0,0.0,0.0,0.11,0.33,0.0,5.0,0.0,0.0,0.0,2223
0.0,0.3,0.3,2,0,0,7.0,0.4,0,4.0,0,0.05,0.08,0.05,0.08,0.0,0.0,0.0,0.38,0.76,1.0,5.0,0.0,0.0,4.0,2324
1.0,1.4,1.4,8,0,0,21.0,3.2,0,28.0,2,0.27,0.59,0.27,0.59,1.0,0.0,0.38,1.52,5.31,3.0,15.0,0.38,0.0,29.0,2324
1.7,1.0,1.0,11,0,0,20.0,1.2,0,20.0,0,0.31,0.38,0.31,0.38,0.0,0.0,0.0,3.37,6.12,1.0,7.0,0.0,0.0,17.0,2425
14.1,13.0,11.5,37,11,11,149.0,17.9,9,96.0,19,0.44,0.66,0.39,0.61,2.0,0.37,0.65,1.26,3.26,10.0,56.0,0.58,0.31,180.0,2324
3.7,0.1,0.1,1,0,0,3.0,0.2,0,4.0,0,0.03,0.05,0.03,0.05,0.0,0.0,0.0,0.28,1.14,0.0,7.0,0.0,0.0,12.0,2122
5.0,3.7,3.7,10,3,3,38.0,5.1,3,26.0,4,0.31,0.43,0.31,0.43,2.0,0.25,0.34,0.85,2.2,3.0,27.0,0.34,0.25,42.0,2223
0.9,5.0,5.0,15,5,5,94.0,7.9,5,52.0,8,0.23,0.36,0.23,0.36,3.0,0.23,0.37,0.69,2.39,5.0,59.0,0.37,0.23,157.0,2324
0.7,2.2,2.2,7,3,3,80.0,4.3,3,19.0,7,0.1,0.2,0.1,0.2,4.0,0.14,0.33,0.33,0.88,1.0,25.0,0.33,0.14,171.0,1819
0.7,0.7,0.7,1,1,1,27.0,1.2,1,4.0,2,0.06,0.1,0.06,0.1,2.0,0.09,0.18,0.09,0.36,0.0,10.0,0.18,0.09,80.0,1920
0.9,0.7,0.7,1,1,1,12.0,1.4,1,1.0,2,0.21,0.45,0.21,0.45,3.0,0.31,0.62,0.31,0.31,0.0,6.0,0.62,0.31,22.0,2021
2.3,3.5,3.5,17,5,5,69.0,5.3,5,44.0,7,0.22,0.33,0.22,0.33,3.0,0.32,0.44,1.07,2.77,8.0,46.0,0.44,0.32,124.0,2122
1.6,2.3,2.3,11,5,5,54.0,3.0,5,32.0,7,0.14,0.18,0.14,0.18,1.0,0.3,0.42,0.66,1.92,5.0,32.0,0.42,0.3,137.0,2223
2.4,1.6,1.6,3,1,1,28.0,2.9,1,22.0,1,0.14,0.25,0.14,0.25,5.0,0.09,0.09,0.26,1.88,4.0,24.0,0.09,0.09,75.0,2324
1.3,1.5,1.5,4,1,1,25.0,2.4,1,20.0,2,0.09,0.15,0.09,0.15,1.0,0.06,0.12,0.25,1.24,3.0,32.0,0.12,0.06,37.0,2324
0.6,2.1,2.1,6,0,0,29.0,3.7,0,23.0,1,0.21,0.36,0.21,0.36,4.0,0.0,0.1,0.58,2.24,1.0,38.0,0.1,0.0,77.0,1819
1.1,0.6,0.6,5,1,1,7.0,0.8,1,13.0,2,0.09,0.12,0.09,0.12,1.0,0.15,0.31,0.77,1.99,3.0,13.0,0.31,0.15,26.0,1920
1.6,1.1,1.1,7,1,1,25.0,3.9,1,18.0,7,0.04,0.14,0.04,0.14,3.0,0.04,0.26,0.26,0.66,2.0,41.0,0.26,0.04,122.0,2021
0.6,1.6,1.6,6,1,1,20.0,2.2,1,20.0,1,0.09,0.13,0.09,0.13,0.0,0.06,0.06,0.35,1.17,3.0,32.0,0.06,0.06,108.0,2122
0.5,0.6,0.6,5,0,0,13.0,2.2,0,13.0,1,0.08,0.29,0.08,0.29,0.0,0.0,0.13,0.65,1.68,1.0,13.0,0.13,0.0,38.0,2223
0.4,0.5,0.5,4,1,1,18.0,1.4,1,12.0,3,0.05,0.12,0.05,0.12,0.0,0.09,0.26,0.35,1.05,3.0,16.0,0.26,0.09,37.0,2324
2.1,3.1,2.3,9,2,2,38.0,4.2,1,33.0,5,0.27,0.44,0.2,0.37,3.0,0.17,0.44,0.79,2.88,2.0,21.0,0.35,0.09,81.0,1819
0.0,2.1,1.4,6,3,3,18.0,2.2,2,17.0,3,0.27,0.37,0.17,0.27,1.0,0.38,0.38,0.76,2.15,0.0,12.0,0.25,0.25,42.0,1920
4.8,2.5,1.7,9,4,4,20.0,3.5,3,25.0,7,0.15,0.25,0.1,0.2,1.0,0.23,0.41,0.53,1.47,5.0,24.0,0.35,0.18,49.0,1819
7.1,4.8,3.3,10,6,6,52.0,6.1,4,46.0,9,0.23,0.36,0.15,0.29,3.0,0.28,0.42,0.47,2.14,5.0,44.0,0.33,0.19,91.0,1920
2.5,1.3,1.3,7,1,1,59.0,4.3,1,21.0,7,0.09,0.29,0.09,0.29,2.0,0.07,0.47,0.47,1.41,3.0,44.0,0.47,0.07,168.0,1819
3.6,2.5,2.5,11,4,4,53.0,3.5,4,34.0,5,0.15,0.21,0.15,0.21,1.0,0.24,0.3,0.65,2.02,2.0,35.0,0.3,0.24,104.0,1920
0.0,3.6,3.6,7,3,3,61.0,4.6,3,18.0,4,0.4,0.51,0.4,0.51,7.0,0.33,0.44,0.77,1.99,2.0,22.0,0.44,0.33,108.0,2021
6.6,2.8,2.8,10,4,4,57.0,7.7,4,30.0,9,0.14,0.37,0.14,0.37,5.0,0.19,0.43,0.48,1.45,2.0,50.0,0.43,0.19,166.0,2122
6.2,6.6,5.9,15,6,6,65.0,8.2,5,43.0,6,0.41,0.56,0.36,0.51,10.0,0.37,0.37,0.93,2.67,5.0,39.0,0.31,0.31,126.0,2223
3.7,4.9,4.9,14,6,6,57.0,7.3,6,33.0,8,0.44,0.65,0.44,0.65,9.0,0.53,0.71,1.24,2.92,1.0,40.0,0.71,0.53,95.0,2324
4.9,2.0,2.0,7,5,5,27.0,2.3,5,20.0,5,0.38,0.44,0.38,0.44,4.0,0.95,0.95,1.33,3.79,1.0,16.0,0.95,0.95,25.0,2324
0.5,0.9,0.9,2,0,0,5.0,1.0,0,7.0,0,0.06,0.07,0.06,0.07,0.0,0.0,0.0,0.14,0.49,0.0,5.0,0.0,0.0,1.0,1819
8.4,3.7,3.7,16,5,5,55.0,6.3,5,35.0,8,0.23,0.39,0.23,0.39,2.0,0.31,0.5,1.0,2.18,2.0,69.0,0.5,0.31,127.0,2122
6.2,8.4,8.4,23,10,10,86.0,10.2,10,55.0,13,0.37,0.44,0.37,0.44,10.0,0.43,0.56,1.0,2.39,9.0,73.0,0.56,0.43,132.0,2223
0.2,6.2,6.2,19,4,4,83.0,7.2,4,50.0,4,0.34,0.4,0.34,0.4,3.0,0.22,0.22,1.06,2.78,3.0,53.0,0.22,0.22,130.0,2324
0.4,1.3,1.3,3,1,1,12.0,2.2,1,13.0,1,0.07,0.11,0.07,0.11,0.0,0.05,0.05,0.15,0.65,2.0,3.0,0.05,0.05,19.0,1920
0.0,0.0,0.0,1,0,0,4.0,0.6,0,1.0,0,0.01,0.18,0.01,0.18,0.0,0.0,0.0,0.28,0.28,0.0,0.0,0.0,0.0,35.0,2021
0.3,0.6,0.6,3,0,0,11.0,1.7,0,14.0,2,0.03,0.09,0.03,0.09,0.0,0.0,0.11,0.16,0.74,2.0,5.0,0.11,0.0,2.0,1819
0.1,1.5,1.5,7,2,2,29.0,4.7,2,23.0,4,0.1,0.32,0.1,0.32,2.0,0.14,0.28,0.49,1.6,2.0,22.0,0.28,0.14,62.0,1819
0.8,1.0,1.0,4,1,1,44.0,3.8,1,19.0,2,0.04,0.14,0.04,0.14,4.0,0.04,0.08,0.15,0.72,0.0,45.0,0.08,0.04,120.0,1920
1.0,0.8,0.8,2,0,0,23.0,2.5,0,11.0,2,0.06,0.18,0.06,0.18,0.0,0.0,0.15,0.15,0.81,1.0,25.0,0.15,0.0,69.0,2021
0.5,1.0,1.0,5,1,1,22.0,2.6,1,12.0,1,0.05,0.13,0.05,0.13,5.0,0.05,0.05,0.25,0.61,1.0,29.0,0.05,0.05,91.0,2122
0.0,0.5,0.5,2,0,0,13.0,1.7,0,9.0,2,0.05,0.16,0.05,0.16,0.0,0.0,0.19,0.19,0.85,0.0,12.0,0.19,0.0,42.0,2223
0.1,0.3,0.3,4,0,0,6.0,0.9,0,7.0,1,0.04,0.11,0.04,0.11,0.0,0.0,0.12,0.48,0.84,1.0,16.0,0.12,0.0,29.0,2324
0.6,2.8,2.8,9,3,3,49.0,7.1,3,33.0,9,0.15,0.37,0.15,0.37,2.0,0.15,0.46,0.46,1.7,8.0,41.0,0.46,0.15,108.0,1819
1.2,0.6,0.6,2,1,1,23.0,1.6,1,10.0,2,0.09,0.23,0.09,0.23,1.0,0.14,0.29,0.29,1.45,0.0,9.0,0.29,0.14,31.0,1920
1.6,1.2,1.2,8,2,2,29.0,1.7,2,19.0,2,0.08,0.11,0.08,0.11,1.0,0.13,0.13,0.53,1.25,1.0,17.0,0.13,0.13,74.0,2021
1.9,1.6,1.6,5,0,0,22.0,2.0,0,19.0,1,0.13,0.17,0.13,0.17,3.0,0.0,0.08,0.41,1.55,4.0,15.0,0.08,0.0,75.0,2122
14.5,5.6,5.6,15,4,4,84.0,7.6,4,41.0,8,0.3,0.4,0.3,0.4,13.0,0.21,0.42,0.79,2.16,2.0,74.0,0.42,0.21,73.0,2223
10.3,14.5,14.5,35,13,13,165.0,17.0,13,82.0,16,0.46,0.54,0.46,0.54,21.0,0.41,0.5,1.1,2.58,9.0,115.0,0.5,0.41,183.0,2324
7.1,9.5,8.7,19,5,5,139.0,12.4,4,59.0,9,0.3,0.42,0.28,0.4,14.0,0.16,0.29,0.61,1.89,9.0,68.0,0.26,0.13,150.0,1819
0.4,1.1,1.1,4,2,2,23.0,1.7,2,16.0,3,0.04,0.05,0.04,0.05,0.0,0.06,0.1,0.13,0.52,0.0,14.0,0.1,0.06,14.0,1718
0.3,2.7,2.7,9,2,2,45.0,3.7,2,27.0,2,0.2,0.27,0.2,0.27,11.0,0.15,0.15,0.66,1.97,4.0,42.0,0.15,0.15,104.0,1819
0.2,3.8,3.0,10,4,4,26.0,3.1,3,19.0,4,0.64,0.66,0.51,0.52,5.0,0.68,0.68,1.7,3.23,4.0,14.0,0.51,0.51,39.0,1920
0.0,0.3,0.3,1,1,1,5.0,0.3,1,5.0,1,0.02,0.02,0.02,0.02,1.0,0.07,0.07,0.07,0.33,0.0,2.0,0.07,0.07,2.0,2122
0.3,1.1,1.1,6,0,0,24.0,1.9,0,17.0,1,0.1,0.19,0.1,0.19,3.0,0.0,0.1,0.58,1.65,3.0,22.0,0.1,0.0,78.0,2324
0.1,0.3,0.3,1,1,1,10.0,0.8,1,4.0,1,0.12,0.29,0.12,0.29,0.0,0.36,0.36,0.36,1.46,0.0,8.0,0.36,0.36,19.0,2425
9.1,12.1,9.7,39,17,17,124.0,12.7,14,84.0,20,0.38,0.47,0.3,0.39,4.0,0.53,0.62,1.21,2.61,8.0,75.0,0.53,0.44,263.0,1819
5.5,9.1,8.4,25,12,12,133.0,16.1,11,58.0,18,0.34,0.62,0.31,0.59,12.0,0.44,0.66,0.92,2.13,5.0,99.0,0.62,0.4,250.0,1920
11.6,8.7,8.7,23,8,8,128.0,10.9,8,56.0,11,0.43,0.54,0.43,0.54,12.0,0.4,0.55,1.14,2.79,7.0,66.0,0.55,0.4,203.0,2122
12.3,11.6,10.8,31,7,7,165.0,14.6,6,70.0,8,0.41,0.54,0.38,0.51,28.0,0.25,0.28,1.09,2.45,5.0,79.0,0.25,0.21,218.0,2223
9.5,12.3,11.6,27,13,13,184.0,15.9,12,68.0,20,0.42,0.57,0.39,0.54,15.0,0.44,0.68,0.92,2.32,8.0,54.0,0.65,0.41,191.0,2324
0.1,0.9,0.9,3,0,0,29.0,1.5,0,14.0,1,0.13,0.2,0.13,0.2,1.0,0.0,0.14,0.41,1.93,1.0,21.0,0.14,0.0,38.0,2021
1.0,0.8,0.8,4,0,0,23.0,1.3,0,14.0,0,0.03,0.06,0.03,0.06,0.0,0.0,0.0,0.17,0.6,2.0,10.0,0.0,0.0,10.0,1920
1.3,1.0,1.0,2,0,0,18.0,1.2,0,11.0,0,0.04,0.05,0.04,0.05,0.0,0.0,0.0,0.08,0.45,0.0,8.0,0.0,0.0,6.0,2021
6.1,9.5,8.7,17,8,8,111.0,10.3,7,55.0,10,0.49,0.57,0.45,0.53,21.0,0.41,0.51,0.87,2.83,1.0,75.0,0.46,0.36,132.0,1819
2.6,6.1,6.1,19,4,4,88.0,6.7,4,48.0,4,0.34,0.37,0.34,0.37,23.0,0.22,0.22,1.06,2.67,1.0,63.0,0.22,0.22,124.0,1920
4.7,2.6,1.8,4,3,3,52.0,2.9,2,18.0,4,0.24,0.34,0.17,0.27,11.0,0.28,0.37,0.37,1.65,0.0,27.0,0.28,0.18,72.0,2021
0.3,0.7,0.7,3,0,0,7.0,1.4,0,15.0,1,0.04,0.08,0.04,0.08,0.0,0.0,0.06,0.17,0.85,2.0,32.0,0.06,0.0,14.0,2122
0.4,0.1,0.1,2,0,0,1.0,0.1,0,3.0,0,0.02,0.02,0.02,0.02,0.0,0.0,0.0,0.58,0.87,0.0,4.0,0.0,0.0,4.0,2324
1.7,2.3,2.3,8,4,4,47.0,4.2,4,26.0,6,0.2,0.37,0.2,0.37,3.0,0.35,0.53,0.71,2.31,1.0,37.0,0.53,0.35,96.0,2122
1.5,1.4,1.4,3,1,1,25.0,1.9,1,13.0,1,0.38,0.54,0.38,0.54,1.0,0.28,0.28,0.83,3.59,1.0,13.0,0.28,0.28,57.0,2223
4.2,3.7,2.9,9,2,2,37.0,5.8,1,25.0,4,0.29,0.51,0.23,0.45,0.0,0.16,0.31,0.7,1.95,2.0,34.0,0.23,0.08,82.0,2223
2.7,4.2,4.2,11,6,6,37.0,5.0,6,25.0,11,0.43,0.52,0.43,0.52,1.0,0.61,1.13,1.13,2.56,3.0,32.0,1.13,0.61,43.0,2324
9.2,3.5,3.5,15,3,3,136.0,6.2,3,34.0,7,0.21,0.37,0.21,0.37,7.0,0.18,0.42,0.91,2.06,3.0,38.0,0.42,0.18,239.0,2324
5.5,3.5,3.5,10,3,3,63.0,5.5,3,23.0,4,0.34,0.54,0.34,0.54,1.0,0.3,0.39,0.99,2.27,2.0,29.0,0.39,0.3,96.0,2324
6.4,3.3,3.3,11,5,5,46.0,8.4,5,42.0,9,0.28,0.71,0.28,0.71,3.0,0.43,0.77,0.94,3.58,4.0,21.0,0.77,0.43,140.0,1819
1.8,6.4,6.4,24,4,4,81.0,11.4,4,54.0,10,0.4,0.72,0.4,0.72,6.0,0.25,0.63,1.52,3.41,6.0,26.0,0.63,0.25,207.0,1920
2.0,1.8,1.8,8,0,0,51.0,4.4,0,28.0,0,0.2,0.5,0.2,0.5,9.0,0.0,0.0,0.9,3.16,4.0,22.0,0.0,0.0,109.0,2021
0.0,2.0,2.0,11,3,3,35.0,3.2,3,28.0,5,0.27,0.42,0.27,0.42,1.0,0.4,0.66,1.45,3.69,6.0,19.0,0.66,0.4,69.0,2122
20.3,17.7,15.3,41,21,21,202.0,21.3,18,101.0,27,0.54,0.72,0.47,0.65,36.0,0.64,0.82,1.25,3.08,15.0,62.0,0.73,0.55,273.0,1819
18.5,20.3,16.3,54,21,21,238.0,23.9,16,119.0,29,0.58,0.8,0.47,0.69,27.0,0.6,0.83,1.55,3.41,5.0,64.0,0.69,0.46,270.0,1920
23.7,18.5,17.7,52,23,23,217.0,24.1,22,122.0,32,0.58,0.78,0.55,0.75,23.0,0.72,1.0,1.62,3.79,10.0,58.0,0.96,0.68,256.0,2021
21.5,23.7,15.1,48,27,27,224.0,23.0,20,117.0,39,0.83,1.1,0.52,0.8,31.0,0.94,1.35,1.67,4.06,7.0,35.0,1.11,0.69,252.0,2122
5.0,5.6,5.6,17,7,7,79.0,8.8,7,39.0,10,0.43,0.68,0.43,0.68,3.0,0.54,0.78,1.32,3.02,4.0,42.0,0.78,0.54,105.0,1819
6.2,5.0,5.0,23,4,4,96.0,9.9,4,41.0,10,0.26,0.51,0.26,0.51,11.0,0.21,0.52,1.2,2.14,7.0,79.0,0.52,0.21,123.0,1920
8.2,6.2,6.2,20,4,4,102.0,8.0,4,54.0,4,0.3,0.39,0.3,0.39,17.0,0.2,0.2,0.98,2.64,6.0,80.0,0.2,0.2,153.0,2021
8.2,8.2,8.2,19,5,5,168.0,14.8,5,65.0,13,0.31,0.57,0.31,0.57,27.0,0.19,0.5,0.72,2.48,5.0,127.0,0.5,0.19,237.0,2122
2.3,8.2,8.2,32,10,10,157.0,11.6,10,68.0,12,0.29,0.41,0.29,0.41,22.0,0.35,0.43,1.13,2.41,9.0,111.0,0.43,0.35,220.0,2223
0.1,2.3,2.3,7,1,1,77.0,3.7,1,33.0,4,0.14,0.22,0.14,0.22,15.0,0.06,0.24,0.42,1.99,9.0,52.0,0.24,0.06,111.0,2324
10.6,17.1,14.7,43,17,17,168.0,20.6,14,99.0,23,0.51,0.68,0.44,0.61,28.0,0.5,0.68,1.27,2.93,7.0,106.0,0.59,0.41,352.0,1718
2.2,8.0,8.0,19,6,6,64.0,9.6,6,39.0,8,0.73,0.87,0.73,0.87,7.0,0.54,0.73,1.72,3.53,3.0,29.0,0.73,0.54,92.0,1920
17.3,2.2,2.2,7,2,2,22.0,3.4,2,13.0,3,0.37,0.57,0.37,0.57,1.0,0.33,0.5,1.17,2.17,1.0,13.0,0.5,0.33,58.0,1920
12.6,17.3,17.3,39,14,14,180.0,24.3,14,90.0,20,0.55,0.78,0.55,0.78,15.0,0.45,0.64,1.25,2.88,11.0,73.0,0.64,0.45,281.0,2021
4.4,12.6,11.0,36,12,12,145.0,16.0,10,74.0,17,0.49,0.69,0.43,0.63,10.0,0.47,0.67,1.41,2.9,5.0,65.0,0.59,0.39,268.0,2122
3.6,4.4,4.4,19,4,4,85.0,7.4,4,41.0,6,0.3,0.49,0.3,0.49,2.0,0.27,0.4,1.26,2.73,3.0,38.0,0.4,0.27,188.0,2223
1.8,2.1,2.1,13,3,3,46.0,4.9,3,34.0,6,0.07,0.17,0.07,0.17,1.0,0.11,0.22,0.47,1.22,3.0,60.0,0.22,0.11,113.0,1819
1.1,1.8,1.8,9,4,4,49.0,4.0,4,32.0,7,0.08,0.18,0.08,0.18,0.0,0.18,0.31,0.4,1.43,4.0,50.0,0.31,0.18,103.0,1920
0.7,1.1,1.1,3,1,1,26.0,2.1,1,7.0,1,0.05,0.1,0.05,0.1,1.0,0.05,0.05,0.15,0.34,1.0,42.0,0.05,0.05,60.0,2021
1.0,0.7,0.7,2,0,0,25.0,2.2,0,13.0,0,0.07,0.23,0.07,0.23,0.0,0.0,0.0,0.2,1.31,3.0,28.0,0.0,0.0,37.0,2122
0.5,1.0,1.0,4,1,1,21.0,1.9,1,16.0,1,0.05,0.09,0.05,0.09,4.0,0.05,0.05,0.19,0.76,1.0,27.0,0.05,0.05,32.0,2223
1.1,0.5,0.5,1,0,0,13.0,1.4,0,16.0,0,0.02,0.07,0.02,0.07,2.0,0.0,0.0,0.05,0.78,2.0,22.0,0.0,0.0,25.0,2324
0.5,1.2,1.2,3,1,1,7.0,1.3,1,6.0,1,0.11,0.12,0.11,0.12,0.0,0.09,0.09,0.27,0.54,2.0,7.0,0.09,0.09,4.0,1920
8.4,8.1,8.1,25,11,11,68.0,10.4,11,42.0,14,0.39,0.5,0.39,0.5,7.0,0.52,0.67,1.19,2.0,6.0,62.0,0.67,0.52,90.0,1920
6.4,8.4,6.8,16,6,6,59.0,7.9,4,35.0,8,0.39,0.44,0.32,0.37,5.0,0.28,0.37,0.75,1.63,4.0,72.0,0.28,0.19,92.0,2021
0.0,6.4,4.8,13,6,6,58.0,6.1,4,38.0,8,0.39,0.46,0.29,0.37,3.0,0.36,0.48,0.78,2.29,5.0,53.0,0.36,0.24,90.0,2122
0.1,0.1,0.1,3,0,0,2.0,0.3,0,4.0,0,0.07,0.19,0.07,0.19,0.0,0.0,0.0,1.82,2.43,0.0,3.0,0.0,0.0,13.0,1920
3.1,6.3,6.3,20,3,3,84.0,8.0,3,43.0,4,0.39,0.5,0.39,0.5,3.0,0.19,0.25,1.25,2.69,4.0,30.0,0.25,0.19,135.0,2324
0.0,1.5,1.5,2,1,1,29.0,2.1,1,9.0,2,0.47,0.67,0.47,0.67,0.0,0.32,0.65,0.65,2.92,2.0,10.0,0.65,0.32,37.0,2021
4.0,3.9,3.9,17,5,5,56.0,6.1,5,30.0,7,0.39,0.61,0.39,0.61,8.0,0.51,0.71,1.72,3.04,2.0,25.0,0.71,0.51,98.0,1819
5.7,4.0,4.0,13,4,4,45.0,4.7,4,28.0,5,0.42,0.49,0.42,0.49,5.0,0.42,0.52,1.36,2.94,4.0,24.0,0.52,0.42,78.0,1920
3.5,5.7,5.7,19,7,7,83.0,8.1,7,44.0,8,0.42,0.61,0.42,0.61,4.0,0.53,0.6,1.43,3.31,7.0,45.0,0.6,0.53,110.0,2021
1.1,3.5,3.5,11,3,3,51.0,4.1,3,27.0,4,0.26,0.3,0.26,0.3,9.0,0.22,0.29,0.81,1.98,4.0,49.0,0.29,0.22,73.0,2122
6.0,2.1,2.1,6,1,1,34.0,3.6,1,18.0,4,0.2,0.35,0.2,0.35,8.0,0.1,0.38,0.57,1.72,0.0,29.0,0.38,0.1,63.0,1819
8.2,6.0,6.0,20,5,5,72.0,8.6,5,36.0,8,0.56,0.8,0.56,0.8,9.0,0.47,0.75,1.87,3.38,5.0,52.0,0.75,0.47,88.0,1920
3.6,8.2,7.4,24,12,12,79.0,11.1,12,58.0,14,0.51,0.74,0.46,0.69,9.0,0.74,0.86,1.48,3.58,4.0,57.0,0.86,0.74,124.0,2021
7.1,3.6,3.6,12,4,4,50.0,6.1,4,31.0,9,0.26,0.43,0.26,0.43,7.0,0.28,0.64,0.85,2.21,2.0,52.0,0.64,0.28,85.0,2122
1.5,7.1,6.3,13,5,5,58.0,10.4,4,38.0,10,0.57,0.89,0.51,0.83,12.0,0.4,0.8,1.04,3.03,5.0,41.0,0.72,0.32,99.0,2223
2.6,0.4,0.4,3,0,0,11.0,1.0,0,8.0,2,0.02,0.05,0.02,0.05,0.0,0.0,0.11,0.17,0.44,1.0,18.0,0.11,0.0,27.0,1920
2.7,2.6,2.6,7,1,1,34.0,3.9,1,26.0,2,0.09,0.13,0.09,0.13,1.0,0.03,0.07,0.24,0.88,3.0,27.0,0.07,0.03,50.0,2122
0.1,2.7,2.7,7,0,0,47.0,5.0,0,26.0,1,0.1,0.19,0.1,0.19,1.0,0.0,0.04,0.27,0.99,4.0,25.0,0.04,0.0,72.0,2223
1.4,1.1,1.1,4,0,0,53.0,2.6,0,16.0,1,0.12,0.27,0.12,0.27,7.0,0.0,0.11,0.42,1.69,2.0,44.0,0.11,0.0,60.0,2122
0.5,1.4,1.4,2,1,1,22.0,1.8,1,13.0,2,0.36,0.46,0.36,0.46,1.0,0.25,0.51,0.51,3.31,3.0,14.0,0.51,0.25,25.0,2223
0.1,0.6,0.6,4,2,2,44.0,4.5,2,17.0,3,0.02,0.17,0.02,0.17,4.0,0.07,0.11,0.15,0.62,4.0,42.0,0.11,0.07,164.0,1920
4.0,3.4,3.4,8,3,3,53.0,5.5,3,21.0,4,0.33,0.54,0.33,0.54,7.0,0.29,0.39,0.78,2.06,3.0,37.0,0.39,0.29,87.0,1819
2.5,4.0,4.0,11,6,6,74.0,6.0,6,32.0,7,0.27,0.4,0.27,0.4,8.0,0.4,0.47,0.73,2.13,4.0,50.0,0.47,0.4,125.0,1920
0.8,0.5,0.5,2,1,1,4.0,0.6,1,4.0,1,0.14,0.14,0.14,0.14,3.0,0.25,0.25,0.49,0.99,0.0,10.0,0.25,0.25,13.0,1920
0.9,2.2,1.4,5,1,1,25.0,2.1,1,30.0,2,0.15,0.19,0.1,0.14,5.0,0.07,0.13,0.33,2.0,2.0,42.0,0.13,0.07,66.0,1819
2.0,0.9,0.9,3,1,1,14.0,2.7,1,14.0,4,0.14,0.41,0.14,0.41,1.0,0.15,0.61,0.46,2.15,2.0,18.0,0.61,0.15,59.0,1920
0.0,2.0,2.0,11,4,4,23.0,4.7,4,37.0,7,0.12,0.29,0.12,0.29,0.0,0.24,0.43,0.67,2.26,4.0,38.0,0.43,0.24,59.0,2021
0.0,0.5,0.5,3,0,0,13.0,1.1,0,6.0,1,0.17,0.36,0.17,0.36,0.0,0.0,0.33,0.98,1.96,0.0,14.0,0.33,0.0,21.0,2223
2.7,3.2,1.6,5,2,2,24.0,4.2,0,17.0,3,0.14,0.26,0.07,0.19,2.0,0.09,0.13,0.22,0.75,2.0,31.0,0.04,0.0,73.0,1920
0.5,0.4,0.4,3,0,0,8.0,2.4,0,12.0,2,0.02,0.15,0.02,0.15,1.0,0.0,0.13,0.19,0.76,1.0,12.0,0.13,0.0,30.0,2223
0.7,0.7,0.7,3,1,1,26.0,3.4,1,7.0,5,0.04,0.19,0.04,0.19,5.0,0.06,0.28,0.17,0.39,0.0,25.0,0.28,0.06,86.0,1718
0.7,0.7,0.7,2,0,0,26.0,2.5,0,8.0,3,0.06,0.21,0.06,0.21,1.0,0.0,0.26,0.17,0.69,1.0,18.0,0.26,0.0,99.0,1819
0.3,0.7,0.7,2,0,0,23.0,2.2,0,7.0,1,0.06,0.19,0.06,0.19,1.0,0.0,0.08,0.17,0.59,0.0,15.0,0.08,0.0,88.0,1920
0.9,0.7,0.7,5,1,1,30.0,2.6,1,13.0,6,0.02,0.09,0.02,0.09,0.0,0.04,0.21,0.18,0.46,0.0,22.0,0.21,0.04,69.0,2223
1.4,0.9,0.9,1,1,1,11.0,1.2,1,4.0,1,0.09,0.13,0.09,0.13,0.0,0.1,0.1,0.1,0.42,1.0,10.0,0.1,0.1,38.0,2324
3.2,4.5,4.5,16,4,4,32.0,11.8,4,59.0,13,0.2,0.53,0.2,0.53,2.0,0.18,0.58,0.71,2.63,7.0,51.0,0.58,0.18,66.0,1819
3.5,3.2,3.2,8,1,1,28.0,7.4,1,30.0,6,0.19,0.42,0.19,0.42,1.0,0.06,0.34,0.46,1.72,6.0,33.0,0.34,0.06,37.0,1920
3.3,3.5,3.5,13,4,4,29.0,7.1,4,44.0,7,0.18,0.37,0.18,0.37,0.0,0.21,0.36,0.67,2.27,5.0,54.0,0.36,0.21,74.0,2021
2.2,3.3,1.8,11,1,1,34.0,5.6,0,36.0,5,0.15,0.31,0.08,0.24,3.0,0.04,0.22,0.48,1.58,2.0,34.0,0.18,0.0,47.0,2122
0.0,0.5,0.5,1,0,0,15.0,0.5,0,7.0,0,0.02,0.03,0.02,0.03,0.0,0.0,0.0,0.05,0.38,0.0,8.0,0.0,0.0,6.0,2021
0.0,1.6,1.6,4,2,2,18.0,2.1,2,8.0,2,0.19,0.25,0.19,0.25,1.0,0.25,0.25,0.49,0.98,1.0,4.0,0.25,0.25,3.0,2223
0.8,2.0,2.0,12,5,5,66.0,2.7,5,27.0,6,0.08,0.11,0.08,0.11,0.0,0.21,0.25,0.49,1.11,6.0,12.0,0.25,0.21,15.0,2324
1.5,1.2,1.2,2,1,1,18.0,2.8,1,10.0,2,0.17,0.38,0.17,0.38,1.0,0.14,0.27,0.27,1.35,0.0,15.0,0.27,0.14,34.0,1920
2.6,1.5,1.5,4,1,1,56.0,2.8,1,19.0,3,0.1,0.19,0.1,0.19,2.0,0.07,0.2,0.27,1.26,8.0,35.0,0.2,0.07,82.0,2021
1.5,2.6,2.6,11,3,3,32.0,3.5,3,21.0,4,0.19,0.25,0.19,0.25,0.0,0.22,0.29,0.8,1.53,4.0,40.0,0.29,0.22,56.0,2122
1.2,0.1,0.1,2,1,1,5.0,0.5,1,2.0,1,0.01,0.04,0.01,0.04,0.0,0.08,0.08,0.15,0.15,0.0,10.0,0.08,0.08,14.0,2021
0.6,1.2,1.2,4,2,2,34.0,3.8,2,12.0,4,0.07,0.22,0.07,0.22,4.0,0.12,0.24,0.24,0.71,3.0,30.0,0.24,0.12,40.0,2122
0.3,0.6,0.6,1,0,0,16.0,1.2,0,8.0,0,0.03,0.05,0.03,0.05,0.0,0.0,0.0,0.05,0.37,0.0,16.0,0.0,0.0,23.0,2223
6.0,4.8,4.8,14,8,8,83.0,6.1,8,35.0,9,0.28,0.35,0.28,0.35,12.0,0.47,0.53,0.82,2.05,0.0,45.0,0.53,0.47,92.0,2223
1.6,6.0,6.0,13,4,4,69.0,6.9,4,41.0,4,0.43,0.5,0.43,0.5,8.0,0.29,0.29,0.93,2.92,2.0,39.0,0.29,0.29,93.0,2324
2.3,1.6,1.6,6,1,1,30.0,2.5,1,11.0,2,0.23,0.36,0.23,0.36,4.0,0.15,0.29,0.88,1.61,2.0,15.0,0.29,0.15,41.0,2324
1.2,0.6,0.6,3,2,2,12.0,0.9,2,11.0,3,0.02,0.03,0.02,0.03,0.0,0.08,0.12,0.12,0.43,1.0,23.0,0.12,0.08,8.0,1819
0.3,1.2,1.2,1,1,1,5.0,1.3,1,5.0,1,0.09,0.1,0.09,0.1,1.0,0.08,0.08,0.08,0.38,1.0,9.0,0.08,0.08,1.0,1920
0.1,0.5,0.5,5,1,1,15.0,0.7,1,10.0,2,0.04,0.05,0.04,0.05,0.0,0.07,0.14,0.36,0.72,2.0,4.0,0.14,0.07,2.0,1819
2.5,1.7,1.7,4,2,2,17.0,2.2,2,13.0,4,0.06,0.07,0.06,0.07,1.0,0.06,0.13,0.13,0.42,1.0,15.0,0.13,0.06,1.0,2122
0.5,0.4,0.4,3,0,0,8.0,0.5,0,7.0,0,0.04,0.05,0.04,0.05,0.0,0.0,0.0,0.32,0.75,1.0,8.0,0.0,0.0,1.0,2425
7.3,1.4,1.4,12,2,2,41.0,7.0,2,31.0,4,0.13,0.65,0.13,0.65,1.0,0.18,0.37,1.11,2.86,2.0,23.0,0.37,0.18,88.0,1819
9.3,7.3,5.8,29,13,13,150.0,25.8,11,97.0,33,0.24,0.88,0.19,0.83,3.0,0.42,1.06,0.94,3.13,4.0,47.0,1.0,0.35,257.0,1920
5.7,9.3,6.9,24,6,6,92.0,14.9,4,77.0,18,0.42,0.78,0.31,0.67,1.0,0.27,0.81,1.08,3.47,5.0,45.0,0.72,0.18,186.0,2021
5.6,5.7,5.7,31,15,15,107.0,16.1,15,78.0,23,0.23,0.66,0.23,0.66,4.0,0.61,0.94,1.27,3.19,9.0,40.0,0.94,0.61,175.0,2122
2.4,5.6,5.6,21,7,7,100.0,19.3,7,65.0,23,0.21,0.72,0.21,0.72,5.0,0.26,0.86,0.78,2.42,7.0,42.0,0.86,0.26,245.0,2223
5.1,2.4,2.4,17,4,4,86.0,14.0,4,44.0,14,0.18,1.03,0.18,1.03,1.0,0.29,1.03,1.25,3.24,5.0,13.0,1.03,0.29,133.0,2324
0.3,1.8,1.8,15,2,2,22.0,6.2,2,34.0,7,0.08,0.26,0.08,0.26,7.0,0.09,0.3,0.64,1.45,3.0,29.0,0.3,0.09,67.0,1819
1.1,0.3,0.3,3,2,2,5.0,2.8,2,5.0,4,0.04,0.37,0.04,0.37,1.0,0.27,0.53,0.4,0.67,0.0,10.0,0.53,0.27,22.0,1920
0.4,1.1,1.1,1,0,0,6.0,2.7,0,14.0,1,0.05,0.13,0.05,0.13,0.0,0.0,0.05,0.05,0.65,0.0,29.0,0.05,0.0,24.0,2021
1.1,0.4,0.4,2,0,0,11.0,2.3,0,8.0,1,0.02,0.11,0.02,0.11,0.0,0.0,0.05,0.09,0.38,0.0,26.0,0.05,0.0,35.0,2122
0.2,1.1,1.1,2,2,2,4.0,2.2,2,7.0,4,0.07,0.14,0.07,0.14,1.0,0.13,0.26,0.13,0.46,1.0,19.0,0.26,0.13,15.0,2223
0.8,0.2,0.2,1,1,1,11.0,2.0,1,6.0,1,0.01,0.13,0.01,0.13,0.0,0.07,0.07,0.07,0.4,1.0,15.0,0.07,0.07,27.0,2324
10.6,8.5,7.6,20,6,6,120.0,9.7,6,63.0,8,0.31,0.39,0.28,0.36,22.0,0.22,0.29,0.73,2.31,4.0,80.0,0.29,0.22,144.0,1819
3.2,10.6,10.6,34,10,10,145.0,13.1,10,79.0,11,0.37,0.46,0.37,0.46,15.0,0.35,0.39,1.19,2.77,5.0,79.0,0.39,0.35,139.0,1920
7.4,3.2,3.2,6,2,2,61.0,5.1,2,30.0,2,0.23,0.36,0.23,0.36,23.0,0.14,0.14,0.43,2.13,3.0,51.0,0.14,0.14,100.0,2021
3.3,7.4,7.4,12,2,2,71.0,8.4,2,41.0,3,0.6,0.68,0.6,0.68,9.0,0.16,0.24,0.98,3.35,6.0,30.0,0.24,0.16,79.0,2021
6.0,3.3,3.3,16,2,2,63.0,5.4,2,41.0,6,0.25,0.41,0.25,0.41,12.0,0.15,0.46,1.22,3.12,6.0,55.0,0.46,0.15,104.0,2122
0.6,1.7,1.7,3,3,3,35.0,4.4,3,11.0,4,0.09,0.23,0.09,0.23,0.0,0.16,0.21,0.16,0.58,3.0,34.0,0.21,0.16,105.0,1920
0.3,0.6,0.6,5,0,0,27.0,1.6,0,11.0,1,0.03,0.09,0.03,0.09,0.0,0.0,0.05,0.27,0.6,1.0,27.0,0.05,0.0,80.0,2021
0.6,1.7,1.7,8,5,5,13.0,2.4,5,23.0,6,0.1,0.14,0.1,0.14,0.0,0.29,0.35,0.46,1.33,2.0,18.0,0.35,0.29,24.0,2021
3.0,0.2,0.2,2,1,1,15.0,1.9,1,4.0,4,0.03,0.32,0.03,0.32,2.0,0.17,0.68,0.34,0.68,0.0,9.0,0.68,0.17,40.0,2223
0.4,3.0,3.0,7,3,3,35.0,4.3,3,19.0,3,0.19,0.27,0.19,0.27,5.0,0.19,0.19,0.44,1.19,2.0,34.0,0.19,0.19,112.0,2324
2.1,2.1,2.0,9,4,4,60.0,2.9,4,19.0,5,0.23,0.33,0.22,0.32,4.0,0.43,0.54,0.97,2.06,3.0,35.0,0.54,0.43,63.0,2122
1.2,0.2,0.2,1,1,1,13.0,0.2,1,4.0,1,0.12,0.12,0.12,0.12,0.0,0.49,0.49,0.49,1.98,0.0,8.0,0.49,0.49,20.0,2223
8.2,1.2,1.2,4,2,2,19.0,1.9,2,8.0,3,0.32,0.52,0.32,0.52,2.0,0.54,0.81,1.08,2.16,1.0,14.0,0.81,0.54,23.0,2324
0.0,1.8,1.0,1,2,2,20.0,2.1,1,10.0,5,0.12,0.18,0.07,0.13,1.0,0.13,0.32,0.06,0.64,2.0,12.0,0.25,0.06,20.0,1920
1.8,0.8,0.8,6,0,0,10.0,3.1,0,22.0,4,0.06,0.22,0.06,0.22,0.0,0.0,0.28,0.43,1.56,2.0,24.0,0.28,0.0,42.0,1920
1.4,1.8,1.8,4,3,3,9.0,2.5,3,9.0,3,0.3,0.42,0.3,0.42,1.0,0.5,0.5,0.67,1.51,1.0,9.0,0.5,0.5,36.0,2021
4.4,1.4,1.4,6,1,1,20.0,2.5,1,16.0,2,0.29,0.53,0.29,0.53,0.0,0.21,0.43,1.29,3.44,4.0,11.0,0.43,0.21,39.0,2122
6.2,4.4,2.1,11,5,5,37.0,7.7,2,45.0,8,0.15,0.35,0.07,0.27,0.0,0.17,0.28,0.38,1.56,5.0,43.0,0.17,0.07,98.0,2223
0.0,0.7,0.7,1,0,0,1.0,0.8,0,2.0,0,0.05,0.05,0.05,0.05,0.0,0.0,0.0,0.07,0.14,0.0,4.0,0.0,0.0,12.0,2324
11.5,13.8,13.8,43,14,14,161.0,22.2,14,87.0,23,0.44,0.71,0.44,0.71,22.0,0.45,0.74,1.38,2.78,7.0,95.0,0.74,0.45,263.0,1819
11.6,11.5,11.5,32,10,10,136.0,17.3,10,78.0,17,0.5,0.76,0.5,0.76,31.0,0.44,0.75,1.41,3.43,11.0,62.0,0.75,0.44,175.0,1920
1.7,7.4,6.6,23,9,9,117.0,13.5,8,50.0,18,0.27,0.53,0.24,0.5,17.0,0.33,0.67,0.85,1.85,4.0,65.0,0.63,0.3,203.0,2122
5.3,1.7,1.7,7,3,3,37.0,3.3,3,15.0,5,0.25,0.47,0.25,0.47,7.0,0.42,0.7,0.99,2.11,0.0,19.0,0.7,0.42,60.0,2223
0.0,5.3,2.9,10,3,3,51.0,5.6,1,33.0,7,0.36,0.53,0.2,0.37,7.0,0.2,0.47,0.67,2.21,5.0,35.0,0.33,0.07,96.0,2324
0.0,0.4,0.4,1,0,0,16.0,1.6,0,3.0,1,0.03,0.11,0.03,0.11,0.0,0.0,0.07,0.07,0.2,1.0,21.0,0.07,0.0,80.0,2122
1.3,3.8,2.3,10,4,4,38.0,3.1,2,27.0,5,0.37,0.45,0.22,0.3,8.0,0.38,0.48,0.96,2.59,1.0,26.0,0.29,0.19,62.0,1819
0.3,1.3,1.3,3,1,1,26.0,1.6,1,18.0,1,0.19,0.23,0.19,0.23,4.0,0.15,0.15,0.45,2.7,0.0,12.0,0.15,0.15,40.0,1920
0.3,0.3,0.3,2,0,0,12.0,0.8,0,10.0,0,0.03,0.1,0.03,0.1,1.0,0.0,0.0,0.26,1.29,1.0,18.0,0.0,0.0,21.0,2122
1.3,1.9,1.9,7,3,3,24.0,2.4,3,17.0,3,0.17,0.21,0.17,0.21,1.0,0.26,0.26,0.61,1.49,2.0,15.0,0.26,0.26,47.0,2324
6.6,7.6,6.1,19,7,7,74.0,6.9,5,58.0,9,0.46,0.51,0.37,0.42,10.0,0.42,0.54,1.15,3.51,9.0,64.0,0.42,0.3,97.0,1819
11.1,8.2,6.6,30,12,12,175.0,14.2,10,83.0,22,0.29,0.56,0.23,0.51,6.0,0.43,0.79,1.07,2.97,13.0,63.0,0.71,0.36,291.0,2223
3.3,11.1,11.1,45,11,11,196.0,17.9,11,128.0,17,0.37,0.59,0.36,0.59,4.0,0.36,0.56,1.48,4.21,16.0,58.0,0.56,0.36,266.0,2324
2.7,1.0,1.0,4,2,2,13.0,1.2,2,10.0,2,0.06,0.07,0.06,0.07,0.0,0.12,0.12,0.24,0.6,1.0,16.0,0.12,0.12,17.0,2021
3.2,2.7,2.7,7,4,4,27.0,5.0,4,23.0,6,0.13,0.24,0.13,0.24,1.0,0.19,0.28,0.33,1.09,4.0,34.0,0.28,0.19,33.0,2122
3.4,3.2,3.2,9,2,2,61.0,8.3,2,38.0,6,0.11,0.29,0.11,0.29,3.0,0.07,0.21,0.32,1.34,6.0,31.0,0.21,0.07,77.0,2223
3.5,3.4,3.4,11,1,1,43.0,7.0,1,39.0,2,0.14,0.3,0.14,0.3,2.0,0.04,0.09,0.47,1.67,7.0,37.0,0.09,0.04,57.0,2324
0.0,0.3,0.3,2,0,0,6.0,1.2,0,9.0,1,0.02,0.09,0.02,0.09,0.0,0.0,0.07,0.14,0.62,1.0,12.0,0.07,0.0,12.0,1819
0.6,0.5,0.5,3,1,1,45.0,4.0,1,15.0,4,0.02,0.16,0.02,0.16,0.0,0.04,0.16,0.12,0.59,1.0,24.0,0.16,0.04,194.0,2021
0.2,0.3,0.3,2,0,0,15.0,0.7,0,7.0,1,0.04,0.08,0.04,0.08,1.0,0.0,0.11,0.23,0.79,1.0,7.0,0.11,0.0,31.0,2223
0.1,0.5,0.5,3,1,1,25.0,4.6,1,8.0,4,0.02,0.18,0.02,0.18,6.0,0.04,0.16,0.12,0.32,4.0,20.0,0.16,0.04,200.0,1819
0.1,0.2,0.2,2,2,2,0.0,0.5,2,2.0,2,0.05,0.1,0.05,0.1,0.0,0.42,0.42,0.42,0.42,0.0,1.0,0.42,0.42,8.0,2122
0.1,0.7,0.7,2,1,1,36.0,8.2,1,8.0,11,0.03,0.33,0.03,0.33,3.0,0.04,0.44,0.08,0.32,0.0,20.0,0.44,0.04,128.0,2324
0.2,2.4,2.4,6,2,2,50.0,5.6,2,26.0,4,0.09,0.22,0.09,0.22,1.0,0.08,0.16,0.23,1.01,2.0,73.0,0.16,0.08,91.0,2223
1.5,2.6,2.6,12,2,2,32.0,4.6,2,22.0,5,0.16,0.29,0.16,0.29,2.0,0.13,0.31,0.75,1.38,3.0,55.0,0.31,0.13,143.0,2021
1.2,1.5,1.5,6,2,2,33.0,2.0,2,17.0,2,0.16,0.21,0.16,0.21,0.0,0.21,0.21,0.62,1.77,2.0,37.0,0.21,0.21,92.0,2122
0.2,1.2,1.2,6,1,1,55.0,5.1,1,17.0,7,0.08,0.35,0.08,0.35,7.0,0.07,0.48,0.41,1.17,0.0,44.0,0.48,0.07,185.0,2223
0.2,0.2,0.2,2,0,0,14.0,0.7,0,4.0,0,0.07,0.2,0.07,0.2,1.0,0.0,0.0,0.59,1.19,1.0,17.0,0.0,0.0,41.0,2324
1.0,0.8,0.8,4,0,0,18.0,1.8,0,15.0,0,0.06,0.14,0.06,0.14,1.0,0.0,0.0,0.31,1.16,0.0,28.0,0.0,0.0,27.0,2021
2.3,1.0,1.0,5,2,2,12.0,1.8,2,10.0,2,0.17,0.31,0.17,0.31,1.0,0.35,0.35,0.87,1.73,1.0,17.0,0.35,0.35,20.0,2122
1.9,2.3,2.3,10,1,1,45.0,4.5,1,46.0,3,0.09,0.17,0.09,0.17,4.0,0.04,0.12,0.39,1.79,5.0,49.0,0.12,0.04,82.0,2223
2.1,1.9,1.9,5,1,1,15.0,2.4,1,13.0,1,0.2,0.26,0.2,0.26,0.0,0.11,0.11,0.54,1.4,1.0,30.0,0.11,0.11,42.0,2324
0.9,2.1,2.1,4,2,2,18.0,3.1,2,20.0,2,0.16,0.24,0.16,0.24,1.0,0.15,0.15,0.3,1.51,1.0,25.0,0.15,0.15,28.0,2425
1.9,0.8,0.8,5,3,3,33.0,1.4,3,16.0,3,0.05,0.08,0.05,0.08,1.0,0.17,0.17,0.28,0.9,1.0,10.0,0.17,0.17,16.0,2324
0.1,0.4,0.4,2,1,1,19.0,2.0,1,6.0,2,0.02,0.09,0.02,0.09,3.0,0.04,0.09,0.09,0.26,0.0,20.0,0.09,0.04,84.0,1819
0.1,0.1,0.1,1,0,0,17.0,1.5,0,5.0,0,0.01,0.06,0.01,0.06,1.0,0.0,0.0,0.04,0.2,0.0,21.0,0.0,0.0,81.0,1920
0.1,0.1,0.1,1,0,0,11.0,3.8,0,3.0,5,0.0,0.16,0.0,0.16,2.0,0.0,0.21,0.04,0.13,0.0,41.0,0.21,0.0,48.0,2122
0.0,1.7,1.6,4,2,2,16.0,1.7,2,9.0,2,0.05,0.06,0.05,0.05,4.0,0.06,0.06,0.12,0.28,2.0,14.0,0.06,0.06,2.0,1920
6.0,5.6,5.6,16,3,3,90.0,7.4,3,43.0,3,0.39,0.51,0.39,0.51,10.0,0.21,0.21,1.11,2.98,4.0,61.0,0.21,0.21,128.0,1819
10.8,6.0,6.0,18,5,5,99.0,7.0,5,59.0,6,0.3,0.35,0.3,0.35,14.0,0.25,0.31,0.92,3.01,8.0,66.0,0.31,0.25,124.0,1920
6.7,10.8,10.8,34,12,12,141.0,12.9,12,87.0,14,0.31,0.38,0.31,0.38,15.0,0.35,0.41,0.99,2.54,8.0,140.0,0.41,0.35,247.0,2021
4.4,6.7,5.9,19,5,5,105.0,8.0,4,52.0,6,0.32,0.42,0.29,0.38,9.0,0.24,0.29,0.92,2.51,6.0,84.0,0.24,0.19,144.0,2122
7.7,4.4,3.6,11,2,2,68.0,4.7,1,41.0,2,0.39,0.48,0.32,0.41,6.0,0.18,0.18,0.97,3.61,2.0,58.0,0.09,0.09,58.0,2223
9.6,7.7,6.9,23,3,3,108.0,8.9,3,56.0,5,0.49,0.61,0.44,0.56,7.0,0.19,0.32,1.45,3.54,4.0,56.0,0.32,0.19,97.0,2324
0.5,0.6,0.6,1,0,0,22.0,1.4,0,7.0,1,0.03,0.07,0.03,0.07,4.0,0.0,0.05,0.05,0.35,1.0,24.0,0.05,0.0,58.0,2324
4.7,4.0,4.0,19,6,6,87.0,8.0,6,31.0,10,0.26,0.52,0.26,0.52,3.0,0.39,0.65,1.24,2.02,2.0,49.0,0.65,0.39,244.0,1819
4.2,4.7,4.7,15,4,4,117.0,9.4,4,37.0,7,0.28,0.56,0.28,0.56,4.0,0.24,0.42,0.9,2.21,2.0,47.0,0.42,0.24,329.0,1920
4.0,4.2,4.2,19,5,5,121.0,10.6,5,52.0,15,0.21,0.55,0.21,0.55,7.0,0.26,0.77,0.98,2.67,6.0,49.0,0.77,0.26,268.0,2021
4.6,4.0,4.0,20,6,6,110.0,7.0,6,46.0,8,0.26,0.46,0.26,0.46,5.0,0.4,0.53,1.32,3.05,4.0,51.0,0.53,0.4,233.0,2122
2.8,4.6,4.6,17,8,8,94.0,10.1,8,49.0,13,0.29,0.65,0.29,0.65,5.0,0.51,0.83,1.09,3.13,4.0,48.0,0.83,0.51,296.0,2223
4.3,2.8,2.8,8,3,3,93.0,6.6,3,34.0,6,0.22,0.53,0.22,0.53,1.0,0.24,0.49,0.65,2.75,4.0,26.0,0.49,0.24,210.0,2324
0.2,0.6,0.6,1,0,0,13.0,1.2,0,9.0,1,0.05,0.1,0.05,0.1,2.0,0.0,0.08,0.08,0.71,1.0,15.0,0.08,0.0,44.0,2021
1.3,2.0,2.0,6,2,2,31.0,3.0,2,13.0,2,0.12,0.17,0.12,0.17,1.0,0.12,0.12,0.35,0.76,5.0,20.0,0.12,0.12,69.0,2223
1.2,1.3,1.3,3,0,0,28.0,2.0,0,18.0,1,0.12,0.19,0.12,0.19,5.0,0.0,0.09,0.28,1.7,3.0,17.0,0.09,0.0,44.0,2324
2.2,0.4,0.4,1,1,1,11.0,1.5,1,3.0,3,0.09,0.38,0.09,0.38,1.0,0.26,0.77,0.26,0.77,1.0,6.0,0.77,0.26,27.0,2122
1.6,1.3,1.3,7,3,3,29.0,1.5,3,21.0,3,0.08,0.09,0.08,0.09,0.0,0.17,0.17,0.39,1.18,1.0,7.0,0.17,0.17,7.0,2324
0.0,0.1,0.1,1,0,0,1.0,0.1,0,2.0,0,0.0,0.0,0.0,0.0,0.0,0.0,0.0,0.06,0.13,0.0,11.0,0.0,0.0,1.0,1819
0.6,0.3,0.3,2,1,1,5.0,0.4,1,4.0,1,0.02,0.03,0.02,0.03,1.0,0.06,0.06,0.12,0.24,0.0,13.0,0.06,0.06,15.0,2021
0.9,0.6,0.6,3,0,0,10.0,0.6,0,10.0,0,0.03,0.03,0.03,0.03,1.0,0.0,0.0,0.16,0.52,0.0,15.0,0.0,0.0,11.0,2122
0.1,0.9,0.9,4,1,1,8.0,1.1,1,8.0,1,0.04,0.04,0.04,0.04,1.0,0.04,0.04,0.15,0.3,0.0,7.0,0.04,0.04,13.0,2223
2.6,1.5,1.5,6,3,3,27.0,6.2,3,21.0,8,0.05,0.22,0.05,0.22,2.0,0.1,0.28,0.21,0.73,5.0,30.0,0.28,0.1,72.0,1819
2.0,2.6,2.6,9,4,4,50.0,8.4,4,23.0,9,0.09,0.28,0.09,0.28,1.0,0.13,0.3,0.3,0.77,3.0,46.0,0.3,0.13,83.0,1920
1.0,2.0,2.0,7,1,1,29.0,5.1,1,17.0,3,0.06,0.15,0.06,0.15,0.0,0.03,0.09,0.21,0.51,1.0,41.0,0.09,0.03,42.0,2021
0.7,1.0,1.0,6,1,1,27.0,2.4,1,12.0,3,0.03,0.09,0.03,0.09,0.0,0.04,0.11,0.22,0.43,2.0,25.0,0.11,0.04,53.0,2122
0.4,0.7,0.7,1,0,0,21.0,2.4,0,16.0,3,0.03,0.09,0.03,0.09,1.0,0.0,0.11,0.04,0.57,2.0,21.0,0.11,0.0,37.0,2223
1.1,0.4,0.4,2,0,0,12.0,4.1,0,10.0,4,0.02,0.15,0.02,0.15,0.0,0.0,0.14,0.07,0.36,1.0,21.0,0.14,0.0,26.0,2324
2.1,0.8,0.8,1,0,0,23.0,1.8,0,11.0,1,0.03,0.07,0.03,0.07,0.0,0.0,0.04,0.04,0.42,2.0,25.0,0.04,0.0,15.0,2324
0.8,2.5,2.5,5,1,1,50.0,4.7,1,14.0,2,0.12,0.23,0.12,0.23,1.0,0.05,0.1,0.24,0.67,1.0,44.0,0.1,0.05,104.0,1819
0.2,0.8,0.8,5,2,2,18.0,3.0,2,9.0,8,0.03,0.13,0.03,0.13,0.0,0.09,0.34,0.21,0.38,1.0,43.0,0.34,0.09,39.0,1920
2.4,0.2,0.2,2,0,0,2.0,0.2,0,3.0,0,0.22,0.22,0.22,0.22,1.0,0.0,0.0,2.14,3.21,0.0,1.0,0.0,0.0,5.0,2021
2.4,2.4,2.4,7,4,4,30.0,4.7,4,15.0,8,0.17,0.34,0.17,0.34,0.0,0.29,0.58,0.51,1.09,2.0,31.0,0.58,0.29,53.0,2122
1.0,2.4,2.4,10,3,3,38.0,4.7,3,20.0,3,0.15,0.29,0.15,0.29,2.0,0.18,0.18,0.61,1.23,1.0,35.0,0.18,0.18,52.0,2223
2.1,1.0,1.0,5,0,0,49.0,4.9,0,17.0,3,0.05,0.25,0.05,0.25,2.0,0.0,0.15,0.25,0.86,2.0,27.0,0.15,0.0,98.0,2324
2.7,1.6,1.6,4,0,0,21.0,1.8,0,15.0,0,0.1,0.11,0.1,0.11,1.0,0.0,0.0,0.25,0.92,2.0,17.0,0.0,0.0,2.0,2021
1.2,4.0,4.0,12,2,2,47.0,5.2,2,48.0,3,0.16,0.2,0.16,0.2,1.0,0.08,0.12,0.47,1.89,5.0,31.0,0.12,0.08,13.0,2223
1.5,1.2,1.2,2,1,1,19.0,1.4,1,12.0,1,0.07,0.08,0.07,0.08,0.0,0.06,0.06,0.12,0.72,1.0,7.0,0.06,0.06,2.0,2324
0.3,0.4,0.4,1,0,0,16.0,0.6,0,6.0,0,0.01,0.02,0.01,0.02,0.0,0.0,0.0,0.03,0.2,0.0,13.0,0.0,0.0,5.0,1920
0.3,0.3,0.3,2,0,0,8.0,0.8,0,6.0,2,0.02,0.04,0.02,0.04,0.0,0.0,0.1,0.1,0.31,1.0,5.0,0.1,0.0,1.0,2021
0.9,0.3,0.3,2,0,0,16.0,1.0,0,6.0,0,0.01,0.04,0.01,0.04,1.0,0.0,0.0,0.07,0.22,0.0,15.0,0.0,0.0,3.0,2122
0.1,0.9,0.9,1,1,1,10.0,1.9,1,9.0,1,0.08,0.17,0.08,0.17,0.0,0.09,0.09,0.09,0.81,2.0,3.0,0.09,0.09,3.0,2223
0.9,1.6,1.6,7,4,4,24.0,1.7,4,17.0,4,0.07,0.07,0.07,0.07,0.0,0.17,0.17,0.29,0.7,0.0,7.0,0.17,0.17,1.0,1920
0.0,0.9,0.9,3,0,0,11.0,1.1,0,8.0,0,0.03,0.04,0.03,0.04,0.0,0.0,0.0,0.12,0.31,2.0,1.0,0.0,0.0,1.0,2021
0.1,0.3,0.3,1,0,0,1.0,1.3,0,10.0,0,0.03,0.12,0.03,0.12,0.0,0.0,0.0,0.1,0.98,1.0,5.0,0.0,0.0,23.0,1819
0.6,0.1,0.1,2,1,1,1.0,0.4,1,4.0,1,0.02,0.09,0.02,0.09,0.0,0.23,0.23,0.45,0.9,2.0,3.0,0.23,0.23,17.0,1920
0.4,0.6,0.6,5,0,0,2.0,1.3,0,16.0,1,0.04,0.09,0.04,0.09,1.0,0.0,0.06,0.32,1.04,3.0,9.0,0.06,0.0,14.0,2122
0.3,0.6,0.6,2,0,0,32.0,3.3,0,8.0,2,0.06,0.34,0.06,0.34,0.0,0.0,0.21,0.21,0.82,2.0,8.0,0.21,0.0,109.0,2122
0.1,0.3,0.3,2,0,0,22.0,1.9,0,7.0,4,0.04,0.22,0.04,0.22,0.0,0.0,0.47,0.23,0.82,2.0,13.0,0.47,0.0,77.0,2223
0.8,0.7,0.7,4,1,1,14.0,1.5,1,8.0,1,0.05,0.09,0.05,0.09,1.0,0.06,0.06,0.25,0.49,0.0,13.0,0.06,0.06,19.0,2223
0.0,0.8,0.8,5,2,2,11.0,1.0,2,13.0,3,0.07,0.09,0.07,0.09,0.0,0.17,0.26,0.43,1.11,1.0,8.0,0.26,0.17,10.0,2324
2.5,0.6,0.6,4,1,1,3.0,1.6,1,15.0,3,0.07,0.19,0.06,0.18,0.0,0.11,0.34,0.46,1.72,1.0,6.0,0.34,0.11,8.0,2324
1.0,1.3,1.3,4,2,2,58.0,3.6,2,12.0,3,0.06,0.18,0.06,0.18,1.0,0.1,0.15,0.2,0.59,2.0,16.0,0.15,0.1,31.0,2324
6.9,9.1,7.6,29,13,13,98.0,9.0,11,75.0,13,0.52,0.6,0.43,0.51,11.0,0.73,0.73,1.64,4.24,8.0,49.0,0.62,0.62,107.0,1819
5.0,6.9,6.9,21,9,9,68.0,8.2,9,41.0,9,0.46,0.54,0.46,0.54,12.0,0.59,0.59,1.38,2.69,5.0,47.0,0.59,0.59,107.0,1819
6.4,7.3,4.9,12,4,4,64.0,6.6,1,45.0,4,0.55,0.68,0.37,0.5,6.0,0.3,0.3,0.91,3.42,4.0,39.0,0.08,0.08,67.0,1920
1.8,6.4,5.6,18,7,7,68.0,6.6,7,40.0,8,0.35,0.41,0.31,0.37,19.0,0.39,0.44,0.99,2.21,2.0,46.0,0.44,0.39,105.0,2021
3.6,1.8,1.8,5,1,1,13.0,1.8,1,12.0,1,0.46,0.46,0.46,0.46,6.0,0.26,0.26,1.3,3.11,2.0,11.0,0.26,0.26,23.0,2122
8.3,3.6,2.8,7,3,3,38.0,3.7,3,22.0,3,0.44,0.55,0.34,0.45,3.0,0.37,0.37,0.86,2.7,3.0,23.0,0.37,0.37,33.0,2122
4.6,0.1,0.1,3,1,1,13.0,0.4,1,3.0,1,0.04,0.12,0.04,0.12,0.0,0.32,0.32,0.95,0.95,0.0,9.0,0.32,0.32,27.0,2122
0.5,4.6,4.6,18,4,4,88.0,8.0,4,40.0,6,0.2,0.35,0.2,0.35,10.0,0.17,0.26,0.78,1.74,7.0,45.0,0.26,0.17,229.0,2223
1.2,1.5,1.5,3,2,2,37.0,1.8,2,19.0,4,0.05,0.06,0.05,0.06,2.0,0.07,0.14,0.1,0.65,2.0,17.0,0.14,0.07,4.0,1819
2.0,1.2,1.2,5,0,0,25.0,1.3,0,15.0,0,0.04,0.05,0.04,0.05,1.0,0.0,0.0,0.19,0.58,1.0,12.0,0.0,0.0,2.0,1920
1.1,2.0,2.0,12,5,5,35.0,2.1,5,27.0,5,0.09,0.09,0.09,0.09,0.0,0.22,0.22,0.53,1.2,3.0,7.0,0.22,0.22,8.0,2021
1.8,2.2,2.2,5,2,2,29.0,2.3,2,19.0,2,0.1,0.1,0.1,0.1,0.0,0.09,0.09,0.23,0.86,1.0,5.0,0.09,0.09,1.0,2223
0.1,0.2,0.2,1,0,0,20.0,2.1,0,9.0,1,0.01,0.07,0.01,0.07,0.0,0.0,0.03,0.03,0.3,2.0,36.0,0.03,0.0,153.0,1819
0.1,0.1,0.1,1,0,0,17.0,0.5,0,3.0,1,0.02,0.07,0.02,0.07,2.0,0.0,0.14,0.14,0.42,0.0,4.0,0.14,0.0,54.0,1920
2.1,1.7,1.7,6,2,2,22.0,2.5,2,20.0,2,0.16,0.24,0.16,0.24,4.0,0.19,0.19,0.58,1.92,1.0,23.0,0.19,0.19,83.0,1819
0.2,2.1,2.1,6,2,2,27.0,3.1,2,15.0,2,0.28,0.42,0.28,0.42,3.0,0.27,0.27,0.8,2.0,3.0,22.0,0.27,0.27,62.0,1920
1.2,0.8,0.8,4,1,1,32.0,2.7,1,21.0,2,0.03,0.09,0.03,0.09,4.0,0.03,0.06,0.13,0.68,2.0,25.0,0.06,0.03,92.0,1819
0.3,1.2,1.2,3,1,1,33.0,2.7,1,14.0,5,0.05,0.1,0.05,0.1,3.0,0.04,0.19,0.11,0.53,0.0,22.0,0.19,0.04,121.0,1920
0.3,0.3,0.3,3,1,1,15.0,0.9,1,10.0,2,0.01,0.04,0.01,0.04,1.0,0.05,0.09,0.14,0.46,1.0,16.0,0.09,0.05,71.0,2021
0.4,0.4,0.4,1,0,0,15.0,0.7,0,5.0,0,0.02,0.03,0.02,0.03,0.0,0.0,0.0,0.05,0.23,0.0,14.0,0.0,0.0,75.0,2223
0.1,0.4,0.4,3,0,0,41.0,3.0,0,16.0,4,0.01,0.1,0.01,0.1,7.0,0.0,0.13,0.1,0.52,1.0,24.0,0.13,0.0,172.0,2324
0.0,0.1,0.1,2,0,0,5.0,0.6,0,5.0,0,0.01,0.05,0.01,0.05,1.0,0.0,0.0,0.19,0.46,0.0,9.0,0.0,0.0,11.0,2425
1.0,1.1,1.1,7,1,1,76.0,3.8,1,26.0,3,0.04,0.13,0.04,0.13,3.0,0.03,0.1,0.24,0.89,3.0,42.0,0.1,0.03,165.0,2122
0.8,1.0,1.0,5,1,1,50.0,2.5,1,13.0,1,0.03,0.08,0.03,0.08,1.0,0.03,0.03,0.17,0.44,3.0,39.0,0.03,0.03,114.0,2223
28.0,14.0,14.0,32,13,13,190.0,22.1,13,78.0,21,0.6,0.95,0.6,0.95,23.0,0.56,0.9,1.38,3.35,3.0,65.0,0.9,0.56,282.0,1718
15.6,28.0,26.4,68,33,33,212.0,31.8,32,123.0,40,1.08,1.28,1.01,1.22,30.0,1.27,1.54,2.61,4.72,8.0,60.0,1.5,1.23,311.0,1819
22.1,15.6,15.6,49,18,18,181.0,25.1,18,87.0,23,0.93,1.49,0.93,1.49,18.0,1.07,1.37,2.91,5.18,7.0,47.0,1.37,1.07,260.0,1920
23.8,22.1,17.4,47,27,27,243.0,22.2,21,98.0,34,0.83,1.02,0.66,0.84,17.0,1.02,1.29,1.78,3.71,8.0,82.0,1.06,0.79,345.0,2021
26.3,23.8,20.7,59,28,28,299.0,33.4,24,143.0,45,0.71,1.08,0.62,0.99,39.0,0.83,1.34,1.76,4.26,13.0,112.0,1.22,0.71,449.0,2122
21.0,26.3,22.2,73,29,29,302.0,29.5,26,144.0,34,0.84,1.07,0.71,0.94,33.0,0.93,1.09,2.33,4.6,15.0,63.0,0.99,0.83,468.0,2223
25.9,21.0,14.5,50,27,27,207.0,20.2,21,112.0,34,0.87,1.11,0.6,0.84,20.0,1.13,1.42,2.09,4.67,3.0,56.0,1.17,0.88,285.0,2324
5.3,8.8,8.8,15,6,6,95.0,12.5,6,36.0,7,0.49,0.7,0.49,0.7,17.0,0.33,0.39,0.84,2.01,2.0,32.0,0.39,0.33,141.0,1819
3.8,5.3,4.5,9,6,6,78.0,7.4,6,18.0,8,0.3,0.47,0.26,0.42,13.0,0.34,0.46,0.51,1.02,1.0,43.0,0.46,0.34,121.0,1920
13.3,3.8,3.8,7,4,4,27.0,4.7,4,16.0,5,0.32,0.39,0.32,0.39,9.0,0.33,0.42,0.58,1.34,3.0,24.0,0.42,0.33,68.0,2021
8.2,13.3,10.9,25,11,11,152.0,13.9,10,65.0,14,0.5,0.62,0.41,0.53,14.0,0.42,0.53,0.94,2.45,6.0,61.0,0.49,0.38,225.0,2122
3.4,8.2,6.5,22,10,10,102.0,9.8,9,44.0,10,0.35,0.49,0.28,0.42,4.0,0.43,0.43,0.94,1.89,9.0,47.0,0.39,0.39,158.0,2223
0.1,0.4,0.4,3,0,0,28.0,2.4,0,12.0,2,0.02,0.12,0.02,0.12,3.0,0.0,0.1,0.15,0.6,2.0,38.0,0.1,0.0,138.0,1819
0.3,1.8,1.8,8,1,1,36.0,2.8,1,20.0,2,0.11,0.17,0.11,0.17,1.0,0.06,0.12,0.49,1.21,2.0,33.0,0.12,0.06,97.0,1819
0.0,0.4,0.4,2,0,0,7.0,0.7,0,9.0,0,0.02,0.04,0.02,0.04,0.0,0.0,0.0,0.11,0.49,1.0,26.0,0.0,0.0,7.0,1920
0.3,1.1,1.1,1,0,0,7.0,1.5,0,7.0,0,0.08,0.11,0.08,0.11,0.0,0.0,0.0,0.07,0.51,2.0,14.0,0.0,0.0,6.0,2122
1.2,0.1,0.1,1,0,0,2.0,0.3,0,2.0,0,0.01,0.06,0.01,0.06,0.0,0.0,0.0,0.19,0.37,0.0,6.0,0.0,0.0,30.0,1819
0.1,1.2,1.2,8,1,1,28.0,3.9,1,23.0,3,0.05,0.18,0.05,0.18,2.0,0.05,0.14,0.37,1.07,4.0,52.0,0.14,0.05,106.0,1920
0.1,0.8,0.8,4,1,1,13.0,1.3,1,10.0,2,0.06,0.11,0.06,0.11,1.0,0.08,0.16,0.33,0.82,1.0,27.0,0.16,0.08,56.0,2021
0.0,0.2,0.2,1,0,0,4.0,0.4,0,5.0,0,0.24,0.4,0.24,0.4,0.0,0.0,0.0,1.1,5.49,0.0,6.0,0.0,0.0,7.0,1819
1.5,1.0,1.0,5,1,1,22.0,1.4,1,17.0,2,0.14,0.2,0.14,0.2,2.0,0.14,0.29,0.72,2.44,1.0,19.0,0.29,0.14,68.0,1819
0.9,1.5,1.5,5,1,1,16.0,2.1,1,16.0,2,0.25,0.36,0.25,0.36,2.0,0.17,0.34,0.85,2.72,2.0,14.0,0.34,0.17,53.0,1920
0.5,0.5,0.5,4,0,0,19.0,2.7,0,9.0,3,0.04,0.23,0.04,0.23,3.0,0.0,0.25,0.34,0.76,3.0,16.0,0.25,0.0,62.0,1819
1.7,0.5,0.5,1,1,1,14.0,2.0,1,3.0,1,0.05,0.17,0.05,0.17,3.0,0.09,0.09,0.09,0.26,0.0,9.0,0.09,0.09,42.0,1920
0.0,0.6,0.6,1,0,0,10.0,0.6,0,6.0,0,0.28,0.28,0.28,0.28,0.0,0.0,0.0,0.51,3.05,0.0,3.0,0.0,0.0,17.0,2122
1.2,3.6,3.6,23,2,2,62.0,5.5,2,50.0,6,0.24,0.37,0.24,0.37,9.0,0.13,0.4,1.53,3.33,11.0,57.0,0.4,0.13,136.0,2324
0.0,2.6,2.6,6,1,1,28.0,3.8,1,24.0,2,0.11,0.16,0.11,0.16,0.0,0.04,0.08,0.25,0.99,4.0,38.0,0.08,0.04,23.0,2021
0.8,0.7,0.7,2,1,1,17.0,1.1,1,8.0,1,0.04,0.07,0.04,0.07,2.0,0.06,0.06,0.12,0.49,1.0,9.0,0.06,0.06,3.0,1920
9.8,5.2,5.2,21,5,5,147.0,11.4,5,58.0,10,0.21,0.47,0.21,0.47,4.0,0.2,0.41,0.86,2.37,9.0,54.0,0.41,0.2,350.0,2324
0.9,1.1,1.1,5,1,1,35.0,2.5,1,16.0,5,0.07,0.16,0.07,0.16,1.0,0.07,0.33,0.33,1.06,2.0,19.0,0.33,0.07,65.0,1819
1.7,0.9,0.9,2,2,2,29.0,2.3,2,15.0,3,0.06,0.15,0.06,0.15,1.0,0.13,0.2,0.13,0.98,2.0,15.0,0.2,0.13,49.0,1920
7.2,2.3,2.3,12,3,3,45.0,4.8,3,34.0,4,0.14,0.29,0.14,0.29,7.0,0.18,0.24,0.72,2.03,6.0,40.0,0.24,0.18,104.0,1819
10.1,7.2,5.6,13,9,9,56.0,10.3,7,31.0,12,0.45,0.74,0.35,0.65,3.0,0.57,0.75,0.82,1.95,1.0,24.0,0.63,0.44,94.0,1920
6.3,10.1,4.6,21,14,14,54.0,9.4,8,49.0,22,0.46,0.68,0.21,0.43,4.0,0.64,1.01,0.96,2.25,7.0,41.0,0.73,0.37,111.0,2021
5.0,6.3,4.7,14,4,4,53.0,8.3,4,41.0,9,0.35,0.54,0.26,0.46,5.0,0.22,0.5,0.77,2.27,5.0,34.0,0.5,0.22,96.0,2122
1.0,1.2,1.2,4,1,1,12.0,1.7,1,14.0,2,0.06,0.09,0.06,0.09,0.0,0.05,0.11,0.21,0.75,0.0,27.0,0.11,0.05,21.0,2021
0.8,1.0,1.0,7,0,0,8.0,1.2,0,22.0,0,0.04,0.05,0.04,0.05,0.0,0.0,0.0,0.27,0.85,3.0,35.0,0.0,0.0,38.0,2122
0.6,0.8,0.8,6,3,3,17.0,2.6,3,16.0,6,0.03,0.08,0.03,0.08,1.0,0.09,0.19,0.19,0.5,0.0,61.0,0.19,0.09,59.0,2223
0.8,0.6,0.6,3,0,0,23.0,1.4,0,13.0,1,0.03,0.06,0.03,0.06,1.0,0.0,0.04,0.13,0.56,1.0,38.0,0.04,0.0,38.0,2324
1.1,0.5,0.5,2,0,0,4.0,1.8,0,13.0,1,0.02,0.07,0.02,0.07,0.0,0.0,0.04,0.08,0.5,1.0,29.0,0.04,0.0,14.0,2223
0.4,1.4,1.4,4,3,3,12.0,1.5,3,5.0,3,0.09,0.1,0.09,0.1,0.0,0.2,0.2,0.27,0.34,0.0,4.0,0.2,0.2,3.0,1819
0.0,1.6,1.6,1,0,0,13.0,2.7,0,6.0,2,0.06,0.11,0.06,0.11,2.0,0.0,0.08,0.04,0.24,1.0,7.0,0.08,0.0,3.0,2021
15.2,14.6,12.3,41,14,14,220.0,14.8,12,122.0,17,0.54,0.63,0.45,0.54,22.0,0.51,0.62,1.5,4.48,16.0,102.0,0.55,0.44,222.0,1920
20.9,15.2,13.6,37,17,17,184.0,19.3,15,107.0,23,0.53,0.73,0.48,0.68,11.0,0.6,0.81,1.3,3.76,8.0,90.0,0.74,0.53,187.0,2021
18.1,20.9,16.7,47,21,21,183.0,19.9,18,112.0,24,0.83,0.95,0.66,0.79,12.0,0.83,0.95,1.85,4.42,19.0,63.0,0.83,0.71,149.0,2122
17.6,18.1,16.5,51,21,21,171.0,21.9,20,125.0,27,0.63,0.82,0.58,0.76,13.0,0.73,0.94,1.78,4.37,13.0,75.0,0.91,0.7,172.0,2223
13.5,17.6,15.3,44,24,24,178.0,18.8,22,105.0,27,0.6,0.72,0.52,0.64,12.0,0.81,0.91,1.49,3.56,16.0,68.0,0.85,0.75,172.0,2324
1.0,1.3,1.3,3,2,2,65.0,2.9,2,21.0,3,0.07,0.15,0.07,0.15,0.0,0.11,0.16,0.16,1.11,1.0,28.0,0.16,0.11,152.0,1718
0.8,1.0,1.0,2,1,1,35.0,4.2,1,6.0,3,0.09,0.37,0.09,0.37,5.0,0.09,0.27,0.18,0.53,2.0,17.0,0.27,0.09,110.0,1819
1.0,0.8,0.8,3,1,1,27.0,1.2,1,6.0,1,0.08,0.13,0.08,0.13,1.0,0.1,0.1,0.31,0.63,0.0,14.0,0.1,0.1,80.0,1920
0.0,1.0,1.0,2,1,1,28.0,2.5,1,11.0,2,0.07,0.17,0.07,0.17,1.0,0.07,0.14,0.14,0.77,2.0,25.0,0.14,0.07,121.0,2021
2.4,1.0,1.0,6,2,2,13.0,2.3,2,17.0,4,0.19,0.42,0.19,0.42,0.0,0.37,0.73,1.1,3.12,1.0,14.0,0.73,0.37,29.0,2122
3.5,2.4,2.4,18,5,5,38.0,6.1,5,50.0,9,0.12,0.3,0.12,0.3,0.0,0.24,0.44,0.88,2.44,7.0,29.0,0.44,0.24,65.0,2223
2.0,3.5,2.8,16,6,6,32.0,8.3,5,56.0,8,0.13,0.34,0.11,0.31,0.0,0.23,0.3,0.61,2.12,6.0,53.0,0.27,0.19,91.0,2324
3.1,1.8,1.8,5,4,4,38.0,2.5,4,20.0,4,0.06,0.08,0.06,0.08,0.0,0.13,0.13,0.16,0.64,1.0,31.0,0.13,0.13,39.0,1920
2.2,3.1,3.1,8,1,1,59.0,3.9,1,31.0,1,0.11,0.14,0.11,0.14,4.0,0.04,0.04,0.29,1.11,4.0,30.0,0.04,0.04,31.0,2021
0.1,2.2,2.2,10,2,2,33.0,3.3,2,23.0,4,0.1,0.15,0.1,0.15,0.0,0.09,0.18,0.46,1.06,1.0,25.0,0.18,0.09,45.0,2122
0.7,0.7,0.7,2,0,0,5.0,0.7,0,3.0,0,0.27,0.29,0.27,0.29,0.0,0.0,0.0,0.84,1.26,0.0,2.0,0.0,0.0,3.0,2223
4.5,0.4,0.4,1,0,0,8.0,0.7,0,8.0,2,0.04,0.07,0.04,0.07,0.0,0.0,0.19,0.1,0.77,0.0,13.0,0.19,0.0,13.0,1920
2.5,4.5,4.5,10,2,2,51.0,7.1,2,33.0,4,0.17,0.28,0.17,0.28,0.0,0.08,0.16,0.39,1.29,1.0,34.0,0.16,0.08,42.0,2021
3.9,2.5,2.5,10,1,1,37.0,5.1,1,32.0,3,0.12,0.26,0.12,0.26,0.0,0.05,0.15,0.5,1.61,5.0,41.0,0.15,0.05,53.0,2122
4.5,3.9,3.9,14,4,4,58.0,6.1,4,32.0,7,0.16,0.25,0.16,0.25,3.0,0.17,0.29,0.59,1.35,4.0,39.0,0.29,0.17,49.0,2223
0.0,2.3,2.3,7,2,2,41.0,3.1,2,22.0,2,0.07,0.1,0.07,0.1,2.0,0.06,0.06,0.23,0.71,2.0,11.0,0.06,0.06,13.0,1819
1.1,2.3,2.3,6,0,0,40.0,3.7,0,23.0,1,0.08,0.13,0.08,0.13,1.0,0.0,0.03,0.2,0.78,6.0,9.0,0.03,0.0,8.0,2223
1.1,0.6,0.6,4,0,0,1.0,0.9,0,18.0,0,0.06,0.1,0.06,0.1,0.0,0.0,0.0,0.44,1.99,2.0,3.0,0.0,0.0,8.0,1920
0.4,1.1,1.1,6,1,1,4.0,2.5,1,24.0,3,0.08,0.17,0.08,0.17,0.0,0.07,0.21,0.41,1.66,3.0,9.0,0.21,0.07,8.0,2021
0.0,0.4,0.4,2,1,1,2.0,0.8,1,8.0,3,0.04,0.08,0.04,0.08,0.0,0.11,0.32,0.21,0.86,1.0,5.0,0.32,0.11,3.0,2122
3.3,0.6,0.6,2,1,1,4.0,2.5,1,16.0,1,0.06,0.23,0.06,0.23,0.0,0.09,0.09,0.18,1.47,1.0,5.0,0.09,0.09,11.0,2223
2.3,3.3,1.0,3,3,3,9.0,3.2,0,29.0,8,0.11,0.19,0.03,0.11,0.0,0.1,0.27,0.1,0.99,3.0,15.0,0.17,0.0,19.0,2324
6.7,4.6,4.6,23,5,5,113.0,9.5,5,58.0,10,0.16,0.33,0.16,0.33,5.0,0.17,0.35,0.79,2.0,8.0,67.0,0.35,0.17,219.0,2021
1.8,6.7,5.9,26,8,8,151.0,10.7,7,73.0,11,0.21,0.37,0.19,0.34,13.0,0.26,0.35,0.83,2.34,6.0,93.0,0.32,0.22,222.0,2122
4.4,1.8,1.8,5,1,1,43.0,6.6,1,17.0,11,0.18,0.63,0.18,0.63,4.0,0.1,1.06,0.48,1.64,1.0,18.0,1.06,0.1,102.0,2223
7.2,7.9,7.9,22,12,12,121.0,10.7,12,60.0,13,0.43,0.58,0.43,0.58,9.0,0.65,0.71,1.2,3.27,5.0,47.0,0.71,0.65,155.0,2324
4.6,7.0,6.2,17,9,9,60.0,7.6,8,34.0,11,0.36,0.43,0.32,0.39,9.0,0.46,0.56,0.86,1.73,1.0,47.0,0.51,0.41,164.0,1819
0.0,4.6,4.6,10,3,3,46.0,6.3,3,27.0,6,0.39,0.54,0.39,0.54,6.0,0.26,0.52,0.86,2.32,3.0,36.0,0.52,0.26,101.0,1920
1.1,2.1,1.3,2,2,2,20.0,1.7,1,5.0,2,0.36,0.44,0.22,0.3,4.0,0.34,0.34,0.34,0.86,0.0,20.0,0.17,0.17,39.0,2122
4.6,1.1,1.1,4,3,3,12.0,1.1,3,9.0,3,0.22,0.23,0.22,0.23,0.0,0.62,0.62,0.83,1.86,0.0,15.0,0.62,0.62,30.0,2223
4.9,4.3,4.3,17,7,7,77.0,7.1,7,35.0,12,0.2,0.34,0.2,0.34,6.0,0.33,0.57,0.81,1.66,6.0,44.0,0.57,0.33,103.0,2223
5.3,4.9,4.9,13,6,6,83.0,8.3,6,38.0,9,0.21,0.35,0.21,0.35,9.0,0.26,0.38,0.55,1.62,2.0,42.0,0.38,0.26,121.0,2324
1.1,0.9,0.9,4,2,2,10.0,1.3,2,11.0,2,0.18,0.25,0.18,0.25,0.0,0.4,0.4,0.79,2.18,1.0,15.0,0.4,0.4,28.0,1920
1.5,1.1,1.1,7,0,0,16.0,3.6,0,25.0,4,0.08,0.26,0.08,0.26,2.0,0.0,0.29,0.5,1.78,2.0,24.0,0.29,0.0,41.0,2021
5.4,1.5,1.5,15,1,1,23.0,3.6,1,36.0,3,0.09,0.23,0.09,0.23,1.0,0.06,0.19,0.96,2.3,4.0,47.0,0.19,0.06,64.0,2122
1.5,5.4,5.4,14,6,6,42.0,10.8,6,46.0,12,0.17,0.34,0.17,0.34,2.0,0.19,0.38,0.45,1.47,6.0,69.0,0.38,0.19,139.0,2223
3.5,1.5,1.5,9,3,3,41.0,3.7,3,23.0,7,0.09,0.23,0.09,0.23,1.0,0.18,0.43,0.55,1.41,3.0,15.0,0.43,0.18,150.0,2324
0.1,0.1,0.1,1,0,0,0.0,0.3,0,2.0,0,0.02,0.07,0.02,0.07,1.0,0.0,0.0,0.24,0.48,1.0,1.0,0.0,0.0,13.0,1819
0.3,0.8,0.8,3,1,1,21.0,1.8,1,14.0,2,0.03,0.07,0.03,0.07,0.0,0.04,0.08,0.12,0.55,3.0,20.0,0.08,0.04,17.0,2324
0.0,0.2,0.2,2,1,1,14.0,0.5,1,5.0,1,0.02,0.04,0.02,0.04,0.0,0.08,0.08,0.15,0.38,0.0,15.0,0.08,0.08,34.0,2021
0.7,1.5,1.5,8,2,2,18.0,1.7,2,14.0,2,0.05,0.06,0.05,0.06,0.0,0.07,0.07,0.27,0.47,3.0,15.0,0.07,0.07,3.0,2324
0.2,0.9,0.9,6,1,1,41.0,5.4,1,18.0,7,0.04,0.24,0.04,0.24,2.0,0.04,0.31,0.26,0.79,5.0,20.0,0.31,0.04,157.0,1819
0.8,1.1,1.1,3,2,2,67.0,7.7,2,20.0,6,0.04,0.24,0.04,0.24,2.0,0.06,0.19,0.09,0.62,4.0,43.0,0.19,0.06,239.0,2021
0.1,0.3,0.3,1,0,0,15.0,0.5,0,7.0,0,0.02,0.04,0.02,0.04,3.0,0.0,0.0,0.08,0.54,2.0,3.0,0.0,0.0,2.0,2122
0.7,0.6,0.6,1,1,1,18.0,0.7,1,7.0,1,0.03,0.04,0.03,0.04,1.0,0.06,0.06,0.06,0.39,0.0,4.0,0.06,0.06,3.0,2324
4.3,5.0,5.0,17,5,5,87.0,9.5,5,56.0,6,0.24,0.44,0.24,0.44,6.0,0.24,0.28,0.8,2.63,7.0,63.0,0.28,0.24,240.0,1819
6.2,4.3,4.3,11,5,5,57.0,6.5,5,29.0,8,0.36,0.54,0.36,0.54,6.0,0.41,0.66,0.91,2.39,4.0,37.0,0.66,0.41,132.0,1920
1.5,6.2,6.2,21,9,9,108.0,12.2,9,58.0,17,0.26,0.51,0.26,0.51,15.0,0.38,0.71,0.88,2.44,7.0,71.0,0.71,0.38,254.0,2021
6.3,5.3,5.3,14,4,4,89.0,10.1,4,51.0,8,0.24,0.46,0.24,0.46,9.0,0.18,0.37,0.64,2.33,7.0,48.0,0.37,0.18,182.0,2223
1.7,6.3,6.3,18,10,10,129.0,15.5,10,53.0,19,0.27,0.67,0.27,0.67,11.0,0.44,0.83,0.78,2.31,7.0,51.0,0.83,0.44,226.0,2324
5.5,6.3,6.3,21,8,8,72.0,8.8,8,55.0,12,0.28,0.39,0.28,0.39,0.0,0.36,0.53,0.93,2.45,8.0,23.0,0.53,0.36,79.0,1819
3.7,5.5,5.5,15,6,6,45.0,8.5,6,39.0,11,0.33,0.5,0.33,0.5,0.0,0.36,0.65,0.89,2.32,3.0,18.0,0.65,0.36,63.0,1920
4.1,3.7,3.7,13,5,5,57.0,6.5,5,42.0,10,0.19,0.34,0.19,0.34,0.0,0.26,0.53,0.69,2.22,8.0,26.0,0.53,0.26,42.0,2021
5.0,4.7,4.7,13,3,3,43.0,7.1,3,40.0,5,0.25,0.37,0.25,0.37,3.0,0.16,0.26,0.68,2.08,10.0,20.0,0.26,0.16,62.0,2223
2.8,5.0,5.0,14,6,6,61.0,10.2,6,56.0,13,0.2,0.41,0.2,0.41,2.0,0.24,0.52,0.56,2.25,2.0,14.0,0.52,0.24,71.0,2324
0.9,0.9,0.9,4,2,2,18.0,1.0,2,14.0,2,0.03,0.04,0.03,0.04,1.0,0.08,0.08,0.16,0.55,0.0,17.0,0.08,0.08,6.0,2324
0.0,2.6,2.6,9,1,1,33.0,5.4,1,23.0,4,0.22,0.46,0.22,0.46,3.0,0.08,0.34,0.76,1.94,4.0,18.0,0.34,0.08,66.0,1819
4.3,2.9,2.9,11,4,4,67.0,5.3,4,42.0,6,0.14,0.25,0.14,0.25,11.0,0.19,0.29,0.52,2.0,6.0,60.0,0.29,0.19,162.0,1920
1.4,4.3,3.6,10,4,4,43.0,4.6,3,42.0,5,0.26,0.32,0.21,0.27,7.0,0.24,0.3,0.59,2.5,2.0,59.0,0.24,0.18,106.0,2021
2.2,1.4,1.4,9,3,3,38.0,4.0,3,25.0,5,0.08,0.22,0.08,0.22,3.0,0.17,0.28,0.5,1.38,1.0,42.0,0.28,0.17,93.0,2223
1.6,2.2,2.2,5,1,1,32.0,5.2,1,31.0,3,0.13,0.3,0.13,0.3,2.0,0.06,0.17,0.29,1.77,2.0,37.0,0.17,0.06,74.0,2324
3.4,2.1,2.1,4,3,3,18.0,2.9,3,15.0,3,0.08,0.1,0.08,0.1,2.0,0.11,0.11,0.15,0.55,1.0,9.0,0.11,0.11,4.0,1819
4.7,2.5,2.5,3,2,2,20.0,3.0,2,16.0,2,0.11,0.13,0.11,0.13,3.0,0.09,0.09,0.13,0.71,1.0,5.0,0.09,0.09,4.0,2021
1.1,4.7,2.3,3,5,5,24.0,3.1,2,14.0,5,0.21,0.24,0.11,0.14,1.0,0.22,0.22,0.13,0.63,1.0,11.0,0.09,0.09,0.0,2122
0.8,1.1,0.3,1,1,1,7.0,0.5,1,4.0,1,0.11,0.13,0.03,0.05,1.0,0.1,0.1,0.1,0.41,1.0,3.0,0.1,0.1,1.0,2223
0.0,0.4,0.4,1,0,0,5.0,0.5,0,13.0,0,0.05,0.06,0.05,0.06,0.0,0.0,0.0,0.12,1.52,0.0,7.0,0.0,0.0,3.0,1819
0.1,11.3,11.3,33,16,16,138.0,12.9,16,84.0,17,0.37,0.42,0.37,0.42,23.0,0.53,0.56,1.09,2.77,10.0,72.0,0.56,0.53,191.0,1819
6.6,7.2,7.2,11,4,4,78.0,8.3,4,44.0,7,0.41,0.47,0.41,0.47,9.0,0.23,0.4,0.62,2.5,9.0,41.0,0.4,0.23,65.0,2021
2.6,6.6,6.6,11,5,5,89.0,7.8,5,36.0,6,0.39,0.46,0.39,0.46,4.0,0.3,0.36,0.65,2.13,2.0,39.0,0.36,0.3,82.0,2122
1.7,1.1,1.1,4,1,1,55.0,4.3,1,14.0,3,0.06,0.25,0.06,0.25,1.0,0.06,0.17,0.23,0.81,2.0,26.0,0.17,0.06,118.0,1920
0.0,1.7,1.7,6,2,2,70.0,6.8,2,22.0,6,0.08,0.3,0.08,0.3,2.0,0.08,0.25,0.25,0.93,1.0,30.0,0.25,0.08,174.0,2021
0.2,1.0,1.0,6,1,1,41.0,3.0,1,10.0,5,0.06,0.16,0.06,0.16,1.0,0.05,0.27,0.33,0.54,1.0,26.0,0.27,0.05,87.0,2223
0.7,0.2,0.2,3,1,1,37.0,3.2,1,8.0,3,0.02,0.22,0.02,0.22,1.0,0.07,0.21,0.21,0.55,1.0,16.0,0.21,0.07,74.0,2324
0.1,6.7,6.7,24,10,10,176.0,14.1,10,56.0,20,0.32,0.68,0.32,0.68,18.0,0.48,0.96,1.16,2.7,6.0,70.0,0.96,0.48,341.0,1819
11.4,5.4,5.4,20,6,6,113.0,12.1,6,57.0,15,0.27,0.61,0.27,0.61,6.0,0.3,0.75,1.0,2.84,4.0,82.0,0.75,0.3,230.0,2021
8.5,11.4,11.4,32,7,7,125.0,17.6,7,89.0,14,0.52,0.8,0.52,0.8,7.0,0.32,0.64,1.46,4.05,11.0,53.0,0.64,0.32,203.0,2122
10.9,8.5,8.5,29,8,8,101.0,12.8,8,78.0,15,0.38,0.57,0.38,0.57,7.0,0.36,0.67,1.3,3.49,7.0,60.0,0.67,0.36,198.0,2223
10.2,10.9,10.9,28,8,8,143.0,21.8,8,73.0,19,0.46,0.92,0.46,0.92,10.0,0.34,0.8,1.18,3.07,7.0,63.0,0.8,0.34,274.0,2324
0.9,0.3,0.3,1,1,1,6.0,0.9,1,4.0,1,0.07,0.21,0.07,0.21,0.0,0.22,0.22,0.22,0.89,1.0,7.0,0.22,0.22,7.0,2122
0.0,0.9,0.9,1,0,0,7.0,1.8,0,6.0,1,0.06,0.12,0.06,0.12,0.0,0.0,0.07,0.07,0.41,0.0,6.0,0.07,0.0,11.0,2223
1.9,1.3,1.3,3,1,1,26.0,2.5,1,11.0,2,0.06,0.12,0.06,0.12,4.0,0.05,0.1,0.15,0.55,4.0,22.0,0.1,0.05,27.0,2324
2.5,0.5,0.5,7,0,0,18.0,1.4,0,16.0,1,0.05,0.14,0.05,0.14,0.0,0.0,0.1,0.68,1.56,1.0,21.0,0.1,0.0,43.0,1819
0.6,2.5,2.5,10,4,4,65.0,5.3,4,35.0,7,0.12,0.27,0.12,0.27,11.0,0.2,0.35,0.51,1.77,3.0,51.0,0.35,0.2,118.0,1920
0.7,0.6,0.6,3,1,1,18.0,1.5,1,6.0,3,0.07,0.18,0.07,0.18,4.0,0.12,0.36,0.36,0.71,0.0,20.0,0.36,0.12,38.0,2021
0.0,0.7,0.7,2,0,0,14.0,1.1,0,7.0,0,0.11,0.18,0.11,0.18,3.0,0.0,0.0,0.31,1.1,0.0,24.0,0.0,0.0,37.0,2122
0.2,0.3,0.3,2,0,0,9.0,0.8,0,9.0,0,0.02,0.05,0.02,0.05,0.0,0.0,0.0,0.13,0.6,5.0,26.0,0.0,0.0,31.0,1920
0.9,0.4,0.4,4,0,0,9.0,4.6,0,12.0,3,0.01,0.15,0.01,0.15,2.0,0.0,0.1,0.13,0.39,2.0,35.0,0.1,0.0,15.0,2324
0.4,0.3,0.3,4,1,1,12.0,0.6,1,11.0,1,0.04,0.07,0.04,0.07,0.0,0.12,0.12,0.46,1.27,1.0,9.0,0.12,0.12,27.0,2324
0.5,1.2,1.2,3,1,1,35.0,2.9,1,13.0,4,0.09,0.22,0.09,0.22,2.0,0.07,0.3,0.22,0.97,3.0,16.0,0.3,0.07,54.0,2324
0.5,2.5,2.5,15,2,2,60.0,5.6,2,42.0,5,0.11,0.25,0.11,0.25,3.0,0.09,0.22,0.67,1.87,3.0,27.0,0.22,0.09,133.0,2122
0.0,0.5,0.5,5,0,0,14.0,1.9,0,12.0,1,0.04,0.17,0.04,0.17,2.0,0.0,0.09,0.45,1.07,1.0,11.0,0.09,0.0,38.0,2223
0.4,0.6,0.6,1,0,0,12.0,1.2,0,7.0,0,0.09,0.19,0.09,0.19,0.0,0.0,0.0,0.15,1.07,4.0,6.0,0.0,0.0,31.0,2223
2.6,0.4,0.4,2,0,0,17.0,2.1,0,13.0,1,0.02,0.1,0.02,0.1,1.0,0.0,0.05,0.09,0.61,2.0,23.0,0.05,0.0,55.0,2324
1.1,1.1,1.1,2,1,1,22.0,1.7,1,11.0,1,0.04,0.07,0.04,0.07,0.0,0.04,0.04,0.08,0.44,1.0,20.0,0.04,0.04,22.0,2122
1.1,1.1,1.1,3,0,0,28.0,2.0,0,20.0,0,0.03,0.06,0.03,0.06,0.0,0.0,0.0,0.09,0.58,2.0,23.0,0.0,0.0,29.0,2223
1.5,0.2,0.2,1,0,0,11.0,0.3,0,5.0,0,0.03,0.03,0.03,0.03,0.0,0.0,0.0,0.12,0.58,0.0,9.0,0.0,0.0,8.0,2425
4.6,1.6,1.6,2,1,1,45.0,4.4,1,22.0,4,0.1,0.28,0.1,0.28,1.0,0.06,0.25,0.13,1.4,6.0,41.0,0.25,0.06,89.0,1819
1.9,4.6,4.6,13,3,3,99.0,10.5,3,35.0,10,0.19,0.42,0.19,0.42,18.0,0.12,0.4,0.52,1.41,5.0,55.0,0.4,0.12,173.0,2223
0.2,0.5,0.5,2,0,0,17.0,2.1,0,8.0,3,0.02,0.11,0.02,0.11,2.0,0.0,0.16,0.1,0.42,0.0,28.0,0.16,0.0,99.0,1819
19.4,23.8,19.9,82,36,36,164.0,34.2,32,165.0,49,0.79,1.27,0.66,1.14,17.0,1.19,1.63,2.72,5.47,13.0,63.0,1.49,1.06,206.0,1819
22.1,19.4,15.4,63,25,25,208.0,30.8,20,154.0,46,0.61,1.09,0.48,0.96,13.0,0.78,1.44,1.97,4.81,13.0,69.0,1.28,0.62,252.0,1920
10.0,22.1,17.8,85,30,30,211.0,27.2,27,191.0,39,0.66,0.94,0.53,0.81,7.0,0.89,1.16,2.53,5.69,12.0,57.0,1.07,0.8,263.0,2021
15.5,10.0,10.0,29,6,6,105.0,18.9,6,89.0,20,0.42,0.79,0.42,0.79,10.0,0.25,0.84,1.21,3.72,10.0,47.0,0.84,0.25,125.0,2122
0.6,1.2,1.2,2,1,1,12.0,1.6,1,8.0,3,0.05,0.06,0.05,0.06,0.0,0.04,0.12,0.08,0.33,2.0,17.0,0.12,0.04,3.0,2021
0.4,0.3,0.3,1,0,0,11.0,1.6,0,4.0,1,0.02,0.09,0.02,0.09,0.0,0.0,0.06,0.06,0.23,0.0,20.0,0.06,0.0,28.0,2324
1.4,0.6,0.6,2,0,0,8.0,0.8,0,5.0,0,0.13,0.17,0.13,0.17,0.0,0.0,0.0,0.43,1.08,2.0,5.0,0.0,0.0,0.0,2223
0.7,1.4,1.4,4,1,1,30.0,2.0,1,14.0,2,0.05,0.07,0.05,0.07,1.0,0.03,0.07,0.14,0.48,0.0,18.0,0.07,0.03,14.0,2324
1.2,8.1,8.1,18,5,5,90.0,10.0,5,39.0,6,0.46,0.56,0.46,0.56,6.0,0.28,0.34,1.02,2.21,2.0,36.0,0.34,0.28,157.0,1819
4.0,1.2,1.2,7,2,2,26.0,1.5,2,15.0,2,0.16,0.2,0.16,0.2,4.0,0.27,0.27,0.95,2.03,0.0,19.0,0.27,0.27,45.0,1920
2.2,4.0,3.3,13,5,5,62.0,5.1,4,28.0,6,0.21,0.3,0.17,0.26,5.0,0.26,0.31,0.67,1.44,5.0,51.0,0.26,0.21,159.0,2021
0.0,2.2,2.2,3,1,1,30.0,2.5,1,12.0,1,0.39,0.45,0.39,0.45,3.0,0.18,0.18,0.53,2.13,1.0,16.0,0.18,0.18,64.0,2223
8.0,8.9,8.6,28,6,6,92.0,9.8,6,58.0,6,0.41,0.46,0.4,0.45,25.0,0.28,0.28,1.29,2.67,3.0,59.0,0.28,0.28,115.0,1819
2.8,8.0,8.0,18,10,10,76.0,11.4,10,52.0,13,0.36,0.51,0.36,0.51,25.0,0.44,0.58,0.8,2.3,2.0,65.0,0.58,0.44,70.0,1920
0.0,2.8,2.8,3,1,1,33.0,3.2,1,24.0,1,0.26,0.29,0.26,0.29,9.0,0.09,0.09,0.27,2.18,1.0,36.0,0.09,0.09,49.0,2021
0.0,0.7,0.7,2,1,1,24.0,1.4,1,10.0,1,0.11,0.23,0.11,0.23,7.0,0.16,0.16,0.32,1.6,1.0,17.0,0.16,0.16,19.0,2122
0.3,0.7,0.7,4,0,0,18.0,1.9,0,6.0,2,0.11,0.27,0.11,0.27,2.0,0.0,0.29,0.58,0.88,3.0,10.0,0.29,0.0,45.0,2122
0.4,0.3,0.3,1,0,0,6.0,0.6,0,3.0,1,0.11,0.22,0.11,0.22,0.0,0.0,0.34,0.34,1.03,0.0,4.0,0.34,0.0,13.0,2223
2.2,0.4,0.4,4,1,1,21.0,2.2,1,11.0,2,0.04,0.2,0.04,0.2,1.0,0.09,0.18,0.36,0.98,0.0,13.0,0.18,0.09,67.0,2324
3.6,6.2,4.6,11,5,5,74.0,6.1,4,43.0,7,0.37,0.45,0.28,0.36,8.0,0.3,0.42,0.65,2.55,8.0,79.0,0.36,0.24,119.0,2223
5.9,3.6,3.6,10,4,4,65.0,4.2,4,37.0,5,0.24,0.28,0.24,0.28,6.0,0.26,0.33,0.66,2.45,3.0,64.0,0.33,0.26,75.0,2324
2.3,2.8,2.8,9,2,2,67.0,5.6,2,29.0,6,0.11,0.21,0.11,0.21,7.0,0.07,0.22,0.34,1.08,3.0,38.0,0.22,0.07,139.0,1819
2.1,2.3,2.3,5,0,0,59.0,4.3,0,22.0,0,0.09,0.17,0.09,0.17,7.0,0.0,0.0,0.2,0.88,1.0,25.0,0.0,0.0,138.0,1920
1.8,2.1,2.1,6,2,2,25.0,2.8,2,11.0,2,0.09,0.12,0.09,0.12,1.0,0.08,0.08,0.25,0.46,1.0,13.0,0.08,0.08,52.0,2021
0.6,1.8,1.8,7,3,3,42.0,4.2,3,16.0,5,0.07,0.17,0.07,0.17,3.0,0.12,0.2,0.27,0.63,2.0,32.0,0.2,0.12,75.0,2122
0.2,0.6,0.6,3,1,1,7.0,0.9,1,5.0,1,0.09,0.12,0.09,0.12,2.0,0.13,0.13,0.4,0.67,0.0,6.0,0.13,0.13,17.0,2223
12.5,9.9,8.3,36,10,10,107.0,13.0,9,118.0,16,0.43,0.63,0.36,0.56,17.0,0.43,0.69,1.56,5.12,11.0,45.0,0.65,0.39,258.0,1819
15.6,12.5,8.6,38,8,8,157.0,15.9,3,116.0,14,0.4,0.64,0.28,0.51,9.0,0.26,0.45,1.22,3.72,16.0,59.0,0.29,0.1,349.0,1920
15.3,15.6,9.3,40,19,19,143.0,17.7,12,136.0,27,0.49,0.76,0.29,0.56,11.0,0.6,0.85,1.26,4.27,21.0,63.0,0.63,0.38,270.0,2021
4.4,4.2,4.2,13,2,2,53.0,8.8,2,44.0,5,0.21,0.44,0.21,0.44,4.0,0.1,0.25,0.64,2.17,3.0,49.0,0.25,0.1,127.0,1819
5.6,4.4,4.4,10,1,1,73.0,12.5,1,58.0,10,0.19,0.54,0.19,0.54,4.0,0.04,0.43,0.43,2.49,5.0,69.0,0.43,0.04,157.0,1920
8.9,5.6,4.8,26,7,7,61.0,12.9,6,69.0,13,0.2,0.49,0.17,0.46,6.0,0.24,0.45,0.9,2.39,15.0,65.0,0.42,0.21,149.0,2021
8.0,8.9,6.4,28,9,9,117.0,13.4,7,89.0,12,0.35,0.63,0.25,0.53,9.0,0.35,0.47,1.1,3.5,14.0,64.0,0.39,0.28,181.0,2122
4.8,8.0,5.6,17,4,4,52.0,12.7,2,62.0,9,0.28,0.53,0.2,0.45,5.0,0.14,0.32,0.6,2.19,9.0,53.0,0.25,0.07,113.0,2223
4.7,4.8,4.0,19,8,8,49.0,6.4,7,46.0,11,0.23,0.35,0.19,0.31,3.0,0.39,0.53,0.92,2.23,4.0,42.0,0.48,0.34,97.0,2324
0.9,1.5,1.5,2,2,2,19.0,1.9,2,13.0,2,0.07,0.09,0.07,0.09,0.0,0.09,0.09,0.09,0.6,4.0,12.0,0.09,0.09,4.0,2223
0.2,0.9,0.9,3,1,1,12.0,0.9,1,7.0,1,0.05,0.05,0.05,0.05,0.0,0.05,0.05,0.16,0.38,1.0,6.0,0.05,0.05,1.0,1819
0.4,2.0,2.0,2,1,1,19.0,2.0,1,13.0,1,0.1,0.1,0.1,0.1,1.0,0.05,0.05,0.1,0.66,3.0,5.0,0.05,0.05,1.0,2021
0.0,0.4,0.4,3,0,0,11.0,0.7,0,7.0,0,0.04,0.07,0.04,0.07,1.0,0.0,0.0,0.31,0.72,1.0,7.0,0.0,0.0,3.0,2122
0.2,0.2,0.2,2,0,0,11.0,1.0,0,4.0,1,0.02,0.1,0.02,0.1,0.0,0.0,0.1,0.21,0.42,0.0,4.0,0.1,0.0,32.0,1920
0.4,0.2,0.2,1,0,0,10.0,0.5,0,7.0,0,0.01,0.03,0.01,0.03,0.0,0.0,0.0,0.06,0.4,1.0,19.0,0.0,0.0,53.0,2122
0.1,0.4,0.4,4,0,0,10.0,0.9,0,7.0,1,0.04,0.09,0.04,0.09,1.0,0.0,0.1,0.39,0.68,1.0,12.0,0.1,0.0,43.0,2223
0.0,0.5,0.5,1,0,0,15.0,1.8,0,8.0,0,0.02,0.06,0.02,0.06,2.0,0.0,0.0,0.03,0.27,1.0,13.0,0.0,0.0,73.0,2021
2.5,2.6,2.6,15,4,4,72.0,4.1,4,44.0,7,0.11,0.18,0.11,0.18,6.0,0.17,0.3,0.64,1.89,6.0,63.0,0.3,0.17,151.0,2324
0.0,3.3,2.5,11,2,2,62.0,7.0,1,33.0,7,0.18,0.42,0.14,0.38,3.0,0.11,0.38,0.59,1.78,6.0,46.0,0.32,0.05,115.0,2223
1.4,5.4,3.8,10,5,5,65.0,7.0,3,35.0,10,0.23,0.37,0.16,0.3,1.0,0.21,0.43,0.43,1.5,4.0,59.0,0.34,0.13,140.0,2324
0.3,1.0,1.0,3,0,0,10.0,1.3,0,11.0,0,0.03,0.05,0.03,0.05,1.0,0.0,0.0,0.1,0.38,1.0,21.0,0.0,0.0,2.0,2021
0.6,0.9,0.9,3,0,0,24.0,1.3,0,14.0,1,0.04,0.05,0.04,0.05,1.0,0.0,0.04,0.12,0.55,1.0,12.0,0.04,0.0,3.0,2324
6.4,3.9,3.9,16,5,5,46.0,4.1,5,32.0,5,0.46,0.48,0.46,0.48,3.0,0.59,0.59,1.88,3.76,3.0,14.0,0.59,0.59,76.0,1718
4.6,6.4,4.9,14,7,7,50.0,5.6,6,32.0,9,0.48,0.53,0.37,0.42,10.0,0.52,0.67,1.05,2.39,5.0,24.0,0.6,0.45,60.0,1819
9.0,22.1,19.7,59,24,24,214.0,25.5,22,118.0,31,0.74,0.93,0.66,0.85,33.0,0.8,1.03,1.97,3.94,11.0,72.0,0.97,0.73,226.0,2324
0.5,1.1,1.1,4,2,2,12.0,1.6,2,10.0,2,0.04,0.06,0.04,0.06,0.0,0.08,0.08,0.15,0.38,0.0,5.0,0.08,0.08,13.0,2223
0.3,0.5,0.5,2,1,1,16.0,1.1,1,9.0,2,0.02,0.04,0.02,0.04,1.0,0.04,0.08,0.08,0.38,0.0,6.0,0.08,0.04,9.0,2324
0.5,0.4,0.4,2,2,2,10.0,0.5,2,5.0,2,0.03,0.03,0.03,0.03,0.0,0.14,0.14,0.14,0.36,0.0,5.0,0.14,0.14,1.0,1920
0.4,0.5,0.5,1,0,0,14.0,0.6,0,7.0,0,0.03,0.04,0.03,0.04,1.0,0.0,0.0,0.06,0.43,0.0,9.0,0.0,0.0,4.0,2021
0.4,0.6,0.6,2,0,0,3.0,3.4,0,19.0,2,0.03,0.18,0.03,0.18,0.0,0.0,0.11,0.11,1.02,4.0,11.0,0.11,0.0,7.0,1819
0.6,0.4,0.4,1,0,0,5.0,3.5,0,7.0,4,0.02,0.19,0.02,0.19,0.0,0.0,0.23,0.06,0.39,0.0,18.0,0.23,0.0,23.0,1920
0.0,1.3,1.3,2,1,1,11.0,1.4,1,5.0,1,0.05,0.06,0.05,0.06,0.0,0.04,0.04,0.08,0.2,0.0,11.0,0.04,0.04,5.0,2122
0.0,1.1,1.1,1,1,1,7.0,1.3,1,4.0,1,0.09,0.1,0.09,0.1,0.0,0.08,0.08,0.08,0.32,0.0,4.0,0.08,0.08,4.0,2223
0.2,2.3,2.3,18,5,5,34.0,3.4,5,49.0,5,0.09,0.14,0.09,0.14,1.0,0.2,0.2,0.73,2.0,1.0,22.0,0.2,0.2,53.0,2324
1.0,2.1,2.1,5,0,0,25.0,3.3,0,14.0,4,0.14,0.22,0.14,0.22,2.0,0.0,0.26,0.32,0.9,3.0,19.0,0.26,0.0,67.0,2122
1.0,1.0,1.0,2,1,1,11.0,2.2,1,4.0,4,0.13,0.28,0.13,0.28,1.0,0.13,0.51,0.26,0.51,0.0,13.0,0.51,0.13,32.0,2223
0.2,1.0,1.0,5,0,0,41.0,3.9,0,17.0,4,0.04,0.16,0.04,0.16,1.0,0.0,0.16,0.2,0.69,4.0,34.0,0.16,0.0,99.0,2324
0.1,0.8,0.8,5,0,0,24.0,3.2,0,14.0,5,0.04,0.15,0.04,0.15,0.0,0.0,0.24,0.24,0.66,1.0,36.0,0.24,0.0,99.0,1920
0.6,0.3,0.3,1,0,0,9.0,2.0,0,6.0,1,0.02,0.16,0.02,0.16,0.0,0.0,0.08,0.08,0.49,0.0,15.0,0.08,0.0,41.0,2122
0.7,0.2,0.2,1,1,1,7.0,0.5,1,7.0,1,0.03,0.06,0.03,0.06,0.0,0.11,0.11,0.11,0.8,1.0,10.0,0.11,0.11,30.0,2324
0.1,0.6,0.6,4,1,1,22.0,1.6,1,9.0,1,0.03,0.07,0.03,0.07,2.0,0.04,0.04,0.17,0.39,1.0,21.0,0.04,0.04,69.0,2122
1.1,0.9,0.9,3,2,2,16.0,1.3,2,10.0,3,0.04,0.06,0.04,0.06,1.0,0.09,0.13,0.13,0.44,2.0,13.0,0.13,0.09,5.0,2324
0.1,0.6,0.6,3,0,0,15.0,0.8,0,11.0,1,0.15,0.2,0.15,0.2,0.0,0.0,0.27,0.8,2.94,0.0,12.0,0.27,0.0,29.0,1920
4.9,7.9,5.6,27,9,9,50.0,7.9,6,61.0,10,0.42,0.53,0.29,0.41,2.0,0.47,0.52,1.42,3.2,10.0,36.0,0.37,0.31,86.0,1819
1.8,4.9,2.5,9,7,7,58.0,3.9,4,40.0,8,0.35,0.44,0.18,0.27,6.0,0.5,0.57,0.64,2.84,5.0,32.0,0.35,0.28,71.0,1920
3.5,1.8,1.8,3,1,1,21.0,2.2,1,17.0,1,0.23,0.28,0.23,0.28,0.0,0.13,0.13,0.38,2.13,3.0,24.0,0.13,0.13,43.0,2122
2.9,3.5,1.9,5,4,4,15.0,1.9,3,10.0,4,0.6,0.6,0.32,0.33,1.0,0.69,0.69,0.86,1.72,2.0,12.0,0.52,0.52,26.0,2223
0.0,2.5,2.5,8,1,1,63.0,3.9,1,24.0,5,0.11,0.18,0.11,0.18,4.0,0.05,0.23,0.37,1.1,2.0,38.0,0.23,0.05,88.0,2324
7.3,6.7,6.7,16,9,9,80.0,8.1,9,43.0,12,0.47,0.57,0.47,0.57,14.0,0.64,0.85,1.14,3.06,1.0,41.0,0.85,0.64,86.0,1819
7.2,7.3,6.5,18,7,7,78.0,8.1,6,49.0,8,0.56,0.68,0.5,0.62,19.0,0.54,0.61,1.38,3.76,6.0,35.0,0.54,0.46,63.0,1920
6.0,7.2,5.7,18,11,11,74.0,6.6,9,39.0,13,0.52,0.59,0.41,0.48,11.0,0.8,0.94,1.3,2.82,3.0,46.0,0.8,0.65,75.0,2021
1.4,6.0,5.2,13,6,6,43.0,6.2,6,22.0,6,0.82,0.96,0.71,0.85,7.0,0.82,0.82,1.79,3.02,2.0,30.0,0.82,0.82,44.0,2122
0.3,0.2,0.2,2,1,1,2.0,0.7,1,7.0,1,0.02,0.05,0.02,0.05,0.0,0.08,0.08,0.16,0.57,1.0,10.0,0.08,0.08,4.0,1819
4.6,5.2,5.2,22,7,7,95.0,6.3,7,58.0,9,0.17,0.21,0.17,0.21,10.0,0.23,0.3,0.73,1.94,3.0,163.0,0.3,0.23,117.0,2021
8.3,4.6,4.6,16,7,7,75.0,6.5,7,49.0,10,0.24,0.34,0.24,0.34,13.0,0.37,0.53,0.84,2.57,3.0,142.0,0.53,0.37,89.0,2122
6.2,8.3,7.5,20,7,7,116.0,10.5,7,71.0,9,0.3,0.41,0.27,0.38,14.0,0.26,0.33,0.73,2.6,5.0,139.0,0.33,0.26,160.0,2223
0.9,1.1,1.1,2,1,1,21.0,3.3,1,9.0,4,0.11,0.33,0.11,0.33,2.0,0.1,0.4,0.2,0.9,0.0,30.0,0.4,0.1,61.0,1819
0.5,0.9,0.9,3,2,2,13.0,1.3,2,14.0,2,0.14,0.19,0.14,0.19,1.0,0.3,0.3,0.45,2.08,0.0,10.0,0.3,0.3,31.0,1920
0.8,1.7,1.7,6,2,2,26.0,2.4,2,18.0,2,0.18,0.26,0.18,0.26,1.0,0.22,0.22,0.65,1.94,0.0,17.0,0.22,0.22,58.0,2122
2.0,0.8,0.8,3,0,0,14.0,2.1,0,10.0,1,0.19,0.48,0.19,0.48,0.0,0.0,0.23,0.69,2.29,1.0,15.0,0.23,0.0,18.0,2122
1.3,1.9,1.9,7,3,3,24.0,3.4,3,18.0,4,0.14,0.26,0.14,0.26,2.0,0.23,0.3,0.53,1.36,0.0,21.0,0.3,0.23,39.0,1819
1.2,1.3,1.3,5,2,2,24.0,2.7,2,15.0,3,0.09,0.18,0.09,0.18,2.0,0.13,0.2,0.34,1.01,1.0,31.0,0.2,0.13,24.0,1920
1.3,0.3,0.3,1,0,0,19.0,2.1,0,2.0,2,0.04,0.27,0.04,0.27,2.0,0.0,0.26,0.13,0.26,0.0,8.0,0.26,0.0,77.0,1718
1.1,0.4,0.4,3,1,1,24.0,2.3,1,8.0,1,0.02,0.14,0.02,0.14,2.0,0.06,0.06,0.18,0.48,0.0,16.0,0.06,0.06,89.0,2223
0.8,1.1,1.1,4,1,1,56.0,5.2,1,20.0,4,0.04,0.19,0.04,0.19,3.0,0.04,0.15,0.15,0.75,3.0,16.0,0.15,0.04,200.0,2324
0.1,1.3,1.3,2,1,1,12.0,1.5,1,12.0,1,0.07,0.08,0.07,0.08,0.0,0.05,0.05,0.1,0.6,1.0,32.0,0.05,0.05,22.0,2122
0.4,0.8,0.8,1,1,1,15.0,1.6,1,5.0,1,0.06,0.13,0.06,0.13,0.0,0.08,0.08,0.08,0.4,0.0,4.0,0.08,0.08,38.0,1819
0.7,0.4,0.4,1,0,0,10.0,1.5,0,3.0,1,0.04,0.15,0.04,0.15,0.0,0.0,0.1,0.1,0.29,0.0,5.0,0.1,0.0,26.0,1920
0.4,0.7,0.7,1,0,0,22.0,2.5,0,5.0,2,0.04,0.14,0.04,0.14,0.0,0.0,0.11,0.06,0.28,0.0,27.0,0.11,0.0,81.0,2021
0.0,0.5,0.5,2,1,1,19.0,2.0,1,6.0,2,0.02,0.1,0.02,0.1,1.0,0.05,0.09,0.09,0.28,1.0,16.0,0.09,0.05,22.0,2324
8.9,3.9,3.9,11,4,4,40.0,4.3,4,26.0,4,0.35,0.38,0.35,0.38,4.0,0.36,0.36,0.98,2.33,3.0,34.0,0.36,0.36,86.0,1819
8.5,8.9,8.1,22,8,8,113.0,10.4,8,51.0,10,0.32,0.4,0.29,0.38,10.0,0.29,0.36,0.8,1.85,6.0,99.0,0.36,0.29,180.0,1920
9.1,8.5,8.5,12,4,4,100.0,11.3,4,42.0,8,0.37,0.49,0.37,0.49,13.0,0.17,0.34,0.52,1.81,8.0,87.0,0.34,0.17,148.0,2021
3.3,9.1,9.1,26,7,7,115.0,12.6,7,60.0,9,0.32,0.44,0.32,0.44,14.0,0.24,0.31,0.91,2.09,10.0,94.0,0.31,0.24,208.0,2122
8.6,3.3,3.3,15,5,5,65.0,5.1,5,30.0,7,0.19,0.31,0.19,0.31,9.0,0.3,0.42,0.9,1.8,6.0,29.0,0.42,0.3,87.0,2223
7.7,8.6,7.0,16,7,7,97.0,9.1,6,32.0,9,0.34,0.42,0.27,0.36,7.0,0.27,0.35,0.62,1.25,4.0,59.0,0.31,0.23,153.0,2324
0.5,0.6,0.6,1,0,0,14.0,2.6,0,15.0,2,0.03,0.12,0.03,0.12,2.0,0.0,0.09,0.05,0.68,1.0,8.0,0.09,0.0,15.0,1819
0.4,0.5,0.5,3,0,0,8.0,2.2,0,10.0,1,0.02,0.11,0.02,0.11,0.0,0.0,0.05,0.15,0.5,2.0,16.0,0.05,0.0,10.0,1920
0.1,0.4,0.4,3,0,0,7.0,0.8,0,12.0,0,0.02,0.03,0.02,0.03,1.0,0.0,0.0,0.13,0.51,0.0,14.0,0.0,0.0,18.0,2021
0.1,1.0,1.0,4,0,0,29.0,5.9,0,21.0,4,0.03,0.21,0.03,0.21,7.0,0.0,0.14,0.14,0.76,1.0,57.0,0.14,0.0,177.0,1819
2.5,1.2,1.2,4,1,1,21.0,2.2,1,16.0,1,0.07,0.14,0.07,0.14,0.0,0.06,0.06,0.25,1.01,1.0,12.0,0.06,0.06,4.0,2122
2.7,2.5,2.5,10,1,1,35.0,3.1,1,27.0,2,0.1,0.13,0.1,0.13,1.0,0.04,0.08,0.41,1.12,4.0,11.0,0.08,0.04,6.0,2223
0.7,2.7,2.7,7,5,5,41.0,4.6,5,24.0,6,0.11,0.18,0.11,0.18,1.0,0.2,0.24,0.27,0.94,4.0,21.0,0.24,0.2,16.0,2324
5.6,6.3,6.3,19,10,10,108.0,7.8,10,45.0,10,0.27,0.33,0.27,0.33,14.0,0.42,0.42,0.81,1.91,3.0,67.0,0.42,0.42,193.0,1819
1.9,5.6,5.6,14,4,4,78.0,8.8,4,56.0,8,0.23,0.36,0.23,0.36,5.0,0.16,0.32,0.56,2.25,4.0,60.0,0.32,0.16,140.0,1920
2.7,1.9,1.9,6,3,3,38.0,3.9,3,18.0,7,0.12,0.25,0.12,0.25,3.0,0.19,0.45,0.38,1.15,2.0,48.0,0.45,0.19,78.0,2021
0.5,2.7,2.7,11,2,2,62.0,7.7,2,37.0,8,0.14,0.39,0.14,0.39,3.0,0.1,0.41,0.56,1.88,2.0,59.0,0.41,0.1,87.0,2122
5.7,10.6,10.6,22,9,9,107.0,13.0,9,63.0,12,0.47,0.58,0.47,0.58,5.0,0.4,0.53,0.97,2.78,7.0,75.0,0.53,0.4,146.0,1718
12.7,5.7,5.7,23,4,4,118.0,9.1,4,62.0,12,0.19,0.3,0.19,0.3,6.0,0.13,0.4,0.76,2.06,4.0,98.0,0.4,0.13,210.0,1819
5.9,11.2,7.3,16,5,5,144.0,12.9,1,64.0,9,0.38,0.58,0.25,0.44,5.0,0.17,0.31,0.55,2.19,6.0,70.0,0.17,0.03,253.0,2021
4.5,5.9,5.9,16,6,6,103.0,7.8,6,51.0,10,0.25,0.33,0.25,0.33,2.0,0.25,0.42,0.68,2.16,3.0,76.0,0.42,0.25,230.0,2122
5.4,4.5,2.1,6,4,4,64.0,3.5,1,27.0,4,0.35,0.45,0.17,0.27,6.0,0.31,0.31,0.46,2.09,0.0,40.0,0.08,0.08,113.0,2223
0.2,5.4,4.6,23,4,4,125.0,9.1,3,63.0,7,0.17,0.31,0.14,0.29,8.0,0.13,0.22,0.72,1.97,4.0,99.0,0.19,0.09,265.0,2324
0.4,0.7,0.7,1,1,1,3.0,1.0,1,4.0,1,0.22,0.32,0.22,0.32,0.0,0.31,0.31,0.31,1.22,1.0,4.0,0.31,0.31,22.0,2122
2.1,1.3,1.3,6,1,1,15.0,2.1,1,13.0,2,0.14,0.22,0.14,0.22,1.0,0.11,0.21,0.64,1.39,1.0,20.0,0.21,0.11,49.0,1819
7.0,2.1,2.1,11,0,0,33.0,3.8,0,33.0,1,0.17,0.31,0.17,0.31,3.0,0.0,0.08,0.9,2.69,4.0,34.0,0.08,0.0,74.0,1920
9.8,7.0,7.0,22,9,9,70.0,12.1,9,55.0,14,0.28,0.48,0.28,0.48,5.0,0.36,0.55,0.87,2.18,2.0,55.0,0.55,0.36,99.0,2021
4.4,9.8,9.0,33,9,9,106.0,13.5,8,86.0,15,0.33,0.48,0.3,0.45,6.0,0.3,0.5,1.1,2.87,15.0,111.0,0.47,0.27,219.0,2122
0.4,0.4,0.4,1,1,1,5.0,0.4,1,3.0,1,0.12,0.13,0.12,0.13,0.0,0.29,0.29,0.29,0.88,0.0,3.0,0.29,0.29,3.0,2021
0.5,0.4,0.4,3,1,1,13.0,1.0,1,9.0,2,0.01,0.03,0.01,0.03,2.0,0.04,0.07,0.11,0.32,2.0,15.0,0.07,0.04,12.0,2122
0.6,0.5,0.5,4,0,0,18.0,1.5,0,7.0,1,0.03,0.08,0.03,0.08,0.0,0.0,0.05,0.2,0.36,1.0,6.0,0.05,0.0,14.0,2223
1.3,9.8,6.6,22,8,8,124.0,17.5,5,51.0,14,0.31,0.66,0.21,0.56,37.0,0.26,0.45,0.71,1.64,4.0,61.0,0.35,0.16,215.0,1718
6.7,10.8,6.8,13,11,11,78.0,13.6,6,43.0,16,0.39,0.63,0.25,0.49,23.0,0.4,0.58,0.47,1.55,10.0,52.0,0.4,0.22,177.0,1920
3.3,6.7,3.5,9,4,4,69.0,8.1,1,28.0,8,0.34,0.58,0.18,0.41,15.0,0.2,0.41,0.46,1.43,4.0,65.0,0.26,0.05,136.0,2021
2.2,3.3,3.3,5,3,3,31.0,7.0,3,15.0,5,0.28,0.59,0.28,0.59,10.0,0.25,0.42,0.42,1.27,2.0,11.0,0.42,0.25,61.0,2122
2.0,2.2,2.2,5,2,2,24.0,3.8,2,14.0,3,0.16,0.27,0.16,0.27,10.0,0.14,0.21,0.36,1.0,0.0,30.0,0.21,0.14,59.0,2122
0.1,1.4,1.4,6,1,1,25.0,2.2,1,21.0,2,0.08,0.13,0.08,0.13,0.0,0.06,0.12,0.36,1.25,2.0,18.0,0.12,0.06,20.0,1920
5.3,0.1,0.1,1,1,1,3.0,0.6,1,3.0,1,0.02,0.11,0.02,0.11,1.0,0.17,0.17,0.17,0.52,0.0,4.0,0.17,0.17,4.0,2021
0.2,0.3,0.3,1,0,0,5.0,0.4,0,5.0,0,0.05,0.06,0.05,0.06,0.0,0.0,0.0,0.16,0.8,0.0,5.0,0.0,0.0,3.0,1819
1.4,1.6,1.6,9,1,1,38.0,2.2,1,34.0,1,0.05,0.07,0.05,0.07,1.0,0.03,0.03,0.3,1.12,1.0,33.0,0.03,0.03,27.0,2122
1.5,1.4,1.4,4,1,1,32.0,1.6,1,28.0,1,0.05,0.06,0.05,0.06,0.0,0.04,0.04,0.15,1.02,3.0,31.0,0.04,0.04,17.0,2223
2.3,1.5,1.5,7,1,1,35.0,2.0,1,30.0,1,0.07,0.1,0.07,0.1,0.0,0.05,0.05,0.35,1.51,4.0,14.0,0.05,0.05,15.0,2324
2.1,0.9,0.9,5,0,0,9.0,1.4,0,24.0,0,0.05,0.07,0.05,0.07,1.0,0.0,0.0,0.26,1.25,1.0,20.0,0.0,0.0,16.0,1819
1.5,2.1,2.1,11,2,2,27.0,2.8,2,28.0,4,0.11,0.14,0.11,0.14,1.0,0.1,0.2,0.56,1.43,3.0,31.0,0.2,0.1,32.0,1920
1.5,1.5,1.5,6,1,1,22.0,3.0,1,30.0,1,0.06,0.13,0.06,0.13,1.0,0.04,0.04,0.26,1.29,4.0,33.0,0.04,0.04,23.0,2021
3.6,1.5,1.5,7,2,2,27.0,2.4,2,23.0,2,0.07,0.11,0.07,0.11,1.0,0.09,0.09,0.32,1.06,1.0,32.0,0.09,0.09,25.0,2122
0.4,1.5,1.5,6,0,0,44.0,2.4,0,25.0,0,0.09,0.14,0.09,0.14,0.0,0.0,0.0,0.34,1.43,5.0,34.0,0.0,0.0,33.0,2324
1.4,2.6,2.6,11,1,1,85.0,7.3,1,24.0,4,0.15,0.43,0.15,0.43,2.0,0.06,0.24,0.66,1.43,2.0,59.0,0.24,0.06,210.0,1819
1.8,1.4,1.4,3,2,2,31.0,3.0,2,10.0,3,0.14,0.32,0.14,0.32,2.0,0.21,0.32,0.32,1.06,1.0,32.0,0.32,0.21,125.0,1920
2.2,1.8,1.8,7,2,2,71.0,5.9,2,21.0,7,0.09,0.29,0.09,0.29,3.0,0.1,0.34,0.34,1.02,3.0,46.0,0.34,0.1,201.0,2021
1.9,2.2,2.2,5,3,3,55.0,4.7,3,18.0,3,0.11,0.23,0.11,0.23,5.0,0.15,0.15,0.25,0.88,1.0,36.0,0.15,0.15,156.0,2122
1.2,1.9,1.9,7,4,4,46.0,3.5,4,14.0,5,0.15,0.28,0.15,0.28,3.0,0.31,0.39,0.55,1.1,1.0,20.0,0.39,0.31,145.0,2223
1.4,1.2,1.1,7,3,3,68.0,4.8,3,12.0,9,0.07,0.31,0.07,0.31,5.0,0.19,0.57,0.44,0.76,3.0,18.0,0.57,0.19,160.0,2324
0.6,1.1,1.1,1,0,0,15.0,1.4,0,8.0,0,0.38,0.47,0.38,0.47,1.0,0.0,0.0,0.33,2.68,2.0,8.0,0.0,0.0,27.0,1718
2.9,0.6,0.6,3,2,2,16.0,2.0,2,5.0,3,0.11,0.34,0.11,0.34,7.0,0.34,0.51,0.51,0.85,0.0,17.0,0.51,0.34,53.0,1718
0.8,1.2,1.1,1,0,0,30.0,1.7,0,15.0,0,0.06,0.09,0.05,0.08,0.0,0.0,0.0,0.05,0.72,4.0,19.0,0.0,0.0,28.0,2122
0.9,0.8,0.8,3,0,0,13.0,1.9,0,9.0,1,0.07,0.16,0.07,0.16,1.0,0.0,0.08,0.25,0.74,1.0,9.0,0.08,0.0,10.0,2223
15.7,7.2,6.4,21,8,8,95.0,9.2,7,49.0,12,0.31,0.43,0.28,0.4,4.0,0.35,0.52,0.92,2.14,5.0,53.0,0.48,0.31,137.0,1920
10.6,15.7,11.8,30,16,16,159.0,15.7,12,66.0,20,0.48,0.6,0.36,0.48,12.0,0.49,0.61,0.91,2.0,12.0,74.0,0.49,0.36,224.0,2021
3.3,10.6,8.3,24,12,12,138.0,15.3,9,56.0,20,0.35,0.58,0.27,0.5,14.0,0.39,0.66,0.79,1.84,9.0,70.0,0.56,0.3,217.0,2122
4.6,3.3,2.5,7,1,1,50.0,3.3,0,22.0,1,0.38,0.48,0.29,0.39,1.0,0.12,0.12,0.82,2.57,2.0,19.0,0.0,0.0,55.0,2223
5.3,4.6,4.6,14,6,6,76.0,6.4,6,32.0,7,0.34,0.47,0.34,0.47,5.0,0.45,0.52,1.04,2.38,5.0,46.0,0.52,0.45,85.0,2223
10.4,5.3,3.7,6,2,2,85.0,4.7,2,27.0,2,0.35,0.41,0.25,0.31,5.0,0.13,0.13,0.4,1.79,1.0,42.0,0.13,0.13,88.0,2324
4.0,3.3,2.5,8,1,1,47.0,5.7,0,41.0,7,0.13,0.25,0.1,0.22,2.0,0.04,0.27,0.3,1.56,4.0,59.0,0.23,0.0,81.0,1819
8.1,4.0,4.0,19,5,5,44.0,5.6,5,46.0,6,0.2,0.28,0.2,0.28,1.0,0.24,0.29,0.93,2.24,2.0,59.0,0.29,0.24,112.0,1920
11.7,8.1,8.1,24,10,10,76.0,11.7,10,71.0,14,0.26,0.38,0.26,0.38,4.0,0.32,0.45,0.78,2.29,7.0,86.0,0.45,0.32,151.0,2021
4.7,9.3,6.4,32,7,7,103.0,12.1,5,95.0,12,0.3,0.48,0.2,0.39,4.0,0.22,0.38,1.02,3.04,9.0,90.0,0.32,0.16,248.0,2223
5.0,4.7,3.1,15,4,4,59.0,4.8,3,42.0,5,0.27,0.37,0.18,0.27,3.0,0.23,0.29,0.86,2.42,5.0,40.0,0.23,0.17,157.0,2324
0.4,0.9,0.9,5,0,0,29.0,3.6,0,16.0,4,0.04,0.17,0.04,0.17,3.0,0.0,0.18,0.23,0.74,2.0,17.0,0.18,0.0,108.0,2021
0.1,0.4,0.4,2,0,0,11.0,1.2,0,4.0,1,0.04,0.13,0.04,0.13,0.0,0.0,0.11,0.23,0.45,0.0,12.0,0.11,0.0,46.0,2122
6.6,4.2,3.4,12,4,4,51.0,9.4,3,67.0,9,0.19,0.46,0.16,0.42,3.0,0.18,0.41,0.54,3.03,10.0,48.0,0.36,0.14,132.0,1819
3.3,5.1,5.0,29,9,9,63.0,12.9,9,69.0,11,0.18,0.45,0.17,0.44,2.0,0.31,0.38,1.0,2.37,4.0,46.0,0.38,0.31,132.0,2021
4.4,3.3,3.3,16,5,5,30.0,11.1,5,47.0,14,0.12,0.42,0.12,0.42,1.0,0.19,0.54,0.61,1.8,3.0,29.0,0.54,0.19,89.0,2122
4.7,4.4,2.7,17,6,6,43.0,9.7,5,45.0,13,0.16,0.42,0.1,0.36,2.0,0.22,0.48,0.63,1.66,4.0,33.0,0.44,0.18,94.0,2223
11.9,2.5,2.5,8,4,4,77.0,4.0,4,27.0,6,0.22,0.36,0.22,0.36,3.0,0.36,0.54,0.72,2.44,3.0,30.0,0.54,0.36,116.0,2223
12.0,11.9,11.9,32,8,8,219.0,17.5,8,94.0,13,0.41,0.6,0.41,0.6,20.0,0.27,0.45,1.1,3.22,15.0,69.0,0.45,0.27,302.0,2324
1.3,0.9,0.9,2,0,0,18.0,1.2,0,6.0,1,0.12,0.16,0.12,0.16,5.0,0.0,0.13,0.26,0.77,2.0,22.0,0.13,0.0,69.0,2122
4.4,9.8,9.1,25,8,8,111.0,12.2,8,85.0,12,0.31,0.41,0.29,0.39,5.0,0.25,0.38,0.79,2.69,8.0,103.0,0.38,0.25,196.0,2122
2.4,4.4,4.4,13,4,4,60.0,6.5,4,41.0,8,0.26,0.39,0.26,0.39,5.0,0.24,0.48,0.79,2.48,5.0,42.0,0.48,0.24,87.0,2223
6.5,2.4,2.4,7,3,3,20.0,2.8,3,16.0,4,0.74,0.85,0.74,0.85,0.0,0.92,1.23,2.15,4.91,1.0,7.0,1.23,0.92,17.0,2223
0.3,3.7,1.3,3,3,3,22.0,4.8,0,19.0,6,0.12,0.23,0.04,0.15,1.0,0.1,0.19,0.1,0.62,1.0,34.0,0.1,0.0,45.0,2122
0.6,0.3,0.3,1,0,0,5.0,1.5,0,8.0,3,0.01,0.07,0.01,0.07,1.0,0.0,0.15,0.05,0.39,0.0,20.0,0.15,0.0,7.0,2223
1.8,0.6,0.6,5,0,0,10.0,2.3,0,16.0,1,0.03,0.1,0.03,0.1,1.0,0.0,0.04,0.21,0.68,1.0,26.0,0.04,0.0,35.0,2324
3.5,0.2,0.2,1,1,1,6.0,0.4,1,4.0,2,0.18,0.26,0.18,0.26,3.0,0.73,1.46,0.73,2.93,0.0,5.0,1.46,0.73,11.0,1819
12.7,3.5,3.5,15,6,6,54.0,5.0,6,46.0,6,0.22,0.31,0.22,0.31,3.0,0.37,0.37,0.94,2.87,5.0,49.0,0.37,0.37,100.0,1819
15.5,12.7,7.2,34,18,18,115.0,12.6,12,70.0,19,0.91,1.3,0.51,0.9,3.0,1.29,1.36,2.43,5.0,6.0,63.0,0.93,0.86,175.0,1920
7.1,15.5,13.1,36,22,22,125.0,17.7,20,84.0,29,0.97,1.25,0.82,1.11,3.0,1.38,1.82,2.26,5.26,6.0,59.0,1.69,1.25,218.0,2021
2.8,7.1,5.6,16,9,9,118.0,11.6,7,55.0,17,0.42,0.77,0.33,0.68,7.0,0.53,0.99,0.94,3.22,9.0,63.0,0.88,0.41,214.0,2122
1.5,2.8,2.0,8,3,3,70.0,5.6,2,33.0,6,0.24,0.53,0.17,0.47,3.0,0.25,0.5,0.67,2.77,3.0,49.0,0.42,0.17,124.0,2223
3.0,3.3,3.3,9,4,4,57.0,6.0,4,24.0,6,0.14,0.26,0.14,0.26,7.0,0.17,0.26,0.39,1.03,2.0,49.0,0.26,0.17,131.0,2021
6.1,3.0,3.0,16,1,1,90.0,8.2,1,44.0,4,0.09,0.24,0.09,0.24,12.0,0.03,0.12,0.46,1.27,8.0,99.0,0.12,0.03,213.0,2122
0.0,6.1,3.0,15,5,5,62.0,6.9,2,53.0,9,0.22,0.36,0.11,0.25,10.0,0.18,0.32,0.54,1.91,3.0,56.0,0.22,0.07,173.0,2324
1.2,2.5,2.5,8,2,2,83.0,5.0,2,27.0,4,0.33,0.64,0.33,0.64,4.0,0.26,0.52,1.03,3.48,4.0,24.0,0.52,0.26,85.0,2324
12.7,23.1,20.0,54,21,21,240.0,26.9,17,108.0,27,0.74,0.96,0.64,0.86,27.0,0.67,0.86,1.72,3.44,8.0,76.0,0.73,0.54,294.0,1819
16.2,12.7,12.0,41,16,16,133.0,14.5,15,78.0,24,0.57,0.68,0.54,0.65,18.0,0.72,1.08,1.85,3.51,6.0,33.0,1.04,0.68,171.0,1920
10.0,16.2,13.9,40,21,21,173.0,16.8,18,101.0,24,0.58,0.69,0.5,0.6,33.0,0.75,0.86,1.44,3.62,13.0,61.0,0.75,0.65,171.0,2021
0.0,0.1,0.1,1,0,0,1.0,0.7,0,3.0,0,0.01,0.13,0.01,0.13,0.0,0.0,0.0,0.18,0.53,1.0,2.0,0.0,0.0,8.0,1819
1.0,2.1,2.1,7,3,3,17.0,3.0,3,24.0,5,0.24,0.35,0.24,0.35,1.0,0.35,0.58,0.81,2.77,2.0,21.0,0.58,0.35,45.0,1819
3.7,1.0,1.0,11,2,2,29.0,2.8,2,24.0,3,0.11,0.31,0.11,0.31,0.0,0.22,0.33,1.2,2.61,2.0,17.0,0.33,0.22,60.0,1920
1.0,0.6,0.6,2,1,1,9.0,1.0,1,8.0,2,0.04,0.07,0.04,0.07,1.0,0.07,0.14,0.14,0.56,0.0,8.0,0.14,0.07,7.0,1819
0.3,1.0,1.0,1,1,1,18.0,1.4,1,8.0,2,0.05,0.06,0.05,0.06,2.0,0.04,0.09,0.04,0.36,0.0,11.0,0.09,0.04,18.0,1920
0.2,0.3,0.3,1,0,0,10.0,0.5,0,5.0,0,0.01,0.02,0.01,0.02,0.0,0.0,0.0,0.04,0.18,0.0,9.0,0.0,0.0,1.0,2122
0.1,2.2,2.2,7,2,2,27.0,2.7,2,31.0,2,0.08,0.1,0.08,0.1,2.0,0.07,0.07,0.26,1.15,7.0,17.0,0.07,0.07,14.0,1819
2.4,14.9,14.1,41,17,17,146.0,18.0,16,96.0,22,0.6,0.75,0.57,0.72,17.0,0.68,0.88,1.65,3.85,5.0,74.0,0.84,0.64,164.0,1819
2.3,2.9,2.9,6,4,4,46.0,3.6,4,25.0,5,0.29,0.36,0.29,0.36,3.0,0.4,0.5,0.6,2.52,3.0,27.0,0.5,0.4,62.0,2021
7.9,2.3,2.3,4,1,1,25.0,3.1,1,16.0,4,0.56,0.76,0.56,0.76,2.0,0.24,0.98,0.98,3.9,4.0,9.0,0.98,0.24,17.0,2122
4.9,7.9,7.1,19,6,6,79.0,8.6,6,56.0,9,0.46,0.55,0.42,0.51,11.0,0.35,0.53,1.11,3.29,8.0,25.0,0.53,0.35,75.0,2223
2.4,4.9,4.9,12,6,6,36.0,5.7,6,22.0,7,0.5,0.59,0.5,0.59,2.0,0.62,0.72,1.23,2.26,5.0,21.0,0.72,0.62,47.0,2324
2.4,2.7,1.2,7,3,3,9.0,3.3,1,29.0,4,0.1,0.17,0.04,0.12,1.0,0.11,0.14,0.25,1.04,2.0,24.0,0.07,0.04,11.0,1920
0.3,2.4,0.8,5,1,1,9.0,2.5,0,17.0,2,0.09,0.16,0.03,0.1,0.0,0.04,0.08,0.19,0.65,2.0,13.0,0.04,0.0,11.0,2021
1.5,2.7,2.7,12,3,3,50.0,6.4,3,37.0,9,0.09,0.22,0.09,0.22,4.0,0.1,0.31,0.41,1.28,7.0,36.0,0.31,0.1,108.0,1819
2.3,1.5,1.5,13,3,3,33.0,4.9,3,30.0,10,0.07,0.22,0.07,0.22,1.0,0.14,0.45,0.59,1.35,4.0,32.0,0.45,0.14,83.0,1920
2.5,2.3,2.3,15,5,5,51.0,6.9,5,45.0,8,0.08,0.23,0.08,0.23,1.0,0.16,0.26,0.49,1.48,2.0,42.0,0.26,0.16,108.0,2021
4.2,2.5,1.7,10,2,2,50.0,6.8,1,26.0,10,0.11,0.34,0.07,0.3,1.0,0.09,0.44,0.44,1.15,3.0,30.0,0.4,0.04,87.0,2122
1.3,4.2,3.4,5,4,4,47.0,8.0,3,29.0,7,0.22,0.45,0.18,0.41,3.0,0.21,0.36,0.26,1.5,1.0,31.0,0.31,0.15,87.0,2223
1.6,1.3,1.3,10,2,2,49.0,6.8,2,25.0,8,0.07,0.37,0.07,0.37,2.0,0.11,0.43,0.53,1.33,4.0,12.0,0.43,0.11,85.0,2324
1.3,0.9,0.9,1,1,1,7.0,0.9,1,5.0,1,0.52,0.55,0.52,0.55,0.0,0.6,0.6,0.6,2.98,0.0,5.0,0.6,0.6,21.0,2223
0.1,1.3,1.3,3,3,3,5.0,1.4,3,8.0,3,0.26,0.28,0.26,0.28,0.0,0.62,0.62,0.62,1.64,1.0,20.0,0.62,0.62,20.0,2324
2.7,2.0,2.0,6,5,5,40.0,4.0,5,13.0,6,0.09,0.18,0.09,0.18,1.0,0.22,0.27,0.27,0.58,1.0,11.0,0.27,0.22,109.0,1819
0.4,0.8,0.8,2,1,1,23.0,1.6,1,12.0,1,0.05,0.1,0.05,0.1,1.0,0.06,0.06,0.12,0.75,0.0,7.0,0.06,0.06,23.0,2021
0.3,0.4,0.4,1,0,0,23.0,1.3,0,6.0,1,0.02,0.07,0.02,0.07,0.0,0.0,0.05,0.05,0.33,0.0,10.0,0.05,0.0,26.0,2122
0.7,0.3,0.3,1,0,0,5.0,0.5,0,6.0,0,0.03,0.05,0.03,0.05,1.0,0.0,0.0,0.1,0.6,0.0,3.0,0.0,0.0,12.0,2223
0.3,0.7,0.7,2,1,1,7.0,1.1,1,6.0,1,0.05,0.07,0.05,0.07,1.0,0.06,0.06,0.13,0.38,1.0,4.0,0.06,0.06,13.0,2324
0.3,0.2,0.2,1,0,0,6.0,0.7,0,5.0,0,0.03,0.11,0.03,0.11,0.0,0.0,0.0,0.15,0.76,0.0,8.0,0.0,0.0,25.0,1819
0.1,0.2,0.2,2,0,0,9.0,1.3,0,6.0,2,0.02,0.1,0.02,0.1,0.0,0.0,0.15,0.15,0.46,0.0,13.0,0.15,0.0,41.0,1819
0.1,0.1,0.1,1,0,0,1.0,0.1,0,2.0,0,0.04,0.04,0.04,0.04,0.0,0.0,0.0,0.43,0.86,0.0,1.0,0.0,0.0,0.0,1920
1.5,0.1,0.1,1,0,0,5.0,0.5,0,2.0,1,0.01,0.06,0.01,0.06,1.0,0.0,0.1,0.1,0.2,0.0,9.0,0.1,0.0,24.0,2021
0.9,1.5,1.5,6,2,2,21.0,2.6,2,13.0,2,0.06,0.1,0.06,0.1,3.0,0.08,0.08,0.23,0.5,2.0,23.0,0.08,0.08,68.0,2122
0.6,0.9,0.9,4,2,2,20.0,1.3,2,9.0,3,0.05,0.07,0.05,0.07,1.0,0.11,0.16,0.22,0.49,0.0,13.0,0.16,0.11,50.0,2223
2.7,0.6,0.6,3,1,1,14.0,0.9,1,8.0,1,0.03,0.04,0.03,0.04,3.0,0.05,0.05,0.15,0.39,0.0,7.0,0.05,0.05,32.0,2324
1.3,0.5,0.5,3,0,0,14.0,0.9,0,11.0,1,0.03,0.06,0.03,0.06,0.0,0.0,0.07,0.21,0.76,0.0,16.0,0.07,0.0,22.0,1819
0.8,1.3,1.3,5,1,1,22.0,2.4,1,16.0,1,0.11,0.19,0.11,0.19,1.0,0.08,0.08,0.4,1.28,0.0,5.0,0.08,0.08,26.0,1819
0.6,0.8,0.8,5,1,1,22.0,2.3,1,14.0,2,0.05,0.15,0.05,0.15,2.0,0.06,0.13,0.32,0.91,3.0,20.0,0.13,0.06,62.0,1920
3.0,8.8,8.8,22,8,8,95.0,10.8,8,52.0,8,0.49,0.6,0.49,0.6,6.0,0.44,0.44,1.22,2.88,7.0,76.0,0.44,0.44,130.0,2122
0.1,3.0,3.0,7,4,4,34.0,3.5,4,22.0,4,0.3,0.35,0.3,0.35,8.0,0.4,0.4,0.7,2.2,3.0,38.0,0.4,0.4,70.0,2223
0.6,0.7,0.7,5,0,0,34.0,2.1,0,11.0,0,0.03,0.11,0.03,0.11,4.0,0.0,0.0,0.26,0.57,1.0,15.0,0.0,0.0,103.0,1920
0.1,0.6,0.6,6,1,1,62.0,7.0,1,11.0,6,0.02,0.24,0.02,0.24,3.0,0.03,0.2,0.2,0.37,1.0,25.0,0.2,0.03,209.0,2021
1.1,0.1,0.1,1,0,0,15.0,3.7,0,6.0,3,0.01,0.21,0.01,0.21,3.0,0.0,0.17,0.06,0.34,0.0,11.0,0.17,0.0,69.0,2122
0.0,1.1,1.1,4,1,1,22.0,4.7,1,14.0,3,0.04,0.16,0.04,0.16,1.0,0.04,0.11,0.14,0.49,1.0,24.0,0.11,0.04,76.0,2223
0.1,0.3,0.3,3,1,1,16.0,1.0,1,7.0,1,0.03,0.09,0.03,0.09,0.0,0.09,0.09,0.28,0.65,1.0,15.0,0.09,0.09,45.0,2021
0.4,0.5,0.5,1,0,0,11.0,0.6,0,6.0,0,0.05,0.06,0.05,0.06,0.0,0.0,0.0,0.1,0.59,1.0,11.0,0.0,0.0,22.0,2324
4.6,4.7,4.7,11,4,4,61.0,5.7,4,32.0,4,0.33,0.4,0.33,0.4,11.0,0.28,0.28,0.78,2.27,4.0,34.0,0.28,0.28,66.0,2021
0.3,1.0,1.0,3,0,0,15.0,1.5,0,12.0,0,0.05,0.07,0.05,0.07,0.0,0.0,0.0,0.14,0.55,1.0,9.0,0.0,0.0,4.0,2021
5.5,1.4,1.4,7,1,1,28.0,1.6,1,12.0,1,0.34,0.4,0.34,0.4,4.0,0.24,0.24,1.71,2.93,1.0,20.0,0.24,0.24,41.0,1819
1.0,5.5,5.5,9,6,6,77.0,8.8,6,37.0,10,0.4,0.64,0.4,0.64,16.0,0.44,0.73,0.65,2.69,4.0,51.0,0.73,0.44,93.0,1920
0.1,1.0,1.0,2,0,0,10.0,1.3,0,4.0,0,0.29,0.39,0.29,0.39,4.0,0.0,0.0,0.61,1.22,0.0,12.0,0.0,0.0,16.0,2021
0.5,1.4,1.4,6,0,0,21.0,5.1,0,23.0,4,0.14,0.52,0.14,0.52,1.0,0.0,0.4,0.6,2.31,3.0,12.0,0.4,0.0,48.0,1920
0.1,0.5,0.5,3,1,1,8.0,1.3,1,8.0,2,0.07,0.18,0.07,0.18,0.0,0.14,0.27,0.41,1.09,1.0,14.0,0.27,0.14,20.0,2021
0.9,0.6,0.6,5,0,0,3.0,1.2,0,7.0,0,0.21,0.44,0.21,0.44,0.0,0.0,0.0,1.83,2.56,1.0,7.0,0.0,0.0,9.0,2122
4.9,5.0,4.3,15,2,2,48.0,5.6,1,41.0,4,0.37,0.47,0.31,0.41,4.0,0.15,0.29,1.09,2.99,6.0,35.0,0.22,0.07,97.0,1819
5.3,4.9,4.9,16,5,5,61.0,6.2,5,45.0,6,0.26,0.32,0.26,0.32,10.0,0.26,0.31,0.83,2.35,8.0,56.0,0.31,0.26,83.0,2223
0.8,1.1,1.1,6,0,0,19.0,2.0,0,18.0,0,0.08,0.15,0.08,0.15,1.0,0.0,0.0,0.45,1.36,4.0,27.0,0.0,0.0,25.0,2223
2.4,9.3,6.2,14,11,11,95.0,8.3,7,41.0,14,0.44,0.54,0.29,0.39,26.0,0.52,0.66,0.66,1.95,7.0,83.0,0.47,0.33,119.0,2021
11.0,2.4,2.4,13,2,2,52.0,3.8,2,22.0,3,0.2,0.32,0.2,0.32,14.0,0.17,0.25,1.1,1.85,2.0,53.0,0.25,0.17,63.0,2122
4.5,11.0,8.6,20,13,13,143.0,11.1,10,60.0,15,0.37,0.46,0.29,0.38,10.0,0.44,0.51,0.68,2.04,4.0,123.0,0.41,0.34,215.0,2223
8.6,4.5,3.7,12,3,3,89.0,5.4,2,31.0,6,0.26,0.36,0.22,0.31,21.0,0.17,0.35,0.7,1.8,4.0,65.0,0.29,0.12,143.0,2324
1.0,9.3,7.7,28,10,10,100.0,8.3,10,64.0,10,0.39,0.42,0.33,0.35,17.0,0.42,0.42,1.19,2.71,6.0,82.0,0.42,0.42,114.0,1920
7.2,3.3,3.3,11,3,3,43.0,5.1,3,26.0,4,0.39,0.59,0.39,0.59,8.0,0.35,0.46,1.27,3.01,3.0,38.0,0.46,0.35,63.0,2122
5.4,7.2,4.9,12,6,6,68.0,5.4,3,36.0,6,0.44,0.47,0.3,0.33,8.0,0.36,0.36,0.73,2.19,5.0,72.0,0.18,0.18,87.0,2223
0.4,1.1,1.1,6,2,2,27.0,2.8,2,19.0,3,0.07,0.18,0.07,0.18,3.0,0.13,0.19,0.39,1.23,2.0,31.0,0.19,0.13,46.0,2122
0.1,0.8,0.8,1,1,1,20.0,2.3,1,13.0,2,0.04,0.12,0.04,0.12,2.0,0.05,0.1,0.05,0.66,3.0,21.0,0.1,0.05,79.0,2324
0.2,0.9,0.9,1,1,1,23.0,2.7,1,7.0,3,0.04,0.12,0.04,0.12,3.0,0.05,0.14,0.05,0.32,0.0,23.0,0.14,0.05,90.0,2324
0.0,0.2,0.2,2,0,0,20.0,3.2,0,5.0,2,0.02,0.26,0.02,0.26,0.0,0.0,0.16,0.16,0.41,1.0,9.0,0.16,0.0,54.0,2425
5.4,0.5,0.5,2,0,0,17.0,0.9,0,5.0,0,0.1,0.21,0.1,0.21,1.0,0.0,0.0,0.45,1.12,0.0,8.0,0.0,0.0,42.0,2223
9.2,5.4,5.4,22,7,7,79.0,8.9,7,36.0,11,0.3,0.49,0.3,0.49,1.0,0.39,0.61,1.23,2.01,3.0,41.0,0.61,0.39,135.0,2324
0.0,0.4,0.4,1,0,0,11.0,0.8,0,7.0,1,0.06,0.12,0.06,0.12,0.0,0.0,0.15,0.15,1.08,1.0,8.0,0.15,0.0,6.0,2425
3.2,0.3,0.3,2,0,0,11.0,0.5,0,6.0,0,0.03,0.05,0.03,0.05,0.0,0.0,0.0,0.2,0.6,0.0,13.0,0.0,0.0,13.0,1920
2.5,2.5,2.5,15,3,3,34.0,3.8,3,28.0,3,0.07,0.11,0.07,0.11,1.0,0.09,0.09,0.44,0.82,1.0,53.0,0.09,0.09,89.0,2122
4.9,2.5,2.5,7,2,2,36.0,3.0,2,24.0,2,0.12,0.15,0.12,0.15,0.0,0.1,0.1,0.35,1.19,3.0,27.0,0.1,0.1,44.0,2223
4.1,4.9,4.1,13,7,7,72.0,7.1,6,41.0,10,0.22,0.35,0.18,0.32,3.0,0.31,0.45,0.58,1.83,7.0,39.0,0.4,0.27,129.0,2324
0.9,1.2,1.2,2,1,1,10.0,2.2,1,11.0,1,0.16,0.28,0.16,0.28,0.0,0.13,0.13,0.26,1.42,0.0,12.0,0.13,0.13,15.0,1819
0.6,0.9,0.9,4,0,0,8.0,1.7,0,12.0,1,0.14,0.27,0.14,0.27,0.0,0.0,0.16,0.65,1.94,1.0,11.0,0.16,0.0,11.0,1920
1.2,0.6,0.6,5,1,1,10.0,2.0,1,16.0,2,0.04,0.14,0.04,0.14,0.0,0.07,0.14,0.36,1.14,3.0,23.0,0.14,0.07,30.0,2021
0.4,1.2,1.2,4,2,2,24.0,4.3,2,22.0,5,0.07,0.23,0.07,0.23,0.0,0.11,0.27,0.22,1.19,0.0,31.0,0.27,0.11,46.0,2122
0.2,0.4,0.4,1,0,0,2.0,0.9,0,6.0,0,0.12,0.24,0.12,0.24,0.0,0.0,0.0,0.27,1.6,1.0,6.0,0.0,0.0,4.0,2223
0.5,0.6,0.6,1,1,1,6.0,1.1,1,3.0,1,0.22,0.43,0.22,0.43,0.0,0.4,0.4,0.4,1.19,0.0,6.0,0.4,0.4,5.0,2324
0.0,0.1,0.1,1,0,0,2.0,0.4,0,2.0,0,0.0,0.01,0.0,0.01,0.0,0.0,0.0,0.04,0.08,0.0,18.0,0.0,0.0,13.0,2021
1.0,0.8,0.8,1,0,0,7.0,1.2,0,8.0,0,0.05,0.08,0.05,0.08,0.0,0.0,0.0,0.07,0.54,1.0,9.0,0.0,0.0,17.0,1718
0.2,1.0,1.0,1,1,1,6.0,1.5,1,9.0,2,0.03,0.05,0.03,0.05,0.0,0.03,0.06,0.03,0.27,1.0,23.0,0.06,0.03,25.0,1819
0.0,0.2,0.2,1,1,1,4.0,0.3,1,4.0,1,0.02,0.02,0.02,0.02,0.0,0.06,0.06,0.06,0.25,0.0,9.0,0.06,0.06,2.0,1920
1.4,8.4,5.9,28,12,12,91.0,14.6,10,72.0,19,0.27,0.54,0.19,0.46,8.0,0.38,0.6,0.88,2.27,11.0,74.0,0.54,0.32,272.0,1718
0.2,0.7,0.7,4,1,1,14.0,0.8,1,8.0,1,0.04,0.05,0.04,0.05,2.0,0.06,0.06,0.25,0.5,0.0,13.0,0.06,0.06,10.0,2021
0.6,0.8,0.8,3,0,0,15.0,1.0,0,8.0,0,0.06,0.07,0.06,0.07,1.0,0.0,0.0,0.2,0.53,1.0,4.0,0.0,0.0,2.0,2223
0.6,0.6,0.6,1,0,0,11.0,0.7,0,5.0,1,0.03,0.04,0.03,0.04,0.0,0.0,0.06,0.06,0.28,3.0,7.0,0.06,0.0,1.0,2324
0.9,0.4,0.4,3,0,0,26.0,3.5,0,7.0,1,0.02,0.2,0.02,0.2,2.0,0.0,0.06,0.17,0.39,0.0,17.0,0.06,0.0,147.0,2223
6.5,8.1,8.1,19,7,7,104.0,8.7,7,58.0,7,0.34,0.36,0.34,0.36,16.0,0.29,0.29,0.79,2.42,6.0,92.0,0.29,0.29,162.0,2021
10.6,6.5,5.8,17,3,3,78.0,6.9,3,47.0,5,0.34,0.4,0.3,0.36,4.0,0.16,0.26,0.89,2.46,4.0,89.0,0.26,0.16,141.0,2122
3.4,10.6,9.1,24,12,12,125.0,11.2,10,73.0,15,0.36,0.43,0.31,0.38,22.0,0.41,0.51,0.81,2.47,7.0,122.0,0.44,0.34,179.0,2223
3.0,3.4,3.4,9,2,2,43.0,5.7,2,17.0,5,0.55,0.94,0.55,0.94,4.0,0.33,0.82,1.47,2.78,2.0,28.0,0.82,0.33,73.0,2324
0.1,3.0,3.0,8,2,2,62.0,5.1,2,29.0,5,0.24,0.4,0.24,0.4,14.0,0.16,0.39,0.63,2.27,2.0,37.0,0.39,0.16,100.0,2425
0.2,1.4,1.4,4,2,2,12.0,1.6,2,10.0,2,0.15,0.17,0.15,0.17,0.0,0.22,0.22,0.45,1.11,1.0,27.0,0.22,0.22,30.0,2122
1.0,0.0,0.0,1,0,0,5.0,0.3,0,1.0,0,0.01,0.11,0.01,0.11,0.0,0.0,0.0,0.43,0.43,0.0,7.0,0.0,0.0,16.0,2324
0.0,0.5,0.5,2,1,1,5.0,0.7,1,3.0,1,0.06,0.08,0.06,0.08,0.0,0.12,0.12,0.24,0.35,1.0,1.0,0.12,0.12,2.0,2223
0.0,1.1,1.1,1,0,0,20.0,1.4,0,11.0,0,0.39,0.51,0.39,0.51,2.0,0.0,0.0,0.36,3.91,0.0,9.0,0.0,0.0,19.0,2122
2.0,1.2,1.2,8,1,1,17.0,1.6,1,20.0,1,0.24,0.3,0.24,0.3,1.0,0.19,0.19,1.51,3.78,0.0,5.0,0.19,0.19,25.0,1819
8.1,2.0,2.0,12,4,4,41.0,3.2,4,30.0,6,0.23,0.36,0.23,0.36,3.0,0.44,0.67,1.33,3.33,0.0,20.0,0.67,0.44,70.0,1819
2.8,8.1,7.3,35,11,11,81.0,11.1,10,85.0,12,0.36,0.53,0.32,0.49,15.0,0.49,0.53,1.55,3.76,10.0,40.0,0.49,0.44,123.0,1920
3.9,2.8,2.0,12,3,3,27.0,3.9,2,28.0,5,0.29,0.48,0.21,0.4,3.0,0.31,0.52,1.24,2.9,3.0,18.0,0.41,0.21,38.0,2021
7.4,3.9,3.9,20,6,6,32.0,5.9,6,44.0,8,0.31,0.46,0.31,0.46,6.0,0.47,0.63,1.58,3.47,8.0,29.0,0.63,0.47,57.0,2122
0.8,2.9,2.9,5,1,1,41.0,3.6,1,28.0,2,0.11,0.14,0.11,0.14,4.0,0.04,0.08,0.19,1.08,3.0,26.0,0.08,0.04,35.0,1819
2.0,0.8,0.8,3,0,0,16.0,2.6,0,18.0,4,0.04,0.12,0.04,0.12,0.0,0.0,0.2,0.15,0.88,2.0,45.0,0.2,0.0,65.0,1819
0.6,2.0,2.0,6,0,0,27.0,2.2,0,19.0,0,0.09,0.1,0.09,0.1,3.0,0.0,0.0,0.27,0.87,1.0,24.0,0.0,0.0,25.0,1920
0.3,0.6,0.6,1,0,0,14.0,1.1,0,11.0,0,0.05,0.09,0.05,0.09,1.0,0.0,0.0,0.08,0.88,2.0,10.0,0.0,0.0,27.0,2021
1.5,0.2,0.2,2,0,0,2.0,0.4,0,9.0,0,0.02,0.04,0.02,0.04,0.0,0.0,0.0,0.21,0.93,0.0,17.0,0.0,0.0,12.0,1920
1.2,1.5,1.5,10,2,2,24.0,2.0,2,29.0,2,0.07,0.09,0.07,0.09,1.0,0.08,0.08,0.41,1.2,1.0,66.0,0.08,0.08,36.0,2122
3.4,1.2,1.2,8,1,1,31.0,2.4,1,24.0,1,0.07,0.14,0.07,0.14,3.0,0.06,0.06,0.46,1.38,6.0,41.0,0.06,0.06,56.0,2324
0.3,0.7,0.7,2,2,2,5.0,1.0,2,8.0,2,0.05,0.07,0.05,0.07,0.0,0.16,0.16,0.16,0.63,1.0,10.0,0.16,0.16,6.0,2122
0.0,0.3,0.3,2,1,1,4.0,1.0,1,7.0,1,0.03,0.12,0.03,0.12,0.0,0.13,0.13,0.25,0.89,1.0,6.0,0.13,0.13,6.0,2223
0.6,1.0,1.0,4,0,0,22.0,3.0,0,11.0,2,0.06,0.17,0.06,0.17,0.0,0.0,0.11,0.22,0.61,0.0,17.0,0.11,0.0,31.0,2324
0.4,0.1,0.1,1,0,0,17.0,1.4,0,3.0,4,0.01,0.13,0.01,0.13,0.0,0.0,0.37,0.09,0.28,0.0,18.0,0.37,0.0,54.0,2021
0.8,0.4,0.4,2,1,1,36.0,2.3,1,6.0,4,0.02,0.09,0.02,0.09,0.0,0.04,0.16,0.08,0.24,0.0,35.0,0.16,0.04,117.0,2122
0.5,0.8,0.8,3,0,0,43.0,2.8,0,10.0,2,0.03,0.12,0.03,0.12,2.0,0.0,0.08,0.13,0.42,0.0,27.0,0.08,0.0,105.0,2223
1.7,0.5,0.5,1,0,0,23.0,3.2,0,9.0,5,0.02,0.16,0.02,0.16,0.0,0.0,0.25,0.05,0.46,2.0,32.0,0.25,0.0,67.0,2324
2.9,1.0,1.0,1,0,0,5.0,3.1,0,18.0,0,0.06,0.18,0.06,0.18,1.0,0.0,0.0,0.06,1.05,1.0,19.0,0.0,0.0,31.0,1819
2.5,2.9,2.1,9,2,2,20.0,6.2,1,25.0,6,0.17,0.41,0.12,0.36,0.0,0.12,0.35,0.52,1.45,3.0,22.0,0.29,0.06,27.0,1920
5.7,2.5,2.5,8,1,1,32.0,7.6,1,30.0,7,0.09,0.27,0.09,0.27,2.0,0.04,0.25,0.28,1.07,0.0,40.0,0.25,0.04,68.0,2021
0.4,5.7,5.7,18,6,6,54.0,8.3,6,41.0,10,0.24,0.34,0.24,0.34,0.0,0.25,0.41,0.74,1.69,2.0,35.0,0.41,0.25,96.0,2122
0.5,0.4,0.4,2,0,0,7.0,1.5,0,8.0,1,0.04,0.16,0.04,0.16,1.0,0.0,0.11,0.22,0.87,0.0,7.0,0.11,0.0,22.0,2223
0.7,4.2,4.2,13,5,5,43.0,4.9,5,19.0,5,0.4,0.47,0.4,0.47,4.0,0.47,0.47,1.23,1.8,0.0,35.0,0.47,0.47,60.0,2021
0.2,0.7,0.7,2,1,1,8.0,1.0,1,3.0,2,0.16,0.24,0.16,0.24,0.0,0.24,0.49,0.49,0.73,0.0,13.0,0.49,0.24,25.0,2122
1.7,0.4,0.4,2,0,0,10.0,0.9,0,8.0,1,0.02,0.03,0.02,0.03,0.0,0.0,0.04,0.08,0.31,0.0,15.0,0.04,0.0,6.0,1920
1.9,1.7,1.7,4,2,2,29.0,2.0,2,19.0,2,0.06,0.08,0.06,0.08,0.0,0.08,0.08,0.15,0.73,3.0,9.0,0.08,0.08,7.0,2021
1.3,1.9,1.9,3,1,1,21.0,2.0,1,13.0,1,0.08,0.08,0.08,0.08,1.0,0.04,0.04,0.12,0.52,1.0,8.0,0.04,0.04,8.0,2122
1.6,1.9,1.9,5,2,2,27.0,2.4,2,15.0,2,0.07,0.09,0.07,0.09,0.0,0.07,0.07,0.18,0.54,3.0,14.0,0.07,0.07,36.0,2324
1.6,0.9,0.9,2,1,1,10.0,1.0,1,6.0,1,0.05,0.05,0.05,0.05,1.0,0.05,0.05,0.11,0.32,2.0,4.0,0.05,0.05,2.0,1819
0.8,1.6,1.6,2,1,1,19.0,1.8,1,14.0,1,0.1,0.12,0.1,0.12,2.0,0.07,0.07,0.13,0.92,4.0,5.0,0.07,0.07,4.0,1920
0.0,0.8,0.8,6,2,2,16.0,0.8,2,9.0,2,0.04,0.04,0.04,0.04,2.0,0.09,0.09,0.28,0.41,1.0,3.0,0.09,0.09,7.0,2021
2.2,1.1,1.1,4,1,1,18.0,2.0,1,11.0,2,0.15,0.26,0.15,0.26,0.0,0.13,0.26,0.52,1.44,3.0,15.0,0.26,0.13,28.0,1819
1.0,2.2,2.2,7,0,0,31.0,4.4,0,23.0,2,0.14,0.29,0.14,0.29,4.0,0.0,0.13,0.46,1.5,1.0,30.0,0.13,0.0,59.0,1920
3.7,1.0,1.0,3,1,1,14.0,1.8,1,12.0,2,0.15,0.29,0.15,0.29,3.0,0.16,0.32,0.48,1.91,1.0,14.0,0.32,0.16,20.0,2021
0.5,3.7,1.3,4,5,5,35.0,3.7,2,13.0,8,0.19,0.31,0.07,0.19,1.0,0.25,0.4,0.2,0.66,0.0,31.0,0.25,0.1,57.0,2122
2.1,1.3,1.3,9,0,0,84.0,4.5,0,15.0,3,0.05,0.16,0.05,0.16,7.0,0.0,0.11,0.32,0.53,3.0,39.0,0.11,0.0,267.0,1920
0.8,2.1,2.1,6,2,2,65.0,5.6,2,24.0,7,0.07,0.19,0.07,0.19,2.0,0.07,0.24,0.21,0.83,4.0,41.0,0.24,0.07,202.0,2021
0.3,0.8,0.8,6,3,3,38.0,2.8,3,12.0,6,0.04,0.15,0.04,0.15,4.0,0.16,0.32,0.32,0.65,0.0,24.0,0.32,0.16,107.0,2122
1.0,0.3,0.3,2,0,0,27.0,1.0,0,6.0,0,0.02,0.05,0.02,0.05,0.0,0.0,0.0,0.1,0.29,0.0,25.0,0.0,0.0,74.0,2223
0.1,1.0,1.0,2,0,0,18.0,2.3,0,8.0,2,0.06,0.13,0.06,0.13,1.0,0.0,0.11,0.11,0.43,2.0,19.0,0.11,0.0,104.0,2324
1.5,2.5,2.5,6,2,2,35.0,6.0,2,31.0,6,0.12,0.29,0.12,0.29,0.0,0.1,0.29,0.29,1.51,6.0,41.0,0.29,0.1,80.0,1819
3.7,1.5,1.5,5,0,0,33.0,6.1,0,32.0,5,0.05,0.21,0.05,0.21,0.0,0.0,0.17,0.17,1.11,3.0,40.0,0.17,0.0,57.0,1920
2.2,3.7,2.1,7,4,4,49.0,4.9,2,39.0,6,0.11,0.2,0.07,0.15,1.0,0.12,0.19,0.22,1.22,4.0,45.0,0.12,0.06,77.0,2021
1.5,2.2,2.2,3,3,3,28.0,3.5,3,21.0,6,0.09,0.15,0.09,0.15,2.0,0.12,0.25,0.12,0.87,3.0,26.0,0.25,0.12,32.0,2122
1.3,1.5,1.5,12,0,0,20.0,3.2,0,29.0,2,0.05,0.12,0.05,0.12,0.0,0.0,0.07,0.44,1.07,3.0,29.0,0.07,0.0,37.0,2223
1.8,1.3,1.3,3,1,1,22.0,2.7,1,24.0,5,0.04,0.08,0.04,0.08,2.0,0.03,0.15,0.09,0.72,2.0,19.0,0.15,0.03,26.0,2324
1.0,0.6,0.6,1,0,0,12.0,1.5,0,10.0,2,0.03,0.07,0.03,0.07,0.0,0.0,0.09,0.05,0.47,0.0,25.0,0.09,0.0,24.0,2324
0.8,0.9,0.9,2,1,1,9.0,1.4,1,6.0,1,0.06,0.09,0.06,0.09,0.0,0.07,0.07,0.13,0.4,2.0,7.0,0.07,0.07,3.0,2021
0.0,0.8,0.8,3,0,0,9.0,0.9,0,7.0,0,0.07,0.08,0.07,0.08,0.0,0.0,0.0,0.26,0.61,0.0,6.0,0.0,0.0,0.0,2122
0.4,1.2,1.2,7,2,2,27.0,4.1,2,19.0,4,0.07,0.23,0.07,0.23,2.0,0.11,0.22,0.39,1.05,3.0,35.0,0.22,0.11,172.0,1819
1.2,0.4,0.4,2,0,0,20.0,2.6,0,10.0,3,0.04,0.27,0.04,0.27,1.0,0.0,0.31,0.21,1.04,1.0,12.0,0.31,0.0,94.0,1920
0.5,1.2,1.2,9,1,1,37.0,4.7,1,21.0,6,0.06,0.24,0.06,0.24,4.0,0.05,0.31,0.46,1.08,2.0,33.0,0.31,0.05,139.0,2021
0.3,0.5,0.5,1,1,1,12.0,2.5,1,4.0,3,0.04,0.2,0.04,0.2,2.0,0.08,0.24,0.08,0.32,0.0,21.0,0.24,0.08,56.0,2122
0.6,2.5,2.5,4,3,3,30.0,4.5,3,23.0,4,0.09,0.16,0.09,0.16,1.0,0.11,0.14,0.14,0.82,2.0,19.0,0.14,0.11,11.0,1920
0.2,1.8,1.8,4,1,1,28.0,2.9,1,12.0,3,0.23,0.37,0.23,0.37,8.0,0.13,0.38,0.51,1.53,1.0,25.0,0.38,0.13,56.0,1920
2.2,2.0,2.0,2,1,1,78.0,5.2,1,22.0,3,0.08,0.2,0.08,0.2,8.0,0.04,0.11,0.08,0.84,4.0,49.0,0.11,0.04,200.0,1819
2.8,1.1,1.1,4,0,0,27.0,2.2,0,8.0,2,0.06,0.11,0.06,0.11,1.0,0.0,0.1,0.2,0.4,1.0,15.0,0.1,0.0,73.0,2324
0.0,0.7,0.7,5,1,1,18.0,1.6,1,20.0,1,0.06,0.13,0.06,0.13,0.0,0.08,0.08,0.41,1.62,4.0,22.0,0.08,0.08,87.0,1718
1.1,1.1,1.1,7,2,2,23.0,2.5,2,20.0,4,0.05,0.12,0.05,0.12,1.0,0.09,0.18,0.32,0.91,0.0,19.0,0.18,0.09,20.0,2324
1.5,1.1,1.1,6,3,3,17.0,1.7,3,13.0,3,0.11,0.18,0.11,0.18,0.0,0.32,0.32,0.64,1.39,1.0,9.0,0.32,0.32,6.0,2122
2.1,3.6,2.0,8,3,3,39.0,9.5,1,21.0,9,0.13,0.41,0.07,0.35,2.0,0.11,0.34,0.3,0.78,2.0,27.0,0.26,0.04,133.0,1819
1.9,2.1,2.1,9,3,3,46.0,6.1,3,31.0,6,0.08,0.22,0.08,0.22,1.0,0.11,0.21,0.32,1.11,1.0,22.0,0.21,0.11,91.0,1920
0.3,1.9,1.1,4,2,2,29.0,2.9,1,13.0,4,0.11,0.2,0.06,0.16,4.0,0.11,0.22,0.22,0.71,2.0,11.0,0.16,0.05,59.0,2021
1.1,0.3,0.3,1,1,1,8.0,0.7,1,5.0,1,0.06,0.13,0.06,0.13,1.0,0.18,0.18,0.18,0.89,0.0,5.0,0.18,0.18,8.0,2122
7.2,5.1,5.1,16,4,4,87.0,10.0,4,63.0,7,0.19,0.38,0.19,0.38,5.0,0.15,0.27,0.61,2.41,9.0,44.0,0.27,0.15,187.0,1819
7.6,7.2,7.2,24,9,9,68.0,12.9,9,70.0,16,0.26,0.46,0.26,0.46,3.0,0.32,0.58,0.86,2.52,5.0,36.0,0.58,0.32,169.0,1920
2.1,7.6,4.4,22,8,8,36.0,7.1,4,56.0,11,0.34,0.46,0.19,0.32,7.0,0.36,0.49,0.98,2.49,5.0,35.0,0.31,0.18,78.0,2021
0.0,2.1,2.1,6,1,1,29.0,3.8,1,20.0,2,0.21,0.38,0.21,0.38,0.0,0.1,0.2,0.6,1.99,2.0,12.0,0.2,0.1,54.0,2122
3.6,1.1,1.1,5,1,1,9.0,1.4,1,15.0,2,0.15,0.2,0.15,0.2,1.0,0.14,0.29,0.72,2.15,0.0,6.0,0.29,0.14,19.0,2223
1.8,3.6,2.8,19,4,4,56.0,4.6,3,46.0,7,0.16,0.25,0.13,0.21,1.0,0.18,0.32,0.87,2.11,5.0,23.0,0.28,0.14,69.0,2324
0.0,0.7,0.7,3,0,0,11.0,1.1,0,8.0,0,0.16,0.24,0.16,0.24,3.0,0.0,0.0,0.68,1.81,2.0,15.0,0.0,0.0,28.0,1819
2.3,1.9,1.9,12,2,2,39.0,5.0,2,35.0,4,0.1,0.24,0.1,0.24,5.0,0.1,0.19,0.58,1.7,4.0,27.0,0.19,0.1,151.0,1819
0.2,0.2,0.2,3,0,0,14.0,0.9,0,8.0,2,0.04,0.15,0.04,0.15,0.0,0.0,0.34,0.51,1.37,0.0,7.0,0.34,0.0,47.0,2122
3.2,1.0,1.0,6,2,2,15.0,4.4,2,25.0,3,0.03,0.15,0.03,0.15,0.0,0.07,0.1,0.2,0.85,1.0,45.0,0.1,0.07,29.0,1819
1.0,3.2,3.2,16,3,3,30.0,5.9,3,55.0,9,0.11,0.2,0.11,0.2,1.0,0.1,0.3,0.53,1.83,8.0,38.0,0.3,0.1,40.0,1920
1.3,1.0,1.0,4,2,2,8.0,5.4,2,25.0,8,0.04,0.19,0.04,0.19,0.0,0.07,0.28,0.14,0.87,1.0,26.0,0.28,0.07,32.0,2021
0.0,0.3,0.3,1,1,1,3.0,0.7,1,4.0,1,0.17,0.38,0.17,0.38,0.0,0.5,0.5,0.5,2.01,0.0,4.0,0.5,0.5,7.0,1920
4.1,4.5,4.5,22,6,6,80.0,10.9,6,56.0,12,0.22,0.53,0.22,0.53,3.0,0.29,0.59,1.07,2.73,3.0,32.0,0.59,0.29,209.0,1718
1.1,4.1,4.1,17,1,1,86.0,9.1,1,45.0,5,0.21,0.46,0.21,0.46,8.0,0.05,0.25,0.86,2.28,2.0,46.0,0.25,0.05,228.0,1819
3.8,1.1,1.1,5,3,3,13.0,2.6,3,8.0,4,0.31,0.68,0.31,0.68,1.0,0.8,1.07,1.34,2.14,1.0,4.0,1.07,0.8,31.0,1920
7.5,3.8,3.8,11,5,5,71.0,7.0,5,39.0,7,0.18,0.34,0.18,0.34,6.0,0.24,0.34,0.53,1.88,3.0,32.0,0.34,0.24,166.0,2021
6.3,7.5,7.5,32,10,10,79.0,9.9,10,64.0,10,0.39,0.52,0.39,0.52,2.0,0.52,0.52,1.66,3.33,9.0,19.0,0.52,0.52,143.0,2122
3.2,6.3,5.5,24,9,9,71.0,10.4,9,58.0,15,0.39,0.7,0.35,0.65,4.0,0.56,0.94,1.5,3.62,4.0,19.0,0.94,0.56,108.0,2223
4.4,3.2,3.2,10,4,4,38.0,9.0,4,27.0,9,0.26,0.73,0.26,0.73,0.0,0.32,0.73,0.81,2.18,1.0,13.0,0.73,0.32,92.0,2324
1.0,5.6,5.6,20,7,7,70.0,7.6,7,59.0,8,0.22,0.3,0.22,0.3,2.0,0.28,0.32,0.79,2.33,7.0,33.0,0.32,0.28,148.0,1819
0.9,1.0,1.0,4,1,1,28.0,2.3,1,20.0,2,0.09,0.21,0.09,0.21,0.0,0.09,0.18,0.37,1.84,4.0,19.0,0.18,0.09,67.0,1920
0.1,0.9,0.9,3,0,0,15.0,1.4,0,7.0,0,0.21,0.33,0.21,0.33,0.0,0.0,0.0,0.71,1.65,1.0,5.0,0.0,0.0,29.0,2122
0.0,1.3,1.3,8,0,0,17.0,1.7,0,19.0,0,0.12,0.16,0.12,0.16,0.0,0.0,0.0,0.72,1.71,2.0,12.0,0.0,0.0,30.0,2223
3.1,2.3,2.3,10,4,4,57.0,3.9,4,31.0,6,0.09,0.15,0.09,0.15,5.0,0.16,0.23,0.39,1.2,2.0,39.0,0.23,0.16,100.0,2324
0.4,1.1,1.0,2,0,0,35.0,2.6,0,11.0,2,0.06,0.16,0.06,0.16,3.0,0.0,0.12,0.12,0.66,2.0,32.0,0.12,0.0,78.0,1819
0.3,0.4,0.4,3,2,2,20.0,1.5,2,6.0,2,0.04,0.17,0.04,0.17,1.0,0.23,0.23,0.35,0.69,0.0,17.0,0.23,0.23,58.0,1920
0.4,0.9,0.9,3,1,1,14.0,2.6,1,12.0,4,0.04,0.11,0.04,0.11,0.0,0.04,0.16,0.12,0.49,1.0,19.0,0.16,0.04,80.0,1920
0.5,0.4,0.4,1,0,0,6.0,1.2,0,8.0,0,0.01,0.04,0.01,0.04,0.0,0.0,0.0,0.03,0.26,0.0,16.0,0.0,0.0,15.0,2021
0.8,5.5,5.5,15,4,4,94.0,9.3,4,61.0,7,0.19,0.33,0.19,0.33,3.0,0.14,0.25,0.53,2.14,7.0,35.0,0.25,0.14,115.0,1819
0.5,0.8,0.8,6,1,1,26.0,1.1,1,17.0,1,0.04,0.06,0.04,0.06,0.0,0.05,0.05,0.32,0.9,2.0,16.0,0.05,0.05,28.0,1920
10.2,8.7,8.0,23,11,11,96.0,10.7,10,46.0,16,0.53,0.69,0.48,0.65,7.0,0.66,0.96,1.38,2.77,5.0,31.0,0.9,0.6,98.0,1920
11.5,10.2,7.5,24,8,8,147.0,14.5,8,54.0,14,0.4,0.68,0.3,0.57,10.0,0.32,0.55,0.95,2.13,8.0,47.0,0.55,0.32,208.0,2021
6.5,5.1,4.3,10,6,6,61.0,6.9,5,36.0,10,0.34,0.51,0.29,0.46,3.0,0.4,0.67,0.67,2.39,9.0,29.0,0.6,0.33,78.0,2223
4.7,3.5,3.5,23,4,4,62.0,6.5,4,55.0,10,0.22,0.41,0.22,0.41,8.0,0.25,0.63,1.45,3.47,6.0,55.0,0.63,0.25,142.0,1819
5.1,4.7,4.7,20,4,4,56.0,7.1,4,64.0,7,0.19,0.28,0.19,0.28,3.0,0.16,0.28,0.79,2.53,3.0,105.0,0.28,0.16,110.0,1920
3.2,5.1,5.1,19,3,3,55.0,6.8,3,55.0,4,0.32,0.43,0.32,0.43,6.0,0.19,0.25,1.21,3.5,6.0,60.0,0.25,0.19,107.0,2021
3.7,3.2,3.2,17,5,5,51.0,4.9,5,44.0,6,0.17,0.26,0.17,0.26,5.0,0.26,0.32,0.9,2.32,4.0,69.0,0.32,0.26,97.0,2122
1.9,3.7,3.7,15,6,6,44.0,6.6,6,49.0,11,0.18,0.32,0.18,0.32,6.0,0.29,0.54,0.74,2.4,7.0,57.0,0.54,0.29,102.0,2223
0.0,1.1,1.1,2,1,1,37.0,1.5,1,9.0,1,0.18,0.24,0.18,0.24,4.0,0.16,0.16,0.32,1.45,1.0,21.0,0.16,0.16,40.0,1819
0.6,1.3,1.3,4,0,0,39.0,3.7,0,10.0,2,0.08,0.23,0.08,0.23,1.0,0.0,0.12,0.24,0.6,3.0,30.0,0.12,0.0,67.0,2021
0.8,0.6,0.6,2,2,2,33.0,2.9,2,7.0,4,0.03,0.14,0.03,0.14,1.0,0.09,0.19,0.09,0.33,0.0,28.0,0.19,0.09,63.0,2122
1.2,1.2,1.2,5,1,1,19.0,4.1,1,16.0,4,0.05,0.16,0.05,0.16,0.0,0.04,0.16,0.2,0.64,3.0,38.0,0.16,0.04,153.0,2122
0.3,1.2,1.2,5,3,3,26.0,5.5,3,21.0,5,0.05,0.26,0.05,0.26,1.0,0.14,0.24,0.24,0.99,3.0,29.0,0.24,0.14,94.0,2223
1.8,2.6,2.6,8,4,4,59.0,5.2,4,30.0,6,0.16,0.33,0.16,0.33,2.0,0.25,0.38,0.5,1.89,3.0,33.0,0.38,0.25,155.0,1920
2.8,1.8,1.8,9,2,2,38.0,3.2,2,22.0,2,0.17,0.3,0.17,0.3,2.0,0.19,0.19,0.84,2.06,5.0,13.0,0.19,0.19,74.0,2021
0.9,2.8,2.8,10,4,4,69.0,7.3,4,43.0,8,0.12,0.3,0.12,0.3,3.0,0.17,0.33,0.42,1.79,6.0,43.0,0.33,0.17,192.0,2122
0.1,0.9,0.9,2,1,1,11.0,1.2,1,6.0,1,0.07,0.09,0.07,0.09,0.0,0.08,0.08,0.15,0.46,1.0,8.0,0.08,0.08,13.0,2223
4.0,0.1,0.1,2,0,0,7.0,0.6,0,3.0,0,0.03,0.21,0.03,0.21,0.0,0.0,0.0,0.71,1.07,0.0,2.0,0.0,0.0,33.0,2324
1.5,3.0,3.0,8,1,1,42.0,5.6,1,30.0,4,0.28,0.52,0.28,0.52,4.0,0.09,0.37,0.74,2.77,3.0,26.0,0.37,0.09,62.0,2122
2.7,1.5,1.3,2,1,1,23.0,1.8,1,17.0,1,0.29,0.38,0.27,0.36,1.0,0.2,0.2,0.4,3.42,1.0,21.0,0.2,0.2,20.0,2223
1.5,0.1,0.1,1,0,0,2.0,0.3,0,1.0,0,0.01,0.04,0.01,0.04,1.0,0.0,0.0,0.17,0.17,0.0,4.0,0.0,0.0,6.0,1819
3.4,1.5,1.5,5,3,3,44.0,3.7,3,14.0,6,0.1,0.24,0.1,0.24,4.0,0.2,0.39,0.33,0.92,0.0,28.0,0.39,0.2,75.0,1920
0.7,3.4,3.4,22,12,12,107.0,9.0,12,49.0,23,0.1,0.28,0.1,0.28,6.0,0.37,0.7,0.67,1.49,4.0,42.0,0.7,0.37,215.0,2021
4.1,2.1,2.1,9,1,1,64.0,5.7,1,24.0,3,0.11,0.3,0.11,0.3,3.0,0.05,0.16,0.48,1.27,2.0,23.0,0.16,0.05,139.0,2223
0.8,4.1,4.1,19,6,6,82.0,9.7,6,30.0,10,0.14,0.34,0.14,0.34,19.0,0.21,0.35,0.67,1.05,2.0,28.0,0.35,0.21,179.0,2324
0.2,0.2,0.2,3,0,0,2.0,0.2,0,6.0,0,0.1,0.1,0.1,0.1,0.0,0.0,0.0,1.27,2.55,1.0,1.0,0.0,0.0,3.0,1819
0.8,2.0,2.0,4,4,4,20.0,3.7,4,13.0,9,0.08,0.15,0.08,0.15,0.0,0.16,0.36,0.16,0.52,2.0,19.0,0.36,0.16,4.0,2324
0.0,2.8,2.8,7,1,1,67.0,4.1,1,26.0,3,0.14,0.2,0.14,0.2,6.0,0.05,0.15,0.34,1.27,3.0,71.0,0.15,0.05,186.0,1819
0.7,0.8,0.8,2,0,0,33.0,1.6,0,13.0,2,0.05,0.1,0.05,0.1,2.0,0.0,0.12,0.12,0.79,1.0,51.0,0.12,0.0,97.0,2021
1.1,0.7,0.7,3,1,1,19.0,2.1,1,12.0,2,0.07,0.21,0.07,0.21,4.0,0.1,0.19,0.29,1.16,2.0,26.0,0.19,0.1,62.0,2122
0.8,1.1,1.1,1,1,1,22.0,2.2,1,7.0,1,0.16,0.31,0.16,0.31,3.0,0.14,0.14,0.14,0.98,0.0,17.0,0.14,0.14,56.0,2223
0.1,0.8,0.8,2,1,1,14.0,1.8,1,9.0,1,0.05,0.11,0.05,0.11,0.0,0.06,0.06,0.12,0.55,1.0,26.0,0.06,0.06,65.0,2324
3.3,4.0,3.2,13,3,3,40.0,5.3,3,37.0,8,0.18,0.28,0.15,0.24,5.0,0.14,0.37,0.6,1.7,6.0,71.0,0.37,0.14,107.0,2021
0.1,3.3,2.5,11,6,6,37.0,2.9,5,24.0,6,0.43,0.49,0.33,0.39,4.0,0.79,0.79,1.46,3.18,1.0,36.0,0.66,0.66,51.0,2122
19.2,10.7,10.7,39,10,10,139.0,15.7,10,84.0,16,0.41,0.6,0.41,0.6,15.0,0.39,0.62,1.5,3.24,6.0,81.0,0.62,0.39,225.0,1819
2.9,8.9,8.9,36,11,11,165.0,12.8,11,79.0,20,0.28,0.39,0.28,0.39,27.0,0.34,0.62,1.11,2.43,5.0,77.0,0.62,0.34,330.0,2021
15.4,2.9,2.9,12,4,4,69.0,5.0,4,22.0,6,0.21,0.36,0.21,0.36,15.0,0.29,0.44,0.87,1.6,2.0,39.0,0.44,0.29,118.0,2122
7.4,15.4,15.4,49,17,17,183.0,18.8,17,108.0,22,0.48,0.59,0.48,0.59,15.0,0.53,0.69,1.53,3.38,14.0,80.0,0.69,0.53,245.0,2223
3.1,7.4,5.8,19,7,7,130.0,8.1,5,60.0,9,0.29,0.38,0.23,0.32,12.0,0.28,0.36,0.75,2.38,7.0,59.0,0.28,0.2,185.0,2324
1.7,3.1,2.3,5,2,2,30.0,4.5,1,18.0,4,0.62,1.08,0.46,0.92,1.0,0.41,0.81,1.01,3.65,2.0,8.0,0.61,0.2,42.0,2425
5.5,3.9,3.9,16,3,3,94.0,9.1,3,53.0,7,0.17,0.39,0.17,0.39,3.0,0.13,0.3,0.68,2.25,5.0,53.0,0.3,0.13,171.0,2324
8.1,10.3,10.3,36,10,10,140.0,17.7,10,56.0,18,0.42,0.72,0.42,0.72,20.0,0.41,0.74,1.47,2.29,4.0,80.0,0.74,0.41,217.0,1920
4.6,8.1,8.1,21,8,8,109.0,10.5,8,58.0,11,0.42,0.55,0.42,0.55,18.0,0.42,0.57,1.09,3.02,10.0,65.0,0.57,0.42,162.0,2021
16.5,4.6,4.6,11,3,3,62.0,5.7,3,32.0,3,0.46,0.57,0.46,0.57,8.0,0.28,0.28,1.01,2.94,3.0,36.0,0.28,0.28,95.0,2122
14.3,16.5,16.5,44,13,13,175.0,21.8,13,92.0,19,0.59,0.78,0.59,0.78,18.0,0.47,0.68,1.58,3.29,7.0,112.0,0.68,0.47,170.0,2223
9.9,14.3,14.3,29,13,13,176.0,18.0,13,77.0,20,0.48,0.6,0.48,0.6,20.0,0.44,0.67,0.97,2.58,10.0,81.0,0.67,0.44,192.0,2324
2.6,12.6,11.8,40,18,18,111.0,14.7,17,97.0,22,0.45,0.56,0.42,0.53,23.0,0.65,0.79,1.44,3.48,10.0,61.0,0.75,0.61,127.0,1718
1.8,1.7,1.7,3,1,1,25.0,1.8,1,15.0,1,0.29,0.31,0.29,0.31,13.0,0.18,0.18,0.53,2.63,4.0,12.0,0.18,0.18,30.0,2021
3.1,5.5,5.5,16,8,8,32.0,6.2,8,43.0,8,0.53,0.6,0.53,0.6,4.0,0.77,0.77,1.54,4.15,5.0,10.0,0.77,0.77,38.0,1819
7.1,3.1,3.1,8,0,0,28.0,4.6,0,33.0,1,0.37,0.56,0.37,0.56,3.0,0.0,0.12,0.96,3.95,0.0,30.0,0.12,0.0,60.0,1819
0.0,7.1,7.1,25,5,5,49.0,7.8,5,72.0,5,0.46,0.5,0.46,0.5,7.0,0.32,0.32,1.6,4.62,7.0,34.0,0.32,0.32,59.0,1920
1.2,1.9,1.9,8,1,1,54.0,4.5,1,25.0,3,0.07,0.15,0.07,0.15,1.0,0.03,0.1,0.28,0.87,2.0,15.0,0.1,0.03,128.0,1819
0.9,1.2,1.2,1,0,0,40.0,2.4,0,14.0,2,0.06,0.11,0.06,0.11,0.0,0.0,0.09,0.05,0.64,2.0,16.0,0.09,0.0,80.0,1920
0.3,0.9,0.9,3,0,0,35.0,3.0,0,16.0,2,0.05,0.15,0.05,0.15,0.0,0.0,0.1,0.15,0.78,2.0,21.0,0.1,0.0,84.0,2021
2.0,4.7,4.7,16,7,7,82.0,10.9,7,28.0,14,0.25,0.59,0.25,0.59,12.0,0.38,0.75,0.86,1.51,3.0,45.0,0.75,0.38,182.0,1819
3.2,2.0,1.2,3,3,3,31.0,2.6,2,7.0,3,0.35,0.58,0.21,0.45,5.0,0.52,0.52,0.52,1.21,0.0,15.0,0.35,0.35,56.0,1920
2.9,2.9,2.9,6,3,3,42.0,5.9,3,13.0,5,0.13,0.26,0.13,0.26,1.0,0.13,0.22,0.26,0.57,2.0,34.0,0.22,0.13,118.0,2324
0.3,2.6,2.6,11,3,3,27.0,3.0,3,27.0,3,0.08,0.1,0.08,0.1,2.0,0.1,0.1,0.35,0.87,5.0,6.0,0.1,0.1,11.0,1819
1.1,0.3,0.3,2,0,0,8.0,0.4,0,3.0,0,0.02,0.03,0.02,0.03,2.0,0.0,0.0,0.15,0.22,2.0,4.0,0.0,0.0,2.0,1920
2.2,1.1,1.1,4,1,1,16.0,1.6,1,18.0,2,0.04,0.06,0.04,0.06,3.0,0.03,0.07,0.14,0.63,1.0,24.0,0.07,0.03,23.0,2021
2.1,2.2,2.2,4,2,2,27.0,2.9,2,17.0,3,0.1,0.14,0.1,0.14,1.0,0.1,0.14,0.19,0.82,4.0,10.0,0.14,0.1,21.0,2122
1.4,2.1,2.1,5,3,3,21.0,3.5,3,15.0,5,0.09,0.15,0.09,0.15,2.0,0.13,0.21,0.21,0.64,4.0,20.0,0.21,0.13,17.0,2223
0.4,1.4,1.4,4,0,0,24.0,2.2,0,17.0,1,0.05,0.08,0.05,0.08,1.0,0.0,0.04,0.14,0.6,2.0,21.0,0.04,0.0,61.0,2324
0.7,1.1,1.1,5,1,1,22.0,2.2,1,25.0,2,0.06,0.12,0.06,0.12,1.0,0.06,0.11,0.28,1.39,2.0,26.0,0.11,0.06,29.0,1819
2.0,0.7,0.7,2,1,1,11.0,1.5,1,19.0,1,0.04,0.08,0.04,0.08,0.0,0.05,0.05,0.11,1.0,2.0,26.0,0.05,0.05,15.0,2021
0.3,2.0,2.0,4,2,2,23.0,2.3,2,16.0,2,0.09,0.11,0.09,0.11,0.0,0.09,0.09,0.18,0.73,0.0,21.0,0.09,0.09,30.0,2122
0.3,0.3,0.3,2,0,0,4.0,0.6,0,9.0,1,0.02,0.04,0.02,0.04,1.0,0.0,0.07,0.14,0.62,0.0,13.0,0.07,0.0,9.0,2223
4.6,0.3,0.3,3,0,0,6.0,0.4,0,6.0,0,0.03,0.04,0.03,0.04,0.0,0.0,0.0,0.32,0.64,0.0,4.0,0.0,0.0,10.0,2223
1.4,4.6,4.6,18,4,4,51.0,6.2,4,48.0,5,0.14,0.19,0.14,0.19,8.0,0.12,0.15,0.55,1.46,4.0,33.0,0.15,0.12,49.0,2324
1.0,6.4,6.4,17,9,9,98.0,10.1,9,31.0,15,0.28,0.45,0.28,0.45,8.0,0.4,0.67,0.76,1.39,5.0,27.0,0.67,0.4,145.0,1819
4.3,9.5,9.5,17,9,9,101.0,13.3,9,58.0,14,0.35,0.5,0.35,0.5,1.0,0.34,0.52,0.63,2.16,8.0,44.0,0.52,0.34,88.0,1920
8.7,4.3,4.3,12,6,6,44.0,6.8,6,20.0,8,0.35,0.55,0.35,0.55,1.0,0.48,0.64,0.96,1.6,3.0,25.0,0.64,0.48,91.0,2021
5.7,8.7,8.7,20,13,13,109.0,14.4,13,49.0,19,0.39,0.65,0.39,0.65,6.0,0.58,0.85,0.9,2.2,6.0,59.0,0.85,0.58,142.0,2122
7.1,5.7,5.7,8,5,5,57.0,7.9,5,32.0,7,0.29,0.4,0.29,0.4,2.0,0.25,0.36,0.41,1.63,2.0,35.0,0.36,0.25,83.0,2223
6.6,7.1,5.5,16,6,6,57.0,9.6,4,38.0,12,0.31,0.49,0.24,0.42,6.0,0.26,0.53,0.7,1.67,5.0,34.0,0.44,0.18,74.0,2324
0.0,1.0,1.0,3,0,0,10.0,1.0,0,9.0,0,0.12,0.13,0.12,0.13,0.0,0.0,0.0,0.38,1.14,3.0,4.0,0.0,0.0,2.0,2122
9.0,1.5,1.5,6,1,1,18.0,2.4,1,17.0,1,0.14,0.22,0.14,0.22,3.0,0.09,0.09,0.55,1.57,1.0,28.0,0.09,0.09,71.0,2021
1.4,9.0,6.1,23,11,11,136.0,10.7,7,64.0,12,0.31,0.47,0.21,0.37,7.0,0.38,0.42,0.8,2.22,9.0,81.0,0.28,0.24,199.0,2223
3.7,1.4,1.4,6,1,1,49.0,4.9,1,21.0,5,0.1,0.32,0.1,0.32,4.0,0.07,0.33,0.4,1.4,4.0,24.0,0.33,0.07,107.0,2324
1.1,0.5,0.5,3,1,1,18.0,1.3,1,7.0,1,0.05,0.15,0.05,0.15,2.0,0.11,0.11,0.33,0.76,1.0,11.0,0.11,0.11,73.0,1819
3.2,1.1,1.1,2,1,1,41.0,3.4,1,14.0,4,0.07,0.22,0.07,0.22,1.0,0.06,0.26,0.13,0.89,2.0,36.0,0.26,0.06,96.0,1920
2.0,3.2,3.2,11,2,2,72.0,5.5,2,41.0,4,0.11,0.2,0.11,0.2,6.0,0.07,0.14,0.39,1.45,5.0,54.0,0.14,0.07,132.0,2021
1.2,2.0,2.0,10,3,3,55.0,2.9,3,20.0,4,0.13,0.2,0.13,0.2,4.0,0.2,0.27,0.68,1.36,6.0,16.0,0.27,0.2,112.0,2122
0.6,1.2,1.2,6,1,1,50.0,4.0,1,23.0,2,0.07,0.23,0.07,0.23,3.0,0.06,0.11,0.34,1.32,1.0,27.0,0.11,0.06,151.0,2223
0.7,0.6,0.6,1,0,0,22.0,2.2,0,9.0,1,0.04,0.17,0.04,0.17,1.0,0.0,0.08,0.08,0.69,1.0,19.0,0.08,0.0,79.0,2324
2.9,7.8,7.8,16,6,6,104.0,9.4,6,61.0,8,0.28,0.34,0.28,0.34,23.0,0.22,0.29,0.58,2.22,4.0,102.0,0.29,0.22,178.0,1819
2.9,3.7,0.5,4,5,5,21.0,2.4,1,13.0,10,0.14,0.22,0.02,0.09,1.0,0.2,0.39,0.16,0.51,1.0,27.0,0.24,0.04,47.0,1819
0.0,2.9,0.6,3,4,4,27.0,3.6,1,14.0,7,0.1,0.2,0.02,0.12,1.0,0.13,0.24,0.1,0.47,0.0,42.0,0.13,0.03,53.0,1920
6.5,4.7,4.7,15,2,2,66.0,6.3,2,39.0,3,0.3,0.4,0.3,0.4,11.0,0.13,0.19,0.96,2.49,2.0,57.0,0.19,0.13,94.0,1819
0.9,6.5,4.7,15,5,5,43.0,9.0,4,41.0,10,0.51,0.84,0.36,0.7,3.0,0.39,0.77,1.16,3.18,7.0,44.0,0.7,0.31,67.0,1920
3.2,0.9,0.9,2,0,0,14.0,1.1,0,7.0,0,0.23,0.28,0.23,0.28,2.0,0.0,0.0,0.51,1.78,1.0,16.0,0.0,0.0,23.0,1920
5.2,3.2,3.2,10,3,3,40.0,5.1,3,35.0,4,0.19,0.31,0.19,0.31,10.0,0.18,0.24,0.6,2.11,4.0,50.0,0.24,0.18,69.0,2021
0.1,5.2,5.2,20,5,5,89.0,11.9,5,70.0,13,0.23,0.53,0.23,0.53,11.0,0.22,0.58,0.89,3.11,5.0,71.0,0.58,0.22,160.0,2122
14.7,8.9,8.1,31,10,10,126.0,12.5,9,61.0,14,0.4,0.6,0.37,0.56,21.0,0.45,0.63,1.4,2.76,7.0,47.0,0.59,0.41,195.0,1819
7.2,14.7,12.5,32,14,14,154.0,16.3,12,89.0,15,0.49,0.62,0.42,0.54,14.0,0.47,0.5,1.07,2.97,9.0,81.0,0.43,0.4,221.0,2122
5.0,7.2,4.8,15,10,10,57.0,6.7,7,28.0,10,0.42,0.53,0.28,0.39,11.0,0.59,0.59,0.88,1.65,2.0,42.0,0.41,0.41,116.0,2223
3.3,5.0,5.0,9,5,5,41.0,7.6,5,17.0,8,0.56,0.85,0.56,0.85,8.0,0.56,0.9,1.01,1.91,1.0,22.0,0.9,0.56,77.0,2324
4.9,4.4,4.4,20,5,5,44.0,6.1,5,46.0,6,0.22,0.31,0.22,0.31,0.0,0.25,0.3,1.01,2.33,5.0,23.0,0.3,0.25,43.0,1819
0.3,0.4,0.4,4,2,2,13.0,1.7,2,9.0,4,0.04,0.21,0.04,0.21,0.0,0.24,0.49,0.49,1.1,0.0,9.0,0.49,0.24,46.0,1819
2.6,1.6,1.6,7,1,1,39.0,2.6,1,19.0,2,0.19,0.32,0.19,0.32,0.0,0.12,0.24,0.84,2.28,3.0,22.0,0.24,0.12,68.0,1819
2.0,2.6,2.6,11,3,3,43.0,4.5,3,29.0,5,0.17,0.29,0.17,0.29,2.0,0.19,0.32,0.7,1.84,0.0,45.0,0.32,0.19,102.0,2021
0.7,2.0,2.0,11,3,3,49.0,3.2,3,21.0,3,0.16,0.25,0.16,0.25,2.0,0.23,0.23,0.86,1.64,3.0,34.0,0.23,0.23,102.0,2122
1.9,0.2,0.2,2,1,1,4.0,0.2,1,6.0,1,0.05,0.05,0.05,0.05,0.0,0.27,0.27,0.54,1.62,0.0,8.0,0.27,0.27,4.0,1819
0.2,1.9,1.9,8,1,1,30.0,4.0,1,30.0,2,0.07,0.15,0.07,0.15,0.0,0.04,0.08,0.31,1.17,6.0,41.0,0.08,0.04,78.0,1920
0.3,0.7,0.7,1,0,0,5.0,1.3,0,4.0,0,0.04,0.06,0.04,0.06,0.0,0.0,0.0,0.05,0.2,1.0,8.0,0.0,0.0,1.0,1920
0.3,0.3,0.3,2,0,0,7.0,0.3,0,4.0,0,0.01,0.02,0.01,0.02,0.0,0.0,0.0,0.1,0.21,0.0,5.0,0.0,0.0,1.0,2021
2.2,1.9,1.9,3,3,3,17.0,2.6,3,11.0,4,0.11,0.16,0.11,0.16,0.0,0.18,0.24,0.18,0.67,2.0,8.0,0.24,0.18,9.0,1920
3.8,2.2,2.2,8,3,3,28.0,2.5,3,15.0,4,0.09,0.1,0.09,0.1,1.0,0.13,0.17,0.34,0.63,1.0,8.0,0.17,0.13,7.0,2021
0.3,2.1,2.1,4,2,2,39.0,2.6,2,18.0,2,0.07,0.09,0.07,0.09,0.0,0.07,0.07,0.13,0.6,3.0,12.0,0.07,0.07,15.0,2223
0.4,0.3,0.3,1,0,0,8.0,1.0,0,5.0,0,0.15,0.58,0.15,0.58,1.0,0.0,0.0,0.58,2.92,0.0,2.0,0.0,0.0,11.0,2324
4.0,1.0,1.0,3,1,1,15.0,1.3,1,12.0,1,0.05,0.06,0.05,0.06,1.0,0.05,0.05,0.14,0.56,1.0,30.0,0.05,0.05,14.0,2021
9.4,4.0,4.0,13,5,5,37.0,5.2,5,32.0,6,0.19,0.25,0.19,0.25,2.0,0.24,0.29,0.62,1.53,4.0,43.0,0.29,0.24,21.0,2122
6.2,9.4,9.4,23,7,7,94.0,12.5,7,68.0,10,0.31,0.42,0.31,0.42,2.0,0.23,0.33,0.77,2.27,5.0,53.0,0.33,0.23,87.0,2223
3.3,6.2,6.2,16,4,4,72.0,7.2,4,44.0,7,0.26,0.3,0.26,0.3,3.0,0.17,0.29,0.66,1.82,4.0,51.0,0.29,0.17,81.0,2324
1.2,1.8,1.0,7,2,2,25.0,3.0,1,27.0,5,0.05,0.11,0.03,0.09,1.0,0.06,0.15,0.21,0.82,2.0,19.0,0.12,0.03,40.0,1819
0.6,1.2,1.2,5,2,2,17.0,3.0,2,31.0,7,0.04,0.1,0.04,0.1,1.0,0.07,0.23,0.17,1.03,1.0,21.0,0.23,0.07,46.0,1920
2.0,0.6,0.6,3,1,1,13.0,1.6,1,17.0,2,0.02,0.05,0.02,0.05,0.0,0.03,0.06,0.09,0.51,0.0,17.0,0.06,0.03,34.0,2021
1.1,2.0,2.0,5,3,3,19.0,2.3,3,23.0,3,0.07,0.08,0.07,0.08,0.0,0.11,0.11,0.18,0.81,1.0,13.0,0.11,0.11,30.0,2122
0.6,1.1,1.1,5,3,3,21.0,2.9,3,19.0,4,0.03,0.09,0.03,0.09,1.0,0.09,0.12,0.15,0.58,1.0,16.0,0.12,0.09,23.0,2223
0.9,0.6,0.6,3,0,0,4.0,1.8,0,16.0,5,0.02,0.06,0.02,0.06,3.0,0.0,0.17,0.1,0.55,2.0,19.0,0.17,0.0,22.0,2324
0.1,0.8,0.8,1,1,1,9.0,1.5,1,3.0,2,0.03,0.07,0.03,0.07,1.0,0.04,0.09,0.04,0.13,0.0,24.0,0.09,0.04,49.0,1920
5.1,4.0,4.0,9,4,4,31.0,6.3,4,23.0,7,0.39,0.62,0.39,0.62,4.0,0.39,0.69,0.89,2.26,1.0,25.0,0.69,0.39,56.0,1718
7.1,2.7,2.7,8,1,1,24.0,3.2,1,13.0,1,0.59,0.71,0.59,0.71,1.0,0.22,0.22,1.77,2.87,2.0,7.0,0.22,0.22,30.0,1920
5.4,7.1,6.3,17,6,6,63.0,8.5,6,41.0,7,0.33,0.43,0.29,0.39,9.0,0.28,0.33,0.79,1.91,7.0,47.0,0.33,0.28,80.0,1920
0.9,5.4,4.6,7,2,2,70.0,6.9,2,22.0,4,0.41,0.59,0.35,0.53,15.0,0.15,0.31,0.54,1.69,1.0,32.0,0.31,0.15,91.0,2021
0.2,1.0,1.0,3,1,1,15.0,1.0,1,8.0,1,0.03,0.03,0.03,0.03,0.0,0.03,0.03,0.1,0.28,1.0,10.0,0.03,0.03,11.0,2324
0.0,5.8,5.8,17,4,4,56.0,7.5,4,28.0,6,0.63,0.81,0.63,0.81,8.0,0.43,0.65,1.85,3.04,4.0,28.0,0.65,0.43,97.0,1819
2.4,3.8,3.8,16,8,8,54.0,4.8,8,44.0,9,0.13,0.16,0.13,0.16,2.0,0.26,0.3,0.53,1.46,9.0,21.0,0.3,0.26,35.0,1920
0.0,1.5,1.5,4,1,1,5.0,1.5,1,9.0,1,0.2,0.21,0.2,0.21,1.0,0.14,0.14,0.55,1.24,0.0,12.0,0.14,0.14,12.0,2122
0.2,0.2,0.2,2,0,0,3.0,0.5,0,5.0,0,0.03,0.08,0.03,0.08,0.0,0.0,0.0,0.34,0.86,1.0,4.0,0.0,0.0,10.0,2223
0.1,0.2,0.2,1,0,0,1.0,0.2,0,3.0,0,0.03,0.03,0.03,0.03,0.0,0.0,0.0,0.16,0.48,1.0,8.0,0.0,0.0,5.0,2324
0.1,0.4,0.4,1,0,0,6.0,0.5,0,3.0,0,0.03,0.04,0.03,0.04,0.0,0.0,0.0,0.08,0.24,0.0,5.0,0.0,0.0,1.0,1819
6.1,3.9,3.9,10,2,2,77.0,5.1,2,38.0,3,0.2,0.27,0.2,0.27,5.0,0.11,0.16,0.53,2.01,5.0,54.0,0.16,0.11,127.0,2223
0.4,6.1,6.1,20,4,4,99.0,9.0,4,63.0,8,0.29,0.43,0.29,0.43,2.0,0.19,0.39,0.97,3.04,7.0,67.0,0.39,0.19,121.0,2324
1.6,4.1,4.1,16,9,9,60.0,6.6,9,36.0,9,0.25,0.4,0.25,0.4,5.0,0.55,0.55,0.97,2.18,7.0,22.0,0.55,0.55,116.0,1819
5.3,1.6,1.6,8,1,1,42.0,3.2,1,17.0,3,0.12,0.24,0.12,0.24,1.0,0.08,0.23,0.6,1.28,2.0,22.0,0.23,0.08,61.0,1920
13.9,5.3,4.6,17,9,9,121.0,8.2,8,46.0,16,0.2,0.33,0.17,0.3,9.0,0.33,0.59,0.63,1.7,8.0,78.0,0.55,0.3,188.0,2021
2.4,5.2,5.2,16,7,7,87.0,7.8,7,38.0,10,0.31,0.46,0.31,0.46,9.0,0.41,0.59,0.94,2.24,6.0,33.0,0.59,0.41,112.0,2324
0.7,3.0,3.0,16,4,4,62.0,9.5,4,50.0,10,0.11,0.34,0.11,0.34,0.0,0.14,0.36,0.57,1.78,4.0,54.0,0.36,0.14,121.0,1920
9.9,4.8,4.8,21,7,7,59.0,11.1,7,53.0,11,0.15,0.36,0.15,0.36,3.0,0.23,0.36,0.68,1.71,9.0,39.0,0.36,0.23,146.0,2122
0.1,0.3,0.3,1,0,0,4.0,0.4,0,4.0,0,0.05,0.05,0.05,0.05,0.0,0.0,0.0,0.14,0.57,0.0,6.0,0.0,0.0,5.0,1819
0.0,1.7,1.7,6,2,2,24.0,3.0,2,15.0,4,0.07,0.12,0.07,0.12,0.0,0.08,0.16,0.24,0.6,2.0,14.0,0.16,0.08,60.0,2021
0.2,1.2,1.2,4,0,0,19.0,3.3,0,11.0,1,0.2,0.54,0.2,0.54,2.0,0.0,0.16,0.66,1.8,0.0,14.0,0.16,0.0,58.0,2021
0.2,0.2,0.2,5,0,0,20.0,2.2,0,8.0,4,0.01,0.09,0.01,0.09,1.0,0.0,0.17,0.21,0.33,1.0,20.0,0.17,0.0,65.0,1718
0.1,1.5,1.5,3,0,0,35.0,3.3,0,8.0,1,0.07,0.16,0.07,0.16,4.0,0.0,0.05,0.14,0.38,1.0,34.0,0.05,0.0,117.0,1920
2.2,0.7,0.7,1,0,0,12.0,1.3,0,7.0,0,0.03,0.06,0.03,0.06,0.0,0.0,0.0,0.05,0.33,1.0,24.0,0.0,0.0,11.0,2021
1.9,2.2,2.2,9,2,2,31.0,2.8,2,20.0,3,0.08,0.1,0.08,0.1,3.0,0.07,0.1,0.31,0.69,1.0,27.0,0.1,0.07,23.0,2122
2.7,1.9,1.9,2,1,1,18.0,3.9,1,13.0,4,0.06,0.11,0.06,0.11,1.0,0.03,0.12,0.06,0.38,1.0,23.0,0.12,0.03,29.0,2223
2.6,2.7,2.7,11,4,4,32.0,4.1,4,22.0,5,0.09,0.14,0.09,0.14,0.0,0.14,0.17,0.37,0.75,4.0,26.0,0.17,0.14,27.0,2324
0.0,0.0,0.0,1,0,0,1.0,0.1,0,2.0,0,0.01,0.01,0.01,0.01,0.0,0.0,0.0,0.12,0.24,0.0,8.0,0.0,0.0,2.0,2021
0.2,0.9,0.9,3,0,0,50.0,3.5,0,14.0,2,0.05,0.17,0.05,0.17,4.0,0.0,0.1,0.15,0.68,1.0,52.0,0.1,0.0,177.0,2324
10.1,12.8,7.9,32,12,12,110.0,15.7,7,74.0,21,0.43,0.69,0.26,0.52,18.0,0.4,0.7,1.07,2.47,9.0,53.0,0.53,0.23,150.0,2324
1.1,0.3,0.3,1,0,0,9.0,0.3,0,5.0,0,0.05,0.05,0.05,0.05,1.0,0.0,0.0,0.15,0.75,0.0,2.0,0.0,0.0,4.0,2122
0.6,0.9,0.9,4,1,1,21.0,1.3,1,9.0,1,0.06,0.09,0.06,0.09,0.0,0.07,0.07,0.29,0.65,0.0,6.0,0.07,0.07,6.0,2223
0.4,0.6,0.6,2,0,0,17.0,0.7,0,12.0,0,0.03,0.04,0.03,0.04,0.0,0.0,0.0,0.11,0.69,2.0,10.0,0.0,0.0,4.0,2324
0.3,0.5,0.5,1,0,0,2.0,4.8,0,7.0,3,0.03,0.26,0.03,0.26,0.0,0.0,0.16,0.05,0.38,1.0,15.0,0.16,0.0,37.0,2122
0.0,1.2,1.2,4,1,1,27.0,4.0,1,17.0,2,0.05,0.17,0.05,0.17,0.0,0.04,0.08,0.17,0.72,2.0,37.0,0.08,0.04,81.0,2324
0.1,1.6,1.6,1,1,1,29.0,2.5,1,9.0,1,0.08,0.13,0.08,0.13,4.0,0.05,0.05,0.05,0.47,3.0,27.0,0.05,0.05,88.0,2021
0.0,3.9,3.9,15,8,8,71.0,5.3,8,32.0,9,0.14,0.19,0.14,0.19,12.0,0.28,0.32,0.53,1.14,2.0,69.0,0.32,0.28,121.0,2122
6.0,2.9,2.9,20,10,10,58.0,3.9,10,39.0,11,0.2,0.27,0.2,0.27,3.0,0.68,0.75,1.36,2.66,1.0,25.0,0.75,0.68,116.0,1920
4.3,6.0,6.0,23,7,7,100.0,8.2,7,67.0,9,0.29,0.4,0.29,0.4,4.0,0.35,0.44,1.14,3.31,8.0,35.0,0.44,0.35,175.0,2021
8.8,4.3,4.3,18,5,5,60.0,6.1,5,48.0,6,0.3,0.43,0.3,0.43,3.0,0.35,0.42,1.27,3.4,2.0,26.0,0.42,0.35,109.0,2122
16.3,8.8,6.4,31,8,8,124.0,11.0,6,99.0,14,0.3,0.45,0.22,0.37,1.0,0.27,0.47,1.05,3.35,11.0,63.0,0.41,0.2,239.0,2324
1.0,1.7,1.7,5,0,0,16.0,2.4,0,11.0,3,0.08,0.1,0.08,0.1,1.0,0.0,0.13,0.22,0.48,5.0,8.0,0.13,0.0,4.0,1920
1.3,1.0,1.0,3,1,1,8.0,1.7,1,5.0,1,0.04,0.07,0.04,0.07,1.0,0.04,0.04,0.12,0.2,0.0,14.0,0.04,0.04,36.0,2021
1.0,1.3,1.3,2,2,2,14.0,1.4,2,7.0,3,0.06,0.06,0.06,0.06,0.0,0.08,0.13,0.08,0.3,0.0,3.0,0.13,0.08,2.0,2122
8.0,6.3,5.5,25,6,6,127.0,13.7,5,81.0,11,0.2,0.45,0.17,0.43,4.0,0.19,0.34,0.78,2.52,7.0,56.0,0.31,0.16,225.0,2021
2.0,8.0,7.2,27,11,11,137.0,14.0,10,75.0,21,0.31,0.56,0.28,0.53,5.0,0.42,0.8,1.03,2.86,10.0,70.0,0.76,0.38,276.0,2122
0.4,2.0,2.0,9,3,3,56.0,5.0,3,33.0,5,0.11,0.27,0.11,0.27,1.0,0.16,0.27,0.49,1.8,2.0,36.0,0.27,0.16,114.0,2223
3.2,0.4,0.4,1,1,1,17.0,0.7,1,5.0,1,0.07,0.13,0.07,0.13,0.0,0.17,0.17,0.17,0.87,0.0,11.0,0.17,0.17,34.0,2324
0.7,2.1,2.1,4,2,2,31.0,3.9,2,12.0,3,0.09,0.16,0.09,0.16,2.0,0.08,0.13,0.17,0.51,2.0,32.0,0.13,0.08,90.0,2021
2.1,0.7,0.7,2,1,1,13.0,0.8,1,5.0,2,0.06,0.07,0.06,0.07,0.0,0.08,0.17,0.17,0.42,0.0,10.0,0.17,0.08,45.0,2122
2.2,0.4,0.4,2,0,0,6.0,0.8,0,9.0,1,0.03,0.07,0.03,0.07,0.0,0.0,0.09,0.18,0.82,1.0,19.0,0.09,0.0,16.0,1718
1.0,0.9,0.9,5,1,1,14.0,2.7,1,21.0,4,0.04,0.12,0.04,0.12,0.0,0.04,0.17,0.22,0.91,1.0,30.0,0.17,0.04,31.0,1920
1.6,1.0,1.0,4,0,0,15.0,2.7,0,23.0,1,0.05,0.13,0.05,0.13,0.0,0.0,0.05,0.2,1.14,1.0,26.0,0.05,0.0,37.0,2021
1.8,1.6,1.6,6,2,2,15.0,4.7,2,22.0,7,0.09,0.27,0.09,0.27,0.0,0.12,0.4,0.35,1.27,3.0,18.0,0.4,0.12,37.0,2122
1.3,1.8,1.8,1,1,1,12.0,3.9,1,23.0,3,0.09,0.2,0.09,0.2,0.0,0.05,0.16,0.05,1.21,4.0,26.0,0.16,0.05,30.0,2223
1.9,1.3,1.3,5,1,1,16.0,2.9,1,22.0,1,0.07,0.17,0.07,0.17,0.0,0.06,0.06,0.29,1.28,4.0,16.0,0.06,0.06,38.0,2324
0.8,3.6,3.6,8,2,2,25.0,3.8,2,18.0,3,0.13,0.14,0.13,0.14,0.0,0.07,0.11,0.29,0.65,3.0,6.0,0.11,0.07,4.0,1819
0.1,0.4,0.4,1,0,0,1.0,0.8,0,2.0,1,0.18,0.38,0.18,0.38,0.0,0.0,0.46,0.46,0.91,0.0,1.0,0.46,0.0,15.0,1920
0.4,0.0,0.0,1,0,0,2.0,0.1,0,1.0,0,0.03,0.09,0.03,0.09,1.0,0.0,0.0,0.82,0.82,0.0,2.0,0.0,0.0,4.0,2324
0.2,2.8,2.8,18,1,1,53.0,5.0,1,42.0,3,0.12,0.22,0.12,0.22,2.0,0.04,0.13,0.78,1.82,4.0,39.0,0.13,0.04,129.0,2122
3.3,4.2,4.2,10,2,2,48.0,4.9,2,34.0,2,0.44,0.52,0.44,0.52,5.0,0.21,0.21,1.06,3.59,2.0,28.0,0.21,0.21,75.0,1819
2.0,3.3,3.3,15,5,5,24.0,3.8,5,35.0,5,0.4,0.46,0.4,0.46,2.0,0.6,0.6,1.81,4.23,3.0,17.0,0.6,0.6,30.0,1920
8.4,2.0,2.0,7,0,0,21.0,2.9,0,16.0,1,0.64,0.93,0.64,0.93,3.0,0.0,0.32,2.26,5.16,4.0,10.0,0.32,0.0,13.0,1920
5.8,8.4,6.1,31,7,7,85.0,10.6,5,67.0,11,0.35,0.54,0.25,0.44,5.0,0.29,0.46,1.3,2.81,7.0,72.0,0.38,0.21,137.0,2021
0.3,5.8,5.8,14,6,6,60.0,8.0,6,37.0,10,0.49,0.68,0.49,0.68,1.0,0.51,0.85,1.19,3.13,3.0,33.0,0.85,0.51,61.0,2122
9.5,1.4,1.4,8,0,0,22.0,2.2,0,12.0,2,0.34,0.53,0.34,0.53,1.0,0.0,0.48,1.91,2.86,2.0,9.0,0.48,0.0,19.0,2223
8.6,9.5,8.7,36,12,12,121.0,11.9,11,72.0,19,0.35,0.47,0.32,0.44,4.0,0.44,0.7,1.33,2.66,8.0,80.0,0.66,0.41,139.0,2324
2.3,2.9,2.9,12,4,4,31.0,4.6,4,25.0,5,0.13,0.21,0.13,0.21,1.0,0.18,0.23,0.55,1.16,2.0,28.0,0.23,0.18,68.0,2223
0.1,0.8,0.8,4,0,0,36.0,2.0,0,9.0,2,0.11,0.27,0.11,0.27,2.0,0.0,0.27,0.54,1.23,1.0,19.0,0.27,0.0,58.0,2324
7.3,2.3,2.3,10,3,3,18.0,3.7,3,29.0,5,0.16,0.27,0.16,0.27,1.0,0.22,0.37,0.73,2.12,2.0,34.0,0.37,0.22,73.0,1819
0.1,2.7,2.7,9,2,2,41.0,3.7,2,22.0,2,0.26,0.35,0.26,0.35,4.0,0.19,0.19,0.86,2.1,3.0,34.0,0.19,0.19,92.0,1819
2.9,0.1,0.1,1,0,0,4.0,0.2,0,4.0,0,0.06,0.08,0.06,0.08,0.0,0.0,0.0,0.38,1.53,0.0,5.0,0.0,0.0,10.0,1819
0.2,0.7,0.7,7,3,3,21.0,4.7,3,14.0,6,0.03,0.19,0.03,0.19,2.0,0.12,0.25,0.29,0.57,0.0,31.0,0.25,0.12,66.0,2324
0.9,0.1,0.1,1,1,1,5.0,0.4,1,2.0,1,0.02,0.07,0.02,0.07,0.0,0.17,0.17,0.17,0.35,1.0,1.0,0.17,0.17,1.0,2122
0.7,0.9,0.9,1,0,0,12.0,1.1,0,5.0,0,0.07,0.09,0.07,0.09,2.0,0.0,0.0,0.08,0.41,0.0,3.0,0.0,0.0,1.0,2223
2.6,2.1,2.1,10,4,4,27.0,2.7,4,28.0,5,0.13,0.16,0.13,0.16,2.0,0.25,0.31,0.61,1.72,2.0,37.0,0.31,0.25,87.0,2021
1.4,2.6,2.6,6,4,4,19.0,4.1,4,19.0,6,0.23,0.35,0.23,0.35,1.0,0.35,0.52,0.52,1.64,2.0,21.0,0.52,0.35,73.0,2122
3.5,1.4,1.4,9,2,2,41.0,3.0,2,21.0,3,0.1,0.21,0.1,0.21,1.0,0.14,0.21,0.64,1.5,1.0,24.0,0.21,0.14,98.0,2223
3.3,3.5,3.5,16,3,3,45.0,5.2,3,36.0,5,0.27,0.4,0.27,0.4,6.0,0.23,0.38,1.21,2.73,1.0,28.0,0.38,0.23,95.0,2324
0.3,0.9,0.9,5,1,1,29.0,1.9,1,13.0,1,0.08,0.16,0.08,0.16,1.0,0.08,0.08,0.42,1.09,1.0,24.0,0.08,0.08,50.0,1819
2.7,2.7,1.9,12,1,1,26.0,4.0,0,38.0,3,0.26,0.47,0.18,0.39,1.0,0.1,0.29,1.17,3.7,4.0,23.0,0.19,0.0,75.0,1920
0.4,2.7,2.7,21,4,4,44.0,5.3,4,60.0,6,0.12,0.23,0.12,0.23,5.0,0.17,0.26,0.91,2.6,1.0,57.0,0.26,0.17,111.0,2021
1.5,0.4,0.4,2,0,0,6.0,0.5,0,6.0,0,0.19,0.24,0.19,0.24,0.0,0.0,0.0,0.94,2.81,0.0,4.0,0.0,0.0,13.0,2122
1.4,2.3,2.3,9,4,4,36.0,4.6,4,14.0,7,0.1,0.21,0.1,0.21,7.0,0.19,0.32,0.42,0.65,3.0,31.0,0.32,0.19,105.0,1819
2.7,1.4,1.4,3,1,1,18.0,2.4,1,13.0,2,0.07,0.12,0.07,0.12,2.0,0.05,0.1,0.15,0.66,1.0,24.0,0.1,0.05,66.0,1920
1.7,2.5,2.5,9,4,4,79.0,7.4,4,23.0,6,0.09,0.27,0.09,0.27,19.0,0.15,0.22,0.33,0.84,0.0,90.0,0.22,0.15,256.0,1819
3.7,2.7,2.7,11,5,5,37.0,3.3,5,20.0,5,0.58,0.72,0.58,0.72,4.0,1.08,1.08,2.37,4.32,3.0,24.0,1.08,1.08,59.0,2223
3.0,3.7,3.7,18,7,7,80.0,6.0,7,43.0,12,0.32,0.52,0.32,0.52,3.0,0.6,1.03,1.54,3.69,8.0,37.0,1.03,0.6,122.0,2324
0.6,0.4,0.4,3,0,0,24.0,1.3,0,6.0,1,0.04,0.12,0.04,0.12,1.0,0.0,0.09,0.27,0.54,1.0,18.0,0.09,0.0,41.0,1819
2.5,0.6,0.6,1,0,0,30.0,1.4,0,6.0,1,0.03,0.07,0.03,0.07,3.0,0.0,0.05,0.05,0.29,0.0,28.0,0.05,0.0,30.0,1920
2.4,2.5,2.5,4,0,0,62.0,4.6,0,19.0,0,0.09,0.16,0.09,0.16,2.0,0.0,0.0,0.14,0.65,1.0,37.0,0.0,0.0,59.0,2021
0.5,0.7,0.7,4,2,2,40.0,2.8,2,9.0,4,0.04,0.16,0.04,0.16,2.0,0.11,0.22,0.22,0.49,1.0,22.0,0.22,0.11,68.0,2223
1.1,0.5,0.5,1,1,1,41.0,1.4,1,12.0,2,0.03,0.08,0.03,0.08,1.0,0.06,0.11,0.06,0.69,3.0,13.0,0.11,0.06,93.0,2324
0.4,1.1,1.1,3,0,0,12.0,1.3,0,12.0,0,0.07,0.09,0.07,0.09,0.0,0.0,0.0,0.2,0.79,2.0,0.0,0.0,0.0,0.0,1920
1.9,2.4,2.4,5,1,1,25.0,3.4,1,19.0,2,0.12,0.17,0.12,0.17,1.0,0.05,0.1,0.25,0.96,2.0,8.0,0.1,0.05,6.0,1819
0.9,4.6,4.6,16,5,5,45.0,5.4,5,30.0,5,0.15,0.17,0.15,0.17,7.0,0.16,0.16,0.51,0.96,2.0,9.0,0.16,0.16,7.0,2021
2.2,0.9,0.9,3,1,1,15.0,1.6,1,12.0,3,0.05,0.08,0.05,0.08,1.0,0.05,0.15,0.15,0.61,2.0,12.0,0.15,0.05,4.0,2122
3.2,2.2,2.2,3,1,1,31.0,3.3,1,17.0,1,0.1,0.15,0.1,0.15,2.0,0.04,0.04,0.13,0.76,4.0,4.0,0.04,0.04,6.0,2223
0.5,3.2,3.2,6,3,3,20.0,4.1,3,16.0,3,0.18,0.23,0.18,0.23,0.0,0.17,0.17,0.34,0.91,3.0,7.0,0.17,0.17,1.0,2324
0.4,6.9,6.9,15,4,4,89.0,9.1,4,35.0,7,0.22,0.29,0.22,0.29,3.0,0.13,0.22,0.48,1.11,10.0,47.0,0.22,0.13,155.0,1920
2.5,0.4,0.4,1,0,0,15.0,1.1,0,3.0,2,0.03,0.08,0.03,0.08,0.0,0.0,0.15,0.07,0.22,0.0,19.0,0.15,0.0,68.0,2021
0.8,2.5,2.5,6,2,2,32.0,4.5,2,16.0,6,0.25,0.46,0.25,0.46,0.0,0.21,0.62,0.62,1.65,5.0,17.0,0.62,0.21,80.0,2122
0.0,0.8,0.8,2,1,1,24.0,1.0,1,10.0,1,0.1,0.14,0.1,0.14,0.0,0.13,0.13,0.27,1.35,2.0,12.0,0.13,0.13,57.0,2223
1.0,0.8,0.8,3,1,1,31.0,2.2,1,9.0,1,0.07,0.17,0.07,0.17,5.0,0.08,0.08,0.23,0.7,0.0,17.0,0.08,0.08,64.0,2324
1.7,5.1,3.6,8,2,2,50.0,8.9,1,39.0,10,0.16,0.32,0.11,0.27,1.0,0.06,0.31,0.25,1.2,5.0,45.0,0.28,0.03,131.0,1819
0.4,1.7,0.9,7,2,2,14.0,3.2,2,25.0,3,0.12,0.28,0.06,0.22,0.0,0.14,0.21,0.48,1.71,2.0,20.0,0.21,0.14,43.0,1920
0.7,0.4,0.4,1,0,0,10.0,2.6,0,11.0,2,0.03,0.17,0.03,0.17,1.0,0.0,0.13,0.07,0.73,1.0,12.0,0.13,0.0,42.0,2021
0.0,0.7,0.7,1,0,0,7.0,2.7,0,10.0,2,0.05,0.18,0.05,0.18,0.0,0.0,0.13,0.07,0.67,2.0,11.0,0.13,0.0,40.0,2122
0.4,0.5,0.5,3,1,1,28.0,2.8,1,11.0,4,0.04,0.21,0.04,0.21,1.0,0.08,0.3,0.23,0.83,2.0,7.0,0.3,0.08,89.0,1819
0.3,0.4,0.4,4,1,1,26.0,3.0,1,7.0,3,0.02,0.12,0.02,0.12,0.0,0.04,0.12,0.16,0.27,1.0,16.0,0.12,0.04,81.0,1920
4.7,0.4,0.4,1,0,0,16.0,0.8,0,6.0,0,0.14,0.28,0.14,0.28,5.0,0.0,0.0,0.35,2.11,1.0,13.0,0.0,0.0,33.0,2223
2.7,4.7,4.7,12,4,4,78.0,7.6,4,40.0,7,0.24,0.38,0.24,0.38,13.0,0.2,0.35,0.6,2.01,6.0,56.0,0.35,0.2,138.0,2324
0.8,0.0,0.0,1,0,0,0.0,0.1,0,1.0,0,0.01,0.02,0.01,0.02,1.0,0.0,0.0,0.2,0.2,0.0,3.0,0.0,0.0,18.0,1819
1.5,0.8,0.8,2,1,1,29.0,1.7,1,8.0,2,0.03,0.06,0.03,0.06,3.0,0.03,0.07,0.07,0.27,1.0,22.0,0.07,0.03,95.0,1920
0.0,1.5,1.5,4,3,3,26.0,2.4,3,9.0,6,0.12,0.19,0.12,0.19,2.0,0.23,0.47,0.31,0.7,1.0,7.0,0.47,0.23,79.0,2021
1.0,0.7,0.7,4,2,2,29.0,2.7,2,8.0,3,0.04,0.16,0.04,0.16,0.0,0.12,0.18,0.24,0.48,2.0,15.0,0.18,0.12,96.0,2122
1.2,1.0,1.0,1,1,1,23.0,2.9,1,7.0,3,0.04,0.13,0.04,0.13,3.0,0.04,0.13,0.04,0.31,0.0,14.0,0.13,0.04,96.0,2223
1.9,1.2,1.2,5,2,2,27.0,3.0,2,10.0,3,0.04,0.11,0.04,0.11,1.0,0.07,0.11,0.19,0.37,2.0,18.0,0.11,0.07,82.0,2324
1.1,1.6,1.6,5,2,2,21.0,1.9,2,11.0,3,0.11,0.14,0.11,0.14,0.0,0.14,0.21,0.35,0.78,2.0,5.0,0.21,0.14,2.0,2324
0.0,0.5,0.5,1,0,0,6.0,0.7,0,6.0,0,0.03,0.05,0.03,0.05,0.0,0.0,0.0,0.07,0.44,1.0,7.0,0.0,0.0,2.0,2122
2.4,4.9,4.9,12,7,7,76.0,6.7,7,30.0,7,0.18,0.24,0.18,0.24,6.0,0.25,0.25,0.43,1.08,4.0,60.0,0.25,0.25,140.0,1920
2.4,2.4,2.4,10,2,2,63.0,4.9,2,22.0,4,0.13,0.27,0.13,0.27,1.0,0.11,0.22,0.55,1.2,3.0,35.0,0.22,0.11,104.0,2021
5.1,2.4,2.4,9,1,1,54.0,3.8,1,28.0,2,0.15,0.24,0.15,0.24,4.0,0.06,0.13,0.56,1.75,2.0,41.0,0.13,0.06,102.0,2122
6.3,5.1,2.8,6,5,5,51.0,4.9,2,25.0,8,0.16,0.22,0.08,0.15,1.0,0.15,0.25,0.18,0.77,0.0,62.0,0.15,0.06,88.0,2223
0.7,4.6,4.6,23,5,5,92.0,10.2,5,79.0,11,0.16,0.36,0.16,0.36,2.0,0.18,0.39,0.81,2.79,7.0,49.0,0.39,0.18,303.0,1819
1.5,0.7,0.7,4,0,0,18.0,1.4,0,15.0,0,0.23,0.49,0.23,0.49,1.0,0.0,0.0,1.39,5.21,2.0,5.0,0.0,0.0,29.0,1920
5.2,1.5,1.5,8,2,2,30.0,3.0,2,19.0,4,0.18,0.37,0.18,0.37,0.0,0.24,0.48,0.97,2.3,2.0,14.0,0.48,0.24,77.0,1920
2.6,5.2,5.2,19,9,9,77.0,9.1,9,63.0,13,0.25,0.43,0.25,0.43,0.0,0.42,0.61,0.9,2.97,4.0,46.0,0.61,0.42,197.0,2021
4.1,2.6,2.6,11,3,3,81.0,5.6,3,42.0,7,0.14,0.31,0.14,0.31,4.0,0.16,0.38,0.6,2.29,5.0,31.0,0.38,0.16,191.0,2122
7.1,4.1,1.7,6,3,3,57.0,5.4,1,30.0,6,0.32,0.6,0.13,0.41,1.0,0.23,0.46,0.46,2.32,6.0,31.0,0.31,0.08,138.0,2223
3.1,7.1,4.8,15,8,8,86.0,11.4,6,72.0,15,0.27,0.52,0.18,0.43,2.0,0.31,0.57,0.57,2.75,14.0,45.0,0.5,0.23,216.0,2324
0.5,0.6,0.6,1,0,0,17.0,1.5,0,10.0,1,0.06,0.16,0.06,0.16,0.0,0.0,0.11,0.11,1.09,0.0,7.0,0.11,0.0,65.0,2223
0.2,0.5,0.5,4,0,0,25.0,2.3,0,12.0,4,0.02,0.08,0.02,0.08,2.0,0.0,0.15,0.15,0.44,1.0,29.0,0.15,0.0,132.0,2324
0.0,0.1,0.1,1,0,0,2.0,1.0,0,4.0,3,0.01,0.1,0.01,0.1,0.0,0.0,0.29,0.1,0.39,0.0,8.0,0.29,0.0,2.0,1920
0.2,3.8,3.8,8,6,6,43.0,4.6,6,20.0,7,0.26,0.32,0.26,0.32,8.0,0.41,0.48,0.55,1.38,3.0,40.0,0.48,0.41,69.0,2021
1.9,2.0,2.0,14,1,1,44.0,3.9,1,31.0,1,0.08,0.15,0.08,0.15,2.0,0.04,0.04,0.54,1.18,5.0,11.0,0.04,0.04,40.0,2122
2.8,1.4,1.4,4,0,0,17.0,2.8,0,7.0,2,0.07,0.13,0.07,0.13,0.0,0.0,0.09,0.19,0.33,1.0,8.0,0.09,0.0,20.0,2324
0.6,0.7,0.7,1,0,0,4.0,1.0,0,3.0,1,0.06,0.09,0.06,0.09,0.0,0.0,0.08,0.08,0.25,0.0,9.0,0.08,0.0,17.0,1920
0.5,0.6,0.6,4,0,0,19.0,3.3,0,13.0,3,0.03,0.17,0.03,0.17,0.0,0.0,0.16,0.21,0.68,2.0,32.0,0.16,0.0,77.0,2021
1.4,0.5,0.5,2,1,1,6.0,0.9,1,5.0,1,0.05,0.08,0.05,0.08,0.0,0.09,0.09,0.18,0.45,0.0,7.0,0.09,0.09,10.0,2122
1.3,2.4,2.4,9,4,4,19.0,2.6,4,18.0,4,0.09,0.1,0.09,0.1,0.0,0.15,0.15,0.33,0.66,1.0,8.0,0.15,0.15,2.0,1920
1.6,1.3,1.3,6,1,1,28.0,2.2,1,19.0,2,0.05,0.09,0.05,0.09,2.0,0.04,0.08,0.24,0.77,4.0,11.0,0.08,0.04,6.0,2021
1.1,1.6,1.6,10,3,3,36.0,2.6,3,20.0,4,0.05,0.09,0.05,0.09,2.0,0.1,0.13,0.34,0.67,3.0,12.0,0.13,0.1,6.0,2122
1.7,1.1,1.1,8,3,3,39.0,1.6,3,23.0,4,0.04,0.06,0.04,0.06,2.0,0.11,0.15,0.3,0.86,4.0,11.0,0.15,0.11,14.0,2223
2.5,1.7,1.7,6,2,2,21.0,1.9,2,14.0,2,0.11,0.12,0.11,0.12,0.0,0.13,0.13,0.39,0.91,2.0,9.0,0.13,0.13,6.0,2324
0.8,3.6,2.0,8,2,2,41.0,2.7,1,24.0,3,0.4,0.47,0.22,0.3,5.0,0.22,0.33,0.89,2.68,0.0,43.0,0.22,0.11,49.0,2223
8.5,3.8,3.8,19,5,5,65.0,5.8,5,42.0,5,0.33,0.5,0.33,0.5,6.0,0.43,0.43,1.64,3.62,2.0,50.0,0.43,0.43,87.0,2324
3.7,1.0,1.0,3,0,0,21.0,1.8,0,13.0,0,0.03,0.06,0.03,0.06,2.0,0.0,0.0,0.1,0.45,1.0,14.0,0.0,0.0,11.0,1819
0.6,3.7,3.7,7,4,4,21.0,3.8,4,16.0,4,0.15,0.15,0.15,0.15,1.0,0.16,0.16,0.29,0.65,0.0,13.0,0.16,0.16,7.0,1920
0.6,0.6,0.6,1,0,0,7.0,0.7,0,5.0,0,0.06,0.07,0.06,0.07,1.0,0.0,0.0,0.1,0.49,0.0,2.0,0.0,0.0,3.0,2021
1.2,1.1,1.1,1,0,0,18.0,1.1,0,9.0,0,0.08,0.08,0.08,0.08,0.0,0.0,0.0,0.07,0.67,1.0,8.0,0.0,0.0,1.0,2122
0.8,1.8,1.8,7,1,1,23.0,1.9,1,16.0,1,0.06,0.06,0.06,0.06,3.0,0.03,0.03,0.23,0.53,5.0,12.0,0.03,0.03,5.0,2122
0.2,0.8,0.8,4,0,0,17.0,0.8,0,11.0,0,0.06,0.06,0.06,0.06,1.0,0.0,0.0,0.29,0.79,0.0,9.0,0.0,0.0,4.0,2223
0.1,0.2,0.2,2,1,1,13.0,2.8,1,6.0,3,0.01,0.22,0.01,0.22,0.0,0.08,0.23,0.15,0.46,1.0,12.0,0.23,0.08,70.0,2122
0.8,0.6,0.6,1,0,0,8.0,1.6,0,5.0,0,0.27,0.78,0.27,0.78,1.0,0.0,0.0,0.49,2.43,1.0,6.0,0.0,0.0,8.0,1920
7.7,6.2,6.2,22,11,11,79.0,6.7,11,37.0,12,0.35,0.38,0.35,0.38,22.0,0.62,0.67,1.23,2.07,2.0,44.0,0.67,0.62,76.0,2021
1.4,7.7,7.7,20,9,9,80.0,8.7,9,54.0,10,0.4,0.45,0.4,0.45,19.0,0.46,0.52,1.03,2.79,4.0,66.0,0.52,0.46,75.0,2122
0.0,0.7,0.7,6,1,1,17.0,1.2,1,14.0,1,0.11,0.18,0.11,0.18,1.0,0.15,0.15,0.92,2.14,2.0,12.0,0.15,0.15,39.0,1920
3.3,2.0,2.0,4,2,2,32.0,2.4,2,20.0,2,0.15,0.18,0.15,0.18,0.0,0.15,0.15,0.29,1.47,2.0,22.0,0.15,0.15,62.0,1819
0.2,3.3,3.3,11,3,3,43.0,4.6,3,31.0,4,0.19,0.27,0.19,0.27,2.0,0.18,0.24,0.65,1.83,2.0,44.0,0.24,0.18,64.0,1920
0.0,0.2,0.2,1,0,0,5.0,0.2,0,2.0,0,0.03,0.05,0.03,0.05,2.0,0.0,0.0,0.2,0.4,0.0,10.0,0.0,0.0,9.0,2223
0.8,1.0,1.0,1,1,1,7.0,1.0,1,4.0,1,0.09,0.09,0.09,0.09,0.0,0.09,0.09,0.09,0.37,0.0,6.0,0.09,0.09,13.0,2324
3.2,4.0,4.0,8,2,2,76.0,8.1,2,27.0,7,0.17,0.35,0.17,0.35,11.0,0.09,0.3,0.34,1.15,5.0,51.0,0.3,0.09,225.0,1920
1.1,3.2,2.4,12,5,5,100.0,8.2,4,30.0,10,0.11,0.31,0.09,0.29,11.0,0.17,0.34,0.41,1.03,4.0,74.0,0.31,0.14,299.0,2021
6.7,3.2,3.2,10,4,4,98.0,6.1,4,33.0,9,0.15,0.29,0.15,0.29,2.0,0.19,0.43,0.48,1.58,4.0,41.0,0.43,0.19,211.0,2122
4.7,6.7,5.9,23,10,10,120.0,10.4,9,56.0,16,0.22,0.36,0.19,0.34,5.0,0.32,0.52,0.75,1.82,6.0,49.0,0.49,0.29,282.0,2223
6.4,4.7,4.7,13,6,6,79.0,7.6,6,42.0,7,0.22,0.35,0.22,0.35,7.0,0.28,0.32,0.6,1.93,7.0,48.0,0.32,0.28,209.0,2324
1.6,1.2,1.2,2,0,0,18.0,2.6,0,22.0,3,0.09,0.2,0.09,0.2,1.0,0.0,0.23,0.15,1.68,1.0,24.0,0.23,0.0,35.0,1819
4.6,1.6,1.6,9,1,1,29.0,2.9,1,38.0,3,0.14,0.25,0.14,0.25,1.0,0.09,0.26,0.77,3.25,3.0,20.0,0.26,0.09,43.0,1920
2.1,4.6,4.6,17,5,5,24.0,7.1,5,58.0,7,0.22,0.35,0.22,0.35,0.0,0.24,0.34,0.83,2.82,5.0,24.0,0.34,0.24,35.0,2021
4.4,2.1,2.1,13,3,3,30.0,4.9,3,39.0,6,0.07,0.17,0.07,0.17,0.0,0.11,0.21,0.46,1.37,1.0,37.0,0.21,0.11,57.0,2122
3.6,3.0,3.0,11,1,1,29.0,5.3,1,42.0,4,0.15,0.28,0.15,0.28,2.0,0.05,0.21,0.58,2.2,6.0,36.0,0.21,0.05,52.0,2324
4.2,0.2,0.2,1,0,0,11.0,0.9,0,7.0,1,0.01,0.05,0.01,0.05,2.0,0.0,0.05,0.05,0.35,0.0,24.0,0.05,0.0,57.0,2223
0.5,4.2,4.2,13,2,2,54.0,6.5,2,33.0,4,0.18,0.27,0.18,0.27,0.0,0.08,0.17,0.55,1.39,6.0,21.0,0.17,0.08,101.0,2324
1.0,0.8,0.8,5,0,0,18.0,1.9,0,11.0,1,0.04,0.1,0.04,0.1,0.0,0.0,0.05,0.26,0.57,3.0,20.0,0.05,0.0,27.0,1920
3.5,1.0,1.0,9,2,2,28.0,2.6,2,17.0,3,0.05,0.13,0.05,0.13,0.0,0.1,0.15,0.45,0.84,2.0,29.0,0.15,0.1,61.0,2021
3.3,3.5,3.5,18,4,4,81.0,7.1,4,50.0,10,0.1,0.2,0.1,0.2,0.0,0.11,0.29,0.51,1.43,6.0,59.0,0.29,0.11,175.0,2122
0.5,3.3,2.5,5,2,2,63.0,4.6,1,24.0,6,0.14,0.23,0.11,0.2,1.0,0.09,0.26,0.21,1.02,2.0,25.0,0.21,0.04,100.0,2223
1.4,1.6,1.6,6,2,2,44.0,3.9,2,26.0,5,0.06,0.15,0.06,0.15,0.0,0.08,0.19,0.23,0.99,2.0,25.0,0.19,0.08,79.0,2324
10.5,1.5,1.5,5,1,1,16.0,2.3,1,10.0,1,0.33,0.5,0.33,0.5,0.0,0.21,0.21,1.07,2.14,2.0,10.0,0.21,0.21,33.0,2223
3.5,6.1,6.1,15,3,3,77.0,7.3,3,44.0,4,0.27,0.33,0.27,0.33,4.0,0.13,0.18,0.67,1.97,9.0,26.0,0.18,0.13,102.0,1819
0.8,3.5,3.5,9,2,2,49.0,4.6,2,28.0,4,0.24,0.32,0.24,0.32,3.0,0.14,0.28,0.63,1.97,5.0,12.0,0.28,0.14,87.0,1920
1.4,0.8,0.8,3,1,1,6.0,1.4,1,6.0,2,0.25,0.45,0.25,0.45,0.0,0.32,0.64,0.95,1.91,1.0,0.0,0.64,0.32,6.0,2021
2.5,1.4,1.4,2,1,1,15.0,2.3,1,7.0,1,0.32,0.54,0.32,0.54,0.0,0.24,0.24,0.48,1.67,1.0,1.0,0.24,0.24,14.0,2122
3.7,2.5,2.5,5,2,2,25.0,3.0,2,26.0,2,0.13,0.16,0.13,0.16,2.0,0.11,0.11,0.27,1.38,1.0,18.0,0.11,0.11,17.0,2223
2.3,3.7,3.7,11,6,6,42.0,4.1,6,33.0,7,0.29,0.32,0.29,0.32,2.0,0.47,0.55,0.86,2.58,2.0,19.0,0.55,0.47,43.0,2324
0.9,0.6,0.6,3,0,0,26.0,1.7,0,12.0,1,0.03,0.1,0.03,0.1,2.0,0.0,0.06,0.17,0.69,1.0,32.0,0.06,0.0,68.0,2122
5.2,3.8,3.8,10,2,2,38.0,4.8,2,18.0,3,0.41,0.52,0.41,0.52,3.0,0.22,0.33,1.1,1.98,1.0,19.0,0.33,0.22,52.0,1920
2.9,5.2,5.2,9,3,3,87.0,7.0,3,35.0,5,0.34,0.46,0.34,0.46,12.0,0.2,0.33,0.59,2.3,5.0,52.0,0.33,0.2,112.0,2021
2.1,1.3,1.3,9,1,1,21.0,2.8,1,29.0,3,0.05,0.1,0.05,0.1,1.0,0.03,0.1,0.3,0.98,2.0,36.0,0.1,0.03,24.0,1819
2.1,2.1,2.1,7,1,1,21.0,4.2,1,47.0,2,0.06,0.12,0.06,0.12,0.0,0.03,0.06,0.21,1.38,6.0,45.0,0.06,0.03,41.0,1920
1.2,2.1,2.1,9,3,3,31.0,4.0,3,46.0,3,0.06,0.12,0.06,0.12,1.0,0.09,0.09,0.27,1.39,5.0,39.0,0.09,0.09,50.0,2021
8.2,0.5,0.5,2,0,0,6.0,0.6,0,9.0,0,0.14,0.15,0.14,0.15,0.0,0.0,0.0,0.53,2.39,0.0,5.0,0.0,0.0,6.0,2324
11.7,15.2,10.5,23,11,11,153.0,13.8,6,67.0,15,0.6,0.74,0.42,0.55,19.0,0.44,0.6,0.91,2.66,5.0,43.0,0.4,0.24,137.0,1819
5.4,8.6,7.8,13,7,7,66.0,10.5,6,38.0,10,0.72,0.94,0.65,0.87,6.0,0.58,0.83,1.08,3.17,4.0,13.0,0.75,0.5,46.0,2021
0.0,0.8,0.8,2,0,0,23.0,2.5,0,13.0,2,0.03,0.08,0.03,0.08,1.0,0.0,0.06,0.06,0.41,3.0,38.0,0.06,0.0,85.0,2122
1.1,0.8,0.8,2,0,0,9.0,1.3,0,7.0,1,0.05,0.09,0.05,0.09,0.0,0.0,0.07,0.14,0.48,1.0,4.0,0.07,0.0,2.0,2021
4.6,6.8,2.0,13,11,11,41.0,6.2,6,24.0,16,0.38,0.61,0.11,0.34,7.0,0.61,0.88,0.72,1.33,4.0,35.0,0.61,0.33,116.0,2021
0.8,0.5,0.5,2,0,0,16.0,0.7,0,9.0,0,0.07,0.1,0.07,0.1,2.0,0.0,0.0,0.27,1.24,1.0,11.0,0.0,0.0,32.0,1920
0.7,0.7,0.7,1,0,0,25.0,2.3,0,10.0,1,0.04,0.12,0.04,0.12,0.0,0.0,0.05,0.05,0.51,2.0,39.0,0.05,0.0,44.0,2021
2.6,0.7,0.7,2,0,0,16.0,2.5,0,15.0,0,0.03,0.1,0.03,0.1,0.0,0.0,0.0,0.08,0.58,1.0,50.0,0.0,0.0,29.0,2122
2.1,2.6,2.6,13,4,4,73.0,7.7,4,26.0,11,0.09,0.25,0.09,0.25,4.0,0.13,0.36,0.42,0.85,4.0,70.0,0.36,0.13,114.0,2223
0.8,0.7,0.7,1,0,0,11.0,1.1,0,7.0,0,0.1,0.17,0.1,0.17,1.0,0.0,0.0,0.16,1.1,1.0,15.0,0.0,0.0,15.0,2425
1.5,1.4,1.4,2,1,1,27.0,1.7,1,16.0,2,0.05,0.06,0.05,0.06,0.0,0.03,0.07,0.07,0.56,3.0,19.0,0.07,0.03,6.0,2021
0.8,0.5,0.5,1,1,1,9.0,0.6,1,4.0,1,0.03,0.04,0.03,0.04,0.0,0.06,0.06,0.06,0.22,0.0,10.0,0.06,0.06,4.0,2223
3.4,0.8,0.8,8,4,4,22.0,1.7,4,12.0,5,0.03,0.06,0.03,0.06,0.0,0.15,0.19,0.3,0.46,1.0,20.0,0.19,0.15,5.0,2324
0.0,0.1,0.1,1,0,0,2.0,0.2,0,2.0,0,0.04,0.06,0.04,0.06,0.0,0.0,0.0,0.38,0.75,0.0,14.0,0.0,0.0,18.0,2021
6.2,12.5,11.7,27,13,13,121.0,14.6,12,81.0,18,0.38,0.47,0.35,0.45,43.0,0.4,0.55,0.82,2.46,8.0,74.0,0.52,0.36,150.0,1819
6.6,6.2,5.4,19,10,10,89.0,7.9,10,40.0,12,0.26,0.37,0.23,0.33,32.0,0.42,0.5,0.8,1.68,3.0,44.0,0.5,0.42,80.0,1920
0.2,4.8,4.8,13,5,5,78.0,6.7,5,43.0,6,0.22,0.31,0.22,0.31,10.0,0.23,0.28,0.6,1.98,4.0,58.0,0.28,0.23,91.0,2122
0.0,0.2,0.2,1,0,0,2.0,0.2,0,2.0,0,0.02,0.03,0.02,0.03,0.0,0.0,0.0,0.14,0.27,0.0,5.0,0.0,0.0,1.0,2223
0.6,0.5,0.5,2,0,0,11.0,1.6,0,8.0,1,0.04,0.12,0.04,0.12,1.0,0.0,0.08,0.15,0.6,1.0,21.0,0.08,0.0,63.0,2021
0.6,0.9,0.9,1,0,0,11.0,1.1,0,5.0,0,0.04,0.05,0.04,0.05,0.0,0.0,0.0,0.05,0.24,1.0,12.0,0.0,0.0,2.0,2122
0.2,0.3,0.3,4,0,0,8.0,1.5,0,6.0,0,0.02,0.09,0.02,0.09,0.0,0.0,0.0,0.24,0.36,1.0,16.0,0.0,0.0,3.0,1920
0.3,0.2,0.2,1,0,0,11.0,1.2,0,4.0,1,0.01,0.07,0.01,0.07,2.0,0.0,0.06,0.06,0.24,1.0,11.0,0.06,0.0,8.0,2021
0.5,0.3,0.3,2,0,0,7.0,0.9,0,11.0,2,0.02,0.05,0.02,0.05,0.0,0.0,0.12,0.12,0.64,1.0,14.0,0.12,0.0,6.0,2122
0.4,0.5,0.5,2,1,1,3.0,1.0,1,6.0,1,0.03,0.06,0.03,0.06,0.0,0.06,0.06,0.12,0.37,0.0,20.0,0.06,0.06,3.0,2223
0.6,0.3,0.3,2,1,1,4.0,0.4,1,3.0,2,0.03,0.04,0.03,0.04,0.0,0.1,0.21,0.21,0.31,0.0,4.0,0.21,0.1,1.0,2122
0.6,0.5,0.5,4,1,1,18.0,3.8,1,13.0,4,0.02,0.15,0.02,0.15,0.0,0.04,0.17,0.17,0.54,1.0,19.0,0.17,0.04,44.0,1819
0.0,0.6,0.6,2,0,0,22.0,1.5,0,10.0,3,0.05,0.12,0.05,0.12,1.0,0.0,0.24,0.16,0.81,0.0,24.0,0.24,0.0,71.0,1920
1.5,1.2,1.2,4,2,2,18.0,2.6,2,10.0,2,0.06,0.13,0.06,0.13,0.0,0.1,0.1,0.19,0.48,0.0,16.0,0.1,0.1,42.0,2021
1.0,1.5,1.5,6,2,2,24.0,3.9,2,16.0,3,0.05,0.12,0.05,0.12,0.0,0.06,0.09,0.18,0.49,2.0,37.0,0.09,0.06,41.0,2122
0.2,1.0,1.0,5,0,0,14.0,3.1,0,16.0,0,0.04,0.12,0.04,0.12,0.0,0.0,0.0,0.2,0.63,2.0,17.0,0.0,0.0,40.0,2223
0.0,0.2,0.2,2,0,0,8.0,0.8,0,4.0,0,0.02,0.08,0.02,0.08,0.0,0.0,0.0,0.23,0.45,1.0,4.0,0.0,0.0,11.0,2324
0.0,0.4,0.4,1,0,0,9.0,2.0,0,10.0,2,0.01,0.07,0.01,0.07,1.0,0.0,0.07,0.04,0.35,0.0,29.0,0.07,0.0,107.0,1819
2.4,2.9,2.9,16,4,4,22.0,8.4,4,63.0,12,0.09,0.27,0.09,0.27,0.0,0.13,0.38,0.51,2.01,10.0,33.0,0.38,0.13,48.0,1920
0.9,1.0,1.0,12,2,2,5.0,4.9,2,32.0,3,0.04,0.18,0.04,0.18,0.0,0.07,0.11,0.43,1.15,3.0,20.0,0.11,0.07,19.0,2324
0.2,1.4,1.4,1,1,1,5.0,1.4,1,4.0,1,0.15,0.15,0.15,0.15,0.0,0.11,0.11,0.11,0.44,2.0,6.0,0.11,0.11,1.0,2324
7.7,11.4,11.4,39,16,16,145.0,13.8,16,82.0,17,0.43,0.51,0.43,0.51,13.0,0.6,0.63,1.45,3.05,7.0,79.0,0.63,0.6,224.0,2324
0.9,1.1,1.1,6,1,1,34.0,2.5,1,23.0,3,0.05,0.1,0.05,0.1,1.0,0.04,0.12,0.25,0.94,2.0,42.0,0.12,0.04,52.0,2122
2.4,0.9,0.9,4,1,1,34.0,2.6,1,16.0,3,0.03,0.1,0.03,0.1,1.0,0.04,0.11,0.15,0.59,1.0,21.0,0.11,0.04,46.0,2223
0.9,1.3,1.3,6,1,1,23.0,3.2,1,23.0,2,0.07,0.16,0.07,0.16,1.0,0.05,0.1,0.3,1.15,3.0,33.0,0.1,0.05,94.0,1819
0.5,0.9,0.9,5,1,1,27.0,2.6,1,22.0,4,0.04,0.13,0.04,0.13,0.0,0.05,0.19,0.24,1.05,1.0,27.0,0.19,0.05,101.0,1920
0.3,0.5,0.5,5,0,0,19.0,2.5,0,16.0,2,0.03,0.13,0.03,0.13,0.0,0.0,0.1,0.25,0.8,3.0,24.0,0.1,0.0,74.0,2021
0.9,0.3,0.3,2,0,0,8.0,1.1,0,6.0,0,0.03,0.12,0.03,0.12,0.0,0.0,0.0,0.21,0.64,2.0,12.0,0.0,0.0,29.0,2223
0.9,0.9,0.9,6,2,2,35.0,5.1,2,21.0,6,0.04,0.22,0.04,0.22,1.0,0.09,0.26,0.26,0.9,3.0,30.0,0.26,0.09,129.0,2324
3.5,1.0,1.0,3,1,1,19.0,1.2,1,13.0,2,0.12,0.14,0.12,0.14,6.0,0.12,0.24,0.36,1.54,1.0,18.0,0.24,0.12,48.0,1819
1.2,3.5,3.5,16,6,6,45.0,4.5,6,30.0,8,0.28,0.37,0.28,0.37,5.0,0.49,0.65,1.3,2.43,3.0,33.0,0.65,0.49,71.0,2021
2.0,1.2,1.2,1,1,1,20.0,2.2,1,15.0,5,0.11,0.21,0.11,0.21,2.0,0.09,0.47,0.09,1.4,0.0,20.0,0.47,0.09,65.0,2122
0.1,2.0,2.0,3,1,1,15.0,2.1,1,11.0,1,0.4,0.43,0.4,0.43,3.0,0.2,0.2,0.61,2.24,2.0,10.0,0.2,0.2,24.0,2223
0.5,0.1,0.1,1,0,0,4.0,0.1,0,1.0,0,0.05,0.08,0.05,0.08,1.0,0.0,0.0,0.78,0.78,0.0,1.0,0.0,0.0,6.0,2223
0.0,0.5,0.5,3,1,1,14.0,0.9,1,9.0,1,0.14,0.25,0.14,0.25,0.0,0.28,0.28,0.84,2.51,1.0,8.0,0.28,0.28,28.0,2324
0.7,0.2,0.2,1,0,0,9.0,0.9,0,5.0,0,0.04,0.14,0.04,0.14,0.0,0.0,0.0,0.17,0.84,0.0,5.0,0.0,0.0,16.0,1819
0.4,0.9,0.9,6,1,1,14.0,0.9,1,14.0,1,0.04,0.04,0.04,0.04,1.0,0.04,0.04,0.24,0.57,1.0,14.0,0.04,0.04,13.0,2223
7.4,3.1,3.0,12,4,4,63.0,5.4,4,31.0,10,0.22,0.39,0.21,0.39,3.0,0.28,0.71,0.85,2.19,5.0,34.0,0.71,0.28,143.0,1718
2.1,7.4,7.4,22,7,7,79.0,11.5,7,47.0,12,0.52,0.81,0.52,0.81,9.0,0.49,0.84,1.55,3.3,6.0,38.0,0.84,0.49,198.0,1819
2.1,2.1,2.1,13,4,4,40.0,5.5,4,24.0,7,0.14,0.37,0.14,0.37,2.0,0.27,0.47,0.88,1.62,3.0,27.0,0.47,0.27,159.0,1920
6.7,2.1,2.1,11,2,2,50.0,5.6,2,21.0,7,0.08,0.21,0.08,0.21,3.0,0.07,0.26,0.4,0.77,5.0,36.0,0.26,0.07,196.0,2021
0.4,1.3,1.3,2,0,0,11.0,1.3,0,9.0,0,0.47,0.49,0.47,0.49,9.0,0.0,0.0,0.73,3.31,0.0,9.0,0.0,0.0,26.0,2223
0.2,0.4,0.4,1,1,1,8.0,0.6,1,4.0,1,0.32,0.46,0.32,0.46,3.0,0.8,0.8,0.8,3.21,1.0,1.0,0.8,0.8,8.0,2324
0.3,0.7,0.7,3,0,0,10.0,0.7,0,5.0,0,0.11,0.11,0.11,0.11,0.0,0.0,0.0,0.48,0.8,0.0,2.0,0.0,0.0,3.0,1920
1.8,0.3,0.3,1,0,0,5.0,0.7,0,6.0,1,0.02,0.05,0.02,0.05,0.0,0.0,0.08,0.08,0.45,1.0,2.0,0.08,0.0,1.0,1920
1.0,1.8,1.8,1,1,1,24.0,2.6,1,11.0,3,0.07,0.1,0.07,0.1,0.0,0.04,0.12,0.04,0.44,2.0,12.0,0.12,0.04,3.0,2021
1.0,1.0,1.0,4,2,2,15.0,2.9,2,9.0,5,0.05,0.14,0.05,0.14,0.0,0.1,0.25,0.2,0.44,0.0,9.0,0.25,0.1,5.0,2122
1.5,2.9,2.1,10,3,3,21.0,3.8,2,36.0,3,0.13,0.2,0.1,0.17,1.0,0.13,0.13,0.44,1.6,1.0,40.0,0.09,0.09,50.0,1819
1.0,1.5,1.5,7,1,1,17.0,3.3,1,33.0,3,0.07,0.16,0.07,0.16,1.0,0.05,0.15,0.35,1.63,3.0,24.0,0.15,0.05,42.0,1920
0.5,0.3,0.3,5,1,1,1.0,0.7,1,10.0,3,0.03,0.07,0.03,0.07,0.0,0.1,0.29,0.49,0.97,0.0,18.0,0.29,0.1,15.0,1920
0.0,0.5,0.5,3,1,1,4.0,0.6,1,9.0,1,0.09,0.1,0.09,0.1,0.0,0.17,0.17,0.51,1.53,0.0,9.0,0.17,0.17,5.0,2021
2.1,0.0,0.0,1,1,1,0.0,0.1,1,1.0,1,0.01,0.02,0.01,0.02,0.0,0.32,0.32,0.32,0.32,0.0,6.0,0.32,0.32,1.0,2122
0.1,2.1,2.1,5,1,1,21.0,6.5,1,33.0,4,0.07,0.21,0.07,0.21,1.0,0.03,0.13,0.16,1.07,4.0,54.0,0.13,0.03,58.0,2223
0.6,1.7,1.7,7,0,0,23.0,2.6,0,30.0,2,0.1,0.15,0.1,0.15,1.0,0.0,0.11,0.39,1.68,5.0,51.0,0.11,0.0,84.0,1819
0.1,0.6,0.5,4,1,1,12.0,1.2,1,12.0,2,0.1,0.23,0.09,0.22,0.0,0.18,0.35,0.71,2.12,1.0,21.0,0.35,0.18,54.0,1920
3.4,0.1,0.1,1,0,0,10.0,0.5,0,2.0,0,0.02,0.1,0.02,0.1,0.0,0.0,0.0,0.23,0.47,0.0,9.0,0.0,0.0,36.0,2021
1.1,0.6,0.6,1,1,1,8.0,1.4,1,6.0,1,0.04,0.1,0.04,0.1,1.0,0.07,0.07,0.07,0.44,0.0,15.0,0.07,0.07,61.0,1819
1.4,1.1,1.1,2,1,1,11.0,1.8,1,8.0,2,0.15,0.25,0.15,0.25,1.0,0.14,0.27,0.27,1.09,0.0,13.0,0.27,0.14,31.0,2223
0.9,0.1,0.1,1,0,0,9.0,0.5,0,2.0,0,0.02,0.1,0.02,0.1,0.0,0.0,0.0,0.21,0.42,0.0,13.0,0.0,0.0,48.0,2021
0.5,0.9,0.9,2,2,2,14.0,4.3,2,5.0,4,0.03,0.15,0.03,0.15,1.0,0.07,0.14,0.07,0.17,0.0,41.0,0.14,0.07,129.0,2122
0.5,0.5,0.5,2,0,0,26.0,1.4,0,7.0,0,0.02,0.05,0.02,0.05,2.0,0.0,0.0,0.07,0.26,0.0,23.0,0.0,0.0,126.0,2223
2.2,0.5,0.5,5,1,1,22.0,3.4,1,15.0,3,0.02,0.11,0.02,0.11,1.0,0.03,0.1,0.17,0.51,2.0,41.0,0.1,0.03,99.0,2324
14.3,12.0,10.8,42,19,19,111.0,18.8,17,104.0,32,0.42,0.7,0.38,0.66,11.0,0.67,1.13,1.48,3.66,12.0,90.0,1.06,0.6,266.0,1718
4.7,14.3,12.7,38,10,10,128.0,23.4,10,108.0,20,0.47,0.82,0.42,0.77,10.0,0.33,0.66,1.25,3.55,13.0,82.0,0.66,0.33,281.0,1819
16.6,4.7,3.9,20,9,9,50.0,6.4,8,47.0,11,0.41,0.64,0.34,0.57,3.0,0.8,0.97,1.77,4.16,3.0,35.0,0.88,0.71,101.0,1920
11.2,16.6,10.3,44,20,20,194.0,24.3,12,102.0,32,0.51,0.94,0.32,0.75,12.0,0.62,0.99,1.35,3.14,8.0,119.0,0.74,0.37,329.0,2021
0.9,3.0,3.0,5,4,4,27.0,3.4,4,11.0,4,0.99,1.14,0.99,1.14,0.0,1.33,1.33,1.67,3.67,1.0,16.0,1.33,1.33,22.0,2223
0.5,0.3,0.3,1,1,1,4.0,0.6,1,2.0,2,0.07,0.12,0.07,0.12,1.0,0.22,0.43,0.22,0.43,0.0,0.0,0.43,0.22,0.0,1920
2.4,0.5,0.5,2,0,0,10.0,1.0,0,6.0,1,0.04,0.1,0.04,0.1,2.0,0.0,0.1,0.19,0.57,2.0,3.0,0.1,0.0,2.0,2021
0.7,2.4,2.4,6,1,1,34.0,3.1,1,25.0,3,0.11,0.15,0.11,0.15,3.0,0.05,0.14,0.28,1.17,4.0,15.0,0.14,0.05,7.0,2122
0.8,2.0,2.0,8,2,2,41.0,4.5,2,24.0,6,0.12,0.28,0.12,0.28,2.0,0.12,0.37,0.49,1.46,5.0,50.0,0.37,0.12,87.0,2324
0.5,0.8,0.8,1,0,0,41.0,1.4,0,15.0,0,0.04,0.07,0.04,0.07,0.0,0.0,0.0,0.05,0.81,2.0,27.0,0.0,0.0,123.0,2021
0.0,0.5,0.5,4,0,0,19.0,1.6,0,9.0,0,0.02,0.07,0.02,0.07,0.0,0.0,0.0,0.18,0.4,1.0,28.0,0.0,0.0,90.0,2122
1.4,1.7,1.7,6,5,5,60.0,5.8,5,11.0,7,0.09,0.3,0.09,0.3,10.0,0.26,0.36,0.31,0.57,1.0,49.0,0.36,0.26,174.0,1819
0.1,1.1,1.1,3,0,0,16.0,1.7,0,9.0,0,0.15,0.23,0.15,0.23,0.0,0.0,0.0,0.42,1.25,1.0,12.0,0.0,0.0,33.0,2425
0.2,10.1,9.3,23,6,6,99.0,11.8,5,84.0,8,0.36,0.45,0.34,0.43,15.0,0.22,0.29,0.83,3.04,7.0,71.0,0.25,0.18,145.0,1819
1.5,3.9,3.9,8,1,1,32.0,4.6,1,24.0,2,0.42,0.5,0.42,0.5,2.0,0.11,0.22,0.87,2.61,1.0,24.0,0.22,0.11,46.0,1920
5.1,1.5,1.5,3,1,1,18.0,3.0,1,12.0,3,0.16,0.32,0.16,0.32,4.0,0.11,0.32,0.32,1.29,0.0,21.0,0.32,0.11,48.0,2021
10.0,5.1,4.4,17,9,9,60.0,5.3,8,41.0,9,0.33,0.39,0.28,0.34,5.0,0.58,0.58,1.1,2.65,2.0,39.0,0.52,0.52,67.0,2122
9.2,10.0,10.0,38,10,10,130.0,13.0,10,67.0,14,0.42,0.54,0.42,0.54,13.0,0.42,0.59,1.59,2.8,10.0,50.0,0.59,0.42,124.0,2223
1.8,9.2,9.2,26,7,7,101.0,10.2,7,74.0,11,0.49,0.55,0.49,0.55,6.0,0.37,0.59,1.39,3.96,7.0,36.0,0.59,0.37,89.0,2324
0.2,0.5,0.5,2,1,1,23.0,1.6,1,7.0,2,0.02,0.07,0.02,0.07,2.0,0.04,0.09,0.09,0.31,0.0,30.0,0.09,0.04,102.0,2324
1.5,1.9,1.9,4,2,2,33.0,2.5,2,14.0,2,0.07,0.09,0.07,0.09,0.0,0.07,0.07,0.14,0.49,2.0,7.0,0.07,0.07,3.0,1920
1.2,1.5,1.5,6,3,3,34.0,2.6,3,16.0,4,0.05,0.08,0.05,0.08,0.0,0.09,0.12,0.18,0.48,1.0,7.0,0.12,0.09,3.0,2021
1.3,1.2,1.2,6,3,3,32.0,2.8,3,20.0,5,0.04,0.09,0.04,0.09,1.0,0.1,0.16,0.19,0.64,4.0,7.0,0.16,0.1,4.0,2122
0.7,1.3,1.3,4,1,1,24.0,2.1,1,14.0,3,0.12,0.19,0.12,0.19,0.0,0.09,0.27,0.37,1.28,1.0,6.0,0.27,0.09,4.0,2223
0.6,0.7,0.7,4,1,1,11.0,0.7,1,6.0,1,0.14,0.14,0.14,0.14,0.0,0.21,0.21,0.82,1.23,1.0,2.0,0.21,0.21,3.0,2324
0.0,1.8,1.8,5,3,3,34.0,2.9,3,12.0,5,0.24,0.39,0.24,0.39,3.0,0.41,0.68,0.68,1.62,2.0,40.0,0.68,0.41,52.0,1920
5.5,2.9,2.9,14,2,2,86.0,11.6,2,51.0,13,0.09,0.38,0.09,0.38,7.0,0.07,0.43,0.46,1.67,4.0,85.0,0.43,0.07,243.0,2223
9.7,5.5,4.7,20,10,10,80.0,10.5,9,56.0,16,0.39,0.8,0.33,0.74,2.0,0.71,1.13,1.41,3.95,5.0,41.0,1.06,0.64,134.0,2324
12.9,7.1,7.1,25,6,6,93.0,11.5,6,65.0,10,0.3,0.49,0.3,0.49,10.0,0.26,0.43,1.07,2.78,8.0,83.0,0.43,0.26,204.0,1819
12.9,12.9,12.1,30,10,10,117.0,15.9,9,67.0,13,0.66,0.85,0.62,0.81,11.0,0.51,0.66,1.53,3.41,11.0,73.0,0.61,0.46,178.0,1920
10.8,12.9,12.9,22,10,10,120.0,15.9,10,63.0,15,0.59,0.73,0.59,0.73,15.0,0.46,0.68,1.0,2.87,8.0,78.0,0.68,0.46,177.0,2021
6.6,10.8,10.2,27,10,10,159.0,16.2,10,82.0,18,0.33,0.51,0.31,0.49,13.0,0.3,0.55,0.82,2.48,11.0,136.0,0.55,0.3,246.0,2122
5.8,6.6,6.6,13,5,5,80.0,7.8,5,39.0,8,0.32,0.38,0.32,0.38,12.0,0.25,0.39,0.64,1.92,3.0,76.0,0.39,0.25,120.0,2223
2.2,5.8,5.8,14,6,6,59.0,6.7,6,30.0,8,0.31,0.35,0.31,0.35,9.0,0.32,0.42,0.74,1.59,3.0,69.0,0.42,0.32,104.0,2324
1.1,1.5,1.5,2,1,1,28.0,2.1,1,15.0,1,0.08,0.12,0.08,0.12,7.0,0.06,0.06,0.12,0.88,2.0,30.0,0.06,0.06,85.0,2223
0.4,1.1,1.1,5,0,0,23.0,2.6,0,18.0,1,0.04,0.11,0.04,0.11,0.0,0.0,0.04,0.2,0.73,2.0,27.0,0.04,0.0,55.0,2324
1.4,4.0,4.0,10,5,5,40.0,4.1,5,27.0,5,0.48,0.49,0.48,0.49,12.0,0.6,0.6,1.2,3.24,6.0,16.0,0.6,0.6,44.0,1819
2.4,1.4,1.4,7,1,1,28.0,2.2,1,17.0,1,0.23,0.37,0.23,0.37,5.0,0.17,0.17,1.2,2.9,4.0,19.0,0.17,0.17,36.0,1819
1.6,2.4,2.4,2,1,1,31.0,2.6,1,15.0,2,0.92,0.98,0.92,0.98,7.0,0.38,0.75,0.75,5.65,1.0,13.0,0.75,0.38,22.0,1920
1.2,1.6,1.6,6,2,2,25.0,3.2,2,12.0,3,0.19,0.4,0.19,0.4,11.0,0.25,0.37,0.74,1.48,0.0,26.0,0.37,0.25,44.0,2021
0.0,1.1,1.1,2,1,1,12.0,2.8,1,13.0,3,0.09,0.22,0.09,0.22,0.0,0.08,0.24,0.16,1.02,0.0,19.0,0.24,0.08,11.0,2122
0.6,0.4,0.4,1,0,0,9.0,0.7,0,8.0,1,0.14,0.23,0.14,0.23,0.0,0.0,0.32,0.32,2.58,0.0,15.0,0.32,0.0,19.0,1819
0.8,0.6,0.6,1,1,1,7.0,0.8,1,12.0,1,0.17,0.24,0.17,0.24,0.0,0.29,0.29,0.29,3.52,0.0,7.0,0.29,0.29,15.0,1920
0.1,1.3,0.5,2,1,1,12.0,0.6,0,4.0,1,0.57,0.6,0.22,0.25,1.0,0.44,0.44,0.88,1.76,0.0,3.0,0.0,0.0,12.0,1819
1.9,0.1,0.1,1,0,0,5.0,0.1,0,2.0,0,0.03,0.04,0.03,0.04,1.0,0.0,0.0,0.39,0.78,0.0,11.0,0.0,0.0,11.0,1920
0.1,1.9,1.9,4,1,1,44.0,2.2,1,22.0,2,0.21,0.24,0.21,0.24,5.0,0.11,0.22,0.43,2.39,3.0,34.0,0.22,0.11,62.0,2122
3.2,6.7,6.7,17,4,4,81.0,9.7,4,56.0,6,0.2,0.29,0.2,0.29,24.0,0.12,0.18,0.51,1.67,6.0,80.0,0.18,0.12,160.0,1920
1.7,3.2,3.2,14,4,4,40.0,6.1,4,33.0,5,0.12,0.23,0.12,0.23,6.0,0.15,0.19,0.52,1.22,4.0,48.0,0.19,0.15,109.0,2021
8.0,1.7,1.7,7,1,1,43.0,2.6,1,32.0,1,0.09,0.14,0.09,0.14,9.0,0.05,0.05,0.37,1.68,8.0,44.0,0.05,0.05,85.0,2122
4.5,8.0,8.0,20,11,11,138.0,11.1,11,69.0,13,0.29,0.4,0.29,0.4,9.0,0.4,0.47,0.72,2.49,9.0,51.0,0.47,0.4,264.0,2223
0.5,4.5,4.5,12,3,3,86.0,7.2,3,41.0,4,0.21,0.33,0.21,0.33,10.0,0.14,0.19,0.56,1.91,7.0,30.0,0.19,0.14,162.0,2324
2.8,0.8,0.8,4,2,2,39.0,4.1,2,17.0,5,0.03,0.15,0.03,0.15,3.0,0.08,0.19,0.15,0.64,2.0,36.0,0.19,0.08,148.0,2223
0.2,0.2,0.2,2,1,1,13.0,0.3,1,3.0,2,0.07,0.12,0.07,0.12,1.0,0.36,0.71,0.71,1.07,0.0,6.0,0.71,0.36,22.0,2223
0.5,0.2,0.2,1,0,0,10.0,3.3,0,6.0,2,0.01,0.15,0.01,0.15,0.0,0.0,0.09,0.04,0.27,2.0,25.0,0.09,0.0,82.0,2021
2.1,1.1,1.1,3,0,0,4.0,3.2,0,30.0,1,0.08,0.23,0.08,0.23,0.0,0.0,0.07,0.21,2.15,5.0,14.0,0.07,0.0,21.0,1819
1.9,2.1,2.1,7,3,3,11.0,7.0,3,36.0,7,0.07,0.22,0.07,0.22,0.0,0.1,0.22,0.22,1.15,6.0,26.0,0.22,0.1,35.0,1920
0.5,1.9,0.4,2,2,2,4.0,1.1,0,10.0,4,0.14,0.19,0.03,0.08,0.0,0.14,0.27,0.14,0.68,0.0,18.0,0.14,0.0,11.0,2021
0.5,0.5,0.5,4,0,0,8.0,2.0,0,17.0,3,0.04,0.14,0.04,0.14,0.0,0.0,0.2,0.27,1.14,0.0,12.0,0.2,0.0,13.0,2122
1.8,4.5,4.5,13,3,3,57.0,7.5,3,55.0,5,0.35,0.58,0.35,0.58,5.0,0.23,0.39,1.0,4.25,4.0,31.0,0.39,0.23,95.0,1819
0.2,1.8,1.8,4,1,1,34.0,3.9,1,19.0,4,0.08,0.19,0.08,0.19,3.0,0.05,0.19,0.19,0.92,3.0,49.0,0.19,0.05,42.0,2021
0.3,1.0,1.0,2,1,1,9.0,1.2,1,5.0,1,0.29,0.32,0.29,0.32,0.0,0.28,0.28,0.55,1.38,0.0,9.0,0.28,0.28,30.0,1819
0.7,0.3,0.3,1,0,0,12.0,0.8,0,8.0,2,0.03,0.09,0.03,0.09,1.0,0.0,0.22,0.11,0.89,3.0,25.0,0.22,0.0,43.0,1920
0.5,0.7,0.7,6,0,0,13.0,2.4,0,20.0,2,0.03,0.1,0.03,0.1,0.0,0.0,0.08,0.24,0.81,3.0,32.0,0.08,0.0,113.0,2021
0.3,0.5,0.5,5,1,1,16.0,1.8,1,18.0,4,0.02,0.09,0.02,0.09,0.0,0.05,0.2,0.25,0.9,1.0,28.0,0.2,0.05,86.0,2122
3.1,1.5,1.5,1,0,0,40.0,3.4,0,21.0,1,0.09,0.19,0.09,0.19,2.0,0.0,0.06,0.06,1.16,1.0,33.0,0.06,0.0,85.0,1819
2.0,3.1,3.1,7,0,0,26.0,4.5,0,25.0,1,0.27,0.39,0.27,0.39,0.0,0.0,0.09,0.6,2.15,3.0,29.0,0.09,0.0,56.0,1920
0.1,2.0,2.0,2,0,0,23.0,4.0,0,13.0,2,0.22,0.44,0.22,0.44,0.0,0.0,0.22,0.22,1.42,2.0,13.0,0.22,0.0,46.0,2021
0.4,1.7,1.7,9,2,2,34.0,3.1,2,19.0,3,0.07,0.13,0.07,0.13,5.0,0.08,0.12,0.37,0.77,0.0,29.0,0.12,0.08,68.0,1819
0.0,0.4,0.4,2,0,0,13.0,0.6,0,5.0,0,0.03,0.04,0.03,0.04,0.0,0.0,0.0,0.13,0.33,0.0,3.0,0.0,0.0,3.0,2021
0.1,0.1,0.1,1,0,0,2.0,0.9,0,3.0,1,0.0,0.05,0.0,0.05,1.0,0.0,0.05,0.05,0.16,0.0,19.0,0.05,0.0,48.0,2021
0.0,0.1,0.1,2,0,0,10.0,0.5,0,7.0,0,0.01,0.02,0.01,0.02,1.0,0.0,0.0,0.09,0.31,1.0,13.0,0.0,0.0,66.0,2122
3.1,2.9,2.9,10,3,3,39.0,5.3,3,24.0,6,0.13,0.23,0.13,0.23,1.0,0.13,0.26,0.44,1.05,2.0,44.0,0.26,0.13,62.0,1819
3.6,3.1,3.1,14,5,5,58.0,5.2,5,44.0,6,0.09,0.15,0.09,0.15,2.0,0.14,0.17,0.4,1.26,6.0,57.0,0.17,0.14,95.0,1920
4.1,3.6,3.6,8,2,2,55.0,7.0,2,33.0,6,0.15,0.29,0.15,0.29,3.0,0.08,0.25,0.33,1.38,6.0,42.0,0.25,0.08,75.0,2021
4.4,4.1,4.1,15,3,3,82.0,7.6,3,45.0,5,0.13,0.24,0.13,0.24,4.0,0.09,0.16,0.47,1.4,5.0,45.0,0.16,0.09,92.0,2122
3.3,4.4,3.6,16,2,2,79.0,9.3,2,41.0,11,0.16,0.36,0.13,0.34,4.0,0.07,0.4,0.58,1.48,3.0,48.0,0.4,0.07,107.0,2223
5.9,3.3,3.3,11,5,5,76.0,5.2,5,30.0,8,0.12,0.19,0.12,0.19,6.0,0.18,0.29,0.4,1.09,5.0,61.0,0.29,0.18,99.0,2324
8.4,11.1,8.8,25,13,13,131.0,13.8,10,63.0,15,0.32,0.46,0.25,0.39,11.0,0.37,0.43,0.71,1.8,5.0,107.0,0.34,0.29,213.0,1819
11.3,8.4,5.3,18,10,10,104.0,12.7,6,58.0,21,0.25,0.47,0.16,0.37,16.0,0.29,0.62,0.53,1.71,3.0,87.0,0.5,0.18,256.0,1920
9.3,11.3,5.8,21,11,11,102.0,13.5,5,55.0,19,0.42,0.71,0.22,0.5,17.0,0.41,0.71,0.78,2.06,7.0,45.0,0.49,0.19,186.0,2021
4.6,9.3,5.4,12,9,9,75.0,9.0,5,37.0,12,0.5,0.7,0.29,0.49,5.0,0.48,0.65,0.65,1.99,13.0,37.0,0.43,0.27,144.0,2122
9.1,4.6,2.3,8,4,4,54.0,4.5,2,16.0,5,0.34,0.51,0.17,0.33,12.0,0.3,0.37,0.59,1.19,1.0,27.0,0.22,0.15,122.0,2223
9.9,9.1,7.5,16,9,9,79.0,9.2,7,38.0,12,0.38,0.45,0.31,0.39,19.0,0.38,0.5,0.67,1.59,5.0,61.0,0.42,0.29,126.0,2324
2.2,0.3,0.3,1,0,0,4.0,0.3,0,3.0,0,0.1,0.12,0.1,0.12,0.0,0.0,0.0,0.37,1.12,1.0,6.0,0.0,0.0,12.0,1819
0.7,1.0,1.0,3,0,0,33.0,2.7,0,12.0,0,0.05,0.14,0.05,0.14,2.0,0.0,0.0,0.16,0.62,1.0,24.0,0.0,0.0,33.0,1819
0.9,0.8,0.8,3,1,1,29.0,2.0,1,13.0,2,0.04,0.09,0.04,0.09,0.0,0.04,0.09,0.13,0.57,0.0,38.0,0.09,0.04,62.0,1819
1.6,0.9,0.9,3,0,0,9.0,1.6,0,14.0,1,0.06,0.11,0.06,0.11,0.0,0.0,0.07,0.21,0.99,3.0,17.0,0.07,0.0,11.0,1920
1.0,1.6,1.6,5,0,0,21.0,2.6,0,22.0,1,0.08,0.14,0.08,0.14,0.0,0.0,0.05,0.26,1.15,2.0,22.0,0.05,0.0,15.0,2021
3.9,1.0,1.0,4,2,2,16.0,1.9,2,14.0,2,0.07,0.13,0.07,0.13,0.0,0.13,0.13,0.27,0.93,1.0,18.0,0.13,0.13,15.0,2122
2.7,3.9,1.5,3,3,3,32.0,3.0,1,25.0,6,0.14,0.19,0.05,0.11,0.0,0.1,0.21,0.1,0.87,3.0,38.0,0.14,0.03,31.0,2223
1.2,2.7,1.1,5,3,3,22.0,2.3,1,17.0,4,0.16,0.23,0.07,0.14,0.0,0.18,0.23,0.29,1.0,1.0,18.0,0.12,0.06,29.0,2324
0.6,2.9,2.9,8,2,2,52.0,5.3,2,25.0,6,0.15,0.27,0.15,0.27,3.0,0.1,0.3,0.41,1.27,4.0,54.0,0.3,0.1,131.0,2021
2.6,0.6,0.6,2,0,0,23.0,1.0,0,11.0,0,0.09,0.16,0.09,0.16,0.0,0.0,0.0,0.31,1.71,1.0,12.0,0.0,0.0,40.0,2122
2.8,0.9,0.9,4,0,0,20.0,2.4,0,9.0,2,0.1,0.25,0.1,0.25,3.0,0.0,0.21,0.43,0.96,3.0,18.0,0.21,0.0,32.0,2324
1.1,0.8,0.8,4,1,1,4.0,1.2,1,14.0,1,0.06,0.1,0.06,0.1,0.0,0.08,0.08,0.32,1.1,0.0,10.0,0.08,0.08,12.0,1819
0.8,1.1,1.1,2,1,1,11.0,1.8,1,15.0,1,0.06,0.1,0.06,0.1,0.0,0.06,0.06,0.11,0.85,0.0,18.0,0.06,0.06,29.0,1920
1.0,0.8,0.8,4,1,1,13.0,3.5,1,17.0,5,0.03,0.13,0.03,0.13,1.0,0.04,0.19,0.15,0.64,1.0,31.0,0.19,0.04,25.0,2021
1.0,1.4,1.4,4,1,1,18.0,2.5,1,21.0,4,0.05,0.09,0.05,0.09,0.0,0.04,0.14,0.14,0.75,2.0,31.0,0.14,0.04,36.0,2324
4.5,1.4,1.4,5,1,1,60.0,2.7,1,16.0,2,0.09,0.18,0.09,0.18,5.0,0.07,0.13,0.33,1.05,3.0,26.0,0.13,0.07,72.0,2223
3.0,4.5,2.2,13,5,5,46.0,3.4,4,22.0,6,0.34,0.43,0.16,0.25,6.0,0.37,0.45,0.97,1.64,5.0,22.0,0.37,0.3,33.0,2324
2.9,3.0,3.0,6,4,4,37.0,3.7,4,26.0,5,0.21,0.26,0.21,0.26,1.0,0.29,0.36,0.43,1.86,5.0,24.0,0.36,0.29,31.0,2324
0.3,2.9,2.9,10,4,4,31.0,4.0,4,23.0,5,0.21,0.28,0.21,0.28,5.0,0.28,0.35,0.71,1.63,1.0,15.0,0.35,0.28,30.0,2425
2.3,1.0,1.0,4,0,0,14.0,1.5,0,13.0,0,0.03,0.05,0.03,0.05,0.0,0.0,0.0,0.14,0.45,3.0,11.0,0.0,0.0,13.0,1920
3.2,2.3,2.3,6,3,3,27.0,2.8,3,15.0,3,0.07,0.09,0.07,0.09,0.0,0.1,0.1,0.19,0.49,3.0,18.0,0.1,0.1,42.0,2021
0.2,0.8,0.8,2,0,0,13.0,1.1,0,9.0,0,0.04,0.05,0.04,0.05,1.0,0.0,0.0,0.1,0.46,0.0,14.0,0.0,0.0,10.0,2223
6.0,7.0,6.2,24,9,9,81.0,10.3,8,58.0,14,0.4,0.64,0.36,0.6,8.0,0.52,0.81,1.39,3.37,4.0,47.0,0.75,0.46,186.0,1819
4.4,6.0,3.7,26,8,8,77.0,6.9,6,70.0,13,0.24,0.37,0.15,0.27,8.0,0.32,0.52,1.03,2.78,8.0,87.0,0.44,0.24,196.0,1920
2.6,4.4,3.6,14,3,3,54.0,5.2,2,42.0,5,0.27,0.37,0.22,0.32,4.0,0.18,0.31,0.86,2.59,6.0,53.0,0.25,0.12,134.0,2021
0.3,0.3,0.3,1,0,0,20.0,1.2,0,7.0,1,0.01,0.05,0.01,0.05,1.0,0.0,0.04,0.04,0.31,0.0,2.0,0.04,0.0,6.0,1920
1.7,0.5,0.5,2,1,1,15.0,1.2,1,4.0,3,0.02,0.05,0.02,0.05,0.0,0.04,0.12,0.08,0.16,1.0,2.0,0.12,0.04,3.0,2223
0.6,1.7,1.7,3,2,2,13.0,2.5,2,6.0,3,0.08,0.12,0.08,0.12,0.0,0.09,0.14,0.14,0.28,0.0,10.0,0.14,0.09,13.0,2324
1.0,1.2,1.2,8,2,2,17.0,7.1,2,29.0,8,0.05,0.28,0.05,0.28,0.0,0.08,0.32,0.32,1.14,2.0,25.0,0.32,0.08,19.0,1819
1.0,1.0,1.0,5,3,3,11.0,5.4,3,21.0,9,0.04,0.21,0.04,0.21,0.0,0.12,0.36,0.2,0.83,1.0,28.0,0.36,0.12,16.0,1920
0.1,0.3,0.3,2,0,0,1.0,2.2,0,7.0,1,0.04,0.3,0.04,0.3,0.0,0.0,0.13,0.27,0.94,1.0,5.0,0.13,0.0,7.0,1819
0.4,0.3,0.3,2,0,0,28.0,2.1,0,2.0,2,0.01,0.11,0.01,0.11,3.0,0.0,0.11,0.11,0.11,0.0,18.0,0.11,0.0,180.0,2021
1.7,0.4,0.4,3,1,1,26.0,2.4,1,9.0,5,0.02,0.12,0.02,0.12,0.0,0.05,0.25,0.15,0.44,1.0,36.0,0.25,0.05,95.0,2122
0.2,1.7,1.7,8,3,3,29.0,3.6,3,17.0,5,0.09,0.2,0.09,0.2,2.0,0.16,0.27,0.43,0.92,0.0,23.0,0.27,0.16,65.0,2223
3.0,0.2,0.2,1,1,1,10.0,0.3,1,5.0,1,0.05,0.08,0.05,0.08,1.0,0.24,0.24,0.24,1.18,0.0,10.0,0.24,0.24,20.0,2324
0.0,3.0,3.0,10,3,3,32.0,5.6,3,23.0,5,0.23,0.44,0.23,0.44,4.0,0.24,0.4,0.79,1.82,1.0,18.0,0.4,0.24,120.0,2425
1.5,0.5,0.5,6,1,1,42.0,4.1,1,12.0,4,0.02,0.17,0.02,0.17,4.0,0.04,0.17,0.26,0.51,1.0,41.0,0.17,0.04,180.0,1819
0.1,1.5,1.5,1,1,1,22.0,1.9,1,7.0,1,0.12,0.14,0.12,0.14,0.0,0.08,0.08,0.08,0.54,0.0,28.0,0.08,0.08,54.0,1920
2.6,0.1,0.1,2,1,1,10.0,0.1,1,2.0,1,0.04,0.04,0.04,0.04,0.0,0.4,0.4,0.8,0.8,1.0,7.0,0.4,0.4,9.0,2021
3.8,2.6,2.6,8,2,2,78.0,8.2,2,28.0,11,0.09,0.29,0.09,0.29,5.0,0.07,0.39,0.29,1.0,2.0,81.0,0.39,0.07,169.0,2223
5.3,3.9,3.9,11,4,4,35.0,4.8,4,24.0,4,0.45,0.57,0.45,0.57,4.0,0.47,0.47,1.29,2.82,3.0,18.0,0.47,0.47,65.0,1920
4.5,5.3,4.5,13,4,4,46.0,5.1,4,27.0,4,0.48,0.53,0.41,0.46,4.0,0.36,0.36,1.17,2.43,1.0,44.0,0.36,0.36,80.0,2021
3.5,4.5,4.5,9,3,3,78.0,6.9,3,33.0,7,0.31,0.47,0.31,0.47,2.0,0.21,0.48,0.62,2.27,4.0,41.0,0.48,0.21,96.0,2122
0.7,1.2,1.2,3,2,2,13.0,1.5,2,9.0,2,0.1,0.13,0.1,0.13,0.0,0.17,0.17,0.26,0.77,0.0,6.0,0.17,0.17,5.0,2324
1.8,6.4,6.4,15,4,4,70.0,9.1,4,42.0,5,0.31,0.44,0.31,0.44,10.0,0.2,0.24,0.73,2.06,2.0,91.0,0.24,0.2,150.0,2122
4.0,1.1,1.1,6,1,1,36.0,3.1,1,18.0,3,0.12,0.32,0.12,0.32,3.0,0.1,0.31,0.63,1.88,0.0,19.0,0.31,0.1,77.0,2324
1.5,0.6,0.6,1,0,0,8.0,1.0,0,11.0,0,0.08,0.13,0.08,0.13,0.0,0.0,0.0,0.13,1.42,1.0,11.0,0.0,0.0,14.0,2223
0.2,0.4,0.4,2,1,1,6.0,0.6,1,9.0,1,0.02,0.03,0.02,0.03,0.0,0.06,0.06,0.12,0.52,2.0,7.0,0.06,0.06,12.0,2021
0.0,0.2,0.2,2,0,0,3.0,0.6,0,8.0,2,0.02,0.07,0.02,0.07,0.0,0.0,0.22,0.22,0.89,1.0,4.0,0.22,0.0,2.0,2122
3.5,5.5,5.5,17,4,4,84.0,7.8,4,43.0,6,0.24,0.34,0.24,0.34,1.0,0.18,0.26,0.75,1.9,6.0,63.0,0.26,0.18,124.0,2122
0.2,2.9,2.9,17,3,3,52.0,5.5,3,57.0,3,0.09,0.17,0.09,0.17,0.0,0.09,0.09,0.52,1.74,7.0,52.0,0.09,0.09,171.0,1819
0.7,0.2,0.2,2,0,0,5.0,1.2,0,7.0,0,0.05,0.25,0.05,0.25,0.0,0.0,0.0,0.43,1.5,0.0,16.0,0.0,0.0,19.0,1920
1.1,0.7,0.5,4,0,0,21.0,2.5,0,14.0,1,0.05,0.21,0.04,0.2,2.0,0.0,0.08,0.32,1.11,1.0,19.0,0.08,0.0,114.0,2021
7.2,3.2,3.2,10,4,4,39.0,5.0,4,22.0,5,0.45,0.69,0.45,0.69,6.0,0.55,0.69,1.38,3.04,5.0,21.0,0.69,0.55,48.0,2223
2.2,7.2,5.7,15,5,5,77.0,6.2,3,43.0,6,0.47,0.51,0.37,0.4,7.0,0.32,0.39,0.97,2.79,6.0,35.0,0.26,0.19,115.0,2324
19.0,20.2,17.9,60,22,22,272.0,27.2,19,134.0,30,0.56,0.82,0.49,0.75,27.0,0.61,0.83,1.66,3.71,12.0,109.0,0.75,0.53,429.0,1819
19.3,19.0,16.6,56,19,19,291.0,24.5,16,129.0,29,0.59,0.84,0.52,0.77,20.0,0.59,0.91,1.75,4.04,13.0,88.0,0.81,0.5,347.0,1920
22.7,19.3,14.6,46,22,22,275.0,20.8,16,120.0,27,0.56,0.75,0.43,0.61,13.0,0.64,0.79,1.35,3.51,13.0,116.0,0.61,0.47,396.0,2021
21.6,22.7,17.8,49,23,23,301.0,27.8,18,133.0,36,0.74,1.07,0.58,0.91,12.0,0.75,1.17,1.6,4.33,18.0,99.0,1.01,0.59,451.0,2122
21.2,21.6,18.5,45,19,19,301.0,25.7,17,121.0,31,0.59,0.79,0.51,0.7,22.0,0.52,0.85,1.23,3.31,12.0,110.0,0.79,0.47,421.0,2223
25.2,21.2,15.5,47,18,18,241.0,27.3,13,107.0,28,0.75,1.17,0.55,0.97,17.0,0.64,0.99,1.67,3.8,21.0,77.0,0.82,0.46,341.0,2324
1.7,0.9,0.9,3,1,1,26.0,1.6,1,12.0,1,0.04,0.07,0.04,0.07,0.0,0.04,0.04,0.13,0.54,2.0,24.0,0.04,0.04,10.0,2122
3.9,1.7,1.7,3,1,1,28.0,2.9,1,12.0,2,0.1,0.18,0.1,0.18,2.0,0.06,0.12,0.19,0.74,2.0,22.0,0.12,0.06,72.0,2223
0.0,3.9,3.9,11,2,2,61.0,7.2,2,30.0,5,0.16,0.3,0.16,0.3,3.0,0.08,0.21,0.46,1.26,4.0,27.0,0.21,0.08,76.0,2324
0.3,1.4,1.4,1,1,1,16.0,1.9,1,7.0,2,0.05,0.06,0.05,0.06,1.0,0.03,0.07,0.03,0.23,0.0,13.0,0.07,0.03,2.0,1920
1.5,2.0,2.0,9,0,0,35.0,2.7,0,24.0,0,0.06,0.08,0.06,0.08,2.0,0.0,0.0,0.27,0.73,3.0,16.0,0.0,0.0,7.0,2122
0.2,1.5,1.5,4,0,0,25.0,2.1,0,19.0,1,0.07,0.1,0.07,0.1,1.0,0.0,0.05,0.18,0.87,3.0,5.0,0.05,0.0,4.0,2223
0.8,0.2,0.2,1,0,0,7.0,0.5,0,4.0,1,0.02,0.04,0.02,0.04,1.0,0.0,0.09,0.09,0.35,0.0,5.0,0.09,0.0,6.0,2324
3.8,3.2,3.2,14,5,5,61.0,7.6,5,36.0,9,0.12,0.3,0.12,0.3,9.0,0.19,0.35,0.54,1.4,7.0,47.0,0.35,0.19,165.0,1920
2.6,3.8,3.0,10,4,4,63.0,5.6,3,22.0,4,0.13,0.23,0.11,0.2,9.0,0.14,0.14,0.35,0.77,2.0,31.0,0.11,0.11,143.0,2021
1.8,2.6,2.6,5,2,2,26.0,5.3,2,13.0,4,0.18,0.37,0.18,0.37,1.0,0.14,0.28,0.35,0.91,1.0,12.0,0.28,0.14,83.0,2122
1.7,1.8,1.8,9,3,3,23.0,6.2,3,19.0,5,0.06,0.23,0.06,0.23,1.0,0.11,0.18,0.33,0.7,4.0,33.0,0.18,0.11,67.0,2223
0.5,1.7,1.7,7,3,3,29.0,2.6,3,19.0,3,0.08,0.12,0.08,0.12,2.0,0.13,0.13,0.31,0.85,1.0,21.0,0.13,0.13,69.0,2324
4.0,3.6,3.6,10,6,6,34.0,3.9,6,20.0,6,0.6,0.65,0.6,0.65,3.0,1.0,1.0,1.66,3.33,1.0,22.0,1.0,1.0,42.0,1819
0.0,10.2,10.2,24,13,13,82.0,11.1,13,52.0,13,0.54,0.59,0.54,0.59,5.0,0.69,0.69,1.27,2.76,3.0,43.0,0.69,0.69,104.0,2021
6.3,4.9,4.9,10,5,5,58.0,5.1,5,28.0,7,0.4,0.42,0.4,0.42,12.0,0.41,0.57,0.82,2.3,0.0,43.0,0.57,0.41,77.0,2122
2.1,6.3,6.3,14,6,6,57.0,7.4,6,38.0,6,0.57,0.67,0.57,0.67,8.0,0.54,0.54,1.27,3.44,5.0,29.0,0.54,0.54,76.0,2223
19.4,2.1,2.1,3,0,0,22.0,2.8,0,16.0,0,0.28,0.38,0.28,0.38,7.0,0.0,0.0,0.41,2.2,1.0,32.0,0.0,0.0,38.0,2324
0.4,1.7,1.7,8,1,1,28.0,4.3,1,28.0,2,0.05,0.12,0.05,0.12,0.0,0.03,0.06,0.23,0.8,3.0,39.0,0.06,0.03,61.0,2223
0.8,0.4,0.4,4,1,1,9.0,3.0,1,13.0,4,0.01,0.09,0.01,0.09,0.0,0.03,0.13,0.13,0.41,1.0,36.0,0.13,0.03,27.0,2324
0.6,0.3,0.3,2,1,1,2.0,1.1,1,11.0,2,0.02,0.05,0.02,0.05,0.0,0.04,0.09,0.09,0.49,0.0,33.0,0.09,0.04,12.0,2021
0.1,0.8,0.8,4,1,1,12.0,1.2,1,10.0,1,0.17,0.25,0.17,0.25,1.0,0.22,0.22,0.87,2.17,1.0,18.0,0.22,0.22,27.0,2021
0.7,6.0,4.4,19,5,5,76.0,12.7,3,57.0,13,0.18,0.43,0.13,0.38,6.0,0.15,0.39,0.58,1.73,6.0,91.0,0.33,0.09,157.0,2223
6.3,6.9,6.1,13,5,5,103.0,14.5,4,70.0,15,0.2,0.44,0.17,0.41,6.0,0.14,0.43,0.37,2.0,7.0,78.0,0.4,0.11,181.0,2324
2.3,5.7,5.7,24,9,9,69.0,9.3,9,53.0,11,0.24,0.39,0.24,0.39,6.0,0.37,0.46,1.0,2.2,8.0,72.0,0.46,0.37,195.0,1718
3.8,2.3,2.3,11,5,5,32.0,4.5,5,36.0,8,0.08,0.17,0.08,0.17,1.0,0.19,0.3,0.41,1.35,2.0,56.0,0.3,0.19,96.0,1819
0.0,3.8,3.8,12,5,5,57.0,7.0,5,39.0,9,0.16,0.29,0.16,0.29,3.0,0.21,0.37,0.5,1.62,5.0,68.0,0.37,0.21,142.0,1920
0.0,0.9,0.9,3,2,2,16.0,3.8,2,11.0,5,0.1,0.42,0.1,0.42,0.0,0.22,0.54,0.33,1.2,2.0,26.0,0.54,0.22,46.0,2021
1.5,3.3,3.3,9,2,2,46.0,7.3,2,41.0,5,0.15,0.33,0.15,0.33,2.0,0.09,0.23,0.41,1.88,5.0,61.0,0.23,0.09,98.0,2324
0.3,0.7,0.7,3,0,0,17.0,1.3,0,10.0,1,0.03,0.05,0.03,0.05,0.0,0.0,0.04,0.12,0.41,0.0,22.0,0.04,0.0,21.0,2021
4.2,2.4,2.4,7,2,2,58.0,4.1,2,26.0,5,0.17,0.3,0.17,0.3,11.0,0.14,0.36,0.51,1.88,6.0,47.0,0.36,0.14,92.0,2324
1.6,1.7,1.7,4,2,2,36.0,3.3,2,30.0,7,0.05,0.09,0.05,0.09,1.0,0.06,0.2,0.11,0.86,4.0,55.0,0.2,0.06,69.0,2324
2.9,1.9,1.9,4,1,1,48.0,2.9,1,18.0,2,0.09,0.14,0.09,0.14,3.0,0.05,0.1,0.19,0.87,2.0,24.0,0.1,0.05,55.0,1920
3.2,2.9,2.9,9,3,3,63.0,4.0,3,23.0,4,0.1,0.14,0.1,0.14,2.0,0.1,0.14,0.31,0.78,3.0,39.0,0.14,0.1,55.0,2021
2.8,1.8,1.8,6,2,2,22.0,3.2,2,13.0,4,0.14,0.25,0.14,0.25,6.0,0.16,0.31,0.47,1.01,2.0,27.0,0.31,0.16,39.0,2324
7.7,6.6,6.6,18,5,5,112.0,11.3,5,43.0,10,0.27,0.47,0.27,0.47,9.0,0.21,0.41,0.74,1.78,5.0,70.0,0.41,0.21,232.0,1920
4.6,7.7,6.9,17,6,6,109.0,9.9,5,37.0,11,0.3,0.42,0.27,0.39,4.0,0.23,0.43,0.66,1.43,4.0,66.0,0.39,0.19,222.0,2021
4.6,4.6,4.6,16,6,6,122.0,13.3,6,42.0,14,0.18,0.51,0.18,0.51,4.0,0.23,0.54,0.62,1.62,5.0,77.0,0.54,0.23,242.0,2122
4.1,4.6,3.6,9,5,5,104.0,7.1,4,32.0,9,0.18,0.31,0.14,0.27,4.0,0.19,0.35,0.35,1.23,7.0,49.0,0.31,0.15,218.0,2223
5.8,4.1,3.3,12,3,3,117.0,7.0,2,33.0,8,0.21,0.39,0.17,0.35,4.0,0.15,0.4,0.6,1.66,2.0,60.0,0.35,0.1,214.0,2324
5.5,7.8,5.5,23,8,8,103.0,7.8,5,62.0,10,0.35,0.46,0.25,0.35,11.0,0.36,0.45,1.03,2.79,12.0,82.0,0.31,0.22,115.0,2324
1.3,0.5,0.5,1,1,1,5.0,0.5,1,4.0,1,0.06,0.06,0.06,0.06,0.0,0.12,0.12,0.12,0.49,0.0,3.0,0.12,0.12,0.0,1718
1.2,0.1,0.1,1,0,0,5.0,0.2,0,1.0,0,0.0,0.01,0.0,0.01,2.0,0.0,0.0,0.06,0.06,0.0,5.0,0.0,0.0,1.0,1920
0.6,1.2,1.2,4,1,1,22.0,1.2,1,11.0,1,0.05,0.05,0.05,0.05,4.0,0.04,0.04,0.17,0.48,0.0,11.0,0.04,0.04,8.0,2021
2.7,0.6,0.6,2,0,0,19.0,0.8,0,8.0,1,0.03,0.04,0.03,0.04,1.0,0.0,0.05,0.09,0.37,0.0,15.0,0.05,0.0,7.0,2122
0.7,2.7,2.7,7,3,3,52.0,3.0,3,21.0,3,0.1,0.11,0.1,0.11,4.0,0.11,0.11,0.26,0.77,2.0,14.0,0.11,0.11,11.0,2223
1.5,0.7,0.7,3,1,1,7.0,0.8,1,7.0,1,0.06,0.06,0.06,0.06,0.0,0.08,0.08,0.25,0.59,0.0,9.0,0.08,0.08,1.0,2324
11.5,17.1,15.5,37,15,15,141.0,18.2,14,88.0,19,0.76,0.88,0.69,0.81,17.0,0.67,0.85,1.65,3.93,8.0,65.0,0.8,0.62,164.0,1819
1.0,11.5,7.5,21,16,16,113.0,9.2,12,51.0,18,0.47,0.54,0.31,0.38,11.0,0.66,0.74,0.86,2.1,3.0,94.0,0.58,0.49,134.0,1920
19.3,5.3,5.3,9,1,1,49.0,6.3,1,30.0,1,0.7,0.83,0.7,0.83,6.0,0.13,0.13,1.2,3.99,5.0,17.0,0.13,0.13,45.0,2021
3.8,19.3,15.3,37,21,21,149.0,19.3,16,83.0,25,0.79,0.95,0.63,0.79,10.0,0.86,1.02,1.51,3.38,6.0,94.0,0.82,0.65,157.0,2122
5.1,2.2,2.2,7,2,2,68.0,6.2,2,23.0,8,0.18,0.49,0.18,0.49,2.0,0.16,0.63,0.55,1.81,0.0,34.0,0.63,0.16,148.0,1819
4.6,5.1,5.1,23,5,5,90.0,10.8,5,41.0,10,0.26,0.55,0.26,0.55,9.0,0.25,0.51,1.17,2.08,2.0,75.0,0.51,0.25,204.0,1920
8.0,4.6,4.6,25,4,4,103.0,11.3,4,50.0,15,0.17,0.43,0.17,0.43,10.0,0.15,0.57,0.94,1.88,6.0,60.0,0.57,0.15,270.0,2021
0.0,0.5,0.5,2,1,1,10.0,1.6,1,5.0,3,0.03,0.1,0.03,0.1,0.0,0.06,0.19,0.13,0.32,1.0,22.0,0.19,0.06,12.0,2324
1.5,0.8,0.8,2,1,1,38.0,1.2,1,14.0,1,0.06,0.08,0.06,0.08,3.0,0.07,0.07,0.15,1.02,1.0,49.0,0.07,0.07,78.0,2021
0.2,1.5,1.5,1,0,0,26.0,1.8,0,11.0,0,0.29,0.35,0.29,0.35,0.0,0.0,0.0,0.2,2.17,1.0,23.0,0.0,0.0,30.0,2122
0.6,3.4,2.6,9,2,2,65.0,4.7,1,44.0,3,0.18,0.29,0.14,0.24,1.0,0.1,0.16,0.47,2.31,6.0,67.0,0.1,0.05,159.0,1920
0.9,0.6,0.6,3,0,0,36.0,2.8,0,15.0,1,0.06,0.28,0.06,0.28,2.0,0.0,0.1,0.3,1.5,3.0,37.0,0.1,0.0,102.0,2021
1.6,8.3,6.0,14,7,7,77.0,8.2,5,45.0,9,0.4,0.51,0.29,0.4,24.0,0.34,0.43,0.67,2.16,3.0,67.0,0.34,0.24,133.0,1819
5.2,1.6,0.8,7,2,2,22.0,0.9,2,12.0,2,0.24,0.25,0.12,0.13,1.0,0.29,0.29,1.03,1.76,1.0,25.0,0.29,0.29,42.0,1920
1.5,1.5,1.5,2,0,0,21.0,1.7,0,17.0,1,0.04,0.05,0.04,0.05,0.0,0.0,0.03,0.06,0.49,0.0,11.0,0.03,0.0,15.0,1718
1.0,1.5,1.5,3,1,1,17.0,2.1,1,10.0,2,0.05,0.07,0.05,0.07,0.0,0.03,0.06,0.1,0.32,1.0,21.0,0.06,0.03,10.0,1819
0.6,3.9,2.3,3,4,4,23.0,2.9,2,10.0,4,0.14,0.16,0.08,0.1,3.0,0.14,0.14,0.11,0.35,0.0,21.0,0.07,0.07,14.0,2122
0.1,1.1,1.1,1,1,1,7.0,1.2,1,5.0,1,0.07,0.08,0.07,0.08,0.0,0.06,0.06,0.06,0.31,0.0,4.0,0.06,0.06,6.0,2324
2.2,0.9,0.9,3,0,0,37.0,3.4,0,15.0,3,0.04,0.13,0.04,0.13,3.0,0.0,0.12,0.12,0.58,1.0,40.0,0.12,0.0,96.0,1819
0.2,2.2,2.2,4,2,2,30.0,3.3,2,15.0,3,0.08,0.12,0.08,0.12,2.0,0.07,0.11,0.15,0.55,1.0,39.0,0.11,0.07,58.0,1920
3.8,0.2,0.2,1,0,0,11.0,0.4,0,3.0,0,0.01,0.02,0.01,0.02,0.0,0.0,0.0,0.06,0.17,0.0,18.0,0.0,0.0,34.0,2021
1.3,2.4,2.4,4,2,2,25.0,3.3,2,17.0,2,0.11,0.16,0.11,0.16,3.0,0.09,0.09,0.19,0.8,3.0,29.0,0.09,0.09,70.0,2223
0.0,2.2,2.2,4,0,0,47.0,2.7,0,16.0,0,0.25,0.32,0.25,0.32,1.0,0.0,0.0,0.47,1.87,1.0,30.0,0.0,0.0,74.0,1819
5.1,0.9,0.9,1,1,1,10.0,1.5,1,4.0,2,0.51,0.87,0.51,0.87,4.0,0.59,1.18,0.59,2.37,0.0,3.0,1.18,0.59,15.0,1819
3.0,5.1,5.1,11,5,5,46.0,6.0,5,34.0,6,0.44,0.52,0.44,0.52,9.0,0.43,0.52,0.95,2.94,4.0,21.0,0.52,0.43,103.0,1819
4.1,3.0,3.0,15,5,5,69.0,4.8,5,45.0,7,0.22,0.34,0.22,0.34,9.0,0.36,0.5,1.08,3.24,4.0,34.0,0.5,0.36,102.0,1920
1.4,4.1,4.1,12,4,4,45.0,5.6,4,31.0,6,0.44,0.6,0.44,0.6,7.0,0.43,0.64,1.28,3.3,2.0,17.0,0.64,0.43,66.0,2021
2.7,1.4,1.4,7,2,2,17.0,1.9,2,12.0,2,0.26,0.36,0.26,0.36,3.0,0.38,0.38,1.33,2.28,2.0,17.0,0.38,0.38,28.0,2122
4.3,2.7,2.7,9,3,3,48.0,3.9,3,32.0,4,0.21,0.3,0.21,0.3,13.0,0.23,0.31,0.7,2.5,4.0,45.0,0.31,0.23,84.0,2223
1.6,4.3,3.5,11,3,3,70.0,5.5,3,42.0,5,0.16,0.23,0.13,0.2,21.0,0.11,0.18,0.4,1.54,2.0,55.0,0.18,0.11,167.0,2324
2.4,2.6,2.6,11,2,2,55.0,4.1,2,27.0,3,0.21,0.33,0.21,0.33,3.0,0.16,0.24,0.89,2.18,4.0,48.0,0.24,0.16,76.0,2425
2.4,2.9,2.9,8,1,1,47.0,4.4,1,30.0,3,0.44,0.65,0.44,0.65,2.0,0.15,0.45,1.2,4.49,4.0,41.0,0.45,0.15,79.0,1819
5.3,2.4,1.6,5,0,0,23.0,2.6,0,11.0,2,1.15,1.61,0.77,1.24,1.0,0.0,0.95,2.37,5.21,3.0,13.0,0.95,0.0,35.0,1920
7.0,5.3,4.5,21,9,9,76.0,7.6,8,64.0,11,0.35,0.56,0.3,0.5,2.0,0.6,0.73,1.4,4.25,6.0,59.0,0.66,0.53,96.0,1920
5.9,7.0,6.2,38,8,8,119.0,12.2,8,88.0,16,0.22,0.4,0.19,0.38,11.0,0.25,0.49,1.17,2.71,11.0,103.0,0.49,0.25,253.0,2021
3.0,5.9,5.9,27,6,6,78.0,10.3,6,71.0,12,0.25,0.43,0.25,0.43,6.0,0.25,0.51,1.14,2.99,4.0,63.0,0.51,0.25,158.0,2122
0.0,0.3,0.3,4,1,1,11.0,0.4,1,6.0,1,0.16,0.25,0.16,0.25,0.0,0.59,0.59,2.35,3.53,1.0,6.0,0.59,0.59,20.0,1920
0.3,4.4,4.4,12,5,5,78.0,8.5,5,35.0,7,0.25,0.48,0.25,0.48,1.0,0.29,0.4,0.69,2.0,1.0,54.0,0.4,0.29,139.0,2324
0.4,2.6,2.6,5,3,3,23.0,2.9,3,7.0,3,0.79,0.88,0.79,0.88,5.0,0.92,0.92,1.53,2.14,0.0,17.0,0.92,0.92,21.0,2223
1.5,2.5,2.5,7,0,0,45.0,4.3,0,18.0,3,0.23,0.4,0.23,0.4,3.0,0.0,0.28,0.66,1.7,2.0,37.0,0.28,0.0,113.0,1819
2.2,1.5,1.5,5,1,1,34.0,2.7,1,15.0,3,0.21,0.36,0.21,0.36,1.0,0.13,0.4,0.67,2.0,2.0,17.0,0.4,0.13,120.0,1920
0.0,2.2,2.2,4,3,3,40.0,4.1,3,19.0,4,0.19,0.34,0.19,0.34,2.0,0.25,0.33,0.33,1.59,2.0,27.0,0.33,0.25,92.0,2021
0.5,1.4,1.4,3,1,1,19.0,1.6,1,14.0,2,0.16,0.18,0.16,0.18,3.0,0.12,0.23,0.35,1.62,2.0,20.0,0.23,0.12,53.0,2122
0.0,0.5,0.5,2,1,1,8.0,0.9,1,6.0,1,0.18,0.35,0.18,0.35,1.0,0.39,0.39,0.78,2.33,1.0,9.0,0.39,0.39,26.0,2223
1.1,0.6,0.6,4,1,1,16.0,2.7,1,21.0,2,0.04,0.17,0.04,0.17,3.0,0.06,0.13,0.25,1.33,0.0,18.0,0.13,0.06,134.0,1819
0.9,1.1,1.1,9,0,0,26.0,4.8,0,31.0,2,0.05,0.22,0.05,0.22,2.0,0.0,0.09,0.41,1.42,2.0,17.0,0.09,0.0,146.0,1920
1.6,0.9,0.9,2,0,0,20.0,3.0,0,19.0,2,0.05,0.16,0.05,0.16,3.0,0.0,0.11,0.11,1.02,1.0,24.0,0.11,0.0,111.0,2021
0.1,0.6,0.6,4,0,0,11.0,4.6,0,11.0,6,0.03,0.24,0.03,0.24,0.0,0.0,0.31,0.21,0.57,0.0,10.0,0.31,0.0,97.0,2223
0.1,0.1,0.1,3,0,0,7.0,0.3,0,4.0,1,0.01,0.03,0.01,0.03,0.0,0.0,0.12,0.36,0.48,0.0,5.0,0.12,0.0,2.0,2122
0.9,0.2,0.2,3,0,0,8.0,0.8,0,7.0,0,0.01,0.04,0.01,0.04,0.0,0.0,0.0,0.17,0.39,1.0,23.0,0.0,0.0,22.0,2324
1.5,1.2,1.2,6,0,0,30.0,3.5,0,18.0,3,0.05,0.16,0.05,0.16,1.0,0.0,0.14,0.27,0.82,0.0,21.0,0.14,0.0,87.0,2122
0.4,1.5,1.5,6,0,0,39.0,5.3,0,23.0,5,0.08,0.27,0.08,0.27,2.0,0.0,0.26,0.31,1.2,4.0,20.0,0.26,0.0,81.0,2223
0.2,0.4,0.4,4,0,0,11.0,1.8,0,9.0,3,0.02,0.12,0.02,0.12,4.0,0.0,0.2,0.26,0.59,0.0,7.0,0.2,0.0,72.0,2324
0.4,0.2,0.2,1,1,1,14.0,2.3,1,4.0,3,0.03,0.28,0.03,0.28,1.0,0.13,0.38,0.13,0.5,1.0,4.0,0.38,0.13,40.0,2425
0.5,1.3,0.5,2,1,1,7.0,2.9,0,12.0,3,0.05,0.15,0.02,0.12,2.0,0.04,0.12,0.08,0.5,3.0,32.0,0.08,0.0,33.0,1920
0.6,1.4,1.4,6,3,3,32.0,2.9,3,18.0,3,0.07,0.15,0.07,0.15,0.0,0.16,0.16,0.31,0.94,1.0,33.0,0.16,0.16,63.0,1920
1.5,0.6,0.6,3,0,0,15.0,1.9,0,10.0,2,0.02,0.08,0.02,0.08,0.0,0.0,0.08,0.13,0.42,1.0,48.0,0.08,0.0,39.0,2021
0.3,1.5,1.5,9,2,2,29.0,3.6,2,17.0,6,0.08,0.19,0.08,0.19,0.0,0.1,0.3,0.46,0.86,3.0,35.0,0.3,0.1,62.0,2122
0.1,3.5,1.1,4,3,3,17.0,2.0,0,18.0,3,0.18,0.22,0.06,0.1,1.0,0.15,0.15,0.2,0.9,3.0,10.0,0.0,0.0,39.0,1819
0.4,3.2,1.6,13,4,4,15.0,3.9,2,39.0,8,0.11,0.2,0.06,0.14,0.0,0.14,0.29,0.47,1.41,1.0,45.0,0.22,0.07,28.0,2223
0.7,0.4,0.4,2,0,0,6.0,1.2,0,10.0,3,0.02,0.06,0.02,0.06,0.0,0.0,0.14,0.09,0.46,0.0,27.0,0.14,0.0,17.0,2324
10.2,12.6,9.5,44,18,18,107.0,15.2,15,85.0,26,0.46,0.67,0.34,0.55,17.0,0.65,0.94,1.6,3.09,9.0,73.0,0.84,0.55,178.0,1718
6.9,10.2,5.5,38,9,9,120.0,10.9,5,85.0,16,0.46,0.71,0.25,0.49,18.0,0.41,0.72,1.72,3.85,11.0,53.0,0.54,0.23,175.0,1819
2.4,4.7,4.7,32,6,6,127.0,11.6,6,84.0,14,0.15,0.37,0.15,0.37,9.0,0.19,0.45,1.03,2.71,4.0,102.0,0.45,0.19,231.0,2122
2.2,2.4,1.6,6,2,2,43.0,4.4,1,24.0,4,0.23,0.48,0.15,0.41,7.0,0.19,0.37,0.56,2.25,2.0,34.0,0.28,0.09,76.0,2223
0.7,2.2,2.2,7,1,1,54.0,4.6,1,28.0,3,0.19,0.39,0.19,0.39,8.0,0.09,0.26,0.6,2.4,3.0,43.0,0.26,0.09,77.0,2324
0.4,1.6,1.6,7,2,2,20.0,4.4,2,12.0,5,0.18,0.48,0.18,0.48,1.0,0.22,0.55,0.77,1.33,1.0,14.0,0.55,0.22,36.0,1920
2.2,0.4,0.4,2,0,0,16.0,1.0,0,9.0,0,0.07,0.18,0.07,0.18,0.0,0.0,0.0,0.35,1.56,2.0,14.0,0.0,0.0,19.0,2021
0.6,2.2,2.2,7,3,3,30.0,4.1,3,26.0,4,0.17,0.31,0.17,0.31,0.0,0.23,0.31,0.54,1.99,4.0,30.0,0.31,0.23,42.0,2122
0.3,0.4,0.4,1,1,1,4.0,0.8,1,6.0,1,0.07,0.15,0.07,0.15,0.0,0.21,0.21,0.21,1.23,0.0,5.0,0.21,0.21,23.0,1920
1.1,0.3,0.3,2,0,0,19.0,3.1,0,9.0,2,0.01,0.15,0.01,0.15,2.0,0.0,0.1,0.1,0.43,0.0,18.0,0.1,0.0,96.0,1920
0.6,1.1,1.1,3,1,1,25.0,1.4,1,11.0,1,0.05,0.06,0.05,0.06,2.0,0.05,0.05,0.14,0.5,0.0,10.0,0.05,0.05,37.0,2021
1.3,0.6,0.6,1,0,0,20.0,2.0,0,8.0,1,0.03,0.1,0.03,0.1,0.0,0.0,0.05,0.05,0.4,1.0,25.0,0.05,0.0,67.0,2021
0.8,1.3,1.3,3,3,3,13.0,1.7,3,10.0,3,0.08,0.1,0.08,0.1,0.0,0.17,0.17,0.17,0.58,1.0,7.0,0.17,0.17,10.0,2122
0.5,0.8,0.8,4,1,1,19.0,1.7,1,9.0,2,0.04,0.09,0.04,0.09,3.0,0.05,0.11,0.22,0.49,3.0,15.0,0.11,0.05,34.0,2223
0.0,1.3,1.3,4,1,1,36.0,3.1,1,7.0,4,0.06,0.15,0.06,0.15,1.0,0.05,0.19,0.19,0.34,1.0,10.0,0.19,0.05,95.0,1819
1.2,3.1,3.1,6,2,2,43.0,4.9,2,19.0,2,0.12,0.18,0.12,0.18,2.0,0.08,0.08,0.23,0.72,5.0,22.0,0.08,0.08,129.0,1920
0.8,0.9,0.9,3,0,0,26.0,2.9,0,17.0,0,0.03,0.11,0.03,0.11,0.0,0.0,0.0,0.12,0.66,2.0,31.0,0.0,0.0,69.0,1920
1.2,0.8,0.8,2,0,0,22.0,2.4,0,10.0,0,0.03,0.09,0.03,0.09,1.0,0.0,0.0,0.08,0.38,1.0,25.0,0.0,0.0,58.0,2021
0.6,1.2,1.2,1,0,0,32.0,3.4,0,21.0,1,0.04,0.1,0.04,0.1,3.0,0.0,0.03,0.03,0.65,2.0,44.0,0.03,0.0,80.0,2122
1.0,0.6,0.6,2,0,0,16.0,1.2,0,9.0,0,0.04,0.08,0.04,0.08,0.0,0.0,0.0,0.14,0.65,3.0,18.0,0.0,0.0,52.0,2223
0.3,1.0,1.0,3,0,0,14.0,1.2,0,8.0,0,0.23,0.26,0.23,0.26,0.0,0.0,0.0,0.65,1.73,3.0,5.0,0.0,0.0,31.0,2324
2.2,2.2,2.2,6,3,3,18.0,3.5,3,18.0,4,0.26,0.42,0.26,0.42,0.0,0.36,0.48,0.72,2.15,1.0,11.0,0.48,0.36,36.0,1819
2.2,2.2,2.2,18,1,1,50.0,8.4,1,42.0,3,0.1,0.41,0.1,0.41,3.0,0.05,0.15,0.87,2.04,4.0,41.0,0.15,0.05,95.0,1920
0.5,2.2,2.2,14,2,2,30.0,5.3,2,42.0,8,0.1,0.25,0.1,0.25,4.0,0.1,0.38,0.67,2.0,6.0,50.0,0.38,0.1,82.0,2021
0.9,0.5,0.5,2,1,1,6.0,0.8,1,8.0,1,0.11,0.19,0.11,0.19,0.0,0.24,0.24,0.49,1.95,0.0,9.0,0.24,0.24,29.0,2122
1.9,0.9,0.9,6,0,0,16.0,3.0,0,16.0,1,0.12,0.4,0.12,0.4,1.0,0.0,0.13,0.79,2.11,0.0,33.0,0.13,0.0,34.0,2122
0.1,1.9,1.1,8,4,4,15.0,2.2,3,23.0,5,0.17,0.27,0.1,0.2,4.0,0.37,0.46,0.74,2.12,1.0,14.0,0.37,0.28,30.0,2223
0.2,0.1,0.1,3,1,1,7.0,0.7,1,4.0,1,0.05,0.28,0.05,0.28,0.0,0.41,0.41,1.22,1.62,1.0,6.0,0.41,0.41,13.0,2223
0.1,0.2,0.2,2,0,0,8.0,0.8,0,5.0,1,0.02,0.11,0.02,0.11,0.0,0.0,0.14,0.27,0.68,0.0,12.0,0.14,0.0,25.0,2223
0.8,3.3,3.3,14,2,2,63.0,6.0,2,32.0,4,0.11,0.2,0.11,0.2,8.0,0.07,0.13,0.46,1.05,5.0,52.0,0.13,0.07,179.0,2021
3.7,0.8,0.8,2,0,0,43.0,3.5,0,20.0,2,0.05,0.21,0.05,0.21,12.0,0.0,0.12,0.12,1.18,1.0,37.0,0.12,0.0,104.0,2122
3.8,1.4,1.4,6,2,2,36.0,4.0,2,16.0,7,0.07,0.2,0.07,0.2,4.0,0.1,0.34,0.3,0.79,2.0,29.0,0.34,0.1,156.0,2021
2.6,3.8,3.8,16,7,7,53.0,7.5,7,44.0,9,0.13,0.26,0.13,0.26,1.0,0.24,0.31,0.55,1.5,4.0,36.0,0.31,0.24,164.0,2122
0.8,1.3,1.3,4,2,2,44.0,4.2,2,12.0,5,0.06,0.2,0.06,0.2,7.0,0.1,0.24,0.19,0.58,0.0,35.0,0.24,0.1,170.0,2324
2.2,0.6,0.6,1,1,1,13.0,1.2,1,8.0,1,0.05,0.09,0.05,0.09,2.0,0.08,0.08,0.08,0.63,0.0,6.0,0.08,0.08,24.0,2324
0.1,0.0,0.0,1,0,0,1.0,0.1,0,1.0,0,0.01,0.04,0.01,0.04,0.0,0.0,0.0,0.31,0.31,0.0,5.0,0.0,0.0,6.0,1920
0.0,0.1,0.1,2,0,0,0.0,0.2,0,4.0,1,0.0,0.01,0.0,0.01,0.0,0.0,0.06,0.12,0.25,0.0,18.0,0.06,0.0,3.0,2021
0.1,0.0,0.0,1,0,0,0.0,0.0,0,1.0,0,0.0,0.0,0.0,0.0,0.0,0.0,0.0,0.09,0.09,0.0,12.0,0.0,0.0,8.0,2122
0.2,0.1,0.1,1,1,1,2.0,0.2,1,2.0,1,0.02,0.02,0.02,0.02,0.0,0.12,0.12,0.12,0.24,0.0,7.0,0.12,0.12,4.0,2223
0.2,0.2,0.2,2,0,0,2.0,1.3,0,7.0,1,0.02,0.11,0.02,0.11,0.0,0.0,0.09,0.17,0.6,1.0,11.0,0.09,0.0,13.0,2324
0.0,0.2,0.2,1,0,0,2.0,0.3,0,5.0,0,0.08,0.09,0.08,0.09,0.0,0.0,0.0,0.36,1.79,0.0,6.0,0.0,0.0,3.0,2021
0.3,0.4,0.4,1,0,0,8.0,0.5,0,6.0,0,0.04,0.05,0.04,0.05,0.0,0.0,0.0,0.09,0.57,0.0,10.0,0.0,0.0,11.0,2324
0.7,0.3,0.3,1,1,1,6.0,0.3,1,3.0,1,0.03,0.03,0.03,0.03,0.0,0.11,0.11,0.11,0.34,0.0,2.0,0.11,0.11,6.0,2021
1.6,0.7,0.7,2,2,2,10.0,1.2,2,5.0,2,0.07,0.12,0.07,0.12,0.0,0.2,0.2,0.2,0.49,0.0,4.0,0.2,0.2,8.0,2122
2.5,1.6,1.6,2,1,1,32.0,2.3,1,9.0,1,0.07,0.11,0.07,0.11,1.0,0.05,0.05,0.1,0.43,2.0,16.0,0.05,0.05,30.0,2223
0.2,2.5,2.5,5,2,2,38.0,3.7,2,20.0,4,0.11,0.16,0.11,0.16,0.0,0.09,0.18,0.22,0.88,4.0,8.0,0.18,0.09,18.0,2324
2.5,1.7,1.7,2,1,1,48.0,3.9,1,10.0,2,0.06,0.13,0.06,0.13,3.0,0.03,0.07,0.07,0.34,1.0,22.0,0.07,0.03,18.0,2324
3.8,0.8,0.8,4,1,1,27.0,1.2,1,13.0,1,0.11,0.15,0.11,0.15,3.0,0.13,0.13,0.52,1.68,0.0,18.0,0.13,0.13,63.0,2223
1.9,3.8,3.8,11,5,5,68.0,5.5,5,31.0,7,0.24,0.35,0.24,0.35,6.0,0.32,0.45,0.71,2.01,4.0,32.0,0.45,0.32,150.0,2324
5.1,7.6,7.6,22,6,6,137.0,12.2,6,74.0,10,0.21,0.34,0.21,0.34,15.0,0.17,0.28,0.61,2.04,10.0,85.0,0.28,0.17,301.0,1819
1.7,3.1,3.1,13,2,2,68.0,6.2,2,45.0,5,0.16,0.32,0.16,0.32,3.0,0.1,0.26,0.67,2.33,6.0,41.0,0.26,0.1,149.0,2021
0.0,1.7,1.7,9,1,1,46.0,5.6,1,26.0,6,0.08,0.27,0.08,0.27,3.0,0.05,0.29,0.44,1.28,5.0,28.0,0.29,0.05,131.0,2122
0.6,1.6,1.6,8,1,1,21.0,2.4,1,17.0,2,0.2,0.29,0.2,0.29,5.0,0.12,0.24,0.97,2.05,1.0,35.0,0.24,0.12,36.0,2021
3.5,0.6,0.6,5,0,0,20.0,1.2,0,12.0,1,0.07,0.13,0.07,0.13,3.0,0.0,0.11,0.56,1.34,2.0,40.0,0.11,0.0,44.0,2122
3.1,3.5,3.5,11,5,5,60.0,6.7,5,21.0,7,0.38,0.73,0.38,0.73,4.0,0.55,0.77,1.21,2.31,2.0,18.0,0.77,0.55,114.0,2324
2.4,2.6,2.6,18,4,4,54.0,5.0,4,39.0,5,0.11,0.2,0.11,0.2,3.0,0.16,0.2,0.73,1.59,4.0,48.0,0.2,0.16,114.0,2021
0.1,2.4,2.4,13,2,2,36.0,3.0,2,33.0,3,0.15,0.19,0.15,0.19,2.0,0.13,0.19,0.83,2.09,3.0,37.0,0.19,0.13,78.0,2122
0.5,0.1,0.1,1,0,0,3.0,0.3,0,2.0,0,0.03,0.12,0.03,0.12,0.0,0.0,0.0,0.33,0.67,0.0,8.0,0.0,0.0,8.0,1819
0.0,0.1,0.1,2,0,0,1.0,0.5,0,3.0,1,0.01,0.04,0.01,0.04,0.0,0.0,0.07,0.13,0.2,0.0,10.0,0.07,0.0,25.0,2122
0.3,1.5,1.5,4,3,3,9.0,1.6,3,10.0,3,0.13,0.14,0.13,0.14,0.0,0.26,0.26,0.34,0.86,0.0,8.0,0.26,0.26,3.0,1819
0.9,1.1,1.1,3,1,1,18.0,1.5,1,8.0,2,0.27,0.38,0.27,0.38,0.0,0.24,0.49,0.73,1.96,0.0,11.0,0.49,0.24,39.0,1718
8.7,13.2,10.1,22,8,8,141.0,13.9,5,67.0,10,0.47,0.61,0.36,0.5,12.0,0.29,0.36,0.79,2.4,7.0,74.0,0.25,0.18,181.0,2021
4.8,8.7,7.1,14,8,8,108.0,9.5,7,59.0,10,0.34,0.44,0.28,0.38,6.0,0.32,0.4,0.55,2.33,9.0,53.0,0.36,0.28,164.0,2122
5.7,4.8,4.8,13,1,1,49.0,5.4,1,32.0,1,0.39,0.43,0.39,0.43,1.0,0.08,0.08,1.05,2.58,2.0,38.0,0.08,0.08,61.0,2223
1.4,5.7,5.7,14,6,6,71.0,8.1,6,37.0,9,0.39,0.55,0.39,0.55,4.0,0.41,0.61,0.95,2.52,6.0,28.0,0.61,0.41,91.0,2324
0.8,1.3,1.3,7,1,1,23.0,2.7,1,25.0,1,0.06,0.13,0.06,0.13,2.0,0.05,0.05,0.33,1.2,2.0,31.0,0.05,0.05,67.0,2223
2.3,0.8,0.8,4,0,0,30.0,2.5,0,15.0,1,0.04,0.13,0.04,0.13,4.0,0.0,0.05,0.22,0.82,4.0,38.0,0.05,0.0,86.0,2324
1.9,1.2,1.2,7,1,1,27.0,2.4,1,21.0,2,0.12,0.23,0.12,0.23,3.0,0.1,0.19,0.67,2.01,1.0,24.0,0.19,0.1,47.0,2223
2.5,1.9,1.9,8,1,1,29.0,3.4,1,23.0,1,0.21,0.37,0.21,0.37,6.0,0.11,0.11,0.88,2.53,2.0,20.0,0.11,0.11,96.0,2223
1.0,1.1,1.1,1,0,0,20.0,1.7,0,10.0,1,0.06,0.09,0.06,0.09,0.0,0.0,0.05,0.05,0.53,0.0,13.0,0.05,0.0,8.0,2122
1.3,1.0,1.0,8,2,2,21.0,1.5,2,16.0,2,0.03,0.05,0.03,0.05,0.0,0.06,0.06,0.26,0.51,1.0,15.0,0.06,0.06,26.0,2223
0.1,0.3,0.3,1,0,0,2.0,0.3,0,9.0,0,0.02,0.03,0.02,0.03,0.0,0.0,0.0,0.09,0.78,0.0,9.0,0.0,0.0,3.0,2021
0.8,1.7,1.7,9,3,3,18.0,2.1,3,38.0,4,0.06,0.07,0.06,0.07,1.0,0.1,0.13,0.29,1.23,3.0,14.0,0.13,0.1,6.0,2223
1.6,0.8,0.8,3,1,1,8.0,1.2,1,19.0,2,0.04,0.06,0.04,0.06,0.0,0.05,0.1,0.15,0.98,2.0,9.0,0.1,0.05,5.0,2324
2.0,3.0,3.0,11,2,2,46.0,3.7,2,34.0,2,0.09,0.12,0.09,0.12,1.0,0.06,0.06,0.34,1.06,3.0,24.0,0.06,0.06,33.0,1920
2.6,2.0,2.0,4,1,1,32.0,2.9,1,17.0,1,0.07,0.1,0.07,0.1,0.0,0.03,0.03,0.13,0.56,1.0,12.0,0.03,0.03,32.0,2021
1.8,2.6,2.6,5,1,1,59.0,3.4,1,31.0,3,0.08,0.1,0.08,0.1,0.0,0.03,0.09,0.15,0.95,3.0,25.0,0.09,0.03,44.0,2122
5.5,1.8,1.8,7,0,0,35.0,2.3,0,18.0,0,0.08,0.1,0.08,0.1,0.0,0.0,0.0,0.31,0.79,3.0,17.0,0.0,0.0,29.0,2223
0.3,0.2,0.2,2,0,0,5.0,1.0,0,7.0,2,0.01,0.05,0.01,0.05,0.0,0.0,0.11,0.11,0.4,0.0,18.0,0.11,0.0,8.0,1920
0.2,0.3,0.3,3,0,0,9.0,1.0,0,6.0,0,0.02,0.08,0.02,0.08,0.0,0.0,0.0,0.24,0.49,2.0,14.0,0.0,0.0,12.0,2021
1.0,0.2,0.2,1,0,0,8.0,2.2,0,6.0,4,0.01,0.14,0.01,0.14,0.0,0.0,0.26,0.07,0.39,0.0,19.0,0.26,0.0,7.0,2122
0.3,1.0,1.0,4,2,2,25.0,3.6,2,11.0,4,0.05,0.17,0.05,0.17,1.0,0.1,0.19,0.19,0.53,2.0,22.0,0.19,0.1,17.0,2223
0.1,0.3,0.3,1,0,0,7.0,1.1,0,5.0,0,0.03,0.1,0.03,0.1,1.0,0.0,0.0,0.09,0.44,1.0,11.0,0.0,0.0,8.0,2324
0.2,0.1,0.1,1,1,1,6.0,0.6,1,1.0,1,0.0,0.03,0.0,0.03,2.0,0.05,0.05,0.05,0.05,0.0,19.0,0.05,0.05,30.0,1920
3.3,1.1,1.1,2,0,0,33.0,1.3,0,16.0,0,0.15,0.17,0.15,0.17,4.0,0.0,0.0,0.26,2.11,2.0,24.0,0.0,0.0,65.0,1819
1.6,3.3,3.3,14,5,5,46.0,4.5,5,30.0,6,0.34,0.46,0.34,0.46,3.0,0.51,0.61,1.43,3.07,3.0,44.0,0.61,0.51,115.0,1920
1.9,1.6,1.6,7,2,2,19.0,1.9,2,12.0,3,0.37,0.44,0.37,0.44,2.0,0.45,0.68,1.59,2.73,1.0,14.0,0.68,0.45,39.0,2021
0.0,1.9,1.9,6,1,1,34.0,2.9,1,15.0,3,0.29,0.43,0.29,0.43,4.0,0.15,0.44,0.88,2.21,0.0,28.0,0.44,0.15,77.0,2021
1.6,5.0,5.0,17,2,2,90.0,6.6,2,52.0,4,0.31,0.41,0.31,0.41,12.0,0.12,0.25,1.05,3.2,2.0,53.0,0.25,0.12,163.0,2223
0.8,0.3,0.3,1,1,1,5.0,0.4,1,4.0,1,0.04,0.05,0.04,0.05,0.0,0.12,0.12,0.12,0.49,0.0,6.0,0.12,0.12,8.0,1819
14.7,11.0,7.1,20,15,15,109.0,14.0,10,49.0,22,0.69,1.12,0.44,0.87,7.0,0.94,1.38,1.25,3.06,6.0,69.0,1.06,0.63,138.0,1819
10.8,13.1,8.4,16,9,9,113.0,15.6,4,64.0,14,0.83,1.29,0.53,0.99,3.0,0.57,0.89,1.02,4.07,7.0,73.0,0.57,0.25,163.0,2021
2.4,0.3,0.3,3,0,0,10.0,0.5,0,5.0,1,0.2,0.29,0.2,0.29,0.0,0.0,0.61,1.84,3.06,1.0,9.0,0.61,0.0,10.0,2021
10.2,2.4,2.4,6,2,2,55.0,4.1,2,22.0,2,0.18,0.31,0.18,0.31,6.0,0.15,0.15,0.45,1.67,2.0,58.0,0.15,0.15,80.0,2324
1.8,3.8,3.1,12,2,2,51.0,3.9,1,36.0,3,0.31,0.38,0.25,0.32,5.0,0.16,0.24,0.97,2.91,3.0,31.0,0.16,0.08,102.0,1819
5.0,1.8,1.7,10,4,4,31.0,2.3,4,17.0,5,0.39,0.53,0.37,0.51,3.0,0.89,1.12,2.23,3.8,1.0,7.0,1.12,0.89,48.0,1920
12.8,5.0,3.5,15,6,6,54.0,3.7,4,33.0,6,0.52,0.54,0.35,0.38,15.0,0.62,0.62,1.54,3.39,1.0,25.0,0.41,0.41,68.0,2021
0.5,12.4,10.0,23,12,12,105.0,13.2,9,50.0,20,0.5,0.63,0.41,0.54,11.0,0.49,0.81,0.94,2.03,4.0,50.0,0.69,0.37,119.0,2324
1.7,0.8,0.8,1,1,1,12.0,0.9,1,9.0,1,0.03,0.03,0.03,0.03,1.0,0.03,0.03,0.03,0.31,1.0,13.0,0.03,0.03,2.0,1920
2.0,1.6,1.6,6,2,2,25.0,1.7,2,18.0,3,0.06,0.06,0.06,0.06,1.0,0.07,0.11,0.22,0.65,2.0,7.0,0.11,0.07,6.0,2324
3.7,1.0,1.0,4,2,2,30.0,2.4,2,20.0,2,0.08,0.2,0.08,0.2,3.0,0.16,0.16,0.32,1.61,3.0,31.0,0.16,0.16,74.0,2122
2.3,0.2,0.2,1,0,0,7.0,0.4,0,3.0,0,0.06,0.1,0.06,0.1,0.0,0.0,0.0,0.24,0.72,0.0,2.0,0.0,0.0,3.0,1920
3.6,2.3,2.3,7,1,1,23.0,2.9,1,22.0,1,0.16,0.2,0.16,0.2,0.0,0.07,0.07,0.49,1.54,1.0,10.0,0.07,0.07,5.0,2021
3.0,1.6,1.6,6,4,4,23.0,3.3,4,18.0,9,0.06,0.13,0.06,0.13,1.0,0.16,0.36,0.24,0.72,3.0,14.0,0.36,0.16,14.0,2223
1.3,3.0,3.0,6,2,2,39.0,4.9,2,27.0,3,0.1,0.15,0.1,0.15,0.0,0.06,0.09,0.19,0.85,5.0,19.0,0.09,0.06,11.0,2324
0.4,2.3,2.3,8,1,1,97.0,12.8,1,30.0,6,0.08,0.45,0.08,0.45,9.0,0.04,0.21,0.28,1.06,4.0,49.0,0.21,0.04,255.0,1819
0.1,0.4,0.4,1,1,1,14.0,0.5,1,6.0,1,0.06,0.08,0.06,0.08,4.0,0.15,0.15,0.15,0.91,1.0,5.0,0.15,0.15,60.0,1920
4.9,2.6,2.6,10,0,0,81.0,4.1,0,33.0,0,0.17,0.27,0.17,0.27,10.0,0.0,0.0,0.67,2.22,5.0,39.0,0.0,0.0,147.0,2122
6.0,4.9,4.9,20,6,6,148.0,11.3,6,61.0,10,0.17,0.38,0.17,0.38,14.0,0.2,0.34,0.68,2.07,4.0,87.0,0.34,0.2,321.0,2223
4.2,6.0,6.0,19,5,5,148.0,11.7,5,56.0,16,0.24,0.46,0.24,0.46,12.0,0.2,0.64,0.76,2.23,6.0,76.0,0.64,0.2,302.0,2324
0.6,0.4,0.4,1,0,0,21.0,4.0,0,16.0,5,0.01,0.12,0.01,0.12,1.0,0.0,0.15,0.03,0.49,1.0,21.0,0.15,0.0,113.0,1819
0.4,0.6,0.6,1,0,0,13.0,1.6,0,8.0,0,0.03,0.06,0.03,0.06,0.0,0.0,0.0,0.04,0.32,0.0,21.0,0.0,0.0,82.0,1920
0.1,0.4,0.4,1,0,0,10.0,0.7,0,5.0,0,0.07,0.11,0.07,0.11,0.0,0.0,0.0,0.16,0.79,2.0,6.0,0.0,0.0,37.0,2021
0.0,0.1,0.1,1,1,1,12.0,0.5,1,3.0,1,0.01,0.05,0.01,0.05,2.0,0.09,0.09,0.09,0.27,0.0,15.0,0.09,0.09,30.0,2122
9.9,1.7,1.7,12,2,2,47.0,4.1,2,30.0,6,0.14,0.32,0.14,0.32,4.0,0.16,0.47,0.95,2.37,5.0,35.0,0.47,0.16,108.0,1819
3.9,9.9,6.7,19,4,4,90.0,12.4,1,76.0,7,0.39,0.62,0.27,0.49,8.0,0.16,0.28,0.75,3.01,8.0,54.0,0.16,0.04,200.0,1920
3.5,3.9,3.9,13,2,2,54.0,6.8,2,31.0,4,0.3,0.53,0.3,0.53,3.0,0.15,0.31,1.0,2.39,1.0,37.0,0.31,0.15,88.0,2021
2.8,3.5,3.5,6,2,2,26.0,5.5,2,24.0,5,0.35,0.55,0.35,0.55,6.0,0.2,0.5,0.6,2.41,5.0,23.0,0.5,0.2,64.0,2122
2.8,2.8,2.8,8,4,4,29.0,3.7,4,22.0,6,0.34,0.45,0.34,0.45,11.0,0.49,0.73,0.97,2.68,2.0,23.0,0.73,0.49,72.0,2223
0.2,2.8,2.8,5,2,2,26.0,4.1,2,23.0,4,0.33,0.48,0.33,0.48,0.0,0.23,0.47,0.59,2.7,2.0,7.0,0.47,0.23,75.0,2324
1.3,0.4,0.4,4,0,0,13.0,0.9,0,9.0,0,0.05,0.1,0.05,0.1,1.0,0.0,0.0,0.45,1.02,2.0,16.0,0.0,0.0,35.0,2122
0.8,1.3,1.3,9,2,2,33.0,2.5,2,29.0,3,0.05,0.1,0.05,0.1,1.0,0.08,0.12,0.37,1.19,5.0,29.0,0.12,0.08,99.0,2223
0.2,0.8,0.8,1,0,0,31.0,2.5,0,16.0,1,0.08,0.23,0.08,0.23,1.0,0.0,0.09,0.09,1.49,3.0,18.0,0.09,0.0,62.0,2324
0.3,0.2,0.2,3,1,1,16.0,1.9,1,5.0,2,0.05,0.39,0.05,0.39,0.0,0.21,0.41,0.62,1.03,1.0,10.0,0.41,0.21,47.0,2425
2.4,0.7,0.7,2,2,2,6.0,0.8,2,3.0,2,0.27,0.32,0.27,0.32,1.0,0.83,0.83,0.83,1.24,0.0,3.0,0.83,0.83,7.0,1819
1.4,1.6,1.6,3,2,2,29.0,2.1,2,6.0,4,0.05,0.07,0.05,0.07,1.0,0.06,0.13,0.1,0.19,0.0,48.0,0.13,0.06,38.0,2122
0.0,1.4,1.4,4,2,2,19.0,2.1,2,7.0,3,0.1,0.15,0.1,0.15,3.0,0.14,0.21,0.28,0.49,1.0,18.0,0.21,0.14,34.0,2223
1.2,0.3,0.3,2,0,0,17.0,1.3,0,7.0,2,0.03,0.12,0.03,0.12,1.0,0.0,0.18,0.18,0.63,1.0,18.0,0.18,0.0,49.0,2122
0.1,1.2,1.2,3,1,1,16.0,2.1,1,8.0,2,0.09,0.16,0.09,0.16,1.0,0.08,0.16,0.23,0.62,0.0,17.0,0.16,0.08,23.0,2223
1.4,2.6,2.6,3,1,1,19.0,3.2,1,26.0,1,0.09,0.1,0.09,0.1,0.0,0.03,0.03,0.1,0.84,3.0,39.0,0.03,0.03,20.0,1920
2.1,1.4,1.4,8,1,1,27.0,2.8,1,20.0,4,0.05,0.09,0.05,0.09,0.0,0.03,0.13,0.26,0.66,4.0,29.0,0.13,0.03,14.0,2021
0.2,0.7,0.7,1,1,1,20.0,1.1,1,16.0,2,0.03,0.04,0.03,0.04,0.0,0.04,0.08,0.04,0.62,3.0,19.0,0.08,0.04,15.0,2324
18.6,7.8,7.8,23,12,12,93.0,11.0,12,41.0,16,0.44,0.62,0.44,0.62,13.0,0.68,0.9,1.3,2.31,5.0,55.0,0.9,0.68,117.0,2223
0.5,1.6,1.6,3,1,1,13.0,1.6,1,10.0,1,0.05,0.05,0.05,0.05,0.0,0.03,0.03,0.1,0.33,1.0,12.0,0.03,0.03,0.0,1920
0.0,0.5,0.5,1,1,1,4.0,0.5,1,3.0,1,0.03,0.04,0.03,0.04,0.0,0.07,0.07,0.07,0.2,0.0,5.0,0.07,0.07,0.0,2021
0.4,1.9,1.9,4,2,2,18.0,2.1,2,14.0,2,0.06,0.07,0.06,0.07,3.0,0.06,0.06,0.13,0.45,0.0,14.0,0.06,0.06,5.0,2021
1.2,0.4,0.4,2,1,1,16.0,0.5,1,8.0,1,0.02,0.02,0.02,0.02,1.0,0.04,0.04,0.07,0.29,1.0,10.0,0.04,0.04,7.0,2122
0.4,0.1,0.1,1,0,0,7.0,0.5,0,4.0,1,0.01,0.03,0.01,0.03,1.0,0.0,0.06,0.06,0.23,0.0,6.0,0.06,0.0,2.0,2324
21.1,8.2,7.4,26,13,13,109.0,11.3,12,64.0,17,0.26,0.38,0.23,0.36,26.0,0.41,0.54,0.82,2.03,3.0,109.0,0.51,0.38,285.0,1718
4.9,21.1,13.3,51,22,22,170.0,22.8,13,108.0,33,0.57,0.83,0.36,0.62,11.0,0.6,0.89,1.38,2.92,12.0,110.0,0.65,0.35,293.0,1819
2.6,5.8,5.0,19,10,10,115.0,6.0,9,47.0,11,0.32,0.38,0.28,0.33,4.0,0.56,0.61,1.06,2.62,4.0,56.0,0.56,0.5,199.0,2021
8.1,2.6,2.6,7,1,1,56.0,4.3,1,23.0,3,0.34,0.56,0.34,0.56,4.0,0.13,0.39,0.91,2.97,3.0,34.0,0.39,0.13,97.0,2122
3.8,8.1,5.8,17,6,6,90.0,8.3,3,46.0,6,0.48,0.63,0.34,0.49,6.0,0.36,0.36,1.02,2.77,4.0,45.0,0.18,0.18,151.0,2223
0.0,3.8,0.6,4,5,5,12.0,2.4,1,14.0,7,0.33,0.48,0.06,0.21,0.0,0.43,0.61,0.35,1.22,2.0,18.0,0.26,0.09,13.0,2021
2.2,3.4,2.6,11,5,5,34.0,6.5,5,37.0,7,0.25,0.54,0.19,0.49,2.0,0.37,0.52,0.82,2.76,2.0,37.0,0.52,0.37,68.0,2324
2.3,1.8,1.0,1,2,2,17.0,1.2,1,9.0,2,0.58,0.64,0.33,0.39,2.0,0.63,0.63,0.32,2.84,0.0,6.0,0.32,0.32,20.0,1718
5.0,2.3,2.3,11,3,3,43.0,6.1,3,32.0,6,0.16,0.43,0.16,0.43,4.0,0.21,0.42,0.78,2.27,4.0,57.0,0.42,0.21,115.0,1819
3.8,5.0,4.3,19,6,6,53.0,9.1,5,45.0,10,0.22,0.44,0.19,0.41,2.0,0.27,0.45,0.86,2.03,7.0,82.0,0.41,0.23,159.0,1920
2.8,3.8,3.8,11,1,1,68.0,7.2,1,38.0,3,0.21,0.4,0.21,0.4,2.0,0.06,0.17,0.61,2.12,5.0,63.0,0.17,0.06,111.0,2021
1.2,0.4,0.4,1,0,0,7.0,1.5,0,10.0,1,0.05,0.19,0.05,0.19,0.0,0.0,0.13,0.13,1.29,0.0,5.0,0.13,0.0,12.0,1920
1.2,1.2,1.2,5,1,1,21.0,2.9,1,18.0,1,0.08,0.21,0.08,0.21,1.0,0.07,0.07,0.36,1.29,3.0,24.0,0.07,0.07,32.0,2021
2.6,1.2,1.2,3,0,0,31.0,3.6,0,21.0,3,0.05,0.16,0.05,0.16,0.0,0.0,0.13,0.13,0.94,5.0,34.0,0.13,0.0,44.0,2122
1.3,2.6,2.6,17,3,3,37.0,5.4,3,42.0,5,0.1,0.21,0.1,0.21,2.0,0.12,0.2,0.67,1.64,1.0,50.0,0.2,0.12,84.0,2223
7.4,6.3,6.3,11,2,2,110.0,10.2,2,59.0,5,0.26,0.42,0.26,0.42,10.0,0.08,0.21,0.46,2.46,5.0,74.0,0.21,0.08,154.0,1819
1.4,7.4,4.3,9,6,6,64.0,6.3,3,45.0,8,0.71,0.9,0.41,0.6,7.0,0.58,0.77,0.87,4.34,4.0,35.0,0.48,0.29,65.0,2021
10.1,1.4,1.4,3,2,2,27.0,2.2,2,17.0,3,0.11,0.18,0.11,0.18,1.0,0.16,0.24,0.24,1.37,2.0,37.0,0.24,0.16,45.0,2122
1.5,10.1,7.7,19,7,7,137.0,12.0,4,69.0,13,0.39,0.55,0.3,0.46,5.0,0.27,0.5,0.73,2.63,10.0,97.0,0.38,0.15,210.0,2122
6.7,1.5,1.5,3,1,1,19.0,2.8,1,14.0,2,0.1,0.18,0.1,0.18,0.0,0.06,0.13,0.19,0.9,2.0,12.0,0.13,0.06,17.0,2223
10.4,6.7,5.4,17,6,6,73.0,6.7,4,58.0,7,0.45,0.53,0.36,0.45,4.0,0.4,0.47,1.13,3.86,6.0,45.0,0.33,0.27,112.0,2223
0.5,10.4,8.0,33,12,12,133.0,9.6,11,84.0,14,0.49,0.56,0.38,0.45,2.0,0.56,0.66,1.55,3.95,11.0,42.0,0.61,0.52,190.0,2324
1.9,1.3,1.3,3,0,0,17.0,1.5,0,15.0,0,0.1,0.11,0.1,0.11,0.0,0.0,0.0,0.22,1.09,0.0,2.0,0.0,0.0,3.0,1819
2.4,2.1,2.1,5,1,1,31.0,3.7,1,24.0,5,0.09,0.17,0.09,0.17,2.0,0.04,0.22,0.22,1.07,2.0,37.0,0.22,0.04,98.0,1920
4.7,2.4,2.4,8,3,3,54.0,8.1,3,36.0,10,0.07,0.25,0.07,0.25,2.0,0.09,0.31,0.25,1.12,3.0,63.0,0.31,0.09,149.0,2021
5.1,3.2,3.2,13,6,6,57.0,8.8,6,33.0,12,0.11,0.3,0.11,0.3,9.0,0.21,0.41,0.45,1.14,2.0,52.0,0.41,0.21,162.0,2223
2.2,5.1,5.1,12,2,2,58.0,8.5,2,40.0,5,0.16,0.27,0.16,0.27,3.0,0.06,0.16,0.38,1.26,7.0,39.0,0.16,0.06,144.0,2324
0.8,3.9,3.9,17,1,1,115.0,6.7,1,71.0,2,0.14,0.24,0.14,0.24,3.0,0.04,0.07,0.6,2.5,6.0,59.0,0.07,0.04,197.0,2324
0.9,0.6,0.6,2,1,1,14.0,0.9,1,8.0,2,0.02,0.03,0.02,0.03,0.0,0.04,0.07,0.07,0.3,1.0,5.0,0.07,0.04,3.0,2223
0.5,0.9,0.9,1,0,0,8.0,0.9,0,7.0,0,0.05,0.05,0.05,0.05,0.0,0.0,0.0,0.06,0.4,3.0,2.0,0.0,0.0,4.0,2324
0.0,0.5,0.5,1,0,0,9.0,0.9,0,4.0,1,0.05,0.09,0.05,0.09,0.0,0.0,0.1,0.1,0.4,2.0,9.0,0.1,0.0,2.0,2425
0.4,1.5,1.5,8,3,3,15.0,2.8,3,13.0,6,0.09,0.17,0.09,0.17,1.0,0.18,0.36,0.47,0.77,4.0,33.0,0.36,0.18,56.0,2223
0.5,0.4,0.4,2,0,0,5.0,1.1,0,6.0,2,0.08,0.23,0.08,0.23,1.0,0.0,0.41,0.41,1.24,1.0,10.0,0.41,0.0,15.0,2324
0.6,0.5,0.5,4,1,1,8.0,3.5,1,10.0,3,0.05,0.32,0.05,0.32,0.0,0.09,0.28,0.37,0.94,4.0,17.0,0.28,0.09,19.0,2425
0.7,0.9,0.9,2,0,0,3.0,2.4,0,11.0,2,0.07,0.18,0.07,0.18,0.0,0.0,0.15,0.15,0.83,0.0,16.0,0.15,0.0,7.0,2021
0.1,0.7,0.7,4,0,0,9.0,3.0,0,17.0,3,0.04,0.18,0.04,0.18,3.0,0.0,0.18,0.25,1.04,2.0,20.0,0.18,0.0,34.0,2122
0.6,1.2,1.2,6,1,1,10.0,3.4,1,21.0,3,0.06,0.18,0.06,0.18,2.0,0.05,0.16,0.31,1.09,1.0,20.0,0.16,0.05,19.0,2223
1.5,0.6,0.6,1,0,0,3.0,1.1,0,5.0,2,0.04,0.08,0.04,0.08,0.0,0.0,0.14,0.07,0.34,0.0,18.0,0.14,0.0,11.0,2324
3.6,4.4,4.4,18,4,4,74.0,6.2,4,48.0,6,0.23,0.31,0.23,0.31,2.0,0.2,0.31,0.92,2.45,9.0,70.0,0.31,0.2,130.0,1819
5.6,3.6,3.6,21,6,6,76.0,7.9,6,46.0,8,0.22,0.47,0.22,0.47,3.0,0.36,0.48,1.26,2.75,4.0,51.0,0.48,0.36,108.0,1920
2.9,5.6,5.6,20,2,2,100.0,8.5,2,70.0,3,0.25,0.39,0.25,0.39,10.0,0.09,0.14,0.91,3.2,12.0,95.0,0.14,0.09,205.0,2122
2.6,2.9,2.9,7,1,1,45.0,3.8,1,28.0,1,0.29,0.39,0.29,0.39,4.0,0.1,0.1,0.71,2.83,4.0,39.0,0.1,0.1,69.0,2223
0.2,1.3,1.3,7,3,3,26.0,3.5,3,22.0,5,0.09,0.24,0.09,0.24,0.0,0.21,0.34,0.48,1.51,1.0,22.0,0.34,0.21,62.0,2324
0.0,0.2,0.2,1,1,1,0.0,0.7,1,12.0,1,0.01,0.03,0.01,0.03,0.0,0.04,0.04,0.04,0.46,1.0,22.0,0.04,0.04,7.0,2122
1.2,1.6,1.6,9,3,3,19.0,2.9,3,21.0,3,0.14,0.24,0.14,0.24,0.0,0.25,0.25,0.75,1.74,3.0,17.0,0.25,0.25,49.0,2223
1.1,0.7,0.7,2,1,1,18.0,1.3,1,10.0,1,0.04,0.07,0.04,0.07,0.0,0.05,0.05,0.1,0.52,2.0,4.0,0.05,0.05,3.0,1920
0.8,1.1,1.1,2,0,0,28.0,1.9,0,11.0,0,0.03,0.06,0.03,0.06,3.0,0.0,0.0,0.06,0.35,1.0,20.0,0.0,0.0,15.0,2021
0.2,0.8,0.8,4,1,1,13.0,1.2,1,11.0,1,0.04,0.05,0.04,0.05,1.0,0.04,0.04,0.18,0.49,1.0,13.0,0.04,0.04,1.0,2122
0.2,0.2,0.2,1,0,0,11.0,0.5,0,3.0,0,0.01,0.02,0.01,0.02,1.0,0.0,0.0,0.04,0.13,0.0,11.0,0.0,0.0,3.0,2223
1.1,0.2,0.2,2,2,2,3.0,0.2,2,4.0,2,0.02,0.02,0.02,0.02,1.0,0.17,0.17,0.17,0.33,0.0,4.0,0.17,0.17,1.0,2324
0.6,1.5,1.5,6,2,2,23.0,1.7,2,20.0,2,0.05,0.06,0.05,0.06,0.0,0.07,0.07,0.2,0.68,0.0,6.0,0.07,0.07,1.0,1819
1.3,1.0,1.0,4,1,1,24.0,1.3,1,20.0,1,0.06,0.08,0.06,0.08,0.0,0.06,0.06,0.24,1.2,2.0,8.0,0.06,0.06,29.0,2021
2.2,1.3,1.3,6,1,1,23.0,2.5,1,16.0,3,0.07,0.12,0.07,0.12,1.0,0.05,0.15,0.29,0.78,3.0,8.0,0.15,0.05,20.0,2122
0.4,2.2,2.2,7,2,2,40.0,4.4,2,33.0,5,0.09,0.19,0.09,0.19,0.0,0.08,0.21,0.3,1.4,6.0,10.0,0.21,0.08,57.0,2223
0.6,0.4,0.4,1,1,1,11.0,0.6,1,7.0,1,0.03,0.04,0.03,0.04,0.0,0.06,0.06,0.06,0.42,0.0,3.0,0.06,0.06,9.0,2324
0.1,0.3,0.3,2,0,0,5.0,0.3,0,2.0,0,0.06,0.06,0.06,0.06,0.0,0.0,0.0,0.37,0.37,1.0,5.0,0.0,0.0,5.0,2122
0.1,0.6,0.6,3,1,1,14.0,2.2,1,14.0,2,0.03,0.1,0.03,0.1,1.0,0.04,0.09,0.13,0.61,2.0,22.0,0.09,0.04,60.0,1920
1.1,3.4,3.4,12,3,3,31.0,5.0,3,27.0,9,0.14,0.22,0.14,0.22,1.0,0.13,0.39,0.52,1.17,5.0,24.0,0.39,0.13,81.0,2122
3.2,4.1,4.1,7,2,2,43.0,4.5,2,24.0,2,0.35,0.38,0.35,0.38,10.0,0.17,0.17,0.59,2.03,2.0,35.0,0.17,0.17,77.0,2021
0.4,0.1,0.1,1,0,0,5.0,0.3,0,2.0,0,0.01,0.02,0.01,0.02,2.0,0.0,0.0,0.07,0.13,0.0,6.0,0.0,0.0,3.0,1819
0.6,0.4,0.4,1,1,1,21.0,0.9,1,4.0,2,0.02,0.05,0.02,0.05,0.0,0.05,0.1,0.05,0.2,0.0,6.0,0.1,0.05,9.0,1920
0.2,0.6,0.6,1,0,0,11.0,0.7,0,5.0,0,0.04,0.05,0.04,0.05,0.0,0.0,0.0,0.07,0.37,0.0,5.0,0.0,0.0,3.0,2021
3.9,2.6,2.6,12,5,5,34.0,2.9,5,29.0,5,0.07,0.08,0.07,0.08,1.0,0.14,0.14,0.33,0.8,1.0,20.0,0.14,0.14,7.0,1920
4.0,0.4,0.4,3,0,0,28.0,1.1,0,10.0,0,0.01,0.04,0.01,0.04,0.0,0.0,0.0,0.11,0.36,2.0,6.0,0.0,0.0,10.0,2324
0.5,0.7,0.7,1,1,1,9.0,1.1,1,11.0,1,0.08,0.12,0.08,0.12,0.0,0.11,0.11,0.11,1.18,0.0,9.0,0.11,0.11,38.0,2324
4.3,1.3,1.3,3,1,1,22.0,2.0,1,7.0,1,0.21,0.31,0.21,0.31,3.0,0.16,0.16,0.48,1.13,1.0,12.0,0.16,0.16,48.0,2122
2.4,4.3,4.3,21,5,5,116.0,8.4,5,53.0,11,0.14,0.28,0.14,0.28,15.0,0.16,0.36,0.69,1.75,7.0,94.0,0.36,0.16,210.0,2223
3.4,2.4,2.4,11,3,3,80.0,5.3,3,46.0,5,0.08,0.18,0.08,0.18,9.0,0.1,0.17,0.38,1.59,9.0,57.0,0.17,0.1,174.0,2324
0.3,0.2,0.2,1,0,0,4.0,0.6,0,4.0,2,0.01,0.03,0.01,0.03,0.0,0.0,0.11,0.06,0.23,0.0,3.0,0.11,0.0,10.0,1920
8.9,7.2,5.6,21,10,10,82.0,7.4,9,47.0,13,0.34,0.42,0.26,0.34,2.0,0.47,0.61,0.98,2.19,3.0,49.0,0.56,0.42,98.0,1819
6.3,8.9,8.1,18,11,11,113.0,12.1,10,54.0,13,0.33,0.48,0.3,0.45,12.0,0.41,0.48,0.67,2.0,4.0,47.0,0.44,0.37,85.0,1920
2.5,6.3,5.5,11,8,8,53.0,6.0,7,32.0,8,0.44,0.47,0.38,0.42,7.0,0.55,0.55,0.76,2.21,5.0,34.0,0.48,0.48,60.0,2021
1.2,2.5,2.5,5,5,5,32.0,3.0,5,14.0,6,0.39,0.47,0.39,0.47,0.0,0.78,0.93,0.78,2.17,0.0,21.0,0.93,0.78,30.0,2122
0.0,1.0,1.0,3,1,1,18.0,1.6,1,4.0,1,0.23,0.37,0.23,0.37,0.0,0.24,0.24,0.71,0.94,0.0,18.0,0.24,0.24,27.0,1920
0.0,0.6,0.6,3,1,1,21.0,0.8,1,7.0,1,0.22,0.31,0.22,0.31,0.0,0.37,0.37,1.12,2.61,0.0,12.0,0.37,0.37,26.0,2122
0.0,0.3,0.3,2,0,0,6.0,1.4,0,9.0,0,0.02,0.11,0.02,0.11,1.0,0.0,0.0,0.16,0.73,2.0,19.0,0.0,0.0,47.0,2021
0.0,1.5,1.5,7,1,1,28.0,1.9,1,13.0,1,0.33,0.41,0.33,0.41,1.0,0.22,0.22,1.52,2.83,0.0,12.0,0.22,0.22,48.0,2425
0.4,0.2,0.2,1,0,0,8.0,1.2,0,2.0,1,0.03,0.24,0.03,0.24,1.0,0.0,0.21,0.21,0.42,0.0,12.0,0.21,0.0,31.0,2223
0.0,0.4,0.4,1,1,1,24.0,1.7,1,3.0,3,0.05,0.21,0.05,0.21,2.0,0.12,0.36,0.12,0.36,1.0,18.0,0.36,0.12,84.0,2324
1.4,4.6,4.6,9,2,2,62.0,5.4,2,38.0,2,0.27,0.31,0.27,0.31,6.0,0.12,0.12,0.53,2.23,5.0,38.0,0.12,0.12,103.0,1819
1.6,0.5,0.5,1,0,0,5.0,0.5,0,2.0,0,0.61,0.61,0.61,0.61,1.0,0.0,0.0,1.18,2.37,0.0,2.0,0.0,0.0,12.0,1819
2.2,1.6,0.9,4,2,2,14.0,1.4,1,6.0,3,0.46,0.61,0.24,0.39,1.0,0.56,0.83,1.11,1.67,0.0,11.0,0.56,0.28,29.0,1920
5.9,2.2,2.2,12,3,3,54.0,2.8,3,30.0,3,0.22,0.28,0.22,0.28,10.0,0.3,0.3,1.2,3.01,4.0,21.0,0.3,0.3,98.0,1920
2.9,5.9,5.9,23,7,7,79.0,11.0,7,55.0,12,0.2,0.38,0.2,0.38,10.0,0.24,0.42,0.8,1.91,5.0,46.0,0.42,0.24,163.0,2021
9.6,2.5,1.7,12,5,5,77.0,4.3,4,31.0,7,0.21,0.44,0.14,0.37,3.0,0.43,0.6,1.03,2.65,2.0,25.0,0.51,0.34,136.0,2324
2.8,0.4,0.4,3,1,1,15.0,2.1,1,8.0,2,0.03,0.15,0.03,0.15,0.0,0.07,0.15,0.22,0.59,0.0,20.0,0.15,0.07,43.0,1819
2.6,2.8,2.8,6,3,3,49.0,4.1,3,22.0,4,0.14,0.2,0.14,0.2,2.0,0.15,0.2,0.3,1.11,3.0,27.0,0.2,0.15,110.0,1920
1.9,2.6,2.6,7,3,3,51.0,4.1,3,21.0,4,0.14,0.22,0.14,0.22,2.0,0.16,0.21,0.38,1.13,0.0,24.0,0.21,0.16,117.0,2021
1.0,1.9,1.9,7,1,1,66.0,5.4,1,22.0,4,0.09,0.27,0.09,0.27,8.0,0.05,0.2,0.34,1.07,1.0,35.0,0.2,0.05,100.0,2122
1.3,1.0,1.0,2,0,0,29.0,3.1,0,11.0,3,0.08,0.25,0.08,0.25,2.0,0.0,0.24,0.16,0.87,2.0,12.0,0.24,0.0,57.0,2223
1.4,1.3,1.3,5,0,0,15.0,1.4,0,9.0,0,0.15,0.16,0.15,0.16,1.0,0.0,0.0,0.57,1.02,1.0,15.0,0.0,0.0,26.0,2324
0.9,1.1,1.1,2,1,1,27.0,3.0,1,8.0,5,0.09,0.25,0.09,0.25,3.0,0.08,0.42,0.17,0.67,2.0,11.0,0.42,0.08,81.0,2223
0.7,0.9,0.9,3,0,0,33.0,2.6,0,12.0,3,0.07,0.2,0.07,0.2,0.0,0.0,0.23,0.23,0.9,1.0,13.0,0.23,0.0,79.0,2324
0.3,1.0,1.0,7,1,1,58.0,3.9,1,10.0,7,0.06,0.23,0.06,0.23,5.0,0.06,0.41,0.41,0.58,1.0,30.0,0.41,0.06,195.0,2223
2.2,0.3,0.3,1,1,1,10.0,0.7,1,4.0,2,0.11,0.25,0.11,0.25,0.0,0.34,0.67,0.34,1.35,0.0,2.0,0.67,0.34,25.0,2324
0.2,4.5,4.5,17,6,6,88.0,7.1,6,65.0,6,0.17,0.27,0.17,0.27,6.0,0.23,0.23,0.65,2.49,9.0,75.0,0.23,0.23,245.0,2223
1.1,0.2,0.2,1,0,0,6.0,0.7,0,7.0,0,0.03,0.13,0.03,0.13,0.0,0.0,0.0,0.2,1.38,0.0,10.0,0.0,0.0,12.0,2324
1.3,5.4,4.7,17,8,8,89.0,7.7,7,45.0,13,0.24,0.37,0.2,0.34,9.0,0.35,0.57,0.75,1.97,4.0,81.0,0.53,0.31,180.0,1819
4.6,1.3,1.3,7,1,1,29.0,1.5,1,18.0,1,0.23,0.26,0.23,0.26,0.0,0.17,0.17,1.2,3.07,1.0,15.0,0.17,0.17,57.0,1920
0.5,0.6,0.6,3,1,1,9.0,1.5,1,12.0,2,0.04,0.09,0.04,0.09,0.0,0.06,0.12,0.18,0.73,2.0,10.0,0.12,0.06,18.0,1819
0.3,0.3,0.3,2,0,0,32.0,1.4,0,3.0,0,0.02,0.09,0.02,0.09,3.0,0.0,0.0,0.12,0.18,0.0,14.0,0.0,0.0,90.0,1718
0.6,0.3,0.3,2,1,1,42.0,0.6,1,6.0,1,0.02,0.03,0.02,0.03,5.0,0.06,0.06,0.11,0.34,0.0,24.0,0.06,0.06,119.0,1819
1.3,0.6,0.6,2,1,1,45.0,2.6,1,8.0,3,0.02,0.11,0.02,0.11,3.0,0.04,0.13,0.09,0.34,0.0,34.0,0.13,0.04,154.0,1920
0.4,1.0,1.0,3,1,1,20.0,1.8,1,13.0,3,0.03,0.06,0.03,0.06,0.0,0.03,0.09,0.09,0.41,3.0,10.0,0.09,0.03,4.0,1920
1.4,0.7,0.7,2,1,1,18.0,1.8,1,10.0,2,0.04,0.09,0.04,0.09,0.0,0.05,0.1,0.1,0.52,1.0,25.0,0.1,0.05,43.0,1920
0.5,0.6,0.6,1,1,1,9.0,1.3,1,5.0,1,0.03,0.06,0.03,0.06,0.0,0.05,0.05,0.05,0.25,0.0,12.0,0.05,0.05,23.0,2324
6.2,4.2,4.2,15,5,5,95.0,5.4,5,39.0,7,0.21,0.27,0.21,0.27,13.0,0.25,0.35,0.75,1.95,9.0,60.0,0.35,0.25,100.0,2223
0.4,6.2,6.2,19,7,7,98.0,7.4,7,51.0,7,0.36,0.43,0.36,0.43,9.0,0.41,0.41,1.1,2.95,7.0,55.0,0.41,0.41,100.0,2324
0.0,0.4,0.4,1,0,0,8.0,0.4,0,5.0,0,0.31,0.34,0.31,0.34,2.0,0.0,0.0,0.78,3.91,0.0,4.0,0.0,0.0,7.0,2425
0.1,0.7,0.7,3,1,1,13.0,1.4,1,9.0,1,0.11,0.21,0.11,0.21,0.0,0.16,0.16,0.47,1.42,1.0,14.0,0.16,0.16,24.0,1920
1.4,0.3,0.3,1,0,0,12.0,0.6,0,4.0,1,0.02,0.04,0.02,0.04,0.0,0.0,0.06,0.06,0.25,1.0,10.0,0.06,0.0,5.0,2223
0.7,1.1,1.1,4,0,0,30.0,3.4,0,16.0,2,0.05,0.15,0.05,0.15,4.0,0.0,0.09,0.17,0.69,0.0,33.0,0.09,0.0,35.0,2021
1.3,1.3,0.5,3,1,1,18.0,0.7,0,17.0,1,0.1,0.12,0.04,0.05,1.0,0.08,0.08,0.23,1.31,0.0,20.0,0.0,0.0,37.0,2122
0.6,1.3,1.3,5,0,0,12.0,2.4,0,18.0,0,0.13,0.25,0.13,0.25,0.0,0.0,0.0,0.53,1.9,3.0,6.0,0.0,0.0,32.0,2223
0.4,0.6,0.6,2,2,2,5.0,0.6,2,6.0,2,0.13,0.14,0.13,0.14,0.0,0.45,0.45,0.45,1.34,0.0,7.0,0.45,0.45,10.0,2324
3.4,2.6,2.6,6,2,2,28.0,3.8,2,18.0,4,0.23,0.33,0.23,0.33,4.0,0.17,0.35,0.52,1.57,1.0,26.0,0.35,0.17,76.0,2021
7.6,3.4,3.4,14,6,6,68.0,6.3,6,30.0,10,0.21,0.4,0.21,0.4,5.0,0.38,0.63,0.89,1.9,6.0,62.0,0.63,0.38,152.0,2122
6.3,7.6,6.0,19,10,10,80.0,10.2,8,56.0,12,0.27,0.42,0.21,0.36,2.0,0.36,0.43,0.68,1.99,5.0,82.0,0.36,0.28,156.0,2223
9.7,6.3,5.5,11,4,4,83.0,10.2,4,41.0,9,0.29,0.5,0.25,0.47,3.0,0.18,0.41,0.5,1.87,6.0,78.0,0.41,0.18,157.0,2324
0.6,1.7,1.7,6,2,2,24.0,2.4,2,18.0,2,0.07,0.1,0.07,0.1,1.0,0.08,0.08,0.25,0.74,0.0,28.0,0.08,0.08,14.0,1819
0.9,0.6,0.6,2,0,0,15.0,2.1,0,12.0,2,0.03,0.1,0.03,0.1,0.0,0.0,0.09,0.09,0.55,3.0,24.0,0.09,0.0,23.0,1920
0.4,1.4,1.4,5,1,1,35.0,4.0,1,24.0,4,0.06,0.17,0.06,0.17,4.0,0.04,0.17,0.21,1.0,1.0,35.0,0.17,0.04,96.0,1819
1.2,0.4,0.4,2,0,0,27.0,2.9,0,12.0,2,0.02,0.13,0.02,0.13,2.0,0.0,0.09,0.09,0.52,1.0,32.0,0.09,0.0,80.0,1920
0.8,0.2,0.2,4,0,0,27.0,2.0,0,10.0,0,0.01,0.12,0.01,0.12,1.0,0.0,0.0,0.25,0.63,0.0,32.0,0.0,0.0,78.0,2122
0.3,0.8,0.8,3,1,1,13.0,2.9,1,8.0,2,0.08,0.29,0.08,0.29,1.0,0.1,0.21,0.31,0.82,0.0,15.0,0.21,0.1,43.0,2223
0.6,0.3,0.3,1,1,1,13.0,1.2,1,11.0,2,0.01,0.06,0.01,0.06,2.0,0.05,0.11,0.05,0.59,1.0,24.0,0.11,0.05,37.0,2324
0.7,0.5,0.5,3,0,0,8.0,2.0,0,16.0,0,0.03,0.14,0.03,0.14,1.0,0.0,0.0,0.21,1.13,0.0,13.0,0.0,0.0,134.0,1920
0.5,0.7,0.7,4,0,0,11.0,1.6,0,16.0,0,0.04,0.1,0.04,0.1,1.0,0.0,0.0,0.24,0.97,1.0,15.0,0.0,0.0,65.0,2021
1.4,0.5,0.5,4,0,0,21.0,3.2,0,12.0,4,0.04,0.27,0.04,0.27,1.0,0.0,0.34,0.34,1.03,1.0,10.0,0.34,0.0,88.0,2122
0.6,1.4,1.4,7,1,1,33.0,2.8,1,28.0,3,0.06,0.12,0.06,0.12,1.0,0.04,0.13,0.3,1.19,4.0,16.0,0.13,0.04,68.0,2223
0.6,0.6,0.6,3,1,1,28.0,3.1,1,17.0,3,0.03,0.16,0.03,0.16,1.0,0.05,0.16,0.16,0.89,1.0,10.0,0.16,0.05,58.0,2324
2.1,2.9,2.9,8,1,1,56.0,4.5,1,21.0,3,0.18,0.28,0.18,0.28,1.0,0.06,0.19,0.5,1.32,1.0,30.0,0.19,0.06,92.0,1920
1.0,2.1,2.1,6,1,1,62.0,4.3,1,25.0,2,0.15,0.31,0.15,0.31,3.0,0.07,0.14,0.43,1.77,3.0,47.0,0.14,0.07,108.0,2021
3.9,7.7,7.7,24,6,6,107.0,8.8,6,50.0,6,0.33,0.38,0.33,0.38,5.0,0.26,0.26,1.02,2.13,7.0,43.0,0.26,0.26,109.0,1920
6.9,3.9,3.9,12,1,1,53.0,5.0,1,30.0,1,0.26,0.34,0.26,0.34,4.0,0.07,0.07,0.82,2.04,5.0,23.0,0.07,0.07,58.0,2021
4.8,6.9,5.3,15,6,6,74.0,7.3,4,31.0,9,0.48,0.62,0.37,0.51,4.0,0.42,0.63,1.05,2.18,2.0,25.0,0.49,0.28,60.0,2324
1.1,0.5,0.5,1,0,0,5.0,2.4,0,11.0,0,0.02,0.1,0.02,0.1,0.0,0.0,0.0,0.04,0.45,0.0,15.0,0.0,0.0,19.0,2021
0.3,0.2,0.2,1,0,0,11.0,1.0,0,4.0,0,0.02,0.07,0.02,0.07,1.0,0.0,0.0,0.07,0.27,1.0,15.0,0.0,0.0,18.0,2122
0.7,0.3,0.3,3,1,1,7.0,0.9,1,7.0,1,0.02,0.05,0.02,0.05,0.0,0.06,0.06,0.18,0.42,0.0,17.0,0.06,0.06,25.0,2223
0.4,0.7,0.7,1,0,0,13.0,1.3,0,4.0,0,0.09,0.16,0.09,0.16,0.0,0.0,0.0,0.13,0.51,1.0,9.0,0.0,0.0,25.0,2324
7.3,4.6,4.6,10,2,2,74.0,6.8,2,32.0,6,0.49,0.72,0.49,0.72,6.0,0.21,0.64,1.06,3.4,1.0,22.0,0.64,0.21,75.0,1819
4.2,7.3,7.3,19,8,8,65.0,8.2,8,39.0,8,0.66,0.74,0.66,0.74,9.0,0.73,0.73,1.72,3.53,4.0,15.0,0.73,0.73,59.0,1920
9.8,4.2,4.2,10,4,4,52.0,5.3,4,29.0,4,0.51,0.64,0.51,0.64,6.0,0.48,0.48,1.2,3.49,3.0,17.0,0.48,0.48,40.0,2021
12.7,9.8,8.3,22,11,11,123.0,10.6,9,61.0,14,0.47,0.58,0.39,0.5,11.0,0.52,0.67,1.05,2.9,15.0,58.0,0.57,0.43,102.0,2122
14.2,12.7,10.4,29,13,13,158.0,14.4,10,77.0,18,0.53,0.7,0.44,0.61,16.0,0.55,0.76,1.22,3.24,8.0,63.0,0.63,0.42,152.0,2223
16.5,11.6,11.0,31,11,11,173.0,14.4,10,76.0,13,0.35,0.46,0.34,0.44,16.0,0.34,0.4,0.95,2.32,8.0,86.0,0.37,0.3,226.0,2122
16.8,16.5,14.9,45,15,15,164.0,18.7,14,84.0,21,0.47,0.58,0.43,0.54,18.0,0.43,0.6,1.3,2.42,11.0,82.0,0.58,0.4,196.0,2223
0.8,0.3,0.3,2,0,0,10.0,0.4,0,6.0,0,0.02,0.03,0.02,0.03,0.0,0.0,0.0,0.14,0.42,0.0,6.0,0.0,0.0,3.0,2021
1.2,0.6,0.6,8,1,1,25.0,1.4,1,17.0,2,0.03,0.06,0.03,0.06,0.0,0.04,0.09,0.35,0.75,2.0,15.0,0.09,0.04,8.0,2223
1.7,1.2,1.2,5,0,0,32.0,2.2,0,24.0,1,0.05,0.09,0.05,0.09,2.0,0.0,0.04,0.21,0.98,2.0,8.0,0.04,0.0,9.0,2324
1.1,3.0,3.0,5,0,0,37.0,3.9,0,24.0,1,0.1,0.13,0.1,0.13,2.0,0.0,0.03,0.16,0.78,2.0,11.0,0.03,0.0,5.0,1920
1.2,1.1,1.1,3,2,2,21.0,1.2,2,12.0,2,0.04,0.04,0.04,0.04,1.0,0.07,0.07,0.1,0.42,0.0,8.0,0.07,0.07,0.0,2021
1.2,1.2,1.2,1,0,0,19.0,1.2,0,11.0,0,0.04,0.04,0.04,0.04,1.0,0.0,0.0,0.03,0.36,1.0,11.0,0.0,0.0,4.0,2122
0.1,5.1,4.3,13,3,3,74.0,6.3,3,48.0,8,0.29,0.41,0.25,0.36,7.0,0.17,0.46,0.74,2.75,8.0,87.0,0.46,0.17,119.0,2122
11.6,6.1,6.1,16,5,5,91.0,7.3,5,48.0,6,0.37,0.44,0.37,0.44,13.0,0.3,0.37,0.98,2.93,3.0,75.0,0.37,0.3,160.0,2223
5.5,11.6,10.1,31,12,12,155.0,14.5,10,77.0,18,0.46,0.63,0.39,0.57,12.0,0.47,0.7,1.21,3.01,6.0,99.0,0.63,0.39,165.0,2324
0.5,0.4,0.4,3,1,1,3.0,1.0,1,10.0,2,0.02,0.05,0.02,0.05,0.0,0.05,0.1,0.15,0.51,1.0,16.0,0.1,0.05,5.0,2021
0.5,7.0,7.0,20,11,11,55.0,12.8,11,54.0,16,0.25,0.45,0.25,0.45,6.0,0.39,0.56,0.7,1.9,10.0,72.0,0.56,0.39,116.0,1819
6.4,0.5,0.5,5,0,0,10.0,0.8,0,7.0,1,0.11,0.16,0.11,0.16,0.0,0.0,0.2,1.01,1.41,2.0,10.0,0.2,0.0,19.0,1920
0.7,3.9,3.9,14,2,2,52.0,6.1,2,42.0,2,0.22,0.34,0.22,0.34,0.0,0.11,0.11,0.78,2.35,3.0,66.0,0.11,0.11,81.0,2122
0.8,0.7,0.7,3,0,0,14.0,1.4,0,12.0,0,0.1,0.18,0.1,0.18,1.0,0.0,0.0,0.39,1.57,0.0,16.0,0.0,0.0,33.0,2223
2.2,0.8,0.8,4,0,0,11.0,1.1,0,13.0,0,0.07,0.1,0.07,0.1,0.0,0.0,0.0,0.34,1.1,2.0,14.0,0.0,0.0,22.0,2223
1.0,2.2,1.4,6,1,1,19.0,4.7,1,23.0,5,0.08,0.2,0.05,0.17,0.0,0.04,0.18,0.22,0.84,3.0,49.0,0.18,0.04,47.0,2324
3.3,2.9,2.9,10,5,5,57.0,4.3,5,27.0,7,0.14,0.21,0.14,0.21,0.0,0.25,0.35,0.49,1.33,2.0,60.0,0.35,0.25,143.0,1920
2.2,3.3,2.6,7,3,3,44.0,3.3,3,17.0,4,0.27,0.32,0.2,0.26,6.0,0.24,0.32,0.56,1.35,1.0,55.0,0.32,0.24,85.0,2021
0.6,2.1,2.1,8,1,1,44.0,4.5,1,17.0,4,0.1,0.22,0.1,0.22,0.0,0.05,0.19,0.39,0.83,3.0,49.0,0.19,0.05,56.0,2122
1.0,0.8,0.8,1,1,1,9.0,1.1,1,10.0,1,0.05,0.06,0.05,0.06,0.0,0.06,0.06,0.06,0.58,0.0,17.0,0.06,0.06,14.0,2324
1.1,1.0,1.0,2,2,2,7.0,1.6,2,5.0,2,0.22,0.37,0.22,0.37,0.0,0.45,0.45,0.45,1.13,0.0,9.0,0.45,0.45,21.0,2324
0.1,1.1,1.1,6,1,1,13.0,1.8,1,16.0,1,0.08,0.13,0.08,0.13,2.0,0.07,0.07,0.43,1.14,3.0,12.0,0.07,0.07,19.0,2425
0.2,0.9,0.9,4,1,1,7.0,1.9,1,10.0,1,0.04,0.08,0.04,0.08,0.0,0.04,0.04,0.17,0.42,6.0,19.0,0.04,0.04,10.0,1819
1.4,0.5,0.5,4,1,1,8.0,1.8,1,14.0,2,0.02,0.09,0.02,0.09,0.0,0.05,0.1,0.2,0.71,0.0,23.0,0.1,0.05,15.0,2021
0.0,1.4,1.4,4,2,2,51.0,4.3,2,24.0,4,0.04,0.13,0.04,0.13,0.0,0.06,0.12,0.12,0.75,0.0,41.0,0.12,0.06,29.0,2122
0.1,0.7,0.7,2,0,0,4.0,2.0,0,10.0,1,0.07,0.19,0.07,0.19,0.0,0.0,0.1,0.19,0.96,3.0,9.0,0.1,0.0,4.0,2324
1.2,0.5,0.5,5,1,1,33.0,3.0,1,8.0,2,0.02,0.1,0.02,0.1,1.0,0.03,0.07,0.16,0.26,2.0,20.0,0.07,0.03,141.0,1819
1.0,1.2,1.2,3,2,2,18.0,3.5,2,9.0,4,0.06,0.19,0.06,0.19,0.0,0.11,0.21,0.16,0.48,0.0,9.0,0.21,0.11,57.0,1920
0.4,0.7,0.7,3,1,1,11.0,1.5,1,10.0,2,0.06,0.12,0.06,0.12,0.0,0.08,0.17,0.25,0.84,1.0,10.0,0.17,0.08,15.0,2122
0.5,3.4,3.4,6,0,0,36.0,4.0,0,17.0,0,0.33,0.39,0.33,0.39,9.0,0.0,0.0,0.58,1.64,2.0,57.0,0.0,0.0,64.0,1819
1.3,3.8,3.8,17,8,8,109.0,8.7,8,39.0,13,0.2,0.47,0.2,0.47,9.0,0.43,0.7,0.92,2.11,2.0,39.0,0.7,0.43,232.0,1819
5.6,1.3,1.3,2,1,1,24.0,1.7,1,5.0,1,0.34,0.43,0.34,0.43,4.0,0.25,0.25,0.5,1.26,0.0,11.0,0.25,0.25,45.0,1920
2.6,5.6,5.6,21,6,6,136.0,9.8,6,55.0,9,0.28,0.5,0.28,0.5,11.0,0.3,0.46,1.07,2.79,6.0,51.0,0.46,0.3,288.0,2021
3.9,2.6,2.6,7,1,1,84.0,10.9,1,46.0,14,0.17,0.7,0.17,0.7,4.0,0.06,0.89,0.45,2.94,4.0,37.0,0.89,0.06,201.0,2122
4.4,3.9,3.9,16,5,5,103.0,8.8,5,49.0,12,0.25,0.56,0.25,0.56,5.0,0.32,0.77,1.02,3.13,3.0,27.0,0.77,0.32,209.0,2223
16.6,4.4,4.4,14,3,3,97.0,11.1,3,43.0,11,0.26,0.67,0.26,0.67,6.0,0.18,0.66,0.84,2.57,6.0,37.0,0.66,0.18,247.0,2324
0.1,2.0,2.0,8,1,1,43.0,3.8,1,21.0,2,0.2,0.38,0.2,0.38,2.0,0.1,0.2,0.8,2.1,1.0,16.0,0.2,0.1,83.0,2122
0.1,1.8,1.8,7,3,3,21.0,2.3,3,11.0,4,0.09,0.11,0.09,0.11,0.0,0.15,0.2,0.35,0.56,3.0,22.0,0.2,0.15,2.0,1920
2.2,1.3,1.3,6,2,2,26.0,2.6,2,24.0,4,0.05,0.1,0.05,0.1,0.0,0.08,0.15,0.23,0.9,3.0,25.0,0.15,0.08,13.0,2223
1.3,0.9,0.9,7,0,0,15.0,2.8,0,17.0,1,0.05,0.16,0.05,0.16,0.0,0.0,0.06,0.41,0.98,3.0,40.0,0.06,0.0,56.0,2324
0.8,5.8,5.8,18,5,5,102.0,7.3,5,43.0,8,0.26,0.33,0.26,0.33,30.0,0.23,0.36,0.82,1.96,4.0,65.0,0.36,0.23,141.0,1819
3.7,2.8,2.8,14,3,3,57.0,11.4,3,51.0,15,0.1,0.39,0.1,0.39,2.0,0.1,0.52,0.48,1.75,5.0,53.0,0.52,0.1,175.0,1718
2.3,3.7,3.7,16,2,2,67.0,9.6,2,58.0,5,0.13,0.35,0.13,0.35,4.0,0.07,0.18,0.58,2.11,5.0,60.0,0.18,0.07,172.0,1819
4.6,6.0,6.0,15,5,5,66.0,8.4,5,50.0,9,0.21,0.29,0.21,0.29,7.0,0.17,0.31,0.52,1.75,7.0,37.0,0.31,0.17,142.0,2021
2.2,4.6,4.6,11,6,6,65.0,10.9,6,43.0,9,0.15,0.35,0.15,0.35,6.0,0.19,0.29,0.35,1.38,5.0,47.0,0.29,0.19,200.0,2122
0.3,2.2,2.2,7,3,3,36.0,3.9,3,27.0,4,0.13,0.24,0.13,0.24,1.0,0.18,0.24,0.42,1.62,3.0,21.0,0.24,0.18,101.0,2223
1.8,0.3,0.3,3,0,0,20.0,0.6,0,7.0,0,0.07,0.13,0.07,0.13,1.0,0.0,0.0,0.63,1.48,0.0,8.0,0.0,0.0,27.0,2324
1.8,1.8,1.8,5,3,3,40.0,3.4,3,17.0,5,0.14,0.27,0.14,0.27,4.0,0.24,0.39,0.39,1.33,2.0,25.0,0.39,0.24,82.0,2324
0.0,0.3,0.3,4,1,1,6.0,1.4,1,7.0,3,0.04,0.17,0.04,0.17,0.0,0.12,0.37,0.49,0.86,0.0,12.0,0.37,0.12,17.0,2223
1.1,1.9,1.9,3,3,3,30.0,3.2,3,17.0,5,0.09,0.16,0.09,0.16,8.0,0.15,0.25,0.15,0.84,0.0,24.0,0.25,0.15,41.0,1718
0.7,0.1,0.1,1,0,0,2.0,0.5,0,3.0,0,0.06,0.26,0.06,0.26,0.0,0.0,0.0,0.56,1.69,0.0,1.0,0.0,0.0,12.0,1819
0.5,0.7,0.7,8,1,1,15.0,1.9,1,19.0,1,0.07,0.16,0.07,0.16,1.0,0.09,0.09,0.71,1.68,2.0,21.0,0.09,0.09,71.0,1920
1.6,2.3,2.3,7,1,1,45.0,3.5,1,27.0,3,0.18,0.27,0.18,0.27,2.0,0.08,0.23,0.55,2.11,3.0,19.0,0.23,0.08,54.0,2324
0.8,1.8,1.8,4,2,2,56.0,4.8,2,21.0,6,0.05,0.14,0.05,0.14,5.0,0.06,0.18,0.12,0.64,1.0,62.0,0.18,0.06,134.0,2223
0.3,0.8,0.8,4,1,1,27.0,1.7,1,11.0,3,0.05,0.1,0.05,0.1,4.0,0.06,0.19,0.25,0.68,2.0,36.0,0.19,0.06,68.0,2324
0.4,0.6,0.6,2,1,1,15.0,1.0,1,10.0,1,0.02,0.04,0.02,0.04,1.0,0.04,0.04,0.07,0.36,0.0,10.0,0.04,0.04,3.0,2223
0.1,0.4,0.4,1,0,0,17.0,0.7,0,8.0,0,0.01,0.02,0.01,0.02,0.0,0.0,0.0,0.03,0.28,1.0,8.0,0.0,0.0,1.0,2324
0.2,0.1,0.1,1,0,0,5.0,0.1,0,5.0,0,0.01,0.01,0.01,0.01,0.0,0.0,0.0,0.08,0.41,1.0,0.0,0.0,0.0,0.0,2425
0.1,1.4,1.4,6,1,1,27.0,2.8,1,15.0,1,0.17,0.34,0.17,0.34,1.0,0.12,0.12,0.73,1.82,1.0,31.0,0.12,0.12,64.0,1819
0.2,0.5,0.5,3,0,0,1.0,0.8,0,4.0,0,0.13,0.2,0.13,0.2,5.0,0.0,0.0,0.75,1.0,0.0,8.0,0.0,0.0,31.0,2021
1.2,0.9,0.9,2,0,0,16.0,2.7,0,10.0,1,0.05,0.14,0.05,0.14,0.0,0.0,0.05,0.1,0.51,1.0,22.0,0.05,0.0,42.0,2223
3.8,1.2,1.2,2,0,0,22.0,2.6,0,16.0,0,0.05,0.11,0.05,0.11,1.0,0.0,0.0,0.09,0.72,1.0,26.0,0.0,0.0,27.0,2324
12.0,7.3,6.5,25,6,6,110.0,13.1,5,56.0,11,0.28,0.52,0.25,0.49,20.0,0.23,0.41,0.94,2.1,6.0,59.0,0.38,0.19,229.0,1718
3.2,12.0,11.3,30,12,12,150.0,22.4,11,74.0,25,0.4,0.77,0.37,0.74,18.0,0.4,0.83,0.99,2.44,5.0,62.0,0.79,0.36,327.0,1819
5.3,3.2,3.2,10,4,4,66.0,7.1,4,33.0,7,0.25,0.55,0.25,0.55,6.0,0.31,0.54,0.77,2.55,6.0,31.0,0.54,0.31,185.0,1920
1.0,5.3,5.3,19,6,6,83.0,11.5,6,37.0,10,0.36,0.78,0.36,0.78,7.0,0.41,0.68,1.3,2.52,6.0,28.0,0.68,0.41,173.0,2021
5.5,1.3,1.3,2,0,0,15.0,2.7,0,6.0,0,0.32,0.64,0.32,0.64,2.0,0.0,0.0,0.49,1.46,0.0,11.0,0.0,0.0,37.0,2223
2.9,5.5,3.9,16,4,4,55.0,9.8,2,44.0,11,0.28,0.59,0.2,0.5,9.0,0.21,0.57,0.83,2.27,4.0,41.0,0.46,0.1,137.0,2324
0.4,0.8,0.8,1,0,0,24.0,1.6,0,13.0,2,0.1,0.21,0.1,0.21,0.0,0.0,0.26,0.13,1.67,0.0,17.0,0.26,0.0,40.0,2324
0.0,0.2,0.2,1,0,0,32.0,1.2,0,7.0,1,0.01,0.05,0.01,0.05,1.0,0.0,0.04,0.04,0.3,1.0,18.0,0.04,0.0,107.0,1819
3.7,9.5,8.8,26,18,18,68.0,10.4,17,51.0,18,0.71,0.83,0.65,0.77,9.0,1.34,1.34,1.93,3.79,5.0,19.0,1.26,1.26,70.0,1819
3.9,3.7,3.7,7,4,4,36.0,5.2,4,26.0,5,0.36,0.5,0.36,0.5,13.0,0.39,0.49,0.68,2.53,1.0,15.0,0.49,0.39,50.0,1920
9.0,3.9,3.9,7,5,5,26.0,4.8,5,16.0,6,0.67,0.81,0.67,0.81,7.0,0.85,1.02,1.19,2.72,0.0,12.0,1.02,0.85,37.0,1920
3.9,9.0,7.5,16,6,6,69.0,10.2,5,35.0,10,0.53,0.69,0.43,0.6,17.0,0.35,0.58,0.93,2.04,2.0,31.0,0.52,0.29,77.0,2021
1.5,2.0,2.0,12,1,1,51.0,4.0,1,20.0,2,0.11,0.21,0.11,0.21,1.0,0.05,0.11,0.63,1.06,3.0,30.0,0.11,0.05,105.0,1819
0.1,1.5,1.5,3,1,1,17.0,2.2,1,13.0,2,0.1,0.15,0.1,0.15,0.0,0.07,0.13,0.2,0.87,0.0,18.0,0.13,0.07,58.0,1920
0.5,1.8,1.8,5,0,0,28.0,4.2,0,23.0,5,0.1,0.22,0.1,0.22,3.0,0.0,0.26,0.26,1.21,2.0,31.0,0.26,0.0,108.0,1920
0.6,0.5,0.5,2,0,0,18.0,2.6,0,10.0,4,0.04,0.17,0.04,0.17,3.0,0.0,0.27,0.13,0.66,1.0,14.0,0.27,0.0,99.0,2021
0.8,0.6,0.6,4,0,0,7.0,1.6,0,8.0,1,0.09,0.24,0.09,0.24,0.0,0.0,0.15,0.6,1.19,3.0,18.0,0.15,0.0,32.0,2122
0.2,1.4,1.4,6,3,3,31.0,3.8,3,28.0,7,0.13,0.34,0.13,0.34,1.0,0.27,0.63,0.54,2.52,2.0,43.0,0.63,0.27,81.0,2021
1.2,2.5,2.5,5,1,1,35.0,3.1,1,36.0,2,0.09,0.12,0.09,0.12,1.0,0.04,0.08,0.19,1.38,2.0,30.0,0.08,0.04,22.0,1819
1.7,1.2,1.2,6,1,1,25.0,1.7,1,27.0,1,0.05,0.07,0.05,0.07,1.0,0.04,0.04,0.24,1.08,2.0,29.0,0.04,0.04,13.0,1920
0.1,0.4,0.4,1,0,0,7.0,0.5,0,4.0,0,0.08,0.09,0.08,0.09,0.0,0.0,0.0,0.2,0.79,0.0,6.0,0.0,0.0,15.0,1819
1.7,1.2,1.2,4,2,2,9.0,2.1,2,17.0,2,0.05,0.09,0.05,0.09,0.0,0.09,0.09,0.17,0.74,2.0,33.0,0.09,0.09,29.0,2021
1.3,1.7,1.7,4,0,0,12.0,2.3,0,30.0,1,0.1,0.14,0.1,0.14,4.0,0.0,0.06,0.24,1.77,4.0,19.0,0.06,0.0,20.0,2122
0.4,0.7,0.7,4,1,1,7.0,1.6,1,8.0,2,0.13,0.29,0.13,0.29,1.0,0.18,0.37,0.73,1.46,0.0,7.0,0.37,0.18,13.0,2223
3.4,0.4,0.4,2,1,1,8.0,1.2,1,8.0,1,0.05,0.14,0.05,0.14,1.0,0.12,0.12,0.24,0.94,1.0,11.0,0.12,0.12,18.0,2324
2.1,1.1,1.1,8,3,3,14.0,1.6,3,31.0,3,0.06,0.09,0.06,0.09,1.0,0.17,0.17,0.45,1.75,2.0,38.0,0.17,0.17,29.0,2021
0.1,2.1,2.1,8,1,1,14.0,3.6,1,31.0,4,0.09,0.15,0.09,0.15,1.0,0.04,0.17,0.34,1.31,6.0,46.0,0.17,0.04,49.0,2122
3.7,3.4,3.4,13,3,3,44.0,5.7,3,36.0,6,0.15,0.25,0.15,0.25,0.0,0.13,0.26,0.57,1.57,3.0,37.0,0.26,0.13,90.0,2324
7.8,8.4,8.4,37,7,7,104.0,21.3,7,105.0,18,0.26,0.66,0.26,0.66,5.0,0.22,0.56,1.15,3.26,9.0,66.0,0.56,0.22,264.0,1819
0.7,7.8,7.8,41,7,7,117.0,17.6,7,95.0,23,0.25,0.56,0.25,0.56,3.0,0.22,0.73,1.3,3.01,9.0,57.0,0.73,0.22,203.0,1920
2.0,2.5,2.5,12,4,4,20.0,4.0,4,29.0,6,0.34,0.54,0.34,0.54,0.0,0.54,0.81,1.62,3.92,2.0,11.0,0.81,0.54,29.0,2021
1.4,2.0,2.0,12,5,5,42.0,3.8,5,34.0,6,0.1,0.2,0.1,0.19,1.0,0.25,0.3,0.61,1.72,2.0,34.0,0.3,0.25,92.0,2122
0.0,1.4,1.4,7,1,1,27.0,3.1,1,22.0,2,0.12,0.27,0.12,0.27,3.0,0.08,0.17,0.59,1.86,2.0,21.0,0.17,0.08,67.0,2223
1.6,4.4,2.8,7,3,3,37.0,8.4,2,22.0,6,0.21,0.48,0.14,0.4,5.0,0.14,0.29,0.34,1.06,3.0,34.0,0.24,0.1,106.0,1819
4.9,1.6,1.6,9,2,2,48.0,6.9,2,29.0,6,0.08,0.34,0.08,0.34,8.0,0.1,0.3,0.45,1.45,2.0,35.0,0.3,0.1,198.0,1920
2.9,4.9,1.7,4,3,3,65.0,6.9,0,28.0,11,0.18,0.36,0.06,0.25,5.0,0.11,0.4,0.14,1.01,4.0,35.0,0.29,0.0,168.0,2021
5.4,2.9,2.1,7,2,2,61.0,7.7,2,23.0,6,0.13,0.37,0.09,0.34,4.0,0.09,0.26,0.31,1.02,5.0,27.0,0.26,0.09,141.0,2122
2.4,6.5,5.7,18,4,4,70.0,13.8,3,54.0,14,0.19,0.42,0.16,0.4,3.0,0.12,0.4,0.52,1.56,9.0,35.0,0.38,0.09,180.0,2324
0.2,1.0,1.0,9,0,0,6.0,2.6,0,25.0,2,0.06,0.16,0.06,0.16,0.0,0.0,0.12,0.56,1.55,4.0,13.0,0.12,0.0,39.0,1819
0.2,0.2,0.2,1,0,0,5.0,0.5,0,5.0,1,0.01,0.03,0.01,0.03,0.0,0.0,0.07,0.07,0.35,2.0,12.0,0.07,0.0,13.0,2021
0.0,0.2,0.2,3,0,0,3.0,0.4,0,7.0,0,0.02,0.04,0.02,0.04,0.0,0.0,0.0,0.3,0.7,1.0,5.0,0.0,0.0,20.0,2122
0.3,0.3,0.3,4,0,0,4.0,3.5,0,14.0,5,0.03,0.29,0.03,0.29,0.0,0.0,0.42,0.34,1.18,1.0,16.0,0.42,0.0,46.0,2324
1.4,1.4,1.4,3,1,1,21.0,1.9,1,11.0,1,0.06,0.08,0.06,0.08,1.0,0.04,0.04,0.13,0.48,2.0,18.0,0.04,0.04,10.0,2122
0.2,1.3,1.3,6,2,2,36.0,3.9,2,18.0,5,0.06,0.18,0.06,0.18,5.0,0.09,0.23,0.28,0.83,0.0,54.0,0.23,0.09,102.0,2223
0.3,0.2,0.2,1,0,0,6.0,0.4,0,5.0,1,0.03,0.08,0.03,0.08,0.0,0.0,0.21,0.21,1.05,1.0,5.0,0.21,0.0,22.0,2324
0.3,0.3,0.3,1,0,0,12.0,1.6,0,8.0,1,0.02,0.11,0.02,0.11,3.0,0.0,0.07,0.07,0.57,2.0,31.0,0.07,0.0,62.0,2324
0.7,0.6,0.6,4,0,0,15.0,3.2,0,14.0,4,0.03,0.16,0.03,0.16,1.0,0.0,0.2,0.2,0.68,1.0,21.0,0.2,0.0,32.0,1819
1.5,2.6,2.6,5,1,1,19.0,2.9,1,20.0,1,0.18,0.2,0.18,0.2,1.0,0.07,0.07,0.35,1.4,1.0,14.0,0.07,0.07,5.0,2223
1.8,1.5,1.5,8,1,1,26.0,2.0,1,22.0,1,0.08,0.11,0.08,0.11,4.0,0.05,0.05,0.43,1.19,1.0,19.0,0.05,0.05,22.0,2324
0.2,1.2,1.2,2,0,0,24.0,2.4,0,15.0,0,0.1,0.2,0.1,0.2,1.0,0.0,0.0,0.17,1.24,0.0,10.0,0.0,0.0,67.0,1819
0.1,0.9,0.9,2,1,1,9.0,1.6,1,6.0,2,0.05,0.09,0.05,0.09,0.0,0.05,0.11,0.11,0.33,1.0,7.0,0.11,0.05,6.0,2122
1.4,0.1,0.1,1,0,0,0.0,0.2,0,2.0,0,0.01,0.01,0.01,0.01,0.0,0.0,0.0,0.06,0.13,0.0,4.0,0.0,0.0,3.0,2223
8.5,3.0,3.0,5,2,2,33.0,4.0,2,20.0,4,0.48,0.65,0.48,0.65,5.0,0.32,0.64,0.81,3.22,2.0,18.0,0.64,0.32,24.0,2122
0.0,0.3,0.3,1,1,1,10.0,1.1,1,7.0,2,0.02,0.07,0.02,0.07,0.0,0.06,0.13,0.06,0.44,1.0,7.0,0.13,0.06,32.0,1920
0.8,1.5,1.5,7,0,0,31.0,4.1,0,28.0,1,0.09,0.23,0.09,0.23,4.0,0.0,0.06,0.39,1.58,2.0,19.0,0.06,0.0,94.0,2324
2.2,3.0,3.0,14,3,3,73.0,4.5,3,34.0,5,0.18,0.28,0.18,0.28,12.0,0.19,0.31,0.86,2.1,1.0,61.0,0.31,0.19,142.0,1819
0.1,3.9,3.9,13,4,4,42.0,5.4,4,21.0,5,0.42,0.58,0.42,0.58,11.0,0.43,0.54,1.4,2.26,3.0,37.0,0.54,0.43,69.0,1920
7.1,3.7,3.7,14,3,3,78.0,4.6,3,50.0,3,0.24,0.3,0.24,0.3,20.0,0.19,0.19,0.9,3.21,1.0,37.0,0.19,0.19,139.0,2122
0.4,2.0,2.0,7,2,2,32.0,3.6,2,18.0,2,0.11,0.21,0.11,0.21,2.0,0.12,0.12,0.4,1.04,3.0,41.0,0.12,0.12,86.0,2324
6.9,1.5,1.5,4,3,3,31.0,4.4,3,19.0,5,0.12,0.37,0.12,0.37,3.0,0.25,0.42,0.33,1.58,1.0,13.0,0.42,0.25,110.0,1819
2.3,6.9,6.9,15,6,6,77.0,11.7,6,40.0,12,0.42,0.73,0.42,0.73,14.0,0.37,0.74,0.93,2.48,2.0,36.0,0.74,0.37,148.0,1920
1.1,2.3,2.3,7,0,0,42.0,4.9,0,19.0,3,0.24,0.5,0.24,0.5,7.0,0.0,0.31,0.72,1.95,2.0,15.0,0.31,0.0,80.0,2021
0.4,1.1,1.1,4,0,0,28.0,2.3,0,13.0,4,0.13,0.28,0.13,0.28,4.0,0.0,0.48,0.48,1.55,2.0,16.0,0.48,0.0,88.0,2122
1.7,1.4,1.4,3,2,2,29.0,2.2,2,22.0,3,0.07,0.11,0.07,0.11,3.0,0.1,0.15,0.15,1.06,1.0,33.0,0.15,0.1,65.0,2324
0.0,0.8,0.8,5,0,0,30.0,1.2,0,7.0,0,0.12,0.17,0.12,0.17,2.0,0.0,0.0,0.75,1.05,1.0,18.0,0.0,0.0,52.0,1819
1.4,4.4,4.4,14,4,4,67.0,9.3,4,31.0,12,0.24,0.51,0.24,0.51,7.0,0.22,0.66,0.76,1.69,4.0,50.0,0.66,0.22,133.0,2223
3.7,1.4,1.4,4,2,2,23.0,1.5,2,10.0,2,0.22,0.24,0.22,0.24,1.0,0.31,0.31,0.61,1.53,2.0,18.0,0.31,0.31,44.0,2324
7.2,5.4,5.4,14,3,3,79.0,6.9,3,34.0,3,0.37,0.47,0.37,0.47,9.0,0.21,0.21,0.96,2.33,6.0,52.0,0.21,0.21,90.0,1819
18.1,9.2,9.2,21,9,9,112.0,11.7,9,56.0,10,0.44,0.56,0.44,0.56,6.0,0.43,0.48,1.01,2.7,5.0,60.0,0.48,0.43,132.0,2021
4.6,18.1,16.5,43,24,24,140.0,19.0,23,88.0,27,0.78,0.89,0.72,0.83,6.0,1.04,1.17,1.86,3.82,11.0,60.0,1.13,1.0,138.0,2122
6.0,4.6,4.6,14,3,3,48.0,5.1,3,34.0,4,0.44,0.49,0.44,0.49,0.0,0.29,0.38,1.34,3.25,3.0,28.0,0.38,0.29,68.0,2223
12.7,6.0,5.3,12,7,7,90.0,6.2,6,39.0,7,0.51,0.59,0.44,0.53,5.0,0.59,0.59,1.02,3.3,5.0,23.0,0.51,0.51,88.0,2324
1.3,3.5,3.5,16,4,4,58.0,6.3,4,30.0,8,0.27,0.48,0.27,0.48,7.0,0.3,0.61,1.21,2.27,5.0,46.0,0.61,0.3,82.0,2223
1.5,1.7,1.7,2,2,2,16.0,4.0,2,10.0,3,0.05,0.12,0.05,0.12,0.0,0.06,0.09,0.06,0.3,1.0,13.0,0.09,0.06,3.0,1920
0.0,0.2,0.2,1,0,0,1.0,0.2,0,3.0,0,0.03,0.03,0.03,0.03,0.0,0.0,0.0,0.2,0.6,2.0,5.0,0.0,0.0,1.0,2223
0.0,0.6,0.6,1,0,0,10.0,0.6,0,4.0,0,0.09,0.09,0.09,0.09,0.0,0.0,0.0,0.16,0.64,1.0,3.0,0.0,0.0,1.0,1718
0.0,1.5,1.5,2,2,2,18.0,2.0,2,11.0,4,0.05,0.07,0.05,0.07,1.0,0.07,0.14,0.07,0.38,1.0,3.0,0.14,0.07,6.0,2021
0.1,0.3,0.3,1,0,0,6.0,1.0,0,9.0,0,0.01,0.04,0.01,0.04,1.0,0.0,0.0,0.05,0.41,2.0,10.0,0.0,0.0,16.0,1819
0.3,0.1,0.1,2,0,0,6.0,0.3,0,2.0,0,0.0,0.02,0.0,0.02,0.0,0.0,0.0,0.15,0.15,0.0,3.0,0.0,0.0,16.0,1920
0.0,0.3,0.3,1,1,1,5.0,0.5,1,3.0,1,0.02,0.04,0.02,0.04,0.0,0.07,0.07,0.07,0.22,1.0,9.0,0.07,0.07,5.0,2021
0.0,0.1,0.1,2,1,1,4.0,0.2,1,2.0,1,0.01,0.01,0.01,0.01,0.0,0.08,0.08,0.15,0.15,0.0,6.0,0.08,0.08,8.0,2223
0.8,1.4,1.4,8,2,2,21.0,3.1,2,23.0,2,0.07,0.16,0.07,0.16,4.0,0.1,0.1,0.4,1.16,1.0,37.0,0.1,0.1,72.0,1819
0.8,0.8,0.8,5,2,2,30.0,2.7,2,13.0,3,0.06,0.2,0.06,0.2,1.0,0.15,0.22,0.37,0.96,0.0,25.0,0.22,0.15,68.0,1920
0.4,0.8,0.8,1,0,0,11.0,1.1,0,5.0,0,0.04,0.06,0.04,0.06,1.0,0.0,0.0,0.05,0.27,0.0,14.0,0.0,0.0,10.0,2021
5.8,0.5,0.5,1,0,0,8.0,0.8,0,3.0,1,0.19,0.33,0.19,0.33,1.0,0.0,0.39,0.39,1.18,0.0,14.0,0.39,0.0,14.0,2122
2.4,15.0,7.1,39,13,13,105.0,11.8,6,95.0,22,0.45,0.59,0.21,0.35,5.0,0.39,0.66,1.17,2.84,15.0,75.0,0.45,0.18,205.0,1819
2.8,2.4,1.6,7,1,1,26.0,4.1,1,21.0,4,0.18,0.37,0.12,0.31,2.0,0.07,0.3,0.52,1.57,0.0,19.0,0.3,0.07,30.0,1920
2.6,2.8,2.8,11,3,3,58.0,5.2,3,31.0,6,0.13,0.25,0.13,0.25,4.0,0.14,0.28,0.52,1.47,5.0,54.0,0.28,0.14,101.0,2021
0.3,2.6,2.6,8,1,1,46.0,6.1,1,32.0,10,0.18,0.41,0.18,0.41,0.0,0.07,0.67,0.53,2.13,1.0,42.0,0.67,0.07,62.0,2122
0.0,0.3,0.3,2,0,0,10.0,0.6,0,5.0,0,0.27,0.46,0.27,0.46,0.0,0.0,0.0,1.62,4.05,1.0,2.0,0.0,0.0,15.0,2223
0.2,2.0,2.0,4,3,3,11.0,3.0,3,9.0,5,0.58,0.89,0.58,0.89,1.0,0.89,1.48,1.18,2.66,1.0,9.0,1.48,0.89,32.0,1920
0.5,4.1,4.1,14,4,4,63.0,6.2,4,27.0,5,0.3,0.46,0.3,0.46,3.0,0.3,0.37,1.03,2.0,5.0,38.0,0.37,0.3,121.0,2122
9.4,5.0,4.2,20,5,5,69.0,8.0,4,63.0,9,0.21,0.37,0.18,0.34,5.0,0.21,0.38,0.84,2.65,4.0,71.0,0.34,0.17,154.0,1819
4.6,9.4,8.6,35,11,11,113.0,15.3,10,99.0,17,0.39,0.67,0.36,0.64,6.0,0.46,0.71,1.46,4.13,9.0,60.0,0.67,0.42,204.0,1920
7.6,4.6,4.6,15,4,4,61.0,7.4,4,51.0,7,0.36,0.58,0.36,0.58,3.0,0.32,0.56,1.19,4.05,5.0,35.0,0.56,0.32,97.0,2021
9.3,7.6,6.0,36,10,10,86.0,10.5,9,97.0,15,0.33,0.53,0.26,0.46,6.0,0.44,0.66,1.57,4.24,7.0,70.0,0.61,0.39,155.0,2122
10.6,9.3,5.3,18,12,12,78.0,12.2,7,60.0,18,0.48,0.83,0.28,0.63,5.0,0.62,0.93,0.93,3.11,10.0,62.0,0.67,0.36,109.0,2223
6.4,10.6,5.1,16,13,13,88.0,9.4,6,52.0,22,0.49,0.68,0.23,0.43,5.0,0.6,1.01,0.74,2.39,4.0,70.0,0.69,0.28,167.0,2324
1.0,0.7,0.7,2,0,0,18.0,0.7,0,9.0,0,0.03,0.03,0.03,0.03,0.0,0.0,0.0,0.08,0.36,1.0,7.0,0.0,0.0,0.0,1819
0.9,1.0,1.0,4,1,1,16.0,1.3,1,12.0,1,0.04,0.05,0.04,0.05,0.0,0.04,0.04,0.17,0.52,3.0,3.0,0.04,0.04,0.0,1920
0.3,0.5,0.5,4,0,0,17.0,2.4,0,14.0,2,0.03,0.12,0.03,0.12,0.0,0.0,0.1,0.21,0.73,0.0,39.0,0.1,0.0,83.0,2021
2.8,3.8,3.8,11,3,3,63.0,9.9,3,28.0,7,0.14,0.36,0.14,0.36,1.0,0.11,0.25,0.39,1.0,5.0,28.0,0.25,0.11,224.0,1819
1.1,2.8,2.8,10,2,2,71.0,7.9,2,28.0,9,0.1,0.29,0.1,0.29,7.0,0.07,0.33,0.36,1.02,1.0,25.0,0.33,0.07,176.0,1920
2.3,1.1,1.1,4,0,0,36.0,4.0,0,10.0,4,0.07,0.23,0.07,0.23,4.0,0.0,0.23,0.23,0.57,0.0,13.0,0.23,0.0,149.0,2021
1.3,2.3,2.3,2,1,1,42.0,5.3,1,11.0,3,0.18,0.4,0.18,0.4,2.0,0.08,0.23,0.15,0.83,1.0,15.0,0.23,0.08,104.0,2122
2.5,1.3,1.3,1,1,1,39.0,3.1,1,8.0,2,0.07,0.17,0.07,0.17,2.0,0.05,0.11,0.05,0.43,0.0,13.0,0.11,0.05,114.0,2223
0.8,2.5,2.5,6,3,3,62.0,7.2,3,19.0,7,0.09,0.27,0.09,0.27,1.0,0.11,0.26,0.22,0.71,3.0,11.0,0.26,0.11,153.0,2324
0.5,1.9,1.9,4,0,0,20.0,2.9,0,15.0,0,0.09,0.14,0.09,0.14,2.0,0.0,0.0,0.19,0.73,4.0,14.0,0.0,0.0,23.0,2021
0.5,1.1,1.1,2,1,1,17.0,1.9,1,11.0,2,0.06,0.11,0.06,0.11,1.0,0.06,0.11,0.11,0.61,1.0,8.0,0.11,0.06,17.0,2223
0.3,0.5,0.5,1,0,0,14.0,0.6,0,9.0,0,0.02,0.02,0.02,0.02,0.0,0.0,0.0,0.04,0.38,2.0,13.0,0.0,0.0,5.0,2324
0.1,0.2,0.2,2,0,0,4.0,1.8,0,6.0,0,0.01,0.12,0.01,0.12,0.0,0.0,0.0,0.13,0.4,0.0,17.0,0.0,0.0,39.0,1819
4.9,1.3,1.3,5,3,3,21.0,2.5,3,12.0,4,0.13,0.25,0.13,0.25,0.0,0.31,0.41,0.51,1.22,2.0,14.0,0.41,0.31,42.0,2122
3.1,4.9,4.9,9,6,6,59.0,9.9,6,22.0,7,0.22,0.45,0.22,0.45,4.0,0.27,0.32,0.41,1.0,2.0,32.0,0.32,0.27,99.0,2223
2.2,3.1,3.1,7,4,4,36.0,7.3,4,15.0,6,0.19,0.44,0.19,0.44,1.0,0.24,0.37,0.43,0.91,1.0,31.0,0.37,0.24,81.0,2324
2.0,5.3,5.3,25,8,8,101.0,8.8,8,57.0,10,0.27,0.45,0.27,0.45,8.0,0.4,0.51,1.27,2.89,2.0,31.0,0.51,0.4,202.0,1819
0.4,2.0,2.0,10,1,1,35.0,2.9,1,22.0,2,0.27,0.4,0.27,0.4,0.0,0.14,0.27,1.36,3.0,6.0,18.0,0.27,0.14,52.0,1920
4.7,4.2,4.2,15,5,5,45.0,7.3,5,43.0,7,0.25,0.44,0.25,0.44,7.0,0.28,0.4,0.85,2.43,5.0,45.0,0.4,0.28,122.0,2021
3.4,4.7,4.7,20,9,9,67.0,8.0,9,36.0,13,0.21,0.35,0.21,0.35,6.0,0.4,0.58,0.89,1.59,3.0,55.0,0.58,0.4,147.0,2122
1.5,3.4,3.4,16,4,4,79.0,6.1,4,42.0,7,0.16,0.29,0.16,0.29,5.0,0.19,0.33,0.76,1.99,6.0,48.0,0.33,0.19,144.0,2223
5.3,1.5,1.5,4,1,1,25.0,3.6,1,11.0,2,0.17,0.39,0.17,0.39,4.0,0.11,0.22,0.44,1.21,0.0,29.0,0.22,0.11,81.0,2324
0.1,1.0,1.0,3,1,1,18.0,1.6,1,15.0,2,0.05,0.08,0.05,0.08,2.0,0.05,0.1,0.14,0.72,3.0,7.0,0.1,0.05,3.0,1819
0.9,1.2,1.2,5,3,3,10.0,1.3,3,8.0,3,0.06,0.07,0.06,0.07,2.0,0.15,0.15,0.25,0.41,0.0,7.0,0.15,0.15,6.0,1920
1.5,0.8,0.8,5,0,0,10.0,2.5,0,16.0,1,0.04,0.11,0.04,0.11,0.0,0.0,0.04,0.22,0.71,0.0,5.0,0.04,0.0,22.0,2223
0.5,1.5,1.5,6,1,1,26.0,2.6,1,17.0,2,0.05,0.09,0.05,0.09,2.0,0.03,0.07,0.21,0.59,3.0,23.0,0.07,0.03,55.0,2324
2.9,1.0,1.0,2,1,1,8.0,1.2,1,7.0,1,0.21,0.26,0.21,0.26,0.0,0.21,0.21,0.42,1.48,0.0,11.0,0.21,0.21,45.0,1819
1.3,2.9,2.9,14,1,1,56.0,6.5,1,38.0,3,0.14,0.31,0.14,0.31,10.0,0.05,0.14,0.66,1.8,4.0,47.0,0.14,0.05,179.0,1920
0.1,0.1,0.1,1,0,0,3.0,0.6,0,2.0,1,0.02,0.11,0.02,0.11,0.0,0.0,0.19,0.19,0.39,0.0,5.0,0.19,0.0,19.0,1819
0.0,1.3,1.3,2,2,2,7.0,1.9,2,7.0,2,0.07,0.1,0.07,0.1,0.0,0.11,0.11,0.11,0.39,1.0,8.0,0.11,0.11,1.0,2021
1.5,5.1,5.1,21,5,5,100.0,10.6,5,61.0,11,0.18,0.37,0.18,0.37,4.0,0.18,0.39,0.74,2.15,5.0,77.0,0.39,0.18,255.0,2021
1.1,1.5,1.5,4,1,1,24.0,2.5,1,17.0,2,0.29,0.49,0.29,0.49,1.0,0.19,0.39,0.77,3.28,2.0,21.0,0.39,0.19,49.0,2122
3.5,1.1,1.1,3,0,0,46.0,3.2,0,17.0,0,0.1,0.3,0.1,0.3,2.0,0.0,0.0,0.28,1.59,4.0,29.0,0.0,0.0,111.0,2223
3.5,3.5,3.5,12,2,2,83.0,7.9,2,36.0,11,0.21,0.47,0.21,0.47,2.0,0.12,0.65,0.71,2.14,4.0,44.0,0.65,0.12,149.0,2324
1.7,0.6,0.6,1,0,0,11.0,1.6,0,15.0,1,0.05,0.13,0.05,0.13,2.0,0.0,0.08,0.08,1.2,1.0,13.0,0.08,0.0,22.0,1819
0.7,1.7,1.7,7,1,1,23.0,2.4,1,22.0,2,0.09,0.13,0.09,0.13,1.0,0.05,0.11,0.38,1.18,3.0,17.0,0.11,0.05,25.0,1920
0.4,0.7,0.7,5,0,0,9.0,1.7,0,16.0,1,0.04,0.1,0.04,0.1,0.0,0.0,0.06,0.31,0.98,0.0,13.0,0.06,0.0,16.0,2021
0.2,0.7,0.7,5,0,0,36.0,4.1,0,14.0,4,0.02,0.15,0.02,0.15,5.0,0.0,0.14,0.18,0.49,0.0,38.0,0.14,0.0,142.0,2021
0.0,1.6,1.6,6,0,0,26.0,4.5,0,23.0,4,0.07,0.18,0.07,0.18,0.0,0.0,0.16,0.24,0.94,3.0,52.0,0.16,0.0,145.0,1819
1.2,1.0,1.0,2,1,1,14.0,1.7,1,11.0,2,0.07,0.13,0.07,0.13,3.0,0.08,0.15,0.15,0.85,2.0,25.0,0.15,0.08,84.0,2324
0.2,0.5,0.5,3,0,0,10.0,2.0,0,10.0,2,0.04,0.16,0.04,0.16,0.0,0.0,0.16,0.24,0.8,0.0,14.0,0.16,0.0,28.0,2223
0.0,0.5,0.5,1,0,0,7.0,0.8,0,5.0,1,0.04,0.07,0.04,0.07,1.0,0.0,0.09,0.09,0.45,0.0,16.0,0.09,0.0,14.0,1819
4.9,5.0,5.0,11,4,4,42.0,7.1,4,30.0,7,0.23,0.32,0.23,0.32,5.0,0.18,0.32,0.5,1.36,8.0,61.0,0.32,0.18,79.0,2021
5.4,4.9,4.9,14,8,8,44.0,6.6,8,29.0,11,0.27,0.36,0.27,0.36,9.0,0.44,0.6,0.77,1.59,3.0,52.0,0.6,0.44,75.0,2122
1.5,5.4,3.0,7,6,6,59.0,4.2,3,33.0,7,0.26,0.32,0.15,0.2,13.0,0.29,0.34,0.34,1.61,4.0,47.0,0.2,0.15,83.0,2223
0.2,1.6,1.6,6,1,1,24.0,3.6,1,19.0,3,0.05,0.12,0.05,0.12,0.0,0.03,0.1,0.19,0.61,3.0,45.0,0.1,0.03,57.0,1819
0.9,0.2,0.2,1,1,1,12.0,1.3,1,4.0,2,0.02,0.11,0.02,0.11,0.0,0.08,0.17,0.08,0.33,0.0,34.0,0.17,0.08,17.0,1920
1.5,0.9,0.9,4,2,2,22.0,1.9,2,9.0,2,0.07,0.15,0.07,0.15,1.0,0.15,0.15,0.3,0.68,1.0,25.0,0.15,0.15,33.0,2021
0.5,1.6,1.6,2,1,1,45.0,5.2,1,19.0,6,0.05,0.16,0.05,0.16,4.0,0.03,0.18,0.06,0.57,2.0,62.0,0.18,0.03,184.0,1920
0.8,0.5,0.5,5,0,0,28.0,2.0,0,10.0,0,0.04,0.15,0.04,0.15,6.0,0.0,0.0,0.39,0.77,1.0,28.0,0.0,0.0,120.0,2021
1.7,0.8,0.8,4,0,0,30.0,3.3,0,14.0,1,0.04,0.19,0.04,0.19,11.0,0.0,0.06,0.23,0.8,2.0,26.0,0.06,0.0,148.0,2122
1.2,1.0,1.0,6,2,2,37.0,4.4,2,11.0,5,0.07,0.32,0.07,0.32,5.0,0.14,0.36,0.43,0.8,1.0,20.0,0.36,0.14,88.0,2324
0.0,0.3,0.3,2,0,0,15.0,1.3,0,10.0,1,0.02,0.08,0.02,0.08,0.0,0.0,0.06,0.12,0.59,2.0,11.0,0.06,0.0,51.0,2223
1.3,1.7,1.7,5,0,0,29.0,2.7,0,17.0,0,0.24,0.38,0.24,0.38,1.0,0.0,0.0,0.69,2.36,1.0,25.0,0.0,0.0,48.0,2324
0.8,1.8,1.8,5,3,3,19.0,2.6,3,8.0,4,0.09,0.14,0.09,0.14,1.0,0.16,0.21,0.27,0.43,0.0,11.0,0.21,0.16,74.0,2021
0.0,0.8,0.8,3,0,0,17.0,1.6,0,10.0,0,0.03,0.06,0.03,0.06,1.0,0.0,0.0,0.12,0.4,1.0,22.0,0.0,0.0,69.0,2122
3.3,2.1,2.1,6,1,1,27.0,3.0,1,14.0,1,0.57,0.8,0.57,0.8,0.0,0.27,0.27,1.61,3.76,0.0,4.0,0.27,0.27,35.0,1819
5.0,3.3,3.3,14,5,5,60.0,4.5,5,34.0,7,0.33,0.45,0.33,0.45,1.0,0.5,0.7,1.4,3.4,2.0,19.0,0.7,0.5,102.0,1920
9.4,5.0,5.0,20,9,9,121.0,8.6,9,45.0,14,0.28,0.48,0.28,0.48,3.0,0.5,0.78,1.11,2.51,4.0,47.0,0.78,0.5,213.0,2021
5.9,9.4,9.4,22,9,9,137.0,15.7,9,57.0,14,0.4,0.66,0.4,0.66,14.0,0.38,0.59,0.93,2.41,7.0,48.0,0.59,0.38,248.0,2122
10.3,5.9,5.9,22,11,11,131.0,10.6,11,46.0,17,0.29,0.52,0.29,0.52,6.0,0.54,0.83,1.07,2.25,5.0,34.0,0.83,0.54,275.0,2223
5.2,10.3,10.3,48,19,19,190.0,18.7,19,105.0,27,0.33,0.59,0.33,0.59,5.0,0.6,0.85,1.51,3.31,6.0,62.0,0.85,0.6,269.0,2324
0.1,0.4,0.4,2,0,0,6.0,1.0,0,5.0,1,0.03,0.07,0.03,0.07,0.0,0.0,0.07,0.14,0.36,1.0,9.0,0.07,0.0,2.0,1819
2.0,1.8,1.8,9,2,2,32.0,3.4,2,42.0,2,0.07,0.14,0.07,0.14,2.0,0.08,0.08,0.37,1.73,9.0,54.0,0.08,0.08,59.0,1819
4.9,2.0,2.0,8,1,1,50.0,3.6,1,33.0,2,0.07,0.13,0.07,0.13,2.0,0.04,0.07,0.28,1.17,3.0,51.0,0.07,0.04,59.0,1920
2.5,4.9,4.9,18,7,7,71.0,8.0,7,38.0,8,0.16,0.26,0.16,0.26,3.0,0.23,0.26,0.59,1.24,5.0,42.0,0.26,0.23,101.0,2223
0.6,2.5,2.5,8,2,2,60.0,5.7,2,30.0,4,0.16,0.36,0.16,0.36,0.0,0.13,0.26,0.52,1.93,2.0,27.0,0.26,0.13,63.0,2324
1.5,0.6,0.6,1,0,0,12.0,1.7,0,5.0,0,0.28,0.82,0.28,0.82,0.0,0.0,0.0,0.49,2.45,1.0,7.0,0.0,0.0,13.0,2425
0.2,0.2,0.2,1,0,0,1.0,0.3,0,7.0,0,0.01,0.03,0.01,0.03,0.0,0.0,0.0,0.08,0.58,0.0,15.0,0.0,0.0,6.0,1819
1.4,2.8,2.8,7,2,2,36.0,4.0,2,29.0,3,0.26,0.38,0.26,0.38,2.0,0.19,0.28,0.65,2.7,4.0,23.0,0.28,0.19,59.0,2122
0.5,1.4,1.4,6,3,3,23.0,4.8,3,17.0,10,0.1,0.33,0.1,0.33,0.0,0.21,0.69,0.41,1.17,1.0,23.0,0.69,0.21,47.0,2223
5.5,4.8,4.8,15,4,4,84.0,6.5,4,39.0,6,0.27,0.37,0.27,0.37,4.0,0.23,0.34,0.86,2.23,9.0,43.0,0.34,0.23,86.0,2324
1.9,0.8,0.8,2,0,0,5.0,1.3,0,7.0,1,0.04,0.06,0.04,0.06,0.0,0.0,0.05,0.1,0.35,1.0,9.0,0.05,0.0,4.0,1920
1.1,1.4,1.4,3,1,1,20.0,1.7,1,17.0,1,0.05,0.06,0.05,0.06,1.0,0.04,0.04,0.11,0.61,3.0,19.0,0.04,0.04,4.0,2223
0.5,1.1,1.1,3,1,1,9.0,2.2,1,7.0,1,0.08,0.16,0.08,0.16,1.0,0.07,0.07,0.21,0.5,1.0,7.0,0.07,0.07,3.0,2324
0.2,0.7,0.7,3,0,0,16.0,2.3,0,9.0,1,0.09,0.3,0.09,0.3,1.0,0.0,0.13,0.39,1.17,2.0,8.0,0.13,0.0,52.0,2223
7.4,3.6,3.6,20,8,8,67.0,7.8,8,37.0,13,0.25,0.54,0.25,0.54,8.0,0.56,0.9,1.39,2.57,1.0,41.0,0.9,0.56,136.0,1718
8.6,7.4,7.4,31,5,5,103.0,11.1,5,68.0,7,0.33,0.5,0.33,0.5,8.0,0.22,0.31,1.38,3.03,6.0,42.0,0.31,0.22,229.0,1819
4.0,8.6,7.8,26,8,8,72.0,11.8,7,57.0,14,0.55,0.8,0.5,0.75,3.0,0.51,0.89,1.66,3.64,2.0,32.0,0.83,0.45,128.0,1920
3.8,4.0,4.0,9,2,2,38.0,4.7,2,28.0,4,0.55,0.65,0.55,0.65,1.0,0.28,0.55,1.24,3.85,1.0,9.0,0.55,0.28,61.0,2021
3.1,3.8,3.8,16,5,5,47.0,6.7,5,43.0,8,0.25,0.45,0.25,0.45,4.0,0.34,0.54,1.08,2.91,6.0,35.0,0.54,0.34,62.0,2122
1.4,3.1,2.3,6,2,2,23.0,2.5,1,23.0,2,0.55,0.6,0.41,0.46,2.0,0.36,0.36,1.07,4.12,1.0,19.0,0.18,0.18,49.0,2122
0.1,1.4,1.4,8,1,1,24.0,1.8,1,21.0,1,0.16,0.21,0.16,0.21,2.0,0.11,0.11,0.91,2.4,1.0,23.0,0.11,0.11,68.0,2223
1.4,0.5,0.5,3,1,1,14.0,2.1,1,7.0,3,0.03,0.11,0.03,0.11,1.0,0.05,0.16,0.16,0.38,0.0,26.0,0.16,0.05,72.0,2021
1.9,1.3,1.3,6,1,1,28.0,2.4,1,17.0,2,0.05,0.09,0.05,0.09,1.0,0.04,0.07,0.22,0.62,1.0,21.0,0.07,0.04,42.0,2223
2.9,1.9,1.9,6,1,1,25.0,2.5,1,18.0,3,0.12,0.15,0.12,0.15,0.0,0.06,0.18,0.36,1.09,2.0,11.0,0.18,0.06,50.0,2324
1.1,3.2,3.2,11,0,0,39.0,5.0,0,46.0,1,0.11,0.16,0.11,0.16,1.0,0.0,0.03,0.36,1.5,4.0,64.0,0.03,0.0,55.0,1920
3.3,0.7,0.7,6,0,0,16.0,1.9,0,19.0,0,0.05,0.13,0.05,0.13,0.0,0.0,0.0,0.41,1.3,1.0,20.0,0.0,0.0,29.0,2324
1.5,0.3,0.3,2,1,1,13.0,1.0,1,5.0,3,0.02,0.05,0.02,0.05,2.0,0.05,0.14,0.09,0.23,1.0,22.0,0.14,0.05,35.0,2122
0.1,1.5,1.5,2,1,1,18.0,2.8,1,11.0,1,0.05,0.1,0.05,0.1,2.0,0.04,0.04,0.07,0.39,2.0,25.0,0.04,0.04,43.0,2223
0.2,3.2,3.2,11,4,4,18.0,4.4,4,39.0,4,0.16,0.21,0.16,0.21,0.0,0.19,0.19,0.53,1.88,2.0,26.0,0.19,0.19,35.0,1920
3.3,4.4,3.6,20,5,5,86.0,8.9,4,48.0,11,0.14,0.3,0.11,0.28,8.0,0.16,0.34,0.62,1.49,2.0,52.0,0.31,0.12,193.0,1718
4.2,3.3,3.3,11,2,2,39.0,5.6,2,39.0,3,0.12,0.21,0.12,0.21,1.0,0.08,0.11,0.41,1.47,6.0,32.0,0.11,0.08,81.0,1819
4.7,4.2,4.2,21,5,5,47.0,8.1,5,54.0,11,0.17,0.32,0.17,0.32,1.0,0.2,0.44,0.84,2.16,7.0,44.0,0.44,0.2,153.0,1920
1.6,4.7,3.9,12,4,4,29.0,4.7,3,42.0,6,0.2,0.24,0.17,0.21,1.0,0.17,0.26,0.52,1.83,5.0,25.0,0.22,0.13,56.0,2021
14.7,22.5,18.5,34,22,22,142.0,22.7,18,89.0,27,0.74,0.88,0.61,0.75,23.0,0.73,0.89,1.12,2.94,5.0,61.0,0.76,0.59,228.0,1819
10.2,14.7,13.2,40,22,22,150.0,16.5,20,91.0,25,0.42,0.52,0.38,0.47,20.0,0.63,0.72,1.15,2.61,7.0,58.0,0.66,0.57,288.0,1920
5.9,10.2,8.6,19,10,10,119.0,11.0,8,55.0,13,0.39,0.48,0.33,0.42,17.0,0.39,0.5,0.73,2.12,2.0,39.0,0.42,0.31,195.0,2021
7.8,5.9,4.2,16,4,4,50.0,5.2,4,33.0,5,0.51,0.6,0.36,0.45,10.0,0.35,0.43,1.39,2.86,4.0,16.0,0.43,0.35,47.0,2122
1.5,7.8,7.8,20,11,11,65.0,8.9,11,37.0,12,0.65,0.74,0.65,0.74,7.0,0.91,1.0,1.66,3.08,2.0,29.0,1.0,0.91,79.0,2122
0.1,1.5,1.5,7,1,1,23.0,1.9,1,16.0,1,0.24,0.3,0.24,0.3,0.0,0.16,0.16,1.14,2.6,2.0,11.0,0.16,0.16,29.0,2223
0.0,1.7,1.7,4,0,0,20.0,1.9,0,13.0,0,0.3,0.32,0.3,0.32,2.0,0.0,0.0,0.69,2.24,3.0,17.0,0.0,0.0,15.0,2122
2.6,2.7,2.7,7,3,3,27.0,6.1,3,28.0,6,0.13,0.3,0.13,0.3,1.0,0.15,0.29,0.34,1.37,7.0,34.0,0.29,0.15,74.0,1819
3.0,2.6,2.6,11,1,1,42.0,5.2,1,36.0,3,0.14,0.27,0.14,0.27,2.0,0.05,0.15,0.57,1.85,2.0,40.0,0.15,0.05,102.0,1920
1.5,3.0,3.0,5,3,3,28.0,5.2,3,29.0,6,0.13,0.23,0.13,0.23,4.0,0.13,0.26,0.22,1.27,2.0,38.0,0.26,0.13,90.0,2021
1.5,1.5,1.5,1,0,0,22.0,3.4,0,17.0,1,0.11,0.25,0.11,0.25,0.0,0.0,0.08,0.08,1.28,5.0,31.0,0.08,0.0,42.0,2122
0.2,1.5,1.5,7,0,0,19.0,2.7,0,16.0,3,0.1,0.17,0.1,0.17,0.0,0.0,0.19,0.44,1.01,2.0,34.0,0.19,0.0,40.0,2223
1.5,0.4,0.4,2,1,1,8.0,0.4,1,5.0,1,0.16,0.18,0.16,0.18,4.0,0.42,0.42,0.83,2.08,0.0,20.0,0.42,0.42,17.0,2122
1.0,1.5,1.5,5,2,2,20.0,2.0,2,10.0,2,0.29,0.39,0.29,0.39,7.0,0.39,0.39,0.97,1.94,0.0,24.0,0.39,0.39,50.0,2223
0.3,1.0,1.0,4,1,1,25.0,1.4,1,13.0,2,0.12,0.16,0.12,0.16,6.0,0.12,0.24,0.48,1.55,1.0,25.0,0.24,0.12,52.0,2324
2.0,0.9,0.9,8,2,2,17.0,2.0,2,18.0,3,0.1,0.21,0.1,0.21,3.0,0.21,0.32,0.85,1.92,1.0,21.0,0.32,0.21,56.0,1819
4.1,5.5,5.5,27,6,6,84.0,10.3,6,80.0,8,0.17,0.32,0.17,0.32,3.0,0.19,0.25,0.85,2.5,5.0,50.0,0.25,0.19,197.0,1819
5.3,4.1,4.1,22,2,2,53.0,7.8,2,78.0,6,0.13,0.24,0.13,0.24,1.0,0.06,0.18,0.68,2.4,7.0,38.0,0.18,0.06,153.0,1920
3.4,5.3,5.3,25,8,8,85.0,10.5,8,60.0,18,0.19,0.37,0.19,0.37,7.0,0.29,0.64,0.89,2.14,6.0,50.0,0.64,0.29,157.0,2021
3.5,3.4,3.4,15,6,6,69.0,7.2,6,43.0,11,0.15,0.31,0.15,0.31,1.0,0.26,0.47,0.65,1.86,4.0,39.0,0.47,0.26,95.0,2122
2.6,3.5,3.5,19,3,3,54.0,10.9,3,53.0,11,0.14,0.43,0.14,0.43,2.0,0.12,0.43,0.75,2.09,3.0,27.0,0.43,0.12,129.0,2223
2.6,2.6,1.8,8,3,3,35.0,5.2,2,29.0,5,0.12,0.28,0.08,0.24,0.0,0.14,0.23,0.37,1.36,5.0,23.0,0.19,0.09,88.0,2324
1.5,1.6,1.6,3,2,2,63.0,7.8,2,17.0,8,0.05,0.24,0.05,0.24,3.0,0.06,0.24,0.09,0.51,2.0,31.0,0.24,0.06,202.0,1819
1.3,1.5,1.5,8,0,0,62.0,4.7,0,24.0,2,0.05,0.16,0.05,0.16,1.0,0.0,0.07,0.27,0.82,2.0,39.0,0.07,0.0,169.0,1920
0.1,1.3,1.3,4,2,2,42.0,3.5,2,10.0,4,0.08,0.2,0.08,0.2,0.0,0.12,0.23,0.23,0.58,0.0,38.0,0.23,0.12,128.0,2021
0.2,1.4,1.4,2,1,1,60.0,4.2,1,13.0,3,0.07,0.21,0.07,0.21,10.0,0.05,0.15,0.1,0.66,2.0,38.0,0.15,0.05,205.0,2122
0.6,1.3,1.3,3,2,2,13.0,2.4,2,9.0,3,0.08,0.14,0.08,0.14,2.0,0.12,0.18,0.18,0.53,0.0,11.0,0.18,0.12,59.0,2324
6.0,7.9,7.1,17,9,9,133.0,11.4,8,36.0,11,0.25,0.39,0.23,0.36,11.0,0.29,0.35,0.54,1.15,4.0,66.0,0.32,0.26,269.0,1819
5.9,6.0,5.3,15,7,7,126.0,10.6,7,40.0,14,0.23,0.43,0.2,0.4,21.0,0.26,0.53,0.56,1.5,6.0,57.0,0.53,0.26,226.0,1920
2.9,5.9,5.9,11,8,8,117.0,9.6,8,31.0,11,0.24,0.39,0.24,0.39,22.0,0.33,0.45,0.45,1.28,3.0,41.0,0.45,0.33,201.0,2021
1.7,2.9,2.1,9,1,1,86.0,4.6,0,24.0,3,0.16,0.3,0.12,0.26,11.0,0.06,0.17,0.51,1.36,2.0,34.0,0.11,0.0,150.0,2122
0.2,1.7,1.7,5,0,0,35.0,3.6,0,15.0,3,0.09,0.18,0.09,0.18,10.0,0.0,0.15,0.25,0.76,3.0,29.0,0.15,0.0,130.0,2223
1.6,3.4,3.4,10,7,7,55.0,6.8,7,21.0,12,0.26,0.52,0.26,0.52,9.0,0.53,0.91,0.76,1.59,2.0,23.0,0.91,0.53,96.0,2324
0.7,0.4,0.4,1,0,0,7.0,1.1,0,4.0,1,0.02,0.05,0.02,0.05,1.0,0.0,0.04,0.04,0.18,1.0,8.0,0.04,0.0,6.0,1819
0.3,0.7,0.7,2,0,0,8.0,0.7,0,6.0,0,0.05,0.05,0.05,0.05,0.0,0.0,0.0,0.15,0.44,1.0,5.0,0.0,0.0,2.0,1920
1.4,0.3,0.3,1,0,0,11.0,0.7,0,5.0,0,0.01,0.03,0.01,0.03,0.0,0.0,0.0,0.04,0.2,0.0,14.0,0.0,0.0,1.0,2021
0.7,1.4,1.4,1,1,1,12.0,1.5,1,7.0,1,0.05,0.05,0.05,0.05,0.0,0.03,0.03,0.03,0.24,1.0,15.0,0.03,0.03,16.0,2122
3.7,4.2,1.8,6,5,5,57.0,8.6,2,28.0,8,0.13,0.35,0.06,0.27,6.0,0.16,0.25,0.19,0.89,3.0,30.0,0.16,0.06,237.0,2223
2.3,3.7,2.1,8,3,3,55.0,5.9,2,29.0,5,0.15,0.31,0.09,0.24,0.0,0.12,0.21,0.33,1.19,2.0,36.0,0.16,0.08,210.0,2324
0.6,0.5,0.5,4,2,2,13.0,1.6,2,12.0,2,0.02,0.07,0.02,0.07,1.0,0.08,0.08,0.17,0.5,0.0,42.0,0.08,0.08,73.0,1819
2.1,0.8,0.8,2,1,1,21.0,2.3,1,17.0,2,0.07,0.18,0.07,0.18,0.0,0.08,0.16,0.16,1.34,2.0,44.0,0.16,0.08,61.0,1920
0.8,2.1,2.1,7,2,2,24.0,3.7,2,24.0,4,0.14,0.26,0.14,0.26,2.0,0.14,0.27,0.48,1.64,5.0,41.0,0.27,0.14,107.0,2021
0.4,0.8,0.8,8,1,1,13.0,2.2,1,16.0,2,0.08,0.21,0.08,0.21,0.0,0.09,0.19,0.75,1.5,1.0,33.0,0.19,0.09,57.0,2122
0.1,0.2,0.2,1,0,0,9.0,0.2,0,5.0,0,0.09,0.09,0.09,0.09,1.0,0.0,0.0,0.43,2.15,0.0,8.0,0.0,0.0,11.0,1819
0.1,0.8,0.8,4,1,1,16.0,4.1,1,15.0,3,0.04,0.2,0.04,0.2,0.0,0.05,0.15,0.2,0.75,3.0,25.0,0.15,0.05,96.0,2223
0.7,0.1,0.1,1,0,0,8.0,1.3,0,5.0,1,0.02,0.16,0.02,0.16,0.0,0.0,0.13,0.13,0.64,2.0,7.0,0.13,0.0,56.0,2324
2.1,0.7,0.7,3,0,0,19.0,2.0,0,14.0,1,0.05,0.14,0.05,0.14,3.0,0.0,0.07,0.21,0.98,3.0,17.0,0.07,0.0,62.0,2324
0.5,0.4,0.4,3,1,1,10.0,0.7,1,8.0,1,0.03,0.05,0.03,0.05,0.0,0.08,0.08,0.23,0.6,1.0,15.0,0.08,0.08,48.0,2021
0.0,3.2,3.2,7,2,2,48.0,3.9,2,23.0,2,0.24,0.3,0.24,0.3,15.0,0.15,0.15,0.54,1.78,2.0,46.0,0.15,0.15,93.0,1920
0.0,5.2,5.2,22,6,6,67.0,6.5,6,58.0,7,0.3,0.37,0.3,0.37,5.0,0.35,0.4,1.27,3.34,4.0,40.0,0.4,0.35,108.0,1920
1.4,2.6,2.6,7,2,2,47.0,5.3,2,29.0,5,0.24,0.48,0.24,0.48,7.0,0.18,0.45,0.63,2.59,3.0,45.0,0.45,0.18,127.0,1718
0.0,0.9,0.9,4,1,1,7.0,0.9,1,6.0,1,0.12,0.13,0.12,0.13,1.0,0.14,0.14,0.55,0.83,2.0,16.0,0.14,0.14,20.0,1920
15.2,13.9,10.7,28,18,18,95.0,12.6,15,66.0,22,0.59,0.67,0.45,0.53,9.0,0.76,0.93,1.18,2.79,7.0,86.0,0.8,0.63,164.0,1718
4.9,15.2,12.0,37,15,15,132.0,14.0,12,90.0,17,0.53,0.6,0.42,0.49,14.0,0.53,0.6,1.3,3.17,4.0,111.0,0.49,0.42,166.0,1819
2.7,2.9,2.1,4,2,2,38.0,2.2,1,20.0,2,0.42,0.43,0.3,0.32,12.0,0.29,0.29,0.58,2.92,1.0,29.0,0.15,0.15,53.0,2223
0.7,0.5,0.5,2,0,0,13.0,1.5,0,6.0,1,0.08,0.26,0.08,0.26,0.0,0.0,0.17,0.34,1.01,0.0,14.0,0.17,0.0,22.0,1920
0.7,0.7,0.7,5,1,1,14.0,1.7,1,8.0,3,0.09,0.21,0.09,0.21,2.0,0.12,0.37,0.62,1.0,0.0,11.0,0.37,0.12,10.0,2021
1.1,0.7,0.7,2,0,0,25.0,2.4,0,10.0,1,0.05,0.15,0.05,0.15,1.0,0.0,0.06,0.13,0.64,3.0,27.0,0.06,0.0,54.0,2122
0.1,1.1,1.1,2,0,0,24.0,2.2,0,14.0,1,0.06,0.12,0.06,0.12,0.0,0.0,0.05,0.11,0.76,2.0,10.0,0.05,0.0,21.0,2223
2.9,3.8,3.8,18,6,6,46.0,7.2,6,71.0,9,0.17,0.33,0.17,0.33,2.0,0.27,0.41,0.82,3.25,7.0,54.0,0.41,0.27,145.0,1819
1.5,2.9,2.9,20,6,6,37.0,9.2,6,65.0,13,0.13,0.4,0.13,0.4,0.0,0.26,0.56,0.87,2.82,6.0,51.0,0.56,0.26,98.0,1920
7.4,7.5,7.5,22,10,10,79.0,7.8,10,62.0,10,0.37,0.39,0.37,0.39,23.0,0.5,0.5,1.1,3.09,7.0,59.0,0.5,0.5,76.0,2122
1.4,7.4,7.4,15,6,6,71.0,8.4,6,50.0,6,0.51,0.58,0.51,0.58,18.0,0.42,0.42,1.04,3.47,4.0,24.0,0.42,0.42,54.0,2223
3.0,1.4,1.4,7,2,2,20.0,1.7,2,15.0,2,0.33,0.39,0.33,0.39,3.0,0.46,0.46,1.61,3.45,3.0,9.0,0.46,0.46,16.0,2324
0.1,0.1,0.1,1,0,0,9.0,0.8,0,2.0,1,0.01,0.07,0.01,0.07,2.0,0.0,0.09,0.09,0.18,1.0,16.0,0.09,0.0,63.0,1819
0.0,0.1,0.1,1,0,0,8.0,0.7,0,5.0,0,0.02,0.09,0.02,0.09,0.0,0.0,0.0,0.13,0.64,0.0,18.0,0.0,0.0,28.0,1920
2.4,4.1,3.3,7,2,2,67.0,5.1,1,24.0,4,0.34,0.5,0.27,0.43,19.0,0.17,0.33,0.58,2.0,2.0,44.0,0.25,0.08,102.0,2223
0.1,1.8,1.8,2,1,1,15.0,1.9,1,10.0,1,0.07,0.08,0.07,0.08,2.0,0.04,0.04,0.08,0.4,0.0,5.0,0.04,0.04,6.0,2021
6.0,4.3,4.3,15,6,6,94.0,6.9,6,44.0,7,0.28,0.44,0.28,0.44,6.0,0.38,0.45,0.96,2.82,2.0,42.0,0.45,0.38,150.0,1920
8.8,6.0,6.0,20,6,6,104.0,10.4,6,43.0,12,0.28,0.48,0.28,0.48,4.0,0.28,0.56,0.94,2.01,6.0,53.0,0.56,0.28,147.0,2021
10.8,8.8,8.8,38,11,11,172.0,15.5,11,97.0,21,0.3,0.54,0.3,0.54,8.0,0.38,0.73,1.31,3.35,9.0,71.0,0.73,0.38,218.0,2122
10.0,10.8,10.8,29,15,15,144.0,17.9,15,92.0,23,0.4,0.66,0.4,0.66,10.0,0.56,0.86,1.08,3.42,8.0,69.0,0.86,0.56,235.0,2223
7.6,10.0,10.0,24,9,9,179.0,19.1,9,70.0,18,0.36,0.68,0.36,0.68,17.0,0.32,0.64,0.86,2.51,5.0,66.0,0.64,0.32,293.0,2324
3.1,1.8,1.8,8,1,1,34.0,4.1,1,26.0,4,0.09,0.21,0.09,0.21,1.0,0.05,0.21,0.41,1.34,6.0,11.0,0.21,0.05,25.0,1819
3.3,3.1,3.1,9,2,2,41.0,5.4,2,27.0,8,0.11,0.19,0.11,0.19,2.0,0.07,0.28,0.31,0.93,4.0,16.0,0.28,0.07,38.0,1920
1.1,3.3,3.3,8,2,2,52.0,4.5,2,29.0,2,0.12,0.16,0.12,0.16,1.0,0.07,0.07,0.28,1.03,2.0,22.0,0.07,0.07,77.0,2021
2.8,1.1,1.1,2,1,1,18.0,1.6,1,12.0,2,0.07,0.1,0.07,0.1,0.0,0.06,0.13,0.13,0.75,2.0,12.0,0.13,0.06,14.0,2122
1.1,2.1,2.1,3,2,2,27.0,3.4,2,11.0,3,0.35,0.57,0.35,0.57,3.0,0.33,0.5,0.5,1.82,2.0,18.0,0.5,0.33,39.0,1819
0.7,0.1,0.1,1,1,1,6.0,0.7,1,4.0,2,0.01,0.07,0.01,0.07,1.0,0.1,0.2,0.1,0.4,1.0,8.0,0.2,0.1,50.0,1819
1.5,0.7,0.7,1,0,0,10.0,1.0,0,6.0,0,0.34,0.51,0.34,0.51,0.0,0.0,0.0,0.48,2.9,0.0,6.0,0.0,0.0,25.0,1920
1.4,1.5,1.5,10,4,4,45.0,3.5,4,32.0,5,0.07,0.15,0.07,0.15,2.0,0.17,0.21,0.43,1.36,2.0,61.0,0.21,0.17,63.0,1920
2.5,1.4,1.4,8,0,0,31.0,4.1,0,24.0,4,0.09,0.27,0.09,0.27,1.0,0.0,0.26,0.53,1.59,4.0,34.0,0.26,0.0,63.0,2021
0.2,2.5,2.5,2,1,1,20.0,3.0,1,14.0,1,0.22,0.26,0.22,0.26,0.0,0.09,0.09,0.17,1.2,1.0,26.0,0.09,0.09,31.0,2122
18.2,13.7,13.7,38,17,17,264.0,23.3,17,77.0,26,0.44,0.76,0.44,0.76,13.0,0.55,0.84,1.23,2.5,11.0,74.0,0.84,0.55,436.0,1819
11.0,18.2,16.4,36,20,20,271.0,22.7,20,97.0,21,0.62,0.83,0.56,0.77,12.0,0.68,0.71,1.22,3.29,11.0,67.0,0.71,0.68,429.0,1920
14.0,11.0,10.2,28,10,10,213.0,15.9,10,69.0,17,0.39,0.59,0.36,0.57,9.0,0.35,0.6,0.99,2.45,8.0,62.0,0.6,0.35,351.0,2021
6.2,14.0,11.5,25,13,13,191.0,17.0,11,54.0,18,0.59,0.82,0.49,0.72,10.0,0.55,0.76,1.06,2.28,4.0,62.0,0.68,0.47,317.0,2122
6.5,6.2,6.2,16,6,6,121.0,10.8,6,42.0,9,0.29,0.51,0.29,0.51,11.0,0.29,0.43,0.76,2.0,3.0,46.0,0.43,0.29,186.0,2223
1.4,6.5,6.5,21,8,8,167.0,11.0,8,51.0,12,0.29,0.5,0.29,0.5,10.0,0.36,0.55,0.96,2.32,4.0,54.0,0.55,0.36,242.0,2324
0.1,2.4,2.4,6,2,2,27.0,2.9,2,26.0,3,0.08,0.1,0.08,0.1,2.0,0.07,0.1,0.21,0.89,6.0,13.0,0.1,0.07,7.0,1819
4.4,1.2,1.2,3,1,1,25.0,2.3,1,17.0,1,0.05,0.1,0.05,0.1,1.0,0.04,0.04,0.13,0.71,0.0,31.0,0.04,0.04,93.0,1819
2.3,4.4,2.8,8,5,5,32.0,5.2,3,21.0,8,0.27,0.42,0.17,0.32,2.0,0.31,0.5,0.5,1.31,2.0,20.0,0.37,0.19,68.0,1920
3.7,2.3,1.6,7,4,4,32.0,2.7,3,21.0,4,0.12,0.17,0.08,0.14,2.0,0.2,0.2,0.35,1.04,1.0,32.0,0.15,0.15,64.0,2021
5.3,3.7,2.1,7,4,4,39.0,3.0,2,28.0,5,0.17,0.22,0.1,0.14,4.0,0.18,0.22,0.31,1.25,1.0,28.0,0.13,0.09,66.0,2122
0.4,0.9,0.9,6,1,1,16.0,2.4,1,15.0,2,0.1,0.26,0.1,0.26,0.0,0.11,0.22,0.66,1.65,0.0,23.0,0.22,0.11,32.0,2223
2.2,0.4,0.4,1,0,0,12.0,1.9,0,8.0,2,0.04,0.22,0.04,0.22,1.0,0.0,0.23,0.11,0.92,1.0,12.0,0.23,0.0,54.0,2324
10.7,9.5,9.5,25,9,9,158.0,16.4,9,60.0,13,0.28,0.49,0.28,0.49,23.0,0.27,0.39,0.74,1.78,3.0,114.0,0.39,0.27,204.0,2021
13.2,10.7,10.7,26,12,12,153.0,15.0,12,54.0,16,0.33,0.46,0.33,0.46,18.0,0.37,0.49,0.79,1.65,7.0,110.0,0.49,0.37,206.0,2122
6.1,13.2,11.6,30,15,15,196.0,18.1,13,75.0,26,0.45,0.67,0.4,0.62,21.0,0.51,0.89,1.03,2.57,12.0,108.0,0.82,0.44,240.0,2223
1.3,6.1,6.1,12,6,6,73.0,9.4,6,22.0,11,0.43,0.66,0.43,0.66,6.0,0.43,0.78,0.85,1.56,3.0,52.0,0.78,0.43,125.0,2324
4.7,4.7,3.9,6,2,2,31.0,4.7,1,15.0,3,1.17,1.39,0.98,1.19,2.0,0.5,0.75,1.51,3.77,3.0,11.0,0.5,0.25,35.0,2425
0.2,1.3,1.3,4,0,0,32.0,2.2,0,14.0,0,0.16,0.28,0.16,0.28,3.0,0.0,0.0,0.5,1.74,1.0,21.0,0.0,0.0,43.0,2223
2.6,2.3,1.5,5,1,1,36.0,2.5,0,14.0,2,0.37,0.51,0.24,0.39,6.0,0.16,0.31,0.79,2.2,2.0,18.0,0.16,0.0,35.0,2324
1.0,1.1,1.1,4,1,1,15.0,1.3,1,10.0,1,0.06,0.07,0.06,0.07,1.0,0.05,0.05,0.2,0.5,1.0,16.0,0.05,0.05,15.0,2021
1.4,0.4,0.4,1,0,0,6.0,0.5,0,3.0,0,0.03,0.03,0.03,0.03,1.0,0.0,0.0,0.07,0.2,1.0,12.0,0.0,0.0,15.0,2324
0.6,1.7,1.7,5,1,1,53.0,5.3,1,23.0,3,0.06,0.19,0.06,0.19,2.0,0.04,0.11,0.18,0.83,2.0,42.0,0.11,0.04,146.0,2122
2.0,0.6,0.6,1,0,0,13.0,1.0,0,4.0,0,0.12,0.19,0.12,0.19,2.0,0.0,0.0,0.18,0.73,1.0,4.0,0.0,0.0,37.0,2223
1.1,2.0,2.0,3,1,1,60.0,7.1,1,32.0,8,0.06,0.21,0.06,0.21,2.0,0.03,0.24,0.09,0.95,4.0,45.0,0.24,0.03,202.0,2324
0.0,1.1,1.1,5,0,0,48.0,5.8,0,18.0,9,0.04,0.22,0.04,0.22,0.0,0.0,0.34,0.19,0.67,0.0,29.0,0.34,0.0,191.0,2425
0.0,0.0,0.0,1,0,0,9.0,2.1,0,1.0,1,0.0,0.12,0.0,0.12,1.0,0.0,0.06,0.06,0.06,0.0,29.0,0.06,0.0,63.0,2021
4.6,2.8,2.8,14,2,2,60.0,6.4,2,35.0,8,0.16,0.38,0.16,0.38,3.0,0.12,0.47,0.83,2.06,5.0,43.0,0.47,0.12,126.0,1819
3.8,4.6,4.6,15,8,8,53.0,7.6,8,40.0,10,0.18,0.29,0.18,0.29,0.0,0.31,0.39,0.58,1.54,3.0,36.0,0.39,0.31,131.0,1920
2.9,3.8,3.8,15,5,5,94.0,11.2,5,37.0,15,0.15,0.45,0.15,0.45,2.0,0.2,0.61,0.61,1.5,1.0,40.0,0.61,0.2,169.0,2021
2.7,2.9,2.1,10,4,4,29.0,4.2,3,32.0,6,0.14,0.25,0.1,0.21,1.0,0.2,0.3,0.5,1.6,4.0,30.0,0.25,0.15,95.0,2122
2.4,2.7,2.7,14,4,4,68.0,10.3,4,33.0,16,0.11,0.41,0.11,0.41,2.0,0.16,0.63,0.55,1.3,5.0,28.0,0.63,0.16,163.0,2223
2.9,2.4,2.4,6,3,3,43.0,4.4,3,18.0,3,0.18,0.33,0.18,0.33,0.0,0.23,0.23,0.45,1.36,1.0,10.0,0.23,0.23,90.0,2324
1.0,2.1,2.1,4,2,2,30.0,2.4,2,19.0,2,0.07,0.08,0.07,0.08,1.0,0.07,0.07,0.13,0.62,5.0,13.0,0.07,0.07,3.0,1819
1.3,0.7,0.7,4,0,0,18.0,0.9,0,8.0,0,0.03,0.04,0.03,0.04,2.0,0.0,0.0,0.19,0.38,3.0,2.0,0.0,0.0,4.0,2223
5.7,5.2,4.1,13,5,5,77.0,9.6,4,42.0,8,0.28,0.57,0.22,0.51,3.0,0.27,0.43,0.69,2.24,4.0,47.0,0.37,0.21,155.0,1920
10.2,0.9,0.9,3,1,1,14.0,1.7,1,11.0,3,0.2,0.39,0.2,0.39,0.0,0.22,0.67,0.67,2.45,1.0,7.0,0.67,0.22,31.0,2021
9.3,10.2,7.0,21,11,11,130.0,14.5,7,84.0,14,0.31,0.54,0.22,0.45,14.0,0.34,0.43,0.65,2.59,9.0,99.0,0.31,0.22,286.0,2122
7.4,9.3,9.3,25,7,7,131.0,19.1,7,79.0,14,0.41,0.83,0.41,0.83,15.0,0.3,0.61,1.09,3.43,9.0,55.0,0.61,0.3,339.0,2223
19.2,7.4,6.6,20,6,6,81.0,12.3,5,58.0,15,0.48,0.86,0.43,0.81,7.0,0.39,0.99,1.32,3.82,8.0,41.0,0.92,0.33,164.0,2324
7.6,9.5,9.5,28,9,9,133.0,11.8,9,54.0,11,0.47,0.58,0.47,0.58,6.0,0.44,0.54,1.37,2.65,6.0,94.0,0.54,0.44,224.0,2223
2.5,0.5,0.5,2,1,1,38.0,1.5,1,9.0,2,0.03,0.08,0.03,0.08,1.0,0.05,0.1,0.1,0.46,0.0,14.0,0.1,0.05,115.0,2324
0.7,0.6,0.6,4,1,1,39.0,2.2,1,13.0,3,0.03,0.11,0.03,0.11,3.0,0.05,0.15,0.2,0.64,0.0,44.0,0.15,0.05,127.0,2122
3.3,0.7,0.7,5,1,1,28.0,1.7,1,10.0,1,0.06,0.14,0.06,0.14,3.0,0.08,0.08,0.42,0.84,1.0,28.0,0.08,0.08,76.0,2223
2.7,3.3,3.3,8,2,2,49.0,5.6,2,24.0,3,0.13,0.22,0.13,0.22,8.0,0.08,0.12,0.31,0.93,3.0,51.0,0.12,0.08,99.0,2324
0.6,1.0,1.0,5,1,1,41.0,2.8,1,18.0,4,0.13,0.36,0.13,0.36,1.0,0.13,0.52,0.64,2.32,1.0,25.0,0.52,0.13,81.0,2021
4.9,0.6,0.6,3,0,0,26.0,1.3,0,14.0,1,0.12,0.27,0.12,0.27,3.0,0.0,0.2,0.61,2.86,0.0,16.0,0.2,0.0,51.0,2122
5.2,4.9,4.9,21,4,4,141.0,12.1,4,61.0,10,0.24,0.58,0.24,0.58,4.0,0.19,0.48,1.01,2.93,5.0,63.0,0.48,0.19,260.0,2223
5.0,5.2,5.2,17,1,1,117.0,9.4,1,57.0,7,0.27,0.49,0.27,0.49,2.0,0.05,0.37,0.89,2.98,7.0,51.0,0.37,0.05,182.0,2324
3.5,4.9,4.9,12,6,6,64.0,5.5,6,33.0,7,0.32,0.37,0.32,0.37,9.0,0.4,0.46,0.8,2.19,4.0,36.0,0.46,0.4,68.0,2324
2.3,0.3,0.3,1,1,1,7.0,0.7,1,4.0,1,0.01,0.04,0.01,0.04,0.0,0.05,0.05,0.05,0.21,0.0,5.0,0.05,0.05,2.0,1819
0.4,0.1,0.1,1,0,0,9.0,0.1,0,2.0,0,0.0,0.01,0.0,0.01,1.0,0.0,0.0,0.04,0.08,0.0,11.0,0.0,0.0,3.0,2223
8.7,0.2,0.2,1,0,0,5.0,2.4,0,7.0,2,0.01,0.16,0.01,0.16,0.0,0.0,0.13,0.06,0.45,0.0,13.0,0.13,0.0,13.0,1718
0.4,8.7,5.4,31,9,9,108.0,8.4,7,77.0,12,0.33,0.44,0.2,0.32,10.0,0.34,0.46,1.18,2.93,11.0,49.0,0.38,0.27,135.0,1819
0.0,11.0,5.4,26,15,15,103.0,7.0,8,74.0,16,0.34,0.39,0.17,0.22,18.0,0.47,0.5,0.82,2.32,2.0,60.0,0.28,0.25,140.0,1920
0.1,6.1,3.7,11,5,5,78.0,5.0,3,44.0,6,0.31,0.38,0.19,0.26,12.0,0.26,0.31,0.57,2.27,0.0,28.0,0.21,0.15,74.0,2021
6.1,0.1,0.1,3,1,1,5.0,0.5,1,3.0,1,0.02,0.09,0.02,0.09,1.0,0.18,0.18,0.54,0.54,0.0,5.0,0.18,0.18,22.0,2021
5.2,6.1,5.3,12,6,6,67.0,8.0,6,43.0,8,0.3,0.44,0.26,0.4,12.0,0.3,0.4,0.6,2.15,6.0,29.0,0.4,0.3,113.0,2122
0.9,5.2,5.2,14,2,2,68.0,6.3,2,52.0,5,0.48,0.59,0.48,0.59,8.0,0.19,0.47,1.3,4.84,10.0,13.0,0.47,0.19,62.0,2223
1.6,1.2,1.2,5,0,0,14.0,1.5,0,18.0,0,0.07,0.08,0.07,0.08,0.0,0.0,0.0,0.28,1.0,1.0,20.0,0.0,0.0,25.0,2122
2.4,16.6,13.4,39,17,17,192.0,20.4,13,114.0,23,0.46,0.65,0.37,0.57,18.0,0.47,0.64,1.08,3.17,9.0,110.0,0.53,0.36,223.0,1920
2.6,6.1,5.4,15,6,6,126.0,8.5,5,56.0,10,0.21,0.31,0.19,0.29,23.0,0.21,0.34,0.51,1.92,6.0,99.0,0.31,0.17,163.0,2122
5.2,2.6,2.6,9,0,0,44.0,4.3,0,20.0,1,0.27,0.46,0.27,0.46,9.0,0.0,0.11,0.96,2.13,3.0,23.0,0.11,0.0,45.0,2223
12.0,5.2,5.2,17,7,7,67.0,6.6,7,41.0,7,0.33,0.43,0.33,0.43,12.0,0.45,0.45,1.1,2.65,6.0,44.0,0.45,0.45,87.0,2324
15.1,5.0,4.2,13,4,4,43.0,4.8,3,34.0,4,0.42,0.47,0.35,0.4,7.0,0.33,0.33,1.09,2.85,4.0,43.0,0.25,0.25,71.0,1920
5.1,15.1,11.2,40,17,17,129.0,12.8,12,101.0,20,0.47,0.52,0.34,0.39,31.0,0.53,0.62,1.24,3.12,10.0,87.0,0.46,0.37,191.0,2122
3.4,5.1,3.5,14,4,4,43.0,4.0,3,41.0,4,0.57,0.63,0.39,0.45,20.0,0.45,0.45,1.57,4.58,2.0,29.0,0.34,0.34,51.0,2223
0.0,3.4,2.6,11,1,1,58.0,3.9,0,38.0,3,0.24,0.33,0.18,0.28,12.0,0.07,0.21,0.78,2.69,7.0,44.0,0.14,0.0,73.0,2324
1.1,0.3,0.3,4,0,0,5.0,0.6,0,10.0,0,0.02,0.04,0.02,0.04,0.0,0.0,0.0,0.28,0.7,1.0,11.0,0.0,0.0,19.0,1819
1.3,1.1,1.1,8,0,0,12.0,1.5,0,24.0,0,0.07,0.09,0.07,0.09,1.0,0.0,0.0,0.46,1.38,3.0,20.0,0.0,0.0,26.0,1920
0.0,0.2,0.2,2,0,0,8.0,1.3,0,6.0,2,0.01,0.07,0.01,0.07,0.0,0.0,0.11,0.11,0.33,1.0,34.0,0.11,0.0,13.0,2425
0.0,1.8,1.8,12,1,1,41.0,5.4,1,23.0,4,0.12,0.35,0.12,0.35,1.0,0.07,0.26,0.79,1.51,5.0,41.0,0.26,0.07,110.0,2324
3.1,1.6,1.6,11,1,1,49.0,5.0,1,34.0,3,0.06,0.19,0.06,0.19,1.0,0.04,0.11,0.42,1.29,5.0,27.0,0.11,0.04,204.0,2021
1.0,3.1,3.1,10,5,5,69.0,9.1,5,37.0,14,0.15,0.44,0.15,0.44,4.0,0.24,0.68,0.48,1.79,5.0,26.0,0.68,0.24,203.0,2122
0.3,1.0,1.0,4,1,1,25.0,4.0,1,16.0,2,0.07,0.29,0.07,0.29,4.0,0.07,0.14,0.29,1.16,2.0,13.0,0.14,0.07,115.0,2223
0.4,0.3,0.3,1,0,0,20.0,2.1,0,7.0,2,0.07,0.44,0.07,0.44,2.0,0.0,0.43,0.21,1.5,1.0,6.0,0.43,0.0,35.0,2324
2.2,1.2,1.2,1,0,0,15.0,1.2,0,6.0,0,0.08,0.08,0.08,0.08,0.0,0.0,0.0,0.07,0.4,1.0,5.0,0.0,0.0,1.0,2021
0.2,0.5,0.5,1,1,1,11.0,0.7,1,3.0,2,0.17,0.26,0.17,0.26,1.0,0.35,0.7,0.35,1.05,0.0,5.0,0.7,0.35,11.0,2021
0.1,0.9,0.9,3,2,2,9.0,1.5,2,5.0,3,0.1,0.18,0.1,0.18,0.0,0.25,0.37,0.37,0.62,0.0,12.0,0.37,0.25,17.0,2324
0.9,3.3,3.3,11,7,7,35.0,4.1,7,21.0,7,0.46,0.58,0.46,0.58,2.0,0.98,0.98,1.54,2.94,1.0,13.0,0.98,0.98,57.0,1819
0.1,0.9,0.9,4,1,1,26.0,1.3,1,11.0,1,0.13,0.19,0.13,0.19,4.0,0.14,0.14,0.57,1.57,3.0,15.0,0.14,0.14,58.0,1920
0.0,0.2,0.2,1,0,0,13.0,0.8,0,4.0,0,0.07,0.27,0.07,0.27,0.0,0.0,0.0,0.34,1.34,1.0,11.0,0.0,0.0,26.0,2324
3.2,1.7,1.7,3,1,1,25.0,3.3,1,12.0,2,0.27,0.53,0.27,0.53,5.0,0.16,0.32,0.48,1.92,0.0,12.0,0.32,0.16,67.0,1920
3.9,3.2,3.2,10,3,3,55.0,5.8,3,36.0,5,0.21,0.38,0.21,0.38,7.0,0.19,0.32,0.64,2.32,2.0,27.0,0.32,0.19,85.0,1920
3.0,3.9,3.9,16,4,4,72.0,8.9,4,55.0,8,0.15,0.33,0.15,0.33,4.0,0.15,0.3,0.6,2.05,4.0,46.0,0.3,0.15,210.0,2021
2.0,3.0,3.0,16,4,4,45.0,6.8,4,57.0,9,0.16,0.35,0.16,0.35,3.0,0.21,0.47,0.83,2.95,5.0,31.0,0.47,0.21,96.0,2122
1.8,2.0,2.0,13,3,3,32.0,4.3,3,38.0,3,0.14,0.29,0.14,0.29,2.0,0.2,0.2,0.89,2.59,6.0,21.0,0.2,0.2,54.0,2223
0.1,1.8,1.8,8,3,3,28.0,7.4,3,34.0,5,0.09,0.37,0.09,0.37,3.0,0.15,0.25,0.4,1.68,6.0,21.0,0.25,0.15,82.0,2324
1.9,1.6,1.6,7,2,2,40.0,4.2,2,19.0,4,0.06,0.16,0.06,0.16,0.0,0.08,0.15,0.27,0.73,3.0,33.0,0.15,0.08,60.0,1920
1.4,1.9,1.9,6,2,2,49.0,5.2,2,20.0,5,0.06,0.17,0.06,0.17,1.0,0.07,0.17,0.2,0.66,3.0,51.0,0.17,0.07,67.0,2021
0.4,1.4,1.4,6,1,1,37.0,2.8,1,20.0,4,0.05,0.1,0.05,0.1,0.0,0.04,0.15,0.23,0.76,2.0,40.0,0.15,0.04,59.0,2122
1.3,1.2,1.2,4,1,1,33.0,2.3,1,14.0,2,0.04,0.08,0.04,0.08,0.0,0.03,0.07,0.14,0.48,1.0,27.0,0.07,0.03,48.0,2324
0.8,1.6,1.6,3,1,1,39.0,3.1,1,18.0,3,0.06,0.12,0.06,0.12,11.0,0.04,0.11,0.11,0.68,1.0,38.0,0.11,0.04,162.0,1920
0.7,0.8,0.8,3,1,1,33.0,2.6,1,11.0,3,0.06,0.21,0.06,0.21,2.0,0.08,0.24,0.24,0.88,1.0,21.0,0.24,0.08,126.0,2021
1.0,0.7,0.7,4,2,2,36.0,2.5,2,10.0,4,0.05,0.19,0.05,0.19,3.0,0.15,0.3,0.3,0.76,0.0,22.0,0.3,0.15,88.0,2122
1.6,0.9,0.9,4,1,1,22.0,1.8,1,17.0,2,0.13,0.27,0.13,0.27,1.0,0.16,0.31,0.62,2.65,1.0,12.0,0.31,0.16,27.0,1819
0.0,1.6,1.4,10,3,3,28.0,4.3,3,30.0,4,0.1,0.27,0.09,0.26,2.0,0.18,0.24,0.61,1.82,4.0,45.0,0.24,0.18,64.0,1920
0.9,2.4,2.4,3,1,1,19.0,4.4,1,21.0,4,0.17,0.31,0.17,0.31,2.0,0.07,0.28,0.21,1.49,1.0,34.0,0.28,0.07,51.0,2021
1.1,0.9,0.9,4,2,2,25.0,4.2,2,22.0,7,0.05,0.23,0.05,0.23,1.0,0.11,0.38,0.22,1.2,2.0,42.0,0.38,0.11,71.0,2122
0.1,1.1,1.1,6,2,2,18.0,2.8,2,14.0,2,0.14,0.35,0.14,0.35,0.0,0.25,0.25,0.75,1.76,3.0,13.0,0.25,0.25,25.0,2223
4.5,3.1,3.1,8,5,5,36.0,4.9,5,27.0,6,0.18,0.29,0.18,0.29,3.0,0.3,0.36,0.48,1.62,2.0,43.0,0.36,0.3,85.0,1819
4.1,4.5,4.5,10,6,6,41.0,6.9,6,29.0,9,0.25,0.39,0.25,0.39,4.0,0.34,0.51,0.57,1.65,2.0,31.0,0.51,0.34,109.0,1920
1.0,4.1,4.1,14,5,5,53.0,6.4,5,30.0,9,0.24,0.37,0.24,0.37,2.0,0.29,0.52,0.8,1.72,4.0,41.0,0.52,0.29,113.0,2021
1.0,0.5,0.5,3,0,0,9.0,0.8,0,12.0,0,0.03,0.05,0.03,0.05,0.0,0.0,0.0,0.19,0.76,0.0,11.0,0.0,0.0,6.0,2122
1.0,1.0,1.0,3,0,0,9.0,2.0,0,15.0,0,0.06,0.13,0.06,0.13,0.0,0.0,0.0,0.19,0.93,1.0,11.0,0.0,0.0,8.0,2223
0.6,1.0,1.0,1,0,0,13.0,1.6,0,19.0,0,0.07,0.11,0.07,0.11,1.0,0.0,0.0,0.07,1.28,2.0,20.0,0.0,0.0,14.0,2324
10.7,5.1,3.6,13,4,4,71.0,5.5,2,47.0,6,0.23,0.31,0.16,0.24,7.0,0.18,0.27,0.58,2.09,5.0,49.0,0.18,0.09,134.0,1920
3.1,10.7,5.2,19,11,11,79.0,7.5,5,61.0,11,0.32,0.38,0.15,0.22,5.0,0.32,0.32,0.56,1.8,9.0,72.0,0.15,0.15,152.0,2021
3.5,3.1,3.1,13,2,2,62.0,5.3,2,41.0,4,0.15,0.25,0.15,0.25,5.0,0.1,0.19,0.62,1.95,9.0,53.0,0.19,0.1,147.0,2122
0.1,0.4,0.4,1,0,0,8.0,0.4,0,6.0,0,0.03,0.04,0.03,0.04,0.0,0.0,0.0,0.09,0.51,3.0,13.0,0.0,0.0,0.0,1819
0.7,0.3,0.3,4,0,0,29.0,1.0,0,7.0,1,0.03,0.09,0.03,0.09,0.0,0.0,0.09,0.38,0.66,0.0,21.0,0.09,0.0,53.0,2021
0.1,0.7,0.7,2,1,1,18.0,2.0,1,10.0,4,0.06,0.18,0.06,0.18,0.0,0.09,0.36,0.18,0.91,1.0,12.0,0.36,0.09,34.0,2122
0.1,0.1,0.1,1,1,1,4.0,0.7,1,2.0,2,0.02,0.14,0.02,0.14,0.0,0.2,0.4,0.2,0.4,0.0,7.0,0.4,0.2,14.0,2223
0.3,0.6,0.6,2,0,0,4.0,0.8,0,13.0,0,0.04,0.06,0.04,0.06,0.0,0.0,0.0,0.15,0.95,2.0,5.0,0.0,0.0,32.0,2021
0.3,0.4,0.4,4,0,0,12.0,2.4,0,11.0,0,0.01,0.08,0.01,0.08,0.0,0.0,0.0,0.13,0.37,2.0,13.0,0.0,0.0,51.0,2223
0.2,0.3,0.3,2,1,1,9.0,1.7,1,11.0,3,0.01,0.05,0.01,0.05,1.0,0.03,0.1,0.06,0.36,1.0,10.0,0.1,0.03,40.0,2324
0.9,1.4,1.4,6,2,2,23.0,2.6,2,17.0,7,0.05,0.1,0.05,0.1,2.0,0.08,0.27,0.23,0.65,5.0,31.0,0.27,0.08,23.0,2324
3.2,2.8,2.8,8,3,3,39.0,5.2,3,31.0,5,0.1,0.18,0.1,0.18,2.0,0.1,0.17,0.28,1.07,3.0,20.0,0.17,0.1,59.0,1920
0.5,3.2,3.2,3,2,2,24.0,4.4,2,19.0,4,0.15,0.2,0.15,0.2,0.0,0.09,0.18,0.14,0.87,1.0,15.0,0.18,0.09,34.0,2021
0.0,0.3,0.3,1,0,0,18.0,1.7,0,8.0,1,0.02,0.11,0.02,0.11,2.0,0.0,0.07,0.07,0.53,1.0,16.0,0.07,0.0,47.0,2122
9.6,5.1,5.1,30,8,8,68.0,7.9,8,65.0,13,0.23,0.36,0.23,0.36,15.0,0.37,0.6,1.37,2.98,7.0,58.0,0.6,0.37,152.0,1819
9.3,9.6,9.6,25,8,8,126.0,17.9,8,90.0,14,0.32,0.6,0.32,0.6,14.0,0.27,0.47,0.84,3.02,8.0,86.0,0.47,0.27,304.0,1920
6.4,9.3,7.1,19,7,7,73.0,9.5,4,53.0,10,0.48,0.6,0.36,0.49,7.0,0.36,0.51,0.97,2.72,7.0,49.0,0.36,0.21,155.0,2021
10.5,6.4,4.8,16,6,6,55.0,6.9,4,51.0,9,0.32,0.43,0.24,0.35,13.0,0.3,0.45,0.81,2.57,5.0,51.0,0.35,0.2,125.0,2122
7.4,10.5,8.1,27,11,11,101.0,11.2,8,89.0,15,0.44,0.58,0.34,0.48,18.0,0.47,0.64,1.14,3.77,10.0,69.0,0.51,0.34,212.0,2223
10.1,7.4,5.0,22,10,10,77.0,9.4,8,55.0,12,0.37,0.59,0.25,0.47,14.0,0.5,0.6,1.1,2.76,3.0,49.0,0.5,0.4,175.0,2324
0.3,1.5,1.5,6,2,2,43.0,3.5,2,24.0,6,0.15,0.35,0.15,0.35,7.0,0.2,0.6,0.6,2.39,1.0,31.0,0.6,0.2,82.0,1819
0.0,1.9,1.9,9,2,2,44.0,4.5,2,26.0,6,0.18,0.43,0.18,0.43,3.0,0.19,0.57,0.86,2.47,4.0,20.0,0.57,0.19,84.0,1920
2.2,1.0,1.0,4,2,2,20.0,1.7,2,10.0,2,0.23,0.39,0.23,0.39,2.0,0.46,0.46,0.93,2.31,0.0,11.0,0.46,0.46,30.0,2021
2.8,2.2,2.2,14,3,3,71.0,5.4,3,37.0,6,0.15,0.38,0.15,0.38,4.0,0.21,0.42,0.98,2.59,5.0,32.0,0.42,0.21,123.0,2122
0.1,2.8,2.8,13,4,4,61.0,6.2,4,37.0,7,0.21,0.46,0.21,0.46,5.0,0.3,0.52,0.97,2.76,5.0,29.0,0.52,0.3,125.0,2223
1.5,1.0,1.0,8,0,0,24.0,1.4,0,16.0,0,0.17,0.25,0.17,0.25,2.0,0.0,0.0,1.4,2.8,3.0,15.0,0.0,0.0,58.0,1920
2.5,1.5,1.5,9,2,2,49.0,3.3,2,25.0,3,0.12,0.25,0.12,0.25,1.0,0.15,0.23,0.68,1.9,4.0,29.0,0.23,0.15,83.0,2021
1.0,2.5,2.5,10,3,3,47.0,5.0,3,22.0,5,0.18,0.36,0.18,0.36,7.0,0.22,0.36,0.73,1.6,3.0,26.0,0.36,0.22,126.0,2122
2.6,1.0,1.0,8,0,0,52.0,2.2,0,21.0,2,0.11,0.23,0.11,0.23,6.0,0.0,0.22,0.86,2.27,4.0,28.0,0.22,0.0,123.0,2223
0.9,2.6,2.6,13,2,2,63.0,5.1,2,34.0,5,0.21,0.41,0.21,0.41,6.0,0.16,0.41,1.06,2.77,2.0,27.0,0.41,0.16,139.0,2324
0.2,0.9,0.9,6,1,1,41.0,1.7,1,22.0,2,0.09,0.19,0.09,0.19,1.0,0.11,0.22,0.65,2.38,3.0,21.0,0.22,0.11,100.0,2425
9.1,9.4,9.3,28,13,13,147.0,11.3,13,83.0,14,0.32,0.38,0.32,0.38,17.0,0.44,0.47,0.95,2.8,13.0,111.0,0.47,0.44,220.0,1819
9.2,9.7,8.8,31,7,7,145.0,12.1,6,80.0,10,0.31,0.41,0.28,0.38,25.0,0.22,0.31,0.98,2.52,6.0,70.0,0.28,0.19,195.0,2021
3.3,9.2,6.8,20,10,10,135.0,10.4,7,69.0,15,0.33,0.46,0.24,0.37,21.0,0.36,0.54,0.71,2.46,9.0,93.0,0.43,0.25,146.0,2122
9.6,3.3,3.3,14,1,1,62.0,5.5,1,27.0,4,0.29,0.49,0.29,0.49,9.0,0.09,0.36,1.25,2.41,4.0,40.0,0.36,0.09,75.0,2223
3.7,9.6,9.6,25,11,11,121.0,11.7,11,62.0,15,0.58,0.7,0.58,0.7,12.0,0.66,0.91,1.51,3.74,5.0,53.0,0.91,0.66,106.0,2324
0.1,1.0,1.0,4,1,1,40.0,6.2,1,13.0,7,0.04,0.23,0.04,0.23,3.0,0.04,0.25,0.14,0.46,3.0,19.0,0.25,0.04,150.0,2021
0.3,0.1,0.1,1,0,0,40.0,4.9,0,2.0,2,0.0,0.15,0.0,0.15,0.0,0.0,0.06,0.03,0.06,0.0,31.0,0.06,0.0,210.0,2122
1.4,0.6,0.6,4,2,2,30.0,1.8,2,5.0,2,0.07,0.19,0.07,0.19,0.0,0.22,0.22,0.44,0.56,0.0,2.0,0.22,0.22,46.0,2324
1.0,0.6,0.6,3,0,0,18.0,1.0,0,11.0,0,0.05,0.09,0.05,0.09,1.0,0.0,0.0,0.29,1.06,0.0,13.0,0.0,0.0,32.0,1819
0.0,1.0,1.0,6,1,1,21.0,4.5,1,22.0,4,0.04,0.17,0.04,0.17,2.0,0.04,0.15,0.23,0.84,2.0,40.0,0.15,0.04,118.0,1920
1.8,3.4,3.4,12,6,6,75.0,7.6,6,35.0,13,0.12,0.25,0.12,0.25,10.0,0.2,0.44,0.4,1.18,4.0,61.0,0.44,0.2,243.0,2021
2.9,1.8,1.8,8,3,3,60.0,7.1,3,36.0,8,0.07,0.26,0.07,0.26,9.0,0.11,0.29,0.29,1.32,7.0,60.0,0.29,0.11,171.0,2122
1.8,2.9,2.9,12,5,5,45.0,7.0,5,28.0,8,0.1,0.24,0.1,0.24,4.0,0.17,0.28,0.42,0.98,4.0,59.0,0.28,0.17,157.0,2223
1.4,1.8,1.8,9,1,1,54.0,4.8,1,27.0,1,0.08,0.21,0.08,0.21,3.0,0.04,0.04,0.4,1.21,5.0,48.0,0.04,0.04,130.0,2324
1.5,1.4,1.4,5,2,2,32.0,2.9,2,17.0,5,0.1,0.2,0.1,0.2,3.0,0.14,0.35,0.35,1.2,1.0,26.0,0.35,0.14,97.0,2425
0.6,0.7,0.7,5,0,0,10.0,2.4,0,8.0,2,0.12,0.43,0.12,0.43,0.0,0.0,0.35,0.88,1.41,1.0,8.0,0.35,0.0,28.0,1920
0.7,0.6,0.6,2,1,1,7.0,0.8,1,4.0,1,0.2,0.25,0.2,0.25,0.0,0.31,0.31,0.62,1.23,0.0,7.0,0.31,0.31,15.0,2021
5.0,7.0,7.0,27,5,5,104.0,10.2,5,57.0,9,0.26,0.38,0.26,0.38,6.0,0.19,0.33,1.0,2.12,5.0,75.0,0.33,0.19,167.0,2223
6.6,5.0,5.0,19,7,7,64.0,8.1,7,37.0,9,0.2,0.32,0.2,0.32,2.0,0.28,0.36,0.76,1.48,2.0,47.0,0.36,0.28,139.0,2324
7.8,5.5,4.7,25,7,7,89.0,9.3,7,53.0,11,0.37,0.68,0.32,0.62,9.0,0.47,0.74,1.68,3.55,7.0,28.0,0.74,0.47,191.0,1819
4.7,7.8,7.0,30,11,11,132.0,17.0,10,73.0,20,0.36,0.83,0.33,0.79,13.0,0.51,0.93,1.39,3.38,4.0,46.0,0.88,0.46,246.0,1920
10.1,4.7,4.7,22,9,9,138.0,9.7,9,58.0,15,0.22,0.45,0.22,0.45,7.0,0.42,0.69,1.02,2.68,8.0,46.0,0.69,0.42,247.0,2021
5.6,10.1,6.2,18,11,11,127.0,10.4,7,56.0,16,0.61,0.86,0.37,0.62,3.0,0.66,0.96,1.08,3.36,4.0,42.0,0.72,0.42,234.0,2122
0.1,0.1,0.1,2,0,0,13.0,1.0,0,4.0,1,0.04,0.27,0.04,0.27,0.0,0.0,0.28,0.55,1.1,0.0,6.0,0.28,0.0,25.0,1819
0.4,1.0,1.0,2,0,0,22.0,1.2,0,14.0,1,0.04,0.04,0.04,0.04,2.0,0.0,0.04,0.07,0.49,0.0,12.0,0.04,0.0,1.0,2021
0.3,0.4,0.4,1,1,1,7.0,0.4,1,4.0,1,0.04,0.04,0.04,0.04,0.0,0.11,0.11,0.11,0.43,0.0,4.0,0.11,0.11,0.0,2122
1.1,0.6,0.6,2,0,0,11.0,2.0,0,12.0,1,0.07,0.25,0.07,0.25,0.0,0.0,0.12,0.25,1.5,0.0,12.0,0.12,0.0,26.0,1819
0.8,1.1,1.1,1,1,1,15.0,1.5,1,12.0,3,0.22,0.29,0.22,0.29,1.0,0.2,0.59,0.2,2.38,1.0,11.0,0.59,0.2,23.0,1920
0.0,0.9,0.9,1,1,1,24.0,1.6,1,8.0,1,0.03,0.05,0.03,0.05,1.0,0.03,0.03,0.03,0.25,2.0,20.0,0.03,0.03,5.0,1819
1.6,3.2,2.8,7,4,4,26.0,4.3,4,30.0,6,0.16,0.23,0.14,0.21,2.0,0.2,0.3,0.35,1.49,5.0,13.0,0.3,0.2,27.0,2122
1.7,1.6,1.6,9,2,2,19.0,2.8,2,30.0,4,0.06,0.11,0.06,0.11,0.0,0.07,0.15,0.34,1.12,4.0,20.0,0.15,0.07,8.0,2223
1.3,1.7,1.7,9,4,4,16.0,3.5,4,23.0,6,0.09,0.19,0.09,0.19,0.0,0.21,0.32,0.48,1.22,4.0,13.0,0.32,0.21,14.0,2324
1.4,7.5,7.5,19,9,9,62.0,9.2,9,37.0,10,0.58,0.7,0.58,0.7,4.0,0.69,0.77,1.46,2.83,4.0,33.0,0.77,0.69,52.0,1819
0.2,0.7,0.7,3,1,1,23.0,1.4,1,9.0,3,0.03,0.06,0.03,0.06,1.0,0.04,0.13,0.13,0.4,3.0,17.0,0.13,0.04,59.0,2223
0.3,0.2,0.2,1,0,0,8.0,0.3,0,3.0,0,0.04,0.05,0.04,0.05,0.0,0.0,0.0,0.19,0.56,2.0,14.0,0.0,0.0,17.0,2324
0.2,1.3,1.3,1,1,1,16.0,1.6,1,8.0,1,0.21,0.26,0.21,0.26,1.0,0.17,0.17,0.17,1.34,1.0,20.0,0.17,0.17,48.0,1920
33.2,31.3,24.2,56,41,41,206.0,28.8,33,128.0,48,1.14,1.31,0.88,1.06,21.0,1.5,1.76,2.05,4.69,14.0,70.0,1.46,1.21,185.0,2021
27.1,18.1,15.0,37,19,19,165.0,19.9,15,90.0,27,0.59,0.75,0.49,0.65,24.0,0.62,0.88,1.21,2.95,10.0,86.0,0.75,0.49,168.0,2324
0.7,1.9,1.9,7,1,1,32.0,4.4,1,33.0,1,0.15,0.34,0.15,0.34,5.0,0.08,0.08,0.54,2.55,2.0,40.0,0.08,0.08,98.0,2021
3.4,0.7,0.7,2,0,0,19.0,2.1,0,12.0,1,0.17,0.51,0.17,0.51,0.0,0.0,0.24,0.49,2.93,4.0,7.0,0.24,0.0,37.0,2122
1.8,3.4,1.8,12,3,3,37.0,3.6,1,39.0,5,0.23,0.34,0.12,0.24,1.0,0.2,0.33,0.8,2.6,5.0,21.0,0.2,0.07,97.0,2223
1.7,1.8,1.8,7,3,3,44.0,3.7,3,32.0,7,0.13,0.26,0.13,0.26,1.0,0.21,0.5,0.5,2.29,2.0,27.0,0.5,0.21,92.0,2324
0.2,2.5,2.5,10,5,5,47.0,5.7,5,21.0,10,0.15,0.34,0.15,0.34,4.0,0.3,0.6,0.6,1.25,1.0,16.0,0.6,0.3,117.0,1920
0.0,0.2,0.2,1,0,0,10.0,0.7,0,4.0,0,0.04,0.12,0.04,0.12,1.0,0.0,0.0,0.17,0.68,0.0,8.0,0.0,0.0,25.0,2021
14.0,13.6,12.8,32,12,12,149.0,18.3,11,74.0,18,0.47,0.66,0.44,0.63,7.0,0.41,0.62,1.1,2.55,10.0,78.0,0.59,0.38,244.0,1819
11.3,14.0,14.0,38,9,9,211.0,20.5,9,99.0,17,0.42,0.62,0.42,0.62,6.0,0.27,0.51,1.14,2.98,7.0,92.0,0.51,0.27,218.0,1920
4.7,11.3,11.3,32,9,9,176.0,16.9,9,83.0,16,0.36,0.54,0.36,0.54,4.0,0.29,0.51,1.01,2.63,11.0,80.0,0.51,0.29,222.0,2021
5.5,4.7,4.7,11,5,5,68.0,6.4,5,30.0,9,0.43,0.59,0.43,0.59,3.0,0.45,0.82,1.0,2.73,3.0,33.0,0.82,0.45,100.0,2122
4.7,2.9,2.9,10,5,5,36.0,3.8,5,25.0,5,0.24,0.32,0.24,0.32,1.0,0.41,0.41,0.83,2.07,0.0,22.0,0.41,0.41,42.0,1819
1.2,4.7,4.6,15,4,4,66.0,6.2,4,34.0,6,0.24,0.32,0.23,0.31,4.0,0.2,0.3,0.75,1.7,5.0,27.0,0.3,0.2,73.0,1920
0.9,1.2,1.2,5,3,3,34.0,2.6,3,17.0,5,0.09,0.19,0.09,0.19,0.0,0.22,0.37,0.37,1.24,2.0,19.0,0.37,0.22,41.0,2021
0.9,0.9,0.9,4,2,2,18.0,2.4,2,8.0,4,0.13,0.34,0.13,0.34,0.0,0.28,0.55,0.55,1.11,2.0,13.0,0.55,0.28,31.0,2122
2.9,0.9,0.9,2,0,0,24.0,1.1,0,16.0,0,0.1,0.13,0.1,0.13,0.0,0.0,0.0,0.23,1.84,1.0,9.0,0.0,0.0,22.0,2223
0.0,2.9,2.9,9,1,1,42.0,4.6,1,36.0,3,0.11,0.18,0.11,0.18,1.0,0.04,0.11,0.34,1.37,1.0,28.0,0.11,0.04,36.0,2324
5.3,8.2,6.7,19,9,9,89.0,8.1,7,45.0,9,0.38,0.44,0.3,0.37,30.0,0.41,0.41,0.87,2.06,4.0,85.0,0.32,0.32,99.0,1819
0.8,5.3,4.5,10,4,4,43.0,4.8,4,23.0,4,0.62,0.65,0.53,0.56,10.0,0.47,0.47,1.17,2.7,0.0,27.0,0.47,0.47,46.0,1920
0.5,0.5,0.5,5,3,3,7.0,1.5,3,14.0,3,0.1,0.27,0.1,0.27,1.0,0.53,0.53,0.89,2.5,4.0,8.0,0.53,0.53,29.0,2021
0.0,2.2,2.2,11,2,2,28.0,3.5,2,20.0,2,0.23,0.36,0.23,0.36,4.0,0.21,0.21,1.13,2.05,3.0,31.0,0.21,0.21,75.0,2122
1.0,0.5,0.5,3,0,0,8.0,0.5,0,7.0,0,0.22,0.24,0.22,0.24,1.0,0.0,0.0,1.36,3.17,3.0,9.0,0.0,0.0,15.0,2122
2.1,1.0,1.0,5,0,0,20.0,2.3,0,12.0,0,0.26,0.58,0.26,0.58,5.0,0.0,0.0,1.28,3.08,2.0,21.0,0.0,0.0,28.0,2223
2.0,2.1,2.1,9,1,1,48.0,5.3,1,30.0,2,0.1,0.25,0.1,0.25,4.0,0.05,0.1,0.43,1.43,4.0,60.0,0.1,0.05,119.0,2324
4.0,3.1,2.3,8,3,3,52.0,3.8,2,20.0,3,0.17,0.25,0.13,0.21,5.0,0.16,0.16,0.44,1.09,1.0,47.0,0.11,0.11,102.0,1920
4.7,4.7,3.1,6,3,3,85.0,7.5,2,28.0,8,0.24,0.46,0.16,0.38,1.0,0.15,0.4,0.3,1.4,4.0,54.0,0.35,0.1,90.0,2122
3.5,4.7,3.9,16,5,5,102.0,9.5,5,41.0,12,0.15,0.33,0.13,0.3,2.0,0.16,0.38,0.51,1.31,5.0,53.0,0.38,0.16,186.0,2223
0.8,5.6,5.6,11,5,5,34.0,6.2,5,15.0,5,0.72,0.8,0.72,0.8,3.0,0.64,0.64,1.41,1.92,1.0,43.0,0.64,0.64,44.0,2021
0.4,1.3,1.3,6,2,2,18.0,1.7,2,12.0,2,0.22,0.29,0.22,0.29,4.0,0.35,0.35,1.05,2.09,2.0,17.0,0.35,0.35,25.0,2223
0.1,0.4,0.4,2,0,0,11.0,0.6,0,4.0,0,0.19,0.27,0.19,0.27,4.0,0.0,0.0,0.94,1.87,1.0,7.0,0.0,0.0,8.0,2223
12.7,6.4,5.6,20,5,5,77.0,6.5,4,56.0,5,0.42,0.48,0.37,0.43,15.0,0.33,0.33,1.31,3.66,8.0,49.0,0.26,0.26,72.0,2324
0.4,1.1,1.1,5,3,3,16.0,2.2,3,19.0,4,0.05,0.12,0.05,0.12,1.0,0.15,0.21,0.26,0.98,3.0,29.0,0.21,0.15,97.0,1819
3.7,5.6,4.1,10,9,9,72.0,4.7,7,28.0,9,0.35,0.39,0.26,0.29,20.0,0.56,0.56,0.63,1.75,2.0,30.0,0.44,0.44,82.0,2021
4.3,0.2,0.2,1,0,0,12.0,0.6,0,5.0,2,0.04,0.12,0.04,0.12,2.0,0.0,0.38,0.19,0.96,1.0,9.0,0.38,0.0,47.0,1819
0.6,2.1,2.1,8,0,0,54.0,6.9,0,23.0,4,0.07,0.24,0.07,0.24,3.0,0.0,0.14,0.27,0.79,4.0,44.0,0.14,0.0,145.0,2122
2.1,5.9,2.5,10,7,7,44.0,4.1,3,43.0,8,0.28,0.35,0.12,0.2,0.0,0.33,0.38,0.48,2.04,7.0,29.0,0.19,0.14,95.0,2021
0.0,2.1,0.5,3,2,2,11.0,2.8,0,13.0,4,0.23,0.48,0.06,0.31,0.0,0.22,0.44,0.33,1.45,3.0,12.0,0.22,0.0,50.0,2122
5.9,2.1,2.1,9,3,3,58.0,4.9,3,25.0,5,0.1,0.22,0.1,0.22,8.0,0.14,0.23,0.42,1.16,3.0,39.0,0.23,0.14,153.0,1819
8.4,5.9,5.9,19,9,9,109.0,9.7,9,52.0,16,0.2,0.33,0.2,0.33,6.0,0.31,0.55,0.65,1.79,5.0,39.0,0.55,0.31,198.0,1920
1.7,8.4,8.4,21,11,11,109.0,12.0,11,52.0,17,0.3,0.43,0.3,0.43,9.0,0.39,0.61,0.75,1.85,4.0,41.0,0.61,0.39,204.0,2021
0.2,1.7,1.7,4,1,1,22.0,2.0,1,15.0,1,0.33,0.4,0.33,0.4,1.0,0.2,0.2,0.78,2.93,2.0,6.0,0.2,0.2,24.0,2122
2.1,3.0,3.0,5,3,3,48.0,5.3,3,26.0,3,0.23,0.41,0.23,0.41,3.0,0.23,0.23,0.38,1.98,2.0,17.0,0.23,0.23,102.0,2223
3.9,1.9,1.9,6,0,0,33.0,3.3,0,31.0,3,0.12,0.22,0.12,0.22,4.0,0.0,0.2,0.4,2.05,6.0,58.0,0.2,0.0,83.0,2122
5.4,3.9,3.9,22,10,10,65.0,6.3,10,43.0,12,0.26,0.42,0.26,0.42,9.0,0.67,0.8,1.47,2.87,1.0,49.0,0.8,0.67,103.0,2324
1.3,0.3,0.3,2,1,1,13.0,0.5,1,4.0,1,0.02,0.03,0.02,0.03,3.0,0.06,0.06,0.11,0.23,0.0,7.0,0.06,0.06,4.0,1920
4.0,0.9,0.9,2,1,1,11.0,1.3,1,11.0,1,0.04,0.06,0.04,0.06,2.0,0.05,0.05,0.09,0.52,0.0,11.0,0.05,0.05,6.0,1819
0.7,4.0,4.0,10,1,1,48.0,5.1,1,35.0,1,0.13,0.17,0.13,0.17,0.0,0.03,0.03,0.33,1.16,4.0,15.0,0.03,0.03,11.0,1920
1.5,0.8,0.8,1,0,0,18.0,1.2,0,13.0,0,0.04,0.07,0.04,0.07,0.0,0.0,0.0,0.06,0.74,1.0,16.0,0.0,0.0,14.0,2122
2.3,1.5,1.5,2,1,1,23.0,1.8,1,13.0,1,0.05,0.07,0.05,0.07,0.0,0.04,0.04,0.08,0.49,0.0,5.0,0.04,0.04,2.0,1920
1.5,2.3,2.3,1,0,0,30.0,2.7,0,18.0,1,0.07,0.09,0.07,0.09,2.0,0.0,0.03,0.03,0.59,2.0,9.0,0.03,0.0,4.0,2021
1.0,1.0,1.0,2,0,0,21.0,1.0,0,12.0,0,0.03,0.03,0.03,0.03,2.0,0.0,0.0,0.06,0.39,2.0,8.0,0.0,0.0,2.0,2223
1.5,1.0,1.0,5,2,2,17.0,1.2,2,8.0,2,0.04,0.04,0.04,0.04,1.0,0.07,0.07,0.18,0.29,1.0,16.0,0.07,0.07,1.0,2324
11.4,8.5,8.5,17,7,7,76.0,10.5,7,50.0,10,0.35,0.43,0.35,0.43,10.0,0.29,0.41,0.7,2.05,4.0,38.0,0.41,0.29,122.0,1819
6.2,11.4,10.6,27,13,13,89.0,13.6,12,70.0,15,0.39,0.5,0.37,0.47,17.0,0.45,0.52,0.93,2.42,6.0,54.0,0.48,0.42,155.0,1920
1.7,3.7,3.7,14,6,6,46.0,6.0,6,33.0,9,0.15,0.25,0.15,0.25,2.0,0.25,0.38,0.59,1.39,5.0,40.0,0.38,0.25,58.0,2324
2.7,1.5,1.5,10,1,1,33.0,3.3,1,32.0,4,0.04,0.09,0.04,0.09,2.0,0.03,0.11,0.28,0.89,2.0,23.0,0.11,0.03,26.0,1718
0.9,2.7,2.7,7,3,3,29.0,4.1,3,27.0,4,0.09,0.13,0.09,0.13,1.0,0.1,0.13,0.23,0.89,3.0,20.0,0.13,0.1,13.0,1819
0.2,2.4,1.6,7,2,2,43.0,3.1,1,31.0,4,0.08,0.13,0.05,0.1,2.0,0.07,0.13,0.23,1.02,5.0,25.0,0.1,0.03,31.0,2021
4.6,1.4,1.4,7,1,1,31.0,3.2,1,15.0,3,0.14,0.32,0.14,0.32,1.0,0.1,0.31,0.72,1.53,3.0,14.0,0.31,0.1,78.0,2122
1.4,4.6,4.6,14,2,2,62.0,8.7,2,50.0,8,0.14,0.27,0.14,0.27,3.0,0.06,0.25,0.43,1.55,6.0,21.0,0.25,0.06,37.0,2223
4.1,1.4,1.4,6,2,2,53.0,3.6,2,15.0,5,0.08,0.2,0.08,0.2,2.0,0.11,0.28,0.34,0.84,3.0,35.0,0.28,0.11,104.0,2223
0.0,1.1,1.1,5,0,0,43.0,2.2,0,18.0,0,0.09,0.19,0.09,0.19,4.0,0.0,0.0,0.43,1.54,2.0,28.0,0.0,0.0,116.0,2324
13.8,13.5,12.8,37,16,16,140.0,16.8,15,91.0,20,0.45,0.59,0.43,0.56,20.0,0.54,0.67,1.24,3.05,7.0,74.0,0.64,0.5,264.0,1718
6.7,13.8,13.0,30,8,8,144.0,17.3,8,79.0,14,0.49,0.64,0.46,0.62,14.0,0.28,0.5,1.07,2.81,7.0,66.0,0.5,0.28,218.0,1819
5.1,6.7,6.7,14,4,4,75.0,12.4,4,41.0,11,0.32,0.6,0.32,0.6,8.0,0.19,0.53,0.67,1.96,3.0,43.0,0.53,0.19,143.0,1920
8.0,4.2,3.5,17,6,6,77.0,6.6,5,46.0,7,0.17,0.29,0.14,0.26,4.0,0.24,0.28,0.68,1.83,3.0,74.0,0.24,0.2,164.0,2122
0.2,0.4,0.4,1,0,0,14.0,0.5,0,5.0,0,0.03,0.04,0.03,0.04,0.0,0.0,0.0,0.08,0.38,0.0,12.0,0.0,0.0,2.0,2122
1.0,1.3,1.3,3,1,1,26.0,1.7,1,10.0,1,0.04,0.05,0.04,0.05,0.0,0.03,0.03,0.1,0.32,1.0,12.0,0.03,0.03,22.0,2021
0.7,1.5,1.5,3,2,2,22.0,3.6,2,21.0,5,0.07,0.16,0.07,0.16,2.0,0.09,0.22,0.13,0.94,2.0,27.0,0.22,0.09,65.0,1819
0.6,0.7,0.7,3,0,0,15.0,4.3,0,16.0,7,0.03,0.18,0.03,0.18,3.0,0.0,0.29,0.12,0.66,0.0,25.0,0.29,0.0,60.0,1920
0.8,0.6,0.6,5,0,0,15.0,2.9,0,15.0,4,0.02,0.11,0.02,0.11,2.0,0.0,0.15,0.19,0.58,1.0,29.0,0.15,0.0,25.0,2021
2.2,0.7,0.7,1,0,0,10.0,1.6,0,8.0,1,0.06,0.12,0.06,0.12,0.0,0.0,0.08,0.08,0.62,3.0,17.0,0.08,0.0,32.0,2122
1.9,2.2,2.2,9,5,5,19.0,3.1,5,15.0,7,0.13,0.18,0.13,0.18,0.0,0.3,0.42,0.54,0.9,2.0,22.0,0.42,0.3,19.0,2223
1.3,1.9,1.9,4,1,1,29.0,2.4,1,18.0,2,0.17,0.22,0.17,0.22,0.0,0.09,0.18,0.36,1.61,2.0,16.0,0.18,0.09,31.0,2324
6.2,5.1,5.1,29,7,7,89.0,14.6,7,85.0,13,0.16,0.46,0.16,0.46,2.0,0.22,0.41,0.92,2.71,7.0,70.0,0.41,0.22,183.0,1920
1.8,1.6,1.6,5,2,2,18.0,7.1,2,21.0,9,0.07,0.33,0.07,0.33,0.0,0.09,0.42,0.23,0.98,0.0,32.0,0.42,0.09,68.0,2223
1.3,1.8,1.8,12,3,3,40.0,6.8,3,30.0,8,0.08,0.3,0.08,0.3,1.0,0.13,0.35,0.52,1.3,3.0,33.0,0.35,0.13,55.0,2324
0.6,1.0,1.0,2,2,2,15.0,1.2,2,6.0,2,0.04,0.05,0.04,0.05,2.0,0.08,0.08,0.08,0.25,0.0,8.0,0.08,0.08,2.0,1920
1.0,0.6,0.6,2,1,1,8.0,0.9,1,4.0,1,0.11,0.16,0.11,0.16,0.0,0.19,0.19,0.38,0.77,1.0,3.0,0.19,0.19,0.0,2021
8.9,5.3,5.3,19,3,3,143.0,9.5,3,45.0,9,0.21,0.37,0.21,0.37,25.0,0.12,0.35,0.73,1.74,3.0,72.0,0.35,0.12,265.0,1819
9.3,8.9,8.9,25,7,7,158.0,13.4,7,60.0,10,0.32,0.48,0.32,0.48,29.0,0.25,0.36,0.89,2.15,1.0,110.0,0.36,0.25,383.0,1920
2.7,4.0,4.0,22,4,4,89.0,7.7,4,56.0,8,0.17,0.32,0.17,0.32,5.0,0.17,0.33,0.91,2.31,4.0,62.0,0.33,0.17,171.0,2223
0.9,2.7,2.7,16,3,3,85.0,5.9,3,37.0,8,0.16,0.35,0.16,0.35,9.0,0.18,0.47,0.94,2.18,2.0,47.0,0.47,0.18,166.0,2324
3.4,2.0,2.0,5,1,1,60.0,5.6,1,25.0,7,0.18,0.52,0.18,0.52,1.0,0.09,0.64,0.46,2.29,2.0,30.0,0.64,0.09,99.0,2021
13.7,3.4,3.4,15,4,4,107.0,5.8,4,34.0,8,0.2,0.34,0.2,0.34,13.0,0.24,0.47,0.89,2.01,4.0,48.0,0.47,0.24,194.0,2122
11.7,13.7,12.9,31,9,9,204.0,19.9,8,97.0,17,0.52,0.78,0.49,0.75,10.0,0.34,0.64,1.17,3.67,9.0,64.0,0.61,0.3,268.0,2223
4.0,11.7,10.9,35,10,10,206.0,14.9,10,86.0,15,0.44,0.59,0.41,0.56,13.0,0.38,0.57,1.32,3.25,6.0,72.0,0.57,0.38,301.0,2324
2.0,1.2,1.2,4,0,0,20.0,2.7,0,16.0,2,0.05,0.11,0.05,0.11,0.0,0.0,0.08,0.15,0.6,2.0,21.0,0.08,0.0,9.0,2021
3.0,2.0,2.0,5,3,3,37.0,2.5,3,20.0,3,0.06,0.08,0.06,0.08,1.0,0.09,0.09,0.16,0.62,1.0,33.0,0.09,0.09,15.0,2122
10.5,12.8,11.3,28,13,13,90.0,12.2,11,69.0,13,0.61,0.66,0.54,0.58,8.0,0.62,0.62,1.34,3.29,5.0,43.0,0.52,0.52,104.0,1819
9.7,10.5,7.4,20,11,11,87.0,10.4,7,53.0,12,0.42,0.54,0.29,0.41,10.0,0.44,0.48,0.79,2.1,1.0,72.0,0.32,0.28,132.0,1920
8.4,9.7,6.5,19,12,12,99.0,9.3,10,42.0,16,0.4,0.51,0.27,0.38,14.0,0.49,0.66,0.78,1.72,2.0,59.0,0.57,0.41,155.0,2021
2.5,8.4,6.1,17,7,7,92.0,9.3,6,46.0,10,0.36,0.49,0.26,0.39,12.0,0.3,0.43,0.72,1.96,7.0,57.0,0.38,0.26,133.0,2122
0.6,2.5,2.5,3,1,1,21.0,2.9,1,15.0,1,0.35,0.41,0.35,0.41,8.0,0.14,0.14,0.42,2.11,3.0,29.0,0.14,0.14,34.0,2223
2.8,0.6,0.6,2,0,0,19.0,1.2,0,6.0,1,0.08,0.17,0.08,0.17,4.0,0.0,0.14,0.27,0.82,1.0,25.0,0.14,0.0,50.0,2223
0.4,2.4,2.4,5,1,1,32.0,4.7,1,14.0,3,0.08,0.16,0.08,0.16,2.0,0.03,0.1,0.17,0.47,1.0,38.0,0.1,0.03,125.0,1819
0.5,0.4,0.4,4,1,1,14.0,1.3,1,11.0,2,0.04,0.12,0.04,0.12,0.0,0.09,0.18,0.35,0.98,5.0,10.0,0.18,0.09,55.0,1920
0.4,0.5,0.5,3,0,0,35.0,2.0,0,16.0,1,0.03,0.1,0.03,0.1,1.0,0.0,0.05,0.14,0.77,2.0,30.0,0.05,0.0,135.0,2021
0.5,0.4,0.4,4,0,0,18.0,2.3,0,14.0,1,0.02,0.12,0.02,0.12,1.0,0.0,0.05,0.21,0.73,0.0,19.0,0.05,0.0,80.0,2122
0.3,0.5,0.5,5,0,0,31.0,3.3,0,15.0,3,0.02,0.1,0.02,0.1,0.0,0.0,0.09,0.15,0.45,1.0,28.0,0.09,0.0,115.0,2223
6.4,3.1,3.1,12,2,2,44.0,4.2,2,34.0,2,0.24,0.32,0.24,0.32,9.0,0.15,0.15,0.93,2.63,2.0,35.0,0.15,0.15,89.0,1920
6.0,6.4,5.6,19,8,8,55.0,7.0,7,46.0,11,0.35,0.42,0.3,0.38,12.0,0.43,0.6,1.03,2.49,3.0,43.0,0.54,0.38,118.0,2021
2.6,6.0,6.0,9,4,4,74.0,9.8,4,48.0,8,0.35,0.57,0.35,0.57,4.0,0.23,0.46,0.52,2.79,6.0,45.0,0.46,0.23,136.0,2122
7.9,2.6,2.6,11,1,1,40.0,3.8,1,31.0,4,0.23,0.34,0.23,0.34,3.0,0.09,0.36,0.99,2.78,2.0,21.0,0.36,0.09,71.0,2223
0.1,7.9,7.1,19,3,3,74.0,10.6,3,55.0,5,0.39,0.56,0.35,0.52,11.0,0.15,0.24,0.93,2.69,11.0,43.0,0.24,0.15,139.0,2324
3.6,1.7,1.7,11,3,3,26.0,3.7,3,46.0,5,0.05,0.12,0.05,0.12,1.0,0.09,0.15,0.34,1.42,2.0,24.0,0.15,0.09,62.0,1819
2.8,3.6,3.6,8,0,0,46.0,7.2,0,55.0,2,0.16,0.32,0.16,0.32,1.0,0.0,0.09,0.35,2.41,2.0,26.0,0.09,0.0,61.0,1920
1.2,1.0,1.0,4,0,0,6.0,1.2,0,9.0,0,0.23,0.26,0.23,0.26,0.0,0.0,0.0,0.9,2.04,0.0,5.0,0.0,0.0,18.0,2021
1.5,1.2,1.2,5,0,0,18.0,4.1,0,23.0,2,0.08,0.28,0.08,0.28,1.0,0.0,0.14,0.34,1.57,1.0,15.0,0.14,0.0,29.0,2122
3.5,1.5,1.5,5,2,2,37.0,6.4,2,37.0,6,0.07,0.3,0.07,0.3,1.0,0.09,0.28,0.23,1.71,6.0,13.0,0.28,0.09,59.0,2223
2.7,3.5,3.5,11,3,3,25.0,5.2,3,30.0,6,0.2,0.29,0.2,0.29,0.0,0.17,0.34,0.62,1.7,3.0,10.0,0.34,0.17,32.0,2324
0.4,0.7,0.7,4,0,0,11.0,1.6,0,19.0,0,0.02,0.06,0.02,0.06,1.0,0.0,0.0,0.14,0.68,1.0,53.0,0.0,0.0,62.0,1819
0.0,0.4,0.4,2,1,1,7.0,1.7,1,11.0,2,0.02,0.09,0.02,0.09,0.0,0.05,0.11,0.11,0.58,2.0,31.0,0.11,0.05,28.0,1920
1.1,3.1,2.3,9,2,2,33.0,5.8,1,27.0,7,0.23,0.47,0.17,0.42,4.0,0.14,0.51,0.65,1.96,3.0,43.0,0.43,0.07,99.0,1920
0.6,1.1,1.1,5,0,0,29.0,3.8,0,16.0,5,0.15,0.53,0.15,0.53,2.0,0.0,0.69,0.69,2.21,2.0,28.0,0.69,0.0,104.0,2021
0.2,0.6,0.6,3,0,0,24.0,1.8,0,12.0,6,0.06,0.18,0.05,0.17,0.0,0.0,0.55,0.28,1.11,4.0,48.0,0.55,0.0,85.0,2122
5.2,6.3,2.4,11,6,6,45.0,6.6,1,31.0,12,0.4,0.67,0.15,0.42,1.0,0.38,0.76,0.7,1.96,3.0,45.0,0.44,0.06,125.0,2223
4.7,5.2,2.9,14,8,8,71.0,12.8,5,37.0,16,0.19,0.55,0.1,0.46,3.0,0.29,0.58,0.5,1.33,4.0,65.0,0.47,0.18,287.0,2324
6.5,6.2,5.4,22,6,6,77.0,12.7,5,62.0,11,0.19,0.42,0.17,0.39,0.0,0.19,0.34,0.68,1.93,10.0,74.0,0.31,0.16,166.0,2021
1.8,6.5,2.5,12,7,7,61.0,5.3,2,32.0,12,0.32,0.47,0.13,0.27,1.0,0.35,0.6,0.6,1.6,4.0,59.0,0.35,0.1,98.0,2122
2.7,1.8,1.8,6,3,3,36.0,4.1,3,20.0,3,0.18,0.41,0.18,0.41,1.0,0.3,0.3,0.61,2.02,1.0,24.0,0.3,0.3,72.0,2122
0.2,2.7,2.7,14,5,5,43.0,4.8,5,25.0,8,0.19,0.34,0.19,0.34,1.0,0.36,0.58,1.01,1.81,3.0,30.0,0.58,0.36,66.0,2223
0.2,0.2,0.2,2,0,0,6.0,0.5,0,5.0,1,0.05,0.14,0.05,0.14,0.0,0.0,0.3,0.6,1.5,0.0,4.0,0.3,0.0,16.0,2223
2.6,2.8,2.8,10,5,5,40.0,4.5,5,27.0,6,0.17,0.28,0.17,0.28,1.0,0.31,0.37,0.62,1.67,3.0,37.0,0.37,0.31,78.0,2324
4.1,3.2,3.2,11,4,4,67.0,7.6,4,34.0,8,0.18,0.43,0.18,0.43,4.0,0.23,0.45,0.62,1.93,3.0,41.0,0.45,0.23,152.0,1819
4.8,4.1,4.1,12,6,6,38.0,5.6,6,20.0,7,0.42,0.58,0.42,0.58,4.0,0.62,0.73,1.25,2.08,2.0,21.0,0.73,0.62,76.0,1920
2.9,4.8,4.7,17,6,6,80.0,8.1,6,33.0,7,0.24,0.42,0.24,0.41,9.0,0.31,0.36,0.86,1.68,3.0,85.0,0.36,0.31,165.0,2021
3.2,2.9,2.9,7,2,2,40.0,4.3,2,23.0,3,0.29,0.43,0.29,0.43,8.0,0.2,0.3,0.71,2.34,2.0,32.0,0.3,0.2,100.0,2122
2.7,1.1,1.1,4,0,0,19.0,2.4,0,22.0,1,0.06,0.13,0.06,0.13,1.0,0.0,0.05,0.22,1.19,0.0,36.0,0.05,0.0,85.0,1920
0.5,2.7,2.7,12,3,3,40.0,6.3,3,45.0,10,0.08,0.18,0.08,0.18,2.0,0.09,0.29,0.34,1.29,5.0,32.0,0.29,0.09,213.0,2021
0.0,1.3,1.3,6,2,2,39.0,3.2,2,30.0,4,0.06,0.16,0.06,0.16,3.0,0.1,0.2,0.29,1.47,8.0,27.0,0.2,0.1,122.0,2223
3.0,3.4,3.4,8,2,2,28.0,4.8,2,24.0,3,0.11,0.16,0.11,0.16,2.0,0.07,0.1,0.27,0.8,3.0,13.0,0.1,0.07,9.0,1920
5.2,1.5,1.5,3,1,1,34.0,3.5,1,18.0,4,0.09,0.21,0.09,0.21,2.0,0.06,0.24,0.18,1.07,1.0,47.0,0.24,0.06,84.0,2223
4.3,5.2,5.2,10,4,4,68.0,11.5,4,38.0,10,0.18,0.4,0.18,0.4,4.0,0.14,0.35,0.35,1.31,2.0,80.0,0.35,0.14,165.0,2324
19.0,10.5,10.5,32,12,12,116.0,12.7,12,55.0,12,0.44,0.54,0.44,0.54,23.0,0.51,0.51,1.35,2.32,5.0,51.0,0.51,0.51,200.0,1819
23.0,19.0,14.3,41,23,23,204.0,18.8,17,93.0,25,0.57,0.71,0.43,0.57,23.0,0.69,0.76,1.24,2.81,9.0,70.0,0.57,0.51,289.0,1920
6.6,23.0,18.2,42,24,24,215.0,25.3,18,90.0,35,0.72,0.94,0.57,0.79,19.0,0.75,1.09,1.31,2.81,13.0,93.0,0.9,0.56,295.0,2021
9.0,6.6,5.8,14,8,8,90.0,8.8,7,42.0,8,0.38,0.54,0.33,0.5,14.0,0.45,0.45,0.79,2.38,3.0,37.0,0.4,0.4,125.0,2122
9.8,9.0,7.4,20,10,10,100.0,11.5,8,49.0,16,0.49,0.71,0.4,0.62,13.0,0.54,0.87,1.08,2.66,5.0,47.0,0.76,0.43,159.0,2223
13.0,9.8,9.0,27,13,13,141.0,11.4,13,64.0,16,0.33,0.42,0.31,0.39,25.0,0.44,0.55,0.92,2.18,6.0,52.0,0.55,0.44,234.0,2324
0.3,1.4,1.4,5,1,1,19.0,3.5,1,24.0,2,0.05,0.12,0.05,0.12,0.0,0.03,0.07,0.17,0.81,2.0,38.0,0.07,0.03,36.0,2223
1.5,1.8,1.8,4,2,2,12.0,2.0,2,12.0,3,0.11,0.12,0.11,0.12,2.0,0.12,0.18,0.24,0.72,1.0,6.0,0.18,0.12,2.0,2021
2.1,1.5,1.5,10,4,4,28.0,2.8,4,18.0,4,0.06,0.11,0.06,0.11,1.0,0.16,0.16,0.4,0.71,2.0,17.0,0.16,0.16,14.0,2122
2.1,2.1,2.1,1,0,0,29.0,2.9,0,18.0,2,0.1,0.15,0.1,0.15,1.0,0.0,0.1,0.05,0.9,3.0,9.0,0.1,0.0,11.0,2223
1.0,2.1,2.1,9,1,1,34.0,3.5,1,23.0,3,0.09,0.16,0.09,0.16,0.0,0.05,0.14,0.41,1.04,7.0,14.0,0.14,0.05,11.0,2324
0.1,1.5,1.5,6,0,0,16.0,2.7,0,31.0,1,0.08,0.13,0.08,0.13,0.0,0.0,0.05,0.3,1.53,3.0,13.0,0.05,0.0,32.0,1920
0.0,0.4,0.4,1,0,0,3.0,0.4,0,5.0,0,0.04,0.04,0.04,0.04,0.0,0.0,0.0,0.11,0.55,1.0,7.0,0.0,0.0,5.0,2223
0.0,0.2,0.2,2,0,0,6.0,0.5,0,6.0,0,0.02,0.04,0.02,0.04,0.0,0.0,0.0,0.15,0.46,0.0,16.0,0.0,0.0,25.0,1718
0.6,0.5,0.5,2,1,1,16.0,1.5,1,8.0,1,0.02,0.06,0.02,0.06,2.0,0.04,0.04,0.08,0.31,0.0,14.0,0.04,0.04,78.0,2021
0.2,0.6,0.6,2,0,0,25.0,2.2,0,5.0,1,0.02,0.08,0.02,0.08,3.0,0.0,0.04,0.07,0.18,2.0,30.0,0.04,0.0,71.0,2122
0.3,0.2,0.2,2,0,0,9.0,1.0,0,3.0,1,0.03,0.14,0.03,0.14,2.0,0.0,0.14,0.28,0.41,1.0,10.0,0.14,0.0,35.0,2223
4.0,10.1,10.1,31,15,15,113.0,15.5,15,68.0,20,0.36,0.55,0.36,0.55,6.0,0.53,0.71,1.1,2.42,9.0,86.0,0.71,0.53,282.0,1718
0.1,4.0,4.0,24,2,2,59.0,8.6,2,51.0,4,0.19,0.42,0.19,0.42,5.0,0.1,0.19,1.17,2.48,8.0,49.0,0.19,0.1,168.0,1819
4.9,2.9,2.9,16,3,3,64.0,6.8,3,41.0,4,0.15,0.35,0.15,0.35,1.0,0.15,0.2,0.81,2.07,5.0,52.0,0.2,0.15,159.0,2021
1.4,1.2,1.2,7,2,2,28.0,2.9,2,28.0,4,0.06,0.15,0.06,0.15,2.0,0.1,0.21,0.36,1.44,4.0,36.0,0.21,0.1,56.0,1819
1.7,1.4,1.4,10,1,1,18.0,4.0,1,27.0,4,0.06,0.18,0.06,0.18,1.0,0.04,0.18,0.45,1.21,2.0,50.0,0.18,0.04,55.0,1920
1.4,1.7,0.9,4,1,1,17.0,1.7,0,25.0,1,0.08,0.13,0.04,0.09,6.0,0.05,0.05,0.2,1.28,0.0,29.0,0.0,0.0,45.0,2021
2.7,4.0,4.0,9,3,3,38.0,6.2,3,41.0,8,0.29,0.45,0.29,0.45,0.0,0.22,0.58,0.65,2.96,4.0,19.0,0.58,0.22,50.0,1819
3.1,2.7,2.7,12,1,1,31.0,5.1,1,40.0,5,0.22,0.41,0.22,0.41,0.0,0.08,0.41,0.98,3.26,5.0,25.0,0.41,0.08,63.0,1920
0.0,3.1,3.1,11,3,3,53.0,7.3,3,38.0,4,0.18,0.43,0.18,0.43,5.0,0.18,0.24,0.65,2.23,2.0,38.0,0.24,0.18,73.0,2021
4.3,1.0,1.0,4,1,1,7.0,1.5,1,9.0,1,0.49,0.73,0.49,0.73,0.0,0.5,0.5,2.01,4.53,1.0,3.0,0.5,0.5,17.0,2122
4.1,4.3,4.3,17,4,4,26.0,6.7,4,38.0,6,0.42,0.65,0.42,0.65,1.0,0.37,0.56,1.59,3.56,2.0,12.0,0.56,0.37,46.0,2223
1.8,4.1,4.1,19,5,5,39.0,7.9,5,66.0,9,0.14,0.27,0.14,0.27,0.0,0.17,0.31,0.65,2.27,6.0,27.0,0.31,0.17,39.0,2324
0.5,0.5,0.5,1,0,0,13.0,0.5,0,5.0,0,0.03,0.03,0.03,0.03,0.0,0.0,0.0,0.05,0.26,0.0,4.0,0.0,0.0,3.0,2223
0.9,0.2,0.2,2,0,0,21.0,2.0,0,6.0,2,0.02,0.17,0.02,0.17,0.0,0.0,0.17,0.17,0.5,0.0,9.0,0.17,0.0,80.0,1920
0.3,0.9,0.9,3,1,1,58.0,5.6,1,8.0,4,0.03,0.23,0.03,0.23,1.0,0.04,0.16,0.12,0.32,1.0,40.0,0.16,0.04,231.0,2021
0.2,0.3,0.3,2,0,0,27.0,1.2,0,10.0,2,0.01,0.05,0.01,0.05,1.0,0.0,0.08,0.08,0.42,1.0,31.0,0.08,0.0,101.0,2122
1.4,0.2,0.2,2,0,0,24.0,1.1,0,4.0,0,0.02,0.09,0.02,0.09,1.0,0.0,0.0,0.15,0.31,1.0,14.0,0.0,0.0,78.0,2223
0.8,1.4,1.4,4,1,1,38.0,4.3,1,12.0,4,0.07,0.2,0.07,0.2,3.0,0.05,0.19,0.19,0.56,2.0,31.0,0.19,0.05,162.0,2324
0.5,2.8,2.8,8,6,6,54.0,3.7,6,28.0,8,0.26,0.33,0.26,0.33,2.0,0.54,0.72,0.72,2.53,2.0,25.0,0.72,0.54,75.0,1819
1.2,3.4,3.4,8,1,1,67.0,4.6,1,35.0,1,0.16,0.22,0.16,0.22,3.0,0.05,0.05,0.38,1.65,4.0,73.0,0.05,0.05,97.0,2021
0.8,1.2,1.2,6,0,0,40.0,3.6,0,19.0,2,0.08,0.24,0.08,0.24,2.0,0.0,0.13,0.39,1.23,4.0,27.0,0.13,0.0,53.0,2122
3.7,0.8,0.8,2,0,0,42.0,2.4,0,9.0,1,0.05,0.14,0.05,0.14,1.0,0.0,0.06,0.12,0.53,1.0,22.0,0.06,0.0,86.0,2223
0.7,3.7,3.7,14,6,6,64.0,6.1,6,40.0,7,0.16,0.26,0.16,0.26,1.0,0.26,0.3,0.61,1.74,3.0,35.0,0.3,0.26,113.0,2324
4.1,6.2,6.1,25,6,6,91.0,9.8,6,59.0,7,0.22,0.35,0.22,0.35,6.0,0.21,0.25,0.89,2.1,8.0,74.0,0.25,0.21,152.0,1920
3.6,4.1,4.1,13,6,6,53.0,7.0,6,38.0,9,0.23,0.39,0.23,0.39,10.0,0.33,0.5,0.73,2.12,2.0,47.0,0.5,0.33,124.0,2021
1.2,3.6,3.6,8,1,1,72.0,6.4,1,40.0,4,0.16,0.29,0.16,0.29,12.0,0.05,0.18,0.36,1.81,4.0,75.0,0.18,0.05,118.0,2122
3.9,1.2,1.2,6,3,3,33.0,3.4,3,21.0,7,0.09,0.27,0.09,0.27,3.0,0.24,0.56,0.48,1.67,1.0,29.0,0.56,0.24,68.0,2223
2.0,3.9,3.9,17,4,4,82.0,6.3,4,49.0,9,0.18,0.29,0.18,0.29,18.0,0.18,0.41,0.78,2.25,5.0,58.0,0.41,0.18,145.0,2324
1.8,1.9,1.9,8,2,2,10.0,2.9,2,33.0,4,0.09,0.13,0.09,0.13,0.0,0.09,0.19,0.37,1.54,3.0,23.0,0.19,0.09,21.0,1920
1.3,1.8,1.8,3,1,1,23.0,2.3,1,28.0,1,0.07,0.1,0.07,0.1,0.0,0.04,0.04,0.12,1.16,1.0,25.0,0.04,0.04,21.0,2021
4.0,1.3,1.3,6,2,2,18.0,2.3,2,23.0,2,0.11,0.18,0.11,0.18,1.0,0.16,0.16,0.49,1.87,2.0,21.0,0.16,0.16,21.0,2122
3.3,4.0,1.6,4,3,3,22.0,2.9,1,31.0,3,0.18,0.23,0.07,0.13,0.0,0.13,0.13,0.18,1.37,1.0,34.0,0.04,0.04,20.0,2223
1.4,1.1,1.1,8,0,0,29.0,2.5,0,19.0,1,0.04,0.08,0.04,0.08,0.0,0.0,0.03,0.27,0.64,4.0,23.0,0.03,0.0,49.0,1920
0.4,1.4,1.4,2,1,1,12.0,4.2,1,14.0,2,0.05,0.15,0.05,0.15,0.0,0.04,0.07,0.07,0.5,1.0,16.0,0.07,0.04,54.0,2021
0.7,0.4,0.4,3,0,0,16.0,2.8,0,9.0,4,0.01,0.1,0.01,0.1,2.0,0.0,0.14,0.1,0.31,0.0,20.0,0.14,0.0,46.0,2122
3.1,2.6,1.8,7,3,3,52.0,7.3,2,29.0,8,0.09,0.27,0.06,0.24,6.0,0.1,0.26,0.23,0.96,0.0,64.0,0.23,0.07,197.0,2021
1.8,3.1,1.6,10,1,1,61.0,4.9,1,31.0,7,0.12,0.25,0.06,0.19,8.0,0.04,0.27,0.38,1.17,8.0,56.0,0.27,0.04,199.0,2122
2.3,1.8,1.8,4,2,2,26.0,3.8,2,20.0,4,0.14,0.29,0.14,0.29,1.0,0.16,0.31,0.31,1.55,2.0,27.0,0.31,0.16,92.0,2223
3.2,2.3,2.3,10,3,3,40.0,5.6,3,28.0,5,0.13,0.33,0.13,0.33,6.0,0.17,0.29,0.58,1.63,2.0,31.0,0.29,0.17,117.0,2324
0.1,1.0,1.0,4,1,1,5.0,4.2,1,21.0,3,0.06,0.28,0.06,0.28,1.0,0.07,0.2,0.26,1.38,4.0,10.0,0.2,0.07,41.0,1819
0.0,0.1,0.1,2,1,1,1.0,0.2,1,2.0,1,0.07,0.1,0.07,0.1,0.0,0.48,0.48,0.96,0.96,0.0,5.0,0.48,0.48,4.0,1920
1.1,0.8,0.8,4,1,1,37.0,5.2,1,22.0,3,0.03,0.17,0.03,0.17,1.0,0.03,0.1,0.13,0.74,3.0,46.0,0.1,0.03,150.0,1819
0.8,1.1,1.1,3,2,2,21.0,3.2,2,6.0,4,0.05,0.15,0.05,0.15,1.0,0.09,0.19,0.14,0.28,1.0,34.0,0.19,0.09,115.0,1920
0.2,0.8,0.8,2,1,1,26.0,1.4,1,6.0,2,0.06,0.11,0.06,0.11,0.0,0.08,0.16,0.16,0.48,0.0,24.0,0.16,0.08,88.0,2021
1.2,0.2,0.2,2,0,0,5.0,1.3,0,3.0,0,0.16,0.9,0.16,0.9,0.0,0.0,0.0,1.36,2.05,1.0,2.0,0.0,0.0,14.0,2122
0.9,1.2,1.2,2,0,0,21.0,2.2,0,12.0,1,0.08,0.15,0.08,0.15,0.0,0.0,0.07,0.14,0.85,0.0,32.0,0.07,0.0,59.0,2223
0.7,0.9,0.9,5,0,0,41.0,3.5,0,17.0,2,0.04,0.15,0.04,0.15,6.0,0.0,0.09,0.22,0.73,2.0,45.0,0.09,0.0,147.0,2324
1.3,0.3,0.3,3,0,0,1.0,1.6,0,11.0,0,0.01,0.06,0.01,0.06,0.0,0.0,0.0,0.11,0.4,0.0,17.0,0.0,0.0,10.0,1819
3.3,2.4,2.4,12,4,4,17.0,7.6,4,46.0,9,0.12,0.37,0.12,0.37,1.0,0.2,0.45,0.6,2.3,5.0,51.0,0.45,0.2,68.0,1819
1.4,3.3,3.3,13,4,4,22.0,7.1,4,60.0,7,0.16,0.34,0.16,0.34,2.0,0.19,0.34,0.62,2.88,7.0,50.0,0.34,0.19,88.0,1920
0.6,1.4,1.4,7,0,0,16.0,3.1,0,35.0,1,0.09,0.2,0.09,0.2,0.0,0.0,0.06,0.45,2.24,0.0,36.0,0.06,0.0,59.0,2021
0.5,1.9,1.9,6,3,3,35.0,3.1,3,20.0,4,0.17,0.29,0.17,0.29,4.0,0.28,0.37,0.56,1.87,3.0,31.0,0.37,0.28,44.0,1819
2.0,0.6,0.6,3,1,1,11.0,0.8,1,6.0,1,0.3,0.44,0.3,0.44,1.0,0.53,0.53,1.59,3.18,0.0,12.0,0.53,0.53,11.0,1920
0.0,2.0,2.0,5,1,1,21.0,3.0,1,9.0,1,0.16,0.24,0.16,0.24,4.0,0.08,0.08,0.4,0.73,2.0,43.0,0.08,0.08,39.0,2021
0.0,5.4,5.3,10,4,4,75.0,7.1,4,33.0,5,0.26,0.35,0.26,0.35,4.0,0.19,0.24,0.48,1.6,6.0,59.0,0.24,0.19,87.0,2122
1.8,4.9,4.9,12,3,3,75.0,7.2,3,33.0,5,0.18,0.26,0.18,0.26,8.0,0.11,0.18,0.44,1.2,4.0,56.0,0.18,0.11,81.0,2223
5.6,4.4,3.6,27,8,8,39.0,8.6,8,78.0,11,0.26,0.55,0.21,0.5,3.0,0.47,0.64,1.58,4.57,9.0,56.0,0.64,0.47,108.0,1920
3.3,5.6,4.9,20,8,8,69.0,15.0,7,66.0,20,0.27,0.76,0.23,0.72,1.0,0.38,0.96,0.96,3.17,4.0,64.0,0.91,0.34,178.0,2021
2.3,3.3,3.3,17,6,6,47.0,9.2,6,57.0,11,0.19,0.52,0.19,0.52,3.0,0.34,0.62,0.96,3.22,9.0,70.0,0.62,0.34,141.0,2122
1.1,0.6,0.6,6,1,1,8.0,2.6,1,19.0,3,0.1,0.43,0.1,0.43,0.0,0.16,0.49,0.98,3.09,1.0,21.0,0.49,0.16,36.0,2223
0.2,1.1,1.1,13,4,4,4.0,1.6,4,39.0,5,0.06,0.1,0.06,0.1,0.0,0.23,0.29,0.76,2.27,4.0,22.0,0.29,0.23,31.0,2324
1.5,0.5,0.5,3,0,0,13.0,1.5,0,10.0,0,0.08,0.24,0.08,0.24,1.0,0.0,0.0,0.5,1.67,0.0,15.0,0.0,0.0,46.0,1819
2.2,1.5,1.5,5,1,1,21.0,4.0,1,11.0,3,0.19,0.51,0.19,0.51,0.0,0.13,0.38,0.63,1.38,1.0,16.0,0.38,0.13,56.0,1819
2.1,2.2,1.4,5,1,1,20.0,5.9,0,25.0,5,0.13,0.38,0.08,0.33,2.0,0.06,0.28,0.28,1.41,1.0,39.0,0.23,0.0,97.0,1920
2.3,2.1,0.5,3,0,0,14.0,3.3,0,11.0,1,0.29,0.68,0.07,0.46,0.0,0.0,0.14,0.41,1.52,1.0,16.0,0.14,0.0,36.0,2021
0.4,1.7,1.7,3,1,1,44.0,5.1,1,18.0,2,0.06,0.17,0.06,0.17,1.0,0.03,0.07,0.1,0.59,1.0,46.0,0.07,0.03,134.0,1920
1.8,2.3,2.3,13,0,0,69.0,7.7,0,43.0,5,0.07,0.24,0.07,0.24,5.0,0.0,0.15,0.4,1.33,5.0,58.0,0.15,0.0,78.0,2324
3.7,4.7,4.7,25,7,7,99.0,18.1,7,51.0,21,0.13,0.51,0.13,0.51,10.0,0.2,0.6,0.71,1.45,4.0,52.0,0.6,0.2,279.0,1819
0.9,3.7,3.7,11,1,1,58.0,7.6,1,27.0,5,0.16,0.33,0.16,0.33,1.0,0.04,0.22,0.48,1.18,1.0,28.0,0.22,0.04,164.0,1920
2.7,0.9,0.9,6,0,0,22.0,2.9,0,13.0,2,0.09,0.28,0.09,0.28,0.0,0.0,0.19,0.58,1.26,2.0,12.0,0.19,0.0,71.0,2021
0.3,2.7,2.7,7,2,2,42.0,4.7,2,24.0,5,0.16,0.29,0.16,0.29,2.0,0.12,0.31,0.43,1.47,6.0,22.0,0.31,0.12,86.0,2122
0.0,0.3,0.3,1,0,0,9.0,0.7,0,6.0,0,0.09,0.2,0.09,0.2,1.0,0.0,0.0,0.29,1.73,1.0,7.0,0.0,0.0,23.0,2223
0.0,0.3,0.3,2,1,1,12.0,1.5,1,4.0,2,0.04,0.24,0.04,0.24,1.0,0.16,0.32,0.32,0.63,1.0,3.0,0.32,0.16,39.0,2021
2.0,0.9,0.9,3,0,0,11.0,1.4,0,11.0,0,0.14,0.21,0.14,0.21,0.0,0.0,0.0,0.47,1.72,3.0,21.0,0.0,0.0,31.0,2223
0.3,0.8,0.8,2,2,2,26.0,2.5,2,5.0,5,0.05,0.14,0.05,0.14,8.0,0.11,0.29,0.11,0.29,1.0,26.0,0.29,0.11,103.0,2021
1.6,0.3,0.3,1,0,0,39.0,3.0,0,6.0,2,0.03,0.26,0.03,0.26,5.0,0.0,0.17,0.09,0.52,0.0,33.0,0.17,0.0,80.0,2122
1.6,1.6,1.6,6,2,2,27.0,2.7,2,18.0,2,0.18,0.3,0.18,0.3,7.0,0.22,0.22,0.66,1.99,5.0,11.0,0.22,0.22,64.0,2223
2.3,2.6,2.6,7,1,1,45.0,3.5,1,32.0,2,0.12,0.16,0.12,0.16,2.0,0.05,0.09,0.32,1.45,5.0,24.0,0.09,0.05,37.0,2324
0.0,2.6,0.2,3,2,2,5.0,0.6,0,6.0,2,0.28,0.32,0.02,0.06,0.0,0.22,0.22,0.32,0.65,1.0,11.0,0.0,0.0,23.0,1819
9.9,8.4,6.0,23,7,7,83.0,11.9,6,55.0,13,0.33,0.57,0.24,0.48,5.0,0.28,0.52,0.92,2.19,4.0,46.0,0.48,0.24,193.0,1718
5.2,8.3,8.3,23,7,7,136.0,19.0,7,42.0,17,0.3,0.68,0.3,0.68,2.0,0.25,0.61,0.82,1.5,6.0,48.0,0.61,0.25,242.0,2223
4.0,5.2,5.2,14,2,2,80.0,8.5,2,33.0,4,0.32,0.52,0.32,0.52,3.0,0.12,0.24,0.85,2.01,5.0,28.0,0.24,0.12,160.0,2324
2.4,0.4,0.4,3,0,0,17.0,1.9,0,4.0,1,0.04,0.22,0.04,0.22,2.0,0.0,0.12,0.35,0.46,0.0,6.0,0.12,0.0,57.0,1819
0.0,2.4,2.4,7,1,1,31.0,3.8,1,18.0,4,0.12,0.2,0.12,0.2,8.0,0.05,0.21,0.37,0.94,2.0,38.0,0.21,0.05,107.0,1920
1.3,2.7,2.7,3,2,2,33.0,5.9,2,18.0,6,0.1,0.22,0.1,0.22,2.0,0.07,0.22,0.11,0.67,4.0,9.0,0.22,0.07,4.0,2122
1.4,1.3,1.3,2,0,0,22.0,1.9,0,10.0,0,0.06,0.09,0.06,0.09,0.0,0.0,0.0,0.09,0.45,3.0,1.0,0.0,0.0,2.0,2223
1.5,1.4,1.4,8,0,0,34.0,1.7,0,20.0,0,0.05,0.06,0.05,0.06,0.0,0.0,0.0,0.28,0.7,5.0,10.0,0.0,0.0,16.0,2324
5.1,2.0,2.0,10,2,2,3.0,4.2,2,61.0,4,0.06,0.12,0.06,0.12,0.0,0.06,0.12,0.29,1.8,6.0,17.0,0.12,0.06,23.0,1920
1.1,5.1,2.7,13,5,5,21.0,4.6,2,64.0,6,0.17,0.23,0.09,0.15,0.0,0.17,0.2,0.44,2.15,4.0,26.0,0.1,0.07,25.0,2021
5.2,1.1,1.1,16,4,4,6.0,4.3,4,42.0,6,0.04,0.14,0.04,0.14,1.0,0.14,0.2,0.54,1.42,4.0,33.0,0.2,0.14,19.0,2122
0.6,0.3,0.3,2,1,1,12.0,0.5,1,5.0,1,0.01,0.02,0.01,0.02,0.0,0.04,0.04,0.08,0.19,0.0,8.0,0.04,0.04,6.0,2021
1.4,1.8,1.8,7,0,0,26.0,8.2,0,41.0,5,0.06,0.26,0.06,0.26,1.0,0.0,0.16,0.22,1.31,4.0,53.0,0.16,0.0,68.0,2122
1.1,1.4,1.4,8,2,2,16.0,5.5,2,33.0,6,0.05,0.2,0.05,0.2,1.0,0.07,0.21,0.28,1.17,1.0,24.0,0.21,0.07,27.0,2223
2.4,1.1,1.1,9,0,0,15.0,4.1,0,35.0,3,0.05,0.2,0.05,0.2,1.0,0.0,0.15,0.45,1.73,4.0,24.0,0.15,0.0,24.0,2324
0.0,1.5,1.5,4,0,0,18.0,1.5,0,11.0,0,0.45,0.47,0.45,0.47,2.0,0.0,0.0,1.22,3.36,2.0,14.0,0.0,0.0,32.0,1819
0.1,0.3,0.3,1,0,0,19.0,1.9,0,10.0,1,0.02,0.09,0.02,0.09,2.0,0.0,0.05,0.05,0.48,3.0,34.0,0.05,0.0,91.0,2021
1.1,1.0,1.0,5,1,1,55.0,3.3,1,14.0,3,0.06,0.2,0.06,0.2,4.0,0.06,0.18,0.3,0.84,3.0,44.0,0.18,0.06,170.0,1920
0.0,1.1,1.1,6,1,1,47.0,3.0,1,23.0,2,0.08,0.22,0.08,0.22,1.0,0.07,0.14,0.43,1.65,5.0,43.0,0.14,0.07,115.0,2021
13.2,15.1,15.1,42,22,22,190.0,19.7,22,87.0,23,0.44,0.58,0.44,0.58,25.0,0.64,0.67,1.23,2.54,8.0,104.0,0.67,0.64,285.0,1819
14.1,13.2,13.2,36,18,18,201.0,19.8,18,77.0,25,0.43,0.65,0.43,0.65,14.0,0.59,0.82,1.18,2.52,3.0,100.0,0.82,0.59,286.0,1920
17.2,14.1,14.1,34,11,11,244.0,21.0,11,94.0,18,0.45,0.67,0.45,0.67,31.0,0.35,0.58,1.09,3.01,9.0,101.0,0.58,0.35,366.0,2021
8.9,17.2,17.2,37,16,16,201.0,22.5,16,98.0,18,0.55,0.72,0.55,0.72,19.0,0.51,0.57,1.18,3.13,17.0,104.0,0.57,0.51,305.0,2122
0.3,0.2,0.2,4,0,0,16.0,1.0,0,6.0,1,0.02,0.09,0.02,0.09,2.0,0.0,0.1,0.39,0.58,0.0,20.0,0.1,0.0,75.0,2324
0.3,0.3,0.3,2,2,2,7.0,1.2,2,3.0,3,0.02,0.1,0.02,0.1,0.0,0.18,0.27,0.18,0.27,0.0,8.0,0.27,0.18,3.0,2122
0.6,0.3,0.3,2,0,0,6.0,0.8,0,3.0,1,0.04,0.1,0.04,0.1,0.0,0.0,0.13,0.25,0.38,0.0,3.0,0.13,0.0,0.0,2324
0.5,0.1,0.1,2,0,0,8.0,1.0,0,5.0,0,0.01,0.06,0.01,0.06,0.0,0.0,0.0,0.13,0.32,0.0,19.0,0.0,0.0,79.0,1718
0.9,1.6,1.6,3,2,2,28.0,1.9,2,19.0,2,0.06,0.07,0.06,0.07,1.0,0.07,0.07,0.1,0.65,1.0,12.0,0.07,0.07,7.0,1819
0.4,0.9,0.9,3,2,2,17.0,1.4,2,9.0,3,0.07,0.11,0.07,0.11,0.0,0.16,0.24,0.24,0.72,0.0,7.0,0.24,0.16,10.0,1920
1.9,0.5,0.5,5,0,0,15.0,1.8,0,11.0,1,0.03,0.12,0.03,0.12,4.0,0.0,0.07,0.33,0.72,0.0,35.0,0.07,0.0,50.0,2021
0.6,1.9,1.9,6,2,2,53.0,2.9,2,27.0,2,0.08,0.11,0.08,0.11,1.0,0.08,0.08,0.23,1.05,4.0,26.0,0.08,0.08,47.0,2122
0.2,0.6,0.6,1,0,0,7.0,1.1,0,3.0,1,0.03,0.06,0.03,0.06,0.0,0.0,0.06,0.06,0.17,0.0,18.0,0.06,0.0,23.0,2223
0.3,0.2,0.2,2,0,0,3.0,1.2,0,5.0,0,0.01,0.09,0.01,0.09,2.0,0.0,0.0,0.15,0.38,0.0,13.0,0.0,0.0,24.0,2324
1.1,10.1,7.7,14,8,8,94.0,12.9,5,44.0,10,0.39,0.59,0.3,0.5,16.0,0.31,0.39,0.54,1.71,4.0,74.0,0.27,0.19,184.0,1819
1.8,10.4,10.4,27,11,11,132.0,13.4,11,89.0,18,0.36,0.46,0.36,0.46,20.0,0.38,0.62,0.93,3.08,7.0,98.0,0.62,0.38,154.0,1819
0.8,1.8,1.8,6,1,1,42.0,2.6,1,21.0,2,0.21,0.29,0.21,0.29,5.0,0.11,0.23,0.68,2.39,3.0,25.0,0.23,0.11,41.0,2122
0.0,0.2,0.2,1,0,0,8.0,1.6,0,6.0,3,0.01,0.09,0.01,0.09,0.0,0.0,0.18,0.06,0.36,0.0,11.0,0.18,0.0,52.0,2122
0.8,2.6,1.8,7,2,2,29.0,3.0,2,19.0,3,0.17,0.24,0.12,0.19,1.0,0.13,0.19,0.45,1.23,7.0,29.0,0.19,0.13,88.0,2122
0.0,0.8,0.8,3,0,0,18.0,1.4,0,9.0,0,0.14,0.26,0.14,0.26,2.0,0.0,0.0,0.55,1.65,3.0,9.0,0.0,0.0,51.0,2223
0.6,1.4,1.4,2,0,0,37.0,1.7,0,15.0,0,0.1,0.12,0.1,0.12,1.0,0.0,0.0,0.14,1.04,3.0,13.0,0.0,0.0,58.0,1920
1.1,1.3,1.3,4,2,2,26.0,1.7,2,9.0,2,0.4,0.52,0.4,0.52,2.0,0.62,0.62,1.24,2.78,1.0,17.0,0.62,0.62,44.0,2021
2.5,2.3,2.3,7,1,1,49.0,2.9,1,28.0,2,0.23,0.3,0.23,0.3,1.0,0.1,0.2,0.71,2.85,1.0,37.0,0.2,0.1,67.0,2223
0.7,2.6,2.6,18,4,4,22.0,5.2,4,43.0,8,0.13,0.26,0.13,0.26,5.0,0.2,0.39,0.89,2.12,7.0,52.0,0.39,0.2,124.0,1819
0.5,0.7,0.7,3,1,1,5.0,1.1,1,6.0,1,0.28,0.43,0.28,0.43,1.0,0.39,0.39,1.17,2.34,0.0,5.0,0.39,0.39,11.0,1920
1.2,3.0,3.0,5,2,2,28.0,4.0,2,17.0,3,0.38,0.52,0.38,0.52,0.0,0.25,0.38,0.64,2.17,1.0,8.0,0.38,0.25,32.0,1819
0.0,1.2,1.2,3,0,0,20.0,2.0,0,12.0,1,0.16,0.27,0.16,0.27,0.0,0.0,0.13,0.4,1.59,2.0,10.0,0.13,0.0,42.0,1920
1.3,0.7,0.7,2,1,1,10.0,1.0,1,5.0,1,0.04,0.06,0.04,0.06,1.0,0.06,0.06,0.12,0.29,0.0,8.0,0.06,0.06,11.0,1920
0.5,1.3,1.3,3,1,1,22.0,2.0,1,11.0,1,0.05,0.08,0.05,0.08,3.0,0.04,0.04,0.12,0.45,0.0,11.0,0.04,0.04,23.0,2021
4.1,1.7,1.7,13,4,4,41.0,3.5,4,30.0,6,0.15,0.31,0.15,0.31,4.0,0.35,0.53,1.14,2.64,1.0,28.0,0.53,0.35,124.0,1819
2.5,4.1,4.1,8,2,2,59.0,7.8,2,31.0,5,0.3,0.58,0.3,0.58,7.0,0.15,0.37,0.6,2.31,2.0,32.0,0.37,0.15,116.0,1920
0.1,2.5,2.5,7,1,1,43.0,3.2,1,25.0,1,0.19,0.24,0.19,0.24,4.0,0.08,0.08,0.53,1.91,2.0,21.0,0.08,0.08,90.0,2021
0.3,2.9,2.9,10,4,4,49.0,5.9,4,37.0,4,0.19,0.39,0.19,0.39,7.0,0.26,0.26,0.66,2.44,4.0,43.0,0.26,0.26,115.0,2223
1.8,1.1,1.1,3,1,1,33.0,1.6,1,22.0,2,0.04,0.06,0.04,0.06,6.0,0.04,0.08,0.12,0.86,1.0,43.0,0.08,0.04,32.0,2324
2.4,3.4,3.4,11,3,3,107.0,7.8,3,48.0,5,0.15,0.34,0.15,0.34,12.0,0.13,0.22,0.48,2.11,3.0,77.0,0.22,0.13,213.0,1920
4.6,2.4,2.4,10,4,4,90.0,5.4,4,31.0,6,0.16,0.36,0.16,0.36,16.0,0.26,0.4,0.66,2.04,2.0,46.0,0.4,0.26,177.0,2021
6.5,4.6,4.6,7,3,3,111.0,9.3,3,32.0,6,0.31,0.63,0.31,0.63,12.0,0.2,0.41,0.47,2.16,2.0,47.0,0.41,0.2,164.0,2122
1.7,6.5,6.5,17,6,6,143.0,10.8,6,60.0,11,0.25,0.41,0.25,0.41,11.0,0.23,0.42,0.65,2.31,2.0,66.0,0.42,0.23,261.0,2223
2.7,1.7,1.7,8,1,1,59.0,3.9,1,28.0,4,0.15,0.35,0.15,0.35,7.0,0.09,0.35,0.71,2.48,5.0,29.0,0.35,0.09,135.0,2324
1.4,0.5,0.5,1,0,0,9.0,0.5,0,6.0,0,0.1,0.1,0.1,0.1,0.0,0.0,0.0,0.19,1.14,0.0,8.0,0.0,0.0,21.0,2021
0.0,1.4,1.4,2,0,0,22.0,1.5,0,9.0,0,0.3,0.33,0.3,0.33,6.0,0.0,0.0,0.36,1.62,2.0,14.0,0.0,0.0,44.0,2021
1.3,2.4,2.4,9,3,3,37.0,3.3,3,19.0,3,0.12,0.17,0.12,0.17,1.0,0.16,0.16,0.47,0.99,5.0,9.0,0.16,0.16,8.0,2324
0.0,0.2,0.2,1,0,0,14.0,2.3,0,6.0,1,0.04,0.44,0.04,0.44,2.0,0.0,0.19,0.19,1.15,0.0,17.0,0.19,0.0,74.0,1819
2.4,0.0,0.0,1,0,0,3.0,0.4,0,1.0,0,0.01,0.15,0.01,0.15,2.0,0.0,0.0,0.38,0.38,0.0,8.0,0.0,0.0,21.0,1819
2.6,2.4,2.4,9,3,3,51.0,4.3,3,28.0,4,0.15,0.26,0.15,0.26,6.0,0.18,0.24,0.54,1.69,2.0,58.0,0.24,0.18,162.0,1920
0.0,2.6,1.9,5,1,1,24.0,3.0,1,14.0,2,0.39,0.57,0.28,0.45,5.0,0.15,0.3,0.74,2.08,2.0,12.0,0.3,0.15,68.0,2324
0.1,0.7,0.7,4,1,1,23.0,2.0,1,9.0,3,0.08,0.23,0.08,0.23,1.0,0.11,0.33,0.44,1.0,0.0,17.0,0.33,0.11,64.0,2324
2.7,3.4,2.6,14,3,3,53.0,7.4,3,40.0,5,0.24,0.58,0.18,0.52,2.0,0.21,0.35,0.98,2.81,3.0,35.0,0.35,0.21,134.0,1819
1.8,2.7,2.7,11,1,1,53.0,4.1,1,39.0,2,0.18,0.27,0.18,0.27,4.0,0.07,0.13,0.73,2.59,4.0,43.0,0.13,0.07,130.0,1920
0.4,1.8,1.8,8,4,4,43.0,2.4,4,25.0,5,0.16,0.22,0.16,0.22,5.0,0.37,0.47,0.75,2.33,0.0,49.0,0.47,0.37,80.0,2021
6.0,5.6,5.6,21,4,4,107.0,10.3,4,54.0,9,0.24,0.45,0.24,0.45,9.0,0.17,0.39,0.91,2.34,4.0,42.0,0.39,0.17,215.0,2324
0.3,2.3,2.3,9,2,2,47.0,4.2,2,26.0,5,0.13,0.23,0.13,0.23,4.0,0.11,0.27,0.49,1.42,4.0,24.0,0.27,0.11,93.0,1819
0.1,0.3,0.3,1,0,0,10.0,0.9,0,5.0,0,0.05,0.16,0.05,0.16,1.0,0.0,0.0,0.17,0.86,1.0,16.0,0.0,0.0,42.0,1920
1.7,1.8,1.8,6,0,0,15.0,2.2,0,14.0,1,0.11,0.13,0.11,0.13,0.0,0.0,0.06,0.36,0.83,1.0,22.0,0.06,0.0,16.0,2122
1.8,1.7,1.7,5,0,0,33.0,2.7,0,22.0,2,0.07,0.1,0.07,0.1,0.0,0.0,0.08,0.19,0.83,0.0,24.0,0.08,0.0,45.0,2223
0.0,0.2,0.2,1,0,0,2.0,0.2,0,2.0,0,0.02,0.03,0.02,0.03,0.0,0.0,0.0,0.14,0.28,0.0,5.0,0.0,0.0,0.0,2021
2.1,1.1,1.1,9,0,0,43.0,4.0,0,25.0,2,0.05,0.18,0.05,0.18,1.0,0.0,0.09,0.4,1.12,4.0,35.0,0.09,0.0,122.0,2324
1.7,0.4,0.4,1,0,0,5.0,0.6,0,4.0,0,0.05,0.08,0.05,0.08,2.0,0.0,0.0,0.12,0.5,1.0,6.0,0.0,0.0,8.0,2122
1.3,1.7,1.7,7,2,2,15.0,3.5,2,21.0,3,0.07,0.15,0.07,0.15,0.0,0.09,0.13,0.3,0.91,4.0,21.0,0.13,0.09,31.0,2223
1.3,1.3,1.3,5,1,1,28.0,3.6,1,30.0,3,0.05,0.13,0.05,0.13,3.0,0.04,0.11,0.19,1.13,4.0,20.0,0.11,0.04,73.0,2324
0.3,1.7,1.7,4,1,1,12.0,1.8,1,7.0,1,0.44,0.48,0.44,0.48,1.0,0.26,0.26,1.05,1.84,1.0,11.0,0.26,0.26,20.0,2324
1.9,1.2,0.4,1,1,1,31.0,1.6,0,9.0,2,0.1,0.19,0.04,0.13,2.0,0.08,0.16,0.08,0.72,1.0,24.0,0.08,0.0,33.0,2021
0.4,1.9,1.9,3,1,1,41.0,4.3,1,25.0,3,0.06,0.13,0.06,0.13,2.0,0.03,0.09,0.09,0.75,0.0,23.0,0.09,0.03,29.0,2324
2.6,3.5,3.5,12,1,1,35.0,6.8,1,43.0,4,0.16,0.31,0.16,0.31,1.0,0.05,0.18,0.54,1.95,6.0,30.0,0.18,0.05,80.0,2324
2.5,2.1,2.1,10,0,0,37.0,3.8,0,24.0,1,0.26,0.48,0.26,0.48,5.0,0.0,0.13,1.26,3.01,2.0,19.0,0.13,0.0,81.0,1718
4.7,2.5,2.5,12,0,0,57.0,3.8,0,42.0,0,0.22,0.32,0.22,0.32,9.0,0.0,0.0,1.02,3.58,3.0,35.0,0.0,0.0,89.0,1819
2.2,4.7,3.9,17,3,3,51.0,5.8,3,43.0,4,0.32,0.45,0.27,0.4,10.0,0.21,0.28,1.17,2.96,2.0,40.0,0.28,0.21,94.0,1920
3.0,2.2,2.2,18,5,5,45.0,2.7,5,30.0,6,0.16,0.19,0.16,0.19,12.0,0.35,0.42,1.26,2.1,5.0,40.0,0.42,0.35,74.0,2021
3.7,3.0,3.0,13,3,3,59.0,3.9,3,50.0,3,0.18,0.24,0.18,0.24,11.0,0.18,0.18,0.8,3.08,7.0,52.0,0.18,0.18,107.0,2122
4.1,3.7,3.0,18,1,1,81.0,5.6,1,51.0,4,0.19,0.32,0.15,0.28,16.0,0.05,0.2,0.9,2.54,7.0,65.0,0.2,0.05,209.0,2324
0.4,1.2,1.2,7,1,1,14.0,7.5,1,29.0,8,0.04,0.22,0.04,0.22,0.0,0.03,0.24,0.21,0.87,3.0,50.0,0.24,0.03,38.0,1920
4.1,0.4,0.4,3,0,0,9.0,1.7,0,10.0,0,0.03,0.12,0.03,0.12,0.0,0.0,0.0,0.2,0.68,0.0,15.0,0.0,0.0,15.0,2021
2.4,4.1,4.1,11,5,5,27.0,8.1,5,37.0,7,0.14,0.28,0.14,0.28,3.0,0.17,0.24,0.38,1.28,6.0,33.0,0.24,0.17,46.0,2122
0.7,2.4,2.4,14,2,2,33.0,8.1,2,32.0,9,0.08,0.27,0.08,0.27,5.0,0.07,0.3,0.46,1.06,6.0,41.0,0.3,0.07,86.0,2223
0.2,0.5,0.5,5,1,1,3.0,0.9,1,18.0,3,0.03,0.05,0.03,0.05,0.0,0.06,0.17,0.29,1.04,3.0,12.0,0.17,0.06,17.0,1718
0.0,0.5,0.5,4,2,2,5.0,1.8,2,15.0,3,0.04,0.16,0.04,0.16,0.0,0.17,0.26,0.34,1.28,0.0,9.0,0.26,0.17,11.0,1819
1.5,0.2,0.2,2,0,0,1.0,0.7,0,7.0,1,0.06,0.18,0.06,0.18,0.0,0.0,0.25,0.51,1.78,1.0,2.0,0.25,0.0,5.0,2021
1.2,1.5,1.5,11,1,1,10.0,3.2,1,46.0,1,0.06,0.13,0.06,0.13,0.0,0.04,0.04,0.45,1.89,7.0,20.0,0.04,0.04,18.0,2122
0.0,1.2,1.2,7,1,1,7.0,1.9,1,28.0,2,0.06,0.11,0.06,0.11,1.0,0.06,0.11,0.39,1.54,1.0,9.0,0.11,0.06,14.0,2223
2.5,3.7,3.7,5,1,1,58.0,5.7,1,32.0,3,0.12,0.19,0.12,0.19,1.0,0.03,0.1,0.17,1.07,3.0,45.0,0.1,0.03,50.0,2122
1.9,2.5,2.5,7,3,3,58.0,4.6,3,25.0,5,0.09,0.17,0.09,0.17,4.0,0.11,0.18,0.26,0.92,2.0,38.0,0.18,0.11,58.0,2223
4.6,1.9,1.9,7,2,2,32.0,3.8,2,17.0,2,0.1,0.21,0.1,0.21,1.0,0.11,0.11,0.38,0.93,3.0,22.0,0.11,0.11,48.0,2324
6.1,8.1,7.9,22,7,7,76.0,11.8,7,43.0,12,0.39,0.58,0.38,0.58,13.0,0.34,0.58,1.07,2.09,2.0,55.0,0.58,0.34,133.0,1819
9.2,6.1,6.1,14,6,6,73.0,9.5,6,47.0,9,0.28,0.44,0.28,0.44,11.0,0.28,0.42,0.65,2.18,5.0,58.0,0.42,0.28,180.0,1920
8.5,9.2,8.4,21,12,12,70.0,10.3,11,44.0,15,0.34,0.41,0.31,0.38,11.0,0.45,0.56,0.78,1.64,5.0,70.0,0.52,0.41,135.0,2021
0.0,0.5,0.5,2,0,0,18.0,2.6,0,6.0,1,0.05,0.22,0.05,0.22,1.0,0.0,0.08,0.17,0.5,1.0,11.0,0.08,0.0,76.0,1920
0.9,0.3,0.3,3,1,1,10.0,0.6,1,7.0,1,0.03,0.07,0.03,0.07,0.0,0.12,0.12,0.35,0.83,1.0,19.0,0.12,0.12,8.0,2021
0.4,0.9,0.9,1,0,0,16.0,1.4,0,13.0,1,0.03,0.05,0.03,0.05,2.0,0.0,0.04,0.04,0.49,1.0,26.0,0.04,0.0,20.0,2122
2.9,3.5,3.5,10,4,4,48.0,6.0,4,28.0,5,0.34,0.58,0.34,0.58,8.0,0.39,0.49,0.97,2.72,2.0,23.0,0.49,0.39,45.0,2223
0.7,2.1,2.1,7,2,2,38.0,4.5,2,23.0,5,0.4,0.84,0.4,0.84,3.0,0.38,0.94,1.32,4.32,2.0,14.0,0.94,0.38,58.0,2021
3.4,0.7,0.7,2,1,1,9.0,1.2,1,3.0,1,0.18,0.31,0.18,0.31,4.0,0.27,0.27,0.54,0.82,0.0,12.0,0.27,0.27,26.0,2122
4.1,3.4,3.4,11,1,1,48.0,4.1,1,21.0,3,0.47,0.58,0.47,0.58,4.0,0.14,0.42,1.54,2.93,6.0,28.0,0.42,0.14,58.0,2223
6.6,10.4,10.4,29,16,16,118.0,14.0,16,68.0,21,0.44,0.59,0.44,0.59,3.0,0.67,0.88,1.22,2.87,4.0,79.0,0.88,0.67,166.0,2021
0.3,6.6,5.0,13,6,6,66.0,7.5,5,36.0,7,0.49,0.67,0.37,0.55,2.0,0.44,0.52,0.96,2.65,6.0,48.0,0.44,0.37,78.0,2122
0.2,1.1,1.1,2,2,2,7.0,2.0,2,4.0,2,0.57,1.09,0.57,1.09,2.0,1.08,1.08,1.08,2.17,0.0,2.0,1.08,1.08,9.0,2324
0.2,1.7,1.7,11,3,3,20.0,2.4,3,26.0,4,0.11,0.16,0.11,0.16,0.0,0.2,0.27,0.73,1.73,0.0,33.0,0.27,0.2,60.0,1819
2.1,0.9,0.9,6,2,2,12.0,1.4,2,11.0,3,0.13,0.2,0.13,0.2,1.0,0.3,0.45,0.89,1.63,1.0,15.0,0.45,0.3,39.0,2021
5.1,2.1,2.1,7,1,1,32.0,3.0,1,20.0,1,0.2,0.29,0.2,0.29,0.0,0.1,0.1,0.68,1.94,3.0,23.0,0.1,0.1,45.0,2122
7.0,4.8,4.8,20,8,8,87.0,8.5,8,63.0,14,0.2,0.35,0.2,0.35,9.0,0.33,0.58,0.83,2.62,7.0,62.0,0.58,0.33,222.0,2122
1.8,7.0,3.9,23,6,6,94.0,8.4,2,69.0,9,0.31,0.5,0.17,0.36,7.0,0.26,0.39,1.0,3.0,8.0,53.0,0.22,0.09,237.0,2223
1.6,1.8,1.0,5,0,0,35.0,2.5,0,18.0,1,0.27,0.47,0.15,0.36,1.0,0.0,0.15,0.73,2.61,0.0,14.0,0.15,0.0,70.0,2324
2.0,1.6,1.6,9,3,3,36.0,5.2,3,25.0,6,0.19,0.61,0.19,0.61,7.0,0.35,0.7,1.05,2.92,2.0,23.0,0.7,0.35,113.0,2324
5.0,2.7,2.7,8,2,2,53.0,5.5,2,53.0,5,0.08,0.16,0.08,0.16,5.0,0.06,0.14,0.23,1.51,3.0,41.0,0.14,0.06,89.0,1718
4.7,5.0,4.1,19,4,4,66.0,5.4,4,51.0,5,0.15,0.19,0.13,0.17,7.0,0.12,0.15,0.58,1.57,5.0,46.0,0.15,0.12,109.0,1819
0.3,2.8,1.9,12,2,2,56.0,3.7,2,32.0,3,0.12,0.2,0.08,0.16,7.0,0.09,0.13,0.53,1.42,2.0,34.0,0.13,0.09,93.0,2021
1.5,2.4,2.4,9,3,3,31.0,3.0,3,21.0,4,0.2,0.25,0.2,0.25,2.0,0.25,0.33,0.74,1.72,4.0,22.0,0.33,0.25,47.0,2223
2.8,1.5,1.5,4,1,1,36.0,4.6,1,16.0,5,0.1,0.3,0.1,0.3,2.0,0.07,0.33,0.26,1.05,1.0,27.0,0.33,0.07,43.0,2324
1.5,0.0,0.0,1,0,0,4.0,1.6,0,2.0,1,0.0,0.15,0.0,0.15,0.0,0.0,0.09,0.09,0.18,0.0,13.0,0.09,0.0,11.0,1718
1.1,1.5,1.5,4,2,2,11.0,2.3,2,9.0,2,0.14,0.21,0.14,0.21,0.0,0.18,0.18,0.36,0.82,0.0,18.0,0.18,0.18,32.0,1819
1.8,1.1,1.1,4,1,1,26.0,1.6,1,17.0,2,0.05,0.08,0.05,0.08,2.0,0.05,0.1,0.19,0.82,0.0,33.0,0.1,0.05,42.0,1920
4.7,1.8,1.8,7,3,3,40.0,3.0,3,19.0,3,0.08,0.13,0.08,0.13,1.0,0.13,0.13,0.3,0.81,1.0,36.0,0.13,0.13,83.0,2021
0.1,4.7,2.3,7,5,5,36.0,6.3,2,29.0,9,0.14,0.26,0.07,0.19,1.0,0.15,0.27,0.21,0.88,4.0,43.0,0.18,0.06,57.0,2122
1.6,1.7,0.9,3,2,2,23.0,2.3,1,15.0,2,0.13,0.23,0.07,0.18,0.0,0.15,0.15,0.23,1.13,2.0,17.0,0.08,0.08,33.0,2223
1.2,1.6,1.6,3,1,1,23.0,2.4,1,13.0,1,0.13,0.19,0.13,0.19,0.0,0.08,0.08,0.24,1.04,6.0,11.0,0.08,0.08,27.0,2324
0.8,0.2,0.2,1,0,0,9.0,0.9,0,6.0,1,0.03,0.13,0.03,0.13,0.0,0.0,0.14,0.14,0.81,3.0,1.0,0.14,0.0,0.0,1819
0.3,0.8,0.8,2,0,0,22.0,1.2,0,8.0,1,0.06,0.09,0.06,0.09,0.0,0.0,0.07,0.14,0.57,1.0,5.0,0.07,0.0,2.0,1920
2.2,1.5,1.5,6,2,2,16.0,1.5,2,15.0,2,0.15,0.16,0.15,0.16,1.0,0.21,0.21,0.62,1.56,1.0,14.0,0.21,0.21,12.0,1819
2.1,2.2,2.2,10,4,4,22.0,3.2,4,29.0,5,0.11,0.16,0.11,0.16,0.0,0.2,0.25,0.51,1.47,4.0,36.0,0.25,0.2,27.0,1920
1.4,2.1,2.1,7,4,4,33.0,3.8,4,26.0,5,0.09,0.16,0.09,0.16,1.0,0.17,0.21,0.3,1.1,2.0,41.0,0.21,0.17,26.0,2021
1.9,1.4,1.4,7,1,1,27.0,2.9,1,27.0,2,0.05,0.11,0.05,0.11,1.0,0.04,0.08,0.26,1.02,1.0,44.0,0.08,0.04,37.0,2122
5.7,1.9,1.9,6,1,1,25.0,2.5,1,13.0,1,0.15,0.19,0.15,0.19,0.0,0.08,0.08,0.47,1.01,2.0,24.0,0.08,0.08,19.0,2223
0.1,5.7,5.7,19,7,7,53.0,6.6,7,44.0,8,0.27,0.31,0.27,0.31,6.0,0.33,0.38,0.9,2.08,4.0,29.0,0.38,0.33,47.0,2324
0.4,0.4,0.4,2,0,0,79.0,6.3,0,9.0,5,0.02,0.3,0.02,0.3,10.0,0.0,0.24,0.1,0.43,0.0,31.0,0.24,0.0,179.0,1819
0.0,0.3,0.3,1,1,1,29.0,1.7,1,6.0,2,0.02,0.11,0.02,0.11,2.0,0.06,0.13,0.06,0.38,0.0,19.0,0.13,0.06,61.0,2021
1.3,4.1,4.1,9,4,4,48.0,5.1,4,22.0,5,0.17,0.21,0.17,0.21,4.0,0.16,0.2,0.37,0.89,2.0,25.0,0.2,0.16,86.0,2223
0.8,1.3,1.3,5,1,1,27.0,2.4,1,13.0,1,0.06,0.1,0.06,0.1,1.0,0.04,0.04,0.21,0.54,2.0,19.0,0.04,0.04,30.0,2324
1.4,1.4,1.4,7,1,1,7.0,2.5,1,25.0,2,0.09,0.17,0.09,0.17,0.0,0.07,0.13,0.46,1.63,2.0,26.0,0.13,0.07,12.0,1920
0.7,1.4,1.4,5,0,0,16.0,2.3,0,15.0,1,0.09,0.15,0.09,0.15,0.0,0.0,0.06,0.32,0.96,1.0,17.0,0.06,0.0,18.0,2021
3.6,0.7,0.7,2,1,1,14.0,1.6,1,15.0,2,0.05,0.1,0.05,0.1,0.0,0.06,0.12,0.12,0.92,1.0,22.0,0.12,0.06,15.0,2122
6.6,3.6,3.6,7,1,1,76.0,6.9,1,33.0,5,0.13,0.25,0.13,0.25,5.0,0.04,0.18,0.25,1.18,7.0,37.0,0.18,0.04,115.0,2223
0.6,6.6,6.6,15,6,6,90.0,8.8,6,41.0,8,0.22,0.29,0.22,0.29,2.0,0.2,0.26,0.49,1.34,3.0,34.0,0.26,0.2,116.0,2324
1.1,1.5,1.5,5,1,1,27.0,1.5,1,18.0,2,0.07,0.07,0.06,0.06,2.0,0.04,0.09,0.22,0.78,2.0,7.0,0.09,0.04,4.0,2021
0.4,1.1,1.1,4,1,1,26.0,1.3,1,13.0,1,0.05,0.06,0.05,0.06,2.0,0.04,0.04,0.18,0.58,0.0,5.0,0.04,0.04,5.0,2122
0.8,0.4,0.4,3,1,1,16.0,0.5,1,4.0,1,0.02,0.02,0.02,0.02,0.0,0.05,0.05,0.14,0.19,0.0,5.0,0.05,0.05,6.0,2223
1.2,0.8,0.8,4,0,0,14.0,1.2,0,10.0,0,0.05,0.07,0.05,0.07,1.0,0.0,0.0,0.25,0.63,1.0,9.0,0.0,0.0,2.0,2324
4.5,6.2,5.4,13,3,3,53.0,5.7,2,39.0,3,0.49,0.52,0.43,0.46,7.0,0.24,0.24,1.04,3.12,3.0,44.0,0.16,0.16,55.0,2021
0.0,0.6,0.6,2,1,1,18.0,0.7,1,7.0,1,0.02,0.03,0.02,0.03,0.0,0.04,0.04,0.07,0.26,0.0,24.0,0.04,0.04,3.0,2122
0.3,1.2,1.2,2,0,0,17.0,1.9,0,10.0,0,0.07,0.12,0.07,0.12,1.0,0.0,0.0,0.13,0.64,1.0,5.0,0.0,0.0,5.0,1819
2.0,8.7,7.2,21,10,10,128.0,9.6,9,54.0,11,0.35,0.45,0.29,0.38,7.0,0.38,0.42,0.81,2.08,3.0,72.0,0.38,0.35,111.0,2122
1.0,2.0,2.0,7,2,2,43.0,3.0,2,12.0,5,0.28,0.43,0.28,0.43,3.0,0.29,0.71,1.0,1.71,2.0,26.0,0.71,0.29,32.0,2223
0.1,0.7,0.7,6,3,3,15.0,2.6,3,13.0,6,0.03,0.12,0.03,0.12,1.0,0.14,0.28,0.28,0.6,1.0,25.0,0.28,0.14,41.0,1920
0.8,0.1,0.1,3,1,1,11.0,1.2,1,3.0,1,0.0,0.07,0.0,0.07,0.0,0.06,0.06,0.17,0.17,0.0,17.0,0.06,0.06,34.0,2021
0.9,0.8,0.8,2,1,1,9.0,1.8,1,6.0,1,0.1,0.21,0.1,0.21,0.0,0.12,0.12,0.24,0.71,2.0,8.0,0.12,0.12,17.0,2122
0.0,0.9,0.9,4,4,4,21.0,1.8,4,9.0,5,0.06,0.11,0.06,0.11,0.0,0.25,0.32,0.25,0.57,1.0,12.0,0.32,0.25,39.0,2223
1.1,0.3,0.2,1,0,0,11.0,1.4,0,5.0,0,0.02,0.1,0.01,0.09,0.0,0.0,0.0,0.07,0.33,1.0,12.0,0.0,0.0,31.0,1819
0.8,1.1,1.1,8,1,1,19.0,6.4,1,25.0,4,0.04,0.21,0.04,0.21,1.0,0.03,0.13,0.26,0.82,3.0,34.0,0.13,0.03,72.0,1920
0.0,0.8,0.8,8,1,1,24.0,3.1,1,15.0,4,0.04,0.16,0.04,0.16,0.0,0.05,0.21,0.43,0.8,2.0,19.0,0.21,0.05,67.0,2021
0.2,2.1,2.1,5,3,3,9.0,2.5,3,14.0,4,0.25,0.29,0.25,0.29,0.0,0.35,0.47,0.58,1.63,1.0,10.0,0.47,0.35,25.0,2122
0.4,0.7,0.7,1,0,0,7.0,1.3,0,3.0,1,0.04,0.07,0.04,0.07,0.0,0.0,0.06,0.06,0.17,1.0,10.0,0.06,0.0,1.0,2021
0.1,0.3,0.3,1,0,0,3.0,0.4,0,2.0,0,0.05,0.07,0.05,0.07,0.0,0.0,0.0,0.15,0.3,0.0,1.0,0.0,0.0,0.0,2223
0.0,0.1,0.1,2,0,0,6.0,0.2,0,4.0,0,0.01,0.01,0.01,0.01,2.0,0.0,0.0,0.09,0.18,1.0,15.0,0.0,0.0,5.0,2324
0.7,0.3,0.3,1,0,0,11.0,0.5,0,5.0,0,0.01,0.02,0.01,0.02,0.0,0.0,0.0,0.05,0.24,0.0,11.0,0.0,0.0,3.0,2021
1.2,0.7,0.7,3,0,0,13.0,1.1,0,9.0,1,0.03,0.05,0.03,0.05,1.0,0.0,0.05,0.14,0.41,1.0,8.0,0.05,0.0,3.0,2122
1.3,0.9,0.9,2,1,1,17.0,1.0,1,12.0,1,0.07,0.08,0.07,0.08,1.0,0.08,0.08,0.15,0.92,0.0,5.0,0.08,0.08,3.0,1819
0.4,1.3,1.3,3,0,0,10.0,1.3,0,9.0,0,0.08,0.08,0.08,0.08,3.0,0.0,0.0,0.18,0.54,0.0,6.0,0.0,0.0,7.0,1920
0.0,0.3,0.3,3,0,0,7.0,0.6,0,7.0,0,0.03,0.06,0.03,0.06,2.0,0.0,0.0,0.31,0.72,1.0,27.0,0.0,0.0,26.0,1920
2.9,3.4,3.4,13,3,3,49.0,7.0,3,46.0,10,0.13,0.28,0.13,0.28,0.0,0.12,0.4,0.52,1.84,4.0,38.0,0.4,0.12,123.0,1920
1.8,9.3,7.7,22,7,7,108.0,11.3,6,82.0,12,0.27,0.38,0.22,0.33,3.0,0.21,0.35,0.64,2.4,2.0,61.0,0.32,0.18,233.0,2223
5.1,0.5,0.5,4,1,1,7.0,0.9,1,4.0,3,0.2,0.36,0.2,0.36,1.0,0.39,1.18,1.57,1.57,2.0,12.0,1.18,0.39,17.0,2021
1.0,5.1,4.4,16,6,6,46.0,5.0,5,37.0,6,0.51,0.58,0.43,0.5,2.0,0.6,0.6,1.59,3.68,2.0,35.0,0.5,0.5,47.0,2122
3.5,0.4,0.4,4,0,0,16.0,0.8,0,11.0,1,0.06,0.11,0.06,0.11,1.0,0.0,0.15,0.6,1.64,0.0,29.0,0.15,0.0,36.0,2324
1.2,2.3,2.3,8,4,4,73.0,6.9,4,27.0,5,0.07,0.21,0.07,0.21,7.0,0.12,0.15,0.25,0.83,2.0,56.0,0.15,0.12,241.0,1819
2.7,0.6,0.6,1,1,1,12.0,0.7,1,5.0,1,0.08,0.1,0.08,0.1,0.0,0.13,0.13,0.13,0.65,0.0,8.0,0.13,0.13,3.0,2223
2.0,2.7,2.7,11,3,3,34.0,3.0,3,25.0,3,0.08,0.09,0.08,0.09,0.0,0.1,0.1,0.35,0.79,5.0,11.0,0.1,0.1,6.0,2324
0.5,0.1,0.1,1,0,0,9.0,1.1,0,4.0,2,0.02,0.18,0.02,0.18,1.0,0.0,0.32,0.16,0.64,0.0,12.0,0.32,0.0,29.0,1819
1.1,0.5,0.5,4,1,1,52.0,3.9,1,13.0,6,0.02,0.13,0.02,0.13,6.0,0.03,0.2,0.13,0.43,0.0,54.0,0.2,0.03,205.0,1920
0.8,0.8,0.8,2,0,0,23.0,2.3,0,11.0,1,0.07,0.2,0.07,0.2,1.0,0.0,0.09,0.18,0.98,2.0,15.0,0.09,0.0,53.0,2122
0.2,0.8,0.8,3,1,1,13.0,1.8,1,9.0,1,0.04,0.08,0.04,0.08,0.0,0.05,0.05,0.14,0.42,0.0,31.0,0.05,0.05,50.0,2223
13.1,9.4,9.4,32,10,10,157.0,16.3,10,66.0,15,0.48,0.83,0.48,0.83,12.0,0.51,0.77,1.63,3.37,9.0,45.0,0.77,0.51,236.0,1819
8.0,13.1,13.1,40,12,12,207.0,25.2,12,95.0,22,0.54,1.03,0.54,1.03,16.0,0.49,0.9,1.64,3.9,10.0,53.0,0.9,0.49,337.0,1920
8.5,8.0,8.0,27,10,10,127.0,14.1,10,59.0,12,0.44,0.77,0.44,0.77,6.0,0.55,0.66,1.48,3.23,4.0,52.0,0.66,0.55,216.0,2021
11.2,8.5,8.5,26,14,14,152.0,16.9,14,68.0,19,0.35,0.7,0.35,0.7,15.0,0.58,0.78,1.07,2.8,10.0,62.0,0.78,0.58,313.0,2122
2.4,11.2,10.4,40,14,14,146.0,15.7,13,81.0,19,0.52,0.76,0.48,0.73,9.0,0.65,0.88,1.85,3.76,10.0,51.0,0.83,0.6,217.0,2223
7.5,2.4,2.4,6,3,3,34.0,3.7,3,17.0,4,0.51,0.77,0.51,0.77,1.0,0.62,0.83,1.25,3.54,5.0,11.0,0.83,0.62,49.0,2324
6.6,6.4,6.4,22,5,5,98.0,11.0,5,76.0,8,0.24,0.41,0.24,0.41,12.0,0.19,0.3,0.83,2.85,13.0,64.0,0.3,0.19,161.0,1819
6.9,6.6,6.6,25,7,7,114.0,11.3,7,87.0,11,0.2,0.34,0.2,0.34,8.0,0.21,0.33,0.74,2.59,7.0,81.0,0.33,0.21,144.0,1920
6.8,7.3,7.3,31,11,11,117.0,13.5,11,75.0,21,0.21,0.39,0.21,0.39,4.0,0.32,0.61,0.9,2.18,11.0,99.0,0.61,0.32,191.0,2122
0.5,2.8,2.8,17,1,1,55.0,5.3,1,43.0,3,0.21,0.39,0.21,0.39,2.0,0.07,0.22,1.24,3.15,4.0,30.0,0.22,0.07,88.0,2324
3.4,2.9,2.9,16,4,4,44.0,6.8,4,55.0,6,0.1,0.23,0.1,0.23,1.0,0.13,0.2,0.53,1.83,7.0,45.0,0.2,0.13,96.0,1819
2.6,3.4,3.4,9,2,2,35.0,6.2,2,52.0,3,0.12,0.21,0.12,0.21,2.0,0.07,0.1,0.3,1.76,5.0,39.0,0.1,0.07,118.0,1920
2.1,2.2,2.2,12,2,2,30.0,8.6,2,32.0,7,0.09,0.36,0.09,0.36,1.0,0.08,0.29,0.5,1.34,3.0,48.0,0.29,0.08,75.0,2324
3.0,10.9,10.9,16,7,7,164.0,13.6,7,67.0,11,0.38,0.48,0.38,0.48,39.0,0.24,0.38,0.56,2.34,8.0,69.0,0.38,0.24,210.0,1819
7.8,3.0,3.0,6,1,1,73.0,4.8,1,28.0,5,0.15,0.23,0.15,0.23,17.0,0.05,0.24,0.29,1.35,5.0,44.0,0.24,0.05,107.0,1920
4.6,6.3,5.4,19,8,8,75.0,7.8,8,56.0,10,0.21,0.3,0.18,0.27,20.0,0.27,0.34,0.64,1.9,3.0,88.0,0.34,0.27,164.0,1920
7.1,4.6,3.1,8,1,1,66.0,5.1,0,34.0,3,0.23,0.33,0.15,0.25,12.0,0.05,0.15,0.4,1.7,2.0,61.0,0.1,0.0,126.0,2021
3.4,7.1,6.3,16,8,8,85.0,8.3,7,50.0,10,0.37,0.48,0.33,0.44,14.0,0.42,0.53,0.84,2.63,5.0,58.0,0.47,0.37,114.0,2122
1.0,3.4,3.4,13,3,3,41.0,3.9,3,27.0,3,0.26,0.3,0.26,0.3,11.0,0.23,0.23,1.0,2.09,5.0,27.0,0.23,0.23,55.0,2223
1.8,1.0,1.0,3,0,0,17.0,1.2,0,11.0,0,0.18,0.21,0.18,0.21,4.0,0.0,0.0,0.54,1.97,0.0,18.0,0.0,0.0,20.0,2223
2.4,1.8,1.8,5,1,1,14.0,2.6,1,14.0,2,0.33,0.48,0.33,0.48,3.0,0.18,0.36,0.91,2.55,3.0,12.0,0.36,0.18,32.0,2324
0.6,0.5,0.5,1,0,0,62.0,4.1,0,9.0,7,0.02,0.18,0.02,0.18,0.0,0.0,0.3,0.04,0.39,1.0,29.0,0.3,0.0,222.0,1819
0.3,0.6,0.6,2,1,1,58.0,3.0,1,6.0,3,0.02,0.12,0.02,0.12,2.0,0.04,0.12,0.08,0.23,1.0,28.0,0.12,0.04,174.0,1920
1.5,0.3,0.3,1,1,1,23.0,2.1,1,5.0,3,0.03,0.2,0.03,0.2,2.0,0.1,0.29,0.1,0.48,0.0,4.0,0.29,0.1,91.0,2021
2.4,1.5,1.5,3,2,2,8.0,1.9,2,4.0,3,0.33,0.43,0.33,0.43,1.0,0.45,0.68,0.68,0.9,0.0,5.0,0.68,0.45,15.0,2122
1.7,2.4,2.4,6,4,4,31.0,3.3,4,18.0,5,0.17,0.23,0.17,0.23,2.0,0.28,0.34,0.41,1.24,4.0,9.0,0.34,0.28,72.0,2223
0.7,1.7,1.7,4,3,3,28.0,2.4,3,10.0,5,0.18,0.26,0.18,0.26,1.0,0.31,0.52,0.42,1.05,1.0,22.0,0.52,0.31,33.0,2324
14.5,18.1,16.5,41,21,21,200.0,21.5,19,116.0,29,0.66,0.85,0.6,0.79,26.0,0.77,1.06,1.5,4.25,10.0,74.0,0.99,0.7,253.0,1819
3.5,14.5,12.1,24,16,16,131.0,14.4,14,73.0,19,0.9,1.04,0.75,0.89,6.0,0.99,1.18,1.49,4.52,12.0,34.0,1.05,0.87,105.0,1920
1.0,3.5,1.9,10,4,4,45.0,3.1,3,17.0,5,0.56,0.75,0.31,0.5,1.0,0.64,0.81,1.61,2.74,1.0,15.0,0.64,0.48,39.0,2021
1.2,1.5,1.5,7,1,1,35.0,3.5,1,23.0,1,0.06,0.14,0.06,0.14,0.0,0.04,0.04,0.27,0.9,3.0,29.0,0.04,0.04,84.0,2223
1.5,1.4,1.4,2,2,2,11.0,1.8,2,11.0,2,0.16,0.2,0.16,0.2,0.0,0.22,0.22,0.22,1.21,2.0,12.0,0.22,0.22,34.0,2324
0.0,8.6,8.6,22,9,9,78.0,12.2,9,60.0,13,0.38,0.54,0.38,0.54,1.0,0.4,0.57,0.97,2.64,6.0,40.0,0.57,0.4,94.0,2324
0.3,1.3,1.3,4,2,2,16.0,4.1,2,10.0,4,0.05,0.15,0.05,0.15,0.0,0.07,0.14,0.14,0.36,0.0,16.0,0.14,0.07,17.0,1920
0.6,0.3,0.3,1,0,0,13.0,3.4,0,3.0,5,0.01,0.12,0.01,0.12,0.0,0.0,0.18,0.04,0.11,0.0,24.0,0.18,0.0,29.0,2021
4.5,7.3,7.3,19,6,6,101.0,9.6,6,76.0,11,0.27,0.36,0.27,0.36,11.0,0.22,0.41,0.71,2.85,2.0,71.0,0.41,0.22,122.0,2223
4.1,4.5,4.5,13,3,3,62.0,5.8,3,33.0,4,0.24,0.31,0.24,0.31,6.0,0.16,0.22,0.7,1.79,5.0,53.0,0.22,0.16,79.0,2324
7.5,7.0,5.4,23,7,7,73.0,10.2,5,64.0,9,0.24,0.4,0.18,0.34,11.0,0.24,0.31,0.78,2.17,1.0,68.0,0.24,0.17,182.0,1819
4.1,5.3,2.9,10,8,8,60.0,9.7,6,44.0,14,0.19,0.44,0.1,0.35,2.0,0.29,0.5,0.36,1.59,7.0,42.0,0.43,0.22,126.0,2021
4.3,4.1,4.1,24,5,5,72.0,9.8,5,54.0,13,0.13,0.31,0.13,0.31,11.0,0.16,0.42,0.77,1.74,5.0,50.0,0.42,0.16,166.0,2122
1.3,1.0,1.0,4,3,3,20.0,1.2,3,13.0,3,0.17,0.2,0.17,0.2,3.0,0.51,0.51,0.68,2.2,1.0,25.0,0.51,0.51,27.0,1819
3.5,1.3,1.3,2,2,2,14.0,2.2,2,5.0,3,0.32,0.53,0.32,0.53,1.0,0.49,0.74,0.49,1.23,1.0,10.0,0.74,0.49,11.0,1920
0.7,3.5,3.5,4,2,2,34.0,4.4,2,20.0,3,0.29,0.36,0.29,0.36,9.0,0.17,0.25,0.33,1.65,1.0,41.0,0.25,0.17,77.0,2021
0.3,1.4,1.4,2,0,0,28.0,2.7,0,27.0,1,0.08,0.15,0.08,0.15,1.0,0.0,0.06,0.12,1.57,1.0,24.0,0.06,0.0,90.0,1819
0.2,0.3,0.3,6,1,1,12.0,1.0,1,8.0,1,0.04,0.12,0.04,0.12,0.0,0.12,0.12,0.7,0.93,2.0,11.0,0.12,0.12,59.0,1920
1.1,0.2,0.2,1,1,1,8.0,0.6,1,6.0,1,0.04,0.1,0.04,0.1,1.0,0.16,0.16,0.16,0.96,0.0,7.0,0.16,0.16,32.0,2021
1.5,1.1,1.1,4,2,2,14.0,2.7,2,21.0,3,0.07,0.17,0.07,0.17,5.0,0.13,0.19,0.25,1.32,7.0,19.0,0.19,0.13,37.0,2122
1.3,2.2,2.2,8,3,3,41.0,2.5,3,24.0,4,0.2,0.23,0.2,0.23,3.0,0.28,0.37,0.74,2.21,0.0,39.0,0.37,0.28,62.0,1819
0.4,0.8,0.8,2,0,0,8.0,2.4,0,10.0,1,0.09,0.27,0.09,0.27,1.0,0.0,0.11,0.23,1.14,1.0,21.0,0.11,0.0,57.0,2021
3.0,0.6,0.6,2,0,0,25.0,1.2,0,13.0,1,0.08,0.17,0.08,0.17,8.0,0.0,0.14,0.28,1.83,1.0,22.0,0.14,0.0,39.0,1819
2.5,3.0,3.0,5,1,1,24.0,3.0,1,22.0,1,0.4,0.4,0.4,0.4,13.0,0.13,0.13,0.67,2.95,3.0,20.0,0.13,0.13,38.0,1920
3.9,2.5,2.5,5,2,2,32.0,2.8,2,19.0,2,0.3,0.34,0.3,0.34,5.0,0.24,0.24,0.6,2.29,1.0,31.0,0.24,0.24,42.0,2021
0.6,0.9,0.9,2,1,1,19.0,1.6,1,6.0,2,0.06,0.1,0.06,0.1,0.0,0.06,0.12,0.12,0.37,1.0,6.0,0.12,0.06,3.0,1819
0.1,0.6,0.6,3,1,1,12.0,1.4,1,6.0,2,0.02,0.05,0.02,0.05,2.0,0.04,0.08,0.11,0.23,0.0,9.0,0.08,0.04,5.0,1920
1.7,1.8,1.8,4,2,2,12.0,1.8,2,12.0,2,0.2,0.2,0.2,0.2,1.0,0.22,0.22,0.45,1.35,2.0,2.0,0.22,0.22,5.0,2122
1.9,1.7,1.7,7,2,2,30.0,1.9,2,19.0,3,0.06,0.06,0.06,0.06,4.0,0.07,0.1,0.23,0.63,2.0,8.0,0.1,0.07,10.0,2223
1.0,2.3,2.3,7,2,2,78.0,6.3,2,28.0,6,0.08,0.23,0.08,0.23,4.0,0.07,0.22,0.25,1.0,3.0,49.0,0.22,0.07,237.0,1920
0.2,3.0,3.0,9,2,2,48.0,6.4,2,21.0,5,0.14,0.3,0.14,0.3,1.0,0.09,0.23,0.42,0.99,4.0,30.0,0.23,0.09,144.0,2122
0.8,0.2,0.2,1,0,0,10.0,0.6,0,3.0,0,0.07,0.18,0.07,0.18,1.0,0.0,0.0,0.29,0.87,0.0,5.0,0.0,0.0,30.0,2223
0.2,0.8,0.8,1,0,0,22.0,3.6,0,13.0,4,0.06,0.29,0.06,0.29,1.0,0.0,0.32,0.08,1.05,2.0,22.0,0.32,0.0,40.0,2324
0.3,1.1,1.1,3,0,0,48.0,3.7,0,12.0,3,0.07,0.22,0.07,0.22,1.0,0.0,0.18,0.18,0.71,0.0,33.0,0.18,0.0,158.0,2122
8.1,9.2,8.4,24,10,10,97.0,11.2,9,51.0,11,0.47,0.61,0.43,0.57,6.0,0.51,0.56,1.22,2.6,2.0,66.0,0.51,0.46,151.0,2021
0.1,8.1,8.1,17,9,9,69.0,8.5,9,46.0,9,0.72,0.75,0.72,0.75,5.0,0.8,0.8,1.51,4.07,5.0,36.0,0.8,0.8,86.0,2122
20.8,10.8,9.2,18,11,11,89.0,10.6,9,47.0,11,0.59,0.67,0.5,0.58,10.0,0.6,0.6,0.98,2.57,8.0,53.0,0.49,0.49,97.0,2223
22.7,20.8,17.6,40,28,28,156.0,24.2,24,88.0,31,0.85,1.12,0.72,0.99,18.0,1.14,1.26,1.63,3.59,6.0,71.0,1.1,0.98,183.0,2324
0.9,0.4,0.4,1,0,0,7.0,1.4,0,4.0,1,0.05,0.21,0.05,0.21,1.0,0.0,0.15,0.15,0.58,2.0,16.0,0.15,0.0,23.0,2223
1.0,1.2,1.2,1,1,1,19.0,1.3,1,7.0,1,0.09,0.1,0.09,0.1,0.0,0.07,0.07,0.07,0.51,1.0,9.0,0.07,0.07,2.0,1920
0.2,1.0,1.0,5,1,1,31.0,1.2,1,22.0,1,0.06,0.07,0.06,0.07,1.0,0.06,0.06,0.31,1.38,2.0,7.0,0.06,0.06,3.0,2122
4.8,4.6,4.6,10,5,5,60.0,6.2,5,30.0,6,0.33,0.44,0.33,0.44,12.0,0.35,0.42,0.71,2.12,4.0,51.0,0.42,0.35,98.0,1819
0.1,4.8,4.8,13,2,2,67.0,7.2,2,33.0,4,0.31,0.46,0.31,0.46,12.0,0.13,0.26,0.84,2.13,4.0,58.0,0.26,0.13,105.0,1920
1.5,0.2,0.2,4,0,0,12.0,1.0,0,6.0,2,0.03,0.17,0.03,0.17,3.0,0.0,0.33,0.67,1.0,0.0,9.0,0.33,0.0,33.0,1920
2.4,1.5,1.5,10,3,3,46.0,4.6,3,31.0,6,0.12,0.37,0.12,0.37,4.0,0.24,0.49,0.81,2.52,3.0,23.0,0.49,0.24,87.0,2021
6.5,2.4,2.4,18,4,4,62.0,9.1,4,37.0,10,0.12,0.47,0.12,0.47,10.0,0.2,0.51,0.92,1.89,2.0,45.0,0.51,0.2,195.0,2122
1.4,6.5,6.5,26,11,11,117.0,12.1,11,67.0,18,0.23,0.42,0.23,0.42,25.0,0.39,0.63,0.92,2.36,4.0,62.0,0.63,0.39,240.0,2223
2.0,0.8,0.8,4,0,0,24.0,2.6,0,16.0,1,0.12,0.37,0.12,0.37,4.0,0.0,0.14,0.56,2.23,2.0,14.0,0.14,0.0,73.0,2324
2.1,0.6,0.6,4,0,0,18.0,0.7,0,5.0,1,0.17,0.2,0.17,0.2,3.0,0.0,0.31,1.25,1.56,1.0,18.0,0.31,0.0,26.0,1819
0.0,0.9,0.9,3,0,0,15.0,1.3,0,11.0,1,0.07,0.1,0.07,0.1,0.0,0.0,0.07,0.22,0.82,1.0,4.0,0.07,0.0,6.0,1920
0.1,0.6,0.6,2,1,1,14.0,0.6,1,9.0,1,0.05,0.06,0.05,0.06,2.0,0.09,0.09,0.17,0.78,1.0,7.0,0.09,0.09,2.0,2021
0.0,2.3,2.3,7,1,1,25.0,2.5,1,18.0,1,0.28,0.3,0.28,0.3,7.0,0.12,0.12,0.84,2.17,0.0,22.0,0.12,0.12,15.0,2223
0.3,1.1,1.1,2,1,1,18.0,1.2,1,9.0,1,0.06,0.06,0.06,0.06,0.0,0.05,0.05,0.1,0.46,0.0,12.0,0.05,0.05,16.0,1819
5.7,6.5,5.7,16,5,5,102.0,7.6,4,42.0,7,0.29,0.38,0.26,0.34,15.0,0.23,0.32,0.72,1.9,10.0,68.0,0.27,0.18,165.0,2223
0.2,0.2,0.2,1,0,0,15.0,0.9,0,5.0,0,0.01,0.06,0.01,0.06,0.0,0.0,0.0,0.07,0.35,1.0,18.0,0.0,0.0,43.0,2122
1.4,2.5,2.5,6,2,2,50.0,4.5,2,19.0,4,0.13,0.24,0.13,0.24,3.0,0.11,0.21,0.32,1.01,4.0,22.0,0.21,0.11,91.0,2223
0.3,1.4,1.4,3,1,1,38.0,4.8,1,14.0,4,0.1,0.35,0.1,0.35,3.0,0.07,0.29,0.22,1.01,3.0,14.0,0.29,0.07,63.0,2324
3.2,19.1,12.8,24,20,20,121.0,14.0,12,55.0,22,0.59,0.62,0.39,0.43,23.0,0.61,0.67,0.73,1.68,3.0,122.0,0.43,0.37,175.0,2021
2.7,3.2,3.2,6,1,1,42.0,3.6,1,20.0,2,0.34,0.39,0.34,0.39,9.0,0.11,0.21,0.64,2.14,3.0,30.0,0.21,0.11,48.0,2122
0.1,0.1,0.1,1,0,0,11.0,0.8,0,3.0,2,0.01,0.06,0.01,0.06,3.0,0.0,0.15,0.07,0.22,0.0,14.0,0.15,0.0,35.0,1819
0.5,0.1,0.1,1,0,0,1.0,0.1,0,1.0,0,0.02,0.02,0.02,0.02,0.0,0.0,0.0,0.31,0.31,0.0,0.0,0.0,0.0,0.0,1920
6.3,6.1,6.1,10,3,3,58.0,7.2,3,35.0,4,0.68,0.79,0.68,0.79,2.0,0.33,0.44,1.11,3.87,2.0,12.0,0.44,0.33,45.0,1920
4.1,1.8,1.8,7,3,3,21.0,2.5,3,11.0,5,0.27,0.38,0.27,0.38,3.0,0.45,0.76,1.06,1.66,1.0,15.0,0.76,0.45,30.0,2122
0.0,4.1,4.1,9,3,3,55.0,5.2,3,30.0,5,0.26,0.32,0.26,0.32,7.0,0.19,0.31,0.56,1.85,1.0,19.0,0.31,0.19,61.0,2223
1.1,1.5,1.5,6,3,3,28.0,5.9,3,28.0,6,0.06,0.23,0.06,0.23,1.0,0.12,0.24,0.24,1.1,4.0,61.0,0.24,0.12,89.0,2122
0.4,1.1,1.1,7,2,2,24.0,2.8,2,22.0,6,0.08,0.21,0.08,0.21,2.0,0.15,0.45,0.53,1.67,2.0,20.0,0.45,0.15,65.0,2223
0.1,0.7,0.7,4,0,0,10.0,0.9,0,8.0,0,0.32,0.41,0.32,0.41,1.0,0.0,0.0,1.84,3.67,0.0,6.0,0.0,0.0,11.0,1819
0.1,1.2,1.2,7,1,1,17.0,1.9,1,15.0,2,0.28,0.44,0.27,0.43,0.0,0.23,0.45,1.58,3.39,3.0,14.0,0.45,0.23,31.0,1920
0.1,1.3,1.3,2,2,2,20.0,1.5,2,10.0,2,0.04,0.05,0.04,0.05,1.0,0.06,0.06,0.06,0.29,1.0,13.0,0.06,0.06,7.0,1920
0.7,0.6,0.6,1,0,0,16.0,1.9,0,15.0,0,0.02,0.06,0.02,0.06,0.0,0.0,0.0,0.03,0.49,2.0,29.0,0.0,0.0,72.0,1819
0.0,1.5,1.5,2,2,2,13.0,1.9,2,5.0,2,0.09,0.11,0.09,0.11,0.0,0.12,0.12,0.12,0.3,0.0,4.0,0.12,0.12,1.0,2122
3.7,2.7,1.9,7,3,3,24.0,3.9,2,19.0,6,0.35,0.6,0.25,0.5,1.0,0.38,0.77,0.89,2.43,4.0,26.0,0.64,0.26,74.0,1819
3.5,3.7,3.7,18,2,2,49.0,7.6,2,53.0,8,0.16,0.33,0.16,0.33,2.0,0.09,0.35,0.78,2.3,8.0,49.0,0.35,0.09,117.0,1920
3.4,3.5,3.5,13,1,1,32.0,9.2,1,40.0,6,0.2,0.51,0.2,0.51,3.0,0.06,0.33,0.72,2.22,7.0,33.0,0.33,0.06,87.0,2021
0.2,3.4,2.6,14,5,5,18.0,4.0,4,35.0,5,0.37,0.52,0.28,0.43,1.0,0.54,0.54,1.52,3.8,2.0,19.0,0.43,0.43,38.0,2122
0.0,2.6,1.8,10,5,5,25.0,3.9,4,29.0,5,0.21,0.39,0.15,0.32,1.0,0.41,0.41,0.82,2.38,2.0,35.0,0.33,0.33,57.0,2223
5.8,6.6,6.6,28,4,4,87.0,7.6,4,56.0,7,0.41,0.48,0.41,0.48,15.0,0.25,0.44,1.75,3.51,9.0,52.0,0.44,0.25,108.0,1819
7.5,5.8,5.8,22,6,6,82.0,7.7,6,48.0,7,0.32,0.42,0.32,0.42,10.0,0.33,0.38,1.21,2.63,5.0,81.0,0.38,0.33,99.0,1920
1.0,7.5,7.5,16,6,6,85.0,9.2,6,57.0,6,0.46,0.56,0.46,0.56,14.0,0.36,0.36,0.97,3.44,8.0,55.0,0.36,0.36,69.0,2021
1.0,0.8,0.8,2,0,0,14.0,1.0,0,10.0,0,0.04,0.05,0.04,0.05,1.0,0.0,0.0,0.09,0.46,1.0,20.0,0.0,0.0,8.0,2223
0.0,0.3,0.3,3,1,1,6.0,0.4,1,5.0,1,0.24,0.27,0.24,0.27,0.0,0.73,0.73,2.2,3.66,0.0,2.0,0.73,0.73,6.0,2324
1.0,3.4,3.4,16,3,3,90.0,6.9,3,51.0,6,0.14,0.3,0.14,0.3,1.0,0.13,0.26,0.69,2.2,7.0,90.0,0.26,0.13,126.0,1819
1.7,1.0,1.0,7,0,0,49.0,3.9,0,18.0,2,0.12,0.46,0.12,0.46,2.0,0.0,0.24,0.82,2.12,0.0,33.0,0.24,0.0,67.0,1920
8.5,1.7,1.7,5,1,1,28.0,1.9,1,13.0,1,0.21,0.23,0.21,0.23,0.0,0.12,0.12,0.61,1.6,0.0,27.0,0.12,0.12,35.0,2021
3.6,8.5,6.1,24,8,8,107.0,12.6,5,60.0,12,0.33,0.58,0.24,0.49,15.0,0.31,0.46,0.93,2.32,7.0,110.0,0.35,0.19,207.0,2122
5.6,4.8,4.8,17,7,7,57.0,7.6,7,44.0,8,0.21,0.34,0.21,0.34,4.0,0.31,0.36,0.76,1.96,5.0,54.0,0.36,0.31,132.0,2021
1.0,5.6,5.6,13,6,6,85.0,9.2,6,37.0,10,0.26,0.42,0.26,0.42,4.0,0.28,0.46,0.6,1.71,2.0,71.0,0.46,0.28,202.0,2122
1.2,2.6,2.6,9,1,1,34.0,4.4,1,28.0,5,0.19,0.33,0.19,0.33,2.0,0.07,0.37,0.66,2.05,3.0,39.0,0.37,0.07,91.0,2223
6.0,1.2,1.2,6,0,0,16.0,2.0,0,14.0,0,0.22,0.36,0.22,0.36,8.0,0.0,0.0,1.08,2.53,1.0,15.0,0.0,0.0,43.0,2324
0.4,2.0,1.3,6,1,1,22.0,3.6,0,18.0,2,0.06,0.14,0.04,0.11,0.0,0.03,0.06,0.18,0.55,0.0,57.0,0.03,0.0,52.0,1920
0.1,0.4,0.4,3,0,0,12.0,1.1,0,10.0,0,0.02,0.04,0.02,0.04,0.0,0.0,0.0,0.11,0.37,1.0,33.0,0.0,0.0,46.0,2021
0.5,0.1,0.1,3,1,1,0.0,0.4,1,4.0,1,0.01,0.04,0.01,0.04,0.0,0.1,0.1,0.29,0.38,0.0,9.0,0.1,0.1,3.0,2122
0.1,0.5,0.5,4,0,0,6.0,1.6,0,13.0,1,0.02,0.07,0.02,0.07,0.0,0.0,0.05,0.18,0.59,0.0,20.0,0.05,0.0,24.0,2223
1.4,2.5,2.5,9,1,1,47.0,6.8,1,43.0,6,0.09,0.25,0.09,0.25,6.0,0.04,0.22,0.33,1.57,6.0,46.0,0.22,0.04,208.0,1819
1.7,1.4,1.4,8,0,0,41.0,2.3,0,21.0,1,0.11,0.18,0.11,0.18,2.0,0.0,0.08,0.63,1.65,2.0,16.0,0.08,0.0,112.0,1920
1.2,1.7,1.7,4,2,2,50.0,3.2,2,22.0,3,0.09,0.17,0.09,0.17,2.0,0.11,0.16,0.22,1.18,2.0,22.0,0.16,0.11,146.0,2021
8.1,1.2,1.2,10,0,0,60.0,3.5,0,20.0,2,0.06,0.18,0.06,0.18,12.0,0.0,0.1,0.52,1.03,0.0,26.0,0.1,0.0,148.0,2122
2.0,8.1,8.1,31,7,7,138.0,16.5,7,74.0,14,0.27,0.55,0.27,0.55,12.0,0.23,0.46,1.03,2.45,9.0,55.0,0.46,0.23,357.0,2223
8.9,7.5,7.5,29,12,12,118.0,11.1,12,74.0,18,0.33,0.49,0.33,0.49,22.0,0.53,0.79,1.28,3.27,4.0,60.0,0.79,0.53,201.0,1819
9.7,8.9,8.0,37,11,11,137.0,14.4,11,80.0,21,0.32,0.56,0.29,0.53,17.0,0.4,0.76,1.34,2.91,11.0,66.0,0.76,0.4,215.0,1920
15.9,9.7,8.9,35,17,17,129.0,17.4,16,67.0,27,0.28,0.52,0.26,0.5,16.0,0.49,0.78,1.01,1.94,3.0,59.0,0.75,0.46,266.0,2021
12.0,10.1,10.1,38,10,10,106.0,16.6,10,81.0,16,0.31,0.52,0.31,0.52,18.0,0.31,0.5,1.18,2.52,10.0,64.0,0.5,0.31,196.0,2223
7.2,12.0,10.4,38,17,17,212.0,22.2,15,83.0,27,0.37,0.73,0.32,0.68,20.0,0.52,0.83,1.17,2.55,6.0,55.0,0.77,0.46,325.0,2324
1.2,1.2,1.2,11,2,2,44.0,3.5,2,30.0,6,0.04,0.12,0.04,0.12,1.0,0.07,0.2,0.37,1.02,4.0,66.0,0.2,0.07,64.0,1819
0.3,1.2,1.2,3,0,0,36.0,2.9,0,23.0,2,0.05,0.12,0.05,0.12,1.0,0.0,0.08,0.12,0.94,2.0,45.0,0.08,0.0,40.0,1920
0.7,0.3,0.3,3,0,0,7.0,0.8,0,7.0,0,0.05,0.13,0.05,0.13,2.0,0.0,0.0,0.46,1.07,1.0,6.0,0.0,0.0,11.0,2021
0.5,0.7,0.7,4,1,1,10.0,1.0,1,8.0,2,0.07,0.1,0.07,0.1,1.0,0.1,0.2,0.39,0.78,2.0,16.0,0.2,0.1,22.0,2021
0.8,0.6,0.6,2,0,0,13.0,2.8,0,7.0,1,0.03,0.11,0.03,0.11,0.0,0.0,0.04,0.08,0.28,0.0,46.0,0.04,0.0,121.0,2021
0.4,1.7,1.7,9,1,1,40.0,2.2,1,18.0,2,0.08,0.1,0.08,0.1,0.0,0.04,0.09,0.39,0.79,0.0,17.0,0.09,0.04,25.0,2324
0.5,0.6,0.6,2,0,0,9.0,0.8,0,8.0,0,0.04,0.05,0.04,0.05,1.0,0.0,0.0,0.13,0.53,1.0,23.0,0.0,0.0,13.0,2324
0.6,0.9,0.9,2,0,0,11.0,1.8,0,11.0,1,0.03,0.06,0.03,0.06,1.0,0.0,0.04,0.07,0.4,1.0,26.0,0.04,0.0,34.0,1819
0.6,0.1,0.1,1,1,1,3.0,0.8,1,2.0,1,0.01,0.04,0.01,0.04,0.0,0.05,0.05,0.05,0.11,0.0,13.0,0.05,0.05,13.0,2122
0.6,0.6,0.6,4,1,1,14.0,1.6,1,11.0,2,0.02,0.05,0.02,0.05,0.0,0.03,0.06,0.12,0.32,2.0,25.0,0.06,0.03,39.0,2223
0.7,0.4,0.4,1,0,0,8.0,1.1,0,4.0,1,0.03,0.07,0.03,0.07,0.0,0.0,0.07,0.07,0.28,1.0,12.0,0.07,0.0,18.0,1920
0.0,0.5,0.5,2,1,1,7.0,0.8,1,6.0,1,0.04,0.06,0.04,0.06,0.0,0.07,0.07,0.14,0.42,1.0,14.0,0.07,0.07,10.0,2223
0.2,0.7,0.7,2,0,0,18.0,1.2,0,7.0,1,0.02,0.05,0.02,0.05,4.0,0.0,0.04,0.08,0.26,1.0,13.0,0.04,0.0,10.0,2223
0.8,0.2,0.2,2,0,0,8.0,0.3,0,4.0,0,0.03,0.04,0.03,0.04,1.0,0.0,0.0,0.27,0.54,0.0,2.0,0.0,0.0,2.0,2324
0.7,1.1,1.1,2,2,2,12.0,1.7,2,6.0,3,0.12,0.18,0.12,0.18,0.0,0.21,0.32,0.21,0.64,0.0,8.0,0.32,0.21,6.0,1920
0.2,1.3,1.3,4,1,1,12.0,1.5,1,13.0,1,0.07,0.09,0.07,0.09,1.0,0.06,0.06,0.23,0.74,2.0,13.0,0.06,0.06,13.0,2021
0.7,1.8,1.8,9,2,2,66.0,5.0,2,25.0,4,0.06,0.16,0.06,0.16,1.0,0.07,0.13,0.29,0.81,2.0,48.0,0.13,0.07,171.0,2021
0.8,0.7,0.7,2,1,1,42.0,2.8,1,12.0,3,0.05,0.18,0.05,0.18,3.0,0.06,0.18,0.12,0.73,0.0,22.0,0.18,0.06,76.0,2122
0.2,0.8,0.8,4,0,0,20.0,2.0,0,6.0,0,0.09,0.22,0.09,0.22,1.0,0.0,0.0,0.44,0.66,0.0,12.0,0.0,0.0,39.0,2223
0.2,1.3,1.3,4,2,2,19.0,1.6,2,12.0,2,0.04,0.05,0.04,0.05,0.0,0.06,0.06,0.13,0.39,2.0,6.0,0.06,0.06,0.0,2021
0.4,0.1,0.1,1,1,1,2.0,0.4,1,1.0,1,0.01,0.05,0.01,0.05,0.0,0.13,0.13,0.13,0.13,0.0,3.0,0.13,0.13,2.0,2324
2.1,0.3,0.3,2,0,0,10.0,0.8,0,5.0,0,0.02,0.05,0.02,0.05,0.0,0.0,0.0,0.13,0.32,0.0,5.0,0.0,0.0,2.0,1819
0.7,2.1,2.1,6,0,0,26.0,3.8,0,25.0,0,0.08,0.15,0.08,0.15,0.0,0.0,0.0,0.23,0.97,5.0,17.0,0.0,0.0,17.0,1920
1.1,0.7,0.7,2,0,0,17.0,1.4,0,10.0,0,0.03,0.06,0.03,0.06,1.0,0.0,0.0,0.08,0.42,1.0,16.0,0.0,0.0,26.0,2021
0.0,1.1,1.1,7,2,2,17.0,1.7,2,14.0,2,0.04,0.07,0.04,0.07,1.0,0.08,0.08,0.29,0.57,0.0,15.0,0.08,0.08,15.0,2122
0.2,1.2,1.2,4,1,1,33.0,3.3,1,18.0,3,0.04,0.12,0.04,0.12,1.0,0.04,0.11,0.15,0.67,2.0,29.0,0.11,0.04,64.0,2324
0.3,0.2,0.2,2,0,0,4.0,0.2,0,3.0,0,0.05,0.05,0.05,0.05,0.0,0.0,0.0,0.47,0.7,2.0,3.0,0.0,0.0,5.0,2425
1.2,2.0,2.0,6,4,4,23.0,2.7,4,20.0,7,0.06,0.09,0.06,0.09,0.0,0.13,0.22,0.19,0.64,3.0,9.0,0.22,0.13,0.0,1920
2.6,1.2,1.2,4,1,1,18.0,1.7,1,12.0,1,0.04,0.05,0.04,0.05,0.0,0.03,0.03,0.13,0.4,0.0,6.0,0.03,0.03,2.0,2021
2.2,2.6,2.6,3,0,0,25.0,2.6,0,20.0,0,0.1,0.1,0.1,0.1,0.0,0.0,0.0,0.11,0.75,5.0,6.0,0.0,0.0,1.0,2122
0.6,2.2,2.2,6,1,1,24.0,2.4,1,20.0,1,0.1,0.11,0.1,0.11,0.0,0.05,0.05,0.28,0.93,2.0,3.0,0.05,0.05,0.0,2223
1.1,0.6,0.6,3,1,1,14.0,0.9,1,10.0,1,0.03,0.05,0.03,0.05,0.0,0.06,0.06,0.17,0.57,1.0,7.0,0.06,0.06,2.0,2324
7.7,2.6,2.6,8,6,6,37.0,3.5,6,18.0,7,0.25,0.33,0.25,0.33,6.0,0.56,0.65,0.74,1.67,3.0,40.0,0.65,0.56,55.0,1819
3.8,7.7,7.7,14,8,8,116.0,9.7,8,57.0,10,0.29,0.36,0.29,0.36,21.0,0.3,0.37,0.52,2.12,8.0,87.0,0.37,0.3,168.0,1920
0.0,3.8,3.8,9,4,4,62.0,4.5,4,24.0,5,0.23,0.27,0.23,0.27,13.0,0.24,0.3,0.54,1.45,5.0,51.0,0.3,0.24,110.0,2021
0.8,0.1,0.1,1,0,0,5.0,0.2,0,2.0,0,0.04,0.06,0.04,0.06,0.0,0.0,0.0,0.26,0.52,0.0,12.0,0.0,0.0,21.0,2122
0.1,0.8,0.8,3,0,0,16.0,2.7,0,9.0,1,0.03,0.1,0.03,0.1,4.0,0.0,0.04,0.11,0.33,2.0,39.0,0.04,0.0,101.0,2324
1.4,1.9,1.9,7,2,2,19.0,7.4,2,36.0,6,0.09,0.34,0.09,0.34,1.0,0.09,0.27,0.32,1.64,2.0,33.0,0.27,0.09,73.0,1819
1.1,1.4,1.4,10,3,3,21.0,3.1,3,29.0,5,0.17,0.39,0.17,0.39,0.0,0.37,0.62,1.24,3.61,4.0,16.0,0.62,0.37,74.0,1920
0.4,1.1,1.1,7,0,0,13.0,2.0,0,18.0,0,0.17,0.3,0.17,0.3,0.0,0.0,0.0,1.04,2.69,3.0,15.0,0.0,0.0,40.0,2021
1.4,1.1,1.1,4,1,1,15.0,1.9,1,10.0,1,0.13,0.23,0.13,0.23,0.0,0.12,0.12,0.48,1.19,2.0,17.0,0.12,0.12,24.0,2122
0.1,1.4,1.4,7,3,3,11.0,3.5,3,18.0,4,0.08,0.19,0.08,0.19,2.0,0.17,0.22,0.39,1.0,2.0,32.0,0.22,0.17,37.0,2223
1.8,0.1,0.1,2,1,1,3.0,0.4,1,4.0,1,0.06,0.16,0.06,0.16,0.0,0.42,0.42,0.85,1.69,0.0,10.0,0.42,0.42,15.0,1819
0.6,1.8,1.8,6,1,1,25.0,3.2,1,18.0,3,0.13,0.23,0.13,0.23,2.0,0.07,0.22,0.43,1.29,4.0,30.0,0.22,0.07,33.0,1920
2.6,5.0,5.0,11,6,6,85.0,6.9,6,35.0,7,0.28,0.39,0.28,0.39,10.0,0.34,0.39,0.62,1.97,6.0,32.0,0.39,0.34,81.0,2223
1.3,7.6,7.6,30,11,11,113.0,12.6,11,70.0,14,0.32,0.54,0.32,0.54,10.0,0.47,0.6,1.28,2.99,9.0,53.0,0.6,0.47,185.0,1819
2.7,1.3,1.3,7,1,1,35.0,2.4,1,16.0,2,0.21,0.38,0.21,0.38,1.0,0.16,0.31,1.1,2.52,1.0,13.0,0.31,0.16,61.0,2021
5.6,2.7,2.7,12,3,3,61.0,5.7,3,39.0,3,0.23,0.49,0.23,0.49,3.0,0.26,0.26,1.02,3.33,3.0,22.0,0.26,0.26,105.0,2122
2.5,5.6,5.6,19,7,7,63.0,7.0,7,42.0,9,0.33,0.41,0.33,0.41,9.0,0.41,0.53,1.12,2.48,4.0,35.0,0.53,0.41,136.0,2223
2.7,2.5,2.5,10,3,3,60.0,4.8,3,40.0,7,0.13,0.25,0.13,0.25,8.0,0.16,0.36,0.52,2.07,8.0,27.0,0.36,0.16,131.0,2324
5.6,2.9,2.9,9,5,5,53.0,3.6,5,26.0,6,0.19,0.24,0.19,0.24,1.0,0.32,0.39,0.58,1.68,0.0,52.0,0.39,0.32,89.0,1920
7.6,5.6,5.6,17,9,9,65.0,6.8,9,30.0,9,0.25,0.3,0.25,0.3,3.0,0.4,0.4,0.75,1.33,5.0,73.0,0.4,0.4,141.0,2021
4.3,7.6,7.6,23,8,8,87.0,10.8,8,60.0,11,0.3,0.42,0.3,0.42,6.0,0.31,0.43,0.9,2.35,7.0,77.0,0.43,0.31,182.0,2122
1.8,4.3,4.3,15,4,4,51.0,5.7,4,37.0,6,0.3,0.4,0.3,0.4,3.0,0.28,0.42,1.05,2.59,7.0,39.0,0.42,0.28,91.0,2223
1.3,2.2,2.2,7,2,2,14.0,2.8,2,20.0,2,0.51,0.63,0.51,0.63,1.0,0.45,0.45,1.58,4.51,6.0,11.0,0.45,0.45,17.0,1819
5.5,1.3,1.3,8,2,2,24.0,1.7,2,22.0,2,0.26,0.33,0.26,0.33,0.0,0.38,0.38,1.52,4.19,1.0,10.0,0.38,0.38,44.0,1920
4.4,5.5,4.3,20,6,6,58.0,4.9,6,44.0,6,0.62,0.68,0.48,0.54,4.0,0.67,0.67,2.24,4.94,5.0,22.0,0.67,0.67,80.0,2021
2.7,4.4,4.4,16,6,6,43.0,5.9,6,44.0,7,0.39,0.52,0.39,0.52,7.0,0.53,0.62,1.42,3.89,5.0,23.0,0.62,0.53,70.0,2122
0.1,0.7,0.7,2,1,1,23.0,1.2,1,11.0,1,0.03,0.04,0.03,0.04,1.0,0.04,0.04,0.07,0.41,1.0,4.0,0.04,0.04,5.0,1920
12.1,5.8,5.8,23,2,2,114.0,7.7,2,61.0,5,0.3,0.39,0.3,0.39,15.0,0.1,0.25,1.16,3.09,5.0,61.0,0.25,0.1,94.0,1819
11.8,12.1,10.5,33,9,9,156.0,13.4,8,78.0,13,0.41,0.5,0.35,0.45,20.0,0.3,0.44,1.11,2.62,6.0,69.0,0.4,0.27,140.0,2021
7.3,11.8,10.2,23,9,9,115.0,11.4,7,72.0,11,0.46,0.5,0.4,0.44,10.0,0.35,0.43,0.9,2.8,7.0,89.0,0.35,0.27,106.0,2122
8.9,7.3,6.5,19,6,6,95.0,7.3,5,58.0,6,0.4,0.44,0.35,0.4,10.0,0.33,0.33,1.03,3.15,10.0,54.0,0.27,0.27,89.0,2223
3.2,8.9,8.9,25,6,6,119.0,11.0,6,60.0,8,0.45,0.56,0.45,0.56,8.0,0.31,0.41,1.27,3.05,9.0,58.0,0.41,0.31,111.0,2324
0.1,0.8,0.8,2,1,1,12.0,1.4,1,7.0,1,0.08,0.14,0.08,0.14,1.0,0.1,0.1,0.2,0.7,3.0,13.0,0.1,0.1,16.0,2021
2.5,2.0,2.0,6,1,1,33.0,2.9,1,15.0,4,0.15,0.21,0.15,0.21,1.0,0.07,0.3,0.45,1.12,3.0,30.0,0.3,0.07,83.0,2021
0.0,0.4,0.4,1,0,0,7.0,0.6,0,5.0,0,0.02,0.04,0.02,0.04,0.0,0.0,0.0,0.06,0.31,1.0,4.0,0.0,0.0,0.0,2021
0.2,1.7,1.7,3,1,1,33.0,3.9,1,22.0,3,0.06,0.13,0.06,0.13,0.0,0.03,0.1,0.1,0.76,3.0,15.0,0.1,0.03,21.0,1819
1.7,0.2,0.2,1,0,0,2.0,0.2,0,2.0,0,0.04,0.04,0.04,0.04,0.0,0.0,0.0,0.23,0.47,1.0,0.0,0.0,0.0,5.0,1920
1.1,1.4,1.4,1,1,1,16.0,1.7,1,14.0,3,0.24,0.29,0.24,0.29,1.0,0.17,0.51,0.17,2.38,0.0,12.0,0.51,0.17,48.0,1920
3.5,1.1,0.3,1,0,0,9.0,0.4,0,7.0,0,0.23,0.25,0.06,0.08,2.0,0.0,0.0,0.21,1.5,2.0,15.0,0.0,0.0,23.0,2021
3.2,0.6,0.6,4,0,0,19.0,1.6,0,16.0,1,0.09,0.25,0.09,0.25,0.0,0.0,0.16,0.63,2.52,1.0,11.0,0.16,0.0,48.0,1819
0.5,1.5,0.7,2,2,2,18.0,0.9,2,9.0,2,0.17,0.2,0.08,0.11,0.0,0.24,0.24,0.24,1.08,0.0,9.0,0.24,0.24,25.0,1920
3.6,2.9,2.9,8,2,2,50.0,4.2,2,42.0,4,0.14,0.2,0.14,0.2,2.0,0.1,0.19,0.38,2.01,3.0,68.0,0.19,0.1,140.0,1819
1.8,0.5,0.5,1,0,0,6.0,0.7,0,5.0,0,0.11,0.15,0.11,0.15,0.0,0.0,0.0,0.2,1.0,0.0,6.0,0.0,0.0,1.0,2122
2.7,2.8,2.8,20,5,5,42.0,4.8,5,46.0,8,0.15,0.25,0.15,0.25,4.0,0.26,0.42,1.05,2.41,5.0,55.0,0.42,0.26,101.0,1920
2.5,2.7,2.7,11,4,4,53.0,5.3,4,55.0,9,0.09,0.17,0.09,0.17,4.0,0.13,0.29,0.36,1.79,6.0,77.0,0.29,0.13,118.0,2021
2.4,2.5,2.5,9,2,2,41.0,4.0,2,38.0,2,0.15,0.24,0.15,0.24,1.0,0.12,0.12,0.55,2.32,3.0,40.0,0.12,0.12,78.0,2122
3.4,9.5,7.1,30,11,11,105.0,9.8,9,64.0,12,0.35,0.44,0.26,0.36,30.0,0.4,0.44,1.09,2.33,4.0,102.0,0.36,0.33,173.0,1819
8.3,3.4,2.6,8,4,4,42.0,3.2,3,18.0,4,0.33,0.39,0.26,0.31,6.0,0.4,0.4,0.79,1.79,2.0,37.0,0.3,0.3,74.0,1920
4.1,8.3,7.5,23,6,6,72.0,8.5,6,59.0,8,0.46,0.52,0.42,0.48,17.0,0.33,0.45,1.28,3.29,2.0,70.0,0.45,0.33,110.0,2021
2.2,1.1,1.1,4,0,0,24.0,2.5,0,13.0,0,0.18,0.43,0.18,0.43,2.0,0.0,0.0,0.69,2.23,6.0,12.0,0.0,0.0,53.0,2122
3.1,3.0,3.0,9,2,2,35.0,5.4,2,30.0,3,0.16,0.28,0.16,0.28,2.0,0.1,0.16,0.47,1.56,4.0,44.0,0.16,0.1,58.0,1819
2.1,3.1,3.1,14,7,7,31.0,4.1,7,36.0,7,0.18,0.23,0.18,0.23,1.0,0.39,0.39,0.79,2.03,1.0,42.0,0.39,0.39,52.0,1920
2.1,2.1,2.1,9,1,1,44.0,3.4,1,32.0,4,0.1,0.16,0.1,0.16,0.0,0.05,0.18,0.41,1.47,2.0,54.0,0.18,0.05,52.0,2021
1.9,2.1,2.1,10,3,3,50.0,3.5,3,33.0,3,0.09,0.14,0.09,0.14,2.0,0.12,0.12,0.41,1.34,3.0,67.0,0.12,0.12,77.0,2122
1.0,1.9,1.9,7,4,4,32.0,3.5,4,23.0,6,0.09,0.16,0.09,0.16,1.0,0.18,0.27,0.31,1.02,2.0,35.0,0.27,0.18,48.0,2223
1.9,1.0,1.0,7,0,0,22.0,2.4,0,22.0,2,0.05,0.13,0.05,0.13,0.0,0.0,0.11,0.38,1.19,1.0,21.0,0.11,0.0,36.0,2324
1.0,3.3,3.3,7,3,3,38.0,3.8,3,21.0,3,0.38,0.43,0.38,0.43,13.0,0.34,0.34,0.79,2.38,0.0,32.0,0.34,0.34,46.0,1819
0.4,1.0,1.0,3,1,1,18.0,1.6,1,12.0,2,0.33,0.54,0.33,0.54,2.0,0.34,0.69,1.03,4.12,0.0,14.0,0.69,0.34,25.0,1920
2.1,1.1,1.1,12,1,1,39.0,5.6,1,31.0,3,0.07,0.37,0.07,0.37,2.0,0.07,0.2,0.79,2.05,2.0,17.0,0.2,0.07,148.0,1920
0.3,2.1,2.1,17,3,3,50.0,6.6,3,48.0,7,0.09,0.27,0.09,0.27,6.0,0.12,0.29,0.69,1.95,3.0,50.0,0.29,0.12,196.0,2021
1.1,0.3,0.3,2,0,0,11.0,0.5,0,6.0,1,0.08,0.12,0.08,0.12,2.0,0.0,0.23,0.47,1.41,1.0,8.0,0.23,0.0,39.0,2122
1.4,1.1,1.1,9,2,2,23.0,4.0,2,24.0,6,0.1,0.34,0.1,0.34,7.0,0.17,0.51,0.76,2.03,2.0,17.0,0.51,0.17,96.0,2223
0.7,1.4,1.4,6,1,1,29.0,5.3,1,26.0,5,0.08,0.32,0.08,0.32,3.0,0.06,0.3,0.36,1.54,2.0,37.0,0.3,0.06,109.0,2324
1.7,0.9,0.9,3,0,0,18.0,1.1,0,14.0,0,0.04,0.05,0.04,0.05,2.0,0.0,0.0,0.14,0.63,3.0,13.0,0.0,0.0,0.0,1819
0.5,0.6,0.6,2,2,2,20.0,1.6,2,10.0,4,0.04,0.11,0.04,0.11,1.0,0.13,0.26,0.13,0.65,2.0,5.0,0.26,0.13,5.0,2324
1.7,1.5,1.5,3,3,3,17.0,2.3,3,9.0,4,0.39,0.62,0.39,0.62,3.0,0.8,1.07,0.8,2.4,1.0,17.0,1.07,0.8,45.0,2122
2.4,1.7,0.9,2,3,3,20.0,1.8,2,15.0,4,0.3,0.46,0.16,0.32,4.0,0.55,0.73,0.36,2.73,0.0,20.0,0.55,0.36,50.0,2223
0.1,3.7,3.7,17,6,6,58.0,5.3,6,47.0,8,0.14,0.21,0.14,0.21,0.0,0.23,0.31,0.66,1.83,8.0,68.0,0.31,0.23,107.0,2122
1.0,0.6,0.6,1,0,0,4.0,0.6,0,7.0,0,0.12,0.12,0.12,0.12,0.0,0.0,0.0,0.21,1.48,0.0,14.0,0.0,0.0,10.0,2223
0.1,1.0,1.0,6,4,4,14.0,1.1,4,16.0,4,0.1,0.11,0.1,0.11,2.0,0.41,0.41,0.62,1.66,1.0,19.0,0.41,0.41,37.0,2324
5.0,6.1,6.1,20,9,9,158.0,14.0,9,45.0,19,0.18,0.42,0.18,0.42,16.0,0.27,0.57,0.6,1.36,7.0,98.0,0.57,0.27,372.0,2324
0.9,0.9,0.9,3,0,0,28.0,2.7,0,8.0,1,0.05,0.13,0.05,0.13,1.0,0.0,0.05,0.15,0.39,2.0,35.0,0.05,0.0,93.0,1920
1.2,0.9,0.9,4,0,0,29.0,2.7,0,12.0,3,0.05,0.15,0.05,0.15,0.0,0.0,0.17,0.22,0.67,2.0,27.0,0.17,0.0,90.0,2021
0.0,0.4,0.4,2,1,1,21.0,1.2,1,7.0,1,0.02,0.07,0.02,0.07,2.0,0.05,0.05,0.11,0.38,1.0,30.0,0.05,0.05,37.0,2223
0.4,0.9,0.9,7,0,0,16.0,3.7,0,21.0,1,0.04,0.16,0.04,0.16,0.0,0.0,0.04,0.3,0.91,1.0,26.0,0.04,0.0,96.0,2021
0.2,0.4,0.4,3,0,0,11.0,1.0,0,11.0,3,0.03,0.07,0.03,0.07,0.0,0.0,0.2,0.2,0.75,2.0,21.0,0.2,0.0,72.0,2122
8.0,13.1,10.7,23,15,15,116.0,16.8,12,51.0,24,0.54,0.79,0.44,0.69,20.0,0.62,0.99,0.95,2.1,8.0,86.0,0.87,0.49,169.0,1819
8.4,2.9,2.9,11,3,3,50.0,4.3,3,25.0,3,0.28,0.41,0.28,0.41,10.0,0.29,0.29,1.06,2.4,0.0,41.0,0.29,0.29,52.0,2021
0.9,8.4,7.7,19,9,9,68.0,10.0,9,33.0,12,0.62,0.79,0.56,0.73,4.0,0.66,0.88,1.4,2.42,10.0,18.0,0.88,0.66,65.0,2223
0.4,0.9,0.9,2,0,0,24.0,1.7,0,7.0,1,0.22,0.39,0.22,0.39,3.0,0.0,0.23,0.45,1.59,1.0,10.0,0.23,0.0,34.0,2324
2.7,0.3,0.3,1,0,0,12.0,1.0,0,9.0,1,0.08,0.23,0.08,0.23,0.0,0.0,0.23,0.23,2.1,0.0,16.0,0.23,0.0,26.0,2021
6.1,3.2,3.2,3,1,1,31.0,4.0,1,14.0,1,0.59,0.74,0.59,0.74,3.0,0.19,0.19,0.56,2.61,0.0,21.0,0.19,0.19,43.0,1920
13.6,6.1,6.1,13,5,5,66.0,7.4,5,30.0,7,0.4,0.49,0.4,0.49,15.0,0.33,0.46,0.86,1.99,2.0,75.0,0.46,0.33,108.0,2021
6.6,13.6,12.0,30,15,15,129.0,14.4,13,65.0,16,0.56,0.66,0.5,0.6,21.0,0.62,0.66,1.24,2.69,11.0,140.0,0.58,0.54,171.0,2122
2.1,4.7,4.7,11,6,6,43.0,6.4,6,22.0,9,0.41,0.56,0.41,0.56,13.0,0.52,0.78,0.95,1.9,0.0,38.0,0.78,0.52,45.0,2324
1.0,2.2,2.2,5,2,2,15.0,2.8,2,16.0,2,0.24,0.31,0.24,0.31,0.0,0.22,0.22,0.54,1.74,1.0,27.0,0.22,0.22,53.0,1819
3.5,1.0,1.0,3,0,0,12.0,1.1,0,13.0,0,0.23,0.26,0.23,0.26,1.0,0.0,0.0,0.72,3.1,1.0,11.0,0.0,0.0,26.0,1819
2.4,3.5,3.5,12,2,2,60.0,5.2,2,40.0,5,0.16,0.24,0.16,0.24,4.0,0.09,0.23,0.55,1.84,4.0,42.0,0.23,0.09,145.0,1920
1.5,0.7,0.7,7,1,1,26.0,1.9,1,15.0,2,0.08,0.21,0.08,0.21,4.0,0.11,0.22,0.78,1.68,3.0,33.0,0.22,0.11,57.0,2021
2.8,1.5,1.5,5,0,0,17.0,2.5,0,8.0,0,0.45,0.76,0.45,0.76,0.0,0.0,0.0,1.51,2.41,1.0,14.0,0.0,0.0,31.0,2021
5.9,2.8,2.8,8,1,1,63.0,5.7,1,48.0,1,0.15,0.32,0.15,0.32,5.0,0.06,0.06,0.45,2.69,3.0,59.0,0.06,0.06,107.0,2122
3.5,5.9,5.9,30,9,9,141.0,11.9,9,72.0,13,0.22,0.44,0.22,0.44,21.0,0.33,0.48,1.11,2.66,5.0,90.0,0.48,0.33,239.0,2223
3.6,3.5,3.5,21,7,7,122.0,9.9,7,46.0,11,0.15,0.42,0.15,0.42,8.0,0.29,0.46,0.88,1.93,5.0,60.0,0.46,0.29,231.0,2324
0.2,1.5,1.5,3,2,2,31.0,1.9,2,17.0,3,0.12,0.15,0.12,0.15,1.0,0.16,0.23,0.23,1.33,1.0,13.0,0.23,0.16,37.0,2324
3.7,1.6,1.6,3,0,0,18.0,2.0,0,13.0,0,0.2,0.25,0.2,0.25,5.0,0.0,0.0,0.39,1.67,4.0,28.0,0.0,0.0,59.0,1819
5.6,3.7,3.7,11,3,3,56.0,5.7,3,33.0,7,0.21,0.32,0.21,0.32,18.0,0.17,0.39,0.62,1.85,6.0,60.0,0.39,0.17,109.0,2122
7.9,5.6,5.6,18,3,3,80.0,7.7,3,53.0,6,0.29,0.41,0.29,0.41,7.0,0.16,0.32,0.95,2.78,7.0,62.0,0.32,0.16,119.0,2223
2.7,7.9,7.9,23,6,6,95.0,9.2,6,65.0,7,0.36,0.42,0.36,0.42,23.0,0.27,0.32,1.04,2.95,8.0,47.0,0.32,0.27,167.0,2324
1.5,1.1,1.1,3,1,1,9.0,1.1,1,7.0,1,0.34,0.34,0.34,0.34,1.0,0.31,0.31,0.92,2.15,1.0,7.0,0.31,0.31,16.0,2021
1.6,1.5,1.5,4,2,2,17.0,2.0,2,13.0,2,0.18,0.25,0.18,0.25,1.0,0.25,0.25,0.51,1.65,2.0,16.0,0.25,0.25,42.0,2021
1.9,1.6,1.6,4,3,3,9.0,2.2,3,7.0,3,0.79,1.04,0.79,1.04,0.0,1.45,1.45,1.94,3.39,0.0,2.0,1.45,1.45,15.0,2122
5.9,1.9,1.9,8,1,1,43.0,3.2,1,22.0,4,0.23,0.4,0.23,0.4,4.0,0.12,0.5,0.99,2.73,3.0,29.0,0.5,0.12,66.0,2223
8.9,5.9,5.9,28,9,9,110.0,10.8,9,60.0,15,0.25,0.46,0.25,0.46,5.0,0.38,0.64,1.19,2.55,5.0,60.0,0.64,0.38,198.0,2324
5.9,16.4,16.4,35,15,15,146.0,19.0,15,88.0,18,0.67,0.77,0.67,0.77,23.0,0.61,0.73,1.42,3.58,10.0,74.0,0.73,0.61,134.0,1920
20.7,5.9,5.9,13,6,6,61.0,6.6,6,32.0,7,0.51,0.57,0.51,0.57,4.0,0.52,0.61,1.13,2.77,4.0,33.0,0.61,0.52,66.0,2021
10.8,20.7,18.4,35,17,17,173.0,23.2,14,92.0,21,0.6,0.74,0.54,0.68,17.0,0.5,0.61,1.02,2.68,17.0,86.0,0.53,0.41,199.0,2122
0.6,10.8,10.8,28,8,8,125.0,14.5,8,62.0,11,0.44,0.6,0.44,0.6,11.0,0.33,0.45,1.15,2.55,10.0,62.0,0.45,0.33,141.0,2223
0.0,7.1,5.4,11,3,3,57.0,7.6,2,26.0,7,0.54,0.7,0.41,0.58,7.0,0.23,0.53,0.84,1.98,4.0,22.0,0.46,0.15,69.0,2425
0.8,2.8,2.8,9,2,2,65.0,5.4,2,26.0,3,0.16,0.32,0.16,0.32,10.0,0.12,0.18,0.54,1.55,2.0,49.0,0.18,0.12,149.0,2021
2.3,0.8,0.8,3,0,0,25.0,1.4,0,13.0,1,0.07,0.12,0.07,0.12,6.0,0.0,0.08,0.25,1.08,0.0,43.0,0.08,0.0,88.0,2122
1.9,1.4,1.4,5,0,0,22.0,5.9,0,26.0,6,0.05,0.23,0.05,0.23,0.0,0.0,0.23,0.19,0.99,0.0,57.0,0.23,0.0,55.0,1718
0.4,1.9,1.9,7,1,1,25.0,5.5,1,31.0,8,0.06,0.18,0.06,0.18,0.0,0.03,0.27,0.23,1.04,3.0,57.0,0.27,0.03,61.0,1819
0.4,1.6,1.6,7,3,3,38.0,3.4,3,18.0,5,0.07,0.15,0.07,0.15,0.0,0.13,0.22,0.3,0.77,2.0,57.0,0.22,0.13,58.0,2021
0.2,0.4,0.4,3,1,1,11.0,0.8,1,9.0,2,0.08,0.16,0.08,0.16,0.0,0.19,0.37,0.56,1.67,2.0,20.0,0.37,0.19,25.0,2122
2.4,1.0,1.0,2,1,1,28.0,1.4,1,16.0,1,0.11,0.16,0.11,0.16,0.0,0.11,0.11,0.22,1.78,1.0,26.0,0.11,0.11,33.0,2223
0.0,0.9,0.9,3,2,2,4.0,1.3,2,3.0,2,0.17,0.26,0.17,0.26,0.0,0.4,0.4,0.6,0.6,0.0,3.0,0.4,0.4,2.0,1920
0.5,0.4,0.4,1,1,1,8.0,1.9,1,6.0,2,0.06,0.29,0.06,0.29,0.0,0.15,0.31,0.15,0.93,1.0,6.0,0.31,0.15,3.0,2122
1.0,0.6,0.6,3,0,0,8.0,0.8,0,8.0,0,0.09,0.1,0.09,0.1,0.0,0.0,0.0,0.4,1.06,0.0,13.0,0.0,0.0,18.0,2122
0.2,0.8,0.8,4,0,0,40.0,3.4,0,19.0,2,0.05,0.2,0.05,0.2,3.0,0.0,0.12,0.23,1.1,3.0,46.0,0.12,0.0,153.0,2122
7.3,11.1,9.5,20,8,8,139.0,13.4,6,58.0,12,0.37,0.5,0.31,0.44,16.0,0.27,0.4,0.66,1.93,3.0,100.0,0.33,0.2,154.0,2122
8.3,7.3,5.7,18,12,12,63.0,6.2,11,33.0,12,0.47,0.5,0.37,0.4,4.0,0.78,0.78,1.17,2.14,0.0,41.0,0.71,0.71,61.0,2223
10.7,8.3,8.3,18,6,6,73.0,11.1,6,44.0,9,0.56,0.75,0.56,0.75,5.0,0.41,0.61,1.22,2.98,6.0,25.0,0.61,0.41,77.0,2223
2.3,10.7,8.3,20,11,11,92.0,11.5,8,46.0,13,0.49,0.64,0.38,0.53,13.0,0.51,0.6,0.92,2.12,2.0,57.0,0.46,0.37,123.0,2324
4.2,3.0,3.0,8,3,3,40.0,4.8,3,28.0,6,0.16,0.26,0.16,0.26,8.0,0.17,0.33,0.44,1.54,1.0,45.0,0.33,0.17,135.0,2122
2.9,4.2,4.2,14,4,4,60.0,5.3,4,46.0,4,0.18,0.23,0.18,0.23,12.0,0.17,0.17,0.61,2.0,3.0,40.0,0.17,0.17,193.0,2223
1.8,2.3,2.3,7,2,2,29.0,4.5,2,17.0,7,0.35,0.7,0.35,0.7,3.0,0.31,1.08,1.08,2.62,4.0,14.0,1.08,0.31,48.0,2122
6.5,7.6,4.3,23,10,10,63.0,10.7,8,55.0,14,0.24,0.44,0.14,0.34,6.0,0.31,0.44,0.72,1.73,11.0,48.0,0.38,0.25,106.0,2223
3.8,6.5,5.0,16,12,12,85.0,10.9,10,52.0,17,0.22,0.43,0.17,0.37,5.0,0.41,0.58,0.55,1.78,2.0,60.0,0.51,0.34,190.0,2324
5.8,1.4,1.4,5,1,1,33.0,3.1,1,24.0,3,0.06,0.14,0.06,0.14,4.0,0.05,0.14,0.23,1.09,3.0,37.0,0.14,0.05,117.0,1819
4.3,5.8,5.8,17,6,6,84.0,10.3,6,50.0,9,0.19,0.33,0.19,0.33,8.0,0.19,0.29,0.54,1.6,9.0,51.0,0.29,0.19,195.0,1920
4.1,3.7,2.8,13,5,5,56.0,8.6,4,40.0,10,0.12,0.32,0.09,0.29,8.0,0.17,0.33,0.43,1.33,5.0,55.0,0.3,0.13,140.0,2122
2.7,4.9,3.4,16,5,5,71.0,7.7,4,55.0,9,0.16,0.3,0.11,0.25,2.0,0.16,0.29,0.52,1.77,11.0,30.0,0.26,0.13,124.0,2324
3.1,5.7,5.7,21,5,5,111.0,8.4,5,43.0,7,0.24,0.36,0.24,0.36,19.0,0.21,0.3,0.89,1.83,7.0,77.0,0.3,0.21,167.0,1819
0.0,3.1,3.1,10,2,2,71.0,6.8,2,31.0,5,0.22,0.48,0.22,0.48,10.0,0.14,0.35,0.7,2.17,5.0,38.0,0.35,0.14,127.0,1920
0.6,2.3,2.3,11,3,3,60.0,3.3,3,29.0,6,0.13,0.18,0.13,0.18,8.0,0.17,0.33,0.61,1.61,3.0,56.0,0.33,0.17,105.0,2021
2.4,1.9,1.9,7,2,2,29.0,5.4,2,23.0,8,0.07,0.2,0.07,0.2,0.0,0.07,0.3,0.26,0.86,1.0,21.0,0.3,0.07,56.0,1819
1.2,2.4,2.4,8,3,3,23.0,3.3,3,18.0,3,0.12,0.17,0.12,0.17,0.0,0.15,0.15,0.41,0.91,4.0,28.0,0.15,0.15,43.0,1920
0.4,1.9,1.9,6,1,1,20.0,4.2,1,25.0,5,0.11,0.25,0.11,0.25,0.0,0.06,0.29,0.35,1.47,7.0,16.0,0.29,0.06,45.0,2122
0.0,0.4,0.4,1,0,0,8.0,1.5,0,10.0,0,0.03,0.11,0.03,0.11,0.0,0.0,0.0,0.07,0.72,1.0,13.0,0.0,0.0,24.0,2223
0.7,1.4,1.4,1,0,0,23.0,2.9,0,16.0,3,0.05,0.1,0.05,0.1,1.0,0.0,0.11,0.04,0.57,3.0,21.0,0.11,0.0,28.0,1819
0.0,0.7,0.5,1,0,0,5.0,1.0,0,2.0,1,0.06,0.1,0.05,0.09,0.0,0.0,0.09,0.09,0.18,0.0,14.0,0.09,0.0,8.0,1819
1.0,1.2,1.2,3,0,0,5.0,2.6,0,26.0,6,0.06,0.13,0.06,0.13,0.0,0.0,0.3,0.15,1.29,3.0,27.0,0.3,0.0,28.0,1920
0.7,1.0,1.0,7,0,0,17.0,2.4,0,23.0,1,0.04,0.1,0.04,0.1,0.0,0.0,0.04,0.28,0.92,2.0,28.0,0.04,0.0,26.0,2021
0.7,0.7,0.7,4,1,1,12.0,2.1,1,16.0,2,0.03,0.1,0.03,0.1,0.0,0.05,0.1,0.19,0.77,1.0,18.0,0.1,0.05,21.0,2122
1.0,0.9,0.9,3,1,1,16.0,1.1,1,11.0,1,0.04,0.05,0.04,0.05,0.0,0.04,0.04,0.13,0.47,1.0,3.0,0.04,0.04,1.0,1718
1.7,0.4,0.4,2,0,0,9.0,0.4,0,6.0,0,0.02,0.02,0.02,0.02,0.0,0.0,0.0,0.11,0.34,0.0,5.0,0.0,0.0,1.0,1920
1.5,0.9,0.9,5,3,3,24.0,1.1,3,18.0,3,0.03,0.04,0.03,0.04,1.0,0.1,0.1,0.17,0.61,4.0,7.0,0.1,0.1,2.0,2122
0.8,1.5,1.5,2,0,0,24.0,2.0,0,15.0,2,0.06,0.08,0.06,0.08,0.0,0.0,0.08,0.08,0.57,1.0,6.0,0.08,0.0,2.0,2223
0.3,0.5,0.5,2,1,1,13.0,1.7,1,8.0,2,0.02,0.07,0.02,0.07,2.0,0.04,0.08,0.08,0.34,1.0,20.0,0.08,0.04,94.0,2021
0.3,0.3,0.3,1,0,0,13.0,1.4,0,3.0,1,0.02,0.09,0.02,0.09,0.0,0.0,0.06,0.06,0.19,0.0,28.0,0.06,0.0,66.0,2122
0.3,0.6,0.6,2,0,0,24.0,2.7,0,5.0,2,0.03,0.11,0.03,0.11,2.0,0.0,0.08,0.08,0.21,1.0,21.0,0.08,0.0,56.0,2324
4.3,14.1,11.8,32,14,14,124.0,13.0,13,81.0,16,0.51,0.55,0.42,0.47,20.0,0.5,0.57,1.15,2.9,8.0,46.0,0.54,0.47,164.0,2324
0.5,2.2,2.2,4,1,1,22.0,2.8,1,14.0,3,0.11,0.13,0.11,0.13,0.0,0.05,0.14,0.19,0.66,1.0,8.0,0.14,0.05,44.0,1819
0.8,0.5,0.5,3,1,1,5.0,0.9,1,3.0,1,0.08,0.16,0.08,0.16,1.0,0.19,0.19,0.56,0.56,1.0,1.0,0.19,0.19,5.0,1920
0.5,1.0,1.0,4,2,2,23.0,1.1,2,9.0,2,0.06,0.06,0.06,0.06,0.0,0.12,0.12,0.24,0.54,1.0,6.0,0.12,0.12,39.0,2122
1.0,1.7,1.7,10,3,3,24.0,2.8,3,18.0,5,0.09,0.14,0.09,0.14,0.0,0.15,0.25,0.51,0.91,1.0,27.0,0.25,0.15,113.0,2021
0.4,1.0,1.0,5,1,1,26.0,3.1,1,18.0,3,0.04,0.12,0.04,0.12,1.0,0.04,0.12,0.19,0.7,1.0,58.0,0.12,0.04,154.0,2122
1.7,0.4,0.4,4,0,0,20.0,1.8,0,6.0,2,0.03,0.15,0.03,0.15,0.0,0.0,0.17,0.34,0.51,0.0,18.0,0.17,0.0,92.0,2223
0.0,1.7,1.7,2,1,1,26.0,5.3,1,12.0,2,0.07,0.23,0.07,0.23,1.0,0.04,0.09,0.09,0.53,1.0,33.0,0.09,0.04,151.0,2324
0.6,2.4,2.4,10,3,3,44.0,5.6,3,33.0,8,0.09,0.22,0.09,0.22,2.0,0.12,0.32,0.39,1.3,3.0,37.0,0.32,0.12,32.0,1819
1.2,0.6,0.6,3,1,1,11.0,0.7,1,8.0,2,0.04,0.05,0.04,0.05,1.0,0.07,0.14,0.21,0.56,1.0,18.0,0.14,0.07,19.0,2021
0.1,0.6,0.6,3,1,1,27.0,2.1,1,8.0,1,0.02,0.09,0.02,0.09,5.0,0.04,0.04,0.12,0.32,0.0,34.0,0.04,0.04,115.0,2122
0.2,0.1,0.1,1,0,0,35.0,2.9,0,2.0,1,0.01,0.13,0.01,0.13,3.0,0.0,0.05,0.05,0.09,0.0,29.0,0.05,0.0,154.0,2223
3.3,1.7,1.7,5,2,2,48.0,2.8,2,18.0,2,0.15,0.24,0.15,0.24,9.0,0.17,0.17,0.44,1.57,3.0,52.0,0.17,0.17,58.0,2223
3.0,3.7,3.7,11,2,2,36.0,10.5,2,47.0,10,0.14,0.4,0.14,0.4,4.0,0.08,0.38,0.42,1.78,4.0,52.0,0.38,0.08,163.0,1718
1.6,0.5,0.5,3,0,0,12.0,0.9,0,11.0,0,0.05,0.09,0.05,0.09,0.0,0.0,0.0,0.29,1.07,3.0,30.0,0.0,0.0,34.0,1920
3.4,1.6,1.6,10,1,1,28.0,3.6,1,23.0,4,0.1,0.24,0.1,0.24,0.0,0.07,0.26,0.66,1.52,0.0,25.0,0.26,0.07,102.0,2021
0.9,3.4,3.4,8,4,4,45.0,6.8,4,29.0,9,0.21,0.42,0.21,0.42,2.0,0.25,0.56,0.5,1.81,5.0,18.0,0.56,0.25,92.0,2122
0.2,0.9,0.9,6,1,1,23.0,2.9,1,13.0,4,0.07,0.21,0.07,0.21,2.0,0.07,0.29,0.43,0.93,1.0,20.0,0.29,0.07,79.0,2223
1.7,3.9,0.8,5,3,3,15.0,3.8,0,16.0,3,0.22,0.39,0.04,0.22,0.0,0.17,0.17,0.28,0.9,2.0,33.0,0.0,0.0,42.0,1819
3.3,1.7,1.7,6,2,2,26.0,5.2,2,30.0,4,0.08,0.25,0.08,0.25,1.0,0.1,0.19,0.29,1.44,3.0,26.0,0.19,0.1,58.0,1920
5.7,3.3,0.9,4,3,3,20.0,4.6,0,21.0,6,0.11,0.23,0.03,0.15,1.0,0.1,0.2,0.13,0.7,2.0,18.0,0.1,0.0,36.0,2021
2.0,5.7,0.9,3,7,7,18.0,2.2,1,12.0,9,0.23,0.28,0.04,0.09,0.0,0.29,0.37,0.12,0.49,0.0,21.0,0.12,0.04,31.0,2122
0.4,2.5,2.5,7,3,3,53.0,5.8,3,19.0,6,0.14,0.32,0.14,0.32,5.0,0.17,0.34,0.39,1.06,4.0,15.0,0.34,0.17,151.0,1819
1.0,0.4,0.4,2,0,0,32.0,2.9,0,4.0,1,0.03,0.21,0.03,0.21,0.0,0.0,0.07,0.14,0.29,0.0,9.0,0.07,0.0,149.0,1920
1.0,1.0,1.0,3,1,1,33.0,2.4,1,12.0,2,0.06,0.15,0.06,0.15,3.0,0.06,0.12,0.18,0.73,2.0,24.0,0.12,0.06,128.0,2021
1.9,0.5,0.5,1,0,0,11.0,1.2,0,8.0,0,0.08,0.18,0.08,0.18,0.0,0.0,0.0,0.15,1.23,1.0,6.0,0.0,0.0,25.0,2324
0.6,0.6,0.6,5,0,0,14.0,2.6,0,17.0,1,0.02,0.08,0.02,0.08,1.0,0.0,0.03,0.16,0.54,3.0,34.0,0.03,0.0,31.0,1819
1.2,0.6,0.6,2,0,0,8.0,1.1,0,11.0,0,0.04,0.07,0.04,0.07,2.0,0.0,0.0,0.13,0.73,1.0,21.0,0.0,0.0,21.0,1920
1.5,1.2,1.2,4,2,2,7.0,2.1,2,22.0,2,0.09,0.16,0.09,0.16,0.0,0.16,0.16,0.31,1.72,4.0,16.0,0.16,0.16,11.0,2021
8.7,9.3,9.3,27,6,6,194.0,19.9,6,63.0,15,0.35,0.75,0.35,0.75,15.0,0.23,0.57,1.02,2.38,10.0,49.0,0.57,0.23,320.0,1819
8.2,8.7,8.7,19,8,8,160.0,23.5,8,54.0,29,0.35,0.94,0.35,0.94,11.0,0.32,1.16,0.76,2.16,7.0,54.0,1.16,0.32,308.0,1920
10.5,8.2,7.4,17,11,11,205.0,17.4,10,50.0,30,0.27,0.61,0.25,0.59,14.0,0.37,1.01,0.57,1.68,6.0,80.0,0.98,0.34,325.0,2021
5.7,8.9,8.9,23,7,7,114.0,15.5,7,47.0,15,0.48,0.84,0.48,0.84,5.0,0.38,0.81,1.24,2.54,5.0,49.0,0.81,0.38,182.0,2223
3.8,5.7,5.7,11,5,5,113.0,14.1,5,36.0,14,0.31,0.77,0.31,0.77,15.0,0.27,0.76,0.6,1.96,7.0,27.0,0.76,0.27,188.0,2324
0.1,0.2,0.2,2,0,0,11.0,1.0,0,6.0,2,0.04,0.23,0.04,0.23,0.0,0.0,0.44,0.44,1.31,1.0,8.0,0.44,0.0,36.0,2021
1.5,1.6,1.6,3,3,3,16.0,2.2,3,22.0,3,0.06,0.08,0.06,0.08,0.0,0.11,0.11,0.11,0.83,1.0,33.0,0.11,0.11,40.0,1718
1.6,1.5,1.5,7,3,3,13.0,2.8,3,36.0,7,0.06,0.12,0.06,0.12,0.0,0.13,0.3,0.3,1.57,2.0,30.0,0.3,0.13,27.0,1819
1.3,1.6,1.6,8,3,3,16.0,2.7,3,32.0,3,0.06,0.1,0.06,0.1,0.0,0.11,0.11,0.28,1.13,2.0,24.0,0.11,0.11,15.0,1920
2.2,2.8,2.8,9,2,2,22.0,3.8,2,44.0,3,0.12,0.17,0.12,0.17,0.0,0.09,0.13,0.4,1.95,4.0,34.0,0.13,0.09,11.0,2122
0.4,2.2,2.2,4,3,3,29.0,3.8,3,28.0,3,0.08,0.14,0.08,0.14,0.0,0.11,0.11,0.14,1.01,2.0,33.0,0.11,0.11,35.0,2223
2.3,0.4,0.4,2,0,0,6.0,0.7,0,8.0,0,0.05,0.08,0.05,0.08,0.0,0.0,0.0,0.23,0.91,0.0,8.0,0.0,0.0,10.0,2324
0.8,5.4,5.4,21,7,7,108.0,13.4,7,50.0,20,0.21,0.51,0.21,0.51,12.0,0.26,0.76,0.79,1.89,9.0,61.0,0.76,0.26,281.0,1920
2.6,0.8,0.8,4,1,1,22.0,4.3,1,10.0,4,0.11,0.59,0.11,0.59,6.0,0.14,0.55,0.55,1.38,0.0,10.0,0.55,0.14,56.0,2021
1.3,2.6,2.6,6,4,4,53.0,4.6,4,22.0,5,0.18,0.31,0.18,0.31,11.0,0.27,0.34,0.4,1.48,2.0,23.0,0.34,0.27,131.0,2122
0.0,1.3,1.3,3,0,0,18.0,2.3,0,8.0,0,0.26,0.44,0.26,0.44,4.0,0.0,0.0,0.58,1.55,3.0,7.0,0.0,0.0,50.0,2223
1.2,1.1,1.1,4,2,2,48.0,2.3,2,10.0,4,0.07,0.14,0.07,0.14,0.0,0.12,0.25,0.25,0.62,1.0,21.0,0.25,0.12,103.0,2223
0.1,0.4,0.4,2,1,1,6.0,1.2,1,3.0,2,0.07,0.2,0.07,0.2,0.0,0.17,0.34,0.34,0.51,0.0,9.0,0.34,0.17,36.0,2223
1.0,0.1,0.1,1,0,0,4.0,0.2,0,3.0,0,0.03,0.05,0.03,0.05,0.0,0.0,0.0,0.26,0.78,0.0,5.0,0.0,0.0,6.0,2324
1.3,1.4,1.4,5,1,1,23.0,1.8,1,12.0,2,0.05,0.07,0.05,0.07,1.0,0.04,0.08,0.19,0.46,0.0,28.0,0.08,0.04,24.0,2122
0.0,1.3,1.3,4,2,2,18.0,1.4,2,15.0,2,0.06,0.06,0.06,0.06,1.0,0.09,0.09,0.18,0.67,1.0,5.0,0.09,0.09,4.0,2223
2.7,2.9,2.9,13,3,3,55.0,6.5,3,34.0,6,0.2,0.45,0.2,0.45,3.0,0.21,0.42,0.91,2.37,2.0,43.0,0.42,0.21,95.0,2223
5.4,2.7,2.7,10,1,1,53.0,3.5,1,27.0,2,0.23,0.3,0.23,0.3,3.0,0.09,0.17,0.87,2.35,7.0,49.0,0.17,0.09,112.0,2324
2.1,1.7,1.7,6,1,1,30.0,3.2,1,25.0,2,0.06,0.13,0.06,0.13,0.0,0.04,0.08,0.23,0.98,1.0,55.0,0.08,0.04,45.0,1819
0.3,1.1,1.1,4,2,2,16.0,1.9,2,16.0,3,0.05,0.09,0.05,0.09,1.0,0.09,0.14,0.18,0.73,2.0,27.0,0.14,0.09,17.0,2021
13.9,0.7,0.7,1,0,0,11.0,0.8,0,5.0,0,0.31,0.35,0.31,0.35,3.0,0.0,0.0,0.45,2.25,1.0,7.0,0.0,0.0,11.0,1819
2.1,3.6,3.6,20,8,8,71.0,5.7,8,69.0,8,0.13,0.21,0.13,0.21,17.0,0.3,0.3,0.75,2.58,7.0,55.0,0.3,0.3,190.0,2324
1.4,0.3,0.3,1,0,0,10.0,0.7,0,5.0,0,0.01,0.04,0.01,0.04,0.0,0.0,0.0,0.05,0.27,0.0,26.0,0.0,0.0,48.0,2021
1.8,1.8,1.8,7,3,3,24.0,1.9,3,15.0,3,0.06,0.07,0.06,0.07,1.0,0.11,0.11,0.25,0.53,0.0,10.0,0.11,0.11,2.0,2223
21.2,17.5,16.7,38,16,16,194.0,22.3,16,106.0,23,0.63,0.83,0.6,0.8,36.0,0.57,0.83,1.36,3.8,9.0,88.0,0.83,0.57,303.0,1819
11.4,21.2,18.9,60,28,28,240.0,28.4,25,120.0,36,0.68,0.99,0.61,0.91,43.0,0.9,1.16,1.93,3.86,11.0,85.0,1.06,0.81,365.0,1920
9.1,6.8,6.8,16,4,4,110.0,7.1,4,45.0,5,0.48,0.5,0.48,0.5,11.0,0.28,0.35,1.12,3.16,5.0,34.0,0.35,0.28,144.0,2122
3.7,9.1,9.1,24,9,9,133.0,12.2,9,61.0,12,0.42,0.57,0.42,0.57,25.0,0.42,0.56,1.12,2.83,7.0,53.0,0.56,0.42,209.0,2223
2.4,3.7,3.7,7,2,2,69.0,6.4,2,29.0,5,0.41,0.72,0.41,0.72,12.0,0.22,0.56,0.78,3.23,4.0,11.0,0.56,0.22,124.0,2324
0.2,0.9,0.9,4,1,1,53.0,4.0,1,18.0,2,0.06,0.26,0.06,0.26,1.0,0.06,0.13,0.25,1.15,4.0,65.0,0.13,0.06,97.0,2122
1.3,0.2,0.2,1,0,0,7.0,0.5,0,3.0,1,0.05,0.17,0.05,0.17,0.0,0.0,0.34,0.34,1.03,0.0,4.0,0.34,0.0,20.0,2223
2.0,2.8,2.8,8,4,4,56.0,5.4,4,19.0,7,0.13,0.24,0.13,0.24,0.0,0.18,0.31,0.36,0.85,2.0,34.0,0.31,0.18,159.0,1819
1.1,2.0,2.0,5,1,1,46.0,4.2,1,18.0,3,0.1,0.21,0.1,0.21,5.0,0.05,0.15,0.25,0.92,2.0,24.0,0.15,0.05,154.0,1920
2.2,0.7,0.7,3,1,1,21.0,2.2,1,7.0,1,0.03,0.09,0.03,0.09,1.0,0.04,0.04,0.13,0.3,0.0,27.0,0.04,0.04,115.0,2122
1.6,2.2,2.2,5,2,2,52.0,4.8,2,19.0,5,0.06,0.13,0.06,0.13,6.0,0.06,0.14,0.14,0.53,2.0,32.0,0.14,0.06,149.0,2223
0.4,1.6,1.6,4,1,1,58.0,3.5,1,14.0,4,0.06,0.12,0.06,0.12,3.0,0.03,0.14,0.14,0.48,4.0,25.0,0.14,0.03,113.0,2324
0.8,2.0,2.0,8,5,5,32.0,3.6,5,20.0,6,0.15,0.27,0.15,0.27,4.0,0.37,0.44,0.59,1.48,1.0,14.0,0.44,0.37,91.0,1920
0.5,0.8,0.8,2,1,1,16.0,1.0,1,6.0,1,0.16,0.22,0.16,0.22,4.0,0.21,0.21,0.42,1.25,0.0,5.0,0.21,0.21,45.0,2021
0.0,0.5,0.5,3,0,0,26.0,1.2,0,13.0,0,0.04,0.09,0.04,0.09,4.0,0.0,0.0,0.22,0.97,2.0,15.0,0.0,0.0,63.0,2122
0.1,0.1,0.1,1,0,0,8.0,0.5,0,4.0,0,0.01,0.05,0.01,0.05,0.0,0.0,0.0,0.11,0.45,0.0,5.0,0.0,0.0,43.0,1819
0.0,0.2,0.2,1,0,0,4.0,0.2,0,2.0,0,0.03,0.05,0.03,0.05,0.0,0.0,0.0,0.22,0.44,0.0,5.0,0.0,0.0,17.0,2021
3.7,3.0,3.0,9,3,3,34.0,4.2,3,24.0,3,0.31,0.43,0.31,0.43,4.0,0.31,0.31,0.92,2.46,3.0,24.0,0.31,0.31,80.0,2021
2.5,3.7,3.7,9,3,3,67.0,7.7,3,34.0,7,0.21,0.42,0.21,0.42,6.0,0.17,0.39,0.5,1.89,2.0,34.0,0.39,0.17,152.0,2122
1.5,2.5,2.5,11,0,0,38.0,4.1,0,30.0,2,0.13,0.21,0.13,0.21,4.0,0.0,0.1,0.57,1.54,5.0,24.0,0.1,0.0,169.0,2223
3.4,1.5,1.5,2,0,0,27.0,2.7,0,12.0,1,0.11,0.19,0.11,0.19,2.0,0.0,0.07,0.14,0.86,2.0,15.0,0.07,0.0,84.0,2324
0.8,0.2,0.2,1,0,0,9.0,0.6,0,3.0,0,0.01,0.04,0.01,0.04,1.0,0.0,0.0,0.07,0.21,1.0,17.0,0.0,0.0,21.0,1920
1.4,0.8,0.8,2,0,0,17.0,1.2,0,10.0,0,0.04,0.05,0.04,0.05,0.0,0.0,0.0,0.09,0.44,1.0,10.0,0.0,0.0,5.0,2021
1.8,0.7,0.7,3,0,0,15.0,1.0,0,9.0,0,0.06,0.08,0.06,0.08,1.0,0.0,0.0,0.24,0.72,1.0,17.0,0.0,0.0,36.0,1819
0.0,1.8,1.8,5,2,2,19.0,2.1,2,14.0,2,0.06,0.07,0.06,0.07,1.0,0.07,0.07,0.17,0.48,0.0,12.0,0.07,0.07,12.0,1920
2.5,9.9,9.9,23,10,10,120.0,13.3,10,59.0,13,0.44,0.6,0.44,0.6,9.0,0.45,0.58,1.03,2.64,8.0,53.0,0.58,0.45,186.0,2021
1.6,2.5,2.5,7,1,1,31.0,3.6,1,18.0,1,0.45,0.64,0.45,0.64,4.0,0.18,0.18,1.25,3.2,2.0,18.0,0.18,0.18,48.0,2122
1.9,0.7,0.7,1,0,0,13.0,0.9,0,6.0,0,0.2,0.28,0.2,0.28,2.0,0.0,0.0,0.3,1.82,0.0,6.0,0.0,0.0,28.0,2324
1.7,1.9,1.2,4,1,1,30.0,2.9,1,9.0,1,0.22,0.43,0.13,0.34,5.0,0.12,0.12,0.46,1.04,1.0,26.0,0.12,0.12,53.0,2324
0.0,0.9,0.9,2,0,0,14.0,2.6,0,8.0,4,0.04,0.1,0.04,0.1,1.0,0.0,0.16,0.08,0.31,0.0,20.0,0.16,0.0,10.0,1819
0.0,0.9,0.9,1,0,0,15.0,1.7,0,6.0,0,0.04,0.08,0.04,0.08,0.0,0.0,0.0,0.05,0.29,0.0,29.0,0.0,0.0,34.0,2021
0.7,1.1,1.1,5,0,0,18.0,1.8,0,19.0,0,0.03,0.05,0.03,0.05,1.0,0.0,0.0,0.15,0.59,4.0,6.0,0.0,0.0,5.0,1819
2.2,1.2,1.2,9,1,1,19.0,2.7,1,23.0,1,0.06,0.15,0.06,0.15,0.0,0.05,0.05,0.49,1.25,4.0,27.0,0.05,0.05,35.0,2122
0.4,1.0,1.0,2,0,0,8.0,1.8,0,7.0,0,0.29,0.5,0.29,0.5,0.0,0.0,0.0,0.57,2.0,0.0,10.0,0.0,0.0,12.0,2223
2.2,0.4,0.4,1,0,0,5.0,1.2,0,5.0,2,0.19,0.59,0.19,0.59,2.0,0.0,1.01,0.51,2.53,1.0,5.0,1.01,0.0,18.0,2324
1.5,0.5,0.5,4,1,1,14.0,1.6,1,12.0,2,0.06,0.19,0.06,0.19,1.0,0.12,0.24,0.47,1.42,1.0,15.0,0.24,0.12,25.0,2021
1.1,1.5,1.5,2,2,2,31.0,2.9,2,21.0,2,0.13,0.26,0.13,0.26,0.0,0.18,0.18,0.18,1.91,2.0,23.0,0.18,0.18,57.0,2223
0.8,1.1,1.1,8,1,1,31.0,3.4,1,17.0,5,0.07,0.2,0.07,0.2,0.0,0.06,0.3,0.48,1.03,2.0,29.0,0.3,0.06,72.0,2324
2.1,0.2,0.2,2,1,1,7.0,0.3,1,4.0,1,0.04,0.06,0.04,0.06,1.0,0.19,0.19,0.38,0.75,1.0,5.0,0.19,0.19,6.0,1819
0.7,2.1,2.1,5,1,1,28.0,2.8,1,17.0,1,0.19,0.26,0.19,0.26,0.0,0.09,0.09,0.46,1.58,3.0,11.0,0.09,0.09,43.0,1920
1.6,0.3,0.3,2,0,0,12.0,0.8,0,7.0,0,0.03,0.07,0.03,0.07,1.0,0.0,0.0,0.18,0.64,0.0,27.0,0.0,0.0,20.0,1819
0.2,1.6,1.6,5,1,1,23.0,2.1,1,17.0,1,0.07,0.09,0.07,0.09,1.0,0.04,0.04,0.22,0.75,4.0,28.0,0.04,0.04,32.0,1920
1.2,0.8,0.8,2,1,1,9.0,0.8,1,6.0,1,0.32,0.32,0.32,0.32,0.0,0.38,0.38,0.77,2.31,1.0,6.0,0.38,0.38,3.0,2122
0.4,1.2,1.2,2,0,0,15.0,1.3,0,9.0,0,0.19,0.22,0.19,0.22,1.0,0.0,0.0,0.33,1.51,1.0,17.0,0.0,0.0,13.0,2223
0.8,2.2,2.2,9,2,2,16.0,3.1,2,25.0,2,0.08,0.11,0.08,0.11,0.0,0.07,0.07,0.32,0.89,1.0,26.0,0.07,0.07,38.0,2223
0.4,0.8,0.8,2,1,1,14.0,1.2,1,19.0,3,0.05,0.08,0.05,0.08,0.0,0.07,0.2,0.13,1.27,1.0,27.0,0.2,0.07,29.0,2324
4.6,0.8,0.8,4,1,1,4.0,3.5,1,17.0,4,0.07,0.31,0.07,0.31,1.0,0.09,0.36,0.36,1.54,0.0,31.0,0.36,0.09,24.0,1920
0.0,4.6,4.6,17,4,4,30.0,7.0,4,45.0,5,0.16,0.24,0.16,0.24,2.0,0.14,0.17,0.59,1.56,4.0,46.0,0.17,0.14,76.0,2021
1.8,1.6,1.6,11,0,0,24.0,2.5,0,16.0,2,0.15,0.23,0.15,0.23,0.0,0.0,0.18,1.01,1.47,2.0,17.0,0.18,0.0,44.0,2122
0.6,1.8,1.8,5,1,1,17.0,2.2,1,11.0,1,0.32,0.39,0.32,0.39,1.0,0.18,0.18,0.88,1.93,0.0,13.0,0.18,0.18,29.0,2223
1.0,0.4,0.4,2,1,1,14.0,2.3,1,7.0,2,0.01,0.09,0.01,0.09,1.0,0.04,0.08,0.08,0.26,1.0,29.0,0.08,0.04,100.0,2122
0.5,1.0,1.0,4,2,2,21.0,4.8,2,11.0,7,0.03,0.14,0.03,0.14,1.0,0.06,0.21,0.12,0.32,1.0,21.0,0.21,0.06,153.0,2223
0.3,0.5,0.5,3,1,1,9.0,2.5,1,10.0,2,0.02,0.09,0.02,0.09,1.0,0.04,0.07,0.11,0.37,1.0,21.0,0.07,0.04,99.0,2324
2.1,2.4,2.4,12,4,4,46.0,4.2,4,33.0,4,0.12,0.21,0.12,0.21,1.0,0.2,0.2,0.61,1.68,5.0,33.0,0.2,0.2,94.0,2223
0.9,2.1,2.1,6,2,2,26.0,3.1,2,14.0,2,0.25,0.38,0.25,0.38,2.0,0.24,0.24,0.72,1.69,1.0,19.0,0.24,0.24,40.0,2324
1.4,0.9,0.9,3,0,0,19.0,1.5,0,15.0,0,0.15,0.27,0.15,0.27,1.0,0.0,0.0,0.52,2.61,3.0,5.0,0.0,0.0,54.0,2324
1.4,3.2,3.2,8,4,4,55.0,5.2,4,48.0,6,0.13,0.21,0.13,0.21,2.0,0.16,0.24,0.32,1.93,4.0,45.0,0.24,0.16,62.0,2122
0.2,1.4,1.4,5,2,2,17.0,1.7,2,20.0,2,0.15,0.17,0.15,0.17,0.0,0.2,0.2,0.51,2.04,3.0,10.0,0.2,0.2,22.0,2223
2.1,0.2,0.2,4,0,0,5.0,0.4,0,5.0,0,0.06,0.12,0.06,0.12,0.0,0.0,0.0,1.13,1.41,1.0,4.0,0.0,0.0,10.0,2324
0.6,0.4,0.4,3,0,0,6.0,0.9,0,14.0,0,0.03,0.06,0.03,0.06,0.0,0.0,0.0,0.22,1.03,0.0,7.0,0.0,0.0,17.0,2324
1.0,1.4,1.4,2,2,2,26.0,2.7,2,12.0,2,0.05,0.1,0.05,0.1,1.0,0.08,0.08,0.08,0.46,0.0,28.0,0.08,0.08,14.0,1819
0.7,1.0,1.0,1,1,1,4.0,1.8,1,2.0,1,0.06,0.12,0.06,0.12,0.0,0.07,0.07,0.07,0.13,0.0,11.0,0.07,0.07,2.0,1920
0.5,0.7,0.7,1,1,1,24.0,1.7,1,9.0,2,0.03,0.06,0.03,0.06,2.0,0.03,0.07,0.03,0.31,1.0,30.0,0.07,0.03,9.0,2021
1.0,1.2,1.2,10,3,3,18.0,2.5,3,34.0,4,0.04,0.08,0.04,0.08,0.0,0.1,0.13,0.32,1.09,3.0,36.0,0.13,0.1,41.0,1819
1.3,1.0,1.0,7,1,1,19.0,2.5,1,16.0,4,0.03,0.08,0.03,0.08,1.0,0.03,0.13,0.23,0.53,0.0,40.0,0.13,0.03,34.0,1920
0.3,1.3,1.3,4,1,1,26.0,3.3,1,22.0,2,0.04,0.1,0.04,0.1,0.0,0.03,0.06,0.13,0.7,3.0,41.0,0.06,0.03,52.0,2021
0.0,0.3,0.3,1,0,0,6.0,0.4,0,2.0,0,0.02,0.03,0.02,0.03,0.0,0.0,0.0,0.08,0.15,0.0,11.0,0.0,0.0,19.0,2122
4.0,5.5,4.8,11,5,5,86.0,7.0,5,45.0,6,0.16,0.22,0.14,0.2,4.0,0.15,0.18,0.32,1.32,3.0,40.0,0.18,0.15,54.0,2122
6.7,4.0,4.0,13,2,2,71.0,6.0,2,34.0,5,0.13,0.19,0.13,0.19,2.0,0.06,0.16,0.42,1.09,8.0,23.0,0.16,0.06,52.0,2223
6.7,6.7,6.7,15,7,7,72.0,8.4,7,43.0,9,0.21,0.26,0.21,0.26,10.0,0.22,0.28,0.47,1.35,4.0,20.0,0.28,0.22,39.0,2324
3.3,1.4,1.4,9,0,0,14.0,6.7,0,30.0,4,0.06,0.27,0.06,0.27,1.0,0.0,0.16,0.36,1.22,1.0,16.0,0.16,0.0,39.0,1819
2.3,3.3,3.3,20,4,4,36.0,8.4,4,57.0,9,0.11,0.29,0.11,0.29,2.0,0.14,0.31,0.68,1.93,4.0,16.0,0.31,0.14,73.0,1920
2.2,2.3,2.3,12,3,3,26.0,9.1,3,34.0,13,0.1,0.39,0.1,0.39,1.0,0.13,0.55,0.51,1.45,5.0,14.0,0.55,0.13,47.0,2021
1.4,2.2,2.2,12,1,1,23.0,5.4,1,46.0,4,0.09,0.23,0.09,0.23,0.0,0.04,0.17,0.51,1.97,0.0,8.0,0.17,0.04,38.0,2122
1.6,1.4,1.4,11,2,2,18.0,5.9,2,31.0,6,0.06,0.24,0.06,0.24,0.0,0.08,0.25,0.46,1.29,3.0,10.0,0.25,0.08,38.0,2223
0.7,0.4,0.4,2,1,1,5.0,0.7,1,4.0,1,0.09,0.13,0.09,0.13,0.0,0.19,0.19,0.38,0.77,0.0,5.0,0.19,0.19,15.0,1920
0.0,0.7,0.7,2,1,1,6.0,0.8,1,2.0,1,0.08,0.1,0.08,0.1,1.0,0.12,0.12,0.25,0.25,0.0,6.0,0.12,0.12,30.0,2021
0.2,0.8,0.8,1,1,1,18.0,1.8,1,9.0,1,0.08,0.18,0.08,0.18,4.0,0.1,0.1,0.1,0.89,0.0,8.0,0.1,0.1,47.0,2223
0.0,0.2,0.2,1,0,0,17.0,1.6,0,5.0,1,0.01,0.09,0.01,0.09,2.0,0.0,0.06,0.06,0.29,1.0,17.0,0.06,0.0,110.0,2324
0.8,1.1,1.1,5,0,0,38.0,2.7,0,19.0,1,0.07,0.18,0.07,0.18,3.0,0.0,0.07,0.33,1.26,1.0,36.0,0.07,0.0,85.0,1920
1.0,0.8,0.8,5,2,2,30.0,1.9,2,15.0,2,0.07,0.18,0.07,0.18,3.0,0.19,0.19,0.46,1.39,0.0,34.0,0.19,0.19,67.0,2021
0.0,1.0,1.0,3,1,1,44.0,2.6,1,17.0,4,0.11,0.26,0.11,0.26,7.0,0.1,0.4,0.3,1.71,0.0,20.0,0.4,0.1,91.0,2223
0.7,0.7,0.7,4,1,1,19.0,1.1,1,16.0,1,0.03,0.05,0.03,0.05,3.0,0.04,0.04,0.17,0.69,3.0,4.0,0.04,0.04,3.0,2223
0.9,0.7,0.7,5,2,2,29.0,0.8,2,14.0,2,0.04,0.05,0.04,0.05,0.0,0.11,0.11,0.28,0.78,4.0,4.0,0.11,0.11,5.0,2324
1.6,0.4,0.4,2,1,1,15.0,0.7,1,5.0,1,0.04,0.06,0.04,0.06,1.0,0.09,0.09,0.18,0.46,0.0,6.0,0.09,0.09,23.0,2223
0.7,1.6,1.6,5,1,1,22.0,2.8,1,10.0,4,0.05,0.09,0.05,0.09,2.0,0.03,0.13,0.16,0.32,3.0,17.0,0.13,0.03,11.0,2324
2.8,1.6,1.6,9,1,1,39.0,7.9,1,29.0,13,0.06,0.29,0.06,0.29,4.0,0.04,0.48,0.33,1.06,2.0,41.0,0.48,0.04,174.0,1819
2.6,2.8,2.8,13,4,4,54.0,13.7,4,44.0,17,0.08,0.39,0.08,0.39,3.0,0.11,0.48,0.37,1.25,6.0,47.0,0.48,0.11,226.0,1920
2.4,2.6,2.6,12,2,2,81.0,11.2,2,55.0,9,0.08,0.33,0.08,0.33,5.0,0.06,0.27,0.36,1.63,7.0,31.0,0.27,0.06,249.0,2021
2.6,2.4,2.4,8,2,2,44.0,13.8,2,40.0,11,0.07,0.43,0.07,0.43,5.0,0.06,0.34,0.25,1.23,5.0,35.0,0.34,0.06,139.0,2223
1.9,2.6,2.3,8,3,3,34.0,9.5,3,47.0,7,0.11,0.41,0.1,0.4,2.0,0.13,0.29,0.33,1.96,6.0,27.0,0.29,0.13,97.0,2324
1.1,1.6,1.6,3,2,2,20.0,2.2,2,15.0,4,0.06,0.09,0.06,0.09,0.0,0.08,0.16,0.12,0.6,0.0,25.0,0.16,0.08,20.0,2021
0.2,0.9,0.9,2,0,0,23.0,1.2,0,9.0,0,0.05,0.06,0.05,0.06,0.0,0.0,0.0,0.11,0.5,2.0,6.0,0.0,0.0,27.0,2223
0.8,0.2,0.2,2,1,1,4.0,0.3,1,2.0,1,0.02,0.02,0.02,0.02,0.0,0.09,0.09,0.19,0.19,0.0,10.0,0.09,0.09,9.0,2324
1.2,0.8,0.8,2,0,0,12.0,2.0,0,7.0,1,0.08,0.19,0.08,0.19,0.0,0.0,0.1,0.2,0.69,2.0,3.0,0.1,0.0,2.0,2425
0.4,0.4,0.4,3,1,1,15.0,2.6,1,8.0,4,0.03,0.18,0.03,0.18,2.0,0.07,0.27,0.2,0.54,0.0,25.0,0.27,0.07,78.0,1819
0.0,0.4,0.4,1,0,0,15.0,1.8,0,9.0,1,0.04,0.18,0.04,0.18,0.0,0.0,0.1,0.1,0.91,1.0,21.0,0.1,0.0,48.0,1920
0.2,0.8,0.8,4,2,2,24.0,3.3,2,20.0,6,0.07,0.27,0.07,0.27,1.0,0.17,0.5,0.33,1.67,1.0,15.0,0.5,0.17,74.0,2122
10.5,9.5,8.7,29,9,9,133.0,13.4,8,63.0,14,0.34,0.5,0.31,0.47,13.0,0.32,0.5,1.03,2.23,8.0,61.0,0.46,0.28,161.0,1819
0.1,10.5,5.8,16,10,10,103.0,9.3,5,39.0,12,0.42,0.57,0.23,0.38,12.0,0.4,0.49,0.65,1.58,4.0,51.0,0.28,0.2,104.0,1920
0.0,3.8,3.8,12,2,2,65.0,5.9,2,35.0,3,0.29,0.46,0.29,0.46,4.0,0.15,0.23,0.93,2.7,3.0,28.0,0.23,0.15,79.0,2021
1.4,2.3,2.3,3,2,2,27.0,3.1,2,17.0,3,0.08,0.1,0.08,0.1,1.0,0.07,0.1,0.1,0.56,2.0,27.0,0.1,0.07,17.0,2223
0.4,0.1,0.1,1,0,0,6.0,1.1,0,2.0,2,0.01,0.13,0.01,0.13,0.0,0.0,0.25,0.12,0.25,0.0,18.0,0.25,0.0,12.0,1819
1.3,0.4,0.4,1,0,0,11.0,1.0,0,7.0,0,0.04,0.1,0.04,0.1,0.0,0.0,0.0,0.09,0.66,2.0,7.0,0.0,0.0,49.0,1920
0.2,1.3,1.3,4,1,1,19.0,2.2,1,7.0,2,0.07,0.11,0.07,0.11,2.0,0.05,0.1,0.19,0.34,0.0,37.0,0.1,0.05,70.0,2021
1.6,0.6,0.6,1,0,0,35.0,1.8,0,6.0,2,0.02,0.05,0.02,0.05,2.0,0.0,0.06,0.03,0.19,0.0,35.0,0.06,0.0,90.0,2223
1.2,1.6,1.6,5,1,1,51.0,3.3,1,21.0,4,0.05,0.09,0.05,0.09,1.0,0.03,0.11,0.14,0.59,3.0,17.0,0.11,0.03,17.0,2122
0.3,3.1,3.1,4,2,2,28.0,5.0,2,19.0,6,0.14,0.23,0.14,0.23,3.0,0.09,0.28,0.19,0.89,1.0,16.0,0.28,0.09,42.0,2223
0.0,0.3,0.3,1,0,0,20.0,1.2,0,5.0,1,0.02,0.1,0.02,0.1,3.0,0.0,0.08,0.08,0.41,0.0,19.0,0.08,0.0,35.0,2324
5.9,2.7,1.1,7,6,6,7.0,3.6,4,29.0,8,0.16,0.31,0.07,0.22,0.0,0.35,0.47,0.41,1.71,1.0,41.0,0.35,0.24,31.0,1920
7.1,5.9,2.8,17,5,5,38.0,9.6,3,52.0,10,0.25,0.53,0.12,0.4,1.0,0.21,0.42,0.71,2.16,10.0,49.0,0.33,0.12,76.0,2021
8.6,7.1,3.9,34,8,8,56.0,9.8,5,77.0,15,0.26,0.48,0.15,0.37,2.0,0.3,0.56,1.27,2.87,5.0,84.0,0.45,0.19,122.0,2122
3.6,0.4,0.4,1,1,1,2.0,0.4,1,1.0,1,0.47,0.47,0.47,0.47,4.0,1.1,1.1,1.1,1.1,0.0,6.0,1.1,1.1,6.0,2223
0.2,3.6,3.6,10,3,3,60.0,4.7,3,33.0,4,0.3,0.39,0.3,0.39,27.0,0.25,0.33,0.84,2.76,4.0,49.0,0.33,0.25,74.0,2324
0.1,0.5,0.5,3,0,0,9.0,1.6,0,15.0,2,0.04,0.14,0.04,0.14,0.0,0.0,0.18,0.27,1.34,0.0,10.0,0.18,0.0,27.0,2324
0.5,0.3,0.3,1,0,0,18.0,1.0,0,6.0,1,0.01,0.04,0.01,0.04,0.0,0.0,0.04,0.04,0.27,1.0,11.0,0.04,0.0,15.0,1819
0.1,0.2,0.2,2,0,0,8.0,0.3,0,5.0,1,0.01,0.02,0.01,0.02,0.0,0.0,0.05,0.11,0.26,0.0,5.0,0.05,0.0,3.0,2223
0.0,0.1,0.1,1,1,1,7.0,0.1,1,2.0,1,0.02,0.02,0.02,0.02,0.0,0.16,0.16,0.16,0.32,0.0,3.0,0.16,0.16,1.0,2324
1.1,0.9,0.9,9,1,1,11.0,4.1,1,28.0,5,0.05,0.2,0.05,0.2,1.0,0.05,0.25,0.45,1.41,2.0,19.0,0.25,0.05,25.0,1920
1.1,1.1,1.1,10,3,3,14.0,2.8,3,25.0,3,0.07,0.18,0.07,0.18,1.0,0.19,0.19,0.63,1.58,3.0,19.0,0.19,0.19,14.0,2021
1.3,1.1,1.1,7,0,0,18.0,2.6,0,19.0,0,0.09,0.2,0.09,0.2,5.0,0.0,0.0,0.54,1.47,1.0,18.0,0.0,0.0,36.0,2122
1.1,1.3,1.3,10,1,1,22.0,2.7,1,26.0,3,0.09,0.19,0.09,0.19,2.0,0.07,0.22,0.72,1.87,1.0,27.0,0.22,0.07,43.0,2223
1.6,1.1,1.1,5,1,1,16.0,3.7,1,32.0,3,0.05,0.16,0.05,0.16,3.0,0.04,0.13,0.21,1.37,4.0,26.0,0.13,0.04,59.0,2324
0.7,1.1,1.1,3,0,0,15.0,1.5,0,12.0,0,0.09,0.13,0.09,0.13,0.0,0.0,0.0,0.25,1.02,1.0,2.0,0.0,0.0,2.0,1819
1.8,0.7,0.7,3,0,0,15.0,0.7,0,8.0,0,0.04,0.04,0.04,0.04,0.0,0.0,0.0,0.17,0.46,0.0,9.0,0.0,0.0,4.0,1920
0.8,1.8,1.8,5,1,1,16.0,2.1,1,12.0,2,0.08,0.09,0.08,0.09,1.0,0.04,0.09,0.21,0.51,1.0,7.0,0.09,0.04,1.0,2021
1.2,0.8,0.8,1,0,0,10.0,1.0,0,6.0,0,0.12,0.15,0.12,0.15,0.0,0.0,0.0,0.14,0.87,0.0,4.0,0.0,0.0,3.0,2122
1.4,1.2,1.2,5,0,0,22.0,1.3,0,15.0,0,0.03,0.04,0.03,0.04,1.0,0.0,0.0,0.14,0.43,0.0,17.0,0.0,0.0,5.0,2223
0.2,1.4,1.4,5,1,1,39.0,2.2,1,22.0,1,0.05,0.07,0.05,0.07,0.0,0.03,0.03,0.16,0.71,2.0,31.0,0.03,0.03,2.0,2324
0.5,0.9,0.9,2,0,0,23.0,1.6,0,20.0,0,0.03,0.06,0.03,0.06,0.0,0.0,0.0,0.08,0.76,0.0,25.0,0.0,0.0,20.0,2122
0.0,0.5,0.5,2,0,0,11.0,1.3,0,4.0,2,0.04,0.08,0.04,0.08,1.0,0.0,0.13,0.13,0.26,1.0,18.0,0.13,0.0,8.0,2425
0.8,0.9,0.9,1,0,0,14.0,1.3,0,16.0,0,0.07,0.1,0.07,0.1,1.0,0.0,0.0,0.07,1.19,1.0,19.0,0.0,0.0,15.0,2122
0.2,4.7,3.1,4,4,4,30.0,4.7,2,19.0,5,0.44,0.58,0.29,0.44,9.0,0.37,0.47,0.37,1.77,2.0,49.0,0.28,0.19,73.0,2021
2.5,0.5,0.5,2,0,0,11.0,0.6,0,9.0,0,0.08,0.1,0.08,0.1,0.0,0.0,0.0,0.32,1.46,2.0,12.0,0.0,0.0,17.0,2324
0.0,2.3,2.3,7,2,2,41.0,4.0,2,23.0,5,0.18,0.31,0.18,0.31,3.0,0.15,0.38,0.54,1.77,1.0,30.0,0.38,0.15,75.0,2324
0.0,0.2,0.2,2,0,0,3.0,1.2,0,4.0,1,0.04,0.31,0.04,0.31,1.0,0.0,0.25,0.5,1.01,0.0,13.0,0.25,0.0,35.0,1819
1.3,0.2,0.2,1,0,0,8.0,0.8,0,5.0,0,0.06,0.19,0.06,0.19,1.0,0.0,0.0,0.25,1.27,0.0,6.0,0.0,0.0,31.0,1920
1.1,1.6,1.6,5,2,2,45.0,3.2,2,18.0,5,0.05,0.1,0.05,0.1,3.0,0.06,0.15,0.15,0.53,2.0,38.0,0.15,0.06,86.0,2324
0.3,2.3,1.6,9,0,0,30.0,3.8,0,36.0,2,0.12,0.23,0.08,0.19,0.0,0.0,0.1,0.45,1.81,5.0,32.0,0.1,0.0,40.0,1920
2.4,0.7,0.7,6,1,1,15.0,1.7,1,17.0,3,0.03,0.08,0.03,0.08,1.0,0.05,0.14,0.29,0.81,3.0,34.0,0.14,0.05,44.0,2021
1.7,2.4,2.4,9,0,0,25.0,3.8,0,28.0,1,0.1,0.16,0.1,0.16,0.0,0.0,0.04,0.37,1.15,4.0,28.0,0.04,0.0,79.0,2122
0.6,1.7,1.7,4,1,1,41.0,4.4,1,22.0,3,0.05,0.13,0.05,0.13,0.0,0.03,0.09,0.12,0.65,1.0,31.0,0.09,0.03,72.0,2223
0.6,1.0,1.0,3,0,0,17.0,3.5,0,16.0,3,0.03,0.11,0.03,0.11,3.0,0.0,0.1,0.1,0.52,0.0,43.0,0.1,0.0,121.0,1718
0.0,0.6,0.6,3,0,0,12.0,1.6,0,14.0,4,0.04,0.1,0.04,0.1,2.0,0.0,0.25,0.18,0.86,0.0,26.0,0.25,0.0,79.0,1819
0.4,2.3,2.3,4,2,2,28.0,3.4,2,15.0,2,0.16,0.25,0.16,0.25,3.0,0.15,0.15,0.29,1.09,1.0,16.0,0.15,0.15,71.0,2021
1.7,0.4,0.4,2,0,0,23.0,3.1,0,7.0,3,0.03,0.21,0.03,0.21,1.0,0.0,0.2,0.13,0.46,2.0,16.0,0.2,0.0,84.0,2223
1.0,1.7,1.7,4,0,0,33.0,4.7,0,17.0,4,0.08,0.21,0.08,0.21,1.0,0.0,0.18,0.18,0.77,1.0,35.0,0.18,0.0,106.0,2324
0.3,0.4,0.4,2,1,1,27.0,1.2,1,4.0,1,0.03,0.08,0.03,0.08,1.0,0.07,0.07,0.14,0.27,1.0,17.0,0.07,0.07,76.0,2324
13.4,7.3,7.3,19,4,4,106.0,8.9,4,54.0,7,0.39,0.48,0.39,0.48,20.0,0.21,0.37,1.02,2.89,4.0,54.0,0.37,0.21,132.0,2324
1.9,5.8,4.3,12,3,3,61.0,6.9,1,39.0,5,0.3,0.43,0.22,0.35,5.0,0.15,0.25,0.61,1.98,7.0,60.0,0.15,0.05,140.0,1920
0.6,1.9,1.9,10,3,3,28.0,3.6,3,24.0,6,0.17,0.32,0.17,0.32,1.0,0.27,0.54,0.9,2.16,2.0,42.0,0.54,0.27,82.0,2021
0.8,0.6,0.6,4,0,0,9.0,1.2,0,9.0,1,0.18,0.34,0.18,0.34,0.0,0.0,0.29,1.16,2.61,1.0,8.0,0.29,0.0,23.0,2122
0.6,0.8,0.8,1,0,0,9.0,1.0,0,11.0,0,0.17,0.22,0.17,0.22,0.0,0.0,0.0,0.21,2.36,1.0,20.0,0.0,0.0,24.0,2122
0.8,0.7,0.7,2,2,2,23.0,1.5,2,5.0,2,0.12,0.26,0.12,0.26,3.0,0.36,0.36,0.36,0.89,0.0,15.0,0.36,0.36,54.0,2324
0.2,0.8,0.8,2,1,1,7.0,1.1,1,9.0,1,0.06,0.07,0.06,0.07,0.0,0.07,0.07,0.13,0.6,2.0,15.0,0.07,0.07,5.0,1819
0.5,0.2,0.2,1,0,0,2.0,0.2,0,5.0,0,0.02,0.02,0.02,0.02,0.0,0.0,0.0,0.08,0.41,1.0,10.0,0.0,0.0,3.0,1920
0.1,0.5,0.5,1,0,0,6.0,0.6,0,4.0,0,0.05,0.06,0.05,0.06,0.0,0.0,0.0,0.1,0.4,1.0,7.0,0.0,0.0,16.0,2021
0.0,0.9,0.9,2,0,0,14.0,1.6,0,12.0,1,0.09,0.16,0.09,0.16,1.0,0.0,0.1,0.19,1.15,1.0,17.0,0.1,0.0,54.0,1920
1.7,0.5,0.5,1,0,0,6.0,1.2,0,11.0,0,0.12,0.31,0.12,0.31,0.0,0.0,0.0,0.25,2.8,1.0,5.0,0.0,0.0,23.0,1819
0.1,1.7,0.9,4,2,2,17.0,3.1,1,15.0,4,0.14,0.32,0.08,0.26,3.0,0.16,0.33,0.33,1.23,2.0,34.0,0.25,0.08,72.0,1819
1.3,4.8,4.8,19,8,8,101.0,7.9,8,53.0,10,0.2,0.33,0.2,0.33,5.0,0.33,0.41,0.79,2.2,4.0,44.0,0.41,0.33,111.0,1819
2.2,1.3,1.3,4,2,2,40.0,4.1,2,20.0,6,0.09,0.27,0.09,0.27,2.0,0.13,0.4,0.27,1.33,1.0,23.0,0.4,0.13,97.0,1920
4.4,2.2,2.2,4,3,3,20.0,2.2,3,9.0,3,0.23,0.23,0.23,0.23,2.0,0.32,0.32,0.42,0.95,0.0,12.0,0.32,0.32,38.0,2021
2.5,4.4,4.4,16,4,4,54.0,7.3,4,32.0,7,0.2,0.33,0.2,0.33,7.0,0.18,0.32,0.73,1.46,3.0,29.0,0.32,0.18,95.0,2122
2.1,2.4,2.4,8,1,1,51.0,5.9,1,26.0,5,0.1,0.24,0.1,0.24,3.0,0.04,0.2,0.33,1.06,2.0,37.0,0.2,0.04,175.0,2223
5.4,12.4,11.8,19,10,10,90.0,13.2,9,52.0,12,0.62,0.69,0.59,0.66,25.0,0.5,0.6,0.95,2.59,4.0,70.0,0.55,0.45,111.0,1819
1.1,5.4,4.7,12,7,7,43.0,7.1,6,27.0,9,0.39,0.57,0.33,0.51,13.0,0.5,0.64,0.86,1.93,3.0,30.0,0.57,0.43,75.0,1920
5.3,3.2,3.2,8,1,1,63.0,3.8,1,31.0,1,0.34,0.41,0.34,0.41,15.0,0.11,0.11,0.87,3.35,5.0,32.0,0.11,0.11,79.0,2021
12.5,0.4,0.4,2,0,0,9.0,0.4,0,4.0,0,0.17,0.17,0.17,0.17,1.0,0.0,0.0,0.84,1.67,0.0,10.0,0.0,0.0,23.0,2122
10.4,12.5,8.6,25,15,15,112.0,10.6,11,71.0,18,0.38,0.45,0.26,0.33,29.0,0.46,0.55,0.77,2.18,7.0,80.0,0.43,0.34,152.0,2223
9.7,10.4,8.0,21,7,7,116.0,10.6,6,62.0,9,0.4,0.5,0.31,0.41,31.0,0.27,0.35,0.81,2.4,6.0,82.0,0.31,0.23,134.0,2324
0.2,3.8,3.8,4,1,1,33.0,4.8,1,21.0,3,0.13,0.16,0.13,0.16,1.0,0.03,0.1,0.14,0.71,1.0,22.0,0.1,0.03,26.0,1920
0.3,0.3,0.3,2,0,0,13.0,2.6,0,6.0,3,0.01,0.1,0.01,0.1,1.0,0.0,0.12,0.08,0.23,2.0,14.0,0.12,0.0,74.0,2324
0.3,0.7,0.7,1,1,1,14.0,1.9,1,8.0,2,0.02,0.06,0.02,0.06,0.0,0.03,0.07,0.03,0.28,1.0,11.0,0.07,0.03,2.0,1819
0.3,0.2,0.2,2,0,0,10.0,0.8,0,3.0,2,0.01,0.03,0.01,0.03,2.0,0.0,0.08,0.08,0.11,0.0,8.0,0.08,0.0,3.0,2122
0.0,0.8,0.8,4,1,1,15.0,1.1,1,6.0,2,0.05,0.07,0.05,0.07,3.0,0.07,0.14,0.27,0.41,0.0,5.0,0.14,0.07,17.0,2324
10.5,10.6,10.6,24,10,10,106.0,13.1,10,66.0,13,0.61,0.75,0.61,0.75,20.0,0.57,0.74,1.37,3.78,4.0,45.0,0.74,0.57,100.0,2021
21.3,10.5,10.5,29,14,14,142.0,12.4,14,91.0,16,0.48,0.56,0.48,0.56,19.0,0.64,0.73,1.32,4.13,4.0,76.0,0.73,0.64,178.0,2122
15.4,21.3,18.9,52,26,26,232.0,21.8,24,132.0,30,0.75,0.85,0.66,0.76,32.0,0.91,1.05,1.82,4.63,11.0,96.0,0.98,0.84,196.0,2223
0.0,1.0,1.0,2,1,1,5.0,1.0,1,7.0,1,0.17,0.18,0.17,0.18,0.0,0.17,0.17,0.35,1.22,0.0,8.0,0.17,0.17,6.0,1819
1.6,0.3,0.3,2,1,1,14.0,1.7,1,8.0,4,0.02,0.12,0.02,0.12,0.0,0.07,0.27,0.14,0.54,0.0,28.0,0.27,0.07,35.0,2122
0.9,1.6,1.6,1,0,0,19.0,2.2,0,11.0,0,0.26,0.36,0.26,0.36,1.0,0.0,0.0,0.16,1.81,0.0,9.0,0.0,0.0,28.0,2223
0.1,0.9,0.9,4,1,1,13.0,1.7,1,11.0,2,0.14,0.25,0.14,0.25,2.0,0.15,0.29,0.59,1.62,0.0,9.0,0.29,0.15,24.0,2324
2.8,6.2,6.2,15,8,8,104.0,12.1,8,44.0,15,0.27,0.53,0.27,0.53,4.0,0.35,0.66,0.66,1.93,4.0,45.0,0.66,0.35,226.0,2324
0.0,0.1,0.1,1,0,0,1.0,0.6,0,2.0,0,0.01,0.06,0.01,0.06,0.0,0.0,0.0,0.1,0.2,0.0,8.0,0.0,0.0,21.0,1819
0.1,0.2,0.2,2,0,0,7.0,1.1,0,6.0,0,0.01,0.04,0.01,0.04,0.0,0.0,0.0,0.08,0.23,0.0,15.0,0.0,0.0,103.0,2021
0.9,0.6,0.6,2,0,0,9.0,0.8,0,6.0,0,0.06,0.08,0.06,0.08,1.0,0.0,0.0,0.2,0.59,0.0,8.0,0.0,0.0,14.0,2021
4.2,5.9,1.9,6,6,6,23.0,4.2,2,31.0,8,0.23,0.33,0.08,0.17,3.0,0.24,0.32,0.24,1.23,7.0,32.0,0.16,0.08,73.0,2324
3.5,1.5,0.7,2,1,1,13.0,1.3,0,14.0,3,0.4,0.56,0.19,0.35,1.0,0.27,0.81,0.54,3.76,2.0,4.0,0.54,0.0,36.0,1819
0.0,3.5,2.7,17,4,4,56.0,9.1,3,48.0,12,0.19,0.54,0.15,0.49,6.0,0.22,0.67,0.95,2.67,10.0,44.0,0.61,0.17,112.0,1920
8.7,8.1,4.9,23,9,9,69.0,12.0,5,54.0,19,0.31,0.59,0.19,0.47,2.0,0.35,0.74,0.89,2.1,8.0,58.0,0.58,0.19,153.0,2021
10.3,8.7,4.0,18,9,9,74.0,11.4,4,62.0,16,0.28,0.52,0.13,0.37,1.0,0.29,0.52,0.58,2.01,10.0,48.0,0.36,0.13,165.0,2122
7.7,10.3,3.9,25,15,15,65.0,9.4,8,58.0,20,0.39,0.59,0.14,0.35,5.0,0.56,0.75,0.93,2.17,8.0,42.0,0.49,0.3,124.0,2223
7.9,7.7,3.0,12,8,8,64.0,11.2,2,42.0,16,0.3,0.62,0.12,0.43,6.0,0.31,0.62,0.46,1.63,3.0,37.0,0.39,0.08,148.0,2324
6.5,4.3,4.3,17,3,3,144.0,7.7,3,38.0,4,0.28,0.51,0.28,0.51,9.0,0.2,0.26,1.12,2.51,6.0,38.0,0.26,0.2,224.0,1920
12.3,6.5,6.5,13,3,3,125.0,11.3,3,40.0,6,0.3,0.52,0.3,0.52,8.0,0.14,0.27,0.59,1.83,3.0,67.0,0.27,0.14,283.0,2021
10.5,12.3,12.3,42,17,17,228.0,20.3,17,80.0,27,0.41,0.68,0.41,0.68,26.0,0.57,0.9,1.41,2.68,9.0,86.0,0.9,0.57,485.0,2122
13.1,10.5,10.5,36,10,10,260.0,19.9,10,77.0,19,0.34,0.63,0.34,0.63,23.0,0.32,0.61,1.15,2.45,11.0,103.0,0.61,0.32,495.0,2223
10.4,13.1,12.3,38,15,15,193.0,16.6,14,77.0,20,0.63,0.84,0.59,0.8,10.0,0.72,0.97,1.83,3.72,8.0,71.0,0.92,0.68,277.0,2324
0.6,0.8,0.8,4,1,1,20.0,1.4,1,10.0,2,0.03,0.05,0.03,0.05,0.0,0.04,0.07,0.15,0.37,2.0,30.0,0.07,0.04,14.0,2223
1.5,0.5,0.5,3,0,0,26.0,1.8,0,10.0,0,0.02,0.06,0.02,0.06,0.0,0.0,0.0,0.1,0.34,2.0,32.0,0.0,0.0,72.0,2223
1.8,2.4,2.4,5,3,3,36.0,3.8,3,14.0,4,0.1,0.15,0.1,0.15,2.0,0.12,0.16,0.2,0.57,3.0,18.0,0.16,0.12,28.0,2223
0.8,1.8,1.8,7,1,1,72.0,6.5,1,21.0,4,0.05,0.19,0.05,0.19,3.0,0.03,0.12,0.21,0.62,3.0,27.0,0.12,0.03,81.0,2324
3.0,4.0,4.0,9,2,2,42.0,4.2,2,25.0,2,0.77,0.8,0.77,0.8,4.0,0.39,0.39,1.75,4.85,2.0,18.0,0.39,0.39,41.0,2223
5.1,3.0,3.0,11,2,2,38.0,6.1,2,31.0,5,0.11,0.22,0.11,0.22,0.0,0.07,0.18,0.4,1.14,4.0,33.0,0.18,0.07,94.0,2223
3.1,5.1,5.1,9,3,3,72.0,8.0,3,37.0,5,0.5,0.78,0.5,0.78,6.0,0.29,0.49,0.88,3.61,3.0,35.0,0.49,0.29,84.0,2324
1.1,3.1,3.1,19,7,7,50.0,6.3,7,45.0,11,0.13,0.27,0.13,0.27,1.0,0.3,0.47,0.8,1.9,0.0,31.0,0.47,0.3,122.0,2324
3.4,1.1,1.1,5,2,2,21.0,1.3,2,14.0,2,0.36,0.4,0.36,0.4,2.0,0.63,0.63,1.58,4.42,0.0,14.0,0.63,0.63,21.0,2324
1.6,3.4,1.8,12,5,5,32.0,4.4,3,25.0,6,0.15,0.27,0.08,0.2,0.0,0.22,0.26,0.53,1.1,2.0,30.0,0.18,0.13,57.0,2425
0.9,0.7,0.7,4,1,1,29.0,1.5,1,6.0,1,0.09,0.19,0.09,0.19,2.0,0.13,0.13,0.52,0.78,0.0,12.0,0.13,0.13,63.0,1718
2.8,0.9,0.9,1,0,0,26.0,1.9,0,8.0,1,0.11,0.23,0.11,0.23,2.0,0.0,0.12,0.12,0.96,1.0,19.0,0.12,0.0,56.0,1819
0.4,2.8,2.8,10,3,3,50.0,4.5,3,16.0,5,0.2,0.33,0.2,0.33,8.0,0.22,0.37,0.73,1.17,3.0,41.0,0.37,0.22,89.0,1920
0.0,1.0,1.0,6,1,1,20.0,4.1,1,29.0,4,0.04,0.17,0.04,0.17,1.0,0.04,0.17,0.25,1.2,3.0,26.0,0.17,0.04,54.0,1819
0.0,0.7,0.7,4,0,0,8.0,1.8,0,8.0,0,0.16,0.43,0.16,0.43,1.0,0.0,0.0,0.95,1.91,0.0,22.0,0.0,0.0,37.0,1819
0.4,1.3,1.3,3,2,2,17.0,1.7,2,12.0,3,0.06,0.08,0.06,0.08,1.0,0.1,0.15,0.15,0.59,2.0,11.0,0.15,0.1,9.0,2021
0.0,0.4,0.4,2,0,0,9.0,0.5,0,9.0,0,0.02,0.02,0.02,0.02,1.0,0.0,0.0,0.08,0.35,1.0,13.0,0.0,0.0,3.0,2122
0.3,0.8,0.8,4,0,0,30.0,2.9,0,11.0,4,0.03,0.12,0.03,0.12,2.0,0.0,0.16,0.16,0.45,1.0,30.0,0.16,0.0,119.0,2122
3.1,1.0,1.0,4,0,0,9.0,1.7,0,9.0,1,0.23,0.42,0.23,0.42,0.0,0.0,0.24,0.96,2.15,0.0,8.0,0.24,0.0,12.0,1819
1.7,3.1,3.1,14,3,3,42.0,7.7,3,43.0,7,0.12,0.31,0.12,0.31,2.0,0.12,0.28,0.56,1.72,5.0,49.0,0.28,0.12,106.0,1920
1.9,1.7,1.7,7,1,1,36.0,6.9,1,27.0,7,0.08,0.33,0.08,0.33,2.0,0.05,0.33,0.33,1.28,0.0,42.0,0.33,0.05,105.0,2021
0.0,1.9,1.9,9,2,2,20.0,5.2,2,24.0,7,0.09,0.26,0.09,0.26,4.0,0.1,0.35,0.45,1.21,4.0,37.0,0.35,0.1,69.0,2122
0.0,0.2,0.2,1,0,0,2.0,0.3,0,1.0,0,0.02,0.02,0.02,0.02,0.0,0.0,0.0,0.07,0.07,0.0,4.0,0.0,0.0,0.0,1819
4.0,1.4,1.4,4,1,1,27.0,2.9,1,21.0,1,0.1,0.21,0.1,0.21,2.0,0.07,0.07,0.29,1.51,0.0,36.0,0.07,0.07,51.0,1718
0.0,0.3,0.3,2,0,0,6.0,2.5,0,9.0,1,0.02,0.17,0.02,0.17,2.0,0.0,0.07,0.14,0.63,0.0,26.0,0.07,0.0,34.0,1920
0.9,0.7,0.7,2,0,0,18.0,0.7,0,9.0,0,0.04,0.04,0.04,0.04,0.0,0.0,0.0,0.1,0.44,1.0,3.0,0.0,0.0,1.0,2122
0.3,0.9,0.9,2,1,1,6.0,1.0,1,2.0,1,0.09,0.09,0.09,0.09,1.0,0.09,0.09,0.19,0.19,0.0,2.0,0.09,0.09,2.0,2223
0.8,0.4,0.4,1,0,0,2.0,0.9,0,5.0,2,0.05,0.1,0.05,0.1,0.0,0.0,0.22,0.11,0.54,1.0,4.0,0.22,0.0,9.0,2021
0.0,0.8,0.8,2,1,1,13.0,0.9,1,13.0,1,0.05,0.06,0.05,0.06,0.0,0.06,0.06,0.12,0.78,2.0,5.0,0.06,0.06,6.0,2122
0.9,1.5,1.5,4,2,2,9.0,1.6,2,4.0,2,0.06,0.07,0.06,0.07,3.0,0.08,0.08,0.17,0.17,0.0,9.0,0.08,0.08,3.0,2021
0.1,0.9,0.9,1,0,0,13.0,1.0,0,7.0,0,0.05,0.06,0.05,0.06,2.0,0.0,0.0,0.06,0.44,1.0,13.0,0.0,0.0,2.0,2122
0.4,0.5,0.5,2,0,0,13.0,1.3,0,12.0,2,0.03,0.09,0.03,0.09,2.0,0.0,0.14,0.14,0.85,0.0,17.0,0.14,0.0,34.0,1819
4.8,3.8,3.0,8,3,3,47.0,4.5,2,44.0,5,0.3,0.42,0.24,0.35,5.0,0.23,0.39,0.63,3.45,4.0,45.0,0.31,0.16,98.0,1920
7.7,4.8,2.4,10,7,7,34.0,3.9,4,29.0,8,0.36,0.48,0.18,0.3,7.0,0.53,0.61,0.76,2.21,2.0,40.0,0.38,0.3,64.0,2021
4.1,7.7,4.6,18,10,10,81.0,7.0,6,69.0,10,0.31,0.41,0.18,0.28,22.0,0.4,0.4,0.73,2.79,8.0,79.0,0.24,0.24,144.0,2122
3.3,4.1,4.1,16,4,4,64.0,5.8,4,38.0,5,0.23,0.32,0.23,0.32,13.0,0.22,0.28,0.88,2.09,5.0,49.0,0.28,0.22,91.0,2223
2.3,3.3,3.3,15,1,1,52.0,4.5,1,42.0,1,0.26,0.36,0.26,0.36,7.0,0.08,0.08,1.19,3.34,2.0,31.0,0.08,0.08,76.0,2324
0.4,1.2,1.2,6,1,1,6.0,1.6,1,31.0,2,0.06,0.09,0.06,0.09,1.0,0.05,0.11,0.32,1.67,4.0,23.0,0.11,0.05,34.0,1819
0.8,0.8,0.8,6,1,1,14.0,1.4,1,19.0,2,0.04,0.06,0.04,0.06,2.0,0.05,0.09,0.27,0.86,1.0,35.0,0.09,0.05,23.0,1819
0.7,0.8,0.8,2,0,0,9.0,1.4,0,11.0,0,0.06,0.11,0.06,0.11,1.0,0.0,0.0,0.16,0.87,1.0,33.0,0.0,0.0,11.0,1920
1.5,0.7,0.7,4,0,0,12.0,1.0,0,17.0,0,0.03,0.04,0.03,0.04,1.0,0.0,0.0,0.18,0.74,3.0,40.0,0.0,0.0,16.0,2021
1.1,1.5,1.5,11,1,1,15.0,3.3,1,47.0,1,0.04,0.1,0.04,0.1,1.0,0.03,0.03,0.33,1.42,10.0,49.0,0.03,0.03,20.0,2122
2.1,1.3,1.3,4,0,0,28.0,2.2,0,12.0,1,0.04,0.07,0.04,0.07,1.0,0.0,0.03,0.13,0.4,2.0,24.0,0.03,0.0,12.0,2021
1.7,1.7,1.7,6,0,0,34.0,2.7,0,28.0,3,0.05,0.09,0.05,0.09,0.0,0.0,0.09,0.19,0.87,4.0,28.0,0.09,0.0,15.0,2324
1.1,0.6,0.6,4,0,0,20.0,1.6,0,17.0,2,0.06,0.16,0.06,0.16,4.0,0.0,0.21,0.41,1.74,3.0,15.0,0.21,0.0,56.0,1920
1.0,9.0,8.2,26,7,7,100.0,9.6,6,59.0,8,0.38,0.44,0.35,0.41,16.0,0.3,0.34,1.1,2.5,5.0,72.0,0.3,0.25,139.0,2324
0.7,0.6,0.6,1,0,0,8.0,1.0,0,3.0,0,0.04,0.06,0.04,0.06,3.0,0.0,0.0,0.07,0.2,1.0,7.0,0.0,0.0,0.0,2223
0.0,0.7,0.7,1,1,1,8.0,0.9,1,4.0,1,0.03,0.04,0.03,0.04,0.0,0.04,0.04,0.04,0.17,1.0,11.0,0.04,0.04,1.0,2324
0.0,0.9,0.9,4,1,1,13.0,1.2,1,17.0,2,0.06,0.08,0.06,0.08,0.0,0.06,0.12,0.24,1.04,4.0,16.0,0.12,0.06,13.0,2324
0.4,0.0,0.0,1,0,0,0.0,0.1,0,1.0,0,0.02,0.06,0.02,0.06,0.0,0.0,0.0,0.56,0.56,0.0,2.0,0.0,0.0,0.0,2425
1.7,1.4,1.4,4,2,2,35.0,4.5,2,14.0,5,0.06,0.21,0.06,0.21,1.0,0.09,0.23,0.18,0.64,0.0,30.0,0.23,0.09,90.0,2324
0.3,2.8,1.3,4,2,2,17.0,3.1,1,9.0,4,0.11,0.18,0.05,0.12,1.0,0.08,0.16,0.16,0.36,1.0,27.0,0.12,0.04,64.0,1819
0.5,0.3,0.3,1,0,0,9.0,1.4,0,10.0,2,0.01,0.07,0.01,0.07,1.0,0.0,0.09,0.05,0.47,0.0,28.0,0.09,0.0,43.0,1920
0.5,1.8,1.8,4,3,3,31.0,2.0,3,14.0,3,0.08,0.09,0.08,0.09,3.0,0.14,0.14,0.19,0.65,3.0,13.0,0.14,0.14,9.0,1819
0.0,0.5,0.5,2,0,0,4.0,0.5,0,4.0,0,0.11,0.11,0.11,0.11,0.0,0.0,0.0,0.41,0.83,1.0,1.0,0.0,0.0,1.0,1920
1.0,0.9,0.9,1,1,1,12.0,1.0,1,7.0,1,0.07,0.07,0.07,0.07,0.0,0.07,0.07,0.07,0.52,0.0,8.0,0.07,0.07,4.0,1920
0.1,0.7,0.7,2,1,1,10.0,0.8,1,6.0,1,0.05,0.06,0.05,0.06,0.0,0.08,0.08,0.15,0.46,0.0,9.0,0.08,0.08,12.0,2223
0.1,0.3,0.3,1,0,0,5.0,0.7,0,4.0,0,0.03,0.07,0.03,0.07,0.0,0.0,0.0,0.1,0.4,1.0,3.0,0.0,0.0,2.0,1819
3.3,5.1,4.3,25,4,4,88.0,7.1,4,58.0,5,0.2,0.32,0.17,0.28,7.0,0.16,0.2,1.0,2.32,9.0,46.0,0.2,0.16,160.0,1819
4.3,3.3,3.3,10,2,2,41.0,5.6,2,25.0,3,0.26,0.43,0.26,0.43,1.0,0.16,0.23,0.78,1.94,4.0,25.0,0.23,0.16,84.0,1920
3.3,4.3,4.3,10,5,5,39.0,5.2,5,26.0,5,0.6,0.72,0.6,0.72,3.0,0.69,0.69,1.38,3.58,4.0,18.0,0.69,0.69,49.0,2122
5.7,3.3,3.3,10,5,5,41.0,4.2,5,27.0,5,0.46,0.59,0.46,0.59,1.0,0.7,0.7,1.4,3.77,3.0,18.0,0.7,0.7,67.0,2223
3.2,5.7,5.7,18,7,7,77.0,6.6,7,45.0,8,0.5,0.58,0.5,0.58,8.0,0.62,0.71,1.59,3.97,5.0,27.0,0.71,0.62,95.0,2324
2.7,3.0,3.0,7,1,1,62.0,5.3,1,25.0,5,0.16,0.28,0.16,0.28,3.0,0.05,0.26,0.36,1.29,3.0,35.0,0.26,0.05,88.0,1819
4.9,2.7,2.7,8,3,3,41.0,5.6,3,32.0,3,0.12,0.24,0.12,0.24,0.0,0.13,0.13,0.35,1.39,9.0,30.0,0.13,0.13,71.0,1920
2.1,4.9,4.9,14,5,5,71.0,8.3,5,29.0,7,0.26,0.44,0.26,0.44,4.0,0.26,0.37,0.74,1.53,4.0,38.0,0.37,0.26,110.0,2021
0.8,2.1,2.1,5,3,3,50.0,3.3,3,23.0,3,0.14,0.22,0.14,0.22,0.0,0.2,0.2,0.33,1.51,1.0,22.0,0.2,0.2,75.0,2122
3.0,0.9,0.9,4,1,1,22.0,1.6,1,8.0,2,0.08,0.14,0.08,0.14,3.0,0.09,0.17,0.34,0.68,2.0,20.0,0.17,0.09,54.0,2223
2.9,3.0,3.0,5,0,0,69.0,6.9,0,23.0,7,0.1,0.24,0.1,0.24,6.0,0.0,0.24,0.17,0.8,2.0,38.0,0.24,0.0,176.0,2324
1.6,3.7,3.7,9,2,2,43.0,5.5,2,55.0,2,0.1,0.15,0.1,0.15,2.0,0.05,0.05,0.25,1.5,2.0,57.0,0.05,0.05,35.0,1819
0.7,1.6,1.6,3,2,2,23.0,2.2,2,26.0,3,0.06,0.08,0.06,0.08,1.0,0.07,0.1,0.1,0.88,2.0,33.0,0.1,0.07,19.0,1920
0.7,0.7,0.7,1,1,1,14.0,2.0,1,16.0,5,0.03,0.08,0.03,0.08,0.0,0.04,0.21,0.04,0.66,0.0,25.0,0.21,0.04,17.0,2021
0.2,0.7,0.7,4,0,0,17.0,0.8,0,14.0,0,0.04,0.04,0.04,0.04,1.0,0.0,0.0,0.22,0.78,3.0,25.0,0.0,0.0,13.0,2122
2.0,0.2,0.2,2,0,0,5.0,0.3,0,7.0,0,0.01,0.01,0.01,0.01,0.0,0.0,0.0,0.11,0.38,0.0,14.0,0.0,0.0,7.0,2223
0.4,2.2,2.2,8,2,2,33.0,2.5,2,17.0,2,0.41,0.45,0.41,0.45,0.0,0.37,0.37,1.46,3.1,3.0,20.0,0.37,0.37,46.0,1819
2.6,1.2,1.2,1,1,1,29.0,4.1,1,10.0,3,0.06,0.2,0.06,0.2,2.0,0.05,0.15,0.05,0.49,2.0,41.0,0.15,0.05,100.0,2021
2.7,2.6,2.6,7,3,3,71.0,5.2,3,41.0,7,0.09,0.18,0.09,0.18,8.0,0.1,0.24,0.24,1.42,6.0,66.0,0.24,0.1,157.0,2122
0.8,2.7,2.7,10,2,2,59.0,4.6,2,34.0,3,0.12,0.2,0.12,0.2,1.0,0.09,0.13,0.44,1.5,7.0,33.0,0.13,0.09,93.0,2223
8.1,5.2,5.2,17,4,4,198.0,9.1,4,61.0,7,0.14,0.25,0.14,0.25,16.0,0.11,0.19,0.47,1.67,6.0,130.0,0.19,0.11,354.0,1920
9.5,8.1,6.5,18,11,11,146.0,9.6,9,58.0,13,0.28,0.39,0.22,0.33,22.0,0.38,0.45,0.62,2.0,4.0,108.0,0.38,0.31,259.0,2021
6.5,9.5,3.9,26,14,14,129.0,9.0,9,62.0,15,0.31,0.48,0.13,0.29,24.0,0.46,0.49,0.85,2.02,10.0,124.0,0.33,0.29,265.0,2122
2.3,2.5,2.5,7,2,2,79.0,5.1,2,31.0,6,0.09,0.19,0.09,0.19,0.0,0.07,0.22,0.26,1.15,5.0,59.0,0.22,0.07,134.0,1819
0.1,2.3,2.3,3,1,1,47.0,4.4,1,27.0,2,0.09,0.17,0.09,0.17,1.0,0.04,0.08,0.12,1.08,1.0,46.0,0.08,0.04,60.0,1920
0.3,0.3,0.3,4,1,1,13.0,1.2,1,6.0,2,0.04,0.13,0.04,0.13,0.0,0.11,0.21,0.43,0.64,2.0,14.0,0.21,0.11,23.0,2223
1.1,0.3,0.3,3,0,0,15.0,1.5,0,8.0,1,0.02,0.07,0.02,0.07,1.0,0.0,0.05,0.14,0.38,0.0,22.0,0.05,0.0,17.0,2324
1.8,1.2,1.2,2,1,1,19.0,1.7,1,6.0,1,0.36,0.51,0.36,0.51,2.0,0.31,0.31,0.61,1.84,0.0,14.0,0.31,0.31,26.0,2021
0.7,4.5,4.5,9,4,4,38.0,4.5,4,27.0,4,0.2,0.2,0.2,0.2,1.0,0.18,0.18,0.4,1.19,3.0,10.0,0.18,0.18,10.0,1819
3.8,0.7,0.7,3,1,1,8.0,0.8,1,7.0,1,0.08,0.09,0.08,0.09,2.0,0.11,0.11,0.32,0.74,1.0,2.0,0.11,0.11,0.0,1920
2.8,3.8,3.8,7,4,4,37.0,5.4,4,23.0,5,0.14,0.21,0.14,0.21,3.0,0.15,0.19,0.27,0.88,4.0,10.0,0.19,0.15,5.0,2021
4.0,0.4,0.4,2,0,0,27.0,0.8,0,7.0,0,0.02,0.04,0.02,0.04,0.0,0.0,0.0,0.11,0.4,0.0,8.0,0.0,0.0,10.0,2324
1.6,1.4,1.4,6,2,2,32.0,4.0,2,25.0,3,0.05,0.14,0.05,0.14,0.0,0.07,0.1,0.2,0.84,1.0,27.0,0.1,0.07,144.0,1819
0.0,0.2,0.2,1,0,0,10.0,0.3,0,4.0,0,0.04,0.05,0.04,0.05,0.0,0.0,0.0,0.19,0.76,0.0,11.0,0.0,0.0,19.0,2021
1.2,0.6,0.6,2,0,0,5.0,1.4,0,6.0,0,0.06,0.14,0.06,0.14,0.0,0.0,0.0,0.2,0.61,0.0,5.0,0.0,0.0,15.0,1920
3.1,1.2,1.2,6,2,2,12.0,1.9,2,15.0,2,0.09,0.14,0.09,0.14,0.0,0.15,0.15,0.44,1.1,3.0,15.0,0.15,0.15,19.0,2021
3.1,3.1,3.1,10,2,2,41.0,4.6,2,33.0,5,0.16,0.23,0.16,0.23,0.0,0.1,0.25,0.5,1.65,2.0,23.0,0.25,0.1,39.0,2122
0.4,3.1,3.1,9,3,3,37.0,4.7,3,26.0,4,0.11,0.17,0.11,0.17,2.0,0.11,0.15,0.33,0.96,2.0,23.0,0.15,0.11,52.0,2223
0.2,0.4,0.4,3,1,1,7.0,1.1,1,8.0,4,0.05,0.14,0.05,0.14,0.0,0.13,0.53,0.4,1.06,1.0,6.0,0.53,0.13,12.0,2324
7.6,4.2,4.2,22,3,3,96.0,9.6,3,62.0,9,0.18,0.41,0.18,0.41,11.0,0.13,0.39,0.94,2.66,5.0,52.0,0.39,0.13,283.0,1819
1.9,7.6,4.5,25,9,9,123.0,12.1,5,67.0,16,0.26,0.53,0.16,0.42,4.0,0.31,0.55,0.87,2.32,4.0,62.0,0.42,0.17,294.0,1920
3.4,1.9,1.9,3,1,1,36.0,5.0,1,20.0,6,0.12,0.32,0.12,0.32,4.0,0.06,0.38,0.19,1.28,4.0,23.0,0.38,0.06,119.0,2021
5.1,3.4,3.4,17,5,5,78.0,7.8,5,41.0,10,0.14,0.33,0.14,0.33,4.0,0.21,0.42,0.72,1.74,8.0,44.0,0.42,0.21,152.0,2223
0.3,5.1,3.6,16,4,4,73.0,7.5,2,43.0,6,0.22,0.4,0.16,0.33,1.0,0.18,0.26,0.7,1.89,9.0,35.0,0.18,0.09,181.0,2324
11.7,11.1,7.9,26,15,15,120.0,12.5,12,85.0,19,0.36,0.51,0.26,0.41,21.0,0.49,0.62,0.84,2.76,7.0,72.0,0.52,0.39,175.0,1718
10.7,11.7,6.5,19,11,11,83.0,10.2,6,48.0,16,0.44,0.58,0.25,0.39,18.0,0.42,0.61,0.72,1.83,5.0,48.0,0.42,0.23,190.0,1819
1.6,10.7,10.7,19,11,11,87.0,12.6,11,59.0,12,0.48,0.56,0.48,0.56,15.0,0.49,0.54,0.85,2.64,6.0,40.0,0.54,0.49,127.0,1920
6.1,3.1,2.3,8,3,3,27.0,3.6,3,13.0,4,0.41,0.57,0.3,0.47,3.0,0.39,0.52,1.04,1.7,3.0,12.0,0.52,0.39,29.0,2021
2.9,6.1,3.7,9,8,8,52.0,6.7,5,32.0,12,0.34,0.51,0.21,0.37,7.0,0.45,0.67,0.5,1.8,4.0,36.0,0.5,0.28,100.0,2122
5.7,2.9,2.2,6,2,2,16.0,3.5,1,20.0,3,0.36,0.53,0.27,0.43,3.0,0.25,0.37,0.74,2.46,3.0,17.0,0.25,0.12,27.0,2223
5.2,2.3,2.3,6,5,5,23.0,2.5,5,12.0,5,0.47,0.51,0.47,0.51,2.0,1.03,1.03,1.23,2.46,2.0,10.0,1.03,1.03,26.0,2324
1.5,0.0,0.0,1,0,0,9.0,0.2,0,2.0,1,0.01,0.03,0.01,0.03,3.0,0.0,0.13,0.13,0.26,0.0,2.0,0.13,0.0,0.0,2223
0.1,1.5,1.5,6,2,2,34.0,2.8,2,14.0,3,0.09,0.18,0.09,0.18,1.0,0.13,0.19,0.38,0.88,2.0,4.0,0.19,0.13,3.0,2324
2.8,2.6,2.6,14,4,4,52.0,4.4,4,27.0,6,0.13,0.23,0.13,0.23,2.0,0.2,0.31,0.71,1.38,2.0,47.0,0.31,0.2,132.0,2223
14.4,18.0,16.4,34,18,18,210.0,23.9,16,74.0,27,0.58,0.81,0.53,0.76,30.0,0.58,0.86,1.09,2.37,9.0,65.0,0.8,0.51,249.0,1819
19.6,14.4,12.0,33,18,18,144.0,18.2,15,61.0,22,0.6,0.85,0.5,0.76,7.0,0.75,0.91,1.37,2.54,6.0,50.0,0.79,0.62,209.0,1920
18.1,19.6,10.2,21,20,20,169.0,16.9,10,68.0,27,0.68,0.91,0.35,0.58,18.0,0.69,0.93,0.72,2.35,10.0,70.0,0.59,0.35,226.0,2021
17.4,18.1,11.8,36,25,25,191.0,16.7,17,64.0,30,0.64,0.82,0.42,0.6,24.0,0.89,1.07,1.28,2.28,5.0,62.0,0.78,0.6,238.0,2122
12.4,17.4,12.7,36,19,19,151.0,16.5,14,66.0,25,0.74,0.9,0.54,0.7,22.0,0.81,1.06,1.53,2.81,7.0,35.0,0.85,0.6,198.0,2223
18.1,14.3,11.3,30,17,17,123.0,16.2,13,69.0,24,0.44,0.59,0.35,0.5,29.0,0.52,0.74,0.92,2.12,6.0,63.0,0.62,0.4,154.0,1819
17.0,18.1,15.0,34,16,16,158.0,17.4,12,81.0,19,0.6,0.67,0.49,0.57,19.0,0.53,0.62,1.12,2.66,10.0,83.0,0.49,0.39,173.0,1920
4.8,17.0,14.8,43,20,20,179.0,20.0,18,90.0,28,0.52,0.68,0.45,0.61,36.0,0.61,0.86,1.32,2.75,11.0,73.0,0.8,0.55,184.0,2021
2.0,7.9,6.3,19,6,6,74.0,8.1,5,36.0,7,0.46,0.57,0.36,0.47,15.0,0.35,0.41,1.1,2.09,5.0,49.0,0.35,0.29,88.0,2122
7.2,2.0,2.0,5,0,0,26.0,3.2,0,14.0,1,0.23,0.36,0.23,0.36,5.0,0.0,0.11,0.56,1.58,2.0,15.0,0.11,0.0,41.0,2223
1.1,6.8,6.8,15,4,4,87.0,8.7,4,45.0,4,0.36,0.46,0.36,0.46,15.0,0.21,0.21,0.79,2.36,6.0,37.0,0.21,0.21,99.0,1920
6.5,5.2,3.6,19,4,4,16.0,8.8,3,51.0,5,0.2,0.39,0.14,0.33,1.0,0.15,0.19,0.72,1.94,4.0,31.0,0.15,0.11,44.0,1819
0.8,0.3,0.3,1,0,0,1.0,0.5,0,6.0,0,0.06,0.1,0.06,0.1,0.0,0.0,0.0,0.22,1.32,0.0,5.0,0.0,0.0,2.0,2021
0.2,0.8,0.8,8,2,2,12.0,3.7,2,20.0,5,0.05,0.23,0.05,0.23,1.0,0.12,0.3,0.48,1.21,4.0,15.0,0.3,0.12,32.0,2122
0.4,2.7,2.7,8,4,4,43.0,3.0,4,24.0,4,0.09,0.1,0.09,0.1,1.0,0.13,0.13,0.27,0.81,4.0,7.0,0.13,0.13,9.0,1819
0.4,0.4,0.4,2,0,0,12.0,0.5,0,6.0,0,0.02,0.03,0.02,0.03,0.0,0.0,0.0,0.12,0.37,0.0,4.0,0.0,0.0,1.0,1920
0.3,3.1,3.1,4,2,2,36.0,7.0,2,48.0,6,0.11,0.24,0.11,0.24,1.0,0.07,0.21,0.14,1.65,3.0,65.0,0.21,0.07,62.0,2021
0.3,0.3,0.3,1,0,0,11.0,0.9,0,10.0,1,0.03,0.08,0.03,0.08,1.0,0.0,0.09,0.09,0.87,1.0,18.0,0.09,0.0,29.0,2122
1.1,0.3,0.3,1,1,1,3.0,0.9,1,5.0,2,0.02,0.06,0.02,0.06,1.0,0.06,0.12,0.06,0.3,0.0,21.0,0.12,0.06,12.0,2223
0.3,1.2,1.2,6,0,0,25.0,3.8,0,22.0,3,0.04,0.14,0.04,0.14,3.0,0.0,0.11,0.21,0.78,3.0,23.0,0.11,0.0,44.0,2021
1.5,1.4,1.4,10,5,5,39.0,5.2,5,31.0,7,0.05,0.17,0.05,0.17,6.0,0.17,0.23,0.33,1.03,5.0,37.0,0.23,0.17,85.0,2122
1.2,1.7,1.7,11,2,2,18.0,2.5,2,34.0,2,0.07,0.1,0.07,0.1,0.0,0.08,0.08,0.44,1.35,0.0,33.0,0.08,0.08,19.0,1819
0.9,1.2,1.2,3,0,0,18.0,2.3,0,9.0,0,0.15,0.29,0.15,0.29,0.0,0.0,0.0,0.38,1.14,1.0,11.0,0.0,0.0,20.0,1920
1.5,0.9,0.9,5,1,1,14.0,3.2,1,18.0,3,0.07,0.24,0.07,0.24,0.0,0.07,0.23,0.37,1.35,5.0,19.0,0.23,0.07,24.0,2021
0.1,1.5,1.5,5,3,3,15.0,3.0,3,22.0,3,0.09,0.16,0.09,0.16,0.0,0.17,0.17,0.28,1.22,2.0,31.0,0.17,0.17,22.0,2122
0.5,3.9,3.9,10,6,6,27.0,5.5,6,26.0,9,0.33,0.46,0.33,0.46,2.0,0.51,0.76,0.85,2.2,3.0,24.0,0.76,0.51,75.0,1819
0.5,0.5,0.5,1,1,1,2.0,0.7,1,4.0,1,0.25,0.33,0.25,0.33,1.0,0.49,0.49,0.49,1.95,0.0,2.0,0.49,0.49,15.0,1920
0.4,0.7,0.7,3,2,2,13.0,2.2,2,13.0,4,0.02,0.08,0.02,0.08,0.0,0.07,0.14,0.11,0.46,1.0,26.0,0.14,0.07,38.0,1819
0.4,0.4,0.4,2,0,0,11.0,0.5,0,7.0,0,0.02,0.03,0.02,0.03,0.0,0.0,0.0,0.09,0.33,0.0,26.0,0.0,0.0,18.0,1920
0.6,0.4,0.4,3,1,1,9.0,1.0,1,13.0,2,0.02,0.04,0.02,0.04,0.0,0.04,0.08,0.11,0.49,1.0,27.0,0.08,0.04,27.0,2021
1.9,0.8,0.8,6,3,3,11.0,3.0,3,17.0,6,0.07,0.26,0.07,0.26,0.0,0.26,0.53,0.53,1.5,2.0,27.0,0.53,0.26,47.0,1920
2.0,1.9,1.9,9,2,2,25.0,6.3,2,24.0,7,0.07,0.23,0.07,0.23,0.0,0.07,0.26,0.33,0.89,2.0,42.0,0.26,0.07,48.0,2021
0.1,2.0,2.0,15,1,1,45.0,7.7,1,32.0,8,0.08,0.31,0.08,0.31,4.0,0.04,0.32,0.6,1.27,3.0,59.0,0.32,0.04,99.0,2122
0.3,0.1,0.1,2,0,0,2.0,0.3,0,2.0,0,0.05,0.22,0.05,0.22,1.0,0.0,0.0,1.25,1.25,0.0,3.0,0.0,0.0,8.0,2223
1.0,0.3,0.3,1,1,1,8.0,2.5,1,4.0,3,0.02,0.16,0.02,0.16,1.0,0.06,0.19,0.06,0.26,0.0,18.0,0.19,0.06,26.0,2324
0.0,0.3,0.3,3,0,0,2.0,0.4,0,7.0,0,0.02,0.03,0.02,0.03,0.0,0.0,0.0,0.2,0.48,1.0,16.0,0.0,0.0,9.0,2021
0.3,1.5,1.5,11,1,1,79.0,5.7,1,29.0,9,0.06,0.23,0.06,0.23,7.0,0.04,0.36,0.44,1.16,2.0,39.0,0.36,0.04,240.0,2324
0.2,0.3,0.3,2,0,0,11.0,1.3,0,3.0,0,0.03,0.15,0.03,0.15,3.0,0.0,0.0,0.23,0.35,0.0,14.0,0.0,0.0,31.0,1920
2.6,2.7,2.7,4,2,2,28.0,4.7,2,34.0,5,0.1,0.18,0.1,0.18,4.0,0.08,0.19,0.15,1.29,2.0,29.0,0.19,0.08,25.0,1920
1.1,2.6,2.6,7,3,3,47.0,3.5,3,33.0,4,0.1,0.14,0.1,0.14,5.0,0.12,0.16,0.27,1.29,3.0,40.0,0.16,0.12,36.0,2021
2.3,1.1,1.1,2,1,1,24.0,1.8,1,15.0,2,0.06,0.1,0.06,0.1,1.0,0.05,0.11,0.11,0.82,1.0,27.0,0.11,0.05,34.0,2122
4.9,2.3,2.3,8,2,2,32.0,3.3,2,24.0,4,0.22,0.31,0.21,0.31,2.0,0.19,0.37,0.75,2.24,1.0,25.0,0.37,0.19,56.0,2223
3.6,4.9,4.9,18,5,5,68.0,7.3,5,52.0,5,0.21,0.31,0.21,0.31,2.0,0.21,0.21,0.77,2.22,3.0,48.0,0.21,0.21,76.0,2324
2.6,0.9,0.9,4,2,2,19.0,1.4,2,12.0,2,0.09,0.14,0.09,0.14,2.0,0.2,0.2,0.4,1.19,2.0,10.0,0.2,0.2,20.0,2324
1.2,0.9,0.9,3,0,0,27.0,1.1,0,9.0,0,0.26,0.32,0.26,0.32,1.0,0.0,0.0,0.89,2.67,2.0,13.0,0.0,0.0,44.0,2021
5.4,1.2,1.2,8,3,3,68.0,2.9,3,23.0,5,0.09,0.22,0.09,0.22,2.0,0.23,0.38,0.6,1.74,1.0,39.0,0.38,0.23,97.0,2324
4.2,0.6,0.6,4,1,1,18.0,1.8,1,11.0,2,0.1,0.29,0.1,0.29,1.0,0.16,0.31,0.63,1.73,2.0,25.0,0.31,0.16,35.0,1920
3.3,4.2,4.2,10,2,2,48.0,6.0,2,22.0,3,0.29,0.41,0.29,0.41,7.0,0.14,0.21,0.7,1.53,4.0,44.0,0.21,0.14,116.0,2021
0.8,3.3,3.3,12,4,4,35.0,4.0,4,20.0,4,0.41,0.5,0.41,0.5,12.0,0.5,0.5,1.51,2.51,1.0,33.0,0.5,0.5,74.0,2223
0.1,0.8,0.8,3,1,1,8.0,1.0,1,5.0,1,0.26,0.32,0.26,0.32,2.0,0.32,0.32,0.95,1.58,1.0,14.0,0.32,0.32,28.0,2324
0.0,0.6,0.6,3,0,0,5.0,1.6,0,9.0,2,0.03,0.07,0.03,0.07,0.0,0.0,0.09,0.14,0.42,0.0,13.0,0.09,0.0,8.0,1920
0.0,1.4,1.4,2,1,1,22.0,2.0,1,8.0,1,0.06,0.08,0.06,0.08,2.0,0.04,0.04,0.08,0.32,2.0,18.0,0.04,0.04,50.0,2021
5.2,1.2,1.2,6,1,1,21.0,2.2,1,17.0,3,0.17,0.31,0.17,0.31,2.0,0.14,0.43,0.86,2.42,1.0,19.0,0.43,0.14,41.0,1920
5.3,5.2,5.2,24,6,6,118.0,11.2,6,43.0,16,0.21,0.46,0.21,0.46,4.0,0.25,0.66,0.99,1.78,5.0,60.0,0.66,0.25,212.0,2021
8.0,5.3,3.8,9,6,6,140.0,10.8,4,48.0,12,0.18,0.43,0.13,0.38,13.0,0.21,0.42,0.31,1.67,6.0,77.0,0.35,0.14,263.0,2122
0.1,8.0,7.2,21,7,7,160.0,11.2,6,66.0,10,0.31,0.47,0.28,0.44,6.0,0.27,0.39,0.82,2.56,8.0,52.0,0.35,0.23,264.0,2223
2.0,3.5,3.5,8,2,2,65.0,6.6,2,36.0,4,0.13,0.24,0.13,0.24,5.0,0.07,0.15,0.29,1.32,6.0,37.0,0.15,0.07,155.0,1819
3.9,2.0,2.0,4,2,2,13.0,2.1,2,11.0,2,0.21,0.23,0.21,0.23,1.0,0.22,0.22,0.43,1.2,2.0,13.0,0.22,0.22,21.0,1920
2.2,3.9,3.9,11,2,2,61.0,7.3,2,31.0,6,0.18,0.34,0.18,0.34,5.0,0.09,0.28,0.51,1.44,4.0,41.0,0.28,0.09,107.0,2021
5.7,2.2,2.2,3,1,1,34.0,3.7,1,14.0,4,0.12,0.21,0.12,0.21,2.0,0.06,0.23,0.17,0.8,3.0,34.0,0.23,0.06,79.0,2122
1.9,5.7,5.7,13,6,6,55.0,7.9,6,27.0,10,0.28,0.38,0.28,0.38,2.0,0.29,0.48,0.63,1.3,3.0,22.0,0.48,0.29,88.0,2223
1.2,1.9,1.9,9,2,2,41.0,2.8,2,19.0,3,0.11,0.15,0.11,0.15,2.0,0.11,0.17,0.5,1.05,1.0,13.0,0.17,0.11,73.0,2324
1.0,0.3,0.3,1,0,0,4.0,0.4,0,8.0,0,0.05,0.07,0.05,0.07,0.0,0.0,0.0,0.18,1.45,2.0,9.0,0.0,0.0,10.0,2021
0.2,1.0,1.0,2,0,0,12.0,1.1,0,10.0,0,0.18,0.19,0.18,0.19,0.0,0.0,0.0,0.36,1.79,2.0,10.0,0.0,0.0,3.0,2122
0.7,0.2,0.2,3,0,0,10.0,0.3,0,4.0,2,0.02,0.04,0.02,0.04,0.0,0.0,0.26,0.4,0.53,0.0,7.0,0.26,0.0,16.0,2223
0.5,0.7,0.7,2,1,1,10.0,1.1,1,6.0,1,0.07,0.11,0.07,0.11,0.0,0.1,0.1,0.2,0.59,1.0,7.0,0.1,0.1,7.0,2324
0.0,3.7,3.7,15,3,3,54.0,7.4,3,54.0,6,0.22,0.44,0.22,0.44,7.0,0.18,0.36,0.89,3.2,9.0,30.0,0.36,0.18,136.0,1718
0.0,2.1,2.1,4,1,1,34.0,4.7,1,34.0,4,0.21,0.47,0.21,0.47,6.0,0.1,0.41,0.41,3.46,9.0,20.0,0.41,0.1,88.0,1819
0.5,0.1,0.1,1,0,0,6.0,0.2,0,3.0,0,0.03,0.06,0.03,0.06,0.0,0.0,0.0,0.26,0.79,0.0,8.0,0.0,0.0,16.0,2122
0.2,0.5,0.5,4,1,1,26.0,2.2,1,10.0,2,0.03,0.11,0.03,0.11,3.0,0.05,0.1,0.2,0.5,2.0,43.0,0.1,0.05,113.0,2223
3.3,7.9,7.1,17,3,3,90.0,7.8,2,45.0,3,0.57,0.62,0.51,0.57,5.0,0.22,0.22,1.23,3.26,11.0,39.0,0.14,0.14,90.0,1819
1.7,1.5,1.5,1,0,0,32.0,3.0,0,11.0,1,0.21,0.43,0.21,0.43,3.0,0.0,0.14,0.14,1.56,3.0,27.0,0.14,0.0,61.0,2122
0.0,1.7,1.7,6,1,1,43.0,3.2,1,20.0,2,0.17,0.33,0.17,0.33,4.0,0.1,0.21,0.63,2.09,1.0,28.0,0.21,0.1,64.0,2223
0.0,0.6,0.6,2,1,1,8.0,1.0,1,5.0,1,0.08,0.14,0.08,0.14,0.0,0.14,0.14,0.27,0.69,1.0,9.0,0.14,0.14,12.0,2324
0.5,0.6,0.6,1,1,1,15.0,1.1,1,10.0,1,0.03,0.05,0.03,0.05,1.0,0.05,0.05,0.05,0.46,1.0,8.0,0.05,0.05,2.0,2021
0.3,0.8,0.8,1,1,1,16.0,1.9,1,8.0,2,0.03,0.07,0.03,0.07,1.0,0.04,0.08,0.04,0.31,1.0,8.0,0.08,0.04,8.0,2223
0.5,0.3,0.3,2,0,0,7.0,0.4,0,7.0,0,0.02,0.03,0.02,0.03,0.0,0.0,0.0,0.16,0.55,0.0,8.0,0.0,0.0,2.0,2324
8.0,5.5,5.5,15,6,6,97.0,9.0,6,27.0,10,0.29,0.48,0.29,0.48,10.0,0.32,0.54,0.8,1.45,0.0,65.0,0.54,0.32,164.0,2122
1.4,8.0,8.0,19,4,4,149.0,13.7,4,50.0,10,0.29,0.5,0.29,0.5,18.0,0.15,0.37,0.7,1.84,11.0,57.0,0.37,0.15,256.0,2223
0.3,0.3,0.3,1,0,0,3.0,0.5,0,3.0,1,0.07,0.12,0.07,0.12,1.0,0.0,0.24,0.24,0.73,0.0,1.0,0.24,0.0,0.0,1718
1.6,3.4,3.4,11,2,2,48.0,4.8,2,29.0,3,0.13,0.19,0.13,0.19,2.0,0.08,0.12,0.43,1.14,5.0,7.0,0.12,0.08,4.0,1920
0.3,1.6,1.6,4,2,2,26.0,1.6,2,17.0,2,0.07,0.08,0.07,0.08,0.0,0.09,0.09,0.19,0.79,0.0,3.0,0.09,0.09,2.0,2021
0.3,1.6,1.6,4,2,2,21.0,1.9,2,10.0,3,0.11,0.14,0.11,0.14,0.0,0.15,0.22,0.29,0.73,0.0,5.0,0.22,0.15,12.0,2324
3.1,12.1,8.8,19,10,10,93.0,12.3,6,52.0,14,0.41,0.53,0.3,0.41,10.0,0.34,0.47,0.64,1.75,9.0,71.0,0.34,0.2,184.0,2021
10.6,5.7,5.7,15,7,7,62.0,8.2,7,32.0,10,0.32,0.46,0.32,0.46,19.0,0.39,0.56,0.84,1.79,2.0,41.0,0.56,0.39,104.0,2223
18.5,10.6,10.6,24,12,12,122.0,14.5,12,67.0,15,0.38,0.52,0.38,0.52,20.0,0.43,0.54,0.87,2.42,7.0,58.0,0.54,0.43,150.0,2324
1.2,0.9,0.9,1,0,0,13.0,1.6,0,10.0,1,0.03,0.05,0.03,0.05,1.0,0.0,0.03,0.03,0.34,1.0,12.0,0.03,0.0,8.0,2122
1.1,1.2,1.2,3,1,1,20.0,1.6,1,14.0,1,0.04,0.05,0.04,0.05,0.0,0.03,0.03,0.1,0.48,2.0,9.0,0.03,0.03,9.0,2223
0.8,1.1,1.1,5,1,1,19.0,1.8,1,10.0,2,0.06,0.1,0.06,0.1,3.0,0.06,0.11,0.29,0.57,1.0,10.0,0.11,0.06,8.0,2324
1.6,1.1,1.1,1,0,0,28.0,3.3,0,17.0,0,0.04,0.13,0.04,0.13,3.0,0.0,0.0,0.04,0.64,1.0,20.0,0.0,0.0,56.0,2223
0.4,1.4,1.4,9,1,1,38.0,2.4,1,19.0,2,0.13,0.22,0.13,0.22,4.0,0.09,0.18,0.81,1.7,2.0,35.0,0.18,0.09,119.0,1920
0.9,0.4,0.4,5,1,1,22.0,1.3,1,8.0,1,0.04,0.12,0.04,0.12,7.0,0.09,0.09,0.47,0.75,0.0,39.0,0.09,0.09,95.0,2021
1.0,0.9,0.9,5,2,2,29.0,2.2,2,13.0,3,0.07,0.18,0.07,0.18,3.0,0.16,0.24,0.39,1.03,1.0,19.0,0.24,0.16,106.0,2122
0.1,1.0,1.0,5,1,1,18.0,2.3,1,12.0,1,0.12,0.27,0.12,0.27,3.0,0.12,0.12,0.58,1.39,2.0,10.0,0.12,0.12,63.0,2223
0.7,6.2,1.8,9,6,6,51.0,5.3,1,27.0,9,0.48,0.76,0.14,0.42,4.0,0.47,0.7,0.7,2.11,4.0,42.0,0.31,0.08,68.0,2223
1.8,1.3,1.3,12,0,0,27.0,2.4,0,25.0,1,0.07,0.14,0.07,0.14,0.0,0.0,0.06,0.69,1.43,5.0,19.0,0.06,0.0,60.0,1718
4.4,2.7,2.7,13,3,3,52.0,7.2,3,56.0,9,0.09,0.23,0.09,0.23,1.0,0.1,0.29,0.41,1.78,3.0,47.0,0.29,0.1,123.0,1920
4.4,4.4,2.8,18,6,6,44.0,5.9,4,47.0,10,0.12,0.2,0.08,0.16,0.0,0.16,0.27,0.48,1.26,5.0,41.0,0.21,0.11,66.0,2021
2.5,4.4,2.8,15,6,6,36.0,7.0,4,57.0,10,0.15,0.29,0.1,0.24,0.0,0.21,0.34,0.51,1.95,6.0,44.0,0.27,0.14,69.0,2122
1.3,2.5,0.9,8,3,3,14.0,5.6,2,29.0,5,0.1,0.28,0.04,0.21,1.0,0.12,0.19,0.31,1.11,7.0,33.0,0.15,0.08,56.0,2223
3.3,1.3,1.3,5,2,2,27.0,3.9,2,14.0,8,0.07,0.21,0.07,0.21,0.0,0.11,0.44,0.28,0.78,3.0,17.0,0.44,0.11,46.0,2324
0.3,0.3,0.3,1,0,0,0.0,1.1,0,8.0,2,0.02,0.09,0.02,0.09,0.0,0.0,0.17,0.08,0.67,0.0,11.0,0.17,0.0,13.0,1819
0.1,0.3,0.3,1,0,0,2.0,0.7,0,7.0,0,0.02,0.07,0.02,0.07,0.0,0.0,0.0,0.1,0.67,0.0,6.0,0.0,0.0,12.0,1819
5.0,7.1,7.1,24,9,9,113.0,9.4,9,74.0,11,0.3,0.4,0.3,0.4,17.0,0.38,0.47,1.03,3.16,1.0,60.0,0.47,0.38,143.0,1819
3.6,5.0,5.0,17,4,4,65.0,5.6,4,40.0,6,0.32,0.36,0.32,0.36,17.0,0.26,0.39,1.1,2.6,5.0,40.0,0.39,0.26,86.0,1920
15.6,3.6,3.6,8,4,4,38.0,3.8,4,21.0,4,0.41,0.43,0.41,0.43,12.0,0.45,0.45,0.9,2.37,0.0,16.0,0.45,0.45,50.0,1920
6.4,15.6,15.6,27,18,18,138.0,18.2,18,78.0,18,0.61,0.71,0.61,0.71,25.0,0.7,0.7,1.05,3.04,6.0,62.0,0.7,0.7,114.0,2021
8.1,6.4,5.6,13,5,5,58.0,6.7,4,36.0,6,0.45,0.53,0.39,0.47,18.0,0.35,0.42,0.92,2.54,1.0,25.0,0.35,0.28,57.0,2122
10.8,8.1,8.1,23,8,8,103.0,9.2,8,60.0,9,0.44,0.5,0.44,0.5,21.0,0.43,0.49,1.25,3.25,6.0,46.0,0.49,0.43,71.0,2223
1.6,0.3,0.3,1,0,0,15.0,0.6,0,6.0,1,0.04,0.08,0.04,0.08,3.0,0.0,0.13,0.13,0.8,1.0,9.0,0.13,0.0,19.0,2223
0.9,1.6,1.6,2,0,0,28.0,4.0,0,18.0,1,0.05,0.14,0.05,0.14,0.0,0.0,0.03,0.07,0.62,3.0,40.0,0.03,0.0,65.0,2324
1.5,0.8,0.8,4,1,1,15.0,1.2,1,14.0,1,0.07,0.11,0.07,0.11,2.0,0.09,0.09,0.36,1.25,0.0,22.0,0.09,0.09,43.0,1920
2.8,1.1,1.1,6,0,0,17.0,3.7,0,30.0,4,0.05,0.15,0.05,0.15,0.0,0.0,0.16,0.25,1.23,1.0,38.0,0.16,0.0,47.0,2122
5.0,2.8,2.8,10,2,2,37.0,7.2,2,42.0,4,0.08,0.21,0.08,0.21,2.0,0.06,0.12,0.29,1.22,0.0,48.0,0.12,0.06,71.0,2223
1.3,5.0,5.0,13,4,4,49.0,8.4,4,52.0,8,0.17,0.28,0.17,0.28,1.0,0.13,0.27,0.43,1.74,11.0,49.0,0.27,0.13,86.0,2324
0.0,0.2,0.2,3,0,0,3.0,1.1,0,9.0,1,0.02,0.1,0.02,0.1,2.0,0.0,0.09,0.28,0.83,0.0,4.0,0.09,0.0,32.0,2122
0.9,1.2,1.2,3,0,0,18.0,1.7,0,14.0,0,0.06,0.09,0.06,0.09,0.0,0.0,0.0,0.16,0.74,1.0,14.0,0.0,0.0,13.0,2324
0.2,0.6,0.6,3,0,0,30.0,2.7,0,12.0,1,0.03,0.13,0.03,0.13,3.0,0.0,0.05,0.14,0.57,1.0,39.0,0.05,0.0,109.0,1819
0.6,0.2,0.2,1,0,0,14.0,1.5,0,5.0,1,0.02,0.15,0.02,0.15,0.0,0.0,0.1,0.1,0.49,0.0,9.0,0.1,0.0,53.0,1920
0.1,0.5,0.5,3,1,1,16.0,1.2,1,12.0,2,0.02,0.06,0.02,0.06,2.0,0.05,0.11,0.16,0.64,1.0,25.0,0.11,0.05,64.0,2223
3.9,6.4,6.4,19,7,7,62.0,8.2,7,35.0,10,0.5,0.65,0.5,0.65,1.0,0.55,0.79,1.5,2.76,2.0,30.0,0.79,0.55,61.0,2223
2.2,3.9,3.9,7,5,5,24.0,4.2,5,14.0,5,0.56,0.61,0.56,0.61,7.0,0.72,0.72,1.01,2.02,0.0,21.0,0.72,0.72,27.0,2324
0.0,0.3,0.3,1,0,0,7.0,2.0,0,11.0,1,0.01,0.1,0.01,0.1,1.0,0.0,0.05,0.05,0.53,1.0,28.0,0.05,0.0,49.0,1819
1.2,1.9,1.1,3,1,1,24.0,2.9,0,7.0,2,0.24,0.47,0.14,0.37,2.0,0.13,0.26,0.39,0.9,0.0,14.0,0.13,0.0,45.0,1819
0.0,1.2,1.2,4,0,0,16.0,1.9,0,12.0,1,0.16,0.26,0.16,0.26,0.0,0.0,0.13,0.53,1.6,1.0,16.0,0.13,0.0,28.0,1920
1.8,0.5,0.5,2,1,1,35.0,1.7,1,7.0,1,0.04,0.12,0.04,0.12,0.0,0.07,0.07,0.14,0.5,0.0,35.0,0.07,0.07,78.0,2122
0.6,1.8,1.8,3,0,0,51.0,3.6,0,22.0,2,0.08,0.15,0.08,0.15,3.0,0.0,0.09,0.13,0.94,2.0,52.0,0.09,0.0,101.0,2223
1.9,0.6,0.6,5,0,0,20.0,1.8,0,14.0,2,0.04,0.11,0.04,0.11,2.0,0.0,0.12,0.3,0.85,4.0,32.0,0.12,0.0,77.0,2324
1.2,0.4,0.4,4,2,2,41.0,2.5,2,10.0,6,0.02,0.13,0.02,0.13,3.0,0.1,0.31,0.21,0.52,1.0,19.0,0.31,0.1,145.0,1718
0.9,1.5,1.5,9,2,2,35.0,4.3,2,35.0,3,0.05,0.14,0.05,0.14,2.0,0.06,0.09,0.28,1.11,6.0,54.0,0.09,0.06,141.0,1920
0.4,0.9,0.9,6,1,1,40.0,2.9,1,16.0,4,0.05,0.15,0.05,0.15,1.0,0.05,0.21,0.32,0.86,0.0,24.0,0.21,0.05,105.0,2021
1.3,0.4,0.4,3,1,1,12.0,1.5,1,8.0,3,0.03,0.14,0.03,0.14,0.0,0.09,0.27,0.27,0.71,0.0,13.0,0.27,0.09,46.0,2122
0.9,1.3,1.3,7,1,1,24.0,2.7,1,28.0,2,0.05,0.1,0.05,0.1,5.0,0.04,0.07,0.26,1.05,3.0,22.0,0.07,0.04,95.0,2223
0.6,0.9,0.7,6,3,3,34.0,2.4,3,18.0,4,0.04,0.12,0.03,0.11,0.0,0.14,0.19,0.28,0.84,2.0,12.0,0.19,0.14,77.0,2324
6.1,12.0,11.7,27,15,15,121.0,15.9,15,65.0,18,0.44,0.6,0.43,0.59,19.0,0.55,0.66,0.99,2.39,5.0,97.0,0.66,0.55,254.0,1819
4.6,6.1,6.1,10,5,5,66.0,8.0,5,33.0,11,0.45,0.59,0.45,0.59,1.0,0.37,0.81,0.74,2.43,5.0,55.0,0.81,0.37,120.0,1920
5.5,4.6,4.6,14,5,5,76.0,6.4,5,45.0,9,0.31,0.42,0.31,0.42,8.0,0.33,0.6,0.93,2.99,5.0,37.0,0.6,0.33,118.0,2021
1.3,5.5,5.5,13,6,6,64.0,7.2,6,28.0,6,0.46,0.6,0.46,0.6,7.0,0.5,0.5,1.08,2.34,3.0,50.0,0.5,0.5,84.0,2122
5.7,1.3,1.3,6,2,2,28.0,3.1,2,13.0,3,0.29,0.68,0.29,0.68,2.0,0.44,0.66,1.31,2.85,2.0,27.0,0.66,0.44,40.0,2223
3.3,5.7,5.7,16,5,5,62.0,6.8,5,29.0,7,0.43,0.5,0.43,0.5,4.0,0.37,0.52,1.18,2.14,4.0,25.0,0.52,0.37,78.0,2324
0.6,4.2,4.2,21,7,7,51.0,8.2,7,44.0,11,0.35,0.68,0.35,0.68,7.0,0.58,0.91,1.74,3.65,1.0,31.0,0.91,0.58,85.0,2021
0.2,0.6,0.6,6,1,1,13.0,1.8,1,10.0,2,0.11,0.33,0.11,0.33,1.0,0.18,0.35,1.06,1.77,1.0,16.0,0.35,0.18,44.0,2122
6.9,3.4,3.4,6,3,3,55.0,5.6,3,27.0,5,0.23,0.37,0.23,0.37,2.0,0.2,0.33,0.4,1.81,1.0,43.0,0.33,0.2,116.0,1819
0.5,6.9,6.9,19,8,8,74.0,8.9,8,45.0,10,0.33,0.43,0.33,0.43,6.0,0.39,0.49,0.93,2.19,7.0,68.0,0.49,0.39,135.0,1920
0.1,1.3,1.3,7,1,1,23.0,3.5,1,29.0,3,0.05,0.13,0.05,0.13,0.0,0.04,0.11,0.26,1.07,3.0,29.0,0.11,0.04,35.0,2021
0.6,0.1,0.1,2,0,0,1.0,0.6,0,6.0,0,0.01,0.05,0.01,0.05,0.0,0.0,0.0,0.19,0.58,0.0,10.0,0.0,0.0,14.0,2122
0.3,0.3,0.3,4,0,0,9.0,1.7,0,15.0,0,0.02,0.1,0.02,0.1,0.0,0.0,0.0,0.24,0.88,1.0,40.0,0.0,0.0,91.0,2122
1.8,2.1,2.1,6,2,2,22.0,2.8,2,41.0,3,0.12,0.16,0.12,0.16,4.0,0.12,0.17,0.35,2.36,6.0,28.0,0.17,0.12,51.0,1718
1.4,0.4,0.4,7,1,1,8.0,0.6,1,16.0,1,0.03,0.04,0.03,0.04,0.0,0.07,0.07,0.5,1.14,1.0,32.0,0.07,0.07,16.0,1920
0.9,1.4,1.4,3,1,1,11.0,2.3,1,42.0,1,0.04,0.07,0.04,0.07,0.0,0.03,0.03,0.09,1.22,3.0,33.0,0.03,0.03,26.0,2021
0.2,0.9,0.9,5,1,1,13.0,1.7,1,21.0,3,0.04,0.07,0.04,0.07,0.0,0.04,0.13,0.21,0.9,1.0,32.0,0.13,0.04,16.0,2122
0.6,1.4,1.4,5,0,0,19.0,1.8,0,24.0,0,0.06,0.08,0.06,0.08,0.0,0.0,0.0,0.22,1.04,0.0,33.0,0.0,0.0,13.0,2324
10.2,2.8,2.0,7,3,3,38.0,2.2,2,27.0,3,0.33,0.36,0.24,0.26,8.0,0.36,0.36,0.84,3.22,3.0,22.0,0.24,0.24,75.0,2324
0.7,0.3,0.3,3,0,0,9.0,0.5,0,6.0,0,0.07,0.1,0.07,0.1,1.0,0.0,0.0,0.64,1.28,0.0,12.0,0.0,0.0,19.0,1819
1.4,0.7,0.7,2,0,0,5.0,1.4,0,8.0,0,0.06,0.12,0.06,0.12,0.0,0.0,0.0,0.17,0.67,0.0,17.0,0.0,0.0,12.0,1920
0.8,1.4,1.4,4,1,1,7.0,2.0,1,15.0,2,0.1,0.14,0.1,0.14,1.0,0.07,0.15,0.29,1.1,0.0,25.0,0.15,0.07,28.0,2021
1.1,0.6,0.6,6,3,3,46.0,2.6,3,15.0,5,0.02,0.1,0.02,0.1,2.0,0.11,0.19,0.23,0.57,2.0,34.0,0.19,0.11,119.0,2021
0.3,1.1,1.1,3,2,2,54.0,2.9,2,23.0,5,0.04,0.1,0.04,0.1,3.0,0.07,0.17,0.1,0.77,2.0,31.0,0.17,0.07,129.0,2122
0.2,0.3,0.3,1,0,0,18.0,1.9,0,5.0,1,0.02,0.12,0.02,0.12,2.0,0.0,0.06,0.06,0.3,1.0,17.0,0.06,0.0,76.0,2223
0.6,0.2,0.2,1,0,0,14.0,0.8,0,2.0,0,0.02,0.11,0.02,0.11,0.0,0.0,0.0,0.13,0.27,0.0,10.0,0.0,0.0,38.0,2324
16.2,10.6,8.3,18,10,10,105.0,12.3,8,63.0,15,0.7,0.96,0.55,0.81,20.0,0.66,0.99,1.19,4.16,4.0,36.0,0.86,0.53,114.0,1920
7.2,16.2,11.9,34,15,15,144.0,13.7,12,75.0,17,0.98,1.08,0.72,0.82,40.0,0.9,1.02,2.05,4.52,16.0,32.0,0.84,0.72,116.0,2021
1.2,7.2,6.4,18,8,8,89.0,8.5,8,50.0,10,0.64,0.82,0.57,0.75,19.0,0.71,0.89,1.59,4.43,6.0,22.0,0.89,0.71,99.0,2122
1.0,1.6,1.6,4,1,1,26.0,2.7,1,16.0,2,0.09,0.14,0.09,0.14,0.0,0.05,0.11,0.21,0.85,2.0,14.0,0.11,0.05,5.0,1819
0.2,1.0,1.0,3,1,1,15.0,1.8,1,10.0,3,0.06,0.11,0.06,0.11,0.0,0.06,0.19,0.19,0.63,2.0,9.0,0.19,0.06,2.0,1920
4.5,9.6,9.6,20,6,6,102.0,13.4,6,66.0,9,0.53,0.74,0.53,0.74,10.0,0.33,0.5,1.11,3.65,10.0,54.0,0.5,0.33,100.0,1819
2.4,4.5,4.5,10,1,1,73.0,5.8,1,30.0,2,0.36,0.45,0.36,0.45,7.0,0.08,0.16,0.78,2.35,4.0,41.0,0.16,0.08,69.0,1920
1.3,2.4,2.4,6,1,1,38.0,3.0,1,14.0,1,0.29,0.37,0.29,0.37,5.0,0.12,0.12,0.74,1.72,2.0,42.0,0.12,0.12,52.0,2021
4.0,1.0,1.0,7,2,2,50.0,4.7,2,22.0,5,0.06,0.28,0.06,0.28,3.0,0.12,0.3,0.42,1.33,2.0,52.0,0.3,0.12,166.0,1819
6.2,4.0,4.0,14,6,6,67.0,8.0,6,40.0,8,0.2,0.4,0.2,0.4,8.0,0.3,0.39,0.69,1.97,6.0,55.0,0.39,0.3,121.0,1920
4.3,5.2,4.5,14,3,3,81.0,9.9,3,45.0,9,0.22,0.44,0.19,0.41,14.0,0.12,0.37,0.58,1.87,3.0,70.0,0.37,0.12,202.0,2122
5.2,4.3,4.3,19,4,4,117.0,9.0,4,56.0,5,0.17,0.35,0.17,0.35,19.0,0.16,0.2,0.74,2.19,5.0,63.0,0.2,0.16,249.0,2223
6.8,5.2,4.4,11,7,7,74.0,8.1,6,31.0,10,0.29,0.5,0.25,0.46,12.0,0.4,0.57,0.62,1.75,2.0,42.0,0.51,0.34,143.0,2324
0.6,0.8,0.8,8,2,2,19.0,1.8,2,17.0,3,0.07,0.16,0.07,0.16,0.0,0.18,0.26,0.71,1.5,2.0,29.0,0.26,0.18,32.0,2122
2.7,3.0,1.5,6,3,3,26.0,2.7,2,19.0,5,0.13,0.19,0.06,0.12,2.0,0.13,0.22,0.26,0.83,4.0,29.0,0.18,0.09,44.0,2122
0.3,2.7,1.9,8,3,3,25.0,3.4,2,16.0,3,0.15,0.24,0.11,0.2,0.0,0.17,0.17,0.46,0.91,0.0,18.0,0.11,0.11,26.0,2223
0.9,2.7,2.7,8,0,0,88.0,5.3,0,24.0,4,0.11,0.21,0.11,0.21,4.0,0.0,0.16,0.32,0.95,4.0,41.0,0.16,0.0,178.0,1920
3.8,0.9,0.9,3,0,0,40.0,3.7,0,11.0,2,0.05,0.19,0.05,0.19,0.0,0.0,0.1,0.15,0.55,0.0,33.0,0.1,0.0,85.0,2021
0.6,3.8,3.8,8,5,5,69.0,5.7,5,27.0,8,0.14,0.21,0.14,0.21,3.0,0.19,0.3,0.3,1.01,4.0,45.0,0.3,0.19,175.0,2122
0.2,1.1,1.1,4,2,2,29.0,2.3,2,8.0,2,0.1,0.2,0.1,0.2,2.0,0.17,0.17,0.35,0.7,1.0,14.0,0.17,0.17,83.0,2324
3.6,5.3,5.3,23,7,7,154.0,9.9,7,68.0,11,0.16,0.3,0.16,0.3,11.0,0.21,0.33,0.69,2.04,5.0,70.0,0.33,0.21,293.0,2122
6.2,3.6,3.6,21,5,5,118.0,9.3,5,52.0,10,0.11,0.29,0.11,0.29,12.0,0.16,0.31,0.66,1.63,6.0,52.0,0.31,0.16,293.0,2223
7.6,6.2,6.2,17,6,6,101.0,9.2,6,45.0,7,0.22,0.33,0.22,0.33,25.0,0.22,0.25,0.62,1.64,4.0,54.0,0.25,0.22,252.0,2324
1.3,1.0,1.0,3,0,0,14.0,1.3,0,13.0,0,0.05,0.07,0.05,0.07,0.0,0.0,0.0,0.17,0.72,0.0,2.0,0.0,0.0,0.0,1920
6.3,6.1,6.1,16,5,5,54.0,6.4,5,35.0,5,0.59,0.61,0.59,0.61,20.0,0.48,0.48,1.53,3.35,1.0,28.0,0.48,0.48,82.0,1819
16.0,6.3,6.3,13,6,6,65.0,7.0,6,30.0,7,0.52,0.58,0.52,0.58,14.0,0.5,0.58,1.08,2.49,0.0,33.0,0.58,0.5,79.0,1819
10.7,16.0,13.6,27,12,12,120.0,18.5,10,66.0,14,0.69,0.89,0.59,0.79,37.0,0.51,0.6,1.16,2.83,10.0,74.0,0.51,0.43,139.0,1920
8.8,10.7,9.9,23,11,11,130.0,15.0,10,55.0,20,0.48,0.7,0.44,0.67,19.0,0.49,0.89,1.03,2.46,8.0,74.0,0.85,0.45,159.0,2021
11.9,8.8,8.1,24,9,9,127.0,14.6,8,60.0,13,0.35,0.6,0.32,0.57,20.0,0.35,0.51,0.94,2.35,5.0,78.0,0.47,0.31,154.0,2122
13.8,11.9,11.9,32,13,13,105.0,13.8,13,71.0,15,0.56,0.66,0.56,0.66,26.0,0.62,0.71,1.52,3.36,5.0,55.0,0.71,0.62,102.0,2223
3.9,13.8,12.9,33,15,15,123.0,14.6,15,66.0,18,0.65,0.73,0.61,0.69,33.0,0.71,0.85,1.56,3.12,4.0,40.0,0.85,0.71,88.0,2324
1.8,7.3,4.9,25,7,7,117.0,7.6,5,64.0,9,0.3,0.42,0.21,0.32,11.0,0.29,0.38,1.04,2.67,5.0,52.0,0.29,0.21,104.0,2122
0.1,1.8,1.8,7,1,1,29.0,4.2,1,22.0,3,0.21,0.5,0.21,0.5,7.0,0.12,0.36,0.83,2.62,3.0,18.0,0.36,0.12,22.0,2223
1.3,0.6,0.6,2,2,2,27.0,1.1,2,3.0,2,0.06,0.12,0.06,0.12,1.0,0.22,0.22,0.22,0.33,0.0,12.0,0.22,0.22,64.0,2021
0.2,1.3,1.3,2,1,1,55.0,4.7,1,4.0,3,0.07,0.24,0.07,0.24,1.0,0.05,0.16,0.1,0.21,0.0,25.0,0.16,0.05,136.0,2122
0.6,0.0,0.0,1,0,0,0.0,0.2,0,2.0,0,0.03,0.19,0.03,0.19,0.0,0.0,0.0,0.82,1.64,0.0,1.0,0.0,0.0,15.0,2021
6.4,2.2,2.2,11,3,3,100.0,6.8,3,32.0,5,0.1,0.32,0.1,0.32,11.0,0.14,0.23,0.52,1.5,5.0,64.0,0.23,0.14,151.0,1819
7.8,6.4,6.4,16,5,5,134.0,11.1,5,43.0,11,0.28,0.48,0.28,0.48,9.0,0.22,0.48,0.7,1.88,4.0,82.0,0.48,0.22,141.0,1920
7.3,7.8,7.7,23,9,9,147.0,13.4,9,52.0,17,0.29,0.51,0.29,0.51,13.0,0.34,0.64,0.87,1.96,5.0,77.0,0.64,0.34,186.0,2021
7.1,7.3,7.3,23,12,12,130.0,11.0,12,50.0,17,0.35,0.53,0.35,0.53,10.0,0.58,0.82,1.12,2.42,4.0,73.0,0.82,0.58,149.0,2122
7.9,7.1,7.1,18,9,9,119.0,10.7,9,43.0,10,0.44,0.66,0.44,0.66,14.0,0.56,0.62,1.11,2.66,6.0,58.0,0.62,0.56,142.0,2223
4.5,7.9,7.1,19,9,9,129.0,10.8,8,42.0,11,0.47,0.68,0.42,0.63,17.0,0.53,0.65,1.12,2.47,3.0,52.0,0.59,0.47,128.0,2324
8.3,8.7,8.7,30,12,12,136.0,16.5,12,97.0,23,0.34,0.64,0.34,0.64,6.0,0.46,0.89,1.16,3.76,6.0,48.0,0.89,0.46,277.0,1819
4.7,8.3,6.7,22,8,8,117.0,21.2,7,72.0,22,0.37,1.02,0.3,0.95,6.0,0.36,0.99,0.99,3.24,4.0,53.0,0.95,0.32,275.0,1920
5.4,4.7,4.7,17,4,4,84.0,15.9,4,60.0,13,0.23,0.77,0.23,0.77,8.0,0.19,0.63,0.83,2.91,7.0,56.0,0.63,0.19,219.0,2021
1.4,1.3,0.5,1,1,1,5.0,3.2,0,14.0,2,0.09,0.26,0.04,0.21,1.0,0.07,0.13,0.07,0.93,1.0,11.0,0.07,0.0,22.0,2021
7.5,8.1,8.1,21,8,8,93.0,12.0,8,67.0,11,0.4,0.59,0.4,0.59,35.0,0.4,0.54,1.04,3.32,7.0,74.0,0.54,0.4,140.0,1819
5.7,7.5,6.6,22,10,10,83.0,9.1,9,52.0,13,0.48,0.64,0.42,0.58,29.0,0.64,0.83,1.41,3.33,5.0,70.0,0.77,0.58,106.0,1920
3.9,5.7,4.1,12,5,5,57.0,4.7,4,36.0,5,0.37,0.41,0.27,0.31,12.0,0.33,0.33,0.79,2.36,4.0,54.0,0.26,0.26,94.0,2021
2.8,3.9,3.9,11,4,4,62.0,4.8,4,29.0,6,0.23,0.28,0.23,0.28,17.0,0.23,0.35,0.64,1.69,4.0,45.0,0.35,0.23,85.0,2122
1.0,0.7,0.7,3,1,1,25.0,1.2,1,10.0,1,0.03,0.06,0.03,0.06,0.0,0.05,0.05,0.15,0.49,1.0,8.0,0.05,0.05,2.0,2021
0.0,0.4,0.4,2,1,1,7.0,0.5,1,5.0,1,0.07,0.08,0.07,0.08,0.0,0.17,0.17,0.34,0.85,0.0,2.0,0.17,0.17,0.0,2223
2.5,1.1,1.1,3,1,1,15.0,1.1,1,12.0,1,0.08,0.08,0.08,0.08,0.0,0.08,0.08,0.24,0.95,0.0,9.0,0.08,0.08,5.0,2021
0.1,2.4,2.4,8,5,5,31.0,2.9,5,22.0,5,0.08,0.1,0.08,0.1,1.0,0.17,0.17,0.27,0.73,0.0,16.0,0.17,0.17,16.0,2223
0.6,0.1,0.1,2,0,0,3.0,0.1,0,2.0,0,0.02,0.02,0.02,0.02,2.0,0.0,0.0,0.36,0.36,0.0,3.0,0.0,0.0,2.0,2324
3.5,2.0,2.0,10,1,1,46.0,4.2,1,36.0,2,0.08,0.17,0.08,0.17,0.0,0.04,0.08,0.41,1.46,7.0,48.0,0.08,0.04,62.0,2223
4.1,3.5,3.5,11,6,6,41.0,4.9,6,38.0,7,0.11,0.15,0.11,0.15,0.0,0.19,0.22,0.35,1.19,0.0,33.0,0.22,0.19,50.0,2324
0.0,1.0,1.0,3,0,0,15.0,2.5,0,8.0,2,0.11,0.29,0.11,0.29,1.0,0.0,0.23,0.34,0.92,0.0,12.0,0.23,0.0,36.0,1819
1.2,1.1,1.1,1,1,1,6.0,1.9,1,5.0,2,0.07,0.11,0.07,0.11,0.0,0.06,0.12,0.06,0.31,1.0,5.0,0.12,0.06,2.0,2122
2.3,1.2,1.2,3,0,0,17.0,2.0,0,9.0,0,0.06,0.1,0.06,0.1,0.0,0.0,0.0,0.15,0.46,1.0,6.0,0.0,0.0,2.0,2223
1.5,5.5,5.5,10,5,5,55.0,7.0,5,35.0,6,0.24,0.3,0.24,0.3,8.0,0.22,0.26,0.43,1.51,4.0,66.0,0.26,0.22,115.0,2021
2.9,3.3,3.3,11,4,4,56.0,5.2,4,29.0,6,0.31,0.48,0.31,0.48,1.0,0.37,0.55,1.02,2.68,4.0,29.0,0.55,0.37,95.0,1819
1.1,2.9,2.9,8,2,2,29.0,4.0,2,29.0,3,0.22,0.3,0.22,0.3,1.0,0.15,0.22,0.59,2.15,4.0,26.0,0.22,0.15,84.0,1920
3.1,1.1,1.1,9,1,1,22.0,2.1,1,21.0,1,0.14,0.26,0.14,0.26,0.0,0.13,0.13,1.13,2.64,2.0,20.0,0.13,0.13,49.0,2021
5.3,3.1,3.1,12,5,5,49.0,4.8,5,21.0,7,0.27,0.42,0.27,0.42,5.0,0.44,0.62,1.06,1.86,0.0,29.0,0.62,0.44,90.0,2122
1.0,5.3,5.3,23,6,6,108.0,6.7,6,47.0,6,0.26,0.33,0.26,0.33,8.0,0.29,0.29,1.12,2.29,8.0,55.0,0.29,0.29,162.0,2223
0.5,0.3,0.3,3,1,1,3.0,0.5,1,8.0,1,0.03,0.03,0.03,0.03,0.0,0.08,0.08,0.23,0.61,1.0,10.0,0.08,0.08,4.0,2021
2.6,0.5,0.5,5,1,1,15.0,1.1,1,14.0,2,0.02,0.04,0.02,0.04,0.0,0.04,0.08,0.2,0.55,3.0,23.0,0.08,0.04,29.0,2122
1.0,2.6,2.6,12,3,3,24.0,3.8,3,26.0,3,0.12,0.18,0.12,0.18,0.0,0.14,0.14,0.55,1.2,4.0,26.0,0.14,0.14,72.0,2223
0.7,1.1,1.1,3,0,0,21.0,3.2,0,10.0,3,0.07,0.2,0.07,0.2,0.0,0.0,0.19,0.19,0.64,0.0,31.0,0.19,0.0,82.0,2021
2.6,0.7,0.7,5,2,2,23.0,2.0,2,14.0,5,0.06,0.18,0.06,0.18,2.0,0.18,0.45,0.45,1.25,0.0,17.0,0.45,0.18,52.0,2122
0.5,2.6,2.6,7,3,3,55.0,5.9,3,22.0,4,0.11,0.25,0.11,0.25,7.0,0.13,0.17,0.29,0.93,3.0,34.0,0.17,0.13,156.0,2223
0.8,0.6,0.6,1,0,0,6.0,0.6,0,4.0,0,0.12,0.12,0.12,0.12,0.0,0.0,0.0,0.19,0.74,1.0,1.0,0.0,0.0,0.0,1920
1.2,0.8,0.8,3,1,1,15.0,0.9,1,7.0,1,0.03,0.04,0.03,0.04,2.0,0.04,0.04,0.13,0.31,2.0,5.0,0.04,0.04,3.0,2021
0.1,0.4,0.4,5,0,0,25.0,4.4,0,9.0,5,0.02,0.2,0.02,0.2,0.0,0.0,0.23,0.23,0.41,1.0,38.0,0.23,0.0,104.0,1819
0.4,0.3,0.3,1,0,0,7.0,1.2,0,2.0,1,0.03,0.12,0.03,0.12,1.0,0.0,0.1,0.1,0.2,0.0,8.0,0.1,0.0,40.0,2122
1.5,2.6,2.6,13,2,2,43.0,6.5,2,28.0,4,0.08,0.2,0.08,0.2,1.0,0.06,0.12,0.39,0.84,1.0,31.0,0.12,0.06,134.0,2324
4.8,4.2,4.2,12,4,4,45.0,6.9,4,39.0,6,0.15,0.25,0.15,0.25,5.0,0.14,0.22,0.43,1.4,2.0,47.0,0.22,0.14,104.0,1920
2.8,4.8,4.8,10,5,5,59.0,6.9,5,40.0,10,0.17,0.25,0.17,0.25,3.0,0.18,0.36,0.36,1.43,2.0,55.0,0.36,0.18,109.0,2021
0.5,4.8,3.2,26,9,9,53.0,6.2,7,60.0,11,0.23,0.36,0.15,0.29,1.0,0.42,0.52,1.22,2.82,4.0,56.0,0.42,0.33,111.0,1920
1.0,0.5,0.5,2,0,0,23.0,1.6,0,10.0,0,0.09,0.28,0.09,0.28,0.0,0.0,0.0,0.35,1.76,1.0,13.0,0.0,0.0,48.0,2021
0.6,1.0,1.0,8,0,0,11.0,1.9,0,26.0,1,0.09,0.18,0.09,0.18,1.0,0.0,0.1,0.76,2.48,4.0,20.0,0.1,0.0,31.0,2122
3.6,0.6,0.6,1,0,0,14.0,1.4,0,14.0,0,0.13,0.3,0.13,0.3,1.0,0.0,0.0,0.22,3.02,0.0,14.0,0.0,0.0,39.0,2122
1.5,3.6,3.6,17,2,2,24.0,5.9,2,43.0,2,0.18,0.3,0.18,0.3,2.0,0.1,0.1,0.86,2.18,6.0,24.0,0.1,0.1,37.0,2223
2.1,1.5,1.5,9,2,2,30.0,3.6,2,34.0,3,0.14,0.34,0.14,0.34,1.0,0.19,0.28,0.84,3.16,2.0,35.0,0.28,0.19,48.0,2324
3.4,3.3,0.9,6,3,3,51.0,5.9,0,20.0,12,0.15,0.37,0.04,0.26,4.0,0.13,0.54,0.27,0.9,3.0,78.0,0.4,0.0,96.0,2122
0.9,3.4,1.8,6,3,3,72.0,5.1,2,23.0,7,0.14,0.28,0.08,0.21,5.0,0.13,0.29,0.25,0.97,3.0,66.0,0.25,0.08,110.0,2223
0.6,0.9,0.9,3,0,0,51.0,2.2,0,18.0,0,0.06,0.14,0.06,0.14,3.0,0.0,0.0,0.2,1.17,3.0,45.0,0.0,0.0,81.0,2324
1.7,0.5,0.5,1,0,0,17.0,1.4,0,13.0,0,0.02,0.05,0.02,0.05,1.0,0.0,0.0,0.04,0.46,1.0,22.0,0.0,0.0,17.0,2223
0.4,1.7,1.7,7,1,1,18.0,2.2,1,15.0,1,0.06,0.07,0.06,0.07,0.0,0.03,0.03,0.23,0.5,2.0,33.0,0.03,0.03,11.0,2324
0.0,1.3,1.3,2,1,1,51.0,4.6,1,9.0,3,0.05,0.17,0.05,0.17,9.0,0.04,0.11,0.07,0.33,1.0,35.0,0.11,0.04,200.0,1819
0.3,1.8,1.8,5,1,1,25.0,3.5,1,6.0,3,0.11,0.21,0.11,0.21,2.0,0.06,0.18,0.3,0.36,0.0,23.0,0.18,0.06,107.0,2021
0.4,0.3,0.3,3,1,1,20.0,2.4,1,3.0,3,0.01,0.13,0.01,0.13,3.0,0.05,0.16,0.16,0.16,0.0,10.0,0.16,0.05,91.0,2122
0.6,0.4,0.4,2,1,1,34.0,4.0,1,4.0,7,0.01,0.13,0.01,0.13,2.0,0.03,0.22,0.06,0.13,1.0,26.0,0.22,0.03,153.0,2223
1.0,0.6,0.6,2,1,1,34.0,3.7,1,5.0,6,0.03,0.15,0.03,0.15,5.0,0.04,0.24,0.08,0.2,0.0,15.0,0.24,0.04,125.0,2324
0.7,0.2,0.2,1,0,0,7.0,0.3,0,4.0,0,0.03,0.04,0.03,0.04,2.0,0.0,0.0,0.13,0.5,0.0,7.0,0.0,0.0,5.0,1920
4.0,4.1,4.1,11,6,6,46.0,8.4,6,43.0,9,0.17,0.35,0.17,0.35,0.0,0.25,0.38,0.46,1.81,4.0,28.0,0.38,0.25,91.0,1819
9.0,4.0,2.4,6,2,2,41.0,4.5,1,31.0,3,0.18,0.27,0.11,0.2,2.0,0.09,0.13,0.27,1.38,3.0,15.0,0.09,0.04,56.0,1920
9.0,9.0,7.4,21,13,13,79.0,10.9,12,52.0,15,0.4,0.55,0.33,0.48,1.0,0.58,0.67,0.93,2.31,6.0,30.0,0.62,0.53,92.0,2021
7.5,9.0,9.0,18,8,8,82.0,13.9,8,55.0,12,0.44,0.67,0.44,0.67,2.0,0.39,0.58,0.87,2.67,3.0,25.0,0.58,0.39,107.0,2122
7.3,7.5,6.7,20,8,8,88.0,10.0,8,53.0,12,0.29,0.41,0.26,0.38,6.0,0.31,0.46,0.76,2.03,4.0,28.0,0.46,0.31,124.0,2223
3.2,7.3,5.7,15,5,5,77.0,16.0,4,41.0,14,0.22,0.53,0.17,0.48,6.0,0.15,0.42,0.45,1.23,2.0,38.0,0.39,0.12,116.0,2324
0.0,0.3,0.3,3,1,1,20.0,2.6,1,7.0,4,0.01,0.11,0.01,0.11,0.0,0.04,0.17,0.13,0.3,0.0,17.0,0.17,0.04,53.0,1920
0.0,0.0,0.0,1,0,0,3.0,1.4,0,2.0,2,0.0,0.17,0.0,0.17,1.0,0.0,0.25,0.12,0.25,0.0,8.0,0.25,0.0,48.0,1819
0.4,0.1,0.1,1,1,1,7.0,0.8,1,4.0,1,0.0,0.03,0.0,0.03,0.0,0.04,0.04,0.04,0.16,0.0,11.0,0.04,0.04,26.0,1920
0.0,0.1,0.1,1,0,0,2.0,0.1,0,2.0,0,0.01,0.01,0.01,0.01,0.0,0.0,0.0,0.16,0.32,0.0,5.0,0.0,0.0,7.0,2122
