goals_next,Expected_xG,Expected_npxG,Standard_Gls,Performance_Gls,Standard_SoT,Expected_npxG+xAG,Touches_Att Pen,Performance_G-PK,Performance_G+A,Standard_Sh,Per 90 Minutes_xG,Per 90 Minutes_xG+xAG,Per 90 Minutes_npxG+xAG,Per 90 Minutes_npxG,assists_next,Per 90 Minutes_G+A,Per 90 Minutes_Gls,Standard_SoT/90,Performance_Off,Standard_Sh/90,SCA Types_Sh,Per 90 Minutes_G+A-PK,Carries_CPA,Progression_PrgR,season
0.0,4.0,4.0,2,2,8,4.2,35.0,2,3,23.0,0.45,0.48,0.48,0.45,0.0,0.34,0.23,0.91,8.0,2.62,1.0,0.34,5.0,58.0,2021
0.0,0.3,0.3,0,0,1,4.0,13.0,0,1,9.0,0.01,0.16,0.16,0.01,0.0,0.04,0.0,0.04,2.0,0.36,2.0,0.04,1.0,82.0,2223
0.0,0.9,0.9,5,5,13,2.6,25.0,5,6,21.0,0.03,0.08,0.08,0.03,1.0,0.19,0.16,0.41,4.0,0.67,0.0,0.19,8.0,156.0,2122
0.0,0.8,0.8,1,1,2,1.5,21.0,1,2,4.0,0.06,0.11,0.11,0.06,0.0,0.15,0.07,0.15,0.0,0.3,0.0,0.15,6.0,55.0,1819
4.0,5.0,3.5,2,2,9,3.7,37.0,1,2,24.0,0.58,0.6,0.43,0.41,0.0,0.23,0.23,1.04,6.0,2.78,3.0,0.12,9.0,51.0,1920
2.0,2.8,2.1,3,3,13,4.6,31.0,2,4,42.0,0.11,0.21,0.18,0.08,2.0,0.15,0.12,0.5,1.0,1.62,7.0,0.12,7.0,94.0,1819
3.0,3.4,3.4,4,4,13,5.4,72.0,4,10,33.0,0.23,0.37,0.37,0.23,1.0,0.68,0.27,0.88,4.0,2.23,3.0,0.68,6.0,133.0,1819
2.0,2.5,2.5,3,3,9,3.6,53.0,3,4,28.0,0.22,0.31,0.31,0.22,4.0,0.34,0.26,0.77,2.0,2.4,2.0,0.34,5.0,81.0,1920
0.0,4.2,4.2,2,2,11,7.5,62.0,2,6,24.0,0.35,0.62,0.62,0.35,0.0,0.5,0.17,0.91,3.0,1.98,2.0,0.5,13.0,96.0,2021
0.0,2.5,2.5,1,1,6,4.3,50.0,1,2,22.0,0.14,0.24,0.24,0.14,0.0,0.11,0.06,0.34,3.0,1.25,5.0,0.11,8.0,84.0,2223
2.0,0.7,0.7,0,0,1,3.7,41.0,0,4,7.0,0.02,0.11,0.11,0.02,4.0,0.12,0.0,0.03,1.0,0.21,1.0,0.12,21.0,175.0,1920
0.0,1.2,1.2,0,0,2,2.2,44.0,0,0,10.0,0.07,0.14,0.14,0.07,2.0,0.0,0.0,0.13,0.0,0.63,1.0,0.0,4.0,64.0,2223
2.0,0.1,0.1,0,0,1,1.6,24.0,0,2,3.0,0.01,0.08,0.08,0.01,5.0,0.1,0.0,0.05,0.0,0.15,0.0,0.1,4.0,54.0,2324
0.0,0.8,0.8,0,0,5,5.7,28.0,0,3,18.0,0.02,0.18,0.18,0.02,0.0,0.09,0.0,0.16,6.0,0.56,2.0,0.09,11.0,187.0,1819
0.0,0.3,0.3,0,0,3,3.2,11.0,0,0,9.0,0.02,0.16,0.16,0.02,3.0,0.0,0.0,0.15,2.0,0.45,0.0,0.0,3.0,90.0,1920
0.0,0.2,0.2,0,0,1,1.0,16.0,0,3,5.0,0.01,0.06,0.06,0.01,0.0,0.18,0.0,0.06,3.0,0.29,1.0,0.18,3.0,86.0,2021
5.0,1.0,1.0,1,1,5,5.9,19.0,1,2,18.0,0.04,0.23,0.23,0.04,3.0,0.08,0.04,0.2,0.0,0.71,3.0,0.08,1.0,87.0,2122
0.0,2.2,1.4,5,5,7,4.2,14.0,5,8,18.0,0.11,0.24,0.2,0.07,1.0,0.39,0.24,0.34,2.0,0.88,1.0,0.39,3.0,61.0,2223
0.0,2.7,2.7,4,4,16,4.6,66.0,4,6,40.0,0.16,0.27,0.27,0.16,0.0,0.36,0.24,0.96,2.0,2.39,4.0,0.36,45.0,136.0,2223
2.0,3.0,2.2,1,1,8,2.5,60.0,1,1,33.0,0.31,0.34,0.26,0.23,2.0,0.1,0.1,0.83,4.0,3.43,1.0,0.1,35.0,89.0,2324
3.0,3.1,2.3,4,4,13,2.6,16.0,3,5,41.0,0.26,0.29,0.22,0.2,2.0,0.43,0.34,1.12,0.0,3.52,3.0,0.34,1.0,16.0,1920
2.0,1.4,1.4,3,3,9,3.0,24.0,3,5,16.0,0.14,0.31,0.31,0.14,0.0,0.5,0.3,0.91,1.0,1.61,0.0,0.5,4.0,36.0,2122
0.0,1.6,1.6,1,1,4,2.2,16.0,1,2,10.0,0.06,0.08,0.08,0.06,1.0,0.08,0.04,0.15,1.0,0.38,3.0,0.08,2.0,62.0,1819
1.0,0.1,0.1,0,0,1,0.8,7.0,0,1,2.0,0.01,0.08,0.08,0.01,0.0,0.1,0.0,0.1,0.0,0.21,0.0,0.1,3.0,39.0,2122
3.0,1.5,1.5,2,2,4,1.8,15.0,2,2,14.0,0.2,0.25,0.25,0.2,3.0,0.28,0.28,0.56,1.0,1.95,0.0,0.28,3.0,32.0,2223
1.0,3.1,2.3,3,3,11,3.5,32.0,2,6,32.0,0.27,0.38,0.31,0.21,2.0,0.53,0.26,0.97,1.0,2.83,5.0,0.44,8.0,56.0,2324
0.0,2.4,1.6,3,3,6,2.8,32.0,3,4,14.0,0.23,0.36,0.28,0.15,0.0,0.39,0.29,0.59,0.0,1.37,1.0,0.39,20.0,96.0,2021
2.0,0.1,0.1,0,0,1,0.1,2.0,0,0,1.0,0.11,0.15,0.15,0.11,1.0,0.0,0.0,1.15,1.0,1.15,0.0,0.0,1.0,12.0,2223
4.0,6.2,6.2,5,5,16,10.8,78.0,5,11,52.0,0.18,0.32,0.32,0.18,2.0,0.32,0.15,0.47,2.0,1.53,5.0,0.32,12.0,83.0,1819
2.0,5.2,5.2,4,4,12,9.0,100.0,4,6,61.0,0.15,0.26,0.26,0.15,3.0,0.17,0.11,0.34,6.0,1.74,9.0,0.17,16.0,96.0,1920
5.0,2.2,2.2,2,2,11,4.2,44.0,2,6,34.0,0.08,0.15,0.15,0.08,2.0,0.21,0.07,0.39,1.0,1.21,3.0,0.21,6.0,54.0,2122
7.0,2.4,2.4,5,5,8,4.6,45.0,5,7,20.0,0.14,0.27,0.27,0.14,1.0,0.41,0.29,0.47,8.0,1.17,2.0,0.41,7.0,66.0,2223
3.0,2.2,2.2,3,3,14,4.0,17.0,3,4,55.0,0.07,0.13,0.13,0.07,0.0,0.13,0.1,0.46,1.0,1.8,7.0,0.13,2.0,55.0,1819
2.0,3.1,1.5,3,3,8,2.6,20.0,1,3,32.0,0.12,0.17,0.11,0.06,2.0,0.12,0.12,0.32,0.0,1.3,5.0,0.04,5.0,30.0,1920
0.0,2.6,1.8,2,2,4,3.2,19.0,1,4,26.0,0.14,0.22,0.17,0.1,0.0,0.21,0.11,0.21,0.0,1.39,2.0,0.16,0.0,23.0,2021
10.0,3.0,1.4,2,2,8,2.3,17.0,0,2,31.0,0.12,0.15,0.09,0.05,1.0,0.08,0.08,0.32,0.0,1.22,1.0,0.0,2.0,25.0,2324
0.0,0.2,0.2,0,0,2,0.2,3.0,0,0,5.0,0.02,0.03,0.03,0.02,0.0,0.0,0.0,0.22,0.0,0.56,0.0,0.0,0.0,1.0,2324
1.0,1.1,1.1,2,2,2,2.0,12.0,2,3,6.0,0.27,0.48,0.48,0.27,0.0,0.73,0.49,0.49,1.0,1.46,0.0,0.73,4.0,36.0,1920
2.0,1.9,1.1,1,1,2,1.2,19.0,0,1,9.0,0.32,0.32,0.2,0.19,0.0,0.16,0.16,0.33,2.0,1.47,3.0,0.0,6.0,43.0,2021
2.0,0.4,0.4,1,1,1,0.7,8.0,1,1,6.0,0.02,0.03,0.03,0.02,1.0,0.05,0.05,0.05,0.0,0.32,2.0,0.05,0.0,4.0,2324
1.0,1.5,1.5,3,3,6,2.2,28.0,3,3,18.0,0.21,0.31,0.31,0.21,1.0,0.42,0.42,0.84,2.0,2.53,2.0,0.42,2.0,33.0,2122
2.0,3.2,3.2,6,6,14,5.6,43.0,6,7,33.0,0.23,0.4,0.4,0.23,0.0,0.5,0.43,0.99,5.0,2.34,3.0,0.5,5.0,49.0,2324
1.0,0.5,0.5,0,0,2,0.9,4.0,0,0,4.0,0.16,0.25,0.25,0.16,0.0,0.0,0.0,0.57,0.0,1.14,0.0,0.0,0.0,30.0,2021
5.0,1.7,1.7,2,2,5,4.6,32.0,2,6,20.0,0.09,0.24,0.24,0.09,10.0,0.31,0.1,0.26,0.0,1.03,2.0,0.31,17.0,106.0,1819
7.0,4.9,4.9,5,5,20,10.2,104.0,5,15,38.0,0.16,0.34,0.34,0.16,8.0,0.5,0.17,0.66,2.0,1.26,5.0,0.5,41.0,323.0,1920
4.0,4.7,4.7,7,7,16,10.9,137.0,7,15,39.0,0.16,0.37,0.37,0.16,6.0,0.51,0.24,0.54,7.0,1.32,2.0,0.51,46.0,309.0,2021
5.0,2.5,2.5,4,4,10,6.6,80.0,4,10,20.0,0.09,0.24,0.24,0.09,3.0,0.36,0.15,0.36,6.0,0.73,2.0,0.36,17.0,294.0,2122
4.0,3.8,3.8,5,5,9,6.8,82.0,5,8,18.0,0.17,0.3,0.3,0.17,5.0,0.35,0.22,0.39,5.0,0.79,2.0,0.35,22.0,229.0,2223
4.0,4.2,4.2,4,4,12,9.4,67.0,4,9,42.0,0.2,0.44,0.44,0.2,6.0,0.42,0.19,0.56,3.0,1.96,5.0,0.42,22.0,230.0,2324
2.0,2.1,2.1,2,2,12,3.3,46.0,2,3,25.0,0.14,0.23,0.23,0.14,2.0,0.2,0.13,0.81,2.0,1.69,1.0,0.2,11.0,70.0,2223
8.0,3.1,3.1,2,2,6,4.0,29.0,2,5,18.0,0.6,0.78,0.78,0.6,4.0,0.98,0.39,1.18,1.0,3.53,3.0,0.98,5.0,33.0,2324
1.0,0.3,0.3,0,0,1,0.7,26.0,0,0,5.0,0.05,0.14,0.14,0.05,1.0,0.0,0.0,0.19,0.0,0.96,0.0,0.0,5.0,39.0,1819
1.0,0.8,0.8,1,1,1,1.3,13.0,1,2,5.0,0.18,0.31,0.31,0.18,1.0,0.47,0.24,0.24,1.0,1.18,0.0,0.47,1.0,17.0,1920
0.0,1.6,1.6,1,1,5,4.2,61.0,1,2,22.0,0.09,0.23,0.23,0.09,1.0,0.11,0.06,0.28,3.0,1.24,1.0,0.11,13.0,77.0,2021
2.0,1.1,1.1,0,0,4,2.0,35.0,0,1,19.0,0.06,0.11,0.11,0.06,1.0,0.06,0.0,0.23,0.0,1.1,2.0,0.06,2.0,47.0,2122
0.0,0.9,0.9,2,2,5,1.9,33.0,2,3,8.0,0.11,0.23,0.23,0.11,1.0,0.37,0.25,0.62,0.0,1.0,0.0,0.37,4.0,43.0,2223
0.0,0.8,0.8,0,0,2,2.5,44.0,0,1,11.0,0.09,0.27,0.27,0.09,2.0,0.11,0.0,0.21,2.0,1.16,0.0,0.11,4.0,55.0,2324
2.0,1.0,1.0,1,1,6,2.3,47.0,1,2,16.0,0.04,0.1,0.1,0.04,1.0,0.09,0.04,0.26,2.0,0.68,1.0,0.09,12.0,141.0,1819
2.0,1.9,1.9,2,2,6,2.4,25.0,2,3,11.0,0.18,0.23,0.23,0.18,3.0,0.29,0.19,0.57,0.0,1.05,3.0,0.29,5.0,64.0,1920
1.0,2.2,2.2,2,2,12,4.4,59.0,2,5,27.0,0.07,0.13,0.13,0.07,0.0,0.15,0.06,0.36,4.0,0.82,5.0,0.15,11.0,201.0,2021
0.0,0.2,0.2,1,1,3,0.7,15.0,1,1,8.0,0.01,0.02,0.02,0.01,2.0,0.03,0.03,0.1,0.0,0.26,0.0,0.03,6.0,73.0,2122
1.0,0.7,0.7,0,0,7,1.8,17.0,0,2,16.0,0.02,0.06,0.06,0.02,0.0,0.07,0.0,0.23,1.0,0.52,1.0,0.07,4.0,43.0,2223
0.0,0.9,0.9,1,1,3,1.5,19.0,1,1,15.0,0.05,0.07,0.07,0.05,1.0,0.05,0.05,0.15,2.0,0.74,1.0,0.05,2.0,32.0,1920
0.0,0.1,0.1,2,2,2,0.3,6.0,2,2,2.0,0.01,0.03,0.03,0.01,0.0,0.23,0.23,0.23,0.0,0.23,0.0,0.23,1.0,6.0,2223
0.0,0.2,0.2,0,0,1,0.4,8.0,0,0,5.0,0.02,0.04,0.04,0.02,0.0,0.0,0.0,0.09,0.0,0.44,0.0,0.0,0.0,6.0,2324
1.0,0.1,0.1,0,0,3,1.1,3.0,0,0,3.0,0.01,0.1,0.1,0.01,1.0,0.0,0.0,0.29,0.0,0.29,0.0,0.0,1.0,5.0,2324
2.0,1.4,1.4,3,3,8,3.3,30.0,3,3,21.0,0.24,0.56,0.56,0.24,4.0,0.5,0.5,1.34,0.0,3.51,3.0,0.5,19.0,77.0,1819
1.0,0.7,0.7,0,0,2,1.5,20.0,0,0,13.0,0.19,0.41,0.41,0.19,1.0,0.0,0.0,0.55,0.0,3.59,0.0,0.0,12.0,44.0,2122
0.0,2.3,2.3,1,1,9,5.1,37.0,1,2,26.0,0.2,0.43,0.43,0.2,0.0,0.17,0.08,0.76,2.0,2.2,3.0,0.17,11.0,125.0,2223
0.0,0.5,0.5,0,0,1,1.8,17.0,0,1,5.0,0.02,0.05,0.05,0.02,2.0,0.03,0.0,0.03,0.0,0.15,2.0,0.03,3.0,54.0,2223
0.0,0.9,0.9,2,2,2,0.9,13.0,2,2,8.0,0.06,0.06,0.06,0.06,0.0,0.13,0.13,0.13,0.0,0.5,1.0,0.13,1.0,7.0,2122
0.0,1.8,1.8,0,0,2,1.9,27.0,0,0,18.0,0.08,0.09,0.09,0.08,0.0,0.0,0.0,0.09,1.0,0.82,0.0,0.0,0.0,9.0,2223
0.0,2.2,2.2,2,2,4,2.9,34.0,2,5,12.0,0.24,0.3,0.3,0.24,0.0,0.53,0.21,0.42,10.0,1.27,0.0,0.53,8.0,82.0,1718
0.0,1.4,1.4,1,1,2,1.4,11.0,1,1,8.0,0.07,0.07,0.07,0.07,0.0,0.05,0.05,0.1,0.0,0.41,0.0,0.05,0.0,1.0,2021
0.0,0.9,0.9,0,0,2,0.9,17.0,0,0,8.0,0.03,0.04,0.04,0.03,0.0,0.0,0.0,0.08,1.0,0.32,1.0,0.0,1.0,10.0,2122
1.0,0.9,0.9,3,3,4,0.9,9.0,3,3,6.0,0.41,0.42,0.42,0.41,1.0,1.43,1.43,1.9,0.0,2.86,0.0,1.43,0.0,9.0,1718
4.0,0.3,0.3,0,0,1,0.6,6.0,0,1,6.0,0.12,0.22,0.22,0.12,9.0,0.37,0.0,0.37,0.0,2.25,1.0,0.37,0.0,13.0,1819
1.0,3.8,3.8,4,4,12,10.4,106.0,4,13,43.0,0.13,0.36,0.36,0.13,4.0,0.45,0.14,0.41,6.0,1.49,1.0,0.45,71.0,246.0,1920
0.0,1.3,1.3,1,1,4,4.0,6.0,1,5,17.0,0.12,0.35,0.35,0.12,0.0,0.45,0.09,0.36,0.0,1.52,0.0,0.45,2.0,37.0,1920
1.0,2.0,2.0,2,2,13,6.9,106.0,2,4,43.0,0.07,0.23,0.23,0.07,0.0,0.14,0.07,0.44,7.0,1.46,3.0,0.14,58.0,220.0,2021
0.0,3.0,3.0,1,1,5,4.4,51.0,1,1,23.0,0.25,0.37,0.37,0.25,2.0,0.08,0.08,0.42,9.0,1.94,2.0,0.08,25.0,85.0,2122
2.0,0.7,0.7,0,0,3,1.6,27.0,0,2,9.0,0.16,0.37,0.37,0.16,1.0,0.47,0.0,0.71,2.0,2.12,1.0,0.47,16.0,55.0,2122
2.0,1.4,1.4,2,2,7,5.1,56.0,2,3,19.0,0.08,0.31,0.31,0.08,3.0,0.18,0.12,0.42,7.0,1.14,2.0,0.18,25.0,157.0,2223
2.0,1.5,1.5,2,2,7,2.2,24.0,2,5,11.0,0.36,0.53,0.53,0.36,7.0,1.19,0.48,1.67,0.0,2.63,1.0,1.19,13.0,48.0,2324
0.0,1.4,1.4,0,0,3,2.8,29.0,0,2,12.0,0.2,0.41,0.41,0.2,0.0,0.29,0.0,0.44,2.0,1.75,2.0,0.29,11.0,52.0,1819
4.0,1.3,1.3,0,0,1,2.3,15.0,0,0,10.0,0.38,0.67,0.67,0.38,4.0,0.0,0.0,0.29,0.0,2.91,3.0,0.0,4.0,32.0,1920
6.0,6.3,5.5,4,4,22,10.7,132.0,4,8,68.0,0.21,0.37,0.35,0.18,0.0,0.26,0.13,0.72,12.0,2.23,9.0,0.26,52.0,236.0,2021
13.0,4.5,4.5,6,6,12,6.4,88.0,6,6,26.0,0.28,0.4,0.4,0.28,6.0,0.37,0.37,0.74,6.0,1.61,3.0,0.37,24.0,139.0,2122
11.0,9.1,6.7,13,13,23,13.3,111.0,10,19,49.0,0.47,0.82,0.69,0.35,7.0,0.99,0.68,1.2,11.0,2.55,5.0,0.83,33.0,185.0,2223
15.0,9.1,9.1,11,11,24,14.3,129.0,11,18,67.0,0.43,0.68,0.68,0.43,5.0,0.86,0.52,1.14,12.0,3.18,4.0,0.86,35.0,222.0,2324
0.0,3.4,3.4,2,2,12,9.2,48.0,2,7,26.0,0.17,0.48,0.48,0.17,4.0,0.36,0.1,0.62,0.0,1.35,2.0,0.36,14.0,92.0,2021
0.0,1.2,1.2,0,0,10,2.8,22.0,0,4,21.0,0.1,0.23,0.23,0.1,0.0,0.33,0.0,0.83,2.0,1.75,1.0,0.33,9.0,61.0,2122
0.0,0.8,0.8,3,3,3,0.8,11.0,3,3,5.0,0.06,0.06,0.06,0.06,1.0,0.23,0.23,0.23,0.0,0.38,0.0,0.23,0.0,0.0,2122
2.0,4.0,4.0,6,6,13,7.6,78.0,6,11,36.0,0.21,0.41,0.41,0.21,2.0,0.59,0.32,0.69,17.0,1.91,5.0,0.59,17.0,176.0,1819
0.0,1.6,1.6,2,2,9,3.7,34.0,2,4,23.0,0.12,0.28,0.28,0.12,2.0,0.3,0.15,0.68,9.0,1.72,2.0,0.3,5.0,94.0,1920
0.0,0.6,0.6,0,0,3,3.0,33.0,0,2,7.0,0.07,0.33,0.33,0.07,0.0,0.22,0.0,0.33,10.0,0.77,2.0,0.22,4.0,60.0,2021
3.0,2.4,2.4,1,1,6,5.4,57.0,1,4,32.0,0.17,0.39,0.39,0.17,3.0,0.29,0.07,0.43,5.0,2.3,4.0,0.29,29.0,173.0,1819
4.0,1.9,1.9,3,3,8,5.0,38.0,3,6,24.0,0.15,0.38,0.38,0.15,5.0,0.46,0.23,0.62,2.0,1.85,4.0,0.46,20.0,133.0,1920
3.0,5.0,2.6,4,4,9,6.6,38.0,1,9,29.0,0.44,0.79,0.58,0.23,0.0,0.8,0.36,0.8,2.0,2.57,1.0,0.53,10.0,116.0,2021
0.0,4.1,2.5,3,3,13,5.4,51.0,1,3,40.0,0.23,0.39,0.3,0.14,0.0,0.17,0.17,0.72,4.0,2.22,9.0,0.06,20.0,140.0,2122
0.0,3.2,2.4,2,2,14,5.8,24.0,1,6,38.0,0.21,0.43,0.38,0.16,2.0,0.39,0.13,0.92,1.0,2.49,2.0,0.33,8.0,95.0,1920
4.0,2.8,2.8,0,0,16,5.3,46.0,0,2,49.0,0.13,0.24,0.24,0.13,3.0,0.09,0.0,0.73,7.0,2.22,5.0,0.09,17.0,134.0,2122
0.0,3.8,3.1,4,4,19,6.4,42.0,3,7,47.0,0.23,0.44,0.39,0.19,0.0,0.43,0.24,1.16,10.0,2.87,2.0,0.37,14.0,115.0,2223
1.0,4.3,3.5,3,3,24,8.0,65.0,2,5,63.0,0.16,0.32,0.29,0.13,1.0,0.18,0.11,0.87,16.0,2.29,6.0,0.15,24.0,167.0,2324
0.0,1.7,1.7,1,1,7,2.0,15.0,1,1,12.0,0.29,0.35,0.35,0.29,0.0,0.17,0.17,1.22,2.0,2.08,1.0,0.17,1.0,26.0,2122
0.0,0.7,0.7,0,0,1,1.3,12.0,0,0,7.0,0.03,0.06,0.06,0.03,0.0,0.0,0.0,0.05,1.0,0.33,5.0,0.0,1.0,0.0,1819
8.0,7.7,7.6,7,7,14,8.1,46.0,7,8,26.0,0.56,0.6,0.59,0.55,1.0,0.58,0.51,1.02,13.0,1.89,2.0,0.58,7.0,78.0,1819
4.0,7.9,7.2,8,8,14,9.6,46.0,7,9,27.0,0.59,0.77,0.71,0.53,0.0,0.67,0.6,1.04,4.0,2.01,4.0,0.6,6.0,82.0,1920
4.0,4.6,4.6,4,4,10,5.6,37.0,4,4,21.0,0.71,0.85,0.85,0.71,1.0,0.61,0.61,1.53,1.0,3.21,2.0,0.61,5.0,60.0,2021
1.0,1.5,1.5,2,2,3,1.8,9.0,2,3,7.0,0.13,0.15,0.15,0.13,1.0,0.25,0.17,0.25,0.0,0.59,1.0,0.25,2.0,24.0,1819
4.0,1.5,1.5,1,1,6,2.7,37.0,1,2,20.0,0.07,0.13,0.13,0.07,2.0,0.09,0.05,0.28,0.0,0.94,3.0,0.09,9.0,80.0,1920
0.0,2.7,2.7,4,4,12,3.8,41.0,4,6,33.0,0.11,0.15,0.15,0.11,2.0,0.23,0.16,0.47,0.0,1.28,1.0,0.23,8.0,71.0,2021
8.0,2.1,2.1,0,0,7,3.9,54.0,0,2,26.0,0.08,0.15,0.15,0.08,4.0,0.08,0.0,0.28,4.0,1.02,3.0,0.08,12.0,82.0,2122
5.0,6.2,5.8,8,8,22,8.2,83.0,8,12,48.0,0.2,0.28,0.27,0.19,3.0,0.39,0.26,0.72,2.0,1.57,6.0,0.39,5.0,109.0,2223
9.0,3.5,3.4,5,5,16,7.4,79.0,5,8,38.0,0.12,0.26,0.25,0.11,4.0,0.27,0.17,0.54,6.0,1.29,4.0,0.27,10.0,106.0,2324
0.0,0.3,0.3,0,0,3,1.0,0.0,0,0,9.0,0.02,0.07,0.07,0.02,2.0,0.0,0.0,0.23,0.0,0.68,1.0,0.0,0.0,9.0,1819
1.0,0.6,0.6,0,0,3,2.7,4.0,0,2,14.0,0.05,0.2,0.2,0.05,1.0,0.15,0.0,0.22,0.0,1.03,0.0,0.15,1.0,21.0,1920
0.0,0.5,0.5,1,1,1,1.2,5.0,1,2,6.0,0.03,0.07,0.07,0.03,1.0,0.11,0.06,0.06,0.0,0.34,0.0,0.11,1.0,19.0,2021
1.0,1.0,1.0,0,0,4,2.4,21.0,0,3,19.0,0.03,0.07,0.07,0.03,0.0,0.09,0.0,0.12,0.0,0.58,1.0,0.09,3.0,60.0,1819
0.0,0.8,0.8,1,1,1,1.2,8.0,1,1,5.0,0.13,0.21,0.21,0.13,0.0,0.17,0.17,0.17,0.0,0.87,0.0,0.17,2.0,24.0,1920
4.0,1.2,1.2,1,1,3,1.7,17.0,1,1,18.0,0.05,0.07,0.07,0.05,2.0,0.04,0.04,0.12,2.0,0.7,1.0,0.04,1.0,58.0,2021
0.0,1.2,1.2,4,4,7,3.1,42.0,4,6,23.0,0.04,0.11,0.11,0.04,0.0,0.21,0.14,0.24,2.0,0.8,1.0,0.21,10.0,96.0,2122
0.0,0.9,0.9,0,0,2,1.8,21.0,0,0,12.0,0.03,0.05,0.05,0.03,2.0,0.0,0.0,0.06,1.0,0.36,1.0,0.0,4.0,58.0,2223
8.0,4.5,4.4,5,5,17,8.1,71.0,5,13,53.0,0.16,0.3,0.29,0.16,1.0,0.47,0.18,0.62,6.0,1.92,5.0,0.47,16.0,193.0,1819
5.0,5.6,5.6,8,8,18,8.5,90.0,8,9,50.0,0.24,0.37,0.37,0.24,1.0,0.39,0.35,0.78,8.0,2.17,1.0,0.39,15.0,149.0,1920
8.0,6.2,6.2,5,5,15,10.2,116.0,5,6,47.0,0.21,0.35,0.35,0.21,4.0,0.21,0.17,0.51,6.0,1.61,9.0,0.21,9.0,159.0,2021
5.0,6.2,6.2,8,8,19,9.5,117.0,8,12,48.0,0.23,0.36,0.36,0.23,5.0,0.45,0.3,0.72,4.0,1.81,5.0,0.45,13.0,167.0,2122
0.0,3.0,3.0,5,5,9,5.8,47.0,5,10,21.0,0.21,0.41,0.41,0.21,2.0,0.7,0.35,0.63,5.0,1.48,2.0,0.7,2.0,98.0,2223
1.0,1.5,1.5,0,0,5,3.4,50.0,0,2,17.0,0.14,0.33,0.33,0.14,2.0,0.19,0.0,0.48,4.0,1.63,2.0,0.19,3.0,73.0,2223
3.0,3.8,3.8,1,1,6,7.7,75.0,1,3,31.0,0.29,0.58,0.58,0.29,7.0,0.23,0.08,0.45,5.0,2.34,4.0,0.23,7.0,121.0,2324
0.0,1.8,1.8,3,3,5,3.8,37.0,3,5,19.0,0.1,0.21,0.21,0.1,6.0,0.27,0.16,0.27,0.0,1.04,2.0,0.27,11.0,118.0,2122
1.0,0.6,0.6,0,0,3,2.2,30.0,0,6,10.0,0.03,0.1,0.1,0.03,2.0,0.28,0.0,0.14,3.0,0.46,3.0,0.28,9.0,166.0,2223
2.0,1.7,1.7,1,1,7,3.5,47.0,1,3,20.0,0.07,0.15,0.15,0.07,2.0,0.13,0.04,0.29,4.0,0.84,2.0,0.13,8.0,181.0,2324
1.0,1.2,1.2,1,1,5,1.4,17.0,1,1,12.0,0.1,0.11,0.11,0.1,1.0,0.08,0.08,0.41,2.0,0.99,0.0,0.08,5.0,53.0,1920
1.0,0.7,0.7,1,1,4,3.9,22.0,1,5,16.0,0.04,0.2,0.2,0.04,1.0,0.26,0.05,0.21,2.0,0.82,2.0,0.26,9.0,109.0,2324
1.0,3.1,2.3,2,2,7,5.3,65.0,1,2,17.0,0.19,0.38,0.33,0.14,1.0,0.12,0.12,0.44,6.0,1.06,1.0,0.06,23.0,110.0,1920
0.0,1.9,1.9,3,3,5,2.2,16.0,3,5,16.0,0.25,0.3,0.3,0.25,0.0,0.66,0.4,0.66,4.0,2.12,5.0,0.66,3.0,33.0,1920
0.0,0.3,0.3,0,0,1,0.7,13.0,0,1,4.0,0.02,0.06,0.06,0.02,0.0,0.07,0.0,0.07,0.0,0.3,0.0,0.07,2.0,59.0,2021
0.0,0.2,0.2,0,0,2,1.1,9.0,0,1,6.0,0.01,0.06,0.06,0.01,2.0,0.05,0.0,0.1,0.0,0.31,3.0,0.05,2.0,87.0,2223
0.0,0.3,0.3,0,0,2,2.2,6.0,0,2,7.0,0.02,0.18,0.18,0.02,0.0,0.16,0.0,0.16,0.0,0.56,2.0,0.16,1.0,23.0,2324
2.0,3.6,2.8,3,3,7,5.5,55.0,2,9,22.0,0.16,0.28,0.25,0.12,1.0,0.4,0.13,0.31,2.0,0.98,3.0,0.36,8.0,144.0,2223
5.0,3.5,2.8,2,2,5,4.4,62.0,1,3,24.0,0.14,0.2,0.17,0.11,4.0,0.12,0.08,0.19,2.0,0.92,4.0,0.08,9.0,126.0,2324
0.0,0.1,0.1,0,0,1,0.2,3.0,0,0,4.0,0.02,0.04,0.04,0.02,1.0,0.0,0.0,0.21,0.0,0.83,0.0,0.0,2.0,11.0,2122
0.0,0.9,0.9,1,1,3,1.8,23.0,1,2,5.0,0.08,0.17,0.17,0.08,2.0,0.18,0.09,0.27,1.0,0.46,1.0,0.18,8.0,66.0,1819
0.0,0.4,0.4,0,0,1,2.0,15.0,0,2,4.0,0.03,0.13,0.13,0.03,0.0,0.13,0.0,0.06,0.0,0.26,0.0,0.13,9.0,34.0,1920
0.0,0.1,0.1,0,0,1,0.2,6.0,0,0,2.0,0.01,0.04,0.04,0.01,0.0,0.0,0.0,0.18,2.0,0.37,0.0,0.0,3.0,21.0,2021
0.0,0.6,0.6,0,0,3,1.2,25.0,0,0,10.0,0.04,0.09,0.09,0.04,0.0,0.0,0.0,0.22,0.0,0.73,0.0,0.0,8.0,52.0,2021
0.0,0.3,0.3,0,0,2,0.8,7.0,0,0,3.0,0.05,0.16,0.16,0.05,0.0,0.0,0.0,0.37,1.0,0.55,2.0,0.0,1.0,33.0,2122
1.0,0.0,0.0,0,0,1,0.7,7.0,0,0,1.0,0.0,0.05,0.05,0.0,4.0,0.0,0.0,0.06,0.0,0.06,0.0,0.0,2.0,35.0,2223
1.0,3.0,2.2,1,1,5,4.2,41.0,0,5,17.0,0.19,0.32,0.27,0.14,4.0,0.31,0.06,0.31,1.0,1.07,4.0,0.25,6.0,82.0,2324
3.0,1.2,1.2,1,1,3,1.4,24.0,1,1,14.0,0.04,0.05,0.05,0.04,0.0,0.03,0.03,0.1,0.0,0.47,0.0,0.03,0.0,1.0,2324
2.0,0.7,0.7,0,0,3,2.5,36.0,0,0,16.0,0.05,0.18,0.18,0.05,2.0,0.0,0.0,0.22,6.0,1.18,4.0,0.0,16.0,74.0,1920
0.0,2.9,2.9,2,2,14,5.0,64.0,2,4,33.0,0.16,0.28,0.28,0.16,0.0,0.23,0.11,0.79,5.0,1.86,3.0,0.23,14.0,148.0,2021
0.0,1.0,1.0,0,0,3,2.0,25.0,0,0,20.0,0.11,0.21,0.21,0.11,0.0,0.0,0.0,0.32,1.0,2.1,4.0,0.0,10.0,72.0,2122
2.0,0.8,0.8,0,0,6,3.0,24.0,0,0,15.0,0.05,0.18,0.18,0.05,1.0,0.0,0.0,0.37,3.0,0.93,4.0,0.0,8.0,70.0,2223
1.0,0.8,0.8,2,2,2,2.1,25.0,2,3,13.0,0.07,0.19,0.19,0.07,3.0,0.27,0.18,0.18,1.0,1.15,1.0,0.27,9.0,50.0,2324
0.0,1.2,1.2,2,2,8,1.9,13.0,2,2,29.0,0.12,0.18,0.18,0.12,0.0,0.19,0.19,0.75,0.0,2.71,4.0,0.19,2.0,42.0,2122
0.0,12.4,12.4,8,8,32,14.3,118.0,8,9,79.0,0.5,0.57,0.57,0.5,0.0,0.36,0.32,1.28,26.0,3.16,8.0,0.36,22.0,127.0,2324
0.0,1.3,1.3,0,0,6,2.8,40.0,0,2,10.0,0.13,0.27,0.27,0.13,0.0,0.19,0.0,0.58,4.0,0.96,2.0,0.19,10.0,64.0,2324
10.0,10.4,10.3,12,12,41,13.1,124.0,12,16,83.0,0.38,0.48,0.47,0.37,10.0,0.58,0.43,1.47,20.0,2.98,11.0,0.58,29.0,214.0,1819
6.0,12.1,11.3,10,10,34,19.1,120.0,10,20,76.0,0.51,0.84,0.8,0.47,1.0,0.84,0.42,1.43,16.0,3.19,9.0,0.84,29.0,186.0,1920
10.0,5.7,5.7,6,6,25,10.4,95.0,6,7,62.0,0.29,0.52,0.52,0.29,6.0,0.35,0.3,1.25,20.0,3.09,8.0,0.35,21.0,178.0,2021
2.0,8.0,5.7,10,10,23,13.0,86.0,7,16,59.0,0.36,0.7,0.59,0.26,9.0,0.7,0.43,1.0,13.0,2.57,8.0,0.57,24.0,141.0,2122
7.0,5.0,3.4,2,2,11,7.4,57.0,1,11,27.0,0.25,0.46,0.38,0.17,4.0,0.56,0.1,0.56,4.0,1.37,3.0,0.51,13.0,156.0,2223
11.0,7.0,6.2,7,7,18,10.2,90.0,6,11,57.0,0.33,0.52,0.48,0.29,4.0,0.52,0.33,0.85,6.0,2.68,4.0,0.47,21.0,157.0,2324
6.0,9.9,5.8,14,14,19,11.0,71.0,10,18,52.0,0.3,0.45,0.33,0.17,1.0,0.54,0.42,0.57,11.0,1.55,10.0,0.42,17.0,168.0,2324
1.0,0.2,0.2,0,0,1,0.2,2.0,0,0,2.0,0.03,0.03,0.03,0.03,3.0,0.0,0.0,0.17,0.0,0.34,0.0,0.0,0.0,2.0,2223
0.0,0.6,0.6,1,1,2,2.0,11.0,1,4,8.0,0.04,0.14,0.14,0.04,2.0,0.28,0.07,0.14,0.0,0.55,1.0,0.28,2.0,13.0,2324
1.0,0.4,0.4,1,1,3,0.6,13.0,1,1,7.0,0.16,0.21,0.21,0.16,0.0,0.37,0.37,1.11,2.0,2.58,0.0,0.37,1.0,25.0,1920
1.0,1.5,1.5,1,1,5,2.2,26.0,1,1,11.0,0.33,0.47,0.47,0.33,0.0,0.21,0.21,1.07,2.0,2.36,1.0,0.21,4.0,36.0,1920
1.0,3.0,3.0,1,1,6,3.7,43.0,1,1,16.0,0.74,0.89,0.89,0.74,0.0,0.24,0.24,1.46,1.0,3.9,4.0,0.24,2.0,50.0,2021
0.0,1.2,1.2,1,1,3,1.4,18.0,1,1,10.0,0.19,0.23,0.23,0.19,0.0,0.17,0.17,0.5,6.0,1.65,2.0,0.17,1.0,23.0,2324
1.0,0.9,0.9,0,0,1,1.0,6.0,0,0,5.0,0.18,0.2,0.2,0.18,1.0,0.0,0.0,0.19,0.0,0.97,0.0,0.0,1.0,10.0,1819
0.0,0.3,0.3,1,1,2,0.7,7.0,1,2,8.0,0.05,0.1,0.1,0.05,0.0,0.28,0.14,0.28,1.0,1.12,1.0,0.28,2.0,19.0,1920
0.0,0.5,0.5,0,0,3,0.8,16.0,0,0,10.0,0.04,0.06,0.06,0.04,1.0,0.0,0.0,0.23,1.0,0.76,1.0,0.0,3.0,30.0,2021
0.0,1.1,1.1,0,0,2,3.1,22.0,0,1,24.0,0.05,0.13,0.13,0.05,0.0,0.04,0.0,0.08,1.0,0.99,4.0,0.04,0.0,25.0,2122
0.0,0.6,0.6,0,0,3,0.9,13.0,0,0,10.0,0.04,0.07,0.07,0.04,1.0,0.0,0.0,0.23,0.0,0.75,1.0,0.0,1.0,10.0,2223
1.0,1.1,1.1,0,0,5,1.7,16.0,0,1,23.0,0.05,0.09,0.09,0.05,0.0,0.05,0.0,0.25,0.0,1.15,2.0,0.05,0.0,13.0,2324
0.0,1.8,1.2,1,1,2,2.0,15.0,0,2,6.0,0.6,0.88,0.67,0.39,0.0,0.65,0.33,0.65,2.0,1.96,1.0,0.33,2.0,13.0,2324
0.0,0.9,0.9,0,0,3,1.2,31.0,0,0,9.0,0.05,0.08,0.08,0.05,0.0,0.0,0.0,0.18,0.0,0.55,0.0,0.0,9.0,70.0,1920
0.0,3.1,3.1,3,3,10,5.0,35.0,3,5,22.0,0.23,0.37,0.37,0.23,1.0,0.37,0.22,0.74,6.0,1.62,3.0,0.37,4.0,87.0,2122
2.0,0.9,0.9,0,0,3,2.3,28.0,0,1,15.0,0.07,0.16,0.16,0.07,2.0,0.07,0.0,0.21,3.0,1.04,1.0,0.07,7.0,97.0,2223
0.0,0.7,0.7,2,2,5,2.4,27.0,2,4,17.0,0.04,0.14,0.14,0.04,0.0,0.24,0.12,0.3,5.0,1.03,3.0,0.24,2.0,79.0,2324
0.0,2.8,2.8,2,2,4,3.4,30.0,2,2,10.0,0.3,0.36,0.36,0.3,0.0,0.21,0.21,0.42,8.0,1.04,1.0,0.21,0.0,33.0,1819
0.0,0.9,0.9,0,0,3,1.4,17.0,0,1,17.0,0.1,0.16,0.16,0.1,0.0,0.12,0.0,0.35,0.0,1.97,1.0,0.12,8.0,72.0,2122
0.0,0.8,0.8,0,0,4,1.3,18.0,0,0,7.0,0.12,0.2,0.2,0.12,0.0,0.0,0.0,0.62,2.0,1.09,1.0,0.0,2.0,35.0,2122
0.0,0.9,0.9,0,0,1,1.9,14.0,0,0,15.0,0.03,0.07,0.07,0.03,2.0,0.0,0.0,0.03,1.0,0.51,3.0,0.0,3.0,25.0,1819
2.0,1.5,1.5,0,0,2,2.7,25.0,0,2,16.0,0.05,0.1,0.1,0.05,1.0,0.08,0.0,0.08,0.0,0.6,4.0,0.08,2.0,26.0,1920
1.0,0.9,0.9,2,2,3,1.8,22.0,2,3,14.0,0.04,0.07,0.07,0.04,0.0,0.12,0.08,0.12,0.0,0.55,2.0,0.12,1.0,18.0,2021
0.0,0.9,0.9,1,1,2,1.2,24.0,1,1,14.0,0.05,0.06,0.06,0.05,2.0,0.05,0.05,0.11,0.0,0.77,3.0,0.05,1.0,20.0,2122
0.0,1.5,1.5,2,2,5,3.6,9.0,2,3,19.0,0.08,0.2,0.2,0.08,1.0,0.16,0.11,0.27,1.0,1.03,1.0,0.16,1.0,65.0,1819
1.0,0.1,0.1,0,0,1,1.0,4.0,0,1,3.0,0.02,0.21,0.21,0.02,5.0,0.21,0.0,0.21,0.0,0.62,0.0,0.21,1.0,8.0,2021
3.0,1.8,1.8,1,1,14,8.0,23.0,1,6,32.0,0.07,0.31,0.31,0.07,6.0,0.23,0.04,0.54,1.0,1.23,3.0,0.23,7.0,76.0,2223
3.0,1.8,1.8,3,3,12,7.3,18.0,3,9,39.0,0.05,0.21,0.21,0.05,4.0,0.25,0.08,0.34,1.0,1.1,1.0,0.25,3.0,52.0,2324
2.0,0.4,0.4,0,0,5,1.4,18.0,0,0,8.0,0.08,0.24,0.24,0.08,4.0,0.0,0.0,0.85,1.0,1.36,1.0,0.0,6.0,56.0,1819
0.0,2.8,2.8,2,2,10,7.5,36.0,2,6,23.0,0.12,0.31,0.31,0.12,1.0,0.25,0.08,0.42,3.0,0.96,2.0,0.25,11.0,119.0,1920
0.0,0.7,0.7,2,2,3,3.0,18.0,2,2,6.0,0.03,0.14,0.14,0.03,3.0,0.09,0.09,0.14,1.0,0.28,0.0,0.09,4.0,120.0,2122
0.0,1.9,1.9,1,1,4,6.8,78.0,1,7,19.0,0.07,0.25,0.25,0.07,1.0,0.25,0.04,0.15,5.0,0.69,2.0,0.25,34.0,234.0,2223
0.0,0.1,0.1,0,0,1,1.4,40.0,0,1,5.0,0.01,0.09,0.09,0.01,4.0,0.07,0.0,0.07,4.0,0.33,0.0,0.07,20.0,141.0,2324
7.0,3.0,3.0,3,3,9,4.1,59.0,3,5,24.0,0.48,0.64,0.64,0.48,4.0,0.79,0.47,1.42,3.0,3.8,1.0,0.79,28.0,85.0,2223
6.0,8.4,8.3,7,7,27,13.4,248.0,7,11,100.0,0.29,0.47,0.47,0.29,2.0,0.39,0.25,0.95,15.0,3.51,13.0,0.39,102.0,281.0,2324
0.0,0.4,0.4,0,0,1,1.5,15.0,0,0,11.0,0.02,0.06,0.06,0.02,3.0,0.0,0.0,0.04,2.0,0.45,1.0,0.0,6.0,80.0,2021
0.0,0.5,0.5,0,0,2,4.2,30.0,0,3,10.0,0.03,0.2,0.2,0.03,0.0,0.14,0.0,0.1,1.0,0.48,2.0,0.14,10.0,90.0,2223
7.0,5.0,2.6,8,8,13,9.2,40.0,5,10,40.0,0.15,0.36,0.28,0.08,3.0,0.31,0.25,0.4,1.0,1.24,5.0,0.22,16.0,177.0,1819
0.0,6.7,3.5,7,7,17,8.7,67.0,5,10,68.0,0.22,0.39,0.29,0.12,1.0,0.33,0.23,0.56,3.0,2.24,12.0,0.26,15.0,193.0,1920
0.0,0.1,0.1,0,0,2,1.3,1.0,0,1,6.0,0.03,0.29,0.29,0.03,0.0,0.23,0.0,0.46,0.0,1.38,1.0,0.23,0.0,9.0,2021
14.0,6.2,4.6,3,3,19,7.3,102.0,2,6,57.0,0.4,0.57,0.47,0.29,1.0,0.39,0.19,1.22,3.0,3.66,1.0,0.32,5.0,88.0,2021
0.0,14.9,8.6,14,14,27,10.9,144.0,10,15,85.0,0.67,0.77,0.49,0.39,0.0,0.67,0.63,1.21,14.0,3.81,13.0,0.49,10.0,97.0,2223
5.0,3.4,3.4,3,3,14,9.0,48.0,3,7,38.0,0.15,0.39,0.39,0.15,9.0,0.31,0.13,0.61,1.0,1.66,3.0,0.31,23.0,115.0,1920
3.0,2.9,2.9,5,5,12,8.3,50.0,5,14,27.0,0.25,0.7,0.7,0.25,4.0,1.18,0.42,1.01,3.0,2.27,2.0,1.18,11.0,93.0,2021
8.0,2.7,2.7,3,3,7,5.7,38.0,3,7,23.0,0.16,0.34,0.34,0.16,7.0,0.42,0.18,0.42,2.0,1.38,2.0,0.42,13.0,126.0,2122
6.0,5.3,5.3,8,8,25,11.1,85.0,8,15,49.0,0.19,0.4,0.4,0.19,6.0,0.55,0.29,0.91,6.0,1.79,3.0,0.55,28.0,210.0,2223
4.0,1.4,1.4,2,2,4,4.1,40.0,2,7,14.0,0.16,0.48,0.48,0.16,5.0,0.82,0.23,0.47,3.0,1.63,2.0,0.82,16.0,65.0,2122
3.0,2.9,2.9,4,4,15,7.1,42.0,4,9,40.0,0.12,0.3,0.3,0.12,5.0,0.39,0.17,0.65,1.0,1.72,3.0,0.39,8.0,105.0,2223
2.0,0.6,0.6,1,1,2,0.9,6.0,1,1,3.0,0.03,0.05,0.05,0.03,0.0,0.05,0.05,0.11,0.0,0.16,0.0,0.05,4.0,1.0,1819
0.0,1.3,1.3,2,2,4,2.0,15.0,2,2,8.0,0.06,0.09,0.09,0.06,3.0,0.09,0.09,0.19,0.0,0.37,3.0,0.09,4.0,24.0,1920
0.0,0.3,0.3,1,1,2,2.3,18.0,1,3,9.0,0.01,0.09,0.09,0.01,2.0,0.12,0.04,0.08,0.0,0.35,2.0,0.12,5.0,34.0,2122
1.0,1.0,1.0,0,0,3,3.7,30.0,0,2,12.0,0.04,0.15,0.15,0.04,3.0,0.08,0.0,0.13,1.0,0.5,2.0,0.08,3.0,44.0,2223
1.0,0.9,0.9,0,0,1,1.6,11.0,0,1,6.0,0.07,0.12,0.12,0.07,2.0,0.08,0.0,0.08,1.0,0.46,2.0,0.08,0.0,3.0,2122
3.0,2.2,2.2,1,1,1,3.6,33.0,1,3,20.0,0.07,0.12,0.12,0.07,0.0,0.1,0.03,0.03,0.0,0.66,2.0,0.1,2.0,19.0,2223
0.0,0.8,0.8,0,0,2,0.8,6.0,0,0,8.0,0.16,0.17,0.17,0.16,1.0,0.0,0.0,0.4,0.0,1.6,2.0,0.0,0.0,19.0,1819
0.0,0.2,0.2,0,0,1,0.5,3.0,0,1,7.0,0.04,0.09,0.09,0.04,0.0,0.17,0.0,0.17,0.0,1.16,0.0,0.17,1.0,20.0,1819
0.0,0.4,0.4,1,1,2,0.7,11.0,1,2,9.0,0.05,0.09,0.09,0.05,0.0,0.25,0.13,0.25,0.0,1.13,1.0,0.25,0.0,12.0,1920
0.0,0.2,0.2,0,0,1,1.0,3.0,0,0,6.0,0.03,0.15,0.15,0.03,0.0,0.0,0.0,0.15,0.0,0.88,3.0,0.0,1.0,9.0,2021
4.0,0.2,0.2,0,0,1,0.6,7.0,0,0,5.0,0.06,0.14,0.14,0.06,1.0,0.0,0.0,0.25,0.0,1.25,0.0,0.0,1.0,16.0,2021
1.0,2.5,2.5,4,4,12,3.9,24.0,4,5,26.0,0.11,0.17,0.17,0.11,0.0,0.21,0.17,0.51,1.0,1.1,4.0,0.21,1.0,51.0,2122
2.0,2.5,2.5,1,1,6,3.4,24.0,1,1,25.0,0.14,0.19,0.19,0.14,1.0,0.06,0.06,0.34,0.0,1.4,3.0,0.06,0.0,21.0,2324
0.0,2.2,2.2,3,3,9,6.6,38.0,3,5,35.0,0.09,0.27,0.27,0.09,0.0,0.21,0.12,0.37,2.0,1.44,5.0,0.21,8.0,101.0,1819
2.0,0.5,0.5,0,0,2,2.3,23.0,0,1,14.0,0.04,0.21,0.21,0.04,1.0,0.09,0.0,0.18,2.0,1.26,1.0,0.09,10.0,52.0,1920
2.0,2.2,2.2,2,2,8,4.6,51.0,2,3,21.0,0.13,0.27,0.27,0.13,0.0,0.18,0.12,0.47,2.0,1.23,2.0,0.18,9.0,148.0,2021
0.0,0.7,0.7,2,2,6,1.6,20.0,2,2,22.0,0.06,0.13,0.13,0.06,0.0,0.16,0.16,0.47,3.0,1.72,1.0,0.16,4.0,51.0,2122
1.0,0.8,0.8,0,0,1,1.2,10.0,0,0,5.0,0.34,0.54,0.54,0.34,4.0,0.0,0.0,0.44,0.0,2.22,1.0,0.0,0.0,19.0,2223
0.0,1.7,1.7,1,1,10,5.1,19.0,1,5,32.0,0.09,0.26,0.26,0.09,0.0,0.26,0.05,0.52,2.0,1.66,7.0,0.26,1.0,50.0,2324
0.0,3.2,3.2,2,2,9,3.6,29.0,2,2,15.0,0.49,0.54,0.54,0.49,0.0,0.3,0.3,1.34,10.0,2.24,3.0,0.3,5.0,49.0,1819
0.0,0.8,0.8,0,0,3,2.5,14.0,0,3,13.0,0.06,0.21,0.21,0.06,1.0,0.25,0.0,0.25,1.0,1.09,0.0,0.25,2.0,18.0,1819
0.0,1.2,1.2,1,1,3,2.6,18.0,1,1,18.0,0.11,0.23,0.23,0.11,1.0,0.09,0.09,0.27,0.0,1.61,2.0,0.09,6.0,49.0,1819
0.0,1.1,1.1,0,0,4,2.3,33.0,0,1,15.0,0.07,0.14,0.14,0.07,0.0,0.06,0.0,0.25,1.0,0.94,0.0,0.06,7.0,85.0,1920
1.0,0.5,0.5,0,0,1,0.7,16.0,0,0,10.0,0.04,0.07,0.07,0.04,0.0,0.0,0.0,0.1,4.0,0.96,1.0,0.0,4.0,63.0,2021
0.0,1.3,1.3,2,2,2,1.4,5.0,2,2,5.0,0.17,0.17,0.17,0.17,0.0,0.25,0.25,0.25,0.0,0.63,2.0,0.25,1.0,2.0,2425
0.0,2.6,2.6,2,2,7,3.8,22.0,2,5,15.0,0.15,0.22,0.22,0.15,0.0,0.29,0.12,0.41,0.0,0.88,1.0,0.29,10.0,60.0,2223
1.0,0.2,0.2,0,0,1,1.9,19.0,0,2,3.0,0.02,0.19,0.19,0.02,0.0,0.2,0.0,0.1,1.0,0.29,1.0,0.2,6.0,45.0,2324
2.0,0.6,0.6,1,1,5,0.7,21.0,1,1,12.0,0.04,0.04,0.04,0.04,0.0,0.06,0.06,0.32,3.0,0.77,1.0,0.06,0.0,3.0,2122
0.0,1.4,1.4,2,2,5,1.6,17.0,2,2,13.0,0.04,0.05,0.05,0.04,0.0,0.06,0.06,0.15,1.0,0.4,0.0,0.06,2.0,3.0,2223
2.0,0.6,0.6,0,0,5,1.1,18.0,0,0,11.0,0.02,0.04,0.04,0.02,0.0,0.0,0.0,0.19,1.0,0.41,1.0,0.0,0.0,2.0,2324
0.0,0.4,0.4,0,0,2,1.2,18.0,0,1,6.0,0.05,0.16,0.16,0.05,0.0,0.13,0.0,0.26,0.0,0.79,4.0,0.13,5.0,46.0,2324
0.0,0.2,0.2,0,0,1,0.9,8.0,0,0,3.0,0.15,0.52,0.52,0.15,0.0,0.0,0.0,0.6,0.0,1.8,0.0,0.0,2.0,18.0,2324
6.0,0.1,0.1,0,0,1,0.2,2.0,0,0,2.0,0.06,0.11,0.11,0.06,2.0,0.0,0.0,0.66,0.0,1.31,0.0,0.0,0.0,12.0,2021
2.0,3.9,3.9,6,6,22,9.1,66.0,6,8,62.0,0.18,0.42,0.42,0.18,14.0,0.37,0.28,1.02,3.0,2.87,8.0,0.37,14.0,110.0,2223
7.0,7.9,7.1,2,2,25,16.3,102.0,2,16,72.0,0.27,0.6,0.57,0.25,9.0,0.56,0.07,0.87,8.0,2.51,9.0,0.56,23.0,181.0,2324
0.0,0.9,0.9,0,0,1,1.4,6.0,0,0,4.0,0.08,0.13,0.13,0.08,1.0,0.0,0.0,0.09,0.0,0.36,1.0,0.0,0.0,1.0,1920
0.0,0.6,0.6,1,1,1,0.6,4.0,1,1,4.0,0.03,0.03,0.03,0.03,0.0,0.05,0.05,0.05,0.0,0.22,1.0,0.05,1.0,5.0,2122
1.0,3.5,3.5,3,3,14,10.5,111.0,3,9,35.0,0.16,0.48,0.48,0.16,0.0,0.41,0.14,0.64,2.0,1.6,3.0,0.41,52.0,234.0,1819
1.0,2.5,2.5,1,1,10,4.4,47.0,1,1,23.0,0.14,0.25,0.25,0.14,2.0,0.06,0.06,0.56,0.0,1.3,3.0,0.06,12.0,84.0,1920
2.0,0.9,0.9,1,1,3,2.8,42.0,1,3,15.0,0.05,0.16,0.16,0.05,2.0,0.18,0.06,0.18,0.0,0.88,3.0,0.18,13.0,99.0,2021
2.0,2.3,2.3,2,2,6,4.9,61.0,2,4,24.0,0.1,0.22,0.22,0.1,7.0,0.18,0.09,0.27,3.0,1.06,2.0,0.18,19.0,104.0,2122
9.0,5.3,5.3,5,5,18,10.0,81.0,5,7,51.0,0.22,0.41,0.41,0.22,6.0,0.29,0.21,0.74,5.0,2.09,9.0,0.29,27.0,175.0,2324
0.0,1.5,1.5,0,0,2,2.2,47.0,0,0,32.0,0.06,0.08,0.08,0.06,0.0,0.0,0.0,0.08,3.0,1.22,2.0,0.0,4.0,70.0,2223
0.0,1.7,1.7,0,0,5,2.0,17.0,0,0,18.0,0.11,0.13,0.13,0.11,1.0,0.0,0.0,0.33,2.0,1.18,1.0,0.0,1.0,41.0,2324
1.0,2.8,2.8,4,4,10,3.9,40.0,4,5,40.0,0.17,0.24,0.24,0.17,1.0,0.3,0.24,0.61,2.0,2.42,4.0,0.3,7.0,95.0,1920
2.0,0.3,0.3,1,1,4,0.6,6.0,1,2,8.0,0.11,0.21,0.21,0.11,1.0,0.71,0.36,1.42,0.0,2.85,0.0,0.71,0.0,21.0,2021
1.0,1.3,1.3,2,2,3,2.5,31.0,2,3,21.0,0.15,0.28,0.28,0.15,0.0,0.34,0.23,0.34,2.0,2.41,0.0,0.34,8.0,63.0,2122
1.0,1.5,1.5,1,1,8,3.9,45.0,1,3,22.0,0.06,0.15,0.15,0.06,3.0,0.11,0.04,0.3,2.0,0.83,1.0,0.11,8.0,163.0,1819
2.0,0.8,0.8,1,1,4,2.8,30.0,1,4,16.0,0.03,0.11,0.11,0.03,1.0,0.15,0.04,0.15,0.0,0.6,1.0,0.15,10.0,83.0,1920
0.0,1.6,1.6,2,2,3,3.2,43.0,2,3,13.0,0.08,0.16,0.16,0.08,1.0,0.15,0.1,0.15,0.0,0.63,2.0,0.15,7.0,76.0,2021
0.0,0.9,0.9,0,0,2,2.2,37.0,0,1,9.0,0.04,0.11,0.11,0.04,1.0,0.05,0.0,0.1,1.0,0.46,0.0,0.05,9.0,86.0,2122
0.0,0.1,0.1,0,0,1,0.2,6.0,0,0,4.0,0.03,0.05,0.05,0.03,3.0,0.0,0.0,0.26,0.0,1.03,0.0,0.0,1.0,19.0,2223
0.0,1.6,1.6,0,0,7,3.9,48.0,0,3,28.0,0.12,0.28,0.28,0.12,0.0,0.21,0.0,0.5,10.0,2.0,6.0,0.21,12.0,103.0,2324
0.0,0.4,0.4,0,0,3,2.3,18.0,0,4,10.0,0.02,0.12,0.12,0.02,2.0,0.22,0.0,0.16,1.0,0.54,2.0,0.22,1.0,102.0,2122
0.0,2.6,2.6,1,1,7,2.9,15.0,1,2,20.0,0.11,0.13,0.13,0.11,0.0,0.09,0.04,0.31,0.0,0.87,0.0,0.09,2.0,5.0,1920
1.0,2.0,2.0,0,0,3,2.7,22.0,0,0,16.0,0.07,0.09,0.09,0.07,0.0,0.0,0.0,0.11,2.0,0.56,5.0,0.0,0.0,7.0,2021
1.0,2.1,2.1,1,1,7,2.8,25.0,1,1,15.0,0.07,0.09,0.09,0.07,2.0,0.03,0.03,0.23,2.0,0.5,2.0,0.03,0.0,3.0,2122
0.0,1.7,1.7,0,0,9,3.0,46.0,0,0,29.0,0.12,0.22,0.22,0.12,0.0,0.0,0.0,0.65,10.0,2.09,3.0,0.0,17.0,138.0,1819
0.0,0.9,0.9,1,1,2,1.4,12.0,1,2,12.0,0.08,0.12,0.12,0.08,0.0,0.18,0.09,0.18,0.0,1.06,3.0,0.18,0.0,2.0,1819
1.0,0.5,0.5,0,0,1,0.8,12.0,0,0,8.0,0.05,0.08,0.08,0.05,0.0,0.0,0.0,0.11,0.0,0.89,0.0,0.0,0.0,3.0,1920
3.0,0.5,0.5,1,1,2,0.8,15.0,1,1,7.0,0.03,0.05,0.05,0.03,1.0,0.07,0.07,0.13,0.0,0.46,1.0,0.07,0.0,2.0,2021
0.0,2.8,2.8,3,3,5,4.0,31.0,3,4,23.0,0.12,0.17,0.17,0.12,0.0,0.17,0.13,0.22,2.0,1.0,3.0,0.17,0.0,7.0,2122
17.0,7.3,7.3,9,9,22,9.5,98.0,9,10,44.0,0.43,0.57,0.57,0.43,2.0,0.6,0.54,1.31,14.0,2.63,2.0,0.6,24.0,98.0,1920
6.0,16.8,16.0,17,17,40,17.8,141.0,17,19,80.0,0.64,0.71,0.68,0.61,2.0,0.73,0.65,1.54,22.0,3.08,6.0,0.73,25.0,153.0,2021
10.0,9.8,8.2,6,6,33,11.4,130.0,4,8,71.0,0.41,0.55,0.48,0.35,1.0,0.34,0.25,1.39,15.0,2.99,7.0,0.25,29.0,160.0,2122
23.0,20.3,15.6,21,21,36,19.3,139.0,16,23,72.0,0.81,0.96,0.77,0.62,6.0,0.92,0.84,1.44,17.0,2.87,11.0,0.72,38.0,129.0,2324
4.0,6.4,5.6,5,5,17,8.3,112.0,5,8,46.0,0.4,0.57,0.52,0.35,0.0,0.5,0.31,1.06,7.0,2.87,6.0,0.5,19.0,143.0,2021
12.0,5.9,5.9,4,4,12,9.4,96.0,4,4,35.0,0.3,0.48,0.48,0.3,3.0,0.2,0.2,0.61,12.0,1.79,3.0,0.2,18.0,112.0,2122
0.0,12.7,12.7,12,12,27,16.9,107.0,12,15,63.0,0.48,0.64,0.64,0.48,0.0,0.57,0.45,1.02,17.0,2.38,6.0,0.57,19.0,132.0,2223
20.0,12.3,12.3,23,23,36,16.7,150.0,23,29,78.0,0.44,0.6,0.6,0.44,2.0,1.05,0.83,1.3,23.0,2.82,8.0,1.05,29.0,159.0,2324
10.0,11.7,11.7,13,13,28,15.4,178.0,13,21,81.0,0.42,0.55,0.55,0.42,4.0,0.76,0.47,1.01,24.0,2.91,6.0,0.76,22.0,265.0,1819
13.0,8.1,8.1,10,10,26,11.1,101.0,10,14,52.0,0.39,0.53,0.53,0.39,2.0,0.67,0.48,1.25,13.0,2.5,11.0,0.67,5.0,137.0,1920
4.0,11.7,9.3,13,13,25,11.5,95.0,10,15,42.0,0.55,0.65,0.54,0.43,7.0,0.7,0.61,1.17,8.0,1.97,2.0,0.56,9.0,112.0,2021
27.0,8.4,6.0,4,4,12,9.1,106.0,2,11,43.0,0.42,0.58,0.46,0.3,5.0,0.56,0.2,0.61,6.0,2.17,6.0,0.45,13.0,106.0,2122
19.0,24.2,17.9,27,27,47,23.2,210.0,21,32,107.0,0.74,0.91,0.71,0.55,2.0,0.98,0.83,1.44,15.0,3.29,8.0,0.8,18.0,227.0,2223
15.0,11.4,9.8,19,19,33,11.7,127.0,17,21,60.0,0.45,0.52,0.46,0.39,2.0,0.82,0.75,1.3,13.0,2.35,6.0,0.75,10.0,144.0,2324
3.0,3.0,3.0,3,3,7,3.9,37.0,3,3,22.0,0.35,0.46,0.46,0.35,1.0,0.35,0.35,0.82,10.0,2.58,3.0,0.35,2.0,37.0,1819
0.0,1.1,1.1,1,1,3,3.9,26.0,1,1,15.0,0.17,0.61,0.61,0.17,0.0,0.16,0.16,0.47,3.0,2.33,2.0,0.16,7.0,51.0,1819
0.0,0.4,0.4,1,1,1,0.7,9.0,1,2,7.0,0.02,0.03,0.03,0.02,1.0,0.09,0.05,0.05,1.0,0.32,0.0,0.09,0.0,20.0,1819
0.0,2.8,2.8,1,1,4,3.9,33.0,1,1,22.0,0.11,0.15,0.15,0.11,2.0,0.04,0.04,0.15,1.0,0.83,4.0,0.04,1.0,32.0,2223
0.0,3.8,3.8,4,4,15,7.6,55.0,4,9,34.0,0.18,0.36,0.36,0.18,2.0,0.42,0.19,0.71,1.0,1.6,2.0,0.42,20.0,116.0,2021
0.0,2.6,2.6,5,5,9,3.9,27.0,5,8,14.0,0.39,0.58,0.58,0.39,0.0,1.19,0.75,1.34,0.0,2.09,2.0,1.19,7.0,43.0,2223
9.0,0.8,0.8,0,0,6,1.0,14.0,0,0,18.0,0.13,0.19,0.19,0.13,2.0,0.0,0.0,1.07,1.0,3.21,1.0,0.0,1.0,25.0,2324
4.0,2.0,1.2,2,2,9,4.2,23.0,1,6,18.0,0.17,0.43,0.36,0.1,6.0,0.51,0.17,0.77,1.0,1.53,2.0,0.43,3.0,61.0,2122
5.0,1.3,1.3,1,1,3,2.7,34.0,1,2,24.0,0.1,0.22,0.22,0.1,2.0,0.16,0.08,0.24,0.0,1.94,2.0,0.16,0.0,55.0,2021
10.0,6.3,4.0,5,5,9,5.9,49.0,3,7,57.0,0.27,0.35,0.25,0.17,2.0,0.3,0.21,0.38,4.0,2.42,3.0,0.21,2.0,66.0,2122
5.0,12.1,7.3,10,10,28,11.6,63.0,4,12,80.0,0.38,0.51,0.36,0.23,5.0,0.37,0.31,0.87,0.0,2.49,8.0,0.19,8.0,77.0,2223
5.0,3.7,2.9,5,5,8,6.4,32.0,4,10,43.0,0.13,0.25,0.22,0.1,5.0,0.35,0.17,0.28,0.0,1.49,1.0,0.31,4.0,48.0,2324
1.0,2.4,2.4,2,2,7,5.6,58.0,2,6,28.0,0.11,0.25,0.25,0.11,3.0,0.27,0.09,0.31,6.0,1.25,1.0,0.27,10.0,169.0,2021
2.0,2.9,2.9,1,1,12,6.1,68.0,1,4,39.0,0.14,0.3,0.3,0.14,3.0,0.19,0.05,0.58,1.0,1.88,5.0,0.19,16.0,161.0,2122
4.0,2.5,2.5,2,2,10,6.6,50.0,2,5,35.0,0.16,0.42,0.42,0.16,2.0,0.32,0.13,0.64,2.0,2.25,7.0,0.32,15.0,143.0,2223
0.0,2.6,2.6,4,4,10,5.5,47.0,4,6,29.0,0.13,0.26,0.26,0.13,0.0,0.29,0.19,0.48,2.0,1.38,5.0,0.29,17.0,180.0,2324
4.0,1.5,1.5,1,1,9,4.5,48.0,1,4,17.0,0.15,0.46,0.46,0.15,8.0,0.41,0.1,0.92,8.0,1.74,2.0,0.41,10.0,89.0,1819
7.0,4.3,3.5,4,4,11,6.7,52.0,3,12,21.0,0.42,0.73,0.66,0.35,5.0,1.17,0.39,1.07,9.0,2.05,5.0,1.07,9.0,95.0,1920
5.0,6.4,5.6,7,7,15,10.9,67.0,7,12,28.0,0.5,0.92,0.86,0.44,2.0,0.94,0.55,1.18,10.0,2.2,4.0,0.94,14.0,89.0,2021
14.0,4.3,4.3,5,5,13,6.3,51.0,5,7,33.0,0.44,0.64,0.64,0.44,3.0,0.72,0.51,1.33,8.0,3.37,3.0,0.72,9.0,77.0,2122
2.0,12.6,10.2,14,14,29,16.0,145.0,12,17,63.0,0.42,0.62,0.54,0.34,5.0,0.57,0.47,0.97,28.0,2.12,10.0,0.5,20.0,232.0,2223
0.0,3.2,2.5,2,2,5,5.6,37.0,1,7,17.0,0.38,0.75,0.66,0.29,0.0,0.83,0.24,0.59,8.0,2.01,1.0,0.71,4.0,58.0,2324
1.0,2.0,2.0,0,0,2,2.6,25.0,0,0,17.0,0.08,0.1,0.1,0.08,1.0,0.0,0.0,0.08,1.0,0.69,1.0,0.0,2.0,7.0,2324
0.0,1.5,1.5,0,0,1,5.7,33.0,0,4,20.0,0.04,0.16,0.16,0.04,1.0,0.12,0.0,0.03,3.0,0.58,0.0,0.12,7.0,129.0,2223
0.0,1.0,1.0,0,0,5,3.8,27.0,0,1,18.0,0.04,0.14,0.14,0.04,1.0,0.04,0.0,0.18,0.0,0.65,3.0,0.04,10.0,89.0,2324
1.0,3.7,3.7,3,3,13,7.5,67.0,3,6,36.0,0.16,0.32,0.32,0.16,0.0,0.26,0.13,0.56,7.0,1.55,4.0,0.26,25.0,216.0,1819
1.0,1.1,1.1,1,1,7,1.8,40.0,1,1,15.0,0.08,0.12,0.12,0.08,2.0,0.07,0.07,0.47,2.0,1.0,1.0,0.07,13.0,94.0,1920
4.0,1.7,1.7,1,1,8,5.7,76.0,1,3,22.0,0.07,0.24,0.24,0.07,4.0,0.13,0.04,0.34,1.0,0.95,2.0,0.13,28.0,237.0,2021
0.0,1.9,1.9,4,4,8,7.2,75.0,4,8,22.0,0.1,0.38,0.38,0.1,3.0,0.42,0.21,0.42,2.0,1.16,2.0,0.42,31.0,182.0,2122
1.0,1.2,1.2,0,0,10,3.2,47.0,0,3,26.0,0.07,0.18,0.18,0.07,3.0,0.17,0.0,0.55,2.0,1.43,3.0,0.17,14.0,145.0,2223
0.0,0.6,0.6,1,1,4,4.2,26.0,1,4,9.0,0.05,0.34,0.34,0.05,2.0,0.32,0.08,0.32,4.0,0.73,4.0,0.32,10.0,97.0,2324
1.0,1.1,1.1,4,4,9,3.9,26.0,4,8,25.0,0.05,0.19,0.19,0.05,1.0,0.39,0.19,0.44,3.0,1.22,3.0,0.39,9.0,59.0,1819
1.0,0.6,0.6,1,1,5,1.1,12.0,1,2,15.0,0.06,0.11,0.11,0.06,5.0,0.2,0.1,0.51,0.0,1.52,0.0,0.2,5.0,31.0,1920
0.0,1.1,1.1,1,1,3,2.3,14.0,1,6,16.0,0.12,0.24,0.24,0.12,1.0,0.64,0.11,0.32,0.0,1.71,2.0,0.64,2.0,32.0,1920
1.0,0.9,0.9,2,2,3,2.9,29.0,2,4,11.0,0.04,0.14,0.14,0.04,0.0,0.19,0.09,0.14,0.0,0.51,2.0,0.19,6.0,71.0,2122
2.0,0.5,0.5,1,1,2,1.1,9.0,1,1,9.0,0.04,0.09,0.09,0.04,5.0,0.08,0.08,0.16,1.0,0.73,2.0,0.08,4.0,30.0,2223
0.0,1.5,1.5,2,2,6,3.5,17.0,2,7,23.0,0.07,0.17,0.17,0.07,0.0,0.33,0.1,0.29,3.0,1.1,2.0,0.33,3.0,47.0,2324
3.0,10.6,7.5,10,10,14,9.8,77.0,6,11,36.0,0.71,0.88,0.66,0.5,1.0,0.74,0.67,0.94,22.0,2.43,2.0,0.47,12.0,110.0,1819
0.0,4.0,3.2,3,3,7,5.6,41.0,2,4,17.0,0.37,0.6,0.52,0.3,1.0,0.37,0.28,0.65,6.0,1.58,4.0,0.28,3.0,49.0,1920
2.0,3.1,1.5,0,0,6,2.5,30.0,0,1,11.0,0.51,0.67,0.41,0.25,1.0,0.17,0.0,0.99,0.0,1.82,2.0,0.17,3.0,47.0,2021
0.0,0.1,0.1,0,0,1,0.7,1.0,0,1,6.0,0.01,0.06,0.06,0.01,0.0,0.08,0.0,0.08,0.0,0.48,0.0,0.08,0.0,3.0,2324
0.0,0.6,0.6,2,2,2,1.2,10.0,2,2,12.0,0.17,0.35,0.35,0.17,1.0,0.58,0.58,0.58,1.0,3.47,1.0,0.58,1.0,51.0,1920
2.0,1.0,1.0,1,1,2,3.6,26.0,1,4,25.0,0.03,0.12,0.12,0.03,1.0,0.14,0.03,0.07,0.0,0.86,2.0,0.14,14.0,45.0,1819
0.0,0.5,0.5,2,2,7,1.6,13.0,2,3,12.0,0.04,0.11,0.11,0.04,0.0,0.21,0.14,0.49,0.0,0.84,0.0,0.21,2.0,53.0,1920
2.0,0.3,0.3,1,1,3,2.5,12.0,1,2,5.0,0.01,0.13,0.13,0.01,0.0,0.11,0.05,0.16,4.0,0.26,1.0,0.11,3.0,79.0,1819
0.0,0.9,0.9,2,2,4,1.7,23.0,2,2,13.0,0.04,0.06,0.06,0.04,2.0,0.07,0.07,0.15,3.0,0.48,1.0,0.07,1.0,68.0,1920
0.0,1.0,1.0,0,0,2,3.3,35.0,0,2,10.0,0.04,0.13,0.13,0.04,0.0,0.08,0.0,0.08,1.0,0.39,0.0,0.08,5.0,66.0,2021
6.0,3.9,3.9,3,3,16,8.8,121.0,3,10,39.0,0.16,0.35,0.35,0.16,3.0,0.4,0.12,0.64,5.0,1.56,3.0,0.4,76.0,272.0,1718
5.0,2.6,2.6,3,3,12,6.3,54.0,3,7,30.0,0.15,0.36,0.36,0.15,5.0,0.4,0.17,0.69,5.0,1.73,1.0,0.4,24.0,86.0,2021
1.0,5.2,5.2,5,5,26,9.5,111.0,5,10,64.0,0.17,0.3,0.3,0.17,5.0,0.32,0.16,0.83,13.0,2.05,5.0,0.32,63.0,167.0,2122
1.0,1.9,1.9,1,1,5,4.1,24.0,1,4,15.0,0.12,0.25,0.25,0.12,1.0,0.24,0.06,0.3,0.0,0.91,4.0,0.24,4.0,70.0,1920
0.0,1.9,1.9,1,1,4,3.9,28.0,1,2,15.0,0.24,0.49,0.49,0.24,0.0,0.26,0.13,0.51,6.0,1.92,0.0,0.26,2.0,70.0,2021
0.0,1.0,1.0,0,0,2,1.0,8.0,0,0,6.0,0.17,0.17,0.17,0.17,1.0,0.0,0.0,0.36,1.0,1.07,0.0,0.0,0.0,17.0,2122
1.0,2.3,2.3,3,3,5,6.6,61.0,3,8,12.0,0.09,0.27,0.27,0.09,2.0,0.32,0.12,0.2,7.0,0.48,0.0,0.32,22.0,191.0,1920
0.0,0.2,0.2,1,1,3,2.1,34.0,1,3,4.0,0.01,0.11,0.11,0.01,3.0,0.15,0.05,0.15,3.0,0.2,0.0,0.15,14.0,131.0,2021
1.0,1.3,1.3,0,0,6,5.4,80.0,0,3,18.0,0.07,0.28,0.28,0.07,4.0,0.16,0.0,0.31,3.0,0.93,1.0,0.16,38.0,201.0,2122
2.0,1.7,1.7,1,1,8,5.4,84.0,1,5,19.0,0.07,0.24,0.24,0.07,5.0,0.22,0.04,0.35,3.0,0.84,1.0,0.22,37.0,158.0,2223
1.0,1.0,1.0,2,2,4,3.8,64.0,2,7,13.0,0.04,0.17,0.17,0.04,2.0,0.31,0.09,0.17,0.0,0.57,1.0,0.31,35.0,139.0,2324
8.0,0.5,0.5,1,1,4,1.6,24.0,1,2,10.0,0.12,0.36,0.36,0.12,6.0,0.46,0.23,0.92,0.0,2.31,1.0,0.46,4.0,31.0,2324
1.0,0.4,0.4,0,0,1,0.6,3.0,0,0,10.0,0.06,0.08,0.08,0.06,1.0,0.0,0.0,0.14,0.0,1.36,1.0,0.0,0.0,6.0,1819
1.0,1.0,0.3,1,1,3,0.8,7.0,0,2,9.0,0.06,0.09,0.05,0.02,0.0,0.12,0.06,0.18,0.0,0.53,1.0,0.06,0.0,13.0,1920
0.0,0.9,0.9,1,1,4,1.3,3.0,1,1,7.0,0.14,0.2,0.2,0.14,0.0,0.14,0.14,0.55,0.0,0.96,0.0,0.14,1.0,7.0,2021
3.0,0.7,0.7,0,0,6,2.9,15.0,0,1,19.0,0.09,0.34,0.34,0.09,1.0,0.12,0.0,0.71,1.0,2.26,2.0,0.12,2.0,36.0,1920
3.0,3.9,3.9,3,3,13,6.8,59.0,3,4,43.0,0.18,0.32,0.32,0.18,1.0,0.19,0.14,0.61,5.0,2.03,3.0,0.19,12.0,121.0,2021
2.0,1.2,1.2,3,3,5,2.0,13.0,3,4,14.0,0.08,0.13,0.13,0.08,1.0,0.27,0.2,0.34,0.0,0.95,1.0,0.27,2.0,18.0,2122
2.0,2.8,2.8,2,2,6,4.3,7.0,2,3,19.0,0.18,0.27,0.27,0.18,1.0,0.19,0.13,0.38,0.0,1.2,3.0,0.19,0.0,8.0,2223
0.0,1.1,1.1,2,2,9,2.7,12.0,2,3,21.0,0.07,0.16,0.16,0.07,1.0,0.18,0.12,0.53,2.0,1.24,1.0,0.18,2.0,11.0,2324
1.0,2.6,2.6,1,1,6,3.7,20.0,1,1,15.0,0.17,0.24,0.24,0.17,2.0,0.07,0.07,0.4,2.0,0.99,2.0,0.07,3.0,21.0,2122
3.0,2.0,2.0,2,2,6,4.7,29.0,2,2,29.0,0.09,0.2,0.2,0.09,0.0,0.09,0.09,0.26,1.0,1.25,3.0,0.09,5.0,39.0,2324
0.0,1.2,1.2,1,1,6,2.7,42.0,1,3,15.0,0.11,0.25,0.25,0.11,0.0,0.27,0.09,0.54,3.0,1.35,4.0,0.27,12.0,72.0,1819
2.0,1.4,1.4,0,0,4,2.3,25.0,0,1,11.0,0.14,0.23,0.23,0.14,0.0,0.1,0.0,0.41,6.0,1.12,4.0,0.1,7.0,58.0,2122
0.0,2.7,2.7,2,2,7,3.5,40.0,2,2,23.0,0.2,0.25,0.25,0.2,0.0,0.15,0.15,0.51,7.0,1.69,4.0,0.15,12.0,69.0,2223
0.0,1.6,1.6,0,0,2,1.9,21.0,0,0,12.0,0.35,0.44,0.44,0.35,1.0,0.0,0.0,0.46,4.0,2.74,2.0,0.0,9.0,30.0,2324
0.0,1.1,1.1,2,2,3,2.3,20.0,2,2,12.0,0.05,0.1,0.1,0.05,0.0,0.08,0.08,0.13,0.0,0.51,2.0,0.08,6.0,109.0,1819
1.0,0.3,0.3,1,1,1,0.5,1.0,1,2,1.0,0.05,0.08,0.08,0.05,0.0,0.32,0.16,0.16,0.0,0.16,0.0,0.32,0.0,15.0,2021
4.0,0.6,0.6,0,0,2,0.7,10.0,0,0,6.0,0.13,0.17,0.17,0.13,1.0,0.0,0.0,0.47,2.0,1.4,1.0,0.0,0.0,26.0,2324
1.0,1.7,1.7,3,3,6,2.6,31.0,3,5,13.0,0.3,0.47,0.47,0.3,0.0,0.9,0.54,1.08,2.0,2.35,1.0,0.9,15.0,66.0,1819
3.0,0.7,0.7,1,1,1,1.3,11.0,1,1,7.0,0.35,0.67,0.67,0.35,3.0,0.51,0.51,0.51,0.0,3.58,1.0,0.51,3.0,20.0,1920
5.0,4.3,4.3,3,3,19,6.4,57.0,3,5,37.0,0.31,0.46,0.46,0.31,3.0,0.36,0.21,1.36,8.0,2.65,4.0,0.36,15.0,105.0,2122
4.0,5.0,5.0,5,5,17,6.7,67.0,5,8,37.0,0.31,0.42,0.42,0.31,6.0,0.5,0.31,1.07,4.0,2.32,4.0,0.5,15.0,137.0,2223
2.0,3.3,3.3,4,4,15,5.6,66.0,4,10,27.0,0.33,0.56,0.56,0.33,0.0,1.0,0.4,1.5,7.0,2.71,3.0,1.0,16.0,131.0,2324
10.0,14.4,11.5,12,12,29,18.6,166.0,8,19,76.0,0.47,0.7,0.61,0.38,9.0,0.62,0.39,0.95,8.0,2.49,12.0,0.49,42.0,269.0,2021
0.0,11.8,7.9,10,10,33,13.8,136.0,7,19,71.0,0.39,0.58,0.45,0.26,0.0,0.62,0.33,1.08,6.0,2.32,9.0,0.52,40.0,198.0,2122
7.0,11.1,11.1,15,15,30,15.4,145.0,15,18,74.0,0.4,0.55,0.55,0.4,3.0,0.64,0.54,1.07,8.0,2.64,9.0,0.64,26.0,205.0,2223
10.0,7.4,7.3,7,7,26,9.1,132.0,7,10,78.0,0.32,0.4,0.39,0.32,3.0,0.44,0.3,1.13,1.0,3.4,11.0,0.44,28.0,185.0,2324
3.0,8.4,8.4,10,10,24,12.1,82.0,10,13,51.0,0.73,1.04,1.04,0.73,2.0,1.12,0.86,2.06,5.0,4.38,10.0,1.12,11.0,97.0,2425
6.0,1.0,1.0,1,1,5,2.2,26.0,1,2,12.0,0.09,0.18,0.18,0.09,4.0,0.17,0.08,0.42,1.0,1.0,1.0,0.17,10.0,89.0,1819
2.0,3.3,2.5,6,6,11,6.3,58.0,5,10,28.0,0.14,0.3,0.27,0.11,5.0,0.43,0.26,0.47,8.0,1.2,2.0,0.39,18.0,149.0,1920
4.0,1.5,1.5,2,2,5,6.7,49.0,2,7,22.0,0.07,0.29,0.29,0.07,4.0,0.3,0.09,0.21,7.0,0.94,2.0,0.3,18.0,152.0,2021
1.0,0.5,0.5,0,0,3,2.0,30.0,0,0,6.0,0.09,0.34,0.34,0.09,2.0,0.0,0.0,0.52,2.0,1.05,0.0,0.0,9.0,54.0,2223
2.0,3.7,3.7,1,1,8,7.4,64.0,1,3,33.0,0.18,0.37,0.37,0.18,4.0,0.15,0.05,0.4,1.0,1.63,2.0,0.15,11.0,112.0,2324
0.0,0.2,0.2,0,0,2,0.3,1.0,0,0,7.0,0.03,0.04,0.04,0.03,0.0,0.0,0.0,0.23,0.0,0.8,0.0,0.0,1.0,9.0,1819
0.0,0.5,0.5,0,0,2,0.6,4.0,0,0,4.0,0.07,0.08,0.08,0.07,0.0,0.0,0.0,0.27,0.0,0.54,0.0,0.0,0.0,13.0,1920
4.0,0.4,0.4,1,1,2,0.4,7.0,1,1,5.0,0.03,0.03,0.03,0.03,0.0,0.08,0.08,0.16,0.0,0.41,1.0,0.08,0.0,2.0,2021
3.0,1.8,1.8,2,2,3,2.9,29.0,2,3,21.0,0.07,0.11,0.11,0.07,0.0,0.11,0.07,0.11,1.0,0.77,1.0,0.11,1.0,5.0,2223
0.0,0.7,0.7,2,2,4,1.1,22.0,2,3,11.0,0.03,0.05,0.05,0.03,0.0,0.14,0.09,0.18,2.0,0.51,1.0,0.14,0.0,4.0,2223
1.0,0.9,0.9,1,1,1,1.9,18.0,1,3,18.0,0.04,0.09,0.09,0.04,0.0,0.14,0.05,0.05,0.0,0.83,1.0,0.14,1.0,7.0,1819
0.0,0.7,0.7,1,1,2,1.0,8.0,1,1,14.0,0.03,0.05,0.05,0.03,1.0,0.04,0.04,0.09,0.0,0.63,2.0,0.04,1.0,17.0,1920
0.0,2.9,2.9,5,5,10,3.9,37.0,5,7,30.0,0.27,0.37,0.37,0.27,0.0,0.65,0.47,0.94,15.0,2.81,2.0,0.65,8.0,79.0,1819
2.0,4.4,4.4,3,3,9,4.7,32.0,3,4,17.0,0.57,0.6,0.6,0.57,2.0,0.51,0.39,1.16,9.0,2.19,1.0,0.51,4.0,43.0,2425
3.0,0.9,0.9,1,1,5,1.4,36.0,1,1,15.0,0.18,0.29,0.29,0.18,0.0,0.2,0.2,1.02,1.0,3.05,0.0,0.2,19.0,65.0,1920
1.0,1.9,1.9,3,3,7,3.8,32.0,3,3,23.0,0.13,0.26,0.26,0.13,1.0,0.21,0.21,0.48,4.0,1.58,2.0,0.21,12.0,106.0,2021
3.0,0.5,0.5,1,1,2,1.3,24.0,1,2,8.0,0.08,0.22,0.22,0.08,1.0,0.33,0.16,0.33,1.0,1.32,0.0,0.33,10.0,72.0,2122
4.0,3.0,3.0,3,3,12,4.2,41.0,3,4,18.0,0.31,0.43,0.43,0.31,1.0,0.41,0.31,1.23,0.0,1.85,2.0,0.41,17.0,72.0,2223
1.0,3.5,3.5,4,4,12,4.8,68.0,4,5,37.0,0.22,0.3,0.3,0.22,3.0,0.32,0.25,0.76,3.0,2.33,2.0,0.32,22.0,163.0,2324
3.0,0.5,0.5,0,0,2,1.5,32.0,0,0,9.0,0.03,0.08,0.08,0.03,4.0,0.0,0.0,0.11,8.0,0.49,1.0,0.0,11.0,107.0,1819
2.0,1.2,1.2,3,3,7,4.1,42.0,3,7,16.0,0.04,0.13,0.13,0.04,1.0,0.22,0.09,0.22,6.0,0.5,1.0,0.22,12.0,180.0,1920
0.0,1.1,1.1,2,2,6,2.3,31.0,2,3,12.0,0.05,0.1,0.1,0.05,0.0,0.13,0.08,0.25,1.0,0.51,2.0,0.13,2.0,100.0,2021
0.0,0.4,0.4,1,1,2,1.1,11.0,1,2,9.0,0.02,0.05,0.05,0.02,0.0,0.09,0.04,0.09,0.0,0.39,1.0,0.09,1.0,21.0,2021
0.0,0.7,0.7,1,1,2,1.5,16.0,1,1,16.0,0.02,0.05,0.05,0.02,1.0,0.03,0.03,0.06,0.0,0.49,3.0,0.03,3.0,37.0,2324
1.0,1.3,1.3,2,2,8,2.9,20.0,2,5,21.0,0.08,0.19,0.19,0.08,1.0,0.32,0.13,0.51,0.0,1.35,1.0,0.32,3.0,30.0,1819
1.0,0.3,0.3,1,1,2,1.3,10.0,1,2,6.0,0.05,0.21,0.21,0.05,3.0,0.33,0.16,0.33,1.0,0.99,1.0,0.33,1.0,38.0,1920
3.0,1.4,1.4,1,1,4,4.6,30.0,1,4,21.0,0.07,0.22,0.22,0.07,2.0,0.19,0.05,0.19,0.0,1.02,0.0,0.19,1.0,57.0,2021
0.0,0.8,0.8,3,3,3,2.2,12.0,3,5,14.0,0.06,0.18,0.18,0.06,1.0,0.41,0.25,0.25,3.0,1.15,1.0,0.41,0.0,25.0,2122
0.0,0.5,0.5,0,0,1,1.4,17.0,0,1,10.0,0.07,0.18,0.18,0.07,3.0,0.13,0.0,0.13,0.0,1.29,1.0,0.13,1.0,14.0,2223
0.0,0.7,0.7,0,0,2,1.9,13.0,0,3,14.0,0.06,0.17,0.17,0.06,0.0,0.26,0.0,0.17,0.0,1.22,2.0,0.26,0.0,17.0,2324
0.0,0.0,0.0,0,0,1,0.4,15.0,0,0,1.0,0.0,0.05,0.05,0.0,1.0,0.0,0.0,0.13,0.0,0.13,0.0,0.0,3.0,52.0,1920
0.0,0.7,0.7,0,0,2,3.3,39.0,0,1,9.0,0.03,0.12,0.12,0.03,4.0,0.04,0.0,0.08,0.0,0.34,1.0,0.04,5.0,127.0,2021
1.0,0.6,0.6,0,0,1,1.6,17.0,0,0,14.0,0.03,0.08,0.08,0.03,0.0,0.0,0.0,0.05,0.0,0.74,0.0,0.0,1.0,75.0,2223
0.0,0.7,0.7,1,1,6,2.0,40.0,1,1,15.0,0.02,0.06,0.06,0.02,2.0,0.03,0.03,0.19,0.0,0.47,1.0,0.03,8.0,121.0,2324
2.0,5.0,5.0,7,7,16,7.0,83.0,7,9,35.0,0.33,0.46,0.46,0.33,0.0,0.59,0.46,1.05,15.0,2.31,5.0,0.59,13.0,96.0,1819
0.0,1.6,1.6,0,0,7,4.8,32.0,0,0,34.0,0.06,0.18,0.18,0.06,0.0,0.0,0.0,0.26,0.0,1.25,6.0,0.0,7.0,37.0,1718
0.0,2.8,2.8,2,2,8,3.4,38.0,2,2,30.0,0.1,0.12,0.12,0.1,3.0,0.07,0.07,0.28,0.0,1.05,4.0,0.07,11.0,46.0,1920
0.0,1.6,1.6,0,0,8,4.0,38.0,0,3,34.0,0.05,0.14,0.14,0.05,1.0,0.1,0.0,0.28,0.0,1.18,2.0,0.1,8.0,68.0,2021
3.0,1.1,1.1,0,0,3,2.3,45.0,0,1,20.0,0.05,0.11,0.11,0.05,5.0,0.05,0.0,0.14,0.0,0.93,1.0,0.05,9.0,60.0,2122
6.0,3.4,3.3,0,0,6,6.3,59.0,0,2,33.0,0.11,0.21,0.2,0.11,4.0,0.06,0.0,0.19,3.0,1.07,2.0,0.06,10.0,139.0,2324
13.0,16.7,10.5,16,16,33,15.1,196.0,9,19,96.0,0.5,0.64,0.45,0.31,6.0,0.57,0.48,0.99,22.0,2.87,9.0,0.36,48.0,243.0,1920
8.0,13.7,9.8,13,13,35,16.8,147.0,9,19,102.0,0.43,0.65,0.52,0.3,1.0,0.59,0.41,1.09,21.0,3.18,17.0,0.47,27.0,214.0,2021
0.0,7.9,5.6,8,8,17,6.2,83.0,5,9,55.0,0.52,0.56,0.41,0.36,2.0,0.59,0.53,1.12,16.0,3.61,7.0,0.39,10.0,117.0,2122
3.0,3.5,2.7,0,0,9,4.3,52.0,0,2,19.0,0.27,0.4,0.34,0.21,0.0,0.16,0.0,0.71,7.0,1.49,3.0,0.16,11.0,94.0,2223
3.0,3.7,3.7,3,3,9,4.4,47.0,3,3,33.0,0.35,0.41,0.41,0.35,2.0,0.28,0.28,0.85,7.0,3.13,5.0,0.28,4.0,60.0,2324
2.0,2.4,2.4,3,3,8,3.6,34.0,3,5,15.0,0.32,0.48,0.48,0.32,0.0,0.66,0.4,1.06,8.0,1.99,3.0,0.66,6.0,49.0,2324
2.0,0.9,0.9,0,0,5,3.3,40.0,0,3,17.0,0.04,0.14,0.14,0.04,3.0,0.12,0.0,0.21,5.0,0.71,2.0,0.12,17.0,105.0,2223
2.0,2.2,2.2,2,2,8,6.0,60.0,2,5,29.0,0.08,0.23,0.23,0.08,3.0,0.19,0.08,0.3,4.0,1.1,3.0,0.19,23.0,172.0,2324
0.0,0.7,0.7,0,0,1,0.8,14.0,0,0,10.0,0.03,0.03,0.03,0.03,0.0,0.0,0.0,0.04,0.0,0.41,1.0,0.0,0.0,18.0,2122
1.0,0.1,0.1,0,0,1,0.2,4.0,0,0,1.0,0.03,0.1,0.1,0.03,0.0,0.0,0.0,0.54,0.0,0.54,0.0,0.0,0.0,2.0,2223
0.0,1.2,1.2,1,1,4,1.7,26.0,1,1,18.0,0.07,0.1,0.1,0.07,1.0,0.06,0.06,0.24,1.0,1.09,0.0,0.06,2.0,22.0,2324
2.0,4.8,4.8,8,8,19,9.8,83.0,8,12,65.0,0.16,0.33,0.33,0.16,1.0,0.41,0.27,0.64,2.0,2.2,5.0,0.41,27.0,193.0,2324
0.0,0.5,0.5,0,0,2,1.0,14.0,0,0,5.0,0.06,0.11,0.11,0.06,0.0,0.0,0.0,0.22,0.0,0.56,1.0,0.0,0.0,21.0,2021
0.0,0.4,0.4,1,1,1,0.4,8.0,1,1,4.0,0.14,0.14,0.14,0.14,0.0,0.38,0.38,0.38,0.0,1.54,0.0,0.38,1.0,13.0,2122
2.0,1.3,1.3,0,0,3,2.2,27.0,0,0,14.0,0.18,0.3,0.3,0.18,0.0,0.0,0.0,0.41,4.0,1.91,1.0,0.0,4.0,56.0,1920
0.0,1.6,1.6,2,2,4,1.7,22.0,2,2,13.0,0.42,0.44,0.44,0.42,0.0,0.53,0.53,1.06,9.0,3.45,0.0,0.53,3.0,37.0,2021
12.0,13.5,8.7,16,16,35,10.9,136.0,10,17,83.0,0.4,0.46,0.32,0.26,1.0,0.5,0.48,1.04,6.0,2.46,4.0,0.33,37.0,202.0,1819
4.0,13.4,7.9,12,12,26,11.5,142.0,7,13,103.0,0.4,0.51,0.34,0.23,3.0,0.39,0.36,0.77,14.0,3.06,4.0,0.24,32.0,208.0,1920
3.0,4.1,4.1,4,4,10,6.6,77.0,4,7,24.0,0.38,0.61,0.61,0.38,1.0,0.65,0.37,0.93,7.0,2.24,5.0,0.65,12.0,61.0,2021
4.0,1.6,1.6,3,3,6,3.3,23.0,3,4,13.0,0.25,0.51,0.51,0.25,5.0,0.61,0.46,0.92,2.0,2.0,1.0,0.61,4.0,38.0,2122
1.0,5.7,4.9,4,4,12,9.3,88.0,3,9,35.0,0.31,0.54,0.5,0.26,1.0,0.49,0.22,0.65,10.0,1.89,4.0,0.43,11.0,132.0,2223
0.0,1.6,1.6,1,1,8,2.6,39.0,1,2,20.0,0.15,0.23,0.23,0.15,0.0,0.18,0.09,0.72,2.0,1.81,3.0,0.18,3.0,56.0,2324
5.0,6.5,6.5,5,5,16,7.1,73.0,5,8,60.0,0.36,0.39,0.39,0.36,1.0,0.44,0.28,0.89,8.0,3.32,5.0,0.44,12.0,113.0,1819
1.0,6.0,4.3,5,5,14,5.0,97.0,4,6,49.0,0.24,0.27,0.2,0.17,0.0,0.24,0.2,0.56,16.0,1.97,7.0,0.2,10.0,161.0,1920
5.0,12.7,9.5,13,13,23,12.4,164.0,9,15,86.0,0.4,0.49,0.39,0.3,0.0,0.47,0.41,0.72,19.0,2.7,11.0,0.35,19.0,233.0,2122
11.0,7.1,6.3,5,5,21,7.8,120.0,4,5,66.0,0.3,0.36,0.32,0.26,1.0,0.21,0.21,0.87,8.0,2.75,10.0,0.17,11.0,166.0,2223
10.0,8.9,6.6,11,11,19,8.4,144.0,9,12,80.0,0.26,0.32,0.25,0.19,1.0,0.35,0.32,0.56,9.0,2.34,6.0,0.29,15.0,165.0,2324
2.0,3.6,3.6,4,4,10,4.4,37.0,4,5,31.0,0.17,0.21,0.21,0.17,0.0,0.23,0.19,0.47,3.0,1.44,3.0,0.23,7.0,37.0,1819
1.0,2.0,2.0,2,2,7,3.6,25.0,2,2,25.0,0.09,0.17,0.17,0.09,0.0,0.09,0.09,0.33,1.0,1.17,5.0,0.09,5.0,30.0,1920
2.0,1.0,1.0,1,1,5,1.5,13.0,1,2,10.0,0.05,0.08,0.08,0.05,2.0,0.1,0.05,0.26,0.0,0.51,0.0,0.1,0.0,5.0,2223
0.0,1.0,1.0,2,2,4,2.2,18.0,2,4,12.0,0.05,0.1,0.1,0.05,0.0,0.18,0.09,0.18,0.0,0.55,2.0,0.18,1.0,6.0,2324
1.0,6.8,6.8,12,12,20,9.0,76.0,12,15,46.0,0.41,0.54,0.54,0.41,4.0,0.9,0.72,1.2,3.0,2.77,2.0,0.9,11.0,96.0,1920
1.0,0.8,0.8,1,1,6,2.8,28.0,1,4,14.0,0.07,0.23,0.23,0.07,1.0,0.33,0.08,0.5,1.0,1.17,1.0,0.33,12.0,81.0,1718
1.0,2.3,2.3,1,1,14,6.2,48.0,1,4,37.0,0.14,0.38,0.38,0.14,2.0,0.24,0.06,0.85,3.0,2.24,2.0,0.24,13.0,102.0,1920
4.0,0.7,0.6,1,1,5,2.1,16.0,1,3,14.0,0.11,0.36,0.35,0.1,6.0,0.5,0.17,0.83,3.0,2.32,0.0,0.5,5.0,53.0,2021
2.0,4.6,4.6,3,3,16,11.7,64.0,3,10,52.0,0.16,0.4,0.4,0.16,4.0,0.34,0.1,0.55,3.0,1.79,3.0,0.34,13.0,125.0,2324
2.0,2.1,2.1,1,1,7,2.6,29.0,1,1,20.0,0.24,0.31,0.31,0.24,3.0,0.12,0.12,0.83,3.0,2.37,2.0,0.12,12.0,104.0,1920
0.0,4.1,4.1,2,2,10,6.1,57.0,2,5,30.0,0.31,0.47,0.47,0.31,2.0,0.38,0.15,0.76,2.0,2.29,0.0,0.38,24.0,119.0,2021
1.0,0.9,0.9,0,0,2,1.2,19.0,0,2,7.0,0.11,0.15,0.15,0.11,1.0,0.24,0.0,0.24,0.0,0.84,1.0,0.24,8.0,52.0,2122
1.0,1.1,1.1,2,2,5,1.5,9.0,2,2,20.0,0.07,0.09,0.09,0.07,0.0,0.12,0.12,0.31,0.0,1.22,1.0,0.12,0.0,10.0,1819
6.0,1.5,1.5,1,1,6,3.1,33.0,1,2,29.0,0.05,0.1,0.1,0.05,1.0,0.07,0.03,0.2,0.0,0.98,3.0,0.07,1.0,6.0,2021
12.0,21.0,16.3,17,17,38,22.0,151.0,12,21,104.0,0.79,1.0,0.83,0.61,2.0,0.79,0.64,1.43,10.0,3.91,14.0,0.6,41.0,198.0,1819
20.0,9.6,8.0,12,12,21,12.0,66.0,10,14,41.0,0.61,0.86,0.76,0.51,5.0,0.89,0.76,1.33,8.0,2.59,7.0,0.76,18.0,115.0,1920
6.0,14.8,10.8,20,20,39,15.1,133.0,15,25,91.0,0.56,0.72,0.57,0.41,9.0,0.95,0.76,1.48,9.0,3.44,6.0,0.76,31.0,235.0,2021
12.0,12.6,12.6,6,6,35,20.6,158.0,6,15,93.0,0.42,0.68,0.68,0.42,4.0,0.5,0.2,1.16,9.0,3.09,8.0,0.5,34.0,229.0,2122
15.0,13.2,8.5,12,12,21,10.7,106.0,8,16,57.0,0.5,0.58,0.4,0.32,6.0,0.6,0.45,0.79,9.0,2.15,7.0,0.45,16.0,191.0,2223
11.0,11.1,7.1,15,15,29,14.5,102.0,10,21,64.0,0.45,0.75,0.59,0.29,8.0,0.86,0.61,1.19,8.0,2.62,3.0,0.65,24.0,175.0,2324
0.0,0.8,0.8,0,0,4,1.4,13.0,0,0,16.0,0.03,0.06,0.06,0.03,0.0,0.0,0.0,0.17,0.0,0.67,2.0,0.0,2.0,23.0,2122
0.0,0.8,0.8,0,0,1,1.1,6.0,0,0,8.0,0.07,0.1,0.1,0.07,0.0,0.0,0.0,0.09,0.0,0.69,2.0,0.0,1.0,14.0,2223
1.0,1.8,1.8,2,2,6,9.3,83.0,2,14,22.0,0.05,0.27,0.27,0.05,7.0,0.41,0.06,0.17,2.0,0.64,3.0,0.41,20.0,277.0,1920
3.0,1.3,1.3,0,0,2,7.4,59.0,0,8,13.0,0.05,0.26,0.26,0.05,2.0,0.28,0.0,0.07,7.0,0.45,4.0,0.28,10.0,194.0,2223
0.0,1.9,1.9,3,3,6,7.3,55.0,3,5,12.0,0.1,0.39,0.39,0.1,1.0,0.27,0.16,0.32,3.0,0.64,0.0,0.27,6.0,130.0,2324
0.0,0.3,0.3,0,0,1,0.7,8.0,0,0,9.0,0.02,0.04,0.04,0.02,0.0,0.0,0.0,0.06,0.0,0.56,1.0,0.0,0.0,10.0,1819
10.0,1.0,1.0,1,1,4,2.0,7.0,1,1,12.0,0.11,0.21,0.21,0.11,3.0,0.11,0.11,0.43,1.0,1.3,1.0,0.11,0.0,15.0,2324
0.0,2.4,2.4,5,5,13,5.9,49.0,5,6,26.0,0.22,0.54,0.54,0.22,1.0,0.54,0.45,1.18,8.0,2.36,2.0,0.54,24.0,64.0,1920
1.0,0.3,0.3,0,0,2,1.1,15.0,0,1,7.0,0.06,0.25,0.25,0.06,0.0,0.24,0.0,0.48,5.0,1.68,1.0,0.24,5.0,38.0,2021
1.0,4.6,4.6,6,6,19,8.3,88.0,6,10,63.0,0.14,0.25,0.25,0.14,1.0,0.3,0.18,0.57,9.0,1.88,5.0,0.3,32.0,280.0,1819
1.0,0.4,0.4,1,1,5,2.3,17.0,1,2,12.0,0.03,0.16,0.16,0.03,5.0,0.14,0.07,0.35,1.0,0.83,3.0,0.14,9.0,77.0,1920
3.0,2.3,2.3,1,1,11,6.2,33.0,1,6,36.0,0.09,0.25,0.25,0.09,2.0,0.24,0.04,0.44,2.0,1.43,1.0,0.24,9.0,112.0,2021
1.0,2.2,1.5,3,3,9,4.5,27.0,2,5,20.0,0.14,0.33,0.28,0.09,3.0,0.31,0.19,0.56,1.0,1.24,2.0,0.25,7.0,100.0,2122
1.0,0.4,0.4,0,0,1,0.6,14.0,0,0,7.0,0.05,0.07,0.07,0.05,2.0,0.0,0.0,0.1,1.0,0.73,0.0,0.0,4.0,18.0,2223
1.0,1.8,1.8,1,1,5,3.2,36.0,1,3,21.0,0.13,0.24,0.24,0.13,1.0,0.22,0.07,0.37,2.0,1.56,2.0,0.22,12.0,71.0,2324
5.0,1.0,0.3,0,0,1,0.3,8.0,0,0,3.0,0.3,0.31,0.08,0.07,0.0,0.0,0.0,0.28,1.0,0.85,0.0,0.0,2.0,16.0,2223
4.0,3.1,3.1,5,5,12,3.9,49.0,5,5,32.0,0.25,0.32,0.32,0.25,1.0,0.41,0.41,0.98,4.0,2.61,2.0,0.41,5.0,65.0,2324
0.0,0.5,0.5,0,0,3,1.4,12.0,0,1,14.0,0.03,0.08,0.08,0.03,1.0,0.06,0.0,0.17,2.0,0.8,2.0,0.06,4.0,28.0,2021
3.0,0.7,0.7,0,0,4,0.8,6.0,0,1,14.0,0.1,0.12,0.12,0.1,2.0,0.15,0.0,0.58,0.0,2.04,1.0,0.15,1.0,13.0,2122
1.0,1.1,1.1,3,3,5,2.3,17.0,3,5,18.0,0.06,0.13,0.13,0.06,0.0,0.28,0.17,0.28,1.0,0.99,2.0,0.28,4.0,33.0,2223
0.0,0.3,0.3,1,1,4,0.7,11.0,1,1,8.0,0.05,0.13,0.13,0.05,0.0,0.18,0.18,0.71,0.0,1.42,2.0,0.18,3.0,29.0,2324
1.0,2.9,2.9,4,4,14,7.0,64.0,4,8,37.0,0.13,0.31,0.31,0.13,0.0,0.35,0.18,0.61,22.0,1.62,8.0,0.35,8.0,127.0,1819
8.0,2.6,1.9,1,1,4,2.5,32.0,1,1,15.0,0.34,0.41,0.31,0.24,3.0,0.13,0.13,0.51,7.0,1.92,0.0,0.13,4.0,34.0,1920
5.0,5.0,5.0,8,8,14,7.1,68.0,8,11,43.0,0.22,0.31,0.31,0.22,2.0,0.49,0.35,0.62,14.0,1.9,5.0,0.49,3.0,82.0,2021
2.0,2.9,2.9,5,5,20,5.0,79.0,5,7,45.0,0.12,0.21,0.21,0.12,0.0,0.3,0.21,0.86,17.0,1.93,5.0,0.3,6.0,95.0,2122
0.0,10.8,10.0,12,12,20,14.8,93.0,11,15,54.0,0.62,0.89,0.85,0.57,0.0,0.86,0.69,1.14,12.0,3.09,3.0,0.8,12.0,141.0,1920
4.0,12.6,10.7,11,11,23,14.0,142.0,8,14,55.0,0.54,0.69,0.61,0.46,3.0,0.61,0.48,1.0,16.0,2.38,8.0,0.48,24.0,172.0,2122
3.0,9.2,9.2,4,4,22,12.0,120.0,4,7,60.0,0.47,0.62,0.62,0.47,0.0,0.36,0.21,1.14,10.0,3.11,7.0,0.36,23.0,142.0,2223
1.0,3.3,2.5,3,3,5,2.8,25.0,2,3,15.0,0.41,0.45,0.35,0.31,2.0,0.37,0.37,0.62,4.0,1.85,0.0,0.25,4.0,44.0,2324
0.0,1.4,1.4,0,0,5,5.1,25.0,0,4,26.0,0.06,0.2,0.2,0.06,3.0,0.15,0.0,0.19,2.0,1.0,0.0,0.15,6.0,85.0,1819
1.0,1.0,1.0,0,0,4,3.3,20.0,0,3,12.0,0.04,0.15,0.15,0.04,0.0,0.13,0.0,0.18,1.0,0.53,1.0,0.13,5.0,46.0,1920
0.0,0.3,0.3,1,1,5,0.7,7.0,1,1,11.0,0.02,0.05,0.05,0.02,1.0,0.07,0.07,0.34,0.0,0.75,0.0,0.07,3.0,27.0,2021
1.0,0.9,0.9,0,0,3,1.2,13.0,0,1,15.0,0.06,0.08,0.08,0.06,1.0,0.06,0.0,0.19,0.0,0.97,2.0,0.06,0.0,17.0,2122
0.0,0.3,0.3,1,1,3,1.4,6.0,1,2,8.0,0.02,0.09,0.09,0.02,0.0,0.13,0.07,0.2,0.0,0.52,2.0,0.13,0.0,13.0,2223
0.0,2.2,2.2,0,0,6,2.6,23.0,0,0,14.0,0.43,0.5,0.5,0.43,4.0,0.0,0.0,1.17,3.0,2.73,2.0,0.0,0.0,15.0,1819
1.0,1.2,1.2,0,0,3,2.6,30.0,0,4,16.0,0.17,0.37,0.37,0.17,0.0,0.57,0.0,0.43,6.0,2.28,0.0,0.57,0.0,34.0,1920
0.0,14.6,12.2,16,16,37,16.1,134.0,13,18,95.0,0.54,0.68,0.59,0.45,0.0,0.66,0.59,1.36,16.0,3.49,5.0,0.55,11.0,188.0,2122
6.0,2.5,2.5,0,0,10,3.3,32.0,0,0,18.0,0.49,0.63,0.63,0.49,1.0,0.0,0.0,1.92,4.0,3.45,1.0,0.0,1.0,44.0,2223
0.0,5.4,3.0,6,6,8,4.4,37.0,3,7,23.0,0.62,0.78,0.51,0.35,0.0,0.81,0.69,0.92,7.0,2.65,2.0,0.46,1.0,48.0,2223
1.0,1.5,1.5,1,1,8,2.6,23.0,1,1,27.0,0.1,0.18,0.18,0.1,2.0,0.07,0.07,0.55,0.0,1.85,2.0,0.07,8.0,55.0,2324
0.0,0.1,0.1,0,0,1,0.2,3.0,0,0,2.0,0.01,0.01,0.01,0.01,0.0,0.0,0.0,0.07,0.0,0.15,0.0,0.0,1.0,10.0,2021
0.0,0.3,0.3,0,0,1,1.0,4.0,0,0,2.0,0.01,0.03,0.03,0.01,0.0,0.0,0.0,0.03,0.0,0.06,0.0,0.0,2.0,7.0,2324
2.0,1.1,1.1,1,1,2,2.2,9.0,1,2,14.0,0.11,0.21,0.21,0.11,6.0,0.19,0.09,0.19,0.0,1.32,0.0,0.19,1.0,49.0,2122
0.0,4.6,3.8,2,2,17,6.9,49.0,1,8,55.0,0.15,0.24,0.22,0.12,8.0,0.26,0.06,0.54,0.0,1.76,2.0,0.22,10.0,115.0,2223
1.0,2.0,2.0,0,0,7,8.2,38.0,0,8,34.0,0.07,0.29,0.29,0.07,1.0,0.28,0.0,0.25,0.0,1.19,7.0,0.28,7.0,71.0,2324
4.0,0.9,0.9,1,1,2,2.9,26.0,1,3,5.0,0.07,0.24,0.24,0.07,4.0,0.25,0.08,0.16,3.0,0.41,1.0,0.25,12.0,92.0,1920
2.0,4.2,4.2,4,4,13,9.7,79.0,4,8,35.0,0.17,0.4,0.4,0.17,5.0,0.33,0.17,0.54,7.0,1.46,6.0,0.33,14.0,242.0,2021
0.0,1.2,1.2,2,2,6,6.4,60.0,2,7,12.0,0.05,0.25,0.25,0.05,8.0,0.27,0.08,0.23,4.0,0.47,4.0,0.27,11.0,177.0,2122
0.0,1.1,1.1,0,0,4,8.3,32.0,0,8,21.0,0.04,0.28,0.28,0.04,1.0,0.28,0.0,0.14,7.0,0.72,2.0,0.28,4.0,120.0,2223
2.0,0.2,0.2,0,0,2,1.7,7.0,0,1,8.0,0.01,0.14,0.14,0.01,1.0,0.08,0.0,0.16,1.0,0.63,1.0,0.08,0.0,55.0,2324
1.0,3.1,3.1,4,4,11,6.7,66.0,4,5,29.0,0.17,0.37,0.37,0.17,1.0,0.28,0.22,0.61,1.0,1.6,3.0,0.28,10.0,127.0,1819
7.0,3.1,3.1,1,1,16,5.7,48.0,1,2,35.0,0.18,0.32,0.32,0.18,3.0,0.11,0.06,0.91,1.0,1.99,1.0,0.11,10.0,76.0,1920
1.0,5.8,5.8,5,5,17,9.7,84.0,5,9,58.0,0.18,0.3,0.3,0.18,1.0,0.28,0.15,0.52,5.0,1.78,6.0,0.28,19.0,189.0,2122
0.0,1.3,1.3,1,1,8,4.0,19.0,1,2,12.0,0.13,0.42,0.42,0.13,1.0,0.21,0.1,0.84,0.0,1.26,2.0,0.21,5.0,70.0,2223
1.0,0.6,0.6,0,0,4,1.4,14.0,0,1,8.0,0.1,0.23,0.23,0.1,2.0,0.17,0.0,0.69,1.0,1.37,0.0,0.17,2.0,43.0,2223
1.0,3.2,3.2,1,1,10,6.4,48.0,1,3,46.0,0.21,0.42,0.42,0.21,1.0,0.2,0.07,0.65,1.0,3.01,4.0,0.2,7.0,117.0,2324
2.0,1.8,1.8,1,1,5,2.8,22.0,1,2,14.0,0.09,0.13,0.13,0.09,0.0,0.1,0.05,0.24,0.0,0.67,4.0,0.1,1.0,1.0,1819
0.0,0.3,0.3,1,1,3,0.8,11.0,1,2,7.0,0.04,0.1,0.1,0.04,0.0,0.26,0.13,0.38,0.0,0.89,0.0,0.26,0.0,16.0,2223
1.0,1.6,1.6,1,1,3,6.7,29.0,1,6,16.0,0.05,0.22,0.22,0.05,8.0,0.2,0.03,0.1,0.0,0.53,2.0,0.2,4.0,71.0,2324
1.0,0.5,0.5,1,1,4,1.6,31.0,1,2,12.0,0.06,0.19,0.19,0.06,1.0,0.24,0.12,0.47,1.0,1.42,1.0,0.24,7.0,45.0,2122
7.0,0.9,0.9,1,1,7,2.5,43.0,1,2,15.0,0.06,0.18,0.18,0.06,2.0,0.14,0.07,0.49,2.0,1.05,0.0,0.14,15.0,74.0,2223
4.0,5.7,5.7,7,7,13,8.0,101.0,7,9,37.0,0.24,0.34,0.34,0.24,5.0,0.38,0.3,0.55,2.0,1.58,2.0,0.38,38.0,164.0,2324
4.0,3.8,3.8,7,7,12,5.9,89.0,7,8,33.0,0.33,0.52,0.52,0.33,0.0,0.7,0.61,1.05,4.0,2.89,2.0,0.7,46.0,187.0,1920
4.0,1.8,1.8,4,4,7,3.5,39.0,4,4,14.0,0.37,0.73,0.73,0.37,0.0,0.84,0.84,1.46,2.0,2.92,0.0,0.84,21.0,60.0,2021
7.0,1.3,1.3,4,4,8,1.8,34.0,4,4,18.0,0.36,0.47,0.47,0.36,3.0,1.07,1.07,2.14,3.0,4.82,0.0,1.07,13.0,49.0,2122
2.0,9.1,9.1,7,7,18,10.7,128.0,7,10,61.0,0.59,0.69,0.69,0.59,0.0,0.65,0.45,1.16,10.0,3.94,5.0,0.65,31.0,178.0,2223
8.0,9.2,9.2,11,11,21,10.0,90.0,11,11,47.0,0.51,0.55,0.55,0.51,2.0,0.61,0.61,1.16,19.0,2.6,6.0,0.61,9.0,103.0,2021
8.0,8.3,6.8,8,8,19,7.5,92.0,6,10,43.0,0.43,0.47,0.39,0.35,0.0,0.52,0.41,0.98,16.0,2.23,4.0,0.41,5.0,90.0,2122
17.0,7.6,7.6,8,8,21,8.3,118.0,8,8,58.0,0.38,0.41,0.41,0.38,2.0,0.4,0.4,1.05,12.0,2.9,3.0,0.4,10.0,98.0,2223
21.0,14.2,11.1,17,17,31,12.9,152.0,14,19,73.0,0.53,0.59,0.48,0.41,4.0,0.7,0.63,1.15,27.0,2.7,7.0,0.59,17.0,99.0,2324
0.0,9.2,9.2,9,9,28,14.6,108.0,9,13,61.0,0.42,0.67,0.67,0.42,0.0,0.59,0.41,1.27,18.0,2.78,5.0,0.59,37.0,193.0,1819
11.0,6.8,6.8,11,11,20,10.0,100.0,11,14,42.0,0.44,0.65,0.65,0.44,4.0,0.9,0.71,1.29,3.0,2.71,6.0,0.9,32.0,159.0,1920
2.0,5.9,5.6,11,11,23,11.0,112.0,11,15,43.0,0.3,0.57,0.56,0.28,2.0,0.76,0.56,1.17,11.0,2.18,7.0,0.76,22.0,146.0,2021
3.0,2.4,2.4,2,2,6,7.2,75.0,2,4,30.0,0.24,0.73,0.73,0.24,2.0,0.4,0.2,0.61,8.0,3.03,7.0,0.4,20.0,80.0,2122
1.0,3.5,3.5,3,3,13,5.5,56.0,3,5,27.0,0.32,0.5,0.5,0.32,0.0,0.46,0.28,1.19,8.0,2.48,4.0,0.46,5.0,92.0,2223
0.0,2.0,2.0,1,1,3,2.3,18.0,1,1,18.0,0.1,0.12,0.12,0.1,0.0,0.05,0.05,0.16,2.0,0.93,2.0,0.05,0.0,2.0,1920
0.0,0.4,0.4,0,0,3,0.6,6.0,0,0,5.0,0.03,0.04,0.04,0.03,0.0,0.0,0.0,0.22,1.0,0.37,0.0,0.0,0.0,0.0,2021
2.0,0.9,0.9,1,1,4,4.9,32.0,1,4,15.0,0.03,0.18,0.18,0.03,1.0,0.15,0.04,0.15,2.0,0.56,0.0,0.15,12.0,113.0,2122
2.0,0.6,0.6,2,2,4,3.2,20.0,2,3,10.0,0.03,0.14,0.14,0.03,3.0,0.13,0.09,0.18,0.0,0.44,2.0,0.13,1.0,41.0,2223
1.0,1.5,1.5,2,2,5,4.4,41.0,2,5,31.0,0.06,0.16,0.16,0.06,7.0,0.18,0.07,0.18,0.0,1.12,4.0,0.18,10.0,75.0,2324
0.0,2.6,2.6,2,2,7,5.1,56.0,2,4,21.0,0.19,0.37,0.37,0.19,1.0,0.3,0.15,0.52,3.0,1.56,1.0,0.3,10.0,114.0,2122
5.0,0.7,0.7,0,0,4,1.6,28.0,0,1,10.0,0.15,0.34,0.34,0.15,9.0,0.21,0.0,0.85,3.0,2.11,3.0,0.21,7.0,28.0,2223
6.0,6.6,6.6,5,5,22,13.3,122.0,5,14,54.0,0.24,0.49,0.49,0.24,11.0,0.52,0.18,0.81,19.0,2.0,6.0,0.52,42.0,196.0,2324
3.0,3.5,3.5,4,4,18,7.3,78.0,4,6,44.0,0.14,0.29,0.29,0.14,0.0,0.24,0.16,0.71,8.0,1.73,3.0,0.24,31.0,137.0,2122
1.0,3.3,3.3,3,3,16,3.9,47.0,3,3,26.0,0.27,0.32,0.32,0.27,0.0,0.25,0.25,1.32,3.0,2.14,6.0,0.25,13.0,67.0,2223
11.0,1.7,1.7,1,1,2,2.6,27.0,1,1,8.0,0.31,0.48,0.48,0.31,10.0,0.18,0.18,0.37,1.0,1.48,1.0,0.18,11.0,45.0,2223
6.0,10.2,9.4,11,11,29,17.4,147.0,10,21,80.0,0.32,0.57,0.54,0.29,5.0,0.65,0.34,0.9,8.0,2.49,11.0,0.62,59.0,232.0,2324
0.0,0.6,0.6,1,1,1,1.0,8.0,1,1,5.0,0.02,0.03,0.03,0.02,0.0,0.03,0.03,0.03,1.0,0.17,0.0,0.03,1.0,21.0,2324
3.0,2.3,2.3,0,0,11,2.7,35.0,0,0,23.0,0.29,0.33,0.33,0.29,1.0,0.0,0.0,1.36,5.0,2.84,5.0,0.0,6.0,50.0,1819
7.0,5.7,5.7,3,3,14,6.4,64.0,3,4,35.0,0.33,0.38,0.38,0.33,2.0,0.24,0.18,0.83,10.0,2.07,5.0,0.24,7.0,72.0,2021
1.0,5.1,5.0,7,7,20,5.9,77.0,7,9,49.0,0.27,0.32,0.32,0.27,1.0,0.48,0.38,1.08,9.0,2.64,6.0,0.48,16.0,84.0,2122
3.0,2.6,2.6,1,1,8,3.5,47.0,1,2,30.0,0.17,0.22,0.22,0.17,0.0,0.12,0.06,0.5,8.0,1.87,5.0,0.12,7.0,58.0,2223
0.0,3.3,3.3,3,3,9,4.0,22.0,3,3,23.0,0.38,0.46,0.46,0.38,0.0,0.35,0.35,1.05,5.0,2.68,0.0,0.35,5.0,24.0,2324
17.0,6.2,5.4,10,10,22,8.2,123.0,9,12,38.0,0.34,0.5,0.46,0.3,6.0,0.67,0.56,1.22,6.0,2.11,1.0,0.61,53.0,205.0,1819
4.0,12.1,11.3,17,17,38,15.7,157.0,17,23,79.0,0.41,0.56,0.54,0.39,3.0,0.79,0.58,1.3,12.0,2.71,6.0,0.79,45.0,275.0,1920
1.0,6.5,6.5,4,4,20,8.5,103.0,4,7,43.0,0.4,0.52,0.52,0.4,0.0,0.43,0.24,1.22,15.0,2.61,4.0,0.43,18.0,155.0,2021
0.0,0.7,0.7,1,1,2,0.7,14.0,1,1,5.0,0.28,0.28,0.28,0.28,1.0,0.42,0.42,0.85,2.0,2.12,0.0,0.42,4.0,32.0,2122
6.0,0.4,0.4,0,0,3,0.5,24.0,0,1,7.0,0.07,0.09,0.09,0.07,2.0,0.18,0.0,0.55,0.0,1.29,1.0,0.18,13.0,43.0,2122
1.0,6.2,5.5,6,6,12,6.9,49.0,5,8,26.0,0.58,0.7,0.63,0.5,0.0,0.74,0.55,1.1,7.0,2.39,3.0,0.64,8.0,87.0,2223
0.0,4.3,4.3,4,4,11,4.9,51.0,4,5,35.0,0.34,0.39,0.39,0.34,0.0,0.4,0.32,0.87,8.0,2.77,5.0,0.4,6.0,62.0,1920
2.0,18.0,17.2,20,20,43,20.2,146.0,19,24,106.0,0.62,0.72,0.7,0.6,1.0,0.83,0.69,1.49,36.0,3.66,11.0,0.79,8.0,143.0,2122
0.0,0.1,0.1,0,0,1,0.9,5.0,0,2,3.0,0.01,0.08,0.08,0.01,0.0,0.18,0.0,0.09,1.0,0.27,0.0,0.18,0.0,10.0,2324
3.0,4.2,4.2,4,4,12,6.3,49.0,4,4,27.0,0.51,0.77,0.77,0.51,2.0,0.49,0.49,1.47,10.0,3.31,3.0,0.49,2.0,59.0,1819
0.0,2.6,2.6,3,3,6,4.0,35.0,3,5,18.0,0.25,0.38,0.38,0.25,0.0,0.47,0.28,0.57,10.0,1.71,2.0,0.47,6.0,65.0,1920
13.0,7.2,7.2,9,9,23,11.7,139.0,9,13,55.0,0.26,0.41,0.41,0.26,7.0,0.46,0.32,0.81,16.0,1.94,3.0,0.46,21.0,229.0,1920
3.0,12.1,10.5,13,13,32,16.1,173.0,12,20,69.0,0.42,0.61,0.56,0.36,4.0,0.69,0.45,1.11,13.0,2.38,2.0,0.66,12.0,224.0,2021
0.0,5.1,5.1,3,3,14,8.2,70.0,3,7,43.0,0.27,0.44,0.44,0.27,0.0,0.37,0.16,0.74,10.0,2.28,1.0,0.37,10.0,126.0,2122
16.0,12.3,12.3,15,15,44,26.1,153.0,15,31,111.0,0.39,0.82,0.82,0.39,6.0,0.98,0.47,1.39,11.0,3.49,7.0,0.98,25.0,202.0,2223
8.0,12.3,9.3,16,16,29,14.9,113.0,12,22,75.0,0.42,0.61,0.51,0.32,7.0,0.75,0.54,0.99,14.0,2.55,10.0,0.61,7.0,196.0,2324
0.0,0.1,0.1,0,0,1,0.5,3.0,0,0,2.0,0.02,0.1,0.1,0.02,0.0,0.0,0.0,0.22,0.0,0.43,0.0,0.0,0.0,6.0,2324
11.0,4.6,4.6,8,8,30,7.8,124.0,8,10,70.0,0.2,0.34,0.34,0.2,5.0,0.43,0.34,1.28,3.0,2.99,9.0,0.43,42.0,188.0,2324
2.0,2.2,2.2,1,1,10,5.8,50.0,1,5,36.0,0.1,0.25,0.25,0.1,3.0,0.22,0.04,0.43,3.0,1.57,1.0,0.22,7.0,77.0,2223
0.0,1.7,1.7,2,2,9,5.2,26.0,2,5,38.0,0.07,0.2,0.2,0.07,0.0,0.19,0.08,0.35,0.0,1.47,4.0,0.19,4.0,46.0,2324
0.0,1.0,1.0,2,2,5,1.6,15.0,2,3,20.0,0.14,0.23,0.23,0.14,0.0,0.42,0.28,0.69,1.0,2.77,1.0,0.42,3.0,24.0,1920
0.0,1.0,1.0,0,0,3,2.4,20.0,0,1,22.0,0.1,0.24,0.24,0.1,0.0,0.1,0.0,0.3,0.0,2.17,2.0,0.1,3.0,58.0,2021
0.0,0.5,0.5,0,0,3,5.0,22.0,0,3,15.0,0.02,0.18,0.18,0.02,2.0,0.11,0.0,0.11,3.0,0.54,1.0,0.11,12.0,101.0,2324
0.0,0.2,0.2,0,0,3,0.8,11.0,0,1,6.0,0.02,0.07,0.07,0.02,0.0,0.08,0.0,0.25,3.0,0.49,1.0,0.08,5.0,58.0,1920
0.0,0.8,0.8,0,0,3,2.1,18.0,0,1,20.0,0.03,0.08,0.08,0.03,1.0,0.04,0.0,0.11,0.0,0.74,2.0,0.04,3.0,22.0,2324
5.0,2.0,2.0,1,1,7,3.1,31.0,1,1,21.0,0.35,0.55,0.55,0.35,7.0,0.18,0.18,1.25,4.0,3.76,1.0,0.18,11.0,75.0,1819
5.0,2.3,2.3,5,5,14,7.6,57.0,5,12,42.0,0.1,0.34,0.34,0.1,8.0,0.54,0.23,0.63,13.0,1.9,5.0,0.54,17.0,221.0,1920
7.0,4.9,3.4,5,5,18,9.2,52.0,3,13,55.0,0.18,0.39,0.33,0.12,10.0,0.47,0.18,0.65,10.0,1.98,8.0,0.4,9.0,180.0,2021
6.0,3.7,3.7,7,7,20,8.3,46.0,7,11,46.0,0.12,0.27,0.27,0.12,6.0,0.36,0.23,0.66,10.0,1.52,5.0,0.36,10.0,171.0,2223
6.0,3.3,3.3,3,3,11,5.6,63.0,3,8,26.0,0.14,0.23,0.23,0.14,1.0,0.33,0.12,0.46,13.0,1.08,2.0,0.33,14.0,140.0,2021
0.0,3.5,3.5,6,6,14,4.4,64.0,6,7,33.0,0.14,0.17,0.17,0.14,2.0,0.28,0.24,0.56,9.0,1.31,1.0,0.28,14.0,126.0,2122
2.0,1.4,1.4,3,3,9,3.4,41.0,3,5,29.0,0.06,0.14,0.14,0.06,0.0,0.21,0.12,0.37,3.0,1.19,6.0,0.21,1.0,4.0,2324
1.0,0.9,0.9,2,2,3,1.5,16.0,2,2,12.0,0.05,0.08,0.08,0.05,0.0,0.11,0.11,0.16,0.0,0.63,2.0,0.11,0.0,0.0,1920
1.0,1.8,1.8,1,1,4,1.9,25.0,1,1,22.0,0.07,0.07,0.07,0.07,0.0,0.04,0.04,0.15,2.0,0.82,1.0,0.04,0.0,10.0,2223
0.0,1.5,1.5,1,1,2,2.6,25.0,1,1,19.0,0.05,0.09,0.09,0.05,0.0,0.03,0.03,0.07,1.0,0.63,5.0,0.03,1.0,1.0,2324
3.0,3.3,2.5,2,2,1,2.5,27.0,1,2,16.0,0.37,0.37,0.28,0.28,0.0,0.22,0.22,0.11,6.0,1.78,0.0,0.11,4.0,27.0,1819
6.0,5.1,4.3,3,3,10,4.7,46.0,3,3,31.0,0.6,0.64,0.55,0.51,2.0,0.35,0.35,1.17,2.0,3.64,2.0,0.35,6.0,42.0,1819
3.0,4.6,4.6,6,6,20,6.5,55.0,6,8,41.0,0.3,0.42,0.42,0.3,0.0,0.52,0.39,1.3,4.0,2.66,5.0,0.52,9.0,92.0,1920
5.0,5.0,5.0,3,3,12,5.2,42.0,3,3,25.0,0.48,0.5,0.5,0.48,1.0,0.29,0.29,1.16,3.0,2.41,3.0,0.29,3.0,37.0,2021
6.0,3.3,3.3,5,5,11,3.9,35.0,5,6,20.0,0.3,0.36,0.36,0.3,1.0,0.55,0.46,1.01,3.0,1.84,1.0,0.55,4.0,48.0,2021
12.0,8.3,8.3,6,6,19,10.1,84.0,6,7,49.0,0.41,0.5,0.5,0.41,4.0,0.35,0.3,0.95,21.0,2.45,6.0,0.35,7.0,123.0,2122
5.0,9.3,8.5,12,12,24,11.5,117.0,11,16,67.0,0.34,0.45,0.42,0.32,0.0,0.59,0.44,0.89,14.0,2.48,2.0,0.55,11.0,139.0,2223
2.0,9.3,7.7,5,5,14,9.1,82.0,3,5,52.0,0.39,0.45,0.38,0.32,1.0,0.21,0.21,0.59,3.0,2.19,7.0,0.13,4.0,109.0,2324
3.0,0.6,0.6,0,0,5,1.4,16.0,0,0,12.0,0.05,0.12,0.12,0.05,1.0,0.0,0.0,0.42,0.0,1.0,3.0,0.0,2.0,56.0,2223
0.0,2.5,2.5,3,3,9,3.3,31.0,3,4,23.0,0.16,0.21,0.21,0.16,0.0,0.25,0.19,0.56,1.0,1.43,2.0,0.25,5.0,61.0,2324
0.0,3.4,3.4,1,1,15,6.1,58.0,1,2,43.0,0.23,0.42,0.42,0.23,0.0,0.14,0.07,1.02,2.0,2.92,0.0,0.14,23.0,149.0,2324
0.0,3.9,3.9,2,2,13,5.5,36.0,2,3,33.0,0.25,0.36,0.36,0.25,0.0,0.2,0.13,0.85,2.0,2.17,3.0,0.2,2.0,66.0,1920
7.0,0.1,0.1,0,0,2,0.3,2.0,0,0,4.0,0.05,0.13,0.13,0.05,3.0,0.0,0.0,0.93,0.0,1.86,0.0,0.0,0.0,12.0,1920
11.0,6.8,6.8,7,7,16,9.1,76.0,7,10,45.0,0.22,0.3,0.3,0.22,4.0,0.33,0.23,0.52,4.0,1.46,1.0,0.33,14.0,101.0,2021
2.0,8.9,5.7,11,11,20,8.4,91.0,7,15,47.0,0.34,0.44,0.32,0.22,0.0,0.58,0.42,0.77,3.0,1.81,6.0,0.42,16.0,124.0,2122
0.0,2.6,2.6,2,2,7,4.1,67.0,2,2,32.0,0.13,0.21,0.21,0.13,0.0,0.1,0.1,0.35,3.0,1.6,2.0,0.1,8.0,93.0,2223
0.0,1.5,1.5,2,2,8,3.8,40.0,2,5,20.0,0.17,0.42,0.42,0.17,0.0,0.56,0.22,0.89,1.0,2.23,5.0,0.56,1.0,64.0,2324
4.0,3.9,3.9,4,4,30,7.0,57.0,4,8,62.0,0.21,0.38,0.38,0.21,4.0,0.44,0.22,1.64,3.0,3.39,4.0,0.44,21.0,163.0,1718
1.0,8.4,5.3,10,10,26,7.1,72.0,6,10,60.0,0.47,0.57,0.39,0.3,1.0,0.56,0.56,1.45,5.0,3.35,7.0,0.33,11.0,163.0,2021
0.0,1.1,0.3,1,1,2,0.7,14.0,0,2,7.0,0.25,0.35,0.16,0.06,0.0,0.47,0.23,0.47,2.0,1.63,0.0,0.23,5.0,38.0,2122
2.0,1.5,1.5,3,3,10,3.2,50.0,3,6,21.0,0.1,0.23,0.23,0.1,3.0,0.42,0.21,0.7,5.0,1.47,3.0,0.42,23.0,104.0,2021
0.0,1.3,1.3,2,2,3,3.2,18.0,2,5,11.0,0.28,0.7,0.7,0.28,2.0,1.1,0.44,0.66,1.0,2.42,0.0,1.1,11.0,30.0,2122
0.0,0.3,0.3,0,0,1,0.4,9.0,0,0,5.0,0.02,0.03,0.03,0.02,0.0,0.0,0.0,0.07,0.0,0.35,1.0,0.0,0.0,3.0,2122
0.0,0.7,0.7,0,0,2,1.0,18.0,0,0,9.0,0.03,0.04,0.04,0.03,0.0,0.0,0.0,0.09,0.0,0.39,1.0,0.0,0.0,0.0,2223
0.0,0.2,0.2,0,0,1,0.9,11.0,0,1,5.0,0.01,0.05,0.05,0.01,0.0,0.05,0.0,0.05,0.0,0.25,1.0,0.05,1.0,0.0,2223
0.0,0.8,0.8,1,1,4,1.5,19.0,1,2,12.0,0.15,0.28,0.28,0.15,0.0,0.38,0.19,0.76,2.0,2.28,2.0,0.38,7.0,54.0,2324
1.0,3.3,1.8,2,2,9,2.5,37.0,0,2,17.0,0.32,0.38,0.23,0.17,0.0,0.19,0.19,0.86,12.0,1.62,3.0,0.0,1.0,57.0,1819
0.0,1.5,1.5,1,1,5,2.1,31.0,1,1,10.0,0.06,0.08,0.08,0.06,1.0,0.04,0.04,0.2,0.0,0.4,1.0,0.04,2.0,24.0,1819
1.0,0.8,0.8,0,0,1,1.6,16.0,0,1,9.0,0.05,0.1,0.1,0.05,0.0,0.06,0.0,0.06,0.0,0.54,1.0,0.06,0.0,12.0,1920
4.0,0.5,0.5,1,1,1,0.8,13.0,1,1,5.0,0.03,0.04,0.04,0.03,1.0,0.05,0.05,0.05,1.0,0.24,0.0,0.05,1.0,12.0,2021
0.0,1.6,1.6,4,4,7,1.7,14.0,4,5,14.0,0.07,0.07,0.07,0.07,1.0,0.21,0.17,0.3,2.0,0.6,1.0,0.21,0.0,12.0,2122
0.0,0.3,0.3,0,0,2,0.9,14.0,0,1,7.0,0.03,0.1,0.1,0.03,0.0,0.11,0.0,0.22,0.0,0.78,3.0,0.11,1.0,2.0,2324
11.0,13.9,13.9,17,17,51,16.8,131.0,17,20,111.0,0.52,0.63,0.63,0.52,0.0,0.75,0.64,1.92,16.0,4.17,9.0,0.75,10.0,169.0,1819
9.0,9.8,9.8,11,11,29,11.3,99.0,11,11,68.0,0.5,0.58,0.58,0.5,1.0,0.57,0.57,1.49,13.0,3.5,8.0,0.57,7.0,121.0,1920
0.0,8.2,7.4,7,7,19,9.0,89.0,6,9,53.0,0.52,0.62,0.57,0.47,0.0,0.57,0.44,1.21,8.0,3.37,2.0,0.51,13.0,111.0,2122
4.0,6.5,5.7,7,7,22,7.7,75.0,7,8,43.0,0.37,0.49,0.44,0.32,1.0,0.45,0.4,1.25,8.0,2.44,7.0,0.45,2.0,85.0,2223
2.0,1.8,1.8,0,0,4,3.9,44.0,0,2,19.0,0.08,0.18,0.18,0.08,3.0,0.09,0.0,0.19,3.0,0.89,2.0,0.09,17.0,106.0,1920
0.0,1.5,1.5,2,2,7,4.6,68.0,2,5,30.0,0.06,0.18,0.18,0.06,2.0,0.19,0.08,0.27,5.0,1.17,0.0,0.19,22.0,170.0,2021
1.0,0.3,0.3,0,0,4,2.5,10.0,0,2,8.0,0.02,0.13,0.13,0.02,1.0,0.1,0.0,0.2,0.0,0.41,0.0,0.1,5.0,41.0,2122
6.0,3.7,3.7,3,3,20,9.4,56.0,3,8,59.0,0.21,0.52,0.52,0.21,2.0,0.44,0.17,1.11,8.0,3.27,11.0,0.44,27.0,144.0,2021
1.0,7.5,6.7,6,6,36,10.8,89.0,5,8,84.0,0.27,0.42,0.39,0.24,0.0,0.29,0.22,1.31,11.0,3.05,16.0,0.25,25.0,194.0,2122
5.0,4.7,3.9,7,7,21,10.1,106.0,6,13,55.0,0.19,0.45,0.42,0.16,4.0,0.54,0.29,0.87,7.0,2.28,3.0,0.5,50.0,263.0,2223
1.0,5.9,5.9,6,6,19,6.9,101.0,6,6,45.0,0.27,0.32,0.32,0.27,0.0,0.27,0.27,0.87,13.0,2.05,7.0,0.27,33.0,114.0,2122
1.0,0.8,0.8,1,1,5,0.9,16.0,1,1,6.0,0.26,0.27,0.27,0.26,0.0,0.31,0.31,1.53,3.0,1.84,0.0,0.31,5.0,17.0,2223
0.0,2.4,2.4,1,1,2,2.5,35.0,1,1,13.0,0.47,0.5,0.5,0.47,1.0,0.2,0.2,0.4,6.0,2.58,0.0,0.2,8.0,37.0,2324
2.0,1.7,1.7,1,1,4,3.3,37.0,1,1,12.0,0.06,0.11,0.11,0.06,0.0,0.03,0.03,0.13,1.0,0.4,1.0,0.03,3.0,28.0,1920
0.0,1.5,1.5,2,2,3,1.8,33.0,2,2,17.0,0.07,0.08,0.08,0.07,0.0,0.09,0.09,0.13,2.0,0.76,5.0,0.09,1.0,20.0,2021
0.0,2.1,2.1,1,1,4,3.1,28.0,1,1,16.0,0.08,0.11,0.11,0.08,0.0,0.04,0.04,0.15,1.0,0.58,1.0,0.04,1.0,29.0,2223
1.0,0.7,0.7,0,0,3,1.1,17.0,0,0,5.0,0.04,0.06,0.06,0.04,1.0,0.0,0.0,0.16,1.0,0.27,2.0,0.0,0.0,7.0,2324
0.0,0.6,0.6,0,0,3,0.6,13.0,0,0,10.0,0.03,0.03,0.03,0.03,2.0,0.0,0.0,0.15,3.0,0.51,0.0,0.0,1.0,1.0,2122
0.0,8.9,7.3,12,12,29,8.9,95.0,10,12,60.0,0.37,0.44,0.37,0.31,0.0,0.5,0.5,1.22,14.0,2.51,5.0,0.42,15.0,192.0,2122
10.0,7.5,7.5,7,7,21,9.9,104.0,7,10,43.0,0.36,0.48,0.48,0.36,1.0,0.49,0.34,1.02,7.0,2.09,6.0,0.49,25.0,193.0,2223
17.0,9.0,7.4,10,10,22,10.1,107.0,8,11,59.0,0.38,0.49,0.43,0.31,3.0,0.46,0.42,0.93,6.0,2.48,6.0,0.38,13.0,181.0,2324
4.0,0.9,0.9,1,1,6,1.6,27.0,1,1,13.0,0.09,0.16,0.16,0.09,4.0,0.1,0.1,0.59,0.0,1.29,2.0,0.1,13.0,70.0,1920
4.0,3.9,3.9,4,4,13,6.9,56.0,4,8,44.0,0.2,0.35,0.35,0.2,4.0,0.41,0.2,0.66,3.0,2.24,6.0,0.41,15.0,101.0,2021
9.0,3.5,3.5,4,4,20,5.9,82.0,4,8,45.0,0.17,0.28,0.28,0.17,3.0,0.38,0.19,0.96,4.0,2.16,2.0,0.38,32.0,163.0,2122
5.0,6.5,6.5,9,9,24,9.4,109.0,9,12,59.0,0.24,0.35,0.35,0.24,3.0,0.45,0.34,0.9,4.0,2.21,6.0,0.45,37.0,181.0,2223
4.0,3.6,3.6,5,5,11,6.5,66.0,5,8,29.0,0.26,0.47,0.47,0.26,1.0,0.58,0.36,0.79,1.0,2.09,4.0,0.58,25.0,125.0,2324
0.0,4.1,2.5,4,4,11,3.4,49.0,3,5,26.0,0.32,0.39,0.26,0.19,0.0,0.39,0.31,0.85,1.0,2.01,3.0,0.31,22.0,111.0,2425
1.0,0.6,0.5,2,2,4,1.5,28.0,2,2,14.0,0.03,0.07,0.07,0.02,1.0,0.09,0.09,0.18,2.0,0.62,1.0,0.09,5.0,137.0,1920
1.0,0.2,0.2,1,1,2,0.7,12.0,1,2,6.0,0.02,0.05,0.05,0.02,3.0,0.15,0.07,0.15,0.0,0.44,1.0,0.15,4.0,62.0,2021
0.0,0.5,0.5,1,1,4,1.9,23.0,1,4,18.0,0.02,0.07,0.07,0.02,0.0,0.15,0.04,0.15,0.0,0.69,3.0,0.15,8.0,118.0,2122
1.0,11.9,9.5,10,10,25,11.7,124.0,7,13,59.0,0.73,0.86,0.72,0.58,0.0,0.79,0.61,1.53,17.0,3.61,4.0,0.61,52.0,172.0,2122
1.0,2.7,1.9,2,2,4,2.3,23.0,1,2,11.0,0.5,0.58,0.43,0.36,0.0,0.38,0.38,0.75,3.0,2.07,1.0,0.19,8.0,35.0,2223
2.0,2.6,2.6,1,1,9,3.7,32.0,1,1,25.0,0.4,0.57,0.57,0.4,0.0,0.15,0.15,1.36,3.0,3.78,5.0,0.15,11.0,44.0,2324
2.0,3.6,3.6,2,2,14,5.3,81.0,2,2,30.0,0.24,0.35,0.35,0.24,0.0,0.13,0.13,0.94,14.0,2.02,2.0,0.13,38.0,185.0,2425
0.0,1.8,1.8,3,3,7,3.0,18.0,3,5,20.0,0.12,0.19,0.19,0.12,0.0,0.32,0.19,0.45,1.0,1.28,2.0,0.32,4.0,62.0,2324
0.0,0.8,0.8,0,0,6,2.7,15.0,0,0,20.0,0.04,0.12,0.12,0.04,0.0,0.0,0.0,0.26,0.0,0.87,1.0,0.0,5.0,40.0,1819
0.0,0.2,0.2,0,0,3,0.7,2.0,0,0,6.0,0.03,0.12,0.12,0.03,0.0,0.0,0.0,0.5,0.0,1.01,1.0,0.0,1.0,15.0,1920
0.0,0.6,0.6,0,0,2,1.8,14.0,0,0,11.0,0.05,0.16,0.16,0.05,0.0,0.0,0.0,0.17,2.0,0.96,3.0,0.0,2.0,22.0,2021
5.0,1.5,1.5,1,1,8,5.0,24.0,1,7,17.0,0.07,0.24,0.24,0.07,1.0,0.34,0.05,0.39,1.0,0.82,2.0,0.34,8.0,51.0,2122
2.0,1.6,1.6,5,5,10,3.4,38.0,5,6,28.0,0.07,0.16,0.16,0.07,4.0,0.28,0.23,0.46,2.0,1.29,3.0,0.28,15.0,77.0,2223
0.0,1.5,1.5,2,2,5,3.9,28.0,2,6,22.0,0.14,0.35,0.35,0.14,0.0,0.54,0.18,0.45,0.0,1.97,6.0,0.54,6.0,66.0,2324
0.0,0.1,0.1,0,0,1,0.9,17.0,0,1,4.0,0.01,0.05,0.05,0.01,1.0,0.05,0.0,0.05,0.0,0.2,0.0,0.05,12.0,53.0,1819
0.0,0.1,0.1,0,0,2,1.3,12.0,0,1,5.0,0.01,0.13,0.13,0.01,2.0,0.1,0.0,0.19,0.0,0.48,0.0,0.1,8.0,37.0,1920
1.0,1.3,1.3,3,3,5,3.0,13.0,3,6,8.0,0.1,0.23,0.23,0.1,0.0,0.46,0.23,0.38,1.0,0.61,1.0,0.46,2.0,48.0,1920
0.0,0.1,0.1,1,1,1,1.2,7.0,1,1,3.0,0.01,0.09,0.09,0.01,0.0,0.08,0.08,0.08,0.0,0.23,0.0,0.08,1.0,13.0,2021
0.0,1.0,0.3,2,2,5,2.0,8.0,1,5,11.0,0.05,0.13,0.09,0.01,0.0,0.23,0.09,0.23,0.0,0.5,0.0,0.18,2.0,27.0,2324
4.0,1.5,1.5,2,2,6,2.1,21.0,2,3,21.0,0.05,0.08,0.08,0.05,0.0,0.11,0.07,0.22,1.0,0.78,1.0,0.11,1.0,17.0,2122
0.0,1.9,1.9,2,2,5,2.7,28.0,2,2,22.0,0.07,0.11,0.11,0.07,0.0,0.08,0.08,0.2,0.0,0.86,2.0,0.08,3.0,24.0,2324
0.0,3.7,3.7,3,3,11,5.0,50.0,3,5,36.0,0.11,0.15,0.15,0.11,2.0,0.15,0.09,0.33,2.0,1.09,1.0,0.15,1.0,80.0,1819
2.0,1.3,1.3,0,0,3,2.3,24.0,0,2,17.0,0.06,0.11,0.11,0.06,0.0,0.09,0.0,0.14,1.0,0.81,1.0,0.09,0.0,50.0,1920
1.0,0.4,0.4,1,1,1,0.8,3.0,1,1,1.0,0.03,0.05,0.05,0.03,1.0,0.06,0.06,0.06,2.0,0.06,0.0,0.06,1.0,11.0,1819
1.0,5.2,5.2,8,8,14,8.1,60.0,8,10,25.0,0.28,0.44,0.44,0.28,1.0,0.54,0.43,0.75,7.0,1.35,2.0,0.54,3.0,116.0,1920
1.0,2.4,2.4,1,1,3,3.6,31.0,1,2,21.0,0.19,0.28,0.28,0.19,1.0,0.16,0.08,0.24,0.0,1.66,1.0,0.16,1.0,39.0,2021
6.0,13.8,12.2,12,12,28,15.5,106.0,10,14,63.0,0.52,0.64,0.58,0.46,0.0,0.53,0.45,1.06,22.0,2.37,9.0,0.45,13.0,142.0,1819
3.0,6.2,5.4,6,6,11,5.7,50.0,5,6,39.0,0.41,0.43,0.38,0.36,0.0,0.4,0.4,0.73,13.0,2.6,2.0,0.33,5.0,61.0,1920
1.0,4.1,3.3,3,3,12,4.1,66.0,2,3,37.0,0.27,0.33,0.27,0.22,0.0,0.2,0.2,0.81,17.0,2.5,6.0,0.14,4.0,79.0,2021
2.0,1.9,1.9,2,2,7,6.7,22.0,2,9,22.0,0.06,0.21,0.21,0.06,6.0,0.29,0.06,0.22,1.0,0.7,3.0,0.29,5.0,40.0,1819
0.0,0.5,0.5,2,2,3,3.6,20.0,2,4,12.0,0.02,0.13,0.13,0.02,0.0,0.14,0.07,0.11,4.0,0.42,2.0,0.14,10.0,124.0,1819
1.0,0.9,0.9,4,4,9,4.2,39.0,4,8,15.0,0.07,0.32,0.32,0.07,4.0,0.61,0.3,0.68,4.0,1.14,3.0,0.61,12.0,89.0,1920
0.0,1.3,1.2,1,1,5,3.4,27.0,1,5,15.0,0.08,0.22,0.22,0.07,2.0,0.32,0.06,0.32,3.0,0.95,1.0,0.32,6.0,100.0,2021
1.0,0.4,0.4,0,0,3,1.4,14.0,0,2,10.0,0.03,0.1,0.1,0.03,0.0,0.14,0.0,0.22,1.0,0.72,1.0,0.14,7.0,57.0,2122
0.0,0.5,0.5,1,1,3,1.4,10.0,1,1,15.0,0.02,0.06,0.06,0.02,0.0,0.04,0.04,0.13,1.0,0.66,1.0,0.04,4.0,33.0,2223
1.0,0.6,0.6,0,0,2,2.1,20.0,0,0,13.0,0.02,0.08,0.08,0.02,3.0,0.0,0.0,0.08,1.0,0.51,4.0,0.0,5.0,61.0,2324
0.0,0.5,0.5,1,1,4,1.9,4.0,1,2,14.0,0.02,0.1,0.1,0.02,0.0,0.1,0.05,0.2,0.0,0.69,4.0,0.1,0.0,6.0,1819
2.0,4.3,4.3,4,4,14,6.6,71.0,4,6,38.0,0.24,0.37,0.37,0.24,0.0,0.34,0.23,0.79,7.0,2.15,4.0,0.34,12.0,107.0,2021
0.0,2.4,2.4,2,2,6,2.5,28.0,2,2,19.0,0.4,0.41,0.41,0.4,0.0,0.33,0.33,0.99,3.0,3.12,1.0,0.33,5.0,49.0,2122
1.0,1.7,1.7,2,2,6,2.7,31.0,2,3,12.0,0.3,0.47,0.47,0.3,1.0,0.53,0.35,1.05,3.0,2.11,0.0,0.53,6.0,29.0,2324
8.0,0.8,0.8,1,1,1,2.3,19.0,1,3,7.0,0.26,0.75,0.75,0.26,1.0,0.97,0.32,0.32,2.0,2.27,1.0,0.97,3.0,27.0,2425
0.0,0.2,0.2,0,0,2,0.4,0.0,0,0,7.0,0.02,0.04,0.04,0.02,0.0,0.0,0.0,0.2,1.0,0.71,1.0,0.0,1.0,8.0,1819
0.0,0.0,0.0,0,0,1,0.1,0.0,0,0,1.0,0.02,0.08,0.08,0.02,0.0,0.0,0.0,0.75,0.0,0.75,0.0,0.0,0.0,1.0,1920
0.0,0.1,0.1,0,0,2,0.4,6.0,0,0,4.0,0.01,0.03,0.03,0.01,0.0,0.0,0.0,0.16,0.0,0.31,1.0,0.0,1.0,9.0,2324
0.0,0.3,0.3,0,0,2,1.5,11.0,0,1,9.0,0.01,0.07,0.07,0.01,1.0,0.05,0.0,0.09,0.0,0.43,0.0,0.05,0.0,24.0,2122
2.0,1.0,1.0,0,0,2,3.6,15.0,0,4,19.0,0.04,0.13,0.12,0.03,4.0,0.14,0.0,0.07,0.0,0.65,2.0,0.14,0.0,31.0,2324
0.0,0.3,0.3,0,0,1,0.8,18.0,0,0,7.0,0.04,0.1,0.1,0.04,1.0,0.0,0.0,0.13,1.0,0.88,2.0,0.0,0.0,53.0,2122
0.0,0.3,0.3,0,0,1,0.4,6.0,0,0,7.0,0.04,0.05,0.05,0.04,1.0,0.0,0.0,0.13,1.0,0.89,0.0,0.0,1.0,7.0,1819
0.0,0.7,0.7,0,0,5,1.0,9.0,0,1,12.0,0.06,0.08,0.08,0.06,0.0,0.08,0.0,0.41,0.0,0.97,1.0,0.08,2.0,6.0,1920
0.0,2.0,2.0,3,3,10,4.8,48.0,3,5,55.0,0.06,0.15,0.15,0.06,4.0,0.15,0.09,0.31,2.0,1.69,7.0,0.15,6.0,39.0,2122
0.0,1.3,1.3,3,3,7,2.1,20.0,3,4,27.0,0.06,0.1,0.1,0.06,0.0,0.18,0.14,0.32,0.0,1.22,3.0,0.18,1.0,15.0,2324
1.0,0.6,0.6,3,3,4,3.9,47.0,3,5,9.0,0.04,0.26,0.26,0.04,1.0,0.34,0.2,0.27,1.0,0.61,0.0,0.34,17.0,118.0,2223
0.0,0.5,0.5,1,1,4,1.2,47.0,1,2,13.0,0.02,0.06,0.06,0.02,1.0,0.1,0.05,0.21,1.0,0.67,2.0,0.1,17.0,104.0,2324
1.0,2.4,2.4,3,3,6,2.8,22.0,3,3,18.0,0.11,0.13,0.13,0.11,0.0,0.13,0.13,0.27,0.0,0.81,1.0,0.13,1.0,4.0,2021
3.0,2.1,2.1,1,1,2,3.1,32.0,1,1,20.0,0.07,0.1,0.1,0.07,3.0,0.03,0.03,0.07,3.0,0.66,2.0,0.03,0.0,4.0,2122
2.0,3.8,3.0,3,3,9,4.2,51.0,3,6,28.0,0.1,0.13,0.11,0.08,0.0,0.16,0.08,0.24,0.0,0.76,2.0,0.16,5.0,17.0,2223
4.0,2.5,2.5,4,4,11,4.5,32.0,4,5,36.0,0.08,0.14,0.14,0.08,5.0,0.16,0.13,0.34,0.0,1.13,3.0,0.16,3.0,43.0,1819
0.0,2.6,2.6,4,4,7,6.0,29.0,4,9,31.0,0.1,0.24,0.24,0.1,0.0,0.36,0.16,0.28,2.0,1.24,2.0,0.36,2.0,35.0,1920
2.0,0.6,0.6,0,0,2,1.0,7.0,0,0,12.0,0.05,0.08,0.08,0.05,0.0,0.0,0.0,0.16,0.0,0.96,2.0,0.0,0.0,23.0,2021
0.0,0.8,0.8,2,2,2,1.4,11.0,2,2,8.0,0.04,0.07,0.07,0.04,0.0,0.09,0.09,0.09,1.0,0.37,0.0,0.09,2.0,8.0,2122
0.0,1.0,1.0,2,2,3,1.3,22.0,2,2,7.0,0.03,0.04,0.04,0.03,1.0,0.06,0.06,0.1,0.0,0.23,2.0,0.06,0.0,8.0,2324
0.0,1.9,1.9,2,2,6,5.0,28.0,2,5,19.0,0.17,0.47,0.47,0.17,0.0,0.46,0.18,0.55,1.0,1.75,0.0,0.46,10.0,76.0,2021
0.0,0.0,0.0,0,0,1,0.1,0.0,0,0,2.0,0.02,0.03,0.03,0.02,1.0,0.0,0.0,0.56,0.0,1.13,0.0,0.0,0.0,3.0,2122
1.0,0.5,0.5,0,0,2,1.4,16.0,0,1,11.0,0.08,0.21,0.21,0.08,0.0,0.15,0.0,0.31,0.0,1.7,2.0,0.15,4.0,28.0,2223
0.0,1.7,0.9,1,1,6,1.2,19.0,1,1,11.0,0.48,0.55,0.33,0.26,0.0,0.28,0.28,1.68,0.0,3.08,1.0,0.28,5.0,33.0,2324
1.0,3.0,3.0,3,3,7,3.8,31.0,3,6,26.0,0.09,0.11,0.11,0.09,0.0,0.18,0.09,0.21,2.0,0.77,2.0,0.18,1.0,9.0,1819
0.0,0.5,0.5,1,1,2,0.7,8.0,1,1,4.0,0.04,0.05,0.05,0.04,0.0,0.08,0.08,0.16,0.0,0.33,1.0,0.08,0.0,3.0,1920
4.0,0.8,0.8,0,0,1,1.1,12.0,0,0,6.0,0.05,0.07,0.07,0.05,0.0,0.0,0.0,0.07,2.0,0.4,0.0,0.0,0.0,1.0,2021
0.0,0.5,0.5,0,0,1,0.7,13.0,0,0,10.0,0.04,0.06,0.06,0.04,0.0,0.0,0.0,0.09,1.0,0.91,1.0,0.0,0.0,11.0,2223
8.0,7.5,7.5,12,12,27,11.1,124.0,12,14,55.0,0.23,0.34,0.34,0.23,4.0,0.43,0.37,0.83,9.0,1.7,7.0,0.43,22.0,159.0,1819
2.0,6.5,5.7,8,8,21,9.7,115.0,7,12,46.0,0.29,0.47,0.44,0.26,1.0,0.54,0.36,0.94,6.0,2.07,2.0,0.49,28.0,159.0,1920
2.0,3.3,3.3,2,2,13,4.6,56.0,2,3,31.0,0.23,0.31,0.31,0.23,3.0,0.2,0.14,0.88,7.0,2.1,7.0,0.2,11.0,114.0,2021
0.0,1.6,1.6,2,2,6,3.2,18.0,2,5,11.0,0.32,0.64,0.64,0.32,1.0,1.01,0.4,1.21,0.0,2.22,1.0,1.01,5.0,30.0,2122
3.0,1.1,1.1,0,0,2,2.6,17.0,0,1,8.0,0.27,0.62,0.62,0.27,1.0,0.24,0.0,0.47,0.0,1.88,0.0,0.24,6.0,43.0,2223
9.0,4.6,4.6,3,3,14,6.6,75.0,3,4,34.0,0.3,0.43,0.43,0.3,1.0,0.26,0.19,0.91,2.0,2.21,3.0,0.26,19.0,102.0,2223
19.0,7.4,7.4,9,9,26,11.3,156.0,9,10,68.0,0.29,0.44,0.44,0.29,2.0,0.39,0.35,1.02,11.0,2.67,12.0,0.39,41.0,175.0,2324
1.0,0.4,0.4,0,0,4,1.7,2.0,0,0,11.0,0.02,0.06,0.06,0.02,0.0,0.0,0.0,0.14,0.0,0.4,2.0,0.0,0.0,18.0,2223
1.0,0.3,0.3,0,0,1,0.7,8.0,0,1,6.0,0.04,0.08,0.08,0.04,3.0,0.11,0.0,0.11,0.0,0.68,0.0,0.11,0.0,12.0,2324
1.0,1.8,1.8,0,0,6,3.4,42.0,0,0,23.0,0.14,0.27,0.27,0.14,0.0,0.0,0.0,0.48,1.0,1.83,3.0,0.0,17.0,77.0,2223
2.0,0.7,0.7,1,1,2,0.9,3.0,1,1,3.0,0.5,0.65,0.65,0.5,0.0,0.74,0.74,1.49,0.0,2.23,1.0,0.74,1.0,8.0,2223
0.0,0.6,0.6,1,1,3,2.2,24.0,1,2,6.0,0.02,0.06,0.06,0.02,0.0,0.06,0.03,0.09,1.0,0.18,0.0,0.06,3.0,17.0,1819
1.0,2.1,2.1,3,3,7,2.8,21.0,3,4,8.0,0.08,0.11,0.11,0.08,0.0,0.15,0.11,0.26,2.0,0.3,1.0,0.15,0.0,3.0,2021
1.0,0.1,0.1,0,0,2,0.4,6.0,0,0,2.0,0.01,0.03,0.03,0.01,0.0,0.0,0.0,0.12,4.0,0.12,0.0,0.0,0.0,9.0,2223
0.0,1.4,1.4,1,1,5,2.3,15.0,1,1,15.0,0.28,0.46,0.46,0.28,0.0,0.2,0.2,1.02,0.0,3.05,0.0,0.2,5.0,27.0,2324
3.0,0.2,0.2,0,0,1,0.7,10.0,0,0,4.0,0.12,0.37,0.37,0.12,3.0,0.0,0.0,0.56,1.0,2.24,0.0,0.0,1.0,24.0,2324
5.0,1.7,1.7,3,3,6,2.4,39.0,3,3,19.0,0.06,0.08,0.08,0.06,2.0,0.1,0.1,0.2,0.0,0.64,3.0,0.1,7.0,67.0,2223
4.0,2.0,2.0,5,5,7,3.5,31.0,5,7,16.0,0.11,0.19,0.19,0.11,1.0,0.37,0.27,0.37,2.0,0.85,1.0,0.37,2.0,16.0,2324
2.0,1.3,1.3,1,1,2,1.8,18.0,1,2,11.0,0.04,0.05,0.05,0.04,0.0,0.06,0.03,0.06,2.0,0.34,0.0,0.06,3.0,68.0,1819
3.0,7.8,7.1,7,7,18,9.0,68.0,6,8,36.0,0.72,0.9,0.83,0.65,0.0,0.74,0.65,1.66,4.0,3.32,4.0,0.65,17.0,82.0,2122
1.0,4.9,4.1,3,3,7,4.7,36.0,2,3,21.0,0.59,0.67,0.57,0.5,0.0,0.36,0.36,0.84,5.0,2.53,3.0,0.24,4.0,48.0,2223
4.0,1.5,1.5,1,1,5,1.6,15.0,1,1,11.0,0.71,0.76,0.76,0.71,1.0,0.46,0.46,2.32,1.0,5.1,0.0,0.46,2.0,23.0,2223
3.0,3.2,3.2,4,4,7,4.8,31.0,4,5,17.0,0.53,0.79,0.79,0.53,0.0,0.82,0.66,1.15,6.0,2.79,3.0,0.82,3.0,44.0,2324
1.0,1.4,1.4,1,1,5,1.9,12.0,1,1,24.0,0.04,0.05,0.05,0.04,1.0,0.03,0.03,0.14,1.0,0.67,3.0,0.03,0.0,20.0,1819
2.0,2.2,2.2,1,1,8,3.7,36.0,1,3,29.0,0.09,0.15,0.15,0.09,1.0,0.12,0.04,0.33,1.0,1.18,4.0,0.12,9.0,58.0,2021
0.0,1.9,1.9,2,2,7,2.7,33.0,2,3,34.0,0.07,0.1,0.1,0.07,0.0,0.11,0.07,0.25,0.0,1.22,2.0,0.11,1.0,37.0,2122
0.0,1.1,1.1,2,2,8,1.8,16.0,2,2,19.0,0.06,0.09,0.09,0.06,1.0,0.1,0.1,0.4,1.0,0.94,2.0,0.1,1.0,21.0,2223
0.0,1.9,1.9,0,0,9,2.5,18.0,0,1,28.0,0.09,0.12,0.12,0.09,0.0,0.05,0.0,0.42,1.0,1.31,3.0,0.05,0.0,36.0,2324
0.0,0.9,0.9,0,0,3,1.9,14.0,0,0,16.0,0.09,0.18,0.18,0.09,1.0,0.0,0.0,0.29,0.0,1.55,3.0,0.0,0.0,11.0,2425
0.0,0.3,0.3,0,0,2,1.0,13.0,0,2,9.0,0.01,0.04,0.04,0.01,0.0,0.08,0.0,0.08,0.0,0.37,0.0,0.08,1.0,97.0,1819
1.0,0.4,0.4,0,0,1,0.9,15.0,0,0,16.0,0.01,0.03,0.03,0.01,0.0,0.0,0.0,0.04,1.0,0.6,0.0,0.0,8.0,71.0,1920
0.0,0.2,0.2,1,1,1,0.8,15.0,1,1,3.0,0.01,0.03,0.03,0.01,3.0,0.03,0.03,0.03,0.0,0.1,1.0,0.03,7.0,81.0,2021
0.0,0.8,0.8,0,0,2,0.9,14.0,0,0,11.0,0.04,0.05,0.05,0.04,0.0,0.0,0.0,0.1,0.0,0.57,0.0,0.0,1.0,2.0,1819
0.0,1.6,1.6,1,1,3,2.7,25.0,1,1,11.0,0.18,0.29,0.29,0.18,0.0,0.11,0.11,0.33,4.0,1.21,0.0,0.11,8.0,85.0,1819
0.0,0.3,0.3,0,0,3,3.2,26.0,0,5,9.0,0.01,0.1,0.1,0.01,2.0,0.15,0.0,0.09,4.0,0.27,0.0,0.15,11.0,95.0,1920
1.0,0.7,0.7,1,1,3,0.7,11.0,1,1,11.0,0.05,0.06,0.06,0.05,0.0,0.08,0.08,0.24,1.0,0.87,0.0,0.08,1.0,8.0,1819
0.0,0.4,0.4,1,1,2,0.4,7.0,1,1,7.0,0.05,0.05,0.05,0.05,0.0,0.12,0.12,0.24,0.0,0.82,0.0,0.12,4.0,11.0,1920
0.0,0.8,0.8,1,1,6,1.5,12.0,1,2,14.0,0.03,0.05,0.05,0.03,0.0,0.07,0.04,0.22,1.0,0.52,1.0,0.07,1.0,23.0,2122
1.0,2.2,2.2,1,1,12,5.6,20.0,1,2,59.0,0.15,0.38,0.38,0.15,2.0,0.14,0.07,0.83,8.0,4.08,6.0,0.14,9.0,105.0,1819
0.0,1.7,1.7,1,1,8,3.4,21.0,1,3,50.0,0.17,0.36,0.36,0.17,0.0,0.31,0.1,0.83,6.0,5.19,5.0,0.31,10.0,80.0,2122
0.0,0.2,0.2,0,0,1,0.5,13.0,0,0,5.0,0.07,0.16,0.16,0.07,0.0,0.0,0.0,0.33,2.0,1.67,1.0,0.0,3.0,35.0,2324
2.0,0.9,0.9,3,3,6,1.7,24.0,3,4,13.0,0.15,0.28,0.28,0.15,2.0,0.66,0.5,1.0,2.0,2.16,1.0,0.66,4.0,46.0,2122
0.0,1.4,1.4,2,2,4,3.7,36.0,2,4,16.0,0.09,0.23,0.23,0.09,1.0,0.26,0.13,0.26,3.0,1.02,1.0,0.26,8.0,131.0,2223
1.0,1.2,1.2,0,0,4,3.4,28.0,0,1,12.0,0.14,0.41,0.41,0.14,0.0,0.12,0.0,0.48,4.0,1.43,1.0,0.12,5.0,59.0,2324
0.0,0.5,0.5,0,0,1,2.6,29.0,0,0,14.0,0.03,0.13,0.13,0.03,0.0,0.0,0.0,0.05,0.0,0.68,3.0,0.0,2.0,117.0,1819
0.0,0.2,0.2,0,0,1,1.1,18.0,0,0,7.0,0.01,0.07,0.07,0.01,1.0,0.0,0.0,0.06,1.0,0.44,1.0,0.0,2.0,54.0,1920
2.0,2.3,2.3,1,1,7,2.9,31.0,1,2,18.0,0.08,0.1,0.1,0.08,2.0,0.07,0.04,0.25,5.0,0.64,1.0,0.07,0.0,60.0,2122
1.0,1.0,1.0,2,2,5,3.5,29.0,2,4,14.0,0.04,0.14,0.14,0.04,0.0,0.16,0.08,0.2,1.0,0.55,3.0,0.16,4.0,69.0,2223
0.0,2.3,2.3,1,1,2,2.7,23.0,1,1,12.0,0.19,0.23,0.23,0.19,0.0,0.08,0.08,0.17,0.0,0.99,0.0,0.08,1.0,20.0,2324
0.0,1.0,1.0,0,0,2,1.8,16.0,0,2,14.0,0.03,0.06,0.06,0.03,0.0,0.07,0.0,0.07,4.0,0.47,2.0,0.07,2.0,10.0,2021
0.0,1.7,1.7,0,0,3,2.0,19.0,0,0,15.0,0.14,0.16,0.16,0.14,0.0,0.0,0.0,0.24,2.0,1.21,5.0,0.0,0.0,26.0,2324
1.0,0.4,0.4,1,1,1,0.8,2.0,1,1,3.0,0.07,0.14,0.14,0.07,0.0,0.17,0.17,0.17,0.0,0.52,0.0,0.17,0.0,24.0,2021
0.0,0.2,0.2,1,1,1,0.7,9.0,1,1,5.0,0.01,0.05,0.05,0.01,0.0,0.06,0.06,0.06,0.0,0.32,0.0,0.06,1.0,67.0,2122
0.0,0.1,0.1,0,0,1,0.3,2.0,0,0,2.0,0.01,0.03,0.03,0.01,0.0,0.0,0.0,0.1,1.0,0.21,0.0,0.0,1.0,22.0,2223
1.0,0.2,0.2,0,0,2,0.2,4.0,0,0,6.0,0.03,0.03,0.03,0.03,2.0,0.0,0.0,0.33,1.0,0.99,0.0,0.0,1.0,33.0,2324
0.0,1.5,1.5,2,2,2,1.8,25.0,2,2,10.0,0.1,0.13,0.13,0.1,0.0,0.14,0.14,0.14,1.0,0.71,2.0,0.14,1.0,9.0,2324
0.0,1.1,1.1,1,1,4,3.2,28.0,1,1,9.0,0.06,0.18,0.18,0.06,2.0,0.06,0.06,0.22,4.0,0.5,0.0,0.06,5.0,100.0,2021
4.0,1.3,1.3,2,2,2,4.5,48.0,2,7,10.0,0.04,0.13,0.13,0.04,4.0,0.21,0.06,0.06,1.0,0.29,0.0,0.21,3.0,124.0,2223
0.0,1.2,1.2,4,4,6,5.0,64.0,4,8,13.0,0.03,0.15,0.15,0.03,2.0,0.24,0.12,0.18,11.0,0.39,2.0,0.24,9.0,162.0,2324
2.0,4.3,4.3,4,4,16,6.3,63.0,4,7,34.0,0.24,0.35,0.35,0.24,0.0,0.39,0.22,0.9,17.0,1.91,3.0,0.39,15.0,89.0,1920
0.0,0.4,0.4,1,1,3,0.9,10.0,1,2,10.0,0.09,0.22,0.22,0.09,0.0,0.47,0.23,0.7,2.0,2.34,1.0,0.47,5.0,46.0,2324
2.0,3.0,3.0,3,3,9,3.9,46.0,3,4,28.0,0.11,0.14,0.14,0.11,1.0,0.14,0.11,0.32,5.0,1.01,1.0,0.14,3.0,86.0,1819
0.0,0.9,0.9,2,2,3,1.8,21.0,2,3,14.0,0.04,0.08,0.08,0.04,1.0,0.13,0.09,0.13,0.0,0.61,2.0,0.13,3.0,47.0,1920
4.0,1.6,1.6,1,1,4,3.4,35.0,1,2,24.0,0.05,0.11,0.11,0.05,0.0,0.06,0.03,0.12,1.0,0.74,3.0,0.06,0.0,46.0,2223
0.0,2.6,2.6,4,4,9,3.9,32.0,4,4,23.0,0.09,0.14,0.14,0.09,3.0,0.14,0.14,0.32,1.0,0.81,0.0,0.14,1.0,37.0,2324
2.0,6.5,4.2,6,6,14,6.6,36.0,4,11,44.0,0.24,0.33,0.24,0.16,2.0,0.41,0.22,0.52,3.0,1.63,3.0,0.33,5.0,167.0,1819
6.0,2.5,2.5,2,2,10,4.9,14.0,2,4,42.0,0.12,0.23,0.23,0.12,5.0,0.19,0.09,0.47,2.0,1.99,3.0,0.19,0.0,58.0,1920
11.0,4.3,4.3,6,6,24,9.9,55.0,6,11,64.0,0.15,0.35,0.35,0.15,12.0,0.39,0.21,0.85,3.0,2.26,6.0,0.39,6.0,164.0,2021
1.0,9.9,4.4,9,9,10,11.1,66.0,2,15,44.0,0.37,0.62,0.41,0.16,0.0,0.56,0.33,0.37,2.0,1.63,7.0,0.3,4.0,139.0,2324
0.0,1.6,1.6,1,1,8,2.6,25.0,1,3,19.0,0.22,0.35,0.35,0.22,0.0,0.4,0.13,1.07,2.0,2.55,2.0,0.4,1.0,45.0,1819
0.0,0.7,0.7,0,0,1,1.4,12.0,0,0,10.0,0.08,0.14,0.14,0.08,1.0,0.0,0.0,0.1,0.0,1.01,1.0,0.0,1.0,49.0,1920
3.0,0.2,0.2,0,0,2,0.8,11.0,0,1,5.0,0.03,0.14,0.14,0.03,3.0,0.17,0.0,0.33,0.0,0.83,0.0,0.17,1.0,32.0,2021
2.0,1.3,1.3,3,3,6,3.8,38.0,3,6,15.0,0.11,0.3,0.3,0.11,2.0,0.47,0.24,0.47,1.0,1.18,1.0,0.47,4.0,87.0,2122
1.0,1.2,1.2,2,2,4,3.0,49.0,2,4,31.0,0.05,0.12,0.12,0.05,5.0,0.16,0.08,0.16,3.0,1.28,6.0,0.16,8.0,149.0,2223
0.0,2.5,2.5,1,1,9,6.9,68.0,1,6,35.0,0.09,0.25,0.25,0.09,2.0,0.21,0.04,0.32,2.0,1.25,5.0,0.21,7.0,161.0,2324
1.0,0.7,0.7,0,0,4,0.7,11.0,0,0,9.0,0.08,0.08,0.08,0.08,4.0,0.0,0.0,0.44,0.0,1.0,1.0,0.0,1.0,1.0,1819
0.0,3.5,3.5,2,2,12,4.0,55.0,2,2,45.0,0.22,0.25,0.25,0.22,0.0,0.13,0.13,0.75,7.0,2.82,5.0,0.13,1.0,87.0,1819
2.0,0.4,0.4,0,0,1,1.8,10.0,0,2,10.0,0.02,0.11,0.11,0.02,1.0,0.12,0.0,0.06,1.0,0.6,2.0,0.12,5.0,176.0,1920
0.0,0.3,0.3,2,2,2,0.6,15.0,2,3,6.0,0.03,0.06,0.06,0.03,0.0,0.28,0.19,0.19,1.0,0.57,1.0,0.28,3.0,74.0,2021
0.0,2.0,2.0,4,4,7,5.3,41.0,4,8,23.0,0.06,0.17,0.17,0.06,0.0,0.26,0.13,0.23,2.0,0.74,3.0,0.26,5.0,145.0,1920
0.0,0.4,0.4,0,0,3,1.7,29.0,0,0,11.0,0.02,0.08,0.08,0.02,1.0,0.0,0.0,0.14,0.0,0.51,0.0,0.0,1.0,167.0,2021
4.0,0.7,0.7,0,0,3,2.3,29.0,0,1,18.0,0.03,0.1,0.1,0.03,1.0,0.04,0.0,0.13,2.0,0.78,4.0,0.04,2.0,91.0,2122
0.0,2.5,2.5,4,4,12,5.0,47.0,4,5,34.0,0.09,0.18,0.18,0.09,2.0,0.19,0.15,0.44,5.0,1.26,4.0,0.19,2.0,65.0,2223
0.0,0.7,0.7,0,0,5,2.1,31.0,0,2,15.0,0.04,0.11,0.11,0.04,1.0,0.11,0.0,0.27,2.0,0.81,1.0,0.11,1.0,47.0,2324
0.0,0.1,0.1,0,0,1,0.5,0.0,0,2,3.0,0.0,0.03,0.03,0.0,0.0,0.1,0.0,0.05,1.0,0.15,0.0,0.1,1.0,12.0,1819
0.0,0.1,0.1,0,0,1,0.5,3.0,0,2,2.0,0.0,0.02,0.02,0.0,1.0,0.09,0.0,0.05,2.0,0.09,0.0,0.09,1.0,9.0,2021
1.0,0.5,0.5,0,0,3,4.3,23.0,0,5,12.0,0.02,0.16,0.16,0.02,0.0,0.19,0.0,0.11,1.0,0.45,2.0,0.19,5.0,126.0,2122
0.0,0.4,0.4,1,1,2,2.9,22.0,1,1,10.0,0.02,0.11,0.11,0.02,1.0,0.04,0.04,0.07,0.0,0.37,0.0,0.04,3.0,126.0,2223
1.0,2.3,2.3,2,2,4,3.5,32.0,2,3,24.0,0.07,0.11,0.11,0.07,0.0,0.09,0.06,0.13,2.0,0.75,3.0,0.09,0.0,6.0,2021
1.0,1.6,1.6,1,1,4,2.0,19.0,1,1,14.0,0.08,0.1,0.1,0.08,0.0,0.05,0.05,0.2,2.0,0.69,3.0,0.05,0.0,5.0,2122
0.0,0.6,0.6,2,2,3,1.0,7.0,2,2,5.0,0.07,0.11,0.11,0.07,1.0,0.21,0.21,0.32,0.0,0.54,2.0,0.21,1.0,0.0,2223
0.0,0.3,0.3,0,0,1,1.8,11.0,0,1,6.0,0.02,0.12,0.12,0.02,0.0,0.07,0.0,0.07,1.0,0.4,2.0,0.07,1.0,3.0,2324
2.0,1.0,1.0,1,1,3,3.0,17.0,1,3,10.0,0.05,0.15,0.15,0.05,1.0,0.15,0.05,0.15,0.0,0.5,2.0,0.15,1.0,2.0,1819
0.0,2.0,2.0,2,2,5,3.2,39.0,2,3,21.0,0.07,0.1,0.1,0.07,3.0,0.1,0.06,0.16,0.0,0.68,3.0,0.1,0.0,36.0,1920
1.0,1.7,1.7,0,0,1,4.1,49.0,0,3,20.0,0.06,0.14,0.14,0.06,1.0,0.1,0.0,0.03,1.0,0.69,5.0,0.1,5.0,51.0,2021
0.0,1.9,1.9,1,1,3,3.5,24.0,1,2,18.0,0.07,0.14,0.14,0.07,1.0,0.08,0.04,0.12,1.0,0.72,5.0,0.08,0.0,31.0,2122
1.0,1.8,1.8,3,3,5,4.1,44.0,3,5,12.0,0.13,0.29,0.29,0.13,0.0,0.35,0.21,0.35,0.0,0.84,2.0,0.35,15.0,106.0,1920
0.0,0.5,0.5,0,0,2,1.6,13.0,0,0,7.0,0.06,0.21,0.21,0.06,0.0,0.0,0.0,0.27,4.0,0.93,0.0,0.0,1.0,41.0,1920
0.0,1.2,1.2,1,1,5,1.2,17.0,1,2,11.0,0.09,0.09,0.09,0.09,0.0,0.15,0.07,0.37,0.0,0.81,3.0,0.15,1.0,3.0,2223
6.0,7.4,7.4,7,7,22,15.2,169.0,7,14,62.0,0.23,0.48,0.48,0.23,7.0,0.44,0.22,0.69,2.0,1.96,6.0,0.44,48.0,277.0,1819
2.0,6.0,6.0,6,6,15,10.9,142.0,6,13,52.0,0.26,0.48,0.48,0.26,6.0,0.58,0.27,0.67,2.0,2.31,11.0,0.58,48.0,259.0,1920
8.0,2.8,2.8,2,2,13,6.5,83.0,2,8,28.0,0.12,0.29,0.29,0.12,4.0,0.35,0.09,0.57,2.0,1.22,4.0,0.35,28.0,173.0,2021
4.0,6.7,6.7,8,8,19,13.2,179.0,8,12,47.0,0.21,0.42,0.42,0.21,5.0,0.38,0.25,0.6,9.0,1.48,9.0,0.38,34.0,277.0,2122
6.0,2.2,2.2,4,4,9,5.4,92.0,4,9,25.0,0.09,0.22,0.22,0.09,9.0,0.37,0.16,0.37,2.0,1.02,1.0,0.37,29.0,188.0,2223
4.0,3.7,3.7,6,6,15,11.3,146.0,6,15,34.0,0.13,0.4,0.4,0.13,4.0,0.52,0.21,0.52,3.0,1.19,1.0,0.52,37.0,260.0,2324
7.0,8.9,8.9,13,13,30,11.6,112.0,13,17,80.0,0.35,0.46,0.46,0.35,2.0,0.67,0.51,1.18,8.0,3.15,14.0,0.67,43.0,270.0,1718
1.0,6.0,6.0,7,7,28,8.6,118.0,7,9,66.0,0.25,0.36,0.36,0.25,3.0,0.38,0.3,1.19,18.0,2.81,4.0,0.38,47.0,288.0,1819
7.0,3.7,3.7,1,1,11,6.9,62.0,1,4,36.0,0.26,0.49,0.49,0.26,6.0,0.29,0.07,0.79,3.0,2.59,2.0,0.29,18.0,132.0,1920
2.0,0.3,0.3,0,0,1,0.3,14.0,0,0,8.0,0.13,0.13,0.13,0.13,0.0,0.0,0.0,0.41,2.0,3.27,1.0,0.0,6.0,13.0,2122
0.0,0.7,0.7,2,2,3,0.8,13.0,2,2,9.0,0.28,0.3,0.3,0.28,0.0,0.77,0.77,1.16,3.0,3.48,0.0,0.77,5.0,28.0,2223
1.0,1.4,1.4,0,0,4,2.1,21.0,0,1,10.0,0.27,0.4,0.4,0.27,0.0,0.19,0.0,0.77,4.0,1.92,2.0,0.19,2.0,29.0,2324
10.0,12.7,12.7,11,11,26,14.5,111.0,11,11,64.0,0.53,0.6,0.6,0.53,1.0,0.46,0.46,1.08,13.0,2.65,9.0,0.46,16.0,119.0,2122
3.0,10.9,10.1,10,10,20,12.6,130.0,9,11,60.0,0.46,0.57,0.53,0.43,0.0,0.47,0.42,0.85,9.0,2.54,5.0,0.42,14.0,121.0,2223
0.0,0.5,0.5,1,1,3,3.1,6.0,1,3,15.0,0.02,0.14,0.14,0.02,0.0,0.13,0.04,0.13,0.0,0.66,3.0,0.13,2.0,22.0,1819
0.0,1.2,1.2,0,0,10,1.8,11.0,0,1,23.0,0.06,0.09,0.09,0.06,0.0,0.05,0.0,0.53,0.0,1.23,3.0,0.05,2.0,31.0,2324
0.0,1.0,1.0,3,3,6,2.8,27.0,3,5,20.0,0.12,0.31,0.31,0.12,0.0,0.56,0.34,0.68,6.0,2.25,0.0,0.56,9.0,100.0,2223
0.0,0.1,0.1,0,0,2,0.4,13.0,0,0,4.0,0.04,0.15,0.15,0.04,0.0,0.0,0.0,0.81,2.0,1.63,2.0,0.0,5.0,39.0,2324
0.0,0.9,0.9,0,0,3,2.3,5.0,0,1,18.0,0.04,0.11,0.11,0.04,1.0,0.05,0.0,0.15,1.0,0.87,2.0,0.05,0.0,17.0,2122
0.0,0.5,0.5,0,0,1,0.8,4.0,0,1,6.0,0.09,0.13,0.13,0.09,1.0,0.18,0.0,0.18,0.0,1.07,0.0,0.18,1.0,4.0,2223
0.0,1.0,1.0,0,0,5,3.0,12.0,0,1,25.0,0.04,0.13,0.13,0.04,0.0,0.04,0.0,0.21,0.0,1.06,2.0,0.04,0.0,33.0,2324
0.0,0.2,0.2,0,0,1,2.2,16.0,0,4,3.0,0.01,0.11,0.11,0.01,1.0,0.2,0.0,0.05,2.0,0.15,1.0,0.2,1.0,92.0,2122
0.0,1.4,1.4,3,3,6,3.0,56.0,3,5,19.0,0.05,0.11,0.11,0.05,2.0,0.19,0.11,0.22,7.0,0.71,3.0,0.19,4.0,118.0,1819
1.0,1.8,1.8,1,1,7,3.2,28.0,1,2,43.0,0.09,0.16,0.16,0.09,1.0,0.1,0.05,0.36,0.0,2.21,3.0,0.1,6.0,69.0,1819
4.0,3.8,3.8,5,5,8,4.9,81.0,5,7,34.0,0.14,0.19,0.19,0.14,1.0,0.27,0.19,0.3,3.0,1.29,3.0,0.27,17.0,138.0,2021
6.0,3.9,3.9,4,4,10,5.6,77.0,4,5,31.0,0.14,0.2,0.2,0.14,2.0,0.18,0.15,0.36,11.0,1.13,5.0,0.18,11.0,186.0,2223
1.0,4.6,4.6,6,6,8,6.4,55.0,6,8,33.0,0.28,0.4,0.4,0.28,2.0,0.51,0.38,0.51,4.0,2.09,3.0,0.51,11.0,95.0,2324
5.0,5.1,3.6,2,2,8,3.7,36.0,1,2,25.0,0.47,0.48,0.34,0.33,1.0,0.18,0.18,0.73,9.0,2.28,6.0,0.09,6.0,65.0,1718
0.0,6.2,6.2,5,5,9,7.5,49.0,5,6,33.0,0.39,0.47,0.47,0.39,0.0,0.38,0.31,0.56,12.0,2.06,3.0,0.38,2.0,75.0,1819
1.0,2.0,2.0,1,1,13,6.8,32.0,1,4,32.0,0.07,0.23,0.23,0.07,0.0,0.14,0.03,0.45,4.0,1.1,3.0,0.14,5.0,169.0,1819
1.0,1.2,1.2,1,1,2,2.3,23.0,1,1,14.0,0.1,0.19,0.19,0.1,0.0,0.08,0.08,0.16,1.0,1.13,2.0,0.08,0.0,53.0,2021
11.0,3.8,3.8,3,3,12,6.1,76.0,3,5,36.0,0.18,0.28,0.28,0.18,0.0,0.23,0.14,0.56,14.0,1.69,0.0,0.23,7.0,79.0,1920
10.0,8.4,4.4,11,11,10,5.2,72.0,6,11,33.0,0.53,0.58,0.33,0.28,0.0,0.7,0.7,0.64,6.0,2.1,4.0,0.38,7.0,72.0,2021
15.0,7.7,5.3,10,10,16,8.0,84.0,7,10,35.0,0.44,0.59,0.46,0.31,3.0,0.57,0.57,0.92,8.0,2.0,2.0,0.4,11.0,102.0,2122
0.0,14.9,10.2,15,15,21,13.0,118.0,10,18,58.0,0.57,0.67,0.49,0.39,1.0,0.68,0.57,0.8,22.0,2.21,5.0,0.49,20.0,147.0,2223
11.0,1.4,1.4,0,0,3,1.6,19.0,0,0,8.0,0.48,0.58,0.58,0.48,3.0,0.0,0.0,1.05,1.0,2.81,0.0,0.0,3.0,19.0,2324
8.0,4.7,4.7,3,3,15,7.8,62.0,3,5,24.0,0.26,0.43,0.43,0.26,2.0,0.28,0.17,0.83,16.0,1.33,2.0,0.28,16.0,95.0,1819
0.0,10.1,10.1,8,8,20,12.7,80.0,8,10,47.0,0.42,0.54,0.54,0.42,0.0,0.42,0.34,0.84,14.0,1.98,6.0,0.42,14.0,148.0,1920
6.0,6.8,6.8,10,10,15,8.4,73.0,10,13,40.0,0.4,0.49,0.49,0.4,1.0,0.75,0.58,0.87,13.0,2.32,8.0,0.75,13.0,113.0,2021
0.0,2.6,1.8,6,6,6,3.0,44.0,5,7,16.0,0.22,0.33,0.26,0.16,0.0,0.6,0.52,0.52,4.0,1.38,2.0,0.52,10.0,55.0,2122
15.0,7.9,6.3,8,8,19,9.0,118.0,8,10,50.0,0.26,0.35,0.29,0.2,1.0,0.33,0.26,0.62,11.0,1.63,4.0,0.33,25.0,166.0,2223
5.0,11.9,8.7,15,15,23,10.1,71.0,11,16,43.0,0.5,0.55,0.42,0.36,1.0,0.67,0.63,0.96,14.0,1.8,1.0,0.5,11.0,100.0,2324
2.0,0.5,0.5,0,0,1,2.2,13.0,0,1,12.0,0.04,0.16,0.16,0.04,0.0,0.07,0.0,0.07,0.0,0.88,0.0,0.07,1.0,31.0,1819
0.0,1.8,1.8,2,2,3,3.1,21.0,2,2,11.0,0.18,0.3,0.3,0.18,0.0,0.19,0.19,0.29,1.0,1.06,0.0,0.19,6.0,35.0,1920
1.0,0.6,0.6,0,0,3,6.2,38.0,0,9,14.0,0.03,0.28,0.28,0.03,8.0,0.4,0.0,0.13,2.0,0.62,2.0,0.4,12.0,200.0,2021
0.0,1.0,1.0,2,2,6,7.6,20.0,2,9,15.0,0.05,0.35,0.35,0.05,0.0,0.41,0.09,0.28,0.0,0.69,1.0,0.41,8.0,152.0,2223
1.0,0.2,0.2,0,0,1,0.5,4.0,0,1,2.0,0.04,0.09,0.09,0.04,0.0,0.2,0.0,0.2,0.0,0.4,0.0,0.2,1.0,4.0,1718
1.0,1.0,1.0,1,1,4,1.4,17.0,1,1,11.0,0.04,0.05,0.05,0.04,2.0,0.04,0.04,0.15,1.0,0.41,0.0,0.04,0.0,7.0,1819
0.0,1.0,1.0,1,1,3,4.0,37.0,1,1,22.0,0.03,0.13,0.13,0.03,1.0,0.03,0.03,0.1,0.0,0.71,3.0,0.03,2.0,50.0,2122
0.0,0.8,0.8,1,1,5,2.2,7.0,1,2,22.0,0.04,0.12,0.12,0.04,1.0,0.1,0.05,0.26,0.0,1.15,0.0,0.1,1.0,10.0,2122
0.0,0.3,0.3,0,0,1,0.7,3.0,0,0,11.0,0.03,0.07,0.07,0.03,0.0,0.0,0.0,0.11,1.0,1.21,0.0,0.0,1.0,15.0,2324
0.0,0.8,0.8,0,0,2,2.1,21.0,0,2,14.0,0.04,0.1,0.1,0.04,0.0,0.09,0.0,0.09,1.0,0.65,4.0,0.09,1.0,3.0,2324
0.0,0.4,0.4,1,1,1,1.0,6.0,1,2,3.0,0.07,0.16,0.16,0.07,0.0,0.32,0.16,0.16,0.0,0.48,0.0,0.32,1.0,10.0,1819
0.0,0.3,0.3,0,0,3,1.2,5.0,0,1,8.0,0.01,0.06,0.06,0.01,1.0,0.05,0.0,0.14,0.0,0.38,0.0,0.05,0.0,38.0,2021
7.0,3.7,3.7,3,3,9,4.5,43.0,3,3,20.0,0.44,0.54,0.54,0.44,1.0,0.36,0.36,1.08,2.0,2.41,2.0,0.36,17.0,63.0,1819
14.0,5.7,5.0,7,7,17,7.8,85.0,6,8,38.0,0.29,0.42,0.39,0.25,1.0,0.4,0.35,0.84,13.0,1.89,4.0,0.35,21.0,115.0,1920
5.0,12.5,8.6,14,14,22,10.4,129.0,9,15,58.0,0.39,0.44,0.32,0.26,5.0,0.46,0.43,0.68,14.0,1.78,8.0,0.31,36.0,163.0,2021
4.0,8.8,8.0,16,16,21,11.1,75.0,15,22,47.0,0.31,0.43,0.4,0.29,0.0,0.79,0.57,0.75,13.0,1.68,5.0,0.75,13.0,140.0,2223
9.0,3.9,3.1,4,4,9,3.6,35.0,3,4,28.0,0.31,0.35,0.28,0.24,3.0,0.31,0.31,0.71,3.0,2.2,3.0,0.24,6.0,57.0,2324
1.0,1.4,1.4,1,1,2,3.4,27.0,1,2,19.0,0.05,0.13,0.13,0.05,3.0,0.08,0.04,0.08,3.0,0.76,3.0,0.08,7.0,115.0,1819
0.0,2.4,2.4,1,1,4,4.2,37.0,1,4,28.0,0.1,0.18,0.18,0.1,0.0,0.17,0.04,0.17,3.0,1.16,3.0,0.17,12.0,142.0,1920
0.0,3.4,3.4,5,5,13,7.4,108.0,5,13,27.0,0.22,0.46,0.46,0.22,0.0,0.81,0.31,0.81,7.0,1.69,2.0,0.81,30.0,156.0,2223
14.0,4.5,4.5,4,4,11,9.8,103.0,4,11,31.0,0.3,0.64,0.64,0.3,10.0,0.72,0.26,0.72,4.0,2.04,1.0,0.72,50.0,217.0,2324
0.0,1.2,1.2,1,1,5,2.7,35.0,1,2,7.0,0.29,0.64,0.64,0.29,0.0,0.48,0.24,1.2,0.0,1.68,0.0,0.48,11.0,49.0,1819
3.0,3.4,3.4,4,4,8,4.9,51.0,4,7,26.0,0.25,0.36,0.36,0.25,3.0,0.51,0.29,0.59,0.0,1.91,3.0,0.51,8.0,69.0,2021
6.0,4.1,4.1,3,3,6,6.4,63.0,3,6,30.0,0.2,0.31,0.31,0.2,7.0,0.29,0.15,0.29,4.0,1.46,3.0,0.29,13.0,104.0,2122
8.0,6.0,6.0,6,6,16,11.5,65.0,6,13,35.0,0.28,0.54,0.54,0.28,6.0,0.61,0.28,0.75,2.0,1.64,6.0,0.61,17.0,116.0,2223
4.0,5.7,5.7,8,8,17,10.1,93.0,8,14,38.0,0.33,0.59,0.59,0.33,2.0,0.82,0.47,0.99,5.0,2.21,6.0,0.82,32.0,166.0,2324
0.0,5.5,4.7,6,6,25,8.7,70.0,5,13,70.0,0.21,0.36,0.33,0.18,2.0,0.5,0.23,0.96,11.0,2.68,10.0,0.46,15.0,158.0,1819
9.0,2.1,2.1,0,0,8,3.1,38.0,0,2,25.0,0.13,0.19,0.19,0.13,0.0,0.12,0.0,0.49,5.0,1.52,0.0,0.12,10.0,113.0,1920
4.0,8.2,7.4,9,9,21,9.8,70.0,8,9,49.0,0.28,0.36,0.33,0.25,5.0,0.3,0.3,0.71,5.0,1.65,4.0,0.27,11.0,144.0,2021
8.0,4.6,4.6,4,4,16,7.9,78.0,4,9,56.0,0.14,0.24,0.24,0.14,4.0,0.27,0.12,0.48,9.0,1.67,7.0,0.27,13.0,161.0,2122
5.0,5.6,5.6,8,8,21,9.3,60.0,8,12,60.0,0.21,0.35,0.35,0.21,6.0,0.45,0.3,0.79,2.0,2.24,3.0,0.45,5.0,138.0,2223
3.0,4.2,4.2,5,5,15,8.4,63.0,5,11,66.0,0.16,0.31,0.31,0.16,2.0,0.41,0.19,0.56,3.0,2.46,10.0,0.41,15.0,121.0,2324
1.0,3.5,3.5,4,4,12,7.6,93.0,4,7,30.0,0.19,0.42,0.42,0.19,4.0,0.38,0.22,0.66,9.0,1.65,5.0,0.38,44.0,167.0,2324
1.0,0.4,0.4,1,1,2,0.5,8.0,1,1,4.0,0.02,0.03,0.03,0.02,0.0,0.05,0.05,0.11,0.0,0.22,0.0,0.05,1.0,2.0,2021
0.0,1.2,1.2,1,1,3,1.5,19.0,1,1,10.0,0.05,0.07,0.07,0.05,1.0,0.04,0.04,0.13,0.0,0.44,3.0,0.04,2.0,6.0,2122
0.0,0.6,0.6,1,1,4,1.2,10.0,1,1,6.0,0.15,0.31,0.31,0.15,1.0,0.25,0.25,1.01,2.0,1.51,1.0,0.25,1.0,34.0,1718
0.0,0.4,0.4,0,0,2,0.7,22.0,0,0,6.0,0.05,0.08,0.08,0.05,3.0,0.0,0.0,0.23,0.0,0.69,1.0,0.0,9.0,50.0,2122
0.0,0.3,0.3,0,0,2,2.0,22.0,0,3,7.0,0.05,0.27,0.27,0.05,0.0,0.42,0.0,0.28,2.0,0.98,1.0,0.42,6.0,35.0,2223
0.0,0.2,0.2,0,0,1,0.3,2.0,0,0,1.0,0.11,0.13,0.13,0.11,1.0,0.0,0.0,0.48,0.0,0.48,1.0,0.0,0.0,7.0,2021
8.0,4.2,4.2,5,5,13,7.1,67.0,5,6,26.0,0.28,0.47,0.47,0.28,5.0,0.4,0.33,0.87,8.0,1.74,3.0,0.4,17.0,111.0,1819
5.0,10.4,9.6,8,8,18,13.9,89.0,8,13,45.0,0.6,0.85,0.81,0.56,2.0,0.75,0.46,1.05,13.0,2.61,6.0,0.75,18.0,120.0,1920
9.0,7.7,7.7,5,5,20,9.0,83.0,5,7,41.0,0.48,0.56,0.56,0.48,3.0,0.44,0.31,1.25,11.0,2.56,10.0,0.44,27.0,124.0,2021
12.0,8.4,8.4,9,9,23,13.1,102.0,9,12,48.0,0.36,0.57,0.57,0.36,2.0,0.5,0.37,0.96,20.0,1.99,4.0,0.5,19.0,158.0,2122
6.0,0.7,0.7,1,1,3,0.8,18.0,1,1,6.0,0.35,0.41,0.41,0.35,4.0,0.49,0.49,1.48,3.0,2.97,0.0,0.49,6.0,20.0,2324
3.0,2.3,2.3,3,3,9,3.1,35.0,3,4,21.0,0.08,0.1,0.1,0.08,0.0,0.13,0.1,0.3,0.0,0.7,1.0,0.13,2.0,7.0,2021
0.0,1.4,1.4,3,3,6,1.8,17.0,3,3,14.0,0.05,0.06,0.06,0.05,0.0,0.1,0.1,0.2,0.0,0.47,3.0,0.1,2.0,5.0,2122
1.0,1.2,1.2,0,0,3,1.5,27.0,0,0,16.0,0.04,0.06,0.06,0.04,1.0,0.0,0.0,0.11,0.0,0.58,2.0,0.0,0.0,7.0,2223
11.0,10.3,10.3,5,5,19,18.3,154.0,5,15,50.0,0.44,0.79,0.79,0.44,3.0,0.65,0.22,0.82,12.0,2.16,6.0,0.65,48.0,293.0,2324
0.0,0.6,0.6,1,1,4,4.9,36.0,1,8,15.0,0.02,0.18,0.18,0.02,1.0,0.3,0.04,0.15,3.0,0.56,1.0,0.3,9.0,139.0,2223
1.0,1.3,1.3,0,0,1,1.8,34.0,0,0,24.0,0.04,0.06,0.06,0.04,0.0,0.0,0.0,0.03,1.0,0.81,4.0,0.0,0.0,11.0,1920
0.0,0.9,0.9,1,1,2,1.5,24.0,1,2,12.0,0.04,0.06,0.06,0.04,0.0,0.09,0.04,0.09,0.0,0.52,4.0,0.09,0.0,9.0,2223
10.0,16.1,8.2,18,18,40,19.6,124.0,9,30,111.0,0.47,0.8,0.57,0.24,6.0,0.87,0.52,1.16,3.0,3.22,14.0,0.61,10.0,263.0,2021
8.0,9.7,8.1,10,10,29,17.1,100.0,10,16,87.0,0.28,0.54,0.5,0.23,8.0,0.46,0.29,0.84,3.0,2.52,10.0,0.46,24.0,190.0,2122
0.0,0.7,0.7,0,0,1,1.0,8.0,0,1,7.0,0.04,0.05,0.05,0.04,0.0,0.05,0.0,0.05,0.0,0.37,1.0,0.05,1.0,1.0,1819
5.0,2.6,1.8,3,3,12,3.9,23.0,2,4,25.0,0.13,0.24,0.2,0.09,1.0,0.21,0.15,0.62,0.0,1.28,1.0,0.15,6.0,56.0,2021
4.0,1.0,1.0,0,0,2,4.7,20.0,0,3,11.0,0.06,0.26,0.26,0.06,5.0,0.17,0.0,0.11,1.0,0.61,0.0,0.17,10.0,41.0,2122
1.0,1.0,1.0,2,2,5,2.7,25.0,2,4,14.0,0.09,0.23,0.23,0.09,2.0,0.34,0.17,0.43,1.0,1.19,3.0,0.34,8.0,83.0,1920
1.0,3.8,3.8,4,4,10,6.2,41.0,4,7,43.0,0.14,0.23,0.23,0.14,3.0,0.26,0.15,0.37,0.0,1.6,5.0,0.26,2.0,47.0,1819
1.0,1.6,1.6,1,1,9,3.1,19.0,1,4,29.0,0.09,0.17,0.17,0.09,3.0,0.22,0.06,0.5,0.0,1.62,4.0,0.22,1.0,16.0,1920
2.0,2.4,2.4,1,1,8,3.6,22.0,1,4,28.0,0.1,0.16,0.16,0.1,0.0,0.17,0.04,0.33,4.0,1.17,4.0,0.17,1.0,33.0,2021
1.0,2.2,2.2,2,2,5,4.8,42.0,2,2,40.0,0.08,0.16,0.16,0.08,1.0,0.07,0.07,0.17,1.0,1.34,7.0,0.07,0.0,24.0,2122
3.0,2.6,1.8,1,1,5,3.2,39.0,1,2,28.0,0.08,0.12,0.1,0.06,4.0,0.06,0.03,0.15,2.0,0.86,5.0,0.06,4.0,27.0,2223
1.0,1.0,1.0,1,1,4,1.6,14.0,1,2,9.0,0.1,0.17,0.17,0.1,4.0,0.22,0.11,0.43,1.0,0.97,3.0,0.22,1.0,36.0,1819
0.0,0.9,0.9,1,1,3,1.5,10.0,1,5,8.0,0.08,0.12,0.12,0.08,0.0,0.4,0.08,0.24,1.0,0.64,1.0,0.4,1.0,27.0,1920
0.0,1.0,1.0,1,1,4,1.6,32.0,1,1,14.0,0.15,0.26,0.26,0.15,0.0,0.16,0.16,0.65,4.0,2.26,1.0,0.16,15.0,54.0,1920
0.0,3.6,3.4,4,4,16,8.4,84.0,4,7,40.0,0.14,0.34,0.33,0.13,0.0,0.28,0.16,0.64,12.0,1.59,3.0,0.28,38.0,217.0,2021
0.0,1.4,1.4,0,0,2,2.8,30.0,0,1,11.0,0.16,0.34,0.34,0.16,1.0,0.12,0.0,0.24,7.0,1.31,0.0,0.12,10.0,64.0,2122
2.0,0.1,0.1,0,0,1,0.3,2.0,0,1,2.0,0.06,0.17,0.17,0.06,2.0,0.61,0.0,0.61,1.0,1.22,0.0,0.61,0.0,15.0,2223
0.0,2.9,2.9,2,2,4,3.5,25.0,2,4,17.0,0.28,0.35,0.35,0.28,0.0,0.39,0.2,0.39,3.0,1.67,1.0,0.39,4.0,75.0,2223
3.0,0.8,0.8,0,0,1,1.0,18.0,0,0,4.0,0.32,0.41,0.41,0.32,3.0,0.0,0.0,0.43,1.0,1.72,1.0,0.0,5.0,49.0,2324
9.0,9.6,8.8,9,9,32,16.3,125.0,8,17,70.0,0.3,0.53,0.5,0.27,6.0,0.53,0.28,0.99,6.0,2.17,0.0,0.5,26.0,235.0,2223
20.0,9.8,7.4,9,9,16,12.1,111.0,6,15,50.0,0.45,0.66,0.55,0.34,7.0,0.69,0.41,0.73,3.0,2.3,5.0,0.55,38.0,195.0,2324
1.0,0.5,0.5,0,0,4,0.7,15.0,0,0,7.0,0.23,0.34,0.34,0.23,6.0,0.0,0.0,1.97,1.0,3.44,0.0,0.0,6.0,28.0,2324
5.0,1.0,1.0,1,1,4,4.3,59.0,1,6,13.0,0.05,0.22,0.22,0.05,3.0,0.31,0.05,0.21,10.0,0.67,2.0,0.31,24.0,143.0,1920
11.0,6.9,6.9,5,5,20,11.3,142.0,5,8,61.0,0.24,0.4,0.4,0.24,7.0,0.28,0.18,0.71,15.0,2.15,9.0,0.28,36.0,269.0,2021
14.0,10.3,8.7,11,11,29,16.3,214.0,9,18,95.0,0.31,0.54,0.49,0.26,11.0,0.54,0.33,0.88,17.0,2.87,10.0,0.48,68.0,388.0,2122
16.0,11.2,9.1,14,14,29,17.6,237.0,12,25,86.0,0.32,0.56,0.5,0.26,9.0,0.71,0.4,0.82,9.0,2.43,11.0,0.65,84.0,520.0,2223
0.0,0.8,0.8,1,1,2,1.3,8.0,1,1,8.0,0.13,0.21,0.21,0.13,0.0,0.16,0.16,0.32,3.0,1.3,0.0,0.16,3.0,39.0,1819
0.0,0.3,0.3,0,0,3,0.5,5.0,0,0,5.0,0.04,0.07,0.07,0.04,0.0,0.0,0.0,0.4,1.0,0.66,0.0,0.0,1.0,17.0,1718
1.0,1.0,1.0,2,2,6,7.5,50.0,2,10,19.0,0.03,0.25,0.25,0.03,9.0,0.34,0.07,0.2,2.0,0.64,3.0,0.34,13.0,208.0,2122
0.0,0.7,0.7,1,1,6,6.0,36.0,1,10,10.0,0.02,0.19,0.19,0.02,5.0,0.31,0.03,0.19,1.0,0.31,1.0,0.31,9.0,141.0,2223
0.0,0.2,0.2,0,0,1,1.5,19.0,0,5,6.0,0.03,0.22,0.22,0.03,6.0,0.72,0.0,0.14,1.0,0.87,0.0,0.72,7.0,54.0,2324
0.0,1.9,1.9,3,3,5,2.1,20.0,3,3,14.0,0.08,0.08,0.08,0.08,0.0,0.12,0.12,0.2,1.0,0.55,1.0,0.12,0.0,2.0,2021
1.0,2.9,2.9,4,4,12,4.2,52.0,4,5,27.0,0.23,0.34,0.34,0.23,3.0,0.4,0.32,0.95,3.0,2.15,4.0,0.4,9.0,93.0,2324
0.0,0.5,0.5,0,0,2,0.5,12.0,0,0,7.0,0.04,0.04,0.04,0.04,1.0,0.0,0.0,0.19,0.0,0.66,1.0,0.0,0.0,12.0,2223
1.0,0.6,0.6,0,0,3,1.4,22.0,0,1,13.0,0.02,0.04,0.04,0.02,0.0,0.03,0.0,0.09,0.0,0.4,2.0,0.03,2.0,4.0,2324
1.0,0.7,0.7,0,0,3,2.2,23.0,0,1,6.0,0.16,0.5,0.5,0.16,5.0,0.23,0.0,0.69,3.0,1.37,1.0,0.23,8.0,59.0,1819
2.0,1.9,1.9,1,1,4,4.0,49.0,1,6,21.0,0.2,0.41,0.41,0.2,3.0,0.63,0.1,0.42,3.0,2.19,3.0,0.63,26.0,116.0,1920
1.0,1.3,1.3,2,2,6,4.1,58.0,2,5,23.0,0.11,0.35,0.35,0.11,2.0,0.42,0.17,0.51,5.0,1.95,0.0,0.42,30.0,155.0,2021
0.0,2.5,2.5,1,1,7,4.6,56.0,1,3,18.0,0.23,0.43,0.43,0.23,1.0,0.28,0.09,0.65,4.0,1.68,3.0,0.28,30.0,102.0,2122
8.0,0.2,0.2,0,0,1,0.9,10.0,0,1,4.0,0.03,0.14,0.14,0.03,1.0,0.15,0.0,0.15,2.0,0.6,2.0,0.15,6.0,44.0,2223
5.0,2.7,2.7,8,8,20,5.5,77.0,8,9,38.0,0.13,0.27,0.27,0.13,2.0,0.44,0.39,0.97,9.0,1.84,4.0,0.44,39.0,173.0,2324
8.0,13.4,11.9,14,14,27,17.2,150.0,13,23,63.0,0.48,0.67,0.61,0.42,1.0,0.82,0.5,0.96,19.0,2.24,6.0,0.78,24.0,197.0,1819
12.0,9.9,9.9,8,8,21,12.8,143.0,8,9,55.0,0.31,0.39,0.39,0.31,5.0,0.28,0.25,0.65,32.0,1.7,6.0,0.28,23.0,197.0,1920
8.0,12.4,9.3,12,12,16,12.1,89.0,8,17,45.0,0.54,0.66,0.52,0.4,0.0,0.73,0.52,0.69,22.0,1.94,3.0,0.56,24.0,116.0,2021
18.0,6.2,4.6,8,8,12,5.1,69.0,6,8,33.0,0.4,0.43,0.33,0.3,5.0,0.52,0.52,0.78,17.0,2.14,1.0,0.39,15.0,52.0,2122
9.0,17.4,15.1,18,18,31,17.8,124.0,15,23,70.0,0.84,0.97,0.85,0.72,1.0,1.1,0.86,1.49,15.0,3.36,7.0,0.96,16.0,118.0,2223
0.0,8.8,7.2,9,9,18,7.8,77.0,7,10,33.0,0.8,0.85,0.71,0.65,0.0,0.91,0.82,1.63,4.0,3.0,5.0,0.73,13.0,77.0,2324
1.0,2.3,2.3,2,2,11,3.2,38.0,2,2,35.0,0.08,0.11,0.11,0.08,1.0,0.07,0.07,0.38,0.0,1.22,4.0,0.07,2.0,28.0,1819
0.0,0.8,0.8,1,1,2,2.4,27.0,1,2,12.0,0.06,0.2,0.2,0.06,2.0,0.16,0.08,0.16,0.0,0.98,4.0,0.16,0.0,67.0,1920
0.0,0.2,0.2,1,1,1,0.3,8.0,1,1,3.0,0.02,0.03,0.03,0.02,0.0,0.11,0.11,0.11,0.0,0.32,1.0,0.11,0.0,1.0,2122
2.0,5.5,5.5,4,4,9,8.3,69.0,4,5,42.0,0.27,0.41,0.41,0.27,0.0,0.25,0.2,0.44,13.0,2.06,5.0,0.25,22.0,114.0,2324
1.0,0.1,0.1,0,0,1,0.1,2.0,0,0,1.0,0.04,0.04,0.04,0.04,0.0,0.0,0.0,0.52,0.0,0.52,0.0,0.0,0.0,2.0,1920
0.0,1.4,1.4,1,1,4,1.5,9.0,1,1,12.0,0.17,0.19,0.19,0.17,0.0,0.12,0.12,0.49,3.0,1.47,0.0,0.12,0.0,25.0,1920
1.0,1.7,1.7,2,2,8,4.3,16.0,2,4,30.0,0.11,0.29,0.29,0.11,2.0,0.26,0.13,0.53,0.0,1.98,8.0,0.26,1.0,51.0,2021
2.0,1.8,1.8,1,1,14,3.1,14.0,1,3,46.0,0.07,0.12,0.12,0.07,2.0,0.12,0.04,0.54,1.0,1.78,4.0,0.12,1.0,65.0,2122
1.0,2.3,2.3,2,2,10,3.9,28.0,2,4,33.0,0.1,0.17,0.17,0.1,1.0,0.17,0.08,0.42,3.0,1.4,2.0,0.17,2.0,78.0,2223
0.0,1.2,1.2,1,1,5,2.8,22.0,1,2,16.0,0.11,0.25,0.25,0.11,2.0,0.18,0.09,0.44,3.0,1.41,1.0,0.18,5.0,45.0,2324
0.0,0.7,0.7,0,0,4,2.0,22.0,0,2,15.0,0.06,0.17,0.17,0.06,0.0,0.17,0.0,0.33,0.0,1.24,3.0,0.17,2.0,43.0,2425
1.0,1.0,1.0,1,1,6,1.3,33.0,1,3,14.0,0.19,0.25,0.25,0.19,3.0,0.57,0.19,1.13,2.0,2.65,2.0,0.57,13.0,81.0,1920
2.0,1.2,1.2,1,1,8,2.5,21.0,1,4,21.0,0.18,0.39,0.39,0.18,1.0,0.64,0.16,1.27,0.0,3.34,4.0,0.64,8.0,39.0,1920
1.0,2.7,2.7,2,2,8,4.0,34.0,2,3,23.0,0.31,0.47,0.47,0.31,1.0,0.35,0.23,0.93,0.0,2.68,4.0,0.35,12.0,65.0,2021
3.0,1.5,1.5,1,1,8,2.5,31.0,1,2,27.0,0.24,0.41,0.41,0.24,5.0,0.32,0.16,1.3,0.0,4.39,7.0,0.32,9.0,52.0,2122
1.0,2.7,2.7,3,3,20,4.7,71.0,3,8,54.0,0.12,0.2,0.2,0.12,1.0,0.34,0.13,0.84,9.0,2.27,6.0,0.34,41.0,185.0,2223
3.0,1.2,1.2,1,1,6,2.4,25.0,1,2,24.0,0.14,0.28,0.28,0.14,0.0,0.23,0.12,0.7,1.0,2.8,0.0,0.23,8.0,66.0,2324
0.0,0.3,0.3,1,1,1,0.5,3.0,1,1,2.0,0.03,0.05,0.05,0.03,0.0,0.1,0.1,0.1,0.0,0.21,0.0,0.1,2.0,15.0,2021
2.0,0.4,0.4,0,0,2,0.5,12.0,0,1,11.0,0.09,0.12,0.12,0.09,3.0,0.24,0.0,0.47,0.0,2.61,0.0,0.24,1.0,9.0,2324
0.0,1.7,1.7,2,2,11,3.4,19.0,2,5,26.0,0.2,0.4,0.4,0.2,0.0,0.59,0.24,1.3,1.0,3.06,3.0,0.59,2.0,21.0,2425
3.0,1.0,1.0,0,0,6,3.9,52.0,0,3,22.0,0.05,0.2,0.2,0.05,2.0,0.16,0.0,0.31,1.0,1.15,0.0,0.16,12.0,88.0,2324
2.0,4.6,3.8,6,6,14,5.5,63.0,5,7,30.0,0.33,0.44,0.39,0.27,1.0,0.5,0.43,0.99,15.0,2.13,4.0,0.43,15.0,89.0,1819
5.0,3.4,3.4,2,2,6,4.3,35.0,2,3,18.0,0.45,0.57,0.57,0.45,0.0,0.39,0.26,0.78,7.0,2.35,1.0,0.39,7.0,36.0,1920
0.0,3.2,3.2,5,5,12,4.2,38.0,5,5,20.0,0.36,0.48,0.48,0.36,1.0,0.57,0.57,1.37,6.0,2.29,1.0,0.57,4.0,52.0,2021
0.0,0.5,0.5,0,0,2,0.6,5.0,0,0,12.0,0.09,0.11,0.11,0.09,0.0,0.0,0.0,0.38,0.0,2.26,1.0,0.0,2.0,12.0,2223
0.0,0.3,0.3,0,0,4,3.5,33.0,0,3,6.0,0.01,0.11,0.11,0.01,0.0,0.1,0.0,0.13,4.0,0.19,1.0,0.1,6.0,196.0,2021
0.0,0.0,0.0,0,0,1,0.0,0.0,0,0,1.0,0.02,0.02,0.02,0.02,0.0,0.0,0.0,0.83,0.0,0.83,0.0,0.0,0.0,0.0,2223
1.0,9.8,9.0,10,10,18,12.0,75.0,9,13,46.0,0.4,0.52,0.49,0.37,2.0,0.53,0.41,0.74,8.0,1.88,6.0,0.49,10.0,106.0,1920
0.0,1.1,1.1,1,1,4,1.8,13.0,1,3,7.0,0.26,0.41,0.41,0.26,0.0,0.69,0.23,0.92,0.0,1.62,0.0,0.69,2.0,33.0,2021
2.0,2.4,2.4,1,1,5,2.9,42.0,1,1,21.0,0.34,0.42,0.42,0.34,1.0,0.14,0.14,0.71,9.0,3.0,1.0,0.14,4.0,54.0,2223
0.0,0.5,0.5,0,0,1,0.8,6.0,0,0,8.0,0.03,0.04,0.04,0.03,0.0,0.0,0.0,0.05,1.0,0.4,2.0,0.0,3.0,54.0,2021
0.0,1.0,1.0,0,0,1,2.2,11.0,0,0,6.0,0.04,0.09,0.09,0.04,2.0,0.0,0.0,0.04,0.0,0.26,0.0,0.0,4.0,89.0,2122
2.0,4.2,4.2,1,1,17,7.9,57.0,1,5,45.0,0.16,0.3,0.3,0.16,6.0,0.19,0.04,0.65,1.0,1.71,4.0,0.19,17.0,156.0,1718
2.0,4.1,4.1,2,2,14,8.2,64.0,2,8,41.0,0.15,0.3,0.3,0.15,0.0,0.29,0.07,0.51,1.0,1.5,6.0,0.29,8.0,147.0,1819
11.0,1.7,1.7,2,2,4,3.1,40.0,2,2,18.0,0.07,0.13,0.13,0.07,8.0,0.09,0.09,0.17,1.0,0.78,1.0,0.09,6.0,87.0,1920
11.0,9.5,2.4,11,11,9,7.1,33.0,4,19,28.0,0.31,0.47,0.23,0.08,5.0,0.63,0.36,0.3,0.0,0.92,3.0,0.39,2.0,30.0,2021
1.0,9.1,3.5,11,11,14,7.6,53.0,4,16,34.0,0.33,0.48,0.28,0.13,0.0,0.58,0.4,0.51,2.0,1.24,2.0,0.33,5.0,89.0,2122
2.0,1.6,1.6,3,3,6,3.0,25.0,3,5,10.0,0.12,0.23,0.23,0.12,2.0,0.38,0.23,0.45,0.0,0.76,2.0,0.38,2.0,67.0,2223
1.0,1.5,1.5,2,2,5,3.9,36.0,2,4,14.0,0.12,0.32,0.32,0.12,1.0,0.33,0.17,0.41,1.0,1.16,2.0,0.33,2.0,59.0,2324
1.0,2.7,2.7,2,2,5,3.6,38.0,2,3,15.0,0.47,0.63,0.63,0.47,0.0,0.52,0.34,0.86,9.0,2.58,3.0,0.52,5.0,31.0,1819
2.0,3.3,3.3,5,5,12,4.0,57.0,5,7,21.0,0.27,0.33,0.33,0.27,0.0,0.57,0.41,0.97,6.0,1.7,0.0,0.57,6.0,46.0,2223
0.0,1.6,1.6,2,2,5,2.4,15.0,2,2,9.0,0.46,0.69,0.69,0.46,0.0,0.57,0.57,1.43,6.0,2.57,0.0,0.57,2.0,13.0,2324
2.0,0.4,0.4,1,1,3,0.5,14.0,1,1,5.0,0.06,0.08,0.08,0.06,1.0,0.15,0.15,0.46,2.0,0.76,1.0,0.15,6.0,27.0,2223
1.0,0.8,0.8,2,2,2,1.2,6.0,2,3,5.0,0.14,0.2,0.2,0.14,1.0,0.51,0.34,0.34,0.0,0.85,1.0,0.51,2.0,8.0,2223
0.0,0.8,0.8,1,1,3,1.8,27.0,1,2,12.0,0.06,0.12,0.12,0.06,0.0,0.14,0.07,0.21,3.0,0.82,4.0,0.14,6.0,55.0,2324
0.0,0.6,0.6,0,0,1,1.6,11.0,0,1,4.0,0.19,0.47,0.47,0.19,0.0,0.3,0.0,0.3,0.0,1.2,0.0,0.3,5.0,14.0,2122
1.0,0.4,0.4,0,0,1,1.0,17.0,0,0,5.0,0.1,0.26,0.26,0.1,1.0,0.0,0.0,0.25,1.0,1.27,1.0,0.0,3.0,21.0,2223
1.0,0.2,0.2,1,1,2,0.5,12.0,1,2,3.0,0.06,0.19,0.19,0.06,0.0,0.79,0.4,0.79,0.0,1.19,1.0,0.79,2.0,19.0,2324
4.0,2.6,2.6,3,3,8,3.5,33.0,3,3,40.0,0.1,0.14,0.14,0.1,3.0,0.12,0.12,0.31,0.0,1.56,8.0,0.12,3.0,23.0,1819
1.0,6.2,6.2,6,6,11,8.8,59.0,6,10,46.0,0.19,0.27,0.27,0.19,3.0,0.31,0.19,0.34,4.0,1.43,2.0,0.31,5.0,45.0,2021
4.0,2.5,2.5,1,1,9,5.3,29.0,1,4,41.0,0.09,0.19,0.19,0.09,3.0,0.14,0.04,0.32,4.0,1.44,2.0,0.14,4.0,30.0,2122
1.0,3.5,3.5,1,1,9,4.5,45.0,1,3,39.0,0.16,0.2,0.2,0.16,0.0,0.14,0.05,0.41,6.0,1.77,3.0,0.14,1.0,36.0,2324
3.0,5.6,4.8,6,6,17,7.3,79.0,5,9,52.0,0.2,0.3,0.27,0.18,1.0,0.33,0.22,0.62,16.0,1.9,2.0,0.29,23.0,185.0,1819
0.0,3.2,3.2,3,3,7,4.3,46.0,3,4,31.0,0.42,0.56,0.56,0.42,0.0,0.53,0.4,0.92,2.0,4.08,6.0,0.53,11.0,63.0,1920
1.0,1.2,1.2,2,2,5,1.4,28.0,2,2,13.0,0.03,0.04,0.04,0.03,0.0,0.06,0.06,0.15,1.0,0.39,0.0,0.06,3.0,9.0,2223
0.0,0.8,0.8,1,1,3,0.9,16.0,1,1,7.0,0.03,0.04,0.04,0.03,0.0,0.04,0.04,0.12,1.0,0.29,0.0,0.04,1.0,9.0,2324
1.0,1.3,1.3,1,1,5,2.4,31.0,1,4,18.0,0.05,0.08,0.08,0.05,3.0,0.14,0.04,0.18,1.0,0.64,1.0,0.14,0.0,1.0,2324
0.0,3.7,3.7,3,3,10,4.4,32.0,3,4,24.0,0.44,0.52,0.52,0.44,0.0,0.48,0.36,1.19,2.0,2.86,4.0,0.48,11.0,32.0,2021
3.0,2.4,2.4,3,3,12,6.4,59.0,3,10,39.0,0.16,0.42,0.42,0.16,0.0,0.65,0.2,0.79,4.0,2.55,3.0,0.65,17.0,164.0,1819
0.0,2.0,2.0,3,3,9,4.6,47.0,3,3,27.0,0.2,0.47,0.47,0.2,2.0,0.31,0.31,0.93,0.0,2.78,4.0,0.31,21.0,101.0,1920
5.0,6.4,5.6,10,10,19,9.9,96.0,9,12,57.0,0.26,0.44,0.41,0.23,4.0,0.49,0.41,0.78,12.0,2.33,6.0,0.45,31.0,307.0,2122
1.0,5.0,5.0,3,3,17,5.9,66.0,3,6,37.0,0.43,0.5,0.5,0.43,0.0,0.51,0.25,1.44,8.0,3.14,4.0,0.51,8.0,90.0,1819
1.0,0.5,0.5,1,1,2,1.1,7.0,1,1,4.0,0.27,0.55,0.55,0.27,0.0,0.51,0.51,1.02,1.0,2.03,1.0,0.51,3.0,11.0,1920
0.0,1.0,1.0,1,1,3,1.1,27.0,1,1,11.0,0.29,0.35,0.35,0.29,0.0,0.31,0.31,0.93,1.0,3.4,1.0,0.31,0.0,27.0,1920
0.0,0.3,0.3,0,0,3,0.3,12.0,0,0,6.0,0.01,0.02,0.02,0.01,0.0,0.0,0.0,0.17,1.0,0.34,0.0,0.0,0.0,5.0,2324
0.0,1.5,1.5,1,1,5,2.5,13.0,1,1,10.0,0.14,0.23,0.23,0.14,3.0,0.09,0.09,0.47,0.0,0.93,1.0,0.09,1.0,31.0,1819
2.0,0.5,0.5,0,0,2,2.6,19.0,0,3,10.0,0.05,0.25,0.25,0.05,3.0,0.29,0.0,0.19,1.0,0.97,1.0,0.29,2.0,57.0,1920
0.0,3.2,1.6,2,2,2,4.9,27.0,0,5,8.0,0.33,0.67,0.51,0.16,0.0,0.51,0.21,0.21,0.0,0.82,0.0,0.31,2.0,48.0,2021
2.0,0.9,0.9,0,0,3,1.4,15.0,0,1,14.0,0.16,0.24,0.24,0.16,1.0,0.17,0.0,0.51,1.0,2.4,2.0,0.17,4.0,40.0,1819
2.0,3.1,3.1,5,5,9,3.5,45.0,5,5,27.0,0.1,0.11,0.11,0.1,2.0,0.16,0.16,0.28,0.0,0.85,3.0,0.16,10.0,49.0,2223
0.0,0.3,0.3,0,0,2,1.8,5.0,0,1,7.0,0.03,0.2,0.2,0.03,1.0,0.11,0.0,0.22,1.0,0.76,0.0,0.11,1.0,22.0,1819
4.0,0.6,0.6,0,0,3,1.7,10.0,0,1,14.0,0.04,0.12,0.12,0.04,2.0,0.07,0.0,0.2,3.0,0.94,0.0,0.07,0.0,37.0,1920
1.0,2.1,2.1,4,4,7,3.9,27.0,4,6,28.0,0.08,0.14,0.14,0.08,0.0,0.22,0.15,0.26,2.0,1.04,3.0,0.22,6.0,92.0,2021
2.0,1.1,1.1,1,1,7,2.1,18.0,1,1,22.0,0.05,0.11,0.11,0.05,0.0,0.05,0.05,0.35,0.0,1.09,3.0,0.05,3.0,57.0,2122
2.0,0.8,0.8,2,2,6,2.3,5.0,2,2,19.0,0.06,0.19,0.19,0.06,1.0,0.16,0.16,0.49,1.0,1.54,2.0,0.16,0.0,47.0,2223
0.0,1.3,1.3,2,2,4,2.9,10.0,2,3,15.0,0.13,0.29,0.29,0.13,4.0,0.3,0.2,0.4,2.0,1.49,1.0,0.3,3.0,41.0,2324
6.0,12.2,6.7,14,14,24,8.1,114.0,8,15,56.0,0.63,0.7,0.42,0.35,0.0,0.78,0.72,1.24,13.0,2.9,2.0,0.47,5.0,122.0,1819
0.0,2.1,2.1,3,3,4,2.4,36.0,3,5,19.0,0.21,0.24,0.24,0.21,0.0,0.49,0.3,0.39,7.0,1.87,0.0,0.49,2.0,48.0,2021
1.0,1.4,1.4,2,2,5,4.8,37.0,2,9,23.0,0.07,0.23,0.23,0.07,3.0,0.43,0.1,0.24,0.0,1.09,3.0,0.43,1.0,63.0,1819
0.0,1.4,1.4,1,1,2,3.9,23.0,1,4,16.0,0.06,0.16,0.16,0.06,0.0,0.17,0.04,0.08,0.0,0.68,1.0,0.17,1.0,19.0,1920
1.0,0.6,0.6,0,0,2,1.1,12.0,0,0,4.0,0.03,0.06,0.06,0.03,4.0,0.0,0.0,0.11,0.0,0.22,0.0,0.0,2.0,18.0,2021
1.0,1.6,1.6,1,1,3,2.5,14.0,1,5,10.0,0.09,0.14,0.14,0.09,0.0,0.29,0.06,0.17,0.0,0.57,1.0,0.29,0.0,14.0,2122
7.0,7.1,6.3,10,10,24,12.4,133.0,9,18,44.0,0.31,0.59,0.55,0.28,7.0,0.8,0.44,1.07,6.0,1.95,2.0,0.76,41.0,219.0,2324
0.0,0.2,0.2,1,1,2,0.4,8.0,1,1,3.0,0.01,0.02,0.02,0.01,0.0,0.05,0.05,0.11,1.0,0.16,0.0,0.05,5.0,57.0,2021
0.0,3.6,3.3,2,2,7,4.1,47.0,2,4,31.0,0.33,0.41,0.38,0.3,0.0,0.37,0.18,0.64,9.0,2.84,5.0,0.37,2.0,44.0,1819
0.0,0.4,0.4,1,1,3,1.0,31.0,1,1,12.0,0.03,0.06,0.06,0.03,0.0,0.06,0.06,0.17,0.0,0.68,1.0,0.06,5.0,82.0,1819
0.0,0.1,0.1,0,0,2,1.5,10.0,0,1,3.0,0.0,0.06,0.06,0.0,3.0,0.04,0.0,0.07,1.0,0.11,2.0,0.04,4.0,68.0,2021
0.0,0.2,0.2,1,1,1,1.5,18.0,1,2,10.0,0.01,0.06,0.06,0.01,0.0,0.08,0.04,0.04,2.0,0.39,2.0,0.08,5.0,81.0,2324
7.0,9.8,9.8,9,9,31,14.8,97.0,9,14,55.0,0.33,0.5,0.5,0.33,3.0,0.47,0.3,1.05,19.0,1.86,7.0,0.47,13.0,149.0,2021
5.0,7.1,7.1,7,7,24,10.1,94.0,7,10,49.0,0.31,0.45,0.45,0.31,3.0,0.44,0.31,1.06,7.0,2.16,4.0,0.44,13.0,153.0,2122
9.0,6.7,6.7,5,5,14,9.5,103.0,5,8,47.0,0.3,0.43,0.43,0.3,3.0,0.36,0.23,0.63,14.0,2.12,5.0,0.36,9.0,115.0,2223
1.0,1.3,1.3,2,2,5,2.4,20.0,2,3,35.0,0.05,0.08,0.08,0.05,4.0,0.1,0.07,0.17,0.0,1.2,3.0,0.1,4.0,44.0,2021
0.0,1.6,1.6,1,1,11,5.1,17.0,1,5,31.0,0.05,0.16,0.16,0.05,3.0,0.15,0.03,0.34,0.0,0.95,4.0,0.15,2.0,32.0,2122
0.0,0.1,0.1,0,0,1,0.1,2.0,0,0,1.0,0.02,0.02,0.02,0.02,0.0,0.0,0.0,0.28,0.0,0.28,0.0,0.0,0.0,5.0,1819
3.0,0.1,0.1,0,0,1,0.1,4.0,0,0,2.0,0.06,0.08,0.08,0.06,1.0,0.0,0.0,0.6,0.0,1.2,0.0,0.0,0.0,4.0,2122
1.0,1.1,1.1,0,0,8,2.2,35.0,0,2,20.0,0.05,0.11,0.11,0.05,1.0,0.09,0.0,0.38,3.0,0.95,6.0,0.09,6.0,31.0,1819
1.0,2.7,2.7,1,1,4,3.6,53.0,1,2,24.0,0.1,0.13,0.13,0.1,0.0,0.07,0.04,0.14,2.0,0.85,2.0,0.07,1.0,55.0,1920
0.0,0.7,0.7,1,1,2,1.6,24.0,1,1,7.0,0.02,0.05,0.05,0.02,1.0,0.03,0.03,0.06,0.0,0.2,1.0,0.03,0.0,11.0,2021
0.0,0.4,0.4,1,1,5,1.1,14.0,1,1,6.0,0.04,0.11,0.11,0.04,0.0,0.1,0.1,0.51,1.0,0.61,0.0,0.1,3.0,14.0,2223
0.0,0.6,0.6,2,2,2,1.3,2.0,2,2,6.0,0.05,0.1,0.1,0.05,0.0,0.14,0.14,0.14,0.0,0.43,1.0,0.14,1.0,0.0,1819
2.0,1.5,1.5,0,0,5,2.7,32.0,0,3,24.0,0.15,0.28,0.28,0.15,1.0,0.3,0.0,0.51,1.0,2.43,1.0,0.3,18.0,67.0,2223
0.0,0.9,0.9,1,1,2,1.1,12.0,1,2,13.0,0.06,0.06,0.06,0.06,0.0,0.12,0.06,0.12,0.0,0.77,1.0,0.12,1.0,5.0,1718
5.0,3.2,3.2,3,3,12,7.4,41.0,3,5,30.0,0.17,0.39,0.39,0.17,2.0,0.26,0.16,0.63,2.0,1.58,2.0,0.26,11.0,102.0,2122
8.0,3.6,2.9,5,5,13,7.6,69.0,4,7,43.0,0.17,0.4,0.37,0.14,7.0,0.33,0.24,0.62,3.0,2.05,6.0,0.29,31.0,142.0,2223
2.0,6.6,5.8,8,8,24,13.8,124.0,8,15,53.0,0.23,0.51,0.49,0.2,3.0,0.53,0.28,0.84,3.0,1.86,9.0,0.53,56.0,259.0,2324
0.0,0.9,0.9,1,1,2,1.0,15.0,1,1,7.0,0.09,0.1,0.1,0.09,0.0,0.1,0.1,0.2,1.0,0.69,0.0,0.1,0.0,3.0,1920
0.0,0.7,0.7,0,0,4,0.9,14.0,0,0,8.0,0.03,0.04,0.04,0.03,1.0,0.0,0.0,0.16,0.0,0.33,2.0,0.0,2.0,1.0,2223
5.0,3.0,3.0,1,1,6,3.2,56.0,1,1,31.0,0.38,0.41,0.41,0.38,1.0,0.13,0.13,0.76,0.0,3.93,1.0,0.13,4.0,35.0,2223
0.0,1.2,1.2,1,1,1,1.6,17.0,1,2,9.0,0.08,0.11,0.11,0.08,0.0,0.14,0.07,0.07,0.0,0.62,1.0,0.14,0.0,7.0,2122
1.0,0.6,0.6,1,1,3,1.0,21.0,1,2,11.0,0.03,0.04,0.04,0.03,0.0,0.09,0.04,0.13,1.0,0.47,2.0,0.09,0.0,1.0,2324
0.0,1.9,1.7,3,3,5,2.5,48.0,3,5,19.0,0.07,0.09,0.09,0.06,1.0,0.18,0.11,0.18,1.0,0.67,1.0,0.18,0.0,12.0,1920
3.0,0.5,0.5,0,0,1,1.1,15.0,0,1,7.0,0.04,0.09,0.09,0.04,0.0,0.08,0.0,0.08,1.0,0.57,0.0,0.08,0.0,2.0,2021
3.0,2.4,2.4,3,3,3,2.8,23.0,3,3,10.0,0.1,0.12,0.12,0.1,1.0,0.13,0.13,0.13,0.0,0.43,2.0,0.13,0.0,5.0,2122
0.0,1.7,1.7,3,3,4,2.1,34.0,3,4,17.0,0.05,0.07,0.07,0.05,0.0,0.13,0.1,0.13,1.0,0.54,1.0,0.13,0.0,7.0,2223
14.0,8.8,8.8,10,10,23,12.6,118.0,10,12,59.0,0.31,0.44,0.44,0.31,1.0,0.42,0.35,0.8,53.0,2.05,9.0,0.42,10.0,199.0,1819
12.0,15.7,14.9,14,14,28,16.7,105.0,13,15,64.0,0.58,0.64,0.62,0.55,3.0,0.55,0.52,1.03,35.0,2.36,4.0,0.52,6.0,160.0,1920
3.0,13.0,11.4,12,12,37,13.4,129.0,10,15,68.0,0.43,0.49,0.44,0.38,0.0,0.49,0.39,1.21,24.0,2.23,5.0,0.43,14.0,217.0,2021
2.0,3.1,2.3,2,2,6,3.4,49.0,1,2,20.0,0.21,0.28,0.23,0.16,0.0,0.14,0.14,0.41,10.0,1.36,2.0,0.07,1.0,60.0,2122
1.0,1.8,1.0,2,2,3,1.3,16.0,1,2,8.0,0.37,0.43,0.27,0.21,0.0,0.4,0.4,0.61,3.0,1.61,1.0,0.2,0.0,23.0,2223
14.0,1.0,1.0,1,1,1,1.2,8.0,1,1,3.0,0.23,0.28,0.28,0.23,1.0,0.24,0.24,0.24,3.0,0.73,1.0,0.24,0.0,12.0,2223
20.0,11.9,11.9,14,14,26,14.0,92.0,14,15,48.0,0.59,0.69,0.69,0.59,3.0,0.75,0.7,1.29,7.0,2.38,7.0,0.75,7.0,76.0,2324
1.0,0.7,0.7,0,0,2,1.0,6.0,0,1,3.0,0.14,0.21,0.21,0.14,0.0,0.2,0.0,0.4,0.0,0.61,0.0,0.2,0.0,9.0,2223
0.0,0.2,0.2,1,1,2,0.2,5.0,1,1,5.0,0.01,0.01,0.01,0.01,1.0,0.08,0.08,0.15,1.0,0.38,1.0,0.08,1.0,1.0,2324
0.0,2.1,2.1,1,1,14,3.7,37.0,1,1,28.0,0.13,0.22,0.22,0.13,3.0,0.06,0.06,0.84,4.0,1.69,4.0,0.06,14.0,72.0,1819
2.0,3.4,3.4,1,1,8,4.2,49.0,1,2,26.0,0.37,0.47,0.47,0.37,1.0,0.22,0.11,0.88,10.0,2.87,1.0,0.22,4.0,53.0,1819
10.0,5.1,5.1,2,2,19,7.7,81.0,2,3,41.0,0.36,0.55,0.55,0.36,1.0,0.21,0.14,1.36,12.0,2.93,4.0,0.21,10.0,79.0,1920
4.0,8.3,8.3,10,10,33,9.1,118.0,10,11,71.0,0.41,0.45,0.45,0.41,1.0,0.55,0.5,1.64,14.0,3.52,2.0,0.55,9.0,124.0,2021
2.0,5.4,5.4,8,8,28,12.8,67.0,8,20,83.0,0.17,0.42,0.42,0.17,2.0,0.65,0.26,0.91,2.0,2.69,10.0,0.65,16.0,132.0,1819
1.0,1.9,1.9,2,2,9,3.8,16.0,2,4,26.0,0.15,0.31,0.31,0.15,2.0,0.33,0.16,0.74,2.0,2.13,0.0,0.33,6.0,32.0,1920
3.0,2.0,2.0,1,1,9,4.9,25.0,1,3,24.0,0.26,0.62,0.62,0.26,0.0,0.38,0.13,1.15,0.0,3.07,2.0,0.38,2.0,45.0,1920
1.0,1.4,1.4,3,3,12,4.2,24.0,3,3,30.0,0.09,0.27,0.27,0.09,4.0,0.19,0.19,0.78,1.0,1.95,4.0,0.19,3.0,49.0,2021
1.0,1.3,1.3,1,1,8,4.8,12.0,1,5,22.0,0.12,0.46,0.46,0.12,8.0,0.48,0.1,0.77,0.0,2.11,1.0,0.48,3.0,22.0,2122
1.0,5.0,5.0,1,1,11,9.2,35.0,1,9,39.0,0.22,0.4,0.4,0.22,2.0,0.4,0.04,0.48,3.0,1.71,3.0,0.4,3.0,66.0,2223
1.0,1.0,1.0,1,1,4,3.3,12.0,1,3,13.0,0.08,0.26,0.26,0.08,2.0,0.24,0.08,0.32,1.0,1.03,0.0,0.24,2.0,23.0,2324
0.0,0.2,0.2,0,0,1,0.3,1.0,0,0,5.0,0.03,0.04,0.04,0.03,0.0,0.0,0.0,0.12,1.0,0.58,0.0,0.0,1.0,18.0,1920
3.0,2.5,2.5,0,0,5,4.6,42.0,0,5,29.0,0.11,0.2,0.2,0.11,2.0,0.22,0.0,0.22,3.0,1.29,2.0,0.22,3.0,65.0,1819
0.0,2.4,2.4,3,3,11,4.9,45.0,3,5,35.0,0.09,0.18,0.18,0.09,0.0,0.18,0.11,0.41,4.0,1.29,4.0,0.18,4.0,71.0,1920
1.0,0.3,0.3,0,0,1,1.0,6.0,0,1,7.0,0.02,0.06,0.06,0.02,1.0,0.06,0.0,0.06,0.0,0.43,1.0,0.06,1.0,9.0,2021
0.0,0.2,0.2,1,1,1,0.6,7.0,1,2,5.0,0.01,0.03,0.03,0.01,1.0,0.1,0.05,0.05,1.0,0.24,1.0,0.1,2.0,17.0,2223
1.0,1.2,1.2,1,1,7,6.4,49.0,1,5,27.0,0.04,0.21,0.21,0.04,2.0,0.16,0.03,0.23,6.0,0.88,3.0,0.16,6.0,128.0,2223
2.0,0.5,0.5,1,1,2,2.6,14.0,1,3,6.0,0.04,0.22,0.22,0.04,2.0,0.25,0.08,0.17,1.0,0.51,1.0,0.25,5.0,63.0,2324
0.0,1.5,1.5,0,0,2,2.1,17.0,0,0,8.0,0.08,0.12,0.12,0.08,2.0,0.0,0.0,0.11,0.0,0.45,1.0,0.0,0.0,1.0,1819
0.0,0.9,0.9,0,0,1,1.8,18.0,0,2,9.0,0.04,0.07,0.07,0.04,0.0,0.08,0.0,0.04,0.0,0.36,0.0,0.08,0.0,0.0,1920
2.0,1.2,1.2,1,1,2,1.6,9.0,1,2,7.0,0.12,0.17,0.17,0.12,0.0,0.21,0.1,0.21,0.0,0.73,1.0,0.21,0.0,1.0,2324
5.0,1.1,1.1,1,1,3,1.3,16.0,1,2,10.0,0.32,0.37,0.37,0.32,2.0,0.6,0.3,0.9,0.0,2.99,0.0,0.6,1.0,22.0,1920
1.0,1.8,1.8,5,5,9,2.8,49.0,5,7,22.0,0.17,0.28,0.28,0.17,1.0,0.69,0.49,0.89,6.0,2.16,1.0,0.69,6.0,76.0,1920
4.0,3.2,3.2,1,1,6,4.3,53.0,1,2,17.0,0.29,0.39,0.39,0.29,4.0,0.18,0.09,0.54,5.0,1.54,1.0,0.18,7.0,86.0,2021
2.0,5.3,5.3,4,4,13,9.0,111.0,4,8,42.0,0.26,0.43,0.43,0.26,1.0,0.39,0.19,0.63,7.0,2.03,5.0,0.39,24.0,203.0,2223
1.0,1.9,1.9,2,2,7,3.7,50.0,2,3,24.0,0.16,0.31,0.31,0.16,0.0,0.25,0.17,0.58,0.0,1.98,2.0,0.25,5.0,110.0,2324
0.0,2.7,2.7,1,1,5,3.3,22.0,1,1,16.0,0.47,0.59,0.59,0.47,1.0,0.18,0.18,0.89,2.0,2.84,2.0,0.18,1.0,39.0,2425
0.0,1.0,1.0,2,2,2,1.3,13.0,2,2,5.0,0.08,0.1,0.1,0.08,0.0,0.16,0.16,0.16,0.0,0.4,1.0,0.16,4.0,11.0,2324
2.0,1.6,1.6,1,1,8,4.7,42.0,1,4,19.0,0.08,0.24,0.24,0.08,1.0,0.2,0.05,0.41,0.0,0.97,4.0,0.2,2.0,8.0,2223
5.0,3.5,3.5,2,2,7,5.4,57.0,2,3,35.0,0.12,0.19,0.19,0.12,4.0,0.11,0.07,0.25,1.0,1.26,3.0,0.11,3.0,42.0,2324
0.0,0.1,0.1,1,1,1,0.3,2.0,1,2,3.0,0.02,0.05,0.05,0.02,2.0,0.38,0.19,0.19,0.0,0.58,0.0,0.38,0.0,4.0,1920
9.0,4.8,4.8,4,4,10,7.4,69.0,4,8,27.0,0.47,0.72,0.72,0.47,4.0,0.77,0.39,0.97,7.0,2.61,4.0,0.77,27.0,109.0,1819
6.0,6.1,6.1,4,4,16,8.9,112.0,4,6,43.0,0.32,0.46,0.46,0.32,2.0,0.31,0.21,0.83,4.0,2.23,2.0,0.31,37.0,160.0,2021
1.0,4.9,4.9,6,6,11,6.2,69.0,6,8,28.0,0.34,0.43,0.43,0.34,1.0,0.56,0.42,0.77,4.0,1.95,4.0,0.56,18.0,108.0,2122
12.0,1.7,1.7,1,1,6,2.3,43.0,1,2,19.0,0.18,0.26,0.26,0.18,8.0,0.22,0.11,0.66,0.0,2.08,3.0,0.22,14.0,76.0,2223
11.0,8.0,8.0,12,12,31,12.8,128.0,12,20,65.0,0.28,0.44,0.44,0.28,9.0,0.69,0.42,1.07,4.0,2.25,6.0,0.69,46.0,293.0,2324
6.0,8.8,8.8,7,7,23,11.0,82.0,7,9,55.0,0.53,0.66,0.66,0.53,3.0,0.54,0.42,1.39,6.0,3.32,8.0,0.54,17.0,105.0,1920
7.0,5.9,5.9,6,6,21,9.4,95.0,6,9,61.0,0.23,0.36,0.36,0.23,2.0,0.34,0.23,0.8,1.0,2.32,5.0,0.34,19.0,133.0,2021
7.0,7.0,7.0,7,7,17,10.8,76.0,7,9,42.0,0.33,0.51,0.51,0.33,3.0,0.43,0.33,0.81,1.0,2.0,1.0,0.43,15.0,116.0,2122
2.0,3.7,3.7,5,5,11,5.2,67.0,5,6,31.0,0.28,0.41,0.41,0.28,1.0,0.47,0.39,0.85,1.0,2.41,5.0,0.47,13.0,86.0,2324
0.0,1.0,1.0,2,2,3,1.9,14.0,2,3,8.0,0.08,0.15,0.15,0.08,0.0,0.24,0.16,0.24,0.0,0.63,0.0,0.24,1.0,17.0,1819
0.0,0.3,0.3,0,0,1,1.3,11.0,0,2,9.0,0.01,0.06,0.06,0.01,0.0,0.09,0.0,0.04,0.0,0.4,1.0,0.09,3.0,17.0,2021
0.0,0.3,0.3,0,0,1,0.7,5.0,0,0,3.0,0.04,0.08,0.08,0.04,0.0,0.0,0.0,0.12,0.0,0.36,0.0,0.0,0.0,10.0,2122
0.0,0.4,0.4,0,0,1,2.4,41.0,0,0,6.0,0.01,0.1,0.1,0.01,0.0,0.0,0.0,0.04,4.0,0.24,1.0,0.0,6.0,60.0,2223
0.0,0.0,0.0,0,0,1,0.0,1.0,0,0,2.0,0.03,0.03,0.03,0.03,0.0,0.0,0.0,0.57,0.0,1.15,0.0,0.0,0.0,0.0,2122
0.0,1.2,1.2,3,3,3,1.6,9.0,3,3,6.0,0.1,0.13,0.13,0.1,0.0,0.24,0.24,0.24,0.0,0.49,0.0,0.24,2.0,11.0,1920
1.0,0.5,0.5,1,1,3,0.7,6.0,1,1,4.0,0.05,0.07,0.07,0.05,1.0,0.1,0.1,0.31,0.0,0.41,1.0,0.1,1.0,46.0,1819
3.0,2.0,2.0,1,1,10,3.1,46.0,1,2,29.0,0.18,0.26,0.26,0.18,6.0,0.16,0.08,0.8,11.0,2.31,3.0,0.16,13.0,85.0,2122
2.0,2.2,2.2,3,3,8,6.0,63.0,3,9,29.0,0.1,0.27,0.27,0.1,2.0,0.41,0.14,0.36,15.0,1.32,3.0,0.41,20.0,231.0,2223
0.0,0.6,0.6,0,0,2,3.1,19.0,0,2,12.0,0.04,0.22,0.22,0.04,0.0,0.14,0.0,0.14,0.0,0.84,1.0,0.14,3.0,67.0,2223
3.0,2.4,2.4,4,4,13,3.1,27.0,4,4,20.0,0.35,0.45,0.45,0.35,2.0,0.57,0.57,1.85,2.0,2.85,4.0,0.57,3.0,47.0,1718
5.0,2.6,2.6,3,3,5,5.7,40.0,3,5,23.0,0.21,0.44,0.44,0.21,13.0,0.39,0.23,0.39,0.0,1.79,0.0,0.39,12.0,130.0,1819
6.0,7.8,7.8,5,5,24,16.9,86.0,5,18,52.0,0.36,0.79,0.79,0.36,6.0,0.84,0.23,1.12,6.0,2.43,6.0,0.84,31.0,184.0,1920
20.0,6.9,6.9,6,6,26,13.9,104.0,6,12,55.0,0.33,0.66,0.66,0.33,13.0,0.57,0.29,1.24,16.0,2.62,8.0,0.57,20.0,206.0,2021
16.0,16.1,15.3,20,20,39,25.0,192.0,19,33,81.0,0.53,0.85,0.83,0.51,4.0,1.09,0.66,1.29,13.0,2.68,12.0,1.06,52.0,284.0,2122
3.0,14.4,11.3,16,16,25,15.6,128.0,13,20,70.0,0.68,0.89,0.74,0.54,0.0,0.95,0.76,1.19,12.0,3.32,10.0,0.81,23.0,176.0,2223
2.0,0.3,0.3,1,1,3,6.3,16.0,1,10,8.0,0.01,0.22,0.22,0.01,0.0,0.35,0.03,0.1,2.0,0.28,0.0,0.35,5.0,78.0,2021
0.0,1.4,1.4,2,2,5,3.6,29.0,2,2,20.0,0.06,0.16,0.16,0.06,6.0,0.09,0.09,0.23,0.0,0.9,2.0,0.09,6.0,70.0,2122
0.0,0.7,0.7,0,0,3,4.0,28.0,0,6,14.0,0.04,0.2,0.2,0.04,2.0,0.3,0.0,0.15,1.0,0.7,0.0,0.3,8.0,80.0,2223
0.0,0.6,0.5,0,0,4,2.6,12.0,0,2,6.0,0.03,0.14,0.14,0.03,3.0,0.11,0.0,0.22,3.0,0.33,0.0,0.11,0.0,65.0,2324
0.0,1.3,1.3,1,1,2,2.0,19.0,1,1,10.0,0.09,0.13,0.13,0.09,0.0,0.06,0.06,0.13,0.0,0.65,2.0,0.06,1.0,4.0,2324
0.0,0.7,0.7,1,1,2,0.8,16.0,1,1,8.0,0.03,0.04,0.04,0.03,1.0,0.05,0.05,0.1,1.0,0.38,0.0,0.05,0.0,4.0,2021
36.0,15.9,12.7,15,15,45,18.7,209.0,11,21,120.0,0.5,0.69,0.59,0.4,9.0,0.66,0.47,1.42,39.0,3.78,13.0,0.54,47.0,335.0,1819
20.0,27.2,15.3,36,36,56,21.6,229.0,22,45,127.0,0.77,0.95,0.61,0.44,6.0,1.28,1.02,1.59,21.0,3.61,11.0,0.88,44.0,253.0,1920
27.0,19.8,13.6,20,20,44,19.8,207.0,16,26,112.0,0.63,0.82,0.62,0.43,2.0,0.82,0.63,1.39,30.0,3.54,14.0,0.69,38.0,250.0,2021
7.0,14.2,10.3,12,12,30,12.2,159.0,8,17,72.0,0.57,0.65,0.49,0.42,1.0,0.69,0.49,1.22,21.0,2.92,12.0,0.53,27.0,174.0,2223
0.0,0.7,0.7,1,1,1,0.8,8.0,1,1,2.0,0.24,0.26,0.26,0.24,0.0,0.33,0.33,0.33,2.0,0.67,0.0,0.33,4.0,19.0,1819
0.0,3.1,3.1,5,5,9,3.8,43.0,5,7,26.0,0.4,0.49,0.49,0.4,0.0,0.91,0.65,1.17,5.0,3.38,3.0,0.91,2.0,63.0,1819
0.0,3.7,2.1,5,5,7,6.0,18.0,3,9,25.0,0.28,0.57,0.45,0.16,0.0,0.67,0.37,0.52,2.0,1.86,3.0,0.52,1.0,67.0,1718
1.0,3.8,2.9,2,2,13,8.2,21.0,2,7,48.0,0.13,0.31,0.28,0.1,0.0,0.24,0.07,0.44,0.0,1.62,5.0,0.24,2.0,62.0,1819
4.0,0.7,0.7,1,1,2,1.4,8.0,1,1,7.0,0.08,0.15,0.15,0.08,3.0,0.11,0.11,0.21,0.0,0.75,0.0,0.11,2.0,20.0,1920
1.0,2.6,1.8,4,4,8,4.0,25.0,3,7,26.0,0.22,0.4,0.34,0.15,0.0,0.58,0.33,0.67,0.0,2.17,2.0,0.5,1.0,63.0,2021
1.0,2.6,2.6,3,3,5,3.3,29.0,3,4,14.0,0.08,0.1,0.1,0.08,0.0,0.12,0.09,0.15,1.0,0.42,1.0,0.12,3.0,3.0,1718
2.0,0.9,0.9,1,1,2,0.9,9.0,1,1,6.0,0.04,0.04,0.04,0.04,1.0,0.05,0.05,0.09,1.0,0.28,0.0,0.05,0.0,2.0,1819
0.0,1.8,1.8,1,1,5,2.7,16.0,1,1,11.0,0.07,0.1,0.1,0.07,1.0,0.04,0.04,0.18,6.0,0.4,0.0,0.04,0.0,9.0,2021
0.0,0.2,0.2,0,0,1,0.5,5.0,0,1,2.0,0.02,0.05,0.05,0.02,2.0,0.11,0.0,0.11,0.0,0.22,1.0,0.11,0.0,1.0,2122
10.0,9.0,9.0,8,8,24,11.8,107.0,8,13,66.0,0.49,0.64,0.64,0.49,4.0,0.71,0.44,1.31,8.0,3.6,12.0,0.71,13.0,130.0,2324
1.0,1.9,1.9,4,4,6,3.1,37.0,4,4,12.0,0.09,0.16,0.16,0.09,0.0,0.2,0.2,0.3,1.0,0.59,0.0,0.2,7.0,86.0,1819
0.0,0.9,0.9,1,1,3,1.2,24.0,1,1,9.0,0.08,0.11,0.11,0.08,0.0,0.09,0.09,0.27,1.0,0.82,0.0,0.09,5.0,41.0,1920
1.0,0.4,0.4,0,0,2,1.0,9.0,0,0,9.0,0.05,0.11,0.11,0.05,0.0,0.0,0.0,0.22,0.0,0.97,0.0,0.0,3.0,23.0,2021
22.0,1.2,1.2,0,0,3,1.8,32.0,0,1,11.0,0.3,0.44,0.44,0.3,11.0,0.24,0.0,0.73,1.0,2.68,4.0,0.24,15.0,40.0,2223
0.0,18.2,11.1,22,22,37,22.2,126.0,13,33,100.0,0.63,1.01,0.77,0.38,0.0,1.14,0.76,1.28,6.0,3.45,10.0,0.83,46.0,195.0,2324
0.0,0.7,0.7,1,1,1,1.7,32.0,1,3,7.0,0.05,0.11,0.11,0.05,0.0,0.2,0.07,0.07,3.0,0.46,0.0,0.2,12.0,110.0,2021
0.0,0.4,0.4,1,1,4,1.6,18.0,1,2,6.0,0.02,0.09,0.09,0.02,1.0,0.11,0.05,0.21,1.0,0.32,1.0,0.11,4.0,44.0,2122
1.0,0.8,0.8,1,1,2,1.2,10.0,1,2,4.0,0.04,0.05,0.05,0.04,0.0,0.09,0.04,0.09,2.0,0.17,1.0,0.09,0.0,1.0,2223
3.0,6.3,6.3,8,8,22,9.4,80.0,8,11,52.0,0.2,0.3,0.3,0.2,1.0,0.35,0.25,0.7,2.0,1.64,8.0,0.35,12.0,118.0,2122
5.0,2.5,2.5,3,3,11,4.7,59.0,3,4,28.0,0.14,0.26,0.26,0.14,7.0,0.22,0.17,0.61,2.0,1.55,2.0,0.22,12.0,104.0,2223
0.0,0.5,0.5,1,1,1,1.3,10.0,1,2,7.0,0.04,0.09,0.09,0.04,0.0,0.14,0.07,0.07,0.0,0.47,1.0,0.14,0.0,2.0,2324
0.0,1.5,1.5,0,0,6,2.9,26.0,0,0,14.0,0.21,0.42,0.42,0.21,0.0,0.0,0.0,0.86,5.0,2.0,1.0,0.0,11.0,54.0,1819
1.0,1.7,1.7,1,1,10,2.2,25.0,1,2,21.0,0.26,0.34,0.34,0.26,0.0,0.31,0.16,1.55,2.0,3.26,2.0,0.31,1.0,55.0,2021
1.0,1.3,1.3,1,1,3,2.9,26.0,1,3,15.0,0.18,0.41,0.41,0.18,0.0,0.42,0.14,0.42,0.0,2.12,2.0,0.42,2.0,41.0,1920
2.0,2.2,2.2,1,1,7,2.6,22.0,1,1,12.0,0.25,0.3,0.3,0.25,1.0,0.12,0.12,0.81,1.0,1.38,1.0,0.12,1.0,27.0,2021
1.0,2.1,2.1,2,2,3,4.0,18.0,2,3,17.0,0.27,0.51,0.51,0.27,2.0,0.38,0.26,0.38,3.0,2.18,1.0,0.38,1.0,26.0,2122
7.0,3.2,2.4,2,2,13,4.2,39.0,1,3,38.0,0.17,0.26,0.22,0.13,4.0,0.16,0.1,0.67,1.0,1.96,9.0,0.1,2.0,67.0,2324
0.0,1.5,1.5,3,3,5,1.8,21.0,3,3,13.0,0.04,0.05,0.05,0.04,0.0,0.09,0.09,0.15,0.0,0.38,2.0,0.09,0.0,2.0,1819
0.0,0.2,0.2,0,0,1,0.3,12.0,0,0,2.0,0.01,0.01,0.01,0.01,1.0,0.0,0.0,0.04,0.0,0.07,0.0,0.0,1.0,3.0,1920
3.0,3.0,3.0,2,2,7,3.5,49.0,2,2,26.0,0.11,0.13,0.13,0.11,0.0,0.08,0.08,0.27,0.0,0.99,4.0,0.08,0.0,7.0,1920
0.0,3.0,3.0,2,2,5,4.0,45.0,2,4,25.0,0.1,0.13,0.13,0.1,0.0,0.13,0.07,0.16,1.0,0.82,5.0,0.13,0.0,3.0,2122
1.0,0.7,0.7,0,0,2,0.7,15.0,0,0,9.0,0.02,0.02,0.02,0.02,0.0,0.0,0.0,0.06,0.0,0.26,0.0,0.0,3.0,4.0,2324
9.0,14.1,10.4,19,19,34,11.4,138.0,14,19,72.0,0.47,0.5,0.38,0.34,0.0,0.63,0.63,1.12,24.0,2.37,5.0,0.46,7.0,129.0,1819
9.0,9.7,5.0,9,9,15,6.2,56.0,4,9,29.0,0.8,0.9,0.51,0.41,3.0,0.74,0.74,1.24,7.0,2.39,6.0,0.33,1.0,26.0,2223
11.0,9.6,9.6,9,9,17,11.5,47.0,9,12,34.0,1.08,1.29,1.29,1.08,2.0,1.34,1.01,1.9,4.0,3.81,3.0,1.34,3.0,24.0,2324
4.0,1.4,1.4,3,3,10,4.3,36.0,3,5,39.0,0.07,0.21,0.21,0.07,4.0,0.25,0.15,0.5,2.0,1.94,4.0,0.25,9.0,108.0,1819
1.0,1.9,1.9,4,4,8,5.2,41.0,4,8,29.0,0.09,0.26,0.26,0.09,6.0,0.41,0.2,0.41,4.0,1.48,3.0,0.41,11.0,124.0,1920
0.0,1.9,1.1,1,1,6,6.1,31.0,0,7,17.0,0.09,0.32,0.28,0.05,3.0,0.32,0.05,0.28,0.0,0.79,4.0,0.28,8.0,93.0,2021
0.0,0.2,0.2,0,0,1,0.7,2.0,0,0,8.0,0.01,0.04,0.04,0.01,1.0,0.0,0.0,0.06,2.0,0.49,0.0,0.0,1.0,21.0,2223
1.0,0.1,0.1,0,0,1,0.6,1.0,0,1,6.0,0.01,0.04,0.04,0.01,0.0,0.08,0.0,0.08,0.0,0.45,2.0,0.08,0.0,16.0,2324
0.0,1.7,1.7,2,2,6,2.3,18.0,2,2,14.0,0.09,0.12,0.12,0.09,0.0,0.11,0.11,0.32,1.0,0.74,3.0,0.11,2.0,36.0,1819
1.0,1.3,1.3,2,2,7,2.1,29.0,2,4,14.0,0.05,0.07,0.07,0.05,0.0,0.14,0.07,0.25,0.0,0.5,2.0,0.14,0.0,8.0,2021
5.0,1.5,1.5,0,0,2,2.6,17.0,0,1,11.0,0.06,0.1,0.1,0.06,0.0,0.04,0.0,0.08,0.0,0.42,0.0,0.04,1.0,9.0,2223
2.0,2.9,2.9,4,4,17,7.0,89.0,4,10,36.0,0.17,0.4,0.4,0.17,0.0,0.57,0.23,0.97,5.0,2.06,2.0,0.57,48.0,162.0,1819
5.0,1.9,1.9,2,2,6,2.2,30.0,2,2,20.0,0.22,0.25,0.25,0.22,3.0,0.23,0.23,0.69,0.0,2.29,1.0,0.23,14.0,83.0,1920
2.0,2.7,2.7,5,5,14,5.0,49.0,5,8,35.0,0.19,0.35,0.35,0.19,2.0,0.56,0.35,0.98,3.0,2.46,4.0,0.56,20.0,98.0,2021
1.0,0.4,0.4,1,1,1,1.5,11.0,1,2,4.0,0.14,0.61,0.61,0.14,0.0,0.79,0.4,0.4,0.0,1.59,0.0,0.79,3.0,24.0,2223
1.0,0.6,0.6,2,2,5,4.5,23.0,2,8,9.0,0.03,0.26,0.26,0.03,5.0,0.46,0.11,0.29,3.0,0.51,0.0,0.46,4.0,129.0,1920
4.0,1.9,1.9,1,1,6,8.6,56.0,1,6,25.0,0.06,0.28,0.28,0.06,1.0,0.19,0.03,0.19,4.0,0.8,3.0,0.19,8.0,225.0,2021
2.0,1.8,1.1,2,2,5,6.6,26.0,2,6,24.0,0.07,0.26,0.23,0.04,5.0,0.21,0.07,0.18,1.0,0.85,3.0,0.21,10.0,113.0,2223
1.0,1.6,0.8,2,2,5,4.4,14.0,2,7,16.0,0.06,0.2,0.17,0.03,0.0,0.27,0.08,0.19,1.0,0.61,0.0,0.27,3.0,109.0,2324
31.0,22.2,17.5,21,21,62,22.1,196.0,16,29,171.0,0.74,0.9,0.74,0.58,5.0,0.97,0.7,2.08,29.0,5.73,23.0,0.8,48.0,358.0,1819
18.0,27.7,21.4,29,29,61,25.2,197.0,23,31,160.0,0.89,1.01,0.81,0.69,3.0,1.0,0.93,1.96,31.0,5.14,19.0,0.8,67.0,277.0,2021
1.0,0.2,0.2,0,0,1,0.6,10.0,0,0,3.0,0.02,0.05,0.05,0.02,0.0,0.0,0.0,0.09,0.0,0.26,0.0,0.0,1.0,0.0,1819
0.0,0.8,0.8,1,1,2,1.4,20.0,1,1,12.0,0.04,0.08,0.08,0.04,0.0,0.05,0.05,0.1,0.0,0.63,3.0,0.05,0.0,4.0,1920
1.0,2.9,2.9,4,4,9,4.5,70.0,4,6,29.0,0.18,0.28,0.28,0.18,1.0,0.38,0.25,0.57,8.0,1.83,4.0,0.38,19.0,92.0,2223
5.0,10.8,9.2,4,4,22,13.6,119.0,2,7,78.0,0.45,0.64,0.57,0.38,1.0,0.29,0.17,0.92,14.0,3.27,11.0,0.21,28.0,166.0,1819
2.0,3.8,3.8,5,5,15,5.6,64.0,5,6,45.0,0.23,0.34,0.34,0.23,3.0,0.36,0.3,0.91,4.0,2.72,3.0,0.36,22.0,100.0,1920
5.0,2.7,2.7,2,2,11,4.0,53.0,2,5,28.0,0.17,0.25,0.25,0.17,2.0,0.31,0.12,0.68,10.0,1.72,2.0,0.31,17.0,98.0,2021
1.0,1.7,1.7,1,1,9,3.2,26.0,1,3,19.0,0.13,0.24,0.24,0.13,1.0,0.23,0.08,0.69,1.0,1.45,1.0,0.23,8.0,79.0,2021
3.0,0.9,0.9,1,1,7,1.5,17.0,1,2,20.0,0.1,0.16,0.16,0.1,1.0,0.21,0.11,0.74,1.0,2.12,3.0,0.21,3.0,54.0,2122
1.0,1.2,1.2,3,3,5,2.3,40.0,3,4,15.0,0.1,0.2,0.2,0.1,1.0,0.35,0.26,0.43,2.0,1.3,1.0,0.35,11.0,75.0,2223
3.0,2.6,2.6,1,1,5,3.3,38.0,1,2,19.0,0.2,0.25,0.25,0.2,3.0,0.15,0.08,0.39,5.0,1.47,3.0,0.15,7.0,88.0,2324
7.0,9.0,9.0,3,3,25,10.4,111.0,3,5,69.0,0.45,0.52,0.52,0.45,2.0,0.25,0.15,1.23,31.0,3.41,5.0,0.25,17.0,103.0,2324
1.0,4.2,3.4,6,6,14,5.1,56.0,6,8,42.0,0.27,0.37,0.32,0.21,0.0,0.5,0.38,0.88,3.0,2.64,6.0,0.5,19.0,117.0,2324
0.0,1.0,1.0,1,1,5,1.8,16.0,1,1,17.0,0.29,0.51,0.51,0.29,0.0,0.29,0.29,1.43,1.0,4.86,4.0,0.29,6.0,43.0,2324
0.0,2.6,2.6,4,4,8,3.0,28.0,4,4,19.0,0.65,0.76,0.76,0.65,1.0,1.01,1.01,2.02,5.0,4.8,1.0,1.01,4.0,28.0,2122
0.0,1.1,1.1,0,0,4,1.6,23.0,0,0,11.0,0.03,0.05,0.05,0.03,0.0,0.0,0.0,0.12,0.0,0.32,1.0,0.0,2.0,1.0,2223
0.0,0.3,0.3,1,1,3,1.4,16.0,1,3,10.0,0.02,0.08,0.08,0.02,1.0,0.18,0.06,0.18,1.0,0.6,1.0,0.18,3.0,66.0,1819
0.0,0.0,0.0,1,1,1,0.1,2.0,1,1,1.0,0.01,0.02,0.02,0.01,1.0,0.36,0.36,0.36,0.0,0.36,0.0,0.36,0.0,25.0,1920
1.0,0.3,0.3,0,0,2,1.2,12.0,0,1,7.0,0.03,0.15,0.15,0.03,1.0,0.12,0.0,0.24,0.0,0.84,0.0,0.12,6.0,40.0,2021
0.0,0.6,0.6,1,1,1,2.1,13.0,1,2,12.0,0.03,0.13,0.13,0.03,0.0,0.12,0.06,0.06,3.0,0.73,1.0,0.12,1.0,56.0,2122
1.0,0.7,0.7,1,1,4,3.2,38.0,1,3,11.0,0.03,0.13,0.13,0.03,2.0,0.12,0.04,0.16,5.0,0.45,1.0,0.12,2.0,83.0,2021
0.0,0.9,0.9,1,1,4,2.6,53.0,1,3,11.0,0.04,0.11,0.11,0.04,0.0,0.13,0.04,0.17,2.0,0.48,3.0,0.13,7.0,132.0,2122
0.0,0.4,0.4,0,0,1,1.5,25.0,0,0,9.0,0.02,0.09,0.09,0.02,2.0,0.0,0.0,0.06,2.0,0.53,0.0,0.0,0.0,81.0,2223
1.0,0.6,0.6,0,0,2,3.0,12.0,0,2,2.0,0.04,0.19,0.19,0.04,0.0,0.13,0.0,0.13,0.0,0.13,0.0,0.13,3.0,39.0,2324
5.0,6.7,6.7,2,2,18,10.6,75.0,2,6,46.0,0.31,0.49,0.49,0.31,12.0,0.27,0.09,0.82,7.0,2.1,5.0,0.27,22.0,138.0,1920
4.0,5.6,5.6,5,5,11,13.1,82.0,5,17,38.0,0.21,0.5,0.5,0.21,3.0,0.65,0.19,0.42,7.0,1.45,3.0,0.65,20.0,210.0,2021
9.0,4.6,4.6,4,4,8,7.3,73.0,4,7,36.0,0.19,0.31,0.31,0.19,6.0,0.29,0.17,0.34,6.0,1.51,5.0,0.29,14.0,142.0,2122
2.0,9.9,7.5,9,9,11,10.9,69.0,6,15,41.0,0.39,0.53,0.44,0.3,2.0,0.6,0.36,0.44,7.0,1.63,3.0,0.48,13.0,105.0,2223
0.0,1.8,1.8,2,2,8,4.6,57.0,2,4,29.0,0.11,0.27,0.27,0.11,0.0,0.23,0.12,0.47,2.0,1.69,3.0,0.23,18.0,78.0,2324
0.0,0.8,0.8,0,0,5,4.2,29.0,0,5,18.0,0.03,0.15,0.15,0.03,1.0,0.18,0.0,0.18,4.0,0.65,4.0,0.18,7.0,159.0,1920
0.0,0.3,0.3,1,1,1,1.0,12.0,1,2,11.0,0.01,0.04,0.04,0.01,1.0,0.07,0.04,0.04,0.0,0.4,2.0,0.07,2.0,8.0,1819
0.0,0.6,0.6,0,0,2,1.9,7.0,0,1,19.0,0.02,0.07,0.07,0.02,0.0,0.04,0.0,0.07,0.0,0.68,2.0,0.04,2.0,14.0,1920
0.0,1.7,1.7,1,1,6,2.8,27.0,1,3,17.0,0.05,0.09,0.09,0.05,2.0,0.09,0.03,0.18,0.0,0.51,1.0,0.09,3.0,22.0,2324
0.0,0.3,0.3,0,0,1,0.9,14.0,0,0,6.0,0.02,0.05,0.05,0.02,0.0,0.0,0.0,0.06,1.0,0.34,0.0,0.0,5.0,66.0,2021
0.0,0.2,0.2,0,0,1,0.5,4.0,0,0,1.0,0.05,0.13,0.13,0.05,2.0,0.0,0.0,0.26,0.0,0.26,0.0,0.0,0.0,16.0,2122
0.0,0.2,0.2,0,0,1,1.4,7.0,0,2,4.0,0.04,0.37,0.37,0.04,0.0,0.52,0.0,0.26,0.0,1.05,1.0,0.52,1.0,17.0,2223
1.0,2.1,2.1,2,2,3,2.3,25.0,2,3,14.0,0.07,0.07,0.07,0.07,2.0,0.09,0.06,0.09,0.0,0.44,0.0,0.09,3.0,5.0,1819
0.0,0.3,0.3,0,0,1,0.8,17.0,0,0,12.0,0.03,0.06,0.06,0.03,0.0,0.0,0.0,0.08,0.0,0.96,3.0,0.0,0.0,2.0,2122
0.0,0.3,0.3,1,1,2,1.3,9.0,1,1,10.0,0.01,0.05,0.05,0.01,3.0,0.04,0.04,0.07,0.0,0.37,1.0,0.04,3.0,53.0,2021
1.0,0.4,0.4,0,0,4,3.4,12.0,0,3,14.0,0.01,0.11,0.11,0.01,1.0,0.1,0.0,0.13,1.0,0.46,2.0,0.1,5.0,96.0,2122
0.0,1.1,1.1,1,1,1,2.9,15.0,1,2,6.0,0.05,0.13,0.13,0.05,2.0,0.09,0.05,0.05,2.0,0.28,0.0,0.09,5.0,72.0,2223
1.0,1.5,1.5,1,1,6,2.3,40.0,1,1,17.0,0.07,0.1,0.1,0.07,0.0,0.04,0.04,0.26,4.0,0.74,1.0,0.04,1.0,73.0,2021
0.0,1.6,1.5,1,1,3,2.0,12.0,1,1,7.0,0.14,0.18,0.17,0.13,1.0,0.09,0.09,0.26,0.0,0.62,1.0,0.09,1.0,3.0,2122
2.0,2.1,2.1,1,1,4,3.4,62.0,1,1,21.0,0.06,0.1,0.1,0.06,2.0,0.03,0.03,0.12,7.0,0.61,3.0,0.03,5.0,46.0,2223
1.0,3.1,3.1,2,2,5,4.2,46.0,2,4,23.0,0.1,0.14,0.14,0.1,1.0,0.13,0.07,0.17,4.0,0.76,2.0,0.13,3.0,25.0,2324
3.0,1.9,1.9,2,2,7,3.4,20.0,2,3,21.0,0.1,0.17,0.17,0.1,1.0,0.16,0.1,0.36,2.0,1.09,2.0,0.16,2.0,23.0,1819
1.0,2.9,2.9,3,3,6,4.0,32.0,3,4,13.0,0.21,0.28,0.28,0.21,0.0,0.28,0.21,0.43,2.0,0.93,2.0,0.28,4.0,36.0,1920
8.0,4.9,4.9,1,1,16,6.6,74.0,1,2,41.0,0.25,0.34,0.34,0.25,4.0,0.1,0.05,0.81,7.0,2.08,6.0,0.1,30.0,173.0,2324
1.0,1.4,1.4,2,2,3,1.5,13.0,2,2,10.0,0.1,0.11,0.11,0.1,1.0,0.14,0.14,0.21,0.0,0.71,2.0,0.14,0.0,0.0,1819
0.0,0.3,0.3,1,1,3,0.9,9.0,1,2,4.0,0.03,0.09,0.09,0.03,0.0,0.18,0.09,0.27,0.0,0.37,0.0,0.18,1.0,3.0,1920
0.0,0.3,0.3,0,0,1,0.3,6.0,0,0,4.0,0.02,0.02,0.02,0.02,0.0,0.0,0.0,0.09,0.0,0.38,2.0,0.0,0.0,2.0,2122
1.0,1.7,1.7,0,0,3,2.2,20.0,0,0,13.0,0.12,0.16,0.16,0.12,0.0,0.0,0.0,0.21,0.0,0.92,2.0,0.0,0.0,0.0,2223
0.0,1.0,1.0,1,1,2,1.3,19.0,1,1,11.0,0.06,0.08,0.08,0.06,0.0,0.06,0.06,0.12,1.0,0.68,1.0,0.06,0.0,3.0,2324
1.0,2.1,2.1,1,1,8,3.5,42.0,1,3,24.0,0.24,0.39,0.39,0.24,3.0,0.33,0.11,0.89,0.0,2.66,5.0,0.33,10.0,76.0,2122
7.0,2.6,2.6,1,1,7,4.1,69.0,1,3,30.0,0.19,0.3,0.3,0.19,4.0,0.22,0.07,0.51,4.0,2.2,2.0,0.22,18.0,90.0,2324
1.0,1.4,1.4,1,1,5,6.3,47.0,1,8,27.0,0.06,0.28,0.28,0.06,7.0,0.35,0.04,0.22,4.0,1.18,5.0,0.35,8.0,144.0,1718
1.0,1.8,1.8,1,1,6,8.2,36.0,1,8,27.0,0.1,0.46,0.46,0.1,3.0,0.44,0.06,0.33,4.0,1.5,1.0,0.44,5.0,131.0,1819
1.0,0.4,0.4,1,1,4,3.9,58.0,1,3,11.0,0.02,0.17,0.17,0.02,5.0,0.13,0.04,0.17,2.0,0.47,2.0,0.13,18.0,152.0,1819
1.0,0.5,0.5,0,0,2,1.2,18.0,0,2,9.0,0.04,0.11,0.11,0.04,3.0,0.19,0.0,0.19,0.0,0.85,1.0,0.19,5.0,62.0,2021
0.0,0.5,0.5,1,1,2,2.9,37.0,1,4,10.0,0.03,0.17,0.17,0.03,2.0,0.23,0.06,0.12,0.0,0.58,0.0,0.23,6.0,108.0,2122
1.0,1.7,1.7,4,4,10,4.4,59.0,4,7,18.0,0.07,0.18,0.18,0.07,0.0,0.29,0.17,0.41,2.0,0.75,0.0,0.29,9.0,168.0,2324
3.0,0.4,0.4,2,2,4,0.6,9.0,2,2,7.0,0.09,0.13,0.13,0.09,0.0,0.45,0.45,0.9,0.0,1.57,0.0,0.45,1.0,17.0,1718
0.0,2.3,2.3,3,3,5,3.5,29.0,3,3,22.0,0.16,0.25,0.25,0.16,2.0,0.22,0.22,0.36,1.0,1.59,3.0,0.22,6.0,70.0,1819
0.0,0.6,0.6,0,0,2,3.3,23.0,0,3,13.0,0.04,0.18,0.18,0.04,0.0,0.17,0.0,0.11,0.0,0.72,1.0,0.17,3.0,52.0,2021
0.0,0.9,0.9,0,0,5,3.0,34.0,0,4,18.0,0.05,0.17,0.17,0.05,2.0,0.23,0.0,0.29,1.0,1.04,2.0,0.23,7.0,60.0,2223
0.0,0.3,0.3,0,0,1,1.8,15.0,0,2,7.0,0.05,0.27,0.27,0.05,0.0,0.3,0.0,0.15,0.0,1.05,0.0,0.3,1.0,23.0,2324
0.0,0.3,0.3,0,0,1,0.9,5.0,0,1,6.0,0.02,0.04,0.04,0.02,0.0,0.05,0.0,0.05,0.0,0.28,0.0,0.05,1.0,12.0,2021
0.0,0.6,0.6,0,0,2,1.1,12.0,0,0,12.0,0.02,0.05,0.05,0.02,2.0,0.0,0.0,0.08,1.0,0.5,0.0,0.0,0.0,7.0,2122
0.0,4.7,4.7,4,4,14,6.9,55.0,4,6,31.0,0.4,0.58,0.58,0.4,0.0,0.51,0.34,1.19,11.0,2.62,7.0,0.51,15.0,87.0,2122
5.0,1.8,1.8,3,3,6,2.9,24.0,3,4,21.0,0.21,0.35,0.35,0.21,9.0,0.48,0.36,0.72,0.0,2.53,2.0,0.48,6.0,57.0,1920
3.0,6.6,5.8,5,5,22,10.9,100.0,4,14,76.0,0.27,0.48,0.45,0.24,3.0,0.57,0.21,0.9,2.0,3.12,12.0,0.53,21.0,176.0,2021
2.0,1.9,1.9,3,3,12,4.4,32.0,3,6,22.0,0.23,0.54,0.54,0.23,5.0,0.73,0.36,1.45,1.0,2.66,1.0,0.73,5.0,55.0,2122
4.0,2.9,2.9,2,2,16,7.4,53.0,2,7,43.0,0.21,0.52,0.52,0.21,5.0,0.49,0.14,1.12,1.0,3.02,4.0,0.49,15.0,86.0,2223
10.0,3.3,3.3,4,4,13,8.8,59.0,4,9,45.0,0.21,0.55,0.55,0.21,3.0,0.56,0.25,0.81,1.0,2.8,9.0,0.56,18.0,111.0,2324
0.0,0.3,0.3,0,0,1,0.4,5.0,0,0,6.0,0.2,0.23,0.23,0.2,0.0,0.0,0.0,0.6,1.0,3.6,0.0,0.0,1.0,9.0,2021
3.0,3.2,3.2,3,3,10,6.0,86.0,3,6,42.0,0.1,0.19,0.19,0.1,6.0,0.19,0.1,0.32,3.0,1.33,7.0,0.19,15.0,130.0,2122
2.0,2.4,2.4,3,3,10,5.6,42.0,3,9,25.0,0.1,0.24,0.24,0.1,4.0,0.39,0.13,0.43,4.0,1.07,3.0,0.39,8.0,64.0,2223
4.0,1.4,1.4,2,2,4,5.5,44.0,2,6,27.0,0.05,0.19,0.19,0.05,7.0,0.21,0.07,0.14,6.0,0.93,4.0,0.21,9.0,110.0,2324
1.0,0.3,0.3,0,0,1,0.5,3.0,0,0,4.0,0.05,0.06,0.06,0.05,0.0,0.0,0.0,0.14,1.0,0.56,0.0,0.0,1.0,8.0,1819
0.0,0.4,0.4,1,1,1,0.4,6.0,1,1,3.0,0.05,0.05,0.05,0.05,0.0,0.12,0.12,0.12,0.0,0.37,0.0,0.12,0.0,0.0,2021
0.0,0.0,0.0,0,0,1,0.2,6.0,0,0,2.0,0.0,0.01,0.01,0.0,0.0,0.0,0.0,0.04,1.0,0.08,0.0,0.0,1.0,0.0,2122
0.0,3.6,3.6,1,1,14,6.3,55.0,1,4,31.0,0.13,0.23,0.23,0.13,2.0,0.15,0.04,0.52,4.0,1.14,3.0,0.15,12.0,142.0,1819
1.0,1.0,1.0,0,0,4,2.9,15.0,0,2,8.0,0.15,0.43,0.43,0.15,1.0,0.29,0.0,0.59,3.0,1.17,1.0,0.29,4.0,39.0,2021
2.0,2.0,1.2,2,2,7,7.2,17.0,1,6,22.0,0.1,0.42,0.38,0.06,1.0,0.32,0.11,0.37,0.0,1.16,1.0,0.26,8.0,88.0,1920
0.0,2.0,0.4,2,2,1,3.3,7.0,0,3,8.0,0.12,0.31,0.21,0.02,0.0,0.19,0.13,0.06,0.0,0.5,0.0,0.06,4.0,66.0,2021
6.0,3.4,2.6,2,2,11,5.8,56.0,1,4,43.0,0.13,0.26,0.23,0.1,4.0,0.16,0.08,0.43,1.0,1.69,7.0,0.12,21.0,131.0,1920
4.0,4.8,2.4,6,6,13,7.0,43.0,4,10,37.0,0.16,0.32,0.24,0.08,2.0,0.34,0.2,0.44,3.0,1.25,2.0,0.27,10.0,136.0,2021
1.0,4.3,1.9,4,4,10,4.3,29.0,1,6,33.0,0.19,0.3,0.19,0.08,0.0,0.27,0.18,0.45,0.0,1.48,2.0,0.13,9.0,90.0,2122
2.0,1.2,1.2,0,0,2,1.4,9.0,0,1,9.0,0.06,0.07,0.07,0.06,0.0,0.05,0.0,0.09,0.0,0.42,2.0,0.05,1.0,8.0,1920
4.0,1.9,1.9,2,2,9,4.6,27.0,2,4,24.0,0.18,0.43,0.43,0.18,3.0,0.38,0.19,0.85,6.0,2.26,2.0,0.38,4.0,70.0,1819
0.0,2.8,2.8,4,4,7,5.6,26.0,4,7,23.0,0.26,0.52,0.52,0.26,1.0,0.65,0.37,0.65,4.0,2.13,2.0,0.65,2.0,83.0,2021
3.0,3.8,3.8,6,6,14,5.4,60.0,6,8,35.0,0.27,0.38,0.38,0.27,1.0,0.56,0.42,0.99,4.0,2.47,3.0,0.56,21.0,103.0,1819
0.0,3.2,3.2,3,3,6,4.8,33.0,3,4,24.0,0.37,0.56,0.56,0.37,0.0,0.47,0.35,0.7,5.0,2.81,8.0,0.47,5.0,66.0,1920
4.0,2.2,2.2,3,3,6,3.1,36.0,3,4,17.0,0.22,0.31,0.31,0.22,4.0,0.4,0.3,0.59,4.0,1.68,1.0,0.4,7.0,84.0,2021
0.0,6.1,6.1,4,4,15,8.9,106.0,4,8,50.0,0.23,0.34,0.34,0.23,0.0,0.3,0.15,0.57,13.0,1.9,7.0,0.3,36.0,186.0,2122
0.0,1.7,1.7,2,2,3,2.5,29.0,2,3,14.0,0.25,0.36,0.36,0.25,0.0,0.43,0.29,0.43,2.0,2.03,0.0,0.43,8.0,48.0,2223
2.0,0.4,0.4,1,1,1,0.5,9.0,1,1,3.0,0.26,0.3,0.3,0.26,0.0,0.61,0.61,0.61,1.0,1.82,0.0,0.61,1.0,8.0,2122
0.0,1.2,1.2,2,2,6,1.7,15.0,2,2,15.0,0.17,0.24,0.24,0.17,0.0,0.29,0.29,0.86,0.0,2.15,2.0,0.29,4.0,34.0,2223
4.0,0.3,0.3,0,0,2,0.3,8.0,0,0,9.0,0.1,0.12,0.12,0.1,1.0,0.0,0.0,0.68,0.0,3.08,0.0,0.0,2.0,10.0,2324
3.0,1.3,1.3,4,4,5,2.4,13.0,4,5,12.0,0.34,0.65,0.65,0.34,0.0,1.35,1.08,1.35,2.0,3.24,0.0,1.35,7.0,22.0,2324
3.0,1.9,1.9,3,3,5,2.1,24.0,3,3,10.0,0.66,0.74,0.74,0.66,0.0,1.05,1.05,1.74,1.0,3.49,0.0,1.05,10.0,30.0,2425
8.0,8.1,3.4,9,9,15,11.2,43.0,4,16,38.0,0.24,0.47,0.33,0.1,3.0,0.47,0.26,0.44,0.0,1.12,4.0,0.32,6.0,48.0,1819
3.0,1.5,0.7,2,2,5,7.6,16.0,1,12,15.0,0.05,0.28,0.25,0.02,4.0,0.4,0.07,0.17,0.0,0.5,0.0,0.37,3.0,36.0,2122
3.0,2.9,0.6,3,3,3,3.6,10.0,0,8,9.0,0.1,0.21,0.12,0.02,3.0,0.28,0.1,0.1,0.0,0.31,2.0,0.17,1.0,28.0,2324
2.0,2.5,2.5,3,3,14,4.2,56.0,3,5,32.0,0.13,0.23,0.23,0.13,3.0,0.27,0.16,0.76,4.0,1.73,1.0,0.27,18.0,117.0,2021
6.0,2.0,2.0,2,2,15,5.9,52.0,2,5,35.0,0.12,0.36,0.36,0.12,0.0,0.3,0.12,0.91,3.0,2.12,7.0,0.3,21.0,102.0,2122
0.0,3.9,3.9,6,6,17,6.4,70.0,6,6,43.0,0.2,0.33,0.33,0.2,0.0,0.3,0.3,0.86,4.0,2.19,8.0,0.3,20.0,148.0,2223
0.0,1.2,1.2,1,1,2,2.0,26.0,1,1,13.0,0.05,0.07,0.07,0.05,0.0,0.04,0.04,0.08,2.0,0.49,2.0,0.04,0.0,5.0,2223
4.0,0.6,0.6,0,0,1,1.3,27.0,0,0,11.0,0.02,0.04,0.04,0.02,0.0,0.0,0.0,0.03,1.0,0.34,3.0,0.0,2.0,4.0,2324
1.0,1.4,1.4,1,1,3,5.7,41.0,1,4,29.0,0.05,0.22,0.22,0.05,6.0,0.15,0.04,0.11,2.0,1.11,2.0,0.15,8.0,137.0,1819
4.0,1.2,1.2,1,1,4,4.1,32.0,1,7,16.0,0.04,0.13,0.13,0.04,1.0,0.23,0.03,0.13,4.0,0.53,2.0,0.23,5.0,138.0,1920
0.0,2.4,2.4,4,4,11,6.6,40.0,4,5,42.0,0.09,0.25,0.25,0.09,2.0,0.19,0.15,0.42,1.0,1.59,2.0,0.19,2.0,73.0,1819
0.0,0.3,0.3,0,0,2,1.0,5.0,0,0,5.0,0.06,0.22,0.22,0.06,1.0,0.0,0.0,0.45,0.0,1.14,1.0,0.0,1.0,9.0,2021
2.0,0.5,0.5,0,0,2,0.5,6.0,0,0,5.0,0.12,0.13,0.13,0.12,0.0,0.0,0.0,0.51,0.0,1.28,0.0,0.0,0.0,11.0,1819
0.0,0.4,0.4,1,1,1,1.0,11.0,1,2,3.0,0.04,0.09,0.09,0.04,0.0,0.18,0.09,0.09,0.0,0.27,0.0,0.18,0.0,5.0,2021
2.0,0.5,0.5,0,0,1,0.5,4.0,0,0,4.0,0.07,0.07,0.07,0.07,0.0,0.0,0.0,0.16,1.0,0.64,0.0,0.0,0.0,0.0,2223
3.0,5.4,3.9,8,8,21,8.8,49.0,7,14,51.0,0.25,0.48,0.4,0.18,0.0,0.64,0.37,0.97,12.0,2.35,6.0,0.6,19.0,98.0,2122
2.0,0.4,0.4,1,1,3,0.6,8.0,1,1,14.0,0.05,0.07,0.07,0.05,0.0,0.11,0.11,0.33,0.0,1.56,2.0,0.11,2.0,33.0,1819
1.0,0.9,0.9,2,2,4,1.7,15.0,2,2,14.0,0.06,0.1,0.1,0.06,4.0,0.12,0.12,0.25,2.0,0.87,4.0,0.12,6.0,65.0,1920
1.0,1.9,1.9,1,1,2,5.1,23.0,1,5,19.0,0.06,0.16,0.16,0.06,2.0,0.15,0.03,0.06,2.0,0.59,2.0,0.15,5.0,55.0,2021
3.0,1.5,1.5,3,3,4,2.3,21.0,3,5,15.0,0.14,0.21,0.21,0.14,3.0,0.46,0.28,0.37,2.0,1.38,1.0,0.46,6.0,22.0,2223
2.0,2.8,2.8,3,3,5,5.2,45.0,3,6,32.0,0.08,0.15,0.15,0.08,2.0,0.17,0.08,0.14,0.0,0.9,5.0,0.17,1.0,43.0,2223
1.0,1.8,1.8,2,2,7,3.4,16.0,2,4,23.0,0.09,0.17,0.17,0.09,1.0,0.2,0.1,0.35,2.0,1.16,4.0,0.2,3.0,28.0,2324
0.0,1.3,1.3,1,1,2,2.2,20.0,1,2,17.0,0.05,0.08,0.08,0.05,0.0,0.07,0.04,0.07,1.0,0.62,2.0,0.07,2.0,21.0,2324
0.0,0.5,0.5,0,0,1,0.8,9.0,0,0,5.0,0.04,0.07,0.07,0.04,0.0,0.0,0.0,0.08,0.0,0.4,1.0,0.0,2.0,10.0,1920
1.0,0.6,0.6,2,2,4,2.1,9.0,2,3,13.0,0.09,0.33,0.33,0.09,0.0,0.47,0.31,0.62,1.0,2.02,2.0,0.47,1.0,15.0,1819
0.0,0.5,0.5,1,1,1,1.2,3.0,1,1,9.0,0.07,0.18,0.18,0.07,0.0,0.15,0.15,0.15,0.0,1.37,1.0,0.15,1.0,7.0,1920
1.0,0.3,0.3,0,0,2,0.6,8.0,0,0,6.0,0.05,0.1,0.1,0.05,2.0,0.0,0.0,0.32,0.0,0.95,0.0,0.0,1.0,14.0,2021
0.0,0.4,0.4,1,1,4,3.6,2.0,1,3,12.0,0.02,0.19,0.19,0.02,1.0,0.16,0.05,0.21,0.0,0.63,0.0,0.16,0.0,16.0,2122
1.0,0.2,0.2,0,0,1,1.4,0.0,0,1,7.0,0.01,0.06,0.06,0.01,0.0,0.05,0.0,0.05,0.0,0.33,1.0,0.05,0.0,14.0,2223
3.0,0.4,0.4,1,1,2,1.1,0.0,1,1,12.0,0.02,0.08,0.08,0.02,0.0,0.07,0.07,0.13,0.0,0.79,0.0,0.07,0.0,7.0,2324
4.0,2.6,2.6,2,2,5,7.6,53.0,2,7,16.0,0.09,0.26,0.26,0.09,0.0,0.24,0.07,0.17,9.0,0.56,1.0,0.24,3.0,148.0,1819
3.0,1.7,1.7,4,4,4,2.6,23.0,4,4,7.0,0.11,0.16,0.16,0.11,0.0,0.26,0.26,0.26,4.0,0.45,1.0,0.26,3.0,67.0,1920
1.0,1.3,1.3,3,3,6,1.5,10.0,3,3,8.0,0.16,0.19,0.19,0.16,1.0,0.39,0.39,0.77,0.0,1.03,1.0,0.39,0.0,20.0,2021
0.0,2.0,2.0,1,1,3,2.2,24.0,1,2,14.0,0.18,0.19,0.19,0.18,2.0,0.18,0.09,0.27,1.0,1.26,1.0,0.18,1.0,31.0,2122
0.0,0.3,0.3,0,0,2,0.9,12.0,0,2,3.0,0.03,0.11,0.11,0.03,0.0,0.25,0.0,0.25,0.0,0.37,1.0,0.25,2.0,17.0,2223
0.0,0.7,0.7,0,0,4,0.8,23.0,0,0,14.0,0.04,0.05,0.05,0.04,1.0,0.0,0.0,0.23,1.0,0.82,4.0,0.0,1.0,25.0,2324
2.0,3.2,3.2,5,5,8,3.6,20.0,5,5,19.0,0.14,0.16,0.16,0.14,0.0,0.22,0.22,0.35,1.0,0.84,2.0,0.22,1.0,15.0,2122
0.0,2.3,2.3,2,2,5,2.8,29.0,2,2,22.0,0.09,0.1,0.1,0.09,0.0,0.07,0.07,0.19,1.0,0.82,2.0,0.07,2.0,11.0,2223
22.0,9.4,7.0,7,7,19,10.1,83.0,4,10,53.0,0.51,0.68,0.55,0.38,2.0,0.55,0.38,1.04,6.0,2.89,4.0,0.38,9.0,125.0,1819
12.0,16.2,14.7,22,22,35,17.3,165.0,21,24,91.0,0.52,0.61,0.56,0.47,4.0,0.77,0.71,1.12,12.0,2.92,13.0,0.74,26.0,194.0,1920
7.0,8.5,6.9,12,12,24,9.1,116.0,10,16,55.0,0.35,0.44,0.38,0.29,6.0,0.66,0.5,0.99,18.0,2.28,5.0,0.58,13.0,134.0,2021
6.0,7.1,6.3,7,7,17,8.0,112.0,6,13,48.0,0.34,0.41,0.38,0.3,0.0,0.62,0.33,0.81,11.0,2.28,4.0,0.57,8.0,117.0,2122
2.0,5.3,3.8,6,6,12,5.0,49.0,4,6,25.0,0.59,0.71,0.54,0.41,2.0,0.66,0.66,1.31,9.0,2.73,2.0,0.44,9.0,46.0,2223
1.0,3.0,3.0,2,2,4,4.0,37.0,2,4,15.0,0.35,0.47,0.47,0.35,0.0,0.46,0.23,0.46,5.0,1.74,0.0,0.46,3.0,44.0,2223
1.0,1.3,1.3,1,1,4,1.5,24.0,1,1,12.0,0.28,0.34,0.34,0.28,2.0,0.22,0.22,0.89,1.0,2.67,4.0,0.22,3.0,29.0,2324
0.0,2.9,2.9,0,0,7,4.9,36.0,0,3,39.0,0.14,0.24,0.24,0.14,2.0,0.14,0.0,0.34,2.0,1.88,5.0,0.14,3.0,67.0,1819
0.0,1.1,1.1,0,0,3,3.3,16.0,0,2,17.0,0.07,0.21,0.21,0.07,2.0,0.13,0.0,0.2,0.0,1.11,2.0,0.13,0.0,24.0,1920
0.0,2.1,2.1,0,0,10,4.3,31.0,0,2,22.0,0.11,0.22,0.22,0.11,1.0,0.1,0.0,0.5,1.0,1.1,2.0,0.1,2.0,42.0,2021
0.0,0.7,0.7,0,0,2,2.9,47.0,0,3,15.0,0.04,0.15,0.15,0.04,0.0,0.15,0.0,0.1,1.0,0.75,4.0,0.15,11.0,141.0,1819
6.0,3.9,3.9,2,2,9,4.0,40.0,2,2,22.0,0.43,0.44,0.44,0.43,1.0,0.22,0.22,0.99,2.0,2.41,0.0,0.22,7.0,66.0,1920
6.0,6.6,5.8,6,6,15,8.7,84.0,6,7,34.0,0.39,0.55,0.5,0.34,2.0,0.41,0.35,0.87,5.0,1.98,8.0,0.41,10.0,98.0,2021
6.0,6.6,6.6,6,6,21,7.8,71.0,6,8,43.0,0.4,0.47,0.47,0.4,3.0,0.49,0.37,1.28,4.0,2.62,5.0,0.49,8.0,105.0,2122
5.0,9.4,9.4,6,6,22,13.7,117.0,6,9,62.0,0.46,0.66,0.66,0.46,1.0,0.44,0.29,1.07,5.0,3.01,6.0,0.44,10.0,134.0,2223
10.0,5.3,5.3,5,5,16,7.0,73.0,5,6,41.0,0.28,0.37,0.37,0.28,4.0,0.32,0.27,0.85,9.0,2.18,11.0,0.32,13.0,100.0,2324
0.0,1.6,1.6,1,1,4,5.8,43.0,1,5,17.0,0.1,0.37,0.37,0.1,0.0,0.32,0.06,0.26,4.0,1.1,0.0,0.32,12.0,144.0,1920
0.0,0.5,0.5,0,0,1,1.5,24.0,0,2,7.0,0.04,0.11,0.11,0.04,1.0,0.15,0.0,0.07,4.0,0.51,2.0,0.15,11.0,74.0,2223
0.0,0.3,0.3,0,0,1,1.5,11.0,0,1,6.0,0.03,0.16,0.16,0.03,1.0,0.11,0.0,0.11,0.0,0.65,0.0,0.11,3.0,53.0,2324
1.0,0.5,0.5,0,0,2,1.5,24.0,0,0,12.0,0.01,0.05,0.05,0.01,2.0,0.0,0.0,0.06,0.0,0.38,1.0,0.0,1.0,1.0,2122
5.0,3.6,3.6,4,4,11,6.5,93.0,4,7,38.0,0.16,0.29,0.29,0.16,2.0,0.31,0.18,0.48,6.0,1.67,2.0,0.31,32.0,152.0,2324
0.0,0.7,0.7,3,3,5,2.7,49.0,3,7,19.0,0.02,0.08,0.08,0.02,2.0,0.22,0.09,0.16,1.0,0.59,3.0,0.22,1.0,10.0,2324
0.0,0.6,0.6,0,0,1,1.0,16.0,0,1,9.0,0.03,0.06,0.06,0.03,1.0,0.06,0.0,0.06,0.0,0.51,2.0,0.06,3.0,28.0,1819
2.0,1.7,1.7,0,0,8,3.5,50.0,0,1,22.0,0.07,0.14,0.14,0.07,0.0,0.04,0.0,0.32,4.0,0.88,4.0,0.04,4.0,84.0,1920
1.0,0.9,0.9,2,2,4,1.1,32.0,2,2,8.0,0.09,0.11,0.11,0.09,2.0,0.2,0.2,0.4,1.0,0.79,1.0,0.2,8.0,46.0,2021
1.0,1.5,1.5,1,1,5,3.2,79.0,1,3,17.0,0.06,0.12,0.12,0.06,1.0,0.11,0.04,0.19,9.0,0.64,4.0,0.11,6.0,167.0,2122
0.0,1.2,1.2,1,1,4,1.8,28.0,1,2,11.0,0.1,0.15,0.15,0.1,0.0,0.17,0.09,0.35,3.0,0.95,1.0,0.17,0.0,36.0,2223
3.0,2.2,2.2,3,3,9,6.0,80.0,3,7,38.0,0.08,0.21,0.21,0.08,7.0,0.25,0.11,0.32,2.0,1.35,6.0,0.25,34.0,169.0,1819
3.0,2.3,2.3,3,3,17,10.7,106.0,3,10,36.0,0.06,0.3,0.3,0.06,6.0,0.28,0.08,0.47,20.0,1.0,5.0,0.28,54.0,321.0,1920
1.0,3.4,3.4,3,3,11,8.2,66.0,3,9,32.0,0.12,0.29,0.29,0.12,7.0,0.32,0.11,0.4,10.0,1.15,3.0,0.32,18.0,198.0,2021
4.0,2.9,2.9,1,1,10,9.2,120.0,1,8,46.0,0.09,0.3,0.3,0.09,5.0,0.26,0.03,0.33,11.0,1.5,5.0,0.26,38.0,243.0,2122
3.0,3.6,3.6,4,4,14,10.0,67.0,4,9,43.0,0.14,0.4,0.4,0.14,2.0,0.36,0.16,0.56,9.0,1.73,2.0,0.36,21.0,167.0,2223
2.0,2.8,2.0,3,3,13,6.4,63.0,2,5,33.0,0.13,0.34,0.3,0.09,3.0,0.23,0.14,0.61,13.0,1.54,6.0,0.19,14.0,139.0,2324
7.0,1.1,1.1,0,0,3,2.1,17.0,0,1,16.0,0.22,0.4,0.4,0.22,5.0,0.19,0.0,0.58,0.0,3.11,1.0,0.19,10.0,46.0,1819
4.0,5.1,4.3,5,5,20,9.3,59.0,5,10,47.0,0.22,0.45,0.41,0.19,2.0,0.44,0.22,0.89,11.0,2.09,8.0,0.44,23.0,119.0,2021
0.0,1.8,1.8,4,4,17,4.1,44.0,4,6,37.0,0.12,0.27,0.27,0.12,1.0,0.39,0.26,1.11,6.0,2.42,4.0,0.39,9.0,97.0,2122
4.0,1.1,1.1,0,0,6,3.3,32.0,0,1,19.0,0.17,0.49,0.49,0.17,0.0,0.15,0.0,0.9,2.0,2.85,2.0,0.15,11.0,53.0,2223
0.0,1.4,0.6,4,4,9,1.3,16.0,3,4,20.0,0.16,0.24,0.15,0.07,1.0,0.46,0.46,1.03,2.0,2.29,1.0,0.34,5.0,54.0,2324
5.0,16.3,15.5,11,11,46,21.5,192.0,11,19,107.0,0.72,0.98,0.95,0.68,2.0,0.84,0.48,2.02,33.0,4.7,12.0,0.84,36.0,206.0,2324
0.0,0.5,0.5,0,0,1,1.2,19.0,0,2,11.0,0.03,0.07,0.07,0.03,1.0,0.12,0.0,0.06,1.0,0.65,0.0,0.12,7.0,51.0,1819
5.0,9.6,8.8,11,11,27,10.5,85.0,11,11,60.0,0.41,0.49,0.45,0.38,3.0,0.47,0.47,1.16,6.0,2.57,7.0,0.47,7.0,120.0,1920
2.0,7.6,6.8,5,5,14,8.6,60.0,4,8,37.0,0.43,0.53,0.49,0.39,1.0,0.46,0.28,0.8,12.0,2.11,3.0,0.4,6.0,96.0,2021
1.0,1.6,1.6,2,2,4,1.7,10.0,2,2,7.0,0.08,0.09,0.09,0.08,0.0,0.11,0.11,0.21,0.0,0.37,1.0,0.11,1.0,12.0,1920
1.0,3.2,3.2,3,3,16,7.6,62.0,3,6,47.0,0.11,0.27,0.27,0.11,1.0,0.21,0.11,0.57,5.0,1.67,10.0,0.21,11.0,240.0,1819
2.0,1.0,1.0,1,1,7,3.3,12.0,1,2,19.0,0.03,0.12,0.12,0.03,4.0,0.07,0.04,0.25,1.0,0.68,3.0,0.07,3.0,42.0,1920
2.0,1.2,1.2,2,2,6,3.3,24.0,2,6,21.0,0.04,0.11,0.11,0.04,3.0,0.2,0.07,0.2,0.0,0.71,3.0,0.2,2.0,70.0,2021
0.0,0.8,0.8,1,1,3,1.9,22.0,1,4,14.0,0.04,0.09,0.09,0.04,1.0,0.2,0.05,0.15,0.0,0.69,1.0,0.2,2.0,60.0,2223
0.0,0.5,0.5,1,1,2,0.8,8.0,1,1,6.0,0.08,0.14,0.14,0.08,0.0,0.18,0.18,0.36,0.0,1.07,1.0,0.18,1.0,24.0,1920
1.0,0.3,0.3,0,0,1,0.5,9.0,0,0,5.0,0.13,0.25,0.25,0.13,1.0,0.0,0.0,0.52,0.0,2.6,1.0,0.0,2.0,10.0,2223
2.0,2.2,2.2,1,1,5,3.2,11.0,1,2,13.0,0.7,1.03,1.03,0.7,0.0,0.64,0.32,1.6,1.0,4.15,1.0,0.64,1.0,27.0,2324
1.0,2.1,2.1,3,3,8,5.7,56.0,3,8,25.0,0.13,0.35,0.35,0.13,3.0,0.49,0.18,0.49,0.0,1.54,3.0,0.49,20.0,99.0,2122
4.0,2.8,2.8,1,1,7,6.9,45.0,1,4,26.0,0.18,0.44,0.44,0.18,2.0,0.26,0.06,0.45,0.0,1.66,3.0,0.26,9.0,133.0,2223
0.0,3.0,3.0,4,4,14,6.5,43.0,4,6,30.0,0.18,0.39,0.39,0.18,0.0,0.36,0.24,0.84,0.0,1.81,4.0,0.36,10.0,101.0,2324
1.0,4.5,4.5,4,4,10,6.4,45.0,4,5,19.0,0.46,0.65,0.65,0.46,0.0,0.51,0.41,1.02,9.0,1.95,4.0,0.51,11.0,39.0,2324
1.0,1.7,1.7,0,0,5,2.0,26.0,0,0,18.0,0.06,0.07,0.07,0.06,0.0,0.0,0.0,0.16,0.0,0.58,0.0,0.0,0.0,5.0,1920
0.0,0.7,0.7,2,2,3,1.1,22.0,2,2,15.0,0.02,0.04,0.04,0.02,1.0,0.07,0.07,0.1,0.0,0.5,0.0,0.07,1.0,4.0,2223
1.0,1.6,1.6,2,2,8,2.5,16.0,2,3,23.0,0.05,0.08,0.08,0.05,0.0,0.1,0.06,0.26,1.0,0.74,1.0,0.1,1.0,4.0,1920
0.0,1.3,1.3,4,4,11,2.5,24.0,4,6,16.0,0.05,0.09,0.09,0.05,0.0,0.22,0.15,0.4,1.0,0.59,0.0,0.22,0.0,18.0,1920
3.0,0.4,0.4,0,0,4,0.8,7.0,0,0,5.0,0.05,0.1,0.1,0.05,1.0,0.0,0.0,0.48,0.0,0.61,1.0,0.0,0.0,6.0,2122
3.0,1.5,1.5,3,3,8,2.1,16.0,3,4,11.0,0.08,0.12,0.12,0.08,0.0,0.22,0.16,0.44,3.0,0.6,0.0,0.22,0.0,4.0,2223
0.0,0.9,0.9,1,1,3,1.5,17.0,1,2,12.0,0.03,0.06,0.06,0.03,0.0,0.07,0.04,0.11,1.0,0.44,4.0,0.07,0.0,7.0,2425
0.0,5.9,5.2,7,7,20,6.3,91.0,6,7,60.0,0.24,0.28,0.25,0.2,0.0,0.28,0.28,0.79,9.0,2.38,7.0,0.24,17.0,144.0,2223
2.0,0.6,0.6,0,0,5,5.2,34.0,0,2,14.0,0.03,0.28,0.28,0.03,8.0,0.11,0.0,0.27,2.0,0.75,3.0,0.11,10.0,127.0,2223
6.0,7.8,7.8,6,6,18,16.3,196.0,6,14,51.0,0.29,0.61,0.61,0.29,10.0,0.52,0.22,0.67,5.0,1.91,11.0,0.52,36.0,222.0,1819
2.0,6.4,6.4,6,6,18,12.9,172.0,6,16,47.0,0.31,0.63,0.63,0.31,5.0,0.79,0.3,0.89,3.0,2.32,6.0,0.79,31.0,175.0,1920
2.0,2.4,2.4,2,2,3,5.7,53.0,2,7,20.0,0.16,0.37,0.37,0.16,4.0,0.45,0.13,0.19,1.0,1.29,3.0,0.45,12.0,76.0,2021
2.0,3.1,3.1,2,2,6,7.5,71.0,2,6,21.0,0.16,0.39,0.39,0.16,5.0,0.31,0.1,0.31,3.0,1.1,1.0,0.31,17.0,105.0,2122
0.0,0.6,0.6,3,3,7,0.8,6.0,3,3,19.0,0.06,0.08,0.08,0.06,0.0,0.29,0.29,0.67,0.0,1.81,0.0,0.29,1.0,5.0,1920
0.0,0.6,0.6,0,0,4,1.7,4.0,0,0,17.0,0.04,0.11,0.11,0.04,0.0,0.0,0.0,0.26,0.0,1.1,1.0,0.0,1.0,4.0,2021
0.0,0.8,0.8,0,0,2,0.9,5.0,0,0,4.0,0.17,0.19,0.19,0.17,0.0,0.0,0.0,0.44,0.0,0.89,0.0,0.0,0.0,5.0,2223
0.0,1.6,1.6,2,2,2,2.2,16.0,2,2,10.0,0.12,0.16,0.16,0.12,0.0,0.15,0.15,0.15,2.0,0.74,0.0,0.15,0.0,37.0,1819
0.0,0.4,0.4,0,0,1,1.3,5.0,0,0,11.0,0.01,0.04,0.04,0.01,1.0,0.0,0.0,0.03,0.0,0.35,1.0,0.0,2.0,18.0,1819
0.0,0.5,0.5,0,0,2,0.9,10.0,0,1,7.0,0.02,0.04,0.04,0.02,0.0,0.05,0.0,0.09,0.0,0.32,2.0,0.05,0.0,33.0,1920
1.0,0.4,0.4,1,1,2,2.4,18.0,1,3,10.0,0.02,0.11,0.11,0.02,1.0,0.14,0.05,0.09,1.0,0.46,1.0,0.14,4.0,124.0,1819
2.0,0.5,0.5,1,1,2,1.1,30.0,1,2,13.0,0.03,0.06,0.06,0.03,1.0,0.11,0.06,0.11,1.0,0.72,0.0,0.11,2.0,81.0,1920
2.0,1.3,1.3,2,2,7,2.9,34.0,2,3,24.0,0.04,0.1,0.1,0.04,2.0,0.1,0.07,0.24,3.0,0.82,1.0,0.1,7.0,110.0,2021
1.0,3.8,3.8,2,2,8,5.6,26.0,2,4,36.0,0.16,0.24,0.24,0.16,4.0,0.17,0.08,0.34,1.0,1.53,6.0,0.17,2.0,74.0,2122
1.0,1.2,1.2,1,1,2,2.9,16.0,1,5,16.0,0.06,0.15,0.15,0.06,3.0,0.27,0.05,0.11,1.0,0.85,1.0,0.27,2.0,80.0,2223
0.0,1.3,1.3,1,1,8,2.5,26.0,1,4,21.0,0.05,0.1,0.1,0.05,1.0,0.16,0.04,0.33,0.0,0.86,0.0,0.16,2.0,66.0,2324
4.0,3.1,3.1,4,4,9,6.5,63.0,4,11,34.0,0.1,0.21,0.21,0.1,5.0,0.34,0.12,0.28,9.0,1.06,1.0,0.34,3.0,100.0,2021
2.0,3.0,3.0,4,4,9,5.9,55.0,4,9,30.0,0.11,0.21,0.21,0.11,3.0,0.31,0.14,0.31,5.0,1.05,5.0,0.31,6.0,125.0,2122
0.0,2.7,2.7,2,2,5,3.7,27.0,2,5,20.0,0.17,0.23,0.23,0.17,1.0,0.3,0.12,0.3,4.0,1.21,4.0,0.3,2.0,33.0,2223
0.0,0.1,0.1,0,0,1,0.5,4.0,0,1,3.0,0.02,0.11,0.11,0.02,1.0,0.23,0.0,0.23,0.0,0.69,1.0,0.23,1.0,16.0,2324
0.0,0.4,0.4,0,0,1,0.8,12.0,0,1,7.0,0.06,0.11,0.11,0.06,0.0,0.15,0.0,0.15,0.0,1.05,0.0,0.15,1.0,31.0,2324
6.0,7.8,7.8,7,7,24,9.7,109.0,7,7,64.0,0.24,0.3,0.3,0.24,3.0,0.22,0.22,0.75,0.0,2.0,5.0,0.22,21.0,94.0,2223
5.0,7.1,7.1,6,6,13,9.0,56.0,6,9,32.0,0.67,0.85,0.85,0.67,1.0,0.85,0.57,1.23,1.0,3.02,3.0,0.85,10.0,40.0,2324
0.0,0.1,0.1,0,0,1,0.8,5.0,0,1,3.0,0.01,0.07,0.07,0.01,0.0,0.09,0.0,0.09,0.0,0.27,0.0,0.09,3.0,45.0,1819
0.0,0.1,0.1,0,0,1,0.1,6.0,0,0,2.0,0.01,0.02,0.02,0.01,1.0,0.0,0.0,0.15,1.0,0.29,0.0,0.0,2.0,35.0,1920
0.0,0.1,0.1,0,0,1,0.2,6.0,0,0,2.0,0.06,0.15,0.15,0.06,1.0,0.0,0.0,0.7,0.0,1.41,0.0,0.0,3.0,6.0,1819
1.0,2.6,2.6,4,4,13,3.9,67.0,4,6,41.0,0.11,0.17,0.17,0.11,5.0,0.26,0.18,0.57,8.0,1.8,8.0,0.26,29.0,166.0,2021
4.0,2.1,2.1,1,1,5,6.1,87.0,1,6,37.0,0.08,0.23,0.23,0.08,2.0,0.23,0.04,0.19,7.0,1.42,8.0,0.23,25.0,178.0,2122
2.0,1.5,1.5,4,4,10,3.2,56.0,4,6,25.0,0.09,0.2,0.2,0.09,1.0,0.37,0.24,0.61,2.0,1.53,2.0,0.37,18.0,101.0,2223
4.0,2.2,2.2,2,2,10,3.7,46.0,2,3,37.0,0.11,0.18,0.18,0.11,2.0,0.14,0.1,0.48,2.0,1.78,11.0,0.14,14.0,132.0,2324
1.0,5.2,5.2,3,3,19,8.6,105.0,3,8,44.0,0.27,0.44,0.44,0.27,1.0,0.41,0.16,0.98,13.0,2.28,9.0,0.41,19.0,150.0,1819
0.0,2.0,2.0,1,1,3,2.6,43.0,1,2,19.0,0.18,0.25,0.25,0.18,0.0,0.19,0.09,0.28,6.0,1.78,1.0,0.19,9.0,58.0,1920
3.0,1.4,1.4,0,0,5,1.6,23.0,0,0,12.0,0.27,0.3,0.3,0.27,1.0,0.0,0.0,0.97,5.0,2.33,0.0,0.0,5.0,44.0,1920
4.0,3.7,2.9,3,3,12,3.3,52.0,2,4,27.0,0.41,0.46,0.37,0.32,0.0,0.44,0.33,1.33,9.0,2.99,5.0,0.33,3.0,46.0,2021
1.0,4.2,3.4,4,4,9,4.0,45.0,3,4,24.0,0.38,0.43,0.36,0.31,1.0,0.36,0.36,0.81,5.0,2.15,1.0,0.27,1.0,50.0,2122
5.0,1.2,0.4,1,1,3,1.3,12.0,0,2,5.0,0.39,0.66,0.41,0.14,0.0,0.64,0.32,0.96,0.0,1.6,1.0,0.32,2.0,22.0,2223
6.0,3.4,3.4,5,5,15,4.3,53.0,5,5,28.0,0.35,0.44,0.44,0.35,0.0,0.52,0.52,1.55,7.0,2.9,4.0,0.52,0.0,40.0,2223
0.0,1.4,1.4,1,1,3,1.8,18.0,1,2,14.0,0.06,0.08,0.08,0.06,0.0,0.09,0.05,0.14,0.0,0.65,2.0,0.09,0.0,2.0,1819
0.0,0.6,0.6,0,0,3,0.7,15.0,0,0,7.0,0.02,0.03,0.03,0.02,0.0,0.0,0.0,0.11,1.0,0.26,1.0,0.0,1.0,9.0,1920
0.0,2.1,2.1,2,2,3,2.4,22.0,2,2,13.0,0.11,0.13,0.13,0.11,0.0,0.11,0.11,0.17,1.0,0.72,1.0,0.11,0.0,8.0,2122
0.0,0.6,0.6,0,0,2,1.0,10.0,0,0,6.0,0.07,0.11,0.11,0.07,0.0,0.0,0.0,0.21,1.0,0.63,0.0,0.0,0.0,4.0,2223
0.0,1.6,1.6,1,1,8,4.2,29.0,1,3,29.0,0.05,0.13,0.13,0.05,0.0,0.1,0.03,0.25,0.0,0.92,3.0,0.1,7.0,43.0,1920
0.0,2.3,2.3,0,0,11,3.0,48.0,0,0,26.0,0.19,0.25,0.25,0.19,0.0,0.0,0.0,0.91,2.0,2.14,2.0,0.0,11.0,91.0,1920
0.0,0.9,0.9,0,0,1,1.0,11.0,0,0,10.0,0.06,0.07,0.07,0.06,1.0,0.0,0.0,0.07,0.0,0.7,1.0,0.0,0.0,0.0,1819
1.0,1.9,1.9,0,0,4,3.0,27.0,0,1,13.0,0.07,0.12,0.12,0.07,0.0,0.04,0.0,0.15,1.0,0.5,3.0,0.04,0.0,6.0,1920
1.0,1.3,1.3,1,1,5,1.9,27.0,1,1,14.0,0.05,0.07,0.07,0.05,6.0,0.04,0.04,0.19,0.0,0.54,2.0,0.04,1.0,11.0,2021
0.0,0.6,0.6,1,1,2,2.5,20.0,1,7,11.0,0.02,0.1,0.1,0.02,1.0,0.28,0.04,0.08,1.0,0.45,2.0,0.28,1.0,9.0,2122
1.0,0.7,0.7,0,0,1,1.0,18.0,0,1,7.0,0.03,0.04,0.04,0.03,0.0,0.04,0.0,0.04,1.0,0.27,1.0,0.04,2.0,7.0,2223
2.0,1.7,1.7,1,1,4,2.1,17.0,1,1,11.0,0.08,0.11,0.11,0.08,0.0,0.05,0.05,0.2,2.0,0.56,0.0,0.05,0.0,10.0,2324
1.0,1.2,1.2,1,1,2,3.1,22.0,1,3,11.0,0.04,0.11,0.11,0.04,0.0,0.11,0.04,0.07,4.0,0.4,2.0,0.11,4.0,104.0,1819
0.0,0.8,0.8,1,1,1,1.1,5.0,1,1,1.0,0.07,0.1,0.1,0.07,0.0,0.1,0.1,0.1,2.0,0.1,0.0,0.1,3.0,40.0,1920
3.0,0.4,0.4,2,2,2,0.5,8.0,2,2,6.0,0.07,0.08,0.08,0.07,2.0,0.35,0.35,0.35,0.0,1.06,2.0,0.35,0.0,15.0,2324
4.0,1.1,1.1,1,1,8,2.8,51.0,1,5,26.0,0.03,0.08,0.08,0.03,1.0,0.14,0.03,0.23,0.0,0.74,3.0,0.14,16.0,44.0,2122
7.0,2.4,1.6,4,4,8,4.8,24.0,4,5,35.0,0.07,0.15,0.13,0.04,8.0,0.14,0.11,0.22,1.0,0.96,1.0,0.14,6.0,37.0,2223
4.0,3.3,3.3,7,7,20,8.6,67.0,7,15,58.0,0.09,0.24,0.24,0.09,7.0,0.42,0.2,0.56,2.0,1.62,5.0,0.42,16.0,64.0,2324
0.0,0.6,0.6,1,1,1,1.4,18.0,1,1,10.0,0.04,0.08,0.08,0.04,0.0,0.06,0.06,0.06,0.0,0.58,1.0,0.06,1.0,3.0,2021
4.0,1.3,1.3,4,4,7,4.1,30.0,4,7,18.0,0.05,0.17,0.17,0.05,0.0,0.29,0.16,0.29,6.0,0.74,0.0,0.29,10.0,131.0,2223
1.0,1.7,1.7,4,4,8,2.9,25.0,4,4,16.0,0.13,0.24,0.24,0.13,4.0,0.32,0.32,0.64,2.0,1.28,2.0,0.32,4.0,74.0,2324
4.0,6.7,5.9,10,10,25,14.5,159.0,9,18,61.0,0.2,0.47,0.45,0.18,3.0,0.55,0.31,0.77,6.0,1.87,7.0,0.52,58.0,237.0,1920
5.0,3.0,3.0,4,4,7,9.1,117.0,4,7,34.0,0.14,0.43,0.43,0.14,8.0,0.33,0.19,0.33,5.0,1.59,6.0,0.33,39.0,202.0,2021
2.0,1.7,1.7,1,1,6,2.9,47.0,1,4,18.0,0.2,0.34,0.34,0.2,7.0,0.47,0.12,0.7,3.0,2.1,2.0,0.47,7.0,89.0,2122
8.0,2.5,2.5,2,2,10,7.2,107.0,2,9,43.0,0.11,0.31,0.31,0.11,3.0,0.39,0.09,0.44,3.0,1.87,5.0,0.39,48.0,195.0,2223
7.0,4.7,4.7,8,8,23,12.4,226.0,8,11,57.0,0.15,0.4,0.4,0.15,4.0,0.36,0.26,0.75,10.0,1.86,11.0,0.36,82.0,388.0,2324
0.0,3.3,2.6,5,5,14,4.7,58.0,4,6,34.0,0.18,0.29,0.24,0.13,2.0,0.32,0.26,0.74,5.0,1.79,5.0,0.26,10.0,95.0,2223
0.0,0.7,0.7,1,1,1,0.8,8.0,1,1,6.0,0.06,0.07,0.07,0.06,1.0,0.09,0.09,0.09,0.0,0.55,0.0,0.09,0.0,2.0,1819
1.0,0.4,0.4,0,0,1,0.7,16.0,0,1,5.0,0.05,0.08,0.08,0.05,0.0,0.12,0.0,0.12,0.0,0.58,0.0,0.12,0.0,3.0,1920
8.0,4.8,4.8,5,5,19,7.9,91.0,5,8,39.0,0.23,0.39,0.39,0.23,4.0,0.39,0.25,0.94,3.0,1.92,5.0,0.39,14.0,153.0,1819
0.0,8.1,7.3,8,8,18,10.8,76.0,7,12,41.0,0.4,0.56,0.53,0.36,1.0,0.58,0.39,0.88,6.0,2.0,3.0,0.54,14.0,152.0,1920
0.0,2.0,2.0,0,0,4,3.3,23.0,0,1,12.0,0.3,0.47,0.47,0.3,0.0,0.15,0.0,0.58,1.0,1.74,1.0,0.15,5.0,30.0,2021
0.0,1.6,0.8,1,1,2,1.1,14.0,0,1,3.0,0.22,0.26,0.15,0.11,0.0,0.14,0.14,0.27,2.0,0.41,0.0,0.0,0.0,22.0,2122
2.0,4.5,4.5,4,4,19,5.8,82.0,4,5,47.0,0.2,0.26,0.26,0.2,3.0,0.23,0.18,0.86,3.0,2.13,6.0,0.23,37.0,180.0,1819
0.0,2.8,2.0,2,2,7,4.0,38.0,2,5,22.0,0.4,0.7,0.59,0.28,0.0,0.72,0.29,1.01,3.0,3.18,2.0,0.72,17.0,78.0,1920
5.0,1.4,1.4,1,1,7,2.3,32.0,1,3,15.0,0.28,0.46,0.46,0.28,4.0,0.61,0.2,1.43,1.0,3.05,2.0,0.61,14.0,44.0,2021
4.0,4.0,4.0,5,5,17,7.6,87.0,5,9,65.0,0.15,0.29,0.29,0.15,1.0,0.35,0.19,0.65,3.0,2.5,7.0,0.35,38.0,169.0,2122
0.0,0.6,0.6,0,0,3,1.2,27.0,0,0,10.0,0.1,0.2,0.2,0.1,0.0,0.0,0.0,0.52,6.0,1.73,0.0,0.0,12.0,42.0,2223
0.0,1.1,1.1,0,0,2,1.4,13.0,0,0,7.0,0.34,0.44,0.44,0.34,0.0,0.0,0.0,0.6,2.0,2.11,1.0,0.0,6.0,23.0,2324
7.0,10.3,7.9,10,10,34,10.0,104.0,7,13,75.0,0.45,0.55,0.44,0.35,4.0,0.57,0.44,1.5,7.0,3.31,10.0,0.44,37.0,201.0,1920
9.0,12.8,9.6,7,7,35,12.7,162.0,4,11,97.0,0.42,0.53,0.42,0.32,6.0,0.36,0.23,1.16,11.0,3.21,11.0,0.26,40.0,222.0,2021
1.0,3.7,3.7,2,2,6,11.4,74.0,2,4,32.0,0.2,0.6,0.6,0.2,2.0,0.21,0.11,0.32,10.0,1.69,4.0,0.21,16.0,178.0,1819
0.0,3.4,3.4,1,1,7,4.9,44.0,1,3,22.0,0.33,0.48,0.48,0.33,3.0,0.29,0.1,0.68,2.0,2.14,1.0,0.29,5.0,85.0,1920
0.0,1.0,1.0,0,0,6,3.4,43.0,0,3,20.0,0.08,0.28,0.28,0.08,1.0,0.25,0.0,0.49,3.0,1.63,0.0,0.25,12.0,95.0,2021
0.0,0.4,0.4,0,0,1,0.7,9.0,0,0,3.0,0.07,0.14,0.14,0.07,0.0,0.0,0.0,0.19,0.0,0.58,1.0,0.0,2.0,27.0,2324
0.0,1.9,1.9,2,2,5,4.6,40.0,2,4,12.0,0.29,0.7,0.7,0.29,0.0,0.61,0.3,0.76,0.0,1.82,1.0,0.61,13.0,67.0,1718
0.0,2.0,1.2,1,1,8,6.2,45.0,1,6,18.0,0.11,0.38,0.34,0.07,9.0,0.33,0.06,0.44,0.0,0.99,3.0,0.33,19.0,115.0,1920
4.0,1.1,1.1,0,0,3,7.0,16.0,0,9,16.0,0.03,0.22,0.22,0.03,6.0,0.28,0.0,0.09,1.0,0.5,2.0,0.28,4.0,87.0,2021
0.0,2.2,2.2,4,4,8,6.6,37.0,4,10,22.0,0.07,0.21,0.21,0.07,0.0,0.32,0.13,0.26,1.0,0.7,4.0,0.32,7.0,78.0,2122
0.0,0.5,0.5,0,0,2,1.6,12.0,0,0,4.0,0.05,0.15,0.15,0.05,0.0,0.0,0.0,0.19,1.0,0.38,0.0,0.0,2.0,34.0,2223
2.0,3.8,3.8,4,4,13,4.5,41.0,4,4,36.0,0.18,0.21,0.21,0.18,2.0,0.18,0.18,0.6,1.0,1.65,4.0,0.18,10.0,82.0,1819
1.0,2.3,2.3,2,2,5,3.9,16.0,2,4,23.0,0.11,0.18,0.18,0.11,1.0,0.18,0.09,0.23,0.0,1.06,0.0,0.18,4.0,19.0,1920
2.0,1.5,1.5,1,1,2,2.5,15.0,1,2,11.0,0.09,0.16,0.16,0.09,1.0,0.13,0.06,0.13,0.0,0.7,2.0,0.13,3.0,27.0,2021
1.0,0.9,0.9,2,2,4,1.7,14.0,2,3,18.0,0.06,0.11,0.11,0.06,1.0,0.19,0.13,0.26,1.0,1.16,3.0,0.19,5.0,20.0,2122
0.0,1.5,1.5,1,1,4,1.6,15.0,1,2,9.0,0.22,0.24,0.24,0.22,0.0,0.3,0.15,0.6,0.0,1.36,2.0,0.3,0.0,17.0,2122
6.0,1.4,1.4,4,4,10,2.5,21.0,4,4,26.0,0.06,0.11,0.11,0.06,4.0,0.17,0.17,0.42,0.0,1.09,4.0,0.17,4.0,23.0,2324
9.0,15.0,14.3,18,18,51,20.8,147.0,18,28,106.0,0.65,0.93,0.9,0.61,3.0,1.21,0.78,2.2,3.0,4.57,6.0,1.21,20.0,182.0,2324
0.0,0.4,0.4,0,0,1,0.6,4.0,0,0,5.0,0.05,0.06,0.06,0.05,1.0,0.0,0.0,0.11,1.0,0.57,0.0,0.0,0.0,51.0,2223
0.0,0.1,0.1,0,0,2,1.0,2.0,0,1,4.0,0.05,0.36,0.36,0.05,3.0,0.37,0.0,0.73,0.0,1.46,0.0,0.37,1.0,4.0,1819
1.0,0.9,0.9,2,2,2,3.2,12.0,2,4,14.0,0.06,0.21,0.21,0.06,3.0,0.26,0.13,0.13,0.0,0.92,3.0,0.26,1.0,22.0,2122
0.0,0.3,0.3,0,0,1,0.5,4.0,0,0,2.0,0.17,0.24,0.24,0.17,0.0,0.0,0.0,0.51,0.0,1.02,1.0,0.0,3.0,13.0,1920
1.0,2.3,2.3,2,2,12,7.4,67.0,2,5,34.0,0.07,0.23,0.23,0.07,2.0,0.16,0.06,0.37,1.0,1.06,2.0,0.16,9.0,189.0,1819
2.0,0.4,0.4,1,1,2,1.5,23.0,1,2,8.0,0.05,0.19,0.19,0.05,2.0,0.25,0.13,0.25,0.0,1.0,0.0,0.25,4.0,55.0,2021
1.0,2.3,2.3,2,2,8,6.7,49.0,2,4,24.0,0.14,0.39,0.39,0.14,0.0,0.23,0.12,0.47,3.0,1.4,2.0,0.23,12.0,101.0,2122
4.0,3.6,3.6,1,1,13,8.5,99.0,1,5,33.0,0.15,0.35,0.35,0.15,4.0,0.2,0.04,0.53,2.0,1.34,9.0,0.2,23.0,172.0,2223
7.0,2.3,2.3,4,4,6,7.1,73.0,4,8,24.0,0.12,0.39,0.39,0.12,2.0,0.44,0.22,0.33,5.0,1.32,1.0,0.44,11.0,147.0,2324
3.0,4.4,4.4,5,5,12,6.7,62.0,5,8,27.0,0.16,0.24,0.24,0.16,4.0,0.29,0.18,0.44,4.0,0.98,6.0,0.29,20.0,113.0,2122
2.0,2.9,2.9,3,3,7,7.1,76.0,3,7,27.0,0.1,0.24,0.24,0.1,3.0,0.23,0.1,0.23,5.0,0.9,4.0,0.23,31.0,155.0,2223
0.0,0.2,0.2,0,0,1,1.1,8.0,0,1,6.0,0.02,0.08,0.08,0.02,2.0,0.07,0.0,0.07,0.0,0.41,0.0,0.07,1.0,23.0,1920
0.0,1.1,1.1,2,2,4,2.2,21.0,2,2,15.0,0.06,0.12,0.12,0.06,0.0,0.11,0.11,0.22,0.0,0.82,5.0,0.11,2.0,23.0,2122
0.0,4.1,4.1,2,2,6,4.4,38.0,2,2,20.0,0.48,0.5,0.5,0.48,0.0,0.23,0.23,0.69,9.0,2.31,0.0,0.23,0.0,43.0,1718
1.0,1.6,1.6,1,1,7,2.1,35.0,1,1,25.0,0.06,0.08,0.08,0.06,0.0,0.04,0.04,0.27,2.0,0.98,3.0,0.04,1.0,8.0,1718
3.0,1.3,1.3,1,1,5,1.9,24.0,1,1,15.0,0.04,0.06,0.06,0.04,0.0,0.03,0.03,0.16,0.0,0.48,4.0,0.03,1.0,2.0,2021
0.0,1.9,1.9,0,0,1,2.0,23.0,0,0,10.0,0.1,0.1,0.1,0.1,0.0,0.0,0.0,0.05,1.0,0.5,0.0,0.0,1.0,1.0,2324
2.0,1.2,1.2,2,2,3,1.4,21.0,2,2,13.0,0.07,0.08,0.08,0.07,0.0,0.11,0.11,0.17,0.0,0.72,0.0,0.11,0.0,0.0,2324
2.0,3.6,3.6,3,3,10,6.0,59.0,3,6,25.0,0.31,0.52,0.52,0.31,2.0,0.52,0.26,0.86,19.0,2.16,2.0,0.52,16.0,122.0,1718
5.0,1.7,1.7,2,2,10,2.6,47.0,2,4,16.0,0.14,0.21,0.21,0.14,4.0,0.32,0.16,0.81,11.0,1.29,1.0,0.32,12.0,93.0,1819
2.0,6.7,4.3,5,5,7,7.1,65.0,3,9,32.0,0.44,0.63,0.47,0.29,0.0,0.6,0.33,0.47,19.0,2.13,4.0,0.47,6.0,86.0,1920
1.0,1.4,0.6,2,2,2,1.1,17.0,1,2,4.0,0.6,0.82,0.48,0.26,0.0,0.87,0.87,0.87,5.0,1.73,1.0,0.43,2.0,21.0,2021
0.0,0.4,0.4,0,0,3,3.1,17.0,0,2,10.0,0.02,0.14,0.14,0.02,0.0,0.09,0.0,0.13,0.0,0.44,1.0,0.09,2.0,38.0,1819
1.0,0.8,0.8,0,0,2,1.7,9.0,0,0,4.0,0.06,0.13,0.13,0.06,0.0,0.0,0.0,0.15,0.0,0.3,0.0,0.0,2.0,16.0,1920
2.0,0.4,0.4,1,1,1,0.8,5.0,1,1,4.0,0.04,0.08,0.08,0.04,3.0,0.1,0.1,0.1,0.0,0.4,1.0,0.1,1.0,8.0,1920
1.0,1.2,1.2,2,2,6,3.1,21.0,2,5,14.0,0.07,0.17,0.17,0.07,0.0,0.28,0.11,0.34,1.0,0.79,0.0,0.28,2.0,26.0,2021
0.0,0.7,0.7,1,1,1,1.1,4.0,1,1,2.0,0.09,0.14,0.14,0.09,0.0,0.13,0.13,0.13,0.0,0.26,1.0,0.13,1.0,2.0,2122
0.0,1.3,1.3,0,0,3,1.9,27.0,0,1,16.0,0.17,0.24,0.24,0.17,0.0,0.13,0.0,0.38,0.0,2.05,2.0,0.13,6.0,55.0,1819
4.0,2.6,2.6,3,3,11,2.9,36.0,3,3,23.0,0.34,0.37,0.37,0.34,4.0,0.39,0.39,1.41,7.0,2.96,3.0,0.39,7.0,67.0,1819
4.0,1.7,1.7,2,2,7,3.7,44.0,2,2,23.0,0.19,0.4,0.4,0.19,2.0,0.22,0.22,0.76,1.0,2.51,1.0,0.22,26.0,77.0,1920
0.0,3.2,3.2,4,4,10,6.7,78.0,4,6,32.0,0.19,0.4,0.4,0.19,0.0,0.36,0.24,0.59,2.0,1.9,4.0,0.36,26.0,132.0,2021
1.0,2.6,2.6,3,3,8,2.9,32.0,3,4,14.0,0.09,0.1,0.1,0.09,1.0,0.14,0.11,0.29,0.0,0.5,2.0,0.14,0.0,3.0,1819
1.0,0.9,0.9,1,1,2,1.9,18.0,1,2,11.0,0.05,0.1,0.1,0.05,0.0,0.11,0.06,0.11,3.0,0.61,1.0,0.11,1.0,8.0,1920
0.0,0.4,0.4,1,1,2,0.5,10.0,1,1,5.0,0.03,0.03,0.03,0.03,0.0,0.07,0.07,0.14,0.0,0.35,1.0,0.07,0.0,1.0,2021
0.0,0.3,0.3,0,0,1,0.3,9.0,0,0,4.0,0.01,0.01,0.01,0.01,0.0,0.0,0.0,0.05,0.0,0.2,0.0,0.0,0.0,1.0,2122
0.0,0.2,0.2,0,0,2,0.4,14.0,0,0,6.0,0.04,0.11,0.11,0.04,2.0,0.0,0.0,0.52,0.0,1.55,0.0,0.0,7.0,39.0,1920
0.0,0.8,0.8,0,0,4,1.3,50.0,0,2,14.0,0.08,0.14,0.14,0.08,0.0,0.21,0.0,0.42,2.0,1.46,1.0,0.21,18.0,81.0,2021
0.0,1.2,1.2,0,0,3,1.8,14.0,0,0,6.0,0.16,0.25,0.25,0.16,0.0,0.0,0.0,0.41,0.0,0.83,1.0,0.0,4.0,51.0,1819
0.0,0.0,0.0,0,0,1,0.1,2.0,0,0,1.0,0.01,0.06,0.06,0.01,1.0,0.0,0.0,0.52,0.0,0.52,0.0,0.0,1.0,15.0,1920
0.0,2.3,2.3,3,3,7,2.3,23.0,3,3,22.0,0.09,0.09,0.09,0.09,0.0,0.12,0.12,0.27,0.0,0.85,0.0,0.12,1.0,5.0,1718
1.0,0.5,0.5,0,0,1,0.6,14.0,0,0,7.0,0.03,0.03,0.03,0.03,1.0,0.0,0.0,0.05,1.0,0.36,0.0,0.0,1.0,7.0,1819
1.0,1.1,1.1,1,1,4,1.3,14.0,1,2,10.0,0.04,0.05,0.05,0.04,0.0,0.08,0.04,0.15,3.0,0.39,0.0,0.08,0.0,3.0,1920
1.0,0.4,0.4,0,0,1,0.5,8.0,0,0,4.0,0.06,0.07,0.07,0.06,1.0,0.0,0.0,0.16,0.0,0.63,0.0,0.0,0.0,3.0,2223
2.0,0.3,0.3,1,1,4,0.9,12.0,1,2,9.0,0.01,0.04,0.04,0.01,0.0,0.08,0.04,0.17,0.0,0.37,2.0,0.08,0.0,5.0,2324
3.0,3.5,3.5,3,3,8,4.7,27.0,3,4,12.0,0.71,0.94,0.94,0.71,6.0,0.81,0.6,1.61,1.0,2.42,4.0,0.81,5.0,46.0,2223
8.0,3.7,3.7,3,3,15,9.1,95.0,3,9,41.0,0.12,0.31,0.31,0.12,5.0,0.3,0.1,0.51,8.0,1.39,2.0,0.3,29.0,180.0,2324
5.0,3.6,1.2,5,5,6,3.6,35.0,2,5,13.0,0.49,0.8,0.48,0.17,3.0,0.67,0.67,0.81,1.0,1.75,4.0,0.27,10.0,56.0,1819
0.0,4.2,1.1,5,5,3,3.5,35.0,1,8,11.0,0.43,0.68,0.36,0.11,0.0,0.82,0.51,0.31,0.0,1.13,1.0,0.41,21.0,56.0,1920
0.0,0.2,0.2,0,0,1,1.1,11.0,0,0,10.0,0.01,0.06,0.06,0.01,0.0,0.0,0.0,0.05,4.0,0.55,1.0,0.0,2.0,70.0,2122
0.0,0.2,0.2,0,0,3,1.7,8.0,0,0,9.0,0.01,0.09,0.09,0.01,7.0,0.0,0.0,0.16,2.0,0.49,1.0,0.0,1.0,72.0,2223
0.0,0.3,0.3,0,0,5,4.1,6.0,0,7,18.0,0.01,0.15,0.15,0.01,3.0,0.25,0.0,0.18,2.0,0.64,1.0,0.25,1.0,79.0,2324
0.0,0.9,0.9,0,0,2,1.2,12.0,0,0,8.0,0.28,0.35,0.35,0.28,0.0,0.0,0.0,0.6,0.0,2.42,1.0,0.0,0.0,18.0,1819
6.0,3.2,3.2,3,3,12,9.4,75.0,3,9,44.0,0.13,0.39,0.39,0.13,8.0,0.37,0.12,0.5,3.0,1.82,5.0,0.37,25.0,204.0,2324
0.0,1.1,1.1,3,3,4,2.8,41.0,3,5,13.0,0.05,0.14,0.14,0.05,0.0,0.25,0.15,0.2,2.0,0.65,1.0,0.25,8.0,55.0,1819
0.0,0.3,0.3,1,1,2,0.8,5.0,1,1,5.0,0.02,0.06,0.06,0.02,4.0,0.08,0.08,0.16,0.0,0.4,1.0,0.08,2.0,20.0,1920
0.0,0.6,0.6,0,0,5,1.2,14.0,0,1,16.0,0.02,0.05,0.05,0.02,2.0,0.04,0.0,0.19,1.0,0.61,2.0,0.04,3.0,31.0,2122
0.0,0.6,0.6,0,0,1,1.8,18.0,0,0,7.0,0.03,0.09,0.09,0.03,1.0,0.0,0.0,0.05,2.0,0.34,0.0,0.0,6.0,64.0,2324
2.0,1.0,1.0,0,0,7,1.9,11.0,0,2,22.0,0.07,0.13,0.13,0.07,3.0,0.14,0.0,0.49,3.0,1.53,1.0,0.14,2.0,68.0,1819
2.0,1.6,1.6,2,2,10,5.0,8.0,2,5,34.0,0.1,0.3,0.3,0.1,4.0,0.3,0.12,0.6,2.0,2.06,2.0,0.3,0.0,45.0,1920
2.0,2.8,1.1,2,2,8,5.9,17.0,1,6,28.0,0.14,0.37,0.29,0.05,3.0,0.3,0.1,0.39,0.0,1.38,1.0,0.25,1.0,87.0,2021
0.0,1.4,1.4,2,2,3,4.4,24.0,2,5,23.0,0.06,0.19,0.19,0.06,0.0,0.22,0.09,0.13,4.0,1.01,3.0,0.22,1.0,166.0,2122
9.0,5.6,3.2,4,4,12,9.9,43.0,2,10,37.0,0.26,0.58,0.47,0.15,4.0,0.47,0.19,0.57,0.0,1.75,3.0,0.38,7.0,149.0,1819
12.0,5.9,5.1,7,7,17,13.1,77.0,7,17,44.0,0.22,0.52,0.49,0.19,10.0,0.63,0.26,0.63,1.0,1.64,4.0,0.63,27.0,248.0,2021
4.0,10.6,5.1,12,12,18,15.1,77.0,5,22,61.0,0.37,0.71,0.52,0.18,3.0,0.76,0.42,0.62,3.0,2.12,5.0,0.52,24.0,212.0,2122
2.0,1.1,1.1,0,0,4,1.2,33.0,0,0,12.0,0.05,0.06,0.06,0.05,0.0,0.0,0.0,0.19,3.0,0.56,2.0,0.0,0.0,6.0,1920
0.0,0.4,0.4,1,1,5,1.3,17.0,1,2,10.0,0.03,0.11,0.11,0.03,0.0,0.17,0.08,0.41,2.0,0.83,2.0,0.17,7.0,47.0,2021
1.0,0.6,0.6,0,0,4,1.7,27.0,0,0,13.0,0.03,0.09,0.09,0.03,2.0,0.0,0.0,0.2,1.0,0.65,0.0,0.0,13.0,75.0,2122
2.0,2.5,2.5,1,1,7,4.4,38.0,1,3,22.0,0.1,0.18,0.18,0.1,3.0,0.13,0.04,0.29,0.0,0.92,2.0,0.13,12.0,85.0,2223
0.0,1.7,1.7,2,2,7,4.6,48.0,2,5,30.0,0.05,0.13,0.13,0.05,3.0,0.14,0.06,0.2,2.0,0.85,3.0,0.14,10.0,111.0,2324
9.0,11.5,11.5,7,7,26,14.2,146.0,7,8,69.0,0.45,0.56,0.56,0.45,0.0,0.32,0.28,1.02,3.0,2.72,13.0,0.32,51.0,200.0,1920
15.0,6.4,6.4,9,9,26,8.0,91.0,9,9,46.0,0.51,0.64,0.64,0.51,4.0,0.73,0.73,2.1,1.0,3.72,5.0,0.73,23.0,125.0,2021
7.0,16.3,16.3,15,15,32,22.0,182.0,15,19,90.0,0.62,0.84,0.84,0.62,4.0,0.72,0.57,1.22,5.0,3.43,9.0,0.72,34.0,191.0,2122
10.0,6.5,6.5,7,7,11,8.6,73.0,7,11,35.0,0.52,0.69,0.69,0.52,3.0,0.88,0.56,0.88,3.0,2.79,5.0,0.88,14.0,104.0,2223
6.0,5.3,5.3,10,10,19,8.6,107.0,10,13,41.0,0.42,0.68,0.68,0.42,3.0,1.02,0.79,1.49,3.0,3.22,3.0,1.02,23.0,111.0,2324
1.0,0.8,0.8,0,0,4,1.0,22.0,0,0,13.0,0.03,0.03,0.03,0.03,2.0,0.0,0.0,0.13,1.0,0.43,1.0,0.0,2.0,4.0,2324
0.0,1.0,1.0,0,0,2,1.3,17.0,0,0,16.0,0.05,0.07,0.07,0.05,1.0,0.0,0.0,0.11,1.0,0.88,0.0,0.0,1.0,31.0,2122
0.0,0.9,0.9,0,0,4,2.5,12.0,0,1,18.0,0.06,0.16,0.16,0.06,0.0,0.07,0.0,0.26,0.0,1.17,3.0,0.07,1.0,38.0,2223
4.0,2.2,2.2,3,3,6,2.3,18.0,3,4,13.0,0.53,0.57,0.57,0.53,1.0,0.97,0.73,1.46,3.0,3.15,2.0,0.97,6.0,28.0,1819
0.0,1.8,1.8,4,4,6,2.6,38.0,4,5,14.0,0.22,0.32,0.32,0.22,0.0,0.63,0.5,0.75,0.0,1.76,2.0,0.63,10.0,90.0,1920
3.0,1.1,1.1,0,0,2,1.3,13.0,0,0,7.0,0.54,0.62,0.62,0.54,0.0,0.0,0.0,0.97,0.0,3.39,0.0,0.0,2.0,18.0,2021
0.0,2.1,2.1,2,2,12,3.3,49.0,2,3,29.0,0.19,0.29,0.29,0.19,1.0,0.26,0.18,1.05,6.0,2.54,3.0,0.26,13.0,79.0,2223
0.0,0.4,0.4,0,0,1,0.5,8.0,0,0,3.0,0.06,0.08,0.08,0.06,0.0,0.0,0.0,0.16,0.0,0.47,0.0,0.0,5.0,18.0,2223
0.0,0.1,0.1,0,0,1,0.4,12.0,0,0,6.0,0.0,0.02,0.02,0.0,0.0,0.0,0.0,0.04,1.0,0.22,0.0,0.0,1.0,19.0,2324
0.0,0.9,0.9,2,2,8,5.2,45.0,2,9,20.0,0.04,0.22,0.22,0.04,2.0,0.38,0.08,0.33,0.0,0.84,3.0,0.38,7.0,170.0,1718
0.0,1.3,1.3,0,0,3,4.3,33.0,0,2,18.0,0.05,0.19,0.19,0.05,4.0,0.09,0.0,0.13,9.0,0.78,3.0,0.09,12.0,166.0,1819
0.0,0.2,0.2,0,0,1,2.6,3.0,0,2,5.0,0.01,0.12,0.12,0.01,0.0,0.09,0.0,0.05,1.0,0.23,0.0,0.09,0.0,37.0,2021
0.0,0.2,0.2,0,0,1,0.8,7.0,0,0,4.0,0.02,0.07,0.07,0.02,3.0,0.0,0.0,0.09,0.0,0.38,2.0,0.0,0.0,41.0,2122
0.0,1.7,1.7,1,1,3,4.4,28.0,1,4,22.0,0.09,0.23,0.23,0.09,2.0,0.21,0.05,0.15,0.0,1.13,1.0,0.21,5.0,61.0,1920
2.0,0.5,0.5,0,0,3,1.7,16.0,0,2,11.0,0.02,0.07,0.07,0.02,3.0,0.08,0.0,0.12,2.0,0.46,0.0,0.08,3.0,45.0,2021
4.0,0.6,0.6,2,2,3,2.3,12.0,2,5,16.0,0.02,0.09,0.09,0.02,0.0,0.19,0.07,0.11,0.0,0.6,2.0,0.19,3.0,32.0,2122
1.0,1.7,1.7,4,4,10,2.8,25.0,4,4,28.0,0.06,0.09,0.09,0.06,1.0,0.14,0.14,0.34,0.0,0.95,3.0,0.14,4.0,29.0,2223
7.0,12.7,8.0,10,10,26,10.2,83.0,6,13,50.0,0.58,0.68,0.47,0.36,6.0,0.59,0.46,1.19,14.0,2.28,4.0,0.41,27.0,207.0,1819
5.0,7.5,7.5,7,7,18,12.2,64.0,7,13,40.0,0.33,0.54,0.54,0.33,5.0,0.58,0.31,0.8,10.0,1.77,4.0,0.58,23.0,166.0,1920
1.0,6.9,5.3,5,5,17,8.1,78.0,3,10,40.0,0.34,0.47,0.39,0.26,0.0,0.49,0.24,0.82,20.0,1.94,2.0,0.39,28.0,124.0,2021
1.0,1.2,0.4,1,1,1,0.4,5.0,0,1,3.0,0.59,0.59,0.19,0.19,2.0,0.51,0.51,0.51,1.0,1.53,0.0,0.0,4.0,7.0,2122
11.0,2.6,2.6,1,1,7,5.1,29.0,1,3,17.0,0.27,0.52,0.52,0.27,3.0,0.31,0.1,0.71,11.0,1.73,1.0,0.31,13.0,80.0,2122
5.0,8.6,4.7,11,11,22,9.1,103.0,6,14,59.0,0.32,0.49,0.34,0.18,1.0,0.53,0.41,0.83,17.0,2.22,2.0,0.34,48.0,178.0,2223
11.0,5.6,5.6,5,5,17,6.2,67.0,5,6,42.0,0.45,0.5,0.5,0.45,2.0,0.48,0.4,1.36,4.0,3.36,1.0,0.48,24.0,116.0,2324
0.0,0.1,0.1,0,0,1,0.9,7.0,0,0,2.0,0.01,0.15,0.15,0.01,5.0,0.0,0.0,0.17,0.0,0.34,0.0,0.0,4.0,21.0,2324
0.0,0.2,0.2,1,1,3,1.1,14.0,1,3,4.0,0.01,0.08,0.08,0.01,0.0,0.21,0.07,0.21,0.0,0.29,0.0,0.21,5.0,93.0,2021
1.0,0.8,0.8,0,0,4,2.6,23.0,0,3,19.0,0.03,0.08,0.08,0.03,0.0,0.1,0.0,0.13,0.0,0.62,1.0,0.1,8.0,120.0,2324
14.0,8.9,8.1,8,8,30,12.6,97.0,7,12,125.0,0.28,0.42,0.4,0.25,10.0,0.38,0.25,0.94,11.0,3.91,11.0,0.34,31.0,310.0,1819
17.0,10.7,8.4,14,14,44,16.3,89.0,12,24,117.0,0.39,0.67,0.59,0.3,7.0,0.87,0.51,1.59,7.0,4.22,14.0,0.79,26.0,227.0,1920
15.0,15.0,8.7,17,17,32,14.9,121.0,10,24,105.0,0.55,0.77,0.54,0.32,14.0,0.87,0.62,1.16,2.0,3.82,16.0,0.62,36.0,272.0,2021
9.0,11.4,5.1,12,12,19,11.7,111.0,5,19,75.0,0.55,0.87,0.56,0.24,3.0,0.92,0.58,0.92,8.0,3.62,5.0,0.58,31.0,213.0,2223
1.0,8.3,0.4,8,8,3,1.6,19.0,0,8,14.0,0.36,0.42,0.07,0.02,0.0,0.35,0.35,0.13,0.0,0.61,0.0,0.0,3.0,54.0,1920
6.0,0.9,0.1,1,1,1,0.6,6.0,0,1,5.0,0.05,0.07,0.03,0.01,1.0,0.05,0.05,0.05,0.0,0.26,1.0,0.0,0.0,18.0,2021
0.0,0.6,0.6,2,2,4,1.8,16.0,2,3,10.0,0.05,0.17,0.17,0.05,4.0,0.28,0.19,0.37,1.0,0.93,3.0,0.28,6.0,33.0,2324
1.0,1.4,1.4,1,1,2,1.9,10.0,1,1,6.0,0.05,0.07,0.07,0.05,0.0,0.04,0.04,0.08,0.0,0.23,2.0,0.04,0.0,3.0,2021
0.0,0.9,0.9,1,1,1,1.4,15.0,1,1,6.0,0.05,0.08,0.08,0.05,2.0,0.05,0.05,0.05,0.0,0.32,1.0,0.05,0.0,3.0,2122
0.0,1.3,1.3,0,0,4,2.1,22.0,0,2,16.0,0.04,0.07,0.07,0.04,0.0,0.07,0.0,0.14,2.0,0.54,2.0,0.07,0.0,0.0,2223
0.0,0.3,0.3,2,2,3,0.5,7.0,2,2,8.0,0.08,0.13,0.13,0.08,0.0,0.53,0.53,0.79,1.0,2.11,0.0,0.53,4.0,14.0,2021
13.0,5.5,5.5,6,6,16,6.9,82.0,6,8,52.0,0.28,0.35,0.35,0.28,1.0,0.4,0.3,0.81,6.0,2.62,5.0,0.4,11.0,136.0,1819
16.0,15.3,15.3,13,13,38,16.8,134.0,13,14,85.0,0.52,0.57,0.57,0.52,0.0,0.48,0.45,1.3,13.0,2.91,8.0,0.48,16.0,156.0,1920
5.0,16.3,16.3,16,16,46,18.3,144.0,16,16,83.0,0.51,0.57,0.57,0.51,2.0,0.5,0.5,1.44,18.0,2.6,10.0,0.5,16.0,160.0,2021
2.0,6.5,4.2,5,5,11,5.7,52.0,3,7,30.0,0.46,0.57,0.4,0.29,1.0,0.49,0.35,0.77,4.0,2.1,1.0,0.35,2.0,50.0,2122
7.0,5.8,5.0,2,2,9,5.9,59.0,1,3,30.0,0.45,0.51,0.45,0.39,2.0,0.23,0.15,0.7,19.0,2.32,1.0,0.15,10.0,56.0,2223
3.0,12.9,11.4,7,7,28,14.5,124.0,5,9,71.0,0.54,0.66,0.6,0.47,1.0,0.37,0.29,1.16,24.0,2.94,7.0,0.29,22.0,122.0,2324
3.0,1.0,1.0,0,0,3,1.3,22.0,0,1,11.0,0.25,0.35,0.35,0.25,1.0,0.26,0.0,0.78,1.0,2.85,1.0,0.26,4.0,24.0,1819
6.0,4.6,4.6,3,3,8,5.8,75.0,3,4,32.0,0.25,0.32,0.32,0.25,7.0,0.22,0.16,0.44,4.0,1.74,4.0,0.22,15.0,109.0,1920
19.0,9.1,9.1,6,6,28,13.0,159.0,6,13,76.0,0.29,0.41,0.41,0.29,3.0,0.41,0.19,0.88,11.0,2.39,10.0,0.41,36.0,167.0,2223
9.0,19.6,17.2,19,19,35,20.3,216.0,17,22,106.0,0.53,0.61,0.55,0.47,3.0,0.6,0.51,0.95,16.0,2.87,5.0,0.54,27.0,184.0,2324
4.0,2.1,2.1,2,2,2,4.8,43.0,2,3,12.0,0.15,0.35,0.35,0.15,3.0,0.22,0.15,0.15,5.0,0.88,1.0,0.22,8.0,98.0,2021
0.0,1.4,1.4,0,0,4,3.1,14.0,0,2,15.0,0.13,0.29,0.29,0.13,3.0,0.18,0.0,0.37,0.0,1.39,4.0,0.18,4.0,17.0,1819
0.0,1.7,1.7,0,0,10,3.4,29.0,0,3,28.0,0.1,0.21,0.21,0.1,0.0,0.19,0.0,0.62,1.0,1.74,5.0,0.19,6.0,47.0,1920
0.0,0.9,0.9,1,1,3,1.6,20.0,1,2,16.0,0.07,0.12,0.12,0.07,3.0,0.14,0.07,0.21,0.0,1.14,3.0,0.14,4.0,25.0,2021
3.0,1.3,1.3,0,0,2,2.6,19.0,0,3,18.0,0.07,0.14,0.14,0.07,0.0,0.17,0.0,0.11,0.0,1.0,4.0,0.17,1.0,30.0,2122
1.0,2.3,2.3,3,3,8,3.3,32.0,3,3,39.0,0.09,0.13,0.13,0.09,0.0,0.12,0.12,0.31,1.0,1.53,6.0,0.12,3.0,39.0,2223
2.0,1.6,1.6,1,1,7,2.8,28.0,1,1,25.0,0.07,0.12,0.12,0.07,0.0,0.04,0.04,0.29,0.0,1.03,4.0,0.04,2.0,26.0,2324
6.0,4.8,4.0,6,6,15,9.4,57.0,6,14,40.0,0.28,0.6,0.55,0.23,8.0,0.82,0.35,0.87,6.0,2.33,2.0,0.82,16.0,130.0,2122
3.0,5.5,4.7,6,6,28,12.9,56.0,5,14,58.0,0.2,0.5,0.47,0.17,2.0,0.52,0.22,1.03,2.0,2.14,5.0,0.48,12.0,157.0,2223
0.0,0.2,0.2,0,0,2,0.5,3.0,0,1,4.0,0.01,0.02,0.02,0.01,0.0,0.04,0.0,0.07,0.0,0.15,0.0,0.04,2.0,6.0,1920
0.0,0.2,0.2,0,0,1,0.5,5.0,0,0,3.0,0.01,0.03,0.03,0.01,0.0,0.0,0.0,0.07,0.0,0.2,1.0,0.0,1.0,4.0,2021
0.0,0.3,0.3,0,0,1,0.5,4.0,0,0,4.0,0.04,0.06,0.06,0.04,0.0,0.0,0.0,0.11,0.0,0.45,0.0,0.0,0.0,2.0,2223
1.0,1.1,1.1,1,1,1,1.1,7.0,1,1,5.0,0.2,0.21,0.21,0.2,0.0,0.19,0.19,0.19,0.0,0.93,1.0,0.19,0.0,10.0,2122
9.0,4.6,4.6,5,5,21,8.6,92.0,5,8,47.0,0.24,0.46,0.46,0.24,6.0,0.43,0.27,1.12,9.0,2.51,8.0,0.43,33.0,144.0,2122
13.0,9.1,9.1,9,9,30,13.5,101.0,9,15,64.0,0.48,0.71,0.71,0.48,1.0,0.79,0.47,1.58,3.0,3.38,4.0,0.79,38.0,182.0,2223
3.0,9.5,9.5,13,13,36,12.5,118.0,13,14,72.0,0.48,0.63,0.63,0.48,0.0,0.71,0.66,1.82,3.0,3.64,13.0,0.71,45.0,163.0,2324
1.0,0.7,0.7,1,1,7,3.1,24.0,1,1,20.0,0.11,0.45,0.45,0.11,4.0,0.14,0.14,1.01,1.0,2.9,2.0,0.14,13.0,83.0,1819
1.0,0.7,0.7,1,1,8,4.5,37.0,1,5,18.0,0.08,0.51,0.51,0.08,1.0,0.56,0.11,0.9,3.0,2.02,0.0,0.56,17.0,112.0,1920
0.0,0.7,0.7,0,0,5,1.3,8.0,0,0,10.0,0.19,0.39,0.39,0.19,0.0,0.0,0.0,1.46,0.0,2.91,1.0,0.0,2.0,17.0,1718
2.0,1.2,1.2,0,0,8,2.8,16.0,0,2,26.0,0.04,0.09,0.09,0.04,3.0,0.06,0.0,0.26,0.0,0.84,1.0,0.06,3.0,32.0,2021
6.0,2.0,2.0,2,2,8,4.4,8.0,2,5,23.0,0.07,0.15,0.15,0.07,6.0,0.17,0.07,0.27,0.0,0.76,2.0,0.17,1.0,44.0,2122
9.0,2.8,2.8,6,6,12,7.2,19.0,6,12,34.0,0.09,0.22,0.22,0.09,5.0,0.37,0.18,0.37,2.0,1.05,1.0,0.37,4.0,35.0,2223
9.0,10.7,9.9,16,16,38,17.9,151.0,15,27,88.0,0.43,0.75,0.71,0.4,7.0,1.08,0.64,1.52,13.0,3.52,6.0,1.04,35.0,261.0,1819
9.0,6.0,6.0,9,9,23,11.7,109.0,9,16,76.0,0.32,0.62,0.62,0.32,8.0,0.85,0.48,1.23,7.0,4.05,6.0,0.85,26.0,174.0,1920
11.0,5.0,5.0,9,9,19,9.2,93.0,9,17,54.0,0.31,0.57,0.57,0.31,1.0,1.05,0.56,1.17,5.0,3.33,3.0,1.05,12.0,93.0,2021
2.0,1.2,1.2,2,2,3,2.2,19.0,2,3,10.0,0.04,0.07,0.07,0.04,0.0,0.1,0.06,0.1,0.0,0.32,0.0,0.1,1.0,3.0,2021
1.0,1.8,1.8,2,2,4,2.4,17.0,2,2,12.0,0.08,0.11,0.11,0.08,0.0,0.09,0.09,0.18,1.0,0.53,0.0,0.09,0.0,2.0,2122
1.0,0.5,0.5,0,0,1,1.5,21.0,0,0,7.0,0.02,0.07,0.07,0.02,0.0,0.0,0.0,0.05,0.0,0.32,1.0,0.0,0.0,1.0,2324
18.0,18.9,17.3,23,23,49,26.8,278.0,22,30,116.0,0.59,0.88,0.83,0.54,6.0,0.93,0.71,1.52,30.0,3.6,16.0,0.9,58.0,374.0,1819
15.0,15.6,14.8,18,18,36,20.5,181.0,17,24,88.0,0.69,0.94,0.91,0.66,9.0,1.07,0.8,1.6,12.0,3.91,4.0,1.02,29.0,247.0,1920
10.0,15.2,14.4,15,15,38,19.7,221.0,14,24,98.0,0.57,0.78,0.75,0.54,4.0,0.91,0.57,1.44,21.0,3.71,10.0,0.87,56.0,329.0,2021
2.0,13.5,11.2,10,10,31,15.6,192.0,7,14,78.0,0.71,0.94,0.81,0.58,2.0,0.73,0.52,1.62,10.0,4.08,13.0,0.57,38.0,213.0,2122
1.0,3.9,3.9,2,2,8,5.1,93.0,2,4,41.0,0.25,0.33,0.33,0.25,0.0,0.26,0.13,0.52,7.0,2.65,1.0,0.26,21.0,140.0,2223
3.0,10.9,10.9,12,12,38,13.9,196.0,12,16,99.0,0.34,0.43,0.43,0.34,0.0,0.5,0.37,1.19,22.0,3.09,5.0,0.5,27.0,242.0,2324
21.0,7.0,6.2,6,6,17,7.1,88.0,5,6,64.0,0.42,0.47,0.43,0.37,3.0,0.36,0.36,1.02,9.0,3.84,10.0,0.3,18.0,129.0,1920
17.0,18.5,13.8,21,21,33,16.0,146.0,15,24,80.0,0.57,0.64,0.49,0.43,2.0,0.74,0.65,1.02,26.0,2.46,5.0,0.55,13.0,213.0,2021
10.0,5.2,5.2,7,7,19,6.3,80.0,7,8,44.0,0.44,0.53,0.53,0.44,2.0,0.67,0.59,1.59,12.0,3.68,3.0,0.67,5.0,113.0,2122
16.0,9.7,7.3,10,10,20,9.8,102.0,8,12,65.0,0.45,0.57,0.46,0.34,4.0,0.56,0.47,0.94,22.0,3.04,11.0,0.47,12.0,117.0,2223
10.0,16.6,13.3,16,16,35,15.6,152.0,14,20,106.0,0.65,0.74,0.61,0.52,4.0,0.78,0.62,1.37,13.0,4.14,15.0,0.7,20.0,174.0,2324
1.0,4.3,4.3,4,4,10,5.1,30.0,4,6,23.0,0.46,0.54,0.54,0.46,1.0,0.64,0.42,1.06,2.0,2.44,3.0,0.64,1.0,43.0,1920
0.0,2.9,2.9,1,1,6,3.3,23.0,1,2,16.0,0.51,0.57,0.57,0.51,0.0,0.35,0.18,1.05,3.0,2.8,2.0,0.35,0.0,30.0,2021
0.0,1.1,1.1,2,2,9,7.2,40.0,2,7,26.0,0.03,0.21,0.21,0.03,1.0,0.21,0.06,0.26,2.0,0.76,2.0,0.21,16.0,102.0,2021
7.0,2.3,2.3,0,0,15,6.9,57.0,0,1,52.0,0.07,0.2,0.2,0.07,3.0,0.03,0.0,0.43,1.0,1.51,7.0,0.03,16.0,112.0,2122
3.0,3.5,3.5,7,7,15,9.6,61.0,7,10,46.0,0.13,0.35,0.35,0.13,6.0,0.36,0.25,0.54,1.0,1.66,6.0,0.36,16.0,128.0,2223
4.0,3.4,3.4,3,3,14,12.2,72.0,3,9,57.0,0.11,0.38,0.38,0.11,6.0,0.28,0.09,0.44,4.0,1.77,6.0,0.28,14.0,147.0,2324
0.0,1.8,1.8,1,1,7,3.0,14.0,1,3,15.0,0.06,0.11,0.11,0.06,0.0,0.11,0.04,0.25,3.0,0.53,1.0,0.11,0.0,3.0,2122
0.0,0.7,0.7,0,0,1,1.0,10.0,0,0,8.0,0.03,0.05,0.05,0.03,0.0,0.0,0.0,0.05,0.0,0.43,2.0,0.0,0.0,5.0,2223
6.0,2.4,2.4,4,4,13,6.1,70.0,4,8,34.0,0.13,0.34,0.34,0.13,6.0,0.44,0.22,0.72,2.0,1.88,4.0,0.44,29.0,172.0,2324
0.0,1.0,1.0,0,0,3,1.9,39.0,0,0,16.0,0.04,0.07,0.07,0.04,0.0,0.0,0.0,0.11,2.0,0.58,3.0,0.0,6.0,99.0,1920
10.0,0.4,0.4,1,1,1,1.3,11.0,1,2,10.0,0.07,0.2,0.2,0.07,4.0,0.3,0.15,0.15,0.0,1.49,1.0,0.3,3.0,38.0,2122
11.0,7.3,6.5,10,10,25,10.8,84.0,9,14,70.0,0.25,0.39,0.37,0.22,4.0,0.48,0.34,0.85,4.0,2.39,4.0,0.44,28.0,129.0,2223
8.0,9.1,8.3,11,11,33,13.5,103.0,10,15,82.0,0.4,0.62,0.59,0.36,8.0,0.66,0.48,1.45,11.0,3.59,7.0,0.61,43.0,139.0,2324
0.0,1.7,1.7,1,1,7,2.4,34.0,1,1,17.0,0.21,0.29,0.29,0.21,0.0,0.12,0.12,0.86,7.0,2.08,1.0,0.12,8.0,95.0,2021
2.0,3.1,3.1,2,2,5,3.7,29.0,2,2,15.0,0.45,0.53,0.53,0.45,1.0,0.28,0.28,0.71,3.0,2.13,1.0,0.28,5.0,38.0,1920
5.0,1.8,1.8,2,2,5,2.4,28.0,2,3,12.0,0.38,0.51,0.51,0.38,1.0,0.64,0.43,1.06,0.0,2.55,1.0,0.64,3.0,29.0,2021
4.0,4.4,4.4,5,5,13,6.4,61.0,5,6,29.0,0.47,0.69,0.69,0.47,1.0,0.65,0.54,1.4,5.0,3.13,3.0,0.65,11.0,66.0,2122
5.0,8.2,8.2,4,4,14,9.3,87.0,4,5,41.0,0.68,0.76,0.76,0.68,2.0,0.41,0.33,1.16,8.0,3.39,6.0,0.41,22.0,82.0,2223
3.0,4.5,4.5,5,5,12,5.4,75.0,5,7,38.0,0.38,0.45,0.45,0.38,1.0,0.58,0.42,1.0,8.0,3.16,5.0,0.58,11.0,77.0,2324
2.0,1.7,1.7,1,1,7,3.3,39.0,1,1,21.0,0.22,0.43,0.43,0.22,0.0,0.13,0.13,0.93,3.0,2.78,2.0,0.13,8.0,75.0,1920
0.0,3.9,3.9,2,2,10,4.2,32.0,2,2,22.0,0.46,0.51,0.51,0.46,0.0,0.24,0.24,1.19,3.0,2.62,0.0,0.24,4.0,53.0,2021
1.0,10.5,7.4,16,16,39,17.4,223.0,12,31,89.0,0.32,0.63,0.53,0.23,3.0,0.95,0.49,1.2,11.0,2.74,7.0,0.83,108.0,439.0,1819
3.0,2.1,2.1,1,1,13,5.0,79.0,1,4,19.0,0.17,0.42,0.42,0.17,2.0,0.33,0.08,1.09,2.0,1.59,1.0,0.33,31.0,162.0,1920
0.0,1.2,1.2,3,3,5,2.0,25.0,3,5,10.0,0.21,0.34,0.34,0.21,1.0,0.85,0.51,0.85,3.0,1.69,0.0,0.85,3.0,71.0,2021
0.0,1.0,1.0,0,0,7,3.0,64.0,0,1,12.0,0.13,0.38,0.38,0.13,1.0,0.13,0.0,0.88,4.0,1.51,1.0,0.13,17.0,99.0,2122
1.0,1.2,1.2,2,2,5,2.5,23.0,2,2,21.0,0.06,0.12,0.11,0.05,0.0,0.09,0.09,0.23,0.0,0.96,2.0,0.09,7.0,51.0,1819
0.0,0.8,0.8,1,1,2,1.2,6.0,1,1,23.0,0.05,0.07,0.07,0.05,1.0,0.06,0.06,0.12,0.0,1.39,2.0,0.06,1.0,29.0,1920
0.0,0.5,0.5,0,0,4,1.8,5.0,0,1,12.0,0.05,0.2,0.2,0.05,0.0,0.11,0.0,0.43,1.0,1.28,1.0,0.11,0.0,19.0,2021
0.0,0.1,0.1,0,0,2,0.3,6.0,0,0,4.0,0.02,0.09,0.09,0.02,3.0,0.0,0.0,0.64,0.0,1.27,0.0,0.0,2.0,21.0,2122
0.0,0.7,0.7,0,0,3,1.9,6.0,0,3,15.0,0.02,0.07,0.07,0.02,2.0,0.11,0.0,0.11,0.0,0.55,2.0,0.11,3.0,23.0,2223
16.0,14.5,14.5,9,9,50,18.6,193.0,9,15,131.0,0.5,0.65,0.65,0.5,7.0,0.52,0.31,1.74,13.0,4.57,11.0,0.52,34.0,246.0,1819
7.0,19.0,19.0,16,16,46,24.7,217.0,16,23,122.0,0.6,0.78,0.78,0.6,3.0,0.73,0.5,1.45,16.0,3.85,15.0,0.73,31.0,254.0,1920
13.0,13.2,12.4,7,7,24,14.6,131.0,7,10,69.0,0.65,0.76,0.72,0.61,6.0,0.49,0.35,1.18,10.0,3.4,7.0,0.49,24.0,174.0,2021
9.0,14.8,14.8,13,13,37,18.7,178.0,13,19,87.0,0.54,0.68,0.68,0.54,3.0,0.69,0.47,1.35,5.0,3.17,7.0,0.69,23.0,207.0,2122
18.0,23.4,19.8,28,28,48,25.8,180.0,25,34,100.0,0.82,1.03,0.9,0.69,5.0,1.19,0.98,1.67,24.0,3.49,7.0,1.08,22.0,168.0,1718
4.0,14.5,10.6,18,18,17,14.1,114.0,14,23,47.0,0.78,0.97,0.76,0.57,1.0,1.24,0.97,0.92,10.0,2.53,3.0,1.02,11.0,122.0,1819
10.0,8.7,7.9,4,4,10,9.0,51.0,3,5,27.0,1.29,1.46,1.34,1.18,3.0,0.74,0.6,1.49,3.0,4.02,2.0,0.6,1.0,52.0,1920
5.0,3.4,3.4,2,2,6,4.7,30.0,2,3,18.0,0.4,0.55,0.55,0.4,2.0,0.35,0.23,0.7,6.0,2.11,2.0,0.35,2.0,32.0,2122
1.0,1.0,1.0,1,1,5,1.5,23.0,1,1,16.0,0.03,0.05,0.05,0.03,0.0,0.03,0.03,0.17,6.0,0.54,1.0,0.03,1.0,8.0,2021
1.0,0.4,0.4,1,1,1,0.4,18.0,1,1,6.0,0.02,0.02,0.02,0.02,0.0,0.05,0.05,0.05,1.0,0.3,0.0,0.05,0.0,5.0,2122
0.0,2.8,1.2,1,1,1,2.2,20.0,0,1,13.0,0.09,0.12,0.07,0.04,1.0,0.03,0.03,0.03,2.0,0.41,0.0,0.0,0.0,10.0,2223
0.0,1.0,1.0,0,0,1,2.0,23.0,0,1,12.0,0.04,0.08,0.08,0.04,0.0,0.04,0.0,0.04,1.0,0.52,0.0,0.04,1.0,12.0,2324
0.0,0.8,0.5,1,1,2,1.4,20.0,1,1,7.0,0.07,0.15,0.13,0.05,2.0,0.09,0.09,0.18,1.0,0.64,0.0,0.09,2.0,26.0,2223
1.0,2.0,2.0,0,0,6,2.7,36.0,0,2,19.0,0.1,0.14,0.14,0.1,2.0,0.1,0.0,0.3,1.0,0.96,0.0,0.1,2.0,47.0,2324
0.0,1.0,1.0,1,1,4,1.3,9.0,1,1,6.0,0.12,0.15,0.15,0.12,1.0,0.11,0.11,0.46,0.0,0.69,1.0,0.11,0.0,7.0,1920
6.0,3.6,3.6,3,3,14,8.2,79.0,3,7,42.0,0.31,0.7,0.7,0.31,6.0,0.6,0.26,1.19,2.0,3.58,7.0,0.6,35.0,194.0,2223
4.0,6.2,6.2,6,6,29,12.4,115.0,6,12,82.0,0.24,0.49,0.49,0.24,1.0,0.47,0.24,1.14,11.0,3.23,10.0,0.47,54.0,322.0,2324
0.0,2.7,1.0,4,4,15,1.9,21.0,3,5,32.0,0.1,0.14,0.07,0.04,3.0,0.19,0.16,0.58,0.0,1.24,6.0,0.16,7.0,58.0,1920
2.0,3.3,1.7,0,0,8,5.3,45.0,0,3,41.0,0.12,0.25,0.19,0.06,2.0,0.11,0.0,0.29,0.0,1.5,3.0,0.11,8.0,81.0,2021
0.0,0.9,0.9,2,2,7,3.3,20.0,2,4,19.0,0.07,0.25,0.25,0.07,2.0,0.31,0.16,0.54,0.0,1.47,3.0,0.31,2.0,59.0,2223
0.0,0.8,0.8,2,2,6,1.6,7.0,2,3,11.0,0.11,0.22,0.22,0.11,0.0,0.4,0.27,0.8,2.0,1.48,1.0,0.4,0.0,23.0,1920
1.0,0.1,0.1,0,0,1,0.4,1.0,0,0,2.0,0.02,0.09,0.09,0.02,2.0,0.0,0.0,0.25,0.0,0.49,0.0,0.0,0.0,6.0,1819
1.0,0.9,0.9,1,1,4,1.6,8.0,1,3,15.0,0.04,0.07,0.07,0.04,2.0,0.13,0.04,0.17,0.0,0.64,0.0,0.13,3.0,24.0,1920
2.0,1.8,1.8,1,1,8,3.6,31.0,1,3,26.0,0.07,0.14,0.14,0.07,1.0,0.11,0.04,0.3,0.0,0.97,3.0,0.11,13.0,73.0,2021
0.0,0.8,0.8,0,0,3,2.3,39.0,0,1,18.0,0.04,0.1,0.1,0.04,2.0,0.04,0.0,0.13,3.0,0.81,3.0,0.04,12.0,99.0,2223
1.0,0.9,0.9,0,0,7,2.3,20.0,0,2,17.0,0.05,0.11,0.11,0.05,2.0,0.1,0.0,0.35,1.0,0.84,1.0,0.1,5.0,31.0,2324
2.0,3.1,3.1,4,4,9,3.8,43.0,4,5,19.0,0.22,0.27,0.27,0.22,4.0,0.36,0.29,0.65,11.0,1.37,2.0,0.36,2.0,65.0,2021
7.0,4.1,3.3,2,2,10,5.0,47.0,1,6,32.0,0.31,0.44,0.38,0.25,2.0,0.45,0.15,0.75,6.0,2.41,3.0,0.38,6.0,78.0,2122
2.0,1.2,1.2,2,2,4,2.0,21.0,2,2,12.0,0.28,0.46,0.46,0.28,1.0,0.46,0.46,0.91,3.0,2.74,1.0,0.46,2.0,39.0,2324
2.0,4.7,4.7,3,3,13,8.3,93.0,3,6,35.0,0.2,0.34,0.34,0.2,0.0,0.25,0.12,0.54,4.0,1.46,5.0,0.25,22.0,172.0,2223
0.0,4.3,4.3,3,3,11,7.5,69.0,3,7,31.0,0.49,0.87,0.87,0.49,0.0,0.8,0.34,1.26,4.0,3.56,0.0,0.8,12.0,85.0,2122
1.0,0.6,0.6,0,0,3,0.6,11.0,0,0,6.0,0.45,0.45,0.45,0.45,1.0,0.0,0.0,2.27,2.0,4.54,0.0,0.0,2.0,15.0,2223
3.0,2.8,2.8,1,1,4,4.2,34.0,1,2,18.0,0.31,0.46,0.46,0.31,3.0,0.22,0.11,0.44,2.0,2.0,0.0,0.22,3.0,53.0,2223
4.0,3.5,3.5,3,3,7,5.2,46.0,3,6,21.0,0.34,0.5,0.5,0.34,4.0,0.58,0.29,0.67,2.0,2.02,4.0,0.58,7.0,52.0,2324
6.0,0.8,0.8,2,2,4,1.3,24.0,2,3,14.0,0.17,0.27,0.27,0.17,3.0,0.63,0.42,0.84,1.0,2.94,1.0,0.63,6.0,56.0,2324
2.0,2.0,2.0,1,1,8,3.0,23.0,1,2,23.0,0.16,0.23,0.23,0.16,1.0,0.16,0.08,0.63,0.0,1.83,2.0,0.16,8.0,49.0,1920
3.0,1.4,1.4,2,2,6,2.1,25.0,2,3,13.0,0.17,0.26,0.26,0.17,4.0,0.36,0.24,0.73,1.0,1.58,1.0,0.36,9.0,35.0,2021
6.0,2.3,2.3,3,3,11,4.1,50.0,3,7,33.0,0.13,0.23,0.23,0.13,3.0,0.39,0.17,0.61,2.0,1.83,4.0,0.39,19.0,96.0,2122
0.0,4.0,3.3,6,6,10,5.2,47.0,5,9,32.0,0.22,0.33,0.29,0.18,0.0,0.5,0.33,0.55,3.0,1.77,2.0,0.44,13.0,103.0,2223
0.0,0.5,0.5,2,2,6,0.7,12.0,2,2,6.0,0.13,0.19,0.19,0.13,0.0,0.53,0.53,1.59,1.0,1.59,0.0,0.53,4.0,26.0,2324
1.0,0.1,0.1,0,0,1,0.3,4.0,0,0,4.0,0.01,0.03,0.03,0.01,0.0,0.0,0.0,0.11,0.0,0.46,1.0,0.0,0.0,11.0,2122
0.0,0.2,0.2,1,1,3,0.3,1.0,1,1,4.0,0.02,0.03,0.03,0.02,1.0,0.08,0.08,0.23,0.0,0.31,0.0,0.08,0.0,10.0,2223
0.0,1.0,1.0,0,0,4,2.3,39.0,0,1,11.0,0.22,0.5,0.5,0.22,2.0,0.22,0.0,0.88,1.0,2.41,0.0,0.22,12.0,35.0,2223
2.0,1.5,1.5,0,0,4,3.5,46.0,0,2,19.0,0.13,0.3,0.3,0.13,6.0,0.18,0.0,0.35,1.0,1.67,2.0,0.18,4.0,70.0,2324
1.0,1.2,1.2,3,3,5,2.3,26.0,3,5,25.0,0.03,0.07,0.07,0.03,3.0,0.15,0.09,0.15,0.0,0.73,2.0,0.15,6.0,52.0,1819
5.0,2.2,2.2,1,1,5,4.7,31.0,1,4,25.0,0.07,0.16,0.16,0.07,2.0,0.13,0.03,0.17,3.0,0.84,5.0,0.13,2.0,49.0,1920
7.0,3.2,3.2,4,4,8,4.1,41.0,4,5,23.0,0.16,0.2,0.2,0.16,1.0,0.25,0.2,0.4,2.0,1.14,0.0,0.25,5.0,39.0,2122
1.0,2.3,2.3,2,2,8,3.3,30.0,2,4,18.0,0.1,0.14,0.14,0.1,2.0,0.17,0.08,0.33,3.0,0.75,3.0,0.17,1.0,28.0,2324
1.0,0.6,0.6,0,0,1,1.2,25.0,0,2,13.0,0.02,0.05,0.05,0.02,2.0,0.09,0.0,0.04,1.0,0.56,0.0,0.09,8.0,98.0,1819
0.0,0.2,0.2,1,1,3,1.5,12.0,1,3,5.0,0.01,0.09,0.09,0.01,2.0,0.18,0.06,0.18,0.0,0.3,1.0,0.18,8.0,72.0,1920
1.0,0.8,0.8,1,1,2,1.5,17.0,1,1,4.0,0.03,0.06,0.06,0.03,1.0,0.04,0.04,0.09,2.0,0.18,0.0,0.04,4.0,69.0,2122
0.0,0.2,0.2,1,1,2,1.3,10.0,1,2,4.0,0.01,0.06,0.06,0.01,0.0,0.09,0.05,0.09,2.0,0.18,0.0,0.09,4.0,60.0,2223
0.0,0.2,0.2,0,0,1,0.7,8.0,0,0,2.0,0.02,0.05,0.05,0.02,3.0,0.0,0.0,0.08,3.0,0.15,0.0,0.0,1.0,41.0,2324
0.0,0.7,0.7,2,2,4,2.0,16.0,2,4,10.0,0.06,0.16,0.16,0.06,3.0,0.31,0.16,0.31,0.0,0.79,0.0,0.31,6.0,41.0,1819
5.0,1.5,1.5,0,0,7,3.2,12.0,0,3,13.0,0.21,0.47,0.47,0.21,2.0,0.43,0.0,1.01,0.0,1.88,3.0,0.43,2.0,17.0,1920
0.0,2.3,2.3,5,5,11,4.8,25.0,5,7,28.0,0.11,0.24,0.24,0.11,0.0,0.34,0.25,0.54,1.0,1.37,2.0,0.34,5.0,73.0,2021
0.0,1.1,1.1,0,0,6,2.2,26.0,0,0,34.0,0.04,0.08,0.08,0.04,0.0,0.0,0.0,0.21,2.0,1.2,2.0,0.0,3.0,54.0,2122
2.0,0.3,0.3,0,0,5,1.1,8.0,0,0,16.0,0.01,0.04,0.04,0.01,0.0,0.0,0.0,0.18,0.0,0.57,2.0,0.0,0.0,20.0,2223
1.0,1.7,1.0,2,2,3,1.5,22.0,1,2,28.0,0.08,0.1,0.07,0.04,1.0,0.09,0.09,0.14,2.0,1.27,3.0,0.05,3.0,51.0,2324
19.0,7.8,7.8,10,10,20,8.8,79.0,10,11,43.0,0.4,0.45,0.45,0.4,5.0,0.55,0.5,1.01,21.0,2.17,2.0,0.55,14.0,100.0,2122
9.0,12.2,11.4,19,19,36,15.0,125.0,18,24,62.0,0.44,0.56,0.54,0.41,3.0,0.86,0.68,1.29,26.0,2.22,8.0,0.82,36.0,190.0,2223
0.0,11.5,10.7,9,9,30,13.4,115.0,8,12,59.0,0.61,0.75,0.71,0.57,0.0,0.64,0.48,1.6,25.0,3.14,6.0,0.59,26.0,171.0,2324
0.0,6.0,5.2,3,3,9,5.6,30.0,2,4,16.0,0.94,1.0,0.88,0.81,0.0,0.63,0.47,1.41,10.0,2.51,2.0,0.47,5.0,41.0,2425
0.0,1.5,1.5,1,1,8,5.1,25.0,1,5,23.0,0.11,0.38,0.38,0.11,1.0,0.37,0.07,0.6,2.0,1.72,3.0,0.37,8.0,81.0,2021
0.0,0.3,0.3,0,0,1,2.4,15.0,0,1,5.0,0.04,0.36,0.36,0.04,1.0,0.15,0.0,0.15,0.0,0.76,1.0,0.15,4.0,37.0,2122
1.0,0.1,0.1,0,0,1,0.5,2.0,0,1,1.0,0.03,0.17,0.17,0.03,0.0,0.37,0.0,0.37,0.0,0.37,0.0,0.37,0.0,4.0,2223
2.0,0.9,0.9,0,0,3,3.3,28.0,0,1,19.0,0.07,0.25,0.25,0.07,6.0,0.08,0.0,0.23,0.0,1.45,1.0,0.08,6.0,61.0,2324
3.0,0.2,0.2,0,0,1,0.4,7.0,0,0,3.0,0.05,0.12,0.12,0.05,6.0,0.0,0.0,0.28,0.0,0.85,0.0,0.0,3.0,26.0,1819
1.0,1.8,1.8,3,3,4,6.8,96.0,3,9,26.0,0.06,0.22,0.22,0.06,4.0,0.29,0.1,0.13,1.0,0.82,3.0,0.29,26.0,215.0,1920
1.0,1.7,1.7,2,2,6,2.3,46.0,2,3,17.0,0.09,0.12,0.12,0.09,0.0,0.16,0.1,0.31,0.0,0.88,1.0,0.16,6.0,103.0,2223
0.0,0.2,0.2,1,1,3,0.6,12.0,1,1,6.0,0.02,0.05,0.05,0.02,0.0,0.08,0.08,0.23,0.0,0.47,1.0,0.08,2.0,35.0,2324
0.0,0.3,0.3,0,0,1,0.6,18.0,0,0,5.0,0.04,0.08,0.08,0.04,0.0,0.0,0.0,0.14,0.0,0.68,0.0,0.0,7.0,50.0,1819
0.0,1.1,1.1,0,0,7,2.4,26.0,0,0,13.0,0.1,0.21,0.21,0.1,0.0,0.0,0.0,0.62,2.0,1.14,0.0,0.0,7.0,87.0,1920
1.0,0.9,0.9,1,1,5,4.5,35.0,1,3,16.0,0.04,0.18,0.18,0.04,0.0,0.12,0.04,0.2,1.0,0.64,2.0,0.12,12.0,115.0,2122
1.0,0.8,0.8,1,1,5,1.7,25.0,1,1,11.0,0.05,0.12,0.12,0.05,2.0,0.07,0.07,0.34,0.0,0.75,1.0,0.07,7.0,57.0,2223
2.0,1.5,1.5,1,1,4,3.9,39.0,1,3,19.0,0.04,0.11,0.11,0.04,1.0,0.09,0.03,0.11,1.0,0.55,4.0,0.09,9.0,124.0,2324
5.0,3.4,3.4,4,4,13,9.1,69.0,4,10,44.0,0.16,0.43,0.43,0.16,2.0,0.47,0.19,0.62,3.0,2.09,3.0,0.47,7.0,84.0,2122
0.0,6.3,6.3,5,5,11,12.0,93.0,5,7,49.0,0.24,0.45,0.45,0.24,0.0,0.26,0.19,0.41,1.0,1.83,3.0,0.26,19.0,137.0,2223
0.0,0.8,0.8,0,0,3,2.1,39.0,0,1,10.0,0.15,0.38,0.38,0.15,0.0,0.17,0.0,0.52,1.0,1.75,0.0,0.17,23.0,47.0,2223
5.0,4.8,2.5,4,4,11,7.0,39.0,1,11,27.0,0.35,0.67,0.5,0.18,2.0,0.79,0.29,0.79,3.0,1.95,4.0,0.58,11.0,95.0,1819
7.0,3.6,2.0,5,5,8,4.9,32.0,3,7,24.0,0.28,0.51,0.39,0.16,4.0,0.55,0.39,0.63,2.0,1.89,1.0,0.39,15.0,69.0,1920
6.0,6.1,3.7,7,7,14,8.5,64.0,5,11,32.0,0.36,0.64,0.5,0.22,2.0,0.64,0.41,0.82,7.0,1.87,4.0,0.53,15.0,112.0,2021
6.0,8.0,4.8,6,6,11,8.3,61.0,2,8,38.0,0.42,0.61,0.44,0.25,4.0,0.42,0.32,0.58,4.0,2.0,2.0,0.21,12.0,118.0,2122
2.0,4.9,3.3,6,6,9,5.6,28.0,4,10,21.0,0.3,0.43,0.34,0.2,1.0,0.61,0.36,0.55,7.0,1.28,4.0,0.49,3.0,77.0,2223
1.0,2.7,2.7,1,1,8,3.6,43.0,1,2,26.0,0.26,0.34,0.34,0.26,1.0,0.19,0.1,0.76,1.0,2.47,3.0,0.19,5.0,80.0,2324
0.0,0.7,0.7,1,1,5,3.8,21.0,1,2,10.0,0.02,0.12,0.12,0.02,1.0,0.06,0.03,0.15,0.0,0.3,2.0,0.06,6.0,74.0,1819
0.0,0.3,0.3,1,1,3,0.7,9.0,1,1,7.0,0.02,0.05,0.05,0.02,1.0,0.07,0.07,0.21,1.0,0.49,0.0,0.07,2.0,25.0,2021
0.0,0.3,0.3,0,0,1,1.3,9.0,0,1,6.0,0.02,0.07,0.07,0.02,0.0,0.06,0.0,0.06,0.0,0.33,1.0,0.06,3.0,24.0,2122
10.0,1.8,1.8,2,2,4,5.1,44.0,2,6,13.0,0.11,0.32,0.32,0.11,2.0,0.37,0.12,0.25,4.0,0.81,2.0,0.37,13.0,113.0,2021
0.0,6.0,6.0,10,10,23,8.0,62.0,10,12,40.0,0.28,0.38,0.38,0.28,2.0,0.56,0.47,1.08,2.0,1.87,4.0,0.56,20.0,139.0,2122
6.0,2.0,2.0,0,0,5,2.2,19.0,0,1,15.0,0.5,0.56,0.56,0.5,3.0,0.25,0.0,1.27,0.0,3.82,1.0,0.25,1.0,18.0,2324
0.0,2.0,2.0,3,3,3,2.3,20.0,3,3,16.0,0.34,0.4,0.4,0.34,1.0,0.52,0.52,0.52,5.0,2.76,3.0,0.52,4.0,80.0,1819
1.0,1.3,1.3,0,0,2,2.2,13.0,0,1,7.0,0.27,0.46,0.46,0.27,1.0,0.21,0.0,0.42,1.0,1.46,2.0,0.21,5.0,51.0,1920
1.0,1.7,1.7,0,0,3,4.1,21.0,0,3,22.0,0.06,0.15,0.15,0.06,1.0,0.11,0.0,0.11,0.0,0.83,4.0,0.11,2.0,8.0,2223
1.0,2.4,2.4,1,1,5,3.8,32.0,1,2,32.0,0.08,0.13,0.13,0.08,0.0,0.07,0.03,0.17,2.0,1.11,4.0,0.07,2.0,19.0,2324
2.0,5.6,5.6,6,6,13,7.0,87.0,6,6,38.0,0.17,0.21,0.21,0.17,0.0,0.18,0.18,0.39,21.0,1.13,3.0,0.18,17.0,145.0,2122
2.0,3.5,3.5,1,1,6,5.0,34.0,1,3,16.0,0.17,0.24,0.24,0.17,1.0,0.14,0.05,0.29,6.0,0.77,4.0,0.14,4.0,60.0,2324
2.0,2.7,1.9,4,4,8,4.4,48.0,3,5,31.0,0.13,0.26,0.22,0.1,0.0,0.25,0.2,0.4,4.0,1.54,2.0,0.2,6.0,46.0,1819
0.0,1.2,1.2,2,2,4,1.7,13.0,2,2,16.0,0.11,0.16,0.16,0.11,0.0,0.19,0.19,0.38,0.0,1.51,1.0,0.19,0.0,15.0,1920
1.0,1.2,1.2,0,0,2,1.2,13.0,0,0,7.0,0.37,0.39,0.39,0.37,4.0,0.0,0.0,0.63,0.0,2.22,0.0,0.0,3.0,18.0,1920
5.0,1.0,1.0,1,1,4,3.9,30.0,1,5,17.0,0.04,0.17,0.17,0.04,1.0,0.21,0.04,0.17,1.0,0.72,0.0,0.21,2.0,32.0,2021
2.0,3.3,0.2,5,5,2,1.0,17.0,1,6,7.0,0.18,0.22,0.05,0.01,1.0,0.32,0.27,0.11,1.0,0.37,0.0,0.11,3.0,19.0,2122
2.0,1.6,0.8,2,2,2,2.1,18.0,1,3,15.0,0.08,0.14,0.1,0.04,2.0,0.14,0.09,0.09,0.0,0.71,1.0,0.09,1.0,12.0,2223
3.0,2.2,0.6,2,2,1,2.0,18.0,0,4,15.0,0.1,0.17,0.09,0.03,0.0,0.18,0.09,0.05,0.0,0.69,2.0,0.09,3.0,18.0,2324
0.0,0.7,0.7,0,0,4,0.8,10.0,0,0,8.0,0.16,0.19,0.19,0.16,0.0,0.0,0.0,0.98,2.0,1.95,0.0,0.0,3.0,10.0,1819
6.0,4.9,4.9,5,5,18,6.6,41.0,5,7,36.0,0.39,0.53,0.53,0.39,3.0,0.56,0.4,1.44,9.0,2.87,6.0,0.56,9.0,71.0,1718
6.0,7.9,5.6,6,6,13,7.1,83.0,3,9,50.0,0.33,0.4,0.3,0.23,2.0,0.38,0.25,0.54,17.0,2.09,4.0,0.25,13.0,121.0,1819
4.0,9.7,7.4,6,6,23,10.0,97.0,4,8,57.0,0.37,0.47,0.38,0.28,2.0,0.31,0.23,0.88,19.0,2.19,5.0,0.23,16.0,130.0,1920
16.0,4.8,4.0,4,4,8,5.5,79.0,3,6,37.0,0.32,0.43,0.37,0.27,1.0,0.41,0.27,0.55,5.0,2.53,5.0,0.34,6.0,70.0,2021
14.0,10.4,7.3,16,16,24,8.8,129.0,14,17,82.0,0.34,0.38,0.28,0.24,3.0,0.55,0.51,0.77,14.0,2.64,8.0,0.48,11.0,127.0,2122
7.0,3.6,3.6,3,3,18,7.4,40.0,3,7,66.0,0.12,0.24,0.24,0.12,2.0,0.22,0.1,0.57,5.0,2.09,4.0,0.22,8.0,128.0,1819
1.0,5.1,5.1,7,7,19,8.7,48.0,7,9,58.0,0.22,0.37,0.37,0.22,2.0,0.38,0.3,0.81,4.0,2.47,8.0,0.38,15.0,117.0,1920
3.0,2.7,2.7,1,1,13,3.9,35.0,1,3,36.0,0.15,0.21,0.21,0.15,3.0,0.16,0.05,0.7,4.0,1.93,2.0,0.16,5.0,117.0,2021
1.0,0.4,0.4,0,0,2,0.7,5.0,0,1,4.0,0.04,0.06,0.06,0.04,0.0,0.09,0.0,0.18,0.0,0.37,1.0,0.09,0.0,40.0,1920
1.0,0.5,0.5,1,1,2,1.2,11.0,1,1,4.0,0.04,0.1,0.1,0.04,0.0,0.09,0.09,0.17,0.0,0.35,0.0,0.09,0.0,35.0,2021
3.0,0.2,0.2,0,0,1,0.2,10.0,0,0,3.0,0.13,0.13,0.13,0.13,0.0,0.0,0.0,0.55,0.0,1.65,0.0,0.0,0.0,17.0,1920
0.0,2.9,2.9,3,3,7,3.8,48.0,3,3,21.0,0.3,0.39,0.39,0.3,2.0,0.31,0.31,0.72,10.0,2.15,3.0,0.31,2.0,46.0,1920
1.0,0.6,0.6,0,0,3,2.3,13.0,0,1,20.0,0.02,0.07,0.07,0.02,2.0,0.03,0.0,0.1,0.0,0.64,1.0,0.03,0.0,24.0,2324
6.0,1.6,1.6,2,2,3,1.8,23.0,2,2,8.0,0.2,0.22,0.22,0.2,1.0,0.25,0.25,0.37,3.0,0.99,0.0,0.25,1.0,46.0,1718
0.0,5.1,5.1,6,6,10,6.0,57.0,6,7,21.0,0.2,0.24,0.24,0.2,0.0,0.28,0.24,0.4,5.0,0.84,1.0,0.28,4.0,123.0,1819
6.0,6.2,4.6,3,3,13,8.0,47.0,2,5,45.0,0.25,0.39,0.33,0.19,7.0,0.2,0.12,0.53,4.0,1.83,3.0,0.16,8.0,54.0,2324
5.0,1.9,1.9,2,2,9,4.5,24.0,2,5,33.0,0.08,0.18,0.18,0.08,6.0,0.21,0.08,0.37,1.0,1.35,3.0,0.21,8.0,105.0,2122
0.0,0.2,0.2,0,0,2,0.4,3.0,0,1,5.0,0.02,0.04,0.04,0.02,0.0,0.11,0.0,0.21,0.0,0.53,1.0,0.11,1.0,5.0,1819
0.0,0.1,0.1,0,0,1,0.1,2.0,0,0,3.0,0.06,0.06,0.06,0.06,1.0,0.0,0.0,0.47,0.0,1.41,0.0,0.0,0.0,4.0,1920
5.0,1.2,1.2,0,0,7,2.8,35.0,0,1,17.0,0.12,0.29,0.29,0.12,4.0,0.1,0.0,0.71,1.0,1.72,2.0,0.1,7.0,58.0,2223
6.0,5.3,4.5,5,5,17,8.4,70.0,4,9,38.0,0.21,0.37,0.34,0.18,5.0,0.36,0.2,0.68,4.0,1.53,5.0,0.32,14.0,167.0,2324
0.0,0.4,0.4,1,1,2,1.5,9.0,1,2,4.0,0.03,0.12,0.12,0.03,0.0,0.16,0.08,0.16,2.0,0.33,0.0,0.16,2.0,57.0,2223
0.0,0.3,0.3,0,0,1,0.6,10.0,0,0,5.0,0.03,0.05,0.05,0.03,0.0,0.0,0.0,0.08,0.0,0.4,0.0,0.0,3.0,57.0,2324
2.0,0.5,0.5,1,1,6,0.6,10.0,1,1,10.0,0.03,0.03,0.03,0.03,0.0,0.05,0.05,0.32,1.0,0.54,1.0,0.05,1.0,1.0,2223
0.0,0.7,0.7,2,2,3,0.8,9.0,2,2,9.0,0.03,0.04,0.04,0.03,0.0,0.09,0.09,0.14,1.0,0.41,2.0,0.09,0.0,3.0,2324
0.0,2.6,2.6,4,4,10,3.6,28.0,4,4,17.0,0.11,0.15,0.15,0.11,0.0,0.17,0.17,0.41,0.0,0.7,2.0,0.17,0.0,5.0,2223
1.0,1.1,1.1,0,0,3,1.4,28.0,0,0,17.0,0.04,0.06,0.06,0.04,1.0,0.0,0.0,0.12,0.0,0.69,4.0,0.0,0.0,10.0,2324
0.0,0.2,0.2,0,0,1,0.2,7.0,0,0,3.0,0.03,0.03,0.03,0.03,0.0,0.0,0.0,0.14,0.0,0.42,0.0,0.0,0.0,2.0,1819
0.0,1.0,1.0,3,3,3,2.0,14.0,3,3,9.0,0.06,0.12,0.12,0.06,2.0,0.18,0.18,0.18,0.0,0.54,0.0,0.18,2.0,7.0,1819
0.0,0.9,0.9,0,0,1,1.3,12.0,0,2,8.0,0.06,0.08,0.08,0.06,0.0,0.13,0.0,0.07,1.0,0.54,1.0,0.13,0.0,4.0,1920
0.0,1.6,1.6,2,2,4,2.8,25.0,2,3,17.0,0.05,0.09,0.09,0.05,0.0,0.1,0.06,0.13,1.0,0.54,4.0,0.1,1.0,14.0,2223
2.0,0.7,0.7,0,0,3,0.7,12.0,0,0,9.0,0.05,0.06,0.06,0.05,1.0,0.0,0.0,0.23,1.0,0.69,1.0,0.0,0.0,1.0,2324
1.0,0.2,0.2,0,0,4,0.3,10.0,0,0,6.0,0.01,0.01,0.01,0.01,0.0,0.0,0.0,0.18,2.0,0.26,1.0,0.0,2.0,3.0,2122
0.0,1.6,1.6,1,1,1,1.8,5.0,1,1,7.0,0.1,0.11,0.11,0.1,0.0,0.06,0.06,0.06,0.0,0.44,0.0,0.06,0.0,6.0,2223
3.0,4.2,4.2,3,3,7,4.4,56.0,3,3,25.0,0.47,0.5,0.5,0.47,1.0,0.34,0.34,0.79,11.0,2.81,2.0,0.34,14.0,81.0,1819
3.0,2.6,2.6,3,3,8,3.2,30.0,3,4,18.0,0.51,0.63,0.63,0.51,0.0,0.8,0.6,1.6,5.0,3.59,1.0,0.8,3.0,45.0,1920
4.0,4.7,4.7,3,3,13,6.1,44.0,3,3,20.0,0.51,0.67,0.67,0.51,2.0,0.33,0.33,1.43,9.0,2.2,1.0,0.33,7.0,63.0,2021
10.0,2.3,2.3,4,4,8,3.3,32.0,4,6,15.0,0.55,0.79,0.79,0.55,2.0,1.43,0.95,1.91,2.0,3.58,3.0,1.43,3.0,36.0,2122
2.0,6.1,5.3,10,10,15,7.3,68.0,10,12,30.0,0.49,0.65,0.59,0.43,2.0,0.97,0.81,1.21,11.0,2.43,4.0,0.97,7.0,77.0,2223
0.0,1.5,1.5,2,2,3,1.6,12.0,2,2,10.0,0.08,0.09,0.09,0.08,0.0,0.11,0.11,0.17,1.0,0.55,0.0,0.11,0.0,2.0,1819
7.0,5.0,1.1,6,6,5,4.9,12.0,1,8,29.0,0.19,0.34,0.19,0.04,6.0,0.31,0.23,0.19,0.0,1.11,2.0,0.11,3.0,19.0,1819
1.0,7.6,1.3,7,7,6,8.4,21.0,0,13,24.0,0.23,0.45,0.26,0.04,3.0,0.4,0.21,0.18,4.0,0.73,4.0,0.18,3.0,55.0,1920
0.0,0.8,0.8,1,1,3,2.6,1.0,1,4,16.0,0.04,0.12,0.12,0.04,1.0,0.18,0.04,0.13,0.0,0.72,2.0,0.18,0.0,12.0,2021
1.0,0.6,0.6,0,0,3,0.8,14.0,0,0,14.0,0.11,0.14,0.14,0.11,2.0,0.0,0.0,0.53,0.0,2.47,2.0,0.0,1.0,44.0,1920
0.0,1.4,1.4,1,1,6,3.3,31.0,1,3,20.0,0.09,0.2,0.2,0.09,1.0,0.18,0.06,0.36,1.0,1.22,6.0,0.18,6.0,90.0,2021
0.0,1.1,1.1,1,1,2,1.8,4.0,1,2,12.0,0.08,0.13,0.13,0.08,4.0,0.14,0.07,0.14,0.0,0.86,2.0,0.14,0.0,23.0,1819
0.0,0.5,0.5,0,0,3,3.0,14.0,0,4,14.0,0.02,0.14,0.14,0.02,1.0,0.19,0.0,0.14,0.0,0.67,1.0,0.19,2.0,39.0,1920
0.0,0.2,0.2,0,0,3,0.6,8.0,0,1,4.0,0.01,0.04,0.04,0.01,1.0,0.07,0.0,0.21,1.0,0.28,1.0,0.07,2.0,16.0,2021
6.0,1.2,1.2,1,1,4,2.7,21.0,1,2,25.0,0.13,0.31,0.31,0.13,4.0,0.23,0.11,0.45,5.0,2.83,3.0,0.23,6.0,62.0,1819
0.0,4.6,4.6,6,6,21,9.5,60.0,6,10,61.0,0.18,0.38,0.38,0.18,2.0,0.4,0.24,0.84,7.0,2.43,6.0,0.4,26.0,177.0,1920
0.0,0.5,0.5,0,0,1,1.6,15.0,0,2,12.0,0.15,0.45,0.45,0.15,0.0,0.58,0.0,0.29,0.0,3.45,2.0,0.58,8.0,30.0,2021
27.0,8.8,8.8,13,13,19,10.0,59.0,13,15,34.0,0.74,0.85,0.85,0.74,6.0,1.27,1.1,1.61,3.0,2.88,4.0,1.27,13.0,69.0,1920
22.0,23.5,20.3,27,27,47,23.8,173.0,25,33,89.0,0.88,1.01,0.89,0.76,8.0,1.23,1.01,1.76,16.0,3.33,10.0,1.16,30.0,157.0,2021
36.0,17.9,13.2,22,22,31,18.6,149.0,16,30,74.0,0.84,1.1,0.88,0.62,8.0,1.41,1.04,1.46,14.0,3.49,8.0,1.13,24.0,137.0,2122
22.0,29.2,22.9,27,27,50,27.2,183.0,20,32,113.0,1.03,1.18,0.96,0.81,3.0,1.13,0.95,1.76,6.0,3.99,10.0,0.88,22.0,126.0,2324
2.0,4.9,4.9,5,5,19,9.3,58.0,5,11,42.0,0.3,0.56,0.56,0.3,3.0,0.66,0.3,1.14,10.0,2.52,4.0,0.66,9.0,88.0,2021
8.0,3.0,3.0,2,2,9,4.6,56.0,2,5,25.0,0.31,0.47,0.47,0.31,4.0,0.52,0.21,0.93,12.0,2.58,5.0,0.52,8.0,74.0,2122
1.0,0.6,0.6,2,2,2,0.8,10.0,2,2,7.0,0.05,0.06,0.06,0.05,0.0,0.15,0.15,0.15,3.0,0.54,1.0,0.15,1.0,4.0,1920
0.0,0.4,0.4,1,1,2,0.6,8.0,1,1,4.0,0.21,0.33,0.33,0.21,0.0,0.53,0.53,1.06,3.0,2.12,1.0,0.53,1.0,14.0,2021
0.0,1.5,1.5,0,0,6,1.9,22.0,0,0,19.0,0.07,0.09,0.09,0.07,0.0,0.0,0.0,0.28,0.0,0.87,1.0,0.0,1.0,13.0,1819
1.0,1.8,1.8,3,3,7,3.3,6.0,3,4,30.0,0.08,0.15,0.15,0.08,0.0,0.18,0.13,0.31,0.0,1.34,3.0,0.18,2.0,36.0,1819
0.0,0.3,0.3,0,0,2,1.5,6.0,0,0,7.0,0.01,0.07,0.07,0.01,3.0,0.0,0.0,0.09,1.0,0.3,0.0,0.0,0.0,23.0,2021
0.0,0.3,0.3,0,0,1,1.9,12.0,0,3,7.0,0.01,0.08,0.08,0.01,1.0,0.12,0.0,0.04,0.0,0.28,0.0,0.12,3.0,23.0,2122
2.0,2.0,2.0,2,2,4,3.0,43.0,2,2,19.0,0.07,0.11,0.11,0.07,0.0,0.07,0.07,0.14,0.0,0.68,6.0,0.07,1.0,16.0,2324
6.0,5.3,5.3,6,6,17,6.1,39.0,6,8,36.0,0.51,0.57,0.57,0.51,0.0,0.76,0.57,1.61,5.0,3.41,6.0,0.76,8.0,58.0,2223
1.0,4.6,4.6,6,6,20,5.1,45.0,6,6,33.0,0.3,0.34,0.34,0.3,0.0,0.4,0.4,1.32,5.0,2.17,1.0,0.4,5.0,62.0,2324
0.0,0.5,0.5,1,1,2,1.0,9.0,1,1,7.0,0.2,0.35,0.35,0.2,0.0,0.37,0.37,0.73,0.0,2.56,0.0,0.37,2.0,9.0,2425
3.0,1.8,1.8,1,1,5,3.0,29.0,1,3,12.0,0.37,0.62,0.62,0.37,2.0,0.62,0.21,1.03,0.0,2.47,1.0,0.62,2.0,24.0,2122
6.0,2.6,2.6,3,3,12,3.9,48.0,3,5,22.0,0.18,0.28,0.28,0.18,0.0,0.36,0.21,0.86,6.0,1.57,3.0,0.36,8.0,97.0,2223
12.0,8.4,6.8,6,6,20,8.2,103.0,4,6,46.0,0.48,0.56,0.47,0.39,8.0,0.35,0.35,1.16,5.0,2.67,5.0,0.23,14.0,114.0,2324
4.0,0.8,0.8,2,2,4,2.9,5.0,2,4,10.0,0.06,0.24,0.24,0.06,2.0,0.33,0.16,0.33,0.0,0.82,0.0,0.33,2.0,17.0,2122
4.0,3.0,0.6,4,4,4,1.9,16.0,1,6,17.0,0.16,0.23,0.11,0.03,4.0,0.33,0.22,0.22,1.0,0.93,1.0,0.16,2.0,27.0,2223
1.0,3.3,1.8,4,4,4,5.5,21.0,2,8,19.0,0.16,0.35,0.27,0.09,6.0,0.39,0.2,0.2,0.0,0.93,1.0,0.29,2.0,45.0,2324
1.0,2.9,2.9,2,2,5,4.8,41.0,2,3,21.0,0.24,0.39,0.39,0.24,0.0,0.25,0.16,0.41,11.0,1.72,1.0,0.25,4.0,65.0,1718
0.0,0.1,0.1,0,0,1,0.1,4.0,0,0,2.0,0.03,0.09,0.09,0.03,0.0,0.0,0.0,0.63,0.0,1.26,1.0,0.0,0.0,6.0,1819
0.0,7.7,7.7,9,9,28,11.3,80.0,9,11,69.0,0.43,0.64,0.64,0.43,0.0,0.62,0.51,1.58,24.0,3.9,5.0,0.62,11.0,113.0,1920
6.0,0.4,0.4,0,0,2,0.4,5.0,0,0,8.0,0.16,0.16,0.16,0.16,1.0,0.0,0.0,0.89,2.0,3.56,1.0,0.0,0.0,9.0,2021
8.0,4.3,3.5,6,6,15,5.2,53.0,5,7,62.0,0.21,0.29,0.25,0.17,2.0,0.34,0.29,0.72,13.0,2.98,6.0,0.29,8.0,117.0,2122
1.0,7.0,4.7,8,8,21,6.5,61.0,6,10,64.0,0.37,0.47,0.34,0.25,0.0,0.53,0.42,1.11,14.0,3.37,4.0,0.42,6.0,96.0,2223
1.0,0.7,0.7,1,1,3,0.8,10.0,1,1,9.0,0.22,0.24,0.24,0.22,3.0,0.3,0.3,0.91,0.0,2.72,2.0,0.3,1.0,31.0,2324
2.0,2.0,2.0,1,1,6,4.3,28.0,1,4,27.0,0.21,0.45,0.45,0.21,0.0,0.42,0.1,0.62,4.0,2.81,4.0,0.42,5.0,75.0,2324
2.0,2.4,2.4,2,2,7,2.5,34.0,2,2,22.0,0.07,0.07,0.07,0.07,0.0,0.06,0.06,0.2,1.0,0.62,1.0,0.06,0.0,5.0,2021
0.0,0.1,0.1,0,0,3,0.4,1.0,0,1,4.0,0.01,0.06,0.06,0.01,0.0,0.12,0.0,0.37,0.0,0.5,0.0,0.12,1.0,23.0,1819
0.0,1.1,1.1,1,1,1,1.6,15.0,1,1,3.0,0.09,0.14,0.14,0.09,0.0,0.09,0.09,0.09,3.0,0.27,0.0,0.09,3.0,43.0,1819
1.0,1.4,1.4,2,2,6,1.6,19.0,2,2,20.0,0.08,0.09,0.09,0.08,0.0,0.11,0.11,0.32,2.0,1.08,3.0,0.11,2.0,6.0,1920
2.0,1.3,0.5,1,1,4,0.5,11.0,0,1,11.0,0.09,0.09,0.04,0.04,2.0,0.07,0.07,0.29,1.0,0.79,1.0,0.0,0.0,0.0,2021
4.0,2.5,2.5,4,4,9,3.3,40.0,4,5,35.0,0.07,0.1,0.1,0.07,0.0,0.15,0.12,0.27,0.0,1.03,4.0,0.15,1.0,20.0,2324
2.0,0.9,0.9,0,0,2,3.3,25.0,0,1,12.0,0.06,0.2,0.2,0.06,0.0,0.06,0.0,0.12,0.0,0.74,0.0,0.06,10.0,64.0,2324
0.0,0.7,0.7,4,4,7,1.2,16.0,4,5,15.0,0.04,0.07,0.07,0.04,0.0,0.28,0.23,0.4,0.0,0.85,1.0,0.28,5.0,67.0,2122
0.0,0.4,0.4,2,2,4,2.1,10.0,2,5,12.0,0.02,0.09,0.09,0.02,0.0,0.22,0.09,0.17,0.0,0.52,1.0,0.22,0.0,23.0,1920
5.0,0.3,0.3,0,0,1,0.6,12.0,0,0,10.0,0.01,0.02,0.02,0.01,1.0,0.0,0.0,0.04,0.0,0.35,0.0,0.0,3.0,13.0,2021
0.0,3.9,2.4,5,5,7,3.7,21.0,3,6,19.0,0.15,0.2,0.14,0.09,2.0,0.23,0.19,0.27,0.0,0.74,3.0,0.16,1.0,37.0,2122
3.0,2.5,2.5,2,2,7,3.6,34.0,2,4,30.0,0.21,0.31,0.31,0.21,0.0,0.34,0.17,0.6,3.0,2.56,3.0,0.34,5.0,96.0,1819
0.0,3.2,2.4,3,3,14,2.8,42.0,2,3,38.0,0.35,0.4,0.31,0.26,0.0,0.33,0.33,1.56,4.0,4.23,5.0,0.22,5.0,72.0,1920
0.0,1.1,1.1,2,2,4,1.2,26.0,2,2,11.0,0.29,0.31,0.31,0.29,0.0,0.52,0.52,1.04,0.0,2.85,2.0,0.52,2.0,26.0,2223
2.0,0.2,0.2,0,0,2,0.5,7.0,0,0,3.0,0.12,0.25,0.25,0.12,1.0,0.0,0.0,1.09,0.0,1.64,1.0,0.0,1.0,13.0,2324
0.0,1.5,1.5,0,0,3,5.3,23.0,0,4,12.0,0.06,0.19,0.19,0.06,1.0,0.15,0.0,0.11,1.0,0.44,3.0,0.15,5.0,110.0,1819
0.0,1.1,1.1,0,0,4,3.8,44.0,0,1,26.0,0.05,0.19,0.19,0.05,0.0,0.05,0.0,0.19,3.0,1.26,7.0,0.05,8.0,135.0,1920
0.0,0.3,0.3,0,0,2,0.7,11.0,0,0,8.0,0.03,0.06,0.06,0.03,0.0,0.0,0.0,0.16,1.0,0.64,3.0,0.0,1.0,25.0,2021
1.0,0.1,0.1,0,0,1,0.2,3.0,0,0,2.0,0.12,0.19,0.19,0.12,1.0,0.0,0.0,1.17,2.0,2.34,0.0,0.0,1.0,9.0,2021
0.0,0.8,0.8,1,1,4,1.4,16.0,1,2,10.0,0.1,0.18,0.18,0.1,0.0,0.26,0.13,0.51,4.0,1.28,0.0,0.26,2.0,33.0,2122
0.0,1.7,1.7,2,2,4,2.9,35.0,2,4,19.0,0.07,0.12,0.12,0.07,0.0,0.17,0.08,0.17,4.0,0.79,0.0,0.17,4.0,76.0,2223
1.0,2.4,2.4,0,0,5,3.8,45.0,0,2,20.0,0.18,0.27,0.27,0.18,1.0,0.15,0.0,0.36,4.0,1.46,5.0,0.15,6.0,85.0,2223
3.0,1.2,1.2,1,1,3,2.3,35.0,1,2,20.0,0.1,0.19,0.19,0.1,3.0,0.16,0.08,0.24,1.0,1.63,2.0,0.16,7.0,62.0,2324
1.0,0.8,0.8,1,1,1,2.0,17.0,1,2,9.0,0.03,0.08,0.08,0.03,0.0,0.08,0.04,0.04,0.0,0.36,1.0,0.08,0.0,4.0,1819
0.0,0.6,0.6,1,1,1,0.8,11.0,1,1,7.0,0.02,0.03,0.03,0.02,0.0,0.04,0.04,0.04,2.0,0.26,0.0,0.04,0.0,9.0,1920
13.0,12.9,7.4,11,11,29,10.6,141.0,6,14,95.0,0.51,0.64,0.42,0.29,1.0,0.55,0.44,1.15,22.0,3.76,12.0,0.36,9.0,164.0,1920
4.0,11.8,9.4,13,13,25,10.9,104.0,11,14,79.0,0.48,0.54,0.44,0.38,2.0,0.57,0.53,1.02,18.0,3.23,10.0,0.49,9.0,157.0,2021
1.0,4.3,3.5,4,4,11,5.1,74.0,3,6,57.0,0.23,0.32,0.28,0.19,1.0,0.32,0.22,0.59,15.0,3.08,6.0,0.27,2.0,140.0,2122
1.0,1.5,1.5,1,1,4,2.0,15.0,1,1,10.0,0.12,0.15,0.15,0.12,0.0,0.08,0.08,0.31,0.0,0.76,2.0,0.08,1.0,2.0,1920
8.0,7.2,6.4,3,3,24,11.8,157.0,2,8,77.0,0.24,0.42,0.39,0.21,7.0,0.26,0.1,0.79,5.0,2.54,10.0,0.23,55.0,304.0,1819
6.0,8.0,4.0,8,8,15,9.8,104.0,4,15,37.0,0.3,0.52,0.37,0.15,2.0,0.56,0.3,0.56,9.0,1.39,3.0,0.41,40.0,209.0,1920
3.0,3.1,3.1,5,5,14,7.2,59.0,5,9,51.0,0.14,0.33,0.33,0.14,6.0,0.41,0.23,0.63,2.0,2.3,4.0,0.41,17.0,116.0,1819
3.0,3.2,3.2,3,3,18,7.8,42.0,3,9,71.0,0.11,0.26,0.26,0.11,1.0,0.3,0.1,0.6,0.0,2.38,2.0,0.3,8.0,132.0,1920
7.0,2.0,2.0,3,3,15,4.0,39.0,3,4,43.0,0.07,0.14,0.14,0.07,4.0,0.14,0.11,0.53,1.0,1.51,7.0,0.14,6.0,80.0,2021
3.0,1.6,1.6,7,7,13,4.5,39.0,7,11,40.0,0.06,0.17,0.17,0.06,2.0,0.42,0.26,0.49,1.0,1.51,3.0,0.42,9.0,80.0,2122
1.0,2.8,2.8,3,3,9,4.9,41.0,3,5,26.0,0.13,0.23,0.23,0.13,3.0,0.24,0.14,0.43,4.0,1.24,2.0,0.24,4.0,86.0,2223
4.0,2.0,2.0,1,1,6,3.1,20.0,1,4,19.0,0.15,0.24,0.24,0.15,5.0,0.3,0.08,0.45,1.0,1.43,2.0,0.3,1.0,40.0,2324
5.0,2.4,2.4,3,3,8,4.2,35.0,3,4,21.0,0.16,0.28,0.28,0.16,2.0,0.26,0.2,0.53,3.0,1.39,3.0,0.26,8.0,69.0,2324
1.0,1.3,1.3,1,1,5,1.7,22.0,1,1,7.0,0.2,0.26,0.26,0.2,0.0,0.16,0.16,0.78,5.0,1.1,1.0,0.16,3.0,35.0,1920
2.0,1.3,1.3,1,1,2,1.5,21.0,1,1,9.0,0.05,0.05,0.05,0.05,4.0,0.03,0.03,0.07,0.0,0.31,2.0,0.03,1.0,12.0,2122
0.0,1.1,1.1,1,1,12,2.9,17.0,1,4,19.0,0.04,0.1,0.1,0.04,1.0,0.13,0.03,0.4,2.0,0.63,4.0,0.13,4.0,20.0,2324
0.0,0.6,0.6,0,0,2,0.6,11.0,0,0,5.0,0.09,0.1,0.1,0.09,0.0,0.0,0.0,0.33,1.0,0.83,0.0,0.0,7.0,32.0,2021
0.0,0.5,0.5,0,0,2,1.0,19.0,0,0,7.0,0.07,0.13,0.13,0.07,0.0,0.0,0.0,0.27,3.0,0.94,0.0,0.0,6.0,42.0,2122
1.0,0.1,0.1,1,1,2,0.4,3.0,1,1,3.0,0.0,0.03,0.03,0.0,1.0,0.07,0.07,0.14,0.0,0.21,0.0,0.07,1.0,13.0,1920
0.0,0.5,0.5,0,0,4,2.1,12.0,0,2,15.0,0.06,0.21,0.21,0.06,1.0,0.2,0.0,0.41,1.0,1.52,1.0,0.2,7.0,78.0,1718
3.0,0.7,0.7,0,0,3,1.4,13.0,0,1,8.0,0.03,0.06,0.06,0.03,1.0,0.04,0.0,0.13,0.0,0.34,2.0,0.04,8.0,67.0,1819
5.0,1.0,1.0,0,0,7,1.8,11.0,0,1,27.0,0.07,0.14,0.14,0.07,5.0,0.08,0.0,0.54,0.0,2.08,4.0,0.08,1.0,60.0,2021
0.0,3.3,3.3,5,5,12,5.6,41.0,5,10,34.0,0.16,0.26,0.26,0.16,1.0,0.47,0.23,0.56,2.0,1.59,4.0,0.47,12.0,108.0,2223
0.0,0.8,0.8,1,1,2,1.9,29.0,1,4,6.0,0.03,0.07,0.07,0.03,1.0,0.14,0.03,0.07,5.0,0.21,0.0,0.14,6.0,70.0,2223
1.0,0.8,0.8,0,0,7,1.3,9.0,0,1,13.0,0.04,0.06,0.06,0.04,1.0,0.05,0.0,0.34,0.0,0.63,2.0,0.05,1.0,3.0,2324
0.0,1.0,1.0,1,1,3,4.4,20.0,1,4,9.0,0.08,0.34,0.34,0.08,1.0,0.31,0.08,0.23,3.0,0.7,1.0,0.31,5.0,138.0,1819
0.0,0.2,0.2,0,0,2,1.5,3.0,0,1,4.0,0.04,0.36,0.36,0.04,0.0,0.24,0.0,0.48,0.0,0.96,0.0,0.24,0.0,32.0,1920
0.0,0.1,0.1,0,0,1,0.5,2.0,0,0,3.0,0.03,0.13,0.13,0.03,0.0,0.0,0.0,0.27,0.0,0.81,0.0,0.0,1.0,19.0,2122
1.0,3.1,3.1,2,2,14,9.8,71.0,2,6,40.0,0.14,0.46,0.46,0.14,3.0,0.28,0.09,0.66,9.0,1.88,6.0,0.28,12.0,143.0,2324
6.0,1.8,1.8,2,2,9,3.9,27.0,2,3,24.0,0.2,0.43,0.43,0.2,8.0,0.33,0.22,0.99,3.0,2.63,2.0,0.33,7.0,54.0,1920
4.0,5.2,3.7,6,6,26,12.2,45.0,5,14,78.0,0.17,0.44,0.39,0.12,2.0,0.45,0.19,0.83,1.0,2.49,8.0,0.42,20.0,116.0,2021
1.0,1.4,1.4,3,3,5,1.5,10.0,3,3,6.0,0.41,0.44,0.44,0.41,0.0,0.88,0.88,1.47,0.0,1.76,1.0,0.88,4.0,23.0,1920
0.0,1.2,1.2,1,1,5,1.3,18.0,1,1,13.0,0.26,0.28,0.28,0.26,0.0,0.22,0.22,1.09,1.0,2.83,1.0,0.22,5.0,49.0,2021
2.0,1.1,1.1,0,0,2,1.3,22.0,0,0,11.0,0.12,0.14,0.14,0.12,3.0,0.0,0.0,0.22,2.0,1.23,0.0,0.0,14.0,54.0,2223
0.0,3.0,3.0,4,4,11,3.6,51.0,4,4,33.0,0.21,0.26,0.26,0.21,0.0,0.28,0.28,0.77,3.0,2.32,1.0,0.28,18.0,95.0,2324
1.0,0.3,0.3,0,0,1,1.1,8.0,0,1,6.0,0.02,0.05,0.05,0.02,0.0,0.05,0.0,0.05,0.0,0.29,2.0,0.05,1.0,11.0,2223
0.0,0.8,0.8,0,0,3,2.5,12.0,0,0,9.0,0.03,0.09,0.09,0.03,0.0,0.0,0.0,0.11,1.0,0.33,2.0,0.0,1.0,34.0,1819
0.0,0.8,0.8,0,0,3,2.2,25.0,0,2,13.0,0.03,0.08,0.08,0.03,0.0,0.07,0.0,0.1,1.0,0.44,3.0,0.07,1.0,26.0,2021
1.0,3.8,3.8,2,2,15,7.2,77.0,2,5,53.0,0.23,0.44,0.44,0.23,1.0,0.31,0.12,0.92,7.0,3.24,8.0,0.31,23.0,153.0,1819
0.0,4.4,4.4,1,1,9,7.9,49.0,1,2,50.0,0.25,0.45,0.45,0.25,2.0,0.11,0.06,0.52,5.0,2.86,3.0,0.11,12.0,126.0,1920
1.0,1.3,1.3,0,0,6,4.1,29.0,0,2,13.0,0.12,0.38,0.38,0.12,3.0,0.19,0.0,0.56,2.0,1.2,1.0,0.19,5.0,85.0,2021
0.0,3.6,3.6,6,6,15,4.2,39.0,6,6,43.0,0.43,0.51,0.51,0.43,1.0,0.73,0.73,1.81,3.0,5.2,6.0,0.73,3.0,53.0,1920
10.0,1.3,1.3,2,2,5,2.1,25.0,2,4,21.0,0.21,0.33,0.33,0.21,0.0,0.64,0.32,0.8,4.0,3.35,2.0,0.64,3.0,36.0,2021
2.0,7.5,5.9,10,10,20,7.0,57.0,8,10,55.0,0.36,0.41,0.34,0.28,1.0,0.48,0.48,0.96,6.0,2.65,6.0,0.39,1.0,85.0,2122
3.0,2.4,2.4,2,2,7,3.5,31.0,2,3,32.0,0.19,0.28,0.28,0.19,1.0,0.24,0.16,0.56,7.0,2.57,3.0,0.24,3.0,67.0,2223
0.0,0.1,0.1,0,0,1,0.4,9.0,0,0,1.0,0.01,0.03,0.03,0.01,0.0,0.0,0.0,0.09,1.0,0.09,0.0,0.0,1.0,2.0,1819
2.0,1.7,1.7,1,1,2,2.2,33.0,1,1,11.0,0.06,0.08,0.08,0.06,0.0,0.04,0.04,0.08,3.0,0.42,1.0,0.04,3.0,41.0,2122
10.0,8.8,8.8,6,6,41,14.4,218.0,6,9,133.0,0.26,0.43,0.43,0.26,6.0,0.27,0.18,1.22,10.0,3.95,20.0,0.27,80.0,357.0,1819
1.0,12.2,10.6,10,10,41,16.0,150.0,9,16,109.0,0.42,0.6,0.55,0.36,1.0,0.55,0.34,1.4,7.0,3.72,12.0,0.51,40.0,186.0,1920
2.0,6.1,6.1,8,8,25,13.9,109.0,8,16,60.0,0.25,0.57,0.57,0.25,2.0,0.65,0.33,1.02,11.0,2.44,6.0,0.65,40.0,179.0,2021
2.0,2.2,2.2,2,2,9,3.4,47.0,2,4,28.0,0.23,0.35,0.35,0.23,5.0,0.42,0.21,0.94,1.0,2.92,6.0,0.42,14.0,59.0,2122
9.0,1.5,1.5,2,2,3,4.1,49.0,2,7,26.0,0.15,0.43,0.43,0.15,2.0,0.74,0.21,0.32,2.0,2.75,3.0,0.74,16.0,88.0,2223
0.0,6.4,5.6,9,9,25,11.9,130.0,8,11,74.0,0.26,0.52,0.49,0.23,0.0,0.45,0.37,1.02,7.0,3.03,7.0,0.41,58.0,216.0,2324
2.0,3.2,3.2,2,2,11,4.4,46.0,2,4,25.0,0.27,0.37,0.37,0.27,0.0,0.34,0.17,0.92,7.0,2.09,0.0,0.34,11.0,106.0,1819
5.0,2.1,2.1,2,2,9,3.2,37.0,2,2,25.0,0.18,0.26,0.26,0.18,0.0,0.17,0.17,0.75,4.0,2.08,2.0,0.17,16.0,82.0,1920
2.0,2.3,2.3,5,5,8,3.3,68.0,5,5,26.0,0.15,0.22,0.22,0.15,2.0,0.33,0.33,0.53,13.0,1.71,4.0,0.33,14.0,126.0,2122
1.0,3.2,3.2,2,2,16,6.0,82.0,2,4,39.0,0.14,0.27,0.27,0.14,0.0,0.18,0.09,0.71,13.0,1.73,2.0,0.18,18.0,177.0,2223
0.0,0.7,0.7,0,0,3,2.7,19.0,0,3,13.0,0.12,0.46,0.46,0.12,0.0,0.52,0.0,0.52,2.0,2.25,1.0,0.52,1.0,38.0,1920
2.0,2.8,2.8,5,5,12,10.6,59.0,5,8,38.0,0.1,0.38,0.38,0.1,3.0,0.28,0.17,0.41,6.0,1.31,5.0,0.28,7.0,138.0,2021
4.0,3.5,2.7,2,2,18,7.9,41.0,2,5,38.0,0.22,0.55,0.5,0.17,3.0,0.31,0.13,1.13,2.0,2.39,10.0,0.31,10.0,116.0,2122
5.0,3.1,3.1,4,4,15,9.9,72.0,4,7,49.0,0.13,0.43,0.43,0.13,6.0,0.3,0.17,0.65,5.0,2.13,5.0,0.3,6.0,189.0,2223
4.0,2.9,2.7,5,5,19,11.1,74.0,5,11,51.0,0.13,0.49,0.48,0.12,7.0,0.48,0.22,0.82,5.0,2.21,5.0,0.48,10.0,198.0,2324
1.0,2.5,2.5,5,5,15,2.8,40.0,5,5,30.0,0.08,0.09,0.09,0.08,0.0,0.16,0.16,0.48,0.0,0.96,1.0,0.16,0.0,5.0,1819
1.0,0.5,0.5,1,1,1,0.5,13.0,1,1,4.0,0.04,0.04,0.04,0.04,0.0,0.07,0.07,0.07,1.0,0.3,0.0,0.07,1.0,2.0,1920
1.0,0.2,0.2,1,1,2,0.2,6.0,1,1,3.0,0.04,0.05,0.05,0.04,0.0,0.22,0.22,0.44,0.0,0.67,2.0,0.22,0.0,2.0,2021
1.0,0.7,0.7,1,1,2,0.8,17.0,1,1,11.0,0.06,0.07,0.07,0.06,0.0,0.08,0.08,0.17,0.0,0.92,4.0,0.08,1.0,4.0,2223
0.0,1.4,1.4,2,2,7,2.6,24.0,2,4,15.0,0.05,0.09,0.09,0.05,0.0,0.14,0.07,0.24,2.0,0.52,3.0,0.14,1.0,13.0,1920
1.0,5.5,5.5,4,4,7,7.0,47.0,4,4,35.0,0.19,0.24,0.24,0.19,0.0,0.14,0.14,0.24,0.0,1.19,2.0,0.14,1.0,43.0,2324
0.0,0.6,0.6,1,1,5,2.1,13.0,1,2,11.0,0.04,0.14,0.14,0.04,1.0,0.14,0.07,0.34,1.0,0.74,0.0,0.14,5.0,75.0,1819
0.0,0.2,0.2,0,0,2,1.3,11.0,0,1,7.0,0.02,0.13,0.13,0.02,0.0,0.1,0.0,0.19,2.0,0.68,2.0,0.1,2.0,53.0,1920
0.0,0.5,0.5,1,1,2,0.5,2.0,1,1,2.0,0.03,0.03,0.03,0.03,2.0,0.07,0.07,0.13,0.0,0.13,0.0,0.07,1.0,9.0,1819
0.0,3.5,2.7,1,1,5,3.6,49.0,0,1,24.0,0.41,0.51,0.42,0.32,1.0,0.12,0.12,0.58,7.0,2.81,2.0,0.0,7.0,73.0,1920
2.0,0.3,0.3,0,0,1,0.6,11.0,0,0,7.0,0.04,0.08,0.08,0.04,5.0,0.0,0.0,0.14,0.0,0.96,0.0,0.0,5.0,15.0,1819
3.0,2.0,2.0,2,2,11,5.3,24.0,2,7,22.0,0.09,0.25,0.25,0.09,1.0,0.33,0.09,0.52,0.0,1.04,2.0,0.33,10.0,69.0,1920
0.0,2.3,2.3,3,3,8,5.4,31.0,3,4,22.0,0.15,0.36,0.36,0.15,1.0,0.27,0.2,0.54,2.0,1.49,4.0,0.27,5.0,54.0,2021
7.0,0.9,0.9,0,0,9,2.6,38.0,0,1,34.0,0.05,0.13,0.13,0.05,4.0,0.05,0.0,0.44,6.0,1.67,3.0,0.05,5.0,86.0,2122
2.0,4.3,4.3,7,7,21,10.6,54.0,7,11,63.0,0.15,0.38,0.38,0.15,7.0,0.4,0.25,0.76,5.0,2.27,1.0,0.4,8.0,135.0,2223
6.0,3.5,3.5,2,2,18,9.3,69.0,2,9,56.0,0.11,0.29,0.29,0.11,4.0,0.28,0.06,0.56,0.0,1.74,3.0,0.28,15.0,102.0,2324
1.0,1.1,1.1,2,2,2,1.1,13.0,2,2,10.0,0.09,0.09,0.09,0.09,0.0,0.16,0.16,0.16,0.0,0.82,1.0,0.16,0.0,2.0,1819
0.0,1.9,1.9,1,1,5,2.1,32.0,1,1,19.0,0.08,0.09,0.09,0.08,0.0,0.04,0.04,0.21,1.0,0.81,5.0,0.04,0.0,1.0,1920
2.0,1.5,1.5,0,0,2,1.8,24.0,0,0,12.0,0.07,0.08,0.08,0.07,1.0,0.0,0.0,0.09,0.0,0.53,0.0,0.0,0.0,3.0,2021
0.0,0.7,0.7,2,2,4,1.1,21.0,2,3,11.0,0.04,0.07,0.07,0.04,1.0,0.18,0.12,0.24,2.0,0.66,1.0,0.18,1.0,2.0,2122
0.0,2.5,2.5,1,1,8,5.6,56.0,1,5,23.0,0.15,0.34,0.34,0.15,0.0,0.3,0.06,0.48,2.0,1.38,5.0,0.3,21.0,132.0,1920
9.0,6.2,6.2,6,6,16,12.7,130.0,6,14,44.0,0.19,0.4,0.4,0.19,2.0,0.44,0.19,0.5,7.0,1.37,5.0,0.44,48.0,264.0,2122
5.0,6.0,6.0,9,9,23,10.9,129.0,9,11,41.0,0.18,0.33,0.33,0.18,6.0,0.33,0.27,0.7,7.0,1.25,6.0,0.33,31.0,224.0,2223
9.0,8.2,7.4,8,8,14,8.6,75.0,7,10,41.0,0.54,0.62,0.57,0.49,2.0,0.66,0.53,0.92,9.0,2.69,2.0,0.59,12.0,93.0,1819
8.0,5.5,4.7,9,9,13,7.8,80.0,9,11,29.0,0.35,0.55,0.5,0.3,0.0,0.7,0.58,0.83,8.0,1.86,1.0,0.7,8.0,121.0,1920
1.0,5.5,4.7,8,8,11,5.3,50.0,7,8,30.0,0.53,0.59,0.52,0.45,2.0,0.78,0.78,1.07,8.0,2.91,2.0,0.68,2.0,57.0,2021
0.0,1.4,1.4,1,1,3,2.5,19.0,1,3,12.0,0.45,0.79,0.79,0.45,0.0,0.95,0.32,0.95,4.0,3.8,1.0,0.95,4.0,22.0,2122
0.0,2.6,2.6,3,3,8,3.7,23.0,3,5,14.0,0.1,0.14,0.14,0.1,0.0,0.19,0.11,0.3,0.0,0.53,2.0,0.19,0.0,6.0,1819
0.0,1.9,1.9,1,1,6,4.1,27.0,1,2,16.0,0.4,0.84,0.84,0.4,1.0,0.41,0.2,1.22,2.0,3.25,1.0,0.41,4.0,37.0,1819
0.0,2.4,2.4,0,0,6,4.1,27.0,0,1,19.0,0.32,0.55,0.55,0.32,0.0,0.13,0.0,0.81,3.0,2.55,1.0,0.13,9.0,64.0,1920
1.0,2.7,2.7,3,3,9,6.1,40.0,3,8,37.0,0.13,0.3,0.3,0.13,2.0,0.39,0.15,0.44,1.0,1.81,3.0,0.39,2.0,54.0,2223
4.0,1.7,1.7,1,1,3,2.6,28.0,1,3,23.0,0.15,0.23,0.23,0.15,1.0,0.26,0.09,0.26,1.0,2.03,4.0,0.26,3.0,28.0,2324
1.0,0.6,0.6,1,1,1,0.9,9.0,1,1,5.0,0.16,0.21,0.21,0.16,0.0,0.25,0.25,0.25,1.0,1.24,0.0,0.25,1.0,22.0,2021
0.0,0.1,0.1,1,1,1,0.4,7.0,1,1,3.0,0.03,0.07,0.07,0.03,0.0,0.19,0.19,0.19,1.0,0.57,0.0,0.19,0.0,28.0,2122
1.0,0.9,0.9,2,2,3,2.1,13.0,2,4,14.0,0.08,0.2,0.2,0.08,6.0,0.37,0.19,0.28,2.0,1.31,1.0,0.37,1.0,42.0,2324
2.0,0.8,0.8,0,0,5,3.2,34.0,0,5,18.0,0.03,0.14,0.14,0.03,1.0,0.21,0.0,0.21,0.0,0.76,5.0,0.21,15.0,138.0,1718
1.0,0.9,0.9,2,2,7,4.1,54.0,2,3,23.0,0.03,0.14,0.14,0.03,3.0,0.11,0.07,0.25,0.0,0.82,0.0,0.11,21.0,212.0,1819
2.0,0.8,0.8,1,1,2,1.7,39.0,1,1,12.0,0.03,0.07,0.07,0.03,1.0,0.04,0.04,0.08,5.0,0.49,0.0,0.04,17.0,149.0,2021
0.0,1.0,1.0,2,2,5,2.5,38.0,2,3,12.0,0.05,0.13,0.13,0.05,1.0,0.16,0.1,0.26,3.0,0.62,0.0,0.16,19.0,116.0,2122
0.0,0.2,0.2,0,0,1,1.1,17.0,0,0,5.0,0.01,0.06,0.06,0.01,1.0,0.0,0.0,0.05,0.0,0.26,1.0,0.0,3.0,96.0,2324
0.0,1.6,1.6,1,1,7,4.5,24.0,1,4,30.0,0.06,0.17,0.17,0.06,1.0,0.15,0.04,0.27,2.0,1.14,2.0,0.15,2.0,29.0,1819
0.0,1.0,1.0,0,0,2,1.4,22.0,0,1,17.0,0.04,0.05,0.05,0.04,2.0,0.04,0.0,0.08,1.0,0.64,4.0,0.04,0.0,7.0,1920
2.0,0.7,0.7,0,0,3,1.9,13.0,0,2,14.0,0.05,0.15,0.15,0.05,1.0,0.15,0.0,0.23,0.0,1.06,0.0,0.15,4.0,5.0,2021
1.0,1.5,1.5,3,3,4,4.5,12.0,3,7,6.0,0.05,0.16,0.16,0.05,1.0,0.25,0.11,0.14,1.0,0.21,0.0,0.25,1.0,22.0,2021
0.0,1.0,1.0,1,1,1,1.4,10.0,1,2,6.0,0.05,0.07,0.07,0.05,0.0,0.1,0.05,0.05,1.0,0.29,1.0,0.1,0.0,11.0,2122
1.0,0.7,0.7,0,0,2,1.3,14.0,0,1,7.0,0.04,0.07,0.07,0.04,0.0,0.06,0.0,0.11,1.0,0.39,1.0,0.06,1.0,4.0,2223
3.0,3.4,3.4,1,1,5,5.0,55.0,1,5,24.0,0.44,0.64,0.64,0.44,1.0,0.65,0.13,0.65,5.0,3.11,2.0,0.65,2.0,72.0,1819
0.0,4.8,4.8,3,3,11,5.6,59.0,3,4,33.0,0.85,1.0,1.0,0.85,0.0,0.72,0.54,1.98,3.0,5.93,7.0,0.72,2.0,51.0,1920
0.0,0.1,0.1,0,0,1,1.5,12.0,0,3,2.0,0.01,0.1,0.1,0.01,0.0,0.21,0.0,0.07,1.0,0.14,0.0,0.21,4.0,63.0,1718
2.0,4.6,4.6,3,3,7,4.8,28.0,3,3,14.0,0.7,0.72,0.72,0.7,0.0,0.46,0.46,1.06,6.0,2.12,1.0,0.46,5.0,43.0,2021
0.0,3.8,3.8,2,2,13,4.2,37.0,2,2,23.0,0.39,0.43,0.43,0.39,0.0,0.2,0.2,1.32,3.0,2.34,1.0,0.2,5.0,47.0,2122
2.0,0.4,0.4,0,0,2,1.2,7.0,0,1,3.0,0.13,0.35,0.35,0.13,1.0,0.29,0.0,0.58,0.0,0.87,0.0,0.29,2.0,24.0,1718
4.0,1.5,1.5,2,2,6,3.2,31.0,2,3,16.0,0.16,0.34,0.34,0.16,5.0,0.32,0.21,0.64,1.0,1.69,1.0,0.32,7.0,70.0,1819
7.0,4.0,4.0,4,4,9,8.9,61.0,4,9,33.0,0.16,0.36,0.36,0.16,2.0,0.36,0.16,0.36,16.0,1.32,2.0,0.36,17.0,194.0,1920
4.0,7.0,6.2,4,4,18,9.4,88.0,3,8,51.0,0.45,0.65,0.6,0.4,2.0,0.51,0.25,1.15,16.0,3.25,3.0,0.45,22.0,215.0,2122
7.0,4.9,4.1,4,4,11,8.2,87.0,4,6,37.0,0.32,0.58,0.53,0.27,2.0,0.39,0.26,0.71,8.0,2.39,3.0,0.39,23.0,180.0,2223
10.0,5.5,5.5,7,7,15,8.2,56.0,7,9,38.0,0.41,0.61,0.61,0.41,6.0,0.67,0.52,1.11,16.0,2.82,4.0,0.67,15.0,113.0,2324
3.0,2.8,2.0,5,5,7,6.4,49.0,4,11,17.0,0.11,0.28,0.25,0.08,2.0,0.44,0.2,0.28,7.0,0.68,2.0,0.4,18.0,136.0,2122
0.0,0.8,0.8,1,1,4,0.8,9.0,1,1,5.0,0.05,0.05,0.05,0.05,0.0,0.06,0.06,0.25,0.0,0.31,0.0,0.06,0.0,2.0,2021
1.0,1.1,1.1,0,0,3,1.2,16.0,0,0,12.0,0.04,0.04,0.04,0.04,1.0,0.0,0.0,0.1,0.0,0.4,0.0,0.0,1.0,5.0,2122
4.0,1.3,1.3,1,1,4,2.1,14.0,1,2,9.0,0.04,0.07,0.07,0.04,0.0,0.07,0.03,0.13,1.0,0.29,0.0,0.07,0.0,10.0,2223
0.0,3.7,3.7,4,4,7,3.9,17.0,4,4,17.0,0.16,0.16,0.16,0.16,1.0,0.17,0.17,0.3,1.0,0.72,2.0,0.17,1.0,2.0,2324
4.0,4.5,4.5,6,6,18,14.2,93.0,6,16,62.0,0.14,0.43,0.43,0.14,11.0,0.49,0.18,0.55,3.0,1.89,7.0,0.49,47.0,225.0,1819
4.0,4.4,4.4,4,4,21,17.2,105.0,4,18,52.0,0.16,0.61,0.61,0.16,9.0,0.64,0.14,0.75,4.0,1.85,5.0,0.64,33.0,288.0,2021
0.0,2.4,2.4,4,4,18,11.6,77.0,4,13,51.0,0.08,0.41,0.41,0.08,0.0,0.46,0.14,0.64,3.0,1.82,12.0,0.46,36.0,245.0,2122
0.0,2.4,2.4,3,3,11,9.4,62.0,3,11,37.0,0.08,0.33,0.33,0.08,4.0,0.39,0.11,0.39,2.0,1.3,6.0,0.39,22.0,230.0,2223
5.0,1.4,1.4,2,2,9,2.9,30.0,2,3,15.0,0.1,0.21,0.21,0.1,5.0,0.22,0.14,0.65,6.0,1.08,2.0,0.22,9.0,76.0,1819
5.0,3.0,3.0,5,5,9,7.1,52.0,5,10,42.0,0.16,0.39,0.39,0.16,4.0,0.55,0.28,0.5,3.0,2.31,4.0,0.55,10.0,99.0,1920
2.0,6.2,5.4,5,5,13,11.2,94.0,4,9,54.0,0.27,0.52,0.48,0.23,1.0,0.39,0.22,0.56,5.0,2.34,6.0,0.35,18.0,163.0,2021
3.0,2.0,2.0,2,2,6,3.6,24.0,2,3,17.0,0.27,0.48,0.48,0.27,0.0,0.4,0.27,0.8,2.0,2.28,1.0,0.4,8.0,40.0,2122
0.0,0.6,0.6,1,1,7,1.7,26.0,1,1,13.0,0.06,0.16,0.16,0.06,1.0,0.09,0.09,0.64,2.0,1.19,0.0,0.09,4.0,60.0,2122
0.0,0.1,0.1,0,0,1,0.3,9.0,0,0,2.0,0.01,0.02,0.02,0.01,0.0,0.0,0.0,0.06,0.0,0.12,0.0,0.0,0.0,2.0,1920
0.0,0.2,0.2,0,0,3,1.4,9.0,0,1,5.0,0.02,0.16,0.16,0.02,1.0,0.11,0.0,0.33,0.0,0.55,1.0,0.11,0.0,24.0,2223
0.0,0.3,0.3,0,0,3,1.3,8.0,0,1,8.0,0.02,0.09,0.09,0.02,0.0,0.07,0.0,0.21,0.0,0.56,3.0,0.07,1.0,28.0,2324
0.0,0.2,0.2,0,0,1,0.6,5.0,0,0,6.0,0.04,0.09,0.09,0.04,1.0,0.0,0.0,0.15,0.0,0.89,1.0,0.0,0.0,23.0,2324
2.0,7.0,6.1,5,5,37,15.5,98.0,5,12,84.0,0.21,0.49,0.47,0.19,2.0,0.36,0.15,1.12,4.0,2.53,8.0,0.36,39.0,279.0,1819
1.0,1.2,1.2,2,2,4,2.6,18.0,2,4,14.0,0.13,0.26,0.26,0.13,3.0,0.41,0.2,0.41,0.0,1.42,1.0,0.41,8.0,67.0,1920
5.0,1.9,1.9,1,1,8,4.1,43.0,1,4,25.0,0.12,0.27,0.27,0.12,3.0,0.26,0.07,0.53,0.0,1.64,3.0,0.26,10.0,92.0,2021
2.0,2.6,2.6,5,5,12,5.5,57.0,5,8,42.0,0.11,0.23,0.23,0.11,2.0,0.34,0.21,0.51,3.0,1.78,10.0,0.34,14.0,79.0,2122
0.0,0.6,0.6,0,0,4,1.2,16.0,0,2,10.0,0.03,0.05,0.05,0.03,0.0,0.08,0.0,0.16,0.0,0.41,2.0,0.08,0.0,5.0,2223
6.0,3.9,3.9,6,6,33,11.1,58.0,6,10,84.0,0.14,0.39,0.39,0.14,3.0,0.35,0.21,1.16,7.0,2.95,9.0,0.35,21.0,228.0,1819
3.0,3.0,3.0,6,6,20,8.1,33.0,6,9,46.0,0.16,0.43,0.43,0.16,5.0,0.48,0.32,1.07,2.0,2.46,3.0,0.48,6.0,122.0,1920
6.0,4.2,4.2,3,3,16,7.6,46.0,3,8,51.0,0.16,0.29,0.29,0.16,2.0,0.31,0.11,0.61,5.0,1.95,1.0,0.31,7.0,127.0,2021
1.0,4.3,4.3,6,6,17,6.9,57.0,6,8,55.0,0.15,0.24,0.24,0.15,2.0,0.27,0.21,0.58,10.0,1.88,8.0,0.27,8.0,162.0,2122
1.0,1.2,1.2,1,1,9,4.0,20.0,1,3,22.0,0.1,0.33,0.33,0.1,0.0,0.25,0.08,0.74,3.0,1.82,4.0,0.25,2.0,67.0,2223
4.0,0.4,0.4,1,1,1,0.7,9.0,1,1,11.0,0.08,0.16,0.16,0.08,4.0,0.22,0.22,0.22,2.0,2.41,2.0,0.22,0.0,24.0,2223
0.0,5.9,5.9,4,4,26,8.4,58.0,4,8,64.0,0.25,0.36,0.36,0.25,0.0,0.35,0.17,1.12,4.0,2.77,6.0,0.35,9.0,145.0,2324
2.0,2.4,2.4,0,0,7,3.5,52.0,0,0,23.0,0.15,0.23,0.23,0.15,0.0,0.0,0.0,0.46,5.0,1.5,7.0,0.0,7.0,88.0,1920
0.0,1.3,1.3,0,0,10,4.2,18.0,0,3,32.0,0.05,0.16,0.16,0.05,3.0,0.11,0.0,0.38,0.0,1.2,1.0,0.11,1.0,14.0,1819
2.0,1.3,1.3,0,0,1,3.6,19.0,0,3,17.0,0.05,0.13,0.13,0.05,1.0,0.11,0.0,0.04,0.0,0.64,2.0,0.11,2.0,32.0,1920
0.0,2.5,2.5,2,2,9,4.2,23.0,2,3,20.0,0.12,0.2,0.2,0.12,0.0,0.14,0.1,0.43,0.0,0.96,2.0,0.14,5.0,43.0,2021
1.0,0.6,0.6,0,0,2,1.1,6.0,0,0,8.0,0.03,0.06,0.06,0.03,6.0,0.0,0.0,0.12,0.0,0.48,1.0,0.0,1.0,15.0,2122
0.0,1.2,1.2,1,1,6,2.9,8.0,1,7,21.0,0.05,0.12,0.12,0.05,0.0,0.27,0.04,0.24,0.0,0.82,5.0,0.27,3.0,22.0,2324
0.0,1.5,1.5,0,0,1,1.9,16.0,0,0,6.0,0.16,0.2,0.2,0.16,0.0,0.0,0.0,0.11,1.0,0.64,1.0,0.0,0.0,3.0,1920
5.0,0.4,0.4,0,0,2,1.1,7.0,0,1,8.0,0.1,0.26,0.26,0.1,6.0,0.24,0.0,0.48,0.0,1.93,1.0,0.24,3.0,47.0,1819
1.0,4.2,3.4,5,5,13,10.2,33.0,4,11,40.0,0.24,0.64,0.59,0.2,0.0,0.63,0.29,0.75,1.0,2.31,2.0,0.58,7.0,112.0,1920
4.0,0.5,0.5,1,1,3,2.0,8.0,1,1,9.0,0.09,0.4,0.4,0.09,4.0,0.2,0.2,0.6,0.0,1.81,1.0,0.2,0.0,27.0,2021
6.0,3.5,3.5,4,4,13,8.9,40.0,4,8,38.0,0.14,0.34,0.34,0.14,10.0,0.31,0.16,0.5,1.0,1.47,4.0,0.31,9.0,175.0,2122
5.0,6.0,3.6,6,6,19,12.3,45.0,3,16,51.0,0.23,0.56,0.47,0.14,4.0,0.61,0.23,0.73,1.0,1.96,4.0,0.5,8.0,147.0,2223
1.0,1.2,1.2,2,2,3,1.2,5.0,2,2,4.0,0.24,0.25,0.25,0.24,1.0,0.41,0.41,0.61,0.0,0.81,0.0,0.41,0.0,0.0,1920
0.0,1.3,1.3,1,1,2,2.4,31.0,1,1,18.0,0.06,0.1,0.1,0.06,0.0,0.04,0.04,0.09,2.0,0.79,0.0,0.04,8.0,99.0,1920
6.0,6.4,6.3,4,4,23,9.9,50.0,4,6,57.0,0.24,0.38,0.38,0.24,5.0,0.23,0.15,0.88,2.0,2.18,9.0,0.23,11.0,62.0,1920
4.0,2.7,2.7,6,6,17,5.6,34.0,6,11,49.0,0.09,0.19,0.19,0.09,4.0,0.38,0.21,0.58,1.0,1.68,5.0,0.38,8.0,57.0,2021
1.0,4.9,4.9,4,4,19,7.1,40.0,4,8,48.0,0.22,0.31,0.31,0.22,0.0,0.34,0.17,0.81,0.0,2.04,2.0,0.34,12.0,58.0,2122
4.0,2.0,2.0,1,1,6,4.3,41.0,1,1,28.0,0.13,0.27,0.27,0.13,2.0,0.06,0.06,0.38,2.0,1.79,2.0,0.06,4.0,56.0,2223
0.0,4.3,3.5,4,4,13,5.4,36.0,3,6,38.0,0.32,0.45,0.39,0.26,1.0,0.44,0.29,0.96,0.0,2.79,9.0,0.37,5.0,43.0,2324
13.0,4.6,4.6,4,4,18,5.4,43.0,4,5,31.0,0.43,0.5,0.5,0.43,6.0,0.46,0.37,1.67,10.0,2.88,3.0,0.46,7.0,53.0,1819
5.0,13.9,12.4,13,13,38,18.1,141.0,12,19,76.0,0.46,0.65,0.6,0.41,4.0,0.63,0.43,1.26,39.0,2.51,8.0,0.6,26.0,132.0,1920
5.0,6.0,6.0,5,5,18,8.3,70.0,5,9,47.0,0.31,0.43,0.43,0.31,3.0,0.47,0.26,0.93,22.0,2.44,0.0,0.47,10.0,87.0,2021
4.0,5.0,5.0,5,5,12,5.7,53.0,5,8,28.0,0.39,0.45,0.45,0.39,1.0,0.62,0.39,0.93,9.0,2.16,2.0,0.62,8.0,49.0,2122
1.0,2.9,2.9,4,4,15,3.3,39.0,4,5,28.0,0.28,0.33,0.33,0.28,0.0,0.49,0.4,1.48,8.0,2.77,3.0,0.49,1.0,51.0,2223
7.0,8.5,6.9,6,6,24,10.2,118.0,4,10,69.0,0.31,0.43,0.37,0.25,9.0,0.36,0.22,0.87,8.0,2.5,8.0,0.29,12.0,194.0,2122
7.0,10.5,8.1,7,7,29,16.2,140.0,6,16,86.0,0.31,0.55,0.48,0.24,6.0,0.47,0.21,0.85,9.0,2.53,13.0,0.44,16.0,302.0,2223
1.0,9.1,5.9,7,7,18,12.4,132.0,3,13,65.0,0.32,0.54,0.43,0.21,1.0,0.45,0.24,0.62,13.0,2.25,4.0,0.31,10.0,253.0,2324
2.0,2.9,0.5,3,3,2,1.5,11.0,0,3,10.0,0.26,0.35,0.14,0.05,4.0,0.27,0.27,0.18,0.0,0.89,1.0,0.0,4.0,17.0,2223
0.0,11.3,9.8,16,16,33,15.8,156.0,14,24,99.0,0.39,0.6,0.55,0.34,0.0,0.83,0.55,1.14,8.0,3.41,14.0,0.76,55.0,299.0,1819
0.0,9.0,7.4,8,8,18,17.0,118.0,8,16,69.0,0.3,0.61,0.56,0.25,0.0,0.53,0.26,0.59,7.0,2.27,3.0,0.53,32.0,281.0,2021
5.0,0.7,0.7,0,0,3,1.7,19.0,0,0,10.0,0.11,0.29,0.29,0.11,3.0,0.0,0.0,0.49,1.0,1.65,1.0,0.0,5.0,49.0,2223
8.0,4.7,3.9,5,5,14,8.2,82.0,4,8,47.0,0.25,0.47,0.43,0.21,3.0,0.42,0.26,0.74,6.0,2.47,6.0,0.37,30.0,97.0,2324
7.0,4.0,4.0,5,5,14,7.4,77.0,5,11,31.0,0.16,0.3,0.3,0.16,10.0,0.45,0.2,0.57,7.0,1.25,2.0,0.45,15.0,154.0,2021
1.0,5.4,5.4,7,7,13,13.1,76.0,7,17,36.0,0.26,0.64,0.64,0.26,6.0,0.83,0.34,0.63,10.0,1.75,5.0,0.83,19.0,134.0,2122
11.0,0.8,0.8,1,1,4,4.7,35.0,1,7,7.0,0.06,0.39,0.39,0.06,11.0,0.58,0.08,0.33,1.0,0.58,1.0,0.58,9.0,86.0,2223
10.0,8.9,8.2,11,11,33,15.7,170.0,10,22,70.0,0.34,0.62,0.6,0.31,12.0,0.83,0.42,1.25,6.0,2.66,4.0,0.8,45.0,306.0,2324
3.0,11.4,10.6,7,7,20,11.5,100.0,7,10,54.0,0.63,0.68,0.63,0.58,0.0,0.55,0.39,1.1,17.0,2.97,6.0,0.55,28.0,144.0,1718
0.0,0.1,0.1,0,0,2,0.8,22.0,0,0,3.0,0.01,0.04,0.04,0.01,1.0,0.0,0.0,0.09,7.0,0.13,0.0,0.0,4.0,98.0,1718
0.0,0.9,0.9,0,0,2,2.5,21.0,0,0,5.0,0.05,0.13,0.13,0.05,3.0,0.0,0.0,0.11,4.0,0.27,1.0,0.0,3.0,109.0,1920
0.0,0.1,0.1,0,0,1,0.8,17.0,0,3,2.0,0.02,0.11,0.11,0.02,0.0,0.41,0.0,0.14,1.0,0.27,0.0,0.41,6.0,52.0,2021
1.0,0.3,0.3,0,0,1,0.4,14.0,0,0,2.0,0.06,0.09,0.09,0.06,0.0,0.0,0.0,0.2,1.0,0.4,0.0,0.0,0.0,48.0,2122
0.0,0.6,0.6,1,1,3,0.9,9.0,1,1,5.0,0.11,0.15,0.15,0.11,0.0,0.17,0.17,0.52,0.0,0.86,0.0,0.17,0.0,31.0,2223
7.0,26.6,21.0,21,21,50,24.8,198.0,15,23,121.0,0.8,0.91,0.74,0.63,5.0,0.69,0.63,1.5,29.0,3.63,11.0,0.51,45.0,283.0,2223
4.0,11.0,8.5,7,7,26,11.8,140.0,7,12,63.0,0.59,0.76,0.63,0.45,0.0,0.64,0.37,1.38,14.0,3.35,10.0,0.64,29.0,199.0,2324
1.0,0.2,0.2,0,0,1,2.1,3.0,0,2,7.0,0.01,0.12,0.12,0.01,0.0,0.12,0.0,0.06,0.0,0.41,0.0,0.12,1.0,52.0,1920
3.0,1.5,1.5,1,1,4,2.1,15.0,1,1,14.0,0.07,0.1,0.1,0.07,0.0,0.05,0.05,0.2,1.0,0.69,2.0,0.05,0.0,44.0,1920
1.0,1.2,1.2,3,3,7,1.4,7.0,3,3,19.0,0.08,0.09,0.09,0.08,0.0,0.19,0.19,0.45,0.0,1.22,1.0,0.19,1.0,21.0,2021
0.0,0.4,0.4,1,1,4,0.7,5.0,1,1,20.0,0.01,0.02,0.02,0.01,2.0,0.03,0.03,0.14,0.0,0.69,1.0,0.03,2.0,22.0,2122
0.0,0.9,0.9,0,0,2,2.6,11.0,0,2,24.0,0.03,0.08,0.08,0.03,0.0,0.06,0.0,0.06,2.0,0.76,1.0,0.06,4.0,33.0,2223
2.0,0.7,0.7,0,0,3,1.8,12.0,0,0,21.0,0.03,0.07,0.07,0.03,1.0,0.0,0.0,0.11,2.0,0.78,2.0,0.0,2.0,30.0,2324
0.0,0.5,0.5,1,1,1,3.0,23.0,1,6,9.0,0.03,0.19,0.19,0.03,2.0,0.39,0.06,0.06,10.0,0.58,0.0,0.39,4.0,139.0,2324
0.0,2.4,2.4,4,4,7,2.9,22.0,4,4,15.0,0.09,0.1,0.1,0.09,2.0,0.14,0.14,0.25,4.0,0.53,1.0,0.14,0.0,10.0,2122
3.0,1.0,1.0,0,0,2,2.1,27.0,0,2,18.0,0.04,0.08,0.08,0.04,1.0,0.07,0.0,0.07,2.0,0.67,2.0,0.07,2.0,32.0,2223
0.0,1.6,1.6,3,3,6,3.4,25.0,3,4,15.0,0.06,0.13,0.13,0.06,1.0,0.15,0.11,0.23,3.0,0.57,3.0,0.15,0.0,24.0,2324
11.0,13.9,12.4,21,21,33,18.1,179.0,19,28,71.0,0.43,0.6,0.56,0.38,5.0,0.86,0.64,1.01,23.0,2.18,4.0,0.8,33.0,256.0,1920
11.0,9.9,7.6,11,11,16,9.7,95.0,8,16,40.0,0.53,0.64,0.51,0.4,3.0,0.85,0.58,0.85,19.0,2.12,8.0,0.69,11.0,128.0,2021
0.0,10.3,9.3,11,11,28,12.5,140.0,11,14,53.0,0.33,0.43,0.4,0.3,1.0,0.45,0.35,0.9,36.0,1.71,3.0,0.45,23.0,196.0,2122
1.0,7.5,5.9,5,5,15,8.1,103.0,3,9,40.0,0.39,0.51,0.43,0.31,0.0,0.47,0.26,0.79,23.0,2.11,5.0,0.37,7.0,128.0,2223
3.0,1.9,1.9,1,1,5,2.4,49.0,1,1,19.0,0.15,0.19,0.19,0.15,0.0,0.08,0.08,0.41,11.0,1.56,3.0,0.08,7.0,76.0,2223
0.0,3.4,2.6,3,3,9,3.4,49.0,2,3,22.0,0.24,0.3,0.24,0.19,0.0,0.21,0.21,0.64,20.0,1.56,4.0,0.14,4.0,65.0,2324
2.0,0.6,0.6,2,2,4,1.1,9.0,2,4,14.0,0.05,0.09,0.09,0.05,0.0,0.32,0.16,0.32,0.0,1.12,1.0,0.32,5.0,38.0,1819
0.0,1.2,1.2,2,2,7,2.0,12.0,2,2,12.0,0.07,0.12,0.12,0.07,0.0,0.12,0.12,0.43,1.0,0.74,0.0,0.12,3.0,45.0,1920
0.0,0.0,0.0,0,0,1,0.1,0.0,0,0,1.0,0.01,0.03,0.03,0.01,0.0,0.0,0.0,0.4,0.0,0.4,0.0,0.0,0.0,4.0,2021
0.0,0.5,0.5,2,2,4,0.8,14.0,2,3,8.0,0.02,0.03,0.03,0.02,0.0,0.12,0.08,0.15,0.0,0.31,0.0,0.12,3.0,0.0,1819
1.0,0.8,0.8,0,0,4,1.8,34.0,0,1,15.0,0.03,0.08,0.08,0.03,2.0,0.04,0.0,0.17,5.0,0.64,0.0,0.04,10.0,118.0,1819
0.0,0.3,0.3,1,1,3,0.3,6.0,1,1,4.0,0.04,0.04,0.04,0.04,1.0,0.14,0.14,0.41,1.0,0.55,1.0,0.14,1.0,16.0,1718
0.0,0.4,0.4,0,0,3,1.6,14.0,0,1,9.0,0.02,0.08,0.08,0.02,0.0,0.05,0.0,0.15,0.0,0.46,1.0,0.05,1.0,19.0,1819
0.0,0.4,0.4,0,0,1,0.6,16.0,0,0,9.0,0.02,0.03,0.03,0.02,0.0,0.0,0.0,0.05,2.0,0.43,1.0,0.0,1.0,18.0,1920
1.0,0.3,0.3,2,2,2,1.1,21.0,2,3,5.0,0.03,0.12,0.12,0.03,0.0,0.33,0.22,0.22,0.0,0.54,1.0,0.33,2.0,39.0,2122
0.0,1.0,1.0,1,1,1,1.9,18.0,1,1,7.0,0.12,0.23,0.23,0.12,0.0,0.12,0.12,0.12,0.0,0.84,0.0,0.12,1.0,27.0,2223
0.0,1.1,1.1,1,1,2,3.6,43.0,1,5,20.0,0.05,0.16,0.16,0.05,0.0,0.22,0.04,0.09,8.0,0.88,1.0,0.22,17.0,145.0,2324
0.0,1.9,1.9,1,1,5,4.4,29.0,1,5,9.0,0.08,0.2,0.2,0.08,2.0,0.23,0.05,0.23,2.0,0.41,0.0,0.23,5.0,97.0,1819
0.0,0.2,0.2,0,0,1,1.3,8.0,0,2,3.0,0.04,0.3,0.3,0.04,1.0,0.48,0.0,0.24,1.0,0.72,1.0,0.48,1.0,12.0,1920
2.0,2.6,2.6,3,3,12,3.0,44.0,3,5,23.0,0.33,0.39,0.39,0.33,1.0,0.64,0.38,1.53,8.0,2.93,2.0,0.64,4.0,92.0,2021
11.0,4.2,4.2,8,8,24,12.1,79.0,8,12,41.0,0.15,0.44,0.44,0.15,4.0,0.44,0.29,0.88,3.0,1.5,7.0,0.44,23.0,227.0,2021
3.0,4.8,4.8,6,6,17,14.2,98.0,6,11,47.0,0.17,0.5,0.5,0.17,9.0,0.39,0.21,0.6,9.0,1.67,7.0,0.39,30.0,261.0,2223
4.0,1.6,1.6,3,3,10,10.8,66.0,3,12,28.0,0.06,0.42,0.42,0.06,7.0,0.46,0.12,0.38,6.0,1.07,1.0,0.46,26.0,242.0,2324
13.0,4.6,3.0,4,4,11,5.6,74.0,2,5,38.0,0.14,0.22,0.17,0.09,4.0,0.15,0.12,0.34,1.0,1.18,3.0,0.09,16.0,84.0,1920
6.0,14.0,3.8,13,13,8,6.7,89.0,2,17,36.0,0.39,0.47,0.19,0.11,0.0,0.47,0.36,0.22,1.0,1.0,7.0,0.17,6.0,57.0,2021
1.0,4.4,2.0,6,6,8,3.7,58.0,4,6,31.0,0.17,0.24,0.14,0.08,1.0,0.23,0.23,0.31,1.0,1.21,5.0,0.16,4.0,61.0,2122
3.0,3.9,3.9,6,6,11,6.1,106.0,6,9,26.0,0.3,0.47,0.47,0.3,3.0,0.69,0.46,0.84,9.0,1.99,3.0,0.69,56.0,197.0,1819
2.0,2.6,2.6,3,3,13,5.2,76.0,3,6,24.0,0.16,0.33,0.33,0.16,6.0,0.38,0.19,0.83,3.0,1.53,3.0,0.38,36.0,124.0,1920
0.0,2.6,2.6,2,2,9,8.4,81.0,2,8,21.0,0.11,0.35,0.35,0.11,2.0,0.34,0.08,0.38,7.0,0.88,2.0,0.34,32.0,138.0,2021
0.0,0.9,0.9,0,0,2,3.8,59.0,0,2,12.0,0.06,0.24,0.24,0.06,0.0,0.13,0.0,0.13,2.0,0.76,2.0,0.13,30.0,95.0,2122
0.0,2.3,2.3,0,0,6,5.1,50.0,0,4,23.0,0.11,0.24,0.24,0.11,1.0,0.19,0.0,0.29,2.0,1.09,4.0,0.19,8.0,113.0,2223
0.0,0.5,0.5,0,0,1,2.5,14.0,0,1,8.0,0.08,0.41,0.41,0.08,0.0,0.16,0.0,0.16,2.0,1.32,3.0,0.16,1.0,36.0,2324
3.0,4.1,4.1,3,3,8,8.1,56.0,3,7,45.0,0.16,0.32,0.32,0.16,0.0,0.28,0.12,0.32,4.0,1.78,2.0,0.28,13.0,99.0,1819
1.0,1.6,1.6,3,3,6,2.0,36.0,3,3,16.0,0.13,0.17,0.17,0.13,0.0,0.25,0.25,0.49,6.0,1.31,3.0,0.25,1.0,73.0,1920
1.0,1.0,1.0,0,0,4,1.6,20.0,0,2,9.0,0.11,0.18,0.18,0.11,2.0,0.21,0.0,0.42,2.0,0.96,1.0,0.21,3.0,21.0,2223
0.0,2.2,2.2,1,1,9,4.0,28.0,1,3,22.0,0.17,0.31,0.31,0.17,0.0,0.23,0.08,0.7,4.0,1.71,3.0,0.23,4.0,39.0,2324
0.0,0.6,0.6,1,1,3,2.5,26.0,1,3,9.0,0.05,0.18,0.18,0.05,0.0,0.22,0.07,0.22,4.0,0.67,0.0,0.22,6.0,57.0,2425
1.0,9.8,6.5,10,10,29,9.6,92.0,6,11,78.0,0.34,0.45,0.34,0.23,0.0,0.39,0.35,1.02,10.0,2.74,4.0,0.25,32.0,221.0,1819
0.0,0.5,0.5,0,0,2,0.7,10.0,0,0,6.0,0.14,0.19,0.19,0.14,0.0,0.0,0.0,0.51,6.0,1.54,0.0,0.0,1.0,26.0,2122
1.0,1.7,1.7,0,0,10,3.8,20.0,0,0,40.0,0.07,0.16,0.16,0.07,0.0,0.0,0.0,0.42,1.0,1.66,3.0,0.0,11.0,39.0,1920
4.0,1.8,1.8,1,1,7,3.7,15.0,1,1,25.0,0.07,0.14,0.14,0.07,4.0,0.04,0.04,0.26,1.0,0.94,1.0,0.04,1.0,33.0,2021
2.0,1.3,1.3,4,4,9,3.5,17.0,4,8,15.0,0.06,0.16,0.16,0.06,2.0,0.36,0.18,0.4,0.0,0.67,0.0,0.36,1.0,41.0,2122
0.0,0.3,0.3,1,1,1,3.1,16.0,1,3,11.0,0.01,0.09,0.09,0.01,2.0,0.09,0.03,0.03,1.0,0.34,4.0,0.09,2.0,86.0,1819
0.0,0.9,0.9,0,0,5,4.7,17.0,0,4,24.0,0.03,0.17,0.17,0.03,1.0,0.14,0.0,0.18,2.0,0.86,1.0,0.14,1.0,167.0,2122
2.0,0.6,0.6,0,0,1,1.6,8.0,0,1,12.0,0.03,0.1,0.1,0.03,0.0,0.06,0.0,0.06,0.0,0.74,0.0,0.06,1.0,52.0,2223
0.0,1.0,1.0,2,2,5,2.7,17.0,2,2,21.0,0.04,0.1,0.1,0.04,1.0,0.07,0.07,0.18,2.0,0.76,3.0,0.07,3.0,70.0,2324
0.0,0.7,0.7,1,1,3,1.0,6.0,1,1,6.0,0.14,0.2,0.2,0.14,1.0,0.2,0.2,0.59,6.0,1.18,1.0,0.2,1.0,22.0,1920
0.0,0.3,0.3,0,0,1,1.5,13.0,0,1,5.0,0.07,0.35,0.35,0.07,1.0,0.24,0.0,0.24,1.0,1.19,3.0,0.24,0.0,26.0,2021
2.0,0.2,0.2,0,0,1,0.8,15.0,0,1,6.0,0.04,0.17,0.17,0.04,1.0,0.22,0.0,0.22,0.0,1.29,0.0,0.22,2.0,21.0,2122
2.0,1.8,1.8,2,2,3,3.2,35.0,2,3,11.0,0.17,0.31,0.31,0.17,4.0,0.29,0.19,0.29,3.0,1.07,0.0,0.29,2.0,62.0,2223
0.0,0.9,0.9,2,2,5,5.2,39.0,2,6,14.0,0.06,0.35,0.35,0.06,0.0,0.4,0.13,0.34,5.0,0.94,4.0,0.4,6.0,90.0,2324
3.0,4.8,4.8,3,3,6,10.6,87.0,3,7,17.0,0.14,0.3,0.3,0.14,3.0,0.2,0.09,0.17,4.0,0.49,2.0,0.2,11.0,129.0,2021
2.0,4.8,4.8,3,3,7,8.2,66.0,3,6,17.0,0.18,0.3,0.3,0.18,4.0,0.22,0.11,0.25,6.0,0.62,2.0,0.22,8.0,121.0,2122
2.0,2.4,2.4,2,2,10,6.7,47.0,2,6,18.0,0.09,0.24,0.24,0.09,0.0,0.21,0.07,0.36,1.0,0.64,2.0,0.21,9.0,83.0,2223
1.0,0.6,0.6,0,0,5,1.2,9.0,0,0,10.0,0.1,0.2,0.2,0.1,2.0,0.0,0.0,0.84,1.0,1.67,1.0,0.0,4.0,31.0,1819
0.0,0.6,0.6,1,1,2,2.1,7.0,1,3,9.0,0.11,0.36,0.36,0.11,2.0,0.52,0.17,0.35,2.0,1.56,2.0,0.52,2.0,41.0,1920
0.0,0.3,0.3,0,0,1,0.8,11.0,0,1,7.0,0.02,0.05,0.05,0.02,2.0,0.06,0.0,0.06,1.0,0.42,0.0,0.06,3.0,59.0,2021
0.0,1.0,1.0,0,0,1,2.0,17.0,0,2,11.0,0.05,0.11,0.11,0.05,0.0,0.11,0.0,0.05,1.0,0.59,1.0,0.11,1.0,75.0,2122
0.0,1.8,1.8,0,0,5,1.9,37.0,0,0,19.0,0.28,0.3,0.3,0.28,0.0,0.0,0.0,0.79,4.0,2.99,3.0,0.0,4.0,41.0,2122
10.0,1.0,1.0,0,0,3,1.2,12.0,0,0,7.0,0.35,0.42,0.42,0.35,3.0,0.0,0.0,1.02,5.0,2.39,1.0,0.0,1.0,13.0,2324
0.0,4.4,4.4,4,4,17,6.0,33.0,4,8,40.0,0.3,0.41,0.41,0.3,0.0,0.55,0.27,1.16,0.0,2.73,5.0,0.55,9.0,82.0,1819
1.0,0.5,0.5,0,0,1,1.3,24.0,0,0,7.0,0.05,0.14,0.14,0.05,0.0,0.0,0.0,0.11,3.0,0.75,1.0,0.0,10.0,57.0,2223
2.0,1.1,1.1,1,1,5,2.2,39.0,1,1,15.0,0.08,0.16,0.16,0.08,0.0,0.07,0.07,0.36,4.0,1.07,1.0,0.07,13.0,66.0,2324
14.0,11.2,10.5,7,7,22,12.7,95.0,6,10,42.0,0.97,1.17,1.11,0.91,7.0,0.87,0.61,1.91,13.0,3.65,5.0,0.78,17.0,128.0,1819
9.0,18.2,17.4,14,14,45,20.6,171.0,14,21,100.0,0.81,0.95,0.91,0.77,4.0,0.93,0.62,2.0,19.0,4.43,7.0,0.93,29.0,203.0,1920
8.0,8.7,8.7,9,9,16,11.4,127.0,9,13,55.0,0.38,0.5,0.5,0.38,8.0,0.57,0.39,0.7,17.0,2.4,9.0,0.57,28.0,202.0,2021
11.0,9.8,9.0,8,8,20,14.7,161.0,7,16,63.0,0.47,0.74,0.71,0.43,6.0,0.77,0.38,0.96,10.0,3.02,7.0,0.72,32.0,220.0,2122
4.0,13.9,13.1,11,11,31,17.0,191.0,10,17,76.0,0.61,0.78,0.74,0.57,5.0,0.74,0.48,1.35,16.0,3.31,11.0,0.7,28.0,194.0,2223
3.0,6.3,6.3,4,4,19,10.1,139.0,4,9,55.0,0.39,0.62,0.62,0.39,0.0,0.55,0.24,1.16,16.0,3.35,5.0,0.55,25.0,155.0,2324
1.0,0.8,0.8,1,1,3,0.9,11.0,1,1,10.0,0.06,0.07,0.07,0.06,0.0,0.08,0.08,0.25,0.0,0.84,1.0,0.08,0.0,0.0,1819
2.0,1.3,1.3,1,1,4,1.4,24.0,1,1,17.0,0.06,0.06,0.06,0.06,0.0,0.04,0.04,0.17,0.0,0.73,1.0,0.04,0.0,3.0,1920
3.0,4.3,4.3,4,4,10,5.0,42.0,4,4,31.0,0.13,0.15,0.15,0.13,1.0,0.12,0.12,0.3,1.0,0.92,1.0,0.12,1.0,8.0,2324
6.0,3.3,3.3,2,2,8,5.1,41.0,2,3,20.0,0.5,0.78,0.78,0.5,6.0,0.46,0.31,1.22,1.0,3.06,2.0,0.46,13.0,62.0,2021
15.0,7.3,6.6,6,6,15,11.0,117.0,5,12,51.0,0.35,0.56,0.53,0.32,5.0,0.58,0.29,0.73,10.0,2.47,8.0,0.53,43.0,207.0,2122
6.0,9.1,9.1,15,15,30,18.2,223.0,15,20,79.0,0.29,0.59,0.59,0.29,4.0,0.65,0.48,0.97,8.0,2.55,12.0,0.65,70.0,350.0,2223
8.0,6.8,6.8,6,6,20,12.9,196.0,6,10,58.0,0.31,0.58,0.58,0.31,4.0,0.45,0.27,0.89,9.0,2.59,8.0,0.45,82.0,345.0,2324
4.0,0.9,0.9,1,1,2,0.9,16.0,1,2,8.0,0.03,0.03,0.03,0.03,1.0,0.06,0.03,0.06,0.0,0.26,0.0,0.06,0.0,1.0,1920
0.0,0.2,0.2,0,0,1,1.6,10.0,0,2,5.0,0.01,0.1,0.1,0.01,0.0,0.13,0.0,0.06,2.0,0.31,0.0,0.13,1.0,75.0,1819
1.0,6.2,3.9,8,8,18,8.2,68.0,6,12,68.0,0.23,0.39,0.3,0.14,0.0,0.44,0.29,0.66,0.0,2.51,6.0,0.37,19.0,177.0,2223
6.0,2.5,1.7,1,1,5,2.8,21.0,0,1,27.0,0.2,0.29,0.23,0.14,4.0,0.08,0.08,0.4,3.0,2.19,3.0,0.0,4.0,81.0,2324
0.0,0.7,0.7,0,0,3,3.7,53.0,0,4,10.0,0.03,0.14,0.14,0.03,6.0,0.15,0.0,0.11,3.0,0.38,1.0,0.15,9.0,166.0,2324
0.0,6.1,6.1,11,11,29,8.7,67.0,11,15,62.0,0.24,0.34,0.34,0.24,0.0,0.59,0.43,1.14,4.0,2.43,3.0,0.59,15.0,88.0,2223
1.0,0.6,0.6,0,0,2,1.3,11.0,0,0,6.0,0.05,0.1,0.1,0.05,3.0,0.0,0.0,0.16,0.0,0.47,1.0,0.0,2.0,37.0,2122
2.0,1.5,1.5,1,1,5,4.8,33.0,1,4,19.0,0.05,0.17,0.17,0.05,0.0,0.14,0.04,0.18,0.0,0.67,5.0,0.14,2.0,84.0,2324
1.0,3.0,3.0,5,5,13,5.5,57.0,5,8,32.0,0.11,0.21,0.21,0.11,1.0,0.31,0.19,0.5,1.0,1.23,0.0,0.31,11.0,124.0,2021
2.0,1.0,1.0,1,1,2,1.8,44.0,1,2,15.0,0.07,0.12,0.12,0.07,1.0,0.13,0.06,0.13,1.0,0.97,1.0,0.13,9.0,59.0,2122
1.0,1.2,1.2,2,2,8,2.3,22.0,2,3,18.0,0.15,0.29,0.29,0.15,2.0,0.38,0.25,1.0,1.0,2.26,2.0,0.38,0.0,16.0,2223
0.0,0.3,0.3,1,1,2,0.9,11.0,1,3,5.0,0.08,0.23,0.23,0.08,0.0,0.74,0.25,0.49,1.0,1.23,0.0,0.74,2.0,25.0,2324
8.0,11.8,11.0,16,16,31,16.0,127.0,15,18,76.0,0.59,0.84,0.8,0.55,3.0,0.9,0.8,1.55,13.0,3.8,4.0,0.85,28.0,217.0,1718
2.0,9.1,8.3,8,8,31,11.3,92.0,7,11,75.0,0.46,0.61,0.57,0.42,2.0,0.55,0.4,1.56,15.0,3.78,5.0,0.5,25.0,205.0,1819
11.0,4.0,4.0,2,2,12,5.7,45.0,2,4,34.0,0.33,0.47,0.47,0.33,2.0,0.33,0.17,0.99,5.0,2.81,4.0,0.33,8.0,118.0,1920
4.0,2.3,2.3,2,2,5,3.5,17.0,2,4,14.0,0.76,1.15,1.15,0.76,2.0,1.32,0.66,1.65,0.0,4.63,3.0,1.32,3.0,20.0,2021
0.0,1.3,1.3,4,4,9,3.3,30.0,4,6,21.0,0.12,0.3,0.3,0.12,0.0,0.55,0.37,0.83,2.0,1.94,3.0,0.55,7.0,46.0,2122
7.0,1.8,1.8,4,4,11,5.5,45.0,4,8,27.0,0.1,0.31,0.31,0.1,2.0,0.46,0.23,0.63,2.0,1.54,1.0,0.46,7.0,96.0,1819
0.0,5.9,3.5,7,7,15,6.7,49.0,4,9,37.0,0.38,0.59,0.43,0.23,4.0,0.58,0.45,0.97,3.0,2.39,4.0,0.39,7.0,77.0,1920
1.0,3.2,3.2,2,2,8,6.9,71.0,2,6,28.0,0.11,0.24,0.24,0.11,1.0,0.21,0.07,0.28,9.0,1.0,4.0,0.21,8.0,153.0,2223
1.0,0.9,0.9,1,1,4,2.0,18.0,1,2,9.0,0.09,0.19,0.19,0.09,1.0,0.19,0.1,0.38,4.0,0.86,0.0,0.19,3.0,38.0,2324
11.0,2.8,2.8,2,2,11,5.5,41.0,2,7,43.0,0.13,0.25,0.25,0.13,5.0,0.31,0.09,0.49,1.0,1.93,1.0,0.31,16.0,155.0,1920
3.0,11.1,4.0,11,11,8,10.6,57.0,4,16,43.0,0.42,0.66,0.4,0.15,2.0,0.6,0.41,0.3,2.0,1.62,3.0,0.34,12.0,123.0,2021
0.0,3.5,2.7,3,3,14,5.0,42.0,2,5,40.0,0.19,0.31,0.27,0.14,0.0,0.27,0.16,0.75,5.0,2.15,5.0,0.22,3.0,121.0,2122
1.0,6.3,5.5,6,6,12,8.6,72.0,5,7,34.0,0.36,0.54,0.49,0.32,0.0,0.4,0.34,0.69,10.0,1.95,2.0,0.34,8.0,123.0,2021
6.0,9.8,9.8,11,11,27,15.6,134.0,11,15,86.0,0.3,0.49,0.49,0.3,5.0,0.47,0.34,0.84,7.0,2.67,6.0,0.47,27.0,246.0,1819
16.0,8.3,8.3,6,6,22,12.1,117.0,6,11,64.0,0.33,0.49,0.49,0.33,8.0,0.44,0.24,0.89,7.0,2.57,8.0,0.44,20.0,216.0,1920
13.0,14.9,13.3,12,12,32,18.4,164.0,10,20,84.0,0.49,0.66,0.61,0.44,3.0,0.66,0.4,1.06,21.0,2.77,16.0,0.59,12.0,211.0,2122
2.0,11.8,11.0,13,13,39,16.9,153.0,13,16,74.0,0.42,0.63,0.61,0.4,0.0,0.57,0.47,1.4,7.0,2.66,6.0,0.57,21.0,196.0,2223
5.0,1.7,1.7,2,2,6,1.9,24.0,2,2,11.0,0.62,0.69,0.69,0.62,2.0,0.72,0.72,2.17,0.0,3.98,3.0,0.72,4.0,20.0,2223
11.0,7.7,6.1,5,5,22,7.9,101.0,4,7,62.0,0.36,0.45,0.37,0.29,4.0,0.33,0.24,1.04,4.0,2.93,4.0,0.28,16.0,161.0,2324
3.0,5.0,5.0,4,4,10,8.4,75.0,4,5,28.0,0.27,0.45,0.45,0.27,2.0,0.27,0.22,0.54,2.0,1.51,3.0,0.27,38.0,172.0,1920
4.0,2.7,2.7,3,3,10,5.8,72.0,3,5,25.0,0.15,0.34,0.34,0.15,3.0,0.29,0.17,0.58,5.0,1.45,3.0,0.29,25.0,191.0,2021
0.0,5.7,5.7,4,4,11,8.2,96.0,4,7,30.0,0.27,0.39,0.39,0.27,0.0,0.33,0.19,0.52,15.0,1.42,3.0,0.33,29.0,236.0,2122
2.0,2.6,2.6,0,0,6,5.4,40.0,0,3,32.0,0.11,0.23,0.23,0.11,6.0,0.13,0.0,0.25,1.0,1.35,1.0,0.13,16.0,78.0,1819
0.0,2.1,2.1,2,2,6,3.7,28.0,2,8,29.0,0.11,0.19,0.19,0.11,2.0,0.41,0.1,0.31,1.0,1.49,4.0,0.41,7.0,45.0,2122
0.0,0.3,0.3,0,0,1,1.0,9.0,0,2,5.0,0.03,0.12,0.12,0.03,0.0,0.24,0.0,0.12,0.0,0.6,0.0,0.24,3.0,28.0,2223
0.0,0.3,0.3,0,0,1,0.5,10.0,0,0,6.0,0.05,0.09,0.09,0.05,0.0,0.0,0.0,0.18,0.0,1.08,1.0,0.0,2.0,18.0,2223
1.0,2.2,2.2,1,1,4,3.1,12.0,1,2,22.0,0.16,0.22,0.22,0.16,1.0,0.14,0.07,0.29,0.0,1.59,1.0,0.14,0.0,10.0,1819
0.0,1.1,1.1,1,1,4,1.2,11.0,1,2,19.0,0.05,0.06,0.06,0.05,0.0,0.1,0.05,0.2,3.0,0.95,1.0,0.1,1.0,11.0,1920
0.0,0.2,0.2,0,0,2,0.6,5.0,0,0,5.0,0.02,0.09,0.09,0.02,0.0,0.0,0.0,0.29,0.0,0.74,0.0,0.0,2.0,4.0,2021
0.0,0.4,0.4,1,1,1,1.3,6.0,1,3,15.0,0.02,0.06,0.06,0.02,2.0,0.14,0.05,0.05,0.0,0.72,0.0,0.14,0.0,7.0,2122
0.0,0.4,0.4,0,0,1,0.9,13.0,0,0,8.0,0.02,0.06,0.06,0.02,0.0,0.0,0.0,0.06,2.0,0.49,1.0,0.0,0.0,25.0,2324
8.0,0.7,0.7,1,1,3,0.8,15.0,1,1,6.0,0.25,0.28,0.28,0.25,2.0,0.37,0.37,1.12,2.0,2.24,1.0,0.37,0.0,29.0,2021
0.0,7.0,7.0,8,8,21,11.2,97.0,8,10,52.0,0.39,0.63,0.63,0.39,1.0,0.56,0.45,1.17,21.0,2.91,4.0,0.56,20.0,124.0,2122
5.0,3.0,3.0,2,2,14,5.4,67.0,2,4,27.0,0.27,0.48,0.48,0.27,3.0,0.36,0.18,1.25,17.0,2.41,2.0,0.36,24.0,75.0,2223
4.0,3.0,3.0,3,3,8,4.8,40.0,3,3,30.0,0.1,0.16,0.16,0.1,0.0,0.1,0.1,0.26,2.0,0.99,3.0,0.1,4.0,67.0,1819
2.0,2.6,2.6,4,4,15,3.3,74.0,4,4,36.0,0.08,0.1,0.1,0.08,0.0,0.12,0.12,0.46,1.0,1.1,2.0,0.12,5.0,99.0,1920
1.0,2.6,2.6,2,2,9,3.9,44.0,2,2,31.0,0.08,0.12,0.12,0.08,3.0,0.06,0.06,0.28,0.0,0.95,4.0,0.06,3.0,59.0,2021
2.0,2.0,2.0,1,1,2,3.9,39.0,1,4,22.0,0.11,0.21,0.21,0.11,0.0,0.22,0.05,0.11,0.0,1.2,1.0,0.22,4.0,55.0,2122
10.0,1.2,1.2,1,1,4,2.7,50.0,1,2,8.0,0.22,0.49,0.49,0.22,5.0,0.36,0.18,0.72,4.0,1.43,0.0,0.36,22.0,84.0,1718
4.0,8.0,8.0,10,10,22,12.1,127.0,10,15,60.0,0.35,0.53,0.53,0.35,5.0,0.65,0.44,0.96,34.0,2.61,1.0,0.65,54.0,193.0,1819
1.0,6.3,5.5,4,4,20,9.6,133.0,3,9,63.0,0.27,0.45,0.41,0.24,1.0,0.39,0.17,0.86,18.0,2.7,8.0,0.34,62.0,170.0,1920
13.0,1.4,1.4,1,1,9,2.5,46.0,1,2,17.0,0.21,0.38,0.38,0.21,5.0,0.3,0.15,1.35,11.0,2.56,0.0,0.3,21.0,73.0,2021
2.0,6.9,6.1,13,13,33,13.3,177.0,12,18,77.0,0.24,0.49,0.46,0.21,6.0,0.62,0.45,1.14,33.0,2.65,8.0,0.58,83.0,259.0,2122
0.0,2.0,1.2,1,1,5,1.6,12.0,0,2,18.0,0.15,0.18,0.12,0.09,4.0,0.15,0.08,0.38,0.0,1.35,2.0,0.08,1.0,23.0,1819
1.0,0.7,0.7,0,0,3,3.5,7.0,0,4,21.0,0.04,0.17,0.17,0.04,6.0,0.19,0.0,0.14,0.0,1.0,1.0,0.19,0.0,16.0,2122
0.0,2.3,2.3,1,1,18,8.5,28.0,1,7,47.0,0.08,0.28,0.28,0.08,3.0,0.23,0.03,0.59,2.0,1.55,5.0,0.23,2.0,52.0,2223
0.0,1.8,1.8,0,0,9,5.8,13.0,0,3,45.0,0.06,0.19,0.19,0.06,1.0,0.1,0.0,0.3,0.0,1.51,5.0,0.1,2.0,29.0,2324
18.0,12.0,11.2,8,8,32,15.1,118.0,8,9,70.0,0.47,0.62,0.59,0.44,5.0,0.35,0.31,1.24,21.0,2.72,10.0,0.35,17.0,201.0,1819
23.0,15.3,13.7,18,18,32,20.5,140.0,17,23,87.0,0.5,0.73,0.67,0.45,7.0,0.75,0.59,1.05,16.0,2.85,8.0,0.72,21.0,261.0,1920
9.0,18.9,11.1,23,23,36,18.5,154.0,13,30,87.0,0.63,0.88,0.62,0.37,3.0,1.01,0.77,1.21,19.0,2.93,8.0,0.67,25.0,233.0,2021
7.0,7.4,5.8,9,9,13,10.7,70.0,8,12,36.0,0.56,0.93,0.81,0.44,3.0,0.91,0.68,0.98,8.0,2.72,2.0,0.83,11.0,95.0,2122
10.0,9.0,7.5,7,7,19,10.1,67.0,6,10,41.0,0.66,0.86,0.74,0.55,6.0,0.73,0.51,1.39,13.0,3.0,4.0,0.66,11.0,108.0,2223
3.0,9.7,7.3,10,10,18,12.6,125.0,8,16,60.0,0.39,0.61,0.51,0.3,2.0,0.65,0.41,0.73,17.0,2.44,7.0,0.57,23.0,199.0,2324
0.0,1.6,1.6,1,1,2,2.1,29.0,1,1,19.0,0.07,0.09,0.09,0.07,0.0,0.04,0.04,0.09,1.0,0.82,4.0,0.04,1.0,4.0,2122
2.0,2.3,2.3,3,3,5,2.4,17.0,3,4,13.0,0.08,0.08,0.08,0.08,1.0,0.14,0.1,0.17,4.0,0.44,2.0,0.14,0.0,5.0,2021
5.0,1.1,1.1,1,1,9,2.6,23.0,1,1,24.0,0.1,0.22,0.22,0.1,4.0,0.08,0.08,0.76,0.0,2.03,2.0,0.08,15.0,75.0,1920
1.0,3.7,3.7,5,5,18,8.6,54.0,5,9,46.0,0.19,0.44,0.44,0.19,1.0,0.44,0.24,0.88,5.0,2.25,3.0,0.44,28.0,132.0,2122
0.0,2.4,2.4,1,1,14,3.1,38.0,1,2,30.0,0.23,0.3,0.3,0.23,0.0,0.19,0.1,1.33,3.0,2.86,3.0,0.19,8.0,83.0,2223
2.0,0.6,0.6,0,0,5,0.9,11.0,0,0,14.0,0.14,0.21,0.21,0.14,1.0,0.0,0.0,1.15,0.0,3.21,2.0,0.0,8.0,20.0,2324
9.0,2.8,2.8,3,3,7,5.5,57.0,3,6,39.0,0.1,0.21,0.21,0.1,4.0,0.22,0.11,0.26,4.0,1.45,2.0,0.22,13.0,104.0,1819
5.0,9.4,8.6,7,7,22,11.3,117.0,7,11,56.0,0.37,0.48,0.45,0.34,1.0,0.44,0.28,0.87,18.0,2.22,2.0,0.44,55.0,166.0,1920
0.0,0.5,0.5,1,1,1,0.6,8.0,1,1,5.0,0.05,0.07,0.07,0.05,2.0,0.1,0.1,0.1,0.0,0.52,0.0,0.1,0.0,1.0,2021
1.0,2.1,2.1,0,0,6,3.2,46.0,0,2,28.0,0.06,0.1,0.1,0.06,1.0,0.06,0.0,0.18,1.0,0.84,5.0,0.06,1.0,5.0,2122
0.0,1.5,1.5,1,1,7,1.6,18.0,1,2,14.0,0.09,0.09,0.09,0.09,0.0,0.11,0.06,0.4,0.0,0.8,1.0,0.11,0.0,3.0,2223
1.0,0.3,0.3,2,2,4,1.4,12.0,2,3,8.0,0.01,0.05,0.05,0.01,3.0,0.1,0.07,0.14,3.0,0.28,1.0,0.1,4.0,127.0,2021
3.0,3.3,3.3,3,3,14,5.8,48.0,3,8,44.0,0.22,0.39,0.39,0.22,2.0,0.54,0.2,0.94,4.0,2.96,9.0,0.54,11.0,87.0,1920
4.0,2.7,2.7,3,3,11,5.7,37.0,3,5,44.0,0.11,0.23,0.23,0.11,4.0,0.2,0.12,0.44,7.0,1.76,3.0,0.2,7.0,91.0,2021
5.0,4.7,4.7,4,4,14,7.1,73.0,4,8,46.0,0.19,0.28,0.28,0.19,1.0,0.32,0.16,0.56,2.0,1.83,5.0,0.32,18.0,94.0,2122
8.0,4.3,4.3,5,5,14,7.4,69.0,5,6,49.0,0.2,0.35,0.35,0.2,3.0,0.28,0.24,0.66,2.0,2.31,7.0,0.28,10.0,91.0,2223
6.0,1.3,1.3,2,2,5,1.5,18.0,2,2,11.0,0.45,0.53,0.53,0.45,0.0,0.68,0.68,1.7,1.0,3.75,0.0,0.68,2.0,13.0,1920
10.0,4.3,4.3,6,6,12,6.4,54.0,6,6,24.0,0.31,0.47,0.47,0.31,4.0,0.44,0.44,0.88,4.0,1.75,0.0,0.44,14.0,99.0,2021
2.0,7.2,7.2,10,10,25,10.9,113.0,10,14,71.0,0.24,0.36,0.36,0.24,2.0,0.46,0.33,0.82,4.0,2.33,5.0,0.46,17.0,178.0,2122
0.0,3.5,3.5,2,2,16,4.8,55.0,2,4,41.0,0.35,0.47,0.47,0.35,0.0,0.4,0.2,1.58,1.0,4.05,5.0,0.4,5.0,88.0,2223
6.0,5.9,4.5,5,5,24,8.5,90.0,5,8,60.0,0.33,0.56,0.48,0.25,1.0,0.45,0.28,1.36,5.0,3.41,7.0,0.45,12.0,139.0,2324
0.0,1.3,1.3,0,0,2,2.3,22.0,0,1,12.0,0.06,0.11,0.11,0.06,4.0,0.05,0.0,0.09,0.0,0.57,2.0,0.05,0.0,5.0,1920
1.0,2.0,2.0,0,0,5,3.2,37.0,0,4,25.0,0.06,0.1,0.1,0.06,0.0,0.12,0.0,0.15,0.0,0.75,4.0,0.12,4.0,18.0,2021
1.0,1.8,1.8,1,1,10,2.3,32.0,1,1,25.0,0.05,0.07,0.07,0.05,0.0,0.03,0.03,0.29,1.0,0.72,2.0,0.03,1.0,7.0,2122
1.0,1.2,1.2,1,1,1,1.6,14.0,1,1,8.0,0.05,0.07,0.07,0.05,0.0,0.04,0.04,0.04,0.0,0.32,0.0,0.04,0.0,4.0,2223
1.0,0.2,0.2,0,0,1,0.2,6.0,0,0,2.0,0.12,0.12,0.12,0.12,0.0,0.0,0.0,0.78,0.0,1.57,0.0,0.0,0.0,1.0,1920
0.0,1.0,1.0,0,0,2,1.0,11.0,0,0,13.0,0.06,0.06,0.06,0.06,0.0,0.0,0.0,0.12,0.0,0.77,0.0,0.0,0.0,2.0,2021
0.0,0.5,0.5,0,0,1,0.7,7.0,0,1,7.0,0.03,0.04,0.04,0.03,0.0,0.06,0.0,0.06,0.0,0.41,1.0,0.06,1.0,5.0,2223
1.0,0.5,0.5,0,0,2,0.8,13.0,0,0,11.0,0.02,0.03,0.03,0.02,0.0,0.0,0.0,0.07,0.0,0.41,0.0,0.0,3.0,10.0,2324
2.0,2.2,2.2,6,6,14,3.6,45.0,6,8,30.0,0.19,0.31,0.31,0.19,0.0,0.7,0.52,1.22,5.0,2.62,0.0,0.7,12.0,110.0,1819
3.0,2.4,1.6,2,2,7,2.8,25.0,1,2,15.0,0.36,0.55,0.43,0.24,0.0,0.31,0.31,1.07,2.0,2.29,3.0,0.15,6.0,41.0,1920
5.0,1.2,1.2,3,3,8,1.7,24.0,3,3,23.0,0.16,0.23,0.23,0.16,6.0,0.4,0.4,1.08,2.0,3.1,3.0,0.4,3.0,57.0,1920
12.0,4.0,3.2,5,5,15,6.2,74.0,5,11,47.0,0.19,0.34,0.3,0.15,7.0,0.53,0.24,0.72,8.0,2.27,10.0,0.53,34.0,130.0,2021
5.0,7.1,5.5,12,12,26,11.7,139.0,10,19,65.0,0.23,0.44,0.38,0.18,2.0,0.62,0.39,0.85,14.0,2.14,9.0,0.56,51.0,270.0,2122
0.0,5.0,4.2,5,5,13,6.7,103.0,4,7,50.0,0.18,0.28,0.25,0.15,0.0,0.26,0.18,0.48,9.0,1.84,4.0,0.22,42.0,188.0,2223
0.0,0.2,0.2,0,0,2,1.2,15.0,0,1,5.0,0.03,0.15,0.15,0.03,0.0,0.13,0.0,0.26,0.0,0.65,0.0,0.13,3.0,65.0,2021
1.0,1.3,0.5,4,4,5,1.8,19.0,3,5,13.0,0.15,0.31,0.22,0.06,0.0,0.6,0.48,0.6,3.0,1.57,1.0,0.48,6.0,42.0,2324
2.0,0.6,0.6,1,1,4,1.1,5.0,1,1,9.0,0.35,0.62,0.62,0.35,4.0,0.56,0.56,2.24,0.0,5.03,0.0,0.56,1.0,5.0,2324
11.0,2.5,2.5,1,1,5,2.7,31.0,1,1,24.0,0.56,0.6,0.6,0.56,0.0,0.22,0.22,1.11,10.0,5.35,5.0,0.22,2.0,21.0,1819
8.0,9.8,8.2,11,11,22,9.8,111.0,9,11,59.0,0.5,0.57,0.49,0.42,2.0,0.55,0.55,1.11,24.0,2.98,4.0,0.45,5.0,126.0,1920
3.0,9.7,8.8,8,8,28,12.5,160.0,8,10,75.0,0.34,0.47,0.44,0.31,1.0,0.35,0.28,0.98,34.0,2.63,7.0,0.35,22.0,169.0,2021
0.0,4.8,4.1,3,3,10,5.1,67.0,2,4,34.0,0.36,0.44,0.38,0.3,0.0,0.3,0.22,0.75,15.0,2.54,5.0,0.22,7.0,63.0,2324
1.0,5.3,5.3,5,5,13,6.7,57.0,5,7,40.0,0.21,0.27,0.27,0.21,0.0,0.28,0.2,0.52,2.0,1.6,6.0,0.28,3.0,20.0,1819
4.0,2.6,2.6,1,1,5,3.4,37.0,1,1,21.0,0.09,0.11,0.11,0.09,2.0,0.03,0.03,0.16,4.0,0.69,4.0,0.03,1.0,14.0,1920
4.0,2.5,2.5,1,1,5,4.1,30.0,1,3,22.0,0.08,0.13,0.13,0.08,1.0,0.09,0.03,0.16,2.0,0.69,4.0,0.09,0.0,19.0,2223
2.0,1.9,1.9,4,4,7,3.0,28.0,4,5,19.0,0.06,0.1,0.1,0.06,0.0,0.16,0.13,0.22,0.0,0.6,2.0,0.16,0.0,13.0,2324
16.0,7.8,6.2,8,8,16,8.9,61.0,6,10,45.0,0.52,0.69,0.59,0.41,0.0,0.67,0.53,1.07,10.0,3.0,3.0,0.53,7.0,87.0,2021
3.0,11.0,10.2,16,16,36,12.2,89.0,15,16,78.0,0.46,0.54,0.51,0.43,0.0,0.67,0.67,1.51,10.0,3.27,5.0,0.63,6.0,149.0,2122
0.0,6.5,6.5,12,12,26,10.5,93.0,12,18,60.0,0.4,0.65,0.65,0.4,0.0,1.11,0.74,1.61,9.0,3.72,3.0,1.11,5.0,167.0,2324
4.0,1.2,1.2,2,2,3,1.2,10.0,2,2,4.0,0.59,0.6,0.6,0.59,0.0,0.97,0.97,1.45,4.0,1.94,0.0,0.97,1.0,12.0,2425
1.0,1.0,1.0,0,0,5,2.6,23.0,0,0,17.0,0.08,0.22,0.22,0.08,0.0,0.0,0.0,0.43,2.0,1.45,5.0,0.0,8.0,71.0,1920
4.0,0.2,0.2,0,0,2,1.0,14.0,0,1,4.0,0.05,0.25,0.25,0.05,5.0,0.25,0.0,0.51,0.0,1.01,0.0,0.25,6.0,24.0,1920
2.0,4.1,4.1,4,4,12,9.2,96.0,4,9,38.0,0.18,0.42,0.42,0.18,1.0,0.41,0.18,0.55,4.0,1.73,3.0,0.41,33.0,215.0,2021
7.0,1.7,1.7,2,2,6,3.3,20.0,2,3,11.0,0.35,0.68,0.68,0.35,2.0,0.62,0.41,1.23,1.0,2.26,0.0,0.62,6.0,32.0,2122
0.0,4.3,3.5,7,7,11,4.8,46.0,6,9,24.0,0.62,0.81,0.69,0.51,1.0,1.3,1.01,1.58,1.0,3.46,3.0,1.15,7.0,57.0,2223
2.0,0.8,0.8,0,0,2,1.6,15.0,0,0,8.0,0.27,0.52,0.52,0.27,0.0,0.0,0.0,0.64,1.0,2.57,3.0,0.0,2.0,19.0,2324
1.0,1.5,1.5,1,1,4,2.0,21.0,1,2,13.0,0.07,0.09,0.09,0.07,0.0,0.09,0.05,0.18,1.0,0.59,2.0,0.09,1.0,6.0,1819
0.0,0.2,0.2,1,1,1,0.2,2.0,1,1,1.0,0.09,0.09,0.09,0.09,1.0,0.45,0.45,0.45,0.0,0.45,0.0,0.45,1.0,0.0,1920
1.0,2.0,2.0,2,2,4,2.4,32.0,2,4,17.0,0.08,0.09,0.09,0.08,3.0,0.15,0.08,0.15,6.0,0.66,0.0,0.15,6.0,34.0,2223
0.0,1.4,1.4,1,1,6,2.5,41.0,1,4,19.0,0.05,0.09,0.09,0.05,0.0,0.14,0.04,0.21,4.0,0.67,6.0,0.14,6.0,33.0,2324
0.0,1.6,1.6,1,1,13,2.5,25.0,1,1,24.0,0.1,0.16,0.16,0.1,5.0,0.06,0.06,0.8,1.0,1.48,2.0,0.06,8.0,116.0,2021
0.0,1.1,1.1,0,0,10,5.6,26.0,0,5,30.0,0.05,0.26,0.26,0.05,2.0,0.23,0.0,0.46,3.0,1.37,2.0,0.23,11.0,114.0,2122
1.0,0.2,0.2,0,0,3,1.0,9.0,0,2,7.0,0.03,0.13,0.13,0.03,1.0,0.26,0.0,0.38,0.0,0.89,1.0,0.26,1.0,50.0,2223
0.0,1.1,1.1,1,1,4,2.5,16.0,1,2,13.0,0.13,0.29,0.29,0.13,3.0,0.23,0.12,0.47,0.0,1.53,1.0,0.23,5.0,46.0,2223
2.0,1.2,1.2,0,0,2,2.6,36.0,0,3,24.0,0.06,0.14,0.14,0.06,4.0,0.16,0.0,0.11,2.0,1.26,2.0,0.16,13.0,94.0,2324
9.0,2.8,2.8,4,4,14,4.6,30.0,4,7,38.0,0.14,0.24,0.24,0.14,4.0,0.35,0.2,0.71,0.0,1.93,4.0,0.35,3.0,56.0,1718
0.0,8.2,5.0,9,9,25,9.0,100.0,7,13,60.0,0.31,0.46,0.34,0.19,0.0,0.49,0.34,0.94,1.0,2.25,6.0,0.41,23.0,125.0,1819
0.0,1.4,1.4,1,1,5,2.4,21.0,1,2,15.0,0.14,0.23,0.23,0.14,0.0,0.19,0.1,0.48,0.0,1.43,1.0,0.19,4.0,34.0,2021
2.0,1.1,1.1,1,1,6,3.5,40.0,1,2,18.0,0.1,0.32,0.32,0.1,3.0,0.18,0.09,0.54,3.0,1.63,2.0,0.18,7.0,71.0,2122
2.0,2.4,2.4,2,2,7,5.6,42.0,2,5,30.0,0.19,0.45,0.45,0.19,2.0,0.4,0.16,0.56,4.0,2.4,4.0,0.4,10.0,70.0,2223
8.0,0.6,0.6,2,2,6,2.5,19.0,2,4,13.0,0.1,0.45,0.45,0.1,3.0,0.71,0.36,1.07,1.0,2.31,2.0,0.71,0.0,29.0,2324
1.0,2.7,2.7,3,3,13,7.4,94.0,3,7,31.0,0.07,0.2,0.2,0.07,6.0,0.19,0.08,0.36,4.0,0.86,6.0,0.19,4.0,182.0,2223
12.0,11.2,11.2,6,6,26,13.5,119.0,6,9,66.0,0.41,0.5,0.5,0.41,3.0,0.33,0.22,0.95,15.0,2.42,9.0,0.33,16.0,173.0,1819
6.0,11.8,11.8,12,12,30,14.1,126.0,12,15,87.0,0.36,0.43,0.43,0.36,2.0,0.46,0.37,0.92,23.0,2.68,5.0,0.46,20.0,189.0,1920
0.0,7.7,7.7,6,6,13,9.1,77.0,6,8,43.0,0.4,0.47,0.47,0.4,0.0,0.41,0.31,0.67,18.0,2.22,4.0,0.41,10.0,81.0,2021
4.0,10.3,9.5,17,17,32,12.7,142.0,17,22,69.0,0.35,0.46,0.43,0.32,1.0,0.75,0.58,1.09,34.0,2.34,7.0,0.75,16.0,259.0,2122
1.0,1.4,1.4,4,4,8,2.5,25.0,4,5,14.0,0.3,0.56,0.56,0.3,0.0,1.11,0.89,1.77,1.0,3.1,1.0,1.11,3.0,34.0,2223
1.0,3.4,3.4,1,1,12,3.9,56.0,1,1,35.0,0.38,0.44,0.44,0.38,1.0,0.11,0.11,1.35,6.0,3.94,4.0,0.11,4.0,76.0,2324
0.0,1.7,1.7,1,1,9,2.7,39.0,1,3,28.0,0.07,0.11,0.11,0.07,0.0,0.12,0.04,0.35,4.0,1.1,5.0,0.12,7.0,100.0,2122
2.0,2.4,1.6,1,1,2,3.6,27.0,1,3,14.0,0.34,0.63,0.52,0.23,6.0,0.43,0.14,0.29,2.0,2.0,5.0,0.43,5.0,47.0,2324
0.0,0.4,0.4,1,1,1,0.5,1.0,1,1,2.0,0.08,0.11,0.11,0.08,0.0,0.21,0.21,0.21,0.0,0.43,0.0,0.21,0.0,8.0,2223
0.0,4.0,4.0,2,2,8,6.4,45.0,2,5,42.0,0.13,0.21,0.2,0.13,0.0,0.16,0.06,0.26,1.0,1.34,3.0,0.16,10.0,68.0,2122
0.0,0.1,0.1,0,0,1,0.2,7.0,0,0,2.0,0.01,0.02,0.02,0.01,0.0,0.0,0.0,0.09,0.0,0.19,0.0,0.0,1.0,41.0,1920
0.0,0.2,0.2,1,1,2,3.4,25.0,1,5,7.0,0.01,0.17,0.17,0.01,2.0,0.25,0.05,0.1,0.0,0.34,0.0,0.25,8.0,114.0,2021
0.0,0.6,0.6,0,0,1,1.5,23.0,0,2,9.0,0.05,0.13,0.13,0.05,1.0,0.17,0.0,0.08,2.0,0.76,1.0,0.17,7.0,80.0,2122
0.0,0.2,0.2,0,0,2,0.6,7.0,0,0,3.0,0.01,0.05,0.05,0.01,3.0,0.0,0.0,0.17,2.0,0.25,1.0,0.0,1.0,36.0,2324
1.0,11.4,8.1,13,13,17,9.4,90.0,9,14,50.0,0.41,0.46,0.34,0.29,1.0,0.5,0.47,0.61,38.0,1.79,3.0,0.36,5.0,136.0,1819
4.0,1.2,1.2,2,2,3,3.4,11.0,2,6,13.0,0.06,0.18,0.18,0.06,2.0,0.32,0.11,0.16,0.0,0.69,0.0,0.32,4.0,37.0,1819
1.0,3.3,3.3,4,4,11,6.2,43.0,4,6,30.0,0.17,0.32,0.32,0.17,1.0,0.31,0.21,0.57,1.0,1.56,5.0,0.31,9.0,108.0,2021
0.0,2.9,2.9,4,4,8,3.9,35.0,4,5,22.0,0.15,0.2,0.2,0.15,1.0,0.25,0.2,0.4,0.0,1.11,6.0,0.25,3.0,35.0,1819
0.0,1.7,1.7,0,0,5,2.8,33.0,0,1,21.0,0.09,0.15,0.15,0.09,1.0,0.05,0.0,0.27,2.0,1.13,1.0,0.05,1.0,36.0,1920
5.0,0.7,0.7,0,0,3,1.0,3.0,0,1,7.0,0.08,0.13,0.13,0.08,0.0,0.12,0.0,0.37,0.0,0.86,1.0,0.12,0.0,7.0,2021
0.0,3.2,3.2,5,5,9,3.4,24.0,5,5,16.0,0.22,0.23,0.23,0.22,0.0,0.35,0.35,0.62,3.0,1.11,4.0,0.35,0.0,15.0,2122
0.0,3.5,3.5,4,4,6,5.0,24.0,4,5,14.0,0.28,0.4,0.4,0.28,1.0,0.4,0.32,0.48,0.0,1.12,1.0,0.4,0.0,12.0,2223
1.0,0.2,0.2,0,0,1,0.4,7.0,0,1,6.0,0.03,0.07,0.07,0.03,2.0,0.16,0.0,0.16,0.0,0.97,1.0,0.16,0.0,8.0,2223
7.0,3.1,2.3,2,2,7,4.3,28.0,1,3,17.0,0.23,0.37,0.31,0.17,1.0,0.22,0.15,0.51,3.0,1.24,1.0,0.15,4.0,21.0,1920
7.0,3.7,3.7,7,7,9,5.2,32.0,7,8,27.0,0.18,0.25,0.25,0.18,2.0,0.39,0.34,0.44,1.0,1.31,4.0,0.39,1.0,56.0,2021
4.0,4.2,2.6,7,7,9,3.7,27.0,5,9,20.0,0.22,0.28,0.19,0.14,3.0,0.48,0.37,0.48,2.0,1.06,5.0,0.37,1.0,39.0,2122
1.0,3.0,2.3,4,4,10,4.0,35.0,3,7,23.0,0.15,0.23,0.19,0.11,1.0,0.34,0.19,0.49,3.0,1.12,5.0,0.29,4.0,37.0,2223
0.0,0.3,0.3,1,1,1,2.2,17.0,1,3,5.0,0.02,0.18,0.18,0.02,3.0,0.25,0.08,0.08,4.0,0.42,1.0,0.25,2.0,78.0,2122
0.0,0.8,0.8,0,0,1,2.9,33.0,0,3,8.0,0.04,0.17,0.17,0.04,2.0,0.18,0.0,0.06,11.0,0.47,0.0,0.18,5.0,87.0,2223
0.0,1.0,1.0,0,0,2,1.1,3.0,0,0,2.0,0.31,0.33,0.33,0.31,1.0,0.0,0.0,0.6,0.0,0.6,0.0,0.0,0.0,2.0,1920
0.0,0.4,0.4,0,0,1,1.1,18.0,0,1,10.0,0.02,0.05,0.05,0.02,1.0,0.05,0.0,0.05,0.0,0.48,1.0,0.05,8.0,27.0,2021
0.0,0.1,0.1,0,0,1,0.4,5.0,0,0,3.0,0.02,0.08,0.08,0.02,0.0,0.0,0.0,0.2,0.0,0.59,1.0,0.0,2.0,9.0,2223
0.0,4.7,4.7,5,5,21,11.7,89.0,5,14,61.0,0.17,0.43,0.43,0.17,0.0,0.52,0.18,0.77,10.0,2.25,4.0,0.52,46.0,263.0,1718
2.0,2.1,2.1,5,5,14,4.8,64.0,5,8,35.0,0.13,0.29,0.29,0.13,2.0,0.49,0.31,0.86,7.0,2.15,3.0,0.49,23.0,147.0,1819
5.0,1.0,1.0,2,2,9,2.2,33.0,2,4,23.0,0.07,0.16,0.16,0.07,5.0,0.28,0.14,0.64,6.0,1.64,1.0,0.28,15.0,117.0,1920
11.0,3.7,3.7,5,5,15,7.7,76.0,5,10,51.0,0.14,0.3,0.3,0.14,6.0,0.39,0.2,0.59,4.0,2.01,5.0,0.39,34.0,154.0,2021
1.0,6.4,4.7,11,11,24,8.7,88.0,10,17,67.0,0.22,0.36,0.3,0.16,1.0,0.59,0.38,0.83,5.0,2.31,6.0,0.55,21.0,245.0,2122
2.0,2.3,2.3,3,3,8,3.8,42.0,3,5,26.0,0.22,0.36,0.36,0.22,4.0,0.47,0.28,0.76,3.0,2.46,4.0,0.47,10.0,88.0,2324
7.0,2.5,2.5,3,3,7,3.4,27.0,3,4,19.0,0.57,0.79,0.79,0.57,3.0,0.92,0.69,1.62,2.0,4.38,2.0,0.92,5.0,39.0,1819
1.0,8.1,7.4,7,7,17,11.0,85.0,6,10,50.0,0.57,0.82,0.77,0.52,1.0,0.7,0.49,1.19,10.0,3.51,5.0,0.63,13.0,98.0,1920
3.0,1.6,1.6,1,1,8,2.7,32.0,1,2,22.0,0.19,0.32,0.32,0.19,0.0,0.24,0.12,0.96,10.0,2.64,5.0,0.24,6.0,44.0,2021
2.0,3.5,1.9,3,3,7,2.1,28.0,2,3,27.0,0.61,0.63,0.36,0.33,0.0,0.52,0.52,1.22,3.0,4.71,1.0,0.35,0.0,43.0,2122
9.0,3.2,3.2,4,4,10,4.8,53.0,4,6,27.0,0.26,0.39,0.39,0.26,1.0,0.48,0.32,0.8,4.0,2.17,3.0,0.48,12.0,97.0,1819
7.0,5.4,5.4,9,9,22,7.1,76.0,9,10,37.0,0.29,0.38,0.38,0.29,3.0,0.53,0.48,1.18,7.0,1.98,4.0,0.53,14.0,138.0,1920
0.0,4.2,3.4,7,7,10,4.7,54.0,6,10,19.0,0.27,0.35,0.3,0.22,1.0,0.64,0.45,0.64,7.0,1.22,1.0,0.58,6.0,98.0,2021
14.0,6.1,6.1,6,6,17,7.1,74.0,6,7,51.0,0.39,0.45,0.45,0.39,5.0,0.44,0.38,1.08,16.0,3.23,6.0,0.44,4.0,93.0,2223
7.0,11.6,10.8,14,14,28,13.2,110.0,14,19,63.0,0.47,0.57,0.54,0.44,2.0,0.77,0.57,1.14,11.0,2.56,2.0,0.77,4.0,102.0,2324
1.0,0.5,0.5,1,1,3,1.5,19.0,1,3,11.0,0.02,0.05,0.05,0.02,2.0,0.1,0.03,0.1,0.0,0.38,1.0,0.1,2.0,33.0,1920
1.0,0.9,0.9,1,1,7,2.3,9.0,1,3,21.0,0.03,0.08,0.08,0.03,2.0,0.11,0.04,0.25,1.0,0.75,3.0,0.11,0.0,31.0,2021
3.0,4.7,4.7,7,7,14,9.9,106.0,7,14,40.0,0.14,0.3,0.3,0.14,0.0,0.42,0.21,0.42,5.0,1.2,4.0,0.42,9.0,175.0,2223
2.0,1.8,1.8,3,3,14,4.5,17.0,3,3,45.0,0.06,0.15,0.15,0.06,7.0,0.1,0.1,0.45,0.0,1.44,6.0,0.1,4.0,53.0,2324
10.0,1.9,1.9,0,0,3,3.0,23.0,0,1,11.0,0.42,0.68,0.68,0.42,3.0,0.23,0.0,0.68,1.0,2.5,2.0,0.23,1.0,32.0,2122
2.0,11.7,7.0,10,10,19,8.6,98.0,6,13,54.0,0.47,0.54,0.34,0.28,1.0,0.52,0.4,0.77,15.0,2.18,7.0,0.36,13.0,160.0,2223
2.0,1.2,1.2,1,1,8,2.7,28.0,1,2,28.0,0.08,0.18,0.18,0.08,1.0,0.13,0.07,0.53,2.0,1.87,7.0,0.13,7.0,54.0,2122
3.0,1.9,1.9,2,2,9,2.5,25.0,2,3,30.0,0.13,0.18,0.18,0.13,3.0,0.21,0.14,0.63,0.0,2.1,1.0,0.21,3.0,59.0,2223
1.0,2.9,2.9,3,3,10,5.7,31.0,3,6,30.0,0.17,0.35,0.35,0.17,1.0,0.36,0.18,0.61,3.0,1.82,2.0,0.36,5.0,69.0,2324
8.0,1.8,1.8,3,3,5,2.7,30.0,3,4,20.0,0.09,0.14,0.14,0.09,1.0,0.2,0.15,0.25,5.0,0.99,4.0,0.2,8.0,33.0,2021
1.0,6.3,6.3,8,8,12,7.3,60.0,8,9,37.0,0.23,0.27,0.27,0.23,1.0,0.33,0.3,0.45,2.0,1.37,3.0,0.33,6.0,72.0,2122
4.0,2.5,2.5,1,1,5,3.6,39.0,1,2,24.0,0.16,0.22,0.22,0.16,5.0,0.12,0.06,0.31,2.0,1.49,2.0,0.12,6.0,46.0,2223
0.0,3.8,3.8,4,4,8,6.6,36.0,4,9,26.0,0.16,0.28,0.28,0.16,0.0,0.38,0.17,0.34,1.0,1.09,4.0,0.38,1.0,60.0,2324
3.0,8.1,8.1,11,11,23,10.7,89.0,11,14,47.0,0.31,0.41,0.41,0.31,3.0,0.54,0.42,0.88,8.0,1.81,5.0,0.54,15.0,246.0,1819
3.0,3.1,2.3,3,3,8,3.8,32.0,2,6,20.0,0.29,0.42,0.35,0.22,3.0,0.55,0.28,0.73,4.0,1.84,3.0,0.46,8.0,70.0,1920
2.0,2.1,2.1,3,3,9,3.2,45.0,3,6,22.0,0.14,0.21,0.21,0.14,2.0,0.4,0.2,0.61,5.0,1.48,1.0,0.4,5.0,82.0,2021
2.0,4.0,4.0,2,2,10,5.6,48.0,2,4,27.0,0.26,0.37,0.37,0.26,1.0,0.26,0.13,0.66,3.0,1.78,3.0,0.26,12.0,94.0,2122
1.0,3.5,3.5,2,2,10,4.0,34.0,2,3,16.0,0.27,0.31,0.31,0.27,2.0,0.23,0.15,0.77,6.0,1.23,1.0,0.23,2.0,75.0,2223
1.0,0.5,0.5,0,0,3,1.6,24.0,0,2,15.0,0.04,0.12,0.12,0.04,2.0,0.15,0.0,0.22,0.0,1.09,3.0,0.15,9.0,85.0,2324
0.0,5.9,5.9,4,4,18,7.2,91.0,4,4,44.0,0.35,0.43,0.43,0.35,1.0,0.24,0.24,1.06,29.0,2.6,5.0,0.24,14.0,111.0,1819
6.0,2.1,2.1,4,4,6,2.2,25.0,4,4,13.0,0.44,0.46,0.46,0.44,1.0,0.85,0.85,1.27,0.0,2.76,1.0,0.85,1.0,14.0,1718
1.0,9.1,6.7,6,6,18,8.1,126.0,5,7,56.0,0.41,0.47,0.37,0.3,2.0,0.32,0.27,0.81,9.0,2.53,6.0,0.27,2.0,76.0,1819
3.0,5.2,5.1,1,1,13,5.9,60.0,1,3,37.0,0.39,0.44,0.44,0.38,2.0,0.22,0.07,0.96,4.0,2.75,6.0,0.22,2.0,57.0,1920
2.0,2.5,2.5,3,3,7,3.6,39.0,3,5,26.0,0.22,0.32,0.32,0.22,0.0,0.45,0.27,0.63,2.0,2.34,0.0,0.45,0.0,30.0,2021
1.0,0.7,0.7,1,1,3,0.7,7.0,1,1,12.0,0.06,0.07,0.07,0.06,0.0,0.1,0.1,0.29,2.0,1.15,0.0,0.1,0.0,10.0,1920
1.0,2.3,2.3,1,1,9,3.0,25.0,1,1,30.0,0.07,0.1,0.1,0.07,2.0,0.03,0.03,0.28,0.0,0.94,2.0,0.03,4.0,12.0,2021
1.0,1.0,1.0,1,1,8,1.6,11.0,1,3,21.0,0.04,0.06,0.06,0.04,0.0,0.11,0.04,0.28,2.0,0.75,3.0,0.11,1.0,14.0,2122
2.0,1.2,1.2,1,1,6,1.6,18.0,1,1,22.0,0.04,0.05,0.05,0.04,0.0,0.03,0.03,0.19,1.0,0.69,2.0,0.03,3.0,18.0,2223
0.0,0.7,0.7,2,2,7,1.4,19.0,2,2,18.0,0.03,0.07,0.07,0.03,1.0,0.1,0.1,0.34,4.0,0.88,4.0,0.1,1.0,18.0,2324
0.0,0.9,0.9,0,0,2,1.0,14.0,0,0,6.0,0.14,0.14,0.14,0.14,0.0,0.0,0.0,0.29,0.0,0.86,0.0,0.0,3.0,27.0,1819
0.0,2.5,2.5,2,2,4,3.5,28.0,2,4,15.0,0.11,0.16,0.16,0.11,0.0,0.18,0.09,0.18,1.0,0.67,5.0,0.18,1.0,1.0,1819
0.0,2.2,2.2,5,5,6,2.7,25.0,5,6,15.0,0.09,0.12,0.12,0.09,0.0,0.26,0.22,0.26,1.0,0.65,0.0,0.26,0.0,4.0,2021
3.0,0.6,0.6,0,0,2,1.0,17.0,0,0,7.0,0.03,0.05,0.05,0.03,0.0,0.0,0.0,0.1,1.0,0.34,1.0,0.0,2.0,2.0,2122
1.0,1.6,1.6,3,3,6,1.7,25.0,3,3,16.0,0.06,0.07,0.07,0.06,0.0,0.13,0.13,0.25,0.0,0.67,2.0,0.13,0.0,0.0,2223
1.0,0.4,0.4,1,1,5,0.9,13.0,1,1,11.0,0.02,0.05,0.05,0.02,1.0,0.05,0.05,0.25,1.0,0.56,2.0,0.05,1.0,5.0,2324
3.0,0.4,0.4,0,0,2,0.9,5.0,0,0,9.0,0.07,0.15,0.15,0.07,1.0,0.0,0.0,0.33,0.0,1.51,1.0,0.0,0.0,12.0,2324
2.0,10.7,6.7,13,13,29,13.6,99.0,11,19,81.0,0.31,0.51,0.39,0.19,3.0,0.55,0.38,0.84,3.0,2.34,10.0,0.49,7.0,144.0,1819
6.0,4.0,3.2,2,2,12,7.4,50.0,1,5,45.0,0.14,0.29,0.26,0.11,5.0,0.18,0.07,0.42,2.0,1.58,12.0,0.14,9.0,73.0,1920
11.0,7.6,6.8,9,9,20,9.2,102.0,8,12,52.0,0.29,0.39,0.36,0.26,1.0,0.47,0.35,0.78,13.0,2.02,7.0,0.43,8.0,159.0,2021
20.0,8.8,7.2,11,11,21,10.0,88.0,9,12,49.0,0.51,0.68,0.59,0.42,1.0,0.7,0.64,1.23,15.0,2.86,4.0,0.58,16.0,132.0,2122
3.0,1.8,1.8,3,3,9,4.1,41.0,3,5,23.0,0.1,0.23,0.23,0.1,1.0,0.28,0.17,0.5,0.0,1.27,4.0,0.28,18.0,89.0,2223
4.0,3.4,2.7,3,3,14,3.9,30.0,2,4,38.0,0.13,0.18,0.15,0.1,5.0,0.16,0.12,0.55,1.0,1.48,1.0,0.12,10.0,88.0,2324
0.0,0.9,0.9,2,2,5,1.4,13.0,2,2,11.0,0.07,0.1,0.1,0.07,0.0,0.14,0.14,0.36,0.0,0.78,2.0,0.14,0.0,28.0,2122
9.0,5.2,5.2,3,3,25,11.4,82.0,3,9,102.0,0.16,0.36,0.36,0.16,9.0,0.28,0.09,0.78,4.0,3.18,10.0,0.28,22.0,196.0,1819
4.0,7.8,7.0,9,9,33,14.9,87.0,8,18,100.0,0.26,0.52,0.5,0.23,9.0,0.6,0.3,1.1,1.0,3.33,6.0,0.57,18.0,193.0,1920
7.0,4.8,4.0,4,4,22,13.1,73.0,3,13,82.0,0.16,0.48,0.45,0.14,12.0,0.45,0.14,0.76,4.0,2.82,14.0,0.41,21.0,193.0,2021
3.0,5.9,3.5,7,7,15,12.2,43.0,4,19,62.0,0.22,0.53,0.44,0.13,6.0,0.69,0.25,0.54,0.0,2.25,11.0,0.58,9.0,126.0,2122
13.0,3.1,2.3,3,3,16,7.3,26.0,2,9,55.0,0.12,0.31,0.28,0.09,3.0,0.34,0.11,0.61,2.0,2.09,5.0,0.3,6.0,68.0,2223
0.0,3.4,3.4,4,4,19,6.3,52.0,4,7,52.0,0.23,0.43,0.43,0.23,3.0,0.48,0.27,1.3,5.0,3.55,4.0,0.48,20.0,142.0,2122
0.0,2.0,2.0,0,0,9,5.3,41.0,0,2,29.0,0.06,0.16,0.16,0.06,5.0,0.06,0.0,0.27,5.0,0.88,4.0,0.06,13.0,142.0,1819
3.0,1.2,1.2,1,1,5,4.4,42.0,1,2,23.0,0.04,0.13,0.13,0.04,10.0,0.06,0.03,0.15,2.0,0.69,2.0,0.06,11.0,236.0,2021
0.0,1.9,1.9,1,1,9,4.4,64.0,1,5,30.0,0.07,0.16,0.16,0.07,2.0,0.18,0.04,0.32,3.0,1.07,5.0,0.18,8.0,162.0,2223
4.0,2.9,2.9,2,2,12,5.9,46.0,2,4,44.0,0.12,0.23,0.23,0.12,1.0,0.16,0.08,0.48,7.0,1.75,5.0,0.16,12.0,93.0,1819
5.0,5.2,5.2,4,4,23,7.1,62.0,4,5,46.0,0.3,0.41,0.41,0.3,2.0,0.29,0.23,1.32,6.0,2.64,6.0,0.29,11.0,110.0,1920
7.0,4.1,4.1,5,5,14,7.5,61.0,5,7,43.0,0.2,0.38,0.38,0.2,2.0,0.35,0.25,0.7,3.0,2.16,2.0,0.35,12.0,120.0,2021
0.0,5.7,5.7,7,7,22,9.3,88.0,7,9,51.0,0.29,0.47,0.47,0.29,0.0,0.46,0.35,1.12,4.0,2.59,2.0,0.46,46.0,134.0,2122
0.0,1.0,1.0,0,0,4,2.7,24.0,0,3,8.0,0.15,0.41,0.41,0.15,0.0,0.46,0.0,0.61,1.0,1.22,0.0,0.46,7.0,36.0,2223
10.0,0.9,0.9,0,0,3,1.6,12.0,0,0,10.0,0.2,0.37,0.37,0.2,2.0,0.0,0.0,0.71,1.0,2.36,1.0,0.0,2.0,19.0,2324
1.0,0.5,0.5,0,0,2,0.9,2.0,0,0,4.0,0.07,0.14,0.14,0.07,1.0,0.0,0.0,0.3,0.0,0.61,0.0,0.0,1.0,12.0,1819
0.0,0.4,0.4,1,1,2,0.5,11.0,1,2,7.0,0.04,0.05,0.05,0.04,0.0,0.2,0.1,0.2,0.0,0.71,1.0,0.2,1.0,10.0,1920
0.0,0.4,0.4,0,0,1,0.4,2.0,0,0,4.0,0.11,0.11,0.11,0.11,0.0,0.0,0.0,0.28,0.0,1.14,1.0,0.0,0.0,1.0,2021
1.0,0.1,0.1,0,0,2,0.1,3.0,0,0,3.0,0.02,0.02,0.02,0.02,0.0,0.0,0.0,0.33,0.0,0.5,0.0,0.0,4.0,32.0,1819
0.0,0.5,0.5,1,1,1,1.5,14.0,1,1,10.0,0.03,0.09,0.09,0.03,0.0,0.06,0.06,0.06,0.0,0.62,1.0,0.06,6.0,52.0,1920
0.0,1.4,1.4,0,0,1,2.0,20.0,0,0,13.0,0.11,0.16,0.16,0.11,0.0,0.0,0.0,0.08,1.0,1.05,1.0,0.0,6.0,29.0,2223
0.0,1.8,1.8,3,3,7,4.3,48.0,3,5,16.0,0.12,0.28,0.28,0.12,0.0,0.33,0.2,0.46,2.0,1.04,0.0,0.33,13.0,102.0,2021
1.0,0.2,0.2,0,0,2,0.6,6.0,0,0,6.0,0.07,0.17,0.17,0.07,1.0,0.0,0.0,0.59,0.0,1.76,0.0,0.0,0.0,17.0,2122
1.0,0.1,0.1,0,0,1,0.1,0.0,0,0,1.0,0.09,0.09,0.09,0.09,0.0,0.0,0.0,1.32,1.0,1.32,0.0,0.0,0.0,4.0,2122
0.0,0.0,0.0,1,1,1,0.4,3.0,1,1,1.0,0.02,0.27,0.27,0.02,0.0,0.68,0.68,0.68,1.0,0.68,0.0,0.68,0.0,10.0,2324
0.0,5.2,5.2,5,5,10,10.1,95.0,5,10,29.0,0.16,0.31,0.31,0.16,4.0,0.3,0.15,0.3,5.0,0.88,2.0,0.3,13.0,243.0,1819
2.0,2.3,2.3,0,0,3,6.8,69.0,0,4,19.0,0.09,0.26,0.26,0.09,1.0,0.15,0.0,0.11,7.0,0.73,3.0,0.15,14.0,216.0,1920
0.0,3.2,3.2,2,2,13,5.0,67.0,2,3,27.0,0.16,0.25,0.25,0.16,0.0,0.15,0.1,0.66,3.0,1.38,5.0,0.15,7.0,159.0,2021
1.0,1.4,1.4,0,0,2,2.3,39.0,0,0,17.0,0.09,0.15,0.15,0.09,1.0,0.0,0.0,0.13,3.0,1.1,2.0,0.0,6.0,121.0,2122
0.0,0.3,0.3,0,0,3,2.4,22.0,0,1,11.0,0.03,0.19,0.19,0.03,0.0,0.08,0.0,0.24,0.0,0.89,2.0,0.08,3.0,71.0,2324
0.0,0.4,0.4,1,1,1,0.5,4.0,1,1,5.0,0.07,0.07,0.07,0.07,1.0,0.15,0.15,0.15,0.0,0.77,0.0,0.15,0.0,2.0,2223
2.0,0.1,0.1,0,0,1,0.9,9.0,0,0,4.0,0.0,0.04,0.04,0.0,0.0,0.0,0.0,0.04,0.0,0.16,1.0,0.0,3.0,27.0,2122
0.0,1.3,0.5,2,2,2,1.1,15.0,1,2,9.0,0.04,0.06,0.04,0.02,1.0,0.07,0.07,0.07,0.0,0.3,0.0,0.03,4.0,37.0,2223
0.0,1.9,1.9,3,3,7,6.0,50.0,3,7,20.0,0.06,0.19,0.19,0.06,2.0,0.22,0.09,0.22,4.0,0.63,3.0,0.22,4.0,107.0,2223
0.0,0.3,0.3,0,0,2,1.4,10.0,0,2,9.0,0.02,0.09,0.09,0.02,0.0,0.14,0.0,0.14,0.0,0.61,0.0,0.14,1.0,40.0,2324
18.0,14.4,11.3,17,17,42,15.3,142.0,13,21,98.0,0.54,0.68,0.57,0.42,2.0,0.78,0.63,1.56,10.0,3.64,8.0,0.63,32.0,194.0,1819
30.0,18.6,15.4,17,17,49,24.5,170.0,13,26,129.0,0.52,0.77,0.68,0.43,3.0,0.72,0.47,1.36,16.0,3.59,16.0,0.61,31.0,212.0,2122
0.0,1.9,1.9,1,1,10,2.1,42.0,1,1,23.0,0.07,0.07,0.07,0.07,0.0,0.04,0.04,0.36,1.0,0.82,5.0,0.04,1.0,5.0,2122
1.0,2.0,2.0,2,2,3,3.3,36.0,2,4,20.0,0.11,0.18,0.18,0.11,0.0,0.22,0.11,0.16,6.0,1.09,1.0,0.22,2.0,2.0,2324
0.0,1.6,1.6,1,1,5,3.2,12.0,1,4,8.0,0.1,0.2,0.2,0.1,0.0,0.25,0.06,0.31,0.0,0.49,2.0,0.25,1.0,34.0,2324
4.0,2.0,2.0,2,2,4,2.9,37.0,2,5,18.0,0.16,0.24,0.24,0.16,6.0,0.41,0.16,0.33,2.0,1.47,3.0,0.41,8.0,87.0,2223
6.0,3.4,3.4,4,4,13,6.8,53.0,4,10,40.0,0.19,0.38,0.38,0.19,1.0,0.56,0.22,0.72,5.0,2.22,4.0,0.56,17.0,130.0,2324
0.0,1.0,1.0,1,1,2,1.3,8.0,1,1,9.0,0.06,0.07,0.07,0.06,0.0,0.06,0.06,0.11,2.0,0.51,1.0,0.06,2.0,19.0,1819
0.0,0.5,0.5,0,0,2,1.5,4.0,0,0,14.0,0.02,0.06,0.06,0.02,0.0,0.0,0.0,0.08,0.0,0.57,1.0,0.0,1.0,18.0,1920
0.0,0.1,0.1,0,0,1,0.2,0.0,0,0,4.0,0.01,0.02,0.02,0.01,1.0,0.0,0.0,0.1,0.0,0.42,0.0,0.0,0.0,1.0,2021
0.0,0.1,0.1,0,0,1,1.6,2.0,0,1,3.0,0.01,0.16,0.16,0.01,0.0,0.1,0.0,0.1,0.0,0.3,1.0,0.1,1.0,18.0,2122
6.0,3.9,3.9,1,1,10,5.6,78.0,1,3,40.0,0.35,0.51,0.51,0.35,8.0,0.27,0.09,0.9,2.0,3.59,5.0,0.27,28.0,115.0,1819
9.0,8.1,8.1,6,6,28,12.2,121.0,6,14,61.0,0.35,0.53,0.53,0.35,4.0,0.6,0.26,1.21,4.0,2.64,6.0,0.6,48.0,221.0,1920
6.0,5.9,5.9,9,9,25,7.5,96.0,9,13,56.0,0.27,0.35,0.35,0.27,10.0,0.6,0.42,1.16,1.0,2.59,8.0,0.6,33.0,163.0,2021
13.0,5.6,5.6,6,6,24,10.2,130.0,6,16,66.0,0.24,0.44,0.44,0.24,1.0,0.69,0.26,1.03,10.0,2.83,4.0,0.69,48.0,237.0,2122
5.0,8.9,8.9,13,13,34,12.0,133.0,13,14,72.0,0.3,0.4,0.4,0.3,3.0,0.46,0.43,1.13,9.0,2.39,9.0,0.46,48.0,257.0,2223
9.0,3.6,3.6,5,5,12,6.8,60.0,5,8,27.0,0.4,0.76,0.76,0.4,4.0,0.9,0.56,1.35,2.0,3.03,3.0,0.9,23.0,79.0,2324
1.0,0.8,0.8,0,0,1,1.4,19.0,0,0,10.0,0.21,0.37,0.37,0.21,2.0,0.0,0.0,0.26,0.0,2.6,4.0,0.0,2.0,38.0,2122
3.0,2.1,2.1,1,1,12,5.6,50.0,1,3,36.0,0.12,0.31,0.31,0.12,6.0,0.17,0.06,0.67,2.0,2.01,5.0,0.17,10.0,129.0,2223
1.0,2.7,2.7,3,3,16,6.2,71.0,3,9,49.0,0.18,0.42,0.42,0.18,2.0,0.6,0.2,1.07,1.0,3.26,3.0,0.6,9.0,122.0,2324
2.0,0.9,0.9,0,0,1,1.4,10.0,0,0,9.0,0.09,0.13,0.13,0.09,0.0,0.0,0.0,0.1,0.0,0.87,1.0,0.0,5.0,17.0,1819
2.0,1.9,1.9,2,2,7,2.5,19.0,2,2,31.0,0.1,0.13,0.13,0.1,1.0,0.11,0.11,0.37,3.0,1.63,0.0,0.11,4.0,82.0,1920
1.0,1.4,1.4,2,2,4,3.9,43.0,2,3,27.0,0.04,0.12,0.12,0.04,0.0,0.09,0.06,0.12,1.0,0.82,2.0,0.09,16.0,214.0,2021
1.0,1.1,1.1,0,0,1,1.9,12.0,0,0,13.0,0.17,0.32,0.32,0.17,1.0,0.0,0.0,0.17,3.0,2.15,1.0,0.0,1.0,45.0,2122
1.0,1.9,1.9,1,1,8,4.8,30.0,1,2,26.0,0.08,0.19,0.19,0.08,4.0,0.08,0.04,0.32,6.0,1.05,2.0,0.08,9.0,94.0,2324
0.0,7.0,4.6,7,7,13,9.3,58.0,5,9,51.0,0.31,0.51,0.41,0.2,0.0,0.4,0.31,0.58,4.0,2.26,5.0,0.31,30.0,114.0,1819
0.0,2.3,2.3,2,2,11,6.1,47.0,2,6,33.0,0.12,0.32,0.32,0.12,1.0,0.32,0.11,0.58,5.0,1.74,5.0,0.32,25.0,131.0,2021
1.0,0.9,0.9,0,0,4,3.1,52.0,0,5,18.0,0.05,0.18,0.18,0.05,0.0,0.29,0.0,0.23,1.0,1.06,3.0,0.29,9.0,121.0,1819
1.0,0.4,0.4,1,1,2,0.8,22.0,1,1,7.0,0.03,0.06,0.06,0.03,2.0,0.08,0.08,0.16,1.0,0.54,1.0,0.08,5.0,70.0,1920
0.0,0.8,0.8,1,1,5,3.2,47.0,1,3,15.0,0.03,0.14,0.14,0.03,2.0,0.13,0.04,0.22,1.0,0.65,2.0,0.13,9.0,142.0,2021
0.0,0.5,0.5,0,0,2,2.7,41.0,0,2,10.0,0.02,0.12,0.12,0.02,0.0,0.09,0.0,0.09,2.0,0.45,0.0,0.09,7.0,103.0,2122
0.0,5.0,5.0,6,6,14,11.2,77.0,6,10,49.0,0.28,0.62,0.62,0.28,0.0,0.55,0.33,0.77,3.0,2.69,4.0,0.55,13.0,144.0,1819
13.0,5.7,5.7,9,9,17,8.7,67.0,9,14,43.0,0.34,0.51,0.51,0.34,10.0,0.82,0.53,1.0,1.0,2.53,4.0,0.82,12.0,96.0,1920
5.0,10.9,10.1,13,13,33,17.7,140.0,12,23,81.0,0.37,0.63,0.6,0.34,6.0,0.75,0.43,1.08,10.0,2.66,8.0,0.72,41.0,225.0,2021
3.0,3.9,3.9,5,5,16,9.0,66.0,5,11,55.0,0.14,0.33,0.33,0.14,2.0,0.4,0.18,0.58,5.0,1.98,9.0,0.4,15.0,139.0,2122
2.0,2.8,2.8,3,3,6,4.9,38.0,3,5,35.0,0.13,0.22,0.22,0.13,8.0,0.23,0.14,0.27,0.0,1.59,5.0,0.23,10.0,74.0,2223
1.0,3.6,3.6,2,2,6,8.1,64.0,2,10,39.0,0.12,0.26,0.26,0.12,4.0,0.32,0.06,0.19,3.0,1.26,2.0,0.32,13.0,127.0,2324
0.0,0.3,0.3,1,1,3,0.8,12.0,1,1,8.0,0.05,0.11,0.11,0.05,0.0,0.15,0.15,0.44,0.0,1.19,0.0,0.15,2.0,33.0,2324
7.0,1.3,1.3,0,0,8,3.7,24.0,0,4,35.0,0.05,0.14,0.14,0.05,3.0,0.15,0.0,0.3,4.0,1.3,1.0,0.15,7.0,62.0,1920
0.0,3.4,2.6,7,7,8,5.3,26.0,6,10,32.0,0.14,0.25,0.22,0.11,0.0,0.41,0.29,0.33,1.0,1.32,5.0,0.37,4.0,85.0,2021
3.0,0.6,0.6,0,0,4,0.9,13.0,0,0,10.0,0.08,0.11,0.11,0.08,3.0,0.0,0.0,0.53,2.0,1.32,0.0,0.0,4.0,20.0,2122
0.0,0.2,0.2,0,0,1,0.2,2.0,0,0,4.0,0.03,0.04,0.04,0.03,0.0,0.0,0.0,0.2,0.0,0.79,1.0,0.0,0.0,4.0,2021
3.0,2.2,2.2,3,3,9,4.1,27.0,3,5,16.0,0.11,0.21,0.21,0.11,2.0,0.26,0.16,0.47,6.0,0.83,0.0,0.26,4.0,70.0,2021
1.0,1.1,1.1,3,3,5,3.8,39.0,3,5,16.0,0.06,0.21,0.21,0.06,2.0,0.28,0.17,0.28,4.0,0.89,2.0,0.28,10.0,101.0,2122
2.0,0.9,0.9,1,1,9,2.8,25.0,1,3,21.0,0.04,0.14,0.14,0.04,0.0,0.14,0.05,0.43,0.0,1.01,1.0,0.14,7.0,55.0,2223
2.0,3.3,3.3,2,2,6,5.1,45.0,2,2,29.0,0.19,0.29,0.29,0.19,3.0,0.11,0.11,0.33,1.0,1.62,5.0,0.11,8.0,58.0,2324
0.0,0.1,0.1,0,0,1,0.5,7.0,0,0,2.0,0.02,0.07,0.07,0.02,0.0,0.0,0.0,0.13,0.0,0.26,0.0,0.0,1.0,28.0,1920
0.0,0.8,0.8,1,1,7,2.9,11.0,1,2,21.0,0.03,0.1,0.1,0.03,2.0,0.07,0.04,0.25,3.0,0.74,1.0,0.07,2.0,29.0,2223
1.0,0.9,0.9,0,0,4,2.9,18.0,0,2,18.0,0.04,0.12,0.12,0.04,0.0,0.08,0.0,0.16,2.0,0.73,4.0,0.08,2.0,32.0,2324
0.0,0.4,0.4,1,1,3,3.3,28.0,1,5,6.0,0.01,0.12,0.12,0.01,0.0,0.19,0.04,0.11,1.0,0.23,2.0,0.19,3.0,111.0,1819
5.0,9.3,9.3,11,11,27,14.1,129.0,11,14,59.0,0.43,0.65,0.65,0.43,5.0,0.64,0.5,1.24,11.0,2.7,6.0,0.64,43.0,256.0,2021
3.0,5.9,5.7,5,5,19,7.9,85.0,5,10,50.0,0.33,0.45,0.44,0.32,3.0,0.56,0.28,1.06,14.0,2.79,3.0,0.56,31.0,179.0,2122
3.0,6.8,6.8,7,7,22,11.5,106.0,7,14,71.0,0.2,0.34,0.34,0.2,4.0,0.41,0.21,0.65,11.0,2.09,11.0,0.41,28.0,163.0,1819
7.0,3.7,3.7,3,3,18,6.0,72.0,3,7,46.0,0.17,0.27,0.27,0.17,3.0,0.32,0.14,0.83,2.0,2.12,7.0,0.32,28.0,127.0,1920
6.0,9.9,8.3,7,7,25,12.3,119.0,5,10,68.0,0.5,0.7,0.62,0.42,4.0,0.51,0.35,1.26,3.0,3.44,7.0,0.4,33.0,172.0,2021
1.0,6.3,6.3,6,6,24,10.8,108.0,6,10,76.0,0.22,0.39,0.39,0.22,1.0,0.36,0.22,0.86,3.0,2.73,9.0,0.36,26.0,169.0,2122
4.0,1.4,1.4,1,1,6,2.6,28.0,1,2,14.0,0.25,0.44,0.44,0.25,0.0,0.34,0.17,1.03,0.0,2.4,3.0,0.34,4.0,36.0,2223
1.0,0.4,0.4,0,0,1,1.0,11.0,0,0,7.0,0.09,0.22,0.22,0.09,1.0,0.0,0.0,0.22,0.0,1.51,0.0,0.0,0.0,18.0,1819
1.0,3.5,3.5,7,7,15,4.2,60.0,7,8,31.0,0.17,0.2,0.2,0.17,1.0,0.39,0.34,0.74,7.0,1.52,1.0,0.39,8.0,87.0,2122
13.0,4.4,3.6,1,1,9,4.7,73.0,1,2,32.0,0.29,0.36,0.31,0.23,2.0,0.13,0.06,0.58,3.0,2.08,0.0,0.13,6.0,67.0,2223
11.0,11.5,11.5,13,13,29,12.9,123.0,13,15,66.0,0.35,0.39,0.39,0.35,2.0,0.45,0.39,0.88,17.0,2.0,5.0,0.45,13.0,157.0,2324
3.0,6.5,4.8,10,10,16,6.3,66.0,9,13,29.0,0.46,0.57,0.44,0.34,4.0,0.92,0.71,1.13,12.0,2.05,3.0,0.85,19.0,87.0,2122
0.0,3.7,3.7,3,3,12,5.3,63.0,3,7,34.0,0.29,0.42,0.42,0.29,0.0,0.55,0.23,0.94,7.0,2.65,2.0,0.55,7.0,84.0,2223
15.0,2.4,2.4,4,4,9,4.1,56.0,4,6,30.0,0.3,0.51,0.51,0.3,8.0,0.75,0.5,1.13,6.0,3.77,3.0,0.75,9.0,60.0,2324
1.0,0.7,0.7,1,1,1,0.8,9.0,1,1,7.0,0.03,0.04,0.04,0.03,0.0,0.05,0.05,0.05,1.0,0.32,1.0,0.05,0.0,1.0,2021
1.0,0.4,0.4,1,1,2,0.8,10.0,1,1,7.0,0.02,0.03,0.03,0.02,4.0,0.04,0.04,0.08,2.0,0.27,1.0,0.04,2.0,19.0,2122
1.0,1.1,0.3,1,1,1,1.9,6.0,0,5,3.0,0.06,0.15,0.1,0.02,0.0,0.28,0.06,0.06,0.0,0.17,0.0,0.22,0.0,20.0,2223
0.0,0.2,0.2,1,1,2,0.6,5.0,1,1,3.0,0.01,0.04,0.04,0.01,0.0,0.07,0.07,0.14,0.0,0.21,0.0,0.07,0.0,10.0,2324
0.0,0.3,0.3,0,0,1,0.7,3.0,0,0,9.0,0.04,0.1,0.1,0.04,1.0,0.0,0.0,0.15,0.0,1.34,0.0,0.0,1.0,1.0,2021
1.0,0.5,0.5,0,0,2,1.4,11.0,0,1,17.0,0.03,0.09,0.09,0.03,2.0,0.06,0.0,0.12,0.0,1.05,2.0,0.06,4.0,15.0,2122
2.0,0.8,0.8,1,1,6,1.5,10.0,1,3,17.0,0.05,0.08,0.08,0.05,0.0,0.16,0.05,0.32,0.0,0.91,2.0,0.16,1.0,27.0,2223
1.0,2.4,2.4,2,2,10,4.3,23.0,2,2,36.0,0.09,0.16,0.16,0.09,0.0,0.08,0.08,0.38,2.0,1.38,6.0,0.08,5.0,61.0,2324
3.0,0.5,0.5,0,0,3,1.3,13.0,0,1,6.0,0.02,0.06,0.06,0.02,1.0,0.05,0.0,0.14,3.0,0.27,0.0,0.05,1.0,110.0,1920
1.0,2.6,2.6,3,3,11,5.6,36.0,3,4,20.0,0.09,0.19,0.19,0.09,1.0,0.14,0.1,0.38,6.0,0.69,2.0,0.14,7.0,153.0,2021
1.0,1.0,1.0,1,1,2,1.2,7.0,1,1,2.0,0.63,0.78,0.78,0.63,0.0,0.66,0.66,1.32,1.0,1.32,0.0,0.66,1.0,19.0,2122
0.0,0.9,0.9,1,1,2,0.9,11.0,1,1,3.0,0.43,0.45,0.45,0.43,0.0,0.49,0.49,0.98,4.0,1.47,0.0,0.49,3.0,20.0,2223
0.0,0.3,0.3,0,0,1,1.9,8.0,0,1,8.0,0.04,0.24,0.24,0.04,0.0,0.12,0.0,0.12,0.0,1.0,0.0,0.12,2.0,13.0,2324
4.0,1.0,1.0,1,1,4,2.6,32.0,1,2,12.0,0.12,0.3,0.3,0.12,3.0,0.24,0.12,0.47,1.0,1.42,0.0,0.24,16.0,80.0,2324
5.0,1.8,1.8,0,0,5,2.3,27.0,0,1,10.0,0.35,0.46,0.46,0.35,1.0,0.2,0.0,0.98,2.0,1.96,1.0,0.2,7.0,40.0,2021
12.0,2.9,2.9,3,3,7,4.0,38.0,3,4,18.0,0.23,0.32,0.32,0.23,3.0,0.32,0.24,0.56,1.0,1.43,1.0,0.32,7.0,60.0,2223
2.0,7.7,6.9,12,12,17,9.9,103.0,11,15,44.0,0.33,0.45,0.42,0.29,0.0,0.64,0.51,0.72,15.0,1.87,6.0,0.59,24.0,120.0,2324
11.0,12.6,10.3,12,12,27,13.0,114.0,9,15,73.0,0.45,0.55,0.47,0.37,2.0,0.54,0.43,0.97,18.0,2.62,10.0,0.43,29.0,174.0,2021
0.0,0.2,0.2,0,0,1,0.7,4.0,0,0,3.0,0.02,0.1,0.1,0.02,0.0,0.0,0.0,0.13,0.0,0.39,2.0,0.0,0.0,1.0,2021
0.0,0.3,0.3,0,0,1,1.0,5.0,0,1,7.0,0.04,0.13,0.13,0.04,0.0,0.13,0.0,0.13,1.0,0.92,3.0,0.13,1.0,7.0,2021
0.0,2.2,2.2,3,3,6,2.8,44.0,3,6,16.0,0.17,0.22,0.22,0.17,0.0,0.47,0.23,0.47,3.0,1.25,1.0,0.47,13.0,84.0,2021
0.0,0.9,0.9,2,2,5,3.9,35.0,2,7,12.0,0.04,0.16,0.16,0.04,2.0,0.29,0.08,0.21,4.0,0.5,1.0,0.29,13.0,102.0,2122
14.0,11.9,7.9,20,20,27,14.6,114.0,15,26,64.0,0.48,0.74,0.58,0.32,3.0,1.04,0.8,1.08,7.0,2.56,5.0,0.84,28.0,201.0,1819
12.0,14.1,10.2,18,18,36,16.1,194.0,15,23,85.0,0.41,0.58,0.47,0.3,3.0,0.67,0.52,1.05,20.0,2.48,11.0,0.58,54.0,296.0,2122
9.0,11.0,8.7,12,12,29,14.3,145.0,10,15,75.0,0.35,0.52,0.45,0.27,10.0,0.47,0.38,0.91,12.0,2.35,8.0,0.41,30.0,239.0,2223
10.0,11.5,7.5,9,9,23,17.6,137.0,6,19,74.0,0.38,0.72,0.59,0.25,5.0,0.63,0.3,0.76,12.0,2.46,8.0,0.53,25.0,202.0,2324
2.0,5.3,5.3,6,6,20,8.8,93.0,6,10,57.0,0.3,0.49,0.49,0.3,1.0,0.56,0.33,1.12,7.0,3.18,5.0,0.56,28.0,168.0,1819
0.0,2.9,0.6,2,2,2,1.3,19.0,0,3,12.0,0.51,0.63,0.23,0.1,0.0,0.52,0.35,0.35,3.0,2.08,1.0,0.17,6.0,45.0,1920
1.0,0.1,0.1,0,0,2,0.2,4.0,0,0,3.0,0.13,0.19,0.19,0.13,1.0,0.0,0.0,1.76,0.0,2.65,0.0,0.0,1.0,13.0,1920
1.0,0.9,0.9,2,2,4,2.3,23.0,2,4,11.0,0.07,0.17,0.17,0.07,2.0,0.28,0.14,0.28,0.0,0.78,0.0,0.28,8.0,49.0,2324
0.0,3.3,2.5,3,3,10,4.6,29.0,3,5,41.0,0.21,0.34,0.29,0.16,2.0,0.31,0.19,0.62,0.0,2.55,3.0,0.31,3.0,73.0,1819
0.0,0.4,0.4,0,0,3,1.8,13.0,0,2,9.0,0.07,0.28,0.28,0.07,0.0,0.31,0.0,0.47,0.0,1.4,0.0,0.31,3.0,60.0,1819
0.0,1.2,1.2,0,0,4,3.1,18.0,0,0,14.0,0.15,0.4,0.4,0.15,1.0,0.0,0.0,0.52,5.0,1.81,1.0,0.0,4.0,53.0,1920
0.0,0.4,0.4,0,0,2,0.5,5.0,0,0,9.0,0.05,0.06,0.06,0.05,0.0,0.0,0.0,0.24,1.0,1.06,1.0,0.0,0.0,13.0,1819
0.0,0.7,0.7,0,0,1,0.8,8.0,0,0,5.0,0.08,0.09,0.09,0.08,0.0,0.0,0.0,0.12,0.0,0.58,1.0,0.0,1.0,10.0,1920
1.0,1.5,1.5,0,0,5,1.7,12.0,0,0,15.0,0.09,0.1,0.1,0.09,0.0,0.0,0.0,0.3,0.0,0.9,2.0,0.0,3.0,14.0,2021
0.0,0.2,0.2,0,0,1,0.2,1.0,0,0,1.0,0.14,0.14,0.14,0.14,0.0,0.0,0.0,0.69,0.0,0.69,0.0,0.0,0.0,6.0,2223
1.0,3.1,3.1,4,4,9,3.6,18.0,4,5,17.0,0.54,0.62,0.62,0.54,1.0,0.86,0.69,1.55,1.0,2.92,3.0,0.86,2.0,61.0,2324
1.0,1.0,1.0,1,1,5,2.4,17.0,1,3,20.0,0.05,0.13,0.13,0.05,3.0,0.17,0.06,0.28,0.0,1.13,2.0,0.17,2.0,23.0,1718
0.0,2.3,2.3,1,1,6,4.1,27.0,1,4,37.0,0.09,0.15,0.15,0.09,1.0,0.15,0.04,0.22,2.0,1.35,5.0,0.15,0.0,36.0,1819
2.0,0.8,0.8,2,2,3,0.9,7.0,2,2,13.0,0.05,0.06,0.06,0.05,0.0,0.13,0.13,0.2,1.0,0.87,1.0,0.13,1.0,14.0,2324
0.0,0.2,0.2,0,0,2,0.9,4.0,0,1,5.0,0.01,0.05,0.05,0.01,0.0,0.06,0.0,0.12,0.0,0.29,0.0,0.06,1.0,18.0,1920
0.0,0.4,0.4,0,0,4,1.5,10.0,0,2,8.0,0.04,0.13,0.13,0.04,0.0,0.18,0.0,0.35,0.0,0.7,0.0,0.18,1.0,20.0,2122
0.0,1.7,1.7,1,1,3,2.0,22.0,1,2,13.0,0.06,0.08,0.08,0.06,0.0,0.07,0.04,0.11,0.0,0.48,2.0,0.07,1.0,5.0,1819
0.0,0.7,0.7,1,1,2,0.7,9.0,1,1,4.0,0.09,0.09,0.09,0.09,0.0,0.13,0.13,0.26,0.0,0.52,0.0,0.13,0.0,1.0,2021
0.0,1.1,1.1,0,0,3,1.3,22.0,0,0,11.0,0.07,0.08,0.08,0.07,0.0,0.0,0.0,0.17,1.0,0.64,2.0,0.0,0.0,5.0,2223
1.0,0.7,0.7,0,0,2,1.1,16.0,0,0,11.0,0.04,0.06,0.06,0.04,2.0,0.0,0.0,0.11,0.0,0.63,0.0,0.0,0.0,3.0,2324
7.0,2.7,2.7,5,5,8,4.5,27.0,5,6,15.0,0.34,0.55,0.55,0.34,1.0,0.74,0.61,0.98,5.0,1.84,3.0,0.74,5.0,51.0,2122
0.0,5.6,3.2,7,7,13,4.3,68.0,5,8,28.0,0.32,0.38,0.24,0.18,0.0,0.46,0.4,0.74,14.0,1.6,3.0,0.34,10.0,109.0,2223
0.0,2.7,2.7,2,2,3,2.9,16.0,2,2,13.0,0.12,0.13,0.13,0.12,3.0,0.09,0.09,0.13,1.0,0.58,2.0,0.09,0.0,20.0,1819
1.0,0.7,0.7,0,0,1,1.8,13.0,0,3,6.0,0.04,0.11,0.11,0.04,0.0,0.18,0.0,0.06,2.0,0.36,1.0,0.18,0.0,27.0,1920
0.0,0.6,0.0,1,1,1,0.0,3.0,1,1,1.0,0.12,0.13,0.01,0.0,0.0,0.21,0.21,0.21,1.0,0.21,0.0,0.21,0.0,4.0,2021
6.0,2.5,1.7,3,3,11,2.0,20.0,2,3,29.0,0.24,0.26,0.19,0.16,0.0,0.28,0.28,1.04,2.0,2.74,1.0,0.19,4.0,72.0,1920
3.0,3.5,2.7,6,6,8,2.8,32.0,5,6,22.0,0.47,0.49,0.38,0.37,1.0,0.81,0.81,1.09,3.0,2.99,3.0,0.68,3.0,44.0,2021
2.0,3.7,2.9,3,3,9,4.2,58.0,2,4,42.0,0.21,0.28,0.24,0.17,0.0,0.23,0.17,0.51,11.0,2.39,4.0,0.17,8.0,89.0,2122
3.0,3.4,3.4,2,2,11,3.9,40.0,2,2,26.0,0.27,0.31,0.31,0.27,1.0,0.16,0.16,0.87,2.0,2.06,0.0,0.16,4.0,57.0,2223
0.0,0.8,0.8,0,0,1,1.8,21.0,0,1,16.0,0.05,0.1,0.1,0.05,0.0,0.06,0.0,0.06,1.0,0.9,1.0,0.06,3.0,48.0,1920
2.0,2.0,2.0,0,0,3,2.3,26.0,0,0,25.0,0.07,0.08,0.08,0.07,5.0,0.0,0.0,0.1,0.0,0.87,2.0,0.0,3.0,51.0,2021
0.0,2.6,2.6,2,2,6,6.8,62.0,2,7,26.0,0.1,0.27,0.27,0.1,2.0,0.27,0.08,0.23,0.0,1.02,2.0,0.27,5.0,103.0,2122
0.0,0.7,0.7,0,0,3,1.6,28.0,0,2,13.0,0.05,0.11,0.11,0.05,1.0,0.14,0.0,0.21,2.0,0.89,2.0,0.14,1.0,41.0,2223
2.0,1.0,1.0,0,0,3,2.6,29.0,0,1,14.0,0.05,0.14,0.14,0.05,1.0,0.05,0.0,0.16,0.0,0.77,2.0,0.05,1.0,18.0,2324
0.0,0.8,0.8,0,0,5,3.6,21.0,0,2,15.0,0.13,0.58,0.58,0.13,1.0,0.33,0.0,0.82,3.0,2.45,5.0,0.33,6.0,65.0,1819
0.0,1.4,1.4,1,1,8,2.0,8.0,1,1,23.0,0.06,0.09,0.09,0.06,0.0,0.05,0.05,0.37,0.0,1.07,4.0,0.05,0.0,6.0,2122
0.0,0.6,0.6,0,0,2,0.8,8.0,0,0,12.0,0.03,0.04,0.04,0.03,0.0,0.0,0.0,0.11,0.0,0.63,1.0,0.0,0.0,8.0,2223
1.0,0.6,0.6,0,0,4,1.4,18.0,0,2,19.0,0.02,0.05,0.05,0.02,2.0,0.06,0.0,0.13,0.0,0.61,4.0,0.06,5.0,30.0,1819
2.0,1.3,1.3,1,1,3,4.0,22.0,1,3,11.0,0.07,0.22,0.22,0.07,1.0,0.16,0.05,0.16,1.0,0.6,0.0,0.16,6.0,27.0,1920
3.0,0.8,0.8,2,2,7,1.7,14.0,2,3,19.0,0.05,0.1,0.1,0.05,1.0,0.17,0.11,0.4,0.0,1.08,0.0,0.17,4.0,30.0,2021
0.0,1.4,1.4,3,3,7,3.1,16.0,3,4,24.0,0.08,0.17,0.17,0.08,1.0,0.22,0.16,0.38,1.0,1.32,2.0,0.22,0.0,35.0,2122
4.0,0.7,0.7,0,0,6,1.8,11.0,0,1,15.0,0.03,0.06,0.06,0.03,0.0,0.03,0.0,0.21,0.0,0.52,2.0,0.03,3.0,19.0,2223
0.0,1.3,1.3,4,4,7,2.4,21.0,4,4,26.0,0.06,0.12,0.12,0.06,3.0,0.19,0.19,0.33,0.0,1.24,5.0,0.19,2.0,41.0,2324
0.0,0.9,0.9,1,1,7,1.9,23.0,1,1,21.0,0.04,0.08,0.08,0.04,2.0,0.04,0.04,0.29,2.0,0.88,1.0,0.04,6.0,100.0,2223
0.0,0.6,0.6,0,0,6,1.3,8.0,0,2,15.0,0.04,0.08,0.08,0.04,1.0,0.13,0.0,0.38,1.0,0.96,1.0,0.13,2.0,48.0,2324
0.0,5.9,5.9,4,4,18,8.1,101.0,4,8,57.0,0.24,0.34,0.34,0.24,0.0,0.33,0.17,0.74,22.0,2.36,4.0,0.33,20.0,165.0,1819
3.0,0.9,0.9,1,1,4,1.2,18.0,1,1,10.0,0.24,0.32,0.32,0.24,1.0,0.26,0.26,1.06,3.0,2.64,1.0,0.26,4.0,22.0,1920
4.0,2.5,2.5,3,3,7,3.4,43.0,3,4,17.0,0.3,0.41,0.41,0.3,4.0,0.48,0.36,0.84,7.0,2.03,0.0,0.48,15.0,62.0,2021
0.0,3.8,3.0,4,4,12,5.0,60.0,3,8,31.0,0.29,0.44,0.38,0.23,0.0,0.6,0.3,0.9,9.0,2.32,4.0,0.52,11.0,68.0,2122
3.0,2.9,2.9,2,2,10,3.9,61.0,2,2,27.0,0.25,0.34,0.34,0.25,1.0,0.17,0.17,0.87,2.0,2.35,4.0,0.17,17.0,74.0,1819
7.0,1.9,1.9,3,3,5,2.8,40.0,3,4,17.0,0.14,0.2,0.2,0.14,0.0,0.29,0.22,0.36,3.0,1.23,0.0,0.29,19.0,150.0,1920
5.0,7.8,7.8,7,7,18,9.1,76.0,7,7,40.0,0.54,0.63,0.63,0.54,1.0,0.48,0.48,1.24,11.0,2.76,3.0,0.48,16.0,107.0,2021
0.0,4.2,4.2,5,5,10,5.3,50.0,5,6,31.0,0.37,0.47,0.47,0.37,0.0,0.53,0.44,0.88,10.0,2.72,4.0,0.53,7.0,77.0,2122
0.0,3.7,3.7,5,5,14,5.4,80.0,5,8,33.0,0.22,0.32,0.32,0.22,0.0,0.47,0.3,0.83,8.0,1.95,5.0,0.47,10.0,101.0,2223
0.0,0.1,0.1,0,0,1,1.1,8.0,0,1,4.0,0.01,0.08,0.08,0.01,0.0,0.07,0.0,0.07,0.0,0.27,0.0,0.07,3.0,19.0,1920
0.0,0.3,0.3,0,0,1,0.4,4.0,0,0,1.0,0.02,0.03,0.03,0.02,0.0,0.0,0.0,0.08,1.0,0.08,0.0,0.0,0.0,12.0,2021
0.0,0.4,0.4,0,0,1,1.4,15.0,0,0,7.0,0.02,0.05,0.05,0.02,0.0,0.0,0.0,0.04,0.0,0.28,2.0,0.0,0.0,1.0,2122
0.0,0.2,0.2,0,0,1,0.7,8.0,0,0,4.0,0.04,0.14,0.14,0.04,0.0,0.0,0.0,0.2,0.0,0.79,0.0,0.0,1.0,23.0,2223
0.0,0.5,0.5,0,0,4,1.6,4.0,0,1,15.0,0.02,0.05,0.05,0.02,1.0,0.04,0.0,0.14,0.0,0.53,0.0,0.04,0.0,12.0,1819
1.0,0.4,0.4,0,0,1,0.7,5.0,0,1,14.0,0.01,0.02,0.02,0.01,1.0,0.03,0.0,0.03,0.0,0.48,1.0,0.03,1.0,7.0,1920
0.0,1.3,1.3,1,1,3,1.9,10.0,1,2,9.0,0.06,0.09,0.09,0.06,1.0,0.09,0.05,0.14,2.0,0.41,0.0,0.09,0.0,3.0,2021
1.0,0.6,0.6,0,0,2,1.6,12.0,0,1,9.0,0.03,0.09,0.09,0.03,1.0,0.05,0.0,0.11,1.0,0.49,1.0,0.05,0.0,3.0,2122
0.0,0.9,0.9,1,1,1,1.3,10.0,1,2,6.0,0.03,0.04,0.04,0.03,2.0,0.07,0.04,0.04,1.0,0.21,0.0,0.07,1.0,4.0,2223
9.0,4.5,4.5,6,6,17,8.2,87.0,6,7,35.0,0.19,0.35,0.35,0.19,7.0,0.3,0.26,0.73,6.0,1.5,6.0,0.3,30.0,182.0,1920
7.0,9.9,9.9,9,9,19,14.8,134.0,9,16,48.0,0.4,0.61,0.61,0.4,2.0,0.65,0.37,0.78,4.0,1.96,3.0,0.65,31.0,225.0,2021
7.0,9.4,9.4,7,7,14,11.0,102.0,7,9,46.0,0.41,0.47,0.47,0.41,0.0,0.39,0.3,0.6,11.0,1.98,6.0,0.39,17.0,166.0,2122
7.0,4.6,3.8,7,7,13,4.8,69.0,6,7,28.0,0.29,0.36,0.31,0.24,5.0,0.44,0.44,0.83,8.0,1.78,1.0,0.38,15.0,116.0,2223
0.0,4.9,4.9,7,7,14,7.5,76.0,7,12,38.0,0.27,0.41,0.41,0.27,0.0,0.66,0.39,0.77,7.0,2.09,7.0,0.66,22.0,145.0,2324
0.0,0.6,0.6,0,0,1,1.3,32.0,0,0,13.0,0.08,0.17,0.17,0.08,1.0,0.0,0.0,0.13,2.0,1.65,2.0,0.0,7.0,41.0,1718
0.0,0.8,0.7,0,0,1,1.5,15.0,0,1,6.0,0.16,0.33,0.3,0.13,0.0,0.2,0.0,0.2,4.0,1.22,1.0,0.2,4.0,38.0,1819
1.0,0.5,0.5,0,0,1,0.8,6.0,0,0,5.0,0.13,0.21,0.21,0.13,0.0,0.0,0.0,0.27,0.0,1.34,1.0,0.0,1.0,16.0,2425
5.0,7.1,6.3,7,7,11,9.6,44.0,6,10,24.0,0.27,0.39,0.36,0.24,2.0,0.38,0.26,0.42,1.0,0.91,2.0,0.34,4.0,108.0,1819
5.0,3.7,3.7,5,5,13,6.3,67.0,5,7,27.0,0.14,0.24,0.24,0.14,3.0,0.26,0.19,0.49,2.0,1.02,3.0,0.26,16.0,124.0,1920
4.0,4.5,4.5,5,5,9,7.9,39.0,5,8,23.0,0.21,0.37,0.37,0.21,10.0,0.37,0.23,0.42,2.0,1.07,2.0,0.37,13.0,133.0,2021
0.0,5.8,3.4,4,4,17,12.8,70.0,3,14,38.0,0.19,0.49,0.41,0.11,3.0,0.45,0.13,0.55,5.0,1.23,3.0,0.42,18.0,161.0,2122
2.0,3.0,3.0,0,0,7,6.9,40.0,0,3,28.0,0.16,0.37,0.37,0.16,0.0,0.16,0.0,0.37,1.0,1.49,2.0,0.16,9.0,103.0,2223
0.0,1.1,1.1,4,4,6,1.2,28.0,4,4,23.0,0.05,0.06,0.06,0.05,1.0,0.19,0.19,0.29,0.0,1.12,3.0,0.19,3.0,23.0,2324
0.0,0.7,0.7,0,0,5,0.8,16.0,0,0,14.0,0.07,0.09,0.09,0.07,0.0,0.0,0.0,0.55,0.0,1.54,0.0,0.0,3.0,13.0,2122
0.0,1.2,1.2,0,0,5,2.2,15.0,0,2,21.0,0.11,0.19,0.19,0.11,2.0,0.18,0.0,0.45,0.0,1.87,1.0,0.18,2.0,30.0,2223
1.0,0.3,0.3,0,0,1,0.9,14.0,0,2,4.0,0.05,0.14,0.14,0.05,1.0,0.3,0.0,0.15,1.0,0.6,1.0,0.3,2.0,19.0,2324
0.0,0.3,0.3,0,0,1,1.2,6.0,0,0,6.0,0.02,0.07,0.07,0.02,0.0,0.0,0.0,0.06,0.0,0.34,0.0,0.0,0.0,12.0,2223
1.0,3.2,3.2,2,2,7,5.7,70.0,2,4,30.0,0.19,0.34,0.34,0.19,0.0,0.24,0.12,0.42,4.0,1.79,2.0,0.24,27.0,160.0,2324
1.0,4.7,4.7,2,2,9,6.0,42.0,2,4,25.0,0.6,0.76,0.76,0.6,0.0,0.51,0.26,1.16,5.0,3.21,3.0,0.51,1.0,44.0,2021
2.0,0.8,0.8,1,1,1,1.7,8.0,1,1,5.0,0.38,0.8,0.8,0.38,1.0,0.48,0.48,0.48,2.0,2.39,0.0,0.48,0.0,18.0,2122
9.0,4.5,4.5,3,3,9,7.1,73.0,3,6,35.0,0.25,0.39,0.39,0.25,0.0,0.33,0.17,0.5,4.0,1.95,4.0,0.33,15.0,152.0,2324
7.0,1.7,1.7,2,2,14,5.9,29.0,2,4,35.0,0.08,0.27,0.27,0.08,2.0,0.18,0.09,0.63,0.0,1.57,1.0,0.18,3.0,103.0,1920
0.0,5.8,1.9,7,7,9,3.7,26.0,2,9,31.0,0.22,0.29,0.14,0.07,0.0,0.34,0.26,0.34,2.0,1.17,5.0,0.15,5.0,77.0,2021
8.0,5.5,5.5,6,6,14,7.8,76.0,6,9,50.0,0.34,0.48,0.48,0.34,1.0,0.56,0.37,0.87,3.0,3.1,3.0,0.56,11.0,134.0,1920
4.0,7.7,7.7,8,8,18,8.8,113.0,8,9,55.0,0.34,0.39,0.39,0.34,2.0,0.4,0.35,0.8,16.0,2.44,4.0,0.4,23.0,164.0,2021
0.0,2.9,2.9,4,4,12,4.5,61.0,4,6,26.0,0.19,0.3,0.3,0.19,0.0,0.4,0.27,0.81,10.0,1.75,1.0,0.4,11.0,97.0,2122
1.0,0.2,0.2,0,0,2,0.5,12.0,0,0,4.0,0.07,0.18,0.18,0.07,0.0,0.0,0.0,0.77,5.0,1.55,1.0,0.0,2.0,14.0,2223
0.0,0.4,0.4,0,0,4,0.9,13.0,0,1,11.0,0.02,0.05,0.05,0.02,1.0,0.06,0.0,0.23,1.0,0.64,4.0,0.06,5.0,32.0,2122
0.0,0.2,0.2,0,0,1,1.6,12.0,0,1,7.0,0.01,0.06,0.06,0.01,0.0,0.04,0.0,0.04,2.0,0.29,1.0,0.04,3.0,62.0,2223
1.0,0.9,0.9,1,1,5,3.2,25.0,1,5,22.0,0.05,0.16,0.16,0.05,2.0,0.24,0.05,0.24,0.0,1.07,0.0,0.24,4.0,38.0,1819
0.0,1.2,1.2,1,1,3,3.5,29.0,1,3,18.0,0.05,0.14,0.14,0.05,0.0,0.12,0.04,0.12,2.0,0.73,2.0,0.12,6.0,30.0,1920
1.0,0.7,0.7,0,0,2,1.0,15.0,0,0,16.0,0.03,0.04,0.04,0.03,0.0,0.0,0.0,0.09,1.0,0.74,1.0,0.0,0.0,20.0,2021
1.0,0.7,0.7,0,0,2,1.2,9.0,0,1,4.0,0.34,0.57,0.57,0.34,3.0,0.46,0.0,0.92,1.0,1.84,0.0,0.46,6.0,30.0,2021
1.0,7.0,7.0,8,8,21,8.7,64.0,8,8,55.0,0.3,0.37,0.37,0.3,1.0,0.34,0.34,0.9,13.0,2.36,7.0,0.34,22.0,179.0,1718
4.0,7.7,5.3,9,9,22,10.5,65.0,8,14,91.0,0.23,0.39,0.32,0.16,1.0,0.42,0.27,0.67,9.0,2.76,8.0,0.39,9.0,181.0,2223
4.0,5.9,4.4,4,4,31,6.3,55.0,2,5,70.0,0.19,0.25,0.2,0.14,4.0,0.16,0.13,1.0,10.0,2.26,9.0,0.1,7.0,152.0,2324
1.0,0.5,0.5,0,0,1,2.6,24.0,0,1,8.0,0.09,0.48,0.48,0.09,1.0,0.18,0.0,0.18,6.0,1.46,1.0,0.18,13.0,32.0,1718
1.0,2.1,2.1,2,2,12,5.4,53.0,2,8,25.0,0.21,0.53,0.53,0.21,6.0,0.79,0.2,1.19,5.0,2.47,3.0,0.79,7.0,84.0,2122
1.0,3.3,3.3,1,1,5,7.3,101.0,1,7,35.0,0.17,0.36,0.36,0.17,1.0,0.35,0.05,0.25,11.0,1.74,3.0,0.35,13.0,200.0,2223
0.0,0.2,0.2,0,0,2,0.3,8.0,0,1,4.0,0.02,0.03,0.03,0.02,0.0,0.1,0.0,0.19,2.0,0.38,0.0,0.1,1.0,0.0,2324
0.0,0.4,0.4,0,0,1,0.4,6.0,0,0,4.0,0.04,0.04,0.04,0.04,0.0,0.0,0.0,0.1,0.0,0.42,0.0,0.0,0.0,1.0,2324
1.0,5.1,5.1,3,3,7,7.9,54.0,3,5,25.0,0.38,0.59,0.59,0.38,2.0,0.38,0.23,0.53,4.0,1.89,2.0,0.38,9.0,91.0,1819
0.0,2.1,2.1,1,1,13,3.9,37.0,1,3,23.0,0.16,0.3,0.3,0.16,2.0,0.23,0.08,0.99,7.0,1.75,3.0,0.23,6.0,75.0,1920
1.0,1.5,1.5,0,0,3,3.0,39.0,0,2,20.0,0.15,0.29,0.29,0.15,0.0,0.2,0.0,0.3,0.0,1.98,4.0,0.2,7.0,52.0,2021
0.0,0.7,0.7,1,1,3,2.2,20.0,1,1,9.0,0.2,0.59,0.59,0.2,2.0,0.27,0.27,0.82,0.0,2.45,1.0,0.27,4.0,17.0,2122
8.0,0.4,0.4,0,0,1,2.1,20.0,0,2,4.0,0.05,0.24,0.24,0.05,5.0,0.23,0.0,0.11,6.0,0.45,0.0,0.23,1.0,36.0,2223
9.0,8.3,6.7,8,8,24,13.1,80.0,6,13,62.0,0.32,0.57,0.51,0.26,8.0,0.5,0.31,0.93,3.0,2.4,10.0,0.43,11.0,145.0,2324
0.0,12.3,12.3,16,16,36,17.4,166.0,16,19,88.0,0.59,0.84,0.84,0.59,0.0,0.92,0.77,1.74,22.0,4.25,10.0,0.92,39.0,210.0,1819
0.0,1.3,1.3,0,0,2,1.5,19.0,0,0,10.0,0.43,0.52,0.52,0.43,1.0,0.0,0.0,0.67,5.0,3.35,1.0,0.0,4.0,22.0,1920
5.0,1.5,1.5,0,0,3,2.4,35.0,0,1,12.0,0.23,0.36,0.36,0.23,2.0,0.15,0.0,0.45,5.0,1.81,2.0,0.15,4.0,54.0,2021
0.0,9.0,8.2,9,9,19,12.5,103.0,8,16,52.0,0.63,0.93,0.88,0.57,0.0,1.12,0.63,1.33,13.0,3.64,7.0,1.05,9.0,142.0,1920
1.0,3.7,3.7,3,3,7,5.5,46.0,3,4,18.0,0.57,0.86,0.86,0.57,1.0,0.62,0.47,1.09,6.0,2.8,2.0,0.62,1.0,58.0,2021
1.0,1.9,1.9,1,1,4,2.5,17.0,1,2,12.0,0.29,0.4,0.4,0.29,1.0,0.31,0.16,0.63,11.0,1.88,3.0,0.31,1.0,34.0,2122
0.0,2.4,2.4,1,1,6,4.3,49.0,1,2,22.0,0.13,0.23,0.23,0.13,1.0,0.1,0.05,0.31,3.0,1.15,1.0,0.1,15.0,134.0,2021
1.0,1.0,1.0,0,0,6,2.5,41.0,0,2,14.0,0.08,0.2,0.2,0.08,2.0,0.16,0.0,0.48,1.0,1.13,3.0,0.16,8.0,109.0,2223
0.0,1.3,1.3,1,1,7,3.1,46.0,1,3,21.0,0.08,0.19,0.19,0.08,0.0,0.18,0.06,0.43,3.0,1.29,4.0,0.18,13.0,133.0,2324
8.0,4.8,4.8,5,5,14,7.6,78.0,5,8,41.0,0.23,0.37,0.37,0.23,6.0,0.39,0.24,0.68,20.0,1.99,7.0,0.39,31.0,205.0,1718
5.0,6.0,5.2,8,8,19,11.3,132.0,7,14,53.0,0.19,0.39,0.36,0.17,4.0,0.45,0.26,0.61,10.0,1.71,10.0,0.42,56.0,272.0,1819
3.0,4.8,4.0,5,5,15,6.9,71.0,5,7,39.0,0.23,0.37,0.34,0.19,4.0,0.34,0.24,0.73,12.0,1.89,2.0,0.34,23.0,158.0,2122
8.0,3.2,3.2,3,3,10,5.7,89.0,3,7,25.0,0.2,0.35,0.35,0.2,6.0,0.44,0.19,0.62,7.0,1.55,3.0,0.44,21.0,152.0,2324
0.0,0.3,0.3,1,1,4,1.4,38.0,1,2,7.0,0.01,0.05,0.05,0.01,1.0,0.07,0.04,0.15,3.0,0.26,0.0,0.07,14.0,110.0,2324
1.0,0.6,0.6,0,0,5,3.8,10.0,0,5,19.0,0.02,0.11,0.11,0.02,0.0,0.15,0.0,0.15,0.0,0.58,0.0,0.15,8.0,57.0,1819
0.0,0.7,0.7,1,1,1,2.1,9.0,1,1,15.0,0.03,0.08,0.08,0.03,2.0,0.04,0.04,0.04,0.0,0.54,0.0,0.04,4.0,32.0,1920
2.0,0.9,0.9,0,0,1,1.5,4.0,0,2,12.0,0.06,0.1,0.1,0.06,1.0,0.14,0.0,0.07,0.0,0.81,2.0,0.14,3.0,12.0,2021
2.0,0.7,0.7,2,2,6,2.1,12.0,2,3,16.0,0.04,0.12,0.12,0.04,2.0,0.18,0.12,0.35,0.0,0.94,1.0,0.18,3.0,34.0,2122
2.0,1.0,1.0,2,2,3,4.3,10.0,2,4,16.0,0.04,0.19,0.19,0.04,2.0,0.18,0.09,0.13,1.0,0.72,3.0,0.18,4.0,52.0,2223
0.0,1.7,0.9,2,2,1,3.3,15.0,1,4,11.0,0.13,0.32,0.26,0.07,2.0,0.31,0.16,0.08,1.0,0.86,2.0,0.23,3.0,33.0,2324
0.0,0.3,0.3,1,1,2,0.7,3.0,1,2,9.0,0.01,0.03,0.03,0.01,0.0,0.08,0.04,0.08,0.0,0.35,1.0,0.08,2.0,20.0,2223
0.0,3.6,3.6,3,3,6,3.8,20.0,3,4,15.0,0.12,0.13,0.13,0.12,0.0,0.14,0.1,0.2,2.0,0.51,0.0,0.14,0.0,5.0,1819
2.0,4.0,4.0,4,4,9,5.3,39.0,4,5,25.0,0.11,0.15,0.15,0.11,0.0,0.14,0.11,0.25,0.0,0.7,5.0,0.14,3.0,6.0,2122
2.0,1.5,1.5,3,3,6,2.6,25.0,3,4,15.0,0.05,0.09,0.09,0.05,0.0,0.13,0.1,0.2,1.0,0.49,2.0,0.13,0.0,2.0,1920
0.0,0.5,0.5,2,2,2,0.5,8.0,2,2,3.0,0.03,0.03,0.03,0.03,1.0,0.13,0.13,0.13,1.0,0.2,0.0,0.13,0.0,1.0,2021
0.0,0.3,0.3,1,1,2,0.7,9.0,1,1,3.0,0.01,0.03,0.03,0.01,0.0,0.04,0.04,0.09,3.0,0.13,0.0,0.04,0.0,4.0,2223
0.0,0.3,0.3,0,0,1,0.3,7.0,0,0,5.0,0.02,0.02,0.02,0.02,0.0,0.0,0.0,0.06,0.0,0.32,0.0,0.0,0.0,1.0,2324
1.0,0.3,0.3,0,0,2,2.3,35.0,0,1,7.0,0.01,0.09,0.09,0.01,0.0,0.04,0.0,0.08,4.0,0.28,0.0,0.04,18.0,157.0,2122
0.0,0.9,0.9,1,1,3,1.7,39.0,1,1,8.0,0.07,0.15,0.15,0.07,2.0,0.09,0.09,0.26,2.0,0.7,0.0,0.09,10.0,130.0,2223
0.0,2.0,2.0,2,2,5,3.4,32.0,2,2,16.0,0.09,0.16,0.16,0.09,2.0,0.09,0.09,0.23,3.0,0.72,2.0,0.09,7.0,105.0,1819
1.0,1.6,1.6,1,1,2,2.5,20.0,1,1,10.0,0.13,0.2,0.2,0.13,3.0,0.08,0.08,0.16,2.0,0.81,1.0,0.08,3.0,84.0,2021
1.0,0.4,0.4,0,0,3,0.9,17.0,0,0,9.0,0.03,0.06,0.06,0.03,2.0,0.0,0.0,0.2,1.0,0.59,1.0,0.0,5.0,107.0,2223
1.0,1.4,1.4,1,1,5,3.1,30.0,1,3,13.0,0.09,0.19,0.19,0.09,0.0,0.19,0.06,0.31,3.0,0.8,2.0,0.19,2.0,51.0,2324
1.0,6.4,4.8,3,3,15,7.5,73.0,2,3,45.0,0.23,0.33,0.27,0.17,1.0,0.11,0.11,0.55,9.0,1.64,3.0,0.07,23.0,230.0,2021
0.0,2.4,2.4,1,1,5,4.2,27.0,1,4,22.0,0.09,0.15,0.15,0.09,1.0,0.14,0.04,0.18,1.0,0.78,1.0,0.14,5.0,67.0,2122
2.0,0.4,0.4,0,0,2,1.4,11.0,0,1,9.0,0.04,0.14,0.14,0.04,2.0,0.11,0.0,0.21,0.0,0.95,0.0,0.11,4.0,20.0,2223
3.0,0.2,0.2,2,2,2,1.3,8.0,2,4,5.0,0.02,0.1,0.1,0.02,2.0,0.31,0.15,0.15,1.0,0.38,0.0,0.31,3.0,28.0,2223
1.0,2.1,2.1,3,3,11,7.1,22.0,3,5,27.0,0.09,0.3,0.3,0.09,0.0,0.21,0.13,0.47,1.0,1.16,6.0,0.21,1.0,52.0,2324
0.0,1.3,1.3,1,1,6,1.8,57.0,1,1,16.0,0.06,0.09,0.09,0.06,0.0,0.05,0.05,0.29,3.0,0.77,1.0,0.05,0.0,7.0,2324
4.0,9.8,8.2,8,8,27,15.0,201.0,6,11,96.0,0.33,0.55,0.5,0.27,3.0,0.37,0.27,0.9,9.0,3.2,15.0,0.3,52.0,338.0,1819
4.0,4.1,4.1,4,4,12,7.1,106.0,4,7,40.0,0.31,0.53,0.53,0.31,3.0,0.52,0.3,0.9,8.0,2.99,3.0,0.52,22.0,191.0,1920
8.0,5.2,5.2,4,4,10,9.7,91.0,4,7,35.0,0.26,0.49,0.49,0.26,6.0,0.35,0.2,0.5,8.0,1.75,3.0,0.35,21.0,124.0,2021
0.0,0.6,0.6,0,0,3,0.8,3.0,0,0,22.0,0.04,0.05,0.05,0.04,1.0,0.0,0.0,0.21,1.0,1.55,3.0,0.0,0.0,2.0,1819
0.0,0.9,0.9,0,0,5,1.7,6.0,0,1,17.0,0.06,0.12,0.12,0.06,0.0,0.07,0.0,0.34,0.0,1.16,3.0,0.07,0.0,12.0,1920
1.0,0.4,0.4,0,0,1,0.7,4.0,0,0,6.0,0.02,0.03,0.03,0.02,1.0,0.0,0.0,0.04,0.0,0.24,2.0,0.0,0.0,4.0,2021
0.0,1.0,1.0,1,1,5,2.3,14.0,1,2,18.0,0.08,0.2,0.2,0.08,0.0,0.17,0.09,0.43,0.0,1.54,2.0,0.17,0.0,6.0,2122
1.0,2.6,2.6,3,3,11,4.6,28.0,3,8,36.0,0.09,0.16,0.16,0.09,3.0,0.27,0.1,0.37,3.0,1.23,1.0,0.27,6.0,71.0,1819
4.0,2.1,2.1,1,1,7,3.5,31.0,1,4,24.0,0.12,0.2,0.2,0.12,2.0,0.23,0.06,0.4,1.0,1.36,0.0,0.23,5.0,51.0,1920
4.0,5.2,3.6,4,4,8,5.1,37.0,2,6,38.0,0.21,0.27,0.21,0.15,6.0,0.24,0.16,0.32,2.0,1.53,1.0,0.16,2.0,55.0,2021
1.0,3.2,1.6,4,4,10,4.2,26.0,3,10,29.0,0.13,0.24,0.17,0.07,3.0,0.41,0.16,0.41,0.0,1.2,5.0,0.37,1.0,62.0,2122
2.0,3.3,1.7,1,1,8,3.7,33.0,0,4,29.0,0.17,0.26,0.18,0.09,1.0,0.2,0.05,0.4,3.0,1.46,2.0,0.15,2.0,84.0,2223
2.0,1.1,1.1,1,1,4,1.9,20.0,1,2,13.0,0.12,0.21,0.21,0.12,2.0,0.22,0.11,0.44,4.0,1.41,1.0,0.22,5.0,79.0,2021
0.0,1.4,1.4,2,2,4,3.2,21.0,2,4,12.0,0.12,0.27,0.27,0.12,1.0,0.34,0.17,0.34,5.0,1.01,1.0,0.34,6.0,88.0,2122
0.0,1.2,1.2,0,0,6,3.6,22.0,0,1,23.0,0.08,0.25,0.25,0.08,2.0,0.07,0.0,0.41,2.0,1.58,5.0,0.07,2.0,103.0,2223
1.0,0.2,0.2,0,0,2,1.1,10.0,0,1,4.0,0.01,0.05,0.05,0.01,2.0,0.05,0.0,0.09,2.0,0.18,0.0,0.05,1.0,92.0,1718
0.0,0.7,0.7,0,0,4,3.3,33.0,0,1,11.0,0.02,0.1,0.1,0.02,0.0,0.03,0.0,0.13,8.0,0.34,3.0,0.03,5.0,100.0,2324
5.0,2.4,2.4,3,3,8,4.7,36.0,3,6,18.0,0.14,0.27,0.27,0.14,4.0,0.34,0.17,0.45,3.0,1.02,1.0,0.34,6.0,82.0,2223
1.0,2.9,2.9,5,5,11,6.3,58.0,5,9,19.0,0.09,0.21,0.21,0.09,1.0,0.3,0.16,0.36,4.0,0.63,2.0,0.3,13.0,109.0,2324
1.0,1.3,1.3,0,0,3,1.4,21.0,0,0,17.0,0.07,0.07,0.07,0.07,0.0,0.0,0.0,0.16,2.0,0.91,1.0,0.0,0.0,1.0,1819
6.0,13.1,13.1,13,13,33,16.4,181.0,13,17,75.0,0.39,0.49,0.49,0.39,1.0,0.51,0.39,0.98,21.0,2.23,8.0,0.51,57.0,251.0,1819
6.0,7.3,5.7,6,6,21,8.5,111.0,5,7,46.0,0.22,0.31,0.26,0.18,6.0,0.21,0.18,0.64,29.0,1.41,7.0,0.18,38.0,254.0,1920
8.0,6.2,5.4,6,6,16,10.5,132.0,5,12,52.0,0.23,0.43,0.4,0.2,5.0,0.45,0.23,0.6,12.0,1.96,2.0,0.41,41.0,233.0,2021
10.0,14.1,13.3,8,8,35,19.0,190.0,7,13,94.0,0.46,0.64,0.61,0.43,3.0,0.42,0.26,1.13,29.0,3.05,9.0,0.39,41.0,316.0,2122
12.0,10.7,9.1,10,10,32,13.9,181.0,9,13,83.0,0.34,0.49,0.44,0.29,3.0,0.41,0.32,1.02,22.0,2.63,6.0,0.38,57.0,341.0,2223
6.0,9.4,9.4,12,12,43,15.8,175.0,12,15,93.0,0.3,0.5,0.5,0.3,8.0,0.47,0.38,1.36,25.0,2.94,5.0,0.47,51.0,333.0,2324
1.0,1.3,1.3,0,0,7,3.4,35.0,0,4,22.0,0.09,0.23,0.23,0.09,4.0,0.27,0.0,0.48,2.0,1.5,2.0,0.27,10.0,116.0,1819
0.0,1.8,1.8,1,1,7,3.1,37.0,1,5,28.0,0.11,0.19,0.19,0.11,0.0,0.31,0.06,0.44,4.0,1.75,2.0,0.31,5.0,94.0,1920
0.0,0.1,0.1,0,0,1,0.4,5.0,0,0,2.0,0.01,0.06,0.06,0.01,2.0,0.0,0.0,0.14,2.0,0.28,0.0,0.0,3.0,33.0,2021
0.0,0.1,0.1,0,0,1,2.5,11.0,0,2,7.0,0.01,0.11,0.11,0.01,1.0,0.09,0.0,0.05,0.0,0.33,1.0,0.09,5.0,72.0,2122
0.0,0.2,0.2,0,0,1,0.9,13.0,0,1,9.0,0.02,0.06,0.06,0.02,2.0,0.07,0.0,0.07,1.0,0.61,0.0,0.07,6.0,59.0,2223
1.0,2.0,2.0,3,3,8,2.5,33.0,3,3,27.0,0.08,0.09,0.09,0.08,0.0,0.12,0.12,0.31,2.0,1.04,3.0,0.12,0.0,8.0,2122
0.0,0.4,0.4,0,0,1,0.4,13.0,0,0,8.0,0.03,0.03,0.03,0.03,4.0,0.0,0.0,0.07,1.0,0.56,1.0,0.0,1.0,5.0,2324
1.0,0.3,0.3,0,0,2,1.1,16.0,0,0,8.0,0.02,0.08,0.08,0.02,0.0,0.0,0.0,0.13,0.0,0.53,0.0,0.0,0.0,34.0,2021
1.0,0.3,0.3,0,0,2,1.7,5.0,0,1,10.0,0.01,0.06,0.06,0.01,1.0,0.04,0.0,0.07,0.0,0.37,0.0,0.04,0.0,21.0,2223
0.0,0.3,0.3,1,1,2,2.6,7.0,1,2,11.0,0.01,0.11,0.11,0.01,4.0,0.09,0.04,0.09,0.0,0.47,0.0,0.09,1.0,36.0,2324
3.0,4.6,4.6,6,6,17,12.0,155.0,6,16,50.0,0.19,0.5,0.5,0.19,3.0,0.66,0.25,0.7,7.0,2.06,5.0,0.66,79.0,212.0,2021
5.0,5.3,5.3,3,3,16,11.3,162.0,3,6,45.0,0.25,0.53,0.53,0.25,7.0,0.28,0.14,0.75,5.0,2.12,5.0,0.28,83.0,267.0,2122
3.0,4.6,4.6,5,5,15,11.7,136.0,5,12,41.0,0.2,0.51,0.51,0.2,1.0,0.53,0.22,0.66,3.0,1.8,6.0,0.53,63.0,310.0,2223
1.0,2.1,2.1,3,3,5,4.6,82.0,3,4,22.0,0.19,0.41,0.41,0.19,1.0,0.36,0.27,0.45,2.0,1.96,2.0,0.36,50.0,146.0,2324
5.0,4.4,4.4,8,8,17,7.6,95.0,8,9,43.0,0.15,0.26,0.26,0.15,7.0,0.31,0.27,0.58,4.0,1.47,8.0,0.31,35.0,234.0,2122
3.0,4.7,4.7,5,5,14,9.8,81.0,5,12,39.0,0.16,0.33,0.33,0.16,3.0,0.4,0.17,0.47,3.0,1.3,5.0,0.4,24.0,255.0,2223
1.0,3.6,3.6,3,3,9,7.0,59.0,3,6,34.0,0.14,0.28,0.28,0.14,0.0,0.24,0.12,0.37,1.0,1.38,7.0,0.24,14.0,135.0,2324
5.0,1.9,1.9,3,3,8,2.5,30.0,3,3,14.0,0.19,0.26,0.26,0.19,2.0,0.31,0.31,0.83,1.0,1.45,3.0,0.31,1.0,38.0,2324
1.0,1.0,1.0,1,1,5,1.2,16.0,1,1,7.0,0.05,0.06,0.06,0.05,3.0,0.05,0.05,0.26,0.0,0.37,1.0,0.05,1.0,6.0,1819
0.0,1.0,1.0,1,1,1,2.4,20.0,1,4,6.0,0.04,0.09,0.09,0.04,0.0,0.15,0.04,0.04,0.0,0.22,0.0,0.15,3.0,11.0,1920
0.0,0.8,0.8,0,0,2,1.1,11.0,0,0,6.0,0.05,0.06,0.06,0.05,0.0,0.0,0.0,0.12,0.0,0.35,0.0,0.0,0.0,3.0,2021
0.0,0.4,0.4,0,0,1,0.6,7.0,0,0,2.0,0.03,0.05,0.05,0.03,0.0,0.0,0.0,0.08,0.0,0.15,1.0,0.0,0.0,3.0,2223
0.0,0.2,0.2,0,0,1,0.8,4.0,0,1,2.0,0.04,0.17,0.17,0.04,0.0,0.23,0.0,0.23,0.0,0.46,0.0,0.23,0.0,10.0,1819
0.0,3.3,3.3,2,2,9,6.9,46.0,2,4,26.0,0.24,0.49,0.49,0.24,1.0,0.28,0.14,0.64,4.0,1.85,1.0,0.28,16.0,138.0,1819
0.0,0.2,0.2,0,0,1,2.1,29.0,0,1,4.0,0.05,0.49,0.49,0.05,0.0,0.23,0.0,0.23,0.0,0.92,0.0,0.23,13.0,31.0,1920
1.0,2.8,2.8,4,4,7,4.8,46.0,4,4,18.0,0.31,0.53,0.53,0.31,0.0,0.44,0.44,0.78,6.0,2.0,2.0,0.44,14.0,106.0,2122
6.0,1.3,1.3,1,1,2,1.7,16.0,1,1,7.0,0.36,0.47,0.47,0.36,0.0,0.27,0.27,0.55,4.0,1.92,0.0,0.27,5.0,24.0,2223
1.0,2.3,2.3,2,2,6,2.9,30.0,2,4,14.0,0.52,0.66,0.66,0.52,0.0,0.9,0.45,1.35,3.0,3.15,4.0,0.9,8.0,41.0,2425
2.0,0.1,0.1,0,0,1,0.7,7.0,0,1,2.0,0.02,0.2,0.2,0.02,3.0,0.3,0.0,0.3,1.0,0.6,0.0,0.3,1.0,17.0,1819
1.0,1.7,1.7,2,2,8,5.4,25.0,2,5,30.0,0.09,0.3,0.3,0.09,2.0,0.28,0.11,0.44,2.0,1.66,3.0,0.28,12.0,46.0,2021
4.0,2.2,2.2,1,1,5,4.8,57.0,1,3,27.0,0.13,0.29,0.29,0.13,2.0,0.18,0.06,0.31,2.0,1.65,5.0,0.18,21.0,80.0,2122
3.0,3.3,3.3,4,4,10,6.1,75.0,4,6,29.0,0.24,0.44,0.44,0.24,7.0,0.43,0.29,0.72,2.0,2.09,2.0,0.43,30.0,141.0,2223
8.0,2.1,2.1,3,3,10,7.1,53.0,3,10,30.0,0.16,0.54,0.54,0.16,12.0,0.76,0.23,0.76,1.0,2.27,3.0,0.76,15.0,113.0,2324
6.0,4.0,4.0,6,6,11,5.9,59.0,6,7,34.0,0.15,0.22,0.22,0.15,7.0,0.26,0.22,0.4,1.0,1.24,2.0,0.26,22.0,92.0,2122
1.0,5.0,5.0,6,6,13,10.1,85.0,6,13,33.0,0.17,0.34,0.34,0.17,1.0,0.44,0.2,0.44,2.0,1.13,2.0,0.44,21.0,119.0,2223
1.0,2.2,2.2,1,1,4,3.2,47.0,1,2,19.0,0.23,0.34,0.34,0.23,3.0,0.21,0.11,0.42,0.0,2.0,2.0,0.21,11.0,69.0,2324
4.0,1.2,1.2,1,1,4,3.5,36.0,1,2,23.0,0.09,0.26,0.26,0.09,1.0,0.15,0.07,0.29,1.0,1.68,0.0,0.15,7.0,51.0,2324
0.0,0.3,0.3,0,0,2,1.9,11.0,0,1,8.0,0.02,0.11,0.11,0.02,0.0,0.06,0.0,0.12,0.0,0.47,1.0,0.06,5.0,66.0,1819
0.0,0.6,0.6,0,0,2,0.8,11.0,0,0,14.0,0.06,0.08,0.08,0.06,0.0,0.0,0.0,0.21,4.0,1.48,1.0,0.0,2.0,40.0,1920
0.0,0.1,0.1,1,1,2,0.5,6.0,1,1,4.0,0.01,0.05,0.05,0.01,0.0,0.1,0.1,0.2,1.0,0.41,0.0,0.1,0.0,9.0,2122
17.0,7.0,7.0,12,12,21,14.7,120.0,12,26,40.0,0.26,0.54,0.54,0.26,16.0,0.95,0.44,0.77,4.0,1.46,3.0,0.95,65.0,328.0,1819
8.0,10.1,10.1,17,17,28,20.9,122.0,17,33,52.0,0.4,0.82,0.82,0.4,11.0,1.3,0.67,1.1,9.0,2.05,6.0,1.3,48.0,298.0,1920
3.0,6.6,5.8,8,8,16,13.5,114.0,7,19,51.0,0.29,0.62,0.59,0.25,3.0,0.83,0.35,0.7,9.0,2.23,5.0,0.79,48.0,276.0,2021
0.0,4.2,4.2,6,6,9,9.2,106.0,6,9,21.0,0.22,0.49,0.49,0.22,0.0,0.48,0.32,0.48,8.0,1.12,2.0,0.48,45.0,173.0,2223
3.0,0.7,0.7,2,2,4,3.7,56.0,2,4,9.0,0.07,0.35,0.35,0.07,4.0,0.38,0.19,0.38,3.0,0.86,1.0,0.38,29.0,114.0,2324
5.0,11.0,7.9,11,11,20,10.8,135.0,8,14,54.0,0.36,0.46,0.35,0.26,0.0,0.46,0.36,0.66,38.0,1.77,3.0,0.36,10.0,224.0,1920
1.0,7.0,5.5,5,5,15,6.7,110.0,4,5,38.0,0.31,0.36,0.29,0.24,0.0,0.22,0.22,0.66,27.0,1.68,4.0,0.18,7.0,134.0,2021
1.0,1.3,1.3,1,1,3,1.9,36.0,1,1,10.0,0.17,0.26,0.26,0.17,1.0,0.13,0.13,0.4,9.0,1.34,0.0,0.13,2.0,61.0,2122
5.0,1.9,1.9,1,1,5,3.2,20.0,1,2,14.0,0.4,0.66,0.66,0.4,1.0,0.41,0.21,1.03,4.0,2.88,2.0,0.41,0.0,33.0,2223
0.0,5.6,5.6,5,5,12,7.2,72.0,5,6,32.0,0.28,0.36,0.36,0.28,0.0,0.3,0.25,0.6,31.0,1.61,5.0,0.3,7.0,138.0,2324
2.0,1.7,1.7,0,0,5,2.5,23.0,0,0,23.0,0.16,0.23,0.23,0.16,4.0,0.0,0.0,0.47,0.0,2.15,4.0,0.0,4.0,80.0,1819
6.0,2.5,2.5,2,2,10,6.2,60.0,2,6,42.0,0.11,0.27,0.27,0.11,3.0,0.26,0.09,0.43,4.0,1.8,2.0,0.26,9.0,140.0,1920
0.0,4.6,4.6,6,6,10,8.1,76.0,6,9,39.0,0.17,0.3,0.3,0.17,2.0,0.34,0.22,0.37,7.0,1.46,5.0,0.34,19.0,158.0,2021
0.0,0.5,0.5,0,0,3,1.1,22.0,0,2,10.0,0.09,0.22,0.22,0.09,2.0,0.38,0.0,0.57,2.0,1.9,0.0,0.38,9.0,53.0,2324
1.0,0.4,0.4,0,0,4,1.2,17.0,0,0,8.0,0.02,0.06,0.06,0.02,0.0,0.0,0.0,0.18,2.0,0.37,1.0,0.0,1.0,13.0,2122
1.0,0.8,0.8,1,1,2,1.7,15.0,1,4,6.0,0.08,0.16,0.16,0.08,0.0,0.38,0.1,0.19,0.0,0.57,0.0,0.38,1.0,16.0,2324
0.0,2.6,2.6,0,0,6,4.8,61.0,0,3,28.0,0.14,0.25,0.25,0.14,0.0,0.16,0.0,0.32,0.0,1.48,7.0,0.16,8.0,102.0,2122
0.0,0.6,0.6,0,0,3,1.3,14.0,0,0,11.0,0.08,0.2,0.2,0.08,0.0,0.0,0.0,0.44,2.0,1.6,1.0,0.0,2.0,26.0,2324
0.0,0.9,0.9,1,1,4,1.3,52.0,1,1,17.0,0.04,0.06,0.06,0.04,0.0,0.04,0.04,0.17,0.0,0.74,1.0,0.04,1.0,5.0,2122
0.0,0.1,0.1,0,0,1,1.1,8.0,0,1,3.0,0.01,0.06,0.06,0.01,0.0,0.05,0.0,0.05,1.0,0.15,0.0,0.05,2.0,56.0,2021
5.0,2.9,2.9,6,6,10,3.6,65.0,6,7,26.0,0.29,0.37,0.37,0.29,5.0,0.72,0.61,1.02,2.0,2.66,1.0,0.72,23.0,66.0,2021
12.0,4.1,4.1,5,5,15,9.0,96.0,5,10,41.0,0.25,0.55,0.55,0.25,10.0,0.61,0.31,0.92,2.0,2.52,5.0,0.61,24.0,137.0,2122
10.0,8.0,8.0,12,12,25,14.6,144.0,12,22,66.0,0.33,0.6,0.6,0.33,5.0,0.9,0.49,1.02,1.0,2.7,8.0,0.9,33.0,196.0,2223
12.0,7.9,7.9,10,10,21,13.9,132.0,10,15,58.0,0.4,0.71,0.71,0.4,2.0,0.77,0.51,1.08,2.0,2.97,10.0,0.77,33.0,163.0,2324
1.0,0.8,0.8,0,0,3,1.3,9.0,0,1,9.0,0.09,0.14,0.14,0.09,2.0,0.11,0.0,0.34,1.0,1.01,1.0,0.11,1.0,18.0,2223
0.0,2.7,2.7,1,1,10,7.3,41.0,1,3,41.0,0.08,0.22,0.22,0.08,1.0,0.09,0.03,0.3,3.0,1.23,6.0,0.09,5.0,76.0,2324
0.0,0.3,0.3,0,0,1,1.3,15.0,0,0,5.0,0.03,0.12,0.12,0.03,0.0,0.0,0.0,0.09,1.0,0.45,0.0,0.0,1.0,52.0,2122
0.0,1.5,1.5,0,0,4,5.0,33.0,0,3,21.0,0.11,0.37,0.37,0.11,0.0,0.22,0.0,0.3,0.0,1.55,4.0,0.22,10.0,75.0,1819
0.0,0.9,0.9,0,0,3,2.0,12.0,0,0,15.0,0.08,0.17,0.17,0.08,0.0,0.0,0.0,0.25,0.0,1.25,0.0,0.0,3.0,30.0,1920
8.0,5.3,5.3,6,6,18,11.8,72.0,6,9,74.0,0.18,0.4,0.4,0.18,5.0,0.31,0.21,0.62,4.0,2.54,8.0,0.31,19.0,138.0,1920
12.0,3.8,3.8,8,8,23,8.9,59.0,8,13,75.0,0.16,0.38,0.38,0.16,8.0,0.56,0.34,0.99,5.0,3.22,7.0,0.56,13.0,116.0,2021
10.0,7.5,7.5,12,12,33,12.7,73.0,12,20,72.0,0.28,0.46,0.46,0.28,9.0,0.73,0.44,1.21,4.0,2.64,9.0,0.73,13.0,141.0,2122
4.0,8.7,6.6,10,10,27,15.9,103.0,9,19,83.0,0.31,0.65,0.58,0.24,9.0,0.69,0.36,0.98,6.0,3.01,7.0,0.65,31.0,155.0,2223
9.0,6.4,6.4,4,4,23,12.4,112.0,4,13,58.0,0.27,0.52,0.52,0.27,7.0,0.55,0.17,0.97,2.0,2.44,6.0,0.55,31.0,156.0,2324
0.0,4.1,4.1,3,3,8,7.4,85.0,3,9,34.0,0.12,0.22,0.22,0.12,3.0,0.26,0.09,0.24,2.0,1.0,4.0,0.26,17.0,137.0,1819
0.0,0.3,0.3,0,0,3,1.7,19.0,0,3,9.0,0.02,0.11,0.11,0.02,0.0,0.19,0.0,0.19,3.0,0.56,1.0,0.19,4.0,22.0,2122
0.0,0.5,0.5,0,0,3,1.8,11.0,0,0,12.0,0.03,0.1,0.1,0.03,0.0,0.0,0.0,0.16,0.0,0.64,2.0,0.0,0.0,23.0,1920
3.0,3.1,2.3,3,3,8,5.2,68.0,2,6,25.0,0.15,0.3,0.26,0.11,0.0,0.3,0.15,0.4,1.0,1.23,4.0,0.25,18.0,110.0,2324
2.0,3.4,1.1,5,5,4,6.4,47.0,2,9,21.0,0.17,0.44,0.32,0.05,2.0,0.45,0.25,0.2,0.0,1.06,4.0,0.3,5.0,139.0,1819
0.0,2.2,0.6,2,2,2,1.3,11.0,0,4,10.0,0.21,0.28,0.13,0.06,1.0,0.38,0.19,0.19,1.0,0.96,1.0,0.19,1.0,42.0,1920
0.0,0.4,0.4,0,0,3,1.2,18.0,0,1,12.0,0.03,0.1,0.1,0.03,1.0,0.08,0.0,0.25,0.0,1.01,1.0,0.08,3.0,51.0,2021
0.0,0.4,0.4,0,0,2,2.5,12.0,0,1,10.0,0.04,0.26,0.26,0.04,1.0,0.11,0.0,0.21,0.0,1.06,1.0,0.11,1.0,38.0,2122
0.0,0.4,0.4,0,0,1,1.3,24.0,0,1,7.0,0.04,0.13,0.13,0.04,2.0,0.1,0.0,0.1,0.0,0.69,2.0,0.1,5.0,78.0,2223
0.0,0.3,0.3,0,0,1,2.0,17.0,0,2,5.0,0.03,0.24,0.24,0.03,0.0,0.23,0.0,0.12,3.0,0.58,0.0,0.23,4.0,73.0,2324
1.0,5.1,5.1,7,7,19,10.6,56.0,7,10,36.0,0.4,0.84,0.84,0.4,1.0,0.79,0.55,1.5,5.0,2.85,6.0,0.79,7.0,103.0,1819
6.0,1.1,1.1,1,1,1,3.3,8.0,1,2,9.0,0.23,0.71,0.71,0.23,4.0,0.43,0.21,0.21,2.0,1.93,0.0,0.43,0.0,27.0,1920
1.0,0.5,0.5,1,1,2,0.7,8.0,1,1,4.0,0.08,0.11,0.11,0.08,0.0,0.16,0.16,0.33,0.0,0.66,0.0,0.16,0.0,1.0,2122
0.0,1.0,1.0,1,1,2,1.0,3.0,1,1,3.0,0.27,0.27,0.27,0.27,0.0,0.27,0.27,0.53,1.0,0.8,0.0,0.27,0.0,1.0,2223
5.0,3.4,2.7,7,7,15,5.9,34.0,6,7,30.0,0.16,0.31,0.27,0.12,3.0,0.32,0.32,0.69,3.0,1.39,2.0,0.28,3.0,86.0,1819
0.0,6.0,4.4,7,7,16,12.3,32.0,5,14,42.0,0.18,0.41,0.37,0.13,1.0,0.42,0.21,0.48,0.0,1.26,4.0,0.36,6.0,63.0,2324
1.0,2.4,2.4,3,3,11,3.1,37.0,3,4,24.0,0.41,0.53,0.53,0.41,4.0,0.68,0.51,1.86,0.0,4.05,3.0,0.68,18.0,38.0,2223
8.0,2.2,2.2,1,1,11,5.0,67.0,1,5,43.0,0.19,0.43,0.43,0.19,3.0,0.43,0.09,0.94,0.0,3.66,1.0,0.43,40.0,105.0,2324
2.0,6.1,6.1,4,4,22,9.3,89.0,4,8,44.0,0.36,0.55,0.55,0.36,2.0,0.47,0.24,1.3,8.0,2.6,9.0,0.47,28.0,172.0,2324
23.0,18.3,14.4,18,18,33,19.5,145.0,14,22,74.0,0.6,0.77,0.64,0.47,5.0,0.73,0.59,1.09,37.0,2.44,7.0,0.59,26.0,186.0,1819
15.0,19.2,15.3,23,23,37,21.2,168.0,19,28,84.0,0.57,0.75,0.63,0.45,9.0,0.83,0.68,1.1,28.0,2.49,6.0,0.71,38.0,200.0,1920
15.0,19.9,12.8,15,15,28,17.5,163.0,7,24,73.0,0.63,0.78,0.55,0.41,2.0,0.76,0.48,0.89,36.0,2.31,7.0,0.51,35.0,202.0,2021
3.0,10.8,10.8,15,15,25,12.2,104.0,15,17,54.0,0.54,0.61,0.61,0.54,4.0,0.85,0.75,1.25,19.0,2.69,3.0,0.85,25.0,112.0,2122
9.0,6.7,5.9,3,3,13,7.3,71.0,3,7,27.0,0.32,0.39,0.35,0.29,4.0,0.34,0.15,0.63,29.0,1.31,3.0,0.34,13.0,101.0,2223
1.0,0.8,0.8,0,0,1,1.5,12.0,0,1,5.0,0.03,0.06,0.06,0.03,1.0,0.04,0.0,0.04,0.0,0.21,3.0,0.04,2.0,2.0,1819
0.0,2.2,2.2,4,4,7,2.6,33.0,4,4,19.0,0.08,0.09,0.09,0.08,0.0,0.14,0.14,0.24,1.0,0.65,1.0,0.14,0.0,5.0,2122
0.0,0.2,0.2,0,0,2,0.9,7.0,0,2,3.0,0.03,0.1,0.1,0.03,1.0,0.24,0.0,0.24,0.0,0.36,0.0,0.24,1.0,7.0,1819
1.0,1.2,1.2,0,0,6,2.1,20.0,0,0,15.0,0.05,0.08,0.08,0.05,1.0,0.0,0.0,0.23,0.0,0.57,1.0,0.0,2.0,7.0,2324
3.0,1.4,1.4,2,2,4,2.2,19.0,2,5,12.0,0.12,0.19,0.19,0.12,3.0,0.44,0.17,0.35,2.0,1.05,2.0,0.44,3.0,70.0,2021
2.0,1.4,1.4,3,3,6,3.5,26.0,3,6,15.0,0.1,0.27,0.27,0.1,2.0,0.45,0.23,0.45,2.0,1.13,0.0,0.45,3.0,97.0,2122
1.0,1.1,1.1,2,2,7,1.9,31.0,2,4,13.0,0.11,0.2,0.2,0.11,0.0,0.41,0.21,0.72,9.0,1.35,1.0,0.41,9.0,66.0,2223
2.0,1.3,1.3,1,1,3,4.6,38.0,1,4,26.0,0.05,0.18,0.18,0.05,2.0,0.15,0.04,0.12,3.0,1.0,5.0,0.15,6.0,80.0,1819
0.0,0.6,0.6,2,2,4,2.2,29.0,2,4,13.0,0.03,0.11,0.11,0.03,0.0,0.21,0.1,0.21,0.0,0.68,2.0,0.21,4.0,62.0,1920
3.0,0.9,0.9,0,0,3,1.0,11.0,0,0,10.0,0.17,0.18,0.18,0.17,0.0,0.0,0.0,0.56,1.0,1.85,1.0,0.0,1.0,23.0,2021
5.0,1.1,1.1,3,3,3,1.2,11.0,3,3,14.0,0.12,0.13,0.13,0.12,1.0,0.33,0.33,0.33,1.0,1.54,1.0,0.33,1.0,17.0,2122
1.0,3.3,3.3,5,5,14,5.4,48.0,5,6,32.0,0.13,0.22,0.22,0.13,1.0,0.25,0.21,0.58,1.0,1.32,7.0,0.25,5.0,84.0,2223
0.0,0.9,0.8,1,1,3,1.3,17.0,1,2,15.0,0.07,0.11,0.1,0.06,0.0,0.15,0.07,0.22,1.0,1.11,2.0,0.15,0.0,36.0,2324
1.0,1.4,1.4,1,1,2,1.6,39.0,1,1,11.0,0.16,0.18,0.18,0.16,0.0,0.11,0.11,0.23,5.0,1.24,1.0,0.11,8.0,60.0,2122
0.0,0.2,0.2,0,0,1,1.8,3.0,0,1,6.0,0.01,0.09,0.09,0.01,0.0,0.05,0.0,0.05,0.0,0.31,1.0,0.05,0.0,37.0,2021
0.0,0.1,0.1,0,0,1,0.6,2.0,0,0,3.0,0.01,0.11,0.11,0.01,0.0,0.0,0.0,0.19,0.0,0.56,0.0,0.0,1.0,25.0,2122
3.0,1.4,1.4,1,1,5,1.8,18.0,1,1,12.0,0.08,0.11,0.11,0.08,0.0,0.06,0.06,0.3,0.0,0.72,2.0,0.06,1.0,1.0,1920
0.0,1.5,1.5,3,3,8,2.1,46.0,3,3,23.0,0.05,0.07,0.07,0.05,0.0,0.1,0.1,0.28,0.0,0.8,3.0,0.1,0.0,2.0,2021
0.0,0.4,0.4,0,0,2,0.7,10.0,0,0,7.0,0.05,0.08,0.08,0.05,0.0,0.0,0.0,0.24,1.0,0.86,1.0,0.0,2.0,21.0,2122
3.0,0.5,0.5,1,1,2,0.5,2.0,1,1,3.0,0.12,0.12,0.12,0.12,0.0,0.23,0.23,0.46,0.0,0.7,0.0,0.23,0.0,0.0,2122
12.0,7.1,7.1,8,8,16,12.0,103.0,8,13,55.0,0.25,0.42,0.42,0.25,10.0,0.46,0.28,0.56,15.0,1.93,10.0,0.46,40.0,166.0,2021
6.0,11.9,11.9,12,12,34,18.0,139.0,12,22,79.0,0.36,0.54,0.54,0.36,5.0,0.66,0.36,1.03,14.0,2.38,9.0,0.66,43.0,204.0,2122
16.0,8.9,7.8,6,6,21,15.2,157.0,5,11,73.0,0.25,0.45,0.42,0.22,6.0,0.31,0.17,0.58,10.0,2.03,13.0,0.28,56.0,213.0,2223
2.0,3.9,3.9,6,6,12,7.1,52.0,6,11,64.0,0.14,0.25,0.25,0.14,1.0,0.39,0.21,0.42,0.0,2.25,5.0,0.39,13.0,111.0,1819
2.0,0.7,0.7,2,2,7,2.8,14.0,2,3,23.0,0.04,0.15,0.15,0.04,0.0,0.16,0.11,0.38,1.0,1.24,1.0,0.16,3.0,65.0,1920
1.0,3.2,3.2,2,2,9,8.0,34.0,2,7,32.0,0.12,0.31,0.31,0.12,4.0,0.27,0.08,0.35,3.0,1.24,0.0,0.27,6.0,124.0,1819
0.0,1.5,1.5,1,1,8,3.4,19.0,1,5,27.0,0.11,0.26,0.26,0.11,0.0,0.38,0.08,0.61,2.0,2.07,2.0,0.38,1.0,74.0,1920
0.0,0.9,0.9,0,0,2,2.6,10.0,0,1,9.0,0.13,0.35,0.35,0.13,0.0,0.13,0.0,0.27,0.0,1.19,0.0,0.13,2.0,31.0,2122
1.0,0.7,0.7,0,0,2,0.9,11.0,0,1,5.0,0.03,0.04,0.04,0.03,0.0,0.04,0.0,0.08,0.0,0.21,0.0,0.04,0.0,3.0,1920
0.0,0.5,0.5,1,1,2,1.3,20.0,1,1,13.0,0.03,0.08,0.08,0.03,1.0,0.06,0.06,0.12,0.0,0.78,1.0,0.06,2.0,94.0,1819
0.0,0.1,0.1,0,0,2,0.6,13.0,0,1,3.0,0.01,0.04,0.04,0.01,1.0,0.06,0.0,0.13,2.0,0.19,0.0,0.06,1.0,82.0,1920
0.0,0.8,0.8,0,0,2,3.2,19.0,0,4,11.0,0.04,0.16,0.16,0.04,1.0,0.2,0.0,0.1,2.0,0.54,0.0,0.2,1.0,108.0,2122
0.0,1.0,1.0,0,0,6,3.5,37.0,0,1,11.0,0.04,0.12,0.12,0.04,1.0,0.03,0.0,0.21,7.0,0.38,1.0,0.03,10.0,123.0,2223
4.0,0.5,0.5,2,2,5,2.4,18.0,2,5,11.0,0.05,0.24,0.24,0.05,2.0,0.5,0.2,0.5,0.0,1.1,2.0,0.5,13.0,64.0,1819
0.0,2.8,2.8,4,4,6,4.2,33.0,4,6,19.0,0.19,0.29,0.29,0.19,1.0,0.41,0.28,0.41,3.0,1.31,0.0,0.41,18.0,65.0,1920
2.0,0.4,0.4,0,0,1,0.7,15.0,0,1,8.0,0.07,0.12,0.12,0.07,6.0,0.17,0.0,0.17,1.0,1.36,0.0,0.17,9.0,40.0,2021
0.0,0.3,0.3,1,1,1,4.2,21.0,1,3,9.0,0.01,0.12,0.12,0.01,3.0,0.09,0.03,0.03,5.0,0.26,0.0,0.09,13.0,167.0,2021
0.0,0.6,0.6,0,0,1,4.6,35.0,0,3,13.0,0.02,0.13,0.13,0.02,0.0,0.09,0.0,0.03,8.0,0.37,1.0,0.09,19.0,244.0,2223
0.0,0.1,0.1,0,0,1,0.8,13.0,0,1,3.0,0.01,0.07,0.07,0.01,3.0,0.08,0.0,0.08,3.0,0.25,1.0,0.08,5.0,70.0,2324
2.0,1.4,1.4,1,1,8,3.5,29.0,1,3,30.0,0.05,0.13,0.13,0.05,1.0,0.11,0.04,0.29,1.0,1.07,2.0,0.11,6.0,57.0,2324
0.0,0.7,0.7,0,0,1,1.7,8.0,0,1,7.0,0.03,0.08,0.08,0.03,0.0,0.05,0.0,0.05,0.0,0.32,1.0,0.05,3.0,79.0,1819
0.0,0.1,0.1,0,0,1,0.2,4.0,0,0,1.0,0.04,0.09,0.09,0.04,0.0,0.0,0.0,0.36,0.0,0.36,0.0,0.0,2.0,8.0,2021
0.0,0.9,0.9,1,1,3,4.0,45.0,1,4,18.0,0.04,0.15,0.15,0.04,0.0,0.15,0.04,0.11,1.0,0.68,2.0,0.15,11.0,120.0,2324
0.0,1.5,1.5,3,3,8,1.9,24.0,3,3,18.0,0.11,0.13,0.13,0.11,0.0,0.21,0.21,0.55,0.0,1.24,3.0,0.21,1.0,15.0,1819
0.0,0.7,0.7,1,1,1,1.0,10.0,1,2,3.0,0.13,0.2,0.2,0.13,0.0,0.39,0.2,0.2,0.0,0.59,0.0,0.39,0.0,19.0,2021
0.0,0.8,0.8,1,1,2,1.4,26.0,1,2,9.0,0.08,0.15,0.15,0.08,0.0,0.2,0.1,0.2,0.0,0.92,0.0,0.2,7.0,38.0,2122
7.0,4.9,4.9,4,4,12,6.1,62.0,4,5,40.0,0.2,0.25,0.25,0.2,2.0,0.2,0.16,0.48,6.0,1.6,3.0,0.2,17.0,130.0,2122
12.0,7.8,7.8,7,7,23,10.4,91.0,7,9,57.0,0.3,0.4,0.4,0.3,4.0,0.35,0.27,0.88,4.0,2.19,8.0,0.35,21.0,117.0,2223
2.0,0.7,0.7,1,1,2,0.8,15.0,1,1,9.0,0.03,0.03,0.03,0.03,0.0,0.04,0.04,0.08,0.0,0.34,0.0,0.04,1.0,5.0,2223
0.0,0.1,0.1,0,0,2,1.1,9.0,0,0,3.0,0.02,0.16,0.16,0.02,0.0,0.0,0.0,0.29,1.0,0.43,0.0,0.0,0.0,43.0,1819
3.0,2.7,2.7,4,4,14,3.6,22.0,4,5,42.0,0.1,0.13,0.13,0.1,3.0,0.18,0.14,0.5,2.0,1.51,3.0,0.18,9.0,68.0,2324
1.0,6.6,6.6,7,7,17,8.1,52.0,7,8,37.0,0.45,0.54,0.54,0.45,0.0,0.54,0.47,1.15,11.0,2.5,2.0,0.54,3.0,83.0,1819
0.0,0.7,0.7,1,1,4,1.0,11.0,1,1,9.0,0.25,0.37,0.37,0.25,0.0,0.36,0.36,1.46,0.0,3.28,0.0,0.36,2.0,30.0,2324
0.0,0.1,0.1,0,0,1,0.7,6.0,0,3,2.0,0.0,0.06,0.06,0.0,1.0,0.25,0.0,0.08,1.0,0.16,0.0,0.25,0.0,39.0,1819
0.0,0.3,0.3,1,1,2,0.6,8.0,1,3,4.0,0.02,0.04,0.04,0.02,0.0,0.21,0.07,0.14,1.0,0.29,0.0,0.21,0.0,25.0,2122
1.0,2.5,2.5,2,2,9,4.0,47.0,2,5,38.0,0.09,0.14,0.14,0.09,3.0,0.17,0.07,0.31,2.0,1.3,3.0,0.17,4.0,126.0,2324
2.0,2.0,2.0,2,2,18,3.2,43.0,2,3,49.0,0.2,0.32,0.32,0.2,1.0,0.3,0.2,1.82,0.0,4.96,0.0,0.3,29.0,88.0,1920
0.0,1.9,1.1,2,2,9,3.2,30.0,1,3,35.0,0.19,0.39,0.31,0.11,0.0,0.29,0.2,0.88,0.0,3.43,1.0,0.2,19.0,73.0,2021
3.0,2.0,2.0,4,4,10,5.8,62.0,4,9,24.0,0.13,0.39,0.39,0.13,0.0,0.6,0.27,0.67,2.0,1.6,1.0,0.6,19.0,131.0,1718
0.0,2.7,2.7,3,3,5,3.6,31.0,3,3,19.0,0.4,0.54,0.54,0.4,1.0,0.45,0.45,0.75,0.0,2.86,3.0,0.45,3.0,44.0,1819
0.0,2.0,2.0,0,0,3,2.7,28.0,0,1,16.0,0.34,0.48,0.48,0.34,0.0,0.18,0.0,0.53,1.0,2.8,2.0,0.18,7.0,29.0,1920
1.0,8.8,8.0,8,8,26,8.6,82.0,7,9,66.0,0.39,0.42,0.38,0.36,2.0,0.4,0.36,1.16,22.0,2.95,6.0,0.36,14.0,126.0,1920
2.0,3.0,3.0,1,1,9,4.1,55.0,1,3,31.0,0.22,0.29,0.29,0.22,2.0,0.21,0.07,0.64,14.0,2.21,2.0,0.21,6.0,79.0,2021
2.0,4.8,4.8,2,2,11,6.9,54.0,2,4,41.0,0.31,0.45,0.45,0.31,1.0,0.26,0.13,0.72,17.0,2.67,6.0,0.26,3.0,60.0,2122
0.0,0.6,0.6,2,2,2,1.3,15.0,2,2,8.0,0.03,0.07,0.07,0.03,0.0,0.1,0.1,0.1,0.0,0.4,1.0,0.1,2.0,23.0,2021
0.0,1.2,1.2,0,0,5,2.3,7.0,0,2,20.0,0.1,0.2,0.2,0.1,0.0,0.18,0.0,0.45,0.0,1.78,4.0,0.18,2.0,25.0,2021
0.0,2.5,2.5,1,1,9,4.3,33.0,1,2,26.0,0.15,0.27,0.27,0.15,0.0,0.12,0.06,0.56,2.0,1.62,1.0,0.12,7.0,71.0,2122
1.0,0.4,0.4,0,0,3,0.8,9.0,0,0,8.0,0.04,0.08,0.08,0.04,0.0,0.0,0.0,0.33,2.0,0.89,2.0,0.0,2.0,18.0,2223
0.0,0.8,0.8,1,1,3,0.9,2.0,1,1,8.0,0.13,0.15,0.15,0.13,0.0,0.16,0.16,0.48,0.0,1.27,1.0,0.16,0.0,9.0,2324
1.0,1.9,1.9,2,2,11,6.8,23.0,2,8,35.0,0.06,0.23,0.23,0.06,2.0,0.28,0.07,0.38,0.0,1.2,5.0,0.28,5.0,53.0,1718
1.0,2.0,2.0,1,1,4,2.2,12.0,1,1,8.0,0.09,0.1,0.1,0.09,0.0,0.05,0.05,0.18,0.0,0.37,1.0,0.05,0.0,3.0,2021
2.0,0.7,0.7,0,0,3,1.2,24.0,0,0,9.0,0.03,0.04,0.04,0.03,0.0,0.0,0.0,0.11,0.0,0.32,1.0,0.0,0.0,20.0,2223
1.0,0.3,0.3,0,0,1,0.3,4.0,0,0,3.0,0.07,0.07,0.07,0.07,0.0,0.0,0.0,0.25,1.0,0.74,0.0,0.0,0.0,2.0,1920
0.0,2.6,2.6,1,1,6,3.6,27.0,1,1,19.0,0.08,0.1,0.1,0.08,0.0,0.03,0.03,0.17,0.0,0.55,6.0,0.03,0.0,8.0,2122
0.0,0.8,0.8,0,0,4,1.0,24.0,0,0,14.0,0.03,0.03,0.03,0.03,2.0,0.0,0.0,0.13,1.0,0.44,4.0,0.0,0.0,6.0,2223
0.0,1.5,1.5,1,1,5,2.4,24.0,1,2,14.0,0.1,0.16,0.16,0.1,0.0,0.13,0.07,0.33,0.0,0.93,2.0,0.13,8.0,37.0,2223
0.0,0.5,0.5,0,0,3,0.6,5.0,0,0,7.0,0.07,0.08,0.08,0.07,0.0,0.0,0.0,0.38,0.0,0.89,0.0,0.0,1.0,12.0,2324
1.0,0.8,0.8,0,0,3,1.5,17.0,0,1,13.0,0.07,0.12,0.12,0.07,1.0,0.08,0.0,0.25,0.0,1.09,3.0,0.08,4.0,27.0,1819
0.0,0.7,0.7,1,1,4,1.2,13.0,1,2,10.0,0.1,0.17,0.17,0.1,0.0,0.29,0.14,0.57,1.0,1.43,0.0,0.29,1.0,15.0,1920
1.0,2.3,2.1,2,2,6,3.4,22.0,2,4,31.0,0.1,0.15,0.14,0.09,1.0,0.17,0.08,0.25,0.0,1.3,2.0,0.17,2.0,25.0,2021
3.0,1.9,1.9,1,1,2,2.7,17.0,1,2,17.0,0.17,0.24,0.24,0.17,1.0,0.18,0.09,0.18,0.0,1.52,1.0,0.18,2.0,39.0,2122
2.0,1.2,1.2,3,3,8,2.3,27.0,3,4,21.0,0.08,0.16,0.16,0.08,0.0,0.28,0.21,0.55,1.0,1.45,1.0,0.28,9.0,37.0,2223
1.0,0.6,0.6,1,1,1,1.2,16.0,1,1,10.0,0.03,0.05,0.05,0.03,3.0,0.04,0.04,0.04,0.0,0.44,0.0,0.04,3.0,10.0,2021
0.0,1.0,1.0,1,1,3,3.2,31.0,1,4,12.0,0.03,0.1,0.1,0.03,0.0,0.12,0.03,0.09,3.0,0.36,0.0,0.12,6.0,107.0,2122
0.0,0.4,0.4,0,0,1,1.2,18.0,0,0,5.0,0.01,0.04,0.04,0.01,0.0,0.0,0.0,0.04,4.0,0.18,0.0,0.0,10.0,134.0,2223
0.0,0.3,0.3,0,0,1,0.5,6.0,0,0,4.0,0.02,0.03,0.03,0.02,0.0,0.0,0.0,0.07,0.0,0.27,1.0,0.0,1.0,23.0,2324
0.0,2.8,2.8,3,3,8,3.6,33.0,3,3,13.0,0.56,0.71,0.71,0.56,0.0,0.59,0.59,1.56,5.0,2.54,1.0,0.59,9.0,50.0,1819
2.0,3.7,3.7,4,4,12,7.2,42.0,4,9,36.0,0.15,0.29,0.29,0.15,4.0,0.36,0.16,0.48,0.0,1.43,4.0,0.36,15.0,100.0,1920
2.0,2.6,2.6,2,2,10,8.7,45.0,2,6,29.0,0.11,0.38,0.38,0.11,2.0,0.26,0.09,0.44,1.0,1.26,3.0,0.26,5.0,96.0,2021
0.0,1.0,1.0,2,2,8,3.7,13.0,2,4,24.0,0.05,0.19,0.19,0.05,0.0,0.2,0.1,0.4,1.0,1.2,2.0,0.2,3.0,49.0,2122
0.0,1.4,1.4,2,2,7,3.3,25.0,2,3,36.0,0.05,0.11,0.11,0.05,0.0,0.1,0.07,0.24,1.0,1.21,4.0,0.1,10.0,67.0,1819
3.0,13.8,13.8,14,14,34,17.0,131.0,14,16,97.0,0.5,0.62,0.62,0.5,1.0,0.58,0.51,1.23,36.0,3.52,8.0,0.58,21.0,169.0,1819
1.0,5.9,5.2,3,3,11,6.4,53.0,2,4,34.0,0.51,0.61,0.54,0.44,0.0,0.34,0.26,0.94,12.0,2.91,4.0,0.26,9.0,63.0,1920
5.0,8.6,7.8,7,7,13,9.2,49.0,6,8,28.0,0.78,0.9,0.83,0.7,1.0,0.72,0.63,1.17,13.0,2.53,0.0,0.63,9.0,74.0,2021
2.0,5.8,5.8,5,5,18,7.1,63.0,5,6,37.0,0.46,0.56,0.56,0.46,0.0,0.47,0.39,1.41,13.0,2.91,4.0,0.47,7.0,46.0,2122
16.0,3.4,3.4,2,2,7,4.0,38.0,2,2,27.0,0.39,0.47,0.47,0.39,5.0,0.23,0.23,0.82,8.0,3.16,3.0,0.23,5.0,43.0,2223
14.0,10.9,9.4,16,16,25,12.5,102.0,14,21,44.0,0.43,0.56,0.49,0.37,2.0,0.83,0.63,0.99,24.0,1.74,6.0,0.75,14.0,135.0,2324
1.0,1.0,1.0,0,0,4,2.1,22.0,0,0,18.0,0.06,0.13,0.13,0.06,1.0,0.0,0.0,0.24,0.0,1.08,0.0,0.0,5.0,65.0,1920
2.0,2.1,2.1,1,1,5,4.6,54.0,1,2,23.0,0.09,0.2,0.2,0.09,3.0,0.09,0.04,0.22,0.0,0.99,3.0,0.09,19.0,97.0,2021
2.0,1.9,1.9,2,2,7,4.6,42.0,2,5,31.0,0.07,0.18,0.18,0.07,6.0,0.19,0.08,0.27,0.0,1.2,5.0,0.19,14.0,90.0,2122
2.0,2.5,2.5,2,2,13,7.7,45.0,2,8,38.0,0.09,0.29,0.29,0.09,1.0,0.3,0.07,0.48,1.0,1.41,1.0,0.3,16.0,110.0,2223
2.0,1.4,1.4,1,1,5,2.5,20.0,1,1,13.0,0.13,0.22,0.22,0.13,0.0,0.09,0.09,0.44,0.0,1.14,3.0,0.09,4.0,55.0,1819
0.0,0.8,0.8,2,2,4,1.5,13.0,2,2,14.0,0.07,0.13,0.13,0.07,0.0,0.18,0.18,0.36,1.0,1.28,0.0,0.18,6.0,43.0,1920
0.0,3.0,3.0,1,1,10,5.2,37.0,1,4,32.0,0.11,0.2,0.2,0.11,0.0,0.15,0.04,0.38,1.0,1.23,4.0,0.15,11.0,61.0,2122
0.0,0.1,0.1,0,0,2,0.7,6.0,0,0,5.0,0.01,0.06,0.06,0.01,1.0,0.0,0.0,0.17,0.0,0.42,1.0,0.0,1.0,30.0,2223
2.0,1.8,1.8,3,3,6,2.7,43.0,3,3,19.0,0.08,0.12,0.12,0.08,2.0,0.13,0.13,0.26,9.0,0.83,5.0,0.13,3.0,78.0,1819
2.0,1.7,1.7,2,2,6,3.3,36.0,2,4,22.0,0.08,0.16,0.16,0.08,1.0,0.19,0.09,0.28,4.0,1.03,2.0,0.19,8.0,61.0,1920
1.0,1.1,1.1,2,2,2,2.2,11.0,2,3,10.0,0.07,0.14,0.14,0.07,0.0,0.19,0.13,0.13,3.0,0.63,1.0,0.19,2.0,24.0,2021
1.0,5.5,4.7,3,3,14,7.7,75.0,3,6,36.0,0.19,0.3,0.27,0.17,1.0,0.21,0.11,0.49,3.0,1.27,3.0,0.21,31.0,145.0,1819
0.0,1.0,1.0,2,2,3,2.2,14.0,2,3,4.0,0.12,0.25,0.25,0.12,0.0,0.34,0.23,0.34,0.0,0.46,0.0,0.34,7.0,44.0,1920
0.0,1.7,1.7,1,1,5,3.9,27.0,1,3,15.0,0.14,0.34,0.34,0.14,1.0,0.26,0.09,0.43,2.0,1.28,0.0,0.26,5.0,62.0,2021
0.0,0.2,0.2,0,0,1,1.1,10.0,0,1,3.0,0.08,0.5,0.5,0.08,0.0,0.45,0.0,0.45,1.0,1.36,0.0,0.45,2.0,15.0,2122
0.0,0.8,0.8,0,0,7,1.6,11.0,0,0,10.0,0.21,0.44,0.44,0.21,1.0,0.0,0.0,1.87,0.0,2.68,1.0,0.0,3.0,25.0,2223
2.0,1.2,1.2,0,0,1,2.7,17.0,0,1,27.0,0.05,0.11,0.11,0.05,0.0,0.04,0.0,0.04,0.0,1.14,1.0,0.04,1.0,28.0,1718
5.0,1.2,1.2,1,1,2,2.6,14.0,1,3,30.0,0.04,0.09,0.09,0.04,0.0,0.1,0.03,0.07,1.0,1.0,2.0,0.1,0.0,13.0,1920
0.0,2.7,2.7,1,1,9,4.8,40.0,1,2,34.0,0.1,0.18,0.18,0.1,1.0,0.07,0.04,0.34,4.0,1.27,3.0,0.07,2.0,51.0,2324
0.0,0.7,0.7,0,0,2,2.7,9.0,0,2,8.0,0.03,0.12,0.12,0.03,1.0,0.09,0.0,0.09,0.0,0.34,2.0,0.09,1.0,2.0,1819
1.0,1.3,1.3,1,1,3,3.2,35.0,1,1,23.0,0.05,0.11,0.11,0.05,4.0,0.03,0.03,0.1,4.0,0.8,4.0,0.03,2.0,17.0,2324
3.0,3.2,3.2,4,4,8,4.4,57.0,4,5,28.0,0.17,0.24,0.24,0.17,1.0,0.27,0.22,0.43,1.0,1.51,1.0,0.27,9.0,95.0,1819
2.0,1.7,1.7,3,3,9,2.6,30.0,3,4,18.0,0.15,0.22,0.22,0.15,3.0,0.35,0.26,0.78,1.0,1.56,2.0,0.35,12.0,53.0,1920
4.0,1.9,1.9,2,2,10,4.0,46.0,2,5,18.0,0.12,0.25,0.25,0.12,1.0,0.32,0.13,0.63,0.0,1.13,2.0,0.32,14.0,75.0,2021
3.0,3.4,3.4,4,4,9,4.9,59.0,4,5,33.0,0.16,0.24,0.24,0.16,1.0,0.24,0.19,0.44,0.0,1.6,4.0,0.24,11.0,60.0,2122
2.0,3.2,3.2,3,3,9,4.6,48.0,3,4,28.0,0.11,0.17,0.17,0.11,2.0,0.14,0.11,0.32,0.0,1.0,5.0,0.14,11.0,67.0,2223
0.0,1.8,1.8,2,2,11,4.1,27.0,2,4,19.0,0.12,0.27,0.27,0.12,0.0,0.27,0.13,0.73,0.0,1.26,1.0,0.27,6.0,52.0,2324
0.0,0.5,0.5,1,1,5,0.6,13.0,1,1,9.0,0.03,0.04,0.04,0.03,0.0,0.06,0.06,0.29,3.0,0.53,0.0,0.06,2.0,3.0,1920
0.0,0.5,0.5,0,0,1,0.5,8.0,0,0,6.0,0.04,0.04,0.04,0.04,0.0,0.0,0.0,0.08,0.0,0.48,1.0,0.0,0.0,3.0,2122
3.0,1.7,0.9,2,2,6,1.0,14.0,1,2,8.0,0.43,0.44,0.24,0.23,1.0,0.49,0.49,1.48,0.0,1.98,1.0,0.25,3.0,14.0,2122
0.0,1.5,1.5,3,3,7,2.8,40.0,3,4,27.0,0.09,0.16,0.16,0.09,2.0,0.24,0.18,0.41,0.0,1.59,1.0,0.24,10.0,40.0,2223
1.0,1.5,1.5,0,0,3,2.5,23.0,0,2,16.0,0.13,0.22,0.22,0.13,1.0,0.18,0.0,0.27,1.0,1.42,1.0,0.18,2.0,53.0,2324
6.0,1.5,1.5,2,2,2,1.5,22.0,2,2,11.0,0.31,0.32,0.32,0.31,1.0,0.42,0.42,0.42,7.0,2.3,0.0,0.42,6.0,30.0,2324
2.0,0.9,0.9,2,2,3,2.4,24.0,2,2,7.0,0.15,0.41,0.41,0.15,2.0,0.34,0.34,0.51,1.0,1.18,1.0,0.34,5.0,51.0,2021
10.0,4.4,4.4,3,3,11,6.3,61.0,3,4,40.0,0.17,0.24,0.24,0.17,5.0,0.15,0.12,0.43,2.0,1.55,4.0,0.15,4.0,60.0,2324
2.0,1.3,1.3,1,1,3,3.2,30.0,1,4,12.0,0.04,0.1,0.1,0.04,0.0,0.13,0.03,0.1,1.0,0.39,0.0,0.13,6.0,145.0,1920
0.0,3.0,3.0,2,2,12,4.3,31.0,2,2,23.0,0.1,0.15,0.15,0.1,1.0,0.07,0.07,0.41,4.0,0.78,1.0,0.07,2.0,113.0,2021
5.0,1.3,1.3,4,4,6,2.4,32.0,4,4,14.0,0.14,0.27,0.27,0.14,2.0,0.44,0.44,0.66,1.0,1.53,3.0,0.44,6.0,78.0,2021
1.0,5.3,5.3,5,5,19,7.2,70.0,5,7,51.0,0.27,0.36,0.36,0.27,1.0,0.35,0.25,0.96,12.0,2.58,7.0,0.35,11.0,140.0,2122
2.0,2.1,2.1,1,1,4,3.3,27.0,1,2,13.0,0.29,0.46,0.46,0.29,3.0,0.28,0.14,0.55,1.0,1.79,2.0,0.28,5.0,36.0,2223
3.0,1.8,1.8,2,2,8,3.4,26.0,2,5,18.0,0.25,0.48,0.48,0.25,2.0,0.71,0.28,1.14,2.0,2.56,1.0,0.71,6.0,54.0,2324
1.0,0.2,0.2,1,1,4,2.1,3.0,1,2,9.0,0.01,0.08,0.08,0.01,1.0,0.07,0.04,0.14,1.0,0.32,1.0,0.07,2.0,23.0,2021
0.0,0.2,0.2,1,1,1,0.9,4.0,1,2,6.0,0.01,0.06,0.06,0.01,2.0,0.13,0.06,0.06,0.0,0.39,0.0,0.13,1.0,13.0,2122
11.0,3.4,3.4,3,3,8,4.2,60.0,3,4,27.0,0.21,0.26,0.26,0.21,2.0,0.25,0.19,0.5,7.0,1.68,3.0,0.25,34.0,105.0,1819
4.0,4.4,4.4,11,11,20,7.7,149.0,11,13,57.0,0.16,0.28,0.28,0.16,2.0,0.47,0.39,0.72,10.0,2.04,5.0,0.47,76.0,250.0,1920
0.0,3.6,3.6,4,4,15,4.5,74.0,4,6,32.0,0.18,0.23,0.23,0.18,0.0,0.3,0.2,0.76,9.0,1.61,2.0,0.3,30.0,169.0,2021
0.0,1.0,1.0,0,0,5,2.2,59.0,0,0,21.0,0.12,0.26,0.26,0.12,2.0,0.0,0.0,0.59,3.0,2.47,3.0,0.0,27.0,77.0,2122
2.0,1.0,1.0,0,0,5,1.8,34.0,0,2,15.0,0.13,0.24,0.24,0.13,5.0,0.27,0.0,0.67,2.0,2.01,1.0,0.27,22.0,58.0,2122
6.0,1.9,1.9,2,2,3,4.7,37.0,2,7,13.0,0.22,0.54,0.54,0.22,6.0,0.81,0.23,0.35,1.0,1.5,1.0,0.81,20.0,78.0,2223
1.0,4.3,4.3,6,6,19,8.5,87.0,6,12,39.0,0.19,0.38,0.38,0.19,2.0,0.54,0.27,0.86,9.0,1.76,6.0,0.54,39.0,170.0,2324
9.0,7.6,7.6,8,8,19,13.8,122.0,8,15,38.0,0.25,0.46,0.46,0.25,7.0,0.5,0.27,0.63,8.0,1.26,6.0,0.5,46.0,250.0,2223
5.0,8.2,8.2,9,9,21,14.0,205.0,9,16,55.0,0.33,0.56,0.56,0.33,5.0,0.64,0.36,0.84,12.0,2.2,5.0,0.64,73.0,348.0,2324
1.0,2.8,2.8,2,2,7,5.7,118.0,2,5,36.0,0.11,0.22,0.22,0.11,2.0,0.19,0.08,0.27,6.0,1.4,4.0,0.19,49.0,281.0,2021
6.0,0.7,0.7,1,1,2,2.4,21.0,1,3,5.0,0.13,0.45,0.45,0.13,2.0,0.58,0.19,0.38,0.0,0.96,1.0,0.58,11.0,43.0,2122
3.0,2.7,2.7,6,6,12,7.5,89.0,6,8,26.0,0.19,0.53,0.53,0.19,8.0,0.56,0.42,0.84,0.0,1.81,2.0,0.56,47.0,156.0,2223
3.0,0.6,0.6,1,1,4,0.8,12.0,1,1,6.0,0.48,0.64,0.64,0.48,6.0,0.81,0.81,3.24,0.0,4.86,2.0,0.81,7.0,19.0,2324
0.0,0.3,0.3,0,0,2,0.5,10.0,0,1,5.0,0.17,0.28,0.28,0.17,0.0,0.51,0.0,1.02,0.0,2.56,2.0,0.51,1.0,20.0,2223
0.0,0.6,0.6,1,1,2,2.9,51.0,1,3,8.0,0.03,0.12,0.12,0.03,2.0,0.12,0.04,0.08,2.0,0.33,0.0,0.12,19.0,130.0,1920
0.0,0.2,0.2,0,0,1,1.0,28.0,0,2,5.0,0.01,0.06,0.06,0.01,1.0,0.12,0.0,0.06,4.0,0.3,1.0,0.12,5.0,87.0,2021
0.0,0.1,0.1,0,0,1,1.4,21.0,0,1,3.0,0.0,0.09,0.09,0.0,1.0,0.06,0.0,0.06,0.0,0.19,0.0,0.06,3.0,78.0,2122
1.0,0.7,0.7,1,1,2,0.8,6.0,1,1,6.0,0.22,0.25,0.25,0.22,0.0,0.3,0.3,0.6,1.0,1.81,0.0,0.3,0.0,31.0,2425
7.0,8.0,8.0,5,5,18,13.5,95.0,5,9,54.0,0.37,0.62,0.62,0.37,2.0,0.41,0.23,0.82,3.0,2.46,7.0,0.41,40.0,154.0,2122
0.0,5.9,5.9,7,7,19,8.8,94.0,7,9,45.0,0.32,0.47,0.47,0.32,0.0,0.48,0.38,1.02,3.0,2.41,10.0,0.48,40.0,136.0,2223
0.0,0.7,0.7,0,0,2,1.7,20.0,0,0,14.0,0.14,0.36,0.36,0.14,1.0,0.0,0.0,0.42,2.0,2.93,1.0,0.0,5.0,34.0,2324
1.0,4.7,3.9,4,4,13,6.6,49.0,3,6,31.0,0.25,0.4,0.36,0.21,0.0,0.32,0.22,0.7,7.0,1.68,3.0,0.27,5.0,109.0,1819
9.0,1.9,1.9,1,1,6,2.9,32.0,1,1,22.0,0.18,0.28,0.28,0.18,4.0,0.1,0.1,0.58,0.0,2.12,1.0,0.1,4.0,73.0,1920
0.0,0.6,0.6,2,2,6,1.0,8.0,2,2,8.0,0.16,0.24,0.24,0.16,0.0,0.49,0.49,1.47,1.0,1.96,2.0,0.49,1.0,22.0,2122
2.0,0.4,0.4,2,2,4,0.5,12.0,2,2,6.0,0.12,0.14,0.14,0.12,1.0,0.61,0.61,1.22,2.0,1.82,1.0,0.61,3.0,12.0,2021
4.0,1.8,1.8,2,2,5,1.9,19.0,2,3,9.0,0.47,0.51,0.51,0.47,0.0,0.79,0.53,1.32,1.0,2.38,1.0,0.79,2.0,11.0,2122
0.0,4.1,3.3,4,4,7,3.7,34.0,3,4,18.0,0.45,0.49,0.4,0.36,0.0,0.44,0.44,0.76,1.0,1.96,3.0,0.33,6.0,42.0,2223
0.0,0.2,0.2,0,0,1,0.4,9.0,0,0,7.0,0.02,0.03,0.03,0.02,0.0,0.0,0.0,0.07,0.0,0.5,1.0,0.0,1.0,17.0,1819
1.0,0.2,0.2,0,0,1,0.5,7.0,0,0,6.0,0.05,0.14,0.14,0.05,0.0,0.0,0.0,0.29,0.0,1.74,2.0,0.0,1.0,17.0,2223
0.0,1.2,1.2,1,1,2,1.3,14.0,1,1,7.0,0.15,0.16,0.16,0.15,0.0,0.13,0.13,0.25,1.0,0.88,0.0,0.13,0.0,29.0,2324
0.0,3.3,3.3,2,2,8,4.0,46.0,2,2,19.0,0.38,0.46,0.46,0.38,0.0,0.23,0.23,0.92,5.0,2.2,3.0,0.23,14.0,55.0,1819
0.0,0.2,0.2,1,1,2,3.8,23.0,1,7,9.0,0.01,0.13,0.13,0.01,3.0,0.24,0.03,0.07,3.0,0.3,1.0,0.24,8.0,180.0,2324
0.0,0.5,0.5,1,1,1,0.7,7.0,1,1,1.0,0.37,0.57,0.57,0.37,0.0,0.81,0.81,0.81,1.0,0.81,0.0,0.81,1.0,9.0,2223
0.0,1.5,1.5,1,1,11,7.7,82.0,1,6,32.0,0.05,0.26,0.26,0.05,7.0,0.2,0.03,0.37,8.0,1.06,2.0,0.2,38.0,288.0,1819
0.0,0.3,0.3,0,0,2,8.0,60.0,0,7,11.0,0.01,0.21,0.21,0.01,6.0,0.19,0.0,0.05,3.0,0.29,1.0,0.19,40.0,349.0,1920
0.0,0.4,0.4,0,0,1,5.0,27.0,0,3,10.0,0.02,0.25,0.25,0.02,0.0,0.15,0.0,0.05,2.0,0.5,0.0,0.15,10.0,181.0,2122
0.0,0.3,0.3,0,0,3,3.1,29.0,0,0,10.0,0.01,0.14,0.14,0.01,2.0,0.0,0.0,0.14,7.0,0.45,0.0,0.0,9.0,207.0,2223
1.0,0.1,0.1,0,0,2,2.1,17.0,0,2,7.0,0.01,0.09,0.09,0.01,0.0,0.09,0.0,0.09,1.0,0.31,1.0,0.09,9.0,141.0,2324
2.0,0.2,0.2,0,0,1,2.2,11.0,0,1,5.0,0.03,0.27,0.27,0.03,2.0,0.12,0.0,0.12,1.0,0.62,1.0,0.12,3.0,37.0,1819
7.0,8.9,8.9,13,13,25,10.4,108.0,13,15,61.0,0.4,0.47,0.47,0.4,1.0,0.68,0.59,1.13,26.0,2.75,6.0,0.68,18.0,134.0,1920
0.0,0.8,0.8,0,0,2,1.1,10.0,0,0,11.0,0.03,0.04,0.04,0.03,1.0,0.0,0.0,0.08,1.0,0.45,2.0,0.0,0.0,4.0,2324
0.0,1.6,1.6,4,4,7,2.6,32.0,4,5,22.0,0.16,0.26,0.26,0.16,0.0,0.51,0.4,0.71,1.0,2.22,2.0,0.51,8.0,53.0,1819
2.0,2.5,2.5,1,1,8,4.5,65.0,1,2,30.0,0.1,0.18,0.18,0.1,1.0,0.08,0.04,0.32,1.0,1.2,2.0,0.08,14.0,141.0,2223
1.0,2.6,2.6,2,2,11,3.8,67.0,2,3,37.0,0.12,0.18,0.18,0.12,3.0,0.15,0.1,0.53,1.0,1.79,6.0,0.15,13.0,120.0,2324
7.0,7.0,6.2,7,7,19,9.1,83.0,6,10,51.0,0.25,0.36,0.33,0.22,1.0,0.36,0.25,0.69,19.0,1.84,3.0,0.32,8.0,155.0,1819
1.0,5.2,4.5,7,7,10,5.3,49.0,6,8,27.0,0.31,0.36,0.31,0.26,2.0,0.47,0.41,0.59,9.0,1.59,1.0,0.41,5.0,73.0,1920
2.0,1.8,1.0,1,1,3,1.2,21.0,0,3,12.0,0.28,0.31,0.18,0.15,1.0,0.47,0.16,0.47,2.0,1.89,2.0,0.32,2.0,22.0,2021
1.0,0.9,0.9,1,1,1,1.1,13.0,1,1,10.0,0.06,0.07,0.07,0.06,1.0,0.06,0.06,0.06,0.0,0.59,0.0,0.06,0.0,1.0,1920
1.0,0.7,0.7,0,0,3,2.4,32.0,0,3,8.0,0.02,0.07,0.07,0.02,0.0,0.09,0.0,0.09,1.0,0.25,1.0,0.09,2.0,4.0,2122
1.0,1.6,1.6,0,0,6,3.0,42.0,0,2,21.0,0.12,0.22,0.22,0.12,1.0,0.15,0.0,0.44,0.0,1.55,4.0,0.15,7.0,97.0,2021
3.0,2.0,2.0,1,1,4,3.1,33.0,1,2,21.0,0.13,0.19,0.19,0.13,3.0,0.12,0.06,0.24,1.0,1.28,4.0,0.12,6.0,109.0,2122
2.0,3.0,3.0,3,3,6,5.9,58.0,3,6,26.0,0.12,0.24,0.24,0.12,3.0,0.24,0.12,0.24,6.0,1.06,1.0,0.24,11.0,186.0,2223
2.0,2.6,2.6,4,4,17,7.6,32.0,4,8,58.0,0.08,0.24,0.24,0.08,2.0,0.25,0.13,0.53,4.0,1.82,2.0,0.25,5.0,92.0,1819
1.0,1.9,1.9,2,2,7,5.3,38.0,2,4,29.0,0.08,0.21,0.21,0.08,6.0,0.16,0.08,0.28,2.0,1.16,3.0,0.16,6.0,82.0,1920
0.0,1.7,1.7,1,1,4,4.9,29.0,1,7,24.0,0.06,0.19,0.18,0.06,1.0,0.26,0.04,0.15,0.0,0.9,1.0,0.26,3.0,59.0,2021
0.0,0.8,0.8,0,0,1,2.5,23.0,0,1,16.0,0.03,0.09,0.09,0.03,1.0,0.04,0.0,0.04,1.0,0.57,1.0,0.04,3.0,64.0,2122
0.0,0.9,0.9,0,0,3,1.5,8.0,0,1,13.0,0.05,0.08,0.08,0.05,0.0,0.06,0.0,0.17,0.0,0.73,0.0,0.06,0.0,22.0,2223
5.0,0.2,0.2,0,0,1,0.2,3.0,0,0,6.0,0.04,0.05,0.05,0.04,2.0,0.0,0.0,0.24,0.0,1.42,1.0,0.0,0.0,1.0,2324
8.0,3.2,3.2,6,6,12,6.8,60.0,6,6,23.0,0.17,0.36,0.36,0.17,3.0,0.32,0.32,0.64,2.0,1.22,2.0,0.32,29.0,170.0,1819
2.0,6.0,3.7,8,8,11,9.2,68.0,6,11,31.0,0.26,0.51,0.4,0.16,6.0,0.48,0.35,0.48,7.0,1.35,2.0,0.39,23.0,178.0,1920
0.0,0.6,0.6,2,2,5,3.5,35.0,2,8,10.0,0.04,0.25,0.25,0.04,1.0,0.56,0.14,0.35,2.0,0.7,1.0,0.56,7.0,121.0,2021
0.0,2.0,2.0,0,0,3,3.4,20.0,0,1,10.0,0.38,0.65,0.65,0.38,2.0,0.19,0.0,0.57,0.0,1.91,0.0,0.19,9.0,46.0,2122
9.0,8.0,8.0,5,5,30,14.6,129.0,5,11,70.0,0.37,0.68,0.68,0.37,2.0,0.51,0.23,1.4,8.0,3.27,9.0,0.51,53.0,198.0,1819
8.0,10.4,9.7,9,9,39,12.7,143.0,9,11,77.0,0.47,0.61,0.57,0.43,3.0,0.49,0.4,1.75,7.0,3.46,5.0,0.49,48.0,222.0,1920
6.0,6.9,6.3,8,8,22,8.5,142.0,7,11,53.0,0.32,0.42,0.4,0.3,1.0,0.51,0.37,1.02,4.0,2.47,8.0,0.47,34.0,187.0,2021
3.0,4.6,4.6,6,6,16,6.8,85.0,6,7,35.0,0.4,0.6,0.6,0.4,1.0,0.61,0.53,1.4,1.0,3.07,5.0,0.61,26.0,93.0,2122
0.0,3.4,3.4,3,3,8,4.7,37.0,3,4,22.0,0.33,0.45,0.45,0.33,0.0,0.38,0.28,0.76,2.0,2.08,5.0,0.38,9.0,61.0,2223
2.0,0.6,0.6,0,0,2,1.4,17.0,0,0,4.0,0.13,0.29,0.29,0.13,2.0,0.0,0.0,0.42,0.0,0.84,0.0,0.0,2.0,57.0,2324
1.0,0.7,0.7,2,2,4,0.8,11.0,2,2,10.0,0.04,0.04,0.04,0.04,0.0,0.11,0.11,0.22,5.0,0.54,0.0,0.11,0.0,6.0,1920
1.0,1.4,1.4,1,1,3,1.9,12.0,1,1,8.0,0.06,0.08,0.08,0.06,0.0,0.04,0.04,0.13,3.0,0.35,2.0,0.04,1.0,2.0,2021
0.0,0.6,0.6,1,1,2,0.9,7.0,1,1,8.0,0.07,0.12,0.12,0.07,0.0,0.13,0.13,0.27,0.0,1.08,3.0,0.13,1.0,33.0,2021
0.0,0.3,0.3,0,0,1,0.7,8.0,0,0,5.0,0.03,0.06,0.06,0.03,0.0,0.0,0.0,0.08,0.0,0.42,0.0,0.0,0.0,13.0,1819
0.0,0.2,0.2,0,0,2,0.3,6.0,0,0,6.0,0.01,0.02,0.02,0.01,1.0,0.0,0.0,0.12,1.0,0.37,1.0,0.0,0.0,5.0,2223
0.0,0.8,0.8,0,0,2,2.1,28.0,0,1,19.0,0.04,0.1,0.1,0.04,0.0,0.05,0.0,0.1,0.0,0.96,4.0,0.05,3.0,105.0,2324
1.0,0.5,0.5,0,0,1,2.3,20.0,0,0,7.0,0.02,0.09,0.09,0.02,4.0,0.0,0.0,0.04,3.0,0.29,1.0,0.0,1.0,60.0,2223
0.0,0.6,0.6,1,1,1,1.9,20.0,1,5,11.0,0.02,0.08,0.08,0.02,0.0,0.2,0.04,0.04,1.0,0.44,1.0,0.2,6.0,75.0,2324
0.0,1.6,1.6,1,1,4,2.7,35.0,1,2,15.0,0.17,0.28,0.28,0.17,0.0,0.21,0.11,0.42,0.0,1.58,1.0,0.21,11.0,51.0,1920
2.0,3.9,3.0,8,8,12,3.5,38.0,8,8,18.0,0.36,0.41,0.33,0.28,0.0,0.74,0.74,1.1,0.0,1.66,3.0,0.74,11.0,34.0,2021
3.0,3.2,3.2,2,2,11,4.4,59.0,2,2,35.0,0.14,0.2,0.2,0.14,6.0,0.09,0.09,0.49,0.0,1.55,1.0,0.09,14.0,77.0,2122
1.0,7.0,7.0,3,3,16,13.0,114.0,3,9,58.0,0.25,0.46,0.46,0.25,0.0,0.32,0.11,0.56,3.0,2.04,7.0,0.32,33.0,152.0,2223
0.0,0.8,0.8,1,1,3,1.4,18.0,1,1,7.0,0.17,0.3,0.3,0.17,2.0,0.21,0.21,0.64,1.0,1.5,2.0,0.21,5.0,26.0,2324
0.0,1.0,1.0,1,1,3,2.1,11.0,1,1,10.0,0.14,0.29,0.29,0.14,1.0,0.14,0.14,0.41,3.0,1.37,1.0,0.14,1.0,18.0,1819
0.0,6.6,6.6,6,6,15,7.8,44.0,6,6,31.0,0.7,0.83,0.83,0.7,0.0,0.63,0.63,1.59,12.0,3.28,3.0,0.63,3.0,39.0,2021
0.0,0.6,0.6,1,1,1,0.7,5.0,1,1,2.0,0.09,0.11,0.11,0.09,0.0,0.16,0.16,0.16,1.0,0.33,0.0,0.16,0.0,18.0,1819
0.0,0.3,0.3,0,0,1,0.6,10.0,0,0,5.0,0.01,0.02,0.02,0.01,1.0,0.0,0.0,0.04,0.0,0.19,0.0,0.0,0.0,54.0,1920
0.0,0.1,0.1,0,0,1,0.6,10.0,0,1,2.0,0.0,0.02,0.02,0.0,0.0,0.04,0.0,0.04,1.0,0.08,0.0,0.04,3.0,35.0,2021
1.0,0.3,0.3,0,0,1,0.8,12.0,0,0,10.0,0.01,0.03,0.03,0.01,0.0,0.0,0.0,0.04,1.0,0.36,0.0,0.0,0.0,37.0,2122
0.0,1.1,1.1,1,1,2,1.5,21.0,1,1,8.0,0.04,0.06,0.06,0.04,1.0,0.04,0.04,0.08,0.0,0.32,1.0,0.04,1.0,46.0,2223
2.0,8.3,8.3,7,7,24,13.5,102.0,7,12,56.0,0.35,0.57,0.57,0.35,2.0,0.51,0.3,1.01,4.0,2.37,3.0,0.51,24.0,160.0,1819
4.0,5.4,4.6,4,4,19,7.1,74.0,3,6,43.0,0.25,0.36,0.32,0.21,1.0,0.27,0.18,0.86,6.0,1.95,4.0,0.23,13.0,104.0,2021
6.0,3.3,3.3,4,4,14,5.2,78.0,4,5,45.0,0.12,0.18,0.18,0.12,1.0,0.18,0.14,0.49,3.0,1.58,9.0,0.18,10.0,90.0,2122
2.0,7.1,7.1,6,6,19,9.4,96.0,6,7,51.0,0.24,0.32,0.32,0.24,1.0,0.24,0.2,0.64,1.0,1.72,8.0,0.24,13.0,150.0,2223
4.0,3.1,3.1,2,2,7,5.9,38.0,2,3,19.0,0.22,0.41,0.41,0.22,3.0,0.21,0.14,0.49,0.0,1.34,4.0,0.21,6.0,60.0,2324
0.0,1.2,1.2,4,4,9,3.3,6.0,4,7,19.0,0.04,0.12,0.12,0.04,0.0,0.24,0.14,0.31,0.0,0.66,2.0,0.24,1.0,27.0,2223
0.0,0.2,0.2,0,0,2,1.0,5.0,0,0,7.0,0.01,0.07,0.07,0.01,0.0,0.0,0.0,0.15,1.0,0.52,1.0,0.0,2.0,47.0,2021
0.0,0.8,0.8,2,2,3,6.2,27.0,2,7,16.0,0.03,0.19,0.19,0.03,0.0,0.22,0.06,0.09,4.0,0.5,0.0,0.22,9.0,157.0,2122
0.0,0.1,0.1,0,0,1,0.9,9.0,0,0,2.0,0.01,0.13,0.13,0.01,3.0,0.0,0.0,0.14,0.0,0.28,0.0,0.0,5.0,38.0,2223
1.0,1.0,1.0,0,0,1,3.6,29.0,0,3,17.0,0.04,0.16,0.16,0.04,2.0,0.13,0.0,0.04,0.0,0.75,3.0,0.13,13.0,117.0,2324
1.0,0.7,0.7,1,1,1,1.0,23.0,1,1,12.0,0.04,0.05,0.05,0.04,1.0,0.05,0.05,0.05,0.0,0.6,0.0,0.05,1.0,12.0,2223
3.0,1.9,1.9,1,1,10,2.7,61.0,1,2,34.0,0.06,0.08,0.08,0.06,0.0,0.06,0.03,0.32,4.0,1.07,8.0,0.06,5.0,61.0,2324
2.0,0.1,0.1,0,0,2,0.2,4.0,0,0,4.0,0.05,0.08,0.08,0.05,1.0,0.0,0.0,0.71,0.0,1.42,1.0,0.0,3.0,6.0,2324
1.0,4.6,4.6,4,4,12,6.4,67.0,4,5,34.0,0.38,0.52,0.52,0.38,0.0,0.4,0.32,0.97,1.0,2.75,3.0,0.4,18.0,121.0,1819
0.0,0.7,0.7,1,1,6,1.1,23.0,1,1,15.0,0.12,0.19,0.19,0.12,0.0,0.18,0.18,1.06,1.0,2.65,3.0,0.18,4.0,39.0,1920
1.0,1.6,1.6,2,2,5,2.1,29.0,2,2,19.0,0.05,0.07,0.07,0.05,1.0,0.06,0.06,0.16,0.0,0.62,1.0,0.06,2.0,6.0,2021
0.0,0.7,0.7,1,1,1,1.1,26.0,1,2,11.0,0.02,0.04,0.04,0.02,0.0,0.07,0.03,0.03,1.0,0.38,0.0,0.07,2.0,4.0,2122
0.0,0.6,0.6,0,0,5,3.5,25.0,0,2,17.0,0.02,0.12,0.12,0.02,0.0,0.07,0.0,0.17,0.0,0.59,2.0,0.07,5.0,62.0,2021
0.0,1.4,1.4,2,2,5,2.3,24.0,2,3,10.0,0.2,0.34,0.34,0.2,0.0,0.43,0.29,0.71,0.0,1.43,0.0,0.43,2.0,57.0,1819
6.0,2.4,2.4,1,1,11,5.0,45.0,1,4,42.0,0.08,0.17,0.17,0.08,4.0,0.13,0.03,0.37,0.0,1.4,3.0,0.13,8.0,66.0,2223
0.0,0.3,0.3,0,0,1,0.6,12.0,0,0,5.0,0.02,0.03,0.03,0.02,0.0,0.0,0.0,0.05,1.0,0.26,0.0,0.0,0.0,5.0,1819
4.0,0.4,0.4,0,0,1,0.5,12.0,0,0,6.0,0.03,0.04,0.04,0.03,0.0,0.0,0.0,0.08,1.0,0.48,0.0,0.0,0.0,1.0,1920
2.0,0.9,0.9,1,1,5,1.1,10.0,1,1,9.0,0.07,0.09,0.09,0.07,2.0,0.08,0.08,0.4,0.0,0.72,1.0,0.08,0.0,7.0,2122
1.0,1.0,1.0,2,2,3,2.4,27.0,2,4,11.0,0.05,0.12,0.12,0.05,0.0,0.2,0.1,0.15,1.0,0.54,3.0,0.2,1.0,34.0,2223
2.0,1.0,1.0,1,1,2,1.3,10.0,1,1,4.0,0.09,0.11,0.11,0.09,0.0,0.08,0.08,0.17,0.0,0.34,0.0,0.08,1.0,24.0,2324
0.0,2.7,2.7,1,1,5,3.6,33.0,1,1,20.0,0.41,0.55,0.55,0.41,1.0,0.15,0.15,0.75,9.0,3.02,1.0,0.15,3.0,27.0,1819
1.0,0.6,0.6,0,0,2,1.4,16.0,0,1,8.0,0.07,0.15,0.15,0.07,0.0,0.11,0.0,0.22,0.0,0.87,1.0,0.11,2.0,35.0,2021
3.0,0.9,0.9,1,1,1,1.0,6.0,1,1,2.0,0.39,0.45,0.45,0.39,4.0,0.44,0.44,0.44,0.0,0.87,0.0,0.44,1.0,5.0,2122
3.0,4.0,4.0,3,3,8,7.5,74.0,3,7,36.0,0.13,0.25,0.25,0.13,1.0,0.24,0.1,0.27,2.0,1.21,7.0,0.24,3.0,92.0,2324
2.0,1.4,1.4,2,2,10,2.7,21.0,2,2,38.0,0.05,0.09,0.09,0.05,3.0,0.07,0.07,0.34,0.0,1.29,1.0,0.07,3.0,45.0,2021
1.0,2.3,2.3,2,2,12,3.9,19.0,2,5,41.0,0.07,0.12,0.12,0.07,3.0,0.15,0.06,0.37,1.0,1.27,7.0,0.15,1.0,66.0,2122
1.0,2.0,2.0,1,1,9,3.8,14.0,1,4,36.0,0.07,0.14,0.14,0.07,3.0,0.15,0.04,0.33,3.0,1.32,8.0,0.15,1.0,50.0,2223
0.0,0.6,0.6,1,1,5,2.9,13.0,1,4,16.0,0.03,0.14,0.14,0.03,0.0,0.2,0.05,0.25,0.0,0.8,1.0,0.2,2.0,46.0,2324
0.0,1.1,1.1,1,1,3,1.3,10.0,1,2,6.0,0.06,0.08,0.08,0.06,0.0,0.12,0.06,0.18,1.0,0.35,2.0,0.12,0.0,1.0,2324
3.0,1.9,1.8,4,4,9,5.3,50.0,4,6,30.0,0.07,0.2,0.2,0.07,1.0,0.22,0.15,0.33,2.0,1.11,4.0,0.22,6.0,63.0,1920
0.0,3.1,3.1,3,3,8,4.7,33.0,3,4,27.0,0.22,0.33,0.33,0.22,6.0,0.28,0.21,0.56,1.0,1.88,2.0,0.28,2.0,57.0,2021
5.0,5.5,3.9,5,5,8,7.3,56.0,4,10,34.0,0.26,0.42,0.34,0.19,3.0,0.47,0.24,0.38,5.0,1.6,4.0,0.42,8.0,117.0,1819
0.0,4.4,4.4,5,5,10,7.9,40.0,5,8,24.0,0.24,0.43,0.43,0.24,0.0,0.44,0.28,0.55,13.0,1.32,1.0,0.44,10.0,67.0,1920
12.0,4.9,2.5,6,6,8,7.9,69.0,3,17,22.0,0.24,0.51,0.39,0.13,5.0,0.84,0.3,0.4,9.0,1.09,1.0,0.69,24.0,106.0,2021
12.0,8.1,8.1,12,12,22,14.7,93.0,12,17,54.0,0.35,0.63,0.63,0.35,9.0,0.74,0.52,0.95,7.0,2.34,4.0,0.74,25.0,161.0,2122
5.0,7.2,6.6,12,12,22,17.6,95.0,12,21,44.0,0.24,0.61,0.59,0.22,7.0,0.71,0.4,0.74,23.0,1.48,7.0,0.71,24.0,197.0,2223
2.0,5.9,5.9,5,5,25,14.1,110.0,5,12,60.0,0.24,0.57,0.57,0.24,1.0,0.49,0.2,1.02,13.0,2.45,6.0,0.49,13.0,221.0,2324
0.0,1.2,1.2,1,1,4,2.5,22.0,1,2,21.0,0.05,0.11,0.11,0.05,0.0,0.09,0.04,0.17,0.0,0.9,4.0,0.09,0.0,14.0,2122
1.0,1.2,1.2,0,0,3,2.1,17.0,0,1,10.0,0.09,0.15,0.15,0.09,0.0,0.07,0.0,0.22,1.0,0.75,0.0,0.07,2.0,32.0,2324
11.0,5.2,4.4,6,6,10,5.8,62.0,6,6,29.0,0.36,0.46,0.4,0.31,7.0,0.42,0.42,0.7,0.0,2.02,8.0,0.42,1.0,89.0,2223
9.0,9.4,8.5,11,11,34,13.6,107.0,11,18,72.0,0.32,0.49,0.46,0.29,3.0,0.61,0.37,1.15,9.0,2.44,9.0,0.61,5.0,115.0,2324
13.0,9.0,5.8,7,7,21,14.5,91.0,3,15,64.0,0.31,0.62,0.51,0.2,3.0,0.52,0.24,0.73,20.0,2.24,6.0,0.38,34.0,247.0,1718
1.0,8.4,7.6,13,13,27,13.0,92.0,12,16,66.0,0.25,0.41,0.39,0.23,4.0,0.48,0.39,0.81,2.0,1.98,4.0,0.45,26.0,265.0,1819
6.0,5.6,3.3,1,1,23,5.9,59.0,0,5,45.0,0.26,0.39,0.28,0.15,9.0,0.23,0.05,1.07,5.0,2.09,7.0,0.19,30.0,132.0,1920
1.0,4.2,4.2,6,6,20,9.3,68.0,6,15,60.0,0.13,0.28,0.28,0.13,2.0,0.45,0.18,0.6,3.0,1.81,5.0,0.45,23.0,262.0,2021
6.0,3.0,3.0,1,1,12,6.7,80.0,1,3,51.0,0.11,0.25,0.25,0.11,7.0,0.11,0.04,0.44,14.0,1.89,3.0,0.11,36.0,200.0,2122
3.0,8.2,8.2,6,6,28,14.7,140.0,6,13,71.0,0.27,0.47,0.47,0.27,2.0,0.42,0.19,0.91,12.0,2.3,8.0,0.42,29.0,345.0,2223
2.0,0.7,0.7,1,1,2,0.8,11.0,1,1,7.0,0.27,0.3,0.3,0.27,0.0,0.36,0.36,0.71,0.0,2.49,0.0,0.36,5.0,11.0,1920
11.0,3.7,3.7,2,2,10,5.6,69.0,2,2,29.0,0.24,0.37,0.37,0.24,3.0,0.13,0.13,0.66,2.0,1.9,3.0,0.13,16.0,97.0,2021
1.0,12.8,12.0,11,11,33,14.8,160.0,10,14,78.0,0.44,0.54,0.51,0.42,2.0,0.48,0.38,1.14,10.0,2.69,12.0,0.45,34.0,200.0,2122
8.0,3.0,2.2,1,1,6,3.3,37.0,1,3,20.0,0.5,0.68,0.55,0.37,2.0,0.51,0.17,1.01,3.0,3.38,5.0,0.51,6.0,46.0,2223
18.0,6.1,5.3,8,8,16,7.4,73.0,7,10,40.0,0.36,0.48,0.43,0.31,2.0,0.59,0.47,0.94,3.0,2.34,5.0,0.53,10.0,101.0,2324
1.0,8.5,6.9,9,9,18,10.5,146.0,7,11,78.0,0.27,0.38,0.33,0.22,3.0,0.35,0.28,0.56,15.0,2.45,7.0,0.28,20.0,189.0,1819
5.0,4.5,4.5,1,1,13,7.1,97.0,1,4,47.0,0.22,0.35,0.35,0.22,2.0,0.2,0.05,0.65,7.0,2.34,7.0,0.2,12.0,111.0,1920
2.0,3.0,3.0,5,5,16,10.0,63.0,5,16,40.0,0.09,0.3,0.3,0.09,9.0,0.47,0.15,0.47,4.0,1.18,5.0,0.47,22.0,303.0,2122
3.0,4.2,4.2,2,2,12,12.6,114.0,2,11,48.0,0.15,0.44,0.44,0.15,4.0,0.38,0.07,0.42,3.0,1.67,12.0,0.38,22.0,240.0,2223
3.0,1.3,1.3,3,3,8,5.9,36.0,3,7,28.0,0.06,0.26,0.26,0.06,8.0,0.3,0.13,0.35,3.0,1.22,3.0,0.3,7.0,172.0,2324
24.0,14.6,12.3,15,15,30,15.8,141.0,13,15,67.0,0.47,0.58,0.51,0.39,4.0,0.48,0.48,0.96,6.0,2.15,8.0,0.42,25.0,182.0,2122
19.0,23.6,15.1,24,24,44,21.2,214.0,14,28,95.0,0.67,0.84,0.6,0.43,4.0,0.8,0.68,1.25,23.0,2.7,13.0,0.51,39.0,297.0,2223
16.0,17.5,15.0,19,19,43,18.3,128.0,17,23,76.0,0.6,0.71,0.63,0.51,5.0,0.79,0.65,1.47,13.0,2.6,9.0,0.72,22.0,198.0,2324
3.0,5.1,5.1,3,3,17,11.2,83.0,3,12,51.0,0.16,0.36,0.36,0.16,6.0,0.39,0.1,0.55,1.0,1.64,2.0,0.39,33.0,199.0,1819
4.0,4.1,3.3,3,3,13,7.3,71.0,2,9,35.0,0.18,0.35,0.32,0.14,5.0,0.39,0.13,0.57,3.0,1.53,1.0,0.35,30.0,162.0,1920
1.0,4.3,3.5,4,4,11,6.4,55.0,3,9,46.0,0.18,0.3,0.26,0.14,0.0,0.37,0.17,0.45,6.0,1.9,8.0,0.33,24.0,117.0,2021
1.0,2.1,2.1,1,1,8,4.3,44.0,1,1,22.0,0.18,0.37,0.37,0.18,1.0,0.08,0.08,0.68,2.0,1.86,4.0,0.08,11.0,71.0,2122
4.0,1.7,1.7,1,1,6,3.2,28.0,1,2,16.0,0.23,0.45,0.45,0.23,4.0,0.28,0.14,0.83,1.0,2.22,3.0,0.28,7.0,57.0,2122
3.0,4.1,4.1,4,4,9,7.8,109.0,4,8,51.0,0.18,0.35,0.35,0.18,1.0,0.36,0.18,0.4,5.0,2.29,3.0,0.36,50.0,178.0,2223
2.0,4.6,4.6,3,3,15,6.6,84.0,3,4,39.0,0.25,0.35,0.35,0.25,0.0,0.21,0.16,0.8,5.0,2.09,2.0,0.21,36.0,154.0,2324
0.0,1.8,1.8,2,2,5,1.9,31.0,2,2,16.0,0.29,0.32,0.32,0.29,0.0,0.33,0.33,0.83,2.0,2.67,2.0,0.33,12.0,55.0,2425
2.0,3.3,3.3,5,5,15,5.8,41.0,5,6,44.0,0.1,0.18,0.18,0.1,2.0,0.19,0.16,0.48,4.0,1.4,6.0,0.19,9.0,142.0,1920
0.0,1.1,1.1,2,2,9,3.5,41.0,2,4,21.0,0.04,0.13,0.13,0.04,1.0,0.15,0.08,0.34,0.0,0.79,1.0,0.15,9.0,122.0,2021
0.0,0.2,0.2,0,0,1,1.0,9.0,0,1,5.0,0.03,0.15,0.15,0.03,0.0,0.15,0.0,0.15,0.0,0.77,2.0,0.15,1.0,31.0,2122
0.0,1.3,1.3,1,1,4,4.0,40.0,1,3,20.0,0.04,0.13,0.13,0.04,0.0,0.1,0.03,0.13,4.0,0.65,1.0,0.1,5.0,133.0,1920
1.0,0.3,0.3,0,0,1,0.7,10.0,0,1,6.0,0.01,0.03,0.03,0.01,0.0,0.04,0.0,0.04,0.0,0.26,1.0,0.04,1.0,2.0,1920
2.0,0.8,0.8,1,1,2,0.9,21.0,1,1,9.0,0.03,0.03,0.03,0.03,2.0,0.04,0.04,0.08,1.0,0.37,0.0,0.04,2.0,12.0,2021
4.0,1.1,1.1,1,1,2,1.5,19.0,1,1,10.0,0.04,0.06,0.06,0.04,1.0,0.04,0.04,0.07,2.0,0.36,1.0,0.04,0.0,4.0,2223
3.0,2.1,2.1,4,4,10,2.3,34.0,4,5,26.0,0.07,0.08,0.08,0.07,0.0,0.17,0.14,0.34,1.0,0.89,3.0,0.17,1.0,4.0,2324
0.0,3.2,3.2,3,3,7,7.4,17.0,3,9,22.0,0.18,0.43,0.43,0.18,1.0,0.52,0.17,0.4,2.0,1.27,3.0,0.52,4.0,53.0,1819
6.0,0.9,0.9,1,1,8,2.6,8.0,1,2,23.0,0.09,0.25,0.25,0.09,2.0,0.19,0.09,0.76,0.0,2.18,3.0,0.19,1.0,15.0,1819
1.0,2.5,2.5,6,6,14,6.1,22.0,6,8,45.0,0.1,0.26,0.26,0.1,3.0,0.34,0.25,0.59,1.0,1.91,4.0,0.34,7.0,28.0,1920
2.0,2.5,2.5,1,1,9,5.5,22.0,1,4,42.0,0.09,0.19,0.19,0.09,1.0,0.14,0.03,0.31,0.0,1.44,6.0,0.14,0.0,24.0,2021
0.0,0.9,0.9,2,2,14,1.9,3.0,2,3,30.0,0.04,0.09,0.09,0.04,0.0,0.14,0.09,0.64,0.0,1.36,0.0,0.14,1.0,7.0,2122
0.0,1.6,1.6,2,2,5,2.8,61.0,2,4,18.0,0.05,0.09,0.09,0.05,0.0,0.12,0.06,0.16,2.0,0.56,0.0,0.12,20.0,180.0,1920
1.0,1.0,1.0,2,2,5,2.3,21.0,2,2,10.0,0.09,0.21,0.21,0.09,0.0,0.18,0.18,0.44,0.0,0.88,0.0,0.18,9.0,56.0,2122
0.0,0.3,0.3,1,1,2,1.3,13.0,1,1,9.0,0.02,0.1,0.1,0.02,0.0,0.07,0.07,0.14,1.0,0.64,0.0,0.07,4.0,46.0,2223
0.0,0.6,0.6,1,1,2,1.4,12.0,1,2,3.0,0.04,0.09,0.09,0.04,0.0,0.13,0.07,0.13,0.0,0.2,0.0,0.13,0.0,4.0,2122
0.0,4.6,4.6,5,5,23,14.2,81.0,5,16,55.0,0.14,0.43,0.43,0.14,1.0,0.48,0.15,0.7,13.0,1.67,4.0,0.48,40.0,220.0,1819
0.0,0.3,0.3,0,0,1,2.2,18.0,0,1,11.0,0.03,0.17,0.17,0.03,2.0,0.08,0.0,0.08,4.0,0.84,1.0,0.08,9.0,110.0,1920
0.0,0.8,0.8,1,1,2,0.9,11.0,1,1,7.0,0.04,0.05,0.05,0.04,0.0,0.06,0.06,0.11,0.0,0.39,0.0,0.06,2.0,36.0,1819
0.0,0.6,0.6,0,0,5,2.6,9.0,0,5,20.0,0.02,0.11,0.11,0.02,2.0,0.21,0.0,0.21,1.0,0.82,5.0,0.21,4.0,83.0,1718
1.0,0.8,0.8,0,0,3,2.8,20.0,0,2,24.0,0.03,0.11,0.11,0.03,1.0,0.08,0.0,0.12,1.0,0.99,3.0,0.08,5.0,98.0,1819
1.0,0.7,0.7,1,1,4,1.7,28.0,1,2,16.0,0.03,0.07,0.07,0.03,0.0,0.08,0.04,0.17,1.0,0.67,1.0,0.08,9.0,92.0,1920
0.0,0.2,0.2,1,1,1,0.5,8.0,1,1,4.0,0.03,0.06,0.06,0.03,0.0,0.11,0.11,0.11,0.0,0.44,1.0,0.11,2.0,33.0,2021
0.0,0.1,0.1,1,1,1,0.1,0.0,1,1,1.0,0.1,0.1,0.1,0.1,0.0,0.99,0.99,0.99,0.0,0.99,0.0,0.99,0.0,1.0,2324
9.0,2.9,2.9,1,1,3,4.0,56.0,1,3,27.0,0.22,0.31,0.31,0.22,2.0,0.23,0.08,0.23,9.0,2.06,5.0,0.23,9.0,90.0,1819
3.0,2.2,2.2,1,1,11,2.9,57.0,1,4,26.0,0.09,0.13,0.13,0.09,3.0,0.17,0.04,0.47,5.0,1.12,5.0,0.17,14.0,109.0,2021
4.0,3.1,3.1,3,3,8,5.9,67.0,3,6,35.0,0.14,0.26,0.26,0.14,3.0,0.27,0.13,0.36,2.0,1.56,3.0,0.27,24.0,151.0,2122
4.0,3.2,3.2,4,4,10,6.4,98.0,4,7,32.0,0.1,0.21,0.21,0.1,7.0,0.23,0.13,0.33,4.0,1.06,6.0,0.23,31.0,174.0,2223
0.0,3.9,3.9,4,4,19,8.1,95.0,4,11,48.0,0.14,0.29,0.29,0.14,0.0,0.39,0.14,0.67,7.0,1.7,7.0,0.39,20.0,173.0,2324
0.0,0.4,0.4,0,0,1,0.5,6.0,0,0,5.0,0.05,0.06,0.06,0.05,0.0,0.0,0.0,0.12,1.0,0.62,1.0,0.0,1.0,13.0,1819
0.0,0.7,0.7,2,2,3,3.5,17.0,2,3,15.0,0.03,0.17,0.17,0.03,0.0,0.14,0.1,0.14,2.0,0.72,2.0,0.14,4.0,57.0,1819
0.0,0.4,0.4,0,0,4,1.7,10.0,0,0,11.0,0.03,0.13,0.13,0.03,3.0,0.0,0.0,0.31,0.0,0.86,1.0,0.0,4.0,50.0,1920
0.0,0.1,0.1,0,0,2,1.9,14.0,0,3,4.0,0.0,0.06,0.06,0.0,2.0,0.1,0.0,0.07,0.0,0.14,1.0,0.1,6.0,41.0,2021
1.0,0.3,0.3,0,0,2,3.7,6.0,0,2,14.0,0.01,0.12,0.12,0.01,2.0,0.06,0.0,0.06,0.0,0.43,3.0,0.06,3.0,43.0,2122
1.0,0.8,0.8,1,1,2,3.8,10.0,1,3,14.0,0.03,0.13,0.13,0.03,1.0,0.1,0.03,0.07,1.0,0.46,1.0,0.1,2.0,42.0,2223
0.0,0.6,0.6,1,1,1,2.5,18.0,1,2,9.0,0.03,0.11,0.11,0.03,2.0,0.09,0.04,0.04,0.0,0.4,1.0,0.09,5.0,68.0,2324
4.0,1.5,1.5,1,1,1,3.2,32.0,1,4,16.0,0.07,0.15,0.15,0.07,5.0,0.18,0.05,0.05,1.0,0.72,1.0,0.18,2.0,59.0,1819
1.0,1.1,1.1,4,4,8,4.2,43.0,4,9,20.0,0.04,0.17,0.17,0.04,1.0,0.36,0.16,0.32,0.0,0.8,3.0,0.36,5.0,77.0,1920
2.0,1.3,1.3,1,1,4,2.8,15.0,1,2,14.0,0.07,0.15,0.15,0.07,5.0,0.11,0.05,0.21,0.0,0.74,0.0,0.11,1.0,21.0,2021
0.0,1.5,1.5,2,2,6,5.0,38.0,2,7,31.0,0.05,0.17,0.17,0.05,2.0,0.24,0.07,0.21,3.0,1.07,2.0,0.24,5.0,116.0,2122
0.0,0.1,0.1,0,0,1,0.3,2.0,0,1,3.0,0.01,0.03,0.03,0.01,1.0,0.11,0.0,0.11,0.0,0.32,0.0,0.11,1.0,8.0,1920
0.0,0.8,0.8,0,0,2,2.0,26.0,0,0,9.0,0.04,0.1,0.1,0.04,2.0,0.0,0.0,0.1,2.0,0.45,1.0,0.0,8.0,101.0,2122
1.0,0.9,0.9,0,0,5,1.8,20.0,0,2,13.0,0.03,0.07,0.07,0.03,0.0,0.07,0.0,0.18,0.0,0.48,2.0,0.07,6.0,99.0,2223
0.0,0.9,0.9,1,1,2,2.0,22.0,1,1,11.0,0.04,0.1,0.1,0.04,0.0,0.05,0.05,0.1,0.0,0.55,2.0,0.05,2.0,40.0,2324
0.0,1.1,1.1,1,1,7,1.7,6.0,1,2,15.0,0.05,0.08,0.08,0.05,0.0,0.1,0.05,0.35,0.0,0.75,2.0,0.1,1.0,44.0,1819
4.0,0.8,0.8,0,0,1,1.1,24.0,0,1,10.0,0.15,0.22,0.22,0.15,4.0,0.2,0.0,0.2,1.0,2.05,0.0,0.2,3.0,21.0,1920
5.0,4.5,2.9,4,4,6,4.7,71.0,4,8,32.0,0.3,0.42,0.31,0.19,3.0,0.53,0.27,0.4,9.0,2.12,3.0,0.53,1.0,53.0,2223
0.0,6.5,6.5,5,5,9,8.9,64.0,5,8,35.0,0.41,0.57,0.57,0.41,0.0,0.51,0.32,0.57,7.0,2.22,5.0,0.51,2.0,73.0,2324
0.0,0.9,0.9,1,1,2,1.6,17.0,1,1,11.0,0.21,0.38,0.38,0.21,1.0,0.24,0.24,0.47,3.0,2.61,2.0,0.24,1.0,7.0,2425
1.0,1.1,1.1,2,2,2,2.0,11.0,2,4,7.0,0.09,0.15,0.15,0.09,1.0,0.31,0.16,0.16,0.0,0.54,1.0,0.31,1.0,10.0,1819
0.0,0.6,0.6,1,1,1,1.3,11.0,1,2,2.0,0.03,0.08,0.08,0.03,0.0,0.12,0.06,0.06,0.0,0.12,1.0,0.12,3.0,8.0,1920
0.0,0.2,0.2,0,0,1,0.6,11.0,0,0,4.0,0.02,0.06,0.06,0.02,1.0,0.0,0.0,0.09,0.0,0.37,1.0,0.0,1.0,9.0,2021
10.0,4.9,1.0,6,6,8,3.7,22.0,1,6,24.0,0.17,0.26,0.13,0.03,2.0,0.21,0.21,0.27,0.0,0.82,2.0,0.03,5.0,51.0,1920
4.0,8.1,4.1,10,10,14,6.7,34.0,5,12,35.0,0.37,0.49,0.31,0.19,8.0,0.53,0.44,0.61,2.0,1.53,1.0,0.31,10.0,56.0,2021
4.0,4.6,3.1,4,4,8,8.5,31.0,3,12,27.0,0.18,0.39,0.33,0.12,3.0,0.47,0.16,0.31,1.0,1.05,6.0,0.43,4.0,70.0,2122
2.0,2.9,2.9,1,1,8,7.9,34.0,1,3,36.0,0.12,0.33,0.33,0.12,0.0,0.12,0.04,0.33,1.0,1.48,3.0,0.12,11.0,81.0,2324
1.0,0.8,0.8,1,1,3,1.2,25.0,1,1,5.0,0.07,0.1,0.1,0.07,2.0,0.09,0.09,0.26,0.0,0.43,1.0,0.09,9.0,52.0,2324
2.0,1.8,1.8,2,2,4,8.5,91.0,2,10,13.0,0.05,0.25,0.25,0.05,5.0,0.3,0.06,0.12,9.0,0.39,0.0,0.3,20.0,372.0,1819
3.0,1.4,1.4,2,2,3,5.7,64.0,2,7,7.0,0.06,0.23,0.23,0.06,5.0,0.29,0.08,0.12,5.0,0.29,0.0,0.29,8.0,244.0,1920
2.0,1.9,1.9,3,3,10,9.5,118.0,3,8,27.0,0.06,0.28,0.28,0.06,10.0,0.24,0.09,0.3,10.0,0.8,0.0,0.24,14.0,354.0,2021
0.0,1.2,1.2,0,0,2,1.3,17.0,0,0,9.0,0.39,0.42,0.42,0.39,0.0,0.0,0.0,0.65,0.0,2.93,0.0,0.0,6.0,37.0,1819
0.0,0.8,0.8,1,1,3,1.4,27.0,1,2,9.0,0.09,0.16,0.16,0.09,0.0,0.23,0.11,0.34,0.0,1.02,0.0,0.23,14.0,47.0,1819
0.0,0.9,0.9,1,1,7,1.0,26.0,1,1,16.0,0.03,0.04,0.04,0.03,0.0,0.03,0.03,0.23,0.0,0.54,0.0,0.03,0.0,6.0,2122
0.0,1.2,1.2,3,3,7,1.5,25.0,3,4,20.0,0.06,0.07,0.07,0.06,0.0,0.18,0.14,0.32,0.0,0.92,0.0,0.18,2.0,30.0,2324
0.0,0.8,0.8,1,1,1,0.9,2.0,1,1,3.0,0.11,0.13,0.13,0.11,0.0,0.15,0.15,0.15,0.0,0.44,0.0,0.15,0.0,0.0,1920
0.0,0.7,0.7,0,0,3,3.1,26.0,0,3,10.0,0.02,0.11,0.11,0.02,3.0,0.11,0.0,0.11,0.0,0.37,0.0,0.11,7.0,111.0,1920
5.0,11.5,9.9,14,14,21,16.5,151.0,12,19,55.0,0.39,0.61,0.56,0.34,3.0,0.65,0.48,0.71,21.0,1.87,7.0,0.58,28.0,193.0,1819
8.0,6.3,4.7,5,5,9,8.1,92.0,3,8,30.0,0.3,0.46,0.38,0.22,2.0,0.38,0.24,0.43,16.0,1.43,1.0,0.29,14.0,154.0,1920
10.0,6.0,5.2,8,8,12,7.5,58.0,8,10,23.0,0.33,0.46,0.42,0.29,5.0,0.56,0.45,0.67,10.0,1.28,1.0,0.56,1.0,95.0,2021
4.0,3.4,3.4,4,4,11,7.8,84.0,4,13,26.0,0.14,0.32,0.32,0.14,7.0,0.54,0.16,0.45,3.0,1.07,2.0,0.54,26.0,204.0,2021
2.0,4.9,4.9,4,4,20,8.2,77.0,4,11,46.0,0.25,0.42,0.42,0.25,0.0,0.56,0.2,1.02,13.0,2.35,8.0,0.56,21.0,153.0,2122
6.0,2.6,2.6,2,2,11,4.0,49.0,2,2,29.0,0.15,0.23,0.23,0.15,3.0,0.12,0.12,0.64,4.0,1.68,3.0,0.12,12.0,144.0,2324
7.0,3.2,0.9,4,4,1,3.7,10.0,1,6,9.0,0.12,0.23,0.14,0.03,1.0,0.23,0.15,0.04,0.0,0.34,1.0,0.11,2.0,29.0,1920
0.0,5.8,0.3,6,6,2,3.0,13.0,0,8,9.0,0.23,0.34,0.12,0.01,1.0,0.32,0.24,0.08,0.0,0.36,2.0,0.08,1.0,19.0,2122
0.0,1.7,0.1,2,2,1,0.5,8.0,0,2,3.0,0.12,0.14,0.03,0.01,2.0,0.14,0.14,0.07,0.0,0.21,0.0,0.0,1.0,10.0,2223
1.0,0.5,0.5,0,0,2,1.2,12.0,0,0,8.0,0.04,0.09,0.09,0.04,1.0,0.0,0.0,0.15,1.0,0.62,2.0,0.0,2.0,21.0,2021
0.0,0.9,0.9,1,1,3,1.6,15.0,1,2,18.0,0.03,0.05,0.05,0.03,6.0,0.06,0.03,0.09,0.0,0.55,0.0,0.06,2.0,20.0,2122
0.0,0.6,0.6,0,0,1,4.1,14.0,0,6,12.0,0.02,0.15,0.15,0.02,3.0,0.22,0.0,0.04,3.0,0.44,1.0,0.22,2.0,28.0,2223
1.0,0.6,0.6,0,0,7,2.6,18.0,0,3,21.0,0.02,0.09,0.09,0.02,0.0,0.1,0.0,0.24,0.0,0.73,2.0,0.1,2.0,40.0,2324
0.0,2.6,2.6,2,2,9,2.7,42.0,2,4,28.0,0.08,0.08,0.08,0.08,0.0,0.12,0.06,0.28,2.0,0.86,1.0,0.12,1.0,7.0,1718
1.0,1.0,1.0,2,2,5,4.3,30.0,2,5,12.0,0.08,0.32,0.32,0.08,3.0,0.37,0.15,0.37,4.0,0.89,0.0,0.37,7.0,82.0,2122
0.0,0.1,0.1,1,1,2,2.0,23.0,1,3,5.0,0.01,0.09,0.09,0.01,2.0,0.13,0.04,0.08,0.0,0.21,0.0,0.13,12.0,110.0,1819
0.0,0.2,0.2,0,0,2,1.7,26.0,0,2,7.0,0.01,0.06,0.06,0.01,0.0,0.07,0.0,0.07,1.0,0.25,1.0,0.07,7.0,141.0,1920
0.0,0.1,0.1,0,0,1,1.1,6.0,0,0,2.0,0.01,0.16,0.16,0.01,0.0,0.0,0.0,0.14,0.0,0.28,0.0,0.0,0.0,44.0,2021
0.0,0.1,0.1,0,0,3,0.3,7.0,0,0,6.0,0.01,0.02,0.02,0.01,1.0,0.0,0.0,0.23,1.0,0.46,0.0,0.0,0.0,57.0,2122
11.0,1.6,1.6,2,2,5,1.6,26.0,2,2,17.0,0.24,0.25,0.25,0.24,2.0,0.3,0.3,0.76,4.0,2.57,0.0,0.3,3.0,28.0,1819
11.0,11.7,11.0,11,11,29,13.0,130.0,10,13,86.0,0.38,0.44,0.42,0.36,3.0,0.42,0.36,0.94,6.0,2.78,13.0,0.39,5.0,117.0,1920
14.0,12.8,9.6,11,11,28,13.4,134.0,9,14,89.0,0.38,0.49,0.4,0.28,4.0,0.42,0.33,0.83,14.0,2.65,7.0,0.36,11.0,137.0,2021
16.0,12.9,7.4,14,14,33,11.9,159.0,8,18,90.0,0.37,0.5,0.34,0.21,2.0,0.52,0.4,0.95,11.0,2.59,15.0,0.35,19.0,137.0,2122
10.0,14.5,10.5,16,16,33,13.0,152.0,11,18,87.0,0.44,0.51,0.39,0.32,2.0,0.54,0.48,0.99,26.0,2.62,7.0,0.39,16.0,147.0,2223
3.0,0.3,0.3,0,0,1,0.6,12.0,0,0,6.0,0.01,0.02,0.02,0.01,0.0,0.0,0.0,0.03,1.0,0.2,1.0,0.0,1.0,3.0,2122
2.0,1.9,1.9,0,0,7,2.6,61.0,0,1,34.0,0.06,0.08,0.08,0.06,3.0,0.03,0.0,0.22,2.0,1.09,4.0,0.03,4.0,69.0,2021
4.0,1.4,1.4,2,2,9,3.9,32.0,2,5,29.0,0.04,0.12,0.12,0.04,2.0,0.15,0.06,0.27,0.0,0.88,2.0,0.15,6.0,37.0,2122
0.0,1.5,1.5,4,4,6,3.0,32.0,4,6,18.0,0.1,0.19,0.19,0.1,0.0,0.39,0.26,0.39,0.0,1.17,1.0,0.39,9.0,69.0,2223
0.0,0.2,0.2,0,0,1,0.5,13.0,0,0,5.0,0.02,0.06,0.06,0.02,2.0,0.0,0.0,0.11,1.0,0.54,0.0,0.0,3.0,22.0,2324
3.0,3.6,3.6,6,6,12,5.0,23.0,6,8,18.0,0.44,0.61,0.61,0.44,0.0,0.98,0.73,1.47,4.0,2.2,1.0,0.98,5.0,58.0,1920
0.0,2.4,2.4,2,2,9,2.8,32.0,2,2,19.0,0.27,0.31,0.31,0.27,0.0,0.22,0.22,1.01,2.0,2.13,1.0,0.22,7.0,57.0,2021
4.0,1.5,1.5,2,2,2,1.6,10.0,2,2,4.0,0.63,0.68,0.68,0.63,2.0,0.85,0.85,0.85,1.0,1.7,0.0,0.85,0.0,19.0,1819
5.0,4.2,4.2,4,4,13,5.6,53.0,4,6,30.0,0.26,0.36,0.36,0.26,2.0,0.38,0.25,0.83,6.0,1.91,6.0,0.38,5.0,79.0,1920
2.0,5.5,5.5,5,5,20,9.3,82.0,5,7,44.0,0.2,0.34,0.34,0.2,1.0,0.25,0.18,0.72,6.0,1.58,5.0,0.25,13.0,114.0,2021
2.0,2.9,2.9,2,2,5,4.5,48.0,2,4,25.0,0.18,0.28,0.28,0.18,2.0,0.24,0.12,0.3,2.0,1.52,1.0,0.24,7.0,93.0,2223
1.0,1.3,1.3,2,2,6,2.6,41.0,2,4,17.0,0.1,0.2,0.2,0.1,1.0,0.3,0.15,0.46,2.0,1.29,3.0,0.3,7.0,67.0,2324
4.0,1.2,1.2,4,4,13,9.5,34.0,4,11,26.0,0.04,0.3,0.3,0.04,10.0,0.35,0.13,0.42,4.0,0.83,3.0,0.35,4.0,106.0,1920
3.0,2.3,2.3,4,4,14,9.1,26.0,4,14,37.0,0.1,0.37,0.37,0.1,9.0,0.57,0.16,0.57,0.0,1.52,4.0,0.57,5.0,66.0,2021
1.0,2.2,1.4,5,5,11,8.4,20.0,4,11,27.0,0.07,0.3,0.27,0.05,6.0,0.35,0.16,0.35,0.0,0.87,2.0,0.32,4.0,56.0,2223
3.0,1.1,1.1,1,1,7,8.3,23.0,1,7,25.0,0.05,0.34,0.34,0.05,7.0,0.29,0.04,0.29,2.0,1.03,2.0,0.29,4.0,114.0,2324
6.0,13.5,8.7,12,12,18,12.5,160.0,7,15,66.0,0.41,0.52,0.38,0.27,4.0,0.46,0.36,0.55,7.0,2.01,3.0,0.3,46.0,248.0,1819
0.0,6.5,4.1,6,6,10,8.2,84.0,3,10,23.0,0.29,0.47,0.37,0.18,0.0,0.45,0.27,0.45,7.0,1.03,2.0,0.31,23.0,151.0,1920
0.0,8.9,8.1,5,5,16,11.9,105.0,4,8,49.0,0.36,0.51,0.48,0.32,0.0,0.32,0.2,0.64,8.0,1.96,6.0,0.28,20.0,157.0,2122
11.0,3.1,3.1,2,2,8,4.5,33.0,2,4,29.0,0.34,0.49,0.49,0.34,4.0,0.44,0.22,0.88,2.0,3.18,4.0,0.44,5.0,74.0,2223
3.0,9.0,7.4,11,11,29,12.6,136.0,9,15,84.0,0.29,0.46,0.41,0.24,1.0,0.49,0.36,0.95,5.0,2.74,9.0,0.42,22.0,182.0,2324
3.0,2.3,2.3,3,3,13,3.7,33.0,3,6,26.0,0.14,0.23,0.23,0.14,4.0,0.38,0.19,0.83,2.0,1.65,1.0,0.38,20.0,111.0,1819
7.0,3.8,3.8,3,3,16,9.7,67.0,3,7,42.0,0.21,0.52,0.52,0.21,3.0,0.38,0.16,0.86,4.0,2.26,7.0,0.38,33.0,146.0,1920
0.0,3.6,3.6,7,7,21,7.4,54.0,7,10,47.0,0.18,0.37,0.37,0.18,1.0,0.5,0.35,1.04,2.0,2.33,5.0,0.5,20.0,155.0,2021
0.0,4.3,4.3,7,7,17,9.9,57.0,7,9,44.0,0.17,0.39,0.39,0.17,1.0,0.35,0.28,0.67,5.0,1.73,7.0,0.35,20.0,186.0,2122
0.0,0.1,0.1,0,0,1,0.5,3.0,0,1,2.0,0.03,0.17,0.17,0.03,0.0,0.33,0.0,0.33,1.0,0.66,1.0,0.33,2.0,17.0,2223
1.0,1.4,1.4,2,2,3,1.4,9.0,2,2,7.0,0.56,0.57,0.57,0.56,0.0,0.81,0.81,1.22,0.0,2.84,0.0,0.81,1.0,18.0,1819
15.0,10.6,9.9,12,12,37,17.4,156.0,12,19,100.0,0.45,0.76,0.73,0.41,5.0,0.8,0.5,1.55,6.0,4.2,9.0,0.8,69.0,286.0,1819
6.0,10.2,10.2,15,15,36,17.8,124.0,15,20,81.0,0.55,0.96,0.96,0.55,9.0,1.08,0.81,1.95,3.0,4.38,12.0,1.08,50.0,195.0,1920
3.0,4.9,3.3,6,6,17,13.5,99.0,4,15,57.0,0.29,0.89,0.8,0.2,3.0,0.88,0.35,1.0,8.0,3.36,5.0,0.77,37.0,194.0,2021
0.0,1.4,0.6,0,0,2,2.9,14.0,0,2,11.0,0.1,0.26,0.2,0.04,1.0,0.14,0.0,0.14,0.0,0.77,2.0,0.14,3.0,46.0,2324
0.0,0.5,0.5,1,1,3,0.6,13.0,1,1,4.0,0.06,0.08,0.08,0.06,0.0,0.14,0.14,0.42,0.0,0.56,2.0,0.14,2.0,33.0,2122
0.0,0.8,0.8,3,3,5,2.4,21.0,3,4,10.0,0.05,0.17,0.17,0.05,2.0,0.29,0.21,0.36,1.0,0.71,2.0,0.29,4.0,63.0,2324
0.0,1.0,1.0,2,2,5,1.4,12.0,2,3,7.0,0.06,0.08,0.08,0.06,1.0,0.17,0.11,0.29,0.0,0.4,0.0,0.17,1.0,14.0,1819
0.0,1.3,1.3,0,0,6,2.3,22.0,0,1,24.0,0.06,0.1,0.1,0.06,1.0,0.04,0.0,0.26,5.0,1.05,2.0,0.04,1.0,23.0,1920
1.0,0.5,0.5,0,0,2,0.6,11.0,0,0,8.0,0.05,0.06,0.06,0.05,0.0,0.0,0.0,0.19,2.0,0.76,2.0,0.0,0.0,9.0,2122
0.0,0.5,0.5,1,1,1,1.0,10.0,1,1,6.0,0.04,0.07,0.07,0.04,1.0,0.08,0.08,0.08,2.0,0.46,0.0,0.08,0.0,6.0,2223
2.0,0.7,0.7,0,0,4,1.1,14.0,0,0,10.0,0.18,0.3,0.3,0.18,1.0,0.0,0.0,1.07,1.0,2.67,0.0,0.0,8.0,24.0,1920
2.0,1.4,1.4,2,2,6,1.8,33.0,2,3,21.0,0.16,0.21,0.21,0.16,1.0,0.34,0.23,0.68,5.0,2.39,1.0,0.34,9.0,60.0,1920
0.0,1.7,1.7,2,2,9,3.5,30.0,2,3,29.0,0.17,0.34,0.34,0.17,0.0,0.29,0.19,0.87,3.0,2.81,5.0,0.29,7.0,85.0,2324
4.0,5.7,5.7,3,3,16,14.1,116.0,3,13,61.0,0.2,0.48,0.48,0.2,7.0,0.44,0.1,0.54,18.0,2.07,7.0,0.44,11.0,247.0,1819
0.0,5.2,5.2,4,4,14,11.8,70.0,4,11,42.0,0.22,0.49,0.49,0.22,1.0,0.46,0.17,0.58,10.0,1.74,4.0,0.46,6.0,224.0,1920
1.0,0.4,0.4,0,0,1,1.5,14.0,0,1,10.0,0.06,0.2,0.2,0.06,2.0,0.14,0.0,0.14,0.0,1.36,0.0,0.14,0.0,41.0,2021
0.0,1.8,1.8,1,1,5,4.2,41.0,1,3,17.0,0.12,0.29,0.29,0.12,1.0,0.21,0.07,0.35,3.0,1.18,3.0,0.21,4.0,105.0,2122
1.0,2.4,2.4,2,2,8,7.6,57.0,2,9,44.0,0.07,0.22,0.22,0.07,2.0,0.26,0.06,0.23,2.0,1.25,2.0,0.26,15.0,158.0,1920
2.0,1.5,0.7,1,1,4,2.8,14.0,0,3,12.0,0.18,0.43,0.34,0.09,2.0,0.36,0.12,0.48,1.0,1.44,1.0,0.24,4.0,48.0,2021
0.0,1.5,0.6,2,2,5,1.7,19.0,2,4,12.0,0.09,0.16,0.11,0.03,0.0,0.25,0.13,0.32,1.0,0.76,4.0,0.25,4.0,55.0,2122
0.0,1.0,1.0,3,3,5,5.1,23.0,3,9,17.0,0.04,0.19,0.19,0.04,0.0,0.34,0.11,0.19,2.0,0.64,0.0,0.34,12.0,58.0,1819
0.0,0.6,0.6,0,0,3,1.0,24.0,0,1,15.0,0.06,0.11,0.11,0.06,0.0,0.11,0.0,0.34,4.0,1.7,1.0,0.11,12.0,58.0,1819
1.0,0.4,0.4,0,0,2,2.0,40.0,0,1,9.0,0.02,0.09,0.09,0.02,7.0,0.05,0.0,0.09,2.0,0.41,1.0,0.05,5.0,119.0,1920
2.0,2.6,2.6,1,1,5,6.5,52.0,1,8,24.0,0.08,0.21,0.21,0.08,4.0,0.25,0.03,0.16,12.0,0.76,1.0,0.25,6.0,201.0,2021
1.0,1.2,1.2,2,2,9,3.8,21.0,2,6,18.0,0.06,0.18,0.18,0.06,3.0,0.29,0.1,0.43,4.0,0.87,1.0,0.29,3.0,92.0,2122
0.0,0.5,0.5,1,1,1,3.1,15.0,1,3,10.0,0.02,0.15,0.15,0.02,1.0,0.15,0.05,0.05,1.0,0.5,0.0,0.15,5.0,97.0,2324
4.0,13.6,9.7,12,12,28,15.7,175.0,9,17,60.0,0.38,0.55,0.44,0.27,2.0,0.48,0.34,0.79,22.0,1.69,8.0,0.39,73.0,265.0,1819
13.0,4.6,4.6,4,4,15,9.2,122.0,4,6,41.0,0.16,0.33,0.33,0.16,3.0,0.21,0.14,0.54,15.0,1.46,4.0,0.21,48.0,207.0,1920
13.0,7.2,6.5,13,13,26,11.4,125.0,13,16,57.0,0.27,0.45,0.42,0.24,7.0,0.59,0.48,0.96,18.0,2.1,4.0,0.59,42.0,190.0,2021
7.0,14.3,10.4,13,13,31,15.6,138.0,10,20,76.0,0.47,0.65,0.52,0.34,0.0,0.66,0.43,1.03,15.0,2.52,8.0,0.56,54.0,241.0,2122
7.0,6.5,6.5,7,7,21,8.2,79.0,7,7,41.0,0.49,0.61,0.61,0.49,0.0,0.52,0.52,1.56,11.0,3.05,4.0,0.52,26.0,92.0,2223
2.0,1.9,1.9,1,1,3,2.4,10.0,1,2,8.0,0.08,0.1,0.1,0.08,1.0,0.08,0.04,0.12,1.0,0.32,1.0,0.08,0.0,4.0,1819
1.0,3.2,3.2,2,2,3,4.6,23.0,2,3,16.0,0.12,0.17,0.17,0.12,2.0,0.11,0.07,0.11,1.0,0.58,1.0,0.11,1.0,8.0,1920
1.0,0.3,0.3,1,1,1,1.1,17.0,1,3,4.0,0.01,0.04,0.04,0.01,0.0,0.11,0.04,0.04,2.0,0.15,0.0,0.11,2.0,14.0,2021
1.0,2.1,2.1,1,1,3,2.4,35.0,1,1,14.0,0.07,0.08,0.08,0.07,0.0,0.03,0.03,0.1,1.0,0.47,1.0,0.03,1.0,8.0,2122
0.0,0.5,0.5,1,1,3,0.8,9.0,1,1,6.0,0.06,0.1,0.1,0.06,0.0,0.12,0.12,0.36,0.0,0.71,1.0,0.12,1.0,3.0,2223
0.0,0.3,0.3,0,0,1,0.4,3.0,0,0,4.0,0.08,0.08,0.08,0.08,0.0,0.0,0.0,0.23,0.0,0.93,1.0,0.0,0.0,5.0,2122
0.0,0.1,0.1,0,0,2,0.4,2.0,0,0,5.0,0.03,0.09,0.09,0.03,0.0,0.0,0.0,0.45,0.0,1.13,1.0,0.0,0.0,4.0,2223
0.0,1.2,1.2,0,0,3,1.7,27.0,0,0,15.0,0.06,0.09,0.09,0.06,0.0,0.0,0.0,0.15,0.0,0.76,0.0,0.0,0.0,1.0,1819
0.0,0.9,0.9,0,0,2,0.9,18.0,0,0,11.0,0.05,0.05,0.05,0.05,0.0,0.0,0.0,0.1,2.0,0.56,0.0,0.0,0.0,2.0,1920
1.0,1.1,1.1,0,0,5,1.4,23.0,0,0,14.0,0.06,0.07,0.07,0.06,1.0,0.0,0.0,0.25,2.0,0.71,1.0,0.0,0.0,4.0,2021
0.0,2.0,2.0,2,2,8,2.6,30.0,2,3,22.0,0.07,0.1,0.1,0.07,0.0,0.11,0.07,0.3,0.0,0.82,2.0,0.11,0.0,3.0,2223
0.0,0.4,0.4,0,0,1,0.5,8.0,0,0,7.0,0.03,0.03,0.03,0.03,1.0,0.0,0.0,0.07,0.0,0.48,0.0,0.0,0.0,1.0,2324
1.0,0.7,0.7,1,1,4,6.4,12.0,1,2,24.0,0.02,0.19,0.19,0.02,1.0,0.06,0.03,0.12,1.0,0.71,2.0,0.06,7.0,75.0,1819
0.0,0.8,0.8,1,1,7,3.6,8.0,1,2,24.0,0.03,0.14,0.14,0.03,0.0,0.08,0.04,0.27,0.0,0.92,5.0,0.08,4.0,62.0,1920
1.0,0.8,0.8,0,0,2,3.6,12.0,0,2,16.0,0.05,0.23,0.23,0.05,0.0,0.13,0.0,0.13,2.0,1.03,1.0,0.13,2.0,39.0,2021
1.0,1.5,1.5,1,1,6,1.8,18.0,1,1,12.0,0.2,0.25,0.25,0.2,0.0,0.13,0.13,0.81,1.0,1.62,4.0,0.13,6.0,50.0,2021
0.0,1.7,1.7,1,1,7,5.7,44.0,1,4,25.0,0.08,0.26,0.26,0.08,0.0,0.18,0.05,0.32,0.0,1.14,6.0,0.18,22.0,152.0,1819
1.0,1.6,1.6,2,2,11,6.2,68.0,2,5,35.0,0.06,0.24,0.24,0.06,7.0,0.2,0.08,0.43,2.0,1.37,1.0,0.2,24.0,150.0,2021
1.0,0.8,0.8,2,2,3,1.7,47.0,2,3,17.0,0.06,0.12,0.12,0.06,4.0,0.21,0.14,0.21,4.0,1.2,5.0,0.21,21.0,125.0,2223
2.0,0.7,0.7,1,1,4,3.0,38.0,1,5,12.0,0.06,0.26,0.26,0.06,4.0,0.44,0.09,0.36,3.0,1.07,1.0,0.44,19.0,90.0,2223
7.0,7.6,7.6,6,6,18,9.8,68.0,6,7,64.0,0.39,0.51,0.51,0.39,5.0,0.36,0.31,0.93,6.0,3.3,6.0,0.36,16.0,116.0,1920
8.0,5.5,3.9,7,7,15,8.1,54.0,6,12,37.0,0.31,0.56,0.47,0.22,4.0,0.69,0.4,0.86,5.0,2.12,5.0,0.63,10.0,94.0,2021
4.0,5.7,5.7,8,8,15,10.4,53.0,8,12,39.0,0.41,0.74,0.74,0.41,0.0,0.86,0.57,1.07,9.0,2.78,2.0,0.86,11.0,82.0,2122
7.0,2.6,2.6,4,4,12,4.0,21.0,4,7,26.0,0.36,0.56,0.56,0.36,3.0,0.97,0.55,1.66,3.0,3.6,3.0,0.97,2.0,42.0,2223
1.0,8.7,8.7,7,7,25,11.9,104.0,7,10,61.0,0.51,0.69,0.69,0.51,1.0,0.58,0.41,1.46,9.0,3.56,9.0,0.58,31.0,169.0,2324
2.0,2.2,2.2,1,1,5,3.2,30.0,1,2,20.0,0.54,0.78,0.78,0.54,0.0,0.49,0.24,1.22,1.0,4.88,3.0,0.49,5.0,30.0,2425
3.0,1.7,1.7,2,2,7,2.8,35.0,2,3,26.0,0.06,0.1,0.1,0.06,1.0,0.1,0.07,0.24,1.0,0.88,4.0,0.1,6.0,44.0,2324
1.0,1.1,1.1,1,1,4,6.8,16.0,1,7,23.0,0.03,0.22,0.22,0.03,8.0,0.22,0.03,0.13,1.0,0.74,1.0,0.22,1.0,76.0,1718
1.0,0.9,0.9,1,1,6,8.8,6.0,1,7,22.0,0.03,0.26,0.26,0.03,1.0,0.2,0.03,0.17,3.0,0.64,1.0,0.2,0.0,51.0,1920
2.0,0.6,0.6,1,1,4,3.1,8.0,1,2,14.0,0.02,0.11,0.11,0.02,1.0,0.07,0.04,0.14,0.0,0.5,2.0,0.07,2.0,37.0,2021
0.0,1.3,1.3,2,2,7,3.9,12.0,2,3,20.0,0.04,0.12,0.12,0.04,2.0,0.09,0.06,0.21,0.0,0.61,4.0,0.09,2.0,37.0,2122
0.0,1.3,1.3,0,0,3,3.9,15.0,0,2,16.0,0.07,0.2,0.2,0.07,0.0,0.1,0.0,0.15,1.0,0.81,2.0,0.1,0.0,32.0,2223
0.0,3.3,3.3,4,4,14,4.1,41.0,4,5,45.0,0.11,0.14,0.14,0.11,0.0,0.17,0.13,0.47,2.0,1.5,4.0,0.17,0.0,14.0,2324
0.0,8.5,6.9,7,7,17,10.4,102.0,5,9,60.0,0.3,0.42,0.37,0.24,0.0,0.32,0.25,0.6,9.0,2.11,8.0,0.25,16.0,216.0,1819
16.0,13.7,8.9,18,18,32,12.1,137.0,14,22,81.0,0.39,0.48,0.35,0.26,3.0,0.63,0.51,0.91,9.0,2.31,8.0,0.51,12.0,196.0,1920
13.0,3.6,3.6,3,3,16,6.3,79.0,3,4,47.0,0.2,0.35,0.35,0.2,4.0,0.22,0.16,0.88,6.0,2.57,6.0,0.22,19.0,102.0,2122
10.0,11.9,7.9,9,9,20,11.7,184.0,5,12,70.0,0.53,0.69,0.51,0.35,6.0,0.53,0.4,0.88,11.0,3.08,10.0,0.35,47.0,205.0,2324
1.0,0.7,0.7,1,1,2,0.9,19.0,1,1,8.0,0.04,0.05,0.05,0.04,0.0,0.06,0.06,0.12,0.0,0.47,0.0,0.06,1.0,2.0,1819
1.0,0.3,0.3,1,1,1,0.4,8.0,1,1,4.0,0.04,0.05,0.05,0.04,2.0,0.13,0.13,0.13,0.0,0.51,0.0,0.13,0.0,2.0,1920
0.0,0.7,0.7,1,1,3,1.0,17.0,1,1,5.0,0.06,0.08,0.08,0.06,0.0,0.08,0.08,0.25,1.0,0.41,2.0,0.08,1.0,2.0,2223
1.0,0.7,0.7,1,1,2,2.3,25.0,1,2,12.0,0.02,0.07,0.07,0.02,1.0,0.06,0.03,0.06,0.0,0.38,1.0,0.06,2.0,65.0,2122
1.0,1.8,1.8,1,1,5,2.5,23.0,1,2,15.0,0.07,0.1,0.1,0.07,1.0,0.08,0.04,0.21,0.0,0.62,1.0,0.08,2.0,49.0,2223
0.0,0.4,0.4,1,1,3,0.9,17.0,1,2,5.0,0.02,0.05,0.05,0.02,0.0,0.11,0.06,0.17,1.0,0.28,0.0,0.11,0.0,54.0,2324
1.0,2.5,2.5,2,2,7,4.4,32.0,2,4,23.0,0.09,0.16,0.16,0.09,0.0,0.15,0.07,0.26,1.0,0.86,2.0,0.15,5.0,25.0,2122
4.0,1.8,1.8,1,1,4,2.5,22.0,1,1,14.0,0.08,0.1,0.1,0.08,1.0,0.04,0.04,0.17,1.0,0.58,1.0,0.04,3.0,4.0,2223
0.0,0.8,0.8,1,1,1,3.5,46.0,1,3,5.0,0.04,0.17,0.17,0.04,4.0,0.15,0.05,0.05,6.0,0.25,0.0,0.15,13.0,152.0,1819
0.0,0.4,0.4,0,0,1,3.5,47.0,0,4,6.0,0.03,0.23,0.23,0.03,0.0,0.26,0.0,0.06,0.0,0.39,1.0,0.26,7.0,129.0,1920
1.0,0.1,0.1,0,0,1,0.8,21.0,0,0,1.0,0.01,0.07,0.07,0.01,4.0,0.0,0.0,0.09,1.0,0.09,0.0,0.0,6.0,85.0,2122
0.0,0.9,0.9,1,1,6,3.9,64.0,1,5,7.0,0.05,0.21,0.21,0.05,1.0,0.27,0.05,0.33,0.0,0.38,0.0,0.27,14.0,143.0,2223
0.0,0.5,0.5,1,1,2,0.6,8.0,1,1,5.0,0.23,0.3,0.3,0.23,0.0,0.51,0.51,1.01,1.0,2.53,0.0,0.51,3.0,15.0,2223
2.0,1.6,1.6,1,1,3,3.5,44.0,1,3,17.0,0.11,0.26,0.26,0.11,5.0,0.22,0.07,0.22,1.0,1.25,3.0,0.22,20.0,109.0,1819
2.0,1.2,1.2,2,2,5,5.5,45.0,2,7,20.0,0.04,0.19,0.19,0.04,10.0,0.24,0.07,0.17,3.0,0.68,1.0,0.24,25.0,189.0,1920
4.0,2.3,1.5,2,2,6,9.7,71.0,1,12,18.0,0.1,0.43,0.4,0.06,3.0,0.5,0.08,0.25,3.0,0.74,2.0,0.46,37.0,217.0,2021
1.0,1.7,1.7,4,4,13,6.7,69.0,4,7,36.0,0.06,0.24,0.24,0.06,3.0,0.25,0.14,0.47,1.0,1.3,4.0,0.25,33.0,175.0,2122
0.0,1.4,1.4,1,1,10,4.2,50.0,1,4,32.0,0.06,0.18,0.18,0.06,2.0,0.17,0.04,0.43,2.0,1.39,3.0,0.17,20.0,125.0,2223
0.0,0.5,0.5,0,0,3,0.9,16.0,0,0,12.0,0.03,0.06,0.06,0.03,0.0,0.0,0.0,0.18,1.0,0.72,2.0,0.0,1.0,48.0,2324
1.0,0.7,0.7,1,1,2,1.8,18.0,1,2,6.0,0.03,0.08,0.08,0.03,0.0,0.09,0.05,0.09,0.0,0.28,0.0,0.09,3.0,35.0,2122
1.0,1.1,1.1,1,1,4,2.7,21.0,1,1,14.0,0.05,0.13,0.13,0.05,1.0,0.05,0.05,0.18,0.0,0.64,0.0,0.05,1.0,18.0,2223
0.0,0.7,0.7,1,1,1,0.7,1.0,1,1,1.0,0.04,0.05,0.05,0.04,0.0,0.06,0.06,0.06,0.0,0.06,0.0,0.06,0.0,1.0,1819
1.0,0.3,0.3,1,1,1,0.6,10.0,1,1,4.0,0.02,0.04,0.04,0.02,0.0,0.07,0.07,0.07,2.0,0.28,0.0,0.07,1.0,0.0,2122
0.0,1.3,1.3,1,1,2,1.6,15.0,1,1,8.0,0.06,0.07,0.07,0.06,1.0,0.04,0.04,0.09,0.0,0.34,2.0,0.04,0.0,2.0,2324
0.0,1.6,1.6,3,3,6,4.5,45.0,3,5,19.0,0.11,0.31,0.31,0.11,2.0,0.35,0.21,0.42,8.0,1.33,2.0,0.35,4.0,96.0,1819
1.0,1.1,1.1,0,0,2,3.2,32.0,0,2,10.0,0.13,0.38,0.38,0.13,2.0,0.24,0.0,0.24,4.0,1.19,2.0,0.24,6.0,65.0,1920
0.0,1.0,0.2,1,1,3,1.1,12.0,0,3,4.0,0.18,0.33,0.19,0.04,0.0,0.53,0.18,0.53,2.0,0.71,2.0,0.35,3.0,32.0,2021
1.0,0.1,0.1,0,0,1,0.7,5.0,0,0,5.0,0.02,0.09,0.09,0.02,2.0,0.0,0.0,0.12,1.0,0.58,0.0,0.0,1.0,37.0,1920
3.0,0.2,0.2,0,0,2,1.6,11.0,0,2,6.0,0.02,0.18,0.18,0.02,2.0,0.23,0.0,0.23,0.0,0.69,0.0,0.23,1.0,51.0,2122
1.0,2.4,2.4,3,3,8,5.3,33.0,3,5,21.0,0.14,0.32,0.32,0.14,1.0,0.31,0.18,0.49,1.0,1.28,0.0,0.31,0.0,87.0,2223
0.0,1.6,1.6,1,1,6,3.6,28.0,1,2,16.0,0.08,0.17,0.17,0.08,6.0,0.1,0.05,0.29,3.0,0.78,1.0,0.1,3.0,95.0,2324
0.0,1.3,1.3,0,0,7,5.2,35.0,0,1,24.0,0.04,0.15,0.15,0.04,2.0,0.03,0.0,0.21,1.0,0.71,1.0,0.03,6.0,164.0,1718
4.0,0.9,0.9,0,0,2,2.0,20.0,0,2,11.0,0.07,0.15,0.15,0.07,4.0,0.15,0.0,0.15,1.0,0.84,0.0,0.15,7.0,112.0,2324
1.0,6.6,6.6,5,5,20,8.1,58.0,5,7,43.0,0.39,0.48,0.48,0.39,0.0,0.41,0.3,1.18,24.0,2.54,5.0,0.41,11.0,86.0,1819
2.0,1.5,1.5,1,1,3,1.6,11.0,1,1,7.0,0.52,0.54,0.54,0.52,0.0,0.34,0.34,1.02,2.0,2.39,0.0,0.34,1.0,13.0,1920
16.0,2.4,2.4,2,2,5,2.5,24.0,2,2,14.0,0.36,0.38,0.38,0.36,4.0,0.3,0.3,0.75,7.0,2.09,0.0,0.3,3.0,34.0,2021
4.0,11.1,11.1,16,16,30,14.0,84.0,16,20,55.0,0.47,0.59,0.59,0.47,0.0,0.84,0.68,1.27,18.0,2.32,1.0,0.84,14.0,107.0,2122
3.0,3.7,3.7,4,4,8,4.5,38.0,4,4,18.0,0.36,0.44,0.44,0.36,1.0,0.39,0.39,0.78,15.0,1.75,1.0,0.39,4.0,37.0,2223
0.0,2.5,2.5,3,3,7,4.2,23.0,3,4,14.0,0.26,0.43,0.43,0.26,0.0,0.41,0.31,0.72,13.0,1.44,1.0,0.41,5.0,40.0,2324
0.0,0.7,0.7,0,0,1,1.0,14.0,0,0,6.0,0.25,0.39,0.39,0.25,0.0,0.0,0.0,0.37,1.0,2.21,0.0,0.0,2.0,18.0,2425
2.0,1.1,1.1,1,1,4,1.7,27.0,1,1,15.0,0.22,0.34,0.34,0.22,0.0,0.2,0.2,0.8,1.0,3.01,1.0,0.2,0.0,33.0,2223
3.0,3.6,3.5,2,2,15,5.0,104.0,2,2,44.0,0.21,0.29,0.29,0.2,0.0,0.12,0.12,0.87,7.0,2.55,6.0,0.12,3.0,82.0,2324
1.0,1.7,1.7,0,0,6,1.9,36.0,0,0,21.0,0.05,0.06,0.06,0.05,0.0,0.0,0.0,0.2,2.0,0.68,3.0,0.0,0.0,3.0,1819
0.0,0.5,0.5,1,1,1,0.8,16.0,1,1,5.0,0.03,0.05,0.05,0.03,0.0,0.06,0.06,0.06,0.0,0.32,0.0,0.06,0.0,3.0,2223
3.0,2.5,2.5,1,1,8,5.8,52.0,1,4,33.0,0.13,0.31,0.31,0.13,8.0,0.21,0.05,0.42,1.0,1.75,1.0,0.21,6.0,80.0,2021
19.0,8.2,7.4,8,8,23,11.4,105.0,7,12,66.0,0.27,0.41,0.38,0.25,6.0,0.4,0.27,0.77,3.0,2.21,8.0,0.37,24.0,139.0,2223
0.0,1.3,1.3,2,2,3,1.4,10.0,2,2,10.0,0.07,0.08,0.08,0.07,1.0,0.11,0.11,0.17,1.0,0.57,1.0,0.11,0.0,1.0,1718
2.0,2.0,2.0,2,2,6,2.9,53.0,2,3,21.0,0.06,0.09,0.09,0.06,1.0,0.09,0.06,0.18,3.0,0.64,3.0,0.09,5.0,26.0,2021
1.0,1.1,1.1,2,2,3,3.4,49.0,2,3,13.0,0.04,0.11,0.11,0.04,3.0,0.1,0.07,0.1,2.0,0.43,2.0,0.1,7.0,35.0,2122
1.0,1.1,1.1,1,1,1,3.9,45.0,1,4,14.0,0.04,0.15,0.15,0.04,2.0,0.15,0.04,0.04,2.0,0.52,1.0,0.15,5.0,61.0,2223
2.0,2.0,2.0,1,1,6,4.2,44.0,1,3,24.0,0.06,0.13,0.13,0.06,3.0,0.09,0.03,0.19,2.0,0.75,4.0,0.09,2.0,64.0,2324
0.0,0.7,0.7,1,1,2,1.9,14.0,1,1,7.0,0.04,0.11,0.11,0.04,0.0,0.06,0.06,0.12,2.0,0.43,0.0,0.06,3.0,47.0,2324
2.0,2.0,2.0,2,2,5,4.3,26.0,2,4,17.0,0.1,0.22,0.22,0.1,0.0,0.2,0.1,0.25,1.0,0.85,3.0,0.2,0.0,23.0,1920
0.0,1.0,1.0,2,2,4,1.2,9.0,2,2,7.0,0.08,0.1,0.1,0.08,0.0,0.17,0.17,0.34,0.0,0.59,1.0,0.17,0.0,8.0,2021
3.0,8.0,8.0,7,7,25,17.3,112.0,7,18,65.0,0.27,0.58,0.58,0.27,7.0,0.61,0.24,0.84,3.0,2.19,10.0,0.61,29.0,291.0,1819
3.0,3.6,3.6,3,3,16,9.0,83.0,3,10,33.0,0.15,0.37,0.37,0.15,2.0,0.41,0.12,0.65,2.0,1.35,3.0,0.41,16.0,183.0,1920
9.0,2.2,2.2,3,3,8,4.6,59.0,3,5,22.0,0.14,0.28,0.28,0.14,8.0,0.3,0.18,0.48,2.0,1.32,1.0,0.3,15.0,142.0,2021
9.0,4.9,4.9,9,9,15,9.4,50.0,9,17,34.0,0.21,0.41,0.41,0.21,8.0,0.74,0.39,0.65,2.0,1.47,4.0,0.74,19.0,171.0,2122
7.0,5.2,5.2,9,9,26,14.3,80.0,9,17,42.0,0.19,0.54,0.54,0.19,11.0,0.64,0.34,0.98,5.0,1.58,2.0,0.64,27.0,218.0,2223
5.0,4.4,4.4,7,7,16,13.8,57.0,7,18,33.0,0.18,0.56,0.56,0.18,10.0,0.73,0.28,0.65,5.0,1.34,4.0,0.73,17.0,158.0,2324
1.0,0.1,0.1,1,1,1,0.1,3.0,1,1,1.0,0.02,0.02,0.02,0.02,1.0,0.16,0.16,0.16,0.0,0.16,0.0,0.16,0.0,0.0,1920
0.0,0.7,0.7,1,1,3,1.3,12.0,1,2,9.0,0.04,0.07,0.07,0.04,0.0,0.11,0.05,0.16,0.0,0.49,2.0,0.11,2.0,4.0,2021
0.0,0.0,0.0,0,0,1,0.0,4.0,0,0,3.0,0.01,0.01,0.01,0.01,2.0,0.0,0.0,0.18,0.0,0.55,0.0,0.0,0.0,1.0,2122
0.0,4.1,4.1,3,3,16,9.1,67.0,3,10,31.0,0.18,0.4,0.4,0.18,4.0,0.44,0.13,0.7,1.0,1.36,5.0,0.44,18.0,169.0,1819
4.0,1.1,1.1,0,0,5,2.8,21.0,0,4,13.0,0.14,0.37,0.37,0.14,3.0,0.52,0.0,0.66,0.0,1.71,1.0,0.52,7.0,51.0,1920
2.0,1.6,1.6,4,4,4,4.8,37.0,4,7,11.0,0.14,0.4,0.4,0.14,1.0,0.59,0.34,0.34,4.0,0.93,1.0,0.59,12.0,94.0,2021
1.0,1.3,1.3,2,2,6,2.8,19.0,2,2,17.0,0.08,0.18,0.18,0.08,1.0,0.13,0.13,0.38,0.0,1.07,5.0,0.13,2.0,50.0,2122
4.0,0.7,0.7,0,0,5,1.2,12.0,0,0,16.0,0.06,0.1,0.1,0.06,1.0,0.0,0.0,0.43,1.0,1.39,2.0,0.0,4.0,32.0,2223
2.0,1.8,1.8,4,4,8,4.5,32.0,4,5,18.0,0.09,0.23,0.23,0.09,3.0,0.25,0.2,0.41,0.0,0.92,2.0,0.25,6.0,118.0,2324
0.0,0.7,0.7,1,1,1,1.3,14.0,1,1,4.0,0.23,0.44,0.44,0.23,0.0,0.35,0.35,0.35,2.0,1.4,1.0,0.35,0.0,24.0,1819
1.0,0.2,0.2,1,1,1,0.3,2.0,1,1,3.0,0.01,0.02,0.02,0.01,0.0,0.06,0.06,0.06,0.0,0.19,0.0,0.06,1.0,2.0,1819
1.0,0.3,0.3,1,1,3,0.4,6.0,1,1,9.0,0.02,0.04,0.04,0.02,0.0,0.09,0.09,0.26,0.0,0.79,1.0,0.09,1.0,5.0,1920
0.0,0.4,0.4,0,0,2,2.6,16.0,0,3,5.0,0.04,0.24,0.24,0.04,1.0,0.28,0.0,0.19,1.0,0.47,0.0,0.28,5.0,63.0,2021
0.0,0.3,0.3,0,0,2,0.3,6.0,0,0,6.0,0.02,0.02,0.02,0.02,0.0,0.0,0.0,0.11,1.0,0.33,0.0,0.0,0.0,0.0,2223
0.0,0.3,0.3,0,0,2,0.4,7.0,0,0,4.0,0.05,0.08,0.08,0.05,0.0,0.0,0.0,0.38,0.0,0.76,1.0,0.0,0.0,4.0,2324
0.0,1.4,1.4,0,0,8,3.2,21.0,0,2,28.0,0.27,0.59,0.59,0.27,0.0,0.38,0.0,1.52,1.0,5.31,3.0,0.38,7.0,29.0,2324
2.0,1.0,1.0,0,0,11,1.2,20.0,0,0,20.0,0.31,0.38,0.38,0.31,3.0,0.0,0.0,3.37,0.0,6.12,1.0,0.0,4.0,17.0,2425
17.0,13.0,11.5,11,11,37,17.9,149.0,9,19,96.0,0.44,0.66,0.61,0.39,4.0,0.65,0.37,1.26,2.0,3.26,10.0,0.58,28.0,180.0,2324
3.0,0.1,0.1,0,0,1,0.2,3.0,0,0,4.0,0.03,0.05,0.05,0.03,1.0,0.0,0.0,0.28,0.0,1.14,0.0,0.0,0.0,12.0,2122
5.0,3.7,3.7,3,3,10,5.1,38.0,3,4,26.0,0.31,0.43,0.43,0.31,3.0,0.34,0.25,0.85,2.0,2.2,3.0,0.34,8.0,42.0,2223
0.0,5.0,5.0,5,5,15,7.9,94.0,5,8,52.0,0.23,0.36,0.36,0.23,1.0,0.37,0.23,0.69,3.0,2.39,5.0,0.37,25.0,157.0,2324
1.0,2.2,2.2,3,3,7,4.3,80.0,3,7,19.0,0.1,0.2,0.2,0.1,1.0,0.33,0.14,0.33,4.0,0.88,1.0,0.33,21.0,171.0,1819
1.0,0.7,0.7,1,1,1,1.2,27.0,1,2,4.0,0.06,0.1,0.1,0.06,1.0,0.18,0.09,0.09,2.0,0.36,0.0,0.18,5.0,80.0,1920
0.0,0.7,0.7,1,1,1,1.4,12.0,1,2,1.0,0.21,0.45,0.45,0.21,2.0,0.62,0.31,0.31,3.0,0.31,0.0,0.62,3.0,22.0,2021
5.0,3.5,3.5,5,5,17,5.3,69.0,5,7,44.0,0.22,0.33,0.33,0.22,2.0,0.44,0.32,1.07,3.0,2.77,8.0,0.44,19.0,124.0,2122
1.0,2.3,2.3,5,5,11,3.0,54.0,5,7,32.0,0.14,0.18,0.18,0.14,0.0,0.42,0.3,0.66,1.0,1.92,5.0,0.42,18.0,137.0,2223
1.0,1.6,1.6,1,1,3,2.9,28.0,1,1,22.0,0.14,0.25,0.25,0.14,1.0,0.09,0.09,0.26,5.0,1.88,4.0,0.09,6.0,75.0,2324
1.0,1.5,1.5,1,1,4,2.4,25.0,1,2,20.0,0.09,0.15,0.15,0.09,2.0,0.12,0.06,0.25,1.0,1.24,3.0,0.12,6.0,37.0,2324
1.0,2.1,2.1,0,0,6,3.7,29.0,0,1,23.0,0.21,0.36,0.36,0.21,1.0,0.1,0.0,0.58,4.0,2.24,1.0,0.1,6.0,77.0,1819
1.0,0.6,0.6,1,1,5,0.8,7.0,1,2,13.0,0.09,0.12,0.12,0.09,6.0,0.31,0.15,0.77,1.0,1.99,3.0,0.31,0.0,26.0,1920
1.0,1.1,1.1,1,1,7,3.9,25.0,1,7,18.0,0.04,0.14,0.14,0.04,0.0,0.26,0.04,0.26,3.0,0.66,2.0,0.26,9.0,122.0,2021
0.0,1.6,1.6,1,1,6,2.2,20.0,1,1,20.0,0.09,0.13,0.13,0.09,1.0,0.06,0.06,0.35,0.0,1.17,3.0,0.06,5.0,108.0,2122
1.0,0.6,0.6,0,0,5,2.2,13.0,0,1,13.0,0.08,0.29,0.29,0.08,2.0,0.13,0.0,0.65,0.0,1.68,1.0,0.13,6.0,38.0,2223
0.0,0.5,0.5,1,1,4,1.4,18.0,1,3,12.0,0.05,0.12,0.12,0.05,0.0,0.26,0.09,0.35,0.0,1.05,3.0,0.26,9.0,37.0,2324
3.0,3.1,2.3,2,2,9,4.2,38.0,1,5,33.0,0.27,0.44,0.37,0.2,0.0,0.44,0.17,0.79,3.0,2.88,2.0,0.35,6.0,81.0,1819
0.0,2.1,1.4,3,3,6,2.2,18.0,2,3,17.0,0.27,0.37,0.27,0.17,0.0,0.38,0.38,0.76,1.0,2.15,0.0,0.25,6.0,42.0,1920
6.0,2.5,1.7,4,4,9,3.5,20.0,3,7,25.0,0.15,0.25,0.2,0.1,3.0,0.41,0.23,0.53,1.0,1.47,5.0,0.35,3.0,49.0,1819
7.0,4.8,3.3,6,6,10,6.1,52.0,4,9,46.0,0.23,0.36,0.29,0.15,2.0,0.42,0.28,0.47,3.0,2.14,5.0,0.33,5.0,91.0,1920
4.0,1.3,1.3,1,1,7,4.3,59.0,1,7,21.0,0.09,0.29,0.29,0.09,1.0,0.47,0.07,0.47,2.0,1.41,3.0,0.47,22.0,168.0,1819
3.0,2.5,2.5,4,4,11,3.5,53.0,4,5,34.0,0.15,0.21,0.21,0.15,1.0,0.3,0.24,0.65,1.0,2.02,2.0,0.3,21.0,104.0,1920
0.0,3.6,3.6,3,3,7,4.6,61.0,3,4,18.0,0.4,0.51,0.51,0.4,0.0,0.44,0.33,0.77,7.0,1.99,2.0,0.44,25.0,108.0,2021
6.0,2.8,2.8,4,4,10,7.7,57.0,4,9,30.0,0.14,0.37,0.37,0.14,0.0,0.43,0.19,0.48,5.0,1.45,2.0,0.43,20.0,166.0,2122
7.0,6.6,5.9,6,6,15,8.2,65.0,5,6,43.0,0.41,0.56,0.51,0.36,1.0,0.37,0.37,0.93,10.0,2.67,5.0,0.31,22.0,126.0,2223
3.0,4.9,4.9,6,6,14,7.3,57.0,6,8,33.0,0.44,0.65,0.65,0.44,2.0,0.71,0.53,1.24,9.0,2.92,1.0,0.71,21.0,95.0,2324
7.0,2.0,2.0,5,5,7,2.3,27.0,5,5,20.0,0.38,0.44,0.44,0.38,0.0,0.95,0.95,1.33,4.0,3.79,1.0,0.95,5.0,25.0,2324
0.0,0.9,0.9,0,0,2,1.0,5.0,0,0,7.0,0.06,0.07,0.07,0.06,0.0,0.0,0.0,0.14,0.0,0.49,0.0,0.0,0.0,1.0,1819
10.0,3.7,3.7,5,5,16,6.3,55.0,5,8,35.0,0.23,0.39,0.39,0.23,3.0,0.5,0.31,1.0,2.0,2.18,2.0,0.5,9.0,127.0,2122
4.0,8.4,8.4,10,10,23,10.2,86.0,10,13,55.0,0.37,0.44,0.44,0.37,0.0,0.56,0.43,1.0,10.0,2.39,9.0,0.56,13.0,132.0,2223
0.0,6.2,6.2,4,4,19,7.2,83.0,4,4,50.0,0.34,0.4,0.4,0.34,0.0,0.22,0.22,1.06,3.0,2.78,3.0,0.22,15.0,130.0,2324
0.0,1.3,1.3,1,1,3,2.2,12.0,1,1,13.0,0.07,0.11,0.11,0.07,0.0,0.05,0.05,0.15,0.0,0.65,2.0,0.05,0.0,19.0,1920
0.0,0.0,0.0,0,0,1,0.6,4.0,0,0,1.0,0.01,0.18,0.18,0.01,0.0,0.0,0.0,0.28,0.0,0.28,0.0,0.0,1.0,35.0,2021
0.0,0.6,0.6,0,0,3,1.7,11.0,0,2,14.0,0.03,0.09,0.09,0.03,2.0,0.11,0.0,0.16,0.0,0.74,2.0,0.11,0.0,2.0,1819
0.0,1.5,1.5,2,2,7,4.7,29.0,2,4,23.0,0.1,0.32,0.32,0.1,0.0,0.28,0.14,0.49,2.0,1.6,2.0,0.28,3.0,62.0,1819
0.0,1.0,1.0,1,1,4,3.8,44.0,1,2,19.0,0.04,0.14,0.14,0.04,2.0,0.08,0.04,0.15,4.0,0.72,0.0,0.08,22.0,120.0,1920
1.0,0.8,0.8,0,0,2,2.5,23.0,0,2,11.0,0.06,0.18,0.18,0.06,0.0,0.15,0.0,0.15,0.0,0.81,1.0,0.15,8.0,69.0,2021
0.0,1.0,1.0,1,1,5,2.6,22.0,1,1,12.0,0.05,0.13,0.13,0.05,2.0,0.05,0.05,0.25,5.0,0.61,1.0,0.05,10.0,91.0,2122
0.0,0.5,0.5,0,0,2,1.7,13.0,0,2,9.0,0.05,0.16,0.16,0.05,0.0,0.19,0.0,0.19,0.0,0.85,0.0,0.19,4.0,42.0,2223
0.0,0.3,0.3,0,0,4,0.9,6.0,0,1,7.0,0.04,0.11,0.11,0.04,0.0,0.12,0.0,0.48,0.0,0.84,1.0,0.12,2.0,29.0,2324
1.0,2.8,2.8,3,3,9,7.1,49.0,3,9,33.0,0.15,0.37,0.37,0.15,1.0,0.46,0.15,0.46,2.0,1.7,8.0,0.46,5.0,108.0,1819
2.0,0.6,0.6,1,1,2,1.6,23.0,1,2,10.0,0.09,0.23,0.23,0.09,0.0,0.29,0.14,0.29,1.0,1.45,0.0,0.29,4.0,31.0,1920
0.0,1.2,1.2,2,2,8,1.7,29.0,2,2,19.0,0.08,0.11,0.11,0.08,1.0,0.13,0.13,0.53,1.0,1.25,1.0,0.13,2.0,74.0,2021
1.0,1.6,1.6,0,0,5,2.0,22.0,0,1,19.0,0.13,0.17,0.17,0.13,3.0,0.08,0.0,0.41,3.0,1.55,4.0,0.08,3.0,75.0,2122
13.0,5.6,5.6,4,4,15,7.6,84.0,4,8,41.0,0.3,0.4,0.4,0.3,3.0,0.42,0.21,0.79,13.0,2.16,2.0,0.42,9.0,73.0,2223
14.0,14.5,14.5,13,13,35,17.0,165.0,13,16,82.0,0.46,0.54,0.54,0.46,4.0,0.5,0.41,1.1,21.0,2.58,9.0,0.5,26.0,183.0,2324
5.0,9.5,8.7,5,5,19,12.4,139.0,4,9,59.0,0.3,0.42,0.4,0.28,2.0,0.29,0.16,0.61,14.0,1.89,9.0,0.26,12.0,150.0,1819
0.0,1.1,1.1,2,2,4,1.7,23.0,2,3,16.0,0.04,0.05,0.05,0.04,0.0,0.1,0.06,0.13,0.0,0.52,0.0,0.1,3.0,14.0,1718
0.0,2.7,2.7,2,2,9,3.7,45.0,2,2,27.0,0.2,0.27,0.27,0.2,0.0,0.15,0.15,0.66,11.0,1.97,4.0,0.15,8.0,104.0,1819
0.0,3.8,3.0,4,4,10,3.1,26.0,3,4,19.0,0.64,0.66,0.52,0.51,0.0,0.68,0.68,1.7,5.0,3.23,4.0,0.51,3.0,39.0,1920
0.0,0.3,0.3,1,1,1,0.3,5.0,1,1,5.0,0.02,0.02,0.02,0.02,0.0,0.07,0.07,0.07,1.0,0.33,0.0,0.07,0.0,2.0,2122
1.0,1.1,1.1,0,0,6,1.9,24.0,0,1,17.0,0.1,0.19,0.19,0.1,0.0,0.1,0.0,0.58,3.0,1.65,3.0,0.1,5.0,78.0,2324
0.0,0.3,0.3,1,1,1,0.8,10.0,1,1,4.0,0.12,0.29,0.29,0.12,0.0,0.36,0.36,0.36,0.0,1.46,0.0,0.36,0.0,19.0,2425
12.0,12.1,9.7,17,17,39,12.7,124.0,14,20,84.0,0.38,0.47,0.39,0.3,6.0,0.62,0.53,1.21,4.0,2.61,8.0,0.53,29.0,263.0,1819
4.0,9.1,8.4,12,12,25,16.1,133.0,11,18,58.0,0.34,0.62,0.59,0.31,3.0,0.66,0.44,0.92,12.0,2.13,5.0,0.62,34.0,250.0,1920
7.0,8.7,8.7,8,8,23,10.9,128.0,8,11,56.0,0.43,0.54,0.54,0.43,1.0,0.55,0.4,1.14,12.0,2.79,7.0,0.55,34.0,203.0,2122
13.0,11.6,10.8,7,7,31,14.6,165.0,6,8,70.0,0.41,0.54,0.51,0.38,7.0,0.28,0.25,1.09,28.0,2.45,5.0,0.25,30.0,218.0,2223
9.0,12.3,11.6,13,13,27,15.9,184.0,12,20,68.0,0.42,0.57,0.54,0.39,3.0,0.68,0.44,0.92,15.0,2.32,8.0,0.65,23.0,191.0,2324
0.0,0.9,0.9,0,0,3,1.5,29.0,0,1,14.0,0.13,0.2,0.2,0.13,0.0,0.14,0.0,0.41,1.0,1.93,1.0,0.14,1.0,38.0,2021
0.0,0.8,0.8,0,0,4,1.3,23.0,0,0,14.0,0.03,0.06,0.06,0.03,0.0,0.0,0.0,0.17,0.0,0.6,2.0,0.0,2.0,10.0,1920
3.0,1.0,1.0,0,0,2,1.2,18.0,0,0,11.0,0.04,0.05,0.05,0.04,1.0,0.0,0.0,0.08,0.0,0.45,0.0,0.0,2.0,6.0,2021
4.0,9.5,8.7,8,8,17,10.3,111.0,7,10,55.0,0.49,0.57,0.53,0.45,0.0,0.51,0.41,0.87,21.0,2.83,1.0,0.46,17.0,132.0,1819
3.0,6.1,6.1,4,4,19,6.7,88.0,4,4,48.0,0.34,0.37,0.37,0.34,1.0,0.22,0.22,1.06,23.0,2.67,1.0,0.22,17.0,124.0,1920
5.0,2.6,1.8,3,3,4,2.9,52.0,2,4,18.0,0.24,0.34,0.27,0.17,0.0,0.37,0.28,0.37,11.0,1.65,0.0,0.28,5.0,72.0,2021
0.0,0.7,0.7,0,0,3,1.4,7.0,0,1,15.0,0.04,0.08,0.08,0.04,0.0,0.06,0.0,0.17,0.0,0.85,2.0,0.06,1.0,14.0,2122
0.0,0.1,0.1,0,0,2,0.1,1.0,0,0,3.0,0.02,0.02,0.02,0.02,0.0,0.0,0.0,0.58,0.0,0.87,0.0,0.0,0.0,4.0,2324
2.0,2.3,2.3,4,4,8,4.2,47.0,4,6,26.0,0.2,0.37,0.37,0.2,1.0,0.53,0.35,0.71,3.0,2.31,1.0,0.53,22.0,96.0,2122
1.0,1.4,1.4,1,1,3,1.9,25.0,1,1,13.0,0.38,0.54,0.54,0.38,1.0,0.28,0.28,0.83,1.0,3.59,1.0,0.28,10.0,57.0,2223
6.0,3.7,2.9,2,2,9,5.8,37.0,1,4,25.0,0.29,0.51,0.45,0.23,5.0,0.31,0.16,0.7,0.0,1.95,2.0,0.23,3.0,82.0,2223
3.0,4.2,4.2,6,6,11,5.0,37.0,6,11,25.0,0.43,0.52,0.52,0.43,2.0,1.13,0.61,1.13,1.0,2.56,3.0,1.13,6.0,43.0,2324
10.0,3.5,3.5,3,3,15,6.2,136.0,3,7,34.0,0.21,0.37,0.37,0.21,4.0,0.42,0.18,0.91,7.0,2.06,3.0,0.42,62.0,239.0,2324
7.0,3.5,3.5,3,3,10,5.5,63.0,3,4,23.0,0.34,0.54,0.54,0.34,6.0,0.39,0.3,0.99,1.0,2.27,2.0,0.39,27.0,96.0,2324
4.0,3.3,3.3,5,5,11,8.4,46.0,5,9,42.0,0.28,0.71,0.71,0.28,6.0,0.77,0.43,0.94,3.0,3.58,4.0,0.77,15.0,140.0,1819
0.0,6.4,6.4,4,4,24,11.4,81.0,4,10,54.0,0.4,0.72,0.72,0.4,0.0,0.63,0.25,1.52,6.0,3.41,6.0,0.63,33.0,207.0,1920
3.0,1.8,1.8,0,0,8,4.4,51.0,0,0,28.0,0.2,0.5,0.5,0.2,2.0,0.0,0.0,0.9,9.0,3.16,4.0,0.0,18.0,109.0,2021
0.0,2.0,2.0,3,3,11,3.2,35.0,3,5,28.0,0.27,0.42,0.42,0.27,0.0,0.66,0.4,1.45,1.0,3.69,6.0,0.66,7.0,69.0,2122
21.0,17.7,15.3,21,21,41,21.3,202.0,18,27,101.0,0.54,0.72,0.65,0.47,8.0,0.82,0.64,1.25,36.0,3.08,15.0,0.73,46.0,273.0,1819
23.0,20.3,16.3,21,21,54,23.9,238.0,16,29,119.0,0.58,0.8,0.69,0.47,9.0,0.83,0.6,1.55,27.0,3.41,5.0,0.69,65.0,270.0,1920
27.0,18.5,17.7,23,23,52,24.1,217.0,22,32,122.0,0.58,0.78,0.75,0.55,12.0,1.0,0.72,1.62,23.0,3.79,10.0,0.96,46.0,256.0,2021
19.0,23.7,15.1,27,27,48,23.0,224.0,20,39,117.0,0.83,1.1,0.8,0.52,3.0,1.35,0.94,1.67,31.0,4.06,7.0,1.11,41.0,252.0,2122
4.0,5.6,5.6,7,7,17,8.8,79.0,7,10,39.0,0.43,0.68,0.68,0.43,6.0,0.78,0.54,1.32,3.0,3.02,4.0,0.78,19.0,105.0,1819
4.0,5.0,5.0,4,4,23,9.9,96.0,4,10,41.0,0.26,0.51,0.51,0.26,0.0,0.52,0.21,1.2,11.0,2.14,7.0,0.52,21.0,123.0,1920
5.0,6.2,6.2,4,4,20,8.0,102.0,4,4,54.0,0.3,0.39,0.39,0.3,8.0,0.2,0.2,0.98,17.0,2.64,6.0,0.2,30.0,153.0,2021
10.0,8.2,8.2,5,5,19,14.8,168.0,5,13,65.0,0.31,0.57,0.57,0.31,2.0,0.5,0.19,0.72,27.0,2.48,5.0,0.5,44.0,237.0,2122
1.0,8.2,8.2,10,10,32,11.6,157.0,10,12,68.0,0.29,0.41,0.41,0.29,3.0,0.43,0.35,1.13,22.0,2.41,9.0,0.43,33.0,220.0,2223
0.0,2.3,2.3,1,1,7,3.7,77.0,1,4,33.0,0.14,0.22,0.22,0.14,0.0,0.24,0.06,0.42,15.0,1.99,9.0,0.24,9.0,111.0,2324
10.0,17.1,14.7,17,17,43,20.6,168.0,14,23,99.0,0.51,0.68,0.61,0.44,1.0,0.68,0.5,1.27,28.0,2.93,7.0,0.59,55.0,352.0,1718
2.0,8.0,8.0,6,6,19,9.6,64.0,6,8,39.0,0.73,0.87,0.87,0.73,1.0,0.73,0.54,1.72,7.0,3.53,3.0,0.73,20.0,92.0,1920
14.0,2.2,2.2,2,2,7,3.4,22.0,2,3,13.0,0.37,0.57,0.57,0.37,6.0,0.5,0.33,1.17,1.0,2.17,1.0,0.5,7.0,58.0,1920
12.0,17.3,17.3,14,14,39,24.3,180.0,14,20,90.0,0.55,0.78,0.78,0.55,5.0,0.64,0.45,1.25,15.0,2.88,11.0,0.64,54.0,281.0,2021
4.0,12.6,11.0,12,12,36,16.0,145.0,10,17,74.0,0.49,0.69,0.63,0.43,2.0,0.67,0.47,1.41,10.0,2.9,5.0,0.59,36.0,268.0,2122
3.0,4.4,4.4,4,4,19,7.4,85.0,4,6,41.0,0.3,0.49,0.49,0.3,2.0,0.4,0.27,1.26,2.0,2.73,3.0,0.4,24.0,188.0,2223
4.0,2.1,2.1,3,3,13,4.9,46.0,3,6,34.0,0.07,0.17,0.17,0.07,3.0,0.22,0.11,0.47,1.0,1.22,3.0,0.22,8.0,113.0,1819
1.0,1.8,1.8,4,4,9,4.0,49.0,4,7,32.0,0.08,0.18,0.18,0.08,0.0,0.31,0.18,0.4,0.0,1.43,4.0,0.31,11.0,103.0,1920
0.0,1.1,1.1,1,1,3,2.1,26.0,1,1,7.0,0.05,0.1,0.1,0.05,0.0,0.05,0.05,0.15,1.0,0.34,1.0,0.05,4.0,60.0,2021
1.0,0.7,0.7,0,0,2,2.2,25.0,0,0,13.0,0.07,0.23,0.23,0.07,0.0,0.0,0.0,0.2,0.0,1.31,3.0,0.0,5.0,37.0,2122
0.0,1.0,1.0,1,1,4,1.9,21.0,1,1,16.0,0.05,0.09,0.09,0.05,0.0,0.05,0.05,0.19,4.0,0.76,1.0,0.05,3.0,32.0,2223
1.0,0.5,0.5,0,0,1,1.4,13.0,0,0,16.0,0.02,0.07,0.07,0.02,0.0,0.0,0.0,0.05,2.0,0.78,2.0,0.0,5.0,25.0,2324
0.0,1.2,1.2,1,1,3,1.3,7.0,1,1,6.0,0.11,0.12,0.12,0.11,0.0,0.09,0.09,0.27,0.0,0.54,2.0,0.09,1.0,4.0,1920
6.0,8.1,8.1,11,11,25,10.4,68.0,11,14,42.0,0.39,0.5,0.5,0.39,2.0,0.67,0.52,1.19,7.0,2.0,6.0,0.67,8.0,90.0,1920
6.0,8.4,6.8,6,6,16,7.9,59.0,4,8,35.0,0.39,0.44,0.37,0.32,2.0,0.37,0.28,0.75,5.0,1.63,4.0,0.28,6.0,92.0,2021
0.0,6.4,4.8,6,6,13,6.1,58.0,4,8,38.0,0.39,0.46,0.37,0.29,1.0,0.48,0.36,0.78,3.0,2.29,5.0,0.36,8.0,90.0,2122
0.0,0.1,0.1,0,0,3,0.3,2.0,0,0,4.0,0.07,0.19,0.19,0.07,0.0,0.0,0.0,1.82,0.0,2.43,0.0,0.0,0.0,13.0,1920
1.0,6.3,6.3,3,3,20,8.0,84.0,3,4,43.0,0.39,0.5,0.5,0.39,3.0,0.25,0.19,1.25,3.0,2.69,4.0,0.25,24.0,135.0,2324
0.0,1.5,1.5,1,1,2,2.1,29.0,1,2,9.0,0.47,0.67,0.67,0.47,0.0,0.65,0.32,0.65,0.0,2.92,2.0,0.65,4.0,37.0,2021
4.0,3.9,3.9,5,5,17,6.1,56.0,5,7,30.0,0.39,0.61,0.61,0.39,1.0,0.71,0.51,1.72,8.0,3.04,2.0,0.71,19.0,98.0,1819
7.0,4.0,4.0,4,4,13,4.7,45.0,4,5,28.0,0.42,0.49,0.49,0.42,1.0,0.52,0.42,1.36,5.0,2.94,4.0,0.52,9.0,78.0,1920
3.0,5.7,5.7,7,7,19,8.1,83.0,7,8,44.0,0.42,0.61,0.61,0.42,1.0,0.6,0.53,1.43,4.0,3.31,7.0,0.6,23.0,110.0,2021
2.0,3.5,3.5,3,3,11,4.1,51.0,3,4,27.0,0.26,0.3,0.3,0.26,0.0,0.29,0.22,0.81,9.0,1.98,4.0,0.29,4.0,73.0,2122
5.0,2.1,2.1,1,1,6,3.6,34.0,1,4,18.0,0.2,0.35,0.35,0.2,3.0,0.38,0.1,0.57,8.0,1.72,0.0,0.38,8.0,63.0,1819
12.0,6.0,6.0,5,5,20,8.6,72.0,5,8,36.0,0.56,0.8,0.8,0.56,2.0,0.75,0.47,1.87,9.0,3.38,5.0,0.75,10.0,88.0,1920
4.0,8.2,7.4,12,12,24,11.1,79.0,12,14,58.0,0.51,0.74,0.69,0.46,5.0,0.86,0.74,1.48,9.0,3.58,4.0,0.86,9.0,124.0,2021
5.0,3.6,3.6,4,4,12,6.1,50.0,4,9,31.0,0.26,0.43,0.43,0.26,5.0,0.64,0.28,0.85,7.0,2.21,2.0,0.64,11.0,85.0,2122
0.0,7.1,6.3,5,5,13,10.4,58.0,4,10,38.0,0.57,0.89,0.83,0.51,0.0,0.8,0.4,1.04,12.0,3.03,5.0,0.72,18.0,99.0,2223
1.0,0.4,0.4,0,0,3,1.0,11.0,0,2,8.0,0.02,0.05,0.05,0.02,1.0,0.11,0.0,0.17,0.0,0.44,1.0,0.11,5.0,27.0,1920
0.0,2.6,2.6,1,1,7,3.9,34.0,1,2,26.0,0.09,0.13,0.13,0.09,1.0,0.07,0.03,0.24,1.0,0.88,3.0,0.07,5.0,50.0,2122
0.0,2.7,2.7,0,0,7,5.0,47.0,0,1,26.0,0.1,0.19,0.19,0.1,1.0,0.04,0.0,0.27,1.0,0.99,4.0,0.04,3.0,72.0,2223
1.0,1.1,1.1,0,0,4,2.6,53.0,0,1,16.0,0.12,0.27,0.27,0.12,1.0,0.11,0.0,0.42,7.0,1.69,2.0,0.11,10.0,60.0,2122
0.0,1.4,1.4,1,1,2,1.8,22.0,1,2,13.0,0.36,0.46,0.46,0.36,0.0,0.51,0.25,0.51,1.0,3.31,3.0,0.51,6.0,25.0,2223
0.0,0.6,0.6,2,2,4,4.5,44.0,2,3,17.0,0.02,0.17,0.17,0.02,0.0,0.11,0.07,0.15,4.0,0.62,4.0,0.11,22.0,164.0,1920
6.0,3.4,3.4,3,3,8,5.5,53.0,3,4,21.0,0.33,0.54,0.54,0.33,1.0,0.39,0.29,0.78,7.0,2.06,3.0,0.39,12.0,87.0,1819
1.0,4.0,4.0,6,6,11,6.0,74.0,6,7,32.0,0.27,0.4,0.4,0.27,2.0,0.47,0.4,0.73,8.0,2.13,4.0,0.47,4.0,125.0,1920
1.0,0.5,0.5,1,1,2,0.6,4.0,1,1,4.0,0.14,0.14,0.14,0.14,0.0,0.25,0.25,0.49,3.0,0.99,0.0,0.25,0.0,13.0,1920
1.0,2.2,1.4,1,1,5,2.1,25.0,1,2,30.0,0.15,0.19,0.14,0.1,3.0,0.13,0.07,0.33,5.0,2.0,2.0,0.13,8.0,66.0,1819
4.0,0.9,0.9,1,1,3,2.7,14.0,1,4,14.0,0.14,0.41,0.41,0.14,3.0,0.61,0.15,0.46,1.0,2.15,2.0,0.61,9.0,59.0,1920
0.0,2.0,2.0,4,4,11,4.7,23.0,4,7,37.0,0.12,0.29,0.29,0.12,1.0,0.43,0.24,0.67,0.0,2.26,4.0,0.43,8.0,59.0,2021
0.0,0.5,0.5,0,0,3,1.1,13.0,0,1,6.0,0.17,0.36,0.36,0.17,0.0,0.33,0.0,0.98,0.0,1.96,0.0,0.33,3.0,21.0,2223
3.0,3.2,1.6,2,2,5,4.2,24.0,0,3,17.0,0.14,0.26,0.19,0.07,2.0,0.13,0.09,0.22,2.0,0.75,2.0,0.04,11.0,73.0,1920
2.0,0.4,0.4,0,0,3,2.4,8.0,0,2,12.0,0.02,0.15,0.15,0.02,3.0,0.13,0.0,0.19,1.0,0.76,1.0,0.13,0.0,30.0,2223
0.0,0.7,0.7,1,1,3,3.4,26.0,1,5,7.0,0.04,0.19,0.19,0.04,3.0,0.28,0.06,0.17,5.0,0.39,0.0,0.28,5.0,86.0,1718
0.0,0.7,0.7,0,0,2,2.5,26.0,0,3,8.0,0.06,0.21,0.21,0.06,1.0,0.26,0.0,0.17,1.0,0.69,1.0,0.26,3.0,99.0,1819
0.0,0.7,0.7,0,0,2,2.2,23.0,0,1,7.0,0.06,0.19,0.19,0.06,1.0,0.08,0.0,0.17,1.0,0.59,0.0,0.08,4.0,88.0,1920
1.0,0.7,0.7,1,1,5,2.6,30.0,1,6,13.0,0.02,0.09,0.09,0.02,0.0,0.21,0.04,0.18,0.0,0.46,0.0,0.21,4.0,69.0,2223
0.0,0.9,0.9,1,1,1,1.2,11.0,1,1,4.0,0.09,0.13,0.13,0.09,2.0,0.1,0.1,0.1,0.0,0.42,1.0,0.1,2.0,38.0,2324
1.0,4.5,4.5,4,4,16,11.8,32.0,4,13,59.0,0.2,0.53,0.53,0.2,5.0,0.58,0.18,0.71,2.0,2.63,7.0,0.58,6.0,66.0,1819
4.0,3.2,3.2,1,1,8,7.4,28.0,1,6,30.0,0.19,0.42,0.42,0.19,3.0,0.34,0.06,0.46,1.0,1.72,6.0,0.34,8.0,37.0,1920
1.0,3.5,3.5,4,4,13,7.1,29.0,4,7,44.0,0.18,0.37,0.37,0.18,4.0,0.36,0.21,0.67,0.0,2.27,5.0,0.36,7.0,74.0,2021
4.0,3.3,1.8,1,1,11,5.6,34.0,0,5,36.0,0.15,0.31,0.24,0.08,3.0,0.22,0.04,0.48,3.0,1.58,2.0,0.18,6.0,47.0,2122
0.0,0.5,0.5,0,0,1,0.5,15.0,0,0,7.0,0.02,0.03,0.03,0.02,0.0,0.0,0.0,0.05,0.0,0.38,0.0,0.0,2.0,6.0,2021
0.0,1.6,1.6,2,2,4,2.1,18.0,2,2,8.0,0.19,0.25,0.25,0.19,0.0,0.25,0.25,0.49,1.0,0.98,1.0,0.25,0.0,3.0,2223
3.0,2.0,2.0,5,5,12,2.7,66.0,5,6,27.0,0.08,0.11,0.11,0.08,1.0,0.25,0.21,0.49,0.0,1.11,6.0,0.25,2.0,15.0,2324
1.0,1.2,1.2,1,1,2,2.8,18.0,1,2,10.0,0.17,0.38,0.38,0.17,2.0,0.27,0.14,0.27,1.0,1.35,0.0,0.27,6.0,34.0,1920
3.0,1.5,1.5,1,1,4,2.8,56.0,1,3,19.0,0.1,0.19,0.19,0.1,1.0,0.2,0.07,0.27,2.0,1.26,8.0,0.2,24.0,82.0,2021
0.0,2.6,2.6,3,3,11,3.5,32.0,3,4,21.0,0.19,0.25,0.25,0.19,1.0,0.29,0.22,0.8,0.0,1.53,4.0,0.29,15.0,56.0,2122
2.0,0.1,0.1,1,1,2,0.5,5.0,1,1,2.0,0.01,0.04,0.04,0.01,2.0,0.08,0.08,0.15,0.0,0.15,0.0,0.08,1.0,14.0,2021
0.0,1.2,1.2,2,2,4,3.8,34.0,2,4,12.0,0.07,0.22,0.22,0.07,0.0,0.24,0.12,0.24,4.0,0.71,3.0,0.24,11.0,40.0,2122
0.0,0.6,0.6,0,0,1,1.2,16.0,0,0,8.0,0.03,0.05,0.05,0.03,0.0,0.0,0.0,0.05,0.0,0.37,0.0,0.0,3.0,23.0,2223
4.0,4.8,4.8,8,8,14,6.1,83.0,8,9,35.0,0.28,0.35,0.35,0.28,0.0,0.53,0.47,0.82,12.0,2.05,0.0,0.53,6.0,92.0,2223
1.0,6.0,6.0,4,4,13,6.9,69.0,4,4,41.0,0.43,0.5,0.5,0.43,1.0,0.29,0.29,0.93,8.0,2.92,2.0,0.29,4.0,93.0,2324
1.0,1.6,1.6,1,1,6,2.5,30.0,1,2,11.0,0.23,0.36,0.36,0.23,0.0,0.29,0.15,0.88,4.0,1.61,2.0,0.29,3.0,41.0,2324
1.0,0.6,0.6,2,2,3,0.9,12.0,2,3,11.0,0.02,0.03,0.03,0.02,0.0,0.12,0.08,0.12,0.0,0.43,1.0,0.12,0.0,8.0,1819
1.0,1.2,1.2,1,1,1,1.3,5.0,1,1,5.0,0.09,0.1,0.1,0.09,0.0,0.08,0.08,0.08,1.0,0.38,1.0,0.08,2.0,1.0,1920
0.0,0.5,0.5,1,1,5,0.7,15.0,1,2,10.0,0.04,0.05,0.05,0.04,1.0,0.14,0.07,0.36,0.0,0.72,2.0,0.14,0.0,2.0,1819
1.0,1.7,1.7,2,2,4,2.2,17.0,2,4,13.0,0.06,0.07,0.07,0.06,2.0,0.13,0.06,0.13,1.0,0.42,1.0,0.13,0.0,1.0,2122
0.0,0.4,0.4,0,0,3,0.5,8.0,0,0,7.0,0.04,0.05,0.05,0.04,0.0,0.0,0.0,0.32,0.0,0.75,1.0,0.0,1.0,1.0,2425
13.0,1.4,1.4,2,2,12,7.0,41.0,2,4,31.0,0.13,0.65,0.65,0.13,20.0,0.37,0.18,1.11,1.0,2.86,2.0,0.37,9.0,88.0,1819
6.0,7.3,5.8,13,13,29,25.8,150.0,11,33,97.0,0.24,0.88,0.83,0.19,12.0,1.06,0.42,0.94,3.0,3.13,4.0,1.0,44.0,257.0,1920
15.0,9.3,6.9,6,6,24,14.9,92.0,4,18,77.0,0.42,0.78,0.67,0.31,8.0,0.81,0.27,1.08,1.0,3.47,5.0,0.72,25.0,186.0,2021
7.0,5.7,5.7,15,15,31,16.1,107.0,15,23,78.0,0.23,0.66,0.66,0.23,16.0,0.94,0.61,1.27,4.0,3.19,9.0,0.94,20.0,175.0,2122
4.0,5.6,5.6,7,7,21,19.3,100.0,7,23,65.0,0.21,0.72,0.72,0.21,10.0,0.86,0.26,0.78,5.0,2.42,7.0,0.86,16.0,245.0,2223
4.0,2.4,2.4,4,4,17,14.0,86.0,4,14,44.0,0.18,1.03,1.03,0.18,7.0,1.03,0.29,1.25,1.0,3.24,5.0,1.03,12.0,133.0,2324
2.0,1.8,1.8,2,2,15,6.2,22.0,2,7,34.0,0.08,0.26,0.26,0.08,2.0,0.3,0.09,0.64,7.0,1.45,3.0,0.3,7.0,67.0,1819
0.0,0.3,0.3,2,2,3,2.8,5.0,2,4,5.0,0.04,0.37,0.37,0.04,1.0,0.53,0.27,0.4,1.0,0.67,0.0,0.53,2.0,22.0,1920
0.0,1.1,1.1,0,0,1,2.7,6.0,0,1,14.0,0.05,0.13,0.13,0.05,1.0,0.05,0.0,0.05,0.0,0.65,0.0,0.05,2.0,24.0,2021
2.0,0.4,0.4,0,0,2,2.3,11.0,0,1,8.0,0.02,0.11,0.11,0.02,2.0,0.05,0.0,0.09,0.0,0.38,0.0,0.05,4.0,35.0,2122
1.0,1.1,1.1,2,2,2,2.2,4.0,2,4,7.0,0.07,0.14,0.14,0.07,0.0,0.26,0.13,0.13,1.0,0.46,1.0,0.26,2.0,15.0,2223
1.0,0.2,0.2,1,1,1,2.0,11.0,1,1,6.0,0.01,0.13,0.13,0.01,0.0,0.07,0.07,0.07,0.0,0.4,1.0,0.07,1.0,27.0,2324
10.0,8.5,7.6,6,6,20,9.7,120.0,6,8,63.0,0.31,0.39,0.36,0.28,1.0,0.29,0.22,0.73,22.0,2.31,4.0,0.29,22.0,144.0,1819
2.0,10.6,10.6,10,10,34,13.1,145.0,10,11,79.0,0.37,0.46,0.46,0.37,0.0,0.39,0.35,1.19,15.0,2.77,5.0,0.39,35.0,139.0,1920
2.0,3.2,3.2,2,2,6,5.1,61.0,2,2,30.0,0.23,0.36,0.36,0.23,1.0,0.14,0.14,0.43,23.0,2.13,3.0,0.14,17.0,100.0,2021
2.0,7.4,7.4,2,2,12,8.4,71.0,2,3,41.0,0.6,0.68,0.68,0.6,4.0,0.24,0.16,0.98,9.0,3.35,6.0,0.24,16.0,79.0,2021
1.0,3.3,3.3,2,2,16,5.4,63.0,2,6,41.0,0.25,0.41,0.41,0.25,2.0,0.46,0.15,1.22,12.0,3.12,6.0,0.46,7.0,104.0,2122
0.0,1.7,1.7,3,3,3,4.4,35.0,3,4,11.0,0.09,0.23,0.23,0.09,1.0,0.21,0.16,0.16,0.0,0.58,3.0,0.21,12.0,105.0,1920
0.0,0.6,0.6,0,0,5,1.6,27.0,0,1,11.0,0.03,0.09,0.09,0.03,0.0,0.05,0.0,0.27,0.0,0.6,1.0,0.05,9.0,80.0,2021
0.0,1.7,1.7,5,5,8,2.4,13.0,5,6,23.0,0.1,0.14,0.14,0.1,0.0,0.35,0.29,0.46,0.0,1.33,2.0,0.35,3.0,24.0,2021
3.0,0.2,0.2,1,1,2,1.9,15.0,1,4,4.0,0.03,0.32,0.32,0.03,0.0,0.68,0.17,0.34,2.0,0.68,0.0,0.68,7.0,40.0,2223
0.0,3.0,3.0,3,3,7,4.3,35.0,3,3,19.0,0.19,0.27,0.27,0.19,1.0,0.19,0.19,0.44,5.0,1.19,2.0,0.19,8.0,112.0,2324
0.0,2.1,2.0,4,4,9,2.9,60.0,4,5,19.0,0.23,0.33,0.32,0.22,1.0,0.54,0.43,0.97,4.0,2.06,3.0,0.54,19.0,63.0,2122
2.0,0.2,0.2,1,1,1,0.2,13.0,1,1,4.0,0.12,0.12,0.12,0.12,1.0,0.49,0.49,0.49,0.0,1.98,0.0,0.49,5.0,20.0,2223
11.0,1.2,1.2,2,2,4,1.9,19.0,2,3,8.0,0.32,0.52,0.52,0.32,2.0,0.81,0.54,1.08,2.0,2.16,1.0,0.81,5.0,23.0,2324
0.0,1.8,1.0,2,2,1,2.1,20.0,1,5,10.0,0.12,0.18,0.13,0.07,0.0,0.32,0.13,0.06,1.0,0.64,2.0,0.25,1.0,20.0,1920
3.0,0.8,0.8,0,0,6,3.1,10.0,0,4,22.0,0.06,0.22,0.22,0.06,0.0,0.28,0.0,0.43,0.0,1.56,2.0,0.28,4.0,42.0,1920
1.0,1.8,1.8,3,3,4,2.5,9.0,3,3,9.0,0.3,0.42,0.42,0.3,1.0,0.5,0.5,0.67,1.0,1.51,1.0,0.5,1.0,36.0,2021
5.0,1.4,1.4,1,1,6,2.5,20.0,1,2,16.0,0.29,0.53,0.53,0.29,3.0,0.43,0.21,1.29,0.0,3.44,4.0,0.43,1.0,39.0,2122
7.0,4.4,2.1,5,5,11,7.7,37.0,2,8,45.0,0.15,0.35,0.27,0.07,10.0,0.28,0.17,0.38,0.0,1.56,5.0,0.17,3.0,98.0,2223
0.0,0.7,0.7,0,0,1,0.8,1.0,0,0,2.0,0.05,0.05,0.05,0.05,0.0,0.0,0.0,0.07,0.0,0.14,0.0,0.0,0.0,12.0,2324
10.0,13.8,13.8,14,14,43,22.2,161.0,14,23,87.0,0.44,0.71,0.71,0.44,7.0,0.74,0.45,1.38,22.0,2.78,7.0,0.74,28.0,263.0,1819
16.0,11.5,11.5,10,10,32,17.3,136.0,10,17,78.0,0.5,0.76,0.76,0.5,7.0,0.75,0.44,1.41,31.0,3.43,11.0,0.75,24.0,175.0,1920
3.0,7.4,6.6,9,9,23,13.5,117.0,8,18,50.0,0.27,0.53,0.5,0.24,2.0,0.67,0.33,0.85,17.0,1.85,4.0,0.63,14.0,203.0,2122
3.0,1.7,1.7,3,3,7,3.3,37.0,3,5,15.0,0.25,0.47,0.47,0.25,4.0,0.7,0.42,0.99,7.0,2.11,0.0,0.7,5.0,60.0,2223
0.0,5.3,2.9,3,3,10,5.6,51.0,1,7,33.0,0.36,0.53,0.37,0.2,0.0,0.47,0.2,0.67,7.0,2.21,5.0,0.33,8.0,96.0,2324
0.0,0.4,0.4,0,0,1,1.6,16.0,0,1,3.0,0.03,0.11,0.11,0.03,0.0,0.07,0.0,0.07,0.0,0.2,1.0,0.07,1.0,80.0,2122
1.0,3.8,2.3,4,4,10,3.1,38.0,2,5,27.0,0.37,0.45,0.3,0.22,0.0,0.48,0.38,0.96,8.0,2.59,1.0,0.29,2.0,62.0,1819
0.0,1.3,1.3,1,1,3,1.6,26.0,1,1,18.0,0.19,0.23,0.23,0.19,0.0,0.15,0.15,0.45,4.0,2.7,0.0,0.15,1.0,40.0,1920
0.0,0.3,0.3,0,0,2,0.8,12.0,0,0,10.0,0.03,0.1,0.1,0.03,0.0,0.0,0.0,0.26,1.0,1.29,1.0,0.0,0.0,21.0,2122
0.0,1.9,1.9,3,3,7,2.4,24.0,3,3,17.0,0.17,0.21,0.21,0.17,0.0,0.26,0.26,0.61,1.0,1.49,2.0,0.26,4.0,47.0,2324
3.0,7.6,6.1,7,7,19,6.9,74.0,5,9,58.0,0.46,0.51,0.42,0.37,0.0,0.54,0.42,1.15,10.0,3.51,9.0,0.42,11.0,97.0,1819
11.0,8.2,6.6,12,12,30,14.2,175.0,10,22,83.0,0.29,0.56,0.51,0.23,6.0,0.79,0.43,1.07,6.0,2.97,13.0,0.71,84.0,291.0,2223
4.0,11.1,11.1,11,11,45,17.9,196.0,11,17,128.0,0.37,0.59,0.59,0.36,3.0,0.56,0.36,1.48,4.0,4.21,16.0,0.56,81.0,266.0,2324
4.0,1.0,1.0,2,2,4,1.2,13.0,2,2,10.0,0.06,0.07,0.07,0.06,2.0,0.12,0.12,0.24,0.0,0.6,1.0,0.12,3.0,17.0,2021
2.0,2.7,2.7,4,4,7,5.0,27.0,4,6,23.0,0.13,0.24,0.24,0.13,4.0,0.28,0.19,0.33,1.0,1.09,4.0,0.28,6.0,33.0,2122
1.0,3.2,3.2,2,2,9,8.3,61.0,2,6,38.0,0.11,0.29,0.29,0.11,1.0,0.21,0.07,0.32,3.0,1.34,6.0,0.21,18.0,77.0,2223
4.0,3.4,3.4,1,1,11,7.0,43.0,1,2,39.0,0.14,0.3,0.3,0.14,5.0,0.09,0.04,0.47,2.0,1.67,7.0,0.09,10.0,57.0,2324
0.0,0.3,0.3,0,0,2,1.2,6.0,0,1,9.0,0.02,0.09,0.09,0.02,0.0,0.07,0.0,0.14,0.0,0.62,1.0,0.07,1.0,12.0,1819
1.0,0.5,0.5,1,1,3,4.0,45.0,1,4,15.0,0.02,0.16,0.16,0.02,3.0,0.16,0.04,0.12,0.0,0.59,1.0,0.16,16.0,194.0,2021
0.0,0.3,0.3,0,0,2,0.7,15.0,0,1,7.0,0.04,0.08,0.08,0.04,2.0,0.11,0.0,0.23,1.0,0.79,1.0,0.11,3.0,31.0,2223
0.0,0.5,0.5,1,1,3,4.6,25.0,1,4,8.0,0.02,0.18,0.18,0.02,4.0,0.16,0.04,0.12,6.0,0.32,4.0,0.16,2.0,200.0,1819
0.0,0.2,0.2,2,2,2,0.5,0.0,2,2,2.0,0.05,0.1,0.1,0.05,0.0,0.42,0.42,0.42,0.0,0.42,0.0,0.42,1.0,8.0,2122
0.0,0.7,0.7,1,1,2,8.2,36.0,1,11,8.0,0.03,0.33,0.33,0.03,3.0,0.44,0.04,0.08,3.0,0.32,0.0,0.44,5.0,128.0,2324
0.0,2.4,2.4,2,2,6,5.6,50.0,2,4,26.0,0.09,0.22,0.22,0.09,1.0,0.16,0.08,0.23,1.0,1.01,2.0,0.16,16.0,91.0,2223
2.0,2.6,2.6,2,2,12,4.6,32.0,2,5,22.0,0.16,0.29,0.29,0.16,0.0,0.31,0.13,0.75,2.0,1.38,3.0,0.31,8.0,143.0,2021
1.0,1.5,1.5,2,2,6,2.0,33.0,2,2,17.0,0.16,0.21,0.21,0.16,6.0,0.21,0.21,0.62,0.0,1.77,2.0,0.21,5.0,92.0,2122
0.0,1.2,1.2,1,1,6,5.1,55.0,1,7,17.0,0.08,0.35,0.35,0.08,0.0,0.48,0.07,0.41,7.0,1.17,0.0,0.48,18.0,185.0,2223
0.0,0.2,0.2,0,0,2,0.7,14.0,0,0,4.0,0.07,0.2,0.2,0.07,1.0,0.0,0.0,0.59,1.0,1.19,1.0,0.0,5.0,41.0,2324
2.0,0.8,0.8,0,0,4,1.8,18.0,0,0,15.0,0.06,0.14,0.14,0.06,0.0,0.0,0.0,0.31,1.0,1.16,0.0,0.0,0.0,27.0,2021
1.0,1.0,1.0,2,2,5,1.8,12.0,2,2,10.0,0.17,0.31,0.31,0.17,2.0,0.35,0.35,0.87,1.0,1.73,1.0,0.35,1.0,20.0,2122
1.0,2.3,2.3,1,1,10,4.5,45.0,1,3,46.0,0.09,0.17,0.17,0.09,0.0,0.12,0.04,0.39,4.0,1.79,5.0,0.12,8.0,82.0,2223
2.0,1.9,1.9,1,1,5,2.4,15.0,1,1,13.0,0.2,0.26,0.26,0.2,0.0,0.11,0.11,0.54,0.0,1.4,1.0,0.11,3.0,42.0,2324
1.0,2.1,2.1,2,2,4,3.1,18.0,2,2,20.0,0.16,0.24,0.24,0.16,0.0,0.15,0.15,0.3,1.0,1.51,1.0,0.15,4.0,28.0,2425
3.0,0.8,0.8,3,3,5,1.4,33.0,3,3,16.0,0.05,0.08,0.08,0.05,2.0,0.17,0.17,0.28,1.0,0.9,1.0,0.17,1.0,16.0,2324
0.0,0.4,0.4,1,1,2,2.0,19.0,1,2,6.0,0.02,0.09,0.09,0.02,0.0,0.09,0.04,0.09,3.0,0.26,0.0,0.09,1.0,84.0,1819
0.0,0.1,0.1,0,0,1,1.5,17.0,0,0,5.0,0.01,0.06,0.06,0.01,5.0,0.0,0.0,0.04,1.0,0.2,0.0,0.0,4.0,81.0,1920
0.0,0.1,0.1,0,0,1,3.8,11.0,0,5,3.0,0.0,0.16,0.16,0.0,0.0,0.21,0.0,0.04,2.0,0.13,0.0,0.21,6.0,48.0,2122
0.0,1.7,1.6,2,2,4,1.7,16.0,2,2,9.0,0.05,0.06,0.05,0.05,0.0,0.06,0.06,0.12,4.0,0.28,2.0,0.06,0.0,2.0,1920
5.0,5.6,5.6,3,3,16,7.4,90.0,3,3,43.0,0.39,0.51,0.51,0.39,1.0,0.21,0.21,1.11,10.0,2.98,4.0,0.21,7.0,128.0,1819
12.0,6.0,6.0,5,5,18,7.0,99.0,5,6,59.0,0.3,0.35,0.35,0.3,2.0,0.31,0.25,0.92,14.0,3.01,8.0,0.31,5.0,124.0,1920
5.0,10.8,10.8,12,12,34,12.9,141.0,12,14,87.0,0.31,0.38,0.38,0.31,1.0,0.41,0.35,0.99,15.0,2.54,8.0,0.41,9.0,247.0,2021
2.0,6.7,5.9,5,5,19,8.0,105.0,4,6,52.0,0.32,0.42,0.38,0.29,0.0,0.29,0.24,0.92,9.0,2.51,6.0,0.24,10.0,144.0,2122
3.0,4.4,3.6,2,2,11,4.7,68.0,1,2,41.0,0.39,0.48,0.41,0.32,2.0,0.18,0.18,0.97,6.0,3.61,2.0,0.09,6.0,58.0,2223
13.0,7.7,6.9,3,3,23,8.9,108.0,3,5,56.0,0.49,0.61,0.56,0.44,0.0,0.32,0.19,1.45,7.0,3.54,4.0,0.32,12.0,97.0,2324
2.0,0.6,0.6,0,0,1,1.4,22.0,0,1,7.0,0.03,0.07,0.07,0.03,0.0,0.05,0.0,0.05,4.0,0.35,1.0,0.05,1.0,58.0,2324
4.0,4.0,4.0,6,6,19,8.0,87.0,6,10,31.0,0.26,0.52,0.52,0.26,3.0,0.65,0.39,1.24,3.0,2.02,2.0,0.65,32.0,244.0,1819
5.0,4.7,4.7,4,4,15,9.4,117.0,4,7,37.0,0.28,0.56,0.56,0.28,10.0,0.42,0.24,0.9,4.0,2.21,2.0,0.42,49.0,329.0,1920
6.0,4.2,4.2,5,5,19,10.6,121.0,5,15,52.0,0.21,0.55,0.55,0.21,2.0,0.77,0.26,0.98,7.0,2.67,6.0,0.77,43.0,268.0,2021
8.0,4.0,4.0,6,6,20,7.0,110.0,6,8,46.0,0.26,0.46,0.46,0.26,5.0,0.53,0.4,1.32,5.0,3.05,4.0,0.53,41.0,233.0,2122
3.0,4.6,4.6,8,8,17,10.1,94.0,8,13,49.0,0.29,0.65,0.65,0.29,3.0,0.83,0.51,1.09,5.0,3.13,4.0,0.83,44.0,296.0,2223
5.0,2.8,2.8,3,3,8,6.6,93.0,3,6,34.0,0.22,0.53,0.53,0.22,4.0,0.49,0.24,0.65,1.0,2.75,4.0,0.49,35.0,210.0,2324
0.0,0.6,0.6,0,0,1,1.2,13.0,0,1,9.0,0.05,0.1,0.1,0.05,1.0,0.08,0.0,0.08,2.0,0.71,1.0,0.08,0.0,44.0,2021
0.0,2.0,2.0,2,2,6,3.0,31.0,2,2,13.0,0.12,0.17,0.17,0.12,1.0,0.12,0.12,0.35,1.0,0.76,5.0,0.12,7.0,69.0,2223
0.0,1.3,1.3,0,0,3,2.0,28.0,0,1,18.0,0.12,0.19,0.19,0.12,1.0,0.09,0.0,0.28,5.0,1.7,3.0,0.09,7.0,44.0,2324
0.0,0.4,0.4,1,1,1,1.5,11.0,1,3,3.0,0.09,0.38,0.38,0.09,1.0,0.77,0.26,0.26,1.0,0.77,1.0,0.77,1.0,27.0,2122
3.0,1.3,1.3,3,3,7,1.5,29.0,3,3,21.0,0.08,0.09,0.09,0.08,0.0,0.17,0.17,0.39,0.0,1.18,1.0,0.17,1.0,7.0,2324
0.0,0.1,0.1,0,0,1,0.1,1.0,0,0,2.0,0.0,0.0,0.0,0.0,0.0,0.0,0.0,0.06,0.0,0.13,0.0,0.0,1.0,1.0,1819
0.0,0.3,0.3,1,1,2,0.4,5.0,1,1,4.0,0.02,0.03,0.03,0.02,0.0,0.06,0.06,0.12,1.0,0.24,0.0,0.06,0.0,15.0,2021
1.0,0.6,0.6,0,0,3,0.6,10.0,0,0,10.0,0.03,0.03,0.03,0.03,0.0,0.0,0.0,0.16,1.0,0.52,0.0,0.0,2.0,11.0,2122
0.0,0.9,0.9,1,1,4,1.1,8.0,1,1,8.0,0.04,0.04,0.04,0.04,0.0,0.04,0.04,0.15,1.0,0.3,0.0,0.04,0.0,13.0,2223
4.0,1.5,1.5,3,3,6,6.2,27.0,3,8,21.0,0.05,0.22,0.22,0.05,5.0,0.28,0.1,0.21,2.0,0.73,5.0,0.28,4.0,72.0,1819
1.0,2.6,2.6,4,4,9,8.4,50.0,4,9,23.0,0.09,0.28,0.28,0.09,2.0,0.3,0.13,0.3,1.0,0.77,3.0,0.3,3.0,83.0,1920
1.0,2.0,2.0,1,1,7,5.1,29.0,1,3,17.0,0.06,0.15,0.15,0.06,2.0,0.09,0.03,0.21,0.0,0.51,1.0,0.09,5.0,42.0,2021
0.0,1.0,1.0,1,1,6,2.4,27.0,1,3,12.0,0.03,0.09,0.09,0.03,3.0,0.11,0.04,0.22,0.0,0.43,2.0,0.11,1.0,53.0,2122
0.0,0.7,0.7,0,0,1,2.4,21.0,0,3,16.0,0.03,0.09,0.09,0.03,4.0,0.11,0.0,0.04,1.0,0.57,2.0,0.11,0.0,37.0,2223
1.0,0.4,0.4,0,0,2,4.1,12.0,0,4,10.0,0.02,0.15,0.15,0.02,1.0,0.14,0.0,0.07,0.0,0.36,1.0,0.14,1.0,26.0,2324
3.0,0.8,0.8,0,0,1,1.8,23.0,0,1,11.0,0.03,0.07,0.07,0.03,0.0,0.04,0.0,0.04,0.0,0.42,2.0,0.04,1.0,15.0,2324
2.0,2.5,2.5,1,1,5,4.7,50.0,1,2,14.0,0.12,0.23,0.23,0.12,6.0,0.1,0.05,0.24,1.0,0.67,1.0,0.1,14.0,104.0,1819
0.0,0.8,0.8,2,2,5,3.0,18.0,2,8,9.0,0.03,0.13,0.13,0.03,0.0,0.34,0.09,0.21,0.0,0.38,1.0,0.34,10.0,39.0,1920
4.0,0.2,0.2,0,0,2,0.2,2.0,0,0,3.0,0.22,0.22,0.22,0.22,4.0,0.0,0.0,2.14,1.0,3.21,0.0,0.0,0.0,5.0,2021
3.0,2.4,2.4,4,4,7,4.7,30.0,4,8,15.0,0.17,0.34,0.34,0.17,0.0,0.58,0.29,0.51,0.0,1.09,2.0,0.58,6.0,53.0,2122
0.0,2.4,2.4,3,3,10,4.7,38.0,3,3,20.0,0.15,0.29,0.29,0.15,3.0,0.18,0.18,0.61,2.0,1.23,1.0,0.18,10.0,52.0,2223
2.0,1.0,1.0,0,0,5,4.9,49.0,0,3,17.0,0.05,0.25,0.25,0.05,2.0,0.15,0.0,0.25,2.0,0.86,2.0,0.15,17.0,98.0,2324
4.0,1.6,1.6,0,0,4,1.8,21.0,0,0,15.0,0.1,0.11,0.11,0.1,0.0,0.0,0.0,0.25,1.0,0.92,2.0,0.0,1.0,2.0,2021
1.0,4.0,4.0,2,2,12,5.2,47.0,2,3,48.0,0.16,0.2,0.2,0.16,0.0,0.12,0.08,0.47,1.0,1.89,5.0,0.12,2.0,13.0,2223
0.0,1.2,1.2,1,1,2,1.4,19.0,1,1,12.0,0.07,0.08,0.08,0.07,0.0,0.06,0.06,0.12,0.0,0.72,1.0,0.06,1.0,2.0,2324
0.0,0.4,0.4,0,0,1,0.6,16.0,0,0,6.0,0.01,0.02,0.02,0.01,2.0,0.0,0.0,0.03,0.0,0.2,0.0,0.0,0.0,5.0,1920
0.0,0.3,0.3,0,0,2,0.8,8.0,0,2,6.0,0.02,0.04,0.04,0.02,0.0,0.1,0.0,0.1,0.0,0.31,1.0,0.1,1.0,1.0,2021
1.0,0.3,0.3,0,0,2,1.0,16.0,0,0,6.0,0.01,0.04,0.04,0.01,0.0,0.0,0.0,0.07,1.0,0.22,0.0,0.0,1.0,3.0,2122
0.0,0.9,0.9,1,1,1,1.9,10.0,1,1,9.0,0.08,0.17,0.17,0.08,0.0,0.09,0.09,0.09,0.0,0.81,2.0,0.09,0.0,3.0,2223
0.0,1.6,1.6,4,4,7,1.7,24.0,4,4,17.0,0.07,0.07,0.07,0.07,0.0,0.17,0.17,0.29,0.0,0.7,0.0,0.17,0.0,1.0,1920
0.0,0.9,0.9,0,0,3,1.1,11.0,0,0,8.0,0.03,0.04,0.04,0.03,0.0,0.0,0.0,0.12,0.0,0.31,2.0,0.0,1.0,1.0,2021
1.0,0.3,0.3,0,0,1,1.3,1.0,0,0,10.0,0.03,0.12,0.12,0.03,0.0,0.0,0.0,0.1,0.0,0.98,1.0,0.0,0.0,23.0,1819
0.0,0.1,0.1,1,1,2,0.4,1.0,1,1,4.0,0.02,0.09,0.09,0.02,1.0,0.23,0.23,0.45,0.0,0.9,2.0,0.23,1.0,17.0,1920
0.0,0.6,0.6,0,0,5,1.3,2.0,0,1,16.0,0.04,0.09,0.09,0.04,2.0,0.06,0.0,0.32,1.0,1.04,3.0,0.06,0.0,14.0,2122
0.0,0.6,0.6,0,0,2,3.3,32.0,0,2,8.0,0.06,0.34,0.34,0.06,4.0,0.21,0.0,0.21,0.0,0.82,2.0,0.21,7.0,109.0,2122
0.0,0.3,0.3,0,0,2,1.9,22.0,0,4,7.0,0.04,0.22,0.22,0.04,3.0,0.47,0.0,0.23,0.0,0.82,2.0,0.47,5.0,77.0,2223
2.0,0.7,0.7,1,1,4,1.5,14.0,1,1,8.0,0.05,0.09,0.09,0.05,1.0,0.06,0.06,0.25,1.0,0.49,0.0,0.06,2.0,19.0,2223
0.0,0.8,0.8,2,2,5,1.0,11.0,2,3,13.0,0.07,0.09,0.09,0.07,0.0,0.26,0.17,0.43,0.0,1.11,1.0,0.26,2.0,10.0,2324
2.0,0.6,0.6,1,1,4,1.6,3.0,1,3,15.0,0.07,0.19,0.18,0.06,2.0,0.34,0.11,0.46,0.0,1.72,1.0,0.34,0.0,8.0,2324
0.0,1.3,1.3,2,2,4,3.6,58.0,2,3,12.0,0.06,0.18,0.18,0.06,0.0,0.15,0.1,0.2,1.0,0.59,2.0,0.15,5.0,31.0,2324
9.0,9.1,7.6,13,13,29,9.0,98.0,11,13,75.0,0.52,0.6,0.51,0.43,0.0,0.73,0.73,1.64,11.0,4.24,8.0,0.62,10.0,107.0,1819
4.0,6.9,6.9,9,9,21,8.2,68.0,9,9,41.0,0.46,0.54,0.54,0.46,1.0,0.59,0.59,1.38,12.0,2.69,5.0,0.59,9.0,107.0,1819
7.0,7.3,4.9,4,4,12,6.6,64.0,1,4,45.0,0.55,0.68,0.5,0.37,1.0,0.3,0.3,0.91,6.0,3.42,4.0,0.08,7.0,67.0,1920
1.0,6.4,5.6,7,7,18,6.6,68.0,7,8,40.0,0.35,0.41,0.37,0.31,0.0,0.44,0.39,0.99,19.0,2.21,2.0,0.44,8.0,105.0,2021
3.0,1.8,1.8,1,1,5,1.8,13.0,1,1,12.0,0.46,0.46,0.46,0.46,0.0,0.26,0.26,1.3,6.0,3.11,2.0,0.26,2.0,23.0,2122
4.0,3.6,2.8,3,3,7,3.7,38.0,3,3,22.0,0.44,0.55,0.45,0.34,5.0,0.37,0.37,0.86,3.0,2.7,3.0,0.37,1.0,33.0,2122
4.0,0.1,0.1,1,1,3,0.4,13.0,1,1,3.0,0.04,0.12,0.12,0.04,2.0,0.32,0.32,0.95,0.0,0.95,0.0,0.32,7.0,27.0,2122
0.0,4.6,4.6,4,4,18,8.0,88.0,4,6,40.0,0.2,0.35,0.35,0.2,2.0,0.26,0.17,0.78,10.0,1.74,7.0,0.26,28.0,229.0,2223
0.0,1.5,1.5,2,2,3,1.8,37.0,2,4,19.0,0.05,0.06,0.06,0.05,0.0,0.14,0.07,0.1,2.0,0.65,2.0,0.14,0.0,4.0,1819
5.0,1.2,1.2,0,0,5,1.3,25.0,0,0,15.0,0.04,0.05,0.05,0.04,0.0,0.0,0.0,0.19,1.0,0.58,1.0,0.0,0.0,2.0,1920
1.0,2.0,2.0,5,5,12,2.1,35.0,5,5,27.0,0.09,0.09,0.09,0.09,0.0,0.22,0.22,0.53,0.0,1.2,3.0,0.22,0.0,8.0,2021
3.0,2.2,2.2,2,2,5,2.3,29.0,2,2,19.0,0.1,0.1,0.1,0.1,0.0,0.09,0.09,0.23,0.0,0.86,1.0,0.09,0.0,1.0,2223
0.0,0.2,0.2,0,0,1,2.1,20.0,0,1,9.0,0.01,0.07,0.07,0.01,1.0,0.03,0.0,0.03,0.0,0.3,2.0,0.03,12.0,153.0,1819
0.0,0.1,0.1,0,0,1,0.5,17.0,0,1,3.0,0.02,0.07,0.07,0.02,0.0,0.14,0.0,0.14,2.0,0.42,0.0,0.14,9.0,54.0,1920
2.0,1.7,1.7,2,2,6,2.5,22.0,2,2,20.0,0.16,0.24,0.24,0.16,0.0,0.19,0.19,0.58,4.0,1.92,1.0,0.19,4.0,83.0,1819
0.0,2.1,2.1,2,2,6,3.1,27.0,2,2,15.0,0.28,0.42,0.42,0.28,0.0,0.27,0.27,0.8,3.0,2.0,3.0,0.27,8.0,62.0,1920
1.0,0.8,0.8,1,1,4,2.7,32.0,1,2,21.0,0.03,0.09,0.09,0.03,4.0,0.06,0.03,0.13,4.0,0.68,2.0,0.06,17.0,92.0,1819
1.0,1.2,1.2,1,1,3,2.7,33.0,1,5,14.0,0.05,0.1,0.1,0.05,1.0,0.19,0.04,0.11,3.0,0.53,0.0,0.19,12.0,121.0,1920
0.0,0.3,0.3,1,1,3,0.9,15.0,1,2,10.0,0.01,0.04,0.04,0.01,2.0,0.09,0.05,0.14,1.0,0.46,1.0,0.09,6.0,71.0,2021
0.0,0.4,0.4,0,0,1,0.7,15.0,0,0,5.0,0.02,0.03,0.03,0.02,4.0,0.0,0.0,0.05,0.0,0.23,0.0,0.0,2.0,75.0,2223
0.0,0.4,0.4,0,0,3,3.0,41.0,0,4,16.0,0.01,0.1,0.1,0.01,0.0,0.13,0.0,0.1,7.0,0.52,1.0,0.13,7.0,172.0,2324
0.0,0.1,0.1,0,0,2,0.6,5.0,0,0,5.0,0.01,0.05,0.05,0.01,0.0,0.0,0.0,0.19,1.0,0.46,0.0,0.0,0.0,11.0,2425
1.0,1.1,1.1,1,1,7,3.8,76.0,1,3,26.0,0.04,0.13,0.13,0.04,0.0,0.1,0.03,0.24,3.0,0.89,3.0,0.1,33.0,165.0,2122
0.0,1.0,1.0,1,1,5,2.5,50.0,1,1,13.0,0.03,0.08,0.08,0.03,2.0,0.03,0.03,0.17,1.0,0.44,3.0,0.03,19.0,114.0,2223
33.0,14.0,14.0,13,13,32,22.1,190.0,13,21,78.0,0.6,0.95,0.95,0.6,7.0,0.9,0.56,1.38,23.0,3.35,3.0,0.9,52.0,282.0,1718
18.0,28.0,26.4,33,33,68,31.8,212.0,32,40,123.0,1.08,1.28,1.22,1.01,5.0,1.54,1.27,2.61,30.0,4.72,8.0,1.5,58.0,311.0,1819
27.0,15.6,15.6,18,18,49,25.1,181.0,18,23,87.0,0.93,1.49,1.49,0.93,7.0,1.37,1.07,2.91,18.0,5.18,7.0,1.37,66.0,260.0,1920
28.0,22.1,17.4,27,27,47,22.2,243.0,21,34,98.0,0.83,1.02,0.84,0.66,17.0,1.29,1.02,1.78,17.0,3.71,8.0,1.06,85.0,345.0,2021
29.0,23.8,20.7,28,28,59,33.4,299.0,24,45,143.0,0.71,1.08,0.99,0.62,5.0,1.34,0.83,1.76,39.0,4.26,13.0,1.22,103.0,449.0,2122
27.0,26.3,22.2,29,29,73,29.5,302.0,26,34,144.0,0.84,1.07,0.94,0.71,7.0,1.09,0.93,2.33,33.0,4.6,15.0,0.99,86.0,468.0,2223
31.0,21.0,14.5,27,27,50,20.2,207.0,21,34,112.0,0.87,1.11,0.84,0.6,3.0,1.42,1.13,2.09,20.0,4.67,3.0,1.17,66.0,285.0,2324
6.0,8.8,8.8,6,6,15,12.5,95.0,6,7,36.0,0.49,0.7,0.7,0.49,2.0,0.39,0.33,0.84,17.0,2.01,2.0,0.39,24.0,141.0,1819
4.0,5.3,4.5,6,6,9,7.4,78.0,6,8,18.0,0.3,0.47,0.42,0.26,1.0,0.46,0.34,0.51,13.0,1.02,1.0,0.46,15.0,121.0,1920
11.0,3.8,3.8,4,4,7,4.7,27.0,4,5,16.0,0.32,0.39,0.39,0.32,3.0,0.42,0.33,0.58,9.0,1.34,3.0,0.42,4.0,68.0,2021
10.0,13.3,10.9,11,11,25,13.9,152.0,10,14,65.0,0.5,0.62,0.53,0.41,0.0,0.53,0.42,0.94,14.0,2.45,6.0,0.49,31.0,225.0,2122
4.0,8.2,6.5,10,10,22,9.8,102.0,9,10,44.0,0.35,0.49,0.42,0.28,2.0,0.43,0.43,0.94,4.0,1.89,9.0,0.39,17.0,158.0,2223
0.0,0.4,0.4,0,0,3,2.4,28.0,0,2,12.0,0.02,0.12,0.12,0.02,0.0,0.1,0.0,0.15,3.0,0.6,2.0,0.1,14.0,138.0,1819
0.0,1.8,1.8,1,1,8,2.8,36.0,1,2,20.0,0.11,0.17,0.17,0.11,0.0,0.12,0.06,0.49,1.0,1.21,2.0,0.12,9.0,97.0,1819
0.0,0.4,0.4,0,0,2,0.7,7.0,0,0,9.0,0.02,0.04,0.04,0.02,0.0,0.0,0.0,0.11,0.0,0.49,1.0,0.0,1.0,7.0,1920
0.0,1.1,1.1,0,0,1,1.5,7.0,0,0,7.0,0.08,0.11,0.11,0.08,2.0,0.0,0.0,0.07,0.0,0.51,2.0,0.0,1.0,6.0,2122
1.0,0.1,0.1,0,0,1,0.3,2.0,0,0,2.0,0.01,0.06,0.06,0.01,2.0,0.0,0.0,0.19,0.0,0.37,0.0,0.0,0.0,30.0,1819
0.0,1.2,1.2,1,1,8,3.9,28.0,1,3,23.0,0.05,0.18,0.18,0.05,0.0,0.14,0.05,0.37,2.0,1.07,4.0,0.14,6.0,106.0,1920
0.0,0.8,0.8,1,1,4,1.3,13.0,1,2,10.0,0.06,0.11,0.11,0.06,0.0,0.16,0.08,0.33,1.0,0.82,1.0,0.16,0.0,56.0,2021
0.0,0.2,0.2,0,0,1,0.4,4.0,0,0,5.0,0.24,0.4,0.4,0.24,0.0,0.0,0.0,1.1,0.0,5.49,0.0,0.0,0.0,7.0,1819
1.0,1.0,1.0,1,1,5,1.4,22.0,1,2,17.0,0.14,0.2,0.2,0.14,1.0,0.29,0.14,0.72,2.0,2.44,1.0,0.29,8.0,68.0,1819
2.0,1.5,1.5,1,1,5,2.1,16.0,1,2,16.0,0.25,0.36,0.36,0.25,0.0,0.34,0.17,0.85,2.0,2.72,2.0,0.34,4.0,53.0,1920
1.0,0.5,0.5,0,0,4,2.7,19.0,0,3,9.0,0.04,0.23,0.23,0.04,0.0,0.25,0.0,0.34,3.0,0.76,3.0,0.25,8.0,62.0,1819
2.0,0.5,0.5,1,1,1,2.0,14.0,1,1,3.0,0.05,0.17,0.17,0.05,0.0,0.09,0.09,0.09,3.0,0.26,0.0,0.09,2.0,42.0,1920
0.0,0.6,0.6,0,0,1,0.6,10.0,0,0,6.0,0.28,0.28,0.28,0.28,0.0,0.0,0.0,0.51,0.0,3.05,0.0,0.0,8.0,17.0,2122
0.0,3.6,3.6,2,2,23,5.5,62.0,2,6,50.0,0.24,0.37,0.37,0.24,1.0,0.4,0.13,1.53,9.0,3.33,11.0,0.4,35.0,136.0,2324
0.0,2.6,2.6,1,1,6,3.8,28.0,1,2,24.0,0.11,0.16,0.16,0.11,0.0,0.08,0.04,0.25,0.0,0.99,4.0,0.08,0.0,23.0,2021
1.0,0.7,0.7,1,1,2,1.1,17.0,1,1,8.0,0.04,0.07,0.07,0.04,0.0,0.06,0.06,0.12,2.0,0.49,1.0,0.06,0.0,3.0,1920
9.0,5.2,5.2,5,5,21,11.4,147.0,5,10,58.0,0.21,0.47,0.47,0.21,13.0,0.41,0.2,0.86,4.0,2.37,9.0,0.41,57.0,350.0,2324
2.0,1.1,1.1,1,1,5,2.5,35.0,1,5,16.0,0.07,0.16,0.16,0.07,1.0,0.33,0.07,0.33,1.0,1.06,2.0,0.33,2.0,65.0,1819
1.0,0.9,0.9,2,2,2,2.3,29.0,2,3,15.0,0.06,0.15,0.15,0.06,2.0,0.2,0.13,0.13,1.0,0.98,2.0,0.2,4.0,49.0,1920
9.0,2.3,2.3,3,3,12,4.8,45.0,3,4,34.0,0.14,0.29,0.29,0.14,3.0,0.24,0.18,0.72,7.0,2.03,6.0,0.24,0.0,104.0,1819
14.0,7.2,5.6,9,9,13,10.3,56.0,7,12,31.0,0.45,0.74,0.65,0.35,8.0,0.75,0.57,0.82,3.0,1.95,1.0,0.63,6.0,94.0,1920
4.0,10.1,4.6,14,14,21,9.4,54.0,8,22,49.0,0.46,0.68,0.43,0.21,5.0,1.01,0.64,0.96,4.0,2.25,7.0,0.73,2.0,111.0,2021
8.0,6.3,4.7,4,4,14,8.3,53.0,4,9,41.0,0.35,0.54,0.46,0.26,7.0,0.5,0.22,0.77,5.0,2.27,5.0,0.5,5.0,96.0,2122
0.0,1.2,1.2,1,1,4,1.7,12.0,1,2,14.0,0.06,0.09,0.09,0.06,0.0,0.11,0.05,0.21,0.0,0.75,0.0,0.11,2.0,21.0,2021
3.0,1.0,1.0,0,0,7,1.2,8.0,0,0,22.0,0.04,0.05,0.05,0.04,3.0,0.0,0.0,0.27,0.0,0.85,3.0,0.0,1.0,38.0,2122
0.0,0.8,0.8,3,3,6,2.6,17.0,3,6,16.0,0.03,0.08,0.08,0.03,1.0,0.19,0.09,0.19,1.0,0.5,0.0,0.19,7.0,59.0,2223
1.0,0.6,0.6,0,0,3,1.4,23.0,0,1,13.0,0.03,0.06,0.06,0.03,0.0,0.04,0.0,0.13,1.0,0.56,1.0,0.04,1.0,38.0,2324
2.0,0.5,0.5,0,0,2,1.8,4.0,0,1,13.0,0.02,0.07,0.07,0.02,1.0,0.04,0.0,0.08,0.0,0.5,1.0,0.04,0.0,14.0,2223
0.0,1.4,1.4,3,3,4,1.5,12.0,3,3,5.0,0.09,0.1,0.1,0.09,0.0,0.2,0.2,0.27,0.0,0.34,0.0,0.2,0.0,3.0,1819
0.0,1.6,1.6,0,0,1,2.7,13.0,0,2,6.0,0.06,0.11,0.11,0.06,1.0,0.08,0.0,0.04,2.0,0.24,1.0,0.08,0.0,3.0,2021
17.0,14.6,12.3,14,14,41,14.8,220.0,12,17,122.0,0.54,0.63,0.54,0.45,6.0,0.62,0.51,1.5,22.0,4.48,16.0,0.55,30.0,222.0,1920
21.0,15.2,13.6,17,17,37,19.3,184.0,15,23,107.0,0.53,0.73,0.68,0.48,3.0,0.81,0.6,1.3,11.0,3.76,8.0,0.74,26.0,187.0,2021
21.0,20.9,16.7,21,21,47,19.9,183.0,18,24,112.0,0.83,0.95,0.79,0.66,6.0,0.95,0.83,1.85,12.0,4.42,19.0,0.83,17.0,149.0,2122
24.0,18.1,16.5,21,21,51,21.9,171.0,20,27,125.0,0.63,0.82,0.76,0.58,3.0,0.94,0.73,1.78,13.0,4.37,13.0,0.91,22.0,172.0,2223
12.0,17.6,15.3,24,24,44,18.8,178.0,22,27,105.0,0.6,0.72,0.64,0.52,3.0,0.91,0.81,1.49,12.0,3.56,16.0,0.85,28.0,172.0,2324
1.0,1.3,1.3,2,2,3,2.9,65.0,2,3,21.0,0.07,0.15,0.15,0.07,2.0,0.16,0.11,0.16,0.0,1.11,1.0,0.16,7.0,152.0,1718
1.0,1.0,1.0,1,1,2,4.2,35.0,1,3,6.0,0.09,0.37,0.37,0.09,0.0,0.27,0.09,0.18,5.0,0.53,2.0,0.27,8.0,110.0,1819
1.0,0.8,0.8,1,1,3,1.2,27.0,1,1,6.0,0.08,0.13,0.13,0.08,1.0,0.1,0.1,0.31,1.0,0.63,0.0,0.1,2.0,80.0,1920
0.0,1.0,1.0,1,1,2,2.5,28.0,1,2,11.0,0.07,0.17,0.17,0.07,0.0,0.14,0.07,0.14,1.0,0.77,2.0,0.14,3.0,121.0,2021
5.0,1.0,1.0,2,2,6,2.3,13.0,2,4,17.0,0.19,0.42,0.42,0.19,4.0,0.73,0.37,1.1,0.0,3.12,1.0,0.73,5.0,29.0,2122
6.0,2.4,2.4,5,5,18,6.1,38.0,5,9,50.0,0.12,0.3,0.3,0.12,2.0,0.44,0.24,0.88,0.0,2.44,7.0,0.44,7.0,65.0,2223
2.0,3.5,2.8,6,6,16,8.3,32.0,5,8,56.0,0.13,0.34,0.31,0.11,1.0,0.3,0.23,0.61,0.0,2.12,6.0,0.27,8.0,91.0,2324
1.0,1.8,1.8,4,4,5,2.5,38.0,4,4,20.0,0.06,0.08,0.08,0.06,0.0,0.13,0.13,0.16,0.0,0.64,1.0,0.13,1.0,39.0,1920
2.0,3.1,3.1,1,1,8,3.9,59.0,1,1,31.0,0.11,0.14,0.14,0.11,2.0,0.04,0.04,0.29,4.0,1.11,4.0,0.04,4.0,31.0,2021
0.0,2.2,2.2,2,2,10,3.3,33.0,2,4,23.0,0.1,0.15,0.15,0.1,0.0,0.18,0.09,0.46,0.0,1.06,1.0,0.18,0.0,45.0,2122
1.0,0.7,0.7,0,0,2,0.7,5.0,0,0,3.0,0.27,0.29,0.29,0.27,0.0,0.0,0.0,0.84,0.0,1.26,0.0,0.0,0.0,3.0,2223
2.0,0.4,0.4,0,0,1,0.7,8.0,0,2,8.0,0.04,0.07,0.07,0.04,2.0,0.19,0.0,0.1,0.0,0.77,0.0,0.19,2.0,13.0,1920
1.0,4.5,4.5,2,2,10,7.1,51.0,2,4,33.0,0.17,0.28,0.28,0.17,2.0,0.16,0.08,0.39,0.0,1.29,1.0,0.16,1.0,42.0,2021
4.0,2.5,2.5,1,1,10,5.1,37.0,1,3,32.0,0.12,0.26,0.26,0.12,3.0,0.15,0.05,0.5,0.0,1.61,5.0,0.15,1.0,53.0,2122
4.0,3.9,3.9,4,4,14,6.1,58.0,4,7,32.0,0.16,0.25,0.25,0.16,1.0,0.29,0.17,0.59,3.0,1.35,4.0,0.29,2.0,49.0,2223
0.0,2.3,2.3,2,2,7,3.1,41.0,2,2,22.0,0.07,0.1,0.1,0.07,1.0,0.06,0.06,0.23,2.0,0.71,2.0,0.06,2.0,13.0,1819
4.0,2.3,2.3,0,0,6,3.7,40.0,0,1,23.0,0.08,0.13,0.13,0.08,2.0,0.03,0.0,0.2,1.0,0.78,6.0,0.03,1.0,8.0,2223
1.0,0.6,0.6,0,0,4,0.9,1.0,0,0,18.0,0.06,0.1,0.1,0.06,2.0,0.0,0.0,0.44,0.0,1.99,2.0,0.0,0.0,8.0,1920
1.0,1.1,1.1,1,1,6,2.5,4.0,1,3,24.0,0.08,0.17,0.17,0.08,2.0,0.21,0.07,0.41,0.0,1.66,3.0,0.21,0.0,8.0,2021
0.0,0.4,0.4,1,1,2,0.8,2.0,1,3,8.0,0.04,0.08,0.08,0.04,1.0,0.32,0.11,0.21,0.0,0.86,1.0,0.32,0.0,3.0,2122
3.0,0.6,0.6,1,1,2,2.5,4.0,1,1,16.0,0.06,0.23,0.23,0.06,5.0,0.09,0.09,0.18,0.0,1.47,1.0,0.09,2.0,11.0,2223
3.0,3.3,1.0,3,3,3,3.2,9.0,0,8,29.0,0.11,0.19,0.11,0.03,1.0,0.27,0.1,0.1,0.0,0.99,3.0,0.17,3.0,19.0,2324
8.0,4.6,4.6,5,5,23,9.5,113.0,5,10,58.0,0.16,0.33,0.33,0.16,3.0,0.35,0.17,0.79,5.0,2.0,8.0,0.35,20.0,219.0,2021
1.0,6.7,5.9,8,8,26,10.7,151.0,7,11,73.0,0.21,0.37,0.34,0.19,10.0,0.35,0.26,0.83,13.0,2.34,6.0,0.32,43.0,222.0,2122
7.0,1.8,1.8,1,1,5,6.6,43.0,1,11,17.0,0.18,0.63,0.63,0.18,2.0,1.06,0.1,0.48,4.0,1.64,1.0,1.06,10.0,102.0,2223
8.0,7.9,7.9,12,12,22,10.7,121.0,12,13,60.0,0.43,0.58,0.58,0.43,7.0,0.71,0.65,1.2,9.0,3.27,5.0,0.71,27.0,155.0,2324
3.0,7.0,6.2,9,9,17,7.6,60.0,8,11,34.0,0.36,0.43,0.39,0.32,3.0,0.56,0.46,0.86,9.0,1.73,1.0,0.51,13.0,164.0,1819
0.0,4.6,4.6,3,3,10,6.3,46.0,3,6,27.0,0.39,0.54,0.54,0.39,0.0,0.52,0.26,0.86,6.0,2.32,3.0,0.52,11.0,101.0,1920
3.0,2.1,1.3,2,2,2,1.7,20.0,1,2,5.0,0.36,0.44,0.3,0.22,0.0,0.34,0.34,0.34,4.0,0.86,0.0,0.17,4.0,39.0,2122
3.0,1.1,1.1,3,3,4,1.1,12.0,3,3,9.0,0.22,0.23,0.23,0.22,0.0,0.62,0.62,0.83,0.0,1.86,0.0,0.62,2.0,30.0,2223
6.0,4.3,4.3,7,7,17,7.1,77.0,7,12,35.0,0.2,0.34,0.34,0.2,3.0,0.57,0.33,0.81,6.0,1.66,6.0,0.57,9.0,103.0,2223
7.0,4.9,4.9,6,6,13,8.3,83.0,6,9,38.0,0.21,0.35,0.35,0.21,6.0,0.38,0.26,0.55,9.0,1.62,2.0,0.38,4.0,121.0,2324
0.0,0.9,0.9,2,2,4,1.3,10.0,2,2,11.0,0.18,0.25,0.25,0.18,4.0,0.4,0.4,0.79,0.0,2.18,1.0,0.4,2.0,28.0,1920
1.0,1.1,1.1,0,0,7,3.6,16.0,0,4,25.0,0.08,0.26,0.26,0.08,2.0,0.29,0.0,0.5,2.0,1.78,2.0,0.29,5.0,41.0,2021
6.0,1.5,1.5,1,1,15,3.6,23.0,1,3,36.0,0.09,0.23,0.23,0.09,6.0,0.19,0.06,0.96,1.0,2.3,4.0,0.19,5.0,64.0,2122
3.0,5.4,5.4,6,6,14,10.8,42.0,6,12,46.0,0.17,0.34,0.34,0.17,4.0,0.38,0.19,0.45,2.0,1.47,6.0,0.38,14.0,139.0,2223
6.0,1.5,1.5,3,3,9,3.7,41.0,3,7,23.0,0.09,0.23,0.23,0.09,6.0,0.43,0.18,0.55,1.0,1.41,3.0,0.43,17.0,150.0,2324
0.0,0.1,0.1,0,0,1,0.3,0.0,0,0,2.0,0.02,0.07,0.07,0.02,0.0,0.0,0.0,0.24,1.0,0.48,1.0,0.0,0.0,13.0,1819
0.0,0.8,0.8,1,1,3,1.8,21.0,1,2,14.0,0.03,0.07,0.07,0.03,0.0,0.08,0.04,0.12,0.0,0.55,3.0,0.08,0.0,17.0,2324
0.0,0.2,0.2,1,1,2,0.5,14.0,1,1,5.0,0.02,0.04,0.04,0.02,0.0,0.08,0.08,0.15,0.0,0.38,0.0,0.08,1.0,34.0,2021
0.0,1.5,1.5,2,2,8,1.7,18.0,2,2,14.0,0.05,0.06,0.06,0.05,0.0,0.07,0.07,0.27,0.0,0.47,3.0,0.07,0.0,3.0,2324
0.0,0.9,0.9,1,1,6,5.4,41.0,1,7,18.0,0.04,0.24,0.24,0.04,0.0,0.31,0.04,0.26,2.0,0.79,5.0,0.31,14.0,157.0,1819
0.0,1.1,1.1,2,2,3,7.7,67.0,2,6,20.0,0.04,0.24,0.24,0.04,0.0,0.19,0.06,0.09,2.0,0.62,4.0,0.19,19.0,239.0,2021
0.0,0.3,0.3,0,0,1,0.5,15.0,0,0,7.0,0.02,0.04,0.04,0.02,0.0,0.0,0.0,0.08,3.0,0.54,2.0,0.0,1.0,2.0,2122
1.0,0.6,0.6,1,1,1,0.7,18.0,1,1,7.0,0.03,0.04,0.04,0.03,0.0,0.06,0.06,0.06,1.0,0.39,0.0,0.06,0.0,3.0,2324
5.0,5.0,5.0,5,5,17,9.5,87.0,5,6,56.0,0.24,0.44,0.44,0.24,3.0,0.28,0.24,0.8,6.0,2.63,7.0,0.28,26.0,240.0,1819
9.0,4.3,4.3,5,5,11,6.5,57.0,5,8,29.0,0.36,0.54,0.54,0.36,8.0,0.66,0.41,0.91,6.0,2.39,4.0,0.66,19.0,132.0,1920
1.0,6.2,6.2,9,9,21,12.2,108.0,9,17,58.0,0.26,0.51,0.51,0.26,2.0,0.71,0.38,0.88,15.0,2.44,7.0,0.71,43.0,254.0,2021
10.0,5.3,5.3,4,4,14,10.1,89.0,4,8,51.0,0.24,0.46,0.46,0.24,9.0,0.37,0.18,0.64,9.0,2.33,7.0,0.37,38.0,182.0,2223
1.0,6.3,6.3,10,10,18,15.5,129.0,10,19,53.0,0.27,0.67,0.67,0.27,2.0,0.83,0.44,0.78,11.0,2.31,7.0,0.83,41.0,226.0,2324
6.0,6.3,6.3,8,8,21,8.8,72.0,8,12,55.0,0.28,0.39,0.39,0.28,5.0,0.53,0.36,0.93,0.0,2.45,8.0,0.53,8.0,79.0,1819
5.0,5.5,5.5,6,6,15,8.5,45.0,6,11,39.0,0.33,0.5,0.5,0.33,5.0,0.65,0.36,0.89,0.0,2.32,3.0,0.65,4.0,63.0,1920
3.0,3.7,3.7,5,5,13,6.5,57.0,5,10,42.0,0.19,0.34,0.34,0.19,3.0,0.53,0.26,0.69,0.0,2.22,8.0,0.53,9.0,42.0,2021
6.0,4.7,4.7,3,3,13,7.1,43.0,3,5,40.0,0.25,0.37,0.37,0.25,7.0,0.26,0.16,0.68,3.0,2.08,10.0,0.26,6.0,62.0,2223
4.0,5.0,5.0,6,6,14,10.2,61.0,6,13,56.0,0.2,0.41,0.41,0.2,1.0,0.52,0.24,0.56,2.0,2.25,2.0,0.52,1.0,71.0,2324
0.0,0.9,0.9,2,2,4,1.0,18.0,2,2,14.0,0.03,0.04,0.04,0.03,0.0,0.08,0.08,0.16,1.0,0.55,0.0,0.08,0.0,6.0,2324
0.0,2.6,2.6,1,1,9,5.4,33.0,1,4,23.0,0.22,0.46,0.46,0.22,0.0,0.34,0.08,0.76,3.0,1.94,4.0,0.34,5.0,66.0,1819
4.0,2.9,2.9,4,4,11,5.3,67.0,4,6,42.0,0.14,0.25,0.25,0.14,1.0,0.29,0.19,0.52,11.0,2.0,6.0,0.29,10.0,162.0,1920
3.0,4.3,3.6,4,4,10,4.6,43.0,3,5,42.0,0.26,0.32,0.27,0.21,2.0,0.3,0.24,0.59,7.0,2.5,2.0,0.24,6.0,106.0,2021
1.0,1.4,1.4,3,3,9,4.0,38.0,3,5,25.0,0.08,0.22,0.22,0.08,2.0,0.28,0.17,0.5,3.0,1.38,1.0,0.28,7.0,93.0,2223
2.0,2.2,2.2,1,1,5,5.2,32.0,1,3,31.0,0.13,0.3,0.3,0.13,1.0,0.17,0.06,0.29,2.0,1.77,2.0,0.17,5.0,74.0,2324
3.0,2.1,2.1,3,3,4,2.9,18.0,3,3,15.0,0.08,0.1,0.1,0.08,0.0,0.11,0.11,0.15,2.0,0.55,1.0,0.11,2.0,4.0,1819
5.0,2.5,2.5,2,2,3,3.0,20.0,2,2,16.0,0.11,0.13,0.13,0.11,0.0,0.09,0.09,0.13,3.0,0.71,1.0,0.09,1.0,4.0,2021
1.0,4.7,2.3,5,5,3,3.1,24.0,2,5,14.0,0.21,0.24,0.14,0.11,0.0,0.22,0.22,0.13,1.0,0.63,1.0,0.09,0.0,0.0,2122
1.0,1.1,0.3,1,1,1,0.5,7.0,1,1,4.0,0.11,0.13,0.05,0.03,0.0,0.1,0.1,0.1,1.0,0.41,1.0,0.1,0.0,1.0,2223
0.0,0.4,0.4,0,0,1,0.5,5.0,0,0,13.0,0.05,0.06,0.06,0.05,0.0,0.0,0.0,0.12,0.0,1.52,0.0,0.0,2.0,3.0,1819
0.0,11.3,11.3,16,16,33,12.9,138.0,16,17,84.0,0.37,0.42,0.42,0.37,0.0,0.56,0.53,1.09,23.0,2.77,10.0,0.56,4.0,191.0,1819
5.0,7.2,7.2,4,4,11,8.3,78.0,4,7,44.0,0.41,0.47,0.47,0.41,1.0,0.4,0.23,0.62,9.0,2.5,9.0,0.4,3.0,65.0,2021
4.0,6.6,6.6,5,5,11,7.8,89.0,5,6,36.0,0.39,0.46,0.46,0.39,1.0,0.36,0.3,0.65,4.0,2.13,2.0,0.36,2.0,82.0,2122
2.0,1.1,1.1,1,1,4,4.3,55.0,1,3,14.0,0.06,0.25,0.25,0.06,4.0,0.17,0.06,0.23,1.0,0.81,2.0,0.17,34.0,118.0,1920
0.0,1.7,1.7,2,2,6,6.8,70.0,2,6,22.0,0.08,0.3,0.3,0.08,0.0,0.25,0.08,0.25,2.0,0.93,1.0,0.25,33.0,174.0,2021
1.0,1.0,1.0,1,1,6,3.0,41.0,1,5,10.0,0.06,0.16,0.16,0.06,2.0,0.27,0.05,0.33,1.0,0.54,1.0,0.27,24.0,87.0,2223
1.0,0.2,0.2,1,1,3,3.2,37.0,1,3,8.0,0.02,0.22,0.22,0.02,1.0,0.21,0.07,0.21,1.0,0.55,1.0,0.21,22.0,74.0,2324
0.0,6.7,6.7,10,10,24,14.1,176.0,10,20,56.0,0.32,0.68,0.68,0.32,0.0,0.96,0.48,1.16,18.0,2.7,6.0,0.96,45.0,341.0,1819
7.0,5.4,5.4,6,6,20,12.1,113.0,6,15,57.0,0.27,0.61,0.61,0.27,7.0,0.75,0.3,1.0,6.0,2.84,4.0,0.75,27.0,230.0,2021
8.0,11.4,11.4,7,7,32,17.6,125.0,7,14,89.0,0.52,0.8,0.8,0.52,7.0,0.64,0.32,1.46,7.0,4.05,11.0,0.64,35.0,203.0,2122
8.0,8.5,8.5,8,8,29,12.8,101.0,8,15,78.0,0.38,0.57,0.57,0.38,11.0,0.67,0.36,1.3,7.0,3.49,7.0,0.67,30.0,198.0,2223
11.0,10.9,10.9,8,8,28,21.8,143.0,8,19,73.0,0.46,0.92,0.92,0.46,5.0,0.8,0.34,1.18,10.0,3.07,7.0,0.8,44.0,274.0,2324
0.0,0.3,0.3,1,1,1,0.9,6.0,1,1,4.0,0.07,0.21,0.21,0.07,1.0,0.22,0.22,0.22,0.0,0.89,1.0,0.22,1.0,7.0,2122
0.0,0.9,0.9,0,0,1,1.8,7.0,0,1,6.0,0.06,0.12,0.12,0.06,0.0,0.07,0.0,0.07,0.0,0.41,0.0,0.07,4.0,11.0,2223
2.0,1.3,1.3,1,1,3,2.5,26.0,1,2,11.0,0.06,0.12,0.12,0.06,1.0,0.1,0.05,0.15,4.0,0.55,4.0,0.1,2.0,27.0,2324
4.0,0.5,0.5,0,0,7,1.4,18.0,0,1,16.0,0.05,0.14,0.14,0.05,3.0,0.1,0.0,0.68,0.0,1.56,1.0,0.1,9.0,43.0,1819
1.0,2.5,2.5,4,4,10,5.3,65.0,4,7,35.0,0.12,0.27,0.27,0.12,2.0,0.35,0.2,0.51,11.0,1.77,3.0,0.35,17.0,118.0,1920
0.0,0.6,0.6,1,1,3,1.5,18.0,1,3,6.0,0.07,0.18,0.18,0.07,0.0,0.36,0.12,0.36,4.0,0.71,0.0,0.36,5.0,38.0,2021
0.0,0.7,0.7,0,0,2,1.1,14.0,0,0,7.0,0.11,0.18,0.18,0.11,1.0,0.0,0.0,0.31,3.0,1.1,0.0,0.0,3.0,37.0,2122
0.0,0.3,0.3,0,0,2,0.8,9.0,0,0,9.0,0.02,0.05,0.05,0.02,2.0,0.0,0.0,0.13,0.0,0.6,5.0,0.0,3.0,31.0,1920
1.0,0.4,0.4,0,0,4,4.6,9.0,0,3,12.0,0.01,0.15,0.15,0.01,3.0,0.1,0.0,0.13,2.0,0.39,2.0,0.1,0.0,15.0,2324
0.0,0.3,0.3,1,1,4,0.6,12.0,1,1,11.0,0.04,0.07,0.07,0.04,4.0,0.12,0.12,0.46,0.0,1.27,1.0,0.12,5.0,27.0,2324
1.0,1.2,1.2,1,1,3,2.9,35.0,1,4,13.0,0.09,0.22,0.22,0.09,0.0,0.3,0.07,0.22,2.0,0.97,3.0,0.3,6.0,54.0,2324
0.0,2.5,2.5,2,2,15,5.6,60.0,2,5,42.0,0.11,0.25,0.25,0.11,1.0,0.22,0.09,0.67,3.0,1.87,3.0,0.22,1.0,133.0,2122
0.0,0.5,0.5,0,0,5,1.9,14.0,0,1,12.0,0.04,0.17,0.17,0.04,0.0,0.09,0.0,0.45,2.0,1.07,1.0,0.09,0.0,38.0,2223
0.0,0.6,0.6,0,0,1,1.2,12.0,0,0,7.0,0.09,0.19,0.19,0.09,1.0,0.0,0.0,0.15,0.0,1.07,4.0,0.0,4.0,31.0,2223
2.0,0.4,0.4,0,0,2,2.1,17.0,0,1,13.0,0.02,0.1,0.1,0.02,4.0,0.05,0.0,0.09,1.0,0.61,2.0,0.05,4.0,55.0,2324
0.0,1.1,1.1,1,1,2,1.7,22.0,1,1,11.0,0.04,0.07,0.07,0.04,0.0,0.04,0.04,0.08,0.0,0.44,1.0,0.04,5.0,22.0,2122
3.0,1.1,1.1,0,0,3,2.0,28.0,0,0,20.0,0.03,0.06,0.06,0.03,0.0,0.0,0.0,0.09,0.0,0.58,2.0,0.0,0.0,29.0,2223
1.0,0.2,0.2,0,0,1,0.3,11.0,0,0,5.0,0.03,0.03,0.03,0.03,1.0,0.0,0.0,0.12,0.0,0.58,0.0,0.0,0.0,8.0,2425
3.0,1.6,1.6,1,1,2,4.4,45.0,1,4,22.0,0.1,0.28,0.28,0.1,7.0,0.25,0.06,0.13,1.0,1.4,6.0,0.25,16.0,89.0,1819
1.0,4.6,4.6,3,3,13,10.5,99.0,3,10,35.0,0.19,0.42,0.42,0.19,3.0,0.4,0.12,0.52,18.0,1.41,5.0,0.4,37.0,173.0,2223
0.0,0.5,0.5,0,0,2,2.1,17.0,0,3,8.0,0.02,0.11,0.11,0.02,0.0,0.16,0.0,0.1,2.0,0.42,0.0,0.16,6.0,99.0,1819
25.0,23.8,19.9,36,36,82,34.2,164.0,32,49,165.0,0.79,1.27,1.14,0.66,21.0,1.63,1.19,2.72,17.0,5.47,13.0,1.49,52.0,206.0,1819
30.0,19.4,15.4,25,25,63,30.8,208.0,20,46,154.0,0.61,1.09,0.96,0.48,9.0,1.44,0.78,1.97,13.0,4.81,13.0,1.28,63.0,252.0,1920
6.0,22.1,17.8,30,30,85,27.2,211.0,27,39,191.0,0.66,0.94,0.81,0.53,14.0,1.16,0.89,2.53,7.0,5.69,12.0,1.07,65.0,263.0,2021
16.0,10.0,10.0,6,6,29,18.9,105.0,6,20,89.0,0.42,0.79,0.79,0.42,16.0,0.84,0.25,1.21,10.0,3.72,10.0,0.84,25.0,125.0,2122
0.0,1.2,1.2,1,1,2,1.6,12.0,1,3,8.0,0.05,0.06,0.06,0.05,0.0,0.12,0.04,0.08,0.0,0.33,2.0,0.12,1.0,3.0,2021
0.0,0.3,0.3,0,0,1,1.6,11.0,0,1,4.0,0.02,0.09,0.09,0.02,1.0,0.06,0.0,0.06,0.0,0.23,0.0,0.06,2.0,28.0,2324
1.0,0.6,0.6,0,0,2,0.8,8.0,0,0,5.0,0.13,0.17,0.17,0.13,1.0,0.0,0.0,0.43,0.0,1.08,2.0,0.0,1.0,0.0,2223
2.0,1.4,1.4,1,1,4,2.0,30.0,1,2,14.0,0.05,0.07,0.07,0.05,1.0,0.07,0.03,0.14,1.0,0.48,0.0,0.07,2.0,14.0,2324
2.0,8.1,8.1,5,5,18,10.0,90.0,5,6,39.0,0.46,0.56,0.56,0.46,0.0,0.34,0.28,1.02,6.0,2.21,2.0,0.34,20.0,157.0,1819
5.0,1.2,1.2,2,2,7,1.5,26.0,2,2,15.0,0.16,0.2,0.2,0.16,1.0,0.27,0.27,0.95,4.0,2.03,0.0,0.27,6.0,45.0,1920
1.0,4.0,3.3,5,5,13,5.1,62.0,4,6,28.0,0.21,0.3,0.26,0.17,0.0,0.31,0.26,0.67,5.0,1.44,5.0,0.26,19.0,159.0,2021
0.0,2.2,2.2,1,1,3,2.5,30.0,1,1,12.0,0.39,0.45,0.45,0.39,0.0,0.18,0.18,0.53,3.0,2.13,1.0,0.18,3.0,64.0,2223
10.0,8.9,8.6,6,6,28,9.8,92.0,6,6,58.0,0.41,0.46,0.45,0.4,3.0,0.28,0.28,1.29,25.0,2.67,3.0,0.28,6.0,115.0,1819
1.0,8.0,8.0,10,10,18,11.4,76.0,10,13,52.0,0.36,0.51,0.51,0.36,0.0,0.58,0.44,0.8,25.0,2.3,2.0,0.58,6.0,70.0,1920
0.0,2.8,2.8,1,1,3,3.2,33.0,1,1,24.0,0.26,0.29,0.29,0.26,0.0,0.09,0.09,0.27,9.0,2.18,1.0,0.09,3.0,49.0,2021
0.0,0.7,0.7,1,1,2,1.4,24.0,1,1,10.0,0.11,0.23,0.23,0.11,0.0,0.16,0.16,0.32,7.0,1.6,1.0,0.16,1.0,19.0,2122
0.0,0.7,0.7,0,0,4,1.9,18.0,0,2,6.0,0.11,0.27,0.27,0.11,1.0,0.29,0.0,0.58,2.0,0.88,3.0,0.29,3.0,45.0,2122
1.0,0.3,0.3,0,0,1,0.6,6.0,0,1,3.0,0.11,0.22,0.22,0.11,2.0,0.34,0.0,0.34,0.0,1.03,0.0,0.34,2.0,13.0,2223
3.0,0.4,0.4,1,1,4,2.2,21.0,1,2,11.0,0.04,0.2,0.2,0.04,4.0,0.18,0.09,0.36,1.0,0.98,0.0,0.18,7.0,67.0,2324
4.0,6.2,4.6,5,5,11,6.1,74.0,4,7,43.0,0.37,0.45,0.36,0.28,1.0,0.42,0.3,0.65,8.0,2.55,8.0,0.36,6.0,119.0,2223
6.0,3.6,3.6,4,4,10,4.2,65.0,4,5,37.0,0.24,0.28,0.28,0.24,2.0,0.33,0.26,0.66,6.0,2.45,3.0,0.33,13.0,75.0,2324
0.0,2.8,2.8,2,2,9,5.6,67.0,2,6,29.0,0.11,0.21,0.21,0.11,0.0,0.22,0.07,0.34,7.0,1.08,3.0,0.22,3.0,139.0,1819
2.0,2.3,2.3,0,0,5,4.3,59.0,0,0,22.0,0.09,0.17,0.17,0.09,0.0,0.0,0.0,0.2,7.0,0.88,1.0,0.0,4.0,138.0,1920
3.0,2.1,2.1,2,2,6,2.8,25.0,2,2,11.0,0.09,0.12,0.12,0.09,2.0,0.08,0.08,0.25,1.0,0.46,1.0,0.08,2.0,52.0,2021
1.0,1.8,1.8,3,3,7,4.2,42.0,3,5,16.0,0.07,0.17,0.17,0.07,0.0,0.2,0.12,0.27,3.0,0.63,2.0,0.2,2.0,75.0,2122
2.0,0.6,0.6,1,1,3,0.9,7.0,1,1,5.0,0.09,0.12,0.12,0.09,0.0,0.13,0.13,0.4,2.0,0.67,0.0,0.13,0.0,17.0,2223
8.0,9.9,8.3,10,10,36,13.0,107.0,9,16,118.0,0.43,0.63,0.56,0.36,6.0,0.69,0.43,1.56,17.0,5.12,11.0,0.65,21.0,258.0,1819
19.0,12.5,8.6,8,8,38,15.9,157.0,3,14,116.0,0.4,0.64,0.51,0.28,8.0,0.45,0.26,1.22,9.0,3.72,16.0,0.29,47.0,349.0,1920
11.0,15.6,9.3,19,19,40,17.7,143.0,12,27,136.0,0.49,0.76,0.56,0.29,8.0,0.85,0.6,1.26,11.0,4.27,21.0,0.63,54.0,270.0,2021
1.0,4.2,4.2,2,2,13,8.8,53.0,2,5,44.0,0.21,0.44,0.44,0.21,9.0,0.25,0.1,0.64,4.0,2.17,3.0,0.25,7.0,127.0,1819
7.0,4.4,4.4,1,1,10,12.5,73.0,1,10,58.0,0.19,0.54,0.54,0.19,6.0,0.43,0.04,0.43,4.0,2.49,5.0,0.43,14.0,157.0,1920
9.0,5.6,4.8,7,7,26,12.9,61.0,6,13,69.0,0.2,0.49,0.46,0.17,3.0,0.45,0.24,0.9,6.0,2.39,15.0,0.42,12.0,149.0,2021
4.0,8.9,6.4,9,9,28,13.4,117.0,7,12,89.0,0.35,0.63,0.53,0.25,5.0,0.47,0.35,1.1,9.0,3.5,14.0,0.39,24.0,181.0,2122
8.0,8.0,5.6,4,4,17,12.7,52.0,2,9,62.0,0.28,0.53,0.45,0.2,3.0,0.32,0.14,0.6,5.0,2.19,9.0,0.25,5.0,113.0,2223
2.0,4.8,4.0,8,8,19,6.4,49.0,7,11,46.0,0.23,0.35,0.31,0.19,1.0,0.53,0.39,0.92,3.0,2.23,4.0,0.48,5.0,97.0,2324
1.0,1.5,1.5,2,2,2,1.9,19.0,2,2,13.0,0.07,0.09,0.09,0.07,0.0,0.09,0.09,0.09,0.0,0.6,4.0,0.09,0.0,4.0,2223
0.0,0.9,0.9,1,1,3,0.9,12.0,1,1,7.0,0.05,0.05,0.05,0.05,0.0,0.05,0.05,0.16,0.0,0.38,1.0,0.05,0.0,1.0,1819
0.0,2.0,2.0,1,1,2,2.0,19.0,1,1,13.0,0.1,0.1,0.1,0.1,0.0,0.05,0.05,0.1,1.0,0.66,3.0,0.05,0.0,1.0,2021
0.0,0.4,0.4,0,0,3,0.7,11.0,0,0,7.0,0.04,0.07,0.07,0.04,0.0,0.0,0.0,0.31,1.0,0.72,1.0,0.0,0.0,3.0,2122
0.0,0.2,0.2,0,0,2,1.0,11.0,0,1,4.0,0.02,0.1,0.1,0.02,1.0,0.1,0.0,0.21,0.0,0.42,0.0,0.1,3.0,32.0,1920
0.0,0.2,0.2,0,0,1,0.5,10.0,0,0,7.0,0.01,0.03,0.03,0.01,1.0,0.0,0.0,0.06,0.0,0.4,1.0,0.0,2.0,53.0,2122
0.0,0.4,0.4,0,0,4,0.9,10.0,0,1,7.0,0.04,0.09,0.09,0.04,0.0,0.1,0.0,0.39,1.0,0.68,1.0,0.1,2.0,43.0,2223
0.0,0.5,0.5,0,0,1,1.8,15.0,0,0,8.0,0.02,0.06,0.06,0.02,0.0,0.0,0.0,0.03,2.0,0.27,1.0,0.0,1.0,73.0,2021
1.0,2.6,2.6,4,4,15,4.1,72.0,4,7,44.0,0.11,0.18,0.18,0.11,0.0,0.3,0.17,0.64,6.0,1.89,6.0,0.3,26.0,151.0,2324
0.0,3.3,2.5,2,2,11,7.0,62.0,1,7,33.0,0.18,0.42,0.38,0.14,0.0,0.38,0.11,0.59,3.0,1.78,6.0,0.32,8.0,115.0,2223
2.0,5.4,3.8,5,5,10,7.0,65.0,3,10,35.0,0.23,0.37,0.3,0.16,1.0,0.43,0.21,0.43,1.0,1.5,4.0,0.34,9.0,140.0,2324
0.0,1.0,1.0,0,0,3,1.3,10.0,0,0,11.0,0.03,0.05,0.05,0.03,1.0,0.0,0.0,0.1,1.0,0.38,1.0,0.0,2.0,2.0,2021
1.0,0.9,0.9,0,0,3,1.3,24.0,0,1,14.0,0.04,0.05,0.05,0.04,1.0,0.04,0.0,0.12,1.0,0.55,1.0,0.04,1.0,3.0,2324
7.0,3.9,3.9,5,5,16,4.1,46.0,5,5,32.0,0.46,0.48,0.48,0.46,2.0,0.59,0.59,1.88,3.0,3.76,3.0,0.59,20.0,76.0,1718
7.0,6.4,4.9,7,7,14,5.6,50.0,6,9,32.0,0.48,0.53,0.42,0.37,0.0,0.67,0.52,1.05,10.0,2.39,5.0,0.6,8.0,60.0,1819
9.0,22.1,19.7,24,24,59,25.5,214.0,22,31,118.0,0.74,0.93,0.85,0.66,5.0,1.03,0.8,1.97,33.0,3.94,11.0,0.97,38.0,226.0,2324
1.0,1.1,1.1,2,2,4,1.6,12.0,2,2,10.0,0.04,0.06,0.06,0.04,1.0,0.08,0.08,0.15,0.0,0.38,0.0,0.08,0.0,13.0,2223
0.0,0.5,0.5,1,1,2,1.1,16.0,1,2,9.0,0.02,0.04,0.04,0.02,0.0,0.08,0.04,0.08,1.0,0.38,0.0,0.08,0.0,9.0,2324
0.0,0.4,0.4,2,2,2,0.5,10.0,2,2,5.0,0.03,0.03,0.03,0.03,0.0,0.14,0.14,0.14,0.0,0.36,0.0,0.14,2.0,1.0,1920
1.0,0.5,0.5,0,0,1,0.6,14.0,0,0,7.0,0.03,0.04,0.04,0.03,1.0,0.0,0.0,0.06,1.0,0.43,0.0,0.0,0.0,4.0,2021
0.0,0.6,0.6,0,0,2,3.4,3.0,0,2,19.0,0.03,0.18,0.18,0.03,4.0,0.11,0.0,0.11,0.0,1.02,4.0,0.11,2.0,7.0,1819
0.0,0.4,0.4,0,0,1,3.5,5.0,0,4,7.0,0.02,0.19,0.19,0.02,0.0,0.23,0.0,0.06,0.0,0.39,0.0,0.23,2.0,23.0,1920
0.0,1.3,1.3,1,1,2,1.4,11.0,1,1,5.0,0.05,0.06,0.06,0.05,0.0,0.04,0.04,0.08,0.0,0.2,0.0,0.04,0.0,5.0,2122
0.0,1.1,1.1,1,1,1,1.3,7.0,1,1,4.0,0.09,0.1,0.1,0.09,0.0,0.08,0.08,0.08,0.0,0.32,0.0,0.08,0.0,4.0,2223
1.0,2.3,2.3,5,5,18,3.4,34.0,5,5,49.0,0.09,0.14,0.14,0.09,1.0,0.2,0.2,0.73,1.0,2.0,1.0,0.2,1.0,53.0,2324
1.0,2.1,2.1,0,0,5,3.3,25.0,0,4,14.0,0.14,0.22,0.22,0.14,3.0,0.26,0.0,0.32,2.0,0.9,3.0,0.26,4.0,67.0,2122
0.0,1.0,1.0,1,1,2,2.2,11.0,1,4,4.0,0.13,0.28,0.28,0.13,4.0,0.51,0.13,0.26,1.0,0.51,0.0,0.51,3.0,32.0,2223
0.0,1.0,1.0,0,0,5,3.9,41.0,0,4,17.0,0.04,0.16,0.16,0.04,2.0,0.16,0.0,0.2,1.0,0.69,4.0,0.16,9.0,99.0,2324
0.0,0.8,0.8,0,0,5,3.2,24.0,0,5,14.0,0.04,0.15,0.15,0.04,1.0,0.24,0.0,0.24,0.0,0.66,1.0,0.24,10.0,99.0,1920
0.0,0.3,0.3,0,0,1,2.0,9.0,0,1,6.0,0.02,0.16,0.16,0.02,0.0,0.08,0.0,0.08,0.0,0.49,0.0,0.08,3.0,41.0,2122
0.0,0.2,0.2,1,1,1,0.5,7.0,1,1,7.0,0.03,0.06,0.06,0.03,4.0,0.11,0.11,0.11,0.0,0.8,1.0,0.11,2.0,30.0,2324
0.0,0.6,0.6,1,1,4,1.6,22.0,1,1,9.0,0.03,0.07,0.07,0.03,0.0,0.04,0.04,0.17,2.0,0.39,1.0,0.04,1.0,69.0,2122
1.0,0.9,0.9,2,2,3,1.3,16.0,2,3,10.0,0.04,0.06,0.06,0.04,3.0,0.13,0.09,0.13,1.0,0.44,2.0,0.13,0.0,5.0,2324
0.0,0.6,0.6,0,0,3,0.8,15.0,0,1,11.0,0.15,0.2,0.2,0.15,0.0,0.27,0.0,0.8,0.0,2.94,0.0,0.27,2.0,29.0,1920
7.0,7.9,5.6,9,9,27,7.9,50.0,6,10,61.0,0.42,0.53,0.41,0.29,1.0,0.52,0.47,1.42,2.0,3.2,10.0,0.37,13.0,86.0,1819
1.0,4.9,2.5,7,7,9,3.9,58.0,4,8,40.0,0.35,0.44,0.27,0.18,0.0,0.57,0.5,0.64,6.0,2.84,5.0,0.35,8.0,71.0,1920
4.0,1.8,1.8,1,1,3,2.2,21.0,1,1,17.0,0.23,0.28,0.28,0.23,0.0,0.13,0.13,0.38,0.0,2.13,3.0,0.13,2.0,43.0,2122
3.0,3.5,1.9,4,4,5,1.9,15.0,3,4,10.0,0.6,0.6,0.33,0.32,0.0,0.69,0.69,0.86,1.0,1.72,2.0,0.52,0.0,26.0,2223
0.0,2.5,2.5,1,1,8,3.9,63.0,1,5,24.0,0.11,0.18,0.18,0.11,0.0,0.23,0.05,0.37,4.0,1.1,2.0,0.23,12.0,88.0,2324
7.0,6.7,6.7,9,9,16,8.1,80.0,9,12,43.0,0.47,0.57,0.57,0.47,1.0,0.85,0.64,1.14,14.0,3.06,1.0,0.85,7.0,86.0,1819
11.0,7.3,6.5,7,7,18,8.1,78.0,6,8,49.0,0.56,0.68,0.62,0.5,2.0,0.61,0.54,1.38,19.0,3.76,6.0,0.54,8.0,63.0,1920
6.0,7.2,5.7,11,11,18,6.6,74.0,9,13,39.0,0.52,0.59,0.48,0.41,0.0,0.94,0.8,1.3,11.0,2.82,3.0,0.8,4.0,75.0,2021
1.0,6.0,5.2,6,6,13,6.2,43.0,6,6,22.0,0.82,0.96,0.85,0.71,0.0,0.82,0.82,1.79,7.0,3.02,2.0,0.82,3.0,44.0,2122
0.0,0.2,0.2,1,1,2,0.7,2.0,1,1,7.0,0.02,0.05,0.05,0.02,1.0,0.08,0.08,0.16,0.0,0.57,1.0,0.08,0.0,4.0,1819
7.0,5.2,5.2,7,7,22,6.3,95.0,7,9,58.0,0.17,0.21,0.21,0.17,3.0,0.3,0.23,0.73,10.0,1.94,3.0,0.3,17.0,117.0,2021
7.0,4.6,4.6,7,7,16,6.5,75.0,7,10,49.0,0.24,0.34,0.34,0.24,2.0,0.53,0.37,0.84,13.0,2.57,3.0,0.53,18.0,89.0,2122
6.0,8.3,7.5,7,7,20,10.5,116.0,7,9,71.0,0.3,0.41,0.38,0.27,3.0,0.33,0.26,0.73,14.0,2.6,5.0,0.33,25.0,160.0,2223
2.0,1.1,1.1,1,1,2,3.3,21.0,1,4,9.0,0.11,0.33,0.33,0.11,0.0,0.4,0.1,0.2,2.0,0.9,0.0,0.4,3.0,61.0,1819
0.0,0.9,0.9,2,2,3,1.3,13.0,2,2,14.0,0.14,0.19,0.19,0.14,0.0,0.3,0.3,0.45,1.0,2.08,0.0,0.3,0.0,31.0,1920
0.0,1.7,1.7,2,2,6,2.4,26.0,2,2,18.0,0.18,0.26,0.26,0.18,1.0,0.22,0.22,0.65,1.0,1.94,0.0,0.22,9.0,58.0,2122
3.0,0.8,0.8,0,0,3,2.1,14.0,0,1,10.0,0.19,0.48,0.48,0.19,2.0,0.23,0.0,0.69,0.0,2.29,1.0,0.23,4.0,18.0,2122
2.0,1.9,1.9,3,3,7,3.4,24.0,3,4,18.0,0.14,0.26,0.26,0.14,1.0,0.3,0.23,0.53,2.0,1.36,0.0,0.3,4.0,39.0,1819
1.0,1.3,1.3,2,2,5,2.7,24.0,2,3,15.0,0.09,0.18,0.18,0.09,2.0,0.2,0.13,0.34,2.0,1.01,1.0,0.2,4.0,24.0,1920
4.0,0.3,0.3,0,0,1,2.1,19.0,0,2,2.0,0.04,0.27,0.27,0.04,4.0,0.26,0.0,0.13,2.0,0.26,0.0,0.26,4.0,77.0,1718
1.0,0.4,0.4,1,1,3,2.3,24.0,1,1,8.0,0.02,0.14,0.14,0.02,3.0,0.06,0.06,0.18,2.0,0.48,0.0,0.06,2.0,89.0,2223
0.0,1.1,1.1,1,1,4,5.2,56.0,1,4,20.0,0.04,0.19,0.19,0.04,4.0,0.15,0.04,0.15,3.0,0.75,3.0,0.15,4.0,200.0,2324
0.0,1.3,1.3,1,1,2,1.5,12.0,1,1,12.0,0.07,0.08,0.08,0.07,0.0,0.05,0.05,0.1,0.0,0.6,1.0,0.05,2.0,22.0,2122
0.0,0.8,0.8,1,1,1,1.6,15.0,1,1,5.0,0.06,0.13,0.13,0.06,1.0,0.08,0.08,0.08,0.0,0.4,0.0,0.08,3.0,38.0,1819
0.0,0.4,0.4,0,0,1,1.5,10.0,0,1,3.0,0.04,0.15,0.15,0.04,2.0,0.1,0.0,0.1,0.0,0.29,0.0,0.1,1.0,26.0,1920
0.0,0.7,0.7,0,0,1,2.5,22.0,0,2,5.0,0.04,0.14,0.14,0.04,1.0,0.11,0.0,0.06,0.0,0.28,0.0,0.11,5.0,81.0,2021
0.0,0.5,0.5,1,1,2,2.0,19.0,1,2,6.0,0.02,0.1,0.1,0.02,0.0,0.09,0.05,0.09,1.0,0.28,1.0,0.09,4.0,22.0,2324
8.0,3.9,3.9,4,4,11,4.3,40.0,4,4,26.0,0.35,0.38,0.38,0.35,2.0,0.36,0.36,0.98,4.0,2.33,3.0,0.36,9.0,86.0,1819
4.0,8.9,8.1,8,8,22,10.4,113.0,8,10,51.0,0.32,0.4,0.38,0.29,4.0,0.36,0.29,0.8,10.0,1.85,6.0,0.36,26.0,180.0,1920
7.0,8.5,8.5,4,4,12,11.3,100.0,4,8,42.0,0.37,0.49,0.49,0.37,2.0,0.34,0.17,0.52,13.0,1.81,8.0,0.34,17.0,148.0,2021
5.0,9.1,9.1,7,7,26,12.6,115.0,7,9,60.0,0.32,0.44,0.44,0.32,2.0,0.31,0.24,0.91,14.0,2.09,10.0,0.31,13.0,208.0,2122
7.0,3.3,3.3,5,5,15,5.1,65.0,5,7,30.0,0.19,0.31,0.31,0.19,2.0,0.42,0.3,0.9,9.0,1.8,6.0,0.42,4.0,87.0,2223
6.0,8.6,7.0,7,7,16,9.1,97.0,6,9,32.0,0.34,0.42,0.36,0.27,4.0,0.35,0.27,0.62,7.0,1.25,4.0,0.31,5.0,153.0,2324
0.0,0.6,0.6,0,0,1,2.6,14.0,0,2,15.0,0.03,0.12,0.12,0.03,1.0,0.09,0.0,0.05,2.0,0.68,1.0,0.09,1.0,15.0,1819
0.0,0.5,0.5,0,0,3,2.2,8.0,0,1,10.0,0.02,0.11,0.11,0.02,0.0,0.05,0.0,0.15,0.0,0.5,2.0,0.05,0.0,10.0,1920
0.0,0.4,0.4,0,0,3,0.8,7.0,0,0,12.0,0.02,0.03,0.03,0.02,0.0,0.0,0.0,0.13,1.0,0.51,0.0,0.0,2.0,18.0,2021
0.0,1.0,1.0,0,0,4,5.9,29.0,0,4,21.0,0.03,0.21,0.21,0.03,0.0,0.14,0.0,0.14,7.0,0.76,1.0,0.14,8.0,177.0,1819
1.0,1.2,1.2,1,1,4,2.2,21.0,1,1,16.0,0.07,0.14,0.14,0.07,1.0,0.06,0.06,0.25,0.0,1.01,1.0,0.06,1.0,4.0,2122
5.0,2.5,2.5,1,1,10,3.1,35.0,1,2,27.0,0.1,0.13,0.13,0.1,1.0,0.08,0.04,0.41,1.0,1.12,4.0,0.08,1.0,6.0,2223
1.0,2.7,2.7,5,5,7,4.6,41.0,5,6,24.0,0.11,0.18,0.18,0.11,0.0,0.24,0.2,0.27,1.0,0.94,4.0,0.24,3.0,16.0,2324
4.0,6.3,6.3,10,10,19,7.8,108.0,10,10,45.0,0.27,0.33,0.33,0.27,4.0,0.42,0.42,0.81,14.0,1.91,3.0,0.42,35.0,193.0,1819
3.0,5.6,5.6,4,4,14,8.8,78.0,4,8,56.0,0.23,0.36,0.36,0.23,4.0,0.32,0.16,0.56,5.0,2.25,4.0,0.32,22.0,140.0,1920
2.0,1.9,1.9,3,3,6,3.9,38.0,3,7,18.0,0.12,0.25,0.25,0.12,6.0,0.45,0.19,0.38,3.0,1.15,2.0,0.45,8.0,78.0,2021
1.0,2.7,2.7,2,2,11,7.7,62.0,2,8,37.0,0.14,0.39,0.39,0.14,0.0,0.41,0.1,0.56,3.0,1.88,2.0,0.41,9.0,87.0,2122
4.0,10.6,10.6,9,9,22,13.0,107.0,9,12,63.0,0.47,0.58,0.58,0.47,8.0,0.53,0.4,0.97,5.0,2.78,7.0,0.53,27.0,146.0,1718
14.0,5.7,5.7,4,4,23,9.1,118.0,4,12,62.0,0.19,0.3,0.3,0.19,3.0,0.4,0.13,0.76,6.0,2.06,4.0,0.4,29.0,210.0,1819
6.0,11.2,7.3,5,5,16,12.9,144.0,1,9,64.0,0.38,0.58,0.44,0.25,4.0,0.31,0.17,0.55,5.0,2.19,6.0,0.17,44.0,253.0,2021
4.0,5.9,5.9,6,6,16,7.8,103.0,6,10,51.0,0.25,0.33,0.33,0.25,0.0,0.42,0.25,0.68,2.0,2.16,3.0,0.42,30.0,230.0,2122
4.0,4.5,2.1,4,4,6,3.5,64.0,1,4,27.0,0.35,0.45,0.27,0.17,3.0,0.31,0.31,0.46,6.0,2.09,0.0,0.08,16.0,113.0,2223
0.0,5.4,4.6,4,4,23,9.1,125.0,3,7,63.0,0.17,0.31,0.29,0.14,1.0,0.22,0.13,0.72,8.0,1.97,4.0,0.19,35.0,265.0,2324
0.0,0.7,0.7,1,1,1,1.0,3.0,1,1,4.0,0.22,0.32,0.32,0.22,1.0,0.31,0.31,0.31,0.0,1.22,1.0,0.31,0.0,22.0,2122
0.0,1.3,1.3,1,1,6,2.1,15.0,1,2,13.0,0.14,0.22,0.22,0.14,1.0,0.21,0.11,0.64,1.0,1.39,1.0,0.21,2.0,49.0,1819
9.0,2.1,2.1,0,0,11,3.8,33.0,0,1,33.0,0.17,0.31,0.31,0.17,5.0,0.08,0.0,0.9,3.0,2.69,4.0,0.08,2.0,74.0,1920
9.0,7.0,7.0,9,9,22,12.1,70.0,9,14,55.0,0.28,0.48,0.48,0.28,6.0,0.55,0.36,0.87,5.0,2.18,2.0,0.55,9.0,99.0,2021
4.0,9.8,9.0,9,9,33,13.5,106.0,8,15,86.0,0.33,0.48,0.45,0.3,3.0,0.5,0.3,1.1,6.0,2.87,15.0,0.47,20.0,219.0,2122
1.0,0.4,0.4,1,1,1,0.4,5.0,1,1,3.0,0.12,0.13,0.13,0.12,1.0,0.29,0.29,0.29,0.0,0.88,0.0,0.29,0.0,3.0,2021
0.0,0.4,0.4,1,1,3,1.0,13.0,1,2,9.0,0.01,0.03,0.03,0.01,1.0,0.07,0.04,0.11,2.0,0.32,2.0,0.07,1.0,12.0,2122
0.0,0.5,0.5,0,0,4,1.5,18.0,0,1,7.0,0.03,0.08,0.08,0.03,1.0,0.05,0.0,0.2,0.0,0.36,1.0,0.05,1.0,14.0,2223
3.0,9.8,6.6,8,8,22,17.5,124.0,5,14,51.0,0.31,0.66,0.56,0.21,0.0,0.45,0.26,0.71,37.0,1.64,4.0,0.35,29.0,215.0,1718
4.0,10.8,6.8,11,11,13,13.6,78.0,6,16,43.0,0.39,0.63,0.49,0.25,4.0,0.58,0.4,0.47,23.0,1.55,10.0,0.4,20.0,177.0,1920
3.0,6.7,3.5,4,4,9,8.1,69.0,1,8,28.0,0.34,0.58,0.41,0.18,2.0,0.41,0.2,0.46,15.0,1.43,4.0,0.26,15.0,136.0,2021
2.0,3.3,3.3,3,3,5,7.0,31.0,3,5,15.0,0.28,0.59,0.59,0.28,1.0,0.42,0.25,0.42,10.0,1.27,2.0,0.42,2.0,61.0,2122
3.0,2.2,2.2,2,2,5,3.8,24.0,2,3,14.0,0.16,0.27,0.27,0.16,0.0,0.21,0.14,0.36,10.0,1.0,0.0,0.21,3.0,59.0,2122
1.0,1.4,1.4,1,1,6,2.2,25.0,1,2,21.0,0.08,0.13,0.13,0.08,0.0,0.12,0.06,0.36,0.0,1.25,2.0,0.12,3.0,20.0,1920
5.0,0.1,0.1,1,1,1,0.6,3.0,1,1,3.0,0.02,0.11,0.11,0.02,1.0,0.17,0.17,0.17,1.0,0.52,0.0,0.17,1.0,4.0,2021
0.0,0.3,0.3,0,0,1,0.4,5.0,0,0,5.0,0.05,0.06,0.06,0.05,0.0,0.0,0.0,0.16,0.0,0.8,0.0,0.0,0.0,3.0,1819
1.0,1.6,1.6,1,1,9,2.2,38.0,1,1,34.0,0.05,0.07,0.07,0.05,0.0,0.03,0.03,0.3,1.0,1.12,1.0,0.03,0.0,27.0,2122
1.0,1.4,1.4,1,1,4,1.6,32.0,1,1,28.0,0.05,0.06,0.06,0.05,0.0,0.04,0.04,0.15,0.0,1.02,3.0,0.04,1.0,17.0,2223
3.0,1.5,1.5,1,1,7,2.0,35.0,1,1,30.0,0.07,0.1,0.1,0.07,0.0,0.05,0.05,0.35,0.0,1.51,4.0,0.05,1.0,15.0,2324
2.0,0.9,0.9,0,0,5,1.4,9.0,0,0,24.0,0.05,0.07,0.07,0.05,2.0,0.0,0.0,0.26,1.0,1.25,1.0,0.0,0.0,16.0,1819
1.0,2.1,2.1,2,2,11,2.8,27.0,2,4,28.0,0.11,0.14,0.14,0.11,0.0,0.2,0.1,0.56,1.0,1.43,3.0,0.2,0.0,32.0,1920
2.0,1.5,1.5,1,1,6,3.0,22.0,1,1,30.0,0.06,0.13,0.13,0.06,0.0,0.04,0.04,0.26,1.0,1.29,4.0,0.04,4.0,23.0,2021
5.0,1.5,1.5,2,2,7,2.4,27.0,2,2,23.0,0.07,0.11,0.11,0.07,2.0,0.09,0.09,0.32,1.0,1.06,1.0,0.09,2.0,25.0,2122
0.0,1.5,1.5,0,0,6,2.4,44.0,0,0,25.0,0.09,0.14,0.14,0.09,1.0,0.0,0.0,0.34,0.0,1.43,5.0,0.0,5.0,33.0,2324
2.0,2.6,2.6,1,1,11,7.3,85.0,1,4,24.0,0.15,0.43,0.43,0.15,1.0,0.24,0.06,0.66,2.0,1.43,2.0,0.24,33.0,210.0,1819
2.0,1.4,1.4,2,2,3,3.0,31.0,2,3,10.0,0.14,0.32,0.32,0.14,5.0,0.32,0.21,0.32,2.0,1.06,1.0,0.32,12.0,125.0,1920
3.0,1.8,1.8,2,2,7,5.9,71.0,2,7,21.0,0.09,0.29,0.29,0.09,0.0,0.34,0.1,0.34,3.0,1.02,3.0,0.34,17.0,201.0,2021
4.0,2.2,2.2,3,3,5,4.7,55.0,3,3,18.0,0.11,0.23,0.23,0.11,1.0,0.15,0.15,0.25,5.0,0.88,1.0,0.15,20.0,156.0,2122
3.0,1.9,1.9,4,4,7,3.5,46.0,4,5,14.0,0.15,0.28,0.28,0.15,6.0,0.39,0.31,0.55,3.0,1.1,1.0,0.39,16.0,145.0,2223
1.0,1.2,1.1,3,3,7,4.8,68.0,3,9,12.0,0.07,0.31,0.31,0.07,5.0,0.57,0.19,0.44,5.0,0.76,3.0,0.57,12.0,160.0,2324
2.0,1.1,1.1,0,0,1,1.4,15.0,0,0,8.0,0.38,0.47,0.47,0.38,1.0,0.0,0.0,0.33,1.0,2.68,2.0,0.0,3.0,27.0,1718
1.0,0.6,0.6,2,2,3,2.0,16.0,2,3,5.0,0.11,0.34,0.34,0.11,4.0,0.51,0.34,0.51,7.0,0.85,0.0,0.51,4.0,53.0,1718
0.0,1.2,1.1,0,0,1,1.7,30.0,0,0,15.0,0.06,0.09,0.08,0.05,1.0,0.0,0.0,0.05,0.0,0.72,4.0,0.0,6.0,28.0,2122
0.0,0.8,0.8,0,0,3,1.9,13.0,0,1,9.0,0.07,0.16,0.16,0.07,0.0,0.08,0.0,0.25,1.0,0.74,1.0,0.08,0.0,10.0,2223
16.0,7.2,6.4,8,8,21,9.2,95.0,7,12,49.0,0.31,0.43,0.4,0.28,4.0,0.52,0.35,0.92,4.0,2.14,5.0,0.48,8.0,137.0,1920
12.0,15.7,11.8,16,16,30,15.7,159.0,12,20,66.0,0.48,0.6,0.48,0.36,8.0,0.61,0.49,0.91,12.0,2.0,12.0,0.49,15.0,224.0,2021
1.0,10.6,8.3,12,12,24,15.3,138.0,9,20,56.0,0.35,0.58,0.5,0.27,0.0,0.66,0.39,0.79,14.0,1.84,9.0,0.56,9.0,217.0,2122
6.0,3.3,2.5,1,1,7,3.3,50.0,0,1,22.0,0.38,0.48,0.39,0.29,1.0,0.12,0.12,0.82,1.0,2.57,2.0,0.0,1.0,55.0,2223
2.0,4.6,4.6,6,6,14,6.4,76.0,6,7,32.0,0.34,0.47,0.47,0.34,0.0,0.52,0.45,1.04,5.0,2.38,5.0,0.52,1.0,85.0,2223
13.0,5.3,3.7,2,2,6,4.7,85.0,2,2,27.0,0.35,0.41,0.31,0.25,2.0,0.13,0.13,0.4,5.0,1.79,1.0,0.13,1.0,88.0,2324
5.0,3.3,2.5,1,1,8,5.7,47.0,0,7,41.0,0.13,0.25,0.22,0.1,1.0,0.27,0.04,0.3,2.0,1.56,4.0,0.23,11.0,81.0,1819
10.0,4.0,4.0,5,5,19,5.6,44.0,5,6,46.0,0.2,0.28,0.28,0.2,4.0,0.29,0.24,0.93,1.0,2.24,2.0,0.29,15.0,112.0,1920
10.0,8.1,8.1,10,10,24,11.7,76.0,10,14,71.0,0.26,0.38,0.38,0.26,5.0,0.45,0.32,0.78,4.0,2.29,7.0,0.45,19.0,151.0,2021
4.0,9.3,6.4,7,7,32,12.1,103.0,5,12,95.0,0.3,0.48,0.39,0.2,1.0,0.38,0.22,1.02,4.0,3.04,9.0,0.32,39.0,248.0,2223
6.0,4.7,3.1,4,4,15,4.8,59.0,3,5,42.0,0.27,0.37,0.27,0.18,8.0,0.29,0.23,0.86,3.0,2.42,5.0,0.23,8.0,157.0,2324
0.0,0.9,0.9,0,0,5,3.6,29.0,0,4,16.0,0.04,0.17,0.17,0.04,1.0,0.18,0.0,0.23,3.0,0.74,2.0,0.18,6.0,108.0,2021
0.0,0.4,0.4,0,0,2,1.2,11.0,0,1,4.0,0.04,0.13,0.13,0.04,0.0,0.11,0.0,0.23,0.0,0.45,0.0,0.11,1.0,46.0,2122
6.0,4.2,3.4,4,4,12,9.4,51.0,3,9,67.0,0.19,0.46,0.42,0.16,15.0,0.41,0.18,0.54,3.0,3.03,10.0,0.36,13.0,132.0,1819
5.0,5.1,5.0,9,9,29,12.9,63.0,9,11,69.0,0.18,0.45,0.44,0.17,9.0,0.38,0.31,1.0,2.0,2.37,4.0,0.38,19.0,132.0,2021
6.0,3.3,3.3,5,5,16,11.1,30.0,5,14,47.0,0.12,0.42,0.42,0.12,7.0,0.54,0.19,0.61,1.0,1.8,3.0,0.54,7.0,89.0,2122
5.0,4.4,2.7,6,6,17,9.7,43.0,5,13,45.0,0.16,0.42,0.36,0.1,7.0,0.48,0.22,0.63,2.0,1.66,4.0,0.44,10.0,94.0,2223
8.0,2.5,2.5,4,4,8,4.0,77.0,4,6,27.0,0.22,0.36,0.36,0.22,5.0,0.54,0.36,0.72,3.0,2.44,3.0,0.54,22.0,116.0,2223
13.0,11.9,11.9,8,8,32,17.5,219.0,8,13,94.0,0.41,0.6,0.6,0.41,5.0,0.45,0.27,1.1,20.0,3.22,15.0,0.45,70.0,302.0,2324
1.0,0.9,0.9,0,0,2,1.2,18.0,0,1,6.0,0.12,0.16,0.16,0.12,0.0,0.13,0.0,0.26,5.0,0.77,2.0,0.13,10.0,69.0,2122
4.0,9.8,9.1,8,8,25,12.2,111.0,8,12,85.0,0.31,0.41,0.39,0.29,4.0,0.38,0.25,0.79,5.0,2.69,8.0,0.38,26.0,196.0,2122
3.0,4.4,4.4,4,4,13,6.5,60.0,4,8,41.0,0.26,0.39,0.39,0.26,1.0,0.48,0.24,0.79,5.0,2.48,5.0,0.48,15.0,87.0,2223
6.0,2.4,2.4,3,3,7,2.8,20.0,3,4,16.0,0.74,0.85,0.85,0.74,0.0,1.23,0.92,2.15,0.0,4.91,1.0,1.23,0.0,17.0,2223
0.0,3.7,1.3,3,3,3,4.8,22.0,0,6,19.0,0.12,0.23,0.15,0.04,3.0,0.19,0.1,0.1,1.0,0.62,1.0,0.1,3.0,45.0,2122
0.0,0.3,0.3,0,0,1,1.5,5.0,0,3,8.0,0.01,0.07,0.07,0.01,1.0,0.15,0.0,0.05,1.0,0.39,0.0,0.15,1.0,7.0,2223
1.0,0.6,0.6,0,0,5,2.3,10.0,0,1,16.0,0.03,0.1,0.1,0.03,4.0,0.04,0.0,0.21,1.0,0.68,1.0,0.04,0.0,35.0,2324
6.0,0.2,0.2,1,1,1,0.4,6.0,1,2,4.0,0.18,0.26,0.26,0.18,0.0,1.46,0.73,0.73,3.0,2.93,0.0,1.46,1.0,11.0,1819
18.0,3.5,3.5,6,6,15,5.0,54.0,6,6,46.0,0.22,0.31,0.31,0.22,1.0,0.37,0.37,0.94,3.0,2.87,5.0,0.37,20.0,100.0,1819
22.0,12.7,7.2,18,18,34,12.6,115.0,12,19,70.0,0.91,1.3,0.9,0.51,7.0,1.36,1.29,2.43,3.0,5.0,6.0,0.93,43.0,175.0,1920
9.0,15.5,13.1,22,22,36,17.7,125.0,20,29,84.0,0.97,1.25,1.11,0.82,8.0,1.82,1.38,2.26,3.0,5.26,6.0,1.69,39.0,218.0,2021
3.0,7.1,5.6,9,9,16,11.6,118.0,7,17,55.0,0.42,0.77,0.68,0.33,3.0,0.99,0.53,0.94,7.0,3.22,9.0,0.88,43.0,214.0,2122
2.0,2.8,2.0,3,3,8,5.6,70.0,2,6,33.0,0.24,0.53,0.47,0.17,1.0,0.5,0.25,0.67,3.0,2.77,3.0,0.42,22.0,124.0,2223
1.0,3.3,3.3,4,4,9,6.0,57.0,4,6,24.0,0.14,0.26,0.26,0.14,3.0,0.26,0.17,0.39,7.0,1.03,2.0,0.26,30.0,131.0,2021
5.0,3.0,3.0,1,1,16,8.2,90.0,1,4,44.0,0.09,0.24,0.24,0.09,4.0,0.12,0.03,0.46,12.0,1.27,8.0,0.12,39.0,213.0,2122
0.0,6.1,3.0,5,5,15,6.9,62.0,2,9,53.0,0.22,0.36,0.25,0.11,0.0,0.32,0.18,0.54,10.0,1.91,3.0,0.22,18.0,173.0,2324
1.0,2.5,2.5,2,2,8,5.0,83.0,2,4,27.0,0.33,0.64,0.64,0.33,1.0,0.52,0.26,1.03,4.0,3.48,4.0,0.52,35.0,85.0,2324
16.0,23.1,20.0,21,21,54,26.9,240.0,17,27,108.0,0.74,0.96,0.86,0.64,8.0,0.86,0.67,1.72,27.0,3.44,8.0,0.73,53.0,294.0,1819
21.0,12.7,12.0,16,16,41,14.5,133.0,15,24,78.0,0.57,0.68,0.65,0.54,3.0,1.08,0.72,1.85,18.0,3.51,6.0,1.04,21.0,171.0,1920
11.0,16.2,13.9,21,21,40,16.8,173.0,18,24,101.0,0.58,0.69,0.6,0.5,2.0,0.86,0.75,1.44,33.0,3.62,13.0,0.75,20.0,171.0,2021
0.0,0.1,0.1,0,0,1,0.7,1.0,0,0,3.0,0.01,0.13,0.13,0.01,0.0,0.0,0.0,0.18,0.0,0.53,1.0,0.0,1.0,8.0,1819
2.0,2.1,2.1,3,3,7,3.0,17.0,3,5,24.0,0.24,0.35,0.35,0.24,1.0,0.58,0.35,0.81,1.0,2.77,2.0,0.58,8.0,45.0,1819
4.0,1.0,1.0,2,2,11,2.8,29.0,2,3,24.0,0.11,0.31,0.31,0.11,2.0,0.33,0.22,1.2,0.0,2.61,2.0,0.33,8.0,60.0,1920
1.0,0.6,0.6,1,1,2,1.0,9.0,1,2,8.0,0.04,0.07,0.07,0.04,1.0,0.14,0.07,0.14,1.0,0.56,0.0,0.14,0.0,7.0,1819
0.0,1.0,1.0,1,1,1,1.4,18.0,1,2,8.0,0.05,0.06,0.06,0.05,0.0,0.09,0.04,0.04,2.0,0.36,0.0,0.09,1.0,18.0,1920
0.0,0.3,0.3,0,0,1,0.5,10.0,0,0,5.0,0.01,0.02,0.02,0.01,0.0,0.0,0.0,0.04,0.0,0.18,0.0,0.0,0.0,1.0,2122
0.0,2.2,2.2,2,2,7,2.7,27.0,2,2,31.0,0.08,0.1,0.1,0.08,0.0,0.07,0.07,0.26,2.0,1.15,7.0,0.07,6.0,14.0,1819
2.0,14.9,14.1,17,17,41,18.0,146.0,16,22,96.0,0.6,0.75,0.72,0.57,1.0,0.88,0.68,1.65,17.0,3.85,5.0,0.84,23.0,164.0,1819
1.0,2.9,2.9,4,4,6,3.6,46.0,4,5,25.0,0.29,0.36,0.36,0.29,3.0,0.5,0.4,0.6,3.0,2.52,3.0,0.5,7.0,62.0,2021
6.0,2.3,2.3,1,1,4,3.1,25.0,1,4,16.0,0.56,0.76,0.76,0.56,3.0,0.98,0.24,0.98,2.0,3.9,4.0,0.98,1.0,17.0,2122
6.0,7.9,7.1,6,6,19,8.6,79.0,6,9,56.0,0.46,0.55,0.51,0.42,1.0,0.53,0.35,1.11,11.0,3.29,8.0,0.53,4.0,75.0,2223
2.0,4.9,4.9,6,6,12,5.7,36.0,6,7,22.0,0.5,0.59,0.59,0.5,0.0,0.72,0.62,1.23,2.0,2.26,5.0,0.72,0.0,47.0,2324
1.0,2.7,1.2,3,3,7,3.3,9.0,1,4,29.0,0.1,0.17,0.12,0.04,1.0,0.14,0.11,0.25,1.0,1.04,2.0,0.07,2.0,11.0,1920
0.0,2.4,0.8,1,1,5,2.5,9.0,0,2,17.0,0.09,0.16,0.1,0.03,0.0,0.08,0.04,0.19,0.0,0.65,2.0,0.04,2.0,11.0,2021
3.0,2.7,2.7,3,3,12,6.4,50.0,3,9,37.0,0.09,0.22,0.22,0.09,7.0,0.31,0.1,0.41,4.0,1.28,7.0,0.31,14.0,108.0,1819
5.0,1.5,1.5,3,3,13,4.9,33.0,3,10,30.0,0.07,0.22,0.22,0.07,3.0,0.45,0.14,0.59,1.0,1.35,4.0,0.45,7.0,83.0,1920
2.0,2.3,2.3,5,5,15,6.9,51.0,5,8,45.0,0.08,0.23,0.23,0.08,8.0,0.26,0.16,0.49,1.0,1.48,2.0,0.26,13.0,108.0,2021
4.0,2.5,1.7,2,2,10,6.8,50.0,1,10,26.0,0.11,0.34,0.3,0.07,3.0,0.44,0.09,0.44,1.0,1.15,3.0,0.4,14.0,87.0,2122
2.0,4.2,3.4,4,4,5,8.0,47.0,3,7,29.0,0.22,0.45,0.41,0.18,6.0,0.36,0.21,0.26,3.0,1.5,1.0,0.31,14.0,87.0,2223
2.0,1.3,1.3,2,2,10,6.8,49.0,2,8,25.0,0.07,0.37,0.37,0.07,6.0,0.43,0.11,0.53,2.0,1.33,4.0,0.43,13.0,85.0,2324
3.0,0.9,0.9,1,1,1,0.9,7.0,1,1,5.0,0.52,0.55,0.55,0.52,0.0,0.6,0.6,0.6,0.0,2.98,0.0,0.6,2.0,21.0,2223
0.0,1.3,1.3,3,3,3,1.4,5.0,3,3,8.0,0.26,0.28,0.28,0.26,0.0,0.62,0.62,0.62,0.0,1.64,1.0,0.62,1.0,20.0,2324
3.0,2.0,2.0,5,5,6,4.0,40.0,5,6,13.0,0.09,0.18,0.18,0.09,1.0,0.27,0.22,0.27,1.0,0.58,1.0,0.27,10.0,109.0,1819
0.0,0.8,0.8,1,1,2,1.6,23.0,1,1,12.0,0.05,0.1,0.1,0.05,1.0,0.06,0.06,0.12,1.0,0.75,0.0,0.06,0.0,23.0,2021
0.0,0.4,0.4,0,0,1,1.3,23.0,0,1,6.0,0.02,0.07,0.07,0.02,0.0,0.05,0.0,0.05,0.0,0.33,0.0,0.05,1.0,26.0,2122
1.0,0.3,0.3,0,0,1,0.5,5.0,0,0,6.0,0.03,0.05,0.05,0.03,0.0,0.0,0.0,0.1,1.0,0.6,0.0,0.0,0.0,12.0,2223
1.0,0.7,0.7,1,1,2,1.1,7.0,1,1,6.0,0.05,0.07,0.07,0.05,0.0,0.06,0.06,0.13,1.0,0.38,1.0,0.06,0.0,13.0,2324
0.0,0.2,0.2,0,0,1,0.7,6.0,0,0,5.0,0.03,0.11,0.11,0.03,2.0,0.0,0.0,0.15,0.0,0.76,0.0,0.0,3.0,25.0,1819
0.0,0.2,0.2,0,0,2,1.3,9.0,0,2,6.0,0.02,0.1,0.1,0.02,0.0,0.15,0.0,0.15,0.0,0.46,0.0,0.15,2.0,41.0,1819
0.0,0.1,0.1,0,0,1,0.1,1.0,0,0,2.0,0.04,0.04,0.04,0.04,1.0,0.0,0.0,0.43,0.0,0.86,0.0,0.0,0.0,0.0,1920
2.0,0.1,0.1,0,0,1,0.5,5.0,0,1,2.0,0.01,0.06,0.06,0.01,0.0,0.1,0.0,0.1,1.0,0.2,0.0,0.1,0.0,24.0,2021
2.0,1.5,1.5,2,2,6,2.6,21.0,2,2,13.0,0.06,0.1,0.1,0.06,1.0,0.08,0.08,0.23,3.0,0.5,2.0,0.08,2.0,68.0,2122
1.0,0.9,0.9,2,2,4,1.3,20.0,2,3,9.0,0.05,0.07,0.07,0.05,0.0,0.16,0.11,0.22,1.0,0.49,0.0,0.16,1.0,50.0,2223
5.0,0.6,0.6,1,1,3,0.9,14.0,1,1,8.0,0.03,0.04,0.04,0.03,1.0,0.05,0.05,0.15,3.0,0.39,0.0,0.05,0.0,32.0,2324
1.0,0.5,0.5,0,0,3,0.9,14.0,0,1,11.0,0.03,0.06,0.06,0.03,0.0,0.07,0.0,0.21,0.0,0.76,0.0,0.07,4.0,22.0,1819
1.0,1.3,1.3,1,1,5,2.4,22.0,1,1,16.0,0.11,0.19,0.19,0.11,1.0,0.08,0.08,0.4,1.0,1.28,0.0,0.08,1.0,26.0,1819
0.0,0.8,0.8,1,1,5,2.3,22.0,1,2,14.0,0.05,0.15,0.15,0.05,1.0,0.13,0.06,0.32,2.0,0.91,3.0,0.13,1.0,62.0,1920
4.0,8.8,8.8,8,8,22,10.8,95.0,8,8,52.0,0.49,0.6,0.6,0.49,0.0,0.44,0.44,1.22,6.0,2.88,7.0,0.44,13.0,130.0,2122
1.0,3.0,3.0,4,4,7,3.5,34.0,4,4,22.0,0.3,0.35,0.35,0.3,0.0,0.4,0.4,0.7,8.0,2.2,3.0,0.4,5.0,70.0,2223
1.0,0.7,0.7,0,0,5,2.1,34.0,0,0,11.0,0.03,0.11,0.11,0.03,5.0,0.0,0.0,0.26,4.0,0.57,1.0,0.0,8.0,103.0,1920
0.0,0.6,0.6,1,1,6,7.0,62.0,1,6,11.0,0.02,0.24,0.24,0.02,3.0,0.2,0.03,0.2,3.0,0.37,1.0,0.2,17.0,209.0,2021
1.0,0.1,0.1,0,0,1,3.7,15.0,0,3,6.0,0.01,0.21,0.21,0.01,2.0,0.17,0.0,0.06,3.0,0.34,0.0,0.17,3.0,69.0,2122
0.0,1.1,1.1,1,1,4,4.7,22.0,1,3,14.0,0.04,0.16,0.16,0.04,0.0,0.11,0.04,0.14,1.0,0.49,1.0,0.11,3.0,76.0,2223
0.0,0.3,0.3,1,1,3,1.0,16.0,1,1,7.0,0.03,0.09,0.09,0.03,1.0,0.09,0.09,0.28,0.0,0.65,1.0,0.09,3.0,45.0,2021
0.0,0.5,0.5,0,0,1,0.6,11.0,0,0,6.0,0.05,0.06,0.06,0.05,0.0,0.0,0.0,0.1,0.0,0.59,1.0,0.0,1.0,22.0,2324
6.0,4.7,4.7,4,4,11,5.7,61.0,4,4,32.0,0.33,0.4,0.4,0.33,0.0,0.28,0.28,0.78,11.0,2.27,4.0,0.28,1.0,66.0,2021
0.0,1.0,1.0,0,0,3,1.5,15.0,0,0,12.0,0.05,0.07,0.07,0.05,0.0,0.0,0.0,0.14,0.0,0.55,1.0,0.0,2.0,4.0,2021
6.0,1.4,1.4,1,1,7,1.6,28.0,1,1,12.0,0.34,0.4,0.4,0.34,4.0,0.24,0.24,1.71,4.0,2.93,1.0,0.24,3.0,41.0,1819
0.0,5.5,5.5,6,6,9,8.8,77.0,6,10,37.0,0.4,0.64,0.64,0.4,0.0,0.73,0.44,0.65,16.0,2.69,4.0,0.73,17.0,93.0,1920
0.0,1.0,1.0,0,0,2,1.3,10.0,0,0,4.0,0.29,0.39,0.39,0.29,1.0,0.0,0.0,0.61,4.0,1.22,0.0,0.0,2.0,16.0,2021
1.0,1.4,1.4,0,0,6,5.1,21.0,0,4,23.0,0.14,0.52,0.52,0.14,1.0,0.4,0.0,0.6,1.0,2.31,3.0,0.4,5.0,48.0,1920
0.0,0.5,0.5,1,1,3,1.3,8.0,1,2,8.0,0.07,0.18,0.18,0.07,1.0,0.27,0.14,0.41,0.0,1.09,1.0,0.27,2.0,20.0,2021
2.0,0.6,0.6,0,0,5,1.2,3.0,0,0,7.0,0.21,0.44,0.44,0.21,1.0,0.0,0.0,1.83,0.0,2.56,1.0,0.0,1.0,9.0,2122
5.0,5.0,4.3,2,2,15,5.6,48.0,1,4,41.0,0.37,0.47,0.41,0.31,1.0,0.29,0.15,1.09,4.0,2.99,6.0,0.22,13.0,97.0,1819
6.0,4.9,4.9,5,5,16,6.2,61.0,5,6,45.0,0.26,0.32,0.32,0.26,0.0,0.31,0.26,0.83,10.0,2.35,8.0,0.31,9.0,83.0,2223
0.0,1.1,1.1,0,0,6,2.0,19.0,0,0,18.0,0.08,0.15,0.15,0.08,1.0,0.0,0.0,0.45,1.0,1.36,4.0,0.0,3.0,25.0,2223
2.0,9.3,6.2,11,11,14,8.3,95.0,7,14,41.0,0.44,0.54,0.39,0.29,1.0,0.66,0.52,0.66,26.0,1.95,7.0,0.47,13.0,119.0,2021
13.0,2.4,2.4,2,2,13,3.8,52.0,2,3,22.0,0.2,0.32,0.32,0.2,2.0,0.25,0.17,1.1,14.0,1.85,2.0,0.25,12.0,63.0,2122
3.0,11.0,8.6,13,13,20,11.1,143.0,10,15,60.0,0.37,0.46,0.38,0.29,3.0,0.51,0.44,0.68,10.0,2.04,4.0,0.41,28.0,215.0,2223
6.0,4.5,3.7,3,3,12,5.4,89.0,2,6,31.0,0.26,0.36,0.31,0.22,1.0,0.35,0.17,0.7,21.0,1.8,4.0,0.29,10.0,143.0,2324
1.0,9.3,7.7,10,10,28,8.3,100.0,10,10,64.0,0.39,0.42,0.35,0.33,0.0,0.42,0.42,1.19,17.0,2.71,6.0,0.42,18.0,114.0,1920
6.0,3.3,3.3,3,3,11,5.1,43.0,3,4,26.0,0.39,0.59,0.59,0.39,0.0,0.46,0.35,1.27,8.0,3.01,3.0,0.46,4.0,63.0,2122
6.0,7.2,4.9,6,6,12,5.4,68.0,3,6,36.0,0.44,0.47,0.33,0.3,1.0,0.36,0.36,0.73,8.0,2.19,5.0,0.18,12.0,87.0,2223
0.0,1.1,1.1,2,2,6,2.8,27.0,2,3,19.0,0.07,0.18,0.18,0.07,0.0,0.19,0.13,0.39,3.0,1.23,2.0,0.19,6.0,46.0,2122
0.0,0.8,0.8,1,1,1,2.3,20.0,1,2,13.0,0.04,0.12,0.12,0.04,0.0,0.1,0.05,0.05,2.0,0.66,3.0,0.1,4.0,79.0,2324
0.0,0.9,0.9,1,1,1,2.7,23.0,1,3,7.0,0.04,0.12,0.12,0.04,2.0,0.14,0.05,0.05,3.0,0.32,0.0,0.14,6.0,90.0,2324
0.0,0.2,0.2,0,0,2,3.2,20.0,0,2,5.0,0.02,0.26,0.26,0.02,0.0,0.16,0.0,0.16,0.0,0.41,1.0,0.16,0.0,54.0,2425
7.0,0.5,0.5,0,0,2,0.9,17.0,0,0,5.0,0.1,0.21,0.21,0.1,4.0,0.0,0.0,0.45,1.0,1.12,0.0,0.0,2.0,42.0,2223
5.0,5.4,5.4,7,7,22,8.9,79.0,7,11,36.0,0.3,0.49,0.49,0.3,10.0,0.61,0.39,1.23,1.0,2.01,3.0,0.61,14.0,135.0,2324
0.0,0.4,0.4,0,0,1,0.8,11.0,0,1,7.0,0.06,0.12,0.12,0.06,0.0,0.15,0.0,0.15,0.0,1.08,1.0,0.15,0.0,6.0,2425
3.0,0.3,0.3,0,0,2,0.5,11.0,0,0,6.0,0.03,0.05,0.05,0.03,2.0,0.0,0.0,0.2,0.0,0.6,0.0,0.0,0.0,13.0,1920
2.0,2.5,2.5,3,3,15,3.8,34.0,3,3,28.0,0.07,0.11,0.11,0.07,0.0,0.09,0.09,0.44,1.0,0.82,1.0,0.09,2.0,89.0,2122
7.0,2.5,2.5,2,2,7,3.0,36.0,2,2,24.0,0.12,0.15,0.15,0.12,3.0,0.1,0.1,0.35,0.0,1.19,3.0,0.1,2.0,44.0,2223
5.0,4.9,4.1,7,7,13,7.1,72.0,6,10,41.0,0.22,0.35,0.32,0.18,3.0,0.45,0.31,0.58,3.0,1.83,7.0,0.4,7.0,129.0,2324
0.0,1.2,1.2,1,1,2,2.2,10.0,1,1,11.0,0.16,0.28,0.28,0.16,1.0,0.13,0.13,0.26,0.0,1.42,0.0,0.13,2.0,15.0,1819
1.0,0.9,0.9,0,0,4,1.7,8.0,0,1,12.0,0.14,0.27,0.27,0.14,1.0,0.16,0.0,0.65,0.0,1.94,1.0,0.16,0.0,11.0,1920
2.0,0.6,0.6,1,1,5,2.0,10.0,1,2,16.0,0.04,0.14,0.14,0.04,3.0,0.14,0.07,0.36,0.0,1.14,3.0,0.14,4.0,30.0,2021
0.0,1.2,1.2,2,2,4,4.3,24.0,2,5,22.0,0.07,0.23,0.23,0.07,0.0,0.27,0.11,0.22,0.0,1.19,0.0,0.27,6.0,46.0,2122
0.0,0.4,0.4,0,0,1,0.9,2.0,0,0,6.0,0.12,0.24,0.24,0.12,1.0,0.0,0.0,0.27,0.0,1.6,1.0,0.0,1.0,4.0,2223
1.0,0.6,0.6,1,1,1,1.1,6.0,1,1,3.0,0.22,0.43,0.43,0.22,1.0,0.4,0.4,0.4,0.0,1.19,0.0,0.4,0.0,5.0,2324
0.0,0.1,0.1,0,0,1,0.4,2.0,0,0,2.0,0.0,0.01,0.01,0.0,0.0,0.0,0.0,0.04,0.0,0.08,0.0,0.0,2.0,13.0,2021
1.0,0.8,0.8,0,0,1,1.2,7.0,0,0,8.0,0.05,0.08,0.08,0.05,1.0,0.0,0.0,0.07,0.0,0.54,1.0,0.0,2.0,17.0,1718
1.0,1.0,1.0,1,1,1,1.5,6.0,1,2,9.0,0.03,0.05,0.05,0.03,0.0,0.06,0.03,0.03,0.0,0.27,1.0,0.06,1.0,25.0,1819
0.0,0.2,0.2,1,1,1,0.3,4.0,1,1,4.0,0.02,0.02,0.02,0.02,0.0,0.06,0.06,0.06,0.0,0.25,0.0,0.06,1.0,2.0,1920
1.0,8.4,5.9,12,12,28,14.6,91.0,10,19,72.0,0.27,0.54,0.46,0.19,2.0,0.6,0.38,0.88,8.0,2.27,11.0,0.54,46.0,272.0,1718
0.0,0.7,0.7,1,1,4,0.8,14.0,1,1,8.0,0.04,0.05,0.05,0.04,0.0,0.06,0.06,0.25,2.0,0.5,0.0,0.06,2.0,10.0,2021
0.0,0.8,0.8,0,0,3,1.0,15.0,0,0,8.0,0.06,0.07,0.07,0.06,1.0,0.0,0.0,0.2,1.0,0.53,1.0,0.0,0.0,2.0,2223
0.0,0.6,0.6,0,0,1,0.7,11.0,0,1,5.0,0.03,0.04,0.04,0.03,0.0,0.06,0.0,0.06,0.0,0.28,3.0,0.06,0.0,1.0,2324
0.0,0.4,0.4,0,0,3,3.5,26.0,0,1,7.0,0.02,0.2,0.2,0.02,6.0,0.06,0.0,0.17,2.0,0.39,0.0,0.06,10.0,147.0,2223
3.0,8.1,8.1,7,7,19,8.7,104.0,7,7,58.0,0.34,0.36,0.36,0.34,2.0,0.29,0.29,0.79,16.0,2.42,6.0,0.29,21.0,162.0,2021
12.0,6.5,5.8,3,3,17,6.9,78.0,3,5,47.0,0.34,0.4,0.36,0.3,3.0,0.26,0.16,0.89,4.0,2.46,4.0,0.26,14.0,141.0,2122
2.0,10.6,9.1,12,12,24,11.2,125.0,10,15,73.0,0.36,0.43,0.38,0.31,3.0,0.51,0.41,0.81,22.0,2.47,7.0,0.44,25.0,179.0,2223
2.0,3.4,3.4,2,2,9,5.7,43.0,2,5,17.0,0.55,0.94,0.94,0.55,3.0,0.82,0.33,1.47,4.0,2.78,2.0,0.82,15.0,73.0,2324
0.0,3.0,3.0,2,2,8,5.1,62.0,2,5,29.0,0.24,0.4,0.4,0.24,0.0,0.39,0.16,0.63,14.0,2.27,2.0,0.39,23.0,100.0,2425
0.0,1.4,1.4,2,2,4,1.6,12.0,2,2,10.0,0.15,0.17,0.17,0.15,0.0,0.22,0.22,0.45,0.0,1.11,1.0,0.22,1.0,30.0,2122
2.0,0.0,0.0,0,0,1,0.3,5.0,0,0,1.0,0.01,0.11,0.11,0.01,1.0,0.0,0.0,0.43,0.0,0.43,0.0,0.0,5.0,16.0,2324
0.0,0.5,0.5,1,1,2,0.7,5.0,1,1,3.0,0.06,0.08,0.08,0.06,0.0,0.12,0.12,0.24,0.0,0.35,1.0,0.12,0.0,2.0,2223
0.0,1.1,1.1,0,0,1,1.4,20.0,0,0,11.0,0.39,0.51,0.51,0.39,0.0,0.0,0.0,0.36,2.0,3.91,0.0,0.0,4.0,19.0,2122
4.0,1.2,1.2,1,1,8,1.6,17.0,1,1,20.0,0.24,0.3,0.3,0.24,2.0,0.19,0.19,1.51,1.0,3.78,0.0,0.19,0.0,25.0,1819
11.0,2.0,2.0,4,4,12,3.2,41.0,4,6,30.0,0.23,0.36,0.36,0.23,1.0,0.67,0.44,1.33,3.0,3.33,0.0,0.67,6.0,70.0,1819
3.0,8.1,7.3,11,11,35,11.1,81.0,10,12,85.0,0.36,0.53,0.49,0.32,2.0,0.53,0.49,1.55,15.0,3.76,10.0,0.49,13.0,123.0,1920
6.0,2.8,2.0,3,3,12,3.9,27.0,2,5,28.0,0.29,0.48,0.4,0.21,2.0,0.52,0.31,1.24,3.0,2.9,3.0,0.41,4.0,38.0,2021
7.0,3.9,3.9,6,6,20,5.9,32.0,6,8,44.0,0.31,0.46,0.46,0.31,2.0,0.63,0.47,1.58,6.0,3.47,8.0,0.63,3.0,57.0,2122
0.0,2.9,2.9,1,1,5,3.6,41.0,1,2,28.0,0.11,0.14,0.14,0.11,4.0,0.08,0.04,0.19,4.0,1.08,3.0,0.08,4.0,35.0,1819
0.0,0.8,0.8,0,0,3,2.6,16.0,0,4,18.0,0.04,0.12,0.12,0.04,0.0,0.2,0.0,0.15,0.0,0.88,2.0,0.2,4.0,65.0,1819
0.0,2.0,2.0,0,0,6,2.2,27.0,0,0,19.0,0.09,0.1,0.1,0.09,0.0,0.0,0.0,0.27,3.0,0.87,1.0,0.0,1.0,25.0,1920
0.0,0.6,0.6,0,0,1,1.1,14.0,0,0,11.0,0.05,0.09,0.09,0.05,1.0,0.0,0.0,0.08,1.0,0.88,2.0,0.0,0.0,27.0,2021
2.0,0.2,0.2,0,0,2,0.4,2.0,0,0,9.0,0.02,0.04,0.04,0.02,0.0,0.0,0.0,0.21,0.0,0.93,0.0,0.0,0.0,12.0,1920
1.0,1.5,1.5,2,2,10,2.0,24.0,2,2,29.0,0.07,0.09,0.09,0.07,1.0,0.08,0.08,0.41,1.0,1.2,1.0,0.08,12.0,36.0,2122
2.0,1.2,1.2,1,1,8,2.4,31.0,1,1,24.0,0.07,0.14,0.14,0.07,1.0,0.06,0.06,0.46,3.0,1.38,6.0,0.06,6.0,56.0,2324
1.0,0.7,0.7,2,2,2,1.0,5.0,2,2,8.0,0.05,0.07,0.07,0.05,0.0,0.16,0.16,0.16,0.0,0.63,1.0,0.16,1.0,6.0,2122
0.0,0.3,0.3,1,1,2,1.0,4.0,1,1,7.0,0.03,0.12,0.12,0.03,0.0,0.13,0.13,0.25,0.0,0.89,1.0,0.13,1.0,6.0,2223
0.0,1.0,1.0,0,0,4,3.0,22.0,0,2,11.0,0.06,0.17,0.17,0.06,0.0,0.11,0.0,0.22,0.0,0.61,0.0,0.11,4.0,31.0,2324
1.0,0.1,0.1,0,0,1,1.4,17.0,0,4,3.0,0.01,0.13,0.13,0.01,3.0,0.37,0.0,0.09,0.0,0.28,0.0,0.37,3.0,54.0,2021
0.0,0.4,0.4,1,1,2,2.3,36.0,1,4,6.0,0.02,0.09,0.09,0.02,2.0,0.16,0.04,0.08,0.0,0.24,0.0,0.16,8.0,117.0,2122
0.0,0.8,0.8,0,0,3,2.8,43.0,0,2,10.0,0.03,0.12,0.12,0.03,5.0,0.08,0.0,0.13,2.0,0.42,0.0,0.08,3.0,105.0,2223
1.0,0.5,0.5,0,0,1,3.2,23.0,0,5,9.0,0.02,0.16,0.16,0.02,0.0,0.25,0.0,0.05,0.0,0.46,2.0,0.25,5.0,67.0,2324
2.0,1.0,1.0,0,0,1,3.1,5.0,0,0,18.0,0.06,0.18,0.18,0.06,4.0,0.0,0.0,0.06,1.0,1.05,1.0,0.0,1.0,31.0,1819
1.0,2.9,2.1,2,2,9,6.2,20.0,1,6,25.0,0.17,0.41,0.36,0.12,6.0,0.35,0.12,0.52,0.0,1.45,3.0,0.29,1.0,27.0,1920
6.0,2.5,2.5,1,1,8,7.6,32.0,1,7,30.0,0.09,0.27,0.27,0.09,4.0,0.25,0.04,0.28,2.0,1.07,0.0,0.25,2.0,68.0,2021
0.0,5.7,5.7,6,6,18,8.3,54.0,6,10,41.0,0.24,0.34,0.34,0.24,1.0,0.41,0.25,0.74,0.0,1.69,2.0,0.41,6.0,96.0,2122
0.0,0.4,0.4,0,0,2,1.5,7.0,0,1,8.0,0.04,0.16,0.16,0.04,0.0,0.11,0.0,0.22,1.0,0.87,0.0,0.11,0.0,22.0,2223
1.0,4.2,4.2,5,5,13,4.9,43.0,5,5,19.0,0.4,0.47,0.47,0.4,1.0,0.47,0.47,1.23,4.0,1.8,0.0,0.47,8.0,60.0,2021
0.0,0.7,0.7,1,1,2,1.0,8.0,1,2,3.0,0.16,0.24,0.24,0.16,0.0,0.49,0.24,0.49,0.0,0.73,0.0,0.49,0.0,25.0,2122
2.0,0.4,0.4,0,0,2,0.9,10.0,0,1,8.0,0.02,0.03,0.03,0.02,0.0,0.04,0.0,0.08,0.0,0.31,0.0,0.04,0.0,6.0,1920
1.0,1.7,1.7,2,2,4,2.0,29.0,2,2,19.0,0.06,0.08,0.08,0.06,0.0,0.08,0.08,0.15,0.0,0.73,3.0,0.08,2.0,7.0,2021
0.0,1.9,1.9,1,1,3,2.0,21.0,1,1,13.0,0.08,0.08,0.08,0.08,1.0,0.04,0.04,0.12,1.0,0.52,1.0,0.04,0.0,8.0,2122
0.0,1.9,1.9,2,2,5,2.4,27.0,2,2,15.0,0.07,0.09,0.09,0.07,0.0,0.07,0.07,0.18,0.0,0.54,3.0,0.07,3.0,36.0,2324
1.0,0.9,0.9,1,1,2,1.0,10.0,1,1,6.0,0.05,0.05,0.05,0.05,0.0,0.05,0.05,0.11,1.0,0.32,2.0,0.05,0.0,2.0,1819
2.0,1.6,1.6,1,1,2,1.8,19.0,1,1,14.0,0.1,0.12,0.12,0.1,0.0,0.07,0.07,0.13,2.0,0.92,4.0,0.07,0.0,4.0,1920
0.0,0.8,0.8,2,2,6,0.8,16.0,2,2,9.0,0.04,0.04,0.04,0.04,0.0,0.09,0.09,0.28,2.0,0.41,1.0,0.09,1.0,7.0,2021
0.0,1.1,1.1,1,1,4,2.0,18.0,1,2,11.0,0.15,0.26,0.26,0.15,2.0,0.26,0.13,0.52,0.0,1.44,3.0,0.26,5.0,28.0,1819
1.0,2.2,2.2,0,0,7,4.4,31.0,0,2,23.0,0.14,0.29,0.29,0.14,1.0,0.13,0.0,0.46,4.0,1.5,1.0,0.13,9.0,59.0,1920
5.0,1.0,1.0,1,1,3,1.8,14.0,1,2,12.0,0.15,0.29,0.29,0.15,3.0,0.32,0.16,0.48,3.0,1.91,1.0,0.32,2.0,20.0,2021
1.0,3.7,1.3,5,5,4,3.7,35.0,2,8,13.0,0.19,0.31,0.19,0.07,0.0,0.4,0.25,0.2,1.0,0.66,0.0,0.25,6.0,57.0,2122
2.0,1.3,1.3,0,0,9,4.5,84.0,0,3,15.0,0.05,0.16,0.16,0.05,5.0,0.11,0.0,0.32,7.0,0.53,3.0,0.11,40.0,267.0,1920
3.0,2.1,2.1,2,2,6,5.6,65.0,2,7,24.0,0.07,0.19,0.19,0.07,3.0,0.24,0.07,0.21,2.0,0.83,4.0,0.24,29.0,202.0,2021
0.0,0.8,0.8,3,3,6,2.8,38.0,3,6,12.0,0.04,0.15,0.15,0.04,0.0,0.32,0.16,0.32,4.0,0.65,0.0,0.32,15.0,107.0,2122
0.0,0.3,0.3,0,0,2,1.0,27.0,0,0,6.0,0.02,0.05,0.05,0.02,2.0,0.0,0.0,0.1,0.0,0.29,0.0,0.0,15.0,74.0,2223
0.0,1.0,1.0,0,0,2,2.3,18.0,0,2,8.0,0.06,0.13,0.13,0.06,1.0,0.11,0.0,0.11,1.0,0.43,2.0,0.11,6.0,104.0,2324
0.0,2.5,2.5,2,2,6,6.0,35.0,2,6,31.0,0.12,0.29,0.29,0.12,5.0,0.29,0.1,0.29,0.0,1.51,6.0,0.29,5.0,80.0,1819
4.0,1.5,1.5,0,0,5,6.1,33.0,0,5,32.0,0.05,0.21,0.21,0.05,2.0,0.17,0.0,0.17,0.0,1.11,3.0,0.17,7.0,57.0,1920
3.0,3.7,2.1,4,4,7,4.9,49.0,2,6,39.0,0.11,0.2,0.15,0.07,3.0,0.19,0.12,0.22,1.0,1.22,4.0,0.12,7.0,77.0,2021
0.0,2.2,2.2,3,3,3,3.5,28.0,3,6,21.0,0.09,0.15,0.15,0.09,2.0,0.25,0.12,0.12,2.0,0.87,3.0,0.25,4.0,32.0,2122
1.0,1.5,1.5,0,0,12,3.2,20.0,0,2,29.0,0.05,0.12,0.12,0.05,4.0,0.07,0.0,0.44,0.0,1.07,3.0,0.07,4.0,37.0,2223
2.0,1.3,1.3,1,1,3,2.7,22.0,1,5,24.0,0.04,0.08,0.08,0.04,2.0,0.15,0.03,0.09,2.0,0.72,2.0,0.15,2.0,26.0,2324
1.0,0.6,0.6,0,0,1,1.5,12.0,0,2,10.0,0.03,0.07,0.07,0.03,2.0,0.09,0.0,0.05,0.0,0.47,0.0,0.09,4.0,24.0,2324
0.0,0.9,0.9,1,1,2,1.4,9.0,1,1,6.0,0.06,0.09,0.09,0.06,0.0,0.07,0.07,0.13,0.0,0.4,2.0,0.07,0.0,3.0,2021
0.0,0.8,0.8,0,0,3,0.9,9.0,0,0,7.0,0.07,0.08,0.08,0.07,0.0,0.0,0.0,0.26,0.0,0.61,0.0,0.0,0.0,0.0,2122
0.0,1.2,1.2,2,2,7,4.1,27.0,2,4,19.0,0.07,0.23,0.23,0.07,3.0,0.22,0.11,0.39,2.0,1.05,3.0,0.22,3.0,172.0,1819
1.0,0.4,0.4,0,0,2,2.6,20.0,0,3,10.0,0.04,0.27,0.27,0.04,5.0,0.31,0.0,0.21,1.0,1.04,1.0,0.31,4.0,94.0,1920
1.0,1.2,1.2,1,1,9,4.7,37.0,1,6,21.0,0.06,0.24,0.24,0.06,2.0,0.31,0.05,0.46,4.0,1.08,2.0,0.31,7.0,139.0,2021
1.0,0.5,0.5,1,1,1,2.5,12.0,1,3,4.0,0.04,0.2,0.2,0.04,0.0,0.24,0.08,0.08,2.0,0.32,0.0,0.24,2.0,56.0,2122
0.0,2.5,2.5,3,3,4,4.5,30.0,3,4,23.0,0.09,0.16,0.16,0.09,1.0,0.14,0.11,0.14,1.0,0.82,2.0,0.14,2.0,11.0,1920
0.0,1.8,1.8,1,1,4,2.9,28.0,1,3,12.0,0.23,0.37,0.37,0.23,0.0,0.38,0.13,0.51,8.0,1.53,1.0,0.38,5.0,56.0,1920
1.0,2.0,2.0,1,1,2,5.2,78.0,1,3,22.0,0.08,0.2,0.2,0.08,5.0,0.11,0.04,0.08,8.0,0.84,4.0,0.11,10.0,200.0,1819
5.0,1.1,1.1,0,0,4,2.2,27.0,0,2,8.0,0.06,0.11,0.11,0.06,1.0,0.1,0.0,0.2,1.0,0.4,1.0,0.1,3.0,73.0,2324
0.0,0.7,0.7,1,1,5,1.6,18.0,1,1,20.0,0.06,0.13,0.13,0.06,0.0,0.08,0.08,0.41,0.0,1.62,4.0,0.08,6.0,87.0,1718
2.0,1.1,1.1,2,2,7,2.5,23.0,2,4,20.0,0.05,0.12,0.12,0.05,2.0,0.18,0.09,0.32,1.0,0.91,0.0,0.18,6.0,20.0,2324
1.0,1.1,1.1,3,3,6,1.7,17.0,3,3,13.0,0.11,0.18,0.18,0.11,0.0,0.32,0.32,0.64,0.0,1.39,1.0,0.32,1.0,6.0,2122
3.0,3.6,2.0,3,3,8,9.5,39.0,1,9,21.0,0.13,0.41,0.35,0.07,3.0,0.34,0.11,0.3,2.0,0.78,2.0,0.26,6.0,133.0,1819
2.0,2.1,2.1,3,3,9,6.1,46.0,3,6,31.0,0.08,0.22,0.22,0.08,2.0,0.21,0.11,0.32,1.0,1.11,1.0,0.21,5.0,91.0,1920
1.0,1.9,1.1,2,2,4,2.9,29.0,1,4,13.0,0.11,0.2,0.16,0.06,0.0,0.22,0.11,0.22,4.0,0.71,2.0,0.16,2.0,59.0,2021
1.0,0.3,0.3,1,1,1,0.7,8.0,1,1,5.0,0.06,0.13,0.13,0.06,1.0,0.18,0.18,0.18,1.0,0.89,0.0,0.18,1.0,8.0,2122
9.0,5.1,5.1,4,4,16,10.0,87.0,4,7,63.0,0.19,0.38,0.38,0.19,7.0,0.27,0.15,0.61,5.0,2.41,9.0,0.27,12.0,187.0,1819
8.0,7.2,7.2,9,9,24,12.9,68.0,9,16,70.0,0.26,0.46,0.46,0.26,3.0,0.58,0.32,0.86,3.0,2.52,5.0,0.58,12.0,169.0,1920
1.0,7.6,4.4,8,8,22,7.1,36.0,4,11,56.0,0.34,0.46,0.32,0.19,1.0,0.49,0.36,0.98,7.0,2.49,5.0,0.31,4.0,78.0,2021
0.0,2.1,2.1,1,1,6,3.8,29.0,1,2,20.0,0.21,0.38,0.38,0.21,0.0,0.2,0.1,0.6,0.0,1.99,2.0,0.2,4.0,54.0,2122
4.0,1.1,1.1,1,1,5,1.4,9.0,1,2,15.0,0.15,0.2,0.2,0.15,3.0,0.29,0.14,0.72,1.0,2.15,0.0,0.29,0.0,19.0,2223
1.0,3.6,2.8,4,4,19,4.6,56.0,3,7,46.0,0.16,0.25,0.21,0.13,0.0,0.32,0.18,0.87,1.0,2.11,5.0,0.28,7.0,69.0,2324
0.0,0.7,0.7,0,0,3,1.1,11.0,0,0,8.0,0.16,0.24,0.24,0.16,0.0,0.0,0.0,0.68,3.0,1.81,2.0,0.0,3.0,28.0,1819
0.0,1.9,1.9,2,2,12,5.0,39.0,2,4,35.0,0.1,0.24,0.24,0.1,1.0,0.19,0.1,0.58,5.0,1.7,4.0,0.19,12.0,151.0,1819
0.0,0.2,0.2,0,0,3,0.9,14.0,0,2,8.0,0.04,0.15,0.15,0.04,0.0,0.34,0.0,0.51,0.0,1.37,0.0,0.34,4.0,47.0,2122
3.0,1.0,1.0,2,2,6,4.4,15.0,2,3,25.0,0.03,0.15,0.15,0.03,6.0,0.1,0.07,0.2,0.0,0.85,1.0,0.1,2.0,29.0,1819
2.0,3.2,3.2,3,3,16,5.9,30.0,3,9,55.0,0.11,0.2,0.2,0.11,6.0,0.3,0.1,0.53,1.0,1.83,8.0,0.3,5.0,40.0,1920
2.0,1.0,1.0,2,2,4,5.4,8.0,2,8,25.0,0.04,0.19,0.19,0.04,1.0,0.28,0.07,0.14,0.0,0.87,1.0,0.28,1.0,32.0,2021
0.0,0.3,0.3,1,1,1,0.7,3.0,1,1,4.0,0.17,0.38,0.38,0.17,1.0,0.5,0.5,0.5,0.0,2.01,0.0,0.5,0.0,7.0,1920
1.0,4.5,4.5,6,6,22,10.9,80.0,6,12,56.0,0.22,0.53,0.53,0.22,4.0,0.59,0.29,1.07,3.0,2.73,3.0,0.59,22.0,209.0,1718
3.0,4.1,4.1,1,1,17,9.1,86.0,1,5,45.0,0.21,0.46,0.46,0.21,1.0,0.25,0.05,0.86,8.0,2.28,2.0,0.25,30.0,228.0,1819
5.0,1.1,1.1,3,3,5,2.6,13.0,3,4,8.0,0.31,0.68,0.68,0.31,2.0,1.07,0.8,1.34,1.0,2.14,1.0,1.07,4.0,31.0,1920
10.0,3.8,3.8,5,5,11,7.0,71.0,5,7,39.0,0.18,0.34,0.34,0.18,0.0,0.34,0.24,0.53,6.0,1.88,3.0,0.34,16.0,166.0,2021
9.0,7.5,7.5,10,10,32,9.9,79.0,10,10,64.0,0.39,0.52,0.52,0.39,6.0,0.52,0.52,1.66,2.0,3.33,9.0,0.52,16.0,143.0,2122
4.0,6.3,5.5,9,9,24,10.4,71.0,9,15,58.0,0.39,0.7,0.65,0.35,5.0,0.94,0.56,1.5,4.0,3.62,4.0,0.94,11.0,108.0,2223
3.0,3.2,3.2,4,4,10,9.0,38.0,4,9,27.0,0.26,0.73,0.73,0.26,1.0,0.73,0.32,0.81,0.0,2.18,1.0,0.73,6.0,92.0,2324
1.0,5.6,5.6,7,7,20,7.6,70.0,7,8,59.0,0.22,0.3,0.3,0.22,1.0,0.32,0.28,0.79,2.0,2.33,7.0,0.32,8.0,148.0,1819
0.0,1.0,1.0,1,1,4,2.3,28.0,1,2,20.0,0.09,0.21,0.21,0.09,0.0,0.18,0.09,0.37,0.0,1.84,4.0,0.18,0.0,67.0,1920
0.0,0.9,0.9,0,0,3,1.4,15.0,0,0,7.0,0.21,0.33,0.33,0.21,0.0,0.0,0.0,0.71,0.0,1.65,1.0,0.0,2.0,29.0,2122
0.0,1.3,1.3,0,0,8,1.7,17.0,0,0,19.0,0.12,0.16,0.16,0.12,0.0,0.0,0.0,0.72,0.0,1.71,2.0,0.0,0.0,30.0,2223
4.0,2.3,2.3,4,4,10,3.9,57.0,4,6,31.0,0.09,0.15,0.15,0.09,2.0,0.23,0.16,0.39,5.0,1.2,2.0,0.23,15.0,100.0,2324
2.0,1.1,1.0,0,0,2,2.6,35.0,0,2,11.0,0.06,0.16,0.16,0.06,0.0,0.12,0.0,0.12,3.0,0.66,2.0,0.12,16.0,78.0,1819
0.0,0.4,0.4,2,2,3,1.5,20.0,2,2,6.0,0.04,0.17,0.17,0.04,0.0,0.23,0.23,0.35,1.0,0.69,0.0,0.23,11.0,58.0,1920
0.0,0.9,0.9,1,1,3,2.6,14.0,1,4,12.0,0.04,0.11,0.11,0.04,0.0,0.16,0.04,0.12,0.0,0.49,1.0,0.16,3.0,80.0,1920
0.0,0.4,0.4,0,0,1,1.2,6.0,0,0,8.0,0.01,0.04,0.04,0.01,0.0,0.0,0.0,0.03,0.0,0.26,0.0,0.0,2.0,15.0,2021
1.0,5.5,5.5,4,4,15,9.3,94.0,4,7,61.0,0.19,0.33,0.33,0.19,0.0,0.25,0.14,0.53,3.0,2.14,7.0,0.25,3.0,115.0,1819
0.0,0.8,0.8,1,1,6,1.1,26.0,1,1,17.0,0.04,0.06,0.06,0.04,2.0,0.05,0.05,0.32,0.0,0.9,2.0,0.05,1.0,28.0,1920
8.0,8.7,8.0,11,11,23,10.7,96.0,10,16,46.0,0.53,0.69,0.65,0.48,6.0,0.96,0.66,1.38,7.0,2.77,5.0,0.9,9.0,98.0,1920
9.0,10.2,7.5,8,8,24,14.5,147.0,8,14,54.0,0.4,0.68,0.57,0.3,13.0,0.55,0.32,0.95,10.0,2.13,8.0,0.55,23.0,208.0,2021
6.0,5.1,4.3,6,6,10,6.9,61.0,5,10,36.0,0.34,0.51,0.46,0.29,8.0,0.67,0.4,0.67,3.0,2.39,9.0,0.6,11.0,78.0,2223
4.0,3.5,3.5,4,4,23,6.5,62.0,4,10,55.0,0.22,0.41,0.41,0.22,3.0,0.63,0.25,1.45,8.0,3.47,6.0,0.63,17.0,142.0,1819
3.0,4.7,4.7,4,4,20,7.1,56.0,4,7,64.0,0.19,0.28,0.28,0.19,1.0,0.28,0.16,0.79,3.0,2.53,3.0,0.28,20.0,110.0,1920
5.0,5.1,5.1,3,3,19,6.8,55.0,3,4,55.0,0.32,0.43,0.43,0.32,1.0,0.25,0.19,1.21,6.0,3.5,6.0,0.25,12.0,107.0,2021
6.0,3.2,3.2,5,5,17,4.9,51.0,5,6,44.0,0.17,0.26,0.26,0.17,5.0,0.32,0.26,0.9,5.0,2.32,4.0,0.32,11.0,97.0,2122
1.0,3.7,3.7,6,6,15,6.6,44.0,6,11,49.0,0.18,0.32,0.32,0.18,0.0,0.54,0.29,0.74,6.0,2.4,7.0,0.54,8.0,102.0,2223
0.0,1.1,1.1,1,1,2,1.5,37.0,1,1,9.0,0.18,0.24,0.24,0.18,0.0,0.16,0.16,0.32,4.0,1.45,1.0,0.16,4.0,40.0,1819
2.0,1.3,1.3,0,0,4,3.7,39.0,0,2,10.0,0.08,0.23,0.23,0.08,2.0,0.12,0.0,0.24,1.0,0.6,3.0,0.12,10.0,67.0,2021
0.0,0.6,0.6,2,2,2,2.9,33.0,2,4,7.0,0.03,0.14,0.14,0.03,0.0,0.19,0.09,0.09,1.0,0.33,0.0,0.19,5.0,63.0,2122
3.0,1.2,1.2,1,1,5,4.1,19.0,1,4,16.0,0.05,0.16,0.16,0.05,2.0,0.16,0.04,0.2,0.0,0.64,3.0,0.16,2.0,153.0,2122
1.0,1.2,1.2,3,3,5,5.5,26.0,3,5,21.0,0.05,0.26,0.26,0.05,2.0,0.24,0.14,0.24,1.0,0.99,3.0,0.24,5.0,94.0,2223
2.0,2.6,2.6,4,4,8,5.2,59.0,4,6,30.0,0.16,0.33,0.33,0.16,0.0,0.38,0.25,0.5,2.0,1.89,3.0,0.38,6.0,155.0,1920
4.0,1.8,1.8,2,2,9,3.2,38.0,2,2,22.0,0.17,0.3,0.3,0.17,4.0,0.19,0.19,0.84,2.0,2.06,5.0,0.19,4.0,74.0,2021
1.0,2.8,2.8,4,4,10,7.3,69.0,4,8,43.0,0.12,0.3,0.3,0.12,0.0,0.33,0.17,0.42,3.0,1.79,6.0,0.33,10.0,192.0,2122
0.0,0.9,0.9,1,1,2,1.2,11.0,1,1,6.0,0.07,0.09,0.09,0.07,0.0,0.08,0.08,0.15,0.0,0.46,1.0,0.08,0.0,13.0,2223
3.0,0.1,0.1,0,0,2,0.6,7.0,0,0,3.0,0.03,0.21,0.21,0.03,0.0,0.0,0.0,0.71,0.0,1.07,0.0,0.0,2.0,33.0,2324
1.0,3.0,3.0,1,1,8,5.6,42.0,1,4,30.0,0.28,0.52,0.52,0.28,0.0,0.37,0.09,0.74,4.0,2.77,3.0,0.37,6.0,62.0,2122
1.0,1.5,1.3,1,1,2,1.8,23.0,1,1,17.0,0.29,0.38,0.36,0.27,2.0,0.2,0.2,0.4,1.0,3.42,1.0,0.2,0.0,20.0,2223
3.0,0.1,0.1,0,0,1,0.3,2.0,0,0,1.0,0.01,0.04,0.04,0.01,3.0,0.0,0.0,0.17,1.0,0.17,0.0,0.0,2.0,6.0,1819
12.0,1.5,1.5,3,3,5,3.7,44.0,3,6,14.0,0.1,0.24,0.24,0.1,11.0,0.39,0.2,0.33,4.0,0.92,0.0,0.39,18.0,75.0,1920
0.0,3.4,3.4,12,12,22,9.0,107.0,12,23,49.0,0.1,0.28,0.28,0.1,2.0,0.7,0.37,0.67,6.0,1.49,4.0,0.7,27.0,215.0,2021
6.0,2.1,2.1,1,1,9,5.7,64.0,1,3,24.0,0.11,0.3,0.3,0.11,4.0,0.16,0.05,0.48,3.0,1.27,2.0,0.16,15.0,139.0,2223
2.0,4.1,4.1,6,6,19,9.7,82.0,6,10,30.0,0.14,0.34,0.34,0.14,4.0,0.35,0.21,0.67,19.0,1.05,2.0,0.35,20.0,179.0,2324
0.0,0.2,0.2,0,0,3,0.2,2.0,0,0,6.0,0.1,0.1,0.1,0.1,0.0,0.0,0.0,1.27,0.0,2.55,1.0,0.0,0.0,3.0,1819
0.0,2.0,2.0,4,4,4,3.7,20.0,4,9,13.0,0.08,0.15,0.15,0.08,0.0,0.36,0.16,0.16,0.0,0.52,2.0,0.36,3.0,4.0,2324
0.0,2.8,2.8,1,1,7,4.1,67.0,1,3,26.0,0.14,0.2,0.2,0.14,0.0,0.15,0.05,0.34,6.0,1.27,3.0,0.15,13.0,186.0,1819
1.0,0.8,0.8,0,0,2,1.6,33.0,0,2,13.0,0.05,0.1,0.1,0.05,1.0,0.12,0.0,0.12,2.0,0.79,1.0,0.12,6.0,97.0,2021
1.0,0.7,0.7,1,1,3,2.1,19.0,1,2,12.0,0.07,0.21,0.21,0.07,0.0,0.19,0.1,0.29,4.0,1.16,2.0,0.19,7.0,62.0,2122
1.0,1.1,1.1,1,1,1,2.2,22.0,1,1,7.0,0.16,0.31,0.31,0.16,0.0,0.14,0.14,0.14,3.0,0.98,0.0,0.14,4.0,56.0,2223
0.0,0.8,0.8,1,1,2,1.8,14.0,1,1,9.0,0.05,0.11,0.11,0.05,1.0,0.06,0.06,0.12,0.0,0.55,1.0,0.06,1.0,65.0,2324
6.0,4.0,3.2,3,3,13,5.3,40.0,3,8,37.0,0.18,0.28,0.24,0.15,0.0,0.37,0.14,0.6,5.0,1.7,6.0,0.37,3.0,107.0,2021
0.0,3.3,2.5,6,6,11,2.9,37.0,5,6,24.0,0.43,0.49,0.39,0.33,0.0,0.79,0.79,1.46,4.0,3.18,1.0,0.66,5.0,51.0,2122
17.0,10.7,10.7,10,10,39,15.7,139.0,10,16,84.0,0.41,0.6,0.6,0.41,7.0,0.62,0.39,1.5,15.0,3.24,6.0,0.62,40.0,225.0,1819
4.0,8.9,8.9,11,11,36,12.8,165.0,11,20,79.0,0.28,0.39,0.39,0.28,2.0,0.62,0.34,1.11,27.0,2.43,5.0,0.62,78.0,330.0,2021
17.0,2.9,2.9,4,4,12,5.0,69.0,4,6,22.0,0.21,0.36,0.36,0.21,5.0,0.44,0.29,0.87,15.0,1.6,2.0,0.44,26.0,118.0,2122
7.0,15.4,15.4,17,17,49,18.8,183.0,17,22,108.0,0.48,0.59,0.59,0.48,2.0,0.69,0.53,1.53,15.0,3.38,14.0,0.69,55.0,245.0,2223
2.0,7.4,5.8,7,7,19,8.1,130.0,5,9,60.0,0.29,0.38,0.32,0.23,2.0,0.36,0.28,0.75,12.0,2.38,7.0,0.28,64.0,185.0,2324
4.0,3.1,2.3,2,2,5,4.5,30.0,1,4,18.0,0.62,1.08,0.92,0.46,1.0,0.81,0.41,1.01,1.0,3.65,2.0,0.61,15.0,42.0,2425
3.0,3.9,3.9,3,3,16,9.1,94.0,3,7,53.0,0.17,0.39,0.39,0.17,5.0,0.3,0.13,0.68,3.0,2.25,5.0,0.3,25.0,171.0,2324
8.0,10.3,10.3,10,10,36,17.7,140.0,10,18,56.0,0.42,0.72,0.72,0.42,3.0,0.74,0.41,1.47,20.0,2.29,4.0,0.74,49.0,217.0,1920
3.0,8.1,8.1,8,8,21,10.5,109.0,8,11,58.0,0.42,0.55,0.55,0.42,0.0,0.57,0.42,1.09,18.0,3.02,10.0,0.57,39.0,162.0,2021
13.0,4.6,4.6,3,3,11,5.7,62.0,3,3,32.0,0.46,0.57,0.57,0.46,6.0,0.28,0.28,1.01,8.0,2.94,3.0,0.28,21.0,95.0,2122
13.0,16.5,16.5,13,13,44,21.8,175.0,13,19,92.0,0.59,0.78,0.78,0.59,7.0,0.68,0.47,1.58,18.0,3.29,7.0,0.68,47.0,170.0,2223
14.0,14.3,14.3,13,13,29,18.0,176.0,13,20,77.0,0.48,0.6,0.6,0.48,4.0,0.67,0.44,0.97,20.0,2.58,10.0,0.67,40.0,192.0,2324
3.0,12.6,11.8,18,18,40,14.7,111.0,17,22,97.0,0.45,0.56,0.53,0.42,0.0,0.79,0.65,1.44,23.0,3.48,10.0,0.75,20.0,127.0,1718
1.0,1.7,1.7,1,1,3,1.8,25.0,1,1,15.0,0.29,0.31,0.31,0.29,1.0,0.18,0.18,0.53,13.0,2.63,4.0,0.18,5.0,30.0,2021
0.0,5.5,5.5,8,8,16,6.2,32.0,8,8,43.0,0.53,0.6,0.6,0.53,1.0,0.77,0.77,1.54,4.0,4.15,5.0,0.77,3.0,38.0,1819
5.0,3.1,3.1,0,0,8,4.6,28.0,0,1,33.0,0.37,0.56,0.56,0.37,0.0,0.12,0.0,0.96,3.0,3.95,0.0,0.12,5.0,60.0,1819
0.0,7.1,7.1,5,5,25,7.8,49.0,5,5,72.0,0.46,0.5,0.5,0.46,0.0,0.32,0.32,1.6,7.0,4.62,7.0,0.32,5.0,59.0,1920
0.0,1.9,1.9,1,1,8,4.5,54.0,1,3,25.0,0.07,0.15,0.15,0.07,2.0,0.1,0.03,0.28,1.0,0.87,2.0,0.1,10.0,128.0,1819
0.0,1.2,1.2,0,0,1,2.4,40.0,0,2,14.0,0.06,0.11,0.11,0.06,2.0,0.09,0.0,0.05,0.0,0.64,2.0,0.09,2.0,80.0,1920
0.0,0.9,0.9,0,0,3,3.0,35.0,0,2,16.0,0.05,0.15,0.15,0.05,0.0,0.1,0.0,0.15,0.0,0.78,2.0,0.1,3.0,84.0,2021
3.0,4.7,4.7,7,7,16,10.9,82.0,7,14,28.0,0.25,0.59,0.59,0.25,0.0,0.75,0.38,0.86,12.0,1.51,3.0,0.75,11.0,182.0,1819
3.0,2.0,1.2,3,3,3,2.6,31.0,2,3,7.0,0.35,0.58,0.45,0.21,1.0,0.52,0.52,0.52,5.0,1.21,0.0,0.35,3.0,56.0,1920
3.0,2.9,2.9,3,3,6,5.9,42.0,3,5,13.0,0.13,0.26,0.26,0.13,2.0,0.22,0.13,0.26,1.0,0.57,2.0,0.22,2.0,118.0,2324
0.0,2.6,2.6,3,3,11,3.0,27.0,3,3,27.0,0.08,0.1,0.1,0.08,0.0,0.1,0.1,0.35,2.0,0.87,5.0,0.1,1.0,11.0,1819
1.0,0.3,0.3,0,0,2,0.4,8.0,0,0,3.0,0.02,0.03,0.03,0.02,1.0,0.0,0.0,0.15,2.0,0.22,2.0,0.0,0.0,2.0,1920
2.0,1.1,1.1,1,1,4,1.6,16.0,1,2,18.0,0.04,0.06,0.06,0.04,1.0,0.07,0.03,0.14,3.0,0.63,1.0,0.07,1.0,23.0,2021
3.0,2.2,2.2,2,2,4,2.9,27.0,2,3,17.0,0.1,0.14,0.14,0.1,2.0,0.14,0.1,0.19,1.0,0.82,4.0,0.14,2.0,21.0,2122
0.0,2.1,2.1,3,3,5,3.5,21.0,3,5,15.0,0.09,0.15,0.15,0.09,1.0,0.21,0.13,0.21,2.0,0.64,4.0,0.21,0.0,17.0,2223
0.0,1.4,1.4,0,0,4,2.2,24.0,0,1,17.0,0.05,0.08,0.08,0.05,0.0,0.04,0.0,0.14,1.0,0.6,2.0,0.04,1.0,61.0,2324
1.0,1.1,1.1,1,1,5,2.2,22.0,1,2,25.0,0.06,0.12,0.12,0.06,0.0,0.11,0.06,0.28,1.0,1.39,2.0,0.11,3.0,29.0,1819
2.0,0.7,0.7,1,1,2,1.5,11.0,1,1,19.0,0.04,0.08,0.08,0.04,0.0,0.05,0.05,0.11,0.0,1.0,2.0,0.05,1.0,15.0,2021
0.0,2.0,2.0,2,2,4,2.3,23.0,2,2,16.0,0.09,0.11,0.11,0.09,1.0,0.09,0.09,0.18,0.0,0.73,0.0,0.09,3.0,30.0,2122
0.0,0.3,0.3,0,0,2,0.6,4.0,0,1,9.0,0.02,0.04,0.04,0.02,0.0,0.07,0.0,0.14,1.0,0.62,0.0,0.07,0.0,9.0,2223
4.0,0.3,0.3,0,0,3,0.4,6.0,0,0,6.0,0.03,0.04,0.04,0.03,1.0,0.0,0.0,0.32,0.0,0.64,0.0,0.0,0.0,10.0,2223
1.0,4.6,4.6,4,4,18,6.2,51.0,4,5,48.0,0.14,0.19,0.19,0.14,3.0,0.15,0.12,0.55,8.0,1.46,4.0,0.15,3.0,49.0,2324
0.0,6.4,6.4,9,9,17,10.1,98.0,9,15,31.0,0.28,0.45,0.45,0.28,0.0,0.67,0.4,0.76,8.0,1.39,5.0,0.67,1.0,145.0,1819
6.0,9.5,9.5,9,9,17,13.3,101.0,9,14,58.0,0.35,0.5,0.5,0.35,2.0,0.52,0.34,0.63,1.0,2.16,8.0,0.52,9.0,88.0,1920
13.0,4.3,4.3,6,6,12,6.8,44.0,6,8,20.0,0.35,0.55,0.55,0.35,6.0,0.64,0.48,0.96,1.0,1.6,3.0,0.64,12.0,91.0,2021
5.0,8.7,8.7,13,13,20,14.4,109.0,13,19,49.0,0.39,0.65,0.65,0.39,2.0,0.85,0.58,0.9,6.0,2.2,6.0,0.85,18.0,142.0,2122
6.0,5.7,5.7,5,5,8,7.9,57.0,5,7,32.0,0.29,0.4,0.4,0.29,6.0,0.36,0.25,0.41,2.0,1.63,2.0,0.36,3.0,83.0,2223
3.0,7.1,5.5,6,6,16,9.6,57.0,4,12,38.0,0.31,0.49,0.42,0.24,4.0,0.53,0.26,0.7,6.0,1.67,5.0,0.44,4.0,74.0,2324
0.0,1.0,1.0,0,0,3,1.0,10.0,0,0,9.0,0.12,0.13,0.13,0.12,0.0,0.0,0.0,0.38,0.0,1.14,3.0,0.0,0.0,2.0,2122
11.0,1.5,1.5,1,1,6,2.4,18.0,1,1,17.0,0.14,0.22,0.22,0.14,1.0,0.09,0.09,0.55,3.0,1.57,1.0,0.09,5.0,71.0,2021
1.0,9.0,6.1,11,11,23,10.7,136.0,7,12,64.0,0.31,0.47,0.37,0.21,4.0,0.42,0.38,0.8,7.0,2.22,9.0,0.28,24.0,199.0,2223
7.0,1.4,1.4,1,1,6,4.9,49.0,1,5,21.0,0.1,0.32,0.32,0.1,2.0,0.33,0.07,0.4,4.0,1.4,4.0,0.33,13.0,107.0,2324
1.0,0.5,0.5,1,1,3,1.3,18.0,1,1,7.0,0.05,0.15,0.15,0.05,3.0,0.11,0.11,0.33,2.0,0.76,1.0,0.11,3.0,73.0,1819
2.0,1.1,1.1,1,1,2,3.4,41.0,1,4,14.0,0.07,0.22,0.22,0.07,2.0,0.26,0.06,0.13,1.0,0.89,2.0,0.26,5.0,96.0,1920
3.0,3.2,3.2,2,2,11,5.5,72.0,2,4,41.0,0.11,0.2,0.2,0.11,1.0,0.14,0.07,0.39,6.0,1.45,5.0,0.14,18.0,132.0,2021
1.0,2.0,2.0,3,3,10,2.9,55.0,3,4,20.0,0.13,0.2,0.2,0.13,1.0,0.27,0.2,0.68,4.0,1.36,6.0,0.27,14.0,112.0,2122
0.0,1.2,1.2,1,1,6,4.0,50.0,1,2,23.0,0.07,0.23,0.23,0.07,1.0,0.11,0.06,0.34,3.0,1.32,1.0,0.11,13.0,151.0,2223
1.0,0.6,0.6,0,0,1,2.2,22.0,0,1,9.0,0.04,0.17,0.17,0.04,3.0,0.08,0.0,0.08,1.0,0.69,1.0,0.08,3.0,79.0,2324
3.0,7.8,7.8,6,6,16,9.4,104.0,6,8,61.0,0.28,0.34,0.34,0.28,1.0,0.29,0.22,0.58,23.0,2.22,4.0,0.29,9.0,178.0,1819
4.0,3.7,0.5,5,5,4,2.4,21.0,1,10,13.0,0.14,0.22,0.09,0.02,3.0,0.39,0.2,0.16,1.0,0.51,1.0,0.24,4.0,47.0,1819
0.0,2.9,0.6,4,4,3,3.6,27.0,1,7,14.0,0.1,0.2,0.12,0.02,0.0,0.24,0.13,0.1,1.0,0.47,0.0,0.13,5.0,53.0,1920
5.0,4.7,4.7,2,2,15,6.3,66.0,2,3,39.0,0.3,0.4,0.4,0.3,5.0,0.19,0.13,0.96,11.0,2.49,2.0,0.19,6.0,94.0,1819
0.0,6.5,4.7,5,5,15,9.0,43.0,4,10,41.0,0.51,0.84,0.7,0.36,0.0,0.77,0.39,1.16,3.0,3.18,7.0,0.7,3.0,67.0,1920
3.0,0.9,0.9,0,0,2,1.1,14.0,0,0,7.0,0.23,0.28,0.28,0.23,1.0,0.0,0.0,0.51,2.0,1.78,1.0,0.0,2.0,23.0,1920
5.0,3.2,3.2,3,3,10,5.1,40.0,3,4,35.0,0.19,0.31,0.31,0.19,8.0,0.24,0.18,0.6,10.0,2.11,4.0,0.24,6.0,69.0,2021
0.0,5.2,5.2,5,5,20,11.9,89.0,5,13,70.0,0.23,0.53,0.53,0.23,0.0,0.58,0.22,0.89,11.0,3.11,5.0,0.58,15.0,160.0,2122
14.0,8.9,8.1,10,10,31,12.5,126.0,9,14,61.0,0.4,0.6,0.56,0.37,1.0,0.63,0.45,1.4,21.0,2.76,7.0,0.59,24.0,195.0,1819
10.0,14.7,12.5,14,14,32,16.3,154.0,12,15,89.0,0.49,0.62,0.54,0.42,0.0,0.5,0.47,1.07,14.0,2.97,9.0,0.43,16.0,221.0,2122
5.0,7.2,4.8,10,10,15,6.7,57.0,7,10,28.0,0.42,0.53,0.39,0.28,3.0,0.59,0.59,0.88,11.0,1.65,2.0,0.41,6.0,116.0,2223
4.0,5.0,5.0,5,5,9,7.6,41.0,5,8,17.0,0.56,0.85,0.85,0.56,2.0,0.9,0.56,1.01,8.0,1.91,1.0,0.9,4.0,77.0,2324
4.0,4.4,4.4,5,5,20,6.1,44.0,5,6,46.0,0.22,0.31,0.31,0.22,1.0,0.3,0.25,1.01,0.0,2.33,5.0,0.3,13.0,43.0,1819
0.0,0.4,0.4,2,2,4,1.7,13.0,2,4,9.0,0.04,0.21,0.21,0.04,0.0,0.49,0.24,0.49,0.0,1.1,0.0,0.49,6.0,46.0,1819
3.0,1.6,1.6,1,1,7,2.6,39.0,1,2,19.0,0.19,0.32,0.32,0.19,2.0,0.24,0.12,0.84,0.0,2.28,3.0,0.24,13.0,68.0,1819
3.0,2.6,2.6,3,3,11,4.5,43.0,3,5,29.0,0.17,0.29,0.29,0.17,0.0,0.32,0.19,0.7,2.0,1.84,0.0,0.32,15.0,102.0,2021
0.0,2.0,2.0,3,3,11,3.2,49.0,3,3,21.0,0.16,0.25,0.25,0.16,0.0,0.23,0.23,0.86,2.0,1.64,3.0,0.23,19.0,102.0,2122
1.0,0.2,0.2,1,1,2,0.2,4.0,1,1,6.0,0.05,0.05,0.05,0.05,1.0,0.27,0.27,0.54,0.0,1.62,0.0,0.27,0.0,4.0,1819
0.0,1.9,1.9,1,1,8,4.0,30.0,1,2,30.0,0.07,0.15,0.15,0.07,0.0,0.08,0.04,0.31,0.0,1.17,6.0,0.08,8.0,78.0,1920
0.0,0.7,0.7,0,0,1,1.3,5.0,0,0,4.0,0.04,0.06,0.06,0.04,0.0,0.0,0.0,0.05,0.0,0.2,1.0,0.0,0.0,1.0,1920
0.0,0.3,0.3,0,0,2,0.3,7.0,0,0,4.0,0.01,0.02,0.02,0.01,0.0,0.0,0.0,0.1,0.0,0.21,0.0,0.0,0.0,1.0,2021
3.0,1.9,1.9,3,3,3,2.6,17.0,3,4,11.0,0.11,0.16,0.16,0.11,1.0,0.24,0.18,0.18,0.0,0.67,2.0,0.24,1.0,9.0,1920
5.0,2.2,2.2,3,3,8,2.5,28.0,3,4,15.0,0.09,0.1,0.1,0.09,0.0,0.17,0.13,0.34,1.0,0.63,1.0,0.17,0.0,7.0,2021
0.0,2.1,2.1,2,2,4,2.6,39.0,2,2,18.0,0.07,0.09,0.09,0.07,0.0,0.07,0.07,0.13,0.0,0.6,3.0,0.07,2.0,15.0,2223
0.0,0.3,0.3,0,0,1,1.0,8.0,0,0,5.0,0.15,0.58,0.58,0.15,1.0,0.0,0.0,0.58,1.0,2.92,0.0,0.0,1.0,11.0,2324
5.0,1.0,1.0,1,1,3,1.3,15.0,1,1,12.0,0.05,0.06,0.06,0.05,1.0,0.05,0.05,0.14,1.0,0.56,1.0,0.05,1.0,14.0,2021
7.0,4.0,4.0,5,5,13,5.2,37.0,5,6,32.0,0.19,0.25,0.25,0.19,3.0,0.29,0.24,0.62,2.0,1.53,4.0,0.29,2.0,21.0,2122
4.0,9.4,9.4,7,7,23,12.5,94.0,7,10,68.0,0.31,0.42,0.42,0.31,3.0,0.33,0.23,0.77,2.0,2.27,5.0,0.33,9.0,87.0,2223
2.0,6.2,6.2,4,4,16,7.2,72.0,4,7,44.0,0.26,0.3,0.3,0.26,1.0,0.29,0.17,0.66,3.0,1.82,4.0,0.29,1.0,81.0,2324
2.0,1.8,1.0,2,2,7,3.0,25.0,1,5,27.0,0.05,0.11,0.09,0.03,5.0,0.15,0.06,0.21,1.0,0.82,2.0,0.12,2.0,40.0,1819
1.0,1.2,1.2,2,2,5,3.0,17.0,2,7,31.0,0.04,0.1,0.1,0.04,1.0,0.23,0.07,0.17,1.0,1.03,1.0,0.23,0.0,46.0,1920
3.0,0.6,0.6,1,1,3,1.6,13.0,1,2,17.0,0.02,0.05,0.05,0.02,0.0,0.06,0.03,0.09,0.0,0.51,0.0,0.06,5.0,34.0,2021
3.0,2.0,2.0,3,3,5,2.3,19.0,3,3,23.0,0.07,0.08,0.08,0.07,1.0,0.11,0.11,0.18,0.0,0.81,1.0,0.11,2.0,30.0,2122
0.0,1.1,1.1,3,3,5,2.9,21.0,3,4,19.0,0.03,0.09,0.09,0.03,5.0,0.12,0.09,0.15,1.0,0.58,1.0,0.12,2.0,23.0,2223
4.0,0.6,0.6,0,0,3,1.8,4.0,0,5,16.0,0.02,0.06,0.06,0.02,4.0,0.17,0.0,0.1,3.0,0.55,2.0,0.17,0.0,22.0,2324
0.0,0.8,0.8,1,1,1,1.5,9.0,1,2,3.0,0.03,0.07,0.07,0.03,1.0,0.09,0.04,0.04,1.0,0.13,0.0,0.09,2.0,49.0,1920
4.0,4.0,4.0,4,4,9,6.3,31.0,4,7,23.0,0.39,0.62,0.62,0.39,5.0,0.69,0.39,0.89,4.0,2.26,1.0,0.69,2.0,56.0,1718
6.0,2.7,2.7,1,1,8,3.2,24.0,1,1,13.0,0.59,0.71,0.71,0.59,1.0,0.22,0.22,1.77,1.0,2.87,2.0,0.22,6.0,30.0,1920
2.0,7.1,6.3,6,6,17,8.5,63.0,6,7,41.0,0.33,0.43,0.39,0.29,2.0,0.33,0.28,0.79,9.0,1.91,7.0,0.33,12.0,80.0,1920
2.0,5.4,4.6,2,2,7,6.9,70.0,2,4,22.0,0.41,0.59,0.53,0.35,1.0,0.31,0.15,0.54,15.0,1.69,1.0,0.31,14.0,91.0,2021
0.0,1.0,1.0,1,1,3,1.0,15.0,1,1,8.0,0.03,0.03,0.03,0.03,0.0,0.03,0.03,0.1,0.0,0.28,1.0,0.03,1.0,11.0,2324
0.0,5.8,5.8,4,4,17,7.5,56.0,4,6,28.0,0.63,0.81,0.81,0.63,0.0,0.65,0.43,1.85,8.0,3.04,4.0,0.65,9.0,97.0,1819
2.0,3.8,3.8,8,8,16,4.8,54.0,8,9,44.0,0.13,0.16,0.16,0.13,1.0,0.3,0.26,0.53,2.0,1.46,9.0,0.3,2.0,35.0,1920
0.0,1.5,1.5,1,1,4,1.5,5.0,1,1,9.0,0.2,0.21,0.21,0.2,0.0,0.14,0.14,0.55,1.0,1.24,0.0,0.14,2.0,12.0,2122
0.0,0.2,0.2,0,0,2,0.5,3.0,0,0,5.0,0.03,0.08,0.08,0.03,0.0,0.0,0.0,0.34,0.0,0.86,1.0,0.0,1.0,10.0,2223
0.0,0.2,0.2,0,0,1,0.2,1.0,0,0,3.0,0.03,0.03,0.03,0.03,0.0,0.0,0.0,0.16,0.0,0.48,1.0,0.0,0.0,5.0,2324
0.0,0.4,0.4,0,0,1,0.5,6.0,0,0,3.0,0.03,0.04,0.04,0.03,1.0,0.0,0.0,0.08,0.0,0.24,0.0,0.0,0.0,1.0,1819
4.0,3.9,3.9,2,2,10,5.1,77.0,2,3,38.0,0.2,0.27,0.27,0.2,4.0,0.16,0.11,0.53,5.0,2.01,5.0,0.16,12.0,127.0,2223
0.0,6.1,6.1,4,4,20,9.0,99.0,4,8,63.0,0.29,0.43,0.43,0.29,0.0,0.39,0.19,0.97,2.0,3.04,7.0,0.39,12.0,121.0,2324
1.0,4.1,4.1,9,9,16,6.6,60.0,9,9,36.0,0.25,0.4,0.4,0.25,2.0,0.55,0.55,0.97,5.0,2.18,7.0,0.55,8.0,116.0,1819
9.0,1.6,1.6,1,1,8,3.2,42.0,1,3,17.0,0.12,0.24,0.24,0.12,7.0,0.23,0.08,0.6,1.0,1.28,2.0,0.23,11.0,61.0,1920
21.0,5.3,4.6,9,9,17,8.2,121.0,8,16,46.0,0.2,0.33,0.3,0.17,3.0,0.59,0.33,0.63,9.0,1.7,8.0,0.55,17.0,188.0,2021
2.0,5.2,5.2,7,7,16,7.8,87.0,7,10,38.0,0.31,0.46,0.46,0.31,1.0,0.59,0.41,0.94,9.0,2.24,6.0,0.59,9.0,112.0,2324
1.0,3.0,3.0,4,4,16,9.5,62.0,4,10,50.0,0.11,0.34,0.34,0.11,2.0,0.36,0.14,0.57,0.0,1.78,4.0,0.36,22.0,121.0,1920
15.0,4.8,4.8,7,7,21,11.1,59.0,7,11,53.0,0.15,0.36,0.36,0.15,7.0,0.36,0.23,0.68,3.0,1.71,9.0,0.36,10.0,146.0,2122
0.0,0.3,0.3,0,0,1,0.4,4.0,0,0,4.0,0.05,0.05,0.05,0.05,0.0,0.0,0.0,0.14,0.0,0.57,0.0,0.0,0.0,5.0,1819
0.0,1.7,1.7,2,2,6,3.0,24.0,2,4,15.0,0.07,0.12,0.12,0.07,0.0,0.16,0.08,0.24,0.0,0.6,2.0,0.16,1.0,60.0,2021
0.0,1.2,1.2,0,0,4,3.3,19.0,0,1,11.0,0.2,0.54,0.54,0.2,0.0,0.16,0.0,0.66,2.0,1.8,0.0,0.16,4.0,58.0,2021
0.0,0.2,0.2,0,0,5,2.2,20.0,0,4,8.0,0.01,0.09,0.09,0.01,1.0,0.17,0.0,0.21,1.0,0.33,1.0,0.17,2.0,65.0,1718
0.0,1.5,1.5,0,0,3,3.3,35.0,0,1,8.0,0.07,0.16,0.16,0.07,0.0,0.05,0.0,0.14,4.0,0.38,1.0,0.05,7.0,117.0,1920
2.0,0.7,0.7,0,0,1,1.3,12.0,0,0,7.0,0.03,0.06,0.06,0.03,1.0,0.0,0.0,0.05,0.0,0.33,1.0,0.0,1.0,11.0,2021
1.0,2.2,2.2,2,2,9,2.8,31.0,2,3,20.0,0.08,0.1,0.1,0.08,3.0,0.1,0.07,0.31,3.0,0.69,1.0,0.1,2.0,23.0,2122
4.0,1.9,1.9,1,1,2,3.9,18.0,1,4,13.0,0.06,0.11,0.11,0.06,1.0,0.12,0.03,0.06,1.0,0.38,1.0,0.12,3.0,29.0,2223
2.0,2.7,2.7,4,4,11,4.1,32.0,4,5,22.0,0.09,0.14,0.14,0.09,1.0,0.17,0.14,0.37,0.0,0.75,4.0,0.17,5.0,27.0,2324
0.0,0.0,0.0,0,0,1,0.1,1.0,0,0,2.0,0.01,0.01,0.01,0.01,0.0,0.0,0.0,0.12,0.0,0.24,0.0,0.0,0.0,2.0,2021
0.0,0.9,0.9,0,0,3,3.5,50.0,0,2,14.0,0.05,0.17,0.17,0.05,0.0,0.1,0.0,0.15,4.0,0.68,1.0,0.1,13.0,177.0,2324
8.0,12.8,7.9,12,12,32,15.7,110.0,7,21,74.0,0.43,0.69,0.52,0.26,8.0,0.7,0.4,1.07,18.0,2.47,9.0,0.53,7.0,150.0,2324
0.0,0.3,0.3,0,0,1,0.3,9.0,0,0,5.0,0.05,0.05,0.05,0.05,0.0,0.0,0.0,0.15,1.0,0.75,0.0,0.0,0.0,4.0,2122
0.0,0.9,0.9,1,1,4,1.3,21.0,1,1,9.0,0.06,0.09,0.09,0.06,0.0,0.07,0.07,0.29,0.0,0.65,0.0,0.07,0.0,6.0,2223
0.0,0.6,0.6,0,0,2,0.7,17.0,0,0,12.0,0.03,0.04,0.04,0.03,1.0,0.0,0.0,0.11,0.0,0.69,2.0,0.0,1.0,4.0,2324
0.0,0.5,0.5,0,0,1,4.8,2.0,0,3,7.0,0.03,0.26,0.26,0.03,2.0,0.16,0.0,0.05,0.0,0.38,1.0,0.16,0.0,37.0,2122
0.0,1.2,1.2,1,1,4,4.0,27.0,1,2,17.0,0.05,0.17,0.17,0.05,0.0,0.08,0.04,0.17,0.0,0.72,2.0,0.08,6.0,81.0,2324
0.0,1.6,1.6,1,1,1,2.5,29.0,1,1,9.0,0.08,0.13,0.13,0.08,0.0,0.05,0.05,0.05,4.0,0.47,3.0,0.05,4.0,88.0,2021
0.0,3.9,3.9,8,8,15,5.3,71.0,8,9,32.0,0.14,0.19,0.19,0.14,0.0,0.32,0.28,0.53,12.0,1.14,2.0,0.32,10.0,121.0,2122
7.0,2.9,2.9,10,10,20,3.9,58.0,10,11,39.0,0.2,0.27,0.27,0.2,2.0,0.75,0.68,1.36,3.0,2.66,1.0,0.75,17.0,116.0,1920
5.0,6.0,6.0,7,7,23,8.2,100.0,7,9,67.0,0.29,0.4,0.4,0.29,1.0,0.44,0.35,1.14,4.0,3.31,8.0,0.44,35.0,175.0,2021
8.0,4.3,4.3,5,5,18,6.1,60.0,5,6,48.0,0.3,0.43,0.43,0.3,6.0,0.42,0.35,1.27,3.0,3.4,2.0,0.42,23.0,109.0,2122
21.0,8.8,6.4,8,8,31,11.0,124.0,6,14,99.0,0.3,0.45,0.37,0.22,5.0,0.47,0.27,1.05,1.0,3.35,11.0,0.41,70.0,239.0,2324
1.0,1.7,1.7,0,0,5,2.4,16.0,0,3,11.0,0.08,0.1,0.1,0.08,0.0,0.13,0.0,0.22,1.0,0.48,5.0,0.13,1.0,4.0,1920
2.0,1.0,1.0,1,1,3,1.7,8.0,1,1,5.0,0.04,0.07,0.07,0.04,1.0,0.04,0.04,0.12,1.0,0.2,0.0,0.04,0.0,36.0,2021
0.0,1.3,1.3,2,2,2,1.4,14.0,2,3,7.0,0.06,0.06,0.06,0.06,0.0,0.13,0.08,0.08,0.0,0.3,0.0,0.13,1.0,2.0,2122
11.0,6.3,5.5,6,6,25,13.7,127.0,5,11,81.0,0.2,0.45,0.43,0.17,10.0,0.34,0.19,0.78,4.0,2.52,7.0,0.31,37.0,225.0,2021
3.0,8.0,7.2,11,11,27,14.0,137.0,10,21,75.0,0.31,0.56,0.53,0.28,2.0,0.8,0.42,1.03,5.0,2.86,10.0,0.76,26.0,276.0,2122
1.0,2.0,2.0,3,3,9,5.0,56.0,3,5,33.0,0.11,0.27,0.27,0.11,0.0,0.27,0.16,0.49,1.0,1.8,2.0,0.27,11.0,114.0,2223
1.0,0.4,0.4,1,1,1,0.7,17.0,1,1,5.0,0.07,0.13,0.13,0.07,0.0,0.17,0.17,0.17,0.0,0.87,0.0,0.17,2.0,34.0,2324
1.0,2.1,2.1,2,2,4,3.9,31.0,2,3,12.0,0.09,0.16,0.16,0.09,1.0,0.13,0.08,0.17,2.0,0.51,2.0,0.13,4.0,90.0,2021
0.0,0.7,0.7,1,1,2,0.8,13.0,1,2,5.0,0.06,0.07,0.07,0.06,1.0,0.17,0.08,0.17,0.0,0.42,0.0,0.17,4.0,45.0,2122
0.0,0.4,0.4,0,0,2,0.8,6.0,0,1,9.0,0.03,0.07,0.07,0.03,2.0,0.09,0.0,0.18,0.0,0.82,1.0,0.09,0.0,16.0,1718
0.0,0.9,0.9,1,1,5,2.7,14.0,1,4,21.0,0.04,0.12,0.12,0.04,1.0,0.17,0.04,0.22,0.0,0.91,1.0,0.17,5.0,31.0,1920
2.0,1.0,1.0,0,0,4,2.7,15.0,0,1,23.0,0.05,0.13,0.13,0.05,5.0,0.05,0.0,0.2,0.0,1.14,1.0,0.05,3.0,37.0,2021
1.0,1.6,1.6,2,2,6,4.7,15.0,2,7,22.0,0.09,0.27,0.27,0.09,2.0,0.4,0.12,0.35,0.0,1.27,3.0,0.4,3.0,37.0,2122
1.0,1.8,1.8,1,1,1,3.9,12.0,1,3,23.0,0.09,0.2,0.2,0.09,0.0,0.16,0.05,0.05,0.0,1.21,4.0,0.16,2.0,30.0,2223
6.0,1.3,1.3,1,1,5,2.9,16.0,1,1,22.0,0.07,0.17,0.17,0.07,2.0,0.06,0.06,0.29,0.0,1.28,4.0,0.06,1.0,38.0,2324
0.0,3.6,3.6,2,2,8,3.8,25.0,2,3,18.0,0.13,0.14,0.14,0.13,0.0,0.11,0.07,0.29,0.0,0.65,3.0,0.11,0.0,4.0,1819
0.0,0.4,0.4,0,0,1,0.8,1.0,0,1,2.0,0.18,0.38,0.38,0.18,2.0,0.46,0.0,0.46,0.0,0.91,0.0,0.46,0.0,15.0,1920
0.0,0.0,0.0,0,0,1,0.1,2.0,0,0,1.0,0.03,0.09,0.09,0.03,0.0,0.0,0.0,0.82,1.0,0.82,0.0,0.0,0.0,4.0,2324
0.0,2.8,2.8,1,1,18,5.0,53.0,1,3,42.0,0.12,0.22,0.22,0.12,0.0,0.13,0.04,0.78,2.0,1.82,4.0,0.13,9.0,129.0,2122
5.0,4.2,4.2,2,2,10,4.9,48.0,2,2,34.0,0.44,0.52,0.52,0.44,0.0,0.21,0.21,1.06,5.0,3.59,2.0,0.21,10.0,75.0,1819
0.0,3.3,3.3,5,5,15,3.8,24.0,5,5,35.0,0.4,0.46,0.46,0.4,1.0,0.6,0.6,1.81,2.0,4.23,3.0,0.6,11.0,30.0,1920
7.0,2.0,2.0,0,0,7,2.9,21.0,0,1,16.0,0.64,0.93,0.93,0.64,4.0,0.32,0.0,2.26,3.0,5.16,4.0,0.32,5.0,13.0,1920
6.0,8.4,6.1,7,7,31,10.6,85.0,5,11,67.0,0.35,0.54,0.44,0.25,4.0,0.46,0.29,1.3,5.0,2.81,7.0,0.38,46.0,137.0,2021
0.0,5.8,5.8,6,6,14,8.0,60.0,6,10,37.0,0.49,0.68,0.68,0.49,1.0,0.85,0.51,1.19,1.0,3.13,3.0,0.85,8.0,61.0,2122
12.0,1.4,1.4,0,0,8,2.2,22.0,0,2,12.0,0.34,0.53,0.53,0.34,7.0,0.48,0.0,1.91,1.0,2.86,2.0,0.48,4.0,19.0,2223
15.0,9.5,8.7,12,12,36,11.9,121.0,11,19,72.0,0.35,0.47,0.44,0.32,6.0,0.7,0.44,1.33,4.0,2.66,8.0,0.66,38.0,139.0,2324
2.0,2.9,2.9,4,4,12,4.6,31.0,4,5,25.0,0.13,0.21,0.21,0.13,2.0,0.23,0.18,0.55,1.0,1.16,2.0,0.23,3.0,68.0,2223
0.0,0.8,0.8,0,0,4,2.0,36.0,0,2,9.0,0.11,0.27,0.27,0.11,0.0,0.27,0.0,0.54,2.0,1.23,1.0,0.27,10.0,58.0,2324
11.0,2.3,2.3,3,3,10,3.7,18.0,3,5,29.0,0.16,0.27,0.27,0.16,6.0,0.37,0.22,0.73,1.0,2.12,2.0,0.37,6.0,73.0,1819
0.0,2.7,2.7,2,2,9,3.7,41.0,2,2,22.0,0.26,0.35,0.35,0.26,0.0,0.19,0.19,0.86,4.0,2.1,3.0,0.19,6.0,92.0,1819
0.0,0.1,0.1,0,0,1,0.2,4.0,0,0,4.0,0.06,0.08,0.08,0.06,1.0,0.0,0.0,0.38,0.0,1.53,0.0,0.0,0.0,10.0,1819
0.0,0.7,0.7,3,3,7,4.7,21.0,3,6,14.0,0.03,0.19,0.19,0.03,2.0,0.25,0.12,0.29,2.0,0.57,0.0,0.25,3.0,66.0,2324
0.0,0.1,0.1,1,1,1,0.4,5.0,1,1,2.0,0.02,0.07,0.07,0.02,0.0,0.17,0.17,0.17,0.0,0.35,1.0,0.17,0.0,1.0,2122
1.0,0.9,0.9,0,0,1,1.1,12.0,0,0,5.0,0.07,0.09,0.09,0.07,0.0,0.0,0.0,0.08,2.0,0.41,0.0,0.0,0.0,1.0,2223
4.0,2.1,2.1,4,4,10,2.7,27.0,4,5,28.0,0.13,0.16,0.16,0.13,2.0,0.31,0.25,0.61,2.0,1.72,2.0,0.31,6.0,87.0,2021
2.0,2.6,2.6,4,4,6,4.1,19.0,4,6,19.0,0.23,0.35,0.35,0.23,1.0,0.52,0.35,0.52,1.0,1.64,2.0,0.52,5.0,73.0,2122
3.0,1.4,1.4,2,2,9,3.0,41.0,2,3,21.0,0.1,0.21,0.21,0.1,2.0,0.21,0.14,0.64,1.0,1.5,1.0,0.21,7.0,98.0,2223
2.0,3.5,3.5,3,3,16,5.2,45.0,3,5,36.0,0.27,0.4,0.4,0.27,7.0,0.38,0.23,1.21,6.0,2.73,1.0,0.38,3.0,95.0,2324
1.0,0.9,0.9,1,1,5,1.9,29.0,1,1,13.0,0.08,0.16,0.16,0.08,0.0,0.08,0.08,0.42,1.0,1.09,1.0,0.08,2.0,50.0,1819
4.0,2.7,1.9,1,1,12,4.0,26.0,0,3,38.0,0.26,0.47,0.39,0.18,2.0,0.29,0.1,1.17,1.0,3.7,4.0,0.19,9.0,75.0,1920
0.0,2.7,2.7,4,4,21,5.3,44.0,4,6,60.0,0.12,0.23,0.23,0.12,0.0,0.26,0.17,0.91,5.0,2.6,1.0,0.26,14.0,111.0,2021
1.0,0.4,0.4,0,0,2,0.5,6.0,0,0,6.0,0.19,0.24,0.24,0.19,0.0,0.0,0.0,0.94,0.0,2.81,0.0,0.0,0.0,13.0,2122
1.0,2.3,2.3,4,4,9,4.6,36.0,4,7,14.0,0.1,0.21,0.21,0.1,1.0,0.32,0.19,0.42,7.0,0.65,3.0,0.32,0.0,105.0,1819
2.0,1.4,1.4,1,1,3,2.4,18.0,1,2,13.0,0.07,0.12,0.12,0.07,1.0,0.1,0.05,0.15,2.0,0.66,1.0,0.1,1.0,66.0,1920
1.0,2.5,2.5,4,4,9,7.4,79.0,4,6,23.0,0.09,0.27,0.27,0.09,2.0,0.22,0.15,0.33,19.0,0.84,0.0,0.22,19.0,256.0,1819
7.0,2.7,2.7,5,5,11,3.3,37.0,5,5,20.0,0.58,0.72,0.72,0.58,5.0,1.08,1.08,2.37,4.0,4.32,3.0,1.08,6.0,59.0,2223
2.0,3.7,3.7,7,7,18,6.0,80.0,7,12,43.0,0.32,0.52,0.52,0.32,1.0,1.03,0.6,1.54,3.0,3.69,8.0,1.03,31.0,122.0,2324
0.0,0.4,0.4,0,0,3,1.3,24.0,0,1,6.0,0.04,0.12,0.12,0.04,1.0,0.09,0.0,0.27,1.0,0.54,1.0,0.09,5.0,41.0,1819
0.0,0.6,0.6,0,0,1,1.4,30.0,0,1,6.0,0.03,0.07,0.07,0.03,0.0,0.05,0.0,0.05,3.0,0.29,0.0,0.05,5.0,30.0,1920
1.0,2.5,2.5,0,0,4,4.6,62.0,0,0,19.0,0.09,0.16,0.16,0.09,3.0,0.0,0.0,0.14,2.0,0.65,1.0,0.0,10.0,59.0,2021
1.0,0.7,0.7,2,2,4,2.8,40.0,2,4,9.0,0.04,0.16,0.16,0.04,1.0,0.22,0.11,0.22,2.0,0.49,1.0,0.22,9.0,68.0,2223
0.0,0.5,0.5,1,1,1,1.4,41.0,1,2,12.0,0.03,0.08,0.08,0.03,2.0,0.11,0.06,0.06,1.0,0.69,3.0,0.11,1.0,93.0,2324
0.0,1.1,1.1,0,0,3,1.3,12.0,0,0,12.0,0.07,0.09,0.09,0.07,0.0,0.0,0.0,0.2,0.0,0.79,2.0,0.0,0.0,0.0,1920
1.0,2.4,2.4,1,1,5,3.4,25.0,1,2,19.0,0.12,0.17,0.17,0.12,3.0,0.1,0.05,0.25,1.0,0.96,2.0,0.1,0.0,6.0,1819
1.0,4.6,4.6,5,5,16,5.4,45.0,5,5,30.0,0.15,0.17,0.17,0.15,2.0,0.16,0.16,0.51,7.0,0.96,2.0,0.16,1.0,7.0,2021
1.0,0.9,0.9,1,1,3,1.6,15.0,1,3,12.0,0.05,0.08,0.08,0.05,0.0,0.15,0.05,0.15,1.0,0.61,2.0,0.15,0.0,4.0,2122
3.0,2.2,2.2,1,1,3,3.3,31.0,1,1,17.0,0.1,0.15,0.15,0.1,0.0,0.04,0.04,0.13,2.0,0.76,4.0,0.04,0.0,6.0,2223
0.0,3.2,3.2,3,3,6,4.1,20.0,3,3,16.0,0.18,0.23,0.23,0.18,0.0,0.17,0.17,0.34,0.0,0.91,3.0,0.17,1.0,1.0,2324
0.0,6.9,6.9,4,4,15,9.1,89.0,4,7,35.0,0.22,0.29,0.29,0.22,2.0,0.22,0.13,0.48,3.0,1.11,10.0,0.22,10.0,155.0,1920
2.0,0.4,0.4,0,0,1,1.1,15.0,0,2,3.0,0.03,0.08,0.08,0.03,4.0,0.15,0.0,0.07,0.0,0.22,0.0,0.15,1.0,68.0,2021
1.0,2.5,2.5,2,2,6,4.5,32.0,2,6,16.0,0.25,0.46,0.46,0.25,0.0,0.62,0.21,0.62,0.0,1.65,5.0,0.62,9.0,80.0,2122
0.0,0.8,0.8,1,1,2,1.0,24.0,1,1,10.0,0.1,0.14,0.14,0.1,0.0,0.13,0.13,0.27,0.0,1.35,2.0,0.13,2.0,57.0,2223
2.0,0.8,0.8,1,1,3,2.2,31.0,1,1,9.0,0.07,0.17,0.17,0.07,1.0,0.08,0.08,0.23,5.0,0.7,0.0,0.08,3.0,64.0,2324
2.0,5.1,3.6,2,2,8,8.9,50.0,1,10,39.0,0.16,0.32,0.27,0.11,1.0,0.31,0.06,0.25,1.0,1.2,5.0,0.28,3.0,131.0,1819
0.0,1.7,0.9,2,2,7,3.2,14.0,2,3,25.0,0.12,0.28,0.22,0.06,2.0,0.21,0.14,0.48,0.0,1.71,2.0,0.21,2.0,43.0,1920
0.0,0.4,0.4,0,0,1,2.6,10.0,0,2,11.0,0.03,0.17,0.17,0.03,2.0,0.13,0.0,0.07,1.0,0.73,1.0,0.13,2.0,42.0,2021
0.0,0.7,0.7,0,0,1,2.7,7.0,0,2,10.0,0.05,0.18,0.18,0.05,0.0,0.13,0.0,0.07,0.0,0.67,2.0,0.13,1.0,40.0,2122
1.0,0.5,0.5,1,1,3,2.8,28.0,1,4,11.0,0.04,0.21,0.21,0.04,2.0,0.3,0.08,0.23,1.0,0.83,2.0,0.3,6.0,89.0,1819
0.0,0.4,0.4,1,1,4,3.0,26.0,1,3,7.0,0.02,0.12,0.12,0.02,2.0,0.12,0.04,0.16,0.0,0.27,1.0,0.12,5.0,81.0,1920
4.0,0.4,0.4,0,0,1,0.8,16.0,0,0,6.0,0.14,0.28,0.28,0.14,3.0,0.0,0.0,0.35,5.0,2.11,1.0,0.0,9.0,33.0,2223
3.0,4.7,4.7,4,4,12,7.6,78.0,4,7,40.0,0.24,0.38,0.38,0.24,0.0,0.35,0.2,0.6,13.0,2.01,6.0,0.35,28.0,138.0,2324
1.0,0.0,0.0,0,0,1,0.1,0.0,0,0,1.0,0.01,0.02,0.02,0.01,1.0,0.0,0.0,0.2,1.0,0.2,0.0,0.0,0.0,18.0,1819
3.0,0.8,0.8,1,1,2,1.7,29.0,1,2,8.0,0.03,0.06,0.06,0.03,3.0,0.07,0.03,0.07,3.0,0.27,1.0,0.07,6.0,95.0,1920
0.0,1.5,1.5,3,3,4,2.4,26.0,3,6,9.0,0.12,0.19,0.19,0.12,0.0,0.47,0.23,0.31,2.0,0.7,1.0,0.47,5.0,79.0,2021
1.0,0.7,0.7,2,2,4,2.7,29.0,2,3,8.0,0.04,0.16,0.16,0.04,2.0,0.18,0.12,0.24,0.0,0.48,2.0,0.18,8.0,96.0,2122
2.0,1.0,1.0,1,1,1,2.9,23.0,1,3,7.0,0.04,0.13,0.13,0.04,1.0,0.13,0.04,0.04,3.0,0.31,0.0,0.13,4.0,96.0,2223
3.0,1.2,1.2,2,2,5,3.0,27.0,2,3,10.0,0.04,0.11,0.11,0.04,2.0,0.11,0.07,0.19,1.0,0.37,2.0,0.11,2.0,82.0,2324
2.0,1.6,1.6,2,2,5,1.9,21.0,2,3,11.0,0.11,0.14,0.14,0.11,0.0,0.21,0.14,0.35,0.0,0.78,2.0,0.21,0.0,2.0,2324
0.0,0.5,0.5,0,0,1,0.7,6.0,0,0,6.0,0.03,0.05,0.05,0.03,0.0,0.0,0.0,0.07,0.0,0.44,1.0,0.0,0.0,2.0,2122
2.0,4.9,4.9,7,7,12,6.7,76.0,7,7,30.0,0.18,0.24,0.24,0.18,2.0,0.25,0.25,0.43,6.0,1.08,4.0,0.25,9.0,140.0,1920
1.0,2.4,2.4,2,2,10,4.9,63.0,2,4,22.0,0.13,0.27,0.27,0.13,1.0,0.22,0.11,0.55,1.0,1.2,3.0,0.22,8.0,104.0,2021
5.0,2.4,2.4,1,1,9,3.8,54.0,1,2,28.0,0.15,0.24,0.24,0.15,3.0,0.13,0.06,0.56,4.0,1.75,2.0,0.13,9.0,102.0,2122
6.0,5.1,2.8,5,5,6,4.9,51.0,2,8,25.0,0.16,0.22,0.15,0.08,3.0,0.25,0.15,0.18,1.0,0.77,0.0,0.15,6.0,88.0,2223
0.0,4.6,4.6,5,5,23,10.2,92.0,5,11,79.0,0.16,0.36,0.36,0.16,0.0,0.39,0.18,0.81,2.0,2.79,7.0,0.39,33.0,303.0,1819
2.0,0.7,0.7,0,0,4,1.4,18.0,0,0,15.0,0.23,0.49,0.49,0.23,2.0,0.0,0.0,1.39,1.0,5.21,2.0,0.0,9.0,29.0,1920
9.0,1.5,1.5,2,2,8,3.0,30.0,2,4,19.0,0.18,0.37,0.37,0.18,4.0,0.48,0.24,0.97,0.0,2.3,2.0,0.48,14.0,77.0,1920
3.0,5.2,5.2,9,9,19,9.1,77.0,9,13,63.0,0.25,0.43,0.43,0.25,4.0,0.61,0.42,0.9,0.0,2.97,4.0,0.61,29.0,197.0,2021
3.0,2.6,2.6,3,3,11,5.6,81.0,3,7,42.0,0.14,0.31,0.31,0.14,3.0,0.38,0.16,0.6,4.0,2.29,5.0,0.38,32.0,191.0,2122
8.0,4.1,1.7,3,3,6,5.4,57.0,1,6,30.0,0.32,0.6,0.41,0.13,7.0,0.46,0.23,0.46,1.0,2.32,6.0,0.31,27.0,138.0,2223
3.0,7.1,4.8,8,8,15,11.4,86.0,6,15,72.0,0.27,0.52,0.43,0.18,4.0,0.57,0.31,0.57,2.0,2.75,14.0,0.5,22.0,216.0,2324
0.0,0.6,0.6,0,0,1,1.5,17.0,0,1,10.0,0.06,0.16,0.16,0.06,4.0,0.11,0.0,0.11,0.0,1.09,0.0,0.11,3.0,65.0,2223
0.0,0.5,0.5,0,0,4,2.3,25.0,0,4,12.0,0.02,0.08,0.08,0.02,3.0,0.15,0.0,0.15,2.0,0.44,1.0,0.15,5.0,132.0,2324
0.0,0.1,0.1,0,0,1,1.0,2.0,0,3,4.0,0.01,0.1,0.1,0.01,0.0,0.29,0.0,0.1,0.0,0.39,0.0,0.29,1.0,2.0,1920
0.0,3.8,3.8,6,6,8,4.6,43.0,6,7,20.0,0.26,0.32,0.32,0.26,1.0,0.48,0.41,0.55,8.0,1.38,3.0,0.48,10.0,69.0,2021
4.0,2.0,2.0,1,1,14,3.9,44.0,1,1,31.0,0.08,0.15,0.15,0.08,1.0,0.04,0.04,0.54,2.0,1.18,5.0,0.04,2.0,40.0,2122
2.0,1.4,1.4,0,0,4,2.8,17.0,0,2,7.0,0.07,0.13,0.13,0.07,1.0,0.09,0.0,0.19,0.0,0.33,1.0,0.09,0.0,20.0,2324
0.0,0.7,0.7,0,0,1,1.0,4.0,0,1,3.0,0.06,0.09,0.09,0.06,3.0,0.08,0.0,0.08,0.0,0.25,0.0,0.08,4.0,17.0,1920
1.0,0.6,0.6,0,0,4,3.3,19.0,0,3,13.0,0.03,0.17,0.17,0.03,0.0,0.16,0.0,0.21,0.0,0.68,2.0,0.16,6.0,77.0,2021
3.0,0.5,0.5,1,1,2,0.9,6.0,1,1,5.0,0.05,0.08,0.08,0.05,3.0,0.09,0.09,0.18,0.0,0.45,0.0,0.09,1.0,10.0,2122
1.0,2.4,2.4,4,4,9,2.6,19.0,4,4,18.0,0.09,0.1,0.1,0.09,1.0,0.15,0.15,0.33,0.0,0.66,1.0,0.15,0.0,2.0,1920
3.0,1.3,1.3,1,1,6,2.2,28.0,1,2,19.0,0.05,0.09,0.09,0.05,1.0,0.08,0.04,0.24,2.0,0.77,4.0,0.08,0.0,6.0,2021
3.0,1.6,1.6,3,3,10,2.6,36.0,3,4,20.0,0.05,0.09,0.09,0.05,1.0,0.13,0.1,0.34,2.0,0.67,3.0,0.13,0.0,6.0,2122
2.0,1.1,1.1,3,3,8,1.6,39.0,3,4,23.0,0.04,0.06,0.06,0.04,0.0,0.15,0.11,0.3,2.0,0.86,4.0,0.15,0.0,14.0,2223
2.0,1.7,1.7,2,2,6,1.9,21.0,2,2,14.0,0.11,0.12,0.12,0.11,0.0,0.13,0.13,0.39,0.0,0.91,2.0,0.13,2.0,6.0,2324
1.0,3.6,2.0,2,2,8,2.7,41.0,1,3,24.0,0.4,0.47,0.3,0.22,0.0,0.33,0.22,0.89,5.0,2.68,0.0,0.22,7.0,49.0,2223
9.0,3.8,3.8,5,5,19,5.8,65.0,5,5,42.0,0.33,0.5,0.5,0.33,2.0,0.43,0.43,1.64,6.0,3.62,2.0,0.43,14.0,87.0,2324
4.0,1.0,1.0,0,0,3,1.8,21.0,0,0,13.0,0.03,0.06,0.06,0.03,0.0,0.0,0.0,0.1,2.0,0.45,1.0,0.0,1.0,11.0,1819
0.0,3.7,3.7,4,4,7,3.8,21.0,4,4,16.0,0.15,0.15,0.15,0.15,0.0,0.16,0.16,0.29,1.0,0.65,0.0,0.16,1.0,7.0,1920
0.0,0.6,0.6,0,0,1,0.7,7.0,0,0,5.0,0.06,0.07,0.07,0.06,0.0,0.0,0.0,0.1,1.0,0.49,0.0,0.0,1.0,3.0,2021
2.0,1.1,1.1,0,0,1,1.1,18.0,0,0,9.0,0.08,0.08,0.08,0.08,0.0,0.0,0.0,0.07,0.0,0.67,1.0,0.0,0.0,1.0,2122
0.0,1.8,1.8,1,1,7,1.9,23.0,1,1,16.0,0.06,0.06,0.06,0.06,0.0,0.03,0.03,0.23,3.0,0.53,5.0,0.03,0.0,5.0,2122
0.0,0.8,0.8,0,0,4,0.8,17.0,0,0,11.0,0.06,0.06,0.06,0.06,0.0,0.0,0.0,0.29,1.0,0.79,0.0,0.0,0.0,4.0,2223
0.0,0.2,0.2,1,1,2,2.8,13.0,1,3,6.0,0.01,0.22,0.22,0.01,0.0,0.23,0.08,0.15,0.0,0.46,1.0,0.23,5.0,70.0,2122
0.0,0.6,0.6,0,0,1,1.6,8.0,0,0,5.0,0.27,0.78,0.78,0.27,0.0,0.0,0.0,0.49,1.0,2.43,1.0,0.0,0.0,8.0,1920
9.0,6.2,6.2,11,11,22,6.7,79.0,11,12,37.0,0.35,0.38,0.38,0.35,1.0,0.67,0.62,1.23,22.0,2.07,2.0,0.67,12.0,76.0,2021
1.0,7.7,7.7,9,9,20,8.7,80.0,9,10,54.0,0.4,0.45,0.45,0.4,0.0,0.52,0.46,1.03,19.0,2.79,4.0,0.52,10.0,75.0,2122
0.0,0.7,0.7,1,1,6,1.2,17.0,1,1,14.0,0.11,0.18,0.18,0.11,0.0,0.15,0.15,0.92,1.0,2.14,2.0,0.15,3.0,39.0,1920
3.0,2.0,2.0,2,2,4,2.4,32.0,2,2,20.0,0.15,0.18,0.18,0.15,1.0,0.15,0.15,0.29,0.0,1.47,2.0,0.15,4.0,62.0,1819
0.0,3.3,3.3,3,3,11,4.6,43.0,3,4,31.0,0.19,0.27,0.27,0.19,0.0,0.24,0.18,0.65,2.0,1.83,2.0,0.24,7.0,64.0,1920
0.0,0.2,0.2,0,0,1,0.2,5.0,0,0,2.0,0.03,0.05,0.05,0.03,0.0,0.0,0.0,0.2,2.0,0.4,0.0,0.0,0.0,9.0,2223
1.0,1.0,1.0,1,1,1,1.0,7.0,1,1,4.0,0.09,0.09,0.09,0.09,0.0,0.09,0.09,0.09,0.0,0.37,0.0,0.09,0.0,13.0,2324
5.0,4.0,4.0,2,2,8,8.1,76.0,2,7,27.0,0.17,0.35,0.35,0.17,5.0,0.3,0.09,0.34,11.0,1.15,5.0,0.3,22.0,225.0,1920
2.0,3.2,2.4,5,5,12,8.2,100.0,4,10,30.0,0.11,0.31,0.29,0.09,0.0,0.34,0.17,0.41,11.0,1.03,4.0,0.31,46.0,299.0,2021
10.0,3.2,3.2,4,4,10,6.1,98.0,4,9,33.0,0.15,0.29,0.29,0.15,6.0,0.43,0.19,0.48,2.0,1.58,4.0,0.43,36.0,211.0,2122
6.0,6.7,5.9,10,10,23,10.4,120.0,9,16,56.0,0.22,0.36,0.34,0.19,1.0,0.52,0.32,0.75,5.0,1.82,6.0,0.49,42.0,282.0,2223
8.0,4.7,4.7,6,6,13,7.6,79.0,6,7,42.0,0.22,0.35,0.35,0.22,6.0,0.32,0.28,0.6,7.0,1.93,7.0,0.32,30.0,209.0,2324
1.0,1.2,1.2,0,0,2,2.6,18.0,0,3,22.0,0.09,0.2,0.2,0.09,2.0,0.23,0.0,0.15,1.0,1.68,1.0,0.23,0.0,35.0,1819
5.0,1.6,1.6,1,1,9,2.9,29.0,1,3,38.0,0.14,0.25,0.25,0.14,2.0,0.26,0.09,0.77,1.0,3.25,3.0,0.26,7.0,43.0,1920
3.0,4.6,4.6,5,5,17,7.1,24.0,5,7,58.0,0.22,0.35,0.35,0.22,3.0,0.34,0.24,0.83,0.0,2.82,5.0,0.34,3.0,35.0,2021
4.0,2.1,2.1,3,3,13,4.9,30.0,3,6,39.0,0.07,0.17,0.17,0.07,6.0,0.21,0.11,0.46,0.0,1.37,1.0,0.21,3.0,57.0,2122
3.0,3.0,3.0,1,1,11,5.3,29.0,1,4,42.0,0.15,0.28,0.28,0.15,1.0,0.21,0.05,0.58,2.0,2.2,6.0,0.21,7.0,52.0,2324
2.0,0.2,0.2,0,0,1,0.9,11.0,0,1,7.0,0.01,0.05,0.05,0.01,2.0,0.05,0.0,0.05,2.0,0.35,0.0,0.05,4.0,57.0,2223
1.0,4.2,4.2,2,2,13,6.5,54.0,2,4,33.0,0.18,0.27,0.27,0.18,1.0,0.17,0.08,0.55,0.0,1.39,6.0,0.17,18.0,101.0,2324
2.0,0.8,0.8,0,0,5,1.9,18.0,0,1,11.0,0.04,0.1,0.1,0.04,1.0,0.05,0.0,0.26,0.0,0.57,3.0,0.05,10.0,27.0,1920
4.0,1.0,1.0,2,2,9,2.6,28.0,2,3,17.0,0.05,0.13,0.13,0.05,6.0,0.15,0.1,0.45,0.0,0.84,2.0,0.15,8.0,61.0,2021
2.0,3.5,3.5,4,4,18,7.1,81.0,4,10,50.0,0.1,0.2,0.2,0.1,4.0,0.29,0.11,0.51,0.0,1.43,6.0,0.29,19.0,175.0,2122
0.0,3.3,2.5,2,2,5,4.6,63.0,1,6,24.0,0.14,0.23,0.2,0.11,0.0,0.26,0.09,0.21,1.0,1.02,2.0,0.21,9.0,100.0,2223
1.0,1.6,1.6,2,2,6,3.9,44.0,2,5,26.0,0.06,0.15,0.15,0.06,3.0,0.19,0.08,0.23,0.0,0.99,2.0,0.19,4.0,79.0,2324
11.0,1.5,1.5,1,1,5,2.3,16.0,1,1,10.0,0.33,0.5,0.5,0.33,3.0,0.21,0.21,1.07,0.0,2.14,2.0,0.21,4.0,33.0,2223
2.0,6.1,6.1,3,3,15,7.3,77.0,3,4,44.0,0.27,0.33,0.33,0.27,2.0,0.18,0.13,0.67,4.0,1.97,9.0,0.18,4.0,102.0,1819
1.0,3.5,3.5,2,2,9,4.6,49.0,2,4,28.0,0.24,0.32,0.32,0.24,1.0,0.28,0.14,0.63,3.0,1.97,5.0,0.28,3.0,87.0,1920
1.0,0.8,0.8,1,1,3,1.4,6.0,1,2,6.0,0.25,0.45,0.45,0.25,0.0,0.64,0.32,0.95,0.0,1.91,1.0,0.64,1.0,6.0,2021
2.0,1.4,1.4,1,1,2,2.3,15.0,1,1,7.0,0.32,0.54,0.54,0.32,0.0,0.24,0.24,0.48,0.0,1.67,1.0,0.24,0.0,14.0,2122
6.0,2.5,2.5,2,2,5,3.0,25.0,2,2,26.0,0.13,0.16,0.16,0.13,1.0,0.11,0.11,0.27,2.0,1.38,1.0,0.11,3.0,17.0,2223
2.0,3.7,3.7,6,6,11,4.1,42.0,6,7,33.0,0.29,0.32,0.32,0.29,3.0,0.55,0.47,0.86,2.0,2.58,2.0,0.55,2.0,43.0,2324
2.0,0.6,0.6,0,0,3,1.7,26.0,0,1,12.0,0.03,0.1,0.1,0.03,0.0,0.06,0.0,0.17,2.0,0.69,1.0,0.06,8.0,68.0,2122
3.0,3.8,3.8,2,2,10,4.8,38.0,2,3,18.0,0.41,0.52,0.52,0.41,2.0,0.33,0.22,1.1,3.0,1.98,1.0,0.33,8.0,52.0,1920
2.0,5.2,5.2,3,3,9,7.0,87.0,3,5,35.0,0.34,0.46,0.46,0.34,3.0,0.33,0.2,0.59,12.0,2.3,5.0,0.33,13.0,112.0,2021
1.0,1.3,1.3,1,1,9,2.8,21.0,1,3,29.0,0.05,0.1,0.1,0.05,1.0,0.1,0.03,0.3,1.0,0.98,2.0,0.1,4.0,24.0,1819
3.0,2.1,2.1,1,1,7,4.2,21.0,1,2,47.0,0.06,0.12,0.12,0.06,0.0,0.06,0.03,0.21,0.0,1.38,6.0,0.06,4.0,41.0,1920
0.0,2.1,2.1,3,3,9,4.0,31.0,3,3,46.0,0.06,0.12,0.12,0.06,5.0,0.09,0.09,0.27,1.0,1.39,5.0,0.09,9.0,50.0,2021
10.0,0.5,0.5,0,0,2,0.6,6.0,0,0,9.0,0.14,0.15,0.15,0.14,0.0,0.0,0.0,0.53,0.0,2.39,0.0,0.0,0.0,6.0,2324
12.0,15.2,10.5,11,11,23,13.8,153.0,6,15,67.0,0.6,0.74,0.55,0.42,2.0,0.6,0.44,0.91,19.0,2.66,5.0,0.4,9.0,137.0,1819
4.0,8.6,7.8,7,7,13,10.5,66.0,6,10,38.0,0.72,0.94,0.87,0.65,0.0,0.83,0.58,1.08,6.0,3.17,4.0,0.75,1.0,46.0,2021
0.0,0.8,0.8,0,0,2,2.5,23.0,0,2,13.0,0.03,0.08,0.08,0.03,1.0,0.06,0.0,0.06,1.0,0.41,3.0,0.06,12.0,85.0,2122
1.0,0.8,0.8,0,0,2,1.3,9.0,0,1,7.0,0.05,0.09,0.09,0.05,0.0,0.07,0.0,0.14,0.0,0.48,1.0,0.07,0.0,2.0,2021
5.0,6.8,2.0,11,11,13,6.2,41.0,6,16,24.0,0.38,0.61,0.34,0.11,4.0,0.88,0.61,0.72,7.0,1.33,4.0,0.61,6.0,116.0,2021
0.0,0.5,0.5,0,0,2,0.7,16.0,0,0,9.0,0.07,0.1,0.1,0.07,0.0,0.0,0.0,0.27,2.0,1.24,1.0,0.0,1.0,32.0,1920
0.0,0.7,0.7,0,0,1,2.3,25.0,0,1,10.0,0.04,0.12,0.12,0.04,0.0,0.05,0.0,0.05,0.0,0.51,2.0,0.05,7.0,44.0,2021
4.0,0.7,0.7,0,0,2,2.5,16.0,0,0,15.0,0.03,0.1,0.1,0.03,7.0,0.0,0.0,0.08,0.0,0.58,1.0,0.0,2.0,29.0,2122
1.0,2.6,2.6,4,4,13,7.7,73.0,4,11,26.0,0.09,0.25,0.25,0.09,3.0,0.36,0.13,0.42,4.0,0.85,4.0,0.36,11.0,114.0,2223
2.0,0.7,0.7,0,0,1,1.1,11.0,0,0,7.0,0.1,0.17,0.17,0.1,3.0,0.0,0.0,0.16,1.0,1.1,1.0,0.0,2.0,15.0,2425
0.0,1.4,1.4,1,1,2,1.7,27.0,1,2,16.0,0.05,0.06,0.06,0.05,0.0,0.07,0.03,0.07,0.0,0.56,3.0,0.07,4.0,6.0,2021
4.0,0.5,0.5,1,1,1,0.6,9.0,1,1,4.0,0.03,0.04,0.04,0.03,1.0,0.06,0.06,0.06,0.0,0.22,0.0,0.06,0.0,4.0,2223
1.0,0.8,0.8,4,4,8,1.7,22.0,4,5,12.0,0.03,0.06,0.06,0.03,1.0,0.19,0.15,0.3,0.0,0.46,1.0,0.19,0.0,5.0,2324
0.0,0.1,0.1,0,0,1,0.2,2.0,0,0,2.0,0.04,0.06,0.06,0.04,0.0,0.0,0.0,0.38,0.0,0.75,0.0,0.0,2.0,18.0,2021
10.0,12.5,11.7,13,13,27,14.6,121.0,12,18,81.0,0.38,0.47,0.45,0.35,2.0,0.55,0.4,0.82,43.0,2.46,8.0,0.52,13.0,150.0,1819
7.0,6.2,5.4,10,10,19,7.9,89.0,10,12,40.0,0.26,0.37,0.33,0.23,1.0,0.5,0.42,0.8,32.0,1.68,3.0,0.5,10.0,80.0,1920
0.0,4.8,4.8,5,5,13,6.7,78.0,5,6,43.0,0.22,0.31,0.31,0.22,0.0,0.28,0.23,0.6,10.0,1.98,4.0,0.28,10.0,91.0,2122
0.0,0.2,0.2,0,0,1,0.2,2.0,0,0,2.0,0.02,0.03,0.03,0.02,0.0,0.0,0.0,0.14,0.0,0.27,0.0,0.0,1.0,1.0,2223
1.0,0.5,0.5,0,0,2,1.6,11.0,0,1,8.0,0.04,0.12,0.12,0.04,0.0,0.08,0.0,0.15,1.0,0.6,1.0,0.08,4.0,63.0,2021
0.0,0.9,0.9,0,0,1,1.1,11.0,0,0,5.0,0.04,0.05,0.05,0.04,0.0,0.0,0.0,0.05,0.0,0.24,1.0,0.0,0.0,2.0,2122
0.0,0.3,0.3,0,0,4,1.5,8.0,0,0,6.0,0.02,0.09,0.09,0.02,1.0,0.0,0.0,0.24,0.0,0.36,1.0,0.0,0.0,3.0,1920
0.0,0.2,0.2,0,0,1,1.2,11.0,0,1,4.0,0.01,0.07,0.07,0.01,2.0,0.06,0.0,0.06,2.0,0.24,1.0,0.06,3.0,8.0,2021
1.0,0.3,0.3,0,0,2,0.9,7.0,0,2,11.0,0.02,0.05,0.05,0.02,0.0,0.12,0.0,0.12,0.0,0.64,1.0,0.12,2.0,6.0,2122
1.0,0.5,0.5,1,1,2,1.0,3.0,1,1,6.0,0.03,0.06,0.06,0.03,0.0,0.06,0.06,0.12,0.0,0.37,0.0,0.06,0.0,3.0,2223
0.0,0.3,0.3,1,1,2,0.4,4.0,1,2,3.0,0.03,0.04,0.04,0.03,0.0,0.21,0.1,0.21,0.0,0.31,0.0,0.21,0.0,1.0,2122
0.0,0.5,0.5,1,1,4,3.8,18.0,1,4,13.0,0.02,0.15,0.15,0.02,3.0,0.17,0.04,0.17,0.0,0.54,1.0,0.17,5.0,44.0,1819
0.0,0.6,0.6,0,0,2,1.5,22.0,0,3,10.0,0.05,0.12,0.12,0.05,0.0,0.24,0.0,0.16,1.0,0.81,0.0,0.24,9.0,71.0,1920
2.0,1.2,1.2,2,2,4,2.6,18.0,2,2,10.0,0.06,0.13,0.13,0.06,1.0,0.1,0.1,0.19,0.0,0.48,0.0,0.1,7.0,42.0,2021
0.0,1.5,1.5,2,2,6,3.9,24.0,2,3,16.0,0.05,0.12,0.12,0.05,0.0,0.09,0.06,0.18,0.0,0.49,2.0,0.09,9.0,41.0,2122
0.0,1.0,1.0,0,0,5,3.1,14.0,0,0,16.0,0.04,0.12,0.12,0.04,0.0,0.0,0.0,0.2,0.0,0.63,2.0,0.0,2.0,40.0,2223
0.0,0.2,0.2,0,0,2,0.8,8.0,0,0,4.0,0.02,0.08,0.08,0.02,0.0,0.0,0.0,0.23,0.0,0.45,1.0,0.0,1.0,11.0,2324
0.0,0.4,0.4,0,0,1,2.0,9.0,0,2,10.0,0.01,0.07,0.07,0.01,0.0,0.07,0.0,0.04,1.0,0.35,0.0,0.07,4.0,107.0,1819
3.0,2.9,2.9,4,4,16,8.4,22.0,4,12,63.0,0.09,0.27,0.27,0.09,6.0,0.38,0.13,0.51,0.0,2.01,10.0,0.38,1.0,48.0,1920
3.0,1.0,1.0,2,2,12,4.9,5.0,2,3,32.0,0.04,0.18,0.18,0.04,5.0,0.11,0.07,0.43,0.0,1.15,3.0,0.11,1.0,19.0,2324
0.0,1.4,1.4,1,1,1,1.4,5.0,1,1,4.0,0.15,0.15,0.15,0.15,0.0,0.11,0.11,0.11,0.0,0.44,2.0,0.11,0.0,1.0,2324
8.0,11.4,11.4,16,16,39,13.8,145.0,16,17,82.0,0.43,0.51,0.51,0.43,5.0,0.63,0.6,1.45,13.0,3.05,7.0,0.63,36.0,224.0,2324
1.0,1.1,1.1,1,1,6,2.5,34.0,1,3,23.0,0.05,0.1,0.1,0.05,2.0,0.12,0.04,0.25,1.0,0.94,2.0,0.12,0.0,52.0,2122
1.0,0.9,0.9,1,1,4,2.6,34.0,1,3,16.0,0.03,0.1,0.1,0.03,2.0,0.11,0.04,0.15,1.0,0.59,1.0,0.11,2.0,46.0,2223
1.0,1.3,1.3,1,1,6,3.2,23.0,1,2,23.0,0.07,0.16,0.16,0.07,3.0,0.1,0.05,0.3,1.0,1.15,3.0,0.1,3.0,94.0,1819
0.0,0.9,0.9,1,1,5,2.6,27.0,1,4,22.0,0.04,0.13,0.13,0.04,2.0,0.19,0.05,0.24,0.0,1.05,1.0,0.19,10.0,101.0,1920
0.0,0.5,0.5,0,0,5,2.5,19.0,0,2,16.0,0.03,0.13,0.13,0.03,5.0,0.1,0.0,0.25,0.0,0.8,3.0,0.1,7.0,74.0,2021
2.0,0.3,0.3,0,0,2,1.1,8.0,0,0,6.0,0.03,0.12,0.12,0.03,4.0,0.0,0.0,0.21,0.0,0.64,2.0,0.0,4.0,29.0,2223
1.0,0.9,0.9,2,2,6,5.1,35.0,2,6,21.0,0.04,0.22,0.22,0.04,7.0,0.26,0.09,0.26,1.0,0.9,3.0,0.26,6.0,129.0,2324
6.0,1.0,1.0,1,1,3,1.2,19.0,1,2,13.0,0.12,0.14,0.14,0.12,2.0,0.24,0.12,0.36,6.0,1.54,1.0,0.24,3.0,48.0,1819
1.0,3.5,3.5,6,6,16,4.5,45.0,6,8,30.0,0.28,0.37,0.37,0.28,4.0,0.65,0.49,1.3,5.0,2.43,3.0,0.65,5.0,71.0,2021
1.0,1.2,1.2,1,1,1,2.2,20.0,1,5,15.0,0.11,0.21,0.21,0.11,0.0,0.47,0.09,0.09,2.0,1.4,0.0,0.47,3.0,65.0,2122
0.0,2.0,2.0,1,1,3,2.1,15.0,1,1,11.0,0.4,0.43,0.43,0.4,0.0,0.2,0.2,0.61,3.0,2.24,2.0,0.2,2.0,24.0,2223
1.0,0.1,0.1,0,0,1,0.1,4.0,0,0,1.0,0.05,0.08,0.08,0.05,0.0,0.0,0.0,0.78,1.0,0.78,0.0,0.0,2.0,6.0,2223
0.0,0.5,0.5,1,1,3,0.9,14.0,1,1,9.0,0.14,0.25,0.25,0.14,0.0,0.28,0.28,0.84,0.0,2.51,1.0,0.28,2.0,28.0,2324
0.0,0.2,0.2,0,0,1,0.9,9.0,0,0,5.0,0.04,0.14,0.14,0.04,0.0,0.0,0.0,0.17,0.0,0.84,0.0,0.0,0.0,16.0,1819
0.0,0.9,0.9,1,1,6,0.9,14.0,1,1,14.0,0.04,0.04,0.04,0.04,1.0,0.04,0.04,0.24,1.0,0.57,1.0,0.04,1.0,13.0,2223
7.0,3.1,3.0,4,4,12,5.4,63.0,4,10,31.0,0.22,0.39,0.39,0.21,5.0,0.71,0.28,0.85,3.0,2.19,5.0,0.71,19.0,143.0,1718
4.0,7.4,7.4,7,7,22,11.5,79.0,7,12,47.0,0.52,0.81,0.81,0.52,3.0,0.84,0.49,1.55,9.0,3.3,6.0,0.84,27.0,198.0,1819
2.0,2.1,2.1,4,4,13,5.5,40.0,4,7,24.0,0.14,0.37,0.37,0.14,5.0,0.47,0.27,0.88,2.0,1.62,3.0,0.47,18.0,159.0,1920
9.0,2.1,2.1,2,2,11,5.6,50.0,2,7,21.0,0.08,0.21,0.21,0.08,1.0,0.26,0.07,0.4,3.0,0.77,5.0,0.26,15.0,196.0,2021
1.0,1.3,1.3,0,0,2,1.3,11.0,0,0,9.0,0.47,0.49,0.49,0.47,0.0,0.0,0.0,0.73,9.0,3.31,0.0,0.0,5.0,26.0,2223
0.0,0.4,0.4,1,1,1,0.6,8.0,1,1,4.0,0.32,0.46,0.46,0.32,0.0,0.8,0.8,0.8,3.0,3.21,1.0,0.8,2.0,8.0,2324
0.0,0.7,0.7,0,0,3,0.7,10.0,0,0,5.0,0.11,0.11,0.11,0.11,1.0,0.0,0.0,0.48,0.0,0.8,0.0,0.0,0.0,3.0,1920
1.0,0.3,0.3,0,0,1,0.7,5.0,0,1,6.0,0.02,0.05,0.05,0.02,2.0,0.08,0.0,0.08,0.0,0.45,1.0,0.08,1.0,1.0,1920
2.0,1.8,1.8,1,1,1,2.6,24.0,1,3,11.0,0.07,0.1,0.1,0.07,3.0,0.12,0.04,0.04,0.0,0.44,2.0,0.12,1.0,3.0,2021
0.0,1.0,1.0,2,2,4,2.9,15.0,2,5,9.0,0.05,0.14,0.14,0.05,0.0,0.25,0.1,0.2,0.0,0.44,0.0,0.25,0.0,5.0,2122
1.0,2.9,2.1,3,3,10,3.8,21.0,2,3,36.0,0.13,0.2,0.17,0.1,2.0,0.13,0.13,0.44,1.0,1.6,1.0,0.09,4.0,50.0,1819
0.0,1.5,1.5,1,1,7,3.3,17.0,1,3,33.0,0.07,0.16,0.16,0.07,0.0,0.15,0.05,0.35,1.0,1.63,3.0,0.15,3.0,42.0,1920
1.0,0.3,0.3,1,1,5,0.7,1.0,1,3,10.0,0.03,0.07,0.07,0.03,0.0,0.29,0.1,0.49,0.0,0.97,0.0,0.29,1.0,15.0,1920
1.0,0.5,0.5,1,1,3,0.6,4.0,1,1,9.0,0.09,0.1,0.1,0.09,0.0,0.17,0.17,0.51,0.0,1.53,0.0,0.17,0.0,5.0,2021
1.0,0.0,0.0,1,1,1,0.1,0.0,1,1,1.0,0.01,0.02,0.02,0.01,3.0,0.32,0.32,0.32,0.0,0.32,0.0,0.32,0.0,1.0,2122
0.0,2.1,2.1,1,1,5,6.5,21.0,1,4,33.0,0.07,0.21,0.21,0.07,0.0,0.13,0.03,0.16,1.0,1.07,4.0,0.13,5.0,58.0,2223
1.0,1.7,1.7,0,0,7,2.6,23.0,0,2,30.0,0.1,0.15,0.15,0.1,1.0,0.11,0.0,0.39,1.0,1.68,5.0,0.11,4.0,84.0,1819
0.0,0.6,0.5,1,1,4,1.2,12.0,1,2,12.0,0.1,0.23,0.22,0.09,0.0,0.35,0.18,0.71,0.0,2.12,1.0,0.35,1.0,54.0,1920
1.0,0.1,0.1,0,0,1,0.5,10.0,0,0,2.0,0.02,0.1,0.1,0.02,1.0,0.0,0.0,0.23,0.0,0.47,0.0,0.0,4.0,36.0,2021
1.0,0.6,0.6,1,1,1,1.4,8.0,1,1,6.0,0.04,0.1,0.1,0.04,1.0,0.07,0.07,0.07,1.0,0.44,0.0,0.07,1.0,61.0,1819
0.0,1.1,1.1,1,1,2,1.8,11.0,1,2,8.0,0.15,0.25,0.25,0.15,0.0,0.27,0.14,0.27,1.0,1.09,0.0,0.27,3.0,31.0,2223
2.0,0.1,0.1,0,0,1,0.5,9.0,0,0,2.0,0.02,0.1,0.1,0.02,2.0,0.0,0.0,0.21,0.0,0.42,0.0,0.0,5.0,48.0,2021
0.0,0.9,0.9,2,2,2,4.3,14.0,2,4,5.0,0.03,0.15,0.15,0.03,0.0,0.14,0.07,0.07,1.0,0.17,0.0,0.14,5.0,129.0,2122
1.0,0.5,0.5,0,0,2,1.4,26.0,0,0,7.0,0.02,0.05,0.05,0.02,2.0,0.0,0.0,0.07,2.0,0.26,0.0,0.0,8.0,126.0,2223
2.0,0.5,0.5,1,1,5,3.4,22.0,1,3,15.0,0.02,0.11,0.11,0.02,1.0,0.1,0.03,0.17,1.0,0.51,2.0,0.1,7.0,99.0,2324
10.0,12.0,10.8,19,19,42,18.8,111.0,17,32,104.0,0.42,0.7,0.66,0.38,10.0,1.13,0.67,1.48,11.0,3.66,12.0,1.06,37.0,266.0,1718
9.0,14.3,12.7,10,10,38,23.4,128.0,10,20,108.0,0.47,0.82,0.77,0.42,2.0,0.66,0.33,1.25,10.0,3.55,13.0,0.66,37.0,281.0,1819
20.0,4.7,3.9,9,9,20,6.4,50.0,8,11,47.0,0.41,0.64,0.57,0.34,12.0,0.97,0.8,1.77,3.0,4.16,3.0,0.88,17.0,101.0,1920
12.0,16.6,10.3,20,20,44,24.3,194.0,12,32,102.0,0.51,0.94,0.75,0.32,2.0,0.99,0.62,1.35,12.0,3.14,8.0,0.74,49.0,329.0,2021
1.0,3.0,3.0,4,4,5,3.4,27.0,4,4,11.0,0.99,1.14,1.14,0.99,0.0,1.33,1.33,1.67,0.0,3.67,1.0,1.33,4.0,22.0,2223
0.0,0.3,0.3,1,1,1,0.6,4.0,1,2,2.0,0.07,0.12,0.12,0.07,1.0,0.43,0.22,0.22,1.0,0.43,0.0,0.43,0.0,0.0,1920
1.0,0.5,0.5,0,0,2,1.0,10.0,0,1,6.0,0.04,0.1,0.1,0.04,2.0,0.1,0.0,0.19,2.0,0.57,2.0,0.1,0.0,2.0,2021
1.0,2.4,2.4,1,1,6,3.1,34.0,1,3,25.0,0.11,0.15,0.15,0.11,0.0,0.14,0.05,0.28,3.0,1.17,4.0,0.14,2.0,7.0,2122
0.0,2.0,2.0,2,2,8,4.5,41.0,2,6,24.0,0.12,0.28,0.28,0.12,1.0,0.37,0.12,0.49,2.0,1.46,5.0,0.37,10.0,87.0,2324
0.0,0.8,0.8,0,0,1,1.4,41.0,0,0,15.0,0.04,0.07,0.07,0.04,0.0,0.0,0.0,0.05,0.0,0.81,2.0,0.0,6.0,123.0,2021
0.0,0.5,0.5,0,0,4,1.6,19.0,0,0,9.0,0.02,0.07,0.07,0.02,0.0,0.0,0.0,0.18,0.0,0.4,1.0,0.0,13.0,90.0,2122
1.0,1.7,1.7,5,5,6,5.8,60.0,5,7,11.0,0.09,0.3,0.3,0.09,2.0,0.36,0.26,0.31,10.0,0.57,1.0,0.36,13.0,174.0,1819
0.0,1.1,1.1,0,0,3,1.7,16.0,0,0,9.0,0.15,0.23,0.23,0.15,0.0,0.0,0.0,0.42,0.0,1.25,1.0,0.0,5.0,33.0,2425
0.0,10.1,9.3,6,6,23,11.8,99.0,5,8,84.0,0.36,0.45,0.43,0.34,0.0,0.29,0.22,0.83,15.0,3.04,7.0,0.25,8.0,145.0,1819
1.0,3.9,3.9,1,1,8,4.6,32.0,1,2,24.0,0.42,0.5,0.5,0.42,2.0,0.22,0.11,0.87,2.0,2.61,1.0,0.22,2.0,46.0,1920
9.0,1.5,1.5,1,1,3,3.0,18.0,1,3,12.0,0.16,0.32,0.32,0.16,0.0,0.32,0.11,0.32,4.0,1.29,0.0,0.32,0.0,48.0,2021
10.0,5.1,4.4,9,9,17,5.3,60.0,8,9,41.0,0.33,0.39,0.34,0.28,4.0,0.58,0.58,1.1,5.0,2.65,2.0,0.52,2.0,67.0,2122
7.0,10.0,10.0,10,10,38,13.0,130.0,10,14,67.0,0.42,0.54,0.54,0.42,4.0,0.59,0.42,1.59,13.0,2.8,10.0,0.59,15.0,124.0,2223
2.0,9.2,9.2,7,7,26,10.2,101.0,7,11,74.0,0.49,0.55,0.55,0.49,1.0,0.59,0.37,1.39,6.0,3.96,7.0,0.59,4.0,89.0,2324
0.0,0.5,0.5,1,1,2,1.6,23.0,1,2,7.0,0.02,0.07,0.07,0.02,1.0,0.09,0.04,0.09,2.0,0.31,0.0,0.09,7.0,102.0,2324
3.0,1.9,1.9,2,2,4,2.5,33.0,2,2,14.0,0.07,0.09,0.09,0.07,1.0,0.07,0.07,0.14,0.0,0.49,2.0,0.07,1.0,3.0,1920
3.0,1.5,1.5,3,3,6,2.6,34.0,3,4,16.0,0.05,0.08,0.08,0.05,2.0,0.12,0.09,0.18,0.0,0.48,1.0,0.12,0.0,3.0,2021
1.0,1.2,1.2,3,3,6,2.8,32.0,3,5,20.0,0.04,0.09,0.09,0.04,2.0,0.16,0.1,0.19,1.0,0.64,4.0,0.16,1.0,4.0,2122
1.0,1.3,1.3,1,1,4,2.1,24.0,1,3,14.0,0.12,0.19,0.19,0.12,0.0,0.27,0.09,0.37,0.0,1.28,1.0,0.27,0.0,4.0,2223
3.0,0.7,0.7,1,1,4,0.7,11.0,1,1,6.0,0.14,0.14,0.14,0.14,0.0,0.21,0.21,0.82,0.0,1.23,1.0,0.21,0.0,3.0,2324
0.0,1.8,1.8,3,3,5,2.9,34.0,3,5,12.0,0.24,0.39,0.39,0.24,0.0,0.68,0.41,0.68,3.0,1.62,2.0,0.68,7.0,52.0,1920
10.0,2.9,2.9,2,2,14,11.6,86.0,2,13,51.0,0.09,0.38,0.38,0.09,6.0,0.43,0.07,0.46,7.0,1.67,4.0,0.43,38.0,243.0,2223
12.0,5.5,4.7,10,10,20,10.5,80.0,9,16,56.0,0.39,0.8,0.74,0.33,15.0,1.13,0.71,1.41,2.0,3.95,5.0,1.06,27.0,134.0,2324
10.0,7.1,7.1,6,6,25,11.5,93.0,6,10,65.0,0.3,0.49,0.49,0.3,3.0,0.43,0.26,1.07,10.0,2.78,8.0,0.43,29.0,204.0,1819
10.0,12.9,12.1,10,10,30,15.9,117.0,9,13,67.0,0.66,0.85,0.81,0.62,5.0,0.66,0.51,1.53,11.0,3.41,11.0,0.61,26.0,178.0,1920
10.0,12.9,12.9,10,10,22,15.9,120.0,10,15,63.0,0.59,0.73,0.73,0.59,8.0,0.68,0.46,1.0,15.0,2.87,8.0,0.68,25.0,177.0,2021
5.0,10.8,10.2,10,10,27,16.2,159.0,10,18,82.0,0.33,0.51,0.49,0.31,3.0,0.55,0.3,0.82,13.0,2.48,11.0,0.55,35.0,246.0,2122
6.0,6.6,6.6,5,5,13,7.8,80.0,5,8,39.0,0.32,0.38,0.38,0.32,2.0,0.39,0.25,0.64,12.0,1.92,3.0,0.39,18.0,120.0,2223
1.0,5.8,5.8,6,6,14,6.7,59.0,6,8,30.0,0.31,0.35,0.35,0.31,1.0,0.42,0.32,0.74,9.0,1.59,3.0,0.42,19.0,104.0,2324
0.0,1.5,1.5,1,1,2,2.1,28.0,1,1,15.0,0.08,0.12,0.12,0.08,1.0,0.06,0.06,0.12,7.0,0.88,2.0,0.06,4.0,85.0,2223
0.0,1.1,1.1,0,0,5,2.6,23.0,0,1,18.0,0.04,0.11,0.11,0.04,0.0,0.04,0.0,0.2,0.0,0.73,2.0,0.04,3.0,55.0,2324
1.0,4.0,4.0,5,5,10,4.1,40.0,5,5,27.0,0.48,0.49,0.49,0.48,0.0,0.6,0.6,1.2,12.0,3.24,6.0,0.6,6.0,44.0,1819
1.0,1.4,1.4,1,1,7,2.2,28.0,1,1,17.0,0.23,0.37,0.37,0.23,1.0,0.17,0.17,1.2,5.0,2.9,4.0,0.17,4.0,36.0,1819
2.0,2.4,2.4,1,1,2,2.6,31.0,1,2,15.0,0.92,0.98,0.98,0.92,1.0,0.75,0.38,0.75,7.0,5.65,1.0,0.75,4.0,22.0,1920
3.0,1.6,1.6,2,2,6,3.2,25.0,2,3,12.0,0.19,0.4,0.4,0.19,0.0,0.37,0.25,0.74,11.0,1.48,0.0,0.37,7.0,44.0,2021
0.0,1.1,1.1,1,1,2,2.8,12.0,1,3,13.0,0.09,0.22,0.22,0.09,0.0,0.24,0.08,0.16,0.0,1.02,0.0,0.24,1.0,11.0,2122
1.0,0.4,0.4,0,0,1,0.7,9.0,0,1,8.0,0.14,0.23,0.23,0.14,0.0,0.32,0.0,0.32,0.0,2.58,0.0,0.32,4.0,19.0,1819
2.0,0.6,0.6,1,1,1,0.8,7.0,1,1,12.0,0.17,0.24,0.24,0.17,1.0,0.29,0.29,0.29,0.0,3.52,0.0,0.29,0.0,15.0,1920
0.0,1.3,0.5,1,1,2,0.6,12.0,0,1,4.0,0.57,0.6,0.25,0.22,1.0,0.44,0.44,0.88,1.0,1.76,0.0,0.0,1.0,12.0,1819
1.0,0.1,0.1,0,0,1,0.1,5.0,0,0,2.0,0.03,0.04,0.04,0.03,1.0,0.0,0.0,0.39,1.0,0.78,0.0,0.0,1.0,11.0,1920
0.0,1.9,1.9,1,1,4,2.2,44.0,1,2,22.0,0.21,0.24,0.24,0.21,0.0,0.22,0.11,0.43,5.0,2.39,3.0,0.22,11.0,62.0,2122
4.0,6.7,6.7,4,4,17,9.7,81.0,4,6,56.0,0.2,0.29,0.29,0.2,1.0,0.18,0.12,0.51,24.0,1.67,6.0,0.18,19.0,160.0,1920
1.0,3.2,3.2,4,4,14,6.1,40.0,4,5,33.0,0.12,0.23,0.23,0.12,0.0,0.19,0.15,0.52,6.0,1.22,4.0,0.19,14.0,109.0,2021
11.0,1.7,1.7,1,1,7,2.6,43.0,1,1,32.0,0.09,0.14,0.14,0.09,2.0,0.05,0.05,0.37,9.0,1.68,8.0,0.05,12.0,85.0,2122
3.0,8.0,8.0,11,11,20,11.1,138.0,11,13,69.0,0.29,0.4,0.4,0.29,1.0,0.47,0.4,0.72,9.0,2.49,9.0,0.47,25.0,264.0,2223
0.0,4.5,4.5,3,3,12,7.2,86.0,3,4,41.0,0.21,0.33,0.33,0.21,0.0,0.19,0.14,0.56,10.0,1.91,7.0,0.19,22.0,162.0,2324
2.0,0.8,0.8,2,2,4,4.1,39.0,2,5,17.0,0.03,0.15,0.15,0.03,7.0,0.19,0.08,0.15,3.0,0.64,2.0,0.19,17.0,148.0,2223
0.0,0.2,0.2,1,1,2,0.3,13.0,1,2,3.0,0.07,0.12,0.12,0.07,0.0,0.71,0.36,0.71,1.0,1.07,0.0,0.71,4.0,22.0,2223
1.0,0.2,0.2,0,0,1,3.3,10.0,0,2,6.0,0.01,0.15,0.15,0.01,0.0,0.09,0.0,0.04,0.0,0.27,2.0,0.09,1.0,82.0,2021
3.0,1.1,1.1,0,0,3,3.2,4.0,0,1,30.0,0.08,0.23,0.23,0.08,4.0,0.07,0.0,0.21,0.0,2.15,5.0,0.07,0.0,21.0,1819
2.0,2.1,2.1,3,3,7,7.0,11.0,3,7,36.0,0.07,0.22,0.22,0.07,2.0,0.22,0.1,0.22,0.0,1.15,6.0,0.22,3.0,35.0,1920
0.0,1.9,0.4,2,2,2,1.1,4.0,0,4,10.0,0.14,0.19,0.08,0.03,3.0,0.27,0.14,0.14,0.0,0.68,0.0,0.14,0.0,11.0,2021
0.0,0.5,0.5,0,0,4,2.0,8.0,0,3,17.0,0.04,0.14,0.14,0.04,0.0,0.2,0.0,0.27,0.0,1.14,0.0,0.2,1.0,13.0,2122
1.0,4.5,4.5,3,3,13,7.5,57.0,3,5,55.0,0.35,0.58,0.58,0.35,3.0,0.39,0.23,1.0,5.0,4.25,4.0,0.39,11.0,95.0,1819
0.0,1.8,1.8,1,1,4,3.9,34.0,1,4,19.0,0.08,0.19,0.19,0.08,0.0,0.19,0.05,0.19,3.0,0.92,3.0,0.19,7.0,42.0,2021
0.0,1.0,1.0,1,1,2,1.2,9.0,1,1,5.0,0.29,0.32,0.32,0.29,2.0,0.28,0.28,0.55,0.0,1.38,0.0,0.28,1.0,30.0,1819
0.0,0.3,0.3,0,0,1,0.8,12.0,0,2,8.0,0.03,0.09,0.09,0.03,2.0,0.22,0.0,0.11,1.0,0.89,3.0,0.22,4.0,43.0,1920
1.0,0.7,0.7,0,0,6,2.4,13.0,0,2,20.0,0.03,0.1,0.1,0.03,3.0,0.08,0.0,0.24,0.0,0.81,3.0,0.08,4.0,113.0,2021
0.0,0.5,0.5,1,1,5,1.8,16.0,1,4,18.0,0.02,0.09,0.09,0.02,0.0,0.2,0.05,0.25,0.0,0.9,1.0,0.2,1.0,86.0,2122
0.0,1.5,1.5,0,0,1,3.4,40.0,0,1,21.0,0.09,0.19,0.19,0.09,1.0,0.06,0.0,0.06,2.0,1.16,1.0,0.06,13.0,85.0,1819
0.0,3.1,3.1,0,0,7,4.5,26.0,0,1,25.0,0.27,0.39,0.39,0.27,2.0,0.09,0.0,0.6,0.0,2.15,3.0,0.09,6.0,56.0,1920
0.0,2.0,2.0,0,0,2,4.0,23.0,0,2,13.0,0.22,0.44,0.44,0.22,0.0,0.22,0.0,0.22,0.0,1.42,2.0,0.22,1.0,46.0,2021
0.0,1.7,1.7,2,2,9,3.1,34.0,2,3,19.0,0.07,0.13,0.13,0.07,1.0,0.12,0.08,0.37,5.0,0.77,0.0,0.12,10.0,68.0,1819
0.0,0.4,0.4,0,0,2,0.6,13.0,0,0,5.0,0.03,0.04,0.04,0.03,0.0,0.0,0.0,0.13,0.0,0.33,0.0,0.0,0.0,3.0,2021
0.0,0.1,0.1,0,0,1,0.9,2.0,0,1,3.0,0.0,0.05,0.05,0.0,0.0,0.05,0.0,0.05,1.0,0.16,0.0,0.05,1.0,48.0,2021
0.0,0.1,0.1,0,0,2,0.5,10.0,0,0,7.0,0.01,0.02,0.02,0.01,0.0,0.0,0.0,0.09,1.0,0.31,1.0,0.0,0.0,66.0,2122
5.0,2.9,2.9,3,3,10,5.3,39.0,3,6,24.0,0.13,0.23,0.23,0.13,1.0,0.26,0.13,0.44,1.0,1.05,2.0,0.26,5.0,62.0,1819
2.0,3.1,3.1,5,5,14,5.2,58.0,5,6,44.0,0.09,0.15,0.15,0.09,4.0,0.17,0.14,0.4,2.0,1.26,6.0,0.17,3.0,95.0,1920
3.0,3.6,3.6,2,2,8,7.0,55.0,2,6,33.0,0.15,0.29,0.29,0.15,2.0,0.25,0.08,0.33,3.0,1.38,6.0,0.25,3.0,75.0,2021
2.0,4.1,4.1,3,3,15,7.6,82.0,3,5,45.0,0.13,0.24,0.24,0.13,9.0,0.16,0.09,0.47,4.0,1.4,5.0,0.16,10.0,92.0,2122
5.0,4.4,3.6,2,2,16,9.3,79.0,2,11,41.0,0.16,0.36,0.34,0.13,3.0,0.4,0.07,0.58,4.0,1.48,3.0,0.4,4.0,107.0,2223
7.0,3.3,3.3,5,5,11,5.2,76.0,5,8,30.0,0.12,0.19,0.19,0.12,2.0,0.29,0.18,0.4,6.0,1.09,5.0,0.29,5.0,99.0,2324
10.0,11.1,8.8,13,13,25,13.8,131.0,10,15,63.0,0.32,0.46,0.39,0.25,11.0,0.43,0.37,0.71,11.0,1.8,5.0,0.34,29.0,213.0,1819
11.0,8.4,5.3,10,10,18,12.7,104.0,6,21,58.0,0.25,0.47,0.37,0.16,8.0,0.62,0.29,0.53,16.0,1.71,3.0,0.5,15.0,256.0,1920
9.0,11.3,5.8,11,11,21,13.5,102.0,5,19,55.0,0.42,0.71,0.5,0.22,3.0,0.71,0.41,0.78,17.0,2.06,7.0,0.49,18.0,186.0,2021
4.0,9.3,5.4,9,9,12,9.0,75.0,5,12,37.0,0.5,0.7,0.49,0.29,1.0,0.65,0.48,0.65,5.0,1.99,13.0,0.43,22.0,144.0,2122
9.0,4.6,2.3,4,4,8,4.5,54.0,2,5,16.0,0.34,0.51,0.33,0.17,3.0,0.37,0.3,0.59,12.0,1.19,1.0,0.22,12.0,122.0,2223
9.0,9.1,7.5,9,9,16,9.2,79.0,7,12,38.0,0.38,0.45,0.39,0.31,3.0,0.5,0.38,0.67,19.0,1.59,5.0,0.42,10.0,126.0,2324
1.0,0.3,0.3,0,0,1,0.3,4.0,0,0,3.0,0.1,0.12,0.12,0.1,4.0,0.0,0.0,0.37,0.0,1.12,1.0,0.0,0.0,12.0,1819
0.0,1.0,1.0,0,0,3,2.7,33.0,0,0,12.0,0.05,0.14,0.14,0.05,0.0,0.0,0.0,0.16,2.0,0.62,1.0,0.0,1.0,33.0,1819
0.0,0.8,0.8,1,1,3,2.0,29.0,1,2,13.0,0.04,0.09,0.09,0.04,1.0,0.09,0.04,0.13,0.0,0.57,0.0,0.09,2.0,62.0,1819
0.0,0.9,0.9,0,0,3,1.6,9.0,0,1,14.0,0.06,0.11,0.11,0.06,1.0,0.07,0.0,0.21,0.0,0.99,3.0,0.07,0.0,11.0,1920
2.0,1.6,1.6,0,0,5,2.6,21.0,0,1,22.0,0.08,0.14,0.14,0.08,0.0,0.05,0.0,0.26,0.0,1.15,2.0,0.05,3.0,15.0,2021
3.0,1.0,1.0,2,2,4,1.9,16.0,2,2,14.0,0.07,0.13,0.13,0.07,3.0,0.13,0.13,0.27,0.0,0.93,1.0,0.13,3.0,15.0,2122
3.0,3.9,1.5,3,3,3,3.0,32.0,1,6,25.0,0.14,0.19,0.11,0.05,1.0,0.21,0.1,0.1,0.0,0.87,3.0,0.14,4.0,31.0,2223
0.0,2.7,1.1,3,3,5,2.3,22.0,1,4,17.0,0.16,0.23,0.14,0.07,0.0,0.23,0.18,0.29,0.0,1.0,1.0,0.12,1.0,29.0,2324
0.0,2.9,2.9,2,2,8,5.3,52.0,2,6,25.0,0.15,0.27,0.27,0.15,0.0,0.3,0.1,0.41,3.0,1.27,4.0,0.3,14.0,131.0,2021
0.0,0.6,0.6,0,0,2,1.0,23.0,0,0,11.0,0.09,0.16,0.16,0.09,0.0,0.0,0.0,0.31,0.0,1.71,1.0,0.0,2.0,40.0,2122
2.0,0.9,0.9,0,0,4,2.4,20.0,0,2,9.0,0.1,0.25,0.25,0.1,10.0,0.21,0.0,0.43,3.0,0.96,3.0,0.21,3.0,32.0,2324
1.0,0.8,0.8,1,1,4,1.2,4.0,1,1,14.0,0.06,0.1,0.1,0.06,0.0,0.08,0.08,0.32,0.0,1.1,0.0,0.08,3.0,12.0,1819
1.0,1.1,1.1,1,1,2,1.8,11.0,1,1,15.0,0.06,0.1,0.1,0.06,4.0,0.06,0.06,0.11,0.0,0.85,0.0,0.06,1.0,29.0,1920
1.0,0.8,0.8,1,1,4,3.5,13.0,1,5,17.0,0.03,0.13,0.13,0.03,0.0,0.19,0.04,0.15,1.0,0.64,1.0,0.19,1.0,25.0,2021
1.0,1.4,1.4,1,1,4,2.5,18.0,1,4,21.0,0.05,0.09,0.09,0.05,0.0,0.14,0.04,0.14,0.0,0.75,2.0,0.14,1.0,36.0,2324
5.0,1.4,1.4,1,1,5,2.7,60.0,1,2,16.0,0.09,0.18,0.18,0.09,1.0,0.13,0.07,0.33,5.0,1.05,3.0,0.13,3.0,72.0,2223
4.0,4.5,2.2,5,5,13,3.4,46.0,4,6,22.0,0.34,0.43,0.25,0.16,1.0,0.45,0.37,0.97,6.0,1.64,5.0,0.37,1.0,33.0,2324
4.0,3.0,3.0,4,4,6,3.7,37.0,4,5,26.0,0.21,0.26,0.26,0.21,1.0,0.36,0.29,0.43,1.0,1.86,5.0,0.36,1.0,31.0,2324
1.0,2.9,2.9,4,4,10,4.0,31.0,4,5,23.0,0.21,0.28,0.28,0.21,0.0,0.35,0.28,0.71,5.0,1.63,1.0,0.35,1.0,30.0,2425
3.0,1.0,1.0,0,0,4,1.5,14.0,0,0,13.0,0.03,0.05,0.05,0.03,0.0,0.0,0.0,0.14,0.0,0.45,3.0,0.0,1.0,13.0,1920
3.0,2.3,2.3,3,3,6,2.8,27.0,3,3,15.0,0.07,0.09,0.09,0.07,0.0,0.1,0.1,0.19,0.0,0.49,3.0,0.1,1.0,42.0,2021
0.0,0.8,0.8,0,0,2,1.1,13.0,0,0,9.0,0.04,0.05,0.05,0.04,0.0,0.0,0.0,0.1,1.0,0.46,0.0,0.0,0.0,10.0,2223
8.0,7.0,6.2,9,9,24,10.3,81.0,8,14,58.0,0.4,0.64,0.6,0.36,5.0,0.81,0.52,1.39,8.0,3.37,4.0,0.75,35.0,186.0,1819
3.0,6.0,3.7,8,8,26,6.9,77.0,6,13,70.0,0.24,0.37,0.27,0.15,2.0,0.52,0.32,1.03,8.0,2.78,8.0,0.44,36.0,196.0,1920
1.0,4.4,3.6,3,3,14,5.2,54.0,2,5,42.0,0.27,0.37,0.32,0.22,2.0,0.31,0.18,0.86,4.0,2.59,6.0,0.25,24.0,134.0,2021
0.0,0.3,0.3,0,0,1,1.2,20.0,0,1,7.0,0.01,0.05,0.05,0.01,0.0,0.04,0.0,0.04,1.0,0.31,0.0,0.04,0.0,6.0,1920
2.0,0.5,0.5,1,1,2,1.2,15.0,1,3,4.0,0.02,0.05,0.05,0.02,1.0,0.12,0.04,0.08,0.0,0.16,1.0,0.12,0.0,3.0,2223
0.0,1.7,1.7,2,2,3,2.5,13.0,2,3,6.0,0.08,0.12,0.12,0.08,1.0,0.14,0.09,0.14,0.0,0.28,0.0,0.14,1.0,13.0,2324
3.0,1.2,1.2,2,2,8,7.1,17.0,2,8,29.0,0.05,0.28,0.28,0.05,6.0,0.32,0.08,0.32,0.0,1.14,2.0,0.32,2.0,19.0,1819
0.0,1.0,1.0,3,3,5,5.4,11.0,3,9,21.0,0.04,0.21,0.21,0.04,0.0,0.36,0.12,0.2,0.0,0.83,1.0,0.36,0.0,16.0,1920
0.0,0.3,0.3,0,0,2,2.2,1.0,0,1,7.0,0.04,0.3,0.3,0.04,3.0,0.13,0.0,0.27,0.0,0.94,1.0,0.13,0.0,7.0,1819
1.0,0.3,0.3,0,0,2,2.1,28.0,0,2,2.0,0.01,0.11,0.11,0.01,4.0,0.11,0.0,0.11,3.0,0.11,0.0,0.11,4.0,180.0,2021
3.0,0.4,0.4,1,1,3,2.4,26.0,1,5,9.0,0.02,0.12,0.12,0.02,2.0,0.25,0.05,0.15,0.0,0.44,1.0,0.25,4.0,95.0,2122
1.0,1.7,1.7,3,3,8,3.6,29.0,3,5,17.0,0.09,0.2,0.2,0.09,0.0,0.27,0.16,0.43,2.0,0.92,0.0,0.27,8.0,65.0,2223
3.0,0.2,0.2,1,1,1,0.3,10.0,1,1,5.0,0.05,0.08,0.08,0.05,2.0,0.24,0.24,0.24,1.0,1.18,0.0,0.24,2.0,20.0,2324
0.0,3.0,3.0,3,3,10,5.6,32.0,3,5,23.0,0.23,0.44,0.44,0.23,0.0,0.4,0.24,0.79,4.0,1.82,1.0,0.4,7.0,120.0,2425
1.0,0.5,0.5,1,1,6,4.1,42.0,1,4,12.0,0.02,0.17,0.17,0.02,0.0,0.17,0.04,0.26,4.0,0.51,1.0,0.17,9.0,180.0,1819
1.0,1.5,1.5,1,1,1,1.9,22.0,1,1,7.0,0.12,0.14,0.14,0.12,0.0,0.08,0.08,0.08,0.0,0.54,0.0,0.08,4.0,54.0,1920
2.0,0.1,0.1,1,1,2,0.1,10.0,1,1,2.0,0.04,0.04,0.04,0.04,9.0,0.4,0.4,0.8,0.0,0.8,1.0,0.4,3.0,9.0,2021
3.0,2.6,2.6,2,2,8,8.2,78.0,2,11,28.0,0.09,0.29,0.29,0.09,7.0,0.39,0.07,0.29,5.0,1.0,2.0,0.39,18.0,169.0,2223
4.0,3.9,3.9,4,4,11,4.8,35.0,4,4,24.0,0.45,0.57,0.57,0.45,0.0,0.47,0.47,1.29,4.0,2.82,3.0,0.47,1.0,65.0,1920
3.0,5.3,4.5,4,4,13,5.1,46.0,4,4,27.0,0.48,0.53,0.46,0.41,4.0,0.36,0.36,1.17,4.0,2.43,1.0,0.36,5.0,80.0,2021
6.0,4.5,4.5,3,3,9,6.9,78.0,3,7,33.0,0.31,0.47,0.47,0.31,2.0,0.48,0.21,0.62,2.0,2.27,4.0,0.48,4.0,96.0,2122
2.0,1.2,1.2,2,2,3,1.5,13.0,2,2,9.0,0.1,0.13,0.13,0.1,0.0,0.17,0.17,0.26,0.0,0.77,0.0,0.17,0.0,5.0,2324
1.0,6.4,6.4,4,4,15,9.1,70.0,4,5,42.0,0.31,0.44,0.44,0.31,2.0,0.24,0.2,0.73,10.0,2.06,2.0,0.24,20.0,150.0,2122
3.0,1.1,1.1,1,1,6,3.1,36.0,1,3,18.0,0.12,0.32,0.32,0.12,4.0,0.31,0.1,0.63,3.0,1.88,0.0,0.31,15.0,77.0,2324
1.0,0.6,0.6,0,0,1,1.0,8.0,0,0,11.0,0.08,0.13,0.13,0.08,2.0,0.0,0.0,0.13,0.0,1.42,1.0,0.0,2.0,14.0,2223
0.0,0.4,0.4,1,1,2,0.6,6.0,1,1,9.0,0.02,0.03,0.03,0.02,2.0,0.06,0.06,0.12,0.0,0.52,2.0,0.06,1.0,12.0,2021
0.0,0.2,0.2,0,0,2,0.6,3.0,0,2,8.0,0.02,0.07,0.07,0.02,0.0,0.22,0.0,0.22,0.0,0.89,1.0,0.22,1.0,2.0,2122
1.0,5.5,5.5,4,4,17,7.8,84.0,4,6,43.0,0.24,0.34,0.34,0.24,1.0,0.26,0.18,0.75,1.0,1.9,6.0,0.26,13.0,124.0,2122
0.0,2.9,2.9,3,3,17,5.5,52.0,3,3,57.0,0.09,0.17,0.17,0.09,0.0,0.09,0.09,0.52,0.0,1.74,7.0,0.09,10.0,171.0,1819
0.0,0.2,0.2,0,0,2,1.2,5.0,0,0,7.0,0.05,0.25,0.25,0.05,1.0,0.0,0.0,0.43,0.0,1.5,0.0,0.0,1.0,19.0,1920
2.0,0.7,0.5,0,0,4,2.5,21.0,0,1,14.0,0.05,0.21,0.2,0.04,1.0,0.08,0.0,0.32,2.0,1.11,1.0,0.08,4.0,114.0,2021
5.0,3.2,3.2,4,4,10,5.0,39.0,4,5,22.0,0.45,0.69,0.69,0.45,1.0,0.69,0.55,1.38,6.0,3.04,5.0,0.69,5.0,48.0,2223
2.0,7.2,5.7,5,5,15,6.2,77.0,3,6,43.0,0.47,0.51,0.4,0.37,1.0,0.39,0.32,0.97,7.0,2.79,6.0,0.26,14.0,115.0,2324
19.0,20.2,17.9,22,22,60,27.2,272.0,19,30,134.0,0.56,0.82,0.75,0.49,10.0,0.83,0.61,1.66,27.0,3.71,12.0,0.75,96.0,429.0,1819
22.0,19.0,16.6,19,19,56,24.5,291.0,16,29,129.0,0.59,0.84,0.77,0.52,5.0,0.91,0.59,1.75,20.0,4.04,13.0,0.81,72.0,347.0,1920
23.0,19.3,14.6,22,22,46,20.8,275.0,16,27,120.0,0.56,0.75,0.61,0.43,13.0,0.79,0.64,1.35,13.0,3.51,13.0,0.61,72.0,396.0,2021
19.0,22.7,17.8,23,23,49,27.8,301.0,18,36,133.0,0.74,1.07,0.91,0.58,12.0,1.17,0.75,1.6,12.0,4.33,18.0,1.01,97.0,451.0,2122
18.0,21.6,18.5,19,19,45,25.7,301.0,17,31,121.0,0.59,0.79,0.7,0.51,10.0,0.85,0.52,1.23,22.0,3.31,12.0,0.79,87.0,421.0,2223
29.0,21.2,15.5,18,18,47,27.3,241.0,13,28,107.0,0.75,1.17,0.97,0.55,18.0,0.99,0.64,1.67,17.0,3.8,21.0,0.82,66.0,341.0,2324
1.0,0.9,0.9,1,1,3,1.6,26.0,1,1,12.0,0.04,0.07,0.07,0.04,1.0,0.04,0.04,0.13,0.0,0.54,2.0,0.04,0.0,10.0,2122
2.0,1.7,1.7,1,1,3,2.9,28.0,1,2,12.0,0.1,0.18,0.18,0.1,3.0,0.12,0.06,0.19,2.0,0.74,2.0,0.12,2.0,72.0,2223
0.0,3.9,3.9,2,2,11,7.2,61.0,2,5,30.0,0.16,0.3,0.3,0.16,0.0,0.21,0.08,0.46,3.0,1.26,4.0,0.21,8.0,76.0,2324
0.0,1.4,1.4,1,1,1,1.9,16.0,1,2,7.0,0.05,0.06,0.06,0.05,0.0,0.07,0.03,0.03,1.0,0.23,0.0,0.07,1.0,2.0,1920
0.0,2.0,2.0,0,0,9,2.7,35.0,0,0,24.0,0.06,0.08,0.08,0.06,1.0,0.0,0.0,0.27,2.0,0.73,3.0,0.0,0.0,7.0,2122
0.0,1.5,1.5,0,0,4,2.1,25.0,0,1,19.0,0.07,0.1,0.1,0.07,1.0,0.05,0.0,0.18,1.0,0.87,3.0,0.05,0.0,4.0,2223
1.0,0.2,0.2,0,0,1,0.5,7.0,0,1,4.0,0.02,0.04,0.04,0.02,0.0,0.09,0.0,0.09,1.0,0.35,0.0,0.09,0.0,6.0,2324
4.0,3.2,3.2,5,5,14,7.6,61.0,5,9,36.0,0.12,0.3,0.3,0.12,0.0,0.35,0.19,0.54,9.0,1.4,7.0,0.35,18.0,165.0,1920
2.0,3.8,3.0,4,4,10,5.6,63.0,3,4,22.0,0.13,0.23,0.2,0.11,2.0,0.14,0.14,0.35,9.0,0.77,2.0,0.11,11.0,143.0,2021
3.0,2.6,2.6,2,2,5,5.3,26.0,2,4,13.0,0.18,0.37,0.37,0.18,2.0,0.28,0.14,0.35,1.0,0.91,1.0,0.28,5.0,83.0,2122
3.0,1.8,1.8,3,3,9,6.2,23.0,3,5,19.0,0.06,0.23,0.23,0.06,0.0,0.18,0.11,0.33,1.0,0.7,4.0,0.18,7.0,67.0,2223
0.0,1.7,1.7,3,3,7,2.6,29.0,3,3,19.0,0.08,0.12,0.12,0.08,0.0,0.13,0.13,0.31,2.0,0.85,1.0,0.13,3.0,69.0,2324
2.0,3.6,3.6,6,6,10,3.9,34.0,6,6,20.0,0.6,0.65,0.65,0.6,2.0,1.0,1.0,1.66,3.0,3.33,1.0,1.0,8.0,42.0,1819
0.0,10.2,10.2,13,13,24,11.1,82.0,13,13,52.0,0.54,0.59,0.59,0.54,0.0,0.69,0.69,1.27,5.0,2.76,3.0,0.69,11.0,104.0,2021
6.0,4.9,4.9,5,5,10,5.1,58.0,5,7,28.0,0.4,0.42,0.42,0.4,0.0,0.57,0.41,0.82,12.0,2.3,0.0,0.57,10.0,77.0,2122
0.0,6.3,6.3,6,6,14,7.4,57.0,6,6,38.0,0.57,0.67,0.67,0.57,0.0,0.54,0.54,1.27,8.0,3.44,5.0,0.54,20.0,76.0,2223
19.0,2.1,2.1,0,0,3,2.8,22.0,0,0,16.0,0.28,0.38,0.38,0.28,3.0,0.0,0.0,0.41,7.0,2.2,1.0,0.0,7.0,38.0,2324
1.0,1.7,1.7,1,1,8,4.3,28.0,1,2,28.0,0.05,0.12,0.12,0.05,3.0,0.06,0.03,0.23,0.0,0.8,3.0,0.06,6.0,61.0,2223
1.0,0.4,0.4,1,1,4,3.0,9.0,1,4,13.0,0.01,0.09,0.09,0.01,2.0,0.13,0.03,0.13,0.0,0.41,1.0,0.13,1.0,27.0,2324
2.0,0.3,0.3,1,1,2,1.1,2.0,1,2,11.0,0.02,0.05,0.05,0.02,0.0,0.09,0.04,0.09,0.0,0.49,0.0,0.09,1.0,12.0,2021
0.0,0.8,0.8,1,1,4,1.2,12.0,1,1,10.0,0.17,0.25,0.25,0.17,0.0,0.22,0.22,0.87,1.0,2.17,1.0,0.22,2.0,27.0,2021
0.0,6.0,4.4,5,5,19,12.7,76.0,3,13,57.0,0.18,0.43,0.38,0.13,0.0,0.39,0.15,0.58,6.0,1.73,6.0,0.33,19.0,157.0,2223
7.0,6.9,6.1,5,5,13,14.5,103.0,4,15,70.0,0.2,0.44,0.41,0.17,8.0,0.43,0.14,0.37,6.0,2.0,7.0,0.4,15.0,181.0,2324
5.0,5.7,5.7,9,9,24,9.3,69.0,9,11,53.0,0.24,0.39,0.39,0.24,3.0,0.46,0.37,1.0,6.0,2.2,8.0,0.46,8.0,195.0,1718
5.0,2.3,2.3,5,5,11,4.5,32.0,5,8,36.0,0.08,0.17,0.17,0.08,4.0,0.3,0.19,0.41,1.0,1.35,2.0,0.3,5.0,96.0,1819
0.0,3.8,3.8,5,5,12,7.0,57.0,5,9,39.0,0.16,0.29,0.29,0.16,0.0,0.37,0.21,0.5,3.0,1.62,5.0,0.37,19.0,142.0,1920
0.0,0.9,0.9,2,2,3,3.8,16.0,2,5,11.0,0.1,0.42,0.42,0.1,0.0,0.54,0.22,0.33,0.0,1.2,2.0,0.54,2.0,46.0,2021
3.0,3.3,3.3,2,2,9,7.3,46.0,2,5,41.0,0.15,0.33,0.33,0.15,0.0,0.23,0.09,0.41,2.0,1.88,5.0,0.23,12.0,98.0,2324
0.0,0.7,0.7,0,0,3,1.3,17.0,0,1,10.0,0.03,0.05,0.05,0.03,1.0,0.04,0.0,0.12,0.0,0.41,0.0,0.04,0.0,21.0,2021
1.0,2.4,2.4,2,2,7,4.1,58.0,2,5,26.0,0.17,0.3,0.3,0.17,3.0,0.36,0.14,0.51,11.0,1.88,6.0,0.36,9.0,92.0,2324
2.0,1.7,1.7,2,2,4,3.3,36.0,2,7,30.0,0.05,0.09,0.09,0.05,0.0,0.2,0.06,0.11,1.0,0.86,4.0,0.2,4.0,69.0,2324
3.0,1.9,1.9,1,1,4,2.9,48.0,1,2,18.0,0.09,0.14,0.14,0.09,1.0,0.1,0.05,0.19,3.0,0.87,2.0,0.1,4.0,55.0,1920
3.0,2.9,2.9,3,3,9,4.0,63.0,3,4,23.0,0.1,0.14,0.14,0.1,1.0,0.14,0.1,0.31,2.0,0.78,3.0,0.14,4.0,55.0,2021
0.0,1.8,1.8,2,2,6,3.2,22.0,2,4,13.0,0.14,0.25,0.25,0.14,1.0,0.31,0.16,0.47,6.0,1.01,2.0,0.31,0.0,39.0,2324
6.0,6.6,6.6,5,5,18,11.3,112.0,5,10,43.0,0.27,0.47,0.47,0.27,5.0,0.41,0.21,0.74,9.0,1.78,5.0,0.41,53.0,232.0,1920
6.0,7.7,6.9,6,6,17,9.9,109.0,5,11,37.0,0.3,0.42,0.39,0.27,8.0,0.43,0.23,0.66,4.0,1.43,4.0,0.39,49.0,222.0,2021
5.0,4.6,4.6,6,6,16,13.3,122.0,6,14,42.0,0.18,0.51,0.51,0.18,4.0,0.54,0.23,0.62,4.0,1.62,5.0,0.54,57.0,242.0,2122
3.0,4.6,3.6,5,5,9,7.1,104.0,4,9,32.0,0.18,0.31,0.27,0.14,5.0,0.35,0.19,0.35,4.0,1.23,7.0,0.31,43.0,218.0,2223
8.0,4.1,3.3,3,3,12,7.0,117.0,2,8,33.0,0.21,0.39,0.35,0.17,10.0,0.4,0.15,0.6,4.0,1.66,2.0,0.35,55.0,214.0,2324
5.0,7.8,5.5,8,8,23,7.8,103.0,5,10,62.0,0.35,0.46,0.35,0.25,0.0,0.45,0.36,1.03,11.0,2.79,12.0,0.31,10.0,115.0,2324
2.0,0.5,0.5,1,1,1,0.5,5.0,1,1,4.0,0.06,0.06,0.06,0.06,0.0,0.12,0.12,0.12,0.0,0.49,0.0,0.12,0.0,0.0,1718
1.0,0.1,0.1,0,0,1,0.2,5.0,0,0,1.0,0.0,0.01,0.01,0.0,0.0,0.0,0.0,0.06,2.0,0.06,0.0,0.0,0.0,1.0,1920
0.0,1.2,1.2,1,1,4,1.2,22.0,1,1,11.0,0.05,0.05,0.05,0.05,1.0,0.04,0.04,0.17,4.0,0.48,0.0,0.04,1.0,8.0,2021
3.0,0.6,0.6,0,0,2,0.8,19.0,0,1,8.0,0.03,0.04,0.04,0.03,0.0,0.05,0.0,0.09,1.0,0.37,0.0,0.05,1.0,7.0,2122
1.0,2.7,2.7,3,3,7,3.0,52.0,3,3,21.0,0.1,0.11,0.11,0.1,0.0,0.11,0.11,0.26,4.0,0.77,2.0,0.11,1.0,11.0,2223
2.0,0.7,0.7,1,1,3,0.8,7.0,1,1,7.0,0.06,0.06,0.06,0.06,0.0,0.08,0.08,0.25,0.0,0.59,0.0,0.08,0.0,1.0,2324
16.0,17.1,15.5,15,15,37,18.2,141.0,14,19,88.0,0.76,0.88,0.81,0.69,2.0,0.85,0.67,1.65,17.0,3.93,8.0,0.8,29.0,164.0,1819
0.0,11.5,7.5,16,16,21,9.2,113.0,12,18,51.0,0.47,0.54,0.38,0.31,0.0,0.74,0.66,0.86,11.0,2.1,3.0,0.58,21.0,134.0,1920
21.0,5.3,5.3,1,1,9,6.3,49.0,1,1,30.0,0.7,0.83,0.83,0.7,4.0,0.13,0.13,1.2,6.0,3.99,5.0,0.13,7.0,45.0,2021
3.0,19.3,15.3,21,21,37,19.3,149.0,16,25,83.0,0.79,0.95,0.79,0.63,0.0,1.02,0.86,1.51,10.0,3.38,6.0,0.82,18.0,157.0,2122
5.0,2.2,2.2,2,2,7,6.2,68.0,2,8,23.0,0.18,0.49,0.49,0.18,5.0,0.63,0.16,0.55,2.0,1.81,0.0,0.63,27.0,148.0,1819
4.0,5.1,5.1,5,5,23,10.8,90.0,5,10,41.0,0.26,0.55,0.55,0.26,11.0,0.51,0.25,1.17,9.0,2.08,2.0,0.51,49.0,204.0,1920
13.0,4.6,4.6,4,4,25,11.3,103.0,4,15,50.0,0.17,0.43,0.43,0.17,12.0,0.57,0.15,0.94,10.0,1.88,6.0,0.57,57.0,270.0,2021
0.0,0.5,0.5,1,1,2,1.6,10.0,1,3,5.0,0.03,0.1,0.1,0.03,0.0,0.19,0.06,0.13,0.0,0.32,1.0,0.19,2.0,12.0,2324
0.0,0.8,0.8,1,1,2,1.2,38.0,1,1,14.0,0.06,0.08,0.08,0.06,0.0,0.07,0.07,0.15,3.0,1.02,1.0,0.07,15.0,78.0,2021
0.0,1.5,1.5,0,0,1,1.8,26.0,0,0,11.0,0.29,0.35,0.35,0.29,2.0,0.0,0.0,0.2,0.0,2.17,1.0,0.0,13.0,30.0,2122
0.0,3.4,2.6,2,2,9,4.7,65.0,1,3,44.0,0.18,0.29,0.24,0.14,1.0,0.16,0.1,0.47,1.0,2.31,6.0,0.1,31.0,159.0,1920
0.0,0.6,0.6,0,0,3,2.8,36.0,0,1,15.0,0.06,0.28,0.28,0.06,0.0,0.1,0.0,0.3,2.0,1.5,3.0,0.1,22.0,102.0,2021
2.0,8.3,6.0,7,7,14,8.2,77.0,5,9,45.0,0.4,0.51,0.4,0.29,0.0,0.43,0.34,0.67,24.0,2.16,3.0,0.34,17.0,133.0,1819
5.0,1.6,0.8,2,2,7,0.9,22.0,2,2,12.0,0.24,0.25,0.13,0.12,1.0,0.29,0.29,1.03,1.0,1.76,1.0,0.29,1.0,42.0,1920
1.0,1.5,1.5,0,0,2,1.7,21.0,0,1,17.0,0.04,0.05,0.05,0.04,1.0,0.03,0.0,0.06,0.0,0.49,0.0,0.03,1.0,15.0,1718
1.0,1.5,1.5,1,1,3,2.1,17.0,1,2,10.0,0.05,0.07,0.07,0.05,2.0,0.06,0.03,0.1,0.0,0.32,1.0,0.06,1.0,10.0,1819
0.0,3.9,2.3,4,4,3,2.9,23.0,2,4,10.0,0.14,0.16,0.1,0.08,0.0,0.14,0.14,0.11,3.0,0.35,0.0,0.07,1.0,14.0,2122
0.0,1.1,1.1,1,1,1,1.2,7.0,1,1,5.0,0.07,0.08,0.08,0.07,0.0,0.06,0.06,0.06,0.0,0.31,0.0,0.06,1.0,6.0,2324
2.0,0.9,0.9,0,0,3,3.4,37.0,0,3,15.0,0.04,0.13,0.13,0.04,1.0,0.12,0.0,0.12,3.0,0.58,1.0,0.12,8.0,96.0,1819
0.0,2.2,2.2,2,2,4,3.3,30.0,2,3,15.0,0.08,0.12,0.12,0.08,0.0,0.11,0.07,0.15,2.0,0.55,1.0,0.11,10.0,58.0,1920
2.0,0.2,0.2,0,0,1,0.4,11.0,0,0,3.0,0.01,0.02,0.02,0.01,1.0,0.0,0.0,0.06,0.0,0.17,0.0,0.0,5.0,34.0,2021
0.0,2.4,2.4,2,2,4,3.3,25.0,2,2,17.0,0.11,0.16,0.16,0.11,0.0,0.09,0.09,0.19,3.0,0.8,3.0,0.09,4.0,70.0,2223
0.0,2.2,2.2,0,0,4,2.7,47.0,0,0,16.0,0.25,0.32,0.32,0.25,0.0,0.0,0.0,0.47,1.0,1.87,1.0,0.0,7.0,74.0,1819
5.0,0.9,0.9,1,1,1,1.5,10.0,1,2,4.0,0.51,0.87,0.87,0.51,1.0,1.18,0.59,0.59,4.0,2.37,0.0,1.18,1.0,15.0,1819
5.0,5.1,5.1,5,5,11,6.0,46.0,5,6,34.0,0.44,0.52,0.52,0.44,2.0,0.52,0.43,0.95,9.0,2.94,4.0,0.52,5.0,103.0,1819
4.0,3.0,3.0,5,5,15,4.8,69.0,5,7,45.0,0.22,0.34,0.34,0.22,2.0,0.5,0.36,1.08,9.0,3.24,4.0,0.5,8.0,102.0,1920
2.0,4.1,4.1,4,4,12,5.6,45.0,4,6,31.0,0.44,0.6,0.6,0.44,0.0,0.64,0.43,1.28,7.0,3.3,2.0,0.64,7.0,66.0,2021
3.0,1.4,1.4,2,2,7,1.9,17.0,2,2,12.0,0.26,0.36,0.36,0.26,1.0,0.38,0.38,1.33,3.0,2.28,2.0,0.38,0.0,28.0,2122
3.0,2.7,2.7,3,3,9,3.9,48.0,3,4,32.0,0.21,0.3,0.3,0.21,2.0,0.31,0.23,0.7,13.0,2.5,4.0,0.31,7.0,84.0,2223
4.0,4.3,3.5,3,3,11,5.5,70.0,3,5,42.0,0.16,0.23,0.2,0.13,0.0,0.18,0.11,0.4,21.0,1.54,2.0,0.18,8.0,167.0,2324
1.0,2.6,2.6,2,2,11,4.1,55.0,2,3,27.0,0.21,0.33,0.33,0.21,0.0,0.24,0.16,0.89,3.0,2.18,4.0,0.24,25.0,76.0,2425
0.0,2.9,2.9,1,1,8,4.4,47.0,1,3,30.0,0.44,0.65,0.65,0.44,2.0,0.45,0.15,1.2,2.0,4.49,4.0,0.45,17.0,79.0,1819
9.0,2.4,1.6,0,0,5,2.6,23.0,0,2,11.0,1.15,1.61,1.24,0.77,2.0,0.95,0.0,2.37,1.0,5.21,3.0,0.95,4.0,35.0,1920
8.0,5.3,4.5,9,9,21,7.6,76.0,8,11,64.0,0.35,0.56,0.5,0.3,8.0,0.73,0.6,1.4,2.0,4.25,6.0,0.66,22.0,96.0,1920
6.0,7.0,6.2,8,8,38,12.2,119.0,8,16,88.0,0.22,0.4,0.38,0.19,6.0,0.49,0.25,1.17,11.0,2.71,11.0,0.49,29.0,253.0,2021
3.0,5.9,5.9,6,6,27,10.3,78.0,6,12,71.0,0.25,0.43,0.43,0.25,8.0,0.51,0.25,1.14,6.0,2.99,4.0,0.51,22.0,158.0,2122
0.0,0.3,0.3,1,1,4,0.4,11.0,1,1,6.0,0.16,0.25,0.25,0.16,0.0,0.59,0.59,2.35,0.0,3.53,1.0,0.59,5.0,20.0,1920
0.0,4.4,4.4,5,5,12,8.5,78.0,5,7,35.0,0.25,0.48,0.48,0.25,0.0,0.4,0.29,0.69,1.0,2.0,1.0,0.4,36.0,139.0,2324
1.0,2.6,2.6,3,3,5,2.9,23.0,3,3,7.0,0.79,0.88,0.88,0.79,0.0,0.92,0.92,1.53,5.0,2.14,0.0,0.92,3.0,21.0,2223
1.0,2.5,2.5,0,0,7,4.3,45.0,0,3,18.0,0.23,0.4,0.4,0.23,2.0,0.28,0.0,0.66,3.0,1.7,2.0,0.28,19.0,113.0,1819
3.0,1.5,1.5,1,1,5,2.7,34.0,1,3,15.0,0.21,0.36,0.36,0.21,1.0,0.4,0.13,0.67,1.0,2.0,2.0,0.4,14.0,120.0,1920
0.0,2.2,2.2,3,3,4,4.1,40.0,3,4,19.0,0.19,0.34,0.34,0.19,0.0,0.33,0.25,0.33,2.0,1.59,2.0,0.33,16.0,92.0,2021
1.0,1.4,1.4,1,1,3,1.6,19.0,1,2,14.0,0.16,0.18,0.18,0.16,0.0,0.23,0.12,0.35,3.0,1.62,2.0,0.23,8.0,53.0,2122
0.0,0.5,0.5,1,1,2,0.9,8.0,1,1,6.0,0.18,0.35,0.35,0.18,0.0,0.39,0.39,0.78,1.0,2.33,1.0,0.39,3.0,26.0,2223
0.0,0.6,0.6,1,1,4,2.7,16.0,1,2,21.0,0.04,0.17,0.17,0.04,2.0,0.13,0.06,0.25,3.0,1.33,0.0,0.13,4.0,134.0,1819
0.0,1.1,1.1,0,0,9,4.8,26.0,0,2,31.0,0.05,0.22,0.22,0.05,2.0,0.09,0.0,0.41,2.0,1.42,2.0,0.09,7.0,146.0,1920
0.0,0.9,0.9,0,0,2,3.0,20.0,0,2,19.0,0.05,0.16,0.16,0.05,5.0,0.11,0.0,0.11,3.0,1.02,1.0,0.11,2.0,111.0,2021
0.0,0.6,0.6,0,0,4,4.6,11.0,0,6,11.0,0.03,0.24,0.24,0.03,2.0,0.31,0.0,0.21,0.0,0.57,0.0,0.31,2.0,97.0,2223
1.0,0.1,0.1,0,0,3,0.3,7.0,0,1,4.0,0.01,0.03,0.03,0.01,0.0,0.12,0.0,0.36,0.0,0.48,0.0,0.12,0.0,2.0,2122
0.0,0.2,0.2,0,0,3,0.8,8.0,0,0,7.0,0.01,0.04,0.04,0.01,3.0,0.0,0.0,0.17,0.0,0.39,1.0,0.0,2.0,22.0,2324
0.0,1.2,1.2,0,0,6,3.5,30.0,0,3,18.0,0.05,0.16,0.16,0.05,5.0,0.14,0.0,0.27,1.0,0.82,0.0,0.14,8.0,87.0,2122
0.0,1.5,1.5,0,0,6,5.3,39.0,0,5,23.0,0.08,0.27,0.27,0.08,3.0,0.26,0.0,0.31,2.0,1.2,4.0,0.26,10.0,81.0,2223
1.0,0.4,0.4,0,0,4,1.8,11.0,0,3,9.0,0.02,0.12,0.12,0.02,2.0,0.2,0.0,0.26,4.0,0.59,0.0,0.2,2.0,72.0,2324
0.0,0.2,0.2,1,1,1,2.3,14.0,1,3,4.0,0.03,0.28,0.28,0.03,0.0,0.38,0.13,0.13,1.0,0.5,1.0,0.38,4.0,40.0,2425
2.0,1.3,0.5,1,1,2,2.9,7.0,0,3,12.0,0.05,0.15,0.12,0.02,0.0,0.12,0.04,0.08,2.0,0.5,3.0,0.08,0.0,33.0,1920
0.0,1.4,1.4,3,3,6,2.9,32.0,3,3,18.0,0.07,0.15,0.15,0.07,2.0,0.16,0.16,0.31,0.0,0.94,1.0,0.16,3.0,63.0,1920
2.0,0.6,0.6,0,0,3,1.9,15.0,0,2,10.0,0.02,0.08,0.08,0.02,4.0,0.08,0.0,0.13,0.0,0.42,1.0,0.08,2.0,39.0,2021
0.0,1.5,1.5,2,2,9,3.6,29.0,2,6,17.0,0.08,0.19,0.19,0.08,1.0,0.3,0.1,0.46,0.0,0.86,3.0,0.3,10.0,62.0,2122
0.0,3.5,1.1,3,3,4,2.0,17.0,0,3,18.0,0.18,0.22,0.1,0.06,0.0,0.15,0.15,0.2,1.0,0.9,3.0,0.0,4.0,39.0,1819
0.0,3.2,1.6,4,4,13,3.9,15.0,2,8,39.0,0.11,0.2,0.14,0.06,3.0,0.29,0.14,0.47,0.0,1.41,1.0,0.22,6.0,28.0,2223
1.0,0.4,0.4,0,0,2,1.2,6.0,0,3,10.0,0.02,0.06,0.06,0.02,0.0,0.14,0.0,0.09,0.0,0.46,0.0,0.14,1.0,17.0,2324
9.0,12.6,9.5,18,18,44,15.2,107.0,15,26,85.0,0.46,0.67,0.55,0.34,7.0,0.94,0.65,1.6,17.0,3.09,9.0,0.84,33.0,178.0,1718
7.0,10.2,5.5,9,9,38,10.9,120.0,5,16,85.0,0.46,0.71,0.49,0.25,4.0,0.72,0.41,1.72,18.0,3.85,11.0,0.54,26.0,175.0,1819
2.0,4.7,4.7,6,6,32,11.6,127.0,6,14,84.0,0.15,0.37,0.37,0.15,2.0,0.45,0.19,1.03,9.0,2.71,4.0,0.45,50.0,231.0,2122
1.0,2.4,1.6,2,2,6,4.4,43.0,1,4,24.0,0.23,0.48,0.41,0.15,2.0,0.37,0.19,0.56,7.0,2.25,2.0,0.28,13.0,76.0,2223
0.0,2.2,2.2,1,1,7,4.6,54.0,1,3,28.0,0.19,0.39,0.39,0.19,1.0,0.26,0.09,0.6,8.0,2.4,3.0,0.26,7.0,77.0,2324
0.0,1.6,1.6,2,2,7,4.4,20.0,2,5,12.0,0.18,0.48,0.48,0.18,0.0,0.55,0.22,0.77,1.0,1.33,1.0,0.55,5.0,36.0,1920
3.0,0.4,0.4,0,0,2,1.0,16.0,0,0,9.0,0.07,0.18,0.18,0.07,1.0,0.0,0.0,0.35,0.0,1.56,2.0,0.0,3.0,19.0,2021
0.0,2.2,2.2,3,3,7,4.1,30.0,3,4,26.0,0.17,0.31,0.31,0.17,0.0,0.31,0.23,0.54,0.0,1.99,4.0,0.31,8.0,42.0,2122
0.0,0.4,0.4,1,1,1,0.8,4.0,1,1,6.0,0.07,0.15,0.15,0.07,2.0,0.21,0.21,0.21,0.0,1.23,0.0,0.21,1.0,23.0,1920
1.0,0.3,0.3,0,0,2,3.1,19.0,0,2,9.0,0.01,0.15,0.15,0.01,0.0,0.1,0.0,0.1,2.0,0.43,0.0,0.1,1.0,96.0,1920
0.0,1.1,1.1,1,1,3,1.4,25.0,1,1,11.0,0.05,0.06,0.06,0.05,1.0,0.05,0.05,0.14,2.0,0.5,0.0,0.05,4.0,37.0,2021
3.0,0.6,0.6,0,0,1,2.0,20.0,0,1,8.0,0.03,0.1,0.1,0.03,0.0,0.05,0.0,0.05,0.0,0.4,1.0,0.05,4.0,67.0,2021
1.0,1.3,1.3,3,3,3,1.7,13.0,3,3,10.0,0.08,0.1,0.1,0.08,1.0,0.17,0.17,0.17,0.0,0.58,1.0,0.17,2.0,10.0,2122
0.0,0.8,0.8,1,1,4,1.7,19.0,1,2,9.0,0.04,0.09,0.09,0.04,1.0,0.11,0.05,0.22,3.0,0.49,3.0,0.11,4.0,34.0,2223
0.0,1.3,1.3,1,1,4,3.1,36.0,1,4,7.0,0.06,0.15,0.15,0.06,0.0,0.19,0.05,0.19,1.0,0.34,1.0,0.19,2.0,95.0,1819
1.0,3.1,3.1,2,2,6,4.9,43.0,2,2,19.0,0.12,0.18,0.18,0.12,1.0,0.08,0.08,0.23,2.0,0.72,5.0,0.08,3.0,129.0,1920
0.0,0.9,0.9,0,0,3,2.9,26.0,0,0,17.0,0.03,0.11,0.11,0.03,0.0,0.0,0.0,0.12,0.0,0.66,2.0,0.0,8.0,69.0,1920
0.0,0.8,0.8,0,0,2,2.4,22.0,0,0,10.0,0.03,0.09,0.09,0.03,1.0,0.0,0.0,0.08,1.0,0.38,1.0,0.0,1.0,58.0,2021
0.0,1.2,1.2,0,0,1,3.4,32.0,0,1,21.0,0.04,0.1,0.1,0.04,0.0,0.03,0.0,0.03,3.0,0.65,2.0,0.03,6.0,80.0,2122
0.0,0.6,0.6,0,0,2,1.2,16.0,0,0,9.0,0.04,0.08,0.08,0.04,0.0,0.0,0.0,0.14,0.0,0.65,3.0,0.0,4.0,52.0,2223
1.0,1.0,1.0,0,0,3,1.2,14.0,0,0,8.0,0.23,0.26,0.26,0.23,0.0,0.0,0.0,0.65,0.0,1.73,3.0,0.0,2.0,31.0,2324
1.0,2.2,2.2,3,3,6,3.5,18.0,3,4,18.0,0.26,0.42,0.42,0.26,2.0,0.48,0.36,0.72,0.0,2.15,1.0,0.48,6.0,36.0,1819
2.0,2.2,2.2,1,1,18,8.4,50.0,1,3,42.0,0.1,0.41,0.41,0.1,6.0,0.15,0.05,0.87,3.0,2.04,4.0,0.15,13.0,95.0,1920
1.0,2.2,2.2,2,2,14,5.3,30.0,2,8,42.0,0.1,0.25,0.25,0.1,0.0,0.38,0.1,0.67,4.0,2.0,6.0,0.38,8.0,82.0,2021
0.0,0.5,0.5,1,1,2,0.8,6.0,1,1,8.0,0.11,0.19,0.19,0.11,1.0,0.24,0.24,0.49,0.0,1.95,0.0,0.24,1.0,29.0,2122
4.0,0.9,0.9,0,0,6,3.0,16.0,0,1,16.0,0.12,0.4,0.4,0.12,1.0,0.13,0.0,0.79,1.0,2.11,0.0,0.13,2.0,34.0,2122
0.0,1.9,1.1,4,4,8,2.2,15.0,3,5,23.0,0.17,0.27,0.2,0.1,0.0,0.46,0.37,0.74,4.0,2.12,1.0,0.37,7.0,30.0,2223
0.0,0.1,0.1,1,1,3,0.7,7.0,1,1,4.0,0.05,0.28,0.28,0.05,1.0,0.41,0.41,1.22,0.0,1.62,1.0,0.41,2.0,13.0,2223
1.0,0.2,0.2,0,0,2,0.8,8.0,0,1,5.0,0.02,0.11,0.11,0.02,0.0,0.14,0.0,0.27,0.0,0.68,0.0,0.14,3.0,25.0,2223
0.0,3.3,3.3,2,2,14,6.0,63.0,2,4,32.0,0.11,0.2,0.2,0.11,2.0,0.13,0.07,0.46,8.0,1.05,5.0,0.13,22.0,179.0,2021
2.0,0.8,0.8,0,0,2,3.5,43.0,0,2,20.0,0.05,0.21,0.21,0.05,3.0,0.12,0.0,0.12,12.0,1.18,1.0,0.12,22.0,104.0,2122
7.0,1.4,1.4,2,2,6,4.0,36.0,2,7,16.0,0.07,0.2,0.2,0.07,2.0,0.34,0.1,0.3,4.0,0.79,2.0,0.34,7.0,156.0,2021
4.0,3.8,3.8,7,7,16,7.5,53.0,7,9,44.0,0.13,0.26,0.26,0.13,2.0,0.31,0.24,0.55,1.0,1.5,4.0,0.31,10.0,164.0,2122
0.0,1.3,1.3,2,2,4,4.2,44.0,2,5,12.0,0.06,0.2,0.2,0.06,3.0,0.24,0.1,0.19,7.0,0.58,0.0,0.24,8.0,170.0,2324
2.0,0.6,0.6,1,1,1,1.2,13.0,1,1,8.0,0.05,0.09,0.09,0.05,1.0,0.08,0.08,0.08,2.0,0.63,0.0,0.08,1.0,24.0,2324
0.0,0.0,0.0,0,0,1,0.1,1.0,0,0,1.0,0.01,0.04,0.04,0.01,1.0,0.0,0.0,0.31,0.0,0.31,0.0,0.0,0.0,6.0,1920
0.0,0.1,0.1,0,0,2,0.2,0.0,0,1,4.0,0.0,0.01,0.01,0.0,0.0,0.06,0.0,0.12,0.0,0.25,0.0,0.06,0.0,3.0,2021
1.0,0.0,0.0,0,0,1,0.0,0.0,0,0,1.0,0.0,0.0,0.0,0.0,0.0,0.0,0.0,0.09,0.0,0.09,0.0,0.0,0.0,8.0,2122
0.0,0.1,0.1,1,1,1,0.2,2.0,1,1,2.0,0.02,0.02,0.02,0.02,1.0,0.12,0.12,0.12,0.0,0.24,0.0,0.12,0.0,4.0,2223
0.0,0.2,0.2,0,0,2,1.3,2.0,0,1,7.0,0.02,0.11,0.11,0.02,1.0,0.09,0.0,0.17,0.0,0.6,1.0,0.09,1.0,13.0,2324
0.0,0.2,0.2,0,0,1,0.3,2.0,0,0,5.0,0.08,0.09,0.09,0.08,0.0,0.0,0.0,0.36,0.0,1.79,0.0,0.0,2.0,3.0,2021
1.0,0.4,0.4,0,0,1,0.5,8.0,0,0,6.0,0.04,0.05,0.05,0.04,1.0,0.0,0.0,0.09,0.0,0.57,0.0,0.0,0.0,11.0,2324
2.0,0.3,0.3,1,1,1,0.3,6.0,1,1,3.0,0.03,0.03,0.03,0.03,0.0,0.11,0.11,0.11,0.0,0.34,0.0,0.11,0.0,6.0,2021
1.0,0.7,0.7,2,2,2,1.2,10.0,2,2,5.0,0.07,0.12,0.12,0.07,0.0,0.2,0.2,0.2,0.0,0.49,0.0,0.2,0.0,8.0,2122
2.0,1.6,1.6,1,1,2,2.3,32.0,1,1,9.0,0.07,0.11,0.11,0.07,2.0,0.05,0.05,0.1,1.0,0.43,2.0,0.05,4.0,30.0,2223
0.0,2.5,2.5,2,2,5,3.7,38.0,2,4,20.0,0.11,0.16,0.16,0.11,0.0,0.18,0.09,0.22,0.0,0.88,4.0,0.18,1.0,18.0,2324
2.0,1.7,1.7,1,1,2,3.9,48.0,1,2,10.0,0.06,0.13,0.13,0.06,3.0,0.07,0.03,0.07,3.0,0.34,1.0,0.07,0.0,18.0,2324
5.0,0.8,0.8,1,1,4,1.2,27.0,1,1,13.0,0.11,0.15,0.15,0.11,2.0,0.13,0.13,0.52,3.0,1.68,0.0,0.13,12.0,63.0,2223
2.0,3.8,3.8,5,5,11,5.5,68.0,5,7,31.0,0.24,0.35,0.35,0.24,1.0,0.45,0.32,0.71,6.0,2.01,4.0,0.45,25.0,150.0,2324
4.0,7.6,7.6,6,6,22,12.2,137.0,6,10,74.0,0.21,0.34,0.34,0.21,4.0,0.28,0.17,0.61,15.0,2.04,10.0,0.28,68.0,301.0,1819
1.0,3.1,3.1,2,2,13,6.2,68.0,2,5,45.0,0.16,0.32,0.32,0.16,5.0,0.26,0.1,0.67,3.0,2.33,6.0,0.26,22.0,149.0,2021
0.0,1.7,1.7,1,1,9,5.6,46.0,1,6,26.0,0.08,0.27,0.27,0.08,0.0,0.29,0.05,0.44,3.0,1.28,5.0,0.29,17.0,131.0,2122
0.0,1.6,1.6,1,1,8,2.4,21.0,1,2,17.0,0.2,0.29,0.29,0.2,1.0,0.24,0.12,0.97,5.0,2.05,1.0,0.24,8.0,36.0,2021
5.0,0.6,0.6,0,0,5,1.2,20.0,0,1,12.0,0.07,0.13,0.13,0.07,2.0,0.11,0.0,0.56,3.0,1.34,2.0,0.11,4.0,44.0,2122
2.0,3.5,3.5,5,5,11,6.7,60.0,5,7,21.0,0.38,0.73,0.73,0.38,4.0,0.77,0.55,1.21,4.0,2.31,2.0,0.77,16.0,114.0,2324
2.0,2.6,2.6,4,4,18,5.0,54.0,4,5,39.0,0.11,0.2,0.2,0.11,1.0,0.2,0.16,0.73,3.0,1.59,4.0,0.2,13.0,114.0,2021
0.0,2.4,2.4,2,2,13,3.0,36.0,2,3,33.0,0.15,0.19,0.19,0.15,0.0,0.19,0.13,0.83,2.0,2.09,3.0,0.19,8.0,78.0,2122
0.0,0.1,0.1,0,0,1,0.3,3.0,0,0,2.0,0.03,0.12,0.12,0.03,1.0,0.0,0.0,0.33,0.0,0.67,0.0,0.0,0.0,8.0,1819
0.0,0.1,0.1,0,0,2,0.5,1.0,0,1,3.0,0.01,0.04,0.04,0.01,0.0,0.07,0.0,0.13,0.0,0.2,0.0,0.07,0.0,25.0,2122
1.0,1.5,1.5,3,3,4,1.6,9.0,3,3,10.0,0.13,0.14,0.14,0.13,0.0,0.26,0.26,0.34,0.0,0.86,0.0,0.26,0.0,3.0,1819
1.0,1.1,1.1,1,1,3,1.5,18.0,1,2,8.0,0.27,0.38,0.38,0.27,0.0,0.49,0.24,0.73,0.0,1.96,0.0,0.49,7.0,39.0,1718
8.0,13.2,10.1,8,8,22,13.9,141.0,5,10,67.0,0.47,0.61,0.5,0.36,2.0,0.36,0.29,0.79,12.0,2.4,7.0,0.25,22.0,181.0,2021
1.0,8.7,7.1,8,8,14,9.5,108.0,7,10,59.0,0.34,0.44,0.38,0.28,0.0,0.4,0.32,0.55,6.0,2.33,9.0,0.36,7.0,164.0,2122
6.0,4.8,4.8,1,1,13,5.4,49.0,1,1,32.0,0.39,0.43,0.43,0.39,3.0,0.08,0.08,1.05,1.0,2.58,2.0,0.08,3.0,61.0,2223
0.0,5.7,5.7,6,6,14,8.1,71.0,6,9,37.0,0.39,0.55,0.55,0.39,0.0,0.61,0.41,0.95,4.0,2.52,6.0,0.61,12.0,91.0,2324
0.0,1.3,1.3,1,1,7,2.7,23.0,1,1,25.0,0.06,0.13,0.13,0.06,1.0,0.05,0.05,0.33,2.0,1.2,2.0,0.05,5.0,67.0,2223
1.0,0.8,0.8,0,0,4,2.5,30.0,0,1,15.0,0.04,0.13,0.13,0.04,3.0,0.05,0.0,0.22,4.0,0.82,4.0,0.05,6.0,86.0,2324
1.0,1.2,1.2,1,1,7,2.4,27.0,1,2,21.0,0.12,0.23,0.23,0.12,0.0,0.19,0.1,0.67,3.0,2.01,1.0,0.19,10.0,47.0,2223
2.0,1.9,1.9,1,1,8,3.4,29.0,1,1,23.0,0.21,0.37,0.37,0.21,2.0,0.11,0.11,0.88,6.0,2.53,2.0,0.11,12.0,96.0,2223
2.0,1.1,1.1,0,0,1,1.7,20.0,0,1,10.0,0.06,0.09,0.09,0.06,0.0,0.05,0.0,0.05,0.0,0.53,0.0,0.05,1.0,8.0,2122
0.0,1.0,1.0,2,2,8,1.5,21.0,2,2,16.0,0.03,0.05,0.05,0.03,0.0,0.06,0.06,0.26,0.0,0.51,1.0,0.06,1.0,26.0,2223
0.0,0.3,0.3,0,0,1,0.3,2.0,0,0,9.0,0.02,0.03,0.03,0.02,0.0,0.0,0.0,0.09,0.0,0.78,0.0,0.0,0.0,3.0,2021
1.0,1.7,1.7,3,3,9,2.1,18.0,3,4,38.0,0.06,0.07,0.07,0.06,1.0,0.13,0.1,0.29,1.0,1.23,3.0,0.13,0.0,6.0,2223
1.0,0.8,0.8,1,1,3,1.2,8.0,1,2,19.0,0.04,0.06,0.06,0.04,1.0,0.1,0.05,0.15,0.0,0.98,2.0,0.1,0.0,5.0,2324
1.0,3.0,3.0,2,2,11,3.7,46.0,2,2,34.0,0.09,0.12,0.12,0.09,0.0,0.06,0.06,0.34,1.0,1.06,3.0,0.06,3.0,33.0,1920
1.0,2.0,2.0,1,1,4,2.9,32.0,1,1,17.0,0.07,0.1,0.1,0.07,2.0,0.03,0.03,0.13,0.0,0.56,1.0,0.03,6.0,32.0,2021
0.0,2.6,2.6,1,1,5,3.4,59.0,1,3,31.0,0.08,0.1,0.1,0.08,0.0,0.09,0.03,0.15,0.0,0.95,3.0,0.09,5.0,44.0,2122
4.0,1.8,1.8,0,0,7,2.3,35.0,0,0,18.0,0.08,0.1,0.1,0.08,0.0,0.0,0.0,0.31,0.0,0.79,3.0,0.0,4.0,29.0,2223
0.0,0.2,0.2,0,0,2,1.0,5.0,0,2,7.0,0.01,0.05,0.05,0.01,0.0,0.11,0.0,0.11,0.0,0.4,0.0,0.11,3.0,8.0,1920
0.0,0.3,0.3,0,0,3,1.0,9.0,0,0,6.0,0.02,0.08,0.08,0.02,4.0,0.0,0.0,0.24,0.0,0.49,2.0,0.0,3.0,12.0,2021
2.0,0.2,0.2,0,0,1,2.2,8.0,0,4,6.0,0.01,0.14,0.14,0.01,2.0,0.26,0.0,0.07,0.0,0.39,0.0,0.26,2.0,7.0,2122
0.0,1.0,1.0,2,2,4,3.6,25.0,2,4,11.0,0.05,0.17,0.17,0.05,0.0,0.19,0.1,0.19,1.0,0.53,2.0,0.19,7.0,17.0,2223
0.0,0.3,0.3,0,0,1,1.1,7.0,0,0,5.0,0.03,0.1,0.1,0.03,1.0,0.0,0.0,0.09,1.0,0.44,1.0,0.0,0.0,8.0,2324
0.0,0.1,0.1,1,1,1,0.6,6.0,1,1,1.0,0.0,0.03,0.03,0.0,2.0,0.05,0.05,0.05,2.0,0.05,0.0,0.05,2.0,30.0,1920
5.0,1.1,1.1,0,0,2,1.3,33.0,0,0,16.0,0.15,0.17,0.17,0.15,1.0,0.0,0.0,0.26,4.0,2.11,2.0,0.0,14.0,65.0,1819
2.0,3.3,3.3,5,5,14,4.5,46.0,5,6,30.0,0.34,0.46,0.46,0.34,1.0,0.61,0.51,1.43,3.0,3.07,3.0,0.61,28.0,115.0,1920
1.0,1.6,1.6,2,2,7,1.9,19.0,2,3,12.0,0.37,0.44,0.44,0.37,2.0,0.68,0.45,1.59,2.0,2.73,1.0,0.68,9.0,39.0,2021
0.0,1.9,1.9,1,1,6,2.9,34.0,1,3,15.0,0.29,0.43,0.43,0.29,0.0,0.44,0.15,0.88,4.0,2.21,0.0,0.44,20.0,77.0,2021
0.0,5.0,5.0,2,2,17,6.6,90.0,2,4,52.0,0.31,0.41,0.41,0.31,0.0,0.25,0.12,1.05,12.0,3.2,2.0,0.25,52.0,163.0,2223
0.0,0.3,0.3,1,1,1,0.4,5.0,1,1,4.0,0.04,0.05,0.05,0.04,1.0,0.12,0.12,0.12,0.0,0.49,0.0,0.12,1.0,8.0,1819
13.0,11.0,7.1,15,15,20,14.0,109.0,10,22,49.0,0.69,1.12,0.87,0.44,6.0,1.38,0.94,1.25,7.0,3.06,6.0,1.06,32.0,138.0,1819
13.0,13.1,8.4,9,9,16,15.6,113.0,4,14,64.0,0.83,1.29,0.99,0.53,6.0,0.89,0.57,1.02,3.0,4.07,7.0,0.57,31.0,163.0,2021
2.0,0.3,0.3,0,0,3,0.5,10.0,0,1,5.0,0.2,0.29,0.29,0.2,0.0,0.61,0.0,1.84,0.0,3.06,1.0,0.61,4.0,10.0,2021
12.0,2.4,2.4,2,2,6,4.1,55.0,2,2,22.0,0.18,0.31,0.31,0.18,2.0,0.15,0.15,0.45,6.0,1.67,2.0,0.15,8.0,80.0,2324
4.0,3.8,3.1,2,2,12,3.9,51.0,1,3,36.0,0.31,0.38,0.32,0.25,1.0,0.24,0.16,0.97,5.0,2.91,3.0,0.16,9.0,102.0,1819
6.0,1.8,1.7,4,4,10,2.3,31.0,4,5,17.0,0.39,0.53,0.51,0.37,0.0,1.12,0.89,2.23,3.0,3.8,1.0,1.12,5.0,48.0,1920
16.0,5.0,3.5,6,6,15,3.7,54.0,4,6,33.0,0.52,0.54,0.38,0.35,5.0,0.62,0.62,1.54,15.0,3.39,1.0,0.41,3.0,68.0,2021
0.0,12.4,10.0,12,12,23,13.2,105.0,9,20,50.0,0.5,0.63,0.54,0.41,0.0,0.81,0.49,0.94,11.0,2.03,4.0,0.69,11.0,119.0,2324
3.0,0.8,0.8,1,1,1,0.9,12.0,1,1,9.0,0.03,0.03,0.03,0.03,1.0,0.03,0.03,0.03,1.0,0.31,1.0,0.03,2.0,2.0,1920
1.0,1.6,1.6,2,2,6,1.7,25.0,2,3,18.0,0.06,0.06,0.06,0.06,1.0,0.11,0.07,0.22,1.0,0.65,2.0,0.11,0.0,6.0,2324
1.0,1.0,1.0,2,2,4,2.4,30.0,2,2,20.0,0.08,0.2,0.2,0.08,2.0,0.16,0.16,0.32,3.0,1.61,3.0,0.16,9.0,74.0,2122
1.0,0.2,0.2,0,0,1,0.4,7.0,0,0,3.0,0.06,0.1,0.1,0.06,0.0,0.0,0.0,0.24,0.0,0.72,0.0,0.0,1.0,3.0,1920
4.0,2.3,2.3,1,1,7,2.9,23.0,1,1,22.0,0.16,0.2,0.2,0.16,1.0,0.07,0.07,0.49,0.0,1.54,1.0,0.07,0.0,5.0,2021
2.0,1.6,1.6,4,4,6,3.3,23.0,4,9,18.0,0.06,0.13,0.13,0.06,1.0,0.36,0.16,0.24,1.0,0.72,3.0,0.36,1.0,14.0,2223
0.0,3.0,3.0,2,2,6,4.9,39.0,2,3,27.0,0.1,0.15,0.15,0.1,4.0,0.09,0.06,0.19,0.0,0.85,5.0,0.09,2.0,11.0,2324
1.0,2.3,2.3,1,1,8,12.8,97.0,1,6,30.0,0.08,0.45,0.45,0.08,0.0,0.21,0.04,0.28,9.0,1.06,4.0,0.21,36.0,255.0,1819
0.0,0.4,0.4,1,1,1,0.5,14.0,1,1,6.0,0.06,0.08,0.08,0.06,0.0,0.15,0.15,0.15,4.0,0.91,1.0,0.15,7.0,60.0,1920
6.0,2.6,2.6,0,0,10,4.1,81.0,0,0,33.0,0.17,0.27,0.27,0.17,4.0,0.0,0.0,0.67,10.0,2.22,5.0,0.0,37.0,147.0,2122
5.0,4.9,4.9,6,6,20,11.3,148.0,6,10,61.0,0.17,0.38,0.38,0.17,11.0,0.34,0.2,0.68,14.0,2.07,4.0,0.34,64.0,321.0,2223
5.0,6.0,6.0,5,5,19,11.7,148.0,5,16,56.0,0.24,0.46,0.46,0.24,5.0,0.64,0.2,0.76,12.0,2.23,6.0,0.64,62.0,302.0,2324
0.0,0.4,0.4,0,0,1,4.0,21.0,0,5,16.0,0.01,0.12,0.12,0.01,0.0,0.15,0.0,0.03,1.0,0.49,1.0,0.15,5.0,113.0,1819
0.0,0.6,0.6,0,0,1,1.6,13.0,0,0,8.0,0.03,0.06,0.06,0.03,0.0,0.0,0.0,0.04,0.0,0.32,0.0,0.0,4.0,82.0,1920
1.0,0.4,0.4,0,0,1,0.7,10.0,0,0,5.0,0.07,0.11,0.11,0.07,0.0,0.0,0.0,0.16,0.0,0.79,2.0,0.0,4.0,37.0,2021
0.0,0.1,0.1,1,1,1,0.5,12.0,1,1,3.0,0.01,0.05,0.05,0.01,0.0,0.09,0.09,0.09,2.0,0.27,0.0,0.09,0.0,30.0,2122
4.0,1.7,1.7,2,2,12,4.1,47.0,2,6,30.0,0.14,0.32,0.32,0.14,3.0,0.47,0.16,0.95,4.0,2.37,5.0,0.47,19.0,108.0,1819
2.0,9.9,6.7,4,4,19,12.4,90.0,1,7,76.0,0.39,0.62,0.49,0.27,2.0,0.28,0.16,0.75,8.0,3.01,8.0,0.16,39.0,200.0,1920
2.0,3.9,3.9,2,2,13,6.8,54.0,2,4,31.0,0.3,0.53,0.53,0.3,3.0,0.31,0.15,1.0,3.0,2.39,1.0,0.31,21.0,88.0,2021
4.0,3.5,3.5,2,2,6,5.5,26.0,2,5,24.0,0.35,0.55,0.55,0.35,2.0,0.5,0.2,0.6,6.0,2.41,5.0,0.5,8.0,64.0,2122
2.0,2.8,2.8,4,4,8,3.7,29.0,4,6,22.0,0.34,0.45,0.45,0.34,2.0,0.73,0.49,0.97,11.0,2.68,2.0,0.73,7.0,72.0,2223
0.0,2.8,2.8,2,2,5,4.1,26.0,2,4,23.0,0.33,0.48,0.48,0.33,0.0,0.47,0.23,0.59,0.0,2.7,2.0,0.47,6.0,75.0,2324
2.0,0.4,0.4,0,0,4,0.9,13.0,0,0,9.0,0.05,0.1,0.1,0.05,1.0,0.0,0.0,0.45,1.0,1.02,2.0,0.0,8.0,35.0,2122
0.0,1.3,1.3,2,2,9,2.5,33.0,2,3,29.0,0.05,0.1,0.1,0.05,1.0,0.12,0.08,0.37,1.0,1.19,5.0,0.12,21.0,99.0,2223
1.0,0.8,0.8,0,0,1,2.5,31.0,0,1,16.0,0.08,0.23,0.23,0.08,1.0,0.09,0.0,0.09,1.0,1.49,3.0,0.09,16.0,62.0,2324
0.0,0.2,0.2,1,1,3,1.9,16.0,1,2,5.0,0.05,0.39,0.39,0.05,0.0,0.41,0.21,0.62,0.0,1.03,1.0,0.41,8.0,47.0,2425
3.0,0.7,0.7,2,2,2,0.8,6.0,2,2,3.0,0.27,0.32,0.32,0.27,0.0,0.83,0.83,0.83,1.0,1.24,0.0,0.83,2.0,7.0,1819
2.0,1.6,1.6,2,2,3,2.1,29.0,2,4,6.0,0.05,0.07,0.07,0.05,1.0,0.13,0.06,0.1,1.0,0.19,0.0,0.13,6.0,38.0,2122
0.0,1.4,1.4,2,2,4,2.1,19.0,2,3,7.0,0.1,0.15,0.15,0.1,0.0,0.21,0.14,0.28,3.0,0.49,1.0,0.21,3.0,34.0,2223
1.0,0.3,0.3,0,0,2,1.3,17.0,0,2,7.0,0.03,0.12,0.12,0.03,1.0,0.18,0.0,0.18,1.0,0.63,1.0,0.18,3.0,49.0,2122
0.0,1.2,1.2,1,1,3,2.1,16.0,1,2,8.0,0.09,0.16,0.16,0.09,0.0,0.16,0.08,0.23,1.0,0.62,0.0,0.16,2.0,23.0,2223
1.0,2.6,2.6,1,1,3,3.2,19.0,1,1,26.0,0.09,0.1,0.1,0.09,3.0,0.03,0.03,0.1,0.0,0.84,3.0,0.03,4.0,20.0,1920
2.0,1.4,1.4,1,1,8,2.8,27.0,1,4,20.0,0.05,0.09,0.09,0.05,4.0,0.13,0.03,0.26,0.0,0.66,4.0,0.13,3.0,14.0,2021
0.0,0.7,0.7,1,1,1,1.1,20.0,1,2,16.0,0.03,0.04,0.04,0.03,0.0,0.08,0.04,0.04,0.0,0.62,3.0,0.08,0.0,15.0,2324
14.0,7.8,7.8,12,12,23,11.0,93.0,12,16,41.0,0.44,0.62,0.62,0.44,5.0,0.9,0.68,1.3,13.0,2.31,5.0,0.9,19.0,117.0,2223
1.0,1.6,1.6,1,1,3,1.6,13.0,1,1,10.0,0.05,0.05,0.05,0.05,0.0,0.03,0.03,0.1,0.0,0.33,1.0,0.03,0.0,0.0,1920
0.0,0.5,0.5,1,1,1,0.5,4.0,1,1,3.0,0.03,0.04,0.04,0.03,0.0,0.07,0.07,0.07,0.0,0.2,0.0,0.07,0.0,0.0,2021
1.0,1.9,1.9,2,2,4,2.1,18.0,2,2,14.0,0.06,0.07,0.07,0.06,0.0,0.06,0.06,0.13,3.0,0.45,0.0,0.06,0.0,5.0,2021
1.0,0.4,0.4,1,1,2,0.5,16.0,1,1,8.0,0.02,0.02,0.02,0.02,0.0,0.04,0.04,0.07,1.0,0.29,1.0,0.04,0.0,7.0,2122
0.0,0.1,0.1,0,0,1,0.5,7.0,0,1,4.0,0.01,0.03,0.03,0.01,2.0,0.06,0.0,0.06,1.0,0.23,0.0,0.06,0.0,2.0,2324
22.0,8.2,7.4,13,13,26,11.3,109.0,12,17,64.0,0.26,0.38,0.36,0.23,11.0,0.54,0.41,0.82,26.0,2.03,3.0,0.51,34.0,285.0,1718
5.0,21.1,13.3,22,22,51,22.8,170.0,13,33,108.0,0.57,0.83,0.62,0.36,6.0,0.89,0.6,1.38,11.0,2.92,12.0,0.65,62.0,293.0,1819
1.0,5.8,5.0,10,10,19,6.0,115.0,9,11,47.0,0.32,0.38,0.33,0.28,2.0,0.61,0.56,1.06,4.0,2.62,4.0,0.56,36.0,199.0,2021
6.0,2.6,2.6,1,1,7,4.3,56.0,1,3,23.0,0.34,0.56,0.56,0.34,0.0,0.39,0.13,0.91,4.0,2.97,3.0,0.39,15.0,97.0,2122
3.0,8.1,5.8,6,6,17,8.3,90.0,3,6,46.0,0.48,0.63,0.49,0.34,6.0,0.36,0.36,1.02,6.0,2.77,4.0,0.18,26.0,151.0,2223
0.0,3.8,0.6,5,5,4,2.4,12.0,1,7,14.0,0.33,0.48,0.21,0.06,0.0,0.61,0.43,0.35,0.0,1.22,2.0,0.26,1.0,13.0,2021
3.0,3.4,2.6,5,5,11,6.5,34.0,5,7,37.0,0.25,0.54,0.49,0.19,1.0,0.52,0.37,0.82,2.0,2.76,2.0,0.52,8.0,68.0,2324
3.0,1.8,1.0,2,2,1,1.2,17.0,1,2,9.0,0.58,0.64,0.39,0.33,3.0,0.63,0.63,0.32,2.0,2.84,0.0,0.32,4.0,20.0,1718
6.0,2.3,2.3,3,3,11,6.1,43.0,3,6,32.0,0.16,0.43,0.43,0.16,4.0,0.42,0.21,0.78,4.0,2.27,4.0,0.42,12.0,115.0,1819
1.0,5.0,4.3,6,6,19,9.1,53.0,5,10,45.0,0.22,0.44,0.41,0.19,2.0,0.45,0.27,0.86,2.0,2.03,7.0,0.41,17.0,159.0,1920
5.0,3.8,3.8,1,1,11,7.2,68.0,1,3,38.0,0.21,0.4,0.4,0.21,2.0,0.17,0.06,0.61,2.0,2.12,5.0,0.17,13.0,111.0,2021
1.0,0.4,0.4,0,0,1,1.5,7.0,0,1,10.0,0.05,0.19,0.19,0.05,0.0,0.13,0.0,0.13,0.0,1.29,0.0,0.13,1.0,12.0,1920
0.0,1.2,1.2,1,1,5,2.9,21.0,1,1,18.0,0.08,0.21,0.21,0.08,3.0,0.07,0.07,0.36,1.0,1.29,3.0,0.07,3.0,32.0,2021
3.0,1.2,1.2,0,0,3,3.6,31.0,0,3,21.0,0.05,0.16,0.16,0.05,2.0,0.13,0.0,0.13,0.0,0.94,5.0,0.13,1.0,44.0,2122
2.0,2.6,2.6,3,3,17,5.4,37.0,3,5,42.0,0.1,0.21,0.21,0.1,2.0,0.2,0.12,0.67,2.0,1.64,1.0,0.2,5.0,84.0,2223
6.0,6.3,6.3,2,2,11,10.2,110.0,2,5,59.0,0.26,0.42,0.42,0.26,2.0,0.21,0.08,0.46,10.0,2.46,5.0,0.21,17.0,154.0,1819
2.0,7.4,4.3,6,6,9,6.3,64.0,3,8,45.0,0.71,0.9,0.6,0.41,1.0,0.77,0.58,0.87,7.0,4.34,4.0,0.48,16.0,65.0,2021
7.0,1.4,1.4,2,2,3,2.2,27.0,2,3,17.0,0.11,0.18,0.18,0.11,6.0,0.24,0.16,0.24,1.0,1.37,2.0,0.24,7.0,45.0,2122
1.0,10.1,7.7,7,7,19,12.0,137.0,4,13,69.0,0.39,0.55,0.46,0.3,1.0,0.5,0.27,0.73,5.0,2.63,10.0,0.38,37.0,210.0,2122
6.0,1.5,1.5,1,1,3,2.8,19.0,1,2,14.0,0.1,0.18,0.18,0.1,1.0,0.13,0.06,0.19,0.0,0.9,2.0,0.13,1.0,17.0,2223
12.0,6.7,5.4,6,6,17,6.7,73.0,4,7,58.0,0.45,0.53,0.45,0.36,2.0,0.47,0.4,1.13,4.0,3.86,6.0,0.33,9.0,112.0,2223
1.0,10.4,8.0,12,12,33,9.6,133.0,11,14,84.0,0.49,0.56,0.45,0.38,0.0,0.66,0.56,1.55,2.0,3.95,11.0,0.61,20.0,190.0,2324
2.0,1.3,1.3,0,0,3,1.5,17.0,0,0,15.0,0.1,0.11,0.11,0.1,0.0,0.0,0.0,0.22,0.0,1.09,0.0,0.0,0.0,3.0,1819
3.0,2.1,2.1,1,1,5,3.7,31.0,1,5,24.0,0.09,0.17,0.17,0.09,7.0,0.22,0.04,0.22,2.0,1.07,2.0,0.22,8.0,98.0,1920
3.0,2.4,2.4,3,3,8,8.1,54.0,3,10,36.0,0.07,0.25,0.25,0.07,11.0,0.31,0.09,0.25,2.0,1.12,3.0,0.31,12.0,149.0,2021
2.0,3.2,3.2,6,6,13,8.8,57.0,6,12,33.0,0.11,0.3,0.3,0.11,3.0,0.41,0.21,0.45,9.0,1.14,2.0,0.41,10.0,162.0,2223
3.0,5.1,5.1,2,2,12,8.5,58.0,2,5,40.0,0.16,0.27,0.27,0.16,6.0,0.16,0.06,0.38,3.0,1.26,7.0,0.16,9.0,144.0,2324
1.0,3.9,3.9,1,1,17,6.7,115.0,1,2,71.0,0.14,0.24,0.24,0.14,3.0,0.07,0.04,0.6,3.0,2.5,6.0,0.07,48.0,197.0,2324
0.0,0.6,0.6,1,1,2,0.9,14.0,1,2,8.0,0.02,0.03,0.03,0.02,0.0,0.07,0.04,0.07,0.0,0.3,1.0,0.07,0.0,3.0,2223
0.0,0.9,0.9,0,0,1,0.9,8.0,0,0,7.0,0.05,0.05,0.05,0.05,1.0,0.0,0.0,0.06,0.0,0.4,3.0,0.0,1.0,4.0,2324
0.0,0.5,0.5,0,0,1,0.9,9.0,0,1,4.0,0.05,0.09,0.09,0.05,0.0,0.1,0.0,0.1,0.0,0.4,2.0,0.1,0.0,2.0,2425
0.0,1.5,1.5,3,3,8,2.8,15.0,3,6,13.0,0.09,0.17,0.17,0.09,2.0,0.36,0.18,0.47,1.0,0.77,4.0,0.36,5.0,56.0,2223
1.0,0.4,0.4,0,0,2,1.1,5.0,0,2,6.0,0.08,0.23,0.23,0.08,2.0,0.41,0.0,0.41,1.0,1.24,1.0,0.41,1.0,15.0,2324
0.0,0.5,0.5,1,1,4,3.5,8.0,1,3,10.0,0.05,0.32,0.32,0.05,0.0,0.28,0.09,0.37,0.0,0.94,4.0,0.28,0.0,19.0,2425
0.0,0.9,0.9,0,0,2,2.4,3.0,0,2,11.0,0.07,0.18,0.18,0.07,3.0,0.15,0.0,0.15,0.0,0.83,0.0,0.15,1.0,7.0,2021
0.0,0.7,0.7,0,0,4,3.0,9.0,0,3,17.0,0.04,0.18,0.18,0.04,0.0,0.18,0.0,0.25,3.0,1.04,2.0,0.18,0.0,34.0,2122
0.0,1.2,1.2,1,1,6,3.4,10.0,1,3,21.0,0.06,0.18,0.18,0.06,2.0,0.16,0.05,0.31,2.0,1.09,1.0,0.16,2.0,19.0,2223
0.0,0.6,0.6,0,0,1,1.1,3.0,0,2,5.0,0.04,0.08,0.08,0.04,3.0,0.14,0.0,0.07,0.0,0.34,0.0,0.14,1.0,11.0,2324
6.0,4.4,4.4,4,4,18,6.2,74.0,4,6,48.0,0.23,0.31,0.31,0.23,2.0,0.31,0.2,0.92,2.0,2.45,9.0,0.31,23.0,130.0,1819
2.0,3.6,3.6,6,6,21,7.9,76.0,6,8,46.0,0.22,0.47,0.47,0.22,1.0,0.48,0.36,1.26,3.0,2.75,4.0,0.48,21.0,108.0,1920
1.0,5.6,5.6,2,2,20,8.5,100.0,2,3,70.0,0.25,0.39,0.39,0.25,0.0,0.14,0.09,0.91,10.0,3.2,12.0,0.14,27.0,205.0,2122
2.0,2.9,2.9,1,1,7,3.8,45.0,1,1,28.0,0.29,0.39,0.39,0.29,0.0,0.1,0.1,0.71,4.0,2.83,4.0,0.1,10.0,69.0,2223
0.0,1.3,1.3,3,3,7,3.5,26.0,3,5,22.0,0.09,0.24,0.24,0.09,0.0,0.34,0.21,0.48,0.0,1.51,1.0,0.34,13.0,62.0,2324
0.0,0.2,0.2,1,1,1,0.7,0.0,1,1,12.0,0.01,0.03,0.03,0.01,0.0,0.04,0.04,0.04,0.0,0.46,1.0,0.04,0.0,7.0,2122
1.0,1.6,1.6,3,3,9,2.9,19.0,3,3,21.0,0.14,0.24,0.24,0.14,1.0,0.25,0.25,0.75,0.0,1.74,3.0,0.25,4.0,49.0,2223
0.0,0.7,0.7,1,1,2,1.3,18.0,1,1,10.0,0.04,0.07,0.07,0.04,0.0,0.05,0.05,0.1,0.0,0.52,2.0,0.05,0.0,3.0,1920
1.0,1.1,1.1,0,0,2,1.9,28.0,0,0,11.0,0.03,0.06,0.06,0.03,0.0,0.0,0.0,0.06,3.0,0.35,1.0,0.0,2.0,15.0,2021
0.0,0.8,0.8,1,1,4,1.2,13.0,1,1,11.0,0.04,0.05,0.05,0.04,0.0,0.04,0.04,0.18,1.0,0.49,1.0,0.04,1.0,1.0,2122
2.0,0.2,0.2,0,0,1,0.5,11.0,0,0,3.0,0.01,0.02,0.02,0.01,0.0,0.0,0.0,0.04,1.0,0.13,0.0,0.0,0.0,3.0,2223
0.0,0.2,0.2,2,2,2,0.2,3.0,2,2,4.0,0.02,0.02,0.02,0.02,1.0,0.17,0.17,0.17,1.0,0.33,0.0,0.17,0.0,1.0,2324
0.0,1.5,1.5,2,2,6,1.7,23.0,2,2,20.0,0.05,0.06,0.06,0.05,1.0,0.07,0.07,0.2,0.0,0.68,0.0,0.07,3.0,1.0,1819
1.0,1.0,1.0,1,1,4,1.3,24.0,1,1,20.0,0.06,0.08,0.08,0.06,2.0,0.06,0.06,0.24,0.0,1.2,2.0,0.06,2.0,29.0,2021
2.0,1.3,1.3,1,1,6,2.5,23.0,1,3,16.0,0.07,0.12,0.12,0.07,3.0,0.15,0.05,0.29,1.0,0.78,3.0,0.15,2.0,20.0,2122
1.0,2.2,2.2,2,2,7,4.4,40.0,2,5,33.0,0.09,0.19,0.19,0.09,0.0,0.21,0.08,0.3,0.0,1.4,6.0,0.21,1.0,57.0,2223
0.0,0.4,0.4,1,1,1,0.6,11.0,1,1,7.0,0.03,0.04,0.04,0.03,0.0,0.06,0.06,0.06,0.0,0.42,0.0,0.06,0.0,9.0,2324
0.0,0.3,0.3,0,0,2,0.3,5.0,0,0,2.0,0.06,0.06,0.06,0.06,0.0,0.0,0.0,0.37,0.0,0.37,1.0,0.0,0.0,5.0,2122
0.0,0.6,0.6,1,1,3,2.2,14.0,1,2,14.0,0.03,0.1,0.1,0.03,0.0,0.09,0.04,0.13,1.0,0.61,2.0,0.09,1.0,60.0,1920
0.0,3.4,3.4,3,3,12,5.0,31.0,3,9,27.0,0.14,0.22,0.22,0.14,2.0,0.39,0.13,0.52,1.0,1.17,5.0,0.39,2.0,81.0,2122
4.0,4.1,4.1,2,2,7,4.5,43.0,2,2,24.0,0.35,0.38,0.38,0.35,1.0,0.17,0.17,0.59,10.0,2.03,2.0,0.17,3.0,77.0,2021
1.0,0.1,0.1,0,0,1,0.3,5.0,0,0,2.0,0.01,0.02,0.02,0.01,1.0,0.0,0.0,0.07,2.0,0.13,0.0,0.0,0.0,3.0,1819
0.0,0.4,0.4,1,1,1,0.9,21.0,1,2,4.0,0.02,0.05,0.05,0.02,0.0,0.1,0.05,0.05,0.0,0.2,0.0,0.1,0.0,9.0,1920
0.0,0.6,0.6,0,0,1,0.7,11.0,0,0,5.0,0.04,0.05,0.05,0.04,0.0,0.0,0.0,0.07,0.0,0.37,0.0,0.0,0.0,3.0,2021
3.0,2.6,2.6,5,5,12,2.9,34.0,5,5,29.0,0.07,0.08,0.08,0.07,1.0,0.14,0.14,0.33,1.0,0.8,1.0,0.14,1.0,7.0,1920
5.0,0.4,0.4,0,0,3,1.1,28.0,0,0,10.0,0.01,0.04,0.04,0.01,2.0,0.0,0.0,0.11,0.0,0.36,2.0,0.0,1.0,10.0,2324
0.0,0.7,0.7,1,1,1,1.1,9.0,1,1,11.0,0.08,0.12,0.12,0.08,2.0,0.11,0.11,0.11,0.0,1.18,0.0,0.11,2.0,38.0,2324
5.0,1.3,1.3,1,1,3,2.0,22.0,1,1,7.0,0.21,0.31,0.31,0.21,6.0,0.16,0.16,0.48,3.0,1.13,1.0,0.16,10.0,48.0,2122
3.0,4.3,4.3,5,5,21,8.4,116.0,5,11,53.0,0.14,0.28,0.28,0.14,2.0,0.36,0.16,0.69,15.0,1.75,7.0,0.36,28.0,210.0,2223
5.0,2.4,2.4,3,3,11,5.3,80.0,3,5,46.0,0.08,0.18,0.18,0.08,4.0,0.17,0.1,0.38,9.0,1.59,9.0,0.17,11.0,174.0,2324
0.0,0.2,0.2,0,0,1,0.6,4.0,0,2,4.0,0.01,0.03,0.03,0.01,0.0,0.11,0.0,0.06,0.0,0.23,0.0,0.11,0.0,10.0,1920
11.0,7.2,5.6,10,10,21,7.4,82.0,9,13,47.0,0.34,0.42,0.34,0.26,2.0,0.61,0.47,0.98,2.0,2.19,3.0,0.56,4.0,98.0,1819
8.0,8.9,8.1,11,11,18,12.1,113.0,10,13,54.0,0.33,0.48,0.45,0.3,0.0,0.48,0.41,0.67,12.0,2.0,4.0,0.44,6.0,85.0,1920
5.0,6.3,5.5,8,8,11,6.0,53.0,7,8,32.0,0.44,0.47,0.42,0.38,1.0,0.55,0.55,0.76,7.0,2.21,5.0,0.48,1.0,60.0,2021
1.0,2.5,2.5,5,5,5,3.0,32.0,5,6,14.0,0.39,0.47,0.47,0.39,0.0,0.93,0.78,0.78,0.0,2.17,0.0,0.93,1.0,30.0,2122
0.0,1.0,1.0,1,1,3,1.6,18.0,1,1,4.0,0.23,0.37,0.37,0.23,1.0,0.24,0.24,0.71,0.0,0.94,0.0,0.24,6.0,27.0,1920
0.0,0.6,0.6,1,1,3,0.8,21.0,1,1,7.0,0.22,0.31,0.31,0.22,0.0,0.37,0.37,1.12,0.0,2.61,0.0,0.37,6.0,26.0,2122
0.0,0.3,0.3,0,0,2,1.4,6.0,0,0,9.0,0.02,0.11,0.11,0.02,0.0,0.0,0.0,0.16,1.0,0.73,2.0,0.0,2.0,47.0,2021
0.0,1.5,1.5,1,1,7,1.9,28.0,1,1,13.0,0.33,0.41,0.41,0.33,0.0,0.22,0.22,1.52,1.0,2.83,0.0,0.22,10.0,48.0,2425
1.0,0.2,0.2,0,0,1,1.2,8.0,0,1,2.0,0.03,0.24,0.24,0.03,2.0,0.21,0.0,0.21,1.0,0.42,0.0,0.21,4.0,31.0,2223
0.0,0.4,0.4,1,1,1,1.7,24.0,1,3,3.0,0.05,0.21,0.21,0.05,0.0,0.36,0.12,0.12,2.0,0.36,1.0,0.36,9.0,84.0,2324
2.0,4.6,4.6,2,2,9,5.4,62.0,2,2,38.0,0.27,0.31,0.31,0.27,0.0,0.12,0.12,0.53,6.0,2.23,5.0,0.12,1.0,103.0,1819
2.0,0.5,0.5,0,0,1,0.5,5.0,0,0,2.0,0.61,0.61,0.61,0.61,1.0,0.0,0.0,1.18,1.0,2.37,0.0,0.0,0.0,12.0,1819
3.0,1.6,0.9,2,2,4,1.4,14.0,1,3,6.0,0.46,0.61,0.39,0.24,0.0,0.83,0.56,1.11,1.0,1.67,0.0,0.56,6.0,29.0,1920
7.0,2.2,2.2,3,3,12,2.8,54.0,3,3,30.0,0.22,0.28,0.28,0.22,5.0,0.3,0.3,1.2,10.0,3.01,4.0,0.3,14.0,98.0,1920
2.0,5.9,5.9,7,7,23,11.0,79.0,7,12,55.0,0.2,0.38,0.38,0.2,0.0,0.42,0.24,0.8,10.0,1.91,5.0,0.42,15.0,163.0,2021
7.0,2.5,1.7,5,5,12,4.3,77.0,4,7,31.0,0.21,0.44,0.37,0.14,3.0,0.6,0.43,1.03,3.0,2.65,2.0,0.51,38.0,136.0,2324
3.0,0.4,0.4,1,1,3,2.1,15.0,1,2,8.0,0.03,0.15,0.15,0.03,1.0,0.15,0.07,0.22,0.0,0.59,0.0,0.15,5.0,43.0,1819
3.0,2.8,2.8,3,3,6,4.1,49.0,3,4,22.0,0.14,0.2,0.2,0.14,1.0,0.2,0.15,0.3,2.0,1.11,3.0,0.2,4.0,110.0,1920
1.0,2.6,2.6,3,3,7,4.1,51.0,3,4,21.0,0.14,0.22,0.22,0.14,3.0,0.21,0.16,0.38,2.0,1.13,0.0,0.21,4.0,117.0,2021
0.0,1.9,1.9,1,1,7,5.4,66.0,1,4,22.0,0.09,0.27,0.27,0.09,3.0,0.2,0.05,0.34,8.0,1.07,1.0,0.2,6.0,100.0,2122
0.0,1.0,1.0,0,0,2,3.1,29.0,0,3,11.0,0.08,0.25,0.25,0.08,0.0,0.24,0.0,0.16,2.0,0.87,2.0,0.24,3.0,57.0,2223
1.0,1.3,1.3,0,0,5,1.4,15.0,0,0,9.0,0.15,0.16,0.16,0.15,0.0,0.0,0.0,0.57,1.0,1.02,1.0,0.0,3.0,26.0,2324
0.0,1.1,1.1,1,1,2,3.0,27.0,1,5,8.0,0.09,0.25,0.25,0.09,3.0,0.42,0.08,0.17,3.0,0.67,2.0,0.42,8.0,81.0,2223
0.0,0.9,0.9,0,0,3,2.6,33.0,0,3,12.0,0.07,0.2,0.2,0.07,1.0,0.23,0.0,0.23,0.0,0.9,1.0,0.23,7.0,79.0,2324
1.0,1.0,1.0,1,1,7,3.9,58.0,1,7,10.0,0.06,0.23,0.23,0.06,1.0,0.41,0.06,0.41,5.0,0.58,1.0,0.41,19.0,195.0,2223
1.0,0.3,0.3,1,1,1,0.7,10.0,1,2,4.0,0.11,0.25,0.25,0.11,3.0,0.67,0.34,0.34,0.0,1.35,0.0,0.67,2.0,25.0,2324
0.0,4.5,4.5,6,6,17,7.1,88.0,6,6,65.0,0.17,0.27,0.27,0.17,0.0,0.23,0.23,0.65,6.0,2.49,9.0,0.23,19.0,245.0,2223
0.0,0.2,0.2,0,0,1,0.7,6.0,0,0,7.0,0.03,0.13,0.13,0.03,8.0,0.0,0.0,0.2,0.0,1.38,0.0,0.0,2.0,12.0,2324
1.0,5.4,4.7,8,8,17,7.7,89.0,7,13,45.0,0.24,0.37,0.34,0.2,0.0,0.57,0.35,0.75,9.0,1.97,4.0,0.53,21.0,180.0,1819
5.0,1.3,1.3,1,1,7,1.5,29.0,1,1,18.0,0.23,0.26,0.26,0.23,4.0,0.17,0.17,1.2,0.0,3.07,1.0,0.17,5.0,57.0,1920
0.0,0.6,0.6,1,1,3,1.5,9.0,1,2,12.0,0.04,0.09,0.09,0.04,3.0,0.12,0.06,0.18,0.0,0.73,2.0,0.12,1.0,18.0,1819
1.0,0.3,0.3,0,0,2,1.4,32.0,0,0,3.0,0.02,0.09,0.09,0.02,0.0,0.0,0.0,0.12,3.0,0.18,0.0,0.0,13.0,90.0,1718
1.0,0.3,0.3,1,1,2,0.6,42.0,1,1,6.0,0.02,0.03,0.03,0.02,2.0,0.06,0.06,0.11,5.0,0.34,0.0,0.06,14.0,119.0,1819
1.0,0.6,0.6,1,1,2,2.6,45.0,1,3,8.0,0.02,0.11,0.11,0.02,1.0,0.13,0.04,0.09,3.0,0.34,0.0,0.13,16.0,154.0,1920
0.0,1.0,1.0,1,1,3,1.8,20.0,1,3,13.0,0.03,0.06,0.06,0.03,0.0,0.09,0.03,0.09,0.0,0.41,3.0,0.09,0.0,4.0,1920
3.0,0.7,0.7,1,1,2,1.8,18.0,1,2,10.0,0.04,0.09,0.09,0.04,1.0,0.1,0.05,0.1,0.0,0.52,1.0,0.1,2.0,43.0,1920
0.0,0.6,0.6,1,1,1,1.3,9.0,1,1,5.0,0.03,0.06,0.06,0.03,0.0,0.05,0.05,0.05,0.0,0.25,0.0,0.05,4.0,23.0,2324
7.0,4.2,4.2,5,5,15,5.4,95.0,5,7,39.0,0.21,0.27,0.27,0.21,0.0,0.35,0.25,0.75,13.0,1.95,9.0,0.35,21.0,100.0,2223
0.0,6.2,6.2,7,7,19,7.4,98.0,7,7,51.0,0.36,0.43,0.43,0.36,0.0,0.41,0.41,1.1,9.0,2.95,7.0,0.41,25.0,100.0,2324
0.0,0.4,0.4,0,0,1,0.4,8.0,0,0,5.0,0.31,0.34,0.34,0.31,0.0,0.0,0.0,0.78,2.0,3.91,0.0,0.0,2.0,7.0,2425
0.0,0.7,0.7,1,1,3,1.4,13.0,1,1,9.0,0.11,0.21,0.21,0.11,0.0,0.16,0.16,0.47,0.0,1.42,1.0,0.16,3.0,24.0,1920
2.0,0.3,0.3,0,0,1,0.6,12.0,0,1,4.0,0.02,0.04,0.04,0.02,0.0,0.06,0.0,0.06,0.0,0.25,1.0,0.06,0.0,5.0,2223
1.0,1.1,1.1,0,0,4,3.4,30.0,0,2,16.0,0.05,0.15,0.15,0.05,0.0,0.09,0.0,0.17,4.0,0.69,0.0,0.09,1.0,35.0,2021
0.0,1.3,0.5,1,1,3,0.7,18.0,0,1,17.0,0.1,0.12,0.05,0.04,0.0,0.08,0.08,0.23,1.0,1.31,0.0,0.0,2.0,37.0,2122
2.0,1.3,1.3,0,0,5,2.4,12.0,0,0,18.0,0.13,0.25,0.25,0.13,0.0,0.0,0.0,0.53,0.0,1.9,3.0,0.0,2.0,32.0,2223
1.0,0.6,0.6,2,2,2,0.6,5.0,2,2,6.0,0.13,0.14,0.14,0.13,0.0,0.45,0.45,0.45,0.0,1.34,0.0,0.45,2.0,10.0,2324
6.0,2.6,2.6,2,2,6,3.8,28.0,2,4,18.0,0.23,0.33,0.33,0.23,4.0,0.35,0.17,0.52,4.0,1.57,1.0,0.35,9.0,76.0,2021
10.0,3.4,3.4,6,6,14,6.3,68.0,6,10,30.0,0.21,0.4,0.4,0.21,2.0,0.63,0.38,0.89,5.0,1.9,6.0,0.63,10.0,152.0,2122
4.0,7.6,6.0,10,10,19,10.2,80.0,8,12,56.0,0.27,0.42,0.36,0.21,5.0,0.43,0.36,0.68,2.0,1.99,5.0,0.36,17.0,156.0,2223
15.0,6.3,5.5,4,4,11,10.2,83.0,4,9,41.0,0.29,0.5,0.47,0.25,1.0,0.41,0.18,0.5,3.0,1.87,6.0,0.41,14.0,157.0,2324
0.0,1.7,1.7,2,2,6,2.4,24.0,2,2,18.0,0.07,0.1,0.1,0.07,2.0,0.08,0.08,0.25,1.0,0.74,0.0,0.08,2.0,14.0,1819
0.0,0.6,0.6,0,0,2,2.1,15.0,0,2,12.0,0.03,0.1,0.1,0.03,1.0,0.09,0.0,0.09,0.0,0.55,3.0,0.09,2.0,23.0,1920
0.0,1.4,1.4,1,1,5,4.0,35.0,1,4,24.0,0.06,0.17,0.17,0.06,2.0,0.17,0.04,0.21,4.0,1.0,1.0,0.17,6.0,96.0,1819
2.0,0.4,0.4,0,0,2,2.9,27.0,0,2,12.0,0.02,0.13,0.13,0.02,1.0,0.09,0.0,0.09,2.0,0.52,1.0,0.09,8.0,80.0,1920
1.0,0.2,0.2,0,0,4,2.0,27.0,0,0,10.0,0.01,0.12,0.12,0.01,1.0,0.0,0.0,0.25,1.0,0.63,0.0,0.0,7.0,78.0,2122
1.0,0.8,0.8,1,1,3,2.9,13.0,1,2,8.0,0.08,0.29,0.29,0.08,1.0,0.21,0.1,0.31,1.0,0.82,0.0,0.21,4.0,43.0,2223
2.0,0.3,0.3,1,1,1,1.2,13.0,1,2,11.0,0.01,0.06,0.06,0.01,1.0,0.11,0.05,0.05,2.0,0.59,1.0,0.11,11.0,37.0,2324
0.0,0.5,0.5,0,0,3,2.0,8.0,0,0,16.0,0.03,0.14,0.14,0.03,0.0,0.0,0.0,0.21,1.0,1.13,0.0,0.0,1.0,134.0,1920
0.0,0.7,0.7,0,0,4,1.6,11.0,0,0,16.0,0.04,0.1,0.1,0.04,4.0,0.0,0.0,0.24,1.0,0.97,1.0,0.0,3.0,65.0,2021
1.0,0.5,0.5,0,0,4,3.2,21.0,0,4,12.0,0.04,0.27,0.27,0.04,2.0,0.34,0.0,0.34,1.0,1.03,1.0,0.34,2.0,88.0,2122
1.0,1.4,1.4,1,1,7,2.8,33.0,1,3,28.0,0.06,0.12,0.12,0.06,2.0,0.13,0.04,0.3,1.0,1.19,4.0,0.13,8.0,68.0,2223
0.0,0.6,0.6,1,1,3,3.1,28.0,1,3,17.0,0.03,0.16,0.16,0.03,1.0,0.16,0.05,0.16,1.0,0.89,1.0,0.16,7.0,58.0,2324
1.0,2.9,2.9,1,1,8,4.5,56.0,1,3,21.0,0.18,0.28,0.28,0.18,1.0,0.19,0.06,0.5,1.0,1.32,1.0,0.19,26.0,92.0,1920
2.0,2.1,2.1,1,1,6,4.3,62.0,1,2,25.0,0.15,0.31,0.31,0.15,0.0,0.14,0.07,0.43,3.0,1.77,3.0,0.14,21.0,108.0,2021
1.0,7.7,7.7,6,6,24,8.8,107.0,6,6,50.0,0.33,0.38,0.38,0.33,0.0,0.26,0.26,1.02,5.0,2.13,7.0,0.26,8.0,109.0,1920
6.0,3.9,3.9,1,1,12,5.0,53.0,1,1,30.0,0.26,0.34,0.34,0.26,3.0,0.07,0.07,0.82,4.0,2.04,5.0,0.07,4.0,58.0,2021
3.0,6.9,5.3,6,6,15,7.3,74.0,4,9,31.0,0.48,0.62,0.51,0.37,6.0,0.63,0.42,1.05,4.0,2.18,2.0,0.49,4.0,60.0,2324
1.0,0.5,0.5,0,0,1,2.4,5.0,0,0,11.0,0.02,0.1,0.1,0.02,0.0,0.0,0.0,0.04,0.0,0.45,0.0,0.0,1.0,19.0,2021
1.0,0.2,0.2,0,0,1,1.0,11.0,0,0,4.0,0.02,0.07,0.07,0.02,0.0,0.0,0.0,0.07,1.0,0.27,1.0,0.0,3.0,18.0,2122
0.0,0.3,0.3,1,1,3,0.9,7.0,1,1,7.0,0.02,0.05,0.05,0.02,0.0,0.06,0.06,0.18,0.0,0.42,0.0,0.06,2.0,25.0,2223
0.0,0.7,0.7,0,0,1,1.3,13.0,0,0,4.0,0.09,0.16,0.16,0.09,0.0,0.0,0.0,0.13,0.0,0.51,1.0,0.0,1.0,25.0,2324
8.0,4.6,4.6,2,2,10,6.8,74.0,2,6,32.0,0.49,0.72,0.72,0.49,0.0,0.64,0.21,1.06,6.0,3.4,1.0,0.64,0.0,75.0,1819
4.0,7.3,7.3,8,8,19,8.2,65.0,8,8,39.0,0.66,0.74,0.74,0.66,0.0,0.73,0.73,1.72,9.0,3.53,4.0,0.73,2.0,59.0,1920
11.0,4.2,4.2,4,4,10,5.3,52.0,4,4,29.0,0.51,0.64,0.64,0.51,3.0,0.48,0.48,1.2,6.0,3.49,3.0,0.48,0.0,40.0,2021
13.0,9.8,8.3,11,11,22,10.6,123.0,9,14,61.0,0.47,0.58,0.5,0.39,5.0,0.67,0.52,1.05,11.0,2.9,15.0,0.57,4.0,102.0,2122
15.0,12.7,10.4,13,13,29,14.4,158.0,10,18,77.0,0.53,0.7,0.61,0.44,8.0,0.76,0.55,1.22,16.0,3.24,8.0,0.63,7.0,152.0,2223
15.0,11.6,11.0,11,11,31,14.4,173.0,10,13,76.0,0.35,0.46,0.44,0.34,6.0,0.4,0.34,0.95,16.0,2.32,8.0,0.37,49.0,226.0,2122
19.0,16.5,14.9,15,15,45,18.7,164.0,14,21,84.0,0.47,0.58,0.54,0.43,13.0,0.6,0.43,1.3,18.0,2.42,11.0,0.58,32.0,196.0,2223
2.0,0.3,0.3,0,0,2,0.4,10.0,0,0,6.0,0.02,0.03,0.03,0.02,0.0,0.0,0.0,0.14,0.0,0.42,0.0,0.0,0.0,3.0,2021
0.0,0.6,0.6,1,1,8,1.4,25.0,1,2,17.0,0.03,0.06,0.06,0.03,1.0,0.09,0.04,0.35,0.0,0.75,2.0,0.09,2.0,8.0,2223
1.0,1.2,1.2,0,0,5,2.2,32.0,0,1,24.0,0.05,0.09,0.09,0.05,0.0,0.04,0.0,0.21,2.0,0.98,2.0,0.04,0.0,9.0,2324
2.0,3.0,3.0,0,0,5,3.9,37.0,0,1,24.0,0.1,0.13,0.13,0.1,0.0,0.03,0.0,0.16,2.0,0.78,2.0,0.03,4.0,5.0,1920
0.0,1.1,1.1,2,2,3,1.2,21.0,2,2,12.0,0.04,0.04,0.04,0.04,0.0,0.07,0.07,0.1,1.0,0.42,0.0,0.07,0.0,0.0,2021
1.0,1.2,1.2,0,0,1,1.2,19.0,0,0,11.0,0.04,0.04,0.04,0.04,0.0,0.0,0.0,0.03,1.0,0.36,1.0,0.0,0.0,4.0,2122
0.0,5.1,4.3,3,3,13,6.3,74.0,3,8,48.0,0.29,0.41,0.36,0.25,0.0,0.46,0.17,0.74,7.0,2.75,8.0,0.46,23.0,119.0,2122
12.0,6.1,6.1,5,5,16,7.3,91.0,5,6,48.0,0.37,0.44,0.44,0.37,6.0,0.37,0.3,0.98,13.0,2.93,3.0,0.37,22.0,160.0,2223
7.0,11.6,10.1,12,12,31,14.5,155.0,10,18,77.0,0.46,0.63,0.57,0.39,0.0,0.7,0.47,1.21,12.0,3.01,6.0,0.63,40.0,165.0,2324
0.0,0.4,0.4,1,1,3,1.0,3.0,1,2,10.0,0.02,0.05,0.05,0.02,0.0,0.1,0.05,0.15,0.0,0.51,1.0,0.1,0.0,5.0,2021
0.0,7.0,7.0,11,11,20,12.8,55.0,11,16,54.0,0.25,0.45,0.45,0.25,0.0,0.56,0.39,0.7,6.0,1.9,10.0,0.56,11.0,116.0,1819
7.0,0.5,0.5,0,0,5,0.8,10.0,0,1,7.0,0.11,0.16,0.16,0.11,5.0,0.2,0.0,1.01,0.0,1.41,2.0,0.2,6.0,19.0,1920
0.0,3.9,3.9,2,2,14,6.1,52.0,2,2,42.0,0.22,0.34,0.34,0.22,0.0,0.11,0.11,0.78,0.0,2.35,3.0,0.11,10.0,81.0,2122
0.0,0.7,0.7,0,0,3,1.4,14.0,0,0,12.0,0.1,0.18,0.18,0.1,0.0,0.0,0.0,0.39,1.0,1.57,0.0,0.0,3.0,33.0,2223
1.0,0.8,0.8,0,0,4,1.1,11.0,0,0,13.0,0.07,0.1,0.1,0.07,4.0,0.0,0.0,0.34,0.0,1.1,2.0,0.0,0.0,22.0,2223
1.0,2.2,1.4,1,1,6,4.7,19.0,1,5,23.0,0.08,0.2,0.17,0.05,3.0,0.18,0.04,0.22,0.0,0.84,3.0,0.18,6.0,47.0,2324
3.0,2.9,2.9,5,5,10,4.3,57.0,5,7,27.0,0.14,0.21,0.21,0.14,1.0,0.35,0.25,0.49,0.0,1.33,2.0,0.35,18.0,143.0,1920
2.0,3.3,2.6,3,3,7,3.3,44.0,3,4,17.0,0.27,0.32,0.26,0.2,2.0,0.32,0.24,0.56,6.0,1.35,1.0,0.32,19.0,85.0,2021
1.0,2.1,2.1,1,1,8,4.5,44.0,1,4,17.0,0.1,0.22,0.22,0.1,1.0,0.19,0.05,0.39,0.0,0.83,3.0,0.19,8.0,56.0,2122
2.0,0.8,0.8,1,1,1,1.1,9.0,1,1,10.0,0.05,0.06,0.06,0.05,0.0,0.06,0.06,0.06,0.0,0.58,0.0,0.06,1.0,14.0,2324
1.0,1.0,1.0,2,2,2,1.6,7.0,2,2,5.0,0.22,0.37,0.37,0.22,0.0,0.45,0.45,0.45,0.0,1.13,0.0,0.45,0.0,21.0,2324
0.0,1.1,1.1,1,1,6,1.8,13.0,1,1,16.0,0.08,0.13,0.13,0.08,0.0,0.07,0.07,0.43,2.0,1.14,3.0,0.07,3.0,19.0,2425
0.0,0.9,0.9,1,1,4,1.9,7.0,1,1,10.0,0.04,0.08,0.08,0.04,0.0,0.04,0.04,0.17,0.0,0.42,6.0,0.04,0.0,10.0,1819
2.0,0.5,0.5,1,1,4,1.8,8.0,1,2,14.0,0.02,0.09,0.09,0.02,2.0,0.1,0.05,0.2,0.0,0.71,0.0,0.1,2.0,15.0,2021
0.0,1.4,1.4,2,2,4,4.3,51.0,2,4,24.0,0.04,0.13,0.13,0.04,0.0,0.12,0.06,0.12,0.0,0.75,0.0,0.12,7.0,29.0,2122
0.0,0.7,0.7,0,0,2,2.0,4.0,0,1,10.0,0.07,0.19,0.19,0.07,0.0,0.1,0.0,0.19,0.0,0.96,3.0,0.1,0.0,4.0,2324
2.0,0.5,0.5,1,1,5,3.0,33.0,1,2,8.0,0.02,0.1,0.1,0.02,2.0,0.07,0.03,0.16,1.0,0.26,2.0,0.07,1.0,141.0,1819
1.0,1.2,1.2,2,2,3,3.5,18.0,2,4,9.0,0.06,0.19,0.19,0.06,1.0,0.21,0.11,0.16,0.0,0.48,0.0,0.21,3.0,57.0,1920
0.0,0.7,0.7,1,1,3,1.5,11.0,1,2,10.0,0.06,0.12,0.12,0.06,0.0,0.17,0.08,0.25,0.0,0.84,1.0,0.17,0.0,15.0,2122
0.0,3.4,3.4,0,0,6,4.0,36.0,0,0,17.0,0.33,0.39,0.39,0.33,0.0,0.0,0.0,0.58,9.0,1.64,2.0,0.0,13.0,64.0,1819
1.0,3.8,3.8,8,8,17,8.7,109.0,8,13,39.0,0.2,0.47,0.47,0.2,0.0,0.7,0.43,0.92,9.0,2.11,2.0,0.7,49.0,232.0,1819
6.0,1.3,1.3,1,1,2,1.7,24.0,1,1,5.0,0.34,0.43,0.43,0.34,3.0,0.25,0.25,0.5,4.0,1.26,0.0,0.25,15.0,45.0,1920
1.0,5.6,5.6,6,6,21,9.8,136.0,6,9,55.0,0.28,0.5,0.5,0.28,13.0,0.46,0.3,1.07,11.0,2.79,6.0,0.46,62.0,288.0,2021
5.0,2.6,2.6,1,1,7,10.9,84.0,1,14,46.0,0.17,0.7,0.7,0.17,7.0,0.89,0.06,0.45,4.0,2.94,4.0,0.89,51.0,201.0,2122
3.0,3.9,3.9,5,5,16,8.8,103.0,5,12,49.0,0.25,0.56,0.56,0.25,8.0,0.77,0.32,1.02,5.0,3.13,3.0,0.77,56.0,209.0,2223
21.0,4.4,4.4,3,3,14,11.1,97.0,3,11,43.0,0.26,0.67,0.67,0.26,6.0,0.66,0.18,0.84,6.0,2.57,6.0,0.66,53.0,247.0,2324
0.0,2.0,2.0,1,1,8,3.8,43.0,1,2,21.0,0.2,0.38,0.38,0.2,0.0,0.2,0.1,0.8,2.0,2.1,1.0,0.2,15.0,83.0,2122
0.0,1.8,1.8,3,3,7,2.3,21.0,3,4,11.0,0.09,0.11,0.11,0.09,0.0,0.2,0.15,0.35,0.0,0.56,3.0,0.2,2.0,2.0,1920
4.0,1.3,1.3,2,2,6,2.6,26.0,2,4,24.0,0.05,0.1,0.1,0.05,0.0,0.15,0.08,0.23,0.0,0.9,3.0,0.15,0.0,13.0,2223
1.0,0.9,0.9,0,0,7,2.8,15.0,0,1,17.0,0.05,0.16,0.16,0.05,4.0,0.06,0.0,0.41,0.0,0.98,3.0,0.06,3.0,56.0,2324
0.0,5.8,5.8,5,5,18,7.3,102.0,5,8,43.0,0.26,0.33,0.33,0.26,0.0,0.36,0.23,0.82,30.0,1.96,4.0,0.36,14.0,141.0,1819
2.0,2.8,2.8,3,3,14,11.4,57.0,3,15,51.0,0.1,0.39,0.39,0.1,3.0,0.52,0.1,0.48,2.0,1.75,5.0,0.52,12.0,175.0,1718
2.0,3.7,3.7,2,2,16,9.6,67.0,2,5,58.0,0.13,0.35,0.35,0.13,5.0,0.18,0.07,0.58,4.0,2.11,5.0,0.18,13.0,172.0,1819
6.0,6.0,6.0,5,5,15,8.4,66.0,5,9,50.0,0.21,0.29,0.29,0.21,3.0,0.31,0.17,0.52,7.0,1.75,7.0,0.31,11.0,142.0,2021
3.0,4.6,4.6,6,6,11,10.9,65.0,6,9,43.0,0.15,0.35,0.35,0.15,1.0,0.29,0.19,0.35,6.0,1.38,5.0,0.29,11.0,200.0,2122
0.0,2.2,2.2,3,3,7,3.9,36.0,3,4,27.0,0.13,0.24,0.24,0.13,0.0,0.24,0.18,0.42,1.0,1.62,3.0,0.24,12.0,101.0,2223
3.0,0.3,0.3,0,0,3,0.6,20.0,0,0,7.0,0.07,0.13,0.13,0.07,2.0,0.0,0.0,0.63,1.0,1.48,0.0,0.0,2.0,27.0,2324
2.0,1.8,1.8,3,3,5,3.4,40.0,3,5,17.0,0.14,0.27,0.27,0.14,0.0,0.39,0.24,0.39,4.0,1.33,2.0,0.39,13.0,82.0,2324
0.0,0.3,0.3,1,1,4,1.4,6.0,1,3,7.0,0.04,0.17,0.17,0.04,0.0,0.37,0.12,0.49,0.0,0.86,0.0,0.37,0.0,17.0,2223
0.0,1.9,1.9,3,3,3,3.2,30.0,3,5,17.0,0.09,0.16,0.16,0.09,2.0,0.25,0.15,0.15,8.0,0.84,0.0,0.25,2.0,41.0,1718
1.0,0.1,0.1,0,0,1,0.5,2.0,0,0,3.0,0.06,0.26,0.26,0.06,0.0,0.0,0.0,0.56,0.0,1.69,0.0,0.0,0.0,12.0,1819
0.0,0.7,0.7,1,1,8,1.9,15.0,1,1,19.0,0.07,0.16,0.16,0.07,5.0,0.09,0.09,0.71,1.0,1.68,2.0,0.09,4.0,71.0,1920
1.0,2.3,2.3,1,1,7,3.5,45.0,1,3,27.0,0.18,0.27,0.27,0.18,1.0,0.23,0.08,0.55,2.0,2.11,3.0,0.23,4.0,54.0,2324
1.0,1.8,1.8,2,2,4,4.8,56.0,2,6,21.0,0.05,0.14,0.14,0.05,2.0,0.18,0.06,0.12,5.0,0.64,1.0,0.18,14.0,134.0,2223
0.0,0.8,0.8,1,1,4,1.7,27.0,1,3,11.0,0.05,0.1,0.1,0.05,2.0,0.19,0.06,0.25,4.0,0.68,2.0,0.19,11.0,68.0,2324
0.0,0.6,0.6,1,1,2,1.0,15.0,1,1,10.0,0.02,0.04,0.04,0.02,0.0,0.04,0.04,0.07,1.0,0.36,0.0,0.04,1.0,3.0,2223
0.0,0.4,0.4,0,0,1,0.7,17.0,0,0,8.0,0.01,0.02,0.02,0.01,0.0,0.0,0.0,0.03,0.0,0.28,1.0,0.0,0.0,1.0,2324
0.0,0.1,0.1,0,0,1,0.1,5.0,0,0,5.0,0.01,0.01,0.01,0.01,0.0,0.0,0.0,0.08,0.0,0.41,1.0,0.0,0.0,0.0,2425
0.0,1.4,1.4,1,1,6,2.8,27.0,1,1,15.0,0.17,0.34,0.34,0.17,0.0,0.12,0.12,0.73,1.0,1.82,1.0,0.12,10.0,64.0,1819
0.0,0.5,0.5,0,0,3,0.8,1.0,0,0,4.0,0.13,0.2,0.2,0.13,0.0,0.0,0.0,0.75,5.0,1.0,0.0,0.0,0.0,31.0,2021
0.0,0.9,0.9,0,0,2,2.7,16.0,0,1,10.0,0.05,0.14,0.14,0.05,0.0,0.05,0.0,0.1,0.0,0.51,1.0,0.05,0.0,42.0,2223
3.0,1.2,1.2,0,0,2,2.6,22.0,0,0,16.0,0.05,0.11,0.11,0.05,1.0,0.0,0.0,0.09,1.0,0.72,1.0,0.0,2.0,27.0,2324
12.0,7.3,6.5,6,6,25,13.1,110.0,5,11,56.0,0.28,0.52,0.49,0.25,13.0,0.41,0.23,0.94,20.0,2.1,6.0,0.38,28.0,229.0,1718
4.0,12.0,11.3,12,12,30,22.4,150.0,11,25,74.0,0.4,0.77,0.74,0.37,3.0,0.83,0.4,0.99,18.0,2.44,5.0,0.79,31.0,327.0,1819
6.0,3.2,3.2,4,4,10,7.1,66.0,4,7,33.0,0.25,0.55,0.55,0.25,4.0,0.54,0.31,0.77,6.0,2.55,6.0,0.54,11.0,185.0,1920
1.0,5.3,5.3,6,6,19,11.5,83.0,6,10,37.0,0.36,0.78,0.78,0.36,0.0,0.68,0.41,1.3,7.0,2.52,6.0,0.68,13.0,173.0,2021
4.0,1.3,1.3,0,0,2,2.7,15.0,0,0,6.0,0.32,0.64,0.64,0.32,7.0,0.0,0.0,0.49,2.0,1.46,0.0,0.0,0.0,37.0,2223
3.0,5.5,3.9,4,4,16,9.8,55.0,2,11,44.0,0.28,0.59,0.5,0.2,2.0,0.57,0.21,0.83,9.0,2.27,4.0,0.46,9.0,137.0,2324
3.0,0.8,0.8,0,0,1,1.6,24.0,0,2,13.0,0.1,0.21,0.21,0.1,1.0,0.26,0.0,0.13,0.0,1.67,0.0,0.26,4.0,40.0,2324
0.0,0.2,0.2,0,0,1,1.2,32.0,0,1,7.0,0.01,0.05,0.05,0.01,0.0,0.04,0.0,0.04,1.0,0.3,1.0,0.04,4.0,107.0,1819
4.0,9.5,8.8,18,18,26,10.4,68.0,17,18,51.0,0.71,0.83,0.77,0.65,1.0,1.34,1.34,1.93,9.0,3.79,5.0,1.26,9.0,70.0,1819
5.0,3.7,3.7,4,4,7,5.2,36.0,4,5,26.0,0.36,0.5,0.5,0.36,1.0,0.49,0.39,0.68,13.0,2.53,1.0,0.49,9.0,50.0,1920
6.0,3.9,3.9,5,5,7,4.8,26.0,5,6,16.0,0.67,0.81,0.81,0.67,4.0,1.02,0.85,1.19,7.0,2.72,0.0,1.02,1.0,37.0,1920
1.0,9.0,7.5,6,6,16,10.2,69.0,5,10,35.0,0.53,0.69,0.6,0.43,3.0,0.58,0.35,0.93,17.0,2.04,2.0,0.52,8.0,77.0,2021
1.0,2.0,2.0,1,1,12,4.0,51.0,1,2,20.0,0.11,0.21,0.21,0.11,1.0,0.11,0.05,0.63,1.0,1.06,3.0,0.11,7.0,105.0,1819
0.0,1.5,1.5,1,1,3,2.2,17.0,1,2,13.0,0.1,0.15,0.15,0.1,0.0,0.13,0.07,0.2,0.0,0.87,0.0,0.13,2.0,58.0,1920
0.0,1.8,1.8,0,0,5,4.2,28.0,0,5,23.0,0.1,0.22,0.22,0.1,4.0,0.26,0.0,0.26,3.0,1.21,2.0,0.26,10.0,108.0,1920
0.0,0.5,0.5,0,0,2,2.6,18.0,0,4,10.0,0.04,0.17,0.17,0.04,1.0,0.27,0.0,0.13,3.0,0.66,1.0,0.27,6.0,99.0,2021
1.0,0.6,0.6,0,0,4,1.6,7.0,0,1,8.0,0.09,0.24,0.24,0.09,1.0,0.15,0.0,0.6,0.0,1.19,3.0,0.15,1.0,32.0,2122
0.0,1.4,1.4,3,3,6,3.8,31.0,3,7,28.0,0.13,0.34,0.34,0.13,1.0,0.63,0.27,0.54,1.0,2.52,2.0,0.63,12.0,81.0,2021
1.0,2.5,2.5,1,1,5,3.1,35.0,1,2,36.0,0.09,0.12,0.12,0.09,0.0,0.08,0.04,0.19,1.0,1.38,2.0,0.08,4.0,22.0,1819
1.0,1.2,1.2,1,1,6,1.7,25.0,1,1,27.0,0.05,0.07,0.07,0.05,1.0,0.04,0.04,0.24,1.0,1.08,2.0,0.04,4.0,13.0,1920
0.0,0.4,0.4,0,0,1,0.5,7.0,0,0,4.0,0.08,0.09,0.09,0.08,1.0,0.0,0.0,0.2,0.0,0.79,0.0,0.0,0.0,15.0,1819
0.0,1.2,1.2,2,2,4,2.1,9.0,2,2,17.0,0.05,0.09,0.09,0.05,1.0,0.09,0.09,0.17,0.0,0.74,2.0,0.09,1.0,29.0,2021
1.0,1.7,1.7,0,0,4,2.3,12.0,0,1,30.0,0.1,0.14,0.14,0.1,3.0,0.06,0.0,0.24,4.0,1.77,4.0,0.06,2.0,20.0,2122
1.0,0.7,0.7,1,1,4,1.6,7.0,1,2,8.0,0.13,0.29,0.29,0.13,0.0,0.37,0.18,0.73,1.0,1.46,0.0,0.37,1.0,13.0,2223
4.0,0.4,0.4,1,1,2,1.2,8.0,1,1,8.0,0.05,0.14,0.14,0.05,0.0,0.12,0.12,0.24,1.0,0.94,1.0,0.12,0.0,18.0,2324
1.0,1.1,1.1,3,3,8,1.6,14.0,3,3,31.0,0.06,0.09,0.09,0.06,3.0,0.17,0.17,0.45,1.0,1.75,2.0,0.17,3.0,29.0,2021
0.0,2.1,2.1,1,1,8,3.6,14.0,1,4,31.0,0.09,0.15,0.15,0.09,1.0,0.17,0.04,0.34,1.0,1.31,6.0,0.17,0.0,49.0,2122
3.0,3.4,3.4,3,3,13,5.7,44.0,3,6,36.0,0.15,0.25,0.25,0.15,2.0,0.26,0.13,0.57,0.0,1.57,3.0,0.26,3.0,90.0,2324
7.0,8.4,8.4,7,7,37,21.3,104.0,7,18,105.0,0.26,0.66,0.66,0.26,16.0,0.56,0.22,1.15,5.0,3.26,9.0,0.56,45.0,264.0,1819
3.0,7.8,7.8,7,7,41,17.6,117.0,7,23,95.0,0.25,0.56,0.56,0.25,1.0,0.73,0.22,1.3,3.0,3.01,9.0,0.73,51.0,203.0,1920
5.0,2.5,2.5,4,4,12,4.0,20.0,4,6,29.0,0.34,0.54,0.54,0.34,1.0,0.81,0.54,1.62,0.0,3.92,2.0,0.81,6.0,29.0,2021
1.0,2.0,2.0,5,5,12,3.8,42.0,5,6,34.0,0.1,0.2,0.19,0.1,1.0,0.3,0.25,0.61,1.0,1.72,2.0,0.3,13.0,92.0,2122
0.0,1.4,1.4,1,1,7,3.1,27.0,1,2,22.0,0.12,0.27,0.27,0.12,0.0,0.17,0.08,0.59,3.0,1.86,2.0,0.17,6.0,67.0,2223
2.0,4.4,2.8,3,3,7,8.4,37.0,2,6,22.0,0.21,0.48,0.4,0.14,4.0,0.29,0.14,0.34,5.0,1.06,3.0,0.24,4.0,106.0,1819
3.0,1.6,1.6,2,2,9,6.9,48.0,2,6,29.0,0.08,0.34,0.34,0.08,8.0,0.3,0.1,0.45,8.0,1.45,2.0,0.3,8.0,198.0,1920
2.0,4.9,1.7,3,3,4,6.9,65.0,0,11,28.0,0.18,0.36,0.25,0.06,4.0,0.4,0.11,0.14,5.0,1.01,4.0,0.29,5.0,168.0,2021
9.0,2.9,2.1,2,2,7,7.7,61.0,2,6,23.0,0.13,0.37,0.34,0.09,8.0,0.26,0.09,0.31,4.0,1.02,5.0,0.26,7.0,141.0,2122
0.0,6.5,5.7,4,4,18,13.8,70.0,3,14,54.0,0.19,0.42,0.4,0.16,9.0,0.4,0.12,0.52,3.0,1.56,9.0,0.38,8.0,180.0,2324
0.0,1.0,1.0,0,0,9,2.6,6.0,0,2,25.0,0.06,0.16,0.16,0.06,1.0,0.12,0.0,0.56,0.0,1.55,4.0,0.12,1.0,39.0,1819
0.0,0.2,0.2,0,0,1,0.5,5.0,0,1,5.0,0.01,0.03,0.03,0.01,0.0,0.07,0.0,0.07,0.0,0.35,2.0,0.07,0.0,13.0,2021
0.0,0.2,0.2,0,0,3,0.4,3.0,0,0,7.0,0.02,0.04,0.04,0.02,1.0,0.0,0.0,0.3,0.0,0.7,1.0,0.0,1.0,20.0,2122
0.0,0.3,0.3,0,0,4,3.5,4.0,0,5,14.0,0.03,0.29,0.29,0.03,0.0,0.42,0.0,0.34,0.0,1.18,1.0,0.42,1.0,46.0,2324
2.0,1.4,1.4,1,1,3,1.9,21.0,1,1,11.0,0.06,0.08,0.08,0.06,1.0,0.04,0.04,0.13,1.0,0.48,2.0,0.04,0.0,10.0,2122
0.0,1.3,1.3,2,2,6,3.9,36.0,2,5,18.0,0.06,0.18,0.18,0.06,1.0,0.23,0.09,0.28,5.0,0.83,0.0,0.23,15.0,102.0,2223
0.0,0.2,0.2,0,0,1,0.4,6.0,0,1,5.0,0.03,0.08,0.08,0.03,1.0,0.21,0.0,0.21,0.0,1.05,1.0,0.21,2.0,22.0,2324
0.0,0.3,0.3,0,0,1,1.6,12.0,0,1,8.0,0.02,0.11,0.11,0.02,0.0,0.07,0.0,0.07,3.0,0.57,2.0,0.07,5.0,62.0,2324
1.0,0.6,0.6,0,0,4,3.2,15.0,0,4,14.0,0.03,0.16,0.16,0.03,1.0,0.2,0.0,0.2,1.0,0.68,1.0,0.2,4.0,32.0,1819
1.0,2.6,2.6,1,1,5,2.9,19.0,1,1,20.0,0.18,0.2,0.2,0.18,0.0,0.07,0.07,0.35,1.0,1.4,1.0,0.07,1.0,5.0,2223
4.0,1.5,1.5,1,1,8,2.0,26.0,1,1,22.0,0.08,0.11,0.11,0.08,1.0,0.05,0.05,0.43,4.0,1.19,1.0,0.05,2.0,22.0,2324
0.0,1.2,1.2,0,0,2,2.4,24.0,0,0,15.0,0.1,0.2,0.2,0.1,0.0,0.0,0.0,0.17,1.0,1.24,0.0,0.0,5.0,67.0,1819
0.0,0.9,0.9,1,1,2,1.6,9.0,1,2,6.0,0.05,0.09,0.09,0.05,0.0,0.11,0.05,0.11,0.0,0.33,1.0,0.11,1.0,6.0,2122
2.0,0.1,0.1,0,0,1,0.2,0.0,0,0,2.0,0.01,0.01,0.01,0.01,0.0,0.0,0.0,0.06,0.0,0.13,0.0,0.0,0.0,3.0,2223
4.0,3.0,3.0,2,2,5,4.0,33.0,2,4,20.0,0.48,0.65,0.65,0.48,2.0,0.64,0.32,0.81,5.0,3.22,2.0,0.64,3.0,24.0,2122
0.0,0.3,0.3,1,1,1,1.1,10.0,1,2,7.0,0.02,0.07,0.07,0.02,0.0,0.13,0.06,0.06,0.0,0.44,1.0,0.13,3.0,32.0,1920
1.0,1.5,1.5,0,0,7,4.1,31.0,0,1,28.0,0.09,0.23,0.23,0.09,1.0,0.06,0.0,0.39,4.0,1.58,2.0,0.06,9.0,94.0,2324
2.0,3.0,3.0,3,3,14,4.5,73.0,3,5,34.0,0.18,0.28,0.28,0.18,0.0,0.31,0.19,0.86,12.0,2.1,1.0,0.31,11.0,142.0,1819
0.0,3.9,3.9,4,4,13,5.4,42.0,4,5,21.0,0.42,0.58,0.58,0.42,0.0,0.54,0.43,1.4,11.0,2.26,3.0,0.54,7.0,69.0,1920
7.0,3.7,3.7,3,3,14,4.6,78.0,3,3,50.0,0.24,0.3,0.3,0.24,4.0,0.19,0.19,0.9,20.0,3.21,1.0,0.19,9.0,139.0,2122
0.0,2.0,2.0,2,2,7,3.6,32.0,2,2,18.0,0.11,0.21,0.21,0.11,0.0,0.12,0.12,0.4,2.0,1.04,3.0,0.12,4.0,86.0,2324
6.0,1.5,1.5,3,3,4,4.4,31.0,3,5,19.0,0.12,0.37,0.37,0.12,6.0,0.42,0.25,0.33,3.0,1.58,1.0,0.42,10.0,110.0,1819
0.0,6.9,6.9,6,6,15,11.7,77.0,6,12,40.0,0.42,0.73,0.73,0.42,3.0,0.74,0.37,0.93,14.0,2.48,2.0,0.74,12.0,148.0,1920
0.0,2.3,2.3,0,0,7,4.9,42.0,0,3,19.0,0.24,0.5,0.5,0.24,4.0,0.31,0.0,0.72,7.0,1.95,2.0,0.31,12.0,80.0,2021
1.0,1.1,1.1,0,0,4,2.3,28.0,0,4,13.0,0.13,0.28,0.28,0.13,0.0,0.48,0.0,0.48,4.0,1.55,2.0,0.48,9.0,88.0,2122
1.0,1.4,1.4,2,2,3,2.2,29.0,2,3,22.0,0.07,0.11,0.11,0.07,0.0,0.15,0.1,0.15,3.0,1.06,1.0,0.15,3.0,65.0,2324
0.0,0.8,0.8,0,0,5,1.2,30.0,0,0,7.0,0.12,0.17,0.17,0.12,0.0,0.0,0.0,0.75,2.0,1.05,1.0,0.0,17.0,52.0,1819
2.0,4.4,4.4,4,4,14,9.3,67.0,4,12,31.0,0.24,0.51,0.51,0.24,0.0,0.66,0.22,0.76,7.0,1.69,4.0,0.66,13.0,133.0,2223
3.0,1.4,1.4,2,2,4,1.5,23.0,2,2,10.0,0.22,0.24,0.24,0.22,4.0,0.31,0.31,0.61,1.0,1.53,2.0,0.31,3.0,44.0,2324
10.0,5.4,5.4,3,3,14,6.9,79.0,3,3,34.0,0.37,0.47,0.47,0.37,2.0,0.21,0.21,0.96,9.0,2.33,6.0,0.21,10.0,90.0,1819
24.0,9.2,9.2,9,9,21,11.7,112.0,9,10,56.0,0.44,0.56,0.56,0.44,3.0,0.48,0.43,1.01,6.0,2.7,5.0,0.48,10.0,132.0,2021
3.0,18.1,16.5,24,24,43,19.0,140.0,23,27,88.0,0.78,0.89,0.83,0.72,1.0,1.17,1.04,1.86,6.0,3.82,11.0,1.13,18.0,138.0,2122
7.0,4.6,4.6,3,3,14,5.1,48.0,3,4,34.0,0.44,0.49,0.49,0.44,0.0,0.38,0.29,1.34,0.0,3.25,3.0,0.38,3.0,68.0,2223
21.0,6.0,5.3,7,7,12,6.2,90.0,6,7,39.0,0.51,0.59,0.53,0.44,0.0,0.59,0.59,1.02,5.0,3.3,5.0,0.51,5.0,88.0,2324
1.0,3.5,3.5,4,4,16,6.3,58.0,4,8,30.0,0.27,0.48,0.48,0.27,0.0,0.61,0.3,1.21,7.0,2.27,5.0,0.61,11.0,82.0,2223
2.0,1.7,1.7,2,2,2,4.0,16.0,2,3,10.0,0.05,0.12,0.12,0.05,2.0,0.09,0.06,0.06,0.0,0.3,1.0,0.09,2.0,3.0,1920
0.0,0.2,0.2,0,0,1,0.2,1.0,0,0,3.0,0.03,0.03,0.03,0.03,0.0,0.0,0.0,0.2,0.0,0.6,2.0,0.0,0.0,1.0,2223
0.0,0.6,0.6,0,0,1,0.6,10.0,0,0,4.0,0.09,0.09,0.09,0.09,0.0,0.0,0.0,0.16,0.0,0.64,1.0,0.0,0.0,1.0,1718
0.0,1.5,1.5,2,2,2,2.0,18.0,2,4,11.0,0.05,0.07,0.07,0.05,0.0,0.14,0.07,0.07,1.0,0.38,1.0,0.14,1.0,6.0,2021
0.0,0.3,0.3,0,0,1,1.0,6.0,0,0,9.0,0.01,0.04,0.04,0.01,0.0,0.0,0.0,0.05,1.0,0.41,2.0,0.0,1.0,16.0,1819
1.0,0.1,0.1,0,0,2,0.3,6.0,0,0,2.0,0.0,0.02,0.02,0.0,0.0,0.0,0.0,0.15,0.0,0.15,0.0,0.0,1.0,16.0,1920
0.0,0.3,0.3,1,1,1,0.5,5.0,1,1,3.0,0.02,0.04,0.04,0.02,0.0,0.07,0.07,0.07,0.0,0.22,1.0,0.07,0.0,5.0,2021
0.0,0.1,0.1,1,1,2,0.2,4.0,1,1,2.0,0.01,0.01,0.01,0.01,0.0,0.08,0.08,0.15,0.0,0.15,0.0,0.08,0.0,8.0,2223
2.0,1.4,1.4,2,2,8,3.1,21.0,2,2,23.0,0.07,0.16,0.16,0.07,1.0,0.1,0.1,0.4,4.0,1.16,1.0,0.1,5.0,72.0,1819
0.0,0.8,0.8,2,2,5,2.7,30.0,2,3,13.0,0.06,0.2,0.2,0.06,0.0,0.22,0.15,0.37,1.0,0.96,0.0,0.22,1.0,68.0,1920
0.0,0.8,0.8,0,0,1,1.1,11.0,0,0,5.0,0.04,0.06,0.06,0.04,1.0,0.0,0.0,0.05,1.0,0.27,0.0,0.0,2.0,10.0,2021
10.0,0.5,0.5,0,0,1,0.8,8.0,0,1,3.0,0.19,0.33,0.33,0.19,4.0,0.39,0.0,0.39,1.0,1.18,0.0,0.39,2.0,14.0,2122
1.0,15.0,7.1,13,13,39,11.8,105.0,6,22,95.0,0.45,0.59,0.35,0.21,3.0,0.66,0.39,1.17,5.0,2.84,15.0,0.45,21.0,205.0,1819
3.0,2.4,1.6,1,1,7,4.1,26.0,1,4,21.0,0.18,0.37,0.31,0.12,3.0,0.3,0.07,0.52,2.0,1.57,0.0,0.3,5.0,30.0,1920
1.0,2.8,2.8,3,3,11,5.2,58.0,3,6,31.0,0.13,0.25,0.25,0.13,9.0,0.28,0.14,0.52,4.0,1.47,5.0,0.28,6.0,101.0,2021
0.0,2.6,2.6,1,1,8,6.1,46.0,1,10,32.0,0.18,0.41,0.41,0.18,0.0,0.67,0.07,0.53,0.0,2.13,1.0,0.67,7.0,62.0,2122
0.0,0.3,0.3,0,0,2,0.6,10.0,0,0,5.0,0.27,0.46,0.46,0.27,0.0,0.0,0.0,1.62,0.0,4.05,1.0,0.0,4.0,15.0,2223
0.0,2.0,2.0,3,3,4,3.0,11.0,3,5,9.0,0.58,0.89,0.89,0.58,0.0,1.48,0.89,1.18,1.0,2.66,1.0,1.48,6.0,32.0,1920
1.0,4.1,4.1,4,4,14,6.2,63.0,4,5,27.0,0.3,0.46,0.46,0.3,0.0,0.37,0.3,1.03,3.0,2.0,5.0,0.37,18.0,121.0,2122
11.0,5.0,4.2,5,5,20,8.0,69.0,4,9,63.0,0.21,0.37,0.34,0.18,6.0,0.38,0.21,0.84,5.0,2.65,4.0,0.34,16.0,154.0,1819
4.0,9.4,8.6,11,11,35,15.3,113.0,10,17,99.0,0.39,0.67,0.64,0.36,3.0,0.71,0.46,1.46,6.0,4.13,9.0,0.67,46.0,204.0,1920
10.0,4.6,4.6,4,4,15,7.4,61.0,4,7,51.0,0.36,0.58,0.58,0.36,5.0,0.56,0.32,1.19,3.0,4.05,5.0,0.56,14.0,97.0,2021
12.0,7.6,6.0,10,10,36,10.5,86.0,9,15,97.0,0.33,0.53,0.46,0.26,6.0,0.66,0.44,1.57,6.0,4.24,7.0,0.61,24.0,155.0,2122
13.0,9.3,5.3,12,12,18,12.2,78.0,7,18,60.0,0.48,0.83,0.63,0.28,9.0,0.93,0.62,0.93,5.0,3.11,10.0,0.67,20.0,109.0,2223
6.0,10.6,5.1,13,13,16,9.4,88.0,6,22,52.0,0.49,0.68,0.43,0.23,3.0,1.01,0.6,0.74,5.0,2.39,4.0,0.69,31.0,167.0,2324
1.0,0.7,0.7,0,0,2,0.7,18.0,0,0,9.0,0.03,0.03,0.03,0.03,0.0,0.0,0.0,0.08,0.0,0.36,1.0,0.0,0.0,0.0,1819
0.0,1.0,1.0,1,1,4,1.3,16.0,1,1,12.0,0.04,0.05,0.05,0.04,1.0,0.04,0.04,0.17,0.0,0.52,3.0,0.04,0.0,0.0,1920
0.0,0.5,0.5,0,0,4,2.4,17.0,0,2,14.0,0.03,0.12,0.12,0.03,1.0,0.1,0.0,0.21,0.0,0.73,0.0,0.1,5.0,83.0,2021
2.0,3.8,3.8,3,3,11,9.9,63.0,3,7,28.0,0.14,0.36,0.36,0.14,7.0,0.25,0.11,0.39,1.0,1.0,5.0,0.25,1.0,224.0,1819
0.0,2.8,2.8,2,2,10,7.9,71.0,2,9,28.0,0.1,0.29,0.29,0.1,4.0,0.33,0.07,0.36,7.0,1.02,1.0,0.33,5.0,176.0,1920
1.0,1.1,1.1,0,0,4,4.0,36.0,0,4,10.0,0.07,0.23,0.23,0.07,2.0,0.23,0.0,0.23,4.0,0.57,0.0,0.23,2.0,149.0,2021
1.0,2.3,2.3,1,1,2,5.3,42.0,1,3,11.0,0.18,0.4,0.4,0.18,1.0,0.23,0.08,0.15,2.0,0.83,1.0,0.23,1.0,104.0,2122
3.0,1.3,1.3,1,1,1,3.1,39.0,1,2,8.0,0.07,0.17,0.17,0.07,4.0,0.11,0.05,0.05,2.0,0.43,0.0,0.11,4.0,114.0,2223
2.0,2.5,2.5,3,3,6,7.2,62.0,3,7,19.0,0.09,0.27,0.27,0.09,0.0,0.26,0.11,0.22,1.0,0.71,3.0,0.26,9.0,153.0,2324
0.0,1.9,1.9,0,0,4,2.9,20.0,0,0,15.0,0.09,0.14,0.14,0.09,0.0,0.0,0.0,0.19,2.0,0.73,4.0,0.0,0.0,23.0,2021
0.0,1.1,1.1,1,1,2,1.9,17.0,1,2,11.0,0.06,0.11,0.11,0.06,0.0,0.11,0.06,0.11,1.0,0.61,1.0,0.11,1.0,17.0,2223
0.0,0.5,0.5,0,0,1,0.6,14.0,0,0,9.0,0.02,0.02,0.02,0.02,0.0,0.0,0.0,0.04,0.0,0.38,2.0,0.0,0.0,5.0,2324
0.0,0.2,0.2,0,0,2,1.8,4.0,0,0,6.0,0.01,0.12,0.12,0.01,0.0,0.0,0.0,0.13,0.0,0.4,0.0,0.0,4.0,39.0,1819
6.0,1.3,1.3,3,3,5,2.5,21.0,3,4,12.0,0.13,0.25,0.25,0.13,1.0,0.41,0.31,0.51,0.0,1.22,2.0,0.41,5.0,42.0,2122
4.0,4.9,4.9,6,6,9,9.9,59.0,6,7,22.0,0.22,0.45,0.45,0.22,2.0,0.32,0.27,0.41,4.0,1.0,2.0,0.32,14.0,99.0,2223
4.0,3.1,3.1,4,4,7,7.3,36.0,4,6,15.0,0.19,0.44,0.44,0.19,5.0,0.37,0.24,0.43,1.0,0.91,1.0,0.37,7.0,81.0,2324
1.0,5.3,5.3,8,8,25,8.8,101.0,8,10,57.0,0.27,0.45,0.45,0.27,1.0,0.51,0.4,1.27,8.0,2.89,2.0,0.51,18.0,202.0,1819
0.0,2.0,2.0,1,1,10,2.9,35.0,1,2,22.0,0.27,0.4,0.4,0.27,0.0,0.27,0.14,1.36,0.0,3.0,6.0,0.27,9.0,52.0,1920
9.0,4.2,4.2,5,5,15,7.3,45.0,5,7,43.0,0.25,0.44,0.44,0.25,4.0,0.4,0.28,0.85,7.0,2.43,5.0,0.4,7.0,122.0,2021
4.0,4.7,4.7,9,9,20,8.0,67.0,9,13,36.0,0.21,0.35,0.35,0.21,3.0,0.58,0.4,0.89,6.0,1.59,3.0,0.58,16.0,147.0,2122
1.0,3.4,3.4,4,4,16,6.1,79.0,4,7,42.0,0.16,0.29,0.29,0.16,1.0,0.33,0.19,0.76,5.0,1.99,6.0,0.33,20.0,144.0,2223
10.0,1.5,1.5,1,1,4,3.6,25.0,1,2,11.0,0.17,0.39,0.39,0.17,1.0,0.22,0.11,0.44,4.0,1.21,0.0,0.22,4.0,81.0,2324
0.0,1.0,1.0,1,1,3,1.6,18.0,1,2,15.0,0.05,0.08,0.08,0.05,0.0,0.1,0.05,0.14,2.0,0.72,3.0,0.1,1.0,3.0,1819
0.0,1.2,1.2,3,3,5,1.3,10.0,3,3,8.0,0.06,0.07,0.07,0.06,0.0,0.15,0.15,0.25,2.0,0.41,0.0,0.15,0.0,6.0,1920
1.0,0.8,0.8,0,0,5,2.5,10.0,0,1,16.0,0.04,0.11,0.11,0.04,1.0,0.04,0.0,0.22,0.0,0.71,0.0,0.04,1.0,22.0,2223
0.0,1.5,1.5,1,1,6,2.6,26.0,1,2,17.0,0.05,0.09,0.09,0.05,2.0,0.07,0.03,0.21,2.0,0.59,3.0,0.07,4.0,55.0,2324
1.0,1.0,1.0,1,1,2,1.2,8.0,1,1,7.0,0.21,0.26,0.26,0.21,2.0,0.21,0.21,0.42,0.0,1.48,0.0,0.21,2.0,45.0,1819
1.0,2.9,2.9,1,1,14,6.5,56.0,1,3,38.0,0.14,0.31,0.31,0.14,2.0,0.14,0.05,0.66,10.0,1.8,4.0,0.14,9.0,179.0,1920
0.0,0.1,0.1,0,0,1,0.6,3.0,0,1,2.0,0.02,0.11,0.11,0.02,1.0,0.19,0.0,0.19,0.0,0.39,0.0,0.19,2.0,19.0,1819
0.0,1.3,1.3,2,2,2,1.9,7.0,2,2,7.0,0.07,0.1,0.1,0.07,0.0,0.11,0.11,0.11,0.0,0.39,1.0,0.11,0.0,1.0,2021
1.0,5.1,5.1,5,5,21,10.6,100.0,5,11,61.0,0.18,0.37,0.37,0.18,1.0,0.39,0.18,0.74,4.0,2.15,5.0,0.39,48.0,255.0,2021
0.0,1.5,1.5,1,1,4,2.5,24.0,1,2,17.0,0.29,0.49,0.49,0.29,0.0,0.39,0.19,0.77,1.0,3.28,2.0,0.39,10.0,49.0,2122
2.0,1.1,1.1,0,0,3,3.2,46.0,0,0,17.0,0.1,0.3,0.3,0.1,9.0,0.0,0.0,0.28,2.0,1.59,4.0,0.0,18.0,111.0,2223
4.0,3.5,3.5,2,2,12,7.9,83.0,2,11,36.0,0.21,0.47,0.47,0.21,6.0,0.65,0.12,0.71,2.0,2.14,4.0,0.65,42.0,149.0,2324
1.0,0.6,0.6,0,0,1,1.6,11.0,0,1,15.0,0.05,0.13,0.13,0.05,1.0,0.08,0.0,0.08,2.0,1.2,1.0,0.08,3.0,22.0,1819
0.0,1.7,1.7,1,1,7,2.4,23.0,1,2,22.0,0.09,0.13,0.13,0.09,1.0,0.11,0.05,0.38,1.0,1.18,3.0,0.11,2.0,25.0,1920
0.0,0.7,0.7,0,0,5,1.7,9.0,0,1,16.0,0.04,0.1,0.1,0.04,1.0,0.06,0.0,0.31,0.0,0.98,0.0,0.06,1.0,16.0,2021
0.0,0.7,0.7,0,0,5,4.1,36.0,0,4,14.0,0.02,0.15,0.15,0.02,2.0,0.14,0.0,0.18,5.0,0.49,0.0,0.14,6.0,142.0,2021
0.0,1.6,1.6,0,0,6,4.5,26.0,0,4,23.0,0.07,0.18,0.18,0.07,0.0,0.16,0.0,0.24,0.0,0.94,3.0,0.16,7.0,145.0,1819
0.0,1.0,1.0,1,1,2,1.7,14.0,1,2,11.0,0.07,0.13,0.13,0.07,1.0,0.15,0.08,0.15,3.0,0.85,2.0,0.15,4.0,84.0,2324
0.0,0.5,0.5,0,0,3,2.0,10.0,0,2,10.0,0.04,0.16,0.16,0.04,0.0,0.16,0.0,0.24,0.0,0.8,0.0,0.16,4.0,28.0,2223
0.0,0.5,0.5,0,0,1,0.8,7.0,0,1,5.0,0.04,0.07,0.07,0.04,0.0,0.09,0.0,0.09,1.0,0.45,0.0,0.09,2.0,14.0,1819
8.0,5.0,5.0,4,4,11,7.1,42.0,4,7,30.0,0.23,0.32,0.32,0.23,3.0,0.32,0.18,0.5,5.0,1.36,8.0,0.32,1.0,79.0,2021
6.0,4.9,4.9,8,8,14,6.6,44.0,8,11,29.0,0.27,0.36,0.36,0.27,1.0,0.6,0.44,0.77,9.0,1.59,3.0,0.6,7.0,75.0,2122
3.0,5.4,3.0,6,6,7,4.2,59.0,3,7,33.0,0.26,0.32,0.2,0.15,0.0,0.34,0.29,0.34,13.0,1.61,4.0,0.2,5.0,83.0,2223
1.0,1.6,1.6,1,1,6,3.6,24.0,1,3,19.0,0.05,0.12,0.12,0.05,1.0,0.1,0.03,0.19,0.0,0.61,3.0,0.1,8.0,57.0,1819
2.0,0.2,0.2,1,1,1,1.3,12.0,1,2,4.0,0.02,0.11,0.11,0.02,0.0,0.17,0.08,0.08,0.0,0.33,0.0,0.17,2.0,17.0,1920
1.0,0.9,0.9,2,2,4,1.9,22.0,2,2,9.0,0.07,0.15,0.15,0.07,0.0,0.15,0.15,0.3,1.0,0.68,1.0,0.15,7.0,33.0,2021
0.0,1.6,1.6,1,1,2,5.2,45.0,1,6,19.0,0.05,0.16,0.16,0.05,0.0,0.18,0.03,0.06,4.0,0.57,2.0,0.18,10.0,184.0,1920
0.0,0.5,0.5,0,0,5,2.0,28.0,0,0,10.0,0.04,0.15,0.15,0.04,1.0,0.0,0.0,0.39,6.0,0.77,1.0,0.0,8.0,120.0,2021
1.0,0.8,0.8,0,0,4,3.3,30.0,0,1,14.0,0.04,0.19,0.19,0.04,5.0,0.06,0.0,0.23,11.0,0.8,2.0,0.06,7.0,148.0,2122
1.0,1.0,1.0,2,2,6,4.4,37.0,2,5,11.0,0.07,0.32,0.32,0.07,1.0,0.36,0.14,0.43,5.0,0.8,1.0,0.36,13.0,88.0,2324
0.0,0.3,0.3,0,0,2,1.3,15.0,0,1,10.0,0.02,0.08,0.08,0.02,0.0,0.06,0.0,0.12,0.0,0.59,2.0,0.06,5.0,51.0,2223
0.0,1.7,1.7,0,0,5,2.7,29.0,0,0,17.0,0.24,0.38,0.38,0.24,0.0,0.0,0.0,0.69,1.0,2.36,1.0,0.0,9.0,48.0,2324
0.0,1.8,1.8,3,3,5,2.6,19.0,3,4,8.0,0.09,0.14,0.14,0.09,0.0,0.21,0.16,0.27,1.0,0.43,0.0,0.21,4.0,74.0,2021
0.0,0.8,0.8,0,0,3,1.6,17.0,0,0,10.0,0.03,0.06,0.06,0.03,0.0,0.0,0.0,0.12,1.0,0.4,1.0,0.0,3.0,69.0,2122
5.0,2.1,2.1,1,1,6,3.0,27.0,1,1,14.0,0.57,0.8,0.8,0.57,2.0,0.27,0.27,1.61,0.0,3.76,0.0,0.27,9.0,35.0,1819
9.0,3.3,3.3,5,5,14,4.5,60.0,5,7,34.0,0.33,0.45,0.45,0.33,5.0,0.7,0.5,1.4,1.0,3.4,2.0,0.7,13.0,102.0,1920
9.0,5.0,5.0,9,9,20,8.6,121.0,9,14,45.0,0.28,0.48,0.48,0.28,5.0,0.78,0.5,1.11,3.0,2.51,4.0,0.78,42.0,213.0,2021
11.0,9.4,9.4,9,9,22,15.7,137.0,9,14,57.0,0.4,0.66,0.66,0.4,6.0,0.59,0.38,0.93,14.0,2.41,7.0,0.59,39.0,248.0,2122
19.0,5.9,5.9,11,11,22,10.6,131.0,11,17,46.0,0.29,0.52,0.52,0.29,8.0,0.83,0.54,1.07,6.0,2.25,5.0,0.83,25.0,275.0,2223
7.0,10.3,10.3,19,19,48,18.7,190.0,19,27,105.0,0.33,0.59,0.59,0.33,2.0,0.85,0.6,1.51,5.0,3.31,6.0,0.85,56.0,269.0,2324
0.0,0.4,0.4,0,0,2,1.0,6.0,0,1,5.0,0.03,0.07,0.07,0.03,0.0,0.07,0.0,0.14,0.0,0.36,1.0,0.07,1.0,2.0,1819
1.0,1.8,1.8,2,2,9,3.4,32.0,2,2,42.0,0.07,0.14,0.14,0.07,1.0,0.08,0.08,0.37,2.0,1.73,9.0,0.08,5.0,59.0,1819
7.0,2.0,2.0,1,1,8,3.6,50.0,1,2,33.0,0.07,0.13,0.13,0.07,1.0,0.07,0.04,0.28,2.0,1.17,3.0,0.07,4.0,59.0,1920
2.0,4.9,4.9,7,7,18,8.0,71.0,7,8,38.0,0.16,0.26,0.26,0.16,2.0,0.26,0.23,0.59,3.0,1.24,5.0,0.26,6.0,101.0,2223
0.0,2.5,2.5,2,2,8,5.7,60.0,2,4,30.0,0.16,0.36,0.36,0.16,0.0,0.26,0.13,0.52,0.0,1.93,2.0,0.26,6.0,63.0,2324
1.0,0.6,0.6,0,0,1,1.7,12.0,0,0,5.0,0.28,0.82,0.82,0.28,0.0,0.0,0.0,0.49,0.0,2.45,1.0,0.0,1.0,13.0,2425
0.0,0.2,0.2,0,0,1,0.3,1.0,0,0,7.0,0.01,0.03,0.03,0.01,0.0,0.0,0.0,0.08,0.0,0.58,0.0,0.0,0.0,6.0,1819
3.0,2.8,2.8,2,2,7,4.0,36.0,2,3,29.0,0.26,0.38,0.38,0.26,7.0,0.28,0.19,0.65,2.0,2.7,4.0,0.28,10.0,59.0,2122
0.0,1.4,1.4,3,3,6,4.8,23.0,3,10,17.0,0.1,0.33,0.33,0.1,0.0,0.69,0.21,0.41,0.0,1.17,1.0,0.69,3.0,47.0,2223
3.0,4.8,4.8,4,4,15,6.5,84.0,4,6,39.0,0.27,0.37,0.37,0.27,3.0,0.34,0.23,0.86,4.0,2.23,9.0,0.34,2.0,86.0,2324
4.0,0.8,0.8,0,0,2,1.3,5.0,0,1,7.0,0.04,0.06,0.06,0.04,0.0,0.05,0.0,0.1,0.0,0.35,1.0,0.05,1.0,4.0,1920
1.0,1.4,1.4,1,1,3,1.7,20.0,1,1,17.0,0.05,0.06,0.06,0.05,0.0,0.04,0.04,0.11,1.0,0.61,3.0,0.04,2.0,4.0,2223
1.0,1.1,1.1,1,1,3,2.2,9.0,1,1,7.0,0.08,0.16,0.16,0.08,0.0,0.07,0.07,0.21,1.0,0.5,1.0,0.07,0.0,3.0,2324
1.0,0.7,0.7,0,0,3,2.3,16.0,0,1,9.0,0.09,0.3,0.3,0.09,2.0,0.13,0.0,0.39,1.0,1.17,2.0,0.13,0.0,52.0,2223
5.0,3.6,3.6,8,8,20,7.8,67.0,8,13,37.0,0.25,0.54,0.54,0.25,2.0,0.9,0.56,1.39,8.0,2.57,1.0,0.9,24.0,136.0,1718
8.0,7.4,7.4,5,5,31,11.1,103.0,5,7,68.0,0.33,0.5,0.5,0.33,6.0,0.31,0.22,1.38,8.0,3.03,6.0,0.31,36.0,229.0,1819
2.0,8.6,7.8,8,8,26,11.8,72.0,7,14,57.0,0.55,0.8,0.75,0.5,2.0,0.89,0.51,1.66,3.0,3.64,2.0,0.83,16.0,128.0,1920
5.0,4.0,4.0,2,2,9,4.7,38.0,2,4,28.0,0.55,0.65,0.65,0.55,3.0,0.55,0.28,1.24,1.0,3.85,1.0,0.55,15.0,61.0,2021
2.0,3.8,3.8,5,5,16,6.7,47.0,5,8,43.0,0.25,0.45,0.45,0.25,0.0,0.54,0.34,1.08,4.0,2.91,6.0,0.54,9.0,62.0,2122
1.0,3.1,2.3,2,2,6,2.5,23.0,1,2,23.0,0.55,0.6,0.46,0.41,0.0,0.36,0.36,1.07,2.0,4.12,1.0,0.18,8.0,49.0,2122
0.0,1.4,1.4,1,1,8,1.8,24.0,1,1,21.0,0.16,0.21,0.21,0.16,0.0,0.11,0.11,0.91,2.0,2.4,1.0,0.11,5.0,68.0,2223
1.0,0.5,0.5,1,1,3,2.1,14.0,1,3,7.0,0.03,0.11,0.11,0.03,2.0,0.16,0.05,0.16,1.0,0.38,0.0,0.16,4.0,72.0,2021
1.0,1.3,1.3,1,1,6,2.4,28.0,1,2,17.0,0.05,0.09,0.09,0.05,2.0,0.07,0.04,0.22,1.0,0.62,1.0,0.07,8.0,42.0,2223
2.0,1.9,1.9,1,1,6,2.5,25.0,1,3,18.0,0.12,0.15,0.15,0.12,2.0,0.18,0.06,0.36,0.0,1.09,2.0,0.18,1.0,50.0,2324
2.0,3.2,3.2,0,0,11,5.0,39.0,0,1,46.0,0.11,0.16,0.16,0.11,4.0,0.03,0.0,0.36,1.0,1.5,4.0,0.03,6.0,55.0,1920
2.0,0.7,0.7,0,0,6,1.9,16.0,0,0,19.0,0.05,0.13,0.13,0.05,4.0,0.0,0.0,0.41,0.0,1.3,1.0,0.0,2.0,29.0,2324
1.0,0.3,0.3,1,1,2,1.0,13.0,1,3,5.0,0.02,0.05,0.05,0.02,0.0,0.14,0.05,0.09,2.0,0.23,1.0,0.14,0.0,35.0,2122
0.0,1.5,1.5,1,1,2,2.8,18.0,1,1,11.0,0.05,0.1,0.1,0.05,0.0,0.04,0.04,0.07,2.0,0.39,2.0,0.04,0.0,43.0,2223
0.0,3.2,3.2,4,4,11,4.4,18.0,4,4,39.0,0.16,0.21,0.21,0.16,0.0,0.19,0.19,0.53,0.0,1.88,2.0,0.19,4.0,35.0,1920
2.0,4.4,3.6,5,5,20,8.9,86.0,4,11,48.0,0.14,0.3,0.28,0.11,1.0,0.34,0.16,0.62,8.0,1.49,2.0,0.31,18.0,193.0,1718
5.0,3.3,3.3,2,2,11,5.6,39.0,2,3,39.0,0.12,0.21,0.21,0.12,6.0,0.11,0.08,0.41,1.0,1.47,6.0,0.11,10.0,81.0,1819
4.0,4.2,4.2,5,5,21,8.1,47.0,5,11,54.0,0.17,0.32,0.32,0.17,2.0,0.44,0.2,0.84,1.0,2.16,7.0,0.44,9.0,153.0,1920
1.0,4.7,3.9,4,4,12,4.7,29.0,3,6,42.0,0.2,0.24,0.21,0.17,0.0,0.26,0.17,0.52,1.0,1.83,5.0,0.22,2.0,56.0,2021
22.0,22.5,18.5,22,22,34,22.7,142.0,18,27,89.0,0.74,0.88,0.75,0.61,3.0,0.89,0.73,1.12,23.0,2.94,5.0,0.76,30.0,228.0,1819
10.0,14.7,13.2,22,22,40,16.5,150.0,20,25,91.0,0.42,0.52,0.47,0.38,3.0,0.72,0.63,1.15,20.0,2.61,7.0,0.66,38.0,288.0,1920
4.0,10.2,8.6,10,10,19,11.0,119.0,8,13,55.0,0.39,0.48,0.42,0.33,1.0,0.5,0.39,0.73,17.0,2.12,2.0,0.42,28.0,195.0,2021
11.0,5.9,4.2,4,4,16,5.2,50.0,4,5,33.0,0.51,0.6,0.45,0.36,1.0,0.43,0.35,1.39,10.0,2.86,4.0,0.43,10.0,47.0,2122
1.0,7.8,7.8,11,11,20,8.9,65.0,11,12,37.0,0.65,0.74,0.74,0.65,0.0,1.0,0.91,1.66,7.0,3.08,2.0,1.0,9.0,79.0,2122
0.0,1.5,1.5,1,1,7,1.9,23.0,1,1,16.0,0.24,0.3,0.3,0.24,0.0,0.16,0.16,1.14,0.0,2.6,2.0,0.16,4.0,29.0,2223
0.0,1.7,1.7,0,0,4,1.9,20.0,0,0,13.0,0.3,0.32,0.32,0.3,0.0,0.0,0.0,0.69,2.0,2.24,3.0,0.0,2.0,15.0,2122
1.0,2.7,2.7,3,3,7,6.1,27.0,3,6,28.0,0.13,0.3,0.3,0.13,2.0,0.29,0.15,0.34,1.0,1.37,7.0,0.29,4.0,74.0,1819
3.0,2.6,2.6,1,1,11,5.2,42.0,1,3,36.0,0.14,0.27,0.27,0.14,3.0,0.15,0.05,0.57,2.0,1.85,2.0,0.15,8.0,102.0,1920
0.0,3.0,3.0,3,3,5,5.2,28.0,3,6,29.0,0.13,0.23,0.23,0.13,1.0,0.26,0.13,0.22,4.0,1.27,2.0,0.26,3.0,90.0,2021
0.0,1.5,1.5,0,0,1,3.4,22.0,0,1,17.0,0.11,0.25,0.25,0.11,3.0,0.08,0.0,0.08,0.0,1.28,5.0,0.08,7.0,42.0,2122
0.0,1.5,1.5,0,0,7,2.7,19.0,0,3,16.0,0.1,0.17,0.17,0.1,0.0,0.19,0.0,0.44,0.0,1.01,2.0,0.19,4.0,40.0,2223
2.0,0.4,0.4,1,1,2,0.4,8.0,1,1,5.0,0.16,0.18,0.18,0.16,0.0,0.42,0.42,0.83,4.0,2.08,0.0,0.42,1.0,17.0,2122
1.0,1.5,1.5,2,2,5,2.0,20.0,2,2,10.0,0.29,0.39,0.39,0.29,1.0,0.39,0.39,0.97,7.0,1.94,0.0,0.39,3.0,50.0,2223
3.0,1.0,1.0,1,1,4,1.4,25.0,1,2,13.0,0.12,0.16,0.16,0.12,0.0,0.24,0.12,0.48,6.0,1.55,1.0,0.24,2.0,52.0,2324
2.0,0.9,0.9,2,2,8,2.0,17.0,2,3,18.0,0.1,0.21,0.21,0.1,0.0,0.32,0.21,0.85,3.0,1.92,1.0,0.32,3.0,56.0,1819
2.0,5.5,5.5,6,6,27,10.3,84.0,6,8,80.0,0.17,0.32,0.32,0.17,4.0,0.25,0.19,0.85,3.0,2.5,5.0,0.25,16.0,197.0,1819
8.0,4.1,4.1,2,2,22,7.8,53.0,2,6,78.0,0.13,0.24,0.24,0.13,10.0,0.18,0.06,0.68,1.0,2.4,7.0,0.18,8.0,153.0,1920
6.0,5.3,5.3,8,8,25,10.5,85.0,8,18,60.0,0.19,0.37,0.37,0.19,5.0,0.64,0.29,0.89,7.0,2.14,6.0,0.64,15.0,157.0,2021
3.0,3.4,3.4,6,6,15,7.2,69.0,6,11,43.0,0.15,0.31,0.31,0.15,8.0,0.47,0.26,0.65,1.0,1.86,4.0,0.47,3.0,95.0,2122
3.0,3.5,3.5,3,3,19,10.9,54.0,3,11,53.0,0.14,0.43,0.43,0.14,2.0,0.43,0.12,0.75,2.0,2.09,3.0,0.43,9.0,129.0,2223
2.0,2.6,1.8,3,3,8,5.2,35.0,2,5,29.0,0.12,0.28,0.24,0.08,2.0,0.23,0.14,0.37,0.0,1.36,5.0,0.19,6.0,88.0,2324
0.0,1.6,1.6,2,2,3,7.8,63.0,2,8,17.0,0.05,0.24,0.24,0.05,2.0,0.24,0.06,0.09,3.0,0.51,2.0,0.24,20.0,202.0,1819
2.0,1.5,1.5,0,0,8,4.7,62.0,0,2,24.0,0.05,0.16,0.16,0.05,2.0,0.07,0.0,0.27,1.0,0.82,2.0,0.07,23.0,169.0,1920
0.0,1.3,1.3,2,2,4,3.5,42.0,2,4,10.0,0.08,0.2,0.2,0.08,1.0,0.23,0.12,0.23,0.0,0.58,0.0,0.23,11.0,128.0,2021
1.0,1.4,1.4,1,1,2,4.2,60.0,1,3,13.0,0.07,0.21,0.21,0.07,0.0,0.15,0.05,0.1,10.0,0.66,2.0,0.15,13.0,205.0,2122
1.0,1.3,1.3,2,2,3,2.4,13.0,2,3,9.0,0.08,0.14,0.14,0.08,2.0,0.18,0.12,0.18,2.0,0.53,0.0,0.18,1.0,59.0,2324
7.0,7.9,7.1,9,9,17,11.4,133.0,8,11,36.0,0.25,0.39,0.36,0.23,7.0,0.35,0.29,0.54,11.0,1.15,4.0,0.32,27.0,269.0,1819
8.0,6.0,5.3,7,7,15,10.6,126.0,7,14,40.0,0.23,0.43,0.4,0.2,3.0,0.53,0.26,0.56,21.0,1.5,6.0,0.53,20.0,226.0,1920
1.0,5.9,5.9,8,8,11,9.6,117.0,8,11,31.0,0.24,0.39,0.39,0.24,2.0,0.45,0.33,0.45,22.0,1.28,3.0,0.45,22.0,201.0,2021
0.0,2.9,2.1,1,1,9,4.6,86.0,0,3,24.0,0.16,0.3,0.26,0.12,3.0,0.17,0.06,0.51,11.0,1.36,2.0,0.11,19.0,150.0,2122
0.0,1.7,1.7,0,0,5,3.6,35.0,0,3,15.0,0.09,0.18,0.18,0.09,0.0,0.15,0.0,0.25,10.0,0.76,3.0,0.15,4.0,130.0,2223
1.0,3.4,3.4,7,7,10,6.8,55.0,7,12,21.0,0.26,0.52,0.52,0.26,2.0,0.91,0.53,0.76,9.0,1.59,2.0,0.91,10.0,96.0,2324
0.0,0.4,0.4,0,0,1,1.1,7.0,0,1,4.0,0.02,0.05,0.05,0.02,0.0,0.04,0.0,0.04,1.0,0.18,1.0,0.04,1.0,6.0,1819
0.0,0.7,0.7,0,0,2,0.7,8.0,0,0,6.0,0.05,0.05,0.05,0.05,0.0,0.0,0.0,0.15,0.0,0.44,1.0,0.0,1.0,2.0,1920
1.0,0.3,0.3,0,0,1,0.7,11.0,0,0,5.0,0.01,0.03,0.03,0.01,0.0,0.0,0.0,0.04,0.0,0.2,0.0,0.0,0.0,1.0,2021
0.0,1.4,1.4,1,1,1,1.5,12.0,1,1,7.0,0.05,0.05,0.05,0.05,0.0,0.03,0.03,0.03,0.0,0.24,1.0,0.03,1.0,16.0,2122
3.0,4.2,1.8,5,5,6,8.6,57.0,2,8,28.0,0.13,0.35,0.27,0.06,2.0,0.25,0.16,0.19,6.0,0.89,3.0,0.16,10.0,237.0,2223
4.0,3.7,2.1,3,3,8,5.9,55.0,2,5,29.0,0.15,0.31,0.24,0.09,2.0,0.21,0.12,0.33,0.0,1.19,2.0,0.16,6.0,210.0,2324
0.0,0.5,0.5,2,2,4,1.6,13.0,2,2,12.0,0.02,0.07,0.07,0.02,2.0,0.08,0.08,0.17,1.0,0.5,0.0,0.08,4.0,73.0,1819
2.0,0.8,0.8,1,1,2,2.3,21.0,1,2,17.0,0.07,0.18,0.18,0.07,2.0,0.16,0.08,0.16,0.0,1.34,2.0,0.16,9.0,61.0,1920
1.0,2.1,2.1,2,2,7,3.7,24.0,2,4,24.0,0.14,0.26,0.26,0.14,1.0,0.27,0.14,0.48,2.0,1.64,5.0,0.27,5.0,107.0,2021
1.0,0.8,0.8,1,1,8,2.2,13.0,1,2,16.0,0.08,0.21,0.21,0.08,0.0,0.19,0.09,0.75,0.0,1.5,1.0,0.19,2.0,57.0,2122
0.0,0.2,0.2,0,0,1,0.2,9.0,0,0,5.0,0.09,0.09,0.09,0.09,2.0,0.0,0.0,0.43,1.0,2.15,0.0,0.0,2.0,11.0,1819
0.0,0.8,0.8,1,1,4,4.1,16.0,1,3,15.0,0.04,0.2,0.2,0.04,1.0,0.15,0.05,0.2,0.0,0.75,3.0,0.15,7.0,96.0,2223
0.0,0.1,0.1,0,0,1,1.3,8.0,0,1,5.0,0.02,0.16,0.16,0.02,1.0,0.13,0.0,0.13,0.0,0.64,2.0,0.13,4.0,56.0,2324
1.0,0.7,0.7,0,0,3,2.0,19.0,0,1,14.0,0.05,0.14,0.14,0.05,3.0,0.07,0.0,0.21,3.0,0.98,3.0,0.07,5.0,62.0,2324
0.0,0.4,0.4,1,1,3,0.7,10.0,1,1,8.0,0.03,0.05,0.05,0.03,1.0,0.08,0.08,0.23,0.0,0.6,1.0,0.08,4.0,48.0,2021
0.0,3.2,3.2,2,2,7,3.9,48.0,2,2,23.0,0.24,0.3,0.3,0.24,0.0,0.15,0.15,0.54,15.0,1.78,2.0,0.15,25.0,93.0,1920
0.0,5.2,5.2,6,6,22,6.5,67.0,6,7,58.0,0.3,0.37,0.37,0.3,0.0,0.4,0.35,1.27,5.0,3.34,4.0,0.4,12.0,108.0,1920
1.0,2.6,2.6,2,2,7,5.3,47.0,2,5,29.0,0.24,0.48,0.48,0.24,0.0,0.45,0.18,0.63,7.0,2.59,3.0,0.45,12.0,127.0,1718
0.0,0.9,0.9,1,1,4,0.9,7.0,1,1,6.0,0.12,0.13,0.13,0.12,0.0,0.14,0.14,0.55,1.0,0.83,2.0,0.14,0.0,20.0,1920
15.0,13.9,10.7,18,18,28,12.6,95.0,15,22,66.0,0.59,0.67,0.53,0.45,2.0,0.93,0.76,1.18,9.0,2.79,7.0,0.8,15.0,164.0,1718
6.0,15.2,12.0,15,15,37,14.0,132.0,12,17,90.0,0.53,0.6,0.49,0.42,0.0,0.6,0.53,1.3,14.0,3.17,4.0,0.49,5.0,166.0,1819
1.0,2.9,2.1,2,2,4,2.2,38.0,1,2,20.0,0.42,0.43,0.32,0.3,0.0,0.29,0.29,0.58,12.0,2.92,1.0,0.15,2.0,53.0,2223
1.0,0.5,0.5,0,0,2,1.5,13.0,0,1,6.0,0.08,0.26,0.26,0.08,2.0,0.17,0.0,0.34,0.0,1.01,0.0,0.17,3.0,22.0,1920
0.0,0.7,0.7,1,1,5,1.7,14.0,1,3,8.0,0.09,0.21,0.21,0.09,1.0,0.37,0.12,0.62,2.0,1.0,0.0,0.37,2.0,10.0,2021
0.0,0.7,0.7,0,0,2,2.4,25.0,0,1,10.0,0.05,0.15,0.15,0.05,1.0,0.06,0.0,0.13,1.0,0.64,3.0,0.06,3.0,54.0,2122
0.0,1.1,1.1,0,0,2,2.2,24.0,0,1,14.0,0.06,0.12,0.12,0.06,0.0,0.05,0.0,0.11,0.0,0.76,2.0,0.05,2.0,21.0,2223
6.0,3.8,3.8,6,6,18,7.2,46.0,6,9,71.0,0.17,0.33,0.33,0.17,7.0,0.41,0.27,0.82,2.0,3.25,7.0,0.41,7.0,145.0,1819
1.0,2.9,2.9,6,6,20,9.2,37.0,6,13,65.0,0.13,0.4,0.4,0.13,0.0,0.56,0.26,0.87,0.0,2.82,6.0,0.56,10.0,98.0,1920
6.0,7.5,7.5,10,10,22,7.8,79.0,10,10,62.0,0.37,0.39,0.39,0.37,0.0,0.5,0.5,1.1,23.0,3.09,7.0,0.5,8.0,76.0,2122
2.0,7.4,7.4,6,6,15,8.4,71.0,6,6,50.0,0.51,0.58,0.58,0.51,0.0,0.42,0.42,1.04,18.0,3.47,4.0,0.42,8.0,54.0,2223
1.0,1.4,1.4,2,2,7,1.7,20.0,2,2,15.0,0.33,0.39,0.39,0.33,2.0,0.46,0.46,1.61,3.0,3.45,3.0,0.46,3.0,16.0,2324
0.0,0.1,0.1,0,0,1,0.8,9.0,0,1,2.0,0.01,0.07,0.07,0.01,0.0,0.09,0.0,0.09,2.0,0.18,1.0,0.09,4.0,63.0,1819
0.0,0.1,0.1,0,0,1,0.7,8.0,0,0,5.0,0.02,0.09,0.09,0.02,0.0,0.0,0.0,0.13,0.0,0.64,0.0,0.0,4.0,28.0,1920
4.0,4.1,3.3,2,2,7,5.1,67.0,1,4,24.0,0.34,0.5,0.43,0.27,0.0,0.33,0.17,0.58,19.0,2.0,2.0,0.25,15.0,102.0,2223
0.0,1.8,1.8,1,1,2,1.9,15.0,1,1,10.0,0.07,0.08,0.08,0.07,1.0,0.04,0.04,0.08,2.0,0.4,0.0,0.04,0.0,6.0,2021
6.0,4.3,4.3,6,6,15,6.9,94.0,6,7,44.0,0.28,0.44,0.44,0.28,6.0,0.45,0.38,0.96,6.0,2.82,2.0,0.45,32.0,150.0,1920
11.0,6.0,6.0,6,6,20,10.4,104.0,6,12,43.0,0.28,0.48,0.48,0.28,10.0,0.56,0.28,0.94,4.0,2.01,6.0,0.56,32.0,147.0,2021
15.0,8.8,8.8,11,11,38,15.5,172.0,11,21,97.0,0.3,0.54,0.54,0.3,8.0,0.73,0.38,1.31,8.0,3.35,9.0,0.73,69.0,218.0,2122
9.0,10.8,10.8,15,15,29,17.9,144.0,15,23,92.0,0.4,0.66,0.66,0.4,9.0,0.86,0.56,1.08,10.0,3.42,8.0,0.86,64.0,235.0,2223
8.0,10.0,10.0,9,9,24,19.1,179.0,9,18,70.0,0.36,0.68,0.68,0.36,8.0,0.64,0.32,0.86,17.0,2.51,5.0,0.64,82.0,293.0,2324
2.0,1.8,1.8,1,1,8,4.1,34.0,1,4,26.0,0.09,0.21,0.21,0.09,6.0,0.21,0.05,0.41,1.0,1.34,6.0,0.21,6.0,25.0,1819
2.0,3.1,3.1,2,2,9,5.4,41.0,2,8,27.0,0.11,0.19,0.19,0.11,0.0,0.28,0.07,0.31,2.0,0.93,4.0,0.28,3.0,38.0,1920
1.0,3.3,3.3,2,2,8,4.5,52.0,2,2,29.0,0.12,0.16,0.16,0.12,1.0,0.07,0.07,0.28,1.0,1.03,2.0,0.07,3.0,77.0,2021
2.0,1.1,1.1,1,1,2,1.6,18.0,1,2,12.0,0.07,0.1,0.1,0.07,1.0,0.13,0.06,0.13,0.0,0.75,2.0,0.13,0.0,14.0,2122
0.0,2.1,2.1,2,2,3,3.4,27.0,2,3,11.0,0.35,0.57,0.57,0.35,0.0,0.5,0.33,0.5,3.0,1.82,2.0,0.5,6.0,39.0,1819
0.0,0.1,0.1,1,1,1,0.7,6.0,1,2,4.0,0.01,0.07,0.07,0.01,0.0,0.2,0.1,0.1,1.0,0.4,1.0,0.2,1.0,50.0,1819
4.0,0.7,0.7,0,0,1,1.0,10.0,0,0,6.0,0.34,0.51,0.51,0.34,1.0,0.0,0.0,0.48,0.0,2.9,0.0,0.0,4.0,25.0,1920
0.0,1.5,1.5,4,4,10,3.5,45.0,4,5,32.0,0.07,0.15,0.15,0.07,4.0,0.21,0.17,0.43,2.0,1.36,2.0,0.21,7.0,63.0,1920
1.0,1.4,1.4,0,0,8,4.1,31.0,0,4,24.0,0.09,0.27,0.27,0.09,0.0,0.26,0.0,0.53,1.0,1.59,4.0,0.26,8.0,63.0,2021
0.0,2.5,2.5,1,1,2,3.0,20.0,1,1,14.0,0.22,0.26,0.26,0.22,0.0,0.09,0.09,0.17,0.0,1.2,1.0,0.09,6.0,31.0,2122
20.0,13.7,13.7,17,17,38,23.3,264.0,17,26,77.0,0.44,0.76,0.76,0.44,1.0,0.84,0.55,1.23,13.0,2.5,11.0,0.84,88.0,436.0,1819
10.0,18.2,16.4,20,20,36,22.7,271.0,20,21,97.0,0.62,0.83,0.77,0.56,7.0,0.71,0.68,1.22,12.0,3.29,11.0,0.71,91.0,429.0,1920
13.0,11.0,10.2,10,10,28,15.9,213.0,10,17,69.0,0.39,0.59,0.57,0.36,5.0,0.6,0.35,0.99,9.0,2.45,8.0,0.6,81.0,351.0,2021
6.0,14.0,11.5,13,13,25,17.0,191.0,11,18,54.0,0.59,0.82,0.72,0.49,3.0,0.76,0.55,1.06,10.0,2.28,4.0,0.68,65.0,317.0,2122
8.0,6.2,6.2,6,6,16,10.8,121.0,6,9,42.0,0.29,0.51,0.51,0.29,4.0,0.43,0.29,0.76,11.0,2.0,3.0,0.43,39.0,186.0,2223
0.0,6.5,6.5,8,8,21,11.0,167.0,8,12,51.0,0.29,0.5,0.5,0.29,2.0,0.55,0.36,0.96,10.0,2.32,4.0,0.55,65.0,242.0,2324
0.0,2.4,2.4,2,2,6,2.9,27.0,2,3,26.0,0.08,0.1,0.1,0.08,0.0,0.1,0.07,0.21,2.0,0.89,6.0,0.1,1.0,7.0,1819
5.0,1.2,1.2,1,1,3,2.3,25.0,1,1,17.0,0.05,0.1,0.1,0.05,3.0,0.04,0.04,0.13,1.0,0.71,0.0,0.04,4.0,93.0,1819
4.0,4.4,2.8,5,5,8,5.2,32.0,3,8,21.0,0.27,0.42,0.32,0.17,0.0,0.5,0.31,0.5,2.0,1.31,2.0,0.37,8.0,68.0,1920
4.0,2.3,1.6,4,4,7,2.7,32.0,3,4,21.0,0.12,0.17,0.14,0.08,1.0,0.2,0.2,0.35,2.0,1.04,1.0,0.15,5.0,64.0,2021
6.0,3.7,2.1,4,4,7,3.0,39.0,2,5,28.0,0.17,0.22,0.14,0.1,1.0,0.22,0.18,0.31,4.0,1.25,1.0,0.13,4.0,66.0,2122
0.0,0.9,0.9,1,1,6,2.4,16.0,1,2,15.0,0.1,0.26,0.26,0.1,2.0,0.22,0.11,0.66,0.0,1.65,0.0,0.22,2.0,32.0,2223
4.0,0.4,0.4,0,0,1,1.9,12.0,0,2,8.0,0.04,0.22,0.22,0.04,1.0,0.23,0.0,0.11,1.0,0.92,1.0,0.23,3.0,54.0,2324
12.0,9.5,9.5,9,9,25,16.4,158.0,9,13,60.0,0.28,0.49,0.49,0.28,4.0,0.39,0.27,0.74,23.0,1.78,3.0,0.39,56.0,204.0,2021
15.0,10.7,10.7,12,12,26,15.0,153.0,12,16,54.0,0.33,0.46,0.46,0.33,11.0,0.49,0.37,0.79,18.0,1.65,7.0,0.49,43.0,206.0,2122
6.0,13.2,11.6,15,15,30,18.1,196.0,13,26,75.0,0.45,0.67,0.62,0.4,5.0,0.89,0.51,1.03,21.0,2.57,12.0,0.82,66.0,240.0,2223
1.0,6.1,6.1,6,6,12,9.4,73.0,6,11,22.0,0.43,0.66,0.66,0.43,0.0,0.78,0.43,0.85,6.0,1.56,3.0,0.78,16.0,125.0,2324
8.0,4.7,3.9,2,2,6,4.7,31.0,1,3,15.0,1.17,1.39,1.19,0.98,1.0,0.75,0.5,1.51,2.0,3.77,3.0,0.5,5.0,35.0,2425
0.0,1.3,1.3,0,0,4,2.2,32.0,0,0,14.0,0.16,0.28,0.28,0.16,0.0,0.0,0.0,0.5,3.0,1.74,1.0,0.0,6.0,43.0,2223
3.0,2.3,1.5,1,1,5,2.5,36.0,0,2,14.0,0.37,0.51,0.39,0.24,0.0,0.31,0.16,0.79,6.0,2.2,2.0,0.16,6.0,35.0,2324
0.0,1.1,1.1,1,1,4,1.3,15.0,1,1,10.0,0.06,0.07,0.07,0.06,1.0,0.05,0.05,0.2,1.0,0.5,1.0,0.05,1.0,15.0,2021
1.0,0.4,0.4,0,0,1,0.5,6.0,0,0,3.0,0.03,0.03,0.03,0.03,1.0,0.0,0.0,0.07,1.0,0.2,1.0,0.0,0.0,15.0,2324
0.0,1.7,1.7,1,1,5,5.3,53.0,1,3,23.0,0.06,0.19,0.19,0.06,0.0,0.11,0.04,0.18,2.0,0.83,2.0,0.11,10.0,146.0,2122
1.0,0.6,0.6,0,0,1,1.0,13.0,0,0,4.0,0.12,0.19,0.19,0.12,7.0,0.0,0.0,0.18,2.0,0.73,1.0,0.0,3.0,37.0,2223
0.0,2.0,2.0,1,1,3,7.1,60.0,1,8,32.0,0.06,0.21,0.21,0.06,9.0,0.24,0.03,0.09,2.0,0.95,4.0,0.24,17.0,202.0,2324
0.0,1.1,1.1,0,0,5,5.8,48.0,0,9,18.0,0.04,0.22,0.22,0.04,0.0,0.34,0.0,0.19,0.0,0.67,0.0,0.34,8.0,191.0,2425
0.0,0.0,0.0,0,0,1,2.1,9.0,0,1,1.0,0.0,0.12,0.12,0.0,0.0,0.06,0.0,0.06,1.0,0.06,0.0,0.06,5.0,63.0,2021
8.0,2.8,2.8,2,2,14,6.4,60.0,2,8,35.0,0.16,0.38,0.38,0.16,2.0,0.47,0.12,0.83,3.0,2.06,5.0,0.47,13.0,126.0,1819
5.0,4.6,4.6,8,8,15,7.6,53.0,8,10,40.0,0.18,0.29,0.29,0.18,10.0,0.39,0.31,0.58,0.0,1.54,3.0,0.39,8.0,131.0,1920
4.0,3.8,3.8,5,5,15,11.2,94.0,5,15,37.0,0.15,0.45,0.45,0.15,2.0,0.61,0.2,0.61,2.0,1.5,1.0,0.61,17.0,169.0,2021
4.0,2.9,2.1,4,4,10,4.2,29.0,3,6,32.0,0.14,0.25,0.21,0.1,12.0,0.3,0.2,0.5,1.0,1.6,4.0,0.25,7.0,95.0,2122
3.0,2.7,2.7,4,4,14,10.3,68.0,4,16,33.0,0.11,0.41,0.41,0.11,0.0,0.63,0.16,0.55,2.0,1.3,5.0,0.63,18.0,163.0,2223
4.0,2.4,2.4,3,3,6,4.4,43.0,3,3,18.0,0.18,0.33,0.33,0.18,4.0,0.23,0.23,0.45,0.0,1.36,1.0,0.23,5.0,90.0,2324
2.0,2.1,2.1,2,2,4,2.4,30.0,2,2,19.0,0.07,0.08,0.08,0.07,1.0,0.07,0.07,0.13,1.0,0.62,5.0,0.07,1.0,3.0,1819
1.0,0.7,0.7,0,0,4,0.9,18.0,0,0,8.0,0.03,0.04,0.04,0.03,0.0,0.0,0.0,0.19,2.0,0.38,3.0,0.0,0.0,4.0,2223
6.0,5.2,4.1,5,5,13,9.6,77.0,4,8,42.0,0.28,0.57,0.51,0.22,9.0,0.43,0.27,0.69,3.0,2.24,4.0,0.37,33.0,155.0,1920
11.0,0.9,0.9,1,1,3,1.7,14.0,1,3,11.0,0.2,0.39,0.39,0.2,3.0,0.67,0.22,0.67,0.0,2.45,1.0,0.67,6.0,31.0,2021
7.0,10.2,7.0,11,11,21,14.5,130.0,7,14,84.0,0.31,0.54,0.45,0.22,7.0,0.43,0.34,0.65,14.0,2.59,9.0,0.31,40.0,286.0,2122
6.0,9.3,9.3,7,7,25,19.1,131.0,7,14,79.0,0.41,0.83,0.83,0.41,9.0,0.61,0.3,1.09,15.0,3.43,9.0,0.61,53.0,339.0,2223
18.0,7.4,6.6,6,6,20,12.3,81.0,5,15,58.0,0.48,0.86,0.81,0.43,9.0,0.99,0.39,1.32,7.0,3.82,8.0,0.92,23.0,164.0,2324
10.0,9.5,9.5,9,9,28,11.8,133.0,9,11,54.0,0.47,0.58,0.58,0.47,2.0,0.54,0.44,1.37,6.0,2.65,6.0,0.54,31.0,224.0,2223
5.0,0.5,0.5,1,1,2,1.5,38.0,1,2,9.0,0.03,0.08,0.08,0.03,3.0,0.1,0.05,0.1,1.0,0.46,0.0,0.1,6.0,115.0,2324
1.0,0.6,0.6,1,1,4,2.2,39.0,1,3,13.0,0.03,0.11,0.11,0.03,0.0,0.15,0.05,0.2,3.0,0.64,0.0,0.15,19.0,127.0,2122
2.0,0.7,0.7,1,1,5,1.7,28.0,1,1,10.0,0.06,0.14,0.14,0.06,1.0,0.08,0.08,0.42,3.0,0.84,1.0,0.08,10.0,76.0,2223
4.0,3.3,3.3,2,2,8,5.6,49.0,2,3,24.0,0.13,0.22,0.22,0.13,7.0,0.12,0.08,0.31,8.0,0.93,3.0,0.12,8.0,99.0,2324
0.0,1.0,1.0,1,1,5,2.8,41.0,1,4,18.0,0.13,0.36,0.36,0.13,1.0,0.52,0.13,0.64,1.0,2.32,1.0,0.52,14.0,81.0,2021
4.0,0.6,0.6,0,0,3,1.3,26.0,0,1,14.0,0.12,0.27,0.27,0.12,6.0,0.2,0.0,0.61,3.0,2.86,0.0,0.2,12.0,51.0,2122
1.0,4.9,4.9,4,4,21,12.1,141.0,4,10,61.0,0.24,0.58,0.58,0.24,6.0,0.48,0.19,1.01,4.0,2.93,5.0,0.48,61.0,260.0,2223
8.0,5.2,5.2,1,1,17,9.4,117.0,1,7,57.0,0.27,0.49,0.49,0.27,11.0,0.37,0.05,0.89,2.0,2.98,7.0,0.37,33.0,182.0,2324
4.0,4.9,4.9,6,6,12,5.5,64.0,6,7,33.0,0.32,0.37,0.37,0.32,0.0,0.46,0.4,0.8,9.0,2.19,4.0,0.46,7.0,68.0,2324
1.0,0.3,0.3,1,1,1,0.7,7.0,1,1,4.0,0.01,0.04,0.04,0.01,0.0,0.05,0.05,0.05,0.0,0.21,0.0,0.05,0.0,2.0,1819
0.0,0.1,0.1,0,0,1,0.1,9.0,0,0,2.0,0.0,0.01,0.01,0.0,1.0,0.0,0.0,0.04,1.0,0.08,0.0,0.0,0.0,3.0,2223
9.0,0.2,0.2,0,0,1,2.4,5.0,0,2,7.0,0.01,0.16,0.16,0.01,3.0,0.13,0.0,0.06,0.0,0.45,0.0,0.13,1.0,13.0,1718
0.0,8.7,5.4,9,9,31,8.4,108.0,7,12,77.0,0.33,0.44,0.32,0.2,1.0,0.46,0.34,1.18,10.0,2.93,11.0,0.38,6.0,135.0,1819
0.0,11.0,5.4,15,15,26,7.0,103.0,8,16,74.0,0.34,0.39,0.22,0.17,0.0,0.5,0.47,0.82,18.0,2.32,2.0,0.28,3.0,140.0,1920
1.0,6.1,3.7,5,5,11,5.0,78.0,3,6,44.0,0.31,0.38,0.26,0.19,0.0,0.31,0.26,0.57,12.0,2.27,0.0,0.21,4.0,74.0,2021
6.0,0.1,0.1,1,1,3,0.5,5.0,1,1,3.0,0.02,0.09,0.09,0.02,2.0,0.18,0.18,0.54,1.0,0.54,0.0,0.18,4.0,22.0,2021
2.0,6.1,5.3,6,6,12,8.0,67.0,6,8,43.0,0.3,0.44,0.4,0.26,3.0,0.4,0.3,0.6,12.0,2.15,6.0,0.4,1.0,113.0,2122
1.0,5.2,5.2,2,2,14,6.3,68.0,2,5,52.0,0.48,0.59,0.59,0.48,0.0,0.47,0.19,1.3,8.0,4.84,10.0,0.47,2.0,62.0,2223
0.0,1.2,1.2,0,0,5,1.5,14.0,0,0,18.0,0.07,0.08,0.08,0.07,0.0,0.0,0.0,0.28,0.0,1.0,1.0,0.0,0.0,25.0,2122
4.0,16.6,13.4,17,17,39,20.4,192.0,13,23,114.0,0.46,0.65,0.57,0.37,0.0,0.64,0.47,1.08,18.0,3.17,9.0,0.53,42.0,223.0,1920
0.0,6.1,5.4,6,6,15,8.5,126.0,5,10,56.0,0.21,0.31,0.29,0.19,1.0,0.34,0.21,0.51,23.0,1.92,6.0,0.31,21.0,163.0,2122
7.0,2.6,2.6,0,0,9,4.3,44.0,0,1,20.0,0.27,0.46,0.46,0.27,0.0,0.11,0.0,0.96,9.0,2.13,3.0,0.11,2.0,45.0,2223
12.0,5.2,5.2,7,7,17,6.6,67.0,7,7,41.0,0.33,0.43,0.43,0.33,3.0,0.45,0.45,1.1,12.0,2.65,6.0,0.45,5.0,87.0,2324
17.0,5.0,4.2,4,4,13,4.8,43.0,3,4,34.0,0.42,0.47,0.4,0.35,3.0,0.33,0.33,1.09,7.0,2.85,4.0,0.25,5.0,71.0,1920
4.0,15.1,11.2,17,17,40,12.8,129.0,12,20,101.0,0.47,0.52,0.39,0.34,0.0,0.62,0.53,1.24,31.0,3.12,10.0,0.46,24.0,191.0,2122
1.0,5.1,3.5,4,4,14,4.0,43.0,3,4,41.0,0.57,0.63,0.45,0.39,2.0,0.45,0.45,1.57,20.0,4.58,2.0,0.34,5.0,51.0,2223
0.0,3.4,2.6,1,1,11,3.9,58.0,0,3,38.0,0.24,0.33,0.28,0.18,0.0,0.21,0.07,0.78,12.0,2.69,7.0,0.14,4.0,73.0,2324
0.0,0.3,0.3,0,0,4,0.6,5.0,0,0,10.0,0.02,0.04,0.04,0.02,0.0,0.0,0.0,0.28,0.0,0.7,1.0,0.0,3.0,19.0,1819
1.0,1.1,1.1,0,0,8,1.5,12.0,0,0,24.0,0.07,0.09,0.09,0.07,0.0,0.0,0.0,0.46,1.0,1.38,3.0,0.0,1.0,26.0,1920
0.0,0.2,0.2,0,0,2,1.3,8.0,0,2,6.0,0.01,0.07,0.07,0.01,0.0,0.11,0.0,0.11,0.0,0.33,1.0,0.11,5.0,13.0,2425
0.0,1.8,1.8,1,1,12,5.4,41.0,1,4,23.0,0.12,0.35,0.35,0.12,0.0,0.26,0.07,0.79,1.0,1.51,5.0,0.26,14.0,110.0,2324
5.0,1.6,1.6,1,1,11,5.0,49.0,1,3,34.0,0.06,0.19,0.19,0.06,9.0,0.11,0.04,0.42,1.0,1.29,5.0,0.11,20.0,204.0,2021
1.0,3.1,3.1,5,5,10,9.1,69.0,5,14,37.0,0.15,0.44,0.44,0.15,1.0,0.68,0.24,0.48,4.0,1.79,5.0,0.68,19.0,203.0,2122
0.0,1.0,1.0,1,1,4,4.0,25.0,1,2,16.0,0.07,0.29,0.29,0.07,2.0,0.14,0.07,0.29,4.0,1.16,2.0,0.14,9.0,115.0,2223
1.0,0.3,0.3,0,0,1,2.1,20.0,0,2,7.0,0.07,0.44,0.44,0.07,1.0,0.43,0.0,0.21,2.0,1.5,1.0,0.43,3.0,35.0,2324
2.0,1.2,1.2,0,0,1,1.2,15.0,0,0,6.0,0.08,0.08,0.08,0.08,1.0,0.0,0.0,0.07,0.0,0.4,1.0,0.0,0.0,1.0,2021
0.0,0.5,0.5,1,1,1,0.7,11.0,1,2,3.0,0.17,0.26,0.26,0.17,0.0,0.7,0.35,0.35,1.0,1.05,0.0,0.7,2.0,11.0,2021
0.0,0.9,0.9,2,2,3,1.5,9.0,2,3,5.0,0.1,0.18,0.18,0.1,0.0,0.37,0.25,0.37,0.0,0.62,0.0,0.37,1.0,17.0,2324
1.0,3.3,3.3,7,7,11,4.1,35.0,7,7,21.0,0.46,0.58,0.58,0.46,0.0,0.98,0.98,1.54,2.0,2.94,1.0,0.98,7.0,57.0,1819
0.0,0.9,0.9,1,1,4,1.3,26.0,1,1,11.0,0.13,0.19,0.19,0.13,0.0,0.14,0.14,0.57,4.0,1.57,3.0,0.14,10.0,58.0,1920
0.0,0.2,0.2,0,0,1,0.8,13.0,0,0,4.0,0.07,0.27,0.27,0.07,0.0,0.0,0.0,0.34,0.0,1.34,1.0,0.0,4.0,26.0,2324
3.0,1.7,1.7,1,1,3,3.3,25.0,1,2,12.0,0.27,0.53,0.53,0.27,2.0,0.32,0.16,0.48,5.0,1.92,0.0,0.32,4.0,67.0,1920
4.0,3.2,3.2,3,3,10,5.8,55.0,3,5,36.0,0.21,0.38,0.38,0.21,4.0,0.32,0.19,0.64,7.0,2.32,2.0,0.32,8.0,85.0,1920
4.0,3.9,3.9,4,4,16,8.9,72.0,4,8,55.0,0.15,0.33,0.33,0.15,5.0,0.3,0.15,0.6,4.0,2.05,4.0,0.3,20.0,210.0,2021
3.0,3.0,3.0,4,4,16,6.8,45.0,4,9,57.0,0.16,0.35,0.35,0.16,0.0,0.47,0.21,0.83,3.0,2.95,5.0,0.47,8.0,96.0,2122
3.0,2.0,2.0,3,3,13,4.3,32.0,3,3,38.0,0.14,0.29,0.29,0.14,2.0,0.2,0.2,0.89,2.0,2.59,6.0,0.2,5.0,54.0,2223
0.0,1.8,1.8,3,3,8,7.4,28.0,3,5,34.0,0.09,0.37,0.37,0.09,0.0,0.25,0.15,0.4,3.0,1.68,6.0,0.25,3.0,82.0,2324
2.0,1.6,1.6,2,2,7,4.2,40.0,2,4,19.0,0.06,0.16,0.16,0.06,3.0,0.15,0.08,0.27,0.0,0.73,3.0,0.15,5.0,60.0,1920
1.0,1.9,1.9,2,2,6,5.2,49.0,2,5,20.0,0.06,0.17,0.17,0.06,3.0,0.17,0.07,0.2,1.0,0.66,3.0,0.17,9.0,67.0,2021
0.0,1.4,1.4,1,1,6,2.8,37.0,1,4,20.0,0.05,0.1,0.1,0.05,0.0,0.15,0.04,0.23,0.0,0.76,2.0,0.15,7.0,59.0,2122
1.0,1.2,1.2,1,1,4,2.3,33.0,1,2,14.0,0.04,0.08,0.08,0.04,2.0,0.07,0.03,0.14,0.0,0.48,1.0,0.07,5.0,48.0,2324
1.0,1.6,1.6,1,1,3,3.1,39.0,1,3,18.0,0.06,0.12,0.12,0.06,2.0,0.11,0.04,0.11,11.0,0.68,1.0,0.11,12.0,162.0,1920
2.0,0.8,0.8,1,1,3,2.6,33.0,1,3,11.0,0.06,0.21,0.21,0.06,2.0,0.24,0.08,0.24,2.0,0.88,1.0,0.24,8.0,126.0,2021
0.0,0.7,0.7,2,2,4,2.5,36.0,2,4,10.0,0.05,0.19,0.19,0.05,1.0,0.3,0.15,0.3,3.0,0.76,0.0,0.3,5.0,88.0,2122
3.0,0.9,0.9,1,1,4,1.8,22.0,1,2,17.0,0.13,0.27,0.27,0.13,1.0,0.31,0.16,0.62,1.0,2.65,1.0,0.31,9.0,27.0,1819
0.0,1.6,1.4,3,3,10,4.3,28.0,3,4,30.0,0.1,0.27,0.26,0.09,0.0,0.24,0.18,0.61,2.0,1.82,4.0,0.24,15.0,64.0,1920
2.0,2.4,2.4,1,1,3,4.4,19.0,1,4,21.0,0.17,0.31,0.31,0.17,5.0,0.28,0.07,0.21,2.0,1.49,1.0,0.28,12.0,51.0,2021
2.0,0.9,0.9,2,2,4,4.2,25.0,2,7,22.0,0.05,0.23,0.23,0.05,0.0,0.38,0.11,0.22,1.0,1.2,2.0,0.38,12.0,71.0,2122
1.0,1.1,1.1,2,2,6,2.8,18.0,2,2,14.0,0.14,0.35,0.35,0.14,0.0,0.25,0.25,0.75,0.0,1.76,3.0,0.25,4.0,25.0,2223
6.0,3.1,3.1,5,5,8,4.9,36.0,5,6,27.0,0.18,0.29,0.29,0.18,3.0,0.36,0.3,0.48,3.0,1.62,2.0,0.36,7.0,85.0,1819
5.0,4.5,4.5,6,6,10,6.9,41.0,6,9,29.0,0.25,0.39,0.39,0.25,4.0,0.51,0.34,0.57,4.0,1.65,2.0,0.51,8.0,109.0,1920
0.0,4.1,4.1,5,5,14,6.4,53.0,5,9,30.0,0.24,0.37,0.37,0.24,1.0,0.52,0.29,0.8,2.0,1.72,4.0,0.52,11.0,113.0,2021
0.0,0.5,0.5,0,0,3,0.8,9.0,0,0,12.0,0.03,0.05,0.05,0.03,0.0,0.0,0.0,0.19,0.0,0.76,0.0,0.0,2.0,6.0,2122
0.0,1.0,1.0,0,0,3,2.0,9.0,0,0,15.0,0.06,0.13,0.13,0.06,0.0,0.0,0.0,0.19,0.0,0.93,1.0,0.0,1.0,8.0,2223
1.0,1.0,1.0,0,0,1,1.6,13.0,0,0,19.0,0.07,0.11,0.11,0.07,0.0,0.0,0.0,0.07,1.0,1.28,2.0,0.0,0.0,14.0,2324
11.0,5.1,3.6,4,4,13,5.5,71.0,2,6,47.0,0.23,0.31,0.24,0.16,0.0,0.27,0.18,0.58,7.0,2.09,5.0,0.18,4.0,134.0,1920
2.0,10.7,5.2,11,11,19,7.5,79.0,5,11,61.0,0.32,0.38,0.22,0.15,2.0,0.32,0.32,0.56,5.0,1.8,9.0,0.15,9.0,152.0,2021
4.0,3.1,3.1,2,2,13,5.3,62.0,2,4,41.0,0.15,0.25,0.25,0.15,1.0,0.19,0.1,0.62,5.0,1.95,9.0,0.19,7.0,147.0,2122
0.0,0.4,0.4,0,0,1,0.4,8.0,0,0,6.0,0.03,0.04,0.04,0.03,0.0,0.0,0.0,0.09,0.0,0.51,3.0,0.0,0.0,0.0,1819
1.0,0.3,0.3,0,0,4,1.0,29.0,0,1,7.0,0.03,0.09,0.09,0.03,3.0,0.09,0.0,0.38,0.0,0.66,0.0,0.09,4.0,53.0,2021
1.0,0.7,0.7,1,1,2,2.0,18.0,1,4,10.0,0.06,0.18,0.18,0.06,1.0,0.36,0.09,0.18,0.0,0.91,1.0,0.36,5.0,34.0,2122
0.0,0.1,0.1,1,1,1,0.7,4.0,1,2,2.0,0.02,0.14,0.14,0.02,0.0,0.4,0.2,0.2,0.0,0.4,0.0,0.4,2.0,14.0,2223
0.0,0.6,0.6,0,0,2,0.8,4.0,0,0,13.0,0.04,0.06,0.06,0.04,1.0,0.0,0.0,0.15,0.0,0.95,2.0,0.0,0.0,32.0,2021
1.0,0.4,0.4,0,0,4,2.4,12.0,0,0,11.0,0.01,0.08,0.08,0.01,2.0,0.0,0.0,0.13,0.0,0.37,2.0,0.0,5.0,51.0,2223
0.0,0.3,0.3,1,1,2,1.7,9.0,1,3,11.0,0.01,0.05,0.05,0.01,1.0,0.1,0.03,0.06,1.0,0.36,1.0,0.1,4.0,40.0,2324
2.0,1.4,1.4,2,2,6,2.6,23.0,2,7,17.0,0.05,0.1,0.1,0.05,1.0,0.27,0.08,0.23,2.0,0.65,5.0,0.27,1.0,23.0,2324
2.0,2.8,2.8,3,3,8,5.2,39.0,3,5,31.0,0.1,0.18,0.18,0.1,2.0,0.17,0.1,0.28,2.0,1.07,3.0,0.17,6.0,59.0,1920
0.0,3.2,3.2,2,2,3,4.4,24.0,2,4,19.0,0.15,0.2,0.2,0.15,1.0,0.18,0.09,0.14,0.0,0.87,1.0,0.18,1.0,34.0,2021
0.0,0.3,0.3,0,0,1,1.7,18.0,0,1,8.0,0.02,0.11,0.11,0.02,1.0,0.07,0.0,0.07,2.0,0.53,1.0,0.07,2.0,47.0,2122
8.0,5.1,5.1,8,8,30,7.9,68.0,8,13,65.0,0.23,0.36,0.36,0.23,6.0,0.6,0.37,1.37,15.0,2.98,7.0,0.6,15.0,152.0,1819
7.0,9.6,9.6,8,8,25,17.9,126.0,8,14,90.0,0.32,0.6,0.6,0.32,3.0,0.47,0.27,0.84,14.0,3.02,8.0,0.47,49.0,304.0,1920
6.0,9.3,7.1,7,7,19,9.5,73.0,4,10,53.0,0.48,0.6,0.49,0.36,3.0,0.51,0.36,0.97,7.0,2.72,7.0,0.36,17.0,155.0,2021
11.0,6.4,4.8,6,6,16,6.9,55.0,4,9,51.0,0.32,0.43,0.35,0.24,4.0,0.45,0.3,0.81,13.0,2.57,5.0,0.35,13.0,125.0,2122
10.0,10.5,8.1,11,11,27,11.2,101.0,8,15,89.0,0.44,0.58,0.48,0.34,2.0,0.64,0.47,1.14,18.0,3.77,10.0,0.51,34.0,212.0,2223
15.0,7.4,5.0,10,10,22,9.4,77.0,8,12,55.0,0.37,0.59,0.47,0.25,4.0,0.6,0.5,1.1,14.0,2.76,3.0,0.5,23.0,175.0,2324
0.0,1.5,1.5,2,2,6,3.5,43.0,2,6,24.0,0.15,0.35,0.35,0.15,0.0,0.6,0.2,0.6,7.0,2.39,1.0,0.6,9.0,82.0,1819
0.0,1.9,1.9,2,2,9,4.5,44.0,2,6,26.0,0.18,0.43,0.43,0.18,0.0,0.57,0.19,0.86,3.0,2.47,4.0,0.57,22.0,84.0,1920
3.0,1.0,1.0,2,2,4,1.7,20.0,2,2,10.0,0.23,0.39,0.39,0.23,3.0,0.46,0.46,0.93,2.0,2.31,0.0,0.46,9.0,30.0,2021
4.0,2.2,2.2,3,3,14,5.4,71.0,3,6,37.0,0.15,0.38,0.38,0.15,3.0,0.42,0.21,0.98,4.0,2.59,5.0,0.42,29.0,123.0,2122
0.0,2.8,2.8,4,4,13,6.2,61.0,4,7,37.0,0.21,0.46,0.46,0.21,0.0,0.52,0.3,0.97,5.0,2.76,5.0,0.52,16.0,125.0,2223
2.0,1.0,1.0,0,0,8,1.4,24.0,0,0,16.0,0.17,0.25,0.25,0.17,1.0,0.0,0.0,1.4,2.0,2.8,3.0,0.0,7.0,58.0,1920
3.0,1.5,1.5,2,2,9,3.3,49.0,2,3,25.0,0.12,0.25,0.25,0.12,2.0,0.23,0.15,0.68,1.0,1.9,4.0,0.23,21.0,83.0,2021
0.0,2.5,2.5,3,3,10,5.0,47.0,3,5,22.0,0.18,0.36,0.36,0.18,2.0,0.36,0.22,0.73,7.0,1.6,3.0,0.36,22.0,126.0,2122
2.0,1.0,1.0,0,0,8,2.2,52.0,0,2,21.0,0.11,0.23,0.23,0.11,3.0,0.22,0.0,0.86,6.0,2.27,4.0,0.22,28.0,123.0,2223
1.0,2.6,2.6,2,2,13,5.1,63.0,2,5,34.0,0.21,0.41,0.41,0.21,1.0,0.41,0.16,1.06,6.0,2.77,2.0,0.41,22.0,139.0,2324
0.0,0.9,0.9,1,1,6,1.7,41.0,1,2,22.0,0.09,0.19,0.19,0.09,0.0,0.22,0.11,0.65,1.0,2.38,3.0,0.22,27.0,100.0,2425
13.0,9.4,9.3,13,13,28,11.3,147.0,13,14,83.0,0.32,0.38,0.38,0.32,3.0,0.47,0.44,0.95,17.0,2.8,13.0,0.47,38.0,220.0,1819
10.0,9.7,8.8,7,7,31,12.1,145.0,6,10,80.0,0.31,0.41,0.38,0.28,5.0,0.31,0.22,0.98,25.0,2.52,6.0,0.28,40.0,195.0,2021
1.0,9.2,6.8,10,10,20,10.4,135.0,7,15,69.0,0.33,0.46,0.37,0.24,3.0,0.54,0.36,0.71,21.0,2.46,9.0,0.43,16.0,146.0,2122
11.0,3.3,3.3,1,1,14,5.5,62.0,1,4,27.0,0.29,0.49,0.49,0.29,4.0,0.36,0.09,1.25,9.0,2.41,4.0,0.36,13.0,75.0,2223
4.0,9.6,9.6,11,11,25,11.7,121.0,11,15,62.0,0.58,0.7,0.7,0.58,1.0,0.91,0.66,1.51,12.0,3.74,5.0,0.91,17.0,106.0,2324
0.0,1.0,1.0,1,1,4,6.2,40.0,1,7,13.0,0.04,0.23,0.23,0.04,2.0,0.25,0.04,0.14,3.0,0.46,3.0,0.25,5.0,150.0,2021
0.0,0.1,0.1,0,0,1,4.9,40.0,0,2,2.0,0.0,0.15,0.15,0.0,0.0,0.06,0.0,0.03,0.0,0.06,0.0,0.06,10.0,210.0,2122
1.0,0.6,0.6,2,2,4,1.8,30.0,2,2,5.0,0.07,0.19,0.19,0.07,2.0,0.22,0.22,0.44,0.0,0.56,0.0,0.22,5.0,46.0,2324
1.0,0.6,0.6,0,0,3,1.0,18.0,0,0,11.0,0.05,0.09,0.09,0.05,3.0,0.0,0.0,0.29,1.0,1.06,0.0,0.0,5.0,32.0,1819
0.0,1.0,1.0,1,1,6,4.5,21.0,1,4,22.0,0.04,0.17,0.17,0.04,0.0,0.15,0.04,0.23,2.0,0.84,2.0,0.15,6.0,118.0,1920
3.0,3.4,3.4,6,6,12,7.6,75.0,6,13,35.0,0.12,0.25,0.25,0.12,5.0,0.44,0.2,0.4,10.0,1.18,4.0,0.44,14.0,243.0,2021
5.0,1.8,1.8,3,3,8,7.1,60.0,3,8,36.0,0.07,0.26,0.26,0.07,3.0,0.29,0.11,0.29,9.0,1.32,7.0,0.29,16.0,171.0,2122
1.0,2.9,2.9,5,5,12,7.0,45.0,5,8,28.0,0.1,0.24,0.24,0.1,0.0,0.28,0.17,0.42,4.0,0.98,4.0,0.28,8.0,157.0,2223
2.0,1.8,1.8,1,1,9,4.8,54.0,1,1,27.0,0.08,0.21,0.21,0.08,3.0,0.04,0.04,0.4,3.0,1.21,5.0,0.04,9.0,130.0,2324
2.0,1.4,1.4,2,2,5,2.9,32.0,2,5,17.0,0.1,0.2,0.2,0.1,1.0,0.35,0.14,0.35,3.0,1.2,1.0,0.35,3.0,97.0,2425
1.0,0.7,0.7,0,0,5,2.4,10.0,0,2,8.0,0.12,0.43,0.43,0.12,0.0,0.35,0.0,0.88,0.0,1.41,1.0,0.35,0.0,28.0,1920
1.0,0.6,0.6,1,1,2,0.8,7.0,1,1,4.0,0.2,0.25,0.25,0.2,0.0,0.31,0.31,0.62,0.0,1.23,0.0,0.31,2.0,15.0,2021
7.0,7.0,7.0,5,5,27,10.2,104.0,5,9,57.0,0.26,0.38,0.38,0.26,2.0,0.33,0.19,1.0,6.0,2.12,5.0,0.33,35.0,167.0,2223
10.0,5.0,5.0,7,7,19,8.1,64.0,7,9,37.0,0.2,0.32,0.32,0.2,7.0,0.36,0.28,0.76,2.0,1.48,2.0,0.36,9.0,139.0,2324
11.0,5.5,4.7,7,7,25,9.3,89.0,7,11,53.0,0.37,0.68,0.62,0.32,9.0,0.74,0.47,1.68,9.0,3.55,7.0,0.74,47.0,191.0,1819
9.0,7.8,7.0,11,11,30,17.0,132.0,10,20,73.0,0.36,0.83,0.79,0.33,6.0,0.93,0.51,1.39,13.0,3.38,4.0,0.88,58.0,246.0,1920
11.0,4.7,4.7,9,9,22,9.7,138.0,9,15,58.0,0.22,0.45,0.45,0.22,5.0,0.69,0.42,1.02,7.0,2.68,8.0,0.69,60.0,247.0,2021
5.0,10.1,6.2,11,11,18,10.4,127.0,7,16,56.0,0.61,0.86,0.62,0.37,10.0,0.96,0.66,1.08,3.0,3.36,4.0,0.72,44.0,234.0,2122
0.0,0.1,0.1,0,0,2,1.0,13.0,0,1,4.0,0.04,0.27,0.27,0.04,0.0,0.28,0.0,0.55,0.0,1.1,0.0,0.28,7.0,25.0,1819
1.0,1.0,1.0,0,0,2,1.2,22.0,0,1,14.0,0.04,0.04,0.04,0.04,0.0,0.04,0.0,0.07,2.0,0.49,0.0,0.04,0.0,1.0,2021
1.0,0.4,0.4,1,1,1,0.4,7.0,1,1,4.0,0.04,0.04,0.04,0.04,0.0,0.11,0.11,0.11,0.0,0.43,0.0,0.11,0.0,0.0,2122
1.0,0.6,0.6,0,0,2,2.0,11.0,0,1,12.0,0.07,0.25,0.25,0.07,2.0,0.12,0.0,0.25,0.0,1.5,0.0,0.12,1.0,26.0,1819
1.0,1.1,1.1,1,1,1,1.5,15.0,1,3,12.0,0.22,0.29,0.29,0.22,1.0,0.59,0.2,0.2,1.0,2.38,1.0,0.59,0.0,23.0,1920
0.0,0.9,0.9,1,1,1,1.6,24.0,1,1,8.0,0.03,0.05,0.05,0.03,0.0,0.03,0.03,0.03,1.0,0.25,2.0,0.03,0.0,5.0,1819
2.0,3.2,2.8,4,4,7,4.3,26.0,4,6,30.0,0.16,0.23,0.21,0.14,2.0,0.3,0.2,0.35,2.0,1.49,5.0,0.3,2.0,27.0,2122
4.0,1.6,1.6,2,2,9,2.8,19.0,2,4,30.0,0.06,0.11,0.11,0.06,2.0,0.15,0.07,0.34,0.0,1.12,4.0,0.15,1.0,8.0,2223
2.0,1.7,1.7,4,4,9,3.5,16.0,4,6,23.0,0.09,0.19,0.19,0.09,2.0,0.32,0.21,0.48,0.0,1.22,4.0,0.32,1.0,14.0,2324
1.0,7.5,7.5,9,9,19,9.2,62.0,9,10,37.0,0.58,0.7,0.7,0.58,0.0,0.77,0.69,1.46,4.0,2.83,4.0,0.77,7.0,52.0,1819
0.0,0.7,0.7,1,1,3,1.4,23.0,1,3,9.0,0.03,0.06,0.06,0.03,0.0,0.13,0.04,0.13,1.0,0.4,3.0,0.13,1.0,59.0,2223
0.0,0.2,0.2,0,0,1,0.3,8.0,0,0,3.0,0.04,0.05,0.05,0.04,0.0,0.0,0.0,0.19,0.0,0.56,2.0,0.0,1.0,17.0,2324
0.0,1.3,1.3,1,1,1,1.6,16.0,1,1,8.0,0.21,0.26,0.26,0.21,0.0,0.17,0.17,0.17,1.0,1.34,1.0,0.17,6.0,48.0,1920
35.0,31.3,24.2,41,41,56,28.8,206.0,33,48,128.0,1.14,1.31,1.06,0.88,3.0,1.76,1.5,2.05,21.0,4.69,14.0,1.46,25.0,185.0,2021
27.0,18.1,15.0,19,19,37,19.9,165.0,15,27,90.0,0.59,0.75,0.65,0.49,2.0,0.88,0.62,1.21,24.0,2.95,10.0,0.75,20.0,168.0,2324
0.0,1.9,1.9,1,1,7,4.4,32.0,1,1,33.0,0.15,0.34,0.34,0.15,1.0,0.08,0.08,0.54,5.0,2.55,2.0,0.08,8.0,98.0,2021
3.0,0.7,0.7,0,0,2,2.1,19.0,0,1,12.0,0.17,0.51,0.51,0.17,2.0,0.24,0.0,0.49,0.0,2.93,4.0,0.24,5.0,37.0,2122
3.0,3.4,1.8,3,3,12,3.6,37.0,1,5,39.0,0.23,0.34,0.24,0.12,4.0,0.33,0.2,0.8,1.0,2.6,5.0,0.2,12.0,97.0,2223
2.0,1.8,1.8,3,3,7,3.7,44.0,3,7,32.0,0.13,0.26,0.26,0.13,2.0,0.5,0.21,0.5,1.0,2.29,2.0,0.5,13.0,92.0,2324
0.0,2.5,2.5,5,5,10,5.7,47.0,5,10,21.0,0.15,0.34,0.34,0.15,0.0,0.6,0.3,0.6,4.0,1.25,1.0,0.6,20.0,117.0,1920
0.0,0.2,0.2,0,0,1,0.7,10.0,0,0,4.0,0.04,0.12,0.12,0.04,0.0,0.0,0.0,0.17,1.0,0.68,0.0,0.0,3.0,25.0,2021
9.0,13.6,12.8,12,12,32,18.3,149.0,11,18,74.0,0.47,0.66,0.63,0.44,8.0,0.62,0.41,1.1,7.0,2.55,10.0,0.59,13.0,244.0,1819
9.0,14.0,14.0,9,9,38,20.5,211.0,9,17,99.0,0.42,0.62,0.62,0.42,7.0,0.51,0.27,1.14,6.0,2.98,7.0,0.51,35.0,218.0,1920
5.0,11.3,11.3,9,9,32,16.9,176.0,9,16,83.0,0.36,0.54,0.54,0.36,4.0,0.51,0.29,1.01,4.0,2.63,11.0,0.51,22.0,222.0,2021
11.0,4.7,4.7,5,5,11,6.4,68.0,5,9,30.0,0.43,0.59,0.59,0.43,4.0,0.82,0.45,1.0,3.0,2.73,3.0,0.82,6.0,100.0,2122
4.0,2.9,2.9,5,5,10,3.8,36.0,5,5,25.0,0.24,0.32,0.32,0.24,2.0,0.41,0.41,0.83,1.0,2.07,0.0,0.41,1.0,42.0,1819
3.0,4.7,4.6,4,4,15,6.2,66.0,4,6,34.0,0.24,0.32,0.31,0.23,2.0,0.3,0.2,0.75,4.0,1.7,5.0,0.3,7.0,73.0,1920
2.0,1.2,1.2,3,3,5,2.6,34.0,3,5,17.0,0.09,0.19,0.19,0.09,2.0,0.37,0.22,0.37,0.0,1.24,2.0,0.37,5.0,41.0,2021
0.0,0.9,0.9,2,2,4,2.4,18.0,2,4,8.0,0.13,0.34,0.34,0.13,0.0,0.55,0.28,0.55,0.0,1.11,2.0,0.55,1.0,31.0,2122
1.0,0.9,0.9,0,0,2,1.1,24.0,0,0,16.0,0.1,0.13,0.13,0.1,2.0,0.0,0.0,0.23,0.0,1.84,1.0,0.0,1.0,22.0,2223
0.0,2.9,2.9,1,1,9,4.6,42.0,1,3,36.0,0.11,0.18,0.18,0.11,0.0,0.11,0.04,0.34,1.0,1.37,1.0,0.11,2.0,36.0,2324
4.0,8.2,6.7,9,9,19,8.1,89.0,7,9,45.0,0.38,0.44,0.37,0.3,0.0,0.41,0.41,0.87,30.0,2.06,4.0,0.32,16.0,99.0,1819
0.0,5.3,4.5,4,4,10,4.8,43.0,4,4,23.0,0.62,0.65,0.56,0.53,2.0,0.47,0.47,1.17,10.0,2.7,0.0,0.47,6.0,46.0,1920
0.0,0.5,0.5,3,3,5,1.5,7.0,3,3,14.0,0.1,0.27,0.27,0.1,1.0,0.53,0.53,0.89,1.0,2.5,4.0,0.53,1.0,29.0,2021
0.0,2.2,2.2,2,2,11,3.5,28.0,2,2,20.0,0.23,0.36,0.36,0.23,0.0,0.21,0.21,1.13,4.0,2.05,3.0,0.21,11.0,75.0,2122
0.0,0.5,0.5,0,0,3,0.5,8.0,0,0,7.0,0.22,0.24,0.24,0.22,0.0,0.0,0.0,1.36,1.0,3.17,3.0,0.0,2.0,15.0,2122
1.0,1.0,1.0,0,0,5,2.3,20.0,0,0,12.0,0.26,0.58,0.58,0.26,1.0,0.0,0.0,1.28,5.0,3.08,2.0,0.0,9.0,28.0,2223
1.0,2.1,2.1,1,1,9,5.3,48.0,1,2,30.0,0.1,0.25,0.25,0.1,0.0,0.1,0.05,0.43,4.0,1.43,4.0,0.1,15.0,119.0,2324
5.0,3.1,2.3,3,3,8,3.8,52.0,2,3,20.0,0.17,0.25,0.21,0.13,7.0,0.16,0.16,0.44,5.0,1.09,1.0,0.11,14.0,102.0,1920
5.0,4.7,3.1,3,3,6,7.5,85.0,2,8,28.0,0.24,0.46,0.38,0.16,7.0,0.4,0.15,0.3,1.0,1.4,4.0,0.35,18.0,90.0,2122
4.0,4.7,3.9,5,5,16,9.5,102.0,5,12,41.0,0.15,0.33,0.3,0.13,3.0,0.38,0.16,0.51,2.0,1.31,5.0,0.38,16.0,186.0,2223
1.0,5.6,5.6,5,5,11,6.2,34.0,5,5,15.0,0.72,0.8,0.8,0.72,0.0,0.64,0.64,1.41,3.0,1.92,1.0,0.64,2.0,44.0,2021
0.0,1.3,1.3,2,2,6,1.7,18.0,2,2,12.0,0.22,0.29,0.29,0.22,0.0,0.35,0.35,1.05,4.0,2.09,2.0,0.35,1.0,25.0,2223
0.0,0.4,0.4,0,0,2,0.6,11.0,0,0,4.0,0.19,0.27,0.27,0.19,0.0,0.0,0.0,0.94,4.0,1.87,1.0,0.0,1.0,8.0,2223
10.0,6.4,5.6,5,5,20,6.5,77.0,4,5,56.0,0.42,0.48,0.43,0.37,1.0,0.33,0.33,1.31,15.0,3.66,8.0,0.26,14.0,72.0,2324
0.0,1.1,1.1,3,3,5,2.2,16.0,3,4,19.0,0.05,0.12,0.12,0.05,1.0,0.21,0.15,0.26,1.0,0.98,3.0,0.21,3.0,97.0,1819
3.0,5.6,4.1,9,9,10,4.7,72.0,7,9,28.0,0.35,0.39,0.29,0.26,2.0,0.56,0.56,0.63,20.0,1.75,2.0,0.44,8.0,82.0,2021
5.0,0.2,0.2,0,0,1,0.6,12.0,0,2,5.0,0.04,0.12,0.12,0.04,5.0,0.38,0.0,0.19,2.0,0.96,1.0,0.38,1.0,47.0,1819
1.0,2.1,2.1,0,0,8,6.9,54.0,0,4,23.0,0.07,0.24,0.24,0.07,3.0,0.14,0.0,0.27,3.0,0.79,4.0,0.14,8.0,145.0,2122
2.0,5.9,2.5,7,7,10,4.1,44.0,3,8,43.0,0.28,0.35,0.2,0.12,2.0,0.38,0.33,0.48,0.0,2.04,7.0,0.19,3.0,95.0,2021
0.0,2.1,0.5,2,2,3,2.8,11.0,0,4,13.0,0.23,0.48,0.31,0.06,0.0,0.44,0.22,0.33,0.0,1.45,3.0,0.22,0.0,50.0,2122
9.0,2.1,2.1,3,3,9,4.9,58.0,3,5,25.0,0.1,0.22,0.22,0.1,7.0,0.23,0.14,0.42,8.0,1.16,3.0,0.23,13.0,153.0,1819
11.0,5.9,5.9,9,9,19,9.7,109.0,9,16,52.0,0.2,0.33,0.33,0.2,6.0,0.55,0.31,0.65,6.0,1.79,5.0,0.55,19.0,198.0,1920
1.0,8.4,8.4,11,11,21,12.0,109.0,11,17,52.0,0.3,0.43,0.43,0.3,0.0,0.61,0.39,0.75,9.0,1.85,4.0,0.61,16.0,204.0,2021
0.0,1.7,1.7,1,1,4,2.0,22.0,1,1,15.0,0.33,0.4,0.4,0.33,1.0,0.2,0.2,0.78,1.0,2.93,2.0,0.2,3.0,24.0,2122
6.0,3.0,3.0,3,3,5,5.3,48.0,3,3,26.0,0.23,0.41,0.41,0.23,3.0,0.23,0.23,0.38,3.0,1.98,2.0,0.23,5.0,102.0,2223
10.0,1.9,1.9,0,0,6,3.3,33.0,0,3,31.0,0.12,0.22,0.22,0.12,2.0,0.2,0.0,0.4,4.0,2.05,6.0,0.2,9.0,83.0,2122
4.0,3.9,3.9,10,10,22,6.3,65.0,10,12,43.0,0.26,0.42,0.42,0.26,7.0,0.8,0.67,1.47,9.0,2.87,1.0,0.8,20.0,103.0,2324
1.0,0.3,0.3,1,1,2,0.5,13.0,1,1,4.0,0.02,0.03,0.03,0.02,0.0,0.06,0.06,0.11,3.0,0.23,0.0,0.06,0.0,4.0,1920
1.0,0.9,0.9,1,1,2,1.3,11.0,1,1,11.0,0.04,0.06,0.06,0.04,0.0,0.05,0.05,0.09,2.0,0.52,0.0,0.05,1.0,6.0,1819
0.0,4.0,4.0,1,1,10,5.1,48.0,1,1,35.0,0.13,0.17,0.17,0.13,0.0,0.03,0.03,0.33,0.0,1.16,4.0,0.03,1.0,11.0,1920
0.0,0.8,0.8,0,0,1,1.2,18.0,0,0,13.0,0.04,0.07,0.07,0.04,0.0,0.0,0.0,0.06,0.0,0.74,1.0,0.0,1.0,14.0,2122
0.0,1.5,1.5,1,1,2,1.8,23.0,1,1,13.0,0.05,0.07,0.07,0.05,1.0,0.04,0.04,0.08,0.0,0.49,0.0,0.04,0.0,2.0,1920
1.0,2.3,2.3,0,0,1,2.7,30.0,0,1,18.0,0.07,0.09,0.09,0.07,1.0,0.03,0.0,0.03,2.0,0.59,2.0,0.03,0.0,4.0,2021
2.0,1.0,1.0,0,0,2,1.0,21.0,0,0,12.0,0.03,0.03,0.03,0.03,0.0,0.0,0.0,0.06,2.0,0.39,2.0,0.0,0.0,2.0,2223
1.0,1.0,1.0,2,2,5,1.2,17.0,2,2,8.0,0.04,0.04,0.04,0.04,0.0,0.07,0.07,0.18,1.0,0.29,1.0,0.07,0.0,1.0,2324
13.0,8.5,8.5,7,7,17,10.5,76.0,7,10,50.0,0.35,0.43,0.43,0.35,2.0,0.41,0.29,0.7,10.0,2.05,4.0,0.41,15.0,122.0,1819
6.0,11.4,10.6,13,13,27,13.6,89.0,12,15,70.0,0.39,0.5,0.47,0.37,2.0,0.52,0.45,0.93,17.0,2.42,6.0,0.48,17.0,155.0,1920
2.0,3.7,3.7,6,6,14,6.0,46.0,6,9,33.0,0.15,0.25,0.25,0.15,1.0,0.38,0.25,0.59,2.0,1.39,5.0,0.38,12.0,58.0,2324
3.0,1.5,1.5,1,1,10,3.3,33.0,1,4,32.0,0.04,0.09,0.09,0.04,1.0,0.11,0.03,0.28,2.0,0.89,2.0,0.11,4.0,26.0,1718
3.0,2.7,2.7,3,3,7,4.1,29.0,3,4,27.0,0.09,0.13,0.13,0.09,2.0,0.13,0.1,0.23,1.0,0.89,3.0,0.13,3.0,13.0,1819
0.0,2.4,1.6,2,2,7,3.1,43.0,1,4,31.0,0.08,0.13,0.1,0.05,0.0,0.13,0.07,0.23,2.0,1.02,5.0,0.1,7.0,31.0,2021
2.0,1.4,1.4,1,1,7,3.2,31.0,1,3,15.0,0.14,0.32,0.32,0.14,6.0,0.31,0.1,0.72,1.0,1.53,3.0,0.31,9.0,78.0,2122
2.0,4.6,4.6,2,2,14,8.7,62.0,2,8,50.0,0.14,0.27,0.27,0.14,3.0,0.25,0.06,0.43,3.0,1.55,6.0,0.25,3.0,37.0,2223
8.0,1.4,1.4,2,2,6,3.6,53.0,2,5,15.0,0.08,0.2,0.2,0.08,9.0,0.28,0.11,0.34,2.0,0.84,3.0,0.28,19.0,104.0,2223
0.0,1.1,1.1,0,0,5,2.2,43.0,0,0,18.0,0.09,0.19,0.19,0.09,0.0,0.0,0.0,0.43,4.0,1.54,2.0,0.0,14.0,116.0,2324
8.0,13.5,12.8,16,16,37,16.8,140.0,15,20,91.0,0.45,0.59,0.56,0.43,6.0,0.67,0.54,1.24,20.0,3.05,7.0,0.64,34.0,264.0,1718
4.0,13.8,13.0,8,8,30,17.3,144.0,8,14,79.0,0.49,0.64,0.62,0.46,7.0,0.5,0.28,1.07,14.0,2.81,7.0,0.5,42.0,218.0,1819
7.0,6.7,6.7,4,4,14,12.4,75.0,4,11,41.0,0.32,0.6,0.6,0.32,2.0,0.53,0.19,0.67,8.0,1.96,3.0,0.53,18.0,143.0,1920
13.0,4.2,3.5,6,6,17,6.6,77.0,5,7,46.0,0.17,0.29,0.26,0.14,1.0,0.28,0.24,0.68,4.0,1.83,3.0,0.24,9.0,164.0,2122
0.0,0.4,0.4,0,0,1,0.5,14.0,0,0,5.0,0.03,0.04,0.04,0.03,0.0,0.0,0.0,0.08,0.0,0.38,0.0,0.0,1.0,2.0,2122
2.0,1.3,1.3,1,1,3,1.7,26.0,1,1,10.0,0.04,0.05,0.05,0.04,1.0,0.03,0.03,0.1,0.0,0.32,1.0,0.03,1.0,22.0,2021
0.0,1.5,1.5,2,2,3,3.6,22.0,2,5,21.0,0.07,0.16,0.16,0.07,7.0,0.22,0.09,0.13,2.0,0.94,2.0,0.22,3.0,65.0,1819
0.0,0.7,0.7,0,0,3,4.3,15.0,0,7,16.0,0.03,0.18,0.18,0.03,4.0,0.29,0.0,0.12,3.0,0.66,0.0,0.29,1.0,60.0,1920
0.0,0.6,0.6,0,0,5,2.9,15.0,0,4,15.0,0.02,0.11,0.11,0.02,4.0,0.15,0.0,0.19,2.0,0.58,1.0,0.15,3.0,25.0,2021
5.0,0.7,0.7,0,0,1,1.6,10.0,0,1,8.0,0.06,0.12,0.12,0.06,2.0,0.08,0.0,0.08,0.0,0.62,3.0,0.08,2.0,32.0,2122
1.0,2.2,2.2,5,5,9,3.1,19.0,5,7,15.0,0.13,0.18,0.18,0.13,1.0,0.42,0.3,0.54,0.0,0.9,2.0,0.42,1.0,19.0,2223
2.0,1.9,1.9,1,1,4,2.4,29.0,1,2,18.0,0.17,0.22,0.22,0.17,0.0,0.18,0.09,0.36,0.0,1.61,2.0,0.18,2.0,31.0,2324
9.0,5.1,5.1,7,7,29,14.6,89.0,7,13,85.0,0.16,0.46,0.46,0.16,9.0,0.41,0.22,0.92,2.0,2.71,7.0,0.41,32.0,183.0,1920
3.0,1.6,1.6,2,2,5,7.1,18.0,2,9,21.0,0.07,0.33,0.33,0.07,5.0,0.42,0.09,0.23,0.0,0.98,0.0,0.42,3.0,68.0,2223
3.0,1.8,1.8,3,3,12,6.8,40.0,3,8,30.0,0.08,0.3,0.3,0.08,5.0,0.35,0.13,0.52,1.0,1.3,3.0,0.35,11.0,55.0,2324
1.0,1.0,1.0,2,2,2,1.2,15.0,2,2,6.0,0.04,0.05,0.05,0.04,0.0,0.08,0.08,0.08,2.0,0.25,0.0,0.08,0.0,2.0,1920
0.0,0.6,0.6,1,1,2,0.9,8.0,1,1,4.0,0.11,0.16,0.16,0.11,1.0,0.19,0.19,0.38,0.0,0.77,1.0,0.19,0.0,0.0,2021
7.0,5.3,5.3,3,3,19,9.5,143.0,3,9,45.0,0.21,0.37,0.37,0.21,3.0,0.35,0.12,0.73,25.0,1.74,3.0,0.35,36.0,265.0,1819
5.0,8.9,8.9,7,7,25,13.4,158.0,7,10,60.0,0.32,0.48,0.48,0.32,5.0,0.36,0.25,0.89,29.0,2.15,1.0,0.36,27.0,383.0,1920
3.0,4.0,4.0,4,4,22,7.7,89.0,4,8,56.0,0.17,0.32,0.32,0.17,5.0,0.33,0.17,0.91,5.0,2.31,4.0,0.33,42.0,171.0,2223
0.0,2.7,2.7,3,3,16,5.9,85.0,3,8,37.0,0.16,0.35,0.35,0.16,1.0,0.47,0.18,0.94,9.0,2.18,2.0,0.47,28.0,166.0,2324
4.0,2.0,2.0,1,1,5,5.6,60.0,1,7,25.0,0.18,0.52,0.52,0.18,4.0,0.64,0.09,0.46,1.0,2.29,2.0,0.64,19.0,99.0,2021
9.0,3.4,3.4,4,4,15,5.8,107.0,4,8,34.0,0.2,0.34,0.34,0.2,8.0,0.47,0.24,0.89,13.0,2.01,4.0,0.47,38.0,194.0,2122
10.0,13.7,12.9,9,9,31,19.9,204.0,8,17,97.0,0.52,0.78,0.75,0.49,5.0,0.64,0.34,1.17,10.0,3.67,9.0,0.61,79.0,268.0,2223
6.0,11.7,10.9,10,10,35,14.9,206.0,10,15,86.0,0.44,0.59,0.56,0.41,5.0,0.57,0.38,1.32,13.0,3.25,6.0,0.57,84.0,301.0,2324
3.0,1.2,1.2,0,0,4,2.7,20.0,0,2,16.0,0.05,0.11,0.11,0.05,0.0,0.08,0.0,0.15,0.0,0.6,2.0,0.08,5.0,9.0,2021
3.0,2.0,2.0,3,3,5,2.5,37.0,3,3,20.0,0.06,0.08,0.08,0.06,0.0,0.09,0.09,0.16,1.0,0.62,1.0,0.09,2.0,15.0,2122
11.0,12.8,11.3,13,13,28,12.2,90.0,11,13,69.0,0.61,0.66,0.58,0.54,1.0,0.62,0.62,1.34,8.0,3.29,5.0,0.52,9.0,104.0,1819
12.0,10.5,7.4,11,11,20,10.4,87.0,7,12,53.0,0.42,0.54,0.41,0.29,4.0,0.48,0.44,0.79,10.0,2.1,1.0,0.32,12.0,132.0,1920
7.0,9.7,6.5,12,12,19,9.3,99.0,10,16,42.0,0.4,0.51,0.38,0.27,3.0,0.66,0.49,0.78,14.0,1.72,2.0,0.57,6.0,155.0,2021
1.0,8.4,6.1,7,7,17,9.3,92.0,6,10,46.0,0.36,0.49,0.39,0.26,0.0,0.43,0.3,0.72,12.0,1.96,7.0,0.38,9.0,133.0,2122
0.0,2.5,2.5,1,1,3,2.9,21.0,1,1,15.0,0.35,0.41,0.41,0.35,1.0,0.14,0.14,0.42,8.0,2.11,3.0,0.14,3.0,34.0,2223
2.0,0.6,0.6,0,0,2,1.2,19.0,0,1,6.0,0.08,0.17,0.17,0.08,3.0,0.14,0.0,0.27,4.0,0.82,1.0,0.14,6.0,50.0,2223
1.0,2.4,2.4,1,1,5,4.7,32.0,1,3,14.0,0.08,0.16,0.16,0.08,1.0,0.1,0.03,0.17,2.0,0.47,1.0,0.1,12.0,125.0,1819
0.0,0.4,0.4,1,1,4,1.3,14.0,1,2,11.0,0.04,0.12,0.12,0.04,1.0,0.18,0.09,0.35,0.0,0.98,5.0,0.18,4.0,55.0,1920
0.0,0.5,0.5,0,0,3,2.0,35.0,0,1,16.0,0.03,0.1,0.1,0.03,1.0,0.05,0.0,0.14,1.0,0.77,2.0,0.05,9.0,135.0,2021
0.0,0.4,0.4,0,0,4,2.3,18.0,0,1,14.0,0.02,0.12,0.12,0.02,3.0,0.05,0.0,0.21,1.0,0.73,0.0,0.05,6.0,80.0,2122
1.0,0.5,0.5,0,0,5,3.3,31.0,0,3,15.0,0.02,0.1,0.1,0.02,0.0,0.09,0.0,0.15,0.0,0.45,1.0,0.09,13.0,115.0,2223
8.0,3.1,3.1,2,2,12,4.2,44.0,2,2,34.0,0.24,0.32,0.32,0.24,3.0,0.15,0.15,0.93,9.0,2.63,2.0,0.15,8.0,89.0,1920
4.0,6.4,5.6,8,8,19,7.0,55.0,7,11,46.0,0.35,0.42,0.38,0.3,4.0,0.6,0.43,1.03,12.0,2.49,3.0,0.54,9.0,118.0,2021
1.0,6.0,6.0,4,4,9,9.8,74.0,4,8,48.0,0.35,0.57,0.57,0.35,3.0,0.46,0.23,0.52,4.0,2.79,6.0,0.46,11.0,136.0,2122
3.0,2.6,2.6,1,1,11,3.8,40.0,1,4,31.0,0.23,0.34,0.34,0.23,2.0,0.36,0.09,0.99,3.0,2.78,2.0,0.36,3.0,71.0,2223
0.0,7.9,7.1,3,3,19,10.6,74.0,3,5,55.0,0.39,0.56,0.52,0.35,0.0,0.24,0.15,0.93,11.0,2.69,11.0,0.24,15.0,139.0,2324
0.0,1.7,1.7,3,3,11,3.7,26.0,3,5,46.0,0.05,0.12,0.12,0.05,2.0,0.15,0.09,0.34,1.0,1.42,2.0,0.15,2.0,62.0,1819
3.0,3.6,3.6,0,0,8,7.2,46.0,0,2,55.0,0.16,0.32,0.32,0.16,1.0,0.09,0.0,0.35,1.0,2.41,2.0,0.09,5.0,61.0,1920
0.0,1.0,1.0,0,0,4,1.2,6.0,0,0,9.0,0.23,0.26,0.26,0.23,2.0,0.0,0.0,0.9,0.0,2.04,0.0,0.0,1.0,18.0,2021
2.0,1.2,1.2,0,0,5,4.1,18.0,0,2,23.0,0.08,0.28,0.28,0.08,4.0,0.14,0.0,0.34,1.0,1.57,1.0,0.14,4.0,29.0,2122
3.0,1.5,1.5,2,2,5,6.4,37.0,2,6,37.0,0.07,0.3,0.3,0.07,3.0,0.28,0.09,0.23,1.0,1.71,6.0,0.28,3.0,59.0,2223
4.0,3.5,3.5,3,3,11,5.2,25.0,3,6,30.0,0.2,0.29,0.29,0.2,3.0,0.34,0.17,0.62,0.0,1.7,3.0,0.34,0.0,32.0,2324
1.0,0.7,0.7,0,0,4,1.6,11.0,0,0,19.0,0.02,0.06,0.06,0.02,1.0,0.0,0.0,0.14,1.0,0.68,1.0,0.0,4.0,62.0,1819
0.0,0.4,0.4,1,1,2,1.7,7.0,1,2,11.0,0.02,0.09,0.09,0.02,0.0,0.11,0.05,0.11,0.0,0.58,2.0,0.11,3.0,28.0,1920
0.0,3.1,2.3,2,2,9,5.8,33.0,1,7,27.0,0.23,0.47,0.42,0.17,5.0,0.51,0.14,0.65,4.0,1.96,3.0,0.43,9.0,99.0,1920
0.0,1.1,1.1,0,0,5,3.8,29.0,0,5,16.0,0.15,0.53,0.53,0.15,6.0,0.69,0.0,0.69,2.0,2.21,2.0,0.69,10.0,104.0,2021
0.0,0.6,0.6,0,0,3,1.8,24.0,0,6,12.0,0.06,0.18,0.17,0.05,0.0,0.55,0.0,0.28,0.0,1.11,4.0,0.55,9.0,85.0,2122
8.0,6.3,2.4,6,6,11,6.6,45.0,1,12,31.0,0.4,0.67,0.42,0.15,8.0,0.76,0.38,0.7,1.0,1.96,3.0,0.44,12.0,125.0,2223
6.0,5.2,2.9,8,8,14,12.8,71.0,5,16,37.0,0.19,0.55,0.46,0.1,4.0,0.58,0.29,0.5,3.0,1.33,4.0,0.47,21.0,287.0,2324
7.0,6.2,5.4,6,6,22,12.7,77.0,5,11,62.0,0.19,0.42,0.39,0.17,5.0,0.34,0.19,0.68,0.0,1.93,10.0,0.31,26.0,166.0,2021
3.0,6.5,2.5,7,7,12,5.3,61.0,2,12,32.0,0.32,0.47,0.27,0.13,0.0,0.6,0.35,0.6,1.0,1.6,4.0,0.35,18.0,98.0,2122
5.0,1.8,1.8,3,3,6,4.1,36.0,3,3,20.0,0.18,0.41,0.41,0.18,3.0,0.3,0.3,0.61,1.0,2.02,1.0,0.3,15.0,72.0,2122
0.0,2.7,2.7,5,5,14,4.8,43.0,5,8,25.0,0.19,0.34,0.34,0.19,1.0,0.58,0.36,1.01,1.0,1.81,3.0,0.58,17.0,66.0,2223
0.0,0.2,0.2,0,0,2,0.5,6.0,0,1,5.0,0.05,0.14,0.14,0.05,0.0,0.3,0.0,0.6,0.0,1.5,0.0,0.3,1.0,16.0,2223
3.0,2.8,2.8,5,5,10,4.5,40.0,5,6,27.0,0.17,0.28,0.28,0.17,2.0,0.37,0.31,0.62,1.0,1.67,3.0,0.37,11.0,78.0,2324
6.0,3.2,3.2,4,4,11,7.6,67.0,4,8,34.0,0.18,0.43,0.43,0.18,1.0,0.45,0.23,0.62,4.0,1.93,3.0,0.45,15.0,152.0,1819
6.0,4.1,4.1,6,6,12,5.6,38.0,6,7,20.0,0.42,0.58,0.58,0.42,1.0,0.73,0.62,1.25,4.0,2.08,2.0,0.73,5.0,76.0,1920
2.0,4.8,4.7,6,6,17,8.1,80.0,6,7,33.0,0.24,0.42,0.41,0.24,1.0,0.36,0.31,0.86,9.0,1.68,3.0,0.36,21.0,165.0,2021
2.0,2.9,2.9,2,2,7,4.3,40.0,2,3,23.0,0.29,0.43,0.43,0.29,2.0,0.3,0.2,0.71,8.0,2.34,2.0,0.3,5.0,100.0,2122
3.0,1.1,1.1,0,0,4,2.4,19.0,0,1,22.0,0.06,0.13,0.13,0.06,7.0,0.05,0.0,0.22,1.0,1.19,0.0,0.05,5.0,85.0,1920
0.0,2.7,2.7,3,3,12,6.3,40.0,3,10,45.0,0.08,0.18,0.18,0.08,1.0,0.29,0.09,0.34,2.0,1.29,5.0,0.29,13.0,213.0,2021
0.0,1.3,1.3,2,2,6,3.2,39.0,2,4,30.0,0.06,0.16,0.16,0.06,1.0,0.2,0.1,0.29,3.0,1.47,8.0,0.2,5.0,122.0,2223
3.0,3.4,3.4,2,2,8,4.8,28.0,2,3,24.0,0.11,0.16,0.16,0.11,0.0,0.1,0.07,0.27,2.0,0.8,3.0,0.1,2.0,9.0,1920
4.0,1.5,1.5,1,1,3,3.5,34.0,1,4,18.0,0.09,0.21,0.21,0.09,6.0,0.24,0.06,0.18,2.0,1.07,1.0,0.24,7.0,84.0,2223
5.0,5.2,5.2,4,4,10,11.5,68.0,4,10,38.0,0.18,0.4,0.4,0.18,4.0,0.35,0.14,0.35,4.0,1.31,2.0,0.35,22.0,165.0,2324
23.0,10.5,10.5,12,12,32,12.7,116.0,12,12,55.0,0.44,0.54,0.54,0.44,2.0,0.51,0.51,1.35,23.0,2.32,5.0,0.51,22.0,200.0,1819
24.0,19.0,14.3,23,23,41,18.8,204.0,17,25,93.0,0.57,0.71,0.57,0.43,11.0,0.76,0.69,1.24,23.0,2.81,9.0,0.57,30.0,289.0,1920
8.0,23.0,18.2,24,24,42,25.3,215.0,18,35,90.0,0.72,0.94,0.79,0.57,0.0,1.09,0.75,1.31,19.0,2.81,13.0,0.9,50.0,295.0,2021
10.0,6.6,5.8,8,8,14,8.8,90.0,7,8,42.0,0.38,0.54,0.5,0.33,6.0,0.45,0.45,0.79,14.0,2.38,3.0,0.4,17.0,125.0,2122
13.0,9.0,7.4,10,10,20,11.5,100.0,8,16,49.0,0.49,0.71,0.62,0.4,3.0,0.87,0.54,1.08,13.0,2.66,5.0,0.76,12.0,159.0,2223
14.0,9.8,9.0,13,13,27,11.4,141.0,13,16,64.0,0.33,0.42,0.39,0.31,10.0,0.55,0.44,0.92,25.0,2.18,6.0,0.55,22.0,234.0,2324
0.0,1.4,1.4,1,1,5,3.5,19.0,1,2,24.0,0.05,0.12,0.12,0.05,0.0,0.07,0.03,0.17,0.0,0.81,2.0,0.07,4.0,36.0,2223
4.0,1.8,1.8,2,2,4,2.0,12.0,2,3,12.0,0.11,0.12,0.12,0.11,0.0,0.18,0.12,0.24,2.0,0.72,1.0,0.18,1.0,2.0,2021
0.0,1.5,1.5,4,4,10,2.8,28.0,4,4,18.0,0.06,0.11,0.11,0.06,2.0,0.16,0.16,0.4,1.0,0.71,2.0,0.16,4.0,14.0,2122
1.0,2.1,2.1,0,0,1,2.9,29.0,0,2,18.0,0.1,0.15,0.15,0.1,2.0,0.1,0.0,0.05,1.0,0.9,3.0,0.1,1.0,11.0,2223
1.0,2.1,2.1,1,1,9,3.5,34.0,1,3,23.0,0.09,0.16,0.16,0.09,1.0,0.14,0.05,0.41,0.0,1.04,7.0,0.14,2.0,11.0,2324
0.0,1.5,1.5,0,0,6,2.7,16.0,0,1,31.0,0.08,0.13,0.13,0.08,0.0,0.05,0.0,0.3,0.0,1.53,3.0,0.05,2.0,32.0,1920
0.0,0.4,0.4,0,0,1,0.4,3.0,0,0,5.0,0.04,0.04,0.04,0.04,0.0,0.0,0.0,0.11,0.0,0.55,1.0,0.0,1.0,5.0,2223
0.0,0.2,0.2,0,0,2,0.5,6.0,0,0,6.0,0.02,0.04,0.04,0.02,0.0,0.0,0.0,0.15,0.0,0.46,0.0,0.0,5.0,25.0,1718
0.0,0.5,0.5,1,1,2,1.5,16.0,1,1,8.0,0.02,0.06,0.06,0.02,1.0,0.04,0.04,0.08,2.0,0.31,0.0,0.04,3.0,78.0,2021
1.0,0.6,0.6,0,0,2,2.2,25.0,0,1,5.0,0.02,0.08,0.08,0.02,0.0,0.04,0.0,0.07,3.0,0.18,2.0,0.04,4.0,71.0,2122
0.0,0.2,0.2,0,0,2,1.0,9.0,0,1,3.0,0.03,0.14,0.14,0.03,0.0,0.14,0.0,0.28,2.0,0.41,1.0,0.14,1.0,35.0,2223
2.0,10.1,10.1,15,15,31,15.5,113.0,15,20,68.0,0.36,0.55,0.55,0.36,2.0,0.71,0.53,1.1,6.0,2.42,9.0,0.71,36.0,282.0,1718
0.0,4.0,4.0,2,2,24,8.6,59.0,2,4,51.0,0.19,0.42,0.42,0.19,0.0,0.19,0.1,1.17,5.0,2.48,8.0,0.19,21.0,168.0,1819
7.0,2.9,2.9,3,3,16,6.8,64.0,3,4,41.0,0.15,0.35,0.35,0.15,5.0,0.2,0.15,0.81,1.0,2.07,5.0,0.2,19.0,159.0,2021
1.0,1.2,1.2,2,2,7,2.9,28.0,2,4,28.0,0.06,0.15,0.15,0.06,3.0,0.21,0.1,0.36,2.0,1.44,4.0,0.21,4.0,56.0,1819
1.0,1.4,1.4,1,1,10,4.0,18.0,1,4,27.0,0.06,0.18,0.18,0.06,0.0,0.18,0.04,0.45,1.0,1.21,2.0,0.18,4.0,55.0,1920
2.0,1.7,0.9,1,1,4,1.7,17.0,0,1,25.0,0.08,0.13,0.09,0.04,1.0,0.05,0.05,0.2,6.0,1.28,0.0,0.0,5.0,45.0,2021
1.0,4.0,4.0,3,3,9,6.2,38.0,3,8,41.0,0.29,0.45,0.45,0.29,4.0,0.58,0.22,0.65,0.0,2.96,4.0,0.58,3.0,50.0,1819
3.0,2.7,2.7,1,1,12,5.1,31.0,1,5,40.0,0.22,0.41,0.41,0.22,1.0,0.41,0.08,0.98,0.0,3.26,5.0,0.41,11.0,63.0,1920
0.0,3.1,3.1,3,3,11,7.3,53.0,3,4,38.0,0.18,0.43,0.43,0.18,0.0,0.24,0.18,0.65,5.0,2.23,2.0,0.24,12.0,73.0,2021
4.0,1.0,1.0,1,1,4,1.5,7.0,1,1,9.0,0.49,0.73,0.73,0.49,2.0,0.5,0.5,2.01,0.0,4.53,1.0,0.5,0.0,17.0,2122
5.0,4.3,4.3,4,4,17,6.7,26.0,4,6,38.0,0.42,0.65,0.65,0.42,4.0,0.56,0.37,1.59,1.0,3.56,2.0,0.56,7.0,46.0,2223
3.0,4.1,4.1,5,5,19,7.9,39.0,5,9,66.0,0.14,0.27,0.27,0.14,1.0,0.31,0.17,0.65,0.0,2.27,6.0,0.31,4.0,39.0,2324
0.0,0.5,0.5,0,0,1,0.5,13.0,0,0,5.0,0.03,0.03,0.03,0.03,0.0,0.0,0.0,0.05,0.0,0.26,0.0,0.0,0.0,3.0,2223
1.0,0.2,0.2,0,0,2,2.0,21.0,0,2,6.0,0.02,0.17,0.17,0.02,3.0,0.17,0.0,0.17,0.0,0.5,0.0,0.17,4.0,80.0,1920
0.0,0.9,0.9,1,1,3,5.6,58.0,1,4,8.0,0.03,0.23,0.23,0.03,2.0,0.16,0.04,0.12,1.0,0.32,1.0,0.16,4.0,231.0,2021
0.0,0.3,0.3,0,0,2,1.2,27.0,0,2,10.0,0.01,0.05,0.05,0.01,0.0,0.08,0.0,0.08,1.0,0.42,1.0,0.08,4.0,101.0,2122
1.0,0.2,0.2,0,0,2,1.1,24.0,0,0,4.0,0.02,0.09,0.09,0.02,3.0,0.0,0.0,0.15,1.0,0.31,1.0,0.0,3.0,78.0,2223
1.0,1.4,1.4,1,1,4,4.3,38.0,1,4,12.0,0.07,0.2,0.2,0.07,2.0,0.19,0.05,0.19,3.0,0.56,2.0,0.19,2.0,162.0,2324
0.0,2.8,2.8,6,6,8,3.7,54.0,6,8,28.0,0.26,0.33,0.33,0.26,1.0,0.72,0.54,0.72,2.0,2.53,2.0,0.72,10.0,75.0,1819
0.0,3.4,3.4,1,1,8,4.6,67.0,1,1,35.0,0.16,0.22,0.22,0.16,2.0,0.05,0.05,0.38,3.0,1.65,4.0,0.05,14.0,97.0,2021
0.0,1.2,1.2,0,0,6,3.6,40.0,0,2,19.0,0.08,0.24,0.24,0.08,1.0,0.13,0.0,0.39,2.0,1.23,4.0,0.13,9.0,53.0,2122
6.0,0.8,0.8,0,0,2,2.4,42.0,0,1,9.0,0.05,0.14,0.14,0.05,1.0,0.06,0.0,0.12,1.0,0.53,1.0,0.06,10.0,86.0,2223
0.0,3.7,3.7,6,6,14,6.1,64.0,6,7,40.0,0.16,0.26,0.26,0.16,0.0,0.3,0.26,0.61,1.0,1.74,3.0,0.3,9.0,113.0,2324
6.0,6.2,6.1,6,6,25,9.8,91.0,6,7,59.0,0.22,0.35,0.35,0.22,3.0,0.25,0.21,0.89,6.0,2.1,8.0,0.25,31.0,152.0,1920
1.0,4.1,4.1,6,6,13,7.0,53.0,6,9,38.0,0.23,0.39,0.39,0.23,3.0,0.5,0.33,0.73,10.0,2.12,2.0,0.5,13.0,124.0,2021
3.0,3.6,3.6,1,1,8,6.4,72.0,1,4,40.0,0.16,0.29,0.29,0.16,4.0,0.18,0.05,0.36,12.0,1.81,4.0,0.18,16.0,118.0,2122
4.0,1.2,1.2,3,3,6,3.4,33.0,3,7,21.0,0.09,0.27,0.27,0.09,5.0,0.56,0.24,0.48,3.0,1.67,1.0,0.56,3.0,68.0,2223
2.0,3.9,3.9,4,4,17,6.3,82.0,4,9,49.0,0.18,0.29,0.29,0.18,1.0,0.41,0.18,0.78,18.0,2.25,5.0,0.41,15.0,145.0,2324
1.0,1.9,1.9,2,2,8,2.9,10.0,2,4,33.0,0.09,0.13,0.13,0.09,0.0,0.19,0.09,0.37,0.0,1.54,3.0,0.19,1.0,21.0,1920
2.0,1.8,1.8,1,1,3,2.3,23.0,1,1,28.0,0.07,0.1,0.1,0.07,0.0,0.04,0.04,0.12,0.0,1.16,1.0,0.04,1.0,21.0,2021
3.0,1.3,1.3,2,2,6,2.3,18.0,2,2,23.0,0.11,0.18,0.18,0.11,0.0,0.16,0.16,0.49,1.0,1.87,2.0,0.16,1.0,21.0,2122
3.0,4.0,1.6,3,3,4,2.9,22.0,1,3,31.0,0.18,0.23,0.13,0.07,1.0,0.13,0.13,0.18,0.0,1.37,1.0,0.04,3.0,20.0,2223
1.0,1.1,1.1,0,0,8,2.5,29.0,0,1,19.0,0.04,0.08,0.08,0.04,1.0,0.03,0.0,0.27,0.0,0.64,4.0,0.03,2.0,49.0,1920
0.0,1.4,1.4,1,1,2,4.2,12.0,1,2,14.0,0.05,0.15,0.15,0.05,4.0,0.07,0.04,0.07,0.0,0.5,1.0,0.07,0.0,54.0,2021
2.0,0.4,0.4,0,0,3,2.8,16.0,0,4,9.0,0.01,0.1,0.1,0.01,1.0,0.14,0.0,0.1,2.0,0.31,0.0,0.14,2.0,46.0,2122
1.0,2.6,1.8,3,3,7,7.3,52.0,2,8,29.0,0.09,0.27,0.24,0.06,6.0,0.26,0.1,0.23,6.0,0.96,0.0,0.23,9.0,197.0,2021
2.0,3.1,1.6,1,1,10,4.9,61.0,1,7,31.0,0.12,0.25,0.19,0.06,2.0,0.27,0.04,0.38,8.0,1.17,8.0,0.27,11.0,199.0,2122
3.0,1.8,1.8,2,2,4,3.8,26.0,2,4,20.0,0.14,0.29,0.29,0.14,2.0,0.31,0.16,0.31,1.0,1.55,2.0,0.31,3.0,92.0,2223
5.0,2.3,2.3,3,3,10,5.6,40.0,3,5,28.0,0.13,0.33,0.33,0.13,5.0,0.29,0.17,0.58,6.0,1.63,2.0,0.29,4.0,117.0,2324
1.0,1.0,1.0,1,1,4,4.2,5.0,1,3,21.0,0.06,0.28,0.28,0.06,0.0,0.2,0.07,0.26,1.0,1.38,4.0,0.2,0.0,41.0,1819
0.0,0.1,0.1,1,1,2,0.2,1.0,1,1,2.0,0.07,0.1,0.1,0.07,0.0,0.48,0.48,0.96,0.0,0.96,0.0,0.48,0.0,4.0,1920
2.0,0.8,0.8,1,1,4,5.2,37.0,1,3,22.0,0.03,0.17,0.17,0.03,2.0,0.1,0.03,0.13,1.0,0.74,3.0,0.1,13.0,150.0,1819
1.0,1.1,1.1,2,2,3,3.2,21.0,2,4,6.0,0.05,0.15,0.15,0.05,1.0,0.19,0.09,0.14,1.0,0.28,1.0,0.19,7.0,115.0,1920
0.0,0.8,0.8,1,1,2,1.4,26.0,1,2,6.0,0.06,0.11,0.11,0.06,0.0,0.16,0.08,0.16,0.0,0.48,0.0,0.16,13.0,88.0,2021
0.0,0.2,0.2,0,0,2,1.3,5.0,0,0,3.0,0.16,0.9,0.9,0.16,1.0,0.0,0.0,1.36,0.0,2.05,1.0,0.0,2.0,14.0,2122
0.0,1.2,1.2,0,0,2,2.2,21.0,0,1,12.0,0.08,0.15,0.15,0.08,2.0,0.07,0.0,0.14,0.0,0.85,0.0,0.07,6.0,59.0,2223
0.0,0.9,0.9,0,0,5,3.5,41.0,0,2,17.0,0.04,0.15,0.15,0.04,0.0,0.09,0.0,0.22,6.0,0.73,2.0,0.09,9.0,147.0,2324
1.0,0.3,0.3,0,0,3,1.6,1.0,0,0,11.0,0.01,0.06,0.06,0.01,1.0,0.0,0.0,0.11,0.0,0.4,0.0,0.0,0.0,10.0,1819
4.0,2.4,2.4,4,4,12,7.6,17.0,4,9,46.0,0.12,0.37,0.37,0.12,3.0,0.45,0.2,0.6,1.0,2.3,5.0,0.45,6.0,68.0,1819
0.0,3.3,3.3,4,4,13,7.1,22.0,4,7,60.0,0.16,0.34,0.34,0.16,1.0,0.34,0.19,0.62,2.0,2.88,7.0,0.34,5.0,88.0,1920
1.0,1.4,1.4,0,0,7,3.1,16.0,0,1,35.0,0.09,0.2,0.2,0.09,3.0,0.06,0.0,0.45,0.0,2.24,0.0,0.06,1.0,59.0,2021
0.0,1.9,1.9,3,3,6,3.1,35.0,3,4,20.0,0.17,0.29,0.29,0.17,0.0,0.37,0.28,0.56,4.0,1.87,3.0,0.37,10.0,44.0,1819
1.0,0.6,0.6,1,1,3,0.8,11.0,1,1,6.0,0.3,0.44,0.44,0.3,0.0,0.53,0.53,1.59,1.0,3.18,0.0,0.53,3.0,11.0,1920
0.0,2.0,2.0,1,1,5,3.0,21.0,1,1,9.0,0.16,0.24,0.24,0.16,0.0,0.08,0.08,0.4,4.0,0.73,2.0,0.08,5.0,39.0,2021
0.0,5.4,5.3,4,4,10,7.1,75.0,4,5,33.0,0.26,0.35,0.35,0.26,0.0,0.24,0.19,0.48,4.0,1.6,6.0,0.24,11.0,87.0,2122
0.0,4.9,4.9,3,3,12,7.2,75.0,3,5,33.0,0.18,0.26,0.26,0.18,1.0,0.18,0.11,0.44,8.0,1.2,4.0,0.18,12.0,81.0,2223
8.0,4.4,3.6,8,8,27,8.6,39.0,8,11,78.0,0.26,0.55,0.5,0.21,12.0,0.64,0.47,1.58,3.0,4.57,9.0,0.64,16.0,108.0,1920
6.0,5.6,4.9,8,8,20,15.0,69.0,7,20,66.0,0.27,0.76,0.72,0.23,5.0,0.96,0.38,0.96,1.0,3.17,4.0,0.91,23.0,178.0,2021
1.0,3.3,3.3,6,6,17,9.2,47.0,6,11,57.0,0.19,0.52,0.52,0.19,1.0,0.62,0.34,0.96,3.0,3.22,9.0,0.62,10.0,141.0,2122
4.0,0.6,0.6,1,1,6,2.6,8.0,1,3,19.0,0.1,0.43,0.43,0.1,1.0,0.49,0.16,0.98,0.0,3.09,1.0,0.49,3.0,36.0,2223
0.0,1.1,1.1,4,4,13,1.6,4.0,4,5,39.0,0.06,0.1,0.1,0.06,2.0,0.29,0.23,0.76,0.0,2.27,4.0,0.29,0.0,31.0,2324
1.0,0.5,0.5,0,0,3,1.5,13.0,0,0,10.0,0.08,0.24,0.24,0.08,2.0,0.0,0.0,0.5,1.0,1.67,0.0,0.0,3.0,46.0,1819
1.0,1.5,1.5,1,1,5,4.0,21.0,1,3,11.0,0.19,0.51,0.51,0.19,4.0,0.38,0.13,0.63,0.0,1.38,1.0,0.38,3.0,56.0,1819
0.0,2.2,1.4,1,1,5,5.9,20.0,0,5,25.0,0.13,0.38,0.33,0.08,1.0,0.28,0.06,0.28,2.0,1.41,1.0,0.23,1.0,97.0,1920
3.0,2.1,0.5,0,0,3,3.3,14.0,0,1,11.0,0.29,0.68,0.46,0.07,4.0,0.14,0.0,0.41,0.0,1.52,1.0,0.14,1.0,36.0,2021
0.0,1.7,1.7,1,1,3,5.1,44.0,1,2,18.0,0.06,0.17,0.17,0.06,1.0,0.07,0.03,0.1,1.0,0.59,1.0,0.07,2.0,134.0,1920
2.0,2.3,2.3,0,0,13,7.7,69.0,0,5,43.0,0.07,0.24,0.24,0.07,3.0,0.15,0.0,0.4,5.0,1.33,5.0,0.15,14.0,78.0,2324
1.0,4.7,4.7,7,7,25,18.1,99.0,7,21,51.0,0.13,0.51,0.51,0.13,4.0,0.6,0.2,0.71,10.0,1.45,4.0,0.6,28.0,279.0,1819
0.0,3.7,3.7,1,1,11,7.6,58.0,1,5,27.0,0.16,0.33,0.33,0.16,2.0,0.22,0.04,0.48,1.0,1.18,1.0,0.22,24.0,164.0,1920
2.0,0.9,0.9,0,0,6,2.9,22.0,0,2,13.0,0.09,0.28,0.28,0.09,3.0,0.19,0.0,0.58,0.0,1.26,2.0,0.19,4.0,71.0,2021
0.0,2.7,2.7,2,2,7,4.7,42.0,2,5,24.0,0.16,0.29,0.29,0.16,0.0,0.31,0.12,0.43,2.0,1.47,6.0,0.31,11.0,86.0,2122
0.0,0.3,0.3,0,0,1,0.7,9.0,0,0,6.0,0.09,0.2,0.2,0.09,0.0,0.0,0.0,0.29,1.0,1.73,1.0,0.0,1.0,23.0,2223
0.0,0.3,0.3,1,1,2,1.5,12.0,1,2,4.0,0.04,0.24,0.24,0.04,0.0,0.32,0.16,0.32,1.0,0.63,1.0,0.32,2.0,39.0,2021
1.0,0.9,0.9,0,0,3,1.4,11.0,0,0,11.0,0.14,0.21,0.21,0.14,0.0,0.0,0.0,0.47,0.0,1.72,3.0,0.0,1.0,31.0,2223
0.0,0.8,0.8,2,2,2,2.5,26.0,2,5,5.0,0.05,0.14,0.14,0.05,2.0,0.29,0.11,0.11,8.0,0.29,1.0,0.29,5.0,103.0,2021
2.0,0.3,0.3,0,0,1,3.0,39.0,0,2,6.0,0.03,0.26,0.26,0.03,0.0,0.17,0.0,0.09,5.0,0.52,0.0,0.17,10.0,80.0,2122
4.0,1.6,1.6,2,2,6,2.7,27.0,2,2,18.0,0.18,0.3,0.3,0.18,2.0,0.22,0.22,0.66,7.0,1.99,5.0,0.22,5.0,64.0,2223
2.0,2.6,2.6,1,1,7,3.5,45.0,1,2,32.0,0.12,0.16,0.16,0.12,1.0,0.09,0.05,0.32,2.0,1.45,5.0,0.09,0.0,37.0,2324
0.0,2.6,0.2,2,2,3,0.6,5.0,0,2,6.0,0.28,0.32,0.06,0.02,0.0,0.22,0.22,0.32,0.0,0.65,1.0,0.0,0.0,23.0,1819
8.0,8.4,6.0,7,7,23,11.9,83.0,6,13,55.0,0.33,0.57,0.48,0.24,4.0,0.52,0.28,0.92,5.0,2.19,4.0,0.48,24.0,193.0,1718
2.0,8.3,8.3,7,7,23,19.0,136.0,7,17,42.0,0.3,0.68,0.68,0.3,2.0,0.61,0.25,0.82,2.0,1.5,6.0,0.61,22.0,242.0,2223
1.0,5.2,5.2,2,2,14,8.5,80.0,2,4,33.0,0.32,0.52,0.52,0.32,2.0,0.24,0.12,0.85,3.0,2.01,5.0,0.24,22.0,160.0,2324
1.0,0.4,0.4,0,0,3,1.9,17.0,0,1,4.0,0.04,0.22,0.22,0.04,3.0,0.12,0.0,0.35,2.0,0.46,0.0,0.12,5.0,57.0,1819
0.0,2.4,2.4,1,1,7,3.8,31.0,1,4,18.0,0.12,0.2,0.2,0.12,0.0,0.21,0.05,0.37,8.0,0.94,2.0,0.21,7.0,107.0,1920
0.0,2.7,2.7,2,2,3,5.9,33.0,2,6,18.0,0.1,0.22,0.22,0.1,0.0,0.22,0.07,0.11,2.0,0.67,4.0,0.22,0.0,4.0,2122
0.0,1.3,1.3,0,0,2,1.9,22.0,0,0,10.0,0.06,0.09,0.09,0.06,0.0,0.0,0.0,0.09,0.0,0.45,3.0,0.0,1.0,2.0,2223
0.0,1.4,1.4,0,0,8,1.7,34.0,0,0,20.0,0.05,0.06,0.06,0.05,0.0,0.0,0.0,0.28,0.0,0.7,5.0,0.0,1.0,16.0,2324
5.0,2.0,2.0,2,2,10,4.2,3.0,2,4,61.0,0.06,0.12,0.12,0.06,1.0,0.12,0.06,0.29,0.0,1.8,6.0,0.12,0.0,23.0,1920
4.0,5.1,2.7,5,5,13,4.6,21.0,2,6,64.0,0.17,0.23,0.15,0.09,2.0,0.2,0.17,0.44,0.0,2.15,4.0,0.1,2.0,25.0,2021
6.0,1.1,1.1,4,4,16,4.3,6.0,4,6,42.0,0.04,0.14,0.14,0.04,1.0,0.2,0.14,0.54,1.0,1.42,4.0,0.2,1.0,19.0,2122
0.0,0.3,0.3,1,1,2,0.5,12.0,1,1,5.0,0.01,0.02,0.02,0.01,0.0,0.04,0.04,0.08,0.0,0.19,0.0,0.04,0.0,6.0,2021
2.0,1.8,1.8,0,0,7,8.2,26.0,0,5,41.0,0.06,0.26,0.26,0.06,4.0,0.16,0.0,0.22,1.0,1.31,4.0,0.16,5.0,68.0,2122
0.0,1.4,1.4,2,2,8,5.5,16.0,2,6,33.0,0.05,0.2,0.2,0.05,3.0,0.21,0.07,0.28,1.0,1.17,1.0,0.21,3.0,27.0,2223
3.0,1.1,1.1,0,0,9,4.1,15.0,0,3,35.0,0.05,0.2,0.2,0.05,2.0,0.15,0.0,0.45,1.0,1.73,4.0,0.15,5.0,24.0,2324
0.0,1.5,1.5,0,0,4,1.5,18.0,0,0,11.0,0.45,0.47,0.47,0.45,0.0,0.0,0.0,1.22,2.0,3.36,2.0,0.0,2.0,32.0,1819
0.0,0.3,0.3,0,0,1,1.9,19.0,0,1,10.0,0.02,0.09,0.09,0.02,0.0,0.05,0.0,0.05,2.0,0.48,3.0,0.05,2.0,91.0,2021
1.0,1.0,1.0,1,1,5,3.3,55.0,1,3,14.0,0.06,0.2,0.2,0.06,1.0,0.18,0.06,0.3,4.0,0.84,3.0,0.18,33.0,170.0,1920
0.0,1.1,1.1,1,1,6,3.0,47.0,1,2,23.0,0.08,0.22,0.22,0.08,0.0,0.14,0.07,0.43,1.0,1.65,5.0,0.14,12.0,115.0,2021
18.0,15.1,15.1,22,22,42,19.7,190.0,22,23,87.0,0.44,0.58,0.58,0.44,7.0,0.67,0.64,1.23,25.0,2.54,8.0,0.67,48.0,285.0,1819
11.0,13.2,13.2,18,18,36,19.8,201.0,18,25,77.0,0.43,0.65,0.65,0.43,7.0,0.82,0.59,1.18,14.0,2.52,3.0,0.82,62.0,286.0,1920
16.0,14.1,14.1,11,11,34,21.0,244.0,11,18,94.0,0.45,0.67,0.67,0.45,2.0,0.58,0.35,1.09,31.0,3.01,9.0,0.58,62.0,366.0,2021
7.0,17.2,17.2,16,16,37,22.5,201.0,16,18,98.0,0.55,0.72,0.72,0.55,5.0,0.57,0.51,1.18,19.0,3.13,17.0,0.57,45.0,305.0,2122
0.0,0.2,0.2,0,0,4,1.0,16.0,0,1,6.0,0.02,0.09,0.09,0.02,0.0,0.1,0.0,0.39,2.0,0.58,0.0,0.1,4.0,75.0,2324
0.0,0.3,0.3,2,2,2,1.2,7.0,2,3,3.0,0.02,0.1,0.1,0.02,1.0,0.27,0.18,0.18,0.0,0.27,0.0,0.27,0.0,3.0,2122
1.0,0.3,0.3,0,0,2,0.8,6.0,0,1,3.0,0.04,0.1,0.1,0.04,0.0,0.13,0.0,0.25,0.0,0.38,0.0,0.13,0.0,0.0,2324
0.0,0.1,0.1,0,0,2,1.0,8.0,0,0,5.0,0.01,0.06,0.06,0.01,1.0,0.0,0.0,0.13,0.0,0.32,0.0,0.0,3.0,79.0,1718
2.0,1.6,1.6,2,2,3,1.9,28.0,2,2,19.0,0.06,0.07,0.07,0.06,1.0,0.07,0.07,0.1,1.0,0.65,1.0,0.07,1.0,7.0,1819
0.0,0.9,0.9,2,2,3,1.4,17.0,2,3,9.0,0.07,0.11,0.11,0.07,0.0,0.24,0.16,0.24,0.0,0.72,0.0,0.24,1.0,10.0,1920
2.0,0.5,0.5,0,0,5,1.8,15.0,0,1,11.0,0.03,0.12,0.12,0.03,0.0,0.07,0.0,0.33,4.0,0.72,0.0,0.07,2.0,50.0,2021
0.0,1.9,1.9,2,2,6,2.9,53.0,2,2,27.0,0.08,0.11,0.11,0.08,1.0,0.08,0.08,0.23,1.0,1.05,4.0,0.08,3.0,47.0,2122
0.0,0.6,0.6,0,0,1,1.1,7.0,0,1,3.0,0.03,0.06,0.06,0.03,0.0,0.06,0.0,0.06,0.0,0.17,0.0,0.06,0.0,23.0,2223
0.0,0.2,0.2,0,0,2,1.2,3.0,0,0,5.0,0.01,0.09,0.09,0.01,0.0,0.0,0.0,0.15,2.0,0.38,0.0,0.0,0.0,24.0,2324
1.0,10.1,7.7,8,8,14,12.9,94.0,5,10,44.0,0.39,0.59,0.5,0.3,0.0,0.39,0.31,0.54,16.0,1.71,4.0,0.27,26.0,184.0,1819
1.0,10.4,10.4,11,11,27,13.4,132.0,11,18,89.0,0.36,0.46,0.46,0.36,1.0,0.62,0.38,0.93,20.0,3.08,7.0,0.62,16.0,154.0,1819
0.0,1.8,1.8,1,1,6,2.6,42.0,1,2,21.0,0.21,0.29,0.29,0.21,0.0,0.23,0.11,0.68,5.0,2.39,3.0,0.23,1.0,41.0,2122
0.0,0.2,0.2,0,0,1,1.6,8.0,0,3,6.0,0.01,0.09,0.09,0.01,0.0,0.18,0.0,0.06,0.0,0.36,0.0,0.18,2.0,52.0,2122
0.0,2.6,1.8,2,2,7,3.0,29.0,2,3,19.0,0.17,0.24,0.19,0.12,0.0,0.19,0.13,0.45,1.0,1.23,7.0,0.19,3.0,88.0,2122
0.0,0.8,0.8,0,0,3,1.4,18.0,0,0,9.0,0.14,0.26,0.26,0.14,0.0,0.0,0.0,0.55,2.0,1.65,3.0,0.0,3.0,51.0,2223
0.0,1.4,1.4,0,0,2,1.7,37.0,0,0,15.0,0.1,0.12,0.12,0.1,0.0,0.0,0.0,0.14,1.0,1.04,3.0,0.0,2.0,58.0,1920
1.0,1.3,1.3,2,2,4,1.7,26.0,2,2,9.0,0.4,0.52,0.52,0.4,0.0,0.62,0.62,1.24,2.0,2.78,1.0,0.62,8.0,44.0,2021
1.0,2.3,2.3,1,1,7,2.9,49.0,1,2,28.0,0.23,0.3,0.3,0.23,1.0,0.2,0.1,0.71,1.0,2.85,1.0,0.2,6.0,67.0,2223
1.0,2.6,2.6,4,4,18,5.2,22.0,4,8,43.0,0.13,0.26,0.26,0.13,0.0,0.39,0.2,0.89,5.0,2.12,7.0,0.39,5.0,124.0,1819
1.0,0.7,0.7,1,1,3,1.1,5.0,1,1,6.0,0.28,0.43,0.43,0.28,1.0,0.39,0.39,1.17,1.0,2.34,0.0,0.39,0.0,11.0,1920
0.0,3.0,3.0,2,2,5,4.0,28.0,2,3,17.0,0.38,0.52,0.52,0.38,1.0,0.38,0.25,0.64,0.0,2.17,1.0,0.38,2.0,32.0,1819
0.0,1.2,1.2,0,0,3,2.0,20.0,0,1,12.0,0.16,0.27,0.27,0.16,1.0,0.13,0.0,0.4,0.0,1.59,2.0,0.13,0.0,42.0,1920
1.0,0.7,0.7,1,1,2,1.0,10.0,1,1,5.0,0.04,0.06,0.06,0.04,0.0,0.06,0.06,0.12,1.0,0.29,0.0,0.06,0.0,11.0,1920
0.0,1.3,1.3,1,1,3,2.0,22.0,1,1,11.0,0.05,0.08,0.08,0.05,0.0,0.04,0.04,0.12,3.0,0.45,0.0,0.04,1.0,23.0,2021
2.0,1.7,1.7,4,4,13,3.5,41.0,4,6,30.0,0.15,0.31,0.31,0.15,3.0,0.53,0.35,1.14,4.0,2.64,1.0,0.53,9.0,124.0,1819
1.0,4.1,4.1,2,2,8,7.8,59.0,2,5,31.0,0.3,0.58,0.58,0.3,0.0,0.37,0.15,0.6,7.0,2.31,2.0,0.37,16.0,116.0,1920
0.0,2.5,2.5,1,1,7,3.2,43.0,1,1,25.0,0.19,0.24,0.24,0.19,0.0,0.08,0.08,0.53,4.0,1.91,2.0,0.08,16.0,90.0,2021
0.0,2.9,2.9,4,4,10,5.9,49.0,4,4,37.0,0.19,0.39,0.39,0.19,0.0,0.26,0.26,0.66,7.0,2.44,4.0,0.26,11.0,115.0,2223
0.0,1.1,1.1,1,1,3,1.6,33.0,1,2,22.0,0.04,0.06,0.06,0.04,2.0,0.08,0.04,0.12,6.0,0.86,1.0,0.08,4.0,32.0,2324
4.0,3.4,3.4,3,3,11,7.8,107.0,3,5,48.0,0.15,0.34,0.34,0.15,2.0,0.22,0.13,0.48,12.0,2.11,3.0,0.22,54.0,213.0,1920
3.0,2.4,2.4,4,4,10,5.4,90.0,4,6,31.0,0.16,0.36,0.36,0.16,3.0,0.4,0.26,0.66,16.0,2.04,2.0,0.4,37.0,177.0,2021
6.0,4.6,4.6,3,3,7,9.3,111.0,3,6,32.0,0.31,0.63,0.63,0.31,5.0,0.41,0.2,0.47,12.0,2.16,2.0,0.41,55.0,164.0,2122
1.0,6.5,6.5,6,6,17,10.8,143.0,6,11,60.0,0.25,0.41,0.41,0.25,3.0,0.42,0.23,0.65,11.0,2.31,2.0,0.42,71.0,261.0,2223
3.0,1.7,1.7,1,1,8,3.9,59.0,1,4,28.0,0.15,0.35,0.35,0.15,2.0,0.35,0.09,0.71,7.0,2.48,5.0,0.35,24.0,135.0,2324
0.0,0.5,0.5,0,0,1,0.5,9.0,0,0,6.0,0.1,0.1,0.1,0.1,0.0,0.0,0.0,0.19,0.0,1.14,0.0,0.0,1.0,21.0,2021
0.0,1.4,1.4,0,0,2,1.5,22.0,0,0,9.0,0.3,0.33,0.33,0.3,0.0,0.0,0.0,0.36,6.0,1.62,2.0,0.0,3.0,44.0,2021
2.0,2.4,2.4,3,3,9,3.3,37.0,3,3,19.0,0.12,0.17,0.17,0.12,0.0,0.16,0.16,0.47,1.0,0.99,5.0,0.16,2.0,8.0,2324
0.0,0.2,0.2,0,0,1,2.3,14.0,0,1,6.0,0.04,0.44,0.44,0.04,0.0,0.19,0.0,0.19,2.0,1.15,0.0,0.19,3.0,74.0,1819
3.0,0.0,0.0,0,0,1,0.4,3.0,0,0,1.0,0.01,0.15,0.15,0.01,1.0,0.0,0.0,0.38,2.0,0.38,0.0,0.0,1.0,21.0,1819
1.0,2.4,2.4,3,3,9,4.3,51.0,3,4,28.0,0.15,0.26,0.26,0.15,1.0,0.24,0.18,0.54,6.0,1.69,2.0,0.24,14.0,162.0,1920
0.0,2.6,1.9,1,1,5,3.0,24.0,1,2,14.0,0.39,0.57,0.45,0.28,0.0,0.3,0.15,0.74,5.0,2.08,2.0,0.3,8.0,68.0,2324
1.0,0.7,0.7,1,1,4,2.0,23.0,1,3,9.0,0.08,0.23,0.23,0.08,0.0,0.33,0.11,0.44,1.0,1.0,0.0,0.33,8.0,64.0,2324
1.0,3.4,2.6,3,3,14,7.4,53.0,3,5,40.0,0.24,0.58,0.52,0.18,1.0,0.35,0.21,0.98,2.0,2.81,3.0,0.35,22.0,134.0,1819
4.0,2.7,2.7,1,1,11,4.1,53.0,1,2,39.0,0.18,0.27,0.27,0.18,1.0,0.13,0.07,0.73,4.0,2.59,4.0,0.13,26.0,130.0,1920
0.0,1.8,1.8,4,4,8,2.4,43.0,4,5,25.0,0.16,0.22,0.22,0.16,0.0,0.47,0.37,0.75,5.0,2.33,0.0,0.47,16.0,80.0,2021
3.0,5.6,5.6,4,4,21,10.3,107.0,4,9,54.0,0.24,0.45,0.45,0.24,4.0,0.39,0.17,0.91,9.0,2.34,4.0,0.39,44.0,215.0,2324
0.0,2.3,2.3,2,2,9,4.2,47.0,2,5,26.0,0.13,0.23,0.23,0.13,0.0,0.27,0.11,0.49,4.0,1.42,4.0,0.27,11.0,93.0,1819
0.0,0.3,0.3,0,0,1,0.9,10.0,0,0,5.0,0.05,0.16,0.16,0.05,0.0,0.0,0.0,0.17,1.0,0.86,1.0,0.0,2.0,42.0,1920
0.0,1.8,1.8,0,0,6,2.2,15.0,0,1,14.0,0.11,0.13,0.13,0.11,2.0,0.06,0.0,0.36,0.0,0.83,1.0,0.06,1.0,16.0,2122
1.0,1.7,1.7,0,0,5,2.7,33.0,0,2,22.0,0.07,0.1,0.1,0.07,0.0,0.08,0.0,0.19,0.0,0.83,0.0,0.08,4.0,45.0,2223
0.0,0.2,0.2,0,0,1,0.2,2.0,0,0,2.0,0.02,0.03,0.03,0.02,0.0,0.0,0.0,0.14,0.0,0.28,0.0,0.0,0.0,0.0,2021
3.0,1.1,1.1,0,0,9,4.0,43.0,0,2,25.0,0.05,0.18,0.18,0.05,0.0,0.09,0.0,0.4,1.0,1.12,4.0,0.09,11.0,122.0,2324
2.0,0.4,0.4,0,0,1,0.6,5.0,0,0,4.0,0.05,0.08,0.08,0.05,1.0,0.0,0.0,0.12,2.0,0.5,1.0,0.0,0.0,8.0,2122
1.0,1.7,1.7,2,2,7,3.5,15.0,2,3,21.0,0.07,0.15,0.15,0.07,2.0,0.13,0.09,0.3,0.0,0.91,4.0,0.13,5.0,31.0,2223
1.0,1.3,1.3,1,1,5,3.6,28.0,1,3,30.0,0.05,0.13,0.13,0.05,1.0,0.11,0.04,0.19,3.0,1.13,4.0,0.11,7.0,73.0,2324
0.0,1.7,1.7,1,1,4,1.8,12.0,1,1,7.0,0.44,0.48,0.48,0.44,0.0,0.26,0.26,1.05,1.0,1.84,1.0,0.26,6.0,20.0,2324
1.0,1.2,0.4,1,1,1,1.6,31.0,0,2,9.0,0.1,0.19,0.13,0.04,2.0,0.16,0.08,0.08,2.0,0.72,1.0,0.08,10.0,33.0,2021
0.0,1.9,1.9,1,1,3,4.3,41.0,1,3,25.0,0.06,0.13,0.13,0.06,0.0,0.09,0.03,0.09,2.0,0.75,0.0,0.09,9.0,29.0,2324
2.0,3.5,3.5,1,1,12,6.8,35.0,1,4,43.0,0.16,0.31,0.31,0.16,3.0,0.18,0.05,0.54,1.0,1.95,6.0,0.18,10.0,80.0,2324
0.0,2.1,2.1,0,0,10,3.8,37.0,0,1,24.0,0.26,0.48,0.48,0.26,0.0,0.13,0.0,1.26,5.0,3.01,2.0,0.13,14.0,81.0,1718
3.0,2.5,2.5,0,0,12,3.8,57.0,0,0,42.0,0.22,0.32,0.32,0.22,1.0,0.0,0.0,1.02,9.0,3.58,3.0,0.0,12.0,89.0,1819
5.0,4.7,3.9,3,3,17,5.8,51.0,3,4,43.0,0.32,0.45,0.4,0.27,1.0,0.28,0.21,1.17,10.0,2.96,2.0,0.28,9.0,94.0,1920
3.0,2.2,2.2,5,5,18,2.7,45.0,5,6,30.0,0.16,0.19,0.19,0.16,0.0,0.42,0.35,1.26,12.0,2.1,5.0,0.42,16.0,74.0,2021
1.0,3.0,3.0,3,3,13,3.9,59.0,3,3,50.0,0.18,0.24,0.24,0.18,3.0,0.18,0.18,0.8,11.0,3.08,7.0,0.18,19.0,107.0,2122
9.0,3.7,3.0,1,1,18,5.6,81.0,1,4,51.0,0.19,0.32,0.28,0.15,3.0,0.2,0.05,0.9,16.0,2.54,7.0,0.2,30.0,209.0,2324
0.0,1.2,1.2,1,1,7,7.5,14.0,1,8,29.0,0.04,0.22,0.22,0.04,0.0,0.24,0.03,0.21,0.0,0.87,3.0,0.24,6.0,38.0,1920
5.0,0.4,0.4,0,0,3,1.7,9.0,0,0,10.0,0.03,0.12,0.12,0.03,2.0,0.0,0.0,0.2,0.0,0.68,0.0,0.0,3.0,15.0,2021
2.0,4.1,4.1,5,5,11,8.1,27.0,5,7,37.0,0.14,0.28,0.28,0.14,7.0,0.24,0.17,0.38,3.0,1.28,6.0,0.24,5.0,46.0,2122
1.0,2.4,2.4,2,2,14,8.1,33.0,2,9,32.0,0.08,0.27,0.27,0.08,0.0,0.3,0.07,0.46,5.0,1.06,6.0,0.3,2.0,86.0,2223
0.0,0.5,0.5,1,1,5,0.9,3.0,1,3,18.0,0.03,0.05,0.05,0.03,0.0,0.17,0.06,0.29,0.0,1.04,3.0,0.17,0.0,17.0,1718
0.0,0.5,0.5,2,2,4,1.8,5.0,2,3,15.0,0.04,0.16,0.16,0.04,0.0,0.26,0.17,0.34,0.0,1.28,0.0,0.26,1.0,11.0,1819
1.0,0.2,0.2,0,0,2,0.7,1.0,0,1,7.0,0.06,0.18,0.18,0.06,0.0,0.25,0.0,0.51,0.0,1.78,1.0,0.25,0.0,5.0,2021
1.0,1.5,1.5,1,1,11,3.2,10.0,1,1,46.0,0.06,0.13,0.13,0.06,1.0,0.04,0.04,0.45,0.0,1.89,7.0,0.04,2.0,18.0,2122
0.0,1.2,1.2,1,1,7,1.9,7.0,1,2,28.0,0.06,0.11,0.11,0.06,0.0,0.11,0.06,0.39,1.0,1.54,1.0,0.11,1.0,14.0,2223
3.0,3.7,3.7,1,1,5,5.7,58.0,1,3,32.0,0.12,0.19,0.19,0.12,2.0,0.1,0.03,0.17,1.0,1.07,3.0,0.1,3.0,50.0,2122
2.0,2.5,2.5,3,3,7,4.6,58.0,3,5,25.0,0.09,0.17,0.17,0.09,0.0,0.18,0.11,0.26,4.0,0.92,2.0,0.18,8.0,58.0,2223
4.0,1.9,1.9,2,2,7,3.8,32.0,2,2,17.0,0.1,0.21,0.21,0.1,2.0,0.11,0.11,0.38,1.0,0.93,3.0,0.11,7.0,48.0,2324
6.0,8.1,7.9,7,7,22,11.8,76.0,7,12,43.0,0.39,0.58,0.58,0.38,3.0,0.58,0.34,1.07,13.0,2.09,2.0,0.58,12.0,133.0,1819
12.0,6.1,6.1,6,6,14,9.5,73.0,6,9,47.0,0.28,0.44,0.44,0.28,3.0,0.42,0.28,0.65,11.0,2.18,5.0,0.42,9.0,180.0,1920
7.0,9.2,8.4,12,12,21,10.3,70.0,11,15,44.0,0.34,0.41,0.38,0.31,3.0,0.56,0.45,0.78,11.0,1.64,5.0,0.52,7.0,135.0,2021
0.0,0.5,0.5,0,0,2,2.6,18.0,0,1,6.0,0.05,0.22,0.22,0.05,0.0,0.08,0.0,0.17,1.0,0.5,1.0,0.08,3.0,76.0,1920
0.0,0.3,0.3,1,1,3,0.6,10.0,1,1,7.0,0.03,0.07,0.07,0.03,1.0,0.12,0.12,0.35,0.0,0.83,1.0,0.12,1.0,8.0,2021
0.0,0.9,0.9,0,0,1,1.4,16.0,0,1,13.0,0.03,0.05,0.05,0.03,0.0,0.04,0.0,0.04,2.0,0.49,1.0,0.04,2.0,20.0,2122
3.0,3.5,3.5,4,4,10,6.0,48.0,4,5,28.0,0.34,0.58,0.58,0.34,0.0,0.49,0.39,0.97,8.0,2.72,2.0,0.49,8.0,45.0,2223
1.0,2.1,2.1,2,2,7,4.5,38.0,2,5,23.0,0.4,0.84,0.84,0.4,0.0,0.94,0.38,1.32,3.0,4.32,2.0,0.94,3.0,58.0,2021
1.0,0.7,0.7,1,1,2,1.2,9.0,1,1,3.0,0.18,0.31,0.31,0.18,2.0,0.27,0.27,0.54,4.0,0.82,0.0,0.27,0.0,26.0,2122
1.0,3.4,3.4,1,1,11,4.1,48.0,1,3,21.0,0.47,0.58,0.58,0.47,2.0,0.42,0.14,1.54,4.0,2.93,6.0,0.42,5.0,58.0,2223
6.0,10.4,10.4,16,16,29,14.0,118.0,16,21,68.0,0.44,0.59,0.59,0.44,1.0,0.88,0.67,1.22,3.0,2.87,4.0,0.88,9.0,166.0,2021
0.0,6.6,5.0,6,6,13,7.5,66.0,5,7,36.0,0.49,0.67,0.55,0.37,0.0,0.52,0.44,0.96,2.0,2.65,6.0,0.44,8.0,78.0,2122
0.0,1.1,1.1,2,2,2,2.0,7.0,2,2,4.0,0.57,1.09,1.09,0.57,1.0,1.08,1.08,1.08,2.0,2.17,0.0,1.08,0.0,9.0,2324
0.0,1.7,1.7,3,3,11,2.4,20.0,3,4,26.0,0.11,0.16,0.16,0.11,0.0,0.27,0.2,0.73,0.0,1.73,0.0,0.27,2.0,60.0,1819
1.0,0.9,0.9,2,2,6,1.4,12.0,2,3,11.0,0.13,0.2,0.2,0.13,0.0,0.45,0.3,0.89,1.0,1.63,1.0,0.45,0.0,39.0,2021
7.0,2.1,2.1,1,1,7,3.0,32.0,1,1,20.0,0.2,0.29,0.29,0.2,3.0,0.1,0.1,0.68,0.0,1.94,3.0,0.1,5.0,45.0,2122
6.0,4.8,4.8,8,8,20,8.5,87.0,8,14,63.0,0.2,0.35,0.35,0.2,3.0,0.58,0.33,0.83,9.0,2.62,7.0,0.58,26.0,222.0,2122
0.0,7.0,3.9,6,6,23,8.4,94.0,2,9,69.0,0.31,0.5,0.36,0.17,1.0,0.39,0.26,1.0,7.0,3.0,8.0,0.22,44.0,237.0,2223
3.0,1.8,1.0,0,0,5,2.5,35.0,0,1,18.0,0.27,0.47,0.36,0.15,3.0,0.15,0.0,0.73,1.0,2.61,0.0,0.15,15.0,70.0,2324
1.0,1.6,1.6,3,3,9,5.2,36.0,3,6,25.0,0.19,0.61,0.61,0.19,3.0,0.7,0.35,1.05,7.0,2.92,2.0,0.7,15.0,113.0,2324
4.0,2.7,2.7,2,2,8,5.5,53.0,2,5,53.0,0.08,0.16,0.16,0.08,1.0,0.14,0.06,0.23,5.0,1.51,3.0,0.14,10.0,89.0,1718
6.0,5.0,4.1,4,4,19,5.4,66.0,4,5,51.0,0.15,0.19,0.17,0.13,0.0,0.15,0.12,0.58,7.0,1.57,5.0,0.15,10.0,109.0,1819
0.0,2.8,1.9,2,2,12,3.7,56.0,2,3,32.0,0.12,0.2,0.16,0.08,0.0,0.13,0.09,0.53,7.0,1.42,2.0,0.13,4.0,93.0,2021
1.0,2.4,2.4,3,3,9,3.0,31.0,3,4,21.0,0.2,0.25,0.25,0.2,4.0,0.33,0.25,0.74,2.0,1.72,4.0,0.33,4.0,47.0,2223
1.0,1.5,1.5,1,1,4,4.6,36.0,1,5,16.0,0.1,0.3,0.3,0.1,6.0,0.33,0.07,0.26,2.0,1.05,1.0,0.33,1.0,43.0,2324
2.0,0.0,0.0,0,0,1,1.6,4.0,0,1,2.0,0.0,0.15,0.15,0.0,0.0,0.09,0.0,0.09,0.0,0.18,0.0,0.09,0.0,11.0,1718
1.0,1.5,1.5,2,2,4,2.3,11.0,2,2,9.0,0.14,0.21,0.21,0.14,1.0,0.18,0.18,0.36,0.0,0.82,0.0,0.18,4.0,32.0,1819
3.0,1.1,1.1,1,1,4,1.6,26.0,1,2,17.0,0.05,0.08,0.08,0.05,0.0,0.1,0.05,0.19,2.0,0.82,0.0,0.1,8.0,42.0,1920
5.0,1.8,1.8,3,3,7,3.0,40.0,3,3,19.0,0.08,0.13,0.13,0.08,4.0,0.13,0.13,0.3,1.0,0.81,1.0,0.13,7.0,83.0,2021
0.0,4.7,2.3,5,5,7,6.3,36.0,2,9,29.0,0.14,0.26,0.19,0.07,0.0,0.27,0.15,0.21,1.0,0.88,4.0,0.18,12.0,57.0,2122
1.0,1.7,0.9,2,2,3,2.3,23.0,1,2,15.0,0.13,0.23,0.18,0.07,0.0,0.15,0.15,0.23,0.0,1.13,2.0,0.08,4.0,33.0,2223
0.0,1.6,1.6,1,1,3,2.4,23.0,1,1,13.0,0.13,0.19,0.19,0.13,2.0,0.08,0.08,0.24,0.0,1.04,6.0,0.08,1.0,27.0,2324
0.0,0.2,0.2,0,0,1,0.9,9.0,0,1,6.0,0.03,0.13,0.13,0.03,1.0,0.14,0.0,0.14,0.0,0.81,3.0,0.14,0.0,0.0,1819
1.0,0.8,0.8,0,0,2,1.2,22.0,0,1,8.0,0.06,0.09,0.09,0.06,0.0,0.07,0.0,0.14,0.0,0.57,1.0,0.07,2.0,2.0,1920
4.0,1.5,1.5,2,2,6,1.5,16.0,2,2,15.0,0.15,0.16,0.16,0.15,1.0,0.21,0.21,0.62,1.0,1.56,1.0,0.21,2.0,12.0,1819
4.0,2.2,2.2,4,4,10,3.2,22.0,4,5,29.0,0.11,0.16,0.16,0.11,1.0,0.25,0.2,0.51,0.0,1.47,4.0,0.25,3.0,27.0,1920
1.0,2.1,2.1,4,4,7,3.8,33.0,4,5,26.0,0.09,0.16,0.16,0.09,1.0,0.21,0.17,0.3,1.0,1.1,2.0,0.21,8.0,26.0,2021
1.0,1.4,1.4,1,1,7,2.9,27.0,1,2,27.0,0.05,0.11,0.11,0.05,0.0,0.08,0.04,0.26,1.0,1.02,1.0,0.08,3.0,37.0,2122
7.0,1.9,1.9,1,1,6,2.5,25.0,1,1,13.0,0.15,0.19,0.19,0.15,1.0,0.08,0.08,0.47,0.0,1.01,2.0,0.08,3.0,19.0,2223
0.0,5.7,5.7,7,7,19,6.6,53.0,7,8,44.0,0.27,0.31,0.31,0.27,0.0,0.38,0.33,0.9,6.0,2.08,4.0,0.38,4.0,47.0,2324
0.0,0.4,0.4,0,0,2,6.3,79.0,0,5,9.0,0.02,0.3,0.3,0.02,2.0,0.24,0.0,0.1,10.0,0.43,0.0,0.24,24.0,179.0,1819
0.0,0.3,0.3,1,1,1,1.7,29.0,1,2,6.0,0.02,0.11,0.11,0.02,0.0,0.13,0.06,0.06,2.0,0.38,0.0,0.13,6.0,61.0,2021
1.0,4.1,4.1,4,4,9,5.1,48.0,4,5,22.0,0.17,0.21,0.21,0.17,0.0,0.2,0.16,0.37,4.0,0.89,2.0,0.2,6.0,86.0,2223
0.0,1.3,1.3,1,1,5,2.4,27.0,1,1,13.0,0.06,0.1,0.1,0.06,2.0,0.04,0.04,0.21,1.0,0.54,2.0,0.04,5.0,30.0,2324
0.0,1.4,1.4,1,1,7,2.5,7.0,1,2,25.0,0.09,0.17,0.17,0.09,1.0,0.13,0.07,0.46,0.0,1.63,2.0,0.13,2.0,12.0,1920
1.0,1.4,1.4,0,0,5,2.3,16.0,0,1,15.0,0.09,0.15,0.15,0.09,1.0,0.06,0.0,0.32,0.0,0.96,1.0,0.06,1.0,18.0,2021
1.0,0.7,0.7,1,1,2,1.6,14.0,1,2,15.0,0.05,0.1,0.1,0.05,4.0,0.12,0.06,0.12,0.0,0.92,1.0,0.12,1.0,15.0,2122
6.0,3.6,3.6,1,1,7,6.9,76.0,1,5,33.0,0.13,0.25,0.25,0.13,2.0,0.18,0.04,0.25,5.0,1.18,7.0,0.18,8.0,115.0,2223
0.0,6.6,6.6,6,6,15,8.8,90.0,6,8,41.0,0.22,0.29,0.29,0.22,0.0,0.26,0.2,0.49,2.0,1.34,3.0,0.26,7.0,116.0,2324
1.0,1.5,1.5,1,1,5,1.5,27.0,1,2,18.0,0.07,0.07,0.06,0.06,0.0,0.09,0.04,0.22,2.0,0.78,2.0,0.09,0.0,4.0,2021
1.0,1.1,1.1,1,1,4,1.3,26.0,1,1,13.0,0.05,0.06,0.06,0.05,0.0,0.04,0.04,0.18,2.0,0.58,0.0,0.04,1.0,5.0,2122
0.0,0.4,0.4,1,1,3,0.5,16.0,1,1,4.0,0.02,0.02,0.02,0.02,0.0,0.05,0.05,0.14,0.0,0.19,0.0,0.05,0.0,6.0,2223
2.0,0.8,0.8,0,0,4,1.2,14.0,0,0,10.0,0.05,0.07,0.07,0.05,1.0,0.0,0.0,0.25,1.0,0.63,1.0,0.0,0.0,2.0,2324
3.0,6.2,5.4,3,3,13,5.7,53.0,2,3,39.0,0.49,0.52,0.46,0.43,1.0,0.24,0.24,1.04,7.0,3.12,3.0,0.16,5.0,55.0,2021
0.0,0.6,0.6,1,1,2,0.7,18.0,1,1,7.0,0.02,0.03,0.03,0.02,0.0,0.04,0.04,0.07,0.0,0.26,0.0,0.04,0.0,3.0,2122
0.0,1.2,1.2,0,0,2,1.9,17.0,0,0,10.0,0.07,0.12,0.12,0.07,0.0,0.0,0.0,0.13,1.0,0.64,1.0,0.0,0.0,5.0,1819
2.0,8.7,7.2,10,10,21,9.6,128.0,9,11,54.0,0.35,0.45,0.38,0.29,3.0,0.42,0.38,0.81,7.0,2.08,3.0,0.38,10.0,111.0,2122
0.0,2.0,2.0,2,2,7,3.0,43.0,2,5,12.0,0.28,0.43,0.43,0.28,1.0,0.71,0.29,1.0,3.0,1.71,2.0,0.71,2.0,32.0,2223
1.0,0.7,0.7,3,3,6,2.6,15.0,3,6,13.0,0.03,0.12,0.12,0.03,0.0,0.28,0.14,0.28,1.0,0.6,1.0,0.28,3.0,41.0,1920
1.0,0.1,0.1,1,1,3,1.2,11.0,1,1,3.0,0.0,0.07,0.07,0.0,0.0,0.06,0.06,0.17,0.0,0.17,0.0,0.06,2.0,34.0,2021
4.0,0.8,0.8,1,1,2,1.8,9.0,1,1,6.0,0.1,0.21,0.21,0.1,1.0,0.12,0.12,0.24,0.0,0.71,2.0,0.12,1.0,17.0,2122
0.0,0.9,0.9,4,4,4,1.8,21.0,4,5,9.0,0.06,0.11,0.11,0.06,0.0,0.32,0.25,0.25,0.0,0.57,1.0,0.32,3.0,39.0,2223
1.0,0.3,0.2,0,0,1,1.4,11.0,0,0,5.0,0.02,0.1,0.09,0.01,3.0,0.0,0.0,0.07,0.0,0.33,1.0,0.0,1.0,31.0,1819
1.0,1.1,1.1,1,1,8,6.4,19.0,1,4,25.0,0.04,0.21,0.21,0.04,3.0,0.13,0.03,0.26,1.0,0.82,3.0,0.13,0.0,72.0,1920
0.0,0.8,0.8,1,1,8,3.1,24.0,1,4,15.0,0.04,0.16,0.16,0.04,0.0,0.21,0.05,0.43,0.0,0.8,2.0,0.21,7.0,67.0,2021
0.0,2.1,2.1,3,3,5,2.5,9.0,3,4,14.0,0.25,0.29,0.29,0.25,1.0,0.47,0.35,0.58,0.0,1.63,1.0,0.47,1.0,25.0,2122
0.0,0.7,0.7,0,0,1,1.3,7.0,0,1,3.0,0.04,0.07,0.07,0.04,0.0,0.06,0.0,0.06,0.0,0.17,1.0,0.06,2.0,1.0,2021
0.0,0.3,0.3,0,0,1,0.4,3.0,0,0,2.0,0.05,0.07,0.07,0.05,0.0,0.0,0.0,0.15,0.0,0.3,0.0,0.0,0.0,0.0,2223
0.0,0.1,0.1,0,0,2,0.2,6.0,0,0,4.0,0.01,0.01,0.01,0.01,0.0,0.0,0.0,0.09,2.0,0.18,1.0,0.0,0.0,5.0,2324
0.0,0.3,0.3,0,0,1,0.5,11.0,0,0,5.0,0.01,0.02,0.02,0.01,1.0,0.0,0.0,0.05,0.0,0.24,0.0,0.0,0.0,3.0,2021
2.0,0.7,0.7,0,0,3,1.1,13.0,0,1,9.0,0.03,0.05,0.05,0.03,0.0,0.05,0.0,0.14,1.0,0.41,1.0,0.05,0.0,3.0,2122
0.0,0.9,0.9,1,1,2,1.0,17.0,1,1,12.0,0.07,0.08,0.08,0.07,0.0,0.08,0.08,0.15,1.0,0.92,0.0,0.08,0.0,3.0,1819
0.0,1.3,1.3,0,0,3,1.3,10.0,0,0,9.0,0.08,0.08,0.08,0.08,0.0,0.0,0.0,0.18,3.0,0.54,0.0,0.0,0.0,7.0,1920
0.0,0.3,0.3,0,0,3,0.6,7.0,0,0,7.0,0.03,0.06,0.06,0.03,0.0,0.0,0.0,0.31,2.0,0.72,1.0,0.0,1.0,26.0,1920
2.0,3.4,3.4,3,3,13,7.0,49.0,3,10,46.0,0.13,0.28,0.28,0.13,3.0,0.4,0.12,0.52,0.0,1.84,4.0,0.4,14.0,123.0,1920
1.0,9.3,7.7,7,7,22,11.3,108.0,6,12,82.0,0.27,0.38,0.33,0.22,1.0,0.35,0.21,0.64,3.0,2.4,2.0,0.32,32.0,233.0,2223
6.0,0.5,0.5,1,1,4,0.9,7.0,1,3,4.0,0.2,0.36,0.36,0.2,0.0,1.18,0.39,1.57,1.0,1.57,2.0,1.18,1.0,17.0,2021
1.0,5.1,4.4,6,6,16,5.0,46.0,5,6,37.0,0.51,0.58,0.5,0.43,2.0,0.6,0.6,1.59,2.0,3.68,2.0,0.5,4.0,47.0,2122
3.0,0.4,0.4,0,0,4,0.8,16.0,0,1,11.0,0.06,0.11,0.11,0.06,1.0,0.15,0.0,0.6,1.0,1.64,0.0,0.15,2.0,36.0,2324
0.0,2.3,2.3,4,4,8,6.9,73.0,4,5,27.0,0.07,0.21,0.21,0.07,2.0,0.15,0.12,0.25,7.0,0.83,2.0,0.15,22.0,241.0,1819
3.0,0.6,0.6,1,1,1,0.7,12.0,1,1,5.0,0.08,0.1,0.1,0.08,0.0,0.13,0.13,0.13,0.0,0.65,0.0,0.13,0.0,3.0,2223
0.0,2.7,2.7,3,3,11,3.0,34.0,3,3,25.0,0.08,0.09,0.09,0.08,0.0,0.1,0.1,0.35,0.0,0.79,5.0,0.1,0.0,6.0,2324
1.0,0.1,0.1,0,0,1,1.1,9.0,0,2,4.0,0.02,0.18,0.18,0.02,5.0,0.32,0.0,0.16,1.0,0.64,0.0,0.32,0.0,29.0,1819
2.0,0.5,0.5,1,1,4,3.9,52.0,1,6,13.0,0.02,0.13,0.13,0.02,3.0,0.2,0.03,0.13,6.0,0.43,0.0,0.2,6.0,205.0,1920
1.0,0.8,0.8,0,0,2,2.3,23.0,0,1,11.0,0.07,0.2,0.2,0.07,0.0,0.09,0.0,0.18,1.0,0.98,2.0,0.09,4.0,53.0,2122
0.0,0.8,0.8,1,1,3,1.8,13.0,1,1,9.0,0.04,0.08,0.08,0.04,2.0,0.05,0.05,0.14,0.0,0.42,0.0,0.05,2.0,50.0,2223
12.0,9.4,9.4,10,10,32,16.3,157.0,10,15,66.0,0.48,0.83,0.83,0.48,10.0,0.77,0.51,1.63,12.0,3.37,9.0,0.77,50.0,236.0,1819
10.0,13.1,13.1,12,12,40,25.2,207.0,12,22,95.0,0.54,1.03,1.03,0.54,2.0,0.9,0.49,1.64,16.0,3.9,10.0,0.9,59.0,337.0,1920
14.0,8.0,8.0,10,10,27,14.1,127.0,10,12,59.0,0.44,0.77,0.77,0.44,5.0,0.66,0.55,1.48,6.0,3.23,4.0,0.66,35.0,216.0,2021
14.0,8.5,8.5,14,14,26,16.9,152.0,14,19,68.0,0.35,0.7,0.7,0.35,5.0,0.78,0.58,1.07,15.0,2.8,10.0,0.78,43.0,313.0,2122
3.0,11.2,10.4,14,14,40,15.7,146.0,13,19,81.0,0.52,0.76,0.73,0.48,1.0,0.88,0.65,1.85,9.0,3.76,10.0,0.83,41.0,217.0,2223
7.0,2.4,2.4,3,3,6,3.7,34.0,3,4,17.0,0.51,0.77,0.77,0.51,5.0,0.83,0.62,1.25,1.0,3.54,5.0,0.83,12.0,49.0,2324
7.0,6.4,6.4,5,5,22,11.0,98.0,5,8,76.0,0.24,0.41,0.41,0.24,4.0,0.3,0.19,0.83,12.0,2.85,13.0,0.3,7.0,161.0,1819
8.0,6.6,6.6,7,7,25,11.3,114.0,7,11,87.0,0.2,0.34,0.34,0.2,9.0,0.33,0.21,0.74,8.0,2.59,7.0,0.33,5.0,144.0,1920
9.0,7.3,7.3,11,11,31,13.5,117.0,11,21,75.0,0.21,0.39,0.39,0.21,8.0,0.61,0.32,0.9,4.0,2.18,11.0,0.61,11.0,191.0,2122
0.0,2.8,2.8,1,1,17,5.3,55.0,1,3,43.0,0.21,0.39,0.39,0.21,1.0,0.22,0.07,1.24,2.0,3.15,4.0,0.22,11.0,88.0,2324
2.0,2.9,2.9,4,4,16,6.8,44.0,4,6,55.0,0.1,0.23,0.23,0.1,1.0,0.2,0.13,0.53,1.0,1.83,7.0,0.2,10.0,96.0,1819
3.0,3.4,3.4,2,2,9,6.2,35.0,2,3,52.0,0.12,0.21,0.21,0.12,9.0,0.1,0.07,0.3,2.0,1.76,5.0,0.1,4.0,118.0,1920
2.0,2.2,2.2,2,2,12,8.6,30.0,2,7,32.0,0.09,0.36,0.36,0.09,6.0,0.29,0.08,0.5,1.0,1.34,3.0,0.29,4.0,75.0,2324
1.0,10.9,10.9,7,7,16,13.6,164.0,7,11,67.0,0.38,0.48,0.48,0.38,4.0,0.38,0.24,0.56,39.0,2.34,8.0,0.38,7.0,210.0,1819
3.0,3.0,3.0,1,1,6,4.8,73.0,1,5,28.0,0.15,0.23,0.23,0.15,0.0,0.24,0.05,0.29,17.0,1.35,5.0,0.24,3.0,107.0,1920
1.0,6.3,5.4,8,8,19,7.8,75.0,8,10,56.0,0.21,0.3,0.27,0.18,2.0,0.34,0.27,0.64,20.0,1.9,3.0,0.34,18.0,164.0,1920
8.0,4.6,3.1,1,1,8,5.1,66.0,0,3,34.0,0.23,0.33,0.25,0.15,2.0,0.15,0.05,0.4,12.0,1.7,2.0,0.1,13.0,126.0,2021
3.0,7.1,6.3,8,8,16,8.3,85.0,7,10,50.0,0.37,0.48,0.44,0.33,0.0,0.53,0.42,0.84,14.0,2.63,5.0,0.47,14.0,114.0,2122
0.0,3.4,3.4,3,3,13,3.9,41.0,3,3,27.0,0.26,0.3,0.3,0.26,0.0,0.23,0.23,1.0,11.0,2.09,5.0,0.23,5.0,55.0,2223
1.0,1.0,1.0,0,0,3,1.2,17.0,0,0,11.0,0.18,0.21,0.21,0.18,1.0,0.0,0.0,0.54,4.0,1.97,0.0,0.0,2.0,20.0,2223
0.0,1.8,1.8,1,1,5,2.6,14.0,1,2,14.0,0.33,0.48,0.48,0.33,0.0,0.36,0.18,0.91,3.0,2.55,3.0,0.36,2.0,32.0,2324
1.0,0.5,0.5,0,0,1,4.1,62.0,0,7,9.0,0.02,0.18,0.18,0.02,2.0,0.3,0.0,0.04,0.0,0.39,1.0,0.3,12.0,222.0,1819
1.0,0.6,0.6,1,1,2,3.0,58.0,1,3,6.0,0.02,0.12,0.12,0.02,2.0,0.12,0.04,0.08,2.0,0.23,1.0,0.12,8.0,174.0,1920
2.0,0.3,0.3,1,1,1,2.1,23.0,1,3,5.0,0.03,0.2,0.2,0.03,1.0,0.29,0.1,0.1,2.0,0.48,0.0,0.29,2.0,91.0,2021
4.0,1.5,1.5,2,2,3,1.9,8.0,2,3,4.0,0.33,0.43,0.43,0.33,1.0,0.68,0.45,0.68,1.0,0.9,0.0,0.68,0.0,15.0,2122
3.0,2.4,2.4,4,4,6,3.3,31.0,4,5,18.0,0.17,0.23,0.23,0.17,2.0,0.34,0.28,0.41,2.0,1.24,4.0,0.34,7.0,72.0,2223
0.0,1.7,1.7,3,3,4,2.4,28.0,3,5,10.0,0.18,0.26,0.26,0.18,1.0,0.52,0.31,0.42,1.0,1.05,1.0,0.52,4.0,33.0,2324
16.0,18.1,16.5,21,21,41,21.5,200.0,19,29,116.0,0.66,0.85,0.79,0.6,3.0,1.06,0.77,1.5,26.0,4.25,10.0,0.99,35.0,253.0,1819
4.0,14.5,12.1,16,16,24,14.4,131.0,14,19,73.0,0.9,1.04,0.89,0.75,1.0,1.18,0.99,1.49,6.0,4.52,12.0,1.05,23.0,105.0,1920
1.0,3.5,1.9,4,4,10,3.1,45.0,3,5,17.0,0.56,0.75,0.5,0.31,0.0,0.81,0.64,1.61,1.0,2.74,1.0,0.64,3.0,39.0,2021
2.0,1.5,1.5,1,1,7,3.5,35.0,1,1,23.0,0.06,0.14,0.14,0.06,0.0,0.04,0.04,0.27,0.0,0.9,3.0,0.04,11.0,84.0,2223
2.0,1.4,1.4,2,2,2,1.8,11.0,2,2,11.0,0.16,0.2,0.2,0.16,3.0,0.22,0.22,0.22,0.0,1.21,2.0,0.22,3.0,34.0,2324
0.0,8.6,8.6,9,9,22,12.2,78.0,9,13,60.0,0.38,0.54,0.54,0.38,0.0,0.57,0.4,0.97,1.0,2.64,6.0,0.57,12.0,94.0,2324
0.0,1.3,1.3,2,2,4,4.1,16.0,2,4,10.0,0.05,0.15,0.15,0.05,5.0,0.14,0.07,0.14,0.0,0.36,0.0,0.14,0.0,17.0,1920
2.0,0.3,0.3,0,0,1,3.4,13.0,0,5,3.0,0.01,0.12,0.12,0.01,0.0,0.18,0.0,0.04,0.0,0.11,0.0,0.18,1.0,29.0,2021
3.0,7.3,7.3,6,6,19,9.6,101.0,6,11,76.0,0.27,0.36,0.36,0.27,1.0,0.41,0.22,0.71,11.0,2.85,2.0,0.41,17.0,122.0,2223
3.0,4.5,4.5,3,3,13,5.8,62.0,3,4,33.0,0.24,0.31,0.31,0.24,2.0,0.22,0.16,0.7,6.0,1.79,5.0,0.22,10.0,79.0,2324
6.0,7.0,5.4,7,7,23,10.2,73.0,5,9,64.0,0.24,0.4,0.34,0.18,6.0,0.31,0.24,0.78,11.0,2.17,1.0,0.24,13.0,182.0,1819
5.0,5.3,2.9,8,8,10,9.7,60.0,6,14,44.0,0.19,0.44,0.35,0.1,8.0,0.5,0.29,0.36,2.0,1.59,7.0,0.43,10.0,126.0,2021
4.0,4.1,4.1,5,5,24,9.8,72.0,5,13,54.0,0.13,0.31,0.31,0.13,3.0,0.42,0.16,0.77,11.0,1.74,5.0,0.42,10.0,166.0,2122
2.0,1.0,1.0,3,3,4,1.2,20.0,3,3,13.0,0.17,0.2,0.2,0.17,1.0,0.51,0.51,0.68,3.0,2.2,1.0,0.51,0.0,27.0,1819
2.0,1.3,1.3,2,2,2,2.2,14.0,2,3,5.0,0.32,0.53,0.53,0.32,1.0,0.74,0.49,0.49,1.0,1.23,1.0,0.74,5.0,11.0,1920
0.0,3.5,3.5,2,2,4,4.4,34.0,2,3,20.0,0.29,0.36,0.36,0.29,0.0,0.25,0.17,0.33,9.0,1.65,1.0,0.25,5.0,77.0,2021
1.0,1.4,1.4,0,0,2,2.7,28.0,0,1,27.0,0.08,0.15,0.15,0.08,0.0,0.06,0.0,0.12,1.0,1.57,1.0,0.06,4.0,90.0,1819
1.0,0.3,0.3,1,1,6,1.0,12.0,1,1,8.0,0.04,0.12,0.12,0.04,0.0,0.12,0.12,0.7,0.0,0.93,2.0,0.12,2.0,59.0,1920
2.0,0.2,0.2,1,1,1,0.6,8.0,1,1,6.0,0.04,0.1,0.1,0.04,1.0,0.16,0.16,0.16,1.0,0.96,0.0,0.16,0.0,32.0,2021
1.0,1.1,1.1,2,2,4,2.7,14.0,2,3,21.0,0.07,0.17,0.17,0.07,0.0,0.19,0.13,0.25,5.0,1.32,7.0,0.19,1.0,37.0,2122
1.0,2.2,2.2,3,3,8,2.5,41.0,3,4,24.0,0.2,0.23,0.23,0.2,0.0,0.37,0.28,0.74,3.0,2.21,0.0,0.37,4.0,62.0,1819
0.0,0.8,0.8,0,0,2,2.4,8.0,0,1,10.0,0.09,0.27,0.27,0.09,1.0,0.11,0.0,0.23,1.0,1.14,1.0,0.11,1.0,57.0,2021
1.0,0.6,0.6,0,0,2,1.2,25.0,0,1,13.0,0.08,0.17,0.17,0.08,0.0,0.14,0.0,0.28,8.0,1.83,1.0,0.14,4.0,39.0,1819
2.0,3.0,3.0,1,1,5,3.0,24.0,1,1,22.0,0.4,0.4,0.4,0.4,0.0,0.13,0.13,0.67,13.0,2.95,3.0,0.13,5.0,38.0,1920
6.0,2.5,2.5,2,2,5,2.8,32.0,2,2,19.0,0.3,0.34,0.34,0.3,1.0,0.24,0.24,0.6,5.0,2.29,1.0,0.24,5.0,42.0,2021
1.0,0.9,0.9,1,1,2,1.6,19.0,1,2,6.0,0.06,0.1,0.1,0.06,1.0,0.12,0.06,0.12,0.0,0.37,1.0,0.12,0.0,3.0,1819
0.0,0.6,0.6,1,1,3,1.4,12.0,1,2,6.0,0.02,0.05,0.05,0.02,0.0,0.08,0.04,0.11,2.0,0.23,0.0,0.08,1.0,5.0,1920
2.0,1.8,1.8,2,2,4,1.8,12.0,2,2,12.0,0.2,0.2,0.2,0.2,1.0,0.22,0.22,0.45,1.0,1.35,2.0,0.22,0.0,5.0,2122
3.0,1.7,1.7,2,2,7,1.9,30.0,2,3,19.0,0.06,0.06,0.06,0.06,0.0,0.1,0.07,0.23,4.0,0.63,2.0,0.1,3.0,10.0,2223
0.0,2.3,2.3,2,2,7,6.3,78.0,2,6,28.0,0.08,0.23,0.23,0.08,3.0,0.22,0.07,0.25,4.0,1.0,3.0,0.22,26.0,237.0,1920
0.0,3.0,3.0,2,2,9,6.4,48.0,2,5,21.0,0.14,0.3,0.3,0.14,0.0,0.23,0.09,0.42,1.0,0.99,4.0,0.23,18.0,144.0,2122
0.0,0.2,0.2,0,0,1,0.6,10.0,0,0,3.0,0.07,0.18,0.18,0.07,4.0,0.0,0.0,0.29,1.0,0.87,0.0,0.0,5.0,30.0,2223
0.0,0.8,0.8,0,0,1,3.6,22.0,0,4,13.0,0.06,0.29,0.29,0.06,0.0,0.32,0.0,0.08,1.0,1.05,2.0,0.32,2.0,40.0,2324
0.0,1.1,1.1,0,0,3,3.7,48.0,0,3,12.0,0.07,0.22,0.22,0.07,0.0,0.18,0.0,0.18,1.0,0.71,0.0,0.18,23.0,158.0,2122
9.0,9.2,8.4,10,10,24,11.2,97.0,9,11,51.0,0.47,0.61,0.57,0.43,0.0,0.56,0.51,1.22,6.0,2.6,2.0,0.51,8.0,151.0,2021
0.0,8.1,8.1,9,9,17,8.5,69.0,9,9,46.0,0.72,0.75,0.75,0.72,0.0,0.8,0.8,1.51,5.0,4.07,5.0,0.8,2.0,86.0,2122
28.0,10.8,9.2,11,11,18,10.6,89.0,9,11,47.0,0.59,0.67,0.58,0.5,3.0,0.6,0.6,0.98,10.0,2.57,8.0,0.49,14.0,97.0,2223
21.0,20.8,17.6,28,28,40,24.2,156.0,24,31,88.0,0.85,1.12,0.99,0.72,4.0,1.26,1.14,1.63,18.0,3.59,6.0,1.1,19.0,183.0,2324
1.0,0.4,0.4,0,0,1,1.4,7.0,0,1,4.0,0.05,0.21,0.21,0.05,1.0,0.15,0.0,0.15,1.0,0.58,2.0,0.15,3.0,23.0,2223
1.0,1.2,1.2,1,1,1,1.3,19.0,1,1,7.0,0.09,0.1,0.1,0.09,0.0,0.07,0.07,0.07,0.0,0.51,1.0,0.07,0.0,2.0,1920
0.0,1.0,1.0,1,1,5,1.2,31.0,1,1,22.0,0.06,0.07,0.07,0.06,0.0,0.06,0.06,0.31,1.0,1.38,2.0,0.06,0.0,3.0,2122
2.0,4.6,4.6,5,5,10,6.2,60.0,5,6,30.0,0.33,0.44,0.44,0.33,2.0,0.42,0.35,0.71,12.0,2.12,4.0,0.42,7.0,98.0,1819
0.0,4.8,4.8,2,2,13,7.2,67.0,2,4,33.0,0.31,0.46,0.46,0.31,0.0,0.26,0.13,0.84,12.0,2.13,4.0,0.26,8.0,105.0,1920
3.0,0.2,0.2,0,0,4,1.0,12.0,0,2,6.0,0.03,0.17,0.17,0.03,3.0,0.33,0.0,0.67,3.0,1.0,0.0,0.33,8.0,33.0,1920
4.0,1.5,1.5,3,3,10,4.6,46.0,3,6,31.0,0.12,0.37,0.37,0.12,6.0,0.49,0.24,0.81,4.0,2.52,3.0,0.49,23.0,87.0,2021
11.0,2.4,2.4,4,4,18,9.1,62.0,4,10,37.0,0.12,0.47,0.47,0.12,7.0,0.51,0.2,0.92,10.0,1.89,2.0,0.51,31.0,195.0,2122
2.0,6.5,6.5,11,11,26,12.1,117.0,11,18,67.0,0.23,0.42,0.42,0.23,2.0,0.63,0.39,0.92,25.0,2.36,4.0,0.63,45.0,240.0,2223
2.0,0.8,0.8,0,0,4,2.6,24.0,0,1,16.0,0.12,0.37,0.37,0.12,1.0,0.14,0.0,0.56,4.0,2.23,2.0,0.14,7.0,73.0,2324
1.0,0.6,0.6,0,0,4,0.7,18.0,0,1,5.0,0.17,0.2,0.2,0.17,1.0,0.31,0.0,1.25,3.0,1.56,1.0,0.31,0.0,26.0,1819
0.0,0.9,0.9,0,0,3,1.3,15.0,0,1,11.0,0.07,0.1,0.1,0.07,0.0,0.07,0.0,0.22,0.0,0.82,1.0,0.07,0.0,6.0,1920
1.0,0.6,0.6,1,1,2,0.6,14.0,1,1,9.0,0.05,0.06,0.06,0.05,0.0,0.09,0.09,0.17,2.0,0.78,1.0,0.09,0.0,2.0,2021
0.0,2.3,2.3,1,1,7,2.5,25.0,1,1,18.0,0.28,0.3,0.3,0.28,0.0,0.12,0.12,0.84,7.0,2.17,0.0,0.12,3.0,15.0,2223
1.0,1.1,1.1,1,1,2,1.2,18.0,1,1,9.0,0.06,0.06,0.06,0.06,0.0,0.05,0.05,0.1,0.0,0.46,0.0,0.05,4.0,16.0,1819
5.0,6.5,5.7,5,5,16,7.6,102.0,4,7,42.0,0.29,0.38,0.34,0.26,2.0,0.32,0.23,0.72,15.0,1.9,10.0,0.27,39.0,165.0,2223
0.0,0.2,0.2,0,0,1,0.9,15.0,0,0,5.0,0.01,0.06,0.06,0.01,1.0,0.0,0.0,0.07,0.0,0.35,1.0,0.0,3.0,43.0,2122
1.0,2.5,2.5,2,2,6,4.5,50.0,2,4,19.0,0.13,0.24,0.24,0.13,3.0,0.21,0.11,0.32,3.0,1.01,4.0,0.21,3.0,91.0,2223
0.0,1.4,1.4,1,1,3,4.8,38.0,1,4,14.0,0.1,0.35,0.35,0.1,1.0,0.29,0.07,0.22,3.0,1.01,3.0,0.29,6.0,63.0,2324
1.0,19.1,12.8,20,20,24,14.0,121.0,12,22,55.0,0.59,0.62,0.43,0.39,1.0,0.67,0.61,0.73,23.0,1.68,3.0,0.43,10.0,175.0,2021
3.0,3.2,3.2,1,1,6,3.6,42.0,1,2,20.0,0.34,0.39,0.39,0.34,0.0,0.21,0.11,0.64,9.0,2.14,3.0,0.21,2.0,48.0,2122
0.0,0.1,0.1,0,0,1,0.8,11.0,0,2,3.0,0.01,0.06,0.06,0.01,0.0,0.15,0.0,0.07,3.0,0.22,0.0,0.15,0.0,35.0,1819
0.0,0.1,0.1,0,0,1,0.1,1.0,0,0,1.0,0.02,0.02,0.02,0.02,0.0,0.0,0.0,0.31,0.0,0.31,0.0,0.0,0.0,0.0,1920
5.0,6.1,6.1,3,3,10,7.2,58.0,3,4,35.0,0.68,0.79,0.79,0.68,0.0,0.44,0.33,1.11,2.0,3.87,2.0,0.44,1.0,45.0,1920
3.0,1.8,1.8,3,3,7,2.5,21.0,3,5,11.0,0.27,0.38,0.38,0.27,2.0,0.76,0.45,1.06,3.0,1.66,1.0,0.76,2.0,30.0,2122
0.0,4.1,4.1,3,3,9,5.2,55.0,3,5,30.0,0.26,0.32,0.32,0.26,0.0,0.31,0.19,0.56,7.0,1.85,1.0,0.31,6.0,61.0,2223
2.0,1.5,1.5,3,3,6,5.9,28.0,3,6,28.0,0.06,0.23,0.23,0.06,4.0,0.24,0.12,0.24,1.0,1.1,4.0,0.24,6.0,89.0,2122
1.0,1.1,1.1,2,2,7,2.8,24.0,2,6,22.0,0.08,0.21,0.21,0.08,0.0,0.45,0.15,0.53,2.0,1.67,2.0,0.45,2.0,65.0,2223
0.0,0.7,0.7,0,0,4,0.9,10.0,0,0,8.0,0.32,0.41,0.41,0.32,0.0,0.0,0.0,1.84,1.0,3.67,0.0,0.0,1.0,11.0,1819
0.0,1.2,1.2,1,1,7,1.9,17.0,1,2,15.0,0.28,0.44,0.43,0.27,0.0,0.45,0.23,1.58,0.0,3.39,3.0,0.45,1.0,31.0,1920
0.0,1.3,1.3,2,2,2,1.5,20.0,2,2,10.0,0.04,0.05,0.05,0.04,0.0,0.06,0.06,0.06,1.0,0.29,1.0,0.06,1.0,7.0,1920
1.0,0.6,0.6,0,0,1,1.9,16.0,0,0,15.0,0.02,0.06,0.06,0.02,0.0,0.0,0.0,0.03,0.0,0.49,2.0,0.0,1.0,72.0,1819
0.0,1.5,1.5,2,2,2,1.9,13.0,2,2,5.0,0.09,0.11,0.11,0.09,0.0,0.12,0.12,0.12,0.0,0.3,0.0,0.12,0.0,1.0,2122
2.0,2.7,1.9,3,3,7,3.9,24.0,2,6,19.0,0.35,0.6,0.5,0.25,6.0,0.77,0.38,0.89,1.0,2.43,4.0,0.64,8.0,74.0,1819
1.0,3.7,3.7,2,2,18,7.6,49.0,2,8,53.0,0.16,0.33,0.33,0.16,5.0,0.35,0.09,0.78,2.0,2.3,8.0,0.35,12.0,117.0,1920
5.0,3.5,3.5,1,1,13,9.2,32.0,1,6,40.0,0.2,0.51,0.51,0.2,0.0,0.33,0.06,0.72,3.0,2.22,7.0,0.33,9.0,87.0,2021
1.0,3.4,2.6,5,5,14,4.0,18.0,4,5,35.0,0.37,0.52,0.43,0.28,0.0,0.54,0.54,1.52,1.0,3.8,2.0,0.43,7.0,38.0,2122
0.0,2.6,1.8,5,5,10,3.9,25.0,4,5,29.0,0.21,0.39,0.32,0.15,0.0,0.41,0.41,0.82,1.0,2.38,2.0,0.33,3.0,57.0,2223
6.0,6.6,6.6,4,4,28,7.6,87.0,4,7,56.0,0.41,0.48,0.48,0.41,1.0,0.44,0.25,1.75,15.0,3.51,9.0,0.44,11.0,108.0,1819
6.0,5.8,5.8,6,6,22,7.7,82.0,6,7,48.0,0.32,0.42,0.42,0.32,0.0,0.38,0.33,1.21,10.0,2.63,5.0,0.38,7.0,99.0,1920
0.0,7.5,7.5,6,6,16,9.2,85.0,6,6,57.0,0.46,0.56,0.56,0.46,0.0,0.36,0.36,0.97,14.0,3.44,8.0,0.36,5.0,69.0,2021
0.0,0.8,0.8,0,0,2,1.0,14.0,0,0,10.0,0.04,0.05,0.05,0.04,0.0,0.0,0.0,0.09,1.0,0.46,1.0,0.0,0.0,8.0,2223
0.0,0.3,0.3,1,1,3,0.4,6.0,1,1,5.0,0.24,0.27,0.27,0.24,0.0,0.73,0.73,2.2,0.0,3.66,0.0,0.73,0.0,6.0,2324
0.0,3.4,3.4,3,3,16,6.9,90.0,3,6,51.0,0.14,0.3,0.3,0.14,2.0,0.26,0.13,0.69,1.0,2.2,7.0,0.26,44.0,126.0,1819
1.0,1.0,1.0,0,0,7,3.9,49.0,0,2,18.0,0.12,0.46,0.46,0.12,0.0,0.24,0.0,0.82,2.0,2.12,0.0,0.24,24.0,67.0,1920
8.0,1.7,1.7,1,1,5,1.9,28.0,1,1,13.0,0.21,0.23,0.23,0.21,4.0,0.12,0.12,0.61,0.0,1.6,0.0,0.12,7.0,35.0,2021
4.0,8.5,6.1,8,8,24,12.6,107.0,5,12,60.0,0.33,0.58,0.49,0.24,3.0,0.46,0.31,0.93,15.0,2.32,7.0,0.35,49.0,207.0,2122
6.0,4.8,4.8,7,7,17,7.6,57.0,7,8,44.0,0.21,0.34,0.34,0.21,4.0,0.36,0.31,0.76,4.0,1.96,5.0,0.36,15.0,132.0,2021
1.0,5.6,5.6,6,6,13,9.2,85.0,6,10,37.0,0.26,0.42,0.42,0.26,0.0,0.46,0.28,0.6,4.0,1.71,2.0,0.46,26.0,202.0,2122
0.0,2.6,2.6,1,1,9,4.4,34.0,1,5,28.0,0.19,0.33,0.33,0.19,0.0,0.37,0.07,0.66,2.0,2.05,3.0,0.37,10.0,91.0,2223
6.0,1.2,1.2,0,0,6,2.0,16.0,0,0,14.0,0.22,0.36,0.36,0.22,4.0,0.0,0.0,1.08,8.0,2.53,1.0,0.0,6.0,43.0,2324
0.0,2.0,1.3,1,1,6,3.6,22.0,0,2,18.0,0.06,0.14,0.11,0.04,0.0,0.06,0.03,0.18,0.0,0.55,0.0,0.03,5.0,52.0,1920
1.0,0.4,0.4,0,0,3,1.1,12.0,0,0,10.0,0.02,0.04,0.04,0.02,0.0,0.0,0.0,0.11,0.0,0.37,1.0,0.0,3.0,46.0,2021
0.0,0.1,0.1,1,1,3,0.4,0.0,1,1,4.0,0.01,0.04,0.04,0.01,1.0,0.1,0.1,0.29,0.0,0.38,0.0,0.1,0.0,3.0,2122
0.0,0.5,0.5,0,0,4,1.6,6.0,0,1,13.0,0.02,0.07,0.07,0.02,0.0,0.05,0.0,0.18,0.0,0.59,0.0,0.05,1.0,24.0,2223
0.0,2.5,2.5,1,1,9,6.8,47.0,1,6,43.0,0.09,0.25,0.25,0.09,1.0,0.22,0.04,0.33,6.0,1.57,6.0,0.22,18.0,208.0,1819
2.0,1.4,1.4,0,0,8,2.3,41.0,0,1,21.0,0.11,0.18,0.18,0.11,1.0,0.08,0.0,0.63,2.0,1.65,2.0,0.08,13.0,112.0,1920
0.0,1.7,1.7,2,2,4,3.2,50.0,2,3,22.0,0.09,0.17,0.17,0.09,2.0,0.16,0.11,0.22,2.0,1.18,2.0,0.16,18.0,146.0,2021
7.0,1.2,1.2,0,0,10,3.5,60.0,0,2,20.0,0.06,0.18,0.18,0.06,7.0,0.1,0.0,0.52,12.0,1.03,0.0,0.1,20.0,148.0,2122
3.0,8.1,8.1,7,7,31,16.5,138.0,7,14,74.0,0.27,0.55,0.55,0.27,1.0,0.46,0.23,1.03,12.0,2.45,9.0,0.46,47.0,357.0,2223
11.0,7.5,7.5,12,12,29,11.1,118.0,12,18,74.0,0.33,0.49,0.49,0.33,10.0,0.79,0.53,1.28,22.0,3.27,4.0,0.79,59.0,201.0,1819
17.0,8.9,8.0,11,11,37,14.4,137.0,11,21,80.0,0.32,0.56,0.53,0.29,10.0,0.76,0.4,1.34,17.0,2.91,11.0,0.76,56.0,215.0,1920
23.0,9.7,8.9,17,17,35,17.4,129.0,16,27,67.0,0.28,0.52,0.5,0.26,7.0,0.78,0.49,1.01,16.0,1.94,3.0,0.75,37.0,266.0,2021
17.0,10.1,10.1,10,10,38,16.6,106.0,10,16,81.0,0.31,0.52,0.52,0.31,10.0,0.5,0.31,1.18,18.0,2.52,10.0,0.5,31.0,196.0,2223
7.0,12.0,10.4,17,17,38,22.2,212.0,15,27,83.0,0.37,0.73,0.68,0.32,9.0,0.83,0.52,1.17,20.0,2.55,6.0,0.77,64.0,325.0,2324
0.0,1.2,1.2,2,2,11,3.5,44.0,2,6,30.0,0.04,0.12,0.12,0.04,2.0,0.2,0.07,0.37,1.0,1.02,4.0,0.2,8.0,64.0,1819
0.0,1.2,1.2,0,0,3,2.9,36.0,0,2,23.0,0.05,0.12,0.12,0.05,0.0,0.08,0.0,0.12,1.0,0.94,2.0,0.08,4.0,40.0,1920
1.0,0.3,0.3,0,0,3,0.8,7.0,0,0,7.0,0.05,0.13,0.13,0.05,1.0,0.0,0.0,0.46,2.0,1.07,1.0,0.0,1.0,11.0,2021
0.0,0.7,0.7,1,1,4,1.0,10.0,1,2,8.0,0.07,0.1,0.1,0.07,2.0,0.2,0.1,0.39,1.0,0.78,2.0,0.2,1.0,22.0,2021
0.0,0.6,0.6,0,0,2,2.8,13.0,0,1,7.0,0.03,0.11,0.11,0.03,1.0,0.04,0.0,0.08,0.0,0.28,0.0,0.04,6.0,121.0,2021
1.0,1.7,1.7,1,1,9,2.2,40.0,1,2,18.0,0.08,0.1,0.1,0.08,0.0,0.09,0.04,0.39,0.0,0.79,0.0,0.09,4.0,25.0,2324
0.0,0.6,0.6,0,0,2,0.8,9.0,0,0,8.0,0.04,0.05,0.05,0.04,1.0,0.0,0.0,0.13,1.0,0.53,1.0,0.0,1.0,13.0,2324
0.0,0.9,0.9,0,0,2,1.8,11.0,0,1,11.0,0.03,0.06,0.06,0.03,0.0,0.04,0.0,0.07,1.0,0.4,1.0,0.04,4.0,34.0,1819
1.0,0.1,0.1,1,1,1,0.8,3.0,1,1,2.0,0.01,0.04,0.04,0.01,1.0,0.05,0.05,0.05,0.0,0.11,0.0,0.05,0.0,13.0,2122
0.0,0.6,0.6,1,1,4,1.6,14.0,1,2,11.0,0.02,0.05,0.05,0.02,1.0,0.06,0.03,0.12,0.0,0.32,2.0,0.06,9.0,39.0,2223
0.0,0.4,0.4,0,0,1,1.1,8.0,0,1,4.0,0.03,0.07,0.07,0.03,0.0,0.07,0.0,0.07,0.0,0.28,1.0,0.07,1.0,18.0,1920
0.0,0.5,0.5,1,1,2,0.8,7.0,1,1,6.0,0.04,0.06,0.06,0.04,0.0,0.07,0.07,0.14,0.0,0.42,1.0,0.07,0.0,10.0,2223
0.0,0.7,0.7,0,0,2,1.2,18.0,0,1,7.0,0.02,0.05,0.05,0.02,0.0,0.04,0.0,0.08,4.0,0.26,1.0,0.04,0.0,10.0,2223
0.0,0.2,0.2,0,0,2,0.3,8.0,0,0,4.0,0.03,0.04,0.04,0.03,1.0,0.0,0.0,0.27,1.0,0.54,0.0,0.0,0.0,2.0,2324
0.0,1.1,1.1,2,2,2,1.7,12.0,2,3,6.0,0.12,0.18,0.18,0.12,0.0,0.32,0.21,0.21,0.0,0.64,0.0,0.32,0.0,6.0,1920
0.0,1.3,1.3,1,1,4,1.5,12.0,1,1,13.0,0.07,0.09,0.09,0.07,0.0,0.06,0.06,0.23,1.0,0.74,2.0,0.06,1.0,13.0,2021
1.0,1.8,1.8,2,2,9,5.0,66.0,2,4,25.0,0.06,0.16,0.16,0.06,2.0,0.13,0.07,0.29,1.0,0.81,2.0,0.13,12.0,171.0,2021
0.0,0.7,0.7,1,1,2,2.8,42.0,1,3,12.0,0.05,0.18,0.18,0.05,0.0,0.18,0.06,0.12,3.0,0.73,0.0,0.18,7.0,76.0,2122
0.0,0.8,0.8,0,0,4,2.0,20.0,0,0,6.0,0.09,0.22,0.22,0.09,1.0,0.0,0.0,0.44,1.0,0.66,0.0,0.0,5.0,39.0,2223
0.0,1.3,1.3,2,2,4,1.6,19.0,2,2,12.0,0.04,0.05,0.05,0.04,0.0,0.06,0.06,0.13,0.0,0.39,2.0,0.06,0.0,0.0,2021
0.0,0.1,0.1,1,1,1,0.4,2.0,1,1,1.0,0.01,0.05,0.05,0.01,0.0,0.13,0.13,0.13,0.0,0.13,0.0,0.13,0.0,2.0,2324
0.0,0.3,0.3,0,0,2,0.8,10.0,0,0,5.0,0.02,0.05,0.05,0.02,0.0,0.0,0.0,0.13,0.0,0.32,0.0,0.0,0.0,2.0,1819
0.0,2.1,2.1,0,0,6,3.8,26.0,0,0,25.0,0.08,0.15,0.15,0.08,0.0,0.0,0.0,0.23,0.0,0.97,5.0,0.0,5.0,17.0,1920
2.0,0.7,0.7,0,0,2,1.4,17.0,0,0,10.0,0.03,0.06,0.06,0.03,0.0,0.0,0.0,0.08,1.0,0.42,1.0,0.0,1.0,26.0,2021
0.0,1.1,1.1,2,2,7,1.7,17.0,2,2,14.0,0.04,0.07,0.07,0.04,0.0,0.08,0.08,0.29,1.0,0.57,0.0,0.08,0.0,15.0,2122
0.0,1.2,1.2,1,1,4,3.3,33.0,1,3,18.0,0.04,0.12,0.12,0.04,0.0,0.11,0.04,0.15,1.0,0.67,2.0,0.11,4.0,64.0,2324
0.0,0.2,0.2,0,0,2,0.2,4.0,0,0,3.0,0.05,0.05,0.05,0.05,0.0,0.0,0.0,0.47,0.0,0.7,2.0,0.0,0.0,5.0,2425
1.0,2.0,2.0,4,4,6,2.7,23.0,4,7,20.0,0.06,0.09,0.09,0.06,0.0,0.22,0.13,0.19,0.0,0.64,3.0,0.22,0.0,0.0,1920
0.0,1.2,1.2,1,1,4,1.7,18.0,1,1,12.0,0.04,0.05,0.05,0.04,0.0,0.03,0.03,0.13,0.0,0.4,0.0,0.03,1.0,2.0,2021
1.0,2.6,2.6,0,0,3,2.6,25.0,0,0,20.0,0.1,0.1,0.1,0.1,0.0,0.0,0.0,0.11,0.0,0.75,5.0,0.0,1.0,1.0,2122
1.0,2.2,2.2,1,1,6,2.4,24.0,1,1,20.0,0.1,0.11,0.11,0.1,0.0,0.05,0.05,0.28,0.0,0.93,2.0,0.05,0.0,0.0,2223
3.0,0.6,0.6,1,1,3,0.9,14.0,1,1,10.0,0.03,0.05,0.05,0.03,0.0,0.06,0.06,0.17,0.0,0.57,1.0,0.06,0.0,2.0,2324
8.0,2.6,2.6,6,6,8,3.5,37.0,6,7,18.0,0.25,0.33,0.33,0.25,2.0,0.65,0.56,0.74,6.0,1.67,3.0,0.65,6.0,55.0,1819
4.0,7.7,7.7,8,8,14,9.7,116.0,8,10,57.0,0.29,0.36,0.36,0.29,1.0,0.37,0.3,0.52,21.0,2.12,8.0,0.37,23.0,168.0,1920
0.0,3.8,3.8,4,4,9,4.5,62.0,4,5,24.0,0.23,0.27,0.27,0.23,1.0,0.3,0.24,0.54,13.0,1.45,5.0,0.3,5.0,110.0,2021
0.0,0.1,0.1,0,0,1,0.2,5.0,0,0,2.0,0.04,0.06,0.06,0.04,1.0,0.0,0.0,0.26,0.0,0.52,0.0,0.0,1.0,21.0,2122
0.0,0.8,0.8,0,0,3,2.7,16.0,0,1,9.0,0.03,0.1,0.1,0.03,2.0,0.04,0.0,0.11,4.0,0.33,2.0,0.04,4.0,101.0,2324
3.0,1.9,1.9,2,2,7,7.4,19.0,2,6,36.0,0.09,0.34,0.34,0.09,2.0,0.27,0.09,0.32,1.0,1.64,2.0,0.27,3.0,73.0,1819
0.0,1.4,1.4,3,3,10,3.1,21.0,3,5,29.0,0.17,0.39,0.39,0.17,0.0,0.62,0.37,1.24,0.0,3.61,4.0,0.62,6.0,74.0,1920
0.0,1.1,1.1,0,0,7,2.0,13.0,0,0,18.0,0.17,0.3,0.3,0.17,0.0,0.0,0.0,1.04,0.0,2.69,3.0,0.0,2.0,40.0,2021
3.0,1.1,1.1,1,1,4,1.9,15.0,1,1,10.0,0.13,0.23,0.23,0.13,1.0,0.12,0.12,0.48,0.0,1.19,2.0,0.12,1.0,24.0,2122
0.0,1.4,1.4,3,3,7,3.5,11.0,3,4,18.0,0.08,0.19,0.19,0.08,1.0,0.22,0.17,0.39,2.0,1.0,2.0,0.22,2.0,37.0,2223
1.0,0.1,0.1,1,1,2,0.4,3.0,1,1,4.0,0.06,0.16,0.16,0.06,2.0,0.42,0.42,0.85,0.0,1.69,0.0,0.42,0.0,15.0,1819
1.0,1.8,1.8,1,1,6,3.2,25.0,1,3,18.0,0.13,0.23,0.23,0.13,0.0,0.22,0.07,0.43,2.0,1.29,4.0,0.22,0.0,33.0,1920
3.0,5.0,5.0,6,6,11,6.9,85.0,6,7,35.0,0.28,0.39,0.39,0.28,0.0,0.39,0.34,0.62,10.0,1.97,6.0,0.39,10.0,81.0,2223
1.0,7.6,7.6,11,11,30,12.6,113.0,11,14,70.0,0.32,0.54,0.54,0.32,1.0,0.6,0.47,1.28,10.0,2.99,9.0,0.6,37.0,185.0,1819
3.0,1.3,1.3,1,1,7,2.4,35.0,1,2,16.0,0.21,0.38,0.38,0.21,0.0,0.31,0.16,1.1,1.0,2.52,1.0,0.31,10.0,61.0,2021
7.0,2.7,2.7,3,3,12,5.7,61.0,3,3,39.0,0.23,0.49,0.49,0.23,2.0,0.26,0.26,1.02,3.0,3.33,3.0,0.26,20.0,105.0,2122
3.0,5.6,5.6,7,7,19,7.0,63.0,7,9,42.0,0.33,0.41,0.41,0.33,4.0,0.53,0.41,1.12,9.0,2.48,4.0,0.53,20.0,136.0,2223
3.0,2.5,2.5,3,3,10,4.8,60.0,3,7,40.0,0.13,0.25,0.25,0.13,4.0,0.36,0.16,0.52,8.0,2.07,8.0,0.36,22.0,131.0,2324
9.0,2.9,2.9,5,5,9,3.6,53.0,5,6,26.0,0.19,0.24,0.24,0.19,0.0,0.39,0.32,0.58,1.0,1.68,0.0,0.39,20.0,89.0,1920
8.0,5.6,5.6,9,9,17,6.8,65.0,9,9,30.0,0.25,0.3,0.3,0.25,3.0,0.4,0.4,0.75,3.0,1.33,5.0,0.4,23.0,141.0,2021
4.0,7.6,7.6,8,8,23,10.8,87.0,8,11,60.0,0.3,0.42,0.42,0.3,2.0,0.43,0.31,0.9,6.0,2.35,7.0,0.43,22.0,182.0,2122
4.0,4.3,4.3,4,4,15,5.7,51.0,4,6,37.0,0.3,0.4,0.4,0.3,1.0,0.42,0.28,1.05,3.0,2.59,7.0,0.42,11.0,91.0,2223
2.0,2.2,2.2,2,2,7,2.8,14.0,2,2,20.0,0.51,0.63,0.63,0.51,0.0,0.45,0.45,1.58,1.0,4.51,6.0,0.45,1.0,17.0,1819
6.0,1.3,1.3,2,2,8,1.7,24.0,2,2,22.0,0.26,0.33,0.33,0.26,0.0,0.38,0.38,1.52,0.0,4.19,1.0,0.38,5.0,44.0,1920
6.0,5.5,4.3,6,6,20,4.9,58.0,6,6,44.0,0.62,0.68,0.54,0.48,1.0,0.67,0.67,2.24,4.0,4.94,5.0,0.67,9.0,80.0,2021
4.0,4.4,4.4,6,6,16,5.9,43.0,6,7,44.0,0.39,0.52,0.52,0.39,2.0,0.62,0.53,1.42,7.0,3.89,5.0,0.62,3.0,70.0,2122
0.0,0.7,0.7,1,1,2,1.2,23.0,1,1,11.0,0.03,0.04,0.04,0.03,0.0,0.04,0.04,0.07,1.0,0.41,1.0,0.04,0.0,5.0,1920
9.0,5.8,5.8,2,2,23,7.7,114.0,2,5,61.0,0.3,0.39,0.39,0.3,4.0,0.25,0.1,1.16,15.0,3.09,5.0,0.25,9.0,94.0,1819
9.0,12.1,10.5,9,9,33,13.4,156.0,8,13,78.0,0.41,0.5,0.45,0.35,2.0,0.44,0.3,1.11,20.0,2.62,6.0,0.4,7.0,140.0,2021
6.0,11.8,10.2,9,9,23,11.4,115.0,7,11,72.0,0.46,0.5,0.44,0.4,0.0,0.43,0.35,0.9,10.0,2.8,7.0,0.35,6.0,106.0,2122
6.0,7.3,6.5,6,6,19,7.3,95.0,5,6,58.0,0.4,0.44,0.4,0.35,2.0,0.33,0.33,1.03,10.0,3.15,10.0,0.27,9.0,89.0,2223
1.0,8.9,8.9,6,6,25,11.0,119.0,6,8,60.0,0.45,0.56,0.56,0.45,0.0,0.41,0.31,1.27,8.0,3.05,9.0,0.41,6.0,111.0,2324
0.0,0.8,0.8,1,1,2,1.4,12.0,1,1,7.0,0.08,0.14,0.14,0.08,0.0,0.1,0.1,0.2,1.0,0.7,3.0,0.1,1.0,16.0,2021
3.0,2.0,2.0,1,1,6,2.9,33.0,1,4,15.0,0.15,0.21,0.21,0.15,1.0,0.3,0.07,0.45,1.0,1.12,3.0,0.3,11.0,83.0,2021
0.0,0.4,0.4,0,0,1,0.6,7.0,0,0,5.0,0.02,0.04,0.04,0.02,0.0,0.0,0.0,0.06,0.0,0.31,1.0,0.0,0.0,0.0,2021
0.0,1.7,1.7,1,1,3,3.9,33.0,1,3,22.0,0.06,0.13,0.13,0.06,0.0,0.1,0.03,0.1,0.0,0.76,3.0,0.1,0.0,21.0,1819
1.0,0.2,0.2,0,0,1,0.2,2.0,0,0,2.0,0.04,0.04,0.04,0.04,1.0,0.0,0.0,0.23,0.0,0.47,1.0,0.0,0.0,5.0,1920
0.0,1.4,1.4,1,1,1,1.7,16.0,1,3,14.0,0.24,0.29,0.29,0.24,0.0,0.51,0.17,0.17,1.0,2.38,0.0,0.51,3.0,48.0,1920
6.0,1.1,0.3,0,0,1,0.4,9.0,0,0,7.0,0.23,0.25,0.08,0.06,3.0,0.0,0.0,0.21,2.0,1.5,2.0,0.0,1.0,23.0,2021
5.0,0.6,0.6,0,0,4,1.6,19.0,0,1,16.0,0.09,0.25,0.25,0.09,1.0,0.16,0.0,0.63,0.0,2.52,1.0,0.16,4.0,48.0,1819
0.0,1.5,0.7,2,2,2,0.9,18.0,2,2,9.0,0.17,0.2,0.11,0.08,3.0,0.24,0.24,0.24,0.0,1.08,0.0,0.24,3.0,25.0,1920
5.0,2.9,2.9,2,2,8,4.2,50.0,2,4,42.0,0.14,0.2,0.2,0.14,0.0,0.19,0.1,0.38,2.0,2.01,3.0,0.19,8.0,140.0,1819
2.0,0.5,0.5,0,0,1,0.7,6.0,0,0,5.0,0.11,0.15,0.15,0.11,1.0,0.0,0.0,0.2,0.0,1.0,0.0,0.0,0.0,1.0,2122
4.0,2.8,2.8,5,5,20,4.8,42.0,5,8,46.0,0.15,0.25,0.25,0.15,5.0,0.42,0.26,1.05,4.0,2.41,5.0,0.42,8.0,101.0,1920
2.0,2.7,2.7,4,4,11,5.3,53.0,4,9,55.0,0.09,0.17,0.17,0.09,0.0,0.29,0.13,0.36,4.0,1.79,6.0,0.29,10.0,118.0,2021
2.0,2.5,2.5,2,2,9,4.0,41.0,2,2,38.0,0.15,0.24,0.24,0.15,1.0,0.12,0.12,0.55,1.0,2.32,3.0,0.12,12.0,78.0,2122
4.0,9.5,7.1,11,11,30,9.8,105.0,9,12,64.0,0.35,0.44,0.36,0.26,0.0,0.44,0.4,1.09,30.0,2.33,4.0,0.36,17.0,173.0,1819
6.0,3.4,2.6,4,4,8,3.2,42.0,3,4,18.0,0.33,0.39,0.31,0.26,2.0,0.4,0.4,0.79,6.0,1.79,2.0,0.3,8.0,74.0,1920
3.0,8.3,7.5,6,6,23,8.5,72.0,6,8,59.0,0.46,0.52,0.48,0.42,1.0,0.45,0.33,1.28,17.0,3.29,2.0,0.45,15.0,110.0,2021
2.0,1.1,1.1,0,0,4,2.5,24.0,0,0,13.0,0.18,0.43,0.43,0.18,0.0,0.0,0.0,0.69,2.0,2.23,6.0,0.0,6.0,53.0,2122
7.0,3.0,3.0,2,2,9,5.4,35.0,2,3,30.0,0.16,0.28,0.28,0.16,0.0,0.16,0.1,0.47,2.0,1.56,4.0,0.16,5.0,58.0,1819
1.0,3.1,3.1,7,7,14,4.1,31.0,7,7,36.0,0.18,0.23,0.23,0.18,3.0,0.39,0.39,0.79,1.0,2.03,1.0,0.39,7.0,52.0,1920
3.0,2.1,2.1,1,1,9,3.4,44.0,1,4,32.0,0.1,0.16,0.16,0.1,0.0,0.18,0.05,0.41,0.0,1.47,2.0,0.18,6.0,52.0,2021
4.0,2.1,2.1,3,3,10,3.5,50.0,3,3,33.0,0.09,0.14,0.14,0.09,2.0,0.12,0.12,0.41,2.0,1.34,3.0,0.12,11.0,77.0,2122
0.0,1.9,1.9,4,4,7,3.5,32.0,4,6,23.0,0.09,0.16,0.16,0.09,2.0,0.27,0.18,0.31,1.0,1.02,2.0,0.27,3.0,48.0,2223
2.0,1.0,1.0,0,0,7,2.4,22.0,0,2,22.0,0.05,0.13,0.13,0.05,1.0,0.11,0.0,0.38,0.0,1.19,1.0,0.11,3.0,36.0,2324
1.0,3.3,3.3,3,3,7,3.8,38.0,3,3,21.0,0.38,0.43,0.43,0.38,1.0,0.34,0.34,0.79,13.0,2.38,0.0,0.34,5.0,46.0,1819
0.0,1.0,1.0,1,1,3,1.6,18.0,1,2,12.0,0.33,0.54,0.54,0.33,0.0,0.69,0.34,1.03,2.0,4.12,0.0,0.69,2.0,25.0,1920
3.0,1.1,1.1,1,1,12,5.6,39.0,1,3,31.0,0.07,0.37,0.37,0.07,4.0,0.2,0.07,0.79,2.0,2.05,2.0,0.2,22.0,148.0,1920
0.0,2.1,2.1,3,3,17,6.6,50.0,3,7,48.0,0.09,0.27,0.27,0.09,1.0,0.29,0.12,0.69,6.0,1.95,3.0,0.29,16.0,196.0,2021
2.0,0.3,0.3,0,0,2,0.5,11.0,0,1,6.0,0.08,0.12,0.12,0.08,4.0,0.23,0.0,0.47,2.0,1.41,1.0,0.23,3.0,39.0,2122
1.0,1.1,1.1,2,2,9,4.0,23.0,2,6,24.0,0.1,0.34,0.34,0.1,4.0,0.51,0.17,0.76,7.0,2.03,2.0,0.51,7.0,96.0,2223
0.0,1.4,1.4,1,1,6,5.3,29.0,1,5,26.0,0.08,0.32,0.32,0.08,2.0,0.3,0.06,0.36,3.0,1.54,2.0,0.3,7.0,109.0,2324
2.0,0.9,0.9,0,0,3,1.1,18.0,0,0,14.0,0.04,0.05,0.05,0.04,1.0,0.0,0.0,0.14,2.0,0.63,3.0,0.0,1.0,0.0,1819
0.0,0.6,0.6,2,2,2,1.6,20.0,2,4,10.0,0.04,0.11,0.11,0.04,0.0,0.26,0.13,0.13,1.0,0.65,2.0,0.26,0.0,5.0,2324
3.0,1.5,1.5,3,3,3,2.3,17.0,3,4,9.0,0.39,0.62,0.62,0.39,1.0,1.07,0.8,0.8,3.0,2.4,1.0,1.07,2.0,45.0,2122
2.0,1.7,0.9,3,3,2,1.8,20.0,2,4,15.0,0.3,0.46,0.32,0.16,1.0,0.73,0.55,0.36,4.0,2.73,0.0,0.55,1.0,50.0,2223
0.0,3.7,3.7,6,6,17,5.3,58.0,6,8,47.0,0.14,0.21,0.21,0.14,1.0,0.31,0.23,0.66,0.0,1.83,8.0,0.31,6.0,107.0,2122
4.0,0.6,0.6,0,0,1,0.6,4.0,0,0,7.0,0.12,0.12,0.12,0.12,0.0,0.0,0.0,0.21,0.0,1.48,0.0,0.0,2.0,10.0,2223
0.0,1.0,1.0,4,4,6,1.1,14.0,4,4,16.0,0.1,0.11,0.11,0.1,0.0,0.41,0.41,0.62,2.0,1.66,1.0,0.41,2.0,37.0,2324
1.0,6.1,6.1,9,9,20,14.0,158.0,9,19,45.0,0.18,0.42,0.42,0.18,8.0,0.57,0.27,0.6,16.0,1.36,7.0,0.57,80.0,372.0,2324
0.0,0.9,0.9,0,0,3,2.7,28.0,0,1,8.0,0.05,0.13,0.13,0.05,3.0,0.05,0.0,0.15,1.0,0.39,2.0,0.05,7.0,93.0,1920
1.0,0.9,0.9,0,0,4,2.7,29.0,0,3,12.0,0.05,0.15,0.15,0.05,0.0,0.17,0.0,0.22,0.0,0.67,2.0,0.17,4.0,90.0,2021
0.0,0.4,0.4,1,1,2,1.2,21.0,1,1,7.0,0.02,0.07,0.07,0.02,0.0,0.05,0.05,0.11,2.0,0.38,1.0,0.05,3.0,37.0,2223
0.0,0.9,0.9,0,0,7,3.7,16.0,0,1,21.0,0.04,0.16,0.16,0.04,3.0,0.04,0.0,0.3,0.0,0.91,1.0,0.04,3.0,96.0,2021
0.0,0.4,0.4,0,0,3,1.0,11.0,0,3,11.0,0.03,0.07,0.07,0.03,1.0,0.2,0.0,0.2,0.0,0.75,2.0,0.2,3.0,72.0,2122
7.0,13.1,10.7,15,15,23,16.8,116.0,12,24,51.0,0.54,0.79,0.69,0.44,1.0,0.99,0.62,0.95,20.0,2.1,8.0,0.87,17.0,169.0,1819
9.0,2.9,2.9,3,3,11,4.3,50.0,3,3,25.0,0.28,0.41,0.41,0.28,3.0,0.29,0.29,1.06,10.0,2.4,0.0,0.29,3.0,52.0,2021
0.0,8.4,7.7,9,9,19,10.0,68.0,9,12,33.0,0.62,0.79,0.73,0.56,1.0,0.88,0.66,1.4,4.0,2.42,10.0,0.88,4.0,65.0,2223
0.0,0.9,0.9,0,0,2,1.7,24.0,0,1,7.0,0.22,0.39,0.39,0.22,0.0,0.23,0.0,0.45,3.0,1.59,1.0,0.23,2.0,34.0,2324
4.0,0.3,0.3,0,0,1,1.0,12.0,0,1,9.0,0.08,0.23,0.23,0.08,0.0,0.23,0.0,0.23,0.0,2.1,0.0,0.23,3.0,26.0,2021
5.0,3.2,3.2,1,1,3,4.0,31.0,1,1,14.0,0.59,0.74,0.74,0.59,2.0,0.19,0.19,0.56,3.0,2.61,0.0,0.19,6.0,43.0,1920
15.0,6.1,6.1,5,5,13,7.4,66.0,5,7,30.0,0.4,0.49,0.49,0.4,1.0,0.46,0.33,0.86,15.0,1.99,2.0,0.46,10.0,108.0,2021
10.0,13.6,12.0,15,15,30,14.4,129.0,13,16,65.0,0.56,0.66,0.6,0.5,1.0,0.66,0.62,1.24,21.0,2.69,11.0,0.58,19.0,171.0,2122
1.0,4.7,4.7,6,6,11,6.4,43.0,6,9,22.0,0.41,0.56,0.56,0.41,0.0,0.78,0.52,0.95,13.0,1.9,0.0,0.78,6.0,45.0,2324
0.0,2.2,2.2,2,2,5,2.8,15.0,2,2,16.0,0.24,0.31,0.31,0.24,0.0,0.22,0.22,0.54,0.0,1.74,1.0,0.22,3.0,53.0,1819
2.0,1.0,1.0,0,0,3,1.1,12.0,0,0,13.0,0.23,0.26,0.26,0.23,3.0,0.0,0.0,0.72,1.0,3.1,1.0,0.0,1.0,26.0,1819
1.0,3.5,3.5,2,2,12,5.2,60.0,2,5,40.0,0.16,0.24,0.24,0.16,0.0,0.23,0.09,0.55,4.0,1.84,4.0,0.23,26.0,145.0,1920
0.0,0.7,0.7,1,1,7,1.9,26.0,1,2,15.0,0.08,0.21,0.21,0.08,0.0,0.22,0.11,0.78,4.0,1.68,3.0,0.22,11.0,57.0,2021
1.0,1.5,1.5,0,0,5,2.5,17.0,0,0,8.0,0.45,0.76,0.76,0.45,0.0,0.0,0.0,1.51,0.0,2.41,1.0,0.0,6.0,31.0,2021
9.0,2.8,2.8,1,1,8,5.7,63.0,1,1,48.0,0.15,0.32,0.32,0.15,4.0,0.06,0.06,0.45,5.0,2.69,3.0,0.06,25.0,107.0,2122
7.0,5.9,5.9,9,9,30,11.9,141.0,9,13,72.0,0.22,0.44,0.44,0.22,4.0,0.48,0.33,1.11,21.0,2.66,5.0,0.48,66.0,239.0,2223
5.0,3.5,3.5,7,7,21,9.9,122.0,7,11,46.0,0.15,0.42,0.42,0.15,0.0,0.46,0.29,0.88,8.0,1.93,5.0,0.46,63.0,231.0,2324
0.0,1.5,1.5,2,2,3,1.9,31.0,2,3,17.0,0.12,0.15,0.15,0.12,0.0,0.23,0.16,0.23,1.0,1.33,1.0,0.23,3.0,37.0,2324
3.0,1.6,1.6,0,0,3,2.0,18.0,0,0,13.0,0.2,0.25,0.25,0.2,4.0,0.0,0.0,0.39,5.0,1.67,4.0,0.0,7.0,59.0,1819
3.0,3.7,3.7,3,3,11,5.7,56.0,3,7,33.0,0.21,0.32,0.32,0.21,3.0,0.39,0.17,0.62,18.0,1.85,6.0,0.39,16.0,109.0,2122
6.0,5.6,5.6,3,3,18,7.7,80.0,3,6,53.0,0.29,0.41,0.41,0.29,1.0,0.32,0.16,0.95,7.0,2.78,7.0,0.32,16.0,119.0,2223
2.0,7.9,7.9,6,6,23,9.2,95.0,6,7,65.0,0.36,0.42,0.42,0.36,1.0,0.32,0.27,1.04,23.0,2.95,8.0,0.32,28.0,167.0,2324
2.0,1.1,1.1,1,1,3,1.1,9.0,1,1,7.0,0.34,0.34,0.34,0.34,0.0,0.31,0.31,0.92,1.0,2.15,1.0,0.31,1.0,16.0,2021
3.0,1.5,1.5,2,2,4,2.0,17.0,2,2,13.0,0.18,0.25,0.25,0.18,0.0,0.25,0.25,0.51,1.0,1.65,2.0,0.25,6.0,42.0,2021
1.0,1.6,1.6,3,3,4,2.2,9.0,3,3,7.0,0.79,1.04,1.04,0.79,3.0,1.45,1.45,1.94,0.0,3.39,0.0,1.45,2.0,15.0,2122
9.0,1.9,1.9,1,1,8,3.2,43.0,1,4,22.0,0.23,0.4,0.4,0.23,6.0,0.5,0.12,0.99,4.0,2.73,3.0,0.5,11.0,66.0,2223
6.0,5.9,5.9,9,9,28,10.8,110.0,9,15,60.0,0.25,0.46,0.46,0.25,3.0,0.64,0.38,1.19,5.0,2.55,5.0,0.64,19.0,198.0,2324
6.0,16.4,16.4,15,15,35,19.0,146.0,15,18,88.0,0.67,0.77,0.77,0.67,1.0,0.73,0.61,1.42,23.0,3.58,10.0,0.73,10.0,134.0,1920
17.0,5.9,5.9,6,6,13,6.6,61.0,6,7,32.0,0.51,0.57,0.57,0.51,4.0,0.61,0.52,1.13,4.0,2.77,4.0,0.61,8.0,66.0,2021
8.0,20.7,18.4,17,17,35,23.2,173.0,14,21,92.0,0.6,0.74,0.68,0.54,3.0,0.61,0.5,1.02,17.0,2.68,17.0,0.53,22.0,199.0,2122
1.0,10.8,10.8,8,8,28,14.5,125.0,8,11,62.0,0.44,0.6,0.6,0.44,0.0,0.45,0.33,1.15,11.0,2.55,10.0,0.45,16.0,141.0,2223
0.0,7.1,5.4,3,3,11,7.6,57.0,2,7,26.0,0.54,0.7,0.58,0.41,0.0,0.53,0.23,0.84,7.0,1.98,4.0,0.46,4.0,69.0,2425
0.0,2.8,2.8,2,2,9,5.4,65.0,2,3,26.0,0.16,0.32,0.32,0.16,1.0,0.18,0.12,0.54,10.0,1.55,2.0,0.18,22.0,149.0,2021
4.0,0.8,0.8,0,0,3,1.4,25.0,0,1,13.0,0.07,0.12,0.12,0.07,0.0,0.08,0.0,0.25,6.0,1.08,0.0,0.08,7.0,88.0,2122
1.0,1.4,1.4,0,0,5,5.9,22.0,0,6,26.0,0.05,0.23,0.23,0.05,7.0,0.23,0.0,0.19,0.0,0.99,0.0,0.23,7.0,55.0,1718
2.0,1.9,1.9,1,1,7,5.5,25.0,1,8,31.0,0.06,0.18,0.18,0.06,2.0,0.27,0.03,0.23,0.0,1.04,3.0,0.27,3.0,61.0,1819
1.0,1.6,1.6,3,3,7,3.4,38.0,3,5,18.0,0.07,0.15,0.15,0.07,1.0,0.22,0.13,0.3,0.0,0.77,2.0,0.22,16.0,58.0,2021
0.0,0.4,0.4,1,1,3,0.8,11.0,1,2,9.0,0.08,0.16,0.16,0.08,2.0,0.37,0.19,0.56,0.0,1.67,2.0,0.37,5.0,25.0,2122
1.0,1.0,1.0,1,1,2,1.4,28.0,1,1,16.0,0.11,0.16,0.16,0.11,2.0,0.11,0.11,0.22,0.0,1.78,1.0,0.11,4.0,33.0,2223
0.0,0.9,0.9,2,2,3,1.3,4.0,2,2,3.0,0.17,0.26,0.26,0.17,0.0,0.4,0.4,0.6,0.0,0.6,0.0,0.4,0.0,2.0,1920
1.0,0.4,0.4,1,1,1,1.9,8.0,1,2,6.0,0.06,0.29,0.29,0.06,0.0,0.31,0.15,0.15,0.0,0.93,1.0,0.31,0.0,3.0,2122
1.0,0.6,0.6,0,0,3,0.8,8.0,0,0,8.0,0.09,0.1,0.1,0.09,0.0,0.0,0.0,0.4,0.0,1.06,0.0,0.0,2.0,18.0,2122
0.0,0.8,0.8,0,0,4,3.4,40.0,0,2,19.0,0.05,0.2,0.2,0.05,0.0,0.12,0.0,0.23,3.0,1.1,3.0,0.12,15.0,153.0,2122
12.0,11.1,9.5,8,8,20,13.4,139.0,6,12,58.0,0.37,0.5,0.44,0.31,0.0,0.4,0.27,0.66,16.0,1.93,3.0,0.33,33.0,154.0,2122
6.0,7.3,5.7,12,12,18,6.2,63.0,11,12,33.0,0.47,0.5,0.4,0.37,3.0,0.78,0.78,1.17,4.0,2.14,0.0,0.71,11.0,61.0,2223
11.0,8.3,8.3,6,6,18,11.1,73.0,6,9,44.0,0.56,0.75,0.75,0.56,2.0,0.61,0.41,1.22,5.0,2.98,6.0,0.61,14.0,77.0,2223
1.0,10.7,8.3,11,11,20,11.5,92.0,8,13,46.0,0.49,0.64,0.53,0.38,0.0,0.6,0.51,0.92,13.0,2.12,2.0,0.46,12.0,123.0,2324
4.0,3.0,3.0,3,3,8,4.8,40.0,3,6,28.0,0.16,0.26,0.26,0.16,0.0,0.33,0.17,0.44,8.0,1.54,1.0,0.33,13.0,135.0,2122
3.0,4.2,4.2,4,4,14,5.3,60.0,4,4,46.0,0.18,0.23,0.23,0.18,2.0,0.17,0.17,0.61,12.0,2.0,3.0,0.17,15.0,193.0,2223
1.0,2.3,2.3,2,2,7,4.5,29.0,2,7,17.0,0.35,0.7,0.7,0.35,0.0,1.08,0.31,1.08,3.0,2.62,4.0,1.08,11.0,48.0,2122
12.0,7.6,4.3,10,10,23,10.7,63.0,8,14,55.0,0.24,0.44,0.34,0.14,5.0,0.44,0.31,0.72,6.0,1.73,11.0,0.38,11.0,106.0,2223
3.0,6.5,5.0,12,12,16,10.9,85.0,10,17,52.0,0.22,0.43,0.37,0.17,3.0,0.58,0.41,0.55,5.0,1.78,2.0,0.51,21.0,190.0,2324
6.0,1.4,1.4,1,1,5,3.1,33.0,1,3,24.0,0.06,0.14,0.14,0.06,3.0,0.14,0.05,0.23,4.0,1.09,3.0,0.14,16.0,117.0,1819
7.0,5.8,5.8,6,6,17,10.3,84.0,6,9,50.0,0.19,0.33,0.33,0.19,5.0,0.29,0.19,0.54,8.0,1.6,9.0,0.29,24.0,195.0,1920
4.0,3.7,2.8,5,5,13,8.6,56.0,4,10,40.0,0.12,0.32,0.29,0.09,3.0,0.33,0.17,0.43,8.0,1.33,5.0,0.3,27.0,140.0,2122
4.0,4.9,3.4,5,5,16,7.7,71.0,4,9,55.0,0.16,0.3,0.25,0.11,3.0,0.29,0.16,0.52,2.0,1.77,11.0,0.26,13.0,124.0,2324
2.0,5.7,5.7,5,5,21,8.4,111.0,5,7,43.0,0.24,0.36,0.36,0.24,3.0,0.3,0.21,0.89,19.0,1.83,7.0,0.3,24.0,167.0,1819
0.0,3.1,3.1,2,2,10,6.8,71.0,2,5,31.0,0.22,0.48,0.48,0.22,0.0,0.35,0.14,0.7,10.0,2.17,5.0,0.35,11.0,127.0,1920
0.0,2.3,2.3,3,3,11,3.3,60.0,3,6,29.0,0.13,0.18,0.18,0.13,0.0,0.33,0.17,0.61,8.0,1.61,3.0,0.33,12.0,105.0,2021
3.0,1.9,1.9,2,2,7,5.4,29.0,2,8,23.0,0.07,0.2,0.2,0.07,0.0,0.3,0.07,0.26,0.0,0.86,1.0,0.3,4.0,56.0,1819
1.0,2.4,2.4,3,3,8,3.3,23.0,3,3,18.0,0.12,0.17,0.17,0.12,0.0,0.15,0.15,0.41,0.0,0.91,4.0,0.15,7.0,43.0,1920
0.0,1.9,1.9,1,1,6,4.2,20.0,1,5,25.0,0.11,0.25,0.25,0.11,0.0,0.29,0.06,0.35,0.0,1.47,7.0,0.29,1.0,45.0,2122
0.0,0.4,0.4,0,0,1,1.5,8.0,0,0,10.0,0.03,0.11,0.11,0.03,0.0,0.0,0.0,0.07,0.0,0.72,1.0,0.0,0.0,24.0,2223
0.0,1.4,1.4,0,0,1,2.9,23.0,0,3,16.0,0.05,0.1,0.1,0.05,1.0,0.11,0.0,0.04,1.0,0.57,3.0,0.11,3.0,28.0,1819
0.0,0.7,0.5,0,0,1,1.0,5.0,0,1,2.0,0.06,0.1,0.09,0.05,0.0,0.09,0.0,0.09,0.0,0.18,0.0,0.09,0.0,8.0,1819
0.0,1.2,1.2,0,0,3,2.6,5.0,0,6,26.0,0.06,0.13,0.13,0.06,1.0,0.3,0.0,0.15,0.0,1.29,3.0,0.3,0.0,28.0,1920
1.0,1.0,1.0,0,0,7,2.4,17.0,0,1,23.0,0.04,0.1,0.1,0.04,1.0,0.04,0.0,0.28,0.0,0.92,2.0,0.04,0.0,26.0,2021
1.0,0.7,0.7,1,1,4,2.1,12.0,1,2,16.0,0.03,0.1,0.1,0.03,1.0,0.1,0.05,0.19,0.0,0.77,1.0,0.1,2.0,21.0,2122
0.0,0.9,0.9,1,1,3,1.1,16.0,1,1,11.0,0.04,0.05,0.05,0.04,1.0,0.04,0.04,0.13,0.0,0.47,1.0,0.04,0.0,1.0,1718
2.0,0.4,0.4,0,0,2,0.4,9.0,0,0,6.0,0.02,0.02,0.02,0.02,0.0,0.0,0.0,0.11,0.0,0.34,0.0,0.0,0.0,1.0,1920
0.0,0.9,0.9,3,3,5,1.1,24.0,3,3,18.0,0.03,0.04,0.04,0.03,2.0,0.1,0.1,0.17,1.0,0.61,4.0,0.1,0.0,2.0,2122
3.0,1.5,1.5,0,0,2,2.0,24.0,0,2,15.0,0.06,0.08,0.08,0.06,1.0,0.08,0.0,0.08,0.0,0.57,1.0,0.08,0.0,2.0,2223
0.0,0.5,0.5,1,1,2,1.7,13.0,1,2,8.0,0.02,0.07,0.07,0.02,1.0,0.08,0.04,0.08,2.0,0.34,1.0,0.08,2.0,94.0,2021
0.0,0.3,0.3,0,0,1,1.4,13.0,0,1,3.0,0.02,0.09,0.09,0.02,0.0,0.06,0.0,0.06,0.0,0.19,0.0,0.06,1.0,66.0,2122
0.0,0.6,0.6,0,0,2,2.7,24.0,0,2,5.0,0.03,0.11,0.11,0.03,0.0,0.08,0.0,0.08,2.0,0.21,1.0,0.08,13.0,56.0,2324
3.0,14.1,11.8,14,14,32,13.0,124.0,13,16,81.0,0.51,0.55,0.47,0.42,2.0,0.57,0.5,1.15,20.0,2.9,8.0,0.54,9.0,164.0,2324
1.0,2.2,2.2,1,1,4,2.8,22.0,1,3,14.0,0.11,0.13,0.13,0.11,0.0,0.14,0.05,0.19,0.0,0.66,1.0,0.14,2.0,44.0,1819
0.0,0.5,0.5,1,1,3,0.9,5.0,1,1,3.0,0.08,0.16,0.16,0.08,0.0,0.19,0.19,0.56,1.0,0.56,1.0,0.19,0.0,5.0,1920
0.0,1.0,1.0,2,2,4,1.1,23.0,2,2,9.0,0.06,0.06,0.06,0.06,2.0,0.12,0.12,0.24,0.0,0.54,1.0,0.12,2.0,39.0,2122
1.0,1.7,1.7,3,3,10,2.8,24.0,3,5,18.0,0.09,0.14,0.14,0.09,2.0,0.25,0.15,0.51,0.0,0.91,1.0,0.25,16.0,113.0,2021
0.0,1.0,1.0,1,1,5,3.1,26.0,1,3,18.0,0.04,0.12,0.12,0.04,2.0,0.12,0.04,0.19,1.0,0.7,1.0,0.12,12.0,154.0,2122
1.0,0.4,0.4,0,0,4,1.8,20.0,0,2,6.0,0.03,0.15,0.15,0.03,1.0,0.17,0.0,0.34,0.0,0.51,0.0,0.17,9.0,92.0,2223
0.0,1.7,1.7,1,1,2,5.3,26.0,1,2,12.0,0.07,0.23,0.23,0.07,0.0,0.09,0.04,0.09,1.0,0.53,1.0,0.09,5.0,151.0,2324
0.0,2.4,2.4,3,3,10,5.6,44.0,3,8,33.0,0.09,0.22,0.22,0.09,0.0,0.32,0.12,0.39,2.0,1.3,3.0,0.32,3.0,32.0,1819
2.0,0.6,0.6,1,1,3,0.7,11.0,1,2,8.0,0.04,0.05,0.05,0.04,1.0,0.14,0.07,0.21,1.0,0.56,1.0,0.14,1.0,19.0,2021
0.0,0.6,0.6,1,1,3,2.1,27.0,1,1,8.0,0.02,0.09,0.09,0.02,1.0,0.04,0.04,0.12,5.0,0.32,0.0,0.04,0.0,115.0,2122
0.0,0.1,0.1,0,0,1,2.9,35.0,0,1,2.0,0.01,0.13,0.13,0.01,1.0,0.05,0.0,0.05,3.0,0.09,0.0,0.05,4.0,154.0,2223
3.0,1.7,1.7,2,2,5,2.8,48.0,2,2,18.0,0.15,0.24,0.24,0.15,0.0,0.17,0.17,0.44,9.0,1.57,3.0,0.17,1.0,58.0,2223
3.0,3.7,3.7,2,2,11,10.5,36.0,2,10,47.0,0.14,0.4,0.4,0.14,3.0,0.38,0.08,0.42,4.0,1.78,4.0,0.38,5.0,163.0,1718
1.0,0.5,0.5,0,0,3,0.9,12.0,0,0,11.0,0.05,0.09,0.09,0.05,3.0,0.0,0.0,0.29,0.0,1.07,3.0,0.0,4.0,34.0,1920
4.0,1.6,1.6,1,1,10,3.6,28.0,1,4,23.0,0.1,0.24,0.24,0.1,5.0,0.26,0.07,0.66,0.0,1.52,0.0,0.26,6.0,102.0,2021
1.0,3.4,3.4,4,4,8,6.8,45.0,4,9,29.0,0.21,0.42,0.42,0.21,3.0,0.56,0.25,0.5,2.0,1.81,5.0,0.56,9.0,92.0,2122
0.0,0.9,0.9,1,1,6,2.9,23.0,1,4,13.0,0.07,0.21,0.21,0.07,0.0,0.29,0.07,0.43,2.0,0.93,1.0,0.29,3.0,79.0,2223
2.0,3.9,0.8,3,3,5,3.8,15.0,0,3,16.0,0.22,0.39,0.22,0.04,2.0,0.17,0.17,0.28,0.0,0.9,2.0,0.0,3.0,42.0,1819
3.0,1.7,1.7,2,2,6,5.2,26.0,2,4,30.0,0.08,0.25,0.25,0.08,3.0,0.19,0.1,0.29,1.0,1.44,3.0,0.19,2.0,58.0,1920
7.0,3.3,0.9,3,3,4,4.6,20.0,0,6,21.0,0.11,0.23,0.15,0.03,2.0,0.2,0.1,0.13,1.0,0.7,2.0,0.1,1.0,36.0,2021
1.0,5.7,0.9,7,7,3,2.2,18.0,1,9,12.0,0.23,0.28,0.09,0.04,1.0,0.37,0.29,0.12,0.0,0.49,0.0,0.12,1.0,31.0,2122
0.0,2.5,2.5,3,3,7,5.8,53.0,3,6,19.0,0.14,0.32,0.32,0.14,1.0,0.34,0.17,0.39,5.0,1.06,4.0,0.34,8.0,151.0,1819
1.0,0.4,0.4,0,0,2,2.9,32.0,0,1,4.0,0.03,0.21,0.21,0.03,1.0,0.07,0.0,0.14,0.0,0.29,0.0,0.07,7.0,149.0,1920
2.0,1.0,1.0,1,1,3,2.4,33.0,1,2,12.0,0.06,0.15,0.15,0.06,4.0,0.12,0.06,0.18,3.0,0.73,2.0,0.12,7.0,128.0,2021
2.0,0.5,0.5,0,0,1,1.2,11.0,0,0,8.0,0.08,0.18,0.18,0.08,0.0,0.0,0.0,0.15,0.0,1.23,1.0,0.0,2.0,25.0,2324
0.0,0.6,0.6,0,0,5,2.6,14.0,0,1,17.0,0.02,0.08,0.08,0.02,0.0,0.03,0.0,0.16,1.0,0.54,3.0,0.03,3.0,31.0,1819
2.0,0.6,0.6,0,0,2,1.1,8.0,0,0,11.0,0.04,0.07,0.07,0.04,0.0,0.0,0.0,0.13,2.0,0.73,1.0,0.0,1.0,21.0,1920
3.0,1.2,1.2,2,2,4,2.1,7.0,2,2,22.0,0.09,0.16,0.16,0.09,2.0,0.16,0.16,0.31,0.0,1.72,4.0,0.16,2.0,11.0,2021
8.0,9.3,9.3,6,6,27,19.9,194.0,6,15,63.0,0.35,0.75,0.75,0.35,21.0,0.57,0.23,1.02,15.0,2.38,10.0,0.57,17.0,320.0,1819
11.0,8.7,8.7,8,8,19,23.5,160.0,8,29,54.0,0.35,0.94,0.94,0.35,19.0,1.16,0.32,0.76,11.0,2.16,7.0,1.16,22.0,308.0,1920
8.0,8.2,7.4,11,11,17,17.4,205.0,10,30,50.0,0.27,0.61,0.59,0.25,18.0,1.01,0.37,0.57,14.0,1.68,6.0,0.98,9.0,325.0,2021
5.0,8.9,8.9,7,7,23,15.5,114.0,7,15,47.0,0.48,0.84,0.84,0.48,9.0,0.81,0.38,1.24,5.0,2.54,5.0,0.81,11.0,182.0,2223
1.0,5.7,5.7,5,5,11,14.1,113.0,5,14,36.0,0.31,0.77,0.77,0.31,4.0,0.76,0.27,0.6,15.0,1.96,7.0,0.76,9.0,188.0,2324
0.0,0.2,0.2,0,0,2,1.0,11.0,0,2,6.0,0.04,0.23,0.23,0.04,1.0,0.44,0.0,0.44,0.0,1.31,1.0,0.44,3.0,36.0,2021
3.0,1.6,1.6,3,3,3,2.2,16.0,3,3,22.0,0.06,0.08,0.08,0.06,4.0,0.11,0.11,0.11,0.0,0.83,1.0,0.11,3.0,40.0,1718
3.0,1.5,1.5,3,3,7,2.8,13.0,3,7,36.0,0.06,0.12,0.12,0.06,0.0,0.3,0.13,0.3,0.0,1.57,2.0,0.3,3.0,27.0,1819
0.0,1.6,1.6,3,3,8,2.7,16.0,3,3,32.0,0.06,0.1,0.1,0.06,2.0,0.11,0.11,0.28,0.0,1.13,2.0,0.11,7.0,15.0,1920
3.0,2.8,2.8,2,2,9,3.8,22.0,2,3,44.0,0.12,0.17,0.17,0.12,0.0,0.13,0.09,0.4,0.0,1.95,4.0,0.13,1.0,11.0,2122
0.0,2.2,2.2,3,3,4,3.8,29.0,3,3,28.0,0.08,0.14,0.14,0.08,0.0,0.11,0.11,0.14,0.0,1.01,2.0,0.11,3.0,35.0,2223
4.0,0.4,0.4,0,0,2,0.7,6.0,0,0,8.0,0.05,0.08,0.08,0.05,2.0,0.0,0.0,0.23,0.0,0.91,0.0,0.0,1.0,10.0,2324
1.0,5.4,5.4,7,7,21,13.4,108.0,7,20,50.0,0.21,0.51,0.51,0.21,3.0,0.76,0.26,0.79,12.0,1.89,9.0,0.76,40.0,281.0,1920
4.0,0.8,0.8,1,1,4,4.3,22.0,1,4,10.0,0.11,0.59,0.59,0.11,1.0,0.55,0.14,0.55,6.0,1.38,0.0,0.55,7.0,56.0,2021
0.0,2.6,2.6,4,4,6,4.6,53.0,4,5,22.0,0.18,0.31,0.31,0.18,0.0,0.34,0.27,0.4,11.0,1.48,2.0,0.34,14.0,131.0,2122
0.0,1.3,1.3,0,0,3,2.3,18.0,0,0,8.0,0.26,0.44,0.44,0.26,0.0,0.0,0.0,0.58,4.0,1.55,3.0,0.0,5.0,50.0,2223
0.0,1.1,1.1,2,2,4,2.3,48.0,2,4,10.0,0.07,0.14,0.14,0.07,2.0,0.25,0.12,0.25,0.0,0.62,1.0,0.25,20.0,103.0,2223
0.0,0.4,0.4,1,1,2,1.2,6.0,1,2,3.0,0.07,0.2,0.2,0.07,0.0,0.34,0.17,0.34,0.0,0.51,0.0,0.34,1.0,36.0,2223
1.0,0.1,0.1,0,0,1,0.2,4.0,0,0,3.0,0.03,0.05,0.05,0.03,0.0,0.0,0.0,0.26,0.0,0.78,0.0,0.0,1.0,6.0,2324
2.0,1.4,1.4,1,1,5,1.8,23.0,1,2,12.0,0.05,0.07,0.07,0.05,0.0,0.08,0.04,0.19,1.0,0.46,0.0,0.08,4.0,24.0,2122
0.0,1.3,1.3,2,2,4,1.4,18.0,2,2,15.0,0.06,0.06,0.06,0.06,0.0,0.09,0.09,0.18,1.0,0.67,1.0,0.09,1.0,4.0,2223
1.0,2.9,2.9,3,3,13,6.5,55.0,3,6,34.0,0.2,0.45,0.45,0.2,1.0,0.42,0.21,0.91,3.0,2.37,2.0,0.42,16.0,95.0,2223
6.0,2.7,2.7,1,1,10,3.5,53.0,1,2,27.0,0.23,0.3,0.3,0.23,1.0,0.17,0.09,0.87,3.0,2.35,7.0,0.17,19.0,112.0,2324
1.0,1.7,1.7,1,1,6,3.2,30.0,1,2,25.0,0.06,0.13,0.13,0.06,2.0,0.08,0.04,0.23,0.0,0.98,1.0,0.08,5.0,45.0,1819
0.0,1.1,1.1,2,2,4,1.9,16.0,2,3,16.0,0.05,0.09,0.09,0.05,0.0,0.14,0.09,0.18,1.0,0.73,2.0,0.14,1.0,17.0,2021
12.0,0.7,0.7,0,0,1,0.8,11.0,0,0,5.0,0.31,0.35,0.35,0.31,3.0,0.0,0.0,0.45,3.0,2.25,1.0,0.0,1.0,11.0,1819
0.0,3.6,3.6,8,8,20,5.7,71.0,8,8,69.0,0.13,0.21,0.21,0.13,2.0,0.3,0.3,0.75,17.0,2.58,7.0,0.3,20.0,190.0,2324
0.0,0.3,0.3,0,0,1,0.7,10.0,0,0,5.0,0.01,0.04,0.04,0.01,2.0,0.0,0.0,0.05,0.0,0.27,0.0,0.0,1.0,48.0,2021
0.0,1.8,1.8,3,3,7,1.9,24.0,3,3,15.0,0.06,0.07,0.07,0.06,0.0,0.11,0.11,0.25,1.0,0.53,0.0,0.11,0.0,2.0,2223
28.0,17.5,16.7,16,16,38,22.3,194.0,16,23,106.0,0.63,0.83,0.8,0.6,8.0,0.83,0.57,1.36,36.0,3.8,9.0,0.83,59.0,303.0,1819
6.0,21.2,18.9,28,28,60,28.4,240.0,25,36,120.0,0.68,0.99,0.91,0.61,8.0,1.16,0.9,1.93,43.0,3.86,11.0,1.06,89.0,365.0,1920
9.0,6.8,6.8,4,4,16,7.1,110.0,4,5,45.0,0.48,0.5,0.5,0.48,3.0,0.35,0.28,1.12,11.0,3.16,5.0,0.35,29.0,144.0,2122
2.0,9.1,9.1,9,9,24,12.2,133.0,9,12,61.0,0.42,0.57,0.57,0.42,3.0,0.56,0.42,1.12,25.0,2.83,7.0,0.56,44.0,209.0,2223
2.0,3.7,3.7,2,2,7,6.4,69.0,2,5,29.0,0.41,0.72,0.72,0.41,0.0,0.56,0.22,0.78,12.0,3.23,4.0,0.56,36.0,124.0,2324
0.0,0.9,0.9,1,1,4,4.0,53.0,1,2,18.0,0.06,0.26,0.26,0.06,1.0,0.13,0.06,0.25,1.0,1.15,4.0,0.13,19.0,97.0,2122
1.0,0.2,0.2,0,0,1,0.5,7.0,0,1,3.0,0.05,0.17,0.17,0.05,0.0,0.34,0.0,0.34,0.0,1.03,0.0,0.34,2.0,20.0,2223
1.0,2.8,2.8,4,4,8,5.4,56.0,4,7,19.0,0.13,0.24,0.24,0.13,2.0,0.31,0.18,0.36,0.0,0.85,2.0,0.31,10.0,159.0,1819
2.0,2.0,2.0,1,1,5,4.2,46.0,1,3,18.0,0.1,0.21,0.21,0.1,3.0,0.15,0.05,0.25,5.0,0.92,2.0,0.15,6.0,154.0,1920
2.0,0.7,0.7,1,1,3,2.2,21.0,1,1,7.0,0.03,0.09,0.09,0.03,3.0,0.04,0.04,0.13,1.0,0.3,0.0,0.04,0.0,115.0,2122
1.0,2.2,2.2,2,2,5,4.8,52.0,2,5,19.0,0.06,0.13,0.13,0.06,3.0,0.14,0.06,0.14,6.0,0.53,2.0,0.14,5.0,149.0,2223
0.0,1.6,1.6,1,1,4,3.5,58.0,1,4,14.0,0.06,0.12,0.12,0.06,1.0,0.14,0.03,0.14,3.0,0.48,4.0,0.14,6.0,113.0,2324
1.0,2.0,2.0,5,5,8,3.6,32.0,5,6,20.0,0.15,0.27,0.27,0.15,0.0,0.44,0.37,0.59,4.0,1.48,1.0,0.44,2.0,91.0,1920
0.0,0.8,0.8,1,1,2,1.0,16.0,1,1,6.0,0.16,0.22,0.22,0.16,0.0,0.21,0.21,0.42,4.0,1.25,0.0,0.21,2.0,45.0,2021
0.0,0.5,0.5,0,0,3,1.2,26.0,0,0,13.0,0.04,0.09,0.09,0.04,0.0,0.0,0.0,0.22,4.0,0.97,2.0,0.0,5.0,63.0,2122
0.0,0.1,0.1,0,0,1,0.5,8.0,0,0,4.0,0.01,0.05,0.05,0.01,0.0,0.0,0.0,0.11,0.0,0.45,0.0,0.0,4.0,43.0,1819
0.0,0.2,0.2,0,0,1,0.2,4.0,0,0,2.0,0.03,0.05,0.05,0.03,0.0,0.0,0.0,0.22,0.0,0.44,0.0,0.0,2.0,17.0,2021
3.0,3.0,3.0,3,3,9,4.2,34.0,3,3,24.0,0.31,0.43,0.43,0.31,4.0,0.31,0.31,0.92,4.0,2.46,3.0,0.31,9.0,80.0,2021
0.0,3.7,3.7,3,3,9,7.7,67.0,3,7,34.0,0.21,0.42,0.42,0.21,2.0,0.39,0.17,0.5,6.0,1.89,2.0,0.39,19.0,152.0,2122
0.0,2.5,2.5,0,0,11,4.1,38.0,0,2,30.0,0.13,0.21,0.21,0.13,1.0,0.1,0.0,0.57,4.0,1.54,5.0,0.1,13.0,169.0,2223
5.0,1.5,1.5,0,0,2,2.7,27.0,0,1,12.0,0.11,0.19,0.19,0.11,2.0,0.07,0.0,0.14,2.0,0.86,2.0,0.07,8.0,84.0,2324
0.0,0.2,0.2,0,0,1,0.6,9.0,0,0,3.0,0.01,0.04,0.04,0.01,0.0,0.0,0.0,0.07,1.0,0.21,1.0,0.0,1.0,21.0,1920
2.0,0.8,0.8,0,0,2,1.2,17.0,0,0,10.0,0.04,0.05,0.05,0.04,3.0,0.0,0.0,0.09,0.0,0.44,1.0,0.0,0.0,5.0,2021
2.0,0.7,0.7,0,0,3,1.0,15.0,0,0,9.0,0.06,0.08,0.08,0.06,0.0,0.0,0.0,0.24,1.0,0.72,1.0,0.0,4.0,36.0,1819
0.0,1.8,1.8,2,2,5,2.1,19.0,2,2,14.0,0.06,0.07,0.07,0.06,0.0,0.07,0.07,0.17,1.0,0.48,0.0,0.07,0.0,12.0,1920
1.0,9.9,9.9,10,10,23,13.3,120.0,10,13,59.0,0.44,0.6,0.6,0.44,0.0,0.58,0.45,1.03,9.0,2.64,8.0,0.58,18.0,186.0,2021
1.0,2.5,2.5,1,1,7,3.6,31.0,1,1,18.0,0.45,0.64,0.64,0.45,0.0,0.18,0.18,1.25,4.0,3.2,2.0,0.18,5.0,48.0,2122
1.0,0.7,0.7,0,0,1,0.9,13.0,0,0,6.0,0.2,0.28,0.28,0.2,0.0,0.0,0.0,0.3,2.0,1.82,0.0,0.0,3.0,28.0,2324
1.0,1.9,1.2,1,1,4,2.9,30.0,1,1,9.0,0.22,0.43,0.34,0.13,2.0,0.12,0.12,0.46,5.0,1.04,1.0,0.12,6.0,53.0,2324
0.0,0.9,0.9,0,0,2,2.6,14.0,0,4,8.0,0.04,0.1,0.1,0.04,0.0,0.16,0.0,0.08,1.0,0.31,0.0,0.16,1.0,10.0,1819
0.0,0.9,0.9,0,0,1,1.7,15.0,0,0,6.0,0.04,0.08,0.08,0.04,0.0,0.0,0.0,0.05,0.0,0.29,0.0,0.0,1.0,34.0,2021
2.0,1.1,1.1,0,0,5,1.8,18.0,0,0,19.0,0.03,0.05,0.05,0.03,2.0,0.0,0.0,0.15,1.0,0.59,4.0,0.0,0.0,5.0,1819
1.0,1.2,1.2,1,1,9,2.7,19.0,1,1,23.0,0.06,0.15,0.15,0.06,0.0,0.05,0.05,0.49,0.0,1.25,4.0,0.05,4.0,35.0,2122
0.0,1.0,1.0,0,0,2,1.8,8.0,0,0,7.0,0.29,0.5,0.5,0.29,2.0,0.0,0.0,0.57,0.0,2.0,0.0,0.0,2.0,12.0,2223
5.0,0.4,0.4,0,0,1,1.2,5.0,0,2,5.0,0.19,0.59,0.59,0.19,2.0,1.01,0.0,0.51,2.0,2.53,1.0,1.01,0.0,18.0,2324
2.0,0.5,0.5,1,1,4,1.6,14.0,1,2,12.0,0.06,0.19,0.19,0.06,0.0,0.24,0.12,0.47,1.0,1.42,1.0,0.24,4.0,25.0,2021
1.0,1.5,1.5,2,2,2,2.9,31.0,2,2,21.0,0.13,0.26,0.26,0.13,4.0,0.18,0.18,0.18,0.0,1.91,2.0,0.18,6.0,57.0,2223
2.0,1.1,1.1,1,1,8,3.4,31.0,1,5,17.0,0.07,0.2,0.2,0.07,0.0,0.3,0.06,0.48,0.0,1.03,2.0,0.3,6.0,72.0,2324
1.0,0.2,0.2,1,1,2,0.3,7.0,1,1,4.0,0.04,0.06,0.06,0.04,0.0,0.19,0.19,0.38,1.0,0.75,1.0,0.19,1.0,6.0,1819
0.0,2.1,2.1,1,1,5,2.8,28.0,1,1,17.0,0.19,0.26,0.26,0.19,2.0,0.09,0.09,0.46,0.0,1.58,3.0,0.09,1.0,43.0,1920
1.0,0.3,0.3,0,0,2,0.8,12.0,0,0,7.0,0.03,0.07,0.07,0.03,0.0,0.0,0.0,0.18,1.0,0.64,0.0,0.0,5.0,20.0,1819
0.0,1.6,1.6,1,1,5,2.1,23.0,1,1,17.0,0.07,0.09,0.09,0.07,1.0,0.04,0.04,0.22,1.0,0.75,4.0,0.04,1.0,32.0,1920
0.0,0.8,0.8,1,1,2,0.8,9.0,1,1,6.0,0.32,0.32,0.32,0.32,0.0,0.38,0.38,0.77,0.0,2.31,1.0,0.38,1.0,3.0,2122
0.0,1.2,1.2,0,0,2,1.3,15.0,0,0,9.0,0.19,0.22,0.22,0.19,0.0,0.0,0.0,0.33,1.0,1.51,1.0,0.0,0.0,13.0,2223
1.0,2.2,2.2,2,2,9,3.1,16.0,2,2,25.0,0.08,0.11,0.11,0.08,2.0,0.07,0.07,0.32,0.0,0.89,1.0,0.07,2.0,38.0,2223
0.0,0.8,0.8,1,1,2,1.2,14.0,1,3,19.0,0.05,0.08,0.08,0.05,0.0,0.2,0.07,0.13,0.0,1.27,1.0,0.2,4.0,29.0,2324
4.0,0.8,0.8,1,1,4,3.5,4.0,1,4,17.0,0.07,0.31,0.31,0.07,1.0,0.36,0.09,0.36,1.0,1.54,0.0,0.36,2.0,24.0,1920
0.0,4.6,4.6,4,4,17,7.0,30.0,4,5,45.0,0.16,0.24,0.24,0.16,1.0,0.17,0.14,0.59,2.0,1.56,4.0,0.17,2.0,76.0,2021
1.0,1.6,1.6,0,0,11,2.5,24.0,0,2,16.0,0.15,0.23,0.23,0.15,0.0,0.18,0.0,1.01,0.0,1.47,2.0,0.18,2.0,44.0,2122
0.0,1.8,1.8,1,1,5,2.2,17.0,1,1,11.0,0.32,0.39,0.39,0.32,0.0,0.18,0.18,0.88,1.0,1.93,0.0,0.18,1.0,29.0,2223
2.0,0.4,0.4,1,1,2,2.3,14.0,1,2,7.0,0.01,0.09,0.09,0.01,5.0,0.08,0.04,0.08,1.0,0.26,1.0,0.08,2.0,100.0,2122
1.0,1.0,1.0,2,2,4,4.8,21.0,2,7,11.0,0.03,0.14,0.14,0.03,1.0,0.21,0.06,0.12,1.0,0.32,1.0,0.21,5.0,153.0,2223
0.0,0.5,0.5,1,1,3,2.5,9.0,1,2,10.0,0.02,0.09,0.09,0.02,7.0,0.07,0.04,0.11,1.0,0.37,1.0,0.07,1.0,99.0,2324
2.0,2.4,2.4,4,4,12,4.2,46.0,4,4,33.0,0.12,0.21,0.21,0.12,0.0,0.2,0.2,0.61,1.0,1.68,5.0,0.2,14.0,94.0,2223
0.0,2.1,2.1,2,2,6,3.1,26.0,2,2,14.0,0.25,0.38,0.38,0.25,0.0,0.24,0.24,0.72,2.0,1.69,1.0,0.24,6.0,40.0,2324
1.0,0.9,0.9,0,0,3,1.5,19.0,0,0,15.0,0.15,0.27,0.27,0.15,1.0,0.0,0.0,0.52,1.0,2.61,3.0,0.0,5.0,54.0,2324
2.0,3.2,3.2,4,4,8,5.2,55.0,4,6,48.0,0.13,0.21,0.21,0.13,0.0,0.24,0.16,0.32,2.0,1.93,4.0,0.24,9.0,62.0,2122
0.0,1.4,1.4,2,2,5,1.7,17.0,2,2,20.0,0.15,0.17,0.17,0.15,0.0,0.2,0.2,0.51,0.0,2.04,3.0,0.2,0.0,22.0,2223
2.0,0.2,0.2,0,0,4,0.4,5.0,0,0,5.0,0.06,0.12,0.12,0.06,2.0,0.0,0.0,1.13,0.0,1.41,1.0,0.0,1.0,10.0,2324
0.0,0.4,0.4,0,0,3,0.9,6.0,0,0,14.0,0.03,0.06,0.06,0.03,1.0,0.0,0.0,0.22,0.0,1.03,0.0,0.0,2.0,17.0,2324
1.0,1.4,1.4,2,2,2,2.7,26.0,2,2,12.0,0.05,0.1,0.1,0.05,0.0,0.08,0.08,0.08,1.0,0.46,0.0,0.08,1.0,14.0,1819
1.0,1.0,1.0,1,1,1,1.8,4.0,1,1,2.0,0.06,0.12,0.12,0.06,1.0,0.07,0.07,0.07,0.0,0.13,0.0,0.07,0.0,2.0,1920
0.0,0.7,0.7,1,1,1,1.7,24.0,1,2,9.0,0.03,0.06,0.06,0.03,0.0,0.07,0.03,0.03,2.0,0.31,1.0,0.07,2.0,9.0,2021
1.0,1.2,1.2,3,3,10,2.5,18.0,3,4,34.0,0.04,0.08,0.08,0.04,3.0,0.13,0.1,0.32,0.0,1.09,3.0,0.13,6.0,41.0,1819
1.0,1.0,1.0,1,1,7,2.5,19.0,1,4,16.0,0.03,0.08,0.08,0.03,1.0,0.13,0.03,0.23,1.0,0.53,0.0,0.13,9.0,34.0,1920
0.0,1.3,1.3,1,1,4,3.3,26.0,1,2,22.0,0.04,0.1,0.1,0.04,0.0,0.06,0.03,0.13,0.0,0.7,3.0,0.06,7.0,52.0,2021
0.0,0.3,0.3,0,0,1,0.4,6.0,0,0,2.0,0.02,0.03,0.03,0.02,0.0,0.0,0.0,0.08,0.0,0.15,0.0,0.0,2.0,19.0,2122
2.0,5.5,4.8,5,5,11,7.0,86.0,5,6,45.0,0.16,0.22,0.2,0.14,3.0,0.18,0.15,0.32,4.0,1.32,3.0,0.18,3.0,54.0,2122
7.0,4.0,4.0,2,2,13,6.0,71.0,2,5,34.0,0.13,0.19,0.19,0.13,2.0,0.16,0.06,0.42,2.0,1.09,8.0,0.16,0.0,52.0,2223
9.0,6.7,6.7,7,7,15,8.4,72.0,7,9,43.0,0.21,0.26,0.26,0.21,1.0,0.28,0.22,0.47,10.0,1.35,4.0,0.28,2.0,39.0,2324
4.0,1.4,1.4,0,0,9,6.7,14.0,0,4,30.0,0.06,0.27,0.27,0.06,5.0,0.16,0.0,0.36,1.0,1.22,1.0,0.16,4.0,39.0,1819
3.0,3.3,3.3,4,4,20,8.4,36.0,4,9,57.0,0.11,0.29,0.29,0.11,10.0,0.31,0.14,0.68,2.0,1.93,4.0,0.31,5.0,73.0,1920
1.0,2.3,2.3,3,3,12,9.1,26.0,3,13,34.0,0.1,0.39,0.39,0.1,3.0,0.55,0.13,0.51,1.0,1.45,5.0,0.55,9.0,47.0,2021
2.0,2.2,2.2,1,1,12,5.4,23.0,1,4,46.0,0.09,0.23,0.23,0.09,4.0,0.17,0.04,0.51,0.0,1.97,0.0,0.17,4.0,38.0,2122
1.0,1.4,1.4,2,2,11,5.9,18.0,2,6,31.0,0.06,0.24,0.24,0.06,8.0,0.25,0.08,0.46,0.0,1.29,3.0,0.25,3.0,38.0,2223
1.0,0.4,0.4,1,1,2,0.7,5.0,1,1,4.0,0.09,0.13,0.13,0.09,0.0,0.19,0.19,0.38,0.0,0.77,0.0,0.19,0.0,15.0,1920
0.0,0.7,0.7,1,1,2,0.8,6.0,1,1,2.0,0.08,0.1,0.1,0.08,1.0,0.12,0.12,0.25,1.0,0.25,0.0,0.12,1.0,30.0,2021
0.0,0.8,0.8,1,1,1,1.8,18.0,1,1,9.0,0.08,0.18,0.18,0.08,1.0,0.1,0.1,0.1,4.0,0.89,0.0,0.1,2.0,47.0,2223
0.0,0.2,0.2,0,0,1,1.6,17.0,0,1,5.0,0.01,0.09,0.09,0.01,0.0,0.06,0.0,0.06,2.0,0.29,1.0,0.06,8.0,110.0,2324
2.0,1.1,1.1,0,0,5,2.7,38.0,0,1,19.0,0.07,0.18,0.18,0.07,0.0,0.07,0.0,0.33,3.0,1.26,1.0,0.07,25.0,85.0,1920
1.0,0.8,0.8,2,2,5,1.9,30.0,2,2,15.0,0.07,0.18,0.18,0.07,3.0,0.19,0.19,0.46,3.0,1.39,0.0,0.19,12.0,67.0,2021
0.0,1.0,1.0,1,1,3,2.6,44.0,1,4,17.0,0.11,0.26,0.26,0.11,0.0,0.4,0.1,0.3,7.0,1.71,0.0,0.4,20.0,91.0,2223
2.0,0.7,0.7,1,1,4,1.1,19.0,1,1,16.0,0.03,0.05,0.05,0.03,0.0,0.04,0.04,0.17,3.0,0.69,3.0,0.04,1.0,3.0,2223
1.0,0.7,0.7,2,2,5,0.8,29.0,2,2,14.0,0.04,0.05,0.05,0.04,1.0,0.11,0.11,0.28,0.0,0.78,4.0,0.11,1.0,5.0,2324
1.0,0.4,0.4,1,1,2,0.7,15.0,1,1,5.0,0.04,0.06,0.06,0.04,3.0,0.09,0.09,0.18,1.0,0.46,0.0,0.09,0.0,23.0,2223
0.0,1.6,1.6,1,1,5,2.8,22.0,1,4,10.0,0.05,0.09,0.09,0.05,1.0,0.13,0.03,0.16,2.0,0.32,3.0,0.13,2.0,11.0,2324
4.0,1.6,1.6,1,1,9,7.9,39.0,1,13,29.0,0.06,0.29,0.29,0.06,13.0,0.48,0.04,0.33,4.0,1.06,2.0,0.48,7.0,174.0,1819
2.0,2.8,2.8,4,4,13,13.7,54.0,4,17,44.0,0.08,0.39,0.39,0.08,7.0,0.48,0.11,0.37,3.0,1.25,6.0,0.48,16.0,226.0,1920
2.0,2.6,2.6,2,2,12,11.2,81.0,2,9,55.0,0.08,0.33,0.33,0.08,12.0,0.27,0.06,0.36,5.0,1.63,7.0,0.27,24.0,249.0,2021
3.0,2.4,2.4,2,2,8,13.8,44.0,2,11,40.0,0.07,0.43,0.43,0.07,4.0,0.34,0.06,0.25,5.0,1.23,5.0,0.34,8.0,139.0,2223
3.0,2.6,2.3,3,3,8,9.5,34.0,3,7,47.0,0.11,0.41,0.4,0.1,6.0,0.29,0.13,0.33,2.0,1.96,6.0,0.29,7.0,97.0,2324
3.0,1.6,1.6,2,2,3,2.2,20.0,2,4,15.0,0.06,0.09,0.09,0.06,1.0,0.16,0.08,0.12,0.0,0.6,0.0,0.16,3.0,20.0,2021
1.0,0.9,0.9,0,0,2,1.2,23.0,0,0,9.0,0.05,0.06,0.06,0.05,0.0,0.0,0.0,0.11,0.0,0.5,2.0,0.0,1.0,27.0,2223
0.0,0.2,0.2,1,1,2,0.3,4.0,1,1,2.0,0.02,0.02,0.02,0.02,1.0,0.09,0.09,0.19,0.0,0.19,0.0,0.09,2.0,9.0,2324
3.0,0.8,0.8,0,0,2,2.0,12.0,0,1,7.0,0.08,0.19,0.19,0.08,0.0,0.1,0.0,0.2,0.0,0.69,2.0,0.1,1.0,2.0,2425
0.0,0.4,0.4,1,1,3,2.6,15.0,1,4,8.0,0.03,0.18,0.18,0.03,1.0,0.27,0.07,0.2,2.0,0.54,0.0,0.27,1.0,78.0,1819
0.0,0.4,0.4,0,0,1,1.8,15.0,0,1,9.0,0.04,0.18,0.18,0.04,0.0,0.1,0.0,0.1,0.0,0.91,1.0,0.1,0.0,48.0,1920
0.0,0.8,0.8,2,2,4,3.3,24.0,2,6,20.0,0.07,0.27,0.27,0.07,0.0,0.5,0.17,0.33,1.0,1.67,1.0,0.5,0.0,74.0,2122
10.0,9.5,8.7,9,9,29,13.4,133.0,8,14,63.0,0.34,0.5,0.47,0.31,2.0,0.5,0.32,1.03,13.0,2.23,8.0,0.46,12.0,161.0,1819
0.0,10.5,5.8,10,10,16,9.3,103.0,5,12,39.0,0.42,0.57,0.38,0.23,0.0,0.49,0.4,0.65,12.0,1.58,4.0,0.28,3.0,104.0,1920
0.0,3.8,3.8,2,2,12,5.9,65.0,2,3,35.0,0.29,0.46,0.46,0.29,0.0,0.23,0.15,0.93,4.0,2.7,3.0,0.23,14.0,79.0,2021
1.0,2.3,2.3,2,2,3,3.1,27.0,2,3,17.0,0.08,0.1,0.1,0.08,2.0,0.1,0.07,0.1,1.0,0.56,2.0,0.1,2.0,17.0,2223
0.0,0.1,0.1,0,0,1,1.1,6.0,0,2,2.0,0.01,0.13,0.13,0.01,0.0,0.25,0.0,0.12,0.0,0.25,0.0,0.25,0.0,12.0,1819
1.0,0.4,0.4,0,0,1,1.0,11.0,0,0,7.0,0.04,0.1,0.1,0.04,1.0,0.0,0.0,0.09,0.0,0.66,2.0,0.0,2.0,49.0,1920
0.0,1.3,1.3,1,1,4,2.2,19.0,1,2,7.0,0.07,0.11,0.11,0.07,1.0,0.1,0.05,0.19,2.0,0.34,0.0,0.1,3.0,70.0,2021
2.0,0.6,0.6,0,0,1,1.8,35.0,0,2,6.0,0.02,0.05,0.05,0.02,3.0,0.06,0.0,0.03,2.0,0.19,0.0,0.06,4.0,90.0,2223
1.0,1.6,1.6,1,1,5,3.3,51.0,1,4,21.0,0.05,0.09,0.09,0.05,2.0,0.11,0.03,0.14,1.0,0.59,3.0,0.11,2.0,17.0,2122
0.0,3.1,3.1,2,2,4,5.0,28.0,2,6,19.0,0.14,0.23,0.23,0.14,1.0,0.28,0.09,0.19,3.0,0.89,1.0,0.28,5.0,42.0,2223
0.0,0.3,0.3,0,0,1,1.2,20.0,0,1,5.0,0.02,0.1,0.1,0.02,0.0,0.08,0.0,0.08,3.0,0.41,0.0,0.08,6.0,35.0,2324
5.0,2.7,1.1,6,6,7,3.6,7.0,4,8,29.0,0.16,0.31,0.22,0.07,5.0,0.47,0.35,0.41,0.0,1.71,1.0,0.35,1.0,31.0,1920
8.0,5.9,2.8,5,5,17,9.6,38.0,3,10,52.0,0.25,0.53,0.4,0.12,7.0,0.42,0.21,0.71,1.0,2.16,10.0,0.33,5.0,76.0,2021
12.0,7.1,3.9,8,8,34,9.8,56.0,5,15,77.0,0.26,0.48,0.37,0.15,4.0,0.56,0.3,1.27,2.0,2.87,5.0,0.45,12.0,122.0,2122
3.0,0.4,0.4,1,1,1,0.4,2.0,1,1,1.0,0.47,0.47,0.47,0.47,1.0,1.1,1.1,1.1,4.0,1.1,0.0,1.1,1.0,6.0,2223
0.0,3.6,3.6,3,3,10,4.7,60.0,3,4,33.0,0.3,0.39,0.39,0.3,0.0,0.33,0.25,0.84,27.0,2.76,4.0,0.33,10.0,74.0,2324
0.0,0.5,0.5,0,0,3,1.6,9.0,0,2,15.0,0.04,0.14,0.14,0.04,1.0,0.18,0.0,0.27,0.0,1.34,0.0,0.18,2.0,27.0,2324
0.0,0.3,0.3,0,0,1,1.0,18.0,0,1,6.0,0.01,0.04,0.04,0.01,1.0,0.04,0.0,0.04,0.0,0.27,1.0,0.04,0.0,15.0,1819
1.0,0.2,0.2,0,0,2,0.3,8.0,0,1,5.0,0.01,0.02,0.02,0.01,0.0,0.05,0.0,0.11,0.0,0.26,0.0,0.05,0.0,3.0,2223
0.0,0.1,0.1,1,1,1,0.1,7.0,1,1,2.0,0.02,0.02,0.02,0.02,0.0,0.16,0.16,0.16,0.0,0.32,0.0,0.16,0.0,1.0,2324
3.0,0.9,0.9,1,1,9,4.1,11.0,1,5,28.0,0.05,0.2,0.2,0.05,0.0,0.25,0.05,0.45,1.0,1.41,2.0,0.25,1.0,25.0,1920
0.0,1.1,1.1,3,3,10,2.8,14.0,3,3,25.0,0.07,0.18,0.18,0.07,0.0,0.19,0.19,0.63,1.0,1.58,3.0,0.19,4.0,14.0,2021
1.0,1.1,1.1,0,0,7,2.6,18.0,0,0,19.0,0.09,0.2,0.2,0.09,2.0,0.0,0.0,0.54,5.0,1.47,1.0,0.0,3.0,36.0,2122
1.0,1.3,1.3,1,1,10,2.7,22.0,1,3,26.0,0.09,0.19,0.19,0.09,2.0,0.22,0.07,0.72,2.0,1.87,1.0,0.22,5.0,43.0,2223
3.0,1.1,1.1,1,1,5,3.7,16.0,1,3,32.0,0.05,0.16,0.16,0.05,1.0,0.13,0.04,0.21,3.0,1.37,4.0,0.13,2.0,59.0,2324
0.0,1.1,1.1,0,0,3,1.5,15.0,0,0,12.0,0.09,0.13,0.13,0.09,0.0,0.0,0.0,0.25,0.0,1.02,1.0,0.0,0.0,2.0,1819
1.0,0.7,0.7,0,0,3,0.7,15.0,0,0,8.0,0.04,0.04,0.04,0.04,1.0,0.0,0.0,0.17,0.0,0.46,0.0,0.0,1.0,4.0,1920
0.0,1.8,1.8,1,1,5,2.1,16.0,1,2,12.0,0.08,0.09,0.09,0.08,0.0,0.09,0.04,0.21,1.0,0.51,1.0,0.09,0.0,1.0,2021
0.0,0.8,0.8,0,0,1,1.0,10.0,0,0,6.0,0.12,0.15,0.15,0.12,0.0,0.0,0.0,0.14,0.0,0.87,0.0,0.0,0.0,3.0,2122
1.0,1.2,1.2,0,0,5,1.3,22.0,0,0,15.0,0.03,0.04,0.04,0.03,0.0,0.0,0.0,0.14,1.0,0.43,0.0,0.0,1.0,5.0,2223
0.0,1.4,1.4,1,1,5,2.2,39.0,1,1,22.0,0.05,0.07,0.07,0.05,0.0,0.03,0.03,0.16,0.0,0.71,2.0,0.03,2.0,2.0,2324
0.0,0.9,0.9,0,0,2,1.6,23.0,0,0,20.0,0.03,0.06,0.06,0.03,0.0,0.0,0.0,0.08,0.0,0.76,0.0,0.0,1.0,20.0,2122
0.0,0.5,0.5,0,0,2,1.3,11.0,0,2,4.0,0.04,0.08,0.08,0.04,0.0,0.13,0.0,0.13,1.0,0.26,1.0,0.13,3.0,8.0,2425
1.0,0.9,0.9,0,0,1,1.3,14.0,0,0,16.0,0.07,0.1,0.1,0.07,1.0,0.0,0.0,0.07,1.0,1.19,1.0,0.0,0.0,15.0,2122
0.0,4.7,3.1,4,4,4,4.7,30.0,2,5,19.0,0.44,0.58,0.44,0.29,0.0,0.47,0.37,0.37,9.0,1.77,2.0,0.28,3.0,73.0,2021
1.0,0.5,0.5,0,0,2,0.6,11.0,0,0,9.0,0.08,0.1,0.1,0.08,0.0,0.0,0.0,0.32,0.0,1.46,2.0,0.0,2.0,17.0,2324
0.0,2.3,2.3,2,2,7,4.0,41.0,2,5,23.0,0.18,0.31,0.31,0.18,0.0,0.38,0.15,0.54,3.0,1.77,1.0,0.38,18.0,75.0,2324
0.0,0.2,0.2,0,0,2,1.2,3.0,0,1,4.0,0.04,0.31,0.31,0.04,0.0,0.25,0.0,0.5,1.0,1.01,0.0,0.25,1.0,35.0,1819
2.0,0.2,0.2,0,0,1,0.8,8.0,0,0,5.0,0.06,0.19,0.19,0.06,0.0,0.0,0.0,0.25,1.0,1.27,0.0,0.0,1.0,31.0,1920
1.0,1.6,1.6,2,2,5,3.2,45.0,2,5,18.0,0.05,0.1,0.1,0.05,1.0,0.15,0.06,0.15,3.0,0.53,2.0,0.15,6.0,86.0,2324
0.0,2.3,1.6,0,0,9,3.8,30.0,0,2,36.0,0.12,0.23,0.19,0.08,1.0,0.1,0.0,0.45,0.0,1.81,5.0,0.1,5.0,40.0,1920
0.0,0.7,0.7,1,1,6,1.7,15.0,1,3,17.0,0.03,0.08,0.08,0.03,1.0,0.14,0.05,0.29,1.0,0.81,3.0,0.14,3.0,44.0,2021
1.0,2.4,2.4,0,0,9,3.8,25.0,0,1,28.0,0.1,0.16,0.16,0.1,2.0,0.04,0.0,0.37,0.0,1.15,4.0,0.04,5.0,79.0,2122
0.0,1.7,1.7,1,1,4,4.4,41.0,1,3,22.0,0.05,0.13,0.13,0.05,0.0,0.09,0.03,0.12,0.0,0.65,1.0,0.09,9.0,72.0,2223
0.0,1.0,1.0,0,0,3,3.5,17.0,0,3,16.0,0.03,0.11,0.11,0.03,4.0,0.1,0.0,0.1,3.0,0.52,0.0,0.1,8.0,121.0,1718
0.0,0.6,0.6,0,0,3,1.6,12.0,0,4,14.0,0.04,0.1,0.1,0.04,0.0,0.25,0.0,0.18,2.0,0.86,0.0,0.25,6.0,79.0,1819
0.0,2.3,2.3,2,2,4,3.4,28.0,2,2,15.0,0.16,0.25,0.25,0.16,3.0,0.15,0.15,0.29,3.0,1.09,1.0,0.15,11.0,71.0,2021
0.0,0.4,0.4,0,0,2,3.1,23.0,0,3,7.0,0.03,0.21,0.21,0.03,4.0,0.2,0.0,0.13,1.0,0.46,2.0,0.2,8.0,84.0,2223
0.0,1.7,1.7,0,0,4,4.7,33.0,0,4,17.0,0.08,0.21,0.21,0.08,6.0,0.18,0.0,0.18,1.0,0.77,1.0,0.18,10.0,106.0,2324
0.0,0.4,0.4,1,1,2,1.2,27.0,1,1,4.0,0.03,0.08,0.08,0.03,1.0,0.07,0.07,0.14,1.0,0.27,1.0,0.07,8.0,76.0,2324
10.0,7.3,7.3,4,4,19,8.9,106.0,4,7,54.0,0.39,0.48,0.48,0.39,3.0,0.37,0.21,1.02,20.0,2.89,4.0,0.37,7.0,132.0,2324
3.0,5.8,4.3,3,3,12,6.9,61.0,1,5,39.0,0.3,0.43,0.35,0.22,3.0,0.25,0.15,0.61,5.0,1.98,7.0,0.15,9.0,140.0,1920
0.0,1.9,1.9,3,3,10,3.6,28.0,3,6,24.0,0.17,0.32,0.32,0.17,1.0,0.54,0.27,0.9,1.0,2.16,2.0,0.54,3.0,82.0,2021
0.0,0.6,0.6,0,0,4,1.2,9.0,0,1,9.0,0.18,0.34,0.34,0.18,0.0,0.29,0.0,1.16,0.0,2.61,1.0,0.29,0.0,23.0,2122
0.0,0.8,0.8,0,0,1,1.0,9.0,0,0,11.0,0.17,0.22,0.22,0.17,0.0,0.0,0.0,0.21,0.0,2.36,1.0,0.0,2.0,24.0,2122
2.0,0.7,0.7,2,2,2,1.5,23.0,2,2,5.0,0.12,0.26,0.26,0.12,0.0,0.36,0.36,0.36,3.0,0.89,0.0,0.36,7.0,54.0,2324
0.0,0.8,0.8,1,1,2,1.1,7.0,1,1,9.0,0.06,0.07,0.07,0.06,0.0,0.07,0.07,0.13,0.0,0.6,2.0,0.07,1.0,5.0,1819
0.0,0.2,0.2,0,0,1,0.2,2.0,0,0,5.0,0.02,0.02,0.02,0.02,0.0,0.0,0.0,0.08,0.0,0.41,1.0,0.0,0.0,3.0,1920
0.0,0.5,0.5,0,0,1,0.6,6.0,0,0,4.0,0.05,0.06,0.06,0.05,0.0,0.0,0.0,0.1,0.0,0.4,1.0,0.0,2.0,16.0,2021
0.0,0.9,0.9,0,0,2,1.6,14.0,0,1,12.0,0.09,0.16,0.16,0.09,0.0,0.1,0.0,0.19,1.0,1.15,1.0,0.1,2.0,54.0,1920
2.0,0.5,0.5,0,0,1,1.2,6.0,0,0,11.0,0.12,0.31,0.31,0.12,2.0,0.0,0.0,0.25,0.0,2.8,1.0,0.0,2.0,23.0,1819
0.0,1.7,0.9,2,2,4,3.1,17.0,1,4,15.0,0.14,0.32,0.26,0.08,0.0,0.33,0.16,0.33,3.0,1.23,2.0,0.25,4.0,72.0,1819
2.0,4.8,4.8,8,8,19,7.9,101.0,8,10,53.0,0.2,0.33,0.33,0.2,4.0,0.41,0.33,0.79,5.0,2.2,4.0,0.41,5.0,111.0,1819
3.0,1.3,1.3,2,2,4,4.1,40.0,2,6,20.0,0.09,0.27,0.27,0.09,0.0,0.4,0.13,0.27,2.0,1.33,1.0,0.4,4.0,97.0,1920
4.0,2.2,2.2,3,3,4,2.2,20.0,3,3,9.0,0.23,0.23,0.23,0.23,3.0,0.32,0.32,0.42,2.0,0.95,0.0,0.32,4.0,38.0,2021
2.0,4.4,4.4,4,4,16,7.3,54.0,4,7,32.0,0.2,0.33,0.33,0.2,0.0,0.32,0.18,0.73,7.0,1.46,3.0,0.32,1.0,95.0,2122
3.0,2.4,2.4,1,1,8,5.9,51.0,1,5,26.0,0.1,0.24,0.24,0.1,1.0,0.2,0.04,0.33,3.0,1.06,2.0,0.2,9.0,175.0,2223
7.0,12.4,11.8,10,10,19,13.2,90.0,9,12,52.0,0.62,0.69,0.66,0.59,2.0,0.6,0.5,0.95,25.0,2.59,4.0,0.55,5.0,111.0,1819
0.0,5.4,4.7,7,7,12,7.1,43.0,6,9,27.0,0.39,0.57,0.51,0.33,0.0,0.64,0.5,0.86,13.0,1.93,3.0,0.57,5.0,75.0,1920
5.0,3.2,3.2,1,1,8,3.8,63.0,1,1,31.0,0.34,0.41,0.41,0.34,3.0,0.11,0.11,0.87,15.0,3.35,5.0,0.11,4.0,79.0,2021
15.0,0.4,0.4,0,0,2,0.4,9.0,0,0,4.0,0.17,0.17,0.17,0.17,3.0,0.0,0.0,0.84,1.0,1.67,0.0,0.0,1.0,23.0,2122
7.0,12.5,8.6,15,15,25,10.6,112.0,11,18,71.0,0.38,0.45,0.33,0.26,2.0,0.55,0.46,0.77,29.0,2.18,7.0,0.43,10.0,152.0,2223
7.0,10.4,8.0,7,7,21,10.6,116.0,6,9,62.0,0.4,0.5,0.41,0.31,2.0,0.35,0.27,0.81,31.0,2.4,6.0,0.31,8.0,134.0,2324
0.0,3.8,3.8,1,1,4,4.8,33.0,1,3,21.0,0.13,0.16,0.16,0.13,0.0,0.1,0.03,0.14,1.0,0.71,1.0,0.1,1.0,26.0,1920
0.0,0.3,0.3,0,0,2,2.6,13.0,0,3,6.0,0.01,0.1,0.1,0.01,1.0,0.12,0.0,0.08,1.0,0.23,2.0,0.12,2.0,74.0,2324
1.0,0.7,0.7,1,1,1,1.9,14.0,1,2,8.0,0.02,0.06,0.06,0.02,0.0,0.07,0.03,0.03,0.0,0.28,1.0,0.07,0.0,2.0,1819
0.0,0.2,0.2,0,0,2,0.8,10.0,0,2,3.0,0.01,0.03,0.03,0.01,0.0,0.08,0.0,0.08,2.0,0.11,0.0,0.08,3.0,3.0,2122
0.0,0.8,0.8,1,1,4,1.1,15.0,1,2,6.0,0.05,0.07,0.07,0.05,0.0,0.14,0.07,0.27,3.0,0.41,0.0,0.14,0.0,17.0,2324
14.0,10.6,10.6,10,10,24,13.1,106.0,10,13,66.0,0.61,0.75,0.75,0.61,2.0,0.74,0.57,1.37,20.0,3.78,4.0,0.74,27.0,100.0,2021
26.0,10.5,10.5,14,14,29,12.4,142.0,14,16,91.0,0.48,0.56,0.56,0.48,4.0,0.73,0.64,1.32,19.0,4.13,4.0,0.73,24.0,178.0,2122
15.0,21.3,18.9,26,26,52,21.8,232.0,24,30,132.0,0.75,0.85,0.76,0.66,3.0,1.05,0.91,1.82,32.0,4.63,11.0,0.98,27.0,196.0,2223
0.0,1.0,1.0,1,1,2,1.0,5.0,1,1,7.0,0.17,0.18,0.18,0.17,0.0,0.17,0.17,0.35,0.0,1.22,0.0,0.17,1.0,6.0,1819
0.0,0.3,0.3,1,1,2,1.7,14.0,1,4,8.0,0.02,0.12,0.12,0.02,0.0,0.27,0.07,0.14,0.0,0.54,0.0,0.27,2.0,35.0,2122
1.0,1.6,1.6,0,0,1,2.2,19.0,0,0,11.0,0.26,0.36,0.36,0.26,1.0,0.0,0.0,0.16,1.0,1.81,0.0,0.0,2.0,28.0,2223
0.0,0.9,0.9,1,1,4,1.7,13.0,1,2,11.0,0.14,0.25,0.25,0.14,0.0,0.29,0.15,0.59,2.0,1.62,0.0,0.29,1.0,24.0,2324
2.0,6.2,6.2,8,8,15,12.1,104.0,8,15,44.0,0.27,0.53,0.53,0.27,5.0,0.66,0.35,0.66,4.0,1.93,4.0,0.66,31.0,226.0,2324
0.0,0.1,0.1,0,0,1,0.6,1.0,0,0,2.0,0.01,0.06,0.06,0.01,2.0,0.0,0.0,0.1,0.0,0.2,0.0,0.0,0.0,21.0,1819
0.0,0.2,0.2,0,0,2,1.1,7.0,0,0,6.0,0.01,0.04,0.04,0.01,0.0,0.0,0.0,0.08,0.0,0.23,0.0,0.0,2.0,103.0,2021
1.0,0.6,0.6,0,0,2,0.8,9.0,0,0,6.0,0.06,0.08,0.08,0.06,0.0,0.0,0.0,0.2,1.0,0.59,0.0,0.0,0.0,14.0,2021
5.0,5.9,1.9,6,6,6,4.2,23.0,2,8,31.0,0.23,0.33,0.17,0.08,1.0,0.32,0.24,0.24,3.0,1.23,7.0,0.16,4.0,73.0,2324
4.0,1.5,0.7,1,1,2,1.3,13.0,0,3,14.0,0.4,0.56,0.35,0.19,8.0,0.81,0.27,0.54,1.0,3.76,2.0,0.54,1.0,36.0,1819
0.0,3.5,2.7,4,4,17,9.1,56.0,3,12,48.0,0.19,0.54,0.49,0.15,0.0,0.67,0.22,0.95,6.0,2.67,10.0,0.61,22.0,112.0,1920
9.0,8.1,4.9,9,9,23,12.0,69.0,5,19,54.0,0.31,0.59,0.47,0.19,7.0,0.74,0.35,0.89,2.0,2.1,8.0,0.58,22.0,153.0,2021
15.0,8.7,4.0,9,9,18,11.4,74.0,4,16,62.0,0.28,0.52,0.37,0.13,5.0,0.52,0.29,0.58,1.0,2.01,10.0,0.36,21.0,165.0,2122
8.0,10.3,3.9,15,15,25,9.4,65.0,8,20,58.0,0.39,0.59,0.35,0.14,8.0,0.75,0.56,0.93,5.0,2.17,8.0,0.49,18.0,124.0,2223
8.0,7.7,3.0,8,8,12,11.2,64.0,2,16,42.0,0.3,0.62,0.43,0.12,11.0,0.62,0.31,0.46,6.0,1.63,3.0,0.39,24.0,148.0,2324
3.0,4.3,4.3,3,3,17,7.7,144.0,3,4,38.0,0.28,0.51,0.51,0.28,3.0,0.26,0.2,1.12,9.0,2.51,6.0,0.26,69.0,224.0,1920
17.0,6.5,6.5,3,3,13,11.3,125.0,3,6,40.0,0.3,0.52,0.52,0.3,10.0,0.27,0.14,0.59,8.0,1.83,3.0,0.27,48.0,283.0,2021
10.0,12.3,12.3,17,17,42,20.3,228.0,17,27,80.0,0.41,0.68,0.68,0.41,9.0,0.9,0.57,1.41,26.0,2.68,9.0,0.9,110.0,485.0,2122
15.0,10.5,10.5,10,10,36,19.9,260.0,10,19,77.0,0.34,0.63,0.63,0.34,5.0,0.61,0.32,1.15,23.0,2.45,11.0,0.61,140.0,495.0,2223
11.0,13.1,12.3,15,15,38,16.6,193.0,14,20,77.0,0.63,0.84,0.8,0.59,8.0,0.97,0.72,1.83,10.0,3.72,8.0,0.92,88.0,277.0,2324
1.0,0.8,0.8,1,1,4,1.4,20.0,1,2,10.0,0.03,0.05,0.05,0.03,0.0,0.07,0.04,0.15,0.0,0.37,2.0,0.07,2.0,14.0,2223
2.0,0.5,0.5,0,0,3,1.8,26.0,0,0,10.0,0.02,0.06,0.06,0.02,0.0,0.0,0.0,0.1,0.0,0.34,2.0,0.0,7.0,72.0,2223
1.0,2.4,2.4,3,3,5,3.8,36.0,3,4,14.0,0.1,0.15,0.15,0.1,3.0,0.16,0.12,0.2,2.0,0.57,3.0,0.16,2.0,28.0,2223
1.0,1.8,1.8,1,1,7,6.5,72.0,1,4,21.0,0.05,0.19,0.19,0.05,3.0,0.12,0.03,0.21,3.0,0.62,3.0,0.12,3.0,81.0,2324
2.0,4.0,4.0,2,2,9,4.2,42.0,2,2,25.0,0.77,0.8,0.8,0.77,3.0,0.39,0.39,1.75,4.0,4.85,2.0,0.39,2.0,41.0,2223
3.0,3.0,3.0,2,2,11,6.1,38.0,2,5,31.0,0.11,0.22,0.22,0.11,2.0,0.18,0.07,0.4,0.0,1.14,4.0,0.18,5.0,94.0,2223
7.0,5.1,5.1,3,3,9,8.0,72.0,3,5,37.0,0.5,0.78,0.78,0.5,4.0,0.49,0.29,0.88,6.0,3.61,3.0,0.49,9.0,84.0,2324
2.0,3.1,3.1,7,7,19,6.3,50.0,7,11,45.0,0.13,0.27,0.27,0.13,0.0,0.47,0.3,0.8,1.0,1.9,0.0,0.47,11.0,122.0,2324
5.0,1.1,1.1,2,2,5,1.3,21.0,2,2,14.0,0.36,0.4,0.4,0.36,1.0,0.63,0.63,1.58,2.0,4.42,0.0,0.63,4.0,21.0,2324
2.0,3.4,1.8,5,5,12,4.4,32.0,3,6,25.0,0.15,0.27,0.2,0.08,3.0,0.26,0.22,0.53,0.0,1.1,2.0,0.18,9.0,57.0,2425
0.0,0.7,0.7,1,1,4,1.5,29.0,1,1,6.0,0.09,0.19,0.19,0.09,1.0,0.13,0.13,0.52,2.0,0.78,0.0,0.13,13.0,63.0,1718
3.0,0.9,0.9,0,0,1,1.9,26.0,0,1,8.0,0.11,0.23,0.23,0.11,2.0,0.12,0.0,0.12,2.0,0.96,1.0,0.12,9.0,56.0,1819
0.0,2.8,2.8,3,3,10,4.5,50.0,3,5,16.0,0.2,0.33,0.33,0.2,0.0,0.37,0.22,0.73,8.0,1.17,3.0,0.37,16.0,89.0,1920
0.0,1.0,1.0,1,1,6,4.1,20.0,1,4,29.0,0.04,0.17,0.17,0.04,0.0,0.17,0.04,0.25,1.0,1.2,3.0,0.17,8.0,54.0,1819
0.0,0.7,0.7,0,0,4,1.8,8.0,0,0,8.0,0.16,0.43,0.43,0.16,0.0,0.0,0.0,0.95,1.0,1.91,0.0,0.0,3.0,37.0,1819
0.0,1.3,1.3,2,2,3,1.7,17.0,2,3,12.0,0.06,0.08,0.08,0.06,0.0,0.15,0.1,0.15,1.0,0.59,2.0,0.15,2.0,9.0,2021
0.0,0.4,0.4,0,0,2,0.5,9.0,0,0,9.0,0.02,0.02,0.02,0.02,0.0,0.0,0.0,0.08,1.0,0.35,1.0,0.0,1.0,3.0,2122
0.0,0.8,0.8,0,0,4,2.9,30.0,0,4,11.0,0.03,0.12,0.12,0.03,1.0,0.16,0.0,0.16,2.0,0.45,1.0,0.16,5.0,119.0,2122
3.0,1.0,1.0,0,0,4,1.7,9.0,0,1,9.0,0.23,0.42,0.42,0.23,4.0,0.24,0.0,0.96,0.0,2.15,0.0,0.24,2.0,12.0,1819
1.0,3.1,3.1,3,3,14,7.7,42.0,3,7,43.0,0.12,0.31,0.31,0.12,6.0,0.28,0.12,0.56,2.0,1.72,5.0,0.28,8.0,106.0,1920
2.0,1.7,1.7,1,1,7,6.9,36.0,1,7,27.0,0.08,0.33,0.33,0.08,5.0,0.33,0.05,0.33,2.0,1.28,0.0,0.33,6.0,105.0,2021
0.0,1.9,1.9,2,2,9,5.2,20.0,2,7,24.0,0.09,0.26,0.26,0.09,0.0,0.35,0.1,0.45,4.0,1.21,4.0,0.35,0.0,69.0,2122
0.0,0.2,0.2,0,0,1,0.3,2.0,0,0,1.0,0.02,0.02,0.02,0.02,1.0,0.0,0.0,0.07,0.0,0.07,0.0,0.0,0.0,0.0,1819
5.0,1.4,1.4,1,1,4,2.9,27.0,1,1,21.0,0.1,0.21,0.21,0.1,4.0,0.07,0.07,0.29,2.0,1.51,0.0,0.07,8.0,51.0,1718
0.0,0.3,0.3,0,0,2,2.5,6.0,0,1,9.0,0.02,0.17,0.17,0.02,0.0,0.07,0.0,0.14,2.0,0.63,0.0,0.07,2.0,34.0,1920
1.0,0.7,0.7,0,0,2,0.7,18.0,0,0,9.0,0.04,0.04,0.04,0.04,0.0,0.0,0.0,0.1,0.0,0.44,1.0,0.0,0.0,1.0,2122
0.0,0.9,0.9,1,1,2,1.0,6.0,1,1,2.0,0.09,0.09,0.09,0.09,1.0,0.09,0.09,0.19,1.0,0.19,0.0,0.09,1.0,2.0,2223
1.0,0.4,0.4,0,0,1,0.9,2.0,0,2,5.0,0.05,0.1,0.1,0.05,0.0,0.22,0.0,0.11,0.0,0.54,1.0,0.22,0.0,9.0,2021
0.0,0.8,0.8,1,1,2,0.9,13.0,1,1,13.0,0.05,0.06,0.06,0.05,0.0,0.06,0.06,0.12,0.0,0.78,2.0,0.06,1.0,6.0,2122
0.0,1.5,1.5,2,2,4,1.6,9.0,2,2,4.0,0.06,0.07,0.07,0.06,0.0,0.08,0.08,0.17,3.0,0.17,0.0,0.08,0.0,3.0,2021
0.0,0.9,0.9,0,0,1,1.0,13.0,0,0,7.0,0.05,0.06,0.06,0.05,0.0,0.0,0.0,0.06,2.0,0.44,1.0,0.0,0.0,2.0,2122
0.0,0.5,0.5,0,0,2,1.3,13.0,0,2,12.0,0.03,0.09,0.09,0.03,1.0,0.14,0.0,0.14,2.0,0.85,0.0,0.14,3.0,34.0,1819
7.0,3.8,3.0,3,3,8,4.5,47.0,2,5,44.0,0.3,0.42,0.35,0.24,1.0,0.39,0.23,0.63,5.0,3.45,4.0,0.31,14.0,98.0,1920
10.0,4.8,2.4,7,7,10,3.9,34.0,4,8,29.0,0.36,0.48,0.3,0.18,0.0,0.61,0.53,0.76,7.0,2.21,2.0,0.38,8.0,64.0,2021
4.0,7.7,4.6,10,10,18,7.0,81.0,6,10,69.0,0.31,0.41,0.28,0.18,1.0,0.4,0.4,0.73,22.0,2.79,8.0,0.24,29.0,144.0,2122
1.0,4.1,4.1,4,4,16,5.8,64.0,4,5,38.0,0.23,0.32,0.32,0.23,0.0,0.28,0.22,0.88,13.0,2.09,5.0,0.28,22.0,91.0,2223
1.0,3.3,3.3,1,1,15,4.5,52.0,1,1,42.0,0.26,0.36,0.36,0.26,1.0,0.08,0.08,1.19,7.0,3.34,2.0,0.08,10.0,76.0,2324
0.0,1.2,1.2,1,1,6,1.6,6.0,1,2,31.0,0.06,0.09,0.09,0.06,0.0,0.11,0.05,0.32,1.0,1.67,4.0,0.11,0.0,34.0,1819
0.0,0.8,0.8,1,1,6,1.4,14.0,1,2,19.0,0.04,0.06,0.06,0.04,0.0,0.09,0.05,0.27,2.0,0.86,1.0,0.09,3.0,23.0,1819
0.0,0.8,0.8,0,0,2,1.4,9.0,0,0,11.0,0.06,0.11,0.11,0.06,0.0,0.0,0.0,0.16,1.0,0.87,1.0,0.0,1.0,11.0,1920
1.0,0.7,0.7,0,0,4,1.0,12.0,0,0,17.0,0.03,0.04,0.04,0.03,0.0,0.0,0.0,0.18,1.0,0.74,3.0,0.0,2.0,16.0,2021
0.0,1.5,1.5,1,1,11,3.3,15.0,1,1,47.0,0.04,0.1,0.1,0.04,1.0,0.03,0.03,0.33,1.0,1.42,10.0,0.03,2.0,20.0,2122
2.0,1.3,1.3,0,0,4,2.2,28.0,0,1,12.0,0.04,0.07,0.07,0.04,1.0,0.03,0.0,0.13,1.0,0.4,2.0,0.03,5.0,12.0,2021
2.0,1.7,1.7,0,0,6,2.7,34.0,0,3,28.0,0.05,0.09,0.09,0.05,2.0,0.09,0.0,0.19,0.0,0.87,4.0,0.09,5.0,15.0,2324
1.0,0.6,0.6,0,0,4,1.6,20.0,0,2,17.0,0.06,0.16,0.16,0.06,0.0,0.21,0.0,0.41,4.0,1.74,3.0,0.21,14.0,56.0,1920
1.0,9.0,8.2,7,7,26,9.6,100.0,6,8,59.0,0.38,0.44,0.41,0.35,1.0,0.34,0.3,1.1,16.0,2.5,5.0,0.3,22.0,139.0,2324
1.0,0.6,0.6,0,0,1,1.0,8.0,0,0,3.0,0.04,0.06,0.06,0.04,0.0,0.0,0.0,0.07,3.0,0.2,1.0,0.0,0.0,0.0,2223
0.0,0.7,0.7,1,1,1,0.9,8.0,1,1,4.0,0.03,0.04,0.04,0.03,0.0,0.04,0.04,0.04,0.0,0.17,1.0,0.04,1.0,1.0,2324
0.0,0.9,0.9,1,1,4,1.2,13.0,1,2,17.0,0.06,0.08,0.08,0.06,0.0,0.12,0.06,0.24,0.0,1.04,4.0,0.12,5.0,13.0,2324
0.0,0.0,0.0,0,0,1,0.1,0.0,0,0,1.0,0.02,0.06,0.06,0.02,0.0,0.0,0.0,0.56,0.0,0.56,0.0,0.0,0.0,0.0,2425
1.0,1.4,1.4,2,2,4,4.5,35.0,2,5,14.0,0.06,0.21,0.21,0.06,2.0,0.23,0.09,0.18,1.0,0.64,0.0,0.23,12.0,90.0,2324
0.0,2.8,1.3,2,2,4,3.1,17.0,1,4,9.0,0.11,0.18,0.12,0.05,2.0,0.16,0.08,0.16,1.0,0.36,1.0,0.12,2.0,64.0,1819
0.0,0.3,0.3,0,0,1,1.4,9.0,0,2,10.0,0.01,0.07,0.07,0.01,0.0,0.09,0.0,0.05,1.0,0.47,0.0,0.09,3.0,43.0,1920
0.0,1.8,1.8,3,3,4,2.0,31.0,3,3,14.0,0.08,0.09,0.09,0.08,0.0,0.14,0.14,0.19,3.0,0.65,3.0,0.14,1.0,9.0,1819
0.0,0.5,0.5,0,0,2,0.5,4.0,0,0,4.0,0.11,0.11,0.11,0.11,0.0,0.0,0.0,0.41,0.0,0.83,1.0,0.0,0.0,1.0,1920
0.0,0.9,0.9,1,1,1,1.0,12.0,1,1,7.0,0.07,0.07,0.07,0.07,0.0,0.07,0.07,0.07,0.0,0.52,0.0,0.07,0.0,4.0,1920
0.0,0.7,0.7,1,1,2,0.8,10.0,1,1,6.0,0.05,0.06,0.06,0.05,0.0,0.08,0.08,0.15,0.0,0.46,0.0,0.08,1.0,12.0,2223
0.0,0.3,0.3,0,0,1,0.7,5.0,0,0,4.0,0.03,0.07,0.07,0.03,0.0,0.0,0.0,0.1,0.0,0.4,1.0,0.0,1.0,2.0,1819
2.0,5.1,4.3,4,4,25,7.1,88.0,4,5,58.0,0.2,0.32,0.28,0.17,1.0,0.2,0.16,1.0,7.0,2.32,9.0,0.2,26.0,160.0,1819
5.0,3.3,3.3,2,2,10,5.6,41.0,2,3,25.0,0.26,0.43,0.43,0.26,0.0,0.23,0.16,0.78,1.0,1.94,4.0,0.23,9.0,84.0,1920
5.0,4.3,4.3,5,5,10,5.2,39.0,5,5,26.0,0.6,0.72,0.72,0.6,0.0,0.69,0.69,1.38,3.0,3.58,4.0,0.69,7.0,49.0,2122
7.0,3.3,3.3,5,5,10,4.2,41.0,5,5,27.0,0.46,0.59,0.59,0.46,1.0,0.7,0.7,1.4,1.0,3.77,3.0,0.7,6.0,67.0,2223
3.0,5.7,5.7,7,7,18,6.6,77.0,7,8,45.0,0.5,0.58,0.58,0.5,0.0,0.71,0.62,1.59,8.0,3.97,5.0,0.71,7.0,95.0,2324
3.0,3.0,3.0,1,1,7,5.3,62.0,1,5,25.0,0.16,0.28,0.28,0.16,0.0,0.26,0.05,0.36,3.0,1.29,3.0,0.26,8.0,88.0,1819
5.0,2.7,2.7,3,3,8,5.6,41.0,3,3,32.0,0.12,0.24,0.24,0.12,2.0,0.13,0.13,0.35,0.0,1.39,9.0,0.13,6.0,71.0,1920
3.0,4.9,4.9,5,5,14,8.3,71.0,5,7,29.0,0.26,0.44,0.44,0.26,0.0,0.37,0.26,0.74,4.0,1.53,4.0,0.37,6.0,110.0,2021
0.0,2.1,2.1,3,3,5,3.3,50.0,3,3,23.0,0.14,0.22,0.22,0.14,1.0,0.2,0.2,0.33,0.0,1.51,1.0,0.2,10.0,75.0,2122
0.0,0.9,0.9,1,1,4,1.6,22.0,1,2,8.0,0.08,0.14,0.14,0.08,7.0,0.17,0.09,0.34,3.0,0.68,2.0,0.17,2.0,54.0,2223
2.0,3.0,3.0,0,0,5,6.9,69.0,0,7,23.0,0.1,0.24,0.24,0.1,4.0,0.24,0.0,0.17,6.0,0.8,2.0,0.24,8.0,176.0,2324
2.0,3.7,3.7,2,2,9,5.5,43.0,2,2,55.0,0.1,0.15,0.15,0.1,1.0,0.05,0.05,0.25,2.0,1.5,2.0,0.05,2.0,35.0,1819
1.0,1.6,1.6,2,2,3,2.2,23.0,2,3,26.0,0.06,0.08,0.08,0.06,4.0,0.1,0.07,0.1,1.0,0.88,2.0,0.1,0.0,19.0,1920
0.0,0.7,0.7,1,1,1,2.0,14.0,1,5,16.0,0.03,0.08,0.08,0.03,0.0,0.21,0.04,0.04,0.0,0.66,0.0,0.21,1.0,17.0,2021
0.0,0.7,0.7,0,0,4,0.8,17.0,0,0,14.0,0.04,0.04,0.04,0.04,0.0,0.0,0.0,0.22,1.0,0.78,3.0,0.0,1.0,13.0,2122
0.0,0.2,0.2,0,0,2,0.3,5.0,0,0,7.0,0.01,0.01,0.01,0.01,5.0,0.0,0.0,0.11,0.0,0.38,0.0,0.0,0.0,7.0,2223
0.0,2.2,2.2,2,2,8,2.5,33.0,2,2,17.0,0.41,0.45,0.45,0.41,0.0,0.37,0.37,1.46,0.0,3.1,3.0,0.37,6.0,46.0,1819
3.0,1.2,1.2,1,1,1,4.1,29.0,1,3,10.0,0.06,0.2,0.2,0.06,4.0,0.15,0.05,0.05,2.0,0.49,2.0,0.15,12.0,100.0,2021
2.0,2.6,2.6,3,3,7,5.2,71.0,3,7,41.0,0.09,0.18,0.18,0.09,1.0,0.24,0.1,0.24,8.0,1.42,6.0,0.24,18.0,157.0,2122
1.0,2.7,2.7,2,2,10,4.6,59.0,2,3,34.0,0.12,0.2,0.2,0.12,1.0,0.13,0.09,0.44,1.0,1.5,7.0,0.13,9.0,93.0,2223
11.0,5.2,5.2,4,4,17,9.1,198.0,4,7,61.0,0.14,0.25,0.25,0.14,2.0,0.19,0.11,0.47,16.0,1.67,6.0,0.19,102.0,354.0,1920
14.0,8.1,6.5,11,11,18,9.6,146.0,9,13,58.0,0.28,0.39,0.33,0.22,1.0,0.45,0.38,0.62,22.0,2.0,4.0,0.38,62.0,259.0,2021
7.0,9.5,3.9,14,14,26,9.0,129.0,9,15,62.0,0.31,0.48,0.29,0.13,2.0,0.49,0.46,0.85,24.0,2.02,10.0,0.33,47.0,265.0,2122
1.0,2.5,2.5,2,2,7,5.1,79.0,2,6,31.0,0.09,0.19,0.19,0.09,1.0,0.22,0.07,0.26,0.0,1.15,5.0,0.22,11.0,134.0,1819
0.0,2.3,2.3,1,1,3,4.4,47.0,1,2,27.0,0.09,0.17,0.17,0.09,1.0,0.08,0.04,0.12,1.0,1.08,1.0,0.08,5.0,60.0,1920
0.0,0.3,0.3,1,1,4,1.2,13.0,1,2,6.0,0.04,0.13,0.13,0.04,1.0,0.21,0.11,0.43,0.0,0.64,2.0,0.21,3.0,23.0,2223
0.0,0.3,0.3,0,0,3,1.5,15.0,0,1,8.0,0.02,0.07,0.07,0.02,3.0,0.05,0.0,0.14,1.0,0.38,0.0,0.05,0.0,17.0,2324
2.0,1.2,1.2,1,1,2,1.7,19.0,1,1,6.0,0.36,0.51,0.51,0.36,1.0,0.31,0.31,0.61,2.0,1.84,0.0,0.31,1.0,26.0,2021
1.0,4.5,4.5,4,4,9,4.5,38.0,4,4,27.0,0.2,0.2,0.2,0.2,0.0,0.18,0.18,0.4,1.0,1.19,3.0,0.18,2.0,10.0,1819
4.0,0.7,0.7,1,1,3,0.8,8.0,1,1,7.0,0.08,0.09,0.09,0.08,1.0,0.11,0.11,0.32,2.0,0.74,1.0,0.11,0.0,0.0,1920
2.0,3.8,3.8,4,4,7,5.4,37.0,4,5,23.0,0.14,0.21,0.21,0.14,1.0,0.19,0.15,0.27,3.0,0.88,4.0,0.19,1.0,5.0,2021
5.0,0.4,0.4,0,0,2,0.8,27.0,0,0,7.0,0.02,0.04,0.04,0.02,0.0,0.0,0.0,0.11,0.0,0.4,0.0,0.0,0.0,10.0,2324
1.0,1.4,1.4,2,2,6,4.0,32.0,2,3,25.0,0.05,0.14,0.14,0.05,1.0,0.1,0.07,0.2,0.0,0.84,1.0,0.1,9.0,144.0,1819
0.0,0.2,0.2,0,0,1,0.3,10.0,0,0,4.0,0.04,0.05,0.05,0.04,0.0,0.0,0.0,0.19,0.0,0.76,0.0,0.0,4.0,19.0,2021
2.0,0.6,0.6,0,0,2,1.4,5.0,0,0,6.0,0.06,0.14,0.14,0.06,0.0,0.0,0.0,0.2,0.0,0.61,0.0,0.0,1.0,15.0,1920
2.0,1.2,1.2,2,2,6,1.9,12.0,2,2,15.0,0.09,0.14,0.14,0.09,3.0,0.15,0.15,0.44,0.0,1.1,3.0,0.15,0.0,19.0,2021
3.0,3.1,3.1,2,2,10,4.6,41.0,2,5,33.0,0.16,0.23,0.23,0.16,1.0,0.25,0.1,0.5,0.0,1.65,2.0,0.25,8.0,39.0,2122
1.0,3.1,3.1,3,3,9,4.7,37.0,3,4,26.0,0.11,0.17,0.17,0.11,3.0,0.15,0.11,0.33,2.0,0.96,2.0,0.15,7.0,52.0,2223
0.0,0.4,0.4,1,1,3,1.1,7.0,1,4,8.0,0.05,0.14,0.14,0.05,0.0,0.53,0.13,0.4,0.0,1.06,1.0,0.53,0.0,12.0,2324
9.0,4.2,4.2,3,3,22,9.6,96.0,3,9,62.0,0.18,0.41,0.41,0.18,7.0,0.39,0.13,0.94,11.0,2.66,5.0,0.39,45.0,283.0,1819
1.0,7.6,4.5,9,9,25,12.1,123.0,5,16,67.0,0.26,0.53,0.42,0.16,5.0,0.55,0.31,0.87,4.0,2.32,4.0,0.42,56.0,294.0,1920
5.0,1.9,1.9,1,1,3,5.0,36.0,1,6,20.0,0.12,0.32,0.32,0.12,5.0,0.38,0.06,0.19,4.0,1.28,4.0,0.38,10.0,119.0,2021
4.0,3.4,3.4,5,5,17,7.8,78.0,5,10,41.0,0.14,0.33,0.33,0.14,2.0,0.42,0.21,0.72,4.0,1.74,8.0,0.42,29.0,152.0,2223
0.0,5.1,3.6,4,4,16,7.5,73.0,2,6,43.0,0.22,0.4,0.33,0.16,0.0,0.26,0.18,0.7,1.0,1.89,9.0,0.18,28.0,181.0,2324
11.0,11.1,7.9,15,15,26,12.5,120.0,12,19,85.0,0.36,0.51,0.41,0.26,5.0,0.62,0.49,0.84,21.0,2.76,7.0,0.52,7.0,175.0,1718
11.0,11.7,6.5,11,11,19,10.2,83.0,6,16,48.0,0.44,0.58,0.39,0.25,1.0,0.61,0.42,0.72,18.0,1.83,5.0,0.42,4.0,190.0,1819
1.0,10.7,10.7,11,11,19,12.6,87.0,11,12,59.0,0.48,0.56,0.56,0.48,0.0,0.54,0.49,0.85,15.0,2.64,6.0,0.54,5.0,127.0,1920
8.0,3.1,2.3,3,3,8,3.6,27.0,3,4,13.0,0.41,0.57,0.47,0.3,4.0,0.52,0.39,1.04,3.0,1.7,3.0,0.52,0.0,29.0,2021
2.0,6.1,3.7,8,8,9,6.7,52.0,5,12,32.0,0.34,0.51,0.37,0.21,1.0,0.67,0.45,0.5,7.0,1.8,4.0,0.5,8.0,100.0,2122
10.0,2.9,2.2,2,2,6,3.5,16.0,1,3,20.0,0.36,0.53,0.43,0.27,5.0,0.37,0.25,0.74,3.0,2.46,3.0,0.25,2.0,27.0,2223
4.0,2.3,2.3,5,5,6,2.5,23.0,5,5,12.0,0.47,0.51,0.51,0.47,5.0,1.03,1.03,1.23,2.0,2.46,2.0,1.03,4.0,26.0,2324
2.0,0.0,0.0,0,0,1,0.2,9.0,0,1,2.0,0.01,0.03,0.03,0.01,1.0,0.13,0.0,0.13,3.0,0.26,0.0,0.13,0.0,0.0,2223
0.0,1.5,1.5,2,2,6,2.8,34.0,2,3,14.0,0.09,0.18,0.18,0.09,0.0,0.19,0.13,0.38,1.0,0.88,2.0,0.19,1.0,3.0,2324
3.0,2.6,2.6,4,4,14,4.4,52.0,4,6,27.0,0.13,0.23,0.23,0.13,2.0,0.31,0.2,0.71,2.0,1.38,2.0,0.31,25.0,132.0,2223
18.0,18.0,16.4,18,18,34,23.9,210.0,16,27,74.0,0.58,0.81,0.76,0.53,4.0,0.86,0.58,1.09,30.0,2.37,9.0,0.8,33.0,249.0,1819
20.0,14.4,12.0,18,18,33,18.2,144.0,15,22,61.0,0.6,0.85,0.76,0.5,7.0,0.91,0.75,1.37,7.0,2.54,6.0,0.79,30.0,209.0,1920
25.0,19.6,10.2,20,20,21,16.9,169.0,10,27,68.0,0.68,0.91,0.58,0.35,5.0,0.93,0.69,0.72,18.0,2.35,10.0,0.59,34.0,226.0,2021
19.0,18.1,11.8,25,25,36,16.7,191.0,17,30,64.0,0.64,0.82,0.6,0.42,6.0,1.07,0.89,1.28,24.0,2.28,5.0,0.78,45.0,238.0,2122
16.0,17.4,12.7,19,19,36,16.5,151.0,14,25,66.0,0.74,0.9,0.7,0.54,2.0,1.06,0.81,1.53,22.0,2.81,7.0,0.85,26.0,198.0,2223
16.0,14.3,11.3,17,17,30,16.2,123.0,13,24,69.0,0.44,0.59,0.5,0.35,3.0,0.74,0.52,0.92,29.0,2.12,6.0,0.62,14.0,154.0,1819
20.0,18.1,15.0,16,16,34,17.4,158.0,12,19,81.0,0.6,0.67,0.57,0.49,8.0,0.62,0.53,1.12,19.0,2.66,10.0,0.49,11.0,173.0,1920
2.0,17.0,14.8,20,20,43,20.0,179.0,18,28,90.0,0.52,0.68,0.61,0.45,3.0,0.86,0.61,1.32,36.0,2.75,11.0,0.8,15.0,184.0,2021
0.0,7.9,6.3,6,6,19,8.1,74.0,5,7,36.0,0.46,0.57,0.47,0.36,1.0,0.41,0.35,1.1,15.0,2.09,5.0,0.35,9.0,88.0,2122
7.0,2.0,2.0,0,0,5,3.2,26.0,0,1,14.0,0.23,0.36,0.36,0.23,3.0,0.11,0.0,0.56,5.0,1.58,2.0,0.11,0.0,41.0,2223
1.0,6.8,6.8,4,4,15,8.7,87.0,4,4,45.0,0.36,0.46,0.46,0.36,0.0,0.21,0.21,0.79,15.0,2.36,6.0,0.21,15.0,99.0,1920
7.0,5.2,3.6,4,4,19,8.8,16.0,3,5,51.0,0.2,0.39,0.33,0.14,3.0,0.19,0.15,0.72,1.0,1.94,4.0,0.15,3.0,44.0,1819
2.0,0.3,0.3,0,0,1,0.5,1.0,0,0,6.0,0.06,0.1,0.1,0.06,3.0,0.0,0.0,0.22,0.0,1.32,0.0,0.0,0.0,2.0,2021
0.0,0.8,0.8,2,2,8,3.7,12.0,2,5,20.0,0.05,0.23,0.23,0.05,0.0,0.3,0.12,0.48,1.0,1.21,4.0,0.3,0.0,32.0,2122
0.0,2.7,2.7,4,4,8,3.0,43.0,4,4,24.0,0.09,0.1,0.1,0.09,0.0,0.13,0.13,0.27,1.0,0.81,4.0,0.13,0.0,9.0,1819
0.0,0.4,0.4,0,0,2,0.5,12.0,0,0,6.0,0.02,0.03,0.03,0.02,0.0,0.0,0.0,0.12,0.0,0.37,0.0,0.0,0.0,1.0,1920
0.0,3.1,3.1,2,2,4,7.0,36.0,2,6,48.0,0.11,0.24,0.24,0.11,1.0,0.21,0.07,0.14,1.0,1.65,3.0,0.21,7.0,62.0,2021
1.0,0.3,0.3,0,0,1,0.9,11.0,0,1,10.0,0.03,0.08,0.08,0.03,1.0,0.09,0.0,0.09,1.0,0.87,1.0,0.09,2.0,29.0,2122
0.0,0.3,0.3,1,1,1,0.9,3.0,1,2,5.0,0.02,0.06,0.06,0.02,5.0,0.12,0.06,0.06,1.0,0.3,0.0,0.12,1.0,12.0,2223
0.0,1.2,1.2,0,0,6,3.8,25.0,0,3,22.0,0.04,0.14,0.14,0.04,0.0,0.11,0.0,0.21,3.0,0.78,3.0,0.11,0.0,44.0,2021
4.0,1.4,1.4,5,5,10,5.2,39.0,5,7,31.0,0.05,0.17,0.17,0.05,2.0,0.23,0.17,0.33,6.0,1.03,5.0,0.23,3.0,85.0,2122
0.0,1.7,1.7,2,2,11,2.5,18.0,2,2,34.0,0.07,0.1,0.1,0.07,0.0,0.08,0.08,0.44,0.0,1.35,0.0,0.08,1.0,19.0,1819
1.0,1.2,1.2,0,0,3,2.3,18.0,0,0,9.0,0.15,0.29,0.29,0.15,2.0,0.0,0.0,0.38,0.0,1.14,1.0,0.0,0.0,20.0,1920
3.0,0.9,0.9,1,1,5,3.2,14.0,1,3,18.0,0.07,0.24,0.24,0.07,0.0,0.23,0.07,0.37,0.0,1.35,5.0,0.23,2.0,24.0,2021
0.0,1.5,1.5,3,3,5,3.0,15.0,3,3,22.0,0.09,0.16,0.16,0.09,0.0,0.17,0.17,0.28,0.0,1.22,2.0,0.17,2.0,22.0,2122
1.0,3.9,3.9,6,6,10,5.5,27.0,6,9,26.0,0.33,0.46,0.46,0.33,0.0,0.76,0.51,0.85,2.0,2.2,3.0,0.76,7.0,75.0,1819
0.0,0.5,0.5,1,1,1,0.7,2.0,1,1,4.0,0.25,0.33,0.33,0.25,2.0,0.49,0.49,0.49,1.0,1.95,0.0,0.49,0.0,15.0,1920
0.0,0.7,0.7,2,2,3,2.2,13.0,2,4,13.0,0.02,0.08,0.08,0.02,0.0,0.14,0.07,0.11,0.0,0.46,1.0,0.14,1.0,38.0,1819
1.0,0.4,0.4,0,0,2,0.5,11.0,0,0,7.0,0.02,0.03,0.03,0.02,1.0,0.0,0.0,0.09,0.0,0.33,0.0,0.0,2.0,18.0,1920
0.0,0.4,0.4,1,1,3,1.0,9.0,1,2,13.0,0.02,0.04,0.04,0.02,0.0,0.08,0.04,0.11,0.0,0.49,1.0,0.08,1.0,27.0,2021
2.0,0.8,0.8,3,3,6,3.0,11.0,3,6,17.0,0.07,0.26,0.26,0.07,5.0,0.53,0.26,0.53,0.0,1.5,2.0,0.53,3.0,47.0,1920
1.0,1.9,1.9,2,2,9,6.3,25.0,2,7,24.0,0.07,0.23,0.23,0.07,7.0,0.26,0.07,0.33,0.0,0.89,2.0,0.26,10.0,48.0,2021
0.0,2.0,2.0,1,1,15,7.7,45.0,1,8,32.0,0.08,0.31,0.31,0.08,0.0,0.32,0.04,0.6,4.0,1.27,3.0,0.32,17.0,99.0,2122
1.0,0.1,0.1,0,0,2,0.3,2.0,0,0,2.0,0.05,0.22,0.22,0.05,2.0,0.0,0.0,1.25,1.0,1.25,0.0,0.0,0.0,8.0,2223
4.0,0.3,0.3,1,1,1,2.5,8.0,1,3,4.0,0.02,0.16,0.16,0.02,6.0,0.19,0.06,0.06,1.0,0.26,0.0,0.19,3.0,26.0,2324
0.0,0.3,0.3,0,0,3,0.4,2.0,0,0,7.0,0.02,0.03,0.03,0.02,0.0,0.0,0.0,0.2,0.0,0.48,1.0,0.0,0.0,9.0,2021
0.0,1.5,1.5,1,1,11,5.7,79.0,1,9,29.0,0.06,0.23,0.23,0.06,0.0,0.36,0.04,0.44,7.0,1.16,2.0,0.36,41.0,240.0,2324
0.0,0.3,0.3,0,0,2,1.3,11.0,0,0,3.0,0.03,0.15,0.15,0.03,0.0,0.0,0.0,0.23,3.0,0.35,0.0,0.0,8.0,31.0,1920
3.0,2.7,2.7,2,2,4,4.7,28.0,2,5,34.0,0.1,0.18,0.18,0.1,1.0,0.19,0.08,0.15,4.0,1.29,2.0,0.19,2.0,25.0,1920
1.0,2.6,2.6,3,3,7,3.5,47.0,3,4,33.0,0.1,0.14,0.14,0.1,1.0,0.16,0.12,0.27,5.0,1.29,3.0,0.16,2.0,36.0,2021
2.0,1.1,1.1,1,1,2,1.8,24.0,1,2,15.0,0.06,0.1,0.1,0.06,2.0,0.11,0.05,0.11,1.0,0.82,1.0,0.11,0.0,34.0,2122
5.0,2.3,2.3,2,2,8,3.3,32.0,2,4,24.0,0.22,0.31,0.31,0.21,0.0,0.37,0.19,0.75,2.0,2.24,1.0,0.37,3.0,56.0,2223
4.0,4.9,4.9,5,5,18,7.3,68.0,5,5,52.0,0.21,0.31,0.31,0.21,3.0,0.21,0.21,0.77,2.0,2.22,3.0,0.21,4.0,76.0,2324
3.0,0.9,0.9,2,2,4,1.4,19.0,2,2,12.0,0.09,0.14,0.14,0.09,2.0,0.2,0.2,0.4,2.0,1.19,2.0,0.2,1.0,20.0,2324
3.0,0.9,0.9,0,0,3,1.1,27.0,0,0,9.0,0.26,0.32,0.32,0.26,2.0,0.0,0.0,0.89,1.0,2.67,2.0,0.0,9.0,44.0,2021
5.0,1.2,1.2,3,3,8,2.9,68.0,3,5,23.0,0.09,0.22,0.22,0.09,4.0,0.38,0.23,0.6,2.0,1.74,1.0,0.38,27.0,97.0,2324
2.0,0.6,0.6,1,1,4,1.8,18.0,1,2,11.0,0.1,0.29,0.29,0.1,1.0,0.31,0.16,0.63,1.0,1.73,2.0,0.31,8.0,35.0,1920
4.0,4.2,4.2,2,2,10,6.0,48.0,2,3,22.0,0.29,0.41,0.41,0.29,0.0,0.21,0.14,0.7,7.0,1.53,4.0,0.21,13.0,116.0,2021
1.0,3.3,3.3,4,4,12,4.0,35.0,4,4,20.0,0.41,0.5,0.5,0.41,0.0,0.5,0.5,1.51,12.0,2.51,1.0,0.5,11.0,74.0,2223
0.0,0.8,0.8,1,1,3,1.0,8.0,1,1,5.0,0.26,0.32,0.32,0.26,0.0,0.32,0.32,0.95,2.0,1.58,1.0,0.32,0.0,28.0,2324
0.0,0.6,0.6,0,0,3,1.6,5.0,0,2,9.0,0.03,0.07,0.07,0.03,0.0,0.09,0.0,0.14,0.0,0.42,0.0,0.09,0.0,8.0,1920
0.0,1.4,1.4,1,1,2,2.0,22.0,1,1,8.0,0.06,0.08,0.08,0.06,0.0,0.04,0.04,0.08,2.0,0.32,2.0,0.04,0.0,50.0,2021
6.0,1.2,1.2,1,1,6,2.2,21.0,1,3,17.0,0.17,0.31,0.31,0.17,10.0,0.43,0.14,0.86,2.0,2.42,1.0,0.43,10.0,41.0,1920
6.0,5.2,5.2,6,6,24,11.2,118.0,6,16,43.0,0.21,0.46,0.46,0.21,6.0,0.66,0.25,0.99,4.0,1.78,5.0,0.66,60.0,212.0,2021
7.0,5.3,3.8,6,6,9,10.8,140.0,4,12,48.0,0.18,0.43,0.38,0.13,3.0,0.42,0.21,0.31,13.0,1.67,6.0,0.35,69.0,263.0,2122
0.0,8.0,7.2,7,7,21,11.2,160.0,6,10,66.0,0.31,0.47,0.44,0.28,1.0,0.39,0.27,0.82,6.0,2.56,8.0,0.35,71.0,264.0,2223
2.0,3.5,3.5,2,2,8,6.6,65.0,2,4,36.0,0.13,0.24,0.24,0.13,0.0,0.15,0.07,0.29,5.0,1.32,6.0,0.15,6.0,155.0,1819
2.0,2.0,2.0,2,2,4,2.1,13.0,2,2,11.0,0.21,0.23,0.23,0.21,4.0,0.22,0.22,0.43,1.0,1.2,2.0,0.22,5.0,21.0,1920
1.0,3.9,3.9,2,2,11,7.3,61.0,2,6,31.0,0.18,0.34,0.34,0.18,3.0,0.28,0.09,0.51,5.0,1.44,4.0,0.28,11.0,107.0,2021
6.0,2.2,2.2,1,1,3,3.7,34.0,1,4,14.0,0.12,0.21,0.21,0.12,4.0,0.23,0.06,0.17,2.0,0.8,3.0,0.23,3.0,79.0,2122
2.0,5.7,5.7,6,6,13,7.9,55.0,6,10,27.0,0.28,0.38,0.38,0.28,1.0,0.48,0.29,0.63,2.0,1.3,3.0,0.48,3.0,88.0,2223
1.0,1.9,1.9,2,2,9,2.8,41.0,2,3,19.0,0.11,0.15,0.15,0.11,1.0,0.17,0.11,0.5,2.0,1.05,1.0,0.17,4.0,73.0,2324
0.0,0.3,0.3,0,0,1,0.4,4.0,0,0,8.0,0.05,0.07,0.07,0.05,0.0,0.0,0.0,0.18,0.0,1.45,2.0,0.0,0.0,10.0,2021
0.0,1.0,1.0,0,0,2,1.1,12.0,0,0,10.0,0.18,0.19,0.19,0.18,2.0,0.0,0.0,0.36,0.0,1.79,2.0,0.0,0.0,3.0,2122
1.0,0.2,0.2,0,0,3,0.3,10.0,0,2,4.0,0.02,0.04,0.04,0.02,0.0,0.26,0.0,0.4,0.0,0.53,0.0,0.26,1.0,16.0,2223
0.0,0.7,0.7,1,1,2,1.1,10.0,1,1,6.0,0.07,0.11,0.11,0.07,0.0,0.1,0.1,0.2,0.0,0.59,1.0,0.1,1.0,7.0,2324
0.0,3.7,3.7,3,3,15,7.4,54.0,3,6,54.0,0.22,0.44,0.44,0.22,0.0,0.36,0.18,0.89,7.0,3.2,9.0,0.36,16.0,136.0,1718
0.0,2.1,2.1,1,1,4,4.7,34.0,1,4,34.0,0.21,0.47,0.47,0.21,0.0,0.41,0.1,0.41,6.0,3.46,9.0,0.41,18.0,88.0,1819
1.0,0.1,0.1,0,0,1,0.2,6.0,0,0,3.0,0.03,0.06,0.06,0.03,1.0,0.0,0.0,0.26,0.0,0.79,0.0,0.0,6.0,16.0,2122
0.0,0.5,0.5,1,1,4,2.2,26.0,1,2,10.0,0.03,0.11,0.11,0.03,0.0,0.1,0.05,0.2,3.0,0.5,2.0,0.1,14.0,113.0,2223
3.0,7.9,7.1,3,3,17,7.8,90.0,2,3,45.0,0.57,0.62,0.57,0.51,1.0,0.22,0.22,1.23,5.0,3.26,11.0,0.14,7.0,90.0,1819
1.0,1.5,1.5,0,0,1,3.0,32.0,0,1,11.0,0.21,0.43,0.43,0.21,1.0,0.14,0.0,0.14,3.0,1.56,3.0,0.14,12.0,61.0,2122
0.0,1.7,1.7,1,1,6,3.2,43.0,1,2,20.0,0.17,0.33,0.33,0.17,0.0,0.21,0.1,0.63,4.0,2.09,1.0,0.21,14.0,64.0,2223
0.0,0.6,0.6,1,1,2,1.0,8.0,1,1,5.0,0.08,0.14,0.14,0.08,0.0,0.14,0.14,0.27,0.0,0.69,1.0,0.14,1.0,12.0,2324
0.0,0.6,0.6,1,1,1,1.1,15.0,1,1,10.0,0.03,0.05,0.05,0.03,0.0,0.05,0.05,0.05,1.0,0.46,1.0,0.05,0.0,2.0,2021
0.0,0.8,0.8,1,1,1,1.9,16.0,1,2,8.0,0.03,0.07,0.07,0.03,0.0,0.08,0.04,0.04,1.0,0.31,1.0,0.08,1.0,8.0,2223
1.0,0.3,0.3,0,0,2,0.4,7.0,0,0,7.0,0.02,0.03,0.03,0.02,0.0,0.0,0.0,0.16,0.0,0.55,0.0,0.0,1.0,2.0,2324
4.0,5.5,5.5,6,6,15,9.0,97.0,6,10,27.0,0.29,0.48,0.48,0.29,6.0,0.54,0.32,0.8,10.0,1.45,0.0,0.54,28.0,164.0,2122
0.0,8.0,8.0,4,4,19,13.7,149.0,4,10,50.0,0.29,0.5,0.5,0.29,0.0,0.37,0.15,0.7,18.0,1.84,11.0,0.37,38.0,256.0,2223
1.0,0.3,0.3,0,0,1,0.5,3.0,0,1,3.0,0.07,0.12,0.12,0.07,0.0,0.24,0.0,0.24,1.0,0.73,0.0,0.24,0.0,0.0,1718
2.0,3.4,3.4,2,2,11,4.8,48.0,2,3,29.0,0.13,0.19,0.19,0.13,0.0,0.12,0.08,0.43,2.0,1.14,5.0,0.12,0.0,4.0,1920
0.0,1.6,1.6,2,2,4,1.6,26.0,2,2,17.0,0.07,0.08,0.08,0.07,0.0,0.09,0.09,0.19,0.0,0.79,0.0,0.09,1.0,2.0,2021
0.0,1.6,1.6,2,2,4,1.9,21.0,2,3,10.0,0.11,0.14,0.14,0.11,0.0,0.22,0.15,0.29,0.0,0.73,0.0,0.22,2.0,12.0,2324
7.0,12.1,8.8,10,10,19,12.3,93.0,6,14,52.0,0.41,0.53,0.41,0.3,1.0,0.47,0.34,0.64,10.0,1.75,9.0,0.34,24.0,184.0,2021
12.0,5.7,5.7,7,7,15,8.2,62.0,7,10,32.0,0.32,0.46,0.46,0.32,3.0,0.56,0.39,0.84,19.0,1.79,2.0,0.56,11.0,104.0,2223
19.0,10.6,10.6,12,12,24,14.5,122.0,12,15,67.0,0.38,0.52,0.52,0.38,4.0,0.54,0.43,0.87,20.0,2.42,7.0,0.54,20.0,150.0,2324
1.0,0.9,0.9,0,0,1,1.6,13.0,0,1,10.0,0.03,0.05,0.05,0.03,0.0,0.03,0.0,0.03,1.0,0.34,1.0,0.03,1.0,8.0,2122
1.0,1.2,1.2,1,1,3,1.6,20.0,1,1,14.0,0.04,0.05,0.05,0.04,1.0,0.03,0.03,0.1,0.0,0.48,2.0,0.03,3.0,9.0,2223
0.0,1.1,1.1,1,1,5,1.8,19.0,1,2,10.0,0.06,0.1,0.1,0.06,0.0,0.11,0.06,0.29,3.0,0.57,1.0,0.11,0.0,8.0,2324
1.0,1.1,1.1,0,0,1,3.3,28.0,0,0,17.0,0.04,0.13,0.13,0.04,0.0,0.0,0.0,0.04,3.0,0.64,1.0,0.0,2.0,56.0,2223
1.0,1.4,1.4,1,1,9,2.4,38.0,1,2,19.0,0.13,0.22,0.22,0.13,0.0,0.18,0.09,0.81,4.0,1.7,2.0,0.18,27.0,119.0,1920
2.0,0.4,0.4,1,1,5,1.3,22.0,1,1,8.0,0.04,0.12,0.12,0.04,1.0,0.09,0.09,0.47,7.0,0.75,0.0,0.09,11.0,95.0,2021
1.0,0.9,0.9,2,2,5,2.2,29.0,2,3,13.0,0.07,0.18,0.18,0.07,0.0,0.24,0.16,0.39,3.0,1.03,1.0,0.24,12.0,106.0,2122
1.0,1.0,1.0,1,1,5,2.3,18.0,1,1,12.0,0.12,0.27,0.27,0.12,0.0,0.12,0.12,0.58,3.0,1.39,2.0,0.12,8.0,63.0,2223
0.0,6.2,1.8,6,6,9,5.3,51.0,1,9,27.0,0.48,0.76,0.42,0.14,2.0,0.7,0.47,0.7,4.0,2.11,4.0,0.31,18.0,68.0,2223
3.0,1.3,1.3,0,0,12,2.4,27.0,0,1,25.0,0.07,0.14,0.14,0.07,4.0,0.06,0.0,0.69,0.0,1.43,5.0,0.06,7.0,60.0,1718
6.0,2.7,2.7,3,3,13,7.2,52.0,3,9,56.0,0.09,0.23,0.23,0.09,4.0,0.29,0.1,0.41,1.0,1.78,3.0,0.29,12.0,123.0,1920
6.0,4.4,2.8,6,6,18,5.9,44.0,4,10,47.0,0.12,0.2,0.16,0.08,4.0,0.27,0.16,0.48,0.0,1.26,5.0,0.21,9.0,66.0,2021
3.0,4.4,2.8,6,6,15,7.0,36.0,4,10,57.0,0.15,0.29,0.24,0.1,2.0,0.34,0.21,0.51,0.0,1.95,6.0,0.27,5.0,69.0,2122
2.0,2.5,0.9,3,3,8,5.6,14.0,2,5,29.0,0.1,0.28,0.21,0.04,6.0,0.19,0.12,0.31,1.0,1.11,7.0,0.15,1.0,56.0,2223
3.0,1.3,1.3,2,2,5,3.9,27.0,2,8,14.0,0.07,0.21,0.21,0.07,7.0,0.44,0.11,0.28,0.0,0.78,3.0,0.44,7.0,46.0,2324
0.0,0.3,0.3,0,0,1,1.1,0.0,0,2,8.0,0.02,0.09,0.09,0.02,0.0,0.17,0.0,0.08,0.0,0.67,0.0,0.17,0.0,13.0,1819
0.0,0.3,0.3,0,0,1,0.7,2.0,0,0,7.0,0.02,0.07,0.07,0.02,1.0,0.0,0.0,0.1,0.0,0.67,0.0,0.0,0.0,12.0,1819
4.0,7.1,7.1,9,9,24,9.4,113.0,9,11,74.0,0.3,0.4,0.4,0.3,2.0,0.47,0.38,1.03,17.0,3.16,1.0,0.47,28.0,143.0,1819
4.0,5.0,5.0,4,4,17,5.6,65.0,4,6,40.0,0.32,0.36,0.36,0.32,0.0,0.39,0.26,1.1,17.0,2.6,5.0,0.39,13.0,86.0,1920
18.0,3.6,3.6,4,4,8,3.8,38.0,4,4,21.0,0.41,0.43,0.43,0.41,0.0,0.45,0.45,0.9,12.0,2.37,0.0,0.45,11.0,50.0,1920
5.0,15.6,15.6,18,18,27,18.2,138.0,18,18,78.0,0.61,0.71,0.71,0.61,1.0,0.7,0.7,1.05,25.0,3.04,6.0,0.7,22.0,114.0,2021
8.0,6.4,5.6,5,5,13,6.7,58.0,4,6,36.0,0.45,0.53,0.47,0.39,1.0,0.42,0.35,0.92,18.0,2.54,1.0,0.35,4.0,57.0,2122
16.0,8.1,8.1,8,8,23,9.2,103.0,8,9,60.0,0.44,0.5,0.5,0.44,2.0,0.49,0.43,1.25,21.0,3.25,6.0,0.49,14.0,71.0,2223
0.0,0.3,0.3,0,0,1,0.6,15.0,0,1,6.0,0.04,0.08,0.08,0.04,1.0,0.13,0.0,0.13,3.0,0.8,1.0,0.13,3.0,19.0,2223
0.0,1.6,1.6,0,0,2,4.0,28.0,0,1,18.0,0.05,0.14,0.14,0.05,1.0,0.03,0.0,0.07,0.0,0.62,3.0,0.03,4.0,65.0,2324
0.0,0.8,0.8,1,1,4,1.2,15.0,1,1,14.0,0.07,0.11,0.11,0.07,3.0,0.09,0.09,0.36,2.0,1.25,0.0,0.09,4.0,43.0,1920
2.0,1.1,1.1,0,0,6,3.7,17.0,0,4,30.0,0.05,0.15,0.15,0.05,2.0,0.16,0.0,0.25,0.0,1.23,1.0,0.16,5.0,47.0,2122
4.0,2.8,2.8,2,2,10,7.2,37.0,2,4,42.0,0.08,0.21,0.21,0.08,4.0,0.12,0.06,0.29,2.0,1.22,0.0,0.12,9.0,71.0,2223
1.0,5.0,5.0,4,4,13,8.4,49.0,4,8,52.0,0.17,0.28,0.28,0.17,6.0,0.27,0.13,0.43,1.0,1.74,11.0,0.27,8.0,86.0,2324
0.0,0.2,0.2,0,0,3,1.1,3.0,0,1,9.0,0.02,0.1,0.1,0.02,0.0,0.09,0.0,0.28,2.0,0.83,0.0,0.09,2.0,32.0,2122
3.0,1.2,1.2,0,0,3,1.7,18.0,0,0,14.0,0.06,0.09,0.09,0.06,0.0,0.0,0.0,0.16,0.0,0.74,1.0,0.0,1.0,13.0,2324
0.0,0.6,0.6,0,0,3,2.7,30.0,0,1,12.0,0.03,0.13,0.13,0.03,1.0,0.05,0.0,0.14,3.0,0.57,1.0,0.05,11.0,109.0,1819
1.0,0.2,0.2,0,0,1,1.5,14.0,0,1,5.0,0.02,0.15,0.15,0.02,2.0,0.1,0.0,0.1,0.0,0.49,0.0,0.1,5.0,53.0,1920
0.0,0.5,0.5,1,1,3,1.2,16.0,1,2,12.0,0.02,0.06,0.06,0.02,1.0,0.11,0.05,0.16,2.0,0.64,1.0,0.11,3.0,64.0,2223
5.0,6.4,6.4,7,7,19,8.2,62.0,7,10,35.0,0.5,0.65,0.65,0.5,0.0,0.79,0.55,1.5,1.0,2.76,2.0,0.79,6.0,61.0,2223
2.0,3.9,3.9,5,5,7,4.2,24.0,5,5,14.0,0.56,0.61,0.61,0.56,1.0,0.72,0.72,1.01,7.0,2.02,0.0,0.72,10.0,27.0,2324
0.0,0.3,0.3,0,0,1,2.0,7.0,0,1,11.0,0.01,0.1,0.1,0.01,0.0,0.05,0.0,0.05,1.0,0.53,1.0,0.05,4.0,49.0,1819
0.0,1.9,1.1,1,1,3,2.9,24.0,0,2,7.0,0.24,0.47,0.37,0.14,1.0,0.26,0.13,0.39,2.0,0.9,0.0,0.13,7.0,45.0,1819
0.0,1.2,1.2,0,0,4,1.9,16.0,0,1,12.0,0.16,0.26,0.26,0.16,0.0,0.13,0.0,0.53,0.0,1.6,1.0,0.13,3.0,28.0,1920
0.0,0.5,0.5,1,1,2,1.7,35.0,1,1,7.0,0.04,0.12,0.12,0.04,2.0,0.07,0.07,0.14,0.0,0.5,0.0,0.07,19.0,78.0,2122
0.0,1.8,1.8,0,0,3,3.6,51.0,0,2,22.0,0.08,0.15,0.15,0.08,2.0,0.09,0.0,0.13,3.0,0.94,2.0,0.09,11.0,101.0,2223
0.0,0.6,0.6,0,0,5,1.8,20.0,0,2,14.0,0.04,0.11,0.11,0.04,2.0,0.12,0.0,0.3,2.0,0.85,4.0,0.12,6.0,77.0,2324
2.0,0.4,0.4,2,2,4,2.5,41.0,2,6,10.0,0.02,0.13,0.13,0.02,2.0,0.31,0.1,0.21,3.0,0.52,1.0,0.31,11.0,145.0,1718
1.0,1.5,1.5,2,2,9,4.3,35.0,2,3,35.0,0.05,0.14,0.14,0.05,3.0,0.09,0.06,0.28,2.0,1.11,6.0,0.09,11.0,141.0,1920
1.0,0.9,0.9,1,1,6,2.9,40.0,1,4,16.0,0.05,0.15,0.15,0.05,2.0,0.21,0.05,0.32,1.0,0.86,0.0,0.21,13.0,105.0,2021
1.0,0.4,0.4,1,1,3,1.5,12.0,1,3,8.0,0.03,0.14,0.14,0.03,1.0,0.27,0.09,0.27,0.0,0.71,0.0,0.27,2.0,46.0,2122
3.0,1.3,1.3,1,1,7,2.7,24.0,1,2,28.0,0.05,0.1,0.1,0.05,1.0,0.07,0.04,0.26,5.0,1.05,3.0,0.07,3.0,95.0,2223
0.0,0.9,0.7,3,3,6,2.4,34.0,3,4,18.0,0.04,0.12,0.11,0.03,2.0,0.19,0.14,0.28,0.0,0.84,2.0,0.19,5.0,77.0,2324
5.0,12.0,11.7,15,15,27,15.9,121.0,15,18,65.0,0.44,0.6,0.59,0.43,6.0,0.66,0.55,0.99,19.0,2.39,5.0,0.66,17.0,254.0,1819
5.0,6.1,6.1,5,5,10,8.0,66.0,5,11,33.0,0.45,0.59,0.59,0.45,4.0,0.81,0.37,0.74,1.0,2.43,5.0,0.81,8.0,120.0,1920
6.0,4.6,4.6,5,5,14,6.4,76.0,5,9,45.0,0.31,0.42,0.42,0.31,0.0,0.6,0.33,0.93,8.0,2.99,5.0,0.6,14.0,118.0,2021
2.0,5.5,5.5,6,6,13,7.2,64.0,6,6,28.0,0.46,0.6,0.6,0.46,1.0,0.5,0.5,1.08,7.0,2.34,3.0,0.5,7.0,84.0,2122
5.0,1.3,1.3,2,2,6,3.1,28.0,2,3,13.0,0.29,0.68,0.68,0.29,2.0,0.66,0.44,1.31,2.0,2.85,2.0,0.66,3.0,40.0,2223
2.0,5.7,5.7,5,5,16,6.8,62.0,5,7,29.0,0.43,0.5,0.5,0.43,0.0,0.52,0.37,1.18,4.0,2.14,4.0,0.52,5.0,78.0,2324
1.0,4.2,4.2,7,7,21,8.2,51.0,7,11,44.0,0.35,0.68,0.68,0.35,1.0,0.91,0.58,1.74,7.0,3.65,1.0,0.91,4.0,85.0,2021
1.0,0.6,0.6,1,1,6,1.8,13.0,1,2,10.0,0.11,0.33,0.33,0.11,1.0,0.35,0.18,1.06,1.0,1.77,1.0,0.35,2.0,44.0,2122
8.0,3.4,3.4,3,3,6,5.6,55.0,3,5,27.0,0.23,0.37,0.37,0.23,2.0,0.33,0.2,0.4,2.0,1.81,1.0,0.33,7.0,116.0,1819
0.0,6.9,6.9,8,8,19,8.9,74.0,8,10,45.0,0.33,0.43,0.43,0.33,1.0,0.49,0.39,0.93,6.0,2.19,7.0,0.49,10.0,135.0,1920
0.0,1.3,1.3,1,1,7,3.5,23.0,1,3,29.0,0.05,0.13,0.13,0.05,0.0,0.11,0.04,0.26,0.0,1.07,3.0,0.11,3.0,35.0,2021
1.0,0.1,0.1,0,0,2,0.6,1.0,0,0,6.0,0.01,0.05,0.05,0.01,1.0,0.0,0.0,0.19,0.0,0.58,0.0,0.0,0.0,14.0,2122
0.0,0.3,0.3,0,0,4,1.7,9.0,0,0,15.0,0.02,0.1,0.1,0.02,0.0,0.0,0.0,0.24,0.0,0.88,1.0,0.0,4.0,91.0,2122
0.0,2.1,2.1,2,2,6,2.8,22.0,2,3,41.0,0.12,0.16,0.16,0.12,0.0,0.17,0.12,0.35,4.0,2.36,6.0,0.17,7.0,51.0,1718
1.0,0.4,0.4,1,1,7,0.6,8.0,1,1,16.0,0.03,0.04,0.04,0.03,0.0,0.07,0.07,0.5,0.0,1.14,1.0,0.07,8.0,16.0,1920
1.0,1.4,1.4,1,1,3,2.3,11.0,1,1,42.0,0.04,0.07,0.07,0.04,2.0,0.03,0.03,0.09,0.0,1.22,3.0,0.03,2.0,26.0,2021
0.0,0.9,0.9,1,1,5,1.7,13.0,1,3,21.0,0.04,0.07,0.07,0.04,0.0,0.13,0.04,0.21,0.0,0.9,1.0,0.13,7.0,16.0,2122
2.0,1.4,1.4,0,0,5,1.8,19.0,0,0,24.0,0.06,0.08,0.08,0.06,0.0,0.0,0.0,0.22,0.0,1.04,0.0,0.0,7.0,13.0,2324
7.0,2.8,2.0,3,3,7,2.2,38.0,2,3,27.0,0.33,0.36,0.26,0.24,2.0,0.36,0.36,0.84,8.0,3.22,3.0,0.24,8.0,75.0,2324
0.0,0.3,0.3,0,0,3,0.5,9.0,0,0,6.0,0.07,0.1,0.1,0.07,0.0,0.0,0.0,0.64,1.0,1.28,0.0,0.0,5.0,19.0,1819
1.0,0.7,0.7,0,0,2,1.4,5.0,0,0,8.0,0.06,0.12,0.12,0.06,1.0,0.0,0.0,0.17,0.0,0.67,0.0,0.0,0.0,12.0,1920
1.0,1.4,1.4,1,1,4,2.0,7.0,1,2,15.0,0.1,0.14,0.14,0.1,0.0,0.15,0.07,0.29,1.0,1.1,0.0,0.15,1.0,28.0,2021
2.0,0.6,0.6,3,3,6,2.6,46.0,3,5,15.0,0.02,0.1,0.1,0.02,3.0,0.19,0.11,0.23,2.0,0.57,2.0,0.19,11.0,119.0,2021
0.0,1.1,1.1,2,2,3,2.9,54.0,2,5,23.0,0.04,0.1,0.1,0.04,1.0,0.17,0.07,0.1,3.0,0.77,2.0,0.17,8.0,129.0,2122
0.0,0.3,0.3,0,0,1,1.9,18.0,0,1,5.0,0.02,0.12,0.12,0.02,0.0,0.06,0.0,0.06,2.0,0.3,1.0,0.06,6.0,76.0,2223
0.0,0.2,0.2,0,0,1,0.8,14.0,0,0,2.0,0.02,0.11,0.11,0.02,2.0,0.0,0.0,0.13,0.0,0.27,0.0,0.0,5.0,38.0,2324
15.0,10.6,8.3,10,10,18,12.3,105.0,8,15,63.0,0.7,0.96,0.81,0.55,2.0,0.99,0.66,1.19,20.0,4.16,4.0,0.86,10.0,114.0,1920
8.0,16.2,11.9,15,15,34,13.7,144.0,12,17,75.0,0.98,1.08,0.82,0.72,2.0,1.02,0.9,2.05,40.0,4.52,16.0,0.84,11.0,116.0,2021
1.0,7.2,6.4,8,8,18,8.5,89.0,8,10,50.0,0.64,0.82,0.75,0.57,0.0,0.89,0.71,1.59,19.0,4.43,6.0,0.89,5.0,99.0,2122
1.0,1.6,1.6,1,1,4,2.7,26.0,1,2,16.0,0.09,0.14,0.14,0.09,2.0,0.11,0.05,0.21,0.0,0.85,2.0,0.11,0.0,5.0,1819
0.0,1.0,1.0,1,1,3,1.8,15.0,1,3,10.0,0.06,0.11,0.11,0.06,0.0,0.19,0.06,0.19,0.0,0.63,2.0,0.19,0.0,2.0,1920
1.0,9.6,9.6,6,6,20,13.4,102.0,6,9,66.0,0.53,0.74,0.74,0.53,1.0,0.5,0.33,1.11,10.0,3.65,10.0,0.5,6.0,100.0,1819
1.0,4.5,4.5,1,1,10,5.8,73.0,1,2,30.0,0.36,0.45,0.45,0.36,0.0,0.16,0.08,0.78,7.0,2.35,4.0,0.16,4.0,69.0,1920
1.0,2.4,2.4,1,1,6,3.0,38.0,1,1,14.0,0.29,0.37,0.37,0.29,0.0,0.12,0.12,0.74,5.0,1.72,2.0,0.12,2.0,52.0,2021
6.0,1.0,1.0,2,2,7,4.7,50.0,2,5,22.0,0.06,0.28,0.28,0.06,2.0,0.3,0.12,0.42,3.0,1.33,2.0,0.3,15.0,166.0,1819
8.0,4.0,4.0,6,6,14,8.0,67.0,6,8,40.0,0.2,0.4,0.4,0.2,4.0,0.39,0.3,0.69,8.0,1.97,6.0,0.39,24.0,121.0,1920
4.0,5.2,4.5,3,3,14,9.9,81.0,3,9,45.0,0.22,0.44,0.41,0.19,1.0,0.37,0.12,0.58,14.0,1.87,3.0,0.37,16.0,202.0,2122
7.0,4.3,4.3,4,4,19,9.0,117.0,4,5,56.0,0.17,0.35,0.35,0.17,3.0,0.2,0.16,0.74,19.0,2.19,5.0,0.2,35.0,249.0,2223
6.0,5.2,4.4,7,7,11,8.1,74.0,6,10,31.0,0.29,0.5,0.46,0.25,7.0,0.57,0.4,0.62,12.0,1.75,2.0,0.51,23.0,143.0,2324
1.0,0.8,0.8,2,2,8,1.8,19.0,2,3,17.0,0.07,0.16,0.16,0.07,1.0,0.26,0.18,0.71,0.0,1.5,2.0,0.26,7.0,32.0,2122
3.0,3.0,1.5,3,3,6,2.7,26.0,2,5,19.0,0.13,0.19,0.12,0.06,0.0,0.22,0.13,0.26,2.0,0.83,4.0,0.18,2.0,44.0,2122
0.0,2.7,1.9,3,3,8,3.4,25.0,2,3,16.0,0.15,0.24,0.2,0.11,1.0,0.17,0.17,0.46,0.0,0.91,0.0,0.11,3.0,26.0,2223
0.0,2.7,2.7,0,0,8,5.3,88.0,0,4,24.0,0.11,0.21,0.21,0.11,2.0,0.16,0.0,0.32,4.0,0.95,4.0,0.16,35.0,178.0,1920
5.0,0.9,0.9,0,0,3,3.7,40.0,0,2,11.0,0.05,0.19,0.19,0.05,3.0,0.1,0.0,0.15,0.0,0.55,0.0,0.1,16.0,85.0,2021
0.0,3.8,3.8,5,5,8,5.7,69.0,5,8,27.0,0.14,0.21,0.21,0.14,3.0,0.3,0.19,0.3,3.0,1.01,4.0,0.3,25.0,175.0,2122
0.0,1.1,1.1,2,2,4,2.3,29.0,2,2,8.0,0.1,0.2,0.2,0.1,1.0,0.17,0.17,0.35,2.0,0.7,1.0,0.17,10.0,83.0,2324
5.0,5.3,5.3,7,7,23,9.9,154.0,7,11,68.0,0.16,0.3,0.3,0.16,5.0,0.33,0.21,0.69,11.0,2.04,5.0,0.33,58.0,293.0,2122
6.0,3.6,3.6,5,5,21,9.3,118.0,5,10,52.0,0.11,0.29,0.29,0.11,1.0,0.31,0.16,0.66,12.0,1.63,6.0,0.31,45.0,293.0,2223
4.0,6.2,6.2,6,6,17,9.2,101.0,6,7,45.0,0.22,0.33,0.33,0.22,5.0,0.25,0.22,0.62,25.0,1.64,4.0,0.25,22.0,252.0,2324
2.0,1.0,1.0,0,0,3,1.3,14.0,0,0,13.0,0.05,0.07,0.07,0.05,3.0,0.0,0.0,0.17,0.0,0.72,0.0,0.0,1.0,0.0,1920
6.0,6.1,6.1,5,5,16,6.4,54.0,5,5,35.0,0.59,0.61,0.61,0.59,1.0,0.48,0.48,1.53,20.0,3.35,1.0,0.48,10.0,82.0,1819
12.0,6.3,6.3,6,6,13,7.0,65.0,6,7,30.0,0.52,0.58,0.58,0.52,2.0,0.58,0.5,1.08,14.0,2.49,0.0,0.58,17.0,79.0,1819
11.0,16.0,13.6,12,12,27,18.5,120.0,10,14,66.0,0.69,0.89,0.79,0.59,9.0,0.6,0.51,1.16,37.0,2.83,10.0,0.51,14.0,139.0,1920
9.0,10.7,9.9,11,11,23,15.0,130.0,10,20,55.0,0.48,0.7,0.67,0.44,4.0,0.89,0.49,1.03,19.0,2.46,8.0,0.85,21.0,159.0,2021
13.0,8.8,8.1,9,9,24,14.6,127.0,8,13,60.0,0.35,0.6,0.57,0.32,2.0,0.51,0.35,0.94,20.0,2.35,5.0,0.47,24.0,154.0,2122
15.0,11.9,11.9,13,13,32,13.8,105.0,13,15,71.0,0.56,0.66,0.66,0.56,3.0,0.71,0.62,1.52,26.0,3.36,5.0,0.71,16.0,102.0,2223
5.0,13.8,12.9,15,15,33,14.6,123.0,15,18,66.0,0.65,0.73,0.69,0.61,0.0,0.85,0.71,1.56,33.0,3.12,4.0,0.85,17.0,88.0,2324
1.0,7.3,4.9,7,7,25,7.6,117.0,5,9,64.0,0.3,0.42,0.32,0.21,2.0,0.38,0.29,1.04,11.0,2.67,5.0,0.29,14.0,104.0,2122
0.0,1.8,1.8,1,1,7,4.2,29.0,1,3,22.0,0.21,0.5,0.5,0.21,0.0,0.36,0.12,0.83,7.0,2.62,3.0,0.36,0.0,22.0,2223
1.0,0.6,0.6,2,2,2,1.1,27.0,2,2,3.0,0.06,0.12,0.12,0.06,2.0,0.22,0.22,0.22,1.0,0.33,0.0,0.22,8.0,64.0,2021
0.0,1.3,1.3,1,1,2,4.7,55.0,1,3,4.0,0.07,0.24,0.24,0.07,0.0,0.16,0.05,0.1,1.0,0.21,0.0,0.16,17.0,136.0,2122
1.0,0.0,0.0,0,0,1,0.2,0.0,0,0,2.0,0.03,0.19,0.19,0.03,4.0,0.0,0.0,0.82,0.0,1.64,0.0,0.0,0.0,15.0,2021
5.0,2.2,2.2,3,3,11,6.8,100.0,3,5,32.0,0.1,0.32,0.32,0.1,6.0,0.23,0.14,0.52,11.0,1.5,5.0,0.23,26.0,151.0,1819
9.0,6.4,6.4,5,5,16,11.1,134.0,5,11,43.0,0.28,0.48,0.48,0.28,8.0,0.48,0.22,0.7,9.0,1.88,4.0,0.48,33.0,141.0,1920
12.0,7.8,7.7,9,9,23,13.4,147.0,9,17,52.0,0.29,0.51,0.51,0.29,5.0,0.64,0.34,0.87,13.0,1.96,5.0,0.64,33.0,186.0,2021
9.0,7.3,7.3,12,12,23,11.0,130.0,12,17,50.0,0.35,0.53,0.53,0.35,1.0,0.82,0.58,1.12,10.0,2.42,4.0,0.82,20.0,149.0,2122
9.0,7.1,7.1,9,9,18,10.7,119.0,9,10,43.0,0.44,0.66,0.66,0.44,2.0,0.62,0.56,1.11,14.0,2.66,6.0,0.62,24.0,142.0,2223
4.0,7.9,7.1,9,9,19,10.8,129.0,8,11,42.0,0.47,0.68,0.63,0.42,1.0,0.65,0.53,1.12,17.0,2.47,3.0,0.59,26.0,128.0,2324
8.0,8.7,8.7,12,12,30,16.5,136.0,12,23,97.0,0.34,0.64,0.64,0.34,14.0,0.89,0.46,1.16,6.0,3.76,6.0,0.89,35.0,277.0,1819
4.0,8.3,6.7,8,8,22,21.2,117.0,7,22,72.0,0.37,1.02,0.95,0.3,9.0,0.99,0.36,0.99,6.0,3.24,4.0,0.95,38.0,275.0,1920
5.0,4.7,4.7,4,4,17,15.9,84.0,4,13,60.0,0.23,0.77,0.77,0.23,7.0,0.63,0.19,0.83,8.0,2.91,7.0,0.63,24.0,219.0,2021
1.0,1.3,0.5,1,1,1,3.2,5.0,0,2,14.0,0.09,0.26,0.21,0.04,1.0,0.13,0.07,0.07,1.0,0.93,1.0,0.07,0.0,22.0,2021
10.0,8.1,8.1,8,8,21,12.0,93.0,8,11,67.0,0.4,0.59,0.59,0.4,3.0,0.54,0.4,1.04,35.0,3.32,7.0,0.54,20.0,140.0,1819
5.0,7.5,6.6,10,10,22,9.1,83.0,9,13,52.0,0.48,0.64,0.58,0.42,0.0,0.83,0.64,1.41,29.0,3.33,5.0,0.77,15.0,106.0,1920
4.0,5.7,4.1,5,5,12,4.7,57.0,4,5,36.0,0.37,0.41,0.31,0.27,2.0,0.33,0.33,0.79,12.0,2.36,4.0,0.26,10.0,94.0,2021
1.0,3.9,3.9,4,4,11,4.8,62.0,4,6,29.0,0.23,0.28,0.28,0.23,0.0,0.35,0.23,0.64,17.0,1.69,4.0,0.35,5.0,85.0,2122
1.0,0.7,0.7,1,1,3,1.2,25.0,1,1,10.0,0.03,0.06,0.06,0.03,0.0,0.05,0.05,0.15,0.0,0.49,1.0,0.05,0.0,2.0,2021
0.0,0.4,0.4,1,1,2,0.5,7.0,1,1,5.0,0.07,0.08,0.08,0.07,0.0,0.17,0.17,0.34,0.0,0.85,0.0,0.17,0.0,0.0,2223
1.0,1.1,1.1,1,1,3,1.1,15.0,1,1,12.0,0.08,0.08,0.08,0.08,2.0,0.08,0.08,0.24,0.0,0.95,0.0,0.08,1.0,5.0,2021
0.0,2.4,2.4,5,5,8,2.9,31.0,5,5,22.0,0.08,0.1,0.1,0.08,0.0,0.17,0.17,0.27,1.0,0.73,0.0,0.17,1.0,16.0,2223
1.0,0.1,0.1,0,0,2,0.1,3.0,0,0,2.0,0.02,0.02,0.02,0.02,1.0,0.0,0.0,0.36,2.0,0.36,0.0,0.0,0.0,2.0,2324
6.0,2.0,2.0,1,1,10,4.2,46.0,1,2,36.0,0.08,0.17,0.17,0.08,1.0,0.08,0.04,0.41,0.0,1.46,7.0,0.08,11.0,62.0,2223
4.0,3.5,3.5,6,6,11,4.9,41.0,6,7,38.0,0.11,0.15,0.15,0.11,1.0,0.22,0.19,0.35,0.0,1.19,0.0,0.22,7.0,50.0,2324
0.0,1.0,1.0,0,0,3,2.5,15.0,0,2,8.0,0.11,0.29,0.29,0.11,0.0,0.23,0.0,0.34,1.0,0.92,0.0,0.23,0.0,36.0,1819
0.0,1.1,1.1,1,1,1,1.9,6.0,1,2,5.0,0.07,0.11,0.11,0.07,0.0,0.12,0.06,0.06,0.0,0.31,1.0,0.12,0.0,2.0,2122
2.0,1.2,1.2,0,0,3,2.0,17.0,0,0,9.0,0.06,0.1,0.1,0.06,0.0,0.0,0.0,0.15,0.0,0.46,1.0,0.0,1.0,2.0,2223
1.0,5.5,5.5,5,5,10,7.0,55.0,5,6,35.0,0.24,0.3,0.3,0.24,1.0,0.26,0.22,0.43,8.0,1.51,4.0,0.26,15.0,115.0,2021
2.0,3.3,3.3,4,4,11,5.2,56.0,4,6,29.0,0.31,0.48,0.48,0.31,1.0,0.55,0.37,1.02,1.0,2.68,4.0,0.55,15.0,95.0,1819
1.0,2.9,2.9,2,2,8,4.0,29.0,2,3,29.0,0.22,0.3,0.3,0.22,0.0,0.22,0.15,0.59,1.0,2.15,4.0,0.22,12.0,84.0,1920
5.0,1.1,1.1,1,1,9,2.1,22.0,1,1,21.0,0.14,0.26,0.26,0.14,2.0,0.13,0.13,1.13,0.0,2.64,2.0,0.13,4.0,49.0,2021
6.0,3.1,3.1,5,5,12,4.8,49.0,5,7,21.0,0.27,0.42,0.42,0.27,0.0,0.62,0.44,1.06,5.0,1.86,0.0,0.62,13.0,90.0,2122
2.0,5.3,5.3,6,6,23,6.7,108.0,6,6,47.0,0.26,0.33,0.33,0.26,0.0,0.29,0.29,1.12,8.0,2.29,8.0,0.29,28.0,162.0,2223
1.0,0.3,0.3,1,1,3,0.5,3.0,1,1,8.0,0.03,0.03,0.03,0.03,1.0,0.08,0.08,0.23,0.0,0.61,1.0,0.08,0.0,4.0,2021
3.0,0.5,0.5,1,1,5,1.1,15.0,1,2,14.0,0.02,0.04,0.04,0.02,0.0,0.08,0.04,0.2,0.0,0.55,3.0,0.08,2.0,29.0,2122
1.0,2.6,2.6,3,3,12,3.8,24.0,3,3,26.0,0.12,0.18,0.18,0.12,1.0,0.14,0.14,0.55,0.0,1.2,4.0,0.14,10.0,72.0,2223
2.0,1.1,1.1,0,0,3,3.2,21.0,0,3,10.0,0.07,0.2,0.2,0.07,3.0,0.19,0.0,0.19,0.0,0.64,0.0,0.19,2.0,82.0,2021
3.0,0.7,0.7,2,2,5,2.0,23.0,2,5,14.0,0.06,0.18,0.18,0.06,1.0,0.45,0.18,0.45,2.0,1.25,0.0,0.45,5.0,52.0,2122
0.0,2.6,2.6,3,3,7,5.9,55.0,3,4,22.0,0.11,0.25,0.25,0.11,1.0,0.17,0.13,0.29,7.0,0.93,3.0,0.17,6.0,156.0,2223
1.0,0.6,0.6,0,0,1,0.6,6.0,0,0,4.0,0.12,0.12,0.12,0.12,0.0,0.0,0.0,0.19,0.0,0.74,1.0,0.0,0.0,0.0,1920
2.0,0.8,0.8,1,1,3,0.9,15.0,1,1,7.0,0.03,0.04,0.04,0.03,0.0,0.04,0.04,0.13,2.0,0.31,2.0,0.04,0.0,3.0,2021
0.0,0.4,0.4,0,0,5,4.4,25.0,0,5,9.0,0.02,0.2,0.2,0.02,0.0,0.23,0.0,0.23,0.0,0.41,1.0,0.23,3.0,104.0,1819
0.0,0.3,0.3,0,0,1,1.2,7.0,0,1,2.0,0.03,0.12,0.12,0.03,0.0,0.1,0.0,0.1,1.0,0.2,0.0,0.1,0.0,40.0,2122
4.0,2.6,2.6,2,2,13,6.5,43.0,2,4,28.0,0.08,0.2,0.2,0.08,6.0,0.12,0.06,0.39,1.0,0.84,1.0,0.12,9.0,134.0,2324
5.0,4.2,4.2,4,4,12,6.9,45.0,4,6,39.0,0.15,0.25,0.25,0.15,5.0,0.22,0.14,0.43,5.0,1.4,2.0,0.22,6.0,104.0,1920
1.0,4.8,4.8,5,5,10,6.9,59.0,5,10,40.0,0.17,0.25,0.25,0.17,1.0,0.36,0.18,0.36,3.0,1.43,2.0,0.36,6.0,109.0,2021
0.0,4.8,3.2,9,9,26,6.2,53.0,7,11,60.0,0.23,0.36,0.29,0.15,0.0,0.52,0.42,1.22,1.0,2.82,4.0,0.42,15.0,111.0,1920
0.0,0.5,0.5,0,0,2,1.6,23.0,0,0,10.0,0.09,0.28,0.28,0.09,1.0,0.0,0.0,0.35,0.0,1.76,1.0,0.0,7.0,48.0,2021
0.0,1.0,1.0,0,0,8,1.9,11.0,0,1,26.0,0.09,0.18,0.18,0.09,0.0,0.1,0.0,0.76,1.0,2.48,4.0,0.1,4.0,31.0,2122
2.0,0.6,0.6,0,0,1,1.4,14.0,0,0,14.0,0.13,0.3,0.3,0.13,0.0,0.0,0.0,0.22,1.0,3.02,0.0,0.0,4.0,39.0,2122
2.0,3.6,3.6,2,2,17,5.9,24.0,2,2,43.0,0.18,0.3,0.3,0.18,1.0,0.1,0.1,0.86,2.0,2.18,6.0,0.1,6.0,37.0,2223
1.0,1.5,1.5,2,2,9,3.6,30.0,2,3,34.0,0.14,0.34,0.34,0.14,4.0,0.28,0.19,0.84,1.0,3.16,2.0,0.28,4.0,48.0,2324
3.0,3.3,0.9,3,3,6,5.9,51.0,0,12,20.0,0.15,0.37,0.26,0.04,4.0,0.54,0.13,0.27,4.0,0.9,3.0,0.4,16.0,96.0,2122
0.0,3.4,1.8,3,3,6,5.1,72.0,2,7,23.0,0.14,0.28,0.21,0.08,0.0,0.29,0.13,0.25,5.0,0.97,3.0,0.25,13.0,110.0,2223
1.0,0.9,0.9,0,0,3,2.2,51.0,0,0,18.0,0.06,0.14,0.14,0.06,0.0,0.0,0.0,0.2,3.0,1.17,3.0,0.0,10.0,81.0,2324
1.0,0.5,0.5,0,0,1,1.4,17.0,0,0,13.0,0.02,0.05,0.05,0.02,0.0,0.0,0.0,0.04,1.0,0.46,1.0,0.0,1.0,17.0,2223
0.0,1.7,1.7,1,1,7,2.2,18.0,1,1,15.0,0.06,0.07,0.07,0.06,0.0,0.03,0.03,0.23,0.0,0.5,2.0,0.03,1.0,11.0,2324
0.0,1.3,1.3,1,1,2,4.6,51.0,1,3,9.0,0.05,0.17,0.17,0.05,1.0,0.11,0.04,0.07,9.0,0.33,1.0,0.11,5.0,200.0,1819
1.0,1.8,1.8,1,1,5,3.5,25.0,1,3,6.0,0.11,0.21,0.21,0.11,2.0,0.18,0.06,0.3,2.0,0.36,0.0,0.18,7.0,107.0,2021
1.0,0.3,0.3,1,1,3,2.4,20.0,1,3,3.0,0.01,0.13,0.13,0.01,6.0,0.16,0.05,0.16,3.0,0.16,0.0,0.16,0.0,91.0,2122
1.0,0.4,0.4,1,1,2,4.0,34.0,1,7,4.0,0.01,0.13,0.13,0.01,5.0,0.22,0.03,0.06,2.0,0.13,1.0,0.22,8.0,153.0,2223
0.0,0.6,0.6,1,1,2,3.7,34.0,1,6,5.0,0.03,0.15,0.15,0.03,4.0,0.24,0.04,0.08,5.0,0.2,0.0,0.24,6.0,125.0,2324
2.0,0.2,0.2,0,0,1,0.3,7.0,0,0,4.0,0.03,0.04,0.04,0.03,0.0,0.0,0.0,0.13,2.0,0.5,0.0,0.0,2.0,5.0,1920
2.0,4.1,4.1,6,6,11,8.4,46.0,6,9,43.0,0.17,0.35,0.35,0.17,1.0,0.38,0.25,0.46,0.0,1.81,4.0,0.38,5.0,91.0,1819
13.0,4.0,2.4,2,2,6,4.5,41.0,1,3,31.0,0.18,0.27,0.2,0.11,2.0,0.13,0.09,0.27,2.0,1.38,3.0,0.09,5.0,56.0,1920
8.0,9.0,7.4,13,13,21,10.9,79.0,12,15,52.0,0.4,0.55,0.48,0.33,4.0,0.67,0.58,0.93,1.0,2.31,6.0,0.62,10.0,92.0,2021
8.0,9.0,9.0,8,8,18,13.9,82.0,8,12,55.0,0.44,0.67,0.67,0.44,4.0,0.58,0.39,0.87,2.0,2.67,3.0,0.58,13.0,107.0,2122
5.0,7.5,6.7,8,8,20,10.0,88.0,8,12,53.0,0.29,0.41,0.38,0.26,9.0,0.46,0.31,0.76,6.0,2.03,4.0,0.46,7.0,124.0,2223
1.0,7.3,5.7,5,5,15,16.0,77.0,4,14,41.0,0.22,0.53,0.48,0.17,6.0,0.42,0.15,0.45,6.0,1.23,2.0,0.39,9.0,116.0,2324
0.0,0.3,0.3,1,1,3,2.6,20.0,1,4,7.0,0.01,0.11,0.11,0.01,0.0,0.17,0.04,0.13,0.0,0.3,0.0,0.17,1.0,53.0,1920
0.0,0.0,0.0,0,0,1,1.4,3.0,0,2,2.0,0.0,0.17,0.17,0.0,1.0,0.25,0.0,0.12,1.0,0.25,0.0,0.25,0.0,48.0,1819
0.0,0.1,0.1,1,1,1,0.8,7.0,1,1,4.0,0.0,0.03,0.03,0.0,3.0,0.04,0.04,0.04,0.0,0.16,0.0,0.04,1.0,26.0,1920
0.0,0.1,0.1,0,0,1,0.1,2.0,0,0,2.0,0.01,0.01,0.01,0.01,0.0,0.0,0.0,0.16,0.0,0.32,0.0,0.0,0.0,7.0,2122
